datum,era5_max,rh_gem,bewolking_gem,wind_max,instraling_som,neerslag_som,station_max
2000-01-01,3.8,70,37,4.8,5.65,0.0,4.0
2000-01-02,5.8,84,50,4.7,5.35,0.0,5.0
2000-01-03,6.7,89,41,6.8,6.09,0.0,9.0
2000-01-04,7.0,89,48,6.1,5.9,0.0,11.0
2000-01-05,7.9,89,51,6.9,5.93,0.0,9.0
2000-01-06,7.8,87,88,8.3,5.19,0.0,10.0
2000-01-07,7.6,90,54,5.8,5.61,0.0,9.0
2000-01-08,6.0,89,41,7.2,5.8,0.0,8.0
2000-01-09,5.2,89,90,6.2,4.32,0.0,6.0
2000-01-10,6.2,89,76,6.1,4.92,0.0,6.0
2000-01-11,5.1,90,59,4.7,3.77,0.0,6.0
2000-01-12,3.9,90,59,5.1,3.04,0.0,3.0
2000-01-13,2.3,82,80,5.6,3.28,0.0,3.0
2000-01-14,4.1,81,71,7.6,4.94,0.0,3.0
2000-01-15,8.2,85,66,7.6,6.58,0.1,9.0
2000-01-16,4.7,89,70,7.2,3.12,0.0,6.0
2000-01-17,8.5,83,48,14.4,6.17,0.0,9.0
2000-01-18,12.5,61,36,14.1,5.41,0.0,21.0
2000-01-19,9.3,54,1,13.6,7.79,0.0,12.0
2000-01-20,7.1,67,24,8.5,7.73,0.0,10.0
2000-01-21,9.8,69,2,13.0,7.82,0.0,12.0
2000-01-22,7.0,73,30,10.9,7.97,0.0,10.0
2000-01-23,8.5,70,41,12.4,8.11,0.0,12.0
2000-01-24,5.2,67,26,13.7,8.36,0.3,5.0
2000-01-25,0.2,50,69,6.9,5.03,0.2,2.0
2000-01-26,1.6,52,30,4.0,7.33,0.0,3.0
2000-01-27,5.2,78,36,5.5,7.86,0.0,7.0
2000-01-28,5.2,81,43,6.5,7.89,0.0,8.0
2000-01-29,3.5,83,84,5.1,4.2,0.0,4.0
2000-01-30,12.3,84,50,9.2,6.06,0.2,15.0
2000-01-31,12.1,83,15,7.9,8.52,0.0,14.0
2000-02-01,9.6,92,64,6.6,7.26,0.0,10.0
2000-02-02,8.5,93,96,4.4,2.7,0.4,9.0
2000-02-03,14.6,69,14,13.1,9.44,0.0,14.0
2000-02-04,11.4,68,8,11.7,9.49,0.0,7.0
2000-02-05,10.9,83,45,5.1,9.08,0.0,10.3
2000-02-06,11.0,83,46,4.6,8.24,0.0,11.0
2000-02-07,11.1,86,77,7.0,7.62,0.0,14.0
2000-02-08,11.0,90,88,4.6,6.9,0.0,11.0
2000-02-09,12.4,66,30,16.1,10.02,0.2,16.0
2000-02-10,11.0,59,15,12.4,10.92,0.0,14.0
2000-02-11,8.0,74,97,6.9,4.64,0.5,9.0
2000-02-12,10.6,74,33,7.1,10.74,0.0,12.0
2000-02-13,11.2,70,17,6.8,10.17,0.0,13.0
2000-02-14,14.5,71,3,8.9,11.61,0.0,14.0
2000-02-15,11.3,81,40,6.6,10.83,0.0,11.0
2000-02-16,8.6,88,79,11.2,5.76,3.5,9.0
2000-02-17,8.6,49,54,13.2,11.13,0.0,10.0
2000-02-18,8.3,53,53,9.4,9.67,0.0,11.0
2000-02-19,11.7,67,7,8.1,12.3,0.0,14.0
2000-02-20,10.7,45,28,21.0,13.11,0.0,14.0
2000-02-21,9.8,42,13,13.2,13.27,0.0,11.0
2000-02-22,8.0,64,33,7.1,11.82,0.0,9.0
2000-02-23,7.7,71,36,8.0,11.87,0.0,9.0
2000-02-24,9.0,76,25,7.4,11.97,0.0,10.3
2000-02-25,11.0,79,34,7.2,12.09,0.0,12.0
2000-02-26,11.8,84,46,7.1,11.27,0.0,12.0
2000-02-27,12.1,82,54,4.5,7.55,0.0,12.0
2000-02-28,10.8,78,53,6.1,6.4,0.0,12.0
2000-02-29,9.9,85,93,7.2,5.14,6.0,8.1
2000-03-01,9.4,90,89,10.7,5.47,6.7,8.0
2000-03-02,11.6,40,16,23.0,15.54,0.0,14.0
2000-03-03,11.8,58,49,8.0,13.83,0.0,13.0
2000-03-04,14.5,60,37,17.8,14.48,0.0,16.0
2000-03-05,10.8,36,0,17.9,15.38,0.0,14.0
2000-03-06,10.6,61,22,6.6,15.19,0.0,13.0
2000-03-07,12.3,71,33,6.8,14.93,0.0,15.0
2000-03-08,15.8,74,20,7.4,15.24,0.0,17.0
2000-03-09,20.5,72,30,9.7,15.83,0.0,23.0
2000-03-10,21.2,62,14,12.0,16.37,0.0,24.0
2000-03-11,17.8,71,12,9.4,16.09,0.0,19.0
2000-03-12,15.9,77,33,8.1,14.21,0.0,17.0
2000-03-13,16.0,68,13,7.9,15.25,0.0,18.0
2000-03-14,16.8,70,30,6.5,16.39,0.0,18.0
2000-03-15,15.8,54,23,22.5,17.1,0.0,19.0
2000-03-16,17.9,40,2,17.0,17.17,0.0,22.0
2000-03-17,19.4,43,35,17.4,17.77,0.0,22.0
2000-03-18,18.8,46,26,12.2,17.91,0.0,14.0
2000-03-19,15.7,61,36,12.4,17.36,0.3,16.0
2000-03-20,11.8,56,58,19.2,14.68,1.1,13.0
2000-03-21,15.0,53,30,6.9,18.79,0.0,16.0
2000-03-22,16.6,56,0,6.5,19.18,0.0,18.0
2000-03-23,16.9,53,59,7.8,17.19,0.0,16.0
2000-03-24,12.7,74,97,5.4,5.62,1.6,11.0
2000-03-25,15.8,77,54,6.1,14.9,3.5,15.0
2000-03-26,12.0,90,94,6.7,4.85,29.4,11.0
2000-03-27,11.7,77,97,8.2,12.82,1.5,10.0
2000-03-28,11.7,74,63,7.7,15.1,5.5,12.0
2000-03-29,9.8,85,93,10.7,10.19,29.7,10.0
2000-03-30,13.1,77,48,8.0,20.59,0.0,14.0
2000-03-31,14.0,68,55,9.8,18.31,3.5,15.0
2000-04-01,14.6,73,54,7.5,20.2,3.9,14.0
2000-04-02,12.5,77,73,7.2,13.72,1.1,14.0
2000-04-03,9.1,88,100,9.2,3.36,22.0,9.0
2000-04-04,10.6,90,96,7.4,5.09,14.6,10.0
2000-04-05,17.1,73,35,8.3,19.19,0.0,18.0
2000-04-06,16.8,72,37,7.2,20.09,0.3,18.0
2000-04-07,13.7,65,32,9.4,19.43,2.0,15.0
2000-04-08,16.4,65,6,7.8,23.0,0.0,18.0
2000-04-09,13.5,68,95,9.2,14.6,2.6,15.0
2000-04-10,12.5,73,88,5.9,11.93,2.9,11.0
2000-04-11,12.0,78,82,7.4,8.77,0.1,13.0
2000-04-12,15.4,84,80,11.4,8.49,17.2,16.0
2000-04-13,16.2,79,86,11.2,11.16,8.4,15.0
2000-04-14,15.5,82,84,9.2,10.41,11.3,17.0
2000-04-15,14.2,90,93,8.9,6.73,23.1,16.0
2000-04-16,13.7,84,92,8.7,7.82,7.2,15.0
2000-04-17,9.6,88,100,13.0,2.09,37.9,9.0
2000-04-18,10.2,84,100,13.7,2.99,26.0,10.0
2000-04-19,19.6,69,50,8.7,20.87,0.3,22.0
2000-04-20,22.0,58,11,11.2,22.37,0.0,24.0
2000-04-21,23.8,64,37,10.5,24.74,0.0,26.0
2000-04-22,22.8,66,18,7.2,24.03,0.0,24.0
2000-04-23,20.4,71,74,9.0,16.06,4.3,21.0
2000-04-24,19.1,71,68,7.6,19.51,20.1,19.0
2000-04-25,20.4,67,5,7.2,25.21,0.0,22.0
2000-04-26,20.4,69,39,7.2,23.12,0.0,22.0
2000-04-27,21.2,69,87,8.3,18.83,0.0,22.0
2000-04-28,15.6,87,97,9.5,4.6,24.9,16.0
2000-04-29,15.3,88,99,8.8,5.54,22.5,14.0
2000-04-30,21.2,70,53,8.8,19.32,0.0,22.0
2000-05-01,23.4,68,16,9.3,25.11,0.0,25.0
2000-05-02,21.6,77,50,10.5,19.56,2.5,23.0
2000-05-03,22.8,73,60,9.4,23.11,0.7,25.0
2000-05-04,21.9,74,53,7.6,20.84,2.4,24.0
2000-05-05,21.0,77,48,7.3,20.26,2.5,22.0
2000-05-06,18.5,83,93,8.4,11.38,7.7,18.0
2000-05-07,17.6,82,92,7.2,8.47,4.1,20.0
2000-05-08,20.1,83,73,7.6,15.3,12.9,20.0
2000-05-09,21.7,78,50,8.2,20.44,0.5,22.0
2000-05-10,21.9,84,74,7.6,17.07,1.6,23.0
2000-05-11,22.2,85,97,8.0,16.55,17.6,24.0
2000-05-12,22.0,82,72,6.2,20.21,13.6,23.0
2000-05-13,23.6,81,63,9.9,22.66,8.4,25.0
2000-05-14,22.7,76,40,8.6,22.81,3.5,24.0
2000-05-15,23.8,72,26,8.2,23.55,0.0,26.0
2000-05-16,25.0,71,43,7.7,26.24,0.0,26.0
2000-05-17,24.5,69,31,9.0,23.57,0.0,26.0
2000-05-18,21.7,78,74,12.4,16.48,16.8,23.0
2000-05-19,21.9,65,28,11.8,28.33,3.4,24.0
2000-05-20,21.7,66,35,11.4,26.72,0.5,24.0
2000-05-21,18.5,72,91,10.2,12.7,0.1,19.0
2000-05-22,22.7,66,34,8.2,28.19,3.9,25.0
2000-05-23,22.2,71,18,6.6,23.45,0.0,24.0
2000-05-24,22.2,67,55,5.9,17.06,0.0,22.0
2000-05-25,23.9,68,42,7.2,21.79,0.0,26.0
2000-05-26,23.6,71,53,8.4,19.67,0.1,25.0
2000-05-27,22.8,71,55,9.7,20.45,0.2,23.0
2000-05-28,21.3,85,87,10.2,13.13,11.1,22.0
2000-05-29,23.4,66,54,12.2,26.43,2.2,26.0
2000-05-30,17.0,64,68,12.7,11.85,3.7,20.0
2000-05-31,24.1,63,65,12.6,26.54,0.0,25.0
2000-06-01,23.7,60,50,10.1,23.66,0.0,25.0
2000-06-02,24.6,67,28,5.2,23.01,0.0,27.0
2000-06-03,26.8,69,45,7.3,24.33,0.0,28.0
2000-06-04,27.8,69,51,7.8,25.33,0.0,30.0
2000-06-05,27.3,65,29,8.3,25.65,0.9,29.0
2000-06-06,25.0,65,56,8.9,21.61,0.3,26.0
2000-06-07,25.2,53,25,14.2,27.02,0.0,27.0
2000-06-08,23.1,63,60,9.0,14.4,1.5,25.0
2000-06-09,26.4,62,17,8.7,24.23,0.0,29.0
2000-06-10,26.5,67,45,10.0,22.3,7.2,29.0
2000-06-11,20.5,85,95,9.0,6.92,24.0,20.0
2000-06-12,27.1,69,76,9.0,21.95,0.5,27.0
2000-06-13,23.7,76,85,11.2,18.27,5.6,26.0
2000-06-14,25.7,80,56,7.3,23.77,0.6,27.0
2000-06-15,28.2,69,28,12.6,25.77,0.0,30.0
2000-06-16,28.3,48,8,11.3,27.06,0.0,31.0
2000-06-17,25.3,60,7,10.7,27.18,0.0,27.0
2000-06-18,24.1,54,19,7.4,26.1,0.0,25.0
2000-06-19,27.4,65,5,7.2,28.96,0.0,28.0
2000-06-20,28.9,62,0,7.1,29.08,0.0,30.0
2000-06-21,28.8,55,2,8.0,29.12,0.0,29.0
2000-06-22,28.0,66,20,8.2,26.05,0.0,29.0
2000-06-23,26.9,72,45,8.1,22.35,6.7,27.0
2000-06-24,24.5,69,60,8.0,22.23,0.2,26.0
2000-06-25,25.5,42,23,15.5,28.39,0.0,27.0
2000-06-26,24.1,59,34,11.6,22.19,0.0,25.0
2000-06-27,25.9,61,35,6.0,21.13,0.0,27.0
2000-06-28,25.6,67,57,8.4,21.7,0.6,27.0
2000-06-29,26.3,66,42,7.5,26.62,0.0,27.0
2000-06-30,25.5,69,52,7.0,20.3,0.9,27.0
2000-07-01,25.3,70,71,4.9,14.28,2.0,27.0
2000-07-02,26.5,73,78,5.1,11.92,2.0,29.0
2000-07-03,27.3,71,62,8.6,18.04,0.3,28.0
2000-07-04,23.6,77,60,15.5,13.43,15.3,31.0
2000-07-05,28.7,56,18,9.1,25.88,0.0,31.0
2000-07-06,29.9,56,7,6.8,27.0,0.0,30.0
2000-07-07,29.1,60,50,10.0,17.64,0.5,30.0
2000-07-08,28.0,50,31,20.4,24.81,0.0,32.0
2000-07-09,25.8,34,34,12.6,26.48,0.0,27.0
2000-07-10,22.3,64,73,5.4,9.69,14.7,22.0
2000-07-11,22.3,78,74,11.4,19.36,48.4,24.0
2000-07-12,22.3,66,40,8.4,25.6,0.9,24.0
2000-07-13,22.5,50,43,12.6,27.44,0.0,25.0
2000-07-14,20.5,65,75,6.3,15.92,1.5,24.0
2000-07-15,22.2,56,32,13.8,25.52,0.2,26.0
2000-07-16,22.3,50,20,9.4,26.79,0.8,24.0
2000-07-17,22.3,60,25,7.9,23.03,0.0,25.0
2000-07-18,24.4,62,26,7.9,24.73,0.0,26.0
2000-07-19,25.9,67,26,5.1,24.3,0.0,27.0
2000-07-20,25.8,66,62,6.0,23.91,0.0,27.0
2000-07-21,26.7,62,17,6.6,25.06,0.0,27.0
2000-07-22,27.0,61,43,7.0,20.41,0.0,28.0
2000-07-23,26.1,64,78,9.2,13.59,2.8,25.0
2000-07-24,22.9,84,98,13.2,7.29,40.1,22.0
2000-07-25,24.1,78,78,6.6,17.47,17.8,26.0
2000-07-26,24.9,79,60,6.9,16.31,11.8,27.0
2000-07-27,26.8,72,40,7.2,23.14,0.0,29.0
2000-07-28,26.3,63,46,12.6,23.03,2.1,29.0
2000-07-29,26.2,44,13,13.6,25.42,0.5,27.0
2000-07-30,26.6,47,8,12.8,26.84,0.0,29.0
2000-07-31,27.3,58,14,6.6,23.68,0.0,28.0
2000-08-01,28.3,61,14,6.8,23.54,0.0,29.0
2000-08-02,29.4,63,44,8.6,21.26,0.0,28.0
2000-08-03,24.1,79,75,8.7,9.55,24.4,23.0
2000-08-04,19.5,90,93,8.0,7.23,39.1,20.0
2000-08-05,19.6,85,94,10.7,10.54,46.4,21.0
2000-08-06,21.8,83,72,7.1,18.09,5.9,23.0
2000-08-07,25.8,69,16,9.8,25.15,0.0,28.0
2000-08-08,26.4,74,37,7.6,22.82,0.0,29.0
2000-08-09,25.2,78,48,6.8,22.57,1.6,27.0
2000-08-10,26.4,81,40,7.2,21.17,0.0,28.0
2000-08-11,27.1,80,36,6.5,20.76,0.2,29.0
2000-08-12,26.1,81,68,8.7,16.47,3.4,29.0
2000-08-13,25.8,84,78,7.0,14.36,4.2,26.0
2000-08-14,29.1,75,35,8.4,23.45,0.0,29.2
2000-08-15,29.3,78,29,7.9,21.22,0.0,30.0
2000-08-16,29.4,74,28,8.1,21.54,0.0,31.0
2000-08-17,29.4,67,36,8.9,20.01,0.0,31.0
2000-08-18,28.4,71,67,9.8,16.57,0.0,31.0
2000-08-19,29.4,65,42,15.1,20.75,0.9,31.0
2000-08-20,30.1,66,14,8.3,22.51,0.0,32.0
2000-08-21,28.9,69,34,9.4,18.19,0.1,28.0
2000-08-22,28.9,64,14,8.4,21.35,0.0,30.0
2000-08-23,29.8,65,21,7.9,20.6,0.0,31.0
2000-08-24,30.8,67,32,7.0,21.96,0.0,31.0
2000-08-25,33.0,57,2,9.4,23.58,0.0,33.0
2000-08-26,30.5,61,33,8.6,21.82,0.0,31.0
2000-08-27,24.5,64,63,9.4,13.45,2.3,26.0
2000-08-28,26.1,66,43,7.1,21.07,0.0,27.0
2000-08-29,24.8,61,64,7.2,13.81,1.8,27.0
2000-08-30,20.8,81,82,6.5,6.81,9.7,23.0
2000-08-31,18.1,93,91,8.9,5.28,23.8,21.0
2000-09-01,25.5,73,3,7.3,21.26,0.0,27.0
2000-09-02,23.5,74,40,11.0,13.87,0.3,26.0
2000-09-03,22.9,55,40,12.1,19.61,0.1,27.0
2000-09-04,22.6,59,29,9.7,19.82,0.3,26.0
2000-09-05,23.0,60,1,7.4,21.71,0.0,25.0
2000-09-06,22.7,65,65,5.6,17.95,0.2,24.0
2000-09-07,25.4,56,47,16.3,19.81,0.0,27.0
2000-09-08,23.0,56,8,9.5,20.2,0.0,25.0
2000-09-09,24.1,64,2,6.5,19.51,0.0,25.0
2000-09-10,25.9,67,19,6.8,18.8,0.0,26.0
2000-09-11,26.3,66,42,6.5,17.28,0.0,27.0
2000-09-12,26.5,66,74,7.2,16.92,0.0,27.0
2000-09-13,26.6,67,58,7.2,15.94,0.0,27.0
2000-09-14,26.4,67,79,4.9,15.6,0.0,27.0
2000-09-15,26.0,69,55,5.8,11.43,0.0,27.0
2000-09-16,22.8,84,74,13.4,6.97,16.7,26.0
2000-09-17,24.9,62,18,12.5,19.12,0.0,26.0
2000-09-18,20.4,84,58,6.0,8.33,15.8,22.0
2000-09-19,21.1,88,69,7.6,9.24,20.5,22.0
2000-09-20,17.3,93,99,12.6,2.34,71.7,24.0
2000-09-21,21.2,70,56,11.7,13.5,49.0,23.0
2000-09-22,22.3,61,6,12.0,17.78,0.0,26.0
2000-09-23,21.5,76,3,6.6,16.33,0.0,23.0
2000-09-24,18.9,80,56,5.6,6.49,0.1,22.0
2000-09-25,21.0,78,58,5.1,14.52,0.0,23.0
2000-09-26,21.3,83,66,4.3,8.65,0.0,24.0
2000-09-27,21.8,83,56,6.5,9.96,0.0,24.0
2000-09-28,21.5,82,67,7.8,7.5,4.7,23.0
2000-09-29,19.7,89,86,9.5,6.2,20.7,21.2
2000-09-30,16.2,92,100,11.2,1.01,92.8,18.0
2000-10-01,17.1,92,99,9.1,4.13,20.4,17.0
2000-10-02,17.6,92,88,6.8,8.49,6.3,19.0
2000-10-03,20.6,68,53,12.6,15.17,0.2,23.0
2000-10-04,22.4,71,61,7.1,13.12,0.0,24.0
2000-10-05,20.5,79,59,4.9,9.36,0.1,22.0
2000-10-06,18.6,79,84,13.3,9.55,4.6,21.0
2000-10-07,17.8,42,8,14.1,15.56,0.0,20.0
2000-10-08,17.5,52,44,11.9,14.62,0.0,20.0
2000-10-09,17.7,75,54,7.2,12.46,0.0,20.0
2000-10-10,12.6,89,100,7.6,1.48,14.8,13.0
2000-10-11,12.9,95,100,15.0,1.1,60.3,13.0
2000-10-12,15.0,97,100,10.0,1.44,36.6,14.0
2000-10-13,18.4,93,100,13.9,2.35,66.0,20.0
2000-10-14,17.3,91,98,10.0,1.64,43.3,20.0
2000-10-15,16.0,90,99,11.0,1.29,64.5,16.0
2000-10-16,14.1,91,98,6.9,2.23,28.6,14.0
2000-10-17,17.1,83,72,7.3,10.07,6.1,16.0
2000-10-18,17.6,84,67,8.0,10.9,0.0,19.0
2000-10-19,15.9,87,67,5.9,8.45,0.0,18.0
2000-10-20,16.5,86,74,5.6,6.64,0.0,18.0
2000-10-21,15.1,85,80,5.9,2.83,0.2,18.0
2000-10-22,16.1,83,51,5.1,7.73,0.0,16.0
2000-10-23,17.1,85,34,6.8,11.0,0.0,18.0
2000-10-24,16.8,88,54,6.9,9.75,0.0,19.0
2000-10-25,14.5,92,96,4.6,1.5,0.3,17.0
2000-10-26,15.8,89,75,4.6,2.97,0.3,16.0
2000-10-27,17.6,89,55,6.9,10.38,0.0,18.0
2000-10-28,15.9,87,73,6.2,5.8,0.0,16.0
2000-10-29,14.2,89,79,5.6,3.84,0.4,15.0
2000-10-30,13.3,92,99,8.6,1.81,17.2,15.0
2000-10-31,14.5,95,99,19.2,1.4,56.2,15.0
2000-11-01,14.7,77,14,10.4,10.67,0.2,17.0
2000-11-02,12.5,90,90,9.0,3.25,15.4,12.0
2000-11-03,10.9,92,100,7.3,1.32,42.8,10.0
2000-11-04,14.3,78,46,8.9,9.81,15.5,15.0
2000-11-05,12.2,85,56,9.8,9.19,3.2,13.0
2000-11-06,8.6,92,100,13.7,0.5,73.7,9.0
2000-11-07,11.1,88,91,8.2,5.01,3.3,10.0
2000-11-08,10.0,88,95,7.9,2.91,6.4,11.0
2000-11-09,9.3,88,94,7.2,3.43,3.9,9.0
2000-11-10,10.5,83,53,4.6,6.35,0.7,12.0
2000-11-11,10.3,81,51,7.2,6.8,0.0,12.0
2000-11-12,7.8,83,99,5.6,1.3,5.8,8.0
2000-11-13,8.8,91,100,6.8,0.79,22.3,8.0
2000-11-14,10.8,96,96,7.2,0.87,37.5,9.0
2000-11-15,11.3,94,96,4.9,2.15,10.0,12.0
2000-11-16,9.4,92,96,7.1,2.69,13.2,9.0
2000-11-17,10.8,87,100,17.0,0.76,77.1,10.0
2000-11-18,11.6,70,64,12.7,6.89,0.9,14.0
2000-11-19,11.0,76,68,6.9,7.04,0.1,12.0
2000-11-20,6.6,92,95,8.3,1.01,10.7,8.0
2000-11-21,10.3,86,86,6.6,3.41,5.4,10.0
2000-11-22,10.3,86,87,6.5,5.0,0.0,12.0
2000-11-23,8.5,89,100,6.4,0.48,36.0,8.0
2000-11-24,8.8,89,100,8.6,0.79,36.1,8.0
2000-11-25,10.4,89,66,6.9,5.69,0.8,11.0
2000-11-26,9.1,88,62,10.0,4.17,0.0,11.0
2000-11-27,11.6,79,26,10.2,7.19,0.0,13.0
2000-11-28,10.8,75,59,6.7,6.74,0.0,14.0
2000-11-29,10.6,87,83,7.2,6.86,0.0,11.0
2000-11-30,10.8,92,70,6.5,5.77,0.0,13.0
2000-12-01,9.6,92,87,7.2,5.14,0.0,11.0
2000-12-02,8.9,93,100,3.3,0.8,8.9,8.0
2000-12-03,9.6,93,100,4.0,0.84,11.4,9.0
2000-12-04,11.6,89,88,5.8,2.04,0.0,12.0
2000-12-05,11.1,86,43,5.2,4.49,0.0,10.0
2000-12-06,8.4,89,99,3.9,1.07,2.1,8.0
2000-12-07,8.6,92,100,4.4,0.58,14.6,9.0
2000-12-08,9.7,93,100,4.0,0.58,28.2,9.0
2000-12-09,11.1,94,100,4.7,0.95,9.2,11.0
2000-12-10,11.5,89,77,4.7,4.49,4.7,12.0
2000-12-11,12.6,86,75,5.9,5.62,0.0,15.0
2000-12-12,9.8,93,95,4.7,4.13,0.0,11.0
2000-12-13,10.9,90,96,7.6,3.9,0.0,11.0
2000-12-14,8.6,91,99,6.4,1.85,2.6,9.0
2000-12-15,11.0,82,59,10.8,4.99,0.1,11.0
2000-12-16,9.7,67,2,10.0,6.49,0.0,13.0
2000-12-17,8.1,79,32,7.4,5.99,0.0,8.0
2000-12-18,7.0,85,66,8.3,6.06,0.0,9.0
2000-12-19,8.6,87,66,7.2,5.84,0.0,11.0
2000-12-20,5.6,87,91,7.6,1.16,0.4,6.0
2000-12-21,4.0,84,92,4.3,1.67,0.0,6.0
2000-12-22,5.2,89,60,7.7,5.98,0.0,6.0
2000-12-23,4.3,89,48,4.8,4.76,0.0,6.0
2000-12-24,1.8,96,91,4.1,1.97,4.5,-1.0
2000-12-25,1.2,98,100,4.0,1.63,12.8,1.0
2000-12-26,3.6,97,92,6.1,3.72,0.6,2.0
2000-12-27,5.0,95,100,6.8,2.54,0.0,4.0
2000-12-28,8.7,92,59,9.2,6.31,0.0,9.0
2000-12-29,4.7,90,92,9.2,1.42,9.3,5.0
2000-12-30,6.6,78,36,12.7,6.02,0.0,9.0
2000-12-31,6.7,57,27,14.2,6.68,0.0,10.0
2001-01-01,4.6,71,47,6.6,6.06,0.0,5.0
2001-01-02,2.1,91,89,5.8,0.74,12.6,1.0
2001-01-03,3.8,97,89,5.4,4.82,1.2,2.0
2001-01-04,3.8,96,95,7.8,1.02,8.9,3.0
2001-01-05,4.3,95,100,7.0,1.65,2.5,4.0
2001-01-06,6.1,93,100,5.5,0.91,19.3,5.0
2001-01-07,7.4,96,100,6.5,0.8,26.5,7.0
2001-01-08,9.0,92,88,8.2,4.83,1.8,7.0
2001-01-09,9.9,71,56,12.8,7.07,0.0,13.0
2001-01-10,6.3,82,99,8.6,1.81,2.1,8.0
2001-01-11,7.6,91,100,5.4,2.07,0.7,7.0
2001-01-12,8.7,92,99,4.7,2.72,1.9,8.0
2001-01-13,6.7,85,97,8.0,2.1,7.8,7.0
2001-01-14,2.0,64,79,5.8,3.1,0.4,2.0
2001-01-15,1.2,63,47,5.5,4.09,0.0,3.0
2001-01-16,2.3,63,33,3.4,6.61,0.0,3.0
2001-01-17,2.3,73,87,3.9,4.01,1.0,2.0
2001-01-18,3.3,88,93,3.6,3.83,0.6,3.0
2001-01-19,5.8,83,86,6.3,5.82,0.0,5.0
2001-01-20,7.7,83,56,8.7,6.48,0.0,7.0
2001-01-21,7.5,81,33,6.0,7.35,0.0,9.0
2001-01-22,6.0,85,93,6.1,4.86,0.7,7.0
2001-01-23,6.4,88,92,4.8,5.3,3.8,5.0
2001-01-24,5.4,94,100,5.1,0.72,16.1,5.0
2001-01-25,7.4,94,100,5.8,1.69,8.6,5.0
2001-01-26,8.4,91,94,6.0,5.23,1.7,7.0
2001-01-27,7.6,91,81,9.7,4.11,8.2,7.0
2001-01-28,7.0,84,78,7.9,5.68,0.0,7.0
2001-01-29,9.9,76,91,6.9,8.24,0.0,10.0
2001-01-30,9.3,68,61,13.5,7.42,0.0,10.0
2001-01-31,7.7,66,2,9.4,9.23,0.0,11.0
2001-02-01,6.6,54,4,16.9,9.84,0.0,9.0
2001-02-02,5.8,52,3,11.2,9.73,0.0,8.0
2001-02-03,6.4,72,69,5.9,8.01,0.1,7.0
2001-02-04,7.6,87,67,5.7,7.42,1.1,7.0
2001-02-05,9.8,82,73,4.8,7.55,1.0,9.0
2001-02-06,8.9,85,98,6.0,2.1,1.6,7.0
2001-02-07,10.1,93,100,5.8,1.59,11.0,8.0
2001-02-08,8.3,94,100,12.0,1.03,36.3,8.0
2001-02-09,10.3,88,91,8.6,5.45,7.3,8.0
2001-02-10,13.5,72,13,11.0,10.86,1.0,16.0
2001-02-11,13.4,76,27,7.2,10.8,0.0,17.0
2001-02-12,13.7,72,72,6.5,10.56,0.0,16.0
2001-02-13,14.1,71,45,5.4,10.92,0.0,16.0
2001-02-14,12.1,77,31,6.8,9.85,0.0,14.0
2001-02-15,11.0,74,34,5.7,7.99,0.0,13.0
2001-02-16,13.2,76,26,5.9,11.6,0.0,14.0
2001-02-17,11.5,83,37,7.6,10.74,2.2,12.0
2001-02-18,13.4,70,29,10.2,12.2,0.2,15.0
2001-02-19,12.5,74,67,9.7,12.37,0.0,13.0
2001-02-20,13.8,62,42,13.1,12.37,0.0,16.0
2001-02-21,12.2,63,12,10.6,12.81,0.0,13.0
2001-02-22,15.9,69,8,9.5,13.22,0.0,19.0
2001-02-23,14.3,67,32,7.6,11.05,0.0,18.0
2001-02-24,7.6,72,71,12.5,10.09,2.1,11.0
2001-02-25,4.7,71,93,5.8,9.04,2.3,6.0
2001-02-26,6.8,58,18,15.6,14.68,0.0,9.0
2001-02-27,4.3,74,66,8.9,6.08,4.7,4.0
2001-02-28,1.3,88,99,13.9,2.93,11.0,1.0
2001-03-01,3.8,88,84,5.8,10.52,0.0,6.0
2001-03-02,4.3,89,90,7.1,6.34,10.0,5.0
2001-03-03,9.0,82,86,6.5,11.12,5.9,7.0
2001-03-04,10.0,87,99,7.4,5.43,5.0,8.0
2001-03-05,16.6,78,48,6.2,14.71,1.9,14.0
2001-03-06,9.9,88,82,7.1,2.86,2.7,12.0
2001-03-07,9.6,86,99,4.7,4.39,0.0,10.0
2001-03-08,7.2,90,100,9.0,1.62,23.9,7.0
2001-03-09,13.3,79,84,8.1,11.85,12.0,12.0
2001-03-10,11.9,84,81,5.1,7.83,1.0,11.0
2001-03-11,14.5,83,67,5.2,12.59,0.0,14.0
2001-03-12,12.0,91,93,6.6,3.05,9.7,12.0
2001-03-13,16.8,65,42,11.8,17.36,19.7,19.0
2001-03-14,16.6,61,11,8.5,17.59,0.0,18.0
2001-03-15,16.1,66,26,7.9,17.24,0.0,18.0
2001-03-16,13.8,80,57,6.0,7.92,0.1,14.0
2001-03-17,10.0,89,94,8.8,2.48,16.1,10.0
2001-03-18,14.6,84,64,7.6,13.38,1.0,15.0
2001-03-19,16.8,76,70,7.3,16.07,1.1,18.0
2001-03-20,16.6,67,72,8.7,14.24,0.0,19.0
2001-03-21,14.9,78,96,5.8,9.68,0.2,15.0
2001-03-22,20.0,70,56,13.2,16.57,2.4,23.0
2001-03-23,19.8,68,61,10.5,17.44,0.0,20.0
2001-03-24,18.1,79,56,7.4,12.67,0.0,18.0
2001-03-25,17.1,87,79,7.1,9.19,8.7,19.0
2001-03-26,18.2,75,49,6.8,18.1,2.1,20.0
2001-03-27,17.1,73,36,7.0,19.63,0.2,19.0
2001-03-28,10.7,89,94,8.0,4.35,12.3,10.0
2001-03-29,11.1,93,100,14.6,3.18,36.6,10.0
2001-03-30,13.4,67,98,14.8,8.23,20.2,16.0
2001-03-31,17.1,56,41,9.3,21.05,0.0,18.0
2001-04-01,15.9,68,21,6.4,12.54,0.0,18.0
2001-04-02,16.5,70,54,6.5,15.76,0.0,18.0
2001-04-03,17.2,72,64,5.9,17.76,0.0,19.0
2001-04-04,12.9,80,80,9.1,6.26,10.2,15.0
2001-04-05,16.0,59,33,17.2,22.71,4.9,18.0
2001-04-06,16.5,60,59,7.0,21.39,0.0,18.0
2001-04-07,11.3,84,93,12.8,4.25,12.3,11.0
2001-04-08,17.5,63,27,19.1,22.46,0.0,19.0
2001-04-09,16.3,52,48,11.7,15.55,0.0,20.0
2001-04-10,16.1,68,85,8.5,14.91,4.0,16.0
2001-04-11,14.8,75,100,11.6,12.03,0.0,15.0
2001-04-12,19.1,57,16,11.6,23.89,0.0,21.0
2001-04-13,16.5,39,18,17.6,24.43,0.0,19.0
2001-04-14,9.9,68,56,12.1,23.63,1.9,13.0
2001-04-15,12.4,70,84,5.4,17.27,0.0,14.0
2001-04-16,13.1,78,61,5.5,18.61,0.9,15.0
2001-04-17,15.9,58,8,10.0,24.79,0.0,19.0
2001-04-18,13.3,73,90,7.4,13.66,3.1,14.0
2001-04-19,12.7,84,93,10.9,11.52,11.4,15.0
2001-04-20,12.8,60,68,14.9,16.33,2.8,13.0
2001-04-21,10.4,50,97,12.6,12.64,2.6,10.0
2001-04-22,14.8,59,63,10.0,22.29,0.0,16.0
2001-04-23,13.7,64,65,9.2,16.85,0.0,14.0
2001-04-24,17.6,66,55,8.0,23.15,0.0,19.0
2001-04-25,13.4,84,87,9.4,4.02,12.3,13.0
2001-04-26,19.4,65,16,9.0,26.15,0.0,20.0
2001-04-27,15.8,72,54,7.6,12.56,0.0,18.0
2001-04-28,19.3,73,65,6.5,23.17,0.0,21.0
2001-04-29,18.3,70,43,8.6,16.05,0.1,21.0
2001-04-30,16.3,81,74,9.7,9.31,13.1,16.0
2001-05-01,19.0,76,85,10.2,13.17,2.8,21.0
2001-05-02,21.4,78,55,10.5,19.32,6.3,23.0
2001-05-03,18.8,79,75,9.5,14.57,12.5,21.0
2001-05-04,18.0,82,78,9.0,13.43,9.5,17.0
2001-05-05,18.3,81,92,6.5,15.0,14.9,19.0
2001-05-06,20.6,78,86,10.6,19.42,2.1,21.0
2001-05-07,21.7,75,97,10.5,23.35,0.9,22.0
2001-05-08,22.6,72,44,10.0,23.41,1.4,24.0
2001-05-09,21.0,79,77,5.9,18.46,3.3,18.0
2001-05-10,21.4,77,80,9.4,19.03,1.7,22.0
2001-05-11,21.1,72,57,8.4,22.37,6.0,22.0
2001-05-12,23.2,69,11,8.9,24.76,0.0,25.0
2001-05-13,21.3,69,24,8.4,23.04,0.0,23.0
2001-05-14,19.0,71,90,6.7,12.56,1.1,19.0
2001-05-15,16.5,87,99,9.4,6.1,13.1,16.0
2001-05-16,18.3,85,89,9.3,7.56,7.1,19.0
2001-05-17,18.6,85,88,7.2,8.92,3.4,21.0
2001-05-18,22.1,71,57,16.2,19.91,6.7,24.0
2001-05-19,21.1,54,10,14.8,27.46,0.0,23.0
2001-05-20,21.1,67,58,6.8,23.5,0.0,23.0
2001-05-21,16.4,77,93,6.6,10.36,6.2,14.0
2001-05-22,21.0,79,50,7.6,19.94,1.1,21.0
2001-05-23,20.6,82,63,7.0,9.48,3.6,23.0
2001-05-24,23.2,74,54,7.9,23.71,1.5,24.0
2001-05-25,24.0,77,68,9.8,24.64,0.7,27.0
2001-05-26,25.3,71,30,9.1,26.24,0.0,27.0
2001-05-27,26.6,68,82,7.0,24.96,0.0,28.0
2001-05-28,28.3,68,64,8.1,26.76,0.0,30.0
2001-05-29,29.6,72,40,9.0,27.76,0.0,32.0
2001-05-30,28.6,78,13,9.8,25.97,0.0,30.0
2001-05-31,26.8,78,52,10.7,23.03,0.4,28.0
2001-06-01,25.0,39,11,19.5,29.25,0.0,27.0
2001-06-02,19.5,67,68,11.9,14.95,3.5,21.0
2001-06-03,19.8,64,36,24.7,25.56,6.7,22.0
2001-06-04,21.1,44,0,11.4,29.89,0.0,23.0
2001-06-05,23.1,56,54,5.8,28.22,0.0,24.0
2001-06-06,21.6,65,55,7.2,22.64,2.2,23.0
2001-06-07,24.3,61,18,9.7,25.8,0.0,26.0
2001-06-08,22.4,69,84,9.3,14.05,1.6,24.0
2001-06-09,20.8,83,98,11.6,7.41,20.7,21.0
2001-06-10,20.2,89,98,12.3,5.86,73.6,22.0
2001-06-11,21.9,53,29,15.9,28.61,4.6,25.0
2001-06-12,21.6,53,6,12.6,29.03,0.0,23.0
2001-06-13,22.8,68,68,7.1,23.88,0.0,24.0
2001-06-14,24.9,59,24,9.3,28.94,0.0,28.0
2001-06-15,25.9,64,49,5.4,25.03,0.2,28.0
2001-06-16,24.0,75,78,14.0,14.67,11.1,24.0
2001-06-17,24.2,70,42,8.6,25.89,1.3,25.0
2001-06-18,23.8,56,48,14.1,28.56,0.6,27.0
2001-06-19,25.0,43,11,15.9,28.98,0.0,27.0
2001-06-20,25.5,49,23,12.2,29.2,0.0,27.0
2001-06-21,27.2,63,36,6.6,27.78,0.0,28.0
2001-06-22,27.1,65,9,9.2,27.76,0.0,27.0
2001-06-23,28.9,65,28,6.7,27.54,0.0,29.0
2001-06-24,29.7,65,8,6.2,26.04,0.0,31.0
2001-06-25,31.4,63,9,5.5,26.37,0.0,32.0
2001-06-26,31.1,58,12,6.2,25.47,0.0,31.0
2001-06-27,30.8,56,61,11.1,23.13,3.5,30.0
2001-06-28,26.9,67,76,13.3,20.26,4.4,22.0
2001-06-29,28.8,63,13,5.8,27.02,0.0,29.0
2001-06-30,29.6,61,40,11.7,23.35,0.5,30.0
2001-07-01,31.0,46,33,12.3,28.71,0.0,32.0
2001-07-02,29.8,46,3,10.4,28.5,0.0,30.0
2001-07-03,29.7,51,37,7.2,22.69,0.0,30.0
2001-07-04,25.2,61,86,7.5,13.11,0.1,25.0
2001-07-05,27.8,67,76,7.4,15.2,0.0,28.0
2001-07-06,30.1,62,57,12.0,21.5,0.4,29.0
2001-07-07,23.8,72,61,12.7,12.16,23.2,25.0
2001-07-08,27.0,64,27,8.5,24.52,0.0,27.0
2001-07-09,27.2,64,44,6.5,23.96,0.0,28.0
2001-07-10,23.9,76,81,8.5,16.87,12.5,27.0
2001-07-11,26.0,76,65,9.4,14.13,2.3,
2001-07-12,26.9,67,25,8.4,24.63,1.2,30.0
2001-07-13,25.7,72,77,7.6,14.98,7.3,27.0
2001-07-14,27.2,75,66,12.1,15.03,16.1,28.0
2001-07-15,24.5,82,78,11.8,11.18,36.3,27.0
2001-07-16,22.0,73,89,12.4,15.6,32.1,26.0
2001-07-17,24.4,64,15,6.8,27.57,0.0,27.0
2001-07-18,22.5,76,57,10.4,14.25,16.5,23.0
2001-07-19,22.9,83,96,13.1,10.92,13.3,24.0
2001-07-20,23.4,58,80,15.8,18.75,0.0,27.0
2001-07-21,25.5,53,11,13.2,28.26,0.0,28.0
2001-07-22,27.7,69,3,5.9,26.61,0.0,30.0
2001-07-23,28.8,71,37,7.4,23.68,0.0,31.0
2001-07-24,28.7,67,29,10.8,24.33,0.8,31.0
2001-07-25,28.7,73,52,7.2,25.74,0.0,30.0
2001-07-26,29.5,68,43,6.1,24.04,0.0,32.0
2001-07-27,29.8,70,40,8.3,23.23,1.0,32.0
2001-07-28,29.4,72,66,5.5,23.46,0.3,31.0
2001-07-29,30.5,69,45,9.4,22.41,0.8,32.0
2001-07-30,33.0,64,7,7.9,26.18,0.0,33.0
2001-07-31,32.3,54,18,9.2,24.34,0.0,32.0
2001-08-01,33.9,61,28,5.4,24.24,0.0,34.0
2001-08-02,33.0,59,43,8.5,19.59,0.0,33.0
2001-08-03,31.3,57,75,16.0,18.28,2.0,31.0
2001-08-04,26.8,73,68,8.0,13.51,16.3,29.0
2001-08-05,28.5,62,33,11.3,25.75,3.4,31.0
2001-08-06,24.6,62,49,10.8,14.28,1.6,28.0
2001-08-07,27.7,69,27,7.9,22.08,0.0,30.0
2001-08-08,24.9,75,91,10.9,9.45,13.9,27.0
2001-08-09,21.4,90,94,6.9,6.59,28.7,26.0
2001-08-10,27.1,66,40,17.6,21.91,10.7,30.0
2001-08-11,25.1,46,3,16.9,25.48,0.0,27.0
2001-08-12,24.2,66,12,5.7,21.06,0.0,26.0
2001-08-13,26.7,69,47,5.5,23.55,0.0,28.0
2001-08-14,29.1,68,16,6.6,23.68,0.0,30.0
2001-08-15,30.5,64,8,8.4,24.26,0.0,32.0
2001-08-16,30.5,59,36,9.7,22.16,0.0,32.0
2001-08-17,29.3,67,48,12.7,19.54,7.6,29.0
2001-08-18,27.3,71,56,10.4,19.14,7.4,29.0
2001-08-19,27.7,68,74,7.8,19.8,0.2,29.0
2001-08-20,26.6,69,64,9.5,17.71,5.3,28.0
2001-08-21,28.8,65,11,9.4,22.31,0.0,30.0
2001-08-22,29.2,65,14,5.9,20.58,0.0,30.0
2001-08-23,30.2,63,29,6.2,20.93,0.0,30.0
2001-08-24,31.1,61,18,7.3,20.62,0.0,30.0
2001-08-25,31.4,59,23,5.8,19.76,0.0,31.0
2001-08-26,32.5,60,32,7.6,20.48,0.0,31.0
2001-08-27,33.2,58,48,7.3,20.83,0.0,32.0
2001-08-28,33.5,56,13,5.6,20.69,0.0,33.0
2001-08-29,32.6,61,26,6.1,20.59,0.0,31.0
2001-08-30,24.0,86,96,11.9,5.51,76.6,23.0
2001-08-31,21.0,89,74,6.6,12.59,33.1,24.0
2001-09-01,19.3,76,64,10.2,8.64,1.7,18.0
2001-09-02,22.4,73,30,7.2,20.94,0.0,24.0
2001-09-03,22.7,75,37,6.9,17.03,0.0,25.0
2001-09-04,19.9,83,74,11.9,11.2,14.1,22.0
2001-09-05,22.7,54,26,18.6,22.04,0.1,26.0
2001-09-06,22.8,52,21,14.9,20.6,0.0,24.0
2001-09-07,24.9,66,48,10.8,19.72,0.0,26.0
2001-09-08,25.0,60,64,10.1,19.27,0.0,27.0
2001-09-09,21.2,50,21,23.4,20.93,0.0,24.0
2001-09-10,20.5,38,6,13.8,21.05,0.0,22.0
2001-09-11,20.6,43,3,12.6,20.59,0.0,23.0
2001-09-12,21.7,49,8,10.3,19.97,0.0,23.0
2001-09-13,19.8,69,81,5.0,11.65,0.3,22.0
2001-09-14,17.3,79,98,14.8,5.37,25.1,20.0
2001-09-15,20.9,61,19,10.1,19.49,0.0,23.0
2001-09-16,19.9,62,48,12.3,18.09,0.0,22.0
2001-09-17,18.8,49,65,11.7,16.44,0.0,22.0
2001-09-18,18.6,61,36,7.6,18.98,0.4,19.0
2001-09-19,15.2,83,86,7.6,8.47,10.6,17.0
2001-09-20,16.5,75,71,5.1,6.97,0.0,19.0
2001-09-21,19.6,72,49,4.2,12.9,0.0,21.0
2001-09-22,15.9,86,97,4.7,4.31,5.2,17.0
2001-09-23,14.6,90,100,6.2,1.37,23.1,15.0
2001-09-24,19.3,81,90,5.2,7.56,3.6,18.0
2001-09-25,19.7,86,75,6.8,10.34,4.0,19.0
2001-09-26,21.1,68,7,11.4,17.52,0.0,23.0
2001-09-27,19.5,78,78,7.2,15.26,0.0,21.0
2001-09-28,20.1,80,53,8.0,13.78,0.0,22.0
2001-09-29,17.5,86,100,6.3,5.48,2.3,18.0
2001-09-30,19.8,77,68,6.1,13.34,0.3,20.0
2001-10-01,20.5,81,82,6.2,11.98,0.0,22.0
2001-10-02,19.0,82,84,5.9,5.17,0.0,23.0
2001-10-03,19.8,85,70,5.8,6.15,1.1,23.0
2001-10-04,20.2,86,65,6.0,9.43,15.4,21.0
2001-10-05,18.1,89,94,7.6,4.77,3.4,20.0
2001-10-06,21.0,81,68,5.7,11.4,0.0,23.0
2001-10-07,16.8,95,100,9.4,1.26,39.6,19.0
2001-10-08,20.7,88,74,13.8,6.79,14.0,22.0
2001-10-09,20.0,84,85,7.4,7.12,6.4,23.0
2001-10-10,22.1,75,43,8.3,13.32,5.3,24.0
2001-10-11,22.2,81,23,8.3,13.67,0.0,24.0
2001-10-12,22.8,84,52,8.3,13.01,0.0,24.0
2001-10-13,22.9,88,50,6.5,12.59,0.0,25.0
2001-10-14,22.5,86,41,9.4,12.79,0.0,24.0
2001-10-15,21.0,84,52,7.9,12.45,0.0,22.0
2001-10-16,21.3,87,48,6.5,11.81,0.0,22.0
2001-10-17,20.3,86,40,9.0,11.86,0.0,21.0
2001-10-18,18.8,83,60,5.3,7.43,0.0,21.0
2001-10-19,18.1,83,84,4.0,4.14,0.0,18.0
2001-10-20,17.0,91,98,16.9,3.03,29.2,18.0
2001-10-21,17.0,93,73,13.0,6.93,43.2,19.0
2001-10-22,18.5,81,64,9.8,11.31,0.0,20.0
2001-10-23,17.6,84,91,6.5,7.6,0.6,19.0
2001-10-24,19.4,81,30,6.9,11.61,0.0,20.0
2001-10-25,17.5,85,48,7.2,10.44,0.0,19.0
2001-10-26,13.7,90,81,5.8,1.99,1.2,17.0
2001-10-27,14.8,87,82,5.4,4.15,0.0,16.0
2001-10-28,16.4,87,77,4.8,8.39,0.0,15.0
2001-10-29,18.0,86,55,5.5,10.71,0.0,16.0
2001-10-30,18.0,91,48,6.2,9.59,0.0,17.0
2001-10-31,16.7,92,97,4.8,7.74,0.0,15.0
2001-11-01,17.3,68,24,15.5,10.27,0.0,18.0
2001-11-02,13.3,79,26,7.0,6.47,0.0,16.0
2001-11-03,13.1,79,9,6.5,9.5,0.0,15.0
2001-11-04,13.8,85,28,4.8,9.29,0.0,15.0
2001-11-05,13.5,92,99,6.1,5.96,0.0,14.0
2001-11-06,12.1,84,72,5.9,7.07,0.8,14.0
2001-11-07,14.1,89,52,4.7,7.91,0.0,15.0
2001-11-08,12.3,93,95,6.6,5.03,1.7,9.0
2001-11-09,8.3,55,88,20.9,3.83,1.0,11.0
2001-11-10,10.0,56,58,7.4,8.92,0.2,11.0
2001-11-11,9.6,75,96,7.0,5.53,5.5,7.0
2001-11-12,11.8,91,97,3.5,3.34,3.7,10.0
2001-11-13,15.2,81,78,8.4,8.43,1.5,15.0
2001-11-14,10.3,74,90,9.8,4.23,4.5,12.0
2001-11-15,7.6,61,58,4.4,5.68,0.3,10.0
2001-11-16,10.6,77,21,6.1,8.05,0.0,12.0
2001-11-17,10.5,81,40,6.3,7.88,0.0,12.0
2001-11-18,10.0,86,76,6.2,7.69,0.0,10.0
2001-11-19,10.4,84,83,6.3,7.32,0.0,10.0
2001-11-20,8.8,89,51,7.0,5.2,0.0,12.0
2001-11-21,8.4,91,42,4.9,5.8,0.0,4.0
2001-11-22,7.2,95,84,5.8,4.05,0.0,8.0
2001-11-23,9.1,57,17,24.4,7.69,0.0,11.0
2001-11-24,8.3,65,24,8.1,7.62,0.0,10.0
2001-11-25,11.0,81,37,5.5,7.38,0.0,11.0
2001-11-26,9.8,92,50,5.8,7.15,0.0,12.0
2001-11-27,7.6,94,94,5.5,1.57,8.5,7.0
2001-11-28,8.6,88,60,7.0,6.23,0.0,6.0
2001-11-29,10.6,74,43,11.3,6.87,0.0,9.0
2001-11-30,10.3,83,74,6.6,6.16,0.0,12.0
2001-12-01,8.3,87,76,6.8,4.35,0.0,11.0
2001-12-02,9.0,89,48,4.4,4.82,0.0,12.0
2001-12-03,8.3,94,73,5.8,4.92,0.0,8.0
2001-12-04,7.4,96,100,4.8,3.46,0.0,7.0
2001-12-05,8.1,95,71,6.5,3.7,0.0,11.0
2001-12-06,13.6,81,45,11.9,6.4,0.0,15.0
2001-12-07,11.0,66,1,12.0,6.74,0.0,15.0
2001-12-08,5.7,92,71,6.2,5.02,0.0,8.0
2001-12-09,3.9,89,48,7.7,3.33,0.0,7.0
2001-12-10,4.6,72,16,6.8,6.34,0.0,6.0
2001-12-11,5.2,87,51,7.5,5.88,0.0,5.0
2001-12-12,4.2,84,17,6.1,5.85,0.0,8.0
2001-12-13,7.2,85,31,19.8,6.74,1.4,7.0
2001-12-14,0.8,65,53,6.8,6.44,1.3,1.0
2001-12-15,2.7,75,22,7.3,6.33,0.0,4.0
2001-12-16,1.6,78,30,5.9,5.21,0.0,4.0
2001-12-17,1.6,73,16,4.5,5.15,0.0,3.0
2001-12-18,3.3,81,36,6.4,5.57,0.0,5.0
2001-12-19,2.9,87,37,5.8,5.32,0.0,4.0
2001-12-20,4.0,88,36,6.5,5.5,0.0,9.0
2001-12-21,3.5,84,45,6.5,5.66,0.0,5.0
2001-12-22,3.8,89,41,5.4,6.17,0.0,6.0
2001-12-23,5.3,56,12,17.8,6.69,0.0,8.0
2001-12-24,2.2,58,7,8.3,6.43,0.0,4.0
2001-12-25,3.6,72,62,5.6,4.53,0.0,8.0
2001-12-26,6.0,74,58,11.0,5.77,0.0,7.0
2001-12-27,4.9,43,12,16.3,6.65,0.0,9.0
2001-12-28,5.7,73,35,5.8,5.77,0.0,9.0
2001-12-29,6.6,82,51,5.8,5.37,0.0,3.0
2001-12-30,9.7,69,31,17.8,6.08,0.4,15.0
2001-12-31,6.0,45,32,20.1,6.77,0.0,9.0
2002-01-01,4.2,55,0,10.3,6.81,0.0,7.0
2002-01-02,3.6,66,22,5.1,5.96,0.0,8.0
2002-01-03,4.4,80,30,10.4,6.3,0.0,5.0
2002-01-04,1.5,74,43,8.5,3.51,0.0,5.0
2002-01-05,4.0,82,33,5.2,6.56,0.0,6.0
2002-01-06,6.7,84,34,6.5,6.74,0.0,8.0
2002-01-07,6.3,79,72,6.5,5.72,0.0,7.0
2002-01-08,6.6,75,19,7.3,6.9,0.0,9.0
2002-01-09,6.4,83,31,7.2,6.83,0.0,9.0
2002-01-10,6.9,83,30,7.2,6.88,0.0,11.0
2002-01-11,6.0,84,64,6.8,6.55,0.0,10.0
2002-01-12,6.4,83,32,6.8,6.72,0.0,9.0
2002-01-13,6.2,83,43,7.2,6.78,0.0,7.0
2002-01-14,4.4,73,12,5.4,6.92,0.0,6.0
2002-01-15,3.4,80,29,6.3,5.28,0.0,4.0
2002-01-16,2.4,89,46,5.8,5.19,0.0,4.0
2002-01-17,4.4,84,30,5.4,6.58,0.0,4.0
2002-01-18,4.6,86,30,6.2,7.3,0.0,4.0
2002-01-19,5.4,88,76,6.1,6.16,0.0,8.0
2002-01-20,7.0,86,49,6.0,6.9,0.0,8.0
2002-01-21,7.7,92,57,5.7,6.75,0.0,13.0
2002-01-22,6.1,96,83,5.6,1.76,0.0,4.0
2002-01-23,4.6,95,96,6.5,0.95,6.9,5.0
2002-01-24,6.4,94,91,8.0,1.88,18.1,5.0
2002-01-25,11.1,86,18,7.6,7.71,0.0,12.0
2002-01-26,10.4,80,50,6.8,8.1,0.0,12.0
2002-01-27,8.7,93,97,5.8,3.3,1.1,11.0
2002-01-28,12.6,87,63,7.9,7.65,0.0,7.0
2002-01-29,10.7,84,35,5.5,7.55,0.0,3.0
2002-01-30,10.2,88,87,5.2,6.89,0.0,5.0
2002-01-31,7.0,87,98,6.5,2.51,0.0,6.0
2002-02-01,9.8,88,66,5.1,6.48,0.0,6.0
2002-02-02,11.4,84,38,7.6,8.09,0.0,6.0
2002-02-03,11.4,82,5,6.1,8.97,0.0,12.0
2002-02-04,10.3,85,61,5.8,8.31,0.0,3.0
2002-02-05,9.2,88,76,4.9,6.44,0.9,8.0
2002-02-06,6.3,93,100,11.4,0.39,61.0,7.0
2002-02-07,11.6,82,63,12.4,8.09,8.4,12.0
2002-02-08,11.5,79,64,7.6,9.26,0.0,13.0
2002-02-09,11.1,83,80,6.4,8.97,0.0,12.0
2002-02-10,14.0,74,33,8.7,10.66,0.0,16.0
2002-02-11,13.2,64,64,9.4,10.29,0.0,15.0
2002-02-12,12.2,81,12,7.2,10.13,0.0,15.0
2002-02-13,12.6,90,74,6.9,9.55,0.0,14.0
2002-02-14,7.5,95,100,10.9,1.05,16.1,8.0
2002-02-15,6.8,93,100,8.1,2.55,39.1,7.0
2002-02-16,2.3,98,99,4.5,2.75,22.5,3.0
2002-02-17,8.3,85,80,8.4,6.76,0.0,9.0
2002-02-18,9.6,86,47,7.6,10.85,0.0,13.0
2002-02-19,12.1,65,42,13.6,12.24,0.0,15.0
2002-02-20,10.6,71,83,9.3,10.12,0.3,13.0
2002-02-21,10.9,59,37,27.0,12.81,0.5,14.0
2002-02-22,8.3,56,43,14.1,12.01,0.0,10.0
2002-02-23,11.1,75,29,7.2,12.88,0.0,12.0
2002-02-24,11.4,59,21,16.6,13.43,0.0,13.0
2002-02-25,10.5,59,43,7.3,12.22,0.0,12.0
2002-02-26,10.6,76,90,6.2,9.89,0.0,9.0
2002-02-27,10.4,84,97,6.0,3.93,1.2,9.0
2002-02-28,12.8,86,84,6.4,6.39,2.6,13.0
2002-03-01,9.0,90,94,7.1,3.05,12.4,11.0
2002-03-02,9.5,91,100,13.0,2.11,14.9,9.0
2002-03-03,14.0,74,51,9.4,13.61,17.1,13.0
2002-03-04,13.4,72,11,8.8,13.71,0.0,14.0
2002-03-05,13.7,76,89,7.3,11.23,0.3,15.0
2002-03-06,10.6,88,97,9.5,3.09,12.3,11.0
2002-03-07,14.7,86,79,6.8,10.39,0.0,16.0
2002-03-08,16.9,79,7,8.2,14.72,0.0,17.0
2002-03-09,15.1,78,58,8.3,13.05,0.0,16.0
2002-03-10,17.6,70,15,10.2,16.73,0.0,21.0
2002-03-11,16.0,72,20,7.2,15.21,0.0,18.0
2002-03-12,16.2,73,66,7.2,15.54,0.0,18.0
2002-03-13,16.9,69,27,7.2,15.58,0.0,18.0
2002-03-14,14.5,75,67,5.9,11.26,1.4,14.0
2002-03-15,13.9,75,74,5.9,9.72,0.0,16.0
2002-03-16,15.6,72,67,7.7,14.39,0.0,17.0
2002-03-17,15.6,72,86,8.0,11.39,0.0,17.0
2002-03-18,16.4,74,57,8.7,12.82,0.0,18.0
2002-03-19,14.9,81,97,6.3,9.91,1.7,19.0
2002-03-20,22.6,69,31,12.6,18.39,0.0,27.0
2002-03-21,22.8,57,9,11.3,18.73,0.0,26.0
2002-03-22,20.0,49,27,14.8,18.35,0.1,23.0
2002-03-23,14.8,43,8,23.6,19.92,0.0,18.0
2002-03-24,12.9,30,0,20.2,20.4,0.0,15.0
2002-03-25,12.0,41,0,12.2,20.46,0.0,15.0
2002-03-26,13.7,56,9,7.3,20.24,0.0,15.0
2002-03-27,11.1,64,28,10.6,13.56,0.0,13.0
2002-03-28,11.8,59,22,7.6,14.1,0.0,14.0
2002-03-29,13.8,58,4,6.5,20.34,0.0,15.0
2002-03-30,16.7,59,42,7.2,21.23,0.0,13.0
2002-03-31,17.6,54,19,5.8,21.32,0.0,20.0
2002-04-01,17.9,55,9,6.4,21.0,0.0,20.0
2002-04-02,18.5,56,4,7.9,21.2,0.0,21.0
2002-04-03,17.2,58,28,10.7,16.31,0.0,19.0
2002-04-04,17.7,58,44,13.1,19.48,0.4,18.0
2002-04-05,16.7,58,27,8.2,20.29,0.0,18.0
2002-04-06,12.3,70,78,11.3,8.33,1.4,13.0
2002-04-07,13.2,77,92,6.8,8.56,2.0,12.0
2002-04-08,10.5,82,99,6.2,5.2,1.6,11.0
2002-04-09,8.1,88,100,9.2,5.46,4.8,8.0
2002-04-10,10.7,71,97,5.8,9.76,1.2,10.0
2002-04-11,8.4,78,99,6.2,5.93,7.5,8.0
2002-04-12,12.2,87,100,6.7,5.43,16.6,12.0
2002-04-13,12.5,91,90,9.3,6.83,18.6,14.0
2002-04-14,15.4,79,89,4.7,15.96,2.8,15.0
2002-04-15,15.6,63,53,11.5,20.74,1.3,15.0
2002-04-16,15.0,66,68,8.0,19.99,0.0,15.0
2002-04-17,16.2,69,15,7.3,23.58,0.0,17.0
2002-04-18,17.7,73,30,6.9,22.16,0.9,20.0
2002-04-19,16.6,79,53,6.8,18.03,4.6,18.0
2002-04-20,17.8,61,52,12.0,22.72,0.2,16.0
2002-04-21,18.4,61,29,11.2,21.76,0.0,20.0
2002-04-22,20.0,66,39,9.1,21.7,0.0,22.0
2002-04-23,20.4,65,40,6.8,23.85,0.0,22.0
2002-04-24,22.7,62,87,11.6,22.43,0.0,24.0
2002-04-25,19.9,67,46,7.2,20.08,0.0,21.0
2002-04-26,20.3,68,75,10.8,19.79,0.9,22.0
2002-04-27,21.1,56,37,15.7,25.64,2.4,24.0
2002-04-28,13.1,74,88,10.3,5.87,0.2,16.0
2002-04-29,17.5,74,72,10.7,12.83,0.4,18.0
2002-04-30,17.7,75,74,7.3,11.79,0.0,20.0
2002-05-01,18.8,71,83,10.3,12.88,1.4,20.0
2002-05-02,15.6,89,95,17.4,5.55,41.9,15.0
2002-05-03,15.2,93,99,21.1,3.55,108.8,15.0
2002-05-04,12.8,85,87,12.0,6.67,34.5,14.0
2002-05-05,13.5,84,75,6.2,14.12,10.0,13.0
2002-05-06,15.4,76,60,8.6,22.24,0.0,17.0
2002-05-07,19.6,61,61,11.6,25.42,0.0,22.0
2002-05-08,15.1,73,100,11.9,5.03,9.5,17.0
2002-05-09,14.9,93,92,8.9,3.3,40.5,16.0
2002-05-10,17.5,84,57,6.1,17.42,2.2,17.0
2002-05-11,17.4,82,87,5.9,16.91,3.0,19.0
2002-05-12,19.6,81,42,7.3,23.67,3.6,21.0
2002-05-13,20.0,78,41,6.9,22.87,1.7,22.0
2002-05-14,21.7,76,35,11.2,24.18,0.0,24.0
2002-05-15,22.7,78,50,6.6,24.99,0.1,25.0
2002-05-16,23.8,74,34,8.1,25.17,0.0,26.0
2002-05-17,24.4,68,20,8.3,26.29,0.0,26.0
2002-05-18,22.0,69,82,10.7,19.68,0.0,24.0
2002-05-19,24.5,72,62,9.8,25.8,0.9,24.0
2002-05-20,22.1,76,46,9.5,22.85,6.1,24.0
2002-05-21,21.1,78,64,8.5,14.06,1.7,23.0
2002-05-22,20.8,81,87,6.3,15.28,0.9,23.0
2002-05-23,16.8,90,100,11.8,4.82,45.6,18.0
2002-05-24,23.4,66,39,11.9,27.14,19.3,24.0
2002-05-25,21.4,86,58,10.1,15.86,15.8,24.0
2002-05-26,21.6,71,34,7.8,24.2,0.6,23.0
2002-05-27,15.5,89,91,9.7,4.6,47.4,19.0
2002-05-28,21.7,68,28,8.8,29.02,0.3,23.0
2002-05-29,23.3,62,20,10.4,28.46,0.0,24.0
2002-05-30,23.5,68,25,9.8,26.09,0.0,26.0
2002-05-31,24.1,71,20,7.0,23.34,0.0,26.0
2002-06-01,25.0,73,38,7.2,24.87,0.0,27.0
2002-06-02,25.9,70,52,7.3,26.87,0.0,27.0
2002-06-03,22.1,79,91,7.9,10.79,1.6,23.0
2002-06-04,22.7,84,73,8.7,17.49,3.6,22.0
2002-06-05,18.8,89,91,20.9,7.23,48.2,20.0
2002-06-06,18.8,87,89,10.0,13.88,26.0,18.0
2002-06-07,21.7,80,96,11.1,21.73,0.9,21.0
2002-06-08,18.1,81,97,7.1,8.89,7.1,
2002-06-09,19.6,82,91,9.1,19.95,1.1,20.0
2002-06-10,24.8,67,39,13.2,29.4,0.0,26.0
2002-06-11,23.9,57,24,12.7,27.12,0.0,26.0
2002-06-12,24.2,74,31,7.4,22.8,0.0,26.0
2002-06-13,26.2,75,42,6.5,24.47,0.0,28.0
2002-06-14,28.5,74,23,6.5,27.1,0.0,29.0
2002-06-15,28.9,75,49,8.2,24.17,0.3,30.0
2002-06-16,30.1,74,52,8.1,25.57,0.0,32.0
2002-06-17,30.7,76,38,5.9,27.56,0.0,31.0
2002-06-18,31.3,74,16,6.8,25.41,0.0,31.0
2002-06-19,30.9,76,22,8.1,25.5,0.2,
2002-06-20,30.3,66,48,13.1,24.93,1.0,32.0
2002-06-21,28.7,70,52,6.6,20.61,1.5,31.0
2002-06-22,31.5,71,28,7.9,26.41,0.0,33.0
2002-06-23,31.5,67,53,9.1,24.09,0.0,34.0
2002-06-24,30.0,70,74,10.8,21.68,3.3,31.0
2002-06-25,26.0,77,64,13.6,18.41,6.1,28.0
2002-06-26,24.4,70,44,6.0,18.01,6.1,28.0
2002-06-27,26.1,71,52,6.8,24.34,0.0,28.0
2002-06-28,26.1,71,64,18.7,19.13,24.8,29.0
2002-06-29,22.8,53,22,17.7,26.91,0.1,25.0
2002-06-30,22.9,63,58,6.0,22.4,0.0,25.0
2002-07-01,24.1,71,56,9.0,20.89,0.0,26.0
2002-07-02,22.8,72,88,9.6,12.54,1.3,24.0
2002-07-03,24.2,80,82,11.0,12.83,19.1,27.0
2002-07-04,26.3,62,20,16.2,29.79,8.1,29.0
2002-07-05,23.0,64,48,9.1,12.92,0.0,27.0
2002-07-06,21.6,77,72,9.8,12.41,10.4,21.0
2002-07-07,26.6,68,0,7.9,28.88,0.0,28.0
2002-07-08,27.4,69,19,7.6,27.33,0.0,29.0
2002-07-09,27.9,68,42,11.8,22.35,0.0,28.0
2002-07-10,27.6,66,34,7.9,22.32,0.0,29.0
2002-07-11,28.3,64,39,6.7,25.97,0.1,29.0
2002-07-12,27.2,71,38,7.4,20.4,3.0,30.0
2002-07-13,22.8,80,85,10.3,12.43,32.5,24.0
2002-07-14,23.7,73,89,10.1,15.76,0.1,23.0
2002-07-15,20.1,91,100,11.0,7.83,32.2,20.0
2002-07-16,23.6,82,86,9.8,22.42,2.9,22.0
2002-07-17,23.8,81,85,7.1,16.84,0.2,25.0
2002-07-18,27.1,72,35,9.2,24.79,0.2,29.0
2002-07-19,24.9,78,27,9.4,25.4,0.0,26.0
2002-07-20,26.1,75,16,7.1,24.93,0.0,27.0
2002-07-21,25.0,82,71,6.6,12.5,0.7,27.0
2002-07-22,28.9,73,19,6.9,26.6,0.0,28.0
2002-07-23,25.7,80,43,9.4,18.95,1.4,27.0
2002-07-24,28.1,74,32,10.8,24.25,0.0,29.0
2002-07-25,26.8,53,34,15.5,25.93,0.0,29.0
2002-07-26,25.3,69,47,10.2,22.2,0.0,26.0
2002-07-27,25.7,68,23,9.4,19.12,0.0,26.0
2002-07-28,27.1,64,36,7.6,22.2,0.0,28.0
2002-07-29,29.0,69,34,8.4,23.43,0.0,29.0
2002-07-30,29.3,70,37,8.8,25.23,0.0,30.0
2002-07-31,26.4,75,50,7.5,19.14,5.7,28.0
2002-08-01,25.1,83,63,8.6,18.73,16.5,25.0
2002-08-02,24.7,77,42,6.5,18.35,5.5,26.0
2002-08-03,25.7,71,54,8.3,18.37,0.9,27.0
2002-08-04,23.7,79,44,8.2,16.76,13.5,28.0
2002-08-05,26.6,74,35,9.4,22.25,6.2,28.0
2002-08-06,22.9,85,83,8.3,16.24,14.7,24.0
2002-08-07,27.1,53,9,14.4,25.19,0.0,29.0
2002-08-08,26.9,52,35,14.5,24.04,0.4,27.0
2002-08-09,21.6,82,89,5.6,14.48,13.2,22.0
2002-08-10,17.2,92,96,15.7,3.5,40.7,18.0
2002-08-11,17.6,85,96,7.8,9.03,8.1,16.0
2002-08-12,25.6,74,16,9.5,24.23,0.0,27.0
2002-08-13,26.7,61,3,14.5,25.64,0.0,29.0
2002-08-14,26.2,73,6,8.7,24.54,0.0,27.0
2002-08-15,26.4,78,31,7.1,20.79,0.4,28.0
2002-08-16,27.0,80,43,5.7,21.31,0.0,28.0
2002-08-17,27.3,78,53,9.5,19.81,0.1,29.0
2002-08-18,27.0,75,38,7.5,21.24,0.2,28.0
2002-08-19,27.4,79,57,7.2,18.79,0.0,29.0
2002-08-20,26.1,78,73,7.1,14.91,2.1,28.0
2002-08-21,25.1,82,47,6.5,16.76,6.8,26.0
2002-08-22,24.1,78,76,7.6,15.47,0.4,26.0
2002-08-23,23.0,80,84,6.1,10.92,4.6,24.0
2002-08-24,24.7,79,72,6.0,16.44,0.5,27.0
2002-08-25,25.2,81,62,6.8,18.55,0.3,26.0
2002-08-26,23.9,84,93,7.7,12.13,7.6,25.0
2002-08-27,22.9,83,73,7.6,17.28,2.8,25.0
2002-08-28,24.6,78,65,6.2,19.85,0.2,26.0
2002-08-29,26.0,77,56,7.0,19.87,0.0,27.0
2002-08-30,26.1,79,33,6.2,19.58,0.5,28.0
2002-08-31,26.5,73,31,7.0,18.13,1.2,28.0
2002-09-01,25.9,82,90,9.4,17.96,8.5,28.0
2002-09-02,24.4,71,59,10.0,17.82,3.8,27.0
2002-09-03,20.4,87,93,12.9,7.58,39.9,20.0
2002-09-04,18.3,87,93,8.0,6.47,18.5,20.0
2002-09-05,21.9,83,86,8.3,15.91,0.0,24.0
2002-09-06,22.3,82,74,5.8,16.92,0.3,24.0
2002-09-07,23.4,82,51,6.1,17.34,1.8,26.0
2002-09-08,21.8,82,58,7.1,13.77,3.7,24.0
2002-09-09,21.4,85,89,6.9,8.77,2.0,23.0
2002-09-10,23.7,75,51,10.5,18.22,2.0,23.0
2002-09-11,22.0,64,54,12.3,16.5,0.4,22.0
2002-09-12,22.2,71,50,9.7,14.11,1.4,22.0
2002-09-13,19.3,71,58,7.4,12.55,3.2,21.0
2002-09-14,20.1,73,33,5.6,14.99,0.0,21.0
2002-09-15,23.4,76,6,7.2,19.55,0.0,24.0
2002-09-16,19.2,78,75,8.0,9.75,0.1,22.0
2002-09-17,20.9,79,44,5.2,12.18,0.0,24.0
2002-09-18,20.8,82,49,4.8,7.21,0.0,23.0
2002-09-19,21.2,86,86,6.2,6.07,0.4,23.0
2002-09-20,23.4,85,89,7.1,14.21,0.0,25.0
2002-09-21,21.6,90,86,7.9,11.78,7.6,24.0
2002-09-22,21.3,88,61,7.9,14.19,3.5,23.0
2002-09-23,17.5,82,92,7.1,9.62,7.8,17.0
2002-09-24,15.2,83,93,6.3,10.35,5.3,16.0
2002-09-25,16.5,62,62,12.6,14.43,0.0,16.0
2002-09-26,19.0,57,42,9.4,16.91,0.0,21.0
2002-09-27,20.4,62,21,9.2,17.16,0.0,22.0
2002-09-28,16.4,73,18,12.4,15.45,0.2,18.0
2002-09-29,15.6,69,52,4.6,8.32,0.0,19.0
2002-09-30,17.9,79,24,6.5,15.02,0.0,20.0
2002-10-01,18.7,80,30,7.6,15.3,0.0,20.0
2002-10-02,19.2,83,95,7.1,14.73,0.0,20.0
2002-10-03,19.4,83,77,6.6,13.76,0.0,20.0
2002-10-04,18.5,84,94,5.4,8.29,0.3,19.0
2002-10-05,19.9,83,48,7.9,13.95,0.0,21.0
2002-10-06,18.4,82,57,9.9,11.35,0.0,19.0
2002-10-07,19.1,69,8,10.8,14.84,0.0,19.0
2002-10-08,15.8,85,93,5.9,5.35,0.0,
2002-10-09,15.2,84,100,8.4,3.21,4.4,15.0
2002-10-10,14.2,89,100,10.5,1.32,23.0,15.0
2002-10-11,18.9,86,100,6.8,8.99,6.0,18.0
2002-10-12,19.0,89,59,7.1,11.57,2.0,18.0
2002-10-13,18.0,85,45,7.7,12.62,0.0,19.0
2002-10-14,16.5,86,93,6.7,6.84,0.1,17.0
2002-10-15,16.7,84,100,5.2,4.44,1.4,18.0
2002-10-16,16.7,93,98,9.8,2.59,14.9,18.0
2002-10-17,18.1,91,88,9.5,3.3,40.3,19.0
2002-10-18,16.5,67,25,9.9,12.79,0.0,19.0
2002-10-19,17.0,68,24,9.8,13.1,0.0,19.0
2002-10-20,14.1,69,54,9.0,12.26,0.0,17.0
2002-10-21,10.9,89,87,6.6,1.5,4.3,11.0
2002-10-22,14.9,85,87,6.1,6.61,8.6,15.0
2002-10-23,16.7,86,65,9.0,6.54,0.3,18.0
2002-10-24,16.0,66,41,14.1,11.83,0.0,18.0
2002-10-25,13.3,83,97,7.2,3.73,3.0,15.0
2002-10-26,16.5,84,34,5.8,10.22,0.0,14.0
2002-10-27,15.8,86,30,6.5,9.76,0.0,17.0
2002-10-28,17.0,57,27,15.7,11.44,0.0,21.0
2002-10-29,15.4,74,53,9.4,10.86,0.0,17.0
2002-10-30,14.4,83,92,6.4,9.74,0.0,15.0
2002-10-31,15.9,84,48,6.6,9.05,0.0,16.0
2002-11-01,15.6,89,44,7.3,9.43,0.0,18.0
2002-11-02,13.6,91,96,5.5,4.27,1.9,17.0
2002-11-03,13.7,91,85,6.2,5.07,3.0,13.0
2002-11-04,16.4,71,49,10.9,9.45,0.0,19.0
2002-11-05,15.7,50,14,18.0,10.3,0.0,19.0
2002-11-06,8.5,77,54,8.7,4.37,0.0,11.0
2002-11-07,6.4,74,97,7.1,3.94,0.0,7.0
2002-11-08,12.0,68,40,13.1,9.86,0.0,16.0
2002-11-09,10.0,72,63,7.4,8.6,0.0,11.0
2002-11-10,11.5,78,43,9.7,6.47,0.0,14.0
2002-11-11,12.0,82,37,6.7,7.18,0.0,11.0
2002-11-12,10.4,87,68,8.3,2.4,0.4,14.0
2002-11-13,9.2,93,100,8.2,1.02,5.4,10.0
2002-11-14,10.9,95,100,10.1,0.8,64.1,13.0
2002-11-15,12.8,95,100,16.1,0.72,79.6,14.0
2002-11-16,14.0,92,100,23.3,0.76,57.9,15.0
2002-11-17,12.1,89,91,7.8,2.96,8.3,13.0
2002-11-18,9.8,90,94,13.4,1.29,14.3,10.0
2002-11-19,10.6,91,94,7.8,1.72,6.3,11.0
2002-11-20,11.6,87,85,6.9,4.17,0.5,12.0
2002-11-21,9.6,93,100,7.9,0.73,31.5,11.0
2002-11-22,10.6,89,77,10.0,3.2,39.2,12.0
2002-11-23,11.5,85,60,9.4,6.93,4.1,13.0
2002-11-24,8.9,90,100,9.2,0.73,59.0,9.0
2002-11-25,11.6,92,100,10.6,1.13,62.8,12.0
2002-11-26,10.9,90,100,10.9,0.5,84.4,11.0
2002-11-27,12.9,91,96,8.8,1.42,10.8,13.0
2002-11-28,13.0,92,94,6.9,2.2,7.2,14.0
2002-11-29,11.0,93,81,10.6,1.53,38.6,13.0
2002-11-30,12.2,85,72,8.0,6.0,0.0,13.0
2002-12-01,10.7,80,20,8.6,6.45,0.0,14.0
2002-12-02,6.6,89,90,7.6,1.98,1.8,7.0
2002-12-03,6.8,91,93,7.2,2.43,0.7,7.0
2002-12-04,10.4,83,70,12.8,6.57,0.0,11.0
2002-12-05,7.7,88,99,7.3,2.13,1.4,9.0
2002-12-06,10.4,91,92,9.8,3.95,0.1,10.0
2002-12-07,10.3,92,92,9.8,3.73,0.2,10.0
2002-12-08,6.3,90,95,9.2,1.25,2.2,9.0
2002-12-09,4.4,70,91,6.6,2.21,1.1,5.0
2002-12-10,1.1,66,72,7.1,2.83,0.0,4.0
2002-12-11,2.1,76,82,4.3,2.28,0.0,1.0
2002-12-12,3.9,89,99,7.0,1.67,3.0,3.0
2002-12-13,7.1,93,72,7.2,4.94,0.5,9.0
2002-12-14,6.9,88,68,8.4,4.65,0.0,10.0
2002-12-15,6.5,88,83,4.4,1.82,2.8,7.0
2002-12-16,6.3,93,81,5.5,3.31,0.0,8.0
2002-12-17,7.4,88,90,4.7,4.07,1.3,8.0
2002-12-18,8.1,90,78,5.4,3.72,4.0,10.0
2002-12-19,5.7,91,53,6.9,3.29,0.0,8.0
2002-12-20,4.3,87,80,4.4,2.64,0.0,5.0
2002-12-21,5.5,87,71,5.1,3.35,0.0,6.0
2002-12-22,6.2,94,82,4.4,1.9,0.2,6.0
2002-12-23,9.7,94,80,5.9,5.04,0.0,11.0
2002-12-24,8.0,95,100,5.7,1.32,0.0,8.0
2002-12-25,8.5,96,93,4.5,1.43,1.3,10.0
2002-12-26,7.1,95,96,5.7,1.0,0.6,9.0
2002-12-27,6.8,95,100,5.6,0.45,11.6,8.0
2002-12-28,9.0,92,96,7.9,2.46,16.7,9.0
2002-12-29,12.7,83,39,11.2,5.01,0.0,16.0
2002-12-30,10.5,86,81,7.2,5.04,0.2,11.0
2002-12-31,10.4,89,90,7.0,3.52,5.2,
2003-01-01,9.6,85,31,7.9,5.96,0.0,4.0
2003-01-02,8.9,90,98,7.3,3.35,0.6,6.0
2003-01-03,9.6,90,23,7.6,5.61,0.0,15.0
2003-01-04,9.4,86,55,8.1,5.96,0.0,6.0
2003-01-05,5.1,65,60,14.2,2.84,1.3,7.0
2003-01-06,4.1,76,74,7.1,2.67,0.5,5.0
2003-01-07,3.7,60,26,16.4,6.83,0.1,7.0
2003-01-08,1.7,68,97,10.2,1.75,1.2,3.0
2003-01-09,2.2,80,98,6.8,3.0,0.0,5.0
2003-01-10,4.3,85,79,6.9,3.73,0.0,3.0
2003-01-11,3.8,81,87,6.9,4.91,0.3,4.0
2003-01-12,0.6,65,60,9.7,3.54,0.0,3.0
2003-01-13,3.0,77,48,4.3,5.01,0.0,4.0
2003-01-14,9.2,81,16,7.1,7.05,0.0,7.0
2003-01-15,7.0,91,54,6.5,5.22,0.0,11.0
2003-01-16,7.9,89,54,6.8,4.9,0.0,11.0
2003-01-17,6.8,88,67,6.2,3.94,0.0,5.0
2003-01-18,7.8,81,44,9.9,7.38,0.0,9.0
2003-01-19,7.5,81,71,9.0,6.45,0.0,8.0
2003-01-20,7.6,80,88,7.6,6.24,0.3,9.0
2003-01-21,4.0,95,100,6.2,0.42,31.5,4.0
2003-01-22,6.8,92,62,5.8,6.79,0.2,5.0
2003-01-23,8.0,87,68,12.0,5.86,0.0,6.0
2003-01-24,11.6,62,17,12.8,8.48,0.0,15.0
2003-01-25,8.4,77,8,10.8,7.69,0.0,11.0
2003-01-26,7.7,84,62,6.9,7.39,0.0,9.0
2003-01-27,8.2,75,31,8.4,8.43,0.0,10.0
2003-01-28,13.7,70,22,14.5,8.49,0.0,18.0
2003-01-29,9.0,61,45,10.1,8.99,0.0,12.0
2003-01-30,7.6,66,82,9.8,6.83,0.0,10.0
2003-01-31,5.6,54,81,19.8,6.57,0.0,7.0
2003-02-01,5.2,42,20,17.8,9.78,0.0,8.0
2003-02-02,4.1,64,32,6.5,9.42,0.0,5.0
2003-02-03,4.4,81,78,6.9,7.97,4.7,3.0
2003-02-04,6.2,73,91,14.6,7.12,2.5,7.0
2003-02-05,7.3,39,34,17.6,10.44,0.0,9.0
2003-02-06,7.1,44,12,12.2,10.05,0.1,9.0
2003-02-07,7.3,58,16,8.9,10.38,0.0,9.0
2003-02-08,8.1,71,35,5.5,9.78,0.0,9.0
2003-02-09,5.1,77,70,6.7,4.74,0.3,5.0
2003-02-10,4.8,77,48,6.9,6.19,0.0,5.0
2003-02-11,4.9,82,40,5.9,7.22,0.0,5.0
2003-02-12,2.7,78,55,11.0,4.48,0.0,3.0
2003-02-13,2.2,64,50,8.0,5.29,0.0,4.0
2003-02-14,3.6,65,64,7.0,7.27,0.0,5.0
2003-02-15,5.7,73,22,6.8,11.35,0.0,7.0
2003-02-16,3.0,68,89,9.2,6.14,2.0,4.0
2003-02-17,4.0,58,58,7.6,10.19,0.0,6.0
2003-02-18,4.2,60,14,5.9,10.49,0.0,6.0
2003-02-19,5.6,67,17,6.8,12.18,0.0,7.0
2003-02-20,7.5,72,19,6.1,12.51,0.0,9.0
2003-02-21,8.9,74,28,8.6,12.64,0.0,10.0
2003-02-22,7.1,74,31,8.2,8.83,0.0,9.0
2003-02-23,6.1,72,58,5.4,5.95,0.0,7.0
2003-02-24,9.5,78,31,7.4,13.08,0.0,11.0
2003-02-25,11.4,70,13,8.0,13.94,0.0,13.0
2003-02-26,9.6,67,9,6.9,13.92,0.0,11.0
2003-02-27,9.0,71,61,6.8,10.29,0.0,9.0
2003-02-28,11.0,71,64,6.5,11.73,0.0,13.0
2003-03-01,12.3,74,80,6.2,12.75,0.0,13.0
2003-03-02,11.5,79,77,6.0,7.92,1.0,10.0
2003-03-03,15.0,66,16,12.7,15.19,0.0,14.0
2003-03-04,13.5,60,2,7.9,15.12,0.0,15.0
2003-03-05,13.6,70,63,6.4,14.63,0.0,14.0
2003-03-06,12.5,73,92,7.9,11.07,0.7,14.0
2003-03-07,13.2,80,72,5.9,13.66,0.1,14.0
2003-03-08,14.3,77,57,6.9,13.73,0.0,13.0
2003-03-09,14.5,75,86,7.3,13.71,0.0,15.0
2003-03-10,19.0,68,63,6.5,16.4,0.0,21.0
2003-03-11,17.1,72,92,6.0,14.79,0.0,16.0
2003-03-12,16.3,80,61,8.2,15.69,0.0,17.0
2003-03-13,16.3,53,24,10.7,17.06,0.0,19.0
2003-03-14,10.0,64,63,10.3,6.59,0.4,11.0
2003-03-15,9.5,53,63,12.8,12.43,1.0,11.0
2003-03-16,11.5,60,13,8.0,17.2,0.0,13.0
2003-03-17,13.7,61,37,7.8,17.47,0.0,14.0
2003-03-18,14.9,54,13,8.0,18.28,0.0,16.0
2003-03-19,15.4,57,12,8.5,18.44,0.0,15.0
2003-03-20,18.2,58,0,7.7,18.9,0.0,19.0
2003-03-21,16.0,59,64,10.5,16.37,0.0,16.0
2003-03-22,12.9,52,22,6.9,17.54,0.0,14.0
2003-03-23,12.4,50,3,7.7,19.32,0.0,13.0
2003-03-24,17.7,48,0,9.2,19.68,0.0,18.0
2003-03-25,18.7,47,6,7.0,19.75,0.0,19.0
2003-03-26,18.2,63,0,7.3,19.25,0.0,19.0
2003-03-27,17.7,58,66,6.1,15.87,0.0,19.0
2003-03-28,18.4,50,70,6.8,17.33,0.0,18.0
2003-03-29,19.3,56,81,6.1,15.63,0.0,17.0
2003-03-30,18.6,62,69,5.6,15.7,0.0,19.0
2003-03-31,19.9,57,69,7.1,17.96,0.1,20.0
2003-04-01,15.3,72,66,9.2,8.06,4.6,18.0
2003-04-02,13.9,62,99,18.1,9.8,2.9,14.0
2003-04-03,13.4,49,98,13.7,12.43,0.0,12.0
2003-04-04,13.2,66,47,9.1,20.27,0.0,12.0
2003-04-05,18.3,54,7,14.2,22.23,0.0,18.0
2003-04-06,18.5,39,13,19.5,22.65,0.3,21.0
2003-04-07,10.0,57,42,22.8,20.25,2.1,11.0
2003-04-08,10.6,51,5,8.0,22.95,0.0,11.0
2003-04-09,11.1,62,73,8.3,14.55,2.3,11.0
2003-04-10,5.1,92,86,7.6,4.98,17.7,6.0
2003-04-11,12.3,76,90,7.6,15.01,0.2,13.0
2003-04-12,12.8,78,87,8.2,11.56,3.8,12.0
2003-04-13,17.5,68,9,7.7,22.91,0.0,18.0
2003-04-14,16.6,65,77,8.3,13.76,0.0,19.0
2003-04-15,16.0,63,60,11.2,10.57,0.0,19.0
2003-04-16,18.9,59,41,7.4,16.89,0.0,21.0
2003-04-17,20.0,59,41,10.3,18.35,0.0,21.0
2003-04-18,21.3,52,15,8.3,24.16,0.0,22.0
2003-04-19,13.0,70,86,14.2,6.43,7.1,14.0
2003-04-20,16.1,74,99,8.7,14.25,5.9,15.0
2003-04-21,17.5,65,86,7.4,17.07,2.0,18.0
2003-04-22,20.3,64,23,6.9,23.44,0.2,20.0
2003-04-23,21.2,62,27,6.9,23.16,0.0,21.0
2003-04-24,23.9,53,8,8.3,25.08,0.0,24.0
2003-04-25,20.5,61,91,6.6,14.71,0.0,22.0
2003-04-26,19.2,65,95,6.8,12.89,0.0,19.0
2003-04-27,22.3,61,54,7.8,24.86,0.0,22.0
2003-04-28,17.7,68,94,8.5,10.0,0.0,19.0
2003-04-29,20.6,63,88,8.0,12.02,0.0,23.0
2003-04-30,18.5,77,100,9.4,7.02,12.2,18.0
2003-05-01,20.4,78,88,7.5,17.01,5.4,22.0
2003-05-02,18.5,79,89,6.1,10.03,4.5,18.0
2003-05-03,24.5,61,29,7.7,25.37,1.0,25.0
2003-05-04,23.1,59,24,8.5,17.25,0.0,25.0
2003-05-05,26.3,58,44,9.3,24.81,0.0,26.0
2003-05-06,27.7,51,82,5.9,24.41,0.0,28.0
2003-05-07,28.7,53,52,10.4,25.65,0.0,28.0
2003-05-08,27.5,42,69,12.2,23.86,0.0,29.0
2003-05-09,27.3,48,51,7.2,23.32,0.5,25.0
2003-05-10,24.1,68,86,13.1,15.06,6.1,22.0
2003-05-11,23.4,74,58,8.0,18.82,1.6,24.0
2003-05-12,23.4,73,58,8.6,19.36,12.0,25.0
2003-05-13,21.2,70,50,13.3,14.99,6.4,25.0
2003-05-14,21.6,30,15,20.0,28.33,0.0,22.0
2003-05-15,19.9,32,3,14.3,28.48,0.0,20.0
2003-05-16,20.0,43,74,7.9,18.8,0.0,21.0
2003-05-17,21.5,50,75,10.5,16.79,0.0,21.0
2003-05-18,24.5,54,63,7.7,25.11,0.0,24.0
2003-05-19,26.0,58,58,12.1,21.65,0.7,25.0
2003-05-20,23.6,60,70,13.1,21.44,4.7,23.0
2003-05-21,22.8,33,13,15.5,28.22,0.0,24.0
2003-05-22,23.0,39,38,12.6,20.51,0.0,24.0
2003-05-23,26.8,45,20,11.2,26.34,0.0,26.0
2003-05-24,26.4,44,55,10.8,20.38,0.0,27.0
2003-05-25,25.8,49,78,6.0,20.1,0.1,27.0
2003-05-26,24.8,56,90,10.7,18.98,2.0,25.0
2003-05-27,27.9,54,83,8.4,23.7,0.0,28.0
2003-05-28,28.5,54,86,7.2,20.79,0.1,28.0
2003-05-29,27.6,62,67,8.6,22.52,2.9,29.0
2003-05-30,27.1,61,60,6.3,24.58,0.0,28.0
2003-05-31,29.6,55,59,9.0,24.76,0.1,29.0
2003-06-01,28.8,58,51,9.4,23.86,1.0,28.0
2003-06-02,28.1,66,67,7.6,22.91,1.1,28.0
2003-06-03,25.4,75,80,8.9,16.64,0.9,27.0
2003-06-04,27.6,71,66,6.0,20.55,1.9,29.0
2003-06-05,29.4,61,64,6.6,22.02,0.2,30.0
2003-06-06,30.1,53,27,8.9,26.01,0.2,30.0
2003-06-07,31.2,47,30,7.3,27.14,0.0,30.0
2003-06-08,31.5,42,39,6.4,26.38,0.0,31.0
2003-06-09,32.5,45,49,7.7,26.73,0.7,31.0
2003-06-10,33.3,44,28,6.8,27.24,0.0,33.0
2003-06-11,34.9,43,70,5.7,27.0,0.0,33.0
2003-06-12,35.8,42,50,8.5,26.84,0.0,34.0
2003-06-13,36.0,34,56,8.3,26.53,0.0,35.0
2003-06-14,34.9,42,52,7.0,24.56,1.1,34.0
2003-06-15,35.1,42,80,8.8,24.27,0.0,35.0
2003-06-16,33.8,47,29,10.8,26.63,0.0,33.0
2003-06-17,27.4,66,93,12.5,16.17,11.9,25.0
2003-06-18,31.2,55,38,14.1,26.21,0.0,31.0
2003-06-19,32.3,35,3,10.7,27.98,0.0,31.0
2003-06-20,34.9,44,1,8.4,28.77,0.0,34.0
2003-06-21,35.1,37,27,11.0,28.61,0.0,35.0
2003-06-22,33.2,48,29,9.3,25.77,0.8,33.0
2003-06-23,32.2,54,57,8.4,22.89,0.4,33.0
2003-06-24,33.8,56,41,9.2,25.33,0.0,33.0
2003-06-25,33.3,59,67,10.7,21.82,1.0,34.0
2003-06-26,33.9,51,87,10.5,21.57,0.0,33.0
2003-06-27,31.2,57,56,10.1,22.6,1.3,32.0
2003-06-28,27.0,71,70,7.8,16.22,26.4,28.0
2003-06-29,27.4,72,69,7.4,22.06,2.8,28.0
2003-06-30,26.9,72,59,8.4,17.01,2.2,30.0
2003-07-01,27.5,73,50,19.2,14.64,26.1,30.0
2003-07-02,27.3,46,31,12.4,27.02,0.0,29.0
2003-07-03,25.7,57,37,9.7,22.4,0.7,28.0
2003-07-04,26.3,54,71,9.7,25.03,0.5,25.0
2003-07-05,27.9,41,7,10.0,28.66,0.0,28.0
2003-07-06,28.8,48,17,6.6,26.22,0.0,29.0
2003-07-07,30.4,52,34,8.8,25.56,0.0,30.0
2003-07-08,31.2,52,28,5.7,26.52,0.0,30.0
2003-07-09,29.8,49,85,6.1,18.82,0.0,29.0
2003-07-10,32.1,58,20,8.0,26.12,0.0,30.0
2003-07-11,33.5,42,29,8.5,26.65,0.0,32.0
2003-07-12,32.0,55,31,6.5,22.59,0.0,32.0
2003-07-13,33.9,50,26,10.9,24.91,0.0,32.0
2003-07-14,26.4,63,82,12.5,7.96,3.5,26.0
2003-07-15,29.3,56,72,6.0,12.47,0.0,29.0
2003-07-16,29.2,65,59,9.5,14.79,2.5,30.0
2003-07-17,31.3,56,38,13.4,22.24,2.7,33.0
2003-07-18,33.2,40,6,11.3,27.32,0.0,32.0
2003-07-19,33.0,44,15,6.6,24.44,0.0,32.0
2003-07-20,33.6,43,30,7.2,24.39,0.0,32.0
2003-07-21,32.9,53,80,12.0,20.25,0.2,32.0
2003-07-22,32.8,49,42,12.0,24.97,0.3,32.0
2003-07-23,33.6,47,43,7.8,24.93,0.0,33.0
2003-07-24,26.2,72,67,9.1,11.46,34.5,26.0
2003-07-25,28.8,58,66,9.8,24.69,0.0,30.0
2003-07-26,30.5,59,31,6.5,23.94,0.0,31.0
2003-07-27,31.2,61,39,14.4,22.02,6.8,32.0
2003-07-28,31.6,51,21,14.1,24.79,0.6,30.0
2003-07-29,30.7,37,13,17.0,25.6,0.0,31.0
2003-07-30,30.1,46,32,8.9,24.15,0.0,29.0
2003-07-31,27.8,60,69,8.1,20.35,6.3,27.0
2003-08-01,31.7,44,8,10.1,25.74,0.0,30.0
2003-08-02,32.9,49,14,6.2,23.7,0.0,31.0
2003-08-03,34.7,52,21,5.4,23.87,0.0,32.0
2003-08-04,36.0,50,46,7.9,23.04,0.2,34.0
2003-08-05,36.2,48,76,8.7,21.37,0.6,34.0
2003-08-06,36.5,49,58,9.4,22.62,0.5,33.0
2003-08-07,36.2,51,54,12.1,23.12,1.6,33.0
2003-08-08,34.2,49,31,6.6,23.14,1.1,33.0
2003-08-09,36.4,49,37,7.2,24.39,0.0,34.0
2003-08-10,37.5,42,59,6.5,24.52,0.0,34.0
2003-08-11,38.1,37,34,7.9,24.1,0.0,36.0
2003-08-12,36.5,42,14,6.6,23.5,0.3,34.0
2003-08-13,36.2,46,36,8.2,22.6,0.3,35.0
2003-08-14,35.2,48,60,10.5,20.46,2.5,33.0
2003-08-15,31.5,53,83,10.5,15.07,0.0,29.0
2003-08-16,31.4,58,48,6.9,20.91,1.1,31.0
2003-08-17,31.2,58,88,7.7,18.74,1.0,31.0
2003-08-18,28.9,59,55,10.7,16.66,5.9,30.0
2003-08-19,33.0,51,8,8.3,23.71,0.0,32.0
2003-08-20,31.0,50,42,7.1,18.69,0.6,32.0
2003-08-21,30.6,52,49,9.1,19.63,1.2,30.0
2003-08-22,31.9,56,13,7.2,21.16,0.0,32.0
2003-08-23,33.6,52,17,7.8,21.18,0.1,33.0
2003-08-24,32.1,56,40,6.3,18.95,1.4,33.0
2003-08-25,30.4,67,41,10.2,20.2,3.0,31.0
2003-08-26,30.1,63,54,9.3,20.76,0.2,30.0
2003-08-27,31.1,59,43,7.0,20.61,0.0,32.0
2003-08-28,27.3,77,60,11.0,12.04,12.6,31.0
2003-08-29,21.0,89,85,11.3,5.89,33.6,29.0
2003-08-30,27.8,70,21,7.6,19.64,0.2,31.0
2003-08-31,25.5,51,15,20.5,22.1,0.0,29.0
2003-09-01,19.6,55,73,10.0,7.01,0.2,22.0
2003-09-02,22.7,59,14,9.7,21.65,0.0,25.0
2003-09-03,20.4,60,35,8.1,10.1,1.2,22.0
2003-09-04,22.4,60,21,5.6,19.41,0.0,24.0
2003-09-05,22.8,65,75,7.6,17.7,0.3,24.0
2003-09-06,25.1,57,38,6.4,19.16,0.0,27.0
2003-09-07,23.2,57,91,7.9,12.02,0.0,25.0
2003-09-08,19.3,81,99,8.1,5.14,11.3,21.0
2003-09-09,16.9,87,99,7.6,3.84,12.7,17.0
2003-09-10,25.8,65,37,12.6,19.84,0.0,28.0
2003-09-11,25.0,49,11,14.8,19.6,0.0,28.0
2003-09-12,25.0,43,11,15.0,20.17,0.0,27.0
2003-09-13,23.9,48,57,14.5,18.86,0.0,26.0
2003-09-14,23.0,60,6,11.5,19.35,0.1,25.0
2003-09-15,20.5,60,45,5.2,8.65,0.0,24.0
2003-09-16,24.0,69,39,8.0,18.42,0.0,25.0
2003-09-17,25.2,69,42,7.3,18.1,0.0,26.0
2003-09-18,26.5,67,23,9.0,18.04,0.0,27.0
2003-09-19,27.5,65,22,10.1,18.05,0.0,29.0
2003-09-20,27.8,64,17,9.7,17.94,0.0,29.0
2003-09-21,27.5,65,15,9.0,17.63,0.0,29.0
2003-09-22,25.5,62,34,7.9,16.4,0.0,27.0
2003-09-23,22.6,73,71,8.2,8.95,5.9,22.0
2003-09-24,20.3,75,61,11.3,10.0,3.2,22.0
2003-09-25,18.6,62,52,5.8,9.84,0.0,22.0
2003-09-26,20.0,60,31,5.1,14.03,0.0,21.0
2003-09-27,20.1,64,90,5.1,10.43,0.0,22.0
2003-09-28,19.1,70,72,5.4,9.25,0.4,17.0
2003-09-29,22.7,68,35,6.3,16.32,0.0,23.0
2003-09-30,18.6,80,87,7.4,5.55,3.3,21.0
2003-10-01,16.0,88,93,7.8,1.68,6.5,16.0
2003-10-02,21.2,75,83,6.7,8.91,0.0,22.0
2003-10-03,19.3,88,90,7.4,3.41,4.3,20.0
2003-10-04,22.5,77,76,5.9,11.75,6.8,23.0
2003-10-05,15.0,68,94,15.1,5.12,12.1,15.0
2003-10-06,17.4,50,18,12.0,14.83,0.0,19.0
2003-10-07,15.8,68,61,6.9,11.2,0.6,18.0
2003-10-08,17.1,41,33,23.8,15.7,1.6,20.0
2003-10-09,21.6,57,57,14.6,10.36,0.0,22.0
2003-10-10,20.6,67,3,13.0,14.37,0.0,22.0
2003-10-11,19.8,76,17,7.9,12.76,0.0,22.0
2003-10-12,19.0,82,46,6.3,6.76,0.0,22.0
2003-10-13,18.4,81,45,6.2,6.47,0.0,20.0
2003-10-14,16.5,81,96,7.9,3.21,1.0,16.0
2003-10-15,13.7,59,66,7.3,5.32,1.7,16.0
2003-10-16,14.1,61,43,7.1,8.52,0.0,16.0
2003-10-17,10.7,59,74,7.7,5.25,0.0,13.0
2003-10-18,10.3,59,99,5.4,6.15,0.0,11.0
2003-10-19,13.4,64,73,5.8,12.01,0.0,15.0
2003-10-20,10.9,83,84,5.9,1.93,6.0,11.0
2003-10-21,16.1,77,48,9.1,11.1,0.0,17.0
2003-10-22,14.1,71,33,9.4,10.26,1.2,15.0
2003-10-23,8.4,92,99,10.1,1.03,27.5,10.0
2003-10-24,12.2,77,63,7.2,11.94,0.4,12.0
2003-10-25,9.2,73,33,9.4,11.35,0.0,10.0
2003-10-26,9.0,76,65,8.0,10.15,0.1,10.0
2003-10-27,9.9,77,76,5.8,8.48,1.5,9.0
2003-10-28,10.0,76,68,7.0,7.94,0.0,12.0
2003-10-29,6.8,86,89,5.7,1.88,5.6,7.0
2003-10-30,11.0,83,62,6.4,9.86,0.0,11.0
2003-10-31,8.1,91,95,8.6,1.01,36.0,7.0
2003-11-01,12.6,91,96,6.2,2.87,49.1,14.0
2003-11-02,15.1,82,41,10.1,10.37,0.0,17.0
2003-11-03,13.5,85,46,9.4,7.83,0.0,16.0
2003-11-04,16.3,81,30,9.0,9.62,0.0,19.0
2003-11-05,15.5,79,30,10.1,9.67,0.0,17.0
2003-11-06,11.5,86,51,7.9,5.65,0.0,14.0
2003-11-07,8.7,80,95,11.8,3.76,5.3,9.0
2003-11-08,6.4,90,100,7.6,1.2,22.5,6.0
2003-11-09,12.7,80,93,7.9,4.29,0.0,13.0
2003-11-10,14.3,84,72,7.6,8.22,0.0,17.0
2003-11-11,8.4,86,84,6.5,2.55,0.5,9.0
2003-11-12,7.3,81,74,5.6,3.01,0.0,7.0
2003-11-13,8.8,77,55,7.2,6.48,0.0,11.0
2003-11-14,8.2,90,93,3.9,3.99,0.0,9.0
2003-11-15,9.2,85,81,5.8,5.39,0.0,10.0
2003-11-16,8.2,89,100,6.3,0.99,9.5,8.0
2003-11-17,12.9,85,49,5.2,7.76,2.0,13.0
2003-11-18,12.5,85,57,5.5,7.27,0.0,11.0
2003-11-19,12.7,89,38,5.9,7.19,0.0,7.0
2003-11-20,11.0,94,55,6.0,5.81,0.0,7.0
2003-11-21,11.2,90,85,5.1,3.79,0.7,9.0
2003-11-22,9.3,93,100,3.6,0.83,6.4,9.0
2003-11-23,10.3,92,100,4.0,0.63,11.9,11.0
2003-11-24,10.6,91,100,9.8,0.51,43.2,11.0
2003-11-25,12.0,89,100,8.0,1.58,3.9,12.0
2003-11-26,12.1,89,99,7.4,2.47,7.0,12.0
2003-11-27,9.8,92,100,15.5,0.41,50.1,10.0
2003-11-28,9.1,85,100,10.2,2.02,6.5,9.0
2003-11-29,11.9,73,39,7.5,7.04,0.0,11.0
2003-11-30,10.2,83,85,8.4,5.23,0.5,10.0
2003-12-01,7.3,88,100,9.7,0.63,16.8,8.0
2003-12-02,9.5,90,100,6.9,0.48,39.1,10.0
2003-12-03,10.5,88,91,8.8,1.31,19.8,10.0
2003-12-04,12.7,80,77,10.3,3.42,0.7,11.0
2003-12-05,13.0,84,40,7.9,6.17,0.0,14.0
2003-12-06,11.5,88,40,7.6,5.99,0.0,16.0
2003-12-07,6.6,70,55,15.6,2.1,2.3,8.0
2003-12-08,4.6,76,22,8.3,6.58,0.0,8.0
2003-12-09,7.0,86,40,6.5,6.24,0.0,7.0
2003-12-10,5.0,82,92,5.5,2.58,0.9,4.0
2003-12-11,9.6,82,67,6.5,5.22,0.0,11.0
2003-12-12,10.4,87,40,8.3,6.27,0.0,12.0
2003-12-13,10.3,88,82,8.3,5.45,0.0,11.0
2003-12-14,11.2,82,44,17.3,5.63,0.0,14.0
2003-12-15,10.4,46,11,17.7,6.02,0.0,13.0
2003-12-16,7.1,63,5,7.7,6.55,0.0,9.0
2003-12-17,6.9,78,65,7.0,4.11,0.0,8.0
2003-12-18,6.2,82,86,4.7,2.4,0.0,5.0
2003-12-19,7.8,87,78,5.2,2.57,0.0,6.0
2003-12-20,5.9,92,71,5.2,4.49,0.0,8.0
2003-12-21,5.8,91,82,10.3,1.3,3.5,4.0
2003-12-22,8.8,58,32,20.8,6.19,0.0,10.0
2003-12-23,3.6,34,4,20.3,6.47,0.0,5.0
2003-12-24,2.6,56,8,7.2,6.35,0.0,5.0
2003-12-25,2.7,52,27,7.2,5.28,0.0,6.0
2003-12-26,6.6,86,65,7.3,5.85,0.0,9.0
2003-12-27,5.0,90,100,8.0,1.58,0.7,4.0
2003-12-28,4.1,96,100,7.8,0.37,39.0,2.0
2003-12-29,5.6,91,100,10.1,1.37,24.8,5.0
2003-12-30,7.5,91,96,8.5,2.57,12.4,5.0
2003-12-31,6.2,93,92,8.3,1.97,3.8,8.0
2004-01-01,7.4,85,69,10.5,5.68,0.7,9.0
2004-01-02,3.5,94,99,6.8,1.92,14.1,5.0
2004-01-03,3.8,88,64,6.8,3.1,0.0,6.0
2004-01-04,2.6,83,60,5.4,2.84,0.0,3.0
2004-01-05,7.7,84,27,8.2,5.97,0.0,7.0
2004-01-06,3.4,82,69,6.8,4.38,0.0,1.0
2004-01-07,4.3,88,90,6.2,5.17,0.0,4.0
2004-01-08,3.9,92,96,6.7,2.46,0.3,4.0
2004-01-09,4.7,92,55,5.0,5.11,1.4,3.0
2004-01-10,10.6,84,31,9.4,6.66,0.0,9.0
2004-01-11,8.6,80,70,9.6,5.23,0.0,10.0
2004-01-12,8.1,88,88,7.6,4.27,1.9,8.0
2004-01-13,9.4,93,79,8.0,3.94,6.0,9.0
2004-01-14,12.7,83,38,9.4,6.77,0.1,13.0
2004-01-15,9.7,60,32,16.1,7.41,0.1,11.0
2004-01-16,7.4,68,70,7.9,6.43,0.0,9.0
2004-01-17,7.6,79,79,7.0,6.03,0.5,9.0
2004-01-18,2.9,94,98,9.4,0.94,12.4,5.0
2004-01-19,6.1,88,81,7.1,7.19,0.0,7.0
2004-01-20,9.9,85,59,10.5,7.11,0.0,10.0
2004-01-21,6.8,82,12,9.7,7.05,0.0,7.0
2004-01-22,2.6,87,75,5.2,3.34,0.0,4.0
2004-01-23,2.2,76,83,8.0,4.06,0.0,2.0
2004-01-24,1.2,78,75,6.0,4.73,0.0,2.0
2004-01-25,8.2,78,15,9.6,8.42,0.0,7.0
2004-01-26,1.3,89,96,6.2,2.0,4.4,1.0
2004-01-27,3.7,85,87,4.8,6.78,0.8,3.0
2004-01-28,6.7,65,63,12.7,8.7,0.0,9.0
2004-01-29,5.5,56,50,16.1,6.45,0.0,7.0
2004-01-30,5.9,54,17,10.7,9.39,0.0,7.0
2004-01-31,5.9,68,80,7.1,4.96,0.0,8.0
2004-02-01,8.4,78,75,5.8,8.47,0.0,11.0
2004-02-02,9.7,88,77,7.2,8.26,0.0,12.0
2004-02-03,12.2,83,75,5.4,8.81,0.0,11.0
2004-02-04,13.1,86,67,7.3,9.23,0.0,15.0
2004-02-05,11.6,90,50,5.8,9.35,0.0,14.0
2004-02-06,10.3,92,59,5.1,8.33,0.0,14.0
2004-02-07,9.6,93,83,6.8,4.51,0.1,10.0
2004-02-08,11.7,74,14,9.7,10.72,0.0,15.0
2004-02-09,11.1,58,6,13.4,10.86,0.0,15.0
2004-02-10,9.4,61,27,9.8,10.76,0.0,11.0
2004-02-11,11.7,71,54,10.7,8.99,0.0,13.0
2004-02-12,8.2,74,1,10.5,10.9,0.0,13.0
2004-02-13,5.2,74,56,9.0,6.99,0.0,7.0
2004-02-14,8.8,89,29,5.9,9.25,0.0,11.0
2004-02-15,10.9,90,51,7.4,10.01,0.0,12.0
2004-02-16,9.4,82,58,6.7,6.18,0.0,11.0
2004-02-17,6.8,84,59,7.4,3.39,0.0,9.0
2004-02-18,10.1,83,61,7.6,10.94,1.2,11.0
2004-02-19,4.2,99,100,7.7,2.16,31.1,3.0
2004-02-20,1.6,98,99,4.4,3.39,10.9,2.0
2004-02-21,2.9,97,100,9.1,1.38,50.7,2.0
2004-02-22,6.8,92,100,6.6,2.19,17.1,5.0
2004-02-23,8.2,86,97,21.7,2.95,13.7,6.0
2004-02-24,5.1,44,16,18.9,13.83,0.0,6.0
2004-02-25,4.2,61,71,6.7,12.11,0.0,4.0
2004-02-26,5.0,72,90,5.6,8.94,0.0,4.0
2004-02-27,6.7,65,53,9.9,12.06,0.0,6.0
2004-02-28,5.6,56,99,10.2,9.21,0.0,2.0
2004-02-29,6.6,46,97,13.7,12.36,0.0,7.0
2004-03-01,6.6,60,30,10.9,14.97,0.0,7.0
2004-03-02,6.8,63,26,8.0,14.77,0.0,7.0
2004-03-03,11.3,66,5,7.9,15.26,0.0,12.0
2004-03-04,10.9,72,45,7.4,14.76,0.0,11.0
2004-03-05,7.8,79,80,7.2,6.12,0.0,8.0
2004-03-06,5.1,85,100,7.0,4.73,3.7,5.0
2004-03-07,7.7,84,97,6.5,9.41,0.0,6.0
2004-03-08,10.0,72,71,7.3,12.02,0.0,9.0
2004-03-09,10.6,58,26,8.3,16.72,0.0,12.0
2004-03-10,3.4,89,86,10.8,4.45,20.6,5.0
2004-03-11,3.2,93,91,7.6,5.79,23.1,4.0
2004-03-12,6.8,82,89,6.3,7.64,0.0,10.0
2004-03-13,9.9,74,90,7.2,9.49,0.0,12.0
2004-03-14,10.0,84,73,5.5,4.38,1.8,11.0
2004-03-15,15.2,81,9,7.0,16.74,0.0,17.0
2004-03-16,17.9,77,2,6.2,17.67,0.0,20.0
2004-03-17,19.4,74,0,6.5,17.96,0.0,21.0
2004-03-18,19.9,74,29,6.1,17.95,0.0,22.0
2004-03-19,17.6,76,51,9.9,17.32,0.0,19.0
2004-03-20,16.6,82,98,11.8,14.25,0.0,17.0
2004-03-21,14.3,83,86,7.9,8.73,0.6,16.0
2004-03-22,15.4,61,49,10.8,19.3,0.9,19.0
2004-03-23,7.8,90,100,11.3,5.4,7.5,9.0
2004-03-24,13.4,66,99,14.8,13.43,0.2,15.0
2004-03-25,13.0,47,98,12.8,13.74,0.0,14.0
2004-03-26,9.2,79,97,8.1,10.59,3.0,11.0
2004-03-27,9.7,77,78,7.0,10.74,4.2,8.0
2004-03-28,12.5,71,10,6.5,16.9,0.0,12.0
2004-03-29,14.2,73,11,7.6,16.88,0.0,15.0
2004-03-30,13.2,74,48,7.9,13.18,0.0,14.0
2004-03-31,15.0,69,51,6.3,13.48,0.0,17.0
2004-04-01,16.9,71,9,6.5,18.99,0.0,19.0
2004-04-02,16.7,75,55,7.6,14.97,0.6,19.0
2004-04-03,15.5,77,64,7.0,11.24,4.3,17.0
2004-04-04,17.7,75,55,8.0,15.15,0.0,19.0
2004-04-05,16.4,78,69,6.8,15.82,2.2,19.0
2004-04-06,14.4,81,63,7.9,17.97,4.2,17.0
2004-04-07,14.4,49,45,13.5,21.2,0.1,17.0
2004-04-08,13.5,58,50,9.7,21.23,0.0,15.0
2004-04-09,6.8,87,100,8.7,3.82,23.9,8.0
2004-04-10,11.2,83,81,5.9,14.13,11.2,10.0
2004-04-11,15.9,69,25,6.5,23.41,0.6,17.0
2004-04-12,14.0,66,68,12.6,17.52,0.3,14.0
2004-04-13,14.0,75,68,8.5,18.94,0.0,15.0
2004-04-14,15.4,72,30,6.5,20.28,0.0,17.0
2004-04-15,12.4,81,90,11.4,8.0,10.6,13.0
2004-04-16,9.6,87,100,9.0,3.99,13.8,9.0
2004-04-17,15.3,75,90,7.2,16.2,0.8,16.0
2004-04-18,14.5,83,80,11.8,12.16,9.8,18.0
2004-04-19,10.1,88,98,17.8,2.84,37.9,11.0
2004-04-20,18.5,64,27,9.1,25.19,0.0,19.0
2004-04-21,19.4,68,19,7.5,24.09,0.0,21.0
2004-04-22,20.3,70,46,8.6,22.47,0.0,22.0
2004-04-23,21.7,73,88,6.1,20.81,0.3,23.0
2004-04-24,23.4,59,23,20.0,25.2,0.0,25.0
2004-04-25,17.7,64,28,9.5,22.19,0.7,19.0
2004-04-26,17.1,66,19,9.7,18.12,0.0,19.0
2004-04-27,18.6,67,31,8.8,20.44,0.0,21.0
2004-04-28,18.7,70,51,8.8,19.3,0.3,22.0
2004-04-29,16.2,82,87,7.6,10.95,15.2,18.0
2004-04-30,13.8,89,98,9.2,4.31,40.1,13.0
2004-05-01,17.2,86,86,7.6,18.43,8.1,18.0
2004-05-02,16.5,85,83,6.0,17.63,8.4,18.0
2004-05-03,12.0,89,97,11.4,3.56,14.7,13.0
2004-05-04,14.4,86,100,10.5,5.16,15.1,15.0
2004-05-05,12.6,93,98,17.0,3.96,65.0,15.0
2004-05-06,12.5,78,88,9.3,14.41,15.9,12.0
2004-05-07,15.4,68,88,7.6,20.94,0.9,17.0
2004-05-08,16.6,71,79,7.6,24.5,1.0,17.0
2004-05-09,16.3,70,74,6.2,20.92,1.0,18.0
2004-05-10,17.7,74,29,7.9,24.24,0.0,19.0
2004-05-11,19.3,73,23,6.2,24.29,0.1,21.0
2004-05-12,19.2,76,60,7.2,23.12,0.6,20.0
2004-05-13,20.5,71,57,8.2,25.26,0.4,20.0
2004-05-14,20.3,66,22,9.0,25.83,0.0,22.0
2004-05-15,19.8,71,55,6.9,18.7,1.1,21.0
2004-05-16,24.6,64,21,18.0,28.03,0.0,28.0
2004-05-17,20.9,64,14,11.5,26.18,0.0,22.0
2004-05-18,22.4,66,18,6.8,25.47,0.0,24.0
2004-05-19,25.0,69,3,8.5,27.49,0.0,26.0
2004-05-20,23.6,76,25,8.1,22.23,0.5,24.0
2004-05-21,20.1,79,90,7.5,12.87,9.1,21.0
2004-05-22,20.0,80,69,6.8,19.84,4.5,21.0
2004-05-23,21.0,62,28,15.5,28.25,4.7,20.0
2004-05-24,18.2,56,23,12.3,23.12,2.5,19.0
2004-05-25,19.2,58,22,7.9,28.01,0.0,21.0
2004-05-26,21.0,65,78,6.0,24.98,0.0,22.0
2004-05-27,22.7,66,54,8.1,23.82,0.1,24.0
2004-05-28,22.2,70,41,12.1,25.27,2.5,23.0
2004-05-29,21.1,66,32,9.0,24.11,0.0,22.0
2004-05-30,22.8,57,66,6.7,25.39,0.0,24.0
2004-05-31,21.9,64,92,6.3,15.47,0.0,21.0
2004-06-01,19.4,77,94,8.7,15.87,3.3,20.0
2004-06-02,23.4,71,62,9.5,23.21,0.3,23.0
2004-06-03,24.8,51,60,18.9,25.35,0.0,27.0
2004-06-04,25.8,48,65,12.8,26.99,0.0,27.0
2004-06-05,25.1,55,47,7.9,26.06,0.0,26.0
2004-06-06,23.4,62,20,8.7,25.95,0.2,24.0
2004-06-07,26.1,55,11,6.8,26.59,0.0,27.0
2004-06-08,29.2,56,15,6.1,26.92,0.0,28.0
2004-06-09,31.9,51,2,6.9,28.93,0.0,31.0
2004-06-10,32.9,43,24,10.3,29.34,0.0,33.0
2004-06-11,31.3,44,65,10.0,25.55,0.0,30.0
2004-06-12,28.7,58,46,10.5,24.27,1.2,29.0
2004-06-13,21.3,54,60,15.1,22.76,7.2,22.0
2004-06-14,24.8,54,36,9.1,26.35,0.0,25.0
2004-06-15,26.0,52,35,8.0,25.29,0.0,26.0
2004-06-16,28.7,52,40,5.2,25.19,0.2,28.0
2004-06-17,26.7,59,28,10.8,25.71,0.2,27.0
2004-06-18,29.6,52,24,8.7,27.34,0.0,30.0
2004-06-19,26.8,62,80,9.7,18.5,8.3,27.0
2004-06-20,23.4,63,71,10.0,20.76,8.4,23.0
2004-06-21,23.3,60,43,6.0,23.11,0.2,24.0
2004-06-22,23.0,66,78,7.2,16.8,1.4,23.0
2004-06-23,22.1,72,85,6.0,8.25,0.9,24.0
2004-06-24,27.5,68,45,6.6,24.36,0.0,27.0
2004-06-25,28.0,54,40,7.3,26.92,3.1,29.0
2004-06-26,26.4,65,75,13.2,18.15,3.0,27.0
2004-06-27,30.9,61,42,6.3,27.1,0.0,30.0
2004-06-28,32.4,57,45,8.7,25.08,0.2,31.0
2004-06-29,31.1,54,27,12.0,26.51,0.3,31.0
2004-06-30,27.1,58,54,9.1,13.63,4.3,28.0
2004-07-01,29.1,63,69,9.3,18.83,9.3,28.0
2004-07-02,29.3,59,47,15.8,25.07,2.9,29.0
2004-07-03,26.4,51,30,16.3,24.04,1.3,26.0
2004-07-04,26.7,59,26,6.4,17.88,0.1,27.0
2004-07-05,30.4,57,35,8.1,24.33,0.0,29.0
2004-07-06,28.9,62,75,7.0,19.17,4.5,28.0
2004-07-07,28.0,69,90,12.7,12.5,14.5,26.0
2004-07-08,26.4,67,69,11.4,10.39,8.5,22.0
2004-07-09,26.3,64,37,8.9,26.89,18.5,27.0
2004-07-10,25.6,53,31,5.9,27.89,0.3,26.0
2004-07-11,24.8,45,40,9.4,26.1,0.1,25.0
2004-07-12,22.6,56,58,7.8,24.47,0.5,22.0
2004-07-13,25.6,46,23,10.3,26.36,0.0,26.0
2004-07-14,27.0,40,7,9.0,28.52,0.0,26.0
2004-07-15,30.4,45,14,8.7,27.49,0.0,29.0
2004-07-16,29.0,52,49,6.5,23.87,0.2,29.0
2004-07-17,29.0,61,42,8.0,19.62,1.0,30.0
2004-07-18,30.4,50,61,6.2,23.12,0.0,30.0
2004-07-19,30.8,48,65,6.3,22.99,0.0,30.0
2004-07-20,29.5,55,66,9.4,18.75,0.3,29.0
2004-07-21,32.2,54,30,8.6,24.31,0.0,32.0
2004-07-22,34.3,51,23,7.2,25.44,0.0,33.0
2004-07-23,35.4,49,49,13.0,24.65,2.0,34.0
2004-07-24,26.7,59,88,11.2,10.63,10.8,26.0
2004-07-25,30.6,48,53,10.4,25.91,0.0,30.0
2004-07-26,28.5,56,56,7.9,23.7,0.3,29.0
2004-07-27,26.5,45,13,10.0,26.55,0.0,27.0
2004-07-28,27.8,51,7,9.0,24.79,0.0,27.0
2004-07-29,29.5,46,18,8.5,25.9,0.0,28.0
2004-07-30,31.5,49,24,8.2,24.44,0.0,29.0
2004-07-31,32.7,50,21,5.8,24.46,0.0,31.0
2004-08-01,33.2,53,16,6.2,23.88,0.0,32.0
2004-08-02,32.0,57,36,7.0,22.21,0.9,32.0
2004-08-03,31.5,66,70,9.5,20.41,1.2,31.0
2004-08-04,28.3,79,81,9.7,19.58,13.0,29.0
2004-08-05,26.1,79,74,8.6,18.7,13.9,28.0
2004-08-06,28.4,74,58,7.2,24.1,0.2,29.0
2004-08-07,27.8,76,50,7.2,21.06,0.2,29.0
2004-08-08,25.5,77,68,8.5,15.76,0.3,27.0
2004-08-09,25.4,79,61,6.1,13.07,0.3,26.0
2004-08-10,26.0,81,92,10.2,8.52,5.0,26.0
2004-08-11,26.1,75,67,6.5,9.38,8.5,27.0
2004-08-12,27.0,75,62,8.4,14.25,5.6,28.0
2004-08-13,29.5,58,18,8.8,25.44,0.6,29.0
2004-08-14,29.2,37,12,15.1,25.19,0.0,29.0
2004-08-15,29.8,40,35,15.8,24.01,0.0,28.0
2004-08-16,28.2,58,69,7.1,16.71,0.0,27.0
2004-08-17,28.4,60,92,8.9,15.3,0.2,27.0
2004-08-18,25.2,77,73,6.6,12.04,12.5,26.0
2004-08-19,27.2,74,79,7.3,13.47,4.9,29.0
2004-08-20,25.6,79,57,8.8,13.75,12.8,29.0
2004-08-21,26.0,58,25,15.5,23.49,1.4,27.0
2004-08-22,25.8,42,21,16.0,23.78,0.0,27.0
2004-08-23,26.2,58,29,7.3,22.1,0.0,27.0
2004-08-24,22.7,71,76,6.8,9.68,3.8,23.0
2004-08-25,24.7,75,58,6.5,11.43,0.4,26.0
2004-08-26,25.4,57,30,17.7,22.63,8.8,27.0
2004-08-27,26.7,40,22,14.4,23.06,0.0,27.0
2004-08-28,26.8,58,10,8.0,20.81,0.0,27.0
2004-08-29,26.8,58,53,7.6,17.58,0.1,27.0
2004-08-30,27.3,63,58,7.6,18.88,0.0,26.0
2004-08-31,26.1,64,58,4.6,14.13,0.0,26.0
2004-09-01,22.1,75,77,9.0,6.05,3.8,21.0
2004-09-02,25.4,67,33,6.9,11.44,0.0,27.0
2004-09-03,29.7,65,24,7.8,20.14,0.0,29.0
2004-09-04,31.4,61,30,7.9,20.08,0.0,31.0
2004-09-05,27.6,58,44,8.2,13.33,0.0,29.0
2004-09-06,26.3,54,62,6.6,11.62,0.7,26.0
2004-09-07,27.2,57,39,4.9,15.66,0.0,27.0
2004-09-08,28.7,58,19,5.9,19.51,0.0,28.0
2004-09-09,27.8,51,19,6.5,15.39,0.0,27.0
2004-09-10,25.7,50,58,6.9,12.88,0.0,25.0
2004-09-11,26.4,55,77,5.6,14.31,0.0,25.0
2004-09-12,23.8,70,74,6.6,10.22,6.4,21.0
2004-09-13,21.0,79,78,10.2,5.37,4.3,22.0
2004-09-14,20.0,82,95,10.6,4.07,13.6,20.0
2004-09-15,22.6,81,70,6.6,12.43,0.6,22.0
2004-09-16,18.4,79,76,8.1,9.27,3.4,17.0
2004-09-17,21.5,69,35,5.5,13.03,0.0,22.0
2004-09-18,21.8,69,17,5.2,12.74,0.0,23.0
2004-09-19,23.3,77,52,5.5,14.68,0.0,22.0
2004-09-20,23.5,75,71,5.0,12.21,0.0,23.0
2004-09-21,24.8,72,59,6.6,17.26,0.0,23.0
2004-09-22,26.3,45,30,15.2,17.89,0.0,26.0
2004-09-23,27.8,52,78,9.0,16.65,0.0,29.0
2004-09-24,22.1,54,47,26.6,16.2,0.7,24.0
2004-09-25,21.9,48,17,16.3,18.1,0.0,22.0
2004-09-26,21.6,40,51,13.8,14.45,0.0,22.0
2004-09-27,21.8,50,28,7.6,15.99,0.0,19.0
2004-09-28,21.4,59,60,5.2,13.87,0.0,20.0
2004-09-29,21.8,66,52,5.7,13.5,0.0,20.0
2004-09-30,23.7,68,28,6.2,14.58,0.0,22.0
2004-10-01,22.0,73,56,6.9,9.72,0.0,23.0
2004-10-02,23.2,69,82,6.8,12.46,0.0,21.0
2004-10-03,23.2,67,65,5.2,12.08,0.0,22.0
2004-10-04,21.5,72,73,4.5,7.44,0.0,21.0
2004-10-05,22.2,73,53,5.8,8.29,0.0,21.0
2004-10-06,21.5,76,69,5.6,5.31,0.6,21.0
2004-10-07,21.2,79,92,4.8,5.07,0.7,19.0
2004-10-08,21.2,78,94,3.6,4.62,0.9,21.0
2004-10-09,21.4,76,90,4.9,5.51,0.3,21.0
2004-10-10,18.0,92,85,8.4,3.43,30.0,20.0
2004-10-11,16.9,91,83,9.7,7.38,14.3,16.0
2004-10-12,12.2,80,100,5.9,2.25,4.8,10.0
2004-10-13,12.6,66,93,5.0,4.94,0.0,11.0
2004-10-14,13.2,74,96,5.8,6.11,0.8,12.0
2004-10-15,12.4,87,99,7.9,4.1,19.2,10.0
2004-10-16,14.3,76,74,8.4,11.4,2.8,14.0
2004-10-17,15.2,70,38,10.2,11.88,0.6,15.0
2004-10-18,14.5,75,73,10.5,9.94,0.0,14.0
2004-10-19,11.2,79,93,7.6,1.4,3.4,9.0
2004-10-20,15.6,82,90,5.6,4.54,0.4,11.0
2004-10-21,19.0,83,72,5.1,9.61,0.0,16.0
2004-10-22,17.0,88,96,5.0,3.76,2.4,15.0
2004-10-23,19.1,84,72,7.3,8.44,0.0,19.0
2004-10-24,18.0,84,49,5.4,7.54,0.0,18.0
2004-10-25,16.3,86,99,4.9,1.99,2.2,14.0
2004-10-26,15.2,96,100,17.7,1.36,49.6,15.0
2004-10-27,17.3,88,99,13.6,5.52,12.3,15.0
2004-10-28,14.6,91,99,7.6,3.47,9.6,13.0
2004-10-29,13.3,91,98,8.6,1.7,44.1,12.0
2004-10-30,15.3,88,94,8.1,4.05,11.0,16.0
2004-10-31,13.6,84,98,11.6,1.52,4.8,15.0
2004-11-01,14.7,92,100,7.6,1.48,35.6,13.0
2004-11-02,15.6,92,99,9.0,1.7,30.1,16.0
2004-11-03,20.8,83,91,10.1,6.2,0.0,19.0
2004-11-04,20.8,82,67,7.9,8.5,0.0,18.0
2004-11-05,20.1,80,54,8.8,7.72,0.0,18.0
2004-11-06,16.6,87,48,6.6,8.51,0.0,15.0
2004-11-07,12.8,73,19,15.0,8.55,0.3,14.0
2004-11-08,11.8,59,4,12.0,9.71,0.0,13.0
2004-11-09,10.4,73,36,8.3,9.09,0.0,7.0
2004-11-10,9.7,74,83,8.5,7.37,0.1,6.0
2004-11-11,8.8,85,98,10.5,2.49,7.4,7.0
2004-11-12,13.7,84,83,11.3,5.49,5.7,12.0
2004-11-13,14.7,65,38,28.5,8.4,0.0,18.0
2004-11-14,9.4,32,22,24.2,9.01,0.0,12.0
2004-11-15,10.3,58,51,10.5,7.99,0.0,10.0
2004-11-16,12.1,77,13,6.8,8.42,0.0,12.0
2004-11-17,10.9,80,20,5.9,7.98,0.0,12.0
2004-11-18,11.1,90,44,7.2,7.77,0.0,14.0
2004-11-19,12.8,68,62,30.9,6.17,0.0,16.0
2004-11-20,8.1,49,6,15.7,8.16,0.0,10.0
2004-11-21,8.2,68,8,7.2,7.83,0.0,9.0
2004-11-22,9.0,79,33,6.6,6.97,0.0,8.0
2004-11-23,11.3,89,27,7.7,7.54,0.0,13.0
2004-11-24,11.1,85,9,8.8,7.49,0.0,10.0
2004-11-25,8.4,91,81,6.5,2.79,0.0,8.0
2004-11-26,8.5,87,51,5.4,5.28,0.0,10.0
2004-11-27,10.7,88,41,6.5,7.15,0.0,12.0
2004-11-28,8.8,87,100,8.6,4.78,0.0,9.0
2004-11-29,6.9,88,100,10.9,0.59,31.7,6.0
2004-11-30,7.2,89,94,10.1,1.5,36.4,9.0
2004-12-01,6.6,90,84,7.8,2.26,4.0,7.0
2004-12-02,6.8,89,90,7.4,1.09,1.5,8.0
2004-12-03,10.1,88,67,5.4,4.77,0.0,8.0
2004-12-04,9.4,88,70,7.6,4.1,0.0,9.0
2004-12-05,10.0,88,82,6.5,3.97,0.0,10.0
2004-12-06,10.9,86,56,8.7,4.43,0.0,11.0
2004-12-07,12.2,87,52,7.9,5.68,0.0,13.0
2004-12-08,11.3,90,78,8.7,5.4,0.0,11.0
2004-12-09,11.1,85,55,11.2,6.15,0.0,14.0
2004-12-10,10.1,91,40,7.9,5.91,0.0,13.0
2004-12-11,10.2,88,26,9.8,6.17,0.0,14.0
2004-12-12,10.1,88,40,9.7,6.25,0.0,12.0
2004-12-13,9.3,90,46,7.6,6.12,0.0,10.0
2004-12-14,8.5,88,42,7.9,6.08,0.0,11.0
2004-12-15,7.9,89,89,8.3,4.6,0.0,10.0
2004-12-16,5.9,94,95,7.6,1.89,1.9,5.0
2004-12-17,5.5,94,91,5.8,3.69,0.9,6.0
2004-12-18,8.9,56,15,21.9,6.65,0.0,10.0
2004-12-19,6.0,69,75,8.1,4.11,0.1,8.0
2004-12-20,5.6,86,77,8.8,2.46,0.1,8.0
2004-12-21,4.5,87,40,7.2,5.7,0.0,7.0
2004-12-22,3.3,87,47,5.8,6.13,0.0,5.0
2004-12-23,5.0,87,38,4.3,5.29,0.0,6.0
2004-12-24,4.6,94,68,6.5,4.99,0.0,3.0
2004-12-25,2.6,97,97,6.8,0.75,12.3,2.0
2004-12-26,5.2,95,100,10.6,0.92,32.0,4.0
2004-12-27,9.4,85,73,9.4,5.68,1.0,8.0
2004-12-28,4.9,85,81,9.4,2.02,0.2,7.0
2004-12-29,6.8,45,84,17.3,4.09,0.0,9.0
2004-12-30,6.1,66,23,11.9,6.62,0.0,9.0
2004-12-31,5.7,80,35,9.2,6.0,0.0,8.0
2005-01-01,7.4,85,54,8.3,6.11,0.0,8.0
2005-01-02,8.7,83,43,10.9,6.29,0.0,11.0
2005-01-03,9.3,64,0,16.2,6.67,0.0,13.0
2005-01-04,9.7,76,14,9.0,6.44,0.0,11.0
2005-01-05,8.5,90,41,4.0,5.84,0.0,11.0
2005-01-06,10.7,89,38,9.4,6.03,0.0,12.0
2005-01-07,9.6,85,5,8.6,6.62,0.0,9.0
2005-01-08,8.3,92,60,5.8,5.29,0.0,11.0
2005-01-09,7.3,97,94,4.8,3.18,0.0,10.0
2005-01-10,8.2,93,51,5.4,4.82,0.0,10.0
2005-01-11,7.9,94,53,6.2,6.08,0.0,11.0
2005-01-12,6.6,93,49,6.0,5.5,0.0,8.0
2005-01-13,8.5,90,49,7.2,6.36,0.0,9.0
2005-01-14,7.2,85,1,7.6,7.01,0.0,2.0
2005-01-15,4.0,92,37,5.7,5.16,0.0,0.0
2005-01-16,3.5,88,49,6.2,3.49,0.0,0.0
2005-01-17,4.7,92,52,3.8,5.77,0.0,0.0
2005-01-18,2.8,95,93,5.1,2.28,3.9,0.0
2005-01-19,9.2,64,35,13.0,8.14,0.0,9.0
2005-01-20,8.1,61,33,10.6,7.62,0.0,9.0
2005-01-21,12.6,75,29,13.4,6.11,0.4,17.0
2005-01-22,10.2,61,28,17.7,7.39,0.0,13.0
2005-01-23,2.7,81,64,8.2,2.39,1.9,6.0
2005-01-24,5.6,67,69,20.5,7.19,0.0,7.0
2005-01-25,3.3,30,38,22.7,8.7,0.0,5.0
2005-01-26,2.9,32,69,18.0,6.62,0.0,6.0
2005-01-27,3.8,42,21,14.8,8.97,0.0,5.0
2005-01-28,2.0,69,25,6.4,7.89,0.2,2.0
2005-01-29,2.2,62,21,7.6,8.95,0.0,2.0
2005-01-30,4.2,61,7,7.6,9.44,0.0,4.0
2005-01-31,5.9,63,18,7.0,9.42,0.0,6.0
2005-02-01,11.5,57,36,21.0,9.11,0.0,14.0
2005-02-02,8.5,56,5,13.8,9.63,0.0,10.0
2005-02-03,11.7,59,2,14.4,9.94,0.0,16.0
2005-02-04,5.9,72,29,9.9,4.34,0.0,7.0
2005-02-05,2.8,79,65,8.0,3.67,0.0,3.0
2005-02-06,4.3,73,22,7.9,8.95,0.0,6.0
2005-02-07,4.0,73,33,6.5,7.8,0.0,4.0
2005-02-08,4.9,71,46,7.2,7.35,0.0,6.0
2005-02-09,6.7,78,19,6.6,10.75,0.0,7.0
2005-02-10,8.3,79,19,5.1,10.8,0.0,10.0
2005-02-11,9.5,80,70,5.1,7.37,0.0,13.0
2005-02-12,9.9,89,78,7.6,6.96,0.0,11.0
2005-02-13,12.2,73,41,13.8,11.42,0.3,15.0
2005-02-14,8.8,33,43,25.0,11.26,0.0,11.0
2005-02-15,8.9,39,58,21.2,11.8,0.0,11.0
2005-02-16,7.3,34,64,18.0,8.92,0.0,9.0
2005-02-17,8.5,43,11,13.5,12.56,0.0,8.0
2005-02-18,7.5,64,1,6.2,12.45,0.0,8.0
2005-02-19,5.5,67,80,4.7,7.24,0.0,6.0
2005-02-20,2.6,89,100,4.5,4.44,3.6,3.0
2005-02-21,2.6,89,100,8.8,5.74,1.2,3.0
2005-02-22,4.9,83,72,9.8,12.18,0.5,2.0
2005-02-23,4.9,74,31,7.2,12.18,0.0,6.0
2005-02-24,5.0,78,42,8.7,11.1,2.2,5.0
2005-02-25,5.7,76,49,5.7,12.78,1.7,6.0
2005-02-26,6.5,74,26,8.6,13.45,0.0,7.0
2005-02-27,7.0,64,46,10.5,13.89,0.6,6.0
2005-02-28,-0.0,68,79,8.9,10.9,6.5,1.0
2005-03-01,-0.7,50,58,7.1,12.73,0.0,0.0
2005-03-02,1.7,51,28,6.6,14.85,0.0,4.0
2005-03-03,0.2,71,87,5.7,4.81,3.5,0.0
2005-03-04,4.1,79,40,8.3,15.4,0.0,5.0
2005-03-05,3.7,84,79,6.1,10.41,0.3,5.0
2005-03-06,8.6,57,42,16.6,15.45,0.0,9.0
2005-03-07,6.8,34,28,13.0,16.19,0.0,9.0
2005-03-08,10.9,48,29,10.4,16.35,0.0,13.0
2005-03-09,13.5,48,5,11.9,16.51,0.0,15.0
2005-03-10,13.6,51,3,10.4,17.17,0.0,16.0
2005-03-11,10.2,68,16,9.1,16.61,0.0,12.0
2005-03-12,11.8,76,44,7.9,15.12,0.0,14.0
2005-03-13,12.7,52,33,11.7,17.16,0.0,16.0
2005-03-14,11.9,65,62,6.3,11.78,0.0,14.0
2005-03-15,16.0,66,9,6.7,17.28,0.0,17.0
2005-03-16,18.0,66,0,6.2,17.51,0.0,19.0
2005-03-17,20.3,68,6,8.8,18.0,0.0,21.0
2005-03-18,22.5,64,0,8.7,18.17,0.0,25.0
2005-03-19,23.3,63,0,11.5,18.27,0.0,29.0
2005-03-20,18.8,73,17,9.4,17.82,0.0,17.0
2005-03-21,16.0,69,87,6.5,11.28,0.0,15.0
2005-03-22,12.6,77,99,6.2,6.1,1.3,14.0
2005-03-23,17.2,74,81,6.7,12.42,0.9,17.0
2005-03-24,16.2,76,86,6.5,9.06,1.4,16.0
2005-03-25,16.6,76,74,6.6,12.22,2.4,18.0
2005-03-26,12.9,89,98,9.2,4.05,8.9,13.0
2005-03-27,13.2,89,100,7.0,5.9,21.0,13.0
2005-03-28,20.4,71,49,9.4,19.64,0.1,21.0
2005-03-29,14.6,83,89,6.3,8.27,6.1,15.0
2005-03-30,16.0,80,89,4.4,13.2,1.8,17.0
2005-03-31,16.7,80,82,7.6,17.24,6.8,18.0
2005-04-01,14.7,66,67,6.8,10.75,2.7,14.0
2005-04-02,13.5,59,45,8.1,17.38,0.0,15.0
2005-04-03,14.6,59,13,7.7,21.6,0.0,16.0
2005-04-04,15.8,59,2,6.2,21.88,0.0,17.0
2005-04-05,16.6,60,17,6.1,22.1,0.0,18.0
2005-04-06,17.1,61,60,7.1,20.46,0.0,18.0
2005-04-07,12.2,78,99,6.4,5.04,6.8,13.0
2005-04-08,11.8,90,100,10.2,3.83,33.1,11.0
2005-04-09,13.3,72,73,13.0,13.75,7.4,13.0
2005-04-10,14.3,48,88,16.6,18.69,0.0,14.0
2005-04-11,13.8,66,98,7.1,10.24,0.3,12.0
2005-04-12,13.4,83,93,10.5,8.62,2.6,14.0
2005-04-13,17.6,76,33,7.8,21.74,1.6,19.0
2005-04-14,16.9,79,36,8.7,17.15,1.8,19.0
2005-04-15,15.5,76,65,9.5,10.9,2.0,15.0
2005-04-16,10.5,87,92,13.5,3.42,29.1,10.0
2005-04-17,12.0,81,76,8.3,13.76,4.6,13.0
2005-04-18,17.0,71,58,10.4,20.01,1.1,19.0
2005-04-19,14.9,82,91,7.2,13.37,8.6,14.0
2005-04-20,16.0,75,95,5.2,15.18,3.2,15.0
2005-04-21,18.2,63,17,12.9,24.88,0.0,20.0
2005-04-22,13.2,70,53,12.2,11.13,0.0,15.0
2005-04-23,13.1,72,95,8.3,11.31,0.0,15.0
2005-04-24,12.0,86,100,8.0,3.28,11.4,11.0
2005-04-25,14.1,81,91,6.9,10.93,5.3,15.0
2005-04-26,20.7,66,14,11.6,26.02,0.0,22.0
2005-04-27,19.9,70,23,8.6,22.39,0.0,22.0
2005-04-28,21.8,70,67,7.4,23.14,0.0,23.0
2005-04-29,23.1,76,54,7.6,23.9,0.0,24.0
2005-04-30,23.0,76,48,6.2,20.43,0.0,24.0
2005-05-01,23.7,73,35,8.3,19.44,0.0,26.0
2005-05-02,23.6,69,55,8.4,21.75,0.0,26.0
2005-05-03,21.8,72,90,8.1,12.79,0.1,24.0
2005-05-04,22.1,68,26,8.9,23.67,0.3,23.0
2005-05-05,22.2,53,38,11.4,26.19,0.1,21.0
2005-05-06,22.1,48,11,14.8,27.11,0.0,24.0
2005-05-07,21.4,44,14,14.5,26.93,0.0,22.0
2005-05-08,20.0,42,19,21.2,27.8,0.0,22.0
2005-05-09,19.3,56,39,11.8,24.57,0.1,18.0
2005-05-10,15.9,72,86,11.6,10.41,6.0,14.0
2005-05-11,19.5,62,51,9.4,26.11,0.0,19.0
2005-05-12,19.8,54,68,9.2,20.61,0.0,19.0
2005-05-13,21.7,54,68,6.1,23.85,0.0,21.0
2005-05-14,18.6,61,85,7.9,11.69,0.5,16.0
2005-05-15,22.4,66,52,6.5,24.9,0.0,21.0
2005-05-16,17.4,83,92,11.9,7.09,13.6,18.0
2005-05-17,19.8,77,74,9.0,18.24,3.8,20.0
2005-05-18,21.0,67,76,13.7,17.92,14.7,19.0
2005-05-19,22.3,48,5,14.1,28.47,0.0,22.0
2005-05-20,23.2,64,40,6.2,26.52,0.0,23.0
2005-05-21,23.4,69,82,7.2,19.84,0.0,23.0
2005-05-22,22.3,69,81,9.3,18.28,0.6,22.0
2005-05-23,18.4,71,73,10.2,12.23,7.5,18.0
2005-05-24,23.8,53,26,11.4,28.11,0.0,24.0
2005-05-25,26.0,59,11,7.2,28.03,0.0,26.0
2005-05-26,26.7,63,8,7.6,25.71,0.0,26.0
2005-05-27,28.7,59,13,6.5,26.53,0.0,28.0
2005-05-28,30.4,56,34,6.2,26.38,0.0,29.0
2005-05-29,30.8,57,25,7.9,25.11,1.6,30.0
2005-05-30,29.2,57,41,10.3,20.42,0.0,29.0
2005-05-31,29.3,43,14,17.3,27.51,0.3,30.0
2005-06-01,23.5,67,48,10.9,19.62,8.2,24.0
2005-06-02,24.6,59,43,5.8,18.38,0.0,25.0
2005-06-03,26.6,60,43,7.6,19.87,0.0,26.0
2005-06-04,26.1,59,90,7.6,18.39,0.0,26.0
2005-06-05,27.7,52,56,16.3,26.07,0.0,28.0
2005-06-06,24.2,61,65,11.8,22.05,2.1,23.0
2005-06-07,26.5,45,18,22.9,29.18,0.0,27.0
2005-06-08,22.6,39,28,14.5,29.12,0.0,21.0
2005-06-09,21.4,38,17,11.3,26.86,0.0,22.0
2005-06-10,23.2,41,6,11.0,29.8,0.0,22.0
2005-06-11,22.7,55,48,9.8,19.47,0.0,22.0
2005-06-12,21.9,68,79,8.7,10.6,2.0,23.0
2005-06-13,22.5,66,88,6.9,9.55,2.6,18.0
2005-06-14,18.5,86,98,10.2,4.51,19.3,17.0
2005-06-15,25.9,74,70,6.7,24.5,0.0,24.0
2005-06-16,28.7,60,38,7.6,27.15,0.0,28.0
2005-06-17,29.0,58,60,6.3,23.37,0.0,29.0
2005-06-18,31.1,57,24,7.2,25.12,0.0,30.0
2005-06-19,31.6,54,48,7.3,24.28,0.0,30.0
2005-06-20,30.8,52,36,7.1,23.37,0.0,29.0
2005-06-21,31.9,53,41,6.9,26.79,0.0,29.0
2005-06-22,33.6,54,34,8.8,27.29,0.3,31.0
2005-06-23,34.1,54,26,8.4,27.42,0.0,32.0
2005-06-24,31.4,68,73,8.9,21.94,4.4,30.0
2005-06-25,28.5,71,69,7.9,21.09,6.4,28.0
2005-06-26,32.8,59,23,6.5,27.69,0.0,32.0
2005-06-27,33.3,54,43,6.1,26.45,0.1,33.0
2005-06-28,33.9,56,49,9.9,25.8,0.1,34.0
2005-06-29,29.9,66,69,11.6,19.47,7.3,32.0
2005-06-30,29.7,59,19,9.4,24.34,0.0,31.0
2005-07-01,28.8,47,40,18.5,26.52,1.2,30.0
2005-07-02,30.5,35,3,16.4,29.56,0.0,30.0
2005-07-03,30.4,44,17,9.0,25.54,0.0,30.0
2005-07-04,28.4,46,92,8.1,15.87,0.4,28.0
2005-07-05,26.0,51,42,18.5,25.84,8.7,27.0
2005-07-06,25.7,47,34,8.8,24.71,0.0,25.0
2005-07-07,24.6,66,72,10.2,17.58,13.8,24.0
2005-07-08,24.5,64,30,6.2,26.25,0.0,25.0
2005-07-09,23.2,69,51,7.7,22.1,5.0,23.0
2005-07-10,24.7,62,79,8.1,22.17,0.5,23.0
2005-07-11,29.6,58,47,15.5,27.55,0.2,31.0
2005-07-12,28.9,52,57,8.3,26.69,0.2,30.0
2005-07-13,28.0,62,58,6.2,24.9,0.9,28.0
2005-07-14,30.0,59,21,8.1,25.17,0.0,30.0
2005-07-15,30.9,50,13,8.2,24.58,0.0,31.0
2005-07-16,31.8,62,27,8.0,23.49,0.0,30.0
2005-07-17,33.2,62,21,7.9,25.69,0.0,31.0
2005-07-18,30.4,61,64,11.5,17.51,20.7,29.0
2005-07-19,29.7,62,28,12.2,27.05,3.9,30.0
2005-07-20,29.8,47,11,11.9,26.83,0.0,30.0
2005-07-21,30.6,41,8,15.1,27.96,0.0,31.0
2005-07-22,29.8,46,18,12.2,26.87,0.0,30.0
2005-07-23,26.9,59,56,7.2,20.68,0.2,26.0
2005-07-24,26.9,59,64,7.9,15.96,0.4,26.0
2005-07-25,27.2,63,83,8.2,10.76,0.1,27.0
2005-07-26,30.3,61,56,6.2,18.97,1.7,29.0
2005-07-27,29.7,69,48,6.4,18.04,3.7,31.0
2005-07-28,32.9,59,31,7.3,22.65,0.0,33.0
2005-07-29,32.3,58,42,17.5,20.0,0.4,31.0
2005-07-30,32.0,51,43,10.9,21.9,0.4,31.0
2005-07-31,30.3,44,23,9.4,23.43,0.0,30.0
2005-08-01,28.8,49,32,7.1,18.36,1.6,30.0
2005-08-02,23.4,78,76,10.4,11.7,36.8,25.0
2005-08-03,28.7,63,26,18.4,25.95,3.6,30.0
2005-08-04,28.3,36,2,18.4,27.15,0.0,29.0
2005-08-05,27.4,41,4,16.9,26.6,0.0,27.0
2005-08-06,28.9,55,78,8.6,22.33,0.0,26.0
2005-08-07,25.9,43,49,13.5,22.27,0.0,24.0
2005-08-08,25.3,42,6,11.4,26.99,0.0,25.0
2005-08-09,25.5,47,10,7.2,23.75,0.0,25.0
2005-08-10,27.0,55,59,5.5,22.42,0.0,26.0
2005-08-11,22.7,74,80,6.2,12.05,10.3,24.0
2005-08-12,26.8,70,32,8.6,23.34,0.0,26.0
2005-08-13,26.8,69,42,4.7,19.34,1.4,27.0
2005-08-14,23.6,81,57,9.4,14.62,17.0,24.0
2005-08-15,25.2,45,24,14.5,23.44,0.0,26.0
2005-08-16,27.4,49,1,11.9,25.35,0.0,29.0
2005-08-17,27.8,57,16,7.6,24.18,0.0,28.0
2005-08-18,27.1,61,68,8.6,18.76,0.3,27.0
2005-08-19,28.8,62,12,6.9,22.57,0.0,29.0
2005-08-20,22.0,78,79,10.4,13.07,28.2,22.0
2005-08-21,17.6,90,100,8.2,5.36,19.9,19.0
2005-08-22,22.9,81,97,7.7,16.5,0.8,21.0
2005-08-23,26.1,78,30,5.7,22.85,0.0,26.0
2005-08-24,25.5,74,12,8.0,22.06,0.0,27.0
2005-08-25,24.4,76,81,6.1,12.77,0.2,24.0
2005-08-26,24.7,79,69,6.9,15.04,0.4,25.0
2005-08-27,21.4,87,96,6.9,6.93,17.6,23.0
2005-08-28,23.5,80,55,7.0,18.32,47.2,23.0
2005-08-29,25.2,78,44,4.7,16.82,0.0,27.0
2005-08-30,27.2,80,28,7.6,20.64,0.0,28.0
2005-08-31,26.4,79,37,5.8,13.14,0.0,28.0
2005-09-01,27.8,79,45,5.8,18.31,0.0,28.0
2005-09-02,28.4,80,45,7.3,19.84,2.2,30.0
2005-09-03,26.7,83,45,10.1,17.68,1.5,29.0
2005-09-04,24.3,81,74,9.3,13.67,3.5,25.0
2005-09-05,23.2,71,64,7.7,13.58,1.2,24.0
2005-09-06,22.6,66,60,6.8,13.45,0.4,22.0
2005-09-07,20.1,74,91,7.2,4.76,0.7,19.0
2005-09-08,23.3,79,74,8.0,12.77,4.5,24.0
2005-09-09,20.2,92,99,9.6,7.55,31.3,20.0
2005-09-10,23.5,81,55,6.1,14.57,0.5,24.0
2005-09-11,19.7,89,91,9.3,5.57,36.4,20.0
2005-09-12,20.8,82,60,6.6,15.86,5.6,21.0
2005-09-13,23.1,77,12,6.8,18.75,0.0,23.0
2005-09-14,24.3,80,37,7.2,17.98,0.0,25.0
2005-09-15,24.9,79,24,6.2,18.84,0.0,26.0
2005-09-16,22.1,82,51,6.3,10.02,0.0,24.0
2005-09-17,20.5,70,86,13.6,8.52,12.1,18.0
2005-09-18,15.7,72,96,9.7,6.44,1.5,15.0
2005-09-19,16.0,81,87,5.5,5.57,1.0,17.0
2005-09-20,20.9,77,34,6.5,16.88,0.0,21.0
2005-09-21,19.1,80,31,6.0,12.99,0.3,21.0
2005-09-22,19.3,77,49,5.0,9.13,0.1,21.0
2005-09-23,20.9,79,22,6.2,12.53,0.0,22.0
2005-09-24,21.8,79,54,5.4,13.06,0.0,23.0
2005-09-25,21.3,82,37,5.2,13.07,0.3,22.0
2005-09-26,22.0,80,44,5.4,15.45,0.0,23.0
2005-09-27,21.2,83,99,4.7,10.4,0.0,22.0
2005-09-28,21.5,78,72,4.7,9.35,0.2,21.0
2005-09-29,19.9,88,68,9.0,8.94,11.3,21.0
2005-09-30,19.3,56,27,13.3,14.35,0.0,22.0
2005-10-01,17.9,72,50,6.0,11.05,0.0,19.0
2005-10-02,13.9,83,96,15.8,2.47,49.0,14.0
2005-10-03,13.9,82,94,11.0,4.97,19.9,12.0
2005-10-04,17.3,77,85,6.1,10.96,3.1,17.0
2005-10-05,14.8,88,85,7.6,8.02,2.2,15.0
2005-10-06,16.3,85,96,6.2,8.25,4.8,15.0
2005-10-07,16.5,87,96,6.5,5.81,8.4,15.0
2005-10-08,18.4,82,74,7.2,10.57,1.3,18.0
2005-10-09,18.6,79,40,7.0,8.53,0.0,19.0
2005-10-10,16.0,84,56,7.4,4.6,0.4,16.0
2005-10-11,15.8,78,61,5.4,6.28,0.0,16.0
2005-10-12,16.5,74,11,6.6,11.73,0.0,17.0
2005-10-13,16.2,78,16,6.2,13.37,0.0,17.0
2005-10-14,17.3,82,33,5.8,12.97,0.0,18.0
2005-10-15,17.2,89,67,7.0,10.77,0.0,18.0
2005-10-16,17.3,90,48,6.5,11.87,0.0,18.0
2005-10-17,14.8,87,93,7.5,3.71,1.2,16.0
2005-10-18,12.1,77,94,6.4,3.55,1.0,13.0
2005-10-19,10.7,89,100,4.3,1.62,3.5,12.0
2005-10-20,11.3,91,100,3.6,1.07,1.2,12.0
2005-10-21,14.6,86,87,4.2,5.36,0.0,16.0
2005-10-22,16.1,86,75,6.2,6.51,0.0,18.0
2005-10-23,15.2,92,90,4.5,2.43,1.5,16.0
2005-10-24,17.0,87,85,9.0,10.2,0.0,18.0
2005-10-25,15.9,87,94,7.8,4.5,0.0,18.0
2005-10-26,18.2,85,49,6.2,9.51,0.0,20.0
2005-10-27,17.5,89,51,5.4,7.69,0.0,20.0
2005-10-28,17.1,92,53,5.1,9.54,0.0,18.0
2005-10-29,16.2,93,54,5.2,8.87,0.0,18.0
2005-10-30,15.8,91,34,6.5,9.05,0.0,18.0
2005-10-31,14.7,92,93,6.1,5.32,0.0,13.0
2005-11-01,12.6,93,99,5.4,0.99,5.0,13.0
2005-11-02,15.4,88,91,5.4,5.11,0.0,17.0
2005-11-03,16.0,88,67,6.5,8.49,0.0,16.0
2005-11-04,13.7,92,100,7.4,1.97,0.5,13.0
2005-11-05,14.2,93,99,3.9,2.78,6.5,14.0
2005-11-06,12.5,92,100,8.3,2.24,6.1,13.0
2005-11-07,15.2,90,49,5.6,7.15,0.0,16.0
2005-11-08,15.5,89,58,7.2,7.76,0.0,16.0
2005-11-09,14.1,89,74,8.6,5.78,0.0,9.0
2005-11-10,13.9,91,69,6.5,7.8,0.0,10.0
2005-11-11,14.2,87,36,7.9,8.37,0.0,10.0
2005-11-12,12.1,89,57,7.2,6.72,0.0,7.0
2005-11-13,11.4,90,99,7.2,2.9,0.1,10.0
2005-11-14,10.9,88,94,5.4,1.86,0.4,9.0
2005-11-15,11.1,88,83,5.5,3.08,0.0,11.0
2005-11-16,10.6,93,94,6.3,6.33,0.0,10.0
2005-11-17,12.1,65,29,13.1,7.76,0.0,15.0
2005-11-18,9.0,72,15,7.9,7.95,0.1,11.0
2005-11-19,9.1,63,0,10.1,8.58,0.0,12.0
2005-11-20,7.3,75,11,6.6,8.1,0.0,8.0
2005-11-21,11.0,82,25,11.8,7.89,0.0,11.0
2005-11-22,6.5,73,25,10.5,6.12,2.1,8.0
2005-11-23,4.0,77,50,7.3,5.32,4.1,4.0
2005-11-24,4.0,70,18,6.8,7.52,0.0,5.0
2005-11-25,2.0,84,89,7.6,2.78,1.2,1.0
2005-11-26,2.8,85,88,5.8,2.89,0.8,1.0
2005-11-27,4.7,81,55,8.3,6.95,0.0,6.0
2005-11-28,5.5,82,53,8.0,6.28,0.0,7.0
2005-11-29,2.4,91,99,5.5,1.5,7.9,3.0
2005-11-30,6.2,93,59,6.5,5.74,0.0,6.0
2005-12-01,5.9,84,36,9.4,6.24,0.0,7.0
2005-12-02,3.1,92,92,7.2,1.13,11.3,3.0
2005-12-03,4.7,97,86,9.0,4.38,24.1,2.0
2005-12-04,6.4,92,85,9.4,3.74,3.1,3.0
2005-12-05,7.2,90,96,5.8,2.94,3.6,3.0
2005-12-06,7.5,88,76,9.6,5.94,0.2,5.0
2005-12-07,8.0,77,13,12.6,6.79,0.0,10.0
2005-12-08,4.2,82,78,9.8,2.63,0.5,3.0
2005-12-09,7.7,84,46,9.8,6.1,0.0,10.0
2005-12-10,5.2,80,36,9.7,5.95,0.0,7.0
2005-12-11,5.0,76,33,8.8,5.53,0.0,6.0
2005-12-12,3.8,87,99,9.8,2.96,0.5,5.0
2005-12-13,7.8,88,80,6.0,4.49,1.0,9.0
2005-12-14,7.1,89,40,8.6,5.79,0.0,9.0
2005-12-15,4.9,88,49,8.4,5.16,0.0,6.0
2005-12-16,9.2,84,45,8.2,4.13,0.0,10.0
2005-12-17,8.5,61,24,22.7,6.25,0.0,10.0
2005-12-18,5.5,51,3,10.2,6.55,0.0,8.0
2005-12-19,4.3,71,44,9.4,5.09,0.0,3.0
2005-12-20,6.3,79,41,6.2,6.12,0.0,7.0
2005-12-21,6.2,81,42,7.2,5.59,0.0,5.0
2005-12-22,5.1,87,71,6.5,5.4,0.0,8.0
2005-12-23,5.3,84,36,5.4,4.65,0.0,6.0
2005-12-24,4.9,85,51,5.6,5.13,0.0,7.0
2005-12-25,5.4,91,88,6.6,3.64,0.0,3.0
2005-12-26,5.2,87,68,6.9,4.89,1.6,3.0
2005-12-27,1.2,91,91,6.9,2.2,7.9,8.0
2005-12-28,-0.3,73,91,19.5,2.86,1.2,1.0
2005-12-29,0.4,68,32,11.4,6.8,0.0,3.0
2005-12-30,-0.5,79,51,9.7,6.35,0.1,1.0
2005-12-31,1.5,81,88,8.4,5.43,1.7,
2006-01-01,2.8,85,84,6.3,5.24,0.0,0.0
2006-01-02,4.8,86,73,8.3,5.21,0.0,4.0
2006-01-03,7.9,69,64,11.3,6.02,0.0,9.0
2006-01-04,6.5,73,17,10.4,6.39,0.0,8.0
2006-01-05,5.4,77,52,9.4,5.04,0.0,5.0
2006-01-06,6.5,78,46,8.3,6.12,0.0,7.0
2006-01-07,6.9,82,39,9.4,6.39,0.0,8.0
2006-01-08,4.6,85,75,6.6,2.6,0.0,4.0
2006-01-09,3.7,82,48,4.6,3.74,0.0,5.0
2006-01-10,4.9,87,42,5.6,6.25,0.0,7.0
2006-01-11,6.9,80,31,8.3,6.88,0.0,9.0
2006-01-12,6.6,74,85,9.1,6.16,0.0,6.0
2006-01-13,5.2,83,29,6.6,6.96,0.0,7.0
2006-01-14,4.9,86,34,7.6,6.59,0.0,7.0
2006-01-15,3.5,83,64,6.6,5.55,0.0,2.0
2006-01-16,2.7,78,65,4.4,6.2,0.0,4.0
2006-01-17,2.3,72,94,4.1,3.69,0.3,1.0
2006-01-18,6.9,83,67,6.4,5.8,0.3,6.0
2006-01-19,8.8,74,8,7.0,7.43,0.0,9.0
2006-01-20,7.0,83,29,6.2,6.99,0.0,8.0
2006-01-21,7.2,89,43,6.3,6.35,0.0,7.0
2006-01-22,9.5,74,6,9.4,8.01,0.0,9.0
2006-01-23,4.1,76,39,8.6,5.07,0.1,5.0
2006-01-24,1.4,75,35,5.5,5.18,0.2,2.0
2006-01-25,1.0,74,67,5.4,4.9,0.0,3.0
2006-01-26,-0.6,79,73,8.6,2.48,5.7,-2.0
2006-01-27,0.7,92,99,9.6,1.7,26.3,0.0
2006-01-28,2.8,90,98,8.0,2.19,19.1,3.0
2006-01-29,3.5,90,100,6.5,2.6,5.5,4.0
2006-01-30,8.5,89,93,9.5,5.17,0.0,7.0
2006-01-31,9.3,90,35,7.6,9.0,0.0,10.0
2006-02-01,11.1,85,10,7.6,9.23,0.0,12.0
2006-02-02,10.1,86,4,5.8,9.55,0.0,12.0
2006-02-03,8.6,86,33,6.5,9.41,0.0,11.0
2006-02-04,8.8,85,53,7.6,9.25,0.0,10.0
2006-02-05,3.2,79,42,6.4,4.29,0.1,5.0
2006-02-06,2.0,72,30,7.5,5.62,0.0,3.0
2006-02-07,4.0,76,33,5.8,8.21,0.0,4.0
2006-02-08,6.2,88,83,5.7,7.06,0.0,3.0
2006-02-09,9.0,77,13,9.0,10.54,0.0,11.0
2006-02-10,8.3,46,5,13.5,11.26,0.0,10.0
2006-02-11,8.2,57,0,10.5,11.27,0.0,9.0
2006-02-12,6.8,68,32,8.3,11.29,0.0,7.0
2006-02-13,6.6,74,25,7.3,11.29,0.0,7.0
2006-02-14,7.1,82,62,6.6,10.45,0.0,7.0
2006-02-15,4.1,91,93,5.9,1.93,3.4,4.0
2006-02-16,8.1,88,80,6.2,7.28,1.7,5.0
2006-02-17,9.7,87,50,7.0,10.53,0.4,8.0
2006-02-18,6.2,91,95,10.7,3.05,4.8,5.0
2006-02-19,5.5,93,93,11.7,2.1,30.0,4.0
2006-02-20,7.7,92,98,8.0,3.52,19.2,5.0
2006-02-21,8.5,88,89,7.6,7.96,1.3,7.0
2006-02-22,6.7,92,97,6.5,4.91,5.9,6.0
2006-02-23,8.6,88,69,7.6,9.89,0.3,9.0
2006-02-24,5.0,93,100,5.7,3.25,10.1,5.0
2006-02-25,6.4,88,98,5.1,5.0,8.2,6.0
2006-02-26,8.9,81,77,5.8,10.22,0.1,9.0
2006-02-27,8.5,81,41,8.9,13.39,0.2,8.0
2006-02-28,5.6,71,62,7.3,12.45,0.8,6.0
2006-03-01,6.0,73,48,9.3,12.16,0.1,7.0
2006-03-02,6.3,64,40,9.0,14.0,0.1,7.0
2006-03-03,7.4,66,82,9.8,10.87,0.1,8.0
2006-03-04,8.6,84,97,7.4,8.61,3.1,11.0
2006-03-05,12.8,64,85,25.9,12.96,11.5,15.0
2006-03-06,9.5,46,6,17.7,16.0,0.0,10.0
2006-03-07,8.8,47,31,19.4,16.5,0.0,10.0
2006-03-08,6.9,55,94,7.0,12.37,0.0,10.0
2006-03-09,10.9,76,71,7.5,14.84,0.3,11.0
2006-03-10,12.6,70,57,9.3,15.16,0.5,14.0
2006-03-11,12.1,59,42,12.6,15.76,0.0,13.0
2006-03-12,4.7,34,20,37.7,18.03,0.0,5.0
2006-03-13,11.3,41,4,17.7,17.6,0.0,14.0
2006-03-14,11.3,63,0,8.8,17.81,0.0,11.0
2006-03-15,9.7,74,42,7.6,13.43,0.0,9.0
2006-03-16,8.9,79,68,7.9,11.41,0.3,8.0
2006-03-17,10.8,74,29,8.5,12.1,0.0,12.0
2006-03-18,8.0,76,81,8.1,5.91,0.2,9.0
2006-03-19,9.1,70,75,4.1,9.6,0.0,10.0
2006-03-20,11.8,72,34,5.9,13.5,0.0,12.0
2006-03-21,8.5,85,95,8.4,5.26,2.4,8.0
2006-03-22,13.9,79,58,7.2,16.8,0.0,14.0
2006-03-23,15.5,77,55,7.1,17.14,0.0,15.0
2006-03-24,8.7,91,99,11.3,3.02,10.3,10.0
2006-03-25,14.6,78,65,7.2,14.55,0.0,14.0
2006-03-26,17.2,77,78,7.1,18.7,0.0,16.0
2006-03-27,13.6,83,89,5.8,5.44,0.0,14.0
2006-03-28,11.6,91,90,8.4,3.66,18.1,11.0
2006-03-29,16.7,65,16,10.0,20.98,0.0,18.0
2006-03-30,15.0,69,74,6.8,13.27,0.0,15.0
2006-03-31,18.0,79,77,6.5,17.43,1.1,19.0
2006-04-01,14.5,86,94,4.9,6.1,0.2,14.0
2006-04-02,18.1,76,34,7.6,21.07,0.0,20.0
2006-04-03,18.6,58,22,16.2,21.68,0.3,21.0
2006-04-04,15.8,59,24,8.3,21.01,0.0,17.0
2006-04-05,9.9,80,98,10.5,6.33,6.2,12.0
2006-04-06,15.3,72,38,20.1,21.72,0.2,15.0
2006-04-07,12.4,72,61,7.3,13.91,0.0,13.0
2006-04-08,13.9,73,22,6.4,15.31,0.0,15.0
2006-04-09,11.1,83,96,9.0,5.05,4.1,12.0
2006-04-10,11.4,90,100,14.3,3.19,50.2,9.0
2006-04-11,13.9,49,61,24.7,16.37,3.4,15.0
2006-04-12,15.5,50,31,10.5,21.94,0.0,16.0
2006-04-13,16.1,50,11,10.5,22.95,0.0,18.0
2006-04-14,18.2,65,9,7.7,23.79,0.0,21.0
2006-04-15,13.4,85,97,7.4,7.49,3.4,13.0
2006-04-16,17.7,77,59,8.4,17.78,1.2,18.0
2006-04-17,16.4,85,80,5.2,13.29,2.8,16.0
2006-04-18,18.9,78,28,6.1,22.41,1.3,19.0
2006-04-19,19.3,74,29,10.7,22.92,0.7,21.0
2006-04-20,18.8,72,70,7.2,21.73,0.0,20.0
2006-04-21,19.4,71,14,8.7,21.34,0.0,21.0
2006-04-22,21.4,66,7,9.4,23.87,0.0,22.0
2006-04-23,21.2,63,16,7.2,23.1,0.1,23.0
2006-04-24,21.3,66,47,7.3,21.92,0.0,23.0
2006-04-25,19.2,71,89,12.3,12.32,1.4,17.0
2006-04-26,20.8,71,55,7.4,20.21,0.1,21.0
2006-04-27,21.6,71,93,11.7,22.3,2.5,22.0
2006-04-28,17.6,82,97,6.5,14.79,2.9,19.0
2006-04-29,20.1,73,60,9.0,23.77,0.6,20.0
2006-04-30,14.5,58,55,14.8,18.44,0.5,15.0
2006-05-01,15.7,70,95,7.7,12.7,0.5,17.0
2006-05-02,17.4,72,84,7.9,12.16,1.5,18.0
2006-05-03,19.8,71,31,6.9,18.63,0.0,21.0
2006-05-04,20.6,69,18,7.6,22.23,0.0,23.0
2006-05-05,19.0,66,85,8.2,14.87,0.7,18.0
2006-05-06,17.9,65,93,8.4,16.51,0.1,20.0
2006-05-07,20.3,63,77,7.6,22.63,0.0,22.0
2006-05-08,16.8,75,93,6.1,9.7,4.6,18.0
2006-05-09,17.0,78,98,13.8,15.13,34.0,15.0
2006-05-10,18.9,76,91,6.3,20.3,1.2,20.0
2006-05-11,20.4,71,17,8.4,26.31,0.0,21.0
2006-05-12,20.7,68,47,9.1,21.24,0.0,23.0
2006-05-13,20.7,67,78,8.7,21.24,0.9,22.0
2006-05-14,22.9,72,42,6.9,26.64,0.7,25.0
2006-05-15,20.2,78,76,9.4,13.2,0.5,22.0
2006-05-16,21.5,75,83,8.9,18.76,0.0,23.0
2006-05-17,25.2,75,64,7.8,23.77,0.0,25.0
2006-05-18,23.2,77,98,8.3,17.88,0.5,23.0
2006-05-19,24.5,71,46,7.3,25.83,0.0,25.0
2006-05-20,22.7,77,91,11.3,15.66,3.6,21.0
2006-05-21,21.5,78,87,6.2,15.46,1.3,21.0
2006-05-22,22.1,74,68,10.7,14.42,1.4,23.0
2006-05-23,20.1,81,85,6.9,12.67,6.9,20.0
2006-05-24,21.8,65,52,10.7,25.36,0.0,23.0
2006-05-25,21.0,71,76,11.0,19.25,0.0,20.0
2006-05-26,25.1,66,67,8.0,26.95,0.0,24.0
2006-05-27,28.4,64,69,8.7,23.44,0.0,27.0
2006-05-28,27.9,69,48,9.4,24.97,0.0,25.0
2006-05-29,24.4,77,69,11.5,20.01,15.9,24.0
2006-05-30,17.5,50,45,25.0,26.55,6.1,19.0
2006-05-31,16.1,45,60,13.0,22.58,1.0,16.0
2006-06-01,19.5,41,46,14.8,27.62,0.0,20.0
2006-06-02,19.8,36,56,14.0,27.07,0.0,20.0
2006-06-03,23.1,34,53,20.3,27.67,0.0,23.0
2006-06-04,24.7,38,33,14.5,28.34,0.0,24.0
2006-06-05,24.1,42,59,11.3,26.01,0.9,24.0
2006-06-06,23.4,64,28,13.7,25.78,2.4,22.0
2006-06-07,22.0,58,54,9.7,24.78,1.4,20.0
2006-06-08,23.7,47,35,9.0,24.15,0.0,22.0
2006-06-09,24.4,43,44,7.9,24.16,0.0,22.0
2006-06-10,26.8,50,32,10.4,27.88,0.0,24.0
2006-06-11,24.8,51,30,11.3,18.44,0.0,23.0
2006-06-12,26.3,46,22,7.1,26.31,0.0,24.0
2006-06-13,29.7,49,4,6.6,28.14,0.0,27.0
2006-06-14,30.9,46,4,7.8,27.33,0.0,29.0
2006-06-15,30.4,51,31,10.0,26.34,0.0,28.0
2006-06-16,29.0,51,76,10.8,20.65,0.0,25.0
2006-06-17,29.3,62,66,9.7,20.35,0.6,26.0
2006-06-18,29.4,56,57,12.1,22.99,0.0,27.0
2006-06-19,30.0,54,61,8.0,23.68,0.0,29.0
2006-06-20,31.2,55,71,7.9,23.35,0.0,29.0
2006-06-21,32.3,54,57,10.0,23.22,0.8,30.0
2006-06-22,32.0,49,41,8.2,24.8,0.0,29.0
2006-06-23,31.7,49,27,6.9,22.53,0.0,31.0
2006-06-24,32.3,54,55,8.4,23.07,2.0,32.0
2006-06-25,29.2,63,60,14.2,20.01,14.7,30.0
2006-06-26,29.6,63,31,11.3,22.27,6.2,30.0
2006-06-27,31.6,55,37,8.2,24.23,0.2,32.0
2006-06-28,30.9,51,75,12.8,21.32,0.8,31.0
2006-06-29,28.7,55,55,13.9,22.87,2.6,29.0
2006-06-30,32.7,40,2,11.1,29.55,0.0,32.0
2006-07-01,33.0,41,15,10.5,27.15,0.0,32.0
2006-07-02,31.0,42,37,10.7,24.48,0.0,29.0
2006-07-03,31.1,46,45,6.6,21.74,0.0,29.0
2006-07-04,31.1,53,80,9.2,21.11,0.0,29.0
2006-07-05,30.5,45,89,7.9,20.19,0.3,29.0
2006-07-06,26.6,63,85,9.7,14.49,10.6,23.0
2006-07-07,25.0,77,73,5.9,20.6,13.4,25.0
2006-07-08,29.0,65,37,6.1,27.35,0.0,28.0
2006-07-09,28.9,61,48,7.0,23.77,0.3,28.0
2006-07-10,31.4,59,6,7.6,27.09,0.0,31.0
2006-07-11,31.9,58,21,7.2,24.72,0.0,31.0
2006-07-12,33.4,57,36,11.2,24.4,1.3,32.0
2006-07-13,32.3,59,47,6.6,25.37,1.3,31.0
2006-07-14,32.0,60,34,7.7,26.7,0.1,32.0
2006-07-15,32.4,55,60,6.8,24.19,0.0,32.0
2006-07-16,30.2,52,54,10.6,17.45,1.3,30.0
2006-07-17,30.0,41,54,7.8,23.04,0.0,29.0
2006-07-18,31.8,42,29,7.9,26.58,0.0,30.0
2006-07-19,33.8,42,4,6.2,27.95,0.0,32.0
2006-07-20,35.0,42,5,5.9,28.18,0.0,34.0
2006-07-21,36.4,40,32,6.9,27.09,0.0,35.0
2006-07-22,35.8,40,35,8.4,25.17,0.0,35.0
2006-07-23,35.8,40,31,9.5,26.25,0.0,34.0
2006-07-24,34.0,49,27,6.6,24.82,0.0,34.0
2006-07-25,34.0,54,44,7.6,24.15,0.6,33.0
2006-07-26,33.6,56,52,10.0,23.03,1.4,31.0
2006-07-27,34.1,55,20,6.3,25.44,0.0,30.0
2006-07-28,32.4,55,37,10.4,21.38,3.3,29.0
2006-07-29,31.1,55,58,6.4,22.92,0.0,29.0
2006-07-30,33.5,51,28,7.6,24.98,0.0,30.0
2006-07-31,32.7,50,75,7.6,21.12,0.2,31.0
2006-08-01,29.0,63,61,7.6,19.81,5.4,29.0
2006-08-02,29.2,60,45,14.3,23.81,2.1,30.0
2006-08-03,24.0,69,74,13.8,17.87,57.3,24.0
2006-08-04,26.1,49,14,12.7,25.98,0.7,29.0
2006-08-05,24.8,62,69,7.1,22.68,0.2,26.0
2006-08-06,27.2,54,58,12.7,22.39,0.0,28.0
2006-08-07,29.6,41,41,16.2,26.03,0.0,30.0
2006-08-08,28.6,41,14,14.3,25.12,0.2,29.0
2006-08-09,25.6,61,34,9.0,21.93,2.7,28.0
2006-08-10,25.7,62,38,7.2,22.44,0.0,26.0
2006-08-11,23.3,68,79,9.0,19.08,1.9,24.0
2006-08-12,21.7,68,61,6.3,20.7,9.5,23.0
2006-08-13,20.1,74,77,8.5,16.53,1.8,21.0
2006-08-14,22.2,68,24,6.5,21.19,0.2,23.0
2006-08-15,23.3,66,49,6.0,19.59,0.0,23.0
2006-08-16,20.1,87,99,10.5,8.03,55.1,19.0
2006-08-17,23.4,89,95,9.2,7.31,24.4,23.0
2006-08-18,25.8,77,66,15.1,17.02,33.4,27.0
2006-08-19,23.4,75,64,8.3,12.2,5.5,26.0
2006-08-20,25.3,74,44,8.4,20.06,0.4,27.0
2006-08-21,26.3,65,21,8.0,23.3,0.0,27.0
2006-08-22,26.0,71,27,5.5,22.91,0.0,27.0
2006-08-23,25.2,73,20,6.5,20.16,0.5,27.0
2006-08-24,22.2,79,65,8.7,11.64,12.0,24.0
2006-08-25,24.1,72,29,10.5,22.66,0.4,25.0
2006-08-26,23.2,72,33,7.3,19.54,0.0,25.0
2006-08-27,24.3,68,18,9.2,21.27,0.0,26.0
2006-08-28,23.0,63,76,10.9,15.43,1.0,23.0
2006-08-29,23.3,57,70,14.7,18.28,0.3,26.0
2006-08-30,23.0,48,7,14.0,22.76,0.0,24.0
2006-08-31,23.7,46,5,13.0,22.86,0.0,24.0
2006-09-01,24.8,62,3,6.6,22.09,0.0,25.0
2006-09-02,25.7,66,56,6.8,19.41,0.0,26.0
2006-09-03,27.9,66,45,4.8,19.01,0.0,28.0
2006-09-04,30.5,66,6,6.6,20.51,0.0,29.0
2006-09-05,31.3,66,13,5.8,20.9,0.0,31.0
2006-09-06,29.8,69,39,7.6,16.08,0.4,30.0
2006-09-07,28.6,74,54,8.3,15.75,0.0,30.0
2006-09-08,30.5,66,67,15.8,18.95,0.3,30.0
2006-09-09,25.0,59,45,7.9,15.59,0.4,26.0
2006-09-10,24.8,57,46,6.6,15.34,0.0,26.0
2006-09-11,26.1,55,75,5.4,16.78,0.0,26.0
2006-09-12,25.9,56,39,6.2,18.43,0.0,26.0
2006-09-13,25.7,60,34,6.6,17.62,0.0,26.0
2006-09-14,20.3,79,99,9.4,2.96,26.7,20.0
2006-09-15,20.5,89,97,12.2,5.82,81.5,21.0
2006-09-16,22.7,82,98,7.6,13.0,6.4,24.0
2006-09-17,19.4,87,92,7.1,6.53,17.8,19.0
2006-09-18,22.8,85,77,5.7,14.32,2.1,23.0
2006-09-19,24.7,73,21,7.8,17.9,0.0,27.0
2006-09-20,23.2,81,32,5.5,16.87,0.1,25.0
2006-09-21,22.4,84,37,5.7,10.95,0.1,24.0
2006-09-22,23.2,82,20,6.5,13.87,0.0,25.0
2006-09-23,22.2,82,76,8.7,9.95,0.0,22.0
2006-09-24,20.2,71,75,5.9,10.25,0.0,23.0
2006-09-25,17.1,87,100,11.9,1.05,47.8,15.0
2006-09-26,23.5,77,82,10.2,13.98,0.1,20.0
2006-09-27,23.4,67,13,9.3,16.53,0.0,25.0
2006-09-28,22.6,79,55,7.2,15.03,0.0,24.0
2006-09-29,22.0,81,48,6.5,14.04,0.0,23.0
2006-09-30,21.6,78,69,7.7,12.46,0.1,22.0
2006-10-01,19.9,89,100,6.4,3.53,8.5,21.0
2006-10-02,20.5,89,90,9.1,4.77,8.2,21.0
2006-10-03,20.7,91,98,18.9,4.53,42.3,21.0
2006-10-04,20.0,81,58,10.3,12.07,1.4,22.0
2006-10-05,19.4,72,4,6.8,15.05,0.0,21.0
2006-10-06,18.7,80,52,8.3,13.61,0.0,20.0
2006-10-07,18.0,83,51,5.4,9.86,2.9,18.0
2006-10-08,19.7,80,22,8.3,13.41,0.0,21.0
2006-10-09,19.6,81,36,7.9,14.15,0.0,20.0
2006-10-10,21.2,85,38,5.1,13.36,0.0,23.0
2006-10-11,19.5,84,84,7.9,12.36,0.0,20.0
2006-10-12,20.2,83,39,6.8,13.51,0.0,21.0
2006-10-13,21.2,86,35,7.9,13.09,0.0,22.0
2006-10-14,18.1,85,84,7.3,5.36,3.7,19.0
2006-10-15,17.9,75,48,6.6,9.12,0.0,19.0
2006-10-16,19.0,81,40,9.4,13.08,0.0,20.0
2006-10-17,14.5,74,71,6.8,4.16,0.0,17.0
2006-10-18,14.6,76,89,5.7,5.72,0.0,15.0
2006-10-19,12.5,88,100,5.9,1.42,7.8,12.0
2006-10-20,13.7,87,99,6.5,1.94,4.4,15.0
2006-10-21,15.6,85,95,5.5,4.23,1.3,16.0
2006-10-22,16.7,87,88,6.7,6.2,0.0,16.0
2006-10-23,14.5,94,100,5.1,0.94,23.3,14.0
2006-10-24,19.5,89,83,5.7,7.29,20.9,19.0
2006-10-25,18.5,86,79,7.2,7.55,0.0,20.0
2006-10-26,19.7,80,28,9.0,8.89,0.0,21.0
2006-10-27,20.9,82,13,7.6,10.57,0.0,21.0
2006-10-28,21.3,88,54,5.8,9.13,0.0,19.0
2006-10-29,23.0,75,47,13.0,8.92,0.0,22.0
2006-10-30,19.3,67,35,13.8,10.39,0.0,21.0
2006-10-31,15.9,82,78,8.5,7.76,0.7,17.0
2006-11-01,18.9,65,45,25.1,9.77,0.0,19.0
2006-11-02,11.2,27,0,22.1,11.19,0.0,12.0
2006-11-03,11.7,51,0,13.5,10.78,0.0,14.0
2006-11-04,10.2,57,9,9.4,10.38,0.0,12.0
2006-11-05,12.8,79,42,6.1,9.38,0.0,15.0
2006-11-06,15.9,82,75,5.9,8.19,0.0,15.0
2006-11-07,15.4,86,27,4.5,9.18,0.0,16.0
2006-11-08,14.1,89,42,6.5,6.7,0.0,16.0
2006-11-09,15.3,89,44,7.6,8.61,0.0,17.0
2006-11-10,16.9,79,26,11.3,9.42,0.0,18.0
2006-11-11,11.7,79,85,5.2,5.44,0.0,10.0
2006-11-12,15.7,78,49,11.5,6.98,0.0,16.0
2006-11-13,13.7,64,26,10.8,7.79,0.0,12.0
2006-11-14,15.2,85,48,5.5,7.91,0.0,17.0
2006-11-15,12.3,90,94,5.9,1.63,0.0,13.0
2006-11-16,12.1,92,95,3.8,1.35,3.6,12.0
2006-11-17,13.0,93,98,5.6,1.97,7.5,13.0
2006-11-18,12.9,94,84,5.6,2.09,21.2,12.0
2006-11-19,12.8,92,87,6.8,4.53,0.3,13.0
2006-11-20,12.9,87,67,6.6,6.27,3.5,13.0
2006-11-21,10.0,91,94,7.1,1.85,3.6,11.0
2006-11-22,13.1,69,52,16.4,7.86,0.5,15.0
2006-11-23,12.0,73,53,7.9,6.26,0.0,13.0
2006-11-24,9.0,85,99,6.1,0.73,2.6,9.0
2006-11-25,10.5,94,100,3.7,0.64,8.2,9.0
2006-11-26,14.1,93,68,5.1,3.45,0.2,14.0
2006-11-27,12.2,94,68,6.3,4.62,0.0,10.0
2006-11-28,11.6,92,68,4.8,4.99,0.0,10.0
2006-11-29,11.7,93,62,5.1,6.07,0.0,10.0
2006-11-30,11.8,92,55,8.0,5.53,0.0,15.0
2006-12-01,10.3,93,42,7.6,5.66,0.0,13.0
2006-12-02,8.7,91,97,4.1,4.04,0.0,8.0
2006-12-03,8.5,92,100,5.5,0.83,2.7,7.0
2006-12-04,10.1,91,72,4.3,3.78,0.3,9.0
2006-12-05,10.7,91,72,7.2,5.18,0.8,8.0
2006-12-06,9.5,93,100,7.9,0.59,31.7,9.0
2006-12-07,11.2,89,100,5.1,1.3,6.4,11.0
2006-12-08,10.4,96,100,17.4,0.68,36.0,11.0
2006-12-09,10.2,86,98,15.1,2.24,52.0,10.0
2006-12-10,10.8,65,24,12.1,6.65,0.0,12.0
2006-12-11,8.0,81,36,8.4,4.65,0.2,10.0
2006-12-12,8.4,82,63,7.6,5.83,0.0,9.0
2006-12-13,9.0,89,58,6.8,6.03,0.0,10.0
2006-12-14,9.5,90,51,9.7,5.76,0.0,12.0
2006-12-15,9.8,89,46,7.6,5.68,0.0,10.0
2006-12-16,8.4,91,88,7.9,1.39,0.8,7.0
2006-12-17,8.7,92,100,3.8,2.99,1.4,7.0
2006-12-18,8.7,94,83,8.0,4.97,7.2,8.0
2006-12-19,7.0,86,69,6.6,4.01,2.0,6.0
2006-12-20,6.2,88,47,6.9,4.98,0.0,8.0
2006-12-21,7.3,83,33,9.1,4.34,0.0,9.0
2006-12-22,7.0,82,39,9.7,5.98,0.0,8.0
2006-12-23,6.2,87,40,6.6,4.63,0.0,8.0
2006-12-24,8.9,86,26,7.2,6.19,0.0,11.0
2006-12-25,9.6,87,33,7.6,5.84,0.0,12.0
2006-12-26,7.0,93,59,6.1,5.1,0.0,6.0
2006-12-27,5.0,97,67,5.4,4.51,0.0,-1.0
2006-12-28,5.5,94,77,4.0,3.82,0.0,0.0
2006-12-29,5.3,96,86,3.8,2.56,0.0,0.0
2006-12-30,6.8,88,83,4.5,4.8,0.0,2.0
2006-12-31,7.9,91,78,5.8,5.09,0.0,9.0
2007-01-01,8.9,91,76,7.6,3.54,0.3,6.0
2007-01-02,10.0,76,48,13.0,6.69,0.3,11.0
2007-01-03,10.4,65,10,12.4,6.66,0.0,14.0
2007-01-04,9.2,77,65,6.2,4.71,0.0,11.0
2007-01-05,9.1,85,23,5.9,6.22,0.0,8.0
2007-01-06,8.9,87,43,5.4,6.29,0.0,8.0
2007-01-07,9.1,93,71,5.9,4.93,0.0,9.0
2007-01-08,8.3,95,90,4.4,1.59,0.4,7.0
2007-01-09,9.4,93,67,5.8,5.42,0.0,9.0
2007-01-10,9.0,94,82,5.1,2.01,0.3,6.0
2007-01-11,10.4,93,75,4.1,5.08,0.0,12.0
2007-01-12,15.3,82,23,9.4,6.92,0.0,17.0
2007-01-13,12.5,82,2,9.7,7.11,0.0,3.0
2007-01-14,10.8,94,64,6.5,6.01,0.0,10.0
2007-01-15,10.4,87,81,5.2,5.8,0.0,9.0
2007-01-16,8.4,91,96,5.4,5.16,0.0,3.0
2007-01-17,9.7,89,63,4.7,4.33,0.0,3.0
2007-01-18,8.2,92,99,5.5,3.1,0.6,5.0
2007-01-19,17.1,87,20,9.4,6.66,0.0,23.0
2007-01-20,14.4,82,28,9.8,7.06,0.0,12.0
2007-01-21,10.8,93,75,5.4,5.08,0.0,11.0
2007-01-22,7.4,92,99,7.0,1.08,10.6,6.0
2007-01-23,8.5,94,100,10.0,1.13,37.9,6.0
2007-01-24,7.0,67,84,17.3,5.33,3.8,6.0
2007-01-25,3.1,61,90,12.4,4.91,0.4,2.0
2007-01-26,3.0,86,71,9.1,4.36,3.2,1.0
2007-01-27,8.4,72,5,9.8,8.53,0.0,9.0
2007-01-28,10.3,69,3,9.8,8.86,0.0,11.0
2007-01-29,11.3,79,28,8.1,8.68,0.0,10.0
2007-01-30,9.8,82,15,5.8,8.47,0.0,9.0
2007-01-31,9.0,89,36,6.1,8.23,0.0,8.0
2007-02-01,10.6,91,58,7.2,7.73,0.0,10.0
2007-02-02,9.8,91,42,5.6,7.57,0.0,8.0
2007-02-03,13.8,84,46,8.5,9.21,0.0,15.0
2007-02-04,9.9,75,19,8.1,8.63,0.0,3.0
2007-02-05,10.5,88,80,5.7,9.22,0.0,11.0
2007-02-06,7.9,93,98,6.9,2.8,2.3,7.0
2007-02-07,6.5,90,99,7.1,3.3,1.0,7.0
2007-02-08,6.9,90,100,6.9,3.51,2.2,7.0
2007-02-09,10.1,87,60,8.8,9.57,0.0,10.0
2007-02-10,9.3,85,96,7.6,4.38,0.2,10.0
2007-02-11,11.7,82,35,6.2,8.81,0.0,12.0
2007-02-12,8.9,86,94,8.9,4.06,2.1,8.0
2007-02-13,14.4,74,11,11.7,11.34,0.0,16.0
2007-02-14,11.7,68,65,7.6,7.52,0.0,11.0
2007-02-15,15.5,64,40,7.3,11.49,0.0,14.0
2007-02-16,13.0,81,23,8.5,11.65,0.0,12.0
2007-02-17,9.5,79,82,8.0,4.84,0.0,11.0
2007-02-18,8.2,73,59,6.3,5.84,0.3,8.0
2007-02-19,10.3,78,11,6.9,11.8,0.0,10.0
2007-02-20,12.0,80,36,8.3,11.87,0.0,13.0
2007-02-21,13.4,78,52,10.8,11.5,0.1,11.0
2007-02-22,12.1,81,73,5.4,5.45,0.0,14.0
2007-02-23,12.5,83,62,5.8,7.58,0.0,12.0
2007-02-24,11.4,90,84,8.7,5.11,5.5,10.0
2007-02-25,8.3,94,98,7.7,1.62,8.7,8.0
2007-02-26,14.9,73,57,11.2,13.1,0.0,14.0
2007-02-27,13.4,51,28,12.8,12.17,0.0,16.0
2007-02-28,14.4,72,50,8.0,12.32,0.0,12.0
2007-03-01,12.0,87,74,6.6,7.33,0.7,10.0
2007-03-02,16.8,74,55,10.2,14.09,1.9,18.0
2007-03-03,15.2,67,51,8.7,11.89,0.2,16.0
2007-03-04,17.0,61,30,12.2,15.18,0.0,18.0
2007-03-05,14.5,69,82,7.6,8.31,0.0,16.0
2007-03-06,10.6,88,83,6.8,2.04,7.9,11.0
2007-03-07,11.5,93,96,9.8,3.27,28.8,10.0
2007-03-08,15.5,79,30,10.2,14.5,0.0,15.0
2007-03-09,15.3,60,37,9.4,16.09,0.0,16.0
2007-03-10,14.4,55,66,21.7,15.33,0.0,17.0
2007-03-11,12.6,55,14,12.2,15.07,0.0,13.0
2007-03-12,13.9,68,10,7.6,16.6,0.0,15.0
2007-03-13,17.5,66,22,6.3,17.02,0.0,19.0
2007-03-14,18.4,69,1,9.0,17.23,0.0,19.0
2007-03-15,18.3,71,0,8.6,17.15,0.0,20.0
2007-03-16,17.8,75,1,6.6,17.26,0.0,18.0
2007-03-17,18.0,75,40,8.3,16.41,0.0,19.0
2007-03-18,15.3,79,61,10.5,13.52,0.6,16.0
2007-03-19,12.1,68,90,14.8,13.55,5.4,14.0
2007-03-20,9.2,35,100,17.9,8.0,0.0,11.0
2007-03-21,11.4,32,71,20.7,19.19,0.0,12.0
2007-03-22,10.1,50,57,11.3,18.91,0.0,12.0
2007-03-23,9.9,61,78,7.7,12.59,0.0,10.0
2007-03-24,11.9,59,53,10.6,18.24,0.8,12.0
2007-03-25,7.6,88,96,10.3,9.04,7.1,8.0
2007-03-26,11.6,81,79,9.5,12.18,8.0,12.0
2007-03-27,11.9,75,81,12.5,12.79,0.9,12.0
2007-03-28,13.3,74,45,10.1,18.59,0.1,13.0
2007-03-29,12.5,73,29,9.4,14.99,0.0,14.0
2007-03-30,12.3,81,72,9.7,15.03,5.2,12.0
2007-03-31,11.5,81,96,6.7,12.98,2.8,12.0
2007-04-01,13.1,81,90,6.1,10.54,3.8,13.0
2007-04-02,14.9,74,72,5.7,10.57,0.0,16.0
2007-04-03,16.5,76,61,6.6,17.38,0.3,17.0
2007-04-04,14.5,79,82,9.7,11.15,9.9,14.0
2007-04-05,14.9,75,32,6.1,10.98,0.0,16.0
2007-04-06,18.4,73,13,6.6,20.91,0.0,19.0
2007-04-07,19.5,72,5,7.6,21.33,0.0,20.0
2007-04-08,18.0,67,73,7.4,18.35,0.0,18.0
2007-04-09,19.1,71,8,9.2,20.37,0.0,20.0
2007-04-10,20.2,75,4,6.6,22.0,0.0,21.0
2007-04-11,21.0,67,3,6.8,21.0,0.0,23.0
2007-04-12,21.4,68,37,7.9,20.65,0.0,22.0
2007-04-13,21.2,67,74,10.1,20.06,0.0,22.0
2007-04-14,22.0,66,29,7.6,19.48,0.0,23.0
2007-04-15,23.1,62,16,8.7,21.83,0.0,24.0
2007-04-16,22.8,64,40,10.4,20.77,0.0,23.0
2007-04-17,21.6,56,23,8.7,20.86,0.0,22.0
2007-04-18,24.1,61,52,11.1,22.91,0.0,24.0
2007-04-19,18.8,69,62,7.8,9.4,0.3,20.0
2007-04-20,22.2,64,20,7.5,21.26,0.0,21.0
2007-04-21,22.4,70,50,6.3,16.98,0.2,22.0
2007-04-22,23.2,72,30,8.0,19.63,0.7,23.0
2007-04-23,24.9,67,17,6.9,22.99,0.5,24.0
2007-04-24,26.1,60,61,9.2,22.91,0.0,26.0
2007-04-25,23.6,65,58,9.0,16.59,0.1,23.0
2007-04-26,20.5,53,91,7.4,10.42,0.3,22.0
2007-04-27,23.0,57,21,5.8,21.64,0.0,23.0
2007-04-28,23.9,52,15,7.5,24.13,0.0,24.0
2007-04-29,25.5,49,14,10.7,25.55,0.2,25.0
2007-04-30,23.1,59,83,12.1,21.89,1.1,23.0
2007-05-01,20.9,70,69,8.6,18.1,1.2,21.0
2007-05-02,14.2,88,97,14.0,4.96,39.0,15.0
2007-05-03,17.1,76,85,7.3,19.16,2.7,18.0
2007-05-04,13.5,83,95,10.9,4.9,16.7,13.0
2007-05-05,17.7,80,91,5.1,16.05,2.8,18.0
2007-05-06,20.9,73,48,12.1,24.56,0.2,24.0
2007-05-07,23.8,52,24,12.4,26.31,0.0,25.0
2007-05-08,24.9,62,70,8.0,24.9,0.0,26.0
2007-05-09,26.5,57,64,10.2,26.64,0.0,29.0
2007-05-10,25.8,57,19,10.2,27.11,0.0,27.0
2007-05-11,22.1,78,61,11.3,16.12,4.6,24.0
2007-05-12,24.5,74,49,7.9,23.75,0.9,26.0
2007-05-13,22.4,76,61,10.7,15.02,5.3,24.0
2007-05-14,22.4,70,64,16.3,12.91,3.2,23.0
2007-05-15,20.3,60,57,15.0,17.85,10.5,21.0
2007-05-16,20.2,44,45,13.4,26.56,0.0,21.0
2007-05-17,18.6,66,80,7.3,15.64,0.9,22.0
2007-05-18,22.7,63,9,8.6,25.67,0.0,25.0
2007-05-19,24.5,56,17,6.6,24.67,0.0,26.0
2007-05-20,25.7,58,39,7.9,24.62,0.0,27.0
2007-05-21,27.4,60,37,8.7,27.03,0.0,28.0
2007-05-22,30.9,58,51,8.4,26.6,0.6,30.0
2007-05-23,30.4,60,38,7.5,24.87,1.7,30.0
2007-05-24,29.6,59,20,9.7,26.32,0.0,29.0
2007-05-25,28.0,61,76,8.6,22.01,2.0,29.0
2007-05-26,23.4,74,81,14.2,15.66,19.3,22.0
2007-05-27,21.1,84,85,9.1,13.2,28.8,21.0
2007-05-28,14.8,90,99,14.1,4.75,49.1,15.0
2007-05-29,17.3,71,98,7.0,13.45,0.0,15.0
2007-05-30,20.8,50,36,11.7,29.02,0.0,21.0
2007-05-31,19.5,69,89,8.7,17.01,2.5,19.0
2007-06-01,16.1,86,99,11.7,7.33,39.5,12.0
2007-06-02,19.6,78,86,12.8,20.65,7.4,17.0
2007-06-03,23.1,75,77,8.0,23.45,0.0,24.0
2007-06-04,24.6,70,55,10.1,24.67,0.5,26.0
2007-06-05,23.5,76,90,12.8,20.57,4.2,25.0
2007-06-06,23.5,82,90,10.4,19.69,5.5,22.0
2007-06-07,20.9,83,85,7.6,11.2,4.9,21.0
2007-06-08,24.4,77,45,6.8,23.36,0.0,26.0
2007-06-09,25.9,74,58,7.6,24.1,0.1,27.0
2007-06-10,26.5,75,55,9.6,23.64,0.4,28.0
2007-06-11,25.0,78,88,7.4,23.17,2.2,26.0
2007-06-12,25.8,79,87,8.6,23.91,1.0,27.0
2007-06-13,24.0,83,80,4.6,17.1,5.0,26.0
2007-06-14,23.8,83,92,8.3,16.52,6.4,26.0
2007-06-15,21.9,87,84,13.1,8.91,33.5,24.0
2007-06-16,24.1,74,26,9.0,25.04,0.2,26.0
2007-06-17,23.1,78,67,9.4,15.49,1.9,25.0
2007-06-18,24.1,80,81,10.7,13.83,3.0,25.0
2007-06-19,27.4,76,59,6.2,23.19,0.0,28.0
2007-06-20,28.0,74,45,6.9,21.98,0.3,30.0
2007-06-21,24.2,83,66,8.0,13.68,22.3,28.0
2007-06-22,24.6,84,70,12.9,15.91,23.8,27.0
2007-06-23,26.4,65,24,6.5,25.45,0.0,28.0
2007-06-24,26.0,68,42,8.7,21.39,0.3,27.0
2007-06-25,26.3,67,66,8.6,18.53,3.4,28.0
2007-06-26,25.5,62,35,10.7,29.07,2.8,27.0
2007-06-27,24.4,49,20,12.5,26.5,0.1,25.0
2007-06-28,23.9,59,31,7.3,25.46,0.0,24.0
2007-06-29,25.0,64,51,7.1,21.02,0.0,26.0
2007-06-30,27.1,66,76,7.3,24.92,0.0,26.0
2007-07-01,26.1,73,87,6.9,14.89,6.8,28.0
2007-07-02,24.2,82,81,8.4,17.37,31.0,24.0
2007-07-03,24.1,77,91,9.2,14.36,1.6,24.0
2007-07-04,22.0,61,45,11.4,26.25,4.4,26.0
2007-07-05,24.4,46,27,11.5,28.59,0.0,26.0
2007-07-06,27.2,48,27,13.4,27.3,0.0,27.0
2007-07-07,28.8,62,9,6.9,27.39,0.0,28.0
2007-07-08,28.6,67,48,5.9,22.39,0.0,28.0
2007-07-09,21.9,82,80,12.9,13.54,40.9,25.0
2007-07-10,22.8,52,56,13.5,25.22,0.1,23.0
2007-07-11,22.9,52,25,7.6,27.96,0.0,24.0
2007-07-12,25.2,57,20,8.0,28.09,0.0,26.0
2007-07-13,26.9,62,8,6.8,27.49,0.0,28.0
2007-07-14,29.2,63,2,6.8,27.77,0.0,30.0
2007-07-15,31.3,60,12,6.8,28.09,0.0,32.0
2007-07-16,31.8,53,2,7.6,28.5,0.0,33.0
2007-07-17,31.9,51,5,7.5,27.35,0.0,31.0
2007-07-18,33.0,52,9,6.5,27.29,0.0,33.0
2007-07-19,33.3,51,10,6.5,26.23,0.0,33.0
2007-07-20,32.7,49,14,8.0,24.99,0.1,33.0
2007-07-21,31.1,49,18,11.0,24.57,0.0,31.0
2007-07-22,29.4,58,48,7.4,24.08,0.1,30.0
2007-07-23,29.4,53,60,16.2,20.54,0.3,29.0
2007-07-24,28.1,49,39,14.5,22.11,0.4,30.0
2007-07-25,29.9,39,16,16.4,26.51,0.0,30.0
2007-07-26,30.5,50,16,9.4,21.36,0.0,31.0
2007-07-27,32.3,54,17,7.6,24.04,0.0,32.0
2007-07-28,32.1,52,19,13.7,23.27,0.0,33.0
2007-07-29,31.8,38,19,15.4,25.46,0.0,32.0
2007-07-30,28.4,35,20,28.5,27.18,0.0,32.0
2007-07-31,25.2,54,54,6.8,20.58,1.2,26.0
2007-08-01,27.0,44,5,6.5,24.73,0.0,27.0
2007-08-02,28.4,54,62,10.3,19.26,0.0,27.0
2007-08-03,29.4,51,33,10.7,25.25,0.3,29.0
2007-08-04,29.4,53,7,8.2,25.87,0.0,28.0
2007-08-05,29.3,49,17,8.0,21.8,0.0,29.0
2007-08-06,30.5,42,20,7.1,24.71,0.0,29.0
2007-08-07,29.4,56,73,7.1,15.78,0.7,30.0
2007-08-08,23.3,82,95,12.2,12.57,51.7,22.0
2007-08-09,22.3,74,73,12.9,20.46,9.4,23.0
2007-08-10,24.1,61,34,7.8,24.74,0.0,26.0
2007-08-11,26.0,64,24,7.9,23.61,0.0,28.0
2007-08-12,25.5,73,38,7.2,21.17,0.0,27.0
2007-08-13,25.3,79,53,7.6,19.69,1.9,28.0
2007-08-14,24.8,81,63,5.8,14.72,1.5,28.0
2007-08-15,27.3,78,41,6.8,18.47,0.0,29.0
2007-08-16,25.9,78,48,10.6,13.32,10.4,29.0
2007-08-17,25.4,74,41,7.7,19.13,9.3,26.0
2007-08-18,23.1,69,53,9.0,14.05,2.0,27.0
2007-08-19,23.3,78,57,7.3,14.81,8.6,26.0
2007-08-20,21.2,87,94,7.1,13.61,22.7,18.0
2007-08-21,17.3,92,91,13.7,6.44,47.2,16.0
2007-08-22,19.4,81,87,6.2,12.23,9.3,20.0
2007-08-23,21.6,75,53,4.7,17.9,2.6,25.0
2007-08-24,24.1,73,41,6.9,20.39,0.0,26.0
2007-08-25,27.1,75,42,7.1,21.99,0.1,28.0
2007-08-26,28.3,79,47,7.6,21.32,0.0,30.0
2007-08-27,28.0,79,40,5.8,19.2,0.0,30.0
2007-08-28,27.9,83,68,6.6,15.44,0.0,24.0
2007-08-29,24.3,84,93,7.0,7.88,0.3,23.0
2007-08-30,24.3,81,62,7.2,16.49,10.1,25.0
2007-08-31,22.2,74,48,9.1,18.69,0.4,23.0
2007-09-01,23.6,75,26,7.8,20.13,0.0,25.0
2007-09-02,23.6,74,39,6.0,13.0,0.0,25.0
2007-09-03,23.3,76,62,7.6,14.47,0.0,25.0
2007-09-04,21.6,48,15,21.0,21.36,0.0,23.0
2007-09-05,20.9,32,0,18.4,22.53,0.0,22.0
2007-09-06,23.0,39,38,16.8,19.11,0.0,24.0
2007-09-07,26.2,55,3,13.4,21.37,0.0,27.0
2007-09-08,24.4,59,4,8.7,20.81,0.0,24.0
2007-09-09,25.3,66,13,6.8,19.77,0.0,25.0
2007-09-10,23.9,69,26,5.8,17.5,0.5,24.0
2007-09-11,25.2,55,12,15.6,20.54,0.0,27.0
2007-09-12,24.2,51,27,8.7,15.89,0.0,24.0
2007-09-13,23.5,64,22,5.4,15.39,0.0,24.0
2007-09-14,24.9,65,26,5.2,16.99,0.0,24.0
2007-09-15,27.2,63,37,7.7,18.61,0.0,26.0
2007-09-16,25.3,67,50,6.1,13.18,0.1,24.0
2007-09-17,22.5,80,89,7.0,7.89,7.7,23.0
2007-09-18,21.9,71,65,20.9,10.56,15.5,23.0
2007-09-19,20.8,44,9,17.7,17.66,0.0,21.0
2007-09-20,19.7,64,35,6.4,13.68,0.0,19.0
2007-09-21,20.9,71,40,5.5,14.94,0.0,20.0
2007-09-22,23.0,71,53,5.2,15.29,0.0,22.0
2007-09-23,24.3,73,29,6.8,16.59,0.0,25.0
2007-09-24,23.9,70,25,7.2,16.73,0.0,23.0
2007-09-25,22.2,70,52,12.4,11.83,10.7,20.0
2007-09-26,12.7,83,99,16.9,3.45,34.5,11.0
2007-09-27,12.3,86,98,11.5,5.39,23.5,11.0
2007-09-28,16.4,75,74,5.2,14.3,2.9,16.0
2007-09-29,15.1,81,77,7.2,6.08,2.5,17.0
2007-09-30,16.4,82,85,6.9,4.39,0.3,18.0
2007-10-01,19.6,85,88,8.3,11.63,0.0,21.0
2007-10-02,21.7,85,48,7.9,14.7,0.0,23.0
2007-10-03,22.4,84,78,7.6,13.26,0.0,24.0
2007-10-04,23.5,78,97,7.2,11.65,0.6,23.0
2007-10-05,22.9,83,51,8.3,13.0,0.0,23.0
2007-10-06,21.5,86,77,10.4,9.37,5.1,22.0
2007-10-07,18.1,79,60,5.3,5.81,2.1,20.0
2007-10-08,18.6,75,52,5.8,7.96,0.0,19.0
2007-10-09,19.2,82,96,6.4,11.43,0.4,20.0
2007-10-10,17.4,74,51,4.7,8.93,0.0,18.0
2007-10-11,17.4,76,40,4.8,6.21,0.0,20.0
2007-10-12,18.8,83,53,8.3,12.85,0.0,20.0
2007-10-13,20.0,82,23,7.6,12.24,0.0,19.0
2007-10-14,16.3,83,56,6.5,5.0,0.0,17.0
2007-10-15,16.7,74,51,4.6,6.58,0.0,18.0
2007-10-16,17.3,73,48,6.1,9.95,0.0,17.0
2007-10-17,17.1,77,70,6.6,11.65,0.0,17.0
2007-10-18,19.3,66,36,20.6,12.15,0.0,18.0
2007-10-19,16.0,51,0,15.5,13.23,0.0,17.0
2007-10-20,11.4,56,7,13.3,12.7,0.4,13.0
2007-10-21,10.9,64,22,6.8,10.99,0.0,12.0
2007-10-22,12.5,60,5,11.3,12.28,0.0,15.0
2007-10-23,15.3,68,37,9.8,12.16,0.0,16.0
2007-10-24,10.3,83,87,10.5,3.2,5.0,9.0
2007-10-25,11.9,83,97,5.8,3.96,0.6,12.0
2007-10-26,11.1,90,100,10.4,1.02,8.8,11.0
2007-10-27,16.9,84,61,6.1,9.66,0.0,18.0
2007-10-28,15.8,89,82,7.1,6.54,0.0,18.0
2007-10-29,14.4,88,94,5.5,4.2,0.1,13.0
2007-10-30,12.6,88,95,5.5,3.92,2.2,12.0
2007-10-31,16.3,81,35,7.6,9.77,0.5,16.0
2007-11-01,12.5,77,41,6.6,3.8,0.4,14.0
2007-11-02,14.4,72,27,6.5,9.5,0.0,15.0
2007-11-03,15.5,80,38,8.3,9.69,0.0,17.0
2007-11-04,15.6,80,36,7.2,9.53,0.0,16.0
2007-11-05,14.2,86,77,9.2,6.24,0.0,13.0
2007-11-06,14.6,71,45,12.1,8.12,0.0,15.0
2007-11-07,12.6,63,28,9.8,7.91,0.0,15.0
2007-11-08,15.5,72,11,8.9,9.31,0.0,18.0
2007-11-09,13.1,64,33,24.9,8.99,1.2,15.0
2007-11-10,10.7,60,23,9.2,8.3,0.0,13.0
2007-11-11,15.2,71,32,9.8,9.17,0.0,16.0
2007-11-12,12.8,50,19,22.1,9.28,0.0,14.0
2007-11-13,10.0,52,55,12.8,8.24,0.0,11.0
2007-11-14,10.7,59,44,16.5,8.91,0.0,12.0
2007-11-15,7.7,30,29,17.2,6.93,0.4,10.0
2007-11-16,7.6,46,6,14.8,8.85,0.0,10.0
2007-11-17,7.1,61,4,6.5,8.56,0.0,9.0
2007-11-18,7.4,72,3,5.9,8.39,0.0,9.0
2007-11-19,6.0,79,88,6.5,3.33,0.0,6.0
2007-11-20,6.8,80,94,4.5,2.55,0.0,8.0
2007-11-21,6.1,92,99,3.9,1.32,5.6,6.0
2007-11-22,7.0,93,100,7.8,0.44,29.6,7.0
2007-11-23,8.3,92,100,9.0,0.51,43.5,8.0
2007-11-24,10.2,93,100,6.4,0.81,26.3,11.0
2007-11-25,12.8,90,81,7.0,5.92,1.0,12.0
2007-11-26,12.5,67,14,13.7,7.56,0.0,16.0
2007-11-27,8.9,69,15,12.0,5.89,0.0,11.0
2007-11-28,8.5,83,73,9.4,3.28,0.0,9.0
2007-11-29,6.8,85,57,5.4,3.34,0.0,11.0
2007-11-30,10.2,83,32,5.4,6.66,0.0,7.0
2007-12-01,8.3,92,80,4.7,2.97,0.0,6.0
2007-12-02,9.7,89,92,6.1,4.84,0.5,8.0
2007-12-03,10.8,84,52,9.8,5.97,7.0,8.0
2007-12-04,11.6,72,43,10.8,6.47,0.0,12.0
2007-12-05,11.1,73,46,7.2,6.49,0.0,10.0
2007-12-06,10.1,88,88,6.1,5.41,0.0,9.0
2007-12-07,9.8,86,95,5.9,3.55,0.0,7.0
2007-12-08,12.0,74,45,12.0,6.57,0.2,12.0
2007-12-09,7.3,74,73,8.3,2.84,0.0,5.0
2007-12-10,7.9,87,61,7.2,5.84,0.0,5.0
2007-12-11,10.8,70,46,13.8,6.44,0.0,9.0
2007-12-12,10.6,56,19,13.4,6.61,0.0,12.0
2007-12-13,10.4,70,9,11.2,6.44,0.0,12.0
2007-12-14,7.2,85,37,9.4,6.32,0.0,7.0
2007-12-15,2.8,81,65,11.3,4.15,3.9,4.0
2007-12-16,4.9,75,51,7.7,5.09,0.0,6.0
2007-12-17,2.9,72,73,9.4,3.3,0.1,2.0
2007-12-18,3.0,77,35,6.5,4.51,0.0,4.0
2007-12-19,6.1,83,40,7.9,6.15,0.0,7.0
2007-12-20,8.3,86,44,9.0,6.17,0.0,9.0
2007-12-21,8.2,84,21,9.0,6.06,0.0,10.0
2007-12-22,7.0,87,87,6.8,5.39,0.0,7.0
2007-12-23,5.6,93,100,6.5,3.79,0.0,4.0
2007-12-24,5.4,96,68,4.7,4.76,0.0,9.0
2007-12-25,4.5,95,92,7.0,1.91,0.0,4.0
2007-12-26,5.6,80,98,5.4,4.14,0.3,7.0
2007-12-27,6.8,86,51,6.5,5.64,0.0,8.0
2007-12-28,7.1,88,45,7.2,5.61,0.0,9.0
2007-12-29,5.9,89,45,7.6,5.81,0.0,8.0
2007-12-30,3.9,92,70,6.7,3.65,0.0,6.0
2007-12-31,7.5,76,6,8.6,6.43,0.0,9.0
2008-01-01,4.8,84,50,8.5,5.52,0.0,6.0
2008-01-02,1.8,90,91,6.6,1.64,2.6,2.0
2008-01-03,0.9,83,100,9.7,1.54,6.0,0.0
2008-01-04,2.7,90,100,8.4,1.13,11.4,3.0
2008-01-05,4.1,94,100,5.8,1.0,9.6,4.0
2008-01-06,5.5,96,61,5.8,5.57,8.3,7.0
2008-01-07,6.6,90,40,5.8,4.72,0.7,3.0
2008-01-08,6.9,87,21,7.0,5.01,0.0,2.0
2008-01-09,7.0,85,83,5.9,3.48,0.0,5.0
2008-01-10,6.8,88,72,7.2,3.57,0.0,5.0
2008-01-11,4.1,95,97,5.8,0.5,13.8,4.0
2008-01-12,5.1,93,100,13.0,0.31,57.4,6.0
2008-01-13,9.1,86,82,10.6,3.59,2.2,10.0
2008-01-14,6.9,90,97,6.5,2.75,2.0,8.0
2008-01-15,6.3,91,100,5.5,1.24,7.6,6.0
2008-01-16,4.8,96,100,9.2,0.49,25.3,5.0
2008-01-17,8.9,91,58,8.0,6.87,0.0,11.0
2008-01-18,9.0,87,55,9.0,6.02,0.0,11.0
2008-01-19,10.6,85,32,5.4,7.29,0.0,12.0
2008-01-20,9.7,90,39,5.5,7.12,0.0,3.0
2008-01-21,7.3,95,93,3.9,3.91,0.0,8.0
2008-01-22,12.9,74,55,21.9,6.75,0.0,15.0
2008-01-23,8.9,57,3,14.7,8.15,0.0,11.0
2008-01-24,8.3,74,29,7.2,7.82,0.0,10.0
2008-01-25,11.5,78,48,7.2,7.61,0.0,11.0
2008-01-26,11.7,84,43,7.9,8.24,0.0,13.0
2008-01-27,14.5,77,67,12.5,8.27,0.0,15.0
2008-01-28,16.4,59,56,13.0,8.64,0.0,20.0
2008-01-29,8.9,90,67,5.6,4.65,0.0,11.0
2008-01-30,7.9,92,94,4.8,2.46,1.5,7.0
2008-01-31,9.0,91,92,6.9,6.99,0.0,8.0
2008-02-01,6.7,93,100,7.1,2.04,3.1,7.0
2008-02-02,10.0,83,63,6.5,7.77,6.5,9.0
2008-02-03,4.5,89,85,7.7,1.75,9.9,5.0
2008-02-04,4.5,95,100,10.7,1.04,28.5,4.0
2008-02-05,10.6,77,54,9.4,9.62,1.8,12.0
2008-02-06,10.8,78,35,9.5,9.59,0.0,12.0
2008-02-07,13.0,60,1,16.6,10.38,0.0,16.0
2008-02-08,9.8,70,0,8.5,10.29,0.0,11.0
2008-02-09,8.3,78,29,7.6,10.2,0.0,10.0
2008-02-10,8.6,80,24,7.2,10.24,0.0,9.0
2008-02-11,9.2,79,26,8.7,10.1,0.0,10.0
2008-02-12,8.3,84,42,8.0,9.51,0.0,10.0
2008-02-13,9.2,82,43,6.9,10.32,0.0,10.0
2008-02-14,11.2,78,33,6.5,11.39,0.0,12.0
2008-02-15,10.4,82,29,7.7,11.12,0.0,11.0
2008-02-16,5.0,70,66,7.3,4.33,0.8,6.0
2008-02-17,3.2,69,59,7.9,6.08,0.0,3.0
2008-02-18,6.3,80,28,4.7,10.58,0.0,7.0
2008-02-19,8.9,83,25,5.7,11.17,0.0,11.0
2008-02-20,8.2,83,68,4.6,4.8,0.0,10.0
2008-02-21,11.5,82,50,6.5,11.62,0.0,11.0
2008-02-22,12.4,86,44,6.2,12.19,0.0,12.0
2008-02-23,13.1,88,33,6.2,12.0,0.0,14.0
2008-02-24,13.7,88,28,6.5,10.98,0.0,13.0
2008-02-25,12.8,86,93,7.2,11.11,0.0,13.0
2008-02-26,11.1,83,73,4.7,4.31,0.0,11.0
2008-02-27,13.6,86,82,6.8,8.83,0.0,15.0
2008-02-28,11.4,92,90,5.8,4.22,0.0,12.0
2008-02-29,12.9,87,89,6.4,9.28,0.0,14.0
2008-03-01,17.7,78,78,9.4,10.85,0.2,18.0
2008-03-02,19.5,65,12,8.4,14.54,0.0,23.0
2008-03-03,16.2,82,40,10.5,13.86,0.0,17.0
2008-03-04,14.1,73,57,14.1,12.7,4.8,16.0
2008-03-05,9.8,57,58,24.9,15.69,0.0,12.0
2008-03-06,9.0,40,30,16.2,14.77,0.0,10.0
2008-03-07,8.4,67,98,10.4,6.58,0.4,10.0
2008-03-08,10.6,75,72,8.0,10.86,0.0,9.0
2008-03-09,9.0,90,94,7.6,3.92,5.1,8.0
2008-03-10,7.3,94,100,15.8,1.37,31.0,8.0
2008-03-11,14.6,76,60,8.4,15.98,5.8,14.0
2008-03-12,16.7,70,15,11.8,16.38,0.0,19.0
2008-03-13,16.5,54,5,14.2,17.42,0.0,19.0
2008-03-14,15.9,68,21,7.2,16.93,0.0,17.0
2008-03-15,14.3,84,69,8.3,10.57,0.0,15.0
2008-03-16,13.4,87,81,8.7,8.05,7.5,15.0
2008-03-17,16.8,74,30,7.3,17.16,0.0,18.0
2008-03-18,15.7,57,36,12.1,18.85,0.0,18.0
2008-03-19,10.6,64,52,10.6,14.63,1.8,12.0
2008-03-20,12.2,37,13,13.7,19.32,0.0,13.0
2008-03-21,8.5,61,94,10.2,10.29,1.6,11.0
2008-03-22,12.0,61,27,10.9,19.35,0.0,13.0
2008-03-23,10.1,61,41,8.9,15.01,0.1,11.0
2008-03-24,10.7,38,14,17.0,19.84,0.0,12.0
2008-03-25,11.0,43,32,13.1,20.15,0.0,12.0
2008-03-26,11.6,52,37,8.3,20.15,0.0,13.0
2008-03-27,11.0,68,94,5.9,13.82,1.5,12.0
2008-03-28,14.2,72,36,7.0,19.39,0.4,16.0
2008-03-29,17.6,64,27,8.0,20.13,0.0,19.0
2008-03-30,15.4,72,46,9.7,13.19,0.0,17.0
2008-03-31,15.4,69,92,8.2,13.06,0.1,17.0
2008-04-01,20.1,59,31,9.4,21.39,0.0,22.0
2008-04-02,18.1,45,64,19.0,16.25,0.0,19.0
2008-04-03,15.8,40,22,22.4,20.63,0.0,18.0
2008-04-04,17.1,40,6,14.0,22.66,0.0,18.0
2008-04-05,15.9,51,19,9.1,21.5,0.0,17.0
2008-04-06,14.2,65,73,9.5,14.62,2.3,15.0
2008-04-07,13.2,53,15,15.9,23.8,5.3,15.0
2008-04-08,11.4,56,85,8.3,8.63,0.1,13.0
2008-04-09,10.2,81,98,5.9,5.14,9.0,11.0
2008-04-10,10.6,89,100,6.2,2.36,6.7,10.0
2008-04-11,11.8,95,99,10.0,3.03,23.2,12.0
2008-04-12,14.9,69,91,11.2,12.0,11.3,13.0
2008-04-13,14.5,81,44,9.7,18.78,1.8,15.0
2008-04-14,11.2,89,97,11.0,4.69,25.7,12.0
2008-04-15,16.0,56,68,14.1,22.11,0.0,16.0
2008-04-16,15.1,50,22,10.9,23.9,0.0,16.0
2008-04-17,11.1,83,97,10.4,6.34,8.4,11.0
2008-04-18,11.1,86,100,10.1,3.48,21.9,11.0
2008-04-19,16.3,72,76,9.5,17.56,11.3,16.0
2008-04-20,15.6,73,71,7.9,11.8,0.4,17.0
2008-04-21,11.6,86,100,10.4,5.03,32.4,11.0
2008-04-22,18.2,78,73,10.9,16.36,0.4,17.0
2008-04-23,21.7,62,19,9.2,24.53,0.0,23.0
2008-04-24,18.0,80,53,5.6,17.55,0.9,19.0
2008-04-25,21.4,65,71,10.8,24.12,0.0,22.0
2008-04-26,18.5,61,41,9.7,22.6,0.0,20.0
2008-04-27,17.8,59,67,8.4,19.02,0.0,20.0
2008-04-28,18.1,69,78,9.4,14.56,0.3,19.0
2008-04-29,15.9,75,85,6.9,13.13,4.7,16.0
2008-04-30,15.3,82,81,8.6,12.1,13.8,17.0
2008-05-01,17.8,74,64,6.7,23.5,5.4,20.0
2008-05-02,20.3,64,45,7.6,25.02,0.0,22.0
2008-05-03,22.0,67,53,6.8,24.09,0.0,23.0
2008-05-04,21.4,68,32,8.4,22.78,0.0,22.0
2008-05-05,17.7,71,50,11.9,14.89,0.5,19.0
2008-05-06,20.2,68,26,6.8,21.65,0.0,23.0
2008-05-07,20.3,67,35,7.0,19.21,0.0,23.0
2008-05-08,21.6,67,37,8.6,22.01,0.0,24.0
2008-05-09,22.3,66,48,6.3,24.2,0.0,24.0
2008-05-10,21.6,60,52,7.6,20.38,0.0,24.0
2008-05-11,20.4,64,66,9.5,19.31,1.1,20.0
2008-05-12,20.1,59,41,8.6,24.19,0.0,23.0
2008-05-13,21.2,56,35,9.7,23.77,0.0,24.0
2008-05-14,23.4,59,34,9.9,27.08,0.0,25.0
2008-05-15,21.1,65,87,9.6,16.8,2.9,22.0
2008-05-16,19.3,83,96,9.7,10.46,9.5,20.0
2008-05-17,17.1,93,100,12.6,5.44,45.5,17.0
2008-05-18,17.1,89,90,8.1,7.64,34.5,18.0
2008-05-19,20.5,79,97,6.8,20.31,0.3,21.0
2008-05-20,18.1,86,99,9.0,13.58,11.0,20.0
2008-05-21,19.1,80,65,5.8,17.54,7.5,20.0
2008-05-22,18.5,88,85,6.3,8.87,16.2,18.0
2008-05-23,20.5,82,48,9.8,22.42,2.5,22.0
2008-05-24,18.1,87,93,5.2,7.7,4.1,17.0
2008-05-25,19.7,87,98,6.8,11.57,4.3,20.0
2008-05-26,22.2,81,87,8.1,14.31,2.6,20.0
2008-05-27,24.7,75,48,11.3,22.94,7.8,26.0
2008-05-28,23.6,79,91,10.5,14.94,7.0,26.0
2008-05-29,21.1,88,98,9.0,7.26,46.9,22.0
2008-05-30,21.1,82,82,9.1,18.55,6.9,23.0
2008-05-31,21.9,79,69,5.8,21.47,0.4,23.0
2008-06-01,23.7,74,90,6.5,22.99,0.0,24.0
2008-06-02,22.3,82,79,9.0,15.79,8.6,23.0
2008-06-03,23.4,76,58,7.0,26.02,0.0,25.0
2008-06-04,20.3,81,98,6.6,11.3,5.7,21.0
2008-06-05,19.9,85,98,7.1,12.26,7.6,20.0
2008-06-06,20.8,91,94,6.2,14.57,9.7,23.0
2008-06-07,22.7,79,94,7.0,18.66,8.8,24.0
2008-06-08,22.8,79,76,7.0,18.71,2.8,22.0
2008-06-09,23.6,73,46,9.1,24.94,0.0,25.0
2008-06-10,23.9,75,55,8.3,25.29,0.4,27.0
2008-06-11,24.6,75,64,6.4,25.06,0.6,26.0
2008-06-12,23.1,85,58,7.6,23.15,9.2,25.0
2008-06-13,23.7,69,47,16.8,28.07,7.1,24.0
2008-06-14,18.9,76,68,8.9,22.76,9.3,19.0
2008-06-15,15.2,82,87,8.0,7.75,8.3,16.0
2008-06-16,16.3,86,100,7.6,5.97,9.1,15.0
2008-06-17,19.4,85,96,6.8,9.7,22.4,19.0
2008-06-18,24.4,79,30,6.1,25.91,0.0,25.0
2008-06-19,24.8,79,40,6.2,21.77,0.0,27.0
2008-06-20,27.0,78,30,5.4,26.01,0.0,29.0
2008-06-21,27.4,78,22,6.6,22.95,0.8,30.0
2008-06-22,28.8,72,27,7.9,23.6,0.0,31.0
2008-06-23,29.0,73,14,7.7,25.75,0.0,31.0
2008-06-24,28.3,69,39,9.4,23.95,0.0,30.0
2008-06-25,29.5,71,23,8.1,27.4,0.0,31.0
2008-06-26,29.4,71,33,8.7,23.68,0.0,32.0
2008-06-27,30.9,63,28,10.4,27.56,0.0,32.0
2008-06-28,27.5,73,27,6.6,25.06,4.2,30.0
2008-06-29,27.0,80,57,9.7,19.75,5.3,31.0
2008-06-30,28.7,77,40,9.8,24.63,4.3,29.0
2008-07-01,24.4,82,66,9.3,14.95,5.5,30.0
2008-07-02,27.2,79,51,7.0,23.46,0.9,29.0
2008-07-03,26.0,76,75,13.4,18.68,2.5,27.0
2008-07-04,27.6,68,23,8.8,27.22,0.7,29.0
2008-07-05,27.4,73,24,6.5,26.13,0.0,29.0
2008-07-06,24.5,84,70,8.8,13.55,29.5,26.0
2008-07-07,24.1,84,69,14.2,13.51,36.6,26.0
2008-07-08,26.3,64,14,10.8,28.17,0.0,29.0
2008-07-09,25.5,71,16,7.0,26.79,0.0,27.0
2008-07-10,26.8,76,24,5.6,24.45,0.0,29.0
2008-07-11,25.3,80,56,10.2,19.03,4.8,27.0
2008-07-12,24.3,81,77,10.9,15.33,13.9,26.0
2008-07-13,21.8,80,82,11.0,12.72,29.3,24.0
2008-07-14,23.2,64,54,18.0,20.79,5.2,25.0
2008-07-15,25.1,58,1,12.0,28.86,0.0,26.0
2008-07-16,25.9,72,17,5.4,23.97,0.0,28.0
2008-07-17,23.8,78,63,7.0,16.1,0.0,26.0
2008-07-18,24.9,80,44,9.2,22.58,1.3,25.0
2008-07-19,24.6,79,55,5.8,16.59,0.7,27.0
2008-07-20,24.6,81,64,10.5,15.65,7.8,26.0
2008-07-21,25.9,58,49,13.7,26.44,0.0,28.0
2008-07-22,24.9,45,5,12.2,27.65,0.0,26.0
2008-07-23,25.4,52,3,9.2,27.64,0.0,27.0
2008-07-24,26.6,66,6,8.3,27.41,0.0,28.0
2008-07-25,28.0,72,35,6.5,26.41,0.0,28.0
2008-07-26,28.4,69,52,5.6,23.38,0.0,31.0
2008-07-27,27.2,75,52,7.1,23.86,0.0,29.0
2008-07-28,27.3,72,37,6.6,21.99,0.0,30.0
2008-07-29,28.7,73,69,8.0,22.74,0.0,30.0
2008-07-30,29.2,75,61,7.2,21.75,0.0,31.0
2008-07-31,29.4,70,51,10.3,24.29,0.0,31.0
2008-08-01,28.6,75,78,8.0,18.78,0.2,31.0
2008-08-02,28.9,70,6,6.2,24.94,0.7,30.0
2008-08-03,29.6,70,15,5.8,24.06,0.0,30.0
2008-08-04,29.3,73,49,6.6,20.35,0.0,30.0
2008-08-05,30.7,74,44,6.6,23.71,0.0,31.0
2008-08-06,26.0,81,65,10.0,14.2,4.3,29.0
2008-08-07,26.5,82,73,8.1,14.27,4.0,29.0
2008-08-08,26.7,66,32,14.4,21.5,2.1,30.0
2008-08-09,27.4,45,14,16.6,25.26,0.0,28.0
2008-08-10,27.3,63,44,6.6,22.11,0.0,29.0
2008-08-11,26.4,67,56,8.7,16.75,0.0,28.0
2008-08-12,24.9,80,84,10.5,7.23,8.3,21.0
2008-08-13,26.0,79,67,11.5,16.28,12.4,28.0
2008-08-14,25.5,78,63,8.6,14.06,4.8,28.0
2008-08-15,22.1,73,84,13.7,14.15,4.5,24.0
2008-08-16,24.8,53,52,15.6,23.45,0.0,28.0
2008-08-17,23.8,62,45,5.2,20.18,0.0,25.0
2008-08-18,24.5,69,29,6.9,17.23,0.0,27.0
2008-08-19,25.8,65,34,8.0,16.1,0.0,28.0
2008-08-20,26.9,68,33,7.3,19.26,0.0,29.0
2008-08-21,25.9,74,32,7.4,15.41,0.1,29.0
2008-08-22,25.7,72,60,10.4,14.77,3.0,29.0
2008-08-23,26.6,59,29,14.4,20.74,1.2,29.0
2008-08-24,25.2,46,3,14.8,23.44,0.0,26.0
2008-08-25,25.9,61,35,4.8,19.03,0.0,27.0
2008-08-26,26.8,68,45,7.2,19.67,0.0,28.0
2008-08-27,27.4,65,23,6.2,19.11,0.0,29.0
2008-08-28,28.7,67,25,8.3,20.92,0.0,29.0
2008-08-29,29.8,68,36,8.0,20.57,0.0,30.0
2008-08-30,30.4,65,20,7.2,19.94,0.0,31.0
2008-08-31,27.2,68,69,6.8,11.61,1.3,27.0
2008-09-01,25.4,77,66,6.6,14.28,5.2,26.0
2008-09-02,24.6,79,54,7.0,11.98,2.7,27.0
2008-09-03,24.6,81,84,10.7,9.7,18.6,26.0
2008-09-04,25.9,69,84,10.2,12.55,9.1,27.0
2008-09-05,21.7,90,95,10.7,6.94,27.3,26.0
2008-09-06,25.3,85,71,14.8,10.82,33.7,28.0
2008-09-07,22.4,79,62,12.0,13.0,30.5,26.0
2008-09-08,24.4,69,9,9.1,20.83,0.3,26.0
2008-09-09,24.6,74,23,8.3,19.19,0.0,27.0
2008-09-10,26.2,77,52,6.8,14.39,0.0,28.0
2008-09-11,27.2,77,69,9.7,16.69,0.0,27.0
2008-09-12,22.6,84,83,9.2,7.69,15.3,25.0
2008-09-13,19.3,92,89,8.8,5.43,76.7,20.0
2008-09-14,17.2,85,82,7.1,10.25,10.0,17.0
2008-09-15,16.5,83,48,9.0,16.84,2.7,18.0
2008-09-16,19.1,68,7,7.9,19.42,0.0,22.0
2008-09-17,19.6,77,48,6.8,18.18,0.0,21.0
2008-09-18,18.8,81,89,5.2,9.85,0.0,22.0
2008-09-19,19.6,83,67,6.5,13.81,8.8,21.0
2008-09-20,18.8,82,43,9.0,15.47,0.2,20.0
2008-09-21,17.8,74,62,6.8,10.97,1.3,19.0
2008-09-22,17.0,73,37,8.3,15.59,1.2,19.0
2008-09-23,16.1,72,49,8.2,11.63,1.0,17.0
2008-09-24,17.1,73,22,5.1,16.43,0.0,19.0
2008-09-25,17.9,73,22,6.0,15.08,0.0,21.0
2008-09-26,18.7,75,21,7.7,16.63,0.0,21.0
2008-09-27,15.5,68,59,5.6,6.8,0.0,17.0
2008-09-28,17.0,75,20,7.2,14.28,0.0,19.0
2008-09-29,17.3,76,26,5.4,14.39,0.0,20.0
2008-09-30,16.3,83,75,6.3,7.48,0.0,18.0
2008-10-01,18.3,80,90,4.8,7.77,0.0,20.0
2008-10-02,17.5,82,79,7.4,7.42,3.2,18.0
2008-10-03,16.4,73,49,17.7,9.75,14.5,19.0
2008-10-04,16.5,49,5,14.3,16.11,0.0,19.0
2008-10-05,15.8,60,44,9.1,15.48,0.0,19.0
2008-10-06,17.6,75,7,5.5,14.64,0.0,19.0
2008-10-07,17.7,83,71,6.5,10.11,0.0,19.0
2008-10-08,17.1,85,72,6.0,4.31,0.0,19.0
2008-10-09,20.5,80,18,8.0,13.77,0.0,22.0
2008-10-10,21.3,83,39,8.3,13.38,0.0,22.0
2008-10-11,20.6,82,43,9.7,12.7,0.0,22.0
2008-10-12,21.1,81,53,10.5,12.77,0.0,22.0
2008-10-13,21.4,80,69,7.6,12.64,0.0,23.0
2008-10-14,22.1,83,27,7.6,12.54,0.0,23.0
2008-10-15,21.5,82,57,8.3,11.46,0.0,22.0
2008-10-16,17.4,89,85,8.8,3.07,0.8,19.0
2008-10-17,20.9,74,40,12.4,12.72,0.0,24.0
2008-10-18,13.9,81,94,6.0,1.81,2.1,14.0
2008-10-19,16.8,81,51,5.6,8.1,0.0,19.0
2008-10-20,17.0,84,58,7.1,7.13,0.0,18.0
2008-10-21,17.2,81,83,5.0,7.52,0.0,20.0
2008-10-22,16.8,84,96,5.4,3.42,1.2,17.0
2008-10-23,16.9,85,79,5.0,5.42,1.3,18.0
2008-10-24,18.2,82,79,5.1,7.55,0.8,19.0
2008-10-25,18.7,84,49,8.0,8.87,0.2,18.0
2008-10-26,17.9,89,71,7.2,9.19,0.0,18.0
2008-10-27,13.3,95,99,7.1,1.38,5.6,14.0
2008-10-28,13.6,94,99,9.2,1.89,36.3,14.0
2008-10-29,12.9,93,100,16.4,1.23,38.7,15.0
2008-10-30,12.8,78,93,17.9,4.15,30.4,13.0
2008-10-31,9.4,90,100,11.3,0.73,21.7,8.0
2008-11-01,14.3,86,95,9.4,2.38,4.1,14.0
2008-11-02,15.8,89,95,7.6,6.12,2.3,16.0
2008-11-03,13.2,94,99,14.6,1.23,38.2,14.0
2008-11-04,13.3,87,100,15.8,1.86,42.0,15.0
2008-11-05,14.8,94,97,16.1,3.21,73.4,15.0
2008-11-06,13.9,87,91,8.3,5.07,2.3,11.0
2008-11-07,12.4,88,68,6.2,3.19,1.4,14.0
2008-11-08,13.8,87,61,9.4,8.2,0.0,16.0
2008-11-09,13.5,87,84,5.4,4.92,0.0,15.0
2008-11-10,13.4,86,75,6.5,4.64,0.0,14.0
2008-11-11,11.6,90,100,4.8,1.13,3.3,14.0
2008-11-12,10.6,91,100,6.6,1.26,26.8,10.0
2008-11-13,12.3,81,99,6.8,4.08,6.7,12.0
2008-11-14,13.7,78,47,6.6,6.74,0.2,14.0
2008-11-15,14.0,83,32,8.3,7.47,0.0,15.0
2008-11-16,13.9,89,37,8.6,7.88,0.0,16.0
2008-11-17,14.7,85,29,8.6,7.9,0.0,16.0
2008-11-18,8.2,85,87,8.8,2.82,3.9,9.0
2008-11-19,10.3,88,45,5.7,7.26,0.0,11.0
2008-11-20,11.3,92,70,7.6,6.06,0.0,13.0
2008-11-21,12.1,87,86,23.1,6.2,0.8,14.0
2008-11-22,8.4,56,35,17.7,7.23,2.1,9.0
2008-11-23,6.7,57,24,10.8,8.02,0.0,8.0
2008-11-24,4.0,71,76,9.5,3.99,2.8,2.0
2008-11-25,7.1,82,55,5.5,6.89,0.0,4.0
2008-11-26,7.1,77,9,8.0,7.2,0.0,9.0
2008-11-27,5.7,74,22,4.9,5.68,0.0,7.0
2008-11-28,1.7,95,96,10.1,0.46,37.5,1.0
2008-11-29,4.4,95,100,7.4,1.85,12.1,5.0
2008-11-30,5.7,97,100,12.0,1.99,29.8,5.0
2008-12-01,4.1,95,92,10.3,1.47,30.0,4.0
2008-12-02,6.8,90,62,7.2,5.27,0.0,8.0
2008-12-03,5.5,85,55,8.8,5.98,0.0,6.0
2008-12-04,5.6,82,73,6.5,3.86,0.3,5.0
2008-12-05,5.9,89,85,6.0,2.1,1.8,4.0
2008-12-06,5.8,93,72,8.2,4.71,0.0,2.0
2008-12-07,9.2,80,9,11.9,6.77,0.0,11.0
2008-12-08,7.2,82,34,10.1,6.28,0.0,10.0
2008-12-09,5.5,85,85,8.4,3.5,0.7,2.0
2008-12-10,2.3,98,100,7.1,0.72,34.3,2.0
2008-12-11,4.9,95,100,9.2,0.63,28.8,4.0
2008-12-12,7.5,78,100,11.5,3.71,2.2,8.0
2008-12-13,5.2,93,100,7.8,0.74,16.7,5.0
2008-12-14,5.8,95,100,11.6,0.67,26.1,7.0
2008-12-15,7.4,89,100,11.0,0.85,24.1,7.0
2008-12-16,8.4,90,100,10.0,1.06,20.7,8.0
2008-12-17,7.8,92,78,7.3,2.93,3.8,7.0
2008-12-18,11.3,74,58,16.6,6.17,0.0,15.0
2008-12-19,11.3,77,32,9.8,5.59,0.0,12.0
2008-12-20,9.4,77,44,8.4,4.29,0.0,10.0
2008-12-21,14.0,83,8,11.2,5.49,0.0,16.0
2008-12-22,10.3,87,2,7.2,6.05,0.0,8.0
2008-12-23,11.5,84,2,8.1,6.07,0.0,5.0
2008-12-24,9.5,87,20,6.5,5.81,0.0,10.0
2008-12-25,7.2,91,78,10.0,2.46,2.3,6.0
2008-12-26,5.3,69,45,20.7,6.15,5.0,4.0
2008-12-27,1.4,82,50,8.8,3.1,0.0,2.0
2008-12-28,2.7,71,70,7.3,4.13,0.3,1.0
2008-12-29,2.8,85,95,5.2,1.86,0.4,1.0
2008-12-30,4.6,88,51,6.6,3.88,0.0,4.0
2008-12-31,3.1,91,84,5.5,3.11,1.6,
2009-01-01,3.7,93,59,6.1,5.81,1.9,1.0
2009-01-02,5.0,91,55,6.9,5.45,0.0,-1.0
2009-01-03,2.5,82,76,5.6,2.79,0.4,1.0
2009-01-04,3.7,83,65,4.0,5.34,0.0,0.0
2009-01-05,2.6,82,91,5.8,4.09,0.3,0.0
2009-01-06,0.6,93,100,4.8,1.5,13.3,-1.0
2009-01-07,2.5,93,100,7.1,2.96,9.2,2.0
2009-01-08,2.5,93,96,7.5,2.45,3.0,2.0
2009-01-09,1.2,86,49,6.1,4.89,0.0,3.0
2009-01-10,1.8,96,51,6.5,6.31,0.0,3.0
2009-01-11,3.4,93,32,8.3,6.79,0.0,8.0
2009-01-12,3.7,89,19,6.9,6.6,0.0,7.0
2009-01-13,4.8,91,48,8.3,6.74,0.0,7.0
2009-01-14,4.9,90,66,7.1,5.54,0.0,6.0
2009-01-15,4.5,89,83,5.4,2.93,0.0,5.0
2009-01-16,5.0,92,72,7.6,6.91,0.0,4.0
2009-01-17,5.7,90,83,6.5,5.36,0.0,5.0
2009-01-18,3.8,95,92,7.6,1.17,3.6,2.0
2009-01-19,4.5,93,88,9.8,3.08,4.4,1.0
2009-01-20,4.9,96,100,6.1,1.19,22.3,1.0
2009-01-21,8.7,90,89,9.5,5.49,1.1,5.0
2009-01-22,8.1,72,14,9.6,8.07,0.0,9.0
2009-01-23,2.8,89,68,8.8,2.19,5.4,4.0
2009-01-24,4.0,90,87,6.5,2.9,0.2,2.0
2009-01-25,9.3,79,47,8.0,7.86,0.0,8.0
2009-01-26,6.5,81,86,6.6,4.23,0.6,6.0
2009-01-27,7.0,88,91,7.6,5.66,0.9,5.0
2009-01-28,9.2,71,66,7.6,8.29,0.0,7.0
2009-01-29,9.5,78,48,8.6,8.79,0.0,10.0
2009-01-30,8.1,86,48,7.9,7.81,0.0,8.0
2009-01-31,4.1,93,85,7.3,3.59,1.4,2.0
2009-02-01,2.2,93,99,6.8,2.48,5.6,1.0
2009-02-02,1.9,97,100,7.6,1.21,27.0,2.0
2009-02-03,6.0,94,96,6.5,1.97,5.1,5.0
2009-02-04,7.7,90,70,8.3,6.53,0.1,6.0
2009-02-05,8.2,94,99,9.3,2.21,17.9,6.0
2009-02-06,6.9,96,100,12.2,0.9,45.6,7.0
2009-02-07,8.2,94,99,8.0,3.45,29.5,5.0
2009-02-08,12.3,67,59,14.1,9.73,6.8,13.0
2009-02-09,10.2,59,41,11.4,10.56,0.0,12.0
2009-02-10,7.9,78,78,6.6,5.88,0.2,6.0
2009-02-11,8.6,56,72,23.5,11.24,0.0,10.0
2009-02-12,7.9,44,45,17.9,9.05,0.0,9.0
2009-02-13,6.6,37,8,16.7,11.92,0.0,8.0
2009-02-14,7.2,51,14,15.5,11.93,0.0,8.0
2009-02-15,6.4,47,12,11.7,12.3,0.0,7.0
2009-02-16,7.4,61,60,6.5,11.13,0.0,9.0
2009-02-17,10.0,71,54,8.9,10.25,0.0,9.0
2009-02-18,4.0,65,17,16.6,9.37,0.0,5.0
2009-02-19,6.1,68,22,7.9,10.74,0.0,7.0
2009-02-20,8.5,72,34,6.5,12.62,0.0,8.0
2009-02-21,11.3,72,27,6.6,12.97,0.0,12.0
2009-02-22,11.5,73,56,7.6,10.71,0.0,10.0
2009-02-23,12.5,76,18,8.6,11.84,0.0,9.0
2009-02-24,12.7,62,3,10.2,13.82,0.0,10.0
2009-02-25,8.4,71,53,7.9,10.95,0.6,10.0
2009-02-26,10.9,76,79,6.5,12.77,0.0,11.0
2009-02-27,14.0,73,21,6.5,13.54,0.0,14.0
2009-02-28,13.1,79,12,5.9,13.08,0.0,14.0
2009-03-01,10.0,91,90,5.9,3.65,3.1,9.0
2009-03-02,11.7,84,98,5.8,6.82,0.6,10.0
2009-03-03,10.1,91,91,5.0,5.88,8.0,9.0
2009-03-04,6.9,97,99,12.0,2.02,25.0,7.0
2009-03-05,5.8,92,100,12.6,1.74,35.8,5.0
2009-03-06,11.7,75,81,12.4,11.62,0.6,10.0
2009-03-07,13.0,39,47,21.7,13.69,0.0,14.0
2009-03-08,13.8,52,35,14.4,14.92,0.0,16.0
2009-03-09,12.2,53,19,19.7,16.15,0.0,13.0
2009-03-10,10.6,60,49,9.0,11.88,0.0,12.0
2009-03-11,14.6,54,10,20.6,17.18,0.0,16.0
2009-03-12,12.3,52,8,9.7,15.76,0.0,14.0
2009-03-13,16.4,68,17,6.6,17.27,0.0,17.0
2009-03-14,13.6,80,80,6.6,12.54,0.0,14.0
2009-03-15,17.1,74,11,14.3,16.66,0.0,17.0
2009-03-16,15.2,64,5,11.8,17.65,0.0,17.0
2009-03-17,15.6,71,21,6.7,17.5,0.0,17.0
2009-03-18,18.7,69,25,10.5,18.68,0.0,20.0
2009-03-19,16.1,58,6,14.7,18.51,0.0,18.0
2009-03-20,9.5,64,37,13.2,15.7,2.0,10.0
2009-03-21,9.2,60,19,8.1,17.97,0.0,10.0
2009-03-22,13.9,61,2,9.0,19.41,0.0,14.0
2009-03-23,17.8,52,41,11.2,19.13,0.0,19.0
2009-03-24,11.4,47,25,29.2,19.0,0.0,13.0
2009-03-25,12.0,50,45,7.8,15.66,0.0,14.0
2009-03-26,14.6,59,46,11.0,20.02,0.0,16.0
2009-03-27,14.8,66,70,8.8,15.03,1.1,15.0
2009-03-28,11.1,90,100,14.9,3.46,34.1,11.0
2009-03-29,9.6,89,100,10.5,3.71,27.8,9.0
2009-03-30,14.3,76,84,4.9,13.19,0.0,16.0
2009-03-31,16.3,77,87,12.1,13.45,3.5,17.0
2009-04-01,15.3,86,88,9.0,7.02,9.8,15.0
2009-04-02,13.4,89,96,8.1,4.44,28.9,12.0
2009-04-03,17.1,74,59,6.2,16.91,5.8,18.0
2009-04-04,19.8,70,66,8.9,19.68,0.0,17.0
2009-04-05,19.3,75,40,7.7,19.5,0.9,19.0
2009-04-06,19.1,69,10,9.0,19.67,0.0,21.0
2009-04-07,18.4,68,15,7.3,19.62,0.0,20.0
2009-04-08,18.5,66,69,7.0,20.13,0.0,19.0
2009-04-09,19.1,70,25,6.8,19.94,0.0,21.0
2009-04-10,17.7,76,35,8.1,14.38,0.0,19.0
2009-04-11,16.6,79,83,8.5,12.93,2.5,17.0
2009-04-12,18.3,73,71,6.4,19.81,0.1,19.0
2009-04-13,21.6,66,23,9.4,22.1,0.0,23.0
2009-04-14,20.6,64,14,7.7,23.04,0.0,22.0
2009-04-15,19.5,66,36,12.8,20.57,0.0,21.0
2009-04-16,11.9,87,97,12.8,3.3,37.8,14.0
2009-04-17,16.4,74,77,6.6,20.92,14.1,16.0
2009-04-18,16.0,78,73,8.5,19.99,1.5,17.0
2009-04-19,13.8,82,100,11.0,10.19,9.9,14.0
2009-04-20,16.1,81,97,8.1,13.38,7.4,15.0
2009-04-21,18.4,80,94,6.9,16.19,3.9,18.0
2009-04-22,22.7,70,26,10.2,25.06,0.0,22.0
2009-04-23,21.3,66,45,21.2,24.82,3.7,22.0
2009-04-24,12.8,76,78,9.5,11.03,9.8,13.0
2009-04-25,15.7,70,81,8.0,12.95,1.7,17.0
2009-04-26,11.9,84,100,8.2,3.32,22.8,11.0
2009-04-27,11.8,88,100,10.8,2.72,74.9,13.0
2009-04-28,12.3,88,100,8.9,2.72,61.7,11.0
2009-04-29,16.4,68,84,12.8,20.07,13.5,15.0
2009-04-30,19.3,53,70,9.6,26.13,0.0,19.0
2009-05-01,22.1,62,23,10.4,26.37,0.0,23.0
2009-05-02,23.6,51,23,14.2,26.04,0.0,25.0
2009-05-03,20.5,61,37,12.9,24.76,0.0,22.0
2009-05-04,19.8,66,58,12.7,23.1,0.2,22.0
2009-05-05,18.9,55,63,10.8,23.45,0.0,19.0
2009-05-06,22.4,67,61,8.4,25.56,0.0,22.0
2009-05-07,22.9,69,24,6.9,26.27,0.0,23.0
2009-05-08,20.7,75,91,10.1,17.73,0.0,22.0
2009-05-09,20.4,76,81,10.1,16.5,1.9,22.0
2009-05-10,21.8,70,88,7.4,21.47,0.0,22.0
2009-05-11,22.3,65,75,8.4,21.47,0.3,23.0
2009-05-12,23.3,66,81,7.2,20.75,0.0,24.0
2009-05-13,22.3,66,94,7.6,16.64,0.0,23.0
2009-05-14,21.3,64,94,7.7,17.19,0.0,23.0
2009-05-15,17.1,82,98,5.9,6.35,8.6,16.0
2009-05-16,22.8,71,45,6.3,22.81,0.0,22.0
2009-05-17,22.6,74,56,6.9,17.6,0.6,24.0
2009-05-18,24.1,67,42,10.0,21.82,3.7,25.0
2009-05-19,25.2,63,15,7.4,24.64,0.0,26.0
2009-05-20,27.4,58,11,7.9,26.1,0.0,28.0
2009-05-21,27.4,60,80,7.4,22.94,0.0,28.0
2009-05-22,27.5,61,57,7.4,24.0,0.0,27.0
2009-05-23,28.3,67,51,7.6,22.03,0.0,28.0
2009-05-24,31.5,61,41,9.2,24.5,0.0,30.0
2009-05-25,32.3,54,16,9.0,26.65,1.3,32.0
2009-05-26,29.8,51,39,14.8,23.98,1.5,30.0
2009-05-27,27.0,48,21,23.1,28.9,0.0,29.0
2009-05-28,26.7,55,18,7.7,27.84,0.0,27.0
2009-05-29,28.4,43,30,20.7,28.12,0.0,29.0
2009-05-30,21.9,57,78,9.7,20.58,0.0,21.0
2009-05-31,21.7,57,39,14.4,22.19,0.7,23.0
2009-06-01,23.4,56,81,10.5,24.15,1.0,23.0
2009-06-02,28.0,48,28,10.0,28.54,0.0,27.0
2009-06-03,29.3,35,26,10.2,28.45,0.0,29.0
2009-06-04,27.3,49,23,10.5,27.36,0.0,28.0
2009-06-05,24.0,73,91,9.7,13.23,9.7,24.0
2009-06-06,22.2,83,81,16.6,12.93,44.4,26.0
2009-06-07,22.7,69,45,11.9,23.04,7.6,25.0
2009-06-08,22.0,68,85,10.3,13.24,6.5,22.0
2009-06-09,22.4,72,80,8.8,17.3,17.1,23.0
2009-06-10,23.4,73,55,7.9,23.26,4.7,24.0
2009-06-11,25.0,71,46,7.4,22.96,0.2,27.0
2009-06-12,26.9,45,16,13.8,28.23,0.0,27.0
2009-06-13,28.4,55,6,9.0,27.81,0.0,29.0
2009-06-14,30.3,62,40,5.3,26.32,0.0,31.0
2009-06-15,28.0,62,97,9.4,14.46,0.0,29.0
2009-06-16,29.2,66,68,10.2,24.09,1.2,30.0
2009-06-17,24.4,68,92,7.3,13.13,2.9,27.0
2009-06-18,29.7,61,36,6.1,26.58,0.0,29.0
2009-06-19,29.0,70,54,6.1,20.82,6.5,30.0
2009-06-20,24.4,56,46,16.1,26.7,4.6,27.0
2009-06-21,24.7,63,55,7.8,28.03,1.6,24.0
2009-06-22,22.8,39,24,22.7,28.52,0.1,25.0
2009-06-23,24.5,39,75,18.4,23.68,0.0,27.0
2009-06-24,27.8,51,49,8.7,27.9,0.0,29.0
2009-06-25,27.6,58,65,7.2,22.7,1.0,28.0
2009-06-26,27.5,66,85,10.6,22.63,1.0,26.0
2009-06-27,25.4,70,83,10.2,21.59,2.9,28.0
2009-06-28,29.2,69,46,6.7,23.91,0.0,29.0
2009-06-29,30.1,67,45,5.8,22.67,1.9,30.0
2009-06-30,29.9,70,66,8.9,22.15,2.7,30.0
2009-07-01,30.0,70,60,6.0,23.69,2.0,30.0
2009-07-02,30.0,66,51,5.0,24.45,0.6,29.0
2009-07-03,31.5,61,34,6.3,25.27,0.0,31.0
2009-07-04,30.9,60,55,6.4,24.08,1.2,31.0
2009-07-05,30.3,68,53,8.0,23.93,2.8,30.0
2009-07-06,28.7,67,43,6.9,24.02,1.4,28.0
2009-07-07,23.5,74,71,10.6,17.95,17.3,25.0
2009-07-08,26.9,48,17,12.1,28.89,0.0,27.0
2009-07-09,25.3,49,21,9.5,25.55,0.2,27.0
2009-07-10,26.0,60,55,5.2,25.53,0.1,25.0
2009-07-11,25.1,64,55,9.8,24.29,0.0,26.0
2009-07-12,26.2,57,64,7.8,17.01,0.0,26.0
2009-07-13,28.5,60,38,7.9,22.8,0.0,28.0
2009-07-14,29.7,60,63,6.8,17.64,0.0,30.0
2009-07-15,30.7,60,50,6.9,21.94,0.1,30.0
2009-07-16,32.8,58,29,5.9,25.42,0.0,32.0
2009-07-17,25.5,79,65,13.1,12.35,55.0,29.0
2009-07-18,23.1,62,63,21.4,21.99,44.7,25.0
2009-07-19,24.7,51,10,11.5,27.43,0.0,26.0
2009-07-20,25.3,65,13,5.5,25.16,0.0,27.0
2009-07-21,26.5,71,54,6.8,20.4,0.0,29.0
2009-07-22,26.3,75,70,7.6,14.47,0.0,29.0
2009-07-23,28.8,69,49,12.3,19.32,0.0,30.0
2009-07-24,28.3,73,31,13.5,20.7,12.0,30.0
2009-07-25,28.0,49,10,18.7,28.57,0.0,30.0
2009-07-26,26.2,52,32,12.7,19.02,0.0,28.0
2009-07-27,26.8,66,40,8.5,17.61,0.0,29.0
2009-07-28,29.5,60,36,10.7,25.34,0.0,31.0
2009-07-29,29.0,66,36,8.8,17.84,0.0,31.0
2009-07-30,30.6,62,30,8.7,22.79,0.0,33.0
2009-07-31,26.5,72,95,10.1,10.97,7.8,29.0
2009-08-01,29.0,66,43,9.2,19.07,0.1,31.0
2009-08-02,26.1,70,40,12.2,17.68,9.3,28.0
2009-08-03,20.5,80,99,10.5,6.53,12.3,22.0
2009-08-04,28.4,65,9,6.8,26.4,0.0,30.0
2009-08-05,28.8,63,4,7.2,25.64,0.0,29.0
2009-08-06,29.9,66,26,6.6,22.64,0.0,30.0
2009-08-07,30.2,65,50,7.5,20.66,0.7,31.0
2009-08-08,24.1,79,96,7.7,7.74,14.7,28.0
2009-08-09,26.7,79,67,6.9,19.49,0.4,29.0
2009-08-10,26.0,79,71,6.1,19.24,8.4,27.0
2009-08-11,29.2,70,23,6.6,24.22,0.0,31.0
2009-08-12,28.5,70,21,5.6,20.1,0.0,31.0
2009-08-13,28.8,75,32,6.2,21.51,0.6,31.0
2009-08-14,28.7,72,29,7.7,22.36,0.2,29.0
2009-08-15,27.4,76,60,6.9,12.81,1.4,31.0
2009-08-16,31.1,69,43,6.9,22.69,0.2,31.0
2009-08-17,32.5,66,39,7.9,22.94,0.0,33.0
2009-08-18,33.4,62,13,6.1,23.21,0.2,34.0
2009-08-19,32.7,62,24,7.6,21.79,0.0,34.0
2009-08-20,33.2,62,29,6.2,20.74,0.1,35.0
2009-08-21,32.2,60,47,10.3,18.81,0.3,32.0
2009-08-22,28.2,58,30,10.2,18.63,2.2,32.0
2009-08-23,27.9,57,41,9.1,13.09,0.5,30.0
2009-08-24,28.2,57,68,6.7,13.32,0.1,30.0
2009-08-25,29.0,60,78,6.5,16.78,1.1,30.0
2009-08-26,26.1,72,85,8.0,10.88,9.0,28.0
2009-08-27,29.5,65,24,7.9,19.95,0.0,32.0
2009-08-28,30.2,65,30,6.5,17.98,0.0,32.0
2009-08-29,29.2,53,32,18.4,19.47,0.2,31.0
2009-08-30,23.3,59,62,13.1,10.32,3.6,25.0
2009-08-31,26.7,65,33,8.4,17.46,0.0,28.0
2009-09-01,28.0,60,35,8.3,17.31,0.0,30.0
2009-09-02,29.1,66,75,8.0,16.06,3.7,30.0
2009-09-03,23.7,80,96,7.0,6.22,13.0,26.0
2009-09-04,26.1,78,62,13.2,14.17,13.4,30.0
2009-09-05,24.8,36,6,21.6,21.17,0.0,28.0
2009-09-06,23.9,53,16,8.3,21.3,0.0,25.0
2009-09-07,24.3,53,33,5.8,20.06,0.0,26.0
2009-09-08,25.0,59,21,7.1,18.72,0.0,25.0
2009-09-09,23.6,54,49,7.5,13.5,0.0,25.0
2009-09-10,26.6,58,27,4.7,17.96,0.0,28.0
2009-09-11,27.6,63,40,9.0,18.62,0.2,30.0
2009-09-12,25.1,64,47,7.6,14.39,0.7,26.0
2009-09-13,25.4,63,34,7.6,15.69,0.0,27.0
2009-09-14,19.4,80,63,9.3,14.75,8.6,19.0
2009-09-15,18.9,81,99,8.3,6.38,12.4,16.0
2009-09-16,17.7,89,100,11.5,2.85,46.8,17.0
2009-09-17,22.1,79,59,5.6,11.49,1.5,25.0
2009-09-18,22.0,82,66,6.8,13.38,0.6,24.0
2009-09-19,20.5,87,79,5.3,8.06,4.7,23.0
2009-09-20,22.5,80,85,7.6,14.26,0.0,24.0
2009-09-21,23.7,80,69,5.2,14.8,0.8,24.0
2009-09-22,24.6,78,27,9.0,16.62,0.0,27.0
2009-09-23,24.2,81,36,9.0,14.84,0.0,27.0
2009-09-24,23.7,81,60,5.5,12.81,0.0,27.0
2009-09-25,24.2,79,65,7.0,13.02,2.3,25.0
2009-09-26,21.5,82,68,7.4,10.28,2.2,22.0
2009-09-27,22.0,79,35,5.4,13.03,0.0,24.0
2009-09-28,23.2,80,36,7.6,15.1,0.0,25.0
2009-09-29,24.0,80,42,9.0,15.96,0.0,26.0
2009-09-30,22.0,83,72,5.5,8.63,0.1,25.0
2009-10-01,22.1,83,56,4.8,8.98,2.3,25.0
2009-10-02,23.3,78,29,8.7,15.34,0.0,24.0
2009-10-03,19.5,77,48,7.1,9.4,0.6,21.0
2009-10-04,20.6,78,38,6.5,11.45,0.0,22.0
2009-10-05,19.4,83,73,7.0,4.95,0.0,21.0
2009-10-06,20.0,81,90,5.4,3.74,0.1,20.0
2009-10-07,21.7,81,83,4.3,6.67,0.0,24.0
2009-10-08,20.3,82,86,7.0,5.25,0.1,23.0
2009-10-09,18.9,91,95,6.2,4.83,16.9,20.0
2009-10-10,20.4,86,66,6.4,9.14,0.9,22.0
2009-10-11,22.2,72,24,10.0,14.22,0.0,22.0
2009-10-12,18.4,59,17,28.7,14.03,0.1,20.0
2009-10-13,17.7,36,0,16.7,14.31,0.0,20.0
2009-10-14,14.8,47,5,14.6,13.65,0.0,17.0
2009-10-15,12.2,49,13,8.1,13.6,0.0,14.0
2009-10-16,13.1,64,17,5.9,13.12,0.0,14.0
2009-10-17,14.9,49,26,15.5,11.51,0.0,16.0
2009-10-18,13.7,47,2,11.9,13.13,0.0,16.0
2009-10-19,12.4,66,8,8.3,12.34,0.0,13.0
2009-10-20,10.0,70,76,7.8,4.79,0.0,12.0
2009-10-21,10.6,82,100,6.5,2.33,12.8,10.0
2009-10-22,12.4,89,97,6.1,2.81,25.9,10.0
2009-10-23,14.9,87,86,9.0,5.22,0.0,15.0
2009-10-24,17.8,68,55,10.4,11.73,0.0,20.0
2009-10-25,18.2,77,24,5.4,11.24,0.0,20.0
2009-10-26,17.6,83,42,7.2,9.98,0.0,20.0
2009-10-27,17.6,85,36,7.9,10.56,0.0,18.0
2009-10-28,15.5,86,90,6.9,8.9,0.0,17.0
2009-10-29,16.5,89,65,6.0,8.49,0.0,18.0
2009-10-30,15.3,87,52,5.2,6.26,0.0,17.0
2009-10-31,12.0,80,78,5.6,3.52,0.0,13.0
2009-11-01,12.1,85,86,4.7,4.91,0.0,12.0
2009-11-02,9.7,93,100,7.0,0.76,24.5,10.0
2009-11-03,14.0,72,24,11.7,10.34,0.0,15.0
2009-11-04,9.8,82,69,6.8,5.49,1.5,11.0
2009-11-05,10.2,87,91,6.1,5.71,2.2,10.0
2009-11-06,10.5,83,68,6.9,7.34,5.0,11.0
2009-11-07,11.0,87,76,8.3,6.46,4.6,12.0
2009-11-08,8.6,88,100,12.3,2.05,17.3,8.0
2009-11-09,10.4,87,71,6.2,5.05,2.1,11.0
2009-11-10,12.7,82,35,10.0,8.87,0.0,13.0
2009-11-11,12.6,69,1,9.9,9.32,0.0,15.0
2009-11-12,11.7,83,46,7.9,8.59,0.2,15.0
2009-11-13,11.9,89,93,7.6,5.19,1.0,11.0
2009-11-14,10.3,93,100,4.1,0.95,3.5,10.0
2009-11-15,11.7,92,98,6.5,2.74,1.1,12.0
2009-11-16,13.5,88,89,3.6,5.19,1.7,12.0
2009-11-17,13.3,88,97,4.1,2.02,0.0,14.0
2009-11-18,14.3,92,69,5.4,5.57,0.3,14.0
2009-11-19,13.3,90,62,5.8,5.0,0.0,14.0
2009-11-20,13.3,92,55,5.4,6.31,0.0,15.0
2009-11-21,12.3,91,75,5.8,6.29,0.0,10.0
2009-11-22,10.7,90,96,6.2,1.69,0.0,10.0
2009-11-23,12.0,91,66,7.3,6.34,0.0,12.0
2009-11-24,13.6,91,70,6.5,6.36,0.2,8.0
2009-11-25,12.2,91,74,6.2,5.3,0.0,9.0
2009-11-26,10.1,90,98,4.2,1.2,1.1,9.0
2009-11-27,10.5,89,97,5.6,2.37,2.3,10.0
2009-11-28,10.3,91,72,7.1,4.87,0.0,13.0
2009-11-29,8.2,91,100,11.2,0.89,37.7,9.0
2009-11-30,9.4,94,98,9.4,0.67,78.7,11.0
2009-12-01,10.6,81,69,10.0,5.36,8.1,11.0
2009-12-02,9.5,74,35,9.3,6.91,0.0,11.0
2009-12-03,8.5,81,92,10.4,4.0,0.5,7.0
2009-12-04,6.1,91,82,9.6,1.63,13.7,6.0
2009-12-05,9.3,82,47,9.7,5.79,0.0,10.0
2009-12-06,8.4,89,93,8.0,4.61,0.0,8.0
2009-12-07,9.1,87,98,7.9,2.83,2.0,7.0
2009-12-08,11.3,80,46,13.0,6.05,1.3,10.0
2009-12-09,10.6,65,2,13.8,6.65,0.0,15.0
2009-12-10,10.3,82,47,7.6,6.09,0.0,12.0
2009-12-11,10.8,76,7,11.4,6.56,0.0,14.0
2009-12-12,9.1,79,79,11.2,5.28,2.0,11.0
2009-12-13,4.1,79,93,7.3,3.49,2.1,6.0
2009-12-14,3.7,79,40,7.0,4.36,0.0,4.0
2009-12-15,2.4,79,59,5.5,3.64,0.0,2.0
2009-12-16,2.5,71,40,5.5,4.46,0.0,5.0
2009-12-17,1.7,80,37,8.0,4.89,0.0,3.0
2009-12-18,0.5,74,73,7.3,3.94,0.6,0.0
2009-12-19,1.6,60,28,11.4,6.48,0.3,-3.0
2009-12-20,0.1,54,11,9.0,5.72,0.0,-8.0
2009-12-21,0.1,75,74,5.6,2.0,7.4,-4.0
2009-12-22,1.0,95,100,4.1,1.67,11.4,4.0
2009-12-23,3.4,97,100,6.6,4.25,18.6,5.0
2009-12-24,4.8,95,100,8.7,0.72,37.4,4.0
2009-12-25,8.4,89,65,13.3,3.26,7.5,7.0
2009-12-26,5.9,73,72,13.3,5.23,0.0,7.0
2009-12-27,7.3,80,47,8.3,6.1,0.0,9.0
2009-12-28,3.9,84,60,8.6,3.44,0.0,5.0
2009-12-29,6.0,83,52,7.3,5.35,0.0,7.0
2009-12-30,6.0,91,70,6.6,3.37,1.1,4.0
2009-12-31,7.2,92,87,8.6,3.76,0.9,4.0
2010-01-01,7.0,89,96,7.2,3.42,0.0,6.0
2010-01-02,5.7,49,20,28.2,6.86,0.0,8.0
2010-01-03,3.2,54,67,12.0,5.3,0.0,4.0
2010-01-04,1.0,66,71,5.6,2.88,0.8,1.0
2010-01-05,3.4,71,80,5.5,4.65,0.0,3.0
2010-01-06,5.8,83,45,7.2,6.52,0.0,7.0
2010-01-07,5.0,88,89,6.2,3.78,0.6,6.0
2010-01-08,3.7,94,100,10.3,0.86,27.4,4.0
2010-01-09,5.0,97,100,8.4,1.44,12.4,6.0
2010-01-10,5.8,91,78,8.0,4.08,6.6,8.0
2010-01-11,4.8,92,71,5.0,3.79,0.0,6.0
2010-01-12,5.0,88,66,5.4,4.57,0.0,3.0
2010-01-13,4.3,86,100,7.2,3.1,1.9,4.0
2010-01-14,4.3,92,95,5.9,1.93,0.2,5.0
2010-01-15,6.2,86,66,7.1,6.23,0.0,7.0
2010-01-16,4.3,92,83,5.6,2.69,0.0,3.0
2010-01-17,4.8,86,54,5.2,6.51,0.0,4.0
2010-01-18,6.5,85,21,6.0,7.34,0.0,1.0
2010-01-19,5.4,89,34,7.2,6.77,0.0,2.0
2010-01-20,3.0,87,77,5.0,5.4,0.0,0.0
2010-01-21,4.8,86,45,6.3,7.42,0.0,-1.0
2010-01-22,2.8,91,60,5.9,4.27,0.0,0.0
2010-01-23,2.8,85,53,5.5,3.64,0.0,2.0
2010-01-24,2.6,91,95,6.4,4.58,0.0,-1.0
2010-01-25,2.5,87,93,5.4,3.47,0.0,0.0
2010-01-26,4.0,86,76,5.5,5.16,0.1,2.0
2010-01-27,2.7,90,87,6.5,5.62,0.0,3.0
2010-01-28,8.0,85,60,6.6,8.35,0.0,7.0
2010-01-29,3.4,89,89,7.3,6.31,0.3,2.0
2010-01-30,6.4,74,66,15.9,8.43,0.0,4.0
2010-01-31,4.2,42,10,17.7,9.11,0.0,7.0
2010-02-01,4.7,62,11,8.0,9.63,0.0,6.0
2010-02-02,5.8,56,31,8.9,9.31,0.0,7.0
2010-02-03,6.0,68,25,6.6,9.27,0.0,8.0
2010-02-04,6.4,81,84,7.4,5.85,0.1,5.0
2010-02-05,2.3,97,100,6.5,1.38,27.2,2.0
2010-02-06,9.9,86,87,8.0,8.49,0.3,6.0
2010-02-07,8.0,83,30,9.4,10.27,0.0,6.0
2010-02-08,4.9,88,73,7.3,4.93,0.0,3.0
2010-02-09,3.9,87,98,7.1,4.4,0.2,2.0
2010-02-10,7.7,78,85,13.0,9.67,0.0,6.0
2010-02-11,3.7,60,96,10.0,6.43,1.4,4.0
2010-02-12,7.3,80,35,8.8,11.06,1.3,7.0
2010-02-13,7.9,67,2,9.7,11.59,0.0,9.0
2010-02-14,6.9,78,44,9.0,10.15,0.0,5.0
2010-02-15,6.0,82,54,8.4,8.94,0.0,4.0
2010-02-16,5.2,82,90,5.8,5.11,0.3,4.0
2010-02-17,4.4,86,99,6.9,2.01,6.5,6.0
2010-02-18,9.5,88,90,6.9,7.01,5.6,10.0
2010-02-19,6.5,93,91,12.9,1.36,27.0,7.0
2010-02-20,10.1,57,50,18.3,10.75,0.0,13.0
2010-02-21,8.3,73,40,8.7,11.67,1.2,9.0
2010-02-22,5.9,90,99,8.4,2.78,10.8,5.0
2010-02-23,8.7,86,95,5.0,6.52,4.1,8.0
2010-02-24,9.9,86,83,6.9,7.86,0.2,12.0
2010-02-25,11.0,85,85,7.5,7.83,2.2,13.0
2010-02-26,12.3,81,71,7.3,8.74,9.5,13.0
2010-02-27,12.4,66,67,10.1,11.97,0.2,13.0
2010-02-28,7.9,86,82,7.7,3.27,7.7,7.0
2010-03-01,11.9,81,51,5.9,12.75,0.0,12.0
2010-03-02,13.7,75,39,7.4,14.57,0.0,16.0
2010-03-03,8.8,86,100,6.6,5.54,10.9,10.0
2010-03-04,10.6,79,96,10.0,9.67,5.6,9.0
2010-03-05,7.1,51,14,24.2,14.49,0.0,9.0
2010-03-06,7.4,50,10,9.5,15.81,0.0,8.0
2010-03-07,3.8,67,93,7.6,8.94,2.1,6.0
2010-03-08,4.4,60,46,7.8,12.41,0.0,6.0
2010-03-09,3.4,59,92,8.4,10.5,1.6,2.0
2010-03-10,1.1,90,100,8.8,4.82,10.1,2.0
2010-03-11,4.8,79,86,6.2,10.1,1.8,4.0
2010-03-12,9.8,70,34,6.9,16.61,0.0,9.0
2010-03-13,11.3,73,15,6.8,17.1,0.0,11.0
2010-03-14,13.0,66,0,12.6,17.55,0.0,14.0
2010-03-15,13.0,44,3,14.7,17.65,0.0,16.0
2010-03-16,14.7,54,28,10.7,17.54,0.0,16.0
2010-03-17,13.9,66,36,8.0,16.37,0.0,14.0
2010-03-18,12.1,80,99,7.0,8.43,0.0,14.0
2010-03-19,12.5,73,94,5.8,10.0,0.0,15.0
2010-03-20,10.2,86,99,5.2,2.53,1.0,11.0
2010-03-21,12.2,88,100,4.8,4.41,0.9,12.0
2010-03-22,13.2,91,100,7.4,5.31,0.5,12.0
2010-03-23,16.3,84,65,7.2,11.3,0.1,16.0
2010-03-24,15.7,87,38,7.2,10.41,4.7,18.0
2010-03-25,14.6,89,79,8.7,7.21,13.9,14.0
2010-03-26,13.3,91,87,21.3,4.46,37.8,13.0
2010-03-27,14.7,72,58,7.9,15.46,0.0,16.0
2010-03-28,17.5,64,24,7.7,18.75,0.0,19.0
2010-03-29,14.4,77,90,8.6,11.59,1.9,15.0
2010-03-30,12.4,89,100,16.1,4.03,37.0,13.0
2010-03-31,15.4,64,46,8.1,18.98,0.0,17.0
2010-04-01,10.7,73,61,12.2,11.93,7.9,11.0
2010-04-02,12.7,53,43,11.3,20.16,0.0,14.0
2010-04-03,10.4,78,93,8.7,7.4,10.8,10.0
2010-04-04,8.5,91,100,12.1,3.45,31.5,7.0
2010-04-05,15.5,55,22,21.2,22.65,0.0,17.0
2010-04-06,16.6,56,0,8.3,22.68,0.0,18.0
2010-04-07,16.9,67,21,6.9,21.56,0.0,18.0
2010-04-08,17.6,69,68,7.8,18.64,0.0,19.0
2010-04-09,19.9,70,11,7.6,21.83,0.0,21.0
2010-04-10,20.9,64,9,11.3,22.82,0.0,22.0
2010-04-11,11.7,72,71,14.5,7.01,6.3,17.0
2010-04-12,12.7,66,72,6.2,20.26,0.0,13.0
2010-04-13,13.7,65,66,7.0,22.07,0.0,14.0
2010-04-14,16.1,62,19,8.7,24.27,0.0,17.0
2010-04-15,15.2,68,53,7.1,20.75,0.0,16.0
2010-04-16,16.5,72,72,8.0,20.14,0.1,18.0
2010-04-17,17.0,78,60,12.9,19.88,3.2,16.0
2010-04-18,14.1,78,97,7.6,13.23,2.8,14.0
2010-04-19,20.1,70,28,7.4,24.13,0.0,21.0
2010-04-20,20.4,69,23,8.2,23.77,0.0,22.0
2010-04-21,20.6,71,33,11.0,24.21,0.0,22.0
2010-04-22,18.3,78,78,10.1,17.88,0.2,20.0
2010-04-23,15.1,89,100,6.6,7.24,4.6,14.0
2010-04-24,18.4,77,77,8.4,13.83,0.6,20.0
2010-04-25,22.0,74,37,8.7,22.42,0.2,23.0
2010-04-26,22.2,75,72,7.2,20.33,3.5,24.0
2010-04-27,18.2,77,74,10.1,9.74,4.4,19.0
2010-04-28,21.6,69,24,8.6,22.04,0.0,23.0
2010-04-29,21.5,72,28,6.8,15.44,0.0,24.0
2010-04-30,20.7,68,85,11.7,16.69,0.1,22.0
2010-05-01,18.8,78,94,9.0,10.14,5.9,19.0
2010-05-02,17.5,87,97,9.2,8.36,34.7,16.0
2010-05-03,18.1,77,82,9.7,17.46,27.1,19.0
2010-05-04,13.2,87,100,13.4,2.74,41.8,13.0
2010-05-05,14.3,89,88,10.7,4.32,57.6,12.0
2010-05-06,14.7,83,61,9.4,18.57,4.2,15.0
2010-05-07,14.4,82,89,5.9,12.77,2.8,15.0
2010-05-08,16.8,78,57,6.4,21.54,1.2,17.0
2010-05-09,16.3,85,93,7.9,11.19,11.9,18.0
2010-05-10,17.1,84,95,8.0,13.78,12.1,16.0
2010-05-11,15.1,92,99,12.2,5.43,31.6,16.0
2010-05-12,17.4,89,92,6.0,12.19,24.4,18.0
2010-05-13,16.9,86,86,6.8,16.38,13.4,18.0
2010-05-14,16.3,88,74,6.0,17.45,15.0,16.0
2010-05-15,19.1,68,98,13.9,19.67,0.0,20.0
2010-05-16,19.8,40,86,18.5,27.52,0.0,21.0
2010-05-17,21.3,42,53,15.6,27.73,0.0,22.0
2010-05-18,21.1,42,16,16.3,27.96,0.0,22.0
2010-05-19,19.8,41,58,16.2,27.0,0.2,21.0
2010-05-20,22.1,54,44,7.6,26.83,0.0,22.0
2010-05-21,23.7,63,9,8.0,27.75,0.0,25.0
2010-05-22,24.2,57,11,10.1,27.56,0.0,26.0
2010-05-23,24.4,63,11,7.4,26.53,0.0,26.0
2010-05-24,25.3,65,5,7.7,26.88,0.0,27.0
2010-05-25,25.3,67,25,10.5,25.1,0.0,26.0
2010-05-26,21.7,67,71,9.0,15.55,0.2,24.0
2010-05-27,20.2,74,60,7.2,15.01,8.7,21.0
2010-05-28,20.5,80,76,4.9,14.87,2.8,21.0
2010-05-29,22.1,76,66,5.8,19.27,3.0,23.0
2010-05-30,22.0,84,91,7.2,18.75,5.2,24.0
2010-05-31,23.1,54,37,17.3,28.15,1.5,26.0
2010-06-01,23.6,47,52,11.9,27.48,0.0,26.0
2010-06-02,25.0,42,53,19.1,28.83,0.0,26.0
2010-06-03,24.1,54,74,13.3,23.48,0.0,25.0
2010-06-04,27.0,64,46,8.9,27.73,0.0,27.0
2010-06-05,27.3,64,20,6.6,24.89,0.0,28.0
2010-06-06,27.2,68,52,7.6,20.21,0.7,28.0
2010-06-07,23.6,78,98,8.3,16.25,7.0,24.0
2010-06-08,23.7,80,90,10.2,13.09,10.7,24.0
2010-06-09,25.3,70,63,8.7,22.4,0.7,27.0
2010-06-10,25.0,75,84,8.2,15.51,4.4,25.0
2010-06-11,25.7,74,33,9.3,18.81,3.4,28.0
2010-06-12,24.5,78,66,6.3,14.48,14.0,27.0
2010-06-13,25.8,73,52,8.9,20.39,2.0,25.0
2010-06-14,23.9,78,70,5.6,20.45,4.9,25.0
2010-06-15,20.9,82,100,8.7,7.28,11.2,20.0
2010-06-16,20.7,88,96,6.4,8.23,27.7,21.0
2010-06-17,19.7,88,83,7.9,13.72,16.7,21.0
2010-06-18,22.3,79,64,7.9,25.53,0.0,24.0
2010-06-19,22.0,83,76,10.8,17.26,7.6,23.0
2010-06-20,19.5,64,100,14.8,17.04,0.0,16.0
2010-06-21,24.2,54,15,13.0,29.53,0.0,25.0
2010-06-22,24.2,51,8,12.0,29.17,0.0,25.0
2010-06-23,23.6,64,41,8.7,24.99,0.0,25.0
2010-06-24,24.8,71,23,7.9,22.46,0.0,27.0
2010-06-25,25.4,72,29,7.9,24.26,0.0,27.0
2010-06-26,27.7,71,22,6.6,27.49,0.0,28.0
2010-06-27,27.8,74,29,6.8,24.33,0.4,29.0
2010-06-28,28.5,72,47,6.8,24.86,0.0,30.0
2010-06-29,27.9,75,73,7.3,22.56,2.4,29.0
2010-06-30,29.1,74,55,6.6,26.19,0.3,30.0
2010-07-01,29.5,69,46,7.3,25.46,0.8,31.0
2010-07-02,30.8,66,67,6.8,25.38,0.0,31.0
2010-07-03,31.4,67,38,7.2,26.23,1.2,31.0
2010-07-04,33.1,58,31,6.5,27.18,0.3,32.0
2010-07-05,31.4,60,36,7.7,25.24,0.2,31.0
2010-07-06,31.4,57,51,9.0,25.28,0.0,30.0
2010-07-07,29.6,65,41,12.8,26.5,0.1,29.0
2010-07-08,29.5,53,71,10.6,18.95,0.0,29.0
2010-07-09,31.9,60,36,6.9,26.54,0.0,30.0
2010-07-10,32.9,61,49,8.4,25.47,0.3,32.0
2010-07-11,32.3,65,67,9.8,24.53,3.0,31.0
2010-07-12,31.5,67,77,7.7,22.54,2.3,32.0
2010-07-13,30.6,65,78,8.0,22.55,0.2,30.0
2010-07-14,29.5,70,71,9.8,15.22,0.6,31.0
2010-07-15,32.1,60,39,7.4,25.21,0.0,32.0
2010-07-16,33.5,55,29,8.4,25.2,0.0,33.0
2010-07-17,32.9,53,56,15.3,22.69,0.4,33.0
2010-07-18,32.2,36,5,20.5,28.29,0.0,32.0
2010-07-19,30.4,49,33,8.5,22.03,0.0,30.0
2010-07-20,30.5,55,44,7.3,19.86,0.0,30.0
2010-07-21,30.2,61,51,6.6,19.59,1.9,31.0
2010-07-22,31.0,62,54,9.9,18.77,1.2,31.0
2010-07-23,27.2,71,49,15.2,17.15,12.3,28.0
2010-07-24,28.0,34,4,19.5,28.54,0.0,30.0
2010-07-25,28.8,33,18,14.6,27.7,0.0,29.0
2010-07-26,26.6,43,41,12.6,25.12,1.7,27.0
2010-07-27,28.8,49,25,6.3,25.69,0.0,29.0
2010-07-28,29.4,56,54,7.4,24.79,0.2,29.0
2010-07-29,23.6,78,75,9.1,17.47,11.5,24.0
2010-07-30,24.8,52,11,8.7,25.73,1.1,27.0
2010-07-31,26.6,62,9,7.5,26.21,0.0,27.0
2010-08-01,28.9,58,35,6.4,24.65,0.0,29.0
2010-08-02,28.4,59,73,7.7,16.52,5.6,29.0
2010-08-03,28.9,66,33,9.1,25.52,6.7,30.0
2010-08-04,25.6,58,50,10.9,20.55,1.7,28.0
2010-08-05,20.3,81,100,11.6,5.7,48.6,22.0
2010-08-06,26.1,51,38,14.8,26.11,0.0,27.0
2010-08-07,26.0,52,7,10.0,26.19,0.0,27.0
2010-08-08,26.2,70,20,6.6,23.32,0.0,27.0
2010-08-09,26.1,73,40,6.1,15.52,0.1,28.0
2010-08-10,26.7,74,45,5.1,19.22,0.4,29.0
2010-08-11,26.0,78,64,6.0,16.2,6.2,28.0
2010-08-12,21.7,90,94,7.9,6.77,45.8,24.0
2010-08-13,22.3,84,76,6.1,14.38,6.1,24.0
2010-08-14,20.8,88,94,9.7,9.58,38.2,19.0
2010-08-15,21.4,85,74,7.9,16.54,53.4,22.0
2010-08-16,19.8,79,62,6.4,13.36,0.7,22.0
2010-08-17,23.6,76,40,5.4,21.74,0.0,25.0
2010-08-18,22.8,80,53,8.2,12.69,0.1,26.0
2010-08-19,25.0,81,60,7.6,18.6,0.0,27.0
2010-08-20,23.9,84,74,5.4,10.85,3.6,25.0
2010-08-21,28.5,81,43,6.9,21.3,0.0,30.0
2010-08-22,28.6,80,42,8.2,20.45,0.0,30.0
2010-08-23,25.8,81,71,7.6,10.48,7.7,28.0
2010-08-24,26.0,84,69,9.4,10.92,8.8,28.0
2010-08-25,27.3,81,45,5.9,20.49,0.0,29.0
2010-08-26,28.0,78,34,6.3,20.37,0.0,30.0
2010-08-27,24.6,84,71,8.8,8.29,5.3,27.0
2010-08-28,26.6,64,35,20.9,21.27,1.5,30.0
2010-08-29,21.1,59,48,14.2,18.31,2.3,23.0
2010-08-30,22.1,53,27,20.3,22.36,0.5,24.0
2010-08-31,22.9,43,4,18.5,23.2,0.0,25.0
2010-09-01,22.6,51,2,13.5,22.58,0.0,24.0
2010-09-02,23.1,68,59,6.3,20.05,0.0,24.0
2010-09-03,24.1,72,47,6.8,18.24,0.0,25.0
2010-09-04,24.3,73,47,5.3,14.88,0.0,25.0
2010-09-05,21.0,83,74,7.8,5.44,7.5,25.0
2010-09-06,20.0,79,95,9.0,5.87,2.6,23.0
2010-09-07,16.3,93,99,8.9,2.17,35.2,17.0
2010-09-08,18.9,94,92,9.8,6.95,51.4,20.0
2010-09-09,22.6,78,28,8.9,19.66,0.0,24.0
2010-09-10,23.5,73,3,7.3,20.31,0.0,25.0
2010-09-11,23.5,76,1,6.9,19.58,0.0,25.0
2010-09-12,23.1,79,51,7.9,16.84,0.0,25.0
2010-09-13,23.5,70,29,13.4,19.03,4.5,25.0
2010-09-14,22.9,67,62,9.4,17.7,0.0,24.0
2010-09-15,23.3,77,50,7.6,17.73,0.0,25.0
2010-09-16,22.2,80,78,6.5,10.05,0.2,24.0
2010-09-17,21.5,87,95,5.4,8.1,11.2,22.0
2010-09-18,18.5,91,93,7.4,4.47,34.1,18.0
2010-09-19,21.0,81,31,7.2,18.26,0.0,22.0
2010-09-20,19.8,77,31,6.2,11.49,0.0,22.0
2010-09-21,21.9,80,34,6.2,14.96,0.0,22.0
2010-09-22,23.2,82,39,7.9,16.88,0.0,25.0
2010-09-23,22.0,82,52,7.6,15.6,0.0,24.0
2010-09-24,19.0,81,83,8.4,8.47,10.1,20.0
2010-09-25,16.9,79,83,11.8,6.69,11.7,17.0
2010-09-26,19.9,54,19,14.0,17.38,0.0,21.0
2010-09-27,17.0,66,64,10.1,13.59,1.8,18.0
2010-09-28,18.2,76,21,6.6,16.14,0.0,17.0
2010-09-29,19.0,75,27,6.2,16.25,0.0,21.0
2010-09-30,18.8,78,73,6.4,12.54,0.0,19.0
2010-10-01,18.1,86,88,7.6,10.43,2.7,18.0
2010-10-02,17.6,86,83,4.9,6.33,0.0,18.0
2010-10-03,16.4,88,88,5.7,3.16,2.7,17.0
2010-10-04,17.2,91,93,15.0,3.91,40.4,16.0
2010-10-05,19.7,89,74,11.7,9.01,23.8,20.0
2010-10-06,20.5,86,65,5.1,12.65,0.0,23.0
2010-10-07,20.1,87,76,7.6,10.37,0.0,21.0
2010-10-08,16.5,81,87,7.7,4.94,0.9,16.0
2010-10-09,14.2,81,87,7.4,3.82,0.0,14.0
2010-10-10,14.2,83,86,6.3,6.86,0.0,17.0
2010-10-11,16.2,72,87,6.8,11.66,0.0,16.0
2010-10-12,16.7,78,25,6.3,13.4,0.0,18.0
2010-10-13,16.3,82,78,7.2,9.33,0.0,15.0
2010-10-14,17.1,78,32,5.3,10.14,0.0,17.0
2010-10-15,16.7,86,61,6.8,10.05,0.0,17.0
2010-10-16,11.8,88,92,9.4,2.94,9.1,11.0
2010-10-17,9.8,90,94,7.9,4.13,4.0,9.0
2010-10-18,15.6,80,32,7.1,13.09,0.0,16.0
2010-10-19,16.0,70,30,9.5,12.5,0.0,16.0
2010-10-20,16.0,66,27,13.3,12.45,0.0,18.0
2010-10-21,14.0,51,16,11.2,12.99,0.0,16.0
2010-10-22,12.4,77,45,7.9,9.21,0.0,14.0
2010-10-23,11.0,83,96,6.0,2.07,0.1,11.0
2010-10-24,11.0,88,99,6.6,2.23,6.2,11.0
2010-10-25,9.1,79,99,18.5,2.03,22.2,9.0
2010-10-26,12.1,69,29,8.0,11.64,0.0,12.0
2010-10-27,10.1,83,36,6.4,7.91,0.0,10.0
2010-10-28,11.9,74,40,5.8,9.67,0.0,13.0
2010-10-29,14.8,84,41,8.3,10.27,0.0,15.0
2010-10-30,12.4,88,92,8.0,5.85,3.3,11.0
2010-10-31,10.6,92,100,7.4,0.75,71.8,9.0
2010-11-01,12.9,90,100,10.9,1.14,55.2,11.0
2010-11-02,14.5,91,93,8.5,4.22,6.4,13.0
2010-11-03,16.3,87,69,10.1,8.61,0.0,15.0
2010-11-04,15.5,92,85,6.9,8.03,0.0,14.0
2010-11-05,15.1,93,85,5.2,6.98,0.0,14.0
2010-11-06,12.8,94,97,4.7,4.14,0.0,13.0
2010-11-07,11.2,93,100,9.6,1.26,21.1,11.0
2010-11-08,9.6,89,94,8.1,3.48,25.6,9.0
2010-11-09,8.5,86,96,7.6,2.32,4.5,7.0
2010-11-10,9.4,90,81,6.0,2.98,2.2,9.0
2010-11-11,11.0,90,63,7.6,8.13,0.0,12.0
2010-11-12,11.6,84,52,5.4,7.38,0.4,14.0
2010-11-13,12.9,91,78,5.4,5.72,0.0,11.0
2010-11-14,11.1,93,99,5.5,1.08,4.8,10.0
2010-11-15,11.0,94,100,5.0,0.63,49.3,10.0
2010-11-16,10.4,86,99,16.2,1.22,49.6,9.0
2010-11-17,12.0,85,56,6.9,6.35,1.5,14.0
2010-11-18,10.1,90,92,8.6,4.36,5.9,8.0
2010-11-19,10.9,85,56,5.2,7.7,6.8,12.0
2010-11-20,8.1,91,100,6.8,1.62,8.0,6.0
2010-11-21,7.5,89,100,11.5,1.64,32.9,6.0
2010-11-22,8.5,91,93,7.2,3.04,13.3,8.0
2010-11-23,11.7,76,40,11.5,7.46,0.0,10.0
2010-11-24,9.6,54,7,12.0,7.89,0.0,11.0
2010-11-25,6.1,84,62,8.0,5.39,0.6,7.0
2010-11-26,6.2,71,84,16.4,4.49,5.6,6.0
2010-11-27,4.9,67,64,10.2,5.05,0.5,4.0
2010-11-28,3.5,88,100,11.3,1.75,7.3,3.0
2010-11-29,7.9,82,39,8.3,7.35,0.0,9.0
2010-11-30,6.5,74,72,10.4,4.81,2.0,4.0
2010-12-01,2.4,98,99,6.2,1.56,8.9,2.0
2010-12-02,3.5,92,96,6.3,4.12,0.3,2.0
2010-12-03,3.9,87,92,6.9,4.89,0.8,5.0
2010-12-04,4.6,76,22,9.7,7.01,0.0,7.0
2010-12-05,2.6,82,100,5.6,1.6,4.7,2.0
2010-12-06,1.2,95,100,6.8,1.4,12.3,1.0
2010-12-07,7.3,93,90,7.2,4.49,0.9,3.0
2010-12-08,7.8,94,98,4.2,1.09,1.6,6.0
2010-12-09,9.1,67,36,27.2,6.38,0.0,13.0
2010-12-10,8.0,57,6,13.8,6.36,0.0,10.0
2010-12-11,9.1,78,10,7.3,6.42,0.0,9.0
2010-12-12,9.1,72,10,13.8,5.95,0.0,9.0
2010-12-13,7.6,51,3,17.9,6.71,0.0,10.0
2010-12-14,3.7,65,16,10.5,6.53,0.0,5.0
2010-12-15,2.9,55,36,9.4,5.52,0.0,-2.0
2010-12-16,0.6,59,53,6.6,5.43,0.0,0.0
2010-12-17,-0.9,73,83,5.9,3.21,2.5,-3.0
2010-12-18,2.4,77,14,9.2,6.29,0.0,3.0
2010-12-19,0.3,72,90,5.9,2.04,0.0,1.0
2010-12-20,4.5,81,50,6.2,5.86,0.0,4.0
2010-12-21,3.0,95,96,6.0,0.96,9.7,2.0
2010-12-22,4.8,96,100,5.5,0.69,20.3,3.0
2010-12-23,6.1,95,100,11.3,0.45,39.6,7.0
2010-12-24,7.3,93,100,13.0,1.07,25.1,8.0
2010-12-25,6.8,59,97,13.2,2.71,1.7,8.0
2010-12-26,4.1,47,75,13.1,3.85,0.3,5.0
2010-12-27,2.4,68,51,7.3,5.59,0.0,4.0
2010-12-28,1.9,64,47,4.1,3.71,0.0,1.0
2010-12-29,2.8,80,52,4.1,4.69,0.0,4.0
2010-12-30,4.0,91,69,4.9,4.16,0.0,4.0
2010-12-31,4.5,94,58,5.4,5.45,0.0,6.0
2011-01-01,3.7,94,51,5.6,5.23,0.0,6.0
2011-01-02,3.5,91,49,5.4,4.73,0.0,3.0
2011-01-03,4.0,83,71,9.5,4.5,0.0,4.0
2011-01-04,2.6,70,84,5.5,3.94,0.0,2.0
2011-01-05,2.0,70,63,4.0,3.49,0.0,2.0
2011-01-06,2.5,78,95,3.9,2.05,0.2,2.0
2011-01-07,3.6,87,98,4.1,1.32,2.0,1.0
2011-01-08,5.3,94,100,4.7,0.86,6.6,3.0
2011-01-09,5.9,97,100,4.2,0.75,7.8,5.0
2011-01-10,5.8,96,100,3.5,0.99,12.4,6.0
2011-01-11,7.3,92,94,5.0,2.02,1.7,8.0
2011-01-12,8.9,90,44,7.2,5.0,0.0,9.0
2011-01-13,10.7,88,73,5.6,6.36,0.0,10.0
2011-01-14,9.0,91,61,5.4,6.12,0.0,3.0
2011-01-15,12.5,88,39,7.2,6.46,0.0,4.0
2011-01-16,10.2,88,13,6.1,6.61,0.0,3.0
2011-01-17,9.4,86,23,5.8,6.56,0.0,9.0
2011-01-18,8.2,90,42,5.9,6.31,0.0,5.0
2011-01-19,7.9,90,56,9.4,5.98,0.0,7.0
2011-01-20,5.6,66,16,10.5,7.5,0.0,1.0
2011-01-21,5.2,58,57,9.5,7.46,0.0,6.0
2011-01-22,4.4,65,12,8.6,8.02,0.0,4.0
2011-01-23,4.7,68,30,6.2,8.21,0.0,5.0
2011-01-24,7.7,76,15,6.9,8.26,0.0,7.0
2011-01-25,5.5,84,38,7.1,7.98,0.0,5.0
2011-01-26,6.7,86,55,6.8,8.2,0.0,6.0
2011-01-27,6.0,85,72,5.4,6.54,0.5,6.0
2011-01-28,6.2,80,88,8.8,6.29,0.0,5.0
2011-01-29,4.3,75,94,5.0,5.54,0.0,4.0
2011-01-30,1.9,92,99,4.7,1.61,4.5,1.0
2011-01-31,8.3,89,57,5.4,7.12,0.0,7.0
2011-02-01,7.8,91,45,6.5,8.11,0.0,8.0
2011-02-02,9.2,84,9,7.7,9.16,0.0,8.0
2011-02-03,7.3,82,32,5.8,8.74,0.0,10.0
2011-02-04,10.9,79,20,8.4,9.44,0.0,12.0
2011-02-05,14.3,79,25,6.1,9.82,0.0,16.0
2011-02-06,13.5,81,32,5.8,9.95,0.0,15.0
2011-02-07,14.4,77,1,5.8,10.1,0.0,16.0
2011-02-08,11.2,81,9,5.8,10.21,0.0,13.0
2011-02-09,11.9,84,20,7.2,9.75,0.0,14.0
2011-02-10,11.7,81,30,6.4,10.1,0.0,12.0
2011-02-11,9.9,87,27,7.0,9.33,0.0,12.0
2011-02-12,10.9,90,86,7.2,8.09,0.0,13.0
2011-02-13,9.3,90,85,6.1,3.61,1.3,8.0
2011-02-14,8.5,91,91,6.2,2.72,0.2,9.0
2011-02-15,7.0,95,94,10.2,1.5,20.0,7.0
2011-02-16,5.7,92,100,8.8,1.81,21.8,5.0
2011-02-17,7.5,89,99,5.0,3.69,2.9,8.0
2011-02-18,12.1,81,64,7.4,11.56,0.2,11.0
2011-02-19,11.7,68,44,10.8,11.5,0.0,14.0
2011-02-20,6.6,90,99,7.6,3.48,5.8,8.0
2011-02-21,9.0,87,76,6.9,8.49,0.0,10.0
2011-02-22,7.3,82,72,6.8,5.93,1.2,7.0
2011-02-23,7.0,76,6,7.0,13.02,0.0,9.0
2011-02-24,7.1,72,36,6.2,10.24,0.0,11.0
2011-02-25,7.8,74,17,8.8,12.63,0.0,8.0
2011-02-26,8.1,69,58,4.6,11.64,0.0,8.0
2011-02-27,6.9,83,100,8.6,8.04,1.6,7.0
2011-02-28,6.2,93,95,5.0,5.78,9.2,6.0
2011-03-01,11.1,80,99,12.2,11.96,1.0,12.0
2011-03-02,6.2,65,90,11.1,7.76,0.8,6.0
2011-03-03,4.5,83,97,4.8,6.24,2.9,4.0
2011-03-04,10.8,83,48,7.6,13.53,1.7,10.0
2011-03-05,11.6,83,89,6.4,12.0,0.0,11.0
2011-03-06,15.0,77,9,8.6,15.71,0.0,16.0
2011-03-07,5.7,64,68,11.9,5.56,0.6,7.0
2011-03-08,6.5,63,17,6.6,12.92,0.0,8.0
2011-03-09,9.6,68,17,7.6,14.98,0.0,10.0
2011-03-10,12.0,75,58,7.2,15.59,0.0,13.0
2011-03-11,10.9,83,82,5.8,9.06,0.0,13.0
2011-03-12,9.3,85,88,7.1,5.12,3.4,11.0
2011-03-13,6.9,90,100,8.8,2.06,26.7,7.0
2011-03-14,12.0,80,88,6.8,8.09,1.2,13.0
2011-03-15,11.0,87,100,6.5,3.63,11.5,10.0
2011-03-16,9.1,89,100,10.2,1.12,49.4,9.0
2011-03-17,12.6,87,99,5.5,6.51,1.7,11.0
2011-03-18,18.7,64,43,11.7,18.0,0.0,22.0
2011-03-19,16.1,65,77,7.9,15.52,1.9,18.0
2011-03-20,13.1,73,48,7.1,13.23,4.5,14.0
2011-03-21,10.3,67,32,10.0,9.55,0.0,12.0
2011-03-22,13.8,68,32,7.6,18.39,0.0,15.0
2011-03-23,16.7,69,6,6.4,19.03,0.0,17.0
2011-03-24,18.3,69,5,6.2,19.24,0.0,20.0
2011-03-25,18.1,71,36,11.2,18.96,0.0,19.0
2011-03-26,16.5,74,58,9.8,17.8,0.0,18.0
2011-03-27,12.6,86,95,6.3,6.2,6.7,13.0
2011-03-28,15.5,81,65,7.1,16.82,3.4,16.0
2011-03-29,15.9,83,50,7.5,15.52,3.9,16.0
2011-03-30,16.1,78,40,6.8,16.34,0.7,18.0
2011-03-31,18.1,72,66,6.9,16.56,0.0,20.0
2011-04-01,21.8,68,73,8.0,20.35,0.0,23.0
2011-04-02,21.0,73,19,6.9,18.57,0.0,23.0
2011-04-03,21.4,72,35,7.6,20.87,0.0,23.0
2011-04-04,20.6,64,57,18.4,16.93,0.4,24.0
2011-04-05,18.1,56,30,14.8,21.22,0.0,21.0
2011-04-06,20.9,68,18,7.1,21.5,0.0,22.0
2011-04-07,24.5,72,35,7.5,21.93,0.0,27.0
2011-04-08,27.1,63,17,10.0,22.57,0.0,30.0
2011-04-09,28.7,53,2,12.3,22.96,0.0,32.0
2011-04-10,23.4,52,0,13.3,22.85,0.0,25.0
2011-04-11,22.7,60,15,7.2,21.35,0.0,24.0
2011-04-12,23.6,54,50,26.3,20.66,0.4,26.0
2011-04-13,17.6,26,27,22.3,24.27,0.0,18.0
2011-04-14,15.4,40,92,9.4,16.43,0.0,15.0
2011-04-15,14.9,59,51,8.8,20.24,0.0,15.0
2011-04-16,16.6,56,40,10.5,16.24,0.0,17.0
2011-04-17,17.7,51,47,9.5,17.61,0.0,18.0
2011-04-18,18.9,54,4,8.0,23.62,0.0,19.0
2011-04-19,20.7,53,3,7.2,22.64,0.0,21.0
2011-04-20,21.0,52,9,8.0,19.97,0.0,22.0
2011-04-21,20.8,51,34,9.3,18.87,0.0,23.0
2011-04-22,21.2,45,32,10.5,20.69,0.0,22.0
2011-04-23,18.3,59,92,8.1,13.42,0.5,17.0
2011-04-24,22.5,65,80,8.1,22.77,0.6,22.0
2011-04-25,22.4,65,85,7.6,20.73,1.6,22.0
2011-04-26,22.4,68,55,14.5,19.94,3.7,22.0
2011-04-27,20.1,69,60,9.6,19.86,4.1,20.0
2011-04-28,18.6,69,86,7.4,17.08,4.3,17.0
2011-04-29,17.5,75,66,8.0,16.86,5.8,16.0
2011-04-30,18.1,72,48,6.5,20.55,0.9,19.0
2011-05-01,21.4,61,17,8.5,24.98,0.0,21.0
2011-05-02,20.6,63,58,9.3,18.9,1.2,22.0
2011-05-03,22.2,67,72,10.9,19.66,0.0,23.0
2011-05-04,18.9,57,32,12.1,23.71,6.9,20.0
2011-05-05,19.0,55,39,8.0,15.76,0.4,20.0
2011-05-06,19.8,56,33,6.0,21.02,0.0,20.0
2011-05-07,22.5,59,12,7.2,25.67,0.0,22.0
2011-05-08,27.1,52,39,17.1,25.87,0.0,26.0
2011-05-09,19.7,50,81,23.2,21.47,0.3,21.0
2011-05-10,23.7,49,81,9.0,24.92,0.0,23.0
2011-05-11,26.9,53,77,8.4,24.02,0.0,26.0
2011-05-12,25.7,54,89,8.7,19.08,0.0,27.0
2011-05-13,26.3,68,31,9.3,22.51,10.4,27.0
2011-05-14,21.2,78,90,8.7,9.67,8.2,23.0
2011-05-15,20.5,49,58,20.4,26.23,2.7,22.0
2011-05-16,22.8,39,21,11.3,27.5,0.0,24.0
2011-05-17,23.6,49,39,7.3,25.91,0.0,24.0
2011-05-18,23.1,53,50,6.3,21.22,0.0,24.0
2011-05-19,24.8,54,29,7.9,23.89,0.0,25.0
2011-05-20,26.8,48,23,8.4,27.24,0.0,27.0
2011-05-21,27.8,46,34,9.5,26.61,0.2,28.0
2011-05-22,27.4,53,62,8.3,23.54,0.0,28.0
2011-05-23,29.8,51,43,8.3,26.59,0.3,29.0
2011-05-24,30.3,48,39,5.3,26.22,0.5,30.0
2011-05-25,29.2,54,34,6.6,22.64,0.1,30.0
2011-05-26,28.4,53,71,9.9,19.64,0.2,28.0
2011-05-27,21.6,72,71,14.7,12.5,22.5,23.0
2011-05-28,23.4,42,16,13.8,29.19,0.0,24.0
2011-05-29,25.0,56,22,6.9,27.37,0.0,25.0
2011-05-30,26.7,55,3,8.4,28.22,0.0,27.0
2011-05-31,23.6,58,76,6.5,14.66,0.5,22.0
2011-06-01,18.3,79,100,15.5,6.81,19.6,17.0
2011-06-02,24.9,69,48,7.2,24.07,0.3,24.0
2011-06-03,25.4,72,59,8.2,21.37,1.8,26.0
2011-06-04,23.4,78,75,7.2,19.46,7.3,20.0
2011-06-05,22.5,83,94,8.4,17.65,12.3,21.0
2011-06-06,21.3,82,71,5.4,19.86,14.9,30.0
2011-06-07,19.1,83,96,7.6,8.58,4.0,19.0
2011-06-08,20.4,87,95,6.9,13.12,8.1,22.0
2011-06-09,22.6,76,70,6.6,19.81,1.7,22.0
2011-06-10,22.0,80,59,5.9,23.18,2.9,23.0
2011-06-11,22.8,75,60,6.4,23.41,5.7,24.0
2011-06-12,23.1,75,70,6.5,22.77,0.0,25.0
2011-06-13,22.2,74,92,7.9,17.04,2.2,22.0
2011-06-14,25.4,76,46,6.8,25.13,0.3,26.0
2011-06-15,25.9,73,42,8.3,24.65,0.2,28.0
2011-06-16,25.5,74,78,7.8,18.86,3.0,27.0
2011-06-17,22.9,84,97,9.2,12.57,34.2,23.0
2011-06-18,23.1,83,90,11.8,10.61,38.7,24.0
2011-06-19,24.5,58,23,12.3,29.55,0.0,26.0
2011-06-20,24.0,70,32,7.5,25.21,0.1,26.0
2011-06-21,26.2,71,19,5.4,24.44,0.0,27.0
2011-06-22,25.7,74,57,9.1,16.18,0.8,26.0
2011-06-23,22.0,85,75,7.8,10.18,10.4,25.0
2011-06-24,26.8,63,45,11.5,28.97,0.0,28.0
2011-06-25,24.9,63,25,8.1,28.47,0.0,26.0
2011-06-26,28.0,67,3,5.4,28.52,0.0,29.0
2011-06-27,28.6,69,38,6.5,27.54,0.0,29.0
2011-06-28,30.8,72,29,5.8,25.56,0.0,31.0
2011-06-29,30.0,72,62,10.1,21.2,1.6,30.0
2011-06-30,28.9,56,41,14.2,27.46,0.0,31.0
2011-07-01,27.2,40,21,13.9,27.94,0.0,27.0
2011-07-02,22.8,48,29,10.0,23.3,0.0,25.0
2011-07-03,26.7,53,13,7.9,26.46,0.0,26.0
2011-07-04,27.7,62,56,10.3,22.23,1.1,27.0
2011-07-05,29.2,68,48,9.0,24.96,0.2,28.0
2011-07-06,28.9,66,45,9.7,22.67,0.5,29.0
2011-07-07,26.6,69,71,12.7,12.06,13.3,26.0
2011-07-08,26.9,66,61,8.0,15.21,6.1,27.0
2011-07-09,28.5,63,59,7.8,20.11,0.6,30.0
2011-07-10,30.4,60,47,10.2,22.67,2.3,30.0
2011-07-11,31.3,55,25,8.4,27.6,0.0,31.0
2011-07-12,28.8,66,61,8.3,15.81,1.6,31.0
2011-07-13,24.5,81,91,11.8,10.48,72.9,27.0
2011-07-14,26.9,71,50,7.9,21.59,13.8,28.0
2011-07-15,26.4,57,39,10.1,26.02,0.0,28.0
2011-07-16,23.8,76,65,5.8,16.59,2.4,25.0
2011-07-17,24.3,81,90,16.5,9.1,28.8,24.0
2011-07-18,24.0,71,45,7.1,23.98,8.0,26.0
2011-07-19,20.2,81,94,11.5,9.99,18.8,22.0
2011-07-20,24.3,65,35,11.3,27.14,0.7,26.0
2011-07-21,24.2,58,16,11.2,25.32,0.0,26.0
2011-07-22,25.8,61,17,9.5,25.84,0.0,27.0
2011-07-23,24.0,69,49,5.8,23.73,1.2,25.0
2011-07-24,24.0,56,39,13.4,27.95,1.8,25.0
2011-07-25,23.3,51,43,9.9,26.11,0.2,24.0
2011-07-26,23.0,66,44,5.2,22.91,0.0,24.0
2011-07-27,22.0,76,78,4.7,14.22,3.7,23.0
2011-07-28,25.2,70,59,8.1,23.64,0.0,27.0
2011-07-29,26.6,66,51,6.1,26.35,0.0,27.0
2011-07-30,27.1,66,27,6.8,23.58,0.0,28.0
2011-07-31,26.4,71,59,6.9,21.93,1.3,27.0
2011-08-01,26.8,70,42,8.5,20.63,0.0,28.0
2011-08-02,28.7,66,32,6.6,23.85,0.0,29.0
2011-08-03,28.2,68,57,7.9,16.17,2.4,29.0
2011-08-04,29.9,65,22,5.8,24.07,0.0,30.0
2011-08-05,25.2,81,66,6.8,12.52,25.7,29.0
2011-08-06,24.7,82,92,9.7,13.39,15.0,26.0
2011-08-07,24.7,85,98,12.2,11.13,42.8,25.0
2011-08-08,25.5,76,56,16.3,14.15,14.6,28.0
2011-08-09,24.0,49,8,17.5,24.38,0.0,26.0
2011-08-10,24.6,48,17,14.1,26.16,0.0,27.0
2011-08-11,25.0,68,3,5.7,24.23,0.0,27.0
2011-08-12,26.4,70,61,5.2,21.92,0.0,27.0
2011-08-13,27.0,71,46,5.4,20.87,0.0,30.0
2011-08-14,27.5,74,67,7.2,18.72,0.0,30.0
2011-08-15,28.3,74,67,7.0,20.98,9.9,30.0
2011-08-16,28.3,73,26,7.0,22.09,0.0,30.0
2011-08-17,28.8,71,36,7.9,16.74,0.0,32.0
2011-08-18,30.1,68,43,8.0,18.9,0.0,33.0
2011-08-19,31.6,64,40,10.8,21.72,0.0,34.0
2011-08-20,32.9,61,8,6.6,23.18,0.0,35.0
2011-08-21,33.8,65,27,8.6,22.64,0.0,34.0
2011-08-22,34.4,63,31,9.4,21.52,0.1,35.0
2011-08-23,34.1,53,29,9.2,20.76,0.0,36.0
2011-08-24,33.3,52,20,10.5,20.95,0.0,34.0
2011-08-25,32.7,48,17,10.3,21.57,0.0,33.0
2011-08-26,32.2,47,31,11.4,20.06,0.0,31.0
2011-08-27,25.4,57,40,16.3,19.9,24.2,29.0
2011-08-28,26.7,42,11,13.8,23.13,0.0,29.0
2011-08-29,27.1,58,37,7.1,22.07,0.0,29.0
2011-08-30,27.4,60,32,6.1,15.97,0.0,29.0
2011-08-31,27.0,61,36,6.9,16.19,0.0,29.0
2011-09-01,25.9,71,81,6.1,12.41,1.2,27.0
2011-09-02,27.9,69,60,8.0,15.21,0.0,30.0
2011-09-03,27.1,79,83,8.7,11.17,11.6,29.0
2011-09-04,21.6,93,97,5.9,3.5,34.1,22.0
2011-09-05,25.2,79,68,7.9,15.86,11.8,27.0
2011-09-06,22.5,67,39,9.7,11.0,0.2,26.0
2011-09-07,24.8,79,86,5.9,16.64,0.0,25.0
2011-09-08,27.0,71,82,7.5,18.85,0.0,29.0
2011-09-09,28.3,72,8,7.4,19.72,0.0,30.0
2011-09-10,26.4,80,26,6.5,14.14,0.0,29.0
2011-09-11,26.3,74,48,6.9,15.4,0.1,29.0
2011-09-12,26.5,69,32,8.2,17.72,9.2,29.0
2011-09-13,27.4,76,27,7.9,17.94,0.0,30.0
2011-09-14,27.1,74,33,6.7,14.28,0.0,30.0
2011-09-15,27.5,69,42,6.8,16.45,0.0,30.0
2011-09-16,26.9,72,40,7.6,14.12,0.0,29.0
2011-09-17,24.1,82,83,6.2,10.14,12.2,29.0
2011-09-18,18.1,93,99,15.9,3.18,45.8,20.0
2011-09-19,19.0,51,76,17.1,10.29,0.6,20.0
2011-09-20,22.5,54,4,13.5,18.34,0.0,25.0
2011-09-21,23.9,69,31,7.5,18.1,0.0,25.0
2011-09-22,24.9,75,59,7.2,16.83,0.0,27.0
2011-09-23,22.9,79,46,6.2,13.66,0.1,25.0
2011-09-24,23.2,80,53,6.2,12.84,0.0,25.0
2011-09-25,23.4,80,65,7.6,14.17,0.0,25.0
2011-09-26,25.2,78,32,8.7,15.79,0.0,26.0
2011-09-27,25.6,75,38,9.1,15.83,0.0,27.0
2011-09-28,24.8,75,31,9.0,14.83,0.0,26.0
2011-09-29,24.3,75,24,9.4,14.97,0.0,26.0
2011-09-30,24.2,79,31,8.6,14.8,0.0,26.0
2011-10-01,25.6,75,25,9.8,15.65,0.0,27.0
2011-10-02,25.7,79,25,8.6,15.13,0.0,27.0
2011-10-03,25.3,76,22,9.7,14.65,0.0,27.0
2011-10-04,25.6,77,24,9.4,14.8,0.0,26.0
2011-10-05,25.4,76,15,7.9,14.81,0.0,26.0
2011-10-06,23.1,78,52,6.6,8.68,1.4,24.0
2011-10-07,18.3,56,45,21.7,14.52,19.8,21.0
2011-10-08,17.1,48,33,13.3,13.95,0.0,20.0
2011-10-09,17.2,50,29,14.0,14.37,0.0,20.0
2011-10-10,17.4,53,41,7.4,12.39,0.0,20.0
2011-10-11,25.1,71,14,10.9,14.28,0.0,30.0
2011-10-12,25.2,69,47,7.2,13.74,0.0,28.0
2011-10-13,22.7,69,6,9.4,12.95,0.0,24.0
2011-10-14,14.4,66,68,9.6,3.53,3.0,17.0
2011-10-15,11.8,63,69,8.9,4.64,0.1,15.0
2011-10-16,14.7,71,35,6.6,10.27,0.0,17.0
2011-10-17,14.4,67,16,4.8,11.3,0.0,15.0
2011-10-18,14.6,77,46,4.3,7.33,0.0,16.0
2011-10-19,13.4,83,96,6.3,2.44,7.0,13.0
2011-10-20,16.3,70,32,17.3,12.04,0.1,19.0
2011-10-21,12.6,73,38,4.5,9.05,0.0,14.0
2011-10-22,11.1,67,30,5.0,6.07,0.0,12.0
2011-10-23,11.2,72,35,6.1,9.3,0.0,13.0
2011-10-24,9.8,71,79,8.5,3.63,1.1,11.0
2011-10-25,9.3,89,100,7.4,0.58,37.0,9.0
2011-10-26,14.5,88,86,5.0,5.22,1.7,13.0
2011-10-27,14.8,82,76,7.9,6.4,0.0,17.0
2011-10-28,15.5,80,77,8.3,8.75,0.0,17.0
2011-10-29,15.4,87,78,6.9,9.14,0.0,16.0
2011-10-30,15.2,90,74,5.8,6.38,0.0,14.0
2011-10-31,15.3,88,63,6.3,8.74,0.0,16.0
2011-11-01,14.6,86,65,6.3,8.94,0.0,15.0
2011-11-02,13.4,85,75,6.3,8.07,0.0,14.0
2011-11-03,11.1,91,100,5.0,1.02,9.8,13.0
2011-11-04,12.5,93,100,7.4,0.86,48.7,13.0
2011-11-05,14.3,92,100,10.9,0.67,73.1,15.0
2011-11-06,14.2,91,100,8.8,1.5,24.5,14.0
2011-11-07,13.7,93,97,8.0,3.32,17.5,14.0
2011-11-08,11.9,89,100,9.7,1.51,43.1,12.0
2011-11-09,15.1,86,63,8.3,6.11,2.5,18.0
2011-11-10,14.6,88,21,8.3,8.12,0.0,16.0
2011-11-11,11.9,92,88,7.9,3.52,0.1,14.0
2011-11-12,10.7,83,58,5.5,3.71,0.0,13.0
2011-11-13,12.5,85,46,4.0,5.59,0.0,14.0
2011-11-14,11.5,88,38,7.6,7.83,0.0,12.0
2011-11-15,10.8,88,36,5.5,8.02,0.0,9.0
2011-11-16,10.2,92,39,5.8,7.4,0.0,10.0
2011-11-17,8.8,93,44,6.5,6.21,0.0,10.0
2011-11-18,9.6,91,47,5.1,7.59,0.0,10.0
2011-11-19,8.8,92,77,5.8,6.89,0.0,10.0
2011-11-20,8.3,93,54,5.2,6.92,0.0,8.0
2011-11-21,7.6,94,79,4.8,3.47,0.0,5.0
2011-11-22,9.0,90,79,5.2,4.49,0.0,11.0
2011-11-23,12.5,87,25,8.6,7.48,0.0,14.0
2011-11-24,10.4,91,51,7.6,6.5,0.0,13.0
2011-11-25,9.7,92,35,7.9,6.71,0.0,14.0
2011-11-26,9.8,92,81,5.8,6.51,0.0,12.0
2011-11-27,10.4,91,46,6.6,6.55,0.0,12.0
2011-11-28,9.1,94,82,5.1,4.44,0.0,10.0
2011-11-29,8.3,92,82,6.5,5.62,0.0,12.0
2011-11-30,8.9,93,77,6.5,5.58,0.0,11.0
2011-12-01,9.4,90,70,6.9,5.67,0.0,9.0
2011-12-02,8.4,90,98,5.8,0.84,0.6,10.0
2011-12-03,10.0,92,99,3.0,2.67,0.0,10.0
2011-12-04,9.6,95,89,4.7,4.29,0.0,13.0
2011-12-05,10.4,82,50,15.9,6.04,0.3,14.0
2011-12-06,8.6,68,20,13.4,6.63,0.0,10.0
2011-12-07,9.1,87,45,7.6,5.13,0.0,13.0
2011-12-08,12.9,79,15,11.2,6.54,0.0,17.0
2011-12-09,8.7,84,87,7.2,3.59,0.0,9.0
2011-12-10,9.7,88,64,6.1,4.76,0.0,11.0
2011-12-11,8.7,93,83,6.9,3.3,0.9,9.0
2011-12-12,7.7,94,80,9.2,0.85,5.1,8.0
2011-12-13,9.0,83,58,10.2,5.51,0.0,11.0
2011-12-14,7.1,83,82,6.2,1.71,0.0,7.0
2011-12-15,7.5,93,78,8.0,4.48,0.1,8.0
2011-12-16,4.1,95,85,9.8,1.75,9.7,7.0
2011-12-17,7.6,73,43,14.0,6.03,0.0,11.0
2011-12-18,5.9,76,76,9.1,3.93,0.0,9.0
2011-12-19,5.7,67,19,10.6,5.39,0.0,9.0
2011-12-20,4.5,69,57,9.0,4.84,0.0,6.0
2011-12-21,6.8,75,64,8.3,3.91,0.0,10.0
2011-12-22,6.6,78,30,5.7,4.82,0.5,9.0
2011-12-23,5.9,85,17,5.4,4.63,0.0,8.0
2011-12-24,10.3,71,52,21.2,5.14,0.0,14.0
2011-12-25,8.7,58,3,14.5,6.27,0.0,12.0
2011-12-26,7.5,82,14,6.7,5.73,0.0,9.0
2011-12-27,8.4,86,32,7.6,5.88,0.0,11.0
2011-12-28,9.0,87,60,6.1,5.87,0.0,11.0
2011-12-29,6.4,91,48,8.9,5.15,0.0,7.0
2011-12-30,6.8,76,51,10.6,4.74,0.7,10.0
2011-12-31,7.0,73,48,8.4,5.14,0.0,
2012-01-01,8.0,83,43,6.2,5.96,0.0,9.0
2012-01-02,4.9,95,100,5.9,0.65,14.2,5.0
2012-01-03,8.8,87,23,7.2,6.27,0.0,6.0
2012-01-04,8.8,85,45,10.1,4.85,0.0,9.0
2012-01-05,7.2,78,85,12.8,4.64,4.2,10.0
2012-01-06,7.8,62,20,14.8,6.16,0.0,11.0
2012-01-07,8.5,69,14,12.3,5.98,0.0,12.0
2012-01-08,10.9,78,6,11.2,6.77,0.0,14.0
2012-01-09,10.3,71,2,10.9,6.69,0.0,13.0
2012-01-10,11.9,76,4,9.5,6.72,0.0,15.0
2012-01-11,9.2,73,0,8.3,6.83,0.0,11.0
2012-01-12,8.2,86,18,5.7,6.6,0.0,10.0
2012-01-13,10.6,83,32,11.6,6.58,0.0,12.0
2012-01-14,7.3,63,0,10.0,6.96,0.0,8.0
2012-01-15,4.4,79,11,5.7,6.46,0.0,2.0
2012-01-16,3.1,77,10,5.7,6.58,0.0,-2.0
2012-01-17,2.3,78,34,4.4,4.94,0.0,0.0
2012-01-18,4.5,87,43,5.4,6.55,0.0,-1.0
2012-01-19,6.1,91,95,4.8,5.75,0.0,6.0
2012-01-20,10.4,88,72,10.6,6.07,0.4,13.0
2012-01-21,8.2,86,46,11.2,6.69,1.1,9.0
2012-01-22,12.3,87,85,6.6,7.61,0.0,16.0
2012-01-23,9.8,85,62,8.2,6.77,0.0,8.0
2012-01-24,11.3,71,26,13.8,8.3,0.0,12.0
2012-01-25,7.3,71,51,5.8,5.91,0.0,9.0
2012-01-26,6.3,74,15,5.8,7.63,0.0,7.0
2012-01-27,5.5,83,71,5.7,5.55,0.0,6.0
2012-01-28,3.5,94,98,5.2,2.17,9.5,3.0
2012-01-29,2.2,93,100,7.5,4.0,10.7,3.0
2012-01-30,1.7,74,97,5.5,4.58,0.1,3.0
2012-01-31,-0.6,79,95,6.9,4.52,2.5,0.0
2012-02-01,-0.6,84,98,5.4,4.73,1.6,-2.0
2012-02-02,-1.6,84,95,7.2,5.75,4.5,-1.0
2012-02-03,-3.3,73,36,7.8,7.68,0.0,-1.0
2012-02-04,-1.5,60,81,11.3,8.7,0.0,-1.0
2012-02-05,-2.6,65,56,9.7,7.84,0.0,-2.0
2012-02-06,-2.1,66,25,9.0,7.89,0.0,-3.0
2012-02-07,1.3,70,68,12.2,7.62,0.0,-2.0
2012-02-08,1.4,73,54,6.6,6.93,0.0,4.0
2012-02-09,2.2,84,49,8.4,8.71,0.0,4.0
2012-02-10,-0.4,60,67,13.2,10.25,0.3,0.0
2012-02-11,-2.0,74,98,8.7,5.82,0.2,-2.0
2012-02-12,-0.2,70,70,10.5,8.15,0.0,-1.0
2012-02-13,1.4,78,71,6.4,8.43,0.0,2.0
2012-02-14,3.1,83,44,7.8,11.29,0.0,3.0
2012-02-15,6.9,72,53,8.2,9.28,0.0,8.0
2012-02-16,11.4,67,9,10.6,11.85,0.0,9.0
2012-02-17,9.1,73,23,5.8,11.96,0.0,9.0
2012-02-18,9.5,82,57,6.8,10.68,0.0,8.0
2012-02-19,8.7,86,89,8.7,6.89,1.0,10.0
2012-02-20,5.8,77,86,12.6,8.45,0.7,4.0
2012-02-21,8.5,80,37,6.6,10.97,0.0,9.0
2012-02-22,11.0,79,2,5.7,13.03,0.0,13.0
2012-02-23,12.5,78,75,5.4,10.47,0.0,13.0
2012-02-24,16.5,72,12,6.5,13.08,0.0,18.0
2012-02-25,16.4,80,1,6.2,13.32,0.0,19.0
2012-02-26,16.1,61,3,24.0,13.97,0.0,19.0
2012-02-27,12.5,55,13,8.7,14.14,0.0,15.0
2012-02-28,11.9,70,22,6.5,13.9,0.0,11.0
2012-02-29,17.4,75,27,7.7,13.2,0.0,19.0
2012-03-01,18.1,75,0,6.5,14.13,0.0,19.0
2012-03-02,18.5,81,0,7.4,14.53,0.0,21.0
2012-03-03,15.9,84,44,7.5,13.91,0.7,16.0
2012-03-04,15.2,83,52,7.9,11.77,6.0,13.0
2012-03-05,8.7,88,100,14.2,2.11,24.9,9.0
2012-03-06,8.1,77,87,16.1,9.35,4.9,8.0
2012-03-07,10.9,79,70,7.3,13.29,0.0,12.0
2012-03-08,14.3,63,59,16.2,15.15,0.0,14.0
2012-03-09,11.6,56,54,15.3,12.14,2.5,14.0
2012-03-10,11.1,72,15,7.7,16.45,0.0,13.0
2012-03-11,14.3,71,32,11.9,16.11,0.0,17.0
2012-03-12,19.6,63,40,10.7,15.87,0.0,20.0
2012-03-13,16.2,66,0,10.8,17.11,0.0,17.0
2012-03-14,16.8,78,1,6.6,16.79,0.0,18.0
2012-03-15,18.9,78,0,6.9,17.72,0.0,20.0
2012-03-16,17.0,79,17,6.2,12.91,0.0,18.0
2012-03-17,14.1,80,63,9.4,9.5,0.0,16.0
2012-03-18,13.0,88,85,12.7,4.15,18.2,13.0
2012-03-19,11.7,81,72,10.7,9.63,21.4,13.0
2012-03-20,14.5,68,36,9.0,17.23,0.3,16.0
2012-03-21,17.6,61,37,10.2,15.45,0.1,21.0
2012-03-22,18.0,70,18,9.0,16.15,0.0,20.0
2012-03-23,18.4,66,17,9.1,17.52,0.0,21.0
2012-03-24,18.6,66,6,6.8,19.31,0.0,21.0
2012-03-25,18.4,69,31,7.3,18.53,0.1,20.0
2012-03-26,20.0,61,1,9.0,20.09,0.0,22.0
2012-03-27,19.6,66,2,8.0,19.98,0.0,22.0
2012-03-28,21.4,66,0,9.4,20.22,0.0,23.0
2012-03-29,22.6,64,7,7.7,20.74,0.0,25.0
2012-03-30,22.2,55,22,20.2,20.76,0.0,26.0
2012-03-31,21.6,62,31,11.3,20.98,0.0,24.0
2012-04-01,18.1,67,39,19.9,17.32,0.0,20.0
2012-04-02,13.4,56,80,5.4,10.3,0.0,15.0
2012-04-03,14.4,68,93,5.4,8.0,0.0,15.0
2012-04-04,13.0,88,98,7.7,4.31,12.0,13.0
2012-04-05,15.1,83,90,6.8,6.49,23.5,14.0
2012-04-06,17.2,82,58,7.3,15.35,0.9,19.0
2012-04-07,15.8,88,85,6.5,14.02,8.3,18.0
2012-04-08,13.8,55,18,25.8,22.49,0.0,16.0
2012-04-09,12.6,60,68,7.6,19.28,0.0,13.0
2012-04-10,8.9,77,90,7.7,6.03,5.8,13.0
2012-04-11,10.7,87,81,11.5,5.85,30.8,10.0
2012-04-12,15.3,77,68,10.1,21.65,0.6,17.0
2012-04-13,13.8,82,100,8.0,10.05,11.3,15.0
2012-04-14,13.3,82,100,6.1,12.34,3.0,14.0
2012-04-15,10.3,86,100,4.7,5.22,14.7,11.0
2012-04-16,15.0,79,97,11.6,12.13,6.1,15.0
2012-04-17,15.5,54,45,12.2,22.7,0.1,17.0
2012-04-18,9.1,86,93,11.6,4.1,13.6,10.0
2012-04-19,11.5,87,88,6.1,9.47,7.6,11.0
2012-04-20,14.6,83,68,7.2,20.87,3.0,15.0
2012-04-21,16.1,77,50,10.7,21.01,0.1,18.0
2012-04-22,15.9,70,63,6.9,23.45,4.1,19.0
2012-04-23,13.6,80,94,9.4,16.06,9.7,14.0
2012-04-24,15.1,83,87,11.0,14.82,35.6,17.0
2012-04-25,15.3,75,62,10.6,17.58,1.4,17.0
2012-04-26,14.6,71,76,6.7,11.29,1.3,17.0
2012-04-27,20.9,67,35,9.8,23.3,0.0,23.0
2012-04-28,24.1,73,48,7.9,24.34,0.0,25.0
2012-04-29,16.1,86,91,9.7,4.44,11.8,20.0
2012-04-30,18.0,87,65,8.7,11.76,11.2,18.0
2012-05-01,16.1,89,98,10.1,6.47,30.7,15.0
2012-05-02,17.2,83,67,6.9,15.19,13.0,18.0
2012-05-03,20.4,75,23,9.7,24.21,0.0,22.0
2012-05-04,18.1,81,58,12.5,18.77,2.5,20.0
2012-05-05,17.2,83,95,12.5,11.73,22.6,20.0
2012-05-06,16.5,87,88,7.8,10.81,18.7,19.0
2012-05-07,20.2,72,17,8.3,25.36,0.0,23.0
2012-05-08,17.7,80,81,7.2,12.15,0.8,21.0
2012-05-09,20.2,74,66,5.9,19.03,0.0,22.0
2012-05-10,24.2,73,44,6.8,25.08,0.0,26.0
2012-05-11,26.7,72,61,6.8,26.31,0.0,29.0
2012-05-12,27.3,69,39,16.9,22.41,0.0,29.0
2012-05-13,18.1,71,64,18.6,12.7,15.3,22.0
2012-05-14,16.9,64,32,8.1,23.75,0.0,19.0
2012-05-15,18.8,70,45,10.2,22.95,2.4,21.0
2012-05-16,16.8,39,10,25.4,29.26,0.2,19.0
2012-05-17,17.8,47,29,14.1,28.84,0.0,19.0
2012-05-18,17.4,64,52,6.3,22.59,0.0,20.0
2012-05-19,17.8,71,44,5.9,18.54,0.2,19.0
2012-05-20,16.7,87,80,11.5,9.18,13.9,18.0
2012-05-21,13.6,89,99,5.9,3.8,41.0,13.0
2012-05-22,19.6,77,71,10.0,22.96,0.5,21.0
2012-05-23,25.7,75,46,5.8,26.75,1.0,26.0
2012-05-24,27.4,67,42,9.7,27.0,0.0,29.0
2012-05-25,23.4,76,53,9.7,21.09,4.1,26.0
2012-05-26,20.8,75,69,8.5,16.08,0.2,24.0
2012-05-27,21.8,70,74,7.6,17.86,0.5,23.0
2012-05-28,23.0,74,16,6.8,27.17,0.0,24.0
2012-05-29,25.5,70,5,10.6,27.81,0.0,28.0
2012-05-30,25.1,73,16,7.9,26.51,0.0,27.0
2012-05-31,23.7,78,76,6.7,23.74,0.7,25.0
2012-06-01,25.8,78,76,11.8,27.3,0.0,27.0
2012-06-02,23.7,80,71,9.2,16.69,0.1,25.0
2012-06-03,21.0,82,93,12.3,7.21,6.9,24.0
2012-06-04,22.5,74,70,9.5,21.74,34.0,23.0
2012-06-05,23.9,58,15,9.4,29.28,0.0,26.0
2012-06-06,21.1,73,81,8.4,13.25,0.0,25.0
2012-06-07,20.1,84,97,8.8,5.97,5.4,22.0
2012-06-08,21.4,84,83,11.2,12.32,4.1,23.0
2012-06-09,23.3,80,81,8.9,20.41,13.7,26.0
2012-06-10,21.8,79,78,7.1,19.63,29.3,23.0
2012-06-11,21.6,80,65,7.9,21.6,7.1,24.0
2012-06-12,19.8,78,88,9.5,15.18,34.5,21.0
2012-06-13,22.8,64,35,9.4,26.5,0.6,25.0
2012-06-14,21.1,73,51,7.0,21.74,0.0,24.0
2012-06-15,23.8,70,45,7.2,26.0,0.0,27.0
2012-06-16,26.0,69,6,7.6,27.44,0.0,28.0
2012-06-17,27.8,70,14,6.1,26.58,0.0,30.0
2012-06-18,29.0,70,55,8.7,25.37,0.0,31.0
2012-06-19,28.9,72,62,7.6,24.37,0.0,32.0
2012-06-20,28.0,71,53,12.6,21.84,0.2,29.0
2012-06-21,27.7,72,32,7.3,22.45,0.0,30.0
2012-06-22,29.2,65,9,8.1,27.5,0.0,32.0
2012-06-23,26.6,69,39,11.8,23.67,6.1,29.0
2012-06-24,25.5,75,85,6.6,17.96,2.0,28.0
2012-06-25,28.9,65,76,17.2,26.14,0.0,31.0
2012-06-26,26.2,60,59,15.9,21.21,0.0,29.0
2012-06-27,27.3,72,34,6.5,24.33,0.0,30.0
2012-06-28,27.9,69,72,6.5,20.86,0.0,31.0
2012-06-29,27.6,75,38,7.9,20.08,0.0,31.0
2012-06-30,29.3,71,23,6.8,23.56,0.0,31.0
2012-07-01,28.7,67,66,9.7,22.04,0.0,31.0
2012-07-02,24.5,76,72,11.7,16.17,26.8,30.0
2012-07-03,27.2,75,41,7.3,25.37,0.0,29.0
2012-07-04,26.7,76,74,10.5,21.44,0.0,29.0
2012-07-05,26.1,76,51,8.0,23.14,1.6,30.0
2012-07-06,24.9,78,66,8.4,18.63,19.0,28.0
2012-07-07,26.3,73,30,9.0,24.78,3.2,28.0
2012-07-08,25.5,75,51,7.6,16.71,0.9,29.0
2012-07-09,27.4,72,27,9.8,22.86,0.0,30.0
2012-07-10,27.1,70,29,9.2,21.55,1.1,29.0
2012-07-11,25.5,80,37,9.0,19.23,9.4,29.0
2012-07-12,27.4,65,21,10.1,28.62,0.6,30.0
2012-07-13,26.1,72,62,7.9,21.84,6.2,30.0
2012-07-14,25.6,74,69,9.0,13.16,18.5,
2012-07-15,25.9,63,27,15.9,26.98,3.6,
2012-07-16,25.3,43,4,16.2,28.67,0.0,28.0
2012-07-17,27.3,62,1,7.6,28.29,0.0,30.0
2012-07-18,28.6,57,3,9.8,28.03,0.0,31.0
2012-07-19,28.0,66,29,6.9,25.11,0.0,30.0
2012-07-20,27.0,74,70,7.6,17.91,1.0,29.0
2012-07-21,27.0,59,41,14.4,23.65,0.0,29.0
2012-07-22,25.8,58,23,10.8,27.27,0.2,28.0
2012-07-23,25.3,54,35,10.5,24.97,0.0,27.0
2012-07-24,29.2,57,17,9.2,26.87,0.0,30.0
2012-07-25,30.9,61,28,8.1,25.19,0.0,32.0
2012-07-26,31.1,65,11,6.4,25.7,0.0,32.0
2012-07-27,31.9,65,25,7.2,24.33,0.0,33.0
2012-07-28,29.8,66,50,10.4,17.2,5.3,31.0
2012-07-29,29.5,62,28,10.8,23.55,0.0,31.0
2012-07-30,29.6,52,20,8.7,25.36,0.1,31.0
2012-07-31,27.9,66,25,7.6,22.41,3.2,31.0
2012-08-01,29.0,66,32,8.3,20.55,0.1,32.0
2012-08-02,30.4,61,51,10.2,21.97,0.2,33.0
2012-08-03,29.5,59,34,8.2,18.97,0.6,32.0
2012-08-04,26.9,65,48,11.5,14.91,4.0,32.0
2012-08-05,26.1,71,79,9.9,13.6,23.5,31.0
2012-08-06,26.8,71,53,11.9,15.87,10.7,28.0
2012-08-07,29.1,53,6,10.7,26.52,0.0,30.0
2012-08-08,29.6,58,7,6.8,24.18,0.0,31.0
2012-08-09,29.7,59,42,7.9,21.82,0.0,31.0
2012-08-10,28.5,61,28,8.7,21.39,1.8,30.0
2012-08-11,28.9,59,22,7.2,22.46,0.0,30.0
2012-08-12,26.6,58,79,12.4,13.77,0.5,27.0
2012-08-13,27.0,67,74,5.4,17.54,0.6,29.0
2012-08-14,27.7,66,53,6.8,19.1,1.1,
2012-08-15,29.0,65,38,7.3,16.27,0.2,31.0
2012-08-16,30.6,62,60,5.9,20.74,5.7,31.0
2012-08-17,30.9,61,33,5.8,20.99,0.2,32.0
2012-08-18,32.7,61,20,6.2,20.75,0.0,33.0
2012-08-19,33.8,58,39,6.2,20.73,0.0,34.0
2012-08-20,34.7,57,54,8.2,20.92,0.7,34.0
2012-08-21,35.0,55,24,6.5,21.32,0.0,34.0
2012-08-22,33.9,54,20,7.3,20.46,0.0,35.0
2012-08-23,29.5,64,72,7.7,11.43,0.0,32.0
2012-08-24,27.0,72,86,12.2,9.68,15.8,32.0
2012-08-25,29.7,67,74,7.8,14.63,13.7,31.0
2012-08-26,28.5,52,17,18.2,23.15,12.8,31.0
2012-08-27,26.5,42,5,11.3,22.95,0.0,28.0
2012-08-28,27.7,53,33,8.0,19.65,0.0,29.0
2012-08-29,29.9,59,62,7.0,20.43,0.0,31.0
2012-08-30,25.0,69,89,9.0,11.8,7.9,22.0
2012-08-31,22.7,57,84,20.2,13.59,1.6,23.0
2012-09-01,21.6,63,81,11.0,13.91,5.9,21.0
2012-09-02,22.7,69,89,5.4,13.43,0.0,23.0
2012-09-03,21.8,75,98,11.5,7.32,0.9,22.0
2012-09-04,24.7,76,84,8.7,10.7,1.9,24.0
2012-09-05,26.9,71,72,8.6,19.03,0.0,27.0
2012-09-06,28.5,64,15,7.0,19.98,0.0,29.0
2012-09-07,27.3,67,3,6.2,19.29,0.0,29.0
2012-09-08,27.6,69,14,6.8,18.95,0.0,29.0
2012-09-09,27.3,69,24,8.7,18.0,0.0,29.0
2012-09-10,28.1,63,31,6.6,18.9,0.0,29.0
2012-09-11,27.5,60,84,7.6,17.27,0.0,29.0
2012-09-12,20.9,68,81,19.0,6.01,9.4,23.0
2012-09-13,22.4,32,17,23.4,19.92,0.0,23.0
2012-09-14,23.4,42,0,12.7,19.87,0.0,25.0
2012-09-15,24.5,60,1,7.9,19.17,0.0,25.0
2012-09-16,23.4,64,16,6.9,15.96,0.0,25.0
2012-09-17,24.4,67,48,5.6,17.45,0.0,25.0
2012-09-18,24.5,67,69,7.2,14.25,0.0,25.0
2012-09-19,22.9,61,61,16.6,12.5,2.1,24.0
2012-09-20,20.5,48,21,15.9,17.05,0.0,22.0
2012-09-21,19.8,58,69,6.0,11.56,0.0,21.0
2012-09-22,21.3,64,43,6.0,14.28,0.0,23.0
2012-09-23,20.8,75,77,4.9,6.64,0.7,22.0
2012-09-24,17.9,94,81,10.9,3.39,35.2,19.0
2012-09-25,19.8,90,88,7.9,8.15,19.3,20.0
2012-09-26,20.1,92,99,17.9,7.11,43.4,22.0
2012-09-27,20.1,84,82,17.5,6.65,24.4,22.0
2012-09-28,20.9,76,91,6.2,12.1,0.1,22.0
2012-09-29,16.6,79,99,9.8,2.9,9.2,17.0
2012-09-30,20.3,85,94,7.2,9.32,9.1,23.0
2012-10-01,19.9,89,79,5.1,10.27,26.1,21.0
2012-10-02,21.6,83,48,7.0,12.86,0.0,23.0
2012-10-03,19.7,84,72,6.1,8.81,0.1,23.0
2012-10-04,19.0,86,97,7.5,4.54,5.9,21.0
2012-10-05,20.3,85,82,6.2,9.59,0.0,20.0
2012-10-06,19.5,87,91,4.4,4.92,0.0,23.0
2012-10-07,21.0,86,70,6.6,11.16,2.3,23.0
2012-10-08,17.1,83,86,9.9,7.02,1.6,19.0
2012-10-09,19.9,81,62,4.9,10.97,2.0,21.0
2012-10-10,19.3,86,64,5.8,8.94,0.1,20.0
2012-10-11,17.1,89,99,6.7,5.57,1.1,17.0
2012-10-12,17.9,83,71,5.9,7.18,0.3,18.0
2012-10-13,16.4,88,68,7.9,7.6,4.6,18.0
2012-10-14,15.1,90,98,14.8,5.82,12.5,16.0
2012-10-15,12.9,87,95,16.9,2.07,63.0,14.0
2012-10-16,15.7,71,28,9.3,12.88,0.0,17.0
2012-10-17,12.7,88,85,9.0,2.07,3.7,14.0
2012-10-18,16.2,88,82,5.8,4.86,1.0,18.0
2012-10-19,17.9,87,70,6.2,10.43,0.0,18.0
2012-10-20,19.6,82,35,9.4,12.05,0.0,21.0
2012-10-21,20.8,84,36,8.3,11.3,0.0,21.0
2012-10-22,20.8,88,33,5.5,10.8,0.0,22.0
2012-10-23,20.0,89,28,8.0,11.1,0.0,22.0
2012-10-24,18.2,89,50,7.0,10.03,0.0,20.0
2012-10-25,17.3,88,55,6.0,10.37,0.0,19.0
2012-10-26,13.0,94,97,5.8,1.49,14.1,13.0
2012-10-27,14.9,81,92,22.4,5.28,11.2,15.0
2012-10-28,8.3,63,95,25.6,5.02,16.8,10.0
2012-10-29,10.7,64,12,7.9,11.23,0.0,13.0
2012-10-30,9.6,75,73,5.6,8.09,0.0,9.0
2012-10-31,9.0,81,99,13.4,2.75,11.1,8.0
2012-11-01,13.2,83,88,16.5,6.88,16.2,14.0
2012-11-02,14.1,85,78,8.8,8.26,2.1,15.0
2012-11-03,12.8,89,96,8.0,2.18,5.4,14.0
2012-11-04,11.3,93,100,7.3,0.83,23.7,12.0
2012-11-05,17.3,76,34,10.7,9.72,7.0,18.0
2012-11-06,14.2,66,23,12.8,9.41,0.0,16.0
2012-11-07,13.1,61,2,12.4,9.6,0.0,15.0
2012-11-08,12.9,79,80,9.0,8.64,0.0,13.0
2012-11-09,13.3,85,78,7.3,7.84,0.4,15.0
2012-11-10,10.0,89,100,8.8,0.6,28.2,10.0
2012-11-11,11.1,89,91,10.7,1.36,39.7,10.0
2012-11-12,15.4,86,49,9.6,7.23,0.0,17.0
2012-11-13,14.7,84,43,8.6,6.53,0.0,16.0
2012-11-14,12.3,84,70,9.4,2.21,0.0,15.0
2012-11-15,10.8,88,63,6.0,4.39,0.0,12.0
2012-11-16,10.3,88,42,6.5,6.55,0.0,12.0
2012-11-17,9.5,90,77,5.2,6.21,0.0,9.0
2012-11-18,9.5,89,98,6.3,5.98,0.0,9.0
2012-11-19,14.2,79,67,8.5,6.68,0.0,12.0
2012-11-20,14.4,84,19,7.2,7.69,0.0,16.0
2012-11-21,12.3,90,73,7.7,5.97,0.0,14.0
2012-11-22,11.6,90,98,6.5,3.66,0.0,13.0
2012-11-23,12.4,87,81,4.7,4.43,0.0,15.0
2012-11-24,11.5,87,96,5.4,3.47,0.0,13.0
2012-11-25,11.9,84,95,5.2,1.82,0.0,14.0
2012-11-26,9.9,95,100,7.6,0.62,20.6,10.0
2012-11-27,10.4,94,100,12.3,0.76,54.0,11.0
2012-11-28,9.1,88,100,16.5,0.46,64.1,9.0
2012-11-29,10.8,70,89,15.9,2.97,9.8,12.0
2012-11-30,8.8,53,77,15.8,4.92,0.1,11.0
2012-12-01,7.2,84,82,4.6,2.84,0.0,8.0
2012-12-02,8.3,68,26,15.1,7.06,0.0,7.0
2012-12-03,6.4,54,8,14.8,6.14,0.0,9.0
2012-12-04,7.4,80,64,9.3,5.81,0.4,7.0
2012-12-05,8.3,74,43,10.1,6.76,0.0,10.0
2012-12-06,7.6,69,39,13.3,6.62,0.0,10.0
2012-12-07,3.1,76,91,10.8,2.96,4.1,5.0
2012-12-08,7.5,69,52,18.9,6.44,0.0,7.0
2012-12-09,5.8,65,6,12.3,6.65,0.0,6.0
2012-12-10,7.7,79,17,9.4,6.13,0.0,7.0
2012-12-11,6.9,58,3,18.6,6.73,0.0,9.0
2012-12-12,4.2,63,19,9.8,6.5,0.0,6.0
2012-12-13,1.7,76,92,8.3,1.88,0.9,2.0
2012-12-14,0.0,97,100,7.0,1.39,12.2,1.0
2012-12-15,2.5,97,75,4.0,5.13,10.5,2.0
2012-12-16,3.5,95,55,9.5,5.38,0.0,2.0
2012-12-17,3.9,97,76,8.0,4.67,0.0,4.0
2012-12-18,6.5,89,59,9.8,5.52,0.0,2.0
2012-12-19,7.8,79,24,10.5,6.12,0.0,9.0
2012-12-20,2.3,92,94,9.4,1.65,2.5,4.0
2012-12-21,4.1,93,85,4.7,4.41,0.1,6.0
2012-12-22,6.0,90,87,6.9,4.1,0.2,0.0
2012-12-23,7.3,87,92,6.2,4.32,0.0,6.0
2012-12-24,8.5,94,80,8.0,4.0,0.0,4.0
2012-12-25,6.7,95,99,4.7,0.96,2.4,5.0
2012-12-26,10.4,91,56,9.2,5.37,2.7,6.0
2012-12-27,7.1,86,73,8.3,3.53,0.0,4.0
2012-12-28,11.1,77,7,14.1,5.94,0.0,15.0
2012-12-29,9.3,81,29,8.6,5.72,0.0,11.0
2012-12-30,7.9,85,36,8.6,5.98,0.0,9.0
2012-12-31,8.5,83,41,9.7,6.08,0.0,10.0
2013-01-01,5.4,85,87,9.4,2.93,0.1,7.0
2013-01-02,7.0,89,86,6.1,4.98,2.2,6.0
2013-01-03,8.0,82,35,9.4,5.95,0.0,10.0
2013-01-04,13.6,84,35,12.0,5.97,0.0,13.0
2013-01-05,15.1,72,17,15.1,6.4,0.0,22.0
2013-01-06,14.8,74,30,11.5,6.07,0.0,15.0
2013-01-07,12.8,76,22,11.6,6.33,0.0,12.0
2013-01-08,5.8,95,71,6.8,2.83,0.0,8.0
2013-01-09,6.5,95,99,5.9,3.7,0.0,6.0
2013-01-10,6.3,91,96,4.6,4.72,0.0,7.0
2013-01-11,8.8,91,44,5.9,6.36,0.0,4.0
2013-01-12,5.5,89,82,6.5,5.44,0.0,4.0
2013-01-13,4.6,92,99,5.1,3.68,0.6,5.0
2013-01-14,4.3,94,97,6.7,5.0,0.0,4.0
2013-01-15,2.7,96,95,7.7,2.29,6.1,4.0
2013-01-16,5.7,62,84,15.2,5.39,0.2,6.0
2013-01-17,5.1,38,64,18.8,6.51,0.0,8.0
2013-01-18,5.3,55,30,11.6,7.88,0.0,7.0
2013-01-19,3.2,79,100,5.9,1.75,3.0,3.0
2013-01-20,2.9,97,100,7.4,1.21,14.1,2.0
2013-01-21,6.0,94,94,5.1,2.49,9.1,5.0
2013-01-22,7.3,87,43,7.3,7.34,0.2,9.0
2013-01-23,6.9,83,89,8.3,5.64,0.5,8.0
2013-01-24,8.3,82,63,7.7,7.77,0.0,10.0
2013-01-25,7.2,72,32,10.8,8.37,0.0,8.0
2013-01-26,5.1,77,52,9.4,7.78,0.0,6.0
2013-01-27,5.5,84,69,4.8,6.8,0.0,5.0
2013-01-28,5.6,89,86,6.4,5.1,1.2,3.0
2013-01-29,6.2,87,81,6.1,6.2,0.0,7.0
2013-01-30,10.1,86,46,6.7,7.63,0.0,10.0
2013-01-31,12.7,80,29,9.6,8.85,0.0,16.0
2013-02-01,10.1,83,55,7.6,7.7,0.0,3.0
2013-02-02,10.1,68,100,23.9,4.35,1.6,11.0
2013-02-03,8.6,34,52,21.8,9.68,0.0,11.0
2013-02-04,9.2,62,38,7.8,7.71,0.0,11.0
2013-02-05,7.9,83,74,7.4,7.61,3.0,6.0
2013-02-06,8.0,72,61,8.9,8.79,1.2,10.0
2013-02-07,7.9,61,65,21.5,8.64,0.0,11.0
2013-02-08,6.8,50,43,13.7,8.53,0.0,9.0
2013-02-09,5.9,49,41,12.8,9.54,0.0,8.0
2013-02-10,3.8,58,20,10.1,11.13,0.0,4.0
2013-02-11,0.6,73,100,12.2,2.96,8.6,1.0
2013-02-12,2.7,89,90,6.9,9.05,0.9,5.0
2013-02-13,8.6,67,17,11.2,11.73,0.0,5.0
2013-02-14,8.8,53,41,9.0,11.44,0.0,9.0
2013-02-15,8.8,71,34,7.2,11.09,0.0,9.0
2013-02-16,9.3,77,7,6.6,11.97,0.0,9.0
2013-02-17,7.3,85,70,8.0,8.05,0.8,8.0
2013-02-18,7.9,75,17,7.9,11.97,0.0,9.0
2013-02-19,8.1,76,33,7.0,12.27,0.0,8.0
2013-02-20,7.7,83,53,8.7,9.8,0.0,8.0
2013-02-21,3.2,94,100,8.2,3.57,13.6,3.0
2013-02-22,1.9,81,83,6.1,9.22,1.5,2.0
2013-02-23,4.0,79,92,8.1,8.38,0.2,4.0
2013-02-24,2.1,78,96,10.6,5.28,6.8,1.0
2013-02-25,3.9,83,70,8.7,9.67,4.6,3.0
2013-02-26,7.7,75,34,11.1,14.08,0.5,11.0
2013-02-27,9.3,76,88,9.2,11.03,0.8,9.0
2013-02-28,10.0,80,72,6.2,8.32,2.0,10.0
2013-03-01,11.6,81,21,7.9,13.73,0.0,13.0
2013-03-02,10.2,81,35,6.3,8.38,0.0,11.0
2013-03-03,12.2,79,7,6.7,15.0,0.0,13.0
2013-03-04,13.3,80,3,6.3,15.06,0.0,14.0
2013-03-05,10.2,76,73,5.9,8.97,0.1,11.0
2013-03-06,6.4,86,100,7.8,2.38,16.2,8.0
2013-03-07,9.1,91,100,8.3,1.91,7.1,10.0
2013-03-08,9.5,94,100,5.8,2.02,8.4,10.0
2013-03-09,12.0,88,83,6.3,9.57,1.2,12.0
2013-03-10,13.4,86,71,5.4,13.79,0.2,14.0
2013-03-11,12.6,87,88,5.1,10.14,2.9,14.0
2013-03-12,10.8,92,96,7.2,7.1,7.1,12.0
2013-03-13,10.5,89,75,6.4,11.26,6.2,11.0
2013-03-14,8.1,43,31,27.6,17.1,0.0,11.0
2013-03-15,7.5,27,6,23.1,18.31,0.0,9.0
2013-03-16,8.2,53,42,10.6,16.08,0.0,9.0
2013-03-17,3.1,85,98,9.0,3.05,14.2,5.0
2013-03-18,2.4,97,96,9.0,5.03,23.3,5.0
2013-03-19,11.8,70,50,10.1,18.71,0.0,14.0
2013-03-20,8.4,84,75,9.4,6.23,3.0,8.0
2013-03-21,14.1,63,11,11.6,19.48,0.0,16.0
2013-03-22,13.9,63,57,8.4,17.02,0.0,15.0
2013-03-23,9.9,80,97,6.5,4.56,0.9,12.0
2013-03-24,7.6,91,100,6.8,2.02,22.8,8.0
2013-03-25,10.6,86,99,9.0,10.72,7.3,7.0
2013-03-26,7.0,81,86,9.3,9.98,2.6,6.0
2013-03-27,7.9,76,81,6.6,9.77,0.0,7.0
2013-03-28,6.7,83,87,6.8,6.74,7.1,7.0
2013-03-29,11.0,81,82,5.4,15.69,0.2,9.0
2013-03-30,7.3,90,95,8.7,3.01,12.5,8.0
2013-03-31,15.6,60,34,16.6,20.83,0.0,17.0
2013-04-01,7.7,76,90,9.0,5.73,2.8,8.0
2013-04-02,13.0,74,87,9.0,15.97,0.3,14.0
2013-04-03,14.3,75,52,10.1,17.5,0.0,16.0
2013-04-04,11.3,85,99,7.7,5.92,8.4,12.0
2013-04-05,9.8,88,98,10.5,5.75,12.0,10.0
2013-04-06,13.9,83,90,5.7,12.33,0.1,14.0
2013-04-07,13.5,81,74,8.4,14.86,5.9,14.0
2013-04-08,8.2,79,97,10.5,4.71,7.7,10.0
2013-04-09,9.4,85,88,8.1,10.07,1.6,10.0
2013-04-10,15.5,77,70,6.9,20.74,0.0,16.0
2013-04-11,12.8,83,95,6.2,5.49,4.1,14.0
2013-04-12,16.3,83,79,8.9,11.76,14.0,17.0
2013-04-13,18.9,70,43,9.1,22.24,0.0,21.0
2013-04-14,19.8,65,3,6.9,23.57,0.0,22.0
2013-04-15,21.4,68,4,7.6,23.32,0.0,23.0
2013-04-16,21.4,74,72,7.6,20.8,0.0,22.0
2013-04-17,22.1,72,52,6.5,22.89,0.0,24.0
2013-04-18,23.1,73,15,7.9,21.36,0.0,25.0
2013-04-19,21.4,75,82,16.9,16.05,19.6,23.0
2013-04-20,10.6,85,100,19.4,4.47,57.1,10.0
2013-04-21,14.3,79,92,10.6,8.93,9.8,16.0
2013-04-22,16.9,80,79,10.9,17.59,4.1,15.0
2013-04-23,17.1,77,61,6.7,12.71,0.3,19.0
2013-04-24,19.4,69,31,6.2,20.98,0.0,21.0
2013-04-25,22.1,64,3,10.5,25.46,0.0,23.0
2013-04-26,16.4,81,87,5.4,5.77,4.2,17.0
2013-04-27,15.3,92,97,18.7,7.23,53.6,16.0
2013-04-28,17.2,86,90,11.9,11.19,16.2,17.0
2013-04-29,15.5,91,99,9.4,3.36,32.3,14.0
2013-04-30,18.2,86,96,7.2,6.52,17.2,18.0
2013-05-01,20.4,83,69,8.8,15.05,20.7,23.0
2013-05-02,21.0,79,72,8.3,18.1,2.7,23.0
2013-05-03,18.3,84,38,7.9,14.99,6.2,21.0
2013-05-04,20.4,72,43,6.8,22.44,0.2,23.0
2013-05-05,21.4,71,86,11.7,17.9,2.3,23.0
2013-05-06,19.3,85,86,8.1,17.31,8.4,20.0
2013-05-07,21.5,79,51,7.2,20.73,2.7,22.0
2013-05-08,21.2,79,56,7.2,23.76,0.0,23.0
2013-05-09,22.0,73,85,6.2,18.73,0.0,24.0
2013-05-10,18.3,82,86,6.2,9.92,6.7,19.0
2013-05-11,21.5,64,19,12.2,26.23,0.0,23.0
2013-05-12,20.3,47,20,14.1,25.86,0.0,22.0
2013-05-13,19.6,50,3,12.3,27.46,0.0,21.0
2013-05-14,19.6,71,36,8.1,20.33,0.9,22.0
2013-05-15,17.5,82,85,7.6,11.11,7.9,17.0
2013-05-16,13.9,88,100,8.7,3.08,58.5,12.0
2013-05-17,17.2,82,75,11.2,13.41,27.7,19.0
2013-05-18,15.9,79,80,9.8,13.76,12.8,17.0
2013-05-19,16.8,84,80,7.6,15.31,42.5,19.0
2013-05-20,16.5,84,74,11.4,18.45,10.9,19.0
2013-05-21,15.3,82,84,7.1,12.83,10.3,18.0
2013-05-22,18.8,72,65,8.3,19.95,0.0,20.0
2013-05-23,19.8,51,44,13.8,26.38,0.0,22.0
2013-05-24,15.8,49,92,13.3,20.21,0.0,15.0
2013-05-25,12.7,73,93,8.5,18.35,0.8,12.0
2013-05-26,17.8,61,29,8.4,27.91,0.0,20.0
2013-05-27,18.9,67,34,11.0,27.17,0.0,21.0
2013-05-28,16.5,79,76,4.5,9.41,4.8,18.0
2013-05-29,16.5,79,87,12.5,18.67,48.7,18.0
2013-05-30,18.6,71,75,7.4,25.8,1.8,18.0
2013-05-31,20.3,65,81,8.0,24.02,0.1,21.0
2013-06-01,21.8,70,71,10.1,24.64,0.6,22.0
2013-06-02,24.4,54,21,20.2,29.83,0.0,27.0
2013-06-03,20.9,61,57,10.9,23.98,0.0,23.0
2013-06-04,22.5,71,70,7.7,27.05,0.0,24.0
2013-06-05,22.1,73,50,7.8,21.71,0.0,25.0
2013-06-06,22.3,77,62,6.9,22.58,0.4,24.0
2013-06-07,23.6,76,32,8.4,24.64,1.1,25.0
2013-06-08,23.7,80,59,10.0,23.04,3.0,27.0
2013-06-09,18.5,88,80,7.9,8.97,30.2,20.0
2013-06-10,20.2,82,74,8.7,20.89,2.2,22.0
2013-06-11,25.0,70,10,8.0,28.85,0.0,27.0
2013-06-12,25.7,68,33,10.5,28.39,0.0,27.0
2013-06-13,25.8,71,20,7.3,25.34,0.0,28.0
2013-06-14,25.7,71,54,9.4,19.28,0.0,29.0
2013-06-15,25.8,75,52,7.6,19.31,3.7,28.0
2013-06-16,26.0,79,65,8.2,18.5,0.0,29.0
2013-06-17,27.9,75,34,7.2,21.0,0.1,31.0
2013-06-18,30.5,69,22,10.0,26.46,0.9,33.0
2013-06-19,29.3,71,61,8.6,23.47,0.4,31.0
2013-06-20,27.5,70,52,12.3,21.74,5.2,29.0
2013-06-21,24.0,72,35,8.8,20.9,1.4,26.0
2013-06-22,25.7,69,44,8.2,25.17,0.0,27.0
2013-06-23,24.5,77,49,9.7,20.26,7.2,27.0
2013-06-24,24.3,50,46,18.4,27.72,0.3,26.0
2013-06-25,25.2,38,14,14.5,27.6,0.0,26.0
2013-06-26,24.3,39,9,14.5,28.88,0.0,25.0
2013-06-27,18.3,72,60,9.0,13.1,6.8,21.0
2013-06-28,20.6,71,41,6.6,25.85,0.2,21.0
2013-06-29,21.7,65,81,5.4,19.22,0.0,22.0
2013-06-30,26.3,58,21,9.6,28.21,0.0,28.0
2013-07-01,26.1,57,23,7.1,22.96,0.0,28.0
2013-07-02,26.9,56,62,8.9,23.79,0.0,28.0
2013-07-03,22.3,72,91,7.9,9.76,6.5,23.0
2013-07-04,28.2,65,14,7.9,25.52,0.0,29.0
2013-07-05,30.0,59,29,7.6,22.57,0.0,31.0
2013-07-06,28.9,60,33,6.8,20.88,0.2,31.0
2013-07-07,27.9,63,69,10.4,18.05,1.0,31.0
2013-07-08,28.9,63,73,10.4,23.59,1.5,30.0
2013-07-09,28.9,66,66,7.7,23.86,0.2,30.0
2013-07-10,29.4,66,87,9.4,23.65,3.6,31.0
2013-07-11,30.0,67,61,6.2,23.73,0.7,30.0
2013-07-12,27.4,70,57,6.2,18.4,1.2,29.0
2013-07-13,27.9,72,46,7.7,23.3,2.0,29.0
2013-07-14,28.2,71,27,7.9,23.93,0.7,29.0
2013-07-15,29.9,61,20,6.7,24.33,0.0,30.0
2013-07-16,29.8,64,36,9.3,20.39,0.2,31.0
2013-07-17,27.2,72,78,7.6,15.98,7.0,29.0
2013-07-18,26.9,73,76,9.0,21.01,8.0,27.0
2013-07-19,28.6,67,33,6.5,25.52,0.1,29.0
2013-07-20,29.4,65,33,7.2,24.86,0.4,31.0
2013-07-21,30.6,61,39,6.7,24.39,0.4,31.0
2013-07-22,30.8,63,67,8.7,24.48,0.8,31.0
2013-07-23,31.9,61,55,7.4,24.81,0.0,32.0
2013-07-24,30.5,60,41,6.8,22.83,0.6,31.0
2013-07-25,32.0,62,27,7.1,23.75,0.1,32.0
2013-07-26,31.8,63,44,9.0,23.15,0.0,33.0
2013-07-27,32.2,63,33,8.0,22.04,0.2,34.0
2013-07-28,33.4,56,55,14.2,23.24,0.0,34.0
2013-07-29,24.8,80,70,13.9,6.97,60.4,26.0
2013-07-30,27.6,61,4,11.9,26.78,0.0,31.0
2013-07-31,28.8,69,1,7.6,26.56,0.0,31.0
2013-08-01,29.8,68,5,6.6,25.49,0.0,32.0
2013-08-02,31.0,67,10,7.9,25.02,0.0,34.0
2013-08-03,32.4,67,21,7.4,23.95,0.0,34.0
2013-08-04,31.9,67,28,6.9,22.96,0.0,34.0
2013-08-05,32.3,64,30,11.1,23.0,0.1,34.0
2013-08-06,31.5,62,38,7.9,20.94,0.0,34.0
2013-08-07,29.7,58,86,14.2,16.15,1.3,30.0
2013-08-08,23.5,77,96,15.0,7.2,47.0,24.0
2013-08-09,28.4,67,50,14.4,22.68,2.1,30.0
2013-08-10,28.7,48,2,16.2,26.14,0.0,31.0
2013-08-11,27.4,61,23,7.6,20.06,0.0,30.0
2013-08-12,28.1,68,25,7.2,20.28,0.0,31.0
2013-08-13,28.9,68,21,8.5,21.62,0.0,31.0
2013-08-14,22.1,79,61,14.8,15.85,15.3,23.0
2013-08-15,24.9,71,36,5.4,19.93,0.0,27.0
2013-08-16,25.9,69,34,6.5,22.04,0.0,28.0
2013-08-17,27.6,70,30,5.8,21.57,0.0,29.0
2013-08-18,28.0,73,47,7.6,21.09,0.0,31.0
2013-08-19,26.8,75,75,8.0,15.0,5.6,29.0
2013-08-20,27.2,49,2,12.6,24.48,0.0,30.0
2013-08-21,26.0,62,9,7.2,20.2,0.0,28.0
2013-08-22,26.8,67,12,7.5,22.33,0.0,28.0
2013-08-23,27.1,67,55,7.6,19.09,0.2,29.0
2013-08-24,26.1,77,65,6.5,15.89,18.7,28.0
2013-08-25,24.4,78,61,6.7,21.29,11.6,26.0
2013-08-26,22.4,80,50,6.9,18.82,3.5,24.0
2013-08-27,20.9,83,68,5.2,15.11,2.3,23.0
2013-08-28,25.0,69,37,5.8,21.87,0.0,27.0
2013-08-29,23.6,77,33,6.9,17.32,4.1,25.0
2013-08-30,23.5,76,25,5.2,14.57,0.0,27.0
2013-08-31,24.9,75,28,5.1,18.24,0.0,27.0
2013-09-01,25.9,73,45,7.7,20.03,0.1,28.0
2013-09-02,25.1,70,38,6.2,20.79,0.0,27.0
2013-09-03,27.8,69,0,5.8,21.48,0.0,29.0
2013-09-04,27.8,73,5,5.8,20.65,0.0,29.0
2013-09-05,26.5,76,22,5.9,15.02,0.0,29.0
2013-09-06,26.9,74,26,6.8,15.31,0.1,30.0
2013-09-07,26.8,70,60,6.8,16.1,2.4,29.0
2013-09-08,23.7,84,92,12.3,9.8,48.2,27.0
2013-09-09,25.4,68,23,10.6,20.56,11.5,29.0
2013-09-10,21.0,74,68,6.8,9.94,1.0,24.0
2013-09-11,21.4,59,37,10.9,18.04,0.0,24.0
2013-09-12,21.0,73,13,9.9,19.07,0.0,24.0
2013-09-13,22.8,55,8,10.7,19.68,0.0,26.0
2013-09-14,22.4,71,54,5.8,15.24,0.0,25.0
2013-09-15,18.6,85,93,8.7,5.14,8.5,18.0
2013-09-16,19.0,85,71,6.5,9.32,0.3,20.0
2013-09-17,20.1,56,51,15.9,18.37,0.8,22.0
2013-09-18,19.4,57,66,8.6,12.63,0.0,21.0
2013-09-19,24.0,67,41,12.2,18.06,0.0,27.0
2013-09-20,22.3,75,42,7.1,15.59,0.0,23.0
2013-09-21,23.2,76,18,6.9,17.67,0.0,24.0
2013-09-22,22.5,79,66,7.9,12.27,0.0,23.0
2013-09-23,23.9,81,22,6.9,17.3,0.0,24.0
2013-09-24,24.7,80,47,6.6,16.52,0.0,25.0
2013-09-25,21.4,79,56,6.8,6.26,0.0,24.0
2013-09-26,23.4,82,73,7.3,13.56,0.0,24.0
2013-09-27,23.5,83,94,6.8,12.34,0.0,23.0
2013-09-28,22.2,82,94,4.7,4.89,0.3,24.0
2013-09-29,19.3,90,99,8.3,4.34,27.5,19.0
2013-09-30,16.0,89,97,10.5,4.46,9.2,16.0
2013-10-01,17.9,77,83,6.6,8.09,0.0,18.0
2013-10-02,17.9,81,79,7.9,4.89,0.0,19.0
2013-10-03,15.2,71,99,6.8,3.22,0.5,17.0
2013-10-04,14.7,78,99,6.9,3.87,0.5,16.0
2013-10-05,14.0,85,86,6.4,3.24,8.2,15.0
2013-10-06,18.7,85,80,5.0,10.0,3.5,16.0
2013-10-07,16.3,95,99,8.4,3.18,9.5,17.0
2013-10-08,18.5,84,85,6.0,8.46,1.8,18.0
2013-10-09,18.1,86,76,6.2,7.41,0.0,19.0
2013-10-10,15.6,89,95,20.7,3.24,33.2,16.0
2013-10-11,14.9,63,44,16.3,14.19,2.8,16.0
2013-10-12,12.8,81,98,10.0,6.79,18.7,13.0
2013-10-13,13.5,82,96,8.4,4.57,4.5,12.0
2013-10-14,14.5,84,96,6.2,3.4,0.7,15.0
2013-10-15,15.5,86,87,4.4,6.47,0.0,17.0
2013-10-16,19.9,79,35,7.9,13.38,0.2,22.0
2013-10-17,20.0,74,21,9.0,12.95,0.0,21.0
2013-10-18,17.4,84,60,8.4,11.87,0.0,19.0
2013-10-19,15.4,85,84,8.7,4.3,0.0,17.0
2013-10-20,14.4,90,97,5.4,1.69,4.8,15.0
2013-10-21,16.6,87,84,6.3,4.2,1.2,16.0
2013-10-22,15.5,94,100,3.8,1.75,20.0,15.0
2013-10-23,15.7,98,100,12.5,1.2,85.1,16.0
2013-10-24,17.8,89,82,6.9,4.03,17.8,17.0
2013-10-25,17.4,89,84,7.2,4.1,0.1,19.0
2013-10-26,19.2,80,79,5.4,7.61,0.0,20.0
2013-10-27,16.5,94,99,7.6,1.58,9.2,16.0
2013-10-28,18.3,91,92,10.5,4.41,4.1,21.0
2013-10-29,17.3,91,93,7.3,5.42,12.3,18.0
2013-10-30,17.6,80,83,9.0,7.74,3.7,19.0
2013-10-31,15.3,85,92,9.7,2.57,7.2,16.0
2013-11-01,15.5,88,76,4.7,5.46,0.0,16.0
2013-11-02,14.1,90,100,6.9,2.81,5.9,15.0
2013-11-03,15.3,84,75,12.8,5.35,8.0,17.0
2013-11-04,12.2,81,97,11.5,2.83,4.6,12.0
2013-11-05,16.3,80,56,6.9,9.02,0.0,16.0
2013-11-06,16.6,81,38,10.5,8.61,1.2,19.0
2013-11-07,16.3,83,25,8.6,9.01,0.0,16.0
2013-11-08,14.4,89,92,6.9,2.71,2.9,13.0
2013-11-09,16.3,86,55,7.1,7.66,9.9,16.0
2013-11-10,11.8,83,72,19.2,5.15,0.6,12.0
2013-11-11,13.2,35,7,27.0,9.45,0.0,18.0
2013-11-12,14.4,70,17,12.6,8.76,0.0,16.0
2013-11-13,15.4,80,77,10.5,7.69,0.0,17.0
2013-11-14,11.1,88,98,6.8,1.44,9.0,12.0
2013-11-15,9.0,80,96,13.4,2.94,26.7,8.0
2013-11-16,12.6,87,54,8.3,6.21,0.0,14.0
2013-11-17,11.4,83,89,3.9,3.23,0.1,12.0
2013-11-18,9.3,89,99,8.4,0.65,5.9,9.0
2013-11-19,10.5,88,100,9.7,0.87,15.0,10.0
2013-11-20,10.8,90,97,6.4,3.26,8.9,10.0
2013-11-21,6.2,94,89,12.1,1.09,24.7,6.0
2013-11-22,5.8,86,94,11.2,4.03,10.6,4.0
2013-11-23,7.0,83,99,10.0,2.87,0.3,7.0
2013-11-24,10.8,84,75,10.4,5.84,0.8,12.0
2013-11-25,9.6,49,3,19.0,7.68,0.0,13.0
2013-11-26,6.8,53,0,11.5,7.76,0.0,8.0
2013-11-27,6.1,55,13,12.2,7.78,0.0,8.0
2013-11-28,5.0,77,22,6.5,7.14,0.0,7.0
2013-11-29,6.5,83,58,5.6,6.33,0.0,7.0
2013-11-30,3.3,90,81,5.1,3.37,0.0,3.0
2013-12-01,7.6,87,35,9.1,6.67,0.0,11.0
2013-12-02,9.0,80,33,11.3,6.8,0.0,12.0
2013-12-03,8.4,87,48,7.8,6.23,0.0,11.0
2013-12-04,9.4,90,40,7.6,6.65,0.0,10.0
2013-12-05,10.1,85,36,6.5,6.59,0.0,11.0
2013-12-06,11.1,80,17,12.0,6.2,0.0,13.0
2013-12-07,9.4,63,3,14.8,6.72,0.0,14.0
2013-12-08,7.8,88,31,6.9,5.98,0.0,2.0
2013-12-09,7.7,90,76,7.2,3.95,0.0,6.0
2013-12-10,8.2,93,36,6.1,4.82,0.0,9.0
2013-12-11,7.2,92,43,6.9,5.28,0.0,9.0
2013-12-12,6.4,91,44,8.3,5.6,0.0,7.0
2013-12-13,7.6,89,36,8.0,5.79,0.0,10.0
2013-12-14,8.8,90,38,7.3,5.41,0.0,13.0
2013-12-15,7.5,87,27,7.6,5.32,0.0,11.0
2013-12-16,8.8,89,59,8.7,5.5,0.0,11.0
2013-12-17,9.1,88,26,7.2,6.08,0.0,10.0
2013-12-18,8.3,85,54,7.2,5.07,0.0,8.0
2013-12-19,3.9,96,95,10.1,0.67,14.6,4.0
2013-12-20,6.4,94,92,4.7,0.94,13.1,5.0
2013-12-21,8.3,91,89,8.6,3.18,0.0,6.0
2013-12-22,7.6,92,100,3.7,0.94,1.1,8.0
2013-12-23,9.2,92,92,4.7,3.05,0.5,9.0
2013-12-24,6.8,97,100,12.3,0.52,21.8,7.0
2013-12-25,8.7,95,100,19.9,0.38,77.0,9.0
2013-12-26,8.6,88,98,17.7,0.46,73.3,9.0
2013-12-27,10.4,79,9,10.9,6.34,0.0,13.0
2013-12-28,6.7,87,94,9.0,0.87,9.6,7.0
2013-12-29,9.3,87,45,9.0,5.45,5.3,10.0
2013-12-30,8.3,80,24,10.4,5.59,0.0,10.0
2013-12-31,7.6,81,60,8.6,6.13,0.0,9.0
2014-01-01,6.5,77,71,8.0,6.05,0.0,7.0
2014-01-02,3.9,93,99,5.4,1.26,6.9,3.0
2014-01-03,6.4,91,85,7.6,2.3,0.0,6.0
2014-01-04,4.4,95,99,7.1,0.36,27.3,5.0
2014-01-05,11.1,84,85,10.6,3.58,17.6,11.0
2014-01-06,11.4,76,54,8.0,5.88,0.0,10.0
2014-01-07,9.7,78,65,6.5,4.16,0.0,12.0
2014-01-08,9.8,89,95,6.5,4.77,0.0,11.0
2014-01-09,9.9,91,87,7.2,4.83,0.0,10.0
2014-01-10,10.2,90,80,5.5,5.06,0.0,11.0
2014-01-11,9.2,90,93,6.0,1.78,0.0,9.0
2014-01-12,9.8,91,37,8.8,5.67,0.0,12.0
2014-01-13,7.6,91,79,6.9,3.82,2.0,6.0
2014-01-14,6.4,95,89,6.8,2.46,23.1,5.0
2014-01-15,8.6,83,14,7.4,7.07,0.0,8.0
2014-01-16,4.2,93,100,7.3,1.21,7.4,5.0
2014-01-17,5.3,95,100,7.3,1.09,19.4,4.0
2014-01-18,6.1,94,100,7.4,0.9,17.1,6.0
2014-01-19,7.4,92,100,7.2,0.9,25.7,7.0
2014-01-20,9.6,89,98,5.4,3.75,6.8,8.0
2014-01-21,12.6,82,55,9.5,7.12,0.1,13.0
2014-01-22,10.7,76,23,7.9,6.76,0.0,12.0
2014-01-23,9.1,83,79,6.6,3.66,0.1,11.0
2014-01-24,9.5,67,47,22.4,7.96,0.0,11.0
2014-01-25,9.4,65,21,10.7,8.58,0.0,11.0
2014-01-26,10.6,67,47,11.5,8.16,0.2,13.0
2014-01-27,7.8,67,57,7.2,7.63,0.1,8.0
2014-01-28,6.5,86,57,5.9,7.94,0.0,5.0
2014-01-29,3.9,87,82,8.7,3.38,4.1,4.0
2014-01-30,2.5,96,100,7.8,1.17,28.3,2.0
2014-01-31,6.8,92,96,6.6,2.03,9.2,7.0
2014-02-01,6.0,94,92,6.7,0.83,15.5,6.0
2014-02-02,9.2,89,100,5.9,3.17,14.0,9.0
2014-02-03,6.7,91,100,8.0,0.96,23.4,8.0
2014-02-04,5.8,95,100,9.0,1.35,24.4,6.0
2014-02-05,6.3,98,100,10.8,1.25,30.6,7.0
2014-02-06,9.4,85,65,11.6,8.3,1.3,11.0
2014-02-07,6.1,90,91,9.0,0.88,18.2,5.0
2014-02-08,6.4,94,97,7.7,3.42,7.0,6.0
2014-02-09,11.1,77,51,7.7,10.3,4.0,11.0
2014-02-10,4.9,92,100,9.3,0.89,27.5,6.0
2014-02-11,10.6,86,56,6.4,10.87,1.6,10.0
2014-02-12,13.2,72,50,11.5,11.51,0.0,16.0
2014-02-13,6.2,84,82,8.7,3.21,5.6,7.0
2014-02-14,11.2,71,41,9.9,9.59,0.0,13.0
2014-02-15,6.3,80,88,8.8,1.79,1.5,9.0
2014-02-16,10.3,88,97,7.2,4.5,6.0,7.0
2014-02-17,12.3,82,63,8.4,9.44,6.9,10.0
2014-02-18,11.7,79,84,6.7,7.61,0.3,12.0
2014-02-19,11.2,87,89,10.2,3.33,9.3,9.0
2014-02-20,12.3,82,34,8.6,11.26,0.0,11.0
2014-02-21,11.4,81,75,6.6,7.52,0.8,12.0
2014-02-22,13.0,66,39,11.3,13.43,0.9,16.0
2014-02-23,12.2,72,14,6.6,13.04,0.0,13.0
2014-02-24,11.6,74,12,9.4,12.88,0.0,14.0
2014-02-25,10.7,71,58,7.6,8.6,0.0,14.0
2014-02-26,6.1,88,99,8.1,1.85,19.2,6.0
2014-02-27,9.8,81,86,7.1,10.43,4.1,9.0
2014-02-28,8.4,87,85,9.2,5.81,6.2,7.0
2014-03-01,5.7,92,100,12.1,2.03,38.5,6.0
2014-03-02,10.8,81,65,9.3,11.26,2.5,13.0
2014-03-03,7.5,91,98,7.2,3.01,9.4,10.0
2014-03-04,13.3,75,95,10.3,10.95,4.8,15.0
2014-03-05,14.9,70,28,11.7,15.43,0.0,16.0
2014-03-06,15.4,52,1,13.0,15.81,0.0,18.0
2014-03-07,15.9,66,0,8.7,15.92,0.0,17.0
2014-03-08,15.2,75,3,9.5,15.89,0.0,16.0
2014-03-09,15.7,74,10,8.4,14.73,0.0,16.0
2014-03-10,12.5,74,46,11.4,9.9,0.0,14.0
2014-03-11,13.2,74,65,7.2,11.3,0.0,14.0
2014-03-12,16.7,71,6,7.6,16.16,0.0,17.0
2014-03-13,17.7,72,0,7.4,16.91,0.0,18.0
2014-03-14,17.8,72,0,6.5,17.1,0.0,19.0
2014-03-15,19.3,74,50,8.3,15.92,0.0,18.0
2014-03-16,21.0,56,7,13.7,17.79,0.0,24.0
2014-03-17,21.9,67,0,9.2,18.2,0.0,25.0
2014-03-18,17.4,83,61,8.9,13.1,0.0,18.0
2014-03-19,20.9,68,21,9.3,18.45,0.0,23.0
2014-03-20,18.6,71,50,10.2,14.33,0.0,19.0
2014-03-21,16.2,77,86,7.2,11.4,0.6,18.0
2014-03-22,12.9,88,94,12.2,4.17,27.0,13.0
2014-03-23,9.5,73,98,14.2,5.6,29.9,10.0
2014-03-24,13.3,40,69,15.5,18.21,0.0,15.0
2014-03-25,11.0,70,77,10.1,14.95,1.2,11.0
2014-03-26,10.1,78,96,8.0,10.59,4.6,9.0
2014-03-27,12.5,64,98,10.3,12.99,0.0,14.0
2014-03-28,16.6,65,29,7.2,20.47,0.0,18.0
2014-03-29,17.2,67,62,10.1,17.9,0.0,19.0
2014-03-30,18.6,65,67,8.6,20.36,0.0,20.0
2014-03-31,19.1,66,83,8.7,20.26,0.0,20.0
2014-04-01,17.7,72,66,9.4,17.36,0.0,18.0
2014-04-02,15.0,78,75,7.2,9.05,0.0,18.0
2014-04-03,17.5,69,98,8.2,13.26,0.2,16.0
2014-04-04,16.6,80,88,11.3,15.42,1.3,16.0
2014-04-05,20.1,79,77,10.7,19.29,2.3,21.0
2014-04-06,21.6,73,26,7.9,21.92,0.0,22.0
2014-04-07,21.3,72,49,9.4,18.78,0.0,23.0
2014-04-08,17.9,79,77,6.1,9.56,2.2,19.0
2014-04-09,19.1,56,4,16.3,22.8,0.0,22.0
2014-04-10,20.2,66,10,7.9,22.8,0.0,22.0
2014-04-11,19.8,68,26,8.7,20.93,0.0,21.0
2014-04-12,18.5,76,81,7.3,11.65,0.0,20.0
2014-04-13,19.4,76,64,9.3,16.12,0.4,20.0
2014-04-14,21.1,73,22,8.9,22.4,0.0,23.0
2014-04-15,16.6,43,3,22.9,23.97,0.0,19.0
2014-04-16,15.7,41,4,8.2,24.56,0.0,17.0
2014-04-17,17.0,51,12,7.3,24.89,0.0,18.0
2014-04-18,18.1,57,73,6.5,17.79,2.0,16.0
2014-04-19,13.9,77,89,16.7,9.1,18.4,11.0
2014-04-20,16.7,72,64,6.8,18.0,1.4,18.0
2014-04-21,13.6,86,92,8.3,5.54,16.3,12.0
2014-04-22,18.1,71,63,4.9,19.56,0.0,19.0
2014-04-23,21.2,69,45,6.7,24.93,0.0,22.0
2014-04-24,23.0,66,33,8.3,25.23,0.0,24.0
2014-04-25,21.4,69,97,7.2,20.37,0.0,24.0
2014-04-26,22.9,68,60,10.1,23.72,0.9,24.0
2014-04-27,14.2,85,99,11.3,6.82,22.6,17.0
2014-04-28,11.7,86,100,9.5,4.95,18.4,11.0
2014-04-29,19.4,68,67,8.9,22.45,0.3,20.0
2014-04-30,15.3,83,86,9.4,12.9,12.0,15.0
2014-05-01,20.3,75,60,7.6,23.92,1.2,21.0
2014-05-02,13.9,85,99,7.9,8.04,18.4,14.0
2014-05-03,21.7,71,47,13.8,25.06,0.5,20.0
2014-05-04,20.7,46,7,14.4,27.47,0.0,22.0
2014-05-05,20.5,63,27,8.8,23.77,0.0,21.0
2014-05-06,18.1,72,74,7.2,14.28,0.0,20.0
2014-05-07,17.4,82,78,6.9,9.86,3.4,18.0
2014-05-08,20.1,75,43,6.9,23.17,0.0,21.0
2014-05-09,22.3,69,46,8.6,24.53,0.0,24.0
2014-05-10,23.4,73,63,9.4,21.91,0.0,24.0
2014-05-11,19.2,80,63,13.2,11.56,13.0,23.0
2014-05-12,18.4,54,54,11.5,22.63,0.0,21.0
2014-05-13,18.1,56,45,11.7,24.37,0.0,19.0
2014-05-14,19.4,40,27,20.2,26.2,0.1,22.0
2014-05-15,19.8,35,19,21.6,28.8,0.0,21.0
2014-05-16,21.8,38,65,18.0,27.85,0.0,24.0
2014-05-17,21.8,43,36,14.8,26.36,0.0,22.0
2014-05-18,21.4,59,12,12.0,24.77,0.0,23.0
2014-05-19,19.3,67,49,7.1,19.26,0.0,22.0
2014-05-20,20.6,64,67,7.3,13.34,0.0,22.0
2014-05-21,23.5,61,74,10.1,16.97,0.0,25.0
2014-05-22,20.7,76,80,8.4,10.84,10.7,23.0
2014-05-23,22.9,72,59,15.8,20.31,20.6,24.0
2014-05-24,22.5,64,44,7.1,24.86,0.0,23.0
2014-05-25,23.9,56,81,6.2,24.16,0.0,25.0
2014-05-26,21.6,65,83,7.4,16.24,1.7,22.0
2014-05-27,20.4,77,80,6.3,20.12,7.4,22.0
2014-05-28,22.6,70,37,11.3,25.7,1.0,23.0
2014-05-29,23.2,68,44,6.5,25.54,1.8,24.0
2014-05-30,25.3,55,30,8.4,27.44,0.6,26.0
2014-05-31,21.5,68,65,12.2,17.22,5.8,22.0
2014-06-01,23.0,60,61,8.3,24.75,0.0,23.0
2014-06-02,22.4,63,49,8.0,19.95,0.1,23.0
2014-06-03,23.2,65,62,7.9,23.59,1.6,24.0
2014-06-04,20.6,76,83,6.9,12.08,3.7,21.0
2014-06-05,24.0,64,63,6.8,23.37,0.0,24.0
2014-06-06,25.6,55,60,6.6,19.27,0.0,26.0
2014-06-07,29.3,58,22,8.6,27.8,0.0,28.0
2014-06-08,32.7,52,8,7.9,28.25,0.0,31.0
2014-06-09,33.0,53,39,13.4,27.45,1.0,32.0
2014-06-10,32.9,52,23,8.1,27.32,0.0,32.0
2014-06-11,34.1,47,29,8.7,28.4,0.0,33.0
2014-06-12,34.2,44,63,11.2,27.58,1.7,33.0
2014-06-13,32.4,51,48,7.9,27.0,1.2,30.0
2014-06-14,28.2,66,72,10.9,22.41,23.2,28.0
2014-06-15,21.0,77,99,7.8,11.9,24.9,21.0
2014-06-16,22.0,65,72,7.3,16.67,0.4,24.0
2014-06-17,20.6,71,87,6.8,16.5,2.6,22.0
2014-06-18,23.4,66,75,6.8,22.53,1.4,25.0
2014-06-19,25.7,65,36,8.3,27.66,0.0,27.0
2014-06-20,27.4,62,28,12.8,29.11,0.0,28.0
2014-06-21,26.3,70,42,9.2,21.84,0.1,27.0
2014-06-22,27.7,64,54,8.7,23.21,0.7,28.0
2014-06-23,25.0,76,88,12.5,14.85,2.6,28.0
2014-06-24,25.9,75,80,6.5,20.38,0.5,27.0
2014-06-25,22.4,86,74,11.6,19.09,9.3,23.0
2014-06-26,22.8,84,57,8.9,18.53,5.9,23.0
2014-06-27,24.8,78,68,7.7,21.46,4.4,26.0
2014-06-28,24.2,80,78,10.0,16.09,18.8,24.0
2014-06-29,22.5,83,91,13.6,12.88,50.2,21.0
2014-06-30,24.8,56,22,13.2,29.99,0.0,27.0
2014-07-01,22.6,64,72,8.6,17.19,2.3,24.0
2014-07-02,21.8,80,88,6.3,12.44,16.2,21.0
2014-07-03,26.0,70,24,9.1,28.27,0.0,27.0
2014-07-04,23.7,74,93,12.6,16.14,2.2,22.0
2014-07-05,25.5,75,55,5.9,24.75,0.3,26.0
2014-07-06,26.2,73,39,9.8,21.89,4.8,28.0
2014-07-07,24.6,81,89,9.0,17.62,22.8,27.0
2014-07-08,20.2,80,92,11.7,11.02,37.6,20.0
2014-07-09,23.9,59,44,11.7,26.59,0.5,25.0
2014-07-10,22.8,66,52,8.6,22.5,0.0,24.0
2014-07-11,26.3,67,43,8.9,26.08,0.0,28.0
2014-07-12,25.0,71,78,8.7,23.41,5.7,25.0
2014-07-13,23.5,84,83,6.2,20.68,2.4,25.0
2014-07-14,24.1,84,76,6.2,21.31,4.5,26.0
2014-07-15,27.1,76,26,6.9,26.4,0.0,29.0
2014-07-16,28.4,73,46,8.6,25.02,0.0,29.0
2014-07-17,29.3,74,7,6.8,26.04,0.4,30.0
2014-07-18,29.8,73,14,7.3,25.61,0.0,30.0
2014-07-19,29.1,72,50,6.8,20.54,0.0,31.0
2014-07-20,27.9,67,94,8.3,18.37,1.3,26.0
2014-07-21,23.4,78,94,11.5,13.85,21.1,24.0
2014-07-22,26.1,79,87,5.4,16.96,1.9,25.0
2014-07-23,26.8,84,75,6.6,20.62,10.7,28.0
2014-07-24,21.9,87,84,5.2,10.9,9.4,23.0
2014-07-25,25.3,79,60,6.5,23.23,0.4,26.0
2014-07-26,23.6,77,97,7.2,15.88,10.5,23.0
2014-07-27,26.4,75,69,6.8,24.57,0.0,26.0
2014-07-28,25.3,83,80,8.1,16.21,13.7,28.0
2014-07-29,21.4,89,79,9.8,10.03,46.0,20.0
2014-07-30,23.8,84,82,7.1,17.03,1.1,21.0
2014-07-31,29.0,76,29,6.6,24.42,0.4,29.0
2014-08-01,24.1,84,72,8.3,13.59,13.7,27.0
2014-08-02,23.2,89,85,6.1,11.1,27.5,22.0
2014-08-03,23.8,83,61,6.4,18.45,6.5,24.0
2014-08-04,26.1,80,53,7.9,23.53,0.0,27.0
2014-08-05,26.7,71,25,7.6,24.89,0.1,27.0
2014-08-06,26.0,76,55,7.2,21.6,0.0,27.0
2014-08-07,25.6,80,43,7.9,21.86,3.4,28.0
2014-08-08,25.1,84,60,6.6,15.98,4.5,28.0
2014-08-09,24.9,85,91,5.0,13.68,8.9,27.0
2014-08-10,25.3,84,90,5.2,12.08,5.6,26.0
2014-08-11,26.2,84,85,5.9,13.37,10.4,28.0
2014-08-12,26.0,81,54,6.2,17.38,9.1,28.0
2014-08-13,23.2,90,84,16.3,8.01,52.1,23.0
2014-08-14,25.0,62,15,12.0,24.83,0.0,26.0
2014-08-15,22.2,78,38,8.7,21.6,6.2,24.0
2014-08-16,23.0,69,23,10.7,24.34,0.0,24.0
2014-08-17,22.3,74,30,7.2,23.14,0.0,24.0
2014-08-18,21.0,79,69,7.0,7.84,2.4,24.0
2014-08-19,20.9,86,91,10.0,9.81,22.5,20.0
2014-08-20,21.1,85,72,7.5,12.29,13.8,23.0
2014-08-21,23.3,74,26,8.2,21.58,2.6,25.0
2014-08-22,22.3,84,60,6.1,14.72,4.1,24.0
2014-08-23,22.1,81,65,10.1,16.51,39.9,23.0
2014-08-24,24.0,66,51,9.4,23.75,0.0,25.0
2014-08-25,18.2,81,85,9.0,6.58,4.7,21.0
2014-08-26,19.3,85,84,5.4,5.71,5.3,22.0
2014-08-27,27.3,74,27,8.3,22.37,0.0,28.0
2014-08-28,22.6,80,52,8.4,13.54,4.7,24.0
2014-08-29,24.4,82,77,5.8,14.62,0.0,26.0
2014-08-30,24.9,82,57,6.8,16.56,2.3,27.0
2014-08-31,23.0,86,77,9.4,14.68,8.4,26.0
2014-09-01,23.7,50,8,21.0,23.01,0.0,26.0
2014-09-02,24.3,56,1,14.4,22.47,0.0,26.0
2014-09-03,22.6,73,53,7.9,16.47,0.0,21.0
2014-09-04,25.3,79,59,9.2,17.64,0.5,24.0
2014-09-05,23.4,85,71,7.3,13.95,1.0,22.0
2014-09-06,25.3,79,30,8.7,19.69,0.0,27.0
2014-09-07,25.0,82,51,6.3,17.52,0.2,26.0
2014-09-08,25.2,83,64,6.2,17.21,0.2,27.0
2014-09-09,24.5,89,85,7.2,14.06,5.9,26.0
2014-09-10,23.3,89,64,6.2,15.57,9.3,23.0
2014-09-11,22.1,83,56,8.0,16.42,6.9,23.0
2014-09-12,22.1,75,44,7.6,20.18,0.1,23.0
2014-09-13,23.2,77,8,6.8,19.61,0.0,24.0
2014-09-14,22.5,79,45,6.6,14.58,0.0,24.0
2014-09-15,21.8,87,70,7.5,12.66,1.1,24.0
2014-09-16,22.0,85,66,5.8,13.32,0.8,24.0
2014-09-17,21.1,82,83,8.3,8.96,2.2,23.0
2014-09-18,18.2,85,93,7.2,3.56,4.3,18.0
2014-09-19,18.6,89,99,3.3,2.94,11.5,18.0
2014-09-20,22.2,84,89,6.0,9.7,0.1,23.0
2014-09-21,23.8,84,46,7.7,16.28,0.0,25.0
2014-09-22,23.5,57,14,20.2,18.61,0.0,26.0
2014-09-23,19.9,59,21,15.0,17.84,0.0,22.0
2014-09-24,18.0,74,61,7.6,12.96,0.0,20.0
2014-09-25,20.9,74,32,6.3,17.44,0.0,22.0
2014-09-26,20.6,79,38,6.1,16.17,0.0,21.0
2014-09-27,22.8,84,21,7.2,16.37,0.0,25.0
2014-09-28,21.4,86,63,6.8,8.61,0.4,23.0
2014-09-29,22.2,81,46,8.7,13.77,0.0,24.0
2014-09-30,21.4,81,76,5.9,8.86,0.0,21.0
2014-10-01,21.5,82,67,8.8,11.61,2.6,22.0
2014-10-02,22.3,82,26,6.8,14.87,0.0,24.0
2014-10-03,20.6,82,54,5.8,10.29,0.0,23.0
2014-10-04,18.7,81,51,6.1,8.05,0.0,21.0
2014-10-05,19.3,81,79,5.5,8.83,0.2,21.0
2014-10-06,17.6,83,79,6.2,7.13,7.4,20.0
2014-10-07,14.8,91,98,7.4,1.63,8.8,15.0
2014-10-08,16.3,92,97,5.4,2.28,11.3,16.0
2014-10-09,18.8,92,86,5.8,6.42,6.9,19.0
2014-10-10,18.5,93,97,8.4,3.13,7.1,20.0
2014-10-11,17.8,97,96,8.7,2.13,37.7,19.0
2014-10-12,19.7,90,95,7.2,6.28,9.3,19.0
2014-10-13,17.3,97,100,14.0,1.55,75.1,18.0
2014-10-14,18.3,86,95,7.3,6.52,10.5,19.0
2014-10-15,19.6,79,86,6.9,8.42,1.1,21.0
2014-10-16,19.9,85,83,6.1,9.14,0.0,21.0
2014-10-17,21.8,82,50,6.6,11.44,0.0,23.0
2014-10-18,21.5,87,39,8.7,10.66,0.0,23.0
2014-10-19,21.0,86,49,8.3,7.71,0.0,23.0
2014-10-20,20.3,90,86,5.9,7.87,0.0,21.0
2014-10-21,21.0,89,72,7.6,9.77,1.3,22.0
2014-10-22,15.2,36,9,28.7,12.85,2.9,17.0
2014-10-23,18.0,52,4,19.9,12.56,0.0,21.0
2014-10-24,18.4,67,4,10.1,12.27,0.0,21.0
2014-10-25,14.7,81,71,7.1,5.2,0.0,16.0
2014-10-26,14.5,84,70,5.6,4.95,0.0,16.0
2014-10-27,13.3,78,74,5.9,4.88,0.2,14.0
2014-10-28,12.5,77,44,4.8,4.65,0.0,15.0
2014-10-29,13.4,77,28,5.9,7.77,0.0,15.0
2014-10-30,14.3,86,28,5.7,8.58,0.0,15.0
2014-10-31,15.2,86,52,5.4,8.87,0.0,17.0
2014-11-01,17.1,87,53,7.2,9.32,0.0,18.0
2014-11-02,16.5,88,77,8.6,9.49,0.0,18.0
2014-11-03,14.3,92,90,12.1,3.88,11.7,15.0
2014-11-04,13.9,91,96,23.0,1.97,42.3,15.0
2014-11-05,13.1,96,100,19.8,0.84,106.7,14.0
2014-11-06,12.4,85,87,10.2,3.18,9.1,13.0
2014-11-07,15.2,85,70,7.3,5.61,0.1,17.0
2014-11-08,15.9,84,57,8.6,7.94,0.1,18.0
2014-11-09,13.7,91,99,6.6,3.95,8.9,15.0
2014-11-10,12.0,92,100,7.9,0.54,54.4,13.0
2014-11-11,12.7,95,100,8.2,0.79,53.4,14.0
2014-11-12,12.4,93,100,10.1,0.53,78.9,14.0
2014-11-13,16.6,82,51,10.9,8.24,7.7,17.0
2014-11-14,14.5,89,84,8.7,3.41,1.4,15.0
2014-11-15,11.9,92,100,10.1,0.59,83.8,13.0
2014-11-16,13.1,85,86,7.0,5.74,21.0,15.0
2014-11-17,9.5,92,100,11.6,1.02,37.3,10.0
2014-11-18,11.8,83,53,9.7,7.82,1.4,13.0
2014-11-19,12.2,85,48,8.3,7.68,0.0,13.0
2014-11-20,11.8,84,51,8.6,7.4,0.0,12.0
2014-11-21,11.5,87,77,6.9,6.58,0.0,12.0
2014-11-22,12.2,87,60,6.8,6.54,0.0,13.0
2014-11-23,12.7,87,75,8.0,5.49,0.0,13.0
2014-11-24,13.2,90,81,7.6,6.11,0.0,13.0
2014-11-25,13.7,90,69,8.0,5.36,0.9,13.0
2014-11-26,10.2,93,100,4.2,0.66,2.9,9.0
2014-11-27,8.5,94,100,4.6,0.53,7.9,7.0
2014-11-28,10.2,92,100,7.4,0.81,15.1,10.0
2014-11-29,14.4,85,95,8.6,3.6,1.2,13.0
2014-11-30,11.9,89,100,7.3,1.36,8.0,12.0
2014-12-01,12.0,92,100,8.1,0.88,35.6,14.0
2014-12-02,11.0,94,96,6.5,1.11,2.2,12.0
2014-12-03,12.0,87,94,4.8,4.13,2.8,10.0
2014-12-04,9.5,89,99,4.3,0.84,2.2,10.0
2014-12-05,11.6,87,68,5.5,4.29,0.0,10.0
2014-12-06,11.7,88,79,5.8,4.5,0.7,13.0
2014-12-07,9.5,94,63,6.9,5.21,0.6,10.0
2014-12-08,10.1,87,56,6.7,5.73,0.4,6.0
2014-12-09,9.7,78,49,10.9,5.99,2.5,10.0
2014-12-10,9.1,70,26,10.4,5.89,0.0,7.0
2014-12-11,8.0,82,30,5.9,5.79,0.0,10.0
2014-12-12,7.9,83,45,7.2,4.58,0.0,8.0
2014-12-13,8.3,84,96,5.4,1.78,0.0,7.0
2014-12-14,8.2,93,100,4.7,0.69,3.1,7.0
2014-12-15,9.7,92,98,4.3,1.72,2.3,8.0
2014-12-16,9.1,93,88,6.5,1.2,9.2,10.0
2014-12-17,8.6,91,68,7.6,3.02,0.0,9.0
2014-12-18,10.0,87,51,9.0,4.0,0.0,11.0
2014-12-19,9.9,94,48,7.7,4.8,0.0,12.0
2014-12-20,12.4,90,43,9.8,5.66,0.0,5.0
2014-12-21,10.6,72,6,12.6,5.9,0.0,12.0
2014-12-22,8.9,89,39,7.2,5.62,0.0,10.0
2014-12-23,9.0,95,70,5.4,4.9,0.0,9.0
2014-12-24,7.9,93,99,6.6,2.34,0.0,5.0
2014-12-25,8.8,92,57,9.0,5.18,0.0,11.0
2014-12-26,8.9,55,15,17.0,6.48,0.0,11.0
2014-12-27,1.7,82,85,9.2,1.6,4.8,3.0
2014-12-28,7.8,63,48,18.1,6.36,0.0,10.0
2014-12-29,6.2,45,16,17.7,6.49,0.0,9.0
2014-12-30,4.5,65,6,10.8,6.54,0.0,5.0
2014-12-31,0.5,83,61,10.0,2.68,0.0,
2015-01-01,4.3,79,17,5.8,6.25,0.0,6.0
2015-01-02,8.8,88,78,7.3,6.05,0.0,8.0
2015-01-03,10.2,88,57,7.3,5.57,0.0,9.0
2015-01-04,13.9,67,6,17.4,6.37,0.0,17.0
2015-01-05,9.5,69,7,11.3,6.69,0.0,12.0
2015-01-06,9.0,83,15,6.7,6.56,0.0,8.0
2015-01-07,6.4,91,44,7.0,5.91,0.0,8.0
2015-01-08,6.9,91,43,7.0,5.58,0.0,9.0
2015-01-09,9.2,85,67,8.8,4.89,0.0,11.0
2015-01-10,13.9,88,79,10.0,5.68,0.0,16.0
2015-01-11,12.9,71,35,20.2,6.79,0.0,15.0
2015-01-12,10.4,65,9,10.8,7.07,0.0,14.0
2015-01-13,8.6,84,68,6.2,2.96,0.3,7.0
2015-01-14,8.4,90,85,6.1,2.57,1.3,10.0
2015-01-15,6.9,89,81,8.7,1.58,1.8,6.0
2015-01-16,6.3,95,100,10.4,0.84,44.0,7.0
2015-01-17,8.4,94,96,6.5,1.81,36.6,8.0
2015-01-18,7.0,90,69,6.8,5.62,0.9,9.0
2015-01-19,6.8,82,85,7.2,5.24,0.0,8.0
2015-01-20,5.3,88,86,8.4,2.1,2.4,8.0
2015-01-21,3.0,95,91,9.7,1.12,15.2,4.0
2015-01-22,6.5,92,93,7.5,2.2,13.5,6.0
2015-01-23,11.1,78,33,13.0,8.03,0.0,14.0
2015-01-24,10.2,63,21,15.8,8.16,0.0,12.0
2015-01-25,8.5,38,4,23.3,8.46,0.0,11.0
2015-01-26,7.2,57,63,13.0,7.78,0.0,8.0
2015-01-27,9.7,68,44,10.2,7.64,0.0,8.0
2015-01-28,8.1,61,55,10.0,8.13,0.0,9.0
2015-01-29,5.6,71,96,8.2,5.76,0.8,6.0
2015-01-30,7.3,71,74,9.9,8.68,4.3,9.0
2015-01-31,6.5,71,56,7.3,8.37,0.0,6.0
2015-02-01,8.1,73,52,10.0,9.32,0.0,9.0
2015-02-02,7.8,60,31,10.0,9.82,0.0,10.0
2015-02-03,3.7,80,98,9.1,4.08,0.9,2.0
2015-02-04,5.5,78,100,7.8,4.47,0.3,7.0
2015-02-05,3.8,95,100,5.9,1.4,19.4,4.0
2015-02-06,2.0,98,100,6.5,3.63,13.3,3.0
2015-02-07,5.1,86,76,6.9,4.36,2.9,4.0
2015-02-08,8.4,68,51,25.6,10.38,0.0,10.0
2015-02-09,7.9,63,11,8.9,10.84,0.0,7.0
2015-02-10,11.9,70,1,7.3,10.85,0.0,12.0
2015-02-11,11.6,79,28,6.9,10.77,0.0,11.0
2015-02-12,9.3,86,30,7.3,10.03,0.0,10.0
2015-02-13,6.6,91,100,5.5,2.63,0.4,8.0
2015-02-14,4.2,95,100,7.2,1.67,16.7,4.0
2015-02-15,5.0,94,100,9.7,1.34,32.0,4.0
2015-02-16,11.1,73,97,11.6,7.03,1.5,10.0
2015-02-17,12.6,73,54,8.6,11.41,0.0,13.0
2015-02-18,8.6,73,50,6.3,6.59,0.0,11.0
2015-02-19,10.2,80,40,6.2,12.22,0.0,11.0
2015-02-20,9.3,82,59,7.6,11.36,0.0,10.0
2015-02-21,4.9,95,99,9.3,2.07,25.8,6.0
2015-02-22,10.1,80,61,10.0,11.34,17.0,12.0
2015-02-23,10.5,72,48,9.1,9.36,0.0,11.0
2015-02-24,10.1,64,97,16.3,5.11,0.0,11.0
2015-02-25,12.1,44,41,14.9,13.21,0.0,14.0
2015-02-26,11.2,64,4,11.2,14.07,0.0,12.0
2015-02-27,10.1,77,85,7.0,8.15,0.0,12.0
2015-02-28,9.1,72,80,10.1,6.43,1.0,12.0
2015-03-01,10.8,76,84,6.1,10.27,0.0,14.0
2015-03-02,12.8,81,69,10.5,7.99,0.7,13.0
2015-03-03,13.2,62,24,13.3,14.17,0.0,15.0
2015-03-04,10.9,62,87,19.9,6.69,0.0,12.0
2015-03-05,10.6,30,31,31.9,16.01,0.0,13.0
2015-03-06,11.4,50,0,12.5,15.79,0.0,13.0
2015-03-07,9.9,66,32,10.0,14.97,0.0,12.0
2015-03-08,11.4,70,43,8.7,15.65,0.0,14.0
2015-03-09,11.4,73,51,8.1,14.4,0.0,11.0
2015-03-10,14.3,73,43,7.2,16.03,0.0,16.0
2015-03-11,17.3,71,23,10.9,16.51,0.0,19.0
2015-03-12,13.2,58,3,9.3,17.01,0.0,15.0
2015-03-13,13.8,68,28,6.9,16.77,0.0,15.0
2015-03-14,11.7,67,80,6.9,11.79,0.0,12.0
2015-03-15,9.9,77,97,8.1,6.42,5.4,12.0
2015-03-16,8.0,90,100,8.3,3.13,20.7,7.0
2015-03-17,10.7,87,93,8.6,3.69,9.5,11.0
2015-03-18,15.7,79,31,7.3,17.33,0.0,14.0
2015-03-19,16.3,79,25,7.4,17.17,0.0,15.0
2015-03-20,13.5,73,71,6.5,7.61,0.0,15.0
2015-03-21,12.2,78,83,7.7,7.43,1.3,14.0
2015-03-22,9.9,85,89,9.2,5.49,7.0,9.0
2015-03-23,14.4,72,38,8.3,12.4,0.0,15.0
2015-03-24,12.6,78,69,9.2,8.38,2.0,12.0
2015-03-25,12.7,85,100,11.3,5.63,13.0,13.0
2015-03-26,14.7,82,92,7.4,12.01,0.0,15.0
2015-03-27,17.1,58,9,22.6,20.79,0.0,20.0
2015-03-28,16.7,51,13,11.9,20.6,0.0,19.0
2015-03-29,17.2,67,57,7.4,16.89,0.0,19.0
2015-03-30,19.1,70,78,14.2,15.63,0.7,22.0
2015-03-31,20.7,65,24,16.8,18.58,0.0,23.0
2015-04-01,15.1,32,1,23.0,22.23,0.0,17.0
2015-04-02,15.9,47,9,9.5,19.16,0.0,18.0
2015-04-03,13.8,59,51,11.8,17.64,0.0,16.0
2015-04-04,11.5,70,96,10.7,12.44,0.5,13.0
2015-04-05,10.0,81,74,10.0,14.54,8.0,11.0
2015-04-06,13.9,59,8,14.2,22.62,0.5,15.0
2015-04-07,13.6,40,0,12.8,23.4,0.0,15.0
2015-04-08,17.4,58,0,8.3,23.08,0.0,20.0
2015-04-09,18.2,59,0,7.3,22.86,0.0,20.0
2015-04-10,19.1,63,35,7.0,22.56,0.0,20.0
2015-04-11,18.3,58,9,6.9,23.23,0.0,20.0
2015-04-12,20.3,70,43,5.2,22.59,0.0,22.0
2015-04-13,23.4,68,2,7.3,23.58,0.0,25.0
2015-04-14,24.3,55,83,10.9,23.46,0.0,26.0
2015-04-15,22.8,62,17,7.2,23.63,0.0,25.0
2015-04-16,20.2,69,65,9.9,17.2,0.0,20.0
2015-04-17,15.5,82,71,6.4,8.43,7.0,16.0
2015-04-18,19.8,77,57,17.4,21.1,5.4,20.0
2015-04-19,14.0,62,76,8.9,15.97,1.8,15.0
2015-04-20,18.9,64,2,9.6,24.61,0.0,20.0
2015-04-21,22.1,62,0,10.7,25.14,0.0,23.0
2015-04-22,23.4,60,6,11.5,24.95,0.0,25.0
2015-04-23,20.2,69,26,12.1,20.34,0.2,21.0
2015-04-24,21.2,69,29,8.7,22.82,0.0,21.0
2015-04-25,16.4,74,95,8.0,6.6,2.5,16.0
2015-04-26,16.7,83,99,6.1,7.57,10.1,17.0
2015-04-27,14.0,92,99,13.0,3.26,43.1,14.0
2015-04-28,20.7,63,69,22.3,22.16,0.0,22.0
2015-04-29,17.3,61,79,16.3,16.14,9.7,18.0
2015-04-30,17.9,75,85,9.0,19.98,8.6,18.0
2015-05-01,14.0,87,99,8.1,4.86,11.6,14.0
2015-05-02,21.0,75,81,10.1,20.49,1.6,21.0
2015-05-03,18.2,84,99,5.6,7.08,1.7,16.0
2015-05-04,18.2,86,100,5.7,5.38,2.7,20.0
2015-05-05,20.8,82,90,8.6,12.73,2.3,22.0
2015-05-06,22.0,80,58,8.6,19.8,6.6,24.0
2015-05-07,21.9,76,38,9.0,22.06,2.2,24.0
2015-05-08,19.9,84,67,8.3,12.11,12.1,23.0
2015-05-09,24.9,70,52,8.1,24.43,0.0,26.0
2015-05-10,24.3,52,11,12.0,27.3,0.0,26.0
2015-05-11,25.2,68,76,7.3,26.17,0.0,26.0
2015-05-12,24.5,69,94,6.0,23.05,0.0,26.0
2015-05-13,25.2,71,67,10.3,23.06,0.0,26.0
2015-05-14,25.0,76,49,13.4,24.31,2.3,27.0
2015-05-15,16.1,87,95,14.1,8.27,83.1,18.0
2015-05-16,23.4,71,30,8.6,27.04,0.3,24.0
2015-05-17,24.5,68,22,9.4,26.57,0.0,26.0
2015-05-18,23.1,76,59,7.1,18.14,0.9,26.0
2015-05-19,21.6,80,84,6.8,13.03,13.5,23.0
2015-05-20,19.8,68,88,13.6,18.48,10.8,19.0
2015-05-21,18.3,60,91,16.1,19.62,7.4,17.0
2015-05-22,21.7,59,58,11.1,26.12,0.1,22.0
2015-05-23,20.8,67,92,17.9,20.37,0.3,21.0
2015-05-24,20.4,73,46,8.7,24.09,0.0,21.0
2015-05-25,22.8,70,29,7.9,25.41,0.3,23.0
2015-05-26,21.6,75,36,8.7,26.61,2.2,22.0
2015-05-27,23.2,49,4,13.4,29.11,0.0,23.0
2015-05-28,21.5,67,35,8.0,25.49,0.0,23.0
2015-05-29,21.5,69,46,9.7,20.17,0.0,24.0
2015-05-30,21.9,76,45,10.2,22.48,0.3,24.0
2015-05-31,21.2,83,87,6.1,14.31,4.6,22.0
2015-06-01,22.3,82,90,6.0,14.47,2.6,25.0
2015-06-02,25.0,71,28,5.4,22.85,0.0,28.0
2015-06-03,28.1,69,10,5.4,27.46,0.0,29.0
2015-06-04,30.0,68,20,9.3,27.76,0.0,31.0
2015-06-05,29.6,70,35,7.6,25.28,0.0,32.0
2015-06-06,31.0,63,42,9.4,27.43,0.4,31.0
2015-06-07,30.4,61,42,10.4,24.3,0.6,31.0
2015-06-08,28.3,66,75,11.3,24.75,8.1,29.0
2015-06-09,23.6,76,79,6.4,14.54,4.5,24.0
2015-06-10,25.4,73,87,8.0,20.65,5.3,26.0
2015-06-11,27.1,71,38,9.7,24.35,0.2,29.0
2015-06-12,24.0,72,72,7.9,15.18,4.4,25.0
2015-06-13,23.8,82,91,9.1,13.86,17.0,24.0
2015-06-14,20.6,87,93,9.3,10.01,33.3,19.0
2015-06-15,23.5,85,81,8.0,21.42,10.7,26.0
2015-06-16,23.1,85,98,6.9,17.46,13.4,24.0
2015-06-17,23.3,83,54,8.7,23.36,1.0,25.0
2015-06-18,24.2,71,60,7.1,24.29,0.0,26.0
2015-06-19,26.2,72,52,7.3,25.73,1.1,27.0
2015-06-20,23.5,70,31,7.5,26.36,1.1,26.0
2015-06-21,23.4,66,59,6.3,25.12,0.0,25.0
2015-06-22,22.9,75,83,7.4,16.47,1.7,25.0
2015-06-23,25.3,67,58,13.7,25.7,5.6,27.0
2015-06-24,22.5,61,33,16.2,27.59,0.3,24.0
2015-06-25,23.7,64,47,5.4,22.78,0.0,25.0
2015-06-26,26.3,70,43,5.9,26.89,0.0,27.0
2015-06-27,27.0,69,39,8.0,23.42,0.0,29.0
2015-06-28,28.3,67,22,6.9,27.45,0.0,30.0
2015-06-29,27.8,63,77,6.3,20.78,0.1,29.0
2015-06-30,28.7,65,48,6.8,22.08,0.0,30.0
2015-07-01,30.1,64,38,7.6,22.06,0.0,31.0
2015-07-02,32.1,65,33,7.1,26.82,0.0,32.0
2015-07-03,32.8,67,61,14.0,23.13,0.5,33.0
2015-07-04,33.7,67,41,7.8,25.56,0.0,33.0
2015-07-05,33.1,68,63,8.1,23.01,0.9,34.0
2015-07-06,32.7,65,64,8.0,22.36,0.8,34.0
2015-07-07,31.9,67,82,10.5,17.2,2.7,34.0
2015-07-08,26.5,73,39,11.0,18.34,10.7,33.0
2015-07-09,27.4,52,26,17.1,22.93,2.4,30.0
2015-07-10,28.4,52,19,7.4,26.7,0.0,30.0
2015-07-11,30.1,60,8,7.1,26.79,0.0,30.0
2015-07-12,31.6,58,44,6.2,24.12,0.0,32.0
2015-07-13,32.3,57,69,9.3,23.0,0.0,34.0
2015-07-14,32.2,61,21,6.2,25.31,0.0,33.0
2015-07-15,31.8,60,47,8.4,21.46,2.2,34.0
2015-07-16,31.5,63,78,10.8,19.4,1.2,35.0
2015-07-17,32.4,65,59,9.0,21.55,0.3,34.0
2015-07-18,33.8,59,77,8.0,22.82,0.0,34.0
2015-07-19,32.1,59,50,7.6,21.27,0.6,33.0
2015-07-20,33.6,59,26,6.4,25.25,0.3,34.0
2015-07-21,34.7,58,32,7.1,25.65,0.2,35.0
2015-07-22,34.2,59,37,9.7,22.74,0.4,36.0
2015-07-23,34.2,48,42,7.4,25.6,0.0,35.0
2015-07-24,30.0,67,60,11.0,17.13,10.8,33.0
2015-07-25,28.4,69,39,16.2,22.3,13.6,31.0
2015-07-26,25.0,55,65,17.4,16.97,3.9,29.0
2015-07-27,28.9,62,45,9.2,21.15,1.3,32.0
2015-07-28,28.9,62,44,6.3,20.79,0.8,31.0
2015-07-29,28.4,67,54,9.8,17.32,2.4,29.0
2015-07-30,26.8,72,55,8.1,23.09,1.5,28.0
2015-07-31,21.2,79,93,9.7,7.41,9.0,27.0
2015-08-01,22.0,70,99,9.7,8.34,5.2,21.0
2015-08-02,27.2,70,26,4.4,24.16,0.6,29.0
2015-08-03,30.1,71,26,6.9,23.65,0.0,31.0
2015-08-04,29.7,70,68,6.8,17.52,0.7,32.0
2015-08-05,31.0,68,29,7.8,22.84,0.0,34.0
2015-08-06,33.4,55,25,8.7,23.97,0.0,35.0
2015-08-07,34.6,55,15,9.5,23.54,0.0,35.0
2015-08-08,34.9,56,42,11.4,23.71,1.4,35.0
2015-08-09,30.1,65,97,8.8,17.34,13.5,32.0
2015-08-10,27.5,76,79,10.7,14.71,7.2,27.0
2015-08-11,30.3,63,31,12.0,23.74,0.0,32.0
2015-08-12,31.7,61,17,7.3,24.36,0.0,33.0
2015-08-13,32.0,64,24,10.2,22.48,0.0,34.0
2015-08-14,26.2,71,67,10.2,14.04,9.9,25.0
2015-08-15,23.8,82,79,8.8,14.4,10.5,22.0
2015-08-16,24.4,74,72,6.5,20.57,6.5,26.0
2015-08-17,26.3,66,33,6.4,22.19,0.6,27.0
2015-08-18,24.1,77,60,6.6,18.19,12.6,25.0
2015-08-19,23.3,81,56,6.8,20.35,12.6,25.0
2015-08-20,25.6,70,34,7.6,22.47,0.0,28.0
2015-08-21,24.3,75,40,7.8,17.37,2.7,26.0
2015-08-22,23.9,69,66,6.3,14.82,0.0,26.0
2015-08-23,21.2,74,96,6.1,7.03,6.2,21.0
2015-08-24,19.2,90,97,8.4,3.43,33.8,19.0
2015-08-25,24.4,83,53,5.7,18.3,6.7,26.0
2015-08-26,24.9,83,35,7.4,17.64,0.3,28.0
2015-08-27,26.0,76,33,8.7,16.71,0.0,29.0
2015-08-28,27.8,73,34,8.4,20.52,0.0,30.0
2015-08-29,29.3,75,8,6.9,21.77,0.0,31.0
2015-08-30,29.9,73,4,8.1,21.11,0.0,31.0
2015-08-31,29.1,69,7,7.8,21.08,0.0,31.0
2015-09-01,26.7,75,62,8.1,16.96,4.8,28.0
2015-09-02,24.1,81,54,6.8,16.13,4.2,27.0
2015-09-03,21.9,84,73,7.2,8.14,17.8,24.0
2015-09-04,23.1,76,44,8.1,17.89,1.8,25.0
2015-09-05,21.9,69,48,12.1,16.81,5.7,22.0
2015-09-06,22.4,52,3,11.7,21.6,0.0,24.0
2015-09-07,21.8,67,20,9.7,18.69,0.0,24.0
2015-09-08,20.8,66,35,6.4,15.29,0.0,23.0
2015-09-09,21.4,72,44,6.7,14.34,0.0,23.0
2015-09-10,19.4,65,67,6.9,9.0,0.7,22.0
2015-09-11,19.2,68,87,8.9,7.65,1.3,21.0
2015-09-12,20.1,78,94,7.2,7.29,0.7,22.0
2015-09-13,18.3,88,95,9.1,2.88,38.2,18.0
2015-09-14,20.8,88,92,7.3,7.6,51.4,21.0
2015-09-15,20.8,83,97,10.2,8.15,9.9,23.0
2015-09-16,19.9,90,98,10.8,3.36,28.0,17.0
2015-09-17,24.3,85,77,14.5,8.98,25.0,26.0
2015-09-18,21.7,82,43,10.8,13.64,18.2,26.0
2015-09-19,22.9,70,23,9.7,14.25,0.0,25.0
2015-09-20,23.4,58,5,13.3,18.71,0.0,26.0
2015-09-21,21.7,74,6,7.6,14.98,0.0,23.0
2015-09-22,18.4,78,93,8.8,6.56,1.1,19.0
2015-09-23,15.8,79,87,18.8,4.13,34.4,15.0
2015-09-24,21.0,61,10,12.7,18.17,0.0,22.0
2015-09-25,22.5,73,20,10.5,17.22,0.0,24.0
2015-09-26,21.3,78,35,6.9,16.14,0.0,23.0
2015-09-27,17.7,82,88,9.0,3.56,0.5,20.0
2015-09-28,16.2,66,72,6.4,7.78,0.3,18.0
2015-09-29,16.4,66,68,10.9,9.97,0.5,17.0
2015-09-30,16.6,70,55,9.4,9.56,0.7,18.0
2015-10-01,15.8,64,79,8.9,12.27,0.5,16.0
2015-10-02,16.1,79,99,6.6,2.81,9.9,14.0
2015-10-03,14.7,89,100,6.6,2.31,23.9,16.0
2015-10-04,18.4,83,94,8.5,9.61,25.7,19.0
2015-10-05,19.6,80,85,6.6,13.35,2.0,20.0
2015-10-06,16.7,88,93,7.6,1.92,3.7,17.0
2015-10-07,21.3,85,36,8.8,13.93,3.7,21.0
2015-10-08,20.1,82,48,6.3,12.53,0.6,22.0
2015-10-09,18.6,85,87,7.1,7.72,1.7,19.0
2015-10-10,19.7,81,73,8.3,12.09,0.8,20.0
2015-10-11,18.9,83,74,6.6,13.23,0.0,21.0
2015-10-12,16.6,84,85,5.4,4.02,0.0,19.0
2015-10-13,13.8,95,99,7.9,1.43,13.5,15.0
2015-10-14,17.2,82,71,8.8,10.53,17.4,18.0
2015-10-15,13.4,84,92,10.8,5.72,25.5,13.0
2015-10-16,14.3,77,55,9.0,12.6,1.9,15.0
2015-10-17,12.6,80,68,5.4,7.2,0.2,14.0
2015-10-18,12.6,81,98,4.6,4.34,0.7,13.0
2015-10-19,16.1,79,34,6.2,12.16,0.0,16.0
2015-10-20,15.2,77,58,8.7,12.48,0.0,15.0
2015-10-21,14.3,82,44,8.3,11.21,0.0,15.0
2015-10-22,14.0,81,20,9.0,12.02,0.0,16.0
2015-10-23,15.6,83,19,6.8,10.22,0.0,17.0
2015-10-24,17.0,85,93,9.4,10.7,0.0,18.0
2015-10-25,17.4,86,98,5.4,8.72,0.0,16.0
2015-10-26,17.7,85,42,8.3,11.05,0.0,19.0
2015-10-27,16.7,82,55,8.6,10.62,0.0,16.0
2015-10-28,12.2,90,100,6.5,1.1,19.8,12.0
2015-10-29,16.9,83,65,11.8,9.84,9.7,16.0
2015-10-30,18.6,86,27,7.7,10.17,0.0,20.0
2015-10-31,16.2,86,54,7.6,8.52,0.0,18.0
2015-11-01,16.2,84,35,7.3,9.73,0.0,17.0
2015-11-02,15.5,84,35,6.1,9.32,0.0,16.0
2015-11-03,14.1,87,89,7.6,8.16,0.6,14.0
2015-11-04,16.1,83,46,6.4,6.96,0.0,17.0
2015-11-05,16.5,89,48,8.6,9.49,0.0,18.0
2015-11-06,17.4,88,47,7.6,9.12,0.0,19.0
2015-11-07,19.0,86,44,8.3,9.17,0.0,20.0
2015-11-08,19.1,87,45,7.2,8.91,0.0,20.0
2015-11-09,17.2,89,28,6.8,8.54,0.0,19.0
2015-11-10,18.7,87,55,6.1,9.03,0.0,22.0
2015-11-11,15.8,93,47,5.9,8.07,0.0,19.0
2015-11-12,16.1,89,88,6.6,7.14,0.0,19.0
2015-11-13,15.5,88,38,6.8,8.04,0.0,18.0
2015-11-14,13.7,93,91,8.3,7.17,0.0,9.0
2015-11-15,14.9,90,67,6.1,6.97,0.0,12.0
2015-11-16,16.3,89,22,6.1,7.96,0.0,10.0
2015-11-17,13.3,94,74,5.8,6.63,0.0,8.0
2015-11-18,14.6,95,55,6.6,6.88,0.0,10.0
2015-11-19,12.6,97,89,6.6,5.98,0.0,11.0
2015-11-20,12.8,94,99,6.8,3.95,2.9,13.0
2015-11-21,13.9,75,89,11.1,5.58,4.7,13.0
2015-11-22,10.2,54,44,11.4,8.21,0.0,13.0
2015-11-23,6.7,71,38,7.9,6.48,0.0,6.0
2015-11-24,7.1,75,39,10.1,7.39,0.0,9.0
2015-11-25,6.4,73,61,5.7,7.04,0.0,7.0
2015-11-26,11.0,68,16,19.1,7.56,0.0,13.0
2015-11-27,9.3,66,0,11.6,7.56,0.0,12.0
2015-11-28,8.6,84,21,7.5,5.76,0.0,9.0
2015-11-29,8.9,81,57,8.3,6.42,0.0,8.0
2015-11-30,11.8,84,24,8.0,7.09,0.0,14.0
2015-12-01,13.3,82,7,8.2,6.83,0.0,14.0
2015-12-02,11.0,89,10,5.4,6.07,0.0,11.0
2015-12-03,10.3,92,52,6.2,6.11,0.0,5.0
2015-12-04,7.8,95,94,6.9,5.33,0.0,4.0
2015-12-05,8.6,94,64,5.1,5.0,0.0,9.0
2015-12-06,8.0,92,65,5.8,4.37,0.0,7.0
2015-12-07,10.0,89,78,8.0,2.94,0.0,9.0
2015-12-08,11.5,88,46,5.9,5.08,0.0,13.0
2015-12-09,10.4,90,45,9.4,5.72,0.0,6.0
2015-12-10,10.8,81,8,8.6,6.47,0.0,8.0
2015-12-11,7.7,91,78,7.9,5.46,0.0,8.0
2015-12-12,8.4,90,57,7.6,5.44,0.0,12.0
2015-12-13,8.3,91,93,7.2,4.18,0.0,10.0
2015-12-14,8.7,87,71,6.1,3.91,0.0,9.0
2015-12-15,9.7,87,72,7.3,5.59,0.0,11.0
2015-12-16,9.8,88,69,6.3,4.66,0.0,11.0
2015-12-17,9.4,92,34,6.2,5.01,0.0,12.0
2015-12-18,10.4,91,55,6.9,5.45,0.0,11.0
2015-12-19,10.1,94,53,6.2,4.62,0.0,12.0
2015-12-20,10.6,89,39,6.8,4.68,0.0,13.0
2015-12-21,8.5,94,89,4.9,0.78,0.0,8.0
2015-12-22,10.7,93,76,7.6,3.77,0.0,11.0
2015-12-23,10.2,91,59,7.3,2.89,0.0,11.0
2015-12-24,8.1,91,98,6.3,0.72,0.1,8.0
2015-12-25,11.0,89,36,6.5,4.14,0.0,10.0
2015-12-26,8.7,91,35,6.5,4.83,0.0,9.0
2015-12-27,8.7,91,50,6.5,5.21,0.0,9.0
2015-12-28,8.5,91,40,6.5,5.4,0.0,8.0
2015-12-29,7.6,93,53,6.5,5.1,0.0,11.0
2015-12-30,8.5,90,56,7.4,5.06,0.0,11.0
2015-12-31,4.3,86,84,5.0,2.04,0.0,6.0
2016-01-01,6.0,89,90,3.8,3.96,0.0,5.0
2016-01-02,2.8,98,97,6.6,0.74,5.6,2.0
2016-01-03,4.8,95,81,7.6,5.11,1.2,3.0
2016-01-04,3.8,92,70,7.6,4.07,7.1,3.0
2016-01-05,4.8,91,71,6.4,3.28,0.0,4.0
2016-01-06,6.7,90,69,6.1,4.99,0.0,8.0
2016-01-07,6.3,90,84,6.6,2.91,2.0,7.0
2016-01-08,6.9,90,82,7.6,4.94,0.0,6.0
2016-01-09,6.4,93,99,5.9,1.08,5.4,5.0
2016-01-10,8.2,94,94,5.8,2.6,1.1,7.0
2016-01-11,9.3,94,95,6.8,1.59,9.9,8.0
2016-01-12,10.6,86,64,7.3,6.27,0.0,14.0
2016-01-13,9.6,69,32,10.6,7.48,0.0,13.0
2016-01-14,6.9,76,69,9.1,4.7,0.0,7.0
2016-01-15,8.0,66,20,15.9,7.68,0.0,10.0
2016-01-16,7.3,46,30,17.4,7.77,0.0,10.0
2016-01-17,6.3,51,9,14.0,7.54,0.0,8.0
2016-01-18,3.3,50,63,8.1,7.15,0.0,5.0
2016-01-19,3.4,54,42,7.9,7.73,0.0,4.0
2016-01-20,3.7,63,14,5.8,7.83,0.0,5.0
2016-01-21,4.2,79,16,7.0,5.58,0.0,5.0
2016-01-22,4.9,83,24,4.8,7.11,0.0,6.0
2016-01-23,7.4,82,35,6.7,8.1,0.0,7.0
2016-01-24,9.6,83,33,5.4,7.93,0.0,9.0
2016-01-25,8.2,91,46,4.8,6.74,0.0,13.0
2016-01-26,9.8,93,81,5.1,6.04,0.0,14.0
2016-01-27,10.1,94,70,5.2,4.9,0.0,14.0
2016-01-28,10.6,90,86,6.6,2.94,0.0,12.0
2016-01-29,12.9,85,44,6.6,7.61,0.0,15.0
2016-01-30,9.4,91,89,6.1,1.66,1.2,9.0
2016-01-31,11.6,89,75,5.6,7.37,1.2,13.0
2016-02-01,15.4,89,90,8.7,6.96,0.0,14.0
2016-02-02,11.0,93,97,4.5,3.39,0.0,9.0
2016-02-03,10.5,82,91,17.2,2.5,2.1,9.0
2016-02-04,10.4,55,9,19.1,9.32,0.0,12.0
2016-02-05,12.2,74,4,9.0,9.81,0.0,12.0
2016-02-06,7.8,88,77,6.5,3.41,1.6,7.0
2016-02-07,5.4,94,99,10.3,0.57,43.0,5.0
2016-02-08,9.3,90,92,9.4,4.55,2.3,10.0
2016-02-09,8.8,93,95,11.5,1.92,17.9,8.0
2016-02-10,10.3,65,24,11.9,11.23,2.6,13.0
2016-02-11,9.3,66,36,11.0,10.76,0.0,11.0
2016-02-12,5.9,82,89,7.2,4.74,4.6,7.0
2016-02-13,7.2,86,68,6.4,6.66,0.0,8.0
2016-02-14,5.9,88,88,7.3,1.86,4.9,5.0
2016-02-15,11.7,82,97,10.2,10.21,0.0,11.0
2016-02-16,8.1,82,97,7.1,4.42,4.7,9.0
2016-02-17,5.1,94,99,6.0,1.86,6.1,6.0
2016-02-18,10.2,81,89,6.5,9.73,0.5,11.0
2016-02-19,13.2,64,43,13.7,12.14,0.0,14.0
2016-02-20,9.8,51,50,13.3,9.1,0.0,12.0
2016-02-21,13.9,66,27,7.9,12.12,0.0,16.0
2016-02-22,12.4,88,85,6.9,7.22,0.3,12.0
2016-02-23,13.9,85,73,6.8,9.19,1.2,11.0
2016-02-24,11.0,60,56,16.3,9.32,0.5,13.0
2016-02-25,8.5,72,78,6.0,7.69,0.4,9.0
2016-02-26,7.8,89,70,9.8,4.82,7.9,9.0
2016-02-27,6.8,91,100,7.9,3.41,14.8,6.0
2016-02-28,7.8,88,100,12.9,1.93,36.2,8.0
2016-02-29,10.5,87,99,11.9,3.33,16.1,10.0
2016-03-01,15.2,66,18,14.0,14.89,0.0,18.0
2016-03-02,13.6,70,83,11.4,12.27,3.1,14.0
2016-03-03,12.1,56,49,12.8,15.12,0.0,14.0
2016-03-04,10.9,57,60,11.0,11.93,0.0,12.0
2016-03-05,6.1,89,97,9.5,2.05,47.4,7.0
2016-03-06,10.6,76,41,8.8,15.47,0.0,8.0
2016-03-07,9.1,70,18,8.4,15.56,0.0,10.0
2016-03-08,10.5,65,56,12.7,14.85,0.0,11.0
2016-03-09,8.2,68,36,8.0,9.32,0.1,11.0
2016-03-10,13.4,66,7,9.5,16.75,0.0,15.0
2016-03-11,13.1,71,70,9.4,15.15,0.0,13.0
2016-03-12,14.6,73,44,7.6,16.23,0.0,15.0
2016-03-13,12.1,76,68,7.6,10.84,2.0,14.0
2016-03-14,11.6,71,61,7.1,8.52,0.0,12.0
2016-03-15,14.0,68,60,12.7,14.36,1.9,13.0
2016-03-16,6.2,85,100,13.7,3.89,17.6,6.0
2016-03-17,12.3,69,45,8.1,13.89,0.1,14.0
2016-03-18,14.8,72,18,8.0,18.5,0.0,17.0
2016-03-19,16.5,70,0,8.7,18.98,0.0,18.0
2016-03-20,15.4,76,21,7.4,17.68,0.0,17.0
2016-03-21,15.8,77,14,7.4,17.55,0.0,18.0
2016-03-22,15.3,77,34,8.1,17.12,0.0,17.0
2016-03-23,14.9,60,29,15.5,18.45,0.6,15.0
2016-03-24,15.7,62,21,8.4,19.94,0.0,17.0
2016-03-25,13.1,70,79,7.4,10.47,0.0,14.0
2016-03-26,17.2,70,5,7.9,19.79,0.0,19.0
2016-03-27,14.4,77,68,8.4,12.24,0.6,17.0
2016-03-28,11.8,90,95,7.8,3.02,3.7,14.0
2016-03-29,16.1,80,73,10.3,12.48,0.4,19.0
2016-03-30,13.5,88,98,9.5,3.91,7.5,15.0
2016-03-31,15.2,83,98,9.8,8.53,3.8,17.0
2016-04-01,17.2,80,83,8.1,11.34,4.1,17.0
2016-04-02,18.5,80,93,6.5,12.12,0.0,21.0
2016-04-03,17.4,79,77,8.4,10.95,1.3,19.0
2016-04-04,15.5,85,98,12.5,5.71,8.7,16.0
2016-04-05,15.9,85,93,7.8,6.92,5.8,18.0
2016-04-06,20.1,76,66,5.6,16.62,0.0,22.0
2016-04-07,18.1,82,64,10.6,13.46,14.7,21.0
2016-04-08,17.1,67,95,13.4,12.6,6.7,19.0
2016-04-09,17.2,69,70,10.1,19.1,1.5,19.0
2016-04-10,18.7,69,35,7.3,20.8,0.0,21.0
2016-04-11,17.1,71,29,10.1,16.45,0.2,20.0
2016-04-12,17.3,68,45,6.2,15.76,0.0,20.0
2016-04-13,16.0,77,61,9.7,9.98,2.2,19.0
2016-04-14,20.3,64,29,8.9,23.46,0.0,22.0
2016-04-15,15.8,76,73,12.4,9.15,1.6,19.0
2016-04-16,16.5,77,86,9.0,8.4,5.8,17.0
2016-04-17,16.8,87,93,10.0,6.66,26.2,19.0
2016-04-18,17.2,82,73,13.3,15.21,15.8,20.0
2016-04-19,19.7,57,12,14.8,25.12,0.7,21.0
2016-04-20,19.8,68,42,7.7,24.94,0.0,21.0
2016-04-21,18.7,66,84,7.6,20.35,0.0,20.0
2016-04-22,20.1,66,74,10.8,21.81,0.0,22.0
2016-04-23,17.8,80,87,6.8,18.17,3.6,18.0
2016-04-24,17.0,46,64,21.2,24.2,0.0,18.0
2016-04-25,14.4,50,32,12.2,26.0,0.0,17.0
2016-04-26,14.2,62,70,9.0,15.93,0.9,16.0
2016-04-27,14.3,49,44,16.8,26.31,0.5,17.0
2016-04-28,13.5,57,61,10.3,20.14,0.9,16.0
2016-04-29,15.5,69,66,7.3,15.32,0.9,18.0
2016-04-30,16.3,66,74,8.8,14.73,3.0,19.0
2016-05-01,12.7,79,94,7.8,14.88,24.3,13.0
2016-05-02,19.5,71,58,9.0,20.54,0.0,19.0
2016-05-03,21.9,53,24,17.5,25.34,0.3,24.0
2016-05-04,21.0,40,1,17.7,27.74,0.0,24.0
2016-05-05,16.9,57,27,12.4,15.88,0.0,20.0
2016-05-06,19.8,63,14,10.2,22.46,0.0,22.0
2016-05-07,19.8,65,32,9.0,21.97,0.0,23.0
2016-05-08,20.8,66,73,9.0,20.84,0.0,22.0
2016-05-09,16.5,81,100,5.5,7.67,6.1,15.0
2016-05-10,16.4,84,100,6.6,4.85,7.4,16.0
2016-05-11,15.2,93,100,10.9,3.12,59.8,14.0
2016-05-12,17.3,90,100,12.5,12.15,17.0,16.0
2016-05-13,17.5,84,99,6.9,14.0,1.4,19.0
2016-05-14,21.4,75,68,8.9,21.33,0.0,22.0
2016-05-15,21.1,56,16,14.6,27.85,0.0,23.0
2016-05-16,16.9,66,51,7.6,23.3,0.8,19.0
2016-05-17,18.9,70,18,9.4,26.99,0.0,21.0
2016-05-18,18.3,68,73,7.2,17.04,0.1,21.0
2016-05-19,15.3,82,92,14.4,9.37,31.7,17.0
2016-05-20,22.0,63,17,9.1,28.35,0.0,24.0
2016-05-21,23.4,65,52,7.3,27.39,0.0,25.0
2016-05-22,23.0,67,32,11.9,25.07,0.0,25.0
2016-05-23,17.4,71,83,15.7,15.43,9.0,18.0
2016-05-24,22.3,59,26,9.6,28.54,0.0,24.0
2016-05-25,21.6,65,42,8.9,26.66,0.0,22.0
2016-05-26,22.9,73,86,4.8,22.65,0.0,26.0
2016-05-27,24.8,69,40,7.2,25.96,0.0,27.0
2016-05-28,24.5,72,62,7.6,20.57,0.8,28.0
2016-05-29,19.0,86,92,12.1,7.18,20.1,19.0
2016-05-30,19.6,87,81,5.5,16.41,17.0,19.0
2016-05-31,19.7,84,89,7.1,15.0,16.2,18.0
2016-06-01,20.8,82,54,6.8,22.44,0.5,21.0
2016-06-02,19.5,86,83,5.2,14.05,5.6,21.0
2016-06-03,20.8,83,78,5.8,19.88,0.3,23.0
2016-06-04,20.4,84,87,5.8,16.99,14.4,22.0
2016-06-05,22.6,83,79,8.0,23.09,1.7,25.0
2016-06-06,24.1,80,71,5.8,25.24,0.1,26.0
2016-06-07,25.7,73,74,8.0,25.14,0.6,27.0
2016-06-08,24.4,81,94,10.3,21.14,7.6,27.0
2016-06-09,23.6,80,64,9.4,22.51,0.0,24.0
2016-06-10,23.0,79,58,7.6,24.21,0.0,25.0
2016-06-11,21.8,83,71,7.2,16.44,12.8,24.0
2016-06-12,23.6,79,80,7.9,25.5,1.7,24.0
2016-06-13,23.4,79,80,7.9,23.85,3.9,25.0
2016-06-14,22.3,86,68,7.6,22.68,23.3,24.0
2016-06-15,20.9,81,70,11.2,17.09,9.2,25.0
2016-06-16,21.8,86,99,17.7,11.27,58.6,21.0
2016-06-17,22.0,79,57,9.5,23.66,20.3,24.0
2016-06-18,20.6,77,69,7.6,21.89,4.0,23.0
2016-06-19,23.1,75,75,9.1,25.04,0.6,25.0
2016-06-20,25.2,57,24,10.9,29.26,0.0,27.0
2016-06-21,25.0,69,61,6.4,22.31,0.0,27.0
2016-06-22,28.0,72,9,7.6,27.99,0.0,30.0
2016-06-23,30.1,73,5,8.4,28.63,0.0,32.0
2016-06-24,30.9,75,22,7.5,28.4,0.0,32.0
2016-06-25,27.8,79,40,10.1,20.89,12.6,27.0
2016-06-26,26.7,70,31,9.4,25.79,6.0,29.0
2016-06-27,28.1,65,15,12.6,29.83,0.0,29.0
2016-06-28,25.3,69,38,7.3,21.53,0.0,28.0
2016-06-29,26.0,70,54,7.4,20.85,0.0,29.0
2016-06-30,25.9,77,63,7.3,18.85,2.6,29.0
2016-07-01,26.2,80,40,6.2,20.02,0.5,30.0
2016-07-02,26.6,79,68,8.4,20.38,7.6,28.0
2016-07-03,27.9,69,25,10.9,28.18,0.1,30.0
2016-07-04,23.1,73,67,9.1,9.76,7.3,27.0
2016-07-05,26.8,78,63,6.9,22.56,0.1,28.0
2016-07-06,29.0,69,28,7.9,27.67,0.0,30.0
2016-07-07,28.2,72,24,8.9,25.4,0.1,31.0
2016-07-08,26.6,77,70,5.9,16.36,4.8,30.0
2016-07-09,30.3,75,23,7.7,25.57,0.0,32.0
2016-07-10,28.8,77,57,8.3,19.79,2.2,32.0
2016-07-11,28.8,74,74,7.7,18.76,0.6,32.0
2016-07-12,27.0,78,77,8.4,15.19,24.2,26.0
2016-07-13,24.0,71,50,19.1,20.17,6.8,28.0
2016-07-14,24.0,43,20,16.5,27.75,0.0,26.0
2016-07-15,25.3,39,7,17.8,29.68,0.0,26.0
2016-07-16,26.1,47,1,15.8,29.26,0.0,27.0
2016-07-17,27.5,61,4,6.7,27.88,0.0,28.0
2016-07-18,29.9,64,10,7.1,27.31,0.0,30.0
2016-07-19,30.2,67,16,7.6,25.87,0.0,31.0
2016-07-20,31.3,69,19,7.2,25.46,0.0,32.0
2016-07-21,29.4,71,59,7.6,19.12,0.2,30.0
2016-07-22,25.0,78,87,6.8,12.14,6.4,25.0
2016-07-23,25.3,76,69,11.3,17.14,10.8,25.0
2016-07-24,29.7,68,73,8.4,25.17,0.5,30.0
2016-07-25,30.3,66,26,5.4,24.55,0.0,31.0
2016-07-26,29.6,68,50,8.7,23.01,0.6,31.0
2016-07-27,28.0,75,60,7.4,21.66,1.5,30.0
2016-07-28,28.9,68,32,5.9,23.98,0.0,30.0
2016-07-29,28.4,69,29,5.9,21.0,0.0,30.0
2016-07-30,29.6,67,39,8.0,21.66,0.0,30.0
2016-07-31,26.5,77,77,6.5,16.0,16.4,28.0
2016-08-01,28.3,70,45,8.9,22.81,0.0,29.0
2016-08-02,26.2,69,82,5.8,16.24,1.3,28.0
2016-08-03,28.2,72,40,6.5,19.38,0.0,30.0
2016-08-04,28.8,75,61,7.2,18.97,17.1,30.0
2016-08-05,23.8,68,80,22.1,19.92,57.1,26.0
2016-08-06,27.1,52,9,12.7,26.38,0.0,28.0
2016-08-07,27.3,60,7,10.1,25.54,0.0,28.0
2016-08-08,27.2,71,15,6.1,23.53,0.0,28.0
2016-08-09,26.3,77,70,9.0,16.81,8.7,28.0
2016-08-10,25.8,56,29,14.5,25.44,0.0,28.0
2016-08-11,23.2,59,20,9.3,25.57,0.0,25.0
2016-08-12,23.9,64,20,6.8,24.48,0.0,25.0
2016-08-13,25.9,74,14,6.4,22.26,0.0,27.0
2016-08-14,28.5,76,36,5.4,21.74,0.0,29.0
2016-08-15,28.4,76,55,8.0,20.3,0.0,30.0
2016-08-16,28.4,73,51,8.3,21.06,1.0,29.0
2016-08-17,28.9,73,40,6.5,21.79,0.2,30.0
2016-08-18,25.8,82,65,7.1,16.97,7.7,28.0
2016-08-19,25.9,78,81,6.9,17.16,1.7,28.0
2016-08-20,23.4,88,91,8.2,6.84,38.5,23.0
2016-08-21,27.7,67,38,15.5,22.7,0.2,28.0
2016-08-22,25.3,55,7,17.1,23.88,0.0,27.0
2016-08-23,26.7,69,0,6.9,23.04,0.0,29.0
2016-08-24,27.7,65,10,6.5,22.4,0.0,29.0
2016-08-25,28.1,69,5,6.4,22.31,0.0,30.0
2016-08-26,28.1,70,20,8.7,20.85,0.0,29.0
2016-08-27,29.1,69,8,8.4,21.37,0.0,30.0
2016-08-28,30.6,67,17,6.9,21.86,0.0,31.0
2016-08-29,29.6,66,46,7.1,18.69,1.0,31.0
2016-08-30,23.4,82,90,9.0,8.5,13.3,24.0
2016-08-31,26.9,67,23,7.2,18.53,0.4,28.0
2016-09-01,28.3,74,34,7.6,18.71,0.0,30.0
2016-09-02,28.0,75,49,6.2,17.92,0.2,30.0
2016-09-03,28.4,74,68,7.9,17.81,0.6,30.0
2016-09-04,28.1,74,82,7.3,14.93,0.0,29.0
2016-09-05,25.4,54,57,14.7,11.92,0.0,30.0
2016-09-06,27.5,48,2,19.9,21.41,0.0,30.0
2016-09-07,26.5,62,11,8.5,18.96,0.0,28.0
2016-09-08,27.4,63,14,7.6,18.92,0.0,29.0
2016-09-09,29.1,68,31,6.2,18.32,0.0,31.0
2016-09-10,29.4,66,47,11.5,18.83,0.0,30.0
2016-09-11,29.5,68,38,8.0,18.5,0.2,30.0
2016-09-12,28.8,66,50,8.6,17.08,0.0,29.0
2016-09-13,28.2,71,26,9.4,18.02,0.0,30.0
2016-09-14,27.9,65,44,9.0,15.86,1.8,30.0
2016-09-15,22.6,84,82,10.2,6.94,31.8,24.0
2016-09-16,22.0,77,59,7.0,13.07,1.8,22.0
2016-09-17,24.4,68,64,9.8,17.49,1.9,24.0
2016-09-18,21.7,76,57,4.9,13.86,4.9,22.0
2016-09-19,25.3,60,39,12.2,18.09,0.0,27.0
2016-09-20,24.2,52,40,11.2,16.85,0.6,25.0
2016-09-21,18.7,85,63,7.6,10.37,9.0,19.0
2016-09-22,20.9,75,66,7.6,12.33,0.3,22.0
2016-09-23,20.8,76,69,5.4,8.65,0.0,23.0
2016-09-24,21.8,75,40,4.8,13.1,0.1,24.0
2016-09-25,22.8,71,7,8.7,16.47,0.0,24.0
2016-09-26,23.4,73,15,6.1,16.17,0.0,25.0
2016-09-27,23.2,74,48,7.6,15.74,0.0,25.0
2016-09-28,23.6,74,27,8.3,15.8,0.0,24.0
2016-09-29,23.5,76,32,5.8,14.77,0.0,25.0
2016-09-30,20.9,75,47,5.2,6.62,0.1,24.0
2016-10-01,19.8,83,95,5.9,5.71,6.6,21.0
2016-10-02,20.7,79,68,7.3,8.91,2.7,22.0
2016-10-03,21.7,54,6,14.1,16.19,0.0,24.0
2016-10-04,20.8,64,4,6.6,15.17,0.0,22.0
2016-10-05,20.4,71,26,12.8,14.67,0.5,21.0
2016-10-06,14.8,61,89,10.2,5.63,2.8,16.0
2016-10-07,17.4,66,58,5.4,13.03,0.0,18.0
2016-10-08,16.3,71,66,6.1,8.09,0.0,18.0
2016-10-09,12.1,87,91,10.8,2.66,18.6,12.0
2016-10-10,14.4,73,60,7.8,11.84,10.5,16.0
2016-10-11,12.9,77,62,5.6,10.09,4.6,13.0
2016-10-12,14.5,70,53,6.5,14.06,0.0,16.0
2016-10-13,10.3,80,100,10.5,2.79,6.0,10.0
2016-10-14,11.8,87,100,11.5,1.19,48.5,12.0
2016-10-15,16.0,88,82,9.5,4.1,13.0,15.0
2016-10-16,18.7,86,85,8.0,11.41,0.0,20.0
2016-10-17,17.8,87,91,9.0,7.48,0.7,17.0
2016-10-18,17.9,86,52,8.0,11.44,0.2,19.0
2016-10-19,14.6,93,85,7.8,4.76,3.7,17.0
2016-10-20,15.5,84,45,12.5,11.22,0.8,18.0
2016-10-21,15.1,79,24,5.9,11.99,0.0,16.0
2016-10-22,11.6,87,80,7.0,3.25,0.9,14.0
2016-10-23,11.1,87,99,6.8,1.18,5.6,11.0
2016-10-24,13.3,90,100,8.0,1.65,6.0,13.0
2016-10-25,14.9,94,99,4.2,2.56,5.3,14.0
2016-10-26,17.4,91,81,7.2,6.57,1.7,16.0
2016-10-27,17.7,85,11,8.0,11.01,0.0,19.0
2016-10-28,14.9,84,51,6.3,5.56,0.0,17.0
2016-10-29,16.9,88,38,4.7,9.37,0.0,18.0
2016-10-30,16.9,89,39,7.6,9.77,0.0,18.0
2016-10-31,15.3,89,65,8.0,6.46,0.0,14.0
2016-11-01,14.9,86,30,6.6,6.76,0.0,12.0
2016-11-02,15.1,88,70,6.6,7.68,0.0,15.0
2016-11-03,15.0,87,46,7.7,8.89,1.9,14.0
2016-11-04,11.4,80,87,5.9,2.75,0.0,14.0
2016-11-05,10.1,88,100,7.3,0.95,18.0,10.0
2016-11-06,12.6,83,72,10.9,3.69,2.2,12.0
2016-11-07,11.8,66,12,12.0,9.78,0.0,14.0
2016-11-08,10.5,72,12,9.0,9.33,0.0,13.0
2016-11-09,8.2,74,65,10.2,5.43,0.0,9.0
2016-11-10,10.1,75,38,6.8,9.05,0.0,12.0
2016-11-11,10.5,81,51,10.1,7.58,0.3,11.0
2016-11-12,11.7,64,7,13.3,9.27,0.0,16.0
2016-11-13,11.8,75,83,7.2,7.24,0.0,12.0
2016-11-14,7.9,86,76,4.7,3.35,0.7,9.0
2016-11-15,7.2,83,59,6.4,3.2,0.0,7.0
2016-11-16,9.7,85,83,7.5,5.67,0.0,9.0
2016-11-17,9.7,87,87,5.3,5.72,0.0,8.0
2016-11-18,8.4,92,100,3.9,1.28,5.5,8.0
2016-11-19,9.9,92,93,7.6,1.28,11.3,9.0
2016-11-20,10.6,91,99,9.4,1.98,5.3,10.0
2016-11-21,10.3,94,100,5.8,0.65,44.1,10.0
2016-11-22,11.4,95,100,6.9,0.65,53.1,12.0
2016-11-23,12.5,93,100,6.3,0.73,43.2,13.0
2016-11-24,12.0,91,100,9.6,1.25,20.3,13.0
2016-11-25,12.2,90,100,10.1,1.07,28.8,12.0
2016-11-26,13.1,90,68,6.1,3.0,5.5,15.0
2016-11-27,11.9,92,64,7.6,6.4,0.0,13.0
2016-11-28,10.9,90,75,13.7,4.99,4.3,12.0
2016-11-29,6.3,52,57,7.0,5.92,0.5,7.0
2016-11-30,7.0,75,22,5.4,6.81,0.0,8.0
2016-12-01,12.0,85,36,7.2,6.94,0.0,13.0
2016-12-02,12.4,90,3,8.0,6.99,0.0,13.0
2016-12-03,7.3,91,89,7.2,1.08,0.6,8.0
2016-12-04,8.0,88,76,9.1,1.64,0.0,9.0
2016-12-05,9.6,85,45,7.9,4.2,0.0,12.0
2016-12-06,10.1,86,17,8.6,6.61,0.0,11.0
2016-12-07,7.8,89,30,9.0,6.0,0.0,10.0
2016-12-08,8.2,91,49,6.8,5.87,0.0,9.0
2016-12-09,8.3,90,68,6.8,5.99,0.0,10.0
2016-12-10,8.6,94,50,7.1,4.99,0.0,12.0
2016-12-11,9.0,95,83,7.7,4.71,0.0,12.0
2016-12-12,10.0,90,36,7.2,5.89,0.0,3.0
2016-12-13,8.7,89,24,7.3,5.89,0.0,2.0
2016-12-14,6.0,93,43,6.2,5.21,0.0,1.0
2016-12-15,6.6,91,41,7.2,5.41,0.0,3.0
2016-12-16,5.3,93,57,7.0,3.58,0.0,5.0
2016-12-17,5.2,95,44,6.2,5.63,0.0,7.0
2016-12-18,5.3,93,54,8.3,5.76,0.0,5.0
2016-12-19,3.3,90,94,11.0,1.53,2.1,4.0
2016-12-20,7.1,87,99,9.7,1.04,7.4,8.0
2016-12-21,10.2,92,52,7.3,3.35,0.4,11.0
2016-12-22,9.9,90,20,9.5,5.91,0.0,12.0
2016-12-23,10.3,88,2,7.2,5.91,0.0,13.0
2016-12-24,10.4,86,60,8.6,5.89,0.0,12.0
2016-12-25,13.1,80,89,9.9,5.82,0.0,11.0
2016-12-26,12.7,85,44,8.1,6.15,0.0,13.0
2016-12-27,13.7,70,2,13.3,6.48,0.0,20.0
2016-12-28,11.4,74,2,10.1,6.48,0.0,13.0
2016-12-29,6.2,78,33,10.8,3.4,0.0,9.0
2016-12-30,5.2,85,42,3.7,4.38,0.0,8.0
2016-12-31,6.4,93,22,7.6,6.26,0.0,8.0
2017-01-01,6.4,81,9,7.2,6.27,0.0,9.0
2017-01-02,7.3,73,54,9.9,5.63,0.0,7.0
2017-01-03,7.9,69,31,23.6,4.18,1.5,9.0
2017-01-04,8.8,70,8,36.3,6.39,0.0,10.0
2017-01-05,7.5,26,6,40.6,6.93,0.0,8.0
2017-01-06,4.6,42,0,27.1,6.92,0.0,5.0
2017-01-07,2.0,47,11,11.5,6.66,0.0,2.0
2017-01-08,0.5,58,18,8.6,6.59,0.0,2.0
2017-01-09,4.3,68,3,10.6,6.94,0.0,5.0
2017-01-10,0.3,79,97,12.1,1.56,2.5,1.0
2017-01-11,0.5,74,77,11.3,4.15,0.3,0.0
2017-01-12,3.4,83,64,11.8,3.16,4.2,3.0
2017-01-13,8.0,68,74,17.6,4.64,2.7,4.0
2017-01-14,8.7,46,48,20.8,6.98,0.0,9.0
2017-01-15,6.9,33,44,24.9,7.41,0.6,8.0
2017-01-16,5.2,39,22,22.0,7.34,0.1,6.0
2017-01-17,5.7,35,81,21.5,6.41,0.0,7.0
2017-01-18,5.3,53,7,14.8,7.64,0.0,6.0
2017-01-19,5.9,68,6,9.8,7.62,0.0,7.0
2017-01-20,6.2,73,9,10.6,7.64,0.0,8.0
2017-01-21,6.6,68,0,7.6,7.87,0.0,8.0
2017-01-22,8.1,63,35,10.0,8.03,0.0,10.0
2017-01-23,9.5,58,85,12.6,7.69,0.0,10.0
2017-01-24,10.4,61,18,15.3,8.22,0.0,12.0
2017-01-25,6.7,71,14,10.8,8.37,0.0,9.0
2017-01-26,5.3,73,9,11.5,8.38,0.0,6.0
2017-01-27,4.8,77,79,8.4,6.99,0.0,5.0
2017-01-28,4.9,83,92,8.6,3.9,0.1,5.0
2017-01-29,5.0,92,43,6.0,6.16,0.0,7.0
2017-01-30,6.8,94,86,6.0,4.34,0.1,7.0
2017-01-31,5.7,93,83,5.3,3.47,0.1,6.0
2017-02-01,7.3,95,78,7.8,5.12,0.0,6.0
2017-02-02,5.6,98,100,5.0,0.82,3.9,6.0
2017-02-03,6.7,98,100,11.5,1.44,17.7,7.0
2017-02-04,6.5,94,80,12.5,1.12,3.9,7.0
2017-02-05,4.1,91,93,15.7,1.97,18.7,4.0
2017-02-06,12.8,62,88,27.9,4.88,3.8,16.0
2017-02-07,11.6,67,49,17.3,7.93,0.0,12.0
2017-02-08,7.4,86,98,10.8,2.67,2.1,7.0
2017-02-09,6.6,76,98,10.1,5.29,0.7,6.0
2017-02-10,4.1,91,100,8.4,1.5,7.3,4.0
2017-02-11,6.2,90,97,7.2,2.25,0.4,6.0
2017-02-12,8.5,89,98,6.9,2.35,1.3,9.0
2017-02-13,7.9,92,98,9.8,3.34,0.8,8.0
2017-02-14,11.1,80,45,12.6,9.09,0.9,12.0
2017-02-15,13.2,83,0,9.0,11.54,0.0,14.0
2017-02-16,13.6,77,10,8.7,11.94,0.0,15.0
2017-02-17,13.1,87,37,9.5,9.85,0.0,15.0
2017-02-18,11.3,82,54,13.3,8.92,0.0,12.0
2017-02-19,9.8,83,12,7.6,11.7,0.0,7.0
2017-02-20,9.8,86,26,8.2,11.47,0.0,5.0
2017-02-21,12.8,87,51,11.4,11.83,0.0,14.0
2017-02-22,10.7,93,92,10.0,7.29,0.0,11.0
2017-02-23,9.2,93,100,8.4,3.71,0.8,9.0
2017-02-24,14.1,71,78,27.4,10.33,1.1,14.0
2017-02-25,11.5,59,32,23.1,10.96,0.9,13.0
2017-02-26,11.9,70,53,11.9,12.12,0.0,14.0
2017-02-27,11.2,76,40,8.5,13.04,0.8,13.0
2017-02-28,8.7,92,97,13.1,2.42,11.8,8.0
2017-03-01,14.2,64,21,15.2,14.56,0.0,16.0
2017-03-02,14.3,63,37,13.9,13.99,0.0,16.0
2017-03-03,8.4,90,88,11.6,1.86,4.4,8.0
2017-03-04,9.6,94,92,34.8,3.19,13.6,11.0
2017-03-05,11.3,84,74,15.1,9.9,1.2,13.0
2017-03-06,11.5,77,76,17.5,9.39,1.9,13.0
2017-03-07,14.5,48,15,27.0,15.91,0.0,16.0
2017-03-08,15.3,48,36,18.4,15.2,0.0,16.0
2017-03-09,17.4,65,37,10.9,15.12,0.0,19.0
2017-03-10,20.1,42,2,27.2,16.76,0.0,23.0
2017-03-11,14.7,49,21,16.0,16.45,0.0,16.0
2017-03-12,13.9,57,75,11.8,14.63,0.0,15.0
2017-03-13,13.4,64,9,12.9,16.25,0.0,15.0
2017-03-14,17.2,70,30,9.8,16.55,0.0,19.0
2017-03-15,17.4,71,51,10.2,15.96,0.0,18.0
2017-03-16,17.4,72,0,9.3,17.03,0.0,19.0
2017-03-17,18.7,75,5,11.0,17.05,0.0,20.0
2017-03-18,20.0,79,79,16.8,16.11,0.0,19.0
2017-03-19,20.7,74,84,15.0,15.26,0.0,23.0
2017-03-20,17.1,82,65,7.7,11.71,0.0,18.0
2017-03-21,15.5,81,87,7.9,7.44,2.9,16.0
2017-03-22,14.9,90,92,14.2,6.82,14.9,15.0
2017-03-23,14.3,91,93,17.0,8.78,26.1,13.0
2017-03-24,13.9,86,100,16.9,5.48,11.4,13.0
2017-03-25,18.5,78,54,14.8,17.58,11.4,20.0
2017-03-26,15.7,81,97,19.1,8.69,20.4,15.0
2017-03-27,14.3,66,52,16.0,16.99,0.2,16.0
2017-03-28,17.6,66,1,8.7,20.04,0.0,19.0
2017-03-29,21.2,65,0,12.4,20.12,0.0,22.0
2017-03-30,21.9,64,24,10.7,20.19,0.0,23.0
2017-03-31,21.2,66,42,10.7,20.22,0.0,23.0
2017-04-01,18.8,51,78,16.1,16.16,0.4,20.0
2017-04-02,17.7,71,95,18.9,14.36,2.6,19.0
2017-04-03,21.9,61,24,16.6,21.61,0.0,23.0
2017-04-04,20.6,59,44,13.4,19.03,0.1,22.0
2017-04-05,15.6,78,62,12.8,14.01,1.6,17.0
2017-04-06,21.1,59,19,23.2,20.94,0.0,22.0
2017-04-07,18.5,66,37,12.7,20.98,0.0,20.0
2017-04-08,20.3,76,0,8.3,21.97,0.0,22.0
2017-04-09,21.4,74,9,7.2,21.55,0.0,22.0
2017-04-10,22.3,76,14,10.5,21.08,0.0,23.0
2017-04-11,22.3,70,36,14.0,20.11,1.1,24.0
2017-04-12,19.5,72,53,13.2,13.46,0.6,21.0
2017-04-13,22.9,71,37,14.8,21.69,0.0,24.0
2017-04-14,21.1,76,28,13.3,18.75,0.0,22.0
2017-04-15,20.4,81,77,12.6,16.27,0.9,21.0
2017-04-16,21.6,51,25,33.5,20.09,0.0,23.0
2017-04-17,17.0,60,44,27.4,15.71,2.4,18.0
2017-04-18,13.4,38,60,41.4,13.59,0.6,15.0
2017-04-19,13.2,24,22,29.8,21.09,0.0,15.0
2017-04-20,16.9,27,0,26.8,25.68,0.0,18.0
2017-04-21,16.2,39,1,17.2,25.32,0.0,17.0
2017-04-22,20.5,53,3,12.5,24.84,0.0,21.0
2017-04-23,21.6,67,21,16.6,23.2,0.0,22.0
2017-04-24,14.8,77,96,12.7,4.14,2.3,15.0
2017-04-25,18.4,74,91,20.2,9.23,2.5,16.0
2017-04-26,13.8,90,100,13.9,3.45,23.3,13.0
2017-04-27,15.5,82,93,22.4,10.05,8.3,14.0
2017-04-28,16.0,55,55,28.7,21.92,12.8,17.0
2017-04-29,16.3,45,9,23.4,25.86,0.0,18.0
2017-04-30,16.3,58,42,10.0,19.75,0.0,17.0
2017-05-01,10.7,79,98,28.5,3.46,26.2,12.0
2017-05-02,16.1,73,49,14.9,20.85,4.2,17.0
2017-05-03,14.5,80,91,16.3,14.87,5.4,15.0
2017-05-04,15.1,81,70,7.6,17.96,6.0,16.0
2017-05-05,19.3,73,12,9.8,26.74,0.1,21.0
2017-05-06,15.1,82,90,14.5,6.71,18.0,15.0
2017-05-07,18.4,78,72,13.5,14.1,0.2,18.0
2017-05-08,21.2,55,53,25.6,18.96,0.1,22.0
2017-05-09,20.5,68,12,19.8,24.88,5.5,23.0
2017-05-10,16.6,78,83,15.2,8.98,2.4,18.0
2017-05-11,15.5,87,96,12.7,6.83,9.5,16.0
2017-05-12,18.6,88,87,8.7,13.64,22.1,20.0
2017-05-13,22.0,80,56,9.7,24.03,3.2,23.0
2017-05-14,22.9,83,64,8.9,21.65,6.3,24.0
2017-05-15,23.7,64,11,16.2,25.97,0.0,26.0
2017-05-16,24.4,67,22,10.5,25.87,0.1,25.0
2017-05-17,25.1,66,4,13.8,26.46,0.0,27.0
2017-05-18,24.0,62,68,15.2,18.89,0.3,25.0
2017-05-19,19.0,82,86,20.2,14.12,18.1,21.0
2017-05-20,22.6,57,45,28.6,25.48,0.3,25.0
2017-05-21,23.6,45,7,20.6,28.31,0.0,25.0
2017-05-22,24.7,59,11,10.5,27.55,0.0,26.0
2017-05-23,27.0,65,53,11.9,27.09,0.0,28.0
2017-05-24,28.6,44,70,22.1,25.46,0.0,30.0
2017-05-25,24.5,55,70,25.0,24.05,0.1,26.0
2017-05-26,25.1,58,50,16.1,18.33,0.0,26.0
2017-05-27,26.8,58,28,10.6,26.31,0.0,27.0
2017-05-28,28.8,58,15,8.7,27.33,0.0,29.0
2017-05-29,29.6,56,20,14.8,26.25,0.0,29.0
2017-05-30,29.7,49,28,11.8,25.16,0.3,30.0
2017-05-31,29.1,51,45,13.2,24.86,0.2,29.0
2017-06-01,27.8,62,56,24.7,23.68,0.3,28.0
2017-06-02,27.6,62,24,16.3,25.68,1.7,28.0
2017-06-03,29.7,60,27,18.0,24.23,0.2,29.0
2017-06-04,25.7,73,77,10.6,21.27,12.2,29.0
2017-06-05,21.4,85,98,13.4,11.19,28.3,21.0
2017-06-06,19.9,88,68,14.5,13.6,20.5,25.0
2017-06-07,24.9,42,7,25.3,29.45,0.0,26.0
2017-06-08,22.4,58,38,16.9,19.89,0.0,24.0
2017-06-09,24.6,67,53,10.4,24.07,0.0,25.0
2017-06-10,28.3,64,59,11.3,26.88,0.0,30.0
2017-06-11,28.2,61,15,9.7,27.93,0.0,30.0
2017-06-12,30.1,63,32,12.8,25.91,0.0,30.0
2017-06-13,31.0,59,39,8.9,26.21,0.0,31.0
2017-06-14,30.3,71,85,18.4,21.6,1.7,31.0
2017-06-15,26.8,81,74,13.2,19.69,3.7,29.0
2017-06-16,30.6,67,66,28.8,25.66,0.0,32.0
2017-06-17,32.3,36,24,27.0,28.55,0.0,33.0
2017-06-18,28.1,48,27,21.4,26.03,0.0,30.0
2017-06-19,29.2,51,17,8.9,28.11,0.0,30.0
2017-06-20,30.7,55,25,11.2,25.48,0.0,31.0
2017-06-21,32.1,60,57,10.7,24.65,0.2,32.0
2017-06-22,32.7,59,37,12.3,26.01,0.0,32.0
2017-06-23,32.8,66,64,17.5,23.35,0.0,33.0
2017-06-24,32.1,67,55,16.4,23.55,0.2,33.0
2017-06-25,29.0,77,60,18.4,20.24,35.5,30.0
2017-06-26,28.3,83,67,13.0,16.02,14.1,30.0
2017-06-27,25.4,78,85,13.9,15.96,16.3,28.0
2017-06-28,23.0,90,97,17.1,10.68,79.7,25.0
2017-06-29,22.1,82,65,13.6,20.4,26.1,24.0
2017-06-30,21.2,80,54,21.3,22.51,7.0,24.0
2017-07-01,23.8,76,26,15.5,25.5,2.0,24.0
2017-07-02,26.5,63,17,24.5,26.58,0.0,27.0
2017-07-03,28.1,52,19,21.9,25.74,0.0,29.0
2017-07-04,26.5,68,40,12.3,20.88,0.3,29.0
2017-07-05,28.2,75,34,10.7,24.13,7.1,30.0
2017-07-06,30.7,66,23,8.1,26.13,0.8,32.0
2017-07-07,31.5,61,48,9.7,25.56,0.0,32.0
2017-07-08,32.7,63,40,10.1,25.39,0.0,33.0
2017-07-09,28.7,78,78,14.4,17.68,14.0,30.0
2017-07-10,27.7,80,54,16.9,20.67,4.2,29.0
2017-07-11,25.9,83,64,13.6,19.83,3.4,27.0
2017-07-12,27.1,82,37,13.2,14.74,5.7,29.0
2017-07-13,30.2,58,11,21.0,25.07,0.7,33.0
2017-07-14,25.3,78,56,16.5,21.17,20.6,28.0
2017-07-15,28.2,56,69,17.6,25.86,0.0,30.0
2017-07-16,25.4,57,27,14.3,26.25,0.0,27.0
2017-07-17,26.7,55,61,10.0,24.59,0.0,28.0
2017-07-18,28.7,63,45,9.5,26.02,0.0,30.0
2017-07-19,29.1,66,47,12.8,23.7,0.0,31.0
2017-07-20,27.4,65,64,8.6,20.0,0.0,30.0
2017-07-21,27.7,75,79,15.6,19.87,16.3,30.0
2017-07-22,27.9,75,46,13.0,25.15,3.4,30.0
2017-07-23,28.2,69,38,20.2,24.43,0.0,31.0
2017-07-24,25.2,74,77,27.9,16.42,19.8,30.0
2017-07-25,26.1,44,36,23.8,22.54,0.5,29.0
2017-07-26,27.3,44,33,26.0,25.68,0.1,30.0
2017-07-27,26.8,50,69,19.9,23.44,0.0,30.0
2017-07-28,29.0,72,32,13.0,24.62,0.0,31.0
2017-07-29,28.4,72,53,14.5,19.0,4.8,31.0
2017-07-30,28.0,81,81,12.0,17.24,2.0,30.0
2017-07-31,29.7,72,41,9.7,24.36,0.0,31.0
2017-08-01,31.0,70,23,12.2,23.87,0.0,34.0
2017-08-02,32.8,68,29,15.7,24.63,0.0,35.0
2017-08-03,32.6,64,41,8.4,24.35,0.0,36.0
2017-08-04,33.9,62,15,6.6,23.4,0.0,37.0
2017-08-05,33.5,59,14,10.8,23.45,0.0,36.0
2017-08-06,29.2,65,39,25.9,19.71,20.5,31.0
2017-08-07,27.4,54,43,15.2,21.2,0.0,30.0
2017-08-08,26.7,72,73,24.6,16.35,1.7,27.0
2017-08-09,24.2,82,70,18.2,11.95,4.4,30.0
2017-08-10,28.1,69,49,15.9,18.8,7.6,28.0
2017-08-11,21.5,76,66,13.0,16.69,11.6,20.0
2017-08-12,26.8,51,11,22.8,25.02,0.0,29.0
2017-08-13,27.3,53,33,10.9,23.8,0.0,29.0
2017-08-14,27.8,62,55,11.9,20.39,0.0,30.0
2017-08-15,29.5,59,35,8.4,23.49,0.0,32.0
2017-08-16,30.9,61,58,10.8,22.23,0.0,33.0
2017-08-17,30.2,65,38,17.2,18.12,2.2,33.0
2017-08-18,31.3,61,61,20.7,19.42,0.4,33.0
2017-08-19,28.7,68,41,13.5,20.28,1.0,31.0
2017-08-20,28.4,51,6,20.1,22.38,0.0,29.0
2017-08-21,27.2,52,20,12.1,21.07,0.0,29.0
2017-08-22,27.5,49,39,13.7,20.04,0.0,28.0
2017-08-23,28.9,57,32,9.7,22.35,0.0,30.0
2017-08-24,30.4,58,57,9.5,21.25,0.0,31.0
2017-08-25,31.1,65,44,12.1,20.84,0.6,32.0
2017-08-26,32.1,62,49,8.0,19.37,0.6,32.0
2017-08-27,34.3,56,37,10.4,20.54,0.0,34.0
2017-08-28,31.4,62,54,14.5,15.57,0.7,33.0
2017-08-29,30.3,55,36,14.8,19.04,2.1,31.0
2017-08-30,30.7,51,72,12.4,17.68,0.0,32.0
2017-08-31,29.2,70,66,21.0,12.86,13.6,29.0
2017-09-01,23.8,84,71,19.1,14.75,24.5,26.0
2017-09-02,21.7,56,88,24.9,12.39,14.2,20.0
2017-09-03,24.4,43,33,21.0,21.29,0.0,26.0
2017-09-04,23.1,60,69,10.8,15.59,0.1,25.0
2017-09-05,25.9,69,29,7.1,19.98,0.0,27.0
2017-09-06,26.2,71,72,7.9,16.28,0.0,27.0
2017-09-07,26.4,69,57,17.2,15.81,5.2,29.0
2017-09-08,23.1,73,76,12.1,15.19,2.1,25.0
2017-09-09,22.3,81,94,19.2,9.24,16.6,23.0
2017-09-10,18.3,80,97,23.8,7.82,35.7,19.0
2017-09-11,22.9,76,58,18.3,16.75,0.6,25.0
2017-09-12,24.7,58,32,18.8,17.74,0.0,26.0
2017-09-13,20.8,71,38,10.0,15.34,0.0,23.0
2017-09-14,19.2,77,52,19.2,5.25,2.6,19.0
2017-09-15,17.7,58,64,24.8,8.9,3.1,19.0
2017-09-16,18.6,79,71,10.0,14.62,7.1,21.0
2017-09-17,18.8,75,37,14.8,17.68,0.7,20.0
2017-09-18,18.2,73,74,15.7,13.0,0.7,18.0
2017-09-19,20.7,58,41,23.0,17.97,0.0,23.0
2017-09-20,22.5,40,4,20.5,18.61,0.0,24.0
2017-09-21,21.1,56,5,15.5,18.15,0.0,23.0
2017-09-22,21.6,73,44,7.2,17.13,0.0,22.0
2017-09-23,21.1,78,73,8.0,14.32,0.0,23.0
2017-09-24,22.2,79,54,13.4,14.12,2.5,25.0
2017-09-25,19.8,74,72,12.1,12.37,2.1,21.0
2017-09-26,20.9,71,85,12.3,11.34,0.0,21.0
2017-09-27,21.8,70,29,7.3,13.28,0.0,23.0
2017-09-28,23.0,72,73,8.7,14.93,0.0,23.0
2017-09-29,20.6,73,76,10.8,11.13,0.0,22.0
2017-09-30,19.0,68,81,7.6,8.61,0.1,20.0
2017-10-01,17.4,78,96,10.5,4.72,2.0,17.0
2017-10-02,19.5,75,89,6.9,9.74,0.0,19.0
2017-10-03,19.3,79,66,7.9,6.64,0.1,21.0
2017-10-04,19.7,82,60,9.4,8.23,0.4,20.0
2017-10-05,21.9,75,50,11.0,12.83,0.0,23.0
2017-10-06,21.5,49,17,34.3,12.91,0.0,24.0
2017-10-07,20.7,37,23,19.1,15.27,0.0,22.0
2017-10-08,22.0,57,34,9.5,14.1,0.0,22.0
2017-10-09,20.7,72,20,8.7,13.38,0.0,21.0
2017-10-10,21.0,70,44,8.3,13.41,0.0,21.0
2017-10-11,20.2,72,42,9.4,10.28,0.0,20.0
2017-10-12,22.1,73,22,9.1,13.51,0.0,22.0
2017-10-13,21.8,77,0,5.5,13.26,0.0,23.0
2017-10-14,22.9,78,0,7.3,13.19,0.0,24.0
2017-10-15,23.5,77,1,7.0,13.12,0.0,24.0
2017-10-16,23.9,75,0,7.8,13.15,0.0,25.0
2017-10-17,22.6,74,46,7.1,12.4,0.0,23.0
2017-10-18,20.1,78,8,7.4,12.53,0.0,21.0
2017-10-19,19.8,79,22,7.1,11.2,0.3,19.0
2017-10-20,18.8,86,34,8.2,10.65,0.0,14.0
2017-10-21,17.7,85,58,7.4,7.88,0.0,16.0
2017-10-22,19.4,63,45,26.1,9.07,0.6,18.0
2017-10-23,20.3,36,0,27.5,12.14,0.0,22.0
2017-10-24,22.4,40,28,25.2,11.74,0.0,23.0
2017-10-25,19.5,59,53,9.4,11.29,0.0,21.0
2017-10-26,19.6,69,48,7.2,10.63,0.0,19.0
2017-10-27,23.3,56,39,42.1,10.77,0.0,22.0
2017-10-28,19.0,39,44,27.0,10.62,0.0,18.0
2017-10-29,21.4,45,95,19.7,10.27,0.0,19.0
2017-10-30,18.9,47,28,17.8,10.35,0.0,19.0
2017-10-31,15.8,62,62,9.2,5.94,0.2,17.0
2017-11-01,15.6,76,41,5.9,9.92,0.0,16.0
2017-11-02,15.3,83,81,8.4,6.74,0.0,16.0
2017-11-03,16.6,76,12,9.2,9.99,0.0,18.0
2017-11-04,13.7,79,98,8.7,2.46,0.9,15.0
2017-11-05,12.2,89,99,30.5,0.53,89.5,12.0
2017-11-06,12.4,69,89,29.5,3.49,7.1,13.0
2017-11-07,12.1,70,97,13.8,3.65,0.5,12.0
2017-11-08,10.8,88,99,12.6,2.19,5.6,9.0
2017-11-09,10.9,89,87,12.6,1.66,9.6,11.0
2017-11-10,13.2,84,45,9.7,7.07,0.0,13.0
2017-11-11,13.0,85,53,8.0,8.55,0.0,13.0
2017-11-12,11.8,89,58,11.0,6.03,4.8,10.0
2017-11-13,11.6,33,76,34.7,5.39,0.0,13.0
2017-11-14,13.0,47,19,23.4,8.89,0.0,14.0
2017-11-15,11.1,79,8,9.6,8.68,0.0,12.0
2017-11-16,12.8,75,14,11.0,8.4,0.0,14.0
2017-11-17,12.3,81,30,8.0,8.17,0.0,14.0
2017-11-18,12.9,81,24,9.3,8.05,0.0,14.0
2017-11-19,13.7,62,20,23.8,7.73,0.0,15.0
2017-11-20,12.0,61,22,10.8,7.96,0.0,12.0
2017-11-21,13.0,78,35,9.7,7.76,0.0,15.0
2017-11-22,12.2,84,82,8.4,4.77,0.9,14.0
2017-11-23,11.4,92,96,8.1,2.27,1.7,11.0
2017-11-24,11.0,93,79,6.6,3.72,0.0,10.0
2017-11-25,9.0,96,83,12.8,0.62,2.8,9.0
2017-11-26,9.9,32,3,36.9,7.95,0.0,12.0
2017-11-27,9.6,48,9,15.9,7.55,0.0,11.0
2017-11-28,6.2,73,93,5.9,2.73,0.0,6.0
2017-11-29,4.5,86,88,7.4,2.3,0.2,4.0
2017-11-30,9.5,56,22,21.3,7.48,0.0,11.0
2017-12-01,5.8,72,56,12.0,5.05,0.8,6.0
2017-12-02,5.5,74,89,14.1,2.94,1.4,6.0
2017-12-03,7.5,70,5,12.8,7.16,0.0,8.0
2017-12-04,7.3,71,17,14.6,6.67,0.0,6.0
2017-12-05,10.9,63,15,19.5,6.53,0.0,12.0
2017-12-06,9.9,75,0,7.4,6.73,0.0,12.0
2017-12-07,8.6,86,19,7.6,4.98,0.0,9.0
2017-12-08,7.6,84,63,14.0,4.31,0.6,8.0
2017-12-09,7.4,39,5,19.2,6.96,0.0,9.0
2017-12-10,3.2,62,92,13.1,2.48,4.1,3.0
2017-12-11,2.2,94,100,11.5,0.6,39.3,1.0
2017-12-12,7.1,96,93,9.5,4.45,0.5,5.0
2017-12-13,7.8,78,29,18.1,6.56,0.0,9.0
2017-12-14,7.0,84,38,9.1,5.82,0.0,9.0
2017-12-15,7.8,84,33,10.8,5.5,0.1,8.0
2017-12-16,7.6,71,36,17.3,5.13,0.1,7.0
2017-12-17,8.6,44,20,20.5,6.28,0.0,10.0
2017-12-18,5.7,60,49,18.1,4.22,0.0,7.0
2017-12-19,5.3,72,33,9.1,6.15,0.0,6.0
2017-12-20,5.3,74,44,11.5,4.06,0.0,6.0
2017-12-21,5.2,73,20,8.8,6.22,0.0,6.0
2017-12-22,7.3,73,74,9.2,5.42,0.0,6.0
2017-12-23,10.2,78,40,10.1,5.9,0.0,11.0
2017-12-24,9.6,77,4,9.7,6.37,0.0,12.0
2017-12-25,8.8,93,88,10.2,3.1,0.2,12.0
2017-12-26,4.7,97,100,11.2,1.03,4.8,5.0
2017-12-27,3.9,99,100,15.4,0.3,37.7,5.0
2017-12-28,9.0,56,68,28.3,5.38,0.8,10.0
2017-12-29,6.9,43,38,27.7,6.5,0.0,9.0
2017-12-30,7.2,75,78,15.0,4.69,1.0,9.0
2017-12-31,6.3,87,45,7.6,4.55,0.5,
2018-01-01,6.7,93,84,11.7,4.77,2.3,4.0
2018-01-02,10.8,71,39,17.0,6.67,0.0,13.0
2018-01-03,8.3,66,70,17.6,5.23,5.2,8.0
2018-01-04,10.8,84,57,17.9,5.83,4.9,12.0
2018-01-05,7.4,90,62,6.5,4.33,0.7,6.0
2018-01-06,7.5,94,100,7.6,0.75,3.7,8.0
2018-01-07,9.0,91,100,12.7,0.95,14.5,10.0
2018-01-08,11.6,89,98,21.3,1.34,23.1,12.0
2018-01-09,10.9,94,95,29.4,2.67,79.7,12.0
2018-01-10,9.3,92,86,7.7,2.85,0.7,11.0
2018-01-11,9.5,89,49,8.7,5.36,0.1,11.0
2018-01-12,9.8,82,32,10.5,6.62,0.0,10.0
2018-01-13,10.1,77,4,12.8,7.07,0.0,11.0
2018-01-14,6.1,89,42,9.2,3.77,0.0,8.0
2018-01-15,6.4,89,91,6.5,3.94,0.8,5.0
2018-01-16,6.0,91,56,8.6,4.63,0.6,8.0
2018-01-17,7.7,74,39,18.6,5.52,2.7,10.0
2018-01-18,9.5,63,14,17.6,7.33,0.0,11.0
2018-01-19,11.7,70,24,14.4,6.93,0.0,13.0
2018-01-20,7.9,65,61,16.4,6.04,0.0,9.0
2018-01-21,12.5,69,37,24.9,7.84,0.4,15.0
2018-01-22,9.3,67,34,16.7,7.08,0.0,9.0
2018-01-23,9.3,84,29,13.1,8.04,0.0,10.0
2018-01-24,9.1,87,31,9.7,7.71,0.0,10.0
2018-01-25,6.9,91,88,9.6,1.59,2.4,7.0
2018-01-26,6.3,96,100,11.4,0.9,8.7,6.0
2018-01-27,10.4,89,70,15.2,4.4,8.5,11.0
2018-01-28,9.8,96,64,8.0,7.03,0.0,8.0
2018-01-29,8.8,96,73,6.5,6.15,0.0,12.0
2018-01-30,9.9,90,86,6.5,5.77,0.0,13.0
2018-01-31,8.4,89,96,7.3,2.21,0.9,8.0
2018-02-01,6.3,96,97,10.9,1.9,2.6,7.0
2018-02-02,9.4,85,99,10.4,7.32,0.0,10.0
2018-02-03,9.3,68,62,20.2,9.45,0.0,10.0
2018-02-04,7.2,78,68,11.0,6.69,0.3,9.0
2018-02-05,3.8,91,100,14.0,1.95,10.7,4.0
2018-02-06,4.6,91,100,13.1,2.06,8.0,5.0
2018-02-07,8.0,90,77,9.6,5.91,3.7,10.0
2018-02-08,10.1,80,20,10.7,9.13,0.0,9.0
2018-02-09,8.6,92,50,7.9,6.33,2.7,8.0
2018-02-10,10.2,75,28,13.8,10.39,1.5,11.0
2018-02-11,8.2,82,55,11.7,7.9,0.0,8.0
2018-02-12,8.9,62,71,25.8,7.78,0.8,10.0
2018-02-13,7.0,41,16,22.9,11.9,0.0,8.0
2018-02-14,7.6,62,28,9.8,11.85,0.0,8.0
2018-02-15,7.8,70,58,9.7,10.38,0.0,8.0
2018-02-16,9.4,76,56,8.6,11.21,0.0,9.0
2018-02-17,7.9,82,90,9.3,4.18,0.1,8.0
2018-02-18,8.0,85,60,11.1,7.46,0.9,8.0
2018-02-19,6.5,78,96,8.7,6.13,0.3,7.0
2018-02-20,7.7,77,61,12.8,9.0,0.0,8.0
2018-02-21,9.4,68,58,8.3,12.57,0.0,10.0
2018-02-22,5.1,80,100,9.8,4.08,2.4,6.0
2018-02-23,5.0,92,100,10.2,3.7,4.8,4.0
2018-02-24,8.2,89,93,11.2,5.41,7.2,9.0
2018-02-25,4.8,63,96,17.6,4.5,2.1,6.0
2018-02-26,0.9,56,70,9.2,11.08,0.3,1.0
2018-02-27,0.4,53,54,9.5,11.18,0.5,0.0
2018-02-28,1.7,51,61,9.3,11.47,0.0,1.0
2018-03-01,0.6,71,99,8.0,4.97,4.7,0.0
2018-03-02,0.9,87,87,8.4,3.23,4.8,2.0
2018-03-03,2.7,96,90,12.2,3.95,3.3,4.0
2018-03-04,7.0,94,98,12.9,9.61,0.2,6.0
2018-03-05,8.5,90,99,7.8,6.39,1.4,10.0
2018-03-06,8.2,94,100,8.3,4.95,2.7,8.0
2018-03-07,8.0,93,85,10.4,4.1,1.1,9.0
2018-03-08,13.2,71,23,10.9,15.86,0.0,14.0
2018-03-09,13.5,77,67,9.1,12.01,0.1,15.0
2018-03-10,9.7,90,100,8.8,1.72,7.8,10.0
2018-03-11,8.4,92,100,17.7,0.94,46.2,8.0
2018-03-12,12.2,87,91,8.6,5.93,0.9,12.0
2018-03-13,15.0,74,28,11.9,15.19,0.0,17.0
2018-03-14,15.8,59,3,17.2,17.08,0.0,17.0
2018-03-15,8.5,89,93,21.4,1.88,32.3,9.0
2018-03-16,14.0,78,65,16.9,16.68,1.6,15.0
2018-03-17,8.9,90,99,17.1,3.12,22.7,9.0
2018-03-18,7.6,90,100,16.8,4.02,12.2,8.0
2018-03-19,6.4,89,100,11.7,4.78,3.3,6.0
2018-03-20,10.1,71,77,26.4,10.73,0.3,9.0
2018-03-21,8.2,52,76,20.1,14.85,2.0,9.0
2018-03-22,9.8,64,45,9.1,17.65,0.0,9.0
2018-03-23,12.7,59,5,14.9,19.23,0.0,14.0
2018-03-24,10.8,66,64,15.3,13.1,0.0,12.0
2018-03-25,12.0,65,46,10.4,13.67,0.3,13.0
2018-03-26,14.9,71,54,8.2,18.76,0.0,16.0
2018-03-27,16.1,50,62,15.2,16.86,0.0,17.0
2018-03-28,14.0,77,82,9.8,10.16,0.2,15.0
2018-03-29,12.8,83,97,11.0,5.28,5.0,13.0
2018-03-30,15.0,89,91,18.7,8.45,33.3,16.0
2018-03-31,10.9,89,85,20.4,6.85,19.8,13.0
2018-04-01,16.4,44,37,19.8,20.35,0.0,18.0
2018-04-02,15.3,54,58,15.5,16.81,0.2,16.0
2018-04-03,12.7,78,85,11.5,7.4,6.4,13.0
2018-04-04,10.0,90,100,18.5,2.11,20.6,9.0
2018-04-05,17.2,75,51,13.6,17.92,0.0,17.0
2018-04-06,17.7,61,15,18.3,20.93,0.0,20.0
2018-04-07,17.8,75,36,9.2,13.98,0.0,19.0
2018-04-08,17.0,72,68,11.7,14.76,0.2,19.0
2018-04-09,14.6,80,100,14.9,6.0,7.5,14.0
2018-04-10,12.8,88,78,16.2,6.57,11.4,13.0
2018-04-11,12.1,84,95,20.3,5.08,25.3,13.0
2018-04-12,14.0,89,94,16.5,11.4,56.2,16.0
2018-04-13,14.5,82,67,13.3,13.47,7.4,15.0
2018-04-14,18.9,71,57,11.3,21.83,0.0,20.0
2018-04-15,19.7,65,94,18.3,9.12,0.6,18.0
2018-04-16,21.8,74,67,8.4,21.81,0.5,23.0
2018-04-17,22.4,72,29,15.5,20.68,0.0,24.0
2018-04-18,23.7,73,35,13.4,20.79,0.4,25.0
2018-04-19,23.0,69,2,9.8,23.51,0.0,25.0
2018-04-20,25.1,63,1,13.0,23.94,0.0,27.0
2018-04-21,26.2,63,0,11.7,24.1,0.0,28.0
2018-04-22,24.7,69,2,9.2,24.13,0.0,27.0
2018-04-23,23.8,69,48,7.4,21.8,0.0,26.0
2018-04-24,23.5,73,35,9.0,21.94,0.2,25.0
2018-04-25,24.1,72,12,12.5,21.63,0.0,26.0
2018-04-26,23.5,69,40,15.5,20.13,0.0,25.0
2018-04-27,18.8,71,87,16.5,5.99,2.2,20.0
2018-04-28,23.0,75,61,13.6,19.0,6.7,24.0
2018-04-29,20.5,84,77,13.6,16.94,49.5,24.0
2018-04-30,19.1,64,44,21.6,19.61,3.9,21.0
2018-05-01,17.7,68,87,11.4,13.24,2.8,18.0
2018-05-02,13.2,82,100,20.9,4.3,8.6,13.0
2018-05-03,19.1,79,93,23.7,8.41,14.6,19.0
2018-05-04,21.0,81,94,13.2,12.09,8.6,21.0
2018-05-05,23.3,81,64,14.6,15.07,8.3,25.0
2018-05-06,25.8,76,36,13.4,24.28,3.1,27.0
2018-05-07,21.7,79,69,19.0,18.98,12.8,24.0
2018-05-08,23.6,71,68,13.4,21.82,5.6,25.0
2018-05-09,20.5,82,74,10.5,17.24,8.5,22.0
2018-05-10,21.5,77,65,11.2,21.88,3.1,23.0
2018-05-11,22.0,72,33,15.0,19.94,2.6,25.0
2018-05-12,22.6,80,44,8.5,22.69,2.9,24.0
2018-05-13,19.8,81,68,13.7,17.55,6.1,22.0
2018-05-14,16.8,75,77,16.1,18.26,13.5,18.0
2018-05-15,17.9,75,82,18.6,19.15,0.3,18.0
2018-05-16,19.6,84,54,12.3,21.81,4.4,21.0
2018-05-17,19.8,87,78,6.9,19.21,9.0,22.0
2018-05-18,22.2,79,30,11.9,24.98,4.6,24.0
2018-05-19,21.0,77,53,15.1,21.77,7.1,23.0
2018-05-20,19.6,82,78,19.4,14.3,12.1,20.0
2018-05-21,21.2,77,77,17.1,19.41,9.5,22.0
2018-05-22,17.9,78,99,15.9,9.78,5.5,19.0
2018-05-23,21.6,79,54,8.4,23.68,1.5,24.0
2018-05-24,24.0,74,37,9.4,24.71,0.0,26.0
2018-05-25,26.2,74,51,9.4,24.44,0.0,28.0
2018-05-26,26.4,75,66,11.6,21.28,0.0,28.0
2018-05-27,25.5,80,79,15.3,19.91,1.1,29.0
2018-05-28,23.6,82,91,13.9,16.89,13.3,25.0
2018-05-29,23.6,82,58,10.2,18.88,11.6,25.0
2018-05-30,24.8,82,65,15.8,15.99,23.5,26.0
2018-05-31,23.7,81,40,11.0,22.62,15.5,26.0
2018-06-01,25.0,79,17,10.5,25.64,0.1,26.0
2018-06-02,24.3,80,47,8.5,23.97,0.7,27.0
2018-06-03,25.9,82,87,8.3,21.16,1.6,28.0
2018-06-04,22.6,83,92,13.9,17.01,13.2,25.0
2018-06-05,25.4,83,52,10.0,24.72,1.0,27.0
2018-06-06,23.4,86,80,8.7,18.58,11.0,25.0
2018-06-07,24.8,81,76,10.6,22.58,6.9,27.0
2018-06-08,21.9,85,83,12.1,15.9,9.3,24.0
2018-06-09,26.1,78,33,12.8,27.07,0.0,27.0
2018-06-10,26.8,81,42,9.7,24.48,0.0,27.0
2018-06-11,25.0,88,78,17.6,16.01,5.1,28.0
2018-06-12,21.9,86,79,14.4,14.07,13.1,26.0
2018-06-13,21.7,81,92,23.5,14.16,3.6,22.0
2018-06-14,25.2,56,34,23.1,25.48,0.2,26.0
2018-06-15,25.2,74,46,10.7,25.24,0.2,27.0
2018-06-16,26.5,67,42,11.2,26.82,0.0,28.0
2018-06-17,27.3,69,60,10.2,25.38,0.0,29.0
2018-06-18,27.3,72,31,13.0,26.44,0.2,29.0
2018-06-19,28.0,69,22,9.0,25.32,0.5,30.0
2018-06-20,28.1,67,58,15.3,22.87,6.0,30.0
2018-06-21,28.0,73,49,8.9,23.85,0.0,30.0
2018-06-22,27.4,72,65,20.7,25.97,2.1,30.0
2018-06-23,23.8,71,26,11.8,24.22,0.2,25.0
2018-06-24,24.8,61,75,12.1,23.74,0.0,25.0
2018-06-25,23.6,74,53,12.7,23.28,1.9,26.0
2018-06-26,25.1,63,33,10.0,25.69,0.1,26.0
2018-06-27,28.2,59,11,23.3,27.82,0.0,29.0
2018-06-28,27.4,53,38,14.6,27.52,0.0,29.0
2018-06-29,29.9,53,35,10.5,28.53,0.0,30.0
2018-06-30,32.5,55,7,12.5,28.13,0.0,32.0
2018-07-01,30.8,61,24,12.3,26.63,0.0,31.0
2018-07-02,28.4,67,82,19.6,15.77,0.1,30.0
2018-07-03,29.1,73,57,22.5,22.35,3.7,32.0
2018-07-04,30.0,70,44,11.6,26.36,6.0,30.0
2018-07-05,24.5,82,63,12.6,19.25,11.7,27.0
2018-07-06,30.4,60,51,17.9,24.27,0.0,31.0
2018-07-07,29.7,49,17,17.5,26.68,0.0,31.0
2018-07-08,29.1,62,18,14.6,26.4,0.2,31.0
2018-07-09,29.3,57,43,16.5,23.07,0.2,30.0
2018-07-10,26.7,72,74,17.1,19.1,31.8,30.0
2018-07-11,25.3,81,63,15.6,18.73,20.7,26.0
2018-07-12,22.7,88,81,16.0,8.83,63.6,27.0
2018-07-13,27.4,83,34,13.4,21.57,3.4,30.0
2018-07-14,27.6,78,47,13.6,21.83,12.7,31.0
2018-07-15,27.6,76,28,10.7,24.97,0.0,30.0
2018-07-16,25.2,84,63,12.6,14.39,10.3,27.0
2018-07-17,29.9,72,38,15.2,25.8,0.0,32.0
2018-07-18,30.2,55,13,13.8,27.37,0.0,32.0
2018-07-19,30.7,64,35,8.9,25.62,0.0,32.0
2018-07-20,28.2,79,50,11.0,21.18,10.2,32.0
2018-07-21,23.1,88,85,14.5,12.78,32.2,25.0
2018-07-22,27.9,69,35,11.5,25.45,0.1,30.0
2018-07-23,28.8,78,11,12.8,25.43,0.0,31.0
2018-07-24,29.3,66,27,13.1,22.95,0.0,32.0
2018-07-25,28.6,75,46,8.8,22.32,1.4,32.0
2018-07-26,29.5,78,39,14.5,21.58,1.5,32.0
2018-07-27,28.6,75,44,9.1,22.93,1.3,31.0
2018-07-28,28.6,78,58,9.9,21.1,4.3,31.0
2018-07-29,30.1,69,36,6.3,26.25,0.0,31.0
2018-07-30,32.1,65,38,7.7,23.75,0.0,33.0
2018-07-31,33.0,64,22,8.2,24.54,0.0,34.0
2018-08-01,32.4,66,39,8.2,21.77,0.0,34.0
2018-08-02,32.1,63,56,10.5,23.17,0.1,33.0
2018-08-03,31.1,69,76,10.8,19.48,6.6,33.0
2018-08-04,31.4,69,53,11.9,20.63,0.0,33.0
2018-08-05,32.3,64,52,12.3,22.39,0.5,34.0
2018-08-06,31.0,68,77,13.5,18.07,0.7,34.0
2018-08-07,31.9,64,71,15.5,22.03,2.9,32.0
2018-08-08,32.6,67,53,16.7,22.69,8.9,33.0
2018-08-09,29.3,77,64,17.6,16.1,10.5,31.0
2018-08-10,27.6,78,49,16.2,19.43,20.6,30.0
2018-08-11,28.7,70,28,10.8,22.1,0.9,31.0
2018-08-12,28.4,75,68,12.5,15.6,4.9,28.0
2018-08-13,24.0,83,80,14.0,13.29,12.4,25.0
2018-08-14,26.5,82,45,11.9,19.05,1.5,28.0
2018-08-15,27.9,75,23,10.1,22.64,1.3,29.0
2018-08-16,28.6,62,22,9.7,20.63,0.0,30.0
2018-08-17,29.4,62,51,11.8,20.6,0.1,30.0
2018-08-18,30.6,64,20,10.1,21.93,0.2,31.0
2018-08-19,30.9,62,30,10.1,20.41,0.8,31.0
2018-08-20,31.6,58,45,11.5,19.83,0.1,33.0
2018-08-21,32.8,58,27,15.8,20.57,1.5,33.0
2018-08-22,30.7,58,32,10.9,18.91,1.7,33.0
2018-08-23,32.3,62,65,19.9,19.7,0.4,32.0
2018-08-24,30.2,63,60,14.8,20.06,3.1,30.0
2018-08-25,23.7,80,85,29.6,9.77,1.9,25.0
2018-08-26,26.2,35,6,32.1,23.62,0.0,27.0
2018-08-27,25.7,53,3,12.4,22.3,0.0,26.0
2018-08-28,28.7,57,8,8.5,22.21,0.0,29.0
2018-08-29,29.0,54,33,10.7,20.28,0.0,30.0
2018-08-30,28.8,63,34,10.1,17.86,4.9,30.0
2018-08-31,20.9,86,92,19.8,6.16,27.7,23.0
2018-09-01,21.3,81,89,11.8,11.02,6.4,22.0
2018-09-02,21.0,83,75,10.5,13.55,3.4,22.0
2018-09-03,23.2,71,47,12.8,18.47,0.1,25.0
2018-09-04,25.0,76,21,9.8,20.11,0.1,27.0
2018-09-05,25.9,76,7,8.3,19.41,0.1,27.0
2018-09-06,25.5,79,67,10.8,15.09,0.3,27.0
2018-09-07,24.4,82,77,7.3,16.08,12.5,25.0
2018-09-08,25.7,79,35,10.0,16.35,1.1,28.0
2018-09-09,26.0,77,38,8.7,16.95,0.0,28.0
2018-09-10,27.1,77,41,7.6,18.06,0.1,29.0
2018-09-11,28.2,78,22,7.9,19.18,0.0,30.0
2018-09-12,27.9,77,36,7.0,17.55,0.0,30.0
2018-09-13,27.3,75,60,9.2,16.51,0.3,29.0
2018-09-14,26.2,82,25,8.1,16.79,0.6,28.0
2018-09-15,24.1,86,51,12.4,11.76,6.9,27.0
2018-09-16,24.9,85,84,13.3,10.24,8.7,26.0
2018-09-17,24.9,83,46,12.2,14.06,2.2,27.0
2018-09-18,23.8,87,55,11.2,11.65,13.1,27.0
2018-09-19,26.1,82,30,9.0,17.11,2.9,28.0
2018-09-20,26.9,76,7,7.6,16.92,0.0,29.0
2018-09-21,26.6,77,45,14.3,15.25,0.0,29.0
2018-09-22,27.5,71,90,14.0,14.97,0.0,29.0
2018-09-23,26.0,75,61,15.6,12.11,0.0,28.0
2018-09-24,23.9,49,64,35.7,16.13,2.1,25.0
2018-09-25,19.1,50,54,14.0,14.75,0.0,21.0
2018-09-26,18.0,58,51,8.1,15.28,0.0,19.0
2018-09-27,21.1,68,10,5.8,16.84,0.0,23.0
2018-09-28,24.0,71,1,7.4,16.83,0.0,26.0
2018-09-29,24.4,58,13,14.1,15.85,0.0,26.0
2018-09-30,20.5,60,30,15.6,14.94,0.6,21.0
2018-10-01,15.2,73,97,26.4,4.0,18.3,16.0
2018-10-02,19.6,44,35,27.0,15.88,0.0,20.0
2018-10-03,20.9,66,14,8.2,15.31,0.0,21.0
2018-10-04,22.3,68,6,10.6,14.62,0.0,23.0
2018-10-05,21.4,68,29,8.0,15.08,0.0,22.0
2018-10-06,19.5,75,98,10.9,6.08,1.3,19.0
2018-10-07,21.0,80,50,7.7,13.38,0.0,23.0
2018-10-08,22.6,75,18,7.6,13.2,0.0,24.0
2018-10-09,22.7,81,24,8.5,12.09,0.5,24.0
2018-10-10,21.4,84,52,13.9,10.22,17.5,22.0
2018-10-11,16.6,87,93,13.3,2.31,17.2,18.0
2018-10-12,22.2,82,49,8.9,11.27,0.3,22.0
2018-10-13,22.1,82,14,8.1,12.14,0.1,23.0
2018-10-14,20.7,75,9,13.7,12.99,0.0,22.0
2018-10-15,19.9,78,62,13.8,10.19,2.5,21.0
2018-10-16,20.7,79,73,10.7,11.43,1.4,22.0
2018-10-17,19.6,76,65,7.1,9.14,0.0,20.0
2018-10-18,22.0,79,65,7.3,10.94,0.0,23.0
2018-10-19,22.5,78,58,8.5,11.88,0.0,23.0
2018-10-20,21.4,80,33,6.9,10.55,0.0,23.0
2018-10-21,20.1,81,53,26.9,10.39,0.7,19.0
2018-10-22,16.7,69,23,10.7,11.53,0.0,18.0
2018-10-23,18.5,74,23,12.0,11.28,0.0,19.0
2018-10-24,26.8,48,31,31.1,11.6,0.0,29.0
2018-10-25,20.2,64,24,28.6,11.36,0.0,24.0
2018-10-26,17.2,90,77,8.0,3.29,3.8,18.0
2018-10-27,14.9,97,100,26.9,2.12,30.4,15.0
2018-10-28,15.2,94,98,29.3,1.33,77.2,17.0
2018-10-29,16.1,92,97,38.6,1.07,55.2,15.0
2018-10-30,13.2,73,84,35.5,5.18,5.7,15.0
2018-10-31,11.7,84,96,22.4,1.54,7.0,12.0
2018-11-01,12.5,89,92,17.5,3.04,47.2,11.0
2018-11-02,15.4,84,99,13.7,3.73,1.4,15.0
2018-11-03,15.4,84,87,14.1,4.91,10.7,15.0
2018-11-04,17.7,82,82,15.2,4.56,4.2,17.0
2018-11-05,14.3,94,98,14.0,1.89,36.3,15.0
2018-11-06,15.8,93,100,19.1,2.88,17.9,17.0
2018-11-07,15.0,91,96,8.2,3.78,7.8,16.0
2018-11-08,15.3,91,88,7.8,4.36,11.5,15.0
2018-11-09,13.5,94,95,8.9,1.08,6.6,15.0
2018-11-10,12.4,96,96,11.6,1.23,12.9,13.0
2018-11-11,12.9,95,97,17.4,1.37,9.7,13.0
2018-11-12,14.9,95,96,6.2,2.84,5.8,15.0
2018-11-13,16.7,91,82,8.0,5.07,0.8,17.0
2018-11-14,16.1,88,8,6.9,7.17,0.0,16.0
2018-11-15,14.6,90,34,8.4,5.83,0.0,13.0
2018-11-16,11.5,76,80,12.3,3.2,0.3,12.0
2018-11-17,10.4,66,54,14.1,5.96,0.0,11.0
2018-11-18,8.4,63,28,10.5,7.39,0.0,10.0
2018-11-19,4.6,85,88,11.9,1.81,3.1,5.0
2018-11-20,5.4,90,85,11.1,2.04,1.1,6.0
2018-11-21,7.9,88,80,8.9,3.83,2.5,7.0
2018-11-22,10.4,92,59,7.2,7.06,0.0,11.0
2018-11-23,9.0,94,88,14.4,1.35,13.3,9.0
2018-11-24,10.8,88,90,14.5,3.41,7.5,10.0
2018-11-25,11.0,90,85,7.9,4.21,0.3,12.0
2018-11-26,10.2,86,89,9.7,2.56,0.5,10.0
2018-11-27,13.4,42,31,28.1,7.23,0.0,16.0
2018-11-28,11.9,63,12,21.0,7.26,0.0,13.0
2018-11-29,8.2,85,70,11.0,6.18,0.0,9.0
2018-11-30,4.7,85,93,5.9,2.24,0.0,5.0
2018-12-01,7.5,90,75,7.4,5.05,0.0,8.0
2018-12-02,7.5,91,91,6.5,4.21,0.2,8.0
2018-12-03,9.7,90,46,9.0,6.56,1.2,10.0
2018-12-04,15.0,76,13,13.7,6.7,0.1,17.0
2018-12-05,11.6,79,40,13.0,6.24,0.0,13.0
2018-12-06,11.4,88,74,8.5,3.86,0.0,12.0
2018-12-07,9.6,93,74,7.6,6.08,1.0,12.0
2018-12-08,13.5,59,21,22.8,6.72,1.8,15.0
2018-12-09,12.1,68,38,16.2,4.94,0.5,14.0
2018-12-10,12.2,51,5,30.3,6.27,0.0,13.0
2018-12-11,10.7,51,11,17.4,6.56,0.0,13.0
2018-12-12,7.4,59,24,14.5,6.28,0.0,9.0
2018-12-13,5.7,63,75,9.4,3.51,0.0,6.0
2018-12-14,5.2,77,27,8.0,6.43,0.0,6.0
2018-12-15,4.8,81,16,9.6,6.29,0.0,4.0
2018-12-16,2.7,85,100,7.6,1.35,0.0,2.0
2018-12-17,5.9,88,64,10.2,5.38,0.7,7.0
2018-12-18,5.4,91,60,7.9,5.95,0.0,0.0
2018-12-19,1.5,96,100,9.4,1.35,8.7,2.0
2018-12-20,4.6,95,64,11.2,4.0,0.9,4.0
2018-12-21,3.3,94,91,7.5,2.77,0.1,4.0
2018-12-22,8.1,90,52,10.0,6.04,0.0,8.0
2018-12-23,5.4,96,72,9.7,4.36,0.0,2.0
2018-12-24,14.1,67,22,31.3,5.92,0.2,17.0
2018-12-25,10.5,68,38,13.5,6.45,0.0,10.0
2018-12-26,6.8,84,7,10.0,6.34,0.0,4.0
2018-12-27,7.5,79,44,9.1,5.28,0.0,8.0
2018-12-28,7.3,84,86,7.3,4.17,0.3,9.0
2018-12-29,9.6,84,31,11.5,6.44,0.0,12.0
2018-12-30,14.2,55,53,28.4,6.21,0.0,18.0
2018-12-31,11.9,68,38,12.7,6.23,0.0,13.0
2019-01-01,7.7,84,37,9.7,5.86,0.0,9.0
2019-01-02,10.1,40,2,42.7,6.96,0.0,13.0
2019-01-03,8.9,33,4,28.7,6.84,0.0,10.0
2019-01-04,7.2,49,39,15.3,6.32,0.0,5.0
2019-01-05,9.7,55,21,13.1,6.53,0.0,9.0
2019-01-06,13.7,39,22,31.0,6.73,0.0,17.0
2019-01-07,9.6,59,4,25.8,6.84,0.0,9.0
2019-01-08,7.8,87,75,12.9,4.7,0.0,9.0
2019-01-09,9.0,47,48,21.9,5.71,0.0,10.0
2019-01-10,9.3,31,33,28.8,7.14,0.0,11.0
2019-01-11,7.7,48,10,20.2,7.4,0.0,8.0
2019-01-12,10.7,54,27,10.8,7.07,0.0,10.0
2019-01-13,12.7,59,61,14.1,6.8,0.0,13.0
2019-01-14,12.7,56,19,32.8,7.27,0.0,15.0
2019-01-15,11.8,54,2,14.1,7.51,0.0,13.0
2019-01-16,9.9,73,31,9.4,6.59,0.0,12.0
2019-01-17,8.0,93,83,7.6,3.8,0.0,8.0
2019-01-18,9.6,64,47,22.2,7.93,0.0,12.0
2019-01-19,5.1,77,84,8.2,4.41,0.5,5.0
2019-01-20,5.4,80,24,5.6,7.84,0.0,7.0
2019-01-21,7.2,78,4,10.7,8.03,0.0,8.0
2019-01-22,5.7,77,0,10.6,8.26,0.0,6.0
2019-01-23,2.0,84,76,10.5,3.9,0.6,2.0
2019-01-24,5.5,77,39,17.9,8.51,0.4,7.0
2019-01-25,8.2,35,2,23.8,8.85,0.0,8.0
2019-01-26,8.9,52,65,10.7,8.39,0.0,8.0
2019-01-27,1.0,82,98,11.6,0.96,2.9,2.0
2019-01-28,9.9,59,31,21.6,9.22,0.0,11.0
2019-01-29,9.3,51,35,15.5,9.17,0.0,10.0
2019-01-30,4.6,85,92,11.6,3.01,4.2,5.0
2019-01-31,4.1,87,79,10.5,4.56,2.0,5.0
2019-02-01,1.5,96,100,11.3,0.85,25.1,1.0
2019-02-02,7.4,93,97,9.8,3.29,16.0,4.0
2019-02-03,10.8,68,99,34.5,4.08,2.6,9.0
2019-02-04,10.1,51,15,27.7,9.1,0.0,11.0
2019-02-05,9.5,78,40,10.9,10.2,0.0,11.0
2019-02-06,10.0,75,0,9.2,10.46,0.0,12.0
2019-02-07,7.7,73,62,10.1,6.56,0.0,8.0
2019-02-08,10.4,70,38,8.2,10.34,0.0,13.0
2019-02-09,11.1,75,57,6.8,10.3,0.0,12.0
2019-02-10,6.6,87,97,13.3,1.94,0.8,6.0
2019-02-11,11.6,52,25,23.8,11.22,0.0,13.0
2019-02-12,13.8,35,20,24.1,11.53,0.0,14.0
2019-02-13,10.6,63,5,14.1,11.29,0.0,13.0
2019-02-14,11.6,76,3,9.2,11.54,0.0,14.0
2019-02-15,13.0,79,0,10.3,11.84,0.0,15.0
2019-02-16,12.9,81,0,10.5,12.03,0.0,15.0
2019-02-17,13.5,78,0,10.2,12.28,0.0,16.0
2019-02-18,13.1,72,0,9.0,12.3,0.0,16.0
2019-02-19,11.7,89,53,10.1,9.24,0.0,14.0
2019-02-20,12.4,83,20,9.2,12.47,0.0,13.0
2019-02-21,13.9,82,3,8.9,12.6,0.0,15.0
2019-02-22,20.0,54,14,26.0,12.67,0.0,22.0
2019-02-23,9.7,59,46,19.4,8.47,0.0,10.0
2019-02-24,10.0,62,10,9.3,13.31,0.0,11.0
2019-02-25,13.7,67,4,10.4,13.59,0.0,16.0
2019-02-26,17.6,67,39,9.2,13.64,0.0,19.0
2019-02-27,18.7,58,23,13.2,13.86,0.0,22.0
2019-02-28,17.0,68,12,12.1,14.04,0.0,19.0
2019-03-01,17.5,62,23,26.3,13.36,0.0,19.0
2019-03-02,16.7,45,50,18.9,11.78,0.0,17.0
2019-03-03,16.0,57,46,12.6,14.19,0.0,17.0
2019-03-04,11.1,89,75,11.4,4.32,7.3,10.0
2019-03-05,16.0,55,25,17.6,15.26,0.0,17.0
2019-03-06,12.5,68,69,12.6,8.64,1.4,11.0
2019-03-07,12.2,86,78,15.8,6.81,21.4,11.0
2019-03-08,15.2,80,29,9.2,12.45,0.0,17.0
2019-03-09,16.2,77,56,8.6,13.99,0.0,17.0
2019-03-10,16.9,78,47,12.7,12.65,0.0,17.0
2019-03-11,14.4,43,30,35.6,13.62,0.2,15.0
2019-03-12,13.1,34,22,21.0,16.74,0.0,14.0
2019-03-13,14.3,53,23,16.9,15.59,0.0,16.0
2019-03-14,15.5,45,51,15.7,14.06,0.1,15.0
2019-03-15,19.5,55,37,17.7,16.34,0.8,20.0
2019-03-16,21.3,53,59,21.6,17.0,0.0,22.0
2019-03-17,13.0,82,87,12.7,7.63,1.8,13.0
2019-03-18,14.7,39,32,31.7,18.71,3.1,15.0
2019-03-19,13.0,63,8,9.6,18.25,0.0,14.0
2019-03-20,12.8,54,17,8.9,16.97,0.0,14.0
2019-03-21,14.8,55,6,9.9,18.87,0.0,16.0
2019-03-22,18.8,56,1,9.5,19.06,0.0,19.0
2019-03-23,20.8,53,11,9.3,19.09,0.0,22.0
2019-03-24,22.3,50,15,11.7,19.07,0.0,23.0
2019-03-25,21.9,39,8,51.0,18.33,0.0,23.0
2019-03-26,16.3,37,26,31.2,19.36,0.4,18.0
2019-03-27,14.5,42,20,11.9,17.66,0.0,15.0
2019-03-28,14.5,52,16,11.1,16.89,0.0,15.0
2019-03-29,17.3,48,22,11.9,17.31,0.0,18.0
2019-03-30,19.4,48,0,11.2,20.82,0.0,20.0
2019-03-31,20.8,43,10,10.3,21.12,0.0,22.0
2019-04-01,21.1,41,55,13.9,19.84,0.0,21.0
2019-04-02,19.8,49,92,12.0,15.27,0.3,20.0
2019-04-03,13.1,75,79,21.0,6.98,2.8,13.0
2019-04-04,11.6,90,99,33.7,2.87,55.5,11.0
2019-04-05,15.2,63,73,12.5,15.05,0.0,16.0
2019-04-06,13.9,73,95,9.9,9.08,4.2,15.0
2019-04-07,10.9,88,97,12.3,5.44,19.0,12.0
2019-04-08,18.3,70,25,10.1,21.58,0.0,19.0
2019-04-09,18.3,74,26,9.2,20.8,1.0,19.0
2019-04-10,17.0,83,66,11.4,15.37,5.7,17.0
2019-04-11,13.0,90,98,8.3,7.92,7.3,13.0
2019-04-12,15.2,84,85,9.7,9.71,12.3,16.0
2019-04-13,13.5,81,82,13.0,8.01,3.0,14.0
2019-04-14,8.9,85,89,15.1,7.73,33.3,11.0
2019-04-15,16.5,65,28,14.7,21.26,0.6,18.0
2019-04-16,16.5,70,86,10.5,14.86,0.6,18.0
2019-04-17,19.8,65,29,8.7,21.77,0.0,21.0
2019-04-18,19.2,63,46,12.5,20.61,0.3,21.0
2019-04-19,19.0,64,24,13.7,20.69,0.2,21.0
2019-04-20,21.2,65,23,9.4,23.64,0.0,23.0
2019-04-21,20.8,59,94,12.0,20.29,0.4,22.0
2019-04-22,18.4,55,85,16.9,16.9,1.0,20.0
2019-04-23,14.4,90,100,17.7,4.33,33.8,14.0
2019-04-24,15.5,92,83,18.9,5.88,31.3,16.0
2019-04-25,16.6,84,73,13.4,12.67,12.0,17.0
2019-04-26,16.0,87,92,21.1,11.52,29.0,17.0
2019-04-27,19.5,54,41,15.9,22.63,0.0,20.0
2019-04-28,17.2,38,14,24.6,23.02,0.0,19.0
2019-04-29,16.4,46,51,22.3,20.91,0.0,16.0
2019-04-30,21.4,47,9,18.8,25.21,0.0,22.0
2019-05-01,20.8,62,7,18.7,25.38,0.0,22.0
2019-05-02,19.7,79,53,14.3,18.47,7.7,20.0
2019-05-03,18.3,88,83,10.6,17.2,14.1,19.0
2019-05-04,17.8,79,53,13.2,21.45,4.6,18.0
2019-05-05,13.2,41,98,35.0,8.57,3.4,17.0
2019-05-06,17.1,37,11,25.8,27.08,0.0,18.0
2019-05-07,16.7,55,62,18.7,20.58,0.1,18.0
2019-05-08,11.8,86,100,16.5,4.03,14.9,12.0
2019-05-09,18.0,73,39,13.3,24.24,7.8,18.0
2019-05-10,19.9,71,48,11.8,21.97,0.8,21.0
2019-05-11,17.9,82,68,14.6,12.54,14.7,18.0
2019-05-12,17.1,39,91,31.7,16.03,0.0,19.0
2019-05-13,21.4,46,55,28.5,21.74,0.0,22.0
2019-05-14,18.5,57,36,21.2,21.23,0.5,19.0
2019-05-15,15.7,69,35,18.3,25.36,0.0,16.0
2019-05-16,18.3,67,38,8.0,22.19,0.0,19.0
2019-05-17,16.8,78,82,16.4,12.33,11.8,17.0
2019-05-18,13.3,86,100,18.8,6.02,18.0,14.0
2019-05-19,15.5,86,99,7.9,7.32,14.6,15.0
2019-05-20,16.7,91,99,11.4,10.27,9.4,17.0
2019-05-21,22.6,76,81,15.4,25.94,0.0,23.0
2019-05-22,22.7,79,39,9.9,24.71,4.2,24.0
2019-05-23,23.0,75,6,11.3,26.2,0.0,24.0
2019-05-24,22.9,79,53,8.0,23.22,2.0,25.0
2019-05-25,20.8,82,87,8.4,18.08,7.1,23.0
2019-05-26,21.4,81,69,13.8,16.15,10.4,23.0
2019-05-27,16.6,89,97,11.7,5.91,8.7,18.0
2019-05-28,19.0,77,99,20.9,12.62,2.9,20.0
2019-05-29,21.0,52,78,21.2,20.5,0.0,21.0
2019-05-30,22.3,66,9,13.0,26.78,0.0,24.0
2019-05-31,22.4,68,26,13.6,26.1,0.0,24.0
2019-06-01,25.7,66,15,8.3,27.61,0.0,27.0
2019-06-02,27.7,65,11,9.3,27.38,0.0,29.0
2019-06-03,29.2,61,15,9.1,27.7,0.0,30.0
2019-06-04,29.1,66,25,10.0,25.38,0.0,29.0
2019-06-05,27.0,75,21,18.9,24.61,0.5,28.0
2019-06-06,24.2,63,48,13.3,17.92,2.3,24.0
2019-06-07,25.0,60,43,14.2,24.88,1.3,25.0
2019-06-08,26.4,69,38,10.7,24.48,0.9,27.0
2019-06-09,24.0,74,78,19.4,15.52,17.8,24.0
2019-06-10,22.8,87,87,18.1,14.23,68.8,26.0
2019-06-11,23.1,82,91,20.1,14.91,29.7,24.0
2019-06-12,25.5,73,52,15.5,20.47,28.0,27.0
2019-06-13,24.8,67,3,10.6,29.05,0.0,26.0
2019-06-14,27.4,62,52,18.5,25.53,20.2,29.0
2019-06-15,26.2,75,67,19.0,21.7,0.7,28.0
2019-06-16,28.2,62,10,19.8,28.52,0.0,30.0
2019-06-17,27.5,61,42,19.1,21.83,0.0,30.0
2019-06-18,27.6,74,42,14.3,25.63,1.6,30.0
2019-06-19,28.3,69,39,16.3,25.33,3.3,31.0
2019-06-20,26.6,66,51,9.6,22.71,0.1,28.0
2019-06-21,27.4,71,79,13.8,21.65,2.9,30.0
2019-06-22,22.6,76,89,19.9,16.82,6.7,25.0
2019-06-23,28.1,73,10,9.0,28.35,0.0,29.0
2019-06-24,30.3,67,34,8.7,28.26,0.0,31.0
2019-06-25,31.8,65,16,9.2,27.67,0.0,33.0
2019-06-26,33.7,69,21,9.8,27.85,0.0,34.0
2019-06-27,37.0,70,6,10.3,28.31,0.0,36.0
2019-06-28,34.4,55,8,16.6,27.42,0.0,36.0
2019-06-29,31.8,59,36,14.8,26.32,0.6,34.0
2019-06-30,33.0,58,26,9.7,27.51,0.0,33.0
2019-07-01,33.0,67,38,13.7,24.53,1.4,34.0
2019-07-02,32.2,56,48,13.7,25.79,0.3,33.0
2019-07-03,30.9,65,60,22.1,20.57,2.2,32.0
2019-07-04,28.9,68,26,7.9,25.93,0.1,31.0
2019-07-05,32.6,66,9,8.9,27.96,0.0,33.0
2019-07-06,31.7,74,19,10.0,23.79,3.2,33.0
2019-07-07,30.1,69,33,11.3,25.14,0.0,33.0
2019-07-08,31.6,57,42,12.3,25.75,0.0,33.0
2019-07-09,26.0,75,82,13.0,16.09,11.0,29.0
2019-07-10,26.8,72,42,16.1,21.61,4.4,29.0
2019-07-11,25.4,74,83,17.6,11.91,8.1,26.0
2019-07-12,28.1,70,51,10.1,23.07,0.9,30.0
2019-07-13,30.2,55,44,23.4,24.7,6.3,31.0
2019-07-14,28.5,54,58,12.6,21.8,5.4,29.0
2019-07-15,22.7,80,86,23.5,12.54,36.7,24.0
2019-07-16,27.6,68,9,9.6,27.04,0.0,28.0
2019-07-17,29.0,61,61,8.4,25.26,0.0,30.0
2019-07-18,25.9,71,64,12.0,21.7,7.1,29.0
2019-07-19,28.5,72,56,8.9,21.83,0.3,30.0
2019-07-20,30.5,69,47,10.5,21.51,1.5,31.0
2019-07-21,31.7,64,38,10.7,24.99,0.0,32.0
2019-07-22,33.0,64,78,10.2,23.0,0.4,32.0
2019-07-23,33.4,64,22,10.2,24.28,0.0,34.0
2019-07-24,34.6,62,19,8.7,24.84,0.0,34.0
2019-07-25,34.1,62,40,12.4,21.3,0.1,36.0
2019-07-26,34.0,63,43,11.0,23.57,5.9,34.0
2019-07-27,24.5,82,88,15.9,10.8,20.2,28.0
2019-07-28,27.2,76,98,15.9,19.46,6.3,27.0
2019-07-29,29.4,51,7,22.7,25.93,0.0,33.0
2019-07-30,30.8,70,5,11.5,25.86,0.0,32.0
2019-07-31,28.1,72,33,9.5,20.85,2.5,30.0
2019-08-01,29.3,75,55,14.7,21.75,1.2,31.0
2019-08-02,25.0,78,45,15.8,20.37,7.2,29.0
2019-08-03,29.4,59,7,11.2,25.62,0.0,31.0
2019-08-04,29.4,63,42,12.4,24.1,0.0,31.0
2019-08-05,30.3,66,42,9.9,23.24,0.0,31.0
2019-08-06,29.2,74,62,22.0,16.83,11.1,31.0
2019-08-07,23.6,86,89,15.3,8.93,8.8,23.0
2019-08-08,27.9,80,30,6.6,23.26,0.2,30.0
2019-08-09,29.4,78,31,9.7,19.3,0.2,32.0
2019-08-10,29.5,77,59,12.9,17.66,0.1,32.0
2019-08-11,28.4,79,40,23.9,16.01,2.7,32.0
2019-08-12,27.1,83,74,23.7,15.37,18.9,29.0
2019-08-13,26.7,63,54,25.6,19.39,1.4,29.0
2019-08-14,26.7,49,17,26.6,23.07,0.3,29.0
2019-08-15,25.5,67,48,14.5,19.42,3.6,28.0
2019-08-16,26.1,69,39,10.6,20.6,0.2,29.0
2019-08-17,26.9,65,81,13.1,20.34,0.0,29.0
2019-08-18,27.4,71,27,9.9,17.59,0.0,29.0
2019-08-19,28.3,71,55,16.6,16.69,0.2,29.0
2019-08-20,24.4,81,92,28.8,11.19,2.7,26.0
2019-08-21,28.5,65,63,22.7,20.28,5.8,31.0
2019-08-22,26.8,78,73,18.1,17.63,35.9,30.0
2019-08-23,25.2,83,74,11.1,13.88,12.4,28.0
2019-08-24,27.2,80,32,7.9,19.78,1.0,31.0
2019-08-25,28.4,76,26,13.2,21.02,8.8,31.0
2019-08-26,28.4,74,37,11.9,18.57,0.2,31.0
2019-08-27,28.9,74,53,11.6,18.8,0.3,30.0
2019-08-28,23.5,87,90,15.7,6.35,18.4,24.0
2019-08-29,29.1,79,42,9.4,20.79,0.1,31.0
2019-08-30,30.3,73,34,10.5,21.0,0.1,32.0
2019-08-31,27.6,82,98,21.6,12.41,14.5,30.0
2019-09-01,28.1,76,39,10.0,19.83,0.0,30.0
2019-09-02,26.8,75,70,14.4,17.25,6.8,29.0
2019-09-03,26.8,60,25,17.3,19.76,0.0,28.0
2019-09-04,24.8,67,52,10.0,15.45,0.0,27.0
2019-09-05,23.9,74,50,25.2,13.63,21.6,27.0
2019-09-06,19.6,78,96,34.6,7.21,26.7,20.0
2019-09-07,22.5,76,52,9.0,16.83,0.1,23.0
2019-09-08,20.5,76,67,21.1,14.84,30.6,22.0
2019-09-09,22.1,56,27,16.8,20.61,0.0,23.0
2019-09-10,18.8,68,89,12.3,8.52,1.1,21.0
2019-09-11,24.4,66,44,10.0,19.19,0.0,26.0
2019-09-12,26.3,71,1,6.9,19.45,0.0,28.0
2019-09-13,26.8,71,18,8.4,19.07,0.0,28.0
2019-09-14,26.7,73,22,7.6,19.01,0.0,28.0
2019-09-15,26.6,74,64,7.1,17.16,0.0,28.0
2019-09-16,27.7,74,9,8.9,18.12,0.0,29.0
2019-09-17,28.2,69,8,11.6,17.88,0.0,29.0
2019-09-18,25.2,78,64,18.8,12.54,4.9,26.0
2019-09-19,20.3,74,81,15.8,10.77,4.6,20.0
2019-09-20,20.1,58,48,11.2,14.77,0.0,21.0
2019-09-21,20.4,61,45,8.5,17.54,0.0,22.0
2019-09-22,17.9,77,92,9.6,8.04,5.8,18.0
2019-09-23,21.1,85,53,10.1,12.41,2.5,22.0
2019-09-24,20.9,67,46,12.9,10.87,0.0,23.0
2019-09-25,22.7,76,29,7.7,15.71,0.0,24.0
2019-09-26,23.0,80,62,10.8,11.6,0.1,23.0
2019-09-27,22.1,81,85,7.4,9.64,2.5,24.0
2019-09-28,23.1,87,73,7.9,12.33,2.9,25.0
2019-09-29,23.7,78,40,9.0,12.73,0.0,25.0
2019-09-30,26.0,71,44,12.3,15.16,0.0,27.0
2019-10-01,22.7,83,52,7.4,10.63,5.9,25.0
2019-10-02,23.2,79,56,20.5,12.28,3.4,25.0
2019-10-03,21.1,41,24,33.0,16.33,0.0,23.0
2019-10-04,17.1,71,64,11.3,8.95,0.0,18.0
2019-10-05,22.0,65,31,15.1,14.05,0.0,22.0
2019-10-06,18.1,76,62,16.6,8.69,1.8,20.0
2019-10-07,20.7,73,26,15.5,14.97,14.2,21.0
2019-10-08,18.4,76,61,9.0,10.32,0.0,19.0
2019-10-09,15.0,87,73,8.3,2.58,6.1,15.0
2019-10-10,21.1,77,28,11.5,14.16,0.0,19.0
2019-10-11,18.4,82,36,9.7,8.08,0.4,20.0
2019-10-12,18.8,78,41,9.0,11.17,0.0,20.0
2019-10-13,19.6,81,32,7.6,12.57,0.0,21.0
2019-10-14,20.3,78,57,9.0,9.85,0.2,20.0
2019-10-15,16.7,95,98,24.3,1.62,64.5,18.0
2019-10-16,18.8,71,21,16.2,13.32,0.3,19.0
2019-10-17,18.4,77,61,10.0,9.98,0.1,20.0
2019-10-18,16.8,90,96,7.6,6.16,11.6,18.0
2019-10-19,16.3,95,99,18.0,1.99,31.5,16.0
2019-10-20,18.3,91,95,21.7,4.9,25.0,17.0
2019-10-21,18.2,93,99,27.3,3.62,76.3,19.0
2019-10-22,21.3,86,92,10.0,7.15,12.2,22.0
2019-10-23,21.7,85,54,9.8,10.32,0.5,22.0
2019-10-24,16.5,93,98,20.9,1.83,24.0,17.0
2019-10-25,19.9,84,64,9.4,10.02,0.0,22.0
2019-10-26,21.7,79,1,11.8,11.29,0.0,22.0
2019-10-27,21.2,78,31,10.5,11.06,0.0,22.0
2019-10-28,18.4,88,81,6.0,8.97,1.8,19.0
2019-10-29,17.0,90,91,9.2,4.14,1.2,17.0
2019-10-30,14.3,87,95,14.1,3.18,1.7,15.0
2019-10-31,12.6,78,100,12.2,3.01,1.3,13.0
2019-11-01,13.4,77,81,7.9,6.85,0.2,13.0
2019-11-02,12.1,86,99,6.0,4.18,1.9,13.0
2019-11-03,10.9,93,93,11.4,0.92,25.9,11.0
2019-11-04,16.4,85,24,12.4,8.81,0.0,18.0
2019-11-05,15.2,86,67,11.0,6.31,9.7,17.0
2019-11-06,12.8,89,68,10.2,7.69,2.6,12.0
2019-11-07,10.6,90,73,10.1,2.34,8.4,10.0
2019-11-08,9.9,90,98,16.8,1.65,44.8,10.0
2019-11-09,13.7,77,34,11.3,9.63,0.0,16.0
2019-11-10,11.9,78,75,11.5,7.19,0.9,13.0
2019-11-11,8.9,76,90,14.8,1.38,11.7,10.0
2019-11-12,11.6,75,92,18.4,4.23,4.9,13.0
2019-11-13,13.6,42,12,22.7,9.37,0.0,15.0
2019-11-14,7.1,77,76,18.0,1.62,4.2,7.0
2019-11-15,9.1,90,99,34.4,2.55,32.7,9.0
2019-11-16,9.3,88,94,16.7,3.88,3.8,10.0
2019-11-17,7.7,89,88,16.4,1.79,13.5,7.0
2019-11-18,9.2,85,83,14.4,4.96,5.6,8.0
2019-11-19,8.8,87,100,23.8,1.0,28.0,8.0
2019-11-20,12.1,88,90,12.2,4.4,8.5,12.0
2019-11-21,10.7,92,91,7.4,4.22,5.9,12.0
2019-11-22,9.0,95,100,12.1,1.03,23.0,10.0
2019-11-23,10.9,90,100,29.2,0.59,39.7,12.0
2019-11-24,11.0,86,100,18.7,0.97,42.4,10.0
2019-11-25,16.6,81,74,19.6,4.2,4.3,17.0
2019-11-26,12.6,89,62,9.4,5.36,0.0,14.0
2019-11-27,10.1,94,97,13.3,0.89,22.5,10.0
2019-11-28,11.9,88,32,8.0,5.86,0.0,13.0
2019-11-29,12.4,84,32,11.8,6.88,0.0,13.0
2019-11-30,13.9,72,25,15.8,7.24,0.0,14.0
2019-12-01,7.9,90,100,16.5,0.6,18.6,8.0
2019-12-02,10.9,80,48,16.8,6.9,1.4,10.0
2019-12-03,9.3,75,80,11.9,3.99,0.7,10.0
2019-12-04,7.4,73,29,7.9,5.74,0.0,8.0
2019-12-05,8.1,82,60,10.5,6.83,0.0,9.0
2019-12-06,6.5,91,17,7.6,5.96,0.0,8.0
2019-12-07,10.0,83,40,8.0,6.65,0.0,12.0
2019-12-08,9.8,83,54,9.7,4.23,0.0,10.0
2019-12-09,10.5,83,50,14.7,6.08,0.0,10.0
2019-12-10,10.9,43,13,28.1,6.97,0.0,13.0
2019-12-11,6.8,66,72,9.1,4.72,0.0,7.0
2019-12-12,4.6,90,99,7.6,3.31,1.3,4.0
2019-12-13,3.5,91,65,14.0,2.51,8.9,4.0
2019-12-14,11.3,63,29,15.9,6.25,0.0,12.0
2019-12-15,8.1,84,62,12.0,2.74,0.0,9.0
2019-12-16,7.6,95,100,6.2,0.92,2.7,8.0
2019-12-17,8.7,94,100,12.2,0.84,16.4,9.0
2019-12-18,9.8,96,99,8.2,1.14,14.4,10.0
2019-12-19,10.3,92,99,12.2,1.11,9.9,10.0
2019-12-20,9.5,96,99,28.9,0.38,41.6,10.0
2019-12-21,11.6,88,64,18.8,5.2,9.0,12.0
2019-12-22,12.1,81,61,15.8,4.94,10.3,12.0
2019-12-23,13.8,55,25,16.6,6.39,0.3,16.0
2019-12-24,12.1,59,45,18.1,4.91,0.0,13.0
2019-12-25,13.8,58,4,22.3,6.33,0.0,17.0
2019-12-26,11.4,66,25,14.2,5.99,0.0,12.0
2019-12-27,9.2,80,32,10.9,5.52,0.0,10.0
2019-12-28,9.3,84,10,11.9,5.77,0.0,10.0
2019-12-29,7.0,92,52,8.6,5.57,0.0,7.0
2019-12-30,5.5,91,55,13.0,3.82,0.0,7.0
2019-12-31,8.0,87,50,9.1,6.12,0.0,9.0
2020-01-01,9.1,78,0,11.6,6.66,0.0,11.0
2020-01-02,8.2,75,2,8.3,6.53,0.0,9.0
2020-01-03,7.9,83,60,9.7,4.76,0.0,7.0
2020-01-04,12.7,67,17,18.7,6.49,0.0,11.0
2020-01-05,13.3,56,1,20.5,6.71,0.0,14.0
2020-01-06,7.9,85,1,10.8,6.73,0.0,9.0
2020-01-07,6.4,89,38,9.4,6.49,0.0,4.0
2020-01-08,6.8,79,19,12.6,6.8,0.0,4.0
2020-01-09,8.7,73,42,8.7,6.75,0.0,11.0
2020-01-10,9.2,89,46,11.8,4.98,0.0,10.0
2020-01-11,11.1,79,1,10.7,7.13,0.0,13.0
2020-01-12,9.7,75,20,9.5,7.25,0.0,11.0
2020-01-13,7.6,74,30,6.1,6.96,0.0,8.0
2020-01-14,6.3,84,80,9.0,3.51,0.0,6.0
2020-01-15,6.7,87,81,7.4,2.69,0.0,7.0
2020-01-16,8.9,88,23,8.8,6.37,0.0,10.0
2020-01-17,10.2,78,47,12.8,5.74,0.1,10.0
2020-01-18,9.6,78,42,18.7,7.79,2.9,9.0
2020-01-19,8.4,60,74,16.2,6.27,0.0,11.0
2020-01-20,8.0,47,41,17.0,7.28,0.0,9.0
2020-01-21,6.7,63,53,13.1,7.21,0.0,8.0
2020-01-22,9.2,62,41,10.2,8.17,0.0,9.0
2020-01-23,9.1,69,4,10.5,8.07,0.0,10.0
2020-01-24,7.7,77,49,8.0,6.77,0.2,10.0
2020-01-25,6.9,85,90,8.4,4.65,0.2,9.0
2020-01-26,9.9,84,50,10.1,8.14,0.0,10.0
2020-01-27,10.2,82,58,8.4,7.83,0.1,12.0
2020-01-28,8.6,85,91,14.3,6.44,0.9,9.0
2020-01-29,12.1,67,12,17.2,8.8,0.0,14.0
2020-01-30,10.5,66,62,17.7,8.44,0.0,13.0
2020-01-31,12.3,82,26,9.7,8.96,0.0,15.0
2020-02-01,10.6,86,84,8.3,2.95,0.2,10.0
2020-02-02,13.1,88,49,10.1,7.31,0.0,15.0
2020-02-03,15.9,83,60,10.3,8.74,0.0,18.0
2020-02-04,12.8,62,44,38.4,9.15,0.3,16.0
2020-02-05,11.4,44,3,41.6,10.59,0.0,14.0
2020-02-06,10.3,51,36,10.9,10.12,0.0,12.0
2020-02-07,10.2,72,0,8.8,10.53,0.0,12.0
2020-02-08,9.3,79,46,8.1,6.86,0.0,11.0
2020-02-09,8.7,82,54,10.5,5.5,0.0,10.0
2020-02-10,11.0,85,57,12.2,7.39,0.6,13.0
2020-02-11,17.0,59,9,19.9,10.53,0.0,20.0
2020-02-12,13.6,38,0,17.9,11.46,0.0,16.0
2020-02-13,9.7,53,63,17.6,10.84,0.2,12.0
2020-02-14,15.6,66,19,14.5,11.31,0.0,16.0
2020-02-15,13.7,65,41,11.6,10.78,0.0,14.0
2020-02-16,12.2,82,77,8.6,10.15,0.0,14.0
2020-02-17,10.1,91,97,8.8,3.05,2.9,11.0
2020-02-18,16.1,68,28,20.8,12.24,0.0,18.0
2020-02-19,13.6,58,35,19.8,11.04,1.1,15.0
2020-02-20,12.7,49,15,12.8,12.36,0.0,13.0
2020-02-21,17.4,62,18,13.6,12.68,0.0,16.0
2020-02-22,13.5,70,20,12.6,12.84,0.0,14.0
2020-02-23,15.7,76,84,12.5,11.6,0.0,16.0
2020-02-24,19.2,82,62,13.0,12.96,0.0,21.0
2020-02-25,12.4,88,90,7.4,5.45,0.8,13.0
2020-02-26,10.6,57,38,23.4,10.61,0.0,14.0
2020-02-27,10.4,48,42,16.9,9.94,0.1,11.0
2020-02-28,13.4,38,12,31.4,14.61,0.0,15.0
2020-02-29,10.5,61,92,10.7,7.41,4.5,10.0
2020-03-01,9.5,85,86,9.0,6.7,2.1,9.0
2020-03-02,6.5,92,81,24.8,1.03,45.7,6.0
2020-03-03,13.0,54,74,26.1,13.42,4.7,15.0
2020-03-04,13.6,43,13,23.5,15.53,0.0,14.0
2020-03-05,7.9,83,97,13.0,3.36,11.9,9.0
2020-03-06,11.7,77,64,16.3,13.54,2.7,10.0
2020-03-07,14.6,37,11,25.5,16.26,0.0,16.0
2020-03-08,13.0,54,37,17.3,14.55,0.0,14.0
2020-03-09,10.9,75,76,9.8,6.74,0.6,11.0
2020-03-10,14.7,52,77,18.6,12.9,0.0,16.0
2020-03-11,18.5,71,2,11.3,16.18,0.0,20.0
2020-03-12,13.8,88,69,9.2,7.25,0.0,14.0
2020-03-13,17.6,74,63,23.1,14.55,0.5,18.0
2020-03-14,11.6,79,80,18.8,6.01,4.8,12.0
2020-03-15,11.4,76,70,10.7,7.76,0.2,12.0
2020-03-16,13.2,71,30,7.1,15.01,0.0,15.0
2020-03-17,15.6,71,11,6.9,17.73,0.0,17.0
2020-03-18,18.1,69,0,7.4,17.74,0.0,20.0
2020-03-19,19.1,66,0,11.6,18.17,0.0,21.0
2020-03-20,15.8,76,25,9.8,14.26,0.4,18.0
2020-03-21,17.3,73,1,11.9,18.43,0.0,19.0
2020-03-22,13.5,74,75,19.1,8.16,0.8,14.0
2020-03-23,9.1,50,87,21.3,9.65,0.0,9.0
2020-03-24,10.6,57,35,10.9,16.86,0.3,11.0
2020-03-25,7.2,63,70,13.9,9.44,1.0,8.0
2020-03-26,7.4,64,83,11.7,8.93,0.0,7.0
2020-03-27,13.4,63,95,12.4,14.54,1.1,13.0
2020-03-28,17.0,66,45,14.7,19.67,0.3,18.0
2020-03-29,17.2,71,44,8.3,14.62,2.4,18.0
2020-03-30,10.4,83,97,25.9,5.61,21.5,11.0
2020-03-31,8.6,73,89,20.3,11.0,3.4,9.0
2020-04-01,9.7,67,63,8.4,15.42,0.0,10.0
2020-04-02,11.6,65,6,7.8,21.15,0.0,13.0
2020-04-03,15.5,61,0,10.2,21.64,0.0,17.0
2020-04-04,17.2,64,3,12.1,21.43,0.0,18.0
2020-04-05,16.8,58,12,9.4,21.22,0.0,19.0
2020-04-06,18.3,55,8,11.6,21.95,0.0,20.0
2020-04-07,20.2,58,1,14.7,22.24,0.0,23.0
2020-04-08,19.9,52,3,9.9,22.53,0.0,22.0
2020-04-09,21.6,53,1,10.6,22.51,0.0,23.0
2020-04-10,23.1,50,0,12.0,22.83,0.0,25.0
2020-04-11,23.7,44,3,12.4,23.08,0.0,25.0
2020-04-12,22.7,37,39,12.3,22.58,0.0,23.0
2020-04-13,20.7,45,88,18.6,20.98,0.0,21.0
2020-04-14,22.6,50,26,26.3,24.49,0.0,23.0
2020-04-15,16.3,53,39,13.0,21.64,0.0,17.0
2020-04-16,18.7,58,44,9.7,19.21,0.0,20.0
2020-04-17,21.5,49,50,9.7,23.06,0.0,21.0
2020-04-18,21.8,64,70,8.4,21.24,0.0,23.0
2020-04-19,21.5,72,84,9.0,16.69,0.7,21.0
2020-04-20,15.4,90,100,17.3,3.32,24.7,14.0
2020-04-21,12.5,83,99,14.2,5.22,9.5,13.0
2020-04-22,18.8,57,25,13.2,22.85,0.0,20.0
2020-04-23,19.8,62,3,11.8,24.66,0.0,21.0
2020-04-24,22.4,64,22,12.3,24.58,0.0,23.0
2020-04-25,22.9,69,29,16.0,23.5,0.0,23.0
2020-04-26,21.7,69,55,13.7,20.49,0.0,21.0
2020-04-27,18.8,80,64,9.7,13.96,4.9,20.0
2020-04-28,17.1,84,99,11.3,9.31,10.1,17.0
2020-04-29,20.9,69,15,15.7,24.28,1.5,22.0
2020-04-30,18.6,82,82,11.8,12.55,10.2,18.0
2020-05-01,18.1,76,73,10.0,16.72,0.9,18.0
2020-05-02,22.1,57,42,19.2,24.16,0.0,24.0
2020-05-03,21.8,49,51,23.1,21.79,1.9,24.0
2020-05-04,21.5,52,34,13.8,23.77,0.0,23.0
2020-05-05,22.6,62,56,12.1,21.69,0.8,23.0
2020-05-06,21.7,79,69,16.6,16.03,3.0,23.0
2020-05-07,22.8,58,44,10.7,25.14,0.0,23.0
2020-05-08,24.3,55,73,12.0,22.62,0.0,25.0
2020-05-09,24.8,51,44,14.6,24.06,0.0,25.0
2020-05-10,23.1,65,81,11.8,19.07,3.5,23.0
2020-05-11,16.1,88,96,28.2,6.57,41.7,16.0
2020-05-12,20.7,77,66,9.5,19.51,0.0,22.0
2020-05-13,15.8,90,99,14.4,6.8,10.1,16.0
2020-05-14,20.5,81,65,12.4,20.46,7.1,23.0
2020-05-15,19.8,83,85,18.4,11.83,70.3,21.0
2020-05-16,20.2,84,85,10.0,14.91,6.8,21.0
2020-05-17,21.3,80,91,12.1,18.98,8.4,24.0
2020-05-18,24.3,78,67,11.3,22.89,12.3,25.0
2020-05-19,23.0,81,72,14.4,17.85,2.2,25.0
2020-05-20,25.9,73,9,11.2,26.42,0.0,27.0
2020-05-21,24.9,68,10,15.4,26.94,0.0,26.0
2020-05-22,25.4,70,57,9.0,25.53,0.0,26.0
2020-05-23,25.4,71,78,14.8,20.38,2.9,25.0
2020-05-24,24.0,49,64,30.0,24.21,0.6,25.0
2020-05-25,24.4,59,34,13.4,27.62,0.2,25.0
2020-05-26,23.5,50,35,22.1,26.05,0.0,24.0
2020-05-27,23.9,52,37,20.3,24.83,0.0,24.0
2020-05-28,25.0,57,21,10.1,26.13,0.1,25.0
2020-05-29,21.3,65,40,21.3,19.94,0.6,21.0
2020-05-30,23.5,61,68,11.6,21.2,4.3,23.0
2020-05-31,23.3,64,64,13.0,21.71,1.6,22.0
2020-06-01,25.6,58,39,11.0,25.12,0.0,25.0
2020-06-02,28.2,56,30,11.1,26.83,0.0,27.0
2020-06-03,26.3,68,50,17.3,23.54,1.1,25.0
2020-06-04,18.3,90,99,19.1,4.24,30.1,17.0
2020-06-05,24.0,67,37,12.2,26.38,5.1,25.0
2020-06-06,24.3,70,31,13.7,23.81,0.0,25.0
2020-06-07,19.8,87,96,25.0,8.05,64.0,19.0
2020-06-08,19.0,82,77,15.3,14.97,5.5,20.0
2020-06-09,19.3,82,79,14.3,18.01,17.8,21.0
2020-06-10,20.2,76,77,12.9,21.4,1.9,21.0
2020-06-11,18.8,87,95,10.7,14.96,10.7,20.0
2020-06-12,20.7,77,61,9.9,16.19,0.4,22.0
2020-06-13,23.2,72,74,12.0,20.4,0.6,24.0
2020-06-14,25.1,75,54,16.5,26.2,0.7,26.0
2020-06-15,25.7,63,68,19.8,24.39,0.3,27.0
2020-06-16,24.8,80,77,9.1,24.58,0.8,26.0
2020-06-17,21.4,87,82,10.1,17.85,15.9,21.0
2020-06-18,22.8,77,35,10.2,24.58,1.0,24.0
2020-06-19,23.0,78,13,10.4,26.8,0.1,26.0
2020-06-20,26.0,55,15,12.3,28.58,0.0,27.0
2020-06-21,29.1,43,26,25.9,29.08,0.0,30.0
2020-06-22,30.6,47,3,23.4,28.45,0.0,32.0
2020-06-23,30.0,57,2,13.0,28.63,0.0,30.0
2020-06-24,28.9,66,22,14.8,25.88,0.0,30.0
2020-06-25,26.7,68,49,13.0,21.75,4.8,28.0
2020-06-26,27.6,75,63,17.0,21.57,2.9,27.0
2020-06-27,27.6,73,47,11.2,22.32,0.5,29.0
2020-06-28,30.1,63,17,8.9,27.37,0.0,30.0
2020-06-29,29.9,62,15,10.2,25.59,0.1,30.0
2020-06-30,27.4,78,52,12.3,18.82,4.6,30.0
2020-07-01,27.8,78,70,13.3,18.87,4.2,28.0
2020-07-02,28.6,78,50,17.6,24.96,3.4,30.0
2020-07-03,26.3,77,50,13.0,21.07,8.0,29.0
2020-07-04,26.8,70,47,9.2,26.06,4.5,27.0
2020-07-05,29.4,69,4,8.3,27.92,0.0,29.0
2020-07-06,30.4,64,25,36.0,25.65,0.8,31.0
2020-07-07,25.8,49,39,37.1,22.24,0.3,26.0
2020-07-08,27.1,56,33,8.2,26.69,0.0,27.0
2020-07-09,29.6,61,49,8.0,27.8,0.0,29.0
2020-07-10,30.9,59,33,11.0,26.4,0.2,30.0
2020-07-11,27.6,73,43,12.8,22.06,6.5,28.0
2020-07-12,27.2,63,46,15.9,24.8,0.1,28.0
2020-07-13,25.8,55,76,15.2,19.42,0.0,26.0
2020-07-14,25.2,58,79,12.1,19.5,1.1,25.0
2020-07-15,25.3,68,70,9.7,20.44,1.7,26.0
2020-07-16,27.7,65,57,8.4,22.01,0.2,28.0
2020-07-17,28.3,70,42,15.9,21.21,2.5,28.0
2020-07-18,26.2,66,64,16.3,22.5,1.9,27.0
2020-07-19,29.2,56,19,10.6,26.83,0.0,28.0
2020-07-20,31.0,61,18,11.8,24.87,0.0,30.0
2020-07-21,30.5,68,36,8.7,22.1,1.6,31.0
2020-07-22,31.9,66,66,18.9,22.28,4.8,31.0
2020-07-23,31.0,63,34,12.8,24.6,1.2,31.0
2020-07-24,24.1,79,70,14.8,16.85,33.9,24.0
2020-07-25,28.4,70,20,11.8,25.82,0.0,29.0
2020-07-26,28.6,69,68,8.0,23.91,0.0,29.0
2020-07-27,29.3,70,28,9.0,21.86,0.4,30.0
2020-07-28,32.6,64,24,10.7,23.1,0.0,31.0
2020-07-29,32.1,69,43,9.0,20.65,0.3,32.0
2020-07-30,31.6,71,52,12.3,21.39,2.0,33.0
2020-07-31,35.2,65,48,12.0,25.46,0.1,34.0
2020-08-01,35.1,65,20,7.4,24.47,1.2,36.0
2020-08-02,30.6,67,58,14.8,23.18,11.8,32.0
2020-08-03,25.8,74,80,26.3,13.49,20.5,25.0
2020-08-04,27.0,42,59,26.7,20.76,0.3,29.0
2020-08-05,27.8,42,0,21.7,26.18,0.0,28.0
2020-08-06,30.3,57,20,12.1,25.52,0.0,30.0
2020-08-07,32.1,60,8,16.3,24.89,0.0,31.0
2020-08-08,33.6,54,13,11.8,24.12,0.0,33.0
2020-08-09,34.5,45,18,10.7,24.3,0.0,34.0
2020-08-10,33.8,53,50,8.9,21.43,0.0,33.0
2020-08-11,32.8,58,57,12.7,21.88,0.2,33.0
2020-08-12,32.2,68,62,10.0,19.43,5.9,32.0
2020-08-13,27.8,80,59,9.2,19.09,10.2,31.0
2020-08-14,27.0,82,56,11.0,20.89,0.2,31.0
2020-08-15,29.4,69,26,8.4,23.19,0.0,32.0
2020-08-16,26.6,79,80,12.3,17.09,3.2,29.0
2020-08-17,26.1,84,80,11.8,13.96,20.7,28.0
2020-08-18,27.8,75,43,12.3,21.94,0.6,30.0
2020-08-19,27.4,77,56,11.6,21.32,12.7,30.0
2020-08-20,29.7,74,32,7.0,19.8,0.5,31.0
2020-08-21,30.5,71,22,9.7,20.75,0.0,33.0
2020-08-22,31.7,55,17,7.2,20.64,0.0,33.0
2020-08-23,26.2,75,43,14.6,14.92,3.7,31.0
2020-08-24,26.5,74,40,13.4,17.4,1.4,29.0
2020-08-25,26.8,70,38,14.9,18.12,1.5,28.0
2020-08-26,29.7,69,46,9.2,19.69,0.1,30.0
2020-08-27,28.5,73,31,9.5,20.13,0.0,30.0
2020-08-28,24.5,87,88,14.5,8.01,23.4,27.0
2020-08-29,23.0,90,95,20.8,7.89,49.5,24.0
2020-08-30,22.4,85,72,15.9,12.35,68.1,26.0
2020-08-31,22.4,66,57,17.0,16.51,0.2,25.0
2020-09-01,24.0,72,22,10.8,21.58,0.0,26.0
2020-09-02,21.4,79,50,10.4,16.44,9.6,23.0
2020-09-03,24.2,76,38,7.4,19.13,0.1,26.0
2020-09-04,25.6,75,18,6.8,20.61,0.0,28.0
2020-09-05,26.3,76,5,7.6,20.4,0.0,29.0
2020-09-06,26.1,68,37,10.9,16.16,2.1,28.0
2020-09-07,20.9,82,76,18.4,8.84,22.9,23.0
2020-09-08,24.5,79,35,11.7,15.45,1.4,27.0
2020-09-09,25.5,80,24,9.3,17.64,0.0,28.0
2020-09-10,26.3,80,73,9.3,17.54,2.0,28.0
2020-09-11,25.4,81,81,11.2,14.9,4.3,26.0
2020-09-12,27.4,79,43,8.4,18.26,0.0,29.0
2020-09-13,28.7,76,6,9.2,18.6,0.0,31.0
2020-09-14,27.5,77,40,10.5,16.73,0.1,30.0
2020-09-15,27.2,74,42,8.3,16.87,0.0,29.0
2020-09-16,27.4,73,54,17.2,16.23,0.0,29.0
2020-09-17,28.7,74,9,13.2,18.25,0.0,31.0
2020-09-18,27.1,67,23,10.7,16.65,0.0,29.0
2020-09-19,22.8,71,67,12.4,12.25,0.1,25.0
2020-09-20,22.8,78,60,8.4,12.15,0.7,25.0
2020-09-21,22.4,83,79,8.9,11.74,8.2,23.0
2020-09-22,20.0,90,98,8.0,5.98,11.8,21.0
2020-09-23,21.8,87,69,7.4,11.46,7.3,23.0
2020-09-24,20.0,93,85,17.5,6.56,22.3,21.0
2020-09-25,17.2,75,88,33.9,9.01,15.2,18.0
2020-09-26,17.5,42,52,22.3,14.82,0.0,19.0
2020-09-27,16.3,64,39,16.9,15.03,1.1,18.0
2020-09-28,19.4,68,16,10.0,16.47,0.0,21.0
2020-09-29,20.0,72,73,7.1,13.76,0.0,21.0
2020-09-30,20.5,76,44,8.2,13.46,0.0,22.0
2020-10-01,19.2,84,68,8.1,9.07,0.8,20.0
2020-10-02,16.1,93,100,40.4,1.92,52.5,17.0
2020-10-03,18.8,73,50,36.4,13.14,30.2,19.0
2020-10-04,18.6,81,51,18.6,12.45,16.4,20.0
2020-10-05,16.4,79,84,15.6,9.48,5.2,17.0
2020-10-06,16.9,83,74,7.0,9.13,0.1,18.0
2020-10-07,20.9,64,38,20.4,13.92,0.3,22.0
2020-10-08,20.5,56,20,16.4,14.54,0.0,22.0
2020-10-09,18.6,77,88,5.1,10.86,0.0,19.0
2020-10-10,19.2,77,48,15.6,12.1,0.0,20.0
2020-10-11,16.7,59,80,19.1,8.87,0.5,16.0
2020-10-12,17.0,50,18,28.3,14.36,0.0,19.0
2020-10-13,15.8,51,41,18.4,13.64,0.0,17.0
2020-10-14,13.8,76,70,10.5,5.95,2.2,15.0
2020-10-15,11.6,86,95,10.7,2.22,13.7,10.0
2020-10-16,14.7,82,80,9.7,6.67,3.7,15.0
2020-10-17,15.9,80,14,8.5,12.55,0.0,17.0
2020-10-18,14.9,86,47,7.4,8.24,1.2,16.0
2020-10-19,14.7,83,74,8.1,6.6,0.0,16.0
2020-10-20,14.8,76,90,8.1,6.53,0.0,14.0
2020-10-21,13.5,85,99,9.7,3.09,1.3,15.0
2020-10-22,14.5,93,100,6.6,2.96,4.9,14.0
2020-10-23,13.4,96,100,9.0,1.8,12.6,14.0
2020-10-24,16.5,92,53,6.9,8.69,0.5,17.0
2020-10-25,16.8,91,50,9.4,8.43,1.4,15.0
2020-10-26,13.9,92,98,23.9,1.25,25.2,14.0
2020-10-27,16.2,73,44,19.1,10.46,2.9,16.0
2020-10-28,16.0,80,57,8.0,9.77,0.0,17.0
2020-10-29,17.1,78,90,10.0,9.01,0.0,17.0
2020-10-30,17.0,80,52,10.2,10.37,0.0,18.0
2020-10-31,14.7,92,45,6.2,7.92,0.0,16.0
2020-11-01,15.3,95,86,7.4,3.83,0.0,16.0
2020-11-02,16.2,91,70,8.9,7.56,0.0,18.0
2020-11-03,15.3,92,75,5.6,4.45,0.7,16.0
2020-11-04,15.1,93,81,8.7,2.97,6.1,17.0
2020-11-05,17.7,90,51,9.0,7.1,1.0,19.0
2020-11-06,15.9,90,35,8.7,6.77,0.1,17.0
2020-11-07,16.4,88,24,9.9,9.35,0.0,18.0
2020-11-08,16.6,85,48,9.6,8.11,0.0,18.0
2020-11-09,16.2,85,8,7.9,8.99,0.0,18.0
2020-11-10,16.1,87,63,7.0,8.24,0.0,17.0
2020-11-11,12.0,91,57,11.4,3.47,0.0,14.0
2020-11-12,13.4,87,68,6.3,5.48,0.0,13.0
2020-11-13,12.1,92,78,6.5,3.45,0.0,13.0
2020-11-14,13.0,92,73,6.1,5.02,0.0,14.0
2020-11-15,12.3,86,66,7.2,6.13,0.1,13.0
2020-11-16,14.0,88,58,11.4,6.28,3.0,14.0
2020-11-17,13.8,89,44,8.1,7.66,0.0,14.0
2020-11-18,12.8,87,10,7.7,8.15,0.0,12.0
2020-11-19,13.2,87,13,34.1,7.92,0.0,14.0
2020-11-20,15.2,36,23,35.9,8.2,0.0,13.0
2020-11-21,10.0,56,27,16.6,7.7,0.1,11.0
2020-11-22,8.5,76,27,8.4,7.78,0.0,11.0
2020-11-23,8.8,82,31,6.9,7.65,0.0,10.0
2020-11-24,10.4,83,13,10.6,7.48,0.0,13.0
2020-11-25,10.3,82,6,7.4,7.44,0.0,12.0
2020-11-26,8.4,90,21,6.2,7.49,0.0,10.0
2020-11-27,5.8,94,64,7.2,5.19,0.0,9.0
2020-11-28,6.9,94,78,7.2,4.32,0.1,9.0
2020-11-29,9.6,88,66,13.0,2.47,0.0,10.0
2020-11-30,6.9,82,76,9.0,3.23,0.0,7.0
2020-12-01,5.4,87,92,11.2,2.39,2.7,6.0
2020-12-02,3.6,96,100,12.9,1.14,8.7,3.0
2020-12-03,4.7,94,56,8.5,5.18,0.0,2.0
2020-12-04,3.3,97,100,16.9,0.54,47.4,2.0
2020-12-05,5.3,94,100,14.6,1.5,17.4,4.0
2020-12-06,6.1,95,99,11.4,2.52,9.3,4.0
2020-12-07,4.4,96,96,11.6,1.5,13.0,5.0
2020-12-08,5.4,92,100,16.4,0.78,18.3,6.0
2020-12-09,8.0,90,96,13.8,1.92,9.0,7.0
2020-12-10,8.3,87,78,8.2,3.42,0.9,9.0
2020-12-11,5.0,94,78,11.5,1.76,1.7,6.0
2020-12-12,7.0,90,83,7.2,3.02,2.0,7.0
2020-12-13,8.4,91,12,8.7,6.54,0.0,9.0
2020-12-14,6.1,94,58,8.3,5.22,0.0,10.0
2020-12-15,9.0,89,78,7.6,4.26,0.0,9.0
2020-12-16,8.7,90,86,9.3,3.65,0.3,9.0
2020-12-17,11.0,88,58,8.4,5.13,0.0,12.0
2020-12-18,8.4,94,87,7.3,2.45,0.0,11.0
2020-12-19,9.7,89,97,5.6,2.11,0.3,10.0
2020-12-20,8.1,95,100,6.5,1.12,5.8,8.0
2020-12-21,8.9,97,84,5.9,1.94,0.0,9.0
2020-12-22,10.4,93,97,7.8,4.67,0.0,10.0
2020-12-23,9.9,89,99,10.5,2.09,0.8,10.0
2020-12-24,9.8,95,76,8.9,3.69,2.2,10.0
2020-12-25,8.2,61,88,29.6,1.51,3.0,10.0
2020-12-26,9.4,49,14,25.9,6.68,0.0,11.0
2020-12-27,3.6,77,56,8.0,5.07,0.1,4.0
2020-12-28,1.8,92,92,14.0,2.79,18.2,1.0
2020-12-29,4.3,90,64,13.3,3.18,0.0,3.0
2020-12-30,5.7,95,80,8.0,5.03,0.0,6.0
2020-12-31,4.3,86,83,7.4,4.25,0.0,
