datum,era5_max,rh_gem,bewolking_gem,wind_max,instraling_som,neerslag_som,station_max
2000-01-01,24.6,92,98,17.1,9.15,17.3,
2000-01-02,20.8,95,99,19.4,6.85,24.0,
2000-01-03,21.7,92,100,15.3,9.47,23.5,
2000-01-04,23.3,92,99,19.1,7.18,50.1,
2000-01-05,25.4,88,99,20.6,10.09,20.0,
2000-01-06,27.1,83,88,20.9,22.32,4.1,
2000-01-07,26.3,87,80,11.4,18.05,15.0,
2000-01-08,27.7,84,87,12.6,23.99,4.6,
2000-01-09,27.3,81,68,10.7,25.19,1.6,
2000-01-10,28.7,76,45,9.8,26.05,0.1,
2000-01-11,29.1,75,84,18.4,27.99,1.5,
2000-01-12,28.3,79,75,18.2,24.42,5.6,
2000-01-13,29.3,78,71,18.9,26.69,4.6,
2000-01-14,29.3,79,84,19.8,23.61,2.5,
2000-01-15,29.9,81,99,19.3,23.05,5.2,
2000-01-16,29.2,86,99,15.1,17.85,16.2,
2000-01-17,29.1,87,95,14.8,22.77,8.0,
2000-01-18,27.9,87,97,14.0,20.86,6.5,
2000-01-19,27.5,89,96,19.6,16.9,11.0,
2000-01-20,24.2,82,54,18.6,18.25,0.0,
2000-01-21,25.9,83,52,15.6,23.7,0.4,
2000-01-22,28.0,81,62,14.6,25.13,0.1,
2000-01-23,27.4,83,97,17.4,27.99,0.0,
2000-01-24,27.2,85,85,18.4,19.48,0.1,
2000-01-25,28.1,84,91,10.8,22.13,8.2,
2000-01-26,23.2,92,91,17.6,7.65,7.1,
2000-01-27,21.2,86,78,20.1,14.19,2.3,
2000-01-28,23.0,75,42,19.6,28.78,0.0,
2000-01-29,23.4,78,41,19.2,22.47,0.2,
2000-01-30,25.7,82,50,16.8,22.28,0.6,
2000-01-31,26.6,87,100,17.2,14.74,15.4,
2000-02-01,23.4,93,86,29.1,11.03,14.1,
2000-02-02,24.9,91,59,13.8,14.4,11.4,
2000-02-03,27.6,86,94,16.4,20.13,1.8,
2000-02-04,26.4,87,99,31.1,16.45,0.2,
2000-02-05,25.4,91,80,17.8,11.46,9.0,
2000-02-06,25.5,86,75,21.5,20.33,0.9,
2000-02-07,24.8,84,80,21.6,20.57,0.3,
2000-02-08,23.7,86,86,14.6,15.61,2.8,
2000-02-09,26.1,87,77,12.1,14.04,18.6,
2000-02-10,23.0,89,99,16.1,8.43,18.1,
2000-02-11,23.1,89,99,20.4,7.08,17.4,
2000-02-12,26.4,88,100,17.5,11.19,13.2,
2000-02-13,27.7,85,100,12.1,15.78,5.8,
2000-02-14,27.8,76,100,16.0,17.9,0.0,
2000-02-15,28.7,78,98,16.3,22.37,3.3,
2000-02-16,25.8,91,99,19.1,13.34,24.1,
2000-02-17,18.5,95,82,18.2,5.55,22.3,
2000-02-18,21.2,83,71,19.6,14.34,0.4,
2000-02-19,22.3,84,78,18.7,15.29,0.1,
2000-02-20,24.8,83,84,16.6,17.88,0.0,
2000-02-21,27.0,80,67,14.2,23.36,0.3,
2000-02-22,27.6,78,83,11.8,22.8,0.0,
2000-02-23,29.4,82,68,12.0,24.06,8.0,
2000-02-24,28.7,82,67,12.9,22.73,6.9,
2000-02-25,27.0,86,80,14.8,18.08,3.2,
2000-02-26,27.9,85,83,16.0,22.41,1.1,
2000-02-27,28.4,85,68,13.6,22.51,8.8,
2000-02-28,28.5,88,63,12.2,20.71,14.9,
2000-02-29,27.6,87,90,9.9,20.18,11.0,
2000-03-01,26.9,85,58,12.0,22.31,3.7,
2000-03-02,26.6,82,39,12.7,22.21,2.1,
2000-03-03,26.9,81,43,13.9,22.13,0.1,
2000-03-04,27.8,81,42,12.0,22.17,0.6,
2000-03-05,28.6,77,78,12.0,22.35,0.3,
2000-03-06,29.0,76,81,12.7,22.99,0.0,
2000-03-07,25.4,90,99,16.6,8.84,18.6,
2000-03-08,22.0,86,72,21.5,15.85,0.8,
2000-03-09,23.9,78,48,19.3,22.1,0.0,
2000-03-10,22.8,86,88,17.2,12.9,1.7,
2000-03-11,22.7,89,95,17.1,10.69,3.5,
2000-03-12,22.4,88,73,19.0,15.42,3.3,
2000-03-13,23.9,82,15,18.6,24.17,0.0,
2000-03-14,25.7,79,57,15.7,25.92,0.0,
2000-03-15,25.7,84,84,16.4,16.61,0.2,
2000-03-16,24.8,86,87,10.7,14.18,3.4,
2000-03-17,26.6,87,88,15.0,16.6,7.3,
2000-03-18,25.9,90,91,19.1,14.86,9.9,
2000-03-19,22.8,88,97,20.9,11.8,1.0,
2000-03-20,22.6,87,85,16.7,9.51,0.0,
2000-03-21,24.8,86,98,15.4,13.37,0.1,
2000-03-22,25.2,86,93,17.6,16.46,1.3,
2000-03-23,25.5,87,77,11.8,15.74,2.0,
2000-03-24,28.5,83,46,12.6,22.28,2.8,
2000-03-25,24.5,92,82,16.7,13.43,3.9,
2000-03-26,26.1,85,84,13.5,18.19,0.2,
2000-03-27,28.1,82,92,18.0,20.31,3.7,
2000-03-28,28.0,85,86,13.9,20.1,14.3,
2000-03-29,20.5,97,100,17.2,2.41,103.0,
2000-03-30,21.2,94,96,14.8,6.52,14.2,
2000-03-31,25.5,89,77,12.6,15.54,2.8,
2000-04-01,26.0,88,80,15.5,18.76,2.6,
2000-04-02,22.5,90,86,22.1,14.57,2.2,
2000-04-03,20.9,82,62,18.6,14.66,0.1,
2000-04-04,22.5,79,49,20.2,20.23,0.0,
2000-04-05,24.2,82,47,15.4,21.02,0.0,
2000-04-06,24.7,84,56,14.4,20.5,0.0,
2000-04-07,25.8,82,49,12.2,19.93,0.0,
2000-04-08,26.8,84,56,13.1,20.31,0.0,
2000-04-09,27.0,85,69,13.5,19.14,0.0,
2000-04-10,26.4,82,62,9.2,17.53,0.0,
2000-04-11,27.1,80,48,13.5,19.14,0.0,
2000-04-12,27.8,75,50,14.6,19.16,0.0,
2000-04-13,26.8,73,14,25.0,18.48,0.8,
2000-04-14,27.3,81,47,13.5,17.67,0.6,
2000-04-15,25.1,86,77,15.6,14.77,0.3,
2000-04-16,24.7,81,58,15.1,20.63,0.0,
2000-04-17,26.4,80,78,14.8,18.9,0.0,
2000-04-18,27.4,75,91,14.5,16.73,0.0,
2000-04-19,24.3,84,85,23.8,11.31,4.8,
2000-04-20,23.3,77,48,22.2,18.54,0.0,
2000-04-21,22.5,71,8,14.8,20.22,0.0,
2000-04-22,20.4,83,68,16.9,11.59,0.7,
2000-04-23,22.6,81,47,10.3,19.19,0.0,
2000-04-24,25.7,81,50,10.1,19.43,0.0,
2000-04-25,25.7,79,34,14.7,20.41,0.0,
2000-04-26,25.3,79,31,14.0,19.66,0.0,
2000-04-27,25.4,79,50,12.5,19.28,0.0,
2000-04-28,25.8,75,45,10.2,19.45,0.0,
2000-04-29,26.1,76,67,10.5,18.4,0.0,
2000-04-30,27.2,74,54,10.5,18.6,0.0,
2000-05-01,27.3,74,72,12.4,17.11,0.4,
2000-05-02,28.4,66,16,14.8,18.27,0.2,
2000-05-03,28.1,73,24,12.1,16.79,0.9,
2000-05-04,27.8,77,50,10.1,16.55,0.3,
2000-05-05,28.0,66,31,15.5,18.16,0.0,
2000-05-06,26.7,71,39,31.0,15.26,0.7,
2000-05-07,23.3,78,48,14.7,14.54,0.0,
2000-05-08,23.6,80,90,15.0,11.15,8.6,
2000-05-09,21.4,82,60,14.4,16.78,1.0,
2000-05-10,18.9,81,81,14.8,12.78,0.0,
2000-05-11,18.3,78,81,18.0,11.15,0.1,
2000-05-12,20.5,82,46,16.7,13.51,0.0,
2000-05-13,22.4,80,46,12.3,16.83,0.0,
2000-05-14,23.1,81,62,11.2,16.2,0.0,
2000-05-15,24.9,80,80,10.8,15.26,0.0,
2000-05-16,25.9,67,53,24.7,17.11,0.0,
2000-05-17,23.6,68,40,28.4,12.98,0.0,
2000-05-18,18.6,66,34,17.5,13.6,0.0,
2000-05-19,18.0,83,91,12.7,8.9,0.7,
2000-05-20,18.0,84,70,14.6,10.08,0.7,
2000-05-21,18.2,84,90,16.8,8.76,0.1,
2000-05-22,20.0,82,41,12.4,14.46,0.0,
2000-05-23,22.0,82,66,11.9,14.35,0.0,
2000-05-24,22.3,79,62,12.7,13.87,0.0,
2000-05-25,24.1,68,32,10.9,16.41,0.0,
2000-05-26,25.2,56,30,25.0,15.25,0.0,
2000-05-27,18.9,86,74,14.6,2.69,7.0,
2000-05-28,19.7,81,46,12.4,12.84,2.5,
2000-05-29,19.0,75,31,8.2,16.07,0.0,
2000-05-30,22.6,62,54,17.5,13.56,0.0,
2000-05-31,21.7,70,15,14.6,15.13,0.0,
2000-06-01,17.9,85,97,14.4,8.69,0.2,
2000-06-02,18.9,81,71,12.5,12.92,0.0,
2000-06-03,20.9,84,90,17.0,12.2,0.0,
2000-06-04,21.8,82,53,17.5,14.39,0.0,
2000-06-05,23.1,80,38,13.1,15.17,0.0,
2000-06-06,23.9,76,38,7.1,14.93,0.0,
2000-06-07,24.0,66,28,11.5,15.71,0.0,
2000-06-08,23.7,66,74,16.3,15.58,0.0,
2000-06-09,24.4,73,43,12.7,13.64,0.0,
2000-06-10,22.6,83,81,10.0,12.96,0.0,
2000-06-11,24.1,70,80,13.3,14.36,0.0,
2000-06-12,24.9,65,35,6.0,14.48,0.0,
2000-06-13,24.6,79,40,11.2,13.28,0.0,
2000-06-14,25.5,78,49,9.4,14.71,0.0,
2000-06-15,25.2,79,48,11.2,14.09,0.0,
2000-06-16,25.6,74,20,9.5,15.17,0.0,
2000-06-17,25.5,75,49,11.8,14.13,0.0,
2000-06-18,25.6,73,45,8.3,14.75,0.0,
2000-06-19,24.0,70,72,18.1,8.31,0.0,
2000-06-20,23.5,74,79,12.8,11.3,4.3,
2000-06-21,17.2,89,71,16.7,7.25,5.6,
2000-06-22,18.6,73,38,9.5,14.42,0.0,
2000-06-23,23.3,65,6,12.0,15.85,0.0,
2000-06-24,24.9,52,0,21.9,15.76,0.0,
2000-06-25,26.3,55,1,23.5,15.0,0.0,
2000-06-26,26.6,61,20,17.6,14.4,0.0,
2000-06-27,25.3,71,68,12.7,13.54,0.0,
2000-06-28,26.0,63,25,16.3,15.31,0.0,
2000-06-29,26.1,47,86,23.0,14.33,0.0,
2000-06-30,22.8,69,78,35.4,9.64,2.8,
2000-07-01,23.3,78,46,12.2,13.48,0.0,
2000-07-02,25.7,63,49,23.1,14.95,0.0,
2000-07-03,19.1,84,99,17.9,4.65,0.2,
2000-07-04,19.3,83,86,16.6,8.76,0.0,
2000-07-05,22.1,80,57,16.1,13.66,0.0,
2000-07-06,24.1,75,55,9.5,14.48,0.0,
2000-07-07,23.7,64,13,15.9,15.43,0.0,
2000-07-08,24.7,61,38,15.8,11.58,0.0,
2000-07-09,26.1,64,10,18.2,15.17,0.0,
2000-07-10,25.8,58,29,17.5,15.29,0.0,
2000-07-11,26.2,59,92,22.9,11.66,0.0,
2000-07-12,17.9,78,80,11.6,3.19,2.4,
2000-07-13,18.0,80,68,13.4,9.54,0.0,
2000-07-14,14.0,85,83,14.5,7.1,0.0,
2000-07-15,24.0,81,56,25.2,12.34,10.4,
2000-07-16,17.1,75,49,22.2,12.52,7.7,
2000-07-17,13.5,56,15,8.4,17.17,0.0,
2000-07-18,17.8,66,75,11.7,15.95,0.0,
2000-07-19,16.1,57,100,16.1,6.16,0.0,
2000-07-20,16.9,60,21,11.8,17.07,0.0,
2000-07-21,23.0,73,11,10.9,15.94,0.0,
2000-07-22,26.4,73,66,25.3,13.78,3.9,
2000-07-23,17.3,95,100,21.2,1.57,36.7,
2000-07-24,15.0,83,60,12.0,10.58,0.1,
2000-07-25,18.1,86,72,14.8,15.61,0.0,
2000-07-26,16.3,92,94,12.7,6.31,0.0,
2000-07-27,16.6,84,65,15.3,12.0,0.0,
2000-07-28,19.3,83,22,13.4,16.25,0.0,
2000-07-29,21.5,80,49,8.4,17.07,0.0,
2000-07-30,22.4,79,66,7.5,16.61,0.0,
2000-07-31,21.2,87,91,14.1,15.55,0.0,
2000-08-01,22.7,83,78,11.7,16.21,0.0,
2000-08-02,23.6,75,36,10.7,15.84,0.0,
2000-08-03,21.9,80,71,12.7,9.28,6.0,
2000-08-04,13.8,87,96,20.4,5.84,0.1,
2000-08-05,16.8,78,44,18.9,17.46,0.0,
2000-08-06,23.3,80,83,11.8,15.58,2.3,
2000-08-07,24.5,78,31,10.2,16.11,0.6,
2000-08-08,25.4,71,35,10.8,17.44,0.0,
2000-08-09,26.3,59,8,22.5,18.81,0.0,
2000-08-10,16.1,91,95,15.7,4.67,4.5,
2000-08-11,13.2,92,100,22.1,2.44,9.6,
2000-08-12,11.9,81,80,18.8,9.57,0.0,
2000-08-13,16.1,84,46,15.6,16.37,0.0,
2000-08-14,22.9,78,5,12.0,19.08,0.0,
2000-08-15,26.4,68,60,21.9,18.62,1.1,
2000-08-16,17.5,89,98,23.1,6.62,4.4,
2000-08-17,23.6,86,90,17.5,14.27,7.9,
2000-08-18,21.1,89,95,14.5,9.58,2.1,
2000-08-19,20.6,86,72,13.0,14.19,0.0,
2000-08-20,25.2,79,52,8.9,19.68,0.0,
2000-08-21,25.9,73,34,9.0,19.87,0.0,
2000-08-22,25.6,69,41,10.2,20.24,0.0,
2000-08-23,26.2,60,5,12.9,20.75,0.0,
2000-08-24,27.1,61,8,11.1,20.6,0.0,
2000-08-25,28.5,58,10,24.2,20.7,0.0,
2000-08-26,30.0,53,81,28.3,16.63,0.0,
2000-08-27,27.9,80,98,16.5,12.29,0.7,
2000-08-28,18.2,89,99,23.2,2.26,53.3,
2000-08-29,20.0,79,96,7.8,17.15,0.0,
2000-08-30,22.1,85,73,17.3,18.85,0.0,
2000-08-31,23.0,84,88,18.5,11.71,2.5,
2000-09-01,22.5,90,99,15.9,9.3,11.5,
2000-09-02,15.1,99,100,15.0,2.4,29.1,
2000-09-03,14.6,92,100,20.5,3.23,15.1,
2000-09-04,13.9,87,97,21.2,5.8,0.9,
2000-09-05,19.0,85,85,15.8,12.18,0.0,
2000-09-06,16.2,96,98,13.5,4.27,13.5,
2000-09-07,20.1,85,71,14.9,12.86,1.1,
2000-09-08,22.9,79,89,12.0,19.36,0.0,
2000-09-09,23.2,80,65,14.0,18.49,7.2,
2000-09-10,25.6,78,83,14.2,19.48,1.3,
2000-09-11,27.0,72,34,19.0,22.02,0.0,
2000-09-12,26.3,77,100,10.2,14.59,2.5,
2000-09-13,27.2,78,98,19.3,17.84,3.6,
2000-09-14,26.8,85,99,11.3,16.24,7.6,
2000-09-15,26.3,85,81,14.8,18.12,7.3,
2000-09-16,19.2,93,95,17.2,6.83,1.1,
2000-09-17,18.6,89,100,17.8,6.95,0.1,
2000-09-18,25.8,83,80,20.6,16.59,0.0,
2000-09-19,27.3,81,86,12.1,20.66,0.0,
2000-09-20,26.9,81,42,9.0,23.3,0.0,
2000-09-21,28.2,69,18,11.9,24.11,0.0,
2000-09-22,22.5,83,75,19.4,16.79,0.0,
2000-09-23,26.8,76,60,14.6,16.68,0.0,
2000-09-24,28.8,65,43,27.1,23.15,1.3,
2000-09-25,15.2,88,100,22.9,4.14,8.3,
2000-09-26,12.6,85,100,22.3,5.19,0.0,
2000-09-27,17.4,83,91,21.7,9.8,0.0,
2000-09-28,22.0,82,41,14.1,16.93,0.0,
2000-09-29,23.9,84,78,14.7,21.52,0.0,
2000-09-30,24.8,85,70,13.9,21.73,2.7,
2000-10-01,25.8,83,61,11.2,22.87,1.2,
2000-10-02,26.5,75,22,12.3,22.37,0.3,
2000-10-03,28.6,68,36,13.9,23.39,0.0,
2000-10-04,29.7,68,59,13.0,21.14,10.2,
2000-10-05,25.4,88,100,22.1,11.56,8.9,
2000-10-06,23.0,91,90,13.7,9.09,2.4,
2000-10-07,24.5,82,52,19.1,23.72,0.0,
2000-10-08,22.9,82,77,17.3,19.7,0.0,
2000-10-09,28.0,77,54,15.3,22.37,0.1,
2000-10-10,29.7,74,74,11.5,22.23,1.9,
2000-10-11,26.6,84,94,9.0,14.57,0.5,
2000-10-12,31.1,64,79,22.1,24.65,0.0,
2000-10-13,32.1,64,77,13.5,25.54,0.0,
2000-10-14,28.7,82,99,17.4,21.94,0.0,
2000-10-15,26.0,82,70,21.1,19.45,0.0,
2000-10-16,28.6,78,60,15.6,24.22,0.2,
2000-10-17,30.7,72,66,8.1,25.83,0.3,
2000-10-18,31.7,71,74,12.1,24.91,1.0,
2000-10-19,30.1,80,82,13.3,24.23,1.8,
2000-10-20,32.1,71,85,14.2,24.2,5.4,
2000-10-21,26.9,84,82,18.0,18.86,1.5,
2000-10-22,30.1,80,66,15.0,21.34,0.0,
2000-10-23,32.6,69,38,12.3,27.89,0.0,
2000-10-24,30.2,79,99,12.2,23.23,4.3,
2000-10-25,26.5,88,97,16.4,13.76,8.9,
2000-10-26,28.0,83,84,11.7,22.6,3.8,
2000-10-27,28.1,75,100,24.2,18.51,0.0,
2000-10-28,21.6,88,94,15.9,11.42,4.9,
2000-10-29,20.6,83,84,21.9,15.67,1.5,
2000-10-30,23.6,79,77,19.3,18.23,0.0,
2000-10-31,25.2,79,97,14.3,21.37,0.0,
2000-11-01,26.4,79,64,16.4,22.78,0.2,
2000-11-02,29.4,70,90,11.9,27.09,0.0,
2000-11-03,27.1,78,97,15.1,18.47,9.0,
2000-11-04,22.4,91,98,15.6,9.09,0.6,
2000-11-05,25.6,87,99,15.8,13.24,8.1,
2000-11-06,25.1,86,96,19.4,17.02,2.0,
2000-11-07,21.8,87,98,21.1,11.79,0.6,
2000-11-08,25.1,79,69,19.5,24.34,0.0,
2000-11-09,26.2,78,47,14.6,26.56,0.0,
2000-11-10,27.2,82,65,15.3,22.44,5.3,
2000-11-11,25.3,88,92,14.0,16.46,10.4,
2000-11-12,28.3,83,88,14.4,23.04,6.2,
2000-11-13,27.5,82,86,26.1,21.75,7.9,
2000-11-14,21.2,95,100,19.0,4.93,63.9,
2000-11-15,21.9,82,79,19.5,18.99,0.0,
2000-11-16,24.5,82,61,18.5,22.39,0.6,
2000-11-17,24.2,86,87,19.2,20.17,1.4,
2000-11-18,19.6,94,100,10.1,3.7,57.2,
2000-11-19,24.3,84,98,23.9,16.43,6.2,
2000-11-20,27.3,73,68,13.5,27.33,0.2,
2000-11-21,25.8,86,86,15.0,19.57,21.9,
2000-11-22,26.1,87,98,14.7,17.02,2.2,
2000-11-23,26.5,86,76,13.4,21.95,1.0,
2000-11-24,28.1,79,57,21.2,26.92,4.6,
2000-11-25,26.4,83,96,19.2,19.39,36.3,
2000-11-26,24.6,87,89,17.9,17.74,14.9,
2000-11-27,25.5,84,84,10.3,22.39,1.6,
2000-11-28,27.7,80,65,13.0,25.21,2.5,
2000-11-29,27.7,79,56,23.5,27.72,5.2,
2000-11-30,23.2,89,94,18.2,13.21,12.0,
2000-12-01,20.4,87,100,23.1,12.0,0.9,
2000-12-02,24.4,82,95,13.0,16.58,0.0,
2000-12-03,26.7,83,70,12.8,24.58,1.1,
2000-12-04,26.3,86,94,17.8,18.22,7.3,
2000-12-05,24.0,91,89,18.4,11.34,7.3,
2000-12-06,22.8,81,59,18.7,20.92,1.9,
2000-12-07,25.6,76,24,16.6,32.32,0.0,
2000-12-08,27.7,80,69,16.8,25.41,0.0,
2000-12-09,28.7,74,43,12.2,26.05,0.0,
2000-12-10,26.3,86,78,18.3,20.52,14.0,
2000-12-11,27.1,80,53,12.6,28.98,0.0,
2000-12-12,28.4,80,72,10.8,26.18,1.8,
2000-12-13,27.7,81,96,10.5,22.5,8.8,
2000-12-14,27.9,81,91,14.9,18.98,9.6,
2000-12-15,26.7,78,100,20.9,14.94,1.6,
2000-12-16,28.5,82,96,21.2,14.72,20.4,
2000-12-17,18.7,91,100,29.0,5.77,32.5,
2000-12-18,18.4,87,100,20.3,5.17,1.4,
2000-12-19,20.9,87,90,10.2,6.18,1.6,
2000-12-20,25.3,79,55,15.2,24.11,1.0,
2000-12-21,27.2,77,59,8.4,25.25,0.9,
2000-12-22,28.2,77,42,23.9,26.83,1.4,
2000-12-23,27.5,85,69,13.1,21.24,3.5,
2000-12-24,29.8,85,81,13.6,24.28,10.7,
2000-12-25,27.9,85,97,17.3,19.63,11.9,
2000-12-26,28.0,85,92,15.0,20.88,12.6,
2000-12-27,28.4,80,90,19.7,23.43,2.5,
2000-12-28,27.9,79,93,20.9,23.02,1.7,
2000-12-29,28.2,84,89,20.1,21.25,11.6,
2000-12-30,28.0,85,95,21.6,20.55,13.9,
2000-12-31,24.1,92,98,20.5,12.08,7.9,
2001-01-01,24.2,84,69,19.5,18.44,0.2,
2001-01-02,25.0,84,54,17.7,20.2,0.6,
2001-01-03,24.9,86,63,18.6,18.92,1.9,
2001-01-04,26.5,85,75,11.7,21.31,4.2,
2001-01-05,28.5,81,49,9.7,25.56,2.8,
2001-01-06,28.8,79,90,16.0,24.3,0.5,
2001-01-07,30.2,68,63,14.8,26.98,0.0,
2001-01-08,30.4,63,18,15.3,28.23,0.9,
2001-01-09,29.3,76,30,13.4,26.81,8.1,
2001-01-10,27.9,80,34,19.9,26.58,5.2,
2001-01-11,28.2,72,39,23.8,28.22,2.6,
2001-01-12,24.8,85,98,14.6,16.69,4.0,
2001-01-13,26.8,86,99,16.0,20.1,2.5,
2001-01-14,27.3,84,87,11.7,22.29,5.2,
2001-01-15,27.6,81,44,11.5,23.85,7.0,
2001-01-16,28.2,76,34,12.5,25.7,0.0,
2001-01-17,28.1,79,27,11.4,24.73,1.1,
2001-01-18,29.3,77,61,9.4,26.19,0.2,
2001-01-19,29.1,80,49,11.7,25.0,1.9,
2001-01-20,28.4,78,83,18.9,28.75,0.5,
2001-01-21,27.4,81,89,19.2,25.14,2.1,
2001-01-22,27.2,80,56,17.1,26.81,0.1,
2001-01-23,27.5,86,98,11.6,20.64,15.4,
2001-01-24,26.3,88,100,9.5,14.66,6.8,
2001-01-25,25.9,89,99,11.0,13.54,7.3,
2001-01-26,27.2,85,80,21.6,23.86,2.0,
2001-01-27,27.7,84,81,15.9,21.06,9.7,
2001-01-28,28.8,81,76,18.9,26.01,2.3,
2001-01-29,28.8,83,91,16.1,24.19,13.3,
2001-01-30,27.8,87,98,10.5,17.06,13.7,
2001-01-31,28.5,87,98,11.0,19.5,15.2,
2001-02-01,27.7,84,86,18.2,19.94,3.3,
2001-02-02,28.3,84,97,22.7,20.67,5.2,
2001-02-03,29.0,80,87,16.4,25.43,3.8,
2001-02-04,29.3,83,97,10.2,16.96,6.3,
2001-02-05,29.0,84,99,10.2,17.41,11.6,
2001-02-06,28.5,85,87,26.9,19.9,9.4,
2001-02-07,26.8,87,89,12.0,15.08,2.9,
2001-02-08,28.4,85,64,20.1,22.81,1.5,
2001-02-09,25.1,90,97,15.6,10.36,15.9,
2001-02-10,26.0,87,90,24.6,13.49,14.3,
2001-02-11,28.5,74,59,17.8,22.99,0.0,
2001-02-12,29.3,76,70,20.0,24.71,2.3,
2001-02-13,26.0,84,98,14.9,11.14,2.7,
2001-02-14,26.5,83,93,22.0,22.17,1.5,
2001-02-15,27.0,81,93,28.8,20.67,5.9,
2001-02-16,28.1,82,72,17.6,23.42,4.6,
2001-02-17,27.5,87,96,9.5,16.19,12.1,
2001-02-18,29.7,79,81,10.3,23.85,2.4,
2001-02-19,29.4,79,92,9.0,22.57,0.1,
2001-02-20,28.3,87,99,12.1,19.2,3.2,
2001-02-21,28.3,82,92,15.0,24.81,0.3,
2001-02-22,27.8,84,85,7.7,19.57,3.2,
2001-02-23,28.9,84,51,11.5,23.55,4.5,
2001-02-24,28.7,85,56,13.9,23.86,5.6,
2001-02-25,27.2,85,58,10.9,21.27,2.0,
2001-02-26,28.3,82,53,16.3,23.5,0.0,
2001-02-27,26.1,82,62,18.7,21.48,0.2,
2001-02-28,25.4,86,53,15.5,21.44,0.0,
2001-03-01,26.0,82,61,14.6,22.63,0.9,
2001-03-02,26.9,79,14,15.0,22.88,0.2,
2001-03-03,27.1,82,33,12.5,23.85,2.0,
2001-03-04,27.4,81,53,13.0,23.28,0.3,
2001-03-05,27.7,81,49,11.0,20.56,2.6,
2001-03-06,27.8,80,31,18.0,22.6,8.9,
2001-03-07,27.3,82,95,25.5,19.07,15.2,
2001-03-08,23.6,92,100,15.6,6.73,17.5,
2001-03-09,25.4,84,97,19.4,12.89,8.2,
2001-03-10,24.7,88,86,22.2,14.32,21.8,
2001-03-11,25.6,88,83,15.9,18.03,3.4,
2001-03-12,26.0,84,74,12.5,19.21,1.0,
2001-03-13,28.1,82,54,15.1,22.18,0.3,
2001-03-14,28.4,82,48,12.3,20.74,0.0,
2001-03-15,27.9,83,64,10.5,19.72,1.7,
2001-03-16,28.4,82,80,12.1,18.41,0.1,
2001-03-17,27.8,88,99,10.1,15.94,4.8,
2001-03-18,27.4,85,96,14.1,18.15,12.8,
2001-03-19,27.0,85,75,20.1,17.27,4.8,
2001-03-20,27.8,89,68,12.8,17.94,8.0,
2001-03-21,27.9,89,52,11.5,19.39,6.3,
2001-03-22,29.4,77,52,11.9,21.28,0.0,
2001-03-23,29.3,71,28,13.2,23.21,1.9,
2001-03-24,28.9,78,35,9.2,21.26,10.5,
2001-03-25,28.1,86,70,11.0,20.64,4.5,
2001-03-26,28.8,79,68,17.1,21.61,0.6,
2001-03-27,27.9,82,47,11.2,20.18,1.8,
2001-03-28,26.6,87,69,16.9,17.94,14.1,
2001-03-29,25.2,90,84,13.7,13.52,22.5,
2001-03-30,25.2,87,72,15.8,17.58,1.6,
2001-03-31,26.6,87,63,12.1,18.9,3.2,
2001-04-01,27.5,86,46,9.5,19.65,7.1,
2001-04-02,27.0,86,92,17.3,15.17,6.6,
2001-04-03,25.3,86,93,17.0,18.07,0.5,
2001-04-04,25.0,85,51,14.8,18.7,0.0,
2001-04-05,26.6,81,57,15.0,17.38,0.4,
2001-04-06,27.9,80,61,14.3,20.4,0.8,
2001-04-07,25.8,86,79,15.3,15.93,0.9,
2001-04-08,25.7,86,98,14.5,16.61,1.4,
2001-04-09,27.2,84,99,13.8,18.1,0.2,
2001-04-10,27.4,81,53,20.3,19.57,1.3,
2001-04-11,26.9,86,41,13.4,16.21,1.8,
2001-04-12,24.5,82,62,16.6,18.22,0.0,
2001-04-13,22.7,82,41,18.4,17.7,0.0,
2001-04-14,24.5,82,40,14.5,20.25,0.0,
2001-04-15,24.9,84,39,14.7,18.59,0.2,
2001-04-16,24.3,82,42,16.7,20.09,0.0,
2001-04-17,24.4,79,29,14.3,21.11,0.0,
2001-04-18,24.9,81,55,10.5,19.19,0.0,
2001-04-19,27.0,71,40,15.3,20.04,0.0,
2001-04-20,27.4,64,2,18.5,20.7,0.0,
2001-04-21,28.7,66,35,11.9,19.57,0.0,
2001-04-22,29.0,71,58,19.1,16.97,1.4,
2001-04-23,29.7,70,44,15.7,18.14,0.0,
2001-04-24,29.5,70,44,15.3,17.94,0.6,
2001-04-25,27.6,81,56,13.9,16.87,0.3,
2001-04-26,28.2,70,35,11.4,19.32,0.0,
2001-04-27,27.8,63,15,9.6,17.36,0.0,
2001-04-28,28.2,63,6,13.0,19.63,0.0,
2001-04-29,28.4,67,13,17.2,19.38,0.0,
2001-04-30,26.2,80,45,17.3,17.75,0.0,
2001-05-01,28.2,71,52,11.0,16.91,0.0,
2001-05-02,27.5,66,21,14.1,15.72,0.0,
2001-05-03,29.0,67,37,12.4,17.34,0.0,
2001-05-04,28.0,71,72,23.1,14.53,2.9,
2001-05-05,19.6,61,30,21.9,19.08,2.8,
2001-05-06,19.9,68,48,16.2,18.23,0.0,
2001-05-07,19.1,82,85,16.9,9.12,0.2,
2001-05-08,20.8,80,69,10.4,14.3,0.0,
2001-05-09,25.3,74,38,10.9,17.27,0.0,
2001-05-10,24.6,69,37,14.5,11.93,3.2,
2001-05-11,21.3,88,92,14.3,5.19,13.2,
2001-05-12,19.0,95,100,10.5,3.98,9.9,
2001-05-13,20.0,90,100,15.9,5.38,19.0,
2001-05-14,17.4,86,90,17.9,8.76,1.1,
2001-05-15,15.4,87,100,14.9,4.17,1.3,
2001-05-16,17.6,96,99,12.6,2.05,20.3,
2001-05-17,19.6,89,56,29.4,11.41,0.1,
2001-05-18,18.2,76,11,22.3,17.86,0.0,
2001-05-19,19.2,86,82,14.1,9.96,0.0,
2001-05-20,21.0,85,72,17.4,12.63,0.0,
2001-05-21,22.2,80,73,14.0,10.58,0.0,
2001-05-22,22.9,71,96,21.1,11.33,1.9,
2001-05-23,20.2,86,95,10.7,7.75,0.8,
2001-05-24,19.2,89,70,19.1,9.93,0.6,
2001-05-25,20.9,88,85,12.1,9.57,0.6,
2001-05-26,22.1,87,74,11.1,13.46,0.4,
2001-05-27,20.6,91,92,9.8,4.01,3.8,
2001-05-28,21.7,87,71,23.8,10.95,0.9,
2001-05-29,22.3,85,31,22.5,12.62,0.3,
2001-05-30,24.0,87,56,9.5,13.35,0.0,
2001-05-31,24.5,87,56,9.2,14.26,0.0,
2001-06-01,25.1,82,47,8.6,14.91,0.0,
2001-06-02,24.7,84,59,9.7,13.94,0.0,
2001-06-03,24.3,86,51,8.1,13.95,0.0,
2001-06-04,25.5,84,65,5.9,14.36,0.0,
2001-06-05,25.8,83,40,11.6,14.36,0.0,
2001-06-06,24.6,72,0,19.4,15.48,0.0,
2001-06-07,23.8,82,51,12.0,12.64,1.0,
2001-06-08,23.2,87,89,11.9,11.88,0.7,
2001-06-09,23.7,81,64,9.6,12.01,0.6,
2001-06-10,22.7,89,73,11.5,12.77,1.4,
2001-06-11,21.2,87,70,14.0,10.35,1.3,
2001-06-12,22.4,84,48,11.9,14.61,0.0,
2001-06-13,23.3,79,60,7.9,14.65,0.0,
2001-06-14,23.9,74,32,8.9,14.62,0.0,
2001-06-15,24.4,73,11,18.1,14.7,0.0,
2001-06-16,24.8,62,26,24.5,13.63,0.0,
2001-06-17,24.0,63,47,19.6,11.37,0.0,
2001-06-18,16.7,93,100,19.0,1.23,7.9,
2001-06-19,18.3,90,100,10.3,4.28,0.6,
2001-06-20,16.2,87,88,30.7,4.29,0.0,
2001-06-21,15.3,71,58,10.8,15.13,0.0,
2001-06-22,15.3,87,100,13.8,8.78,0.0,
2001-06-23,20.6,88,93,11.6,10.47,0.6,
2001-06-24,21.9,89,94,10.9,11.22,0.0,
2001-06-25,24.8,78,63,12.9,13.02,0.0,
2001-06-26,22.5,74,78,29.6,10.17,1.5,
2001-06-27,15.7,74,16,24.2,15.5,0.0,
2001-06-28,15.8,86,99,15.5,6.72,0.5,
2001-06-29,18.4,86,99,13.2,12.07,0.0,
2001-06-30,21.8,82,46,9.7,14.88,0.0,
2001-07-01,23.3,79,72,8.0,15.23,0.0,
2001-07-02,24.9,79,51,7.4,14.82,0.0,
2001-07-03,25.3,73,41,6.6,14.55,0.0,
2001-07-04,26.0,63,0,11.7,15.59,0.0,
2001-07-05,26.2,68,30,17.5,15.6,0.0,
2001-07-06,22.6,87,87,17.3,10.72,0.0,
2001-07-07,23.6,80,43,13.3,15.34,0.0,
2001-07-08,24.3,76,29,10.2,15.11,0.0,
2001-07-09,24.5,72,84,10.5,14.77,0.0,
2001-07-10,24.7,68,27,9.9,15.6,0.0,
2001-07-11,25.1,56,64,30.1,15.57,0.0,
2001-07-12,19.2,85,100,18.3,2.66,14.5,
2001-07-13,14.6,82,89,18.0,8.19,0.0,
2001-07-14,20.6,80,23,14.4,14.21,0.0,
2001-07-15,24.0,82,87,12.5,14.44,0.0,
2001-07-16,24.7,71,52,13.1,15.31,0.0,
2001-07-17,24.2,61,0,15.5,16.39,0.0,
2001-07-18,25.7,58,7,25.2,15.96,0.0,
2001-07-19,26.4,59,65,19.7,13.76,0.0,
2001-07-20,27.0,57,9,29.1,16.17,0.0,
2001-07-21,26.4,61,52,22.3,12.3,0.5,
2001-07-22,17.6,91,100,18.9,3.6,6.2,
2001-07-23,13.7,91,100,19.0,2.57,10.0,
2001-07-24,20.1,92,100,14.6,6.31,21.6,
2001-07-25,24.5,89,61,10.1,12.74,4.7,
2001-07-26,25.7,78,28,20.4,14.79,0.0,
2001-07-27,21.6,86,67,23.5,10.04,12.6,
2001-07-28,12.3,90,95,18.4,2.16,18.7,
2001-07-29,15.7,83,48,17.2,14.41,0.0,
2001-07-30,21.7,85,20,11.9,16.08,0.0,
2001-07-31,23.8,80,54,7.6,16.84,0.0,
2001-08-01,24.1,81,46,7.9,16.87,0.0,
2001-08-02,24.0,82,49,10.2,17.58,0.0,
2001-08-03,23.8,83,28,11.9,17.82,0.0,
2001-08-04,23.7,86,72,13.3,17.05,0.0,
2001-08-05,23.5,83,93,14.3,17.01,0.0,
2001-08-06,23.1,83,50,14.2,17.96,0.0,
2001-08-07,24.7,78,46,8.7,18.25,0.0,
2001-08-08,21.5,85,92,15.2,16.51,0.0,
2001-08-09,21.9,83,42,11.8,16.97,0.0,
2001-08-10,21.9,84,71,16.8,15.36,0.0,
2001-08-11,20.4,85,80,18.0,13.32,0.0,
2001-08-12,21.9,81,49,15.0,17.96,0.0,
2001-08-13,23.0,78,40,13.7,18.15,0.0,
2001-08-14,23.5,74,14,12.2,19.36,0.0,
2001-08-15,23.3,77,19,12.8,19.48,0.0,
2001-08-16,22.4,78,63,11.8,17.74,0.0,
2001-08-17,23.7,72,87,12.0,18.95,0.0,
2001-08-18,25.5,64,17,12.6,19.77,0.0,
2001-08-19,26.1,64,26,12.1,19.66,0.0,
2001-08-20,26.1,74,83,17.7,18.13,0.0,
2001-08-21,21.5,85,88,16.5,10.32,1.7,
2001-08-22,19.6,91,94,15.8,9.35,19.2,
2001-08-23,24.2,76,84,14.8,15.9,4.7,
2001-08-24,25.3,74,67,21.4,17.19,1.0,
2001-08-25,25.8,71,12,13.3,19.55,0.0,
2001-08-26,27.4,74,55,11.0,17.71,1.7,
2001-08-27,27.0,81,70,13.6,17.5,7.1,
2001-08-28,24.1,89,93,14.2,11.89,9.4,
2001-08-29,24.7,88,95,13.7,12.26,11.6,
2001-08-30,26.3,83,53,17.2,18.53,7.2,
2001-08-31,26.2,77,22,10.6,18.36,0.6,
2001-09-01,25.5,76,18,9.8,16.66,0.0,
2001-09-02,26.2,72,18,10.8,17.65,0.0,
2001-09-03,27.4,73,24,9.3,20.6,0.0,
2001-09-04,27.8,77,62,11.7,19.53,0.0,
2001-09-05,23.7,85,73,18.6,17.72,0.1,
2001-09-06,20.5,90,84,20.8,12.82,3.3,
2001-09-07,19.8,83,72,18.3,11.67,0.5,
2001-09-08,25.8,80,44,12.5,21.33,0.4,
2001-09-09,25.4,84,55,13.3,21.77,0.0,
2001-09-10,29.1,78,86,13.7,19.59,0.0,
2001-09-11,19.2,87,91,18.4,8.6,5.9,
2001-09-12,19.2,76,66,21.4,20.15,0.0,
2001-09-13,27.8,72,85,15.2,20.78,0.0,
2001-09-14,22.6,83,99,20.3,5.75,11.9,
2001-09-15,21.5,91,79,22.9,9.53,17.5,
2001-09-16,19.6,79,57,24.4,17.6,0.7,
2001-09-17,14.2,77,49,22.9,13.89,0.3,
2001-09-18,17.9,80,63,18.8,14.09,0.0,
2001-09-19,21.7,77,41,14.7,24.52,0.0,
2001-09-20,22.9,77,53,17.8,22.95,1.2,
2001-09-21,22.4,84,86,15.5,18.58,0.3,
2001-09-22,21.8,83,98,13.1,9.81,2.6,
2001-09-23,22.1,82,63,11.3,14.0,7.8,
2001-09-24,24.5,85,55,10.2,18.3,0.1,
2001-09-25,27.7,83,94,18.4,18.58,13.2,
2001-09-26,25.3,86,88,30.3,15.3,7.1,
2001-09-27,20.0,92,100,16.3,5.9,2.0,
2001-09-28,21.1,86,96,21.3,10.02,0.8,
2001-09-29,20.5,89,98,18.8,5.74,0.8,
2001-09-30,25.4,77,93,18.7,16.04,0.1,
2001-10-01,24.2,78,100,33.9,14.54,0.3,
2001-10-02,22.6,91,80,31.2,10.49,3.2,
2001-10-03,23.7,73,36,30.4,23.48,0.0,
2001-10-04,25.0,66,3,23.7,27.11,0.0,
2001-10-05,25.9,78,37,14.7,21.52,0.0,
2001-10-06,23.6,79,17,17.9,24.33,0.0,
2001-10-07,23.1,81,93,19.6,18.33,0.0,
2001-10-08,21.6,87,100,22.7,8.49,5.4,
2001-10-09,24.3,87,100,14.8,12.99,3.2,
2001-10-10,24.8,85,91,14.7,16.97,4.8,
2001-10-11,24.5,90,94,12.9,15.66,2.7,
2001-10-12,23.8,90,77,16.8,17.81,0.3,
2001-10-13,24.8,84,87,15.8,22.07,0.0,
2001-10-14,24.7,81,93,14.3,23.23,0.7,
2001-10-15,25.1,80,75,16.0,23.91,0.1,
2001-10-16,24.2,81,76,17.9,20.78,0.2,
2001-10-17,24.2,84,93,13.0,17.9,14.3,
2001-10-18,24.0,88,70,14.7,19.56,10.0,
2001-10-19,25.3,85,100,10.7,17.95,8.3,
2001-10-20,24.2,85,74,11.2,15.26,13.1,
2001-10-21,26.6,78,92,16.2,26.38,2.8,
2001-10-22,24.3,83,54,21.2,20.61,12.6,
2001-10-23,25.0,77,43,16.1,27.01,0.0,
2001-10-24,23.4,79,70,17.1,26.44,0.0,
2001-10-25,24.1,78,23,19.2,28.32,0.0,
2001-10-26,24.4,75,8,13.3,30.11,0.0,
2001-10-27,26.5,78,38,15.6,27.66,0.0,
2001-10-28,28.0,77,32,13.6,27.86,0.0,
2001-10-29,29.3,75,62,14.3,27.67,0.0,
2001-10-30,30.7,71,58,13.3,27.71,0.0,
2001-10-31,29.5,74,43,16.9,26.53,1.3,
2001-11-01,25.4,81,52,19.3,24.25,0.5,
2001-11-02,22.8,81,89,20.0,17.53,0.1,
2001-11-03,19.1,84,100,14.5,8.18,2.9,
2001-11-04,18.2,90,100,11.9,5.44,4.8,
2001-11-05,24.4,81,79,12.9,17.37,0.1,
2001-11-06,27.4,79,68,15.3,25.36,0.0,
2001-11-07,30.5,73,41,12.7,29.05,0.0,
2001-11-08,31.9,73,81,15.2,26.35,0.0,
2001-11-09,27.3,77,45,20.4,25.84,0.0,
2001-11-10,30.0,69,76,12.3,26.56,0.0,
2001-11-11,28.3,76,99,25.7,17.26,5.0,
2001-11-12,23.0,94,100,13.4,6.7,9.1,
2001-11-13,23.6,86,100,16.4,14.54,0.0,
2001-11-14,25.9,84,88,17.1,17.76,13.5,
2001-11-15,24.7,89,100,23.8,12.03,14.0,
2001-11-16,22.2,90,98,16.8,8.6,32.0,
2001-11-17,23.7,89,95,19.5,16.08,3.1,
2001-11-18,22.2,88,85,17.7,12.42,3.7,
2001-11-19,24.7,85,84,17.4,19.02,2.5,
2001-11-20,25.7,87,81,16.4,21.24,2.1,
2001-11-21,26.8,82,79,14.3,20.2,0.6,
2001-11-22,27.9,81,66,14.1,26.28,3.2,
2001-11-23,27.2,78,61,17.9,25.5,1.7,
2001-11-24,29.4,74,30,10.5,27.68,0.0,
2001-11-25,27.6,79,63,20.0,28.42,0.0,
2001-11-26,28.8,76,56,17.4,29.2,0.0,
2001-11-27,28.8,72,89,18.1,25.98,0.5,
2001-11-28,26.9,87,99,11.4,16.51,20.2,
2001-11-29,26.8,84,85,15.0,22.01,5.3,
2001-11-30,27.4,83,98,22.4,21.52,5.3,
2001-12-01,24.2,72,47,28.4,22.87,1.4,
2001-12-02,24.1,79,42,17.9,26.16,0.0,
2001-12-03,26.3,77,31,19.4,30.15,0.0,
2001-12-04,26.3,80,81,19.0,24.88,0.4,
2001-12-05,28.8,70,93,14.7,22.14,0.6,
2001-12-06,25.1,85,97,28.9,10.86,13.2,
2001-12-07,25.6,84,79,24.2,19.45,16.3,
2001-12-08,28.0,83,56,9.4,23.77,7.3,
2001-12-09,26.6,87,95,8.9,16.74,20.4,
2001-12-10,26.7,86,99,11.5,16.47,6.0,
2001-12-11,27.3,87,99,9.1,18.43,12.0,
2001-12-12,27.4,85,100,11.9,18.15,11.5,
2001-12-13,24.0,88,100,10.7,7.95,16.0,
2001-12-14,23.4,85,98,30.4,12.52,10.7,
2001-12-15,23.7,92,97,20.0,10.09,22.8,
2001-12-16,24.8,92,83,14.7,10.54,22.3,
2001-12-17,26.8,85,50,23.5,22.02,1.8,
2001-12-18,28.0,77,40,22.5,27.29,0.3,
2001-12-19,29.4,75,17,10.9,29.26,0.0,
2001-12-20,28.4,81,36,10.2,25.54,1.6,
2001-12-21,26.7,83,83,19.2,19.54,10.7,
2001-12-22,25.7,85,100,27.2,11.71,10.4,
2001-12-23,23.5,92,98,27.0,9.49,12.7,
2001-12-24,19.8,83,90,21.8,13.05,0.3,
2001-12-25,21.3,81,71,17.6,17.36,0.0,
2001-12-26,21.9,86,79,19.6,16.16,2.6,
2001-12-27,24.3,87,83,14.5,18.36,1.5,
2001-12-28,25.6,88,97,12.5,18.48,8.8,
2001-12-29,23.9,92,98,12.5,10.06,14.3,
2001-12-30,24.6,89,92,18.6,16.67,18.5,
2001-12-31,27.3,80,72,10.8,24.62,0.6,
2002-01-01,28.0,81,74,17.4,24.78,1.8,
2002-01-02,27.1,84,38,19.5,24.17,1.4,
2002-01-03,26.4,81,40,12.1,23.93,2.2,
2002-01-04,25.9,83,55,14.0,24.15,0.8,
2002-01-05,26.8,84,49,14.0,24.75,5.8,
2002-01-06,28.6,81,80,12.3,24.11,1.9,
2002-01-07,28.8,78,92,21.2,23.89,4.7,
2002-01-08,26.8,84,78,12.8,19.55,24.4,
2002-01-09,26.5,87,100,12.2,15.54,8.9,
2002-01-10,28.4,80,100,17.4,26.52,0.1,
2002-01-11,25.5,81,100,12.8,16.35,1.2,
2002-01-12,22.7,90,100,14.1,7.61,11.1,
2002-01-13,21.6,90,100,19.2,4.95,24.7,
2002-01-14,25.0,92,97,23.9,14.13,8.7,
2002-01-15,23.5,91,89,23.7,12.79,7.3,
2002-01-16,20.5,83,75,25.0,15.39,2.5,
2002-01-17,21.6,79,66,22.5,22.1,0.1,
2002-01-18,20.7,83,74,18.4,11.87,0.0,
2002-01-19,23.2,85,67,13.5,15.38,4.6,
2002-01-20,26.2,88,77,15.6,16.77,11.4,
2002-01-21,29.2,82,80,9.0,24.51,5.4,
2002-01-22,28.9,80,95,14.5,23.55,6.0,
2002-01-23,26.8,86,98,12.8,16.74,13.7,
2002-01-24,27.2,88,89,9.1,18.23,23.5,
2002-01-25,28.9,86,95,18.4,23.31,14.6,
2002-01-26,29.2,81,72,23.7,26.94,3.7,
2002-01-27,29.7,80,45,17.1,26.87,1.3,
2002-01-28,29.5,80,70,21.1,24.33,9.5,
2002-01-29,27.8,86,89,11.0,18.53,21.6,
2002-01-30,27.6,90,88,12.8,18.85,5.8,
2002-01-31,30.1,82,67,16.6,25.83,7.3,
2002-02-01,27.9,88,98,18.6,15.76,24.1,
2002-02-02,25.9,89,89,20.1,17.7,6.7,
2002-02-03,22.2,83,51,21.4,21.69,1.6,
2002-02-04,22.7,80,35,17.7,21.64,0.0,
2002-02-05,25.9,81,46,13.9,23.01,0.5,
2002-02-06,27.5,80,74,17.8,23.68,0.6,
2002-02-07,26.4,86,84,15.4,16.14,19.5,
2002-02-08,26.3,86,77,22.5,17.37,16.2,
2002-02-09,22.0,90,92,21.3,6.98,4.6,
2002-02-10,25.8,81,46,26.3,23.22,4.1,
2002-02-11,26.8,80,37,14.5,23.6,2.0,
2002-02-12,27.5,83,58,10.7,24.12,4.5,
2002-02-13,27.1,84,96,10.5,18.69,6.7,
2002-02-14,25.1,90,89,15.8,13.34,4.6,
2002-02-15,27.6,83,64,14.2,24.8,1.5,
2002-02-16,25.6,90,93,15.1,14.46,10.5,
2002-02-17,24.0,89,71,19.4,18.34,3.9,
2002-02-18,24.0,82,55,21.7,20.29,0.1,
2002-02-19,24.6,84,83,19.0,21.79,0.0,
2002-02-20,23.6,87,98,10.6,12.84,2.4,
2002-02-21,22.0,94,100,25.7,6.89,13.0,
2002-02-22,24.4,91,91,31.4,13.0,12.0,
2002-02-23,26.0,90,83,20.8,17.6,12.0,
2002-02-24,23.9,86,59,20.6,20.99,0.5,
2002-02-25,24.1,85,79,19.3,21.22,1.2,
2002-02-26,26.3,82,98,13.0,18.86,1.0,
2002-02-27,25.1,85,100,10.0,12.54,2.4,
2002-02-28,26.7,84,87,10.0,15.88,3.8,
2002-03-01,27.9,78,38,12.8,24.42,0.3,
2002-03-02,27.1,86,71,12.6,17.88,14.3,
2002-03-03,26.5,89,76,12.7,18.46,22.4,
2002-03-04,27.4,84,56,11.5,22.78,1.8,
2002-03-05,28.5,79,41,10.0,23.67,0.4,
2002-03-06,28.6,74,82,14.5,23.8,0.7,
2002-03-07,29.6,74,98,11.6,24.21,0.4,
2002-03-08,29.8,79,69,8.6,23.97,6.0,
2002-03-09,29.6,81,41,15.1,24.66,1.2,
2002-03-10,29.6,81,62,15.0,24.15,0.0,
2002-03-11,28.8,76,19,13.7,23.7,0.0,
2002-03-12,28.5,75,21,15.4,22.1,0.1,
2002-03-13,29.8,74,29,10.6,22.65,0.3,
2002-03-14,29.7,77,42,16.6,22.42,2.5,
2002-03-15,28.0,86,78,9.7,17.22,13.1,
2002-03-16,27.7,86,63,12.0,19.9,1.1,
2002-03-17,28.5,82,27,10.2,20.91,1.2,
2002-03-18,28.6,82,48,10.5,19.52,9.3,
2002-03-19,28.5,81,57,10.1,20.1,0.8,
2002-03-20,28.7,79,70,23.7,23.17,7.0,
2002-03-21,23.6,87,76,22.1,13.59,19.8,
2002-03-22,23.6,82,71,22.8,14.4,0.6,
2002-03-23,26.1,82,77,11.7,20.05,0.7,
2002-03-24,23.8,87,98,17.7,7.83,23.1,
2002-03-25,25.4,88,93,17.1,11.06,11.9,
2002-03-26,27.6,85,80,14.1,18.49,0.0,
2002-03-27,26.5,89,82,10.6,15.97,9.1,
2002-03-28,26.3,92,87,13.0,14.01,9.2,
2002-03-29,28.8,80,46,12.6,21.05,0.0,
2002-03-30,28.1,69,0,17.4,24.15,0.0,
2002-03-31,28.6,66,11,12.8,23.03,0.0,
2002-04-01,28.3,72,20,13.0,20.32,0.0,
2002-04-02,28.0,77,45,10.8,18.4,0.3,
2002-04-03,26.2,90,74,12.5,17.16,3.7,
2002-04-04,25.1,88,75,14.5,15.65,1.0,
2002-04-05,23.9,86,62,16.3,14.77,2.5,
2002-04-06,24.3,87,73,12.9,15.83,2.4,
2002-04-07,25.2,88,68,14.4,15.73,10.9,
2002-04-08,23.6,88,75,14.0,15.72,1.2,
2002-04-09,24.1,84,62,13.1,17.07,0.4,
2002-04-10,25.4,83,58,11.5,18.46,0.0,
2002-04-11,27.5,77,16,14.8,20.65,0.0,
2002-04-12,28.6,76,39,8.8,20.7,0.0,
2002-04-13,25.8,87,60,16.8,16.78,1.5,
2002-04-14,24.5,90,74,14.6,14.37,1.7,
2002-04-15,26.6,83,56,11.8,18.95,0.0,
2002-04-16,27.3,82,48,9.2,18.95,0.0,
2002-04-17,28.7,73,30,17.1,20.84,0.0,
2002-04-18,28.1,76,37,14.9,17.48,0.5,
2002-04-19,27.3,84,58,13.3,18.69,0.0,
2002-04-20,29.0,71,37,19.9,20.74,0.0,
2002-04-21,25.5,82,53,16.9,15.39,1.3,
2002-04-22,25.7,86,67,17.2,14.82,1.6,
2002-04-23,28.5,77,58,13.4,20.07,0.0,
2002-04-24,28.7,71,49,11.0,19.8,0.0,
2002-04-25,28.7,61,57,13.7,19.86,0.0,
2002-04-26,28.5,63,25,10.0,17.16,0.0,
2002-04-27,26.8,84,77,17.8,15.37,2.2,
2002-04-28,23.8,85,77,13.5,9.22,0.0,
2002-04-29,28.1,71,59,15.1,16.26,0.0,
2002-04-30,27.8,60,32,25.5,15.33,0.2,
2002-05-01,24.0,88,80,13.5,12.42,0.8,
2002-05-02,26.7,81,77,11.8,12.96,1.6,
2002-05-03,25.0,84,49,16.5,13.42,5.7,
2002-05-04,23.7,91,91,13.0,11.84,5.2,
2002-05-05,24.6,86,96,13.5,12.56,0.0,
2002-05-06,25.9,89,98,13.3,10.81,7.5,
2002-05-07,24.6,86,90,10.6,11.11,0.0,
2002-05-08,25.6,86,94,12.3,14.82,0.5,
2002-05-09,22.3,89,96,12.5,10.46,0.8,
2002-05-10,23.9,84,77,12.3,11.8,0.0,
2002-05-11,25.3,84,63,11.0,15.73,0.0,
2002-05-12,26.2,81,57,12.7,16.2,0.0,
2002-05-13,26.5,79,57,12.1,16.95,0.0,
2002-05-14,26.9,74,29,10.7,16.6,0.0,
2002-05-15,27.1,65,1,15.8,17.67,0.0,
2002-05-16,27.0,65,76,22.1,15.32,0.3,
2002-05-17,24.8,82,49,11.2,13.85,0.8,
2002-05-18,27.6,80,72,12.2,15.67,0.0,
2002-05-19,26.1,75,90,16.5,10.07,0.4,
2002-05-20,27.7,77,57,14.8,14.49,0.0,
2002-05-21,22.7,86,99,25.5,6.82,18.2,
2002-05-22,17.7,91,91,20.0,7.2,13.8,
2002-05-23,19.0,84,63,23.5,12.6,0.0,
2002-05-24,17.4,87,56,19.0,10.47,0.9,
2002-05-25,18.9,84,47,14.9,15.27,0.0,
2002-05-26,20.6,82,44,10.7,16.3,0.0,
2002-05-27,22.5,83,76,11.3,15.86,0.0,
2002-05-28,23.3,79,27,9.7,16.55,0.0,
2002-05-29,23.6,75,27,12.5,16.23,0.0,
2002-05-30,23.3,71,33,11.3,16.02,0.0,
2002-05-31,22.4,81,81,7.2,9.69,10.1,
2002-06-01,21.8,87,63,12.7,10.71,0.0,
2002-06-02,24.2,79,44,12.7,14.8,0.0,
2002-06-03,24.3,73,3,10.8,15.57,0.0,
2002-06-04,24.9,73,0,8.9,15.61,0.0,
2002-06-05,25.0,69,0,14.7,15.81,0.0,
2002-06-06,25.3,69,10,17.8,15.67,0.0,
2002-06-07,25.2,64,53,21.3,15.63,0.0,
2002-06-08,25.5,66,72,15.1,15.6,0.0,
2002-06-09,26.0,69,33,15.4,14.01,0.0,
2002-06-10,26.1,73,77,13.6,12.36,0.0,
2002-06-11,24.8,81,48,11.7,12.38,0.0,
2002-06-12,26.9,73,40,16.4,13.77,0.0,
2002-06-13,26.8,73,44,11.5,14.19,0.0,
2002-06-14,25.5,78,37,15.0,14.12,0.2,
2002-06-15,21.4,89,92,15.1,8.28,0.3,
2002-06-16,23.4,85,70,12.2,13.26,0.0,
2002-06-17,24.9,78,37,12.3,14.53,0.0,
2002-06-18,24.8,66,30,23.7,15.23,0.0,
2002-06-19,24.3,70,77,16.3,14.48,0.1,
2002-06-20,23.8,81,76,10.5,13.44,0.0,
2002-06-21,24.9,74,68,12.9,14.35,0.1,
2002-06-22,18.4,90,100,18.8,5.34,0.6,
2002-06-23,18.4,87,99,16.7,6.05,1.9,
2002-06-24,22.7,84,73,14.8,12.19,0.0,
2002-06-25,16.9,90,100,13.3,4.91,0.0,
2002-06-26,18.2,88,94,13.8,5.78,0.0,
2002-06-27,23.5,82,85,14.8,12.75,0.0,
2002-06-28,24.6,71,84,9.2,14.36,0.0,
2002-06-29,25.3,63,3,12.2,15.28,0.0,
2002-06-30,25.6,61,0,17.2,15.2,0.0,
2002-07-01,24.8,71,39,16.5,14.8,0.0,
2002-07-02,23.0,82,54,14.6,13.19,0.0,
2002-07-03,23.5,81,49,14.1,14.07,0.0,
2002-07-04,24.4,78,82,12.2,14.81,0.0,
2002-07-05,24.0,78,92,8.7,13.31,0.0,
2002-07-06,24.3,66,98,16.3,12.48,0.0,
2002-07-07,23.8,69,82,33.1,10.04,0.8,
2002-07-08,17.9,68,10,19.6,15.54,0.0,
2002-07-09,18.5,83,67,16.1,11.92,0.0,
2002-07-10,21.9,77,78,11.5,13.74,0.0,
2002-07-11,20.8,87,87,17.1,10.16,5.7,
2002-07-12,19.0,91,95,13.3,5.88,4.9,
2002-07-13,18.5,85,97,15.1,8.26,0.9,
2002-07-14,18.8,80,54,10.5,13.2,0.0,
2002-07-15,20.9,84,64,11.7,14.68,0.0,
2002-07-16,23.4,77,43,12.5,15.29,0.0,
2002-07-17,17.8,83,52,18.5,15.08,0.0,
2002-07-18,18.3,83,90,18.1,10.95,0.1,
2002-07-19,21.2,82,76,12.3,15.11,0.0,
2002-07-20,22.7,81,82,9.4,12.97,0.1,
2002-07-21,23.4,74,95,12.8,10.65,0.6,
2002-07-22,23.7,70,92,24.7,12.66,0.4,
2002-07-23,23.8,77,24,21.9,13.55,0.0,
2002-07-24,25.3,82,46,9.8,15.49,0.0,
2002-07-25,27.2,65,30,12.7,16.75,0.0,
2002-07-26,21.9,78,55,13.1,12.96,0.0,
2002-07-27,26.1,68,46,27.0,16.19,0.0,
2002-07-28,18.3,86,63,14.1,8.47,1.4,
2002-07-29,19.0,78,53,15.5,16.62,0.0,
2002-07-30,25.5,73,55,12.3,15.47,0.0,
2002-07-31,27.7,65,79,16.4,15.06,0.6,
2002-08-01,23.1,84,95,12.5,9.42,9.5,
2002-08-02,17.0,96,100,13.9,2.92,8.3,
2002-08-03,18.6,94,79,21.7,4.82,5.6,
2002-08-04,24.7,79,47,16.4,16.82,0.0,
2002-08-05,27.3,72,93,12.5,16.42,0.0,
2002-08-06,27.2,75,37,7.6,15.71,0.0,
2002-08-07,27.3,84,34,8.4,16.87,0.0,
2002-08-08,28.1,79,54,10.5,16.51,0.0,
2002-08-09,27.4,61,15,24.6,18.2,0.0,
2002-08-10,21.9,82,74,18.0,13.41,0.0,
2002-08-11,26.7,74,51,12.8,16.83,0.0,
2002-08-12,27.4,65,20,10.4,16.25,0.0,
2002-08-13,27.8,56,3,15.7,18.58,0.0,
2002-08-14,28.0,68,43,17.7,15.96,0.0,
2002-08-15,24.3,83,75,14.2,13.98,0.5,
2002-08-16,25.6,80,69,14.0,16.97,0.0,
2002-08-17,26.2,76,40,13.8,18.89,0.0,
2002-08-18,26.3,66,6,12.2,18.56,0.0,
2002-08-19,26.2,55,11,14.3,18.93,0.0,
2002-08-20,26.3,55,8,16.4,19.52,0.0,
2002-08-21,27.1,51,75,17.4,19.51,0.0,
2002-08-22,27.6,61,80,10.6,17.47,0.0,
2002-08-23,27.3,69,21,13.0,18.43,0.0,
2002-08-24,27.6,72,22,12.9,19.71,0.0,
2002-08-25,27.1,76,41,14.8,19.2,0.0,
2002-08-26,23.7,82,56,16.9,15.14,0.9,
2002-08-27,25.2,73,33,15.1,19.43,0.0,
2002-08-28,26.8,56,5,11.4,20.52,0.0,
2002-08-29,28.0,55,44,21.6,17.66,1.1,
2002-08-30,24.3,73,75,23.9,12.98,2.5,
2002-08-31,23.6,90,89,21.4,11.89,27.4,
2002-09-01,20.3,75,73,17.6,13.77,0.4,
2002-09-02,15.9,60,18,19.1,22.33,0.0,
2002-09-03,21.6,66,31,7.3,22.99,0.0,
2002-09-04,20.6,83,59,14.2,18.45,0.0,
2002-09-05,26.4,81,84,13.5,15.98,1.0,
2002-09-06,27.7,77,58,25.4,19.76,2.1,
2002-09-07,22.1,86,99,29.7,8.37,6.9,
2002-09-08,14.4,85,95,18.3,4.69,6.6,
2002-09-09,19.7,92,94,13.4,11.2,16.2,
2002-09-10,22.8,88,88,12.2,9.93,1.6,
2002-09-11,26.2,77,50,12.6,21.35,0.0,
2002-09-12,26.2,63,77,22.7,22.47,0.0,
2002-09-13,26.0,65,92,17.1,12.78,2.0,
2002-09-14,24.6,84,97,32.9,13.81,15.3,
2002-09-15,22.1,87,99,16.4,11.93,0.0,
2002-09-16,25.3,82,96,15.8,19.09,0.0,
2002-09-17,28.5,78,58,15.4,23.52,0.0,
2002-09-18,26.5,83,68,14.3,19.7,0.0,
2002-09-19,28.6,65,89,20.6,21.78,0.3,
2002-09-20,28.8,65,98,21.9,17.36,14.6,
2002-09-21,14.4,89,100,24.4,4.06,10.3,
2002-09-22,19.9,83,94,15.3,12.98,0.0,
2002-09-23,19.0,86,95,14.9,10.51,0.9,
2002-09-24,15.5,89,83,22.7,7.32,2.7,
2002-09-25,19.9,82,32,17.8,19.26,0.0,
2002-09-26,22.7,83,65,17.2,19.75,0.0,
2002-09-27,22.9,83,84,17.1,17.6,0.0,
2002-09-28,24.9,79,68,13.6,19.95,0.0,
2002-09-29,27.4,71,56,13.0,23.57,0.0,
2002-09-30,29.0,60,62,24.4,25.02,0.0,
2002-10-01,27.9,72,86,16.9,16.05,9.0,
2002-10-02,23.9,79,65,15.8,22.19,0.0,
2002-10-03,28.6,78,83,14.5,24.72,0.0,
2002-10-04,27.2,84,78,12.0,17.28,0.0,
2002-10-05,29.9,80,65,15.6,24.0,0.0,
2002-10-06,29.0,78,64,11.0,23.76,0.1,
2002-10-07,31.1,57,11,19.7,25.83,0.0,
2002-10-08,31.6,62,21,11.4,24.69,0.0,
2002-10-09,30.1,79,71,16.4,23.48,0.0,
2002-10-10,31.3,70,40,12.9,22.49,0.0,
2002-10-11,32.3,67,24,10.5,23.47,0.0,
2002-10-12,32.4,69,44,17.4,23.13,0.0,
2002-10-13,30.9,71,93,18.4,25.72,0.0,
2002-10-14,33.6,66,72,16.8,27.38,0.0,
2002-10-15,32.8,70,75,18.9,25.2,0.0,
2002-10-16,34.4,56,25,13.1,27.79,0.0,
2002-10-17,28.0,74,94,22.2,22.43,0.5,
2002-10-18,26.6,76,91,19.6,17.21,0.5,
2002-10-19,30.3,73,75,13.2,21.37,1.4,
2002-10-20,33.2,59,33,16.2,26.19,0.0,
2002-10-21,34.3,55,46,13.5,25.37,4.7,
2002-10-22,23.0,84,97,25.0,12.66,2.6,
2002-10-23,19.6,79,93,19.9,9.56,0.1,
2002-10-24,29.0,75,63,17.1,26.31,0.0,
2002-10-25,32.1,74,77,15.4,25.79,1.6,
2002-10-26,28.5,81,90,18.1,22.15,2.4,
2002-10-27,26.8,77,67,19.7,25.74,0.0,
2002-10-28,30.5,75,78,18.5,27.53,0.5,
2002-10-29,31.5,79,79,16.1,23.4,10.3,
2002-10-30,22.5,92,100,20.4,7.28,18.6,
2002-10-31,21.4,86,96,17.8,10.65,0.7,
2002-11-01,23.1,86,91,18.4,16.83,0.8,
2002-11-02,24.4,82,78,17.2,20.28,0.1,
2002-11-03,29.0,75,35,12.6,29.13,0.0,
2002-11-04,31.1,68,86,20.4,24.49,0.0,
2002-11-05,21.2,93,100,29.5,4.47,9.7,
2002-11-06,16.4,82,84,24.7,11.28,0.4,
2002-11-07,19.5,81,64,21.6,17.0,1.4,
2002-11-08,22.3,76,47,16.2,24.17,0.0,
2002-11-09,28.6,65,43,17.9,29.97,0.0,
2002-11-10,30.1,65,99,31.8,25.38,3.5,
2002-11-11,25.7,88,100,23.4,11.14,27.0,
2002-11-12,21.7,87,99,20.9,11.63,10.0,
2002-11-13,21.0,87,99,19.1,8.96,5.5,
2002-11-14,27.4,84,100,16.1,19.75,7.3,
2002-11-15,27.2,80,83,19.6,22.1,2.7,
2002-11-16,28.0,83,65,13.8,22.5,15.7,
2002-11-17,27.5,85,65,13.6,23.29,10.1,
2002-11-18,29.8,79,66,22.5,27.68,6.5,
2002-11-19,28.4,86,94,13.0,19.84,14.8,
2002-11-20,28.4,81,81,13.0,24.9,0.5,
2002-11-21,31.0,80,68,20.6,27.66,0.0,
2002-11-22,25.1,83,92,21.4,19.04,0.3,
2002-11-23,28.0,82,81,13.9,22.02,6.3,
2002-11-24,28.2,82,72,15.3,23.69,4.1,
2002-11-25,29.5,72,95,18.6,25.21,1.2,
2002-11-26,25.7,81,99,31.2,12.45,5.3,
2002-11-27,29.2,80,65,19.4,23.16,5.7,
2002-11-28,29.6,83,97,11.1,23.99,12.2,
2002-11-29,30.4,75,96,18.5,23.91,3.3,
2002-11-30,25.5,80,97,19.3,12.03,7.7,
2002-12-01,30.6,68,79,23.7,27.4,0.1,
2002-12-02,29.0,83,98,14.5,19.01,10.9,
2002-12-03,25.7,89,98,19.6,16.16,4.7,
2002-12-04,28.6,83,94,13.7,22.89,5.3,
2002-12-05,28.3,86,98,11.8,11.84,4.9,
2002-12-06,30.1,85,75,15.1,26.17,24.6,
2002-12-07,28.8,85,99,12.6,19.3,13.0,
2002-12-08,26.2,90,99,22.9,14.53,16.0,
2002-12-09,21.3,91,100,23.4,8.77,10.5,
2002-12-10,22.5,87,100,20.8,10.17,1.3,
2002-12-11,24.1,86,98,17.4,12.24,1.9,
2002-12-12,25.4,89,94,11.9,17.02,12.2,
2002-12-13,27.4,85,92,15.3,21.81,10.7,
2002-12-14,26.7,85,88,13.8,21.37,14.1,
2002-12-15,27.8,82,96,19.7,23.27,3.2,
2002-12-16,23.7,90,84,23.6,12.74,2.0,
2002-12-17,26.2,87,66,18.1,16.98,20.6,
2002-12-18,25.1,81,60,18.9,25.58,0.0,
2002-12-19,29.1,76,45,13.6,26.99,0.0,
2002-12-20,30.0,77,93,20.3,28.24,9.3,
2002-12-21,27.8,87,98,15.9,20.24,16.4,
2002-12-22,28.0,83,73,18.5,22.7,0.7,
2002-12-23,29.5,78,80,17.8,26.07,1.9,
2002-12-24,29.4,80,85,22.4,25.3,1.7,
2002-12-25,22.6,93,98,20.7,6.98,8.1,
2002-12-26,21.2,85,99,18.9,12.6,1.0,
2002-12-27,25.4,79,37,20.3,27.86,0.0,
2002-12-28,27.3,78,20,14.3,31.0,0.0,
2002-12-29,28.6,81,39,16.3,28.47,0.3,
2002-12-30,30.1,76,39,14.9,27.21,0.0,
2002-12-31,30.2,70,20,15.5,28.67,0.0,
2003-01-01,30.7,76,76,11.2,26.19,5.5,31.0
2003-01-02,28.1,84,95,12.5,17.42,15.6,30.0
2003-01-03,26.1,91,98,10.2,12.27,27.7,27.0
2003-01-04,23.3,94,100,19.2,6.1,18.0,27.0
2003-01-05,25.3,91,97,27.7,16.22,7.9,27.0
2003-01-06,26.1,83,68,18.6,23.16,2.0,26.0
2003-01-07,28.3,73,48,13.7,31.67,0.0,29.0
2003-01-08,28.5,72,6,14.5,31.99,0.0,30.0
2003-01-09,31.0,71,7,13.6,31.12,0.0,32.0
2003-01-10,30.2,79,81,14.8,23.52,7.3,32.0
2003-01-11,29.4,84,73,21.3,23.14,14.5,31.0
2003-01-12,25.2,90,97,18.5,17.28,8.0,24.0
2003-01-13,22.6,93,96,12.0,7.52,11.5,21.0
2003-01-14,24.3,89,91,19.9,14.58,5.2,23.0
2003-01-15,25.3,87,87,17.1,17.08,7.2,26.0
2003-01-16,25.3,87,86,14.3,16.25,11.1,26.0
2003-01-17,25.8,90,75,19.6,12.39,15.5,29.0
2003-01-18,26.5,86,83,23.8,16.74,3.2,28.0
2003-01-19,26.8,87,64,9.4,21.05,4.6,29.0
2003-01-20,26.7,83,53,19.3,23.9,2.7,28.0
2003-01-21,26.7,83,92,22.0,18.54,6.1,27.0
2003-01-22,24.7,89,99,13.4,9.64,19.8,25.0
2003-01-23,26.7,80,87,32.8,18.97,5.7,28.0
2003-01-24,26.1,91,100,23.0,10.95,11.6,26.0
2003-01-25,21.9,91,100,14.0,6.34,6.4,21.0
2003-01-26,24.0,90,100,11.2,9.05,4.5,24.0
2003-01-27,25.3,89,100,18.3,11.52,15.7,23.0
2003-01-28,23.2,93,98,22.2,6.91,20.7,23.0
2003-01-29,23.9,92,97,14.8,10.27,15.0,24.0
2003-01-30,22.9,92,100,10.2,8.13,15.8,23.0
2003-01-31,25.2,86,98,12.2,9.55,4.1,25.0
2003-02-01,30.0,77,56,13.0,27.64,0.0,31.0
2003-02-02,30.2,79,39,14.7,29.61,0.0,31.0
2003-02-03,28.8,79,57,11.3,23.8,1.5,32.0
2003-02-04,28.5,78,49,10.2,22.97,1.5,31.0
2003-02-05,29.5,78,64,11.7,25.58,0.7,32.0
2003-02-06,29.4,79,75,14.7,25.06,1.7,32.0
2003-02-07,29.2,81,49,9.4,23.68,6.8,31.0
2003-02-08,30.1,74,38,8.6,26.27,0.0,33.0
2003-02-09,30.6,77,53,8.9,24.62,0.1,33.0
2003-02-10,31.7,73,44,9.8,26.7,0.0,33.0
2003-02-11,30.9,74,81,14.3,24.51,0.0,33.0
2003-02-12,30.3,69,57,11.0,23.51,0.3,33.0
2003-02-13,30.0,72,93,14.3,23.18,2.0,32.0
2003-02-14,27.4,85,99,16.5,14.16,13.6,24.0
2003-02-15,27.2,80,81,18.9,19.03,6.3,26.0
2003-02-16,27.5,78,42,22.1,22.87,7.2,29.0
2003-02-17,24.8,85,81,26.8,12.15,3.8,23.0
2003-02-18,26.9,84,70,15.8,18.42,2.3,28.0
2003-02-19,27.8,84,47,10.5,20.83,8.0,29.0
2003-02-20,28.5,81,53,21.6,24.16,2.6,30.0
2003-02-21,28.1,85,95,16.1,20.64,6.3,30.0
2003-02-22,27.8,85,65,15.5,20.66,3.9,30.0
2003-02-23,28.0,85,67,13.3,21.51,2.3,30.0
2003-02-24,30.0,78,59,12.2,25.14,0.0,31.0
2003-02-25,30.4,77,57,10.2,24.32,0.0,32.0
2003-02-26,30.9,75,21,14.8,26.32,0.0,32.0
2003-02-27,29.6,79,33,14.2,25.71,0.1,32.0
2003-02-28,30.3,76,12,11.4,26.23,0.0,33.0
2003-03-01,31.3,73,42,9.3,27.79,0.0,33.0
2003-03-02,31.8,70,52,10.7,26.65,0.7,33.0
2003-03-03,30.5,75,47,6.6,23.06,2.2,32.0
2003-03-04,29.5,85,57,14.2,21.29,12.7,31.0
2003-03-05,27.8,87,96,10.7,16.57,5.7,29.0
2003-03-06,28.5,82,68,9.5,19.68,6.5,29.0
2003-03-07,28.6,83,92,9.8,16.53,4.0,30.0
2003-03-08,23.8,91,99,8.8,7.93,22.0,25.0
2003-03-09,25.3,86,99,17.2,10.69,11.2,25.0
2003-03-10,26.2,83,100,23.4,15.33,9.4,25.0
2003-03-11,26.0,82,98,28.0,16.13,4.8,25.0
2003-03-12,25.0,87,88,32.2,13.02,0.6,26.0
2003-03-13,25.8,86,65,23.7,17.9,2.3,29.0
2003-03-14,26.9,86,65,11.7,19.48,2.2,30.0
2003-03-15,27.1,86,83,13.4,18.88,1.3,29.0
2003-03-16,27.9,87,93,11.6,20.38,2.6,31.0
2003-03-17,23.1,91,84,20.1,14.19,8.7,23.0
2003-03-18,23.7,88,93,16.1,16.09,3.3,23.0
2003-03-19,26.6,86,46,13.5,19.62,8.9,27.0
2003-03-20,27.6,81,28,10.7,22.23,0.7,29.0
2003-03-21,24.3,86,97,27.8,11.98,14.3,24.0
2003-03-22,20.3,88,96,20.4,8.45,0.7,22.0
2003-03-23,21.7,87,86,17.9,10.4,0.4,22.0
2003-03-24,21.9,88,84,17.9,8.91,0.3,22.0
2003-03-25,24.9,85,68,16.4,21.5,0.3,23.0
2003-03-26,22.0,91,100,16.1,11.93,1.3,23.0
2003-03-27,24.0,90,83,13.8,13.77,11.1,26.0
2003-03-28,23.5,88,65,17.1,16.77,1.1,24.0
2003-03-29,23.7,85,74,14.3,15.31,0.0,26.0
2003-03-30,27.2,79,57,10.7,21.81,0.0,29.0
2003-03-31,27.3,80,66,11.3,19.11,0.0,30.0
2003-04-01,25.6,83,77,16.1,21.46,0.0,27.0
2003-04-02,26.0,81,38,14.8,22.99,0.0,27.0
2003-04-03,24.5,86,73,15.3,18.06,0.3,26.0
2003-04-04,25.4,89,99,19.4,12.27,12.3,22.0
2003-04-05,26.2,84,81,17.8,17.1,1.4,25.0
2003-04-06,23.4,91,100,11.0,8.21,23.4,24.0
2003-04-07,20.6,87,86,16.3,7.5,0.3,20.0
2003-04-08,21.8,86,62,15.3,10.35,0.0,24.0
2003-04-09,25.3,87,94,11.9,14.22,0.3,27.0
2003-04-10,21.7,93,100,14.0,4.5,9.2,23.0
2003-04-11,23.6,91,97,17.4,10.76,4.2,24.0
2003-04-12,23.5,81,68,19.1,18.41,0.0,25.0
2003-04-13,20.6,77,13,18.1,21.2,0.0,21.0
2003-04-14,22.8,83,60,14.3,20.36,0.0,24.0
2003-04-15,23.8,84,92,11.0,17.25,0.0,
2003-04-16,24.1,83,70,12.0,16.87,0.0,25.0
2003-04-17,25.4,81,68,10.7,15.7,0.2,26.0
2003-04-18,27.7,71,58,15.1,21.23,0.0,28.0
2003-04-19,28.0,71,98,15.6,16.54,0.9,30.0
2003-04-20,21.2,92,100,15.5,4.27,7.0,23.0
2003-04-21,24.2,90,89,12.3,10.98,3.8,24.0
2003-04-22,25.6,88,77,13.5,15.44,1.4,29.0
2003-04-23,26.0,84,60,14.6,18.42,0.0,27.0
2003-04-24,26.5,82,52,13.7,19.72,0.0,29.0
2003-04-25,27.6,77,38,13.9,18.65,0.0,29.0
2003-04-26,28.1,75,26,7.0,18.59,0.0,30.0
2003-04-27,28.4,76,43,8.2,17.79,0.0,30.0
2003-04-28,28.3,68,10,11.0,19.57,0.0,30.0
2003-04-29,28.4,74,65,7.1,17.97,0.0,30.0
2003-04-30,28.4,74,55,12.0,17.3,0.0,29.0
2003-05-01,27.5,66,64,19.0,17.2,0.0,29.0
2003-05-02,23.7,88,87,25.3,6.16,24.9,22.0
2003-05-03,17.9,82,64,18.0,10.86,0.4,19.0
2003-05-04,21.2,83,75,13.4,17.7,0.0,21.0
2003-05-05,19.2,93,87,10.8,4.29,9.2,18.0
2003-05-06,21.2,85,57,22.0,13.43,1.0,22.0
2003-05-07,17.9,67,4,25.9,18.87,0.0,20.0
2003-05-08,18.6,69,2,15.8,18.71,0.0,20.0
2003-05-09,18.5,87,83,17.7,10.53,0.7,19.0
2003-05-10,19.7,88,90,16.1,9.93,0.0,19.0
2003-05-11,20.6,84,70,15.5,10.25,0.0,22.0
2003-05-12,21.7,83,51,12.2,16.19,0.0,23.0
2003-05-13,22.1,85,88,14.8,14.54,0.0,23.0
2003-05-14,22.9,84,79,16.0,13.32,0.0,24.0
2003-05-15,24.4,81,58,12.4,14.43,0.0,25.0
2003-05-16,25.0,78,27,8.0,16.35,0.0,26.0
2003-05-17,25.0,76,28,8.4,17.29,0.0,26.0
2003-05-18,25.1,83,92,9.4,15.85,0.0,25.0
2003-05-19,22.8,84,74,12.2,16.79,0.0,23.0
2003-05-20,25.3,75,91,10.9,15.93,0.0,26.0
2003-05-21,25.6,72,53,11.8,14.25,0.0,27.0
2003-05-22,26.4,64,5,16.2,16.6,0.0,28.0
2003-05-23,27.5,67,57,35.6,14.15,3.1,27.0
2003-05-24,20.5,69,52,24.5,16.3,0.3,21.0
2003-05-25,19.9,56,18,23.2,17.12,0.0,20.0
2003-05-26,19.8,60,0,10.9,17.14,0.0,21.0
2003-05-27,20.9,62,62,8.1,14.59,0.0,21.0
2003-05-28,21.6,85,62,11.4,15.15,0.0,20.0
2003-05-29,21.3,86,86,15.0,11.21,0.0,21.0
2003-05-30,23.1,81,62,13.1,13.76,0.0,23.0
2003-05-31,25.0,74,17,13.1,16.02,0.0,26.0
2003-06-01,25.3,67,0,7.9,15.94,0.0,26.0
2003-06-02,25.8,65,0,18.9,16.23,0.0,27.0
2003-06-03,26.5,68,70,21.6,13.81,0.0,26.0
2003-06-04,26.2,78,96,13.2,11.15,3.2,25.0
2003-06-05,24.6,87,95,12.5,7.68,1.4,20.0
2003-06-06,26.8,78,49,16.3,13.05,1.2,28.0
2003-06-07,25.1,90,82,12.4,10.76,0.5,27.0
2003-06-08,20.2,92,99,14.8,5.05,2.0,21.0
2003-06-09,23.0,86,89,14.5,7.06,0.0,24.0
2003-06-10,26.4,77,29,13.6,15.04,0.0,27.0
2003-06-11,25.3,64,0,23.1,15.24,0.0,26.0
2003-06-12,24.5,76,40,11.3,12.42,0.0,26.0
2003-06-13,25.8,76,44,11.5,14.0,0.0,27.0
2003-06-14,24.1,76,39,15.8,12.48,0.0,22.0
2003-06-15,25.2,81,52,12.0,14.53,0.0,25.0
2003-06-16,25.6,78,47,7.3,14.25,0.0,24.0
2003-06-17,25.6,73,61,9.4,14.07,0.0,25.0
2003-06-18,24.5,72,93,11.3,13.76,0.0,26.0
2003-06-19,24.9,73,42,21.1,14.06,0.0,25.0
2003-06-20,22.2,83,70,11.4,11.39,0.1,22.0
2003-06-21,24.2,70,52,19.2,14.8,0.0,23.0
2003-06-22,23.0,74,37,12.9,11.23,0.0,23.0
2003-06-23,25.0,66,35,14.3,15.01,0.0,25.0
2003-06-24,25.3,58,0,7.5,15.48,0.0,28.0
2003-06-25,23.3,77,17,11.3,15.0,0.0,24.0
2003-06-26,25.3,76,45,11.4,14.74,0.0,25.0
2003-06-27,23.2,77,26,10.2,14.9,0.0,21.0
2003-06-28,24.8,66,9,17.6,15.23,0.0,25.0
2003-06-29,23.9,68,18,16.7,15.0,0.0,23.0
2003-06-30,21.0,77,40,14.3,14.74,0.0,21.0
2003-07-01,23.8,68,37,10.1,15.43,0.0,23.0
2003-07-02,23.4,64,43,13.1,15.59,0.0,23.0
2003-07-03,22.3,73,33,8.9,15.35,0.0,22.0
2003-07-04,24.4,64,33,14.8,15.63,0.0,25.0
2003-07-05,24.6,50,39,23.3,15.61,0.0,26.0
2003-07-06,26.0,47,77,23.4,15.13,0.0,26.0
2003-07-07,26.9,48,62,18.1,14.13,0.0,24.0
2003-07-08,27.6,49,2,20.8,15.21,0.0,28.0
2003-07-09,26.7,49,20,24.1,15.67,0.0,28.0
2003-07-10,20.6,87,98,15.2,5.99,10.1,17.0
2003-07-11,15.1,91,100,19.6,2.93,5.6,14.0
2003-07-12,13.2,79,99,17.6,7.65,0.4,12.0
2003-07-13,15.8,86,98,17.6,6.03,0.5,16.0
2003-07-14,20.2,81,75,21.7,12.0,0.0,20.0
2003-07-15,22.2,79,37,12.8,13.57,0.0,22.0
2003-07-16,23.9,76,37,9.7,14.68,0.0,25.0
2003-07-17,20.2,87,98,12.9,9.05,0.9,19.0
2003-07-18,23.0,81,46,11.9,14.47,0.0,23.0
2003-07-19,24.3,68,1,14.6,16.34,0.0,25.0
2003-07-20,25.6,60,0,10.7,16.54,0.0,27.0
2003-07-21,25.9,57,0,17.1,16.69,0.0,28.0
2003-07-22,24.7,74,20,12.2,14.85,0.0,27.0
2003-07-23,25.4,62,12,10.1,16.84,0.0,27.0
2003-07-24,25.3,57,6,11.4,16.82,0.0,26.0
2003-07-25,25.5,66,37,10.1,16.59,0.0,26.0
2003-07-26,21.8,82,66,16.8,14.16,0.0,22.0
2003-07-27,20.1,86,96,14.5,9.4,0.7,19.0
2003-07-28,21.5,83,93,15.1,10.99,0.2,21.0
2003-07-29,23.4,78,79,13.1,13.44,0.0,24.0
2003-07-30,24.3,74,86,13.0,11.98,0.0,25.0
2003-07-31,23.4,80,53,13.2,14.67,0.0,22.0
2003-08-01,23.7,80,69,15.7,15.07,0.0,23.0
2003-08-02,23.5,80,63,14.8,14.26,0.0,24.0
2003-08-03,23.9,76,70,12.7,17.06,0.0,24.0
2003-08-04,25.7,68,41,10.1,17.88,0.0,25.0
2003-08-05,26.4,50,39,23.1,17.83,0.0,27.0
2003-08-06,28.4,48,92,18.7,14.82,0.0,26.0
2003-08-07,20.7,84,93,19.3,5.64,12.1,20.0
2003-08-08,22.4,89,99,13.7,7.33,1.1,22.0
2003-08-09,19.9,87,99,16.6,6.21,4.4,18.0
2003-08-10,14.2,82,92,13.4,6.93,0.4,14.0
2003-08-11,16.9,78,28,16.3,18.27,0.0,16.0
2003-08-12,18.7,81,49,15.4,17.09,0.0,19.0
2003-08-13,22.0,80,14,13.3,18.94,0.0,23.0
2003-08-14,25.1,83,65,12.3,17.67,0.0,25.0
2003-08-15,22.8,80,94,9.6,12.64,0.1,21.0
2003-08-16,18.4,88,88,14.8,10.53,3.0,23.0
2003-08-17,15.9,78,60,12.1,12.15,0.0,18.0
2003-08-18,19.3,73,22,13.5,20.28,0.0,19.0
2003-08-19,24.3,74,11,11.8,20.35,0.0,24.0
2003-08-20,25.7,70,38,7.9,20.22,0.0,26.0
2003-08-21,26.5,69,12,9.2,20.6,0.0,27.0
2003-08-22,27.3,69,35,8.4,20.12,0.0,29.0
2003-08-23,28.8,61,0,9.4,20.6,0.0,29.0
2003-08-24,29.3,49,2,19.2,20.62,0.0,30.0
2003-08-25,19.1,87,92,18.0,2.33,8.1,20.0
2003-08-26,15.2,83,92,17.2,7.29,1.1,14.0
2003-08-27,19.0,80,86,20.1,11.81,0.0,18.0
2003-08-28,15.9,87,100,19.7,5.33,2.6,14.0
2003-08-29,13.0,87,98,20.7,4.36,0.8,13.0
2003-08-30,17.3,88,94,15.5,6.73,0.4,18.0
2003-08-31,22.2,86,88,16.9,11.84,0.0,16.0
2003-09-01,22.5,81,69,14.3,18.5,0.0,21.0
2003-09-02,20.1,82,85,16.7,13.29,0.0,19.0
2003-09-03,20.6,78,32,17.8,18.92,0.0,21.0
2003-09-04,24.2,77,25,14.3,21.82,0.0,25.0
2003-09-05,26.1,74,20,14.8,22.65,0.0,26.0
2003-09-06,27.2,68,6,13.6,22.75,0.0,27.0
2003-09-07,28.7,53,8,14.0,22.8,0.0,29.0
2003-09-08,29.3,49,33,15.5,22.02,0.0,30.0
2003-09-09,28.1,53,74,19.5,16.38,0.0,22.0
2003-09-10,25.4,79,89,15.8,12.86,7.9,22.0
2003-09-11,13.1,85,100,18.4,6.11,2.6,13.0
2003-09-12,23.6,78,79,16.8,19.96,0.0,22.0
2003-09-13,22.9,85,96,16.9,11.01,7.9,19.0
2003-09-14,16.9,84,93,20.5,8.62,0.4,15.0
2003-09-15,24.7,77,64,18.0,20.99,0.0,26.0
2003-09-16,21.5,86,80,19.0,11.53,7.9,20.0
2003-09-17,19.0,84,92,16.1,12.64,0.9,19.0
2003-09-18,21.6,80,84,16.8,15.52,0.0,23.0
2003-09-19,27.0,73,43,15.9,23.63,0.0,29.0
2003-09-20,29.2,71,32,14.9,23.91,0.0,29.0
2003-09-21,25.0,79,31,14.8,23.71,0.0,23.0
2003-09-22,28.4,78,17,16.2,24.67,0.0,30.0
2003-09-23,31.2,67,29,7.1,25.02,0.0,32.0
2003-09-24,33.3,60,33,16.9,25.2,0.0,34.0
2003-09-25,26.0,80,94,20.7,17.18,0.0,22.0
2003-09-26,26.2,77,95,18.1,15.08,0.0,20.0
2003-09-27,25.2,81,96,17.4,12.7,11.2,23.0
2003-09-28,28.0,80,78,16.2,20.13,0.2,29.0
2003-09-29,25.4,86,95,21.3,16.32,4.5,22.0
2003-09-30,21.0,80,78,18.8,13.26,0.3,22.0
2003-10-01,24.5,80,52,18.9,20.23,0.0,25.0
2003-10-02,27.0,77,78,15.9,19.15,0.0,29.0
2003-10-03,28.4,80,70,14.6,24.02,0.0,29.0
2003-10-04,27.6,79,59,15.3,22.73,0.0,29.0
2003-10-05,30.6,73,71,13.0,23.86,0.0,32.0
2003-10-06,31.4,66,92,17.9,19.51,1.3,30.0
2003-10-07,26.6,83,87,13.9,14.09,12.1,23.0
2003-10-08,26.3,78,77,13.4,18.31,1.5,26.0
2003-10-09,29.4,74,46,26.5,24.71,3.0,30.0
2003-10-10,20.1,91,100,18.0,5.9,6.8,20.0
2003-10-11,16.9,95,100,21.9,2.69,28.4,17.0
2003-10-12,18.7,85,91,21.3,11.69,1.3,20.0
2003-10-13,19.7,83,70,19.7,17.42,1.0,21.0
2003-10-14,18.7,81,77,18.0,15.52,1.4,17.0
2003-10-15,19.8,76,37,18.1,22.41,0.0,20.0
2003-10-16,20.9,74,8,17.1,28.58,0.0,22.0
2003-10-17,25.5,72,2,14.9,29.5,0.0,28.0
2003-10-18,29.5,67,82,7.4,28.31,0.0,31.0
2003-10-19,31.7,65,62,12.9,26.15,0.0,32.0
2003-10-20,25.2,79,95,19.0,20.4,0.0,22.0
2003-10-21,30.0,72,72,19.3,21.05,3.6,27.0
2003-10-22,26.6,86,81,17.8,17.59,27.0,26.0
2003-10-23,20.5,89,100,18.6,8.85,1.7,20.0
2003-10-24,26.8,78,74,14.1,24.38,0.1,28.0
2003-10-25,28.7,71,51,12.1,25.43,0.0,31.0
2003-10-26,30.3,61,84,20.0,27.36,0.0,32.0
2003-10-27,25.3,84,100,16.0,11.15,8.8,24.0
2003-10-28,21.4,95,100,17.3,7.63,24.8,21.0
2003-10-29,23.6,90,95,14.7,13.37,21.3,24.0
2003-10-30,23.7,87,81,14.3,19.18,2.3,24.0
2003-10-31,26.1,83,68,14.8,24.34,0.7,28.0
2003-11-01,27.5,82,84,18.9,22.94,11.0,28.0
2003-11-02,18.8,88,100,26.3,7.68,6.2,18.0
2003-11-03,15.9,80,88,19.7,10.93,0.9,16.0
2003-11-04,19.0,80,72,17.1,17.37,0.3,20.0
2003-11-05,21.6,83,76,18.3,17.91,7.5,22.0
2003-11-06,22.5,86,84,13.7,16.77,7.8,21.0
2003-11-07,22.5,86,79,18.8,17.5,7.9,27.0
2003-11-08,25.1,85,68,13.6,24.02,2.1,28.0
2003-11-09,27.8,80,46,14.8,27.66,0.0,30.0
2003-11-10,27.2,80,39,16.1,29.53,0.0,30.0
2003-11-11,29.1,72,24,11.5,30.43,0.0,31.0
2003-11-12,30.3,66,24,26.8,26.6,0.0,33.0
2003-11-13,25.6,79,93,27.6,13.32,14.2,25.0
2003-11-14,20.5,83,100,20.9,11.13,1.0,22.0
2003-11-15,26.0,81,83,17.3,19.18,0.3,28.0
2003-11-16,27.7,80,97,24.0,20.51,5.8,30.0
2003-11-17,26.2,86,99,28.4,16.64,6.5,26.0
2003-11-18,28.3,70,73,34.4,27.32,0.0,28.0
2003-11-19,25.7,78,84,32.6,21.81,0.9,24.0
2003-11-20,27.1,75,58,24.1,28.39,0.0,28.0
2003-11-21,21.1,84,93,21.7,11.74,1.5,20.0
2003-11-22,24.2,81,97,17.6,15.88,0.0,24.0
2003-11-23,26.6,79,98,9.0,20.52,0.4,28.0
2003-11-24,26.5,75,84,18.3,19.38,0.0,27.0
2003-11-25,28.1,71,68,25.5,26.07,8.6,30.0
2003-11-26,29.4,80,97,17.6,23.38,10.6,27.0
2003-11-27,28.7,78,99,28.5,24.97,3.2,30.0
2003-11-28,25.0,90,99,24.8,10.09,20.6,24.0
2003-11-29,21.8,87,100,18.1,13.3,0.0,23.0
2003-11-30,22.6,88,100,14.7,10.89,0.0,26.0
2003-12-01,26.6,89,96,25.4,16.79,9.9,24.0
2003-12-02,26.6,86,65,10.0,19.07,3.2,30.0
2003-12-03,28.8,84,61,14.7,25.08,9.8,31.0
2003-12-04,26.1,88,94,8.0,14.79,18.0,26.0
2003-12-05,26.2,86,88,26.2,22.44,3.9,29.0
2003-12-06,24.1,89,96,18.4,11.69,8.2,25.0
2003-12-07,25.6,78,76,20.4,26.32,0.0,26.0
2003-12-08,27.0,80,56,17.0,20.36,0.8,28.0
2003-12-09,26.8,83,94,30.1,15.76,0.0,24.0
2003-12-10,24.8,87,97,16.8,14.37,3.4,27.0
2003-12-11,30.7,77,93,22.2,26.59,0.9,32.0
2003-12-12,26.9,86,94,21.5,18.12,18.7,26.0
2003-12-13,27.0,85,86,13.1,20.12,3.3,26.0
2003-12-14,30.2,80,98,14.4,23.85,1.6,30.0
2003-12-15,30.8,77,47,16.4,28.55,4.1,34.0
2003-12-16,31.4,77,50,22.9,30.2,14.5,33.0
2003-12-17,20.1,87,100,23.6,8.76,2.3,21.0
2003-12-18,21.2,86,98,20.3,10.05,2.0,20.0
2003-12-19,25.4,83,72,16.3,18.24,1.6,27.0
2003-12-20,27.6,84,61,10.0,24.19,11.7,28.0
2003-12-21,28.6,83,95,14.1,20.09,9.0,27.0
2003-12-22,27.2,83,81,24.3,21.17,15.1,29.0
2003-12-23,23.2,92,94,24.0,11.66,21.2,25.0
2003-12-24,21.2,83,89,21.2,16.36,0.0,20.0
2003-12-25,21.1,85,97,20.0,13.41,0.6,23.0
2003-12-26,23.4,86,88,19.6,17.73,2.0,26.0
2003-12-27,24.5,87,70,14.2,21.63,5.8,28.0
2003-12-28,26.6,83,91,9.0,24.31,9.4,27.0
2003-12-29,27.5,83,87,11.8,25.63,3.4,30.0
2003-12-30,28.1,83,96,12.8,21.11,4.0,31.0
2003-12-31,27.4,83,97,22.2,21.83,11.8,31.0
2004-01-01,21.0,93,100,21.5,6.04,14.9,
2004-01-02,19.3,86,100,21.7,9.55,0.4,
2004-01-03,20.0,85,97,19.9,10.04,1.1,
2004-01-04,21.1,86,88,16.4,9.24,0.4,
2004-01-05,25.0,84,71,17.6,20.87,0.4,
2004-01-06,27.7,83,91,11.4,23.8,0.6,
2004-01-07,26.6,85,92,9.5,15.31,4.8,
2004-01-08,24.2,87,92,14.8,12.79,17.4,
2004-01-09,25.6,89,85,15.5,12.55,7.9,
2004-01-10,25.7,85,61,15.0,20.74,4.3,
2004-01-11,28.4,83,64,14.3,24.98,0.8,
2004-01-12,27.2,86,71,19.0,18.86,27.5,
2004-01-13,24.0,86,76,18.9,14.53,0.2,
2004-01-14,26.6,86,68,13.0,20.7,6.9,
2004-01-15,26.9,88,53,13.5,22.24,6.9,
2004-01-16,24.0,89,55,22.4,21.02,0.8,
2004-01-17,23.6,79,40,19.7,27.53,0.0,
2004-01-18,22.7,77,26,17.1,27.29,0.0,
2004-01-19,22.7,83,49,18.7,17.84,0.3,
2004-01-20,25.0,81,59,15.0,21.7,0.8,
2004-01-21,26.8,85,81,11.3,23.54,10.8,
2004-01-22,26.0,89,86,13.8,16.86,4.8,
2004-01-23,25.3,88,86,16.6,17.0,6.3,
2004-01-24,26.9,79,94,15.6,16.37,0.8,
2004-01-25,28.8,76,91,22.2,19.21,3.4,
2004-01-26,24.6,85,100,14.8,7.02,24.2,
2004-01-27,23.1,87,100,14.0,7.44,27.3,
2004-01-28,25.1,85,99,13.4,11.5,7.6,
2004-01-29,27.1,82,94,11.5,19.14,1.8,
2004-01-30,29.0,80,50,12.8,25.6,6.0,
2004-01-31,28.7,84,90,9.7,24.12,12.7,
2004-02-01,28.8,84,94,9.7,23.46,6.4,
2004-02-02,28.5,82,28,12.6,25.7,3.9,
2004-02-03,27.3,84,61,16.1,20.46,1.4,
2004-02-04,28.9,82,52,12.3,24.41,4.6,
2004-02-05,28.7,82,75,17.2,25.0,9.0,
2004-02-06,22.3,92,97,22.5,5.31,28.4,
2004-02-07,22.3,84,67,23.6,17.55,1.1,
2004-02-08,23.4,79,29,21.2,25.27,0.0,
2004-02-09,22.6,82,58,21.7,20.97,1.4,
2004-02-10,24.1,81,39,19.9,23.92,0.0,
2004-02-11,23.9,87,56,18.1,20.86,0.9,
2004-02-12,24.5,86,81,16.8,17.79,4.5,
2004-02-13,26.5,84,79,11.8,23.08,3.7,
2004-02-14,25.6,85,97,19.0,15.19,13.5,
2004-02-15,24.3,91,88,26.2,12.0,8.0,
2004-02-16,24.7,88,73,15.5,16.57,2.6,
2004-02-17,26.8,82,60,12.6,22.62,0.4,
2004-02-18,28.3,81,56,11.6,25.34,1.1,
2004-02-19,28.3,84,74,13.7,24.63,0.1,
2004-02-20,26.1,88,95,21.4,18.4,3.4,
2004-02-21,23.4,93,99,17.2,9.72,5.5,
2004-02-22,25.7,94,99,15.9,12.0,31.5,
2004-02-23,20.5,96,100,15.8,4.99,27.5,
2004-02-24,22.9,84,96,13.5,15.65,11.9,
2004-02-25,20.4,93,100,12.5,7.29,13.0,
2004-02-26,23.1,89,98,15.6,12.71,3.8,
2004-02-27,26.6,81,64,15.3,23.7,2.0,
2004-02-28,24.2,89,52,16.1,17.73,14.7,
2004-02-29,25.4,82,58,11.9,23.19,0.5,
2004-03-01,27.1,86,67,11.0,21.41,3.7,
2004-03-02,28.7,76,41,13.1,24.06,0.0,
2004-03-03,29.0,81,59,14.6,21.47,7.1,
2004-03-04,20.6,98,100,21.2,2.33,62.6,
2004-03-05,22.9,93,98,14.5,7.12,11.4,
2004-03-06,24.0,89,94,8.6,9.8,12.4,
2004-03-07,26.7,84,57,17.3,19.9,4.8,
2004-03-08,27.4,78,35,9.4,23.41,0.2,
2004-03-09,28.7,77,86,12.1,23.13,0.3,
2004-03-10,27.7,84,76,13.3,18.12,5.9,
2004-03-11,24.7,88,96,17.0,13.75,1.4,
2004-03-12,24.8,85,96,17.5,16.24,0.6,
2004-03-13,25.1,79,75,14.8,19.87,0.2,
2004-03-14,24.7,85,96,13.4,10.29,6.0,
2004-03-15,24.9,88,61,19.1,13.5,0.7,
2004-03-16,24.5,86,60,16.2,18.51,1.0,
2004-03-17,24.4,84,60,14.1,20.74,0.9,
2004-03-18,24.9,85,59,11.7,22.61,0.5,
2004-03-19,26.4,86,83,9.3,18.4,15.9,
2004-03-20,22.8,91,75,17.6,11.89,8.9,
2004-03-21,22.1,84,75,17.5,15.6,0.6,
2004-03-22,22.6,80,64,17.2,21.93,0.0,
2004-03-23,21.8,85,67,17.7,16.37,1.7,
2004-03-24,22.5,83,62,16.6,18.27,0.0,
2004-03-25,23.7,83,55,19.0,21.1,0.0,
2004-03-26,24.5,84,61,10.5,19.12,1.3,
2004-03-27,24.6,86,63,9.4,17.82,4.6,
2004-03-28,25.7,83,39,9.4,20.34,0.5,
2004-03-29,25.4,82,64,10.4,18.73,5.8,
2004-03-30,24.2,89,74,12.7,16.72,9.9,
2004-03-31,24.1,85,59,14.5,19.11,0.6,
2004-04-01,25.2,84,69,12.0,18.82,0.0,
2004-04-02,26.8,81,60,10.0,19.59,0.0,
2004-04-03,27.3,79,71,11.8,19.98,0.3,
2004-04-04,26.4,85,91,6.6,13.01,5.6,
2004-04-05,25.8,86,71,10.9,16.89,2.0,
2004-04-06,25.3,88,76,14.2,15.53,8.1,
2004-04-07,25.9,86,40,22.4,15.57,0.6,
2004-04-08,26.1,86,51,13.3,19.05,0.1,
2004-04-09,25.7,86,87,16.1,18.91,0.2,
2004-04-10,23.5,89,98,16.9,15.44,2.0,
2004-04-11,24.1,88,85,12.2,14.44,2.4,
2004-04-12,25.0,88,78,15.5,15.64,1.5,
2004-04-13,25.1,87,89,12.7,14.24,1.5,
2004-04-14,23.1,91,96,9.3,5.68,5.6,
2004-04-15,25.5,88,88,12.3,12.46,15.6,
2004-04-16,25.8,88,77,17.8,14.64,7.0,
2004-04-17,27.0,84,35,16.6,18.56,1.1,
2004-04-18,26.6,86,67,8.2,16.4,2.8,
2004-04-19,26.6,83,78,23.3,17.41,0.2,
2004-04-20,22.2,91,98,18.7,8.06,2.2,
2004-04-21,23.4,88,96,18.0,10.84,2.6,
2004-04-22,26.9,78,59,12.8,17.41,0.0,
2004-04-23,26.3,73,40,22.4,19.5,0.0,
2004-04-24,25.2,81,79,12.4,13.9,1.7,
2004-04-25,19.4,92,98,18.7,5.94,5.5,
2004-04-26,19.4,86,88,18.3,8.4,0.3,
2004-04-27,20.6,89,65,13.4,8.23,0.4,
2004-04-28,21.5,84,64,16.7,13.37,0.2,
2004-04-29,23.0,79,11,10.5,19.6,0.0,
2004-04-30,23.6,75,42,11.4,19.74,0.0,
2004-05-01,23.7,75,71,9.1,18.03,0.0,
2004-05-02,25.7,72,42,14.3,16.66,0.0,
2004-05-03,26.6,73,36,9.9,16.48,0.0,
2004-05-04,26.8,84,92,12.9,15.48,0.5,
2004-05-05,24.3,87,98,9.7,12.67,1.7,
2004-05-06,23.3,91,100,8.9,9.31,6.5,
2004-05-07,21.8,94,95,23.7,6.75,7.7,
2004-05-08,20.0,81,58,25.9,14.02,0.1,
2004-05-09,19.9,77,33,11.4,16.19,0.0,
2004-05-10,21.0,85,96,12.1,14.3,0.0,
2004-05-11,20.9,86,67,12.9,12.39,0.0,
2004-05-12,25.5,83,59,10.1,17.05,0.0,
2004-05-13,25.1,88,90,13.8,11.88,5.3,
2004-05-14,21.3,87,76,23.7,8.59,1.7,
2004-05-15,19.5,90,90,18.2,7.95,5.2,
2004-05-16,18.1,80,35,12.1,13.31,0.1,
2004-05-17,21.6,83,37,10.2,16.6,0.0,
2004-05-18,19.2,90,94,14.1,8.69,1.1,
2004-05-19,18.6,89,99,13.7,6.32,0.9,
2004-05-20,17.7,93,96,16.6,6.72,4.7,
2004-05-21,18.3,89,94,18.1,7.02,2.6,
2004-05-22,20.3,89,91,14.4,8.07,2.1,
2004-05-23,22.7,87,63,10.5,12.58,3.8,
2004-05-24,23.5,81,56,10.0,13.04,1.8,
2004-05-25,23.8,82,86,24.4,9.81,6.3,
2004-05-26,18.4,79,47,29.9,14.39,2.6,
2004-05-27,17.4,77,38,16.1,16.5,0.0,
2004-05-28,16.3,83,43,14.1,11.99,0.0,
2004-05-29,19.8,84,58,14.4,11.88,0.0,
2004-05-30,21.2,91,80,8.9,10.61,8.1,
2004-05-31,19.8,93,99,14.3,5.74,13.0,
2004-06-01,19.8,91,92,9.8,7.12,0.3,
2004-06-02,21.2,91,95,8.9,9.63,6.6,
2004-06-03,17.8,94,98,11.6,6.15,23.0,
2004-06-04,17.3,86,89,22.9,11.34,11.8,
2004-06-05,15.1,87,80,20.8,5.39,1.9,
2004-06-06,19.5,84,32,9.1,14.91,0.0,
2004-06-07,19.0,86,53,7.4,13.95,0.0,
2004-06-08,21.1,78,93,12.5,14.21,0.0,
2004-06-09,22.2,76,97,13.8,9.46,3.5,
2004-06-10,24.0,75,97,11.9,10.31,0.0,
2004-06-11,24.4,68,73,18.8,13.24,0.1,
2004-06-12,18.1,88,99,17.3,2.56,11.6,
2004-06-13,14.2,82,57,13.7,11.06,0.2,
2004-06-14,18.6,84,11,14.8,14.43,0.0,
2004-06-15,19.6,92,68,9.1,9.86,7.9,
2004-06-16,21.7,88,50,8.9,12.6,0.0,
2004-06-17,22.4,72,0,11.5,15.38,0.0,
2004-06-18,22.7,78,24,15.0,14.73,0.0,
2004-06-19,20.9,87,61,11.8,13.45,0.0,
2004-06-20,21.9,81,44,11.3,14.94,0.0,
2004-06-21,22.4,76,26,15.7,14.75,0.0,
2004-06-22,22.7,69,14,11.5,13.78,0.0,
2004-06-23,22.1,71,24,8.1,14.61,0.0,
2004-06-24,23.2,75,22,13.2,14.41,0.0,
2004-06-25,23.8,76,48,10.9,13.99,0.0,
2004-06-26,23.9,75,29,10.5,12.92,0.0,
2004-06-27,23.8,72,55,17.6,14.02,0.0,
2004-06-28,24.0,78,95,11.3,12.98,0.2,
2004-06-29,23.9,82,64,12.4,14.51,0.0,
2004-06-30,24.1,82,52,6.9,13.94,0.0,
2004-07-01,23.8,75,16,17.7,15.0,0.0,
2004-07-02,24.4,74,0,11.0,15.08,0.0,
2004-07-03,24.6,73,0,17.3,15.26,0.0,
2004-07-04,24.6,80,60,12.2,14.18,0.0,
2004-07-05,22.4,89,88,13.4,11.08,0.1,
2004-07-06,20.9,90,83,12.8,5.8,0.0,
2004-07-07,24.5,76,73,22.7,14.18,0.0,
2004-07-08,24.8,66,98,22.5,12.9,3.5,
2004-07-09,19.0,89,83,10.7,4.17,10.2,
2004-07-10,20.3,90,84,23.2,7.73,3.6,
2004-07-11,16.8,90,99,19.9,3.43,7.7,
2004-07-12,19.1,83,92,19.5,8.19,0.0,
2004-07-13,23.7,79,76,9.5,13.49,0.0,
2004-07-14,24.2,69,41,16.3,14.33,0.0,
2004-07-15,24.4,75,12,17.6,15.55,0.0,
2004-07-16,24.7,83,64,13.3,13.78,0.5,
2004-07-17,16.1,91,99,21.3,4.42,4.2,
2004-07-18,14.7,91,99,19.1,2.75,4.7,
2004-07-19,13.4,98,100,23.7,1.26,41.5,
2004-07-20,13.2,95,96,21.1,2.6,6.0,
2004-07-21,15.5,85,54,20.8,12.24,0.0,
2004-07-22,15.5,83,54,18.6,10.06,0.1,
2004-07-23,15.7,82,37,18.5,10.86,0.1,
2004-07-24,16.8,84,36,15.5,14.13,0.0,
2004-07-25,16.3,86,55,14.8,12.87,0.0,
2004-07-26,17.9,81,3,11.8,17.41,0.0,
2004-07-27,18.9,86,52,12.1,16.0,0.0,
2004-07-28,19.2,83,57,13.3,16.48,0.0,
2004-07-29,20.2,83,64,7.6,16.46,0.0,
2004-07-30,20.7,78,95,8.6,15.4,0.0,
2004-07-31,22.1,68,22,19.1,16.49,0.0,
2004-08-01,21.6,75,22,16.6,16.03,0.2,
2004-08-02,21.8,82,70,8.9,15.04,0.0,
2004-08-03,23.2,86,50,11.9,16.33,0.2,
2004-08-04,22.7,86,74,15.3,14.3,0.0,
2004-08-05,23.3,75,21,11.9,18.02,0.0,
2004-08-06,23.5,69,8,8.9,18.52,0.0,
2004-08-07,23.5,73,55,18.0,16.57,0.0,
2004-08-08,14.4,88,98,20.9,6.56,0.4,
2004-08-09,15.3,79,19,17.1,14.44,0.0,
2004-08-10,17.4,80,42,16.6,15.85,0.0,
2004-08-11,20.1,84,35,14.7,18.14,0.0,
2004-08-12,16.8,84,67,17.3,11.99,0.0,
2004-08-13,17.7,79,42,20.5,16.43,0.0,
2004-08-14,20.0,77,11,19.8,18.9,0.0,
2004-08-15,21.2,78,13,12.3,19.13,0.0,
2004-08-16,22.5,76,16,10.7,19.77,0.0,
2004-08-17,24.4,74,80,10.2,19.2,0.0,
2004-08-18,25.9,76,38,7.2,19.03,0.0,
2004-08-19,26.3,81,42,12.3,18.76,0.0,
2004-08-20,27.9,70,15,6.9,19.94,0.0,
2004-08-21,28.7,62,41,12.1,20.06,0.0,
2004-08-22,25.4,77,83,14.2,17.33,0.0,
2004-08-23,29.1,73,84,17.8,17.28,0.0,
2004-08-24,22.0,84,96,16.1,11.32,0.0,
2004-08-25,28.4,71,63,9.9,19.22,0.0,
2004-08-26,24.8,84,87,17.7,15.0,0.0,
2004-08-27,25.4,85,99,15.8,11.24,0.0,
2004-08-28,25.4,82,85,23.1,11.4,2.5,
2004-08-29,22.7,77,45,15.1,18.77,0.0,
2004-08-30,26.2,69,32,13.5,21.09,0.0,
2004-08-31,24.8,74,24,13.7,21.55,0.0,
2004-09-01,27.6,74,29,15.8,21.85,0.0,
2004-09-02,30.1,56,12,17.7,21.83,0.0,
2004-09-03,27.5,75,54,16.4,16.61,0.9,
2004-09-04,24.1,80,58,16.4,18.66,0.0,
2004-09-05,27.6,78,44,14.2,21.97,0.0,
2004-09-06,29.0,73,39,11.8,22.07,0.0,
2004-09-07,31.0,69,16,13.0,22.78,0.0,
2004-09-08,31.4,69,35,11.6,22.44,0.0,
2004-09-09,31.8,62,5,14.2,23.11,0.0,
2004-09-10,27.9,71,20,19.2,22.46,0.0,
2004-09-11,25.8,72,39,21.6,22.05,0.1,
2004-09-12,17.8,88,100,23.7,5.34,3.3,
2004-09-13,25.9,73,56,22.8,18.05,0.0,
2004-09-14,29.0,51,25,15.3,20.19,0.0,
2004-09-15,28.3,54,16,24.3,22.02,0.0,
2004-09-16,26.2,71,48,18.7,23.08,0.0,
2004-09-17,25.7,75,82,18.0,18.9,0.0,
2004-09-18,26.9,79,45,11.8,19.7,3.3,
2004-09-19,27.6,75,25,8.7,22.05,0.3,
2004-09-20,28.7,68,16,12.1,22.8,0.0,
2004-09-21,30.1,68,26,12.1,22.91,0.0,
2004-09-22,31.0,50,4,15.1,25.16,0.0,
2004-09-23,29.1,75,56,17.9,20.85,0.3,
2004-09-24,33.0,70,54,15.6,23.5,0.0,
2004-09-25,28.3,79,40,18.2,21.59,0.0,
2004-09-26,33.6,62,25,11.3,24.17,0.0,
2004-09-27,31.8,70,70,14.0,21.82,0.0,
2004-09-28,33.9,55,46,17.9,23.37,0.0,
2004-09-29,30.8,65,77,22.2,20.78,2.8,
2004-09-30,16.7,81,100,26.8,6.04,1.6,
2004-10-01,21.9,83,99,19.5,9.28,6.0,
2004-10-02,24.1,86,100,8.3,13.18,6.7,
2004-10-03,18.1,93,100,11.2,5.38,13.5,
2004-10-04,22.4,83,73,13.9,20.43,0.7,
2004-10-05,21.6,85,88,20.7,17.29,0.1,
2004-10-06,16.7,82,85,19.7,11.77,0.4,
2004-10-07,18.4,79,62,19.2,17.19,0.0,
2004-10-08,21.5,77,31,15.9,26.54,0.0,
2004-10-09,29.4,64,62,11.5,27.97,0.0,
2004-10-10,31.6,68,89,14.8,21.47,5.9,
2004-10-11,25.5,87,100,15.0,14.28,7.4,
2004-10-12,25.8,87,99,16.6,19.18,7.0,
2004-10-13,26.8,81,98,23.5,19.17,2.6,
2004-10-14,24.0,91,100,17.7,10.12,17.8,
2004-10-15,22.8,91,100,15.4,9.64,8.0,
2004-10-16,27.5,81,71,17.4,21.72,5.8,
2004-10-17,24.1,81,85,25.1,12.55,19.7,
2004-10-18,25.8,90,96,11.9,13.97,13.2,
2004-10-19,24.5,88,98,25.2,9.16,11.2,
2004-10-20,19.1,83,91,21.7,15.51,2.2,
2004-10-21,20.2,81,84,22.3,16.07,0.3,
2004-10-22,23.9,81,62,16.5,20.1,0.0,
2004-10-23,26.2,77,72,12.5,22.12,6.0,
2004-10-24,26.9,78,98,24.5,18.32,4.2,
2004-10-25,24.3,91,93,25.9,12.77,10.2,
2004-10-26,19.9,90,98,17.2,6.02,13.4,
2004-10-27,26.5,80,72,27.0,24.11,0.3,
2004-10-28,19.0,78,51,18.4,23.39,0.0,
2004-10-29,23.7,77,13,16.6,28.26,0.0,
2004-10-30,28.5,75,22,11.3,26.65,0.0,
2004-10-31,29.9,70,82,18.9,28.15,0.2,
2004-11-01,22.8,89,96,17.5,10.86,1.3,
2004-11-02,25.4,87,91,13.2,15.04,2.6,
2004-11-03,29.4,74,49,18.4,25.93,1.1,
2004-11-04,28.5,76,98,20.1,23.65,8.3,
2004-11-05,28.1,81,87,23.2,24.54,7.0,
2004-11-06,27.3,87,91,19.5,15.81,22.0,
2004-11-07,17.9,86,99,21.5,8.69,2.0,
2004-11-08,20.4,85,89,21.2,12.97,0.2,
2004-11-09,25.1,81,65,16.4,24.08,0.0,
2004-11-10,28.1,72,56,16.9,26.82,0.1,
2004-11-11,27.6,71,98,31.8,17.37,6.3,
2004-11-12,23.8,71,47,29.4,28.85,0.6,
2004-11-13,22.5,78,61,20.0,20.2,0.2,
2004-11-14,22.5,81,74,18.6,19.3,0.0,
2004-11-15,26.1,83,77,13.0,20.32,9.9,
2004-11-16,21.4,93,100,10.4,5.01,17.7,
2004-11-17,23.0,94,98,18.5,8.92,6.9,
2004-11-18,22.9,92,96,10.3,8.64,7.9,
2004-11-19,21.8,93,91,17.7,13.53,13.0,
2004-11-20,21.7,85,84,18.7,21.58,1.5,
2004-11-21,20.9,79,46,19.5,20.44,0.0,
2004-11-22,23.3,79,35,17.9,25.88,0.0,
2004-11-23,25.9,79,40,15.8,28.55,0.0,
2004-11-24,27.8,76,50,13.3,28.81,0.0,
2004-11-25,29.6,68,44,8.6,30.62,0.0,
2004-11-26,30.1,64,44,11.8,25.65,1.6,
2004-11-27,30.0,64,79,17.3,25.05,0.3,
2004-11-28,24.5,86,98,23.6,11.11,15.4,
2004-11-29,22.9,87,98,22.0,17.79,8.1,
2004-11-30,22.9,83,81,18.3,20.28,0.8,
2004-12-01,23.9,82,69,20.1,23.17,0.4,
2004-12-02,22.4,83,90,19.9,18.74,2.1,
2004-12-03,22.4,85,95,13.4,12.02,0.9,
2004-12-04,27.4,78,57,18.1,25.4,1.4,
2004-12-05,28.0,82,94,10.2,22.24,6.3,
2004-12-06,28.7,82,88,13.5,22.46,5.8,
2004-12-07,27.1,84,84,19.6,20.56,11.7,
2004-12-08,28.1,83,88,25.2,23.95,0.3,
2004-12-09,25.0,92,100,20.8,11.33,32.4,
2004-12-10,20.6,94,95,16.9,7.8,5.8,
2004-12-11,22.0,90,93,18.1,15.54,4.1,
2004-12-12,23.1,81,74,17.6,20.4,0.2,
2004-12-13,25.0,77,36,15.6,25.23,0.0,
2004-12-14,25.3,81,42,20.0,30.43,0.0,
2004-12-15,25.8,81,47,14.3,25.03,0.4,
2004-12-16,29.2,78,46,15.2,28.24,3.4,
2004-12-17,28.5,83,88,11.8,22.01,11.8,
2004-12-18,24.9,90,92,15.3,14.48,3.2,
2004-12-19,27.5,84,76,12.0,21.47,4.8,
2004-12-20,27.7,82,72,17.5,23.21,4.6,
2004-12-21,20.6,89,95,21.8,10.03,3.6,
2004-12-22,19.1,85,89,23.3,13.23,0.4,
2004-12-23,19.6,91,98,19.8,7.64,17.9,
2004-12-24,25.8,81,65,18.2,24.0,2.3,
2004-12-25,27.6,77,57,18.4,25.71,0.0,
2004-12-26,26.5,87,98,20.7,19.3,5.3,
2004-12-27,26.0,82,95,19.6,20.67,14.0,
2004-12-28,24.8,88,60,17.5,22.34,1.1,
2004-12-29,27.1,82,32,17.2,26.63,0.0,
2004-12-30,28.6,80,36,12.9,27.96,0.2,
2004-12-31,28.7,84,79,12.4,23.25,2.6,
2005-01-01,27.1,84,53,17.3,27.41,2.0,29.0
2005-01-02,27.2,80,39,16.1,28.48,1.0,29.0
2005-01-03,27.9,81,84,9.7,24.39,6.9,28.0
2005-01-04,22.3,90,99,15.2,7.13,21.7,23.0
2005-01-05,25.0,90,97,20.1,10.04,20.2,24.0
2005-01-06,25.0,84,90,25.5,14.35,7.5,28.0
2005-01-07,28.0,84,68,17.1,20.79,12.3,28.0
2005-01-08,27.0,87,71,11.4,19.35,7.0,28.0
2005-01-09,28.4,83,66,15.9,23.07,1.8,30.0
2005-01-10,28.7,81,98,22.3,23.55,0.6,31.0
2005-01-11,25.1,90,100,16.3,10.83,27.9,24.0
2005-01-12,23.3,88,83,20.6,15.58,3.8,24.0
2005-01-13,26.2,81,51,16.5,24.7,0.0,28.0
2005-01-14,26.9,80,47,14.5,25.72,0.0,28.0
2005-01-15,29.3,73,64,17.3,27.21,0.0,32.0
2005-01-16,28.2,85,99,21.6,15.22,11.8,30.0
2005-01-17,22.7,93,100,18.4,8.95,13.8,23.0
2005-01-18,25.4,91,95,13.0,13.75,17.8,26.0
2005-01-19,22.6,95,99,13.0,4.73,22.0,25.0
2005-01-20,25.6,90,100,30.3,12.45,21.4,25.0
2005-01-21,26.3,91,95,20.7,13.4,11.6,25.0
2005-01-22,27.7,89,96,14.7,16.79,14.8,27.0
2005-01-23,27.1,89,77,12.0,13.46,9.6,30.0
2005-01-24,28.7,85,94,10.8,19.72,6.9,28.0
2005-01-25,26.0,89,98,29.9,13.91,25.7,28.0
2005-01-26,19.4,91,100,21.6,4.01,24.5,18.0
2005-01-27,19.8,91,100,21.1,6.61,13.5,19.0
2005-01-28,22.2,92,99,16.7,8.58,7.8,21.0
2005-01-29,24.3,89,99,11.0,13.05,22.6,23.0
2005-01-30,25.3,86,72,17.0,17.31,9.2,27.0
2005-01-31,25.3,83,69,21.5,21.67,1.0,27.0
2005-02-01,23.5,87,87,19.5,19.83,8.0,25.0
2005-02-02,25.2,88,86,18.8,18.37,5.7,28.0
2005-02-03,23.7,90,95,20.8,12.27,3.0,25.0
2005-02-04,25.8,88,97,20.2,15.84,3.2,23.0
2005-02-05,23.5,86,74,20.5,17.34,0.4,24.0
2005-02-06,23.1,84,79,21.9,21.23,1.4,25.0
2005-02-07,23.1,77,89,20.2,27.77,0.0,24.0
2005-02-08,23.6,77,75,17.4,25.9,0.0,25.0
2005-02-09,25.2,75,71,15.5,28.88,0.0,27.0
2005-02-10,26.4,72,39,14.3,25.71,0.0,29.0
2005-02-11,27.0,66,30,22.6,23.99,0.0,29.0
2005-02-12,26.7,78,51,11.7,24.24,5.7,29.0
2005-02-13,25.0,87,65,16.3,18.66,19.6,25.0
2005-02-14,23.8,87,60,18.3,17.6,1.7,26.0
2005-02-15,23.9,88,63,15.5,19.13,0.6,26.0
2005-02-16,26.7,83,51,13.1,24.75,0.2,29.0
2005-02-17,28.6,82,50,13.6,26.54,0.6,30.0
2005-02-18,28.8,83,41,16.3,25.88,3.8,31.0
2005-02-19,26.7,87,66,13.8,20.65,10.2,29.0
2005-02-20,25.9,85,49,20.1,23.26,1.2,27.0
2005-02-21,25.5,81,65,13.3,24.04,0.0,27.0
2005-02-22,29.0,75,79,11.8,27.73,0.0,31.0
2005-02-23,29.6,73,72,11.3,21.59,1.2,30.0
2005-02-24,27.5,86,87,10.4,13.4,0.3,30.0
2005-02-25,29.0,83,89,13.0,18.69,4.4,31.0
2005-02-26,27.4,83,95,23.3,20.52,1.3,28.0
2005-02-27,27.3,82,84,23.4,21.35,5.1,26.0
2005-02-28,27.6,84,70,13.8,19.66,1.2,30.0
2005-03-01,24.7,90,73,20.2,18.44,3.5,26.0
2005-03-02,23.5,86,91,22.4,15.78,1.8,24.0
2005-03-03,20.9,85,83,17.6,9.7,2.9,20.0
2005-03-04,22.3,88,78,16.9,14.31,2.2,25.0
2005-03-05,23.1,87,90,18.8,19.56,1.2,25.0
2005-03-06,24.0,84,82,14.2,17.43,1.4,25.0
2005-03-07,27.4,82,73,16.5,21.45,0.0,30.0
2005-03-08,29.0,79,58,12.8,23.12,0.0,31.0
2005-03-09,29.1,75,32,11.6,21.87,0.0,32.0
2005-03-10,30.8,74,71,10.5,25.14,0.0,32.0
2005-03-11,31.2,73,33,9.3,23.81,0.0,31.0
2005-03-12,29.0,79,53,16.2,18.43,6.3,31.0
2005-03-13,30.4,71,76,9.7,23.17,0.0,31.0
2005-03-14,29.7,74,99,29.4,18.95,5.7,29.0
2005-03-15,26.8,85,98,23.9,11.69,4.5,26.0
2005-03-16,23.3,91,92,26.9,7.99,16.7,23.0
2005-03-17,25.0,89,82,18.3,15.59,12.6,27.0
2005-03-18,25.6,90,82,12.5,15.2,25.3,29.0
2005-03-19,25.3,90,53,11.4,16.48,4.6,28.0
2005-03-20,27.4,87,72,8.5,20.17,6.2,29.0
2005-03-21,27.3,88,94,7.8,17.28,15.9,26.0
2005-03-22,25.3,89,88,15.8,11.24,5.9,27.0
2005-03-23,27.0,85,75,15.1,16.59,8.5,29.0
2005-03-24,23.1,92,93,19.5,6.63,18.3,23.0
2005-03-25,21.9,89,88,19.0,10.78,2.1,22.0
2005-03-26,22.7,85,91,13.9,14.89,0.7,23.0
2005-03-27,22.8,89,63,14.1,13.77,0.7,24.0
2005-03-28,23.5,87,66,16.3,16.7,1.1,26.0
2005-03-29,26.5,84,56,12.9,20.42,0.5,29.0
2005-03-30,26.8,83,72,11.5,19.57,1.6,29.0
2005-03-31,26.5,83,77,11.9,19.75,0.1,28.0
2005-04-01,28.2,77,81,9.2,19.7,0.0,30.0
2005-04-02,27.9,75,78,19.0,19.5,0.0,31.0
2005-04-03,28.2,75,98,16.9,19.52,0.1,31.0
2005-04-04,27.0,89,93,19.0,12.54,18.1,30.0
2005-04-05,24.5,87,93,15.5,9.35,0.0,24.0
2005-04-06,25.9,85,80,14.1,12.91,1.8,29.0
2005-04-07,28.1,79,47,12.4,18.99,0.4,31.0
2005-04-08,28.6,78,33,9.7,19.52,1.0,31.0
2005-04-09,27.2,86,71,16.5,16.87,1.1,28.0
2005-04-10,28.4,82,50,10.9,20.3,0.0,30.0
2005-04-11,29.6,74,24,10.9,21.36,0.0,31.0
2005-04-12,29.7,73,20,7.9,21.11,0.0,31.0
2005-04-13,27.2,82,28,15.4,19.11,1.1,27.0
2005-04-14,28.8,76,38,11.9,21.03,0.0,32.0
2005-04-15,28.8,71,39,15.5,20.02,0.0,30.0
2005-04-16,27.2,76,39,12.6,15.83,2.5,28.0
2005-04-17,23.7,89,78,14.7,11.91,0.7,27.0
2005-04-18,26.0,81,82,12.5,16.82,0.0,27.0
2005-04-19,27.9,75,62,9.4,18.56,0.0,29.0
2005-04-20,28.6,72,50,12.7,19.17,0.0,29.0
2005-04-21,27.5,84,73,15.1,16.35,5.7,27.0
2005-04-22,24.8,81,57,14.6,16.41,0.0,25.0
2005-04-23,25.5,85,77,14.1,16.22,4.0,26.0
2005-04-24,25.9,81,73,10.1,17.1,0.0,26.0
2005-04-25,26.8,81,99,24.5,11.95,6.5,25.0
2005-04-26,16.7,88,98,24.3,2.69,3.5,18.0
2005-04-27,19.2,81,61,14.5,10.27,0.4,19.0
2005-04-28,18.8,86,85,9.8,5.93,2.8,17.0
2005-04-29,21.7,89,85,13.4,11.21,2.6,23.0
2005-04-30,19.1,92,81,19.8,10.83,18.9,18.0
2005-05-01,19.1,84,61,17.5,11.66,1.2,20.0
2005-05-02,19.4,84,61,13.6,11.25,0.0,20.0
2005-05-03,19.9,83,49,14.1,16.44,0.0,21.0
2005-05-04,22.5,77,10,12.1,19.06,0.0,23.0
2005-05-05,23.0,83,53,11.9,17.79,0.0,24.0
2005-05-06,23.9,78,55,11.5,17.91,0.0,26.0
2005-05-07,23.7,73,56,12.4,17.83,0.0,26.0
2005-05-08,24.3,73,51,18.5,17.01,0.0,25.0
2005-05-09,24.8,78,91,11.5,15.32,0.0,24.0
2005-05-10,26.2,74,71,9.4,15.91,0.0,25.0
2005-05-11,27.0,67,0,9.0,18.15,0.0,28.0
2005-05-12,27.1,68,12,9.8,18.08,0.0,28.0
2005-05-13,27.4,75,43,11.6,17.05,0.0,28.0
2005-05-14,27.5,66,1,12.3,17.57,0.0,28.0
2005-05-15,27.3,64,6,10.2,17.51,0.0,29.0
2005-05-16,26.8,61,12,13.9,17.65,0.0,28.0
2005-05-17,27.4,63,23,13.0,16.77,0.0,27.0
2005-05-18,28.3,69,32,8.8,16.64,0.0,29.0
2005-05-19,27.6,67,21,18.0,16.31,0.0,29.0
2005-05-20,28.3,60,21,14.2,15.71,0.0,28.0
2005-05-21,28.0,63,58,25.4,12.85,2.8,27.0
2005-05-22,18.9,89,99,15.8,4.53,11.6,18.0
2005-05-23,20.0,85,88,14.8,5.11,1.7,21.0
2005-05-24,22.5,86,94,23.8,6.74,8.8,21.0
2005-05-25,21.4,89,97,26.5,2.13,46.6,19.0
2005-05-26,19.3,85,65,10.5,12.92,0.0,21.0
2005-05-27,20.9,84,36,13.8,16.06,0.0,22.0
2005-05-28,22.3,82,19,10.7,16.39,0.0,23.0
2005-05-29,23.8,84,45,8.4,14.93,0.0,23.0
2005-05-30,24.6,83,63,10.2,15.29,0.0,26.0
2005-05-31,24.2,86,96,12.2,14.59,0.0,24.0
2005-06-01,23.0,86,100,9.0,12.17,0.0,24.0
2005-06-02,23.9,84,74,8.7,13.32,0.0,26.0
2005-06-03,24.5,85,50,7.9,14.01,0.0,25.0
2005-06-04,24.2,83,41,8.6,15.24,0.0,25.0
2005-06-05,23.9,82,48,8.6,15.21,0.0,24.0
2005-06-06,22.6,84,53,11.0,14.66,0.0,21.0
2005-06-07,23.2,81,63,10.8,14.38,0.0,23.0
2005-06-08,23.5,76,23,6.8,15.34,0.0,25.0
2005-06-09,24.1,78,45,10.0,14.81,0.0,24.0
2005-06-10,24.0,76,47,8.4,14.73,0.0,25.0
2005-06-11,23.8,68,13,11.5,13.97,0.0,24.0
2005-06-12,24.4,66,0,12.6,15.24,0.0,26.0
2005-06-13,24.3,69,15,17.2,15.31,0.0,26.0
2005-06-14,25.0,64,2,16.5,15.17,0.0,26.0
2005-06-15,25.3,67,21,9.4,14.91,0.0,26.0
2005-06-16,24.8,75,37,16.0,14.64,0.0,26.0
2005-06-17,25.5,69,7,14.8,14.76,0.0,27.0
2005-06-18,25.9,71,74,23.3,12.54,1.3,27.0
2005-06-19,21.0,77,66,20.8,9.54,0.1,22.0
2005-06-20,21.2,88,100,18.9,6.5,18.3,20.0
2005-06-21,14.8,92,96,22.4,2.62,7.0,16.0
2005-06-22,16.5,88,81,17.7,4.73,0.0,18.0
2005-06-23,20.6,85,47,14.2,13.33,0.0,22.0
2005-06-24,19.6,88,87,11.7,9.81,0.0,21.0
2005-06-25,20.3,85,62,10.5,13.42,0.0,21.0
2005-06-26,21.9,75,45,13.7,14.86,0.0,23.0
2005-06-27,22.0,67,94,12.5,14.05,0.0,23.0
2005-06-28,24.6,72,99,20.1,11.11,0.0,19.0
2005-06-29,25.3,78,62,13.3,12.14,0.1,26.0
2005-06-30,24.2,84,43,12.1,10.25,0.7,26.0
2005-07-01,22.2,85,71,10.9,12.37,0.0,23.0
2005-07-02,25.0,74,16,19.9,15.12,0.0,27.0
2005-07-03,24.7,65,6,20.2,15.51,0.0,26.0
2005-07-04,24.3,62,0,22.1,15.54,0.0,26.0
2005-07-05,22.8,75,51,18.8,9.5,1.2,21.0
2005-07-06,16.8,92,99,18.2,3.8,5.9,16.0
2005-07-07,13.4,86,93,21.6,3.78,2.1,14.0
2005-07-08,15.6,83,60,23.5,9.05,0.6,16.0
2005-07-09,16.5,82,33,19.4,10.59,0.0,17.0
2005-07-10,18.8,83,54,17.2,13.39,0.0,18.0
2005-07-11,20.5,84,66,10.7,13.29,0.0,22.0
2005-07-12,20.6,86,54,11.7,13.92,0.0,22.0
2005-07-13,20.5,81,27,13.0,15.76,0.0,21.0
2005-07-14,21.6,80,34,9.7,15.94,0.0,22.0
2005-07-15,22.6,72,25,15.8,16.06,0.0,24.0
2005-07-16,23.8,59,0,27.0,16.02,0.0,26.0
2005-07-17,25.0,60,36,33.2,14.42,0.0,26.0
2005-07-18,20.1,74,94,6.6,10.27,1.9,19.0
2005-07-19,14.2,82,97,14.6,4.4,0.2,14.0
2005-07-20,16.1,85,81,17.7,6.54,0.6,17.0
2005-07-21,22.1,83,51,12.3,13.44,1.2,23.0
2005-07-22,25.8,72,44,13.6,15.17,0.0,26.0
2005-07-23,26.4,70,33,10.9,14.54,0.0,27.0
2005-07-24,26.1,81,76,9.0,13.47,0.7,22.0
2005-07-25,20.5,82,47,20.6,11.47,11.1,19.0
2005-07-26,19.2,71,57,12.5,17.06,0.0,20.0
2005-07-27,16.9,87,72,16.0,6.41,0.0,16.0
2005-07-28,24.0,80,44,6.3,15.74,0.0,25.0
2005-07-29,24.9,76,29,8.1,15.67,0.0,26.0
2005-07-30,24.1,74,33,8.4,17.14,0.0,25.0
2005-07-31,25.3,66,8,10.6,17.34,0.0,27.0
2005-08-01,25.3,61,0,10.0,17.83,0.0,26.0
2005-08-02,25.2,61,0,10.7,18.15,0.0,25.0
2005-08-03,25.0,61,0,10.3,18.26,0.0,27.0
2005-08-04,25.4,61,0,10.7,18.35,0.0,26.0
2005-08-05,26.1,62,0,10.5,18.45,0.0,27.0
2005-08-06,25.8,59,0,13.2,18.59,0.0,26.0
2005-08-07,24.2,70,29,18.7,16.91,0.0,23.0
2005-08-08,22.0,81,80,19.8,13.83,0.1,21.0
2005-08-09,24.0,83,86,10.1,11.38,14.2,21.0
2005-08-10,15.8,81,72,28.3,9.03,5.3,18.0
2005-08-11,20.9,70,6,7.5,18.65,0.0,22.0
2005-08-12,21.5,82,45,15.0,18.27,0.0,21.0
2005-08-13,24.0,81,59,13.8,18.35,0.0,25.0
2005-08-14,26.5,77,50,13.2,18.42,0.0,28.0
2005-08-15,27.3,79,69,12.0,17.53,0.0,28.0
2005-08-16,26.2,78,47,11.1,17.6,0.0,27.0
2005-08-17,26.3,63,7,11.5,18.26,0.0,28.0
2005-08-18,25.4,74,40,12.1,13.72,4.7,24.0
2005-08-19,23.4,83,78,14.6,13.5,0.1,23.0
2005-08-20,24.1,82,71,16.7,17.09,0.0,25.0
2005-08-21,25.5,77,61,14.9,19.11,0.0,27.0
2005-08-22,27.1,66,14,12.6,20.39,0.0,29.0
2005-08-23,27.3,53,30,17.1,20.83,0.0,29.0
2005-08-24,29.6,46,69,25.0,18.54,0.3,29.0
2005-08-25,17.9,84,97,17.4,8.31,0.0,19.0
2005-08-26,24.6,80,84,17.4,14.5,0.0,22.0
2005-08-27,28.4,70,82,23.8,16.89,0.1,21.0
2005-08-28,30.6,56,3,19.6,20.53,0.0,31.0
2005-08-29,31.9,42,2,22.3,21.11,0.0,32.0
2005-08-30,32.6,38,15,28.5,20.19,0.0,32.0
2005-08-31,30.8,65,75,17.0,17.96,0.0,26.0
2005-09-01,29.4,72,91,14.1,16.03,0.3,28.0
2005-09-02,25.2,74,57,15.5,17.37,2.5,22.0
2005-09-03,24.3,74,30,21.0,18.6,0.0,22.0
2005-09-04,30.1,69,53,14.2,19.09,0.7,27.0
2005-09-05,28.4,73,64,21.3,19.05,4.7,27.0
2005-09-06,19.5,93,97,18.7,8.42,19.6,19.0
2005-09-07,17.3,88,100,17.3,5.41,0.5,17.0
2005-09-08,18.9,87,94,18.3,7.06,0.1,18.0
2005-09-09,25.0,78,58,14.9,16.41,0.3,25.0
2005-09-10,28.0,63,5,17.2,23.06,0.0,29.0
2005-09-11,29.6,57,55,24.1,22.17,0.0,29.0
2005-09-12,20.5,89,99,21.0,5.49,6.7,20.0
2005-09-13,16.6,89,100,20.8,4.63,2.4,15.0
2005-09-14,16.5,92,100,20.3,4.29,11.9,17.0
2005-09-15,27.2,80,95,12.3,19.87,5.1,26.0
2005-09-16,25.4,89,93,18.0,16.14,2.4,26.0
2005-09-17,18.5,87,100,17.3,9.45,0.0,17.0
2005-09-18,21.7,87,100,17.7,10.24,4.0,20.0
2005-09-19,25.0,83,40,22.2,18.75,12.3,27.0
2005-09-20,23.2,80,55,21.7,22.44,0.0,22.0
2005-09-21,20.7,82,86,18.3,14.23,2.1,22.0
2005-09-22,21.1,84,88,17.5,11.16,2.8,22.0
2005-09-23,23.7,85,69,13.2,19.26,2.6,25.0
2005-09-24,26.2,83,99,11.5,17.68,1.5,26.0
2005-09-25,21.1,92,100,21.6,5.46,19.3,22.0
2005-09-26,18.8,92,100,20.0,4.08,21.5,18.0
2005-09-27,15.3,88,88,22.4,7.46,8.7,15.0
2005-09-28,18.0,84,46,20.0,12.59,0.4,18.0
2005-09-29,22.7,80,48,18.0,23.1,0.0,23.0
2005-09-30,26.1,80,72,14.8,22.2,0.0,25.0
2005-10-01,26.9,80,67,16.5,18.69,2.1,28.0
2005-10-02,23.4,88,94,12.0,13.82,1.1,19.0
2005-10-03,25.1,81,65,15.2,18.46,0.0,26.0
2005-10-04,28.9,70,85,14.0,23.92,0.0,31.0
2005-10-05,27.9,74,100,14.2,11.93,3.5,22.0
2005-10-06,20.9,94,100,15.9,6.55,5.0,22.0
2005-10-07,25.3,89,100,15.4,11.86,0.0,26.0
2005-10-08,29.4,81,78,12.9,23.71,2.1,31.0
2005-10-09,28.8,87,98,14.8,17.62,4.0,29.0
2005-10-10,22.3,90,99,18.2,12.83,0.0,22.0
2005-10-11,27.8,84,73,14.1,22.51,0.0,26.0
2005-10-12,30.5,74,55,10.5,25.22,0.2,32.0
2005-10-13,32.4,58,12,11.2,27.5,0.0,34.0
2005-10-14,32.1,60,36,22.7,25.77,4.3,34.0
2005-10-15,24.8,86,98,19.4,13.92,0.9,22.0
2005-10-16,30.3,80,98,17.6,21.84,0.6,26.0
2005-10-17,30.9,74,71,13.3,22.26,0.9,28.0
2005-10-18,23.7,88,92,19.1,10.4,5.0,21.0
2005-10-19,17.7,93,100,18.4,4.89,14.7,18.0
2005-10-20,22.5,85,100,17.0,9.84,0.1,25.0
2005-10-21,26.6,81,71,8.3,21.64,3.2,30.0
2005-10-22,26.6,76,99,28.3,20.72,7.9,25.0
2005-10-23,24.8,81,95,18.2,15.7,14.0,22.0
2005-10-24,24.6,86,86,18.5,17.0,0.7,25.0
2005-10-25,28.4,78,99,11.8,22.09,2.9,30.0
2005-10-26,28.3,80,99,14.3,20.01,7.8,30.0
2005-10-27,25.8,88,96,14.5,13.39,2.4,30.0
2005-10-28,30.0,82,94,21.5,21.8,3.6,32.0
2005-10-29,24.2,92,99,16.3,6.89,11.6,22.0
2005-10-30,19.1,91,100,18.0,5.19,11.1,19.0
2005-10-31,19.7,92,100,17.1,7.34,10.5,20.0
2005-11-01,20.7,84,94,23.0,16.01,1.2,17.0
2005-11-02,21.7,89,99,18.9,10.96,13.9,20.0
2005-11-03,23.7,87,81,15.7,17.97,2.2,25.0
2005-11-04,23.8,85,93,15.2,14.93,3.4,23.0
2005-11-05,26.6,88,68,12.4,21.36,3.7,29.0
2005-11-06,27.0,82,69,16.1,25.34,0.0,28.0
2005-11-07,24.8,86,90,20.7,20.51,3.5,26.0
2005-11-08,19.8,87,99,20.6,9.26,1.9,20.0
2005-11-09,20.1,85,94,20.7,11.55,0.5,19.0
2005-11-10,19.1,83,94,21.3,10.93,0.9,19.0
2005-11-11,22.3,79,85,19.5,23.0,0.0,23.0
2005-11-12,21.9,82,73,15.1,19.09,1.9,24.0
2005-11-13,24.4,79,55,14.4,24.3,1.2,31.0
2005-11-14,26.1,80,58,12.7,23.72,0.4,28.0
2005-11-15,27.4,73,25,12.3,25.11,0.5,31.0
2005-11-16,28.7,68,36,14.1,26.26,0.8,32.0
2005-11-17,27.8,79,94,10.9,19.2,8.0,27.0
2005-11-18,27.0,84,83,14.5,18.93,5.9,29.0
2005-11-19,28.3,83,63,22.5,24.45,12.8,29.0
2005-11-20,23.1,87,92,20.5,15.39,5.4,23.0
2005-11-21,24.9,80,57,16.5,27.75,0.0,25.0
2005-11-22,28.2,77,86,14.0,25.95,0.0,29.0
2005-11-23,28.1,76,55,11.5,24.7,0.3,30.0
2005-11-24,29.5,78,66,20.5,25.16,4.4,30.0
2005-11-25,21.7,93,100,23.8,6.35,24.2,24.0
2005-11-26,18.7,84,81,21.1,8.78,0.9,18.0
2005-11-27,22.6,76,23,22.5,30.7,0.0,24.0
2005-11-28,24.5,79,33,18.7,25.03,0.0,26.0
2005-11-29,25.9,83,55,12.0,15.53,3.2,29.0
2005-11-30,24.3,84,97,21.5,12.77,9.3,25.0
2005-12-01,24.3,82,94,19.1,12.15,2.4,27.0
2005-12-02,20.4,91,100,23.6,7.04,6.3,21.0
2005-12-03,19.8,82,87,22.4,13.7,0.2,18.0
2005-12-04,25.9,78,22,16.9,25.71,0.0,27.0
2005-12-05,27.6,78,85,17.6,23.13,0.4,28.0
2005-12-06,25.1,90,98,24.6,13.95,21.9,26.0
2005-12-07,19.7,80,97,25.1,14.67,0.4,20.0
2005-12-08,23.9,78,56,20.9,24.08,0.0,25.0
2005-12-09,26.7,83,67,13.6,22.79,0.0,29.0
2005-12-10,27.3,84,60,17.9,22.05,4.7,29.0
2005-12-11,22.1,85,91,22.5,16.06,3.9,19.0
2005-12-12,20.0,86,96,19.6,10.53,2.4,20.0
2005-12-13,23.0,86,76,20.3,17.57,1.7,24.0
2005-12-14,21.8,85,67,21.1,19.09,1.6,23.0
2005-12-15,23.6,84,73,15.0,20.47,0.1,24.0
2005-12-16,28.0,77,53,15.0,27.31,0.5,31.0
2005-12-17,27.5,80,74,33.9,25.71,1.9,28.0
2005-12-18,24.2,87,98,29.0,12.25,6.6,25.0
2005-12-19,25.5,86,91,25.5,21.68,2.5,27.0
2005-12-20,27.6,79,83,21.9,24.71,9.3,30.0
2005-12-21,25.6,90,90,15.0,16.12,21.4,28.0
2005-12-22,27.6,84,75,7.8,24.03,5.1,30.0
2005-12-23,28.4,76,40,12.2,26.08,0.8,31.0
2005-12-24,29.2,78,93,18.3,23.9,7.6,31.0
2005-12-25,23.1,86,80,23.5,19.9,0.4,22.0
2005-12-26,23.2,81,43,20.4,19.21,0.4,25.0
2005-12-27,23.4,84,53,16.9,22.67,2.5,23.0
2005-12-28,24.4,78,28,20.9,26.59,0.0,25.0
2005-12-29,24.9,78,21,16.4,26.23,0.6,28.0
2005-12-30,27.4,80,76,14.5,24.7,10.3,30.0
2005-12-31,27.9,79,62,18.3,25.75,8.4,
2006-01-01,23.3,84,100,21.5,12.25,9.7,24.0
2006-01-02,24.4,86,91,23.8,16.1,6.5,24.0
2006-01-03,25.8,84,73,21.7,18.59,18.0,27.0
2006-01-04,25.0,91,97,21.9,12.06,32.6,24.0
2006-01-05,23.9,87,100,8.4,14.36,8.9,24.0
2006-01-06,25.1,82,100,9.8,19.94,1.3,26.0
2006-01-07,26.1,85,53,14.6,21.95,3.7,29.0
2006-01-08,27.6,83,36,12.5,25.13,2.6,30.0
2006-01-09,28.1,81,54,13.8,25.33,0.9,31.0
2006-01-10,27.5,77,28,14.7,23.65,0.5,30.0
2006-01-11,27.7,78,49,14.8,24.92,1.2,30.0
2006-01-12,28.0,75,90,8.9,22.51,0.2,30.0
2006-01-13,28.9,74,91,11.0,26.05,0.0,33.0
2006-01-14,29.8,75,89,14.0,28.78,0.0,31.0
2006-01-15,29.6,72,39,11.3,24.4,0.2,31.0
2006-01-16,30.8,79,39,16.2,26.93,0.0,32.0
2006-01-17,29.3,80,44,19.5,29.68,0.0,31.0
2006-01-18,28.0,78,69,17.2,22.92,0.9,30.0
2006-01-19,28.8,77,87,11.7,22.9,2.6,32.0
2006-01-20,30.1,68,93,16.3,24.83,0.3,32.0
2006-01-21,30.7,61,88,17.7,26.36,0.0,33.0
2006-01-22,32.1,60,91,19.2,29.88,0.0,33.0
2006-01-23,26.8,80,100,12.6,10.46,0.1,29.0
2006-01-24,31.0,69,89,11.3,21.22,0.8,32.0
2006-01-25,33.0,60,81,22.4,26.15,0.2,35.0
2006-01-26,31.5,71,80,15.1,21.12,2.8,28.0
2006-01-27,23.1,89,97,13.3,8.05,6.7,24.0
2006-01-28,26.8,84,79,15.4,20.87,1.6,28.0
2006-01-29,23.0,92,94,9.8,7.48,17.7,22.0
2006-01-30,25.7,89,96,15.3,14.66,15.6,26.0
2006-01-31,25.9,87,80,16.1,16.69,11.1,25.0
2006-02-01,25.2,89,89,14.6,17.37,4.3,28.0
2006-02-02,24.6,88,84,12.2,15.14,7.7,29.0
2006-02-03,28.0,84,63,8.8,23.34,1.6,32.0
2006-02-04,29.0,80,80,12.7,25.17,0.3,32.0
2006-02-05,29.6,74,60,13.7,25.45,0.6,32.0
2006-02-06,30.4,69,92,17.0,25.04,0.0,32.0
2006-02-07,28.8,81,78,16.2,18.6,4.2,31.0
2006-02-08,28.1,87,77,15.5,19.22,22.9,28.0
2006-02-09,27.1,90,98,9.0,12.88,15.4,29.0
2006-02-10,24.5,92,99,17.6,8.84,16.3,26.0
2006-02-11,23.2,92,100,14.8,11.97,16.0,20.0
2006-02-12,22.9,94,100,13.6,7.98,19.9,25.0
2006-02-13,24.8,88,75,18.7,14.1,15.9,28.0
2006-02-14,27.2,85,79,16.9,21.41,1.3,27.0
2006-02-15,26.7,88,82,17.2,21.15,3.7,25.0
2006-02-16,27.9,87,97,12.8,16.89,4.0,26.0
2006-02-17,29.1,84,95,16.6,19.94,5.2,28.0
2006-02-18,26.2,88,99,7.9,12.59,8.5,26.0
2006-02-19,27.4,88,90,14.2,17.87,9.5,28.0
2006-02-20,26.9,82,95,14.7,15.27,1.0,29.0
2006-02-21,28.7,86,79,18.1,20.81,12.3,29.0
2006-02-22,27.1,83,56,27.5,23.06,0.2,28.0
2006-02-23,26.1,86,57,25.4,18.31,1.6,29.0
2006-02-24,26.9,86,78,24.5,19.36,1.8,25.0
2006-02-25,25.7,85,56,26.5,19.98,1.7,28.0
2006-02-26,27.0,76,28,21.7,26.33,0.0,28.0
2006-02-27,26.5,83,40,12.3,18.58,1.3,28.0
2006-02-28,27.5,85,57,15.7,22.02,2.1,30.0
2006-03-01,28.8,85,48,11.8,23.08,3.6,31.0
2006-03-02,28.8,85,50,10.8,22.76,11.0,32.0
2006-03-03,29.9,83,63,10.5,23.8,2.2,33.0
2006-03-04,30.9,81,92,13.0,23.95,0.7,33.0
2006-03-05,28.4,83,79,24.2,22.37,5.4,30.0
2006-03-06,26.8,88,84,14.6,15.2,7.9,26.0
2006-03-07,25.9,86,67,12.7,14.99,3.7,28.0
2006-03-08,27.1,82,38,9.8,21.6,0.6,29.0
2006-03-09,28.6,77,30,11.9,22.67,0.0,31.0
2006-03-10,27.0,86,78,12.7,16.99,12.5,27.0
2006-03-11,22.7,88,76,20.5,14.16,8.1,25.0
2006-03-12,23.8,85,84,17.6,16.5,1.0,24.0
2006-03-13,25.4,82,68,17.1,21.35,0.0,27.0
2006-03-14,25.3,85,56,14.8,18.9,1.0,27.0
2006-03-15,25.9,85,58,10.4,17.02,3.8,28.0
2006-03-16,26.9,88,77,10.2,16.82,24.0,29.0
2006-03-17,27.6,81,26,9.5,21.61,0.4,29.0
2006-03-18,27.5,85,46,13.0,21.01,5.3,30.0
2006-03-19,27.2,83,26,9.0,21.06,6.2,30.0
2006-03-20,28.1,80,45,15.7,22.07,3.2,30.0
2006-03-21,27.1,86,92,9.7,15.04,11.9,28.0
2006-03-22,26.3,90,97,14.5,13.32,6.7,27.0
2006-03-23,28.2,85,91,12.6,19.77,7.6,29.0
2006-03-24,27.7,82,94,22.2,18.71,1.3,30.0
2006-03-25,26.6,87,97,13.0,12.06,20.3,29.0
2006-03-26,21.6,88,91,25.6,7.69,11.0,23.0
2006-03-27,24.5,84,68,17.3,14.9,2.0,24.0
2006-03-28,26.9,79,34,11.1,21.72,0.1,28.0
2006-03-29,24.3,86,95,21.8,12.02,7.2,22.0
2006-03-30,22.2,88,77,18.8,9.93,1.2,22.0
2006-03-31,23.7,85,60,18.1,16.03,0.0,23.0
2006-04-01,23.9,85,67,18.4,16.51,0.0,25.0
2006-04-02,23.0,87,82,16.8,14.32,0.8,25.0
2006-04-03,22.6,85,86,17.6,15.63,0.2,23.0
2006-04-04,23.3,85,76,15.8,16.08,0.0,25.0
2006-04-05,24.6,83,97,12.2,17.64,0.5,25.0
2006-04-06,23.5,87,93,9.3,9.88,4.3,24.0
2006-04-07,24.8,88,67,12.1,13.64,10.4,24.0
2006-04-08,25.6,88,78,8.9,14.76,4.1,28.0
2006-04-09,25.8,87,71,12.2,17.4,6.0,28.0
2006-04-10,24.2,87,36,19.7,16.11,8.7,27.0
2006-04-11,24.7,78,21,22.2,18.99,0.2,26.0
2006-04-12,24.9,74,14,18.8,20.35,0.0,27.0
2006-04-13,25.6,80,51,10.3,19.91,0.0,27.0
2006-04-14,26.0,81,67,8.8,19.8,0.0,27.0
2006-04-15,26.1,83,96,11.3,16.2,0.0,27.0
2006-04-16,23.7,88,96,17.1,10.69,0.1,23.0
2006-04-17,17.8,91,100,22.5,2.63,6.9,19.0
2006-04-18,18.1,84,80,19.2,8.53,0.5,19.0
2006-04-19,19.6,84,52,17.7,12.75,0.4,21.0
2006-04-20,22.1,80,22,12.1,17.38,0.0,23.0
2006-04-21,24.3,75,40,22.0,20.05,0.0,26.0
2006-04-22,24.3,81,57,20.0,11.76,2.5,27.0
2006-04-23,26.7,78,38,13.8,18.0,0.0,28.0
2006-04-24,24.9,83,49,11.6,19.03,0.0,27.0
2006-04-25,26.5,80,54,12.2,16.23,0.1,29.0
2006-04-26,26.3,77,46,19.6,16.77,0.0,28.0
2006-04-27,22.7,84,66,13.4,14.8,0.3,23.0
2006-04-28,21.5,81,52,15.8,15.66,0.0,23.0
2006-04-29,24.3,81,39,11.6,14.39,0.1,25.0
2006-04-30,25.3,76,33,13.5,18.15,0.0,26.0
2006-05-01,25.6,68,4,12.5,18.75,0.0,27.0
2006-05-02,23.6,81,62,12.6,11.01,2.4,23.0
2006-05-03,21.7,74,24,11.0,18.93,0.0,25.0
2006-05-04,20.7,75,8,13.2,18.77,0.0,22.0
2006-05-05,19.0,83,70,14.8,14.25,0.0,20.0
2006-05-06,20.6,81,77,15.3,12.92,0.3,22.0
2006-05-07,18.9,85,84,16.7,8.49,1.0,20.0
2006-05-08,18.4,89,88,13.0,8.02,3.6,19.0
2006-05-09,19.6,86,93,12.0,11.2,1.0,20.0
2006-05-10,20.8,84,79,9.6,12.61,0.7,21.0
2006-05-11,20.5,79,68,20.3,14.2,0.3,21.0
2006-05-12,17.7,86,81,17.3,7.85,0.9,17.0
2006-05-13,19.1,82,71,15.8,13.26,0.0,19.0
2006-05-14,19.2,82,67,13.6,13.48,0.0,20.0
2006-05-15,19.1,85,61,16.8,11.39,0.0,19.0
2006-05-16,19.5,84,73,15.0,10.93,0.0,20.0
2006-05-17,21.4,81,33,12.7,16.33,0.0,22.0
2006-05-18,23.8,72,28,9.9,17.51,0.0,24.0
2006-05-19,24.1,65,27,17.1,17.31,0.0,25.0
2006-05-20,18.6,71,87,22.1,5.16,3.0,21.0
2006-05-21,21.9,76,86,10.4,10.75,0.8,23.0
2006-05-22,17.6,94,100,12.6,3.57,6.4,19.0
2006-05-23,16.2,96,100,18.8,3.23,10.0,15.0
2006-05-24,15.9,93,99,20.3,2.9,1.2,15.0
2006-05-25,16.8,91,95,12.7,3.9,2.0,17.0
2006-05-26,21.9,85,76,7.4,10.97,0.0,23.0
2006-05-27,24.1,81,42,17.2,15.29,0.0,25.0
2006-05-28,24.6,77,9,13.7,16.44,0.0,26.0
2006-05-29,22.5,87,56,9.5,14.52,0.0,24.0
2006-05-30,25.5,77,56,11.0,15.23,0.0,27.0
2006-05-31,25.1,66,40,25.0,15.63,0.0,27.0
2006-06-01,19.5,87,77,17.0,8.09,0.0,20.0
2006-06-02,18.5,84,56,16.3,11.91,0.0,21.0
2006-06-03,20.7,83,77,15.0,14.13,0.0,20.0
2006-06-04,23.2,71,66,10.3,15.55,0.0,24.0
2006-06-05,22.5,73,58,10.2,9.32,0.0,22.0
2006-06-06,21.9,86,72,10.8,12.17,0.0,23.0
2006-06-07,23.3,83,55,9.3,14.43,0.0,24.0
2006-06-08,23.0,81,49,10.7,14.7,0.0,22.0
2006-06-09,24.0,72,25,10.9,15.56,0.0,23.0
2006-06-10,23.8,64,51,19.3,13.13,0.0,25.0
2006-06-11,23.7,73,71,18.3,11.51,0.0,23.0
2006-06-12,20.3,86,88,14.7,9.37,0.6,20.0
2006-06-13,23.3,81,55,14.2,14.22,0.0,23.0
2006-06-14,24.0,68,38,9.7,14.93,0.0,24.0
2006-06-15,23.8,57,0,11.8,15.71,0.0,24.0
2006-06-16,21.7,73,42,14.2,13.8,0.0,20.0
2006-06-17,21.3,82,78,14.8,12.25,0.0,21.0
2006-06-18,21.6,82,67,18.4,12.41,0.0,21.0
2006-06-19,23.8,72,26,10.6,15.09,0.0,24.0
2006-06-20,23.3,60,2,14.1,15.36,0.0,25.0
2006-06-21,23.8,59,1,22.6,15.24,0.0,25.0
2006-06-22,24.8,64,25,10.0,13.96,0.0,25.0
2006-06-23,24.5,76,40,9.8,14.64,0.0,25.0
2006-06-24,24.0,75,50,14.7,13.68,0.0,23.0
2006-06-25,24.8,63,41,25.0,14.19,0.4,26.0
2006-06-26,23.3,70,62,41.1,11.19,0.1,20.0
2006-06-27,17.4,74,29,20.6,12.89,0.0,17.0
2006-06-28,15.6,79,70,16.8,7.63,0.0,15.0
2006-06-29,17.6,87,83,16.5,8.12,3.4,17.0
2006-06-30,19.8,88,67,11.8,10.68,0.3,21.0
2006-07-01,21.9,84,81,10.7,12.76,0.0,22.0
2006-07-02,17.2,93,98,11.2,2.68,12.4,16.0
2006-07-03,20.2,85,58,9.2,13.08,0.0,20.0
2006-07-04,22.4,78,41,15.3,14.62,0.0,23.0
2006-07-05,22.3,76,8,10.7,15.53,0.0,23.0
2006-07-06,22.0,82,45,8.7,14.62,0.0,22.0
2006-07-07,24.6,71,14,9.5,15.76,0.0,24.0
2006-07-08,25.9,66,21,13.8,15.33,0.0,27.0
2006-07-09,26.7,63,26,25.0,14.37,0.0,28.0
2006-07-10,23.1,84,57,12.8,8.54,1.1,19.0
2006-07-11,24.0,87,70,15.2,11.43,0.0,20.0
2006-07-12,26.1,74,15,10.6,15.68,0.0,25.0
2006-07-13,24.8,70,3,8.4,15.82,0.0,25.0
2006-07-14,24.4,71,30,10.5,15.73,0.0,25.0
2006-07-15,21.7,79,43,13.4,13.71,0.0,22.0
2006-07-16,21.3,82,61,14.8,14.59,0.0,21.0
2006-07-17,22.5,78,56,11.3,15.58,0.0,23.0
2006-07-18,23.8,75,56,10.2,15.69,0.0,24.0
2006-07-19,24.3,66,36,19.9,16.11,0.0,25.0
2006-07-20,23.9,53,0,9.5,16.5,0.0,25.0
2006-07-21,26.1,54,0,18.8,16.85,0.0,27.0
2006-07-22,26.8,55,0,13.9,16.83,0.0,27.0
2006-07-23,27.0,49,0,15.9,16.97,0.0,28.0
2006-07-24,27.4,47,2,8.9,16.67,0.0,28.0
2006-07-25,27.8,51,11,11.2,16.76,0.0,28.0
2006-07-26,27.7,47,39,17.6,17.14,0.0,28.0
2006-07-27,27.9,47,50,19.4,17.05,0.0,29.0
2006-07-28,29.3,48,41,20.7,15.52,0.2,30.0
2006-07-29,21.0,86,98,17.3,3.54,13.2,23.0
2006-07-30,13.0,89,100,18.4,2.64,13.6,13.0
2006-07-31,13.7,92,100,14.4,2.32,7.8,13.0
2006-08-01,15.9,97,98,11.0,4.14,12.8,15.0
2006-08-02,16.8,92,100,14.3,3.9,0.4,16.0
2006-08-03,19.3,88,93,14.0,7.62,0.0,20.0
2006-08-04,22.7,84,58,8.0,14.28,0.0,24.0
2006-08-05,24.6,77,37,9.2,15.79,0.0,25.0
2006-08-06,26.3,64,0,10.0,18.02,0.0,28.0
2006-08-07,27.0,62,0,10.4,18.35,0.0,28.0
2006-08-08,26.5,65,0,13.2,18.66,0.0,28.0
2006-08-09,25.8,53,32,22.5,18.98,0.0,27.0
2006-08-10,27.6,59,94,16.4,16.57,0.0,29.0
2006-08-11,26.8,73,62,13.4,18.3,0.0,28.0
2006-08-12,27.4,64,32,16.0,18.85,0.0,29.0
2006-08-13,27.1,60,44,16.7,17.5,0.0,29.0
2006-08-14,27.3,59,11,20.4,19.27,0.0,29.0
2006-08-15,28.9,60,80,13.3,17.61,0.0,30.0
2006-08-16,29.6,65,51,17.2,18.84,0.0,31.0
2006-08-17,24.5,84,76,18.9,14.78,0.0,22.0
2006-08-18,26.1,81,93,12.8,14.43,0.4,24.0
2006-08-19,20.7,91,90,18.2,9.81,1.4,19.0
2006-08-20,24.4,78,69,20.4,15.72,0.1,24.0
2006-08-21,16.4,78,60,20.2,12.51,0.3,17.0
2006-08-22,20.5,72,27,14.8,18.18,0.0,20.0
2006-08-23,25.4,72,20,10.5,20.44,0.0,26.0
2006-08-24,25.9,78,51,14.0,20.6,0.0,27.0
2006-08-25,27.7,64,29,13.8,20.74,0.0,29.0
2006-08-26,28.0,46,14,18.6,20.87,0.0,30.0
2006-08-27,24.9,67,59,31.6,14.18,3.2,25.0
2006-08-28,22.3,81,66,17.2,14.2,0.0,23.0
2006-08-29,15.4,78,85,23.8,8.93,0.5,17.0
2006-08-30,19.0,71,36,23.1,18.79,0.0,20.0
2006-08-31,25.5,74,34,16.8,20.56,0.0,26.0
2006-09-01,26.2,82,80,19.6,14.74,17.6,27.0
2006-09-02,24.3,80,72,35.2,12.6,11.3,24.0
2006-09-03,22.8,73,34,22.4,20.49,0.0,25.0
2006-09-04,16.8,80,62,19.9,12.42,1.1,17.0
2006-09-05,12.8,72,56,15.9,13.25,0.0,14.0
2006-09-06,15.6,78,44,18.9,16.27,0.0,15.0
2006-09-07,20.9,79,58,18.8,18.11,0.0,22.0
2006-09-08,24.4,75,37,15.9,22.53,0.0,26.0
2006-09-09,26.4,63,80,19.6,22.36,0.0,29.0
2006-09-10,25.9,67,74,7.6,17.03,0.0,26.0
2006-09-11,29.1,63,0,10.0,23.22,0.0,30.0
2006-09-12,30.0,59,3,10.4,23.27,0.0,32.0
2006-09-13,30.3,63,8,13.2,23.04,0.0,32.0
2006-09-14,30.6,51,0,18.8,24.22,0.0,32.0
2006-09-15,32.6,44,8,21.5,23.75,0.0,34.0
2006-09-16,21.5,85,91,18.9,5.6,2.8,21.0
2006-09-17,20.8,92,96,16.4,11.64,12.5,22.0
2006-09-18,21.0,87,90,17.2,11.76,14.6,22.0
2006-09-19,24.5,80,84,16.5,19.89,0.0,24.0
2006-09-20,24.7,87,99,21.4,9.57,10.8,26.0
2006-09-21,23.7,83,52,21.4,17.45,5.3,24.0
2006-09-22,25.8,80,62,10.2,20.02,0.0,25.0
2006-09-23,27.1,83,88,21.1,19.72,6.6,29.0
2006-09-24,17.4,89,100,20.3,8.83,0.1,16.0
2006-09-25,19.5,84,99,18.2,10.57,0.0,16.0
2006-09-26,18.1,84,96,20.2,9.06,0.0,18.0
2006-09-27,23.4,79,49,18.4,22.95,0.0,25.0
2006-09-28,25.7,74,42,8.8,24.67,0.0,28.0
2006-09-29,22.0,89,97,21.8,10.97,2.3,19.0
2006-09-30,18.2,93,100,18.7,5.16,5.9,19.0
2006-10-01,21.6,88,98,16.7,8.87,9.9,22.0
2006-10-02,24.2,85,88,18.6,12.28,12.9,25.0
2006-10-03,24.8,87,81,13.9,17.85,2.5,28.0
2006-10-04,26.4,84,89,12.7,16.88,0.7,28.0
2006-10-05,28.2,82,77,19.6,22.58,7.2,29.0
2006-10-06,26.3,87,97,14.3,15.64,4.3,24.0
2006-10-07,23.9,94,100,10.2,8.74,6.5,25.0
2006-10-08,22.3,87,94,16.8,13.34,0.2,24.0
2006-10-09,23.8,82,86,16.2,18.41,0.0,26.0
2006-10-10,25.6,82,66,13.0,20.28,1.4,26.0
2006-10-11,27.4,69,72,16.9,25.92,0.8,29.0
2006-10-12,24.9,81,92,17.9,13.5,5.9,24.0
2006-10-13,23.1,88,99,15.5,13.27,2.7,23.0
2006-10-14,24.9,85,82,14.9,17.42,0.1,26.0
2006-10-15,27.0,84,80,11.3,21.08,2.7,30.0
2006-10-16,26.5,91,96,18.6,14.95,14.7,26.0
2006-10-17,21.3,92,100,20.0,9.49,11.0,20.0
2006-10-18,20.5,89,100,17.5,7.43,5.1,19.0
2006-10-19,18.7,94,100,14.3,4.89,7.4,18.0
2006-10-20,19.9,86,98,19.8,10.78,0.9,20.0
2006-10-21,19.0,82,68,16.6,15.1,0.4,20.0
2006-10-22,22.7,79,23,19.2,25.41,0.0,24.0
2006-10-23,22.3,79,50,20.5,27.29,0.0,23.0
2006-10-24,24.2,76,65,15.6,21.36,0.0,26.0
2006-10-25,25.5,76,35,10.8,22.5,0.1,29.0
2006-10-26,26.9,74,48,23.5,23.35,1.2,30.0
2006-10-27,23.1,89,89,17.3,10.3,3.8,26.0
2006-10-28,24.5,81,54,19.0,23.93,0.0,27.0
2006-10-29,22.3,82,63,13.2,21.1,0.0,25.0
2006-10-30,29.0,75,84,15.0,29.49,0.0,31.0
2006-10-31,30.6,75,51,15.4,27.8,0.0,33.0
2006-11-01,28.6,83,89,12.9,17.07,16.6,26.0
2006-11-02,25.0,88,92,20.9,14.32,9.4,26.0
2006-11-03,24.9,88,83,16.5,15.14,4.7,27.0
2006-11-04,24.2,86,89,21.9,15.08,1.5,26.0
2006-11-05,25.5,80,90,19.4,26.65,0.0,26.0
2006-11-06,28.2,77,89,19.1,23.2,1.2,30.0
2006-11-07,21.6,87,92,23.6,11.28,0.9,20.0
2006-11-08,19.6,79,74,18.9,19.11,0.0,18.0
2006-11-09,22.4,79,64,18.1,24.47,0.0,22.0
2006-11-10,17.7,80,76,20.1,11.61,7.5,18.0
2006-11-11,19.7,76,26,21.5,23.64,0.0,21.0
2006-11-12,20.0,82,58,20.9,20.09,3.3,22.0
2006-11-13,21.1,85,76,23.0,22.71,2.4,22.0
2006-11-14,21.9,87,78,21.6,16.17,10.9,22.0
2006-11-15,25.9,80,68,9.0,23.55,1.7,29.0
2006-11-16,27.6,68,24,17.4,24.12,0.0,31.0
2006-11-17,29.1,68,45,14.4,24.6,0.1,33.0
2006-11-18,31.6,71,89,11.4,23.79,1.3,29.0
2006-11-19,28.7,86,90,14.8,20.76,22.4,28.0
2006-11-20,27.7,86,86,22.5,20.97,17.6,27.0
2006-11-21,21.9,88,87,16.4,10.91,1.2,21.0
2006-11-22,26.9,79,42,13.9,28.12,0.0,28.0
2006-11-23,26.2,76,29,16.8,31.14,0.0,27.0
2006-11-24,28.7,75,62,13.0,27.83,0.0,32.0
2006-11-25,29.8,78,77,18.7,24.95,7.3,31.0
2006-11-26,26.0,88,99,14.0,13.05,27.0,25.0
2006-11-27,25.0,91,93,14.2,12.16,13.0,26.0
2006-11-28,25.5,89,97,19.4,15.33,13.4,28.0
2006-11-29,23.5,94,99,15.6,6.67,28.7,28.0
2006-11-30,22.8,94,99,20.8,10.05,6.7,22.0
2006-12-01,23.2,83,74,23.7,18.38,0.7,24.0
2006-12-02,26.4,80,64,17.5,25.26,0.0,28.0
2006-12-03,27.6,79,63,13.1,24.18,0.4,31.0
2006-12-04,26.5,86,91,15.3,17.21,20.9,28.0
2006-12-05,25.5,85,94,13.7,13.81,5.8,28.0
2006-12-06,26.9,85,94,23.4,19.84,7.6,28.0
2006-12-07,23.5,91,97,22.7,9.52,9.8,24.0
2006-12-08,25.0,82,94,17.5,21.79,0.0,27.0
2006-12-09,24.9,85,96,18.8,17.18,0.1,25.0
2006-12-10,25.2,85,81,20.7,20.04,0.9,25.0
2006-12-11,23.4,84,90,22.4,17.71,1.2,24.0
2006-12-12,23.0,85,94,19.6,14.63,0.2,26.0
2006-12-13,25.6,82,84,17.0,18.37,0.7,28.0
2006-12-14,27.7,84,71,12.6,21.66,13.1,29.0
2006-12-15,27.6,85,61,15.7,20.37,6.1,30.0
2006-12-16,27.9,84,46,12.4,22.17,4.9,31.0
2006-12-17,28.1,81,45,13.3,26.48,1.2,31.0
2006-12-18,28.4,79,61,12.1,24.61,2.3,32.0
2006-12-19,28.8,79,73,21.2,27.03,6.8,32.0
2006-12-20,28.2,81,61,26.3,25.97,0.4,30.0
2006-12-21,26.4,85,97,32.1,18.28,8.2,28.0
2006-12-22,27.2,89,97,12.9,13.73,27.6,27.0
2006-12-23,23.1,95,100,8.4,5.31,22.2,26.0
2006-12-24,26.5,91,96,19.9,13.37,9.8,29.0
2006-12-25,29.1,81,68,22.4,23.05,1.4,31.0
2006-12-26,27.8,84,83,22.1,16.79,10.6,30.0
2006-12-27,28.1,87,70,13.0,22.21,26.2,29.0
2006-12-28,25.7,91,94,17.6,18.33,1.9,27.0
2006-12-29,24.4,87,90,21.4,20.8,1.2,26.0
2006-12-30,25.7,88,100,13.0,13.54,11.4,26.0
2006-12-31,21.4,93,100,10.8,4.1,46.2,25.0
2007-01-01,23.5,83,99,16.4,9.64,3.7,25.0
2007-01-02,23.9,85,98,23.3,10.06,16.4,26.0
2007-01-03,22.9,91,98,18.6,8.33,8.8,27.0
2007-01-04,24.6,94,97,17.4,11.43,21.9,24.0
2007-01-05,22.8,93,100,26.7,7.84,12.6,24.0
2007-01-06,23.2,87,98,22.4,6.51,26.4,25.0
2007-01-07,28.1,82,84,18.7,16.54,5.3,30.0
2007-01-08,25.6,90,82,19.1,16.73,8.3,27.0
2007-01-09,25.4,90,95,13.4,14.3,9.3,27.0
2007-01-10,26.8,86,66,18.4,22.66,1.3,27.0
2007-01-11,28.5,82,76,12.6,24.94,0.1,31.0
2007-01-12,27.8,83,94,24.9,19.16,5.4,31.0
2007-01-13,24.6,91,99,13.8,10.08,10.7,23.0
2007-01-14,27.8,76,90,18.3,28.71,0.0,29.0
2007-01-15,21.2,80,100,11.7,9.85,6.5,23.0
2007-01-16,24.5,80,95,19.7,23.05,0.0,26.0
2007-01-17,25.8,83,93,13.0,12.3,10.7,27.0
2007-01-18,24.9,91,97,32.4,10.31,10.8,24.0
2007-01-19,27.9,86,82,19.9,19.51,1.9,30.0
2007-01-20,30.1,80,85,18.5,24.04,0.4,26.0
2007-01-21,22.4,91,98,21.8,10.09,3.4,26.0
2007-01-22,22.5,88,92,19.3,10.12,0.9,22.0
2007-01-23,24.8,84,85,16.6,17.29,0.3,24.0
2007-01-24,26.5,82,62,11.6,21.74,0.4,28.0
2007-01-25,27.5,83,68,10.2,20.83,6.0,29.0
2007-01-26,28.2,85,94,16.1,20.03,7.8,30.0
2007-01-27,25.2,89,91,21.8,15.47,4.1,28.0
2007-01-28,26.4,86,91,19.8,17.31,12.8,29.0
2007-01-29,26.5,87,94,24.8,20.17,14.1,28.0
2007-01-30,24.4,91,94,17.5,10.41,7.0,26.0
2007-01-31,26.0,86,91,17.1,18.99,1.0,27.0
2007-02-01,27.5,85,72,14.5,21.14,2.7,32.0
2007-02-02,27.4,86,76,17.4,21.05,0.0,28.0
2007-02-03,26.2,82,60,18.5,20.13,0.0,28.0
2007-02-04,27.6,81,46,18.1,25.96,0.0,29.0
2007-02-05,28.0,82,88,12.3,24.91,0.6,31.0
2007-02-06,28.1,82,56,18.8,24.51,4.6,30.0
2007-02-07,28.2,80,85,18.7,23.35,4.8,31.0
2007-02-08,27.7,87,90,9.7,14.26,14.9,25.0
2007-02-09,28.5,81,78,15.0,19.63,0.4,29.0
2007-02-10,27.9,79,85,13.5,17.92,1.1,30.0
2007-02-11,23.7,91,99,19.8,4.99,58.6,25.0
2007-02-12,21.8,81,52,20.9,18.11,0.1,23.0
2007-02-13,23.2,82,40,18.1,22.09,0.0,25.0
2007-02-14,23.9,82,60,17.7,22.67,0.6,27.0
2007-02-15,24.9,83,39,15.2,21.95,1.7,27.0
2007-02-16,27.1,84,36,13.4,25.5,1.0,30.0
2007-02-17,29.5,77,30,9.4,25.66,0.0,32.0
2007-02-18,29.9,81,37,11.5,24.52,3.1,33.0
2007-02-19,27.9,89,83,13.7,19.44,13.4,30.0
2007-02-20,27.5,87,97,9.9,14.5,10.5,30.0
2007-02-21,27.6,84,69,12.6,21.6,1.8,31.0
2007-02-22,29.3,78,48,15.0,25.77,0.0,31.0
2007-02-23,29.7,77,42,11.1,27.22,0.0,32.0
2007-02-24,29.2,75,51,14.7,24.87,0.0,32.0
2007-02-25,28.5,77,32,12.3,24.04,11.8,31.0
2007-02-26,26.1,88,79,12.8,18.63,16.3,28.0
2007-02-27,26.6,84,82,16.7,15.76,7.3,26.0
2007-02-28,27.7,77,93,16.2,21.22,2.7,29.0
2007-03-01,28.7,70,62,15.6,21.99,0.0,30.0
2007-03-02,29.5,68,55,13.7,25.76,0.0,31.0
2007-03-03,28.1,78,20,16.1,23.64,0.0,32.0
2007-03-04,28.4,80,53,12.8,25.07,0.0,31.0
2007-03-05,29.1,76,49,11.7,25.37,0.0,32.0
2007-03-06,29.4,79,46,11.5,24.39,0.3,32.0
2007-03-07,29.6,82,40,11.4,22.7,2.0,31.0
2007-03-08,29.6,79,53,8.0,23.48,0.3,33.0
2007-03-09,29.6,70,23,14.5,23.49,0.0,31.0
2007-03-10,30.1,75,40,9.4,21.91,6.7,31.0
2007-03-11,29.5,86,76,10.5,19.82,15.0,31.0
2007-03-12,29.3,80,96,11.1,17.68,1.2,31.0
2007-03-13,28.5,80,94,12.7,19.17,0.5,31.0
2007-03-14,29.2,79,79,11.0,18.65,4.4,29.0
2007-03-15,28.9,76,54,19.1,22.64,0.2,30.0
2007-03-16,27.5,87,77,14.8,12.47,22.0,28.0
2007-03-17,23.1,94,99,17.9,7.14,12.2,27.0
2007-03-18,23.2,93,99,18.3,8.25,12.1,26.0
2007-03-19,23.6,94,86,21.3,9.38,13.1,25.0
2007-03-20,24.6,81,37,21.8,19.92,0.0,25.0
2007-03-21,26.0,73,34,16.1,25.17,0.0,28.0
2007-03-22,25.5,84,96,8.9,17.19,10.6,25.0
2007-03-23,26.9,87,74,10.9,18.84,3.7,29.0
2007-03-24,27.6,85,57,13.8,20.86,0.4,30.0
2007-03-25,27.0,82,58,13.9,23.64,0.0,30.0
2007-03-26,28.1,82,41,10.5,23.7,0.0,30.0
2007-03-27,28.6,82,54,11.1,21.95,0.0,32.0
2007-03-28,29.8,83,46,11.6,22.84,0.8,32.0
2007-03-29,29.1,81,37,15.7,23.65,0.0,31.0
2007-03-30,29.8,76,37,11.8,23.0,0.0,31.0
2007-03-31,29.4,77,57,5.5,19.86,0.0,33.0
2007-04-01,28.7,83,57,14.9,20.99,0.1,31.0
2007-04-02,28.5,81,75,12.2,20.22,0.3,31.0
2007-04-03,29.6,78,89,9.7,19.58,0.0,31.0
2007-04-04,28.0,84,63,18.1,19.27,0.5,27.0
2007-04-05,24.8,88,81,19.3,15.17,1.9,24.0
2007-04-06,23.4,83,90,16.1,15.2,0.0,21.0
2007-04-07,25.7,81,84,10.5,13.32,0.5,26.0
2007-04-08,26.0,90,67,19.3,13.86,7.0,27.0
2007-04-09,23.1,90,80,15.1,11.58,2.3,27.0
2007-04-10,24.2,84,68,14.9,15.44,0.0,25.0
2007-04-11,26.7,79,65,13.4,18.15,0.0,28.0
2007-04-12,27.9,75,51,15.1,18.83,0.0,30.0
2007-04-13,24.1,91,94,14.1,12.38,2.6,26.0
2007-04-14,25.5,86,61,13.0,17.08,1.2,27.0
2007-04-15,27.0,82,58,13.4,19.45,0.2,29.0
2007-04-16,26.0,83,53,14.2,18.32,0.2,26.0
2007-04-17,25.1,82,55,14.9,18.02,0.1,26.0
2007-04-18,25.5,84,43,16.1,19.08,0.7,26.0
2007-04-19,26.0,81,45,15.8,17.65,0.3,28.0
2007-04-20,26.1,81,36,12.0,18.37,0.2,27.0
2007-04-21,26.6,85,74,9.7,16.56,4.9,27.0
2007-04-22,26.1,85,60,12.8,15.76,1.9,26.0
2007-04-23,26.7,84,60,8.2,15.88,2.5,29.0
2007-04-24,28.3,81,35,14.2,18.0,0.5,29.0
2007-04-25,28.4,77,56,19.5,18.35,1.0,30.0
2007-04-26,27.8,77,99,26.7,14.67,0.0,29.0
2007-04-27,21.8,91,97,24.9,3.72,15.4,22.0
2007-04-28,18.5,80,97,24.0,7.93,0.1,19.0
2007-04-29,21.3,82,87,13.6,7.8,0.1,22.0
2007-04-30,23.2,87,74,13.7,14.37,1.5,24.0
2007-05-01,24.0,81,51,9.8,18.67,0.0,25.0
2007-05-02,26.3,67,57,9.6,18.97,0.0,27.0
2007-05-03,24.0,78,41,15.6,16.09,0.8,23.0
2007-05-04,22.6,85,77,19.9,10.41,0.0,23.0
2007-05-05,26.2,76,44,11.9,17.27,0.0,27.0
2007-05-06,25.6,70,22,18.4,18.58,0.0,28.0
2007-05-07,25.8,65,74,21.4,18.4,0.0,27.0
2007-05-08,27.8,70,97,18.0,15.76,0.0,28.0
2007-05-09,17.7,89,96,23.1,2.34,7.5,19.0
2007-05-10,16.8,80,64,24.5,9.67,1.2,18.0
2007-05-11,21.6,77,24,15.6,15.52,0.0,21.0
2007-05-12,24.0,77,48,13.7,14.08,0.2,25.0
2007-05-13,23.6,82,62,9.9,13.79,0.0,23.0
2007-05-14,22.2,79,66,20.0,8.83,2.3,24.0
2007-05-15,21.8,83,76,10.6,10.43,0.0,24.0
2007-05-16,26.9,74,62,19.6,16.72,0.0,28.0
2007-05-17,28.2,69,62,14.6,15.55,0.0,29.0
2007-05-18,27.3,76,93,15.3,13.54,0.0,28.0
2007-05-19,19.3,91,100,15.3,3.87,2.6,20.0
2007-05-20,21.0,87,91,17.5,5.62,0.0,22.0
2007-05-21,26.3,74,40,15.2,16.18,0.0,27.0
2007-05-22,21.2,80,90,16.3,4.1,12.4,20.0
2007-05-23,18.7,92,100,26.9,2.52,35.2,18.0
2007-05-24,14.3,78,70,16.2,7.38,0.3,16.0
2007-05-25,15.8,84,68,11.8,6.91,0.1,16.0
2007-05-26,19.6,81,46,12.7,15.83,0.0,21.0
2007-05-27,18.1,84,68,17.5,9.42,0.4,19.0
2007-05-28,19.5,84,61,11.6,11.44,0.0,22.0
2007-05-29,16.1,86,96,16.9,4.01,1.5,17.0
2007-05-30,13.9,78,74,17.7,14.71,0.1,12.0
2007-05-31,17.9,82,27,17.3,15.47,0.0,18.0
2007-06-01,23.7,75,45,24.2,15.41,0.0,26.0
2007-06-02,18.9,90,88,22.7,2.6,9.5,22.0
2007-06-03,19.4,80,83,20.2,12.45,0.5,20.0
2007-06-04,17.1,67,6,8.0,16.39,0.0,18.0
2007-06-05,20.2,76,20,8.4,15.66,0.0,20.0
2007-06-06,21.3,70,33,8.7,15.47,0.0,23.0
2007-06-07,23.8,65,13,15.0,15.03,0.0,26.0
2007-06-08,24.8,75,23,6.9,14.37,0.0,27.0
2007-06-09,24.9,82,53,9.3,13.32,0.0,26.0
2007-06-10,25.4,73,1,13.2,15.42,0.0,27.0
2007-06-11,25.0,69,39,12.2,15.51,0.0,26.0
2007-06-12,24.9,69,85,17.2,15.42,0.0,26.0
2007-06-13,24.4,66,46,20.9,15.51,0.0,26.0
2007-06-14,25.1,68,8,18.4,15.4,0.0,27.0
2007-06-15,25.6,71,9,24.8,15.28,0.0,28.0
2007-06-16,20.3,82,69,17.2,10.71,0.0,20.0
2007-06-17,25.1,80,54,14.1,11.98,0.0,26.0
2007-06-18,25.5,73,80,13.6,14.1,0.0,27.0
2007-06-19,24.0,82,43,12.9,14.43,0.0,25.0
2007-06-20,23.9,69,0,12.6,15.44,0.0,25.0
2007-06-21,23.6,61,11,14.2,15.47,0.0,25.0
2007-06-22,24.0,69,56,16.1,14.71,0.0,24.0
2007-06-23,24.0,58,8,26.3,15.32,0.0,25.0
2007-06-24,24.5,70,75,17.0,14.64,0.0,25.0
2007-06-25,16.7,89,100,17.8,4.19,0.0,17.0
2007-06-26,23.6,77,75,13.8,14.18,0.0,25.0
2007-06-27,24.9,71,51,19.6,14.55,0.0,26.0
2007-06-28,22.4,77,73,13.2,9.96,0.3,24.0
2007-06-29,20.4,89,76,10.2,7.73,0.0,20.0
2007-06-30,23.3,78,62,14.4,14.56,0.0,23.0
2007-07-01,20.9,78,42,7.4,13.92,0.0,22.0
2007-07-02,22.3,74,33,6.8,15.41,0.0,23.0
2007-07-03,23.7,70,31,12.6,14.4,0.0,19.0
2007-07-04,24.8,60,0,14.6,15.54,0.0,26.0
2007-07-05,25.4,60,2,13.3,15.32,0.0,25.0
2007-07-06,25.4,61,21,18.2,14.62,0.0,27.0
2007-07-07,25.1,63,20,19.0,15.17,0.0,27.0
2007-07-08,26.0,52,0,26.0,15.59,0.0,27.0
2007-07-09,27.3,60,18,10.7,15.51,0.0,27.0
2007-07-10,26.1,62,11,21.2,15.34,0.0,27.0
2007-07-11,18.8,83,81,20.3,5.75,0.0,17.0
2007-07-12,16.4,89,100,17.3,4.57,0.0,14.0
2007-07-13,25.7,73,92,13.8,14.0,0.0,25.0
2007-07-14,25.8,56,95,19.2,13.64,0.0,27.0
2007-07-15,26.4,69,77,13.6,12.1,1.8,22.0
2007-07-16,16.0,98,97,15.8,3.09,25.2,16.0
2007-07-17,20.1,88,97,17.3,6.0,29.4,17.0
2007-07-18,19.8,88,77,34.4,7.92,23.5,19.0
2007-07-19,17.4,84,48,8.7,11.89,0.0,18.0
2007-07-20,23.0,74,4,15.9,16.64,0.0,25.0
2007-07-21,25.0,68,38,9.4,15.73,0.0,26.0
2007-07-22,26.4,59,7,27.3,16.14,0.0,29.0
2007-07-23,22.6,72,99,25.8,8.86,28.3,24.0
2007-07-24,16.5,96,100,14.8,3.84,21.8,16.0
2007-07-25,18.6,91,96,26.9,3.15,28.3,21.0
2007-07-26,14.4,79,91,13.4,9.82,0.0,14.0
2007-07-27,19.2,87,94,14.9,13.18,0.0,16.0
2007-07-28,11.4,90,99,22.6,3.13,3.2,12.0
2007-07-29,11.4,77,79,23.3,10.97,0.5,12.0
2007-07-30,15.0,78,88,19.4,16.66,0.0,16.0
2007-07-31,18.6,79,53,10.1,13.29,0.0,20.0
2007-08-01,23.5,75,53,7.0,16.55,0.0,25.0
2007-08-02,24.1,74,46,8.4,17.18,0.0,25.0
2007-08-03,23.0,83,47,10.0,17.33,0.0,24.0
2007-08-04,23.7,76,93,15.3,17.01,0.0,26.0
2007-08-05,17.3,89,95,16.3,6.46,0.0,16.0
2007-08-06,23.1,83,67,15.5,14.48,0.0,24.0
2007-08-07,25.4,67,17,20.4,18.17,0.0,28.0
2007-08-08,21.7,85,41,15.8,17.25,0.0,23.0
2007-08-09,24.4,82,63,11.7,18.24,0.0,26.0
2007-08-10,25.0,67,84,19.2,18.29,0.0,28.0
2007-08-11,21.1,77,96,21.6,12.97,0.0,23.0
2007-08-12,19.6,86,85,18.0,10.69,0.0,21.0
2007-08-13,23.3,80,53,14.4,18.77,0.0,25.0
2007-08-14,24.4,73,59,10.2,18.38,0.0,25.0
2007-08-15,25.0,67,29,14.8,19.47,0.0,27.0
2007-08-16,24.8,69,14,9.4,19.47,0.0,27.0
2007-08-17,20.7,84,54,15.6,16.39,0.0,22.0
2007-08-18,23.8,83,40,13.0,18.46,0.0,25.0
2007-08-19,23.5,81,65,13.8,18.17,0.0,23.0
2007-08-20,26.0,74,76,19.4,17.87,0.0,28.0
2007-08-21,18.2,85,90,14.6,10.16,0.0,18.0
2007-08-22,22.3,82,62,14.3,16.48,0.0,23.0
2007-08-23,26.0,75,32,10.2,20.29,0.0,27.0
2007-08-24,26.8,56,9,20.2,21.12,0.0,29.0
2007-08-25,28.2,49,17,15.7,21.12,0.0,30.0
2007-08-26,29.5,47,37,21.5,20.29,0.0,32.0
2007-08-27,27.3,65,55,13.4,18.54,0.0,29.0
2007-08-28,17.1,87,100,19.7,6.73,0.0,
2007-08-29,20.4,85,100,18.2,9.86,0.0,19.0
2007-08-30,18.6,91,100,19.2,5.2,0.8,18.0
2007-08-31,27.0,79,76,16.7,18.17,0.0,28.0
2007-09-01,27.4,72,35,15.3,18.47,0.0,29.0
2007-09-02,27.2,83,74,14.8,17.59,0.0,30.0
2007-09-03,27.7,79,52,13.5,19.02,0.0,26.0
2007-09-04,27.0,74,16,13.5,20.16,0.0,28.0
2007-09-05,27.1,68,22,14.1,19.61,0.0,28.0
2007-09-06,27.5,72,32,12.2,19.24,0.0,29.0
2007-09-07,27.6,72,30,13.3,20.0,0.0,28.0
2007-09-08,28.1,73,11,15.7,22.58,0.0,29.0
2007-09-09,26.9,76,13,16.6,22.42,0.0,27.0
2007-09-10,27.3,75,37,18.2,21.75,0.0,27.0
2007-09-11,27.3,73,11,17.3,22.82,0.0,27.0
2007-09-12,27.1,71,23,16.5,22.74,0.0,27.0
2007-09-13,27.8,67,52,14.7,21.28,0.0,28.0
2007-09-14,29.0,55,12,10.4,23.48,0.0,29.0
2007-09-15,30.2,62,29,14.8,22.09,0.0,30.0
2007-09-16,29.0,72,32,20.3,22.67,0.0,29.0
2007-09-17,22.0,79,81,21.5,12.4,0.5,21.0
2007-09-18,26.7,71,58,21.7,20.87,0.0,26.0
2007-09-19,31.4,65,38,10.1,22.88,0.0,29.0
2007-09-20,32.8,55,25,7.6,23.26,0.0,34.0
2007-09-21,31.1,63,83,12.7,20.53,1.2,23.0
2007-09-22,30.1,70,89,13.1,17.67,1.2,31.0
2007-09-23,33.5,51,90,24.0,23.56,0.0,34.0
2007-09-24,23.8,68,85,22.0,9.45,3.1,28.0
2007-09-25,16.4,70,97,23.1,13.74,0.7,14.0
2007-09-26,20.7,76,92,20.7,16.83,2.7,19.0
2007-09-27,28.4,75,67,16.0,22.8,1.3,29.0
2007-09-28,28.6,78,75,17.6,19.35,5.5,29.0
2007-09-29,22.2,83,93,19.5,12.67,0.8,20.0
2007-09-30,20.5,80,80,18.8,12.89,0.0,17.0
2007-10-01,23.9,75,41,19.5,22.05,0.0,22.0
2007-10-02,24.1,77,31,18.3,23.19,0.0,24.0
2007-10-03,24.7,77,64,16.3,23.61,0.0,24.0
2007-10-04,27.1,76,50,17.4,25.74,0.0,26.0
2007-10-05,28.8,74,48,17.7,25.2,0.0,29.0
2007-10-06,31.2,68,26,9.2,25.32,0.7,33.0
2007-10-07,31.6,67,17,18.0,24.89,0.0,33.0
2007-10-08,27.8,75,70,20.5,25.77,0.0,27.0
2007-10-09,29.1,70,50,16.6,22.17,0.0,29.0
2007-10-10,31.6,56,27,11.8,26.88,0.0,32.0
2007-10-11,31.5,64,46,20.9,25.96,0.0,31.0
2007-10-12,33.6,51,45,11.3,27.08,0.0,34.0
2007-10-13,29.8,55,92,17.1,13.68,1.7,30.0
2007-10-14,25.8,83,99,19.5,14.32,0.9,20.0
2007-10-15,28.0,82,87,16.2,19.63,3.1,23.0
2007-10-16,32.7,66,85,16.6,25.3,1.5,33.0
2007-10-17,26.3,81,96,20.6,18.69,0.8,24.0
2007-10-18,25.6,77,91,17.5,22.66,2.7,22.0
2007-10-19,22.0,90,99,10.8,9.31,5.2,19.0
2007-10-20,29.1,73,45,10.3,27.03,0.0,32.0
2007-10-21,33.1,65,89,20.5,26.28,0.0,35.0
2007-10-22,24.0,81,91,23.1,14.96,0.8,23.0
2007-10-23,20.2,87,100,19.8,6.42,1.8,20.0
2007-10-24,16.3,96,100,15.4,3.43,34.3,17.0
2007-10-25,19.9,93,88,16.6,5.23,16.4,19.0
2007-10-26,25.4,82,62,21.1,20.5,2.2,27.0
2007-10-27,28.4,79,47,14.8,24.3,2.6,29.0
2007-10-28,27.2,85,66,10.9,20.78,6.2,29.0
2007-10-29,30.9,77,79,18.1,25.88,3.0,34.0
2007-10-30,30.8,83,87,14.0,25.98,1.8,30.0
2007-10-31,31.3,77,88,8.3,27.65,1.3,34.0
2007-11-01,30.0,75,86,24.7,25.84,2.4,32.0
2007-11-02,28.8,84,88,21.5,17.11,12.6,30.0
2007-11-03,26.5,86,90,29.0,16.64,11.2,27.0
2007-11-04,21.4,92,99,19.1,6.02,11.8,21.0
2007-11-05,20.7,88,97,20.2,10.21,1.3,18.0
2007-11-06,22.6,88,99,15.0,9.02,9.9,23.0
2007-11-07,24.5,91,82,15.1,14.5,8.4,26.0
2007-11-08,26.6,86,85,11.0,23.24,8.2,28.0
2007-11-09,28.0,80,82,22.0,23.27,7.7,30.0
2007-11-10,26.0,77,83,36.2,19.45,1.0,26.0
2007-11-11,21.5,86,99,22.8,4.55,53.6,26.0
2007-11-12,19.0,90,100,21.4,6.2,7.4,20.0
2007-11-13,23.6,81,98,22.6,12.65,0.8,25.0
2007-11-14,26.3,77,98,21.9,16.99,4.7,28.0
2007-11-15,23.1,90,100,23.6,8.42,20.1,18.0
2007-11-16,18.7,85,100,22.9,9.24,0.4,18.0
2007-11-17,23.6,81,75,20.0,19.06,0.0,23.0
2007-11-18,27.4,77,82,11.9,27.12,0.3,30.0
2007-11-19,28.1,77,93,17.3,21.67,15.6,22.0
2007-11-20,25.9,83,73,22.4,23.18,0.2,26.0
2007-11-21,24.0,80,55,21.1,28.49,0.0,23.0
2007-11-22,21.8,78,31,22.6,27.92,0.0,22.0
2007-11-23,24.6,79,29,18.5,27.14,0.0,26.0
2007-11-24,27.5,75,70,11.9,24.67,0.0,30.0
2007-11-25,28.5,80,90,15.5,22.74,2.4,28.0
2007-11-26,26.4,87,63,17.2,21.35,12.6,28.0
2007-11-27,23.0,84,85,21.0,17.73,1.5,20.0
2007-11-28,23.3,77,15,18.7,31.3,0.0,24.0
2007-11-29,22.6,77,28,17.6,29.9,0.0,24.0
2007-11-30,24.5,79,38,19.7,24.94,0.0,25.0
2007-12-01,24.1,84,62,17.1,22.16,0.1,26.0
2007-12-02,28.2,79,48,14.6,28.9,0.0,30.0
2007-12-03,29.0,78,56,16.9,30.14,0.0,32.0
2007-12-04,29.4,81,63,11.1,25.39,7.2,32.0
2007-12-05,26.2,81,92,23.4,15.8,2.4,25.0
2007-12-06,25.6,82,98,34.5,17.65,16.3,29.0
2007-12-07,22.8,93,99,13.0,7.69,12.8,22.0
2007-12-08,27.4,82,88,10.1,22.09,1.5,31.0
2007-12-09,27.0,85,91,11.8,19.54,9.1,29.0
2007-12-10,28.5,85,83,9.3,20.45,4.8,28.0
2007-12-11,25.8,81,88,27.1,22.81,1.1,27.0
2007-12-12,22.2,93,100,24.4,6.97,10.3,23.0
2007-12-13,19.6,90,97,19.2,8.91,6.3,19.0
2007-12-14,21.8,89,100,16.5,9.94,1.0,21.0
2007-12-15,24.5,83,82,19.4,20.5,1.1,26.0
2007-12-16,26.0,83,81,20.6,24.11,0.0,26.0
2007-12-17,24.3,83,71,21.3,21.88,0.2,25.0
2007-12-18,25.6,81,83,16.8,25.37,0.0,27.0
2007-12-19,23.2,92,95,10.1,7.59,34.7,20.0
2007-12-20,23.4,88,93,15.5,18.12,10.2,23.0
2007-12-21,25.6,85,96,13.9,16.0,3.9,27.0
2007-12-22,26.5,81,94,12.3,24.04,0.1,28.0
2007-12-23,25.7,87,94,12.4,19.39,4.6,25.0
2007-12-24,27.1,86,78,14.0,24.56,3.7,29.0
2007-12-25,26.2,80,98,10.4,16.23,0.0,27.0
2007-12-26,29.0,69,80,14.8,27.54,0.0,31.0
2007-12-27,29.6,67,55,15.0,27.75,0.0,32.0
2007-12-28,30.3,66,54,10.9,28.62,0.0,33.0
2007-12-29,29.8,66,48,10.1,25.57,0.2,33.0
2007-12-30,30.1,64,34,13.8,26.69,0.6,33.0
2007-12-31,31.9,66,89,14.8,28.38,0.0,35.0
2008-01-01,29.6,79,95,15.1,26.32,0.6,
2008-01-02,27.8,80,96,10.8,19.75,0.2,
2008-01-03,30.8,68,69,17.1,25.86,2.2,
2008-01-04,30.3,73,90,17.9,24.03,3.2,
2008-01-05,26.6,86,88,19.2,14.89,24.8,
2008-01-06,24.5,88,54,18.3,19.47,8.1,
2008-01-07,24.6,83,52,17.2,24.18,1.7,
2008-01-08,26.4,81,28,14.4,27.04,1.7,
2008-01-09,26.8,81,34,15.0,27.57,2.1,
2008-01-10,28.2,81,35,11.5,24.99,3.0,
2008-01-11,29.2,75,41,22.3,27.42,2.2,
2008-01-12,27.1,83,100,12.0,15.89,5.3,
2008-01-13,25.0,92,99,11.8,13.46,16.5,
2008-01-14,25.1,90,79,11.5,16.62,30.6,
2008-01-15,26.5,83,40,11.8,22.82,2.5,
2008-01-16,27.8,73,33,14.8,26.56,1.7,
2008-01-17,26.6,78,55,30.3,25.41,7.0,
2008-01-18,26.4,83,70,24.0,19.08,11.4,
2008-01-19,27.1,87,97,29.1,17.06,2.5,
2008-01-20,21.8,95,100,19.2,6.66,15.9,
2008-01-21,21.4,88,98,20.2,8.41,0.9,
2008-01-22,20.3,86,87,20.3,11.62,4.1,
2008-01-23,22.0,83,73,19.9,14.1,0.2,
2008-01-24,22.3,84,83,18.9,13.58,0.3,
2008-01-25,23.4,87,85,19.6,15.19,1.7,
2008-01-26,23.0,84,94,20.8,19.27,1.1,
2008-01-27,21.1,83,100,20.1,11.34,0.2,
2008-01-28,21.4,89,99,20.6,9.43,6.6,
2008-01-29,20.4,95,100,14.5,4.78,31.6,
2008-01-30,25.0,88,82,13.5,17.85,11.0,
2008-01-31,24.0,88,94,11.1,14.04,3.4,
2008-02-01,27.1,84,54,8.6,23.07,5.5,
2008-02-02,28.6,79,23,18.6,25.67,1.1,
2008-02-03,28.1,84,93,18.7,22.11,6.7,
2008-02-04,22.0,87,95,18.5,11.18,1.1,
2008-02-05,24.2,85,89,12.1,14.35,2.3,
2008-02-06,22.5,89,91,17.3,12.35,4.2,
2008-02-07,25.3,88,93,13.7,14.3,16.0,
2008-02-08,27.1,84,65,16.3,22.38,2.3,
2008-02-09,27.7,80,45,11.2,24.55,0.5,
2008-02-10,29.0,81,90,21.1,25.63,1.6,
2008-02-11,29.2,78,97,17.9,23.8,0.5,
2008-02-12,30.1,80,63,11.8,26.06,3.1,
2008-02-13,29.2,83,85,16.5,24.25,6.7,
2008-02-14,27.5,87,77,14.0,18.1,7.4,
2008-02-15,26.9,89,86,14.3,20.2,1.6,
2008-02-16,27.9,86,80,10.3,21.26,8.3,
2008-02-17,27.6,82,73,16.9,23.52,1.2,
2008-02-18,26.2,87,89,11.9,16.96,15.8,
2008-02-19,25.3,88,65,13.1,18.61,2.7,
2008-02-20,26.9,86,88,10.3,20.92,4.8,
2008-02-21,25.3,87,96,20.8,14.22,8.8,
2008-02-22,26.6,85,91,16.0,15.73,2.8,
2008-02-23,24.6,89,100,12.2,10.36,11.6,
2008-02-24,21.8,94,98,15.1,6.75,14.3,
2008-02-25,24.9,86,65,18.4,21.82,1.9,
2008-02-26,24.4,88,84,17.7,18.42,1.5,
2008-02-27,24.7,87,87,20.3,20.38,0.9,
2008-02-28,25.4,80,74,16.4,22.33,0.0,
2008-02-29,26.1,83,99,12.5,18.3,1.6,
2008-03-01,25.6,85,62,20.5,16.24,6.9,
2008-03-02,27.0,77,15,22.1,25.0,0.0,
2008-03-03,27.5,71,7,24.5,26.26,0.0,
2008-03-04,27.9,70,11,21.1,26.59,0.0,
2008-03-05,28.1,72,7,16.9,26.39,0.0,
2008-03-06,28.6,77,31,12.5,25.36,0.0,
2008-03-07,28.0,81,29,15.6,22.38,1.2,
2008-03-08,26.8,85,33,17.0,20.31,3.8,
2008-03-09,25.9,88,73,14.3,17.97,2.1,
2008-03-10,27.1,84,69,14.4,19.79,0.8,
2008-03-11,26.7,84,92,20.6,18.06,5.9,
2008-03-12,23.5,91,98,17.8,6.33,21.4,
2008-03-13,20.6,97,100,19.0,3.34,16.6,
2008-03-14,21.3,84,99,19.3,12.15,0.6,
2008-03-15,19.1,93,100,15.9,5.67,13.1,
2008-03-16,20.9,90,98,15.6,7.39,9.8,
2008-03-17,21.3,95,100,10.7,5.03,19.3,
2008-03-18,24.4,88,75,13.6,15.49,1.6,
2008-03-19,26.5,84,66,13.1,20.9,0.2,
2008-03-20,27.4,82,52,10.8,21.75,4.6,
2008-03-21,27.0,83,86,10.8,20.23,2.8,
2008-03-22,27.3,82,74,17.8,19.67,5.1,
2008-03-23,26.1,87,71,12.1,16.02,5.8,
2008-03-24,24.2,91,94,14.7,12.88,3.6,
2008-03-25,23.8,91,91,17.1,14.45,4.2,
2008-03-26,23.4,90,78,14.2,13.58,3.0,
2008-03-27,24.6,88,63,10.0,17.3,11.3,
2008-03-28,25.4,85,63,10.5,19.02,0.4,
2008-03-29,24.5,85,67,20.2,20.13,2.1,
2008-03-30,22.4,83,58,20.6,17.82,0.0,
2008-03-31,23.1,82,53,17.9,18.71,0.0,
2008-04-01,25.3,81,77,8.5,19.57,0.0,
2008-04-02,26.2,81,80,12.9,17.89,0.5,
2008-04-03,23.9,88,95,12.2,11.37,19.1,
2008-04-04,22.4,92,96,18.3,12.74,2.6,
2008-04-05,21.2,88,94,17.1,9.01,0.5,
2008-04-06,22.9,86,100,16.2,8.11,1.6,
2008-04-07,23.0,91,100,9.2,6.74,11.9,
2008-04-08,24.8,90,99,12.6,11.88,0.8,
2008-04-09,26.2,88,98,10.2,14.92,6.5,
2008-04-10,27.4,89,91,11.8,14.91,10.9,
2008-04-11,27.1,85,64,10.8,19.13,0.1,
2008-04-12,27.9,83,63,15.5,18.93,1.3,
2008-04-13,27.7,78,41,20.2,20.76,0.0,
2008-04-14,23.9,88,99,19.3,7.84,16.8,
2008-04-15,18.8,91,100,18.4,6.97,10.2,
2008-04-16,24.3,84,83,19.8,12.05,0.1,
2008-04-17,25.5,89,77,14.8,17.39,2.8,
2008-04-18,22.5,88,86,16.9,12.2,0.3,
2008-04-19,22.7,88,98,14.6,11.28,5.4,
2008-04-20,22.1,92,97,11.6,6.71,13.8,
2008-04-21,23.5,90,99,12.5,9.22,4.1,
2008-04-22,24.1,88,56,16.7,16.99,3.0,
2008-04-23,23.7,82,41,18.0,16.16,0.0,
2008-04-24,24.0,80,38,18.8,17.18,0.0,
2008-04-25,23.4,73,16,14.4,18.51,0.0,
2008-04-26,24.2,72,1,11.9,19.7,0.0,
2008-04-27,25.6,73,8,15.8,19.22,0.0,
2008-04-28,26.7,71,7,16.6,19.55,0.0,
2008-04-29,26.6,70,88,19.1,16.08,2.7,
2008-04-30,19.7,90,100,22.7,3.25,7.2,
2008-05-01,18.3,85,98,19.7,7.63,0.0,
2008-05-02,19.0,91,100,16.2,3.9,24.3,
2008-05-03,18.3,85,57,26.5,14.62,0.2,
2008-05-04,18.7,76,31,24.7,16.69,0.0,
2008-05-05,18.5,77,44,27.7,12.09,4.2,
2008-05-06,19.3,72,5,14.0,18.85,0.0,
2008-05-07,19.5,83,46,7.2,16.81,0.0,
2008-05-08,21.5,80,42,8.6,17.45,0.0,
2008-05-09,16.5,89,96,11.1,5.1,0.0,
2008-05-10,17.9,89,93,13.0,7.66,0.2,
2008-05-11,18.3,87,91,16.1,10.07,0.1,
2008-05-12,16.5,87,99,14.2,4.44,0.1,
2008-05-13,18.2,88,92,14.4,8.27,0.0,
2008-05-14,18.8,91,91,8.8,7.97,7.1,
2008-05-15,22.2,84,59,13.0,14.75,0.0,
2008-05-16,22.3,82,57,10.5,15.65,0.0,
2008-05-17,19.4,83,75,12.6,12.59,0.9,
2008-05-18,24.6,85,47,10.6,14.84,0.5,
2008-05-19,24.1,79,16,14.0,15.25,0.0,
2008-05-20,24.4,74,3,8.7,16.55,0.0,
2008-05-21,24.6,66,0,10.8,17.17,0.0,
2008-05-22,24.2,70,26,14.7,17.01,0.0,
2008-05-23,24.2,70,0,9.8,17.04,0.0,
2008-05-24,22.9,74,0,22.9,16.78,0.0,
2008-05-25,23.7,74,17,16.3,15.29,0.0,
2008-05-26,24.1,73,23,13.6,14.52,0.0,
2008-05-27,24.5,74,13,10.5,16.17,0.0,
2008-05-28,25.4,69,1,22.2,16.27,0.0,
2008-05-29,25.4,72,71,23.6,12.37,4.5,
2008-05-30,17.8,93,96,20.9,2.11,12.0,
2008-05-31,14.0,81,97,19.4,6.12,0.0,
2008-06-01,15.1,92,99,16.5,2.73,11.6,
2008-06-02,18.8,87,78,12.4,10.1,0.0,
2008-06-03,22.1,83,61,18.3,13.5,0.0,
2008-06-04,19.8,88,80,17.7,6.74,7.7,
2008-06-05,22.9,88,56,13.7,12.53,0.3,
2008-06-06,24.2,82,34,13.9,14.38,0.0,
2008-06-07,22.5,85,46,11.2,11.7,0.5,
2008-06-08,24.1,76,71,15.1,15.15,0.0,
2008-06-09,23.6,66,50,23.7,10.83,0.0,
2008-06-10,23.0,73,19,25.3,14.21,0.1,
2008-06-11,23.2,87,51,10.5,12.61,0.0,
2008-06-12,24.6,84,77,15.4,12.3,0.1,
2008-06-13,24.8,84,99,10.5,12.05,0.0,
2008-06-14,24.3,72,64,26.3,14.54,0.0,
2008-06-15,24.9,72,97,26.6,12.4,2.1,
2008-06-16,15.5,81,72,17.3,11.18,0.0,
2008-06-17,20.7,81,60,12.4,12.8,0.0,
2008-06-18,22.7,85,35,11.5,14.12,0.0,
2008-06-19,24.0,81,77,8.5,13.12,0.0,
2008-06-20,24.3,68,72,23.0,14.54,0.0,
2008-06-21,21.2,77,67,22.7,7.54,6.6,
2008-06-22,16.6,90,100,15.4,4.5,0.3,
2008-06-23,13.9,91,100,16.0,2.93,0.0,
2008-06-24,15.2,90,100,13.8,4.09,5.0,
2008-06-25,16.4,92,95,14.0,6.32,2.8,
2008-06-26,19.1,84,79,17.9,13.21,0.0,
2008-06-27,20.9,79,99,10.3,11.26,0.0,
2008-06-28,22.7,74,73,8.2,14.12,0.0,
2008-06-29,22.4,75,17,10.2,14.23,0.0,
2008-06-30,22.3,80,54,8.1,12.19,0.0,
2008-07-01,23.6,70,10,15.3,14.8,0.0,
2008-07-02,21.8,74,50,8.0,10.44,0.0,
2008-07-03,22.0,81,51,12.8,12.12,0.0,
2008-07-04,20.0,85,58,10.5,13.93,0.0,
2008-07-05,20.0,83,51,11.9,15.17,0.0,
2008-07-06,22.4,80,35,10.8,15.67,0.0,
2008-07-07,22.1,79,36,8.0,15.46,0.0,
2008-07-08,22.9,73,39,9.4,15.53,0.0,
2008-07-09,20.4,79,28,11.3,15.34,0.0,
2008-07-10,19.6,83,68,12.4,14.68,0.0,
2008-07-11,19.5,85,63,17.1,11.56,0.0,
2008-07-12,20.8,82,38,13.7,15.18,0.0,
2008-07-13,21.2,77,17,10.7,16.06,0.0,
2008-07-14,21.8,79,43,7.4,15.61,0.0,
2008-07-15,22.3,80,51,12.9,15.59,0.0,
2008-07-16,23.5,66,19,7.2,16.55,0.0,
2008-07-17,22.9,59,0,21.2,16.65,0.0,
2008-07-18,23.0,62,0,24.1,16.64,0.0,
2008-07-19,23.9,57,0,9.5,16.55,0.0,
2008-07-20,24.0,62,4,8.3,16.72,0.0,
2008-07-21,25.1,66,9,10.5,16.45,0.0,
2008-07-22,25.7,55,1,25.0,16.55,0.0,
2008-07-23,26.8,57,27,13.4,15.55,0.0,
2008-07-24,27.2,73,65,13.3,13.96,1.1,
2008-07-25,22.1,80,61,18.2,10.94,0.4,
2008-07-26,19.2,72,29,18.2,16.69,0.0,
2008-07-27,25.6,72,5,10.9,16.93,0.0,
2008-07-28,26.5,68,39,9.0,16.67,0.0,
2008-07-29,25.8,65,26,12.3,17.21,0.0,
2008-07-30,25.9,57,86,18.9,17.09,0.0,
2008-07-31,26.4,54,92,15.1,15.75,0.0,
2008-08-01,27.4,66,83,8.7,16.26,0.0,
2008-08-02,26.8,54,81,27.8,12.0,0.0,
2008-08-03,19.1,85,100,27.2,4.38,29.4,
2008-08-04,19.6,85,71,15.0,10.08,0.0,
2008-08-05,25.9,85,34,12.2,15.72,5.1,
2008-08-06,23.9,88,82,13.0,10.43,0.0,
2008-08-07,27.8,80,57,17.1,16.47,10.8,
2008-08-08,18.3,97,100,19.3,2.77,28.4,
2008-08-09,17.8,95,100,23.4,4.38,18.2,
2008-08-10,18.3,88,81,19.6,7.08,4.5,
2008-08-11,23.5,84,18,13.7,16.31,0.1,
2008-08-12,26.6,73,5,18.0,18.65,0.0,
2008-08-13,23.8,80,59,17.1,15.91,0.3,
2008-08-14,24.3,84,59,15.1,14.92,3.0,
2008-08-15,25.8,73,50,15.0,16.48,0.2,
2008-08-16,26.4,62,4,19.9,19.15,0.0,
2008-08-17,26.3,55,0,22.5,19.71,0.0,
2008-08-18,27.2,64,3,9.5,19.85,0.0,
2008-08-19,26.2,71,7,9.2,19.8,0.0,
2008-08-20,25.3,78,33,8.9,19.98,0.0,
2008-08-21,25.6,70,30,15.1,20.04,0.0,
2008-08-22,23.9,80,58,20.4,17.07,0.1,
2008-08-23,19.0,89,99,19.5,6.92,0.9,
2008-08-24,22.4,82,70,17.7,12.91,0.2,
2008-08-25,25.8,68,21,10.2,17.2,0.0,
2008-08-26,23.8,80,38,16.1,17.64,0.0,
2008-08-27,22.7,76,27,11.6,20.77,0.0,
2008-08-28,28.1,67,9,13.9,21.45,0.0,
2008-08-29,26.7,71,62,24.8,18.47,1.2,
2008-08-30,14.9,84,95,20.5,5.42,1.3,
2008-08-31,20.2,80,65,17.2,15.27,0.0,
2008-09-01,23.9,74,35,16.2,21.97,0.0,
2008-09-02,27.4,60,12,9.2,22.55,0.0,
2008-09-03,28.7,55,24,17.8,22.53,0.0,
2008-09-04,29.8,55,20,15.4,22.56,0.0,
2008-09-05,27.8,80,57,17.3,19.04,0.0,
2008-09-06,31.2,57,76,13.7,21.25,0.0,
2008-09-07,23.8,76,71,15.2,10.97,2.2,
2008-09-08,18.9,89,98,16.6,8.67,0.9,
2008-09-09,21.4,86,80,18.3,10.94,0.0,
2008-09-10,29.2,79,49,11.0,20.8,0.0,
2008-09-11,31.3,65,49,13.7,20.76,0.0,
2008-09-12,33.1,55,55,18.6,22.16,0.0,
2008-09-13,23.2,82,100,19.2,9.6,7.1,
2008-09-14,18.6,91,100,17.2,7.77,5.5,
2008-09-15,18.3,87,100,15.7,7.78,0.3,
2008-09-16,16.8,87,100,17.5,7.45,5.7,
2008-09-17,17.8,80,73,19.0,14.64,0.0,
2008-09-18,18.0,77,48,20.3,16.42,0.0,
2008-09-19,20.3,73,8,19.5,24.43,0.0,
2008-09-20,23.2,83,89,15.1,17.45,8.8,
2008-09-21,21.3,80,93,29.0,10.65,5.7,
2008-09-22,19.7,62,52,26.4,24.09,0.0,
2008-09-23,18.5,79,61,18.7,15.87,0.5,
2008-09-24,18.8,81,79,18.4,14.15,1.0,
2008-09-25,21.9,80,73,20.4,20.53,0.0,
2008-09-26,17.3,94,91,17.7,7.12,29.7,
2008-09-27,19.4,90,86,18.8,13.76,2.6,
2008-09-28,18.7,88,77,17.7,16.16,2.2,
2008-09-29,22.2,79,60,18.8,24.6,0.0,
2008-09-30,23.7,84,88,14.7,15.07,9.9,
2008-10-01,27.5,84,86,11.1,21.23,0.7,
2008-10-02,25.4,85,79,31.8,15.18,5.2,
2008-10-03,25.9,84,71,14.9,18.99,2.1,
2008-10-04,28.3,82,91,17.3,17.71,7.5,
2008-10-05,23.8,86,98,20.5,11.34,15.7,
2008-10-06,17.2,97,100,13.2,3.81,21.5,
2008-10-07,21.0,90,99,15.5,9.01,5.4,
2008-10-08,16.9,86,100,24.0,8.27,1.5,
2008-10-09,17.2,84,96,22.9,10.56,0.0,
2008-10-10,21.3,81,63,18.3,18.73,0.0,
2008-10-11,24.7,78,71,11.6,23.7,0.1,
2008-10-12,26.4,76,67,12.7,17.96,1.4,
2008-10-13,28.0,71,62,11.4,22.93,0.0,
2008-10-14,29.8,67,77,16.1,24.61,0.0,
2008-10-15,31.7,69,61,17.2,26.63,0.0,
2008-10-16,30.1,81,71,17.7,22.15,1.4,
2008-10-17,24.9,85,100,19.6,12.43,0.0,
2008-10-18,26.2,90,98,17.5,13.6,36.7,
2008-10-19,18.0,93,97,22.6,5.18,11.9,
2008-10-20,23.2,85,98,21.6,12.7,0.0,
2008-10-21,25.6,81,94,15.5,17.27,0.7,
2008-10-22,26.8,79,52,12.3,22.38,2.5,
2008-10-23,27.4,77,71,9.2,22.31,0.1,
2008-10-24,29.8,81,94,13.7,24.11,0.9,
2008-10-25,29.4,84,80,13.7,23.78,3.5,
2008-10-26,31.1,66,99,22.7,24.24,0.0,
2008-10-27,27.6,78,97,16.5,16.62,13.6,
2008-10-28,21.9,89,100,15.3,11.08,1.6,
2008-10-29,27.7,86,100,15.2,19.72,2.5,
2008-10-30,27.1,83,100,24.1,17.61,9.5,
2008-10-31,18.7,90,99,17.6,6.25,2.0,
2008-11-01,22.6,84,81,16.0,17.09,0.0,
2008-11-02,28.5,84,94,20.4,17.82,12.8,
2008-11-03,26.9,82,86,23.1,22.78,2.2,
2008-11-04,25.8,85,84,14.4,20.89,0.9,
2008-11-05,27.1,87,81,11.6,21.3,13.4,
2008-11-06,28.5,82,99,16.7,19.41,3.2,
2008-11-07,25.2,89,93,21.5,14.59,29.7,
2008-11-08,24.6,86,67,15.3,16.97,10.2,
2008-11-09,26.7,85,85,15.8,24.46,0.8,
2008-11-10,25.3,87,92,17.1,18.26,4.8,
2008-11-11,23.5,88,94,19.6,19.41,1.9,
2008-11-12,23.4,87,94,13.9,15.71,16.8,
2008-11-13,23.0,91,89,15.7,12.57,2.0,
2008-11-14,24.8,87,65,13.0,17.82,7.1,
2008-11-15,27.0,76,11,19.4,25.94,0.1,
2008-11-16,24.8,83,60,21.4,22.15,3.0,
2008-11-17,21.1,89,99,22.4,11.58,1.8,
2008-11-18,21.0,89,88,22.3,14.23,0.8,
2008-11-19,19.5,85,68,21.3,16.87,1.6,
2008-11-20,21.5,74,36,23.3,25.98,0.0,
2008-11-21,23.2,77,38,22.6,26.08,1.0,
2008-11-22,23.4,83,49,16.0,20.12,5.7,
2008-11-23,23.7,85,44,14.1,24.99,4.4,
2008-11-24,23.6,86,56,15.6,21.09,2.6,
2008-11-25,23.4,87,71,17.3,20.98,2.5,
2008-11-26,23.9,87,93,16.9,19.47,6.7,
2008-11-27,23.6,87,89,19.3,20.6,8.7,
2008-11-28,22.7,88,82,19.1,19.66,5.8,
2008-11-29,23.2,86,72,18.3,20.42,2.5,
2008-11-30,24.2,84,65,16.3,22.55,1.7,
2008-12-01,27.9,76,40,16.6,28.5,0.0,
2008-12-02,29.5,77,62,12.8,23.32,9.6,
2008-12-03,22.9,87,82,20.6,19.72,22.7,
2008-12-04,21.2,78,54,19.6,22.61,0.2,
2008-12-05,23.2,81,60,19.6,26.78,0.0,
2008-12-06,24.3,80,29,16.3,26.77,0.0,
2008-12-07,25.3,81,52,16.8,27.59,0.0,
2008-12-08,27.8,79,42,12.1,29.04,0.6,
2008-12-09,29.2,73,53,10.1,28.75,0.3,
2008-12-10,29.9,72,100,17.4,23.64,10.8,
2008-12-11,24.0,91,97,16.8,8.92,18.2,
2008-12-12,21.4,86,85,19.9,12.25,0.6,
2008-12-13,22.7,80,76,18.8,21.93,0.0,
2008-12-14,22.8,86,96,16.6,11.19,0.8,
2008-12-15,23.6,86,87,17.6,17.28,1.1,
2008-12-16,22.1,91,97,18.9,14.08,11.8,
2008-12-17,22.0,92,87,17.6,10.08,10.0,
2008-12-18,23.7,88,86,18.5,18.99,1.0,
2008-12-19,24.6,88,98,18.8,17.41,0.7,
2008-12-20,25.2,88,95,17.9,17.17,5.9,
2008-12-21,24.4,89,88,11.5,16.44,16.9,
2008-12-22,26.1,89,81,8.7,18.34,18.1,
2008-12-23,27.3,84,41,12.1,22.32,6.2,
2008-12-24,27.7,80,42,14.8,25.74,2.3,
2008-12-25,26.5,87,97,18.4,17.18,22.9,
2008-12-26,22.6,94,99,23.1,13.0,8.8,
2008-12-27,21.5,88,100,16.6,8.72,0.9,
2008-12-28,26.1,86,88,16.8,19.57,1.3,
2008-12-29,28.5,81,60,11.4,25.53,0.2,
2008-12-30,26.8,83,76,18.5,25.89,0.0,
2008-12-31,27.1,86,81,12.4,21.88,12.2,
2009-01-01,27.1,89,95,14.9,17.12,11.4,30.0
2009-01-02,24.4,91,99,12.2,10.48,29.9,25.0
2009-01-03,25.8,89,94,27.5,17.81,3.7,25.0
2009-01-04,20.3,89,98,22.3,11.11,4.1,21.0
2009-01-05,21.7,87,82,17.6,15.81,1.7,19.0
2009-01-06,23.1,86,75,19.2,20.08,1.1,23.0
2009-01-07,25.4,83,62,13.0,25.62,4.3,26.0
2009-01-08,26.5,83,65,14.1,24.0,1.1,31.0
2009-01-09,27.3,86,76,16.3,23.27,2.3,29.0
2009-01-10,26.9,87,87,11.9,18.36,4.5,26.0
2009-01-11,28.6,73,98,16.8,22.92,0.1,29.0
2009-01-12,29.5,69,28,16.2,28.81,0.0,31.0
2009-01-13,30.2,70,59,11.6,26.11,0.0,32.0
2009-01-14,28.6,80,87,19.1,22.03,10.6,31.0
2009-01-15,29.2,80,78,22.2,27.0,7.5,27.0
2009-01-16,28.0,81,88,12.5,23.53,3.2,28.0
2009-01-17,26.0,86,98,25.8,15.01,14.2,26.0
2009-01-18,25.2,87,98,27.6,16.17,0.4,27.0
2009-01-19,28.2,82,96,18.9,23.22,5.4,29.0
2009-01-20,25.9,91,88,22.0,12.97,24.1,27.0
2009-01-21,22.7,87,100,22.9,13.13,1.8,23.0
2009-01-22,21.0,88,98,22.7,10.24,2.0,20.0
2009-01-23,21.4,84,76,21.6,14.97,1.2,22.0
2009-01-24,23.7,83,78,16.8,17.15,0.4,24.0
2009-01-25,26.9,86,83,16.3,21.08,13.8,27.0
2009-01-26,24.1,91,100,10.6,12.02,8.3,26.0
2009-01-27,23.4,91,100,8.2,7.1,17.3,25.0
2009-01-28,24.4,91,100,15.9,7.61,22.7,25.0
2009-01-29,25.4,87,100,31.9,12.45,11.6,28.0
2009-01-30,25.4,87,93,26.0,17.08,8.6,28.0
2009-01-31,28.1,80,65,25.9,25.73,0.2,31.0
2009-02-01,28.2,77,29,15.9,25.72,0.0,31.0
2009-02-02,26.8,87,90,16.6,22.28,4.1,28.0
2009-02-03,27.7,85,98,15.1,18.64,12.0,29.0
2009-02-04,28.1,84,94,20.9,21.13,11.5,29.0
2009-02-05,27.0,86,69,15.8,18.8,16.4,28.0
2009-02-06,28.3,83,55,11.1,23.87,0.7,32.0
2009-02-07,29.2,80,67,13.8,25.65,0.4,32.0
2009-02-08,29.4,86,94,13.1,21.25,9.9,30.0
2009-02-09,26.4,89,96,13.2,17.03,12.2,28.0
2009-02-10,27.4,86,93,15.3,20.88,3.1,30.0
2009-02-11,27.3,85,85,25.3,21.59,6.4,30.0
2009-02-12,21.7,92,89,22.5,6.55,36.5,22.0
2009-02-13,22.2,88,97,18.1,11.52,5.5,20.0
2009-02-14,23.0,91,98,15.5,10.89,10.7,22.0
2009-02-15,24.2,90,97,16.3,9.44,14.9,26.0
2009-02-16,28.5,79,98,12.0,18.35,1.9,28.0
2009-02-17,28.1,80,91,13.0,22.0,0.1,31.0
2009-02-18,27.5,86,91,11.3,22.6,1.6,30.0
2009-02-19,27.9,81,70,11.5,23.09,0.3,30.0
2009-02-20,28.4,78,96,11.7,23.14,0.1,30.0
2009-02-21,28.3,83,71,11.6,21.37,3.0,32.0
2009-02-22,28.4,87,68,12.1,19.69,14.0,31.0
2009-02-23,29.5,84,63,14.1,21.93,11.3,31.0
2009-02-24,25.4,91,91,17.2,12.69,6.4,25.0
2009-02-25,26.3,89,98,9.3,14.13,35.3,26.0
2009-02-26,27.8,87,96,9.0,18.61,14.4,28.0
2009-02-27,28.9,82,88,19.0,19.22,2.1,30.0
2009-02-28,28.6,81,99,11.7,20.67,0.2,31.0
2009-03-01,30.1,80,83,10.0,23.65,0.0,33.0
2009-03-02,31.9,76,66,12.5,26.65,0.0,32.0
2009-03-03,29.2,84,96,10.7,18.49,3.5,31.0
2009-03-04,28.1,83,70,12.2,19.99,1.4,30.0
2009-03-05,30.2,83,60,11.5,22.59,3.0,33.0
2009-03-06,30.7,80,39,17.5,24.0,0.3,32.0
2009-03-07,26.3,87,76,16.9,16.78,1.2,25.0
2009-03-08,28.2,85,90,10.8,19.34,4.5,32.0
2009-03-09,28.9,86,99,12.1,19.49,11.5,29.0
2009-03-10,26.7,90,98,11.4,14.89,2.4,28.0
2009-03-11,26.2,88,96,10.4,13.16,7.7,25.0
2009-03-12,26.2,88,97,18.9,11.2,9.8,29.0
2009-03-13,25.6,91,98,21.8,14.09,14.5,27.0
2009-03-14,25.7,88,89,16.9,15.6,3.5,28.0
2009-03-15,26.1,88,52,10.6,19.46,3.1,27.0
2009-03-16,25.7,83,52,16.3,20.12,0.0,28.0
2009-03-17,27.3,84,47,12.0,19.01,8.2,28.0
2009-03-18,24.5,90,97,18.3,16.81,1.6,25.0
2009-03-19,23.9,87,75,20.4,14.28,9.4,26.0
2009-03-20,25.6,82,98,14.9,18.77,0.2,25.0
2009-03-21,22.1,84,99,10.9,7.96,1.5,24.0
2009-03-22,24.4,88,90,14.8,14.79,8.5,21.0
2009-03-23,24.8,88,67,17.3,18.01,1.3,27.0
2009-03-24,24.4,87,84,19.2,16.6,1.1,26.0
2009-03-25,23.1,85,75,20.0,13.47,0.0,25.0
2009-03-26,25.0,83,48,16.8,21.06,0.0,27.0
2009-03-27,25.4,86,95,13.7,17.12,0.4,29.0
2009-03-28,25.7,88,98,10.5,14.49,12.1,27.0
2009-03-29,25.6,87,82,13.7,17.02,0.7,27.0
2009-03-30,25.4,88,91,15.3,15.02,1.3,26.0
2009-03-31,25.7,86,67,14.4,19.06,0.5,27.0
2009-04-01,25.4,84,70,18.3,18.94,0.0,26.0
2009-04-02,23.9,87,81,16.1,15.72,1.5,25.0
2009-04-03,24.7,84,71,17.7,16.53,0.0,26.0
2009-04-04,26.9,80,48,11.6,20.3,0.0,29.0
2009-04-05,27.6,85,42,13.2,19.27,12.7,30.0
2009-04-06,25.8,91,59,12.4,13.99,9.9,22.0
2009-04-07,24.4,90,72,11.1,12.47,2.8,25.0
2009-04-08,24.5,86,67,18.5,17.43,0.5,26.0
2009-04-09,24.5,85,78,10.2,14.59,1.0,27.0
2009-04-10,24.7,87,76,17.9,15.77,2.0,27.0
2009-04-11,25.1,82,44,12.9,19.02,0.0,26.0
2009-04-12,24.8,85,43,17.3,17.15,0.1,25.0
2009-04-13,25.0,88,89,10.9,12.84,13.3,23.0
2009-04-14,24.9,89,82,17.7,14.35,20.7,25.0
2009-04-15,20.6,94,83,15.6,8.73,1.6,23.0
2009-04-16,21.4,85,66,16.8,13.39,0.2,21.0
2009-04-17,21.9,82,35,11.3,20.98,0.0,25.0
2009-04-18,24.5,82,37,9.4,20.34,0.0,26.0
2009-04-19,25.1,77,41,14.8,20.64,0.0,27.0
2009-04-20,23.6,80,50,15.8,16.42,0.0,26.0
2009-04-21,21.3,90,71,22.7,11.83,1.1,20.0
2009-04-22,23.6,80,64,17.0,13.9,1.9,23.0
2009-04-23,23.1,81,51,17.0,16.12,5.9,24.0
2009-04-24,22.3,85,62,15.8,15.35,0.8,22.0
2009-04-25,23.2,84,84,10.9,11.72,0.0,23.0
2009-04-26,23.6,85,80,11.6,14.28,0.0,25.0
2009-04-27,22.4,87,75,16.6,12.2,1.2,23.0
2009-04-28,22.4,86,75,13.6,13.73,0.1,24.0
2009-04-29,24.6,81,68,10.5,15.27,0.0,26.0
2009-04-30,23.9,80,46,14.7,17.81,0.0,25.0
2009-05-01,21.4,87,86,17.7,13.55,0.3,23.0
2009-05-02,20.9,89,79,14.9,12.1,1.1,22.0
2009-05-03,21.9,84,62,15.7,13.83,0.2,24.0
2009-05-04,23.1,85,79,11.3,12.9,3.0,23.0
2009-05-05,22.7,84,22,17.6,15.53,0.3,25.0
2009-05-06,23.5,75,6,23.3,18.3,0.0,25.0
2009-05-07,22.8,80,77,11.9,12.32,0.0,24.0
2009-05-08,24.1,82,80,10.3,16.39,0.0,23.0
2009-05-09,26.1,79,69,11.0,15.42,0.0,27.0
2009-05-10,24.2,88,71,8.3,14.33,9.8,23.0
2009-05-11,24.7,85,62,11.9,14.9,0.1,27.0
2009-05-12,25.9,81,41,9.5,16.31,0.0,27.0
2009-05-13,26.8,72,53,9.7,16.97,0.0,28.0
2009-05-14,26.6,63,47,24.3,17.23,0.0,28.0
2009-05-15,19.8,93,100,21.6,2.19,29.1,19.0
2009-05-16,17.1,83,67,12.9,9.1,0.1,18.0
2009-05-17,20.8,87,60,13.9,12.38,0.0,21.0
2009-05-18,23.7,84,52,11.2,16.67,0.0,24.0
2009-05-19,22.8,87,72,16.3,14.71,0.0,24.0
2009-05-20,20.7,88,85,13.6,8.83,0.5,21.0
2009-05-21,22.3,84,56,12.2,15.05,0.0,23.0
2009-05-22,23.5,79,34,9.7,16.97,0.0,24.0
2009-05-23,23.5,77,41,10.2,16.45,0.0,25.0
2009-05-24,24.3,78,30,15.6,15.62,0.0,26.0
2009-05-25,25.2,74,17,18.5,15.76,0.7,27.0
2009-05-26,25.3,78,48,18.4,12.55,2.7,27.0
2009-05-27,25.5,86,97,6.9,10.76,4.3,24.0
2009-05-28,24.8,92,88,17.6,11.11,8.5,26.0
2009-05-29,17.6,92,100,19.0,3.57,0.3,18.0
2009-05-30,22.4,85,100,15.9,6.69,0.0,21.0
2009-05-31,23.3,80,64,27.7,11.35,0.6,25.0
2009-06-01,17.2,77,67,20.5,12.39,0.1,18.0
2009-06-02,15.6,70,3,17.9,16.2,0.0,17.0
2009-06-03,14.7,76,21,14.0,14.4,0.0,16.0
2009-06-04,20.6,70,1,14.0,16.45,0.0,22.0
2009-06-05,23.8,74,13,28.0,15.19,0.0,26.0
2009-06-06,19.7,78,34,13.1,13.61,0.0,21.0
2009-06-07,15.5,84,76,15.1,6.94,0.0,18.0
2009-06-08,19.7,79,27,11.5,14.32,0.0,21.0
2009-06-09,22.8,71,14,12.9,14.55,0.0,24.0
2009-06-10,22.7,77,66,9.7,9.06,5.3,20.0
2009-06-11,19.5,90,98,14.0,8.89,11.4,21.0
2009-06-12,16.4,94,77,17.7,5.7,1.6,16.0
2009-06-13,15.6,85,72,13.1,9.28,0.0,18.0
2009-06-14,16.9,83,66,13.4,13.22,0.0,18.0
2009-06-15,19.9,83,44,9.7,14.88,0.0,19.0
2009-06-16,20.4,83,91,23.8,6.17,0.3,21.0
2009-06-17,19.1,84,50,22.2,12.13,0.3,21.0
2009-06-18,18.5,86,54,9.5,13.76,0.0,21.0
2009-06-19,20.1,81,32,9.0,15.09,0.0,19.0
2009-06-20,22.4,84,56,11.4,14.67,0.0,22.0
2009-06-21,22.3,81,41,11.6,14.82,0.0,22.0
2009-06-22,22.3,72,48,7.4,14.9,0.0,24.0
2009-06-23,22.3,66,22,18.9,15.47,0.0,23.0
2009-06-24,18.1,79,74,12.5,3.9,1.4,23.0
2009-06-25,18.1,95,99,11.3,4.4,18.2,18.0
2009-06-26,18.9,87,92,13.8,8.69,0.2,17.0
2009-06-27,18.4,91,99,12.9,4.9,5.1,17.0
2009-06-28,18.4,91,93,10.8,6.36,0.6,18.0
2009-06-29,22.9,83,42,12.0,14.14,0.0,23.0
2009-06-30,23.9,70,33,19.9,12.26,0.0,26.0
2009-07-01,24.0,77,25,15.2,13.63,0.0,25.0
2009-07-02,20.0,86,61,10.9,4.99,8.4,17.0
2009-07-03,19.4,91,95,11.2,7.46,0.0,16.0
2009-07-04,19.3,90,95,14.0,6.7,0.0,21.0
2009-07-05,19.6,88,85,15.0,7.58,0.0,21.0
2009-07-06,21.9,83,49,12.6,14.26,0.1,21.0
2009-07-07,23.4,76,1,14.2,15.0,0.0,25.0
2009-07-08,23.5,74,23,10.1,15.06,0.0,25.0
2009-07-09,24.1,71,36,19.4,13.09,0.0,25.0
2009-07-10,23.9,75,94,14.8,9.88,2.5,23.0
2009-07-11,23.8,75,100,33.2,7.29,14.1,22.0
2009-07-12,15.1,84,77,25.2,9.48,1.4,16.0
2009-07-13,20.9,76,49,11.2,15.99,0.0,20.0
2009-07-14,20.1,77,79,16.2,13.96,0.0,20.0
2009-07-15,15.8,91,100,18.0,4.34,0.1,18.0
2009-07-16,24.3,81,71,12.7,15.26,0.0,24.0
2009-07-17,24.4,69,14,11.9,15.51,0.0,26.0
2009-07-18,24.0,76,49,11.4,12.61,2.4,25.0
2009-07-19,16.4,90,83,16.3,7.27,1.2,16.0
2009-07-20,17.1,86,70,14.5,8.2,0.6,16.0
2009-07-21,21.4,84,53,12.3,14.55,0.0,21.0
2009-07-22,25.8,66,78,26.4,14.2,0.0,28.0
2009-07-23,24.7,80,99,13.0,9.93,5.2,19.0
2009-07-24,16.9,95,100,18.2,1.54,29.0,17.0
2009-07-25,14.5,96,100,12.7,2.16,25.4,15.0
2009-07-26,21.1,93,97,11.1,8.29,16.6,22.0
2009-07-27,23.0,90,97,7.0,10.03,5.4,20.0
2009-07-28,23.7,91,89,12.6,9.41,11.8,23.0
2009-07-29,21.8,92,70,17.9,10.13,25.3,20.0
2009-07-30,17.3,96,100,14.7,3.51,2.6,16.0
2009-07-31,16.6,94,100,16.4,4.19,1.7,17.0
2009-08-01,24.4,82,100,14.4,14.43,0.0,22.0
2009-08-02,26.0,69,94,21.3,14.61,0.0,28.0
2009-08-03,22.5,77,71,21.4,12.49,0.0,23.0
2009-08-04,20.1,92,90,12.8,10.37,0.0,22.0
2009-08-05,25.7,79,40,11.5,16.95,0.0,26.0
2009-08-06,26.7,70,15,20.1,17.37,0.0,29.0
2009-08-07,23.5,87,64,15.4,13.54,0.0,24.0
2009-08-08,26.7,69,10,11.9,17.42,0.0,29.0
2009-08-09,26.1,62,25,10.3,17.41,0.0,28.0
2009-08-10,22.3,68,74,24.7,14.88,0.4,25.0
2009-08-11,16.8,83,75,20.5,10.74,0.9,17.0
2009-08-12,20.6,86,39,16.1,16.17,0.0,22.0
2009-08-13,23.9,80,12,11.1,19.34,0.0,25.0
2009-08-14,24.5,71,34,8.7,19.68,0.0,25.0
2009-08-15,24.4,71,10,14.8,19.35,0.0,26.0
2009-08-16,24.3,65,18,16.3,17.86,0.0,26.0
2009-08-17,26.4,62,24,16.6,17.79,0.0,29.0
2009-08-18,24.2,79,81,17.1,13.35,5.7,22.0
2009-08-19,23.8,76,97,27.5,15.19,7.5,23.0
2009-08-20,21.6,86,93,27.4,7.53,11.0,22.0
2009-08-21,17.3,88,93,22.1,5.93,19.8,19.0
2009-08-22,17.1,83,88,20.0,13.19,0.0,16.0
2009-08-23,16.8,90,89,17.8,6.45,16.0,16.0
2009-08-24,20.0,93,99,10.9,7.1,11.3,21.0
2009-08-25,19.4,91,100,17.7,9.18,1.2,18.0
2009-08-26,20.3,84,74,20.3,12.52,0.0,21.0
2009-08-27,22.5,84,64,11.3,18.39,0.0,24.0
2009-08-28,23.5,83,45,11.0,19.83,0.0,26.0
2009-08-29,24.5,82,27,11.8,21.14,0.0,26.0
2009-08-30,25.2,77,18,12.4,22.14,0.0,26.0
2009-08-31,25.7,73,9,11.1,21.99,0.0,28.0
2009-09-01,26.7,67,14,16.9,20.58,0.0,29.0
2009-09-02,28.4,66,7,8.7,20.92,0.0,31.0
2009-09-03,29.2,68,29,18.1,20.51,0.8,32.0
2009-09-04,25.0,87,96,19.4,13.29,3.4,22.0
2009-09-05,24.1,90,99,9.2,11.26,11.1,25.0
2009-09-06,21.6,93,97,8.1,7.41,7.8,19.0
2009-09-07,26.9,79,44,24.2,21.05,0.3,29.0
2009-09-08,26.5,77,95,18.5,12.89,0.0,23.0
2009-09-09,27.1,80,100,21.4,15.53,3.4,23.0
2009-09-10,20.2,96,99,15.6,5.24,5.0,24.0
2009-09-11,22.2,88,86,14.2,11.95,1.1,26.0
2009-09-12,26.5,78,72,11.5,18.94,0.0,28.0
2009-09-13,27.1,75,48,15.0,18.91,0.4,29.0
2009-09-14,21.3,93,99,15.0,12.05,3.7,19.0
2009-09-15,21.9,88,96,14.7,10.29,0.0,21.0
2009-09-16,24.9,83,73,13.7,19.2,0.0,26.0
2009-09-17,24.5,86,98,18.1,17.67,0.0,22.0
2009-09-18,28.4,80,99,18.6,19.1,0.0,29.0
2009-09-19,25.8,87,98,22.8,12.87,14.9,26.0
2009-09-20,19.6,96,100,13.9,4.01,8.3,23.0
2009-09-21,19.4,96,100,17.1,4.89,26.7,19.0
2009-09-22,22.5,91,100,14.8,6.88,4.8,19.0
2009-09-23,23.2,89,99,33.2,10.22,4.6,22.0
2009-09-24,18.9,86,95,23.1,6.96,6.7,19.0
2009-09-25,19.6,82,73,16.9,17.32,0.0,19.0
2009-09-26,26.6,83,34,12.7,22.17,0.0,29.0
2009-09-27,29.5,69,32,23.5,23.94,0.0,31.0
2009-09-28,28.5,71,95,27.7,18.98,1.4,30.0
2009-09-29,19.8,90,99,20.0,5.09,8.2,20.0
2009-09-30,15.6,85,100,19.7,6.69,1.4,15.0
2009-10-01,20.7,84,74,19.2,14.36,0.0,22.0
2009-10-02,28.0,82,35,13.8,23.43,0.1,30.0
2009-10-03,23.4,92,100,14.7,11.12,0.5,24.0
2009-10-04,24.2,88,97,16.0,14.68,0.1,22.0
2009-10-05,28.4,77,53,13.7,23.41,0.0,30.0
2009-10-06,28.7,78,46,11.5,23.04,4.6,30.0
2009-10-07,25.9,88,88,17.1,18.14,17.3,23.0
2009-10-08,18.1,94,100,22.4,3.79,19.8,18.0
2009-10-09,16.6,84,92,18.8,10.0,0.1,16.0
2009-10-10,18.1,85,85,17.4,10.4,0.0,18.0
2009-10-11,26.2,75,59,15.8,20.75,0.0,29.0
2009-10-12,27.9,77,91,27.6,21.31,0.9,29.0
2009-10-13,20.8,89,100,19.1,10.67,2.5,20.0
2009-10-14,27.7,82,74,10.4,19.75,0.8,30.0
2009-10-15,25.0,86,99,18.2,9.37,6.8,22.0
2009-10-16,21.3,89,99,20.3,9.8,1.2,20.0
2009-10-17,22.6,91,100,15.4,9.72,1.6,19.0
2009-10-18,25.2,91,77,15.6,14.89,24.7,28.0
2009-10-19,24.8,90,100,14.5,14.45,17.1,25.0
2009-10-20,25.5,85,93,14.0,19.23,0.5,26.0
2009-10-21,26.1,85,65,17.1,23.75,0.0,27.0
2009-10-22,25.5,86,98,27.3,16.51,8.8,26.0
2009-10-23,24.9,83,83,13.8,16.8,0.2,27.0
2009-10-24,28.8,75,66,16.6,27.54,0.0,30.0
2009-10-25,26.6,85,95,16.5,18.68,3.1,24.0
2009-10-26,26.8,88,86,14.2,16.53,11.3,28.0
2009-10-27,22.8,92,98,22.5,11.76,6.1,21.0
2009-10-28,20.6,88,97,21.2,11.28,1.0,21.0
2009-10-29,23.4,87,94,19.8,16.43,2.0,24.0
2009-10-30,24.3,85,89,16.8,17.0,0.3,26.0
2009-10-31,26.8,81,54,14.8,26.53,0.0,29.0
2009-11-01,26.7,82,53,13.9,24.38,0.3,29.0
2009-11-02,27.7,82,53,12.8,25.71,0.1,31.0
2009-11-03,30.4,78,44,12.4,27.39,0.0,33.0
2009-11-04,30.3,78,49,14.0,25.26,0.0,32.0
2009-11-05,29.8,76,32,22.3,27.35,8.9,31.0
2009-11-06,28.6,73,63,23.2,24.18,1.7,31.0
2009-11-07,27.7,75,39,26.4,22.77,0.7,30.0
2009-11-08,25.0,82,99,26.6,15.01,9.5,25.0
2009-11-09,24.6,90,97,15.5,10.99,15.5,26.0
2009-11-10,26.9,89,91,12.4,19.14,8.2,29.0
2009-11-11,27.3,87,100,12.8,17.45,2.8,28.0
2009-11-12,26.7,85,92,18.0,18.63,0.0,29.0
2009-11-13,28.1,82,66,19.2,27.59,0.0,29.0
2009-11-14,29.3,80,93,21.2,23.07,0.9,31.0
2009-11-15,27.8,87,98,12.0,17.26,18.8,27.0
2009-11-16,26.7,90,100,18.7,12.36,12.7,26.0
2009-11-17,24.5,82,79,18.4,19.73,0.1,27.0
2009-11-18,30.2,76,56,9.5,27.6,0.0,32.0
2009-11-19,29.9,71,39,24.2,29.53,0.0,33.0
2009-11-20,29.7,78,91,17.1,23.37,3.5,31.0
2009-11-21,27.6,88,95,11.6,19.3,16.9,27.0
2009-11-22,27.6,76,98,21.6,15.95,0.3,28.0
2009-11-23,26.4,84,90,10.0,17.46,26.6,27.0
2009-11-24,28.6,85,99,8.7,19.68,12.8,29.0
2009-11-25,27.6,82,79,9.0,13.89,0.2,29.0
2009-11-26,29.9,81,65,12.8,24.08,12.4,32.0
2009-11-27,28.1,84,95,12.2,16.37,5.3,30.0
2009-11-28,23.6,91,100,25.9,7.41,14.5,26.0
2009-11-29,25.8,89,98,27.0,15.21,11.0,25.0
2009-11-30,28.0,85,94,20.0,22.37,9.3,30.0
2009-12-01,26.9,88,98,13.6,14.38,20.9,28.0
2009-12-02,28.3,85,78,10.3,19.87,11.1,30.0
2009-12-03,28.2,84,97,26.1,20.4,8.3,29.0
2009-12-04,20.8,88,100,26.3,9.88,5.8,21.0
2009-12-05,20.3,86,80,23.1,12.33,1.9,21.0
2009-12-06,25.0,84,74,15.9,18.82,0.6,25.0
2009-12-07,26.3,88,100,14.4,11.67,38.8,24.0
2009-12-08,21.8,95,100,15.9,6.75,29.4,23.0
2009-12-09,23.4,87,95,18.1,13.26,1.8,22.0
2009-12-10,24.3,87,97,16.6,13.2,3.6,27.0
2009-12-11,28.2,86,94,10.1,20.35,16.2,31.0
2009-12-12,27.2,81,89,32.4,17.72,7.7,29.0
2009-12-13,20.6,93,100,21.3,6.3,22.0,21.0
2009-12-14,22.6,86,100,16.3,12.85,0.0,22.0
2009-12-15,26.2,86,85,14.6,19.43,1.1,30.0
2009-12-16,27.3,84,77,12.0,24.17,4.3,29.0
2009-12-17,28.3,80,97,17.0,22.18,7.0,30.0
2009-12-18,23.9,90,92,14.8,18.4,15.0,26.0
2009-12-19,24.4,83,82,19.4,19.4,0.0,27.0
2009-12-20,27.3,81,55,15.5,23.97,0.0,31.0
2009-12-21,28.5,79,69,11.8,25.03,0.0,31.0
2009-12-22,29.6,80,70,16.9,29.43,0.0,31.0
2009-12-23,29.3,80,50,15.0,26.83,0.5,32.0
2009-12-24,27.7,87,86,10.2,18.16,11.8,31.0
2009-12-25,25.4,88,91,16.6,13.18,3.3,28.0
2009-12-26,27.4,86,93,14.0,17.2,8.5,29.0
2009-12-27,27.9,86,99,19.1,16.48,11.4,30.0
2009-12-28,24.1,93,100,22.6,10.36,1.8,27.0
2009-12-29,26.4,86,97,20.3,16.27,6.1,25.0
2009-12-30,27.2,85,87,11.7,19.13,4.3,29.0
2009-12-31,25.6,88,100,20.8,19.71,2.2,28.0
2010-01-01,22.8,94,100,16.8,5.95,29.0,24.0
2010-01-02,27.8,86,92,10.2,17.82,7.4,29.0
2010-01-03,28.6,84,84,13.8,22.03,2.7,31.0
2010-01-04,29.3,81,88,10.8,22.3,4.9,31.0
2010-01-05,30.7,78,88,15.7,20.07,2.0,31.0
2010-01-06,27.5,82,88,16.4,14.33,16.5,30.0
2010-01-07,27.3,90,93,15.3,15.85,37.8,29.0
2010-01-08,28.4,87,92,11.4,17.92,19.2,29.0
2010-01-09,29.7,82,89,14.7,23.19,2.3,32.0
2010-01-10,28.8,78,99,16.7,18.95,0.0,32.0
2010-01-11,30.3,78,96,12.2,21.56,1.0,31.0
2010-01-12,30.8,78,86,14.1,26.57,3.2,31.0
2010-01-13,29.4,78,92,16.9,26.3,0.6,31.0
2010-01-14,25.3,86,98,20.5,9.87,4.6,26.0
2010-01-15,22.4,90,82,19.8,13.84,4.1,23.0
2010-01-16,27.7,85,81,12.7,19.59,11.9,27.0
2010-01-17,27.5,86,94,13.6,13.52,4.9,29.0
2010-01-18,27.5,84,95,18.9,16.18,5.9,31.0
2010-01-19,29.4,80,87,20.7,24.78,1.0,30.0
2010-01-20,28.4,82,89,18.3,13.46,7.7,31.0
2010-01-21,25.9,89,100,10.8,6.78,17.4,28.0
2010-01-22,24.3,85,98,20.3,10.07,11.3,23.0
2010-01-23,26.7,84,91,15.8,18.51,21.9,26.0
2010-01-24,26.9,85,87,12.9,20.61,10.6,24.0
2010-01-25,26.6,88,95,9.5,19.76,18.5,27.0
2010-01-26,26.6,88,81,10.8,18.76,16.4,28.0
2010-01-27,27.3,83,56,14.7,22.55,9.3,29.0
2010-01-28,28.4,83,98,13.0,18.52,7.2,26.0
2010-01-29,22.5,88,100,14.0,4.2,21.4,24.0
2010-01-30,28.3,81,100,9.3,18.55,5.0,25.0
2010-01-31,29.0,83,89,8.8,18.94,2.2,31.0
2010-02-01,30.4,81,75,8.3,25.43,5.9,33.0
2010-02-02,31.1,75,42,8.2,27.78,0.9,32.0
2010-02-03,31.1,75,53,11.8,26.24,1.9,33.0
2010-02-04,30.3,78,53,11.8,23.94,8.4,33.0
2010-02-05,29.7,76,27,9.7,26.13,0.0,33.0
2010-02-06,30.1,72,19,17.0,27.4,2.8,32.0
2010-02-07,28.4,76,24,18.7,25.59,0.9,32.0
2010-02-08,29.6,70,14,19.6,28.31,0.0,31.0
2010-02-09,28.4,78,95,16.5,20.21,3.1,31.0
2010-02-10,28.1,82,91,16.0,20.41,10.7,29.0
2010-02-11,28.5,84,98,12.3,19.05,7.5,29.0
2010-02-12,29.3,82,98,12.2,21.82,3.7,31.0
2010-02-13,30.4,78,88,11.7,23.37,0.0,31.0
2010-02-14,30.7,70,44,12.3,26.74,0.0,33.0
2010-02-15,30.0,72,81,14.4,22.9,0.4,34.0
2010-02-16,30.5,75,71,19.9,25.19,0.9,32.0
2010-02-17,29.2,83,94,10.6,17.38,6.8,31.0
2010-02-18,24.4,91,92,9.0,8.98,17.4,25.0
2010-02-19,25.6,87,70,13.0,13.36,10.4,26.0
2010-02-20,29.1,78,43,10.4,22.49,1.8,28.0
2010-02-21,29.2,75,44,14.8,24.41,0.0,32.0
2010-02-22,29.8,73,42,14.1,23.82,0.8,33.0
2010-02-23,30.2,74,60,17.2,25.54,1.0,33.0
2010-02-24,30.0,82,89,13.3,21.86,6.3,31.0
2010-02-25,22.1,94,100,25.3,2.56,135.8,22.0
2010-02-26,21.7,85,89,19.5,9.26,0.5,22.0
2010-02-27,23.5,80,56,18.4,15.36,0.0,25.0
2010-02-28,23.3,89,78,13.8,9.29,17.8,21.0
2010-03-01,22.2,86,90,22.5,11.03,1.9,19.0
2010-03-02,21.2,84,80,18.9,8.27,0.0,20.0
2010-03-03,22.5,87,69,15.1,7.79,0.4,23.0
2010-03-04,25.0,89,81,20.0,15.21,4.2,25.0
2010-03-05,24.0,91,90,17.6,14.38,7.5,24.0
2010-03-06,23.7,89,74,12.0,10.75,11.2,20.0
2010-03-07,25.4,83,47,8.8,21.44,1.2,28.0
2010-03-08,26.2,74,36,22.4,21.95,0.4,29.0
2010-03-09,27.5,69,15,21.0,23.56,0.0,30.0
2010-03-10,28.3,70,16,19.7,23.77,0.0,31.0
2010-03-11,28.1,67,17,19.9,22.1,0.0,31.0
2010-03-12,29.3,67,26,16.1,22.6,0.0,32.0
2010-03-13,29.5,76,21,16.2,22.34,0.6,32.0
2010-03-14,29.6,79,74,25.1,19.6,9.8,31.0
2010-03-15,25.7,85,95,27.7,11.15,8.7,26.0
2010-03-16,25.9,84,69,21.3,20.67,1.0,27.0
2010-03-17,23.1,86,79,21.9,14.38,1.6,24.0
2010-03-18,25.5,84,49,15.1,19.09,1.7,27.0
2010-03-19,26.9,85,59,12.3,20.46,3.7,29.0
2010-03-20,28.3,79,64,16.1,21.27,0.6,31.0
2010-03-21,27.2,84,59,19.3,17.8,12.3,29.0
2010-03-22,28.0,81,36,24.4,21.48,0.0,30.0
2010-03-23,28.5,84,53,12.6,21.01,4.7,29.0
2010-03-24,28.7,84,77,12.7,21.2,1.0,32.0
2010-03-25,28.2,85,70,13.4,19.87,3.0,29.0
2010-03-26,28.3,86,88,9.4,15.98,5.3,29.0
2010-03-27,28.2,87,91,10.7,18.0,9.9,30.0
2010-03-28,28.7,80,71,8.4,19.72,0.9,30.0
2010-03-29,28.3,85,90,15.7,18.27,14.6,29.0
2010-03-30,26.4,88,72,14.1,15.59,14.9,28.0
2010-03-31,25.2,86,82,16.5,16.81,1.1,26.0
2010-04-01,24.9,86,95,16.4,14.25,1.3,25.0
2010-04-02,25.9,83,98,13.2,17.23,0.2,27.0
2010-04-03,23.2,91,97,9.1,5.77,9.5,23.0
2010-04-04,25.2,88,74,16.2,12.73,7.3,27.0
2010-04-05,20.3,93,97,22.9,6.05,5.8,22.0
2010-04-06,17.5,94,98,24.9,3.86,25.9,17.0
2010-04-07,18.3,85,76,21.6,15.17,5.9,19.0
2010-04-08,18.8,83,75,24.1,15.4,4.4,20.0
2010-04-09,19.5,83,67,20.5,15.69,2.5,20.0
2010-04-10,19.3,85,66,15.8,14.54,1.5,21.0
2010-04-11,21.4,85,63,17.1,15.98,1.0,22.0
2010-04-12,22.3,84,49,15.0,19.04,0.0,23.0
2010-04-13,22.9,83,42,13.3,17.93,0.0,25.0
2010-04-14,24.1,81,37,12.1,19.11,0.0,26.0
2010-04-15,24.3,79,75,10.9,16.48,0.0,27.0
2010-04-16,25.4,78,27,11.3,17.22,0.0,28.0
2010-04-17,26.8,78,46,13.3,20.68,0.0,29.0
2010-04-18,25.8,73,61,15.5,21.15,0.0,27.0
2010-04-19,27.0,75,58,9.0,20.39,0.0,29.0
2010-04-20,27.8,72,40,11.8,20.22,0.0,29.0
2010-04-21,28.7,69,58,15.6,20.22,0.0,30.0
2010-04-22,28.9,68,90,20.8,19.85,0.0,30.0
2010-04-23,29.3,73,95,16.6,14.52,1.4,28.0
2010-04-24,22.4,89,97,15.9,5.25,1.7,23.0
2010-04-25,27.4,87,72,12.1,14.61,3.0,28.0
2010-04-26,28.3,71,57,21.5,19.39,0.0,30.0
2010-04-27,24.1,77,59,13.5,11.83,1.2,25.0
2010-04-28,23.0,87,89,18.0,9.66,0.1,23.0
2010-04-29,21.0,89,94,16.0,8.37,3.4,22.0
2010-04-30,20.7,86,69,12.7,10.16,1.5,23.0
2010-05-01,22.2,81,40,7.9,17.82,0.0,23.0
2010-05-02,24.2,80,45,8.8,17.85,0.0,25.0
2010-05-03,26.7,75,25,10.8,19.09,0.0,28.0
2010-05-04,27.1,68,71,16.9,18.51,0.0,28.0
2010-05-05,26.4,72,43,19.2,15.53,0.2,28.0
2010-05-06,27.4,81,58,15.3,15.54,0.0,28.0
2010-05-07,28.4,76,81,14.7,17.52,0.0,30.0
2010-05-08,24.9,86,79,17.9,10.2,11.5,24.0
2010-05-09,17.6,92,100,20.9,6.85,3.7,18.0
2010-05-10,18.5,83,70,19.5,12.28,0.1,19.0
2010-05-11,20.7,82,52,14.2,13.35,1.2,22.0
2010-05-12,17.1,74,22,26.5,15.34,0.2,19.0
2010-05-13,18.8,73,26,19.1,14.46,0.0,20.0
2010-05-14,19.3,88,82,9.9,7.11,0.0,20.0
2010-05-15,24.2,81,77,11.4,16.06,0.0,24.0
2010-05-16,25.9,77,87,10.5,16.19,0.0,26.0
2010-05-17,21.6,84,100,15.5,10.12,0.1,21.0
2010-05-18,24.5,83,92,17.4,11.8,4.9,22.0
2010-05-19,18.7,90,60,18.6,5.76,10.1,21.0
2010-05-20,17.5,75,39,16.6,12.87,0.0,18.0
2010-05-21,19.0,85,70,11.9,7.65,0.6,20.0
2010-05-22,21.0,87,79,10.8,11.21,0.2,23.0
2010-05-23,21.8,89,87,12.6,10.47,0.0,21.0
2010-05-24,25.0,83,98,11.3,14.4,0.0,23.0
2010-05-25,25.1,78,66,13.2,12.32,0.0,27.0
2010-05-26,22.5,85,72,15.5,12.45,0.1,22.0
2010-05-27,18.7,86,81,20.5,9.4,0.7,20.0
2010-05-28,19.8,86,83,12.5,9.49,0.0,20.0
2010-05-29,23.5,82,72,14.7,13.34,0.0,23.0
2010-05-30,25.0,63,36,23.2,15.95,0.0,26.0
2010-05-31,19.4,76,83,19.0,12.38,0.0,21.0
2010-06-01,17.0,84,77,19.8,9.34,1.3,16.0
2010-06-02,18.6,83,86,18.0,9.01,0.0,20.0
2010-06-03,19.7,84,77,15.8,8.69,0.0,21.0
2010-06-04,23.1,75,58,14.3,13.42,0.0,22.0
2010-06-05,20.7,83,70,23.5,8.98,4.1,22.0
2010-06-06,18.6,81,47,7.7,13.54,0.0,20.0
2010-06-07,19.9,76,33,8.9,15.6,0.0,21.0
2010-06-08,19.7,83,18,13.9,15.16,0.0,20.0
2010-06-09,18.2,85,76,13.9,12.74,0.0,19.0
2010-06-10,18.1,90,90,15.6,6.52,2.8,19.0
2010-06-11,16.4,88,84,16.7,8.38,0.6,18.0
2010-06-12,15.4,82,62,22.8,7.77,0.2,15.0
2010-06-13,16.6,81,19,16.2,13.65,0.0,18.0
2010-06-14,20.1,80,14,11.3,15.21,0.0,20.0
2010-06-15,22.8,70,29,11.5,15.13,0.0,23.0
2010-06-16,23.7,58,0,14.8,15.75,0.0,25.0
2010-06-17,25.1,55,34,21.4,15.24,0.0,27.0
2010-06-18,26.5,70,48,9.4,15.08,0.0,27.0
2010-06-19,26.4,48,12,24.7,15.71,0.0,28.0
2010-06-20,27.8,48,42,21.8,15.24,0.0,28.0
2010-06-21,24.4,79,64,14.8,12.54,0.0,24.0
2010-06-22,17.2,94,100,14.2,3.61,1.7,17.0
2010-06-23,19.8,84,63,17.2,10.61,0.0,19.0
2010-06-24,25.6,77,25,11.0,14.47,0.0,24.0
2010-06-25,25.6,71,0,10.5,15.04,0.0,26.0
2010-06-26,23.3,80,12,15.4,14.63,0.0,23.0
2010-06-27,24.3,69,16,10.3,15.36,0.0,24.0
2010-06-28,24.1,60,26,13.4,15.61,0.0,24.0
2010-06-29,21.4,84,56,13.4,12.36,0.0,22.0
2010-06-30,24.3,76,46,9.5,15.27,0.0,23.0
2010-07-01,23.8,78,53,12.2,15.34,0.0,23.0
2010-07-02,23.5,77,48,8.7,15.06,0.0,23.0
2010-07-03,24.0,74,46,9.0,15.21,0.0,23.0
2010-07-04,23.6,75,34,11.4,15.59,0.0,22.0
2010-07-05,24.4,71,27,11.2,15.47,0.0,24.0
2010-07-06,26.3,68,5,10.3,15.67,0.0,25.0
2010-07-07,24.6,62,26,14.3,15.07,0.0,25.0
2010-07-08,24.7,52,25,17.4,16.08,0.0,25.0
2010-07-09,25.4,71,53,14.8,14.84,0.0,24.0
2010-07-10,22.9,82,71,16.6,13.49,0.0,20.0
2010-07-11,25.0,75,56,13.7,13.41,0.0,25.0
2010-07-12,27.0,59,13,26.6,14.75,0.2,28.0
2010-07-13,22.9,76,70,23.8,7.94,18.6,21.0
2010-07-14,14.7,97,100,13.8,1.79,18.3,14.0
2010-07-15,16.7,97,100,18.7,3.1,13.5,16.0
2010-07-16,16.4,94,100,24.1,4.18,5.5,15.0
2010-07-17,18.5,93,99,20.9,5.83,1.1,19.0
2010-07-18,19.4,93,95,18.4,6.95,1.0,22.0
2010-07-19,23.9,81,58,15.1,13.78,0.0,25.0
2010-07-20,24.4,76,24,13.8,14.83,0.2,27.0
2010-07-21,25.3,77,30,12.1,16.01,0.0,27.0
2010-07-22,25.9,65,0,21.1,16.37,0.0,29.0
2010-07-23,24.0,80,37,15.7,14.32,0.3,28.0
2010-07-24,21.7,87,80,18.8,10.11,0.0,24.0
2010-07-25,23.5,74,30,14.8,16.95,0.0,25.0
2010-07-26,24.0,74,36,18.2,16.47,0.0,26.0
2010-07-27,20.0,89,91,17.4,9.08,0.7,19.0
2010-07-28,21.5,81,70,16.6,13.31,0.0,23.0
2010-07-29,24.3,74,59,8.7,14.93,0.0,26.0
2010-07-30,24.1,69,19,11.8,15.15,0.0,26.0
2010-07-31,24.6,65,0,21.1,17.43,0.0,27.0
2010-08-01,25.9,71,54,21.3,14.17,0.0,24.0
2010-08-02,16.2,92,100,18.4,4.31,0.2,19.0
2010-08-03,15.8,90,100,19.1,4.08,0.5,15.0
2010-08-04,14.8,89,100,17.9,4.22,1.8,14.0
2010-08-05,16.7,90,97,15.5,5.97,5.5,17.0
2010-08-06,15.4,82,86,12.7,10.22,0.0,16.0
2010-08-07,20.9,81,32,11.9,16.29,0.0,22.0
2010-08-08,25.9,68,38,18.1,18.14,0.0,27.0
2010-08-09,19.1,77,69,16.7,13.13,0.0,17.0
2010-08-10,19.6,85,79,15.1,11.88,0.0,18.0
2010-08-11,20.3,83,80,19.5,11.22,0.0,21.0
2010-08-12,24.9,70,16,13.0,18.81,0.0,27.0
2010-08-13,27.6,52,2,32.5,18.82,0.0,28.0
2010-08-14,15.8,82,74,16.3,7.46,0.0,15.0
2010-08-15,13.9,79,89,20.0,8.73,0.0,14.0
2010-08-16,15.7,78,61,20.9,12.59,0.1,17.0
2010-08-17,17.0,80,45,19.8,15.05,0.0,19.0
2010-08-18,21.1,74,3,16.4,20.32,0.0,21.0
2010-08-19,23.8,61,5,8.6,20.46,0.0,25.0
2010-08-20,25.1,58,34,11.0,20.44,0.0,29.0
2010-08-21,24.8,76,41,11.2,19.51,0.0,26.0
2010-08-22,27.0,69,33,11.6,20.54,0.0,27.0
2010-08-23,28.7,58,0,12.8,20.97,0.0,29.0
2010-08-24,29.3,43,0,19.3,21.18,0.0,30.0
2010-08-25,29.6,45,0,9.4,21.29,0.0,31.0
2010-08-26,29.9,47,0,13.8,21.42,0.0,30.0
2010-08-27,29.5,47,8,12.5,21.34,0.0,30.0
2010-08-28,29.4,67,17,16.3,21.19,0.0,29.0
2010-08-29,30.3,69,14,12.8,21.25,0.0,30.0
2010-08-30,25.2,76,26,20.6,20.28,0.0,22.0
2010-08-31,28.5,71,36,16.3,21.33,0.0,29.0
2010-09-01,29.1,53,2,15.1,22.05,0.0,28.0
2010-09-02,29.7,42,0,14.8,22.3,0.0,30.0
2010-09-03,30.7,55,20,12.0,22.05,0.0,31.0
2010-09-04,31.6,44,3,23.5,22.59,0.0,32.0
2010-09-05,22.3,71,81,22.1,9.04,0.0,19.0
2010-09-06,18.2,82,99,20.5,7.01,0.0,17.0
2010-09-07,19.3,91,99,14.8,7.77,14.2,17.0
2010-09-08,19.5,87,81,20.1,14.57,0.8,19.0
2010-09-09,20.8,80,76,19.1,15.0,0.0,21.0
2010-09-10,23.5,77,41,19.8,21.38,0.0,24.0
2010-09-11,28.1,60,0,13.6,23.81,0.0,29.0
2010-09-12,29.7,52,13,14.8,23.55,0.0,30.0
2010-09-13,30.5,45,69,13.8,23.78,0.0,31.0
2010-09-14,31.6,33,90,26.4,23.16,0.0,31.0
2010-09-15,24.1,70,92,18.7,16.1,0.0,21.0
2010-09-16,25.5,80,81,18.5,16.12,0.0,24.0
2010-09-17,31.6,70,58,16.0,20.47,0.0,31.0
2010-09-18,18.1,82,100,23.4,6.84,0.4,17.0
2010-09-19,18.5,79,100,23.1,8.95,0.0,19.0
2010-09-20,26.9,77,67,16.4,21.47,0.0,24.0
2010-09-21,30.6,71,36,11.9,23.0,0.0,28.0
2010-09-22,31.7,63,32,21.6,23.08,1.6,31.0
2010-09-23,32.0,59,46,11.0,23.4,0.0,30.0
2010-09-24,27.4,69,94,15.5,13.39,4.2,21.0
2010-09-25,24.6,79,74,20.6,16.23,0.5,24.0
2010-09-26,18.5,93,100,16.5,2.82,26.4,20.0
2010-09-27,23.5,83,96,11.8,10.32,14.1,22.0
2010-09-28,21.5,91,100,10.2,7.48,11.3,23.0
2010-09-29,22.8,89,99,6.6,7.48,3.8,25.0
2010-09-30,25.7,87,82,16.6,14.17,6.3,24.0
2010-10-01,24.9,91,87,12.3,11.83,13.3,22.0
2010-10-02,25.3,91,99,26.3,10.87,28.3,24.0
2010-10-03,16.2,90,100,20.4,4.34,5.2,17.0
2010-10-04,20.8,87,95,17.0,10.13,2.9,18.0
2010-10-05,20.5,93,91,18.4,8.05,11.5,24.0
2010-10-06,26.6,83,57,14.1,22.92,0.0,28.0
2010-10-07,28.2,82,95,31.3,19.63,7.8,27.0
2010-10-08,22.6,72,43,29.0,25.87,1.8,25.0
2010-10-09,17.7,83,79,21.7,12.49,0.5,18.0
2010-10-10,18.1,81,76,18.2,16.01,0.0,18.0
2010-10-11,17.8,82,77,18.3,15.18,0.1,15.0
2010-10-12,17.6,77,73,19.5,21.77,0.0,19.0
2010-10-13,21.3,79,80,18.3,25.88,0.0,23.0
2010-10-14,26.8,83,79,16.6,22.31,0.0,28.0
2010-10-15,26.8,83,99,21.3,18.15,2.3,26.0
2010-10-16,27.2,82,96,13.7,20.29,2.1,30.0
2010-10-17,25.4,90,96,18.3,16.75,3.3,28.0
2010-10-18,18.4,91,100,20.6,6.26,6.5,20.0
2010-10-19,20.2,79,54,17.1,21.68,0.0,22.0
2010-10-20,22.4,77,6,15.5,29.41,0.0,24.0
2010-10-21,26.1,80,29,17.9,27.93,0.0,28.0
2010-10-22,28.3,82,73,18.0,25.53,0.0,30.0
2010-10-23,23.2,91,95,21.1,8.03,14.8,26.0
2010-10-24,22.7,90,92,16.7,11.51,7.2,21.0
2010-10-25,26.4,84,69,15.8,21.77,0.3,30.0
2010-10-26,20.9,91,94,20.6,14.63,3.9,24.0
2010-10-27,20.7,81,83,19.1,17.76,0.0,22.0
2010-10-28,25.6,76,9,12.2,29.52,0.0,28.0
2010-10-29,30.5,73,21,13.2,29.56,0.0,32.0
2010-10-30,30.3,76,93,23.1,18.93,11.7,22.0
2010-10-31,24.8,85,91,12.2,18.82,3.4,25.0
2010-11-01,22.3,91,97,17.5,13.58,1.8,22.0
2010-11-02,23.4,79,82,13.5,23.61,0.0,26.0
2010-11-03,24.4,80,48,17.3,26.2,0.0,27.0
2010-11-04,27.0,79,33,13.9,23.35,1.0,29.0
2010-11-05,29.1,72,64,21.6,26.41,8.2,31.0
2010-11-06,20.2,91,86,19.8,8.25,39.5,20.0
2010-11-07,25.1,79,36,17.3,23.77,0.0,27.0
2010-11-08,28.5,77,35,13.4,26.97,0.0,32.0
2010-11-09,28.8,76,42,18.1,27.77,1.5,32.0
2010-11-10,23.4,88,98,26.7,12.09,22.6,23.0
2010-11-11,17.5,85,100,21.5,9.46,1.3,17.0
2010-11-12,18.9,86,100,19.2,8.79,1.3,18.0
2010-11-13,18.9,89,98,19.6,10.21,10.2,18.0
2010-11-14,21.1,84,81,17.3,15.99,0.3,21.0
2010-11-15,23.3,83,85,19.6,20.47,1.0,25.0
2010-11-16,20.8,92,99,16.0,5.88,31.2,18.0
2010-11-17,23.2,86,76,13.8,17.97,4.6,27.0
2010-11-18,25.0,76,38,27.4,26.69,0.2,27.0
2010-11-19,27.8,72,38,16.3,30.45,0.0,30.0
2010-11-20,30.5,72,94,10.5,26.87,0.0,31.0
2010-11-21,28.1,82,94,13.8,24.02,2.3,31.0
2010-11-22,25.6,87,98,12.6,13.07,14.8,28.0
2010-11-23,23.9,92,91,18.0,14.3,2.7,24.0
2010-11-24,26.2,84,90,14.1,20.31,0.7,29.0
2010-11-25,27.3,85,90,13.8,21.37,11.1,32.0
2010-11-26,25.5,87,79,18.3,20.25,3.9,28.0
2010-11-27,25.9,83,56,16.7,25.44,0.3,27.0
2010-11-28,29.3,77,47,13.3,30.68,0.0,32.0
2010-11-29,29.7,74,87,22.9,25.05,1.1,32.0
2010-11-30,27.4,80,99,19.3,14.76,4.8,29.0
2010-12-01,25.8,89,85,19.2,19.27,1.9,28.0
2010-12-02,27.7,85,87,17.0,16.45,6.1,30.0
2010-12-03,28.5,84,94,24.7,21.92,6.1,31.0
2010-12-04,27.7,86,81,19.5,21.01,0.2,30.0
2010-12-05,29.4,87,87,17.0,19.7,13.7,31.0
2010-12-06,25.5,87,86,18.2,17.31,3.4,26.0
2010-12-07,26.7,89,91,11.3,17.59,6.2,28.0
2010-12-08,29.3,84,94,20.4,23.17,11.8,31.0
2010-12-09,23.9,88,60,22.1,20.35,2.6,25.0
2010-12-10,27.4,80,66,17.3,22.54,0.0,28.0
2010-12-11,29.7,80,79,14.3,25.08,1.1,33.0
2010-12-12,29.7,80,69,21.9,26.06,9.5,32.0
2010-12-13,30.4,83,99,22.4,20.28,33.9,29.0
2010-12-14,19.6,96,100,18.3,4.52,27.4,20.0
2010-12-15,20.5,92,100,21.3,6.38,6.4,21.0
2010-12-16,23.1,94,100,14.6,6.57,18.9,25.0
2010-12-17,27.7,85,85,23.4,18.63,4.2,28.0
2010-12-18,23.0,88,86,17.4,10.28,10.5,24.0
2010-12-19,25.9,85,67,13.0,21.64,4.0,30.0
2010-12-20,28.8,81,55,11.3,24.89,0.8,32.0
2010-12-21,29.5,81,71,11.5,23.94,0.6,32.0
2010-12-22,26.8,87,97,10.4,15.17,16.7,29.0
2010-12-23,25.6,89,98,10.9,13.76,21.7,26.0
2010-12-24,25.6,88,73,16.8,17.99,12.3,27.0
2010-12-25,27.6,83,57,10.7,24.62,2.7,30.0
2010-12-26,26.5,90,94,14.0,14.76,20.2,28.0
2010-12-27,24.1,88,84,19.6,13.62,1.4,24.0
2010-12-28,24.1,85,77,19.1,18.79,0.2,26.0
2010-12-29,25.1,81,66,21.1,26.91,0.0,27.0
2010-12-30,23.9,81,70,20.7,22.45,0.1,24.0
2010-12-31,23.6,83,60,16.8,18.0,0.0,24.0
2011-01-01,22.5,90,99,14.8,8.87,4.1,24.0
2011-01-02,21.3,97,100,10.9,4.29,60.4,21.0
2011-01-03,23.2,89,97,10.9,9.95,26.8,22.0
2011-01-04,23.2,92,99,12.7,6.77,44.0,26.0
2011-01-05,28.1,85,96,25.0,19.23,4.9,29.0
2011-01-06,27.8,83,95,19.8,19.89,1.9,29.0
2011-01-07,25.2,89,99,18.5,10.98,17.2,28.0
2011-01-08,26.7,87,99,11.3,15.64,17.5,28.0
2011-01-09,28.5,80,70,17.8,26.43,5.9,30.0
2011-01-10,27.4,83,89,19.2,20.31,13.4,29.0
2011-01-11,24.1,92,98,14.2,8.68,46.3,28.0
2011-01-12,26.2,87,100,26.0,16.19,10.5,28.0
2011-01-13,24.8,89,99,23.0,12.08,4.8,26.0
2011-01-14,26.0,90,92,17.0,15.44,17.3,27.0
2011-01-15,26.2,87,73,17.1,20.6,2.6,28.0
2011-01-16,28.0,84,85,11.4,21.82,4.4,28.0
2011-01-17,25.7,86,85,19.6,11.41,3.0,27.0
2011-01-18,28.2,84,89,12.0,13.76,4.5,30.0
2011-01-19,28.8,81,98,17.8,20.5,1.3,30.0
2011-01-20,28.6,83,99,16.5,20.29,5.1,26.0
2011-01-21,28.8,82,92,12.7,23.93,2.4,30.0
2011-01-22,28.7,85,97,11.7,23.39,4.6,32.0
2011-01-23,28.9,85,84,12.9,23.58,4.8,31.0
2011-01-24,27.7,87,66,12.7,23.38,3.7,31.0
2011-01-25,28.2,84,54,9.8,23.66,3.3,31.0
2011-01-26,28.2,82,75,13.3,21.96,2.9,31.0
2011-01-27,29.8,73,51,16.4,27.62,1.3,32.0
2011-01-28,30.4,70,20,11.5,27.55,0.3,33.0
2011-01-29,30.7,74,36,8.9,26.79,1.9,33.0
2011-01-30,28.8,86,79,10.2,20.85,4.8,31.0
2011-01-31,29.3,85,89,8.7,20.18,5.3,31.0
2011-02-01,28.5,79,94,15.1,21.41,0.4,28.0
2011-02-02,27.4,82,98,10.9,15.8,8.5,28.0
2011-02-03,26.1,86,93,9.2,11.64,5.0,24.0
2011-02-04,29.1,77,89,10.8,19.16,0.5,28.0
2011-02-05,29.8,71,61,11.2,25.39,0.3,32.0
2011-02-06,29.8,70,68,13.2,21.88,0.4,32.0
2011-02-07,29.9,81,88,10.7,20.97,4.1,31.0
2011-02-08,29.3,72,66,14.1,23.95,0.4,31.0
2011-02-09,30.1,66,69,17.6,25.9,0.0,32.0
2011-02-10,28.0,76,99,14.8,14.76,1.5,32.0
2011-02-11,27.4,81,96,7.1,16.12,1.2,31.0
2011-02-12,30.5,77,51,12.8,24.65,4.8,32.0
2011-02-13,30.2,76,57,13.8,24.42,1.2,31.0
2011-02-14,27.1,84,99,10.4,14.62,8.5,30.0
2011-02-15,26.9,91,98,10.5,12.3,20.0,27.0
2011-02-16,27.2,88,83,12.9,17.41,27.4,28.0
2011-02-17,26.0,88,66,11.9,17.43,11.4,28.0
2011-02-18,27.1,87,69,13.1,20.75,6.2,29.0
2011-02-19,28.3,81,67,11.8,22.97,0.0,31.0
2011-02-20,28.1,86,52,11.8,23.13,2.2,31.0
2011-02-21,28.8,85,65,11.3,23.14,7.7,31.0
2011-02-22,29.2,82,80,17.1,23.46,1.1,32.0
2011-02-23,27.4,86,93,15.3,17.7,16.0,29.0
2011-02-24,26.1,88,90,14.6,14.77,6.0,28.0
2011-02-25,27.9,84,54,16.4,23.26,0.6,30.0
2011-02-26,27.3,84,81,14.4,17.49,3.5,30.0
2011-02-27,26.6,89,95,15.0,13.1,8.5,29.0
2011-02-28,24.6,93,100,12.4,10.44,21.8,25.0
2011-03-01,24.0,92,99,12.7,10.61,19.5,24.0
2011-03-02,22.5,94,100,20.8,6.69,19.4,21.0
2011-03-03,20.0,94,100,20.5,5.0,11.5,21.0
2011-03-04,20.3,95,99,13.6,6.08,11.5,22.0
2011-03-05,19.1,95,100,15.4,3.58,9.3,21.0
2011-03-06,22.4,87,85,19.1,12.87,3.0,24.0
2011-03-07,23.7,87,92,17.7,15.85,4.6,21.0
2011-03-08,24.2,86,89,12.0,15.51,0.7,23.0
2011-03-09,24.5,89,81,18.4,16.73,1.6,26.0
2011-03-10,26.3,84,84,21.3,19.31,1.5,28.0
2011-03-11,26.5,84,85,18.2,19.05,0.7,29.0
2011-03-12,24.5,90,96,10.6,10.33,8.5,23.0
2011-03-13,25.1,93,87,9.0,9.63,19.8,27.0
2011-03-14,25.9,89,81,16.3,17.24,8.9,28.0
2011-03-15,22.3,92,92,24.9,9.78,3.1,23.0
2011-03-16,21.6,89,99,17.4,8.4,1.4,21.0
2011-03-17,24.9,86,84,14.3,12.55,0.6,25.0
2011-03-18,26.4,85,85,9.2,17.08,1.3,28.0
2011-03-19,22.8,93,98,19.6,12.01,6.4,21.0
2011-03-20,21.2,94,100,22.3,3.94,4.9,22.0
2011-03-21,23.8,88,76,20.6,16.56,3.0,25.0
2011-03-22,25.1,85,96,16.2,15.99,3.0,25.0
2011-03-23,24.7,82,94,8.4,14.3,2.1,26.0
2011-03-24,26.1,80,50,12.5,20.09,4.7,28.0
2011-03-25,27.2,83,70,12.4,19.44,6.7,30.0
2011-03-26,28.1,80,61,9.9,20.34,0.2,31.0
2011-03-27,28.4,84,97,9.1,16.18,4.9,31.0
2011-03-28,28.8,86,98,9.8,18.26,3.3,30.0
2011-03-29,25.7,91,98,18.7,11.38,7.8,26.0
2011-03-30,25.0,91,94,23.5,11.51,7.5,22.0
2011-03-31,23.1,89,92,16.3,11.87,1.3,26.0
2011-04-01,24.7,87,89,12.9,13.42,0.4,29.0
2011-04-02,26.6,87,99,10.1,15.5,8.0,29.0
2011-04-03,22.8,95,100,12.5,6.86,13.8,21.0
2011-04-04,24.3,89,91,12.1,10.22,10.6,23.0
2011-04-05,25.2,90,86,15.0,16.36,9.2,25.0
2011-04-06,25.6,83,60,14.2,20.7,0.0,27.0
2011-04-07,23.4,85,76,16.1,15.71,0.1,25.0
2011-04-08,25.5,80,65,12.6,17.47,0.0,26.0
2011-04-09,23.3,89,79,17.6,14.82,2.7,26.0
2011-04-10,23.3,88,76,13.6,13.77,15.0,23.0
2011-04-11,25.1,82,31,18.9,17.89,1.5,28.0
2011-04-12,27.1,79,67,17.4,18.57,3.2,30.0
2011-04-13,25.4,83,80,24.6,11.9,3.3,25.0
2011-04-14,27.4,82,31,7.4,18.3,0.0,30.0
2011-04-15,28.0,82,44,11.2,19.58,0.0,29.0
2011-04-16,27.4,84,59,10.0,17.56,0.3,30.0
2011-04-17,26.8,83,66,12.2,18.21,0.1,28.0
2011-04-18,27.3,82,64,11.6,17.22,0.1,30.0
2011-04-19,24.8,85,66,14.3,14.85,1.3,25.0
2011-04-20,25.0,85,52,14.0,16.74,0.3,27.0
2011-04-21,26.1,76,26,14.3,18.87,0.1,28.0
2011-04-22,27.0,71,21,8.2,18.31,0.0,30.0
2011-04-23,26.8,74,84,10.3,17.62,0.0,29.0
2011-04-24,22.1,91,95,18.7,8.72,0.9,22.0
2011-04-25,23.4,90,93,15.1,10.84,5.2,25.0
2011-04-26,20.1,87,77,21.3,10.9,0.6,20.0
2011-04-27,19.3,83,72,20.3,8.82,3.1,20.0
2011-04-28,19.3,89,99,11.9,8.14,8.8,19.0
2011-04-29,23.7,86,53,8.5,15.96,3.0,24.0
2011-04-30,25.2,78,51,16.1,18.21,0.0,27.0
2011-05-01,24.0,77,38,22.5,14.6,4.4,26.0
2011-05-02,19.6,93,76,16.1,5.35,3.2,21.0
2011-05-03,18.6,83,59,14.3,12.48,0.0,20.0
2011-05-04,21.5,85,52,12.4,15.27,0.0,23.0
2011-05-05,25.4,82,24,14.4,17.87,0.0,27.0
2011-05-06,25.5,78,37,11.3,17.19,0.0,27.0
2011-05-07,22.2,85,70,10.1,14.07,0.0,24.0
2011-05-08,25.5,79,61,12.9,17.9,0.0,26.0
2011-05-09,22.6,85,56,14.1,12.29,1.8,22.0
2011-05-10,22.2,87,72,13.8,10.81,0.0,24.0
2011-05-11,24.9,83,87,9.8,14.11,0.0,27.0
2011-05-12,23.4,86,84,13.8,15.12,0.0,24.0
2011-05-13,21.0,88,92,14.8,11.11,2.0,19.0
2011-05-14,18.7,88,81,12.8,7.73,0.0,20.0
2011-05-15,22.9,87,81,22.4,14.36,6.6,25.0
2011-05-16,17.3,89,87,21.8,9.93,2.5,20.0
2011-05-17,15.9,83,71,17.7,8.37,0.6,16.0
2011-05-18,18.1,83,70,15.0,12.42,0.0,19.0
2011-05-19,20.1,82,62,11.1,12.81,0.9,22.0
2011-05-20,20.7,87,66,12.5,13.6,0.1,21.0
2011-05-21,21.0,84,51,13.5,15.21,0.0,22.0
2011-05-22,22.2,77,25,13.7,16.92,0.0,24.0
2011-05-23,22.2,69,7,17.6,17.1,0.0,24.0
2011-05-24,22.1,74,50,9.3,13.62,0.0,23.0
2011-05-25,24.0,76,65,14.0,15.92,0.0,25.0
2011-05-26,23.5,73,79,14.2,11.49,0.0,24.0
2011-05-27,17.6,90,96,12.4,4.41,0.2,18.0
2011-05-28,16.8,84,80,15.5,9.81,0.4,16.0
2011-05-29,17.0,79,33,12.5,15.87,0.0,18.0
2011-05-30,17.3,87,62,11.5,10.21,0.0,18.0
2011-05-31,21.9,85,68,10.8,12.36,0.0,20.0
2011-06-01,20.4,80,37,11.0,16.07,0.0,21.0
2011-06-02,22.7,83,57,9.4,14.58,0.0,22.0
2011-06-03,22.1,82,89,19.8,8.41,0.0,24.0
2011-06-04,19.5,86,43,20.3,12.48,0.9,20.0
2011-06-05,15.6,80,45,11.5,12.45,0.0,16.0
2011-06-06,21.9,74,60,11.6,15.53,0.0,21.0
2011-06-07,24.7,70,70,38.5,13.24,11.6,26.0
2011-06-08,17.8,74,25,29.5,14.4,0.0,18.0
2011-06-09,15.7,85,77,17.8,3.52,12.1,13.0
2011-06-10,19.0,85,85,10.0,11.48,2.0,18.0
2011-06-11,17.4,83,44,10.7,15.5,0.0,18.0
2011-06-12,20.4,82,10,11.7,15.57,0.0,21.0
2011-06-13,22.2,80,31,12.2,14.87,0.0,24.0
2011-06-14,17.2,90,89,16.6,6.77,0.1,18.0
2011-06-15,19.2,85,49,15.5,11.71,0.0,20.0
2011-06-16,20.6,80,38,9.8,14.99,0.0,21.0
2011-06-17,21.3,71,0,16.3,15.57,0.0,23.0
2011-06-18,21.9,74,2,10.8,15.14,0.0,24.0
2011-06-19,22.8,79,72,7.8,14.21,0.0,24.0
2011-06-20,24.1,70,38,15.7,15.05,0.0,26.0
2011-06-21,24.6,70,59,21.7,14.81,0.0,27.0
2011-06-22,21.6,88,78,11.5,10.65,0.0,21.0
2011-06-23,22.8,84,61,13.6,13.77,0.0,24.0
2011-06-24,24.5,84,60,8.9,13.97,0.0,22.0
2011-06-25,24.5,82,68,8.4,13.67,0.0,23.0
2011-06-26,24.1,82,77,24.7,10.75,10.5,24.0
2011-06-27,14.3,80,63,21.3,7.01,7.6,14.0
2011-06-28,16.6,62,19,9.6,16.14,0.0,17.0
2011-06-29,22.7,74,76,13.6,15.08,0.0,21.0
2011-06-30,24.8,80,73,9.8,13.73,0.0,22.0
2011-07-01,24.0,86,93,11.0,12.01,0.4,25.0
2011-07-02,23.8,86,94,7.6,11.94,0.9,22.0
2011-07-03,22.3,88,97,18.1,10.16,5.7,20.0
2011-07-04,12.8,90,100,14.8,2.82,1.0,16.0
2011-07-05,20.3,81,86,19.2,9.59,0.1,20.0
2011-07-06,19.6,83,81,11.8,10.26,3.3,19.0
2011-07-07,16.2,91,97,10.0,5.2,0.0,15.0
2011-07-08,16.1,80,23,12.1,15.68,0.0,17.0
2011-07-09,19.5,81,16,10.1,15.74,0.0,20.0
2011-07-10,24.2,73,50,15.3,15.25,0.0,25.0
2011-07-11,25.7,75,20,8.6,14.97,0.0,27.0
2011-07-12,25.4,77,60,7.9,14.43,0.0,26.0
2011-07-13,25.0,72,30,9.7,14.38,0.0,26.0
2011-07-14,24.1,76,22,8.2,14.01,0.0,25.0
2011-07-15,24.7,76,38,8.3,14.9,0.0,26.0
2011-07-16,25.2,61,0,16.9,16.19,0.0,27.0
2011-07-17,26.5,67,28,12.5,15.66,0.0,27.0
2011-07-18,26.6,77,56,13.5,13.84,3.1,25.0
2011-07-19,23.6,86,58,10.5,13.34,3.0,25.0
2011-07-20,27.2,76,38,12.1,15.48,0.0,26.0
2011-07-21,26.1,64,18,23.3,16.18,0.0,27.0
2011-07-22,18.3,92,97,16.5,4.29,8.2,21.0
2011-07-23,16.8,90,99,19.6,4.44,0.2,18.0
2011-07-24,20.4,83,75,19.1,11.29,0.0,20.0
2011-07-25,22.1,80,37,11.8,15.43,0.0,21.0
2011-07-26,23.0,70,10,17.3,16.02,0.0,25.0
2011-07-27,22.5,77,39,13.2,14.21,0.0,24.0
2011-07-28,24.1,71,56,13.2,16.4,0.0,26.0
2011-07-29,24.9,57,37,25.1,16.44,0.0,27.0
2011-07-30,26.2,60,83,19.7,13.42,1.4,23.0
2011-07-31,23.1,84,98,12.3,9.46,5.1,20.0
2011-08-01,24.8,87,100,16.6,9.73,0.0,20.0
2011-08-02,20.7,76,61,41.5,14.86,0.0,23.0
2011-08-03,15.0,71,61,24.9,4.17,0.7,21.0
2011-08-04,15.5,62,1,19.9,18.92,0.0,16.0
2011-08-05,19.3,73,15,13.7,17.27,0.0,20.0
2011-08-06,27.0,74,68,16.8,16.19,0.0,29.0
2011-08-07,28.8,67,24,8.0,17.65,0.4,30.0
2011-08-08,28.8,69,47,17.7,15.05,0.0,30.0
2011-08-09,28.5,78,83,18.0,12.28,4.2,23.0
2011-08-10,20.0,87,83,21.0,9.72,1.2,19.0
2011-08-11,22.0,78,65,19.1,14.73,0.0,23.0
2011-08-12,26.4,70,19,12.4,19.07,0.0,28.0
2011-08-13,28.3,58,1,18.7,19.35,0.0,29.0
2011-08-14,22.9,73,62,18.4,15.66,0.0,19.0
2011-08-15,26.2,78,58,19.2,17.33,0.0,26.0
2011-08-16,27.8,54,16,17.5,19.87,0.0,29.0
2011-08-17,28.4,45,14,18.3,19.79,0.0,30.0
2011-08-18,25.6,77,57,16.0,16.98,0.0,26.0
2011-08-19,29.6,47,67,26.1,15.12,0.0,30.0
2011-08-20,22.7,77,100,18.1,2.55,12.7,26.0
2011-08-21,11.8,88,100,20.9,2.03,4.6,12.0
2011-08-22,13.8,91,100,16.6,3.37,4.2,13.0
2011-08-23,22.2,90,95,11.8,7.59,1.5,19.0
2011-08-24,20.9,90,94,13.8,10.5,0.0,21.0
2011-08-25,26.8,76,65,16.0,17.65,0.0,27.0
2011-08-26,23.0,84,96,16.2,15.58,0.2,22.0
2011-08-27,24.7,78,51,16.6,19.74,0.0,27.0
2011-08-28,29.2,61,12,18.4,20.49,0.0,31.0
2011-08-29,30.7,52,2,19.4,20.43,0.0,32.0
2011-08-30,31.8,56,24,19.3,19.48,0.0,33.0
2011-08-31,18.3,90,85,20.5,4.95,17.9,19.0
2011-09-01,17.2,78,20,16.4,21.89,0.0,18.0
2011-09-02,15.2,76,14,18.1,20.41,0.0,16.0
2011-09-03,21.9,74,3,16.6,22.87,0.0,23.0
2011-09-04,27.7,65,0,8.9,23.1,0.0,29.0
2011-09-05,29.6,51,0,20.4,23.25,0.0,31.0
2011-09-06,21.6,77,62,19.3,16.57,0.0,21.0
2011-09-07,23.5,83,93,15.7,17.89,0.0,25.0
2011-09-08,31.7,59,89,15.1,21.84,0.0,32.0
2011-09-09,29.3,58,46,23.6,19.74,0.0,30.0
2011-09-10,24.5,82,88,15.8,11.58,0.0,24.0
2011-09-11,25.3,81,93,18.4,17.53,1.2,23.0
2011-09-12,22.5,77,55,16.9,18.5,0.0,20.0
2011-09-13,28.7,77,64,17.6,22.47,0.0,29.0
2011-09-14,18.9,82,97,22.8,7.61,1.0,17.0
2011-09-15,21.9,81,90,18.7,10.34,0.0,21.0
2011-09-16,23.9,76,86,16.9,16.46,0.0,22.0
2011-09-17,25.0,74,54,20.8,20.18,0.0,23.0
2011-09-18,25.4,73,61,17.7,23.84,0.0,26.0
2011-09-19,26.9,71,15,15.0,24.38,0.0,27.0
2011-09-20,29.5,58,24,12.9,24.67,0.0,29.0
2011-09-21,25.3,77,58,18.7,18.77,1.0,22.0
2011-09-22,26.7,78,65,15.6,20.77,0.0,26.0
2011-09-23,32.6,71,97,21.8,21.85,2.1,33.0
2011-09-24,22.0,80,92,23.8,15.2,4.0,21.0
2011-09-25,18.8,78,72,23.5,12.92,0.0,18.0
2011-09-26,24.8,74,39,18.6,24.29,0.0,24.0
2011-09-27,25.5,77,39,16.5,23.89,0.0,26.0
2011-09-28,24.7,75,32,18.4,24.78,0.0,23.0
2011-09-29,30.6,70,12,12.3,26.11,0.0,31.0
2011-09-30,33.5,61,15,15.3,26.08,0.0,32.0
2011-10-01,34.8,51,32,18.2,24.17,0.1,34.0
2011-10-02,26.7,78,92,17.3,12.61,20.6,27.0
2011-10-03,22.9,85,76,17.2,16.07,2.2,24.0
2011-10-04,19.8,82,85,20.1,12.95,0.6,20.0
2011-10-05,25.8,75,78,19.9,21.03,0.2,29.0
2011-10-06,26.9,74,73,14.7,21.83,0.3,29.0
2011-10-07,27.8,78,34,20.0,25.99,0.0,31.0
2011-10-08,28.6,69,39,13.3,22.15,0.0,31.0
2011-10-09,29.9,71,87,14.0,19.25,3.6,24.0
2011-10-10,27.9,76,67,21.8,20.74,0.0,29.0
2011-10-11,24.5,89,87,17.7,14.42,3.6,25.0
2011-10-12,24.9,83,94,16.4,17.63,0.0,27.0
2011-10-13,26.0,81,100,23.0,12.12,5.2,23.0
2011-10-14,23.7,87,100,31.4,9.11,6.7,24.0
2011-10-15,20.5,97,100,18.4,3.13,35.8,19.0
2011-10-16,21.0,96,100,15.5,4.73,9.1,18.0
2011-10-17,18.6,90,97,22.6,7.32,3.1,18.0
2011-10-18,20.7,78,56,23.3,22.41,0.0,20.0
2011-10-19,20.5,80,77,20.7,20.54,0.0,21.0
2011-10-20,20.4,81,68,18.6,19.75,0.0,19.0
2011-10-21,21.3,76,53,20.6,23.6,0.0,22.0
2011-10-22,23.5,75,88,13.4,21.33,0.0,25.0
2011-10-23,24.6,74,43,15.2,23.1,0.2,27.0
2011-10-24,26.5,75,34,9.8,23.82,0.2,28.0
2011-10-25,27.3,73,60,16.8,23.07,4.4,31.0
2011-10-26,26.2,75,62,29.3,21.88,0.0,26.0
2011-10-27,28.7,68,43,20.9,25.91,0.0,30.0
2011-10-28,28.3,71,25,18.0,24.81,0.6,31.0
2011-10-29,30.4,76,57,14.9,26.55,1.7,31.0
2011-10-30,23.3,86,100,23.9,14.14,9.4,26.0
2011-10-31,16.3,81,89,18.7,6.53,3.4,17.0
2011-11-01,17.2,77,52,20.3,17.56,0.1,19.0
2011-11-02,18.7,77,55,20.5,20.39,0.0,19.0
2011-11-03,20.0,79,55,20.5,20.42,0.0,21.0
2011-11-04,24.1,77,28,18.2,27.3,0.0,24.0
2011-11-05,27.1,78,32,18.5,28.59,0.2,30.0
2011-11-06,26.7,81,93,15.1,20.46,0.2,27.0
2011-11-07,25.8,76,57,17.1,25.89,0.0,26.0
2011-11-08,26.5,74,14,19.7,29.91,0.0,28.0
2011-11-09,27.9,69,34,13.5,24.96,0.0,31.0
2011-11-10,28.5,64,44,9.7,21.81,0.0,31.0
2011-11-11,28.2,80,84,20.0,21.02,2.6,27.0
2011-11-12,26.9,81,78,21.5,23.39,1.3,25.0
2011-11-13,23.5,86,99,15.8,13.0,9.8,25.0
2011-11-14,21.6,95,100,14.2,6.07,43.4,22.0
2011-11-15,19.9,98,99,15.8,4.29,47.1,20.0
2011-11-16,17.3,91,90,21.3,6.94,13.1,18.0
2011-11-17,21.1,80,48,16.1,22.13,0.0,21.0
2011-11-18,22.2,82,58,20.8,24.84,0.0,21.0
2011-11-19,18.9,86,77,18.2,8.97,0.5,20.0
2011-11-20,23.9,78,49,18.2,24.44,0.0,27.0
2011-11-21,27.6,75,85,14.5,26.2,0.0,29.0
2011-11-22,25.4,82,87,33.9,16.3,22.2,25.0
2011-11-23,22.3,85,75,18.7,21.89,4.1,22.0
2011-11-24,24.3,79,25,13.2,24.22,0.0,26.0
2011-11-25,25.7,82,48,15.3,26.72,0.1,29.0
2011-11-26,27.9,82,89,15.6,22.21,0.9,30.0
2011-11-27,24.7,88,80,16.0,19.44,13.2,26.0
2011-11-28,25.2,87,75,15.1,19.57,11.3,26.0
2011-11-29,25.5,85,85,12.2,20.94,12.3,27.0
2011-11-30,26.8,80,50,23.8,25.11,5.6,29.0
2011-12-01,25.6,87,61,25.5,17.86,23.1,28.0
2011-12-02,19.6,90,93,18.7,7.63,4.2,18.0
2011-12-03,20.9,83,72,19.4,14.59,0.0,22.0
2011-12-04,24.2,84,85,15.5,15.65,1.6,26.0
2011-12-05,25.2,85,83,17.9,19.79,1.9,26.0
2011-12-06,25.2,87,95,15.8,17.63,1.7,24.0
2011-12-07,26.3,87,95,11.8,15.75,15.8,29.0
2011-12-08,27.1,85,81,13.8,20.31,16.1,29.0
2011-12-09,24.8,93,100,14.2,9.77,28.4,25.0
2011-12-10,21.3,90,86,16.5,11.9,2.4,20.0
2011-12-11,23.7,82,66,14.9,21.53,0.0,25.0
2011-12-12,27.6,76,44,11.9,30.87,0.0,30.0
2011-12-13,29.5,73,46,10.6,28.66,0.3,31.0
2011-12-14,28.6,80,78,19.3,24.72,10.1,30.0
2011-12-15,23.4,88,75,20.7,13.51,16.8,27.0
2011-12-16,26.9,69,22,24.9,29.27,0.0,29.0
2011-12-17,27.3,67,44,23.0,26.96,0.0,30.0
2011-12-18,28.0,74,24,19.6,28.37,2.2,30.0
2011-12-19,27.9,70,21,21.1,28.97,0.0,30.0
2011-12-20,27.7,66,25,20.4,25.78,0.1,31.0
2011-12-21,29.5,62,14,9.1,29.44,0.0,31.0
2011-12-22,29.9,60,24,11.5,28.62,0.2,32.0
2011-12-23,29.8,63,32,11.6,27.72,0.0,32.0
2011-12-24,30.1,75,66,15.6,26.59,14.0,31.0
2011-12-25,26.1,87,81,21.7,20.66,4.5,26.0
2011-12-26,22.7,86,77,19.8,18.0,4.3,21.0
2011-12-27,23.8,81,54,16.2,20.02,0.0,25.0
2011-12-28,25.0,83,53,18.2,21.45,0.1,26.0
2011-12-29,21.6,84,80,15.9,12.54,0.0,21.0
2011-12-30,24.3,85,64,16.3,18.87,2.3,27.0
2011-12-31,24.2,89,99,14.9,12.61,22.0,
2012-01-01,23.1,92,94,19.6,10.36,14.7,23.0
2012-01-02,23.3,82,70,17.8,19.5,0.1,24.0
2012-01-03,26.2,81,44,13.7,28.03,0.5,29.0
2012-01-04,27.6,79,42,14.2,27.21,0.0,30.0
2012-01-05,26.5,82,48,13.0,26.79,0.7,28.0
2012-01-06,27.6,82,79,12.9,23.7,7.6,28.0
2012-01-07,27.3,83,61,12.8,24.62,6.2,29.0
2012-01-08,24.2,89,87,17.1,16.99,3.7,26.0
2012-01-09,24.5,87,80,13.4,21.93,4.1,26.0
2012-01-10,23.2,85,99,15.9,14.02,11.1,20.0
2012-01-11,25.1,80,98,14.5,14.68,1.9,22.0
2012-01-12,25.6,73,81,15.5,18.55,0.3,27.0
2012-01-13,26.8,73,94,21.7,25.09,0.0,29.0
2012-01-14,25.5,75,96,34.2,17.27,1.2,26.0
2012-01-15,26.0,78,87,29.0,19.02,15.1,27.0
2012-01-16,25.5,88,99,18.3,12.0,10.8,26.0
2012-01-17,25.1,89,99,11.4,13.2,30.9,24.0
2012-01-18,25.6,83,96,8.7,19.37,3.7,25.0
2012-01-19,24.2,86,92,10.5,14.73,9.6,25.0
2012-01-20,25.0,85,96,20.8,17.91,9.6,26.0
2012-01-21,27.0,84,71,9.2,22.65,15.5,27.0
2012-01-22,25.5,86,97,8.9,12.09,3.6,28.0
2012-01-23,28.4,82,87,16.3,23.99,7.2,29.0
2012-01-24,28.6,79,40,19.1,26.06,1.6,30.0
2012-01-25,27.5,81,92,23.4,21.16,6.9,29.0
2012-01-26,20.8,93,100,21.0,7.93,9.9,23.0
2012-01-27,18.4,96,99,15.0,3.44,49.9,17.0
2012-01-28,21.5,87,58,15.2,13.36,6.2,22.0
2012-01-29,23.7,82,49,16.8,24.29,0.4,24.0
2012-01-30,25.0,81,44,14.2,27.93,0.0,26.0
2012-01-31,27.2,82,58,18.8,26.98,0.2,27.0
2012-02-01,27.2,84,64,10.9,21.78,4.1,28.0
2012-02-02,27.8,75,16,13.8,24.52,0.0,30.0
2012-02-03,28.7,75,25,11.4,24.62,0.0,31.0
2012-02-04,29.1,72,20,11.2,24.9,0.0,31.0
2012-02-05,29.8,70,68,16.1,28.23,0.0,31.0
2012-02-06,30.0,65,42,14.1,26.06,0.0,32.0
2012-02-07,31.3,71,53,12.6,27.6,0.0,33.0
2012-02-08,30.0,76,36,11.0,21.76,3.1,33.0
2012-02-09,28.5,82,70,10.0,17.11,3.1,32.0
2012-02-10,29.0,88,81,10.1,19.14,19.9,30.0
2012-02-11,26.5,90,100,13.5,11.6,31.2,28.0
2012-02-12,23.1,93,100,8.4,6.61,18.0,25.0
2012-02-13,24.5,89,98,11.2,12.97,10.9,25.0
2012-02-14,27.5,84,98,13.2,19.79,5.2,29.0
2012-02-15,27.1,87,83,11.6,22.19,2.5,30.0
2012-02-16,26.3,84,66,13.8,22.17,1.3,29.0
2012-02-17,26.6,85,71,9.7,22.05,4.3,29.0
2012-02-18,28.5,79,29,12.2,25.0,0.0,30.0
2012-02-19,28.2,79,71,13.6,21.65,0.0,30.0
2012-02-20,28.4,82,95,8.7,19.94,0.5,30.0
2012-02-21,25.9,79,84,19.2,18.28,1.9,24.0
2012-02-22,27.3,79,90,24.1,22.14,3.1,28.0
2012-02-23,27.0,84,96,18.2,15.89,4.9,28.0
2012-02-24,26.8,89,86,13.0,16.98,12.5,28.0
2012-02-25,27.1,86,94,8.3,19.18,3.6,29.0
2012-02-26,28.3,81,92,22.0,23.51,2.3,30.0
2012-02-27,28.0,86,96,10.2,18.75,9.2,30.0
2012-02-28,30.2,77,64,13.3,24.06,0.0,32.0
2012-02-29,31.3,73,39,11.1,26.76,0.0,33.0
2012-03-01,31.5,68,13,9.7,26.36,0.0,33.0
2012-03-02,29.4,78,40,11.2,22.91,6.6,32.0
2012-03-03,26.2,88,89,15.7,16.3,2.0,28.0
2012-03-04,26.0,83,82,15.5,21.63,1.1,28.0
2012-03-05,27.0,81,66,14.0,21.03,0.1,30.0
2012-03-06,27.1,81,39,19.9,23.71,0.6,30.0
2012-03-07,27.2,77,20,18.2,26.82,0.0,28.0
2012-03-08,27.1,78,39,15.2,23.67,0.0,28.0
2012-03-09,27.1,82,40,18.2,23.4,0.0,31.0
2012-03-10,27.4,85,80,12.3,21.18,8.6,28.0
2012-03-11,27.2,81,35,11.1,23.27,2.1,28.0
2012-03-12,27.1,84,43,9.8,19.8,7.3,29.0
2012-03-13,27.0,83,30,13.3,22.36,4.7,30.0
2012-03-14,28.0,79,37,17.0,22.92,1.7,30.0
2012-03-15,27.9,83,81,15.9,19.41,10.6,28.0
2012-03-16,23.4,91,88,17.8,13.91,5.2,23.0
2012-03-17,22.3,85,77,18.5,13.71,0.8,23.0
2012-03-18,23.4,82,38,17.8,19.21,0.0,25.0
2012-03-19,25.0,80,38,15.6,22.25,0.0,27.0
2012-03-20,26.0,81,52,12.2,20.22,0.0,27.0
2012-03-21,27.5,75,17,13.5,22.64,0.0,29.0
2012-03-22,28.3,77,70,20.4,21.91,4.7,30.0
2012-03-23,25.8,88,96,19.5,13.81,16.4,26.0
2012-03-24,25.8,85,70,14.5,18.12,5.1,27.0
2012-03-25,26.6,83,49,9.5,19.24,0.9,29.0
2012-03-26,28.5,81,54,6.6,21.01,0.0,31.0
2012-03-27,26.9,80,89,17.6,18.82,2.0,29.0
2012-03-28,20.9,89,95,19.4,9.86,4.6,21.0
2012-03-29,22.6,85,92,15.8,8.68,0.0,24.0
2012-03-30,24.5,85,96,14.7,14.36,1.0,23.0
2012-03-31,23.2,89,81,15.3,12.65,2.4,24.0
2012-04-01,23.4,87,59,14.2,16.75,1.1,25.0
2012-04-02,25.0,85,79,14.0,15.45,0.8,26.0
2012-04-03,25.1,85,77,11.4,15.08,1.9,27.0
2012-04-04,26.7,85,65,15.2,17.9,2.3,29.0
2012-04-05,28.7,77,75,20.8,21.58,0.0,31.0
2012-04-06,26.3,82,74,12.0,16.11,9.3,30.0
2012-04-07,26.7,85,71,13.0,18.13,0.7,29.0
2012-04-08,27.8,83,79,14.5,18.68,1.3,30.0
2012-04-09,24.6,87,87,17.8,16.42,1.0,25.0
2012-04-10,25.9,83,75,13.4,17.87,0.5,27.0
2012-04-11,26.4,85,61,10.9,18.32,5.0,28.0
2012-04-12,26.9,87,63,8.4,16.78,5.8,29.0
2012-04-13,27.0,83,89,11.3,15.89,1.0,28.0
2012-04-14,28.4,77,95,18.6,16.28,0.3,29.0
2012-04-15,27.5,78,95,16.6,13.58,3.2,29.0
2012-04-16,22.5,87,75,16.8,12.39,0.7,23.0
2012-04-17,23.9,82,66,14.8,17.6,0.0,25.0
2012-04-18,24.1,84,77,16.4,15.58,0.0,26.0
2012-04-19,25.9,80,86,11.9,17.82,0.0,26.0
2012-04-20,24.0,84,97,6.9,9.69,0.1,26.0
2012-04-21,21.0,95,99,15.5,4.06,14.3,20.0
2012-04-22,20.4,92,88,17.5,9.21,6.6,20.0
2012-04-23,22.8,85,77,10.9,13.38,0.0,24.0
2012-04-24,23.6,84,61,15.2,16.68,0.0,25.0
2012-04-25,26.1,83,82,11.8,16.53,0.0,27.0
2012-04-26,25.8,87,100,29.7,11.28,21.9,27.0
2012-04-27,22.9,92,100,24.2,7.11,4.3,22.0
2012-04-28,21.7,87,97,11.2,6.94,1.5,22.0
2012-04-29,20.7,92,100,24.0,4.66,28.6,22.0
2012-04-30,18.0,97,100,16.1,2.31,28.3,19.0
2012-05-01,16.7,84,69,16.8,11.82,0.8,18.0
2012-05-02,18.5,84,78,18.0,10.16,0.0,19.0
2012-05-03,20.1,86,77,15.9,10.66,0.8,21.0
2012-05-04,21.8,85,77,17.6,12.9,0.0,23.0
2012-05-05,22.7,85,67,12.0,15.83,0.0,24.0
2012-05-06,20.9,88,74,15.1,14.51,0.5,22.0
2012-05-07,22.0,84,61,19.0,15.71,0.0,23.0
2012-05-08,21.6,85,55,16.2,16.23,0.0,21.0
2012-05-09,22.8,82,66,9.3,14.77,0.0,24.0
2012-05-10,23.3,79,96,17.7,15.03,0.0,25.0
2012-05-11,24.8,70,73,15.8,16.74,0.0,26.0
2012-05-12,20.4,80,100,30.1,9.76,2.6,22.0
2012-05-13,18.2,94,100,16.1,3.1,5.0,18.0
2012-05-14,17.1,93,100,19.1,3.05,3.6,16.0
2012-05-15,15.9,93,96,14.9,3.66,7.3,18.0
2012-05-16,18.0,90,82,17.1,11.2,1.3,19.0
2012-05-17,17.6,87,74,19.1,10.08,0.1,20.0
2012-05-18,19.2,84,65,17.5,13.77,0.2,20.0
2012-05-19,20.2,84,78,13.8,15.02,0.0,21.0
2012-05-20,20.8,80,64,10.9,12.78,0.0,21.0
2012-05-21,20.0,88,71,11.0,11.66,0.9,22.0
2012-05-22,20.7,86,95,10.0,12.62,0.1,23.0
2012-05-23,22.5,79,66,9.1,15.94,0.0,24.0
2012-05-24,21.8,81,96,9.4,11.56,3.3,23.0
2012-05-25,20.0,85,57,30.3,8.41,3.0,23.0
2012-05-26,20.8,81,38,23.7,14.13,0.5,23.0
2012-05-27,22.4,80,43,16.2,13.82,0.0,24.0
2012-05-28,24.5,82,38,16.1,14.73,0.2,25.0
2012-05-29,24.7,80,9,14.8,15.04,0.0,26.0
2012-05-30,25.2,76,19,21.4,15.74,0.0,27.0
2012-05-31,19.8,93,100,12.6,4.13,0.4,19.0
2012-06-01,20.9,91,99,12.9,5.64,1.9,22.0
2012-06-02,22.8,84,63,10.8,8.72,0.0,24.0
2012-06-03,25.0,74,46,26.8,15.2,0.0,26.0
2012-06-04,26.0,64,68,30.9,14.41,0.0,27.0
2012-06-05,20.9,86,100,25.8,5.1,19.5,21.0
2012-06-06,20.7,96,100,11.2,2.84,19.9,20.0
2012-06-07,16.9,96,100,19.9,1.55,14.9,17.0
2012-06-08,12.9,97,100,16.2,1.35,22.8,14.0
2012-06-09,16.3,92,89,14.4,4.32,1.7,18.0
2012-06-10,21.6,86,89,13.6,11.02,0.6,19.0
2012-06-11,21.1,86,89,15.0,9.89,0.0,21.0
2012-06-12,22.1,91,80,8.9,9.44,0.7,22.0
2012-06-13,23.0,88,86,11.9,10.77,0.0,22.0
2012-06-14,23.6,86,72,9.7,13.33,0.0,25.0
2012-06-15,22.7,81,59,8.7,12.1,0.0,23.0
2012-06-16,22.7,77,14,22.4,13.92,0.0,25.0
2012-06-17,21.5,83,37,9.1,13.91,0.0,22.0
2012-06-18,24.0,71,86,23.8,11.43,0.0,24.0
2012-06-19,21.8,74,87,20.5,5.22,9.8,22.0
2012-06-20,18.4,87,100,25.4,2.16,30.8,20.0
2012-06-21,17.4,99,100,14.1,1.93,46.3,17.0
2012-06-22,20.7,87,96,26.8,7.2,6.9,21.0
2012-06-23,17.5,87,96,14.7,7.34,0.0,19.0
2012-06-24,22.0,86,57,15.4,13.99,0.0,22.0
2012-06-25,20.9,91,73,16.5,9.91,0.1,17.0
2012-06-26,19.4,86,84,14.1,9.44,0.0,21.0
2012-06-27,21.5,84,78,9.4,14.31,0.0,22.0
2012-06-28,22.9,78,54,13.7,14.24,0.0,21.0
2012-06-29,22.5,74,2,16.4,15.19,0.0,25.0
2012-06-30,23.3,72,9,17.7,14.77,0.0,25.0
2012-07-01,24.1,71,1,13.3,15.24,0.0,25.0
2012-07-02,24.2,73,0,11.0,15.35,0.0,26.0
2012-07-03,23.8,73,0,12.6,15.34,0.0,25.0
2012-07-04,23.2,71,0,12.8,15.47,0.0,25.0
2012-07-05,23.0,69,0,14.7,15.51,0.0,25.0
2012-07-06,23.2,68,18,20.6,15.56,0.0,25.0
2012-07-07,22.6,75,75,12.2,10.75,1.8,23.0
2012-07-08,15.4,88,88,21.3,7.21,9.0,16.0
2012-07-09,17.7,85,72,18.1,11.84,0.0,19.0
2012-07-10,21.8,78,60,12.8,15.54,0.0,23.0
2012-07-11,23.2,71,79,17.1,13.9,0.0,24.0
2012-07-12,20.2,79,95,24.4,8.13,2.8,21.0
2012-07-13,18.0,73,14,20.0,16.09,0.0,19.0
2012-07-14,19.6,68,29,8.8,16.17,0.0,
2012-07-15,16.7,88,72,17.9,11.46,0.0,
2012-07-16,13.3,94,100,18.5,3.21,17.9,14.0
2012-07-17,19.1,92,97,15.7,7.98,44.1,19.0
2012-07-18,15.2,82,65,22.9,11.94,1.8,16.0
2012-07-19,17.4,80,10,7.9,14.84,0.0,20.0
2012-07-20,20.6,78,39,13.0,15.83,0.0,22.0
2012-07-21,22.1,63,0,23.2,17.13,0.0,25.0
2012-07-22,25.8,64,48,12.9,16.09,0.0,27.0
2012-07-23,24.1,77,70,7.6,11.92,0.0,28.0
2012-07-24,26.2,68,43,17.4,16.47,0.0,27.0
2012-07-25,25.9,70,46,17.1,15.47,0.0,23.0
2012-07-26,26.2,70,20,21.8,16.38,0.0,28.0
2012-07-27,26.2,73,39,18.1,16.01,0.0,27.0
2012-07-28,23.9,87,92,11.6,14.03,0.0,25.0
2012-07-29,25.4,66,35,22.8,17.45,0.0,27.0
2012-07-30,18.1,87,100,18.7,6.2,0.6,18.0
2012-07-31,19.8,93,92,19.7,5.26,0.6,20.0
2012-08-01,22.5,83,86,10.2,14.84,0.0,23.0
2012-08-02,23.9,78,61,10.9,15.34,0.0,24.0
2012-08-03,24.1,69,9,14.7,17.83,0.0,25.0
2012-08-04,24.4,68,21,16.2,18.02,0.0,26.0
2012-08-05,21.2,81,97,20.1,10.45,0.6,21.0
2012-08-06,19.1,81,56,13.6,14.76,0.0,20.0
2012-08-07,21.9,81,33,14.0,17.57,0.0,22.0
2012-08-08,24.2,80,48,13.1,18.48,0.0,24.0
2012-08-09,24.4,79,45,11.7,18.41,0.0,24.0
2012-08-10,24.5,78,47,6.2,17.39,0.0,25.0
2012-08-11,24.6,70,41,9.4,18.4,0.0,25.0
2012-08-12,24.8,62,0,14.8,19.3,0.0,26.0
2012-08-13,24.9,65,15,12.3,18.74,0.0,26.0
2012-08-14,23.3,79,44,16.6,17.23,0.4,
2012-08-15,24.9,72,22,13.0,19.09,0.0,25.0
2012-08-16,24.6,71,39,12.6,16.63,0.0,23.0
2012-08-17,24.7,70,19,14.5,18.66,0.0,24.0
2012-08-18,24.7,69,10,15.5,19.74,0.0,24.0
2012-08-19,24.8,71,16,12.8,19.12,0.0,25.0
2012-08-20,25.6,68,30,9.8,19.87,0.0,26.0
2012-08-21,25.7,54,40,13.7,20.53,0.0,27.0
2012-08-22,26.4,64,8,16.1,19.28,0.0,27.0
2012-08-23,25.2,65,6,11.6,21.0,0.0,25.0
2012-08-24,25.6,67,25,11.8,20.04,0.0,26.0
2012-08-25,26.4,65,28,12.8,19.66,0.0,27.0
2012-08-26,24.4,76,60,14.8,18.9,0.0,25.0
2012-08-27,24.1,81,95,19.9,17.67,0.2,25.0
2012-08-28,23.2,79,81,15.5,15.2,1.3,23.0
2012-08-29,20.2,81,87,15.6,13.7,1.4,22.0
2012-08-30,19.5,78,70,17.0,12.1,0.0,20.0
2012-08-31,26.1,74,34,13.2,21.78,0.0,26.0
2012-09-01,28.0,73,79,15.3,21.15,0.0,29.0
2012-09-02,28.0,67,54,8.7,21.59,0.0,30.0
2012-09-03,24.0,75,56,24.6,21.23,0.2,24.0
2012-09-04,19.8,78,81,22.4,10.89,0.0,19.0
2012-09-05,27.8,71,13,16.3,22.27,0.0,29.0
2012-09-06,28.5,76,87,15.1,20.3,0.0,30.0
2012-09-07,29.6,72,36,13.0,20.6,0.0,30.0
2012-09-08,30.9,52,7,18.4,21.97,0.0,31.0
2012-09-09,32.2,49,44,13.9,20.62,0.0,33.0
2012-09-10,31.2,61,68,12.0,17.91,0.0,32.0
2012-09-11,31.2,66,65,18.4,19.52,0.0,30.0
2012-09-12,29.1,72,40,14.8,21.02,0.0,30.0
2012-09-13,22.7,81,56,19.5,13.21,0.0,20.0
2012-09-14,27.0,75,64,19.4,17.75,0.0,26.0
2012-09-15,29.8,73,43,15.6,22.13,0.0,30.0
2012-09-16,32.1,62,22,13.2,23.05,0.0,33.0
2012-09-17,33.5,55,24,17.6,23.47,0.0,33.0
2012-09-18,34.0,38,12,18.2,22.82,0.0,34.0
2012-09-19,34.2,34,66,32.3,23.53,0.0,34.0
2012-09-20,24.3,78,91,24.4,10.63,11.7,24.0
2012-09-21,22.7,92,98,25.0,6.0,33.7,21.0
2012-09-22,19.1,82,92,15.3,13.16,0.7,20.0
2012-09-23,19.4,81,72,19.8,15.6,0.0,21.0
2012-09-24,25.3,82,97,18.7,19.74,6.1,25.0
2012-09-25,25.7,84,100,24.6,15.9,19.2,24.0
2012-09-26,16.5,82,90,23.1,6.56,8.8,16.0
2012-09-27,14.9,76,68,22.9,13.95,0.5,16.0
2012-09-28,17.3,74,37,22.4,20.99,0.0,19.0
2012-09-29,21.1,74,36,19.3,26.55,0.0,23.0
2012-09-30,23.8,76,29,15.5,26.07,0.0,26.0
2012-10-01,27.5,75,49,15.2,25.56,0.0,32.0
2012-10-02,28.1,78,56,12.5,24.02,0.0,31.0
2012-10-03,30.3,73,40,12.4,23.32,0.0,33.0
2012-10-04,29.2,82,79,13.5,22.19,2.4,33.0
2012-10-05,28.4,83,63,14.8,22.74,4.8,29.0
2012-10-06,27.8,80,57,12.4,21.24,0.1,28.0
2012-10-07,27.5,83,51,16.1,23.65,0.7,31.0
2012-10-08,27.3,79,41,18.4,21.33,0.0,30.0
2012-10-09,28.6,65,38,13.7,23.96,0.0,31.0
2012-10-10,30.1,52,58,17.9,26.48,0.0,32.0
2012-10-11,27.0,81,81,23.1,17.28,14.1,22.0
2012-10-12,19.0,92,100,18.4,8.58,22.2,19.0
2012-10-13,17.9,89,99,19.6,8.63,6.4,19.0
2012-10-14,18.3,86,82,20.6,10.61,0.6,19.0
2012-10-15,23.2,78,26,18.9,27.75,0.0,24.0
2012-10-16,27.7,72,89,11.4,26.23,0.0,28.0
2012-10-17,23.6,78,74,25.6,13.23,9.4,26.0
2012-10-18,27.6,75,37,20.0,25.62,0.0,29.0
2012-10-19,25.2,83,91,16.7,17.93,0.7,24.0
2012-10-20,27.1,84,81,11.6,19.14,6.6,25.0
2012-10-21,29.6,77,53,17.9,23.89,7.2,31.0
2012-10-22,29.9,74,64,21.9,25.32,0.6,32.0
2012-10-23,30.2,69,96,29.9,22.49,0.4,25.0
2012-10-24,25.7,85,99,19.3,15.07,18.0,27.0
2012-10-25,26.4,87,100,17.9,16.39,0.6,30.0
2012-10-26,28.0,89,91,14.7,19.35,0.6,27.0
2012-10-27,30.8,77,62,11.0,20.03,0.1,32.0
2012-10-28,32.4,82,74,14.5,25.86,6.7,33.0
2012-10-29,30.7,80,59,13.0,27.45,0.0,33.0
2012-10-30,33.6,66,57,12.6,26.57,0.0,36.0
2012-10-31,32.4,69,42,20.3,26.89,1.7,35.0
2012-11-01,23.9,87,97,19.0,16.36,1.0,25.0
2012-11-02,23.1,82,100,18.2,12.99,0.2,22.0
2012-11-03,22.5,85,96,17.2,10.26,0.2,22.0
2012-11-04,24.3,86,76,17.9,16.79,0.7,25.0
2012-11-05,25.4,82,73,19.8,22.96,1.1,26.0
2012-11-06,25.5,79,83,20.5,23.31,0.0,27.0
2012-11-07,26.4,82,82,16.2,22.09,2.1,28.0
2012-11-08,27.2,80,100,12.9,20.09,4.0,27.0
2012-11-09,22.1,92,100,14.8,5.48,25.2,22.0
2012-11-10,25.6,81,86,20.7,13.85,4.3,26.0
2012-11-11,28.2,77,47,13.3,22.82,0.3,29.0
2012-11-12,26.9,87,94,12.1,15.77,22.3,24.0
2012-11-13,20.3,95,100,21.1,5.58,20.0,21.0
2012-11-14,18.5,84,86,17.0,11.43,0.6,18.0
2012-11-15,20.7,86,65,16.6,16.39,3.8,23.0
2012-11-16,21.5,84,60,20.5,20.69,0.8,22.0
2012-11-17,20.7,82,64,19.3,20.13,0.1,22.0
2012-11-18,23.9,79,60,18.5,26.14,0.0,24.0
2012-11-19,25.7,79,70,13.5,23.19,0.8,29.0
2012-11-20,26.8,81,49,11.7,24.52,5.3,28.0
2012-11-21,26.2,82,47,17.2,29.1,0.0,28.0
2012-11-22,27.3,76,21,13.6,31.62,0.0,29.0
2012-11-23,31.5,68,51,12.6,32.08,0.0,33.0
2012-11-24,30.2,75,94,14.1,16.92,1.5,28.0
2012-11-25,23.5,86,98,19.2,13.4,6.3,23.0
2012-11-26,21.4,86,100,20.9,11.57,0.0,22.0
2012-11-27,24.5,85,92,16.2,13.45,5.2,28.0
2012-11-28,27.6,84,57,12.3,25.85,4.4,30.0
2012-11-29,28.2,79,82,21.0,29.47,0.0,29.0
2012-11-30,26.5,78,93,18.5,22.03,0.0,28.0
2012-12-01,26.8,79,88,11.1,18.5,3.3,29.0
2012-12-02,28.3,85,93,14.5,20.68,16.0,31.0
2012-12-03,27.3,85,67,13.3,22.14,3.0,28.0
2012-12-04,27.4,83,60,13.5,22.26,1.2,32.0
2012-12-05,29.0,78,47,12.1,25.46,0.2,33.0
2012-12-06,30.6,78,67,14.4,26.83,2.3,33.0
2012-12-07,31.0,74,41,16.9,26.22,2.3,33.0
2012-12-08,29.1,82,84,17.7,22.06,6.0,31.0
2012-12-09,26.0,88,99,17.1,17.09,1.3,26.0
2012-12-10,29.4,80,57,11.1,22.27,1.9,32.0
2012-12-11,30.0,72,75,27.8,26.19,0.0,31.0
2012-12-12,28.3,82,68,16.2,20.77,11.3,32.0
2012-12-13,30.6,79,85,14.8,24.75,3.6,32.0
2012-12-14,24.6,93,100,8.9,6.32,27.1,27.0
2012-12-15,22.9,94,100,19.9,4.98,35.5,24.0
2012-12-16,25.1,88,97,21.1,12.58,9.4,27.0
2012-12-17,22.9,87,100,29.3,11.02,9.7,24.0
2012-12-18,27.0,85,89,16.1,14.04,1.8,29.0
2012-12-19,28.0,84,76,13.0,19.56,10.2,29.0
2012-12-20,30.4,74,64,12.1,27.71,0.9,33.0
2012-12-21,30.1,79,88,10.3,24.0,6.9,32.0
2012-12-22,25.9,90,96,18.9,14.87,12.5,25.0
2012-12-23,26.3,89,87,15.6,18.98,2.8,24.0
2012-12-24,29.9,81,52,11.3,26.19,2.3,33.0
2012-12-25,30.6,73,22,22.5,28.18,0.6,33.0
2012-12-26,30.4,78,72,19.6,27.16,1.4,30.0
2012-12-27,29.0,86,83,17.1,20.87,5.7,29.0
2012-12-28,28.8,83,96,13.6,19.54,1.2,29.0
2012-12-29,26.8,87,94,11.8,14.86,12.4,29.0
2012-12-30,26.2,88,97,11.8,11.99,8.8,27.0
2012-12-31,28.1,83,99,11.6,18.35,1.1,30.0
2013-01-01,28.8,79,91,20.9,19.09,8.7,31.0
2013-01-02,23.5,91,100,22.5,12.8,2.8,31.0
2013-01-03,22.1,88,100,18.6,11.87,2.4,21.0
2013-01-04,26.4,86,89,17.9,20.39,2.6,26.0
2013-01-05,27.9,82,66,14.8,24.72,4.5,32.0
2013-01-06,29.7,80,78,14.9,25.24,7.4,30.0
2013-01-07,29.7,76,82,16.9,26.9,0.2,32.0
2013-01-08,29.8,78,91,18.4,24.6,8.7,32.0
2013-01-09,27.3,88,99,15.7,14.55,34.1,27.0
2013-01-10,23.0,92,97,27.6,8.52,11.5,22.0
2013-01-11,20.9,80,78,20.4,15.74,0.1,20.0
2013-01-12,22.4,85,93,13.3,12.89,2.9,19.0
2013-01-13,24.8,88,81,11.7,13.38,20.7,24.0
2013-01-14,23.4,86,99,13.7,9.3,10.7,25.0
2013-01-15,23.4,85,96,13.5,10.75,11.4,24.0
2013-01-16,24.1,88,99,11.0,13.35,24.0,25.0
2013-01-17,25.6,84,67,26.5,18.45,1.6,27.0
2013-01-18,26.4,80,44,12.2,25.15,0.6,30.0
2013-01-19,26.2,88,77,20.0,19.76,18.0,27.0
2013-01-20,23.1,85,70,23.4,20.67,4.1,24.0
2013-01-21,22.9,83,67,22.6,22.36,1.2,22.0
2013-01-22,23.4,83,85,19.1,21.48,2.7,25.0
2013-01-23,25.2,83,63,14.6,20.43,2.7,28.0
2013-01-24,27.5,80,55,15.8,23.41,1.8,30.0
2013-01-25,28.1,80,67,24.8,24.89,6.9,30.0
2013-01-26,25.9,90,100,25.2,13.37,8.9,23.0
2013-01-27,21.5,88,93,18.4,6.67,0.8,22.0
2013-01-28,23.0,85,79,17.3,12.07,0.4,22.0
2013-01-29,23.7,87,91,16.6,10.99,0.5,22.0
2013-01-30,25.0,87,94,17.4,13.64,0.6,25.0
2013-01-31,27.1,85,89,12.1,16.6,1.9,29.0
2013-02-01,27.6,86,86,8.0,20.13,3.4,26.0
2013-02-02,28.1,82,49,14.4,24.4,6.0,31.0
2013-02-03,25.8,87,98,25.7,17.06,16.6,27.0
2013-02-04,22.4,89,70,23.8,19.89,20.7,24.0
2013-02-05,22.3,88,88,20.4,12.2,3.0,23.0
2013-02-06,23.7,88,90,17.4,17.08,4.4,25.0
2013-02-07,24.0,90,100,12.9,9.77,9.2,22.0
2013-02-08,24.6,86,98,10.6,12.26,4.1,26.0
2013-02-09,27.4,87,97,13.4,17.42,5.8,26.0
2013-02-10,27.7,87,97,8.7,18.47,10.7,27.0
2013-02-11,28.3,81,97,15.0,22.78,2.0,30.0
2013-02-12,29.7,79,91,16.6,26.34,6.8,32.0
2013-02-13,29.5,82,99,8.7,20.16,1.7,31.0
2013-02-14,30.2,82,82,6.6,21.89,4.8,32.0
2013-02-15,30.8,81,93,10.7,24.72,3.2,31.0
2013-02-16,30.3,78,87,11.6,24.33,0.2,33.0
2013-02-17,29.1,79,94,14.3,18.7,1.0,29.0
2013-02-18,29.1,81,67,10.2,13.57,4.8,33.0
2013-02-19,28.1,86,67,10.3,22.09,18.4,31.0
2013-02-20,28.3,81,17,10.0,24.31,0.6,31.0
2013-02-21,29.1,72,40,16.8,26.29,0.0,32.0
2013-02-22,27.4,84,50,15.5,19.76,11.9,31.0
2013-02-23,23.5,92,99,14.6,12.51,6.6,25.0
2013-02-24,28.2,81,72,11.3,23.8,0.4,31.0
2013-02-25,29.0,78,46,18.6,26.67,1.4,31.0
2013-02-26,27.4,82,56,20.7,23.66,4.9,29.0
2013-02-27,24.9,91,69,18.5,18.4,0.9,26.0
2013-02-28,25.1,89,84,13.4,16.74,2.9,26.0
2013-03-01,25.2,87,84,14.5,18.61,1.7,25.0
2013-03-02,26.6,79,57,12.5,21.55,0.3,27.0
2013-03-03,28.2,80,29,12.0,23.6,0.1,30.0
2013-03-04,28.3,79,37,18.9,23.76,0.2,32.0
2013-03-05,29.4,79,87,18.5,21.87,0.8,31.0
2013-03-06,28.2,83,81,17.9,20.19,5.6,31.0
2013-03-07,28.2,87,59,11.8,19.54,3.9,29.0
2013-03-08,28.4,88,95,11.7,20.06,7.5,29.0
2013-03-09,29.2,87,79,10.9,18.29,15.5,32.0
2013-03-10,28.1,84,78,28.3,22.64,1.4,30.0
2013-03-11,28.6,84,83,16.0,19.73,6.5,28.0
2013-03-12,28.8,86,73,17.3,21.19,12.8,30.0
2013-03-13,28.8,82,81,27.4,21.02,4.2,27.0
2013-03-14,23.2,90,99,18.6,9.72,2.4,22.0
2013-03-15,25.1,85,87,19.5,11.06,0.0,28.0
2013-03-16,26.6,87,95,11.3,15.17,10.7,26.0
2013-03-17,21.1,97,100,24.4,3.57,15.6,21.0
2013-03-18,17.4,92,100,21.5,5.2,12.4,18.0
2013-03-19,21.0,87,99,20.2,11.25,3.1,19.0
2013-03-20,22.3,85,97,16.1,14.22,2.4,22.0
2013-03-21,20.7,90,99,18.6,3.22,43.5,24.0
2013-03-22,25.8,87,52,12.5,17.3,4.2,26.0
2013-03-23,22.9,91,91,17.7,13.96,1.8,25.0
2013-03-24,23.2,87,96,14.6,13.9,1.4,26.0
2013-03-25,25.4,87,84,14.9,16.33,2.2,26.0
2013-03-26,24.3,91,98,8.2,9.52,8.0,25.0
2013-03-27,24.4,88,78,18.0,16.11,2.1,24.0
2013-03-28,23.4,82,75,18.5,20.9,0.0,24.0
2013-03-29,22.7,83,68,17.1,16.09,1.1,23.0
2013-03-30,23.5,82,54,17.8,17.12,0.0,26.0
2013-03-31,25.3,84,31,12.2,19.32,0.9,28.0
2013-04-01,26.7,85,86,13.9,17.44,0.3,30.0
2013-04-02,26.0,90,100,9.2,12.92,23.8,24.0
2013-04-03,24.9,88,95,7.5,11.85,1.1,25.0
2013-04-04,26.9,85,97,17.9,17.86,5.6,28.0
2013-04-05,24.2,89,89,32.3,7.88,14.1,24.0
2013-04-06,25.9,84,69,17.7,15.36,1.0,27.0
2013-04-07,25.5,87,94,10.4,14.25,2.5,25.0
2013-04-08,24.1,89,91,14.7,13.58,3.7,24.0
2013-04-09,23.0,89,73,16.8,14.6,2.6,24.0
2013-04-10,23.6,86,94,14.5,14.2,1.2,22.0
2013-04-11,25.9,83,60,14.7,17.77,0.8,26.0
2013-04-12,25.7,82,92,24.4,16.52,1.0,28.0
2013-04-13,21.0,93,100,20.7,3.47,23.0,23.0
2013-04-14,17.8,88,99,20.7,5.14,1.7,18.0
2013-04-15,23.1,77,70,7.4,21.2,0.0,24.0
2013-04-16,23.3,77,13,16.0,20.18,0.0,25.0
2013-04-17,20.9,83,50,15.6,17.17,0.0,22.0
2013-04-18,21.9,83,59,15.5,18.21,0.0,24.0
2013-04-19,22.8,83,66,17.4,15.91,0.0,23.0
2013-04-20,21.4,79,30,15.6,19.57,0.0,23.0
2013-04-21,21.1,81,31,16.2,18.21,0.0,22.0
2013-04-22,19.8,81,89,15.8,12.25,0.0,22.0
2013-04-23,21.4,84,97,13.2,15.92,0.0,23.0
2013-04-24,21.7,84,75,12.5,15.8,0.0,23.0
2013-04-25,22.5,82,29,11.2,16.57,0.0,23.0
2013-04-26,24.2,80,44,8.7,18.89,0.0,26.0
2013-04-27,23.2,84,65,13.4,18.61,0.0,24.0
2013-04-28,23.8,83,78,12.6,18.22,0.0,25.0
2013-04-29,25.3,80,65,14.6,16.94,0.0,25.0
2013-04-30,26.6,77,14,10.0,18.19,0.1,29.0
2013-05-01,24.8,87,70,12.1,14.73,0.0,25.0
2013-05-02,26.4,83,56,10.5,17.37,0.0,27.0
2013-05-03,27.5,76,43,16.4,17.62,0.0,29.0
2013-05-04,27.2,69,5,17.7,18.64,0.0,29.0
2013-05-05,26.4,75,66,8.8,14.18,0.1,26.0
2013-05-06,19.3,78,59,28.2,11.07,4.3,20.0
2013-05-07,21.2,71,27,24.7,17.81,0.0,23.0
2013-05-08,18.7,72,8,13.1,18.15,0.0,20.0
2013-05-09,22.8,73,9,10.9,18.91,0.0,23.0
2013-05-10,23.0,79,37,12.6,18.36,0.0,23.0
2013-05-11,24.8,79,37,12.7,18.12,0.0,24.0
2013-05-12,24.8,72,38,13.7,18.0,0.0,25.0
2013-05-13,25.3,66,65,10.1,17.54,0.0,26.0
2013-05-14,26.5,65,38,19.9,16.93,0.0,28.0
2013-05-15,27.4,67,46,19.7,16.41,0.0,29.0
2013-05-16,27.4,73,90,13.1,12.75,0.6,28.0
2013-05-17,18.5,87,100,22.4,4.18,0.9,19.0
2013-05-18,19.7,85,99,16.3,6.03,0.1,20.0
2013-05-19,21.8,87,97,13.8,5.82,1.0,21.0
2013-05-20,25.6,82,68,13.3,13.85,0.2,27.0
2013-05-21,23.0,84,80,10.2,8.6,0.0,24.0
2013-05-22,20.9,88,93,11.6,8.05,11.0,22.0
2013-05-23,17.5,92,94,15.5,4.26,2.0,19.0
2013-05-24,18.6,88,93,11.7,6.36,3.0,18.0
2013-05-25,20.2,85,68,12.1,13.72,0.0,21.0
2013-05-26,20.8,80,49,14.5,14.93,0.0,22.0
2013-05-27,17.9,92,88,13.2,3.56,28.2,18.0
2013-05-28,24.3,87,80,16.9,11.89,9.5,17.0
2013-05-29,23.3,86,87,30.7,12.78,1.3,20.0
2013-05-30,22.8,85,96,21.9,10.31,5.2,20.0
2013-05-31,19.1,91,77,11.9,6.36,0.8,21.0
2013-06-01,24.2,83,43,12.5,15.0,0.0,26.0
2013-06-02,23.8,86,84,20.1,10.14,2.1,19.0
2013-06-03,18.6,92,94,15.4,5.32,0.0,19.0
2013-06-04,19.9,86,46,10.9,14.14,0.0,21.0
2013-06-05,22.5,81,37,8.7,15.58,0.0,22.0
2013-06-06,22.8,79,17,21.4,13.47,0.0,26.0
2013-06-07,23.5,77,18,8.6,15.58,0.0,25.0
2013-06-08,21.7,88,66,13.0,12.57,0.0,23.0
2013-06-09,22.6,83,59,13.0,13.26,0.0,24.0
2013-06-10,23.9,79,54,8.7,13.74,0.0,24.0
2013-06-11,22.5,81,85,8.2,8.65,2.6,23.0
2013-06-12,23.4,89,79,8.7,11.93,4.9,25.0
2013-06-13,22.4,89,80,10.2,10.75,0.0,24.0
2013-06-14,22.4,83,63,7.0,13.59,0.0,23.0
2013-06-15,18.0,89,88,13.2,7.92,1.9,18.0
2013-06-16,22.1,85,99,13.0,9.59,2.3,21.0
2013-06-17,20.0,86,71,25.0,9.31,7.8,20.0
2013-06-18,21.1,87,46,8.1,13.54,0.0,21.0
2013-06-19,24.7,78,60,9.2,14.31,0.0,27.0
2013-06-20,20.9,93,96,7.6,6.51,5.8,22.0
2013-06-21,24.5,75,98,25.6,12.14,0.0,25.0
2013-06-22,20.3,83,93,26.0,10.24,1.2,23.0
2013-06-23,18.4,87,86,14.0,8.36,0.0,18.0
2013-06-24,19.7,91,100,19.1,5.13,20.0,18.0
2013-06-25,22.0,91,100,10.0,6.76,4.6,17.0
2013-06-26,19.7,91,97,16.6,3.43,20.1,19.0
2013-06-27,20.7,90,94,7.6,5.14,3.8,22.0
2013-06-28,22.9,87,73,8.1,10.67,0.1,25.0
2013-06-29,24.7,82,38,25.9,13.02,0.8,27.0
2013-06-30,18.8,95,94,14.0,2.81,8.0,19.0
2013-07-01,18.1,98,100,17.0,3.06,21.3,17.0
2013-07-02,17.5,89,97,17.4,7.9,0.3,16.0
2013-07-03,21.7,84,28,15.2,15.08,0.0,21.0
2013-07-04,22.3,83,6,8.6,15.29,0.0,21.0
2013-07-05,23.5,84,21,7.4,15.05,0.0,25.0
2013-07-06,24.0,79,67,10.0,15.01,0.0,26.0
2013-07-07,23.4,73,0,15.2,15.67,0.0,26.0
2013-07-08,18.5,91,77,15.6,5.3,1.6,20.0
2013-07-09,18.1,90,94,19.1,6.47,0.5,18.0
2013-07-10,19.9,86,91,11.3,10.85,0.0,21.0
2013-07-11,19.8,86,62,11.0,11.07,0.0,19.0
2013-07-12,21.8,78,41,15.3,15.16,0.0,24.0
2013-07-13,22.9,74,51,14.6,12.73,0.0,25.0
2013-07-14,23.5,73,38,14.9,13.5,0.2,26.0
2013-07-15,22.1,85,39,16.9,12.73,3.1,25.0
2013-07-16,19.9,86,65,9.8,8.67,0.2,22.0
2013-07-17,22.7,78,39,16.6,15.43,0.0,24.0
2013-07-18,24.5,65,2,27.4,16.31,0.0,27.0
2013-07-19,22.0,81,68,18.8,11.89,7.1,23.0
2013-07-20,25.1,76,62,27.1,14.59,0.0,28.0
2013-07-21,25.9,64,65,25.9,13.61,1.7,27.0
2013-07-22,21.8,86,88,13.6,8.42,7.2,23.0
2013-07-23,14.9,95,100,16.4,1.38,8.8,13.0
2013-07-24,8.3,88,100,15.6,2.26,16.8,8.0
2013-07-25,11.0,91,98,16.3,3.18,16.2,11.0
2013-07-26,14.5,90,96,19.8,6.42,0.3,13.0
2013-07-27,17.2,84,59,12.4,15.3,0.0,18.0
2013-07-28,20.6,84,38,9.2,16.19,0.0,22.0
2013-07-29,18.4,83,49,11.5,16.51,0.0,22.0
2013-07-30,21.8,80,59,9.4,17.69,0.0,23.0
2013-07-31,24.5,73,38,12.2,17.68,0.0,26.0
2013-08-01,24.9,63,0,12.8,18.06,0.0,27.0
2013-08-02,25.1,62,0,15.1,18.24,0.0,27.0
2013-08-03,26.3,64,2,12.4,17.81,0.0,29.0
2013-08-04,25.9,65,17,24.4,17.88,0.0,28.0
2013-08-05,21.7,86,66,14.5,13.2,0.0,23.0
2013-08-06,26.8,79,26,14.3,17.05,0.0,23.0
2013-08-07,24.2,80,57,11.8,16.93,0.0,23.0
2013-08-08,25.8,64,50,13.5,18.23,0.0,28.0
2013-08-09,26.2,64,83,17.9,17.76,0.0,28.0
2013-08-10,26.7,61,21,25.5,17.28,0.0,28.0
2013-08-11,17.7,70,88,22.6,16.35,0.0,18.0
2013-08-12,24.6,73,22,20.2,18.78,0.0,26.0
2013-08-13,26.3,63,29,16.1,15.96,0.0,26.0
2013-08-14,18.6,86,93,23.2,6.69,4.2,18.0
2013-08-15,13.9,81,94,23.0,9.56,0.3,14.0
2013-08-16,18.8,83,45,16.3,17.68,0.0,20.0
2013-08-17,16.3,90,94,20.9,6.0,0.7,17.0
2013-08-18,16.8,87,92,24.9,7.5,0.5,17.0
2013-08-19,20.3,82,63,16.2,12.64,0.1,22.0
2013-08-20,22.0,78,49,12.5,19.27,0.0,24.0
2013-08-21,24.5,64,22,16.8,19.65,0.0,26.0
2013-08-22,25.9,56,37,23.7,18.67,0.0,27.0
2013-08-23,28.0,69,44,17.0,16.6,0.0,30.0
2013-08-24,25.7,85,81,15.4,17.22,0.0,28.0
2013-08-25,28.0,71,51,12.1,20.08,0.0,29.0
2013-08-26,24.9,79,76,14.8,15.5,0.0,27.0
2013-08-27,16.4,76,89,19.0,10.14,1.7,18.0
2013-08-28,14.5,78,76,14.4,10.73,0.0,15.0
2013-08-29,22.0,75,26,14.8,22.01,0.0,24.0
2013-08-30,25.8,73,14,11.2,22.18,0.0,26.0
2013-08-31,26.6,67,97,8.3,19.51,0.0,27.0
2013-09-01,28.1,60,24,12.6,22.04,0.0,29.0
2013-09-02,29.3,59,60,16.6,20.84,0.0,31.0
2013-09-03,24.8,77,67,15.7,9.84,6.1,24.0
2013-09-04,17.2,93,100,23.2,4.6,3.9,16.0
2013-09-05,19.1,85,97,19.6,9.61,0.3,19.0
2013-09-06,23.1,79,66,16.9,19.34,0.0,24.0
2013-09-07,23.9,80,35,15.4,20.76,0.0,26.0
2013-09-08,26.5,71,11,8.2,23.07,0.0,27.0
2013-09-09,26.6,76,41,12.3,22.35,0.0,28.0
2013-09-10,26.2,76,9,15.0,23.1,0.0,29.0
2013-09-11,26.1,80,40,15.5,19.97,0.0,27.0
2013-09-12,27.7,64,7,10.7,23.32,0.0,29.0
2013-09-13,27.4,53,2,11.7,23.9,0.0,29.0
2013-09-14,28.6,48,10,14.3,23.99,0.0,30.0
2013-09-15,29.9,50,45,14.3,20.8,0.0,31.0
2013-09-16,31.7,54,58,15.3,20.69,0.0,28.0
2013-09-17,25.7,78,99,26.8,10.07,4.0,21.0
2013-09-18,18.8,92,100,17.1,4.62,12.9,18.0
2013-09-19,21.3,93,100,14.3,9.41,25.8,21.0
2013-09-20,28.3,85,90,15.3,18.19,0.8,29.0
2013-09-21,30.1,65,71,27.6,23.72,0.0,33.0
2013-09-22,30.3,72,92,11.4,19.75,3.2,26.0
2013-09-23,25.7,90,87,17.5,13.5,29.3,26.0
2013-09-24,22.0,86,88,26.0,12.57,6.3,21.0
2013-09-25,15.4,77,78,21.3,14.27,0.8,16.0
2013-09-26,16.2,80,68,17.3,14.55,0.0,17.0
2013-09-27,19.3,78,29,17.9,26.07,0.0,20.0
2013-09-28,27.0,80,48,26.4,25.32,0.5,27.0
2013-09-29,23.0,89,100,14.9,12.56,18.9,23.0
2013-09-30,22.7,87,99,11.2,8.83,1.7,20.0
2013-10-01,24.1,84,96,22.4,17.31,4.9,25.0
2013-10-02,19.9,97,100,13.4,5.82,35.9,24.0
2013-10-03,24.7,90,99,10.5,13.24,3.8,21.0
2013-10-04,21.2,94,100,24.7,6.54,19.9,23.0
2013-10-05,19.3,86,96,17.6,12.18,3.0,19.0
2013-10-06,19.3,80,43,19.3,21.36,0.0,20.0
2013-10-07,18.3,83,93,23.1,14.93,0.6,18.0
2013-10-08,18.2,81,73,18.4,13.63,0.0,19.0
2013-10-09,21.1,79,46,16.8,18.78,0.0,24.0
2013-10-10,23.4,78,68,16.6,22.28,0.0,25.0
2013-10-11,24.5,75,84,12.1,23.66,0.0,25.0
2013-10-12,22.8,71,94,10.8,14.69,0.1,23.0
2013-10-13,26.7,67,68,17.2,23.18,0.0,28.0
2013-10-14,27.5,72,83,9.6,20.32,0.0,30.0
2013-10-15,25.0,88,95,16.5,15.12,2.8,25.0
2013-10-16,20.1,94,100,12.0,4.81,17.7,19.0
2013-10-17,21.2,93,96,16.6,10.58,12.2,21.0
2013-10-18,24.6,87,75,18.2,16.2,14.4,24.0
2013-10-19,24.3,90,69,12.5,18.71,1.4,28.0
2013-10-20,28.1,71,11,15.0,27.5,0.0,30.0
2013-10-21,29.5,68,52,23.7,28.03,0.0,33.0
2013-10-22,24.2,87,89,19.2,14.69,0.6,27.0
2013-10-23,28.4,82,75,11.3,23.11,1.5,29.0
2013-10-24,30.2,77,100,16.2,24.41,1.0,32.0
2013-10-25,20.8,93,100,21.6,6.83,0.9,23.0
2013-10-26,28.9,72,72,18.2,19.75,0.0,31.0
2013-10-27,29.0,76,91,23.4,15.47,11.1,28.0
2013-10-28,20.0,79,60,18.7,20.62,0.0,20.0
2013-10-29,21.5,79,45,16.3,24.92,0.0,18.0
2013-10-30,23.4,83,73,17.1,21.45,0.4,23.0
2013-10-31,21.5,85,94,20.0,12.66,0.6,22.0
2013-11-01,23.1,79,90,19.1,17.38,0.0,23.0
2013-11-02,27.3,75,97,15.9,26.68,0.0,29.0
2013-11-03,28.9,71,98,12.4,26.56,0.0,31.0
2013-11-04,25.8,87,98,18.1,12.09,19.0,22.0
2013-11-05,18.8,90,97,22.2,11.67,5.4,17.0
2013-11-06,17.3,91,100,19.7,4.86,7.6,16.0
2013-11-07,20.5,91,97,16.4,10.44,11.2,21.0
2013-11-08,24.1,84,84,12.9,21.5,0.6,25.0
2013-11-09,27.0,80,76,11.8,22.97,0.0,29.0
2013-11-10,29.1,78,50,12.3,28.44,0.0,31.0
2013-11-11,31.5,66,33,20.1,28.67,0.0,34.0
2013-11-12,30.7,73,53,30.1,26.26,2.8,30.0
2013-11-13,23.5,69,27,22.8,29.56,0.4,24.0
2013-11-14,23.9,75,6,19.1,31.11,0.0,25.0
2013-11-15,28.2,70,24,13.4,28.11,0.0,32.0
2013-11-16,28.7,71,81,20.7,25.56,7.4,31.0
2013-11-17,20.2,94,98,18.8,7.83,10.4,20.0
2013-11-18,24.8,81,75,14.7,17.59,0.0,26.0
2013-11-19,29.0,79,36,11.9,25.28,0.6,29.0
2013-11-20,29.9,72,82,14.6,27.46,0.0,33.0
2013-11-21,30.4,78,94,16.1,23.86,4.7,33.0
2013-11-22,24.7,91,100,14.9,11.63,24.2,21.0
2013-11-23,20.6,95,98,19.4,7.83,12.5,21.0
2013-11-24,21.9,89,98,19.1,11.21,4.2,23.0
2013-11-25,21.1,92,98,12.1,6.56,7.1,20.0
2013-11-26,24.4,88,79,13.8,19.71,9.1,22.0
2013-11-27,25.0,84,72,9.2,19.55,1.8,28.0
2013-11-28,28.2,77,34,15.5,27.77,0.1,31.0
2013-11-29,27.7,85,89,18.7,23.26,0.5,32.0
2013-11-30,25.2,87,92,17.9,18.48,4.1,24.0
2013-12-01,23.9,90,98,18.4,15.15,2.3,24.0
2013-12-02,28.1,85,88,15.4,22.25,5.8,30.0
2013-12-03,28.9,78,49,20.6,24.77,1.0,31.0
2013-12-04,30.6,74,41,16.0,27.45,0.0,33.0
2013-12-05,31.4,77,61,22.1,24.12,8.2,33.0
2013-12-06,25.8,84,90,20.1,20.3,0.1,25.0
2013-12-07,28.0,84,90,18.8,24.25,0.3,30.0
2013-12-08,27.2,86,70,13.5,20.95,12.0,30.0
2013-12-09,29.8,76,44,14.7,27.3,2.6,33.0
2013-12-10,26.2,85,99,26.0,15.81,12.2,26.0
2013-12-11,21.1,92,95,18.2,7.69,15.7,23.0
2013-12-12,22.1,84,96,20.4,17.59,1.3,22.0
2013-12-13,24.3,81,78,17.8,19.77,0.0,24.0
2013-12-14,26.3,82,63,15.6,26.05,0.1,28.0
2013-12-15,27.6,80,32,16.6,29.36,1.1,30.0
2013-12-16,25.5,82,30,20.6,28.32,0.5,25.0
2013-12-17,24.1,79,41,19.8,26.24,0.0,25.0
2013-12-18,25.5,80,72,20.0,23.52,0.0,28.0
2013-12-19,24.2,86,84,20.5,20.09,1.1,27.0
2013-12-20,25.0,84,78,20.4,22.95,4.3,26.0
2013-12-21,25.1,82,76,20.6,24.84,0.8,24.0
2013-12-22,25.4,82,75,21.1,21.44,1.4,28.0
2013-12-23,24.3,85,97,19.8,16.77,4.5,26.0
2013-12-24,26.7,84,90,15.6,22.71,3.9,28.0
2013-12-25,25.9,85,83,14.0,16.29,7.2,30.0
2013-12-26,29.4,80,40,14.4,25.1,0.0,32.0
2013-12-27,30.9,76,41,15.2,30.69,0.0,33.0
2013-12-28,29.9,82,85,21.2,25.71,11.7,32.0
2013-12-29,28.4,82,93,21.2,17.13,10.2,30.0
2013-12-30,28.5,78,89,24.0,26.79,0.3,29.0
2013-12-31,28.2,79,78,28.9,22.03,1.3,31.0
2014-01-01,27.8,81,94,24.2,18.85,8.4,31.0
2014-01-02,30.1,77,61,20.0,25.57,1.2,32.0
2014-01-03,31.1,73,40,18.4,28.91,0.5,35.0
2014-01-04,29.3,85,60,20.4,23.36,5.0,30.0
2014-01-05,26.8,88,100,18.4,14.34,5.0,30.0
2014-01-06,29.0,78,96,18.4,29.77,0.0,31.0
2014-01-07,28.5,76,86,15.7,23.6,0.2,32.0
2014-01-08,29.5,65,83,17.4,24.57,0.0,32.0
2014-01-09,28.7,72,94,12.5,22.72,0.9,32.0
2014-01-10,30.1,73,88,9.6,25.41,3.1,33.0
2014-01-11,29.9,73,38,13.6,26.22,2.6,32.0
2014-01-12,29.3,81,92,12.5,24.01,10.4,30.0
2014-01-13,30.2,81,94,10.6,22.95,16.7,31.0
2014-01-14,29.2,80,86,11.4,24.45,6.6,32.0
2014-01-15,30.1,76,63,13.5,28.56,1.2,31.0
2014-01-16,27.8,83,83,13.2,20.08,16.1,28.0
2014-01-17,27.0,84,63,15.7,22.0,12.9,28.0
2014-01-18,25.8,84,57,17.4,23.09,1.8,27.0
2014-01-19,26.5,81,28,17.0,25.57,0.0,28.0
2014-01-20,29.2,77,33,17.1,27.85,0.0,31.0
2014-01-21,29.4,76,47,10.2,26.22,0.6,32.0
2014-01-22,29.8,71,47,18.1,26.27,1.1,32.0
2014-01-23,29.5,76,44,16.4,25.1,3.3,32.0
2014-01-24,30.0,80,43,10.1,25.17,13.0,31.0
2014-01-25,29.1,82,37,14.5,25.86,0.4,33.0
2014-01-26,29.5,82,49,15.8,26.66,1.0,31.0
2014-01-27,30.7,78,35,14.1,27.76,1.0,32.0
2014-01-28,30.6,74,43,14.3,28.01,0.2,33.0
2014-01-29,31.6,63,7,13.0,29.86,0.0,34.0
2014-01-30,31.2,62,22,9.9,28.11,0.7,33.0
2014-01-31,32.3,66,7,12.6,29.32,0.0,33.0
2014-02-01,32.9,63,5,13.9,30.89,0.0,34.0
2014-02-02,32.0,67,24,15.5,25.94,0.1,34.0
2014-02-03,31.0,67,36,14.7,24.03,0.0,34.0
2014-02-04,31.8,63,45,14.5,22.33,0.0,35.0
2014-02-05,33.0,60,19,17.7,25.6,0.0,35.0
2014-02-06,33.4,64,8,17.4,28.76,0.0,35.0
2014-02-07,34.1,55,9,15.5,27.76,0.0,35.0
2014-02-08,34.2,53,25,15.6,27.49,0.4,35.0
2014-02-09,33.1,59,20,16.1,24.85,0.3,35.0
2014-02-10,32.4,60,16,17.3,24.26,0.1,34.0
2014-02-11,31.6,63,22,17.7,24.26,0.0,33.0
2014-02-12,32.5,51,57,18.3,22.47,0.0,33.0
2014-02-13,31.6,59,60,12.9,19.54,0.0,33.0
2014-02-14,31.8,77,81,16.2,21.1,23.7,32.0
2014-02-15,23.5,94,96,13.2,8.66,27.3,23.0
2014-02-16,24.5,91,96,14.8,15.24,9.1,22.0
2014-02-17,24.3,88,68,21.4,19.92,2.2,25.0
2014-02-18,24.4,83,65,22.8,19.29,1.4,26.0
2014-02-19,26.1,80,66,18.7,22.55,0.1,27.0
2014-02-20,27.6,79,52,14.6,23.29,0.1,30.0
2014-02-21,29.3,71,88,13.7,23.73,0.0,31.0
2014-02-22,29.3,70,84,13.9,22.83,2.0,31.0
2014-02-23,30.2,73,94,17.7,22.38,1.0,31.0
2014-02-24,29.3,79,94,11.8,19.34,3.1,28.0
2014-02-25,29.8,81,78,11.0,22.34,6.3,30.0
2014-02-26,29.9,74,40,11.9,24.81,0.6,32.0
2014-02-27,30.2,74,70,18.6,23.44,1.1,33.0
2014-02-28,28.4,83,91,15.6,19.68,9.2,27.0
2014-03-01,27.6,80,65,20.2,21.39,5.3,28.0
2014-03-02,25.6,87,71,17.1,19.25,2.4,27.0
2014-03-03,26.4,82,85,20.1,20.13,0.9,27.0
2014-03-04,27.3,83,98,14.7,19.64,2.7,28.0
2014-03-05,29.1,82,99,13.9,17.01,7.2,24.0
2014-03-06,26.4,82,48,16.6,17.87,7.0,29.0
2014-03-07,25.5,88,62,14.8,17.99,4.0,28.0
2014-03-08,25.4,88,80,14.3,17.89,10.2,25.0
2014-03-09,27.3,78,30,13.8,21.48,0.3,29.0
2014-03-10,28.5,75,40,14.2,21.41,0.1,31.0
2014-03-11,29.2,82,89,13.9,20.9,11.8,29.0
2014-03-12,27.2,89,98,14.2,15.96,14.1,27.0
2014-03-13,27.7,83,87,12.8,19.19,3.6,29.0
2014-03-14,28.8,82,59,9.7,21.98,1.4,30.0
2014-03-15,29.0,69,21,16.4,22.25,0.0,32.0
2014-03-16,29.1,71,28,11.6,22.3,0.1,33.0
2014-03-17,29.5,69,26,15.3,22.08,0.0,31.0
2014-03-18,29.0,72,58,12.3,20.48,2.9,31.0
2014-03-19,29.5,81,84,8.5,22.86,1.3,30.0
2014-03-20,29.4,74,76,22.7,22.14,1.1,31.0
2014-03-21,28.2,77,97,26.3,16.07,2.7,28.0
2014-03-22,26.3,86,96,18.8,14.99,3.8,27.0
2014-03-23,21.0,87,98,22.8,9.43,2.6,20.0
2014-03-24,22.9,82,74,18.5,13.32,0.0,22.0
2014-03-25,23.5,83,41,19.9,16.99,0.5,24.0
2014-03-26,22.6,86,60,19.4,13.31,1.1,24.0
2014-03-27,25.0,84,62,17.5,18.28,1.2,26.0
2014-03-28,25.7,83,54,17.1,21.13,0.3,28.0
2014-03-29,27.1,81,96,13.0,20.48,0.1,28.0
2014-03-30,28.6,82,99,13.9,17.41,8.6,28.0
2014-03-31,26.6,87,97,9.7,12.2,7.9,28.0
2014-04-01,26.9,89,67,14.3,15.53,12.8,28.0
2014-04-02,25.5,87,76,15.5,17.5,1.3,27.0
2014-04-03,24.7,89,81,17.8,14.93,0.3,25.0
2014-04-04,24.0,88,62,21.1,14.11,0.5,25.0
2014-04-05,26.6,80,29,16.1,23.17,0.0,27.0
2014-04-06,28.2,79,52,10.9,22.95,0.0,30.0
2014-04-07,28.5,81,79,14.3,21.21,0.0,30.0
2014-04-08,27.9,78,54,6.7,21.37,0.0,29.0
2014-04-09,30.0,73,86,11.9,19.83,0.0,29.0
2014-04-10,27.7,84,80,16.3,19.05,0.8,28.0
2014-04-11,27.8,80,63,11.3,19.0,0.5,29.0
2014-04-12,28.5,79,76,25.0,17.14,3.9,30.0
2014-04-13,25.8,88,100,16.6,11.14,11.0,26.0
2014-04-14,19.8,88,99,20.7,6.14,2.2,19.0
2014-04-15,19.8,90,98,16.6,5.7,4.9,19.0
2014-04-16,23.7,87,77,14.2,12.88,0.8,22.0
2014-04-17,24.0,88,75,11.9,14.34,0.0,26.0
2014-04-18,27.6,81,65,10.1,18.77,0.0,29.0
2014-04-19,28.4,79,65,10.8,18.39,0.0,30.0
2014-04-20,25.0,88,95,15.4,13.6,1.2,25.0
2014-04-21,24.7,85,93,14.1,13.32,0.0,26.0
2014-04-22,26.5,83,96,12.2,13.56,5.0,23.0
2014-04-23,24.3,87,98,15.2,13.27,3.7,24.0
2014-04-24,20.7,89,81,18.1,11.18,2.6,21.0
2014-04-25,20.5,84,69,14.8,12.76,0.7,22.0
2014-04-26,20.0,85,57,14.2,13.19,0.4,20.0
2014-04-27,19.9,84,66,15.2,14.42,0.0,20.0
2014-04-28,19.5,82,64,21.4,11.59,0.6,19.0
2014-04-29,21.5,71,1,15.5,19.9,0.0,22.0
2014-04-30,24.3,63,68,13.4,19.26,0.0,24.0
2014-05-01,25.3,53,98,30.8,15.12,0.0,23.0
2014-05-02,25.2,75,92,12.3,13.62,0.0,26.0
2014-05-03,25.0,81,77,11.9,17.74,0.0,25.0
2014-05-04,27.1,69,32,9.4,18.91,0.0,27.0
2014-05-05,26.7,73,80,6.3,18.16,0.0,27.0
2014-05-06,26.9,78,96,9.3,16.04,0.0,26.0
2014-05-07,27.5,73,79,9.0,15.97,0.0,27.0
2014-05-08,27.9,69,70,16.0,15.73,0.0,27.0
2014-05-09,22.3,81,76,18.4,9.39,0.8,21.0
2014-05-10,20.4,81,50,17.7,13.48,0.3,21.0
2014-05-11,20.1,82,61,24.6,11.17,0.0,20.0
2014-05-12,23.5,73,17,14.4,17.61,0.0,23.0
2014-05-13,24.7,70,59,9.3,17.45,0.0,25.0
2014-05-14,24.8,79,91,14.6,14.2,0.0,25.0
2014-05-15,25.7,75,72,7.2,17.1,0.0,25.0
2014-05-16,26.0,79,86,15.5,14.44,0.0,25.0
2014-05-17,24.1,81,76,14.5,14.13,0.0,22.0
2014-05-18,22.8,85,65,9.2,12.09,4.1,24.0
2014-05-19,23.0,85,78,11.2,12.48,0.0,23.0
2014-05-20,24.3,79,52,9.3,15.57,0.0,24.0
2014-05-21,26.6,67,70,17.8,15.48,0.0,25.0
2014-05-22,28.1,57,61,33.2,14.23,0.0,28.0
2014-05-23,21.8,93,100,18.1,2.37,20.3,22.0
2014-05-24,16.2,91,100,16.4,2.56,6.4,17.0
2014-05-25,16.8,94,100,16.1,2.21,4.5,17.0
2014-05-26,19.8,91,76,24.8,5.02,1.0,22.0
2014-05-27,17.7,85,66,14.5,7.79,0.3,18.0
2014-05-28,18.0,87,77,17.3,10.99,1.1,17.0
2014-05-29,18.2,87,73,15.2,10.09,0.2,19.0
2014-05-30,19.8,84,60,17.9,12.76,0.0,21.0
2014-05-31,22.6,73,34,13.8,15.95,0.0,23.0
2014-06-01,22.6,76,74,26.8,7.66,2.0,23.0
2014-06-02,19.1,88,80,15.8,10.67,1.3,20.0
2014-06-03,17.3,78,12,10.1,15.87,0.0,19.0
2014-06-04,22.6,72,2,10.9,16.18,0.0,24.0
2014-06-05,26.1,67,30,22.1,14.76,0.0,27.0
2014-06-06,24.5,72,100,14.7,8.69,2.5,23.0
2014-06-07,27.3,66,88,20.3,12.89,0.0,29.0
2014-06-08,26.7,58,34,25.6,15.29,0.0,29.0
2014-06-09,22.8,75,93,16.3,11.8,0.0,23.0
2014-06-10,18.6,89,100,18.4,3.65,0.3,19.0
2014-06-11,20.9,87,86,16.3,7.25,0.0,22.0
2014-06-12,24.2,78,21,12.0,14.07,0.0,24.0
2014-06-13,24.3,71,12,8.4,13.5,0.0,26.0
2014-06-14,24.5,73,79,12.3,12.91,0.0,26.0
2014-06-15,21.4,89,87,11.6,8.04,0.0,20.0
2014-06-16,24.3,84,60,9.0,12.89,0.0,26.0
2014-06-17,24.4,84,69,11.6,13.09,0.0,26.0
2014-06-18,23.8,87,74,18.1,11.58,1.1,26.0
2014-06-19,16.1,87,99,19.9,6.38,0.2,15.0
2014-06-20,16.9,86,98,14.5,4.74,0.0,17.0
2014-06-21,19.6,86,83,12.8,7.55,0.1,19.0
2014-06-22,22.5,79,63,14.1,12.98,0.0,22.0
2014-06-23,24.2,71,66,9.3,13.8,0.0,24.0
2014-06-24,24.7,67,18,11.9,15.12,0.0,25.0
2014-06-25,24.5,66,88,14.5,12.89,0.0,26.0
2014-06-26,25.7,65,78,13.0,14.68,0.0,26.0
2014-06-27,26.9,68,52,10.8,14.99,0.0,27.0
2014-06-28,26.8,66,80,9.4,14.28,0.0,27.0
2014-06-29,23.4,73,97,26.5,10.51,0.0,23.0
2014-06-30,20.8,63,17,23.2,15.35,0.0,22.0
2014-07-01,22.3,53,0,15.7,16.0,0.0,23.0
2014-07-02,24.9,60,31,5.9,14.43,0.0,27.0
2014-07-03,27.4,68,49,6.9,13.76,0.0,28.0
2014-07-04,27.7,60,22,8.8,14.48,0.0,28.0
2014-07-05,26.9,64,63,11.4,14.46,0.0,26.0
2014-07-06,24.9,55,51,15.5,15.21,0.0,26.0
2014-07-07,25.4,63,98,14.0,11.16,0.4,22.0
2014-07-08,17.8,95,98,14.0,4.41,6.5,18.0
2014-07-09,18.8,89,98,16.4,7.16,4.8,19.0
2014-07-10,16.9,95,100,16.2,4.27,22.9,18.0
2014-07-11,17.5,88,83,16.6,8.82,0.7,18.0
2014-07-12,18.6,87,76,16.4,9.54,1.3,20.0
2014-07-13,20.1,84,28,16.2,13.47,0.0,21.0
2014-07-14,20.1,83,75,14.0,12.35,0.0,20.0
2014-07-15,21.0,82,55,10.8,13.66,0.0,21.0
2014-07-16,22.9,77,52,8.9,14.55,0.0,23.0
2014-07-17,24.6,75,64,13.8,13.87,0.0,26.0
2014-07-18,22.3,69,87,34.1,11.41,0.8,23.0
2014-07-19,17.7,80,45,12.9,12.97,0.4,20.0
2014-07-20,18.4,83,29,12.2,15.44,0.0,19.0
2014-07-21,21.0,81,14,12.8,16.37,0.0,21.0
2014-07-22,24.5,74,36,11.9,16.55,0.0,24.0
2014-07-23,24.5,56,11,16.6,16.87,0.0,26.0
2014-07-24,24.1,66,81,28.7,9.5,7.5,24.0
2014-07-25,17.0,86,100,23.3,7.53,6.9,18.0
2014-07-26,17.2,87,100,10.1,4.1,0.4,15.0
2014-07-27,16.1,91,100,15.6,3.93,0.7,15.0
2014-07-28,16.5,90,99,22.9,5.45,0.8,17.0
2014-07-29,18.0,86,70,20.6,8.25,0.1,19.0
2014-07-30,21.1,84,27,13.9,16.73,0.0,22.0
2014-07-31,22.8,78,50,7.2,17.07,0.0,23.0
2014-08-01,24.4,71,38,14.7,17.12,0.0,26.0
2014-08-02,25.2,62,8,12.8,16.01,0.0,
2014-08-03,26.4,60,6,13.5,17.91,0.0,28.0
2014-08-04,27.0,55,0,23.0,17.92,0.0,30.0
2014-08-05,17.9,78,54,24.5,11.64,0.5,18.0
2014-08-06,22.1,67,7,16.4,18.96,0.0,23.0
2014-08-07,25.3,48,0,11.5,19.25,0.0,27.0
2014-08-08,21.1,76,75,19.4,10.93,0.0,19.0
2014-08-09,20.2,86,99,13.7,7.96,0.9,21.0
2014-08-10,24.7,73,93,10.8,15.9,0.0,25.0
2014-08-11,26.0,54,3,15.0,18.85,0.0,27.0
2014-08-12,28.2,55,22,15.0,17.22,0.0,29.0
2014-08-13,17.4,84,78,22.3,4.07,9.6,18.0
2014-08-14,12.7,88,97,21.7,3.27,3.2,13.0
2014-08-15,19.6,85,88,19.1,8.52,0.2,20.0
2014-08-16,22.3,88,80,12.6,12.45,3.7,21.0
2014-08-17,23.3,86,91,10.7,14.83,7.3,24.0
2014-08-18,22.3,89,79,12.8,14.46,0.1,24.0
2014-08-19,21.5,83,45,12.1,18.88,0.0,21.0
2014-08-20,23.0,81,28,14.5,20.3,0.0,23.0
2014-08-21,26.5,74,23,10.8,20.31,0.0,28.0
2014-08-22,27.6,71,33,11.2,20.24,0.0,29.0
2014-08-23,27.0,71,5,12.5,20.62,0.0,29.0
2014-08-24,28.5,53,0,19.1,21.11,0.0,30.0
2014-08-25,29.1,44,3,20.1,21.18,0.0,30.0
2014-08-26,28.0,55,48,14.8,17.98,1.4,24.0
2014-08-27,23.0,76,44,16.3,17.03,1.5,23.0
2014-08-28,18.1,87,87,16.8,10.6,5.8,20.0
2014-08-29,18.9,81,87,13.8,13.18,0.0,18.0
2014-08-30,23.7,81,59,13.6,19.98,0.0,24.0
2014-08-31,29.4,77,97,28.7,17.13,6.6,32.0
2014-09-01,26.7,76,66,24.7,17.12,5.0,26.0
2014-09-02,27.8,82,85,14.0,19.37,0.0,29.0
2014-09-03,26.8,80,89,25.2,17.58,4.2,26.0
2014-09-04,18.2,81,82,22.9,11.21,0.3,19.0
2014-09-05,20.2,77,49,23.5,19.28,0.0,22.0
2014-09-06,25.7,67,7,15.5,22.56,0.0,27.0
2014-09-07,27.1,61,43,14.9,22.01,0.0,28.0
2014-09-08,26.3,71,52,12.3,20.28,0.0,27.0
2014-09-09,29.0,58,11,12.8,23.12,0.0,30.0
2014-09-10,30.1,43,9,22.5,23.68,0.0,31.0
2014-09-11,30.9,60,36,18.0,21.5,0.0,32.0
2014-09-12,27.4,75,44,20.9,22.63,0.0,28.0
2014-09-13,27.9,69,16,13.8,23.83,0.0,29.0
2014-09-14,31.0,57,13,11.3,24.18,0.0,30.0
2014-09-15,32.7,50,43,21.3,21.35,0.0,32.0
2014-09-16,23.7,68,65,18.6,15.26,0.0,22.0
2014-09-17,22.1,80,89,17.3,13.78,0.0,22.0
2014-09-18,27.7,76,89,16.2,19.72,0.0,27.0
2014-09-19,32.8,74,100,18.2,17.04,4.0,23.0
2014-09-20,27.9,79,99,20.2,12.42,10.5,23.0
2014-09-21,20.3,89,84,19.7,11.57,21.3,21.0
2014-09-22,19.4,79,44,17.7,18.17,0.0,21.0
2014-09-23,26.4,71,4,15.1,25.74,0.0,28.0
2014-09-24,29.6,65,79,22.3,20.81,0.5,32.0
2014-09-25,24.3,83,90,15.9,9.23,6.8,27.0
2014-09-26,25.5,82,99,23.5,13.05,10.0,28.0
2014-09-27,23.2,92,100,12.5,8.31,1.9,21.0
2014-09-28,25.3,86,99,15.7,16.59,0.0,25.0
2014-09-29,30.7,79,99,16.8,19.65,2.2,31.0
2014-09-30,28.9,82,97,14.1,17.88,8.3,29.0
2014-10-01,30.0,77,85,21.3,22.74,0.6,30.0
2014-10-02,19.3,82,88,23.1,11.45,0.8,19.0
2014-10-03,17.2,77,90,24.0,14.33,0.0,19.0
2014-10-04,17.6,73,69,22.1,17.06,0.0,19.0
2014-10-05,19.2,76,45,20.2,22.69,0.0,20.0
2014-10-06,23.6,73,76,15.9,26.82,0.0,25.0
2014-10-07,25.2,70,71,9.4,21.81,0.0,25.0
2014-10-08,26.6,72,39,16.8,24.13,0.0,27.0
2014-10-09,29.5,61,6,10.0,27.6,0.0,31.0
2014-10-10,32.4,53,9,14.1,27.75,0.0,34.0
2014-10-11,31.7,64,3,17.8,27.39,0.5,33.0
2014-10-12,33.8,58,11,10.8,27.57,0.0,34.0
2014-10-13,35.0,56,25,12.2,27.18,0.0,36.0
2014-10-14,34.7,62,78,13.8,23.18,2.0,29.0
2014-10-15,28.0,78,36,19.9,25.72,0.0,27.0
2014-10-16,33.6,68,69,13.7,26.31,0.0,34.0
2014-10-17,35.0,70,94,20.2,22.74,1.4,37.0
2014-10-18,34.7,65,16,13.1,26.73,0.6,30.0
2014-10-19,35.3,61,53,25.6,25.64,4.1,36.0
2014-10-20,25.3,82,94,18.9,17.65,1.4,23.0
2014-10-21,20.3,77,81,19.9,12.11,0.4,19.0
2014-10-22,20.4,81,90,20.1,9.65,0.4,21.0
2014-10-23,26.3,76,53,16.6,22.28,0.0,28.0
2014-10-24,29.3,77,70,17.3,23.06,1.1,31.0
2014-10-25,25.2,83,99,10.7,13.11,9.2,27.0
2014-10-26,25.5,87,79,17.7,18.86,11.2,26.0
2014-10-27,24.7,79,45,18.7,24.43,0.0,25.0
2014-10-28,24.7,74,10,15.8,29.33,0.0,27.0
2014-10-29,28.9,69,9,11.5,28.97,0.0,31.0
2014-10-30,30.5,61,23,18.8,23.33,0.0,32.0
2014-10-31,30.9,67,46,21.9,25.29,1.8,33.0
2014-11-01,30.7,76,84,16.4,23.51,12.1,33.0
2014-11-02,26.3,87,88,19.5,18.23,2.6,28.0
2014-11-03,28.8,82,91,11.3,20.51,4.7,30.0
2014-11-04,25.2,84,99,15.8,11.41,6.2,27.0
2014-11-05,23.2,91,100,20.6,9.04,16.5,22.0
2014-11-06,25.9,84,87,16.4,18.36,0.3,27.0
2014-11-07,29.1,78,87,12.1,24.27,2.9,30.0
2014-11-08,25.9,88,99,14.3,12.88,26.6,26.0
2014-11-09,24.1,85,64,18.4,22.34,2.0,24.0
2014-11-10,25.3,80,32,17.3,29.11,0.0,26.0
2014-11-11,26.2,78,40,18.0,26.64,0.0,28.0
2014-11-12,26.6,79,96,11.2,12.96,0.0,26.0
2014-11-13,26.1,83,72,19.1,19.92,12.7,29.0
2014-11-14,20.3,84,99,21.9,11.84,1.0,19.0
2014-11-15,20.2,81,77,20.7,16.34,0.9,23.0
2014-11-16,22.8,77,51,19.5,28.25,0.0,24.0
2014-11-17,22.2,76,10,20.4,31.09,0.0,23.0
2014-11-18,24.8,75,11,14.8,30.06,0.0,27.0
2014-11-19,28.2,73,67,14.3,26.47,0.0,31.0
2014-11-20,26.7,72,85,14.3,16.85,1.8,28.0
2014-11-21,29.6,72,79,15.0,25.11,0.9,31.0
2014-11-22,28.1,76,94,17.7,15.33,1.0,28.0
2014-11-23,25.6,82,97,14.2,16.75,1.6,27.0
2014-11-24,26.5,83,89,17.3,16.72,3.9,27.0
2014-11-25,26.2,85,99,13.0,14.39,18.8,30.0
2014-11-26,23.2,91,98,24.3,9.34,29.5,27.0
2014-11-27,24.6,89,88,20.1,14.78,1.6,24.0
2014-11-28,23.1,85,99,18.1,15.23,0.7,25.0
2014-11-29,24.0,82,98,17.3,14.7,0.0,24.0
2014-11-30,26.5,81,92,15.9,19.9,0.9,26.0
2014-12-01,28.4,78,78,12.7,25.67,0.0,30.0
2014-12-02,28.1,69,73,16.2,27.23,0.0,30.0
2014-12-03,28.0,64,22,23.6,26.31,0.0,30.0
2014-12-04,24.1,85,80,21.0,13.27,9.0,27.0
2014-12-05,22.2,82,76,20.1,15.87,0.7,21.0
2014-12-06,25.4,80,56,20.8,22.52,0.0,28.0
2014-12-07,27.3,78,57,13.5,24.32,0.4,31.0
2014-12-08,28.2,71,93,11.8,23.95,2.2,31.0
2014-12-09,28.4,74,91,11.3,21.27,4.3,28.0
2014-12-10,26.7,85,99,17.8,12.61,18.5,27.0
2014-12-11,25.3,84,97,13.1,15.19,12.0,27.0
2014-12-12,26.4,83,86,14.1,18.65,15.0,28.0
2014-12-13,23.4,87,98,25.4,7.99,10.1,23.0
2014-12-14,24.5,86,66,27.4,17.54,1.8,26.0
2014-12-15,24.1,77,49,18.8,29.17,0.0,25.0
2014-12-16,24.9,77,40,18.0,28.63,0.0,25.0
2014-12-17,28.0,76,83,14.8,24.14,0.0,30.0
2014-12-18,30.2,78,86,15.9,28.38,0.8,32.0
2014-12-19,28.3,86,95,17.6,17.57,16.7,30.0
2014-12-20,29.8,78,42,23.1,26.27,0.8,31.0
2014-12-21,29.2,75,61,23.8,24.42,0.4,30.0
2014-12-22,26.5,84,98,24.5,15.24,14.6,30.0
2014-12-23,21.3,98,100,22.4,2.61,50.5,23.0
2014-12-24,20.9,91,99,16.6,6.09,9.1,22.0
2014-12-25,27.3,84,67,12.0,23.67,4.5,28.0
2014-12-26,29.5,82,74,14.2,25.4,0.7,33.0
2014-12-27,31.7,71,81,9.2,29.24,0.0,34.0
2014-12-28,31.2,70,83,18.1,26.61,0.0,34.0
2014-12-29,30.5,74,96,19.2,24.72,11.4,32.0
2014-12-30,28.1,80,98,15.8,16.55,4.5,31.0
2014-12-31,28.4,82,95,21.4,22.25,8.3,
2015-01-01,31.1,71,78,20.9,29.52,1.3,32.0
2015-01-02,30.9,74,71,21.7,27.37,4.7,33.0
2015-01-03,26.3,88,97,16.8,17.1,8.4,30.0
2015-01-04,26.9,88,98,13.7,14.69,22.7,28.0
2015-01-05,25.0,88,96,13.9,11.83,2.7,28.0
2015-01-06,28.3,84,72,9.7,22.38,9.2,30.0
2015-01-07,30.3,77,23,10.7,27.09,6.9,32.0
2015-01-08,29.8,74,20,9.6,27.75,3.2,32.0
2015-01-09,30.4,72,21,13.8,26.88,0.8,33.0
2015-01-10,31.0,74,32,11.6,26.91,1.7,35.0
2015-01-11,32.2,78,52,10.8,25.4,2.8,35.0
2015-01-12,33.1,75,53,15.4,27.78,0.8,34.0
2015-01-13,29.9,78,19,11.5,25.69,5.9,33.0
2015-01-14,31.3,74,61,6.8,24.24,3.1,33.0
2015-01-15,29.9,81,62,15.3,24.08,1.0,33.0
2015-01-16,30.1,78,62,13.0,27.2,0.0,32.0
2015-01-17,32.4,71,37,7.9,28.21,0.0,35.0
2015-01-18,32.1,74,63,12.6,25.99,0.0,35.0
2015-01-19,33.4,72,26,14.1,28.35,0.0,35.0
2015-01-20,33.5,70,26,15.9,28.7,0.0,35.0
2015-01-21,31.5,73,98,18.2,22.71,2.0,30.0
2015-01-22,26.3,83,83,18.9,20.14,8.1,24.0
2015-01-23,24.9,85,80,19.9,19.8,2.3,27.0
2015-01-24,27.5,81,65,11.9,21.84,9.3,28.0
2015-01-25,28.8,77,73,18.5,26.14,2.7,31.0
2015-01-26,28.4,80,98,16.6,22.14,2.7,29.0
2015-01-27,27.8,78,97,14.6,20.04,5.4,28.0
2015-01-28,29.2,72,95,17.1,20.2,3.9,29.0
2015-01-29,27.1,77,86,26.8,21.71,9.0,30.0
2015-01-30,24.7,86,98,20.5,11.1,1.9,26.0
2015-01-31,24.1,87,95,18.4,10.52,1.1,25.0
2015-02-01,26.8,86,87,12.8,16.87,9.1,28.0
2015-02-02,27.3,85,83,12.3,19.55,21.1,25.0
2015-02-03,27.0,85,66,12.2,22.14,4.9,29.0
2015-02-04,25.3,87,96,13.0,11.42,6.5,24.0
2015-02-05,25.2,91,95,27.3,14.39,18.2,23.0
2015-02-06,24.5,90,80,15.8,14.35,19.1,26.0
2015-02-07,26.4,84,57,10.8,23.37,4.0,28.0
2015-02-08,26.8,84,31,13.8,23.56,3.7,29.0
2015-02-09,27.7,84,44,13.6,22.46,7.6,29.0
2015-02-10,27.8,83,67,20.0,20.17,2.8,29.0
2015-02-11,28.2,81,55,17.7,22.36,2.9,31.0
2015-02-12,30.3,78,67,18.2,25.25,0.8,32.0
2015-02-13,29.8,79,86,10.3,21.76,3.7,32.0
2015-02-14,29.9,83,96,12.4,20.63,4.7,31.0
2015-02-15,26.3,90,85,20.7,14.16,11.5,28.0
2015-02-16,24.3,93,96,9.6,7.31,17.9,27.0
2015-02-17,24.4,91,99,15.8,9.33,17.4,27.0
2015-02-18,24.3,91,96,24.1,9.42,24.5,26.0
2015-02-19,26.5,79,78,26.7,20.92,6.2,27.0
2015-02-20,26.8,77,97,18.5,19.36,0.5,28.0
2015-02-21,28.9,79,82,15.1,23.42,0.8,31.0
2015-02-22,28.6,82,54,16.8,26.48,0.0,30.0
2015-02-23,29.0,79,69,11.9,24.55,1.0,31.0
2015-02-24,29.4,80,66,11.9,22.78,9.3,29.0
2015-02-25,29.0,82,69,14.1,23.68,5.5,30.0
2015-02-26,28.0,81,46,10.3,21.41,4.3,30.0
2015-02-27,28.9,77,66,13.3,22.14,0.0,31.0
2015-02-28,25.8,86,84,22.1,18.93,5.0,27.0
2015-03-01,23.9,83,72,21.4,16.24,0.9,26.0
2015-03-02,27.0,77,42,16.5,26.98,0.0,28.0
2015-03-03,27.8,78,48,17.1,24.42,0.0,29.0
2015-03-04,27.3,82,33,13.6,21.99,1.2,30.0
2015-03-05,27.9,83,69,10.6,21.05,1.8,31.0
2015-03-06,27.4,87,95,11.3,14.07,11.2,29.0
2015-03-07,24.9,90,94,14.3,8.36,19.7,28.0
2015-03-08,25.6,90,98,7.2,11.4,25.9,25.0
2015-03-09,24.2,92,99,16.8,9.24,26.3,24.0
2015-03-10,25.2,86,62,20.4,16.0,4.7,26.0
2015-03-11,26.2,84,54,26.5,19.08,2.9,28.0
2015-03-12,26.5,85,74,14.8,15.94,6.2,27.0
2015-03-13,27.1,86,96,12.5,17.14,9.7,28.0
2015-03-14,26.2,85,97,4.6,16.59,10.1,27.0
2015-03-15,26.4,88,95,12.5,11.93,11.9,26.0
2015-03-16,27.5,86,78,14.2,17.24,7.6,29.0
2015-03-17,25.1,88,100,12.4,14.78,4.9,24.0
2015-03-18,22.7,90,100,11.2,9.69,6.3,23.0
2015-03-19,24.9,91,100,11.4,10.93,17.9,25.0
2015-03-20,26.9,87,100,10.0,16.33,9.4,26.0
2015-03-21,24.1,84,94,15.6,12.04,3.7,25.0
2015-03-22,22.1,92,93,16.9,8.56,24.6,23.0
2015-03-23,23.3,87,68,17.7,14.01,0.8,22.0
2015-03-24,24.7,85,59,17.2,19.04,0.0,26.0
2015-03-25,24.6,83,58,15.3,17.54,0.0,27.0
2015-03-26,27.5,80,77,16.9,20.29,0.0,30.0
2015-03-27,27.3,84,75,13.0,21.83,0.0,30.0
2015-03-28,26.8,83,58,13.1,21.2,0.3,29.0
2015-03-29,27.3,88,87,14.1,12.79,11.3,26.0
2015-03-30,27.4,85,89,15.3,14.97,0.1,25.0
2015-03-31,26.8,85,71,22.1,17.94,1.8,29.0
2015-04-01,25.7,85,88,15.4,16.77,0.0,27.0
2015-04-02,24.3,82,47,16.7,19.25,0.0,25.0
2015-04-03,24.4,83,73,16.6,17.05,0.0,26.0
2015-04-04,26.3,82,66,12.3,18.08,0.5,29.0
2015-04-05,25.8,85,89,22.7,12.64,6.0,27.0
2015-04-06,23.9,88,76,26.1,12.82,2.0,27.0
2015-04-07,19.1,85,76,22.6,10.83,1.6,20.0
2015-04-08,22.7,79,32,17.8,17.53,0.0,23.0
2015-04-09,23.5,84,54,13.6,15.48,0.2,25.0
2015-04-10,23.6,85,78,12.8,14.22,0.2,25.0
2015-04-11,25.6,82,74,12.2,16.6,0.0,28.0
2015-04-12,25.4,85,82,14.5,17.93,0.2,25.0
2015-04-13,24.0,86,98,14.7,12.71,0.4,25.0
2015-04-14,25.1,84,80,12.7,13.19,0.8,28.0
2015-04-15,25.7,84,63,15.0,14.07,8.1,28.0
2015-04-16,25.7,88,69,14.9,14.3,6.1,27.0
2015-04-17,24.7,86,96,13.7,12.88,0.0,26.0
2015-04-18,27.4,83,70,16.4,18.13,1.1,29.0
2015-04-19,26.0,90,98,10.6,11.44,4.7,27.0
2015-04-20,27.4,83,88,8.2,15.55,0.7,29.0
2015-04-21,27.9,85,93,18.1,14.27,6.9,30.0
2015-04-22,23.2,92,100,14.3,8.43,5.5,22.0
2015-04-23,23.2,89,81,13.8,9.0,3.6,24.0
2015-04-24,25.9,87,80,15.4,14.63,2.4,28.0
2015-04-25,21.2,86,76,18.7,12.66,0.4,23.0
2015-04-26,22.0,86,81,15.5,12.09,0.0,23.0
2015-04-27,23.8,83,59,14.0,16.73,0.0,25.0
2015-04-28,24.7,83,71,17.0,15.7,0.0,26.0
2015-04-29,20.9,89,73,17.6,14.27,1.1,22.0
2015-04-30,19.1,89,66,19.1,11.74,1.7,20.0
2015-05-01,20.8,85,60,14.5,13.35,0.0,23.0
2015-05-02,24.3,82,78,12.0,15.83,0.0,20.0
2015-05-03,25.3,76,75,22.1,15.45,0.0,26.0
2015-05-04,21.2,81,96,22.5,4.56,11.7,22.0
2015-05-05,19.8,91,98,15.6,5.54,0.6,21.0
2015-05-06,19.7,88,85,14.6,5.76,1.0,20.0
2015-05-07,20.7,88,78,17.5,14.43,0.7,22.0
2015-05-08,17.0,86,94,20.4,6.31,0.8,18.0
2015-05-09,24.0,81,32,11.2,17.22,0.0,25.0
2015-05-10,24.2,85,87,14.2,12.32,15.0,20.0
2015-05-11,21.8,89,89,22.1,9.33,1.6,21.0
2015-05-12,20.1,84,53,16.7,13.34,1.2,21.0
2015-05-13,19.4,86,99,18.3,10.49,0.5,19.0
2015-05-14,19.4,88,90,18.6,9.3,0.4,20.0
2015-05-15,20.7,83,85,13.6,12.21,0.0,21.0
2015-05-16,21.9,83,59,10.7,16.98,0.0,22.0
2015-05-17,21.9,85,96,10.5,13.14,0.0,22.0
2015-05-18,21.6,87,99,10.8,10.64,1.1,21.0
2015-05-19,20.9,91,89,11.2,8.78,2.9,22.0
2015-05-20,22.2,88,75,11.0,13.14,0.2,23.0
2015-05-21,23.1,86,67,10.6,13.71,0.0,24.0
2015-05-22,24.2,81,40,7.1,14.25,0.0,25.0
2015-05-23,24.7,78,76,11.3,15.16,0.0,24.0
2015-05-24,25.2,74,50,20.9,16.2,0.0,26.0
2015-05-25,26.4,79,82,9.5,14.91,0.2,28.0
2015-05-26,24.4,90,91,11.2,9.01,0.0,25.0
2015-05-27,26.1,78,59,17.4,13.86,0.5,28.0
2015-05-28,19.3,86,79,22.8,4.8,6.6,22.0
2015-05-29,20.2,86,73,20.3,8.94,2.2,22.0
2015-05-30,21.4,78,92,12.2,13.35,1.7,22.0
2015-05-31,20.3,91,99,14.0,5.69,26.8,17.0
2015-06-01,19.3,93,95,14.4,4.58,0.8,18.0
2015-06-02,18.9,89,100,14.8,4.94,0.2,18.0
2015-06-03,22.3,87,70,13.0,10.51,0.0,21.0
2015-06-04,23.6,87,60,8.6,14.07,0.0,24.0
2015-06-05,23.7,83,50,10.2,15.04,0.0,23.0
2015-06-06,24.5,77,18,17.6,15.07,0.0,26.0
2015-06-07,24.2,71,6,17.3,14.8,0.0,26.0
2015-06-08,24.2,69,8,10.7,15.39,0.0,26.0
2015-06-09,24.0,67,3,6.1,15.43,0.0,26.0
2015-06-10,23.7,67,15,16.9,14.55,0.0,26.0
2015-06-11,24.9,67,0,19.5,15.24,0.0,27.0
2015-06-12,19.9,86,78,18.3,4.72,0.1,20.0
2015-06-13,25.7,74,27,23.2,14.87,0.0,27.0
2015-06-14,25.8,65,20,35.6,15.08,0.0,27.0
2015-06-15,20.1,90,86,23.6,1.41,15.3,22.0
2015-06-16,17.0,90,98,14.0,5.77,0.0,17.0
2015-06-17,25.0,83,42,11.6,12.97,0.0,26.0
2015-06-18,25.6,81,29,26.8,14.1,12.0,27.0
2015-06-19,15.3,92,100,23.1,2.55,5.2,17.0
2015-06-20,18.8,84,62,21.3,9.68,0.0,20.0
2015-06-21,22.6,81,25,8.6,15.05,0.0,23.0
2015-06-22,23.3,82,53,9.7,13.78,0.0,24.0
2015-06-23,22.9,81,45,17.3,13.03,0.0,25.0
2015-06-24,15.5,91,97,22.1,4.21,1.6,17.0
2015-06-25,17.3,87,90,19.8,6.21,0.0,18.0
2015-06-26,17.8,85,69,18.4,8.41,0.0,20.0
2015-06-27,19.5,82,22,13.8,15.09,0.0,20.0
2015-06-28,20.1,77,31,9.7,15.51,0.0,21.0
2015-06-29,22.5,74,37,13.0,13.23,0.0,24.0
2015-06-30,23.3,68,43,26.0,14.74,0.0,25.0
2015-07-01,20.6,84,84,16.9,7.07,10.3,21.0
2015-07-02,20.0,92,100,10.6,4.89,0.7,20.0
2015-07-03,20.3,90,99,20.3,4.74,15.6,19.0
2015-07-04,21.4,84,100,19.7,5.95,12.3,22.0
2015-07-05,13.9,87,99,16.1,3.84,0.9,14.0
2015-07-06,20.8,86,91,17.2,9.87,0.0,20.0
2015-07-07,20.1,92,96,13.2,6.23,12.5,20.0
2015-07-08,20.2,88,100,26.3,5.52,7.7,20.0
2015-07-09,20.5,81,49,31.2,12.52,0.0,21.0
2015-07-10,22.7,84,41,11.1,13.35,0.0,25.0
2015-07-11,25.3,77,93,19.1,12.39,0.0,19.0
2015-07-12,25.6,76,30,15.9,14.96,0.0,28.0
2015-07-13,26.1,66,76,19.5,14.54,0.0,29.0
2015-07-14,26.4,60,41,21.0,15.39,0.0,29.0
2015-07-15,26.1,77,90,12.9,14.1,0.0,27.0
2015-07-16,25.6,82,97,9.4,14.13,0.0,26.0
2015-07-17,23.8,78,95,16.3,13.46,0.0,24.0
2015-07-18,23.5,73,67,10.1,14.25,0.0,24.0
2015-07-19,23.7,70,7,14.4,16.07,0.0,26.0
2015-07-20,23.9,65,31,20.4,16.0,0.0,26.0
2015-07-21,22.1,78,76,22.1,5.35,1.9,22.0
2015-07-22,15.8,88,100,17.1,3.61,0.9,16.0
2015-07-23,20.6,87,92,13.3,8.26,5.4,20.0
2015-07-24,24.0,79,49,15.9,14.76,6.0,26.0
2015-07-25,18.4,96,88,11.6,4.69,10.7,17.0
2015-07-26,21.0,84,51,13.7,13.64,0.0,23.0
2015-07-27,21.9,86,59,6.9,13.79,0.0,23.0
2015-07-28,23.1,79,47,8.4,16.75,0.0,25.0
2015-07-29,22.6,82,48,7.5,16.22,0.0,23.0
2015-07-30,24.4,83,64,9.7,16.38,0.0,27.0
2015-07-31,25.0,80,50,9.0,16.38,0.0,26.0
2015-08-01,24.4,76,35,10.7,16.74,0.0,26.0
2015-08-02,24.5,66,1,13.8,17.71,0.0,26.0
2015-08-03,25.1,63,0,17.9,17.9,0.0,27.0
2015-08-04,25.6,64,1,10.3,17.91,0.0,27.0
2015-08-05,25.3,69,18,10.8,17.19,0.0,27.0
2015-08-06,25.5,66,47,12.7,14.84,0.0,27.0
2015-08-07,26.3,61,1,12.6,18.13,0.0,29.0
2015-08-08,26.6,69,11,12.2,18.2,0.0,27.0
2015-08-09,25.0,81,59,12.7,16.7,0.0,26.0
2015-08-10,25.4,76,16,12.1,18.57,0.0,27.0
2015-08-11,25.5,81,56,11.6,17.31,0.0,27.0
2015-08-12,24.7,79,23,8.7,18.64,0.0,26.0
2015-08-13,25.7,74,42,9.7,18.83,0.0,28.0
2015-08-14,25.6,75,40,9.5,18.35,0.0,27.0
2015-08-15,25.9,62,25,16.0,18.21,0.0,27.0
2015-08-16,26.5,64,24,15.6,18.05,0.0,26.0
2015-08-17,26.3,66,35,12.1,19.22,0.0,27.0
2015-08-18,25.3,58,85,21.2,14.75,0.0,27.0
2015-08-19,27.3,54,21,31.4,17.37,0.7,29.0
2015-08-20,18.8,81,60,19.4,9.65,0.1,19.0
2015-08-21,21.7,78,76,17.0,15.38,0.0,22.0
2015-08-22,25.0,78,46,13.3,19.11,0.0,25.0
2015-08-23,29.4,68,73,16.2,19.69,0.0,30.0
2015-08-24,19.2,82,99,20.6,7.44,5.8,19.0
2015-08-25,20.3,95,96,15.4,8.6,19.5,20.0
2015-08-26,24.1,85,63,12.7,13.6,0.0,24.0
2015-08-27,22.6,84,82,16.3,8.54,10.9,17.0
2015-08-28,20.8,84,81,15.6,14.32,0.0,21.0
2015-08-29,25.1,79,37,11.5,20.92,0.0,26.0
2015-08-30,28.7,71,14,8.7,21.47,0.0,31.0
2015-08-31,29.6,63,0,11.1,21.72,0.0,32.0
2015-09-01,28.9,70,31,27.1,21.16,0.3,31.0
2015-09-02,19.2,83,94,16.7,9.68,0.0,20.0
2015-09-03,25.9,82,70,12.8,16.63,2.0,24.0
2015-09-04,20.1,92,84,16.9,8.8,3.9,18.0
2015-09-05,18.0,87,89,21.7,7.49,0.9,18.0
2015-09-06,22.5,90,85,12.7,11.11,8.7,20.0
2015-09-07,25.5,82,70,20.2,14.97,11.3,25.0
2015-09-08,25.4,85,100,21.7,9.49,44.3,19.0
2015-09-09,21.9,83,74,16.3,13.77,29.1,23.0
2015-09-10,22.7,86,94,24.4,11.38,2.6,25.0
2015-09-11,20.8,91,99,21.9,5.24,55.2,22.0
2015-09-12,15.8,92,100,16.8,4.22,5.1,15.0
2015-09-13,17.8,87,100,16.3,8.32,1.3,16.0
2015-09-14,21.2,80,79,18.1,16.62,0.1,21.0
2015-09-15,28.2,80,45,17.1,20.85,0.5,30.0
2015-09-16,30.0,67,17,22.4,23.41,0.0,33.0
2015-09-17,30.9,59,27,18.8,23.72,0.0,33.0
2015-09-18,31.4,60,24,14.1,23.02,0.0,34.0
2015-09-19,32.1,66,22,15.5,24.26,0.0,35.0
2015-09-20,31.1,79,39,14.0,23.2,0.0,33.0
2015-09-21,30.4,77,25,11.2,24.6,0.0,33.0
2015-09-22,31.2,72,23,11.8,24.9,0.0,33.0
2015-09-23,31.9,68,9,10.3,25.14,0.0,33.0
2015-09-24,33.2,58,0,17.3,25.6,0.0,35.0
2015-09-25,32.6,61,39,12.5,20.92,1.1,31.0
2015-09-26,24.9,90,99,15.3,6.67,19.7,23.0
2015-09-27,28.9,83,60,16.5,21.37,3.9,31.0
2015-09-28,25.4,87,86,25.6,13.96,33.7,24.0
2015-09-29,25.5,88,100,11.2,10.74,2.5,27.0
2015-09-30,27.0,86,87,15.6,17.85,15.1,28.0
2015-10-01,24.4,88,89,14.8,13.98,2.5,26.0
2015-10-02,29.4,80,72,15.0,22.91,0.2,32.0
2015-10-03,25.7,84,100,17.1,11.21,5.4,27.0
2015-10-04,19.7,94,100,14.4,5.57,1.2,21.0
2015-10-05,21.2,83,92,18.5,13.56,0.0,22.0
2015-10-06,24.9,82,61,15.9,23.68,0.0,25.0
2015-10-07,29.1,76,38,11.7,25.84,0.0,31.0
2015-10-08,31.3,65,45,14.3,27.0,0.0,34.0
2015-10-09,31.0,67,98,20.3,22.72,0.0,29.0
2015-10-10,27.4,80,96,19.3,14.3,2.1,28.0
2015-10-11,28.4,83,98,14.8,16.52,0.0,29.0
2015-10-12,28.8,78,82,12.7,22.15,0.3,29.0
2015-10-13,26.8,83,63,15.0,21.4,0.7,27.0
2015-10-14,32.1,73,35,15.5,24.91,0.0,29.0
2015-10-15,33.3,52,15,22.4,25.22,0.0,36.0
2015-10-16,32.7,65,61,17.1,20.8,0.0,36.0
2015-10-17,26.6,84,84,21.9,19.12,0.0,29.0
2015-10-18,19.7,83,100,19.9,10.23,0.0,20.0
2015-10-19,25.9,81,88,16.6,20.53,0.0,27.0
2015-10-20,34.3,65,39,16.8,24.76,0.2,36.0
2015-10-21,34.5,64,86,16.8,25.82,4.5,33.0
2015-10-22,30.0,86,85,14.6,14.3,13.7,22.0
2015-10-23,28.3,82,95,18.8,22.47,0.7,27.0
2015-10-24,22.5,82,91,20.8,13.66,0.4,21.0
2015-10-25,21.8,83,95,19.2,14.57,0.0,20.0
2015-10-26,27.8,83,99,16.4,17.63,7.7,29.0
2015-10-27,25.9,89,99,15.0,15.62,8.6,28.0
2015-10-28,24.4,88,99,17.3,13.35,2.2,24.0
2015-10-29,23.9,85,79,20.7,20.76,1.8,25.0
2015-10-30,27.8,76,55,19.7,25.8,0.0,30.0
2015-10-31,29.6,74,94,16.2,22.35,2.0,30.0
2015-11-01,22.4,91,98,15.7,7.26,23.6,23.0
2015-11-02,24.6,93,94,12.0,9.52,36.7,27.0
2015-11-03,25.3,94,100,21.6,9.23,8.5,26.0
2015-11-04,25.0,93,98,15.9,10.3,17.0,28.0
2015-11-05,26.8,86,88,10.5,12.88,1.8,26.0
2015-11-06,23.9,91,99,18.7,12.45,7.8,23.0
2015-11-07,21.3,92,100,20.1,7.59,2.7,20.0
2015-11-08,25.1,89,96,16.6,15.63,4.7,23.0
2015-11-09,27.1,89,85,11.5,18.54,20.6,30.0
2015-11-10,28.9,85,83,13.5,25.28,0.5,31.0
2015-11-11,31.2,80,99,11.3,25.39,6.8,32.0
2015-11-12,29.0,84,94,14.5,25.68,0.8,31.0
2015-11-13,30.1,81,95,9.8,26.18,0.8,30.0
2015-11-14,29.9,77,76,21.4,26.19,0.0,30.0
2015-11-15,27.6,87,100,15.9,15.85,1.4,28.0
2015-11-16,22.7,91,100,17.2,10.02,0.1,24.0
2015-11-17,28.6,83,94,13.4,19.96,4.1,29.0
2015-11-18,28.7,81,79,15.7,23.78,1.6,30.0
2015-11-19,29.4,79,85,21.5,25.45,7.6,30.0
2015-11-20,24.5,90,99,27.4,8.33,11.2,28.0
2015-11-21,20.4,88,83,19.3,9.15,4.1,22.0
2015-11-22,25.4,83,61,14.5,17.72,0.0,28.0
2015-11-23,24.0,93,99,12.7,11.39,10.8,23.0
2015-11-24,24.0,93,100,22.3,8.48,33.6,23.0
2015-11-25,24.7,88,100,13.4,12.22,4.8,25.0
2015-11-26,25.2,86,94,16.4,20.86,1.8,28.0
2015-11-27,28.0,80,72,19.3,27.54,0.0,28.0
2015-11-28,28.2,83,94,26.8,21.88,11.5,30.0
2015-11-29,27.1,89,92,18.4,17.06,21.8,26.0
2015-11-30,21.3,89,100,20.5,9.66,0.3,22.0
2015-12-01,23.7,87,99,16.7,12.1,0.0,25.0
2015-12-02,26.4,88,97,16.6,15.54,1.9,28.0
2015-12-03,24.0,89,98,17.8,12.1,3.2,26.0
2015-12-04,26.3,86,98,12.8,18.7,11.9,29.0
2015-12-05,28.4,84,87,13.8,23.07,15.2,32.0
2015-12-06,26.5,88,97,10.4,15.57,29.4,26.0
2015-12-07,21.8,94,99,15.1,8.32,6.3,23.0
2015-12-08,26.2,86,92,15.8,16.39,0.6,27.0
2015-12-09,27.8,82,98,17.1,22.12,10.8,27.0
2015-12-10,26.2,85,99,31.3,14.34,2.5,26.0
2015-12-11,26.0,85,77,12.7,17.79,1.9,30.0
2015-12-12,28.4,84,67,10.1,21.04,18.2,31.0
2015-12-13,28.1,85,80,20.6,22.35,17.5,30.0
2015-12-14,29.8,78,88,17.2,27.94,1.5,31.0
2015-12-15,29.8,77,79,19.9,23.3,2.2,32.0
2015-12-16,23.1,92,100,17.1,9.54,10.5,24.0
2015-12-17,27.8,84,69,12.6,23.14,2.8,28.0
2015-12-18,30.4,75,37,16.2,29.27,2.1,33.0
2015-12-19,30.0,81,93,15.9,24.04,13.5,31.0
2015-12-20,27.3,88,98,14.3,16.59,10.9,28.0
2015-12-21,27.0,88,88,13.1,15.6,9.9,30.0
2015-12-22,29.5,81,84,11.9,25.73,8.8,30.0
2015-12-23,30.0,75,88,19.6,27.46,2.0,32.0
2015-12-24,30.1,77,97,16.8,25.75,2.4,31.0
2015-12-25,28.0,86,95,12.4,13.13,21.0,31.0
2015-12-26,26.0,85,97,10.7,15.97,7.6,30.0
2015-12-27,26.7,85,96,23.4,20.12,6.7,29.0
2015-12-28,23.8,90,100,24.8,9.24,10.1,26.0
2015-12-29,21.8,91,100,18.9,4.43,15.6,25.0
2015-12-30,21.5,88,100,26.4,5.85,25.5,23.0
2015-12-31,26.6,77,87,32.9,22.51,2.6,29.0
2016-01-01,27.2,86,78,19.7,17.97,10.6,31.0
2016-01-02,25.6,91,98,13.8,11.16,23.1,27.0
2016-01-03,24.1,88,98,20.9,11.55,1.2,24.0
2016-01-04,26.3,81,97,21.2,22.56,0.0,26.0
2016-01-05,27.7,77,64,16.9,27.9,0.0,29.0
2016-01-06,29.4,78,79,17.3,27.21,0.0,31.0
2016-01-07,28.9,79,88,12.9,24.03,0.5,32.0
2016-01-08,29.9,85,92,17.4,24.02,2.9,32.0
2016-01-09,29.0,86,99,11.7,18.61,27.1,31.0
2016-01-10,28.2,85,99,18.4,14.26,11.9,29.0
2016-01-11,22.5,92,100,26.1,4.96,27.0,24.0
2016-01-12,24.9,92,100,22.8,9.31,28.9,25.0
2016-01-13,25.5,93,100,11.6,8.23,16.5,29.0
2016-01-14,25.0,91,99,16.1,10.21,6.6,26.0
2016-01-15,23.2,96,100,18.7,5.08,38.3,23.0
2016-01-16,23.4,85,85,22.7,17.55,0.6,25.0
2016-01-17,24.4,78,37,21.4,29.17,0.0,26.0
2016-01-18,23.0,84,92,20.9,13.04,0.3,22.0
2016-01-19,21.9,85,56,21.1,14.46,3.6,22.0
2016-01-20,22.2,85,89,20.8,11.73,0.3,22.0
2016-01-21,24.1,80,56,24.8,22.45,0.0,25.0
2016-01-22,23.4,85,63,21.1,20.89,1.0,23.0
2016-01-23,25.3,84,77,16.3,21.87,0.5,27.0
2016-01-24,27.7,85,63,15.5,23.28,5.5,27.0
2016-01-25,29.3,79,36,12.8,26.33,2.4,32.0
2016-01-26,29.3,78,34,19.5,27.8,1.2,33.0
2016-01-27,27.3,87,99,13.2,16.76,11.7,30.0
2016-01-28,26.7,84,81,17.5,16.68,0.0,28.0
2016-01-29,27.6,82,92,14.0,19.81,6.9,28.0
2016-01-30,29.9,73,91,20.3,25.66,0.9,31.0
2016-01-31,30.9,63,93,18.2,29.92,0.0,33.0
2016-02-01,31.3,62,73,13.9,27.87,0.0,33.0
2016-02-02,29.9,79,72,17.1,24.65,0.2,32.0
2016-02-03,29.4,79,86,15.5,25.42,0.3,31.0
2016-02-04,30.4,79,97,10.9,23.68,1.9,28.0
2016-02-05,30.2,79,91,9.7,21.9,3.8,32.0
2016-02-06,27.8,86,71,13.9,22.39,3.1,29.0
2016-02-07,27.2,86,61,13.2,21.32,9.5,30.0
2016-02-08,28.7,83,59,10.9,22.87,4.0,32.0
2016-02-09,29.6,77,29,17.6,26.4,0.0,32.0
2016-02-10,29.8,78,87,16.0,21.58,3.0,33.0
2016-02-11,24.0,95,97,17.4,6.59,19.8,27.0
2016-02-12,26.0,82,42,17.5,23.79,0.0,28.0
2016-02-13,28.5,80,40,15.7,23.07,0.0,30.0
2016-02-14,29.8,77,90,19.1,24.26,0.0,33.0
2016-02-15,28.0,88,99,17.0,11.61,14.9,31.0
2016-02-16,25.2,89,100,18.1,8.62,13.9,29.0
2016-02-17,29.1,82,80,20.3,19.0,20.7,31.0
2016-02-18,28.3,84,88,17.8,22.09,19.8,30.0
2016-02-19,28.5,83,65,10.2,21.22,4.6,31.0
2016-02-20,28.5,83,69,17.7,22.34,9.2,32.0
2016-02-21,24.6,91,98,8.3,8.49,17.9,26.0
2016-02-22,24.1,91,100,18.9,7.37,13.8,24.0
2016-02-23,24.3,88,100,17.4,6.88,15.9,26.0
2016-02-24,27.1,85,99,15.1,13.22,4.7,28.0
2016-02-25,27.2,81,76,14.3,12.55,0.0,30.0
2016-02-26,28.3,79,81,21.0,22.69,0.8,31.0
2016-02-27,28.3,80,84,28.5,20.98,0.1,26.0
2016-02-28,27.8,85,97,23.6,19.68,13.5,27.0
2016-02-29,21.2,93,99,19.2,8.02,13.4,21.0
2016-03-01,20.1,96,100,14.4,5.68,29.6,20.0
2016-03-02,24.2,93,98,11.8,10.11,20.0,24.0
2016-03-03,24.1,91,88,33.2,10.24,6.4,26.0
2016-03-04,25.7,86,51,24.2,14.06,3.5,28.0
2016-03-05,26.4,85,42,20.0,17.76,7.3,29.0
2016-03-06,27.7,86,43,11.4,20.51,9.0,30.0
2016-03-07,28.0,88,60,13.7,20.11,5.9,31.0
2016-03-08,27.8,86,70,13.6,19.13,0.0,28.0
2016-03-09,29.0,79,91,10.9,21.75,0.0,31.0
2016-03-10,27.5,75,84,23.5,19.01,0.6,25.0
2016-03-11,25.0,88,67,25.8,11.66,4.9,26.0
2016-03-12,27.1,83,43,19.7,21.73,0.0,28.0
2016-03-13,23.9,84,62,15.6,14.61,0.1,24.0
2016-03-14,25.4,87,60,18.8,18.04,0.3,27.0
2016-03-15,26.7,84,51,18.6,21.35,1.2,29.0
2016-03-16,23.7,91,96,17.1,11.51,3.2,26.0
2016-03-17,26.1,87,55,12.8,19.32,1.9,28.0
2016-03-18,27.2,82,38,12.7,21.2,0.8,30.0
2016-03-19,28.5,81,46,15.1,24.18,0.0,31.0
2016-03-20,27.4,81,70,15.1,23.9,0.0,29.0
2016-03-21,28.9,79,48,13.8,23.43,0.0,31.0
2016-03-22,29.0,79,94,19.6,18.97,0.2,31.0
2016-03-23,26.1,88,73,13.4,13.52,9.1,28.0
2016-03-24,26.6,86,95,15.6,17.4,3.6,27.0
2016-03-25,27.7,87,95,14.2,13.85,21.5,28.0
2016-03-26,26.5,84,71,23.9,17.01,3.1,29.0
2016-03-27,27.9,82,31,19.6,18.34,2.6,30.0
2016-03-28,28.6,84,38,10.1,19.81,2.3,31.0
2016-03-29,27.7,88,90,11.5,17.55,2.2,30.0
2016-03-30,27.6,87,95,12.5,18.08,4.3,29.0
2016-03-31,27.4,86,69,12.2,20.19,0.5,31.0
2016-04-01,27.5,87,65,12.5,18.58,1.5,29.0
2016-04-02,27.4,82,46,9.7,21.61,0.0,28.0
2016-04-03,28.4,81,57,10.1,19.59,0.2,30.0
2016-04-04,26.7,83,59,14.8,20.18,0.1,28.0
2016-04-05,27.2,83,63,14.5,20.33,0.0,29.0
2016-04-06,28.0,79,46,11.5,20.77,0.0,29.0
2016-04-07,29.3,78,43,9.6,21.69,0.0,31.0
2016-04-08,27.8,85,49,10.8,18.52,0.4,28.0
2016-04-09,29.4,81,51,8.3,20.02,0.0,31.0
2016-04-10,28.0,83,57,14.0,18.7,0.5,28.0
2016-04-11,27.7,83,51,13.5,18.64,0.8,29.0
2016-04-12,28.1,84,67,14.0,17.81,1.0,30.0
2016-04-13,28.5,80,68,13.2,17.29,0.1,30.0
2016-04-14,29.3,73,40,13.0,18.68,0.0,32.0
2016-04-15,29.2,75,29,10.4,17.65,0.0,31.0
2016-04-16,30.3,72,26,8.4,19.93,0.0,31.0
2016-04-17,30.3,71,39,8.0,20.04,0.0,31.0
2016-04-18,30.8,66,18,10.8,20.0,0.0,31.0
2016-04-19,30.7,64,18,12.8,19.1,0.0,30.0
2016-04-20,29.3,67,19,9.0,17.35,0.0,31.0
2016-04-21,29.7,62,14,18.9,18.71,0.0,31.0
2016-04-22,30.0,65,32,14.9,16.23,0.3,31.0
2016-04-23,30.3,69,41,12.8,17.51,0.0,32.0
2016-04-24,30.5,61,36,14.8,18.69,0.0,32.0
2016-04-25,30.7,54,59,23.8,19.57,0.0,31.0
2016-04-26,28.5,63,96,29.0,11.68,0.6,27.0
2016-04-27,20.4,89,98,28.9,3.9,28.6,21.0
2016-04-28,18.2,81,89,16.9,10.87,0.7,21.0
2016-04-29,17.6,81,99,14.0,8.28,0.1,17.0
2016-04-30,20.9,76,62,13.8,15.62,0.0,22.0
2016-05-01,17.9,77,37,12.8,17.27,0.0,20.0
2016-05-02,21.2,79,27,12.2,19.31,0.0,23.0
2016-05-03,23.4,80,49,13.5,18.74,0.0,24.0
2016-05-04,23.3,83,59,15.1,16.38,0.0,25.0
2016-05-05,22.8,81,43,12.4,16.35,0.0,25.0
2016-05-06,26.0,80,67,14.7,17.07,0.1,27.0
2016-05-07,23.5,88,83,10.8,11.17,1.8,23.0
2016-05-08,24.5,85,92,11.8,12.94,0.0,24.0
2016-05-09,27.3,84,83,8.5,15.04,3.0,24.0
2016-05-10,24.3,86,96,22.7,9.55,3.1,25.0
2016-05-11,22.6,87,81,13.4,10.96,1.6,24.0
2016-05-12,21.1,89,89,17.0,7.97,0.7,22.0
2016-05-13,19.8,86,90,13.3,8.1,0.5,21.0
2016-05-14,19.9,84,48,16.7,9.19,0.0,23.0
2016-05-15,25.5,75,28,21.8,17.36,0.0,27.0
2016-05-16,24.5,78,94,33.9,9.8,23.2,28.0
2016-05-17,22.6,85,72,11.9,10.49,5.4,25.0
2016-05-18,18.8,94,97,10.3,6.63,9.3,16.0
2016-05-19,16.5,94,100,14.4,2.39,1.0,17.0
2016-05-20,23.1,88,96,16.5,7.79,0.0,24.0
2016-05-21,23.9,85,86,26.0,10.16,5.9,20.0
2016-05-22,25.0,85,61,21.5,13.05,0.0,27.0
2016-05-23,18.4,84,82,19.4,8.61,13.0,20.0
2016-05-24,16.7,83,63,17.4,8.22,0.5,19.0
2016-05-25,19.7,86,56,15.8,14.07,0.0,22.0
2016-05-26,22.4,86,82,11.4,10.99,0.0,23.0
2016-05-27,20.9,90,97,13.5,8.3,0.0,18.0
2016-05-28,21.7,87,89,15.0,12.69,0.0,22.0
2016-05-29,22.7,85,96,19.4,12.01,1.4,22.0
2016-05-30,20.9,87,90,19.1,10.05,6.7,22.0
2016-05-31,21.0,87,65,25.0,9.27,2.8,24.0
2016-06-01,22.1,89,73,17.8,8.28,4.5,25.0
2016-06-02,22.3,88,86,22.6,9.14,9.7,24.0
2016-06-03,19.8,91,98,16.3,6.43,12.1,21.0
2016-06-04,21.1,90,100,10.0,5.93,5.0,21.0
2016-06-05,19.6,98,100,21.1,2.27,10.4,22.0
2016-06-06,21.6,95,99,22.3,3.83,30.0,24.0
2016-06-07,16.3,92,100,22.6,2.92,30.1,15.0
2016-06-08,18.3,77,34,8.3,15.25,0.0,19.0
2016-06-09,15.5,82,74,9.3,12.85,0.0,16.0
2016-06-10,19.0,81,80,9.9,14.7,0.0,20.0
2016-06-11,14.6,82,44,10.2,14.02,0.0,16.0
2016-06-12,14.5,83,37,12.0,13.91,0.0,16.0
2016-06-13,14.4,80,18,17.9,15.95,0.0,17.0
2016-06-14,17.7,82,16,15.6,15.67,0.0,19.0
2016-06-15,20.7,85,44,7.2,14.4,0.0,23.0
2016-06-16,22.2,84,43,8.0,13.99,0.0,25.0
2016-06-17,23.5,77,1,13.2,15.06,0.0,26.0
2016-06-18,20.9,87,38,13.4,13.33,0.0,21.0
2016-06-19,21.0,87,70,11.6,12.19,0.0,25.0
2016-06-20,17.2,91,98,19.3,5.52,0.3,16.0
2016-06-21,14.4,90,99,18.8,3.02,0.3,15.0
2016-06-22,22.1,88,84,17.8,11.83,13.1,22.0
2016-06-23,21.0,90,71,14.5,11.76,11.3,24.0
2016-06-24,18.7,88,41,14.5,13.89,0.0,21.0
2016-06-25,20.1,87,72,15.1,14.76,0.0,21.0
2016-06-26,20.3,84,67,12.2,14.76,0.0,22.0
2016-06-27,20.4,85,63,8.8,14.7,0.0,21.0
2016-06-28,21.5,82,60,6.4,14.53,0.0,21.0
2016-06-29,22.5,84,96,7.3,12.84,0.0,23.0
2016-06-30,22.0,86,99,9.7,11.4,0.0,23.0
2016-07-01,22.9,88,66,11.8,13.12,0.0,24.0
2016-07-02,23.7,83,60,8.9,14.1,0.0,25.0
2016-07-03,24.3,80,54,8.7,14.44,0.0,26.0
2016-07-04,24.0,75,31,7.0,15.01,0.0,26.0
2016-07-05,23.9,73,45,13.5,15.02,0.0,26.0
2016-07-06,24.3,68,54,26.7,14.58,0.1,27.0
2016-07-07,20.1,65,16,16.0,16.12,0.2,23.0
2016-07-08,18.4,75,46,11.0,15.92,0.0,20.0
2016-07-09,24.3,80,66,11.8,15.56,0.0,22.0
2016-07-10,25.9,75,43,16.6,15.14,0.0,28.0
2016-07-11,26.7,64,0,22.1,15.51,0.0,29.0
2016-07-12,27.0,62,2,21.6,15.6,0.0,29.0
2016-07-13,26.3,75,52,10.0,14.19,0.0,25.0
2016-07-14,26.8,63,51,16.5,15.38,0.0,28.0
2016-07-15,27.3,54,19,24.3,15.81,0.0,29.0
2016-07-16,24.7,66,88,27.2,8.92,5.2,24.0
2016-07-17,17.5,71,28,14.7,15.7,0.0,20.0
2016-07-18,15.5,82,31,13.1,14.31,0.0,17.0
2016-07-19,16.6,85,60,11.1,8.62,0.4,15.0
2016-07-20,15.9,86,65,13.5,11.16,0.0,18.0
2016-07-21,15.9,86,87,11.2,10.38,0.0,18.0
2016-07-22,16.4,84,92,15.7,8.74,0.0,18.0
2016-07-23,22.7,82,27,14.8,16.34,0.0,23.0
2016-07-24,26.0,73,12,13.4,16.52,0.0,28.0
2016-07-25,23.8,86,50,11.5,15.06,0.0,26.0
2016-07-26,25.6,65,20,22.1,16.96,0.0,27.0
2016-07-27,26.2,60,20,19.3,14.26,0.0,28.0
2016-07-28,18.1,80,17,15.6,14.84,0.0,19.0
2016-07-29,19.2,84,74,16.0,9.11,0.0,19.0
2016-07-30,22.5,80,67,14.4,14.19,0.0,23.0
2016-07-31,24.1,79,53,12.5,15.4,0.0,24.0
2016-08-01,24.9,67,19,21.9,17.5,0.0,26.0
2016-08-02,20.3,82,68,17.4,8.49,0.1,19.0
2016-08-03,21.7,81,88,15.1,10.4,0.0,21.0
2016-08-04,23.3,79,64,14.4,14.82,0.0,25.0
2016-08-05,26.5,68,50,8.9,16.64,0.0,27.0
2016-08-06,27.0,53,34,20.0,18.09,0.0,28.0
2016-08-07,28.3,60,70,18.1,15.71,0.0,25.0
2016-08-08,20.5,86,94,16.4,9.0,0.0,19.0
2016-08-09,24.3,81,94,13.6,10.94,0.6,23.0
2016-08-10,18.7,80,89,16.3,12.27,1.4,18.0
2016-08-11,15.5,80,56,17.0,9.63,0.0,14.0
2016-08-12,18.4,78,59,13.8,15.03,0.0,20.0
2016-08-13,25.1,69,17,9.4,19.66,0.0,25.0
2016-08-14,28.7,57,8,13.2,18.44,0.0,31.0
2016-08-15,29.3,64,58,20.8,16.06,1.7,32.0
2016-08-16,23.8,73,70,18.9,12.3,0.2,23.0
2016-08-17,28.2,64,7,26.0,19.37,0.0,29.0
2016-08-18,24.6,79,64,21.9,13.54,0.7,22.0
2016-08-19,29.4,74,79,17.6,16.84,0.0,31.0
2016-08-20,24.0,83,98,18.5,9.21,16.5,22.0
2016-08-21,19.1,92,100,29.6,2.65,51.0,19.0
2016-08-22,13.5,84,80,21.3,7.66,0.9,15.0
2016-08-23,18.8,85,42,14.8,19.07,0.0,21.0
2016-08-24,22.3,82,49,17.3,20.03,0.0,23.0
2016-08-25,24.8,82,40,11.5,20.83,0.0,26.0
2016-08-26,25.0,82,48,8.9,19.36,0.0,27.0
2016-08-27,26.2,74,36,10.7,20.51,0.0,29.0
2016-08-28,27.8,61,4,17.6,21.37,0.0,31.0
2016-08-29,28.6,61,49,11.1,20.68,0.0,30.0
2016-08-30,27.7,66,88,13.7,18.58,0.0,30.0
2016-08-31,21.1,88,65,19.4,9.25,6.8,20.0
2016-09-01,23.4,82,41,18.2,19.51,0.0,23.0
2016-09-02,23.7,86,87,18.0,12.32,0.0,25.0
2016-09-03,25.0,85,100,14.9,10.44,0.4,25.0
2016-09-04,25.3,79,98,14.5,13.36,0.0,21.0
2016-09-05,23.8,85,82,13.6,16.05,0.4,24.0
2016-09-06,21.2,87,78,28.8,8.04,16.2,21.0
2016-09-07,21.1,80,62,23.3,13.42,1.4,20.0
2016-09-08,23.2,69,30,12.4,23.57,0.0,25.0
2016-09-09,20.6,85,85,18.0,11.91,0.2,23.0
2016-09-10,25.0,81,75,17.2,18.82,0.0,26.0
2016-09-11,26.5,82,70,14.2,19.35,0.1,28.0
2016-09-12,29.6,67,44,15.5,21.78,0.0,31.0
2016-09-13,30.6,44,27,30.1,22.17,0.0,32.0
2016-09-14,26.6,58,56,18.3,14.15,0.3,28.0
2016-09-15,22.5,69,3,16.1,23.94,0.0,24.0
2016-09-16,21.4,81,64,17.8,14.27,0.1,19.0
2016-09-17,27.0,80,59,13.8,20.18,0.7,28.0
2016-09-18,31.8,73,50,20.9,22.14,0.0,33.0
2016-09-19,28.1,79,70,17.1,20.69,0.8,25.0
2016-09-20,17.5,85,89,18.2,5.91,1.3,17.0
2016-09-21,19.7,79,66,20.4,14.76,0.1,19.0
2016-09-22,22.9,76,61,19.1,22.42,0.0,23.0
2016-09-23,28.0,73,47,16.8,24.87,0.0,29.0
2016-09-24,23.5,81,94,17.9,15.51,0.0,19.0
2016-09-25,19.2,85,93,18.8,10.0,3.5,17.0
2016-09-26,21.1,77,64,16.8,20.21,0.0,20.0
2016-09-27,22.6,74,23,18.7,26.16,0.0,23.0
2016-09-28,27.3,75,27,15.8,24.61,0.0,27.0
2016-09-29,25.6,75,46,23.7,25.26,0.0,26.0
2016-09-30,21.9,79,83,20.5,15.84,0.0,22.0
2016-10-01,18.2,81,95,21.1,8.25,0.0,20.0
2016-10-02,21.9,78,94,19.5,14.9,0.1,23.0
2016-10-03,20.6,87,99,16.6,8.44,26.5,19.0
2016-10-04,22.2,88,86,17.7,16.12,10.3,23.0
2016-10-05,20.5,84,92,18.7,17.63,0.1,21.0
2016-10-06,22.9,81,61,20.1,18.03,13.0,26.0
2016-10-07,19.5,83,80,15.9,12.18,0.4,20.0
2016-10-08,24.4,76,29,10.2,26.78,0.0,27.0
2016-10-09,23.1,84,76,19.8,21.63,0.0,23.0
2016-10-10,21.6,83,89,19.8,16.08,0.1,21.0
2016-10-11,25.0,83,93,17.7,18.07,3.7,25.0
2016-10-12,26.6,84,81,15.3,21.12,1.5,31.0
2016-10-13,29.0,77,99,21.5,19.03,19.4,31.0
2016-10-14,27.1,84,90,19.9,20.8,25.4,27.0
2016-10-15,26.6,86,97,12.3,17.11,4.9,29.0
2016-10-16,30.1,77,64,12.2,25.5,0.2,32.0
2016-10-17,31.5,77,76,13.9,26.74,1.7,34.0
2016-10-18,30.9,81,94,13.0,23.27,0.4,34.0
2016-10-19,33.1,76,52,12.2,26.31,1.7,35.0
2016-10-20,31.2,81,81,16.6,23.85,10.0,33.0
2016-10-21,22.5,90,100,18.9,9.94,2.7,23.0
2016-10-22,21.2,86,100,19.1,9.32,0.2,21.0
2016-10-23,25.7,84,92,17.7,17.23,0.0,29.0
2016-10-24,27.3,87,90,13.8,18.1,6.5,30.0
2016-10-25,24.4,94,100,11.2,8.7,23.1,22.0
2016-10-26,28.2,86,100,12.6,18.32,4.6,30.0
2016-10-27,27.5,83,65,33.2,18.53,4.6,26.0
2016-10-28,21.7,74,36,22.0,19.75,0.0,22.0
2016-10-29,20.0,79,37,20.8,23.23,0.0,21.0
2016-10-30,22.5,80,63,20.4,22.33,0.0,24.0
2016-10-31,25.6,80,52,16.9,24.09,1.7,29.0
2016-11-01,28.4,74,66,18.1,25.64,1.2,30.0
2016-11-02,27.9,71,45,23.5,22.66,0.6,30.0
2016-11-03,21.1,93,100,17.7,6.87,32.8,22.0
2016-11-04,19.1,92,100,15.0,6.37,2.3,20.0
2016-11-05,21.1,87,100,18.1,11.82,0.5,20.0
2016-11-06,24.3,84,70,14.4,19.96,3.1,26.0
2016-11-07,24.8,85,57,13.2,22.4,4.3,27.0
2016-11-08,25.6,84,65,11.5,23.73,2.3,28.0
2016-11-09,28.8,78,74,15.2,25.24,13.8,31.0
2016-11-10,28.4,80,24,20.2,26.23,2.4,30.0
2016-11-11,29.1,80,66,12.3,25.26,5.6,32.0
2016-11-12,20.2,93,100,21.7,11.98,34.4,21.0
2016-11-13,19.0,95,100,15.3,4.77,19.8,19.0
2016-11-14,19.8,93,100,17.1,7.87,16.4,22.0
2016-11-15,23.2,86,87,15.5,18.09,1.3,24.0
2016-11-16,26.7,83,68,18.9,25.41,3.7,30.0
2016-11-17,27.3,84,71,13.1,24.28,3.7,31.0
2016-11-18,19.3,89,89,23.1,7.8,6.8,20.0
2016-11-19,18.5,76,60,19.3,21.48,0.2,18.0
2016-11-20,22.9,76,31,17.5,30.76,0.0,25.0
2016-11-21,27.1,74,51,11.4,28.47,0.0,29.0
2016-11-22,24.4,80,95,17.0,22.63,0.1,26.0
2016-11-23,25.0,89,91,15.0,17.51,16.6,28.0
2016-11-24,25.5,86,88,15.4,22.38,1.5,26.0
2016-11-25,27.3,84,96,17.2,27.93,0.0,28.0
2016-11-26,27.2,86,94,13.2,19.7,0.0,29.0
2016-11-27,28.9,81,96,11.1,27.23,4.3,30.0
2016-11-28,29.6,82,94,15.8,22.95,7.9,31.0
2016-11-29,24.4,90,94,21.6,12.79,12.2,25.0
2016-11-30,19.0,86,95,22.3,9.52,0.8,19.0
2016-12-01,20.9,86,94,18.3,11.31,0.7,22.0
2016-12-02,25.8,84,94,13.5,20.29,0.1,28.0
2016-12-03,29.3,84,98,22.1,20.82,17.8,31.0
2016-12-04,26.8,84,70,27.0,22.17,3.3,30.0
2016-12-05,25.6,78,57,28.8,20.79,1.4,28.0
2016-12-06,28.0,74,2,9.5,31.47,0.0,30.0
2016-12-07,29.9,73,74,9.8,27.82,1.4,31.0
2016-12-08,29.1,80,94,15.5,23.42,5.2,31.0
2016-12-09,27.7,87,99,11.9,16.8,12.7,31.0
2016-12-10,28.3,82,91,13.9,20.79,3.3,30.0
2016-12-11,25.6,91,98,22.7,13.67,8.2,27.0
2016-12-12,27.1,91,100,11.5,14.75,17.4,23.0
2016-12-13,28.8,82,98,13.2,22.98,2.0,31.0
2016-12-14,24.1,89,98,22.7,13.76,2.9,25.0
2016-12-15,18.2,83,91,24.2,8.66,0.0,19.0
2016-12-16,21.1,84,59,19.4,11.96,0.3,23.0
2016-12-17,25.7,81,48,16.0,25.48,0.8,27.0
2016-12-18,26.8,84,57,12.6,26.56,6.9,30.0
2016-12-19,28.0,79,39,10.8,27.87,5.4,29.0
2016-12-20,28.6,81,96,14.7,22.22,5.4,29.0
2016-12-21,28.4,80,92,13.0,25.06,6.1,30.0
2016-12-22,27.8,79,90,16.8,21.86,5.7,31.0
2016-12-23,30.0,75,78,13.6,23.14,1.8,34.0
2016-12-24,30.0,74,58,12.9,26.12,4.2,31.0
2016-12-25,28.5,82,42,15.4,28.62,0.2,30.0
2016-12-26,31.9,73,25,9.2,29.87,0.0,33.0
2016-12-27,31.7,69,45,14.3,29.77,0.0,33.0
2016-12-28,31.5,72,57,16.5,27.3,1.7,34.0
2016-12-29,31.1,74,44,11.7,28.36,0.2,33.0
2016-12-30,30.1,73,90,16.3,25.47,0.6,32.0
2016-12-31,30.6,72,85,16.9,24.53,3.9,32.0
2017-01-01,29.8,69,83,19.5,25.55,0.9,31.0
2017-01-02,29.4,77,91,12.4,22.99,10.8,30.0
2017-01-03,28.1,86,94,14.7,20.51,5.7,31.0
2017-01-04,28.7,80,93,25.8,17.97,10.5,30.0
2017-01-05,30.2,74,80,17.3,23.37,4.8,31.0
2017-01-06,29.0,82,86,19.5,22.43,4.9,30.0
2017-01-07,28.7,86,86,17.5,21.28,16.8,29.0
2017-01-08,29.9,82,87,9.5,25.91,3.5,30.0
2017-01-09,30.1,80,95,13.9,22.94,8.1,32.0
2017-01-10,29.2,75,92,16.1,24.16,1.0,31.0
2017-01-11,28.6,81,89,11.9,19.4,19.6,30.0
2017-01-12,23.3,94,99,18.4,7.66,59.7,25.0
2017-01-13,26.3,86,84,12.9,20.88,6.2,27.0
2017-01-14,27.5,83,52,20.3,24.11,0.5,30.0
2017-01-15,27.7,83,59,13.5,24.83,4.5,28.0
2017-01-16,28.0,85,97,11.6,16.08,17.0,28.0
2017-01-17,23.1,85,99,21.3,9.19,20.4,24.0
2017-01-18,23.9,88,100,14.8,8.25,24.7,24.0
2017-01-19,25.7,89,100,15.6,13.46,28.6,26.0
2017-01-20,22.6,90,98,10.5,8.19,15.5,23.0
2017-01-21,20.8,95,99,11.8,4.87,31.7,24.0
2017-01-22,23.4,90,98,10.5,10.93,24.5,21.0
2017-01-23,25.9,87,99,8.9,15.15,12.2,25.0
2017-01-24,27.9,80,67,17.3,22.81,6.4,29.0
2017-01-25,26.8,78,89,23.6,20.78,6.3,29.0
2017-01-26,25.1,88,99,19.0,9.38,20.2,27.0
2017-01-27,25.8,88,97,15.8,15.59,17.4,26.0
2017-01-28,28.8,86,97,17.9,22.57,3.0,30.0
2017-01-29,28.2,83,78,19.4,23.45,0.8,31.0
2017-01-30,27.1,86,92,15.7,22.14,3.4,29.0
2017-01-31,26.4,85,94,13.2,18.45,3.9,29.0
2017-02-01,25.7,88,90,11.1,15.27,17.9,28.0
2017-02-02,26.3,84,83,19.4,20.28,10.7,27.0
2017-02-03,26.7,82,95,20.9,19.3,6.5,29.0
2017-02-04,26.5,84,67,16.3,19.67,11.7,28.0
2017-02-05,28.2,80,20,11.3,24.75,0.8,31.0
2017-02-06,29.1,77,46,14.7,24.38,3.0,30.0
2017-02-07,27.3,88,81,21.8,22.52,1.7,29.0
2017-02-08,26.5,83,70,20.2,21.25,0.3,29.0
2017-02-09,26.5,80,56,20.1,25.37,0.5,26.0
2017-02-10,26.8,81,91,16.1,21.37,2.5,29.0
2017-02-11,28.1,79,90,15.1,23.94,0.2,31.0
2017-02-12,28.7,75,70,13.2,23.94,0.5,32.0
2017-02-13,28.6,70,63,14.8,23.95,1.4,31.0
2017-02-14,29.7,72,52,14.9,25.94,0.0,32.0
2017-02-15,29.4,75,18,14.7,25.86,0.0,31.0
2017-02-16,30.3,75,17,18.5,25.74,0.6,32.0
2017-02-17,31.4,70,15,18.2,27.33,0.0,33.0
2017-02-18,31.9,62,10,20.1,29.67,0.1,34.0
2017-02-19,31.2,66,15,16.5,26.25,0.0,34.0
2017-02-20,32.1,79,54,23.3,27.84,0.0,33.0
2017-02-21,29.6,78,63,17.3,26.34,0.5,31.0
2017-02-22,29.9,69,62,14.1,22.92,0.1,31.0
2017-02-23,30.2,67,32,14.3,24.33,5.7,33.0
2017-02-24,29.5,75,96,13.8,21.47,2.9,31.0
2017-02-25,23.2,84,99,20.0,9.55,5.9,23.0
2017-02-26,26.0,81,64,9.7,18.15,1.9,26.0
2017-02-27,26.5,83,68,13.0,20.83,2.4,30.0
2017-02-28,27.8,77,27,13.8,21.79,4.7,30.0
2017-03-01,28.4,75,47,15.6,23.98,4.9,32.0
2017-03-02,26.9,81,91,17.7,18.95,11.8,29.0
2017-03-03,27.4,87,98,12.7,12.06,33.7,28.0
2017-03-04,26.2,84,81,17.3,16.13,6.3,30.0
2017-03-05,26.6,85,83,17.3,17.4,7.1,29.0
2017-03-06,25.9,91,99,11.0,12.72,21.6,27.0
2017-03-07,26.7,89,83,14.0,17.91,13.7,29.0
2017-03-08,27.1,89,76,15.5,18.76,17.7,27.0
2017-03-09,28.4,83,67,15.9,19.57,1.7,31.0
2017-03-10,29.9,75,85,9.8,24.2,0.5,31.0
2017-03-11,28.1,87,86,13.2,19.79,3.1,31.0
2017-03-12,30.0,74,65,17.7,23.54,0.5,32.0
2017-03-13,25.3,86,76,16.9,12.77,7.2,25.0
2017-03-14,26.1,88,94,17.1,14.88,8.0,26.0
2017-03-15,25.4,87,78,18.2,16.35,0.5,29.0
2017-03-16,28.3,74,34,12.0,21.45,0.0,31.0
2017-03-17,27.7,81,97,16.6,18.63,4.8,30.0
2017-03-18,21.9,92,99,20.8,9.56,8.1,22.0
2017-03-19,19.8,92,98,19.6,6.57,5.0,20.0
2017-03-20,21.4,85,74,20.7,14.47,1.0,23.0
2017-03-21,22.7,86,60,18.6,16.07,0.2,25.0
2017-03-22,25.3,84,49,18.8,24.99,0.2,27.0
2017-03-23,24.5,84,55,16.8,21.83,0.4,27.0
2017-03-24,26.8,83,55,13.2,21.91,0.0,29.0
2017-03-25,26.5,86,61,17.8,19.08,1.3,28.0
2017-03-26,25.2,85,62,19.2,21.94,0.1,25.0
2017-03-27,24.5,87,95,19.5,13.93,1.0,25.0
2017-03-28,23.4,87,72,19.8,16.24,4.4,24.0
2017-03-29,22.9,84,58,21.6,20.37,0.6,24.0
2017-03-30,22.1,85,66,17.1,15.31,1.4,24.0
2017-03-31,21.3,85,49,19.7,17.91,0.2,23.0
2017-04-01,21.0,86,49,21.2,15.91,1.7,24.0
2017-04-02,22.5,85,64,15.4,15.04,0.6,24.0
2017-04-03,24.6,84,58,16.0,19.79,0.3,26.0
2017-04-04,27.9,81,72,17.2,19.71,0.0,29.0
2017-04-05,29.8,70,88,15.6,20.88,0.0,31.0
2017-04-06,24.3,79,98,21.4,8.04,4.8,25.0
2017-04-07,22.6,93,92,12.5,6.8,30.9,23.0
2017-04-08,25.8,89,86,20.3,15.11,1.3,27.0
2017-04-09,25.2,88,92,16.3,14.58,1.2,29.0
2017-04-10,26.3,86,71,12.4,16.18,0.6,29.0
2017-04-11,29.0,83,71,13.9,18.64,0.0,30.0
2017-04-12,22.1,88,94,24.4,9.44,3.3,22.0
2017-04-13,20.6,88,96,18.2,7.29,1.6,21.0
2017-04-14,23.4,87,93,16.9,11.54,0.0,23.0
2017-04-15,26.0,86,60,13.4,18.93,0.0,27.0
2017-04-16,28.4,79,89,15.2,19.72,0.0,29.0
2017-04-17,22.2,87,90,22.7,10.62,1.0,22.0
2017-04-18,19.8,84,84,17.6,7.44,0.5,22.0
2017-04-19,21.5,83,79,17.9,11.96,0.0,22.0
2017-04-20,24.6,84,83,16.1,14.53,0.1,26.0
2017-04-21,26.1,81,96,25.1,10.43,22.1,25.0
2017-04-22,21.2,85,77,15.5,11.92,6.8,22.0
2017-04-23,20.1,89,97,17.4,7.12,0.7,21.0
2017-04-24,24.5,84,59,16.1,18.95,0.3,26.0
2017-04-25,27.9,77,59,18.3,17.48,0.2,28.0
2017-04-26,25.2,82,77,31.5,6.78,6.5,26.0
2017-04-27,19.1,89,100,20.9,3.38,9.4,20.0
2017-04-28,15.9,87,100,15.5,5.24,1.6,16.0
2017-04-29,18.7,88,100,16.3,5.18,1.4,20.0
2017-04-30,20.2,88,75,16.6,10.58,0.5,22.0
2017-05-01,22.4,86,69,17.7,17.02,0.0,23.0
2017-05-02,22.3,86,73,18.7,13.98,0.0,24.0
2017-05-03,23.6,89,54,12.9,17.6,0.0,25.0
2017-05-04,25.3,84,85,10.0,15.07,0.0,24.0
2017-05-05,22.5,87,94,12.4,8.23,19.0,20.0
2017-05-06,20.5,91,81,15.5,9.5,1.8,23.0
2017-05-07,21.1,88,78,14.5,10.22,0.5,23.0
2017-05-08,23.9,86,64,12.9,16.55,0.0,24.0
2017-05-09,24.3,79,53,15.6,17.68,0.0,26.0
2017-05-10,21.9,86,74,14.5,8.63,0.1,23.0
2017-05-11,19.7,88,76,14.6,6.81,1.3,21.0
2017-05-12,21.2,85,59,14.7,15.35,0.0,23.0
2017-05-13,26.3,77,42,19.8,15.08,0.0,27.0
2017-05-14,24.0,72,63,34.6,9.14,0.6,24.0
2017-05-15,21.5,86,52,14.8,15.67,0.0,23.0
2017-05-16,20.0,85,64,14.7,10.23,0.0,21.0
2017-05-17,19.5,86,97,15.3,6.8,0.0,20.0
2017-05-18,19.8,88,97,20.7,7.47,8.3,19.0
2017-05-19,19.2,94,100,19.9,4.67,22.6,17.0
2017-05-20,21.3,89,98,14.7,7.9,0.8,22.0
2017-05-21,20.4,94,100,13.0,4.55,24.9,19.0
2017-05-22,19.9,91,98,17.3,7.12,7.7,20.0
2017-05-23,21.0,87,77,12.9,14.84,0.0,22.0
2017-05-24,21.5,91,74,13.5,10.75,1.8,22.0
2017-05-25,25.7,83,15,9.5,15.72,0.0,27.0
2017-05-26,26.4,79,18,9.0,15.79,0.0,28.0
2017-05-27,23.7,89,71,13.7,10.56,0.2,24.0
2017-05-28,22.7,89,98,11.1,8.95,0.0,21.0
2017-05-29,24.4,83,83,13.9,14.98,0.0,25.0
2017-05-30,20.5,92,96,15.9,4.93,0.3,21.0
2017-05-31,24.0,79,50,13.8,12.84,0.1,25.0
2017-06-01,21.4,78,55,27.2,8.83,0.9,22.0
2017-06-02,18.9,80,16,23.3,16.09,0.0,21.0
2017-06-03,21.9,86,43,15.1,14.42,0.0,23.0
2017-06-04,27.1,82,38,12.0,13.68,0.0,29.0
2017-06-05,21.2,86,86,17.7,5.11,6.2,19.0
2017-06-06,22.7,84,97,14.0,5.7,6.6,23.0
2017-06-07,26.1,79,76,12.2,12.47,0.0,28.0
2017-06-08,26.4,66,79,31.5,14.88,0.0,28.0
2017-06-09,22.5,76,78,28.0,7.28,0.4,24.0
2017-06-10,18.2,74,9,11.1,15.7,0.0,19.0
2017-06-11,19.9,77,0,8.7,15.89,0.0,20.0
2017-06-12,22.2,78,47,11.1,11.7,0.0,22.0
2017-06-13,19.5,94,89,13.2,4.32,9.1,19.0
2017-06-14,19.4,88,60,13.9,10.22,2.0,20.0
2017-06-15,20.4,88,82,15.1,9.26,0.3,21.0
2017-06-16,22.5,84,49,12.8,12.67,0.0,22.0
2017-06-17,23.9,75,1,14.5,15.09,0.0,25.0
2017-06-18,22.8,74,34,18.9,11.59,0.0,25.0
2017-06-19,23.1,77,40,19.1,13.32,0.5,24.0
2017-06-20,15.8,96,100,18.6,2.56,1.6,17.0
2017-06-21,18.7,91,91,16.8,6.2,0.4,19.0
2017-06-22,21.2,87,52,20.7,13.08,0.0,22.0
2017-06-23,20.6,87,45,19.7,14.05,0.0,22.0
2017-06-24,20.1,88,61,13.2,13.17,0.0,22.0
2017-06-25,20.1,86,61,14.0,13.93,0.0,22.0
2017-06-26,20.0,88,48,13.5,14.34,0.0,22.0
2017-06-27,21.6,86,47,11.5,13.92,0.0,24.0
2017-06-28,22.5,85,30,9.2,14.21,0.0,24.0
2017-06-29,22.7,80,61,7.4,13.85,0.0,25.0
2017-06-30,22.6,74,38,14.5,12.61,0.1,25.0
2017-07-01,19.1,88,83,17.3,8.94,1.3,18.0
2017-07-02,15.0,87,92,19.0,6.79,0.6,16.0
2017-07-03,15.0,80,80,18.5,7.62,0.9,16.0
2017-07-04,16.7,79,68,19.0,15.18,0.0,18.0
2017-07-05,17.4,79,8,13.7,15.51,0.0,19.0
2017-07-06,18.5,84,7,14.6,15.16,0.0,20.0
2017-07-07,19.0,85,42,11.9,13.63,0.0,21.0
2017-07-08,19.7,85,66,12.5,13.87,0.0,21.0
2017-07-09,21.7,80,45,11.0,13.47,0.0,22.0
2017-07-10,21.5,81,45,11.9,13.69,0.1,23.0
2017-07-11,22.6,82,14,10.1,15.77,0.0,24.0
2017-07-12,21.8,86,30,15.9,15.8,0.0,23.0
2017-07-13,21.1,89,65,13.2,14.46,0.0,22.0
2017-07-14,22.2,83,41,12.0,15.25,0.0,24.0
2017-07-15,23.2,70,45,19.4,16.32,0.0,25.0
2017-07-16,23.1,60,33,21.0,15.66,0.0,24.0
2017-07-17,24.6,66,27,13.1,16.62,0.0,26.0
2017-07-18,15.9,90,100,18.0,2.39,3.2,17.0
2017-07-19,12.3,90,91,14.2,3.44,1.2,14.0
2017-07-20,20.7,87,65,14.0,12.73,0.2,22.0
2017-07-21,23.8,76,30,18.0,13.96,0.0,26.0
2017-07-22,21.3,84,45,16.3,15.56,0.0,23.0
2017-07-23,23.2,79,39,19.3,15.85,0.0,24.0
2017-07-24,23.6,71,2,8.3,17.18,0.0,25.0
2017-07-25,24.1,71,3,10.0,17.2,0.0,25.0
2017-07-26,22.7,73,1,12.5,17.26,0.0,24.0
2017-07-27,22.1,78,4,16.9,17.67,0.0,23.0
2017-07-28,20.5,83,20,13.6,16.64,0.0,22.0
2017-07-29,21.8,79,4,12.1,17.55,0.0,23.0
2017-07-30,21.5,84,36,11.7,14.44,0.0,24.0
2017-07-31,21.4,66,22,8.8,16.14,0.0,22.0
2017-08-01,20.6,65,31,17.8,10.85,0.0,22.0
2017-08-02,24.1,59,42,22.3,12.89,0.0,25.0
2017-08-03,22.0,59,38,33.8,10.75,0.3,22.0
2017-08-04,16.2,85,85,20.6,6.16,0.2,15.0
2017-08-05,15.8,85,81,19.4,6.34,1.9,17.0
2017-08-06,19.3,82,35,18.8,16.51,0.0,20.0
2017-08-07,24.1,79,18,14.3,17.66,0.0,25.0
2017-08-08,26.4,64,67,18.8,15.51,0.0,28.0
2017-08-09,28.7,55,6,24.3,18.03,0.0,30.0
2017-08-10,20.7,84,79,16.5,13.04,0.0,18.0
2017-08-11,21.4,79,37,18.2,18.93,0.0,23.0
2017-08-12,24.6,80,85,21.0,16.44,0.0,24.0
2017-08-13,30.2,65,64,12.6,18.5,0.0,30.0
2017-08-14,24.6,71,89,19.8,12.48,0.5,25.0
2017-08-15,16.2,88,90,16.9,4.23,4.3,16.0
2017-08-16,18.1,94,98,13.0,5.81,4.2,17.0
2017-08-17,15.7,95,100,14.0,2.85,9.9,16.0
2017-08-18,18.7,92,99,11.1,4.85,3.0,17.0
2017-08-19,18.2,93,93,15.9,3.12,5.2,19.0
2017-08-20,21.3,86,94,20.2,8.75,8.7,20.0
2017-08-21,14.3,88,100,25.1,3.64,4.2,15.0
2017-08-22,17.4,84,77,23.1,8.39,0.0,17.0
2017-08-23,22.1,87,42,18.9,17.91,0.0,23.0
2017-08-24,21.0,86,32,14.5,19.0,0.0,23.0
2017-08-25,22.9,86,28,15.8,18.76,0.0,26.0
2017-08-26,24.2,82,37,11.3,19.8,0.0,27.0
2017-08-27,24.6,75,0,13.7,20.63,0.0,28.0
2017-08-28,24.0,78,6,14.4,20.79,0.0,27.0
2017-08-29,25.6,84,41,10.1,18.97,0.0,28.0
2017-08-30,29.2,61,40,12.3,20.68,0.0,31.0
2017-08-31,18.2,88,96,20.0,8.77,0.4,18.0
2017-09-01,21.5,87,77,21.2,13.0,0.0,24.0
2017-09-02,23.1,82,25,19.0,20.57,0.0,25.0
2017-09-03,24.1,79,13,14.5,21.42,0.0,27.0
2017-09-04,27.1,68,2,8.4,21.67,0.0,28.0
2017-09-05,27.2,58,0,10.5,21.67,0.0,29.0
2017-09-06,26.3,77,19,19.5,21.48,0.0,27.0
2017-09-07,26.3,75,18,13.4,21.62,0.0,28.0
2017-09-08,27.5,67,11,14.3,21.61,0.0,29.0
2017-09-09,28.0,61,78,11.4,20.57,0.0,29.0
2017-09-10,28.4,61,26,14.6,21.96,0.0,30.0
2017-09-11,30.5,54,46,18.1,21.22,0.0,31.0
2017-09-12,29.3,61,6,17.7,22.0,0.0,31.0
2017-09-13,29.6,70,1,15.3,22.23,0.0,31.0
2017-09-14,32.6,46,0,17.7,22.68,0.0,33.0
2017-09-15,31.5,51,5,16.1,22.58,0.0,32.0
2017-09-16,29.7,71,15,12.4,22.58,0.0,32.0
2017-09-17,31.0,68,23,18.2,21.28,0.0,32.0
2017-09-18,27.8,80,58,18.3,18.58,0.0,29.0
2017-09-19,28.0,76,48,17.5,21.62,0.0,28.0
2017-09-20,26.9,77,11,17.0,22.87,0.0,27.0
2017-09-21,28.2,69,4,13.0,23.23,0.0,29.0
2017-09-22,29.4,48,42,13.6,22.26,0.0,30.0
2017-09-23,29.7,58,23,22.6,22.44,0.2,30.0
2017-09-24,23.2,79,74,19.9,16.11,0.4,24.0
2017-09-25,25.9,78,64,20.9,17.36,0.0,27.0
2017-09-26,26.5,76,42,19.9,21.09,0.1,27.0
2017-09-27,29.7,61,41,18.8,21.29,0.1,31.0
2017-09-28,26.3,70,37,19.6,21.73,1.8,27.0
2017-09-29,23.4,81,94,21.3,13.02,7.9,22.0
2017-09-30,22.5,87,99,25.5,9.41,23.8,24.0
2017-10-01,24.8,73,42,25.2,20.94,0.3,28.0
2017-10-02,23.1,77,99,18.1,9.21,6.0,24.0
2017-10-03,21.4,84,94,18.2,10.57,6.1,23.0
2017-10-04,22.7,71,77,18.1,22.27,0.0,24.0
2017-10-05,28.9,79,6,13.4,24.71,0.5,32.0
2017-10-06,31.7,70,40,17.2,23.16,0.6,34.0
2017-10-07,20.7,88,100,17.6,7.37,9.6,20.0
2017-10-08,25.7,85,71,16.4,15.88,6.4,26.0
2017-10-09,28.7,78,66,12.0,21.23,2.0,31.0
2017-10-10,31.4,77,60,11.5,21.15,0.2,34.0
2017-10-11,32.4,73,25,13.1,23.19,0.3,35.0
2017-10-12,31.6,78,62,17.4,23.69,3.7,34.0
2017-10-13,32.8,67,52,12.7,22.81,0.0,34.0
2017-10-14,29.5,80,80,19.5,19.55,2.0,31.0
2017-10-15,19.6,82,98,25.0,8.51,1.1,19.0
2017-10-16,23.2,81,89,19.9,14.93,0.0,23.0
2017-10-17,26.7,80,75,17.2,17.28,0.1,28.0
2017-10-18,30.6,66,26,15.3,24.52,0.0,31.0
2017-10-19,31.2,52,42,19.3,24.07,0.0,33.0
2017-10-20,26.2,83,90,20.3,14.99,2.1,25.0
2017-10-21,29.1,78,92,12.6,17.35,4.5,27.0
2017-10-22,23.4,80,97,19.9,6.86,6.8,22.0
2017-10-23,17.5,89,100,17.8,5.43,3.2,18.0
2017-10-24,22.0,84,97,19.5,15.07,0.4,21.0
2017-10-25,26.0,83,90,22.4,19.14,0.1,29.0
2017-10-26,28.2,77,90,16.1,19.55,2.8,27.0
2017-10-27,26.1,77,89,23.8,16.65,3.4,27.0
2017-10-28,26.1,72,69,29.2,20.17,0.4,29.0
2017-10-29,24.9,85,97,13.0,14.21,2.8,25.0
2017-10-30,22.8,89,99,12.2,9.78,8.6,23.0
2017-10-31,22.6,83,82,24.1,16.7,1.5,22.0
2017-11-01,21.2,80,84,21.2,19.56,0.8,21.0
2017-11-02,24.2,79,33,21.6,28.63,0.0,25.0
2017-11-03,27.8,76,40,12.3,26.55,0.0,31.0
2017-11-04,27.4,70,99,28.6,20.44,4.5,29.0
2017-11-05,22.0,90,100,18.6,6.37,3.2,21.0
2017-11-06,19.0,88,100,20.4,7.3,0.8,19.0
2017-11-07,22.3,81,76,20.8,20.02,0.0,23.0
2017-11-08,23.5,82,95,19.3,14.93,0.0,26.0
2017-11-09,25.3,87,87,11.9,17.76,11.6,27.0
2017-11-10,28.6,80,75,11.8,24.2,14.2,30.0
2017-11-11,21.2,89,85,18.9,8.05,9.0,21.0
2017-11-12,26.1,65,1,19.4,30.48,0.0,28.0
2017-11-13,24.7,77,15,18.0,30.26,0.0,26.0
2017-11-14,25.9,75,16,21.9,30.24,0.0,28.0
2017-11-15,29.2,66,12,16.5,27.15,0.0,32.0
2017-11-16,28.7,67,29,17.3,25.06,0.0,33.0
2017-11-17,27.6,75,88,14.4,20.04,2.2,30.0
2017-11-18,27.0,80,69,20.8,21.02,10.0,30.0
2017-11-19,25.7,87,91,18.7,17.16,7.9,26.0
2017-11-20,22.1,91,96,17.8,8.65,7.2,22.0
2017-11-21,27.2,83,92,12.1,17.77,3.6,29.0
2017-11-22,23.8,87,98,22.7,14.16,7.7,24.0
2017-11-23,21.3,85,96,18.5,14.03,0.2,21.0
2017-11-24,26.5,83,37,17.1,26.19,0.0,28.0
2017-11-25,29.0,75,42,14.6,26.75,0.1,32.0
2017-11-26,23.9,83,92,26.4,14.66,6.7,27.0
2017-11-27,25.7,83,83,21.7,17.91,7.7,27.0
2017-11-28,23.8,90,79,23.3,18.68,2.7,24.0
2017-11-29,23.9,81,45,19.0,29.38,0.2,26.0
2017-11-30,24.3,84,99,19.7,19.0,1.5,24.0
2017-12-01,23.2,88,80,17.3,16.48,13.9,25.0
2017-12-02,23.3,87,93,21.2,16.22,1.4,25.0
2017-12-03,26.4,84,90,16.6,18.42,0.7,29.0
2017-12-04,28.1,84,71,17.6,24.39,0.4,30.0
2017-12-05,27.5,84,95,20.0,25.27,0.5,28.0
2017-12-06,26.2,84,81,18.3,19.09,1.3,28.0
2017-12-07,26.5,86,96,12.5,12.55,9.5,27.0
2017-12-08,25.8,90,81,18.9,21.46,5.4,27.0
2017-12-09,23.6,87,60,14.8,20.78,1.7,27.0
2017-12-10,26.4,80,84,10.7,24.9,0.0,30.0
2017-12-11,28.1,82,80,25.3,23.62,11.0,30.0
2017-12-12,20.6,87,88,21.9,9.37,1.2,22.0
2017-12-13,23.4,85,81,19.9,18.36,0.0,26.0
2017-12-14,27.9,81,41,13.1,26.02,0.0,31.0
2017-12-15,29.3,78,64,16.2,27.06,0.5,31.0
2017-12-16,28.8,75,27,12.2,26.61,0.2,30.0
2017-12-17,29.7,71,36,14.2,26.58,12.3,32.0
2017-12-18,26.8,80,81,18.7,23.18,8.6,29.0
2017-12-19,26.4,87,84,15.8,21.75,4.6,30.0
2017-12-20,28.7,83,99,10.9,18.81,4.6,30.0
2017-12-21,21.5,92,100,7.5,5.17,9.7,22.0
2017-12-22,23.8,82,86,19.3,13.55,5.4,23.0
2017-12-23,27.3,75,83,25.1,23.98,0.0,30.0
2017-12-24,28.3,74,74,24.2,20.71,0.0,29.0
2017-12-25,27.1,88,96,16.9,15.33,2.9,30.0
2017-12-26,27.1,88,82,11.3,20.4,8.1,28.0
2017-12-27,26.5,87,89,14.8,20.3,3.7,29.0
2017-12-28,22.8,93,94,11.8,7.76,8.1,26.0
2017-12-29,23.9,89,99,12.0,6.47,10.2,24.0
2017-12-30,24.5,85,97,27.0,12.54,17.3,24.0
2017-12-31,24.6,87,75,30.8,14.9,18.8,
2018-01-01,25.9,82,66,20.9,19.75,4.1,28.0
2018-01-02,26.0,83,98,28.5,16.88,0.9,28.0
2018-01-03,24.6,87,92,27.1,13.87,6.0,26.0
2018-01-04,26.7,79,82,19.5,26.99,0.1,28.0
2018-01-05,26.0,85,75,15.4,22.23,2.6,29.0
2018-01-06,25.3,84,92,16.3,14.34,13.3,28.0
2018-01-07,19.2,88,100,13.2,4.48,29.1,19.0
2018-01-08,21.1,92,100,12.6,6.06,26.2,22.0
2018-01-09,23.3,90,97,12.7,11.82,4.7,25.0
2018-01-10,27.4,83,93,16.8,22.14,1.1,28.0
2018-01-11,27.8,84,97,11.9,21.64,4.5,31.0
2018-01-12,25.0,80,98,23.7,16.66,2.9,25.0
2018-01-13,24.2,83,93,19.3,14.09,4.7,27.0
2018-01-14,27.3,75,75,15.5,21.7,15.2,30.0
2018-01-15,27.1,75,88,21.7,21.65,0.4,30.0
2018-01-16,27.1,82,95,16.6,17.63,14.8,29.0
2018-01-17,28.2,85,85,9.5,20.49,4.4,32.0
2018-01-18,28.4,79,84,21.3,23.97,20.2,32.0
2018-01-19,29.7,81,99,18.7,18.25,10.0,29.0
2018-01-20,28.1,88,84,12.1,19.24,15.7,29.0
2018-01-21,29.4,85,91,12.0,22.4,3.9,31.0
2018-01-22,30.3,81,86,12.1,22.87,2.6,33.0
2018-01-23,30.6,77,77,10.7,26.14,3.4,33.0
2018-01-24,29.2,82,91,14.4,21.43,16.4,33.0
2018-01-25,27.6,86,86,19.2,23.71,3.5,29.0
2018-01-26,23.2,89,87,24.1,13.73,2.4,24.0
2018-01-27,24.6,85,85,21.3,17.46,0.3,25.0
2018-01-28,27.7,85,67,15.6,22.51,9.2,31.0
2018-01-29,26.0,86,98,20.7,14.41,8.2,27.0
2018-01-30,21.7,92,91,13.3,8.26,7.9,21.0
2018-01-31,23.0,86,66,19.8,20.67,0.8,25.0
2018-02-01,25.1,85,66,18.9,25.12,0.7,26.0
2018-02-02,26.1,85,76,18.0,18.77,0.4,27.0
2018-02-03,23.9,85,84,24.3,18.27,1.2,26.0
2018-02-04,25.1,84,91,22.7,21.66,0.1,25.0
2018-02-05,24.4,83,98,19.6,21.07,0.9,26.0
2018-02-06,23.1,87,93,16.5,12.94,1.9,23.0
2018-02-07,26.3,82,43,18.0,24.0,0.4,28.0
2018-02-08,27.9,78,49,13.2,26.09,0.0,29.0
2018-02-09,29.7,69,40,15.0,26.33,0.0,33.0
2018-02-10,28.2,74,78,14.5,24.25,1.8,30.0
2018-02-11,29.2,79,97,9.8,23.24,0.4,32.0
2018-02-12,29.0,82,96,15.2,22.31,5.3,32.0
2018-02-13,20.7,92,99,19.5,6.97,5.7,23.0
2018-02-14,21.1,93,98,18.2,8.08,7.3,22.0
2018-02-15,23.6,90,94,18.3,15.16,3.0,25.0
2018-02-16,23.0,89,95,18.0,16.86,0.6,24.0
2018-02-17,24.8,87,99,18.1,14.58,1.9,26.0
2018-02-18,22.8,89,100,12.6,8.23,6.1,23.0
2018-02-19,26.2,82,94,17.7,18.1,1.3,28.0
2018-02-20,26.3,79,98,26.6,17.86,2.1,28.0
2018-02-21,27.4,77,66,24.2,23.46,3.1,30.0
2018-02-22,27.5,77,50,14.8,21.72,2.3,30.0
2018-02-23,24.6,86,79,19.2,19.7,2.1,26.0
2018-02-24,25.7,83,46,22.6,24.14,2.2,27.0
2018-02-25,24.2,87,55,19.6,19.19,2.0,25.0
2018-02-26,24.0,88,85,12.2,13.4,9.2,26.0
2018-02-27,25.4,84,82,18.4,18.15,6.0,28.0
2018-02-28,28.6,84,75,17.4,24.38,1.3,30.0
2018-03-01,28.1,85,69,14.7,22.57,0.7,30.0
2018-03-02,29.7,86,88,16.3,21.61,5.9,31.0
2018-03-03,27.5,85,84,16.6,20.46,2.8,29.0
2018-03-04,27.9,88,82,15.2,18.26,4.9,30.0
2018-03-05,28.5,85,67,12.8,21.96,2.2,31.0
2018-03-06,28.6,85,86,15.3,20.94,4.0,31.0
2018-03-07,27.5,90,94,22.2,14.67,24.1,30.0
2018-03-08,24.4,87,84,21.2,13.06,2.3,24.0
2018-03-09,24.8,87,80,19.7,15.39,1.2,26.0
2018-03-10,26.5,91,81,13.7,12.0,27.1,28.0
2018-03-11,27.3,85,50,12.1,22.35,0.0,31.0
2018-03-12,28.9,79,33,16.5,21.52,0.1,31.0
2018-03-13,26.7,89,72,12.7,17.85,2.0,30.0
2018-03-14,30.7,83,80,16.5,20.13,12.8,33.0
2018-03-15,29.2,80,86,18.6,18.96,6.3,31.0
2018-03-16,28.6,79,73,15.3,21.4,0.8,30.0
2018-03-17,26.4,85,60,17.3,17.72,0.9,29.0
2018-03-18,28.5,85,45,15.0,17.18,0.0,32.0
2018-03-19,29.7,78,72,14.4,21.49,0.8,31.0
2018-03-20,28.9,87,94,10.5,17.87,9.0,30.0
2018-03-21,26.0,87,96,22.9,13.88,1.7,27.0
2018-03-22,24.7,89,87,17.6,12.1,2.3,25.0
2018-03-23,27.4,86,67,14.1,19.95,0.1,30.0
2018-03-24,28.6,83,47,14.3,20.77,1.5,30.0
2018-03-25,28.0,72,25,13.1,20.78,0.0,30.0
2018-03-26,27.8,81,62,15.3,17.19,2.0,29.0
2018-03-27,26.2,88,91,12.1,13.5,10.8,27.0
2018-03-28,26.7,88,84,11.0,15.56,9.0,27.0
2018-03-29,25.8,88,77,11.2,16.02,0.9,29.0
2018-03-30,26.9,86,85,10.6,17.06,0.5,27.0
2018-03-31,26.8,84,91,10.2,14.96,2.2,29.0
2018-04-01,25.7,82,95,17.8,11.49,3.0,29.0
2018-04-02,25.2,82,94,21.7,12.36,2.0,27.0
2018-04-03,25.3,84,67,17.7,15.56,7.6,27.0
2018-04-04,24.6,87,63,14.9,16.07,1.1,26.0
2018-04-05,25.7,86,49,17.9,19.03,0.1,28.0
2018-04-06,24.5,88,69,19.0,17.67,1.9,27.0
2018-04-07,24.8,87,67,16.1,16.63,0.5,27.0
2018-04-08,25.1,87,69,16.4,14.4,0.4,28.0
2018-04-09,24.4,88,57,15.5,14.03,0.9,27.0
2018-04-10,25.2,85,42,16.1,19.57,0.2,27.0
2018-04-11,25.3,83,35,16.8,21.87,0.0,27.0
2018-04-12,26.2,79,66,12.8,18.76,0.0,28.0
2018-04-13,27.1,77,16,15.3,20.15,0.0,30.0
2018-04-14,24.5,85,77,20.0,15.59,1.2,26.0
2018-04-15,19.5,93,99,22.9,4.55,2.5,21.0
2018-04-16,19.6,88,93,18.4,5.25,0.6,21.0
2018-04-17,21.2,85,65,19.3,11.62,1.4,23.0
2018-04-18,23.1,80,30,14.8,21.6,0.0,25.0
2018-04-19,24.5,81,33,11.9,20.06,0.0,26.0
2018-04-20,23.7,71,70,15.6,20.74,0.0,26.0
2018-04-21,23.7,76,39,19.0,19.96,0.0,25.0
2018-04-22,23.4,84,50,17.7,15.23,0.2,26.0
2018-04-23,24.6,84,51,13.4,15.67,0.4,26.0
2018-04-24,24.3,86,52,15.3,16.38,0.6,27.0
2018-04-25,25.4,85,61,14.4,16.05,0.2,27.0
2018-04-26,26.0,85,58,13.7,16.97,0.2,27.0
2018-04-27,25.9,84,65,15.2,17.09,0.2,28.0
2018-04-28,26.0,84,71,13.8,15.78,0.7,28.0
2018-04-29,26.0,81,45,10.0,17.18,0.0,28.0
2018-04-30,27.5,71,47,11.3,17.97,0.0,29.0
2018-05-01,25.0,81,28,15.6,15.28,0.5,28.0
2018-05-02,24.6,87,79,16.0,12.69,0.6,26.0
2018-05-03,26.9,80,48,12.2,15.03,0.3,29.0
2018-05-04,27.8,74,10,10.2,18.6,0.0,29.0
2018-05-05,26.6,76,35,14.0,14.8,0.0,29.0
2018-05-06,24.8,85,73,17.1,15.42,0.8,25.0
2018-05-07,23.5,85,68,19.4,13.19,2.2,24.0
2018-05-08,21.2,86,68,19.4,7.53,0.5,23.0
2018-05-09,23.4,82,50,14.3,17.83,0.0,24.0
2018-05-10,24.9,74,44,16.0,16.64,0.0,26.0
2018-05-11,26.1,65,41,19.8,15.33,0.0,28.0
2018-05-12,25.5,73,85,19.4,11.89,2.1,27.0
2018-05-13,21.3,87,90,17.2,7.57,1.0,22.0
2018-05-14,23.5,84,86,15.9,10.53,0.2,24.0
2018-05-15,22.9,86,62,16.7,8.56,1.1,23.0
2018-05-16,24.9,77,57,18.1,13.89,1.7,27.0
2018-05-17,22.7,87,86,17.9,10.23,0.6,23.0
2018-05-18,25.5,81,50,17.4,13.19,4.7,28.0
2018-05-19,23.6,82,88,28.4,7.99,19.7,24.0
2018-05-20,16.1,69,10,30.8,16.23,0.0,18.0
2018-05-21,19.1,72,4,9.7,17.71,0.0,21.0
2018-05-22,22.7,76,52,10.1,17.05,0.0,24.0
2018-05-23,20.8,87,78,17.4,15.62,0.0,23.0
2018-05-24,21.4,86,82,18.8,14.74,0.0,22.0
2018-05-25,20.7,86,72,14.8,11.05,0.4,21.0
2018-05-26,20.7,88,66,15.6,12.6,0.4,23.0
2018-05-27,21.4,85,53,12.7,13.91,0.0,23.0
2018-05-28,21.5,82,39,17.1,16.11,0.0,23.0
2018-05-29,21.8,78,23,13.3,16.0,0.0,23.0
2018-05-30,21.8,75,51,11.3,16.26,0.0,23.0
2018-05-31,23.2,72,47,8.7,12.14,0.0,24.0
2018-06-01,23.9,64,23,16.0,16.17,0.0,25.0
2018-06-02,25.3,61,68,19.3,11.43,0.0,26.0
2018-06-03,17.5,92,99,16.4,3.1,2.6,18.0
2018-06-04,17.8,85,99,16.4,5.18,0.1,17.0
2018-06-05,19.1,89,91,16.7,6.31,1.2,18.0
2018-06-06,22.5,87,72,15.5,10.5,3.1,23.0
2018-06-07,23.7,89,84,21.6,9.73,29.0,23.0
2018-06-08,19.6,88,77,18.8,10.19,2.9,21.0
2018-06-09,23.3,87,99,12.2,11.05,0.0,19.0
2018-06-10,26.7,82,94,13.6,12.94,0.0,24.0
2018-06-11,26.6,77,77,14.2,13.33,0.0,28.0
2018-06-12,26.7,71,56,18.4,14.72,0.0,28.0
2018-06-13,24.8,85,93,16.8,9.59,10.7,25.0
2018-06-14,17.4,90,100,16.6,3.47,5.6,19.0
2018-06-15,16.9,89,100,14.7,5.04,1.3,17.0
2018-06-16,15.6,91,100,19.2,4.84,1.6,16.0
2018-06-17,19.4,90,92,16.9,7.52,0.0,20.0
2018-06-18,20.7,89,94,19.3,10.0,0.1,22.0
2018-06-19,22.1,86,78,18.9,11.42,0.0,23.0
2018-06-20,23.5,82,43,12.0,14.39,0.0,26.0
2018-06-21,24.0,76,38,16.9,13.43,0.0,26.0
2018-06-22,23.3,74,23,10.9,13.81,0.0,24.0
2018-06-23,25.3,72,44,13.2,13.53,0.0,27.0
2018-06-24,26.1,72,48,10.2,12.14,0.0,28.0
2018-06-25,26.0,67,25,15.8,13.59,0.0,28.0
2018-06-26,25.7,59,23,13.6,13.73,0.0,27.0
2018-06-27,22.9,82,65,15.7,13.26,0.0,23.0
2018-06-28,24.7,83,90,10.2,12.91,0.0,25.0
2018-06-29,24.3,75,32,7.7,15.4,0.0,26.0
2018-06-30,24.6,71,34,7.1,14.59,0.0,26.0
2018-07-01,23.3,84,39,6.3,13.11,0.2,26.0
2018-07-02,25.7,65,5,16.0,15.37,0.0,27.0
2018-07-03,23.1,77,36,18.0,13.86,0.3,24.0
2018-07-04,24.2,85,77,14.6,12.53,0.3,23.0
2018-07-05,25.6,78,53,9.9,13.26,0.0,26.0
2018-07-06,25.0,67,28,10.4,13.59,0.0,27.0
2018-07-07,24.9,72,80,14.3,15.24,0.0,26.0
2018-07-08,25.3,58,37,18.6,15.94,0.0,27.0
2018-07-09,23.4,79,61,19.7,11.37,1.1,26.0
2018-07-10,13.4,85,78,17.3,4.19,1.6,15.0
2018-07-11,14.8,83,65,16.5,8.28,0.4,15.0
2018-07-12,16.8,83,57,12.2,15.73,0.0,19.0
2018-07-13,20.1,70,74,8.1,11.03,0.0,24.0
2018-07-14,23.7,61,21,8.4,14.88,0.0,26.0
2018-07-15,26.0,65,0,7.6,16.51,0.0,28.0
2018-07-16,26.3,61,1,9.5,16.61,0.0,28.0
2018-07-17,24.4,62,4,11.7,16.7,0.0,26.0
2018-07-18,26.0,71,6,9.7,16.36,0.0,27.0
2018-07-19,26.2,69,0,11.5,16.67,0.0,28.0
2018-07-20,27.8,63,0,17.8,16.9,0.0,29.0
2018-07-21,26.5,70,66,20.5,15.8,0.1,27.0
2018-07-22,23.0,83,99,19.6,11.75,0.2,22.0
2018-07-23,23.1,81,69,13.7,12.91,0.0,25.0
2018-07-24,21.5,83,61,19.2,14.48,0.0,19.0
2018-07-25,22.3,83,82,14.6,12.15,0.2,23.0
2018-07-26,23.2,81,62,12.4,13.75,0.5,25.0
2018-07-27,25.2,71,37,13.8,15.58,0.0,26.0
2018-07-28,26.3,63,28,10.0,17.04,0.0,27.0
2018-07-29,27.8,53,66,18.8,14.28,0.0,29.0
2018-07-30,24.4,72,38,12.5,14.45,3.8,22.0
2018-07-31,18.4,88,80,19.4,8.85,9.4,19.0
2018-08-01,14.9,91,97,18.2,4.55,9.2,15.0
2018-08-02,18.5,89,93,15.9,6.91,3.5,17.0
2018-08-03,16.0,93,100,14.5,2.3,25.5,16.0
2018-08-04,20.8,83,88,12.3,11.12,0.2,21.0
2018-08-05,20.8,84,84,12.3,10.37,1.1,20.0
2018-08-06,14.8,93,100,10.4,2.89,13.5,15.0
2018-08-07,19.5,90,88,17.5,11.39,0.0,18.0
2018-08-08,23.5,87,78,12.1,15.91,0.3,25.0
2018-08-09,23.2,77,44,25.6,16.81,5.3,25.0
2018-08-10,18.5,69,2,28.1,18.93,0.0,21.0
2018-08-11,19.5,75,0,13.8,19.14,0.0,23.0
2018-08-12,16.6,83,51,13.4,12.23,0.0,18.0
2018-08-13,18.1,89,60,14.0,15.66,0.0,21.0
2018-08-14,22.2,88,48,15.6,17.63,0.0,27.0
2018-08-15,17.1,91,99,16.3,14.25,0.0,17.0
2018-08-16,18.2,86,99,17.1,7.99,0.5,18.0
2018-08-17,17.6,89,96,18.1,8.37,0.6,18.0
2018-08-18,20.9,87,68,17.1,14.56,0.0,23.0
2018-08-19,23.1,83,47,10.7,16.71,0.0,26.0
2018-08-20,24.6,73,18,12.3,18.87,0.0,27.0
2018-08-21,25.5,77,43,17.3,18.15,0.0,28.0
2018-08-22,23.6,86,90,7.2,14.05,0.7,26.0
2018-08-23,26.1,78,25,13.3,18.12,0.2,28.0
2018-08-24,28.8,67,53,15.8,17.19,0.0,31.0
2018-08-25,23.2,82,99,25.7,11.07,3.4,23.0
2018-08-26,14.3,88,100,17.2,6.06,5.6,14.0
2018-08-27,16.9,87,100,18.8,8.98,0.4,16.0
2018-08-28,22.6,86,46,19.8,18.72,0.0,24.0
2018-08-29,23.4,85,41,13.0,18.23,0.0,25.0
2018-08-30,26.8,69,16,13.5,19.94,0.0,29.0
2018-08-31,27.8,64,12,12.7,19.8,0.0,30.0
2018-09-01,29.1,68,18,10.5,19.33,0.0,31.0
2018-09-02,29.4,73,33,11.5,18.91,0.0,32.0
2018-09-03,25.4,80,64,29.6,15.76,2.2,26.0
2018-09-04,17.0,82,65,25.0,10.21,10.2,18.0
2018-09-05,16.2,86,55,19.8,14.19,1.7,17.0
2018-09-06,20.6,84,31,18.8,21.6,0.0,22.0
2018-09-07,24.1,85,46,16.4,20.22,0.0,26.0
2018-09-08,23.7,89,59,17.1,19.1,0.0,26.0
2018-09-09,22.2,88,63,17.1,18.84,0.0,25.0
2018-09-10,22.5,82,37,16.1,19.69,0.0,24.0
2018-09-11,22.2,82,43,18.9,19.14,0.0,23.0
2018-09-12,22.2,82,60,21.3,18.22,0.0,23.0
2018-09-13,24.7,81,70,17.9,18.11,0.1,27.0
2018-09-14,22.3,90,99,15.8,6.77,14.4,19.0
2018-09-15,21.4,87,68,17.8,13.93,2.0,23.0
2018-09-16,21.4,84,78,19.6,18.27,0.0,22.0
2018-09-17,19.7,90,100,22.1,4.82,6.4,20.0
2018-09-18,23.5,83,66,27.0,14.73,0.4,25.0
2018-09-19,26.8,80,72,20.4,18.75,0.7,29.0
2018-09-20,21.5,87,99,21.3,7.4,6.5,21.0
2018-09-21,25.0,84,59,18.4,15.79,3.5,27.0
2018-09-22,25.7,86,37,15.9,21.46,0.0,28.0
2018-09-23,29.3,77,13,14.1,22.89,0.0,32.0
2018-09-24,29.7,79,15,20.0,23.5,0.0,33.0
2018-09-25,25.3,87,71,15.6,22.88,0.0,26.0
2018-09-26,30.6,81,71,14.1,20.03,4.4,32.0
2018-09-27,28.5,85,64,18.7,17.73,13.0,29.0
2018-09-28,20.6,92,96,14.8,5.55,6.9,21.0
2018-09-29,25.4,87,97,16.3,13.15,0.6,27.0
2018-09-30,25.9,90,93,13.4,14.0,11.7,29.0
2018-10-01,25.1,84,82,17.7,11.5,6.1,27.0
2018-10-02,28.2,81,46,11.8,21.01,0.2,31.0
2018-10-03,30.4,78,77,14.9,20.42,2.6,32.0
2018-10-04,21.4,90,96,18.0,12.45,0.8,23.0
2018-10-05,17.4,87,100,19.6,7.32,1.5,18.0
2018-10-06,18.6,88,96,17.6,8.7,9.2,18.0
2018-10-07,21.4,92,90,15.0,10.71,9.9,19.0
2018-10-08,22.2,92,95,12.0,6.35,18.6,22.0
2018-10-09,24.9,87,84,19.7,13.95,18.0,28.0
2018-10-10,25.6,87,72,24.3,13.6,1.8,28.0
2018-10-11,19.6,93,100,20.3,5.99,6.2,20.0
2018-10-12,28.0,85,85,20.5,17.91,0.5,28.0
2018-10-13,29.2,82,78,21.9,20.27,1.6,31.0
2018-10-14,20.9,89,100,15.5,10.71,2.2,20.0
2018-10-15,24.8,87,94,16.8,15.89,1.8,24.0
2018-10-16,26.2,87,79,13.4,16.16,1.3,24.0
2018-10-17,26.3,86,87,16.3,19.25,7.4,29.0
2018-10-18,28.9,84,97,15.3,21.68,1.6,30.0
2018-10-19,21.4,88,99,22.3,10.86,2.3,21.0
2018-10-20,19.2,79,90,21.5,19.85,0.1,21.0
2018-10-21,20.7,79,58,22.2,24.71,0.1,21.0
2018-10-22,27.2,82,53,18.8,24.56,0.0,29.0
2018-10-23,27.8,81,49,17.9,24.08,0.5,31.0
2018-10-24,18.7,94,100,18.3,4.14,17.3,19.0
2018-10-25,21.1,91,93,12.6,8.03,10.5,21.0
2018-10-26,24.1,87,95,7.7,11.33,3.6,25.0
2018-10-27,25.1,85,97,35.0,16.33,6.3,26.0
2018-10-28,18.6,84,71,19.7,13.22,1.3,18.0
2018-10-29,19.4,85,90,20.3,13.68,0.3,20.0
2018-10-30,25.6,86,67,17.4,23.18,0.0,27.0
2018-10-31,29.7,80,89,21.3,23.36,0.1,32.0
2018-11-01,27.1,83,87,18.7,20.54,4.6,27.0
2018-11-02,24.4,87,93,18.9,17.27,0.7,25.0
2018-11-03,29.2,79,72,21.6,23.26,19.0,32.0
2018-11-04,22.0,85,83,19.7,17.67,1.6,22.0
2018-11-05,20.2,85,98,19.5,10.13,0.9,20.0
2018-11-06,22.7,87,88,19.0,15.98,2.1,23.0
2018-11-07,21.4,92,95,22.0,12.07,8.9,21.0
2018-11-08,20.0,90,99,25.1,8.48,10.5,19.0
2018-11-09,23.2,84,76,18.3,14.13,4.2,24.0
2018-11-10,24.7,85,80,13.0,15.63,2.2,25.0
2018-11-11,25.9,88,65,11.5,20.3,8.0,28.0
2018-11-12,28.0,87,65,17.2,23.42,2.2,30.0
2018-11-13,29.1,77,88,13.6,23.56,0.6,32.0
2018-11-14,30.1,69,92,16.6,24.52,0.1,32.0
2018-11-15,28.0,82,81,17.9,18.94,9.1,28.0
2018-11-16,24.5,83,97,23.8,15.74,0.4,24.0
2018-11-17,27.0,82,68,17.5,26.79,0.2,28.0
2018-11-18,26.9,80,91,21.3,16.04,7.7,28.0
2018-11-19,18.4,90,100,21.5,7.25,19.8,18.0
2018-11-20,18.9,87,94,20.4,10.17,1.1,19.0
2018-11-21,21.3,85,98,15.2,13.89,0.0,20.0
2018-11-22,25.7,84,58,10.0,23.29,5.7,28.0
2018-11-23,27.4,80,74,16.5,23.46,6.8,27.0
2018-11-24,25.2,80,74,30.0,18.91,15.7,27.0
2018-11-25,24.4,86,82,19.2,15.33,13.2,25.0
2018-11-26,19.8,88,84,20.6,14.2,4.8,21.0
2018-11-27,23.9,84,58,21.3,23.88,0.0,25.0
2018-11-28,25.9,84,88,15.2,25.02,0.8,28.0
2018-11-29,27.8,76,72,10.5,22.86,0.2,31.0
2018-11-30,28.9,70,81,13.0,21.3,10.4,31.0
2018-12-01,25.7,86,94,19.6,13.02,23.6,26.0
2018-12-02,24.4,85,84,21.1,22.27,1.9,27.0
2018-12-03,21.1,87,87,18.1,12.9,2.0,22.0
2018-12-04,27.5,77,35,12.2,26.66,0.4,30.0
2018-12-05,28.5,77,22,20.1,26.1,3.8,30.0
2018-12-06,26.7,79,38,19.2,28.27,0.1,29.0
2018-12-07,21.9,86,93,21.6,13.71,0.8,23.0
2018-12-08,18.5,84,76,23.3,16.75,1.7,19.0
2018-12-09,24.8,79,22,19.6,30.66,0.0,26.0
2018-12-10,27.8,70,18,16.9,28.04,0.0,30.0
2018-12-11,28.6,65,12,11.4,27.67,0.0,31.0
2018-12-12,29.9,61,16,13.2,27.28,0.0,32.0
2018-12-13,30.2,65,21,14.8,27.09,0.0,31.0
2018-12-14,30.8,64,20,12.1,28.5,0.0,33.0
2018-12-15,31.8,63,27,13.2,26.9,0.0,33.0
2018-12-16,31.0,79,48,11.3,25.38,3.9,33.0
2018-12-17,31.8,80,61,18.3,24.5,4.1,34.0
2018-12-18,31.7,72,51,16.8,25.41,5.2,32.0
2018-12-19,29.4,82,91,11.6,20.05,1.0,31.0
2018-12-20,30.2,80,83,12.4,24.29,3.5,33.0
2018-12-21,31.2,75,94,16.1,22.34,0.0,32.0
2018-12-22,31.4,73,86,16.2,25.21,3.8,33.0
2018-12-23,27.2,81,89,9.9,17.45,10.0,30.0
2018-12-24,24.8,87,95,20.6,15.99,6.3,27.0
2018-12-25,23.3,86,84,15.5,12.74,3.6,24.0
2018-12-26,25.2,83,83,20.4,18.06,0.9,26.0
2018-12-27,27.4,82,63,15.9,23.76,0.7,28.0
2018-12-28,27.9,81,48,11.3,25.08,3.9,29.0
2018-12-29,27.6,82,37,15.6,26.04,0.9,30.0
2018-12-30,30.0,80,38,20.5,28.98,0.0,31.0
2018-12-31,29.8,80,37,20.3,28.94,0.0,30.0
2019-01-01,29.0,83,61,13.0,22.74,6.9,31.0
2019-01-02,29.2,81,63,17.1,22.26,8.5,32.0
2019-01-03,30.6,76,65,19.0,23.03,9.4,32.0
2019-01-04,29.3,85,98,18.0,16.32,36.2,29.0
2019-01-05,25.1,87,89,19.7,13.51,12.5,26.0
2019-01-06,28.8,80,60,15.3,23.63,4.8,30.0
2019-01-07,30.5,71,33,22.3,27.35,0.0,33.0
2019-01-08,30.9,74,49,10.8,25.01,2.5,33.0
2019-01-09,30.5,79,33,15.0,29.42,0.3,33.0
2019-01-10,29.3,72,41,11.9,25.93,0.7,32.0
2019-01-11,29.6,78,28,10.0,26.18,2.5,32.0
2019-01-12,29.0,83,56,17.7,26.31,1.5,30.0
2019-01-13,30.1,84,72,11.8,23.77,4.2,32.0
2019-01-14,29.4,82,77,12.0,22.8,5.6,32.0
2019-01-15,31.4,79,72,16.5,26.79,17.3,31.0
2019-01-16,31.1,76,91,14.3,23.04,6.3,32.0
2019-01-17,30.8,76,65,13.7,24.43,1.1,33.0
2019-01-18,30.9,80,38,14.0,26.02,9.5,32.0
2019-01-19,31.4,77,82,14.8,24.74,1.2,33.0
2019-01-20,30.4,86,99,19.1,21.34,18.0,32.0
2019-01-21,31.8,80,69,13.6,24.24,2.3,34.0
2019-01-22,27.2,89,86,13.2,17.33,1.6,31.0
2019-01-23,29.8,83,72,14.7,25.29,5.6,32.0
2019-01-24,29.3,86,91,15.5,21.54,8.9,31.0
2019-01-25,25.3,89,80,14.6,15.2,9.3,26.0
2019-01-26,27.0,81,41,19.4,23.78,3.4,28.0
2019-01-27,29.1,76,37,14.8,24.89,0.8,30.0
2019-01-28,31.1,75,44,12.6,28.35,0.0,33.0
2019-01-29,31.7,71,17,12.2,27.23,0.0,33.0
2019-01-30,32.2,71,29,14.8,26.24,0.0,34.0
2019-01-31,32.8,61,38,16.5,28.71,0.0,34.0
2019-02-01,32.9,62,43,18.1,30.41,0.0,34.0
2019-02-02,34.1,68,11,18.0,29.57,0.0,35.0
2019-02-03,29.3,80,81,17.2,22.5,4.0,30.0
2019-02-04,21.2,92,93,31.2,10.05,104.7,22.0
2019-02-05,23.2,87,95,19.4,13.83,4.2,24.0
2019-02-06,20.3,91,88,14.1,9.0,32.4,19.0
2019-02-07,24.1,86,59,17.3,19.9,0.7,28.0
2019-02-08,27.4,83,44,15.8,25.98,0.0,31.0
2019-02-09,29.2,78,33,17.8,28.92,0.0,32.0
2019-02-10,30.3,76,41,14.3,26.96,0.4,32.0
2019-02-11,30.1,70,70,19.4,24.15,0.3,32.0
2019-02-12,26.7,84,99,18.4,14.04,9.6,28.0
2019-02-13,20.8,89,99,21.5,5.84,2.4,22.0
2019-02-14,23.5,85,78,18.4,14.19,0.4,24.0
2019-02-15,23.9,89,87,13.9,9.59,31.7,23.0
2019-02-16,22.4,95,99,19.0,6.49,66.4,25.0
2019-02-17,25.0,86,95,17.0,14.63,2.8,26.0
2019-02-18,26.7,83,79,17.4,19.34,3.0,30.0
2019-02-19,27.0,79,43,27.5,23.34,1.1,31.0
2019-02-20,27.7,81,56,13.6,19.59,12.3,29.0
2019-02-21,26.3,88,95,13.1,14.92,9.8,29.0
2019-02-22,27.6,87,80,8.7,18.48,7.9,29.0
2019-02-23,29.8,80,64,21.1,23.03,0.4,32.0
2019-02-24,30.0,76,75,19.6,23.7,0.7,33.0
2019-02-25,28.9,76,86,17.3,22.25,1.5,32.0
2019-02-26,26.9,86,99,16.6,11.58,11.0,28.0
2019-02-27,25.6,86,93,15.7,16.68,14.4,27.0
2019-02-28,22.8,93,99,15.3,7.2,17.4,23.0
2019-03-01,23.1,92,99,15.3,8.93,10.5,23.0
2019-03-02,25.7,88,98,16.9,14.91,7.4,27.0
2019-03-03,25.8,89,93,12.9,16.69,23.7,29.0
2019-03-04,26.0,88,86,14.3,17.4,12.4,26.0
2019-03-05,27.2,83,58,8.3,20.48,13.2,30.0
2019-03-06,29.1,83,51,7.2,22.7,9.5,31.0
2019-03-07,28.0,83,88,14.3,19.65,10.1,30.0
2019-03-08,29.0,77,65,15.5,24.58,0.0,31.0
2019-03-09,29.1,80,60,9.2,21.97,0.2,33.0
2019-03-10,26.4,89,90,21.7,17.16,8.7,27.0
2019-03-11,23.7,90,93,19.5,11.16,17.3,24.0
2019-03-12,27.3,87,82,17.2,20.38,4.8,30.0
2019-03-13,27.4,84,70,18.9,21.65,6.5,30.0
2019-03-14,26.2,83,74,16.3,18.66,3.5,29.0
2019-03-15,26.2,89,95,13.4,13.9,3.9,28.0
2019-03-16,26.6,87,80,16.5,18.3,5.2,29.0
2019-03-17,26.7,89,92,12.3,14.97,12.6,28.0
2019-03-18,28.5,83,85,19.0,18.95,0.8,30.0
2019-03-19,28.3,84,87,18.5,19.45,9.9,31.0
2019-03-20,25.2,86,85,17.3,15.16,1.5,26.0
2019-03-21,19.5,92,99,18.4,3.33,13.9,20.0
2019-03-22,20.7,87,87,19.8,9.24,1.4,22.0
2019-03-23,24.6,83,32,15.2,21.36,0.7,28.0
2019-03-24,25.6,86,59,13.4,20.01,1.8,29.0
2019-03-25,28.0,81,50,14.0,22.47,0.0,29.0
2019-03-26,27.6,79,26,19.0,23.44,0.4,29.0
2019-03-27,26.1,85,45,16.7,20.54,2.0,28.0
2019-03-28,23.8,89,71,16.5,13.87,10.7,24.0
2019-03-29,22.1,87,59,21.6,15.81,1.8,25.0
2019-03-30,24.2,85,47,16.6,21.28,0.4,26.0
2019-03-31,25.7,84,64,17.6,21.95,0.2,27.0
2019-04-01,25.4,84,51,18.8,20.67,0.3,27.0
2019-04-02,26.2,86,72,16.7,21.23,0.0,28.0
2019-04-03,26.9,81,75,7.7,22.19,0.0,29.0
2019-04-04,29.9,68,58,8.9,22.13,0.0,31.0
2019-04-05,29.0,75,93,23.4,18.17,0.5,31.0
2019-04-06,28.3,89,94,10.2,14.56,15.8,28.0
2019-04-07,26.0,88,90,10.1,8.89,9.0,26.0
2019-04-08,22.4,92,98,20.0,6.33,16.5,23.0
2019-04-09,20.5,93,89,20.0,6.47,9.5,22.0
2019-04-10,20.9,90,83,17.7,9.17,1.4,22.0
2019-04-11,25.6,85,71,12.5,17.91,0.4,27.0
2019-04-12,26.3,86,83,14.6,17.42,0.5,29.0
2019-04-13,26.8,87,87,14.7,17.87,0.4,29.0
2019-04-14,20.3,92,89,13.2,4.56,17.4,21.0
2019-04-15,25.9,89,73,19.2,16.85,2.3,27.0
2019-04-16,26.2,88,67,15.0,14.48,6.8,29.0
2019-04-17,25.7,83,49,22.0,15.76,0.1,28.0
2019-04-18,24.3,85,37,15.6,20.48,0.0,27.0
2019-04-19,23.6,84,39,6.8,19.2,0.1,27.0
2019-04-20,26.2,75,29,15.0,19.85,0.0,28.0
2019-04-21,27.3,77,75,7.1,18.42,0.1,29.0
2019-04-22,27.0,86,79,10.7,17.46,1.7,30.0
2019-04-23,26.2,90,80,15.3,14.95,7.8,28.0
2019-04-24,26.9,88,74,11.4,15.98,3.3,27.0
2019-04-25,26.9,88,80,11.2,14.44,1.0,28.0
2019-04-26,25.9,90,79,11.6,13.07,0.4,27.0
2019-04-27,27.8,79,72,15.5,17.42,0.0,30.0
2019-04-28,27.3,74,64,25.0,17.6,14.3,30.0
2019-04-29,22.9,87,59,13.0,12.37,0.7,25.0
2019-04-30,24.4,82,70,12.5,17.79,0.0,26.0
2019-05-01,25.8,84,88,11.5,16.6,0.0,27.0
2019-05-02,26.9,82,74,6.2,16.02,0.0,28.0
2019-05-03,27.2,78,85,5.9,16.37,0.2,29.0
2019-05-04,27.7,79,83,12.5,17.11,0.0,29.0
2019-05-05,27.0,83,48,10.9,16.98,0.3,28.0
2019-05-06,26.5,85,50,18.8,14.99,3.8,29.0
2019-05-07,23.3,90,77,13.6,9.85,2.3,24.0
2019-05-08,21.2,87,95,18.2,7.72,0.5,22.0
2019-05-09,22.3,87,88,18.7,9.83,1.4,24.0
2019-05-10,26.3,85,92,12.7,14.14,0.2,28.0
2019-05-11,26.6,86,97,8.7,11.82,4.0,28.0
2019-05-12,26.8,87,76,14.7,14.13,2.6,28.0
2019-05-13,25.7,89,88,17.9,11.34,0.0,28.0
2019-05-14,26.6,87,90,17.0,13.88,4.8,28.0
2019-05-15,21.6,84,86,22.7,12.25,1.9,23.0
2019-05-16,20.4,91,81,18.6,10.37,5.7,21.0
2019-05-17,19.1,90,96,22.0,5.15,15.1,20.0
2019-05-18,20.6,87,85,8.4,8.11,15.8,19.0
2019-05-19,22.2,89,66,11.7,12.61,2.3,23.0
2019-05-20,22.9,86,63,14.8,13.55,0.0,24.0
2019-05-21,24.3,81,63,17.7,15.97,0.0,26.0
2019-05-22,23.9,77,41,9.4,16.96,0.0,26.0
2019-05-23,24.9,74,90,12.0,15.29,0.0,27.0
2019-05-24,21.7,86,95,23.2,8.65,3.3,23.0
2019-05-25,17.7,80,26,26.3,15.2,0.0,19.0
2019-05-26,20.3,88,50,12.4,13.76,0.0,23.0
2019-05-27,24.5,74,32,8.9,16.38,0.0,27.0
2019-05-28,25.8,72,33,21.7,16.29,0.0,28.0
2019-05-29,25.2,86,69,15.5,13.72,0.9,27.0
2019-05-30,26.3,82,82,21.5,12.48,0.2,28.0
2019-05-31,26.2,66,52,25.8,14.32,0.8,28.0
2019-06-01,24.4,87,52,14.2,11.38,0.6,26.0
2019-06-02,22.6,92,70,13.5,9.26,4.4,20.0
2019-06-03,19.2,90,74,11.3,5.55,8.6,20.0
2019-06-04,16.6,84,43,21.3,13.26,0.9,18.0
2019-06-05,17.1,89,74,15.5,8.87,0.4,18.0
2019-06-06,18.8,86,49,14.1,11.43,0.0,20.0
2019-06-07,21.8,77,4,15.6,16.08,0.0,23.0
2019-06-08,21.0,73,47,11.2,15.61,0.0,22.0
2019-06-09,20.1,79,3,17.1,16.05,0.0,22.0
2019-06-10,20.5,85,7,10.1,15.88,0.0,22.0
2019-06-11,23.0,83,56,10.2,14.91,0.0,23.0
2019-06-12,23.9,80,55,9.6,13.26,0.0,24.0
2019-06-13,25.6,78,96,11.4,13.56,0.0,27.0
2019-06-14,25.5,72,67,8.7,13.22,0.0,27.0
2019-06-15,24.9,72,25,7.7,14.99,0.0,27.0
2019-06-16,24.2,75,32,10.7,13.47,0.0,26.0
2019-06-17,22.2,86,44,15.0,13.58,0.0,24.0
2019-06-18,23.0,82,57,8.8,13.22,0.0,23.0
2019-06-19,23.7,74,32,20.3,13.69,0.0,25.0
2019-06-20,21.8,81,44,14.0,12.09,0.5,23.0
2019-06-21,21.0,88,88,16.1,10.99,0.8,22.0
2019-06-22,22.6,87,77,12.2,13.24,0.0,24.0
2019-06-23,23.6,78,19,12.9,14.72,0.0,25.0
2019-06-24,23.5,66,0,16.8,15.74,0.0,25.0
2019-06-25,25.2,64,7,25.5,15.74,0.0,27.0
2019-06-26,26.3,66,43,23.4,14.23,0.0,28.0
2019-06-27,24.4,84,66,13.2,13.21,0.1,26.0
2019-06-28,25.0,83,58,16.9,11.78,0.0,26.0
2019-06-29,26.4,68,0,11.4,15.65,0.0,27.0
2019-06-30,25.6,66,0,21.1,15.61,0.0,27.0
2019-07-01,25.4,66,69,22.7,15.15,0.0,26.0
2019-07-02,25.3,64,58,21.4,15.46,0.0,26.0
2019-07-03,25.8,59,83,28.2,14.81,0.0,27.0
2019-07-04,17.9,95,100,12.0,2.61,55.4,19.0
2019-07-05,15.2,91,95,16.2,4.21,29.0,15.0
2019-07-06,12.8,81,41,12.6,12.75,0.1,15.0
2019-07-07,13.0,84,28,17.7,13.41,0.0,14.0
2019-07-08,16.8,83,18,16.6,16.6,0.0,19.0
2019-07-09,17.7,88,54,9.2,14.59,0.0,19.0
2019-07-10,21.0,83,54,9.1,15.1,0.0,22.0
2019-07-11,21.4,73,24,13.4,16.69,0.0,23.0
2019-07-12,22.5,74,9,11.9,16.4,0.0,25.0
2019-07-13,24.4,65,62,15.4,16.39,0.0,26.0
2019-07-14,24.7,65,60,14.2,16.33,0.0,27.0
2019-07-15,21.9,87,62,11.3,14.6,0.4,24.0
2019-07-16,16.6,85,62,20.9,8.16,7.5,16.0
2019-07-17,15.7,84,75,16.3,9.43,0.0,17.0
2019-07-18,18.8,85,26,17.8,16.93,0.0,20.0
2019-07-19,20.6,82,75,17.1,13.06,0.0,22.0
2019-07-20,20.7,77,18,11.0,16.9,0.1,22.0
2019-07-21,22.7,71,55,11.8,16.51,0.0,23.0
2019-07-22,24.7,69,71,14.5,16.42,0.0,26.0
2019-07-23,24.9,70,28,9.5,17.01,0.0,26.0
2019-07-24,24.9,73,13,7.3,17.08,0.0,27.0
2019-07-25,23.9,80,71,19.7,16.27,0.0,25.0
2019-07-26,25.1,76,58,15.7,14.66,0.0,26.0
2019-07-27,24.5,71,46,13.6,16.82,0.0,26.0
2019-07-28,21.7,87,73,19.4,15.76,0.0,24.0
2019-07-29,22.6,84,52,17.5,16.61,0.0,24.0
2019-07-30,24.6,77,55,18.8,13.61,1.5,26.0
2019-07-31,23.3,81,6,10.7,17.22,0.0,25.0
2019-08-01,26.6,70,9,20.9,17.54,0.0,28.0
2019-08-02,27.9,69,53,23.6,15.4,1.5,30.0
2019-08-03,12.5,89,100,17.2,4.23,4.3,13.0
2019-08-04,11.9,85,100,20.7,4.05,6.5,12.0
2019-08-05,17.6,88,86,18.8,9.38,1.0,19.0
2019-08-06,23.9,84,51,15.5,16.44,0.0,25.0
2019-08-07,25.5,80,37,10.1,15.3,0.0,25.0
2019-08-08,25.5,75,9,7.9,17.15,0.0,28.0
2019-08-09,27.0,72,11,8.4,18.05,0.0,28.0
2019-08-10,27.4,63,5,17.7,16.76,0.0,29.0
2019-08-11,23.3,83,49,15.2,16.58,0.0,24.0
2019-08-12,29.0,71,42,12.5,17.53,0.0,30.0
2019-08-13,21.1,79,83,20.9,12.5,0.7,21.0
2019-08-14,12.9,84,95,21.1,5.75,0.2,14.0
2019-08-15,19.6,81,69,21.3,18.31,0.0,21.0
2019-08-16,22.2,78,27,13.7,17.9,0.0,24.0
2019-08-17,25.5,65,19,14.7,19.74,0.0,27.0
2019-08-18,26.9,59,65,18.2,16.02,0.0,29.0
2019-08-19,17.7,89,100,20.3,8.39,3.8,18.0
2019-08-20,16.1,92,100,17.1,5.59,4.2,17.0
2019-08-21,19.3,87,98,18.7,9.43,0.0,19.0
2019-08-22,17.8,85,90,18.3,12.56,0.8,20.0
2019-08-23,20.5,85,75,19.1,12.93,0.9,21.0
2019-08-24,17.6,88,73,19.9,11.02,1.4,18.0
2019-08-25,19.5,84,65,19.7,17.81,0.1,21.0
2019-08-26,22.4,82,72,20.1,19.49,0.0,24.0
2019-08-27,23.9,86,92,18.4,18.13,0.1,26.0
2019-08-28,22.6,86,80,19.4,13.19,0.1,22.0
2019-08-29,23.8,82,56,14.3,19.37,0.2,25.0
2019-08-30,27.5,66,20,9.8,20.09,0.0,29.0
2019-08-31,29.4,62,27,22.2,17.59,0.0,32.0
2019-09-01,21.4,86,85,18.5,8.47,10.0,20.0
2019-09-02,21.4,87,81,15.6,12.94,6.9,20.0
2019-09-03,22.9,90,74,18.6,14.61,4.0,23.0
2019-09-04,20.7,91,98,17.6,12.14,0.6,19.0
2019-09-05,15.2,89,100,19.9,4.41,3.8,15.0
2019-09-06,22.4,88,83,21.9,14.33,7.1,18.0
2019-09-07,27.7,80,25,16.6,19.59,0.3,28.0
2019-09-08,29.6,74,36,9.5,20.29,0.0,31.0
2019-09-09,30.8,62,24,15.3,21.31,0.0,32.0
2019-09-10,30.9,56,32,11.4,21.73,0.0,33.0
2019-09-11,31.7,59,96,13.8,21.23,0.0,34.0
2019-09-12,33.2,59,55,19.1,19.67,0.0,35.0
2019-09-13,20.8,87,100,19.4,12.21,0.6,22.0
2019-09-14,26.1,84,76,19.5,18.95,0.0,26.0
2019-09-15,30.0,78,36,22.3,20.65,0.0,30.0
2019-09-16,32.2,67,34,11.4,20.69,0.0,34.0
2019-09-17,33.0,57,53,10.9,21.49,0.0,34.0
2019-09-18,33.8,54,26,23.1,21.36,0.0,34.0
2019-09-19,33.3,71,69,20.5,19.34,0.1,31.0
2019-09-20,29.3,73,67,14.9,16.66,1.5,28.0
2019-09-21,19.4,88,100,17.1,9.8,0.2,18.0
2019-09-22,18.6,88,100,22.4,6.78,5.1,18.0
2019-09-23,15.8,81,76,25.0,10.65,0.7,16.0
2019-09-24,22.9,84,55,18.4,18.6,0.7,23.0
2019-09-25,19.6,90,100,16.6,7.23,5.8,19.0
2019-09-26,19.7,88,93,12.6,6.79,1.8,20.0
2019-09-27,21.3,84,86,21.3,17.04,0.3,22.0
2019-09-28,18.3,86,94,17.9,10.77,0.8,19.0
2019-09-29,24.4,82,56,17.2,22.52,0.0,26.0
2019-09-30,25.9,79,28,19.9,24.79,0.0,28.0
2019-10-01,29.3,77,29,19.7,24.2,0.0,32.0
2019-10-02,31.5,70,24,14.5,25.18,0.0,34.0
2019-10-03,25.7,73,27,20.6,25.75,0.0,28.0
2019-10-04,28.9,77,34,17.8,25.02,0.0,31.0
2019-10-05,32.3,69,44,15.0,25.07,0.0,34.0
2019-10-06,24.6,82,96,22.3,15.58,0.6,24.0
2019-10-07,22.5,87,100,18.4,8.81,4.0,21.0
2019-10-08,20.4,91,100,15.4,8.51,14.0,20.0
2019-10-09,21.8,90,100,18.4,9.92,11.5,21.0
2019-10-10,26.9,82,83,19.1,23.74,0.0,28.0
2019-10-11,27.8,83,54,17.0,22.47,0.4,31.0
2019-10-12,30.0,69,13,11.2,24.79,0.0,32.0
2019-10-13,31.8,62,15,12.1,23.49,0.0,35.0
2019-10-14,30.3,69,28,20.9,25.45,0.4,32.0
2019-10-15,23.9,82,70,21.0,15.41,0.2,23.0
2019-10-16,27.2,79,64,21.7,20.64,0.0,28.0
2019-10-17,29.0,78,79,17.7,19.27,0.0,30.0
2019-10-18,30.8,78,73,9.7,22.14,0.3,32.0
2019-10-19,28.0,81,82,22.7,19.42,1.2,27.0
2019-10-20,19.4,80,100,18.9,13.05,0.4,19.0
2019-10-21,22.1,82,100,19.3,12.57,1.4,21.0
2019-10-22,22.4,84,87,15.5,12.6,0.2,24.0
2019-10-23,23.6,80,82,20.6,17.75,0.1,26.0
2019-10-24,28.1,79,46,18.9,22.04,1.7,27.0
2019-10-25,28.2,81,44,18.0,24.38,0.8,29.0
2019-10-26,27.3,84,66,17.4,18.69,0.7,28.0
2019-10-27,33.4,70,57,22.3,25.76,0.0,34.0
2019-10-28,29.9,66,81,20.2,19.05,5.4,31.0
2019-10-29,30.4,60,76,14.8,16.42,0.5,31.0
2019-10-30,32.3,67,20,15.5,26.09,0.0,33.0
2019-10-31,27.9,72,55,17.7,25.93,0.3,27.0
2019-11-01,27.1,77,79,22.6,20.98,0.2,27.0
2019-11-02,30.7,72,56,19.9,24.58,0.2,31.0
2019-11-03,33.4,63,65,17.6,27.48,0.1,34.0
2019-11-04,35.0,65,76,16.1,24.47,0.6,36.0
2019-11-05,30.7,68,82,23.8,18.0,5.5,29.0
2019-11-06,20.8,88,100,19.5,11.56,4.1,20.0
2019-11-07,26.3,87,99,14.3,11.21,3.7,23.0
2019-11-08,22.1,91,99,11.5,9.82,10.1,23.0
2019-11-09,24.8,89,96,16.3,14.87,4.4,26.0
2019-11-10,23.7,88,96,14.3,7.36,2.9,24.0
2019-11-11,21.2,90,84,19.6,11.9,1.2,21.0
2019-11-12,23.3,83,86,24.1,18.72,0.7,24.0
2019-11-13,25.0,84,84,22.3,21.12,4.7,28.0
2019-11-14,26.4,85,99,21.4,9.91,22.6,27.0
2019-11-15,20.9,88,84,21.4,8.93,22.2,22.0
2019-11-16,21.4,82,41,17.2,20.0,0.0,23.0
2019-11-17,24.4,83,46,24.7,26.6,0.2,25.0
2019-11-18,22.9,86,93,20.5,17.65,0.7,24.0
2019-11-19,25.8,86,81,17.3,19.85,0.7,27.0
2019-11-20,26.2,85,69,18.1,22.55,1.2,28.0
2019-11-21,27.9,80,54,18.5,26.15,0.1,29.0
2019-11-22,29.0,76,40,16.0,24.97,4.6,31.0
2019-11-23,27.1,83,70,22.0,20.03,14.2,30.0
2019-11-24,18.5,82,89,20.0,12.84,0.7,19.0
2019-11-25,22.0,84,88,20.1,18.33,0.0,23.0
2019-11-26,28.0,80,95,17.7,24.83,0.5,29.0
2019-11-27,28.1,78,97,21.9,15.0,2.6,29.0
2019-11-28,21.0,94,100,16.3,4.83,26.6,22.0
2019-11-29,24.7,84,80,17.2,21.78,0.0,24.0
2019-11-30,28.2,83,72,14.5,25.8,2.3,31.0
2019-12-01,26.6,82,78,16.4,18.14,0.4,29.0
2019-12-02,20.1,86,92,19.2,11.1,1.1,20.0
2019-12-03,22.0,85,92,20.6,16.76,0.1,21.0
2019-12-04,27.8,84,95,12.4,22.63,4.5,30.0
2019-12-05,27.7,83,98,24.1,17.43,6.0,29.0
2019-12-06,22.1,87,90,15.1,12.69,3.3,22.0
2019-12-07,25.6,79,40,22.8,28.98,0.0,27.0
2019-12-08,26.5,76,40,18.0,31.5,0.0,29.0
2019-12-09,26.5,87,94,14.3,19.95,16.6,28.0
2019-12-10,25.0,90,99,11.7,10.94,14.3,26.0
2019-12-11,24.4,89,98,7.9,13.91,7.3,25.0
2019-12-12,26.0,84,96,13.8,21.61,11.4,28.0
2019-12-13,27.7,84,79,18.8,23.54,2.4,30.0
2019-12-14,27.1,85,99,16.2,16.9,4.3,29.0
2019-12-15,29.0,82,88,15.3,20.64,1.3,32.0
2019-12-16,30.3,69,88,17.8,27.5,0.8,32.0
2019-12-17,29.5,80,91,16.3,22.28,6.2,31.0
2019-12-18,21.7,92,99,17.4,7.38,9.2,22.0
2019-12-19,24.3,88,96,18.6,17.7,4.1,24.0
2019-12-20,26.4,84,91,14.0,18.67,3.1,28.0
2019-12-21,28.6,76,75,22.1,24.4,1.1,30.0
2019-12-22,26.8,82,90,22.7,16.67,5.1,28.0
2019-12-23,25.5,87,97,16.6,14.19,11.8,25.0
2019-12-24,26.4,83,49,19.4,26.23,0.6,27.0
2019-12-25,29.0,81,34,21.7,29.88,0.0,31.0
2019-12-26,28.6,83,26,21.1,29.12,0.1,30.0
2019-12-27,26.6,86,59,21.3,23.12,0.9,28.0
2019-12-28,28.4,81,63,18.4,22.33,0.6,31.0
2019-12-29,28.2,81,77,20.0,26.88,0.1,30.0
2019-12-30,28.8,79,71,16.9,28.74,0.1,32.0
2019-12-31,30.8,75,49,13.6,27.63,0.0,31.0
2020-01-01,30.4,69,75,19.1,27.71,4.3,33.0
2020-01-02,27.5,86,96,11.8,13.56,28.1,28.0
2020-01-03,23.6,86,84,21.3,16.79,5.8,23.0
2020-01-04,23.9,88,83,15.0,15.17,9.4,26.0
2020-01-05,24.7,89,84,12.1,16.19,9.7,25.0
2020-01-06,27.7,80,32,18.4,24.82,1.5,30.0
2020-01-07,29.8,75,46,18.8,26.04,5.1,33.0
2020-01-08,27.5,85,91,14.7,16.35,10.8,30.0
2020-01-09,27.1,86,98,15.6,16.69,7.0,29.0
2020-01-10,28.4,84,98,14.1,19.45,14.2,31.0
2020-01-11,30.2,79,93,17.1,25.02,24.1,32.0
2020-01-12,25.0,91,98,12.5,9.7,12.0,26.0
2020-01-13,24.1,89,97,18.8,10.08,2.1,25.0
2020-01-14,25.3,87,96,17.8,16.47,1.0,27.0
2020-01-15,29.1,82,46,14.8,26.28,1.0,32.0
2020-01-16,30.9,77,95,16.2,25.46,6.7,32.0
2020-01-17,21.5,89,100,21.3,9.93,18.3,22.0
2020-01-18,22.9,84,98,17.1,14.04,0.9,24.0
2020-01-19,25.3,86,76,17.8,17.21,1.6,26.0
2020-01-20,24.7,85,81,21.3,18.61,1.1,25.0
2020-01-21,26.2,82,45,22.6,29.34,0.0,28.0
2020-01-22,25.1,84,69,21.9,19.61,4.4,25.0
2020-01-23,21.5,91,98,14.3,8.26,19.9,21.0
2020-01-24,22.1,92,72,21.2,15.66,5.5,23.0
2020-01-25,25.2,82,57,17.4,24.9,0.8,26.0
2020-01-26,27.8,70,1,16.4,30.3,0.0,30.0
2020-01-27,30.3,59,0,17.8,31.53,0.0,32.0
2020-01-28,29.5,70,22,14.4,26.17,0.6,32.0
2020-01-29,28.6,80,51,16.4,24.91,9.8,32.0
2020-01-30,28.1,82,88,22.5,21.9,5.2,31.0
2020-01-31,28.0,78,72,24.0,20.13,1.2,29.0
2020-02-01,27.1,89,93,14.1,14.34,29.1,28.0
2020-02-02,25.3,91,98,14.0,10.58,24.0,27.0
2020-02-03,24.2,91,96,15.0,9.96,20.6,26.0
2020-02-04,25.4,89,90,13.5,16.8,7.9,27.0
2020-02-05,26.0,89,90,12.4,13.2,21.7,30.0
2020-02-06,25.9,91,71,12.7,16.62,22.4,27.0
2020-02-07,26.7,84,56,14.0,22.84,1.7,27.0
2020-02-08,28.3,76,42,8.7,24.25,0.5,31.0
2020-02-09,27.3,75,65,26.9,22.4,3.6,29.0
2020-02-10,21.5,91,98,20.0,6.93,43.5,22.0
2020-02-11,21.4,87,94,24.4,13.35,7.8,20.0
2020-02-12,21.6,85,77,19.0,12.06,1.5,21.0
2020-02-13,24.1,86,77,19.3,18.03,1.3,26.0
2020-02-14,26.7,85,68,18.0,24.99,0.4,27.0
2020-02-15,29.1,81,64,16.1,23.45,0.3,33.0
2020-02-16,29.6,84,70,13.6,24.42,10.4,32.0
2020-02-17,29.4,84,69,11.2,23.44,1.8,31.0
2020-02-18,29.6,78,57,13.5,25.21,0.4,32.0
2020-02-19,28.9,77,57,15.3,24.02,2.6,31.0
2020-02-20,28.8,82,79,15.3,20.91,2.2,30.0
2020-02-21,23.3,90,81,16.1,10.13,11.7,22.0
2020-02-22,19.6,91,88,19.6,7.98,1.9,20.0
2020-02-23,21.6,85,91,18.2,11.11,0.3,22.0
2020-02-24,25.3,86,73,12.6,19.07,6.3,25.0
2020-02-25,27.8,87,55,15.6,19.33,13.9,29.0
2020-02-26,24.7,89,97,29.4,9.53,14.7,25.0
2020-02-27,20.7,87,98,19.5,10.56,6.4,21.0
2020-02-28,21.3,88,100,19.2,9.44,3.9,21.0
2020-02-29,21.7,92,91,16.2,11.23,10.3,25.0
2020-03-01,21.7,88,92,21.2,12.72,4.0,24.0
2020-03-02,23.4,88,75,21.6,18.22,18.4,23.0
2020-03-03,22.4,88,86,12.6,14.68,7.5,23.0
2020-03-04,23.3,87,68,15.6,17.58,1.2,24.0
2020-03-05,23.6,84,53,21.5,23.31,0.3,25.0
2020-03-06,23.8,85,52,19.1,23.94,0.9,25.0
2020-03-07,24.4,85,60,20.6,22.55,1.0,26.0
2020-03-08,24.1,86,70,14.7,20.99,2.2,26.0
2020-03-09,25.7,86,58,14.5,22.07,1.5,28.0
2020-03-10,26.9,84,54,18.1,23.63,0.5,30.0
2020-03-11,26.6,85,48,17.2,23.96,0.1,29.0
2020-03-12,27.1,84,34,17.5,23.53,0.1,30.0
2020-03-13,28.4,84,59,19.6,24.23,0.1,32.0
2020-03-14,27.7,82,39,15.5,22.85,0.1,31.0
2020-03-15,29.4,78,32,9.7,22.24,1.4,32.0
2020-03-16,28.5,78,43,11.5,21.19,5.3,31.0
2020-03-17,28.3,86,61,16.6,21.08,9.0,30.0
2020-03-18,28.9,83,61,10.8,22.66,1.3,31.0
2020-03-19,27.4,83,78,14.7,13.78,0.4,28.0
2020-03-20,25.3,87,93,15.6,13.15,9.1,28.0
2020-03-21,22.3,86,72,18.6,13.02,4.5,23.0
2020-03-22,24.1,83,36,23.3,21.29,0.0,26.0
2020-03-23,23.9,82,45,20.3,21.05,0.1,26.0
2020-03-24,23.0,84,35,18.5,20.35,0.1,25.0
2020-03-25,23.9,82,12,17.4,22.7,0.0,25.0
2020-03-26,24.5,81,11,20.5,24.4,0.0,27.0
2020-03-27,25.6,82,34,20.0,23.66,0.0,27.0
2020-03-28,25.8,83,56,16.3,20.38,0.8,29.0
2020-03-29,26.1,87,73,10.4,16.57,11.1,27.0
2020-03-30,25.6,88,47,17.2,19.45,1.2,28.0
2020-03-31,25.9,89,82,14.8,16.62,0.9,28.0
2020-04-01,27.1,85,69,16.3,20.13,0.2,27.0
2020-04-02,28.0,76,79,22.6,18.92,0.2,31.0
2020-04-03,26.1,78,39,21.6,13.72,5.7,28.0
2020-04-04,23.5,81,26,13.9,22.83,0.0,27.0
2020-04-05,25.5,84,50,16.1,21.46,0.0,28.0
2020-04-06,29.2,74,69,14.7,21.86,0.0,30.0
2020-04-07,23.4,86,95,20.2,10.56,3.4,24.0
2020-04-08,20.2,87,84,16.4,10.54,1.2,19.0
2020-04-09,21.2,79,17,16.2,22.2,0.0,24.0
2020-04-10,22.5,82,36,17.3,21.57,0.0,24.0
2020-04-11,21.1,83,59,19.6,14.0,0.0,23.0
2020-04-12,23.8,81,49,18.4,18.9,0.2,23.0
2020-04-13,24.2,84,47,18.2,20.7,0.0,26.0
2020-04-14,23.6,84,97,25.0,11.27,1.0,23.0
2020-04-15,25.1,73,68,21.9,15.39,0.0,26.0
2020-04-16,25.9,79,64,16.5,15.9,0.0,26.0
2020-04-17,20.7,85,78,19.8,11.28,0.2,21.0
2020-04-18,22.5,84,81,19.0,14.72,0.1,23.0
2020-04-19,23.2,84,68,17.9,14.21,0.4,24.0
2020-04-20,23.8,83,64,18.3,15.84,0.0,26.0
2020-04-21,24.5,82,45,18.8,18.77,0.0,26.0
2020-04-22,24.3,85,54,19.0,17.55,0.0,24.0
2020-04-23,24.9,83,71,20.3,17.21,0.2,25.0
2020-04-24,25.6,82,51,16.9,15.73,0.0,26.0
2020-04-25,27.0,79,29,16.8,19.33,0.0,28.0
2020-04-26,26.4,72,4,16.3,20.43,0.0,28.0
2020-04-27,24.2,82,43,20.6,18.23,0.0,25.0
2020-04-28,24.9,78,15,13.2,19.62,0.0,25.0
2020-04-29,25.8,65,30,11.4,19.58,0.0,26.0
2020-04-30,26.0,60,60,14.2,17.3,0.0,27.0
2020-05-01,25.6,75,34,11.4,17.24,0.9,27.0
2020-05-02,25.5,83,61,20.5,15.52,2.2,28.0
2020-05-03,20.8,80,35,18.0,16.23,0.0,22.0
2020-05-04,23.1,81,40,14.3,16.87,0.0,24.0
2020-05-05,26.0,66,61,25.5,18.57,0.0,27.0
2020-05-06,25.6,68,91,22.4,13.23,18.1,27.0
2020-05-07,15.9,88,86,19.1,6.69,4.9,16.0
2020-05-08,18.8,86,67,18.5,11.4,0.0,20.0
2020-05-09,20.9,82,37,16.4,18.17,0.0,23.0
2020-05-10,23.1,75,10,11.6,18.54,0.0,24.0
2020-05-11,23.3,67,0,14.7,18.77,0.0,26.0
2020-05-12,24.7,61,50,15.3,18.42,0.0,26.0
2020-05-13,23.6,67,84,25.3,10.73,0.0,25.0
2020-05-14,20.9,85,97,16.6,7.59,7.8,22.0
2020-05-15,17.3,91,95,15.9,5.29,2.1,17.0
2020-05-16,21.6,83,33,13.5,16.48,0.0,24.0
2020-05-17,22.9,82,33,9.1,17.0,0.0,26.0
2020-05-18,22.9,85,29,14.2,15.91,0.0,25.0
2020-05-19,23.0,85,46,14.5,17.12,0.0,24.0
2020-05-20,23.6,84,37,15.5,15.3,0.0,25.0
2020-05-21,25.1,74,31,12.1,14.89,0.0,26.0
2020-05-22,25.6,64,95,22.2,13.83,0.0,26.0
2020-05-23,22.3,75,99,36.1,6.27,1.8,22.0
2020-05-24,16.2,74,88,22.7,9.62,0.0,15.0
2020-05-25,17.7,67,22,28.3,16.8,0.0,20.0
2020-05-26,18.4,62,0,26.8,17.41,0.0,19.0
2020-05-27,19.4,70,0,16.0,17.25,0.0,21.0
2020-05-28,19.2,82,4,11.7,16.94,0.0,21.0
2020-05-29,23.2,73,0,9.7,17.07,0.0,24.0
2020-05-30,24.3,63,33,13.8,16.83,0.0,25.0
2020-05-31,22.5,60,24,16.5,16.87,0.0,25.0
2020-06-01,24.3,64,17,14.7,16.27,0.0,26.0
2020-06-02,18.0,90,83,14.4,6.9,3.1,19.0
2020-06-03,20.4,91,81,12.9,9.62,3.7,23.0
2020-06-04,21.3,90,96,15.2,8.75,0.3,22.0
2020-06-05,23.5,88,95,11.5,8.94,6.0,21.0
2020-06-06,25.1,74,89,17.7,8.47,0.4,23.0
2020-06-07,23.2,81,34,20.1,13.06,3.3,26.0
2020-06-08,23.7,82,19,17.2,12.97,1.0,27.0
2020-06-09,25.2,81,57,15.5,12.04,0.1,26.0
2020-06-10,26.7,75,83,22.1,11.8,0.1,28.0
2020-06-11,26.7,66,41,22.2,15.41,0.0,28.0
2020-06-12,26.8,70,71,14.0,15.36,0.0,28.0
2020-06-13,26.8,68,49,21.3,15.38,0.0,28.0
2020-06-14,17.7,90,98,19.5,3.75,2.8,19.0
2020-06-15,19.8,87,82,18.8,9.28,0.0,22.0
2020-06-16,21.9,86,70,20.0,11.08,0.0,21.0
2020-06-17,22.4,80,41,17.7,14.11,0.0,22.0
2020-06-18,23.5,67,48,17.3,15.82,0.0,25.0
2020-06-19,24.6,65,27,17.3,15.78,0.0,26.0
2020-06-20,26.0,67,3,17.6,15.82,0.0,27.0
2020-06-21,26.4,70,14,16.2,14.19,0.0,28.0
2020-06-22,25.3,64,29,11.8,14.7,0.0,26.0
2020-06-23,24.5,59,81,10.9,14.58,0.0,24.0
2020-06-24,24.8,61,65,19.2,15.95,0.0,25.0
2020-06-25,26.2,62,94,27.3,14.31,0.0,27.0
2020-06-26,19.9,85,89,16.6,6.48,12.1,20.0
2020-06-27,15.8,95,98,20.1,2.38,23.4,16.0
2020-06-28,16.3,89,95,18.2,7.11,0.9,16.0
2020-06-29,19.6,84,87,20.4,12.42,0.0,19.0
2020-06-30,22.9,71,70,24.8,13.22,0.0,25.0
2020-07-01,19.2,65,32,37.0,12.52,0.2,21.0
2020-07-02,18.1,77,24,8.7,15.58,0.0,20.0
2020-07-03,17.4,85,64,13.7,14.61,0.0,19.0
2020-07-04,22.6,81,38,14.0,14.87,0.0,24.0
2020-07-05,25.0,76,27,16.4,12.14,0.0,26.0
2020-07-06,24.8,77,37,14.2,14.11,0.1,26.0
2020-07-07,26.8,73,45,15.0,14.76,0.0,28.0
2020-07-08,25.3,52,34,29.0,16.11,0.0,27.0
2020-07-09,21.8,76,43,14.3,15.04,0.2,24.0
2020-07-10,21.9,84,66,13.7,14.96,0.0,21.0
2020-07-11,25.5,71,16,18.3,15.44,0.0,26.0
2020-07-12,26.0,60,25,23.2,16.12,0.0,27.0
2020-07-13,26.5,63,16,18.6,14.35,0.0,28.0
2020-07-14,19.0,85,80,14.5,7.23,2.1,19.0
2020-07-15,16.2,88,100,15.8,6.04,0.2,16.0
2020-07-16,21.6,82,52,19.4,12.84,0.0,19.0
2020-07-17,23.1,84,49,12.6,9.82,0.0,25.0
2020-07-18,23.6,85,30,11.7,15.57,0.0,24.0
2020-07-19,23.5,77,11,10.5,16.46,0.0,26.0
2020-07-20,24.0,61,0,16.9,17.3,0.0,25.0
2020-07-21,25.3,64,13,16.1,17.22,0.0,26.0
2020-07-22,24.8,63,76,12.0,17.2,0.0,26.0
2020-07-23,25.5,67,23,11.8,17.27,0.0,27.0
2020-07-24,25.5,63,0,14.3,17.46,0.0,26.0
2020-07-25,26.2,56,14,27.4,17.54,0.0,28.0
2020-07-26,19.8,87,96,16.1,9.54,1.1,22.0
2020-07-27,26.4,72,52,19.4,16.75,0.0,27.0
2020-07-28,26.9,59,29,25.0,17.13,0.0,28.0
2020-07-29,17.7,87,95,19.1,7.28,0.9,19.0
2020-07-30,16.1,89,99,18.9,5.11,3.6,16.0
2020-07-31,21.0,84,70,23.4,12.91,0.4,21.0
2020-08-01,21.9,84,56,16.7,14.18,0.0,23.0
2020-08-02,22.1,84,52,18.4,17.04,0.0,23.0
2020-08-03,21.9,83,41,15.6,16.69,0.0,22.0
2020-08-04,22.2,81,26,16.2,17.84,0.0,23.0
2020-08-05,22.5,81,31,15.6,17.93,0.0,24.0
2020-08-06,23.1,79,14,18.9,18.65,0.0,24.0
2020-08-07,23.8,72,1,15.3,18.98,0.0,24.0
2020-08-08,24.4,75,34,18.6,18.29,0.0,25.0
2020-08-09,24.4,73,52,13.2,14.85,0.0,25.0
2020-08-10,26.1,59,8,12.1,18.55,0.0,27.0
2020-08-11,26.6,49,20,17.3,17.3,0.0,27.0
2020-08-12,27.4,63,16,10.6,19.17,0.0,28.0
2020-08-13,29.5,55,46,16.1,17.47,0.0,30.0
2020-08-14,28.0,59,29,13.7,15.26,0.0,27.0
2020-08-15,23.7,70,48,22.1,13.72,0.2,23.0
2020-08-16,21.3,83,100,15.8,7.89,2.9,20.0
2020-08-17,20.1,84,99,17.8,7.95,12.1,20.0
2020-08-18,18.8,90,92,16.1,3.91,19.2,18.0
2020-08-19,26.2,86,47,19.4,17.78,6.1,25.0
2020-08-20,16.7,89,99,18.4,4.59,8.7,17.0
2020-08-21,12.1,95,99,21.3,2.76,19.7,13.0
2020-08-22,12.9,91,86,18.2,6.6,1.6,14.0
2020-08-23,17.1,85,46,19.6,14.08,0.0,19.0
2020-08-24,17.7,84,41,17.9,18.49,0.0,19.0
2020-08-25,17.4,86,44,17.6,12.01,0.0,19.0
2020-08-26,20.5,84,1,15.1,21.32,0.0,23.0
2020-08-27,23.4,81,2,12.7,21.08,0.0,26.0
2020-08-28,25.6,81,31,12.7,20.19,0.0,28.0
2020-08-29,28.1,69,4,10.9,20.89,0.0,30.0
2020-08-30,28.9,64,8,14.3,21.15,0.0,31.0
2020-08-31,23.9,86,69,18.8,18.75,0.6,25.0
2020-09-01,21.3,87,95,20.6,11.65,0.9,22.0
2020-09-02,24.9,82,65,18.7,17.73,0.0,26.0
2020-09-03,28.2,63,20,17.6,21.48,0.0,29.0
2020-09-04,30.7,65,33,19.9,20.89,0.0,32.0
2020-09-05,28.3,79,81,13.0,20.98,0.0,30.0
2020-09-06,30.1,63,46,14.1,22.03,0.0,31.0
2020-09-07,27.3,82,83,14.3,20.67,0.0,30.0
2020-09-08,28.8,83,81,18.0,20.47,0.0,30.0
2020-09-09,29.4,81,69,16.3,19.6,0.0,28.0
2020-09-10,32.2,66,60,18.9,19.17,0.0,33.0
2020-09-11,32.0,70,63,9.5,18.25,0.0,33.0
2020-09-12,32.3,52,58,14.8,17.68,0.0,34.0
2020-09-13,31.9,53,3,13.9,22.49,0.0,33.0
2020-09-14,32.1,54,35,20.1,22.73,0.4,32.0
2020-09-15,20.5,82,87,21.4,12.71,1.7,21.0
2020-09-16,30.9,72,88,17.8,21.46,0.0,31.0
2020-09-17,32.1,66,72,18.0,18.22,0.0,32.0
2020-09-18,28.0,64,57,18.2,10.48,0.0,27.0
2020-09-19,31.6,58,77,16.5,18.34,1.8,32.0
2020-09-20,21.2,86,99,16.1,7.72,2.1,21.0
2020-09-21,18.4,89,99,20.9,8.38,6.4,18.0
2020-09-22,15.7,91,96,22.0,4.55,21.7,16.0
2020-09-23,20.9,86,88,20.0,11.92,5.0,21.0
2020-09-24,25.1,86,29,17.8,22.41,0.1,27.0
2020-09-25,26.7,84,56,13.8,22.8,0.0,29.0
2020-09-26,30.5,73,57,16.3,23.65,0.0,33.0
2020-09-27,33.2,58,33,18.5,23.64,0.0,34.0
2020-09-28,30.6,64,84,22.0,17.66,0.0,32.0
2020-09-29,26.4,84,57,17.1,20.21,0.1,26.0
2020-09-30,34.2,67,48,15.1,21.3,0.0,37.0
2020-10-01,34.7,61,18,14.0,22.04,0.0,36.0
2020-10-02,35.9,50,29,12.6,20.51,1.7,37.0
2020-10-03,27.8,73,54,21.6,21.19,0.1,27.0
2020-10-04,24.0,83,96,22.4,15.15,7.3,24.0
2020-10-05,34.8,75,60,16.4,23.01,0.1,36.0
2020-10-06,35.4,68,23,16.5,22.13,0.0,36.0
2020-10-07,37.0,60,38,20.9,20.58,1.1,37.0
2020-10-08,30.6,74,74,19.7,14.68,0.7,28.0
2020-10-09,21.8,92,90,16.3,9.63,19.6,20.0
2020-10-10,22.1,77,55,18.9,21.66,0.0,22.0
2020-10-11,23.3,74,2,20.9,27.19,0.0,24.0
2020-10-12,26.1,80,7,16.1,26.61,0.0,28.0
2020-10-13,30.1,69,57,15.7,23.95,0.0,32.0
2020-10-14,31.5,71,44,17.3,23.44,0.8,33.0
2020-10-15,19.8,89,96,16.2,7.52,8.3,21.0
2020-10-16,18.2,87,86,20.1,9.06,4.4,18.0
2020-10-17,20.0,83,78,20.5,12.72,0.1,19.0
2020-10-18,24.3,80,85,18.8,14.12,0.0,26.0
2020-10-19,27.0,81,90,12.5,19.44,7.1,28.0
2020-10-20,27.6,84,49,12.7,19.0,13.4,28.0
2020-10-21,25.0,85,45,20.8,21.24,1.1,26.0
2020-10-22,24.7,82,66,20.9,16.92,0.2,26.0
2020-10-23,27.4,76,38,20.3,26.11,1.0,28.0
2020-10-24,24.3,81,88,12.4,12.7,1.4,25.0
2020-10-25,25.6,86,46,18.4,20.67,11.5,26.0
2020-10-26,25.6,82,75,18.2,18.15,0.0,27.0
2020-10-27,28.7,73,33,18.4,23.49,0.5,31.0
2020-10-28,31.7,57,1,18.9,29.43,0.0,33.0
2020-10-29,32.2,70,75,25.0,24.44,1.5,33.0
2020-10-30,19.0,94,100,20.0,5.08,32.1,19.0
2020-10-31,17.9,88,87,22.5,9.66,2.8,20.0
2020-11-01,16.2,88,72,20.2,11.28,2.4,17.0
2020-11-02,18.4,80,66,20.9,17.7,0.5,21.0
2020-11-03,20.4,81,47,20.8,19.83,0.5,22.0
2020-11-04,21.9,84,57,21.0,24.14,1.0,23.0
2020-11-05,22.0,85,75,19.0,20.02,4.0,22.0
2020-11-06,22.7,80,49,20.1,26.43,0.0,24.0
2020-11-07,26.6,82,29,17.9,29.14,0.0,28.0
2020-11-08,29.0,74,29,15.5,28.68,0.0,30.0
2020-11-09,28.1,79,69,18.7,26.58,1.9,30.0
2020-11-10,27.4,85,90,12.9,12.79,12.6,28.0
2020-11-11,27.5,86,85,17.7,18.56,21.6,28.0
2020-11-12,25.7,86,87,14.0,17.63,5.7,28.0
2020-11-13,27.3,87,98,13.1,18.2,11.1,29.0
2020-11-14,28.6,82,65,14.5,25.02,1.7,30.0
2020-11-15,30.3,75,53,12.4,27.03,0.6,32.0
2020-11-16,28.3,75,61,15.8,17.88,0.6,29.0
2020-11-17,24.5,86,71,17.5,16.96,16.5,23.0
2020-11-18,22.0,89,98,20.6,12.09,9.0,20.0
2020-11-19,21.7,88,91,23.5,12.99,32.1,20.0
2020-11-20,19.9,84,61,16.8,18.71,1.3,21.0
2020-11-21,23.6,83,26,20.1,28.01,0.6,25.0
2020-11-22,23.7,83,37,20.3,25.85,1.1,25.0
2020-11-23,24.2,82,57,18.4,24.36,0.0,25.0
2020-11-24,27.4,81,52,18.7,24.09,0.1,28.0
2020-11-25,29.3,74,38,18.1,29.04,0.0,31.0
2020-11-26,29.6,67,16,13.8,26.3,0.0,31.0
2020-11-27,29.2,77,53,15.9,26.06,0.8,32.0
2020-11-28,30.1,76,69,21.6,28.18,0.0,31.0
2020-11-29,31.3,70,50,13.8,23.58,2.8,31.0
2020-11-30,31.4,74,67,15.4,21.92,7.9,32.0
2020-12-01,27.0,85,79,17.3,21.5,8.4,27.0
2020-12-02,26.2,84,83,11.9,19.31,2.5,28.0
2020-12-03,30.1,76,88,22.7,21.93,2.1,30.0
2020-12-04,29.0,80,84,18.8,25.71,1.4,31.0
2020-12-05,25.3,89,98,20.2,13.62,12.4,26.0
2020-12-06,24.1,88,95,17.3,11.56,8.4,24.0
2020-12-07,23.7,89,99,17.4,13.97,12.4,26.0
2020-12-08,26.9,86,74,13.8,22.05,8.5,27.0
2020-12-09,26.3,83,66,18.0,25.2,1.3,28.0
2020-12-10,25.7,83,66,17.8,24.0,0.4,27.0
2020-12-11,26.5,80,98,12.2,17.89,1.3,26.0
2020-12-12,27.7,78,91,15.3,20.05,6.8,28.0
2020-12-13,28.8,80,92,21.5,17.96,7.9,29.0
2020-12-14,28.5,77,50,19.9,24.88,5.3,30.0
2020-12-15,28.5,81,89,13.7,19.58,1.5,31.0
2020-12-16,29.4,83,73,16.2,25.73,4.1,30.0
2020-12-17,28.9,83,91,14.3,18.65,1.2,30.0
2020-12-18,28.3,83,73,13.8,25.18,2.2,31.0
2020-12-19,29.8,81,61,14.5,27.75,4.7,32.0
2020-12-20,30.3,75,75,14.8,26.65,2.4,32.0
2020-12-21,31.3,82,75,16.1,24.49,14.0,32.0
2020-12-22,23.2,90,99,21.5,13.6,4.6,23.0
2020-12-23,24.4,86,68,21.6,18.15,1.4,23.0
2020-12-24,23.0,85,70,21.7,16.96,2.1,23.0
2020-12-25,23.6,86,75,20.7,18.65,2.5,23.0
2020-12-26,24.5,85,94,16.3,19.54,4.2,25.0
2020-12-27,23.2,89,80,12.8,15.52,15.1,23.0
2020-12-28,25.7,81,74,15.9,19.16,18.4,27.0
2020-12-29,27.1,81,89,12.1,19.71,10.6,29.0
2020-12-30,28.6,78,39,20.3,27.52,3.2,30.0
2020-12-31,27.4,80,59,26.0,21.8,6.8,
