datum,era5_max,rh_gem,bewolking_gem,wind_max,instraling_som,neerslag_som,station_max
2000-01-01,0.1,94,87,10.5,1.39,0.1,0.0
2000-01-02,-1.4,87,64,14.3,3.47,0.0,-1.0
2000-01-03,2.6,97,100,19.9,0.74,1.2,2.1
2000-01-04,3.3,96,100,19.0,0.35,2.0,3.3
2000-01-05,4.9,95,95,24.2,1.66,7.7,4.9
2000-01-06,2.1,89,96,19.9,2.29,0.1,1.6
2000-01-07,2.3,88,79,17.0,1.18,0.0,1.7
2000-01-08,3.7,91,81,13.5,1.83,0.0,4.2
2000-01-09,2.5,87,92,11.7,1.18,0.0,2.5
2000-01-10,2.4,93,86,13.5,1.84,0.9,2.4
2000-01-11,0.1,86,88,11.2,1.43,0.0,1.3
2000-01-12,0.6,77,39,13.9,3.77,0.0,1.6
2000-01-13,-0.2,77,11,17.0,4.1,0.0,-1.6
2000-01-14,-0.1,79,58,11.0,3.2,0.0,-2.6
2000-01-15,-2.2,81,97,12.1,1.48,0.1,-2.1
2000-01-16,0.1,87,94,18.6,1.85,0.0,-0.2
2000-01-17,4.1,90,79,28.1,2.4,2.5,4.0
2000-01-18,1.4,74,78,30.5,2.6,1.3,1.2
2000-01-19,-1.2,69,57,27.9,4.12,0.7,-1.3
2000-01-20,1.1,82,88,31.0,2.37,2.3,1.0
2000-01-21,0.8,78,91,25.0,3.48,2.2,0.1
2000-01-22,-3.3,69,54,23.0,4.6,0.0,-5.1
2000-01-23,-5.3,78,71,10.1,4.6,0.0,-7.3
2000-01-24,-5.7,78,81,10.1,3.16,0.0,-8.1
2000-01-25,-3.6,78,97,25.9,3.57,1.2,-4.4
2000-01-26,0.0,89,97,25.0,1.61,1.0,0.6
2000-01-27,2.6,92,100,24.6,1.31,0.7,1.8
2000-01-28,1.9,87,100,28.7,1.52,0.8,1.7
2000-01-29,4.3,77,90,29.6,3.28,3.8,3.7
2000-01-30,5.3,76,65,36.8,4.53,3.3,5.2
2000-01-31,6.8,78,74,40.0,1.63,6.8,7.9
2000-02-01,6.2,91,97,20.9,1.12,3.1,6.8
2000-02-02,5.5,93,100,25.5,0.73,6.8,6.4
2000-02-03,5.1,83,64,29.9,3.65,1.8,4.1
2000-02-04,2.8,81,52,29.0,5.23,4.5,3.2
2000-02-05,7.6,97,100,32.1,0.67,6.4,8.3
2000-02-06,10.2,89,99,17.9,4.97,0.2,11.3
2000-02-07,10.5,85,96,19.0,5.55,0.1,11.0
2000-02-08,7.8,84,84,31.3,2.62,2.0,7.9
2000-02-09,7.1,76,69,33.1,6.0,2.9,7.6
2000-02-10,4.7,84,87,15.9,3.53,0.2,4.2
2000-02-11,5.7,85,79,17.8,2.46,1.3,5.9
2000-02-12,5.4,82,62,14.6,4.94,0.0,6.1
2000-02-13,5.5,76,73,24.8,5.43,2.2,6.2
2000-02-14,3.4,90,71,19.8,6.09,1.9,2.6
2000-02-15,2.6,84,86,19.2,4.45,1.0,1.8
2000-02-16,6.3,92,100,23.1,3.39,3.7,5.4
2000-02-17,2.9,82,90,16.6,4.38,0.0,2.4
2000-02-18,2.7,85,70,19.2,5.39,1.8,0.6
2000-02-19,2.6,78,86,10.1,5.28,0.1,1.8
2000-02-20,-0.3,75,73,16.0,4.34,0.0,1.6
2000-02-21,1.1,76,66,13.4,5.34,0.0,-0.2
2000-02-22,0.8,75,53,9.7,6.06,0.0,0.6
2000-02-23,0.9,66,77,7.1,6.31,0.0,1.7
2000-02-24,2.8,67,45,20.5,9.31,1.5,2.8
2000-02-25,4.8,88,96,22.7,4.46,1.1,3.6
2000-02-26,5.3,82,78,24.2,5.7,1.3,5.0
2000-02-27,6.6,83,89,14.3,4.45,0.1,6.8
2000-02-28,10.6,56,9,28.3,11.09,0.0,12.6
2000-02-29,9.7,58,77,26.6,5.67,0.0,9.0
2000-03-01,10.7,68,97,30.0,5.47,1.2,11.0
2000-03-02,6.0,78,69,22.8,7.14,0.0,5.7
2000-03-03,6.2,78,79,34.3,6.15,2.2,6.1
2000-03-04,5.6,71,63,28.8,9.26,0.2,6.0
2000-03-05,2.0,76,61,24.2,10.07,2.1,1.2
2000-03-06,4.0,75,69,26.1,7.27,0.8,4.6
2000-03-07,8.2,77,99,30.7,1.99,1.9,9.6
2000-03-08,8.7,87,100,31.4,5.12,7.4,9.4
2000-03-09,9.3,78,90,35.5,5.15,5.4,10.6
2000-03-10,3.7,69,41,28.1,11.73,0.9,3.6
2000-03-11,1.9,82,88,20.5,4.45,8.1,1.0
2000-03-12,1.7,73,36,18.1,13.32,0.2,0.6
2000-03-13,5.1,76,65,12.4,8.19,0.0,3.7
2000-03-14,9.0,78,81,21.7,6.73,1.5,8.9
2000-03-15,6.6,81,87,29.7,11.28,10.2,6.0
2000-03-16,4.3,69,33,27.4,12.99,0.8,3.7
2000-03-17,3.4,74,73,22.7,11.62,2.5,2.6
2000-03-18,3.2,74,90,19.0,9.48,0.9,1.2
2000-03-19,3.8,75,72,16.9,12.01,0.8,1.0
2000-03-20,5.7,75,48,14.5,14.72,0.0,5.3
2000-03-21,6.6,89,96,11.0,3.63,0.0,5.6
2000-03-22,10.7,79,79,17.4,12.5,0.0,10.7
2000-03-23,10.5,75,71,19.3,9.08,0.0,10.8
2000-03-24,6.9,67,16,12.7,15.85,0.0,6.7
2000-03-25,8.1,59,81,15.3,14.94,0.0,9.4
2000-03-26,11.5,83,85,11.9,7.44,2.0,12.2
2000-03-27,12.4,82,91,18.6,10.9,0.5,13.9
2000-03-28,9.6,93,100,17.7,3.81,7.5,9.0
2000-03-29,8.5,89,98,19.4,4.67,0.1,8.8
2000-03-30,5.9,87,96,24.8,3.5,0.9,5.8
2000-03-31,8.1,89,91,10.5,8.27,0.8,8.7
2000-04-01,9.7,86,75,16.0,11.36,2.7,8.0
2000-04-02,10.1,79,85,9.7,9.66,0.0,11.0
2000-04-03,13.7,72,24,20.4,16.82,0.0,14.0
2000-04-04,17.9,72,90,22.2,12.04,0.7,16.0
2000-04-05,15.5,87,92,27.3,8.94,3.4,15.3
2000-04-06,6.4,58,100,35.3,9.36,1.9,6.5
2000-04-07,9.3,51,67,23.0,17.49,0.0,8.0
2000-04-08,6.9,69,51,20.8,12.21,0.4,5.2
2000-04-09,7.0,70,50,11.5,15.6,0.0,8.4
2000-04-10,10.0,63,75,12.5,13.93,0.0,10.0
2000-04-11,13.9,61,76,14.8,18.62,1.2,13.9
2000-04-12,16.5,70,73,23.1,16.36,1.3,17.1
2000-04-13,15.5,65,45,23.0,20.39,0.7,16.6
2000-04-14,16.0,68,83,22.5,16.49,0.1,15.9
2000-04-15,17.4,74,28,15.9,20.27,0.0,18.4
2000-04-16,15.1,75,73,20.0,11.29,0.0,14.4
2000-04-17,19.5,66,6,17.7,21.65,0.0,20.2
2000-04-18,21.9,69,25,14.4,20.11,0.0,23.7
2000-04-19,23.8,73,25,15.0,21.19,0.0,25.4
2000-04-20,24.9,63,7,9.2,20.95,0.2,26.4
2000-04-21,23.3,70,13,9.4,19.4,0.0,24.7
2000-04-22,24.0,64,2,9.6,20.73,0.0,25.6
2000-04-23,24.9,59,0,10.2,22.44,0.0,25.8
2000-04-24,24.0,61,21,23.8,20.05,0.0,24.4
2000-04-25,18.7,70,72,19.4,10.27,0.0,18.2
2000-04-26,20.8,68,43,8.0,16.53,0.4,22.0
2000-04-27,23.1,67,10,14.0,19.85,0.0,23.3
2000-04-28,25.4,53,0,21.9,23.42,0.0,25.8
2000-04-29,26.6,48,1,17.8,23.36,0.0,27.4
2000-04-30,26.5,49,47,11.0,23.74,0.0,26.7
2000-05-01,23.7,52,21,21.2,21.27,0.4,23.5
2000-05-02,13.9,36,11,18.9,25.5,0.0,13.6
2000-05-03,16.6,38,20,10.4,25.37,0.0,16.2
2000-05-04,20.3,43,35,9.2,24.11,0.0,21.0
2000-05-05,21.7,47,47,10.3,23.99,0.0,21.5
2000-05-06,21.9,49,59,13.3,24.87,0.0,21.4
2000-05-07,20.8,47,0,13.6,25.23,0.0,21.3
2000-05-08,22.7,38,49,13.4,25.64,0.0,22.1
2000-05-09,24.6,39,64,11.9,23.32,0.0,22.4
2000-05-10,25.3,42,62,10.5,22.1,0.0,24.4
2000-05-11,24.8,45,22,21.7,21.01,0.3,25.8
2000-05-12,14.9,36,17,24.0,26.62,0.0,14.0
2000-05-13,16.0,45,1,15.3,26.05,0.0,15.6
2000-05-14,22.2,48,41,23.9,21.58,0.0,23.2
2000-05-15,25.5,48,11,18.6,25.38,0.0,26.0
2000-05-16,26.9,46,0,11.3,26.43,0.0,27.6
2000-05-17,28.5,45,19,10.8,24.26,0.2,29.1
2000-05-18,25.0,62,43,13.1,21.29,12.8,23.7
2000-05-19,18.1,81,100,16.3,12.37,1.0,16.2
2000-05-20,17.6,73,86,12.4,19.6,1.5,19.1
2000-05-21,15.7,82,90,13.2,13.29,6.0,13.5
2000-05-22,19.5,66,74,10.7,21.33,0.0,20.2
2000-05-23,19.2,61,74,17.0,18.13,0.1,20.1
2000-05-24,19.8,61,68,8.2,16.51,0.2,20.7
2000-05-25,23.9,59,64,15.8,17.6,0.0,24.7
2000-05-26,20.8,52,90,19.5,25.16,0.1,19.8
2000-05-27,28.1,51,33,19.9,23.88,0.9,28.6
2000-05-28,27.9,66,66,19.4,20.93,5.5,27.4
2000-05-29,17.1,80,93,20.2,8.02,6.0,18.1
2000-05-30,16.2,68,70,15.8,21.88,0.6,15.4
2000-05-31,16.1,77,92,14.0,13.64,6.6,16.4
2000-06-01,17.4,64,72,11.7,25.74,1.0,18.0
2000-06-02,22.4,56,36,15.9,25.97,0.0,23.1
2000-06-03,26.6,57,21,14.8,25.88,0.0,27.2
2000-06-04,29.5,60,14,14.6,25.68,0.0,29.8
2000-06-05,27.6,58,31,9.7,24.44,0.0,28.1
2000-06-06,25.5,76,85,13.4,17.29,16.3,25.3
2000-06-07,19.0,68,81,19.7,14.86,2.6,19.4
2000-06-08,17.2,59,32,24.9,22.09,0.0,17.6
2000-06-09,20.5,55,3,9.2,28.31,0.0,22.5
2000-06-10,25.7,45,0,14.8,28.26,0.0,25.6
2000-06-11,31.1,45,0,16.1,27.99,0.0,31.2
2000-06-12,26.1,57,47,22.4,22.29,3.1,25.3
2000-06-13,26.5,56,36,10.4,26.9,0.0,27.9
2000-06-14,27.1,65,36,15.3,22.83,1.3,28.6
2000-06-15,20.3,74,70,20.0,12.26,3.7,24.1
2000-06-16,16.4,66,48,27.1,23.12,1.5,15.1
2000-06-17,15.9,69,52,23.9,19.62,1.4,15.1
2000-06-18,17.1,58,68,14.3,21.15,0.9,18.0
2000-06-19,20.0,56,66,9.6,16.4,0.0,22.1
2000-06-20,29.1,54,18,16.7,27.59,0.0,30.3
2000-06-21,31.1,47,15,14.4,26.03,0.0,32.3
2000-06-22,33.7,50,19,12.1,25.72,0.0,34.6
2000-06-23,28.0,66,47,22.9,21.43,5.7,28.2
2000-06-24,23.2,68,81,10.2,16.64,1.1,22.8
2000-06-25,20.3,67,92,16.4,17.1,0.3,20.1
2000-06-26,18.8,62,55,22.7,22.64,0.9,16.7
2000-06-27,15.5,56,68,24.5,18.67,0.0,13.1
2000-06-28,15.8,61,72,16.2,18.8,1.7,14.7
2000-06-29,16.8,68,45,18.4,20.93,1.6,16.3
2000-06-30,17.0,71,76,18.4,20.42,1.5,16.7
2000-07-01,20.0,71,79,16.2,14.68,2.0,21.7
2000-07-02,19.4,71,72,21.5,15.76,1.5,19.8
2000-07-03,22.4,64,60,9.8,22.79,0.0,23.8
2000-07-04,26.1,55,81,15.2,22.04,0.0,26.7
2000-07-05,23.1,80,83,20.9,13.91,13.0,23.5
2000-07-06,18.8,88,85,22.1,8.24,11.8,18.7
2000-07-07,20.9,75,73,15.1,18.54,0.5,21.0
2000-07-08,17.5,87,89,16.7,6.39,10.4,17.5
2000-07-09,17.4,72,85,20.2,13.28,5.0,17.8
2000-07-10,22.1,68,53,19.9,18.1,0.1,21.5
2000-07-11,26.0,69,90,20.9,18.49,5.5,25.7
2000-07-12,20.3,79,88,19.1,17.45,10.6,20.0
2000-07-13,18.2,67,65,18.8,19.49,0.7,18.9
2000-07-14,19.7,67,99,10.5,18.82,0.0,20.4
2000-07-15,20.6,75,83,12.6,20.21,1.0,21.4
2000-07-16,21.2,85,97,12.9,11.37,4.0,21.0
2000-07-17,19.4,89,100,19.1,10.76,11.1,19.1
2000-07-18,18.6,73,94,26.3,12.21,0.2,18.0
2000-07-19,17.0,69,80,16.8,13.86,0.1,16.4
2000-07-20,17.6,76,91,15.8,10.76,0.6,18.5
2000-07-21,18.6,80,95,8.6,13.54,2.6,18.6
2000-07-22,19.9,79,72,11.0,14.58,0.7,20.6
2000-07-23,21.0,81,78,5.2,17.36,3.4,20.4
2000-07-24,22.6,76,34,9.6,21.83,0.0,24.0
2000-07-25,24.6,78,75,13.6,15.78,8.2,25.2
2000-07-26,23.8,77,76,16.5,20.57,0.1,25.0
2000-07-27,21.4,81,94,18.0,11.33,8.1,22.4
2000-07-28,23.0,83,80,6.8,16.75,3.8,22.6
2000-07-29,18.2,97,100,18.6,3.64,23.0,18.7
2000-07-30,20.4,80,99,26.3,12.43,7.4,20.7
2000-07-31,20.4,82,91,15.8,15.98,2.3,20.1
2000-08-01,20.5,77,47,14.4,17.29,0.2,21.0
2000-08-02,25.6,69,26,17.1,23.94,0.0,27.1
2000-08-03,23.1,72,62,18.4,20.29,2.6,22.6
2000-08-04,20.5,78,91,9.6,12.55,3.8,21.6
2000-08-05,22.5,79,78,6.6,18.29,0.1,23.6
2000-08-06,24.2,75,56,8.8,18.24,0.0,25.2
2000-08-07,20.5,83,92,15.4,8.08,7.8,22.6
2000-08-08,18.2,62,57,18.7,15.15,0.0,19.6
2000-08-09,19.2,71,67,12.4,13.4,1.2,17.9
2000-08-10,20.5,68,49,8.8,19.23,0.0,21.9
2000-08-11,22.3,77,64,13.5,14.64,3.7,23.1
2000-08-12,21.8,78,73,11.9,15.89,0.3,22.4
2000-08-13,22.0,71,62,10.7,14.27,0.0,23.7
2000-08-14,24.1,68,27,8.8,18.86,0.0,25.4
2000-08-15,26.4,65,19,13.4,21.55,0.0,27.6
2000-08-16,25.3,70,47,14.9,15.56,1.0,26.5
2000-08-17,27.3,77,42,16.1,18.93,2.8,29.1
2000-08-18,25.4,78,43,11.3,17.67,0.5,27.5
2000-08-19,30.5,74,38,15.1,20.43,2.9,30.8
2000-08-20,30.6,74,34,13.3,18.09,3.7,27.4
2000-08-21,28.8,78,42,18.4,18.09,0.0,27.1
2000-08-22,20.8,81,63,18.3,10.88,7.5,19.3
2000-08-23,19.5,72,56,15.9,15.59,0.0,19.0
2000-08-24,18.3,68,68,20.2,12.5,0.1,18.5
2000-08-25,17.0,73,77,31.7,11.0,5.9,15.8
2000-08-26,17.9,71,76,19.4,9.63,0.0,19.2
2000-08-27,20.0,72,36,16.2,14.59,0.0,20.6
2000-08-28,23.0,71,17,16.2,18.55,0.4,22.2
2000-08-29,23.9,66,37,15.2,17.76,0.0,24.4
2000-08-30,20.6,82,51,8.5,11.54,0.1,22.6
2000-08-31,21.9,79,84,10.3,15.52,0.4,22.6
2000-09-01,21.8,70,39,10.2,16.61,0.8,21.5
2000-09-02,22.4,80,39,17.9,14.28,3.7,22.2
2000-09-03,19.5,81,55,17.3,12.79,5.5,19.4
2000-09-04,16.4,89,79,16.0,9.31,5.7,17.5
2000-09-05,15.8,71,64,18.7,13.62,0.1,15.2
2000-09-06,15.6,68,70,12.0,11.6,0.0,15.8
2000-09-07,15.4,70,55,12.0,12.28,0.0,16.3
2000-09-08,17.3,69,81,10.1,14.81,0.0,19.0
2000-09-09,21.7,77,69,17.4,10.43,0.0,21.6
2000-09-10,21.0,80,72,14.1,9.2,0.0,21.0
2000-09-11,17.2,81,74,8.9,7.13,1.1,16.8
2000-09-12,16.6,76,85,10.5,10.91,0.3,17.1
2000-09-13,23.2,80,99,17.7,10.65,15.6,20.0
2000-09-14,16.8,89,99,15.2,5.89,3.2,16.6
2000-09-15,15.7,72,46,13.4,14.39,0.0,16.3
2000-09-16,14.5,71,99,18.7,8.45,0.0,14.4
2000-09-17,12.4,64,96,24.9,6.07,1.3,12.5
2000-09-18,8.8,78,96,23.6,4.19,1.9,8.3
2000-09-19,9.2,82,100,13.9,2.73,0.0,8.9
2000-09-20,12.1,78,97,13.1,5.15,0.1,11.5
2000-09-21,15.3,76,77,17.1,9.59,0.0,15.2
2000-09-22,14.1,71,88,18.1,7.71,0.1,14.4
2000-09-23,13.3,65,39,14.1,13.65,0.0,13.2
2000-09-24,13.0,67,9,15.2,14.44,0.0,13.9
2000-09-25,14.2,72,0,11.2,14.4,0.0,14.6
2000-09-26,15.1,75,44,9.7,13.87,0.0,16.0
2000-09-27,16.1,69,20,13.5,13.53,0.0,16.2
2000-09-28,19.7,75,34,12.5,12.94,0.0,21.0
2000-09-29,19.0,75,15,17.9,12.99,0.0,19.8
2000-09-30,17.5,69,4,22.6,12.82,0.0,17.0
2000-10-01,19.0,65,47,23.7,9.99,0.0,20.1
2000-10-02,19.4,72,73,21.2,7.54,1.4,19.7
2000-10-03,18.4,89,95,9.7,5.92,0.0,18.0
2000-10-04,21.3,86,30,7.4,9.98,0.0,21.8
2000-10-05,21.2,82,15,10.1,10.86,0.0,22.2
2000-10-06,17.8,76,78,11.8,9.51,0.0,19.1
2000-10-07,17.8,75,9,13.1,11.41,0.0,18.8
2000-10-08,17.5,66,32,21.2,11.2,0.0,18.3
2000-10-09,14.4,61,77,23.5,9.1,0.0,15.1
2000-10-10,14.5,62,70,23.1,9.68,0.0,13.7
2000-10-11,14.7,68,97,25.7,4.78,0.1,13.3
2000-10-12,21.0,64,83,23.8,8.43,0.0,21.4
2000-10-13,22.9,69,56,18.7,9.58,0.0,22.5
2000-10-14,21.7,76,45,15.3,9.45,0.0,21.9
2000-10-15,16.8,82,63,16.6,7.56,0.0,17.3
2000-10-16,19.3,81,43,22.5,8.12,0.0,19.8
2000-10-17,17.1,78,93,16.2,6.69,0.0,14.6
2000-10-18,15.6,76,86,16.3,7.58,0.0,15.1
2000-10-19,11.8,62,48,22.2,8.18,0.0,12.2
2000-10-20,11.5,61,83,15.3,3.73,0.0,11.2
2000-10-21,12.4,69,0,14.0,9.24,0.0,12.5
2000-10-22,13.8,75,18,12.6,9.07,0.0,14.8
2000-10-23,13.3,81,86,9.7,8.1,0.0,15.6
2000-10-24,14.6,78,59,16.6,7.32,1.5,15.6
2000-10-25,13.7,78,86,21.8,5.55,0.0,14.7
2000-10-26,15.5,78,73,22.1,5.17,0.1,15.8
2000-10-27,10.3,76,71,25.5,3.16,0.0,9.9
2000-10-28,12.8,75,65,16.7,5.98,0.0,12.9
2000-10-29,15.4,70,83,19.3,6.4,0.3,17.0
2000-10-30,15.7,75,68,20.8,6.97,0.0,17.3
2000-10-31,17.8,72,71,19.6,6.5,0.0,17.5
2000-11-01,14.6,88,99,15.9,0.67,10.6,13.0
2000-11-02,12.1,86,37,14.2,6.7,0.0,13.6
2000-11-03,12.6,83,41,20.5,4.77,0.0,11.5
2000-11-04,13.8,80,97,21.0,2.79,3.8,13.1
2000-11-05,9.4,93,74,23.2,3.5,16.9,8.9
2000-11-06,10.7,85,69,24.2,3.24,0.0,10.7
2000-11-07,12.0,76,99,29.4,2.7,3.9,11.5
2000-11-08,12.5,85,75,17.1,4.01,1.2,12.5
2000-11-09,10.2,89,67,14.3,3.26,0.0,8.5
2000-11-10,9.5,83,83,11.9,4.56,0.0,8.8
2000-11-11,7.4,81,68,18.0,3.28,0.4,7.8
2000-11-12,7.9,84,82,16.4,4.51,0.0,7.4
2000-11-13,9.0,85,79,15.1,4.3,0.0,9.0
2000-11-14,12.9,90,64,14.1,4.78,0.0,11.7
2000-11-15,11.0,90,98,21.3,1.3,0.2,12.1
2000-11-16,6.9,95,81,12.7,0.82,10.7,6.9
2000-11-17,8.7,92,89,19.6,1.36,0.0,7.4
2000-11-18,8.5,93,96,15.6,2.44,1.0,7.9
2000-11-19,7.5,91,82,14.0,2.77,0.0,7.2
2000-11-20,10.8,89,37,13.1,4.65,0.0,10.4
2000-11-21,9.6,92,99,16.6,2.6,0.0,8.0
2000-11-22,9.6,93,98,13.7,2.29,2.0,8.7
2000-11-23,9.7,91,72,18.9,3.53,0.0,7.6
2000-11-24,9.6,84,98,20.0,2.02,0.0,8.3
2000-11-25,8.9,92,89,17.5,1.56,0.0,6.6
2000-11-26,5.2,89,99,22.2,1.35,4.4,4.6
2000-11-27,5.8,90,100,18.3,0.8,0.5,6.6
2000-11-28,6.0,89,96,12.9,1.52,0.0,6.0
2000-11-29,7.6,87,99,17.0,0.44,0.1,7.1
2000-11-30,8.3,86,93,13.7,3.63,0.0,8.1
2000-12-01,7.2,92,92,9.0,0.82,0.0,6.3
2000-12-02,5.0,92,55,10.0,3.36,0.0,5.6
2000-12-03,5.0,95,100,8.8,0.67,0.1,5.3
2000-12-04,7.1,96,99,12.4,0.64,0.5,6.7
2000-12-05,6.6,94,97,10.9,1.07,0.0,5.9
2000-12-06,5.9,96,88,13.4,1.41,0.0,3.5
2000-12-07,4.8,92,100,14.9,1.78,0.0,3.0
2000-12-08,6.7,86,100,15.7,1.19,0.0,5.9
2000-12-09,7.5,92,94,11.4,0.95,3.7,7.9
2000-12-10,7.0,95,78,10.6,2.87,0.0,7.3
2000-12-11,7.7,94,98,16.2,0.88,3.1,7.9
2000-12-12,8.9,91,99,17.3,0.99,2.0,9.4
2000-12-13,10.6,89,95,20.1,0.66,2.9,11.9
2000-12-14,9.1,75,58,22.9,2.64,0.9,9.4
2000-12-15,6.7,92,87,17.6,1.06,5.2,6.2
2000-12-16,3.3,91,80,20.1,2.65,4.4,3.8
2000-12-17,2.6,94,93,20.5,1.4,0.5,2.5
2000-12-18,1.9,91,92,16.8,1.43,0.0,2.2
2000-12-19,0.8,81,82,13.7,1.37,0.0,0.4
2000-12-20,-1.0,73,92,11.3,1.7,0.0,-1.3
2000-12-21,-3.5,64,70,7.9,2.88,0.0,-2.5
2000-12-22,-2.0,77,82,16.4,2.16,0.0,-2.4
2000-12-23,-0.3,59,77,18.7,3.16,0.0,-0.1
2000-12-24,-1.8,79,76,14.1,1.04,0.0,-2.6
2000-12-25,-0.9,87,99,10.0,1.09,1.3,-2.1
2000-12-26,-1.5,88,100,14.7,1.45,0.1,-2.5
2000-12-27,-0.3,88,91,11.5,1.84,0.8,-0.9
2000-12-28,2.0,94,99,16.6,0.57,6.7,0.6
2000-12-29,0.5,87,89,17.3,1.56,0.0,1.4
2000-12-30,1.1,93,100,14.4,0.79,4.3,0.9
2000-12-31,0.2,91,99,25.8,1.51,3.2,0.0
2001-01-01,-1.2,86,83,22.0,1.58,0.0,-1.9
2001-01-02,0.9,80,84,16.4,1.04,3.8,0.8
2001-01-03,1.4,92,98,13.1,1.23,3.7,1.2
2001-01-04,3.6,97,98,10.4,1.03,0.6,2.3
2001-01-05,2.1,96,96,18.1,1.38,0.0,1.3
2001-01-06,7.8,90,99,20.8,0.93,1.9,7.7
2001-01-07,7.0,94,91,13.0,2.27,0.2,6.1
2001-01-08,3.0,98,100,13.3,0.54,7.1,4.1
2001-01-09,2.1,96,100,13.6,1.01,0.2,2.3
2001-01-10,3.2,94,86,18.0,2.3,1.6,3.0
2001-01-11,0.3,85,61,24.1,3.39,0.0,0.1
2001-01-12,0.7,77,59,24.2,3.13,0.0,0.1
2001-01-13,0.5,83,72,12.2,3.15,0.4,-0.8
2001-01-14,1.3,93,97,12.0,1.44,0.0,0.1
2001-01-15,1.2,94,99,8.4,1.14,0.0,0.6
2001-01-16,0.2,83,97,8.3,1.3,0.0,0.1
2001-01-17,0.6,81,30,12.6,3.61,0.0,-1.0
2001-01-18,-0.5,76,9,14.0,4.38,0.0,-1.0
2001-01-19,-0.7,70,17,16.6,4.62,0.0,-2.4
2001-01-20,-1.0,71,45,10.2,4.0,0.0,-2.2
2001-01-21,-0.9,69,98,12.9,2.77,0.0,-2.3
2001-01-22,-2.2,56,83,22.7,4.35,0.0,-3.2
2001-01-23,-1.0,55,55,23.2,4.86,0.0,-3.4
2001-01-24,2.6,65,53,26.0,4.91,0.0,2.8
2001-01-25,3.4,88,100,25.0,1.14,2.9,4.7
2001-01-26,5.3,92,99,21.4,1.76,1.7,4.0
2001-01-27,4.2,96,99,10.9,1.95,0.1,3.2
2001-01-28,4.4,87,31,14.9,5.51,0.0,5.6
2001-01-29,4.1,87,41,9.7,5.22,0.0,4.9
2001-01-30,1.9,89,98,9.1,2.14,0.0,1.6
2001-01-31,1.0,84,99,15.6,3.6,0.0,0.4
2001-02-01,-1.1,63,93,17.0,2.83,0.0,-0.9
2001-02-02,-3.4,61,90,10.9,2.65,1.0,-5.0
2001-02-03,-4.0,68,73,15.3,4.0,0.0,-6.0
2001-02-04,-4.1,65,93,15.8,5.24,0.0,-5.8
2001-02-05,3.5,80,91,22.1,1.66,5.6,3.9
2001-02-06,7.7,92,100,16.0,2.41,2.4,8.2
2001-02-07,10.6,87,90,15.8,5.66,0.0,10.8
2001-02-08,9.0,92,90,12.6,5.72,0.0,6.8
2001-02-09,10.5,89,39,12.7,7.03,0.0,12.1
2001-02-10,3.3,88,93,13.4,3.0,0.0,5.2
2001-02-11,1.5,78,59,18.0,5.99,0.0,2.8
2001-02-12,9.1,73,100,19.4,4.45,0.0,10.2
2001-02-13,7.1,79,88,18.9,2.93,0.3,9.0
2001-02-14,5.4,85,84,12.7,7.02,0.0,3.6
2001-02-15,3.1,86,85,16.2,3.37,0.0,2.9
2001-02-16,4.0,88,52,13.1,6.09,0.0,5.0
2001-02-17,4.3,83,57,13.7,8.67,0.5,5.2
2001-02-18,2.9,76,77,31.9,5.15,3.3,2.2
2001-02-19,3.4,74,74,19.1,6.67,0.6,3.9
2001-02-20,3.7,85,96,16.7,4.1,1.3,2.5
2001-02-21,4.3,85,90,35.3,4.35,4.8,6.3
2001-02-22,1.7,79,86,27.3,7.99,4.3,0.6
2001-02-23,-0.3,78,75,21.9,7.28,1.7,-0.8
2001-02-24,-3.5,68,60,15.1,8.85,0.0,-4.3
2001-02-25,-2.3,66,55,14.8,6.86,0.0,-2.3
2001-02-26,-0.3,67,78,12.6,7.98,0.0,-0.1
2001-02-27,-0.8,74,64,14.4,5.88,0.0,-0.9
2001-02-28,2.4,73,9,23.2,11.42,0.0,1.8
2001-03-01,3.4,74,100,16.8,5.55,0.8,3.7
2001-03-02,5.6,85,52,15.1,10.27,0.5,5.0
2001-03-03,4.7,88,79,17.4,6.87,2.9,2.5
2001-03-04,1.4,98,100,15.8,1.72,8.8,2.5
2001-03-05,1.7,87,84,17.8,4.24,0.1,1.9
2001-03-06,2.5,75,9,10.1,12.38,0.0,4.8
2001-03-07,7.3,75,29,11.2,12.56,0.0,7.2
2001-03-08,9.5,77,95,13.7,10.7,0.0,7.3
2001-03-09,11.6,73,93,14.2,10.03,0.0,10.9
2001-03-10,13.0,84,95,11.8,8.65,0.0,13.6
2001-03-11,13.0,85,72,15.7,9.75,0.4,13.0
2001-03-12,15.6,83,72,18.9,10.7,0.2,16.3
2001-03-13,12.6,90,100,15.6,4.31,3.8,13.2
2001-03-14,9.9,82,55,21.0,11.43,1.6,10.0
2001-03-15,7.3,73,70,18.7,7.88,0.1,7.4
2001-03-16,6.5,83,74,13.8,5.34,0.0,8.4
2001-03-17,5.9,74,95,14.5,10.75,0.0,5.7
2001-03-18,4.2,72,100,13.5,6.04,0.0,4.0
2001-03-19,6.3,83,94,22.0,3.89,5.3,6.0
2001-03-20,2.4,76,91,36.1,5.57,4.0,1.9
2001-03-21,1.7,68,91,17.9,9.82,0.1,0.2
2001-03-22,3.7,62,62,14.3,16.14,0.0,2.2
2001-03-23,3.2,59,98,15.3,11.46,0.2,3.4
2001-03-24,3.8,65,89,21.2,8.92,4.9,3.1
2001-03-25,1.6,81,100,23.5,5.61,1.4,0.6
2001-03-26,-1.1,75,100,22.5,7.41,3.9,0.0
2001-03-27,0.3,71,67,15.8,14.28,0.0,0.9
2001-03-28,2.6,66,13,14.8,18.15,0.0,3.9
2001-03-29,4.4,68,18,27.1,18.23,0.0,4.9
2001-03-30,9.5,71,57,19.6,12.62,0.0,8.8
2001-03-31,10.0,79,63,16.8,11.19,0.0,9.1
2001-04-01,13.1,81,67,11.8,14.02,0.0,14.4
2001-04-02,15.0,76,92,10.2,11.48,0.0,17.0
2001-04-03,18.5,71,32,15.4,17.33,0.0,19.9
2001-04-04,18.5,72,50,13.0,16.64,0.0,18.7
2001-04-05,12.0,68,75,20.0,9.99,0.0,12.2
2001-04-06,12.7,66,71,11.2,15.17,0.0,14.0
2001-04-07,15.9,61,38,11.6,17.0,0.0,16.9
2001-04-08,16.4,63,99,15.1,12.19,0.0,18.0
2001-04-09,10.3,88,100,20.9,4.36,6.4,11.0
2001-04-10,6.7,86,100,10.4,5.85,3.8,7.0
2001-04-11,7.4,90,99,9.0,3.99,2.6,8.4
2001-04-12,8.9,81,62,23.1,12.09,2.0,7.6
2001-04-13,6.4,79,78,22.3,13.61,2.4,4.1
2001-04-14,5.5,83,78,21.7,15.22,3.5,3.2
2001-04-15,6.5,61,52,20.2,17.35,0.2,5.2
2001-04-16,7.3,75,92,16.9,9.29,2.3,5.3
2001-04-17,10.3,84,75,10.1,14.19,1.5,10.4
2001-04-18,10.6,75,62,13.8,17.13,0.4,10.1
2001-04-19,11.3,70,76,15.8,18.24,0.7,10.3
2001-04-20,8.6,92,99,14.3,7.18,10.5,8.0
2001-04-21,11.8,95,100,18.6,4.28,10.9,11.1
2001-04-22,12.0,95,100,13.7,4.9,13.4,10.6
2001-04-23,9.8,90,100,12.2,6.61,0.0,7.9
2001-04-24,8.5,94,100,21.4,2.77,17.4,7.2
2001-04-25,16.0,83,81,9.5,12.61,0.0,13.8
2001-04-26,15.3,84,83,17.9,14.14,3.1,13.1
2001-04-27,14.7,82,80,14.5,15.58,3.4,15.1
2001-04-28,16.9,77,42,10.9,20.07,1.8,16.7
2001-04-29,17.6,73,49,11.9,17.27,0.1,17.8
2001-04-30,23.7,61,32,21.1,23.43,0.0,25.2
2001-05-01,25.1,62,32,17.6,21.51,0.0,27.0
2001-05-02,18.1,63,34,15.5,23.77,0.0,19.1
2001-05-03,19.2,59,60,15.4,24.66,0.0,20.1
2001-05-04,22.9,59,22,18.1,24.32,0.0,24.3
2001-05-05,24.3,63,11,13.4,24.06,0.3,24.8
2001-05-06,22.1,76,31,13.8,21.61,1.9,23.0
2001-05-07,22.3,79,50,16.3,19.64,0.4,22.8
2001-05-08,19.3,65,6,17.1,24.6,0.0,20.6
2001-05-09,18.6,57,41,15.3,17.73,0.0,20.9
2001-05-10,20.5,56,55,20.0,19.71,0.0,22.0
2001-05-11,15.2,52,57,25.3,21.63,0.0,15.1
2001-05-12,12.8,56,71,20.8,15.98,0.2,13.4
2001-05-13,17.0,63,14,11.5,24.99,0.0,17.8
2001-05-14,21.0,62,23,15.2,22.91,0.0,23.0
2001-05-15,22.3,56,58,16.4,25.11,0.0,23.6
2001-05-16,20.9,75,82,13.2,17.29,2.7,21.8
2001-05-17,25.0,65,86,17.4,21.02,0.0,26.8
2001-05-18,23.2,82,90,26.7,14.57,15.0,24.9
2001-05-19,14.8,67,59,26.6,21.41,0.7,15.0
2001-05-20,13.7,63,70,21.7,14.6,0.0,15.6
2001-05-21,13.8,64,73,23.1,14.12,0.2,14.8
2001-05-22,12.8,56,31,12.7,19.24,0.0,13.0
2001-05-23,16.8,63,11,8.7,26.84,0.0,18.7
2001-05-24,21.1,61,0,15.2,27.0,0.0,22.1
2001-05-25,18.7,62,28,19.5,21.81,0.0,18.8
2001-05-26,14.8,51,55,14.6,27.36,0.0,16.3
2001-05-27,21.6,56,83,20.5,20.77,0.0,22.4
2001-05-28,16.7,84,95,19.8,5.48,9.4,17.3
2001-05-29,16.5,77,60,27.9,15.54,2.5,16.4
2001-05-30,14.3,83,85,24.8,11.99,16.6,13.7
2001-05-31,12.8,71,98,13.8,11.7,0.0,14.3
2001-06-01,15.5,67,77,13.5,18.55,0.0,16.0
2001-06-02,17.1,80,78,14.9,19.04,1.1,17.4
2001-06-03,16.7,72,81,22.7,17.51,5.5,16.8
2001-06-04,13.7,69,95,14.5,13.1,0.0,14.4
2001-06-05,16.5,72,60,18.4,19.57,0.0,17.5
2001-06-06,17.2,75,60,9.1,18.27,0.1,16.8
2001-06-07,19.8,70,70,8.0,20.04,0.0,21.3
2001-06-08,20.8,80,83,10.0,17.47,4.7,22.3
2001-06-09,17.0,81,98,14.7,13.71,4.6,17.5
2001-06-10,18.0,70,84,15.2,17.86,0.0,18.1
2001-06-11,14.7,84,100,21.4,6.07,3.0,14.1
2001-06-12,15.9,75,61,21.8,19.88,3.5,14.8
2001-06-13,15.4,72,59,18.5,16.39,0.1,16.7
2001-06-14,18.8,67,74,10.2,19.59,0.0,20.3
2001-06-15,20.5,66,51,7.8,22.46,0.0,22.3
2001-06-16,23.1,64,81,17.9,20.16,1.5,24.0
2001-06-17,20.0,88,93,9.0,10.47,16.3,19.6
2001-06-18,18.9,85,90,14.1,14.79,0.9,20.4
2001-06-19,18.3,79,100,16.3,10.34,0.6,19.3
2001-06-20,20.4,77,85,16.6,16.96,0.0,21.8
2001-06-21,20.7,74,61,12.3,16.46,0.0,22.6
2001-06-22,17.5,81,75,21.6,19.04,6.1,17.3
2001-06-23,13.9,89,93,23.7,4.3,7.5,14.4
2001-06-24,20.1,87,74,24.7,8.25,9.8,22.2
2001-06-25,21.5,75,47,20.9,22.59,1.1,22.7
2001-06-26,20.7,83,56,18.4,18.46,2.1,22.5
2001-06-27,22.5,68,14,13.5,24.67,0.0,24.3
2001-06-28,23.9,67,7,8.4,27.22,0.0,25.0
2001-06-29,23.2,73,78,12.3,18.22,0.4,24.6
2001-06-30,24.5,80,69,9.1,22.32,2.3,25.1
2001-07-01,24.5,81,52,10.8,21.77,10.3,24.6
2001-07-02,19.2,83,95,19.9,13.07,5.7,17.9
2001-07-03,19.7,81,87,18.1,8.85,0.2,21.0
2001-07-04,25.2,82,74,12.8,21.42,1.2,25.6
2001-07-05,25.9,81,53,9.0,24.02,1.0,27.3
2001-07-06,27.4,78,44,7.6,24.32,0.3,28.6
2001-07-07,28.1,69,16,15.9,25.26,0.0,29.0
2001-07-08,25.3,78,51,17.5,18.19,10.9,24.3
2001-07-09,21.0,84,78,19.6,12.96,12.1,20.7
2001-07-10,21.7,81,95,20.9,10.31,3.9,23.0
2001-07-11,26.5,80,72,19.6,19.46,3.8,27.7
2001-07-12,21.7,74,53,14.4,20.78,2.0,23.1
2001-07-13,23.5,70,65,17.2,19.36,0.9,24.9
2001-07-14,28.1,76,53,12.4,22.83,0.6,29.4
2001-07-15,30.9,73,22,20.2,23.15,0.1,33.9
2001-07-16,31.6,68,66,21.5,23.21,8.9,33.8
2001-07-17,26.0,85,96,11.2,14.8,25.7,26.4
2001-07-18,22.0,84,96,19.4,15.72,1.0,20.6
2001-07-19,24.1,72,64,11.6,22.72,0.0,25.6
2001-07-20,27.9,74,92,13.5,19.74,2.7,28.6
2001-07-21,24.0,81,96,15.2,12.14,2.2,22.0
2001-07-22,23.8,78,98,21.0,13.09,0.2,24.0
2001-07-23,23.7,81,96,23.0,10.08,10.2,24.2
2001-07-24,25.7,87,93,18.8,12.63,23.2,25.2
2001-07-25,25.6,87,84,11.1,17.81,10.2,24.8
2001-07-26,23.0,91,98,11.7,8.4,4.5,24.8
2001-07-27,23.2,89,97,15.8,7.66,8.0,22.6
2001-07-28,25.1,69,33,16.4,20.88,0.0,27.0
2001-07-29,26.2,74,20,10.7,21.38,0.0,28.1
2001-07-30,26.3,73,41,12.9,21.23,0.0,28.2
2001-07-31,24.7,72,53,18.1,18.31,0.1,25.3
2001-08-01,20.8,75,47,16.3,18.16,5.5,21.9
2001-08-02,19.8,70,48,15.2,15.98,0.0,21.9
2001-08-03,25.2,69,62,18.3,22.44,0.0,25.2
2001-08-04,25.3,81,82,16.3,14.19,7.3,26.1
2001-08-05,19.4,91,87,13.8,6.99,6.9,18.6
2001-08-06,20.5,73,50,20.2,20.31,0.0,21.3
2001-08-07,24.4,77,62,19.2,15.38,3.7,25.0
2001-08-08,26.1,79,70,16.2,18.4,2.0,25.9
2001-08-09,24.5,76,74,15.1,18.18,2.4,26.3
2001-08-10,20.5,90,82,19.0,5.39,16.6,19.6
2001-08-11,18.6,77,86,16.0,17.31,0.0,19.8
2001-08-12,19.1,69,40,11.6,18.14,0.0,21.0
2001-08-13,20.4,71,99,14.7,5.63,1.1,21.5
2001-08-14,21.9,83,74,14.3,9.54,0.3,22.1
2001-08-15,26.3,79,35,9.0,14.03,0.0,27.8
2001-08-16,27.8,72,0,14.5,21.77,0.0,28.3
2001-08-17,28.9,74,11,10.8,19.35,0.0,30.3
2001-08-18,27.1,84,47,9.6,16.69,0.7,28.3
2001-08-19,29.1,72,12,10.0,19.92,0.0,30.1
2001-08-20,28.3,69,11,9.8,19.32,0.0,30.0
2001-08-21,28.3,74,17,10.8,18.83,0.9,30.0
2001-08-22,26.6,85,29,13.5,16.86,7.8,28.1
2001-08-23,22.4,72,3,14.1,20.76,0.0,24.0
2001-08-24,23.3,71,8,8.2,20.24,0.0,25.0
2001-08-25,24.7,73,39,7.9,17.33,0.0,27.0
2001-08-26,24.4,74,9,7.7,19.58,0.0,27.0
2001-08-27,27.8,72,37,31.3,18.48,8.1,28.7
2001-08-28,17.1,69,51,26.6,14.73,0.8,17.0
2001-08-29,16.6,74,91,19.4,9.29,7.1,17.5
2001-08-30,19.1,72,37,9.5,16.5,0.0,20.0
2001-08-31,20.2,68,44,15.5,18.09,0.0,21.0
2001-09-01,20.4,75,91,14.0,13.68,3.1,20.1
2001-09-02,17.3,90,99,16.5,6.46,1.1,15.3
2001-09-03,16.8,82,89,16.7,6.12,0.0,18.1
2001-09-04,21.2,80,98,16.1,10.5,1.7,21.0
2001-09-05,17.9,95,98,9.7,5.35,8.2,19.0
2001-09-06,18.9,85,96,16.9,8.56,3.5,18.1
2001-09-07,16.8,81,94,15.2,6.44,0.0,17.4
2001-09-08,14.4,85,59,23.0,6.16,4.9,15.3
2001-09-09,13.5,65,50,27.2,12.48,0.3,14.0
2001-09-10,10.6,84,99,30.8,2.24,10.1,11.0
2001-09-11,14.2,85,100,17.4,5.01,0.8,14.3
2001-09-12,12.7,85,100,19.1,3.94,4.5,13.1
2001-09-13,15.8,80,96,19.2,8.77,2.3,16.7
2001-09-14,20.0,83,95,19.4,9.55,5.7,18.0
2001-09-15,17.0,82,95,11.5,9.73,2.9,17.0
2001-09-16,17.1,92,96,13.9,3.91,20.1,16.0
2001-09-17,15.6,81,92,16.9,8.06,2.4,15.3
2001-09-18,17.6,83,83,18.1,7.63,13.2,17.0
2001-09-19,15.7,76,84,11.0,7.74,1.1,15.3
2001-09-20,17.7,76,82,15.0,10.54,0.2,17.1
2001-09-21,16.9,78,90,18.4,7.95,1.0,17.6
2001-09-22,17.0,82,72,10.5,10.2,3.1,18.0
2001-09-23,16.3,90,81,8.7,11.29,12.9,15.1
2001-09-24,16.1,84,90,18.7,9.1,0.0,14.9
2001-09-25,11.3,75,87,17.9,5.14,0.0,10.8
2001-09-26,9.0,68,89,8.8,6.82,0.0,12.4
2001-09-27,9.3,75,93,10.5,5.45,0.5,9.8
2001-09-28,10.0,87,96,15.0,3.28,13.5,6.6
2001-09-29,13.3,82,82,9.5,6.53,0.0,14.0
2001-09-30,14.4,77,91,20.8,7.08,0.0,13.1
2001-10-01,18.2,80,99,22.2,6.36,3.9,19.0
2001-10-02,19.2,79,91,25.6,8.41,3.4,19.0
2001-10-03,22.8,74,35,24.1,9.63,0.0,24.1
2001-10-04,16.6,94,76,11.6,2.02,3.8,15.4
2001-10-05,16.0,86,78,12.1,6.88,0.1,15.6
2001-10-06,16.1,81,76,11.2,9.27,0.0,15.8
2001-10-07,18.4,80,80,17.3,8.86,0.0,16.6
2001-10-08,20.4,84,92,15.0,6.12,1.2,20.8
2001-10-09,18.7,91,65,13.0,5.74,0.0,19.7
2001-10-10,17.4,84,68,16.6,7.55,0.0,18.0
2001-10-11,14.4,77,85,24.9,3.77,0.9,13.3
2001-10-12,14.8,83,64,17.3,6.32,0.0,14.4
2001-10-13,17.7,83,63,16.3,7.72,0.0,17.6
2001-10-14,19.4,85,12,11.9,9.47,0.0,20.6
2001-10-15,15.5,90,79,11.7,4.18,0.0,16.0
2001-10-16,15.2,83,90,17.0,3.45,0.1,15.6
2001-10-17,14.3,88,100,10.9,2.8,0.0,12.0
2001-10-18,13.6,87,99,7.4,3.31,0.2,14.0
2001-10-19,13.7,85,83,6.8,5.31,0.0,12.7
2001-10-20,12.1,83,84,10.5,3.66,0.0,13.0
2001-10-21,13.3,81,87,16.3,5.5,0.0,12.9
2001-10-22,11.4,93,100,10.5,0.66,3.4,9.4
2001-10-23,8.1,75,74,16.3,3.85,0.0,7.4
2001-10-24,4.5,66,2,12.3,9.01,0.0,5.1
2001-10-25,6.2,73,13,15.6,8.61,0.0,7.5
2001-10-26,12.0,87,87,10.0,3.33,0.0,12.9
2001-10-27,11.3,80,33,16.8,7.08,0.0,12.3
2001-10-28,12.4,85,87,19.6,2.93,1.5,10.6
2001-10-29,9.1,86,93,22.6,3.15,1.5,10.0
2001-10-30,13.6,87,100,29.9,0.68,6.9,13.7
2001-10-31,19.3,70,38,29.3,6.93,1.1,20.3
2001-11-01,11.8,68,59,34.7,5.7,1.9,9.8
2001-11-02,6.4,64,33,25.8,5.08,0.1,6.4
2001-11-03,9.2,86,94,17.3,1.48,0.0,8.9
2001-11-04,9.3,87,98,20.3,1.34,0.0,10.6
2001-11-05,8.9,70,53,29.8,4.73,0.2,8.9
2001-11-06,6.2,77,84,22.8,3.53,0.0,6.8
2001-11-07,7.4,80,90,25.8,4.15,3.6,7.9
2001-11-08,8.0,92,93,24.9,1.62,5.1,7.6
2001-11-09,8.1,80,90,21.6,2.84,1.3,7.8
2001-11-10,3.0,75,30,18.9,6.09,0.0,3.1
2001-11-11,3.6,66,74,21.7,3.79,0.0,4.4
2001-11-12,5.1,78,100,20.3,1.78,0.0,4.3
2001-11-13,5.2,85,67,18.7,4.5,1.0,5.7
2001-11-14,2.8,86,86,14.5,3.88,0.0,3.0
2001-11-15,2.2,80,56,34.6,4.54,0.3,2.8
2001-11-16,5.3,71,60,31.3,4.34,0.9,5.9
2001-11-17,3.9,78,59,22.2,4.78,0.0,4.7
2001-11-18,5.2,93,99,21.3,1.44,0.0,5.3
2001-11-19,5.7,89,79,21.3,1.51,1.1,6.2
2001-11-20,1.5,79,67,14.7,3.48,0.3,0.3
2001-11-21,5.0,95,92,20.4,1.21,2.6,6.0
2001-11-22,5.7,92,100,30.4,0.6,7.3,6.2
2001-11-23,3.7,89,92,21.0,3.25,3.2,3.3
2001-11-24,2.0,88,88,22.9,2.93,3.4,1.6
2001-11-25,0.1,75,96,21.4,2.4,0.6,-0.3
2001-11-26,1.2,86,89,19.5,1.52,2.6,-0.8
2001-11-27,-0.5,87,76,12.7,3.08,0.0,-2.0
2001-11-28,-1.1,85,94,14.2,2.02,1.6,-1.6
2001-11-29,1.7,97,99,11.1,1.57,1.5,1.1
2001-11-30,-0.5,88,86,13.7,1.76,0.0,0.1
2001-12-01,-1.8,83,93,14.3,1.79,0.0,-2.1
2001-12-02,0.5,88,97,11.1,1.7,0.0,0.0
2001-12-03,0.1,87,92,15.8,1.86,0.0,0.3
2001-12-04,-2.5,76,61,18.9,3.42,0.0,-4.7
2001-12-05,0.1,83,75,15.3,1.67,0.0,-2.8
2001-12-06,-0.5,85,93,13.8,0.9,1.6,-2.4
2001-12-07,-7.4,76,78,12.3,2.28,0.0,-6.5
2001-12-08,-5.5,80,18,9.2,3.54,0.0,-5.0
2001-12-09,-5.7,84,53,11.3,3.57,0.0,-6.0
2001-12-10,-0.6,90,100,17.5,0.7,2.8,-0.6
2001-12-11,-0.7,92,99,8.5,1.8,0.0,-0.4
2001-12-12,-1.4,82,99,22.2,1.3,0.9,-0.6
2001-12-13,-10.1,74,98,19.8,2.3,0.0,-12.0
2001-12-14,-4.7,82,91,20.5,2.56,0.3,-6.1
2001-12-15,-1.7,89,93,17.2,2.21,0.1,-2.0
2001-12-16,-3.0,82,87,17.3,2.66,0.0,-3.0
2001-12-17,-0.7,89,90,14.4,1.49,0.1,-0.9
2001-12-18,0.7,95,91,16.1,1.93,1.1,0.6
2001-12-19,2.0,93,100,31.0,0.8,1.4,2.4
2001-12-20,1.5,86,66,29.5,2.1,3.4,1.6
2001-12-21,-0.3,79,76,36.6,0.9,5.8,-1.4
2001-12-22,0.1,90,86,30.1,2.03,3.7,0.1
2001-12-23,-7.0,88,88,18.0,1.4,3.2,-6.0
2001-12-24,-4.0,82,96,24.2,1.7,3.0,-4.1
2001-12-25,1.7,86,100,32.3,1.04,6.6,2.6
2001-12-26,1.5,88,84,26.4,1.45,0.4,2.7
2001-12-27,0.1,90,86,14.4,1.88,0.0,1.2
2001-12-28,0.3,86,92,24.6,1.32,3.5,0.3
2001-12-29,1.6,87,98,28.8,1.59,4.7,1.9
2001-12-30,-1.1,88,99,30.6,1.75,1.8,-0.8
2001-12-31,-2.1,87,82,25.7,2.59,0.0,-1.4
2002-01-01,0.3,85,51,35.5,3.63,3.0,-0.1
2002-01-02,1.0,82,89,38.5,2.62,6.8,1.0
2002-01-03,-12.4,79,82,22.4,3.02,0.0,-12.5
2002-01-04,-12.8,81,66,14.1,3.05,0.0,-10.2
2002-01-05,-2.3,88,84,14.9,1.35,0.0,-5.1
2002-01-06,1.6,90,93,22.6,0.64,1.1,0.3
2002-01-07,0.7,95,100,11.8,1.77,0.0,1.0
2002-01-08,0.6,96,100,13.4,1.12,0.0,0.2
2002-01-09,0.9,94,100,18.5,1.47,0.0,0.6
2002-01-10,0.2,94,99,11.9,1.94,0.0,-0.1
2002-01-11,-2.2,92,98,8.4,1.72,0.0,-2.5
2002-01-12,-1.2,92,98,8.7,1.71,0.0,-1.5
2002-01-13,-0.6,93,96,6.3,2.17,0.0,-0.4
2002-01-14,-1.4,91,97,9.3,2.13,0.0,-1.3
2002-01-15,-2.3,90,94,11.1,2.49,0.0,-4.1
2002-01-16,-4.2,94,100,9.8,2.25,0.0,-4.2
2002-01-17,-3.3,92,99,11.3,1.8,0.0,-2.8
2002-01-18,-2.8,90,78,11.8,2.6,0.0,-2.7
2002-01-19,0.4,91,92,14.9,1.84,0.0,0.2
2002-01-20,2.1,93,98,19.8,1.49,1.2,2.5
2002-01-21,4.7,93,100,25.3,0.87,12.8,3.7
2002-01-22,6.0,96,83,19.9,1.09,0.7,5.7
2002-01-23,6.2,86,85,22.7,3.84,0.0,7.9
2002-01-24,6.9,85,99,22.7,2.91,0.0,7.0
2002-01-25,6.2,72,65,35.3,4.2,1.5,7.6
2002-01-26,8.0,80,78,29.5,1.15,3.6,8.0
2002-01-27,7.6,82,98,37.5,0.75,8.9,8.0
2002-01-28,10.6,88,97,36.3,1.44,7.9,11.2
2002-01-29,10.2,69,73,43.6,3.29,3.3,10.0
2002-01-30,10.6,77,69,37.8,4.35,0.8,10.1
2002-01-31,11.7,76,90,34.9,3.51,0.8,12.4
2002-02-01,8.9,75,80,31.5,5.31,0.0,9.7
2002-02-02,11.1,83,89,15.9,3.98,0.0,12.2
2002-02-03,12.1,77,18,16.2,6.21,0.0,13.1
2002-02-04,10.7,74,50,19.7,6.24,0.0,11.8
2002-02-05,11.0,78,69,19.5,6.53,0.0,12.0
2002-02-06,8.6,75,94,13.7,4.04,1.0,10.1
2002-02-07,9.4,82,95,16.3,4.67,0.0,8.4
2002-02-08,5.6,89,97,24.6,2.45,4.0,5.9
2002-02-09,8.7,90,97,22.3,1.54,1.8,9.4
2002-02-10,8.3,85,91,21.8,4.18,7.1,9.3
2002-02-11,7.6,88,97,28.7,1.84,6.9,8.3
2002-02-12,10.9,82,71,37.2,4.94,7.5,10.4
2002-02-13,7.6,74,50,32.1,5.68,2.0,8.2
2002-02-14,2.3,70,55,24.2,6.32,0.0,2.1
2002-02-15,3.3,74,25,14.2,8.38,0.0,2.8
2002-02-16,4.4,79,18,11.9,7.49,0.0,4.4
2002-02-17,8.3,74,1,12.1,8.91,0.0,10.3
2002-02-18,8.5,79,70,16.4,6.78,0.3,7.8
2002-02-19,5.9,69,78,35.5,5.96,0.9,6.2
2002-02-20,3.7,79,66,24.5,3.92,4.3,4.2
2002-02-21,5.8,83,92,24.1,7.21,5.7,5.0
2002-02-22,0.3,58,63,27.6,7.24,0.2,0.3
2002-02-23,6.0,82,82,27.0,6.53,3.5,4.8
2002-02-24,3.1,81,88,25.5,6.87,2.9,2.4
2002-02-25,1.2,85,70,19.2,3.77,3.4,0.7
2002-02-26,7.4,91,86,29.0,1.86,8.6,8.3
2002-02-27,10.7,82,66,30.1,4.76,8.5,10.6
2002-02-28,6.7,74,50,25.6,7.16,0.5,6.6
2002-03-01,7.5,78,57,22.4,7.0,1.6,7.3
2002-03-02,3.5,74,77,17.4,10.63,0.0,3.2
2002-03-03,2.5,64,60,27.9,9.8,0.5,1.6
2002-03-04,6.0,82,96,28.1,4.11,2.9,5.4
2002-03-05,10.7,78,71,16.2,9.58,0.0,11.1
2002-03-06,13.3,75,64,26.9,11.42,0.2,14.0
2002-03-07,8.9,85,90,37.9,2.88,12.7,10.0
2002-03-08,7.7,67,36,36.4,11.49,1.4,6.8
2002-03-09,11.3,71,90,23.9,9.98,0.0,11.6
2002-03-10,7.6,71,53,28.2,9.97,2.4,7.5
2002-03-11,12.8,68,19,20.9,13.2,0.0,14.0
2002-03-12,14.0,60,79,13.5,12.18,0.0,15.0
2002-03-13,13.7,66,62,16.1,9.58,0.0,14.2
2002-03-14,6.4,96,88,21.1,2.75,7.3,8.0
2002-03-15,4.0,70,73,21.8,7.68,2.4,0.8
2002-03-16,7.1,59,0,24.7,14.93,0.0,8.0
2002-03-17,12.7,66,48,20.0,11.36,0.1,10.6
2002-03-18,15.2,77,41,14.1,13.33,0.0,15.8
2002-03-19,14.1,80,70,22.4,10.09,3.8,15.3
2002-03-20,9.0,77,85,21.6,7.51,1.5,8.9
2002-03-21,7.0,71,54,27.9,10.76,1.2,6.7
2002-03-22,5.9,88,83,20.1,11.03,6.3,3.4
2002-03-23,6.0,81,79,19.8,11.47,3.7,4.1
2002-03-24,5.2,80,73,24.2,9.52,0.9,2.4
2002-03-25,3.8,77,95,16.4,6.6,0.0,2.5
2002-03-26,5.2,72,66,14.1,11.94,0.0,4.4
2002-03-27,6.8,74,57,13.3,13.47,0.0,6.7
2002-03-28,8.0,80,89,12.1,10.77,0.0,6.2
2002-03-29,12.4,76,26,14.3,17.49,0.0,13.8
2002-03-30,14.0,71,0,9.4,18.19,0.0,16.0
2002-03-31,15.9,71,29,11.2,17.89,0.0,17.5
2002-04-01,14.1,69,62,9.6,16.38,0.0,14.9
2002-04-02,13.5,68,15,14.1,16.17,0.1,14.2
2002-04-03,7.3,59,11,20.1,18.81,0.0,7.3
2002-04-04,7.8,58,49,14.7,16.8,0.0,9.4
2002-04-05,4.3,67,66,18.5,14.73,0.2,4.2
2002-04-06,3.2,55,68,16.3,16.62,0.6,1.6
2002-04-07,7.2,60,84,21.4,13.9,0.0,9.0
2002-04-08,9.1,61,42,12.9,18.21,0.0,9.0
2002-04-09,8.3,71,61,14.6,11.54,0.0,7.2
2002-04-10,9.9,68,90,16.3,10.32,0.2,10.0
2002-04-11,14.4,56,73,23.7,14.5,0.0,15.6
2002-04-12,15.8,55,43,24.8,19.95,0.0,16.4
2002-04-13,12.6,75,98,24.5,5.92,2.1,11.8
2002-04-14,16.7,79,91,16.6,12.03,4.6,16.7
2002-04-15,15.5,83,61,12.2,14.56,1.8,15.0
2002-04-16,11.8,78,81,12.6,8.59,0.0,11.3
2002-04-17,12.9,76,95,10.0,11.22,0.1,13.0
2002-04-18,15.1,73,60,9.4,14.44,0.0,16.0
2002-04-19,18.0,71,71,11.2,17.2,0.0,18.4
2002-04-20,19.4,73,96,9.2,17.38,2.0,21.3
2002-04-21,18.4,85,93,11.0,16.16,2.9,19.1
2002-04-22,16.4,62,46,13.2,21.4,0.0,17.0
2002-04-23,16.8,60,22,8.1,19.1,0.0,17.9
2002-04-24,16.6,76,77,13.6,16.83,5.4,15.1
2002-04-25,14.8,71,87,12.3,11.78,0.0,15.6
2002-04-26,15.7,72,81,11.1,11.69,0.0,16.9
2002-04-27,14.4,75,87,20.5,10.13,4.5,14.2
2002-04-28,14.1,64,49,17.7,19.1,0.1,14.0
2002-04-29,19.0,55,46,22.2,19.9,1.1,21.1
2002-04-30,15.3,75,61,19.9,18.78,3.5,15.3
2002-05-01,20.3,68,37,15.0,23.43,0.0,20.8
2002-05-02,23.5,60,23,15.9,23.65,0.0,24.7
2002-05-03,26.8,57,37,18.8,23.34,0.0,28.1
2002-05-04,26.6,55,21,23.0,23.55,0.0,26.9
2002-05-05,25.2,47,3,21.1,23.45,0.0,24.9
2002-05-06,23.8,45,9,18.7,24.21,0.0,24.4
2002-05-07,23.6,55,12,8.8,22.88,0.0,25.0
2002-05-08,25.2,50,3,15.3,23.81,0.0,26.0
2002-05-09,26.7,46,6,13.0,24.56,0.0,27.8
2002-05-10,25.4,52,34,15.6,22.95,0.3,26.0
2002-05-11,24.7,57,28,19.1,23.26,0.8,25.0
2002-05-12,24.6,50,24,17.6,24.03,0.0,25.3
2002-05-13,22.6,76,45,15.9,17.51,6.5,25.6
2002-05-14,23.4,80,72,8.3,19.99,1.8,24.3
2002-05-15,18.1,76,68,20.3,19.07,6.6,18.7
2002-05-16,17.5,69,74,18.8,14.05,0.0,17.3
2002-05-17,20.9,64,80,20.2,19.77,0.0,20.7
2002-05-18,15.7,68,58,12.0,16.62,0.0,17.0
2002-05-19,18.6,61,49,9.0,20.87,0.0,20.6
2002-05-20,18.9,60,91,12.6,17.77,0.0,18.7
2002-05-21,21.5,47,67,16.5,21.42,0.0,21.9
2002-05-22,21.2,60,63,14.8,17.91,0.1,22.2
2002-05-23,24.5,68,40,11.2,22.24,0.1,25.7
2002-05-24,25.7,73,91,14.6,19.8,9.2,25.4
2002-05-25,21.8,66,75,16.9,20.52,0.0,23.0
2002-05-26,21.8,76,87,15.5,11.17,7.4,22.0
2002-05-27,23.7,81,100,14.7,17.6,6.9,24.0
2002-05-28,22.0,88,99,10.5,9.96,9.5,21.7
2002-05-29,18.6,88,100,15.2,5.01,3.3,17.1
2002-05-30,17.5,77,99,20.5,12.06,1.3,18.9
2002-05-31,19.6,60,51,15.5,23.54,0.0,19.9
2002-06-01,14.7,84,81,17.4,15.38,16.3,13.7
2002-06-02,15.4,84,95,17.5,9.06,3.2,15.1
2002-06-03,23.0,78,57,15.6,21.88,0.5,24.0
2002-06-04,23.2,74,27,10.8,24.34,0.0,24.9
2002-06-05,22.8,65,15,14.3,23.25,0.0,25.1
2002-06-06,22.8,57,49,22.9,24.21,0.0,23.2
2002-06-07,16.6,72,100,30.2,8.86,17.3,18.2
2002-06-08,15.8,88,100,22.4,5.46,8.6,15.1
2002-06-09,18.2,86,97,14.8,10.7,3.6,17.2
2002-06-10,19.8,76,94,16.8,11.92,0.0,21.2
2002-06-11,15.7,90,92,14.1,3.9,16.4,17.1
2002-06-12,20.8,72,53,10.0,21.71,0.0,22.4
2002-06-13,24.0,79,94,20.5,17.25,14.2,24.0
2002-06-14,18.1,72,64,27.5,19.89,0.3,18.6
2002-06-15,23.5,70,51,17.3,25.52,0.3,23.7
2002-06-16,21.2,72,78,19.0,22.24,0.3,21.9
2002-06-17,21.8,76,73,18.8,17.05,0.7,22.7
2002-06-18,25.3,73,0,7.8,27.56,0.0,26.9
2002-06-19,28.4,65,15,13.7,27.97,0.0,30.0
2002-06-20,29.4,64,26,12.2,27.85,0.0,30.1
2002-06-21,26.3,65,28,18.6,26.13,0.0,26.8
2002-06-22,23.5,72,50,15.0,20.32,1.3,25.1
2002-06-23,27.1,70,27,23.5,17.57,2.9,28.7
2002-06-24,19.2,75,67,10.7,10.32,0.9,18.2
2002-06-25,20.5,61,28,19.4,22.4,0.1,21.6
2002-06-26,21.5,66,63,18.0,21.03,0.1,22.8
2002-06-27,24.9,64,63,21.8,20.71,1.7,26.1
2002-06-28,19.3,83,85,12.1,11.76,2.4,18.4
2002-06-29,18.0,67,77,24.5,19.98,5.1,15.7
2002-06-30,19.4,57,52,17.3,21.9,0.0,20.0
2002-07-01,22.2,61,97,16.5,17.45,0.0,23.9
2002-07-02,27.7,62,68,20.0,24.33,0.5,29.4
2002-07-03,26.7,67,75,15.8,20.73,0.3,27.5
2002-07-04,23.5,82,73,19.1,12.73,13.4,24.3
2002-07-05,20.4,71,69,22.7,15.99,0.0,20.6
2002-07-06,24.7,65,41,13.0,22.56,0.0,25.7
2002-07-07,25.9,73,68,16.0,20.01,2.0,27.4
2002-07-08,24.6,72,16,10.6,22.02,0.0,25.4
2002-07-09,27.8,63,0,15.6,26.88,0.0,29.2
2002-07-10,30.9,61,13,20.9,25.68,0.0,32.3
2002-07-11,25.4,72,56,22.2,21.11,1.4,24.6
2002-07-12,24.5,60,29,13.1,26.65,0.0,26.1
2002-07-13,27.2,58,30,15.9,25.2,0.0,27.9
2002-07-14,29.5,63,44,15.4,25.7,0.0,30.4
2002-07-15,30.2,69,66,11.4,22.32,2.2,28.9
2002-07-16,29.0,73,72,16.0,17.72,2.7,28.6
2002-07-17,24.6,80,94,15.8,11.67,15.7,24.7
2002-07-18,27.3,86,92,15.9,15.28,7.8,29.7
2002-07-19,24.8,82,83,13.4,16.35,0.8,24.2
2002-07-20,21.8,79,100,12.8,9.65,1.4,19.6
2002-07-21,23.8,78,78,12.3,13.09,0.3,24.8
2002-07-22,21.3,68,74,18.7,15.91,0.5,21.9
2002-07-23,19.8,66,96,23.8,13.11,0.0,19.8
2002-07-24,22.4,71,54,14.2,17.0,0.3,23.2
2002-07-25,19.5,68,64,18.4,18.72,0.2,19.0
2002-07-26,20.2,67,37,13.8,19.9,0.3,21.6
2002-07-27,24.4,63,0,8.4,24.71,0.0,26.1
2002-07-28,28.3,60,2,12.4,24.99,0.0,29.7
2002-07-29,29.4,55,36,14.4,24.8,0.0,30.4
2002-07-30,28.9,70,42,17.1,18.02,7.5,30.7
2002-07-31,30.3,66,19,18.8,22.77,0.4,32.2
2002-08-01,29.0,67,25,15.8,21.31,0.3,31.1
2002-08-02,29.4,73,52,15.6,19.91,3.1,32.1
2002-08-03,22.9,90,89,14.3,8.56,11.4,24.9
2002-08-04,24.8,85,72,9.5,12.59,5.5,26.4
2002-08-05,24.4,78,77,14.3,15.71,1.3,23.4
2002-08-06,21.1,84,92,11.4,7.7,7.0,20.1
2002-08-07,24.6,61,66,17.7,21.32,0.0,25.4
2002-08-08,24.2,57,43,13.8,20.12,0.0,25.6
2002-08-09,24.9,58,92,16.6,19.1,0.0,24.8
2002-08-10,25.7,61,76,22.7,19.79,0.6,26.0
2002-08-11,27.6,68,32,17.3,21.02,0.1,27.6
2002-08-12,22.6,80,94,17.3,7.31,6.0,22.0
2002-08-13,23.9,70,47,9.2,18.61,0.0,25.0
2002-08-14,21.7,86,99,17.2,5.55,7.3,22.9
2002-08-15,25.5,86,43,13.0,16.08,7.4,27.7
2002-08-16,27.1,67,7,15.5,20.25,0.0,27.8
2002-08-17,27.5,63,29,11.9,19.03,0.0,28.8
2002-08-18,25.8,60,20,14.0,20.86,0.0,26.1
2002-08-19,24.3,54,5,14.9,22.08,0.0,24.6
2002-08-20,25.3,55,8,16.0,22.04,0.0,25.6
2002-08-21,25.4,57,7,9.3,21.71,0.0,26.1
2002-08-22,27.3,55,25,7.6,20.17,0.0,27.7
2002-08-23,26.0,57,23,9.7,18.96,0.0,26.7
2002-08-24,25.4,54,6,12.6,20.16,0.0,27.0
2002-08-25,25.8,55,21,13.7,18.05,0.0,26.7
2002-08-26,25.7,50,19,14.2,20.08,0.0,26.1
2002-08-27,26.4,55,84,17.3,19.22,0.0,26.4
2002-08-28,27.6,62,77,12.9,16.67,0.4,27.7
2002-08-29,26.7,72,49,7.1,17.69,0.8,27.1
2002-08-30,27.2,71,46,6.9,17.89,0.0,28.3
2002-08-31,27.6,64,82,11.5,15.13,0.2,28.5
2002-09-01,22.9,66,57,23.9,12.38,0.6,23.6
2002-09-02,20.8,63,50,18.2,12.63,0.1,21.9
2002-09-03,25.4,59,23,15.0,16.47,0.0,26.2
2002-09-04,27.9,53,33,20.8,16.7,0.0,27.0
2002-09-05,26.9,56,27,14.4,17.15,0.9,28.6
2002-09-06,22.7,84,86,10.1,10.67,6.0,23.5
2002-09-07,21.5,86,72,8.3,10.32,0.8,22.4
2002-09-08,22.9,83,31,8.4,14.12,1.0,24.6
2002-09-09,24.3,80,18,8.3,15.63,0.7,25.6
2002-09-10,24.9,70,25,9.4,16.19,0.0,25.1
2002-09-11,18.1,62,28,22.5,10.4,0.0,20.2
2002-09-12,16.7,49,0,17.4,17.35,0.0,17.1
2002-09-13,16.2,62,52,8.5,12.34,0.0,16.8
2002-09-14,16.3,83,77,18.1,6.04,11.0,14.4
2002-09-15,15.5,83,75,15.1,7.41,0.5,15.6
2002-09-16,14.7,81,69,12.7,10.34,0.9,15.1
2002-09-17,16.3,76,60,14.5,12.43,0.2,16.8
2002-09-18,15.9,87,68,24.3,6.56,1.5,15.3
2002-09-19,16.1,85,51,17.0,8.36,1.3,16.3
2002-09-20,17.4,78,57,8.9,11.2,0.0,17.9
2002-09-21,15.8,83,84,14.9,9.43,0.4,16.5
2002-09-22,15.3,85,79,13.1,10.84,1.0,15.1
2002-09-23,11.8,67,95,21.6,8.93,0.0,11.4
2002-09-24,11.9,53,94,20.1,14.12,0.0,11.5
2002-09-25,10.5,66,81,10.2,6.64,1.3,11.8
2002-09-26,13.0,78,96,8.1,7.38,3.7,15.0
2002-09-27,10.8,93,100,10.2,1.85,4.4,12.8
2002-09-28,12.5,76,81,17.3,11.25,2.5,12.4
2002-09-29,15.1,73,78,15.6,8.94,0.0,14.0
2002-09-30,15.6,82,72,12.1,7.38,0.0,15.1
2002-10-01,17.1,78,75,16.4,9.84,1.1,17.0
2002-10-02,15.5,82,97,7.5,3.9,0.1,15.6
2002-10-03,16.8,80,58,14.5,9.84,0.0,17.2
2002-10-04,16.0,85,87,18.1,4.54,1.5,16.1
2002-10-05,11.5,89,77,25.9,3.83,3.5,10.8
2002-10-06,10.6,91,100,13.0,3.07,3.7,11.5
2002-10-07,9.7,86,95,20.9,3.62,4.4,9.9
2002-10-08,5.6,82,92,21.9,3.21,1.3,4.9
2002-10-09,5.5,72,92,15.8,5.31,0.0,4.7
2002-10-10,6.7,70,46,8.6,8.78,0.0,7.6
2002-10-11,4.7,71,33,18.0,8.05,0.0,7.1
2002-10-12,4.4,70,95,28.5,5.25,0.0,4.4
2002-10-13,2.4,83,100,29.2,2.13,8.4,2.0
2002-10-14,6.2,91,100,17.4,3.06,5.1,5.2
2002-10-15,12.1,90,78,17.1,5.03,3.1,12.5
2002-10-16,15.7,89,90,20.6,5.6,0.3,15.0
2002-10-17,15.9,84,88,21.6,5.98,2.5,15.6
2002-10-18,11.2,79,96,20.5,4.76,0.8,11.5
2002-10-19,9.7,82,63,20.5,6.14,2.7,10.2
2002-10-20,6.5,77,53,24.4,7.5,0.0,6.4
2002-10-21,6.6,89,89,17.3,4.03,4.4,7.2
2002-10-22,15.2,91,100,15.4,4.37,11.2,14.7
2002-10-23,15.6,85,75,18.7,5.45,2.2,16.9
2002-10-24,12.3,75,73,20.5,5.7,0.0,12.9
2002-10-25,9.9,78,37,20.9,7.52,0.0,10.3
2002-10-26,11.5,83,99,30.6,3.57,13.2,10.1
2002-10-27,11.1,82,72,35.5,4.71,7.8,10.8
2002-10-28,10.1,77,83,46.6,1.94,7.3,11.2
2002-10-29,8.2,77,56,29.3,5.48,1.1,7.2
2002-10-30,5.5,88,86,12.1,2.71,2.6,4.9
2002-10-31,5.7,86,89,11.5,3.2,0.0,5.1
2002-11-01,7.5,86,94,22.7,3.36,1.4,6.8
2002-11-02,6.2,90,80,15.5,3.11,6.7,5.8
2002-11-03,4.0,81,84,12.0,3.99,0.0,3.3
2002-11-04,1.6,74,93,16.7,4.06,0.0,2.1
2002-11-05,0.3,61,93,13.0,2.79,0.0,-0.2
2002-11-06,1.0,75,86,12.9,3.89,0.0,2.2
2002-11-07,2.0,75,46,14.2,6.09,0.0,-0.2
2002-11-08,4.3,84,85,16.5,4.29,0.4,3.3
2002-11-09,4.4,93,95,22.7,1.97,6.4,3.6
2002-11-10,3.2,90,85,25.0,2.69,5.0,3.0
2002-11-11,3.2,90,98,12.5,2.49,1.1,3.0
2002-11-12,2.8,84,72,13.9,4.3,0.0,1.3
2002-11-13,9.5,85,77,16.9,4.48,0.0,9.8
2002-11-14,9.5,90,71,14.0,4.33,0.0,10.4
2002-11-15,14.7,87,94,15.3,3.98,0.0,12.8
2002-11-16,16.3,83,92,16.3,4.63,0.0,15.1
2002-11-17,15.3,65,44,25.8,4.67,0.3,15.4
2002-11-18,10.5,81,85,22.7,3.37,0.9,9.0
2002-11-19,9.6,94,92,13.8,3.09,0.5,8.1
2002-11-20,6.4,83,94,19.1,1.8,2.4,6.3
2002-11-21,5.0,81,84,14.4,3.08,0.0,3.2
2002-11-22,9.8,90,95,15.4,2.58,0.0,9.3
2002-11-23,9.5,93,92,13.7,2.1,2.4,8.8
2002-11-24,8.2,93,76,12.0,1.4,0.0,7.5
2002-11-25,9.8,85,78,20.9,3.87,0.0,9.6
2002-11-26,10.9,75,93,19.0,3.15,0.0,10.6
2002-11-27,9.1,93,98,11.3,1.15,2.3,8.2
2002-11-28,6.1,84,90,14.6,2.74,0.0,5.6
2002-11-29,6.7,88,100,15.2,0.75,2.2,5.2
2002-11-30,5.1,90,100,24.6,0.56,12.0,4.0
2002-12-01,2.0,91,99,21.0,0.75,2.0,0.2
2002-12-02,0.4,83,98,19.1,1.58,0.0,-0.7
2002-12-03,-1.3,81,98,15.9,2.89,0.0,-2.3
2002-12-04,-2.0,81,99,16.5,2.05,0.1,-2.9
2002-12-05,-1.8,83,99,16.3,0.94,0.0,-1.3
2002-12-06,-2.1,73,68,22.4,2.26,0.0,-1.9
2002-12-07,-7.0,67,47,25.2,3.68,0.0,-7.4
2002-12-08,-8.1,70,97,17.3,2.17,0.0,-7.7
2002-12-09,-9.8,66,13,12.7,3.79,0.0,-10.2
2002-12-10,-8.4,65,38,5.8,3.36,0.0,-8.5
2002-12-11,-3.8,77,95,8.3,2.1,0.0,-4.1
2002-12-12,-5.5,79,40,8.8,3.14,0.0,-4.6
2002-12-13,-5.3,82,51,6.3,2.44,0.0,-4.9
2002-12-14,-2.6,88,97,14.1,1.76,0.0,-2.2
2002-12-15,-3.4,79,94,21.4,1.67,0.0,-2.3
2002-12-16,-5.8,73,61,19.4,3.02,0.0,-7.4
2002-12-17,-1.0,87,99,17.1,1.1,0.6,-1.6
2002-12-18,-1.0,92,97,15.6,1.79,0.7,-0.8
2002-12-19,-1.3,90,54,16.2,2.89,0.1,-0.9
2002-12-20,-3.0,85,62,14.6,2.8,0.0,-3.7
2002-12-21,-1.4,88,92,15.3,1.54,0.4,-1.4
2002-12-22,-1.5,88,39,14.8,3.54,0.0,-1.4
2002-12-23,-9.9,88,74,9.6,2.8,0.0,-8.0
2002-12-24,-12.4,87,97,5.4,2.53,0.0,-10.0
2002-12-25,-10.4,83,83,13.6,3.21,0.0,-13.6
2002-12-26,-6.0,80,14,11.9,3.48,0.0,-9.5
2002-12-27,-0.3,89,94,13.4,0.86,0.0,-1.0
2002-12-28,-0.5,90,100,13.7,2.11,0.0,0.0
2002-12-29,3.4,96,100,18.3,0.83,0.6,3.4
2002-12-30,2.4,89,94,19.5,0.9,1.1,2.9
2002-12-31,-6.8,59,41,14.2,3.45,0.0,
2003-01-01,-6.0,67,25,15.5,3.61,0.0,-6.0
2003-01-02,3.9,81,100,24.5,0.56,7.0,4.0
2003-01-03,3.3,93,100,18.4,0.84,4.7,3.0
2003-01-04,-4.6,78,85,14.8,1.7,0.1,-3.0
2003-01-05,-6.0,81,45,12.5,3.55,0.0,-9.0
2003-01-06,-7.5,76,99,6.5,1.41,0.0,-9.0
2003-01-07,-8.8,77,97,10.9,2.43,0.0,12.0
2003-01-08,-13.5,70,81,9.6,3.32,0.0,-12.0
2003-01-09,-12.2,79,6,9.7,4.03,0.0,-12.0
2003-01-10,-4.2,87,79,14.6,1.59,0.0,-4.0
2003-01-11,-6.2,75,40,14.5,3.82,0.0,-8.0
2003-01-12,0.0,87,88,22.8,1.38,2.5,0.0
2003-01-13,0.3,91,100,24.9,1.59,2.7,0.0
2003-01-14,4.3,96,100,32.6,0.8,2.2,4.0
2003-01-15,4.9,94,98,32.0,0.71,5.2,5.0
2003-01-16,4.0,83,87,28.2,1.75,0.0,5.0
2003-01-17,4.3,90,63,21.7,1.41,0.0,4.0
2003-01-18,3.4,80,36,20.2,4.15,0.0,4.0
2003-01-19,2.5,92,93,13.7,1.58,0.0,2.0
2003-01-20,1.9,85,64,15.1,3.31,0.0,2.0
2003-01-21,3.2,84,49,19.3,4.51,0.0,3.0
2003-01-22,4.1,79,80,21.3,1.95,0.4,3.0
2003-01-23,2.4,88,96,14.0,1.58,0.4,2.0
2003-01-24,2.4,98,100,7.5,1.18,0.0,2.0
2003-01-25,1.0,93,98,13.6,1.51,0.0,1.0
2003-01-26,2.9,86,83,15.1,3.98,0.0,2.0
2003-01-27,4.6,92,100,21.2,1.64,2.2,5.0
2003-01-28,7.1,92,88,28.9,1.62,5.4,8.0
2003-01-29,2.8,86,86,30.1,3.34,1.7,3.0
2003-01-30,1.0,91,89,14.3,2.1,2.8,1.0
2003-01-31,-2.4,74,48,12.1,5.09,0.0,-3.0
2003-02-01,-4.8,71,43,14.3,6.21,0.0,-6.0
2003-02-02,-5.5,64,79,15.4,5.39,0.0,-7.0
2003-02-03,-1.5,73,70,22.5,2.41,1.6,-3.0
2003-02-04,-0.8,79,100,19.1,3.34,1.7,-1.0
2003-02-05,-0.9,87,100,19.5,4.52,0.0,-2.0
2003-02-06,-2.0,84,100,28.1,3.9,6.9,-2.0
2003-02-07,-2.8,87,100,26.7,3.16,5.3,-3.0
2003-02-08,-2.8,86,98,14.2,4.69,1.0,-3.0
2003-02-09,-1.6,89,91,12.8,4.26,0.0,-1.0
2003-02-10,-2.5,87,98,8.6,3.36,0.0,-2.0
2003-02-11,-3.5,88,58,8.7,7.24,0.0,-3.0
2003-02-12,-10.2,83,50,10.2,7.68,0.0,-6.0
2003-02-13,-11.0,82,69,6.5,6.29,0.0,-5.0
2003-02-14,-2.2,89,98,12.6,3.15,0.0,-3.0
2003-02-15,-1.0,88,99,22.5,4.0,0.0,-1.0
2003-02-16,-6.4,82,85,16.8,5.86,0.0,-6.0
2003-02-17,-5.3,85,73,12.6,8.58,0.0,-5.0
2003-02-18,0.5,92,97,12.5,3.76,0.0,0.0
2003-02-19,0.7,93,98,17.0,3.92,0.0,0.0
2003-02-20,0.1,93,99,10.5,3.78,0.0,0.0
2003-02-21,1.3,90,97,8.6,4.53,0.0,2.0
2003-02-22,0.1,83,13,9.9,10.22,0.0,2.0
2003-02-23,-0.2,78,5,9.4,10.25,0.0,1.0
2003-02-24,1.2,83,13,11.6,10.58,0.0,3.0
2003-02-25,0.9,89,19,10.9,9.16,0.0,3.0
2003-02-26,2.3,82,1,12.9,10.87,0.0,4.0
2003-02-27,2.1,78,37,14.3,8.86,0.0,-1.0
2003-02-28,1.4,86,50,14.7,8.61,0.0,-1.0
2003-03-01,-1.1,82,92,7.2,4.79,0.0,-2.0
2003-03-02,-1.8,79,74,15.1,9.45,0.0,-3.0
2003-03-03,-1.5,79,93,12.7,6.82,0.0,-1.0
2003-03-04,0.4,81,92,9.6,6.97,0.0,-2.0
2003-03-05,0.1,83,76,10.9,7.11,1.5,0.0
2003-03-06,0.4,85,66,11.9,5.64,0.0,0.0
2003-03-07,1.3,83,38,11.0,10.56,0.0,3.0
2003-03-08,3.2,83,22,13.2,12.65,0.0,4.0
2003-03-09,6.6,90,87,13.1,4.9,1.6,5.0
2003-03-10,6.2,98,100,10.6,2.04,0.1,5.0
2003-03-11,13.1,85,99,17.0,10.85,1.2,12.0
2003-03-12,8.9,89,92,24.3,6.24,9.2,8.0
2003-03-13,2.0,68,73,31.5,5.97,2.0,2.0
2003-03-14,2.3,78,96,21.0,4.72,0.0,2.0
2003-03-15,6.8,74,58,17.3,12.5,0.0,7.0
2003-03-16,6.3,85,50,13.2,12.01,0.0,2.0
2003-03-17,7.1,80,91,18.7,8.01,0.0,6.0
2003-03-18,9.0,77,64,19.8,10.32,0.0,10.0
2003-03-19,10.8,80,48,19.2,12.57,0.0,10.0
2003-03-20,4.8,69,71,28.3,9.53,0.5,5.0
2003-03-21,-0.2,39,75,21.2,15.69,0.0,-1.0
2003-03-22,2.0,56,32,10.6,15.41,0.0,3.0
2003-03-23,8.2,55,40,16.5,15.79,0.0,8.0
2003-03-24,12.5,57,8,16.9,16.39,0.0,14.0
2003-03-25,12.2,69,17,10.6,16.35,0.0,14.0
2003-03-26,11.9,69,2,11.0,16.66,0.0,14.0
2003-03-27,13.9,62,0,16.5,16.97,0.0,14.0
2003-03-28,15.0,74,58,12.0,12.24,0.7,16.0
2003-03-29,13.8,88,68,7.9,13.24,1.9,10.0
2003-03-30,14.7,79,38,14.1,13.88,0.0,16.0
2003-03-31,7.7,73,44,28.8,12.02,3.0,10.0
2003-04-01,6.9,59,59,15.4,12.88,0.0,8.0
2003-04-02,11.9,65,99,22.6,10.68,0.8,13.0
2003-04-03,9.2,75,92,17.3,11.33,0.0,9.0
2003-04-04,6.4,64,94,18.1,10.14,0.1,5.0
2003-04-05,5.7,77,91,26.4,10.74,5.7,5.0
2003-04-06,2.9,68,85,33.8,14.37,5.2,-1.0
2003-04-07,1.5,78,99,30.0,7.82,6.7,1.0
2003-04-08,-0.7,81,100,23.7,9.75,4.5,-1.0
2003-04-09,0.8,87,99,23.4,12.08,4.8,0.0
2003-04-10,3.8,82,95,16.6,15.82,1.3,5.0
2003-04-11,5.3,90,99,16.3,6.98,10.1,6.0
2003-04-12,9.5,74,53,10.2,15.9,0.0,10.3
2003-04-13,11.3,68,30,9.1,16.92,0.0,13.0
2003-04-14,13.0,67,22,13.8,16.57,0.0,15.0
2003-04-15,14.4,62,54,13.6,17.42,0.0,15.8
2003-04-16,13.0,65,10,14.5,21.14,0.0,14.0
2003-04-17,14.9,66,24,9.8,19.47,0.0,16.0
2003-04-18,13.3,69,60,18.5,15.31,1.0,14.0
2003-04-19,12.8,51,83,25.1,19.8,0.0,15.0
2003-04-20,14.9,50,32,19.6,22.72,0.0,16.0
2003-04-21,16.6,56,0,11.3,22.5,0.0,18.0
2003-04-22,16.4,73,26,12.9,19.81,2.3,17.0
2003-04-23,13.2,82,66,15.2,12.96,2.7,13.0
2003-04-24,16.7,72,21,14.5,21.52,0.0,18.0
2003-04-25,13.6,62,25,13.0,22.97,0.0,14.0
2003-04-26,14.2,55,76,21.1,20.75,0.0,14.0
2003-04-27,14.5,72,100,21.8,7.06,4.2,15.0
2003-04-28,17.0,79,62,17.7,20.07,1.2,18.0
2003-04-29,23.9,70,75,23.6,18.8,0.3,25.0
2003-04-30,22.7,70,71,20.9,19.48,0.0,23.0
2003-05-01,19.4,60,55,27.4,17.7,2.1,21.0
2003-05-02,19.3,57,66,14.1,21.02,0.0,21.0
2003-05-03,21.5,67,78,22.8,15.53,4.4,20.0
2003-05-04,16.8,58,56,26.2,20.81,0.0,17.0
2003-05-05,20.8,62,5,15.1,24.55,0.0,22.0
2003-05-06,26.6,56,1,19.2,24.98,0.0,29.0
2003-05-07,19.1,63,60,18.8,21.62,0.0,19.0
2003-05-08,21.3,61,49,10.3,24.96,0.0,22.0
2003-05-09,21.6,72,95,14.2,13.29,8.6,22.0
2003-05-10,19.7,67,63,9.7,20.55,0.0,21.0
2003-05-11,20.0,76,93,10.9,13.7,2.3,18.0
2003-05-12,19.1,81,91,10.4,9.26,0.2,17.0
2003-05-13,22.4,86,87,14.0,16.14,19.7,23.0
2003-05-14,14.6,81,92,18.2,6.36,3.0,14.0
2003-05-15,13.0,81,98,13.7,12.11,2.7,13.0
2003-05-16,13.5,71,67,18.4,21.88,2.0,14.0
2003-05-17,17.0,66,54,12.2,21.51,0.0,18.0
2003-05-18,19.1,62,81,14.9,17.99,0.0,20.0
2003-05-19,18.4,80,83,12.5,14.5,1.1,18.1
2003-05-20,19.3,75,94,24.3,19.77,5.8,18.0
2003-05-21,14.7,80,98,11.3,8.92,8.7,16.0
2003-05-22,18.1,74,94,12.9,16.69,0.1,18.0
2003-05-23,20.0,69,68,12.0,18.06,0.0,21.0
2003-05-24,23.6,65,46,13.3,26.23,0.0,24.0
2003-05-25,26.9,69,24,17.3,23.48,0.0,28.0
2003-05-26,29.6,62,31,16.9,26.51,0.0,31.0
2003-05-27,25.6,74,79,17.3,22.1,0.0,25.0
2003-05-28,22.6,64,32,16.9,25.57,0.3,23.0
2003-05-29,21.4,58,20,14.0,26.56,0.0,22.0
2003-05-30,22.7,57,5,8.0,26.98,0.0,24.0
2003-05-31,24.5,61,28,8.4,23.48,0.0,26.0
2003-06-01,23.5,59,55,14.9,24.96,0.2,24.0
2003-06-02,22.6,45,36,13.1,28.22,0.0,23.0
2003-06-03,23.7,49,17,11.6,28.03,0.0,25.0
2003-06-04,24.3,46,16,11.8,27.72,0.0,24.0
2003-06-05,29.4,53,17,12.3,25.93,0.0,31.0
2003-06-06,24.8,72,69,17.6,19.28,6.4,26.0
2003-06-07,23.8,59,38,16.1,25.7,0.0,23.0
2003-06-08,27.3,59,0,9.9,27.17,0.0,28.0
2003-06-09,26.5,56,32,21.4,23.99,0.0,26.0
2003-06-10,23.4,52,43,16.0,25.39,0.0,24.0
2003-06-11,27.8,64,76,18.4,18.46,4.1,27.0
2003-06-12,24.2,55,29,22.1,25.01,0.0,25.0
2003-06-13,24.1,60,52,21.0,21.4,1.6,25.0
2003-06-14,21.2,51,48,18.7,19.58,0.0,22.0
2003-06-15,20.6,57,69,17.1,20.58,0.0,21.0
2003-06-16,18.6,73,79,11.9,17.21,9.2,18.0
2003-06-17,18.7,68,68,14.4,17.85,0.1,19.0
2003-06-18,21.1,57,74,10.4,24.75,0.0,21.0
2003-06-19,23.5,53,62,18.4,25.09,0.5,24.0
2003-06-20,19.7,71,77,29.9,18.35,5.8,20.0
2003-06-21,17.4,73,67,31.2,18.8,2.6,17.0
2003-06-22,18.6,72,77,22.3,17.2,1.5,17.0
2003-06-23,21.8,64,67,17.1,25.03,1.1,22.0
2003-06-24,19.7,63,75,26.1,14.97,1.4,21.0
2003-06-25,17.3,70,72,24.4,14.46,1.2,17.0
2003-06-26,20.7,72,91,15.8,17.76,0.6,21.0
2003-06-27,21.4,72,73,12.6,20.48,2.3,22.0
2003-06-28,21.1,73,52,14.4,23.21,0.1,22.0
2003-06-29,24.2,59,52,10.0,25.03,0.0,25.0
2003-06-30,24.8,75,61,16.1,18.08,14.5,28.0
2003-07-01,24.6,77,90,8.9,18.6,1.6,24.0
2003-07-02,21.7,78,67,24.4,15.79,18.6,21.0
2003-07-03,23.6,64,44,17.4,20.78,0.1,25.0
2003-07-04,23.2,70,48,14.2,23.58,0.0,22.4
2003-07-05,22.0,74,72,16.2,21.39,1.3,22.0
2003-07-06,19.1,82,94,17.6,10.43,7.6,19.0
2003-07-07,20.8,79,93,24.8,15.58,0.6,21.0
2003-07-08,19.7,77,88,30.6,14.04,0.9,20.0
2003-07-09,21.1,72,57,24.0,17.11,0.7,23.0
2003-07-10,21.4,77,45,20.0,21.19,0.7,22.0
2003-07-11,20.2,73,68,16.7,13.54,0.4,22.0
2003-07-12,19.9,72,60,19.1,15.43,0.8,21.0
2003-07-13,20.2,74,56,12.9,21.15,1.2,21.0
2003-07-14,23.0,72,61,15.4,20.15,0.0,24.0
2003-07-15,23.6,79,58,9.7,19.7,0.9,24.0
2003-07-16,27.3,73,55,9.9,22.92,0.0,29.0
2003-07-17,28.1,72,19,10.2,22.87,0.1,30.0
2003-07-18,29.5,67,37,17.1,21.64,1.0,31.0
2003-07-19,23.2,85,82,17.2,8.92,5.7,24.0
2003-07-20,26.1,67,8,8.0,24.56,0.0,28.0
2003-07-21,28.9,60,18,9.2,24.31,0.0,30.0
2003-07-22,30.0,65,97,14.0,18.44,1.3,30.0
2003-07-23,26.0,73,77,13.0,19.98,0.3,26.0
2003-07-24,26.9,64,31,9.9,22.97,0.0,28.0
2003-07-25,28.3,66,83,13.0,21.86,0.2,29.0
2003-07-26,28.1,77,80,7.6,18.76,9.5,28.0
2003-07-27,29.4,67,58,11.6,19.71,0.0,30.0
2003-07-28,31.7,66,42,15.8,21.63,3.7,31.0
2003-07-29,25.4,87,97,12.3,13.51,5.2,24.0
2003-07-30,27.4,79,71,9.8,18.69,1.3,28.0
2003-07-31,28.6,74,83,13.0,17.88,1.7,28.0
2003-08-01,28.6,65,32,11.6,20.79,0.0,29.0
2003-08-02,26.5,72,57,9.5,18.94,1.8,26.0
2003-08-03,26.6,74,40,8.0,19.15,0.0,28.0
2003-08-04,28.1,64,15,16.6,21.32,0.0,29.0
2003-08-05,24.6,60,15,17.3,21.66,0.0,25.0
2003-08-06,24.2,60,19,16.5,18.98,0.0,25.0
2003-08-07,24.7,58,29,15.0,22.01,0.0,25.0
2003-08-08,25.5,58,63,15.1,16.3,0.0,26.0
2003-08-09,25.2,62,63,17.2,16.05,0.9,25.0
2003-08-10,23.1,54,44,23.1,19.18,0.1,22.0
2003-08-11,22.2,50,40,21.3,19.52,0.0,22.0
2003-08-12,24.6,63,43,15.8,18.76,0.1,24.0
2003-08-13,29.1,54,72,12.8,19.57,0.0,28.0
2003-08-14,26.6,57,27,21.0,21.65,1.7,26.0
2003-08-15,23.2,58,36,26.5,19.55,0.0,23.0
2003-08-16,21.1,52,36,27.4,12.73,0.0,22.0
2003-08-17,23.3,56,46,14.8,15.52,0.0,24.0
2003-08-18,27.7,50,32,12.1,21.37,0.0,28.0
2003-08-19,24.0,69,92,17.6,10.4,7.0,20.0
2003-08-20,21.6,81,75,17.4,11.44,1.1,22.0
2003-08-21,23.1,63,83,12.6,15.16,0.0,24.0
2003-08-22,25.6,61,82,15.5,16.28,0.2,26.0
2003-08-23,23.4,67,71,23.8,13.86,3.4,22.0
2003-08-24,19.2,74,56,27.4,11.16,1.8,19.0
2003-08-25,21.2,68,65,23.7,13.3,0.0,22.0
2003-08-26,21.4,68,60,19.9,17.2,0.1,21.0
2003-08-27,17.8,58,91,32.9,7.4,0.0,17.0
2003-08-28,19.0,52,33,23.1,15.72,0.0,19.0
2003-08-29,27.9,54,59,23.4,16.24,0.0,30.0
2003-08-30,21.3,75,81,32.0,9.95,14.1,19.0
2003-08-31,19.0,68,52,16.7,16.42,0.2,19.0
2003-09-01,16.9,76,56,15.9,13.87,0.7,18.0
2003-09-02,14.3,78,72,27.3,9.16,3.9,14.0
2003-09-03,14.1,64,35,18.8,15.32,0.0,14.0
2003-09-04,16.7,87,79,18.1,5.93,7.0,16.0
2003-09-05,18.1,75,62,14.5,13.49,0.3,17.0
2003-09-06,19.2,71,18,8.2,15.83,0.0,20.0
2003-09-07,19.8,65,6,12.3,16.34,0.0,20.0
2003-09-08,20.4,57,19,16.1,16.12,0.0,21.0
2003-09-09,19.8,58,69,13.1,15.1,0.0,20.0
2003-09-10,21.3,62,58,14.2,15.22,0.0,21.0
2003-09-11,18.5,74,97,16.8,7.2,3.8,16.2
2003-09-12,18.2,74,95,14.5,11.98,4.8,18.0
2003-09-13,17.6,63,45,11.7,14.18,0.0,17.0
2003-09-14,19.0,70,40,9.4,11.86,0.0,20.0
2003-09-15,19.6,66,49,8.3,13.58,0.0,20.0
2003-09-16,20.6,72,93,16.1,12.27,0.0,21.0
2003-09-17,19.2,77,62,17.1,8.14,0.0,20.0
2003-09-18,19.1,79,55,10.5,12.59,0.0,21.0
2003-09-19,25.8,66,2,15.6,15.37,0.0,27.0
2003-09-20,23.2,71,31,11.7,14.97,0.0,23.0
2003-09-21,27.2,65,4,18.5,14.93,0.0,28.0
2003-09-22,22.9,58,0,15.3,15.21,0.0,23.0
2003-09-23,26.9,58,31,22.3,13.64,1.8,27.0
2003-09-24,16.1,70,62,15.7,11.4,3.7,16.0
2003-09-25,15.4,65,39,10.7,12.28,0.0,15.0
2003-09-26,15.7,61,41,14.5,13.17,0.0,16.0
2003-09-27,18.7,64,61,15.9,10.49,0.2,19.0
2003-09-28,16.5,69,70,10.3,10.04,0.0,17.0
2003-09-29,20.8,76,76,14.8,10.57,3.5,20.0
2003-09-30,15.0,84,85,17.7,7.46,14.4,13.0
2003-10-01,14.6,78,97,11.1,5.88,0.0,14.0
2003-10-02,16.3,85,96,18.8,3.78,3.3,17.0
2003-10-03,14.2,82,69,18.6,7.53,0.4,14.0
2003-10-04,18.7,82,95,15.6,7.05,0.3,19.0
2003-10-05,12.9,90,100,18.8,3.05,17.2,13.0
2003-10-06,11.4,81,69,24.8,5.98,7.7,12.0
2003-10-07,11.7,75,83,25.7,5.79,4.5,11.0
2003-10-08,9.3,85,75,14.8,6.6,1.9,9.0
2003-10-09,10.1,85,69,16.3,5.54,1.8,9.0
2003-10-10,12.3,89,77,27.0,3.92,4.7,12.0
2003-10-11,13.5,79,49,25.2,8.4,0.6,12.0
2003-10-12,11.4,79,58,22.9,7.32,1.0,11.0
2003-10-13,9.7,86,50,17.6,6.98,3.5,9.0
2003-10-14,9.8,83,77,17.4,5.21,1.1,9.0
2003-10-15,8.6,86,67,16.3,6.65,1.9,8.0
2003-10-16,5.5,81,86,13.0,4.23,0.0,6.0
2003-10-17,5.6,76,84,6.7,4.83,0.0,7.0
2003-10-18,7.7,78,45,11.6,8.18,0.0,8.0
2003-10-19,8.7,83,4,9.4,9.72,0.0,9.0
2003-10-20,7.7,86,85,10.1,5.71,0.0,8.0
2003-10-21,5.7,89,100,14.6,1.49,3.2,4.0
2003-10-22,2.6,87,99,12.1,2.58,1.2,3.0
2003-10-23,2.2,71,94,11.9,4.71,0.0,0.0
2003-10-24,1.5,64,80,14.8,5.51,0.0,1.0
2003-10-25,3.6,69,67,30.6,6.21,1.3,4.0
2003-10-26,4.5,84,77,24.0,4.4,3.1,4.0
2003-10-27,4.0,82,25,14.8,7.07,0.3,4.0
2003-10-28,5.3,69,28,19.3,6.47,0.0,6.0
2003-10-29,5.3,73,28,14.7,7.86,0.0,6.0
2003-10-30,5.6,85,95,17.1,1.41,5.1,6.0
2003-10-31,8.9,88,97,15.3,4.51,0.0,9.0
2003-11-01,13.7,81,96,19.7,5.27,0.0,14.0
2003-11-02,11.8,94,97,12.5,0.78,9.4,11.0
2003-11-03,11.0,87,74,16.0,6.18,0.2,12.0
2003-11-04,11.7,83,40,22.9,5.53,1.1,12.0
2003-11-05,9.0,85,92,16.1,3.75,0.0,8.0
2003-11-06,9.1,84,91,18.8,2.78,0.1,9.0
2003-11-07,7.5,80,97,20.3,1.88,0.0,7.0
2003-11-08,5.6,92,76,13.0,3.66,0.0,2.0
2003-11-09,4.8,85,100,14.2,2.37,0.0,3.0
2003-11-10,4.9,78,56,18.4,3.88,0.0,6.0
2003-11-11,3.5,83,56,11.2,4.84,0.0,4.0
2003-11-12,3.4,90,61,9.1,4.41,0.0,-0.9
2003-11-13,2.3,89,93,9.4,2.61,0.0,2.0
2003-11-14,1.5,93,85,9.4,3.23,0.0,-2.0
2003-11-15,2.5,91,84,10.8,4.09,0.0,-2.0
2003-11-16,4.9,91,93,11.1,2.88,0.0,3.0
2003-11-17,5.3,94,100,29.2,0.9,3.4,6.0
2003-11-18,6.1,91,99,25.1,1.67,1.4,6.0
2003-11-19,10.8,95,100,30.6,0.66,9.1,12.0
2003-11-20,10.9,84,48,34.4,4.34,0.8,11.0
2003-11-21,9.9,91,86,15.6,3.29,0.0,9.0
2003-11-22,9.4,92,84,14.5,3.58,0.0,11.0
2003-11-23,10.0,90,76,13.9,4.14,0.0,11.0
2003-11-24,11.2,93,43,12.2,3.91,0.0,12.0
2003-11-25,10.7,94,93,12.3,3.56,0.0,12.0
2003-11-26,10.9,89,94,20.0,2.74,0.0,11.0
2003-11-27,12.6,84,59,21.5,3.68,2.2,12.0
2003-11-28,12.6,82,51,16.8,3.43,0.0,11.0
2003-11-29,7.9,90,75,13.0,2.81,0.0,7.0
2003-11-30,6.6,92,92,13.7,1.0,0.0,7.0
2003-12-01,7.9,87,98,17.8,1.49,0.0,7.0
2003-12-02,7.6,89,96,13.7,2.41,0.0,5.0
2003-12-03,5.3,95,100,12.5,2.12,0.0,2.0
2003-12-04,4.0,96,99,6.3,0.74,0.1,2.0
2003-12-05,4.2,94,100,23.9,0.72,0.6,4.0
2003-12-06,6.4,78,72,40.9,2.84,8.2,7.0
2003-12-07,1.6,69,57,23.2,2.57,0.0,1.0
2003-12-08,1.1,79,93,23.4,1.17,0.0,0.1
2003-12-09,2.6,93,99,13.3,1.32,0.0,2.0
2003-12-10,3.0,88,27,12.1,3.43,0.0,1.0
2003-12-11,3.9,76,30,19.0,3.39,0.0,4.0
2003-12-12,3.1,84,91,16.1,1.55,0.2,2.0
2003-12-13,6.2,91,92,31.6,1.14,5.6,7.0
2003-12-14,8.3,93,98,30.6,0.44,16.0,8.0
2003-12-15,4.1,80,79,29.4,1.31,6.1,5.0
2003-12-16,1.2,85,68,23.4,1.24,2.6,1.0
2003-12-17,1.1,85,81,19.3,2.61,0.6,2.0
2003-12-18,4.9,97,90,18.5,0.44,0.0,5.0
2003-12-19,3.6,90,4,13.8,3.34,0.0,5.0
2003-12-20,2.9,92,75,15.0,0.93,0.0,2.0
2003-12-21,6.5,80,96,30.2,1.3,1.1,7.0
2003-12-22,5.3,71,77,32.6,2.83,0.9,5.0
2003-12-23,-0.7,78,17,16.0,3.37,0.0,-1.0
2003-12-24,-2.4,75,28,15.6,3.49,0.0,-1.0
2003-12-25,-0.8,60,51,16.0,3.28,0.0,-0.6
2003-12-26,2.0,77,97,16.7,0.62,0.0,2.0
2003-12-27,3.4,72,87,18.1,3.14,0.0,3.0
2003-12-28,2.8,76,95,20.9,2.69,0.0,3.0
2003-12-29,5.1,85,98,20.5,2.0,0.0,5.0
2003-12-30,3.5,97,99,9.8,1.25,1.7,3.0
2003-12-31,1.1,95,100,15.3,1.16,3.5,1.0
2004-01-01,-0.2,89,96,15.8,1.31,1.5,0.0
2004-01-02,-2.1,83,93,17.9,2.14,0.2,-3.4
2004-01-03,-6.4,72,90,17.4,2.48,0.0,-7.3
2004-01-04,-8.9,67,90,8.8,2.21,0.0,-9.9
2004-01-05,-5.8,78,99,11.1,2.15,0.1,-5.8
2004-01-06,-3.7,84,67,10.2,2.57,0.0,-5.6
2004-01-07,-6.1,83,75,15.7,3.02,0.0,-8.7
2004-01-08,-8.9,82,66,12.6,3.57,0.0,-9.3
2004-01-09,-7.8,83,86,14.5,3.06,0.0,-7.3
2004-01-10,-4.9,89,99,9.7,2.66,2.2,-6.0
2004-01-11,-3.5,87,99,20.4,2.28,0.0,-3.3
2004-01-12,2.3,93,98,23.1,0.79,9.2,2.1
2004-01-13,0.7,93,96,20.7,3.3,1.1,0.6
2004-01-14,3.2,89,92,29.3,1.8,7.4,4.2
2004-01-15,1.3,90,87,25.6,2.51,0.1,1.9
2004-01-16,1.9,89,93,19.9,1.91,1.9,1.9
2004-01-17,4.0,85,85,20.3,2.58,1.3,4.0
2004-01-18,1.3,86,85,17.1,2.42,0.0,1.8
2004-01-19,-0.4,77,81,24.3,2.78,2.4,-1.3
2004-01-20,0.2,90,91,20.1,2.92,1.2,-0.2
2004-01-21,-4.0,77,73,20.5,3.48,0.0,-3.6
2004-01-22,-7.3,79,68,11.8,3.9,0.0,-7.3
2004-01-23,-5.2,82,88,9.4,2.61,0.0,-5.8
2004-01-24,-6.9,81,57,10.5,4.9,0.0,-7.4
2004-01-25,-7.6,80,98,9.8,3.11,0.0,-8.1
2004-01-26,-4.0,83,90,13.5,3.91,0.0,-4.3
2004-01-27,-5.3,82,66,13.8,5.16,0.0,-4.3
2004-01-28,-3.9,84,95,7.1,3.93,0.2,-3.9
2004-01-29,-3.1,86,91,11.5,3.52,0.0,-2.6
2004-01-30,-0.4,85,75,21.6,3.44,2.2,-0.3
2004-01-31,0.5,80,80,20.4,5.93,0.0,1.9
2004-02-01,6.7,83,99,28.9,1.03,2.9,7.0
2004-02-02,3.9,96,99,14.3,1.48,2.2,4.9
2004-02-03,4.2,98,100,12.7,1.36,1.2,4.4
2004-02-04,9.9,93,100,22.7,1.43,7.8,10.6
2004-02-05,12.4,84,94,32.5,1.59,7.6,12.9
2004-02-06,10.4,85,93,28.0,3.52,0.1,10.4
2004-02-07,10.9,76,91,37.3,3.59,6.5,12.4
2004-02-08,6.5,85,79,23.8,5.73,2.9,6.3
2004-02-09,1.3,87,95,28.0,4.28,3.5,2.0
2004-02-10,-0.2,72,68,25.9,6.86,1.3,-0.8
2004-02-11,-1.4,80,65,19.5,7.75,3.6,-2.3
2004-02-12,-8.9,73,56,14.9,8.44,0.0,-7.6
2004-02-13,-3.3,85,95,12.3,3.94,0.0,-3.2
2004-02-14,0.6,94,99,26.1,3.13,1.3,0.6
2004-02-15,1.6,88,97,19.0,5.5,1.5,1.3
2004-02-16,1.2,91,91,17.1,4.09,1.2,1.4
2004-02-17,1.4,92,91,23.7,2.71,1.3,1.7
2004-02-18,1.9,90,96,24.7,4.39,2.0,1.5
2004-02-19,-1.3,76,78,17.3,4.74,0.3,-0.7
2004-02-20,-3.1,57,3,11.3,9.39,0.0,-2.4
2004-02-21,0.5,53,1,21.2,9.55,0.0,1.0
2004-02-22,2.4,66,84,21.9,3.86,1.2,2.7
2004-02-23,1.3,90,99,12.5,3.18,2.9,1.9
2004-02-24,0.8,82,78,13.2,7.01,0.7,0.2
2004-02-25,-0.3,79,55,19.9,9.79,0.0,0.4
2004-02-26,1.9,80,43,15.3,9.54,0.0,2.1
2004-02-27,0.7,85,91,11.6,4.95,0.9,-0.4
2004-02-28,0.8,82,85,9.3,5.19,1.8,0.6
2004-02-29,-1.3,82,99,23.7,4.06,2.6,-1.2
2004-03-01,-0.5,77,99,16.4,7.26,1.2,-0.2
2004-03-02,1.6,89,97,20.9,5.28,1.7,1.2
2004-03-03,0.8,82,68,25.3,10.13,1.5,1.0
2004-03-04,-1.3,79,81,19.3,7.06,0.0,-2.8
2004-03-05,-3.0,73,55,15.4,9.69,0.0,-1.8
2004-03-06,-0.0,77,14,12.5,12.73,0.0,1.2
2004-03-07,1.9,77,72,16.0,9.5,0.0,1.9
2004-03-08,3.7,83,82,8.7,9.76,0.0,3.3
2004-03-09,2.3,80,100,23.7,8.87,0.0,2.5
2004-03-10,4.2,84,77,19.8,9.98,0.4,5.3
2004-03-11,4.3,80,63,22.1,12.63,0.0,4.4
2004-03-12,3.6,72,50,20.8,11.24,0.0,2.7
2004-03-13,7.6,74,52,19.2,12.5,0.0,6.8
2004-03-14,8.0,82,99,14.3,5.68,0.7,6.4
2004-03-15,12.9,83,75,19.3,11.27,0.4,12.9
2004-03-16,13.0,84,88,23.8,7.06,0.2,12.7
2004-03-17,14.2,87,86,19.9,4.12,0.1,13.7
2004-03-18,17.3,82,20,14.8,13.68,0.3,17.7
2004-03-19,17.2,79,83,18.8,12.77,0.0,17.6
2004-03-20,12.0,72,97,29.6,9.44,3.9,11.9
2004-03-21,12.5,67,62,37.9,10.69,8.1,12.7
2004-03-22,11.0,60,43,25.6,13.31,0.0,11.0
2004-03-23,11.2,65,54,17.3,12.07,0.7,11.8
2004-03-24,12.1,88,100,22.2,5.91,11.8,11.8
2004-03-25,7.9,90,98,21.7,4.44,0.0,7.4
2004-03-26,4.6,81,100,24.6,3.32,0.6,3.3
2004-03-27,4.1,77,94,18.1,5.22,0.0,2.6
2004-03-28,7.3,72,88,15.5,10.89,0.0,6.2
2004-03-29,8.6,82,87,16.6,5.9,0.1,9.1
2004-03-30,10.4,80,74,7.7,9.12,0.1,11.1
2004-03-31,11.6,71,76,7.3,11.46,0.0,11.7
2004-04-01,10.8,60,14,17.6,18.1,0.0,11.4
2004-04-02,5.8,48,0,17.7,19.35,0.0,6.5
2004-04-03,8.8,46,20,19.6,19.42,0.0,9.4
2004-04-04,14.1,60,68,15.3,15.51,0.0,14.9
2004-04-05,12.7,81,93,9.8,12.14,2.3,12.6
2004-04-06,12.2,72,90,12.0,16.3,2.1,12.8
2004-04-07,10.4,85,94,9.5,6.84,8.9,11.3
2004-04-08,5.7,95,100,24.4,3.14,15.5,6.8
2004-04-09,8.2,78,87,26.6,6.94,0.8,7.6
2004-04-10,10.6,79,89,13.9,9.78,0.0,11.0
2004-04-11,10.4,75,59,10.2,16.94,0.0,10.6
2004-04-12,12.2,67,31,15.8,17.14,0.0,12.0
2004-04-13,11.8,60,48,14.3,16.61,0.0,12.1
2004-04-14,11.2,56,0,14.1,21.47,0.0,11.9
2004-04-15,14.3,60,0,11.0,22.0,0.0,15.6
2004-04-16,16.2,65,48,10.0,19.86,0.0,17.8
2004-04-17,14.6,75,92,23.1,14.68,2.5,13.3
2004-04-18,13.1,85,93,19.4,10.59,11.3,11.9
2004-04-19,17.9,72,65,20.9,18.49,2.3,18.1
2004-04-20,19.1,60,35,17.8,20.97,0.5,20.0
2004-04-21,18.5,62,11,9.0,22.24,0.0,19.8
2004-04-22,15.7,85,69,8.9,13.06,1.6,15.4
2004-04-23,15.2,72,46,11.7,18.3,0.0,16.3
2004-04-24,10.9,88,100,15.0,7.58,6.5,10.2
2004-04-25,13.6,82,69,19.2,8.87,2.6,13.6
2004-04-26,12.5,64,50,11.7,17.59,0.0,13.2
2004-04-27,13.1,58,70,10.5,15.94,0.0,14.2
2004-04-28,13.9,51,55,11.3,14.95,0.0,14.8
2004-04-29,15.7,59,3,11.7,22.68,0.0,16.1
2004-04-30,16.5,56,10,16.6,24.8,0.0,17.6
2004-05-01,18.5,51,29,19.8,24.81,0.0,20.1
2004-05-02,21.5,71,72,13.2,19.0,6.6,22.4
2004-05-03,19.2,85,77,8.4,17.19,4.5,17.9
2004-05-04,23.4,70,63,22.7,20.4,0.0,23.6
2004-05-05,20.3,70,82,23.0,14.69,3.6,20.8
2004-05-06,20.7,73,66,23.1,20.63,0.8,20.9
2004-05-07,17.7,82,92,16.2,11.39,6.1,18.0
2004-05-08,13.4,75,100,17.3,11.71,3.9,12.3
2004-05-09,14.2,79,100,19.5,14.4,2.5,14.6
2004-05-10,14.6,89,95,24.4,5.28,14.3,17.1
2004-05-11,18.9,82,71,13.0,20.68,1.1,18.9
2004-05-12,15.9,73,52,13.2,20.91,0.0,15.8
2004-05-13,12.5,78,74,18.6,10.07,4.3,13.3
2004-05-14,12.3,61,66,12.1,19.41,0.0,12.7
2004-05-15,12.6,78,81,21.6,10.71,6.5,13.0
2004-05-16,13.5,70,67,20.2,13.66,0.3,14.3
2004-05-17,14.2,70,47,12.9,15.63,0.0,15.3
2004-05-18,17.7,73,81,20.6,16.6,0.7,18.5
2004-05-19,16.6,63,68,28.2,18.71,0.0,17.0
2004-05-20,14.5,59,47,28.8,18.03,0.0,14.7
2004-05-21,15.3,70,67,11.9,15.23,1.0,15.6
2004-05-22,12.0,68,70,20.1,19.79,2.9,11.9
2004-05-23,12.0,74,68,9.7,19.36,1.9,10.8
2004-05-24,13.0,69,87,26.0,17.99,0.0,13.5
2004-05-25,14.8,77,49,19.8,20.22,3.6,13.7
2004-05-26,14.7,73,39,18.0,22.12,0.9,14.4
2004-05-27,14.7,70,40,15.8,21.38,0.6,13.1
2004-05-28,15.6,72,48,8.8,21.87,0.1,17.1
2004-05-29,18.5,63,36,9.1,22.13,0.0,20.3
2004-05-30,20.7,61,14,10.2,24.48,0.0,22.0
2004-05-31,20.0,62,14,13.2,26.47,0.0,21.4
2004-06-01,19.3,52,43,16.0,27.11,0.0,19.9
2004-06-02,21.5,48,58,17.4,26.19,0.0,21.5
2004-06-03,21.2,45,73,18.8,26.99,0.0,20.9
2004-06-04,21.7,50,53,10.0,22.24,0.0,22.4
2004-06-05,20.1,71,99,13.7,15.98,2.0,20.6
2004-06-06,21.0,81,65,14.5,18.33,0.5,21.0
2004-06-07,19.4,72,64,13.3,13.63,0.0,19.7
2004-06-08,24.0,66,69,24.9,19.74,2.0,23.6
2004-06-09,16.1,59,51,13.7,21.95,0.0,16.4
2004-06-10,19.1,65,85,13.1,15.62,0.0,17.7
2004-06-11,23.1,71,92,10.8,22.46,0.1,23.7
2004-06-12,20.2,69,75,17.1,18.66,1.0,18.6
2004-06-13,19.5,70,52,19.6,22.04,3.6,20.1
2004-06-14,21.6,60,67,27.7,21.23,0.0,21.1
2004-06-15,23.0,70,88,32.4,9.17,6.8,23.2
2004-06-16,15.8,63,51,32.6,21.83,3.8,15.0
2004-06-17,17.7,57,57,21.6,19.91,0.2,16.3
2004-06-18,18.1,73,77,23.8,20.04,8.0,15.6
2004-06-19,21.1,72,70,14.5,21.61,0.7,20.8
2004-06-20,18.8,75,100,10.5,16.74,3.4,15.9
2004-06-21,16.8,84,86,19.8,8.65,13.9,14.9
2004-06-22,21.1,72,16,11.8,23.62,0.0,22.6
2004-06-23,24.7,62,48,17.4,23.41,0.0,26.0
2004-06-24,23.4,71,71,17.5,18.37,5.1,23.8
2004-06-25,21.0,70,73,15.5,17.34,0.1,21.3
2004-06-26,18.8,69,65,18.8,21.8,0.3,17.2
2004-06-27,19.2,69,68,19.2,16.02,0.3,19.4
2004-06-28,21.9,74,70,19.6,18.22,4.9,21.8
2004-06-29,17.8,65,61,22.0,21.39,0.0,18.0
2004-06-30,18.0,67,72,21.1,15.58,1.8,18.9
2004-07-01,23.7,66,69,15.5,23.14,2.1,23.9
2004-07-02,19.9,77,68,16.2,23.58,7.4,18.1
2004-07-03,20.2,77,52,13.7,23.28,4.0,20.0
2004-07-04,20.3,71,29,18.9,24.17,0.1,20.6
2004-07-05,21.3,72,76,9.1,16.83,1.7,21.6
2004-07-06,20.3,73,47,17.5,22.21,0.7,20.2
2004-07-07,19.7,62,35,12.7,19.18,0.0,21.1
2004-07-08,24.7,57,57,18.8,26.38,0.0,25.2
2004-07-09,27.1,70,77,27.8,16.86,5.1,27.1
2004-07-10,21.5,63,52,19.2,21.86,0.2,21.4
2004-07-11,20.0,64,54,16.8,24.12,0.1,20.6
2004-07-12,19.0,77,86,17.4,18.76,8.0,18.0
2004-07-13,17.8,75,64,18.5,17.87,0.3,16.4
2004-07-14,17.6,70,68,18.9,17.95,0.8,16.5
2004-07-15,18.7,67,84,16.8,13.49,0.2,19.2
2004-07-16,19.1,79,65,14.1,12.05,0.5,18.5
2004-07-17,21.0,76,50,14.0,17.42,0.0,22.6
2004-07-18,27.1,65,12,13.3,25.92,0.0,28.1
2004-07-19,28.0,76,57,11.8,19.12,3.3,30.2
2004-07-20,26.1,72,45,12.2,22.51,0.0,26.3
2004-07-21,27.8,77,44,17.1,18.53,9.9,29.1
2004-07-22,26.3,79,82,9.2,19.53,0.3,27.7
2004-07-23,24.6,75,60,11.6,17.38,0.7,25.6
2004-07-24,24.5,71,59,12.3,21.13,0.0,24.7
2004-07-25,22.7,79,58,12.8,15.74,1.5,23.6
2004-07-26,23.7,66,54,8.4,18.21,0.7,25.3
2004-07-27,17.2,89,98,14.8,6.51,18.1,16.6
2004-07-28,17.9,80,92,18.8,7.79,1.4,17.7
2004-07-29,22.8,69,28,21.7,23.15,0.0,23.7
2004-07-30,24.7,65,1,15.3,25.48,0.0,25.8
2004-07-31,23.1,68,31,14.6,19.22,0.0,24.7
2004-08-01,24.2,68,49,10.1,20.29,0.0,24.7
2004-08-02,20.2,82,99,20.1,8.01,12.2,19.1
2004-08-03,20.9,81,87,16.3,6.76,0.9,19.2
2004-08-04,25.4,82,52,11.9,18.21,0.3,26.0
2004-08-05,24.4,67,13,18.8,21.54,0.0,25.0
2004-08-06,25.2,68,31,18.7,20.99,1.0,26.1
2004-08-07,25.4,62,33,14.3,20.15,0.0,26.8
2004-08-08,25.3,61,24,15.5,20.26,0.0,26.7
2004-08-09,26.1,64,30,14.4,20.42,0.0,27.0
2004-08-10,25.8,71,16,12.6,19.12,0.3,27.1
2004-08-11,23.7,70,10,10.2,20.93,0.0,25.4
2004-08-12,26.7,62,64,8.9,22.4,0.0,27.1
2004-08-13,22.7,79,63,21.3,7.43,7.5,21.7
2004-08-14,20.0,71,66,21.0,10.02,5.4,18.7
2004-08-15,21.8,59,4,14.1,22.67,0.0,22.7
2004-08-16,26.1,58,49,16.6,19.33,0.0,25.7
2004-08-17,28.1,55,68,19.5,19.74,0.0,27.4
2004-08-18,29.5,56,56,15.0,20.12,0.5,29.2
2004-08-19,30.8,61,42,13.7,19.05,0.0,31.9
2004-08-20,28.8,71,74,18.6,16.47,17.1,28.8
2004-08-21,22.3,80,85,11.4,11.25,0.7,22.6
2004-08-22,19.6,79,84,19.2,10.35,4.9,19.3
2004-08-23,20.2,62,27,11.7,18.91,0.0,21.0
2004-08-24,23.1,58,65,19.9,19.64,0.0,23.0
2004-08-25,22.3,70,53,19.8,14.99,8.3,22.8
2004-08-26,22.2,69,68,9.5,15.4,0.2,22.2
2004-08-27,20.8,72,69,13.8,14.81,0.3,21.1
2004-08-28,18.3,78,89,9.4,4.28,0.0,19.2
2004-08-29,25.1,75,52,15.7,14.27,0.0,27.3
2004-08-30,26.7,67,37,15.8,17.59,1.9,27.5
2004-08-31,19.7,82,96,14.0,5.72,2.0,20.4
2004-09-01,20.2,76,30,12.3,16.34,0.1,20.7
2004-09-02,20.6,71,19,11.8,16.05,0.0,21.4
2004-09-03,21.0,67,17,12.0,14.76,0.0,21.3
2004-09-04,18.0,87,65,15.6,4.23,0.1,17.5
2004-09-05,21.1,78,66,10.0,11.03,0.1,22.7
2004-09-06,22.7,72,27,7.2,15.54,0.0,24.4
2004-09-07,22.8,75,53,12.2,12.87,0.1,23.8
2004-09-08,18.0,67,31,29.7,14.06,0.0,19.4
2004-09-09,14.7,61,48,20.2,11.91,0.0,15.3
2004-09-10,17.0,69,33,8.7,16.69,0.0,18.5
2004-09-11,23.5,55,25,16.6,17.4,0.0,23.2
2004-09-12,24.7,64,78,19.6,13.35,1.6,24.9
2004-09-13,20.2,65,58,18.0,14.55,0.0,20.2
2004-09-14,25.5,57,14,15.7,15.82,0.0,26.1
2004-09-15,19.9,74,86,13.7,5.26,5.5,19.1
2004-09-16,16.4,57,62,23.3,13.96,0.0,16.9
2004-09-17,15.0,68,10,9.2,11.8,0.0,16.7
2004-09-18,18.1,61,41,15.8,15.72,0.0,18.4
2004-09-19,21.2,65,13,15.5,15.53,0.0,21.7
2004-09-20,19.0,72,64,14.2,8.63,0.0,21.0
2004-09-21,16.5,69,88,27.6,6.7,3.8,16.2
2004-09-22,14.1,66,67,29.8,9.58,0.7,13.1
2004-09-23,13.3,70,59,19.9,8.36,0.0,14.0
2004-09-24,14.2,75,44,16.1,9.62,0.1,14.4
2004-09-25,15.5,79,45,10.5,9.65,0.0,15.8
2004-09-26,15.8,84,46,10.1,10.62,0.4,15.6
2004-09-27,14.7,78,64,15.0,7.56,0.0,15.0
2004-09-28,15.2,70,95,21.2,8.16,0.3,14.9
2004-09-29,17.5,82,91,16.1,5.1,4.7,16.6
2004-09-30,12.7,90,89,16.4,3.78,0.2,13.5
2004-10-01,15.0,83,88,10.9,5.89,0.7,13.9
2004-10-02,13.9,94,73,7.2,4.39,1.5,16.2
2004-10-03,15.1,91,79,7.6,5.26,0.0,16.9
2004-10-04,14.8,89,90,13.2,7.17,0.0,17.1
2004-10-05,21.1,74,55,18.1,10.42,0.0,22.1
2004-10-06,23.0,68,3,17.2,11.56,0.0,24.0
2004-10-07,15.8,82,74,12.5,2.28,0.0,15.2
2004-10-08,14.7,85,80,10.6,7.61,4.4,15.0
2004-10-09,11.9,83,76,16.8,5.09,0.2,9.1
2004-10-10,10.3,84,48,8.5,7.87,0.9,10.0
2004-10-11,6.2,76,79,23.7,5.66,0.7,5.6
2004-10-12,6.4,63,21,15.5,10.73,0.0,7.2
2004-10-13,8.0,62,0,20.0,11.0,0.0,9.1
2004-10-14,9.2,63,35,20.5,9.81,0.0,8.8
2004-10-15,12.4,69,73,24.2,8.81,0.8,12.8
2004-10-16,15.9,80,95,24.5,6.85,4.1,16.0
2004-10-17,12.2,76,87,27.9,6.83,14.0,12.0
2004-10-18,11.5,72,74,26.2,6.83,1.0,10.8
2004-10-19,11.5,76,80,27.9,5.13,1.1,10.8
2004-10-20,9.6,86,98,17.1,3.52,0.1,11.7
2004-10-21,10.7,87,100,17.2,2.47,3.7,9.3
2004-10-22,14.0,87,53,13.1,8.27,0.0,14.9
2004-10-23,16.5,82,70,21.3,7.32,0.0,17.5
2004-10-24,18.9,71,96,22.2,7.26,0.3,20.1
2004-10-25,18.3,79,35,15.1,7.4,0.0,18.9
2004-10-26,16.5,90,38,11.0,6.93,0.0,17.1
2004-10-27,11.8,95,86,14.2,1.63,0.8,12.3
2004-10-28,12.9,87,96,23.1,3.92,1.0,12.8
2004-10-29,18.2,83,81,15.7,6.74,0.0,20.0
2004-10-30,16.9,87,94,18.0,2.25,3.0,18.5
2004-10-31,12.7,88,99,19.1,3.41,0.0,13.0
2004-11-01,11.5,88,99,7.8,1.7,0.1,12.1
2004-11-02,9.0,90,96,10.6,1.54,0.9,10.9
2004-11-03,10.4,83,37,20.9,6.34,0.0,10.6
2004-11-04,15.7,86,71,15.1,5.01,0.2,15.3
2004-11-05,12.3,90,87,18.9,1.19,8.5,12.3
2004-11-06,7.9,81,54,24.3,4.04,0.6,7.2
2004-11-07,6.2,88,81,8.0,2.93,0.8,5.6
2004-11-08,5.2,93,99,20.5,1.17,0.1,5.6
2004-11-09,7.9,85,95,29.2,1.45,2.7,8.1
2004-11-10,7.5,81,87,20.0,4.64,0.0,8.4
2004-11-11,10.4,87,100,14.7,1.78,0.0,10.0
2004-11-12,9.0,91,86,15.3,2.03,0.0,8.1
2004-11-13,9.3,88,91,16.6,1.5,0.8,7.7
2004-11-14,6.0,87,46,14.8,4.92,0.0,5.1
2004-11-15,4.0,88,59,19.2,3.75,0.0,3.6
2004-11-16,7.3,82,59,23.0,4.3,0.1,7.7
2004-11-17,5.2,85,88,19.8,2.91,1.2,4.7
2004-11-18,9.4,71,93,45.9,2.44,7.0,9.6
2004-11-19,4.6,82,100,27.1,0.73,9.9,4.4
2004-11-20,-0.6,84,65,28.0,4.31,1.6,-0.7
2004-11-21,-0.4,86,56,26.6,3.78,1.2,-0.5
2004-11-22,1.1,88,76,24.4,3.09,5.7,0.9
2004-11-23,4.9,85,86,36.4,3.24,5.7,5.3
2004-11-24,0.3,72,92,35.2,2.33,0.3,0.8
2004-11-25,1.5,79,99,21.2,1.55,1.3,0.2
2004-11-26,2.6,77,94,16.2,3.43,1.0,3.1
2004-11-27,4.5,92,99,20.8,1.24,2.9,3.6
2004-11-28,4.4,93,99,20.7,1.2,1.0,4.2
2004-11-29,3.1,95,100,11.3,1.29,3.7,2.2
2004-11-30,2.9,95,91,9.2,1.45,0.0,3.2
2004-12-01,5.1,91,56,15.5,3.87,0.0,4.1
2004-12-02,5.9,92,83,14.8,1.38,2.8,6.2
2004-12-03,4.2,86,97,18.8,1.53,0.0,3.6
2004-12-04,4.2,87,84,18.5,2.0,0.5,4.0
2004-12-05,4.4,81,68,21.0,3.3,0.0,5.3
2004-12-06,6.1,83,70,27.4,2.0,1.1,6.6
2004-12-07,6.4,88,93,20.9,0.77,0.0,6.2
2004-12-08,5.8,84,83,25.9,1.37,0.0,5.3
2004-12-09,5.1,87,84,20.0,1.54,0.1,4.9
2004-12-10,4.7,89,100,12.1,0.92,0.0,3.5
2004-12-11,4.4,86,60,15.2,3.11,0.0,3.2
2004-12-12,3.9,92,99,16.4,1.06,0.0,3.2
2004-12-13,3.8,92,94,13.0,1.32,0.0,2.8
2004-12-14,3.1,88,91,11.9,1.43,0.0,2.7
2004-12-15,0.8,84,24,14.3,3.21,0.0,0.0
2004-12-16,1.4,78,32,15.3,1.17,0.0,3.0
2004-12-17,2.3,75,64,19.2,2.3,0.0,2.1
2004-12-18,1.6,89,87,22.3,1.73,0.0,1.8
2004-12-19,0.9,87,87,20.5,1.3,0.3,1.2
2004-12-20,0.1,84,70,25.0,1.43,0.8,0.1
2004-12-21,0.0,92,71,8.9,1.32,0.0,-0.7
2004-12-22,0.5,90,97,20.2,1.85,0.0,-0.9
2004-12-23,2.9,88,100,23.7,0.85,8.3,4.0
2004-12-24,6.2,90,80,29.3,0.72,3.6,7.5
2004-12-25,7.3,84,83,24.8,2.68,0.0,6.3
2004-12-26,5.1,89,100,13.4,1.74,0.9,5.2
2004-12-27,5.3,90,98,12.8,1.04,3.5,6.0
2004-12-28,3.8,93,98,17.2,1.17,0.5,2.8
2004-12-29,2.2,96,83,6.1,1.27,0.0,2.8
2004-12-30,0.9,92,98,18.4,1.47,0.0,1.2
2004-12-31,3.9,87,100,19.1,0.27,2.7,3.6
2005-01-01,5.8,97,99,16.2,0.46,0.3,5.7
2005-01-02,6.0,87,67,26.4,0.99,1.0,6.9
2005-01-03,2.7,76,62,27.9,2.26,0.6,3.6
2005-01-04,6.0,95,100,28.1,0.44,14.2,6.4
2005-01-05,6.1,84,73,30.8,2.68,0.7,6.6
2005-01-06,4.6,89,92,23.8,1.77,1.3,5.0
2005-01-07,7.9,79,91,24.9,1.16,0.5,8.9
2005-01-08,11.1,67,57,30.8,3.64,0.0,11.5
2005-01-09,10.3,64,26,35.0,3.83,0.2,10.3
2005-01-10,9.1,77,73,27.0,1.45,0.0,9.9
2005-01-11,9.1,83,67,19.8,2.32,0.0,9.1
2005-01-12,7.9,83,79,15.8,3.22,0.0,9.0
2005-01-13,7.7,83,75,18.6,3.2,0.1,7.5
2005-01-14,2.7,87,84,23.0,1.25,1.1,3.2
2005-01-15,2.2,88,52,17.9,2.48,0.0,1.5
2005-01-16,0.7,86,52,11.9,2.85,0.0,-0.3
2005-01-17,2.5,71,17,14.2,4.52,0.0,2.3
2005-01-18,2.8,60,46,18.3,4.04,0.0,3.0
2005-01-19,0.2,72,95,15.8,2.01,0.6,0.0
2005-01-20,1.9,87,85,31.9,1.52,6.0,2.3
2005-01-21,2.3,90,84,27.4,2.01,5.5,2.6
2005-01-22,1.2,81,43,20.9,3.93,0.0,1.1
2005-01-23,0.8,77,65,20.6,4.15,0.3,0.6
2005-01-24,-1.1,84,92,11.3,2.92,1.2,-1.6
2005-01-25,-2.1,83,100,20.8,3.8,0.4,-2.5
2005-01-26,-4.0,77,99,21.5,2.76,0.0,-2.7
2005-01-27,-5.6,78,100,20.4,2.13,0.0,-5.5
2005-01-28,-3.2,81,90,13.2,2.94,0.0,-4.2
2005-01-29,-3.6,85,93,12.6,3.43,0.0,-4.6
2005-01-30,-3.3,81,95,14.2,2.99,0.0,-3.8
2005-01-31,2.1,90,76,22.1,1.08,3.3,2.1
2005-02-01,1.2,89,64,17.6,3.07,0.3,0.9
2005-02-02,0.8,89,83,14.7,4.06,3.0,0.1
2005-02-03,0.5,90,64,10.0,3.54,0.4,0.8
2005-02-04,-2.8,84,94,8.5,4.68,0.0,-2.0
2005-02-05,-4.5,76,68,11.2,5.12,0.0,-5.7
2005-02-06,-4.5,67,0,14.2,7.28,0.0,-5.0
2005-02-07,-3.9,61,0,14.6,7.64,0.0,-3.4
2005-02-08,-3.3,63,11,13.5,7.79,0.0,-3.4
2005-02-09,-2.9,63,4,13.1,8.03,0.0,-2.8
2005-02-10,1.5,66,18,18.4,7.63,0.0,2.0
2005-02-11,3.3,91,71,19.4,4.55,2.9,3.3
2005-02-12,2.5,92,75,29.0,5.06,7.0,0.6
2005-02-13,4.2,87,65,26.1,6.24,5.9,5.7
2005-02-14,2.1,84,63,17.4,5.71,0.0,2.3
2005-02-15,1.8,84,95,24.8,6.23,0.1,1.3
2005-02-16,1.6,91,100,23.2,2.65,5.7,0.8
2005-02-17,0.5,95,100,14.0,1.93,5.5,0.2
2005-02-18,-0.1,92,98,16.9,3.11,1.3,0.0
2005-02-19,-1.1,87,82,10.9,6.09,0.0,-2.2
2005-02-20,-1.5,85,68,8.5,8.64,0.0,-0.4
2005-02-21,-1.1,83,100,13.2,7.17,0.0,-1.0
2005-02-22,0.9,89,98,22.0,4.95,0.0,1.3
2005-02-23,3.4,91,100,25.5,4.15,3.1,2.4
2005-02-24,1.8,93,100,21.1,2.66,1.2,1.4
2005-02-25,1.1,89,100,13.3,4.43,0.7,-0.1
2005-02-26,-0.2,88,100,17.7,4.71,3.2,-1.7
2005-02-27,-6.3,73,48,17.7,10.81,0.0,-6.7
2005-02-28,-4.3,73,46,15.3,10.5,0.7,-6.4
2005-03-01,-2.6,83,96,20.1,5.76,3.8,-2.6
2005-03-02,-3.0,75,92,16.3,6.72,0.1,-1.0
2005-03-03,-1.4,73,68,12.5,11.35,0.0,0.0
2005-03-04,-0.4,76,86,12.4,11.13,0.0,-0.1
2005-03-05,-0.3,86,95,12.4,8.21,0.0,-1.3
2005-03-06,-3.7,85,100,21.2,6.33,2.7,-3.2
2005-03-07,-1.4,86,99,28.8,5.62,8.9,-0.8
2005-03-08,1.5,86,63,27.4,9.13,2.0,1.6
2005-03-09,-2.0,82,57,19.2,10.93,0.6,-2.0
2005-03-10,-2.3,79,47,23.1,12.54,1.4,-3.2
2005-03-11,0.5,85,100,26.3,7.21,4.8,0.0
2005-03-12,1.4,86,74,25.3,11.35,1.4,1.6
2005-03-13,-0.3,81,62,24.1,11.87,2.6,0.6
2005-03-14,2.7,85,61,21.9,11.3,0.3,4.2
2005-03-15,4.0,85,54,17.2,13.87,0.0,5.8
2005-03-16,5.9,86,90,21.9,7.07,2.7,7.7
2005-03-17,12.1,84,85,26.8,9.49,3.9,12.2
2005-03-18,8.6,93,99,27.4,2.21,8.6,8.1
2005-03-19,-0.2,56,52,27.8,13.88,0.1,-0.2
2005-03-20,1.2,60,39,21.5,10.25,0.1,-0.3
2005-03-21,1.1,61,60,14.5,9.3,0.0,1.0
2005-03-22,5.1,62,20,11.3,15.85,0.0,5.0
2005-03-23,11.2,63,26,9.5,15.9,0.0,12.7
2005-03-24,11.2,83,89,9.6,10.31,0.0,11.6
2005-03-25,11.5,86,95,6.1,6.93,0.0,12.0
2005-03-26,12.9,83,51,13.4,12.53,0.0,12.0
2005-03-27,9.1,80,86,14.0,10.65,0.0,8.5
2005-03-28,7.6,67,54,14.6,10.89,0.0,7.7
2005-03-29,8.3,62,42,14.4,13.41,0.0,8.7
2005-03-30,6.1,60,46,13.5,14.58,0.0,6.9
2005-03-31,6.6,59,26,11.3,16.44,0.0,7.9
2005-04-01,8.8,62,0,9.4,18.62,0.0,10.4
2005-04-02,11.0,60,26,8.9,18.8,0.0,13.5
2005-04-03,13.5,63,82,9.0,18.06,0.0,15.9
2005-04-04,15.8,60,4,10.5,19.23,0.0,18.0
2005-04-05,17.9,55,2,20.8,19.17,0.0,20.1
2005-04-06,13.0,68,62,16.4,15.41,0.6,12.9
2005-04-07,18.8,59,97,21.4,12.23,0.1,20.2
2005-04-08,16.6,54,96,15.0,11.75,0.0,18.5
2005-04-09,12.6,80,99,17.4,7.96,4.7,11.9
2005-04-10,9.3,76,95,15.0,9.18,6.3,9.2
2005-04-11,11.6,72,47,16.6,14.94,0.0,12.3
2005-04-12,16.3,71,75,10.5,15.25,0.0,14.3
2005-04-13,16.3,71,29,9.1,18.84,0.0,17.2
2005-04-14,18.9,72,7,10.7,19.27,0.0,19.7
2005-04-15,18.7,79,62,11.7,17.51,1.7,18.4
2005-04-16,18.8,82,50,8.0,18.17,1.2,18.6
2005-04-17,19.4,74,20,16.1,18.87,0.0,20.6
2005-04-18,17.8,77,68,18.9,16.0,0.0,16.4
2005-04-19,14.0,78,82,18.6,13.89,1.2,16.1
2005-04-20,7.9,50,31,19.3,20.42,0.0,7.5
2005-04-21,7.0,52,47,15.3,17.45,0.1,7.5
2005-04-22,9.4,60,45,15.0,19.38,0.6,8.7
2005-04-23,8.5,64,55,12.7,16.52,0.0,8.8
2005-04-24,10.9,57,7,9.2,20.76,0.0,10.7
2005-04-25,14.0,56,29,22.1,23.81,0.0,15.2
2005-04-26,14.2,68,92,20.7,13.0,1.2,14.3
2005-04-27,15.3,67,39,10.0,20.03,1.3,16.1
2005-04-28,10.1,90,91,15.6,4.49,9.0,10.7
2005-04-29,14.2,69,54,11.3,16.68,0.0,15.1
2005-04-30,16.7,59,60,8.3,22.12,0.0,17.4
2005-05-01,20.3,66,82,10.1,17.25,0.0,19.3
2005-05-02,18.7,64,42,13.4,23.43,0.0,19.4
2005-05-03,24.2,65,87,18.8,19.99,1.0,24.1
2005-05-04,17.8,91,100,12.5,8.24,9.8,17.8
2005-05-05,12.8,86,100,25.0,6.38,9.2,12.7
2005-05-06,12.9,75,98,19.3,13.0,1.0,11.7
2005-05-07,12.5,75,49,15.9,20.56,1.3,12.0
2005-05-08,10.9,81,72,15.6,11.46,7.7,8.2
2005-05-09,12.8,77,91,21.2,17.93,6.2,11.3
2005-05-10,12.1,81,50,16.1,20.43,3.1,12.3
2005-05-11,12.6,79,55,11.6,20.99,0.8,13.3
2005-05-12,12.1,83,67,16.8,19.8,2.2,11.2
2005-05-13,13.4,69,57,23.4,15.76,0.4,14.7
2005-05-14,16.5,56,78,17.6,24.45,0.0,17.5
2005-05-15,20.1,66,91,18.4,17.62,2.7,21.1
2005-05-16,15.2,72,54,25.3,20.41,0.8,14.6
2005-05-17,17.7,81,94,17.6,10.5,10.3,16.8
2005-05-18,13.1,82,100,15.1,10.26,6.1,12.0
2005-05-19,14.2,64,84,17.5,25.07,0.0,14.0
2005-05-20,16.8,59,4,13.8,27.49,0.0,17.3
2005-05-21,20.0,67,0,11.0,25.57,0.0,22.0
2005-05-22,22.8,69,16,15.4,26.56,0.0,23.0
2005-05-23,24.7,70,22,14.4,26.02,0.0,24.0
2005-05-24,20.9,77,59,22.0,17.91,0.1,18.0
2005-05-25,20.7,60,57,7.9,22.0,0.0,22.0
2005-05-26,23.8,59,25,7.9,27.26,0.0,24.0
2005-05-27,26.6,61,24,9.5,26.79,0.0,28.0
2005-05-28,29.6,58,13,8.2,26.87,0.0,30.7
2005-05-29,30.5,59,6,13.1,24.86,0.0,31.9
2005-05-30,31.1,51,18,13.7,25.2,0.0,32.5
2005-05-31,20.4,69,66,26.1,16.86,2.5,21.0
2005-06-01,15.2,61,43,23.0,19.75,0.4,13.4
2005-06-02,15.7,68,76,12.1,18.69,0.4,16.0
2005-06-03,21.0,66,77,9.4,16.6,0.0,20.0
2005-06-04,26.1,69,75,23.5,20.14,3.8,26.0
2005-06-05,19.5,76,60,17.1,23.18,5.3,20.0
2005-06-06,18.3,77,62,17.1,19.77,3.2,17.0
2005-06-07,15.5,63,51,13.6,20.47,0.3,14.0
2005-06-08,14.8,70,51,20.3,20.98,3.1,13.0
2005-06-09,15.1,69,97,18.2,10.8,0.1,16.0
2005-06-10,17.5,66,93,17.6,14.93,2.9,17.0
2005-06-11,16.3,73,77,16.8,17.98,0.9,16.0
2005-06-12,16.2,62,47,12.5,19.56,0.3,16.0
2005-06-13,21.3,65,37,14.4,19.65,0.0,23.0
2005-06-14,25.1,69,49,12.7,23.13,0.9,26.0
2005-06-15,26.9,75,76,11.9,21.47,3.1,28.5
2005-06-16,25.7,81,87,14.1,20.26,8.9,26.0
2005-06-17,23.6,74,90,22.1,21.29,0.2,24.0
2005-06-18,19.0,75,75,31.7,14.46,1.5,17.6
2005-06-19,21.7,67,22,21.3,23.22,0.4,21.0
2005-06-20,21.1,66,60,15.3,16.79,0.3,20.6
2005-06-21,23.3,57,37,12.6,25.83,0.0,23.0
2005-06-22,20.7,71,82,17.1,11.69,3.2,22.0
2005-06-23,21.7,63,83,15.3,14.73,0.1,22.0
2005-06-24,26.4,62,10,10.2,26.21,0.0,26.5
2005-06-25,28.7,57,28,14.0,26.4,0.0,29.4
2005-06-26,22.3,60,79,19.5,23.3,1.2,23.0
2005-06-27,22.8,53,30,14.8,20.09,0.0,24.0
2005-06-28,22.7,56,58,23.3,22.64,0.0,23.0
2005-06-29,20.5,58,38,23.2,18.78,0.0,20.0
2005-06-30,19.7,58,56,12.2,16.27,0.0,21.0
2005-07-01,22.6,56,75,7.0,18.61,0.1,24.0
2005-07-02,23.6,49,82,12.9,18.96,0.0,25.0
2005-07-03,24.4,55,50,13.2,22.46,0.1,25.2
2005-07-04,25.2,56,23,14.4,22.45,0.2,27.0
2005-07-05,26.5,53,11,15.6,24.51,0.0,27.0
2005-07-06,26.9,42,50,18.0,23.54,0.0,27.0
2005-07-07,24.9,68,95,9.9,19.93,1.4,25.0
2005-07-08,26.6,63,51,9.3,22.82,0.0,28.2
2005-07-09,28.0,57,80,13.1,20.94,1.4,28.0
2005-07-10,26.9,49,74,18.9,22.64,0.0,28.0
2005-07-11,28.4,37,50,19.6,24.06,0.0,28.0
2005-07-12,29.6,41,7,16.6,25.71,0.0,29.0
2005-07-13,28.9,47,29,12.6,23.22,0.0,30.0
2005-07-14,28.2,43,14,15.5,26.41,0.0,29.0
2005-07-15,28.8,47,42,12.2,23.84,0.0,29.3
2005-07-16,25.5,61,68,13.6,16.84,7.2,27.0
2005-07-17,23.4,58,53,18.4,20.76,0.0,24.0
2005-07-18,24.2,55,48,14.1,14.81,0.0,25.0
2005-07-19,25.3,67,88,14.1,13.47,1.6,25.0
2005-07-20,23.2,58,53,24.1,19.51,0.0,22.0
2005-07-21,20.3,60,67,21.6,17.41,3.2,18.0
2005-07-22,19.3,80,78,29.4,13.33,8.7,19.1
2005-07-23,21.7,74,69,18.1,18.23,1.2,21.0
2005-07-24,20.4,71,60,13.1,16.59,0.0,20.0
2005-07-25,24.6,70,62,15.1,17.77,1.9,24.0
2005-07-26,24.6,77,52,17.8,17.91,2.8,25.6
2005-07-27,25.0,69,43,13.1,20.45,0.0,26.0
2005-07-28,31.8,66,31,14.8,22.23,1.7,33.0
2005-07-29,32.2,71,42,10.1,22.87,1.4,31.9
2005-07-30,32.2,65,41,19.5,21.41,0.4,32.5
2005-07-31,24.2,80,85,11.4,12.54,11.4,25.4
2005-08-01,26.1,67,37,15.8,23.29,0.7,26.3
2005-08-02,24.2,63,41,8.9,22.79,0.0,24.1
2005-08-03,27.5,58,57,13.1,20.54,0.0,27.2
2005-08-04,22.2,83,100,20.7,5.29,11.6,21.3
2005-08-05,18.1,72,93,15.3,8.13,0.0,18.2
2005-08-06,19.7,79,59,12.6,15.23,1.7,19.0
2005-08-07,19.4,72,54,12.4,19.55,0.1,20.1
2005-08-08,19.1,72,99,19.0,12.95,0.7,18.0
2005-08-09,18.4,63,100,31.0,10.38,0.1,18.4
2005-08-10,20.4,56,69,34.0,13.12,0.0,20.9
2005-08-11,16.3,73,68,22.5,5.63,0.0,15.7
2005-08-12,19.5,69,82,16.4,10.11,0.0,18.8
2005-08-13,21.2,77,49,18.4,16.02,7.0,22.2
2005-08-14,19.2,68,78,14.4,13.87,0.1,18.4
2005-08-15,21.6,66,96,10.3,15.65,0.0,21.5
2005-08-16,23.3,64,96,11.4,14.49,0.0,21.6
2005-08-17,24.4,65,95,12.2,18.01,0.0,25.0
2005-08-18,24.5,63,3,12.6,21.89,0.0,24.6
2005-08-19,25.2,58,7,17.7,21.35,0.0,25.2
2005-08-20,25.2,53,0,16.2,21.94,0.0,25.2
2005-08-21,26.2,52,23,13.4,21.65,0.0,26.0
2005-08-22,25.9,50,69,17.1,21.22,0.0,25.6
2005-08-23,25.3,59,98,12.6,13.21,0.0,25.4
2005-08-24,25.8,63,33,12.5,16.57,0.0,25.9
2005-08-25,26.3,60,35,9.7,17.11,0.1,27.1
2005-08-26,22.3,65,79,19.6,12.2,1.9,21.5
2005-08-27,21.9,54,49,13.8,16.31,0.0,21.7
2005-08-28,24.6,50,72,8.9,17.3,0.0,24.4
2005-08-29,25.8,54,34,8.0,19.45,0.0,25.6
2005-08-30,27.5,57,2,14.2,18.72,0.0,28.0
2005-08-31,23.6,56,0,11.6,19.87,0.0,23.7
2005-09-01,22.8,52,0,13.3,19.48,0.0,23.3
2005-09-02,22.0,53,12,10.5,17.62,0.0,23.1
2005-09-03,23.4,57,52,8.4,14.27,0.0,22.8
2005-09-04,24.6,54,51,7.8,17.44,0.0,25.3
2005-09-05,25.5,59,73,8.6,17.79,0.0,25.3
2005-09-06,26.2,55,23,8.6,17.66,0.0,26.9
2005-09-07,26.6,55,10,14.5,17.82,0.0,26.6
2005-09-08,28.4,51,30,17.6,17.63,0.0,28.5
2005-09-09,28.1,56,6,13.2,15.85,0.0,28.9
2005-09-10,27.6,62,37,9.6,13.14,0.0,27.3
2005-09-11,26.5,69,67,11.7,12.28,1.4,27.0
2005-09-12,26.1,73,52,11.5,13.83,0.0,25.3
2005-09-13,21.6,66,92,15.2,12.29,0.2,20.4
2005-09-14,20.7,56,89,16.7,10.94,0.0,21.8
2005-09-15,18.6,60,82,23.8,7.0,0.0,20.3
2005-09-16,17.3,86,100,19.2,2.52,15.6,18.5
2005-09-17,13.8,63,99,15.5,9.65,0.0,12.4
2005-09-18,15.9,63,40,7.0,14.32,0.0,16.0
2005-09-19,16.7,64,13,9.4,15.66,0.0,17.3
2005-09-20,17.8,65,4,10.1,14.5,0.0,18.6
2005-09-21,19.5,69,12,11.2,13.5,0.0,19.8
2005-09-22,18.6,67,65,14.7,8.63,0.0,18.9
2005-09-23,20.5,64,10,17.3,14.41,0.0,20.6
2005-09-24,21.0,66,0,16.6,14.17,0.0,21.6
2005-09-25,21.5,65,24,15.8,12.03,0.4,22.2
2005-09-26,22.7,66,8,12.0,13.0,0.0,22.9
2005-09-27,23.1,73,24,12.1,12.23,0.2,23.5
2005-09-28,22.0,73,50,15.8,12.3,0.0,22.2
2005-09-29,17.2,79,99,10.5,5.92,15.7,16.0
2005-09-30,13.8,83,88,12.3,5.08,0.3,12.1
2005-10-01,14.4,83,97,7.7,5.5,0.0,13.2
2005-10-02,19.3,79,86,7.9,8.62,0.0,18.3
2005-10-03,19.2,82,88,9.7,8.95,0.0,17.5
2005-10-04,18.9,77,51,12.3,9.97,0.0,18.1
2005-10-05,17.6,80,16,13.3,11.23,0.0,18.3
2005-10-06,17.7,79,13,10.5,11.56,0.0,18.3
2005-10-07,18.4,71,14,14.0,11.74,0.0,19.4
2005-10-08,19.4,60,19,13.7,11.57,0.0,21.3
2005-10-09,18.2,69,0,12.8,11.22,0.0,18.0
2005-10-10,19.3,76,1,8.9,11.04,0.0,20.2
2005-10-11,16.4,67,1,18.8,10.77,0.0,16.2
2005-10-12,16.7,65,36,11.9,10.12,0.0,17.7
2005-10-13,10.3,89,94,10.5,1.78,2.6,10.6
2005-10-14,11.8,90,87,6.6,3.9,0.0,11.8
2005-10-15,12.5,78,74,19.2,4.72,0.2,12.2
2005-10-16,10.4,68,67,23.4,6.25,0.6,11.4
2005-10-17,9.6,67,87,25.2,3.63,0.0,9.7
2005-10-18,8.6,71,70,19.0,4.19,0.0,7.9
2005-10-19,10.5,83,30,9.2,7.51,0.0,10.6
2005-10-20,12.0,83,45,13.4,8.59,0.0,12.8
2005-10-21,14.0,76,99,12.3,7.16,0.0,15.7
2005-10-22,18.5,73,59,20.6,7.58,0.0,18.2
2005-10-23,18.9,76,57,21.8,5.99,0.9,18.2
2005-10-24,11.5,73,63,20.2,7.55,0.0,11.8
2005-10-25,15.4,81,99,25.5,3.2,2.6,15.6
2005-10-26,15.7,63,61,32.4,6.02,0.0,15.6
2005-10-27,12.9,68,89,25.0,4.05,0.0,13.2
2005-10-28,6.7,69,19,17.8,7.86,0.0,7.0
2005-10-29,5.2,68,0,21.7,8.09,0.0,7.0
2005-10-30,7.0,74,0,16.6,7.8,0.0,8.0
2005-10-31,7.7,70,0,16.1,7.66,0.0,10.0
2005-11-01,10.5,57,0,16.3,7.31,0.0,14.0
2005-11-02,9.3,76,22,11.7,6.96,0.0,12.2
2005-11-03,9.2,81,84,14.1,6.13,0.0,10.6
2005-11-04,11.9,76,83,15.1,6.31,0.0,12.0
2005-11-05,11.5,62,99,17.0,4.77,0.2,10.7
2005-11-06,11.4,87,71,14.6,6.34,0.7,11.0
2005-11-07,8.0,95,99,11.2,1.53,2.1,7.3
2005-11-08,11.0,89,92,9.4,3.55,0.0,11.0
2005-11-09,10.2,90,91,12.3,2.28,0.0,8.1
2005-11-10,6.7,94,86,9.3,1.87,0.0,6.4
2005-11-11,8.7,93,100,14.8,0.79,0.6,10.1
2005-11-12,9.8,94,91,10.4,0.81,4.6,10.7
2005-11-13,8.1,90,85,10.5,2.76,0.0,8.0
2005-11-14,7.4,85,75,17.1,3.43,0.0,7.7
2005-11-15,9.0,74,85,26.6,4.59,0.2,10.0
2005-11-16,6.2,89,99,17.9,2.71,6.3,5.7
2005-11-17,3.9,90,91,21.1,3.28,3.0,3.6
2005-11-18,3.2,83,60,20.3,3.35,0.0,1.7
2005-11-19,2.4,83,36,9.3,4.17,0.0,1.2
2005-11-20,1.9,83,92,11.3,2.39,0.0,1.2
2005-11-21,1.4,83,96,18.8,2.6,0.7,0.9
2005-11-22,0.7,85,99,14.0,1.37,2.4,0.7
2005-11-23,1.4,93,99,6.8,0.92,1.0,0.8
2005-11-24,-0.0,77,87,12.8,4.08,0.0,0.4
2005-11-25,0.9,85,93,13.1,1.45,0.0,-0.5
2005-11-26,1.9,84,91,13.1,2.17,0.0,0.6
2005-11-27,6.7,92,99,16.1,2.19,5.1,5.7
2005-11-28,3.8,91,72,17.7,3.54,5.2,2.6
2005-11-29,1.3,88,66,14.1,2.98,0.0,1.8
2005-11-30,1.5,88,80,13.7,3.07,0.0,1.7
2005-12-01,2.1,93,89,13.6,2.13,0.0,1.5
2005-12-02,0.0,82,97,18.4,1.82,0.0,0.1
2005-12-03,1.4,83,99,18.7,1.59,0.0,0.0
2005-12-04,3.2,94,92,17.0,1.12,1.2,1.2
2005-12-05,5.1,94,90,17.4,1.45,2.0,4.4
2005-12-06,4.0,94,96,19.5,1.47,5.7,3.4
2005-12-07,4.0,99,100,17.6,0.26,12.7,3.9
2005-12-08,1.1,95,99,16.6,1.16,5.5,0.9
2005-12-09,-0.3,83,95,17.6,1.6,0.1,-0.3
2005-12-10,0.2,87,82,14.4,2.03,0.0,0.3
2005-12-11,1.9,90,100,25.2,0.59,3.0,1.1
2005-12-12,4.1,98,100,19.6,0.46,0.0,5.0
2005-12-13,4.0,95,95,15.9,1.66,0.0,4.0
2005-12-14,4.0,96,100,15.5,0.54,1.9,4.1
2005-12-15,4.0,94,98,29.4,0.62,6.6,4.1
2005-12-16,3.0,94,100,29.2,1.53,13.0,4.0
2005-12-17,0.1,88,100,29.8,1.69,2.3,-0.2
2005-12-18,-1.6,86,73,25.0,2.0,1.5,-1.2
2005-12-19,-2.7,86,80,13.0,2.4,0.1,-2.5
2005-12-20,-0.5,90,94,15.3,1.39,1.8,-2.3
2005-12-21,-4.7,89,87,15.1,1.91,0.0,-3.5
2005-12-22,1.1,95,100,13.6,1.36,3.4,1.0
2005-12-23,1.4,98,100,12.9,1.03,0.0,1.3
2005-12-24,5.0,97,100,23.4,0.46,6.1,5.4
2005-12-25,4.2,90,68,21.3,2.4,2.0,4.6
2005-12-26,0.8,84,69,15.8,2.01,0.0,1.2
2005-12-27,-0.6,74,95,23.2,1.93,0.0,0.0
2005-12-28,-1.1,79,100,23.3,1.31,7.2,-1.5
2005-12-29,2.6,88,65,17.3,2.39,1.3,1.2
2005-12-30,0.1,89,100,23.9,0.97,10.4,-0.4
2005-12-31,-0.1,88,97,22.0,1.32,7.3,
2006-01-01,1.2,90,95,18.3,1.35,3.5,1.4
2006-01-02,0.7,95,100,10.8,1.23,6.3,1.2
2006-01-03,1.6,97,100,8.4,1.21,2.7,1.4
2006-01-04,1.3,94,100,14.8,1.7,3.4,1.0
2006-01-05,-0.6,85,92,19.1,2.44,0.0,-0.2
2006-01-06,-2.1,84,84,16.3,2.64,0.0,-1.9
2006-01-07,-3.2,83,35,10.9,3.3,0.0,-3.8
2006-01-08,-6.2,88,24,11.1,3.36,0.0,-2.2
2006-01-09,-3.9,89,38,8.4,3.36,0.0,-3.8
2006-01-10,-6.1,92,65,10.0,2.91,0.0,-6.0
2006-01-11,-3.6,93,88,14.1,3.13,0.0,-3.2
2006-01-12,0.1,92,67,11.5,1.77,0.0,-1.2
2006-01-13,-0.9,96,97,8.4,1.9,0.0,-1.1
2006-01-14,-3.3,96,100,6.0,1.8,0.0,-3.6
2006-01-15,-4.9,93,87,7.6,2.41,0.0,-6.2
2006-01-16,-5.2,86,5,8.6,4.38,0.0,-7.0
2006-01-17,-4.5,86,45,15.0,3.92,0.0,-7.4
2006-01-18,-3.4,87,88,16.2,2.37,1.5,-5.5
2006-01-19,-6.3,81,99,15.7,2.91,0.0,-7.3
2006-01-20,-16.5,72,98,19.8,3.88,0.0,-15.8
2006-01-21,-13.0,77,100,24.6,1.56,9.8,-14.0
2006-01-22,-19.0,72,34,16.5,5.16,0.0,-18.6
2006-01-23,-20.6,74,26,9.4,5.42,0.0,-16.8
2006-01-24,-19.6,75,43,12.6,5.48,0.0,-15.3
2006-01-25,-7.5,72,98,15.7,4.07,0.0,-8.5
2006-01-26,-10.6,78,95,9.9,5.13,0.0,-5.0
2006-01-27,-12.3,79,11,9.9,5.85,0.0,-6.9
2006-01-28,-7.5,84,64,12.4,3.43,0.0,-6.2
2006-01-29,-0.6,92,99,17.5,3.55,0.0,-4.6
2006-01-30,-1.8,93,99,20.9,2.66,0.0,-1.3
2006-01-31,-0.1,93,97,19.5,2.4,0.0,0.1
2006-02-01,-0.4,94,97,20.6,3.21,0.0,-0.6
2006-02-02,-1.0,92,99,15.6,2.64,0.0,-0.7
2006-02-03,0.1,92,88,19.5,2.65,0.2,0.0
2006-02-04,-1.8,86,95,21.7,3.46,3.0,-1.0
2006-02-05,-5.7,86,93,11.7,4.38,0.0,-7.0
2006-02-06,-7.5,86,95,13.5,5.44,0.0,-8.7
2006-02-07,1.0,90,100,25.2,1.68,8.4,1.3
2006-02-08,1.6,97,100,14.8,2.36,1.9,2.0
2006-02-09,2.4,91,95,16.9,4.14,1.3,3.0
2006-02-10,0.2,89,82,11.9,6.51,0.4,0.0
2006-02-11,-1.6,89,82,14.6,5.22,0.6,-3.0
2006-02-12,-1.6,89,77,17.3,5.51,0.9,-2.0
2006-02-13,-2.2,90,83,7.3,6.15,0.2,-2.0
2006-02-14,-0.2,93,100,12.1,3.51,2.5,-0.8
2006-02-15,1.1,93,82,16.6,4.06,0.0,1.0
2006-02-16,-2.4,87,96,21.0,3.46,0.9,-2.0
2006-02-17,0.7,88,99,16.4,4.77,1.6,-1.0
2006-02-18,3.2,92,71,12.1,7.01,1.6,6.0
2006-02-19,2.7,89,81,12.8,3.69,2.2,2.0
2006-02-20,4.1,91,87,12.8,8.2,0.0,5.0
2006-02-21,2.5,94,99,15.5,3.06,4.6,2.0
2006-02-22,0.3,91,100,19.1,3.51,0.7,0.4
2006-02-23,-0.5,87,51,9.2,8.29,0.0,-2.6
2006-02-24,0.3,88,71,13.9,7.33,0.0,-1.0
2006-02-25,-2.5,88,85,12.6,5.68,0.0,-1.0
2006-02-26,-1.8,85,96,10.6,6.5,0.0,-3.0
2006-02-27,-3.1,85,30,14.4,10.72,0.0,-3.0
2006-02-28,-1.9,77,57,16.2,11.17,0.0,-1.0
2006-03-01,-2.7,81,88,14.6,8.11,0.0,-2.0
2006-03-02,-0.1,84,52,17.2,8.56,0.2,0.0
2006-03-03,0.4,81,22,13.4,12.09,0.0,2.0
2006-03-04,-0.0,85,56,17.1,10.26,1.8,0.0
2006-03-05,0.8,86,59,14.8,11.44,0.0,2.0
2006-03-06,-2.3,82,49,17.6,10.04,0.4,-2.0
2006-03-07,-2.5,82,52,9.9,11.38,0.0,-1.8
2006-03-08,-2.0,81,32,9.0,10.12,0.0,-1.6
2006-03-09,0.0,76,65,16.5,10.91,0.0,0.1
2006-03-10,0.6,85,72,10.9,11.39,1.0,1.1
2006-03-11,-0.9,84,100,17.1,8.12,0.1,-0.6
2006-03-12,-3.7,83,95,19.0,8.45,0.0,-1.0
2006-03-13,-3.8,81,99,14.5,7.24,0.0,-3.0
2006-03-14,-0.5,85,98,15.9,6.02,0.0,0.0
2006-03-15,0.0,88,94,14.2,5.35,0.0,3.0
2006-03-16,1.1,89,99,12.7,5.8,0.0,1.0
2006-03-17,2.0,92,100,11.8,5.43,0.2,2.0
2006-03-18,2.5,94,99,10.5,6.24,0.0,2.4
2006-03-19,0.3,89,95,20.1,6.61,0.0,1.0
2006-03-20,1.9,86,82,14.3,10.12,0.0,3.0
2006-03-21,1.3,83,84,21.6,10.07,0.0,1.0
2006-03-22,2.4,81,75,10.0,12.85,0.0,2.0
2006-03-23,1.6,81,0,13.2,17.1,0.0,2.0
2006-03-24,2.6,75,31,15.3,17.12,0.0,4.0
2006-03-25,5.1,79,86,12.8,12.65,0.7,8.0
2006-03-26,4.7,92,98,11.2,7.14,3.9,4.0
2006-03-27,10.6,95,100,12.8,7.65,4.8,11.0
2006-03-28,15.1,86,78,15.3,13.1,0.7,15.6
2006-03-29,10.5,95,99,10.0,6.52,4.0,11.3
2006-03-30,11.0,76,70,17.2,10.04,0.1,10.4
2006-03-31,11.6,87,91,18.1,8.43,3.7,11.7
2006-04-01,11.7,82,86,20.5,9.19,1.8,13.0
2006-04-02,13.8,79,36,13.9,13.68,0.4,15.0
2006-04-03,12.9,76,45,14.6,14.17,1.3,14.0
2006-04-04,9.4,78,76,17.9,10.97,0.1,8.0
2006-04-05,8.6,72,80,15.1,13.04,1.2,8.0
2006-04-06,7.2,70,56,17.7,14.75,0.0,6.0
2006-04-07,8.8,66,45,10.3,17.1,0.0,10.0
2006-04-08,11.9,59,38,14.2,19.11,0.0,13.0
2006-04-09,15.9,68,78,22.7,14.89,2.9,17.0
2006-04-10,8.7,84,100,15.4,5.34,4.1,8.4
2006-04-11,8.4,79,87,19.8,9.14,4.2,9.0
2006-04-12,9.6,67,60,8.3,16.34,0.0,10.0
2006-04-13,10.9,64,90,11.0,13.77,0.0,12.0
2006-04-14,10.6,76,67,22.3,12.72,7.3,11.0
2006-04-15,10.8,74,21,25.0,18.13,0.0,10.0
2006-04-16,13.2,74,85,14.6,10.61,0.3,13.8
2006-04-17,13.7,80,64,20.2,11.36,0.1,14.0
2006-04-18,13.8,75,45,16.3,16.48,1.7,14.0
2006-04-19,14.8,72,14,11.3,20.43,0.0,16.0
2006-04-20,17.0,70,62,11.1,19.53,0.0,19.3
2006-04-21,15.7,71,45,10.0,21.97,0.0,17.0
2006-04-22,16.3,69,75,17.6,16.0,0.6,15.0
2006-04-23,17.7,67,20,15.6,22.28,0.0,19.0
2006-04-24,19.2,70,39,15.4,19.14,0.2,20.0
2006-04-25,19.4,68,34,10.2,19.95,0.1,22.0
2006-04-26,18.2,66,61,12.3,22.26,0.0,19.0
2006-04-27,17.4,66,6,15.9,23.46,0.0,19.0
2006-04-28,19.7,52,36,17.1,20.96,0.0,20.2
2006-04-29,14.5,72,100,21.1,7.86,9.9,15.0
2006-04-30,15.1,77,96,14.5,10.53,15.1,15.0
2006-05-01,18.4,68,78,19.3,20.77,4.3,18.0
2006-05-02,15.5,73,85,11.5,15.1,1.5,16.3
2006-05-03,17.8,74,13,12.9,20.88,0.1,19.0
2006-05-04,20.0,50,0,22.6,24.63,0.0,21.0
2006-05-05,20.6,48,9,13.7,23.95,0.0,21.5
2006-05-06,22.1,50,43,22.5,23.67,0.5,23.2
2006-05-07,21.5,45,40,22.1,24.42,0.0,23.0
2006-05-08,21.9,55,35,12.2,23.55,0.4,23.1
2006-05-09,19.4,41,18,16.4,25.81,0.0,20.0
2006-05-10,17.3,58,69,17.9,17.81,1.7,17.0
2006-05-11,18.7,56,23,13.5,20.6,0.0,20.0
2006-05-12,21.7,57,30,21.1,22.22,0.7,24.0
2006-05-13,23.8,53,52,16.5,23.78,0.3,26.0
2006-05-14,19.4,71,68,19.6,16.57,2.9,20.0
2006-05-15,15.4,52,57,20.4,22.38,0.0,16.0
2006-05-16,20.1,68,80,20.0,16.62,4.4,21.0
2006-05-17,18.5,86,95,6.3,15.13,1.3,18.2
2006-05-18,19.3,75,97,18.0,12.72,1.0,20.0
2006-05-19,20.1,76,82,16.2,18.76,6.6,21.0
2006-05-20,19.3,69,60,19.1,21.0,0.1,19.4
2006-05-21,17.2,70,50,33.0,18.29,6.9,16.5
2006-05-22,21.5,63,39,17.5,19.22,0.0,23.0
2006-05-23,21.8,62,58,24.2,23.81,0.2,21.3
2006-05-24,16.4,59,100,14.1,15.7,0.0,16.0
2006-05-25,17.0,62,70,20.0,20.14,1.5,18.0
2006-05-26,14.3,71,73,26.8,16.19,5.7,13.0
2006-05-27,15.6,65,63,18.0,20.99,0.5,16.7
2006-05-28,15.4,81,76,29.2,11.01,5.8,15.0
2006-05-29,15.0,73,75,32.2,20.24,2.4,14.0
2006-05-30,15.4,73,93,8.0,18.05,0.4,16.0
2006-05-31,15.4,71,99,19.4,17.89,0.0,16.1
2006-06-01,15.4,76,86,13.0,20.55,3.4,16.0
2006-06-02,16.3,70,78,16.6,18.06,0.0,18.0
2006-06-03,18.7,61,88,13.9,16.93,0.1,19.0
2006-06-04,14.5,75,79,21.3,11.9,1.5,16.0
2006-06-05,14.5,75,73,23.6,14.52,3.8,14.0
2006-06-06,15.8,70,51,19.9,19.17,1.2,17.0
2006-06-07,15.1,61,35,15.9,20.63,0.8,16.0
2006-06-08,18.1,62,61,15.9,23.67,0.0,19.0
2006-06-09,17.4,67,51,18.4,17.82,0.0,18.0
2006-06-10,18.5,64,48,18.6,18.21,0.0,20.0
2006-06-11,22.2,58,26,16.2,27.56,0.0,23.0
2006-06-12,23.5,58,57,12.2,23.84,0.0,25.0
2006-06-13,23.8,50,19,11.2,27.28,0.0,25.0
2006-06-14,23.2,52,49,14.0,18.8,0.0,24.9
2006-06-15,26.6,58,36,19.1,23.26,0.6,28.0
2006-06-16,26.1,56,10,10.8,27.61,0.0,26.3
2006-06-17,28.8,50,76,14.3,24.42,1.4,27.5
2006-06-18,21.5,78,80,15.2,16.61,12.9,21.5
2006-06-19,22.6,70,50,8.3,17.23,0.2,25.1
2006-06-20,27.5,60,3,9.6,27.85,0.0,29.0
2006-06-21,30.2,55,58,12.9,25.26,0.0,31.2
2006-06-22,30.6,63,94,14.8,21.66,0.3,30.3
2006-06-23,22.6,80,74,18.4,14.88,2.8,23.0
2006-06-24,23.6,57,47,9.8,21.21,0.0,23.3
2006-06-25,27.2,51,27,14.2,27.35,0.0,28.0
2006-06-26,31.5,55,59,17.0,24.83,7.8,32.1
2006-06-27,29.5,67,43,12.8,26.07,0.0,31.0
2006-06-28,26.2,66,55,17.2,20.48,0.9,25.6
2006-06-29,23.7,66,79,12.6,20.41,0.7,23.4
2006-06-30,24.1,57,98,18.4,19.43,0.0,24.0
2006-07-01,24.5,47,95,21.3,25.73,0.0,26.0
2006-07-02,25.0,47,17,20.5,25.98,0.0,26.0
2006-07-03,25.0,44,0,16.9,28.41,0.0,25.0
2006-07-04,28.2,45,8,12.5,25.34,0.0,28.0
2006-07-05,30.0,44,31,12.3,27.46,0.0,30.1
2006-07-06,31.1,43,17,14.0,26.08,0.0,31.3
2006-07-07,31.4,41,13,11.5,25.37,0.0,33.0
2006-07-08,31.9,44,13,12.5,25.25,0.0,33.1
2006-07-09,31.7,51,21,9.7,23.84,0.4,32.0
2006-07-10,32.8,44,25,11.8,24.32,0.0,34.7
2006-07-11,32.2,47,42,7.1,20.07,0.0,33.0
2006-07-12,32.2,42,56,11.1,23.08,0.2,33.0
2006-07-13,30.9,60,73,9.8,20.61,0.9,32.0
2006-07-14,25.9,73,60,22.6,15.67,9.1,25.0
2006-07-15,22.4,55,38,29.3,20.67,0.1,23.0
2006-07-16,22.7,49,36,28.2,24.7,0.0,24.0
2006-07-17,24.5,50,22,14.0,27.01,0.0,25.6
2006-07-18,29.2,46,31,22.7,26.25,0.0,30.0
2006-07-19,27.0,52,9,13.4,24.8,0.0,28.0
2006-07-20,29.5,39,26,13.8,26.38,0.0,30.0
2006-07-21,33.0,50,43,14.8,22.41,1.6,33.0
2006-07-22,28.6,64,31,13.5,20.08,3.7,29.6
2006-07-23,28.8,61,46,10.2,23.28,0.0,30.0
2006-07-24,31.3,48,39,8.7,22.72,0.0,32.3
2006-07-25,28.1,58,21,15.6,21.05,0.2,30.0
2006-07-26,30.5,50,24,12.3,21.83,0.0,31.0
2006-07-27,29.6,44,6,19.2,25.62,0.0,30.0
2006-07-28,29.0,35,43,10.9,25.72,0.0,29.0
2006-07-29,30.7,35,92,13.0,20.53,0.1,31.0
2006-07-30,26.3,55,46,23.5,20.91,0.6,25.9
2006-07-31,28.0,59,36,6.5,23.01,0.0,28.4
2006-08-01,23.1,81,95,9.2,10.31,10.6,23.0
2006-08-02,23.0,76,64,18.7,16.54,12.1,24.0
2006-08-03,24.3,58,74,10.7,18.57,0.0,26.0
2006-08-04,19.9,83,98,23.0,3.7,14.3,21.0
2006-08-05,23.3,73,87,14.9,13.71,0.0,24.0
2006-08-06,18.2,94,98,15.6,2.24,58.5,19.0
2006-08-07,22.7,80,84,7.6,15.91,0.1,24.3
2006-08-08,22.5,86,78,10.5,13.83,2.4,25.0
2006-08-09,21.3,88,84,7.2,10.2,7.9,23.0
2006-08-10,22.2,82,69,7.8,16.31,2.0,23.1
2006-08-11,20.7,88,97,8.9,10.97,10.7,22.0
2006-08-12,21.4,77,76,20.3,16.57,10.2,22.0
2006-08-13,20.3,83,94,14.1,8.85,8.8,22.0
2006-08-14,19.7,83,86,11.5,8.77,0.9,18.7
2006-08-15,21.3,72,58,18.8,18.25,0.6,22.0
2006-08-16,22.8,73,52,14.1,18.0,0.0,24.0
2006-08-17,26.9,68,53,13.2,19.18,0.0,28.5
2006-08-18,27.9,82,51,15.6,15.25,15.1,28.0
2006-08-19,23.5,80,61,20.9,12.4,0.1,23.2
2006-08-20,25.3,76,53,9.7,16.55,0.9,25.0
2006-08-21,21.3,79,48,15.9,16.03,1.0,22.5
2006-08-22,19.5,84,71,13.0,13.63,1.9,21.0
2006-08-23,19.4,84,77,16.0,13.25,0.9,21.8
2006-08-24,20.4,77,62,23.2,12.71,0.7,21.0
2006-08-25,22.1,75,56,6.9,14.65,0.3,24.0
2006-08-26,20.7,81,80,10.3,11.69,2.4,22.0
2006-08-27,20.3,77,20,14.2,17.65,0.0,21.0
2006-08-28,18.8,78,47,15.5,14.08,0.7,19.0
2006-08-29,16.3,89,100,13.8,6.6,9.6,16.0
2006-08-30,12.9,94,100,22.9,2.44,20.3,13.0
2006-08-31,20.2,78,76,30.3,13.26,2.5,22.0
2006-09-01,17.3,78,67,24.5,8.14,0.0,17.2
2006-09-02,22.0,85,57,9.5,12.28,0.4,24.0
2006-09-03,20.6,86,63,20.1,9.3,5.3,21.0
2006-09-04,19.4,75,55,33.3,13.13,4.2,21.0
2006-09-05,17.6,65,55,35.0,12.37,0.0,17.4
2006-09-06,18.9,71,62,24.9,12.29,0.0,19.0
2006-09-07,24.4,77,56,16.6,12.59,0.0,25.4
2006-09-08,19.8,77,64,26.4,11.77,6.4,19.0
2006-09-09,17.5,67,31,21.1,13.08,0.1,17.5
2006-09-10,18.6,77,51,14.8,11.22,0.0,18.0
2006-09-11,19.7,78,21,7.5,15.03,0.0,22.0
2006-09-12,20.8,76,1,9.3,16.34,0.0,21.0
2006-09-13,22.0,74,2,11.2,16.62,0.0,23.0
2006-09-14,22.8,74,0,10.7,15.51,0.0,23.2
2006-09-15,23.1,71,9,15.3,15.27,0.0,23.0
2006-09-16,20.1,75,28,22.9,13.82,0.0,21.1
2006-09-17,21.5,73,44,18.0,15.0,0.0,21.2
2006-09-18,22.9,82,4,8.7,14.89,0.0,23.0
2006-09-19,22.8,87,51,9.0,12.95,6.1,23.0
2006-09-20,19.2,85,68,16.7,10.03,0.5,20.2
2006-09-21,19.3,76,42,7.8,12.44,0.0,20.0
2006-09-22,18.9,77,19,12.3,11.13,0.0,20.0
2006-09-23,20.5,78,0,12.7,14.51,0.0,22.0
2006-09-24,22.9,77,0,14.9,14.16,0.0,24.0
2006-09-25,23.1,71,0,17.3,14.17,0.0,24.1
2006-09-26,21.9,72,0,14.4,13.83,0.0,22.6
2006-09-27,22.8,74,3,11.8,13.68,0.0,23.0
2006-09-28,19.0,85,45,11.7,9.35,4.1,16.4
2006-09-29,19.2,84,78,8.4,8.27,0.1,19.0
2006-09-30,20.9,79,12,10.7,12.61,0.0,22.0
2006-10-01,21.9,81,71,11.5,10.62,3.7,21.0
2006-10-02,18.8,89,96,18.1,4.63,6.7,20.0
2006-10-03,15.8,87,98,16.7,4.8,5.9,16.2
2006-10-04,16.9,88,95,17.5,5.03,4.8,16.2
2006-10-05,15.2,83,70,16.8,5.99,0.1,14.0
2006-10-06,15.7,78,79,15.3,6.87,0.0,17.0
2006-10-07,18.3,66,79,18.9,7.71,0.2,19.2
2006-10-08,15.4,74,93,25.1,7.48,0.0,16.0
2006-10-09,16.2,77,76,19.1,5.06,0.2,16.4
2006-10-10,17.4,87,38,9.7,9.38,0.0,19.0
2006-10-11,17.1,84,29,12.8,10.0,0.0,18.1
2006-10-12,16.4,86,78,11.2,7.34,0.2,17.0
2006-10-13,14.6,91,72,12.9,5.85,0.0,18.0
2006-10-14,12.1,85,89,10.8,3.77,0.0,11.0
2006-10-15,13.3,83,78,21.6,3.05,1.1,13.0
2006-10-16,8.8,77,85,12.1,3.84,0.0,9.0
2006-10-17,8.7,77,57,11.5,6.18,0.0,10.0
2006-10-18,13.2,72,34,14.2,9.82,0.0,14.0
2006-10-19,13.1,67,67,14.1,8.94,0.0,14.0
2006-10-20,13.7,68,63,12.2,8.29,0.0,15.6
2006-10-21,16.4,80,73,12.0,8.13,0.0,18.2
2006-10-22,17.9,85,45,12.0,7.95,0.0,19.4
2006-10-23,15.4,86,98,15.5,4.41,2.2,15.0
2006-10-24,16.5,87,96,16.3,4.03,0.7,16.3
2006-10-25,14.0,77,61,25.8,3.74,0.5,15.0
2006-10-26,12.9,87,58,18.8,5.18,0.0,14.4
2006-10-27,20.2,69,56,23.8,7.15,0.0,21.0
2006-10-28,12.4,71,73,21.5,6.6,0.0,13.0
2006-10-29,11.8,91,99,28.6,1.22,7.4,12.0
2006-10-30,4.3,67,41,22.8,7.87,0.0,4.1
2006-10-31,8.4,67,74,25.1,3.88,2.4,10.0
2006-11-01,8.4,68,83,25.0,3.81,1.4,9.2
2006-11-02,3.2,80,92,25.0,4.45,1.9,3.0
2006-11-03,2.5,73,84,22.5,5.05,0.0,2.5
2006-11-04,2.0,86,89,31.2,2.35,5.5,1.0
2006-11-05,6.8,94,94,28.8,0.99,16.6,8.0
2006-11-06,9.8,91,98,27.2,0.96,3.8,10.4
2006-11-07,10.2,85,91,25.3,1.85,1.4,10.3
2006-11-08,10.1,81,82,20.7,4.72,0.0,9.7
2006-11-09,10.4,78,80,36.7,3.69,1.2,12.0
2006-11-10,6.5,77,44,24.5,5.31,0.1,6.6
2006-11-11,6.1,82,100,24.0,2.17,2.2,5.0
2006-11-12,6.4,87,80,23.9,3.57,4.2,7.0
2006-11-13,5.7,85,88,21.4,3.55,1.7,6.3
2006-11-14,9.3,89,75,26.8,3.21,5.6,10.0
2006-11-15,11.9,93,87,17.5,0.96,3.2,13.0
2006-11-16,12.9,92,12,12.3,5.08,0.0,15.0
2006-11-17,10.8,94,1,10.7,4.93,0.0,13.0
2006-11-18,11.6,93,46,13.6,4.43,0.0,11.0
2006-11-19,9.6,93,98,12.0,1.82,0.0,8.6
2006-11-20,10.4,94,100,14.3,1.29,0.0,10.0
2006-11-21,9.5,91,98,16.6,1.4,0.0,10.0
2006-11-22,9.9,88,94,14.5,2.46,0.2,10.0
2006-11-23,9.1,88,98,16.9,2.85,1.2,8.1
2006-11-24,11.3,85,75,18.3,2.13,0.0,11.0
2006-11-25,9.4,88,77,13.9,4.09,0.0,10.0
2006-11-26,11.9,91,58,13.7,3.96,0.0,12.8
2006-11-27,8.2,99,89,6.3,1.93,0.0,8.0
2006-11-28,9.2,99,100,12.3,1.35,0.0,7.2
2006-11-29,7.8,97,100,13.9,1.13,0.0,6.2
2006-11-30,7.4,92,99,13.5,1.31,0.0,8.4
2006-12-01,7.3,91,68,15.3,3.09,0.0,8.0
2006-12-02,7.5,90,10,14.4,3.67,0.0,7.0
2006-12-03,6.5,89,60,14.5,2.86,0.0,6.0
2006-12-04,8.3,87,62,16.9,1.85,0.2,9.1
2006-12-05,9.7,88,89,20.7,1.64,0.5,10.7
2006-12-06,11.3,84,42,18.7,3.4,0.0,14.0
2006-12-07,9.2,92,67,16.5,2.44,0.5,10.0
2006-12-08,9.8,91,58,21.4,2.61,0.0,10.2
2006-12-09,11.9,80,37,20.3,3.18,0.0,13.0
2006-12-10,7.5,90,90,20.7,0.4,1.9,9.0
2006-12-11,5.6,85,63,18.5,2.61,0.0,6.0
2006-12-12,4.3,95,82,15.5,0.44,9.3,5.0
2006-12-13,5.5,91,92,22.1,1.2,1.5,6.1
2006-12-14,8.3,87,100,23.1,0.39,1.4,9.0
2006-12-15,8.2,77,85,20.8,2.62,0.0,8.0
2006-12-16,6.3,71,14,23.0,3.23,0.0,8.3
2006-12-17,7.5,89,73,22.5,2.64,1.4,7.1
2006-12-18,3.9,90,87,17.0,1.3,0.1,4.0
2006-12-19,3.3,89,79,13.0,2.12,0.0,3.0
2006-12-20,4.4,96,96,19.7,0.64,5.7,5.2
2006-12-21,4.4,94,96,13.2,1.12,0.1,5.1
2006-12-22,4.5,93,99,20.8,1.09,0.0,4.3
2006-12-23,5.5,92,100,16.1,0.82,0.0,5.3
2006-12-24,5.3,95,100,20.9,0.64,0.2,5.2
2006-12-25,5.3,79,56,18.8,2.34,0.0,5.0
2006-12-26,0.8,80,52,18.7,2.82,0.0,1.0
2006-12-27,1.7,90,98,19.5,1.18,0.1,1.0
2006-12-28,0.6,85,99,17.6,1.38,0.0,1.0
2006-12-29,3.0,89,100,17.0,1.14,0.5,2.0
2006-12-30,3.4,87,66,18.7,3.28,0.0,4.0
2006-12-31,9.0,75,82,34.5,2.5,2.3,9.3
2007-01-01,9.0,83,85,25.7,0.53,2.3,10.0
2007-01-02,5.6,73,81,26.5,2.58,0.4,6.0
2007-01-03,4.8,88,66,19.4,2.11,0.3,5.0
2007-01-04,4.7,90,98,18.2,0.68,3.2,5.0
2007-01-05,6.5,89,99,23.4,0.78,3.1,7.3
2007-01-06,7.4,92,99,18.7,0.5,1.2,8.0
2007-01-07,7.6,95,100,16.3,0.46,6.5,8.5
2007-01-08,6.7,88,91,17.1,2.67,0.0,7.0
2007-01-09,10.4,82,85,19.2,2.64,0.0,11.0
2007-01-10,11.8,81,88,20.3,1.65,0.0,13.0
2007-01-11,9.9,71,92,37.9,2.07,4.4,11.0
2007-01-12,6.6,78,80,37.1,1.94,4.1,8.0
2007-01-13,10.0,77,91,37.1,1.71,3.5,11.0
2007-01-14,9.7,73,66,36.9,1.62,0.9,10.2
2007-01-15,6.4,68,67,36.4,3.2,0.2,6.0
2007-01-16,4.6,79,66,19.1,3.98,0.0,6.2
2007-01-17,6.8,82,97,16.8,1.61,0.0,7.0
2007-01-18,10.4,84,96,41.2,0.62,10.2,13.0
2007-01-19,10.2,78,70,48.5,3.33,8.4,9.0
2007-01-20,10.2,82,65,30.3,2.58,4.1,12.0
2007-01-21,10.0,77,57,35.3,3.89,3.8,8.0
2007-01-22,5.4,70,77,34.2,3.19,0.1,6.0
2007-01-23,2.9,70,92,25.9,3.41,0.0,4.0
2007-01-24,-1.3,81,100,30.5,0.87,12.6,-1.0
2007-01-25,-4.9,86,99,19.9,3.06,5.5,-4.9
2007-01-26,-5.1,85,83,29.3,3.82,0.2,-4.0
2007-01-27,-0.7,84,80,28.6,4.14,4.5,0.0
2007-01-28,1.1,86,80,30.2,2.94,7.9,2.0
2007-01-29,1.2,86,80,30.3,5.3,9.9,2.1
2007-01-30,0.9,89,71,20.3,3.89,1.0,2.0
2007-01-31,3.0,95,99,28.0,1.36,12.5,4.0
2007-02-01,3.7,89,91,35.2,2.53,4.4,4.4
2007-02-02,3.3,88,94,18.2,3.3,0.0,4.0
2007-02-03,4.7,82,64,30.9,4.49,6.5,5.4
2007-02-04,5.0,83,49,17.6,6.33,0.0,4.0
2007-02-05,3.7,86,95,24.9,2.11,0.1,4.0
2007-02-06,3.0,82,55,23.2,4.4,0.3,3.0
2007-02-07,2.1,91,73,8.3,4.5,0.7,1.0
2007-02-08,0.5,91,98,24.4,1.32,6.3,1.0
2007-02-09,1.4,95,99,9.7,4.07,4.9,0.4
2007-02-10,-3.6,86,99,13.0,4.08,1.7,-4.0
2007-02-11,-7.5,83,99,19.3,5.09,0.0,-5.8
2007-02-12,0.9,88,99,19.3,4.7,0.0,-1.6
2007-02-13,2.6,96,100,13.7,2.76,0.7,2.0
2007-02-14,3.4,98,94,10.9,1.66,0.2,3.2
2007-02-15,5.5,95,100,17.1,3.33,2.6,5.0
2007-02-16,1.9,84,49,15.9,7.14,3.8,2.0
2007-02-17,0.1,67,6,18.1,9.04,0.0,0.0
2007-02-18,7.5,70,19,19.1,8.73,0.0,8.0
2007-02-19,3.7,84,78,19.6,2.85,0.1,3.0
2007-02-20,4.9,87,94,15.7,4.51,0.0,4.0
2007-02-21,0.2,65,99,18.7,7.89,0.0,1.0
2007-02-22,-5.6,64,98,23.7,2.02,6.2,-5.0
2007-02-23,-6.3,63,50,19.3,10.17,0.0,-6.0
2007-02-24,-3.9,57,99,26.6,6.98,0.0,-4.0
2007-02-25,1.0,63,91,20.4,6.27,0.0,-2.0
2007-02-26,1.4,85,100,17.8,3.22,4.0,1.0
2007-02-27,4.7,92,80,17.9,4.58,2.0,3.9
2007-02-28,4.1,95,91,19.0,2.59,4.3,5.0
2007-03-01,10.5,85,95,22.5,7.67,3.1,10.0
2007-03-02,8.8,89,63,19.8,8.04,3.0,9.0
2007-03-03,6.5,84,93,19.1,5.13,0.0,6.0
2007-03-04,5.0,87,78,19.6,3.78,0.0,4.4
2007-03-05,5.5,86,80,15.9,6.49,0.0,8.0
2007-03-06,10.5,80,91,17.2,7.89,1.4,11.0
2007-03-07,14.1,73,23,15.8,11.87,0.0,15.0
2007-03-08,15.8,75,69,17.2,10.88,2.8,16.0
2007-03-09,8.6,79,94,16.3,5.48,1.8,9.0
2007-03-10,10.1,77,73,12.5,8.3,0.4,11.0
2007-03-11,7.7,85,81,21.3,4.0,0.0,9.0
2007-03-12,13.4,79,36,15.3,13.12,0.0,15.0
2007-03-13,13.8,80,16,9.8,12.94,0.0,17.0
2007-03-14,12.0,74,54,19.3,13.0,0.0,13.0
2007-03-15,9.6,75,77,16.3,7.28,0.0,10.1
2007-03-16,10.9,77,70,20.9,7.89,0.0,11.0
2007-03-17,7.6,75,76,31.2,5.4,5.5,8.1
2007-03-18,8.9,80,89,27.7,3.4,4.2,10.0
2007-03-19,8.0,70,95,24.6,9.65,0.8,8.0
2007-03-20,7.9,91,99,19.7,4.3,8.1,8.0
2007-03-21,12.1,90,99,11.2,7.17,1.9,11.0
2007-03-22,8.1,78,90,20.3,6.64,11.2,8.0
2007-03-23,9.1,81,97,29.2,3.23,4.3,10.3
2007-03-24,12.2,55,47,30.1,16.13,0.0,14.0
2007-03-25,13.5,63,1,17.3,16.23,0.0,15.0
2007-03-26,12.6,61,7,14.8,16.75,0.0,14.0
2007-03-27,14.0,68,0,12.3,16.96,0.0,16.0
2007-03-28,14.1,60,5,19.5,16.27,0.0,15.0
2007-03-29,12.5,52,15,20.1,17.42,0.0,14.0
2007-03-30,13.2,55,0,15.1,16.84,0.0,14.0
2007-03-31,14.3,55,20,13.9,14.89,0.0,16.0
2007-04-01,15.2,62,7,11.0,16.45,0.0,16.3
2007-04-02,11.9,66,73,9.6,15.1,0.0,14.0
2007-04-03,13.9,67,100,16.6,13.62,0.0,14.4
2007-04-04,7.5,59,42,21.3,17.59,0.1,8.0
2007-04-05,10.6,64,66,27.5,14.52,0.0,12.0
2007-04-06,9.7,67,48,26.6,12.14,0.6,11.0
2007-04-07,7.7,65,67,22.4,11.66,0.3,7.0
2007-04-08,8.6,69,74,24.2,15.19,1.9,9.0
2007-04-09,9.7,86,94,28.5,5.14,8.5,11.0
2007-04-10,10.2,87,87,19.7,8.17,4.9,9.3
2007-04-11,13.8,79,73,26.0,11.15,0.0,14.0
2007-04-12,15.3,69,1,14.7,20.27,0.0,17.0
2007-04-13,14.0,58,0,10.1,20.99,0.0,16.0
2007-04-14,16.3,58,2,16.4,20.97,0.0,18.0
2007-04-15,15.7,62,14,13.9,20.58,0.0,17.4
2007-04-16,16.9,62,36,9.1,21.18,0.0,19.2
2007-04-17,19.8,60,20,11.7,21.63,0.0,22.2
2007-04-18,12.1,71,75,25.6,17.64,6.2,14.0
2007-04-19,11.1,63,73,21.3,14.06,0.1,12.0
2007-04-20,10.2,51,58,33.4,17.42,1.5,11.5
2007-04-21,9.7,49,26,29.0,18.33,0.0,11.0
2007-04-22,11.0,53,14,14.9,23.67,0.0,12.4
2007-04-23,15.7,53,86,11.8,19.33,0.0,17.0
2007-04-24,15.3,69,64,16.7,13.49,0.7,15.0
2007-04-25,18.3,67,5,11.2,22.69,0.0,19.4
2007-04-26,20.7,61,11,11.3,21.47,0.0,22.0
2007-04-27,22.6,55,7,10.4,21.82,0.0,24.1
2007-04-28,21.1,63,27,16.4,19.07,0.2,22.0
2007-04-29,13.3,51,37,18.7,21.9,0.1,13.2
2007-04-30,11.2,53,40,25.2,17.09,0.0,13.0
2007-05-01,8.1,51,37,21.5,19.18,0.3,8.1
2007-05-02,11.0,57,28,13.4,24.67,0.0,13.0
2007-05-03,14.0,55,11,14.0,24.88,0.0,15.0
2007-05-04,17.2,56,0,9.2,25.09,0.0,20.0
2007-05-05,19.1,57,32,17.3,24.19,0.0,21.0
2007-05-06,14.3,72,90,18.7,8.52,4.6,14.0
2007-05-07,19.5,72,86,18.2,16.56,0.1,19.8
2007-05-08,16.1,78,84,26.3,15.63,9.1,16.9
2007-05-09,14.5,78,74,28.2,15.33,4.4,14.0
2007-05-10,14.2,80,82,19.1,12.4,6.4,14.3
2007-05-11,24.0,72,96,32.9,16.64,5.9,24.8
2007-05-12,15.5,65,85,28.6,14.23,2.5,16.0
2007-05-13,19.4,70,52,16.4,19.64,0.0,21.0
2007-05-14,26.5,61,78,17.6,21.74,1.0,28.6
2007-05-15,20.2,67,69,22.1,21.02,4.7,20.0
2007-05-16,13.7,84,87,22.3,5.68,10.3,14.0
2007-05-17,15.7,76,61,16.5,13.57,0.9,17.0
2007-05-18,14.7,73,45,12.9,15.57,0.0,15.1
2007-05-19,19.6,68,19,8.4,26.5,0.0,21.0
2007-05-20,24.5,68,5,9.3,25.4,0.0,26.0
2007-05-21,26.4,68,9,10.0,23.98,0.0,28.0
2007-05-22,27.9,73,13,8.3,23.09,0.0,30.0
2007-05-23,24.4,71,31,17.1,22.31,0.0,26.0
2007-05-24,22.4,60,7,9.3,26.78,0.0,25.0
2007-05-25,28.5,63,21,13.9,23.72,0.8,31.0
2007-05-26,28.9,68,39,17.4,24.28,1.6,30.0
2007-05-27,29.2,71,48,17.7,23.05,1.8,29.0
2007-05-28,28.4,61,39,16.9,24.39,0.0,29.2
2007-05-29,28.8,63,58,17.7,23.66,0.7,29.0
2007-05-30,21.4,61,82,17.8,16.53,5.2,20.0
2007-05-31,17.0,84,100,14.6,6.46,14.6,18.0
2007-06-01,20.7,73,97,12.9,12.56,0.0,22.0
2007-06-02,17.8,90,99,16.8,4.7,9.2,19.0
2007-06-03,17.3,81,100,16.9,7.22,0.9,15.0
2007-06-04,21.3,79,95,14.8,11.47,2.9,21.0
2007-06-05,21.3,69,51,17.7,15.92,0.0,23.0
2007-06-06,25.8,71,42,14.4,22.04,1.4,27.2
2007-06-07,27.2,56,33,11.3,25.16,0.0,28.0
2007-06-08,27.2,60,34,7.9,22.78,0.0,29.4
2007-06-09,26.6,64,63,11.1,21.21,1.3,29.0
2007-06-10,24.7,74,37,11.3,24.54,0.5,24.3
2007-06-11,26.9,62,21,14.9,26.27,0.0,27.0
2007-06-12,26.4,54,4,11.5,28.04,0.0,27.0
2007-06-13,28.4,57,46,13.7,23.0,1.9,29.0
2007-06-14,26.4,69,55,9.0,23.09,0.0,27.0
2007-06-15,29.1,69,46,10.7,24.68,1.5,30.0
2007-06-16,26.0,71,45,26.3,18.41,8.2,28.0
2007-06-17,24.5,58,34,15.6,25.23,0.0,25.1
2007-06-18,25.8,73,74,14.9,13.43,11.2,25.0
2007-06-19,20.8,81,58,19.6,17.17,7.0,21.0
2007-06-20,22.4,66,22,8.6,25.55,0.0,23.0
2007-06-21,25.8,52,76,18.9,25.66,0.0,25.0
2007-06-22,19.9,80,91,23.8,7.66,13.4,18.0
2007-06-23,22.5,75,74,14.6,22.36,1.9,22.0
2007-06-24,21.1,74,48,19.1,20.48,2.0,22.5
2007-06-25,24.6,69,34,10.9,22.99,0.0,26.0
2007-06-26,20.5,73,78,27.0,11.88,3.7,20.0
2007-06-27,17.8,54,46,30.3,21.08,0.0,19.0
2007-06-28,18.3,56,49,29.7,19.91,0.8,19.0
2007-06-29,19.5,68,65,14.6,22.42,0.0,20.0
2007-06-30,21.6,64,55,13.9,18.1,0.7,22.0
2007-07-01,20.6,67,63,19.1,17.14,0.3,21.6
2007-07-02,25.9,63,61,12.6,24.19,0.1,26.0
2007-07-03,22.0,78,86,17.2,15.5,9.7,22.4
2007-07-04,20.0,84,92,14.3,8.61,13.1,19.0
2007-07-05,18.0,78,100,26.1,15.47,0.5,17.0
2007-07-06,15.1,89,99,32.8,3.02,17.6,15.0
2007-07-07,19.3,75,69,31.4,16.34,1.1,18.0
2007-07-08,19.2,65,42,31.2,18.78,0.5,21.0
2007-07-09,23.4,62,47,13.4,24.11,3.3,25.0
2007-07-10,16.5,84,92,18.2,7.23,2.4,17.0
2007-07-11,17.4,81,75,8.3,15.71,1.1,18.0
2007-07-12,19.5,77,34,19.6,20.99,0.6,19.0
2007-07-13,20.3,85,80,18.1,15.34,4.0,20.0
2007-07-14,23.7,81,56,15.0,17.24,0.0,25.0
2007-07-15,29.2,73,20,13.0,24.57,0.0,31.0
2007-07-16,32.2,64,2,11.5,24.88,0.0,35.0
2007-07-17,33.2,59,3,10.7,25.65,0.0,35.0
2007-07-18,25.9,62,44,18.9,19.49,2.9,25.0
2007-07-19,27.3,67,22,7.9,24.52,0.5,29.7
2007-07-20,28.8,66,42,15.9,23.87,0.6,30.0
2007-07-21,25.8,83,75,10.2,14.37,32.1,26.0
2007-07-22,26.6,74,62,20.4,16.51,18.7,29.0
2007-07-23,24.1,64,43,17.5,22.22,0.0,25.2
2007-07-24,25.0,71,61,22.5,16.81,7.4,25.0
2007-07-25,18.6,71,82,29.6,11.94,3.4,18.1
2007-07-26,22.1,69,51,22.7,15.84,0.0,24.2
2007-07-27,25.8,71,55,15.4,19.02,4.4,27.3
2007-07-28,23.0,70,68,12.8,17.24,3.4,25.0
2007-07-29,20.5,75,88,20.0,16.83,2.2,20.4
2007-07-30,16.9,75,74,27.6,12.64,8.4,17.0
2007-07-31,17.4,72,75,25.4,14.16,0.9,17.4
2007-08-01,18.3,67,61,15.9,15.83,0.0,20.0
2007-08-02,22.5,63,26,15.6,21.23,0.0,24.0
2007-08-03,21.1,71,93,17.7,14.73,1.5,19.9
2007-08-04,19.0,73,98,19.2,11.35,0.1,19.0
2007-08-05,20.1,78,85,9.3,9.57,0.2,20.2
2007-08-06,24.5,73,72,14.2,16.36,0.1,25.2
2007-08-07,25.0,68,34,12.7,19.0,0.1,27.2
2007-08-08,25.6,77,80,15.5,15.86,0.0,27.0
2007-08-09,23.8,90,93,12.6,8.07,12.3,24.0
2007-08-10,23.7,86,72,19.5,10.96,3.6,23.5
2007-08-11,25.1,86,91,12.2,12.25,2.0,26.0
2007-08-12,24.9,86,98,8.1,14.18,6.3,27.0
2007-08-13,23.7,90,95,11.4,13.99,7.4,22.0
2007-08-14,22.9,81,76,16.8,13.65,0.1,24.0
2007-08-15,25.6,70,23,10.3,21.69,0.0,27.0
2007-08-16,30.4,62,21,18.8,21.41,0.0,31.1
2007-08-17,22.2,70,65,22.9,16.73,1.2,23.0
2007-08-18,21.8,69,56,9.0,19.24,1.3,23.4
2007-08-19,22.7,69,87,15.1,17.01,0.0,23.1
2007-08-20,23.1,78,86,17.0,8.56,0.5,24.6
2007-08-21,27.2,80,92,18.4,15.76,0.7,26.5
2007-08-22,28.2,75,63,12.4,15.79,1.4,29.0
2007-08-23,29.9,70,34,11.6,18.69,0.9,30.3
2007-08-24,24.4,74,47,27.4,14.94,0.5,26.0
2007-08-25,24.1,74,27,16.0,16.66,0.0,24.6
2007-08-26,22.0,71,54,25.6,11.28,0.0,23.0
2007-08-27,19.4,65,63,20.4,16.67,0.0,20.0
2007-08-28,17.5,62,44,20.8,15.94,0.0,
2007-08-29,17.7,59,59,13.7,16.54,0.0,18.0
2007-08-30,16.8,58,66,17.6,13.01,0.0,17.0
2007-08-31,17.4,71,86,22.1,8.78,1.2,17.0
2007-09-01,17.6,78,66,21.1,13.14,2.1,18.1
2007-09-02,19.2,74,87,16.6,11.23,0.0,19.0
2007-09-03,20.2,71,84,21.1,12.43,3.5,20.0
2007-09-04,14.6,74,94,14.2,11.12,0.0,15.0
2007-09-05,13.6,85,100,25.7,2.6,11.2,13.1
2007-09-06,21.5,81,97,23.0,10.17,1.9,21.0
2007-09-07,19.7,73,73,21.3,15.88,0.0,20.0
2007-09-08,16.9,77,77,16.1,9.64,1.3,19.0
2007-09-09,14.6,90,90,20.3,6.79,7.6,16.0
2007-09-10,15.7,85,97,18.5,8.96,2.7,16.0
2007-09-11,15.9,79,80,13.5,9.82,2.8,15.2
2007-09-12,16.2,82,73,12.5,7.83,0.0,17.0
2007-09-13,16.9,72,73,21.4,10.03,0.0,17.1
2007-09-14,16.9,77,51,12.5,11.28,0.0,18.4
2007-09-15,13.9,67,57,32.3,12.97,3.0,14.0
2007-09-16,15.2,67,62,23.0,7.27,0.0,16.0
2007-09-17,21.7,76,15,14.6,15.0,0.0,23.0
2007-09-18,23.5,85,59,24.5,13.2,9.6,26.0
2007-09-19,12.4,68,55,29.0,9.51,0.0,13.0
2007-09-20,14.2,72,26,12.4,10.65,0.0,15.1
2007-09-21,17.1,68,29,14.3,14.37,0.0,18.0
2007-09-22,19.2,71,63,12.7,14.35,0.0,21.0
2007-09-23,20.2,79,28,8.0,13.11,0.0,21.0
2007-09-24,20.9,77,0,13.0,14.28,0.0,21.3
2007-09-25,19.9,72,0,15.8,14.35,0.0,21.0
2007-09-26,16.9,84,71,9.8,7.39,0.0,14.1
2007-09-27,19.4,78,80,22.2,10.54,0.0,20.0
2007-09-28,21.9,83,96,22.7,8.85,6.0,21.0
2007-09-29,19.6,72,22,19.5,12.78,0.0,21.0
2007-09-30,19.8,78,39,10.1,11.16,0.0,21.0
2007-10-01,19.6,80,53,8.7,12.03,0.0,21.0
2007-10-02,17.4,83,99,9.4,4.85,2.9,17.0
2007-10-03,14.0,82,81,12.6,6.62,0.7,14.0
2007-10-04,13.3,84,76,7.8,6.58,0.0,14.3
2007-10-05,14.3,83,88,9.0,8.56,0.3,14.6
2007-10-06,13.9,83,84,13.0,5.3,0.5,14.0
2007-10-07,13.2,89,80,16.4,6.67,0.6,12.5
2007-10-08,13.2,84,77,22.4,5.39,0.7,13.2
2007-10-09,11.9,76,46,16.6,8.11,0.0,13.0
2007-10-10,11.3,75,57,6.3,7.4,0.0,13.1
2007-10-11,10.1,75,96,10.2,7.06,0.0,11.0
2007-10-12,10.9,86,95,23.8,1.62,2.5,11.0
2007-10-13,9.5,66,41,27.9,8.2,0.0,9.0
2007-10-14,9.1,74,58,13.4,8.88,0.0,9.1
2007-10-15,12.6,74,40,13.0,9.72,0.0,15.0
2007-10-16,15.0,73,26,15.3,9.11,0.0,16.0
2007-10-17,16.6,78,29,15.3,8.79,0.0,18.0
2007-10-18,11.8,80,69,20.5,4.33,1.9,12.4
2007-10-19,6.5,91,88,16.3,2.35,7.5,7.0
2007-10-20,7.8,79,80,16.9,5.75,0.0,8.0
2007-10-21,5.2,74,51,10.1,9.37,0.0,6.0
2007-10-22,6.1,82,91,16.4,3.46,0.0,6.0
2007-10-23,7.3,80,99,23.9,2.29,0.0,7.2
2007-10-24,11.7,81,75,18.4,7.0,0.0,12.2
2007-10-25,9.5,82,90,14.6,3.77,0.0,9.0
2007-10-26,11.9,87,75,13.9,6.21,0.0,11.7
2007-10-27,12.8,86,71,17.6,4.5,0.1,13.0
2007-10-28,11.7,90,79,9.4,2.94,0.0,10.2
2007-10-29,12.2,84,88,14.8,3.76,0.0,12.0
2007-10-30,12.0,87,98,11.3,2.43,0.7,12.0
2007-10-31,9.9,86,66,18.0,5.72,2.0,10.0
2007-11-01,9.6,88,95,18.5,1.29,0.1,10.4
2007-11-02,10.9,80,61,21.2,3.82,0.5,12.0
2007-11-03,10.1,88,81,26.0,3.32,0.2,10.3
2007-11-04,9.0,86,71,19.9,5.37,2.7,9.0
2007-11-05,3.2,65,91,13.5,3.78,0.0,3.0
2007-11-06,3.4,77,84,19.8,3.26,3.7,3.0
2007-11-07,4.1,93,95,23.3,3.07,8.3,4.4
2007-11-08,6.4,90,76,18.4,3.26,3.2,6.3
2007-11-09,7.3,91,95,22.9,1.62,4.0,7.0
2007-11-10,3.5,84,72,23.1,4.82,0.7,4.0
2007-11-11,3.3,84,74,18.6,3.46,0.0,3.0
2007-11-12,3.1,85,67,18.6,5.23,0.9,1.5
2007-11-13,2.0,90,98,24.6,1.65,4.9,2.1
2007-11-14,1.5,88,76,11.9,3.35,0.8,2.0
2007-11-15,1.2,79,77,16.7,3.39,0.0,1.0
2007-11-16,1.2,76,77,15.6,3.69,0.0,-1.0
2007-11-17,2.3,85,88,15.6,2.25,0.0,2.0
2007-11-18,2.9,87,79,14.9,2.38,0.0,1.0
2007-11-19,2.7,78,36,15.9,4.56,0.0,0.0
2007-11-20,2.5,93,72,9.8,3.07,0.0,0.0
2007-11-21,1.9,96,72,13.0,2.1,0.0,4.0
2007-11-22,4.2,92,10,11.9,4.38,0.0,5.0
2007-11-23,6.9,93,69,13.0,3.78,0.0,10.0
2007-11-24,4.9,95,93,14.8,1.12,0.0,6.0
2007-11-25,5.0,88,88,20.3,2.69,0.1,4.6
2007-11-26,2.9,87,81,26.9,2.29,2.3,4.0
2007-11-27,1.8,85,81,24.3,2.42,0.5,2.0
2007-11-28,1.3,83,35,22.5,4.09,0.0,0.1
2007-11-29,2.2,71,71,18.8,3.49,0.0,2.0
2007-11-30,3.2,88,98,19.3,1.13,5.0,3.0
2007-12-01,5.4,95,96,15.2,1.21,3.9,6.1
2007-12-02,7.2,90,81,19.5,2.7,0.1,7.2
2007-12-03,7.1,86,94,25.3,0.6,6.2,8.0
2007-12-04,5.1,87,57,20.0,3.05,0.1,6.0
2007-12-05,5.1,86,82,17.6,2.22,0.0,5.0
2007-12-06,6.0,84,86,18.0,0.92,0.8,6.0
2007-12-07,8.0,91,73,24.7,0.6,3.5,8.2
2007-12-08,7.2,86,95,18.6,2.53,0.0,7.6
2007-12-09,4.8,89,78,21.9,2.35,0.0,4.0
2007-12-10,4.3,94,98,11.8,1.25,1.1,4.0
2007-12-11,5.9,95,100,11.6,0.71,1.3,6.0
2007-12-12,3.6,89,100,16.6,1.09,0.0,4.0
2007-12-13,2.5,73,72,24.1,2.53,0.0,2.0
2007-12-14,0.0,72,97,20.2,1.87,0.0,0.0
2007-12-15,-0.4,78,93,16.3,1.61,0.0,-0.9
2007-12-16,-0.6,83,93,10.3,1.03,0.0,0.0
2007-12-17,-0.7,79,99,11.2,1.49,0.0,0.0
2007-12-18,1.4,91,94,12.6,1.21,0.0,2.0
2007-12-19,1.8,92,98,14.5,1.04,0.1,2.0
2007-12-20,-0.0,86,95,19.8,1.39,0.0,-0.7
2007-12-21,-0.6,88,100,13.2,1.23,0.0,-2.0
2007-12-22,-1.3,86,91,7.2,2.54,0.0,-4.0
2007-12-23,-1.4,85,92,9.6,1.91,0.0,-3.0
2007-12-24,-3.5,83,99,6.6,1.16,0.0,-3.0
2007-12-25,-2.8,80,97,7.6,1.32,0.0,-2.0
2007-12-26,-0.6,83,34,12.2,3.22,0.0,-2.0
2007-12-27,-1.3,89,36,10.3,2.84,0.0,-1.0
2007-12-28,0.6,85,100,14.3,2.3,0.0,0.3
2007-12-29,0.7,72,54,16.3,3.05,0.0,1.0
2007-12-30,0.8,73,95,13.0,1.13,0.0,1.0
2007-12-31,0.4,89,89,10.5,1.68,0.7,1.0
2008-01-01,0.4,92,100,14.2,1.07,0.9,1.0
2008-01-02,-1.6,67,96,21.0,1.9,0.0,-2.0
2008-01-03,-5.5,62,42,27.9,3.49,0.0,-6.9
2008-01-04,-6.3,60,49,28.2,3.67,0.0,-7.0
2008-01-05,-2.9,55,54,25.0,3.56,0.2,-4.0
2008-01-06,0.5,84,100,21.8,0.94,5.0,0.0
2008-01-07,0.1,95,100,14.9,1.45,0.3,1.0
2008-01-08,2.5,94,86,16.4,1.8,1.6,4.0
2008-01-09,2.7,87,65,18.1,3.76,0.0,4.0
2008-01-10,4.5,90,98,17.1,1.92,1.5,5.6
2008-01-11,4.9,89,74,16.6,2.79,0.0,7.0
2008-01-12,6.2,88,60,18.3,1.97,0.0,8.0
2008-01-13,4.9,92,50,14.7,2.51,0.0,6.0
2008-01-14,4.5,91,11,14.2,3.92,0.0,4.0
2008-01-15,4.1,91,53,15.9,2.6,0.0,3.1
2008-01-16,5.0,85,90,22.0,3.65,0.0,6.0
2008-01-17,5.4,88,98,15.2,2.43,0.1,6.0
2008-01-18,5.4,93,85,15.5,1.2,2.6,5.0
2008-01-19,9.2,94,95,23.3,0.49,9.1,8.2
2008-01-20,6.1,92,80,19.4,2.86,3.7,6.0
2008-01-21,7.2,96,100,18.6,1.0,12.6,8.0
2008-01-22,5.1,94,92,24.6,0.86,16.1,6.9
2008-01-23,1.6,79,62,22.1,3.16,0.0,2.0
2008-01-24,5.1,83,99,18.6,0.96,0.4,6.0
2008-01-25,5.3,73,67,31.4,4.81,3.3,6.0
2008-01-26,7.3,76,99,41.5,0.84,3.9,8.0
2008-01-27,4.8,74,67,41.2,3.84,3.4,5.0
2008-01-28,3.2,76,67,22.2,5.04,0.0,3.0
2008-01-29,5.4,87,97,13.0,1.43,0.0,5.0
2008-01-30,7.0,87,100,16.8,3.71,0.0,7.3
2008-01-31,4.0,88,66,19.9,3.86,2.2,4.1
2008-02-01,6.4,72,93,26.1,2.58,0.1,6.0
2008-02-02,5.7,73,85,22.7,3.43,0.3,5.6
2008-02-03,4.4,84,8,16.0,6.38,0.0,5.0
2008-02-04,7.9,80,26,19.2,6.28,0.4,9.0
2008-02-05,7.4,88,83,16.2,4.91,0.4,8.0
2008-02-06,7.1,91,98,17.9,1.24,4.8,8.0
2008-02-07,6.1,85,88,22.0,4.77,2.6,7.0
2008-02-08,5.4,92,98,10.8,2.48,0.1,5.0
2008-02-09,5.6,86,87,8.0,3.18,0.0,3.0
2008-02-10,4.6,81,67,11.6,4.58,0.0,5.0
2008-02-11,3.2,76,70,13.4,5.66,0.0,3.0
2008-02-12,3.1,85,77,5.6,3.8,0.0,3.3
2008-02-13,3.4,86,89,14.5,3.33,0.0,3.1
2008-02-14,2.5,80,78,18.4,3.73,0.8,3.0
2008-02-15,0.1,61,59,25.2,7.5,0.3,0.0
2008-02-16,-3.0,54,44,30.0,8.17,0.9,-3.0
2008-02-17,-0.4,64,91,26.7,4.62,0.0,0.0
2008-02-18,3.6,91,100,20.9,2.43,2.1,3.0
2008-02-19,5.2,86,79,22.0,5.17,0.0,7.0
2008-02-20,5.3,87,85,12.1,4.7,0.0,6.0
2008-02-21,7.6,85,96,17.6,4.22,0.0,7.0
2008-02-22,8.4,85,100,30.5,1.18,1.1,10.0
2008-02-23,8.5,64,66,40.5,7.49,1.1,10.0
2008-02-24,12.1,72,73,22.0,6.5,0.1,12.0
2008-02-25,9.2,85,53,26.9,3.57,1.2,9.0
2008-02-26,10.8,81,96,23.4,6.56,0.0,12.3
2008-02-27,10.1,74,65,27.8,8.32,2.8,12.0
2008-02-28,7.4,63,61,34.3,7.37,0.4,6.1
2008-02-29,8.7,74,77,20.7,8.23,0.2,9.0
2008-03-01,7.8,90,99,32.9,2.03,11.5,8.0
2008-03-02,5.9,77,68,38.3,8.23,2.7,6.0
2008-03-03,7.7,66,87,31.1,8.15,0.0,7.0
2008-03-04,4.7,79,64,29.9,7.35,1.9,6.0
2008-03-05,4.2,88,55,15.8,8.25,1.7,1.7
2008-03-06,6.1,61,62,31.9,9.31,0.3,7.0
2008-03-07,6.5,87,99,21.8,2.64,1.2,6.0
2008-03-08,7.3,83,94,13.3,5.75,0.0,10.0
2008-03-09,10.2,79,78,13.0,7.5,0.0,11.4
2008-03-10,10.6,75,61,18.2,8.95,0.0,12.0
2008-03-11,12.6,76,60,18.3,9.27,0.0,13.0
2008-03-12,12.0,79,71,27.4,6.35,2.6,14.0
2008-03-13,7.8,79,84,36.9,9.86,6.1,8.0
2008-03-14,7.8,72,86,28.9,8.53,2.1,7.1
2008-03-15,7.4,84,81,20.5,6.45,4.7,7.0
2008-03-16,9.4,80,98,10.8,8.8,2.3,9.0
2008-03-17,6.7,88,73,16.2,5.27,3.8,6.0
2008-03-18,4.3,78,74,31.7,10.08,5.0,2.3
2008-03-19,4.5,80,79,19.8,11.8,0.5,3.9
2008-03-20,3.6,81,71,16.1,13.2,1.8,2.0
2008-03-21,3.9,77,93,26.7,7.97,3.4,4.0
2008-03-22,7.6,74,70,21.2,9.28,2.3,8.0
2008-03-23,5.6,78,65,15.3,11.12,1.4,5.0
2008-03-24,2.0,79,91,21.9,5.95,3.0,2.0
2008-03-25,4.0,69,61,21.1,11.62,0.0,3.2
2008-03-26,4.1,74,78,22.0,13.0,2.3,3.4
2008-03-27,4.6,71,71,13.0,11.58,0.0,4.2
2008-03-28,9.6,66,43,14.1,15.33,0.0,11.0
2008-03-29,12.7,82,51,23.7,10.58,7.0,11.0
2008-03-30,12.3,77,28,9.8,15.41,0.0,13.0
2008-03-31,13.5,66,0,18.8,18.15,0.0,15.0
2008-04-01,12.5,70,75,8.7,15.94,0.0,13.0
2008-04-02,9.3,79,100,10.7,8.04,0.0,9.1
2008-04-03,11.5,86,77,8.1,14.01,0.2,10.0
2008-04-04,11.2,82,84,18.4,7.51,0.0,12.0
2008-04-05,9.7,79,97,9.1,7.89,0.0,11.4
2008-04-06,10.0,86,91,10.5,4.92,4.3,9.1
2008-04-07,13.6,78,48,15.9,16.5,2.5,15.0
2008-04-08,9.1,74,83,32.5,6.65,3.3,8.0
2008-04-09,13.5,75,70,14.6,11.14,0.0,16.0
2008-04-10,17.6,84,81,17.7,12.26,6.1,17.0
2008-04-11,15.3,87,94,13.3,9.62,1.9,16.0
2008-04-12,17.4,89,66,24.4,10.4,8.5,16.0
2008-04-13,13.1,66,66,26.8,14.09,0.0,14.0
2008-04-14,16.4,66,7,13.0,19.93,0.0,19.0
2008-04-15,16.7,63,51,18.2,19.42,0.6,18.0
2008-04-16,13.4,74,100,12.2,11.43,1.2,14.0
2008-04-17,9.3,87,93,17.2,9.34,6.5,7.1
2008-04-18,10.1,79,84,15.3,10.81,0.8,9.0
2008-04-19,9.2,87,95,17.6,8.38,2.0,7.3
2008-04-20,10.8,83,100,15.0,6.25,0.5,10.0
2008-04-21,13.2,75,58,15.3,15.92,1.8,14.3
2008-04-22,13.5,61,78,24.0,14.94,0.0,16.0
2008-04-23,13.9,52,81,19.2,19.39,0.0,14.2
2008-04-24,15.3,58,2,9.4,22.33,0.0,16.4
2008-04-25,16.8,61,42,9.0,20.36,0.0,18.0
2008-04-26,17.6,61,37,9.2,17.45,0.0,19.2
2008-04-27,17.3,68,25,9.2,20.08,0.0,19.0
2008-04-28,18.6,59,14,13.0,23.36,0.0,21.0
2008-04-29,13.9,73,69,17.7,10.7,0.7,15.0
2008-04-30,17.4,81,80,16.3,14.98,1.1,18.5
2008-05-01,18.8,81,44,14.1,19.26,8.2,20.0
2008-05-02,13.1,94,97,16.6,5.8,7.1,14.0
2008-05-03,14.1,85,91,16.1,9.56,5.0,16.0
2008-05-04,17.1,87,96,12.6,12.95,3.7,18.0
2008-05-05,19.1,82,42,11.6,21.17,0.6,20.0
2008-05-06,15.8,62,30,19.0,24.76,0.0,17.0
2008-05-07,15.7,64,41,14.9,21.25,0.0,17.0
2008-05-08,15.0,66,71,19.7,17.74,0.0,16.0
2008-05-09,15.8,70,38,14.1,17.42,0.0,17.0
2008-05-10,18.6,71,38,8.8,22.87,1.7,19.2
2008-05-11,19.5,73,25,9.1,21.51,0.0,22.0
2008-05-12,21.8,64,22,12.0,24.23,0.3,23.1
2008-05-13,15.1,71,70,14.5,17.3,0.0,16.4
2008-05-14,16.0,57,35,9.2,24.5,0.0,17.0
2008-05-15,19.4,58,11,10.0,22.14,0.0,21.1
2008-05-16,21.5,67,38,14.5,22.26,1.7,23.0
2008-05-17,22.0,74,77,12.7,21.22,0.4,25.0
2008-05-18,21.8,83,97,17.5,15.34,7.1,21.0
2008-05-19,11.2,84,99,14.5,5.04,9.0,11.0
2008-05-20,15.7,70,73,15.3,22.5,1.8,16.0
2008-05-21,13.6,85,100,16.6,6.31,12.3,13.0
2008-05-22,14.6,88,100,12.7,5.64,0.0,14.3
2008-05-23,13.5,85,100,13.3,4.58,1.4,14.1
2008-05-24,12.5,81,100,15.7,5.4,0.0,13.0
2008-05-25,15.5,76,89,14.3,8.92,0.3,17.0
2008-05-26,19.1,63,63,12.2,23.88,0.0,20.0
2008-05-27,19.7,72,61,20.8,18.99,3.0,23.0
2008-05-28,16.0,61,1,19.7,28.23,0.0,18.0
2008-05-29,19.5,59,45,15.7,27.5,0.0,21.1
2008-05-30,22.6,61,14,15.4,28.11,0.0,24.3
2008-05-31,23.3,54,81,12.5,27.05,0.0,25.0
2008-06-01,23.9,56,3,12.0,27.87,0.0,25.2
2008-06-02,23.9,52,0,12.4,28.12,0.0,25.0
2008-06-03,25.4,53,2,15.7,28.0,0.0,27.0
2008-06-04,20.4,56,37,20.1,22.36,0.0,21.0
2008-06-05,19.8,59,49,18.8,16.88,0.0,21.1
2008-06-06,23.3,52,36,17.0,23.13,0.0,24.2
2008-06-07,25.3,48,27,14.0,24.87,0.0,26.3
2008-06-08,26.3,51,51,8.2,22.93,0.0,27.0
2008-06-09,27.2,53,14,15.4,25.93,0.0,29.0
2008-06-10,27.1,47,23,20.5,27.96,0.0,28.0
2008-06-11,23.5,50,17,20.6,26.13,0.0,24.2
2008-06-12,19.7,48,47,16.2,20.58,0.0,20.0
2008-06-13,22.1,53,82,13.8,16.41,0.1,23.0
2008-06-14,17.8,63,77,22.1,15.99,0.9,19.0
2008-06-15,18.9,56,76,8.2,19.39,0.0,20.1
2008-06-16,21.7,59,55,14.1,24.4,0.1,23.0
2008-06-17,20.0,68,52,12.9,22.84,2.2,21.1
2008-06-18,21.6,53,42,7.4,19.96,0.0,24.0
2008-06-19,24.1,51,65,11.9,19.31,0.0,25.0
2008-06-20,25.4,59,66,16.9,21.0,4.3,26.1
2008-06-21,22.4,66,71,23.1,18.05,0.0,22.6
2008-06-22,24.7,58,56,15.6,26.82,0.0,26.0
2008-06-23,27.1,57,55,22.8,21.22,1.5,28.0
2008-06-24,22.2,47,14,20.4,28.45,0.0,23.1
2008-06-25,23.1,49,46,11.2,28.41,0.0,24.1
2008-06-26,24.7,60,58,19.9,23.84,3.1,28.0
2008-06-27,25.1,60,59,17.6,16.76,1.7,26.0
2008-06-28,21.7,61,70,21.5,18.59,0.3,21.0
2008-06-29,23.4,61,46,21.1,20.24,0.0,24.0
2008-06-30,26.6,59,62,20.2,16.84,0.0,28.0
2008-07-01,23.4,51,64,16.0,23.25,0.0,23.0
2008-07-02,24.6,52,17,9.4,27.79,0.0,25.3
2008-07-03,26.9,46,0,10.2,27.79,0.0,28.1
2008-07-04,25.5,59,45,15.1,20.44,5.4,28.0
2008-07-05,22.3,72,66,20.2,15.78,3.3,21.0
2008-07-06,25.7,60,60,16.8,20.6,0.0,27.0
2008-07-07,24.1,66,91,16.3,12.47,3.9,25.1
2008-07-08,23.4,63,44,18.7,23.14,0.5,24.1
2008-07-09,19.8,67,53,20.2,18.12,7.5,20.0
2008-07-10,21.2,63,70,16.4,18.59,0.1,22.0
2008-07-11,27.2,59,63,16.5,24.57,0.0,28.0
2008-07-12,28.6,65,52,15.5,23.32,5.4,29.0
2008-07-13,25.3,79,98,11.4,14.17,6.4,26.0
2008-07-14,20.6,77,98,20.0,8.95,5.7,19.0
2008-07-15,21.4,68,87,16.4,17.97,0.0,21.0
2008-07-16,22.4,75,72,11.6,11.92,0.5,22.0
2008-07-17,20.7,67,82,16.1,17.51,0.3,20.6
2008-07-18,20.3,64,72,6.9,14.0,0.0,22.0
2008-07-19,22.8,73,37,9.0,21.3,2.8,23.0
2008-07-20,22.5,70,46,19.8,19.88,2.3,23.0
2008-07-21,17.5,83,85,12.7,7.55,16.2,17.0
2008-07-22,20.2,69,54,10.1,20.96,0.4,20.3
2008-07-23,22.2,62,97,25.5,16.76,0.2,22.0
2008-07-24,26.5,76,95,25.0,12.46,10.0,26.5
2008-07-25,28.2,73,41,23.5,20.94,0.3,29.4
2008-07-26,27.2,61,20,18.8,24.87,0.0,28.0
2008-07-27,27.2,55,1,14.8,25.06,0.0,28.2
2008-07-28,27.2,59,14,15.3,24.25,0.0,28.0
2008-07-29,25.4,56,16,14.6,21.73,0.0,26.1
2008-07-30,24.7,58,14,11.0,22.58,0.0,25.0
2008-07-31,26.7,46,9,10.2,24.12,0.0,27.0
2008-08-01,28.0,46,4,13.0,25.34,0.0,28.0
2008-08-02,30.1,69,65,16.6,17.76,9.4,29.0
2008-08-03,25.6,72,67,14.2,17.51,2.7,26.0
2008-08-04,27.4,76,65,21.9,14.81,4.2,27.7
2008-08-05,22.1,57,43,35.1,15.94,0.2,21.0
2008-08-06,20.9,67,86,29.5,10.85,0.1,21.0
2008-08-07,25.0,64,20,12.4,19.68,0.0,25.0
2008-08-08,27.5,68,55,24.6,16.89,2.4,28.0
2008-08-09,21.6,72,69,20.0,15.79,0.2,21.1
2008-08-10,21.8,59,59,12.9,15.94,0.0,23.0
2008-08-11,26.5,59,60,13.3,16.95,1.8,27.0
2008-08-12,28.6,58,65,20.4,19.43,0.0,29.0
2008-08-13,22.6,69,55,19.5,8.87,1.8,22.0
2008-08-14,26.8,61,36,11.0,21.75,0.0,28.0
2008-08-15,26.3,84,91,19.7,7.35,36.6,24.3
2008-08-16,24.9,89,100,17.0,9.28,8.4,24.0
2008-08-17,17.5,80,95,24.0,7.36,0.3,17.4
2008-08-18,23.1,68,50,12.9,18.66,0.0,25.0
2008-08-19,26.5,60,34,15.6,20.14,0.0,28.0
2008-08-20,25.8,67,45,18.2,16.2,0.0,28.5
2008-08-21,23.2,67,20,15.9,19.28,0.0,23.6
2008-08-22,24.4,68,67,11.3,16.3,0.0,26.0
2008-08-23,22.8,67,88,22.0,14.19,1.8,24.0
2008-08-24,20.2,70,79,12.0,14.11,1.7,21.0
2008-08-25,19.5,74,48,17.3,14.21,0.4,20.0
2008-08-26,21.5,72,29,13.0,15.96,0.0,23.0
2008-08-27,22.3,75,57,17.3,10.92,0.1,22.7
2008-08-28,22.5,75,66,18.7,13.66,0.1,22.2
2008-08-29,17.4,85,82,25.9,4.72,12.7,18.0
2008-08-30,18.0,70,42,22.2,14.88,0.3,17.2
2008-08-31,19.8,70,33,14.7,13.83,0.0,21.0
2008-09-01,20.8,73,59,11.3,17.74,0.0,22.0
2008-09-02,22.0,74,69,18.8,12.07,0.8,22.0
2008-09-03,26.7,66,36,19.7,17.23,0.0,28.0
2008-09-04,22.3,72,66,14.8,10.83,1.3,23.0
2008-09-05,23.1,90,58,11.0,9.76,9.9,25.0
2008-09-06,28.4,76,26,9.0,17.4,0.0,30.0
2008-09-07,27.8,76,24,18.8,15.97,0.0,30.0
2008-09-08,18.2,89,84,12.1,2.93,3.1,18.1
2008-09-09,20.5,79,51,14.5,12.71,0.1,20.6
2008-09-10,22.1,73,54,7.4,13.26,0.0,22.5
2008-09-11,18.3,85,75,8.0,6.96,4.6,17.1
2008-09-12,13.1,73,72,17.1,5.01,0.0,14.0
2008-09-13,11.4,71,82,18.7,6.7,0.5,10.6
2008-09-14,12.1,74,98,11.2,4.01,0.0,11.5
2008-09-15,11.6,71,100,18.9,6.47,0.0,12.0
2008-09-16,10.4,67,100,22.2,4.65,0.0,10.0
2008-09-17,10.6,82,94,13.0,5.91,2.0,11.0
2008-09-18,10.8,83,98,13.2,4.3,0.2,11.0
2008-09-19,9.6,85,100,18.0,2.77,3.4,10.0
2008-09-20,9.8,87,97,22.3,3.22,4.9,10.3
2008-09-21,13.3,91,84,16.6,5.88,8.7,12.0
2008-09-22,10.8,96,92,10.6,1.39,2.3,11.6
2008-09-23,11.2,95,100,15.8,1.18,6.1,12.0
2008-09-24,10.9,90,99,15.8,1.58,0.6,11.0
2008-09-25,14.9,71,49,17.4,11.23,0.0,16.0
2008-09-26,15.4,78,29,12.1,11.44,0.0,16.0
2008-09-27,15.2,86,44,14.9,10.54,0.0,14.4
2008-09-28,16.0,83,60,22.0,7.53,0.0,17.0
2008-09-29,14.2,87,84,18.7,6.96,1.4,15.2
2008-09-30,14.3,84,77,17.4,9.67,1.3,14.0
2008-10-01,15.1,78,85,28.0,5.86,4.0,16.0
2008-10-02,16.0,63,44,28.6,10.66,0.1,17.0
2008-10-03,13.6,77,89,12.2,5.76,0.3,14.0
2008-10-04,10.5,85,99,8.8,4.64,0.6,11.0
2008-10-05,12.4,77,32,12.8,11.79,0.0,13.0
2008-10-06,12.9,80,77,11.6,3.57,0.5,15.0
2008-10-07,10.9,91,100,10.4,1.2,0.2,12.0
2008-10-08,13.2,83,96,7.4,4.62,0.0,15.6
2008-10-09,17.2,85,71,9.1,7.51,0.2,18.0
2008-10-10,13.6,82,91,15.9,4.86,0.0,13.0
2008-10-11,16.0,82,66,14.7,5.88,0.0,18.0
2008-10-12,17.4,85,53,14.8,8.04,0.0,19.0
2008-10-13,14.4,86,73,12.1,3.81,0.0,16.0
2008-10-14,17.8,88,57,16.6,6.99,1.4,17.0
2008-10-15,14.0,90,73,11.1,4.81,0.0,13.0
2008-10-16,16.4,91,96,17.5,4.4,7.0,16.0
2008-10-17,11.0,84,84,28.1,6.13,7.6,11.0
2008-10-18,10.8,77,81,21.5,5.45,0.0,10.0
2008-10-19,11.7,75,77,28.9,6.16,0.0,12.3
2008-10-20,14.1,79,63,17.0,8.11,0.0,15.0
2008-10-21,16.9,82,5,15.9,8.81,0.0,18.0
2008-10-22,14.1,88,71,15.0,3.18,0.0,14.0
2008-10-23,10.2,84,91,19.4,3.62,4.5,10.0
2008-10-24,8.7,80,88,12.9,4.32,0.0,10.0
2008-10-25,7.9,78,98,10.1,2.81,0.0,8.0
2008-10-26,10.2,79,44,16.3,6.92,0.0,12.0
2008-10-27,11.6,79,94,17.9,4.47,0.0,12.0
2008-10-28,10.5,85,99,15.4,1.81,1.3,11.0
2008-10-29,16.3,80,87,17.7,5.81,2.8,17.0
2008-10-30,18.1,76,55,29.0,6.16,1.9,20.0
2008-10-31,11.3,81,50,17.4,6.73,0.5,10.0
2008-11-01,15.6,83,69,13.5,5.94,0.0,17.0
2008-11-02,11.5,93,78,13.6,4.67,0.0,14.0
2008-11-03,10.4,89,100,14.2,2.16,0.0,9.0
2008-11-04,13.5,93,100,11.8,2.89,0.0,11.0
2008-11-05,12.0,97,99,15.5,1.65,3.4,12.0
2008-11-06,10.7,85,92,20.5,2.36,0.0,10.0
2008-11-07,8.4,72,85,21.9,5.41,0.0,7.0
2008-11-08,11.4,86,68,14.6,5.68,0.2,9.0
2008-11-09,13.6,89,45,15.3,4.18,0.2,15.0
2008-11-10,13.4,85,77,18.7,4.72,0.0,13.3
2008-11-11,11.7,77,14,18.9,5.76,0.0,12.0
2008-11-12,9.0,88,83,14.8,1.34,3.4,10.0
2008-11-13,9.7,89,93,9.1,4.12,2.0,10.0
2008-11-14,6.5,81,95,19.9,2.57,0.0,7.0
2008-11-15,9.6,84,100,22.3,1.12,0.8,10.0
2008-11-16,9.9,82,92,23.4,3.52,1.7,10.8
2008-11-17,5.8,81,55,28.0,3.97,2.5,5.0
2008-11-18,3.5,78,54,25.0,4.95,0.0,4.6
2008-11-19,5.5,86,84,31.2,3.34,5.1,6.0
2008-11-20,7.2,92,92,33.8,0.51,11.4,8.0
2008-11-21,4.0,86,76,26.5,3.49,2.1,5.0
2008-11-22,0.0,81,58,17.5,3.66,0.2,-0.8
2008-11-23,0.7,83,79,29.4,2.97,1.0,0.3
2008-11-24,0.5,77,94,22.3,3.6,0.4,0.7
2008-11-25,0.3,87,71,14.8,3.74,0.2,2.0
2008-11-26,1.8,85,88,22.1,2.54,0.6,2.0
2008-11-27,6.2,94,100,21.0,1.01,0.2,5.4
2008-11-28,5.0,86,54,16.3,3.4,0.0,4.1
2008-11-29,4.2,83,98,20.7,2.69,2.2,2.2
2008-11-30,7.5,88,88,23.1,2.33,0.0,8.4
2008-12-01,8.5,85,72,23.8,3.77,1.5,10.4
2008-12-02,7.6,75,33,23.4,3.46,0.0,9.0
2008-12-03,3.3,92,83,15.0,1.31,2.4,3.0
2008-12-04,5.1,89,62,16.8,2.29,0.0,6.0
2008-12-05,6.1,94,86,13.8,1.06,3.4,6.4
2008-12-06,6.9,93,69,11.0,1.86,3.2,7.0
2008-12-07,4.5,94,90,13.6,1.55,0.1,4.3
2008-12-08,3.3,92,90,14.0,1.23,0.1,3.0
2008-12-09,3.6,92,75,14.3,1.42,0.1,4.0
2008-12-10,2.9,86,93,13.8,3.26,0.0,3.0
2008-12-11,4.7,69,93,15.5,1.84,0.0,6.2
2008-12-12,4.6,74,89,16.3,3.07,0.0,4.1
2008-12-13,2.0,82,62,20.3,2.45,0.0,2.0
2008-12-14,1.1,73,7,23.6,3.35,0.0,0.1
2008-12-15,1.5,80,55,20.0,2.8,0.0,0.0
2008-12-16,3.7,89,45,13.8,2.99,0.2,3.8
2008-12-17,5.4,92,68,15.7,2.41,0.0,6.4
2008-12-18,3.3,95,100,12.5,0.85,1.8,4.0
2008-12-19,1.6,98,100,10.4,0.59,7.8,2.0
2008-12-20,2.7,96,98,19.2,1.15,5.1,4.0
2008-12-21,4.0,87,80,22.3,0.67,3.8,4.4
2008-12-22,6.7,91,85,30.9,0.65,5.2,8.0
2008-12-23,4.5,74,47,26.7,2.8,0.9,6.0
2008-12-24,0.2,84,58,20.9,2.43,0.0,0.0
2008-12-25,0.1,77,83,18.3,1.8,0.0,0.3
2008-12-26,-1.2,71,97,15.9,1.18,0.0,-0.6
2008-12-27,-2.1,68,94,7.1,1.43,0.0,-1.9
2008-12-28,-0.9,79,87,9.5,2.04,0.0,-1.0
2008-12-29,-1.6,81,98,7.6,1.69,0.0,0.0
2008-12-30,-1.7,79,42,7.6,3.14,0.0,0.9
2008-12-31,1.2,76,1,12.8,3.46,0.0,
2009-01-01,-2.9,81,50,16.6,1.78,0.0,-3.7
2009-01-02,-2.4,88,56,15.4,2.09,0.2,-2.0
2009-01-03,-3.0,78,52,29.8,3.17,1.0,-2.8
2009-01-04,-1.2,83,92,29.9,2.26,1.5,-1.0
2009-01-05,-8.6,75,57,11.4,3.83,0.0,-9.0
2009-01-06,-10.1,73,63,11.5,3.4,0.0,-10.0
2009-01-07,-6.1,75,50,26.1,3.56,1.7,-6.0
2009-01-08,-5.7,80,26,21.7,3.99,0.0,-6.0
2009-01-09,-1.4,74,94,26.2,1.4,0.1,-1.8
2009-01-10,1.1,96,100,18.4,1.32,0.0,0.2
2009-01-11,1.1,90,59,12.8,2.52,0.0,1.1
2009-01-12,-1.2,70,11,15.9,4.01,0.0,0.2
2009-01-13,-0.8,67,11,17.0,4.1,0.0,0.0
2009-01-14,-0.8,73,60,11.0,3.05,0.0,-2.0
2009-01-15,-0.8,88,99,11.9,2.43,0.3,-0.8
2009-01-16,-0.2,89,82,16.6,2.73,0.0,0.0
2009-01-17,-1.8,83,82,8.2,2.28,0.0,-1.7
2009-01-18,-0.9,85,57,12.0,3.37,0.0,-2.0
2009-01-19,2.1,92,82,19.2,2.13,1.5,2.0
2009-01-20,2.7,88,74,17.2,3.04,0.9,4.0
2009-01-21,6.1,93,100,11.8,3.36,0.7,6.0
2009-01-22,2.6,96,100,12.6,1.49,4.9,3.0
2009-01-23,5.2,97,98,22.7,1.13,0.0,5.0
2009-01-24,5.6,96,95,20.2,2.12,2.2,4.1
2009-01-25,3.2,94,85,11.9,2.24,0.4,5.0
2009-01-26,2.6,96,96,6.8,2.17,0.0,3.3
2009-01-27,2.9,92,90,10.4,2.74,0.0,2.0
2009-01-28,1.4,89,92,14.0,3.04,0.0,1.0
2009-01-29,1.4,81,92,12.3,2.3,0.0,2.7
2009-01-30,1.8,91,95,10.1,2.25,1.4,1.0
2009-01-31,0.7,85,96,14.1,3.25,0.2,0.0
2009-02-01,-0.8,72,94,25.6,3.27,0.0,0.0
2009-02-02,0.9,73,80,19.1,5.92,0.0,0.1
2009-02-03,0.3,73,73,27.1,6.12,0.0,-0.8
2009-02-04,4.3,94,99,13.4,2.59,0.9,3.0
2009-02-05,3.0,94,99,7.7,2.31,0.0,3.0
2009-02-06,4.6,96,97,13.2,3.14,0.0,5.0
2009-02-07,11.1,85,75,19.4,6.37,0.0,12.0
2009-02-08,7.7,91,96,18.2,2.98,5.5,9.0
2009-02-09,0.8,85,94,19.5,4.59,0.5,2.0
2009-02-10,1.6,75,89,21.1,4.56,0.7,3.0
2009-02-11,4.6,90,93,16.2,4.82,1.5,4.0
2009-02-12,2.1,88,98,18.2,2.45,0.2,0.6
2009-02-13,1.2,84,100,17.3,2.61,3.2,0.4
2009-02-14,0.8,90,100,22.7,3.55,5.6,0.4
2009-02-15,-0.0,83,68,18.8,7.3,0.2,0.0
2009-02-16,-2.2,88,58,9.7,4.79,0.0,-0.3
2009-02-17,-4.0,84,69,15.5,7.01,1.3,-3.0
2009-02-18,-1.9,87,100,17.1,5.3,3.3,-2.7
2009-02-19,-1.8,87,75,14.3,6.43,1.8,-2.0
2009-02-20,-2.6,85,54,9.5,8.56,0.0,-2.0
2009-02-21,-3.8,85,46,7.2,9.44,0.0,-1.0
2009-02-22,-3.8,83,99,20.2,7.48,1.2,-3.0
2009-02-23,2.0,92,98,18.7,5.53,4.2,3.0
2009-02-24,1.1,90,98,10.4,4.19,0.0,2.0
2009-02-25,1.4,92,100,17.8,4.83,0.3,3.0
2009-02-26,2.9,95,100,20.6,3.05,1.5,3.0
2009-02-27,3.3,88,71,22.6,6.5,1.6,3.0
2009-02-28,2.8,80,41,19.8,9.16,1.9,3.0
2009-03-01,3.0,72,18,11.3,10.47,0.0,5.0
2009-03-02,4.9,66,28,16.8,11.63,0.0,5.0
2009-03-03,4.5,80,88,14.2,2.85,0.0,2.0
2009-03-04,7.8,88,94,18.9,5.43,0.0,8.0
2009-03-05,8.6,80,63,27.5,9.45,0.0,7.0
2009-03-06,6.9,81,100,22.1,5.62,1.1,5.0
2009-03-07,3.7,84,99,12.6,4.51,0.0,3.2
2009-03-08,4.6,83,96,17.6,5.34,0.1,3.3
2009-03-09,4.7,92,97,19.9,2.78,4.5,6.4
2009-03-10,6.1,87,84,20.5,6.55,2.8,5.6
2009-03-11,5.3,84,89,12.1,6.11,0.0,7.0
2009-03-12,3.2,81,80,18.1,7.39,5.7,1.3
2009-03-13,4.5,72,66,10.9,8.85,0.0,6.0
2009-03-14,7.4,74,83,8.8,10.17,0.0,8.0
2009-03-15,8.6,77,97,15.3,9.92,4.2,11.0
2009-03-16,7.0,84,80,18.5,8.68,0.6,5.0
2009-03-17,5.4,92,95,29.8,3.12,6.6,6.4
2009-03-18,5.3,72,99,36.0,9.65,2.3,4.4
2009-03-19,4.2,77,86,24.9,7.72,1.8,2.0
2009-03-20,3.9,74,78,18.4,9.5,0.1,2.0
2009-03-21,5.5,66,90,21.6,11.53,0.0,5.4
2009-03-22,4.6,77,98,20.5,4.88,1.9,3.5
2009-03-23,7.2,80,92,30.9,10.83,6.5,7.0
2009-03-24,4.6,85,94,27.3,9.38,7.5,5.0
2009-03-25,2.6,77,70,18.7,15.03,2.0,1.0
2009-03-26,4.5,76,64,11.4,13.99,0.0,4.3
2009-03-27,8.4,82,77,22.9,9.72,1.0,8.0
2009-03-28,11.7,75,75,22.8,13.09,0.2,12.0
2009-03-29,10.9,70,99,23.8,7.69,1.0,12.0
2009-03-30,8.9,79,98,16.6,7.88,0.7,8.1
2009-03-31,10.5,76,26,10.3,14.07,0.0,12.0
2009-04-01,12.5,73,45,13.2,14.21,0.0,14.0
2009-04-02,10.6,70,9,11.0,18.74,0.0,13.0
2009-04-03,15.3,67,25,8.6,18.8,0.0,18.0
2009-04-04,17.6,68,23,9.0,19.35,0.0,20.0
2009-04-05,19.2,77,25,16.2,16.94,0.2,21.1
2009-04-06,14.0,71,13,10.1,19.52,0.0,16.6
2009-04-07,17.5,65,37,10.8,17.87,0.0,18.3
2009-04-08,20.8,64,7,13.6,19.02,0.2,23.0
2009-04-09,18.5,73,47,17.5,15.22,4.0,18.0
2009-04-10,13.7,75,29,12.9,17.23,0.0,14.0
2009-04-11,13.7,77,54,18.0,13.97,0.0,11.2
2009-04-12,13.4,73,82,15.1,10.38,0.0,13.0
2009-04-13,14.3,72,69,12.5,13.05,0.0,15.0
2009-04-14,16.4,70,55,9.7,16.47,0.0,18.0
2009-04-15,13.7,66,19,15.2,18.04,0.0,15.0
2009-04-16,14.3,65,12,11.9,17.72,0.0,15.2
2009-04-17,18.4,67,46,13.9,17.86,1.6,18.1
2009-04-18,13.6,78,64,18.9,8.02,4.8,13.1
2009-04-19,9.6,52,6,16.1,23.04,0.0,11.1
2009-04-20,13.3,58,37,10.1,22.74,0.0,15.0
2009-04-21,13.2,59,8,13.4,22.69,0.0,14.6
2009-04-22,14.8,49,7,11.0,23.4,0.0,16.2
2009-04-23,16.3,51,53,11.0,23.24,0.0,17.3
2009-04-24,14.8,54,43,15.0,22.91,0.0,16.0
2009-04-25,16.6,49,0,15.3,23.59,0.0,18.0
2009-04-26,19.4,43,0,20.5,23.74,0.0,21.0
2009-04-27,20.9,40,32,24.5,23.86,0.0,22.0
2009-04-28,22.4,39,1,22.5,24.49,0.0,24.0
2009-04-29,23.4,43,0,12.5,24.26,0.0,24.1
2009-04-30,24.9,47,20,16.9,22.65,0.1,25.6
2009-05-01,16.0,43,5,22.0,24.75,0.0,17.0
2009-05-02,19.2,38,1,15.7,24.71,0.0,19.4
2009-05-03,21.2,42,0,9.8,25.07,0.0,22.4
2009-05-04,20.4,50,20,21.5,21.32,0.4,22.0
2009-05-05,15.1,52,70,18.1,17.04,0.1,14.9
2009-05-06,13.3,74,84,26.9,9.01,5.1,12.0
2009-05-07,16.4,51,61,34.7,22.29,0.0,16.4
2009-05-08,21.4,60,60,17.7,19.09,0.0,23.0
2009-05-09,19.2,50,56,21.9,23.72,0.8,20.0
2009-05-10,22.6,66,84,21.2,17.94,4.8,23.0
2009-05-11,17.7,70,74,16.2,16.3,2.9,19.6
2009-05-12,14.9,63,44,22.4,23.7,3.3,15.0
2009-05-13,13.8,50,39,22.9,20.02,0.0,14.0
2009-05-14,16.0,56,10,12.3,24.71,0.0,15.6
2009-05-15,16.8,54,16,10.1,26.86,0.0,19.0
2009-05-16,17.3,68,91,18.7,10.62,7.1,16.2
2009-05-17,16.9,74,94,18.8,12.59,0.1,17.0
2009-05-18,22.0,68,47,15.7,24.61,1.3,22.0
2009-05-19,19.4,80,69,12.3,12.33,2.4,19.3
2009-05-20,22.4,64,38,8.0,26.28,0.0,23.0
2009-05-21,23.3,62,81,10.2,19.17,1.3,24.2
2009-05-22,22.0,66,96,18.4,15.97,3.3,22.0
2009-05-23,15.6,78,65,28.0,17.86,9.3,14.0
2009-05-24,18.9,69,82,16.9,17.82,0.0,18.0
2009-05-25,20.5,66,25,15.8,23.99,0.0,21.0
2009-05-26,23.8,59,3,14.1,27.39,0.0,24.1
2009-05-27,22.2,66,41,31.1,15.36,2.2,22.0
2009-05-28,17.6,71,67,18.9,17.84,6.2,18.0
2009-05-29,15.8,79,95,15.5,12.5,4.3,13.3
2009-05-30,15.7,83,96,18.7,9.73,8.9,15.2
2009-05-31,21.5,83,87,21.6,17.33,7.6,23.0
2009-06-01,19.2,69,80,8.7,22.12,0.0,19.2
2009-06-02,18.5,79,78,10.5,18.57,2.8,17.9
2009-06-03,16.5,79,64,31.6,17.72,2.3,16.0
2009-06-04,14.7,71,53,19.7,23.93,1.2,14.4
2009-06-05,14.1,69,64,20.3,21.54,1.6,12.6
2009-06-06,17.5,63,60,20.6,22.19,0.8,18.0
2009-06-07,18.6,80,90,27.0,12.84,7.9,19.0
2009-06-08,21.7,74,42,15.2,22.39,0.0,23.0
2009-06-09,25.0,71,78,16.8,24.06,4.3,25.2
2009-06-10,22.6,77,76,15.2,21.79,0.0,22.5
2009-06-11,22.9,74,78,14.6,23.52,1.3,23.3
2009-06-12,15.4,62,79,23.5,12.29,0.0,16.5
2009-06-13,12.8,86,80,28.2,7.38,7.1,12.1
2009-06-14,18.4,72,87,25.6,17.49,2.3,19.4
2009-06-15,21.8,68,76,15.9,21.63,0.9,23.0
2009-06-16,15.8,87,81,20.8,6.37,18.8,18.0
2009-06-17,16.6,68,47,19.6,19.42,0.0,17.1
2009-06-18,21.8,69,88,15.1,19.81,0.0,22.1
2009-06-19,19.6,85,84,12.5,11.51,8.8,20.0
2009-06-20,17.4,75,100,14.3,14.87,0.0,18.0
2009-06-21,18.3,71,95,12.9,16.37,0.3,20.0
2009-06-22,16.8,86,99,20.4,4.5,6.4,16.5
2009-06-23,25.2,83,90,26.4,18.6,5.4,26.6
2009-06-24,22.2,91,96,20.2,9.86,8.9,22.3
2009-06-25,25.6,84,83,22.4,17.41,1.6,27.0
2009-06-26,21.9,83,100,23.0,11.21,2.7,19.4
2009-06-27,22.9,86,97,16.3,8.78,0.5,21.0
2009-06-28,25.7,81,48,10.9,19.98,2.3,26.2
2009-06-29,26.7,80,38,11.4,23.36,7.1,29.4
2009-06-30,26.3,85,53,12.1,20.14,10.4,30.0
2009-07-01,27.6,80,57,10.3,24.03,1.0,29.6
2009-07-02,26.0,86,87,10.9,19.48,5.0,28.0
2009-07-03,24.4,76,34,12.1,22.04,0.1,26.0
2009-07-04,24.4,68,60,11.5,21.52,0.3,26.0
2009-07-05,22.9,82,72,14.5,16.75,6.5,21.3
2009-07-06,23.5,79,43,8.2,21.44,4.2,24.2
2009-07-07,24.7,79,69,9.5,22.83,4.3,25.0
2009-07-08,20.7,85,80,23.0,15.15,9.8,20.0
2009-07-09,20.0,74,52,20.4,20.25,0.7,20.2
2009-07-10,21.0,75,39,9.7,21.19,3.0,22.0
2009-07-11,18.9,78,35,15.4,22.31,0.0,19.0
2009-07-12,20.4,69,33,7.7,21.71,0.1,20.2
2009-07-13,21.8,75,39,6.6,20.52,0.7,24.0
2009-07-14,26.0,72,60,11.8,22.89,0.0,27.0
2009-07-15,28.3,67,54,12.1,20.86,0.0,30.0
2009-07-16,25.6,82,67,10.6,14.25,4.2,28.0
2009-07-17,27.0,81,40,13.3,20.99,0.3,27.0
2009-07-18,30.2,69,45,17.6,23.75,2.7,31.0
2009-07-19,22.2,92,95,18.9,4.29,9.0,21.0
2009-07-20,21.1,77,46,18.5,17.91,1.4,22.0
2009-07-21,21.5,71,53,20.4,21.38,0.2,22.4
2009-07-22,25.8,75,75,14.2,15.32,2.9,27.3
2009-07-23,30.7,70,53,12.0,24.93,0.0,31.0
2009-07-24,24.9,74,62,21.0,17.68,14.4,24.3
2009-07-25,21.5,78,85,14.1,16.66,1.5,23.2
2009-07-26,18.9,77,71,20.6,15.03,1.9,19.0
2009-07-27,21.6,67,69,15.7,19.05,0.0,23.0
2009-07-28,25.9,67,43,16.1,22.9,0.7,26.1
2009-07-29,22.9,75,62,11.9,17.54,0.0,24.6
2009-07-30,26.5,72,37,15.9,19.2,0.2,28.0
2009-07-31,23.8,65,62,18.0,20.91,0.1,24.0
2009-08-01,23.3,60,15,12.1,24.88,0.0,23.5
2009-08-02,27.0,58,47,19.1,21.77,1.6,27.1
2009-08-03,24.9,79,80,14.9,14.98,6.3,25.0
2009-08-04,23.1,81,98,10.6,11.14,0.7,21.0
2009-08-05,22.9,89,94,14.2,10.68,18.9,22.9
2009-08-06,23.6,74,32,13.2,18.6,0.2,25.0
2009-08-07,23.4,68,23,13.9,19.44,0.0,25.0
2009-08-08,22.7,61,34,11.4,19.54,0.0,24.2
2009-08-09,22.5,58,36,10.3,19.43,0.0,24.0
2009-08-10,24.0,53,42,15.5,22.19,0.0,24.0
2009-08-11,20.0,75,97,16.1,6.8,6.6,19.0
2009-08-12,20.8,80,59,18.2,12.47,0.1,21.4
2009-08-13,20.5,73,52,22.0,16.9,3.9,20.3
2009-08-14,20.4,63,45,21.1,19.25,0.4,21.0
2009-08-15,20.8,62,70,11.6,16.25,0.0,22.0
2009-08-16,27.5,61,1,15.3,22.09,0.0,29.0
2009-08-17,28.5,69,47,14.0,19.0,0.4,28.0
2009-08-18,21.3,72,53,23.2,17.32,7.5,21.0
2009-08-19,20.8,65,23,16.7,20.41,0.0,22.0
2009-08-20,22.4,66,11,9.7,21.78,0.0,24.0
2009-08-21,25.0,60,0,10.7,21.66,0.0,25.3
2009-08-22,23.7,72,79,17.7,14.33,0.7,23.0
2009-08-23,20.2,74,81,16.3,11.91,2.1,21.2
2009-08-24,21.6,71,63,9.1,18.77,0.0,22.0
2009-08-25,24.6,64,21,15.8,16.29,0.0,25.0
2009-08-26,27.7,74,57,14.1,17.77,2.1,29.0
2009-08-27,20.0,92,70,10.2,6.39,12.9,22.5
2009-08-28,24.0,76,47,15.1,18.68,0.0,23.2
2009-08-29,21.1,84,83,21.8,6.69,15.8,20.3
2009-08-30,18.7,72,32,17.1,16.13,0.0,19.0
2009-08-31,20.4,67,36,9.0,17.21,0.0,22.0
2009-09-01,23.0,61,15,16.9,19.05,0.0,23.6
2009-09-02,24.3,56,33,18.4,17.73,0.0,25.0
2009-09-03,24.6,55,82,21.3,14.86,5.7,25.0
2009-09-04,19.8,83,98,11.5,7.77,5.5,19.0
2009-09-05,16.1,81,62,23.8,7.14,1.9,16.0
2009-09-06,18.1,73,66,23.1,12.52,0.1,18.0
2009-09-07,18.8,77,51,13.4,10.83,0.5,19.0
2009-09-08,20.6,76,25,7.3,14.54,0.0,22.0
2009-09-09,22.7,73,35,10.1,15.9,0.0,23.1
2009-09-10,24.6,74,63,8.2,16.83,0.0,26.0
2009-09-11,23.6,74,62,10.2,15.26,0.1,25.0
2009-09-12,18.9,88,74,9.4,8.43,1.6,19.3
2009-09-13,18.5,77,66,8.0,11.79,0.0,19.0
2009-09-14,19.4,79,49,15.8,11.71,0.3,21.0
2009-09-15,21.9,81,63,15.5,10.94,0.0,23.1
2009-09-16,23.4,76,28,12.5,15.38,0.0,25.0
2009-09-17,19.1,78,53,16.2,12.42,0.0,20.4
2009-09-18,18.1,66,49,10.6,14.54,0.0,19.0
2009-09-19,17.8,67,52,12.6,14.8,0.0,18.2
2009-09-20,19.9,65,4,14.1,15.17,0.0,20.0
2009-09-21,22.4,76,3,10.0,14.68,0.0,24.0
2009-09-22,20.2,77,49,11.6,13.93,0.0,21.0
2009-09-23,21.8,72,32,19.6,14.0,0.0,23.0
2009-09-24,18.1,68,65,19.0,11.56,0.1,18.4
2009-09-25,16.4,72,56,19.3,7.3,0.1,17.3
2009-09-26,18.1,75,81,13.5,8.95,0.0,20.0
2009-09-27,19.6,78,38,9.8,13.28,0.0,21.0
2009-09-28,20.9,74,52,21.4,12.79,0.6,20.6
2009-09-29,14.0,87,87,25.4,4.84,8.9,14.7
2009-09-30,12.0,78,41,15.5,10.43,0.0,12.0
2009-10-01,15.9,79,84,28.9,6.15,8.2,16.0
2009-10-02,11.4,70,64,24.5,10.46,3.0,11.0
2009-10-03,12.0,76,72,20.0,8.63,0.2,12.0
2009-10-04,15.8,64,58,34.1,6.29,0.0,15.7
2009-10-05,13.1,61,39,31.9,9.27,0.0,13.1
2009-10-06,14.0,74,64,16.4,10.09,0.0,14.0
2009-10-07,19.4,87,70,23.6,3.64,2.6,21.0
2009-10-08,22.2,82,82,28.9,7.17,1.4,24.0
2009-10-09,12.0,69,75,23.2,8.03,0.0,12.0
2009-10-10,10.8,83,74,19.4,8.77,5.4,11.5
2009-10-11,10.1,93,99,17.1,0.99,2.9,10.2
2009-10-12,11.3,92,96,18.0,3.11,5.1,12.0
2009-10-13,7.3,75,99,24.7,6.22,0.1,7.0
2009-10-14,3.6,84,100,33.1,1.52,19.4,3.0
2009-10-15,4.0,89,76,20.3,5.01,1.9,4.0
2009-10-16,4.8,88,73,10.6,5.03,2.7,5.0
2009-10-17,5.7,85,93,6.6,4.62,0.0,5.1
2009-10-18,6.0,86,89,7.6,4.89,0.1,5.1
2009-10-19,5.6,90,75,8.1,5.27,0.0,7.2
2009-10-20,5.0,91,95,17.4,2.16,4.6,5.1
2009-10-21,4.3,96,100,8.9,1.42,7.9,4.6
2009-10-22,9.2,91,99,11.4,3.9,0.1,7.0
2009-10-23,7.8,96,100,15.5,1.0,3.1,8.0
2009-10-24,9.6,97,100,6.2,1.36,3.9,9.2
2009-10-25,11.2,92,100,9.0,3.36,0.0,10.2
2009-10-26,10.2,96,91,11.1,1.38,5.4,10.4
2009-10-27,11.1,93,68,18.2,3.41,0.5,11.0
2009-10-28,9.1,82,87,20.4,5.03,0.4,9.0
2009-10-29,7.4,86,77,13.4,4.91,1.0,7.0
2009-10-30,4.1,78,95,12.2,3.12,0.0,5.0
2009-10-31,3.7,85,75,7.9,3.6,0.0,3.3
2009-11-01,3.1,92,81,11.8,3.23,0.0,5.0
2009-11-02,4.4,71,4,22.1,7.3,0.0,5.0
2009-11-03,1.4,62,30,24.6,7.25,0.0,1.1
2009-11-04,3.1,70,69,25.3,4.41,1.4,2.1
2009-11-05,6.5,88,97,19.9,3.92,1.1,6.2
2009-11-06,7.7,91,68,13.0,5.04,0.1,6.0
2009-11-07,5.5,96,100,12.3,1.38,2.9,5.0
2009-11-08,7.6,97,100,17.5,1.94,0.6,7.0
2009-11-09,9.7,95,100,18.8,1.28,3.2,10.4
2009-11-10,8.6,98,100,11.8,1.01,1.5,8.0
2009-11-11,5.4,98,100,18.2,0.38,13.8,5.4
2009-11-12,4.3,97,100,14.8,1.01,7.4,4.4
2009-11-13,7.0,87,89,13.0,3.27,0.0,7.1
2009-11-14,9.6,91,86,14.8,3.84,0.0,9.1
2009-11-15,7.1,96,100,15.8,1.73,3.4,6.0
2009-11-16,9.8,95,99,10.3,1.9,0.0,8.1
2009-11-17,11.0,96,100,15.2,1.28,5.0,11.0
2009-11-18,9.8,86,93,27.2,3.02,3.0,10.6
2009-11-19,11.1,80,87,32.0,2.15,2.2,11.1
2009-11-20,10.2,84,54,16.2,4.89,0.0,12.5
2009-11-21,11.3,85,65,15.3,3.08,0.0,10.6
2009-11-22,9.2,95,88,13.0,1.44,0.0,9.0
2009-11-23,9.8,84,72,22.3,3.23,0.0,11.0
2009-11-24,9.8,81,74,30.9,2.95,3.7,10.9
2009-11-25,11.1,90,90,17.9,0.94,0.8,12.0
2009-11-26,8.9,87,56,15.9,2.12,0.7,11.4
2009-11-27,9.3,85,68,19.6,3.99,0.0,10.3
2009-11-28,7.9,83,63,18.4,3.85,0.0,9.0
2009-11-29,9.2,80,79,18.7,2.78,0.0,10.0
2009-11-30,9.9,82,95,23.8,3.5,0.0,9.0
2009-12-01,11.0,75,85,21.7,2.93,0.3,12.3
2009-12-02,7.7,87,97,20.1,1.17,1.0,8.0
2009-12-03,4.5,86,71,11.9,3.42,0.0,4.1
2009-12-04,7.5,95,100,12.7,1.06,0.0,7.1
2009-12-05,5.6,81,90,10.1,1.43,0.0,6.0
2009-12-06,4.8,84,99,12.9,1.56,2.0,4.0
2009-12-07,7.2,96,100,15.2,0.37,10.6,8.0
2009-12-08,5.9,91,96,12.6,1.61,0.0,6.1
2009-12-09,4.9,93,99,9.5,0.57,0.0,5.0
2009-12-10,3.1,95,96,9.2,0.62,1.7,4.1
2009-12-11,2.2,91,94,11.7,0.85,0.2,3.2
2009-12-12,-0.0,67,94,14.2,1.29,0.0,-1.0
2009-12-13,-2.1,71,83,8.9,1.3,0.0,-2.6
2009-12-14,-0.2,85,95,13.2,1.58,1.5,-1.0
2009-12-15,-3.2,74,97,11.3,1.27,0.0,-2.6
2009-12-16,-4.8,60,100,15.7,2.22,0.1,-5.8
2009-12-17,-8.7,70,100,20.2,1.9,4.8,-9.7
2009-12-18,-12.6,77,99,17.6,2.77,0.7,-12.0
2009-12-19,-14.9,80,68,12.2,3.2,0.0,-12.3
2009-12-20,-14.6,81,97,8.9,2.31,0.0,-12.8
2009-12-21,-3.0,81,86,18.6,1.9,1.0,-3.0
2009-12-22,2.5,83,70,22.4,2.83,0.0,3.0
2009-12-23,4.4,92,98,22.1,0.53,13.4,4.0
2009-12-24,2.4,95,100,21.1,0.83,1.0,2.0
2009-12-25,8.7,94,100,22.3,0.45,6.9,10.0
2009-12-26,4.7,75,89,29.6,1.26,0.2,6.0
2009-12-27,2.4,84,64,21.7,2.94,0.0,3.6
2009-12-28,0.6,93,100,16.8,1.11,5.1,1.0
2009-12-29,0.6,87,49,24.6,2.85,0.0,1.0
2009-12-30,-1.5,87,86,13.9,2.3,0.0,-1.0
2009-12-31,-3.9,81,99,14.5,1.66,0.7,-2.7
2010-01-01,-3.2,87,100,15.0,1.03,3.9,-3.0
2010-01-02,-3.3,90,100,10.9,1.56,0.1,-3.0
2010-01-03,-5.0,83,95,14.0,2.21,1.2,-5.0
2010-01-04,-5.7,88,73,10.7,2.28,0.0,-5.5
2010-01-05,-5.0,85,97,12.9,2.78,0.0,-4.8
2010-01-06,-5.3,87,91,17.7,1.97,3.0,-5.0
2010-01-07,-6.8,91,98,11.9,1.97,0.0,-5.0
2010-01-08,-5.8,87,96,21.3,2.71,0.0,-4.7
2010-01-09,-3.3,87,100,28.9,0.95,12.2,-2.7
2010-01-10,-1.5,88,100,25.8,1.15,4.1,-2.0
2010-01-11,-2.5,90,99,15.4,2.14,2.6,-2.0
2010-01-12,-3.3,91,97,10.8,1.83,0.3,-2.7
2010-01-13,-3.9,86,50,12.4,3.58,0.0,-3.0
2010-01-14,-9.9,81,36,13.4,4.34,0.0,-7.0
2010-01-15,-6.2,86,88,12.1,2.26,0.0,-6.8
2010-01-16,-6.4,86,58,21.9,3.41,0.0,-6.0
2010-01-17,-3.8,86,99,21.9,3.42,0.0,-4.0
2010-01-18,-3.0,86,98,19.2,3.69,0.0,-2.0
2010-01-19,-4.6,85,98,14.7,2.68,0.0,-5.8
2010-01-20,-9.0,79,99,19.1,2.55,1.2,-8.9
2010-01-21,-10.5,77,99,19.5,3.23,0.1,-9.0
2010-01-22,-10.8,75,49,15.2,5.25,0.0,-9.0
2010-01-23,-15.4,74,49,13.7,5.13,0.0,-13.8
2010-01-24,-18.4,78,37,11.9,4.71,0.0,-12.0
2010-01-25,-17.4,78,89,9.4,5.48,0.0,-15.0
2010-01-26,-18.3,79,41,8.8,5.28,0.0,-14.0
2010-01-27,-8.6,83,98,22.5,3.26,0.8,-9.9
2010-01-28,-0.8,82,92,28.1,2.78,6.0,0.0
2010-01-29,-1.7,87,82,21.3,3.7,0.4,0.0
2010-01-30,0.3,82,81,23.7,3.05,1.8,1.0
2010-01-31,-3.2,84,100,21.6,4.33,0.0,-1.7
2010-02-01,-3.9,88,100,13.6,4.38,0.1,-2.0
2010-02-02,-1.6,88,94,17.3,3.22,0.0,-1.0
2010-02-03,-0.5,85,88,27.3,2.06,5.2,0.6
2010-02-04,-1.1,87,41,12.3,5.25,0.0,2.1
2010-02-05,-1.7,83,40,22.8,6.94,0.3,0.0
2010-02-06,-4.4,84,94,23.0,4.38,0.0,-4.0
2010-02-07,-7.1,82,71,15.7,6.9,0.0,-6.5
2010-02-08,-6.3,86,98,6.3,5.43,0.2,-6.0
2010-02-09,-5.3,85,95,8.0,4.67,0.0,-5.8
2010-02-10,-3.9,84,90,16.4,6.04,0.0,-3.0
2010-02-11,0.0,89,100,24.1,2.11,4.4,0.3
2010-02-12,0.4,91,99,14.4,4.56,1.6,0.0
2010-02-13,-0.5,92,97,12.9,4.28,0.0,-1.8
2010-02-14,-3.3,89,100,14.8,3.05,7.0,-3.0
2010-02-15,-4.0,87,99,10.9,4.46,1.6,-4.0
2010-02-16,-2.7,88,97,5.4,6.0,0.2,-2.0
2010-02-17,0.2,87,60,16.4,8.98,0.0,-0.8
2010-02-18,2.5,87,95,13.7,5.72,0.0,4.0
2010-02-19,3.5,90,94,15.4,5.57,2.8,5.0
2010-02-20,2.9,92,100,18.6,3.78,4.8,3.0
2010-02-21,0.9,87,56,12.7,9.58,0.0,2.0
2010-02-22,2.7,87,40,16.6,9.8,0.0,5.0
2010-02-23,5.7,85,51,22.2,9.66,0.2,10.0
2010-02-24,1.8,94,100,13.8,3.26,1.7,4.0
2010-02-25,3.7,93,68,11.1,7.15,1.1,6.0
2010-02-26,5.1,91,71,18.4,8.85,1.0,7.0
2010-02-27,4.0,93,90,15.7,4.49,0.7,5.1
2010-02-28,5.6,83,75,22.0,9.62,0.0,8.0
2010-03-01,8.1,75,87,32.9,8.16,0.7,9.4
2010-03-02,4.1,64,60,29.5,6.42,0.0,3.0
2010-03-03,3.3,72,49,23.1,10.36,0.7,2.5
2010-03-04,2.8,67,25,12.2,11.71,0.0,2.2
2010-03-05,1.1,68,71,12.5,8.88,2.0,-1.9
2010-03-06,0.0,65,89,14.8,7.77,0.0,-0.8
2010-03-07,-0.8,56,84,10.8,8.69,0.0,-0.8
2010-03-08,-0.7,56,33,10.1,10.19,0.0,-1.0
2010-03-09,-0.4,56,45,8.7,11.92,0.0,0.0
2010-03-10,2.7,63,67,10.0,10.78,0.0,3.2
2010-03-11,2.6,63,73,16.8,12.57,0.0,2.0
2010-03-12,3.3,69,92,15.7,10.34,0.0,1.0
2010-03-13,3.2,75,75,20.2,9.98,2.1,3.0
2010-03-14,3.1,86,98,15.7,9.65,5.6,2.0
2010-03-15,-0.1,81,59,20.9,14.34,0.5,0.0
2010-03-16,0.5,81,57,15.6,12.57,0.2,0.7
2010-03-17,3.1,85,75,23.3,9.68,0.5,4.0
2010-03-18,7.8,87,91,16.6,6.4,0.8,8.9
2010-03-19,13.4,76,94,17.1,10.74,0.0,14.0
2010-03-20,15.3,74,99,19.8,9.13,1.4,17.0
2010-03-21,15.4,86,93,22.7,8.01,2.4,16.0
2010-03-22,7.9,78,96,20.9,6.3,0.0,7.0
2010-03-23,13.6,77,68,14.8,14.12,0.0,15.0
2010-03-24,11.6,77,41,13.5,15.79,0.0,13.0
2010-03-25,16.1,69,56,16.1,16.25,0.0,18.4
2010-03-26,18.5,67,43,17.4,13.46,0.0,21.0
2010-03-27,12.8,74,54,24.9,8.31,0.5,13.0
2010-03-28,12.1,81,30,17.4,14.17,1.9,12.7
2010-03-29,13.7,83,68,14.3,13.94,3.4,13.2
2010-03-30,16.6,76,86,16.6,13.08,3.2,18.0
2010-03-31,17.7,67,83,17.2,12.7,1.5,19.0
2010-04-01,12.0,73,99,16.1,8.65,0.1,14.0
2010-04-02,12.7,72,87,9.5,13.67,0.7,15.0
2010-04-03,9.0,79,77,10.9,7.33,2.7,10.0
2010-04-04,15.5,60,58,17.3,18.27,0.0,17.0
2010-04-05,15.3,74,71,15.3,13.89,4.6,16.4
2010-04-06,9.5,84,100,22.5,6.87,1.7,9.0
2010-04-07,11.1,79,99,14.5,6.58,0.0,10.4
2010-04-08,12.1,77,94,10.1,6.73,0.0,13.7
2010-04-09,14.5,79,59,17.6,13.16,0.5,14.0
2010-04-10,9.9,83,65,10.8,13.24,2.2,9.0
2010-04-11,13.0,73,84,19.7,11.84,0.6,15.0
2010-04-12,15.1,65,40,14.4,18.91,0.0,16.0
2010-04-13,14.3,74,79,10.0,15.87,1.0,14.4
2010-04-14,13.6,69,97,21.2,7.95,0.0,12.2
2010-04-15,17.0,61,26,15.2,18.33,0.0,19.0
2010-04-16,14.1,69,40,24.5,18.98,0.0,14.4
2010-04-17,11.9,63,28,21.8,16.71,0.1,13.0
2010-04-18,17.3,59,17,14.7,22.15,0.0,19.0
2010-04-19,16.7,64,50,18.8,17.39,0.0,16.8
2010-04-20,11.2,48,8,13.7,22.8,0.0,12.5
2010-04-21,10.9,66,49,19.2,17.79,1.2,10.1
2010-04-22,8.7,71,62,24.9,18.54,2.9,8.0
2010-04-23,10.8,62,30,19.8,19.73,0.2,12.0
2010-04-24,14.2,61,36,19.1,20.15,0.0,14.6
2010-04-25,13.4,53,3,11.4,23.95,0.0,14.6
2010-04-26,17.4,53,48,18.8,23.15,0.1,20.0
2010-04-27,14.9,83,76,25.9,11.64,6.0,13.0
2010-04-28,14.6,69,79,19.8,11.52,0.1,16.0
2010-04-29,18.9,70,97,11.4,18.12,0.0,20.0
2010-04-30,23.2,59,80,17.6,21.41,0.0,26.0
2010-05-01,16.5,84,96,9.7,6.69,6.1,18.0
2010-05-02,16.1,87,83,7.2,9.64,3.9,17.3
2010-05-03,18.3,88,76,21.9,8.51,4.7,17.0
2010-05-04,11.7,79,100,15.8,9.78,0.6,14.0
2010-05-05,12.1,76,100,14.7,11.24,2.7,11.1
2010-05-06,14.9,89,98,20.5,5.71,11.0,14.0
2010-05-07,17.9,91,97,11.8,9.41,7.2,17.0
2010-05-08,17.0,78,79,10.6,15.41,0.0,18.5
2010-05-09,16.5,81,91,14.6,16.19,1.9,15.0
2010-05-10,18.3,77,73,12.7,19.11,1.2,18.0
2010-05-11,18.8,79,76,11.8,18.04,0.0,19.3
2010-05-12,21.6,80,77,19.0,16.94,3.4,23.0
2010-05-13,20.4,84,72,12.7,16.58,4.2,20.0
2010-05-14,18.1,94,95,19.0,7.54,16.2,13.3
2010-05-15,14.6,77,99,19.0,8.94,0.1,14.0
2010-05-16,15.0,91,100,25.6,4.06,33.2,16.0
2010-05-17,14.2,94,100,25.3,4.24,21.5,12.0
2010-05-18,13.7,93,100,22.3,6.4,15.7,13.0
2010-05-19,18.2,87,86,8.9,13.46,0.4,17.0
2010-05-20,19.8,88,76,12.8,13.88,6.0,22.6
2010-05-21,21.9,72,37,11.0,21.85,0.0,24.0
2010-05-22,22.6,73,92,13.7,20.8,0.9,24.0
2010-05-23,21.9,76,45,15.8,24.48,0.0,23.0
2010-05-24,18.3,77,93,17.3,18.35,4.4,19.0
2010-05-25,14.8,74,43,28.0,20.06,1.8,16.0
2010-05-26,14.5,60,64,21.5,22.12,0.0,15.0
2010-05-27,17.4,73,93,12.8,12.88,0.0,18.0
2010-05-28,17.2,74,90,16.9,18.05,0.0,17.0
2010-05-29,18.8,69,52,14.8,23.21,4.0,20.0
2010-05-30,20.2,79,71,15.9,16.87,6.6,21.0
2010-05-31,16.7,91,94,13.6,6.51,18.6,18.0
2010-06-01,18.5,79,99,13.5,14.09,0.4,17.0
2010-06-02,23.0,89,97,19.9,11.57,12.7,25.1
2010-06-03,25.3,87,87,20.5,18.92,9.8,24.0
2010-06-04,21.3,71,51,22.5,19.68,4.8,23.0
2010-06-05,20.9,58,4,11.9,28.11,0.0,23.0
2010-06-06,22.9,59,67,13.3,27.8,0.0,24.0
2010-06-07,24.6,72,67,19.5,20.25,3.4,26.0
2010-06-08,21.7,74,23,18.7,22.1,0.0,23.9
2010-06-09,28.1,70,59,14.0,24.51,0.1,29.0
2010-06-10,29.7,67,51,14.4,25.66,0.0,31.0
2010-06-11,30.4,67,15,16.9,26.98,0.0,32.0
2010-06-12,26.2,66,22,13.8,24.72,1.1,28.0
2010-06-13,18.9,71,64,21.3,21.33,4.7,19.0
2010-06-14,14.0,86,85,14.9,4.89,6.9,13.3
2010-06-15,18.0,73,62,11.1,18.04,0.0,19.0
2010-06-16,17.8,70,58,15.5,22.78,0.5,18.0
2010-06-17,19.9,65,5,9.7,27.68,0.0,21.0
2010-06-18,23.1,61,33,15.0,28.05,0.8,23.0
2010-06-19,16.5,78,87,19.9,13.2,1.9,18.0
2010-06-20,16.8,80,86,12.6,12.26,7.9,17.0
2010-06-21,18.4,72,96,18.8,14.48,0.0,19.0
2010-06-22,18.4,68,65,22.3,18.46,0.0,20.0
2010-06-23,17.6,64,57,23.8,15.82,0.1,18.0
2010-06-24,13.7,93,100,22.8,2.51,19.3,14.0
2010-06-25,17.7,90,100,11.8,8.48,0.6,15.3
2010-06-26,22.3,71,58,20.1,22.05,0.0,23.0
2010-06-27,22.0,71,13,15.9,26.74,0.0,23.1
2010-06-28,23.6,65,1,13.8,28.41,0.0,25.0
2010-06-29,24.8,64,0,10.0,28.75,0.0,26.3
2010-06-30,26.1,63,0,9.2,27.91,0.0,27.6
2010-07-01,24.0,69,26,12.5,23.64,0.0,26.0
2010-07-02,25.4,62,8,12.4,26.82,0.0,27.0
2010-07-03,23.6,62,37,13.5,22.86,0.0,25.0
2010-07-04,23.7,76,71,13.6,16.95,3.3,24.0
2010-07-05,25.1,69,45,6.9,23.0,0.1,27.6
2010-07-06,26.2,72,80,22.9,20.26,5.2,28.0
2010-07-07,21.0,71,65,25.4,16.76,6.0,22.0
2010-07-08,22.7,66,43,15.2,21.35,0.0,24.1
2010-07-09,25.7,65,38,8.4,26.69,0.0,28.0
2010-07-10,28.7,60,1,9.1,25.92,0.0,30.0
2010-07-11,30.1,62,0,11.7,26.87,0.0,31.0
2010-07-12,30.4,59,10,10.5,25.58,0.0,31.3
2010-07-13,29.3,71,31,13.7,23.23,2.5,31.0
2010-07-14,26.5,81,46,12.3,19.05,3.6,29.0
2010-07-15,29.9,69,14,8.0,24.76,0.0,32.5
2010-07-16,31.9,60,55,10.2,22.35,0.0,34.0
2010-07-17,32.6,57,18,10.9,23.94,0.3,35.0
2010-07-18,28.1,76,85,22.7,15.89,10.6,26.5
2010-07-19,23.2,71,95,17.7,12.53,4.0,24.0
2010-07-20,25.7,65,87,9.8,12.9,0.0,26.5
2010-07-21,29.5,67,50,9.5,21.75,0.9,31.0
2010-07-22,32.0,67,18,9.8,24.47,0.7,34.0
2010-07-23,32.1,65,33,15.9,22.91,0.0,33.0
2010-07-24,25.9,79,95,21.7,10.96,10.3,27.0
2010-07-25,20.2,72,100,18.8,8.16,1.1,19.0
2010-07-26,16.8,88,100,18.1,5.52,23.6,16.0
2010-07-27,18.7,93,100,23.1,3.18,13.4,18.0
2010-07-28,21.3,91,91,25.7,12.21,24.9,19.0
2010-07-29,21.2,81,64,22.4,15.05,7.2,22.2
2010-07-30,26.1,79,81,11.2,15.21,3.5,25.0
2010-07-31,23.7,84,94,9.1,15.74,2.9,24.0
2010-08-01,25.1,85,44,7.0,18.51,3.5,27.5
2010-08-02,27.0,75,52,7.2,19.76,0.0,29.0
2010-08-03,28.1,73,84,18.7,19.02,1.6,30.0
2010-08-04,21.1,75,89,17.0,10.41,0.1,22.0
2010-08-05,23.5,74,50,10.5,16.46,0.4,24.2
2010-08-06,27.5,81,66,15.8,15.52,9.2,28.0
2010-08-07,25.9,85,84,13.3,12.07,0.0,27.0
2010-08-08,23.0,86,70,15.0,14.69,5.7,24.0
2010-08-09,25.0,77,28,7.9,21.81,0.0,25.2
2010-08-10,24.1,76,61,7.4,16.86,0.0,26.0
2010-08-11,25.9,77,29,8.1,19.68,0.6,27.0
2010-08-12,26.6,71,20,11.5,19.42,0.0,29.0
2010-08-13,28.8,73,51,8.7,19.58,0.3,30.0
2010-08-14,30.2,78,53,12.9,20.29,2.9,31.0
2010-08-15,32.1,73,50,13.4,20.67,0.0,32.0
2010-08-16,29.9,74,65,10.6,18.72,9.9,29.4
2010-08-17,23.0,74,75,18.6,16.69,2.2,23.0
2010-08-18,20.1,80,81,20.7,10.28,2.4,18.0
2010-08-19,20.1,77,54,24.0,13.96,1.7,21.0
2010-08-20,21.8,68,45,24.1,13.72,0.0,23.0
2010-08-21,24.2,70,25,9.5,20.78,0.0,26.0
2010-08-22,27.5,69,11,13.6,18.93,0.0,29.4
2010-08-23,25.7,74,82,15.8,13.1,1.2,27.0
2010-08-24,23.6,74,81,19.7,10.84,2.4,24.0
2010-08-25,20.1,66,54,28.4,16.42,5.2,20.8
2010-08-26,18.7,75,84,21.4,10.04,3.0,19.0
2010-08-27,19.6,93,100,22.4,2.95,16.6,21.2
2010-08-28,17.7,83,94,25.4,5.57,0.9,19.0
2010-08-29,16.3,81,60,16.9,13.35,1.7,17.0
2010-08-30,18.1,82,89,12.4,13.03,2.1,18.0
2010-08-31,15.6,88,100,24.3,6.32,14.1,14.0
2010-09-01,12.6,90,100,29.3,2.33,28.4,12.0
2010-09-02,17.1,81,72,24.9,14.28,3.9,16.6
2010-09-03,15.2,71,41,22.1,13.73,0.0,16.0
2010-09-04,16.0,78,53,7.6,15.69,0.0,17.0
2010-09-05,15.0,72,92,12.7,12.74,0.1,16.4
2010-09-06,12.8,85,83,15.3,3.47,3.5,12.0
2010-09-07,14.9,93,53,13.8,6.43,7.5,13.2
2010-09-08,17.3,78,28,21.0,11.99,0.0,18.2
2010-09-09,16.4,79,85,33.2,8.52,7.9,16.0
2010-09-10,19.2,84,97,15.1,8.04,0.0,19.3
2010-09-11,16.9,88,94,9.0,6.85,1.7,16.0
2010-09-12,17.4,85,91,8.2,6.78,0.0,16.0
2010-09-13,19.7,83,92,10.0,8.29,0.2,20.0
2010-09-14,17.3,79,93,15.3,10.17,1.2,18.0
2010-09-15,17.2,87,98,21.9,2.54,2.8,17.0
2010-09-16,17.0,79,45,29.4,12.55,3.8,17.0
2010-09-17,16.7,77,43,16.6,12.24,2.7,18.0
2010-09-18,14.4,78,33,23.4,10.32,0.3,14.2
2010-09-19,14.0,76,31,17.0,11.06,0.0,14.1
2010-09-20,17.1,73,45,14.8,14.2,0.0,18.0
2010-09-21,17.6,70,63,17.8,10.68,0.2,18.1
2010-09-22,14.1,75,53,12.6,9.77,0.0,15.1
2010-09-23,18.1,79,1,13.3,14.82,0.0,19.0
2010-09-24,21.1,78,9,16.4,14.57,0.0,22.0
2010-09-25,21.3,77,43,14.6,13.93,0.0,22.0
2010-09-26,20.3,82,98,17.7,9.54,0.0,20.0
2010-09-27,17.0,83,100,17.4,4.89,0.7,17.0
2010-09-28,11.8,88,100,16.0,1.13,4.5,12.0
2010-09-29,10.9,96,100,18.4,1.05,15.6,11.0
2010-09-30,6.7,88,100,16.1,2.35,3.2,6.0
2010-10-01,8.5,84,100,11.2,2.14,0.0,8.2
2010-10-02,11.3,74,80,10.9,6.78,0.0,12.0
2010-10-03,13.1,75,28,19.3,11.21,0.0,14.0
2010-10-04,13.1,68,0,25.6,12.57,0.0,13.6
2010-10-05,11.3,65,1,27.7,12.52,0.0,12.0
2010-10-06,11.5,67,1,24.6,12.28,0.0,12.5
2010-10-07,9.2,68,4,21.7,12.11,0.0,10.1
2010-10-08,9.3,73,15,19.2,11.84,0.0,10.0
2010-10-09,11.2,82,4,10.5,11.7,0.0,13.0
2010-10-10,11.7,82,7,9.2,11.61,0.0,14.0
2010-10-11,8.7,84,70,13.1,4.38,0.0,11.0
2010-10-12,9.3,84,36,15.6,10.21,0.0,11.0
2010-10-13,8.7,77,48,9.2,10.4,0.0,10.4
2010-10-14,9.7,79,65,17.7,7.95,0.0,10.6
2010-10-15,9.6,80,74,17.3,8.06,0.9,10.6
2010-10-16,9.0,79,81,12.3,8.46,0.0,9.4
2010-10-17,7.1,71,13,13.2,10.4,0.0,8.2
2010-10-18,4.0,85,70,9.8,3.43,0.0,4.3
2010-10-19,8.2,90,98,8.6,2.82,0.0,8.0
2010-10-20,8.0,89,54,13.2,4.11,0.2,9.0
2010-10-21,5.7,80,67,31.7,4.72,1.3,7.0
2010-10-22,9.4,67,79,31.2,6.83,0.1,11.2
2010-10-23,10.9,72,37,14.8,8.72,0.0,12.0
2010-10-24,12.6,78,89,18.0,4.46,1.1,13.0
2010-10-25,7.9,77,84,18.1,3.53,0.0,9.0
2010-10-26,6.9,80,83,16.2,5.43,0.0,7.0
2010-10-27,6.7,85,70,10.1,6.12,0.0,8.0
2010-10-28,7.8,75,87,15.3,2.17,0.0,10.0
2010-10-29,10.2,82,94,13.8,2.83,0.0,12.0
2010-10-30,10.5,77,57,15.0,7.27,0.0,12.0
2010-10-31,12.6,71,17,16.1,7.53,0.0,16.0
2010-11-01,13.9,67,48,14.4,6.48,0.0,16.3
2010-11-02,14.0,87,62,12.9,5.67,0.3,14.0
2010-11-03,12.8,82,91,20.6,4.4,0.4,12.4
2010-11-04,12.7,91,97,21.1,1.01,22.8,13.0
2010-11-05,14.1,87,99,36.3,0.52,8.2,15.1
2010-11-06,10.8,92,96,20.5,0.59,10.3,11.0
2010-11-07,6.9,85,99,18.6,2.78,5.0,6.3
2010-11-08,11.3,94,100,14.5,1.72,5.1,10.1
2010-11-09,10.8,87,87,21.8,3.63,1.7,11.0
2010-11-10,9.1,91,86,21.3,2.35,7.4,9.0
2010-11-11,8.8,89,75,19.4,3.64,0.0,10.0
2010-11-12,9.8,79,74,27.2,3.21,4.0,10.0
2010-11-13,13.2,83,86,28.4,2.31,14.0,14.0
2010-11-14,14.7,85,50,14.2,4.72,1.6,17.0
2010-11-15,13.8,90,35,14.7,5.06,0.0,15.7
2010-11-16,8.6,86,97,18.7,1.02,1.8,9.0
2010-11-17,8.3,92,100,18.6,1.07,0.7,7.3
2010-11-18,10.4,95,100,11.5,1.28,0.1,10.2
2010-11-19,9.7,90,72,15.9,3.05,0.4,10.0
2010-11-20,7.9,95,100,13.2,0.85,2.7,7.0
2010-11-21,7.3,86,88,13.8,2.74,0.0,6.6
2010-11-22,6.5,87,98,25.0,1.86,2.6,6.0
2010-11-23,7.3,92,100,20.7,0.57,10.0,7.7
2010-11-24,3.8,81,98,25.3,1.12,0.2,4.0
2010-11-25,1.2,77,89,25.9,2.23,1.5,0.4
2010-11-26,0.4,85,70,14.4,2.49,0.0,1.0
2010-11-27,1.3,91,99,14.1,2.76,2.1,0.6
2010-11-28,-0.2,89,93,14.8,2.91,2.5,0.0
2010-11-29,-2.3,87,100,31.2,0.75,16.0,-1.8
2010-11-30,-8.7,82,99,18.4,2.7,3.7,-9.0
2010-12-01,-12.9,79,86,31.4,3.56,0.3,-12.0
2010-12-02,-3.8,79,88,34.2,1.9,5.4,-5.0
2010-12-03,-8.9,85,85,9.1,3.08,1.6,-6.0
2010-12-04,-7.0,86,67,15.8,2.31,0.0,-6.0
2010-12-05,-4.5,81,68,21.7,3.27,0.0,-4.0
2010-12-06,-0.4,88,98,21.4,2.18,1.6,0.0
2010-12-07,-0.5,94,99,12.2,1.91,0.1,0.0
2010-12-08,1.0,95,100,15.7,1.74,3.4,1.0
2010-12-09,3.2,92,99,28.5,2.18,2.5,4.0
2010-12-10,-2.1,89,84,26.1,2.32,0.0,-1.0
2010-12-11,0.5,91,87,22.8,2.2,5.3,0.0
2010-12-12,1.1,97,100,15.9,1.45,4.5,1.0
2010-12-13,-1.6,91,100,17.6,1.89,2.5,-3.0
2010-12-14,-6.7,85,99,11.4,1.88,0.9,-7.0
2010-12-15,-8.7,88,68,12.8,3.25,0.0,-6.0
2010-12-16,-8.0,87,88,15.5,2.08,0.0,-8.0
2010-12-17,-10.0,83,14,16.0,3.63,0.0,-9.0
2010-12-18,-11.4,87,80,10.8,2.45,0.3,-8.0
2010-12-19,-6.2,84,85,15.5,2.61,0.1,-5.0
2010-12-20,2.7,84,94,39.8,1.99,4.0,4.0
2010-12-21,-2.7,89,100,15.9,2.25,1.5,-2.0
2010-12-22,0.3,95,99,15.8,1.44,0.0,1.0
2010-12-23,2.7,97,96,15.1,1.05,0.0,2.0
2010-12-24,3.5,95,81,12.9,2.49,5.4,7.0
2010-12-25,1.3,96,98,21.3,0.84,0.4,4.0
2010-12-26,-2.1,87,99,23.4,2.04,0.0,-1.0
2010-12-27,-7.0,87,94,12.3,2.91,0.0,-7.0
2010-12-28,-6.5,87,85,9.7,2.62,0.0,-6.0
2010-12-29,-5.9,87,100,23.1,2.19,1.6,-6.0
2010-12-30,-3.0,88,100,26.4,1.53,3.0,-4.0
2010-12-31,-1.6,90,97,19.4,1.07,2.8,-2.0
2011-01-01,1.5,89,95,34.3,0.95,1.1,2.0
2011-01-02,-0.4,88,79,27.5,2.4,0.0,1.0
2011-01-03,-2.8,91,85,15.1,2.04,0.0,-2.0
2011-01-04,-3.4,89,95,15.6,1.73,0.0,-2.0
2011-01-05,-4.6,86,50,12.0,3.67,0.0,-5.0
2011-01-06,0.0,81,81,20.6,3.06,0.1,1.0
2011-01-07,4.0,88,100,23.5,0.98,3.5,6.0
2011-01-08,3.3,93,100,14.7,1.98,1.8,5.0
2011-01-09,4.2,94,81,16.7,2.93,0.0,4.0
2011-01-10,1.9,96,84,10.5,1.38,1.7,4.0
2011-01-11,2.0,96,100,16.4,1.12,0.2,1.5
2011-01-12,3.4,95,97,21.3,1.52,0.4,4.0
2011-01-13,2.3,94,97,17.6,1.61,0.5,2.1
2011-01-14,4.3,99,100,10.2,0.63,3.3,5.0
2011-01-15,8.0,98,100,24.2,0.46,14.3,8.0
2011-01-16,6.7,94,90,12.8,1.62,0.0,7.0
2011-01-17,7.8,93,74,14.3,2.21,0.0,9.0
2011-01-18,5.7,94,87,15.5,1.62,0.0,6.2
2011-01-19,4.8,92,99,13.0,1.59,2.3,4.0
2011-01-20,1.3,92,95,9.5,2.39,1.2,1.0
2011-01-21,0.6,91,88,15.5,2.32,1.9,-1.0
2011-01-22,-1.3,88,94,16.0,2.49,1.0,-1.0
2011-01-23,-0.9,91,72,17.7,3.92,2.8,0.0
2011-01-24,-4.9,87,74,10.2,3.83,0.0,-3.0
2011-01-25,-1.0,87,98,16.5,2.58,0.2,-1.0
2011-01-26,0.8,92,93,11.7,2.78,0.0,3.0
2011-01-27,-0.2,92,91,10.5,2.36,1.0,0.0
2011-01-28,-4.1,84,99,8.7,3.24,0.0,-4.0
2011-01-29,-3.5,84,84,14.5,2.99,0.0,-6.0
2011-01-30,-0.9,89,65,14.2,3.46,0.0,-2.0
2011-01-31,-2.7,90,79,12.9,2.88,0.0,-2.0
2011-02-01,-4.0,86,97,14.4,2.53,0.0,-4.0
2011-02-02,-0.1,88,98,17.7,2.26,0.4,-0.8
2011-02-03,1.0,90,100,22.7,2.86,1.8,2.0
2011-02-04,3.6,90,97,30.9,1.97,5.3,4.0
2011-02-05,8.5,84,100,38.2,0.59,4.2,10.0
2011-02-06,7.6,84,88,28.1,4.86,1.2,7.0
2011-02-07,7.0,90,99,27.0,1.24,2.7,8.0
2011-02-08,7.4,67,62,36.4,5.03,0.0,7.6
2011-02-09,4.9,73,67,29.5,5.3,0.5,5.0
2011-02-10,0.7,69,69,19.4,6.68,0.0,1.3
2011-02-11,5.2,86,90,19.3,1.5,5.0,5.0
2011-02-12,1.6,69,58,32.7,5.95,1.9,1.5
2011-02-13,-1.9,65,34,15.6,7.43,0.0,-2.0
2011-02-14,-5.6,60,24,11.1,8.45,0.0,-6.0
2011-02-15,-6.4,59,49,18.8,8.21,0.0,-6.7
2011-02-16,-2.7,57,33,21.9,8.66,0.0,-3.0
2011-02-17,-2.0,63,96,23.3,4.17,1.3,-3.6
2011-02-18,-1.7,82,100,16.2,2.58,5.0,-2.0
2011-02-19,-2.0,88,100,11.2,4.18,1.1,-2.8
2011-02-20,-6.4,82,99,13.4,7.06,0.0,-7.0
2011-02-21,-9.3,80,96,11.2,6.15,0.0,-9.0
2011-02-22,-10.5,80,98,13.6,7.78,0.0,-9.0
2011-02-23,-8.9,81,98,10.8,6.25,0.0,-9.0
2011-02-24,-7.1,79,93,8.4,8.38,0.0,-6.0
2011-02-25,-6.6,78,32,12.7,9.77,0.0,-5.0
2011-02-26,-4.4,82,86,14.8,7.69,0.0,-3.0
2011-02-27,-0.9,79,53,20.9,8.27,0.4,-2.0
2011-02-28,-1.9,77,41,16.6,10.49,0.0,1.0
2011-03-01,-1.0,70,1,9.8,11.55,0.0,2.0
2011-03-02,1.4,63,3,9.7,11.36,0.0,4.0
2011-03-03,4.4,66,0,10.8,11.69,0.0,6.1
2011-03-04,6.7,62,21,15.9,11.85,0.0,6.0
2011-03-05,2.6,76,91,25.3,4.58,0.7,2.2
2011-03-06,2.7,72,32,23.7,11.11,0.2,2.0
2011-03-07,1.4,59,51,18.5,9.94,0.0,2.0
2011-03-08,4.4,55,41,12.4,12.61,0.0,4.0
2011-03-09,7.0,47,9,20.6,12.98,0.0,7.0
2011-03-10,7.8,77,90,16.9,7.14,2.7,7.0
2011-03-11,8.7,77,79,28.1,8.07,0.8,9.0
2011-03-12,11.1,77,43,14.3,11.36,0.0,12.0
2011-03-13,13.9,73,69,13.3,13.24,0.0,16.0
2011-03-14,14.9,72,73,14.9,12.46,0.0,17.0
2011-03-15,8.4,85,96,14.9,8.74,0.3,8.0
2011-03-16,6.8,65,76,25.5,12.38,0.0,6.4
2011-03-17,5.1,62,99,31.6,8.23,1.4,8.0
2011-03-18,3.9,92,100,24.8,1.84,2.6,3.0
2011-03-19,4.2,85,95,21.4,5.76,3.4,3.3
2011-03-20,5.7,80,80,10.4,7.57,0.0,5.0
2011-03-21,5.8,84,86,14.1,9.03,0.0,8.0
2011-03-22,12.4,71,39,22.4,14.32,0.0,13.0
2011-03-23,10.6,69,44,20.1,15.29,0.0,11.3
2011-03-24,9.0,70,56,30.4,5.84,0.0,8.3
2011-03-25,7.9,75,60,29.5,7.1,0.2,9.0
2011-03-26,4.6,65,79,15.1,11.26,4.3,6.0
2011-03-27,4.9,50,39,11.7,13.78,0.0,6.0
2011-03-28,8.7,60,58,16.3,14.81,0.0,10.0
2011-03-29,9.7,71,45,21.3,13.77,0.0,10.6
2011-03-30,12.6,69,17,10.7,17.13,0.0,14.0
2011-03-31,16.4,64,77,13.4,17.25,0.0,18.0
2011-04-01,14.8,72,78,24.8,10.32,2.7,16.0
2011-04-02,12.6,71,71,10.9,9.62,0.0,14.0
2011-04-03,16.3,67,44,19.0,13.72,0.0,18.0
2011-04-04,18.3,64,66,26.8,16.59,4.9,19.0
2011-04-05,13.7,74,57,18.7,15.86,1.0,15.0
2011-04-06,13.2,79,93,21.7,8.74,0.0,14.0
2011-04-07,18.9,79,87,35.0,8.58,4.3,20.0
2011-04-08,9.8,69,68,38.3,10.75,3.2,10.0
2011-04-09,8.8,67,44,34.2,15.17,0.9,7.4
2011-04-10,9.0,58,31,31.0,14.71,0.6,9.0
2011-04-11,8.7,76,73,16.2,7.55,5.7,9.1
2011-04-12,15.2,79,86,26.0,15.97,3.2,16.0
2011-04-13,8.5,76,94,24.4,12.3,2.5,7.8
2011-04-14,11.5,75,65,17.7,15.5,1.0,12.0
2011-04-15,10.9,73,62,14.5,14.9,0.2,11.3
2011-04-16,12.9,69,71,8.9,17.94,0.0,14.0
2011-04-17,14.7,63,71,17.1,12.32,0.1,16.0
2011-04-18,16.2,69,33,17.7,19.18,0.0,18.0
2011-04-19,13.6,62,9,14.8,22.34,0.0,15.0
2011-04-20,15.9,58,0,9.5,22.67,0.0,17.5
2011-04-21,18.5,56,11,8.4,22.64,0.0,20.0
2011-04-22,19.2,54,1,11.3,22.83,0.0,21.0
2011-04-23,18.6,57,32,12.8,19.31,0.0,20.0
2011-04-24,15.6,69,43,19.6,18.42,0.6,16.1
2011-04-25,20.0,68,54,11.0,21.29,2.5,20.0
2011-04-26,21.5,55,36,14.6,23.52,0.0,23.0
2011-04-27,22.1,46,31,18.4,21.91,0.0,23.0
2011-04-28,22.6,47,15,17.7,22.7,0.3,24.0
2011-04-29,22.2,58,33,12.3,21.62,1.2,23.0
2011-04-30,18.1,63,37,13.0,21.5,0.2,18.5
2011-05-01,13.2,73,56,13.9,15.36,8.6,13.0
2011-05-02,12.4,73,65,11.9,15.43,0.6,11.0
2011-05-03,8.2,80,76,20.0,9.89,9.2,8.0
2011-05-04,11.5,63,45,15.0,22.45,0.5,11.1
2011-05-05,10.3,70,57,17.7,18.36,1.0,9.0
2011-05-06,14.5,68,45,19.7,19.58,0.0,15.0
2011-05-07,13.9,69,67,23.8,13.46,0.2,15.0
2011-05-08,16.5,70,89,19.6,21.44,1.1,17.0
2011-05-09,21.8,68,19,11.8,20.01,0.0,21.6
2011-05-10,23.2,61,32,13.7,25.4,0.0,24.0
2011-05-11,23.4,56,0,9.4,25.8,0.0,24.0
2011-05-12,24.2,54,57,11.5,23.3,0.0,25.0
2011-05-13,17.0,65,63,28.5,17.53,3.3,16.0
2011-05-14,18.3,61,71,12.0,18.38,0.1,19.0
2011-05-15,15.4,77,100,20.0,7.07,8.6,14.2
2011-05-16,15.4,67,89,17.2,17.93,0.2,15.8
2011-05-17,17.5,67,79,19.0,9.91,0.1,18.0
2011-05-18,19.4,70,73,14.8,18.31,0.0,20.0
2011-05-19,24.3,64,33,12.5,22.35,0.0,27.0
2011-05-20,26.3,65,30,11.3,23.81,1.2,28.0
2011-05-21,25.3,71,66,7.6,23.5,2.2,24.9
2011-05-22,25.8,74,41,8.9,21.71,4.9,26.0
2011-05-23,20.8,68,57,19.3,23.48,0.7,21.0
2011-05-24,25.0,61,36,22.7,21.81,0.0,26.0
2011-05-25,17.0,52,41,27.1,22.13,0.5,17.0
2011-05-26,21.4,51,30,16.6,26.93,0.0,21.0
2011-05-27,24.2,62,86,17.3,19.27,7.2,25.0
2011-05-28,18.6,72,99,11.7,14.02,4.9,16.0
2011-05-29,20.4,68,80,13.5,14.33,3.8,21.9
2011-05-30,25.5,59,1,13.4,27.11,0.0,25.1
2011-05-31,28.7,53,2,19.5,26.35,0.0,30.0
2011-06-01,28.5,55,47,11.6,23.14,1.0,29.1
2011-06-02,27.7,65,69,18.4,22.6,0.0,25.3
2011-06-03,25.8,45,15,17.0,27.2,0.0,25.0
2011-06-04,26.2,55,32,10.5,23.09,0.0,26.0
2011-06-05,28.6,47,12,13.7,27.75,0.0,28.1
2011-06-06,29.8,47,23,22.9,25.06,0.4,30.0
2011-06-07,28.7,59,61,16.0,21.82,4.2,24.0
2011-06-08,29.7,67,39,20.1,23.63,0.6,30.3
2011-06-09,22.6,85,80,20.0,9.68,12.5,23.0
2011-06-10,17.3,77,99,21.0,5.3,1.5,14.6
2011-06-11,20.9,67,68,18.3,19.66,1.0,22.0
2011-06-12,22.1,61,42,21.1,25.18,0.0,21.0
2011-06-13,22.3,54,50,15.8,27.77,0.0,23.0
2011-06-14,25.1,59,48,16.8,23.51,0.0,25.2
2011-06-15,23.3,64,67,12.8,20.98,0.0,23.0
2011-06-16,25.5,64,63,9.1,21.95,0.0,26.7
2011-06-17,23.2,67,66,22.0,19.97,7.3,23.7
2011-06-18,22.7,74,95,19.8,13.3,11.5,25.0
2011-06-19,20.0,67,88,17.0,20.27,4.1,20.0
2011-06-20,18.8,76,86,25.7,11.04,6.0,19.0
2011-06-21,21.3,64,36,15.3,23.9,0.0,22.0
2011-06-22,25.3,67,52,13.8,22.65,0.0,26.0
2011-06-23,23.1,63,80,20.5,24.86,4.2,23.0
2011-06-24,20.7,68,59,20.6,21.87,4.1,21.0
2011-06-25,18.7,65,41,18.9,24.08,0.7,20.0
2011-06-26,19.4,62,46,19.4,16.72,0.0,20.8
2011-06-27,20.4,63,24,20.1,19.66,0.0,22.2
2011-06-28,24.3,64,63,24.3,19.18,0.0,26.0
2011-06-29,24.7,74,75,18.1,18.73,0.6,25.1
2011-06-30,23.6,71,87,17.4,17.22,0.0,23.4
2011-07-01,18.8,88,97,22.1,6.63,16.4,18.0
2011-07-02,13.3,90,100,25.2,4.11,10.2,14.0
2011-07-03,14.6,87,99,18.4,8.12,14.8,13.4
2011-07-04,16.7,85,88,12.0,10.45,18.0,16.0
2011-07-05,21.1,80,72,15.8,17.34,1.3,22.1
2011-07-06,18.3,96,100,25.4,3.0,38.2,18.6
2011-07-07,22.6,87,77,15.0,14.11,4.0,23.0
2011-07-08,25.8,84,80,12.0,18.95,6.2,27.0
2011-07-09,25.1,74,41,15.8,26.29,0.6,27.0
2011-07-10,25.8,82,76,13.0,15.74,13.1,25.0
2011-07-11,25.1,84,69,16.4,17.0,1.9,27.0
2011-07-12,21.0,74,82,15.6,13.03,0.0,23.0
2011-07-13,25.0,71,53,14.8,21.58,0.0,25.1
2011-07-14,28.1,76,89,16.9,17.09,4.0,28.0
2011-07-15,22.4,82,92,18.0,14.45,26.8,22.0
2011-07-16,20.6,72,31,15.0,19.11,0.4,22.0
2011-07-17,25.4,72,30,17.4,20.58,0.1,27.0
2011-07-18,23.7,78,49,17.2,19.76,0.9,24.0
2011-07-19,23.7,79,73,12.1,18.5,0.3,25.0
2011-07-20,26.0,88,98,19.8,9.24,22.1,25.2
2011-07-21,22.3,85,91,10.2,10.31,1.8,23.0
2011-07-22,19.0,82,95,18.1,11.62,0.6,19.0
2011-07-23,17.7,79,80,21.8,6.24,1.5,18.0
2011-07-24,21.8,83,65,16.0,16.53,21.4,20.2
2011-07-25,22.0,86,97,13.9,12.29,8.0,22.4
2011-07-26,22.7,83,95,8.8,16.19,3.1,23.0
2011-07-27,18.2,95,95,15.5,4.97,17.6,20.0
2011-07-28,21.9,84,89,16.3,16.4,2.6,21.5
2011-07-29,22.2,77,59,15.1,15.92,0.1,24.0
2011-07-30,19.8,83,95,8.2,10.16,4.3,17.2
2011-07-31,22.0,93,99,12.1,9.76,19.0,23.0
2011-08-01,22.8,80,69,15.5,14.7,0.2,24.0
2011-08-02,22.8,77,43,15.2,17.08,0.0,24.1
2011-08-03,21.0,67,15,12.4,19.91,0.0,22.1
2011-08-04,22.4,68,5,9.0,22.35,0.0,23.5
2011-08-05,23.6,64,11,11.8,23.86,0.0,24.2
2011-08-06,25.2,72,64,12.9,19.52,2.0,26.0
2011-08-07,27.6,81,58,17.7,20.33,9.6,28.6
2011-08-08,22.1,83,88,15.2,12.8,18.9,22.2
2011-08-09,19.8,69,53,22.6,18.11,0.0,22.0
2011-08-10,17.5,70,48,22.4,15.6,0.0,17.3
2011-08-11,18.2,72,74,18.9,9.27,1.2,19.0
2011-08-12,24.7,71,80,15.2,20.6,0.0,24.4
2011-08-13,21.9,83,76,7.2,14.78,5.6,24.0
2011-08-14,22.6,85,47,7.4,17.28,0.6,22.6
2011-08-15,25.1,83,38,11.5,17.7,8.2,25.0
2011-08-16,22.1,80,62,12.0,15.83,2.5,22.8
2011-08-17,22.1,74,52,7.7,18.81,0.0,23.0
2011-08-18,23.6,76,41,9.7,17.76,0.5,26.0
2011-08-19,27.9,84,49,24.0,16.8,8.6,29.4
2011-08-20,19.5,66,36,30.0,16.35,0.0,20.6
2011-08-21,21.4,71,58,16.3,15.53,0.0,22.0
2011-08-22,27.1,77,40,16.2,18.41,2.5,29.0
2011-08-23,21.8,75,69,11.8,17.4,0.0,23.0
2011-08-24,24.4,74,60,16.6,15.35,0.2,24.0
2011-08-25,24.8,75,67,14.8,14.47,0.9,24.0
2011-08-26,27.3,69,20,19.7,19.2,0.0,26.0
2011-08-27,30.6,69,1,21.9,19.87,0.0,32.0
2011-08-28,23.6,71,78,24.9,12.38,1.4,23.0
2011-08-29,21.7,73,45,12.1,15.58,0.4,23.0
2011-08-30,18.8,64,75,16.4,12.24,0.0,19.0
2011-08-31,17.8,67,41,15.1,13.42,0.0,19.0
2011-09-01,19.5,70,30,11.3,17.15,0.0,20.0
2011-09-02,18.3,73,44,9.2,13.71,0.0,19.0
2011-09-03,20.2,69,55,9.1,16.65,0.0,20.0
2011-09-04,22.1,65,22,15.3,18.14,0.0,23.0
2011-09-05,25.8,64,42,20.9,14.97,0.5,26.0
2011-09-06,20.7,72,48,22.9,14.73,0.8,21.0
2011-09-07,20.2,75,64,22.5,9.4,1.0,20.0
2011-09-08,15.8,81,86,19.0,9.67,7.3,14.0
2011-09-09,16.1,74,56,26.3,9.49,2.3,16.0
2011-09-10,18.1,83,69,14.5,7.0,0.1,19.0
2011-09-11,24.9,80,40,12.0,14.27,0.0,26.0
2011-09-12,23.1,80,61,19.7,11.96,0.1,23.0
2011-09-13,21.9,70,21,21.7,12.45,0.0,23.0
2011-09-14,19.8,63,40,24.4,12.67,0.0,20.0
2011-09-15,18.2,62,51,26.8,10.85,0.1,18.0
2011-09-16,15.8,69,28,18.8,12.16,0.0,16.0
2011-09-17,17.8,70,16,14.3,15.49,0.0,18.0
2011-09-18,22.5,66,62,21.2,13.4,0.0,23.0
2011-09-19,20.8,79,80,20.9,8.93,1.4,19.0
2011-09-20,18.9,85,74,15.5,6.47,0.9,18.0
2011-09-21,19.7,80,16,6.9,14.23,0.0,21.0
2011-09-22,18.6,83,80,13.8,4.94,0.0,19.0
2011-09-23,16.1,67,68,18.1,10.72,0.0,16.0
2011-09-24,16.1,71,49,17.0,9.32,0.0,16.0
2011-09-25,19.1,75,22,7.9,13.91,0.0,20.0
2011-09-26,21.2,76,49,10.3,13.42,0.0,22.0
2011-09-27,22.2,83,24,11.8,12.96,1.5,23.0
2011-09-28,16.0,78,84,14.5,10.47,0.0,15.0
2011-09-29,18.9,77,84,20.1,6.15,0.0,19.0
2011-09-30,21.1,81,32,12.7,12.36,0.0,22.0
2011-10-01,19.3,80,42,16.9,8.89,0.0,21.0
2011-10-02,15.9,87,66,10.5,9.64,0.0,15.0
2011-10-03,21.7,77,64,16.2,12.16,0.0,22.0
2011-10-04,22.6,66,47,19.0,10.75,0.0,23.0
2011-10-05,17.2,72,91,22.7,6.13,0.6,18.0
2011-10-06,20.5,68,70,22.3,8.0,0.0,21.0
2011-10-07,15.9,74,92,16.8,3.54,2.1,15.0
2011-10-08,11.0,82,69,16.9,6.5,2.1,11.0
2011-10-09,11.0,81,60,11.8,5.53,0.0,11.0
2011-10-10,10.8,85,92,24.9,2.92,3.0,11.0
2011-10-11,14.2,87,86,26.0,5.14,4.7,14.0
2011-10-12,11.6,79,52,25.0,9.02,1.5,11.0
2011-10-13,10.9,78,35,23.7,8.32,0.9,10.0
2011-10-14,9.8,75,56,18.2,6.12,0.0,9.0
2011-10-15,7.1,77,67,17.0,4.4,0.0,7.0
2011-10-16,6.5,79,5,8.7,9.82,0.0,8.0
2011-10-17,7.7,76,0,13.1,10.09,0.0,10.0
2011-10-18,10.5,71,8,16.6,9.84,0.0,13.0
2011-10-19,8.8,83,100,14.8,1.9,1.9,9.0
2011-10-20,8.3,87,73,15.4,3.39,0.2,8.3
2011-10-21,8.3,84,53,13.4,5.08,0.0,9.0
2011-10-22,8.4,82,69,10.0,5.52,0.0,10.0
2011-10-23,8.6,81,76,11.9,5.27,0.0,8.0
2011-10-24,9.8,79,74,19.2,4.71,0.0,11.0
2011-10-25,9.9,75,4,23.0,8.13,0.0,11.0
2011-10-26,11.3,74,78,22.4,6.22,0.0,11.0
2011-10-27,10.4,77,99,15.0,5.66,0.0,11.0
2011-10-28,11.6,77,44,13.4,7.81,0.0,11.0
2011-10-29,11.6,89,83,6.9,5.22,0.0,12.0
2011-10-30,11.1,87,88,6.6,2.91,0.0,12.0
2011-10-31,13.0,92,72,10.8,3.27,0.0,12.0
2011-11-01,11.0,93,93,11.5,1.71,0.1,13.0
2011-11-02,10.6,91,73,13.4,3.75,0.0,7.0
2011-11-03,9.3,95,61,10.8,4.13,0.0,7.0
2011-11-04,10.8,87,0,11.4,6.85,0.0,11.0
2011-11-05,12.3,77,0,17.7,6.51,0.0,14.0
2011-11-06,9.6,82,10,20.1,6.29,0.0,8.0
2011-11-07,10.3,86,5,15.3,6.21,0.0,10.0
2011-11-08,8.2,95,41,8.4,4.68,0.0,12.0
2011-11-09,4.6,97,97,9.3,1.95,0.0,6.0
2011-11-10,3.2,80,75,15.5,3.47,0.0,6.0
2011-11-11,4.6,75,32,10.5,5.9,0.0,5.0
2011-11-12,3.0,86,35,7.7,5.62,0.0,2.0
2011-11-13,3.2,89,100,8.8,1.83,0.0,2.0
2011-11-14,2.4,88,99,9.8,2.51,0.1,1.0
2011-11-15,3.0,90,96,11.7,1.98,0.0,3.0
2011-11-16,3.5,84,70,10.4,4.63,0.0,4.0
2011-11-17,2.4,89,89,9.1,3.75,0.0,0.0
2011-11-18,-0.1,92,97,12.3,1.7,0.0,0.0
2011-11-19,3.1,89,79,12.7,2.52,0.0,4.0
2011-11-20,5.2,89,90,11.4,1.12,0.0,8.0
2011-11-21,4.6,87,84,8.9,2.1,0.0,5.0
2011-11-22,2.8,86,85,6.8,2.08,0.0,4.0
2011-11-23,4.0,86,53,9.2,3.42,0.0,4.0
2011-11-24,2.3,89,76,9.1,2.44,0.0,2.0
2011-11-25,6.7,90,60,19.0,2.95,0.0,7.0
2011-11-26,7.0,78,68,27.6,2.93,0.0,7.0
2011-11-27,9.0,78,89,33.9,0.59,0.7,9.0
2011-11-28,8.9,66,27,40.7,3.91,0.0,9.0
2011-11-29,5.0,88,50,16.6,3.87,0.0,7.0
2011-11-30,4.8,84,57,16.2,2.42,0.0,6.0
2011-12-01,3.1,95,66,16.3,2.55,0.0,3.0
2011-12-02,7.2,77,98,22.4,2.21,0.5,10.0
2011-12-03,6.8,82,95,26.2,1.95,0.4,7.0
2011-12-04,8.2,85,99,27.0,2.04,3.5,9.0
2011-12-05,5.7,91,73,22.9,0.81,8.6,5.0
2011-12-06,3.8,75,73,22.9,2.88,0.0,3.0
2011-12-07,2.6,84,55,20.0,2.1,1.1,4.0
2011-12-08,2.4,93,95,22.2,0.91,6.1,3.0
2011-12-09,5.4,89,76,25.8,0.65,4.6,5.0
2011-12-10,3.3,80,37,20.9,2.78,0.0,4.0
2011-12-11,3.4,80,73,21.8,1.92,0.0,3.0
2011-12-12,3.1,84,86,16.2,1.47,0.0,2.0
2011-12-13,4.7,91,94,21.4,2.21,0.0,6.0
2011-12-14,6.6,82,76,21.2,2.49,0.6,8.0
2011-12-15,5.9,83,73,22.7,3.23,0.0,7.0
2011-12-16,4.6,87,68,31.0,3.38,1.9,6.0
2011-12-17,6.3,80,100,25.8,1.64,2.9,6.0
2011-12-18,3.0,81,79,29.1,1.89,0.8,4.0
2011-12-19,2.6,78,41,23.7,2.87,0.0,4.0
2011-12-20,0.7,89,68,8.0,2.74,0.0,1.0
2011-12-21,-2.6,96,83,6.9,1.76,0.0,-1.0
2011-12-22,-1.1,91,95,6.2,1.34,0.0,-2.0
2011-12-23,0.3,86,91,12.0,1.39,0.0,0.0
2011-12-24,3.3,96,100,12.8,0.47,1.3,5.0
2011-12-25,3.5,93,95,20.0,1.55,1.2,5.0
2011-12-26,7.8,95,100,22.9,0.45,0.2,8.0
2011-12-27,8.2,94,100,24.1,0.7,0.1,9.0
2011-12-28,7.4,94,76,20.1,1.53,0.0,7.0
2011-12-29,5.1,83,88,21.8,1.15,0.1,5.0
2011-12-30,2.7,83,70,18.3,1.83,0.0,3.0
2011-12-31,2.4,94,83,14.9,1.81,1.2,
2012-01-01,2.8,93,89,14.8,2.84,2.7,3.0
2012-01-02,8.4,91,100,21.1,1.39,1.5,9.0
2012-01-03,6.7,88,83,27.9,2.06,1.4,8.0
2012-01-04,7.5,70,84,29.1,1.77,0.5,8.0
2012-01-05,3.9,82,88,32.9,0.68,5.1,5.0
2012-01-06,3.1,92,92,21.4,1.32,3.0,4.0
2012-01-07,2.4,88,93,19.6,1.36,0.0,2.0
2012-01-08,4.3,95,99,14.5,1.86,1.6,5.0
2012-01-09,2.9,92,89,17.7,2.04,0.0,3.0
2012-01-10,2.3,92,99,7.1,1.45,0.7,2.0
2012-01-11,5.7,94,96,25.7,0.69,1.1,6.0
2012-01-12,7.4,91,94,32.8,0.66,2.5,7.0
2012-01-13,5.8,80,68,33.9,3.3,2.4,5.0
2012-01-14,0.4,77,90,29.5,2.54,1.6,1.0
2012-01-15,-1.5,76,88,22.2,2.53,0.8,-1.0
2012-01-16,-2.2,83,73,12.5,2.75,0.4,-2.0
2012-01-17,-2.5,72,84,11.1,3.68,0.0,-3.0
2012-01-18,0.7,84,100,13.6,1.37,1.8,1.0
2012-01-19,1.9,93,100,17.0,1.34,4.1,1.0
2012-01-20,2.1,91,99,30.6,2.56,7.5,3.0
2012-01-21,1.0,91,82,20.7,2.78,1.7,0.0
2012-01-22,2.1,93,97,24.4,2.16,8.7,3.0
2012-01-23,1.0,90,93,23.6,1.96,3.9,2.0
2012-01-24,0.7,87,80,16.2,1.9,0.3,0.0
2012-01-25,0.4,87,70,6.5,3.19,0.3,0.0
2012-01-26,-2.3,83,78,17.4,2.94,0.7,-3.0
2012-01-27,-8.5,72,47,16.2,5.45,0.0,-9.0
2012-01-28,-7.1,72,81,16.5,5.42,0.0,-8.0
2012-01-29,-9.0,64,19,16.4,6.01,0.0,-6.0
2012-01-30,-10.3,73,34,17.1,5.88,0.0,-8.0
2012-01-31,-10.6,72,48,12.8,6.17,0.0,-8.0
2012-02-01,-14.7,75,96,15.4,4.33,0.0,-12.0
2012-02-02,-15.8,70,90,11.0,4.37,0.0,-16.0
2012-02-03,-13.9,71,21,9.2,6.77,0.0,-14.0
2012-02-04,-15.7,73,43,8.9,6.97,0.0,-14.0
2012-02-05,-15.4,72,90,14.0,6.05,0.0,-14.0
2012-02-06,-14.1,75,80,12.4,5.0,0.0,-14.0
2012-02-07,-8.6,79,99,15.6,3.91,0.0,-8.0
2012-02-08,-8.2,71,74,8.8,6.47,0.0,-6.0
2012-02-09,-9.2,73,84,17.2,6.98,0.0,-8.0
2012-02-10,-11.4,77,54,9.2,7.07,0.0,-10.0
2012-02-11,-10.2,78,39,8.6,7.62,0.0,-9.0
2012-02-12,-7.2,76,67,10.7,6.97,0.0,-7.0
2012-02-13,-3.7,74,94,11.3,5.34,0.3,-5.0
2012-02-14,-1.1,79,81,12.4,5.43,0.0,-3.0
2012-02-15,0.1,87,100,24.3,2.65,6.4,-2.0
2012-02-16,-5.3,86,97,17.1,4.94,0.0,-4.0
2012-02-17,0.6,90,98,17.7,4.33,2.9,1.0
2012-02-18,1.4,90,84,16.6,6.24,0.0,2.0
2012-02-19,2.9,92,96,21.3,2.92,6.5,2.0
2012-02-20,1.2,89,34,21.4,8.63,0.6,2.0
2012-02-21,1.1,84,76,23.1,5.05,1.2,3.0
2012-02-22,3.5,96,100,19.2,1.55,0.5,4.0
2012-02-23,5.7,89,80,35.3,1.65,6.1,6.0
2012-02-24,8.0,93,88,30.7,1.45,4.4,10.0
2012-02-25,6.7,78,76,42.5,6.0,1.8,6.0
2012-02-26,2.6,78,62,29.0,9.46,2.3,3.0
2012-02-27,1.7,68,42,21.5,9.98,0.0,1.0
2012-02-28,3.9,81,77,23.0,3.46,3.5,4.0
2012-02-29,7.5,82,42,19.8,10.16,0.0,8.0
2012-03-01,7.1,98,99,16.5,1.82,1.7,7.0
2012-03-02,5.7,85,77,26.3,3.01,0.0,6.0
2012-03-03,6.4,65,19,25.4,11.78,0.0,6.0
2012-03-04,3.3,69,23,14.8,11.7,0.0,4.0
2012-03-05,2.2,56,32,15.5,11.97,0.0,3.0
2012-03-06,-0.2,52,59,15.8,9.44,0.0,0.0
2012-03-07,-0.8,47,89,11.5,7.17,0.0,-1.0
2012-03-08,4.7,54,2,14.5,13.09,0.0,4.0
2012-03-09,5.7,75,83,13.8,9.6,0.0,1.0
2012-03-10,6.4,86,86,19.9,4.82,2.7,8.0
2012-03-11,6.6,72,49,36.7,12.7,2.3,7.0
2012-03-12,5.5,88,72,14.8,3.07,0.0,4.0
2012-03-13,7.6,91,94,23.3,5.88,0.0,8.0
2012-03-14,5.9,81,86,20.4,6.38,1.6,6.0
2012-03-15,7.5,75,70,15.5,10.44,0.0,6.0
2012-03-16,12.2,80,40,12.3,13.04,0.0,12.0
2012-03-17,17.7,77,1,11.1,14.69,0.0,20.0
2012-03-18,15.8,80,14,16.2,14.49,0.0,17.0
2012-03-19,9.8,72,38,28.2,10.72,0.1,11.0
2012-03-20,9.9,65,64,28.1,10.77,0.0,10.0
2012-03-21,12.4,75,92,26.2,4.73,0.0,14.0
2012-03-22,12.6,78,84,15.7,8.46,0.0,14.0
2012-03-23,14.7,79,3,17.3,15.17,0.0,17.0
2012-03-24,12.3,74,27,11.0,15.93,0.0,14.0
2012-03-25,11.1,74,43,29.3,10.82,0.0,12.0
2012-03-26,9.2,68,47,20.8,13.84,0.0,10.0
2012-03-27,12.4,65,80,30.3,13.59,0.0,13.0
2012-03-28,16.6,70,53,28.1,14.64,0.0,18.0
2012-03-29,10.3,73,73,31.7,13.62,3.9,12.0
2012-03-30,9.4,80,69,20.6,15.18,3.0,8.0
2012-03-31,6.0,90,90,24.6,8.86,12.5,6.0
2012-04-01,4.7,70,80,27.0,15.95,1.4,5.0
2012-04-02,7.3,66,76,31.7,15.3,2.8,7.0
2012-04-03,9.4,68,85,12.1,11.58,0.0,10.0
2012-04-04,13.1,85,90,13.8,11.34,7.0,13.0
2012-04-05,5.7,79,98,13.1,6.57,0.0,5.0
2012-04-06,7.1,75,97,8.7,9.2,0.0,6.0
2012-04-07,8.2,77,93,19.7,9.17,0.0,7.0
2012-04-08,4.9,66,62,26.9,13.08,0.5,3.0
2012-04-09,5.4,59,24,14.0,15.35,0.0,8.0
2012-04-10,11.1,52,35,19.5,20.49,0.0,13.0
2012-04-11,14.7,54,74,18.2,18.95,0.0,16.0
2012-04-12,15.6,71,90,11.6,10.17,0.0,17.0
2012-04-13,12.7,79,79,17.3,9.29,5.4,13.0
2012-04-14,13.0,77,75,16.3,13.2,0.0,15.0
2012-04-15,13.6,82,99,24.5,6.73,11.1,12.0
2012-04-16,9.5,94,100,23.4,2.27,16.2,10.0
2012-04-17,8.9,60,75,20.5,16.17,0.0,10.0
2012-04-18,11.6,64,83,17.7,11.73,0.0,12.0
2012-04-19,11.1,82,100,16.1,5.46,1.9,10.0
2012-04-20,16.0,84,71,8.2,16.65,2.5,16.0
2012-04-21,18.1,80,59,12.0,20.02,2.0,19.0
2012-04-22,17.4,73,64,12.1,19.56,0.0,18.0
2012-04-23,13.6,74,72,15.5,13.82,9.5,14.0
2012-04-24,16.4,75,65,20.7,18.93,3.6,16.0
2012-04-25,14.5,71,71,23.5,14.05,1.4,15.0
2012-04-26,19.5,64,38,16.9,22.53,0.0,22.0
2012-04-27,23.6,64,37,13.2,22.88,0.0,26.0
2012-04-28,26.2,61,31,10.2,23.3,0.0,29.0
2012-04-29,26.7,57,8,15.5,24.12,0.0,30.0
2012-04-30,27.1,53,3,13.9,24.17,0.0,30.0
2012-05-01,27.5,65,6,13.5,23.41,0.0,30.0
2012-05-02,24.7,61,4,11.4,23.92,0.0,24.0
2012-05-03,24.9,60,3,10.5,23.61,0.2,26.0
2012-05-04,21.8,77,72,14.6,16.69,9.2,22.0
2012-05-05,21.2,69,42,9.7,21.01,0.0,23.0
2012-05-06,19.1,73,78,19.2,18.88,1.4,18.0
2012-05-07,8.9,76,99,12.0,7.11,4.6,9.0
2012-05-08,15.6,70,43,9.2,25.01,0.0,17.0
2012-05-09,18.0,72,27,15.0,19.49,0.0,19.0
2012-05-10,24.3,69,72,13.1,24.17,0.0,26.0
2012-05-11,27.7,61,87,18.1,20.65,0.2,29.0
2012-05-12,20.3,68,72,23.3,5.04,3.4,20.0
2012-05-13,13.9,61,47,19.6,16.01,1.0,11.0
2012-05-14,15.1,61,49,11.8,19.3,0.2,15.0
2012-05-15,13.7,68,99,16.4,10.79,4.7,13.0
2012-05-16,12.2,92,100,20.5,5.46,16.8,12.0
2012-05-17,11.8,69,90,24.0,9.73,4.5,12.0
2012-05-18,14.0,60,28,9.7,21.2,0.0,15.0
2012-05-19,18.6,64,34,13.6,17.53,0.0,20.0
2012-05-20,23.6,76,12,16.1,23.21,0.5,25.0
2012-05-21,26.8,69,23,17.4,25.07,0.0,28.0
2012-05-22,27.3,57,4,20.5,26.47,0.0,28.0
2012-05-23,26.6,63,44,18.5,22.03,0.1,27.0
2012-05-24,20.8,54,16,22.2,25.11,0.0,20.0
2012-05-25,19.2,49,42,19.9,21.97,0.0,20.0
2012-05-26,19.0,56,33,11.6,20.56,0.0,21.0
2012-05-27,20.1,65,37,12.0,23.27,0.3,20.0
2012-05-28,21.2,66,45,9.4,23.92,0.0,23.0
2012-05-29,22.6,60,44,19.3,20.75,1.6,25.0
2012-05-30,15.2,62,89,13.2,16.32,0.0,16.0
2012-05-31,18.0,60,90,16.2,17.15,0.5,18.0
2012-06-01,14.2,81,81,24.6,7.51,15.8,15.0
2012-06-02,13.2,58,28,32.2,24.28,0.3,13.0
2012-06-03,17.6,56,73,21.9,19.05,1.4,17.0
2012-06-04,14.8,81,99,9.0,7.95,5.4,15.0
2012-06-05,16.4,77,100,15.6,8.68,0.0,17.0
2012-06-06,16.8,62,89,16.9,19.24,0.0,17.0
2012-06-07,19.2,69,65,6.3,18.03,0.1,20.0
2012-06-08,24.3,75,91,14.2,20.07,0.8,25.0
2012-06-09,22.4,70,77,12.9,17.97,0.6,23.0
2012-06-10,22.9,70,67,12.1,21.28,8.5,24.0
2012-06-11,18.1,81,94,13.3,9.47,2.9,18.0
2012-06-12,21.0,72,55,11.6,20.14,0.1,22.0
2012-06-13,17.9,88,97,18.8,8.2,17.1,20.0
2012-06-14,19.6,84,99,14.1,15.69,3.5,18.0
2012-06-15,16.9,75,93,16.8,11.72,2.0,18.0
2012-06-16,26.2,69,14,15.9,27.41,0.0,28.0
2012-06-17,24.6,69,34,16.0,23.42,0.0,25.0
2012-06-18,27.6,71,27,14.5,24.62,0.0,28.0
2012-06-19,23.7,68,39,18.8,26.5,0.0,25.0
2012-06-20,22.0,73,98,16.6,16.19,2.0,21.0
2012-06-21,25.0,88,82,14.5,12.11,30.6,24.0
2012-06-22,19.7,84,96,18.7,10.54,0.4,19.0
2012-06-23,21.9,70,24,16.0,22.17,0.2,23.0
2012-06-24,23.4,64,71,22.1,23.02,0.0,26.0
2012-06-25,20.4,67,62,24.0,20.69,4.4,20.0
2012-06-26,17.7,69,67,28.9,14.94,0.6,21.0
2012-06-27,18.4,65,81,22.8,16.08,0.0,20.0
2012-06-28,19.9,70,45,11.3,19.41,0.0,21.0
2012-06-29,24.6,63,45,11.8,24.44,0.0,25.0
2012-06-30,29.6,62,39,14.3,26.27,0.0,30.0
2012-07-01,31.3,72,53,18.2,22.7,9.9,34.0
2012-07-02,24.4,80,91,14.0,19.85,6.9,26.0
2012-07-03,28.5,81,78,18.4,19.39,4.8,31.0
2012-07-04,27.6,83,72,8.2,21.23,6.5,28.0
2012-07-05,29.4,78,34,10.5,24.05,0.3,30.0
2012-07-06,30.5,70,34,12.8,24.54,0.7,33.0
2012-07-07,30.9,71,22,9.8,24.78,0.9,32.0
2012-07-08,27.7,74,78,9.8,19.69,2.2,27.0
2012-07-09,26.7,71,44,17.5,23.55,0.5,27.0
2012-07-10,25.3,65,27,10.9,22.09,0.0,26.0
2012-07-11,27.1,70,60,16.5,21.27,1.3,28.0
2012-07-12,21.6,75,57,15.5,18.32,1.5,22.0
2012-07-13,19.1,62,92,15.9,12.92,0.3,20.0
2012-07-14,24.3,66,80,22.1,18.5,0.4,
2012-07-15,21.8,65,74,20.3,20.83,0.6,
2012-07-16,20.1,69,71,22.0,21.47,2.3,19.0
2012-07-17,16.4,79,77,18.1,11.08,4.6,17.0
2012-07-18,19.5,77,67,21.7,18.22,3.2,20.0
2012-07-19,24.4,76,88,20.6,16.58,3.5,24.0
2012-07-20,19.5,63,51,31.0,18.4,0.0,21.0
2012-07-21,20.2,62,74,13.6,20.22,0.1,21.0
2012-07-22,20.0,64,40,10.7,19.85,0.0,21.0
2012-07-23,22.8,63,1,7.8,26.4,0.0,24.0
2012-07-24,26.0,54,13,13.7,26.38,0.0,27.0
2012-07-25,28.8,59,64,18.0,21.15,0.0,29.0
2012-07-26,27.0,79,92,9.4,12.92,4.7,27.0
2012-07-27,29.6,76,33,6.6,21.84,2.3,31.0
2012-07-28,31.0,66,21,16.2,23.4,0.2,32.0
2012-07-29,29.7,70,60,19.6,18.41,7.0,30.0
2012-07-30,24.0,72,80,14.9,15.77,0.8,25.0
2012-07-31,25.8,57,41,9.0,20.67,0.0,26.0
2012-08-01,25.2,62,63,13.0,23.59,0.0,27.0
2012-08-02,28.4,56,36,18.9,19.57,0.2,30.0
2012-08-03,30.9,65,72,15.6,19.08,3.5,32.0
2012-08-04,25.3,74,67,9.7,18.39,0.0,27.0
2012-08-05,29.4,68,68,16.5,19.43,2.0,29.0
2012-08-06,33.4,76,65,18.9,19.66,2.1,34.0
2012-08-07,22.6,74,62,23.0,16.95,22.4,24.0
2012-08-08,21.0,69,30,19.4,18.75,0.4,22.0
2012-08-09,20.7,72,49,16.9,17.99,1.0,20.0
2012-08-10,20.1,68,57,19.5,18.94,0.0,20.0
2012-08-11,18.4,82,87,12.4,13.54,4.5,17.0
2012-08-12,18.2,69,58,11.9,16.37,0.0,19.0
2012-08-13,17.7,80,94,16.7,11.63,1.6,18.0
2012-08-14,15.6,90,100,23.5,4.06,10.7,
2012-08-15,20.0,79,97,14.8,9.53,0.1,19.0
2012-08-16,20.3,72,95,9.1,10.84,0.0,21.0
2012-08-17,21.7,74,71,12.2,13.53,0.3,22.0
2012-08-18,23.0,76,40,9.2,19.36,0.0,24.0
2012-08-19,27.1,67,24,13.5,21.07,0.0,30.0
2012-08-20,31.2,62,48,14.6,20.03,0.0,34.0
2012-08-21,28.0,73,56,12.7,18.49,0.8,29.0
2012-08-22,29.0,76,79,21.4,14.55,3.2,28.0
2012-08-23,23.2,68,36,16.9,16.31,0.2,25.0
2012-08-24,24.9,72,67,12.2,13.96,1.9,25.0
2012-08-25,24.0,85,78,15.9,11.36,1.7,24.0
2012-08-26,20.1,86,91,11.6,4.94,11.3,21.0
2012-08-27,19.4,73,65,26.3,13.71,2.3,19.0
2012-08-28,19.6,67,64,12.6,16.3,0.0,20.0
2012-08-29,22.0,69,53,8.0,17.55,0.0,24.0
2012-08-30,23.9,66,28,15.5,19.28,0.0,25.0
2012-08-31,25.2,58,90,21.4,17.82,0.2,26.0
2012-09-01,19.3,88,99,10.6,6.21,7.5,19.0
2012-09-02,21.7,74,60,7.5,18.12,0.0,22.0
2012-09-03,22.6,73,73,9.2,12.31,0.2,24.0
2012-09-04,20.9,76,33,9.8,14.6,0.0,23.0
2012-09-05,21.7,76,47,12.6,12.03,0.0,23.0
2012-09-06,17.7,70,62,20.6,14.21,0.7,18.0
2012-09-07,14.7,76,94,19.5,2.66,2.3,16.0
2012-09-08,17.4,75,77,20.6,9.18,0.0,18.0
2012-09-09,18.3,66,63,18.9,13.06,0.0,20.0
2012-09-10,23.4,61,12,16.2,17.28,0.0,25.0
2012-09-11,27.5,62,8,14.5,16.59,0.0,30.0
2012-09-12,20.7,73,67,18.1,7.98,8.9,21.0
2012-09-13,14.8,92,100,20.3,2.84,10.6,13.0
2012-09-14,16.7,79,78,12.2,11.74,0.4,18.0
2012-09-15,17.1,73,76,21.3,9.77,1.3,17.0
2012-09-16,17.6,76,77,13.4,8.09,0.2,18.0
2012-09-17,20.5,70,66,13.4,14.68,0.0,21.0
2012-09-18,22.7,69,61,17.6,13.5,0.0,24.0
2012-09-19,19.9,82,88,20.9,5.09,2.4,20.0
2012-09-20,13.7,75,96,13.0,7.35,0.0,13.0
2012-09-21,15.6,69,68,8.4,12.22,0.0,17.0
2012-09-22,13.0,77,88,23.8,4.89,1.3,13.0
2012-09-23,13.8,65,50,29.6,9.65,0.0,14.0
2012-09-24,14.7,71,68,14.5,10.19,0.0,15.0
2012-09-25,18.8,79,81,14.2,8.82,0.0,19.0
2012-09-26,21.9,82,63,16.6,13.27,0.0,24.0
2012-09-27,24.0,71,70,28.1,10.33,0.5,26.0
2012-09-28,17.0,76,52,22.0,9.72,0.3,17.0
2012-09-29,20.0,74,59,13.4,9.64,0.8,21.0
2012-09-30,15.6,74,49,21.6,10.13,1.1,16.0
2012-10-01,15.9,82,66,16.3,8.91,2.8,16.0
2012-10-02,16.4,85,81,11.4,8.95,0.1,18.0
2012-10-03,15.8,90,78,8.4,4.68,4.9,15.0
2012-10-04,20.3,76,63,23.9,11.4,0.4,21.0
2012-10-05,15.6,68,91,31.1,8.68,4.0,15.0
2012-10-06,20.2,70,95,33.8,5.9,2.0,21.0
2012-10-07,12.0,74,92,24.7,3.7,0.0,13.0
2012-10-08,11.8,74,63,26.5,7.3,0.5,11.0
2012-10-09,12.4,70,45,27.0,9.08,0.1,12.0
2012-10-10,10.7,73,88,25.3,6.94,0.4,10.0
2012-10-11,9.6,87,76,14.5,5.29,2.0,9.0
2012-10-12,10.0,83,37,11.5,8.14,0.0,10.0
2012-10-13,12.7,79,80,16.7,5.0,0.4,14.0
2012-10-14,14.0,87,80,22.2,4.51,0.0,15.0
2012-10-15,17.2,84,94,17.6,5.56,0.2,19.0
2012-10-16,13.4,90,97,10.8,2.67,15.0,14.0
2012-10-17,13.6,84,48,19.7,8.77,2.7,14.0
2012-10-18,16.8,83,11,13.1,9.18,0.0,18.0
2012-10-19,17.3,86,14,11.4,9.18,0.0,18.0
2012-10-20,16.5,87,0,11.8,9.09,0.0,16.0
2012-10-21,12.6,96,59,9.7,5.28,0.0,13.0
2012-10-22,11.8,96,100,8.8,2.47,0.0,11.0
2012-10-23,10.7,83,84,11.4,3.16,0.0,12.0
2012-10-24,7.3,74,85,8.2,3.64,0.0,8.0
2012-10-25,9.6,81,97,25.3,1.83,1.2,10.0
2012-10-26,7.5,65,52,26.2,8.23,0.4,7.0
2012-10-27,1.9,79,100,27.6,1.28,15.3,1.0
2012-10-28,2.4,85,70,20.5,4.93,0.1,2.0
2012-10-29,0.9,90,78,11.0,4.78,0.5,2.0
2012-10-30,0.4,89,89,11.8,3.7,1.0,1.0
2012-10-31,4.6,90,88,14.3,2.72,0.0,6.0
2012-11-01,8.7,81,67,25.3,6.98,4.3,7.0
2012-11-02,11.3,89,77,18.2,6.09,1.8,12.0
2012-11-03,10.4,83,64,21.3,5.28,0.2,10.0
2012-11-04,10.0,87,82,22.7,3.57,2.4,11.0
2012-11-05,11.1,92,88,19.2,0.92,14.0,9.0
2012-11-06,6.2,87,63,27.4,3.23,1.3,7.0
2012-11-07,7.0,84,82,27.9,1.44,1.8,7.0
2012-11-08,9.0,80,99,25.6,2.04,0.0,9.0
2012-11-09,9.0,87,69,17.4,2.92,1.6,9.0
2012-11-10,7.6,89,82,22.1,2.96,0.0,9.0
2012-11-11,12.0,74,72,21.9,4.69,0.0,15.0
2012-11-12,10.5,83,98,13.0,4.02,0.0,10.0
2012-11-13,8.0,82,87,12.7,2.85,0.0,7.0
2012-11-14,5.4,85,83,7.1,2.61,0.0,5.0
2012-11-15,5.2,90,61,10.0,4.11,0.0,3.0
2012-11-16,3.5,93,99,11.4,2.63,0.0,3.0
2012-11-17,3.5,96,87,15.5,2.48,0.0,1.0
2012-11-18,6.6,92,90,13.1,1.71,0.0,5.0
2012-11-19,5.9,93,98,6.9,1.44,0.0,6.0
2012-11-20,6.6,94,94,11.1,1.76,0.0,8.0
2012-11-21,6.1,87,90,16.1,2.49,0.0,8.0
2012-11-22,6.0,88,98,13.6,1.03,0.6,6.0
2012-11-23,7.7,95,88,9.0,1.53,0.0,7.0
2012-11-24,8.2,91,99,10.3,1.41,0.0,8.0
2012-11-25,7.5,93,100,15.2,1.26,0.0,6.0
2012-11-26,8.6,91,46,14.8,4.16,0.0,9.0
2012-11-27,9.9,94,99,11.1,2.19,3.5,9.0
2012-11-28,9.6,95,96,12.6,2.34,0.2,9.0
2012-11-29,10.0,91,76,14.7,1.99,0.8,10.0
2012-11-30,7.1,87,88,25.0,1.31,0.1,7.0
2012-12-01,1.5,86,65,15.9,2.38,0.0,2.0
2012-12-02,1.3,86,91,15.5,2.74,0.0,0.0
2012-12-03,0.6,87,99,15.9,1.22,1.8,0.0
2012-12-04,0.7,80,92,19.9,2.51,0.0,-1.0
2012-12-05,1.9,88,72,16.7,2.59,0.1,2.0
2012-12-06,-1.2,72,90,15.3,2.89,0.3,-2.0
2012-12-07,-2.5,77,97,7.5,1.84,0.6,-3.0
2012-12-08,-3.7,85,96,10.6,2.33,0.0,-5.0
2012-12-09,-6.8,82,100,14.0,1.99,0.0,-8.0
2012-12-10,-4.5,81,98,11.0,1.64,0.0,-6.0
2012-12-11,-4.5,81,97,8.2,2.02,0.0,-4.0
2012-12-12,-2.5,85,99,15.9,1.12,0.0,-2.0
2012-12-13,-3.4,86,85,15.3,1.65,0.0,-4.0
2012-12-14,-3.5,81,60,17.1,3.24,0.0,-4.0
2012-12-15,1.4,85,100,23.0,0.91,3.1,1.0
2012-12-16,2.2,97,97,14.3,0.75,5.2,2.0
2012-12-17,1.9,96,97,16.2,1.65,4.3,1.0
2012-12-18,-1.3,91,99,15.7,1.27,9.2,-2.0
2012-12-19,-3.5,88,98,11.5,1.97,0.0,-4.0
2012-12-20,-7.7,86,88,11.4,2.91,0.0,-7.0
2012-12-21,-10.0,84,92,13.4,2.83,0.0,-11.0
2012-12-22,-9.1,86,94,9.7,2.46,0.0,-9.0
2012-12-23,-9.6,85,99,23.5,2.78,0.2,-8.0
2012-12-24,3.5,94,99,23.9,1.14,2.6,4.0
2012-12-25,5.0,86,100,21.9,2.2,0.0,7.0
2012-12-26,6.3,87,79,18.5,2.95,0.4,8.0
2012-12-27,4.7,91,71,23.6,1.33,2.2,6.0
2012-12-28,2.3,81,31,20.4,3.47,0.0,5.0
2012-12-29,1.4,67,59,16.3,2.76,0.0,1.0
2012-12-30,4.0,59,37,20.2,3.31,0.0,5.0
2012-12-31,5.5,86,34,20.9,2.83,0.5,7.0
2013-01-01,5.1,71,65,18.9,3.23,0.0,7.0
2013-01-02,4.2,84,88,18.3,0.95,0.2,5.0
2013-01-03,6.9,94,94,29.3,0.66,6.1,8.0
2013-01-04,5.9,84,83,29.7,2.41,0.6,6.0
2013-01-05,3.8,85,98,24.5,1.13,0.3,5.0
2013-01-06,1.1,84,84,15.6,1.66,0.4,0.0
2013-01-07,-1.8,63,78,14.2,3.07,0.0,-1.0
2013-01-08,-1.9,61,96,12.6,2.6,1.0,-3.0
2013-01-09,-1.2,81,73,13.7,3.08,0.5,-2.0
2013-01-10,2.3,94,100,24.6,1.02,9.2,3.0
2013-01-11,-0.2,82,70,20.3,2.93,0.4,0.0
2013-01-12,-1.9,79,99,20.1,2.4,3.2,-2.0
2013-01-13,-3.0,79,92,12.8,2.48,0.0,-5.0
2013-01-14,-3.3,83,67,23.4,3.96,1.2,-4.0
2013-01-15,-3.2,93,100,12.6,3.15,2.6,-3.0
2013-01-16,-0.5,93,99,16.9,1.72,3.4,-1.0
2013-01-17,-2.7,88,99,17.7,2.26,0.0,-2.0
2013-01-18,-6.8,86,100,14.0,2.55,0.0,-6.0
2013-01-19,-9.1,85,100,15.8,1.59,3.9,-9.0
2013-01-20,-8.1,87,91,6.1,3.05,0.0,-7.0
2013-01-21,-9.8,84,100,20.9,2.16,3.7,-8.0
2013-01-22,-8.7,83,100,20.2,2.19,4.6,-7.0
2013-01-23,-8.1,85,100,12.0,1.88,4.1,-8.0
2013-01-24,-6.3,89,98,8.2,2.69,2.1,-6.0
2013-01-25,-6.8,88,83,13.4,4.06,0.0,-6.0
2013-01-26,-11.1,85,86,16.3,4.72,0.0,-8.0
2013-01-27,-8.9,84,86,16.1,4.64,0.0,-11.0
2013-01-28,-1.7,88,78,12.6,3.4,1.0,-1.0
2013-01-29,1.7,93,99,15.5,3.5,2.4,3.0
2013-01-30,6.1,94,100,23.1,0.93,8.6,7.0
2013-01-31,5.9,83,91,32.7,1.77,2.9,6.0
2013-02-01,3.7,94,96,22.9,2.15,5.9,5.0
2013-02-02,2.1,97,100,16.6,1.17,4.5,3.0
2013-02-03,1.2,81,91,18.8,3.7,0.0,2.0
2013-02-04,2.2,80,93,22.8,2.96,1.5,3.0
2013-02-05,6.4,86,47,22.6,6.07,0.4,6.0
2013-02-06,2.5,87,97,16.8,2.91,0.3,4.0
2013-02-07,0.6,91,100,16.3,2.33,6.8,0.0
2013-02-08,0.1,89,71,16.6,6.16,1.5,0.0
2013-02-09,-1.0,86,95,10.0,5.42,0.0,-4.0
2013-02-10,-0.1,87,91,7.4,5.65,0.0,-1.0
2013-02-11,0.1,89,96,16.9,4.27,0.4,-1.0
2013-02-12,-0.5,86,95,18.8,7.01,0.0,0.0
2013-02-13,0.1,87,100,16.6,4.37,0.0,1.0
2013-02-14,1.5,93,99,11.6,2.33,0.0,1.0
2013-02-15,1.4,91,99,13.4,3.78,0.0,2.0
2013-02-16,-0.2,87,98,10.8,3.41,0.0,0.0
2013-02-17,-2.2,79,97,11.5,3.54,0.0,-3.0
2013-02-18,-1.7,75,98,13.5,4.92,0.0,-2.0
2013-02-19,0.5,90,100,17.9,2.91,8.8,0.0
2013-02-20,-1.1,93,99,14.2,4.85,6.1,-1.0
2013-02-21,-2.3,87,97,10.0,6.6,0.2,-3.0
2013-02-22,-2.1,86,89,21.2,6.07,0.5,-2.0
2013-02-23,1.7,88,100,24.6,5.3,2.5,2.0
2013-02-24,2.4,87,100,23.9,5.55,0.1,2.0
2013-02-25,3.1,89,100,18.6,4.68,0.4,2.0
2013-02-26,4.3,90,93,12.2,5.46,0.0,5.0
2013-02-27,6.0,88,76,8.0,8.5,0.0,6.0
2013-02-28,5.3,86,89,22.1,5.61,0.0,3.0
2013-03-01,5.5,76,71,25.0,5.98,0.1,5.0
2013-03-02,4.3,66,72,24.4,9.14,0.0,4.0
2013-03-03,4.9,67,61,34.6,7.26,0.1,6.0
2013-03-04,3.6,67,9,16.9,11.76,0.0,5.0
2013-03-05,8.9,59,11,14.7,12.18,0.0,11.0
2013-03-06,12.2,63,2,14.1,12.31,0.0,14.0
2013-03-07,8.5,77,60,23.2,8.68,0.0,10.0
2013-03-08,0.7,57,100,24.3,4.34,3.4,2.0
2013-03-09,-0.5,81,100,17.9,5.93,3.7,-2.0
2013-03-10,-1.7,82,100,18.4,4.68,2.3,-2.0
2013-03-11,-2.3,85,100,16.8,3.19,4.2,-3.0
2013-03-12,-1.9,83,98,8.4,6.67,0.0,-3.0
2013-03-13,-2.3,83,99,10.7,7.29,3.4,-4.0
2013-03-14,-4.9,79,99,18.9,9.39,0.0,-3.0
2013-03-15,-3.5,69,100,29.5,8.75,0.0,-3.0
2013-03-16,-1.0,70,29,20.9,15.31,0.0,0.0
2013-03-17,0.4,61,0,13.4,16.09,0.0,2.0
2013-03-18,1.1,62,40,24.4,14.93,0.0,2.0
2013-03-19,0.0,84,99,26.9,3.77,8.5,-1.0
2013-03-20,0.7,84,78,15.6,8.51,0.0,1.0
2013-03-21,2.2,86,78,12.9,10.11,1.3,1.0
2013-03-22,-1.9,79,84,19.4,10.07,1.1,-2.0
2013-03-23,-6.8,69,9,18.9,17.61,0.0,-3.0
2013-03-24,-3.2,74,70,11.7,12.51,0.0,-3.0
2013-03-25,-0.6,71,48,14.7,14.9,0.0,0.0
2013-03-26,0.4,67,45,17.1,17.92,0.0,0.0
2013-03-27,1.5,67,91,20.4,15.58,0.0,3.0
2013-03-28,1.9,66,70,23.2,17.49,0.0,3.0
2013-03-29,1.2,83,74,22.9,7.8,4.5,0.0
2013-03-30,2.3,82,83,19.7,8.97,0.0,2.0
2013-03-31,2.2,86,100,23.4,7.27,10.7,2.0
2013-04-01,1.6,90,98,23.4,12.12,3.9,1.0
2013-04-02,1.8,83,95,13.1,11.92,0.0,3.0
2013-04-03,0.2,88,100,26.0,5.88,8.3,0.0
2013-04-04,1.4,94,100,18.5,4.9,13.0,1.0
2013-04-05,2.8,92,100,8.0,10.66,0.7,2.0
2013-04-06,1.5,88,99,10.9,9.32,0.2,2.0
2013-04-07,4.2,79,61,10.5,17.64,0.0,5.0
2013-04-08,5.5,77,39,13.4,17.84,0.4,8.0
2013-04-09,4.6,84,95,19.2,15.84,0.0,5.0
2013-04-10,6.9,91,95,10.6,9.18,1.5,5.0
2013-04-11,13.5,86,89,16.9,14.88,3.7,14.0
2013-04-12,13.4,86,91,16.4,8.82,5.1,14.0
2013-04-13,15.1,84,72,15.0,16.05,3.7,15.0
2013-04-14,9.2,77,76,15.5,12.14,0.0,8.0
2013-04-15,11.3,68,49,14.3,17.64,0.0,12.0
2013-04-16,16.9,69,15,17.3,21.8,0.0,19.0
2013-04-17,18.2,70,53,15.8,17.04,0.4,20.0
2013-04-18,21.0,64,75,20.2,21.15,0.0,23.0
2013-04-19,13.2,77,89,15.5,7.55,3.8,15.0
2013-04-20,11.4,75,82,14.7,10.28,0.0,12.0
2013-04-21,12.2,60,10,13.8,22.25,0.0,14.0
2013-04-22,16.2,57,0,13.8,23.35,0.0,18.0
2013-04-23,19.1,68,44,20.8,18.84,0.2,20.0
2013-04-24,15.7,65,62,20.9,19.96,0.0,17.0
2013-04-25,17.6,74,56,17.7,14.58,0.0,18.0
2013-04-26,22.9,70,27,18.4,20.36,0.0,26.0
2013-04-27,19.4,73,76,16.3,16.55,1.5,20.0
2013-04-28,10.5,88,94,16.4,3.46,12.8,11.0
2013-04-29,17.1,81,88,17.6,9.17,0.7,17.0
2013-04-30,16.3,70,72,11.6,17.21,0.0,16.0
2013-05-01,14.7,70,75,12.0,13.86,2.9,14.0
2013-05-02,15.8,83,80,14.5,12.11,10.6,13.0
2013-05-03,14.3,90,99,16.9,6.86,16.3,14.0
2013-05-04,17.0,81,81,12.9,12.93,4.5,17.0
2013-05-05,19.5,73,14,13.3,21.52,0.2,21.0
2013-05-06,20.1,64,29,13.0,23.26,0.0,22.0
2013-05-07,23.2,65,76,16.3,20.62,0.0,25.0
2013-05-08,25.5,65,29,15.7,24.39,0.0,27.0
2013-05-09,24.8,67,50,15.0,21.05,0.0,26.0
2013-05-10,24.1,69,60,12.9,21.58,0.0,27.0
2013-05-11,19.2,85,92,15.2,10.31,0.8,17.0
2013-05-12,14.9,87,99,15.3,6.87,4.8,15.0
2013-05-13,16.3,77,95,17.6,13.63,0.4,16.0
2013-05-14,18.3,70,61,12.0,19.77,0.0,19.0
2013-05-15,20.2,67,64,14.7,20.81,0.0,21.0
2013-05-16,22.9,69,28,13.6,20.52,0.0,25.0
2013-05-17,25.5,63,8,19.8,26.15,0.0,26.0
2013-05-18,24.3,66,26,18.9,23.27,1.0,25.0
2013-05-19,23.7,67,9,16.3,21.75,0.0,25.0
2013-05-20,24.9,73,32,15.9,21.32,9.0,25.0
2013-05-21,19.5,67,48,15.6,23.04,0.8,20.0
2013-05-22,19.6,76,73,11.3,21.27,1.7,20.0
2013-05-23,12.3,73,87,19.4,9.78,0.0,12.0
2013-05-24,13.1,83,100,16.9,7.71,8.6,10.0
2013-05-25,13.1,87,87,21.8,5.68,24.3,14.0
2013-05-26,16.4,75,57,15.3,19.05,0.9,17.0
2013-05-27,14.0,93,99,19.6,7.38,30.7,13.0
2013-05-28,12.6,87,92,30.3,6.5,7.4,12.0
2013-05-29,20.7,75,41,17.3,22.62,0.4,22.0
2013-05-30,22.7,77,68,22.3,20.89,3.5,24.0
2013-05-31,20.1,74,83,17.9,17.5,3.0,20.0
2013-06-01,21.7,86,88,19.6,15.87,14.3,21.0
2013-06-02,19.8,74,92,14.3,16.24,1.7,19.0
2013-06-03,23.0,85,80,19.4,19.51,7.9,24.0
2013-06-04,21.3,85,74,14.9,19.61,10.5,23.0
2013-06-05,20.6,89,100,16.5,13.17,6.9,19.0
2013-06-06,22.4,86,90,11.7,17.29,4.1,21.0
2013-06-07,22.3,88,80,9.3,16.01,1.3,23.0
2013-06-08,23.1,83,54,6.9,21.9,2.9,24.0
2013-06-09,23.4,84,77,8.9,22.05,3.3,25.0
2013-06-10,21.4,88,97,11.7,13.59,16.8,20.0
2013-06-11,17.7,79,97,13.0,14.59,1.7,18.0
2013-06-12,21.7,66,29,10.9,25.8,0.0,23.0
2013-06-13,23.2,62,65,7.6,27.0,0.0,25.0
2013-06-14,23.7,70,69,22.0,22.11,0.2,25.0
2013-06-15,21.7,70,83,10.6,18.84,0.0,23.0
2013-06-16,23.6,71,64,14.0,24.02,0.2,25.0
2013-06-17,22.5,67,28,11.0,27.26,0.0,24.0
2013-06-18,25.3,75,40,10.5,20.93,0.5,26.0
2013-06-19,25.7,69,1,11.0,27.67,0.0,27.0
2013-06-20,28.0,60,4,16.3,28.0,0.0,29.0
2013-06-21,30.3,76,47,16.4,21.56,4.6,32.0
2013-06-22,26.0,66,45,12.5,26.41,0.0,27.0
2013-06-23,23.6,84,74,7.0,14.72,17.4,24.0
2013-06-24,24.6,81,68,11.8,21.6,1.5,26.0
2013-06-25,23.5,90,94,19.3,10.81,20.9,26.0
2013-06-26,17.1,83,99,20.9,9.61,5.4,17.0
2013-06-27,17.3,70,77,15.7,15.84,0.0,18.0
2013-06-28,18.8,71,73,10.2,15.79,1.0,19.0
2013-06-29,20.3,71,38,8.7,23.7,0.0,22.0
2013-06-30,18.2,75,64,19.2,17.84,3.5,19.0
2013-07-01,19.2,68,57,17.3,18.65,0.7,20.0
2013-07-02,23.9,72,24,9.7,24.04,0.0,27.0
2013-07-03,25.9,64,17,11.7,25.16,0.0,28.0
2013-07-04,27.2,62,3,11.7,27.82,0.0,28.0
2013-07-05,26.7,67,22,16.1,22.79,0.0,29.0
2013-07-06,23.8,68,50,15.6,25.71,0.0,25.0
2013-07-07,22.3,65,42,13.6,22.37,0.0,23.0
2013-07-08,24.4,65,2,9.4,27.83,0.0,26.0
2013-07-09,24.8,73,4,9.4,26.22,0.0,25.0
2013-07-10,25.0,68,27,16.2,21.48,0.7,26.0
2013-07-11,20.9,71,88,10.9,19.0,2.1,21.0
2013-07-12,20.6,80,64,13.5,17.03,4.3,21.0
2013-07-13,20.6,86,85,15.5,16.82,8.5,21.0
2013-07-14,22.4,78,81,24.7,17.09,7.4,23.0
2013-07-15,20.7,68,74,15.8,19.23,0.0,22.0
2013-07-16,20.9,75,63,20.2,12.99,0.3,20.0
2013-07-17,22.9,74,47,13.8,18.52,0.0,24.0
2013-07-18,25.2,72,13,10.8,24.04,0.0,26.0
2013-07-19,24.1,72,65,24.5,18.75,0.7,25.0
2013-07-20,20.1,62,62,19.4,18.68,0.1,21.0
2013-07-21,23.8,66,13,17.7,23.92,0.0,26.0
2013-07-22,22.0,63,23,16.3,21.35,0.0,24.0
2013-07-23,19.7,68,63,24.2,12.11,0.0,20.0
2013-07-24,20.2,79,97,15.6,6.66,0.0,19.0
2013-07-25,22.8,77,75,12.5,12.72,0.0,24.0
2013-07-26,26.5,72,36,10.4,21.94,0.2,28.0
2013-07-27,29.1,69,56,7.3,23.53,0.2,30.0
2013-07-28,31.4,66,30,11.4,22.85,0.0,32.0
2013-07-29,33.6,59,68,16.4,22.72,0.0,36.0
2013-07-30,26.5,68,94,25.2,13.82,0.4,26.0
2013-07-31,26.0,66,42,18.4,21.86,0.0,27.0
2013-08-01,24.2,64,52,14.0,20.09,0.0,25.0
2013-08-02,25.8,66,43,17.4,18.21,0.8,27.0
2013-08-03,26.8,58,0,8.3,24.88,0.0,28.0
2013-08-04,29.0,59,72,13.6,21.89,0.0,30.0
2013-08-05,28.6,66,51,12.3,20.17,0.2,29.0
2013-08-06,30.1,60,10,12.8,21.61,0.0,33.0
2013-08-07,32.9,53,17,16.3,23.11,0.2,34.0
2013-08-08,34.9,54,30,17.7,21.67,0.2,37.0
2013-08-09,27.0,72,75,19.7,20.12,27.3,28.0
2013-08-10,19.6,91,99,13.3,5.28,19.8,19.0
2013-08-11,22.0,75,37,13.0,19.71,0.0,24.0
2013-08-12,22.0,67,45,11.5,17.69,0.1,23.0
2013-08-13,20.5,69,56,19.8,16.03,6.0,20.0
2013-08-14,19.1,67,20,19.6,18.14,0.2,21.0
2013-08-15,20.6,65,19,15.6,18.87,0.0,21.0
2013-08-16,22.2,63,53,7.9,16.91,0.0,24.0
2013-08-17,25.0,57,9,14.7,22.34,0.0,26.0
2013-08-18,27.7,60,46,12.0,21.13,0.0,29.0
2013-08-19,25.8,69,95,9.3,14.28,0.0,25.0
2013-08-20,23.9,79,92,13.7,13.59,2.0,21.0
2013-08-21,17.5,88,99,13.4,5.01,9.4,16.0
2013-08-22,19.8,79,86,14.7,10.19,11.3,19.0
2013-08-23,20.1,76,57,11.2,14.48,0.6,21.0
2013-08-24,20.5,74,20,11.0,17.06,0.1,22.0
2013-08-25,19.4,64,26,15.3,17.87,0.0,21.0
2013-08-26,18.7,63,78,20.3,12.42,0.0,19.0
2013-08-27,20.2,69,45,13.4,15.4,0.4,22.0
2013-08-28,19.8,78,61,10.5,16.42,0.0,21.0
2013-08-29,20.6,74,90,7.2,15.03,0.0,22.0
2013-08-30,21.4,70,39,10.6,15.06,0.0,23.0
2013-08-31,22.0,74,70,13.8,14.95,0.5,23.0
2013-09-01,17.2,71,94,21.3,8.15,1.8,17.0
2013-09-02,15.1,76,90,32.3,6.03,7.1,16.0
2013-09-03,18.9,72,34,31.4,13.41,0.3,19.0
2013-09-04,17.7,76,56,13.3,13.84,0.0,19.0
2013-09-05,19.1,76,46,10.2,11.55,0.0,21.0
2013-09-06,20.4,70,1,11.6,18.13,0.0,21.0
2013-09-07,20.3,69,0,9.4,18.62,0.0,22.0
2013-09-08,20.8,68,0,12.1,18.42,0.0,22.0
2013-09-09,23.6,69,82,18.1,15.44,0.4,23.0
2013-09-10,17.2,76,86,15.2,10.01,2.4,19.0
2013-09-11,17.7,83,92,14.7,6.56,6.8,15.0
2013-09-12,15.6,88,85,13.2,6.61,2.4,15.0
2013-09-13,13.8,92,98,10.7,4.45,12.8,13.0
2013-09-14,16.3,84,88,10.4,6.48,0.0,15.0
2013-09-15,17.0,83,86,6.7,6.89,0.0,16.0
2013-09-16,17.7,89,100,10.8,5.64,1.5,17.0
2013-09-17,13.7,96,100,17.9,1.89,17.5,15.0
2013-09-18,14.5,83,94,18.1,5.39,2.3,14.0
2013-09-19,13.9,84,86,17.7,4.95,1.3,13.0
2013-09-20,15.0,81,44,21.6,8.99,0.0,16.0
2013-09-21,16.2,80,49,21.0,8.35,0.3,17.0
2013-09-22,15.7,79,87,21.0,6.1,0.0,15.0
2013-09-23,15.7,74,83,27.2,9.15,2.8,16.0
2013-09-24,14.4,64,44,26.6,11.71,0.0,14.0
2013-09-25,12.6,76,62,18.1,9.81,0.2,13.0
2013-09-26,10.7,85,73,14.5,6.74,2.8,9.0
2013-09-27,11.1,75,49,18.2,10.8,1.0,11.0
2013-09-28,11.4,88,79,16.6,7.39,2.2,11.0
2013-09-29,11.6,85,60,8.3,9.14,0.0,11.0
2013-09-30,11.7,79,47,11.9,10.25,0.0,13.0
2013-10-01,10.8,72,64,13.1,10.1,0.0,11.0
2013-10-02,8.5,72,61,15.0,7.62,0.0,9.0
2013-10-03,7.9,67,84,10.3,6.1,0.0,8.0
2013-10-04,8.8,68,20,11.5,12.19,0.0,10.0
2013-10-05,12.5,65,55,16.1,12.26,0.0,14.0
2013-10-06,13.9,71,42,12.5,11.44,0.0,15.0
2013-10-07,11.6,87,93,10.7,3.66,0.0,13.0
2013-10-08,14.0,79,91,8.0,5.75,0.0,14.0
2013-10-09,16.8,81,52,11.0,11.16,0.0,19.0
2013-10-10,14.6,84,88,11.9,3.67,0.5,16.0
2013-10-11,16.5,84,72,16.3,7.26,0.0,17.0
2013-10-12,14.6,87,86,19.4,5.54,0.0,13.0
2013-10-13,16.1,87,86,16.9,5.14,0.5,15.0
2013-10-14,13.0,83,87,14.0,7.06,0.0,14.0
2013-10-15,14.0,88,94,7.1,7.21,0.0,14.0
2013-10-16,12.1,93,86,10.3,3.83,1.9,11.0
2013-10-17,11.1,87,88,14.8,5.09,0.0,10.0
2013-10-18,11.6,84,68,27.2,5.36,5.6,11.0
2013-10-19,8.4,79,54,14.8,8.17,0.0,9.0
2013-10-20,17.2,80,91,18.7,6.99,0.0,17.0
2013-10-21,15.5,90,91,17.5,3.55,5.7,17.0
2013-10-22,16.5,89,44,15.0,7.96,0.0,18.0
2013-10-23,18.8,87,13,19.6,8.06,0.0,20.0
2013-10-24,16.9,89,75,16.7,3.81,3.3,17.0
2013-10-25,15.1,93,76,12.9,5.47,0.0,16.0
2013-10-26,17.9,88,84,19.6,5.44,0.7,19.0
2013-10-27,18.5,83,64,18.9,4.74,1.0,22.0
2013-10-28,17.7,72,49,27.2,7.16,1.8,19.0
2013-10-29,17.3,67,55,27.3,6.36,0.0,18.0
2013-10-30,12.2,79,58,15.9,4.24,0.0,13.0
2013-10-31,11.1,84,3,14.8,7.26,0.0,12.0
2013-11-01,10.9,84,70,12.8,5.82,0.0,12.0
2013-11-02,12.2,86,79,16.6,4.02,0.1,12.0
2013-11-03,14.6,85,93,24.7,3.78,8.9,16.0
2013-11-04,9.8,75,67,25.3,5.32,0.7,10.0
2013-11-05,10.0,80,100,20.0,2.21,1.4,11.0
2013-11-06,8.5,87,92,15.1,4.47,0.4,9.0
2013-11-07,12.1,91,84,20.3,2.25,2.6,12.0
2013-11-08,11.5,95,100,17.7,0.9,4.1,12.0
2013-11-09,13.9,89,91,18.3,3.73,1.9,14.0
2013-11-10,9.9,87,85,15.5,4.14,0.0,9.0
2013-11-11,7.3,86,87,13.0,3.96,0.0,8.0
2013-11-12,6.7,84,97,11.2,2.36,0.0,8.0
2013-11-13,5.4,88,84,15.5,1.75,0.4,5.0
2013-11-14,4.3,95,68,13.8,2.52,0.0,4.0
2013-11-15,5.3,85,90,8.1,3.34,0.0,5.0
2013-11-16,5.1,86,100,21.6,2.41,0.0,6.0
2013-11-17,5.5,91,99,16.9,1.13,0.0,5.0
2013-11-18,7.4,86,81,24.5,2.33,0.0,8.0
2013-11-19,8.6,86,72,18.0,3.23,0.0,9.0
2013-11-20,8.4,89,80,15.7,2.83,2.0,9.0
2013-11-21,6.6,95,100,9.6,1.26,4.2,7.0
2013-11-22,8.6,96,100,13.3,1.18,1.1,9.0
2013-11-23,9.9,96,98,4.3,1.35,0.0,10.0
2013-11-24,7.7,97,100,14.0,1.03,2.8,8.0
2013-11-25,4.0,79,46,28.5,4.34,1.0,4.0
2013-11-26,1.5,82,47,15.5,3.2,0.0,2.0
2013-11-27,0.8,83,69,21.7,2.05,0.0,1.0
2013-11-28,5.6,86,84,29.4,0.7,0.8,6.0
2013-11-29,4.3,85,68,22.7,2.71,0.0,4.0
2013-11-30,2.8,94,99,17.6,0.84,4.2,4.0
2013-12-01,5.8,88,93,31.4,1.57,0.9,6.0
2013-12-02,4.8,74,29,21.6,3.32,0.0,5.0
2013-12-03,2.1,85,72,15.0,2.92,0.0,3.0
2013-12-04,2.1,81,93,23.1,3.2,1.2,2.0
2013-12-05,3.6,83,93,33.0,2.19,1.5,4.0
2013-12-06,1.9,77,85,40.0,2.5,5.2,3.0
2013-12-07,0.8,76,75,36.2,2.52,1.7,1.0
2013-12-08,1.7,73,44,25.2,3.72,1.0,2.0
2013-12-09,4.9,89,89,30.1,0.93,5.9,6.0
2013-12-10,-0.6,79,51,13.2,3.23,0.0,0.0
2013-12-11,4.9,89,100,13.9,0.63,0.1,4.0
2013-12-12,2.3,94,99,12.8,1.37,0.1,3.0
2013-12-13,3.7,97,100,16.8,1.16,1.7,2.0
2013-12-14,3.1,98,100,11.5,0.4,3.2,3.0
2013-12-15,3.7,95,100,13.8,0.69,0.5,4.0
2013-12-16,6.1,92,66,15.3,2.26,0.1,6.0
2013-12-17,5.1,76,47,15.6,2.55,0.0,4.0
2013-12-18,1.8,86,80,9.9,2.63,0.0,2.0
2013-12-19,1.6,86,86,14.1,3.09,0.0,0.0
2013-12-20,2.2,85,100,17.4,1.6,2.1,3.0
2013-12-21,3.7,86,63,22.1,2.92,1.1,5.0
2013-12-22,6.2,81,75,20.4,2.31,0.0,8.0
2013-12-23,7.3,84,77,22.6,1.15,1.5,8.0
2013-12-24,6.6,85,75,20.7,2.43,0.0,8.0
2013-12-25,9.0,65,39,23.9,2.85,0.0,10.0
2013-12-26,8.4,69,96,22.1,1.75,0.0,10.0
2013-12-27,8.8,80,80,17.8,1.14,0.0,9.0
2013-12-28,8.2,90,22,18.3,3.18,0.0,10.0
2013-12-29,7.6,86,97,19.1,1.28,0.0,8.0
2013-12-30,4.9,83,83,15.1,1.65,0.0,5.0
2013-12-31,2.1,90,70,15.9,2.55,0.4,2.0
2014-01-01,2.3,94,97,14.0,1.71,0.7,2.0
2014-01-02,1.9,94,76,14.5,2.47,0.0,2.0
2014-01-03,4.2,95,65,12.6,1.03,0.8,5.0
2014-01-04,6.7,93,95,15.2,2.34,0.0,7.0
2014-01-05,8.4,93,96,21.2,0.85,7.0,9.0
2014-01-06,6.0,91,83,16.0,3.0,3.3,6.0
2014-01-07,8.4,90,66,15.2,2.45,1.7,9.0
2014-01-08,8.2,91,71,28.6,2.04,2.9,9.0
2014-01-09,7.6,89,95,22.9,1.98,0.1,8.0
2014-01-10,7.6,80,84,34.3,2.36,3.4,9.0
2014-01-11,5.3,76,85,29.5,1.62,0.3,6.0
2014-01-12,3.5,86,77,31.7,1.4,5.4,4.0
2014-01-13,0.8,67,33,27.4,4.19,0.0,1.0
2014-01-14,1.4,75,85,13.2,2.35,1.8,1.0
2014-01-15,0.4,94,100,12.2,1.12,7.6,1.0
2014-01-16,-1.4,83,99,14.9,1.99,0.6,-2.0
2014-01-17,1.9,93,100,16.9,1.11,11.1,1.0
2014-01-18,1.3,95,98,16.9,2.44,0.2,1.0
2014-01-19,-2.9,85,100,26.7,1.72,1.1,-3.0
2014-01-20,-4.8,84,100,28.9,1.4,7.3,-5.0
2014-01-21,-6.0,80,100,23.0,2.06,0.0,-6.0
2014-01-22,-8.7,78,93,13.7,2.4,0.0,-8.0
2014-01-23,-11.9,78,58,9.4,4.25,0.0,-7.0
2014-01-24,-10.5,74,78,18.4,4.05,0.0,-11.0
2014-01-25,-13.0,74,78,18.8,4.62,0.3,-13.0
2014-01-26,-9.2,78,95,20.7,2.66,4.8,-8.0
2014-01-27,-6.6,81,94,21.1,3.47,1.5,-6.0
2014-01-28,-6.5,78,100,22.9,2.26,2.0,-6.0
2014-01-29,-9.2,78,100,26.2,4.22,0.0,-9.0
2014-01-30,-10.1,77,100,27.1,5.01,0.0,-10.0
2014-01-31,-7.2,75,100,30.6,2.96,0.2,-7.0
2014-02-01,-0.2,76,71,26.7,5.5,0.0,-2.0
2014-02-02,0.7,81,98,20.5,1.84,2.1,-2.0
2014-02-03,-0.2,84,57,12.6,6.66,0.0,1.0
2014-02-04,1.2,79,1,13.6,7.1,0.0,3.0
2014-02-05,2.1,81,9,15.5,7.17,0.0,4.0
2014-02-06,3.3,86,51,13.9,6.18,0.0,5.0
2014-02-07,3.7,89,90,17.9,5.52,0.0,4.0
2014-02-08,4.5,90,68,14.8,6.9,0.2,8.0
2014-02-09,5.3,95,86,13.7,4.67,0.3,8.0
2014-02-10,6.1,92,78,11.0,3.83,6.8,7.0
2014-02-11,7.5,88,99,16.8,3.31,1.7,7.0
2014-02-12,3.5,95,96,11.7,2.56,5.4,3.0
2014-02-13,1.6,97,98,15.8,3.35,0.0,2.0
2014-02-14,5.7,87,97,22.7,4.32,0.1,5.0
2014-02-15,7.2,82,87,19.1,6.7,0.0,7.0
2014-02-16,9.2,80,93,21.8,5.5,1.4,9.0
2014-02-17,7.0,81,35,22.0,7.94,0.1,7.0
2014-02-18,9.2,81,56,11.2,8.73,0.0,10.0
2014-02-19,7.2,83,97,17.2,4.01,0.1,6.0
2014-02-20,8.9,85,77,17.6,6.29,0.0,8.0
2014-02-21,9.3,84,54,17.0,7.74,0.0,10.0
2014-02-22,8.2,87,96,12.1,4.99,0.0,8.0
2014-02-23,7.5,91,48,10.7,8.22,0.0,10.0
2014-02-24,5.7,84,60,15.3,5.07,0.0,7.0
2014-02-25,5.2,73,3,18.5,10.18,0.0,5.0
2014-02-26,5.4,79,20,14.2,8.83,0.0,6.0
2014-02-27,7.5,87,44,11.6,9.4,0.0,9.0
2014-02-28,8.6,90,87,14.8,7.08,0.0,5.0
2014-03-01,8.2,90,79,12.4,6.25,1.0,7.0
2014-03-02,8.1,87,63,14.9,9.44,0.0,3.0
2014-03-03,9.4,73,78,26.5,10.4,0.0,9.0
2014-03-04,5.2,76,90,21.0,6.27,0.2,5.0
2014-03-05,5.9,85,95,11.9,5.43,0.3,6.0
2014-03-06,7.8,77,85,10.5,8.5,0.0,7.0
2014-03-07,7.5,79,91,10.0,5.76,0.0,7.0
2014-03-08,9.3,80,54,10.5,9.59,0.0,9.0
2014-03-09,9.6,77,0,10.8,12.8,0.0,12.0
2014-03-10,11.2,66,4,11.2,13.09,0.0,14.0
2014-03-11,11.2,70,0,14.5,13.25,0.0,14.0
2014-03-12,9.6,72,0,11.0,13.37,0.0,11.0
2014-03-13,12.1,67,1,14.1,13.56,0.0,14.0
2014-03-14,11.7,70,24,15.3,13.76,0.0,14.0
2014-03-15,8.7,72,75,39.8,8.54,6.0,9.0
2014-03-16,6.8,81,92,24.8,6.24,5.8,6.0
2014-03-17,10.8,80,73,39.9,6.76,5.1,11.0
2014-03-18,9.9,79,76,24.6,5.5,0.6,10.0
2014-03-19,10.1,82,79,25.6,9.59,2.4,9.0
2014-03-20,12.8,76,75,29.2,5.93,0.0,14.0
2014-03-21,19.4,57,50,24.2,15.35,0.0,22.0
2014-03-22,17.6,66,85,21.4,14.33,0.0,19.0
2014-03-23,11.7,82,84,11.6,5.88,3.2,12.0
2014-03-24,11.2,89,98,14.8,6.61,8.8,10.0
2014-03-25,7.7,81,95,18.2,6.14,6.2,6.0
2014-03-26,10.0,77,75,12.2,11.25,0.0,10.0
2014-03-27,10.6,87,85,9.9,7.39,0.0,8.0
2014-03-28,16.3,81,36,14.8,14.48,0.0,17.0
2014-03-29,12.3,62,9,12.4,17.75,0.0,14.0
2014-03-30,14.0,64,18,10.2,17.91,0.0,15.0
2014-03-31,15.0,69,63,17.7,14.46,0.1,16.0
2014-04-01,8.2,63,57,12.1,13.33,0.0,9.0
2014-04-02,9.9,61,34,11.6,18.75,0.0,11.0
2014-04-03,16.6,64,46,13.5,17.54,0.2,16.0
2014-04-04,11.2,66,48,15.6,19.0,0.0,12.0
2014-04-05,11.5,49,49,20.1,17.29,0.0,13.0
2014-04-06,12.1,65,39,12.9,12.25,0.0,10.0
2014-04-07,17.4,75,69,18.1,13.3,0.0,18.0
2014-04-08,21.2,76,97,21.7,15.46,1.4,23.0
2014-04-09,12.1,72,75,22.1,16.14,2.0,11.0
2014-04-10,11.1,80,81,12.7,10.89,2.6,10.0
2014-04-11,10.9,75,80,11.5,9.81,0.0,11.0
2014-04-12,11.7,73,81,11.3,12.03,0.0,11.0
2014-04-13,13.8,78,62,14.8,13.25,0.3,14.0
2014-04-14,10.2,84,94,16.0,10.39,6.2,9.0
2014-04-15,10.2,87,80,16.6,11.63,5.9,9.0
2014-04-16,9.3,75,58,18.4,11.5,0.0,9.0
2014-04-17,12.3,64,32,8.7,19.06,0.0,13.0
2014-04-18,17.1,71,28,13.4,14.41,0.4,18.0
2014-04-19,20.3,62,39,28.2,19.13,0.0,21.0
2014-04-20,17.5,82,81,16.7,12.74,7.8,18.0
2014-04-21,17.9,80,52,13.2,16.84,0.5,18.0
2014-04-22,21.1,74,23,10.7,20.56,0.2,22.0
2014-04-23,22.1,73,36,8.9,20.33,1.4,23.0
2014-04-24,19.5,62,45,20.2,22.24,0.0,21.0
2014-04-25,19.7,63,64,18.1,21.59,1.0,20.0
2014-04-26,13.9,86,100,17.3,6.08,18.5,15.0
2014-04-27,18.0,82,84,16.0,14.04,7.3,19.0
2014-04-28,16.4,83,82,12.2,9.55,0.0,17.0
2014-04-29,18.7,73,25,12.2,18.63,0.2,21.0
2014-04-30,20.0,64,8,10.7,23.35,0.0,21.0
2014-05-01,18.9,69,57,18.9,18.78,0.0,20.0
2014-05-02,10.0,63,92,17.7,14.4,1.2,9.0
2014-05-03,7.3,79,81,16.0,6.56,6.4,9.0
2014-05-04,12.4,69,31,19.4,19.11,0.0,13.0
2014-05-05,11.0,62,46,12.1,20.35,0.6,11.0
2014-05-06,13.7,67,67,16.1,19.79,0.0,15.0
2014-05-07,20.3,66,93,22.3,19.15,3.3,21.0
2014-05-08,18.2,79,79,11.1,17.36,5.5,19.0
2014-05-09,18.3,76,74,19.2,12.9,0.3,20.0
2014-05-10,15.6,79,63,23.1,17.82,5.4,15.0
2014-05-11,16.9,74,94,21.6,9.34,0.4,20.0
2014-05-12,15.0,77,92,15.1,15.08,3.0,16.0
2014-05-13,15.4,78,51,18.5,19.62,3.2,16.0
2014-05-14,15.4,71,80,12.1,19.5,0.0,16.0
2014-05-15,15.9,62,100,28.4,14.4,0.4,17.0
2014-05-16,13.1,84,96,29.8,3.81,16.8,15.0
2014-05-17,19.3,87,92,16.9,9.44,11.6,18.0
2014-05-18,18.9,78,78,15.4,17.82,0.0,20.0
2014-05-19,21.1,70,74,13.1,21.29,0.0,23.0
2014-05-20,22.5,72,38,9.7,21.05,0.2,25.0
2014-05-21,24.9,71,41,11.0,23.38,0.2,27.0
2014-05-22,26.1,62,5,20.6,25.97,0.0,28.0
2014-05-23,26.7,60,4,22.0,24.75,0.0,28.0
2014-05-24,27.5,54,6,21.6,25.91,0.0,28.0
2014-05-25,24.3,79,39,14.3,21.61,6.0,24.0
2014-05-26,23.8,83,49,12.7,20.39,8.1,25.0
2014-05-27,24.3,82,60,16.9,22.02,3.7,25.0
2014-05-28,17.8,88,100,18.8,5.21,6.7,19.0
2014-05-29,13.1,73,100,16.2,6.29,3.3,12.0
2014-05-30,15.1,72,80,11.3,12.92,0.2,15.0
2014-05-31,19.4,68,52,15.2,20.61,0.0,21.0
2014-06-01,16.9,66,97,25.1,15.34,0.3,19.0
2014-06-02,13.6,88,100,18.9,3.35,2.4,14.0
2014-06-03,14.5,93,91,9.1,3.44,1.3,15.0
2014-06-04,19.7,83,80,12.1,16.39,0.0,18.0
2014-06-05,22.4,74,24,10.1,22.36,0.0,25.0
2014-06-06,21.1,83,65,8.7,16.96,2.5,20.0
2014-06-07,22.9,72,33,8.5,25.53,0.0,24.0
2014-06-08,27.8,66,30,12.7,26.43,0.0,29.0
2014-06-09,29.2,71,36,9.3,25.24,0.2,29.0
2014-06-10,26.5,64,20,10.2,27.83,0.0,27.0
2014-06-11,25.9,60,28,10.0,28.55,0.0,26.0
2014-06-12,23.6,66,59,20.4,22.17,0.6,24.0
2014-06-13,19.1,69,69,24.3,16.2,2.6,19.0
2014-06-14,18.0,77,77,21.1,18.39,2.7,18.0
2014-06-15,16.4,72,84,21.0,9.65,0.5,15.0
2014-06-16,19.3,66,44,9.0,23.97,0.0,21.0
2014-06-17,19.0,64,43,11.0,22.29,0.1,20.0
2014-06-18,21.1,53,34,14.2,24.44,0.0,22.0
2014-06-19,21.9,54,50,21.5,21.08,0.0,23.0
2014-06-20,18.1,66,59,24.1,19.24,0.9,18.0
2014-06-21,18.4,71,82,24.9,20.7,0.4,18.0
2014-06-22,17.6,79,59,21.3,18.3,6.1,17.0
2014-06-23,18.0,62,33,24.5,24.0,0.2,19.0
2014-06-24,18.7,62,33,17.9,22.72,0.2,18.0
2014-06-25,18.8,64,58,10.3,22.01,0.0,19.0
2014-06-26,17.6,74,92,12.8,14.03,1.3,18.0
2014-06-27,20.1,65,37,11.3,24.68,0.0,22.0
2014-06-28,24.3,66,77,19.1,22.42,7.1,25.0
2014-06-29,26.5,72,93,20.9,19.93,6.2,27.0
2014-06-30,18.6,91,100,15.5,7.38,24.4,18.0
2014-07-01,19.6,76,69,17.2,19.62,1.1,20.0
2014-07-02,21.1,69,43,14.4,24.36,0.0,22.0
2014-07-03,20.7,67,60,14.3,21.52,0.0,22.0
2014-07-04,25.4,63,28,13.2,24.4,0.0,27.0
2014-07-05,26.4,60,50,18.4,24.45,0.4,27.0
2014-07-06,27.4,72,60,13.7,24.44,2.4,28.0
2014-07-07,28.0,77,27,10.9,23.32,2.0,29.0
2014-07-08,29.5,67,40,20.3,24.93,0.7,31.0
2014-07-09,28.0,61,32,25.7,24.58,2.8,30.0
2014-07-10,23.5,75,83,19.4,16.79,5.8,24.0
2014-07-11,21.7,77,70,22.4,16.7,1.7,21.0
2014-07-12,16.1,94,99,15.5,3.15,20.1,16.0
2014-07-13,21.2,73,72,17.8,17.78,0.5,23.0
2014-07-14,26.4,66,54,13.2,23.07,0.0,28.0
2014-07-15,26.9,71,20,7.6,24.39,0.4,28.0
2014-07-16,26.5,75,30,8.2,21.82,1.1,28.0
2014-07-17,26.9,72,45,10.5,21.64,0.4,26.0
2014-07-18,27.0,69,55,9.8,22.19,0.3,27.0
2014-07-19,27.5,64,4,9.1,26.65,0.0,29.0
2014-07-20,28.4,65,56,12.3,21.81,4.4,23.0
2014-07-21,26.7,66,30,14.1,24.8,1.5,27.0
2014-07-22,25.6,60,19,19.4,21.83,0.2,26.0
2014-07-23,25.3,67,48,21.0,21.46,7.4,25.0
2014-07-24,25.5,58,98,24.5,13.76,1.3,26.0
2014-07-25,26.0,58,87,14.5,16.38,1.2,23.0
2014-07-26,28.5,55,93,17.6,20.92,0.2,29.0
2014-07-27,28.3,64,39,18.6,22.54,2.4,29.0
2014-07-28,29.3,68,9,16.1,23.36,0.4,30.0
2014-07-29,29.6,62,19,15.0,22.86,0.1,30.0
2014-07-30,27.4,70,31,17.4,21.79,2.5,28.0
2014-07-31,29.1,76,72,13.9,19.26,6.4,29.0
2014-08-01,23.7,81,98,17.1,7.14,3.3,22.0
2014-08-02,31.1,65,44,15.6,21.77,0.0,32.0
2014-08-03,30.8,52,6,19.7,23.41,0.8,31.0
2014-08-04,31.5,58,74,10.0,21.59,1.7,33.0
2014-08-05,26.9,75,75,12.4,18.47,1.5,25.0
2014-08-06,23.9,72,94,12.7,12.23,0.0,23.0
2014-08-07,25.0,78,96,10.0,14.61,1.3,26.0
2014-08-08,21.3,92,83,6.2,5.68,21.5,22.0
2014-08-09,26.0,77,37,8.3,20.8,0.0,27.0
2014-08-10,27.8,73,51,10.1,20.97,0.0,29.0
2014-08-11,28.6,76,73,16.4,17.41,2.1,30.0
2014-08-12,22.3,72,81,15.5,14.53,0.6,22.0
2014-08-13,23.7,75,89,17.9,16.2,4.7,23.0
2014-08-14,21.1,79,98,24.0,14.15,34.2,20.0
2014-08-15,22.2,70,44,13.0,20.63,0.5,23.0
2014-08-16,18.8,82,90,15.9,13.31,10.0,19.0
2014-08-17,18.3,75,50,19.1,15.01,0.2,18.0
2014-08-18,22.0,64,60,22.6,16.07,0.2,23.0
2014-08-19,20.1,71,33,16.1,17.7,0.2,20.0
2014-08-20,19.7,68,29,18.1,19.65,0.0,20.0
2014-08-21,16.2,72,67,8.9,8.88,2.6,16.0
2014-08-22,20.0,70,30,13.9,18.63,0.0,21.0
2014-08-23,21.3,70,64,13.9,16.33,1.5,23.0
2014-08-24,16.7,88,93,18.9,6.79,12.8,15.0
2014-08-25,17.8,77,39,24.9,17.33,2.0,18.0
2014-08-26,14.5,87,87,11.6,5.16,6.9,14.0
2014-08-27,17.8,82,74,18.6,14.39,3.1,17.0
2014-08-28,19.5,77,51,17.9,17.9,0.3,20.0
2014-08-29,21.4,66,53,12.2,17.17,0.0,22.0
2014-08-30,21.5,73,80,15.5,15.53,5.4,22.0
2014-08-31,21.7,86,81,11.5,14.56,2.1,23.0
2014-09-01,18.7,83,93,18.7,8.09,0.4,17.0
2014-09-02,17.5,74,93,19.0,7.64,0.7,19.0
2014-09-03,20.0,70,90,21.1,12.95,0.0,20.0
2014-09-04,20.0,69,5,18.7,18.77,0.0,22.0
2014-09-05,19.9,67,4,15.3,19.02,0.0,21.0
2014-09-06,22.2,69,39,12.4,18.14,0.0,23.0
2014-09-07,23.4,68,13,10.4,17.23,0.0,24.0
2014-09-08,24.7,68,44,10.5,15.18,0.1,26.0
2014-09-09,19.9,92,91,9.4,6.92,5.8,21.0
2014-09-10,19.0,80,63,10.0,12.29,2.6,18.0
2014-09-11,19.2,86,76,20.2,8.85,1.6,17.0
2014-09-12,24.7,73,88,18.5,15.36,0.0,26.0
2014-09-13,24.8,71,31,14.4,15.01,0.0,26.0
2014-09-14,24.5,62,85,16.9,15.38,0.0,26.0
2014-09-15,21.6,64,73,18.9,15.76,0.0,23.0
2014-09-16,18.6,70,42,16.6,15.94,0.0,20.0
2014-09-17,19.6,67,29,16.5,15.78,0.0,20.0
2014-09-18,21.4,65,8,15.5,15.88,0.0,23.0
2014-09-19,21.4,69,93,14.5,11.83,1.5,21.0
2014-09-20,20.6,86,64,9.0,9.91,6.9,21.0
2014-09-21,19.3,92,91,10.4,8.1,4.4,18.0
2014-09-22,15.6,86,74,17.2,6.81,4.2,16.0
2014-09-23,11.8,75,53,26.6,5.47,1.5,12.0
2014-09-24,12.5,71,41,14.1,13.01,0.0,13.0
2014-09-25,16.5,73,89,18.0,9.47,2.0,17.0
2014-09-26,15.4,80,57,15.3,9.28,0.2,15.0
2014-09-27,16.5,76,55,19.2,9.58,0.9,17.0
2014-09-28,17.3,76,44,14.4,12.11,0.0,18.0
2014-09-29,19.5,82,98,10.6,11.74,0.0,21.0
2014-09-30,19.4,86,94,8.1,7.55,1.3,19.0
2014-10-01,16.1,77,82,14.8,10.05,0.0,15.0
2014-10-02,15.5,67,32,11.7,10.15,0.0,18.0
2014-10-03,15.4,74,18,8.9,11.31,0.0,17.0
2014-10-04,14.8,73,0,11.2,12.61,0.0,16.0
2014-10-05,14.6,69,45,10.4,12.23,0.0,16.0
2014-10-06,14.9,75,22,14.3,12.02,0.0,16.0
2014-10-07,16.5,69,81,22.7,10.49,0.0,17.0
2014-10-08,17.4,76,96,19.3,6.1,0.0,17.0
2014-10-09,21.6,77,70,15.9,10.07,0.0,24.0
2014-10-10,21.2,84,4,11.9,10.42,0.0,23.0
2014-10-11,20.9,88,51,8.2,8.58,0.0,22.0
2014-10-12,18.3,87,74,17.6,7.15,0.0,17.0
2014-10-13,19.5,84,86,13.4,7.3,0.0,21.0
2014-10-14,19.1,90,80,18.9,5.02,3.4,20.0
2014-10-15,16.1,85,96,18.4,6.03,0.3,17.0
2014-10-16,14.6,89,86,11.9,3.97,1.4,12.0
2014-10-17,14.7,91,90,6.9,6.5,0.0,13.0
2014-10-18,11.9,80,95,7.8,4.67,0.0,11.0
2014-10-19,17.9,78,64,20.8,8.23,0.0,19.0
2014-10-20,15.8,81,67,24.6,5.97,2.8,17.0
2014-10-21,12.8,89,82,18.7,3.86,2.7,13.0
2014-10-22,12.8,88,99,23.0,2.53,2.1,14.0
2014-10-23,7.5,73,93,20.8,4.33,0.0,7.0
2014-10-24,3.4,54,4,16.5,9.12,0.0,5.0
2014-10-25,5.3,65,12,19.4,8.18,0.0,4.0
2014-10-26,8.7,77,69,13.0,6.43,0.0,8.0
2014-10-27,8.7,90,34,11.9,6.49,0.0,9.0
2014-10-28,7.9,77,0,13.2,8.09,0.0,11.0
2014-10-29,7.5,73,0,12.0,8.06,0.0,10.0
2014-10-30,7.8,91,53,10.3,6.36,0.0,9.0
2014-10-31,6.7,90,94,8.6,3.43,0.0,7.0
2014-11-01,7.4,89,88,8.1,1.61,0.0,9.0
2014-11-02,10.6,86,80,15.1,4.67,0.0,11.0
2014-11-03,12.6,82,74,16.7,5.28,0.0,14.0
2014-11-04,13.3,77,20,18.8,6.17,0.0,15.0
2014-11-05,15.8,70,6,20.2,6.53,0.0,19.0
2014-11-06,17.4,75,80,16.9,5.37,0.0,18.0
2014-11-07,12.0,96,100,9.2,1.23,7.3,12.0
2014-11-08,9.1,97,100,8.3,0.72,6.2,9.0
2014-11-09,10.3,96,100,13.4,1.83,0.0,10.0
2014-11-10,14.1,91,85,15.6,2.5,0.0,12.0
2014-11-11,14.2,88,78,12.2,2.69,0.0,14.0
2014-11-12,11.5,88,85,17.1,4.56,0.0,9.0
2014-11-13,10.0,88,97,14.8,2.53,0.0,10.0
2014-11-14,8.6,85,100,15.6,1.27,0.0,9.0
2014-11-15,8.2,79,97,19.1,2.01,0.0,6.0
2014-11-16,7.8,78,85,22.6,2.98,0.0,6.0
2014-11-17,5.2,88,100,18.8,0.85,4.7,6.0
2014-11-18,3.7,83,100,23.1,1.15,0.4,4.0
2014-11-19,3.7,89,100,17.4,1.14,2.0,2.0
2014-11-20,1.9,84,100,12.2,1.53,0.1,2.0
2014-11-21,2.6,83,99,3.7,1.35,0.0,3.0
2014-11-22,3.9,87,94,4.2,2.01,0.0,4.0
2014-11-23,3.1,91,93,12.5,2.62,0.0,5.0
2014-11-24,2.7,81,95,22.8,3.23,0.0,5.0
2014-11-25,3.9,96,100,12.7,1.12,4.9,4.0
2014-11-26,4.0,92,99,8.1,1.61,0.0,3.0
2014-11-27,1.0,81,96,14.1,2.46,0.0,1.0
2014-11-28,-1.4,74,63,17.6,3.07,0.0,-1.0
2014-11-29,-1.7,74,59,16.5,2.95,0.0,-4.0
2014-11-30,-1.8,76,78,15.6,2.97,0.0,-5.0
2014-12-01,-2.2,68,89,20.5,3.24,0.0,-3.0
2014-12-02,-1.3,68,9,19.7,4.05,0.0,1.0
2014-12-03,0.6,77,47,18.3,2.93,0.0,0.0
2014-12-04,0.9,82,71,10.2,1.73,0.0,2.0
2014-12-05,0.3,86,93,15.1,1.95,0.0,-2.0
2014-12-06,0.7,88,98,8.7,0.91,0.0,1.0
2014-12-07,1.1,92,100,6.9,0.62,0.0,2.0
2014-12-08,3.2,94,96,11.5,1.53,0.0,3.0
2014-12-09,2.0,93,68,8.0,2.02,0.0,4.0
2014-12-10,-0.8,92,88,16.6,2.08,0.0,-2.0
2014-12-11,2.5,89,91,18.3,1.88,0.0,2.0
2014-12-12,6.8,83,91,27.3,2.48,1.6,7.0
2014-12-13,8.6,70,100,29.0,0.94,0.7,10.0
2014-12-14,4.6,94,99,8.9,1.0,2.3,4.0
2014-12-15,6.8,94,82,17.4,1.81,0.3,8.0
2014-12-16,6.3,94,83,15.0,1.53,3.2,7.0
2014-12-17,5.1,89,91,20.9,1.84,0.9,6.0
2014-12-18,6.6,90,84,19.4,0.44,0.0,8.0
2014-12-19,10.9,93,100,26.1,0.33,8.8,12.0
2014-12-20,8.9,80,71,28.9,2.58,3.7,8.0
2014-12-21,4.2,82,75,30.5,2.79,1.8,5.0
2014-12-22,9.0,92,100,35.2,0.26,16.8,9.0
2014-12-23,9.1,95,100,33.9,0.47,20.1,10.0
2014-12-24,9.2,88,100,30.3,0.39,7.7,9.0
2014-12-25,7.3,85,78,26.6,2.02,6.4,6.0
2014-12-26,1.0,79,98,19.4,2.03,3.8,0.0
2014-12-27,-5.9,67,100,8.8,1.64,0.0,-6.0
2014-12-28,-5.7,73,67,11.3,3.04,0.0,-6.0
2014-12-29,-5.1,74,74,15.2,2.52,0.0,-5.0
2014-12-30,-7.0,66,68,10.8,3.61,0.0,-7.0
2014-12-31,-0.3,66,96,17.1,1.49,0.2,
2015-01-01,2.3,96,97,17.9,1.34,0.2,3.0
2015-01-02,5.4,88,91,31.3,0.74,3.8,7.0
2015-01-03,3.6,76,90,33.5,1.81,2.4,5.0
2015-01-04,1.9,80,79,26.7,3.0,1.1,3.0
2015-01-05,1.7,74,42,26.0,3.14,0.0,2.0
2015-01-06,-1.2,53,45,21.0,3.84,0.0,-2.0
2015-01-07,-5.3,54,78,20.8,2.04,0.2,-6.0
2015-01-08,1.2,81,99,22.3,2.03,0.6,2.0
2015-01-09,4.1,90,97,32.0,1.53,12.8,5.0
2015-01-10,10.1,87,93,37.1,0.72,6.4,11.0
2015-01-11,6.0,63,46,35.3,3.41,0.0,6.0
2015-01-12,4.6,86,91,30.7,1.68,2.2,5.0
2015-01-13,6.5,79,79,25.6,0.95,1.5,10.0
2015-01-14,7.0,70,75,23.2,1.84,1.2,9.0
2015-01-15,3.4,88,93,17.9,1.89,0.0,4.0
2015-01-16,7.6,78,53,19.1,3.98,0.0,10.0
2015-01-17,7.8,84,96,18.3,3.48,0.0,9.0
2015-01-18,3.5,91,90,6.1,2.61,2.1,4.0
2015-01-19,0.2,90,82,13.7,2.46,0.0,1.0
2015-01-20,1.2,85,100,15.5,1.38,1.2,1.0
2015-01-21,4.8,92,99,10.7,2.07,0.5,4.0
2015-01-22,2.9,94,97,13.1,2.23,5.2,3.0
2015-01-23,1.6,96,100,13.7,1.31,3.2,1.0
2015-01-24,0.4,91,100,11.8,1.19,1.4,0.0
2015-01-25,-0.4,92,100,15.4,1.58,3.2,0.0
2015-01-26,0.5,87,87,11.3,2.24,0.0,2.0
2015-01-27,1.1,86,75,18.5,3.0,0.8,1.0
2015-01-28,1.7,92,87,17.7,2.28,1.6,2.0
2015-01-29,2.4,83,64,24.3,2.47,1.0,2.0
2015-01-30,3.2,84,91,21.4,3.19,1.5,4.0
2015-01-31,2.6,88,84,21.7,2.26,3.7,3.0
2015-02-01,2.9,79,44,21.6,5.4,0.0,4.0
2015-02-02,2.1,88,58,10.5,4.78,0.0,3.0
2015-02-03,2.4,85,66,11.5,5.88,0.0,3.0
2015-02-04,1.6,83,92,9.6,5.21,0.4,2.0
2015-02-05,1.1,85,71,11.5,4.4,0.0,-1.0
2015-02-06,-0.4,74,88,9.2,4.31,0.0,0.0
2015-02-07,0.2,85,91,27.8,2.31,0.3,0.0
2015-02-08,1.0,81,63,25.9,6.59,1.0,1.0
2015-02-09,1.7,86,85,18.5,2.16,2.6,2.0
2015-02-10,3.0,96,99,11.3,2.26,0.7,3.0
2015-02-11,2.7,93,100,9.5,2.65,0.1,3.0
2015-02-12,5.1,88,79,12.9,4.07,0.0,5.0
2015-02-13,5.5,86,6,12.0,7.77,0.0,8.0
2015-02-14,6.1,84,0,10.5,8.25,0.0,10.0
2015-02-15,5.6,82,38,23.1,8.36,0.0,0.0
2015-02-16,0.1,57,45,22.6,8.3,0.0,1.0
2015-02-17,1.6,36,0,25.1,9.2,0.0,3.0
2015-02-18,3.2,74,57,17.3,4.31,0.0,2.0
2015-02-19,2.7,86,92,18.4,0.91,2.7,4.0
2015-02-20,7.4,80,32,14.8,9.19,0.0,10.0
2015-02-21,7.5,74,75,15.9,7.28,0.0,7.0
2015-02-22,7.6,83,95,12.7,7.1,0.0,8.0
2015-02-23,10.3,83,33,16.5,9.41,0.0,10.0
2015-02-24,7.2,82,99,15.4,4.14,0.1,7.0
2015-02-25,6.7,87,100,11.3,2.92,1.3,8.0
2015-02-26,7.1,90,100,13.5,3.21,0.9,7.0
2015-02-27,6.9,86,99,8.2,3.33,0.0,7.0
2015-02-28,8.5,87,79,9.7,6.19,0.5,8.0
2015-03-01,8.6,89,73,15.9,6.39,0.2,10.0
2015-03-02,8.0,86,65,26.8,4.91,5.0,9.0
2015-03-03,5.3,78,54,25.6,7.61,2.3,5.0
2015-03-04,5.0,85,69,28.0,8.92,4.1,5.0
2015-03-05,5.5,89,58,15.9,8.06,2.7,4.0
2015-03-06,4.0,82,78,11.5,7.58,0.0,3.0
2015-03-07,7.2,86,98,12.9,3.6,0.2,7.0
2015-03-08,12.4,69,85,15.1,8.72,0.0,13.0
2015-03-09,11.6,60,57,14.8,9.78,0.0,15.0
2015-03-10,11.7,78,2,8.5,12.9,0.0,15.0
2015-03-11,7.1,83,74,15.9,3.5,0.8,8.0
2015-03-12,7.7,76,88,21.7,8.42,0.0,10.0
2015-03-13,4.3,86,100,22.4,3.59,4.7,5.0
2015-03-14,6.3,86,100,23.2,4.43,2.3,5.0
2015-03-15,9.4,79,99,21.3,5.14,0.0,9.0
2015-03-16,10.7,71,57,25.0,9.65,0.0,12.0
2015-03-17,10.7,55,0,20.8,14.78,0.0,13.0
2015-03-18,9.0,54,0,15.7,15.17,0.0,12.0
2015-03-19,8.7,62,0,8.6,15.14,0.0,12.0
2015-03-20,9.5,69,39,12.7,15.13,0.0,12.0
2015-03-21,11.4,64,57,13.7,14.58,0.0,14.0
2015-03-22,3.8,62,70,22.4,15.99,1.0,5.0
2015-03-23,6.2,57,50,12.7,16.17,0.0,9.0
2015-03-24,13.8,65,17,15.0,15.93,0.0,16.0
2015-03-25,15.6,71,42,12.7,14.65,0.0,18.0
2015-03-26,17.3,72,96,16.8,9.34,4.7,17.0
2015-03-27,17.5,89,79,18.1,12.72,7.5,20.0
2015-03-28,9.3,82,83,14.4,7.6,2.8,9.0
2015-03-29,11.5,79,70,18.9,13.04,0.9,13.0
2015-03-30,10.9,78,70,32.3,13.85,8.7,10.0
2015-03-31,6.4,80,80,30.3,7.34,6.0,6.0
2015-04-01,6.1,86,96,33.3,10.2,6.9,6.0
2015-04-02,6.2,76,77,29.2,12.67,3.1,5.0
2015-04-03,7.7,86,75,20.8,13.04,3.8,7.0
2015-04-04,7.0,85,58,16.2,13.27,1.3,7.0
2015-04-05,6.6,84,77,18.1,12.2,2.6,6.0
2015-04-06,7.3,75,70,15.0,13.24,0.2,6.0
2015-04-07,9.2,71,86,20.9,14.59,0.0,8.0
2015-04-08,11.6,75,81,20.2,11.41,0.0,13.0
2015-04-09,12.3,54,40,16.9,20.25,0.0,14.0
2015-04-10,16.2,61,29,10.8,20.15,0.0,18.0
2015-04-11,19.0,66,4,13.3,19.84,0.0,21.0
2015-04-12,12.5,60,88,25.6,17.18,0.4,14.0
2015-04-13,13.2,58,62,34.9,16.09,2.6,15.0
2015-04-14,9.5,56,67,26.7,14.12,0.0,10.0
2015-04-15,13.7,74,80,22.9,6.52,0.4,15.0
2015-04-16,12.8,55,38,23.6,19.44,0.0,15.0
2015-04-17,10.9,62,50,20.7,16.61,0.0,13.0
2015-04-18,8.9,76,49,21.5,16.4,2.6,9.0
2015-04-19,8.6,73,90,20.2,8.89,1.6,8.0
2015-04-20,12.1,59,66,31.2,19.69,0.1,14.0
2015-04-21,13.4,66,43,16.6,19.63,0.0,17.0
2015-04-22,14.1,68,31,10.3,16.7,0.0,17.0
2015-04-23,17.0,61,16,24.8,23.09,0.0,19.0
2015-04-24,17.9,65,15,15.9,20.88,0.0,20.0
2015-04-25,20.6,64,49,13.8,19.45,0.0,23.0
2015-04-26,16.6,73,93,14.7,9.26,3.9,18.0
2015-04-27,22.0,71,45,14.3,20.77,0.0,23.0
2015-04-28,22.6,70,73,24.0,17.68,7.7,23.0
2015-04-29,13.1,67,71,25.7,17.69,7.1,14.0
2015-04-30,13.9,60,88,17.1,16.06,0.0,15.0
2015-05-01,16.0,68,76,17.4,15.89,4.8,16.0
2015-05-02,14.3,66,30,15.9,21.0,0.0,16.0
2015-05-03,15.1,57,49,11.2,17.34,0.0,18.0
2015-05-04,14.9,68,80,17.3,7.37,1.3,17.0
2015-05-05,22.2,71,67,16.3,20.9,0.0,24.0
2015-05-06,17.5,87,99,15.6,6.4,11.6,19.0
2015-05-07,19.1,70,50,17.1,23.29,0.0,20.0
2015-05-08,16.9,63,39,16.4,21.99,0.0,18.0
2015-05-09,18.4,63,52,8.7,19.02,0.0,21.0
2015-05-10,16.0,74,84,18.6,10.86,6.6,16.0
2015-05-11,15.2,69,78,14.6,13.34,0.2,15.0
2015-05-12,20.4,64,78,18.4,24.69,0.0,22.0
2015-05-13,17.0,57,59,22.7,20.61,2.3,17.0
2015-05-14,16.1,69,70,15.3,19.42,3.0,16.0
2015-05-15,16.0,74,39,23.2,21.61,1.9,17.0
2015-05-16,17.0,56,68,12.2,23.16,0.0,18.0
2015-05-17,14.0,61,62,26.3,18.15,0.8,15.0
2015-05-18,16.8,56,51,26.7,19.72,0.3,18.0
2015-05-19,23.8,61,71,17.3,20.09,1.5,25.0
2015-05-20,21.1,84,95,12.7,13.29,8.3,23.0
2015-05-21,14.3,82,100,16.9,5.31,1.5,15.0
2015-05-22,17.0,67,92,13.7,17.0,0.1,18.0
2015-05-23,16.8,70,98,10.9,17.2,1.3,16.0
2015-05-24,18.2,75,74,8.0,17.07,1.5,20.0
2015-05-25,18.9,75,72,13.7,13.65,0.1,20.0
2015-05-26,18.9,83,100,24.8,8.88,4.1,17.0
2015-05-27,14.1,66,98,20.7,7.6,0.1,15.0
2015-05-28,14.8,64,74,15.7,15.04,0.0,16.0
2015-05-29,18.8,64,46,11.5,22.18,0.2,21.0
2015-05-30,21.7,70,42,17.3,22.49,2.5,24.0
2015-05-31,18.3,59,69,13.2,24.88,0.0,19.0
2015-06-01,23.4,60,23,16.6,21.93,0.5,26.0
2015-06-02,25.8,67,47,19.4,25.17,0.1,28.0
2015-06-03,28.4,58,43,21.6,23.88,0.0,30.0
2015-06-04,20.4,50,16,17.0,28.41,0.0,22.0
2015-06-05,22.5,53,6,9.8,28.35,0.0,24.0
2015-06-06,26.7,50,17,17.2,28.34,0.0,28.0
2015-06-07,27.3,59,27,20.3,26.2,0.0,28.0
2015-06-08,21.4,50,61,17.1,20.95,0.0,21.0
2015-06-09,18.4,57,78,19.2,16.14,1.9,17.0
2015-06-10,20.2,60,88,11.6,14.49,1.3,22.0
2015-06-11,22.7,53,19,8.7,27.91,0.0,24.0
2015-06-12,26.8,55,29,11.9,27.08,0.4,28.0
2015-06-13,27.6,62,39,12.5,26.39,0.3,29.0
2015-06-14,25.9,63,56,19.3,23.02,0.8,27.0
2015-06-15,21.9,63,85,17.1,14.11,0.3,22.0
2015-06-16,18.3,50,43,16.3,21.45,0.0,19.0
2015-06-17,19.2,51,58,12.1,19.7,0.0,21.0
2015-06-18,18.4,58,97,17.3,10.7,0.0,20.0
2015-06-19,18.3,69,69,13.6,16.59,6.7,18.0
2015-06-20,18.5,69,57,9.4,22.56,0.8,20.0
2015-06-21,19.1,72,50,16.0,23.38,4.0,20.0
2015-06-22,20.8,68,55,17.2,22.54,0.4,21.0
2015-06-23,17.1,81,84,20.8,7.89,6.6,18.0
2015-06-24,19.1,63,75,18.5,18.9,0.3,20.0
2015-06-25,19.5,65,49,11.6,18.58,0.0,22.0
2015-06-26,22.6,67,38,14.7,22.66,0.2,24.0
2015-06-27,21.3,70,72,9.7,18.17,0.0,21.0
2015-06-28,23.6,64,65,11.8,20.1,0.0,25.0
2015-06-29,20.8,79,76,13.6,14.24,4.9,20.0
2015-06-30,23.4,67,36,8.8,24.34,0.4,26.0
2015-07-01,24.3,59,50,13.4,25.17,0.0,26.0
2015-07-02,25.1,56,4,9.5,27.92,0.0,28.0
2015-07-03,27.3,51,0,10.2,28.3,0.0,29.0
2015-07-04,30.3,52,0,9.5,28.09,0.0,31.0
2015-07-05,32.3,51,37,8.9,27.06,0.0,35.0
2015-07-06,30.3,59,39,20.2,20.48,3.2,32.0
2015-07-07,28.5,55,17,14.0,26.49,0.0,30.0
2015-07-08,27.2,65,89,20.5,16.12,7.8,26.0
2015-07-09,23.0,63,61,24.6,22.63,2.2,23.0
2015-07-10,17.2,55,57,27.2,17.11,0.0,16.0
2015-07-11,18.2,60,69,23.5,12.17,0.4,19.0
2015-07-12,22.3,62,69,11.8,17.83,0.0,24.0
2015-07-13,20.0,80,81,16.9,14.66,6.9,22.0
2015-07-14,21.4,72,68,15.6,16.98,0.9,23.0
2015-07-15,22.2,68,53,18.0,21.78,0.1,24.0
2015-07-16,23.4,62,46,13.3,22.72,0.1,26.0
2015-07-17,25.6,58,38,18.1,22.71,0.0,28.0
2015-07-18,30.4,55,29,17.0,23.44,1.4,36.0
2015-07-19,28.1,74,65,20.9,20.38,10.8,30.0
2015-07-20,22.8,60,44,25.6,21.34,0.1,23.0
2015-07-21,25.3,66,43,10.3,18.55,0.0,25.0
2015-07-22,27.9,67,39,13.4,23.9,0.4,29.0
2015-07-23,27.4,68,88,19.4,18.02,0.7,29.0
2015-07-24,25.6,54,53,12.4,21.07,0.0,28.0
2015-07-25,31.3,62,94,21.9,20.4,8.8,33.0
2015-07-26,21.2,65,82,21.6,12.53,0.0,20.0
2015-07-27,21.6,68,63,15.2,14.36,0.5,22.0
2015-07-28,22.6,75,61,19.8,18.23,6.4,22.0
2015-07-29,21.6,60,56,14.8,18.13,0.1,22.0
2015-07-30,20.0,59,45,27.1,15.17,0.3,22.0
2015-07-31,19.2,59,35,22.3,17.64,0.0,20.0
2015-08-01,21.6,62,40,9.7,20.93,0.0,23.0
2015-08-02,26.8,54,75,10.3,23.72,0.0,29.0
2015-08-03,29.6,57,8,8.2,23.08,0.0,32.0
2015-08-04,31.5,55,7,15.3,22.18,0.0,34.0
2015-08-05,32.1,52,11,9.4,23.19,1.2,35.0
2015-08-06,31.5,62,20,9.6,22.22,0.0,34.0
2015-08-07,33.7,54,11,8.7,22.74,0.0,36.0
2015-08-08,34.3,47,13,15.7,21.2,0.0,37.0
2015-08-09,32.0,53,46,13.4,19.14,0.5,34.0
2015-08-10,30.2,62,12,15.1,21.96,0.0,32.0
2015-08-11,31.3,53,1,10.4,23.35,0.0,34.0
2015-08-12,32.9,49,15,11.7,22.7,0.0,35.0
2015-08-13,29.5,52,46,16.3,18.35,0.0,31.0
2015-08-14,28.5,47,4,17.0,22.88,0.0,30.0
2015-08-15,30.1,47,5,14.2,22.19,0.0,32.0
2015-08-16,29.6,41,77,14.9,20.0,0.0,31.0
2015-08-17,27.6,38,58,25.2,19.12,0.1,29.0
2015-08-18,24.5,41,0,24.1,22.8,0.0,26.0
2015-08-19,22.6,41,3,19.8,22.2,0.0,24.0
2015-08-20,22.1,44,21,16.6,18.45,0.0,25.0
2015-08-21,23.3,43,66,13.0,16.86,0.0,24.0
2015-08-22,22.5,52,59,10.8,15.47,0.1,24.0
2015-08-23,25.1,50,63,14.5,13.2,0.0,27.0
2015-08-24,27.9,44,76,20.0,18.28,0.0,29.0
2015-08-25,28.1,62,71,20.2,12.42,8.1,28.0
2015-08-26,24.0,67,60,12.0,16.01,0.0,25.0
2015-08-27,27.8,56,78,14.8,19.91,0.0,30.0
2015-08-28,28.5,65,76,17.7,15.92,0.1,29.0
2015-08-29,22.9,65,36,11.0,15.35,0.0,25.0
2015-08-30,28.8,62,14,10.5,18.85,0.0,31.0
2015-08-31,32.0,60,56,11.6,17.46,0.0,35.0
2015-09-01,33.2,48,11,13.2,18.98,0.0,35.0
2015-09-02,22.9,66,70,23.5,10.35,0.0,22.0
2015-09-03,20.6,62,93,8.0,11.39,0.2,22.0
2015-09-04,17.3,71,75,9.9,8.33,6.6,17.0
2015-09-05,21.2,68,46,19.1,14.12,0.0,22.0
2015-09-06,16.7,68,55,23.8,14.59,3.1,17.0
2015-09-07,13.9,88,94,28.4,4.84,15.2,13.0
2015-09-08,15.3,82,83,20.2,8.67,5.3,16.0
2015-09-09,17.2,83,41,8.9,13.22,1.5,18.0
2015-09-10,18.4,74,19,17.3,15.21,0.0,20.0
2015-09-11,19.2,64,78,22.8,13.07,0.0,20.0
2015-09-12,15.6,77,93,19.0,2.78,3.2,16.0
2015-09-13,20.0,75,86,19.2,12.14,0.0,18.0
2015-09-14,23.2,70,63,26.6,13.58,1.6,23.0
2015-09-15,22.7,75,78,17.7,13.45,4.8,24.0
2015-09-16,25.8,76,85,14.2,12.57,8.0,26.0
2015-09-17,28.1,68,45,14.3,15.36,0.0,30.0
2015-09-18,22.0,66,54,27.6,12.83,1.3,22.0
2015-09-19,20.8,75,68,7.7,13.83,0.4,23.0
2015-09-20,18.0,84,82,12.3,8.1,6.4,20.0
2015-09-21,15.6,79,57,18.4,10.49,0.3,14.0
2015-09-22,16.9,74,54,16.1,10.94,0.0,19.0
2015-09-23,21.9,75,72,13.5,12.67,0.0,24.0
2015-09-24,20.8,79,56,14.8,10.19,0.0,24.0
2015-09-25,19.4,74,87,16.8,8.44,3.0,20.0
2015-09-26,14.5,84,100,19.8,2.53,7.5,15.0
2015-09-27,16.0,73,68,17.9,9.45,0.0,17.0
2015-09-28,15.3,77,29,13.2,9.75,0.0,17.0
2015-09-29,14.4,74,40,16.4,9.8,0.0,15.0
2015-09-30,13.4,68,62,12.9,8.66,0.0,15.0
2015-10-01,14.6,72,30,11.1,12.42,0.0,16.0
2015-10-02,16.6,68,59,16.4,12.68,0.0,18.0
2015-10-03,18.7,70,32,10.7,12.46,0.0,20.0
2015-10-04,20.8,76,34,16.5,11.52,0.0,23.0
2015-10-05,18.7,82,51,11.6,11.46,0.0,20.0
2015-10-06,16.4,84,76,19.6,4.98,0.1,15.0
2015-10-07,11.2,56,92,22.7,11.23,0.0,12.0
2015-10-08,10.1,56,52,19.1,11.81,0.0,12.0
2015-10-09,7.5,60,20,15.2,11.81,0.0,9.0
2015-10-10,7.0,66,4,11.6,11.83,0.0,9.0
2015-10-11,6.2,68,73,18.6,10.13,0.0,8.0
2015-10-12,4.8,69,100,20.8,3.56,2.7,7.0
2015-10-13,4.8,90,100,18.4,1.46,2.6,5.0
2015-10-14,10.1,75,94,20.8,7.82,0.0,11.0
2015-10-15,10.0,62,98,26.2,5.54,1.8,11.0
2015-10-16,13.0,77,93,24.2,5.19,1.8,14.0
2015-10-17,10.2,92,99,15.1,1.76,6.7,11.0
2015-10-18,9.6,98,100,19.3,1.07,12.6,10.0
2015-10-19,10.5,87,93,12.0,3.87,1.1,11.0
2015-10-20,9.9,91,95,9.4,3.27,0.6,10.0
2015-10-21,8.1,95,99,20.0,1.27,5.6,9.0
2015-10-22,10.2,86,81,13.2,4.11,0.7,10.0
2015-10-23,11.7,80,89,26.7,4.27,1.1,12.0
2015-10-24,10.8,88,66,18.3,4.81,0.0,11.0
2015-10-25,10.6,88,81,18.2,4.95,1.1,11.0
2015-10-26,9.8,85,69,17.4,6.14,0.0,11.0
2015-10-27,6.8,96,61,7.9,3.84,0.0,10.0
2015-10-28,8.1,86,74,19.6,6.83,0.0,13.0
2015-10-29,10.1,79,25,20.0,7.06,0.1,10.0
2015-10-30,10.8,90,32,8.9,6.71,0.0,13.0
2015-10-31,10.4,85,11,13.8,7.35,0.0,13.0
2015-11-01,12.8,74,63,18.1,6.71,0.0,15.0
2015-11-02,11.2,68,37,15.0,6.97,0.0,13.0
2015-11-03,10.5,84,30,10.0,5.88,0.0,12.0
2015-11-04,8.8,82,27,11.0,6.99,0.0,10.0
2015-11-05,4.0,89,100,9.4,2.19,0.0,5.0
2015-11-06,4.6,82,79,11.1,4.13,0.0,2.0
2015-11-07,9.4,91,96,12.4,1.68,1.5,9.0
2015-11-08,14.1,81,54,36.9,4.84,3.3,16.0
2015-11-09,12.0,89,86,19.7,1.97,5.1,12.0
2015-11-10,13.7,87,100,31.6,0.39,4.7,14.0
2015-11-11,14.2,90,100,28.4,0.9,1.1,15.0
2015-11-12,13.1,85,85,25.6,1.17,0.7,13.0
2015-11-13,10.3,87,84,20.9,2.93,0.4,10.0
2015-11-14,9.1,77,69,31.1,4.04,5.4,10.0
2015-11-15,7.1,83,90,22.3,1.84,4.4,7.0
2015-11-16,7.3,84,95,13.8,2.52,0.2,8.0
2015-11-17,10.0,92,100,15.3,0.9,2.1,11.0
2015-11-18,12.2,86,89,38.2,1.98,6.0,13.0
2015-11-19,12.1,74,71,27.6,3.32,2.7,13.0
2015-11-20,10.0,77,80,26.6,3.12,0.8,9.0
2015-11-21,5.2,91,81,10.5,1.81,0.3,6.0
2015-11-22,3.9,91,100,10.9,2.13,0.0,4.0
2015-11-23,3.4,83,63,14.0,2.95,0.0,4.0
2015-11-24,2.0,83,61,13.4,2.12,0.0,1.0
2015-11-25,1.6,81,5,16.9,4.54,0.0,2.0
2015-11-26,1.1,83,89,10.8,3.25,0.0,0.0
2015-11-27,1.2,89,62,7.3,3.52,0.0,-2.0
2015-11-28,1.1,86,79,10.4,1.66,0.1,1.0
2015-11-29,4.2,85,84,17.9,3.07,0.1,5.0
2015-11-30,6.5,80,65,31.5,2.62,5.4,7.0
2015-12-01,4.6,88,80,28.3,2.15,4.7,6.0
2015-12-02,5.3,89,75,19.8,2.75,0.0,5.0
2015-12-03,8.2,93,90,12.3,2.19,0.0,9.0
2015-12-04,7.6,84,99,22.2,2.76,0.2,9.0
2015-12-05,7.7,78,80,24.6,3.07,0.0,10.0
2015-12-06,8.8,69,59,26.0,3.25,0.0,11.0
2015-12-07,10.6,79,73,24.8,1.74,0.0,11.0
2015-12-08,3.3,97,88,12.5,1.73,0.0,2.0
2015-12-09,5.4,92,100,13.7,0.82,0.0,5.0
2015-12-10,5.5,91,53,14.6,2.54,0.0,6.0
2015-12-11,4.3,82,63,21.1,3.29,0.7,5.0
2015-12-12,5.2,88,81,25.2,1.94,0.9,6.0
2015-12-13,7.6,89,96,40.6,0.49,7.2,8.0
2015-12-14,3.3,80,92,22.6,1.78,0.0,3.0
2015-12-15,1.4,86,97,10.9,1.45,0.0,2.0
2015-12-16,2.2,93,97,8.5,1.08,0.0,3.0
2015-12-17,7.9,94,88,19.2,0.76,0.5,8.0
2015-12-18,10.2,96,97,17.5,1.99,2.0,11.0
2015-12-19,9.9,91,88,18.0,1.53,0.0,11.0
2015-12-20,8.2,90,76,18.7,2.2,0.0,10.0
2015-12-21,7.6,84,72,21.8,1.94,2.0,8.0
2015-12-22,10.3,78,65,33.9,2.84,0.7,10.0
2015-12-23,12.0,76,65,24.3,2.7,0.0,15.0
2015-12-24,9.0,89,33,20.9,3.33,0.0,9.0
2015-12-25,9.2,88,44,19.6,1.61,0.0,10.0
2015-12-26,13.1,81,89,32.3,0.84,0.0,14.0
2015-12-27,13.0,79,99,27.7,1.24,0.2,13.0
2015-12-28,8.9,88,94,22.0,1.56,2.9,9.0
2015-12-29,2.0,67,41,18.1,3.43,0.0,1.0
2015-12-30,-1.7,65,53,14.9,3.2,0.0,-1.0
2015-12-31,-2.5,64,0,14.9,3.63,0.0,-1.0
2016-01-01,-6.4,70,6,13.8,3.59,0.0,-7.0
2016-01-02,-8.8,57,14,21.4,3.52,0.0,-8.0
2016-01-03,-9.6,58,0,14.1,3.71,0.0,-13.0
2016-01-04,-9.2,57,2,16.3,3.79,0.0,-10.0
2016-01-05,-8.9,70,21,10.9,3.67,0.0,-10.0
2016-01-06,-4.2,81,99,11.4,1.34,0.4,-5.0
2016-01-07,-4.4,77,97,11.8,1.46,0.0,-5.0
2016-01-08,0.8,79,97,16.9,1.52,1.2,2.0
2016-01-09,1.8,90,96,20.4,1.87,0.8,2.0
2016-01-10,0.8,89,86,18.6,2.11,0.0,1.0
2016-01-11,3.6,95,100,16.9,1.32,4.1,3.0
2016-01-12,1.2,95,100,12.5,1.39,4.9,2.0
2016-01-13,2.4,93,95,19.4,1.89,1.2,3.0
2016-01-14,-0.1,84,69,19.5,1.91,0.0,0.0
2016-01-15,-0.0,89,88,14.1,2.22,3.2,0.0
2016-01-16,-2.5,84,94,16.3,4.19,0.2,-1.0
2016-01-17,-3.1,91,74,9.5,3.09,0.0,-2.0
2016-01-18,-4.3,92,93,8.6,2.74,0.0,-4.0
2016-01-19,-4.8,86,75,11.7,3.48,0.0,-3.0
2016-01-20,-4.1,85,97,17.0,3.49,0.0,-3.0
2016-01-21,-3.5,88,68,18.9,3.29,0.0,-2.0
2016-01-22,-2.2,90,68,15.5,2.76,0.0,-2.0
2016-01-23,-4.9,85,27,12.4,5.23,0.0,-3.0
2016-01-24,0.8,92,99,15.9,2.69,0.1,2.0
2016-01-25,1.7,96,100,15.6,0.75,1.7,3.0
2016-01-26,5.9,98,99,19.6,0.94,1.2,6.0
2016-01-27,7.2,91,99,21.1,1.0,0.2,9.0
2016-01-28,8.9,79,69,28.3,0.92,0.7,11.0
2016-01-29,6.0,78,54,21.3,4.9,0.0,8.0
2016-01-30,8.5,65,94,26.0,4.34,0.0,10.0
2016-01-31,6.5,79,70,26.9,4.93,3.0,8.0
2016-02-01,4.2,82,85,23.0,3.92,3.3,6.0
2016-02-02,9.5,87,89,29.1,2.76,7.4,11.0
2016-02-03,8.1,71,61,32.5,5.41,2.7,8.0
2016-02-04,3.6,80,61,22.6,5.27,0.0,4.0
2016-02-05,2.5,80,69,22.3,4.4,0.0,3.0
2016-02-06,6.0,84,91,16.9,2.13,0.0,7.0
2016-02-07,7.5,78,16,17.8,6.85,0.1,10.0
2016-02-08,9.7,76,75,22.9,5.7,0.0,11.0
2016-02-09,9.5,71,68,26.2,6.13,2.8,11.0
2016-02-10,8.8,88,100,22.0,1.38,15.6,9.0
2016-02-11,3.4,93,96,23.6,3.41,12.4,3.0
2016-02-12,5.3,84,84,17.1,5.49,1.1,7.0
2016-02-13,6.1,88,78,13.5,5.4,2.0,5.0
2016-02-14,6.8,88,96,11.0,3.57,0.0,8.0
2016-02-15,7.5,91,100,9.7,3.88,0.7,8.0
2016-02-16,5.5,83,79,18.1,2.59,0.0,6.0
2016-02-17,3.3,79,83,27.6,5.32,0.2,5.0
2016-02-18,8.4,90,98,24.7,4.31,2.2,9.0
2016-02-19,4.9,97,100,12.0,1.46,10.0,5.0
2016-02-20,4.1,84,99,18.9,4.65,4.2,3.0
2016-02-21,8.2,88,92,22.3,3.99,5.9,8.0
2016-02-22,10.4,89,100,34.3,1.39,9.4,12.0
2016-02-23,5.7,83,93,18.3,4.77,1.2,5.0
2016-02-24,4.4,80,48,21.4,6.65,0.5,5.0
2016-02-25,5.1,76,56,13.9,8.49,0.0,6.0
2016-02-26,3.5,80,46,13.8,7.41,0.8,3.0
2016-02-27,3.9,76,77,12.8,8.03,0.0,2.0
2016-02-28,4.8,80,92,12.5,6.35,0.0,5.0
2016-02-29,3.4,85,100,20.3,3.09,2.7,2.0
2016-03-01,1.3,97,100,18.9,1.79,12.8,1.0
2016-03-02,3.8,91,97,15.5,5.19,0.1,4.0
2016-03-03,8.7,78,99,15.1,6.99,0.0,9.0
2016-03-04,4.6,85,98,12.1,3.82,0.0,4.0
2016-03-05,8.7,84,88,17.0,6.43,0.0,6.0
2016-03-06,8.4,87,88,17.0,3.34,3.5,9.0
2016-03-07,8.3,86,67,10.5,8.1,1.1,8.0
2016-03-08,8.0,82,96,15.3,5.95,0.1,7.0
2016-03-09,6.8,83,90,15.1,6.36,0.0,8.0
2016-03-10,7.1,82,94,16.7,3.78,0.0,7.0
2016-03-11,9.2,90,100,15.0,3.86,2.9,6.0
2016-03-12,5.6,91,100,13.2,2.37,0.0,5.0
2016-03-13,6.5,72,55,17.1,11.42,0.0,8.0
2016-03-14,5.8,83,72,16.8,9.54,4.4,7.0
2016-03-15,5.1,81,76,20.1,6.98,0.9,4.0
2016-03-16,7.0,72,50,10.5,12.89,0.0,10.0
2016-03-17,9.2,79,58,20.0,12.07,0.0,11.0
2016-03-18,7.7,76,68,23.4,7.28,0.0,8.0
2016-03-19,4.5,57,77,23.4,10.07,0.1,5.0
2016-03-20,6.5,82,71,20.8,8.18,2.1,6.0
2016-03-21,9.1,79,63,20.5,13.06,0.3,11.0
2016-03-22,7.0,89,84,15.8,8.28,4.0,7.0
2016-03-23,5.9,69,62,11.5,15.33,0.0,7.0
2016-03-24,5.6,63,27,10.6,16.62,0.0,8.0
2016-03-25,8.2,66,93,12.1,10.59,0.1,8.0
2016-03-26,8.5,82,96,8.5,6.07,4.7,7.0
2016-03-27,10.3,72,24,15.3,15.99,0.0,12.0
2016-03-28,13.2,64,13,13.4,15.36,0.0,16.0
2016-03-29,12.1,74,78,18.4,10.36,4.1,12.0
2016-03-30,12.0,75,82,18.4,10.82,1.2,13.0
2016-03-31,13.1,74,65,16.2,15.44,0.0,13.0
2016-04-01,8.6,75,74,23.4,7.62,7.1,10.0
2016-04-02,11.1,67,52,14.0,17.59,0.0,13.0
2016-04-03,15.1,55,50,17.5,18.53,0.0,17.0
2016-04-04,19.0,60,51,13.2,18.39,0.0,21.0
2016-04-05,20.7,66,55,13.3,17.82,0.0,24.0
2016-04-06,15.0,75,50,24.0,15.76,0.1,16.0
2016-04-07,17.3,72,62,14.7,13.21,0.0,18.0
2016-04-08,12.6,71,77,13.8,11.78,2.0,13.0
2016-04-09,10.9,65,100,20.0,4.13,2.8,12.0
2016-04-10,14.5,78,93,19.3,9.82,5.1,10.0
2016-04-11,14.8,72,90,14.2,12.16,3.3,15.0
2016-04-12,16.5,83,89,8.4,11.71,1.8,17.0
2016-04-13,15.8,86,72,14.2,11.8,1.2,16.0
2016-04-14,12.4,80,87,13.1,10.83,0.0,14.0
2016-04-15,13.2,69,48,11.1,17.4,0.1,15.0
2016-04-16,17.0,74,85,14.6,15.16,2.9,18.0
2016-04-17,19.5,84,75,18.9,13.99,4.9,22.0
2016-04-18,12.7,58,80,17.1,19.67,0.0,13.0
2016-04-19,11.5,60,68,25.6,14.58,0.6,12.0
2016-04-20,12.2,69,30,26.4,17.97,2.8,12.0
2016-04-21,13.8,64,24,19.8,19.35,0.3,15.0
2016-04-22,11.6,61,35,27.7,17.51,0.1,13.0
2016-04-23,12.7,63,84,10.3,14.83,0.1,14.0
2016-04-24,10.3,63,97,21.4,16.42,1.3,10.0
2016-04-25,9.4,70,99,9.8,17.85,0.0,10.0
2016-04-26,12.4,60,54,13.7,22.25,0.2,13.0
2016-04-27,8.7,83,95,13.0,6.97,14.1,9.0
2016-04-28,12.3,70,59,18.3,22.47,2.1,13.0
2016-04-29,13.0,67,33,10.4,21.44,0.4,15.0
2016-04-30,12.4,76,76,12.7,16.16,0.1,12.0
2016-05-01,13.3,78,86,8.7,10.87,0.0,15.0
2016-05-02,17.2,76,73,11.6,17.95,0.1,19.0
2016-05-03,19.3,79,68,8.8,19.85,2.3,20.0
2016-05-04,19.6,76,56,13.7,21.11,1.7,22.0
2016-05-05,19.8,63,11,16.2,23.45,0.2,22.0
2016-05-06,19.7,58,14,14.5,21.6,0.0,22.0
2016-05-07,19.6,61,19,16.2,23.32,0.0,21.0
2016-05-08,21.4,71,36,18.4,23.21,0.8,24.0
2016-05-09,20.7,71,11,15.3,23.13,0.0,22.0
2016-05-10,20.9,65,13,16.0,21.55,0.0,23.0
2016-05-11,21.5,70,78,10.4,21.43,1.9,23.0
2016-05-12,22.1,74,30,15.3,22.65,1.9,24.0
2016-05-13,22.3,75,89,17.2,20.37,1.3,23.0
2016-05-14,16.7,91,99,19.7,7.2,12.8,16.0
2016-05-15,13.2,64,48,23.3,22.96,0.6,14.0
2016-05-16,13.3,71,57,24.6,19.62,3.5,12.0
2016-05-17,13.2,71,85,18.2,21.02,1.5,11.0
2016-05-18,14.3,69,38,7.0,20.65,0.2,16.0
2016-05-19,17.0,65,40,8.2,20.78,0.0,19.0
2016-05-20,19.5,59,33,13.0,23.39,0.0,21.0
2016-05-21,21.3,68,49,16.8,22.79,0.0,22.0
2016-05-22,23.1,64,70,12.4,19.94,0.0,25.0
2016-05-23,25.5,58,28,17.5,24.59,0.0,27.0
2016-05-24,24.3,50,18,18.7,27.24,0.0,26.0
2016-05-25,22.9,66,39,11.5,20.46,1.8,23.0
2016-05-26,22.4,74,52,9.0,21.91,0.0,24.0
2016-05-27,24.0,70,63,12.0,21.28,0.7,25.0
2016-05-28,26.6,64,56,12.7,23.1,0.7,27.0
2016-05-29,27.3,54,84,14.4,21.76,0.0,28.0
2016-05-30,28.8,63,53,19.2,24.89,1.6,30.0
2016-05-31,24.3,81,69,16.2,18.75,9.1,25.0
2016-06-01,24.8,82,91,15.1,16.48,3.7,25.0
2016-06-02,24.2,71,89,19.5,18.9,0.0,25.0
2016-06-03,24.3,56,73,15.9,25.71,0.0,24.0
2016-06-04,24.9,66,31,11.9,23.62,0.9,26.0
2016-06-05,22.5,54,10,20.4,28.07,0.0,23.0
2016-06-06,18.3,50,36,17.6,23.63,0.0,19.0
2016-06-07,20.0,48,35,7.9,23.68,0.0,21.0
2016-06-08,24.4,49,13,11.2,28.31,0.0,25.0
2016-06-09,20.5,57,50,14.5,22.56,0.0,21.0
2016-06-10,20.4,56,52,20.4,19.72,4.5,21.0
2016-06-11,17.3,57,23,18.4,25.06,0.3,19.0
2016-06-12,18.9,55,56,11.2,22.03,0.1,21.0
2016-06-13,23.0,42,63,17.1,25.29,0.0,24.0
2016-06-14,22.2,53,96,20.5,18.28,0.0,23.0
2016-06-15,23.0,69,95,8.7,14.58,0.4,25.0
2016-06-16,25.5,60,60,17.6,23.64,1.3,26.0
2016-06-17,28.5,64,58,33.6,18.23,9.9,30.0
2016-06-18,22.9,62,25,21.3,24.15,0.0,24.0
2016-06-19,26.2,56,35,10.2,25.62,0.0,29.0
2016-06-20,20.9,79,82,14.0,7.98,11.9,23.0
2016-06-21,24.0,75,64,12.4,20.71,0.0,25.0
2016-06-22,25.8,65,25,8.0,25.06,0.0,27.0
2016-06-23,27.1,62,39,10.2,23.09,0.0,29.0
2016-06-24,31.3,57,14,13.2,24.49,0.0,33.0
2016-06-25,33.8,62,27,15.5,24.04,0.3,34.0
2016-06-26,32.0,72,60,18.1,20.88,20.1,33.0
2016-06-27,24.2,64,85,21.9,24.17,2.6,23.0
2016-06-28,21.9,74,75,6.1,17.13,4.5,23.0
2016-06-29,25.9,62,37,9.3,20.81,0.0,28.0
2016-06-30,28.6,59,52,11.1,22.45,0.0,31.0
2016-07-01,27.2,71,56,8.4,22.58,2.9,28.0
2016-07-02,30.1,63,26,13.8,24.41,0.1,31.0
2016-07-03,22.5,79,74,17.1,9.36,9.1,21.0
2016-07-04,20.3,63,28,19.8,22.35,0.0,22.0
2016-07-05,23.0,59,48,11.5,21.23,0.7,24.0
2016-07-06,19.2,75,74,32.1,20.24,7.0,20.0
2016-07-07,19.5,73,76,35.3,15.05,2.5,19.0
2016-07-08,22.8,57,68,16.6,20.07,0.0,24.0
2016-07-09,20.6,71,79,24.0,17.67,6.9,22.0
2016-07-10,23.6,66,63,15.2,17.15,0.1,26.0
2016-07-11,30.6,63,84,21.3,22.8,0.2,32.0
2016-07-12,24.7,86,96,10.7,11.4,12.3,24.0
2016-07-13,22.6,86,93,12.3,13.31,28.3,24.0
2016-07-14,22.1,89,96,24.0,6.13,26.2,22.0
2016-07-15,19.2,74,83,32.9,12.61,1.1,21.0
2016-07-16,19.2,79,98,13.6,11.75,1.4,22.0
2016-07-17,20.9,81,95,12.2,11.71,3.4,22.0
2016-07-18,19.7,77,76,18.1,13.75,0.7,20.0
2016-07-19,20.0,79,61,15.0,11.88,0.0,23.0
2016-07-20,21.8,70,15,16.4,21.3,0.0,24.0
2016-07-21,22.7,64,0,18.2,27.32,0.0,26.0
2016-07-22,21.3,77,56,14.3,14.68,0.0,22.0
2016-07-23,24.7,76,68,10.1,16.81,0.4,26.0
2016-07-24,26.5,74,74,8.1,20.4,0.0,28.0
2016-07-25,28.5,67,34,10.5,21.68,0.2,29.0
2016-07-26,27.9,73,43,9.2,21.9,2.8,31.0
2016-07-27,29.4,77,69,10.6,21.68,4.0,29.0
2016-07-28,26.1,82,80,13.4,16.14,1.6,28.0
2016-07-29,25.8,82,84,9.5,17.51,2.7,27.0
2016-07-30,25.8,80,32,12.5,19.66,3.1,27.0
2016-07-31,27.6,75,59,8.2,19.65,7.5,29.0
2016-08-01,22.8,82,89,20.1,16.6,7.1,24.0
2016-08-02,22.3,69,55,12.4,19.68,1.1,24.0
2016-08-03,22.4,73,70,11.3,15.53,2.0,24.0
2016-08-04,26.0,77,70,12.5,15.54,2.3,28.0
2016-08-05,29.0,72,30,15.9,20.98,0.1,31.0
2016-08-06,21.0,79,85,16.1,10.9,1.7,20.0
2016-08-07,21.1,69,27,20.5,19.11,0.0,23.0
2016-08-08,26.9,64,23,15.6,21.78,0.0,28.0
2016-08-09,22.4,78,61,14.2,14.97,8.7,23.0
2016-08-10,15.9,86,100,9.2,3.9,6.9,15.0
2016-08-11,17.8,71,34,14.9,20.38,0.4,19.0
2016-08-12,19.4,63,39,9.4,17.69,0.0,22.0
2016-08-13,21.9,73,73,15.5,10.63,0.8,21.0
2016-08-14,22.3,73,70,17.9,16.42,1.9,24.0
2016-08-15,20.6,74,47,17.3,17.24,0.4,22.0
2016-08-16,19.3,75,64,17.4,15.04,0.1,21.0
2016-08-17,19.4,73,71,13.8,15.77,0.0,22.0
2016-08-18,20.9,66,58,14.8,15.39,0.1,23.0
2016-08-19,24.6,68,31,12.7,18.97,0.5,27.0
2016-08-20,27.3,64,53,13.7,18.57,0.0,29.0
2016-08-21,27.4,74,92,13.9,13.91,10.5,29.0
2016-08-22,19.9,84,99,16.6,5.68,4.0,21.0
2016-08-23,24.0,76,41,13.4,16.86,0.0,25.0
2016-08-24,21.6,77,75,12.2,10.96,0.1,22.0
2016-08-25,24.1,72,17,8.5,19.08,0.0,26.0
2016-08-26,25.7,62,0,11.9,20.65,0.0,27.0
2016-08-27,28.3,64,0,11.2,20.37,0.0,29.0
2016-08-28,29.1,69,1,10.3,19.94,0.0,30.0
2016-08-29,27.3,63,46,16.4,16.84,0.5,30.0
2016-08-30,20.8,64,32,19.9,15.09,0.0,22.0
2016-08-31,20.5,71,44,10.0,10.83,0.1,24.0
2016-09-01,24.7,64,4,10.2,19.02,0.0,26.0
2016-09-02,23.6,69,31,12.9,15.81,0.3,25.0
2016-09-03,25.5,67,81,8.7,16.03,0.0,25.0
2016-09-04,26.8,66,78,17.4,14.12,1.9,29.0
2016-09-05,18.7,88,100,18.3,6.09,6.4,17.0
2016-09-06,21.8,67,83,17.8,12.24,0.0,24.0
2016-09-07,23.8,70,23,7.5,17.54,0.0,26.0
2016-09-08,26.4,76,11,8.4,16.78,0.0,28.0
2016-09-09,28.3,72,2,9.5,16.73,0.0,30.0
2016-09-10,27.5,69,42,9.3,12.52,0.2,30.0
2016-09-11,27.9,73,21,7.1,14.17,0.0,30.0
2016-09-12,27.8,69,0,8.2,16.46,0.0,30.0
2016-09-13,26.7,70,4,12.0,15.28,0.0,29.0
2016-09-14,21.9,62,1,11.8,16.66,0.0,24.0
2016-09-15,22.0,65,0,9.4,16.52,0.0,24.0
2016-09-16,23.1,63,1,12.6,16.32,0.0,25.0
2016-09-17,21.4,63,68,18.8,15.17,0.0,23.0
2016-09-18,18.2,54,42,20.7,15.3,0.0,19.0
2016-09-19,16.3,56,40,19.0,12.33,0.0,19.0
2016-09-20,14.6,59,71,10.0,7.76,0.0,16.0
2016-09-21,15.1,71,36,12.6,10.91,0.0,16.0
2016-09-22,16.4,76,37,15.8,11.71,0.0,17.0
2016-09-23,16.2,77,62,17.1,7.03,0.0,17.0
2016-09-24,17.5,72,49,18.3,8.46,3.2,20.0
2016-09-25,16.7,79,62,9.3,10.17,0.0,19.0
2016-09-26,13.4,70,82,12.4,7.55,0.0,16.0
2016-09-27,14.4,64,39,11.3,11.03,0.0,17.0
2016-09-28,18.0,78,75,19.5,8.33,1.1,17.0
2016-09-29,21.7,65,93,19.1,8.77,0.0,23.0
2016-09-30,21.8,64,86,18.0,9.31,0.3,22.0
2016-10-01,18.9,83,95,12.5,7.98,1.5,18.0
2016-10-02,21.7,74,82,12.6,11.14,0.0,23.0
2016-10-03,15.2,91,100,21.4,1.5,14.1,17.0
2016-10-04,13.5,67,53,30.2,11.13,1.2,14.0
2016-10-05,8.3,88,96,28.1,1.12,15.0,8.0
2016-10-06,10.0,82,87,20.0,4.18,13.6,11.0
2016-10-07,10.9,75,80,13.0,9.05,1.5,10.0
2016-10-08,8.8,90,99,11.5,3.39,3.5,10.0
2016-10-09,9.1,92,92,10.1,2.8,0.8,10.0
2016-10-10,9.4,92,99,12.0,3.42,3.0,9.0
2016-10-11,7.6,92,100,19.6,1.66,2.2,8.0
2016-10-12,8.2,89,100,25.5,2.28,3.4,8.0
2016-10-13,7.8,74,100,18.9,7.44,0.0,11.0
2016-10-14,9.6,78,68,16.5,10.43,0.0,12.0
2016-10-15,6.9,79,94,25.4,2.32,3.1,6.0
2016-10-16,8.2,74,84,24.2,6.67,2.5,8.0
2016-10-17,9.5,66,16,23.5,9.51,0.0,10.0
2016-10-18,9.1,82,92,15.5,2.06,0.7,9.0
2016-10-19,10.5,91,98,15.3,2.96,2.6,11.0
2016-10-20,10.5,90,96,19.4,3.2,5.4,10.0
2016-10-21,7.8,91,100,19.2,1.32,12.7,7.0
2016-10-22,6.7,96,98,18.7,0.96,4.0,7.0
2016-10-23,9.9,88,36,18.1,6.04,2.8,9.0
2016-10-24,10.0,91,92,17.7,1.43,3.5,10.0
2016-10-25,12.6,96,100,15.8,1.09,14.2,13.0
2016-10-26,8.5,84,92,11.5,3.17,0.0,8.0
2016-10-27,7.2,77,82,11.4,3.21,0.0,9.0
2016-10-28,10.3,80,89,27.4,1.55,3.1,11.0
2016-10-29,8.6,83,45,29.0,4.58,3.1,10.0
2016-10-30,8.5,82,37,27.0,5.04,0.3,8.0
2016-10-31,7.9,82,77,18.8,5.3,1.3,8.0
2016-11-01,9.5,94,94,18.4,1.5,12.9,10.0
2016-11-02,9.4,86,83,26.0,4.76,6.8,10.0
2016-11-03,5.0,79,58,30.2,4.86,0.4,5.0
2016-11-04,6.4,79,86,14.4,5.63,0.0,7.0
2016-11-05,6.1,73,99,16.3,3.34,0.2,7.0
2016-11-06,7.9,88,100,14.4,2.52,5.0,8.0
2016-11-07,6.7,92,92,12.8,4.11,2.5,7.0
2016-11-08,4.2,82,71,11.9,5.15,0.0,5.0
2016-11-09,3.0,91,88,10.9,2.85,3.3,2.0
2016-11-10,2.2,82,96,14.2,3.39,0.0,4.0
2016-11-11,1.4,83,98,15.3,1.56,3.1,1.0
2016-11-12,0.9,84,54,11.9,5.31,0.0,1.0
2016-11-13,3.1,88,85,14.0,3.47,0.0,3.0
2016-11-14,3.8,92,72,11.1,3.49,0.0,6.0
2016-11-15,3.3,80,84,19.6,3.83,0.4,4.0
2016-11-16,4.8,95,100,20.1,0.86,4.0,5.0
2016-11-17,7.2,92,87,17.6,1.37,0.0,8.0
2016-11-18,9.7,83,90,21.1,3.46,0.0,10.0
2016-11-19,10.1,91,95,23.1,1.94,8.4,11.0
2016-11-20,10.0,88,89,24.0,3.87,2.4,10.0
2016-11-21,12.3,81,26,22.6,4.16,0.0,13.0
2016-11-22,11.0,77,3,20.5,4.33,0.0,9.0
2016-11-23,10.5,83,37,16.3,3.96,0.0,8.0
2016-11-24,7.9,93,94,10.9,1.95,0.2,6.0
2016-11-25,3.3,97,97,8.5,1.71,0.0,3.0
2016-11-26,4.5,82,64,21.2,3.13,0.0,7.0
2016-11-27,4.8,86,72,22.8,2.21,1.0,5.0
2016-11-28,-0.1,76,59,25.5,3.62,0.8,0.0
2016-11-29,1.5,87,81,26.7,0.99,1.2,2.0
2016-11-30,1.0,80,99,23.6,1.63,1.8,1.0
2016-12-01,3.5,94,95,21.7,1.37,5.5,3.0
2016-12-02,2.0,93,93,22.2,2.79,11.7,2.0
2016-12-03,0.8,88,61,21.7,3.87,1.2,2.0
2016-12-04,0.3,92,76,21.3,2.99,0.1,1.0
2016-12-05,0.6,85,57,19.1,2.32,0.0,2.0
2016-12-06,2.1,92,68,20.9,1.55,1.8,2.0
2016-12-07,0.5,92,89,18.0,1.57,0.0,0.0
2016-12-08,8.3,84,100,29.3,1.18,2.6,8.0
2016-12-09,7.6,87,100,27.2,0.83,0.0,8.0
2016-12-10,9.4,95,100,28.5,0.27,7.1,9.0
2016-12-11,8.3,96,100,25.7,0.27,14.1,9.0
2016-12-12,4.9,77,64,22.9,2.39,2.4,6.0
2016-12-13,-1.4,70,66,13.8,3.6,0.0,-1.0
2016-12-14,2.4,93,100,21.0,0.99,1.7,3.0
2016-12-15,2.1,95,81,12.5,1.47,0.3,2.0
2016-12-16,-1.4,92,78,8.8,1.58,0.0,2.0
2016-12-17,-1.2,94,95,10.9,1.51,0.0,-1.0
2016-12-18,0.1,89,97,10.9,0.95,0.0,0.0
2016-12-19,1.7,98,100,15.5,0.9,0.0,2.0
2016-12-20,1.4,98,100,14.8,0.5,0.0,2.0
2016-12-21,2.9,89,43,14.6,3.08,0.0,1.0
2016-12-22,1.1,85,16,10.8,3.16,0.0,1.0
2016-12-23,2.5,93,83,17.0,1.29,1.1,2.0
2016-12-24,2.6,93,99,19.9,1.67,1.8,4.0
2016-12-25,3.9,93,87,22.7,2.33,4.1,4.0
2016-12-26,8.4,94,95,30.2,0.33,2.9,10.0
2016-12-27,6.1,73,65,38.2,1.66,1.0,5.0
2016-12-28,2.7,72,42,25.5,2.99,0.4,5.0
2016-12-29,1.4,88,41,14.2,2.39,0.0,2.0
2016-12-30,2.6,91,25,14.6,3.22,0.0,3.0
2016-12-31,1.9,82,5,16.6,3.28,0.0,4.0
2017-01-01,3.3,78,75,18.8,1.55,0.0,4.0
2017-01-02,1.6,78,91,24.7,0.81,1.4,3.0
2017-01-03,1.5,87,67,28.8,1.62,2.5,1.0
2017-01-04,2.2,90,89,34.0,2.28,10.2,2.0
2017-01-05,-0.5,76,48,29.8,3.84,1.8,0.0
2017-01-06,-12.1,70,13,15.6,4.05,0.0,-10.0
2017-01-07,-9.6,72,26,11.8,4.12,0.0,-10.0
2017-01-08,-8.0,74,9,11.5,4.14,0.0,-6.0
2017-01-09,-4.7,75,49,11.1,3.81,0.0,-4.0
2017-01-10,-4.2,79,31,13.9,3.51,0.0,-6.0
2017-01-11,-3.2,66,12,23.9,4.26,0.0,-4.0
2017-01-12,1.9,84,86,24.6,1.65,2.0,2.0
2017-01-13,2.5,87,92,21.5,2.29,2.4,2.0
2017-01-14,0.7,93,95,19.7,1.61,0.4,2.0
2017-01-15,0.4,90,72,14.7,2.36,0.8,1.0
2017-01-16,0.6,94,69,11.4,2.82,0.9,0.0
2017-01-17,-1.8,91,80,11.1,2.68,0.0,-1.0
2017-01-18,-3.7,87,72,10.2,3.69,0.0,-4.0
2017-01-19,-4.8,85,82,15.8,1.7,0.1,-4.0
2017-01-20,0.4,91,99,17.7,1.71,0.5,1.0
2017-01-21,1.6,98,100,18.0,1.5,0.6,1.0
2017-01-22,1.5,95,86,11.3,2.29,0.2,1.0
2017-01-23,1.8,88,3,13.6,5.01,0.0,3.0
2017-01-24,-0.2,90,85,16.9,1.58,0.6,-1.0
2017-01-25,1.3,92,90,13.6,1.29,0.3,2.0
2017-01-26,0.4,83,47,12.6,4.99,0.0,1.0
2017-01-27,0.8,77,10,10.5,5.44,0.0,1.0
2017-01-28,2.1,69,1,13.6,5.42,0.0,2.0
2017-01-29,-0.1,78,1,13.7,5.78,0.0,1.0
2017-01-30,0.8,77,46,14.1,5.62,0.0,2.0
2017-01-31,1.5,78,69,11.6,5.52,0.0,1.0
2017-02-01,1.0,85,51,10.0,3.05,0.0,0.0
2017-02-02,1.8,94,85,10.2,1.77,1.4,1.0
2017-02-03,1.3,93,88,8.9,2.53,0.0,2.0
2017-02-04,-0.7,89,97,15.4,3.27,0.1,-1.0
2017-02-05,-3.0,84,100,18.1,1.16,1.4,-3.0
2017-02-06,-2.2,80,98,16.4,3.12,0.3,-2.0
2017-02-07,-4.9,75,99,20.0,2.46,3.4,-4.0
2017-02-08,-8.7,75,97,21.3,4.27,1.2,-8.0
2017-02-09,-6.3,79,97,15.4,2.77,0.0,-5.0
2017-02-10,-2.7,68,14,18.6,7.71,0.0,-1.0
2017-02-11,-3.3,82,66,22.8,6.36,0.0,-4.0
2017-02-12,-4.2,80,90,19.9,5.09,0.0,-5.0
2017-02-13,-5.0,81,69,13.0,6.88,0.0,-4.0
2017-02-14,0.1,79,22,15.6,8.06,0.0,-1.0
2017-02-15,2.2,90,61,10.0,4.71,0.0,3.0
2017-02-16,6.3,78,6,13.0,8.43,0.0,10.0
2017-02-17,3.5,94,86,14.4,1.94,2.5,3.0
2017-02-18,3.0,98,100,11.8,2.66,0.5,3.0
2017-02-19,4.1,90,87,20.1,3.84,0.3,4.0
2017-02-20,6.2,83,93,29.4,3.15,1.5,6.0
2017-02-21,7.5,88,85,30.5,2.82,4.5,7.0
2017-02-22,8.6,87,97,33.8,2.0,11.9,9.0
2017-02-23,8.5,79,76,36.1,5.74,3.6,8.0
2017-02-24,8.5,80,86,36.2,3.57,5.4,9.0
2017-02-25,3.8,71,54,26.2,9.22,1.0,3.0
2017-02-26,7.0,67,100,23.7,3.57,1.0,7.0
2017-02-27,12.0,63,77,19.7,8.24,0.0,14.0
2017-02-28,13.2,68,72,19.8,8.97,0.0,13.0
2017-03-01,8.4,77,92,23.0,7.91,7.9,9.0
2017-03-02,9.7,75,55,33.3,5.81,4.7,10.0
2017-03-03,7.5,74,85,28.2,6.15,0.5,8.0
2017-03-04,13.5,67,94,18.1,10.4,0.0,14.0
2017-03-05,15.0,68,67,21.5,9.96,0.1,16.0
2017-03-06,7.5,93,98,22.5,3.32,19.4,8.0
2017-03-07,7.7,89,99,8.8,5.08,0.4,7.0
2017-03-08,6.5,79,79,12.5,9.18,0.1,4.0
2017-03-09,6.5,90,79,12.3,4.31,1.4,7.0
2017-03-10,6.4,88,93,9.3,4.96,0.7,6.0
2017-03-11,6.5,84,79,12.8,6.64,0.8,6.0
2017-03-12,6.8,79,79,16.9,7.94,0.5,7.0
2017-03-13,6.1,82,90,9.7,2.94,0.4,6.0
2017-03-14,7.8,78,82,10.2,7.8,0.0,9.0
2017-03-15,10.8,68,63,29.9,8.97,0.4,12.0
2017-03-16,8.7,68,61,28.7,7.82,0.4,10.0
2017-03-17,11.0,80,82,24.3,10.35,5.0,12.0
2017-03-18,6.0,88,85,34.6,5.75,6.2,6.0
2017-03-19,6.8,71,87,42.2,5.23,0.7,5.0
2017-03-20,9.1,91,100,13.2,3.0,5.8,11.0
2017-03-21,13.0,85,98,18.2,5.63,1.0,13.0
2017-03-22,9.2,82,94,17.2,5.43,2.8,9.0
2017-03-23,10.6,65,86,23.2,10.54,0.1,11.0
2017-03-24,11.3,71,56,16.7,11.14,0.0,12.0
2017-03-25,9.6,71,72,26.2,9.57,0.2,10.0
2017-03-26,8.4,71,53,17.4,13.37,0.0,10.0
2017-03-27,14.5,65,15,20.0,16.33,0.0,17.0
2017-03-28,15.0,74,33,19.8,14.36,0.0,17.0
2017-03-29,15.7,75,67,29.7,13.67,2.2,17.0
2017-03-30,11.0,74,97,21.1,7.75,0.8,9.0
2017-03-31,19.3,78,77,19.1,14.96,3.6,21.0
2017-04-01,21.1,67,45,17.0,17.35,0.0,23.0
2017-04-02,22.2,66,5,18.2,17.61,0.0,24.0
2017-04-03,15.7,78,59,16.9,12.91,0.0,17.0
2017-04-04,18.1,71,32,14.1,16.57,0.0,20.0
2017-04-05,18.8,74,35,21.6,17.26,3.8,21.0
2017-04-06,8.1,81,76,25.7,12.42,8.3,9.0
2017-04-07,7.4,80,96,13.7,4.6,0.4,8.0
2017-04-08,13.2,72,68,20.8,15.63,0.1,15.0
2017-04-09,12.6,79,75,19.1,8.95,0.4,12.0
2017-04-10,19.9,68,14,20.3,19.79,0.1,21.0
2017-04-11,9.8,62,59,33.5,15.86,2.8,12.0
2017-04-12,8.2,82,93,28.3,5.31,5.7,8.0
2017-04-13,11.2,80,75,27.0,15.08,5.8,12.0
2017-04-14,9.8,81,65,31.2,13.03,3.2,9.0
2017-04-15,11.2,82,96,24.5,10.96,5.1,11.0
2017-04-16,7.1,67,58,37.3,14.31,2.4,7.0
2017-04-17,7.8,64,90,18.8,13.44,0.0,9.0
2017-04-18,6.7,57,100,23.8,8.14,2.5,5.0
2017-04-19,7.0,54,95,23.9,13.52,0.0,8.0
2017-04-20,6.1,56,66,17.7,16.57,0.0,8.0
2017-04-21,10.2,71,76,26.1,9.35,0.5,10.0
2017-04-22,9.2,64,63,34.2,15.74,2.7,10.0
2017-04-23,9.9,74,53,23.9,20.56,0.9,10.0
2017-04-24,9.3,68,61,20.5,15.87,1.6,10.0
2017-04-25,17.5,60,96,26.6,14.78,0.9,19.0
2017-04-26,8.8,89,100,12.3,5.14,8.7,8.0
2017-04-27,7.8,84,100,8.8,7.66,2.6,7.0
2017-04-28,5.6,96,100,20.7,1.76,17.8,7.0
2017-04-29,11.2,79,88,24.3,11.05,1.9,12.0
2017-04-30,9.4,77,67,14.5,13.32,0.8,11.0
2017-05-01,12.6,64,86,17.3,15.76,0.0,14.0
2017-05-02,12.1,69,80,20.4,20.16,0.7,13.0
2017-05-03,11.7,81,99,15.9,8.75,1.9,11.0
2017-05-04,16.5,89,100,20.4,7.06,17.5,17.0
2017-05-05,19.7,83,88,10.7,19.84,3.4,22.0
2017-05-06,22.9,81,68,11.9,20.83,2.1,25.0
2017-05-07,14.4,90,96,18.0,10.03,2.1,15.0
2017-05-08,12.4,83,90,20.3,9.41,5.8,10.0
2017-05-09,8.5,66,38,24.8,21.59,1.3,9.0
2017-05-10,10.6,68,78,21.9,18.13,1.4,11.0
2017-05-11,10.7,84,87,17.7,8.73,2.8,13.0
2017-05-12,18.6,77,13,17.1,24.71,0.1,19.0
2017-05-13,19.1,74,66,16.2,21.23,0.0,22.0
2017-05-14,20.1,69,51,15.7,19.55,0.0,22.0
2017-05-15,18.3,74,84,13.2,14.94,5.7,20.0
2017-05-16,19.2,74,37,14.8,20.57,1.6,22.0
2017-05-17,20.7,69,26,8.6,25.96,0.0,23.0
2017-05-18,23.2,64,58,13.8,25.33,0.0,24.0
2017-05-19,24.7,57,3,15.5,26.31,0.0,26.0
2017-05-20,25.7,61,31,14.2,26.16,0.0,28.0
2017-05-21,20.6,74,76,24.7,19.52,0.0,21.0
2017-05-22,20.8,67,88,14.7,20.11,0.0,22.0
2017-05-23,22.2,62,82,19.9,20.2,0.5,23.0
2017-05-24,17.2,83,94,12.3,11.55,6.4,17.0
2017-05-25,19.5,70,47,16.2,22.8,1.6,21.0
2017-05-26,20.6,76,46,16.3,20.13,2.8,21.0
2017-05-27,21.1,68,19,13.6,24.5,0.0,23.0
2017-05-28,25.4,61,12,16.4,27.23,0.0,26.0
2017-05-29,25.9,65,69,22.0,22.12,1.7,27.0
2017-05-30,25.8,69,43,13.4,26.39,0.0,26.0
2017-05-31,21.5,73,50,29.3,16.67,4.3,23.0
2017-06-01,16.7,61,67,25.1,14.33,0.0,17.0
2017-06-02,20.8,58,37,21.9,27.06,0.0,22.0
2017-06-03,20.0,47,37,12.7,27.93,0.0,21.0
2017-06-04,26.7,55,89,23.5,20.84,5.9,27.0
2017-06-05,21.2,67,74,25.3,22.03,0.0,21.0
2017-06-06,24.4,63,63,26.2,18.46,1.0,25.0
2017-06-07,20.6,66,59,22.3,20.67,3.7,22.0
2017-06-08,19.9,62,25,17.9,24.6,0.1,22.0
2017-06-09,24.9,59,58,12.4,17.31,0.0,25.0
2017-06-10,25.7,64,73,19.0,21.54,1.0,27.0
2017-06-11,23.0,63,67,18.2,21.21,0.5,23.0
2017-06-12,26.1,64,72,23.4,14.57,3.5,26.0
2017-06-13,19.2,61,77,33.5,16.61,1.0,19.0
2017-06-14,20.2,60,84,27.7,15.83,0.2,20.0
2017-06-15,21.9,66,34,15.6,23.26,0.6,23.0
2017-06-16,21.0,78,84,17.5,14.24,5.5,24.0
2017-06-17,19.9,70,75,19.5,13.99,1.3,21.0
2017-06-18,23.5,66,53,15.8,26.63,0.0,24.0
2017-06-19,26.8,70,29,19.4,22.91,0.4,29.0
2017-06-20,28.9,63,44,23.8,21.81,0.1,30.0
2017-06-21,22.1,55,43,21.7,27.57,0.0,22.0
2017-06-22,24.1,61,81,20.2,21.46,1.4,24.0
2017-06-23,20.3,80,93,27.9,10.35,13.3,22.0
2017-06-24,22.1,76,95,26.6,11.94,1.0,23.0
2017-06-25,26.4,67,73,19.6,15.83,1.2,26.0
2017-06-26,22.7,72,77,23.4,13.02,0.8,23.0
2017-06-27,23.4,64,68,13.4,17.25,0.0,25.0
2017-06-28,26.3,80,84,18.1,16.77,23.8,28.0
2017-06-29,29.0,67,63,22.8,20.66,4.9,29.0
2017-06-30,22.7,68,54,34.1,18.99,7.4,24.0
2017-07-01,23.0,63,44,23.5,23.0,1.0,25.0
2017-07-02,20.1,79,89,25.9,8.83,4.9,23.0
2017-07-03,18.5,67,64,24.3,16.06,1.2,20.0
2017-07-04,18.9,70,61,27.3,14.9,4.2,20.0
2017-07-05,16.9,76,77,16.2,11.94,1.9,19.0
2017-07-06,19.9,70,53,16.9,22.49,0.3,22.0
2017-07-07,23.1,63,66,12.4,20.22,2.3,24.0
2017-07-08,23.1,76,80,12.8,20.82,3.9,23.0
2017-07-09,23.7,76,37,17.8,21.25,2.8,25.0
2017-07-10,28.9,67,74,20.2,22.55,1.6,30.0
2017-07-11,25.7,83,84,21.2,15.79,2.7,26.0
2017-07-12,24.5,78,69,14.9,19.63,0.8,26.0
2017-07-13,19.7,79,81,28.6,7.95,20.8,21.0
2017-07-14,19.6,69,70,15.3,19.81,0.1,21.0
2017-07-15,20.2,71,84,11.2,19.48,2.2,22.0
2017-07-16,21.6,72,53,12.7,21.86,0.8,24.0
2017-07-17,21.6,73,73,21.5,11.96,2.6,23.0
2017-07-18,22.0,66,61,14.5,22.86,0.0,23.0
2017-07-19,25.5,66,53,9.0,24.55,0.4,27.0
2017-07-20,23.8,85,79,10.1,13.36,2.3,24.0
2017-07-21,25.6,91,84,13.7,12.68,14.5,25.0
2017-07-22,24.5,79,59,12.5,19.95,1.9,27.0
2017-07-23,26.9,78,76,15.6,17.24,5.5,27.0
2017-07-24,25.6,70,74,13.6,21.39,0.0,28.0
2017-07-25,20.3,85,96,18.9,6.74,15.2,23.0
2017-07-26,21.5,76,76,19.0,16.3,0.8,21.0
2017-07-27,23.3,71,39,15.5,19.98,0.2,26.0
2017-07-28,22.5,84,79,14.4,18.18,8.2,24.0
2017-07-29,22.8,73,37,17.1,21.29,0.0,25.0
2017-07-30,29.6,61,12,15.3,25.21,0.0,30.0
2017-07-31,30.7,67,44,15.9,21.28,3.8,31.0
2017-08-01,34.3,61,19,16.5,22.96,1.7,34.0
2017-08-02,28.2,63,73,18.1,18.66,0.0,28.0
2017-08-03,30.1,70,85,14.3,14.12,1.4,30.0
2017-08-04,28.5,63,56,20.3,18.72,0.3,28.0
2017-08-05,27.1,58,28,21.0,20.16,0.0,27.0
2017-08-06,23.9,61,74,21.6,19.11,0.8,23.0
2017-08-07,22.8,57,95,11.6,18.8,0.0,23.0
2017-08-08,24.9,55,13,21.1,24.2,0.0,25.0
2017-08-09,29.0,58,37,18.9,18.81,0.0,30.0
2017-08-10,30.9,74,78,25.8,15.37,15.2,32.0
2017-08-11,31.8,76,55,21.3,19.56,6.3,34.0
2017-08-12,25.0,79,69,19.2,12.5,3.9,25.0
2017-08-13,21.8,69,84,16.1,13.74,0.0,22.0
2017-08-14,21.8,65,19,18.1,22.54,0.0,23.0
2017-08-15,23.6,59,18,13.2,22.27,0.0,25.0
2017-08-16,27.0,55,40,12.7,22.32,0.0,29.0
2017-08-17,24.7,77,68,14.0,15.33,0.2,24.0
2017-08-18,29.7,67,82,13.4,19.84,0.0,30.0
2017-08-19,26.5,77,71,22.1,12.09,9.8,27.0
2017-08-20,17.4,96,100,9.6,3.91,8.5,17.0
2017-08-21,18.6,80,49,15.5,15.66,4.0,19.0
2017-08-22,18.2,89,82,19.3,11.92,8.7,18.0
2017-08-23,19.0,83,43,20.5,15.81,2.1,19.0
2017-08-24,20.7,73,32,20.3,18.37,0.0,21.0
2017-08-25,22.6,73,75,19.8,15.65,1.4,24.0
2017-08-26,23.3,70,40,9.6,20.68,0.0,24.0
2017-08-27,22.8,78,62,22.3,11.97,11.4,26.0
2017-08-28,19.5,79,50,17.4,12.32,0.3,20.0
2017-08-29,20.3,74,33,10.5,19.89,0.0,22.0
2017-08-30,24.0,66,4,14.7,20.23,0.0,25.0
2017-08-31,28.3,63,8,15.5,19.7,0.0,29.0
2017-09-01,19.1,89,74,18.2,6.35,4.7,20.0
2017-09-02,16.1,87,99,21.1,3.32,3.7,16.0
2017-09-03,15.2,91,100,11.8,3.7,4.3,16.0
2017-09-04,16.3,86,100,24.3,6.42,2.7,15.0
2017-09-05,17.6,90,97,18.9,5.52,11.8,19.0
2017-09-06,15.4,94,98,10.4,3.48,6.1,16.0
2017-09-07,15.7,87,100,28.7,4.01,7.9,15.0
2017-09-08,18.9,74,89,21.5,12.18,1.6,20.0
2017-09-09,23.2,64,64,18.4,17.36,0.0,24.0
2017-09-10,23.5,78,72,18.4,13.23,0.3,25.0
2017-09-11,24.5,90,98,16.9,7.51,16.5,23.0
2017-09-12,17.7,93,99,14.5,3.58,14.5,19.0
2017-09-13,18.4,69,66,30.3,12.84,0.5,19.0
2017-09-14,19.4,75,91,26.8,7.01,4.2,19.0
2017-09-15,15.9,75,71,28.7,8.63,1.5,15.0
2017-09-16,17.0,82,95,13.3,6.42,1.1,17.0
2017-09-17,15.1,95,100,17.6,3.8,18.0,15.0
2017-09-18,15.1,84,82,38.6,7.0,23.2,16.0
2017-09-19,17.3,75,58,10.8,12.8,0.0,18.0
2017-09-20,12.5,92,100,15.5,2.36,3.7,13.0
2017-09-21,12.2,96,100,19.6,1.4,7.4,12.0
2017-09-22,15.1,93,100,14.1,3.11,5.3,16.0
2017-09-23,18.2,84,89,19.8,8.01,2.8,19.0
2017-09-24,17.5,80,92,18.0,9.94,1.1,18.0
2017-09-25,16.3,84,81,21.1,5.92,2.4,16.0
2017-09-26,19.8,80,69,17.9,11.79,0.0,22.0
2017-09-27,17.9,67,76,21.0,13.48,0.0,19.0
2017-09-28,16.8,70,31,19.3,14.11,0.0,18.0
2017-09-29,15.4,65,59,18.7,12.38,0.0,16.0
2017-09-30,15.2,67,21,16.3,13.53,0.0,16.0
2017-10-01,14.7,74,0,16.2,13.95,0.0,15.0
2017-10-02,15.9,77,29,19.1,13.55,0.0,17.0
2017-10-03,13.4,90,95,20.1,2.14,13.0,12.0
2017-10-04,13.6,83,75,25.7,6.39,1.5,14.0
2017-10-05,11.2,90,98,31.2,2.64,14.7,12.0
2017-10-06,11.5,88,80,36.7,7.26,8.0,12.0
2017-10-07,12.1,88,60,19.2,6.71,0.9,13.0
2017-10-08,12.2,89,78,20.6,2.24,6.9,14.0
2017-10-09,11.2,76,57,32.1,7.73,0.8,12.0
2017-10-10,11.6,79,84,26.6,6.05,9.7,12.0
2017-10-11,13.8,94,97,25.4,1.89,9.2,14.0
2017-10-12,16.4,80,87,25.9,5.29,1.3,18.0
2017-10-13,13.7,66,68,37.8,6.56,0.1,13.0
2017-10-14,15.8,85,96,22.3,3.66,1.0,16.0
2017-10-15,17.3,89,98,26.7,4.07,0.6,18.0
2017-10-16,20.7,86,4,15.8,10.17,0.0,22.0
2017-10-17,20.7,86,14,12.3,9.6,0.0,23.0
2017-10-18,19.2,84,48,10.9,9.56,0.0,20.0
2017-10-19,17.5,89,79,12.2,7.29,0.0,18.0
2017-10-20,16.3,85,95,12.8,4.62,0.0,17.0
2017-10-21,14.0,95,84,12.8,4.68,4.7,13.0
2017-10-22,11.0,93,100,20.5,2.06,1.9,11.0
2017-10-23,9.1,95,100,13.6,1.34,0.7,9.0
2017-10-24,7.3,82,100,14.0,4.29,0.2,7.0
2017-10-25,13.0,91,100,21.9,1.28,6.2,13.0
2017-10-26,12.7,84,95,27.2,3.99,1.2,14.0
2017-10-27,11.2,89,83,22.7,4.82,8.2,12.0
2017-10-28,8.8,90,97,35.7,1.81,7.1,9.0
2017-10-29,8.6,85,91,37.6,2.27,18.3,9.0
2017-10-30,6.4,63,63,40.1,5.75,0.2,6.0
2017-10-31,6.1,67,57,27.8,6.81,0.0,7.0
2017-11-01,8.5,91,100,23.0,1.17,2.5,9.0
2017-11-02,9.9,96,99,25.2,1.34,7.7,10.0
2017-11-03,10.3,92,94,18.4,2.08,1.2,11.0
2017-11-04,11.4,85,75,17.1,5.58,0.0,13.0
2017-11-05,12.0,76,67,18.0,6.09,0.0,13.0
2017-11-06,12.7,82,84,15.3,4.82,0.0,14.0
2017-11-07,9.8,89,98,15.9,1.57,0.4,9.0
2017-11-08,7.2,76,96,22.0,3.04,0.0,7.0
2017-11-09,7.8,83,100,13.8,2.61,0.0,7.0
2017-11-10,8.6,86,99,24.3,2.03,3.9,9.0
2017-11-11,6.5,86,87,27.3,3.69,3.8,7.0
2017-11-12,5.7,85,95,22.1,3.02,0.1,5.0
2017-11-13,3.6,93,93,14.1,1.14,3.4,4.0
2017-11-14,4.9,87,80,15.9,3.14,0.1,5.0
2017-11-15,7.1,83,91,18.4,1.83,0.0,8.0
2017-11-16,7.4,93,97,10.9,1.26,0.4,7.0
2017-11-17,7.0,89,87,11.6,3.93,0.5,7.0
2017-11-18,5.5,88,77,19.3,3.5,0.3,6.0
2017-11-19,5.1,88,92,25.3,2.93,4.5,6.0
2017-11-20,3.6,90,88,28.3,2.73,6.1,3.0
2017-11-21,2.7,94,79,12.8,2.47,0.8,3.0
2017-11-22,3.0,97,97,16.8,1.31,4.2,3.0
2017-11-23,8.0,93,76,17.3,4.28,0.1,10.0
2017-11-24,10.1,85,56,16.0,4.02,0.1,11.0
2017-11-25,9.8,87,96,19.3,3.38,4.3,11.0
2017-11-26,7.1,88,98,22.3,1.87,0.9,7.0
2017-11-27,4.5,86,67,16.8,2.27,0.0,4.0
2017-11-28,4.2,75,78,21.8,2.78,0.1,4.0
2017-11-29,3.0,92,91,12.4,0.78,5.7,3.0
2017-11-30,1.2,97,99,16.0,0.83,13.1,1.0
2017-12-01,1.8,95,99,24.1,1.21,4.4,1.0
2017-12-02,2.8,95,87,14.2,2.52,0.6,3.0
2017-12-03,1.0,97,85,10.8,1.89,0.0,2.0
2017-12-04,1.8,92,86,20.8,1.27,2.4,2.0
2017-12-05,5.7,93,92,26.6,1.62,2.2,6.0
2017-12-06,6.1,96,100,31.1,0.4,8.1,6.0
2017-12-07,6.2,86,88,25.9,1.68,0.9,6.0
2017-12-08,5.8,75,75,22.5,0.95,0.4,6.0
2017-12-09,1.9,81,84,17.1,1.75,0.0,2.0
2017-12-10,2.0,78,72,22.0,2.92,0.0,3.0
2017-12-11,7.1,78,97,25.7,1.9,2.3,6.0
2017-12-12,11.2,71,79,33.5,1.94,0.0,11.0
2017-12-13,4.0,72,72,24.7,2.17,0.0,5.0
2017-12-14,4.3,78,84,30.7,0.89,2.3,5.0
2017-12-15,2.6,86,92,21.7,1.0,5.7,4.0
2017-12-16,2.1,95,98,15.7,1.67,0.1,2.0
2017-12-17,2.6,92,66,13.9,2.29,0.6,3.0
2017-12-18,0.1,95,93,9.8,1.49,0.0,1.0
2017-12-19,-0.8,86,79,15.6,1.95,0.0,-1.0
2017-12-20,1.0,91,89,14.4,1.08,0.6,1.0
2017-12-21,2.3,93,99,20.9,0.62,4.6,3.0
2017-12-22,3.6,95,96,24.0,1.39,4.0,5.0
2017-12-23,7.2,96,100,32.8,0.45,6.5,8.0
2017-12-24,9.0,92,100,39.4,0.62,3.9,9.0
2017-12-25,8.9,84,100,32.8,0.46,0.8,9.0
2017-12-26,6.4,85,42,15.8,3.48,0.0,8.0
2017-12-27,5.5,86,57,20.5,3.28,0.0,6.0
2017-12-28,8.4,80,89,21.9,2.51,0.9,9.0
2017-12-29,3.9,94,89,24.0,1.0,6.1,4.0
2017-12-30,2.4,87,35,19.5,3.72,0.0,3.0
2017-12-31,7.4,89,97,26.4,0.92,5.3,
2018-01-01,9.6,85,88,19.9,1.63,0.5,10.0
2018-01-02,5.2,94,42,12.6,3.69,0.7,4.0
2018-01-03,4.7,91,97,24.4,2.02,4.3,6.0
2018-01-04,7.2,82,64,24.7,2.75,0.4,8.0
2018-01-05,8.5,80,81,24.7,2.26,1.7,9.0
2018-01-06,9.2,90,83,19.7,3.21,0.0,10.0
2018-01-07,3.6,89,80,18.6,1.41,1.1,4.0
2018-01-08,-0.7,86,13,7.9,4.19,0.0,2.0
2018-01-09,1.7,79,36,20.4,4.17,0.0,2.0
2018-01-10,3.7,68,98,19.6,2.55,0.0,2.0
2018-01-11,2.4,86,98,16.8,1.47,0.0,2.0
2018-01-12,-0.5,77,95,18.8,2.5,0.0,0.0
2018-01-13,-0.8,72,44,21.3,4.17,0.0,-1.0
2018-01-14,-2.7,63,40,17.8,4.65,0.0,-4.0
2018-01-15,-4.4,60,20,19.8,4.67,0.0,-4.0
2018-01-16,-0.7,70,57,26.7,3.13,1.5,-3.0
2018-01-17,1.4,88,99,28.5,1.85,7.0,2.0
2018-01-18,1.6,89,99,31.0,2.4,4.5,3.0
2018-01-19,2.2,93,95,31.1,2.71,5.4,2.0
2018-01-20,0.6,93,87,13.4,3.23,1.1,1.0
2018-01-21,-1.5,93,82,10.5,4.19,0.7,0.0
2018-01-22,-2.0,90,83,13.7,4.29,0.4,-1.0
2018-01-23,-3.2,89,93,13.6,3.12,0.0,-3.0
2018-01-24,3.2,90,97,20.2,1.33,0.7,3.0
2018-01-25,6.1,85,88,18.5,4.32,0.0,6.0
2018-01-26,4.5,85,94,13.7,4.08,0.0,3.0
2018-01-27,3.6,96,94,10.8,1.99,0.5,3.0
2018-01-28,6.1,93,98,25.9,1.69,2.6,7.0
2018-01-29,9.7,90,100,34.9,0.67,5.9,10.0
2018-01-30,7.6,83,77,40.3,3.55,6.3,8.0
2018-01-31,5.6,77,90,21.8,4.67,0.1,6.0
2018-02-01,6.5,91,100,22.1,1.48,6.2,5.0
2018-02-02,4.8,90,100,12.3,4.53,2.6,3.0
2018-02-03,3.8,90,74,9.7,6.38,0.0,1.0
2018-02-04,0.2,82,98,17.0,2.92,0.2,1.0
2018-02-05,-1.5,60,77,18.5,6.12,0.9,-1.0
2018-02-06,-0.6,72,34,17.0,5.95,0.0,-2.0
2018-02-07,1.3,70,49,14.1,7.19,0.0,1.0
2018-02-08,1.3,82,93,14.1,4.78,1.8,0.0
2018-02-09,0.3,83,80,10.8,4.77,0.0,-2.0
2018-02-10,-0.1,80,83,7.2,5.54,0.0,-2.0
2018-02-11,1.4,78,96,17.8,3.98,0.0,0.0
2018-02-12,3.4,83,93,17.4,2.93,0.0,2.0
2018-02-13,3.3,84,95,8.6,5.79,0.0,4.0
2018-02-14,1.6,86,91,16.3,3.26,1.2,2.0
2018-02-15,0.1,79,72,11.0,7.52,0.1,-2.0
2018-02-16,2.9,82,76,18.8,2.7,0.5,2.0
2018-02-17,2.8,89,71,20.9,2.62,0.4,2.0
2018-02-18,2.3,77,71,17.7,6.12,0.1,2.0
2018-02-19,2.8,72,98,8.5,5.73,0.0,2.0
2018-02-20,3.4,68,68,16.7,9.69,0.0,4.0
2018-02-21,2.8,67,67,16.5,7.0,0.0,1.0
2018-02-22,-2.0,61,85,13.4,10.11,0.0,-2.0
2018-02-23,-2.6,60,58,14.0,9.29,0.0,-1.0
2018-02-24,-4.2,61,89,24.4,8.77,1.5,-4.0
2018-02-25,-7.3,59,68,17.3,8.92,0.0,-7.0
2018-02-26,-8.3,57,66,11.2,9.36,0.0,-10.0
2018-02-27,-7.8,55,65,20.8,8.23,0.0,-9.0
2018-02-28,-7.4,57,99,18.8,9.42,0.0,-6.0
2018-03-01,-8.5,58,65,13.7,10.1,0.1,-7.0
2018-03-02,-7.3,65,42,14.8,10.35,0.0,-7.0
2018-03-03,-6.0,65,53,12.9,5.81,0.3,-6.0
2018-03-04,-0.4,70,3,12.9,12.11,0.0,0.0
2018-03-05,4.6,58,51,17.1,11.72,0.0,4.0
2018-03-06,5.9,73,99,17.6,8.09,2.3,6.0
2018-03-07,7.0,90,95,13.5,5.96,0.4,4.0
2018-03-08,9.1,84,71,18.2,8.98,0.8,9.0
2018-03-09,8.3,83,49,24.1,8.11,2.9,9.0
2018-03-10,9.5,77,64,14.4,12.01,0.3,10.0
2018-03-11,14.5,80,79,16.2,8.6,0.0,16.0
2018-03-12,13.5,87,73,24.1,6.43,3.4,16.0
2018-03-13,12.8,78,78,28.3,7.6,0.8,14.0
2018-03-14,8.4,89,79,18.3,5.06,0.3,9.0
2018-03-15,3.2,81,97,13.6,4.34,0.1,3.0
2018-03-16,0.0,66,99,29.0,2.9,3.1,0.0
2018-03-17,-1.9,47,84,26.0,13.56,1.4,-2.0
2018-03-18,-1.1,43,15,26.8,16.55,0.0,0.0
2018-03-19,0.3,47,51,16.7,15.99,0.0,1.0
2018-03-20,2.2,49,86,17.1,12.51,0.0,3.0
2018-03-21,2.3,59,52,25.2,9.81,0.1,4.0
2018-03-22,5.6,62,80,20.5,10.47,0.0,6.0
2018-03-23,3.9,82,86,10.6,5.4,0.3,4.0
2018-03-24,6.8,74,77,10.3,9.68,0.0,8.0
2018-03-25,10.6,67,40,12.5,15.42,0.0,12.0
2018-03-26,9.4,72,41,12.7,12.73,0.0,10.0
2018-03-27,4.5,80,94,16.9,7.14,0.7,6.0
2018-03-28,3.9,69,99,18.4,6.97,0.0,5.0
2018-03-29,6.2,91,99,20.9,3.26,6.6,6.0
2018-03-30,11.4,70,70,25.1,15.03,0.3,12.0
2018-03-31,12.8,87,89,20.7,8.39,5.7,11.0
2018-04-01,8.2,95,100,29.9,2.21,6.8,9.0
2018-04-02,6.5,72,88,33.9,7.01,1.1,8.0
2018-04-03,14.6,71,63,18.2,11.6,0.0,16.0
2018-04-04,20.1,71,76,16.8,16.76,0.0,22.0
2018-04-05,18.4,66,72,18.9,17.0,0.0,20.0
2018-04-06,11.1,59,36,23.3,19.05,0.1,12.0
2018-04-07,15.0,60,0,17.1,20.05,0.0,17.0
2018-04-08,21.9,65,1,21.1,19.22,0.0,24.0
2018-04-09,24.5,61,12,22.3,18.95,0.0,26.0
2018-04-10,23.3,72,21,15.9,17.96,0.4,26.0
2018-04-11,18.1,74,43,19.5,17.56,0.2,19.0
2018-04-12,21.2,73,45,22.8,19.36,0.0,22.0
2018-04-13,23.0,73,33,26.9,19.86,1.0,24.0
2018-04-14,20.5,71,37,18.8,19.46,0.0,21.0
2018-04-15,23.5,65,67,18.2,20.26,0.0,24.0
2018-04-16,22.7,70,92,13.0,12.96,1.9,24.0
2018-04-17,16.8,83,76,23.1,5.61,0.9,17.0
2018-04-18,19.4,67,23,21.9,20.59,0.0,18.0
2018-04-19,20.0,61,22,24.8,21.32,0.0,21.0
2018-04-20,20.6,58,6,13.9,22.15,0.0,21.0
2018-04-21,23.3,45,10,26.4,22.19,0.0,23.0
2018-04-22,18.8,55,44,16.9,22.94,0.0,19.0
2018-04-23,21.7,55,68,16.3,18.91,0.4,21.0
2018-04-24,19.2,67,92,24.5,14.56,1.4,19.0
2018-04-25,22.8,63,81,31.8,12.42,0.1,23.0
2018-04-26,16.6,56,48,25.8,17.83,0.1,17.0
2018-04-27,14.5,65,43,16.7,17.19,0.6,16.0
2018-04-28,23.5,55,48,17.6,21.1,0.0,23.0
2018-04-29,27.6,59,50,20.8,20.82,0.6,28.0
2018-04-30,28.3,59,54,24.0,18.9,0.1,28.0
2018-05-01,23.9,70,47,13.5,18.66,3.0,26.0
2018-05-02,20.9,57,95,18.7,13.21,0.0,21.0
2018-05-03,29.8,57,38,17.8,22.39,2.9,30.0
2018-05-04,21.7,60,58,22.4,23.73,0.0,22.0
2018-05-05,19.1,43,40,18.8,25.13,0.0,20.0
2018-05-06,20.3,52,16,17.8,25.31,0.0,21.0
2018-05-07,22.7,51,0,17.6,25.67,0.0,23.0
2018-05-08,25.9,43,3,20.1,25.34,0.0,26.0
2018-05-09,27.5,44,29,17.8,23.27,0.2,28.0
2018-05-10,27.7,54,29,19.1,22.87,0.7,28.0
2018-05-11,26.4,57,40,17.7,20.92,1.0,27.0
2018-05-12,24.3,38,45,15.4,25.24,0.0,24.0
2018-05-13,26.4,39,46,26.6,22.59,0.0,27.0
2018-05-14,20.2,51,54,26.4,20.22,1.1,21.0
2018-05-15,19.9,65,75,15.1,13.41,0.0,21.0
2018-05-16,20.3,87,95,15.5,9.25,12.8,20.0
2018-05-17,19.0,89,78,12.7,13.93,9.4,20.0
2018-05-18,18.8,81,60,21.4,15.88,9.5,19.0
2018-05-19,19.1,69,58,17.7,14.95,0.0,20.0
2018-05-20,20.4,54,32,15.8,26.5,0.0,22.0
2018-05-21,20.8,51,35,19.1,21.59,0.0,22.0
2018-05-22,20.7,72,39,15.5,20.07,0.8,23.0
2018-05-23,23.5,64,21,15.5,27.78,0.0,25.0
2018-05-24,23.1,59,42,18.7,21.8,0.0,24.0
2018-05-25,21.4,67,46,13.6,21.02,4.2,23.0
2018-05-26,22.5,86,88,14.8,11.92,12.6,21.0
2018-05-27,26.1,70,41,11.6,22.95,6.0,27.0
2018-05-28,27.2,54,20,15.6,27.93,0.0,28.0
2018-05-29,28.1,47,1,20.2,28.72,0.0,28.0
2018-05-30,29.6,51,11,15.1,26.64,0.0,30.0
2018-05-31,30.1,48,30,16.0,22.7,0.0,31.0
2018-06-01,29.0,46,61,15.5,18.79,0.0,31.0
2018-06-02,25.7,72,70,12.8,20.48,6.1,26.0
2018-06-03,24.6,78,40,15.5,21.25,8.5,27.0
2018-06-04,27.3,65,46,14.2,21.83,0.3,29.0
2018-06-05,23.8,63,45,21.7,21.28,1.3,24.0
2018-06-06,17.0,46,2,18.8,29.66,0.0,18.0
2018-06-07,22.4,46,0,12.6,29.43,0.0,23.0
2018-06-08,27.0,48,0,11.1,29.14,0.0,29.0
2018-06-09,28.9,43,45,12.8,28.13,0.0,30.0
2018-06-10,30.0,45,63,14.1,24.44,0.0,32.0
2018-06-11,24.5,71,68,15.9,15.99,7.1,28.0
2018-06-12,23.8,71,61,21.6,17.84,1.7,25.0
2018-06-13,21.0,69,78,14.6,14.83,0.3,22.0
2018-06-14,22.5,65,69,17.0,21.19,0.3,24.0
2018-06-15,24.5,62,42,15.5,22.77,0.1,27.0
2018-06-16,25.2,59,62,11.0,19.31,0.1,27.0
2018-06-17,28.0,52,61,10.9,19.16,0.0,29.0
2018-06-18,25.2,64,57,11.7,17.32,0.4,29.0
2018-06-19,27.0,59,46,21.6,21.11,0.0,29.0
2018-06-20,27.4,54,54,18.4,20.54,0.0,29.0
2018-06-21,30.6,55,44,28.4,23.32,1.1,32.0
2018-06-22,18.2,50,91,26.7,21.18,0.0,20.0
2018-06-23,18.4,65,63,20.8,21.45,6.2,19.0
2018-06-24,16.3,80,91,22.0,14.03,10.4,18.0
2018-06-25,16.1,89,83,21.5,10.06,9.1,17.0
2018-06-26,16.9,88,68,11.7,13.82,5.4,19.0
2018-06-27,23.2,76,76,20.5,19.81,0.2,26.0
2018-06-28,25.5,61,68,24.5,17.12,0.9,27.0
2018-06-29,27.1,61,48,24.8,25.11,0.0,30.0
2018-06-30,17.9,60,63,26.6,17.01,1.1,20.0
2018-07-01,17.4,60,84,27.3,17.06,0.3,17.0
2018-07-02,14.1,79,96,29.0,5.58,2.8,15.0
2018-07-03,21.8,63,68,21.6,19.33,0.3,24.0
2018-07-04,25.9,58,44,19.6,21.37,0.0,28.0
2018-07-05,29.9,47,12,17.8,27.82,0.0,33.0
2018-07-06,26.8,59,21,21.2,26.27,0.0,27.0
2018-07-07,26.8,60,40,17.9,25.42,0.1,27.0
2018-07-08,25.7,70,68,15.1,22.37,9.4,27.0
2018-07-09,25.9,53,24,15.6,27.83,0.0,27.0
2018-07-10,27.2,47,64,14.3,17.38,0.0,30.0
2018-07-11,25.4,59,94,12.8,14.54,0.9,27.0
2018-07-12,23.1,77,70,15.8,18.38,11.6,25.0
2018-07-13,22.6,79,75,18.7,21.1,7.5,23.0
2018-07-14,20.6,93,95,27.2,9.5,21.4,22.0
2018-07-15,23.2,91,98,15.8,9.01,23.1,22.0
2018-07-16,22.2,90,94,16.4,13.59,21.7,24.0
2018-07-17,22.3,91,94,13.3,9.44,4.9,24.0
2018-07-18,26.1,89,97,14.8,12.8,13.5,30.0
2018-07-19,26.7,83,71,15.6,19.92,3.9,28.0
2018-07-20,25.8,77,64,17.1,19.7,0.2,29.0
2018-07-21,25.4,74,22,12.7,23.9,0.4,28.0
2018-07-22,27.4,68,15,12.2,24.79,0.0,29.0
2018-07-23,27.0,65,43,17.3,23.99,0.0,29.0
2018-07-24,27.5,61,13,17.2,25.74,0.0,29.0
2018-07-25,27.0,74,30,14.8,20.54,0.8,29.0
2018-07-26,27.1,76,42,12.8,20.87,1.1,30.0
2018-07-27,28.1,74,51,14.7,20.47,1.7,30.0
2018-07-28,27.3,81,33,9.7,20.15,1.0,30.0
2018-07-29,28.1,84,65,13.4,17.86,5.2,30.0
2018-07-30,30.0,74,34,11.2,22.59,0.4,32.0
2018-07-31,30.5,74,50,13.7,22.65,0.0,32.0
2018-08-01,29.7,75,42,11.3,21.92,0.1,32.0
2018-08-02,31.1,67,28,11.6,23.53,0.0,33.0
2018-08-03,30.8,71,57,11.9,18.69,2.2,32.0
2018-08-04,29.9,65,29,11.8,22.68,0.4,32.0
2018-08-05,27.4,66,48,19.8,19.6,1.8,27.0
2018-08-06,23.9,65,24,18.2,17.77,1.0,24.0
2018-08-07,27.8,62,17,8.4,24.13,0.0,29.0
2018-08-08,30.4,53,7,17.8,24.57,0.0,31.0
2018-08-09,31.9,55,52,20.5,19.83,0.1,33.0
2018-08-10,32.5,63,54,22.0,19.82,6.6,32.0
2018-08-11,21.1,86,82,12.8,6.99,17.3,22.0
2018-08-12,22.5,59,30,18.9,22.58,0.0,23.0
2018-08-13,28.8,64,45,14.5,21.11,0.0,29.0
2018-08-14,27.5,69,70,17.5,19.07,0.5,27.0
2018-08-15,24.1,74,55,19.7,16.52,1.4,24.0
2018-08-16,24.7,73,27,11.8,19.4,0.0,26.0
2018-08-17,26.5,69,26,11.7,17.09,0.4,27.0
2018-08-18,27.2,71,62,8.8,17.28,0.2,28.0
2018-08-19,27.6,73,72,11.8,16.31,0.2,28.0
2018-08-20,30.6,63,12,20.6,19.61,0.0,31.0
2018-08-21,22.9,60,39,17.6,19.86,0.0,23.0
2018-08-22,23.2,58,45,11.4,17.07,0.0,24.0
2018-08-23,28.4,55,6,16.8,21.06,0.0,29.0
2018-08-24,29.4,68,72,17.1,14.65,4.7,31.0
2018-08-25,19.2,94,94,13.5,5.21,12.0,19.0
2018-08-26,15.7,93,82,13.1,4.3,4.3,16.0
2018-08-27,20.1,72,32,10.1,18.58,0.2,21.0
2018-08-28,21.3,65,59,14.8,13.83,0.3,21.0
2018-08-29,21.9,74,17,9.5,18.47,0.1,23.0
2018-08-30,25.0,65,30,15.9,19.82,0.0,25.0
2018-08-31,21.6,79,60,17.1,14.17,4.4,22.0
2018-09-01,23.8,73,57,12.5,18.5,0.0,25.0
2018-09-02,25.9,70,68,14.3,17.3,0.0,28.0
2018-09-03,24.8,73,48,15.8,17.54,0.0,26.0
2018-09-04,24.7,71,41,12.6,15.85,0.4,26.0
2018-09-05,23.1,80,33,12.8,13.99,0.1,23.0
2018-09-06,24.0,75,35,10.6,16.33,0.0,24.0
2018-09-07,25.5,71,22,13.1,16.38,0.0,27.0
2018-09-08,22.4,84,40,15.9,13.01,2.6,24.0
2018-09-09,20.8,87,73,9.9,11.26,0.6,22.0
2018-09-10,23.3,77,54,8.7,16.96,0.0,25.0
2018-09-11,23.9,67,93,14.0,10.95,0.0,24.0
2018-09-12,27.9,59,44,16.8,15.73,0.0,29.0
2018-09-13,21.5,74,63,15.9,15.08,0.5,23.0
2018-09-14,17.9,88,98,11.7,4.69,5.5,19.0
2018-09-15,19.2,80,72,17.8,7.33,0.5,20.0
2018-09-16,18.9,67,51,12.6,13.66,0.1,20.0
2018-09-17,23.0,69,67,12.7,15.96,0.0,23.0
2018-09-18,25.6,73,91,14.8,14.93,0.0,26.0
2018-09-19,27.3,61,17,15.2,15.69,0.0,28.0
2018-09-20,28.3,67,15,10.3,15.23,0.0,29.0
2018-09-21,26.9,61,29,20.3,14.67,0.0,28.0
2018-09-22,20.6,64,62,27.2,9.88,1.2,20.0
2018-09-23,14.6,76,74,20.1,5.2,11.7,14.0
2018-09-24,12.5,84,78,37.2,10.81,21.9,13.0
2018-09-25,11.8,67,21,26.9,11.92,0.1,12.0
2018-09-26,13.4,66,78,26.1,10.64,0.9,14.0
2018-09-27,17.9,69,77,26.2,8.23,1.2,18.0
2018-09-28,18.8,74,53,23.0,9.42,0.6,19.0
2018-09-29,13.2,69,25,14.0,12.79,0.1,15.0
2018-09-30,14.6,60,12,14.5,13.77,0.0,16.0
2018-10-01,16.4,68,15,15.7,13.65,0.0,18.0
2018-10-02,12.5,69,67,23.7,10.21,0.1,14.0
2018-10-03,11.8,74,60,34.2,8.86,2.7,12.0
2018-10-04,12.6,72,46,25.1,8.99,0.3,14.0
2018-10-05,17.1,69,31,17.1,11.39,0.0,17.0
2018-10-06,20.1,68,26,18.4,12.56,0.0,20.0
2018-10-07,21.1,70,43,25.5,9.89,0.0,21.0
2018-10-08,12.7,80,77,12.9,8.89,0.0,14.0
2018-10-09,15.7,83,74,10.9,10.39,0.0,16.0
2018-10-10,18.9,84,20,10.7,11.44,0.0,20.0
2018-10-11,20.1,75,2,15.6,11.01,0.0,22.0
2018-10-12,20.8,71,13,15.6,10.99,0.0,22.0
2018-10-13,20.6,76,0,12.2,11.01,0.0,22.0
2018-10-14,20.0,75,0,16.0,10.96,0.0,21.0
2018-10-15,19.6,71,29,15.1,10.77,0.0,20.0
2018-10-16,19.4,72,22,12.9,10.29,0.1,20.0
2018-10-17,19.8,74,48,10.7,9.66,0.0,21.0
2018-10-18,19.7,76,49,8.0,9.67,0.0,22.0
2018-10-19,15.3,87,43,12.9,7.2,0.0,14.0
2018-10-20,10.8,97,94,9.2,1.98,9.5,11.0
2018-10-21,12.1,85,74,10.7,7.54,0.2,14.0
2018-10-22,11.9,86,68,17.9,7.84,1.0,11.0
2018-10-23,8.3,92,87,36.1,1.52,12.6,9.0
2018-10-24,8.2,70,64,40.7,5.7,5.4,9.0
2018-10-25,10.6,83,70,32.2,2.42,4.7,10.0
2018-10-26,10.2,77,81,20.8,3.77,0.7,10.0
2018-10-27,11.6,73,99,23.2,4.17,0.0,12.0
2018-10-28,7.0,86,99,23.7,1.58,10.3,7.0
2018-10-29,12.4,95,94,26.0,2.7,13.5,12.0
2018-10-30,20.6,76,58,28.7,5.83,0.1,22.0
2018-10-31,16.3,73,9,18.2,7.63,0.0,18.0
2018-11-01,15.8,80,56,21.7,7.01,0.0,16.0
2018-11-02,18.6,77,52,18.8,6.88,0.0,19.0
2018-11-03,10.1,94,92,14.4,1.16,6.5,10.0
2018-11-04,12.7,91,95,16.9,2.47,0.0,12.0
2018-11-05,13.3,93,61,14.7,4.47,0.0,13.0
2018-11-06,15.5,84,1,16.1,6.73,0.0,16.0
2018-11-07,13.7,89,1,16.0,6.56,0.0,14.0
2018-11-08,15.3,89,54,10.8,6.29,0.0,15.0
2018-11-09,10.9,96,98,12.0,3.46,0.0,9.0
2018-11-10,12.0,94,76,13.0,4.95,0.0,8.0
2018-11-11,10.1,92,42,14.5,5.42,0.0,7.0
2018-11-12,13.3,88,56,17.7,5.27,0.0,14.0
2018-11-13,13.8,89,80,18.8,3.29,4.5,13.0
2018-11-14,9.2,94,73,20.6,2.18,1.4,10.0
2018-11-15,9.4,92,79,12.2,2.62,0.4,10.0
2018-11-16,5.2,79,76,15.3,1.93,0.1,7.0
2018-11-17,3.6,82,23,11.0,5.63,0.0,6.0
2018-11-18,0.7,93,80,12.1,1.1,2.1,3.0
2018-11-19,2.4,93,100,21.3,1.59,1.4,3.0
2018-11-20,1.7,80,82,23.1,3.2,0.0,3.0
2018-11-21,1.2,77,95,23.1,2.3,0.0,3.0
2018-11-22,1.3,77,88,13.7,2.97,0.0,0.0
2018-11-23,0.6,85,93,14.8,1.75,0.0,-2.0
2018-11-24,1.2,96,96,14.8,0.63,1.7,3.0
2018-11-25,3.0,99,99,7.3,1.52,0.0,4.0
2018-11-26,1.5,91,97,17.9,1.58,0.0,3.0
2018-11-27,1.7,86,62,11.4,3.52,0.2,2.0
2018-11-28,0.0,82,63,13.0,3.36,0.2,1.0
2018-11-29,-1.3,65,40,25.2,4.14,0.0,-1.0
2018-11-30,-2.2,51,0,24.4,4.56,0.0,-1.0
2018-12-01,-3.9,64,15,17.3,4.38,0.0,-4.0
2018-12-02,3.9,83,74,17.7,3.59,1.2,5.0
2018-12-03,6.1,95,99,18.8,1.28,6.9,7.0
2018-12-04,7.3,96,81,20.6,0.7,6.6,8.0
2018-12-05,3.3,90,23,20.2,3.8,0.0,4.0
2018-12-06,2.2,93,83,19.6,2.01,0.5,0.0
2018-12-07,6.2,95,100,18.4,0.44,7.7,7.0
2018-12-08,7.8,88,78,27.4,1.48,11.0,8.0
2018-12-09,6.3,91,82,22.8,0.83,4.0,7.0
2018-12-10,5.0,92,94,27.1,1.58,5.8,6.0
2018-12-11,3.4,89,81,16.5,1.62,0.0,4.0
2018-12-12,2.0,93,71,13.1,1.93,0.7,3.0
2018-12-13,0.8,92,99,12.8,0.81,1.4,2.0
2018-12-14,0.3,89,98,11.8,1.19,0.3,1.0
2018-12-15,1.1,86,97,16.6,1.36,0.1,1.0
2018-12-16,-0.6,83,99,19.6,0.77,3.0,-1.0
2018-12-17,-0.1,86,84,11.9,1.93,0.0,0.0
2018-12-18,-0.4,87,89,11.8,2.16,0.0,0.0
2018-12-19,-1.1,84,93,18.7,2.18,0.0,-1.0
2018-12-20,-0.8,84,99,17.9,1.39,1.2,-2.0
2018-12-21,3.3,91,97,16.6,1.72,5.3,3.0
2018-12-22,6.6,93,100,32.3,1.05,7.8,8.0
2018-12-23,4.5,88,98,26.3,2.21,5.2,5.0
2018-12-24,4.2,91,83,24.7,1.83,2.3,5.0
2018-12-25,3.5,87,97,24.5,1.03,1.2,3.0
2018-12-26,4.8,92,99,25.1,0.97,0.2,5.0
2018-12-27,6.9,95,100,22.0,0.52,6.1,7.0
2018-12-28,5.9,95,88,25.1,1.19,2.2,6.0
2018-12-29,5.0,93,100,15.2,0.85,0.4,5.0
2018-12-30,5.0,96,100,18.7,1.04,3.0,5.0
2018-12-31,4.6,89,84,23.4,1.99,1.3,5.0
2019-01-01,6.3,89,87,31.7,0.45,4.2,7.0
2019-01-02,2.5,86,94,33.1,1.88,5.7,3.0
2019-01-03,-0.1,58,45,29.5,3.79,0.2,0.0
2019-01-04,-0.4,77,98,16.7,1.65,1.3,-1.0
2019-01-05,2.3,94,93,19.8,1.79,6.4,3.0
2019-01-06,-2.2,77,93,20.0,2.37,0.1,-1.0
2019-01-07,-3.0,79,44,14.9,3.85,0.0,-3.0
2019-01-08,1.1,82,99,20.6,0.71,4.0,-1.0
2019-01-09,0.6,89,99,17.4,0.99,2.1,-2.0
2019-01-10,-5.2,84,92,10.2,2.72,1.1,-5.0
2019-01-11,-1.0,83,89,23.3,3.32,1.8,-2.0
2019-01-12,1.4,94,89,21.9,2.91,1.4,2.0
2019-01-13,3.3,96,100,22.4,1.11,6.3,3.0
2019-01-14,3.7,82,83,32.3,2.45,4.8,4.0
2019-01-15,2.3,76,67,34.3,4.08,4.2,2.0
2019-01-16,5.2,92,96,32.6,0.64,2.8,5.0
2019-01-17,5.4,82,97,25.0,1.75,0.0,6.0
2019-01-18,3.5,83,65,30.0,2.07,1.7,5.0
2019-01-19,0.3,79,57,16.6,3.29,0.0,1.0
2019-01-20,0.3,79,65,9.5,4.12,0.0,0.0
2019-01-21,-1.1,84,94,13.9,1.53,0.0,-2.0
2019-01-22,-1.0,80,96,11.7,2.49,0.9,0.0
2019-01-23,-2.3,71,70,17.0,4.18,0.0,-3.0
2019-01-24,-2.7,68,87,18.7,4.32,0.0,-3.0
2019-01-25,-4.8,71,96,17.5,1.59,3.2,-6.0
2019-01-26,-1.9,78,83,13.0,4.16,0.0,-3.0
2019-01-27,-0.3,89,96,20.8,1.16,0.8,0.0
2019-01-28,2.7,87,96,18.4,3.23,0.9,3.0
2019-01-29,2.4,92,73,18.8,2.86,0.3,3.0
2019-01-30,1.2,94,89,13.8,2.38,0.7,1.0
2019-01-31,0.6,96,100,10.3,1.02,2.1,1.0
2019-02-01,2.0,93,93,19.1,3.5,0.0,2.0
2019-02-02,8.9,86,94,23.0,4.33,2.1,9.0
2019-02-03,6.2,96,97,17.4,2.48,3.7,6.0
2019-02-04,1.7,94,96,25.1,2.83,11.8,2.0
2019-02-05,2.0,84,79,15.8,4.58,0.2,1.0
2019-02-06,3.8,87,84,20.5,3.0,0.0,4.0
2019-02-07,6.6,76,75,16.5,7.21,0.0,7.0
2019-02-08,7.0,83,57,16.1,6.3,0.3,7.0
2019-02-09,6.5,80,79,22.7,4.5,0.4,6.0
2019-02-10,9.0,74,53,25.9,6.51,0.0,10.0
2019-02-11,7.4,85,89,25.0,5.21,3.8,7.0
2019-02-12,3.0,81,66,26.8,4.12,1.6,3.0
2019-02-13,5.4,88,90,27.0,1.53,1.0,5.0
2019-02-14,7.3,86,98,20.5,3.5,0.0,8.0
2019-02-15,8.2,89,85,15.9,5.92,0.1,10.0
2019-02-16,9.1,83,46,16.2,8.15,0.0,8.0
2019-02-17,9.6,79,57,17.5,7.21,0.0,9.0
2019-02-18,11.5,86,60,12.9,6.26,0.0,11.0
2019-02-19,12.8,77,19,19.6,9.6,0.5,14.0
2019-02-20,7.0,76,74,28.4,4.95,1.2,8.0
2019-02-21,6.0,92,99,20.6,1.37,10.3,6.0
2019-02-22,1.0,56,25,23.7,10.73,2.2,0.0
2019-02-23,-1.0,51,66,14.3,5.38,0.0,0.0
2019-02-24,4.0,57,79,17.7,6.92,0.1,5.0
2019-02-25,7.0,79,79,17.2,6.06,0.0,8.0
2019-02-26,9.3,76,51,30.3,9.35,0.0,10.0
2019-02-27,10.4,78,41,22.0,10.22,0.0,11.0
2019-02-28,11.0,65,39,33.2,9.48,0.0,12.0
2019-03-01,5.3,77,59,17.6,7.61,0.1,4.0
2019-03-02,0.9,67,51,11.3,6.74,0.0,2.0
2019-03-03,8.3,82,91,24.1,2.86,3.2,10.0
2019-03-04,14.8,70,95,26.0,8.72,1.8,16.0
2019-03-05,11.0,63,68,45.1,7.66,1.4,12.0
2019-03-06,7.9,84,78,23.8,3.59,3.5,9.0
2019-03-07,13.9,61,88,23.1,9.7,0.7,14.0
2019-03-08,12.9,66,34,34.5,11.1,0.2,14.0
2019-03-09,11.0,75,78,37.9,8.46,1.6,11.0
2019-03-10,8.6,76,86,41.4,9.02,9.4,9.0
2019-03-11,6.3,80,92,31.7,10.57,9.5,7.0
2019-03-12,4.6,77,54,25.0,10.0,0.6,6.0
2019-03-13,7.5,72,75,22.4,4.88,0.4,8.0
2019-03-14,8.3,79,83,23.3,7.04,1.3,9.0
2019-03-15,8.5,86,95,28.1,5.24,5.2,7.0
2019-03-16,8.0,78,90,39.0,6.59,6.1,8.0
2019-03-17,15.9,71,85,23.6,12.14,0.4,18.0
2019-03-18,9.4,67,82,24.7,11.11,0.3,10.0
2019-03-19,7.6,73,42,24.5,10.88,1.4,8.0
2019-03-20,8.2,73,34,16.6,12.91,0.1,10.0
2019-03-21,11.8,66,94,19.2,7.88,0.0,13.0
2019-03-22,13.6,79,68,18.7,7.72,0.3,15.0
2019-03-23,14.5,69,25,16.2,15.73,0.1,16.0
2019-03-24,10.8,72,82,19.1,15.29,0.0,12.0
2019-03-25,8.5,72,78,16.7,10.33,0.7,9.0
2019-03-26,6.3,84,56,31.4,8.5,3.5,7.0
2019-03-27,9.2,68,54,21.5,14.29,0.2,9.0
2019-03-28,11.3,80,74,17.0,9.35,1.5,12.0
2019-03-29,11.9,83,73,19.6,8.0,0.1,12.0
2019-03-30,14.2,80,73,16.0,12.54,0.0,15.0
2019-03-31,15.4,69,17,23.2,15.56,0.1,17.0
2019-04-01,8.3,59,20,15.8,17.18,0.0,10.0
2019-04-02,11.1,43,0,28.0,19.4,0.0,13.0
2019-04-03,14.3,37,25,28.3,18.73,0.0,15.0
2019-04-04,17.2,46,36,22.9,17.86,0.0,17.0
2019-04-05,18.8,52,15,20.5,17.95,0.0,20.0
2019-04-06,16.8,54,34,22.2,18.9,0.0,18.0
2019-04-07,15.3,67,55,10.3,14.15,0.0,17.0
2019-04-08,17.7,66,19,16.1,17.42,0.0,20.0
2019-04-09,9.3,66,48,18.3,13.9,0.1,10.0
2019-04-10,9.3,54,75,16.4,15.92,0.0,10.0
2019-04-11,7.8,55,88,16.5,10.59,0.0,10.0
2019-04-12,7.1,54,87,15.8,14.43,0.0,8.0
2019-04-13,6.8,66,98,16.4,5.49,1.2,8.0
2019-04-14,12.0,46,41,19.9,20.98,0.0,14.0
2019-04-15,11.9,47,20,16.4,21.27,0.0,13.0
2019-04-16,11.6,57,54,19.2,18.05,0.9,12.0
2019-04-17,18.2,53,6,18.5,21.76,0.0,20.0
2019-04-18,20.1,50,14,11.3,22.09,0.0,21.0
2019-04-19,20.2,45,0,14.0,22.64,0.0,21.0
2019-04-20,19.1,45,49,16.5,19.59,0.0,19.0
2019-04-21,17.6,56,56,21.4,14.16,1.0,19.0
2019-04-22,17.0,63,43,26.3,16.18,0.2,17.0
2019-04-23,19.0,33,3,38.7,22.77,0.0,20.0
2019-04-24,19.6,44,25,29.3,18.4,0.2,20.0
2019-04-25,24.2,55,45,20.0,19.25,0.5,25.0
2019-04-26,27.4,49,39,15.1,21.99,0.0,28.0
2019-04-27,19.6,67,80,21.7,16.98,0.6,18.0
2019-04-28,13.2,87,99,16.5,4.64,4.7,12.0
2019-04-29,21.5,82,56,17.3,19.42,6.1,22.0
2019-04-30,18.9,70,42,15.4,19.27,0.1,20.0
2019-05-01,18.3,51,48,19.9,21.7,0.0,19.0
2019-05-02,16.7,62,68,32.8,17.57,0.8,15.0
2019-05-03,13.1,59,70,23.1,13.87,1.3,14.0
2019-05-04,14.3,55,96,17.1,13.58,0.0,15.0
2019-05-05,12.6,63,95,23.8,11.16,1.5,12.0
2019-05-06,14.5,42,85,20.5,17.99,0.0,15.0
2019-05-07,13.2,51,38,19.6,21.19,0.4,14.0
2019-05-08,14.9,49,63,18.9,14.08,0.0,15.0
2019-05-09,17.0,52,98,28.7,13.42,0.1,18.0
2019-05-10,16.3,85,87,9.9,13.93,2.7,17.0
2019-05-11,18.2,71,38,14.8,22.09,0.8,20.0
2019-05-12,21.8,72,95,20.6,14.02,4.6,23.0
2019-05-13,11.7,79,98,20.7,6.13,5.5,11.0
2019-05-14,8.4,93,100,21.4,6.12,8.0,9.0
2019-05-15,12.6,96,99,21.4,4.92,13.3,14.0
2019-05-16,18.4,88,97,14.1,14.7,14.5,18.0
2019-05-17,20.7,84,83,14.6,18.23,6.8,20.0
2019-05-18,21.3,86,86,15.1,16.32,2.5,24.0
2019-05-19,22.0,87,76,16.6,17.13,4.9,23.0
2019-05-20,23.7,83,58,24.2,17.62,0.5,25.0
2019-05-21,20.7,84,69,23.5,15.24,4.7,22.0
2019-05-22,19.3,81,65,20.3,13.01,1.2,19.0
2019-05-23,20.4,86,88,17.9,16.52,15.2,20.0
2019-05-24,19.6,79,82,14.9,13.28,2.0,20.0
2019-05-25,21.5,67,72,18.0,23.34,0.1,23.0
2019-05-26,19.5,69,70,22.8,20.1,0.0,21.0
2019-05-27,22.8,70,71,23.2,20.92,1.5,26.0
2019-05-28,23.2,86,93,20.1,16.6,14.1,24.0
2019-05-29,16.1,79,80,22.5,9.7,2.4,16.0
2019-05-30,18.2,66,71,14.7,26.42,0.0,20.0
2019-05-31,22.3,64,53,10.8,25.97,0.0,23.0
2019-06-01,23.3,74,57,13.0,19.75,0.0,24.0
2019-06-02,24.8,79,35,9.8,23.85,6.5,26.0
2019-06-03,26.1,68,12,10.5,28.24,0.0,27.0
2019-06-04,27.8,65,14,17.8,24.51,0.0,29.0
2019-06-05,27.6,64,19,20.0,25.61,0.0,29.0
2019-06-06,26.6,68,47,19.9,23.63,0.2,28.0
2019-06-07,27.9,74,61,12.8,23.79,3.6,28.0
2019-06-08,27.8,75,26,15.9,22.7,1.4,29.0
2019-06-09,25.1,53,20,15.8,29.25,0.0,26.0
2019-06-10,29.5,54,68,21.9,23.6,0.0,30.0
2019-06-11,32.5,55,30,18.5,25.66,0.0,32.0
2019-06-12,32.0,51,21,20.7,25.23,0.0,33.0
2019-06-13,30.5,63,57,15.3,21.47,0.2,33.0
2019-06-14,29.2,68,68,15.2,25.66,4.2,29.0
2019-06-15,31.6,63,54,14.6,23.24,0.3,32.0
2019-06-16,27.4,67,85,21.6,23.53,0.1,27.0
2019-06-17,23.2,65,67,17.6,18.48,0.1,25.0
2019-06-18,25.7,56,76,13.4,23.0,0.0,27.0
2019-06-19,28.5,71,74,17.6,20.78,7.6,29.0
2019-06-20,27.3,71,77,12.7,15.51,0.4,30.0
2019-06-21,26.6,78,89,13.6,20.33,1.6,28.0
2019-06-22,24.8,62,58,15.7,26.6,0.0,26.0
2019-06-23,24.8,51,60,16.5,26.6,0.0,26.0
2019-06-24,27.8,52,9,14.1,28.38,0.0,29.0
2019-06-25,30.9,54,43,16.0,27.59,0.0,32.0
2019-06-26,34.6,55,59,18.7,26.47,0.0,36.0
2019-06-27,27.5,62,35,30.8,21.19,0.9,25.0
2019-06-28,23.8,55,32,24.8,21.16,0.0,25.0
2019-06-29,26.2,48,47,23.7,24.66,0.0,28.0
2019-06-30,33.6,43,0,16.5,28.83,0.0,35.0
2019-07-01,27.5,52,52,25.5,20.86,2.4,32.0
2019-07-02,24.6,52,55,27.6,24.26,0.0,25.0
2019-07-03,20.1,50,53,23.5,19.49,0.0,20.0
2019-07-04,21.2,51,59,23.1,19.92,0.4,22.0
2019-07-05,18.8,61,79,28.6,9.62,3.1,19.0
2019-07-06,21.0,71,77,19.2,14.52,1.2,21.0
2019-07-07,20.7,65,76,26.3,20.34,2.0,22.0
2019-07-08,19.1,61,71,26.8,18.08,0.6,20.0
2019-07-09,18.6,78,71,33.8,14.48,14.8,20.0
2019-07-10,18.3,74,86,22.4,15.45,1.9,20.0
2019-07-11,20.1,72,72,14.3,17.2,1.9,21.0
2019-07-12,24.1,64,45,10.2,24.87,0.1,25.0
2019-07-13,22.9,74,86,14.3,20.81,5.6,25.0
2019-07-14,21.7,64,55,16.9,20.56,2.0,24.0
2019-07-15,22.4,55,39,10.7,23.88,0.0,25.0
2019-07-16,18.7,71,61,22.0,13.83,1.5,18.0
2019-07-17,19.4,75,54,24.5,17.36,5.5,21.0
2019-07-18,22.2,67,20,11.7,23.22,0.0,24.0
2019-07-19,27.4,55,64,16.6,20.42,0.0,28.0
2019-07-20,27.0,66,46,15.1,23.08,0.5,28.0
2019-07-21,28.3,65,79,17.0,17.65,0.1,30.0
2019-07-22,25.7,59,54,24.5,23.33,0.0,26.0
2019-07-23,22.0,66,96,14.3,11.02,0.4,22.0
2019-07-24,24.5,75,66,8.8,14.06,1.9,25.0
2019-07-25,28.0,64,53,14.2,20.08,0.0,29.0
2019-07-26,26.1,62,22,18.0,23.22,0.0,27.0
2019-07-27,25.9,64,33,21.5,21.8,0.1,28.0
2019-07-28,31.0,67,69,19.8,18.26,0.4,31.0
2019-07-29,31.6,71,54,10.8,22.02,1.0,32.0
2019-07-30,31.0,77,45,20.7,21.3,0.9,31.0
2019-07-31,23.7,64,34,13.9,22.99,0.0,26.0
2019-08-01,23.1,60,54,13.8,20.32,0.0,24.0
2019-08-02,21.0,75,73,13.3,13.83,0.9,21.0
2019-08-03,22.2,67,58,17.2,18.6,0.3,24.0
2019-08-04,23.4,61,28,21.3,20.87,0.7,26.0
2019-08-05,23.2,65,45,9.4,18.42,0.7,25.0
2019-08-06,27.9,62,59,12.2,21.15,0.4,29.0
2019-08-07,26.5,75,93,15.7,14.82,1.5,27.0
2019-08-08,24.8,69,58,25.2,19.03,5.9,26.0
2019-08-09,25.4,61,31,22.3,19.6,0.5,27.0
2019-08-10,26.7,67,88,18.4,12.44,0.1,26.0
2019-08-11,28.5,59,27,17.6,20.6,0.1,29.0
2019-08-12,30.0,63,69,17.6,15.21,2.6,31.0
2019-08-13,25.0,74,74,16.2,16.59,12.8,26.0
2019-08-14,19.7,73,82,13.0,7.68,4.0,21.0
2019-08-15,22.3,57,36,9.6,19.07,0.0,24.0
2019-08-16,24.7,59,71,11.2,18.66,0.0,26.0
2019-08-17,24.8,71,51,8.1,18.06,0.1,26.0
2019-08-18,28.6,57,71,14.8,18.5,0.0,29.0
2019-08-19,29.0,68,54,15.3,18.24,3.7,30.0
2019-08-20,25.8,69,76,13.8,17.58,0.0,28.0
2019-08-21,20.8,75,91,29.0,12.37,34.6,21.0
2019-08-22,22.3,73,47,11.0,18.88,0.0,24.0
2019-08-23,24.5,67,32,9.2,19.31,0.0,26.0
2019-08-24,25.8,65,1,13.5,21.8,0.0,28.0
2019-08-25,26.8,60,49,14.3,21.03,0.0,28.0
2019-08-26,29.7,54,43,16.3,20.22,0.0,31.0
2019-08-27,30.7,54,5,16.3,20.23,0.0,32.0
2019-08-28,31.0,55,31,17.1,18.18,0.0,33.0
2019-08-29,31.9,62,42,15.1,17.46,0.8,33.0
2019-08-30,29.0,68,38,13.5,17.45,0.9,30.0
2019-08-31,27.9,61,47,13.0,17.76,0.0,30.0
2019-09-01,30.1,58,23,15.5,19.04,0.0,31.0
2019-09-02,23.2,75,65,19.0,10.09,3.6,24.0
2019-09-03,20.5,71,83,14.3,12.8,4.7,21.0
2019-09-04,22.5,60,25,12.6,16.87,0.0,23.0
2019-09-05,25.2,60,24,15.4,18.08,0.0,26.0
2019-09-06,20.0,58,42,15.1,18.95,0.0,21.0
2019-09-07,23.0,68,87,17.6,9.56,2.8,23.0
2019-09-08,17.6,93,82,10.7,4.66,9.6,17.0
2019-09-09,25.4,78,89,22.4,15.06,0.6,25.0
2019-09-10,18.6,76,48,27.7,11.57,6.5,19.0
2019-09-11,22.2,72,73,13.1,14.35,0.0,23.0
2019-09-12,23.2,70,35,16.6,16.93,0.0,24.0
2019-09-13,22.7,75,59,24.9,12.68,0.0,23.0
2019-09-14,17.6,65,56,19.9,14.31,0.0,19.0
2019-09-15,20.3,64,81,24.3,15.0,0.0,21.0
2019-09-16,18.0,56,74,25.4,14.91,0.2,18.0
2019-09-17,15.5,72,69,31.7,11.51,6.3,16.0
2019-09-18,13.9,76,59,37.6,11.4,4.6,15.0
2019-09-19,14.2,80,44,21.0,13.77,4.6,14.0
2019-09-20,13.5,72,55,16.5,13.46,0.1,14.0
2019-09-21,15.9,79,80,23.8,5.58,1.5,15.0
2019-09-22,20.2,76,5,10.4,15.55,0.0,21.0
2019-09-23,16.5,81,39,18.3,10.16,0.0,16.0
2019-09-24,16.2,77,18,12.0,14.42,0.0,16.0
2019-09-25,16.9,86,96,14.3,8.14,3.3,16.0
2019-09-26,17.1,92,93,9.4,6.83,2.4,16.0
2019-09-27,18.1,86,93,16.5,8.34,2.0,18.0
2019-09-28,18.6,84,66,19.8,11.1,5.1,19.0
2019-09-29,17.9,77,73,24.4,9.48,2.5,19.0
2019-09-30,16.9,86,92,45.3,3.71,17.1,17.0
2019-10-01,18.4,69,77,27.6,6.01,0.0,18.0
2019-10-02,17.2,85,92,19.2,3.27,6.1,18.0
2019-10-03,12.4,82,79,15.1,9.05,0.1,12.0
2019-10-04,11.5,85,70,10.4,3.91,0.3,12.0
2019-10-05,12.0,76,97,19.2,6.84,0.0,12.0
2019-10-06,8.1,67,58,16.0,10.92,0.0,9.0
2019-10-07,8.8,75,65,19.1,9.6,0.3,8.0
2019-10-08,10.2,78,94,25.0,4.92,3.8,10.0
2019-10-09,15.3,85,94,22.0,6.07,4.1,17.0
2019-10-10,13.1,87,69,27.2,6.74,6.9,13.0
2019-10-11,15.8,74,56,25.4,10.42,0.0,16.0
2019-10-12,19.8,63,54,25.1,10.76,0.0,21.0
2019-10-13,22.6,70,40,19.1,9.96,0.0,24.0
2019-10-14,23.1,76,9,14.7,10.55,0.0,24.0
2019-10-15,21.6,79,45,17.8,9.33,0.0,23.0
2019-10-16,20.6,77,34,25.7,8.77,0.1,20.0
2019-10-17,18.1,71,41,18.4,8.9,0.0,17.0
2019-10-18,19.7,80,54,10.8,7.69,0.0,20.0
2019-10-19,18.2,84,73,11.6,7.93,0.0,18.0
2019-10-20,21.4,82,44,12.8,9.22,0.0,22.0
2019-10-21,21.8,84,44,11.3,7.28,0.0,23.0
2019-10-22,20.0,89,47,11.5,8.91,0.0,21.0
2019-10-23,15.0,95,80,10.2,4.6,0.0,13.0
2019-10-24,18.5,90,53,17.1,7.8,0.0,16.0
2019-10-25,17.4,84,48,16.2,8.33,0.0,14.0
2019-10-26,18.9,81,86,17.6,7.73,0.0,19.0
2019-10-27,19.4,75,53,26.2,7.39,1.0,20.0
2019-10-28,10.2,82,65,22.6,5.07,0.0,11.0
2019-10-29,8.3,91,65,13.0,3.36,1.3,8.0
2019-10-30,7.3,83,24,12.3,7.67,0.0,9.0
2019-10-31,7.1,80,58,12.1,5.81,0.0,8.0
2019-11-01,7.2,76,69,17.1,7.14,0.0,8.0
2019-11-02,9.4,76,90,20.2,3.46,0.3,11.0
2019-11-03,14.2,80,78,20.0,5.99,0.0,14.0
2019-11-04,16.4,88,96,23.4,3.55,3.7,17.0
2019-11-05,13.8,82,73,25.7,5.21,1.0,14.0
2019-11-06,11.6,80,69,21.9,5.17,0.3,11.0
2019-11-07,10.4,89,34,11.8,4.19,0.0,10.0
2019-11-08,8.2,95,71,16.9,2.55,0.3,9.0
2019-11-09,11.7,91,91,14.7,3.44,0.0,12.0
2019-11-10,8.9,91,96,11.2,2.44,2.3,9.0
2019-11-11,6.8,91,79,14.0,1.63,2.0,7.0
2019-11-12,9.5,87,93,19.7,3.22,1.9,10.0
2019-11-13,11.7,92,96,24.0,1.16,9.0,13.0
2019-11-14,11.6,89,97,17.9,1.85,1.4,11.0
2019-11-15,9.1,93,99,16.6,1.76,1.2,9.0
2019-11-16,14.2,88,66,21.8,4.7,0.0,15.0
2019-11-17,14.6,90,58,19.1,4.57,0.1,16.0
2019-11-18,13.0,89,77,19.4,4.51,0.3,13.0
2019-11-19,13.2,85,32,15.8,4.99,0.0,13.0
2019-11-20,10.7,91,97,24.7,2.01,0.0,11.0
2019-11-21,10.1,81,98,28.8,2.34,0.3,11.0
2019-11-22,5.2,73,75,27.1,3.43,0.1,5.0
2019-11-23,3.0,75,47,20.5,4.08,0.0,1.0
2019-11-24,4.4,87,55,18.8,3.77,2.3,1.0
2019-11-25,2.7,93,78,15.5,2.67,0.2,3.0
2019-11-26,3.2,92,99,15.0,1.72,0.0,1.0
2019-11-27,7.5,92,90,16.0,2.87,0.0,6.0
2019-11-28,10.6,89,77,15.5,3.88,0.2,11.0
2019-11-29,9.6,78,57,25.9,2.1,0.1,10.0
2019-11-30,4.0,81,46,27.1,4.08,1.0,4.0
2019-12-01,3.3,87,83,14.8,2.16,0.2,1.0
2019-12-02,2.9,83,96,24.2,2.2,1.7,3.0
2019-12-03,2.2,92,32,17.9,4.0,0.4,3.0
2019-12-04,4.2,90,91,20.0,0.47,1.2,5.0
2019-12-05,3.7,71,9,18.4,3.71,0.0,5.0
2019-12-06,3.9,72,19,19.1,3.51,0.0,4.0
2019-12-07,6.2,79,89,27.8,0.7,1.2,8.0
2019-12-08,8.3,83,99,24.2,2.54,1.8,9.0
2019-12-09,9.4,86,88,22.9,2.54,1.4,9.0
2019-12-10,4.8,84,59,27.5,1.89,0.1,5.0
2019-12-11,1.3,88,22,15.8,3.96,0.0,2.0
2019-12-12,2.7,84,78,16.2,2.28,0.0,3.0
2019-12-13,4.5,89,85,25.0,1.71,1.1,4.0
2019-12-14,5.5,84,96,26.7,1.65,0.5,6.0
2019-12-15,8.2,82,95,24.9,2.59,1.8,9.0
2019-12-16,7.0,84,77,19.5,2.27,0.0,7.0
2019-12-17,10.5,90,79,13.7,2.83,0.2,8.0
2019-12-18,12.0,86,57,19.7,3.29,0.0,13.0
2019-12-19,7.4,98,76,20.3,2.14,0.0,7.0
2019-12-20,10.3,86,26,22.9,3.42,0.0,10.0
2019-12-21,10.7,84,84,22.7,1.93,0.1,11.0
2019-12-22,7.6,98,100,16.3,0.5,7.7,8.0
2019-12-23,6.5,99,100,16.3,0.45,13.9,6.0
2019-12-24,5.9,95,99,21.5,0.9,12.4,6.0
2019-12-25,5.4,95,95,12.5,1.5,0.0,5.0
2019-12-26,4.2,95,86,17.4,0.73,0.7,5.0
2019-12-27,2.6,93,75,20.3,2.22,1.1,3.0
2019-12-28,1.3,75,98,23.8,1.35,0.1,2.0
2019-12-29,-0.5,73,95,16.6,1.55,0.0,0.0
2019-12-30,6.0,56,95,27.5,1.79,0.0,7.0
2019-12-31,6.0,65,59,32.3,0.94,1.8,6.0
2020-01-01,3.0,89,68,21.6,1.53,0.0,3.0
2020-01-02,4.2,75,72,20.5,2.98,0.0,3.0
2020-01-03,3.7,69,54,22.2,2.07,0.0,5.0
2020-01-04,4.9,88,90,34.2,1.98,4.8,5.0
2020-01-05,2.8,80,27,24.3,3.79,0.1,3.0
2020-01-06,1.3,89,94,15.9,0.57,0.5,2.0
2020-01-07,2.0,85,67,10.0,3.13,0.0,3.0
2020-01-08,5.4,90,85,19.4,2.77,2.8,6.0
2020-01-09,7.0,97,100,17.4,0.89,2.7,7.0
2020-01-10,8.6,93,93,23.6,0.72,4.4,9.0
2020-01-11,7.2,85,92,23.1,0.98,0.6,8.0
2020-01-12,5.0,81,88,20.4,3.47,0.0,5.0
2020-01-13,5.7,82,95,22.9,0.57,1.3,6.0
2020-01-14,6.5,85,64,20.5,3.4,0.0,6.0
2020-01-15,8.9,65,69,18.5,3.88,0.0,10.0
2020-01-16,7.7,82,41,18.2,3.52,0.2,8.0
2020-01-17,1.7,95,61,19.9,3.34,0.0,2.0
2020-01-18,5.5,91,94,18.4,1.52,0.8,6.0
2020-01-19,4.6,95,86,10.8,2.27,0.6,7.0
2020-01-20,3.5,88,83,18.9,2.36,0.0,3.0
2020-01-21,5.6,79,54,26.4,4.48,0.0,7.0
2020-01-22,5.0,87,74,28.2,1.43,1.1,6.0
2020-01-23,2.7,87,56,18.1,4.29,0.0,3.0
2020-01-24,3.2,80,51,19.7,4.58,0.0,4.0
2020-01-25,2.2,87,99,21.0,0.82,0.0,1.0
2020-01-26,1.5,89,96,11.8,1.38,0.0,1.0
2020-01-27,4.6,88,82,10.8,3.07,0.3,6.0
2020-01-28,3.9,90,89,20.9,1.44,1.0,4.0
2020-01-29,3.5,86,93,28.5,1.36,6.7,4.0
2020-01-30,5.0,92,99,24.7,2.61,7.7,6.0
2020-01-31,9.0,88,93,31.4,2.73,6.5,9.0
2020-02-01,11.8,87,99,24.5,2.26,1.6,12.0
2020-02-02,10.3,83,90,33.7,3.03,3.2,10.0
2020-02-03,6.0,80,72,24.5,4.55,0.3,7.0
2020-02-04,5.9,95,100,17.0,2.37,3.3,6.0
2020-02-05,2.2,78,46,23.1,7.41,3.8,3.0
2020-02-06,4.6,86,95,27.3,0.99,0.8,5.0
2020-02-07,4.4,78,31,17.6,7.53,0.7,5.0
2020-02-08,4.7,68,8,13.4,7.46,0.0,6.0
2020-02-09,7.1,69,18,28.4,7.44,0.0,8.0
2020-02-10,8.9,73,88,35.6,3.42,12.2,10.0
2020-02-11,4.2,83,89,32.2,3.79,8.1,5.0
2020-02-12,4.3,68,86,31.4,4.22,1.6,5.0
2020-02-13,5.8,68,87,30.2,5.38,1.1,6.0
2020-02-14,2.7,90,97,16.0,1.59,4.7,2.0
2020-02-15,4.7,92,63,18.4,3.88,0.0,4.0
2020-02-16,11.3,65,83,28.4,6.34,0.0,11.0
2020-02-17,13.6,53,97,30.4,5.12,0.3,15.0
2020-02-18,8.9,76,58,28.5,6.75,1.3,9.0
2020-02-19,8.7,73,64,20.1,7.66,0.7,10.0
2020-02-20,5.7,84,81,19.8,3.79,0.5,6.0
2020-02-21,5.0,83,67,24.2,2.09,3.0,6.0
2020-02-22,10.7,69,78,31.7,4.41,0.0,10.0
2020-02-23,10.7,76,100,35.1,4.37,7.1,9.0
2020-02-24,5.8,87,80,30.8,5.81,8.5,6.0
2020-02-25,11.6,89,86,22.5,4.96,6.7,13.0
2020-02-26,8.5,88,81,18.6,6.09,2.1,8.0
2020-02-27,4.1,91,68,20.9,7.81,2.8,4.0
2020-02-28,5.3,90,77,18.8,8.34,3.5,5.0
2020-02-29,8.1,72,86,24.3,7.81,0.1,8.0
2020-03-01,11.4,71,78,21.4,7.95,4.0,12.0
2020-03-02,6.6,92,89,19.8,2.27,4.1,7.0
2020-03-03,11.3,88,84,21.2,4.4,1.6,11.0
2020-03-04,7.1,80,99,20.5,5.23,0.0,7.0
2020-03-05,8.8,71,54,14.5,10.07,0.1,9.0
2020-03-06,6.6,76,82,29.0,4.11,1.0,7.0
2020-03-07,9.1,85,84,19.6,7.5,0.7,10.0
2020-03-08,6.2,84,99,15.9,3.42,0.7,7.0
2020-03-09,8.7,72,64,16.6,8.15,0.0,10.0
2020-03-10,11.2,73,76,18.8,9.03,0.3,11.0
2020-03-11,12.1,69,60,33.0,9.32,8.0,13.0
2020-03-12,15.7,76,52,38.8,6.58,2.4,16.0
2020-03-13,9.7,60,41,32.0,12.64,1.1,9.0
2020-03-14,4.7,71,37,32.7,11.3,3.0,6.0
2020-03-15,6.1,54,19,18.5,15.58,0.0,7.0
2020-03-16,11.5,45,83,26.0,13.38,0.0,12.0
2020-03-17,13.1,72,26,14.5,15.16,0.0,14.0
2020-03-18,16.3,71,87,16.6,11.91,0.0,17.0
2020-03-19,15.4,77,76,19.6,10.8,0.7,14.0
2020-03-20,9.5,67,98,10.5,4.05,0.6,10.0
2020-03-21,5.5,65,57,23.9,13.33,0.0,6.0
2020-03-22,2.8,52,63,27.9,14.28,0.8,3.0
2020-03-23,3.3,50,15,19.9,15.69,0.0,4.0
2020-03-24,5.0,50,1,14.4,17.52,0.0,6.0
2020-03-25,7.3,47,0,18.8,17.69,0.0,9.0
2020-03-26,11.1,44,58,21.8,11.25,0.0,13.0
2020-03-27,14.2,43,34,18.4,17.65,0.0,15.0
2020-03-28,16.8,54,19,11.2,17.71,0.0,18.0
2020-03-29,13.9,63,92,26.8,12.56,0.2,13.0
2020-03-30,3.3,61,53,24.1,13.53,0.7,3.0
2020-03-31,4.8,69,42,16.6,14.96,0.1,6.0
2020-04-01,7.6,59,33,26.7,17.95,0.0,8.0
2020-04-02,9.0,53,62,24.2,10.56,0.0,9.0
2020-04-03,11.2,52,50,27.9,12.37,0.2,11.0
2020-04-04,10.2,57,34,15.0,13.94,0.0,11.0
2020-04-05,13.1,54,0,12.1,19.65,0.0,15.0
2020-04-06,17.9,45,0,17.9,20.1,0.0,20.0
2020-04-07,21.2,44,0,20.9,20.35,0.0,22.0
2020-04-08,18.8,56,0,13.1,20.36,0.0,20.0
2020-04-09,21.9,48,22,28.2,19.61,0.0,22.0
2020-04-10,14.2,58,58,14.8,15.53,0.0,14.0
2020-04-11,13.5,41,37,13.6,20.59,0.0,14.0
2020-04-12,19.5,39,36,16.5,20.84,0.0,20.0
2020-04-13,15.8,52,44,25.1,12.93,0.8,16.0
2020-04-14,8.3,47,40,26.5,17.01,0.7,8.0
2020-04-15,10.2,60,74,29.2,4.56,0.3,9.0
2020-04-16,16.9,52,51,31.8,20.97,0.0,18.0
2020-04-17,14.4,53,29,22.0,22.13,0.0,15.0
2020-04-18,11.9,49,74,9.7,19.05,0.0,13.0
2020-04-19,12.4,53,31,21.7,21.14,0.0,13.0
2020-04-20,13.1,51,49,16.1,19.52,0.0,14.0
2020-04-21,15.3,44,65,16.9,18.21,0.0,16.0
2020-04-22,16.8,49,62,15.0,14.79,0.0,18.0
2020-04-23,18.2,49,58,17.1,23.09,0.0,19.0
2020-04-24,20.1,41,82,17.2,13.19,0.0,20.0
2020-04-25,13.6,53,79,28.8,16.23,0.0,14.0
2020-04-26,13.3,55,71,19.1,12.37,0.1,14.0
2020-04-27,18.1,49,59,13.9,17.42,0.0,19.0
2020-04-28,22.8,39,60,21.0,18.09,0.2,24.0
2020-04-29,16.1,63,98,16.5,11.78,2.1,15.0
2020-04-30,15.7,72,91,16.3,15.29,3.0,17.0
2020-05-01,19.1,79,95,17.8,16.54,10.2,19.0
2020-05-02,16.3,78,70,14.1,16.51,1.5,17.0
2020-05-03,13.8,85,61,18.0,15.02,6.0,14.0
2020-05-04,15.7,68,36,7.7,19.56,0.1,17.0
2020-05-05,10.7,82,88,21.1,7.85,7.6,11.0
2020-05-06,11.4,83,90,29.7,4.44,15.1,12.0
2020-05-07,15.8,62,49,22.5,19.12,0.1,17.0
2020-05-08,17.9,62,61,16.6,20.07,0.0,19.0
2020-05-09,19.3,64,30,14.8,22.61,0.0,21.0
2020-05-10,23.9,58,47,13.8,23.3,0.2,24.0
2020-05-11,24.7,72,77,22.3,19.27,7.6,25.0
2020-05-12,10.5,64,75,29.6,19.76,6.4,11.0
2020-05-13,13.0,56,78,22.9,14.36,0.0,13.0
2020-05-14,13.0,75,67,14.7,18.59,1.7,14.0
2020-05-15,14.7,68,50,15.0,19.7,0.1,16.0
2020-05-16,13.7,59,58,25.6,16.16,0.1,14.0
2020-05-17,16.4,56,46,24.7,22.72,0.3,18.0
2020-05-18,16.1,62,93,27.1,10.82,1.4,17.0
2020-05-19,15.9,82,89,23.5,9.05,1.2,18.0
2020-05-20,15.4,67,58,16.9,17.96,0.6,17.0
2020-05-21,13.4,54,30,26.7,22.16,0.0,15.0
2020-05-22,16.0,57,19,16.9,24.98,0.0,16.0
2020-05-23,18.1,62,88,11.4,14.35,2.9,18.0
2020-05-24,17.5,74,68,25.8,22.74,8.5,18.0
2020-05-25,15.5,85,83,11.8,17.96,4.8,17.0
2020-05-26,18.0,77,44,19.9,21.74,2.2,19.0
2020-05-27,19.1,67,47,17.7,21.83,0.2,21.0
2020-05-28,18.7,70,64,21.3,19.36,0.2,21.0
2020-05-29,17.4,57,48,24.1,24.54,0.0,19.0
2020-05-30,16.5,69,78,26.0,9.24,10.3,17.0
2020-05-31,19.4,65,88,29.1,11.43,6.2,21.0
2020-06-01,18.3,48,49,27.7,25.83,0.0,20.0
2020-06-02,18.8,60,58,22.1,23.62,2.9,20.0
2020-06-03,15.9,75,64,12.6,12.77,1.4,17.0
2020-06-04,19.4,68,39,14.5,23.4,0.2,22.0
2020-06-05,21.3,79,92,22.7,14.15,4.6,21.0
2020-06-06,23.6,68,54,27.9,21.94,1.5,24.0
2020-06-07,25.3,75,66,12.3,21.96,1.1,28.0
2020-06-08,22.8,80,79,17.6,18.36,0.9,22.0
2020-06-09,19.1,83,98,13.4,13.12,7.0,18.0
2020-06-10,21.3,90,95,14.2,12.09,21.4,23.0
2020-06-11,25.1,78,71,11.6,21.37,4.0,27.0
2020-06-12,29.3,74,55,21.0,27.08,7.7,32.0
2020-06-13,27.5,76,17,22.3,26.53,0.1,27.0
2020-06-14,21.0,69,68,20.2,17.13,0.1,21.0
2020-06-15,21.4,69,45,8.7,21.15,0.0,23.0
2020-06-16,23.2,67,54,12.8,21.83,0.0,25.0
2020-06-17,26.6,74,70,18.9,21.15,3.3,27.0
2020-06-18,24.1,85,75,12.3,17.23,9.1,25.0
2020-06-19,25.2,84,69,13.8,20.77,9.1,27.0
2020-06-20,24.0,89,84,9.4,15.76,12.3,25.0
2020-06-21,25.6,87,82,13.4,19.0,4.9,26.0
2020-06-22,22.6,93,95,21.2,9.51,10.6,23.0
2020-06-23,21.6,76,86,21.5,18.14,2.3,24.0
2020-06-24,22.2,91,97,18.3,7.66,11.6,22.0
2020-06-25,26.7,74,86,18.1,23.65,0.0,27.0
2020-06-26,26.8,70,84,23.5,24.59,1.0,28.0
2020-06-27,23.7,83,41,17.5,20.3,12.6,26.0
2020-06-28,28.1,75,27,13.2,25.25,0.2,30.0
2020-06-29,25.1,88,82,25.5,15.75,33.6,26.0
2020-06-30,22.4,72,42,21.0,21.63,0.2,24.0
2020-07-01,25.5,63,45,19.8,25.39,0.0,27.0
2020-07-02,26.1,77,48,15.8,24.83,5.0,27.0
2020-07-03,24.3,78,72,14.6,18.84,0.7,24.0
2020-07-04,24.5,67,33,13.5,22.31,0.0,26.0
2020-07-05,27.4,62,47,20.5,22.51,0.0,28.0
2020-07-06,25.6,68,67,22.6,16.93,1.1,26.0
2020-07-07,18.5,61,67,22.1,20.26,0.3,19.0
2020-07-08,18.5,66,76,22.4,17.06,0.2,19.0
2020-07-09,21.0,72,79,16.0,19.56,1.6,21.0
2020-07-10,27.7,73,81,19.7,20.43,2.3,28.0
2020-07-11,20.5,85,93,18.7,7.5,5.1,19.0
2020-07-12,18.9,69,63,18.1,20.52,0.4,21.0
2020-07-13,18.7,73,49,17.4,18.09,0.5,20.0
2020-07-14,22.3,74,30,10.6,21.05,0.5,24.0
2020-07-15,24.0,65,39,13.0,20.45,0.0,26.0
2020-07-16,20.1,78,80,13.0,17.21,2.1,21.0
2020-07-17,20.8,82,75,9.7,14.28,3.1,22.0
2020-07-18,26.1,73,57,16.8,23.54,0.1,27.0
2020-07-19,26.7,65,86,11.4,21.29,0.1,29.0
2020-07-20,27.5,65,82,13.1,21.25,3.1,28.0
2020-07-21,21.9,67,61,20.5,19.9,2.0,23.0
2020-07-22,21.4,56,35,21.0,21.15,0.1,22.0
2020-07-23,19.7,68,81,15.5,14.58,0.6,20.0
2020-07-24,24.9,62,46,15.3,23.66,0.3,25.0
2020-07-25,26.3,56,12,15.7,26.19,0.0,26.0
2020-07-26,28.6,55,35,9.9,24.43,0.0,29.0
2020-07-27,27.1,66,79,11.3,16.73,0.7,29.0
2020-07-28,31.1,62,88,19.6,20.91,1.3,30.0
2020-07-29,24.9,60,50,19.5,18.63,0.8,25.0
2020-07-30,24.0,51,49,22.7,25.59,0.0,24.0
2020-07-31,23.3,58,57,23.3,19.67,0.0,23.0
2020-08-01,24.3,62,38,14.5,18.94,0.2,25.0
2020-08-02,26.6,56,55,13.0,24.43,0.0,27.0
2020-08-03,24.5,70,95,14.6,10.13,2.5,25.0
2020-08-04,19.5,96,95,21.3,4.3,14.0,18.0
2020-08-05,23.2,73,57,14.0,22.44,0.0,24.0
2020-08-06,27.6,65,28,14.0,22.45,0.0,28.0
2020-08-07,30.0,62,10,12.6,22.38,0.0,31.0
2020-08-08,30.4,61,22,11.5,21.9,0.1,31.0
2020-08-09,29.1,61,52,14.6,18.9,0.2,31.0
2020-08-10,29.3,62,36,15.3,21.83,0.0,30.0
2020-08-11,28.0,57,11,17.9,21.15,0.1,29.0
2020-08-12,25.9,52,14,11.2,24.09,0.0,27.0
2020-08-13,27.4,54,27,13.7,20.56,0.0,28.0
2020-08-14,27.9,47,36,15.2,23.22,0.0,29.0
2020-08-15,26.7,47,34,17.3,22.48,0.0,28.0
2020-08-16,27.3,49,1,17.9,23.32,0.0,28.0
2020-08-17,27.5,53,45,15.3,17.09,0.0,30.0
2020-08-18,26.1,73,74,8.3,15.56,0.3,27.0
2020-08-19,23.5,75,85,13.9,13.86,1.0,25.0
2020-08-20,26.7,69,48,14.0,18.79,0.6,28.0
2020-08-21,29.9,52,34,10.3,21.65,0.0,31.0
2020-08-22,31.8,65,50,17.0,18.17,8.3,33.0
2020-08-23,23.9,81,87,12.2,9.72,2.0,23.0
2020-08-24,23.2,68,52,15.6,16.3,0.0,25.0
2020-08-25,21.3,68,56,17.9,15.01,2.4,23.0
2020-08-26,24.8,70,76,27.4,11.45,4.5,26.0
2020-08-27,18.3,81,94,28.8,8.12,11.6,19.0
2020-08-28,20.3,74,79,19.8,11.47,0.6,21.0
2020-08-29,22.4,79,83,21.1,10.62,5.1,22.0
2020-08-30,20.1,91,91,17.8,8.5,21.0,20.0
2020-08-31,20.5,86,78,25.2,10.97,9.6,20.0
2020-09-01,15.5,93,95,21.5,4.15,6.7,16.0
2020-09-02,17.9,87,72,18.2,7.72,3.9,16.0
2020-09-03,20.0,76,29,22.9,17.23,0.0,21.0
2020-09-04,21.6,82,58,18.7,12.23,3.0,23.0
2020-09-05,25.1,84,86,15.8,13.65,8.4,26.0
2020-09-06,18.6,83,87,12.7,12.03,3.2,20.0
2020-09-07,18.0,77,69,12.0,11.86,0.0,19.0
2020-09-08,20.4,70,56,23.6,15.76,0.0,21.0
2020-09-09,22.1,71,37,17.0,12.85,0.0,23.0
2020-09-10,18.7,67,53,22.7,14.25,0.4,19.0
2020-09-11,18.9,72,42,10.3,11.37,0.0,20.0
2020-09-12,23.3,70,16,12.9,16.63,0.0,24.0
2020-09-13,20.7,75,79,18.0,14.88,0.0,21.0
2020-09-14,24.7,77,56,14.5,16.46,0.0,26.0
2020-09-15,27.1,75,43,10.8,16.72,0.0,28.0
2020-09-16,27.7,72,58,16.9,14.99,0.0,29.0
2020-09-17,20.2,69,69,23.6,10.3,0.7,20.0
2020-09-18,17.3,66,7,16.4,16.31,0.0,18.0
2020-09-19,18.9,73,73,10.6,15.17,0.0,20.0
2020-09-20,19.3,69,77,9.4,14.03,0.0,20.0
2020-09-21,22.3,74,0,9.9,15.85,0.0,24.0
2020-09-22,25.0,70,3,14.7,15.18,0.0,25.0
2020-09-23,25.8,68,12,13.1,15.04,0.0,27.0
2020-09-24,23.5,83,50,13.8,12.77,3.4,24.0
2020-09-25,23.9,78,77,23.5,12.9,3.4,24.0
2020-09-26,23.6,82,96,25.2,7.24,15.7,22.0
2020-09-27,13.8,94,84,24.6,2.91,19.2,16.0
2020-09-28,16.0,80,51,15.9,11.2,0.0,17.0
2020-09-29,15.5,92,100,14.6,3.0,6.0,15.0
2020-09-30,15.9,92,99,21.3,4.05,11.5,17.0
2020-10-01,14.3,87,96,17.9,3.43,0.5,15.0
2020-10-02,15.2,92,78,18.6,5.8,3.0,15.0
2020-10-03,22.0,76,56,28.4,11.52,1.3,23.0
2020-10-04,23.1,73,35,28.5,8.61,2.8,24.0
2020-10-05,20.8,83,42,20.3,8.8,7.2,21.0
2020-10-06,18.0,74,42,21.7,11.49,0.1,19.0
2020-10-07,17.9,82,72,11.7,9.86,0.2,18.0
2020-10-08,15.1,86,75,11.3,7.46,0.0,13.0
2020-10-09,16.1,84,69,18.3,5.68,0.0,17.0
2020-10-10,18.6,88,87,15.5,8.09,8.8,19.0
2020-10-11,11.8,89,86,14.9,3.6,4.3,13.0
2020-10-12,8.0,93,98,19.1,1.56,14.9,10.0
2020-10-13,9.0,96,100,31.6,1.58,17.2,10.0
2020-10-14,10.6,87,90,32.7,4.56,19.8,11.0
2020-10-15,8.9,95,85,10.0,3.0,2.7,9.0
2020-10-16,8.4,95,87,14.3,2.25,0.9,9.0
2020-10-17,6.9,95,100,17.2,1.67,4.3,8.0
2020-10-18,8.8,90,88,27.4,2.58,2.0,9.0
2020-10-19,9.8,85,34,21.2,7.53,0.3,11.0
2020-10-20,11.9,80,76,20.2,6.59,0.0,13.0
2020-10-21,13.7,69,99,19.0,4.33,0.4,13.0
2020-10-22,18.7,74,51,20.5,8.48,0.0,19.0
2020-10-23,15.8,84,91,15.8,4.06,0.8,15.0
2020-10-24,15.3,88,59,18.2,7.33,2.2,16.0
2020-10-25,14.9,91,42,18.3,7.73,0.0,15.0
2020-10-26,15.3,86,92,20.2,3.51,0.0,15.0
2020-10-27,16.2,85,86,17.6,5.32,1.1,16.0
2020-10-28,15.2,92,47,18.8,3.94,0.1,15.0
2020-10-29,13.9,85,82,15.7,6.13,1.4,14.0
2020-10-30,10.9,86,77,16.3,5.51,0.9,11.0
2020-10-31,8.4,96,84,10.1,3.13,0.2,8.0
2020-11-01,8.5,92,83,15.1,5.76,0.2,7.0
2020-11-02,12.7,93,96,14.0,1.96,2.1,13.0
2020-11-03,16.5,94,77,15.3,3.02,0.6,16.0
2020-11-04,9.8,97,64,11.9,0.98,3.7,10.0
2020-11-05,9.7,87,43,22.0,6.13,0.0,10.0
2020-11-06,10.6,88,99,24.4,1.79,1.0,10.0
2020-11-07,11.3,91,94,11.2,2.55,0.0,9.0
2020-11-08,10.3,86,41,10.2,6.42,0.0,9.0
2020-11-09,9.3,80,92,12.2,3.91,0.0,9.0
2020-11-10,8.2,78,91,12.3,3.14,0.0,8.0
2020-11-11,7.4,83,89,11.6,2.54,0.0,7.0
2020-11-12,8.1,84,96,14.2,2.4,0.4,6.0
2020-11-13,7.2,87,85,13.9,1.78,0.4,7.0
2020-11-14,8.8,94,82,10.9,2.64,0.0,10.0
2020-11-15,11.4,91,89,11.3,3.54,0.2,11.0
2020-11-16,9.7,90,78,15.3,4.21,1.2,9.0
2020-11-17,11.0,91,60,16.5,3.47,0.0,11.0
2020-11-18,11.8,90,85,16.3,2.82,0.4,11.0
2020-11-19,11.4,79,81,25.7,4.12,0.7,12.0
2020-11-20,7.9,77,43,25.0,4.13,0.5,8.0
2020-11-21,3.7,87,37,21.4,4.67,0.0,2.0
2020-11-22,6.8,70,97,24.5,0.85,0.7,7.0
2020-11-23,6.9,89,76,23.2,1.69,0.9,8.0
2020-11-24,7.3,81,74,23.3,4.23,0.0,8.0
2020-11-25,5.5,86,71,14.1,3.29,0.0,7.0
2020-11-26,3.9,86,44,18.2,4.24,0.0,5.0
2020-11-27,5.6,95,92,19.4,1.29,0.3,6.0
2020-11-28,3.2,90,92,16.4,2.1,2.7,4.0
2020-11-29,1.4,90,75,15.8,3.13,1.1,2.0
2020-11-30,2.2,88,83,14.3,2.8,0.0,3.0
2020-12-01,2.2,80,39,15.9,4.17,0.0,2.0
2020-12-02,-0.4,75,51,16.5,3.81,0.0,-1.0
2020-12-03,1.1,79,70,21.1,3.65,0.0,1.0
2020-12-04,5.2,77,86,30.5,1.33,0.5,4.0
2020-12-05,10.1,75,49,27.0,3.53,0.0,11.0
2020-12-06,6.6,82,77,28.2,2.62,0.0,6.0
2020-12-07,2.2,71,69,28.6,3.62,0.0,3.0
2020-12-08,-0.3,69,83,24.5,0.76,0.5,0.0
2020-12-09,0.3,73,64,20.8,3.38,0.0,-1.0
2020-12-10,0.7,81,99,18.0,0.98,4.7,1.0
2020-12-11,2.7,93,100,13.7,1.98,0.3,3.0
2020-12-12,3.3,92,100,18.7,1.18,0.6,4.0
2020-12-13,2.0,89,98,12.2,1.18,0.0,2.0
2020-12-14,2.5,91,90,12.0,1.94,0.0,2.0
2020-12-15,2.2,93,71,15.4,2.89,0.0,2.0
2020-12-16,4.2,90,99,14.7,1.26,0.3,5.0
2020-12-17,5.3,94,99,14.6,1.09,0.0,5.0
2020-12-18,5.8,94,90,13.3,1.65,0.5,6.0
2020-12-19,3.8,95,63,11.8,3.22,0.0,2.0
2020-12-20,4.2,92,85,14.5,2.52,0.0,3.0
2020-12-21,3.9,89,98,15.1,1.4,0.0,3.0
2020-12-22,8.9,91,100,22.5,0.7,8.4,9.0
2020-12-23,9.1,93,82,21.0,3.26,0.5,10.0
2020-12-24,10.1,90,95,21.4,0.97,6.5,10.0
2020-12-25,6.3,86,90,21.7,2.09,0.1,4.0
2020-12-26,1.8,89,60,21.3,1.95,0.3,2.0
2020-12-27,0.8,76,18,25.5,3.75,0.0,1.0
2020-12-28,6.0,78,64,31.4,2.8,0.4,7.0
2020-12-29,6.6,79,78,27.1,0.54,5.7,7.0
2020-12-30,5.3,94,91,17.9,0.9,5.8,5.0
2020-12-31,2.0,97,97,8.5,1.5,0.0,
