datum,p1_ifs,p1_aifs,p1_gfs,p1_icon,p1_gem,p2_ifs,p2_aifs,p2_gfs,p2_icon,p2_gem,mm_gem,mm_spreiding,run2run,rh_gem,bewolking_gem,wind_max,instraling_som,neerslag_som,doy_sin,doy_cos,era5_max,station_max,doel,doelbron
2021-01-01,,,,,,,,,,,,,,73,18,12.6,9.06,0.0,0.0172,0.9999,11.3,13.0,13.0,station
2021-01-02,,,,,,,,,,,,,,75,15,6.7,9.1,0.0,0.0344,0.9994,11.5,12.0,12.0,station
2021-01-03,,,,,,,,,,,,,,73,58,8.2,8.59,0.0,0.0516,0.9987,11.4,11.0,11.0,station
2021-01-04,,,,,,,,,,,,,,75,59,8.9,8.37,0.0,0.0688,0.9976,11.0,12.0,12.0,station
2021-01-05,,,,,,,,,,,,,,83,81,13.1,5.34,4.6,0.0859,0.9963,9.8,6.0,6.0,station
2021-01-06,,,,,,,,,,,,,,86,48,7.4,8.6,0.0,0.103,0.9947,9.4,6.0,6.0,station
2021-01-07,,,,,,,,,,,,,,88,57,10.0,8.78,0.0,0.1201,0.9928,9.6,7.0,7.0,station
2021-01-08,,,,,,,,,,,,,,79,73,13.3,8.02,0.0,0.1372,0.9905,11.8,12.0,12.0,station
2021-01-09,,,,,,,,,,,,,,76,67,15.4,8.87,0.0,0.1542,0.988,13.1,13.0,13.0,station
2021-01-10,,,,,,,,,,,,,,83,78,20.6,5.67,0.7,0.1712,0.9852,13.4,13.0,13.0,station
2021-01-11,,,,,,,,,,,,,,80,93,21.2,7.09,0.1,0.1881,0.9821,16.0,14.0,14.0,station
2021-01-12,,,,,,,,,,,,,,68,94,23.4,8.28,0.8,0.205,0.9788,18.3,17.0,17.0,station
2021-01-13,,,,,,,,,,,,,,80,97,30.0,1.68,14.9,0.2218,0.9751,11.7,11.0,11.0,station
2021-01-14,,,,,,,,,,,,,,91,77,13.7,5.35,4.8,0.2385,0.9711,4.1,4.0,4.0,station
2021-01-15,,,,,,,,,,,,,,85,75,16.4,3.23,3.9,0.2552,0.9669,1.6,0.0,0.0,station
2021-01-16,,,,,,,,,,,,,,73,82,13.5,5.93,0.1,0.2718,0.9624,2.8,-1.0,-1.0,station
2021-01-17,,,,,,,,,,,,,,82,85,15.5,7.12,3.7,0.2883,0.9575,2.1,0.0,0.0,station
2021-01-18,,,,,,,,,,,,,,70,52,12.3,6.6,1.2,0.3047,0.9524,-3.2,-4.0,-4.0,station
2021-01-19,,,,,,,,,,,,,,57,18,5.4,11.2,0.0,0.3211,0.9471,-2.4,-7.0,-7.0,station
2021-01-20,,,,,,,,,,,,,,67,39,11.4,11.07,0.0,0.3373,0.9414,-1.7,-3.0,-3.0,station
2021-01-21,,,,,,,,,,,,,,57,36,9.3,10.67,0.0,0.3534,0.9355,2.4,0.0,0.0,station
2021-01-22,,,,,,,,,,,,,,65,29,10.1,10.9,0.0,0.3695,0.9292,5.4,1.0,1.0,station
2021-01-23,,,,,,,,,,,,,,70,41,9.0,10.98,0.0,0.3854,0.9227,7.5,3.0,3.0,station
2021-01-24,,,,,,,,,,,,,,71,57,16.7,9.82,0.0,0.4012,0.916,8.4,4.0,4.0,station
2021-01-25,,,,,,,,,,,,,,78,65,25.6,8.88,1.1,0.4169,0.9089,9.2,6.0,6.0,station
2021-01-26,,,,,,,,,,,,,,80,88,28.1,7.91,2.4,0.4325,0.9016,11.3,10.0,10.0,station
2021-01-27,,,,,,,,,,,,,,75,95,26.3,3.09,8.1,0.4479,0.8941,10.2,10.0,10.0,station
2021-01-28,,,,,,,,,,,,,,82,70,17.9,8.0,3.2,0.4633,0.8862,1.7,1.0,1.0,station
2021-01-29,,,,,,,,,,,,,,71,25,16.1,11.22,0.0,0.4784,0.8781,1.1,0.0,0.0,station
2021-01-30,,,,,,,,,,,,,,65,88,19.9,7.11,6.0,0.4935,0.8698,5.8,4.0,4.0,station
2021-01-31,,,,,,,,,,,,,,89,91,12.0,5.73,3.3,0.5084,0.8611,6.5,5.0,5.0,station
2021-02-01,,,,,,,,,,,,,,73,49,16.8,11.39,0.0,0.5231,0.8523,11.9,11.0,11.0,station
2021-02-02,,,,,,,,,,,,,,70,48,12.3,12.05,0.0,0.5377,0.8432,13.6,13.0,13.0,station
2021-02-03,,,,,,,,,,,,,,73,72,8.8,11.1,0.0,0.5521,0.8338,13.1,14.0,14.0,station
2021-02-04,,,,,,,,,,,,,,77,5,12.4,12.52,0.0,0.5664,0.8242,12.8,14.0,14.0,station
2021-02-05,,,,,,,,,,,,,,77,29,12.0,10.97,0.0,0.5805,0.8143,11.1,13.0,13.0,station
2021-02-06,,,,,,,,,,,,,,74,19,13.8,12.77,0.0,0.5944,0.8042,12.5,14.0,14.0,station
2021-02-07,,,,,,,,,,,,,,68,42,14.1,12.79,0.0,0.6081,0.7938,13.3,15.0,15.0,station
2021-02-08,,,,,,,,,,,,,,52,91,23.0,7.61,0.0,0.6217,0.7833,14.8,14.0,14.0,station
2021-02-09,,,,,,,,,,,,,,57,50,29.1,9.71,0.3,0.6351,0.7725,14.8,15.0,15.0,station
2021-02-10,,,,,,,,,,,,,,75,37,25.9,9.51,0.2,0.6483,0.7614,11.1,12.0,12.0,station
2021-02-11,,,,,,,,,,,,,,62,45,14.3,13.49,0.0,0.6613,0.7502,15.9,17.0,17.0,station
2021-02-12,,,,,,,,,,,,,,66,42,32.6,9.8,3.5,0.6741,0.7387,10.5,11.0,11.0,station
2021-02-13,,,,,,,,,,,,,,67,56,12.9,13.04,0.0,0.6867,0.727,3.8,5.0,5.0,station
2021-02-14,,,,,,,,,,,,,,57,80,12.0,8.46,0.2,0.6991,0.715,7.9,8.0,8.0,station
2021-02-15,,,,,,,,,,,,,,80,93,19.3,2.33,12.6,0.7113,0.7029,4.2,4.0,4.0,station
2021-02-16,,,,,,,,,,,,,,77,99,21.5,9.38,4.1,0.7233,0.6906,-4.0,-3.0,-3.0,station
2021-02-17,,,,,,,,,,,,,,74,59,13.9,15.39,0.0,0.735,0.678,-4.2,-3.0,-3.0,station
2021-02-18,,,,,,,,,,,,,,83,74,12.8,11.4,0.3,0.7466,0.6653,-2.3,-2.0,-2.0,station
2021-02-19,,,,,,,,,,,,,,70,66,23.4,13.41,0.2,0.7579,0.6523,-0.1,0.0,0.0,station
2021-02-20,,,,,,,,,,,,,,60,11,8.7,16.28,0.0,0.769,0.6392,0.4,-2.0,-2.0,station
2021-02-21,,,,,,,,,,,,,,53,10,10.4,16.33,0.0,0.7799,0.6259,4.2,2.0,2.0,station
2021-02-22,,,,,,,,,,,,,,40,34,8.7,16.1,0.0,0.7906,0.6124,6.9,6.0,6.0,station
2021-02-23,,,,,,,,,,,,,,48,0,7.6,15.96,0.0,0.801,0.5987,10.3,11.0,11.0,station
2021-02-24,,,,,,,,,,,,,,48,20,14.0,15.84,0.0,0.8112,0.5848,12.3,13.0,13.0,station
2021-02-25,,,,,,,,,,,,,,74,23,14.8,15.71,0.0,0.8211,0.5708,8.6,7.0,7.0,station
2021-02-26,,,,,,,,,,,,,,71,1,7.4,16.57,0.0,0.8308,0.5566,10.2,11.0,11.0,station
2021-02-27,,,,,,,,,,,,,,66,0,8.2,16.92,0.0,0.8402,0.5422,11.3,13.0,13.0,station
2021-02-28,,,,,,,,,,,,,,66,19,19.1,13.44,0.0,0.8495,0.5277,9.0,10.0,10.0,station
2021-03-01,,,,,,,,,,,,,,61,62,9.7,15.53,0.0,0.8584,0.513,5.7,6.0,6.0,station
2021-03-02,,,,,,,,,,,,,,58,52,14.3,15.01,0.0,0.8671,0.4981,5.9,6.0,6.0,station
2021-03-03,,,,,,,,,,,,,,61,14,17.9,17.53,0.0,0.8755,0.4831,10.8,11.0,11.0,station
2021-03-04,,,,,,,,,,,,,,64,3,8.9,17.78,0.0,0.8837,0.468,8.4,10.0,10.0,station
2021-03-05,,,,,,,,,,,,,,51,1,12.8,18.54,0.0,0.8916,0.4527,13.0,15.0,15.0,station
2021-03-06,,,,,,,,,,,,,,46,73,17.9,13.31,0.0,0.8993,0.4373,11.7,13.0,13.0,station
2021-03-07,,,,,,,,,,,,,,73,97,11.0,6.13,2.8,0.9067,0.4218,5.0,5.0,5.0,station
2021-03-08,,,,,,,,,,,,,,65,24,12.1,18.44,0.0,0.9138,0.4061,6.5,7.0,7.0,station
2021-03-09,,,,,,,,,,,,,,44,33,9.6,18.77,0.0,0.9207,0.3904,8.4,10.0,10.0,station
2021-03-10,,,,,,,,,,,,,,46,63,12.6,16.55,0.0,0.9272,0.3745,11.9,12.0,12.0,station
2021-03-11,,,,,,,,,,,,,,78,85,20.7,7.71,4.0,0.9335,0.3585,7.9,8.0,8.0,station
2021-03-12,,,,,,,,,,,,,,53,19,18.4,19.64,0.0,0.9396,0.3424,5.7,7.0,7.0,station
2021-03-13,,,,,,,,,,,,,,50,46,11.2,19.21,0.0,0.9453,0.3261,11.2,13.0,13.0,station
2021-03-14,,,,,,,,,,,,,,53,91,12.1,17.33,0.0,0.9508,0.3098,14.1,13.0,13.0,station
2021-03-15,,,,,,,,,,,,,,71,62,18.1,15.85,0.3,0.956,0.2934,13.9,15.0,15.0,station
2021-03-16,,,,,,,,,,,,,,69,68,29.8,14.72,8.2,0.9609,0.2769,9.5,9.0,9.0,station
2021-03-17,,,,,,,,,,,,,,72,74,21.1,14.51,4.7,0.9655,0.2604,8.4,6.0,6.0,station
2021-03-18,,,,,,,,,,,,,,69,47,25.8,16.53,0.5,0.9698,0.2437,6.8,6.0,6.0,station
2021-03-19,,,,,,,,,,,,,,80,68,14.3,11.68,5.2,0.9739,0.227,8.0,6.0,6.0,station
2021-03-20,,,,,,,,,,,,,,84,93,10.5,11.48,8.2,0.9777,0.2102,8.9,8.0,8.0,station
2021-03-21,,,,,,,,,,,,,,86,94,21.5,10.64,5.7,0.9811,0.1934,12.2,11.0,11.0,station
2021-03-22,,,,,,,,,,,,,,75,51,22.6,12.59,7.4,0.9843,0.1765,14.1,12.0,12.0,station
2021-03-23,,,,,,,,,,,,,,78,89,20.5,9.03,16.0,0.9872,0.1595,12.5,9.0,9.0,station
2021-03-24,,,1.4,,,,,,,,,,,76,99,16.5,9.68,10.8,0.9898,0.1425,2.6,4.0,4.0,station
2021-03-25,,,-0.7,,,,,1.1,,,,,,77,100,21.9,13.62,2.7,0.9921,0.1255,0.2,1.0,1.0,station
2021-03-26,,,2.4,,,,,2.8,,,,,,71,96,16.6,13.09,1.8,0.9941,0.1084,2.3,2.0,2.0,station
2021-03-27,,,7.0,,,,,6.4,,,,,,71,68,18.2,15.37,0.5,0.9958,0.0913,6.9,7.0,7.0,station
2021-03-28,,,10.2,,,,,9.9,,,,,,65,5,7.9,22.0,0.0,0.9972,0.0741,10.6,11.0,11.0,station
2021-03-29,,,11.3,,,,,11.9,,,,,,71,37,11.5,19.52,2.5,0.9984,0.057,11.4,12.0,12.0,station
2021-03-30,,,7.2,,,,,6.6,,,,,,71,77,15.9,19.12,3.2,0.9992,0.0398,8.4,8.0,8.0,station
2021-03-31,,,8.6,,,,,8.6,,,,,,78,93,22.7,15.48,2.0,0.9997,0.0226,9.0,8.0,8.0,station
2021-04-01,,,8.8,,,,,9.0,,,,,,82,88,15.3,13.74,4.0,1.0,0.0054,9.9,8.0,8.0,station
2021-04-02,,,7.8,,,,,7.6,,,,,,77,81,13.9,12.52,0.2,0.9999,-0.0118,8.9,9.0,9.0,station
2021-04-03,,,13.6,,,,,13.8,,,,,,70,39,20.2,18.22,1.6,0.9996,-0.029,13.6,14.0,14.0,station
2021-04-04,,,14.6,,,,,15.2,,,,,,64,46,24.8,19.26,0.0,0.9989,-0.0462,14.8,16.0,16.0,station
2021-04-05,,,16.6,,,,,16.5,,,,,,76,93,27.4,7.61,6.5,0.998,-0.0634,12.7,14.0,14.0,station
2021-04-06,,,19.3,,,,,19.3,,,,,,60,97,22.3,14.43,1.1,0.9968,-0.0805,16.9,18.0,18.0,station
2021-04-07,,,19.8,,,,,19.6,,,,,,39,10,25.7,24.04,0.0,0.9952,-0.0977,20.1,21.0,21.0,station
2021-04-08,,,16.8,,,,,16.1,,,,,,54,61,26.0,22.18,0.0,0.9934,-0.1148,16.5,17.0,17.0,station
2021-04-09,,,9.0,,,,,9.2,,,,,,73,94,21.8,7.13,6.6,0.9913,-0.1319,5.3,5.0,5.0,station
2021-04-10,,,4.7,,,,,4.6,,,,,,60,82,28.4,12.36,0.2,0.9889,-0.1489,5.2,6.0,6.0,station
2021-04-11,,,3.2,,,,,2.8,,,,,,71,94,16.7,8.13,3.8,0.9861,-0.1659,4.6,4.0,4.0,station
2021-04-12,,,9.3,,,,,6.9,,,,,,76,69,13.7,13.65,0.0,0.9831,-0.1828,7.2,7.0,7.0,station
2021-04-13,,,11.9,,,,,13.3,,,,,,70,63,13.0,18.05,0.0,0.9799,-0.1997,11.8,13.0,13.0,station
2021-04-14,,,17.6,,,,,17.1,,,,,,63,60,20.7,21.41,0.8,0.9763,-0.2165,15.4,18.0,18.0,station
2021-04-15,,,17.4,,,,,17.1,,,,,,51,60,20.8,22.02,0.0,0.9724,-0.2333,16.5,18.0,18.0,station
2021-04-16,,,18.1,,,,,17.5,,,,,,59,79,17.0,13.69,0.0,0.9683,-0.25,16.7,18.0,18.0,station
2021-04-17,,,18.4,,,,,15.2,,,,,,62,97,22.0,13.92,1.5,0.9638,-0.2666,19.6,21.0,21.0,station
2021-04-18,,,20.5,,,,,20.1,,,,,,68,98,24.7,10.31,10.2,0.9591,-0.2831,20.3,18.0,18.0,station
2021-04-19,,,21.5,,,,,23.6,,,,,,73,96,12.6,15.89,0.8,0.9541,-0.2996,18.3,17.0,17.0,station
2021-04-20,,,16.5,,,,,16.5,,,,,,61,23,20.4,25.8,0.0,0.9488,-0.316,16.0,16.0,16.0,station
2021-04-21,,,15.9,,,,,15.5,,,,,,59,41,14.2,25.84,0.0,0.9432,-0.3322,15.3,16.0,16.0,station
2021-04-22,,,16.5,,,,,16.6,,,,,,59,6,15.3,25.75,0.3,0.9373,-0.3484,15.7,17.0,17.0,station
2021-04-23,,,20.1,,,,,20.2,,,,,,51,24,15.3,26.01,0.0,0.9312,-0.3645,20.2,22.0,22.0,station
2021-04-24,,,19.7,,,,,20.7,,,,,,58,57,16.1,23.54,0.0,0.9248,-0.3804,19.2,19.0,19.0,station
2021-04-25,,,19.2,,,,,20.2,,,,,,74,88,17.9,13.56,6.7,0.9181,-0.3963,16.1,16.0,16.0,station
2021-04-26,,,14.4,,,,,14.5,,,,,,77,54,17.0,15.78,3.7,0.9112,-0.412,15.8,15.0,15.0,station
2021-04-27,,,18.6,,,,,18.7,,,,,,63,33,13.6,25.91,0.0,0.9039,-0.4276,17.9,20.0,20.0,station
2021-04-28,,,23.0,,,,,24.5,,,,,,50,86,18.4,25.08,0.0,0.8965,-0.4431,22.9,24.0,24.0,station
2021-04-29,,,26.0,,,,,25.2,,,,,,47,48,31.9,23.75,0.1,0.8887,-0.4585,24.7,27.0,27.0,station
2021-04-30,,,23.6,,,,,22.7,,,,,,58,76,21.3,20.61,0.1,0.8807,-0.4737,23.0,24.0,24.0,station
2021-05-01,,,24.4,,,,,24.1,,,,,,51,48,13.7,25.05,0.0,0.8724,-0.4888,24.8,26.0,26.0,station
2021-05-02,,,26.1,,,,,27.1,,,,,,51,69,12.8,19.06,0.0,0.8639,-0.5037,25.6,27.0,27.0,station
2021-05-03,,,27.6,,,,,27.2,,,,,,45,67,19.5,23.9,0.0,0.8551,-0.5185,27.9,29.0,29.0,station
2021-05-04,,,21.8,,,,,21.3,,,,,,70,86,17.2,10.73,0.6,0.846,-0.5331,19.1,19.0,19.0,station
2021-05-05,,,21.4,,,,,20.6,,,,,,56,68,15.1,25.87,0.1,0.8367,-0.5476,21.4,22.0,22.0,station
2021-05-06,,,20.1,,,,,21.4,,,,,,64,66,15.5,12.46,1.0,0.8272,-0.5619,17.7,18.0,18.0,station
2021-05-07,,,21.9,,,,,22.3,,,,,,57,4,8.9,27.95,0.0,0.8174,-0.5761,22.4,23.0,23.0,station
2021-05-08,,,25.1,,,,,26.0,,,,,,54,68,18.6,21.58,0.6,0.8074,-0.59,24.1,26.0,26.0,station
2021-05-09,,,15.7,,,,,16.1,,,,,,56,28,18.4,28.34,5.4,0.7971,-0.6038,14.6,14.0,14.0,station
2021-05-10,,,15.4,,,,,15.6,,,,,,49,0,13.1,29.37,0.0,0.7866,-0.6175,15.8,17.0,17.0,station
2021-05-11,,,20.5,,,,,20.4,,,,,,46,0,15.2,29.12,0.0,0.7759,-0.6309,20.3,22.0,22.0,station
2021-05-12,,,23.5,,,,,24.2,,,,,,38,12,17.1,29.06,0.0,0.7649,-0.6442,25.0,25.0,25.0,station
2021-05-13,,,26.5,,,,,26.4,,,,,,30,9,19.4,28.73,0.0,0.7537,-0.6572,27.5,28.0,28.0,station
2021-05-14,,,27.0,,,,,27.7,,,,,,28,11,21.5,29.12,0.0,0.7423,-0.6701,28.6,28.0,28.0,station
2021-05-15,,,26.7,,,,,27.1,,,,,,42,19,15.0,29.1,0.0,0.7306,-0.6828,28.1,29.0,29.0,station
2021-05-16,,,22.1,,,,,23.8,,,,,,51,87,24.4,17.54,1.5,0.7188,-0.6952,23.2,23.0,23.0,station
2021-05-17,,,20.1,,,,,18.9,,,,,,58,38,20.5,21.76,0.1,0.7067,-0.7075,19.9,20.0,20.0,station
2021-05-18,,,25.3,,,,,25.3,,,,,,44,34,24.2,23.19,0.0,0.6945,-0.7195,25.3,26.0,26.0,station
2021-05-19,,,21.8,,,,,22.5,,,,,,47,11,17.0,29.66,0.0,0.682,-0.7314,22.9,23.0,23.0,station
2021-05-20,,,29.1,,,,,28.8,,,,,,26,1,26.5,29.61,0.0,0.6693,-0.743,30.9,30.0,30.0,station
2021-05-21,,,28.2,,,,,29.0,,,,,,44,10,29.3,28.43,0.0,0.6564,-0.7544,28.9,28.0,28.0,station
2021-05-22,,,14.4,,,,,17.5,,,,,,66,60,19.8,15.43,4.3,0.6433,-0.7656,17.1,16.0,16.0,station
2021-05-23,,,20.9,,,,,19.7,,,,,,54,42,18.2,25.62,0.0,0.6301,-0.7765,22.6,23.0,23.0,station
2021-05-24,,,26.7,,,,,26.1,,,,,,46,22,20.9,29.42,0.0,0.6166,-0.7873,27.3,27.0,27.0,station
2021-05-25,,,27.3,,,,,26.9,,,,,,37,2,17.2,30.12,0.0,0.603,-0.7978,28.3,28.0,28.0,station
2021-05-26,,,27.8,,,,,27.5,,,,,,37,26,19.3,29.79,0.0,0.5892,-0.808,30.2,30.0,30.0,station
2021-05-27,,,28.0,,,,,28.0,,,,,,35,57,16.8,26.58,0.3,0.5752,-0.818,30.0,30.0,30.0,station
2021-05-28,,,27.4,,,,,27.1,,,,,,41,36,15.8,26.91,5.0,0.561,-0.8278,28.4,29.0,29.0,station
2021-05-29,,,19.0,,,,,20.0,,,,,,69,80,17.9,18.95,10.6,0.5467,-0.8373,19.2,19.0,19.0,station
2021-05-30,,,24.0,,,,,23.8,,,,,,58,31,13.8,22.8,0.0,0.5322,-0.8466,23.9,24.0,24.0,station
2021-05-31,,,23.0,,,,,21.5,,,,,,65,66,19.9,22.56,5.1,0.5176,-0.8556,22.2,21.0,21.0,station
2021-06-01,,,20.8,,,,,18.7,,,,,,74,58,23.6,20.24,1.8,0.5028,-0.8644,19.1,20.0,20.0,station
2021-06-02,,,15.5,,,,,15.9,,,,,,68,44,22.0,23.62,3.2,0.4878,-0.8729,15.7,16.0,16.0,station
2021-06-03,,,17.5,,,,,18.7,,,,,,65,48,17.3,19.3,0.0,0.4728,-0.8812,16.2,16.0,16.0,station
2021-06-04,,,17.9,,,,,17.4,,,,,,66,50,14.0,18.18,0.0,0.4575,-0.8892,17.5,16.0,16.0,station
2021-06-05,,,18.9,,,,,18.7,,,,,,61,39,19.5,21.45,0.0,0.4422,-0.8969,17.8,16.0,16.0,station
2021-06-06,,,20.9,,,,,21.9,,,,,,53,11,11.8,30.38,0.0,0.4267,-0.9044,20.9,23.0,23.0,station
2021-06-07,,,23.6,,,,,23.8,,,,,,48,30,13.8,26.52,0.0,0.4111,-0.9116,23.5,25.0,25.0,station
2021-06-08,,,22.8,,,,,23.3,,,,,,66,65,12.1,21.2,4.4,0.3953,-0.9185,22.9,20.0,20.0,station
2021-06-09,,,22.0,,,,,22.6,,,,,,76,64,10.6,21.37,2.9,0.3795,-0.9252,21.7,20.0,20.0,station
2021-06-10,,,22.7,,,,,24.5,,,,,,62,52,12.5,22.84,1.8,0.3635,-0.9316,22.3,25.0,25.0,station
2021-06-11,,,21.8,,,,,22.8,,,,,,70,65,12.8,21.12,2.7,0.3474,-0.9377,23.6,23.0,23.0,station
2021-06-12,,,23.1,,,,,23.0,,,,,,77,57,8.6,19.12,12.8,0.3312,-0.9436,19.8,20.0,20.0,station
2021-06-13,,,23.9,,,,,24.1,,,,,,63,19,10.9,26.98,0.0,0.3149,-0.9491,23.3,25.0,25.0,station
2021-06-14,,,21.1,,,,,23.2,,,,,,78,64,11.4,20.12,6.9,0.2986,-0.9544,22.0,23.0,23.0,station
2021-06-15,,,20.2,,,,,20.7,,,,,,69,59,19.6,22.01,1.3,0.2821,-0.9594,19.6,20.0,20.0,station
2021-06-16,,,19.3,,,,,20.7,,,,,,62,75,18.1,21.13,2.0,0.2656,-0.9641,19.8,20.0,20.0,station
2021-06-17,,,19.8,,,,,22.2,,,,,,71,69,17.2,17.68,1.3,0.2489,-0.9685,20.0,21.0,21.0,station
2021-06-18,,,24.0,,,,,25.1,,,,,,66,18,15.2,27.53,0.0,0.2322,-0.9727,23.7,25.0,25.0,station
2021-06-19,,,25.7,,,,,26.9,,,,,,53,17,10.6,26.77,0.1,0.2155,-0.9765,25.4,28.0,28.0,station
2021-06-20,,,28.3,,,,,28.2,,,,,,55,18,12.5,26.42,0.0,0.1986,-0.9801,27.4,28.0,28.0,station
2021-06-21,,,24.7,,,,,25.4,,,,,,69,61,15.6,23.31,1.6,0.1818,-0.9833,25.7,25.0,25.0,station
2021-06-22,,,23.5,,,,,25.3,,,,,,77,61,10.4,20.37,4.2,0.1648,-0.9863,23.0,24.0,24.0,station
2021-06-23,,,25.7,,,,,24.9,,,,,,69,19,10.1,24.93,0.5,0.1478,-0.989,25.1,27.0,27.0,station
2021-06-24,,,24.6,,,,,25.3,,,,,,64,28,14.4,23.15,0.5,0.1308,-0.9914,25.6,26.0,26.0,station
2021-06-25,,,26.9,,,,,26.1,,,,,,66,20,16.2,24.53,3.1,0.1137,-0.9935,25.4,25.0,25.0,station
2021-06-26,,,27.1,,,,,27.4,,,,,,65,28,12.0,25.83,0.9,0.0966,-0.9953,26.8,27.0,27.0,station
2021-06-27,,,27.9,,,,,28.8,,,,,,61,17,17.6,26.65,0.0,0.0795,-0.9968,28.7,28.0,28.0,station
2021-06-28,,,28.5,,,,,26.8,,,,,,59,16,17.2,25.9,0.1,0.0623,-0.9981,27.7,28.0,28.0,station
2021-06-29,,,28.5,,,,,28.6,,,,,,51,1,15.9,30.47,0.0,0.0451,-0.999,28.7,29.0,29.0,station
2021-06-30,,,29.5,,,,,29.4,,,,,,42,0,15.1,30.81,0.0,0.028,-0.9996,30.2,30.0,30.0,station
2021-07-01,,,31.9,,,,,32.2,,,,,,44,1,13.9,30.5,0.0,0.0108,-0.9999,32.2,33.0,33.0,station
2021-07-02,,,33.8,,,,,34.0,,,,,,35,19,18.0,27.15,0.0,-0.0065,-1.0,34.6,35.0,35.0,station
2021-07-03,,,29.7,,,,,30.4,,,,,,51,62,29.5,22.84,5.6,-0.0237,-0.9997,30.0,27.0,27.0,station
2021-07-04,,,23.2,,,,,23.8,,,,,,68,50,20.6,23.79,4.6,-0.0408,-0.9992,22.6,22.0,22.0,station
2021-07-05,,,24.8,,,,,25.0,,,,,,61,43,14.1,22.98,0.0,-0.058,-0.9983,23.7,25.0,25.0,station
2021-07-06,,,25.3,,,,,26.3,,,,,,58,42,21.3,27.68,0.0,-0.0752,-0.9972,26.1,25.0,25.0,station
2021-07-07,,,27.3,,,,,27.2,,,,,,70,46,13.5,21.98,1.9,-0.0923,-0.9957,26.4,27.0,27.0,station
2021-07-08,,,27.2,,,,,27.4,,,,,,71,30,13.1,22.16,4.0,-0.1094,-0.994,26.8,27.0,27.0,station
2021-07-09,,,27.1,,,,,26.8,,,,,,59,23,18.4,25.41,0.0,-0.1265,-0.992,27.2,27.0,27.0,station
2021-07-10,,,26.9,,,,,27.0,,,,,,54,7,21.6,28.22,0.0,-0.1436,-0.9896,28.4,28.0,28.0,station
2021-07-11,,,28.3,,,,,28.4,,,,,,48,2,12.7,30.04,0.0,-0.1606,-0.987,28.3,29.0,29.0,station
2021-07-12,,,30.4,,,,,30.1,,,,,,51,5,14.7,28.11,0.0,-0.1775,-0.9841,30.5,31.0,31.0,station
2021-07-13,,,30.3,,,,,30.8,,,,,,50,0,21.3,29.73,0.0,-0.1944,-0.9809,31.7,31.0,31.0,station
2021-07-14,,,28.9,,,,,29.0,,,,,,46,5,23.1,28.52,0.0,-0.2113,-0.9774,30.5,29.0,29.0,station
2021-07-15,,,30.9,,,,,29.1,,,,,,44,1,20.6,29.91,0.0,-0.2281,-0.9736,31.5,31.0,31.0,station
2021-07-16,,,31.2,,,,,31.9,,,,,,39,0,14.7,29.82,0.0,-0.2448,-0.9696,32.1,31.0,31.0,station
2021-07-17,,,33.3,,,,,34.0,,,,,,34,0,16.9,29.69,0.0,-0.2614,-0.9652,34.2,34.0,34.0,station
2021-07-18,,,35.3,,,,,35.6,,,,,,31,8,14.8,28.33,0.0,-0.278,-0.9606,36.9,37.0,37.0,station
2021-07-19,,,37.0,,,,,37.0,,,,,,30,1,18.5,29.34,0.0,-0.2945,-0.9557,37.8,38.0,38.0,station
2021-07-20,,,36.7,,,,,37.5,,,,,,40,7,17.7,26.72,0.0,-0.3109,-0.9505,36.2,37.0,37.0,station
2021-07-21,,,33.4,,,,,32.9,,,,,,45,7,22.7,28.2,0.0,-0.3272,-0.945,33.8,34.0,34.0,station
2021-07-22,,,29.2,,,,,28.2,,,,,,53,8,20.9,26.83,0.0,-0.3434,-0.9392,29.1,28.0,28.0,station
2021-07-23,,,25.4,,,,,26.4,,,,,,55,38,20.4,17.27,0.0,-0.3595,-0.9332,26.4,27.0,27.0,station
2021-07-24,,,26.7,,,,,27.3,,,,,,48,11,25.3,28.4,0.0,-0.3755,-0.9268,27.7,27.0,27.0,station
2021-07-25,,,27.9,,,,,27.5,,,,,,43,7,21.7,29.31,0.0,-0.3914,-0.9202,28.0,28.0,28.0,station
2021-07-26,,,29.8,,,,,29.6,,,,,,49,20,19.1,25.56,0.0,-0.4071,-0.9134,29.6,29.0,29.0,station
2021-07-27,,,30.3,,,,,30.1,,,,,,53,19,24.3,23.3,0.0,-0.4228,-0.9062,30.1,29.0,29.0,station
2021-07-28,,,29.7,,,,,30.1,,,,,,38,0,21.2,28.84,0.0,-0.4383,-0.8988,30.2,30.0,30.0,station
2021-07-29,,,30.1,,,,,30.3,,,,,,34,0,17.1,29.18,0.0,-0.4537,-0.8912,30.7,31.0,31.0,station
2021-07-30,,,31.4,,,,,31.3,,,,,,32,2,16.8,28.5,0.0,-0.469,-0.8832,32.5,32.0,32.0,station
2021-07-31,,,32.0,,,,,32.3,,,,,,38,1,20.5,28.27,0.0,-0.4841,-0.875,32.5,33.0,33.0,station
2021-08-01,,,32.2,,,,,32.3,,,,,,38,0,18.4,28.76,0.0,-0.4991,-0.8666,32.4,32.0,32.0,station
2021-08-02,,,32.0,,,,,31.7,,,,,,39,0,15.2,28.45,0.0,-0.5139,-0.8578,32.4,32.0,32.0,station
2021-08-03,,,34.8,,,,,34.9,,,,,,37,0,20.0,28.47,0.0,-0.5286,-0.8489,35.3,35.0,35.0,station
2021-08-04,,,34.8,,,,,35.2,,,,,,36,0,18.9,27.93,0.0,-0.5431,-0.8397,35.0,35.0,35.0,station
2021-08-05,,,33.8,,,,,33.9,,,,,,39,2,14.2,27.6,0.0,-0.5575,-0.8302,33.9,35.0,35.0,station
2021-08-06,,,34.8,,,,,35.2,,,,,,30,9,17.3,27.91,0.0,-0.5717,-0.8205,34.9,35.0,35.0,station
2021-08-07,,,30.2,,,,,31.2,,,,,,39,89,23.1,17.77,1.1,-0.5857,-0.8105,29.9,27.0,27.0,station
2021-08-08,,,27.6,,,,,28.8,,,,,,64,38,16.2,20.45,0.3,-0.5996,-0.8003,26.9,26.0,26.0,station
2021-08-09,,,26.9,,,,,29.7,,,,,,56,12,20.2,25.24,0.0,-0.6132,-0.7899,29.2,29.0,29.0,station
2021-08-10,,,25.4,,,,,25.1,,,,,,54,41,21.9,25.84,0.1,-0.6267,-0.7792,29.0,29.0,29.0,station
2021-08-11,,,26.5,,,,,23.0,,,,,,57,57,19.5,23.48,0.0,-0.64,-0.7683,28.4,27.0,27.0,station
2021-08-12,,,27.1,,,,,26.1,,,,,,58,14,23.8,24.15,0.1,-0.6532,-0.7572,29.8,28.0,28.0,station
2021-08-13,,,27.4,,,,,26.8,,,,,,55,13,17.7,23.5,0.0,-0.6661,-0.7459,28.0,28.0,28.0,station
2021-08-14,,,26.4,,,,,26.4,,,,,,48,2,18.4,26.9,0.0,-0.6788,-0.7343,27.0,27.0,27.0,station
2021-08-15,,,27.3,,,,,26.1,,,,,,50,2,18.5,26.86,0.0,-0.6914,-0.7225,27.5,28.0,28.0,station
2021-08-16,,,28.1,,,,,28.2,,,,,,48,0,15.3,26.46,0.0,-0.7037,-0.7105,28.7,29.0,29.0,station
2021-08-17,,,30.7,,,,,31.1,,,,,,42,0,15.6,26.36,0.0,-0.7158,-0.6983,31.1,32.0,32.0,station
2021-08-18,,,32.2,,,,,32.4,,,,,,42,4,16.2,25.44,0.0,-0.7277,-0.6859,31.9,32.0,32.0,station
2021-08-19,,,30.9,,,,,30.9,,,,,,52,3,20.9,25.74,0.0,-0.7394,-0.6733,30.9,31.0,31.0,station
2021-08-20,,,29.0,,,,,28.5,,,,,,55,16,19.5,24.09,0.0,-0.7509,-0.6605,28.8,28.0,28.0,station
2021-08-21,,,28.7,,,,,29.1,,,,,,50,2,22.9,25.33,0.0,-0.7621,-0.6474,29.2,30.0,30.0,station
2021-08-22,,,29.3,,,,,29.5,,,,,,48,6,19.0,24.9,0.0,-0.7731,-0.6342,29.6,30.0,30.0,station
2021-08-23,,,29.1,,,,,28.6,,,,,,47,2,18.9,25.35,0.0,-0.7839,-0.6208,28.5,28.0,28.0,station
2021-08-24,,,29.3,,,,,29.9,,,,,,44,0,16.0,25.61,0.0,-0.7945,-0.6073,29.8,29.0,29.0,station
2021-08-25,,,32.0,,,,,32.5,,,,,,41,1,14.1,25.32,0.0,-0.8048,-0.5935,31.5,32.0,32.0,station
2021-08-26,,,32.9,,,,,33.2,,,,,,35,6,18.4,22.68,0.0,-0.8149,-0.5796,32.1,33.0,33.0,station
2021-08-27,,,34.8,,,,,35.3,,,,,,37,0,11.6,24.46,0.0,-0.8248,-0.5655,33.8,34.0,34.0,station
2021-08-28,,,35.3,,,,,35.9,,,,,,32,3,17.4,24.31,0.0,-0.8344,-0.5512,35.7,36.0,36.0,station
2021-08-29,,,35.8,,,,,35.9,,,,,,29,0,16.6,24.71,0.0,-0.8437,-0.5368,35.9,36.0,36.0,station
2021-08-30,,,34.2,,,,,34.8,,,,,,44,15,17.2,22.05,0.0,-0.8528,-0.5222,33.8,34.0,34.0,station
2021-08-31,,,32.2,,,,,32.5,,,,,,45,19,18.9,20.5,0.0,-0.8617,-0.5074,30.7,31.0,31.0,station
2021-09-01,,,29.3,,,,,31.2,,,,,,57,31,22.5,18.88,0.3,-0.8703,-0.4925,29.2,29.0,29.0,station
2021-09-02,,,24.4,,,,,24.5,,,,,,53,18,18.8,21.59,0.0,-0.8786,-0.4775,23.8,23.0,23.0,station
2021-09-03,,,22.2,,,,,21.9,,,,,,54,22,14.8,18.0,0.0,-0.8867,-0.4623,23.0,22.0,22.0,station
2021-09-04,,,23.4,,,,,23.8,,,,,,52,11,15.1,23.34,0.0,-0.8945,-0.447,24.5,24.0,24.0,station
2021-09-05,,,24.8,,,,,24.8,,,,,,48,25,24.2,22.23,0.0,-0.9021,-0.4315,25.3,25.0,25.0,station
2021-09-06,,,22.4,,,,,22.5,,,,,,54,6,21.5,22.33,0.0,-0.9094,-0.4159,22.6,23.0,23.0,station
2021-09-07,,,21.1,,,,,21.5,,,,,,51,4,19.1,22.82,0.0,-0.9164,-0.4002,21.5,21.0,21.0,station
2021-09-08,,,25.4,,,,,25.1,,,,,,38,0,15.0,23.11,0.0,-0.9232,-0.3844,25.5,26.0,26.0,station
2021-09-09,,,27.7,,,,,27.3,,,,,,40,0,17.9,22.9,0.0,-0.9296,-0.3685,27.6,29.0,29.0,station
2021-09-10,,,26.2,,,,,26.8,,,,,,48,26,18.2,19.03,0.8,-0.9358,-0.3524,27.5,28.0,28.0,station
2021-09-11,,,23.9,,,,,24.5,,,,,,64,28,14.9,19.32,0.3,-0.9418,-0.3363,23.6,24.0,24.0,station
2021-09-12,,,24.1,,,,,24.6,,,,,,53,20,13.8,19.65,0.0,-0.9474,-0.32,25.5,25.0,25.0,station
2021-09-13,,,26.1,,,,,26.9,,,,,,55,17,13.4,18.83,0.1,-0.9528,-0.3037,26.7,26.0,26.0,station
2021-09-14,,,25.3,,,,,26.9,,,,,,64,36,14.3,18.88,1.8,-0.9579,-0.2873,26.5,26.0,26.0,station
2021-09-15,,,20.1,,,,,19.6,,,,,,76,93,15.8,10.43,13.7,-0.9627,-0.2707,19.7,17.0,17.0,station
2021-09-16,,,19.8,,,,,19.7,,,,,,76,82,17.4,10.22,8.6,-0.9672,-0.2541,18.4,19.0,19.0,station
2021-09-17,,,20.3,,,,,21.0,,,,,,60,0,8.4,21.78,0.0,-0.9714,-0.2375,19.8,21.0,21.0,station
2021-09-18,,,24.5,,,,,25.2,,,,,,52,19,14.1,20.73,0.0,-0.9753,-0.2207,23.9,24.0,24.0,station
2021-09-19,,,25.5,,,,,26.3,,,,,,62,23,18.0,18.36,0.5,-0.979,-0.2039,23.7,25.0,25.0,station
2021-09-20,,,26.9,,,,,26.9,,,,,,60,24,15.9,17.97,0.3,-0.9824,-0.187,25.0,27.0,27.0,station
2021-09-21,,,26.7,,,,,27.4,,,,,,60,45,20.0,16.06,0.0,-0.9854,-0.1701,24.5,24.0,24.0,station
2021-09-22,,,20.3,,,,,20.5,,,,,,67,59,15.5,15.24,0.0,-0.9882,-0.1531,19.7,20.0,20.0,station
2021-09-23,,,13.2,,,,,13.5,,,,,,71,61,16.0,14.43,7.1,-0.9907,-0.1361,15.9,15.0,15.0,station
2021-09-24,,,16.3,,,,,16.0,,,,,,63,10,12.4,18.42,0.0,-0.9929,-0.1191,16.4,17.0,17.0,station
2021-09-25,,,19.0,,,,,20.8,,,,,,59,51,16.4,14.86,0.0,-0.9948,-0.102,18.8,18.0,18.0,station
2021-09-26,,,21.6,,,,,21.5,,,,,,63,0,7.2,19.7,0.0,-0.9964,-0.0848,21.5,23.0,23.0,station
2021-09-27,,,23.4,,,,,23.8,,,,,,49,13,12.9,19.42,0.0,-0.9977,-0.0677,23.8,25.0,25.0,station
2021-09-28,,,21.2,,,,,21.8,,,,,,66,4,10.7,18.89,0.0,-0.9987,-0.0505,21.3,22.0,22.0,station
2021-09-29,,,18.3,,,,,18.7,,,,,,67,55,16.6,15.49,0.0,-0.9994,-0.0333,19.8,19.0,19.0,station
2021-09-30,,,18.2,,,,,17.2,,,,,,59,54,19.3,14.6,0.2,-0.9999,-0.0161,18.6,18.0,18.0,station
2021-10-01,,,17.0,,,,,17.3,,,,,,59,13,14.3,18.43,0.0,-1.0,0.0011,18.6,18.0,18.0,station
2021-10-02,,,18.3,,,,,18.7,,,,,,60,10,11.4,18.62,0.0,-0.9998,0.0183,18.3,19.0,19.0,station
2021-10-03,,,19.0,,,,,19.2,,,,,,65,16,18.5,16.71,0.0,-0.9994,0.0355,19.7,18.0,18.0,station
2021-10-04,,,17.8,,,,,17.7,,,,,,62,12,11.2,17.79,0.0,-0.9986,0.0527,17.8,19.0,19.0,station
2021-10-05,,,17.1,,,,,17.7,,,,,,65,29,15.7,12.85,0.0,-0.9976,0.0698,15.9,16.0,16.0,station
2021-10-06,,,16.1,,,,,16.4,,,,,,64,34,8.6,14.93,0.0,-0.9962,0.087,16.8,18.0,18.0,station
2021-10-07,,,17.8,,,,,18.4,,,,,,56,3,8.3,17.5,0.0,-0.9946,0.1041,18.2,19.0,19.0,station
2021-10-08,,,20.4,,,,,20.5,,,,,,50,15,7.3,17.49,0.0,-0.9926,0.1212,20.3,21.0,21.0,station
2021-10-09,,,23.3,,,,,23.1,,,,,,41,17,10.1,17.13,0.0,-0.9904,0.1383,23.6,24.0,24.0,station
2021-10-10,,,23.7,,,,,23.8,,,,,,43,2,10.2,16.92,0.0,-0.9879,0.1553,24.8,26.0,26.0,station
2021-10-11,,,23.4,,,,,23.6,,,,,,54,2,13.5,16.64,0.0,-0.9851,0.1722,23.2,24.0,24.0,station
2021-10-12,,,24.1,,,,,24.3,,,,,,49,29,19.7,15.54,0.0,-0.9819,0.1892,23.8,24.0,24.0,station
2021-10-13,,,16.8,,,,,18.3,,,,,,63,47,28.3,12.47,0.4,-0.9785,0.206,17.1,17.0,17.0,station
2021-10-14,,,20.0,,,,,19.9,,,,,,58,42,10.1,15.18,0.0,-0.9749,0.2228,20.7,21.0,21.0,station
2021-10-15,,,21.7,,,,,21.6,,,,,,54,51,11.5,14.98,0.0,-0.9709,0.2396,22.4,22.0,22.0,station
2021-10-16,,,21.5,,,,,22.6,,,,,,55,24,21.9,13.44,1.6,-0.9666,0.2562,21.3,21.0,21.0,station
2021-10-17,,,16.5,,,,,17.2,,,,,,78,57,15.6,12.37,1.3,-0.9621,0.2728,16.7,16.0,16.0,station
2021-10-18,,,15.8,,,,,16.1,,,,,,77,37,10.7,12.27,0.3,-0.9572,0.2893,16.0,17.0,17.0,station
2021-10-19,,,16.2,,,,,16.0,,,,,,71,47,14.5,11.52,0.0,-0.9521,0.3057,15.5,16.0,16.0,station
2021-10-20,,,14.7,,,,,14.6,,,,,,59,17,10.2,14.7,0.0,-0.9467,0.3221,14.8,15.0,15.0,station
2021-10-21,,,17.1,,,,,17.4,,,,,,57,0,8.2,15.4,0.0,-0.941,0.3383,16.4,17.0,17.0,station
2021-10-22,,,18.9,,,,,19.3,,,,,,43,0,9.3,15.24,0.0,-0.9351,0.3545,18.6,20.0,20.0,station
2021-10-23,,,19.8,,,,,20.1,,,,,,43,1,11.8,15.04,0.0,-0.9288,0.3705,19.7,21.0,21.0,station
2021-10-24,,,18.5,,,,,18.9,,,,,,56,41,18.5,14.22,0.0,-0.9223,0.3864,18.8,20.0,20.0,station
2021-10-25,,,11.4,,,,,11.3,,,,,,61,51,17.7,12.7,0.0,-0.9155,0.4022,11.2,12.0,12.0,station
2021-10-26,,,12.0,,,,,12.7,,,,,,66,24,14.7,14.2,0.0,-0.9085,0.4179,11.9,11.0,11.0,station
2021-10-27,,,15.5,,,,,15.5,,,,,,59,16,8.9,13.32,0.0,-0.9012,0.4335,16.7,15.0,15.0,station
2021-10-28,,,16.8,,,,,16.6,,,,,,59,8,12.8,13.76,0.0,-0.8936,0.4489,16.8,17.0,17.0,station
2021-10-29,,,13.4,,,,,13.4,,,,,,74,49,16.4,12.1,0.0,-0.8857,0.4642,13.5,14.0,14.0,station
2021-10-30,,,14.2,,,,,15.0,,,,,,73,10,9.7,13.55,0.0,-0.8776,0.4794,13.8,15.0,15.0,station
2021-10-31,,,16.9,,,,,17.5,,,,,,63,67,12.7,10.39,0.0,-0.8692,0.4944,17.4,13.0,13.0,station
2021-11-01,,,17.8,,,,,16.1,,,,,,70,96,17.4,8.34,3.7,-0.8606,0.5093,18.2,18.0,18.0,station
2021-11-02,,,18.9,,,,,18.9,,,,,,80,64,15.0,11.48,0.0,-0.8517,0.524,18.6,18.0,18.0,station
2021-11-03,,,16.8,,,,,17.8,,,,,,81,74,13.0,8.04,2.8,-0.8426,0.5386,17.5,17.0,17.0,station
2021-11-04,,,18.8,,,,,19.3,,,,,,75,7,8.1,12.68,0.0,-0.8332,0.553,19.0,19.0,19.0,station
2021-11-05,,,19.6,,,,,19.7,,,,,,71,0,5.7,12.75,0.0,-0.8235,0.5672,19.8,19.0,19.0,station
2021-11-06,,,20.6,,,,,20.5,,,,,,62,2,9.2,12.66,0.0,-0.8137,0.5813,21.2,21.0,21.0,station
2021-11-07,,,19.4,,,,,19.6,,,,,,64,40,7.4,11.8,0.0,-0.8035,0.5952,20.7,22.0,22.0,station
2021-11-08,,,20.4,,,,,20.6,,,,,,63,38,9.1,11.86,0.0,-0.7932,0.609,20.8,22.0,22.0,station
2021-11-09,,,19.4,,,,,19.5,,,,,,65,34,11.3,12.02,0.0,-0.7826,0.6225,19.3,21.0,21.0,station
2021-11-10,,,12.3,,,,,12.6,,,,,,66,48,24.8,9.43,2.3,-0.7718,0.6359,9.5,11.0,11.0,station
2021-11-11,,,7.6,,,,,7.3,,,,,,67,0,11.3,12.19,0.0,-0.7607,0.6491,7.8,8.0,8.0,station
2021-11-12,,,11.2,,,,,11.2,,,,,,65,0,6.7,12.21,0.0,-0.7494,0.6621,10.8,10.0,10.0,station
2021-11-13,,,13.4,,,,,13.4,,,,,,55,53,9.0,11.81,0.0,-0.7379,0.6749,13.3,12.0,12.0,station
2021-11-14,,,14.5,,,,,14.9,,,,,,51,85,7.6,9.87,0.0,-0.7262,0.6875,12.6,14.0,14.0,station
2021-11-15,,,14.7,,,,,14.8,,,,,,47,39,10.9,11.46,0.0,-0.7143,0.6998,14.2,16.0,16.0,station
2021-11-16,,,12.5,,,,,12.5,,,,,,73,1,12.7,11.28,0.0,-0.7021,0.712,11.2,12.0,12.0,station
2021-11-17,,,12.9,,,,,12.4,,,,,,67,11,7.9,11.38,0.0,-0.6898,0.724,12.0,13.0,13.0,station
2021-11-18,,,14.2,,,,,14.2,,,,,,66,17,8.1,10.78,0.0,-0.6772,0.7358,12.8,15.0,15.0,station
2021-11-19,,,11.4,,,,,11.2,,,,,,84,83,8.4,4.16,0.0,-0.6645,0.7473,8.9,6.0,6.0,station
2021-11-20,,,9.5,,,,,9.4,,,,,,75,74,10.0,9.38,0.0,-0.6515,0.7586,9.6,8.0,8.0,station
2021-11-21,,,10.8,,,,,10.7,,,,,,72,2,8.2,10.62,0.0,-0.6384,0.7697,10.9,11.0,11.0,station
2021-11-22,,,12.8,,,,,13.2,,,,,,75,0,11.0,10.71,0.0,-0.625,0.7806,12.1,13.0,13.0,station
2021-11-23,,,13.8,,,,,13.5,,,,,,77,74,11.0,8.88,0.4,-0.6115,0.7912,12.8,15.0,15.0,station
2021-11-24,,,9.2,,,,,10.0,,,,,,93,100,15.2,1.89,12.9,-0.5978,0.8016,7.5,9.0,9.0,station
2021-11-25,,,7.5,,,,,7.9,,,,,,84,94,16.1,7.16,0.0,-0.584,0.8118,7.7,7.0,7.0,station
2021-11-26,,,11.3,,,,,12.3,,,,,,81,55,15.8,9.27,0.0,-0.5699,0.8217,11.8,11.0,11.0,station
2021-11-27,,,13.3,,,,,13.4,,,,,,79,99,20.4,4.45,12.8,-0.5557,0.8314,13.9,14.0,14.0,station
2021-11-28,,,15.9,,,,,15.5,,,,,,80,68,29.4,7.78,9.2,-0.5413,0.8408,15.3,16.0,16.0,station
2021-11-29,,,18.5,,,,,18.7,,,,,,64,75,34.9,8.79,0.0,-0.5268,0.85,18.8,19.0,19.0,station
2021-11-30,,,15.2,,,,,15.6,,,,,,77,94,36.3,4.91,27.8,-0.5121,0.859,15.4,17.0,17.0,station
2021-12-01,,,4.8,,,,,5.6,,,,,,78,52,21.8,7.94,1.6,-0.4972,0.8676,5.2,5.0,5.0,station
2021-12-02,,,6.8,,,,,7.6,,,,,,74,16,11.6,9.89,0.0,-0.4822,0.8761,7.0,8.0,8.0,station
2021-12-03,,,10.4,,,,,10.5,,,,,,71,35,16.3,7.11,0.0,-0.4671,0.8842,10.8,9.0,9.0,station
2021-12-04,,,11.1,,,,,10.6,,,,,,79,78,16.7,7.63,1.2,-0.4518,0.8921,11.4,10.0,10.0,station
2021-12-05,,,12.2,,,,,11.7,,,,,,87,62,9.7,6.09,0.0,-0.4364,0.8998,10.9,9.0,9.0,station
2021-12-06,,,12.7,,,,,12.7,,,,,,76,17,15.6,9.1,0.0,-0.4208,0.9071,13.3,13.0,13.0,station
2021-12-07,,,12.8,,,,,13.2,,,,,,64,44,23.3,8.63,0.0,-0.4052,0.9142,12.7,15.0,15.0,station
2021-12-08,,,9.6,,,,,9.0,,,,,,81,96,20.1,6.83,5.2,-0.3894,0.9211,9.5,9.0,9.0,station
2021-12-09,,,8.8,,,,,8.6,,,,,,85,67,15.3,5.15,0.1,-0.3735,0.9276,8.0,8.0,8.0,station
2021-12-10,,,11.2,,,,,10.9,,,,,,76,28,13.6,9.07,0.0,-0.3575,0.9339,11.8,11.0,11.0,station
2021-12-11,,,11.7,,,,,11.2,,,,,,77,70,17.6,8.58,0.0,-0.3413,0.9399,12.4,11.0,11.0,station
2021-12-12,,,12.9,,,,,13.2,,,,,,66,39,14.1,9.26,0.0,-0.3251,0.9457,13.1,14.0,14.0,station
2021-12-13,,,13.8,,,,,13.3,,,,,,65,25,14.8,9.12,0.0,-0.3088,0.9511,13.5,15.0,15.0,station
2021-12-14,,,9.1,,,,,9.9,,,,,,88,99,12.1,1.74,12.4,-0.2924,0.9563,8.7,6.0,6.0,station
2021-12-15,,,6.3,,,,,5.9,,,,,,92,100,16.7,2.1,14.7,-0.2759,0.9612,6.6,6.0,6.0,station
2021-12-16,,,2.7,,,,,4.1,,,,,,90,100,8.4,3.02,4.9,-0.2593,0.9658,3.9,4.0,4.0,station
2021-12-17,,,2.5,,,,,1.4,,,,,,87,98,14.5,4.6,1.8,-0.2427,0.9701,2.4,2.0,2.0,station
2021-12-18,,,2.0,,,,,1.3,,,,,,86,97,8.2,3.72,2.7,-0.226,0.9741,2.9,2.0,2.0,station
2021-12-19,,,1.7,,,,,1.5,,,,,,87,98,23.5,3.13,4.2,-0.2092,0.9779,2.5,2.0,2.0,station
2021-12-20,,,0.7,,,,,0.7,,,,,,85,95,16.6,4.53,0.0,-0.1923,0.9813,1.9,1.0,1.0,station
2021-12-21,,,-0.8,,,,,-0.6,,,,,,80,66,19.0,5.44,4.7,-0.1754,0.9845,0.5,1.0,1.0,station
2021-12-22,,,-3.0,,,,,-2.8,,,,,,78,77,10.7,7.03,0.0,-0.1585,0.9874,-1.8,-2.0,-2.0,station
2021-12-23,,,-3.0,,,,,-3.2,,,,,,65,75,9.5,5.99,0.6,-0.1414,0.9899,-1.3,-2.0,-2.0,station
2021-12-24,,,-3.5,,,,,-3.1,,,,,,64,22,13.8,9.27,0.0,-0.1244,0.9922,-0.5,-2.0,-2.0,station
2021-12-25,,,1.6,,,,,1.7,,,,,,57,22,10.5,9.22,0.0,-0.1073,0.9942,4.6,3.0,3.0,station
2021-12-26,,,3.6,,,,,3.3,,,,,,81,94,12.7,3.75,0.0,-0.0902,0.9959,5.8,4.0,4.0,station
2021-12-27,,,6.1,,,,,5.1,,,,,,83,55,11.0,8.82,0.0,-0.073,0.9973,9.0,9.0,9.0,station
2021-12-28,,,4.2,,,,,4.2,,,,,,81,72,11.7,8.06,0.0,-0.0559,0.9984,9.0,10.0,10.0,station
2021-12-29,,,6.4,,,,,6.6,,,,,,88,26,12.3,8.42,0.0,-0.0387,0.9993,7.5,5.0,5.0,station
2021-12-30,,,8.1,,,,,8.2,,,,,,79,74,10.1,8.66,0.0,-0.0215,0.9998,9.4,9.0,9.0,station
2021-12-31,,,9.5,,,,,9.4,,,,,,77,49,8.7,9.13,0.0,-0.0043,1.0,10.0,,,
2022-01-01,,,6.5,,,,,7.3,,,,,,90,89,9.2,5.02,0.1,0.0172,0.9999,5.6,6.0,6.0,station
2022-01-02,,,6.2,,,,,6.1,,,,,,85,72,22.4,5.17,0.3,0.0344,0.9994,7.3,8.0,8.0,station
2022-01-03,,,5.2,,,,,4.6,,,,,,76,57,11.2,9.14,0.0,0.0516,0.9987,5.1,6.0,6.0,station
2022-01-04,,,6.7,,,,,6.5,,,,,,71,73,12.9,8.65,0.0,0.0688,0.9976,7.3,8.0,8.0,station
2022-01-05,,,10.5,,,,,10.6,,,,,,76,12,11.2,9.42,0.0,0.0859,0.9963,9.8,11.0,11.0,station
2022-01-06,,,11.1,,,,,11.2,,,,,,86,33,16.8,8.82,0.0,0.103,0.9947,11.1,11.0,11.0,station
2022-01-07,,,9.7,,,,,9.5,,,,,,86,88,8.4,7.58,0.1,0.1201,0.9928,10.8,12.0,12.0,station
2022-01-08,,,9.0,,,,,9.6,,,,,,85,74,10.9,8.06,0.0,0.1372,0.9905,10.4,11.0,11.0,station
2022-01-09,,,10.2,,,,,8.8,,,,,,77,68,16.7,9.33,0.6,0.1542,0.988,10.3,12.0,12.0,station
2022-01-10,,,8.1,,,,,8.3,,,,,,83,93,18.4,7.19,3.5,0.1712,0.9852,8.0,8.0,8.0,station
2022-01-11,,,5.2,,,,,6.0,,,,,,83,97,18.6,5.2,3.7,0.1881,0.9821,8.9,9.0,9.0,station
2022-01-12,,,6.1,,,,,5.8,,,,,,90,100,13.6,1.4,10.8,0.205,0.9788,5.6,6.0,6.0,station
2022-01-13,,,0.0,,,,,0.0,,,,,,66,60,19.1,8.14,0.1,0.2218,0.9751,0.3,0.0,0.0,station
2022-01-14,,,0.2,,,,,-1.9,,,,,,59,0,8.7,10.34,0.0,0.2385,0.9711,0.9,0.0,0.0,station
2022-01-15,,,2.2,,,,,2.2,,,,,,64,43,21.4,5.6,0.9,0.2552,0.9669,1.4,0.0,0.0,station
2022-01-16,,,0.8,,,,,0.7,,,,,,71,53,17.8,6.2,0.0,0.2718,0.9624,0.4,0.0,0.0,station
2022-01-17,,,0.6,,,,,0.4,,,,,,68,31,15.5,10.63,0.0,0.2883,0.9575,1.5,1.0,1.0,station
2022-01-18,,,0.6,,,,,0.9,,,,,,61,79,20.0,4.12,2.0,0.3047,0.9524,1.0,0.0,0.0,station
2022-01-19,,,-2.5,,,,,-2.4,,,,,,66,41,20.5,9.84,0.3,0.3211,0.9471,-2.1,-2.0,-2.0,station
2022-01-20,,,-3.2,,,,,-2.6,,,,,,64,38,16.1,10.89,0.1,0.3373,0.9414,-0.6,-1.0,-1.0,station
2022-01-21,,,0.6,,,,,1.3,,,,,,62,66,20.9,2.75,0.2,0.3534,0.9355,2.5,2.0,2.0,station
2022-01-22,,,1.9,,,,,1.7,,,,,,90,100,22.5,1.94,15.4,0.3695,0.9292,2.4,3.0,3.0,station
2022-01-23,,,-3.8,,,,,-3.7,,,,,,86,100,12.8,5.25,5.5,0.3854,0.9227,-3.1,-3.0,-3.0,station
2022-01-24,,,-4.8,,,,,-5.0,,,,,,86,85,8.0,9.9,1.7,0.4012,0.916,-3.6,-3.0,-3.0,station
2022-01-25,,,-4.5,,,,,-5.9,,,,,,86,92,13.4,9.27,0.7,0.4169,0.9089,-5.0,-6.0,-6.0,station
2022-01-26,,,-3.3,,,,,-3.5,,,,,,81,71,9.9,8.47,0.5,0.4325,0.9016,-3.7,-3.0,-3.0,station
2022-01-27,,,-4.6,,,,,-4.3,,,,,,91,87,6.8,9.52,0.0,0.4479,0.8941,-5.4,-3.0,-3.0,station
2022-01-28,,,-3.7,,,,,-3.9,,,,,,89,85,9.2,9.62,0.0,0.4633,0.8862,-4.7,-4.0,-4.0,station
2022-01-29,,,-2.5,,,,,-2.4,,,,,,77,86,7.3,9.77,0.0,0.4784,0.8781,-3.2,-3.0,-3.0,station
2022-01-30,,,-1.5,,,,,-1.8,,,,,,81,69,11.2,11.7,0.5,0.4935,0.8698,-1.2,-5.0,-5.0,station
2022-01-31,,,-0.8,,,,,-0.5,,,,,,93,84,8.8,7.8,2.8,0.5084,0.8611,0.5,0.0,0.0,station
2022-02-01,,,1.1,,,,,1.2,,,,,,89,91,14.4,8.55,0.0,0.5231,0.8523,1.4,0.0,0.0,station
2022-02-02,,,4.4,,,,,3.5,,,,,,84,100,25.7,4.49,11.8,0.5377,0.8432,5.4,6.0,6.0,station
2022-02-03,,,5.2,,,,,4.3,,,,,,80,100,20.7,8.5,8.7,0.5521,0.8338,6.4,7.0,7.0,station
2022-02-04,,,1.3,,,,,1.3,,,,,,77,66,15.8,9.06,3.1,0.5664,0.8242,1.9,2.0,2.0,station
2022-02-05,,,-0.8,,,,,0.3,,,,,,79,9,8.8,12.91,0.0,0.5805,0.8143,1.0,1.0,1.0,station
2022-02-06,,,1.1,,,,,1.2,,,,,,73,27,8.7,12.5,0.0,0.5944,0.8042,4.9,4.0,4.0,station
2022-02-07,,,1.1,,,,,2.9,,,,,,73,16,14.9,13.43,0.0,0.6081,0.7938,5.4,7.0,7.0,station
2022-02-08,,,6.0,,,,,5.6,,,,,,79,97,29.0,5.46,9.3,0.6217,0.7833,9.0,9.0,9.0,station
2022-02-09,,,3.8,,,,,4.2,,,,,,81,100,19.0,3.16,3.0,0.6351,0.7725,5.0,5.0,5.0,station
2022-02-10,,,1.8,,,,,1.4,,,,,,68,46,19.2,12.81,0.0,0.6483,0.7614,3.6,4.0,4.0,station
2022-02-11,,,5.4,,,,,5.3,,,,,,77,0,8.7,13.99,0.0,0.6613,0.7502,5.7,7.0,7.0,station
2022-02-12,,,7.4,,,,,8.0,,,,,,57,37,7.7,14.24,0.0,0.6741,0.7387,9.0,9.0,9.0,station
2022-02-13,,,3.2,,,,,4.0,,,,,,71,100,19.4,12.77,0.0,0.6867,0.727,5.6,5.0,5.0,station
2022-02-14,,,4.0,,,,,3.8,,,,,,80,73,12.0,12.52,0.0,0.6991,0.715,6.2,3.0,3.0,station
2022-02-15,,,5.1,,,,,6.0,,,,,,76,70,6.6,8.97,0.0,0.7113,0.7029,4.7,2.0,2.0,station
2022-02-16,,,5.3,,,,,6.3,,,,,,72,26,7.1,14.92,0.0,0.7233,0.6906,6.0,7.0,7.0,station
2022-02-17,,,6.7,,,,,6.2,,,,,,68,65,9.9,14.53,0.0,0.735,0.678,6.8,7.0,7.0,station
2022-02-18,,,6.8,,,,,7.3,,,,,,72,87,17.3,9.45,7.4,0.7466,0.6653,7.7,6.0,6.0,station
2022-02-19,,,3.9,,,,,4.0,,,,,,72,31,10.2,14.85,0.1,0.7579,0.6523,6.7,8.0,8.0,station
2022-02-20,,,6.8,,,,,7.2,,,,,,75,72,8.9,14.11,0.0,0.769,0.6392,8.8,9.0,9.0,station
2022-02-21,,,11.0,,,,,9.9,,,,,,70,46,10.0,14.8,0.0,0.7799,0.6259,12.6,14.0,14.0,station
2022-02-22,,,9.4,,,,,8.7,,,,,,82,58,16.0,9.98,2.3,0.7906,0.6124,10.3,10.0,10.0,station
2022-02-23,,,9.8,,,,,10.0,,,,,,80,50,15.8,12.89,1.0,0.801,0.5987,12.8,12.0,12.0,station
2022-02-24,,,9.3,,,,,10.1,,,,,,85,97,17.9,6.67,11.1,0.8112,0.5848,9.8,9.0,9.0,station
2022-02-25,,,6.7,,,,,6.7,,,,,,92,100,17.3,5.31,4.2,0.8211,0.5708,7.8,8.0,8.0,station
2022-02-26,,,6.8,,,,,5.7,,,,,,82,98,11.1,8.73,0.8,0.8308,0.5566,7.3,7.0,7.0,station
2022-02-27,,,10.0,,,,,10.1,,,,,,72,86,14.3,11.65,0.1,0.8402,0.5422,10.1,11.0,11.0,station
2022-02-28,,,7.6,,,,,7.4,,,,,,84,95,17.9,5.16,6.6,0.8495,0.5277,7.3,7.0,7.0,station
2022-03-01,,,5.2,,,,,5.6,,,,,,80,77,16.8,11.69,0.2,0.8584,0.513,4.9,5.0,5.0,station
2022-03-02,,,4.0,,,,,2.8,,,,,,81,100,14.7,6.62,7.0,0.8671,0.4981,5.3,5.0,5.0,station
2022-03-03,,,1.0,,,,,0.9,,,,,,72,91,23.0,8.15,17.0,0.8755,0.4831,2.2,2.0,2.0,station
2022-03-04,,,-1.0,,,,,-1.2,,,,,,74,91,13.0,13.69,0.2,0.8837,0.468,2.8,2.0,2.0,station
2022-03-05,,,3.6,,,,,1.7,,,,,,72,52,13.1,15.03,0.9,0.8916,0.4527,6.6,4.0,4.0,station
2022-03-06,,,6.3,,,,,5.9,,,,,,77,89,10.3,11.65,0.0,0.8993,0.4373,9.1,8.0,8.0,station
2022-03-07,,,7.4,,,,,7.4,,,,,,80,79,18.0,11.85,5.3,0.9067,0.4218,11.2,8.0,8.0,station
2022-03-08,,,5.6,,,,,5.6,,,,,,75,87,13.3,12.49,2.1,0.9138,0.4061,6.6,6.0,6.0,station
2022-03-09,,,3.1,,,,,3.6,,,,,,71,87,12.6,9.76,3.6,0.9207,0.3904,3.4,3.0,3.0,station
2022-03-10,,,0.0,,,,,0.7,,,,,,60,100,19.5,11.14,1.7,0.9272,0.3745,0.7,0.0,0.0,station
2022-03-11,,,-1.8,,,,,-0.9,,,,,,56,96,22.6,12.56,1.0,0.9335,0.3585,-1.0,0.0,0.0,station
2022-03-12,,,-2.4,,,,,-2.5,,,,,,52,57,11.3,17.34,1.0,0.9396,0.3424,-1.9,-1.0,-1.0,station
2022-03-13,,,-0.3,,,,,-0.6,,,,,,54,48,15.1,17.64,0.5,0.9453,0.3261,1.0,1.0,1.0,station
2022-03-14,,,0.3,,,,,0.5,,,,,,56,32,16.3,17.28,0.1,0.9508,0.3098,1.7,2.0,2.0,station
2022-03-15,,,1.0,,,,,1.4,,,,,,61,40,14.8,15.27,0.0,0.956,0.2934,2.3,3.0,3.0,station
2022-03-16,,,4.2,,,,,4.8,,,,,,65,28,13.0,20.45,0.0,0.9609,0.2769,5.6,6.0,6.0,station
2022-03-17,,,4.6,,,,,5.2,,,,,,65,95,15.8,13.47,1.4,0.9655,0.2604,4.9,5.0,5.0,station
2022-03-18,,,-1.1,,,,,0.2,,,,,,53,64,20.3,18.23,0.7,0.9698,0.2437,0.3,1.0,1.0,station
2022-03-19,,,-1.4,,,,,-1.4,,,,,,43,71,23.6,18.39,0.1,0.9739,0.227,-0.1,0.0,0.0,station
2022-03-20,,,1.3,,,,,1.5,,,,,,59,83,22.7,12.01,0.4,0.9777,0.2102,2.4,4.0,4.0,station
2022-03-21,,,2.5,,,,,2.0,,,,,,58,46,16.3,17.6,0.0,0.9811,0.1934,3.3,4.0,4.0,station
2022-03-22,,,3.7,,,,,3.9,,,,,,65,68,19.0,15.71,0.0,0.9843,0.1765,3.2,3.0,3.0,station
2022-03-23,,,4.8,,,,,3.3,,,,,,67,68,11.4,16.66,0.2,0.9872,0.1595,5.5,6.0,6.0,station
2022-03-24,,,4.9,,,,,3.3,,,,,,70,85,11.7,15.88,1.9,0.9898,0.1425,5.4,5.0,5.0,station
2022-03-25,,,7.4,,,,,7.1,,,,,,62,55,14.1,18.8,0.4,0.9921,0.1255,8.7,10.0,10.0,station
2022-03-26,,,5.9,,,,,5.0,,,,,,68,55,16.4,13.88,0.8,0.9941,0.1084,5.8,6.0,6.0,station
2022-03-27,,,9.3,,,,,9.6,,,,,,64,7,16.3,22.36,0.0,0.9958,0.0913,10.0,12.0,12.0,station
2022-03-28,,,12.5,,,,,12.1,,,,,,57,22,11.0,20.5,0.0,0.9972,0.0741,14.2,16.0,16.0,station
2022-03-29,,,12.8,,,,,12.9,,,,,,55,94,16.4,13.65,0.0,0.9984,0.057,13.5,13.0,13.0,station
2022-03-30,,,14.2,,,,,13.2,,,,,,64,44,15.0,20.76,0.0,0.9992,0.0398,14.4,16.0,16.0,station
2022-03-31,,,18.4,,,,,18.3,,,,,,46,83,22.5,22.0,0.0,0.9997,0.0226,18.0,18.0,18.0,station
2022-04-01,,,20.2,,,,,20.7,,,,,,37,95,21.0,17.87,0.0,1.0,0.0054,21.3,23.0,23.0,station
2022-04-02,,,19.3,,,,,19.8,,,,,,28,61,29.9,21.85,0.0,0.9999,-0.0118,21.9,23.0,23.0,station
2022-04-03,,,16.5,,,,,17.0,,,,,,39,67,44.3,19.12,0.0,0.9996,-0.029,17.9,18.0,18.0,station
2022-04-04,,,13.8,,,,,12.1,,,,,,47,76,21.1,22.44,0.0,0.9989,-0.0462,15.1,15.0,15.0,station
2022-04-05,,,17.2,,,,,14.9,,,,,,54,94,10.6,11.55,0.0,0.998,-0.0634,17.3,18.0,18.0,station
2022-04-06,,,17.1,,,,,18.1,,,,,,55,5,11.4,23.61,0.0,0.9968,-0.0805,18.0,19.0,19.0,station
2022-04-07,,,18.2,,,,,18.9,,,,,,65,58,25.4,16.77,3.6,0.9952,-0.0977,18.6,18.0,18.0,station
2022-04-08,,,14.0,,,,,13.5,,,,,,74,51,26.4,16.05,8.1,0.9934,-0.1148,13.8,15.0,15.0,station
2022-04-09,,,18.9,,,,,19.3,,,,,,58,21,15.7,24.17,0.0,0.9913,-0.1319,19.0,21.0,21.0,station
2022-04-10,,,19.4,,,,,19.5,,,,,,53,52,20.5,20.48,1.2,0.9889,-0.1489,19.9,21.0,21.0,station
2022-04-11,,,12.8,,,,,13.0,,,,,,53,59,22.4,21.41,1.2,0.9861,-0.1659,15.7,15.0,15.0,station
2022-04-12,,,7.1,,,,,7.0,,,,,,53,81,22.5,18.38,0.0,0.9831,-0.1828,7.8,7.0,7.0,station
2022-04-13,,,7.9,,,,,8.8,,,,,,55,46,15.6,18.94,0.0,0.9799,-0.1997,7.6,8.0,8.0,station
2022-04-14,,,13.1,,,,,13.1,,,,,,58,35,14.8,20.72,0.0,0.9763,-0.2165,13.3,14.0,14.0,station
2022-04-15,,,15.1,,,,,14.9,,,,,,59,30,9.1,19.82,0.0,0.9724,-0.2333,16.5,17.0,17.0,station
2022-04-16,,,18.7,,,,,18.8,,,,,,50,49,11.1,24.92,0.0,0.9683,-0.25,18.4,19.0,19.0,station
2022-04-17,,,20.7,,,,,21.0,,,,,,55,83,17.4,14.65,1.2,0.9638,-0.2666,19.9,16.0,16.0,station
2022-04-18,,,22.9,,,,,22.9,,,,,,45,39,31.1,23.51,2.5,0.9591,-0.2831,23.5,25.0,25.0,station
2022-04-19,,,14.3,,,,,18.3,,,,,,82,65,19.0,16.3,9.2,0.9541,-0.2996,14.4,14.0,14.0,station
2022-04-20,,,13.3,,,,,13.2,,,,,,61,36,19.0,23.59,0.0,0.9488,-0.316,14.2,14.0,14.0,station
2022-04-21,,,15.3,,,,,16.0,,,,,,48,43,23.8,23.71,0.0,0.9432,-0.3322,14.9,15.0,15.0,station
2022-04-22,,,19.9,,,,,20.2,,,,,,52,13,10.2,25.76,0.0,0.9373,-0.3484,18.8,20.0,20.0,station
2022-04-23,,,23.7,,,,,24.3,,,,,,47,32,13.0,25.78,0.0,0.9312,-0.3645,23.8,24.0,24.0,station
2022-04-24,,,25.0,,,,,25.3,,,,,,37,4,11.7,25.55,0.0,0.9248,-0.3804,25.3,27.0,27.0,station
2022-04-25,,,26.8,,,,,26.8,,,,,,39,34,17.9,26.63,0.0,0.9181,-0.3963,27.4,29.0,29.0,station
2022-04-26,,,24.8,,,,,25.2,,,,,,40,35,17.3,26.33,0.0,0.9112,-0.412,25.5,26.0,26.0,station
2022-04-27,,,24.3,,,,,23.5,,,,,,40,85,18.0,24.65,0.2,0.9039,-0.4276,25.3,26.0,26.0,station
2022-04-28,,,23.3,,,,,23.3,,,,,,47,31,18.6,25.78,0.0,0.8965,-0.4431,24.8,25.0,25.0,station
2022-04-29,,,23.8,,,,,23.6,,,,,,48,45,15.5,24.02,0.7,0.8887,-0.4585,24.9,25.0,25.0,station
2022-04-30,,,17.5,,,,,18.5,,,,,,69,97,18.1,18.13,21.0,0.8807,-0.4737,20.8,18.0,18.0,station
2022-05-01,,,12.5,,,,,12.0,,,,,,71,92,15.1,8.5,1.8,0.8724,-0.4888,15.1,14.0,14.0,station
2022-05-02,,,17.9,,,,,18.2,,,,,,60,71,11.6,21.0,0.0,0.8639,-0.5037,18.4,18.0,18.0,station
2022-05-03,,,17.6,,,,,17.5,,,,,,72,84,13.3,15.62,1.7,0.8551,-0.5185,18.5,19.0,19.0,station
2022-05-04,,,17.2,,,,,17.4,,,,,,79,95,15.8,14.01,2.5,0.846,-0.5331,16.5,15.0,15.0,station
2022-05-05,,,13.0,,,,,13.4,,,,,,62,74,18.9,18.19,1.1,0.8367,-0.5476,14.3,14.0,14.0,station
2022-05-06,,,10.6,,,,,9.6,,,,,,72,84,22.1,12.07,1.5,0.8272,-0.5619,12.3,13.0,13.0,station
2022-05-07,,,12.1,,,,,12.0,,,,,,71,70,16.9,13.77,0.1,0.8174,-0.5761,12.2,13.0,13.0,station
2022-05-08,,,15.6,,,,,16.0,,,,,,64,25,15.2,23.77,0.0,0.8074,-0.59,18.1,18.0,18.0,station
2022-05-09,,,18.2,,,,,19.6,,,,,,52,34,13.8,27.8,0.0,0.7971,-0.6038,19.2,20.0,20.0,station
2022-05-10,,,19.0,,,,,18.6,,,,,,53,8,13.6,27.89,0.1,0.7866,-0.6175,18.7,20.0,20.0,station
2022-05-11,,,19.7,,,,,18.7,,,,,,45,28,13.8,25.53,1.4,0.7759,-0.6309,19.1,20.0,20.0,station
2022-05-12,,,17.9,,,,,18.5,,,,,,44,34,13.6,27.65,0.0,0.7649,-0.6442,20.2,20.0,20.0,station
2022-05-13,,,22.3,,,,,22.3,,,,,,40,0,12.3,29.19,0.0,0.7537,-0.6572,23.1,24.0,24.0,station
2022-05-14,,,23.1,,,,,24.2,,,,,,37,9,17.4,28.43,0.0,0.7423,-0.6701,24.5,25.0,25.0,station
2022-05-15,,,22.2,,,,,21.1,,,,,,62,72,23.1,20.49,7.8,0.7306,-0.6828,22.5,19.0,19.0,station
2022-05-16,,,21.9,,,,,20.6,,,,,,66,42,10.2,21.77,5.2,0.7188,-0.6952,21.4,21.0,21.0,station
2022-05-17,,,22.4,,,,,21.1,,,,,,59,30,18.2,23.87,0.8,0.7067,-0.7075,21.1,22.0,22.0,station
2022-05-18,,,23.6,,,,,24.4,,,,,,53,5,19.4,28.26,0.0,0.6945,-0.7195,23.8,25.0,25.0,station
2022-05-19,,,13.6,,,,,14.8,,,,,,59,82,17.3,13.2,8.0,0.682,-0.7314,14.1,14.0,14.0,station
2022-05-20,,,17.5,,,,,15.9,,,,,,55,3,13.3,29.77,0.0,0.6693,-0.743,17.6,18.0,18.0,station
2022-05-21,,,22.8,,,,,23.2,,,,,,48,0,9.4,29.88,0.0,0.6564,-0.7544,22.3,24.0,24.0,station
2022-05-22,,,24.3,,,,,24.9,,,,,,42,4,13.4,29.55,0.0,0.6433,-0.7656,24.4,26.0,26.0,station
2022-05-23,,,19.9,,,,,19.1,,,,,,61,48,16.8,21.24,4.4,0.6301,-0.7765,21.1,19.0,19.0,station
2022-05-24,,,19.9,,,,,19.0,,,,,,54,32,17.4,25.78,0.0,0.6166,-0.7873,20.0,20.0,20.0,station
2022-05-25,,,21.9,,,,,22.7,,,,,,51,49,10.8,22.61,0.0,0.603,-0.7978,22.2,24.0,24.0,station
2022-05-26,,,26.0,,,,,26.3,,,,,,51,11,19.9,28.49,0.0,0.5892,-0.808,27.6,29.0,29.0,station
2022-05-27,,,24.3,,,,,25.3,,,,,,57,34,16.1,24.92,0.2,0.5752,-0.818,25.1,25.0,25.0,station
2022-05-28,,,25.8,,,,,26.7,,,,,,51,5,13.0,29.46,0.0,0.561,-0.8278,26.5,27.0,27.0,station
2022-05-29,,,28.3,,,,,28.4,,,,,,45,39,14.8,29.03,0.5,0.5467,-0.8373,29.1,30.0,30.0,station
2022-05-30,,,30.2,,,,,30.4,,,,,,37,35,20.3,26.92,0.4,0.5322,-0.8466,30.7,32.0,32.0,station
2022-05-31,,,29.3,,,,,29.2,,,,,,39,33,18.5,28.3,0.2,0.5176,-0.8556,30.3,31.0,31.0,station
2022-06-01,,,27.6,,,,,28.0,,,,,,46,35,22.0,28.63,0.0,0.5028,-0.8644,29.4,30.0,30.0,station
2022-06-02,,,27.9,,,,,28.1,,,,,,40,74,18.5,25.72,0.2,0.4878,-0.8729,30.8,30.0,30.0,station
2022-06-03,,,30.2,,,,,30.0,,,,,,43,59,24.3,24.4,0.0,0.4728,-0.8812,32.0,31.0,31.0,station
2022-06-04,,,29.5,,,,,29.6,,,,,,46,30,20.1,26.71,0.1,0.4575,-0.8892,31.6,31.0,31.0,station
2022-06-05,,,27.4,,,,,27.7,,,,,,48,29,22.9,27.81,6.4,0.4422,-0.8969,29.5,29.0,29.0,station
2022-06-06,,,26.9,,,,,26.8,,,,,,56,36,20.3,24.95,0.4,0.4267,-0.9044,28.1,27.0,27.0,station
2022-06-07,,,24.1,,,,,23.2,,,,,,64,55,14.8,23.61,1.4,0.4111,-0.9116,24.5,23.0,23.0,station
2022-06-08,,,26.5,,,,,25.4,,,,,,65,33,17.9,25.28,1.5,0.3953,-0.9185,24.8,26.0,26.0,station
2022-06-09,,,24.8,,,,,24.7,,,,,,58,24,16.7,29.57,0.0,0.3795,-0.9252,24.4,25.0,25.0,station
2022-06-10,,,26.4,,,,,27.6,,,,,,57,48,14.5,24.77,0.6,0.3635,-0.9316,26.0,26.0,26.0,station
2022-06-11,,,26.6,,,,,24.9,,,,,,67,61,15.9,17.63,2.5,0.3474,-0.9377,25.6,27.0,27.0,station
2022-06-12,,,21.0,,,,,21.3,,,,,,75,75,14.7,20.72,5.5,0.3312,-0.9436,21.8,24.0,24.0,station
2022-06-13,,,22.6,,,,,22.7,,,,,,71,62,18.4,23.62,1.4,0.3149,-0.9491,24.4,21.0,21.0,station
2022-06-14,,,25.3,,,,,24.4,,,,,,69,55,14.5,21.75,1.9,0.2986,-0.9544,22.8,24.0,24.0,station
2022-06-15,,,25.4,,,,,25.3,,,,,,60,31,15.5,25.56,0.9,0.2821,-0.9594,23.7,24.0,24.0,station
2022-06-16,,,25.1,,,,,25.5,,,,,,64,27,13.7,25.59,1.0,0.2656,-0.9641,23.7,25.0,25.0,station
2022-06-17,,,24.8,,,,,24.9,,,,,,67,27,17.4,25.83,0.6,0.2489,-0.9685,25.3,25.0,25.0,station
2022-06-18,,,26.2,,,,,26.2,,,,,,63,12,18.0,28.41,0.1,0.2322,-0.9727,25.6,27.0,27.0,station
2022-06-19,,,24.8,,,,,25.4,,,,,,54,18,17.3,28.35,0.0,0.2155,-0.9765,25.4,25.0,25.0,station
2022-06-20,,,28.2,,,,,28.1,,,,,,52,3,13.9,30.46,0.0,0.1986,-0.9801,27.6,28.0,28.0,station
2022-06-21,,,21.8,,,,,24.8,,,,,,65,55,18.1,24.09,3.8,0.1818,-0.9833,23.4,25.0,25.0,station
2022-06-22,,,26.1,,,,,26.0,,,,,,63,9,22.9,28.37,0.1,0.1648,-0.9863,26.1,27.0,27.0,station
2022-06-23,,,24.1,,,,,25.0,,,,,,50,33,18.1,28.63,0.0,0.1478,-0.989,24.9,25.0,25.0,station
2022-06-24,,,22.1,,,,,23.2,,,,,,59,61,20.5,23.41,1.2,0.1308,-0.9914,21.2,22.0,22.0,station
2022-06-25,,,20.6,,,,,22.5,,,,,,67,52,26.6,22.31,0.3,0.1137,-0.9935,21.9,21.0,21.0,station
2022-06-26,,,18.7,,,,,21.2,,,,,,66,46,21.0,22.3,0.3,0.0966,-0.9953,21.4,21.0,21.0,station
2022-06-27,,,17.2,,,,,16.7,,,,,,80,98,21.8,11.71,11.3,0.0795,-0.9968,20.3,18.0,18.0,station
2022-06-28,,,22.3,,,,,20.7,,,,,,77,87,14.3,19.88,12.0,0.0623,-0.9981,21.3,21.0,21.0,station
2022-06-29,,,22.2,,,,,22.7,,,,,,72,49,9.5,22.83,0.7,0.0451,-0.999,21.2,23.0,23.0,station
2022-06-30,,,24.8,,,,,26.2,,,,,,75,34,13.0,23.8,18.2,0.028,-0.9996,24.7,25.0,25.0,station
2022-07-01,,,25.1,,,,,26.3,,,,,,77,56,21.8,23.77,4.4,0.0108,-0.9999,23.3,24.0,24.0,station
2022-07-02,,,26.6,,,,,26.1,,,,,,60,4,19.0,30.19,0.0,-0.0065,-1.0,25.9,26.0,26.0,station
2022-07-03,,,25.8,,,,,25.3,,,,,,55,0,13.8,31.38,0.0,-0.0237,-0.9997,24.3,26.0,26.0,station
2022-07-04,,,25.3,,,,,25.2,,,,,,51,0,15.5,31.67,0.0,-0.0408,-0.9992,24.8,26.0,26.0,station
2022-07-05,,,25.9,,,,,25.6,,,,,,53,0,15.0,31.27,0.0,-0.058,-0.9983,25.8,27.0,27.0,station
2022-07-06,,,27.3,,,,,28.5,,,,,,54,0,14.3,30.81,0.0,-0.0752,-0.9972,27.6,29.0,29.0,station
2022-07-07,,,29.2,,,,,29.8,,,,,,55,11,14.0,28.71,0.0,-0.0923,-0.9957,28.3,29.0,29.0,station
2022-07-08,,,29.3,,,,,29.1,,,,,,58,14,13.4,27.42,0.0,-0.1094,-0.994,27.7,30.0,30.0,station
2022-07-09,,,29.7,,,,,29.3,,,,,,64,40,19.7,25.44,0.8,-0.1265,-0.992,28.4,29.0,29.0,station
2022-07-10,,,25.7,,,,,26.5,,,,,,69,40,17.9,23.38,8.4,-0.1436,-0.9896,24.5,24.0,24.0,station
2022-07-11,,,24.5,,,,,25.6,,,,,,63,28,16.6,23.92,0.0,-0.1606,-0.987,25.0,25.0,25.0,station
2022-07-12,,,25.4,,,,,26.6,,,,,,56,16,18.3,25.91,0.0,-0.1775,-0.9841,26.4,27.0,27.0,station
2022-07-13,,,25.5,,,,,26.0,,,,,,61,16,16.7,25.72,0.2,-0.1944,-0.9809,26.2,27.0,27.0,station
2022-07-14,,,26.2,,,,,24.8,,,,,,54,9,20.1,29.63,0.0,-0.2113,-0.9774,25.9,26.0,26.0,station
2022-07-15,,,26.7,,,,,25.8,,,,,,58,28,17.4,26.0,0.0,-0.2281,-0.9736,25.8,24.0,24.0,station
2022-07-16,,,26.7,,,,,27.8,,,,,,60,12,18.9,27.66,0.0,-0.2448,-0.9696,27.1,28.0,28.0,station
2022-07-17,,,28.5,,,,,27.9,,,,,,56,27,23.4,23.57,0.0,-0.2614,-0.9652,28.0,27.0,27.0,station
2022-07-18,,,25.6,,,,,26.8,,,,,,57,30,24.5,23.56,0.0,-0.278,-0.9606,26.0,26.0,26.0,station
2022-07-19,,,25.5,,,,,26.2,,,,,,57,43,20.7,23.89,0.0,-0.2945,-0.9557,25.2,24.0,24.0,station
2022-07-20,,,26.2,,,,,26.5,,,,,,52,9,20.8,29.08,0.0,-0.3109,-0.9505,26.8,26.0,26.0,station
2022-07-21,,,26.2,,,,,26.7,,,,,,51,0,17.3,29.75,0.0,-0.3272,-0.945,26.5,26.0,26.0,station
2022-07-22,,,28.3,,,,,28.6,,,,,,54,1,17.4,29.25,0.0,-0.3434,-0.9392,28.5,28.0,28.0,station
2022-07-23,,,27.0,,,,,27.5,,,,,,43,0,16.6,29.84,0.0,-0.3595,-0.9332,26.8,27.0,27.0,station
2022-07-24,,,27.4,,,,,27.9,,,,,,45,0,18.4,29.69,0.0,-0.3755,-0.9268,28.1,28.0,28.0,station
2022-07-25,,,28.7,,,,,28.7,,,,,,47,1,16.9,29.13,0.0,-0.3914,-0.9202,28.6,29.0,29.0,station
2022-07-26,,,28.6,,,,,29.3,,,,,,46,8,17.1,27.54,0.0,-0.4071,-0.9134,30.0,29.0,29.0,station
2022-07-27,,,30.7,,,,,30.8,,,,,,46,0,17.1,29.03,0.0,-0.4228,-0.9062,31.1,31.0,31.0,station
2022-07-28,,,31.8,,,,,32.2,,,,,,37,0,18.5,29.02,0.0,-0.4383,-0.8988,32.7,33.0,33.0,station
2022-07-29,,,32.7,,,,,32.2,,,,,,32,0,20.6,29.02,0.0,-0.4537,-0.8912,33.2,33.0,33.0,station
2022-07-30,,,33.1,,,,,32.6,,,,,,31,4,17.8,28.38,0.0,-0.469,-0.8832,33.4,33.0,33.0,station
2022-07-31,,,33.0,,,,,33.0,,,,,,41,2,18.0,28.21,0.0,-0.4841,-0.875,33.2,33.0,33.0,station
2022-08-01,,,32.6,,,,,32.6,,,,,,50,10,17.8,24.73,0.0,-0.4991,-0.8666,32.2,33.0,33.0,station
2022-08-02,,,30.5,,,,,30.6,,,,,,52,5,16.4,26.2,0.0,-0.5139,-0.8578,31.6,31.0,31.0,station
2022-08-03,,,31.8,,,,,31.5,,,,,,52,4,20.0,27.09,0.0,-0.5286,-0.8489,31.7,31.0,31.0,station
2022-08-04,,,32.6,,,,,32.4,,,,,,51,16,19.9,24.67,0.0,-0.5431,-0.8397,32.4,33.0,33.0,station
2022-08-05,,,31.6,,,,,32.6,,,,,,51,20,21.0,24.29,0.0,-0.5575,-0.8302,32.6,32.0,32.0,station
2022-08-06,,,32.1,,,,,32.5,,,,,,54,27,18.4,24.52,1.4,-0.5717,-0.8205,32.7,32.0,32.0,station
2022-08-07,,,30.1,,,,,30.2,,,,,,62,51,21.5,19.48,0.3,-0.5857,-0.8105,29.9,29.0,29.0,station
2022-08-08,,,30.6,,,,,30.6,,,,,,49,21,18.6,26.82,0.0,-0.5996,-0.8003,30.4,30.0,30.0,station
2022-08-09,,,29.8,,,,,30.6,,,,,,49,8,18.5,25.12,0.1,-0.6132,-0.7899,31.0,30.0,30.0,station
2022-08-10,,,30.2,,,,,30.3,,,,,,51,13,17.0,23.87,0.2,-0.6267,-0.7792,30.7,29.0,29.0,station
2022-08-11,,,29.7,,,,,29.9,,,,,,49,11,18.4,26.56,0.0,-0.64,-0.7683,29.4,29.0,29.0,station
2022-08-12,,,30.3,,,,,30.3,,,,,,51,9,17.6,24.75,0.0,-0.6532,-0.7572,30.8,30.0,30.0,station
2022-08-13,,,31.4,,,,,31.6,,,,,,48,18,20.8,23.21,0.0,-0.6661,-0.7459,31.4,31.0,31.0,station
2022-08-14,,,31.4,,,,,32.1,,,,,,46,15,14.3,24.21,0.0,-0.6788,-0.7343,31.5,32.0,32.0,station
2022-08-15,,,31.2,,,,,30.7,,,,,,49,17,22.6,22.63,0.4,-0.6914,-0.7225,31.8,30.0,30.0,station
2022-08-16,,,29.8,,,,,30.4,,,,,,50,0,12.4,26.33,0.0,-0.7037,-0.7105,29.5,29.0,29.0,station
2022-08-17,,,31.0,,,,,31.0,,,,,,46,1,19.1,25.99,0.0,-0.7158,-0.6983,30.8,31.0,31.0,station
2022-08-18,,,30.1,,,,,30.9,,,,,,44,14,20.7,24.49,0.0,-0.7277,-0.6859,31.5,31.0,31.0,station
2022-08-19,,,29.6,,,,,29.2,,,,,,49,12,16.9,23.95,0.0,-0.7394,-0.6733,29.6,30.0,30.0,station
2022-08-20,,,30.1,,,,,30.2,,,,,,52,22,17.6,22.46,0.0,-0.7509,-0.6605,30.1,30.0,30.0,station
2022-08-21,,,31.8,,,,,32.2,,,,,,45,12,16.9,24.1,0.0,-0.7621,-0.6474,31.7,32.0,32.0,station
2022-08-22,,,33.3,,,,,32.7,,,,,,37,13,16.5,23.89,0.0,-0.7731,-0.6342,33.7,34.0,34.0,station
2022-08-23,,,34.3,,,,,34.2,,,,,,29,5,14.3,24.16,0.0,-0.7839,-0.6208,33.9,34.0,34.0,station
2022-08-24,,,34.5,,,,,34.1,,,,,,31,19,24.7,24.88,1.0,-0.7945,-0.6073,34.9,35.0,35.0,station
2022-08-25,,,30.0,,,,,30.1,,,,,,49,31,15.5,20.96,0.5,-0.8048,-0.5935,29.6,30.0,30.0,station
2022-08-26,,,31.8,,,,,31.3,,,,,,45,10,16.4,22.99,0.0,-0.8149,-0.5796,32.2,32.0,32.0,station
2022-08-27,,,30.7,,,,,30.8,,,,,,54,8,13.5,22.59,0.0,-0.8248,-0.5655,30.4,31.0,31.0,station
2022-08-28,,,30.4,,,,,31.6,,,,,,53,17,19.2,20.86,0.1,-0.8344,-0.5512,31.5,31.0,31.0,station
2022-08-29,,,32.5,,,,,32.2,,,,,,52,6,15.9,23.61,0.0,-0.8437,-0.5368,32.1,32.0,32.0,station
2022-08-30,,,34.0,,,,,34.3,,,,,,38,1,15.9,23.68,0.0,-0.8528,-0.5222,33.7,35.0,35.0,station
2022-08-31,,,33.2,,,,,32.6,,,,,,40,0,15.6,24.48,0.0,-0.8617,-0.5074,34.3,34.0,34.0,station
2022-09-01,,,31.3,,,,,31.4,,,,,,48,1,13.2,23.96,0.0,-0.8703,-0.4925,32.4,32.0,32.0,station
2022-09-02,,,32.4,,,,,32.7,,,,,,48,2,13.2,23.47,0.0,-0.8786,-0.4775,32.4,32.0,32.0,station
2022-09-03,,,32.2,,,,,32.6,,,,,,44,9,18.1,23.53,0.0,-0.8867,-0.4623,32.5,33.0,33.0,station
2022-09-04,,,29.1,,,,,29.0,,,,,,59,9,19.4,21.54,0.0,-0.8945,-0.447,29.2,28.0,28.0,station
2022-09-05,,,24.8,,,,,25.9,,,,,,56,27,20.9,18.54,0.0,-0.9021,-0.4315,26.8,25.0,25.0,station
2022-09-06,,,22.6,,,,,20.9,,,,,,55,36,17.6,17.53,0.0,-0.9094,-0.4159,23.0,23.0,23.0,station
2022-09-07,,,21.0,,,,,21.4,,,,,,47,21,15.8,22.34,0.0,-0.9164,-0.4002,20.9,21.0,21.0,station
2022-09-08,,,23.9,,,,,23.7,,,,,,45,0,16.1,23.33,0.0,-0.9232,-0.3844,24.5,24.0,24.0,station
2022-09-09,,,26.6,,,,,26.8,,,,,,39,0,10.2,22.95,0.0,-0.9296,-0.3685,27.2,27.0,27.0,station
2022-09-10,,,29.1,,,,,29.3,,,,,,30,0,11.0,22.72,0.0,-0.9358,-0.3524,29.1,30.0,30.0,station
2022-09-11,,,30.6,,,,,30.8,,,,,,36,0,15.0,22.19,0.0,-0.9418,-0.3363,31.1,31.0,31.0,station
2022-09-12,,,29.1,,,,,29.8,,,,,,59,17,25.5,19.18,0.9,-0.9474,-0.32,28.2,28.0,28.0,station
2022-09-13,,,23.6,,,,,24.0,,,,,,56,6,17.7,22.2,0.0,-0.9528,-0.3037,23.1,24.0,24.0,station
2022-09-14,,,22.8,,,,,22.8,,,,,,47,5,8.4,22.28,0.0,-0.9579,-0.2873,22.6,23.0,23.0,station
2022-09-15,,,27.1,,,,,26.9,,,,,,31,13,12.2,21.68,0.0,-0.9627,-0.2707,27.6,28.0,28.0,station
2022-09-16,,,31.4,,,,,31.4,,,,,,28,2,13.8,21.32,0.0,-0.9672,-0.2541,31.7,32.0,32.0,station
2022-09-17,,,33.6,,,,,33.4,,,,,,26,4,14.3,21.24,0.0,-0.9714,-0.2375,33.4,34.0,34.0,station
2022-09-18,,,32.8,,,,,33.1,,,,,,30,2,19.5,21.31,0.0,-0.9753,-0.2207,32.8,33.0,33.0,station
2022-09-19,,,26.2,,,,,26.6,,,,,,57,6,15.5,20.04,0.0,-0.979,-0.2039,26.4,26.0,26.0,station
2022-09-20,,,25.3,,,,,25.7,,,,,,59,38,16.0,19.14,0.0,-0.9824,-0.187,25.4,26.0,26.0,station
2022-09-21,,,21.1,,,,,21.7,,,,,,65,42,16.9,15.48,1.1,-0.9854,-0.1701,20.3,20.0,20.0,station
2022-09-22,,,17.2,,,,,17.5,,,,,,70,69,17.0,13.09,0.3,-0.9882,-0.1531,18.0,16.0,16.0,station
2022-09-23,,,17.3,,,,,17.6,,,,,,57,20,16.3,20.23,0.0,-0.9907,-0.1361,17.8,18.0,18.0,station
2022-09-24,,,18.0,,,,,17.7,,,,,,49,25,12.1,20.57,0.0,-0.9929,-0.1191,17.8,19.0,19.0,station
2022-09-25,,,21.8,,,,,21.6,,,,,,45,0,8.6,20.37,0.0,-0.9948,-0.102,20.7,22.0,22.0,station
2022-09-26,,,25.5,,,,,26.0,,,,,,30,12,10.9,20.18,0.0,-0.9964,-0.0848,24.8,26.0,26.0,station
2022-09-27,,,28.1,,,,,27.5,,,,,,24,62,18.1,19.5,0.0,-0.9977,-0.0677,28.0,29.0,29.0,station
2022-09-28,,,26.1,,,,,25.9,,,,,,45,56,24.1,15.42,0.2,-0.9987,-0.0505,24.8,25.0,25.0,station
2022-09-29,,,25.8,,,,,26.0,,,,,,60,16,18.7,17.47,0.0,-0.9994,-0.0333,24.2,25.0,25.0,station
2022-09-30,,,27.0,,,,,27.4,,,,,,59,1,15.8,18.15,0.0,-0.9999,-0.0161,25.8,27.0,27.0,station
2022-10-01,,,27.9,,,,,27.7,,,,,,48,0,12.1,18.61,0.0,-1.0,0.0011,27.5,28.0,28.0,station
2022-10-02,,,29.1,,,,,27.7,,,,,,51,55,25.8,14.5,0.2,-0.9998,0.0183,30.1,30.0,30.0,station
2022-10-03,,,21.0,,,,,21.7,,,,,,59,2,9.9,18.32,0.0,-0.9994,0.0355,21.1,22.0,22.0,station
2022-10-04,,,21.3,,,,,21.5,,,,,,62,17,17.7,17.36,0.0,-0.9986,0.0527,20.5,21.0,21.0,station
2022-10-05,,,19.3,,,,,18.9,,,,,,62,39,19.7,13.47,0.2,-0.9976,0.0698,18.7,19.0,19.0,station
2022-10-06,,,15.9,,,,,14.5,,,,,,72,76,22.1,10.63,0.5,-0.9962,0.087,16.9,16.0,16.0,station
2022-10-07,,,17.1,,,,,16.7,,,,,,74,88,26.1,9.1,0.3,-0.9946,0.1041,15.7,15.0,15.0,station
2022-10-08,,,14.7,,,,,15.6,,,,,,82,94,13.2,8.59,3.0,-0.9926,0.1212,15.7,13.0,13.0,station
2022-10-09,,,19.1,,,,,18.7,,,,,,84,79,16.7,10.76,1.2,-0.9904,0.1383,16.5,16.0,16.0,station
2022-10-10,,,19.3,,,,,19.4,,,,,,72,13,10.5,15.92,0.0,-0.9879,0.1553,18.7,19.0,19.0,station
2022-10-11,,,20.1,,,,,20.9,,,,,,65,45,8.2,16.83,0.0,-0.9851,0.1722,19.5,21.0,21.0,station
2022-10-12,,,19.7,,,,,20.4,,,,,,58,84,9.8,12.14,0.0,-0.9819,0.1892,19.6,21.0,21.0,station
2022-10-13,,,20.1,,,,,19.8,,,,,,68,40,12.4,16.18,0.0,-0.9785,0.206,18.6,20.0,20.0,station
2022-10-14,,,19.2,,,,,19.9,,,,,,66,72,12.1,14.47,0.1,-0.9749,0.2228,18.8,19.0,19.0,station
2022-10-15,,,15.3,,,,,17.1,,,,,,59,97,12.7,13.38,0.0,-0.9709,0.2396,18.4,16.0,16.0,station
2022-10-16,,,17.3,,,,,17.0,,,,,,78,100,16.3,6.09,12.1,-0.9666,0.2562,16.5,14.0,14.0,station
2022-10-17,,,15.9,,,,,17.8,,,,,,82,90,24.4,8.32,3.6,-0.9621,0.2728,17.4,16.0,16.0,station
2022-10-18,,,18.2,,,,,17.9,,,,,,78,57,25.5,12.73,0.0,-0.9572,0.2893,17.1,17.0,17.0,station
2022-10-19,,,20.4,,,,,21.9,,,,,,80,19,15.6,14.94,0.0,-0.9521,0.3057,19.5,19.0,19.0,station
2022-10-20,,,17.9,,,,,18.3,,,,,,76,50,17.6,10.09,0.3,-0.9467,0.3221,17.6,19.0,19.0,station
2022-10-21,,,11.7,,,,,12.2,,,,,,55,19,15.5,15.52,0.0,-0.941,0.3383,12.2,13.0,13.0,station
2022-10-22,,,13.5,,,,,13.7,,,,,,65,1,11.8,15.36,0.0,-0.9351,0.3545,12.8,15.0,15.0,station
2022-10-23,,,15.9,,,,,16.4,,,,,,49,28,10.5,13.4,0.0,-0.9288,0.3705,15.3,16.0,16.0,station
2022-10-24,,,17.3,,,,,17.6,,,,,,65,2,7.8,14.48,0.0,-0.9223,0.3864,17.2,18.0,18.0,station
2022-10-25,,,18.2,,,,,18.4,,,,,,67,1,7.0,14.48,0.0,-0.9155,0.4022,17.7,19.0,19.0,station
2022-10-26,,,19.2,,,,,19.4,,,,,,63,20,8.7,14.09,0.0,-0.9085,0.4179,17.6,20.0,20.0,station
2022-10-27,,,17.1,,,,,17.0,,,,,,68,35,17.3,12.61,0.0,-0.9012,0.4335,17.3,18.0,18.0,station
2022-10-28,,,14.8,,,,,15.0,,,,,,62,17,11.0,14.13,0.0,-0.8936,0.4489,15.2,16.0,16.0,station
2022-10-29,,,15.0,,,,,14.9,,,,,,69,2,12.0,13.89,0.0,-0.8857,0.4642,13.8,15.0,15.0,station
2022-10-30,,,16.3,,,,,16.0,,,,,,64,0,9.7,13.89,0.0,-0.8776,0.4794,16.6,18.0,18.0,station
2022-10-31,,,16.8,,,,,16.8,,,,,,60,2,10.5,13.6,0.0,-0.8692,0.4944,16.7,19.0,19.0,station
2022-11-01,,,15.9,,,,,16.3,,,,,,66,2,10.0,13.37,0.0,-0.8606,0.5093,15.3,18.0,18.0,station
2022-11-02,,,16.0,,,,,16.1,,,,,,58,0,8.7,13.24,0.0,-0.8517,0.524,16.5,17.0,17.0,station
2022-11-03,,,18.1,,,,,18.8,,,,,,64,6,12.7,12.78,0.0,-0.8426,0.5386,17.8,19.0,19.0,station
2022-11-04,,,16.3,,,,,17.1,,,,,,65,6,14.3,12.59,0.0,-0.8332,0.553,17.0,18.0,18.0,station
2022-11-05,,,18.4,,,,,17.8,,,,,,53,24,10.7,12.64,0.0,-0.8235,0.5672,18.9,20.0,20.0,station
2022-11-06,,,18.2,,,,,18.5,,,,,,40,32,11.3,12.51,0.0,-0.8137,0.5813,19.6,20.0,20.0,station
2022-11-07,,,16.4,,,,,17.0,,,,,,48,86,10.5,9.95,0.0,-0.8035,0.5952,16.6,16.0,16.0,station
2022-11-08,,,13.6,,,,,14.0,,,,,,69,44,12.2,10.81,0.4,-0.7932,0.609,15.2,15.0,15.0,station
2022-11-09,,,12.9,,,,,13.5,,,,,,66,26,12.4,12.09,0.0,-0.7826,0.6225,13.7,15.0,15.0,station
2022-11-10,,,13.9,,,,,13.7,,,,,,55,0,8.7,12.1,0.0,-0.7718,0.6359,14.5,15.0,15.0,station
2022-11-11,,,14.2,,,,,14.4,,,,,,58,0,8.6,11.97,0.0,-0.7607,0.6491,14.2,15.0,15.0,station
2022-11-12,,,14.0,,,,,14.0,,,,,,62,0,9.6,11.88,0.0,-0.7494,0.6621,14.6,13.0,13.0,station
2022-11-13,,,15.0,,,,,15.1,,,,,,57,4,7.4,11.92,0.0,-0.7379,0.6749,15.1,16.0,16.0,station
2022-11-14,,,14.5,,,,,14.7,,,,,,57,3,7.6,11.61,0.0,-0.7262,0.6875,15.1,15.0,15.0,station
2022-11-15,,,13.5,,,,,13.6,,,,,,57,46,7.7,11.29,0.0,-0.7143,0.6998,13.8,11.0,11.0,station
2022-11-16,,,13.8,,,,,14.0,,,,,,55,53,12.8,11.17,0.0,-0.7021,0.712,11.9,13.0,13.0,station
2022-11-17,,,14.5,,,,,14.7,,,,,,54,54,18.5,9.85,0.0,-0.6898,0.724,13.0,14.0,14.0,station
2022-11-18,,,14.0,,,,,13.0,,,,,,57,93,19.1,6.5,0.5,-0.6772,0.7358,16.0,16.0,16.0,station
2022-11-19,,,16.9,,,,,16.4,,,,,,64,43,21.6,8.48,0.0,-0.6645,0.7473,17.4,17.0,17.0,station
2022-11-20,,,17.0,,,,,17.1,,,,,,71,78,14.5,8.95,0.0,-0.6515,0.7586,17.9,17.0,17.0,station
2022-11-21,,,17.3,,,,,17.0,,,,,,60,92,16.7,6.29,0.3,-0.6384,0.7697,16.3,16.0,16.0,station
2022-11-22,,,14.0,,,,,12.1,,,,,,58,63,23.4,9.48,0.9,-0.625,0.7806,13.7,13.0,13.0,station
2022-11-23,,,15.5,,,,,15.5,,,,,,61,81,17.3,10.08,0.0,-0.6115,0.7912,15.0,15.0,15.0,station
2022-11-24,,,11.2,,,,,12.7,,,,,,71,99,15.9,7.03,4.3,-0.5978,0.8016,13.8,11.0,11.0,station
2022-11-25,,,8.3,,,,,9.1,,,,,,85,88,16.1,6.85,3.2,-0.584,0.8118,9.9,9.0,9.0,station
2022-11-26,,,8.2,,,,,7.8,,,,,,74,89,13.5,5.38,0.0,-0.5699,0.8217,8.5,10.0,10.0,station
2022-11-27,,,8.1,,,,,8.5,,,,,,77,57,7.6,10.02,0.0,-0.5557,0.8314,9.9,10.0,10.0,station
2022-11-28,,,8.9,,,,,9.4,,,,,,74,75,10.1,8.89,0.0,-0.5413,0.8408,8.9,7.0,7.0,station
2022-11-29,,,12.6,,,,,12.5,,,,,,68,68,10.2,9.13,0.0,-0.5268,0.85,13.2,11.0,11.0,station
2022-11-30,,,14.8,,,,,14.6,,,,,,75,41,9.4,9.68,0.0,-0.5121,0.859,14.9,16.0,16.0,station
2022-12-01,,,13.8,,,,,13.8,,,,,,75,66,11.8,7.66,0.4,-0.4972,0.8676,13.3,13.0,13.0,station
2022-12-02,,,12.1,,,,,11.1,,,,,,85,18,10.0,9.23,0.2,-0.4822,0.8761,12.1,13.0,13.0,station
2022-12-03,,,11.4,,,,,11.7,,,,,,81,10,7.3,9.43,0.0,-0.4671,0.8842,11.7,11.0,11.0,station
2022-12-04,,,10.7,,,,,10.6,,,,,,78,51,8.5,8.67,0.0,-0.4518,0.8921,11.2,11.0,11.0,station
2022-12-05,,,9.8,,,,,9.5,,,,,,76,67,8.8,8.65,0.0,-0.4364,0.8998,10.6,10.0,10.0,station
2022-12-06,,,8.5,,,,,8.9,,,,,,73,45,9.5,8.02,0.0,-0.4208,0.9071,9.0,9.0,9.0,station
2022-12-07,,,9.7,,,,,9.9,,,,,,75,38,9.0,9.32,0.0,-0.4052,0.9142,9.8,9.0,9.0,station
2022-12-08,,,11.1,,,,,11.3,,,,,,78,21,9.1,9.29,0.0,-0.3894,0.9211,9.4,11.0,11.0,station
2022-12-09,,,11.7,,,,,11.2,,,,,,77,63,8.5,8.61,0.0,-0.3735,0.9276,10.0,11.0,11.0,station
2022-12-10,,,13.0,,,,,12.9,,,,,,73,97,11.9,5.35,0.0,-0.3575,0.9339,11.6,10.0,10.0,station
2022-12-11,,,12.9,,,,,13.2,,,,,,74,100,19.0,6.1,0.8,-0.3413,0.9399,13.8,10.0,10.0,station
2022-12-12,,,9.7,,,,,10.7,,,,,,82,92,22.3,6.17,2.9,-0.3251,0.9457,11.4,12.0,12.0,station
2022-12-13,,,10.0,,,,,10.4,,,,,,78,76,20.9,6.7,0.9,-0.3088,0.9511,12.9,12.0,12.0,station
2022-12-14,,,8.8,,,,,9.0,,,,,,91,79,6.2,2.35,11.2,-0.2924,0.9563,9.5,9.0,9.0,station
2022-12-15,,,12.1,,,,,10.4,,,,,,86,62,17.9,7.9,0.0,-0.2759,0.9612,12.3,12.0,12.0,station
2022-12-16,,,13.9,,,,,13.6,,,,,,87,67,8.0,8.67,0.0,-0.2593,0.9658,13.4,15.0,15.0,station
2022-12-17,,,14.5,,,,,14.5,,,,,,84,63,7.4,8.11,0.0,-0.2427,0.9701,13.0,10.0,10.0,station
2022-12-18,,,14.5,,,,,14.9,,,,,,90,53,6.3,8.2,0.0,-0.226,0.9741,12.6,8.0,8.0,station
2022-12-19,,,9.2,,,,,9.9,,,,,,92,96,17.7,1.45,2.7,-0.2092,0.9779,7.6,8.0,8.0,station
2022-12-20,,,2.8,,,,,2.9,,,,,,70,30,16.7,9.36,0.0,-0.1923,0.9813,2.4,3.0,3.0,station
2022-12-21,,,5.5,,,,,5.7,,,,,,76,0,9.4,9.1,0.0,-0.1754,0.9845,6.6,6.0,6.0,station
2022-12-22,,,7.3,,,,,7.5,,,,,,83,11,7.6,9.0,0.0,-0.1585,0.9874,6.2,1.0,1.0,station
2022-12-23,,,7.9,,,,,8.1,,,,,,85,4,7.2,8.92,0.0,-0.1414,0.9899,4.7,1.0,1.0,station
2022-12-24,,,7.3,,,,,7.6,,,,,,85,13,7.9,8.46,0.0,-0.1244,0.9922,4.7,3.0,3.0,station
2022-12-25,,,5.4,,,,,4.2,,,,,,91,82,10.3,4.03,1.0,-0.1073,0.9942,3.8,4.0,4.0,station
2022-12-26,,,5.9,,,,,5.8,,,,,,89,78,13.9,3.16,0.0,-0.0902,0.9959,5.0,6.0,6.0,station
2022-12-27,,,5.8,,,,,5.8,,,,,,78,14,9.3,9.08,0.0,-0.073,0.9973,5.3,6.0,6.0,station
2022-12-28,,,6.9,,,,,7.0,,,,,,74,52,7.8,6.77,0.0,-0.0559,0.9984,7.4,7.0,7.0,station
2022-12-29,,,7.9,,,,,8.0,,,,,,81,12,6.7,9.1,0.0,-0.0387,0.9993,7.9,10.0,10.0,station
2022-12-30,,,9.0,,,,,8.8,,,,,,76,1,7.9,9.26,0.0,-0.0215,0.9998,8.3,11.0,11.0,station
2022-12-31,,,8.4,,,,,8.5,,,,,,72,22,7.5,9.08,0.0,-0.0043,1.0,7.4,,,
2023-01-01,,,8.5,,,,,8.9,,,,,,77,0,8.2,9.5,0.0,0.0172,0.9999,8.5,9.0,9.0,station
2023-01-02,,,9.5,,,,,9.7,,,,,,61,0,6.6,9.73,0.0,0.0344,0.9994,9.1,11.0,11.0,station
2023-01-03,,,9.8,,,,,10.1,,,,,,50,0,7.6,9.67,0.0,0.0516,0.9987,7.6,10.0,10.0,station
2023-01-04,,,9.0,,,,,9.0,,,,,,55,9,7.0,9.61,0.0,0.0688,0.9976,6.3,8.0,8.0,station
2023-01-05,,,8.4,,,,,8.6,,,,,,76,11,7.4,9.42,0.0,0.0859,0.9963,7.0,9.0,9.0,station
2023-01-06,,,6.4,,,,,6.3,,,,,,84,73,10.0,5.84,0.1,0.103,0.9947,4.0,3.0,3.0,station
2023-01-07,,,5.8,,,,,5.6,,,,,,90,66,8.0,8.31,0.0,0.1201,0.9928,4.5,4.0,4.0,station
2023-01-08,,,5.6,,,,,5.9,,,,,,83,20,7.4,9.41,0.0,0.1372,0.9905,5.0,4.0,4.0,station
2023-01-09,,,5.4,,,,,5.6,,,,,,74,0,9.0,9.93,0.0,0.1542,0.988,5.1,4.0,4.0,station
2023-01-10,,,7.3,,,,,7.7,,,,,,73,20,11.7,10.05,0.0,0.1712,0.9852,7.2,3.0,3.0,station
2023-01-11,,,8.8,,,,,8.6,,,,,,70,98,14.7,6.94,0.9,0.1881,0.9821,8.6,8.0,8.0,station
2023-01-12,,,9.2,,,,,8.6,,,,,,69,100,13.8,7.59,0.1,0.205,0.9788,10.5,10.0,10.0,station
2023-01-13,,,9.1,,,,,9.4,,,,,,70,87,8.3,9.84,0.0,0.2218,0.9751,8.5,9.0,9.0,station
2023-01-14,,,7.8,,,,,7.9,,,,,,60,12,6.3,10.3,0.0,0.2385,0.9711,7.5,9.0,9.0,station
2023-01-15,,,7.5,,,,,7.6,,,,,,52,39,6.6,10.07,0.0,0.2552,0.9669,7.8,9.0,9.0,station
2023-01-16,,,8.4,,,,,8.0,,,,,,58,0,9.0,10.37,0.0,0.2718,0.9624,9.0,10.0,10.0,station
2023-01-17,,,9.9,,,,,9.7,,,,,,68,25,17.3,10.12,0.0,0.2883,0.9575,10.0,11.0,11.0,station
2023-01-18,,,11.7,,,,,11.4,,,,,,70,42,16.9,10.18,0.0,0.3047,0.9524,12.1,14.0,14.0,station
2023-01-19,,,11.9,,,,,12.1,,,,,,73,51,8.9,9.87,0.0,0.3211,0.9471,11.5,13.0,13.0,station
2023-01-20,,,12.8,,,,,12.6,,,,,,61,2,9.4,11.08,0.0,0.3373,0.9414,13.1,14.0,14.0,station
2023-01-21,,,12.3,,,,,11.8,,,,,,64,0,8.7,10.85,0.0,0.3534,0.9355,12.4,14.0,14.0,station
2023-01-22,,,11.6,,,,,11.3,,,,,,63,8,7.6,11.07,0.0,0.3695,0.9292,11.8,13.0,13.0,station
2023-01-23,,,11.1,,,,,11.2,,,,,,61,16,9.8,11.15,0.0,0.3854,0.9227,10.8,13.0,13.0,station
2023-01-24,,,10.2,,,,,10.7,,,,,,62,0,8.7,11.29,0.0,0.4012,0.916,10.1,12.0,12.0,station
2023-01-25,,,6.8,,,,,8.6,,,,,,78,43,8.8,9.3,0.0,0.4169,0.9089,5.1,5.0,5.0,station
2023-01-26,,,6.9,,,,,8.7,,,,,,77,38,8.9,11.48,0.0,0.4325,0.9016,6.9,7.0,7.0,station
2023-01-27,,,7.0,,,,,6.8,,,,,,62,92,21.8,4.48,0.2,0.4479,0.8941,7.7,9.0,9.0,station
2023-01-28,,,8.5,,,,,7.8,,,,,,77,81,19.8,11.12,3.0,0.4633,0.8862,9.4,10.0,10.0,station
2023-01-29,,,5.3,,,,,6.9,,,,,,81,77,15.9,9.06,1.4,0.4784,0.8781,5.0,4.0,4.0,station
2023-01-30,,,2.8,,,,,3.3,,,,,,74,75,8.0,7.02,0.0,0.4935,0.8698,2.5,3.0,3.0,station
2023-01-31,,,1.5,,,,,2.9,,,,,,70,95,13.4,4.64,1.5,0.5084,0.8611,4.2,4.0,4.0,station
2023-02-01,,,2.4,,,,,1.2,,,,,,72,79,15.5,8.38,3.7,0.5231,0.8523,2.2,2.0,2.0,station
2023-02-02,,,0.8,,,,,1.5,,,,,,75,48,18.8,9.19,0.0,0.5377,0.8432,1.5,1.0,1.0,station
2023-02-03,,,2.6,,,,,1.6,,,,,,72,90,18.5,8.43,7.4,0.5521,0.8338,3.4,3.0,3.0,station
2023-02-04,,,-1.7,,,,,-0.8,,,,,,92,98,9.6,8.26,1.8,0.5664,0.8242,-1.7,1.0,1.0,station
2023-02-05,,,0.1,,,,,-0.2,,,,,,73,63,15.5,13.06,0.0,0.5805,0.8143,1.3,-1.0,-1.0,station
2023-02-06,,,-0.2,,,,,0.9,,,,,,75,100,23.7,5.34,4.5,0.5944,0.8042,1.3,1.0,1.0,station
2023-02-07,,,-1.7,,,,,-1.9,,,,,,72,94,18.1,8.36,0.1,0.6081,0.7938,-1.2,0.0,0.0,station
2023-02-08,,,-1.9,,,,,-1.2,,,,,,67,76,15.8,9.45,0.1,0.6217,0.7833,-0.5,0.0,0.0,station
2023-02-09,,,-2.2,,,,,-1.8,,,,,,71,88,8.9,8.87,0.5,0.6351,0.7725,0.1,0.0,0.0,station
2023-02-10,,,-1.2,,,,,-1.7,,,,,,70,30,9.5,12.82,0.0,0.6483,0.7614,0.2,-1.0,-1.0,station
2023-02-11,,,-1.0,,,,,-0.9,,,,,,68,4,9.0,13.97,0.0,0.6613,0.7502,0.6,-1.0,-1.0,station
2023-02-12,,,-0.7,,,,,-0.3,,,,,,74,53,9.6,12.43,0.0,0.6741,0.7387,0.8,0.0,0.0,station
2023-02-13,,,0.7,,,,,0.4,,,,,,65,22,16.1,13.59,0.0,0.6867,0.727,3.4,3.0,3.0,station
2023-02-14,,,0.9,,,,,1.2,,,,,,59,41,11.3,14.4,0.0,0.6991,0.715,3.0,3.0,3.0,station
2023-02-15,,,1.5,,,,,1.8,,,,,,66,86,20.7,7.86,0.4,0.7113,0.7029,2.7,2.0,2.0,station
2023-02-16,,,1.7,,,,,1.6,,,,,,67,71,14.7,7.48,0.0,0.7233,0.6906,2.3,1.0,1.0,station
2023-02-17,,,3.2,,,,,4.3,,,,,,65,29,14.7,14.97,0.0,0.735,0.678,5.3,5.0,5.0,station
2023-02-18,,,6.1,,,,,6.8,,,,,,56,82,17.1,12.85,0.0,0.7466,0.6653,8.3,8.0,8.0,station
2023-02-19,,,11.0,,,,,10.7,,,,,,54,55,19.4,13.67,0.0,0.7579,0.6523,12.8,13.0,13.0,station
2023-02-20,,,7.1,,,,,9.0,,,,,,70,69,25.3,8.58,2.0,0.769,0.6392,9.0,8.0,8.0,station
2023-02-21,,,8.4,,,,,8.3,,,,,,77,34,20.9,14.55,0.0,0.7799,0.6259,8.5,10.0,10.0,station
2023-02-22,,,10.9,,,,,11.5,,,,,,65,46,13.1,15.4,0.0,0.7906,0.6124,12.4,14.0,14.0,station
2023-02-23,,,10.8,,,,,10.6,,,,,,67,24,12.6,13.37,0.0,0.801,0.5987,11.6,12.0,12.0,station
2023-02-24,,,10.2,,,,,9.9,,,,,,69,57,10.8,15.09,0.0,0.8112,0.5848,12.3,13.0,13.0,station
2023-02-25,,,12.6,,,,,13.2,,,,,,57,18,20.6,14.89,0.0,0.8211,0.5708,13.5,14.0,14.0,station
2023-02-26,,,13.7,,,,,13.4,,,,,,56,26,18.7,16.39,0.0,0.8308,0.5566,14.3,14.0,14.0,station
2023-02-27,,,15.2,,,,,15.5,,,,,,51,91,11.6,14.09,0.0,0.8402,0.5422,16.4,16.0,16.0,station
2023-02-28,,,15.9,,,,,14.0,,,,,,60,100,10.5,9.08,0.0,0.8495,0.5277,15.9,15.0,15.0,station
2023-03-01,,,16.6,,,,,15.1,,,,,,69,98,11.5,13.08,0.2,0.8584,0.513,18.0,19.0,19.0,station
2023-03-02,,,16.4,,,,,16.1,,,,,,68,78,18.9,15.9,0.3,0.8671,0.4981,17.0,18.0,18.0,station
2023-03-03,,,13.7,,,,,13.9,,,,,,70,60,19.7,15.28,7.0,0.8755,0.4831,15.3,16.0,16.0,station
2023-03-04,,,11.6,,,,,12.2,,,,,,70,81,22.0,14.69,0.0,0.8837,0.468,13.1,12.0,12.0,station
2023-03-05,,,11.3,,,,,11.6,,,,,,84,100,18.1,7.41,14.9,0.8916,0.4527,11.5,11.0,11.0,station
2023-03-06,,,7.0,,,,,6.9,,,,,,80,71,23.4,11.02,5.6,0.8993,0.4373,8.3,8.0,8.0,station
2023-03-07,,,10.8,,,,,11.2,,,,,,66,60,18.4,11.78,0.2,0.9067,0.4218,10.9,11.0,11.0,station
2023-03-08,,,11.8,,,,,12.5,,,,,,67,15,14.8,16.2,0.0,0.9138,0.4061,13.3,14.0,14.0,station
2023-03-09,,,13.9,,,,,12.9,,,,,,64,60,23.1,13.06,0.0,0.9207,0.3904,13.3,15.0,15.0,station
2023-03-10,,,13.9,,,,,13.8,,,,,,61,80,18.8,12.93,0.1,0.9272,0.3745,14.3,15.0,15.0,station
2023-03-11,,,14.9,,,,,14.1,,,,,,63,99,29.7,11.73,4.8,0.9335,0.3585,16.5,15.0,15.0,station
2023-03-12,,,9.6,,,,,8.9,,,,,,86,100,19.7,4.09,21.8,0.9396,0.3424,8.3,9.0,9.0,station
2023-03-13,,,4.5,,,,,6.3,,,,,,83,100,24.2,6.69,4.2,0.9453,0.3261,5.3,5.0,5.0,station
2023-03-14,,,7.4,,,,,8.9,,,,,,81,95,14.2,11.7,0.4,0.9508,0.3098,7.9,7.0,7.0,station
2023-03-15,,,13.0,,,,,12.2,,,,,,77,78,10.4,13.65,0.0,0.956,0.2934,12.6,14.0,14.0,station
2023-03-16,,,12.1,,,,,13.4,,,,,,76,37,20.1,14.41,0.6,0.9609,0.2769,13.1,12.0,12.0,station
2023-03-17,,,10.4,,,,,10.7,,,,,,86,91,12.8,5.57,6.3,0.9655,0.2604,9.2,9.0,9.0,station
2023-03-18,,,9.1,,,,,9.7,,,,,,86,99,16.3,11.24,8.3,0.9698,0.2437,10.8,11.0,11.0,station
2023-03-19,,,6.0,,,,,5.5,,,,,,84,98,23.4,6.58,4.4,0.9739,0.227,8.6,8.0,8.0,station
2023-03-20,,,12.3,,,,,12.0,,,,,,73,46,16.1,18.82,0.0,0.9777,0.2102,13.2,14.0,14.0,station
2023-03-21,,,13.2,,,,,13.2,,,,,,63,8,8.2,21.02,0.0,0.9811,0.1934,13.5,15.0,15.0,station
2023-03-22,,,13.7,,,,,12.9,,,,,,65,93,7.6,13.56,0.0,0.9843,0.1765,14.1,13.0,13.0,station
2023-03-23,,,8.9,,,,,8.4,,,,,,84,90,10.6,8.56,5.7,0.9872,0.1595,9.3,8.0,8.0,station
2023-03-24,,,11.1,,,,,10.2,,,,,,73,37,10.5,16.49,0.0,0.9898,0.1425,12.2,14.0,14.0,station
2023-03-25,,,14.1,,,,,14.3,,,,,,68,10,12.1,20.2,0.0,0.9921,0.1255,15.1,16.0,16.0,station
2023-03-26,,,16.5,,,,,16.1,,,,,,60,41,17.9,19.41,0.1,0.9941,0.1084,15.9,17.0,17.0,station
2023-03-27,,,16.4,,,,,16.2,,,,,,63,14,17.4,21.9,0.0,0.9958,0.0913,16.3,17.0,17.0,station
2023-03-28,,,10.9,,,,,12.3,,,,,,75,76,25.7,10.97,11.1,0.9972,0.0741,11.6,12.0,12.0,station
2023-03-29,,,4.2,,,,,5.4,,,,,,70,93,21.6,8.39,6.5,0.9984,0.057,4.1,3.0,3.0,station
2023-03-30,,,2.4,,,,,1.9,,,,,,64,58,18.2,18.49,2.4,0.9992,0.0398,2.4,2.0,2.0,station
2023-03-31,,,4.9,,,,,5.2,,,,,,59,42,11.6,23.14,0.0,0.9997,0.0226,7.5,8.0,8.0,station
2023-04-01,,,13.7,,,,,13.0,,,,,,56,60,17.7,20.66,0.1,1.0,0.0054,15.5,15.0,15.0,station
2023-04-02,,,14.9,,,,,14.3,,,,,,63,96,26.4,17.76,0.6,0.9999,-0.0118,15.7,15.0,15.0,station
2023-04-03,,,17.0,,,,,16.9,,,,,,63,80,18.8,21.49,1.9,0.9996,-0.029,18.5,19.0,19.0,station
2023-04-04,,,18.9,,,,,18.9,,,,,,56,90,28.0,17.56,3.0,0.9989,-0.0462,19.6,21.0,21.0,station
2023-04-05,,,12.5,,,,,12.9,,,,,,79,71,23.5,15.41,5.1,0.998,-0.0634,12.5,14.0,14.0,station
2023-04-06,,,11.8,,,,,11.8,,,,,,69,87,18.4,19.52,3.1,0.9968,-0.0805,11.9,11.0,11.0,station
2023-04-07,,,9.0,,,,,10.4,,,,,,78,70,17.5,15.08,5.4,0.9952,-0.0977,9.2,9.0,9.0,station
2023-04-08,,,12.9,,,,,12.9,,,,,,64,51,9.6,23.66,0.0,0.9934,-0.1148,13.6,14.0,14.0,station
2023-04-09,,,15.3,,,,,14.2,,,,,,59,93,10.5,16.48,0.0,0.9913,-0.1319,15.1,16.0,16.0,station
2023-04-10,,,11.6,,,,,13.3,,,,,,83,87,11.6,10.43,12.0,0.9889,-0.1489,12.9,12.0,12.0,station
2023-04-11,,,13.4,,,,,12.5,,,,,,76,71,11.8,21.11,0.1,0.9861,-0.1659,12.4,13.0,13.0,station
2023-04-12,,,11.0,,,,,10.4,,,,,,76,58,19.1,21.12,0.3,0.9831,-0.1828,10.8,11.0,11.0,station
2023-04-13,,,10.6,,,,,12.1,,,,,,74,53,19.4,19.28,1.5,0.9799,-0.1997,11.2,11.0,11.0,station
2023-04-14,,,17.1,,,,,16.6,,,,,,61,27,16.4,24.8,0.0,0.9763,-0.2165,17.3,18.0,18.0,station
2023-04-15,,,20.2,,,,,20.1,,,,,,57,41,12.4,24.58,0.0,0.9724,-0.2333,19.9,21.0,21.0,station
2023-04-16,,,20.5,,,,,18.2,,,,,,64,79,22.8,18.33,1.9,0.9683,-0.25,19.2,21.0,21.0,station
2023-04-17,,,21.0,,,,,20.2,,,,,,64,92,21.7,18.64,1.5,0.9638,-0.2666,21.0,21.0,21.0,station
2023-04-18,,,20.6,,,,,18.7,,,,,,56,90,27.3,19.16,2.2,0.9591,-0.2831,19.1,21.0,21.0,station
2023-04-19,,,18.0,,,,,18.0,,,,,,71,27,24.6,22.26,0.8,0.9541,-0.2996,19.1,20.0,20.0,station
2023-04-20,,,13.7,,,,,13.8,,,,,,75,64,22.9,18.46,5.4,0.9488,-0.316,13.5,15.0,15.0,station
2023-04-21,,,14.1,,,,,13.2,,,,,,71,30,19.6,22.69,0.5,0.9432,-0.3322,13.8,16.0,16.0,station
2023-04-22,,,16.0,,,,,16.1,,,,,,66,37,11.7,24.04,0.0,0.9373,-0.3484,15.0,16.0,16.0,station
2023-04-23,,,13.0,,,,,12.8,,,,,,67,89,13.0,16.71,1.3,0.9312,-0.3645,14.3,14.0,14.0,station
2023-04-24,,,14.9,,,,,16.1,,,,,,70,38,15.1,23.53,1.1,0.9248,-0.3804,14.7,15.0,15.0,station
2023-04-25,,,17.4,,,,,17.9,,,,,,59,58,17.1,22.99,0.3,0.9181,-0.3963,17.7,18.0,18.0,station
2023-04-26,,,17.9,,,,,18.2,,,,,,67,90,22.2,20.56,2.2,0.9112,-0.412,18.4,18.0,18.0,station
2023-04-27,,,13.6,,,,,13.6,,,,,,84,98,18.2,11.61,7.7,0.9039,-0.4276,14.5,15.0,15.0,station
2023-04-28,,,10.1,,,,,8.7,,,,,,70,81,18.7,17.83,0.7,0.8965,-0.4431,11.2,10.0,10.0,station
2023-04-29,,,9.5,,,,,8.5,,,,,,68,68,17.7,15.87,0.0,0.8887,-0.4585,10.6,11.0,11.0,station
2023-04-30,,,10.1,,,,,11.2,,,,,,73,73,17.2,12.99,0.7,0.8807,-0.4737,11.0,10.0,10.0,station
2023-05-01,,,15.2,,,,,13.8,,,,,,54,8,15.8,27.33,0.0,0.8724,-0.4888,15.3,16.0,16.0,station
2023-05-02,,,17.2,,,,,17.0,,,,,,53,1,10.5,28.07,0.0,0.8639,-0.5037,16.8,18.0,18.0,station
2023-05-03,,,19.9,,,,,19.8,,,,,,51,57,11.2,27.86,0.0,0.8551,-0.5185,20.9,22.0,22.0,station
2023-05-04,,,21.2,,,,,20.7,,,,,,43,79,12.6,23.31,0.0,0.846,-0.5331,21.2,22.0,22.0,station
2023-05-05,,,22.7,,,,,22.0,,,,,,48,74,24.0,22.32,1.0,0.8367,-0.5476,23.7,24.0,24.0,station
2023-05-06,,,21.6,,,,,21.9,,,,,,52,49,26.6,25.67,1.0,0.8272,-0.5619,22.8,23.0,23.0,station
2023-05-07,,,16.3,,,,,15.5,,,,,,72,65,17.2,12.2,1.1,0.8174,-0.5761,15.9,15.0,15.0,station
2023-05-08,,,16.0,,,,,16.3,,,,,,67,61,12.0,19.33,0.8,0.8074,-0.59,18.0,19.0,19.0,station
2023-05-09,,,19.9,,,,,19.4,,,,,,64,78,15.3,21.6,0.0,0.7971,-0.6038,19.9,21.0,21.0,station
2023-05-10,,,17.2,,,,,18.7,,,,,,74,90,18.4,16.67,1.3,0.7866,-0.6175,17.9,18.0,18.0,station
2023-05-11,,,17.3,,,,,18.3,,,,,,73,86,17.7,18.03,0.1,0.7759,-0.6309,18.0,17.0,17.0,station
2023-05-12,,,19.9,,,,,20.5,,,,,,71,99,19.1,23.72,2.1,0.7649,-0.6442,20.2,18.0,18.0,station
2023-05-13,,,17.9,,,,,17.4,,,,,,69,77,13.4,18.3,0.3,0.7537,-0.6572,19.8,19.0,19.0,station
2023-05-14,,,19.7,,,,,20.4,,,,,,58,43,13.0,27.64,0.0,0.7423,-0.6701,20.7,21.0,21.0,station
2023-05-15,,,20.6,,,,,20.9,,,,,,52,62,12.4,27.41,0.0,0.7306,-0.6828,23.0,22.0,22.0,station
2023-05-16,,,25.2,,,,,24.2,,,,,,51,38,9.4,28.03,0.0,0.7188,-0.6952,26.3,26.0,26.0,station
2023-05-17,,,25.8,,,,,26.2,,,,,,60,70,31.1,24.36,6.5,0.7067,-0.7075,28.4,27.0,27.0,station
2023-05-18,,,21.4,,,,,22.9,,,,,,72,66,15.5,22.45,0.5,0.6945,-0.7195,21.4,21.0,21.0,station
2023-05-19,,,18.1,,,,,16.1,,,,,,72,79,13.6,21.51,0.6,0.682,-0.7314,18.2,18.0,18.0,station
2023-05-20,,,17.5,,,,,17.5,,,,,,76,82,8.3,17.53,11.4,0.6693,-0.743,18.4,19.0,19.0,station
2023-05-21,,,19.3,,,,,19.1,,,,,,72,52,13.0,24.11,1.5,0.6564,-0.7544,20.2,20.0,20.0,station
2023-05-22,,,21.2,,,,,20.7,,,,,,74,66,11.0,20.75,10.0,0.6433,-0.7656,21.5,21.0,21.0,station
2023-05-23,,,18.6,,,,,18.2,,,,,,81,99,17.7,18.14,4.9,0.6301,-0.7765,18.9,17.0,17.0,station
2023-05-24,,,20.2,,,,,17.6,,,,,,75,98,12.0,17.42,3.7,0.6166,-0.7873,18.7,19.0,19.0,station
2023-05-25,,,21.6,,,,,20.9,,,,,,72,56,9.8,22.04,0.7,0.603,-0.7978,20.6,21.0,21.0,station
2023-05-26,,,22.5,,,,,22.1,,,,,,72,43,10.3,22.56,1.9,0.5892,-0.808,21.4,20.0,20.0,station
2023-05-27,,,23.1,,,,,22.5,,,,,,68,47,11.4,24.58,0.2,0.5752,-0.818,23.3,25.0,25.0,station
2023-05-28,,,23.2,,,,,23.6,,,,,,64,75,19.9,23.78,0.7,0.561,-0.8278,22.1,21.0,21.0,station
2023-05-29,,,22.0,,,,,20.8,,,,,,72,88,10.8,22.58,5.7,0.5467,-0.8373,22.0,23.0,23.0,station
2023-05-30,,,19.7,,,,,19.5,,,,,,84,89,14.3,16.52,6.9,0.5322,-0.8466,18.3,17.0,17.0,station
2023-05-31,,,20.7,,,,,21.4,,,,,,75,76,10.4,22.78,1.4,0.5176,-0.8556,20.8,20.0,20.0,station
2023-06-01,,,21.3,,,,,23.0,,,,,,66,66,15.6,25.76,0.1,0.5028,-0.8644,22.3,21.0,21.0,station
2023-06-02,,,23.6,,,,,23.9,,,,,,73,68,16.6,25.57,1.1,0.4878,-0.8729,23.2,23.0,23.0,station
2023-06-03,,,25.7,,,,,25.6,,,,,,78,75,12.4,19.7,9.7,0.4728,-0.8812,22.4,21.0,21.0,station
2023-06-04,,,19.7,,,,,20.0,,,,,,81,93,16.9,15.09,13.4,0.4575,-0.8892,19.6,18.0,18.0,station
2023-06-05,,,20.5,,,,,19.7,,,,,,73,69,20.1,17.02,1.1,0.4422,-0.8969,20.0,20.0,20.0,station
2023-06-06,,,21.3,,,,,21.5,,,,,,70,32,16.9,25.87,1.2,0.4267,-0.9044,22.5,22.0,22.0,station
2023-06-07,,,24.6,,,,,24.4,,,,,,62,1,11.4,30.43,0.0,0.4111,-0.9116,25.3,25.0,25.0,station
2023-06-08,,,26.0,,,,,26.2,,,,,,55,60,10.7,27.63,0.0,0.3953,-0.9185,26.6,27.0,27.0,station
2023-06-09,,,25.6,,,,,25.9,,,,,,58,75,14.5,22.47,2.2,0.3795,-0.9252,24.4,26.0,26.0,station
2023-06-10,,,23.8,,,,,24.1,,,,,,70,41,12.0,26.11,1.5,0.3635,-0.9316,23.3,24.0,24.0,station
2023-06-11,,,21.2,,,,,23.8,,,,,,71,89,10.6,22.81,0.3,0.3474,-0.9377,25.1,23.0,23.0,station
2023-06-12,,,20.5,,,,,23.0,,,,,,73,85,15.2,23.12,0.1,0.3312,-0.9436,23.0,23.0,23.0,station
2023-06-13,,,21.6,,,,,21.4,,,,,,72,63,11.0,21.46,1.4,0.3149,-0.9491,23.0,22.0,22.0,station
2023-06-14,,,20.7,,,,,19.3,,,,,,69,69,13.9,23.82,0.7,0.2986,-0.9544,23.3,21.0,21.0,station
2023-06-15,,,25.1,,,,,24.4,,,,,,62,40,10.5,28.34,0.0,0.2821,-0.9594,25.1,25.0,25.0,station
2023-06-16,,,26.9,,,,,27.7,,,,,,53,59,10.1,28.18,0.0,0.2656,-0.9641,27.1,28.0,28.0,station
2023-06-17,,,26.7,,,,,27.1,,,,,,63,59,18.7,24.23,6.4,0.2489,-0.9685,28.3,28.0,28.0,station
2023-06-18,,,23.6,,,,,23.2,,,,,,69,43,14.8,25.61,0.5,0.2322,-0.9727,23.7,23.0,23.0,station
2023-06-19,,,20.6,,,,,20.3,,,,,,77,76,16.1,20.7,14.2,0.2155,-0.9765,21.6,20.0,20.0,station
2023-06-20,,,22.2,,,,,23.4,,,,,,75,52,18.1,19.43,3.6,0.1986,-0.9801,22.1,22.0,22.0,station
2023-06-21,,,22.0,,,,,21.3,,,,,,62,52,14.8,26.8,0.0,0.1818,-0.9833,22.8,22.0,22.0,station
2023-06-22,,,22.8,,,,,23.1,,,,,,61,7,15.6,29.87,0.0,0.1648,-0.9863,22.6,24.0,24.0,station
2023-06-23,,,24.9,,,,,24.9,,,,,,55,0,13.8,31.14,0.0,0.1478,-0.989,24.8,26.0,26.0,station
2023-06-24,,,26.8,,,,,27.8,,,,,,46,0,12.3,31.49,0.0,0.1308,-0.9914,27.3,28.0,28.0,station
2023-06-25,,,28.9,,,,,29.5,,,,,,52,1,9.3,30.7,0.0,0.1137,-0.9935,29.4,30.0,30.0,station
2023-06-26,,,29.0,,,,,29.3,,,,,,54,20,18.3,28.05,0.1,0.0966,-0.9953,29.5,30.0,30.0,station
2023-06-27,,,25.9,,,,,26.2,,,,,,59,8,18.7,28.87,0.1,0.0795,-0.9968,26.8,26.0,26.0,station
2023-06-28,,,27.5,,,,,28.1,,,,,,65,23,12.3,27.42,0.1,0.0623,-0.9981,28.2,29.0,29.0,station
2023-06-29,,,26.1,,,,,26.8,,,,,,61,15,22.7,28.87,0.0,0.0451,-0.999,27.8,27.0,27.0,station
2023-06-30,,,25.0,,,,,24.8,,,,,,56,16,16.9,29.57,0.1,0.028,-0.9996,25.6,25.0,25.0,station
2023-07-01,,,26.3,,,,,26.2,,,,,,53,0,8.4,30.64,0.0,0.0108,-0.9999,26.9,27.0,27.0,station
2023-07-02,,,29.4,,,,,29.7,,,,,,41,0,12.7,30.66,0.0,-0.0065,-1.0,30.4,31.0,31.0,station
2023-07-03,,,31.3,,,,,31.3,,,,,,45,25,12.6,28.1,0.0,-0.0237,-0.9997,31.8,33.0,33.0,station
2023-07-04,,,30.8,,,,,31.4,,,,,,46,18,15.7,27.71,0.0,-0.0408,-0.9992,31.6,32.0,32.0,station
2023-07-05,,,30.9,,,,,30.4,,,,,,37,0,22.4,30.25,0.0,-0.058,-0.9983,32.2,32.0,32.0,station
2023-07-06,,,31.8,,,,,32.0,,,,,,43,4,21.2,30.02,0.0,-0.0752,-0.9972,33.2,33.0,33.0,station
2023-07-07,,,30.6,,,,,30.3,,,,,,50,16,21.1,27.54,0.0,-0.0923,-0.9957,30.3,31.0,31.0,station
2023-07-08,,,27.9,,,,,28.4,,,,,,56,25,21.7,26.79,0.1,-0.1094,-0.994,29.0,27.0,27.0,station
2023-07-09,,,20.0,,,,,19.2,,,,,,67,59,25.0,22.47,3.4,-0.1265,-0.992,23.6,21.0,21.0,station
2023-07-10,,,23.0,,,,,22.4,,,,,,58,50,24.5,26.25,1.8,-0.1436,-0.9896,25.5,23.0,23.0,station
2023-07-11,,,25.2,,,,,24.2,,,,,,55,26,13.3,19.92,0.0,-0.1606,-0.987,24.5,26.0,26.0,station
2023-07-12,,,28.8,,,,,27.7,,,,,,52,12,15.6,25.82,0.0,-0.1775,-0.9841,30.0,30.0,30.0,station
2023-07-13,,,31.1,,,,,30.6,,,,,,44,0,18.1,30.38,0.0,-0.1944,-0.9809,32.3,32.0,32.0,station
2023-07-14,,,33.0,,,,,32.9,,,,,,40,1,22.3,29.61,0.0,-0.2113,-0.9774,34.9,34.0,34.0,station
2023-07-15,,,29.3,,,,,30.2,,,,,,46,0,18.7,29.75,0.0,-0.2281,-0.9736,31.8,31.0,31.0,station
2023-07-16,,,28.7,,,,,28.0,,,,,,45,0,17.9,30.07,0.0,-0.2448,-0.9696,30.0,29.0,29.0,station
2023-07-17,,,28.0,,,,,27.6,,,,,,46,0,18.4,29.96,0.0,-0.2614,-0.9652,28.9,34.0,34.0,station
2023-07-18,,,28.8,,,,,27.8,,,,,,38,0,16.2,30.21,0.0,-0.278,-0.9606,30.3,30.0,30.0,station
2023-07-19,,,29.0,,,,,29.0,,,,,,38,0,18.7,30.06,0.0,-0.2945,-0.9557,30.3,30.0,30.0,station
2023-07-20,,,30.6,,,,,30.9,,,,,,40,1,13.6,29.52,0.0,-0.3109,-0.9505,31.6,32.0,32.0,station
2023-07-21,,,32.3,,,,,32.3,,,,,,42,13,22.1,26.83,0.0,-0.3272,-0.945,33.0,32.0,32.0,station
2023-07-22,,,32.8,,,,,33.1,,,,,,43,4,18.8,27.84,0.0,-0.3434,-0.9392,33.2,34.0,34.0,station
2023-07-23,,,32.3,,,,,33.2,,,,,,40,10,20.0,27.02,0.0,-0.3595,-0.9332,34.9,33.0,33.0,station
2023-07-24,,,29.7,,,,,29.5,,,,,,50,6,22.8,27.67,0.0,-0.3755,-0.9268,30.6,30.0,30.0,station
2023-07-25,,,30.2,,,,,30.4,,,,,,44,0,16.3,29.49,0.0,-0.3914,-0.9202,30.9,30.0,30.0,station
2023-07-26,,,33.0,,,,,33.1,,,,,,35,0,9.8,29.05,0.0,-0.4071,-0.9134,33.7,34.0,34.0,station
2023-07-27,,,36.6,,,,,36.8,,,,,,26,19,25.5,26.86,0.0,-0.4228,-0.9062,37.2,37.0,37.0,station
2023-07-28,,,27.3,,,,,27.5,,,,,,47,1,18.4,29.12,0.0,-0.4383,-0.8988,27.6,28.0,28.0,station
2023-07-29,,,28.9,,,,,28.3,,,,,,42,0,15.9,28.78,0.0,-0.4537,-0.8912,30.0,30.0,30.0,station
2023-07-30,,,29.3,,,,,28.7,,,,,,42,4,15.9,28.06,0.0,-0.469,-0.8832,30.2,30.0,30.0,station
2023-07-31,,,30.9,,,,,30.4,,,,,,41,1,17.0,28.49,0.0,-0.4841,-0.875,31.1,32.0,32.0,station
2023-08-01,,,33.2,,,,,33.3,,,,,,40,23,19.1,27.53,0.0,-0.4991,-0.8666,34.1,33.0,33.0,station
2023-08-02,,,32.3,,,,,33.0,,,,,,44,20,13.6,27.96,0.2,-0.5139,-0.8578,33.0,32.0,32.0,station
2023-08-03,,,33.1,,,,,33.6,,,,,,39,0,17.0,28.0,0.0,-0.5286,-0.8489,34.2,34.0,34.0,station
2023-08-04,,,32.9,,,,,32.3,,,,,,36,0,14.7,27.8,0.0,-0.5431,-0.8397,33.5,33.0,33.0,station
2023-08-05,,,34.7,,,,,34.9,,,,,,32,0,12.4,28.05,0.0,-0.5575,-0.8302,34.7,35.0,35.0,station
2023-08-06,,,37.3,,,,,37.5,,,,,,23,2,16.3,27.6,0.0,-0.5717,-0.8205,37.1,37.0,37.0,station
2023-08-07,,,34.2,,,,,34.9,,,,,,37,0,12.9,27.39,0.0,-0.5857,-0.8105,33.8,34.0,34.0,station
2023-08-08,,,35.7,,,,,36.1,,,,,,50,7,22.7,26.32,0.0,-0.5996,-0.8003,35.8,36.0,36.0,station
2023-08-09,,,30.9,,,,,31.2,,,,,,52,7,21.6,25.56,0.0,-0.6132,-0.7899,31.1,31.0,31.0,station
2023-08-10,,,33.9,,,,,34.2,,,,,,47,7,16.6,25.74,0.0,-0.6267,-0.7792,34.8,35.0,35.0,station
2023-08-11,,,30.7,,,,,29.6,,,,,,57,8,21.7,25.02,0.0,-0.64,-0.7683,31.7,31.0,31.0,station
2023-08-12,,,31.7,,,,,31.2,,,,,,53,6,26.3,25.42,0.1,-0.6532,-0.7572,31.9,31.0,31.0,station
2023-08-13,,,35.4,,,,,35.6,,,,,,44,8,21.7,25.83,0.0,-0.6661,-0.7459,36.2,36.0,36.0,station
2023-08-14,,,38.6,,,,,38.1,,,,,,35,26,23.0,24.07,0.0,-0.6788,-0.7343,39.2,39.0,39.0,station
2023-08-15,,,38.4,,,,,38.4,,,,,,23,15,18.6,25.52,0.0,-0.6914,-0.7225,39.4,38.0,38.0,station
2023-08-16,,,38.1,,,,,36.0,,,,,,25,3,19.0,25.85,0.0,-0.7037,-0.7105,38.2,38.0,38.0,station
2023-08-17,,,37.5,,,,,36.3,,,,,,34,5,15.0,25.53,0.0,-0.7158,-0.6983,37.2,37.0,37.0,station
2023-08-18,,,35.8,,,,,35.6,,,,,,33,1,16.4,26.04,0.0,-0.7277,-0.6859,36.6,36.0,36.0,station
2023-08-19,,,34.6,,,,,34.5,,,,,,35,1,15.9,25.87,0.0,-0.7394,-0.6733,35.5,35.0,35.0,station
2023-08-20,,,33.8,,,,,33.9,,,,,,42,1,21.3,25.64,0.0,-0.7509,-0.6605,35.0,34.0,34.0,station
2023-08-21,,,32.0,,,,,32.1,,,,,,36,0,19.0,25.58,0.0,-0.7621,-0.6474,31.8,32.0,32.0,station
2023-08-22,,,31.2,,,,,31.2,,,,,,28,0,17.9,25.63,0.0,-0.7731,-0.6342,31.9,32.0,32.0,station
2023-08-23,,,31.4,,,,,31.8,,,,,,29,1,17.1,25.59,0.0,-0.7839,-0.6208,32.1,32.0,32.0,station
2023-08-24,,,32.6,,,,,32.8,,,,,,34,3,16.8,25.15,0.0,-0.7945,-0.6073,32.8,33.0,33.0,station
2023-08-25,,,31.3,,,,,31.6,,,,,,45,5,19.5,24.18,0.0,-0.8048,-0.5935,31.5,31.0,31.0,station
2023-08-26,,,30.2,,,,,30.2,,,,,,33,0,15.3,25.21,0.0,-0.8149,-0.5796,30.8,30.0,30.0,station
2023-08-27,,,30.9,,,,,31.0,,,,,,41,0,13.8,25.18,0.0,-0.8248,-0.5655,31.2,31.0,31.0,station
2023-08-28,,,30.4,,,,,31.2,,,,,,44,19,19.8,23.16,0.1,-0.8344,-0.5512,30.7,29.0,29.0,station
2023-08-29,,,29.5,,,,,29.6,,,,,,35,13,9.2,24.24,0.0,-0.8437,-0.5368,31.0,30.0,30.0,station
2023-08-30,,,33.1,,,,,33.2,,,,,,37,1,11.8,24.15,0.0,-0.8528,-0.5222,33.8,33.0,33.0,station
2023-08-31,,,34.8,,,,,34.9,,,,,,29,21,13.4,23.79,0.0,-0.8617,-0.5074,34.9,34.0,34.0,station
2023-09-01,,,32.7,,,,,33.0,,,,,,50,8,23.1,23.05,0.0,-0.8703,-0.4925,32.9,33.0,33.0,station
2023-09-02,,,30.1,,,,,30.8,,,,,,47,60,17.5,19.31,0.0,-0.8786,-0.4775,29.3,30.0,30.0,station
2023-09-03,,,24.9,,,,,23.0,,,,,,79,99,16.7,8.17,35.8,-0.8867,-0.4623,25.0,22.0,22.0,station
2023-09-04,,,25.2,,,,,24.4,,,,,,74,78,10.8,14.6,12.0,-0.8945,-0.447,23.5,20.0,20.0,station
2023-09-05,,,27.9,,,,,27.9,,,,,,64,30,10.9,21.16,0.2,-0.9021,-0.4315,28.4,28.0,28.0,station
2023-09-06,,,29.7,,,,,30.2,,,,,,59,22,16.1,21.88,0.0,-0.9094,-0.4159,30.0,30.0,30.0,station
2023-09-07,,,28.8,,,,,29.0,,,,,,62,8,21.0,21.6,0.0,-0.9164,-0.4002,28.1,29.0,29.0,station
2023-09-08,,,26.0,,,,,25.8,,,,,,58,14,18.3,21.85,0.0,-0.9232,-0.3844,26.3,25.0,25.0,station
2023-09-09,,,25.7,,,,,25.6,,,,,,52,16,17.0,21.42,0.0,-0.9296,-0.3685,27.0,27.0,27.0,station
2023-09-10,,,22.6,,,,,22.8,,,,,,43,18,17.9,22.61,0.0,-0.9358,-0.3524,23.4,23.0,23.0,station
2023-09-11,,,22.9,,,,,22.1,,,,,,47,8,12.8,22.94,0.0,-0.9418,-0.3363,23.3,23.0,23.0,station
2023-09-12,,,22.5,,,,,21.5,,,,,,48,1,12.4,22.41,0.0,-0.9474,-0.32,22.6,22.0,22.0,station
2023-09-13,,,22.5,,,,,22.3,,,,,,48,0,8.4,22.49,0.0,-0.9528,-0.3037,23.5,23.0,23.0,station
2023-09-14,,,24.1,,,,,23.9,,,,,,47,0,10.1,22.26,0.0,-0.9579,-0.2873,24.6,24.0,24.0,station
2023-09-15,,,24.3,,,,,25.0,,,,,,39,0,9.0,22.18,0.0,-0.9627,-0.2707,26.2,26.0,26.0,station
2023-09-16,,,25.3,,,,,25.1,,,,,,38,3,14.2,21.77,0.0,-0.9672,-0.2541,25.7,25.0,25.0,station
2023-09-17,,,25.0,,,,,25.3,,,,,,46,4,14.5,21.54,0.0,-0.9714,-0.2375,25.0,25.0,25.0,station
2023-09-18,,,23.3,,,,,23.7,,,,,,47,6,17.0,21.88,0.0,-0.9753,-0.2207,23.8,24.0,24.0,station
2023-09-19,,,23.9,,,,,24.0,,,,,,41,0,14.7,21.93,0.0,-0.979,-0.2039,24.6,24.0,24.0,station
2023-09-20,,,25.9,,,,,26.1,,,,,,36,0,7.6,21.56,0.0,-0.9824,-0.187,27.0,28.0,28.0,station
2023-09-21,,,26.9,,,,,26.8,,,,,,36,2,10.1,21.08,0.0,-0.9854,-0.1701,27.1,28.0,28.0,station
2023-09-22,,,27.8,,,,,27.7,,,,,,28,37,9.3,19.72,0.0,-0.9882,-0.1531,28.2,29.0,29.0,station
2023-09-23,,,27.8,,,,,28.4,,,,,,35,0,11.7,20.15,0.0,-0.9907,-0.1361,29.1,29.0,29.0,station
2023-09-24,,,28.7,,,,,28.4,,,,,,39,0,8.2,19.97,0.0,-0.9929,-0.1191,30.0,30.0,30.0,station
2023-09-25,,,29.3,,,,,29.3,,,,,,40,1,13.7,19.8,0.0,-0.9948,-0.102,30.4,30.0,30.0,station
2023-09-26,,,26.8,,,,,27.4,,,,,,47,54,14.0,19.64,0.0,-0.9964,-0.0848,27.0,26.0,26.0,station
2023-09-27,,,27.3,,,,,27.7,,,,,,48,7,10.9,19.44,0.0,-0.9977,-0.0677,27.6,28.0,28.0,station
2023-09-28,,,26.1,,,,,27.8,,,,,,45,40,22.9,16.81,0.1,-0.9987,-0.0505,27.5,25.0,25.0,station
2023-09-29,,,25.6,,,,,25.2,,,,,,62,15,10.7,17.95,0.1,-0.9994,-0.0333,24.7,24.0,24.0,station
2023-09-30,,,24.7,,,,,24.8,,,,,,66,37,15.8,16.71,0.0,-0.9999,-0.0161,24.3,23.0,23.0,station
2023-10-01,,,18.1,,,,,16.9,,,,,,76,91,13.0,11.85,1.7,-1.0,0.0011,20.8,16.0,16.0,station
2023-10-02,,,19.9,,,,,18.4,,,,,,68,51,16.8,15.74,0.2,-0.9998,0.0183,21.9,20.0,20.0,station
2023-10-03,,,19.6,,,,,20.4,,,,,,60,46,20.1,14.76,0.0,-0.9994,0.0355,19.8,18.0,18.0,station
2023-10-04,,,19.6,,,,,20.2,,,,,,61,0,8.7,18.41,0.0,-0.9986,0.0527,19.6,19.0,19.0,station
2023-10-05,,,21.1,,,,,21.2,,,,,,56,0,6.2,18.26,0.0,-0.9976,0.0698,21.2,22.0,22.0,station
2023-10-06,,,22.2,,,,,21.8,,,,,,48,31,10.7,17.54,0.0,-0.9962,0.087,22.2,23.0,23.0,station
2023-10-07,,,21.1,,,,,21.5,,,,,,53,40,8.7,15.87,0.0,-0.9946,0.1041,21.7,21.0,21.0,station
2023-10-08,,,22.6,,,,,22.9,,,,,,45,0,15.6,17.53,0.0,-0.9926,0.1212,23.0,23.0,23.0,station
2023-10-09,,,18.4,,,,,17.2,,,,,,56,43,13.0,10.7,0.0,-0.9904,0.1383,19.1,17.0,17.0,station
2023-10-10,,,18.3,,,,,19.1,,,,,,62,35,12.8,15.98,0.0,-0.9879,0.1553,19.1,20.0,20.0,station
2023-10-11,,,16.7,,,,,16.5,,,,,,63,37,18.7,16.29,0.0,-0.9851,0.1722,18.4,18.0,18.0,station
2023-10-12,,,18.1,,,,,18.6,,,,,,62,1,11.5,17.03,0.0,-0.9819,0.1892,19.3,19.0,19.0,station
2023-10-13,,,20.7,,,,,20.8,,,,,,43,0,7.7,17.02,0.0,-0.9785,0.206,20.3,21.0,21.0,station
2023-10-14,,,21.3,,,,,21.2,,,,,,40,0,8.0,16.71,0.0,-0.9749,0.2228,21.9,22.0,22.0,station
2023-10-15,,,21.1,,,,,21.8,,,,,,38,18,9.0,15.52,0.0,-0.9709,0.2396,22.9,21.0,21.0,station
2023-10-16,,,20.8,,,,,21.3,,,,,,58,28,15.2,14.68,0.0,-0.9666,0.2562,21.4,22.0,22.0,station
2023-10-17,,,16.9,,,,,16.2,,,,,,71,83,12.4,9.02,0.2,-0.9621,0.2728,18.1,16.0,16.0,station
2023-10-18,,,13.0,,,,,12.5,,,,,,79,92,17.3,5.5,1.8,-0.9572,0.2893,14.6,15.0,15.0,station
2023-10-19,,,16.3,,,,,16.6,,,,,,78,73,9.6,9.14,0.0,-0.9521,0.3057,15.9,18.0,18.0,station
2023-10-20,,,20.1,,,,,20.6,,,,,,64,5,13.8,15.24,0.0,-0.9467,0.3221,19.9,21.0,21.0,station
2023-10-21,,,23.8,,,,,23.5,,,,,,56,9,8.9,14.62,0.0,-0.941,0.3383,23.0,23.0,23.0,station
2023-10-22,,,25.4,,,,,24.8,,,,,,53,5,6.9,14.47,0.0,-0.9351,0.3545,25.9,26.0,26.0,station
2023-10-23,,,25.1,,,,,25.0,,,,,,46,15,10.6,14.34,0.0,-0.9288,0.3705,25.1,26.0,26.0,station
2023-10-24,,,24.4,,,,,24.7,,,,,,47,17,11.3,14.0,0.0,-0.9223,0.3864,24.2,25.0,25.0,station
2023-10-25,,,24.2,,,,,24.5,,,,,,44,82,19.8,12.83,0.0,-0.9155,0.4022,23.7,24.0,24.0,station
2023-10-26,,,23.0,,,,,23.5,,,,,,37,100,14.8,10.84,0.0,-0.9085,0.4179,22.9,23.0,23.0,station
2023-10-27,,,24.1,,,,,24.1,,,,,,42,64,19.9,13.22,0.0,-0.9012,0.4335,24.2,24.0,24.0,station
2023-10-28,,,22.8,,,,,22.7,,,,,,50,80,16.4,11.76,0.0,-0.8936,0.4489,22.2,21.0,21.0,station
2023-10-29,,,22.9,,,,,23.0,,,,,,55,59,8.8,12.88,0.0,-0.8857,0.4642,22.7,24.0,24.0,station
2023-10-30,,,22.1,,,,,21.9,,,,,,57,98,12.4,10.48,0.0,-0.8776,0.4794,22.5,23.0,23.0,station
2023-10-31,,,23.4,,,,,23.3,,,,,,55,64,9.6,12.18,0.0,-0.8692,0.4944,23.9,24.0,24.0,station
2023-11-01,,,22.3,,,,,22.5,,,,,,61,50,15.9,10.78,0.4,-0.8606,0.5093,21.8,23.0,23.0,station
2023-11-02,,,20.5,,,,,20.3,,,,,,64,80,16.9,7.43,0.4,-0.8517,0.524,20.1,19.0,19.0,station
2023-11-03,,,19.1,,,,,19.7,,,,,,73,46,21.3,10.17,0.3,-0.8426,0.5386,19.3,19.0,19.0,station
2023-11-04,,,22.4,,,,,22.8,,,,,,61,79,17.0,11.65,0.0,-0.8332,0.553,22.5,23.0,23.0,station
2023-11-05,,,22.1,,,,,20.9,,,,,,44,54,33.0,9.53,0.0,-0.8235,0.5672,22.4,22.0,22.0,station
2023-11-06,,,20.3,,,,,20.2,,,,,,66,18,20.7,10.32,0.0,-0.8137,0.5813,19.8,20.0,20.0,station
2023-11-07,,,19.9,,,,,20.0,,,,,,62,18,7.6,11.14,0.0,-0.8035,0.5952,20.2,22.0,22.0,station
2023-11-08,,,20.3,,,,,20.8,,,,,,57,39,11.4,12.13,0.0,-0.7932,0.609,20.2,21.0,21.0,station
2023-11-09,,,19.5,,,,,20.3,,,,,,65,48,19.8,11.46,0.3,-0.7826,0.6225,19.1,19.0,19.0,station
2023-11-10,,,15.7,,,,,16.3,,,,,,76,54,11.2,8.88,0.0,-0.7718,0.6359,16.4,15.0,15.0,station
2023-11-11,,,21.0,,,,,21.4,,,,,,59,87,29.1,11.01,0.0,-0.7607,0.6491,21.2,20.0,20.0,station
2023-11-12,,,19.2,,,,,19.2,,,,,,66,98,28.9,4.96,6.5,-0.7494,0.6621,19.3,17.0,17.0,station
2023-11-13,,,17.8,,,,,18.7,,,,,,82,100,17.9,7.12,4.8,-0.7379,0.6749,18.1,16.0,16.0,station
2023-11-14,,,13.6,,,,,15.2,,,,,,79,37,17.9,11.2,6.7,-0.7262,0.6875,13.5,14.0,14.0,station
2023-11-15,,,15.8,,,,,16.6,,,,,,81,59,13.9,10.48,0.0,-0.7143,0.6998,15.1,15.0,15.0,station
2023-11-16,,,13.2,,,,,13.1,,,,,,83,51,14.5,2.59,6.5,-0.7021,0.712,9.8,11.0,11.0,station
2023-11-17,,,10.0,,,,,10.5,,,,,,83,50,8.4,7.6,0.0,-0.6898,0.724,10.1,10.0,10.0,station
2023-11-18,,,13.4,,,,,13.5,,,,,,79,89,30.7,6.59,14.0,-0.6772,0.7358,14.8,11.0,11.0,station
2023-11-19,,,7.6,,,,,6.5,,,,,,83,95,30.8,5.38,1.8,-0.6645,0.7473,6.3,7.0,7.0,station
2023-11-20,,,4.4,,,,,4.1,,,,,,79,98,19.6,4.03,0.2,-0.6515,0.7586,4.5,5.0,5.0,station
2023-11-21,,,8.5,,,,,7.9,,,,,,82,54,15.6,7.82,0.0,-0.6384,0.7697,8.8,9.0,9.0,station
2023-11-22,,,12.8,,,,,11.4,,,,,,73,78,9.5,10.16,0.0,-0.625,0.7806,13.2,14.0,14.0,station
2023-11-23,,,12.0,,,,,12.1,,,,,,86,63,10.4,9.18,0.0,-0.6115,0.7912,14.3,14.0,14.0,station
2023-11-24,,,15.0,,,,,14.7,,,,,,89,87,18.9,7.51,2.0,-0.5978,0.8016,14.4,14.0,14.0,station
2023-11-25,,,11.3,,,,,12.0,,,,,,85,96,30.3,5.39,5.0,-0.584,0.8118,12.0,12.0,12.0,station
2023-11-26,,,10.7,,,,,10.8,,,,,,77,62,43.0,2.47,10.4,-0.5699,0.8217,12.4,11.0,11.0,station
2023-11-27,,,1.0,,,,,0.7,,,,,,73,13,23.6,9.75,0.1,-0.5557,0.8314,1.7,2.0,2.0,station
2023-11-28,,,4.6,,,,,4.1,,,,,,72,45,15.9,9.85,0.1,-0.5413,0.8408,5.0,5.0,5.0,station
2023-11-29,,,9.0,,,,,9.3,,,,,,69,99,22.9,2.05,1.9,-0.5268,0.85,10.7,10.0,10.0,station
2023-11-30,,,10.7,,,,,10.4,,,,,,86,81,24.4,3.99,6.6,-0.5121,0.859,12.3,12.0,12.0,station
2023-12-01,,,14.8,,,,,14.7,,,,,,79,67,18.7,9.36,0.0,-0.4972,0.8676,14.4,15.0,15.0,station
2023-12-02,,,15.4,,,,,15.3,,,,,,80,35,11.7,9.4,0.0,-0.4822,0.8761,14.8,16.0,16.0,station
2023-12-03,,,16.1,,,,,15.4,,,,,,76,87,10.2,9.14,0.0,-0.4671,0.8842,15.0,16.0,16.0,station
2023-12-04,,,13.9,,,,,14.1,,,,,,78,71,9.2,8.78,0.0,-0.4518,0.8921,12.7,13.0,13.0,station
2023-12-05,,,12.3,,,,,11.6,,,,,,88,31,10.0,8.06,0.0,-0.4364,0.8998,11.8,12.0,12.0,station
2023-12-06,,,12.7,,,,,12.8,,,,,,86,49,5.8,8.92,0.1,-0.4208,0.9071,12.8,11.0,11.0,station
2023-12-07,,,11.5,,,,,11.5,,,,,,87,96,14.2,6.56,1.2,-0.4052,0.9142,10.9,11.0,11.0,station
2023-12-08,,,9.2,,,,,9.6,,,,,,90,99,11.4,2.28,9.0,-0.3894,0.9211,9.1,9.0,9.0,station
2023-12-09,,,8.3,,,,,8.4,,,,,,93,100,13.8,1.29,11.3,-0.3735,0.9276,8.2,9.0,9.0,station
2023-12-10,,,7.3,,,,,6.6,,,,,,87,99,12.8,5.3,0.3,-0.3575,0.9339,8.3,6.0,6.0,station
2023-12-11,,,10.2,,,,,9.3,,,,,,86,93,6.9,6.85,1.3,-0.3413,0.9399,10.0,7.0,7.0,station
2023-12-12,,,10.0,,,,,9.9,,,,,,90,97,11.6,4.5,0.8,-0.3251,0.9457,7.9,9.0,9.0,station
2023-12-13,,,7.4,,,,,8.4,,,,,,88,78,8.7,6.68,0.1,-0.3088,0.9511,7.3,8.0,8.0,station
2023-12-14,,,11.3,,,,,11.3,,,,,,76,27,8.7,9.08,0.0,-0.2924,0.9563,11.1,12.0,12.0,station
2023-12-15,,,15.3,,,,,15.1,,,,,,71,89,8.3,8.28,0.0,-0.2759,0.9612,14.3,13.0,13.0,station
2023-12-16,,,13.5,,,,,14.0,,,,,,84,89,10.1,7.02,3.1,-0.2593,0.9658,13.8,13.0,13.0,station
2023-12-17,,,9.5,,,,,8.6,,,,,,75,47,18.2,8.41,1.8,-0.2427,0.9701,8.0,7.0,7.0,station
2023-12-18,,,5.6,,,,,6.1,,,,,,74,2,5.4,9.1,0.0,-0.226,0.9741,5.4,7.0,7.0,station
2023-12-19,,,7.8,,,,,8.1,,,,,,79,1,7.4,8.96,0.0,-0.2092,0.9779,6.8,8.0,8.0,station
2023-12-20,,,9.6,,,,,9.4,,,,,,72,0,6.1,9.14,0.0,-0.1923,0.9813,9.0,9.0,9.0,station
2023-12-21,,,8.6,,,,,8.4,,,,,,81,84,8.7,4.74,0.4,-0.1754,0.9845,9.2,4.0,4.0,station
2023-12-22,,,7.8,,,,,8.4,,,,,,87,96,21.3,3.2,5.3,-0.1585,0.9874,7.4,8.0,8.0,station
2023-12-23,,,7.2,,,,,6.6,,,,,,77,66,31.8,8.93,3.7,-0.1414,0.9899,7.9,8.0,8.0,station
2023-12-24,,,6.8,,,,,7.0,,,,,,79,68,33.4,6.72,2.8,-0.1244,0.9922,7.2,9.0,9.0,station
2023-12-25,,,10.2,,,,,9.5,,,,,,78,30,19.8,8.7,0.0,-0.1073,0.9942,10.9,11.0,11.0,station
2023-12-26,,,12.5,,,,,13.3,,,,,,74,0,8.3,8.91,0.0,-0.0902,0.9959,12.0,14.0,14.0,station
2023-12-27,,,12.0,,,,,12.1,,,,,,69,2,8.4,9.08,0.0,-0.073,0.9973,10.3,12.0,12.0,station
2023-12-28,,,10.4,,,,,10.7,,,,,,84,5,5.5,9.05,0.0,-0.0559,0.9984,9.8,12.0,12.0,station
2023-12-29,,,10.7,,,,,10.7,,,,,,80,0,5.1,9.14,0.0,-0.0387,0.9993,8.9,11.0,11.0,station
2023-12-30,,,,,,,,,,,,,,84,56,6.8,8.61,0.0,-0.0215,0.9998,7.6,11.0,11.0,station
2023-12-31,,,,,,,,,,,,,,89,82,7.6,8.49,0.0,-0.0043,1.0,7.8,,,
2024-01-01,,,,,,,,,,,,,,87,65,7.8,8.3,0.0,0.0172,0.9999,8.7,10.0,10.0,station
2024-01-02,,,,,,,,,,,,,,90,91,13.9,4.0,1.7,0.0344,0.9994,9.5,9.0,9.0,station
2024-01-03,,,,,,,,,,,,,,86,89,17.3,5.25,0.4,0.0516,0.9987,9.7,11.0,11.0,station
2024-01-04,,,,,,,,,,,,,,82,83,20.9,5.68,3.7,0.0688,0.9976,11.1,11.0,11.0,station
2024-01-05,,,,,,,,,,,,,,79,40,20.1,8.15,4.1,0.0859,0.9963,9.4,10.0,10.0,station
2024-01-06,,,,,,,,,,,,,,71,35,8.2,9.48,0.0,0.103,0.9947,10.1,12.0,12.0,station
2024-01-07,,,,,,,,,,,,,,75,64,34.6,7.82,2.3,0.1201,0.9928,11.9,10.0,10.0,station
2024-01-08,,,,,,,,,,,,,,86,72,29.5,6.51,9.3,0.1372,0.9905,9.9,10.0,10.0,station
2024-01-09,,,,,,,,,,,,,,85,85,21.8,5.72,7.7,0.1542,0.988,9.8,8.0,8.0,station
2024-01-10,,,,,,,,,,,,,,92,100,20.5,1.78,11.1,0.1712,0.9852,3.6,5.0,5.0,station
2024-01-11,,,,,,,,,,,,,,82,42,15.1,10.0,0.0,0.1881,0.9821,5.0,6.0,6.0,station
2024-01-12,,,,,,,,,,,,,,78,82,16.1,6.29,0.1,0.205,0.9788,3.1,2.0,2.0,station
2024-01-13,,,,,,,,,,,,,,64,29,9.9,9.22,0.0,0.2218,0.9751,-0.0,0.0,0.0,station
2024-01-14,,,,,,,,,,,,,,63,1,12.2,10.44,0.0,0.2385,0.9711,1.4,1.0,1.0,station
2024-01-15,,,,,,,,,,,,,,69,41,19.3,9.89,0.2,0.2552,0.9669,7.2,6.0,6.0,station
2024-01-16,,,,,,,,,,,,,,88,99,28.4,1.39,8.1,0.2718,0.9624,7.7,8.0,8.0,station
2024-01-17,,,,,,,,,,,,,,90,68,8.7,6.9,0.4,0.2883,0.9575,9.0,10.0,10.0,station
2024-01-18,,,,,,,,,,,,,,86,82,16.4,8.5,1.8,0.3047,0.9524,10.5,10.0,10.0,station
2024-01-19,,,,,,,,,,,,,,88,77,14.8,6.7,9.0,0.3211,0.9471,10.0,13.0,13.0,station
2024-01-20,,,11.9,11.1,10.8,,,,,,,,,86,94,15.6,7.97,2.7,0.3373,0.9414,12.2,11.0,11.0,station
2024-01-21,,,9.1,7.3,7.7,,,8.6,8.2,7.4,,,,84,100,25.5,2.29,3.6,0.3534,0.9355,8.5,7.0,7.0,station
2024-01-22,,,0.7,1.1,0.2,,,0.9,1.3,-0.3,,,,67,32,19.5,11.21,0.0,0.3695,0.9292,1.9,1.0,1.0,station
2024-01-23,,,2.4,1.8,0.3,,,2.4,1.6,0.1,,,,69,0,10.1,11.46,0.0,0.3854,0.9227,2.8,2.0,2.0,station
2024-01-24,,,3.1,3.1,3.1,,,4.0,2.2,2.2,,,,58,0,7.0,11.43,0.0,0.4012,0.916,4.3,1.0,1.0,station
2024-01-25,,,2.1,2.2,0.2,,,2.5,2.2,-0.9,,,,69,73,12.5,8.9,0.0,0.4169,0.9089,3.7,3.0,3.0,station
2024-01-26,,,4.1,2.7,3.4,,,2.9,3.4,2.2,,,,79,84,12.9,7.53,0.4,0.4325,0.9016,4.8,4.0,4.0,station
2024-01-27,,,2.0,1.4,1.7,,,1.8,1.0,1.8,,,,80,77,15.8,5.54,0.0,0.4479,0.8941,2.2,4.0,4.0,station
2024-01-28,,,2.2,1.7,1.6,,,2.9,1.5,2.1,,,,74,91,14.6,8.96,0.6,0.4633,0.8862,3.3,3.0,3.0,station
2024-01-29,,,0.3,1.0,0.6,,,0.2,0.7,1.2,,,,73,74,14.0,7.12,3.6,0.4784,0.8781,2.2,2.0,2.0,station
2024-01-30,,,1.6,1.6,1.0,,,1.5,1.2,0.6,,,,69,40,27.6,10.23,0.0,0.4935,0.8698,1.9,2.0,2.0,station
2024-01-31,,,3.0,3.6,3.3,,,2.5,3.4,2.8,,,,69,16,22.5,12.13,0.0,0.5084,0.8611,3.9,4.0,4.0,station
2024-02-01,,,4.7,4.5,4.1,,,4.7,4.1,3.6,,,,64,5,8.8,12.28,0.0,0.5231,0.8523,6.3,6.0,6.0,station
2024-02-02,,,5.4,5.9,5.2,,,5.2,5.2,5.3,,,,59,25,10.2,12.29,0.0,0.5377,0.8432,6.5,8.0,8.0,station
2024-02-03,,,4.6,4.9,4.8,,,4.4,4.5,4.3,,,,68,61,9.5,11.63,0.0,0.5521,0.8338,4.9,6.0,6.0,station
2024-02-04,4.6,,4.0,4.4,4.0,,,4.2,4.9,3.8,4.25,0.3,,80,91,12.1,9.39,0.0,0.5664,0.8242,4.4,4.0,4.0,station
2024-02-05,5.0,,5.7,6.7,5.8,6.2,,5.1,5.9,5.5,5.8,0.7,0.12,80,98,26.5,5.96,0.8,0.5805,0.8143,7.0,8.0,8.0,station
2024-02-06,11.6,,11.0,12.0,11.6,11.5,,10.7,12.0,10.7,11.55,0.41,0.33,75,43,24.9,11.32,0.0,0.5944,0.8042,12.4,14.0,14.0,station
2024-02-07,12.9,,14.5,13.8,12.2,12.8,,14.9,13.1,11.6,13.35,1.01,0.25,68,39,14.7,13.04,0.0,0.6081,0.7938,13.9,15.0,15.0,station
2024-02-08,12.6,,11.9,13.2,11.9,12.3,,11.9,12.9,11.5,12.4,0.63,0.25,70,100,21.5,10.35,0.0,0.6217,0.7833,12.1,13.0,13.0,station
2024-02-09,11.8,,11.2,11.5,12.8,10.4,,10.9,11.3,13.1,11.82,0.69,0.4,74,39,12.3,12.52,0.3,0.6351,0.7725,12.2,13.0,13.0,station
2024-02-10,12.9,,13.1,13.5,13.4,12.5,,12.4,13.0,13.0,13.22,0.28,0.5,69,62,18.4,12.92,0.0,0.6483,0.7614,13.1,14.0,14.0,station
2024-02-11,13.1,,13.2,13.3,13.8,12.7,,13.4,13.4,13.2,13.35,0.31,0.17,70,96,11.3,12.18,0.0,0.6613,0.7502,13.6,12.0,12.0,station
2024-02-12,14.7,,13.8,14.9,14.5,14.6,,13.0,14.6,14.6,14.47,0.48,0.28,60,99,20.8,11.29,0.1,0.6741,0.7387,14.3,15.0,15.0,station
2024-02-13,12.6,,12.5,10.4,11.5,12.5,,12.0,11.1,14.6,11.75,1.03,-0.8,72,97,20.4,9.41,5.2,0.6867,0.727,13.5,11.0,11.0,station
2024-02-14,8.5,,8.3,10.0,7.9,9.4,,9.8,10.1,9.7,8.68,0.92,-1.07,85,100,16.1,6.6,9.5,0.6991,0.715,10.7,9.0,9.0,station
2024-02-15,9.9,,7.9,9.5,8.7,8.5,,5.1,8.5,9.2,9.0,0.89,1.18,82,71,14.4,8.07,5.0,0.7113,0.7029,10.3,12.0,12.0,station
2024-02-16,11.4,,10.3,10.1,10.5,10.7,,8.1,9.1,7.7,10.57,0.57,1.67,81,28,8.9,13.36,0.0,0.7233,0.6906,10.7,12.0,12.0,station
2024-02-17,8.2,,8.1,8.0,8.5,8.7,,8.3,8.0,8.7,8.2,0.22,-0.23,80,63,8.9,9.52,0.1,0.735,0.678,8.6,9.0,9.0,station
2024-02-18,6.7,,5.9,7.8,8.4,7.9,,6.2,7.3,8.1,7.2,1.12,-0.17,75,80,14.7,9.1,0.0,0.7466,0.6653,7.8,10.0,10.0,station
2024-02-19,6.1,,6.5,7.9,8.4,5.6,,6.6,6.9,8.2,7.22,1.1,0.4,72,77,11.4,9.16,0.1,0.7579,0.6523,7.3,9.0,9.0,station
2024-02-20,7.0,,7.9,8.1,8.0,7.0,,8.0,8.2,9.2,7.75,0.51,-0.35,74,58,9.2,10.8,0.0,0.769,0.6392,7.8,7.0,7.0,station
2024-02-21,9.8,,9.7,9.7,10.6,9.6,,9.7,9.6,10.5,9.95,0.44,0.1,66,43,12.5,13.1,0.3,0.7799,0.6259,10.4,11.0,11.0,station
2024-02-22,8.6,,7.9,8.0,8.4,8.0,,8.3,7.9,8.1,8.22,0.33,0.15,72,49,11.2,14.13,0.1,0.7906,0.6124,8.7,9.0,9.0,station
2024-02-23,10.3,,10.4,10.5,10.6,10.2,,10.6,9.9,10.5,10.45,0.13,0.15,57,1,12.7,15.93,0.0,0.801,0.5987,10.2,12.0,12.0,station
2024-02-24,12.8,,12.7,13.3,14.2,13.6,,13.3,13.2,14.0,13.25,0.69,-0.28,57,1,7.5,15.8,0.0,0.8112,0.5848,12.2,15.0,15.0,station
2024-02-25,13.5,,14.0,14.4,15.6,13.8,,14.2,14.0,15.8,14.38,0.9,-0.07,63,36,7.1,16.1,0.0,0.8211,0.5708,13.4,15.0,15.0,station
2024-02-26,13.5,,12.7,13.8,14.6,13.4,,13.0,13.5,15.4,13.65,0.79,-0.17,67,99,8.5,11.81,0.0,0.8308,0.5566,13.1,14.0,14.0,station
2024-02-27,13.1,,14.0,14.8,14.8,13.1,,13.0,13.2,15.6,14.18,0.81,0.45,64,35,6.5,14.62,0.2,0.8402,0.5422,14.1,16.0,16.0,station
2024-02-28,15.2,,15.2,15.9,16.3,14.7,,15.3,15.6,16.3,15.65,0.54,0.18,60,2,8.0,16.73,0.0,0.8495,0.5277,15.7,17.0,17.0,station
2024-02-29,15.2,,15.7,16.7,17.0,15.2,,15.7,16.1,16.7,16.15,0.84,0.22,58,22,8.1,16.76,0.0,0.8584,0.513,15.9,17.0,17.0,station
2024-03-01,16.6,,16.1,17.6,17.9,16.0,,16.3,17.0,17.6,17.05,0.84,0.32,58,66,13.0,15.89,0.0,0.8671,0.4981,16.1,15.0,15.0,station
2024-03-02,13.6,,13.8,13.5,13.3,14.8,,12.6,14.9,14.8,13.55,0.21,-0.72,59,85,10.2,14.39,0.0,0.8755,0.4831,15.0,17.0,17.0,station
2024-03-03,11.5,,11.3,10.6,11.8,11.3,,11.7,12.6,12.1,11.3,0.51,-0.62,67,42,9.5,16.25,0.1,0.8837,0.468,12.5,14.0,14.0,station
2024-03-04,11.5,,12.6,12.7,12.4,11.7,,12.3,12.4,12.4,12.3,0.55,0.1,69,15,12.9,15.87,0.6,0.8916,0.4527,11.6,12.0,12.0,station
2024-03-05,14.7,,14.9,14.7,14.1,15.0,,14.5,14.6,14.1,14.6,0.35,0.05,66,64,26.1,14.7,3.2,0.8993,0.4373,14.6,14.0,14.0,station
2024-03-06,9.5,,9.5,8.4,6.8,9.3,,8.9,9.4,6.6,8.55,1.28,0.0,80,74,18.4,12.07,0.8,0.9067,0.4218,9.3,9.0,9.0,station
2024-03-07,7.6,,8.5,7.7,8.9,8.4,,9.5,8.1,9.1,8.18,0.63,-0.6,74,64,9.7,11.18,0.3,0.9138,0.4061,7.5,8.0,8.0,station
2024-03-08,11.9,,10.5,10.0,11.4,11.8,,10.2,10.5,11.3,10.95,0.86,0.0,66,85,10.9,17.0,0.7,0.9207,0.3904,11.5,12.0,12.0,station
2024-03-09,5.8,,5.7,5.0,6.8,7.0,,7.9,6.3,8.3,5.83,0.74,-1.55,81,90,14.7,7.95,5.1,0.9272,0.3745,6.7,7.0,7.0,station
2024-03-10,8.2,,8.6,8.2,8.5,9.2,,9.1,8.3,8.4,8.38,0.21,-0.38,74,54,9.9,13.66,0.0,0.9335,0.3585,7.8,9.0,9.0,station
2024-03-11,12.4,,12.2,11.8,11.9,12.3,,12.6,11.6,12.1,12.07,0.28,-0.08,61,37,11.2,18.53,0.0,0.9396,0.3424,12.6,14.0,14.0,station
2024-03-12,16.4,,16.2,16.2,16.2,16.4,,16.1,15.9,16.4,16.25,0.1,0.05,61,58,14.8,18.87,0.0,0.9453,0.3261,16.1,18.0,18.0,station
2024-03-13,12.7,,14.0,13.2,14.2,12.1,,13.3,12.9,12.0,13.52,0.7,0.95,57,98,15.1,9.62,4.1,0.9508,0.3098,13.8,13.0,13.0,station
2024-03-14,10.0,9.9,11.9,10.6,11.5,10.0,,12.3,10.6,11.7,10.78,0.89,-0.37,79,62,11.2,13.76,2.1,0.956,0.2934,11.0,12.0,12.0,station
2024-03-15,11.5,10.6,12.5,11.5,12.1,11.5,10.8,12.6,11.0,11.0,11.64,0.72,0.26,73,39,14.0,17.62,0.3,0.9609,0.2769,11.7,12.0,12.0,station
2024-03-16,10.1,8.2,10.5,10.1,10.0,9.6,8.3,10.5,9.3,8.9,9.78,0.9,0.46,77,47,15.5,17.15,1.0,0.9655,0.2604,10.4,11.0,11.0,station
2024-03-17,10.9,10.8,11.5,11.7,11.6,11.4,10.4,11.3,11.5,11.8,11.3,0.42,0.02,71,33,10.2,18.09,0.4,0.9698,0.2437,11.5,13.0,13.0,station
2024-03-18,12.6,13.0,12.4,12.9,13.2,12.8,13.0,12.9,12.9,13.0,12.82,0.32,-0.1,66,39,10.1,18.38,0.0,0.9739,0.227,12.7,14.0,14.0,station
2024-03-19,13.4,14.0,13.2,13.4,14.0,14.1,13.5,13.4,13.2,14.0,13.6,0.37,-0.04,64,10,10.5,20.76,0.0,0.9777,0.2102,12.9,14.0,14.0,station
2024-03-20,11.6,11.6,11.4,11.3,12.5,11.9,11.4,11.4,11.5,12.8,11.68,0.48,-0.12,68,94,12.5,14.77,2.5,0.9811,0.1934,12.8,13.0,13.0,station
2024-03-21,5.2,4.1,4.8,5.2,3.1,4.6,4.0,4.5,5.4,5.6,4.48,0.89,-0.34,77,79,14.6,6.89,6.6,0.9843,0.1765,4.7,5.0,5.0,station
2024-03-22,4.9,3.7,5.3,5.7,5.0,5.0,4.2,5.3,5.5,5.5,4.92,0.75,-0.18,68,78,15.4,14.14,1.9,0.9872,0.1595,6.3,6.0,6.0,station
2024-03-23,5.9,6.2,6.1,6.1,6.3,5.2,4.9,6.9,6.8,6.4,6.12,0.15,0.08,73,93,14.8,12.62,1.9,0.9898,0.1425,6.4,7.0,7.0,station
2024-03-24,11.1,11.5,10.9,10.6,10.4,10.6,11.5,10.0,10.2,10.9,10.9,0.43,0.26,58,2,11.4,21.98,0.0,0.9921,0.1255,10.9,12.0,12.0,station
2024-03-25,14.0,13.1,13.6,13.1,13.1,14.4,13.4,14.0,12.8,13.6,13.38,0.41,-0.26,59,64,28.6,17.76,6.9,0.9941,0.1084,13.6,13.0,13.0,station
2024-03-26,10.6,9.4,9.1,9.4,8.6,10.7,9.2,9.9,9.7,8.8,9.42,0.74,-0.24,67,61,21.7,20.0,4.3,0.9958,0.0913,9.7,9.0,9.0,station
2024-03-27,15.3,12.6,15.2,12.8,13.8,14.7,9.9,15.1,13.0,14.5,13.94,1.28,0.5,72,85,14.1,12.09,1.5,0.9972,0.0741,14.0,15.0,15.0,station
2024-03-28,19.8,19.9,19.9,20.2,20.3,19.3,19.9,20.5,19.6,20.7,20.02,0.22,0.02,63,54,10.1,21.47,0.2,0.9984,0.057,20.2,21.0,21.0,station
2024-03-29,19.0,21.0,19.5,19.4,20.3,19.5,20.2,19.4,17.6,19.4,19.84,0.8,0.62,66,56,10.7,19.38,0.9,0.9992,0.0398,19.8,21.0,21.0,station
2024-03-30,21.0,22.1,21.6,21.8,22.6,21.0,22.5,21.6,21.1,22.9,21.82,0.59,0.0,65,80,8.5,20.71,0.0,0.9997,0.0226,21.9,23.0,23.0,station
2024-03-31,23.0,24.0,23.3,24.5,24.0,22.8,23.5,22.9,23.5,24.2,23.76,0.6,0.38,51,38,9.5,22.48,0.0,1.0,0.0054,23.0,25.0,25.0,station
2024-04-01,23.4,24.4,23.5,24.7,24.9,23.0,23.9,23.2,24.4,24.6,24.18,0.69,0.36,48,6,10.1,22.26,0.0,0.9999,-0.0118,22.9,25.0,25.0,station
2024-04-02,23.8,25.3,24.6,25.0,24.9,23.9,25.1,24.1,24.9,25.4,24.72,0.57,0.04,48,60,12.6,22.6,0.0,0.9996,-0.029,23.9,25.0,25.0,station
2024-04-03,20.9,21.6,21.5,22.2,22.4,21.6,22.0,22.1,22.9,23.2,21.72,0.6,-0.64,49,51,23.4,23.05,0.0,0.9989,-0.0462,21.2,23.0,23.0,station
2024-04-04,20.2,21.3,21.2,22.0,22.5,20.6,21.1,21.3,21.9,23.4,21.44,0.87,-0.22,57,75,10.0,22.63,0.0,0.998,-0.0634,21.2,23.0,23.0,station
2024-04-05,17.6,17.3,17.7,18.4,18.2,17.7,17.6,18.4,18.4,18.7,17.84,0.45,-0.32,53,29,16.6,22.24,0.0,0.9968,-0.0805,17.5,18.0,18.0,station
2024-04-06,16.0,16.3,15.1,16.7,16.2,15.5,16.2,15.9,16.1,16.8,16.06,0.59,-0.04,53,50,12.9,22.37,0.0,0.9952,-0.0977,15.8,17.0,17.0,station
2024-04-07,17.1,16.5,15.8,16.8,17.0,16.3,16.5,16.1,16.7,17.1,16.64,0.52,0.1,54,39,26.5,21.81,0.0,0.9934,-0.1148,16.6,17.0,17.0,station
2024-04-08,15.1,15.2,13.4,15.7,16.6,14.7,14.5,14.5,15.1,16.7,15.2,1.17,0.1,56,72,25.4,15.17,0.0,0.9913,-0.1319,16.5,17.0,17.0,station
2024-04-09,19.8,19.4,18.5,20.0,19.9,19.4,19.5,18.7,19.8,20.5,19.52,0.61,-0.06,62,25,20.8,23.57,0.0,0.9889,-0.1489,19.7,20.0,20.0,station
2024-04-10,20.1,19.5,20.1,20.6,20.8,21.0,20.4,19.7,21.2,21.2,20.22,0.51,-0.48,68,79,15.5,17.55,1.0,0.9861,-0.1659,19.6,20.0,20.0,station
2024-04-11,20.2,20.0,21.1,20.6,22.2,20.8,19.8,21.3,21.5,22.3,20.82,0.88,-0.32,63,31,17.3,20.87,0.1,0.9831,-0.1828,21.0,21.0,21.0,station
2024-04-12,18.7,19.3,19.3,19.0,21.1,20.1,19.1,20.1,20.1,22.3,19.48,0.94,-0.86,70,37,12.0,15.28,0.0,0.9799,-0.1997,18.6,17.0,17.0,station
2024-04-13,19.8,19.3,19.4,19.6,19.8,19.5,19.9,20.3,20.2,21.3,19.58,0.23,-0.66,62,33,16.8,18.29,0.0,0.9763,-0.2165,20.1,21.0,21.0,station
2024-04-14,18.5,18.4,18.0,17.9,19.1,19.1,18.9,18.7,18.6,18.7,18.38,0.48,-0.42,56,26,20.0,22.06,0.0,0.9724,-0.2333,19.7,19.0,19.0,station
2024-04-15,20.7,21.8,20.7,21.3,22.4,21.0,21.5,20.8,20.9,22.0,21.38,0.73,0.14,55,0,10.2,25.1,0.0,0.9683,-0.25,21.5,22.0,22.0,station
2024-04-16,25.6,24.6,24.5,25.0,25.4,24.8,25.3,24.6,24.3,25.3,25.02,0.48,0.16,41,24,14.3,25.42,0.0,0.9638,-0.2666,25.2,26.0,26.0,station
2024-04-17,25.0,25.4,25.4,24.6,25.1,25.3,24.5,25.0,24.4,24.8,25.1,0.33,0.3,31,58,22.5,24.7,0.2,0.9591,-0.2831,25.7,26.0,26.0,station
2024-04-18,23.8,24.1,22.9,23.5,24.0,23.7,23.9,22.8,23.1,22.7,23.66,0.48,0.42,37,25,28.0,25.21,0.0,0.9541,-0.2996,24.3,24.0,24.0,station
2024-04-19,21.4,21.7,20.5,20.9,21.7,21.1,22.0,20.1,20.8,21.4,21.24,0.53,0.16,53,38,17.1,22.57,0.0,0.9488,-0.316,21.3,21.0,21.0,station
2024-04-20,20.5,17.0,20.8,19.5,18.7,21.1,17.6,19.3,21.2,21.5,19.3,1.53,-0.84,59,61,39.3,16.51,2.8,0.9432,-0.3322,20.2,21.0,21.0,station
2024-04-21,19.2,16.6,16.8,16.5,16.2,18.1,16.2,16.9,16.6,16.6,17.06,1.22,0.18,57,33,20.5,22.51,0.2,0.9373,-0.3484,17.2,17.0,17.0,station
2024-04-22,19.8,19.9,19.6,19.0,19.0,20.3,19.5,19.0,19.6,18.6,19.46,0.43,0.06,46,44,18.8,24.57,0.0,0.9312,-0.3645,19.4,19.0,19.0,station
2024-04-23,25.2,23.5,25.1,26.6,26.5,24.5,23.7,24.3,24.7,24.3,25.38,1.26,1.08,44,85,18.9,24.31,0.2,0.9248,-0.3804,25.2,26.0,26.0,station
2024-04-24,29.4,26.4,28.3,28.9,28.6,29.1,26.0,28.1,28.7,28.1,28.32,1.15,0.32,30,93,29.8,19.84,0.0,0.9181,-0.3963,29.2,26.0,26.0,station
2024-04-25,26.3,25.5,27.0,27.4,26.3,24.2,24.4,26.3,27.2,25.9,26.5,0.73,0.9,33,100,29.4,12.53,0.1,0.9112,-0.412,26.4,27.0,27.0,station
2024-04-26,23.4,25.8,26.5,24.5,24.7,24.3,25.6,25.3,23.6,22.4,24.98,1.2,0.74,51,64,21.7,23.99,1.4,0.9039,-0.4276,26.0,28.0,28.0,station
2024-04-27,23.3,23.1,25.6,25.3,24.0,25.1,24.2,25.7,25.1,21.0,24.26,1.14,0.04,63,89,17.0,23.04,0.8,0.8965,-0.4431,27.0,26.0,26.0,station
2024-04-28,23.0,21.3,24.3,21.1,19.3,20.9,20.2,24.0,21.3,16.9,21.8,1.92,1.14,75,92,11.9,20.66,6.5,0.8887,-0.4585,21.6,22.0,22.0,station
2024-04-29,21.6,20.5,23.3,21.4,20.1,22.7,20.0,24.1,20.9,17.1,21.38,1.24,0.42,79,95,14.5,20.21,4.3,0.8807,-0.4737,21.8,22.0,22.0,station
2024-04-30,21.4,21.5,25.3,22.8,22.1,22.2,21.2,24.2,22.8,22.8,22.62,1.6,-0.02,77,94,15.8,20.47,7.6,0.8724,-0.4888,22.9,23.0,23.0,station
2024-05-01,18.5,16.4,18.6,19.3,18.7,18.7,17.6,20.1,19.4,20.4,18.3,1.11,-0.94,80,87,12.7,17.25,2.5,0.8639,-0.5037,19.4,18.0,18.0,station
2024-05-02,17.7,16.9,18.3,16.7,16.5,17.8,18.2,19.7,18.8,18.0,17.22,0.76,-1.28,80,64,19.6,17.18,0.9,0.8551,-0.5185,17.4,16.0,16.0,station
2024-05-03,16.7,15.9,15.2,15.8,17.0,16.8,15.4,16.4,13.7,16.0,16.12,0.73,0.46,78,69,12.1,10.07,0.9,0.846,-0.5331,16.0,16.0,16.0,station
2024-05-04,15.5,15.3,16.8,15.2,15.5,17.3,16.0,17.4,16.4,16.4,15.66,0.65,-1.04,70,51,15.5,25.02,3.4,0.8367,-0.5476,16.9,16.0,16.0,station
2024-05-05,15.5,14.9,14.4,14.2,14.2,15.6,13.8,15.1,15.6,13.8,14.64,0.56,-0.14,60,42,22.8,25.26,0.0,0.8272,-0.5619,15.7,16.0,16.0,station
2024-05-06,16.4,17.2,16.6,15.9,16.2,16.5,17.0,16.1,15.6,15.8,16.46,0.49,0.26,54,1,18.1,28.99,0.0,0.8174,-0.5761,16.8,17.0,17.0,station
2024-05-07,19.2,20.2,19.2,19.1,20.0,19.2,20.6,19.6,18.4,19.1,19.54,0.52,0.16,51,0,8.9,28.74,0.0,0.8074,-0.59,19.2,20.0,20.0,station
2024-05-08,20.8,22.0,21.0,21.6,22.5,21.8,22.7,21.4,21.2,21.9,21.58,0.7,-0.22,44,33,9.5,28.48,0.0,0.7971,-0.6038,21.9,22.0,22.0,station
2024-05-09,22.3,22.1,22.6,21.8,23.7,22.4,22.3,23.1,22.3,24.0,22.5,0.73,-0.32,48,86,14.7,21.57,0.0,0.7866,-0.6175,22.3,22.0,22.0,station
2024-05-10,23.3,23.2,23.2,23.7,23.5,22.5,21.9,22.8,20.8,22.8,23.38,0.22,1.22,54,80,19.8,25.44,2.7,0.7759,-0.6309,24.2,23.0,23.0,station
2024-05-11,17.6,17.7,18.8,18.0,20.7,18.9,17.6,22.5,17.6,17.8,18.56,1.29,-0.32,69,72,19.4,20.36,2.1,0.7649,-0.6442,19.1,20.0,20.0,station
2024-05-12,12.7,13.5,13.6,15.7,15.3,12.5,14.0,12.1,14.6,15.8,14.16,1.28,0.36,75,92,17.7,6.2,2.0,0.7537,-0.6572,13.6,14.0,14.0,station
2024-05-13,16.3,14.8,15.5,15.7,14.8,16.3,15.0,16.6,16.0,16.4,15.42,0.64,-0.64,69,89,16.6,19.05,5.5,0.7423,-0.6701,16.5,16.0,16.0,station
2024-05-14,15.2,14.8,14.4,13.8,13.6,14.9,15.2,15.0,14.7,14.4,14.36,0.67,-0.48,61,37,8.6,26.16,0.0,0.7306,-0.6828,14.9,14.0,14.0,station
2024-05-15,17.2,18.0,17.3,16.9,17.0,17.9,18.3,17.9,16.1,17.6,17.28,0.43,-0.28,56,44,11.9,26.01,0.0,0.7188,-0.6952,17.5,18.0,18.0,station
2024-05-16,17.7,18.1,18.3,18.7,20.2,18.8,19.1,18.9,18.3,19.8,18.6,0.96,-0.38,61,56,16.1,25.57,0.3,0.7067,-0.7075,18.5,20.0,20.0,station
2024-05-17,19.9,19.5,20.8,19.5,23.5,19.9,21.6,21.0,17.4,20.0,20.64,1.68,0.66,65,61,17.4,16.79,5.5,0.6945,-0.7195,21.5,22.0,22.0,station
2024-05-18,22.8,23.9,23.8,24.4,24.6,23.2,23.8,24.2,23.4,25.5,23.9,0.7,-0.12,69,25,17.1,25.01,3.4,0.682,-0.7314,24.6,26.0,26.0,station
2024-05-19,22.3,23.5,22.4,23.0,22.2,23.3,23.5,22.5,23.5,24.7,22.68,0.55,-0.82,65,91,10.4,25.24,0.0,0.6693,-0.743,23.2,24.0,24.0,station
2024-05-20,22.7,24.1,22.3,24.3,25.1,23.0,24.1,21.5,24.9,26.2,23.7,1.17,-0.24,60,71,13.4,23.84,0.6,0.6564,-0.7544,23.7,25.0,25.0,station
2024-05-21,22.3,24.1,24.5,24.8,25.5,24.6,25.5,24.7,25.5,26.5,24.24,1.2,-1.12,58,21,12.6,25.92,0.5,0.6433,-0.7656,24.0,25.0,25.0,station
2024-05-22,27.2,26.6,27.1,27.8,28.6,26.9,27.3,27.0,27.6,27.9,27.46,0.77,0.12,55,36,14.1,27.68,0.0,0.6301,-0.7765,27.8,28.0,28.0,station
2024-05-23,21.5,24.4,25.5,22.6,25.3,24.5,23.6,25.2,25.4,26.5,23.86,1.75,-1.18,62,63,21.0,24.48,6.4,0.6166,-0.7873,26.0,23.0,23.0,station
2024-05-24,19.8,17.0,18.5,18.1,16.5,19.2,17.2,16.6,18.6,17.5,17.98,1.3,0.16,73,76,25.1,17.11,2.1,0.603,-0.7978,20.0,18.0,18.0,station
2024-05-25,20.4,19.3,21.4,21.5,18.6,20.7,19.3,20.5,19.8,20.0,20.24,1.28,0.18,70,77,12.7,24.16,5.9,0.5892,-0.808,22.0,21.0,21.0,station
2024-05-26,21.6,21.9,21.2,21.5,19.7,20.2,20.4,21.7,21.3,20.5,21.18,0.86,0.36,62,42,16.3,30.14,0.0,0.5752,-0.818,21.4,22.0,22.0,station
2024-05-27,16.6,15.9,17.2,15.8,18.0,17.6,16.0,18.2,17.9,16.9,16.7,0.92,-0.62,78,75,14.0,16.34,5.9,0.561,-0.8278,19.1,17.0,17.0,station
2024-05-28,18.5,16.5,19.7,17.4,18.6,19.6,16.9,18.7,19.7,17.8,18.14,1.23,-0.4,80,48,21.4,18.31,9.5,0.5467,-0.8373,19.7,19.0,19.0,station
2024-05-29,22.1,21.6,22.9,21.4,22.0,21.5,20.9,22.3,20.6,20.9,22.0,0.58,0.76,69,39,9.4,27.5,0.0,0.5322,-0.8466,21.6,22.0,22.0,station
2024-05-30,20.8,20.6,22.0,19.1,21.6,21.6,21.4,22.3,21.5,22.2,20.82,1.12,-0.98,66,62,10.5,24.54,1.1,0.5176,-0.8556,21.9,22.0,22.0,station
2024-05-31,21.4,21.5,23.6,21.2,21.4,21.4,21.1,23.9,21.0,22.0,21.82,1.0,-0.06,67,34,14.3,24.8,0.4,0.5028,-0.8644,22.2,24.0,24.0,station
2024-06-01,25.7,25.5,25.4,26.3,25.9,25.6,25.4,25.6,25.6,24.3,25.76,0.36,0.46,58,10,7.7,28.37,0.0,0.4878,-0.8729,25.7,27.0,27.0,station
2024-06-02,28.5,28.3,28.2,29.4,29.5,28.3,28.1,28.0,29.2,28.9,28.78,0.62,0.28,52,32,7.7,27.66,0.0,0.4728,-0.8812,28.6,29.0,29.0,station
2024-06-03,29.3,29.5,29.8,29.9,30.8,29.8,29.0,29.9,31.0,31.1,29.86,0.58,-0.3,56,28,18.9,26.94,0.0,0.4575,-0.8892,29.9,31.0,31.0,station
2024-06-04,31.0,30.3,30.6,30.7,31.4,30.9,30.2,30.5,30.5,31.9,30.8,0.42,0.0,54,59,10.3,26.74,0.7,0.4422,-0.8969,31.2,31.0,31.0,station
2024-06-05,31.3,31.3,31.0,32.4,32.8,31.4,31.1,31.4,32.5,33.0,31.76,0.79,-0.12,44,28,12.3,27.0,0.0,0.4267,-0.9044,31.2,32.0,32.0,station
2024-06-06,29.8,29.4,30.8,31.2,31.6,31.8,29.7,31.1,31.7,32.1,30.56,0.93,-0.72,47,20,19.9,28.05,0.3,0.4111,-0.9116,30.4,32.0,32.0,station
2024-06-07,26.6,25.5,28.7,28.4,28.6,27.9,27.6,28.5,27.6,27.8,27.56,1.44,-0.32,62,52,18.0,22.9,3.1,0.3953,-0.9185,26.7,29.0,29.0,station
2024-06-08,23.6,22.3,24.6,21.8,20.4,23.8,21.1,24.8,24.0,25.2,22.54,1.62,-1.24,75,75,13.3,20.94,11.0,0.3795,-0.9252,22.6,25.0,25.0,station
2024-06-09,26.7,26.1,25.0,26.6,25.2,26.5,26.2,24.9,26.9,24.9,25.92,0.79,0.04,60,18,12.5,29.71,0.0,0.3635,-0.9316,25.7,26.0,26.0,station
2024-06-10,28.0,27.6,26.7,27.9,29.1,28.1,27.9,26.8,28.9,28.5,27.86,0.86,-0.18,54,12,11.2,29.57,0.0,0.3474,-0.9377,28.0,28.0,28.0,station
2024-06-11,32.2,30.4,30.6,31.6,31.8,32.1,30.8,30.4,31.5,32.7,31.32,0.78,-0.18,45,3,12.2,30.05,0.0,0.3312,-0.9436,32.4,32.0,32.0,station
2024-06-12,33.4,32.0,32.6,33.4,34.5,33.7,31.8,31.8,33.2,33.0,33.18,0.94,0.48,39,24,16.5,28.11,0.0,0.3149,-0.9491,33.1,33.0,33.0,station
2024-06-13,33.2,32.1,32.7,34.3,34.6,33.7,32.6,32.9,33.0,33.9,33.38,1.06,0.16,42,30,15.9,25.87,0.0,0.2986,-0.9544,33.7,34.0,34.0,station
2024-06-14,32.7,31.9,33.1,34.0,34.6,31.2,30.9,32.3,32.7,34.1,33.26,1.06,1.02,41,55,22.7,24.42,0.6,0.2821,-0.9594,33.3,34.0,34.0,station
2024-06-15,26.2,25.9,24.7,25.8,26.9,26.8,25.4,25.5,26.0,27.9,25.9,0.8,-0.42,55,15,20.7,28.1,0.1,0.2656,-0.9641,27.0,25.0,25.0,station
2024-06-16,28.1,28.3,26.8,27.4,27.7,28.6,28.4,26.1,27.6,28.0,27.66,0.59,-0.08,51,0,12.2,31.09,0.0,0.2489,-0.9685,27.4,28.0,28.0,station
2024-06-17,31.3,30.5,29.2,30.0,31.1,31.4,31.5,29.0,29.7,30.5,30.42,0.85,0.0,52,0,13.7,30.65,0.0,0.2322,-0.9727,30.6,31.0,31.0,station
2024-06-18,31.9,31.8,29.8,31.6,31.5,31.7,31.2,29.4,30.7,31.1,31.32,0.86,0.5,47,13,19.0,29.38,0.0,0.2155,-0.9765,32.0,31.0,31.0,station
2024-06-19,32.2,32.4,29.8,31.9,31.4,32.0,31.9,29.5,31.3,31.1,31.54,1.04,0.38,44,29,19.3,28.32,0.0,0.1986,-0.9801,31.5,31.0,31.0,station
2024-06-20,33.2,32.6,31.0,31.9,32.4,33.2,33.0,30.6,31.6,32.6,32.22,0.83,0.02,45,19,20.5,29.25,0.0,0.1818,-0.9833,32.2,32.0,32.0,station
2024-06-21,32.2,30.8,29.0,29.7,30.8,32.3,30.7,28.8,29.7,31.1,30.5,1.22,-0.02,44,0,19.4,30.88,0.0,0.1648,-0.9863,31.0,31.0,31.0,station
2024-06-22,33.0,32.6,29.8,30.9,30.6,32.7,32.5,29.3,30.8,30.6,31.38,1.36,0.2,41,0,20.3,31.02,0.0,0.1478,-0.989,32.0,31.0,31.0,station
2024-06-23,34.3,33.8,30.8,32.8,32.4,34.1,34.0,31.0,32.0,32.2,32.82,1.36,0.16,29,0,15.2,31.35,0.0,0.1308,-0.9914,33.1,33.0,33.0,station
2024-06-24,36.3,35.4,33.9,35.5,35.2,37.3,35.9,33.4,35.4,35.7,35.26,0.87,-0.28,29,0,14.1,31.25,0.0,0.1137,-0.9935,35.3,35.0,35.0,station
2024-06-25,34.7,33.8,33.9,34.6,35.5,36.5,34.0,34.1,35.3,36.0,34.5,0.69,-0.68,37,12,21.7,30.35,0.0,0.0966,-0.9953,35.5,34.0,34.0,station
2024-06-26,29.0,28.9,27.2,28.3,30.2,30.5,29.9,29.0,29.3,31.5,28.72,1.09,-1.32,46,0,21.6,30.75,0.0,0.0795,-0.9968,29.4,29.0,29.0,station
2024-06-27,30.5,30.1,28.4,29.9,31.0,30.7,30.1,27.7,29.5,30.5,29.98,0.98,0.28,41,2,17.7,30.47,0.0,0.0623,-0.9981,31.0,30.0,30.0,station
2024-06-28,32.8,32.2,31.0,32.0,32.6,32.4,32.3,30.3,31.2,32.4,32.12,0.7,0.4,33,21,25.2,29.65,0.1,0.0451,-0.999,33.1,32.0,32.0,station
2024-06-29,28.8,27.8,26.0,26.7,27.9,28.7,27.4,26.0,26.8,28.3,27.44,1.1,0.0,39,53,24.0,29.34,0.0,0.028,-0.9996,28.4,28.0,28.0,station
2024-06-30,29.2,28.0,27.7,27.4,29.6,28.8,26.9,27.4,27.2,29.4,28.38,0.97,0.44,41,18,22.0,25.82,0.0,0.0108,-0.9999,29.1,28.0,28.0,station
2024-07-01,31.0,29.1,29.2,28.7,30.2,30.9,28.6,28.9,28.4,29.8,29.64,0.94,0.32,36,12,24.9,26.77,0.0,-0.0065,-1.0,31.0,29.0,29.0,station
2024-07-02,30.7,29.7,28.9,29.4,30.4,31.3,29.8,29.0,29.0,30.6,29.82,0.73,-0.12,33,0,12.0,30.74,0.0,-0.0237,-0.9997,30.6,30.0,30.0,station
2024-07-03,35.2,33.6,33.7,34.5,34.3,35.6,33.7,33.6,34.1,33.1,34.26,0.65,0.24,29,18,15.1,29.09,0.1,-0.0408,-0.9992,34.9,34.0,34.0,station
2024-07-04,32.8,32.6,31.6,31.2,31.8,32.5,32.3,32.3,31.5,31.9,32.0,0.68,-0.1,32,40,17.1,26.69,0.0,-0.058,-0.9983,32.1,33.0,33.0,station
2024-07-05,24.6,25.3,28.1,28.0,25.3,28.1,24.9,31.8,26.0,27.8,26.26,1.66,-1.46,60,51,21.9,23.25,6.7,-0.0752,-0.9972,29.1,28.0,28.0,station
2024-07-06,27.8,26.0,28.0,26.6,28.0,27.5,25.9,26.5,27.1,29.8,27.28,0.92,-0.08,56,28,23.7,22.93,0.2,-0.0923,-0.9957,28.1,28.0,28.0,station
2024-07-07,31.5,30.4,31.3,31.2,33.0,31.9,29.9,32.1,30.2,33.3,31.48,0.95,0.0,49,4,25.4,28.09,0.0,-0.1094,-0.994,31.7,32.0,32.0,station
2024-07-08,32.5,31.2,32.4,33.3,33.4,33.6,31.7,32.5,33.9,34.1,32.56,0.88,-0.6,45,21,23.7,27.5,0.0,-0.1265,-0.992,33.3,33.0,33.0,station
2024-07-09,29.3,27.8,31.3,29.9,31.3,31.0,29.3,32.2,30.9,32.2,29.92,1.47,-1.2,49,48,26.7,22.97,1.3,-0.1436,-0.9896,29.7,32.0,32.0,station
2024-07-10,30.1,27.6,31.0,28.0,29.1,28.7,27.0,30.8,29.1,29.4,29.16,1.42,0.16,55,20,15.9,26.25,0.9,-0.1606,-0.987,30.3,31.0,31.0,station
2024-07-11,32.3,30.6,30.9,31.4,26.8,31.1,28.8,30.8,30.0,29.3,30.4,2.11,0.4,59,33,14.5,23.51,3.5,-0.1775,-0.9841,30.8,32.0,32.0,station
2024-07-12,28.1,28.9,31.3,31.2,26.7,29.9,29.6,31.5,29.6,24.9,29.24,2.0,0.14,56,9,16.9,26.96,0.0,-0.1944,-0.9809,30.3,32.0,32.0,station
2024-07-13,28.6,28.2,31.1,31.0,28.9,28.6,27.3,31.4,31.1,30.5,29.56,1.38,-0.22,58,17,20.3,25.96,1.6,-0.2113,-0.9774,30.8,32.0,32.0,station
2024-07-14,29.2,30.0,30.8,30.7,30.6,27.9,29.7,30.4,30.0,31.1,30.26,0.67,0.44,50,24,21.1,26.62,0.0,-0.2281,-0.9736,30.4,31.0,31.0,station
2024-07-15,29.9,29.0,29.1,30.4,31.3,29.7,29.9,31.2,29.9,30.9,29.94,0.96,-0.38,42,49,18.9,26.56,0.0,-0.2448,-0.9696,29.9,29.0,29.0,station
2024-07-16,30.7,30.9,31.1,31.1,30.3,29.7,30.8,31.3,30.4,30.0,30.82,0.33,0.38,47,10,20.8,27.4,0.0,-0.2614,-0.9652,30.6,32.0,32.0,station
2024-07-17,30.3,29.6,32.1,30.5,32.6,29.2,30.0,32.6,30.9,29.8,31.02,1.27,0.52,58,29,18.8,24.96,5.3,-0.278,-0.9606,29.9,32.0,32.0,station
2024-07-18,32.3,31.8,32.3,33.4,31.8,32.4,32.0,33.7,33.6,32.2,32.32,0.65,-0.46,52,8,21.0,26.49,0.2,-0.2945,-0.9557,32.4,31.0,31.0,station
2024-07-19,30.5,30.4,32.4,32.6,31.8,32.0,31.8,33.0,32.5,31.3,31.54,1.04,-0.58,40,5,24.3,28.06,0.0,-0.3109,-0.9505,31.8,32.0,32.0,station
2024-07-20,32.5,30.9,32.3,32.0,32.3,32.2,30.8,33.1,31.8,31.2,32.0,0.64,0.18,47,9,20.3,26.84,0.0,-0.3272,-0.945,33.0,32.0,32.0,station
2024-07-21,33.8,33.1,32.9,33.0,33.7,34.4,32.8,32.2,33.0,33.8,33.3,0.42,0.06,45,5,15.7,28.7,0.0,-0.3434,-0.9392,33.3,34.0,34.0,station
2024-07-22,35.6,34.6,34.3,34.7,34.7,35.8,34.4,34.7,34.9,34.9,34.78,0.49,-0.16,41,9,23.0,27.58,0.0,-0.3595,-0.9332,36.3,34.0,34.0,station
2024-07-23,34.3,33.5,33.4,33.5,34.1,35.1,33.5,33.2,33.9,34.4,33.76,0.41,-0.26,42,6,18.8,27.48,0.0,-0.3755,-0.9268,34.8,34.0,34.0,station
2024-07-24,31.3,30.3,29.7,30.7,30.2,31.4,29.9,31.3,30.6,29.7,30.44,0.6,-0.14,50,12,19.4,26.61,0.0,-0.3914,-0.9202,31.3,31.0,31.0,station
2024-07-25,30.4,29.1,29.7,29.3,30.5,30.5,27.6,30.1,30.1,30.2,29.8,0.63,0.1,54,47,19.2,24.67,2.1,-0.4071,-0.9134,31.4,30.0,30.0,station
2024-07-26,26.2,24.1,27.3,24.9,24.1,26.7,23.1,27.8,26.0,24.2,25.32,1.4,-0.24,68,43,21.9,20.14,3.7,-0.4228,-0.9062,26.1,27.0,27.0,station
2024-07-27,26.7,25.0,26.1,25.4,24.6,27.2,25.3,27.2,25.9,25.8,25.56,0.84,-0.72,62,20,20.2,26.01,0.2,-0.4383,-0.8988,26.6,26.0,26.0,station
2024-07-28,29.5,29.4,28.7,28.1,29.6,29.6,29.5,28.8,27.7,28.1,29.06,0.64,0.32,51,1,21.2,28.4,0.0,-0.4537,-0.8912,30.0,30.0,30.0,station
2024-07-29,30.4,30.3,30.0,29.1,30.0,30.0,30.8,29.2,28.7,29.6,29.96,0.51,0.3,35,0,18.3,29.15,0.0,-0.469,-0.8832,30.2,30.0,30.0,station
2024-07-30,29.0,29.0,29.8,29.0,31.1,29.1,29.1,30.4,28.4,30.9,29.58,0.92,0.0,46,5,25.9,28.35,0.0,-0.4841,-0.875,30.4,30.0,30.0,station
2024-07-31,29.5,28.2,27.9,27.1,28.7,28.6,27.5,28.1,26.9,29.0,28.28,0.9,0.26,46,7,19.4,28.05,0.0,-0.4991,-0.8666,29.0,28.0,28.0,station
2024-08-01,30.2,29.4,28.4,29.2,29.8,30.0,29.5,28.7,28.4,29.9,29.4,0.68,0.1,48,7,17.1,26.92,0.0,-0.5139,-0.8578,30.5,30.0,30.0,station
2024-08-02,33.2,31.7,32.0,31.5,31.8,32.8,31.9,31.4,31.3,31.7,32.04,0.67,0.22,41,3,17.1,28.12,0.0,-0.5286,-0.8489,32.3,32.0,32.0,station
2024-08-03,34.5,33.5,33.1,33.2,33.2,34.4,33.4,33.6,32.8,33.3,33.5,0.58,0.0,35,0,14.3,28.26,0.0,-0.5431,-0.8397,33.9,33.0,33.0,station
2024-08-04,34.9,33.8,33.1,33.4,33.4,34.8,34.0,33.6,33.6,33.4,33.72,0.7,-0.16,35,4,17.4,28.05,0.0,-0.5575,-0.8302,34.1,34.0,34.0,station
2024-08-05,32.8,31.2,31.4,31.1,32.0,33.1,31.7,32.2,31.6,32.1,31.7,0.71,-0.44,43,12,16.6,25.98,0.0,-0.5717,-0.8205,32.5,32.0,32.0,station
2024-08-06,31.9,31.7,31.0,30.6,30.4,31.9,31.4,30.6,30.2,30.1,31.12,0.66,0.28,44,2,16.9,27.06,0.0,-0.5857,-0.8105,31.7,31.0,31.0,station
2024-08-07,31.1,30.6,30.5,31.2,30.9,31.6,31.0,30.2,30.4,30.6,30.86,0.3,0.1,43,3,19.0,27.34,0.0,-0.5996,-0.8003,31.8,32.0,32.0,station
2024-08-08,32.1,31.5,31.5,31.2,32.1,32.3,31.4,31.0,31.3,31.7,31.68,0.4,0.14,46,0,15.2,27.49,0.0,-0.6132,-0.7899,32.3,33.0,33.0,station
2024-08-09,34.3,33.2,33.0,32.9,33.5,34.3,32.8,33.1,32.6,32.5,33.38,0.56,0.32,46,4,16.3,25.54,0.0,-0.6267,-0.7792,33.5,34.0,34.0,station
2024-08-10,33.1,31.2,33.3,30.9,31.3,33.4,31.0,31.9,30.7,31.6,31.96,1.14,0.24,48,9,22.5,24.95,0.0,-0.64,-0.7683,33.4,32.0,32.0,station
2024-08-11,29.8,29.0,29.2,29.3,29.7,30.7,29.3,29.8,29.2,30.1,29.4,0.34,-0.42,44,16,22.2,25.75,0.1,-0.6532,-0.7572,30.6,30.0,30.0,station
2024-08-12,30.8,30.3,30.4,30.0,31.0,31.4,30.3,30.6,30.1,30.9,30.5,0.4,-0.16,40,0,19.4,26.95,0.0,-0.6661,-0.7459,31.2,31.0,31.0,station
2024-08-13,32.9,32.1,31.3,31.2,31.9,32.7,31.4,31.5,31.4,31.7,31.88,0.69,0.14,46,0,18.4,26.59,0.0,-0.6788,-0.7343,32.2,33.0,33.0,station
2024-08-14,34.1,33.5,32.5,32.5,32.1,34.4,33.5,33.1,32.3,31.9,32.94,0.83,-0.1,40,0,23.2,26.61,0.0,-0.6914,-0.7225,33.1,33.0,33.0,station
2024-08-15,32.7,32.7,32.3,31.3,31.9,32.8,32.4,33.1,31.6,31.7,32.18,0.59,-0.14,45,0,21.1,26.56,0.0,-0.7037,-0.7105,32.3,32.0,32.0,station
2024-08-16,29.3,29.6,29.0,28.0,28.6,29.3,29.5,29.4,28.5,28.3,28.9,0.62,-0.1,46,0,20.9,26.83,0.0,-0.7158,-0.6983,28.8,28.0,28.0,station
2024-08-17,29.1,28.8,27.4,27.6,28.4,28.9,28.5,27.2,27.1,28.1,28.26,0.74,0.3,50,1,19.5,26.49,0.0,-0.7277,-0.6859,27.8,28.0,28.0,station
2024-08-18,31.1,30.3,31.6,30.1,30.9,31.0,30.3,31.2,29.1,31.5,30.8,0.61,0.18,42,0,14.3,26.46,0.0,-0.7394,-0.6733,30.5,31.0,31.0,station
2024-08-19,35.0,34.1,34.2,34.1,33.6,35.2,34.3,35.3,33.8,33.6,34.2,0.5,-0.24,24,0,14.0,26.07,0.0,-0.7509,-0.6605,34.3,35.0,35.0,station
2024-08-20,35.4,35.4,34.4,34.5,34.4,35.7,35.3,35.4,34.4,34.8,34.82,0.53,-0.3,39,1,14.7,24.88,0.0,-0.7621,-0.6474,35.1,35.0,35.0,station
2024-08-21,36.7,35.5,35.5,34.9,35.3,36.3,35.2,36.4,34.4,35.5,35.58,0.67,0.02,35,14,21.7,23.22,0.1,-0.7731,-0.6342,36.6,37.0,37.0,station
2024-08-22,31.8,32.6,34.0,32.7,31.5,33.0,32.4,33.7,32.2,32.3,32.52,0.97,-0.2,41,16,17.3,24.23,0.0,-0.7839,-0.6208,34.0,34.0,34.0,station
2024-08-23,29.7,29.3,31.6,30.5,30.0,29.5,27.5,32.5,28.2,29.9,30.22,0.89,0.7,54,24,17.6,22.23,0.4,-0.7945,-0.6073,31.7,32.0,32.0,station
2024-08-24,29.6,26.8,28.2,29.2,29.3,30.2,24.4,30.2,28.7,28.6,28.62,1.15,0.2,51,36,25.5,22.36,1.0,-0.8048,-0.5935,29.5,29.0,29.0,station
2024-08-25,27.7,25.8,28.1,26.1,25.0,29.3,25.6,27.6,28.8,27.0,26.54,1.31,-1.12,57,55,22.9,18.5,2.2,-0.8149,-0.5796,28.7,25.0,25.0,station
2024-08-26,29.2,28.8,29.3,28.3,27.7,29.3,28.1,29.8,25.4,28.4,28.66,0.67,0.46,51,13,11.3,24.7,0.0,-0.8248,-0.5655,29.0,29.0,29.0,station
2024-08-27,30.2,30.2,30.2,26.8,28.1,29.5,29.6,30.1,27.8,26.9,29.1,1.57,0.32,50,11,14.8,23.88,0.0,-0.8344,-0.5512,29.9,29.0,29.0,station
2024-08-28,28.7,28.4,29.9,28.4,21.8,30.1,28.6,30.3,27.0,23.1,27.44,3.21,-0.38,58,17,15.4,22.54,0.0,-0.8437,-0.5368,29.0,30.0,30.0,station
2024-08-29,29.9,29.3,29.9,29.3,27.5,29.5,29.2,30.2,29.3,28.1,29.18,0.99,-0.08,55,22,17.9,21.06,0.2,-0.8528,-0.5222,30.4,30.0,30.0,station
2024-08-30,29.3,28.6,29.5,29.0,28.9,29.2,28.6,29.8,28.7,28.3,29.06,0.35,0.14,54,6,15.6,22.85,0.0,-0.8617,-0.5074,29.1,30.0,30.0,station
2024-08-31,29.2,28.5,29.7,28.8,28.4,29.1,28.9,30.3,29.2,27.1,28.92,0.54,0.0,51,14,17.4,22.36,0.0,-0.8703,-0.4925,29.8,30.0,30.0,station
2024-09-01,27.6,26.7,27.0,26.6,23.8,27.6,26.1,23.7,27.1,27.2,26.34,1.47,0.0,58,63,22.6,18.01,1.7,-0.8786,-0.4775,28.5,28.0,28.0,station
2024-09-02,25.6,25.2,26.5,24.1,23.7,26.8,25.2,27.8,24.8,24.3,25.02,1.13,-0.76,63,56,11.7,19.83,0.3,-0.8867,-0.4623,26.2,26.0,26.0,station
2024-09-03,28.1,27.7,28.1,25.7,26.1,27.3,27.8,28.2,26.1,25.3,27.14,1.15,0.2,59,18,13.4,21.97,0.0,-0.8945,-0.447,28.3,28.0,28.0,station
2024-09-04,27.8,28.2,27.6,27.6,27.8,25.2,27.9,28.2,26.7,26.3,27.8,0.24,0.94,59,24,18.5,21.08,0.2,-0.9021,-0.4315,27.9,29.0,29.0,station
2024-09-05,28.7,28.7,28.3,27.5,27.5,27.9,28.1,28.5,27.6,28.0,28.14,0.61,0.12,56,9,19.8,21.34,0.1,-0.9094,-0.4159,28.5,29.0,29.0,station
2024-09-06,28.6,28.6,28.3,27.7,28.7,28.6,29.0,28.4,27.3,28.4,28.38,0.41,0.04,55,10,14.7,20.84,0.0,-0.9164,-0.4002,28.2,29.0,29.0,station
2024-09-07,28.6,27.7,27.9,27.0,27.4,28.7,28.0,28.3,27.4,27.8,27.72,0.6,-0.32,58,26,19.7,21.25,0.3,-0.9232,-0.3844,28.4,28.0,28.0,station
2024-09-08,24.8,24.1,27.1,25.3,24.8,26.9,26.2,26.9,25.3,26.9,25.22,1.13,-1.22,62,12,17.0,21.24,0.0,-0.9296,-0.3685,27.2,27.0,27.0,station
2024-09-09,27.4,27.2,27.8,26.9,27.6,27.0,27.2,27.8,26.6,27.0,27.38,0.35,0.26,58,5,13.5,21.29,0.0,-0.9358,-0.3524,26.7,28.0,28.0,station
2024-09-10,31.1,30.0,30.6,29.9,30.2,31.3,30.1,30.6,29.7,29.9,30.36,0.49,0.04,40,16,15.6,22.2,0.0,-0.9418,-0.3363,30.9,31.0,31.0,station
2024-09-11,29.6,29.2,30.0,28.5,30.0,29.9,29.3,29.9,28.2,29.9,29.46,0.63,0.02,39,38,15.3,20.93,0.0,-0.9474,-0.32,29.9,29.0,29.0,station
2024-09-12,28.2,28.3,28.1,26.7,27.5,28.4,27.8,28.4,26.4,28.2,27.76,0.67,-0.08,50,11,16.3,20.96,0.0,-0.9528,-0.3037,28.1,28.0,28.0,station
2024-09-13,29.5,29.4,29.8,29.1,30.3,29.6,29.2,29.9,28.7,29.5,29.62,0.45,0.24,49,1,12.2,21.5,0.0,-0.9579,-0.2873,30.0,29.0,29.0,station
2024-09-14,30.0,29.7,29.4,28.7,29.4,30.0,29.8,30.1,28.9,29.5,29.44,0.48,-0.22,39,22,14.2,21.37,0.0,-0.9627,-0.2707,29.4,30.0,30.0,station
2024-09-15,31.2,30.0,30.5,30.0,30.6,32.7,30.3,31.0,29.4,31.0,30.46,0.5,-0.42,39,54,16.5,19.09,0.0,-0.9672,-0.2541,31.5,32.0,32.0,station
2024-09-16,25.3,25.7,25.7,24.9,25.2,26.4,26.4,26.8,25.2,25.9,25.36,0.34,-0.78,55,14,13.5,21.28,3.2,-0.9714,-0.2375,25.4,25.0,25.0,station
2024-09-17,24.4,25.5,25.4,25.0,24.1,25.6,25.6,25.5,25.1,25.9,24.88,0.61,-0.66,59,14,17.3,19.47,0.0,-0.9753,-0.2207,25.6,25.0,25.0,station
2024-09-18,24.0,24.6,25.3,23.7,24.1,24.5,25.3,25.5,24.9,23.7,24.34,0.63,-0.44,59,69,13.8,14.0,0.7,-0.979,-0.2039,25.3,25.0,25.0,station
2024-09-19,22.4,21.8,22.5,21.2,22.3,22.7,21.2,21.0,23.2,22.0,22.04,0.54,0.02,67,37,15.8,16.83,0.6,-0.9824,-0.187,22.8,22.0,22.0,station
2024-09-20,23.4,23.2,22.9,22.3,21.9,22.8,23.2,22.0,22.4,22.4,22.74,0.63,0.18,61,39,12.9,19.34,0.0,-0.9854,-0.1701,23.8,23.0,23.0,station
2024-09-21,23.0,22.2,20.9,20.9,20.6,22.7,22.1,23.1,21.1,21.5,21.52,1.03,-0.58,62,23,15.9,19.52,0.1,-0.9882,-0.1531,23.4,23.0,23.0,station
2024-09-22,19.8,18.0,19.3,20.2,19.5,20.0,17.7,19.7,20.5,19.3,19.36,0.83,-0.08,65,96,16.5,13.13,1.1,-0.9907,-0.1361,20.8,18.0,18.0,station
2024-09-23,16.0,16.7,18.4,17.2,18.2,19.4,18.7,20.2,19.9,19.8,17.3,1.01,-2.3,82,73,12.1,5.89,2.8,-0.9929,-0.1191,16.7,17.0,17.0,station
2024-09-24,23.3,21.9,22.1,22.2,21.7,23.0,22.2,22.3,21.7,22.3,22.24,0.62,-0.06,64,53,9.3,18.32,0.0,-0.9948,-0.102,22.7,23.0,23.0,station
2024-09-25,24.7,25.0,24.0,24.5,24.5,25.2,24.4,24.3,24.0,24.1,24.54,0.36,0.14,47,10,8.4,18.53,0.0,-0.9964,-0.0848,25.0,26.0,26.0,station
2024-09-26,25.3,26.1,25.3,26.0,26.5,25.6,26.1,25.6,25.3,26.0,25.84,0.53,0.12,52,28,6.5,19.19,0.0,-0.9977,-0.0677,26.1,27.0,27.0,station
2024-09-27,26.8,27.1,27.0,27.6,28.0,26.6,27.3,26.6,26.8,27.7,27.3,0.49,0.3,46,0,6.7,19.38,0.0,-0.9987,-0.0505,27.8,28.0,28.0,station
2024-09-28,28.7,28.8,28.9,28.9,29.4,28.5,29.0,28.9,28.0,29.1,28.94,0.27,0.24,42,0,8.3,19.31,0.0,-0.9994,-0.0333,29.6,30.0,30.0,station
2024-09-29,29.0,28.9,29.1,29.4,29.7,29.2,28.8,29.2,28.7,29.2,29.22,0.33,0.2,29,4,10.2,19.19,0.0,-0.9999,-0.0161,29.1,30.0,30.0,station
2024-09-30,23.1,18.6,27.4,23.4,24.1,24.7,20.7,26.8,23.4,24.7,23.32,3.15,-0.74,57,40,17.3,10.54,14.7,-1.0,0.0011,22.8,24.0,24.0,station
2024-10-01,12.8,12.8,13.8,14.9,13.1,14.6,13.9,15.8,14.8,14.9,13.48,0.89,-1.32,77,72,23.1,10.88,0.7,-0.9998,0.0183,15.2,14.0,14.0,station
2024-10-02,17.6,16.8,16.2,14.9,18.5,17.7,17.5,16.9,16.5,16.1,16.8,1.37,-0.14,71,74,19.3,10.25,0.0,-0.9994,0.0355,18.1,15.0,15.0,station
2024-10-03,21.4,21.7,22.3,21.1,22.2,22.6,22.8,22.4,20.7,22.9,21.74,0.51,-0.54,65,0,9.0,18.12,0.0,-0.9986,0.0527,22.1,23.0,23.0,station
2024-10-04,24.4,24.8,24.8,24.0,24.3,24.5,24.6,24.7,23.3,24.2,24.46,0.34,0.2,51,3,8.1,18.01,0.0,-0.9976,0.0698,24.7,26.0,26.0,station
2024-10-05,26.1,26.3,26.5,25.8,27.3,26.3,26.5,26.6,25.0,26.0,26.4,0.57,0.32,44,0,7.6,17.84,0.0,-0.9962,0.087,26.9,28.0,28.0,station
2024-10-06,27.1,26.9,27.3,27.6,28.2,27.3,26.9,27.6,26.3,27.7,27.42,0.51,0.26,42,19,9.8,17.6,0.0,-0.9946,0.1041,27.6,29.0,29.0,station
2024-10-07,24.2,24.9,24.7,23.9,25.4,23.7,24.7,24.8,24.2,24.8,24.62,0.59,0.18,50,22,18.3,15.36,0.0,-0.9926,0.1212,24.8,25.0,25.0,station
2024-10-08,24.7,25.2,24.8,24.6,25.4,24.6,25.4,24.5,24.5,25.0,24.94,0.34,0.14,58,0,10.7,17.27,0.0,-0.9904,0.1383,24.7,26.0,26.0,station
2024-10-09,27.0,26.8,26.9,27.4,27.7,26.8,26.9,27.2,26.8,27.3,27.16,0.38,0.16,48,12,11.9,17.25,0.0,-0.9879,0.1553,27.2,28.0,28.0,station
2024-10-10,23.4,24.3,23.8,22.5,23.3,24.1,24.5,25.1,23.8,24.0,23.46,0.67,-0.84,46,86,17.1,14.03,0.0,-0.9851,0.1722,23.5,25.0,25.0,station
2024-10-11,24.6,25.3,24.8,24.5,25.6,24.9,25.3,25.1,24.1,25.1,24.96,0.47,0.06,50,31,12.2,16.21,0.0,-0.9819,0.1892,24.6,26.0,26.0,station
2024-10-12,26.5,26.3,26.7,24.9,26.8,25.3,26.5,26.3,25.6,26.7,26.24,0.77,0.16,52,45,13.8,14.43,0.0,-0.9785,0.206,26.0,27.0,27.0,station
2024-10-13,22.1,22.0,22.3,22.1,23.3,22.2,22.5,22.1,22.0,23.6,22.36,0.54,-0.12,66,47,13.1,14.28,0.0,-0.9749,0.2228,22.2,23.0,23.0,station
2024-10-14,21.3,22.0,20.2,21.1,21.8,21.0,22.1,20.4,21.7,21.8,21.28,0.7,-0.12,66,70,9.6,15.09,0.0,-0.9709,0.2396,21.0,22.0,22.0,station
2024-10-15,20.5,21.6,20.8,20.8,20.9,20.6,21.9,20.8,21.1,20.7,20.92,0.41,-0.1,65,27,8.4,15.76,0.0,-0.9666,0.2562,21.3,22.0,22.0,station
2024-10-16,21.4,21.6,21.5,21.0,22.3,21.7,21.9,21.5,20.9,21.2,21.56,0.47,0.12,61,31,15.3,15.35,0.0,-0.9621,0.2728,21.4,22.0,22.0,station
2024-10-17,14.2,12.3,13.8,13.8,14.5,13.8,12.6,14.1,13.5,14.3,13.72,0.85,0.06,65,17,21.7,13.92,0.4,-0.9572,0.2893,14.2,15.0,15.0,station
2024-10-18,11.0,10.9,11.0,11.3,10.4,11.1,10.8,11.0,11.6,10.2,10.92,0.33,-0.02,66,23,21.3,11.64,0.0,-0.9521,0.3057,11.6,11.0,11.0,station
2024-10-19,12.1,11.1,11.5,12.1,11.1,11.6,11.3,11.1,11.6,11.1,11.58,0.5,0.24,65,28,14.9,12.8,0.0,-0.9467,0.3221,12.3,12.0,12.0,station
2024-10-20,12.9,13.1,13.2,13.2,13.6,12.7,12.6,12.6,12.7,13.1,13.2,0.25,0.46,69,24,15.6,11.28,0.0,-0.941,0.3383,12.2,14.0,14.0,station
2024-10-21,13.0,12.0,12.6,12.6,13.2,12.3,12.6,11.9,12.3,13.3,12.68,0.46,0.2,67,29,17.4,12.48,0.0,-0.9351,0.3545,13.6,13.0,13.0,station
2024-10-22,14.5,14.1,13.5,13.2,15.9,14.3,13.9,13.4,13.7,15.7,14.24,1.06,0.04,61,39,14.2,13.03,0.0,-0.9288,0.3705,14.3,15.0,15.0,station
2024-10-23,16.1,16.3,15.2,15.5,16.3,15.7,16.0,15.3,15.5,16.3,15.88,0.5,0.12,60,0,10.2,14.76,0.0,-0.9223,0.3864,17.0,17.0,17.0,station
2024-10-24,18.2,17.7,17.7,17.3,18.1,18.1,18.3,16.8,17.3,17.8,17.8,0.36,0.14,55,5,11.1,14.7,0.0,-0.9155,0.4022,17.7,19.0,19.0,station
2024-10-25,15.3,15.9,14.9,15.9,16.0,14.6,16.3,15.1,15.6,16.2,15.6,0.48,0.04,65,24,7.4,13.92,0.0,-0.9085,0.4179,15.9,16.0,16.0,station
2024-10-26,16.5,17.1,16.1,17.2,17.1,16.8,17.4,16.5,16.9,17.1,16.8,0.48,-0.14,59,0,8.3,14.25,0.0,-0.9012,0.4335,17.5,18.0,18.0,station
2024-10-27,17.2,17.4,16.7,17.0,18.1,17.1,17.6,16.4,16.5,17.4,17.28,0.53,0.28,56,0,9.0,14.22,0.0,-0.8936,0.4489,17.0,18.0,18.0,station
2024-10-28,18.7,18.8,17.7,18.9,18.7,19.1,19.2,17.5,18.3,18.6,18.56,0.49,0.02,45,0,6.7,14.15,0.0,-0.8857,0.4642,18.3,20.0,20.0,station
2024-10-29,19.5,18.9,18.1,19.3,19.1,19.8,19.2,18.3,19.3,19.1,18.98,0.54,-0.16,49,2,15.3,13.58,0.0,-0.8776,0.4794,18.9,20.0,20.0,station
2024-10-30,15.5,15.8,15.0,15.9,16.0,15.3,16.0,15.7,15.4,16.0,15.64,0.4,-0.04,68,2,12.4,13.15,0.0,-0.8692,0.4944,15.4,15.0,15.0,station
2024-10-31,15.4,14.9,14.6,15.9,15.1,15.4,15.3,15.0,15.9,15.7,15.18,0.5,-0.28,71,24,13.3,11.44,0.0,-0.8606,0.5093,15.1,16.0,16.0,station
2024-11-01,16.0,16.4,16.3,16.3,17.1,15.6,16.3,15.7,16.3,16.6,16.42,0.41,0.32,70,7,7.4,13.24,0.0,-0.8517,0.524,16.6,17.0,17.0,station
2024-11-02,18.2,18.4,17.7,18.3,18.7,18.1,18.8,18.0,18.0,18.5,18.26,0.36,-0.02,57,35,11.9,12.42,0.0,-0.8426,0.5386,18.6,19.0,19.0,station
2024-11-03,14.3,12.8,14.5,13.8,15.7,14.5,13.5,13.8,13.4,15.2,14.22,1.06,0.14,63,30,17.3,9.71,0.0,-0.8332,0.553,14.9,14.0,14.0,station
2024-11-04,11.0,11.9,10.5,10.7,10.4,10.9,12.2,11.5,11.0,11.8,10.9,0.6,-0.58,62,42,11.2,12.42,0.0,-0.8235,0.5672,10.8,11.0,11.0,station
2024-11-05,10.3,11.2,11.0,10.6,11.1,10.6,11.5,10.8,10.6,11.1,10.84,0.38,-0.08,62,32,15.9,8.82,0.0,-0.8137,0.5813,10.8,11.0,11.0,station
2024-11-06,9.7,11.0,10.1,10.5,10.2,9.8,11.2,10.9,10.4,10.5,10.3,0.48,-0.26,68,16,9.8,12.46,0.0,-0.8035,0.5952,10.5,11.0,11.0,station
2024-11-07,12.1,13.1,12.1,11.9,11.5,11.7,12.9,11.4,11.2,10.2,12.14,0.59,0.66,58,0,18.1,12.6,0.0,-0.7932,0.609,12.4,13.0,13.0,station
2024-11-08,14.2,14.8,14.0,14.2,14.1,14.7,14.9,14.1,13.9,13.6,14.26,0.31,0.02,59,0,14.1,12.44,0.0,-0.7826,0.6225,14.4,15.0,15.0,station
2024-11-09,12.6,12.9,12.8,13.5,13.2,12.7,13.2,12.3,13.0,12.7,13.0,0.35,0.22,63,6,9.5,12.3,0.0,-0.7718,0.6359,13.3,14.0,14.0,station
2024-11-10,13.2,11.8,13.2,13.8,13.0,13.3,12.8,13.1,14.4,12.9,13.0,0.73,-0.3,62,82,10.3,11.46,0.0,-0.7607,0.6491,14.8,13.0,13.0,station
2024-11-11,15.5,14.1,14.2,15.8,15.9,15.8,14.5,14.6,15.4,15.8,15.1,0.88,-0.12,72,69,8.0,7.59,0.3,-0.7494,0.6621,14.7,16.0,16.0,station
2024-11-12,16.5,15.9,16.0,15.4,16.2,16.4,15.9,15.2,16.2,16.8,16.0,0.41,-0.1,68,24,10.4,10.88,0.0,-0.7379,0.6749,16.5,16.0,16.0,station
2024-11-13,15.2,14.6,15.2,14.8,15.9,16.2,15.5,15.7,14.1,16.1,15.14,0.5,-0.38,66,76,9.9,9.91,0.0,-0.7262,0.6875,14.9,16.0,16.0,station
2024-11-14,14.5,13.6,12.8,12.5,14.0,15.1,13.5,14.4,14.1,12.9,13.48,0.83,-0.52,71,71,8.5,7.36,0.1,-0.7143,0.6998,13.7,14.0,14.0,station
2024-11-15,14.3,13.6,15.2,11.4,11.6,14.1,13.6,15.2,13.6,14.1,13.22,1.67,-0.9,79,66,17.7,6.99,4.4,-0.7021,0.712,14.7,12.0,12.0,station
2024-11-16,12.0,11.8,12.4,12.3,11.8,12.8,11.8,15.4,12.1,14.1,12.06,0.28,-1.18,83,77,11.6,6.31,0.3,-0.6898,0.724,12.8,13.0,13.0,station
2024-11-17,8.3,8.8,10.5,9.5,9.7,8.5,9.5,11.8,9.8,9.2,9.36,0.85,-0.4,84,91,10.2,5.8,0.9,-0.6772,0.7358,12.3,11.0,11.0,station
2024-11-18,13.2,11.0,11.6,11.7,11.4,12.4,10.8,12.0,11.9,11.4,11.78,0.84,0.08,83,65,10.9,8.15,0.1,-0.6645,0.7473,12.8,12.0,12.0,station
2024-11-19,11.6,11.6,12.1,11.3,12.1,11.5,11.2,12.4,11.6,11.6,11.74,0.35,0.08,86,56,8.1,7.7,0.0,-0.6515,0.7586,12.0,13.0,13.0,station
2024-11-20,13.7,13.0,14.0,12.9,12.4,13.6,12.7,14.2,12.6,11.2,13.2,0.64,0.34,73,11,17.2,10.35,0.0,-0.6384,0.7697,13.7,13.0,13.0,station
2024-11-21,15.6,14.6,15.3,14.4,15.1,15.1,14.3,14.5,14.6,14.8,15.0,0.49,0.34,67,61,31.7,8.48,0.9,-0.625,0.7806,16.1,15.0,15.0,station
2024-11-22,16.1,14.9,17.0,15.2,15.9,16.6,14.8,16.3,15.3,13.8,15.82,0.82,0.46,80,53,20.3,8.04,3.9,-0.6115,0.7912,16.7,16.0,16.0,station
2024-11-23,14.7,14.5,15.8,15.7,15.6,14.2,14.3,16.3,14.5,16.6,15.26,0.61,0.08,78,77,26.6,3.93,9.7,-0.5978,0.8016,15.6,17.0,17.0,station
2024-11-24,1.3,1.7,1.5,3.5,1.0,2.0,4.7,1.5,3.3,1.6,1.8,0.98,-0.82,78,80,18.8,7.73,4.7,-0.584,0.8118,1.1,3.0,3.0,station
2024-11-25,-0.2,-0.1,0.1,0.7,0.1,-0.2,1.0,0.8,1.6,0.4,0.12,0.35,-0.6,78,81,13.4,8.58,3.5,-0.5699,0.8217,0.3,1.0,1.0,station
2024-11-26,1.5,0.9,1.6,1.8,2.6,0.9,-0.1,0.7,2.4,2.0,1.68,0.61,0.5,91,77,9.4,5.08,3.3,-0.5557,0.8314,1.4,3.0,3.0,station
2024-11-27,1.9,1.8,0.7,2.9,1.8,0.2,0.1,0.9,1.7,1.7,1.82,0.78,0.9,82,90,8.1,7.29,0.0,-0.5413,0.8408,2.4,3.0,3.0,station
2024-11-28,5.0,3.6,3.3,4.1,6.5,5.0,2.8,2.8,5.1,4.7,4.5,1.29,0.42,86,99,5.2,3.79,0.0,-0.5268,0.85,4.1,4.0,4.0,station
2024-11-29,4.9,4.6,4.5,5.8,4.6,6.4,4.1,4.5,5.5,4.9,4.88,0.54,-0.2,88,85,8.3,6.24,0.0,-0.5121,0.859,4.9,6.0,6.0,station
2024-11-30,6.4,5.5,6.4,6.3,8.1,7.3,5.4,5.9,6.0,7.7,6.54,0.95,0.08,88,50,5.2,6.71,0.0,-0.4972,0.8676,6.8,5.0,5.0,station
2024-12-01,5.7,4.4,7.2,5.0,7.4,7.0,4.2,7.2,5.7,8.3,5.94,1.33,-0.54,87,42,6.0,7.8,0.0,-0.4822,0.8761,6.6,3.0,3.0,station
2024-12-02,6.7,3.6,7.6,5.2,8.5,7.9,4.8,7.8,5.9,9.0,6.32,1.95,-0.76,86,34,5.2,9.17,0.0,-0.4671,0.8842,7.5,3.0,3.0,station
2024-12-03,7.3,4.0,7.6,5.9,6.7,8.4,3.6,7.7,7.0,7.4,6.3,1.44,-0.52,82,82,6.8,8.47,0.9,-0.4518,0.8921,7.7,4.0,4.0,station
2024-12-04,3.7,4.6,4.7,5.1,5.0,4.0,4.1,4.1,4.4,4.7,4.62,0.55,0.36,94,98,5.8,2.6,3.9,-0.4364,0.8998,4.4,3.0,3.0,station
2024-12-05,7.0,5.9,6.1,7.2,8.5,7.2,6.8,6.2,7.6,6.6,6.94,1.04,0.06,88,78,7.5,6.14,0.4,-0.4208,0.9071,8.2,7.0,7.0,station
2024-12-06,7.2,5.6,7.3,5.9,7.8,8.6,6.3,8.5,6.1,7.4,6.76,0.96,-0.62,90,85,7.4,5.96,0.0,-0.4052,0.9142,9.0,6.0,6.0,station
2024-12-07,7.7,5.4,8.2,7.1,8.5,8.6,6.1,8.8,7.4,8.3,7.38,1.23,-0.46,86,89,8.7,7.46,0.3,-0.3894,0.9211,10.0,7.0,7.0,station
2024-12-08,9.9,8.5,10.7,9.6,9.2,10.8,8.5,10.5,9.3,9.2,9.58,0.82,-0.08,82,85,15.9,7.59,2.5,-0.3735,0.9276,11.0,11.0,11.0,station
2024-12-09,12.1,12.8,11.8,11.4,12.3,12.7,12.1,11.6,11.1,13.0,12.08,0.53,-0.02,80,66,13.7,5.83,0.0,-0.3575,0.9339,14.1,14.0,14.0,station
2024-12-10,13.3,13.5,13.4,12.8,12.7,13.1,13.2,13.2,12.1,12.9,13.14,0.36,0.24,83,63,12.7,8.36,0.0,-0.3413,0.9399,13.9,14.0,14.0,station
2024-12-11,10.2,9.2,10.8,10.1,9.7,9.1,9.0,10.2,9.2,10.4,10.0,0.6,0.42,91,78,15.0,4.29,1.9,-0.3251,0.9457,9.8,9.0,9.0,station
2024-12-12,6.3,6.2,7.5,6.6,6.6,6.4,6.3,8.0,6.8,5.7,6.64,0.51,0.0,89,66,16.8,6.45,4.7,-0.3088,0.9511,7.2,8.0,8.0,station
2024-12-13,3.5,3.2,5.2,3.6,3.7,4.2,3.6,4.4,3.7,4.1,3.84,0.78,-0.16,79,92,19.8,4.4,0.4,-0.2924,0.9563,3.9,4.0,4.0,station
2024-12-14,2.7,2.5,2.5,1.9,2.8,2.5,2.6,3.1,1.3,1.7,2.48,0.35,0.24,66,52,10.4,9.28,0.0,-0.2759,0.9612,3.3,3.0,3.0,station
2024-12-15,4.1,3.0,5.5,3.6,5.1,4.2,2.9,6.2,3.6,5.1,4.26,1.04,-0.14,72,92,9.2,4.58,3.3,-0.2593,0.9658,5.5,3.0,3.0,station
2024-12-16,2.2,4.2,2.8,4.7,4.9,2.8,3.7,4.1,5.2,4.8,3.76,1.2,-0.36,94,90,4.9,5.4,7.0,-0.2427,0.9701,2.6,6.0,6.0,station
2024-12-17,1.5,4.2,2.3,3.9,2.3,0.7,3.6,3.0,3.1,1.0,2.84,1.16,0.56,88,49,6.4,8.15,0.0,-0.226,0.9741,4.3,5.0,5.0,station
2024-12-18,6.4,6.7,7.2,6.3,4.9,4.2,6.3,5.3,5.5,4.8,6.3,0.86,1.08,87,25,6.8,8.28,0.0,-0.2092,0.9779,6.7,8.0,8.0,station
2024-12-19,8.1,5.4,8.1,5.0,8.5,8.1,5.6,8.1,5.3,8.1,7.02,1.68,-0.02,85,10,3.7,8.91,0.0,-0.1923,0.9813,8.1,8.0,8.0,station
2024-12-20,7.2,5.0,8.7,3.6,7.5,7.7,5.0,8.6,3.3,8.4,6.4,2.06,-0.2,84,10,5.5,8.87,0.0,-0.1754,0.9845,6.7,0.0,0.0,station
2024-12-21,4.3,3.4,8.9,4.7,3.1,5.0,4.0,9.4,4.5,5.9,4.88,2.34,-0.88,90,84,8.3,2.8,11.0,-0.1585,0.9874,5.6,5.0,5.0,station
2024-12-22,4.2,4.8,6.1,5.6,4.1,4.5,4.8,6.0,6.2,3.6,4.96,0.87,-0.06,91,79,18.1,4.37,4.9,-0.1414,0.9899,5.5,7.0,7.0,station
2024-12-23,7.8,5.9,8.2,6.5,5.7,7.9,5.6,7.4,7.0,5.1,6.82,1.13,0.22,86,68,11.2,8.22,0.0,-0.1244,0.9922,8.8,9.0,9.0,station
2024-12-24,7.6,7.2,9.1,8.1,8.7,7.0,7.4,8.3,8.1,7.3,8.14,0.78,0.52,89,93,16.4,3.69,4.3,-0.1073,0.9942,8.2,10.0,10.0,station
2024-12-25,8.1,9.3,9.7,9.9,9.2,8.3,9.4,8.9,8.4,8.6,9.24,0.7,0.52,76,99,18.7,4.62,0.6,-0.0902,0.9959,10.3,11.0,11.0,station
2024-12-26,9.0,8.5,9.6,9.6,9.4,9.1,8.2,8.9,8.9,9.5,9.22,0.47,0.3,84,83,11.7,5.19,2.9,-0.073,0.9973,8.3,8.0,8.0,station
2024-12-27,4.9,5.1,6.6,6.3,6.1,6.0,4.9,7.7,6.5,7.0,5.8,0.75,-0.62,91,90,10.6,2.71,6.1,-0.0559,0.9984,5.7,5.0,5.0,station
2024-12-28,5.8,4.4,5.7,6.0,5.2,5.0,4.3,6.5,6.2,4.3,5.42,0.64,0.16,80,93,11.4,6.7,0.0,-0.0387,0.9993,6.9,6.0,6.0,station
2024-12-29,5.5,5.7,5.6,5.6,3.4,4.7,4.4,3.9,4.0,3.3,5.16,0.99,1.1,85,95,13.0,4.77,0.0,-0.0215,0.9998,6.0,5.0,5.0,station
2024-12-30,5.7,4.6,5.6,5.0,5.4,5.5,5.4,5.9,5.2,5.4,5.26,0.46,-0.22,79,100,19.6,2.76,0.0,-0.0043,1.0,5.9,5.0,5.0,station
2024-12-31,6.1,6.4,5.5,5.4,6.2,5.9,5.8,5.6,4.9,6.3,5.92,0.44,0.22,79,14,10.7,9.19,0.0,0.0129,0.9999,6.6,,,
2025-01-01,7.8,6.1,7.4,5.2,7.6,7.9,5.9,7.5,5.3,7.4,6.82,1.12,0.02,76,0,4.3,9.36,0.0,0.0172,0.9999,7.0,8.0,8.0,station
2025-01-02,8.4,6.5,8.1,5.6,8.2,8.2,5.2,8.0,5.3,7.8,7.36,1.24,0.46,67,0,5.7,9.54,0.0,0.0344,0.9994,8.7,8.0,8.0,station
2025-01-03,7.3,6.2,7.5,6.3,5.5,7.1,5.8,7.8,6.1,4.9,6.56,0.83,0.22,76,31,14.3,9.0,0.0,0.0516,0.9987,7.0,8.0,8.0,station
2025-01-04,8.0,7.3,5.9,8.3,7.4,5.0,6.9,7.7,6.7,6.4,7.38,0.93,0.84,84,89,22.4,5.32,1.5,0.0688,0.9976,9.5,9.0,9.0,station
2025-01-05,7.0,6.6,6.2,6.5,6.5,3.9,6.0,5.6,6.5,5.8,6.56,0.29,1.0,89,84,12.7,5.34,1.8,0.0859,0.9963,7.6,8.0,8.0,station
2025-01-06,6.1,5.4,6.8,5.4,5.5,5.9,5.4,7.5,5.9,5.5,5.84,0.61,-0.2,87,53,7.1,7.82,0.0,0.103,0.9947,6.7,7.0,7.0,station
2025-01-07,9.4,8.0,10.5,7.1,9.7,9.8,7.4,10.6,7.2,9.3,8.94,1.37,0.08,77,13,5.4,9.5,0.0,0.1201,0.9928,9.2,8.0,8.0,station
2025-01-08,9.3,9.2,11.1,8.5,8.8,9.5,8.7,10.7,8.2,9.4,9.38,1.01,0.08,77,69,7.3,8.74,0.0,0.1372,0.9905,8.9,10.0,10.0,station
2025-01-09,10.4,8.5,11.8,9.7,10.3,10.3,8.8,11.9,9.1,10.4,10.14,1.2,0.04,90,38,4.9,8.73,0.0,0.1542,0.988,10.0,11.0,11.0,station
2025-01-10,10.5,7.8,11.0,7.4,10.0,10.4,6.9,11.4,6.4,9.7,9.34,1.63,0.38,75,36,4.0,9.21,0.0,0.1712,0.9852,10.0,10.0,10.0,station
2025-01-11,8.8,6.9,10.8,7.6,7.4,9.0,7.2,10.9,7.2,7.9,8.3,1.56,-0.14,80,36,8.8,9.15,0.0,0.1881,0.9821,8.7,2.0,2.0,station
2025-01-12,6.2,7.0,9.2,5.5,7.9,5.0,7.5,8.7,6.7,8.2,7.16,1.45,-0.06,87,96,9.8,1.84,4.6,0.205,0.9788,7.3,7.0,7.0,station
2025-01-13,9.4,9.2,11.4,9.0,9.3,9.0,9.2,11.9,9.5,8.8,9.66,0.98,-0.02,87,95,12.1,6.09,0.9,0.2218,0.9751,11.2,10.0,10.0,station
2025-01-14,8.7,7.6,9.9,8.6,8.5,9.4,6.0,10.5,9.3,9.3,8.66,0.82,-0.24,91,99,8.8,4.37,8.9,0.2385,0.9711,8.9,10.0,10.0,station
2025-01-15,6.0,5.6,9.3,7.1,6.7,7.0,4.8,7.1,6.2,7.2,6.94,1.44,0.48,91,91,11.3,5.26,2.0,0.2552,0.9669,9.4,6.0,6.0,station
2025-01-16,5.9,6.8,6.8,7.3,6.8,6.8,6.4,6.4,6.8,6.5,6.72,0.51,0.14,92,100,8.0,4.76,3.7,0.2718,0.9624,6.3,7.0,7.0,station
2025-01-17,6.1,6.0,6.1,5.3,5.0,6.1,5.8,5.6,5.1,4.9,5.7,0.51,0.2,80,24,6.8,10.38,0.0,0.2883,0.9575,6.6,8.0,8.0,station
2025-01-18,9.2,7.7,7.1,6.4,5.1,8.9,6.5,6.4,5.9,4.9,7.1,1.52,0.58,84,32,10.0,9.06,0.0,0.3047,0.9524,6.5,8.0,8.0,station
2025-01-19,9.6,9.3,9.2,9.1,6.8,9.6,8.8,9.4,8.4,5.8,8.8,1.13,0.4,80,27,13.8,10.4,0.0,0.3211,0.9471,8.3,10.0,10.0,station
2025-01-20,6.6,7.7,6.9,6.5,6.9,6.2,8.0,7.3,6.8,6.6,6.92,0.47,-0.06,71,5,6.6,11.01,0.0,0.3373,0.9414,7.7,8.0,8.0,station
2025-01-21,8.9,6.9,8.6,7.4,9.1,8.8,6.6,8.7,6.0,8.5,8.18,0.97,0.46,57,40,5.5,10.34,0.0,0.3534,0.9355,9.2,8.0,8.0,station
2025-01-22,6.7,4.5,8.2,5.5,6.0,8.0,3.6,7.9,4.4,5.3,6.18,1.38,0.34,67,98,4.5,5.99,0.0,0.3695,0.9292,8.3,6.0,6.0,station
2025-01-23,5.0,5.1,7.5,7.1,6.7,3.8,5.0,4.2,6.8,6.3,6.28,1.16,1.06,91,80,8.6,3.7,0.7,0.3854,0.9227,6.4,6.0,6.0,station
2025-01-24,6.4,6.1,8.4,7.5,6.8,6.7,5.8,8.9,7.1,7.5,7.04,0.92,-0.16,87,49,7.5,8.22,0.5,0.4012,0.916,7.1,8.0,8.0,station
2025-01-25,8.1,7.7,9.3,8.2,8.6,9.0,5.9,8.8,8.7,5.3,8.38,0.61,0.84,79,92,8.8,6.45,0.0,0.4169,0.9089,9.5,8.0,8.0,station
2025-01-26,10.8,10.8,10.4,10.3,11.2,10.4,10.3,10.5,10.0,10.8,10.7,0.36,0.3,79,28,6.7,10.41,0.0,0.4325,0.9016,11.7,12.0,12.0,station
2025-01-27,10.8,9.8,10.4,9.7,10.8,10.8,10.3,10.6,8.7,10.7,10.3,0.53,0.08,89,35,6.6,11.02,0.0,0.4479,0.8941,10.3,10.0,10.0,station
2025-01-28,8.5,7.9,10.7,7.0,9.6,10.0,8.5,10.6,8.7,10.4,8.74,1.45,-0.9,86,51,5.1,10.66,0.0,0.4633,0.8862,8.6,11.0,11.0,station
2025-01-29,10.4,10.4,11.5,10.0,10.6,10.3,9.8,11.6,8.6,10.3,10.58,0.56,0.46,65,1,7.9,11.98,0.0,0.4784,0.8781,10.1,12.0,12.0,station
2025-01-30,11.2,10.3,12.3,11.2,11.1,11.1,9.9,12.3,9.8,10.2,11.22,0.71,0.56,63,45,5.6,11.8,0.0,0.4935,0.8698,12.0,12.0,12.0,station
2025-01-31,12.3,11.9,11.7,11.9,11.2,11.7,11.6,11.8,11.6,9.6,11.8,0.4,0.54,55,47,5.7,12.09,0.0,0.5084,0.8611,10.7,14.0,14.0,station
2025-02-01,10.0,10.7,10.9,10.6,10.7,10.3,10.4,10.9,10.5,10.3,10.58,0.34,0.1,73,2,6.0,12.27,0.0,0.5231,0.8523,9.8,12.0,12.0,station
2025-02-02,9.5,9.1,10.2,10.2,10.0,9.7,9.3,10.3,10.1,10.4,9.8,0.48,-0.16,76,41,10.4,12.05,0.0,0.5377,0.8432,9.8,11.0,11.0,station
2025-02-03,9.4,10.3,10.2,10.2,9.8,9.8,9.6,10.2,10.1,8.5,9.98,0.38,0.34,77,11,11.2,12.49,0.0,0.5521,0.8338,9.1,11.0,11.0,station
2025-02-04,6.2,5.0,6.2,5.6,5.8,4.4,4.8,7.3,6.4,5.3,5.76,0.5,0.12,73,84,18.1,6.96,0.0,0.5664,0.8242,6.4,6.0,6.0,station
2025-02-05,1.7,1.0,1.6,1.3,1.5,1.0,0.9,2.1,1.0,1.5,1.42,0.28,0.12,59,91,17.2,8.58,0.0,0.5805,0.8143,2.2,2.0,2.0,station
2025-02-06,1.5,0.4,0.5,0.5,0.8,1.4,0.2,0.9,0.4,-0.0,0.74,0.45,0.16,59,36,20.4,11.93,0.7,0.5944,0.8042,1.6,2.0,2.0,station
2025-02-07,2.0,1.4,2.6,2.9,2.5,2.7,0.9,2.1,3.3,2.2,2.28,0.59,0.04,63,67,22.3,10.13,0.2,0.6081,0.7938,2.6,4.0,4.0,station
2025-02-08,3.9,3.1,3.3,3.0,4.3,3.2,2.5,3.6,2.8,4.1,3.52,0.56,0.28,65,57,14.1,11.17,0.0,0.6217,0.7833,3.9,3.0,3.0,station
2025-02-09,2.0,2.1,2.2,2.4,2.6,2.2,1.9,1.9,2.0,2.7,2.26,0.24,0.12,65,94,10.8,6.03,0.0,0.6351,0.7725,2.2,3.0,3.0,station
2025-02-10,2.2,2.2,1.6,2.3,2.7,2.0,1.9,1.4,1.6,2.5,2.2,0.39,0.32,60,97,10.6,7.63,0.3,0.6483,0.7614,2.6,3.0,3.0,station
2025-02-11,0.2,1.4,1.9,1.5,2.0,1.2,1.4,1.8,1.5,2.6,1.4,0.72,-0.3,71,80,11.0,5.41,2.3,0.6613,0.7502,1.4,2.0,2.0,station
2025-02-12,0.8,1.9,2.6,2.0,2.8,1.8,1.8,2.7,1.8,1.8,2.02,0.78,0.04,70,79,7.1,5.23,0.5,0.6741,0.7387,1.9,3.0,3.0,station
2025-02-13,4.1,3.5,3.7,4.1,4.0,3.8,3.5,3.8,3.7,4.0,3.88,0.27,0.12,70,73,14.9,6.81,0.9,0.6867,0.727,3.9,5.0,5.0,station
2025-02-14,5.8,4.9,5.7,5.0,5.3,5.6,5.0,5.3,5.0,4.9,5.34,0.4,0.18,63,13,10.8,14.36,0.0,0.6991,0.715,5.7,7.0,7.0,station
2025-02-15,9.0,7.4,8.7,7.9,9.3,7.4,7.2,8.0,8.0,9.3,8.46,0.79,0.48,67,62,16.4,12.12,0.1,0.7113,0.7029,9.6,9.0,9.0,station
2025-02-16,9.8,9.8,9.8,10.2,10.7,9.8,8.6,8.8,9.7,10.3,10.06,0.4,0.62,72,52,13.8,13.89,1.5,0.7233,0.6906,10.0,12.0,12.0,station
2025-02-17,10.1,9.6,11.8,10.8,11.0,9.9,9.7,11.7,10.5,10.6,10.66,0.85,0.18,73,82,20.1,10.27,0.9,0.735,0.678,10.9,12.0,12.0,station
2025-02-18,4.2,4.9,6.4,7.1,5.7,6.7,4.8,7.1,6.8,5.1,5.66,1.15,-0.44,92,100,9.4,3.98,9.6,0.7466,0.6653,5.9,5.0,5.0,station
2025-02-19,1.8,2.2,3.2,3.2,1.6,4.1,2.0,3.4,4.3,2.8,2.4,0.76,-0.92,88,99,16.6,7.01,4.6,0.7579,0.6523,2.9,3.0,3.0,station
2025-02-20,-2.5,-1.3,-2.0,-1.4,-2.3,-2.3,-0.7,-1.2,-1.4,-2.5,-1.9,0.53,-0.28,66,67,17.8,9.03,0.2,0.769,0.6392,-1.5,-2.0,-2.0,station
2025-02-21,-1.9,-2.0,-3.4,-2.4,-2.9,-2.4,-2.0,-3.9,-2.7,-3.1,-2.52,0.63,0.3,54,26,18.1,13.7,0.5,0.7799,0.6259,-1.7,-2.0,-2.0,station
2025-02-22,-2.5,-4.2,-4.1,-3.6,-3.4,-2.6,-3.5,-3.8,-3.3,-3.9,-3.56,0.68,-0.14,50,39,17.1,14.69,0.4,0.7906,0.6124,-2.3,-2.0,-2.0,station
2025-02-23,-2.5,-3.6,-3.7,-4.5,-3.9,-2.3,-3.1,-3.6,-3.6,-3.9,-3.64,0.73,-0.34,52,21,12.4,15.06,0.1,0.801,0.5987,-2.4,-3.0,-3.0,station
2025-02-24,-0.6,-1.5,-2.7,-1.8,-1.2,-0.6,-1.2,-2.2,-2.2,-1.8,-1.56,0.78,0.04,52,10,4.9,15.94,0.0,0.8112,0.5848,-0.1,-1.0,-1.0,station
2025-02-25,3.1,1.6,1.4,1.5,1.1,3.6,2.0,1.6,1.3,0.8,1.74,0.78,-0.12,41,9,12.2,17.2,0.0,0.8211,0.5708,2.9,3.0,3.0,station
2025-02-26,5.0,5.5,3.8,4.1,4.1,5.4,5.1,4.0,4.4,4.2,4.5,0.72,-0.12,58,43,14.0,15.35,0.0,0.8308,0.5566,5.6,6.0,6.0,station
2025-02-27,8.0,8.0,6.3,6.9,8.3,7.9,8.2,6.4,6.6,7.7,7.5,0.86,0.14,60,37,11.2,16.43,0.0,0.8402,0.5422,8.0,8.0,8.0,station
2025-02-28,6.6,7.6,6.3,8.1,9.2,9.2,7.4,6.1,8.2,10.2,7.56,1.17,-0.66,70,71,11.3,13.43,1.9,0.8495,0.5277,9.7,9.0,9.0,station
2025-03-01,9.2,8.5,7.8,9.3,9.8,8.9,8.6,7.7,9.5,10.0,8.92,0.78,-0.02,70,27,6.6,16.93,0.0,0.8584,0.513,9.8,11.0,11.0,station
2025-03-02,10.5,10.7,9.9,10.3,11.3,10.9,10.0,9.8,10.4,11.5,10.54,0.52,0.02,68,80,13.3,16.65,0.0,0.8671,0.4981,10.7,13.0,13.0,station
2025-03-03,7.1,5.4,7.0,7.0,7.5,7.4,4.7,6.9,7.1,7.5,6.8,0.81,0.08,68,93,16.8,11.3,0.2,0.8755,0.4831,7.9,8.0,8.0,station
2025-03-04,6.3,6.8,5.8,6.6,6.8,6.3,6.9,6.2,6.5,6.5,6.46,0.42,-0.02,62,34,17.1,17.54,0.0,0.8837,0.468,6.8,8.0,8.0,station
2025-03-05,12.6,12.6,11.2,13.0,13.6,11.9,11.8,11.2,12.2,12.1,12.6,0.88,0.76,59,7,11.8,18.19,0.0,0.8916,0.4527,13.4,15.0,15.0,station
2025-03-06,16.0,16.9,14.9,16.6,17.1,15.8,16.2,14.2,15.6,16.7,16.3,0.89,0.6,47,31,11.3,17.35,0.0,0.8993,0.4373,16.7,19.0,19.0,station
2025-03-07,15.2,16.2,14.4,16.2,16.3,15.5,16.4,14.1,15.6,15.8,15.66,0.84,0.18,51,1,16.9,18.09,0.0,0.9067,0.4218,15.1,17.0,17.0,station
2025-03-08,15.1,15.9,14.6,16.6,17.4,15.1,16.2,15.6,16.5,17.2,15.92,1.13,-0.2,62,30,7.0,17.74,0.0,0.9138,0.4061,15.8,18.0,18.0,station
2025-03-09,16.7,16.7,15.8,17.5,18.8,16.5,16.5,15.5,17.2,18.3,17.1,1.12,0.3,50,69,9.5,18.45,0.0,0.9207,0.3904,17.6,19.0,19.0,station
2025-03-10,17.6,17.6,17.2,18.4,18.5,17.8,17.2,16.8,18.5,18.6,17.86,0.56,0.08,51,4,13.9,18.64,0.0,0.9272,0.3745,18.3,19.0,19.0,station
2025-03-11,19.4,19.6,19.1,19.7,20.4,18.8,19.0,18.9,19.4,20.1,19.64,0.48,0.4,43,27,14.9,18.84,0.0,0.9335,0.3585,20.6,21.0,21.0,station
2025-03-12,20.0,20.2,19.3,20.9,21.1,19.9,20.3,19.6,20.6,20.6,20.3,0.72,0.1,34,45,14.2,18.73,0.0,0.9396,0.3424,20.5,21.0,21.0,station
2025-03-13,21.0,21.2,19.8,21.4,21.3,20.7,21.0,19.5,21.3,21.5,20.94,0.65,0.14,28,49,18.0,19.24,0.0,0.9453,0.3261,21.9,22.0,22.0,station
2025-03-14,21.5,22.6,20.9,22.2,22.2,21.5,22.0,20.5,22.3,21.4,21.88,0.68,0.34,34,25,11.7,19.13,0.3,0.9508,0.3098,22.8,23.0,23.0,station
2025-03-15,24.0,24.2,22.9,24.1,24.5,23.9,24.1,22.5,24.6,23.9,23.94,0.61,0.14,35,43,14.2,19.45,0.0,0.956,0.2934,24.4,24.0,24.0,station
2025-03-16,25.5,25.1,24.3,24.8,24.5,25.7,25.3,24.6,25.1,25.4,24.84,0.48,-0.38,34,70,17.5,18.41,0.0,0.9609,0.2769,25.4,26.0,26.0,station
2025-03-17,21.9,21.5,20.8,22.2,20.8,21.8,21.2,20.2,22.9,22.1,21.44,0.63,-0.2,31,95,30.5,17.1,0.0,0.9655,0.2604,22.9,22.0,22.0,station
2025-03-18,12.3,12.8,12.8,11.6,14.5,12.4,12.8,13.2,12.7,12.0,12.8,1.07,0.18,56,50,19.1,19.12,1.9,0.9698,0.2437,14.1,13.0,13.0,station
2025-03-19,2.7,2.6,4.0,3.9,2.0,1.7,0.9,3.9,3.8,1.4,3.04,0.87,0.7,62,100,28.1,12.0,3.5,0.9739,0.227,3.4,4.0,4.0,station
2025-03-20,2.1,2.3,2.5,2.1,1.7,1.7,2.2,4.2,3.2,2.7,2.14,0.3,-0.66,51,91,24.8,9.35,0.0,0.9777,0.2102,2.5,4.0,4.0,station
2025-03-21,5.1,4.2,6.0,6.0,4.7,5.6,5.1,5.8,6.7,5.0,5.2,0.8,-0.44,56,71,14.9,14.58,0.0,0.9811,0.1934,5.5,4.0,4.0,station
2025-03-22,9.8,8.2,8.6,9.4,9.7,9.4,8.4,9.1,8.6,9.1,9.14,0.71,0.22,57,22,8.2,19.27,0.0,0.9843,0.1765,10.2,10.0,10.0,station
2025-03-23,14.4,13.7,13.2,13.7,13.5,14.5,13.3,13.6,13.9,13.7,13.7,0.44,-0.1,42,51,12.9,20.82,0.0,0.9872,0.1595,14.2,14.0,14.0,station
2025-03-24,16.1,13.8,16.1,16.4,17.1,18.6,15.0,16.5,15.1,13.7,15.9,1.24,0.12,49,100,13.8,8.91,0.0,0.9898,0.1425,14.8,15.0,15.0,station
2025-03-25,19.9,19.2,20.4,19.7,20.7,21.6,19.8,19.7,19.4,22.0,19.98,0.59,-0.52,57,94,15.1,12.94,0.2,0.9921,0.1255,20.5,21.0,21.0,station
2025-03-26,20.9,19.7,20.1,19.5,19.9,19.6,18.5,21.0,19.6,20.3,20.02,0.54,0.22,42,99,12.5,11.43,0.0,0.9941,0.1084,20.3,19.0,19.0,station
2025-03-27,23.2,22.2,22.7,23.1,22.9,23.6,22.6,22.2,23.0,23.0,22.82,0.4,-0.06,44,80,15.9,20.42,0.0,0.9958,0.0913,22.9,23.0,23.0,station
2025-03-28,23.3,23.1,22.9,23.3,23.2,22.6,22.3,23.0,22.3,23.1,23.16,0.17,0.5,39,97,21.7,18.24,0.0,0.9972,0.0741,24.4,24.0,24.0,station
2025-03-29,18.8,19.7,18.9,19.0,19.8,18.9,19.3,19.3,19.3,19.6,19.24,0.47,-0.04,38,34,21.0,21.01,0.4,0.9984,0.057,19.5,22.0,22.0,station
2025-03-30,17.7,17.4,17.4,18.5,18.6,17.7,17.0,17.5,18.0,16.5,17.92,0.59,0.58,52,42,13.2,21.36,0.4,0.9992,0.0398,17.8,18.0,18.0,station
2025-03-31,17.0,15.5,15.5,16.5,17.0,17.2,14.9,16.1,16.2,16.1,16.3,0.76,0.2,66,57,20.6,19.44,1.7,0.9997,0.0226,17.0,16.0,16.0,station
2025-04-01,16.9,17.2,17.2,18.4,16.7,18.8,17.3,14.8,19.0,17.7,17.28,0.66,-0.24,63,100,15.5,9.55,3.2,1.0,0.0054,17.7,16.0,16.0,station
2025-04-02,17.0,14.5,14.4,13.9,15.0,16.2,14.5,13.8,13.5,15.9,14.96,1.21,0.18,81,74,14.9,14.21,5.6,0.9999,-0.0118,13.7,13.0,13.0,station
2025-04-03,13.7,12.1,12.5,12.9,13.6,15.0,12.5,12.2,13.5,14.9,12.96,0.69,-0.66,75,85,11.9,16.19,1.7,0.9996,-0.029,14.2,14.0,14.0,station
2025-04-04,12.1,10.7,13.3,11.4,9.9,12.2,10.0,12.6,11.4,13.9,11.48,1.3,-0.54,81,95,9.4,9.75,5.1,0.9989,-0.0462,12.5,13.0,13.0,station
2025-04-05,11.9,11.2,13.8,10.8,12.2,11.8,11.5,13.9,11.2,13.6,11.98,1.16,-0.42,83,81,15.0,13.98,2.3,0.998,-0.0634,11.8,13.0,13.0,station
2025-04-06,13.2,12.7,12.8,11.8,12.1,13.3,13.2,13.0,12.0,12.5,12.52,0.56,-0.28,75,50,21.2,14.73,1.4,0.9968,-0.0805,13.6,15.0,15.0,station
2025-04-07,14.8,15.2,15.4,14.9,13.6,14.9,14.9,15.4,14.6,13.7,14.78,0.7,0.08,62,31,29.2,20.23,0.1,0.9952,-0.0977,15.1,15.0,15.0,station
2025-04-08,7.4,8.7,8.8,8.2,9.3,8.5,8.6,10.3,8.2,11.5,8.48,0.72,-0.94,87,100,12.6,5.09,10.5,0.9934,-0.1148,9.7,9.0,9.0,station
2025-04-09,7.4,6.2,4.9,6.2,7.0,5.8,5.6,6.2,7.3,5.7,6.34,0.96,0.22,83,100,14.6,5.0,5.4,0.9913,-0.1319,5.9,7.0,7.0,station
2025-04-10,6.3,6.6,7.0,6.1,6.2,7.3,6.8,8.1,7.0,6.3,6.44,0.36,-0.66,57,58,14.0,21.15,0.4,0.9889,-0.1489,6.8,7.0,7.0,station
2025-04-11,1.1,1.5,2.3,0.7,1.3,1.7,1.3,2.0,1.0,1.6,1.38,0.59,-0.14,67,63,20.2,17.5,6.8,0.9861,-0.1659,2.1,3.0,3.0,station
2025-04-12,4.3,2.9,6.5,5.1,5.7,4.9,4.4,5.9,4.6,5.5,4.9,1.38,-0.16,75,94,20.4,11.42,1.9,0.9831,-0.1828,4.1,4.0,4.0,station
2025-04-13,6.1,6.6,7.0,6.3,6.7,7.5,5.3,7.3,7.3,6.0,6.54,0.35,-0.14,68,55,15.6,19.7,0.6,0.9799,-0.1997,6.9,8.0,8.0,station
2025-04-14,8.1,8.3,9.3,8.8,9.3,7.6,8.3,8.6,8.7,9.2,8.76,0.55,0.28,65,14,16.0,23.87,0.3,0.9763,-0.2165,9.0,10.0,10.0,station
2025-04-15,15.6,15.9,16.0,15.8,16.0,15.8,15.7,16.7,15.3,16.3,15.86,0.17,-0.1,63,2,15.5,25.29,0.0,0.9724,-0.2333,15.9,18.0,18.0,station
2025-04-16,19.2,20.0,19.7,20.4,21.4,19.5,18.9,19.4,18.1,21.1,20.14,0.83,0.74,64,7,18.3,24.54,0.0,0.9683,-0.25,19.7,21.0,21.0,station
2025-04-17,20.7,22.5,21.5,21.9,22.8,20.4,22.1,21.5,21.3,23.7,21.88,0.83,0.08,64,1,6.1,25.08,0.0,0.9638,-0.2666,21.7,23.0,23.0,station
2025-04-18,22.2,24.4,22.9,23.8,24.3,22.0,24.1,22.7,23.3,23.9,23.52,0.95,0.32,55,23,10.6,25.14,0.0,0.9591,-0.2831,23.0,25.0,25.0,station
2025-04-19,18.8,18.7,19.3,21.4,20.3,18.1,20.0,20.7,19.9,21.4,19.7,1.14,-0.32,59,65,14.5,17.22,3.7,0.9541,-0.2996,19.6,20.0,20.0,station
2025-04-20,17.4,18.2,18.7,18.2,18.8,17.8,18.3,17.9,19.2,18.6,18.26,0.55,-0.1,72,42,16.2,21.35,0.3,0.9488,-0.316,18.1,18.0,18.0,station
2025-04-21,19.7,21.1,19.7,20.4,21.2,19.6,21.2,20.1,20.5,20.9,20.42,0.73,-0.04,64,6,6.2,24.44,0.0,0.9432,-0.3322,20.0,22.0,22.0,station
2025-04-22,21.3,21.9,22.3,22.1,22.9,20.6,22.0,22.5,22.4,22.7,22.1,0.58,0.06,60,85,12.6,22.5,0.4,0.9373,-0.3484,22.8,23.0,23.0,station
2025-04-23,19.7,18.3,19.0,20.2,20.7,17.8,18.4,19.8,19.6,19.2,19.58,0.95,0.62,67,64,17.7,21.9,2.7,0.9312,-0.3645,21.0,23.0,23.0,station
2025-04-24,18.4,17.8,20.7,19.1,20.0,17.8,18.4,20.2,18.6,19.1,19.2,1.17,0.38,78,60,11.2,19.45,14.4,0.9248,-0.3804,20.4,21.0,21.0,station
2025-04-25,13.0,11.6,11.1,12.7,11.5,13.7,12.2,11.1,16.8,12.3,11.98,0.82,-1.24,81,76,20.0,10.72,11.2,0.9181,-0.3963,12.4,13.0,13.0,station
2025-04-26,16.4,16.0,16.7,16.0,15.7,15.8,16.7,16.9,16.8,15.4,16.16,0.39,-0.16,71,50,11.5,22.97,0.1,0.9112,-0.412,16.3,17.0,17.0,station
2025-04-27,17.1,15.8,18.6,17.4,16.0,17.6,15.8,17.7,17.3,16.4,16.98,1.14,0.02,75,25,23.3,22.34,4.2,0.9039,-0.4276,17.8,18.0,18.0,station
2025-04-28,13.6,14.9,13.8,14.0,12.7,13.8,14.6,14.3,14.0,13.1,13.8,0.79,-0.16,68,77,22.5,23.09,0.0,0.8965,-0.4431,13.6,15.0,15.0,station
2025-04-29,15.1,16.8,14.7,14.8,14.8,15.6,17.0,14.4,15.4,14.3,15.24,0.88,-0.1,54,50,19.8,27.13,0.0,0.8887,-0.4585,15.3,16.0,16.0,station
2025-04-30,17.2,18.6,17.3,17.4,17.7,16.7,18.3,16.7,17.4,17.5,17.64,0.57,0.32,57,66,19.0,24.83,0.0,0.8807,-0.4737,17.6,19.0,19.0,station
2025-05-01,16.3,15.5,19.9,19.0,17.3,16.1,14.9,17.8,19.3,18.3,17.6,1.83,0.32,74,68,19.4,21.36,10.7,0.8724,-0.4888,19.7,19.0,19.0,station
2025-05-02,16.4,15.3,17.9,16.2,16.7,15.4,14.5,18.0,15.8,16.0,16.5,0.94,0.56,80,45,25.3,19.78,6.6,0.8639,-0.5037,16.9,18.0,18.0,station
2025-05-03,16.1,15.9,16.2,15.6,15.3,15.6,15.4,14.7,16.0,16.0,15.82,0.37,0.28,75,69,13.6,22.65,0.6,0.8551,-0.5185,15.3,17.0,17.0,station
2025-05-04,17.6,18.5,18.7,19.3,18.5,17.8,18.7,17.7,19.1,18.5,18.52,0.61,0.16,66,9,10.4,25.29,0.1,0.846,-0.5331,17.5,19.0,19.0,station
2025-05-05,19.8,21.5,20.0,20.6,20.9,19.1,21.2,19.9,20.6,20.0,20.56,0.69,0.4,53,0,9.9,28.61,0.0,0.8367,-0.5476,19.3,21.0,21.0,station
2025-05-06,21.6,21.8,22.2,22.5,24.2,21.7,22.1,22.0,21.4,24.3,22.46,1.03,0.16,57,52,14.1,24.98,0.1,0.8272,-0.5619,22.2,23.0,23.0,station
2025-05-07,21.9,23.6,24.0,24.0,25.3,23.0,23.0,23.5,23.9,25.8,23.76,1.22,-0.08,65,44,20.4,23.79,0.9,0.8174,-0.5761,23.7,24.0,24.0,station
2025-05-08,23.3,23.5,24.0,23.9,23.3,23.5,24.0,24.9,24.1,24.8,23.6,0.33,-0.66,59,48,21.2,23.45,0.2,0.8074,-0.59,23.1,24.0,24.0,station
2025-05-09,22.2,24.7,24.2,24.3,25.0,24.1,24.3,24.0,24.7,25.1,24.08,1.1,-0.36,53,35,26.2,24.38,0.1,0.7971,-0.6038,24.2,25.0,25.0,station
2025-05-10,23.7,22.5,23.9,24.9,26.5,23.0,22.2,24.6,23.7,24.4,24.3,1.5,0.72,56,79,26.0,22.67,1.1,0.7866,-0.6175,25.8,25.0,25.0,station
2025-05-11,19.0,20.1,19.6,18.3,21.9,17.7,19.3,18.6,19.0,20.7,19.78,1.36,0.72,72,57,14.3,24.05,6.0,0.7759,-0.6309,20.6,22.0,22.0,station
2025-05-12,19.4,19.8,19.5,19.5,20.0,19.3,18.2,19.6,18.9,20.0,19.64,0.25,0.44,69,46,17.9,26.32,0.0,0.7649,-0.6442,19.5,21.0,21.0,station
2025-05-13,17.1,17.0,17.2,18.9,19.1,17.2,15.6,18.3,17.1,14.1,17.86,1.05,1.4,62,27,18.2,25.94,0.1,0.7537,-0.6572,17.2,17.0,17.0,station
2025-05-14,13.5,11.7,14.5,15.1,14.8,13.2,11.3,14.7,15.7,15.8,13.92,1.38,-0.22,73,40,14.3,18.08,6.3,0.7423,-0.6701,13.4,15.0,15.0,station
2025-05-15,16.2,17.5,16.5,16.9,17.2,16.3,17.4,17.0,17.0,17.4,16.86,0.52,-0.16,60,0,7.0,29.59,0.0,0.7306,-0.6828,17.1,18.0,18.0,station
2025-05-16,21.3,20.0,22.6,21.8,21.7,18.6,18.0,22.4,20.2,20.4,21.48,0.95,1.56,55,47,17.8,23.53,0.3,0.7188,-0.6952,23.0,23.0,23.0,station
2025-05-17,24.0,26.0,23.8,25.2,25.7,24.5,25.0,25.4,24.4,25.8,24.94,0.99,-0.08,41,68,24.3,28.07,0.0,0.7067,-0.7075,25.5,25.0,25.0,station
2025-05-18,20.3,19.5,21.1,20.7,21.8,20.2,19.9,21.4,20.6,21.8,20.68,0.86,-0.1,67,21,28.3,25.63,6.8,0.6945,-0.7195,21.2,21.0,21.0,station
2025-05-19,19.1,20.5,19.5,20.0,20.1,19.5,20.8,20.0,20.2,20.3,19.84,0.55,-0.32,46,0,6.7,30.38,0.0,0.682,-0.7314,19.9,21.0,21.0,station
2025-05-20,19.4,20.3,20.1,20.3,22.4,20.4,20.9,20.6,20.6,21.5,20.5,1.12,-0.3,44,9,20.1,28.2,0.0,0.6693,-0.743,20.4,21.0,21.0,station
2025-05-21,21.0,21.8,21.1,21.8,22.7,20.8,21.8,21.4,21.7,22.7,21.68,0.68,0.0,48,2,6.3,30.0,0.0,0.6564,-0.7544,21.1,22.0,22.0,station
2025-05-22,25.0,25.7,24.5,25.9,25.9,25.4,25.7,24.9,26.0,25.9,25.4,0.62,-0.18,47,54,9.8,29.04,0.0,0.6433,-0.7656,25.0,26.0,26.0,station
2025-05-23,26.7,27.4,27.4,28.2,28.5,27.4,27.4,27.4,28.4,27.9,27.64,0.72,-0.06,47,11,13.0,28.13,0.0,0.6301,-0.7765,27.7,29.0,29.0,station
2025-05-24,26.0,27.6,26.4,28.1,28.2,26.9,27.3,26.5,27.6,28.7,27.26,1.0,-0.14,52,56,10.3,25.87,0.0,0.6166,-0.7873,26.0,27.0,27.0,station
2025-05-25,29.3,29.8,29.6,30.5,30.6,29.6,29.6,29.5,30.7,30.9,29.96,0.57,-0.1,46,48,9.9,28.25,0.0,0.603,-0.7978,30.1,31.0,31.0,station
2025-05-26,27.6,24.6,27.4,25.6,24.8,27.1,24.1,27.6,27.5,26.4,26.0,1.42,-0.54,46,89,22.7,18.7,1.5,0.5892,-0.808,27.0,28.0,28.0,station
2025-05-27,21.8,22.7,21.2,22.2,21.4,21.5,22.2,21.1,21.9,20.4,21.86,0.61,0.44,64,37,17.3,25.12,0.2,0.5752,-0.818,22.1,22.0,22.0,station
2025-05-28,22.1,22.0,21.7,22.6,22.4,22.3,22.4,22.2,22.6,22.4,22.16,0.35,-0.22,59,33,11.8,27.73,0.0,0.561,-0.8278,21.1,22.0,22.0,station
2025-05-29,20.4,18.0,21.7,21.2,20.9,20.3,18.4,21.4,22.6,20.6,20.44,1.44,-0.22,65,50,12.2,24.01,0.5,0.5467,-0.8373,21.8,20.0,20.0,station
2025-05-30,17.7,15.9,19.0,17.9,20.4,17.3,16.2,18.4,19.0,20.7,18.18,1.67,-0.14,77,78,13.8,13.82,11.0,0.5322,-0.8466,17.4,18.0,18.0,station
2025-05-31,18.0,17.5,20.3,20.2,20.3,20.0,17.1,20.9,20.5,19.5,19.26,1.39,-0.34,70,75,13.9,17.12,2.1,0.5176,-0.8556,19.1,20.0,20.0,station
2025-06-01,18.2,17.1,21.0,17.9,19.4,17.2,17.3,20.3,17.0,18.0,18.72,1.52,0.76,74,71,13.6,21.88,4.7,0.5028,-0.8644,20.2,19.0,19.0,station
2025-06-02,17.5,18.4,19.7,19.7,18.7,18.8,18.0,20.3,21.3,19.0,18.8,0.93,-0.68,79,52,13.7,20.87,7.2,0.4878,-0.8729,19.0,20.0,20.0,station
2025-06-03,22.3,22.9,20.8,23.0,22.0,22.7,22.9,22.2,23.5,22.4,22.2,0.89,-0.54,63,27,14.3,27.17,0.0,0.4728,-0.8812,22.4,23.0,23.0,station
2025-06-04,24.8,25.8,25.1,25.8,26.8,24.7,25.8,24.6,25.7,24.8,25.66,0.77,0.54,60,7,14.4,28.88,0.0,0.4575,-0.8892,25.2,26.0,26.0,station
2025-06-05,25.4,27.1,25.5,27.2,28.2,25.3,27.0,25.6,27.7,27.9,26.68,1.2,-0.02,57,2,10.3,29.96,0.0,0.4422,-0.8969,27.0,28.0,28.0,station
2025-06-06,28.1,28.8,27.7,29.0,30.8,27.3,28.6,27.3,28.7,30.3,28.88,1.19,0.44,48,12,13.8,29.08,0.0,0.4267,-0.9044,29.2,30.0,30.0,station
2025-06-07,29.1,29.4,28.0,29.4,29.1,28.4,29.2,27.8,29.4,29.9,29.0,0.58,0.06,34,2,14.1,30.93,0.0,0.4111,-0.9116,29.7,29.0,29.0,station
2025-06-08,30.1,30.9,28.5,30.6,30.8,30.0,30.8,28.8,30.9,30.4,30.18,0.99,0.0,27,0,13.3,31.44,0.0,0.3953,-0.9185,30.2,30.0,30.0,station
2025-06-09,30.6,31.6,29.1,31.6,31.9,30.7,31.7,29.1,31.7,32.1,30.96,1.15,-0.1,32,0,15.9,31.24,0.0,0.3795,-0.9252,31.3,32.0,32.0,station
2025-06-10,28.6,29.5,28.3,30.2,31.0,29.0,29.5,28.0,30.2,30.3,29.52,1.12,0.12,44,11,22.7,29.92,0.0,0.3635,-0.9316,30.0,30.0,30.0,station
2025-06-11,29.3,29.6,26.9,29.4,29.6,29.6,29.5,27.1,29.5,29.9,28.96,1.16,-0.16,42,4,14.0,30.61,0.0,0.3474,-0.9377,29.1,29.0,29.0,station
2025-06-12,30.2,30.4,29.3,30.7,31.0,30.2,30.2,29.5,31.0,31.0,30.32,0.65,-0.06,47,14,19.7,28.27,0.0,0.3312,-0.9436,30.3,32.0,32.0,station
2025-06-13,30.0,29.3,29.5,30.9,28.5,29.8,29.5,29.5,30.8,27.6,29.64,0.89,0.2,51,8,23.0,28.29,0.0,0.3149,-0.9491,30.9,31.0,31.0,station
2025-06-14,24.6,24.3,23.9,25.1,25.7,26.0,25.0,24.6,25.9,25.8,24.72,0.7,-0.74,43,26,24.2,27.17,0.0,0.2986,-0.9544,27.7,25.0,25.0,station
2025-06-15,24.2,22.8,22.4,23.3,23.1,23.3,22.3,22.6,23.0,22.8,23.16,0.67,0.36,45,18,18.5,28.18,0.0,0.2821,-0.9594,25.9,22.0,22.0,station
2025-06-16,21.9,22.4,22.0,22.8,23.5,22.7,22.5,21.5,22.7,23.5,22.52,0.65,-0.06,50,33,14.7,19.72,0.0,0.2656,-0.9641,22.6,22.0,22.0,station
2025-06-17,23.4,24.2,23.6,24.6,24.7,23.3,24.0,23.6,24.5,25.8,24.1,0.58,-0.14,48,23,18.0,26.13,0.0,0.2489,-0.9685,24.0,25.0,25.0,station
2025-06-18,27.2,27.5,25.9,27.7,27.6,27.3,27.3,26.1,28.2,27.0,27.18,0.74,0.0,46,4,19.3,30.12,0.0,0.2322,-0.9727,27.9,28.0,28.0,station
2025-06-19,29.2,29.7,27.8,29.7,30.2,29.2,29.6,28.3,29.5,29.7,29.32,0.92,0.06,41,1,14.7,30.78,0.0,0.2155,-0.9765,29.5,30.0,30.0,station
2025-06-20,31.3,31.3,29.4,31.2,31.0,31.4,31.1,30.0,31.2,31.0,30.84,0.81,-0.1,36,2,22.1,30.66,0.0,0.1986,-0.9801,31.3,31.0,31.0,station
2025-06-21,25.1,23.9,24.2,25.8,26.4,25.9,23.9,24.9,25.7,26.6,25.08,1.05,-0.32,45,20,21.1,26.82,3.1,0.1818,-0.9833,26.3,25.0,25.0,station
2025-06-22,24.5,23.4,23.3,24.0,24.8,22.9,22.8,23.2,23.9,24.1,24.0,0.66,0.62,46,3,20.8,30.57,0.0,0.1648,-0.9863,24.7,24.0,24.0,station
2025-06-23,26.0,26.7,25.4,26.9,27.9,26.4,26.5,25.3,27.2,27.5,26.58,0.95,0.0,46,0,21.8,31.23,0.0,0.1478,-0.989,26.7,27.0,27.0,station
2025-06-24,29.2,29.0,27.0,29.7,30.0,29.1,28.9,27.0,29.1,29.6,28.98,1.18,0.24,35,0,10.9,31.38,0.0,0.1308,-0.9914,29.7,30.0,30.0,station
2025-06-25,32.2,31.7,30.6,32.0,32.1,31.9,31.6,30.3,32.2,32.2,31.72,0.65,0.08,28,0,19.2,31.1,0.0,0.1137,-0.9935,31.7,33.0,33.0,station
2025-06-26,33.1,33.0,31.5,32.9,33.7,33.3,33.2,31.2,33.1,33.1,32.84,0.81,0.06,28,0,19.9,30.84,0.0,0.0966,-0.9953,33.2,33.0,33.0,station
2025-06-27,31.5,31.8,30.4,31.6,31.8,31.7,31.9,30.7,31.8,32.1,31.42,0.58,-0.22,29,0,20.9,30.79,0.0,0.0795,-0.9968,32.0,32.0,32.0,station
2025-06-28,32.0,31.3,30.3,32.7,32.5,32.1,31.7,31.1,32.5,31.9,31.76,0.98,-0.1,33,1,23.9,30.84,0.0,0.0623,-0.9981,32.3,32.0,32.0,station
2025-06-29,23.6,19.9,22.3,22.2,23.1,24.2,20.3,23.4,22.2,24.4,22.22,1.42,-0.68,45,44,20.2,20.4,0.5,0.0451,-0.999,25.2,22.0,22.0,station
2025-06-30,24.9,23.7,24.4,23.6,26.8,26.3,24.3,24.0,24.3,26.8,24.68,1.3,-0.46,58,22,20.0,25.19,0.0,0.028,-0.9996,25.6,24.0,24.0,station
2025-07-01,26.4,26.6,25.7,26.7,27.6,27.5,26.3,26.9,26.9,27.9,26.6,0.68,-0.5,53,16,20.2,25.74,0.0,0.0108,-0.9999,28.3,28.0,28.0,station
2025-07-02,23.9,24.0,23.6,23.7,25.6,24.1,24.1,23.9,24.0,25.2,24.16,0.82,-0.1,49,3,23.6,30.32,0.0,-0.0065,-1.0,26.3,25.0,25.0,station
2025-07-03,23.2,23.3,23.6,23.6,25.7,23.2,23.7,24.3,23.3,25.5,23.88,1.03,-0.12,48,26,22.6,23.24,0.0,-0.0237,-0.9997,24.7,25.0,25.0,station
2025-07-04,23.5,23.0,23.5,24.4,24.8,24.7,23.7,23.9,24.5,26.9,23.84,0.74,-0.9,51,26,20.9,22.45,0.0,-0.0408,-0.9992,24.0,25.0,25.0,station
2025-07-05,28.9,27.7,28.0,28.1,27.3,29.1,28.1,28.0,28.3,27.6,28.0,0.59,-0.22,43,0,16.0,30.81,0.0,-0.058,-0.9983,28.1,29.0,29.0,station
2025-07-06,30.6,30.0,29.3,30.4,29.9,30.5,29.9,29.1,30.7,27.0,30.04,0.5,0.6,39,1,16.9,30.39,0.0,-0.0752,-0.9972,30.7,30.0,30.0,station
2025-07-07,32.4,32.0,31.2,31.9,32.5,32.8,31.8,31.8,32.4,32.4,32.0,0.51,-0.24,33,7,15.2,30.38,0.0,-0.0923,-0.9957,32.7,32.0,32.0,station
2025-07-08,35.1,34.2,34.0,34.5,34.3,34.9,34.2,34.3,34.3,34.2,34.42,0.42,0.04,31,3,14.4,30.03,0.0,-0.1094,-0.994,33.9,35.0,35.0,station
2025-07-09,35.2,34.9,34.6,35.0,34.2,35.3,34.9,34.2,35.0,34.0,34.78,0.39,0.1,34,0,15.6,30.81,0.0,-0.1265,-0.992,34.7,35.0,35.0,station
2025-07-10,36.1,34.8,34.6,35.5,35.5,37.1,34.8,35.4,35.8,35.3,35.3,0.6,-0.38,26,3,22.1,30.28,0.0,-0.1436,-0.9896,35.3,36.0,36.0,station
2025-07-11,36.5,35.0,35.5,35.5,35.1,36.4,35.0,35.6,36.0,35.2,35.52,0.59,-0.12,31,6,16.7,29.0,0.0,-0.1606,-0.987,36.6,37.0,37.0,station
2025-07-12,36.9,35.8,35.8,36.3,35.7,36.7,35.2,36.1,35.8,36.1,36.1,0.5,0.12,40,4,14.7,28.73,0.0,-0.1775,-0.9841,36.4,37.0,37.0,station
2025-07-13,35.9,35.3,36.4,35.4,35.6,35.9,34.6,36.3,35.2,35.0,35.72,0.44,0.32,41,7,18.7,28.49,0.0,-0.1944,-0.9809,36.3,37.0,37.0,station
2025-07-14,35.2,34.5,34.5,34.6,33.9,35.8,34.3,35.4,34.9,34.4,34.54,0.46,-0.42,36,6,15.6,29.24,0.0,-0.2113,-0.9774,35.0,36.0,36.0,station
2025-07-15,30.5,30.2,33.0,31.5,32.9,31.7,29.7,33.0,32.2,31.8,31.62,1.31,-0.06,38,37,20.3,26.06,0.1,-0.2281,-0.9736,33.0,33.0,33.0,station
2025-07-16,29.3,27.6,31.0,30.2,30.6,30.8,27.1,30.5,30.2,31.0,29.74,1.35,-0.18,41,50,11.6,24.41,1.9,-0.2448,-0.9696,31.4,31.0,31.0,station
2025-07-17,32.6,32.3,32.5,34.2,32.8,33.6,32.2,32.4,33.0,33.0,32.88,0.76,0.04,38,3,9.0,28.95,0.0,-0.2614,-0.9652,32.6,33.0,33.0,station
2025-07-18,33.3,32.4,34.2,34.4,33.7,33.5,31.6,34.9,34.8,33.9,33.6,0.8,-0.14,38,25,16.1,25.07,1.5,-0.278,-0.9606,34.2,35.0,35.0,station
2025-07-19,31.8,30.0,31.6,32.0,30.6,31.5,29.6,32.7,31.4,30.6,31.2,0.86,0.04,52,14,18.1,25.87,0.0,-0.2945,-0.9557,31.6,32.0,32.0,station
2025-07-20,30.2,30.5,31.0,31.5,30.3,30.9,30.4,31.3,31.9,29.9,30.7,0.54,-0.18,49,3,19.0,28.44,0.0,-0.3109,-0.9505,31.5,32.0,32.0,station
2025-07-21,32.2,31.9,31.3,31.8,32.0,32.6,31.8,31.7,31.5,31.9,31.84,0.34,-0.06,40,0,16.7,29.34,0.0,-0.3272,-0.945,32.0,32.0,32.0,station
2025-07-22,34.6,33.4,33.1,33.2,34.1,34.4,33.4,33.3,33.5,33.3,33.68,0.65,0.1,35,0,9.2,29.53,0.0,-0.3434,-0.9392,33.6,34.0,34.0,station
2025-07-23,36.2,35.1,34.6,35.8,35.2,36.1,34.7,34.8,35.3,34.7,35.38,0.63,0.26,29,0,19.0,29.41,0.0,-0.3595,-0.9332,36.2,36.0,36.0,station
2025-07-24,35.4,34.5,34.3,34.0,33.5,35.4,34.1,34.1,34.1,33.1,34.34,0.7,0.18,29,0,19.0,29.38,0.0,-0.3755,-0.9268,34.7,35.0,35.0,station
2025-07-25,33.9,32.9,32.1,31.8,32.5,34.5,33.1,32.5,32.4,32.5,32.64,0.82,-0.36,35,0,21.0,29.1,0.0,-0.3914,-0.9202,33.2,33.0,33.0,station
2025-07-26,33.3,32.7,31.6,32.1,31.8,33.2,32.6,31.6,32.1,31.8,32.3,0.7,0.04,31,0,21.1,29.92,0.0,-0.4071,-0.9134,32.5,33.0,33.0,station
2025-07-27,36.4,35.2,35.1,36.0,35.3,36.3,35.3,34.9,35.7,35.3,35.6,0.57,0.1,32,0,15.7,28.78,0.0,-0.4228,-0.9062,36.6,36.0,36.0,station
2025-07-28,39.1,38.0,39.1,38.8,38.7,39.1,37.8,38.9,39.3,38.1,38.74,0.45,0.1,25,30,18.8,24.78,0.0,-0.4383,-0.8988,39.9,40.0,40.0,station
2025-07-29,38.9,38.3,38.5,38.3,38.1,39.1,38.0,39.1,39.0,37.9,38.42,0.3,-0.2,24,9,18.1,28.3,0.0,-0.4537,-0.8912,38.8,38.0,38.0,station
2025-07-30,38.1,37.6,37.7,37.6,37.9,38.2,37.5,38.3,37.5,37.1,37.78,0.22,0.06,30,1,16.2,28.29,0.0,-0.469,-0.8832,38.0,39.0,39.0,station
2025-07-31,35.3,34.3,35.2,33.7,35.4,35.5,34.1,33.9,33.9,34.5,34.78,0.75,0.4,45,16,24.1,25.78,0.1,-0.4841,-0.875,35.0,35.0,35.0,station
2025-08-01,33.6,31.4,33.9,32.1,32.1,34.8,30.9,33.7,31.6,33.0,32.62,1.08,-0.18,52,19,20.9,25.65,0.1,-0.4991,-0.8666,33.9,32.0,32.0,station
2025-08-02,31.0,30.3,31.0,29.8,30.1,31.8,30.7,31.9,30.9,30.2,30.44,0.54,-0.66,54,36,17.6,24.91,0.4,-0.5139,-0.8578,31.5,29.0,29.0,station
2025-08-03,28.5,28.2,31.0,28.9,26.4,29.2,28.4,32.6,30.9,26.8,28.6,1.65,-0.98,54,22,14.6,23.74,0.4,-0.5286,-0.8489,30.6,29.0,29.0,station
2025-08-04,32.2,31.1,31.8,31.4,31.0,32.0,30.5,32.9,31.4,30.2,31.5,0.5,0.1,50,12,12.6,25.34,0.0,-0.5431,-0.8397,32.7,33.0,33.0,station
2025-08-05,34.0,33.4,34.0,33.8,33.3,33.8,32.5,33.5,34.3,33.1,33.7,0.33,0.26,39,3,20.7,26.35,0.0,-0.5575,-0.8302,34.5,34.0,34.0,station
2025-08-06,34.9,34.4,34.2,34.7,34.1,34.9,34.4,35.2,34.1,33.7,34.46,0.34,0.0,31,0,18.4,27.33,0.0,-0.5717,-0.8205,35.2,35.0,35.0,station
2025-08-07,33.3,33.0,34.2,31.8,34.3,32.9,32.2,33.6,32.5,33.5,33.32,1.02,0.38,37,1,22.9,27.12,0.0,-0.5857,-0.8105,33.4,33.0,33.0,station
2025-08-08,31.7,30.7,31.9,31.0,32.0,31.9,30.1,32.7,30.7,32.9,31.46,0.58,-0.2,46,29,19.6,24.75,0.0,-0.5996,-0.8003,32.2,32.0,32.0,station
2025-08-09,32.7,32.0,31.2,30.7,30.8,32.4,31.7,31.5,30.8,31.1,31.48,0.85,-0.02,40,0,17.3,27.09,0.0,-0.6132,-0.7899,32.0,32.0,32.0,station
2025-08-10,32.9,32.2,31.6,31.1,30.8,32.9,32.1,32.0,31.1,30.3,31.72,0.85,0.04,38,0,20.9,27.33,0.0,-0.6267,-0.7792,32.1,32.0,32.0,station
2025-08-11,32.9,32.3,31.7,31.7,32.4,32.8,31.9,31.4,31.9,31.2,32.2,0.51,0.36,29,0,18.0,27.3,0.0,-0.64,-0.7683,32.0,33.0,33.0,station
2025-08-12,31.1,31.1,31.0,30.3,30.1,31.2,31.2,31.0,31.1,29.9,30.72,0.48,-0.16,35,0,19.7,27.1,0.0,-0.6532,-0.7572,30.9,31.0,31.0,station
2025-08-13,31.8,31.6,32.4,31.7,32.3,32.1,31.7,32.7,32.3,31.8,31.96,0.36,-0.16,40,0,15.5,26.78,0.0,-0.6661,-0.7459,32.5,32.0,32.0,station
2025-08-14,34.4,33.2,34.2,34.3,33.3,34.6,33.1,34.2,34.3,33.2,33.88,0.58,0.0,34,0,17.6,26.55,0.0,-0.6788,-0.7343,34.9,35.0,35.0,station
2025-08-15,32.6,32.5,32.2,32.4,30.7,32.4,32.4,32.0,32.7,29.2,32.08,0.79,0.34,25,5,22.3,26.58,0.0,-0.6914,-0.7225,33.0,32.0,32.0,station
2025-08-16,29.2,29.2,29.0,28.3,29.1,29.1,29.2,28.9,28.7,28.3,28.96,0.38,0.12,40,0,20.2,26.89,0.0,-0.7037,-0.7105,29.1,28.0,28.0,station
2025-08-17,32.8,31.0,32.3,31.6,32.0,33.1,31.1,32.6,32.1,33.4,31.94,0.68,-0.52,32,0,15.7,26.66,0.0,-0.7158,-0.6983,32.2,32.0,32.0,station
2025-08-18,33.9,33.0,34.3,33.6,33.5,34.3,33.2,34.8,33.5,32.9,33.66,0.48,-0.08,27,4,23.0,25.41,0.0,-0.7277,-0.6859,34.5,34.0,34.0,station
2025-08-19,30.8,29.8,31.1,30.9,31.6,31.6,29.8,32.4,30.9,31.1,30.84,0.66,-0.32,48,3,13.0,24.98,0.0,-0.7394,-0.6733,31.0,31.0,31.0,station
2025-08-20,30.1,29.8,30.4,29.9,30.0,30.6,28.7,30.9,30.3,30.1,30.04,0.23,-0.08,49,3,15.8,24.79,0.0,-0.7509,-0.6605,30.0,30.0,30.0,station
2025-08-21,29.5,29.8,29.4,29.5,29.8,29.6,29.7,30.2,29.7,30.5,29.6,0.19,-0.34,46,0,7.5,25.95,0.0,-0.7621,-0.6474,30.0,29.0,29.0,station
2025-08-22,32.7,32.6,32.5,31.9,31.5,32.6,32.5,32.9,32.3,31.3,32.24,0.52,-0.08,32,0,12.5,26.2,0.0,-0.7731,-0.6342,32.5,32.0,32.0,station
2025-08-23,32.7,32.7,33.1,32.4,32.5,33.3,33.1,34.1,33.0,32.3,32.68,0.27,-0.48,24,0,15.2,25.5,0.0,-0.7839,-0.6208,32.6,33.0,33.0,station
2025-08-24,29.6,28.3,31.1,29.5,29.9,30.1,28.1,31.3,30.1,30.4,29.68,1.0,-0.32,51,13,21.4,22.04,0.1,-0.7945,-0.6073,29.6,30.0,30.0,station
2025-08-25,26.9,25.4,26.5,26.6,26.4,27.5,25.3,26.1,26.5,26.0,26.36,0.57,0.08,49,23,20.5,20.95,0.0,-0.8048,-0.5935,26.5,26.0,26.0,station
2025-08-26,27.3,26.6,27.4,26.6,27.1,26.9,26.2,27.6,26.6,27.3,27.0,0.38,0.08,52,12,20.0,23.49,0.0,-0.8149,-0.5796,28.2,28.0,28.0,station
2025-08-27,27.7,27.6,28.1,28.2,26.8,28.4,27.4,28.2,28.1,27.6,27.68,0.55,-0.26,40,0,18.5,25.07,0.0,-0.8248,-0.5655,27.8,27.0,27.0,station
2025-08-28,27.8,28.1,27.9,26.9,27.4,28.2,27.9,28.8,27.3,26.6,27.62,0.48,-0.14,40,0,14.0,24.98,0.0,-0.8344,-0.5512,27.7,28.0,28.0,station
2025-08-29,31.3,30.9,31.9,30.3,31.4,30.6,30.7,32.0,29.7,30.9,31.16,0.6,0.38,40,0,10.6,24.66,0.0,-0.8437,-0.5368,31.2,31.0,31.0,station
2025-08-30,33.2,33.1,33.2,32.4,32.7,33.4,33.0,33.9,32.3,32.4,32.92,0.36,-0.08,33,0,9.2,24.69,0.0,-0.8528,-0.5222,33.0,33.0,33.0,station
2025-08-31,33.5,33.6,33.7,32.9,33.0,33.7,33.5,33.7,32.8,32.5,33.34,0.36,0.1,29,0,14.7,24.37,0.0,-0.8617,-0.5074,33.4,33.0,33.0,station
2025-09-01,32.3,33.0,32.6,32.3,31.9,32.7,33.2,32.6,32.2,32.0,32.42,0.41,-0.12,32,0,15.2,23.94,0.0,-0.8703,-0.4925,32.0,32.0,32.0,station
2025-09-02,30.3,30.3,30.9,30.3,30.9,31.0,30.6,31.4,30.4,31.3,30.54,0.33,-0.4,45,0,17.7,23.68,0.0,-0.8786,-0.4775,30.5,31.0,31.0,station
2025-09-03,27.2,27.7,28.4,27.7,28.8,28.4,28.2,29.2,28.2,29.3,27.96,0.63,-0.7,48,14,24.4,20.89,0.0,-0.8867,-0.4623,28.8,27.0,27.0,station
2025-09-04,28.6,27.8,27.5,27.5,26.4,27.7,28.3,27.8,27.2,28.0,27.56,0.79,-0.24,51,4,17.7,22.37,0.0,-0.8945,-0.447,27.4,27.0,27.0,station
2025-09-05,29.4,29.1,29.3,28.5,28.9,29.1,28.9,29.6,29.3,28.2,29.04,0.36,0.02,51,15,12.6,21.12,0.0,-0.9021,-0.4315,29.6,30.0,30.0,station
2025-09-06,29.3,26.0,29.8,27.0,27.5,29.8,25.8,31.5,27.0,27.2,27.92,1.59,-0.34,54,28,22.8,18.7,5.1,-0.9094,-0.4159,30.4,31.0,31.0,station
2025-09-07,25.4,22.6,26.2,23.5,17.0,24.3,21.7,24.1,23.6,20.0,22.94,3.62,0.2,69,24,16.1,18.6,0.7,-0.9164,-0.4002,25.1,25.0,25.0,station
2025-09-08,19.8,18.4,22.6,19.8,19.7,20.2,18.8,23.4,19.4,17.6,20.06,1.54,0.18,70,65,9.5,13.71,9.6,-0.9232,-0.3844,20.9,20.0,20.0,station
2025-09-09,23.1,23.5,23.7,22.1,24.7,23.1,23.6,24.7,23.8,24.0,23.42,0.94,-0.42,62,13,11.0,20.93,0.0,-0.9296,-0.3685,23.8,24.0,24.0,station
2025-09-10,25.7,25.9,26.6,24.7,26.2,25.5,25.7,25.8,23.9,25.4,25.82,0.71,0.56,56,6,15.8,22.18,0.0,-0.9358,-0.3524,26.9,27.0,27.0,station
2025-09-11,23.3,25.8,25.8,24.5,26.2,26.4,26.4,25.7,24.5,26.2,25.12,1.2,-0.72,60,10,12.2,19.88,0.0,-0.9418,-0.3363,25.5,25.0,25.0,station
2025-09-12,26.2,27.6,27.1,26.3,27.8,26.3,27.8,27.4,25.9,28.1,27.0,0.73,-0.1,59,6,10.2,21.81,0.0,-0.9474,-0.32,27.2,28.0,28.0,station
2025-09-13,24.1,23.6,26.1,25.1,24.4,23.5,24.5,25.7,26.1,25.4,24.66,0.97,-0.38,61,18,14.7,19.16,0.0,-0.9528,-0.3037,26.6,28.0,28.0,station
2025-09-14,26.6,27.5,27.2,26.3,27.7,25.6,26.7,25.9,25.8,26.3,27.06,0.59,1.0,56,0,9.8,21.57,0.0,-0.9579,-0.2873,27.3,28.0,28.0,station
2025-09-15,28.6,29.2,29.4,29.0,29.3,29.1,29.2,29.6,29.2,29.5,29.1,0.32,-0.22,40,4,16.5,21.38,0.0,-0.9627,-0.2707,28.9,30.0,30.0,station
2025-09-16,26.5,27.5,27.5,26.3,27.3,26.7,26.5,27.7,25.7,26.1,27.02,0.58,0.48,47,4,18.2,21.29,0.0,-0.9672,-0.2541,27.4,28.0,28.0,station
2025-09-17,26.2,27.6,26.8,26.3,27.0,25.9,27.5,26.7,26.6,26.9,26.78,0.57,0.06,45,14,8.3,21.86,0.0,-0.9714,-0.2375,27.0,28.0,28.0,station
2025-09-18,20.7,18.9,19.6,19.9,20.9,21.2,19.5,20.6,20.8,21.6,20.0,0.82,-0.74,51,22,22.5,18.9,0.0,-0.9753,-0.2207,20.8,20.0,20.0,station
2025-09-19,19.8,17.5,17.5,19.6,18.5,19.7,17.7,19.1,19.7,19.3,18.58,1.1,-0.52,62,46,19.1,10.43,0.0,-0.979,-0.2039,18.7,17.0,17.0,station
2025-09-20,21.8,21.7,21.1,22.2,19.9,22.2,21.7,21.8,22.2,21.3,21.34,0.9,-0.5,57,1,18.5,20.79,0.0,-0.9824,-0.187,22.5,23.0,23.0,station
2025-09-21,21.9,22.5,21.1,21.5,21.7,21.9,22.9,21.5,22.2,20.2,21.74,0.52,0.0,50,0,12.9,20.87,0.0,-0.9854,-0.1701,22.5,22.0,22.0,station
2025-09-22,22.9,24.0,23.8,23.2,22.3,23.0,23.8,23.6,23.0,21.9,23.24,0.69,0.18,43,0,8.1,21.12,0.0,-0.9882,-0.1531,24.0,24.0,24.0,station
2025-09-23,26.4,26.7,26.3,25.8,26.0,26.5,26.9,27.0,25.6,25.8,26.24,0.35,-0.12,25,0,5.6,21.08,0.0,-0.9907,-0.1361,26.4,27.0,27.0,station
2025-09-24,27.9,28.3,27.3,27.8,27.6,28.3,28.3,27.9,27.7,27.5,27.78,0.37,-0.16,21,0,9.1,20.57,0.0,-0.9929,-0.1191,28.6,29.0,29.0,station
2025-09-25,26.7,27.4,26.6,26.8,27.2,26.9,27.2,26.3,27.0,26.8,26.94,0.34,0.1,40,0,17.0,20.15,0.0,-0.9948,-0.102,27.7,28.0,28.0,station
2025-09-26,21.8,23.2,21.8,21.9,22.5,21.9,23.1,21.8,22.0,22.3,22.24,0.61,0.02,50,24,18.2,19.2,0.0,-0.9964,-0.0848,22.7,21.0,21.0,station
2025-09-27,20.1,20.5,20.4,20.2,21.2,20.0,21.1,19.7,19.9,20.3,20.48,0.43,0.28,61,39,12.4,18.17,0.0,-0.9977,-0.0677,20.2,20.0,20.0,station
2025-09-28,24.8,24.2,25.1,22.9,24.1,23.9,24.2,23.3,22.2,22.2,24.22,0.85,1.06,45,63,13.0,17.12,0.3,-0.9987,-0.0505,25.0,24.0,24.0,station
2025-09-29,21.8,20.4,19.9,19.1,16.8,23.7,20.7,17.0,20.8,17.0,19.6,1.85,-0.24,59,96,23.8,10.86,1.5,-0.9994,-0.0333,22.7,22.0,22.0,station
2025-09-30,19.5,18.6,19.7,18.9,18.9,20.3,18.2,19.8,18.9,19.3,19.12,0.46,-0.18,69,38,12.6,16.25,6.1,-0.9999,-0.0161,19.8,19.0,19.0,station
2025-10-01,18.4,18.6,19.0,17.7,18.0,19.4,18.8,19.1,18.4,17.9,18.34,0.51,-0.38,70,31,12.3,16.08,0.0,-1.0,0.0011,18.6,19.0,19.0,station
2025-10-02,18.3,19.0,19.2,18.4,17.6,18.2,19.4,19.2,18.9,17.8,18.5,0.63,-0.2,68,18,13.2,16.5,0.0,-0.9998,0.0183,18.9,19.0,19.0,station
2025-10-03,23.3,22.8,24.6,22.5,23.1,23.4,22.5,24.4,22.0,22.8,23.26,0.81,0.24,58,19,20.7,17.28,0.0,-0.9994,0.0355,23.7,25.0,25.0,station
2025-10-04,21.7,22.5,24.5,24.2,23.8,21.6,22.1,24.7,23.1,23.0,23.34,1.19,0.44,62,17,16.9,15.32,0.0,-0.9986,0.0527,21.0,22.0,22.0,station
2025-10-05,19.4,20.8,19.8,19.2,19.0,19.8,20.8,19.8,19.3,19.7,19.64,0.71,-0.24,58,5,15.1,17.9,0.0,-0.9976,0.0698,19.1,20.0,20.0,station
2025-10-06,22.1,22.6,22.4,21.6,23.0,22.1,22.8,22.2,22.0,21.8,22.34,0.53,0.16,47,0,8.2,17.86,0.0,-0.9962,0.087,22.0,23.0,23.0,station
2025-10-07,22.6,22.1,23.6,22.7,22.6,22.0,22.3,23.5,21.7,21.4,22.72,0.54,0.54,52,36,17.0,16.17,0.1,-0.9946,0.1041,22.7,23.0,23.0,station
2025-10-08,18.6,14.2,19.0,18.1,15.8,17.3,14.8,19.2,17.8,15.6,17.14,2.06,0.2,78,87,21.5,10.67,10.3,-0.9926,0.1212,17.6,16.0,16.0,station
2025-10-09,15.0,13.8,15.0,14.4,12.7,15.1,13.3,15.6,15.2,13.0,14.18,0.97,-0.26,77,63,25.2,14.5,1.0,-0.9904,0.1383,14.3,14.0,14.0,station
2025-10-10,15.6,14.5,14.4,13.9,14.3,15.3,14.5,14.8,14.5,13.9,14.54,0.63,-0.06,74,51,13.3,11.74,0.5,-0.9879,0.1553,15.0,16.0,16.0,station
2025-10-11,15.7,14.8,16.1,14.7,15.4,16.0,14.7,15.9,14.5,14.5,15.34,0.59,0.22,74,38,22.0,15.04,2.4,-0.9851,0.1722,15.8,16.0,16.0,station
2025-10-12,11.9,11.2,10.8,12.6,12.3,12.5,11.8,11.3,11.7,12.3,11.76,0.75,-0.16,70,61,15.0,9.11,0.9,-0.9819,0.1892,12.3,13.0,13.0,station
2025-10-13,14.4,13.8,14.6,14.1,14.4,14.8,14.0,14.3,14.8,14.7,14.26,0.31,-0.26,69,75,5.2,11.14,0.0,-0.9785,0.206,13.9,14.0,14.0,station
2025-10-14,16.5,16.0,16.4,14.8,16.2,16.5,16.0,17.0,15.0,15.9,15.98,0.69,-0.1,64,19,9.6,15.07,0.0,-0.9749,0.2228,16.4,17.0,17.0,station
2025-10-15,17.2,17.1,17.6,16.5,17.9,18.0,16.9,17.5,16.2,17.4,17.26,0.53,0.06,59,11,9.7,14.42,0.0,-0.9709,0.2396,17.4,18.0,18.0,station
2025-10-16,16.4,17.2,17.3,16.9,16.5,16.7,17.2,17.8,15.9,18.7,16.86,0.4,-0.4,68,36,13.2,14.18,0.0,-0.9666,0.2562,18.2,19.0,19.0,station
2025-10-17,18.1,18.7,18.6,19.0,20.1,18.8,18.6,18.5,18.5,19.6,18.9,0.74,0.1,68,49,7.9,15.27,0.0,-0.9621,0.2728,19.8,20.0,20.0,station
2025-10-18,19.8,20.0,20.6,17.7,20.8,20.2,19.3,20.4,19.2,20.7,19.78,1.23,-0.18,53,26,14.4,14.97,0.0,-0.9572,0.2893,20.1,21.0,21.0,station
2025-10-19,17.4,16.8,18.4,16.4,18.6,17.5,16.7,17.7,16.9,18.5,17.52,0.97,0.06,70,69,18.3,13.06,1.2,-0.9521,0.3057,18.3,19.0,19.0,station
2025-10-20,15.9,15.5,16.2,15.2,16.0,15.7,15.6,16.0,14.9,15.1,15.76,0.4,0.3,73,73,11.7,11.01,2.1,-0.9467,0.3221,15.3,15.0,15.0,station
2025-10-21,16.4,17.0,15.7,16.2,16.6,16.9,17.0,16.3,16.3,17.1,16.38,0.48,-0.34,62,38,9.0,14.82,0.0,-0.941,0.3383,16.6,18.0,18.0,station
2025-10-22,18.0,16.6,17.8,16.3,15.3,17.5,16.0,17.7,15.3,18.0,16.8,1.12,-0.1,74,83,15.4,10.11,1.3,-0.9351,0.3545,17.8,18.0,18.0,station
2025-10-23,18.7,17.1,20.1,18.4,17.3,19.5,17.4,19.3,17.0,16.6,18.32,1.21,0.36,84,96,12.5,8.57,1.7,-0.9288,0.3705,17.4,18.0,18.0,station
2025-10-24,19.4,18.4,19.0,17.7,17.8,19.3,18.2,20.0,17.9,18.4,18.46,0.74,-0.3,74,61,22.3,11.05,1.6,-0.9223,0.3864,19.6,18.0,18.0,station
2025-10-25,19.0,18.3,19.9,18.6,18.3,19.4,17.7,19.9,19.1,18.5,18.82,0.67,-0.1,79,57,17.1,11.81,5.1,-0.9155,0.4022,19.6,21.0,21.0,station
2025-10-26,16.4,17.3,17.9,16.3,16.2,17.7,18.0,17.9,16.8,16.7,16.82,0.75,-0.6,78,93,13.0,11.36,0.1,-0.9085,0.4179,16.3,17.0,17.0,station
2025-10-27,21.7,22.0,23.0,21.4,20.4,21.9,21.9,23.2,21.9,20.7,21.7,0.94,-0.22,57,20,21.5,13.62,0.0,-0.9012,0.4335,22.5,24.0,24.0,station
2025-10-28,18.8,18.2,21.4,18.4,20.1,18.9,18.5,21.5,15.6,19.5,19.38,1.35,0.58,70,54,26.2,11.36,6.3,-0.8936,0.4489,19.9,21.0,21.0,station
2025-10-29,13.9,14.3,14.3,13.4,13.9,14.3,14.5,15.3,14.1,14.9,13.96,0.37,-0.66,72,18,11.4,13.36,2.9,-0.8857,0.4642,14.2,14.0,14.0,station
2025-10-30,16.6,15.8,16.8,14.8,17.0,16.8,16.1,17.3,14.8,16.6,16.2,0.91,-0.12,62,0,4.7,13.79,0.0,-0.8776,0.4794,16.5,17.0,17.0,station
2025-10-31,17.3,17.4,17.6,16.0,17.5,17.7,17.3,17.7,15.8,17.4,17.16,0.66,-0.02,55,56,8.3,13.31,0.0,-0.8692,0.4944,16.8,19.0,19.0,station
2025-11-01,18.3,17.9,18.5,17.8,18.7,18.5,18.0,18.6,17.3,18.3,18.24,0.38,0.1,57,30,5.2,13.45,0.0,-0.8606,0.5093,18.5,19.0,19.0,station
2025-11-02,17.8,17.5,18.8,18.3,19.3,18.0,17.3,18.8,18.0,18.7,18.34,0.73,0.18,63,35,6.4,13.09,0.0,-0.8517,0.524,19.0,20.0,20.0,station
2025-11-03,18.9,18.0,19.3,18.9,20.1,18.7,17.7,19.8,17.8,20.0,19.04,0.76,0.24,59,87,8.2,12.52,0.0,-0.8426,0.5386,19.0,20.0,20.0,station
2025-11-04,19.3,19.0,19.5,19.4,20.8,19.9,19.1,19.4,20.3,21.2,19.6,0.7,-0.38,58,55,8.3,11.64,0.0,-0.8332,0.553,20.4,21.0,21.0,station
2025-11-05,18.4,18.3,19.2,19.2,19.8,18.1,18.3,19.5,18.7,20.2,18.98,0.63,0.02,70,19,6.1,12.14,0.0,-0.8235,0.5672,19.2,20.0,20.0,station
2025-11-06,16.4,15.3,18.5,18.3,18.2,17.0,15.4,18.7,17.9,16.3,17.34,1.42,0.28,73,95,12.3,9.97,0.4,-0.8137,0.5813,17.4,16.0,16.0,station
2025-11-07,19.5,18.3,19.3,19.7,19.6,18.8,17.8,20.1,19.7,17.6,19.28,0.57,0.48,72,74,17.5,10.79,0.1,-0.8035,0.5952,20.0,21.0,21.0,station
2025-11-08,18.5,18.6,19.3,18.6,19.2,18.6,18.4,19.8,18.7,19.7,18.84,0.38,-0.2,70,17,11.4,11.64,0.0,-0.7932,0.609,18.8,19.0,19.0,station
2025-11-09,19.2,18.9,19.7,18.7,19.7,19.0,18.6,19.5,18.9,19.6,19.24,0.46,0.12,64,36,9.2,11.75,0.0,-0.7826,0.6225,18.7,20.0,20.0,station
2025-11-10,18.9,17.1,18.9,17.6,19.2,18.5,17.4,19.0,16.5,18.4,18.34,0.93,0.38,63,38,8.1,10.16,0.0,-0.7718,0.6359,18.8,19.0,19.0,station
2025-11-11,17.6,17.0,18.2,18.1,17.6,17.6,16.9,18.7,18.0,17.9,17.7,0.48,-0.12,59,31,11.9,11.69,0.0,-0.7607,0.6491,17.5,18.0,18.0,station
2025-11-12,14.4,14.1,15.1,14.2,14.0,13.4,13.7,15.7,13.3,13.7,14.36,0.44,0.4,81,24,14.5,9.66,0.9,-0.7494,0.6621,13.9,14.0,14.0,station
2025-11-13,13.4,12.6,14.3,13.0,13.9,12.9,12.5,13.8,13.7,13.4,13.44,0.68,0.18,81,20,10.9,10.58,0.0,-0.7379,0.6749,13.2,14.0,14.0,station
2025-11-14,10.4,9.2,10.5,10.3,10.2,10.4,10.4,10.7,10.3,9.5,10.12,0.53,-0.14,79,30,10.3,9.65,0.9,-0.7262,0.6875,10.1,10.0,10.0,station
2025-11-15,11.3,11.6,10.7,10.9,10.4,11.2,11.7,10.9,10.7,10.3,10.98,0.48,0.02,78,13,10.8,10.86,0.0,-0.7143,0.6998,11.3,12.0,12.0,station
2025-11-16,12.0,13.0,12.6,12.1,11.8,11.9,12.7,12.4,12.0,11.3,12.3,0.49,0.24,69,12,9.2,11.29,0.0,-0.7021,0.712,11.5,13.0,13.0,station
2025-11-17,14.0,14.7,15.2,14.3,15.3,14.4,14.7,15.0,13.6,14.6,14.7,0.56,0.24,64,3,7.1,11.21,0.0,-0.6898,0.724,14.0,16.0,16.0,station
2025-11-18,14.6,15.6,16.1,15.1,16.2,14.9,15.4,16.1,15.3,15.3,15.52,0.68,0.12,64,33,7.5,10.83,0.0,-0.6772,0.7358,14.8,17.0,17.0,station
2025-11-19,15.1,15.7,16.4,14.7,16.6,15.8,15.2,16.2,14.7,16.6,15.7,0.82,0.0,62,78,4.6,9.74,0.0,-0.6645,0.7473,16.4,15.0,15.0,station
2025-11-20,14.7,15.5,15.9,15.7,15.4,15.4,15.6,15.8,15.5,15.3,15.44,0.46,-0.08,62,80,6.4,9.73,0.0,-0.6515,0.7586,15.1,17.0,17.0,station
2025-11-21,16.7,16.2,16.9,16.2,17.0,16.6,16.2,16.5,16.5,16.5,16.6,0.38,0.14,63,96,5.6,10.38,0.0,-0.6384,0.7697,16.7,18.0,18.0,station
2025-11-22,19.4,17.9,20.0,19.6,19.9,19.1,18.1,19.8,19.7,19.2,19.36,0.85,0.18,63,69,11.1,10.3,0.0,-0.625,0.7806,19.5,18.0,18.0,station
2025-11-23,18.0,18.2,18.6,20.1,19.3,18.9,17.8,19.5,20.9,19.3,18.84,0.86,-0.44,58,95,9.9,9.31,0.0,-0.6115,0.7912,19.8,17.0,17.0,station
2025-11-24,12.4,12.5,14.8,11.7,11.7,12.5,12.8,13.5,12.5,12.2,12.62,1.28,-0.08,77,96,10.4,4.69,1.6,-0.5978,0.8016,12.6,12.0,12.0,station
2025-11-25,12.5,12.1,14.3,12.7,11.4,12.8,12.4,16.2,12.6,12.3,12.6,1.07,-0.66,86,51,10.2,8.59,0.6,-0.584,0.8118,13.6,14.0,14.0,station
2025-11-26,13.6,13.9,15.0,12.8,14.9,13.7,14.0,14.9,13.0,14.1,14.04,0.92,0.1,80,26,12.2,10.02,0.0,-0.5699,0.8217,14.6,15.0,15.0,station
2025-11-27,15.1,14.8,14.8,14.1,14.4,14.9,14.4,14.5,12.7,14.4,14.64,0.39,0.46,79,37,9.8,8.53,0.0,-0.5557,0.8314,15.5,15.0,15.0,station
2025-11-28,14.3,14.0,14.6,13.2,13.6,15.2,14.1,15.0,13.9,13.2,13.94,0.55,-0.34,78,28,6.1,9.09,0.0,-0.5413,0.8408,14.9,15.0,15.0,station
2025-11-29,13.6,12.2,14.0,13.4,13.3,14.1,12.8,13.3,13.7,11.9,13.3,0.67,0.14,72,70,15.1,8.95,0.3,-0.5268,0.85,14.0,14.0,14.0,station
2025-11-30,10.6,9.7,9.5,10.2,9.2,11.4,9.0,10.4,9.8,9.2,9.84,0.56,-0.12,81,92,13.9,7.71,5.8,-0.5121,0.859,11.2,11.0,11.0,station
2025-12-01,7.9,7.9,9.7,7.5,6.1,8.1,7.9,9.5,7.7,6.0,7.82,1.29,-0.02,89,75,14.7,5.98,0.1,-0.4972,0.8676,8.4,9.0,9.0,station
2025-12-02,8.7,8.3,9.4,7.7,7.6,9.0,8.3,9.3,7.6,7.6,8.34,0.74,-0.02,87,71,6.2,7.22,0.0,-0.4822,0.8761,8.3,8.0,8.0,station
2025-12-03,9.9,9.2,9.9,8.7,9.6,10.4,9.1,10.4,8.8,9.0,9.46,0.51,-0.08,81,46,7.7,9.06,0.0,-0.4671,0.8842,10.8,10.0,10.0,station
2025-12-04,10.5,8.8,11.1,9.1,10.1,10.3,8.0,11.0,8.4,9.9,9.92,0.96,0.4,81,41,6.5,9.23,0.0,-0.4518,0.8921,10.1,10.0,10.0,station
2025-12-05,9.8,9.3,12.3,11.6,11.2,11.4,9.6,12.3,11.7,11.2,10.84,1.25,-0.4,78,57,12.3,8.99,0.1,-0.4364,0.8998,11.8,11.0,11.0,station
2025-12-06,9.8,10.4,12.6,12.7,12.2,11.1,10.4,12.5,13.0,13.4,11.54,1.34,-0.54,85,92,13.6,6.75,4.0,-0.4208,0.9071,11.7,11.0,11.0,station
2025-12-07,10.5,8.7,9.9,10.6,10.0,9.1,9.0,9.4,9.8,8.7,9.94,0.76,0.74,86,88,15.4,6.67,9.2,-0.4052,0.9142,11.1,11.0,11.0,station
2025-12-08,9.5,9.0,10.0,8.5,9.1,9.5,8.8,9.4,9.2,8.7,9.22,0.56,0.1,89,82,10.7,4.77,1.1,-0.3894,0.9211,9.5,9.0,9.0,station
2025-12-09,9.8,8.5,8.1,8.7,9.0,9.5,8.7,7.8,9.6,8.6,8.82,0.64,-0.02,83,83,18.0,4.85,0.0,-0.3735,0.9276,10.1,9.0,9.0,station
2025-12-10,9.7,9.0,9.8,9.1,9.2,9.5,8.7,9.8,9.1,9.6,9.36,0.36,0.02,85,77,8.6,5.87,0.2,-0.3575,0.9339,10.0,10.0,10.0,station
2025-12-11,9.7,8.8,7.8,8.3,8.5,9.4,8.4,7.3,8.2,8.3,8.62,0.7,0.3,81,59,7.7,7.41,1.7,-0.3413,0.9399,9.1,9.0,9.0,station
2025-12-12,7.3,8.3,7.8,7.0,6.1,7.4,8.2,7.9,6.9,6.4,7.3,0.83,-0.06,87,30,5.6,8.4,0.0,-0.3251,0.9457,7.4,8.0,8.0,station
2025-12-13,8.3,8.0,7.9,7.5,7.9,8.1,8.4,8.0,7.8,6.9,7.92,0.29,0.08,89,77,7.4,4.25,0.1,-0.3088,0.9511,7.5,9.0,9.0,station
2025-12-14,7.2,6.5,7.4,6.5,7.1,6.9,6.7,7.4,6.6,6.3,6.94,0.42,0.16,78,43,7.4,6.8,0.0,-0.2924,0.9563,7.6,6.0,6.0,station
2025-12-15,7.1,6.1,6.5,6.7,6.0,7.1,6.2,6.5,6.9,4.5,6.48,0.45,0.24,78,74,13.5,5.22,0.2,-0.2759,0.9612,6.9,7.0,7.0,station
2025-12-16,5.9,5.4,5.9,5.3,6.7,5.7,5.8,5.4,4.4,6.4,5.84,0.55,0.3,80,82,12.7,2.97,0.0,-0.2593,0.9658,5.6,6.0,6.0,station
2025-12-17,6.6,6.8,6.1,5.7,6.5,5.9,6.6,5.9,5.7,6.1,6.34,0.44,0.3,75,5,8.5,9.17,0.0,-0.2427,0.9701,7.2,7.0,7.0,station
2025-12-18,7.2,7.3,8.1,5.7,7.7,7.0,7.4,8.3,5.5,6.6,7.2,0.91,0.24,75,35,4.8,8.89,0.0,-0.226,0.9741,7.0,9.0,9.0,station
2025-12-19,9.1,8.0,9.3,6.4,8.3,8.6,7.9,9.8,5.7,8.5,8.22,1.15,0.12,61,80,3.5,7.94,0.0,-0.2092,0.9779,8.2,9.0,9.0,station
2025-12-20,8.8,7.0,9.5,8.6,8.8,8.9,6.2,10.1,7.9,8.5,8.54,0.93,0.22,66,42,5.4,8.99,0.0,-0.1923,0.9813,9.6,9.0,9.0,station
2025-12-21,5.5,6.2,8.0,3.6,7.4,9.1,6.9,8.2,5.6,7.6,6.14,1.73,-1.34,74,96,5.6,5.83,0.0,-0.1754,0.9845,8.3,7.0,7.0,station
2025-12-22,6.2,6.2,6.8,7.2,8.7,6.0,5.1,7.3,5.9,7.1,7.02,1.03,0.74,86,86,13.0,5.3,1.9,-0.1585,0.9874,9.3,9.0,9.0,station
2025-12-23,4.2,5.0,5.6,4.9,5.7,3.8,4.5,5.7,5.0,5.2,5.08,0.61,0.24,96,98,6.9,1.55,6.5,-0.1414,0.9899,6.2,5.0,5.0,station
2025-12-24,7.8,7.3,8.7,7.5,6.5,7.6,7.3,8.6,7.4,7.8,7.56,0.8,-0.18,92,97,7.8,4.55,0.0,-0.1244,0.9922,7.8,8.0,8.0,station
2025-12-25,6.2,6.2,7.7,7.3,6.7,6.6,6.1,7.4,7.8,4.5,6.82,0.67,0.34,89,100,8.2,5.83,0.0,-0.1073,0.9942,8.2,6.0,6.0,station
2025-12-26,6.6,5.8,6.3,5.9,7.5,6.7,6.0,6.5,6.9,7.6,6.42,0.68,-0.32,83,92,11.8,6.32,0.2,-0.0902,0.9959,7.5,7.0,7.0,station
2025-12-27,2.3,1.8,2.9,2.5,2.2,2.7,1.7,2.8,2.1,2.2,2.34,0.4,0.04,71,50,17.0,8.92,1.8,-0.073,0.9973,2.1,3.0,3.0,station
2025-12-28,0.4,-0.3,0.8,0.2,0.4,0.5,-0.1,0.6,0.6,-0.1,0.3,0.4,0.0,81,92,24.1,5.01,1.7,-0.0559,0.9984,1.7,1.0,1.0,station
2025-12-29,-0.6,-1.4,-0.9,-0.2,-0.2,-1.5,-1.0,-1.2,-0.3,-0.5,-0.66,0.51,0.24,78,71,23.4,7.08,1.6,-0.0387,0.9993,0.1,0.0,0.0,station
2025-12-30,3.8,2.4,4.3,2.6,1.9,2.9,2.7,4.5,1.7,1.2,3.0,1.01,0.4,64,43,14.5,9.4,0.0,-0.0215,0.9998,4.2,5.0,5.0,station
2025-12-31,1.2,0.6,1.3,0.9,1.8,1.4,0.8,1.5,1.1,2.1,1.16,0.45,-0.22,77,99,15.5,5.6,2.4,-0.0043,1.0,2.8,,,
2026-01-01,-2.5,-3.8,-3.6,-3.3,-4.0,-2.3,-4.5,-2.9,-3.2,-3.9,-3.44,0.59,-0.08,70,61,20.2,8.56,1.3,0.0172,0.9999,-3.1,-3.0,-3.0,station
2026-01-02,-1.1,-3.0,-1.8,-3.0,-2.0,-1.5,-2.9,-2.0,-3.0,-2.5,-2.18,0.82,0.2,71,5,9.7,10.1,0.0,0.0344,0.9994,-1.9,-4.0,-4.0,station
2026-01-03,3.0,1.7,2.4,0.0,2.8,4.0,1.2,2.8,-0.2,1.9,1.98,1.21,0.04,68,45,10.7,8.04,0.4,0.0516,0.9987,3.0,-1.0,-1.0,station
2026-01-04,8.8,7.4,6.9,7.7,9.3,8.5,6.0,7.4,6.9,9.4,8.02,1.0,0.38,80,82,11.8,6.83,0.1,0.0688,0.9976,8.9,6.0,6.0,station
2026-01-05,8.9,7.9,7.2,7.8,9.7,9.1,7.7,7.7,7.7,9.0,8.3,0.99,0.06,83,69,6.2,8.26,0.0,0.0859,0.9963,10.2,7.0,7.0,station
2026-01-06,9.7,8.6,8.4,8.7,9.9,9.3,8.3,8.2,8.4,8.7,9.06,0.69,0.48,76,35,10.4,9.4,0.0,0.103,0.9947,9.8,10.0,10.0,station
2026-01-07,11.0,7.2,9.7,8.8,10.9,10.1,6.9,10.0,8.9,11.2,9.52,1.58,0.1,76,44,12.7,8.6,0.0,0.1201,0.9928,12.2,11.0,11.0,station
2026-01-08,10.5,9.9,12.1,8.9,12.5,9.9,8.7,11.0,11.3,12.7,10.78,1.51,0.06,78,97,29.3,2.75,13.5,0.1372,0.9905,11.4,12.0,12.0,station
2026-01-09,3.6,3.4,4.6,4.4,4.3,3.4,3.1,4.4,3.2,4.7,4.06,0.53,0.3,71,20,25.4,8.74,0.8,0.1542,0.988,4.0,4.0,4.0,station
2026-01-10,6.1,4.3,5.4,2.4,5.7,6.2,3.6,5.3,2.8,5.7,4.78,1.49,0.06,68,79,25.3,3.61,0.0,0.1712,0.9852,5.9,5.0,5.0,station
2026-01-11,6.0,6.7,6.8,6.3,5.6,6.1,5.5,7.9,6.0,5.6,6.28,0.5,0.06,88,96,29.7,1.48,8.7,0.1881,0.9821,8.0,9.0,9.0,station
2026-01-12,1.7,1.5,1.7,2.9,3.0,2.2,1.4,2.6,2.6,2.2,2.16,0.73,-0.04,87,96,13.9,3.01,0.7,0.205,0.9788,2.8,1.0,1.0,station
2026-01-13,-1.6,-1.0,-1.0,-0.6,-0.7,-1.5,-1.0,-1.4,-0.5,-1.1,-0.98,0.39,0.12,69,70,16.9,7.69,1.7,0.2218,0.9751,-0.0,0.0,0.0,station
2026-01-14,-2.3,-2.6,-0.2,-1.5,-2.5,-3.2,-2.2,-0.8,-1.7,-3.4,-1.82,1.0,0.44,76,100,10.7,4.99,0.0,0.2385,0.9711,-0.5,-2.0,-2.0,station
2026-01-15,2.7,1.0,2.7,1.9,1.8,1.9,1.0,2.2,2.1,0.3,2.02,0.71,0.52,84,100,17.7,3.33,0.0,0.2552,0.9669,3.8,2.0,2.0,station
2026-01-16,3.4,4.3,4.7,4.9,4.6,3.3,3.5,4.3,5.0,2.4,4.38,0.59,0.68,89,98,20.0,4.1,0.6,0.2718,0.9624,5.6,5.0,5.0,station
2026-01-17,0.7,0.9,2.2,1.8,1.7,-0.9,0.9,1.4,0.9,-0.5,1.46,0.63,1.1,68,86,18.4,7.24,0.1,0.2883,0.9575,1.2,1.0,1.0,station
2026-01-18,-1.0,-2.4,-1.6,-1.0,-2.0,-1.9,-1.5,-1.4,-2.0,-1.5,-1.6,0.62,0.06,66,49,14.6,10.04,1.0,0.3047,0.9524,-0.3,-1.0,-1.0,station
2026-01-19,-0.3,-1.0,-0.6,0.2,-0.3,0.0,-0.8,-0.6,0.3,-0.6,-0.4,0.44,-0.06,67,46,14.3,10.34,0.3,0.3211,0.9471,0.7,1.0,1.0,station
2026-01-20,2.0,1.3,0.3,1.3,1.8,1.8,1.5,0.1,1.0,1.8,1.34,0.66,0.1,65,45,12.0,10.46,0.0,0.3373,0.9414,3.2,3.0,3.0,station
2026-01-21,3.6,-0.2,1.4,1.6,1.6,3.7,-0.5,1.5,2.3,1.0,1.6,1.35,0.0,58,71,10.8,9.52,0.0,0.3534,0.9355,3.2,0.0,0.0,station
2026-01-22,4.7,0.9,2.0,1.5,2.1,5.6,1.4,2.4,-0.5,3.5,2.24,1.46,-0.24,65,99,13.1,6.11,4.0,0.3695,0.9292,6.2,-1.0,-1.0,station
2026-01-23,4.2,3.3,4.4,5.5,5.9,7.5,4.0,3.1,4.8,5.7,4.66,1.05,-0.36,89,98,13.0,6.42,3.3,0.3854,0.9227,8.0,5.0,5.0,station
2026-01-24,7.1,6.4,4.0,7.2,7.1,5.9,5.5,3.1,6.4,5.8,6.36,1.36,1.02,86,85,13.1,7.68,1.3,0.4012,0.916,9.2,7.0,7.0,station
2026-01-25,9.3,8.0,8.6,9.4,8.8,9.5,7.7,8.1,9.4,8.5,8.82,0.57,0.18,86,66,15.0,9.24,1.8,0.4169,0.9089,10.4,11.0,11.0,station
2026-01-26,9.8,7.4,7.9,9.6,8.5,9.3,6.4,8.0,9.7,8.9,8.64,1.05,0.18,77,92,16.9,9.22,0.0,0.4325,0.9016,11.1,11.0,11.0,station
2026-01-27,11.4,9.7,9.9,10.5,11.1,10.7,9.0,9.7,10.8,10.6,10.52,0.74,0.36,69,84,23.9,9.62,0.2,0.4479,0.8941,11.8,11.0,11.0,station
2026-01-28,6.1,6.5,6.0,7.0,6.8,7.3,8.6,7.7,8.6,8.0,6.48,0.43,-1.56,87,75,17.0,5.16,0.3,0.4633,0.8862,7.6,7.0,7.0,station
2026-01-29,9.3,7.9,9.3,8.6,9.8,10.1,8.5,9.0,9.5,10.8,8.98,0.74,-0.6,82,86,22.2,7.04,1.9,0.4784,0.8781,10.2,8.0,8.0,station
2026-01-30,10.2,8.3,8.7,10.0,9.8,9.7,9.2,7.8,10.2,10.0,9.4,0.85,0.02,84,76,28.0,6.71,12.6,0.4935,0.8698,10.9,10.0,10.0,station
2026-01-31,6.0,6.4,8.7,7.4,6.9,8.8,5.8,9.9,9.3,9.3,7.08,1.05,-1.54,87,74,19.7,6.16,5.6,0.5084,0.8611,9.4,8.0,8.0,station
2026-02-01,10.8,9.0,11.6,11.8,11.1,7.6,9.8,11.4,11.2,11.0,10.86,1.11,0.66,82,64,19.7,9.4,0.1,0.5231,0.8523,11.1,12.0,12.0,station
2026-02-02,13.1,9.7,10.2,11.3,10.7,12.6,9.6,11.4,11.6,10.9,11.0,1.32,-0.22,83,97,25.8,8.9,17.8,0.5377,0.8432,11.5,11.0,11.0,station
2026-02-03,5.4,5.0,6.6,6.2,5.6,5.1,5.1,6.0,6.0,5.3,5.76,0.64,0.26,73,76,15.3,9.27,1.5,0.5521,0.8338,5.9,6.0,6.0,station
2026-02-04,7.0,6.9,6.7,6.2,6.7,7.0,6.6,6.5,6.4,6.0,6.7,0.31,0.2,75,50,7.5,12.46,0.0,0.5664,0.8242,7.7,7.0,7.0,station
2026-02-05,11.8,8.3,9.1,9.7,11.3,12.0,7.3,9.3,9.1,10.6,10.04,1.48,0.38,71,93,11.9,10.58,0.2,0.5805,0.8143,11.1,8.0,8.0,station
2026-02-06,6.3,6.4,7.9,6.6,7.7,6.0,6.1,7.9,6.3,5.7,6.98,0.76,0.58,84,99,22.4,3.49,9.1,0.5944,0.8042,7.8,8.0,8.0,station
2026-02-07,10.6,9.1,10.8,9.7,9.7,10.8,9.1,10.7,10.1,8.5,9.98,0.7,0.14,86,84,23.4,7.81,9.1,0.6081,0.7938,11.0,10.0,10.0,station
2026-02-08,10.3,8.2,10.8,9.2,8.2,9.5,7.9,9.0,9.3,8.0,9.34,1.19,0.6,87,88,19.4,8.0,5.3,0.6217,0.7833,11.1,10.0,10.0,station
2026-02-09,8.8,7.7,8.1,8.4,8.0,9.3,7.9,8.4,8.6,7.7,8.2,0.42,-0.18,83,95,11.1,9.19,0.5,0.6351,0.7725,9.1,9.0,9.0,station
2026-02-10,5.5,5.0,5.1,5.5,4.0,3.6,4.5,5.8,5.8,4.1,5.02,0.61,0.26,89,100,15.2,5.47,2.0,0.6483,0.7614,6.2,5.0,5.0,station
2026-02-11,7.2,6.8,7.0,7.4,7.2,7.2,6.1,8.7,7.6,5.9,7.12,0.23,0.02,87,70,16.0,8.4,0.8,0.6613,0.7502,7.9,7.0,7.0,station
2026-02-12,8.0,7.1,9.2,7.5,8.0,6.7,7.1,9.3,8.8,7.4,7.96,0.79,0.1,83,67,26.7,7.3,2.3,0.6741,0.7387,8.7,10.0,10.0,station
2026-02-13,8.4,9.0,10.5,10.3,10.6,8.3,9.2,11.8,10.1,11.9,9.76,1.0,-0.5,85,97,28.6,2.64,14.0,0.6867,0.727,10.3,10.0,10.0,station
2026-02-14,9.5,10.1,8.7,9.5,8.7,10.4,10.1,7.7,10.5,8.7,9.3,0.6,-0.18,82,53,23.1,9.41,1.9,0.6991,0.715,10.6,11.0,11.0,station
2026-02-15,16.2,14.2,13.6,14.4,13.3,16.6,13.9,14.2,15.3,13.6,14.34,1.13,-0.38,68,64,19.1,13.72,0.0,0.7113,0.7029,14.9,14.0,14.0,station
2026-02-16,16.7,15.0,16.0,15.5,15.2,16.2,15.7,16.3,15.3,12.3,15.68,0.68,0.52,50,92,23.8,11.42,0.1,0.7233,0.6906,16.2,15.0,15.0,station
2026-02-17,13.3,12.0,12.9,12.6,13.1,13.4,11.8,13.5,13.0,12.6,12.78,0.51,-0.08,68,79,21.5,12.74,7.8,0.735,0.678,13.4,13.0,13.0,station
2026-02-18,8.6,8.9,8.6,8.4,8.2,9.2,8.6,8.5,8.1,9.1,8.54,0.26,-0.16,80,93,28.8,7.51,11.8,0.7466,0.6653,9.0,9.0,9.0,station
2026-02-19,5.1,4.0,4.2,4.3,3.3,3.7,4.4,4.3,4.9,3.2,4.18,0.65,0.08,69,60,21.3,11.07,0.2,0.7579,0.6523,5.4,5.0,5.0,station
2026-02-20,11.6,8.9,10.2,10.1,10.8,11.5,8.3,10.0,10.0,10.3,10.32,0.99,0.3,65,28,10.9,15.33,0.0,0.769,0.6392,11.0,11.0,11.0,station
2026-02-21,13.0,10.6,11.7,12.3,12.2,13.0,9.9,11.7,11.5,12.1,11.96,0.89,0.32,67,41,12.4,15.36,0.0,0.7799,0.6259,12.1,13.0,13.0,station
2026-02-22,4.1,6.1,9.8,6.1,6.3,4.6,5.3,8.3,6.7,4.9,6.48,2.06,0.52,85,86,10.4,4.75,3.7,0.7906,0.6124,7.6,7.0,7.0,station
2026-02-23,7.9,6.7,6.5,7.1,7.1,6.3,6.0,7.2,7.3,7.6,7.06,0.54,0.18,80,58,9.3,12.05,0.0,0.801,0.5987,7.3,7.0,7.0,station
2026-02-24,8.9,6.1,8.2,6.9,7.5,8.3,6.3,7.6,7.3,7.6,7.52,1.09,0.1,81,74,18.2,10.01,0.0,0.8112,0.5848,7.3,7.0,7.0,station
2026-02-25,6.2,5.3,7.3,6.3,6.2,6.3,5.3,7.2,5.5,6.0,6.26,0.71,0.2,81,79,16.6,8.47,6.5,0.8211,0.5708,5.8,6.0,6.0,station
2026-02-26,3.0,2.0,4.1,4.2,4.0,3.7,2.7,3.8,4.3,4.0,3.46,0.95,-0.24,67,34,22.6,15.91,0.3,0.8308,0.5566,4.4,5.0,5.0,station
2026-02-27,3.1,2.4,4.1,3.8,3.1,2.5,2.0,4.0,4.1,3.3,3.3,0.67,0.12,63,98,21.5,7.16,0.2,0.8402,0.5422,4.3,5.0,5.0,station
2026-02-28,6.7,4.6,6.0,5.7,6.6,4.5,3.3,5.6,6.3,6.9,5.92,0.85,0.6,69,79,12.8,11.78,0.1,0.8495,0.5277,7.2,7.0,7.0,station
2026-03-01,8.5,7.5,7.3,7.8,8.5,8.7,7.1,6.9,7.8,8.3,7.92,0.56,0.16,72,33,12.6,12.39,0.0,0.8584,0.513,7.8,9.0,9.0,station
2026-03-02,11.6,10.8,10.3,10.4,11.0,11.7,10.4,10.7,10.6,11.2,10.82,0.52,-0.1,65,1,9.6,17.13,0.0,0.8671,0.4981,11.2,12.0,12.0,station
2026-03-03,10.6,11.1,10.1,10.9,11.2,11.8,11.1,10.9,10.0,11.4,10.78,0.44,-0.26,64,79,13.6,14.06,0.0,0.8755,0.4831,10.1,12.0,12.0,station
2026-03-04,8.0,7.4,7.6,7.7,8.7,8.0,7.4,7.7,7.5,8.6,7.88,0.51,0.04,63,17,16.2,16.8,0.0,0.8837,0.468,8.9,10.0,10.0,station
2026-03-05,10.1,10.7,9.8,10.6,12.0,9.6,10.5,9.4,10.1,11.1,10.64,0.84,0.5,51,54,10.0,17.43,0.0,0.8916,0.4527,9.7,11.0,11.0,station
2026-03-06,8.9,8.4,9.1,9.4,10.3,9.5,8.3,10.2,9.2,9.8,9.22,0.7,-0.18,62,74,21.9,14.16,0.6,0.8993,0.4373,9.8,9.0,9.0,station
2026-03-07,6.8,6.4,5.9,6.3,7.1,6.7,6.8,5.7,6.1,7.0,6.5,0.46,0.04,60,36,13.4,16.8,0.0,0.9067,0.4218,6.4,7.0,7.0,station
2026-03-08,5.8,7.5,6.5,7.3,7.9,6.3,7.2,6.5,7.1,7.4,7.0,0.84,0.1,65,10,9.4,18.69,0.0,0.9138,0.4061,6.9,8.0,8.0,station
2026-03-09,7.0,8.4,7.7,8.6,7.8,7.0,8.7,7.7,9.0,7.2,7.9,0.63,-0.02,58,0,19.8,18.97,0.0,0.9207,0.3904,7.3,8.0,8.0,station
2026-03-10,8.8,11.1,8.7,10.2,10.2,9.4,10.8,8.3,10.2,10.0,9.8,1.03,0.06,47,0,18.0,19.42,0.0,0.9272,0.3745,9.8,10.0,10.0,station
2026-03-11,12.8,13.7,11.7,13.7,15.1,12.4,13.3,11.9,13.8,14.4,13.4,1.26,0.24,52,0,7.4,19.59,0.0,0.9335,0.3585,14.1,15.0,15.0,station
2026-03-12,12.0,12.9,11.5,13.4,14.6,12.4,13.1,11.4,13.3,14.3,12.88,1.22,-0.02,56,0,5.6,19.34,0.0,0.9396,0.3424,12.0,14.0,14.0,station
2026-03-13,11.4,12.9,11.9,13.4,14.1,11.3,12.8,11.6,13.7,14.4,12.74,1.1,-0.02,47,5,9.9,19.73,0.0,0.9453,0.3261,12.5,14.0,14.0,station
2026-03-14,11.7,11.3,12.2,13.8,14.5,11.8,11.2,12.2,13.8,14.7,12.7,1.38,-0.04,52,54,11.1,19.27,0.0,0.9508,0.3098,12.5,13.0,13.0,station
2026-03-15,12.9,13.5,11.3,14.0,15.2,13.4,12.4,12.2,13.7,14.3,13.38,1.44,0.18,63,69,15.9,15.55,0.6,0.956,0.2934,13.7,14.0,14.0,station
2026-03-16,12.2,12.8,12.2,13.6,13.9,11.9,12.6,12.4,14.2,14.0,12.94,0.79,-0.08,71,35,9.7,20.05,0.7,0.9609,0.2769,12.6,13.0,13.0,station
2026-03-17,13.4,14.4,13.1,14.5,15.4,13.5,14.0,12.1,14.1,14.9,14.16,0.92,0.44,65,12,9.7,20.3,0.0,0.9655,0.2604,14.0,15.0,15.0,station
2026-03-18,14.9,15.3,14.2,15.3,16.5,15.1,15.0,15.2,16.6,16.1,15.24,0.84,-0.36,65,89,10.8,15.7,0.0,0.9698,0.2437,15.6,15.0,15.0,station
2026-03-19,9.3,9.2,10.1,11.0,9.1,8.8,9.5,10.8,12.7,9.3,9.74,0.81,-0.48,80,100,21.5,5.39,7.0,0.9739,0.227,10.3,11.0,11.0,station
2026-03-20,7.4,6.4,7.2,7.4,8.5,7.9,6.7,7.8,8.0,7.7,7.38,0.75,-0.24,88,96,18.0,5.1,10.6,0.9777,0.2102,8.1,7.0,7.0,station
2026-03-21,11.4,9.2,8.8,11.5,9.7,10.1,8.7,6.3,10.0,9.6,10.12,1.26,1.18,81,96,21.8,11.8,1.5,0.9811,0.1934,11.3,11.0,11.0,station
2026-03-22,10.8,10.7,9.7,10.1,10.4,11.0,10.4,10.4,10.9,12.1,10.34,0.45,-0.62,86,89,11.5,10.33,3.2,0.9843,0.1765,11.1,13.0,13.0,station
2026-03-23,11.5,10.0,11.2,10.3,10.4,9.7,9.9,11.7,10.3,11.2,10.68,0.64,0.12,84,84,8.0,12.72,1.2,0.9872,0.1595,11.2,13.0,13.0,station
2026-03-24,9.9,9.4,11.1,10.4,9.8,10.2,9.5,11.8,10.2,10.3,10.12,0.65,-0.28,85,94,15.7,10.9,3.0,0.9898,0.1425,10.7,11.0,11.0,station
2026-03-25,10.8,10.7,10.4,11.2,10.6,11.0,10.4,10.6,12.1,10.3,10.74,0.3,-0.14,78,84,18.3,15.24,0.3,0.9921,0.1255,11.2,11.0,11.0,station
2026-03-26,12.4,11.7,12.5,11.6,12.7,12.2,12.1,13.2,12.5,12.2,12.18,0.5,-0.26,73,82,12.1,13.5,0.0,0.9941,0.1084,11.3,10.0,10.0,station
2026-03-27,14.7,15.0,14.8,14.2,15.2,15.3,15.7,15.2,14.5,15.5,14.78,0.38,-0.46,69,14,7.6,22.01,0.0,0.9958,0.0913,14.4,15.0,15.0,station
2026-03-28,16.2,16.1,15.7,15.5,16.4,15.6,15.5,15.1,15.0,16.4,15.98,0.37,0.46,68,57,22.7,16.81,2.7,0.9972,0.0741,15.8,16.0,16.0,station
2026-03-29,8.9,9.9,10.8,10.2,9.5,8.4,9.8,10.2,9.5,10.0,9.86,0.72,0.28,81,77,23.9,10.38,11.3,0.9984,0.057,10.3,10.0,10.0,station
2026-03-30,7.3,7.5,4.8,7.2,7.3,5.6,6.3,7.7,9.1,8.6,6.82,1.13,-0.64,85,97,21.3,9.48,1.1,0.9992,0.0398,7.5,7.0,7.0,station
2026-03-31,12.4,11.6,10.5,10.6,12.4,12.3,11.4,10.3,10.7,12.5,11.5,0.93,0.06,81,91,16.8,14.15,0.7,0.9997,0.0226,11.7,12.0,12.0,station
2026-04-01,15.3,15.2,16.1,14.9,17.0,17.3,15.6,16.0,13.6,16.1,15.7,0.85,-0.02,68,64,12.3,16.08,0.1,1.0,0.0054,15.4,17.0,17.0,station
2026-04-02,14.7,14.6,17.4,17.1,15.3,16.3,11.8,13.8,17.1,12.6,15.82,1.34,1.5,77,64,19.2,12.02,13.6,0.9999,-0.0118,16.3,18.0,18.0,station
2026-04-03,12.1,10.6,9.9,11.4,11.0,11.9,11.0,10.4,12.6,11.4,11.0,0.83,-0.46,76,64,23.0,18.71,18.7,0.9996,-0.029,12.1,12.0,12.0,station
2026-04-04,14.0,13.3,13.6,12.6,14.1,14.4,12.8,13.9,11.4,13.9,13.52,0.61,0.24,77,54,13.3,21.11,0.1,0.9989,-0.0462,14.1,15.0,15.0,station
2026-04-05,13.8,13.4,14.0,14.9,15.1,14.1,13.0,14.1,15.0,15.4,14.24,0.73,-0.08,72,44,16.3,19.67,0.4,0.998,-0.0634,14.0,16.0,16.0,station
2026-04-06,14.2,15.6,14.5,14.6,15.9,14.2,14.6,14.6,15.1,15.9,14.96,0.74,0.08,66,25,7.3,23.15,0.0,0.9968,-0.0805,14.8,16.0,16.0,station
2026-04-07,15.5,15.4,15.4,15.8,17.2,15.8,15.5,16.1,15.8,17.6,15.86,0.77,-0.3,64,32,21.8,22.54,0.0,0.9952,-0.0977,15.4,17.0,17.0,station
2026-04-08,7.9,8.3,8.5,9.2,8.2,8.5,11.1,9.6,8.7,11.0,8.42,0.49,-1.36,78,84,23.2,5.43,5.9,0.9934,-0.1148,8.6,9.0,9.0,station
2026-04-09,9.3,7.5,7.8,8.4,7.7,9.1,8.6,8.7,8.9,8.3,8.14,0.73,-0.58,65,48,13.4,21.51,0.2,0.9913,-0.1319,8.3,8.0,8.0,station
2026-04-10,7.2,5.5,8.1,6.7,7.9,8.0,6.6,7.6,6.9,8.3,7.08,1.04,-0.4,74,76,15.3,17.4,2.5,0.9889,-0.1489,7.1,7.0,7.0,station
2026-04-11,7.7,6.9,8.7,7.8,6.9,7.2,9.2,6.9,7.4,7.4,7.6,0.75,-0.02,71,52,7.0,23.39,2.3,0.9861,-0.1659,7.8,8.0,8.0,station
2026-04-12,9.2,8.3,10.2,8.3,8.7,8.7,12.7,10.7,8.9,9.2,8.94,0.8,-1.1,78,46,10.4,18.8,0.8,0.9831,-0.1828,8.4,8.0,8.0,station
2026-04-13,12.1,11.3,11.3,10.3,10.7,11.4,11.5,11.7,10.6,12.1,11.14,0.68,-0.32,62,26,11.4,24.46,0.0,0.9799,-0.1997,11.2,12.0,12.0,station
2026-04-14,15.8,16.1,15.4,15.1,16.8,15.8,16.4,16.2,14.9,17.7,15.84,0.66,-0.36,60,34,11.2,24.52,0.0,0.9763,-0.2165,15.3,17.0,17.0,station
2026-04-15,18.5,18.6,18.7,18.7,19.9,18.6,18.5,18.9,17.9,20.6,18.88,0.58,-0.02,63,55,10.4,24.36,0.0,0.9724,-0.2333,18.7,20.0,20.0,station
2026-04-16,19.3,20.0,20.5,20.0,22.4,19.3,19.1,19.4,20.0,22.2,20.44,1.18,0.44,68,40,11.0,23.14,0.2,0.9683,-0.25,20.2,21.0,21.0,station
2026-04-17,19.2,19.8,19.9,21.3,20.8,19.2,19.9,19.8,21.0,22.2,20.2,0.84,-0.22,62,75,15.0,23.45,0.0,0.9638,-0.2666,19.9,20.0,20.0,station
2026-04-18,12.5,13.1,15.9,14.6,14.0,14.0,13.0,17.2,13.5,14.1,14.02,1.33,-0.34,80,94,18.6,9.28,11.2,0.9591,-0.2831,14.2,14.0,14.0,station
2026-04-19,12.0,10.4,12.0,12.0,10.5,12.8,10.7,11.2,12.4,10.8,11.38,0.85,-0.2,69,94,12.5,12.09,1.7,0.9541,-0.2996,11.2,10.0,10.0,station
2026-04-20,12.6,13.5,13.1,12.8,13.4,12.6,13.6,13.3,12.9,13.6,13.08,0.38,-0.12,65,9,6.6,25.62,0.0,0.9488,-0.316,13.0,14.0,14.0,station
2026-04-21,15.4,15.8,15.9,15.8,18.1,15.6,16.1,16.4,15.9,17.3,16.2,1.08,-0.06,60,38,18.0,23.93,0.0,0.9432,-0.3322,15.2,17.0,17.0,station
2026-04-22,12.9,14.6,16.2,16.2,18.1,13.6,13.1,16.0,14.8,15.4,15.6,1.95,1.02,80,75,24.5,15.6,3.6,0.9373,-0.3484,15.8,16.0,16.0,station
2026-04-23,6.9,7.0,8.2,7.3,7.5,9.0,8.1,9.7,8.7,6.2,7.38,0.52,-0.96,88,95,12.8,7.38,13.2,0.9312,-0.3645,8.3,8.0,8.0,station
2026-04-24,12.8,12.6,12.6,13.3,12.0,12.9,12.8,11.8,13.3,12.0,12.66,0.47,0.1,74,36,12.3,25.05,0.0,0.9248,-0.3804,12.4,14.0,14.0,station
2026-04-25,16.4,16.8,16.4,16.8,17.7,16.0,16.4,16.1,16.3,17.2,16.82,0.53,0.42,62,7,7.2,26.65,0.0,0.9181,-0.3963,16.9,18.0,18.0,station
2026-04-26,18.8,20.5,19.3,20.1,21.9,18.8,20.4,19.6,18.6,21.5,20.12,1.2,0.34,58,9,11.6,24.84,0.0,0.9112,-0.412,18.9,21.0,21.0,station
2026-04-27,17.9,18.8,18.9,19.3,20.0,17.7,18.7,18.5,18.0,20.3,18.98,0.77,0.34,64,13,18.0,23.7,0.1,0.9039,-0.4276,17.5,20.0,20.0,station
2026-04-28,17.6,19.3,18.8,19.4,20.2,17.7,18.7,18.5,19.1,21.1,19.06,0.96,0.04,71,8,13.0,25.37,0.0,0.8965,-0.4431,18.3,20.0,20.0,station
2026-04-29,18.1,19.6,18.9,19.5,20.8,17.7,19.3,19.0,19.4,20.6,19.38,0.99,0.18,66,22,10.3,26.78,0.0,0.8887,-0.4585,18.3,20.0,20.0,station
2026-04-30,18.6,20.1,19.5,20.1,20.8,19.3,20.6,19.7,20.3,21.3,19.82,0.82,-0.42,60,15,11.7,27.44,0.0,0.8807,-0.4737,19.2,21.0,21.0,station
2026-05-01,14.2,12.5,17.4,16.0,17.5,13.8,12.4,17.2,17.4,18.4,15.52,2.15,-0.32,69,80,18.0,14.46,2.7,0.8724,-0.4888,15.4,15.0,15.0,station
2026-05-02,7.5,7.0,6.6,7.5,5.6,7.7,6.6,8.2,8.8,9.2,6.84,0.79,-1.26,81,97,20.9,8.63,4.8,0.8639,-0.5037,7.6,8.0,8.0,station
2026-05-03,9.6,8.1,5.7,7.4,7.2,10.1,7.7,8.9,7.5,8.3,7.6,1.42,-0.9,84,100,24.2,12.97,14.7,0.8551,-0.5185,9.3,9.0,9.0,station
2026-05-04,8.8,6.3,5.6,8.9,5.4,8.2,7.3,5.0,9.7,7.7,7.0,1.72,-0.58,87,88,17.1,9.94,11.1,0.846,-0.5331,8.7,8.0,8.0,station
2026-05-05,12.0,11.3,10.9,11.8,11.6,11.7,11.0,9.1,12.2,11.8,11.52,0.43,0.36,82,90,16.3,17.95,0.8,0.8367,-0.5476,12.1,13.0,13.0,station
2026-05-06,13.0,13.3,13.8,12.7,15.3,13.7,14.4,12.9,14.9,15.0,13.62,1.02,-0.56,76,56,8.6,20.53,0.9,0.8272,-0.5619,13.6,14.0,14.0,station
2026-05-07,16.9,18.0,17.5,17.2,18.6,16.8,18.1,17.7,17.5,19.0,17.64,0.67,-0.18,64,19,11.7,24.87,0.0,0.8174,-0.5761,16.8,18.0,18.0,station
2026-05-08,19.3,21.0,20.4,20.6,22.0,19.0,20.9,20.3,20.2,22.3,20.66,0.98,0.12,62,38,9.1,25.78,0.1,0.8074,-0.59,19.6,22.0,22.0,station
2026-05-09,19.5,19.0,19.2,19.4,20.2,19.6,17.8,19.9,18.0,21.0,19.46,0.46,0.2,67,88,14.3,19.47,1.7,0.7971,-0.6038,20.1,20.0,20.0,station
2026-05-10,19.8,20.4,21.8,21.8,21.9,20.2,19.7,21.3,21.2,22.0,21.14,0.97,0.26,76,21,17.7,24.83,0.4,0.7866,-0.6175,20.2,23.0,23.0,station
2026-05-11,20.3,18.8,22.0,21.7,21.9,21.0,18.8,22.4,22.0,23.3,20.94,1.38,-0.56,78,78,20.2,18.17,4.8,0.7759,-0.6309,19.7,22.0,22.0,station
2026-05-12,20.6,20.4,23.0,21.4,22.6,20.8,20.6,23.4,21.0,24.0,21.6,1.17,-0.36,79,43,17.8,21.65,6.9,0.7649,-0.6442,20.3,23.0,23.0,station
2026-05-13,19.8,19.2,21.5,21.1,20.8,19.8,18.0,19.9,21.5,21.0,20.48,0.95,0.44,71,22,22.5,26.69,0.8,0.7537,-0.6572,20.3,22.0,22.0,station
2026-05-14,17.5,18.9,22.1,21.8,22.8,19.7,16.4,21.4,22.3,22.3,20.62,2.29,0.2,75,68,21.3,22.56,5.5,0.7423,-0.6701,21.3,22.0,22.0,station
2026-05-15,16.7,15.3,15.5,18.0,18.0,16.0,14.7,16.4,17.8,18.0,16.7,1.3,0.12,76,66,11.5,22.84,5.7,0.7306,-0.6828,15.2,17.0,17.0,station
2026-05-16,18.3,19.0,18.7,20.0,18.6,18.7,19.1,18.9,21.3,20.4,18.92,0.65,-0.76,62,21,9.5,30.33,0.0,0.7188,-0.6952,18.7,20.0,20.0,station
2026-05-17,18.4,16.4,19.6,18.1,19.6,19.0,18.2,18.8,19.9,19.0,18.42,1.32,-0.56,75,59,18.6,21.05,5.5,0.7067,-0.7075,17.7,18.0,18.0,station
2026-05-18,15.2,15.0,14.6,16.0,16.3,16.5,15.2,14.5,15.7,16.3,15.42,0.71,-0.22,70,23,19.5,22.57,1.1,0.6945,-0.7195,15.9,15.0,15.0,station
2026-05-19,17.9,18.6,18.1,19.5,19.3,18.8,18.4,17.1,19.2,19.3,18.68,0.71,0.12,76,51,7.4,22.98,1.1,0.682,-0.7314,17.9,18.0,18.0,station
2026-05-20,16.0,14.7,18.1,17.4,14.6,17.2,14.8,19.2,17.8,13.7,16.16,1.57,-0.38,82,98,17.8,17.29,6.9,0.6693,-0.743,16.0,18.0,18.0,station
2026-05-21,17.8,17.1,18.3,18.3,15.5,18.9,17.2,18.3,19.3,16.8,17.4,1.17,-0.7,84,50,11.7,22.94,9.9,0.6564,-0.7544,17.6,18.0,18.0,station
2026-05-22,19.7,19.3,18.6,18.2,19.2,19.0,19.2,20.0,18.1,19.1,19.0,0.6,-0.08,82,45,10.8,20.85,4.9,0.6433,-0.7656,18.6,20.0,20.0,station
2026-05-23,17.2,16.3,16.4,17.3,17.2,17.5,16.6,18.7,17.4,16.7,16.88,0.49,-0.5,85,70,8.2,16.41,10.4,0.6301,-0.7765,17.1,19.0,19.0,station
2026-05-24,17.2,16.8,18.3,17.5,17.3,16.5,16.9,18.1,16.8,16.0,17.42,0.55,0.56,85,63,11.3,19.9,8.5,0.6166,-0.7873,17.3,17.0,17.0,station
2026-05-25,19.2,18.5,19.1,18.4,17.1,19.8,17.9,19.4,18.0,17.0,18.46,0.84,0.04,78,41,15.4,26.56,1.8,0.603,-0.7978,19.7,21.0,21.0,station
2026-05-26,19.4,21.4,21.4,21.8,20.6,19.5,21.6,20.7,21.4,19.9,20.92,0.95,0.3,72,19,11.1,28.39,0.0,0.5892,-0.808,20.7,22.0,22.0,station
2026-05-27,22.3,23.7,23.5,24.0,24.0,22.1,23.7,23.5,23.9,24.0,23.5,0.7,0.06,68,19,7.0,27.2,0.1,0.5752,-0.818,22.8,24.0,24.0,station
2026-05-28,22.0,20.6,23.9,23.5,23.0,22.0,21.5,24.1,24.4,23.0,22.6,1.32,-0.4,68,46,20.9,23.25,0.6,0.561,-0.8278,22.4,23.0,23.0,station
2026-05-29,15.4,14.8,14.7,17.7,19.5,17.9,16.5,17.9,19.3,20.0,16.42,2.11,-1.9,74,48,18.1,18.17,2.5,0.5467,-0.8373,16.7,17.0,17.0,station
2026-05-30,16.2,16.6,16.8,16.9,19.6,16.4,16.4,16.5,17.6,18.1,17.22,1.36,0.22,63,13,15.4,28.29,0.0,0.5322,-0.8466,16.6,18.0,18.0,station
2026-05-31,19.3,20.3,19.9,20.0,23.5,18.8,19.8,20.2,19.9,20.8,20.6,1.66,0.7,59,19,14.4,29.83,0.0,0.5176,-0.8556,19.8,21.0,21.0,station
2026-06-01,19.9,21.4,22.6,22.9,25.5,20.0,21.2,22.6,22.6,23.1,22.46,2.07,0.56,65,26,18.6,27.35,1.5,0.5028,-0.8644,21.3,23.0,23.0,station
2026-06-02,22.9,23.8,24.4,24.6,26.4,22.8,23.2,24.5,24.4,25.4,24.42,1.29,0.36,64,8,7.6,29.15,0.0,0.4878,-0.8729,23.5,25.0,25.0,station
2026-06-03,23.5,22.9,25.3,24.0,21.0,21.7,22.1,25.6,24.0,25.5,23.34,1.58,-0.44,61,19,13.1,28.57,0.0,0.4728,-0.8812,24.1,26.0,26.0,station
2026-06-04,24.0,25.3,25.7,27.0,21.5,23.9,24.9,25.9,26.0,26.4,24.7,2.08,-0.72,65,13,11.8,28.48,0.2,0.4575,-0.8892,25.3,27.0,27.0,station
2026-06-05,25.4,23.9,26.4,26.7,,25.2,23.8,26.2,27.4,26.7,25.6,1.26,-0.26,70,59,13.8,25.38,1.7,0.4422,-0.8969,24.3,26.0,26.0,station
2026-06-06,24.5,24.0,26.1,26.5,,24.8,23.8,26.4,27.0,26.1,25.27,1.21,-0.34,65,31,16.5,28.12,0.1,0.4267,-0.9044,25.1,27.0,27.0,station
2026-06-07,24.5,25.8,26.5,26.8,,24.6,26.0,26.4,27.4,26.7,25.9,1.02,-0.32,56,11,17.8,29.06,0.0,0.4111,-0.9116,25.8,28.0,28.0,station
2026-06-08,24.8,25.5,25.3,26.8,,24.7,25.3,26.0,27.1,26.2,25.6,0.85,-0.26,57,11,15.1,28.78,1.3,0.3953,-0.9185,25.0,27.0,27.0,station
2026-06-09,23.6,25.0,25.5,25.8,,23.9,24.6,25.5,26.0,27.0,24.98,0.97,-0.42,58,60,9.8,26.56,0.2,0.3795,-0.9252,25.7,27.0,27.0,station
2026-06-10,22.7,21.0,23.2,23.9,23.6,21.5,21.0,22.7,24.0,23.4,22.88,1.14,0.36,74,59,11.5,24.13,5.1,0.3635,-0.9316,22.6,21.0,21.0,station
2026-06-11,24.5,25.4,25.4,26.2,26.3,24.4,25.1,26.0,26.4,27.2,25.56,0.73,-0.26,61,7,9.8,29.31,0.1,0.3474,-0.9377,25.3,27.0,27.0,station
2026-06-12,26.4,27.4,26.6,28.0,28.0,26.1,27.3,26.8,27.9,27.8,27.28,0.76,0.1,52,9,12.4,30.3,0.0,0.3312,-0.9436,27.3,29.0,29.0,station
2026-06-13,19.9,19.3,22.0,22.1,21.0,20.7,19.3,23.9,23.1,22.7,20.86,1.25,-1.08,79,71,11.1,21.01,11.4,0.3149,-0.9491,20.7,22.0,22.0,station
2026-06-14,20.0,20.3,19.9,21.5,19.7,20.0,20.0,20.5,21.0,20.2,20.28,0.72,-0.06,81,64,11.8,20.48,8.7,0.2986,-0.9544,20.8,21.0,21.0,station
2026-06-15,22.8,24.2,23.5,24.3,23.8,22.9,24.7,24.0,25.3,24.2,23.72,0.61,-0.5,61,3,9.1,31.11,0.0,0.2821,-0.9594,24.4,26.0,26.0,station
2026-06-16,26.2,27.4,26.2,27.7,28.5,26.2,27.2,26.7,27.9,27.4,27.2,1.0,0.12,45,6,14.4,31.16,0.0,0.2656,-0.9641,27.1,29.0,29.0,station
2026-06-17,26.2,28.0,28.0,29.1,30.1,26.8,28.0,27.4,29.3,30.3,28.28,1.45,-0.08,45,13,12.7,28.35,0.1,0.2489,-0.9685,28.1,30.0,30.0,station
2026-06-18,26.1,23.9,28.4,27.9,29.2,25.9,23.4,28.7,27.3,29.0,27.1,2.12,0.24,55,58,19.4,24.45,2.5,0.2322,-0.9727,28.4,30.0,30.0,station
2026-06-19,21.5,20.1,20.9,22.4,23.6,21.9,19.4,22.7,22.5,23.9,21.7,1.35,-0.38,78,86,18.9,14.81,24.2,0.2155,-0.9765,19.3,19.0,19.0,station
2026-06-20,22.1,21.9,22.3,23.6,23.3,22.8,21.9,23.2,23.4,24.7,22.64,0.76,-0.56,66,51,17.1,25.55,0.6,0.1986,-0.9801,22.4,23.0,23.0,station
2026-06-21,24.4,24.7,24.3,24.9,25.6,24.3,24.1,23.7,25.3,24.4,24.78,0.52,0.42,60,24,14.8,27.63,0.0,0.1818,-0.9833,24.9,25.0,25.0,station
2026-06-22,24.7,25.4,24.2,25.3,26.4,25.1,25.3,23.7,25.1,26.2,25.2,0.83,0.12,51,9,18.1,30.04,0.0,0.1648,-0.9863,25.9,26.0,26.0,station
2026-06-23,25.6,26.5,26.1,26.3,27.6,25.3,26.7,26.4,26.1,27.1,26.42,0.74,0.1,51,1,13.0,31.08,0.0,0.1478,-0.989,26.2,27.0,27.0,station
2026-06-24,27.1,27.8,26.4,28.8,27.9,26.5,27.4,26.0,27.8,28.0,27.6,0.9,0.46,50,1,15.8,30.96,0.0,0.1308,-0.9914,27.8,29.0,29.0,station
2026-06-25,27.1,27.9,27.7,28.3,29.3,27.2,27.7,27.5,28.6,29.5,28.06,0.82,-0.04,46,8,16.8,29.01,0.0,0.1137,-0.9935,28.6,29.0,29.0,station
2026-06-26,27.4,28.3,27.6,28.9,29.6,27.7,28.3,27.5,29.0,30.1,28.36,0.91,-0.16,48,4,18.7,30.67,0.0,0.0966,-0.9953,28.6,29.0,29.0,station
2026-06-27,26.4,26.8,26.0,26.9,28.7,27.1,26.9,26.5,27.3,29.0,26.96,1.04,-0.4,46,20,21.2,26.76,0.0,0.0795,-0.9968,27.9,28.0,28.0,station
2026-06-28,26.6,26.7,25.3,26.5,26.2,26.7,26.5,25.1,26.6,27.1,26.26,0.57,-0.14,45,0,16.2,31.59,0.0,0.0623,-0.9981,27.0,27.0,27.0,station
2026-06-29,28.9,29.5,27.5,28.8,29.3,29.0,29.4,27.2,28.7,29.1,28.8,0.78,0.12,44,1,14.8,31.03,0.0,0.0451,-0.999,29.0,29.0,29.0,station
2026-06-30,30.1,30.6,29.7,30.9,30.8,30.8,31.1,29.4,31.2,30.4,30.42,0.51,-0.16,42,0,16.9,31.35,0.0,0.028,-0.9996,30.9,32.0,32.0,station
2026-07-01,30.7,31.4,29.7,31.2,30.7,30.8,31.2,30.3,31.2,31.2,30.74,0.66,-0.2,35,0,15.0,31.35,0.0,0.0108,-0.9999,31.4,31.0,31.0,station
2026-07-02,31.8,31.5,31.9,33.7,33.3,32.4,31.6,31.8,33.6,33.4,32.44,0.99,-0.12,41,9,17.1,28.76,0.0,-0.0065,-1.0,32.0,33.0,33.0,station
2026-07-03,30.6,29.8,29.8,31.4,31.4,31.1,30.1,30.8,32.3,32.3,30.6,0.8,-0.72,46,11,16.8,28.2,0.0,-0.0237,-0.9997,30.9,31.0,31.0,station
2026-07-04,29.5,28.1,28.4,28.9,30.3,29.9,28.2,28.9,29.5,30.2,29.04,0.88,-0.3,46,10,18.5,28.83,0.0,-0.0408,-0.9992,29.7,29.0,29.0,station
2026-07-05,25.3,23.8,24.4,23.9,25.8,24.7,24.2,23.7,25.0,27.2,24.64,0.88,-0.32,56,30,17.2,24.02,0.7,-0.058,-0.9983,25.5,25.0,25.0,station
2026-07-06,25.3,25.5,26.0,25.8,25.4,25.9,26.0,26.0,26.9,25.4,25.6,0.29,-0.44,51,20,16.4,27.28,0.4,-0.0752,-0.9972,26.3,26.0,26.0,station
2026-07-07,26.3,26.6,26.1,27.5,27.2,27.3,27.4,26.7,27.7,26.5,26.74,0.59,-0.38,50,13,17.1,28.02,0.0,-0.0923,-0.9957,26.6,27.0,27.0,station
2026-07-08,28.3,28.2,27.9,28.5,29.2,28.4,28.6,28.2,28.8,28.6,28.42,0.49,-0.1,44,5,14.3,29.68,0.0,-0.1094,-0.994,28.5,28.0,28.0,station
2026-07-09,30.2,30.1,29.2,29.6,29.8,30.4,30.0,29.1,29.9,29.8,29.78,0.4,-0.06,40,11,16.2,29.54,0.0,-0.1265,-0.992,30.6,31.0,31.0,station
2026-07-10,27.4,27.7,27.7,28.1,29.0,28.3,27.6,28.4,28.3,29.5,27.98,0.62,-0.44,47,28,19.2,28.19,0.0,-0.1436,-0.9896,28.5,29.0,29.0,station
2026-07-11,28.8,29.1,28.2,28.6,28.8,28.8,29.2,27.7,28.5,29.0,28.7,0.33,0.06,43,0,12.7,31.07,0.0,-0.1606,-0.987,29.2,29.0,29.0,station
2026-07-12,30.1,30.5,30.4,30.0,31.3,30.3,30.6,30.3,30.4,31.0,30.46,0.51,-0.06,43,0,19.8,30.91,0.0,-0.1775,-0.9841,30.9,32.0,32.0,station
2026-07-13,32.0,31.6,31.2,31.3,31.8,32.0,31.3,31.3,31.1,31.7,31.58,0.33,0.1,44,1,21.2,30.49,0.0,-0.1944,-0.9809,31.4,32.0,32.0,station
2026-07-14,27.3,25.6,27.5,28.5,29.3,29.1,27.0,28.2,28.4,29.0,27.64,1.4,-0.7,54,22,19.2,26.54,0.1,-0.2113,-0.9774,27.6,28.0,28.0,station
2026-07-15,28.2,27.8,27.6,28.0,28.0,28.2,27.4,27.9,28.3,28.0,27.92,0.23,-0.04,47,16,17.6,27.83,0.0,-0.2281,-0.9736,28.9,28.0,28.0,station
2026-07-16,29.0,29.2,29.1,28.8,30.2,29.2,29.4,28.9,29.2,29.9,29.26,0.55,-0.06,47,4,20.6,30.17,0.0,-0.2448,-0.9696,29.4,30.0,30.0,station
2026-07-17,29.9,29.1,28.4,28.5,29.3,29.1,29.3,28.5,27.9,28.8,29.04,0.61,0.32,45,24,18.1,28.12,0.0,-0.2614,-0.9652,29.6,30.0,30.0,station
2026-07-18,28.8,28.8,28.5,28.4,29.4,29.5,29.2,29.0,28.3,29.8,28.78,0.39,-0.38,43,27,18.3,26.25,0.0,-0.278,-0.9606,29.8,29.0,29.0,station
2026-07-19,31.5,31.5,30.7,31.1,31.7,31.7,31.4,30.8,31.2,31.9,31.3,0.4,-0.1,41,0,14.9,30.14,0.0,-0.2945,-0.9557,31.6,32.0,32.0,station
2026-07-20,33.1,33.1,33.1,33.1,33.4,33.6,33.2,33.1,32.7,33.5,33.16,0.13,-0.06,39,2,20.6,29.56,0.0,-0.3109,-0.9505,33.2,33.0,33.0,station
2026-07-21,32.6,32.2,32.5,32.9,32.4,32.7,32.4,32.8,33.3,32.9,32.52,0.26,-0.3,33,1,22.8,29.98,0.0,-0.3272,-0.945,33.3,33.0,33.0,station
2026-07-22,31.0,31.0,30.4,30.7,30.9,31.8,31.0,31.5,31.2,31.4,30.8,0.25,-0.58,35,1,11.5,30.11,0.0,-0.3434,-0.9392,31.2,31.0,31.0,station
2026-07-23,28.3,28.2,30.4,28.8,29.4,29.6,28.0,32.3,28.7,30.4,29.02,0.91,-0.78,47,11,20.4,26.5,0.6,-0.3595,-0.9332,28.8,30.0,30.0,station
2026-07-24,27.5,26.8,27.5,25.5,28.0,28.9,27.3,27.5,25.7,28.9,27.06,0.97,-0.6,52,31,10.2,25.67,4.5,-0.3755,-0.9268,27.4,26.0,26.0,station
2026-07-25,20.7,19.0,18.4,18.5,16.9,22.9,18.2,25.8,18.5,18.1,18.7,1.37,-2.0,88,80,14.2,9.89,19.9,-0.3914,-0.9202,18.8,17.0,17.0,station
2026-07-26,22.6,22.0,23.1,22.7,22.7,22.6,22.5,23.0,23.2,22.3,22.62,0.4,-0.1,64,35,15.9,25.57,0.5,-0.4071,-0.9134,23.4,24.0,24.0,station
2026-07-27,26.0,26.4,27.1,25.0,26.5,26.3,26.4,27.7,25.4,27.1,26.2,0.78,-0.38,56,0,7.4,29.69,0.0,-0.4228,-0.9062,26.6,28.0,28.0,station
2026-07-28,28.8,29.0,29.5,28.5,30.3,29.3,28.7,30.6,27.8,29.8,29.22,0.7,-0.02,45,8,22.0,26.61,0.0,-0.4383,-0.8988,28.8,,,
