datum,p1_ifs,p1_aifs,p1_gfs,p1_icon,p1_gem,p2_ifs,p2_aifs,p2_gfs,p2_icon,p2_gem,mm_gem,mm_spreiding,run2run,rh_gem,bewolking_gem,wind_max,instraling_som,neerslag_som,doy_sin,doy_cos,era5_max,station_max,doel,doelbron
2021-01-01,,,,,,,,,,,,,,88,100,22.7,0.99,17.0,0.0172,0.9999,0.7,1.7,1.7,station
2021-01-02,,,,,,,,,,,,,,92,99,19.6,3.9,0.4,0.0344,0.9994,0.8,1.7,1.7,station
2021-01-03,,,,,,,,,,,,,,92,98,11.2,4.33,2.7,0.0516,0.9987,1.7,0.6,0.6,station
2021-01-04,,,,,,,,,,,,,,92,96,12.0,5.17,0.2,0.0688,0.9976,0.2,-1.1,-1.1,station
2021-01-05,,,,,,,,,,,,,,89,41,12.9,7.95,0.0,0.0859,0.9963,2.5,1.7,1.7,station
2021-01-06,,,,,,,,,,,,,,93,95,9.1,4.0,0.0,0.103,0.9947,2.1,3.3,3.3,station
2021-01-07,,,,,,,,,,,,,,82,88,15.1,4.68,0.5,0.1201,0.9928,2.6,3.3,3.3,station
2021-01-08,,,,,,,,,,,,,,79,99,16.7,2.67,0.0,0.1372,0.9905,1.0,2.2,2.2,station
2021-01-09,,,,,,,,,,,,,,82,80,13.7,7.58,0.0,0.1542,0.988,1.9,2.2,2.2,station
2021-01-10,,,,,,,,,,,,,,80,99,11.2,2.3,0.0,0.1712,0.9852,-1.6,-1.7,-1.7,station
2021-01-11,,,,,,,,,,,,,,82,84,20.8,4.9,0.0,0.1881,0.9821,-1.3,-1.1,-1.1,station
2021-01-12,,,,,,,,,,,,,,85,25,18.7,8.87,0.0,0.205,0.9788,3.9,2.8,2.8,station
2021-01-13,,,,,,,,,,,,,,83,95,16.7,5.46,0.0,0.2218,0.9751,6.0,4.4,4.4,station
2021-01-14,,,,,,,,,,,,,,87,72,16.1,3.73,4.9,0.2385,0.9711,5.1,3.9,3.9,station
2021-01-15,,,,,,,,,,,,,,90,63,16.2,5.97,1.4,0.2552,0.9669,2.9,2.8,2.8,station
2021-01-16,,,,,,,,,,,,,,87,93,17.6,2.57,2.3,0.2718,0.9624,3.3,2.2,2.2,station
2021-01-17,,,,,,,,,,,,,,88,96,10.1,2.46,2.7,0.2883,0.9575,0.8,1.1,1.1,station
2021-01-18,,,,,,,,,,,,,,80,90,14.9,5.68,0.0,0.3047,0.9524,-0.8,-1.1,-1.1,station
2021-01-19,,,,,,,,,,,,,,78,65,20.6,5.31,3.3,0.3211,0.9471,-0.6,0.0,0.0,station
2021-01-20,,,,,,,,,,,,,,65,47,30.1,10.02,0.0,0.3373,0.9414,0.4,1.1,1.1,station
2021-01-21,,,,,,,,,,,,,,68,21,29.5,10.22,0.0,0.3534,0.9355,4.2,3.9,3.9,station
2021-01-22,,,,,,,,,,,,,,58,13,22.4,10.6,0.0,0.3695,0.9292,-0.5,-2.2,-2.2,station
2021-01-23,,,,,,,,,,,,,,43,58,12.5,9.86,0.0,0.3854,0.9227,-0.4,-1.1,-1.1,station
2021-01-24,,,,,,,,,,,,,,66,87,13.5,6.61,2.3,0.4012,0.916,2.5,1.1,1.1,station
2021-01-25,,,,,,,,,,,,,,79,100,26.0,2.16,3.2,0.4169,0.9089,0.9,1.1,1.1,station
2021-01-26,,,,,,,,,,,,,,86,99,25.3,3.07,12.6,0.4325,0.9016,-0.8,0.0,0.0,station
2021-01-27,,,,,,,,,,,,,,79,81,15.3,6.08,0.0,0.4479,0.8941,-3.0,-2.8,-2.8,station
2021-01-28,,,,,,,,,,,,,,71,23,11.8,10.97,0.0,0.4633,0.8862,-5.3,-3.9,-3.9,station
2021-01-29,,,,,,,,,,,,,,76,61,13.7,10.99,0.0,0.4784,0.8781,-1.7,0.0,0.0,station
2021-01-30,,,,,,,,,,,,,,76,100,26.0,4.58,8.7,0.4935,0.8698,0.9,1.1,1.1,station
2021-01-31,,,,,,,,,,,,,,89,100,23.6,2.95,15.5,0.5084,0.8611,-0.3,0.0,0.0,station
2021-02-01,,,,,,,,,,,,,,83,66,17.4,7.36,0.1,0.5231,0.8523,-0.5,0.0,0.0,station
2021-02-02,,,,,,,,,,,,,,79,34,14.7,11.0,0.0,0.5377,0.8432,0.3,0.6,0.6,station
2021-02-03,,,,,,,,,,,,,,80,24,14.0,12.39,0.0,0.5521,0.8338,0.3,1.7,1.7,station
2021-02-04,,,,,,,,,,,,,,83,99,28.9,3.45,8.7,0.5664,0.8242,1.8,3.3,3.3,station
2021-02-05,,,,,,,,,,,,,,72,71,33.1,11.31,0.1,0.5805,0.8143,-5.5,-8.3,-8.3,station
2021-02-06,,,,,,,,,,,,,,75,54,19.8,8.8,2.0,0.5944,0.8042,-11.2,-11.1,-11.1,station
2021-02-07,,,,,,,,,,,,,,69,43,12.5,12.46,0.0,0.6081,0.7938,-15.4,-15.0,-15.0,station
2021-02-08,,,,,,,,,,,,,,75,97,10.4,8.9,1.5,0.6217,0.7833,-10.4,-10.0,-10.0,station
2021-02-09,,,,,,,,,,,,,,65,24,13.0,13.41,0.0,0.6351,0.7725,-9.9,-8.3,-8.3,station
2021-02-10,,,,,,,,,,,,,,67,99,14.0,7.59,0.2,0.6483,0.7614,-8.9,-8.9,-8.9,station
2021-02-11,,,,,,,,,,,,,,75,74,16.7,8.04,0.8,0.6613,0.7502,-8.1,-6.1,-6.1,station
2021-02-12,,,,,,,,,,,,,,75,96,13.0,10.39,1.7,0.6741,0.7387,-8.4,-8.9,-8.9,station
2021-02-13,,,,,,,,,,,,,,75,79,15.3,6.09,3.5,0.6867,0.727,-11.4,-11.1,-11.1,station
2021-02-14,,,,,,,,,,,,,,63,73,15.0,8.95,1.5,0.6991,0.715,-15.9,-16.1,-16.1,station
2021-02-15,,,,,,,,,,,,,,72,100,21.1,5.83,8.7,0.7113,0.7029,-11.1,-11.1,-11.1,station
2021-02-16,,,,,,,,,,,,,,73,98,20.2,10.98,4.1,0.7233,0.6906,-6.8,-6.7,-6.7,station
2021-02-17,,,,,,,,,,,,,,74,79,11.2,10.84,0.0,0.735,0.678,-6.5,-3.9,-3.9,station
2021-02-18,,,,,,,,,,,,,,79,93,8.3,7.02,1.0,0.7466,0.6653,-4.1,-3.3,-3.3,station
2021-02-19,,,,,,,,,,,,,,78,44,16.9,15.17,0.0,0.7579,0.6523,-7.1,-6.7,-6.7,station
2021-02-20,,,,,,,,,,,,,,77,7,11.2,15.46,0.0,0.769,0.6392,-3.6,-1.7,-1.7,station
2021-02-21,,,,,,,,,,,,,,79,86,24.3,9.18,4.2,0.7799,0.6259,2.3,2.8,2.8,station
2021-02-22,,,,,,,,,,,,,,82,95,25.5,11.92,0.8,0.7906,0.6124,3.0,4.4,4.4,station
2021-02-23,,,,,,,,,,,,,,77,33,26.5,14.8,0.0,0.801,0.5987,6.6,7.8,7.8,station
2021-02-24,,,,,,,,,,,,,,76,28,22.4,15.13,0.0,0.8112,0.5848,6.7,7.2,7.2,station
2021-02-25,,,,,,,,,,,,,,78,18,13.0,16.23,0.0,0.8211,0.5708,3.8,4.4,4.4,station
2021-02-26,,,,,,,,,,,,,,75,26,14.4,16.35,0.0,0.8308,0.5566,4.9,6.1,6.1,station
2021-02-27,,,,,,,,,,,,,,84,31,14.5,16.44,1.0,0.8402,0.5422,9.8,11.1,11.1,station
2021-02-28,,,,,,,,,,,,,,86,89,29.6,9.06,0.9,0.8495,0.5277,13.9,9.4,9.4,station
2021-03-01,,,,,,,,,,,,,,65,12,19.5,15.93,0.0,0.8584,0.513,1.1,1.1,1.1,station
2021-03-02,,,,,,,,,,,,,,62,0,23.3,16.87,0.0,0.8671,0.4981,6.5,6.1,6.1,station
2021-03-03,,,,,,,,,,,,,,69,0,20.4,16.79,0.0,0.8755,0.4831,14.1,13.9,13.9,station
2021-03-04,,,,,,,,,,,,,,79,38,18.0,14.43,0.0,0.8837,0.468,1.8,2.8,2.8,station
2021-03-05,,,,,,,,,,,,,,71,8,11.6,17.24,0.0,0.8916,0.4527,8.8,8.9,8.9,station
2021-03-06,,,,,,,,,,,,,,77,14,12.9,17.6,0.0,0.8993,0.4373,7.4,8.3,8.3,station
2021-03-07,,,,,,,,,,,,,,68,38,16.9,17.13,0.0,0.9067,0.4218,10.6,10.6,10.6,station
2021-03-08,,,,,,,,,,,,,,60,45,22.9,15.97,0.0,0.9138,0.4061,16.7,16.7,16.7,station
2021-03-09,,,,,,,,,,,,,,62,76,24.2,14.94,0.0,0.9207,0.3904,18.0,20.0,20.0,station
2021-03-10,,,,,,,,,,,,,,62,96,34.5,9.1,0.2,0.9272,0.3745,20.1,20.6,20.6,station
2021-03-11,,,,,,,,,,,,,,64,29,34.5,18.32,1.3,0.9335,0.3585,16.6,17.2,17.2,station
2021-03-12,,,,,,,,,,,,,,61,64,12.5,17.17,0.0,0.9396,0.3424,12.0,11.7,11.7,station
2021-03-13,,,,,,,,,,,,,,62,26,12.2,18.91,0.0,0.9453,0.3261,13.7,14.4,14.4,station
2021-03-14,,,,,,,,,,,,,,59,78,28.5,14.69,0.0,0.9508,0.3098,6.5,8.3,8.3,station
2021-03-15,,,,,,,,,,,,,,68,100,26.1,3.22,6.4,0.956,0.2934,3.1,3.9,3.9,station
2021-03-16,,,,,,,,,,,,,,82,80,11.4,10.17,0.0,0.9609,0.2769,5.2,3.3,3.3,station
2021-03-17,,,,,,,,,,,,,,87,78,25.6,9.7,9.1,0.9655,0.2604,6.3,3.3,3.3,station
2021-03-18,,,,,,,,,,,,,,79,93,35.0,9.61,6.4,0.9698,0.2437,5.7,6.1,6.1,station
2021-03-19,,,,,,,,,,,,,,58,3,24.3,20.84,0.0,0.9739,0.227,5.8,7.2,7.2,station
2021-03-20,,,,,,,,,,,,,,62,0,11.9,20.77,0.0,0.9777,0.2102,13.2,14.4,14.4,station
2021-03-21,,,,,,,,,,,,,,50,44,20.2,20.4,0.0,0.9811,0.1934,16.7,17.8,17.8,station
2021-03-22,,,,,,,,,,,,,,47,89,19.3,14.01,0.0,0.9843,0.1765,17.9,20.0,20.0,station
2021-03-23,,,,,,,,,,,,,,73,97,21.8,6.17,8.6,0.9872,0.1595,17.9,17.8,17.8,station
2021-03-24,,,13.7,,,,,,,,,,,78,73,32.9,8.41,4.2,0.9898,0.1425,15.2,14.4,14.4,station
2021-03-25,,,11.0,,,,,9.4,,,,,,81,100,24.3,10.71,3.6,0.9921,0.1255,10.5,9.4,9.4,station
2021-03-26,,,11.3,,,,,10.8,,,,,,84,95,23.1,8.59,1.6,0.9941,0.1084,8.1,6.7,6.7,station
2021-03-27,,,17.0,,,,,18.3,,,,,,83,87,24.8,12.16,2.5,0.9958,0.0913,18.9,18.3,18.3,station
2021-03-28,,,10.3,,,,,10.8,,,,,,62,55,31.2,15.08,0.0,0.9972,0.0741,10.6,10.0,10.0,station
2021-03-29,,,16.2,,,,,17.5,,,,,,58,23,31.1,20.03,0.0,0.9984,0.057,16.1,16.7,16.7,station
2021-03-30,,,14.1,,,,,12.1,,,,,,45,64,31.5,17.6,0.0,0.9992,0.0398,18.9,19.4,19.4,station
2021-03-31,,,7.3,,,,,7.4,,,,,,41,49,21.1,16.58,0.0,0.9997,0.0226,7.4,6.7,6.7,station
2021-04-01,,,3.4,,,,,3.7,,,,,,49,15,18.8,22.88,0.0,1.0,0.0054,3.5,3.9,3.9,station
2021-04-02,,,9.6,,,,,10.1,,,,,,52,10,17.0,23.16,0.0,0.9999,-0.0118,8.5,10.0,10.0,station
2021-04-03,,,17.6,,,,,17.1,,,,,,48,11,25.5,22.22,0.0,0.9996,-0.029,18.7,21.1,21.1,station
2021-04-04,,,22.0,,,,,21.6,,,,,,64,29,14.2,21.95,0.0,0.9989,-0.0462,22.5,23.9,23.9,station
2021-04-05,,,22.3,,,,,19.5,,,,,,63,81,21.6,11.18,1.2,0.998,-0.0634,21.8,24.4,24.4,station
2021-04-06,,,23.7,,,,,22.2,,,,,,55,66,23.2,17.9,0.0,0.9968,-0.0805,25.7,26.7,26.7,station
2021-04-07,,,23.6,,,,,25.0,,,,,,66,77,25.6,17.6,3.8,0.9952,-0.0977,26.1,27.2,27.2,station
2021-04-08,,,19.0,,,,,19.0,,,,,,82,97,23.2,8.46,22.5,0.9934,-0.1148,18.6,20.6,20.6,station
2021-04-09,,,17.8,,,,,16.0,,,,,,77,85,26.9,9.36,0.8,0.9913,-0.1319,16.8,16.1,16.1,station
2021-04-10,,,12.3,,,,,14.9,,,,,,95,86,16.4,4.22,13.1,0.9889,-0.1489,11.2,12.8,12.8,station
2021-04-11,,,13.3,,,,,10.5,,,,,,82,70,15.4,9.71,0.2,0.9861,-0.1659,12.6,13.3,13.3,station
2021-04-12,,,16.5,,,,,13.2,,,,,,70,47,25.3,21.08,2.6,0.9831,-0.1828,16.5,16.1,16.1,station
2021-04-13,,,13.9,,,,,13.7,,,,,,57,19,24.3,24.07,0.0,0.9799,-0.1997,12.7,11.7,11.7,station
2021-04-14,,,10.0,,,,,7.5,,,,,,54,59,18.1,17.15,0.0,0.9763,-0.2165,8.7,9.4,9.4,station
2021-04-15,,,13.1,,,,,13.1,,,,,,65,66,19.5,16.22,0.0,0.9724,-0.2333,12.7,12.2,12.2,station
2021-04-16,,,11.4,,,,,11.9,,,,,,74,38,12.8,22.83,0.0,0.9683,-0.25,12.7,12.8,12.8,station
2021-04-17,,,11.8,,,,,11.2,,,,,,70,75,12.2,21.71,0.0,0.9638,-0.2666,11.6,12.8,12.8,station
2021-04-18,,,15.3,,,,,12.7,,,,,,60,72,14.5,17.04,0.8,0.9591,-0.2831,15.1,16.7,16.7,station
2021-04-19,,,9.6,,,,,9.3,,,,,,59,81,18.4,7.95,1.6,0.9541,-0.2996,10.2,11.1,11.1,station
2021-04-20,,,5.6,,,,,6.2,,,,,,58,98,10.7,10.54,1.6,0.9488,-0.316,5.0,5.6,5.6,station
2021-04-21,,,6.5,,,,,8.0,,,,,,71,42,22.8,22.23,1.9,0.9432,-0.3322,8.8,8.3,8.3,station
2021-04-22,,,11.6,,,,,11.8,,,,,,57,34,24.5,21.44,0.0,0.9373,-0.3484,13.5,15.0,15.0,station
2021-04-23,,,14.6,,,,,10.0,,,,,,51,68,20.9,17.2,0.0,0.9312,-0.3645,14.9,16.1,16.1,station
2021-04-24,,,16.0,,,,,11.4,,,,,,75,86,17.9,10.0,0.8,0.9248,-0.3804,15.7,17.2,17.2,station
2021-04-25,,,8.9,,,,,8.4,,,,,,63,72,17.6,21.36,0.0,0.9181,-0.3963,8.7,8.3,8.3,station
2021-04-26,,,23.0,,,,,23.2,,,,,,49,59,31.0,23.69,0.0,0.9112,-0.412,23.9,25.6,25.6,station
2021-04-27,,,27.0,,,,,27.1,,,,,,55,85,23.9,20.53,0.0,0.9039,-0.4276,28.0,30.0,30.0,station
2021-04-28,,,21.3,,,,,20.9,,,,,,81,99,15.7,9.09,13.0,0.8965,-0.4431,19.7,10.6,10.6,station
2021-04-29,,,15.6,,,,,14.6,,,,,,76,68,15.2,14.19,4.6,0.8887,-0.4585,19.0,20.6,20.6,station
2021-04-30,,,14.1,,,,,15.3,,,,,,61,21,26.9,26.76,0.0,0.8807,-0.4737,13.1,12.8,12.8,station
2021-05-01,,,25.6,,,,,25.6,,,,,,48,19,36.6,23.94,0.0,0.8724,-0.4888,26.0,29.4,29.4,station
2021-05-02,,,25.0,,,,,26.3,,,,,,52,67,30.1,23.17,0.4,0.8639,-0.5037,27.2,28.9,28.9,station
2021-05-03,,,22.4,,,,,22.5,,,,,,78,98,20.0,14.95,3.7,0.8551,-0.5185,24.3,21.7,21.7,station
2021-05-04,,,14.8,,,,,13.8,,,,,,79,86,17.6,7.74,0.7,0.846,-0.5331,14.8,14.4,14.4,station
2021-05-05,,,14.8,,,,,15.7,,,,,,60,32,16.6,27.71,0.0,0.8367,-0.5476,14.5,15.6,15.6,station
2021-05-06,,,12.2,,,,,11.6,,,,,,67,69,16.9,13.64,6.6,0.8272,-0.5619,11.6,13.3,13.3,station
2021-05-07,,,12.2,,,,,13.2,,,,,,64,43,19.9,22.4,0.5,0.8174,-0.5761,14.9,14.4,14.4,station
2021-05-08,,,13.7,,,,,13.0,,,,,,69,67,14.2,18.4,3.9,0.8074,-0.59,11.1,11.7,11.7,station
2021-05-09,,,10.7,,,,,6.9,,,,,,76,68,18.8,19.06,12.3,0.7971,-0.6038,11.9,13.9,13.9,station
2021-05-10,,,11.2,,,,,10.4,,,,,,68,39,15.6,20.92,0.6,0.7866,-0.6175,10.4,10.6,10.6,station
2021-05-11,,,11.5,,,,,12.4,,,,,,63,28,16.8,23.22,0.2,0.7759,-0.6309,11.2,12.8,12.8,station
2021-05-12,,,15.4,,,,,15.6,,,,,,50,0,13.7,29.47,0.0,0.7649,-0.6442,15.8,16.1,16.1,station
2021-05-13,,,19.7,,,,,18.9,,,,,,43,20,15.4,25.5,0.0,0.7537,-0.6572,20.0,21.1,21.1,station
2021-05-14,,,20.8,,,,,20.1,,,,,,42,58,11.5,18.52,0.0,0.7423,-0.6701,20.5,21.7,21.7,station
2021-05-15,,,14.8,,,,,13.6,,,,,,59,92,16.3,9.3,2.0,0.7306,-0.6828,16.9,16.1,16.1,station
2021-05-16,,,23.3,,,,,19.6,,,,,,60,78,11.8,18.29,0.0,0.7188,-0.6952,23.0,21.7,21.7,station
2021-05-17,,,17.5,,,,,19.7,,,,,,70,92,18.2,14.99,0.0,0.7067,-0.7075,20.9,21.1,21.1,station
2021-05-18,,,17.0,,,,,15.6,,,,,,77,90,21.5,14.41,7.1,0.6945,-0.7195,24.3,23.9,23.9,station
2021-05-19,,,24.2,,,,,24.7,,,,,,81,99,22.5,14.54,8.4,0.682,-0.7314,25.7,23.9,23.9,station
2021-05-20,,,28.1,,,,,24.2,,,,,,63,98,24.9,19.41,0.3,0.6693,-0.743,28.5,29.4,29.4,station
2021-05-21,,,28.9,,,,,29.6,,,,,,60,98,23.0,21.57,0.0,0.6564,-0.7544,29.1,30.0,30.0,station
2021-05-22,,,28.6,,,,,29.0,,,,,,61,43,18.0,24.87,0.0,0.6433,-0.7656,30.2,31.1,31.1,station
2021-05-23,,,27.4,,,,,28.1,,,,,,79,81,13.5,15.25,2.6,0.6301,-0.7765,28.3,27.2,27.2,station
2021-05-24,,,29.7,,,,,29.8,,,,,,65,90,21.8,22.36,0.1,0.6166,-0.7873,32.0,31.7,31.7,station
2021-05-25,,,28.3,,,,,27.6,,,,,,63,90,30.5,18.51,7.2,0.603,-0.7978,29.1,28.9,28.9,station
2021-05-26,,,25.0,,,,,25.5,,,,,,62,58,23.5,26.42,2.1,0.5892,-0.808,27.3,27.8,27.8,station
2021-05-27,,,17.4,,,,,16.1,,,,,,71,99,26.5,12.87,7.7,0.5752,-0.818,13.9,14.4,14.4,station
2021-05-28,,,10.3,,,,,10.8,,,,,,85,100,30.5,7.29,10.7,0.561,-0.8278,9.5,10.0,10.0,station
2021-05-29,,,15.1,,,,,15.6,,,,,,49,20,20.6,31.11,0.0,0.5467,-0.8373,15.5,15.6,15.6,station
2021-05-30,,,21.5,,,,,20.0,,,,,,54,48,13.4,29.03,0.0,0.5322,-0.8466,20.2,20.6,20.6,station
2021-05-31,,,21.7,,,,,22.2,,,,,,57,90,17.2,15.02,0.1,0.5176,-0.8556,22.0,21.1,21.1,station
2021-06-01,,,25.4,,,,,25.1,,,,,,58,36,12.9,29.6,0.0,0.5028,-0.8644,24.3,24.4,24.4,station
2021-06-02,,,25.2,,,,,25.6,,,,,,60,47,14.7,25.55,0.0,0.4878,-0.8729,24.6,25.6,25.6,station
2021-06-03,,,28.1,,,,,27.8,,,,,,51,37,15.8,25.28,0.0,0.4728,-0.8812,29.6,30.0,30.0,station
2021-06-04,,,29.9,,,,,28.7,,,,,,37,24,24.7,27.94,0.0,0.4575,-0.8892,33.1,32.2,32.2,station
2021-06-05,,,31.1,,,,,30.8,,,,,,44,20,22.7,27.98,0.0,0.4422,-0.8969,33.3,32.8,32.8,station
2021-06-06,,,30.7,,,,,30.4,,,,,,53,45,25.5,23.7,1.2,0.4267,-0.9044,31.8,30.6,30.6,station
2021-06-07,,,26.1,,,,,27.0,,,,,,88,93,16.2,8.73,18.4,0.4111,-0.9116,26.1,26.7,26.7,station
2021-06-08,,,29.7,,,,,27.0,,,,,,83,77,9.3,18.67,6.5,0.3953,-0.9185,29.4,32.2,32.2,station
2021-06-09,,,29.0,,,,,28.5,,,,,,83,56,13.6,24.1,5.0,0.3795,-0.9252,28.8,31.7,31.7,station
2021-06-10,,,29.7,,,,,28.9,,,,,,77,50,11.9,24.87,0.4,0.3635,-0.9316,29.9,31.7,31.7,station
2021-06-11,,,33.2,,,,,32.4,,,,,,70,35,10.1,23.61,1.3,0.3474,-0.9377,33.3,32.8,32.8,station
2021-06-12,,,30.9,,,,,31.9,,,,,,73,56,12.2,22.99,3.8,0.3312,-0.9436,32.2,32.8,32.8,station
2021-06-13,,,29.9,,,,,29.7,,,,,,45,2,14.2,29.6,0.0,0.3149,-0.9491,29.3,30.0,30.0,station
2021-06-14,,,26.6,,,,,26.6,,,,,,49,20,22.6,26.74,0.0,0.2986,-0.9544,28.0,27.8,27.8,station
2021-06-15,,,24.3,,,,,24.6,,,,,,56,27,17.7,23.87,0.0,0.2821,-0.9594,25.1,25.0,25.0,station
2021-06-16,,,24.1,,,,,24.3,,,,,,48,8,14.3,30.57,0.0,0.2656,-0.9641,25.2,24.4,24.4,station
2021-06-17,,,29.4,,,,,29.6,,,,,,47,38,22.0,27.04,0.0,0.2489,-0.9685,33.1,31.1,31.1,station
2021-06-18,,,29.5,,,,,31.3,,,,,,51,72,23.7,22.76,0.0,0.2322,-0.9727,34.5,31.7,31.7,station
2021-06-19,,,27.5,,,,,29.5,,,,,,61,48,23.5,24.79,0.3,0.2155,-0.9765,33.9,31.7,31.7,station
2021-06-20,,,27.7,,,,,28.4,,,,,,77,87,15.0,16.62,10.9,0.1986,-0.9801,31.0,27.8,27.8,station
2021-06-21,,,22.3,,,,,20.8,,,,,,63,77,24.7,17.16,0.5,0.1818,-0.9833,22.6,21.7,21.7,station
2021-06-22,,,20.9,,,,,22.3,,,,,,53,54,22.0,20.4,0.0,0.1648,-0.9863,23.2,22.2,22.2,station
2021-06-23,,,22.4,,,,,23.4,,,,,,58,63,25.4,15.79,2.6,0.1478,-0.989,26.3,26.1,26.1,station
2021-06-24,,,20.9,,,,,24.0,,,,,,69,88,30.9,12.12,2.0,0.1308,-0.9914,25.2,24.4,24.4,station
2021-06-25,,,27.8,,,,,27.2,,,,,,91,97,24.3,11.66,42.2,0.1137,-0.9935,26.6,24.4,24.4,station
2021-06-26,,,25.4,,,,,28.8,,,,,,92,92,33.8,11.01,21.7,0.0966,-0.9953,26.7,27.8,27.8,station
2021-06-27,,,27.3,,,,,27.9,,,,,,80,65,24.7,20.79,1.5,0.0795,-0.9968,28.1,27.8,27.8,station
2021-06-28,,,26.0,,,,,24.2,,,,,,90,91,10.0,12.13,16.6,0.0623,-0.9981,25.6,27.8,27.8,station
2021-06-29,,,28.6,,,,,28.2,,,,,,89,82,17.2,11.64,20.5,0.0451,-0.999,27.6,28.9,28.9,station
2021-06-30,,,28.3,,,,,29.5,,,,,,88,93,10.7,15.39,7.3,0.028,-0.9996,26.9,28.3,28.3,station
2021-07-01,,,25.0,,,,,25.9,,,,,,79,37,20.8,29.4,0.6,0.0108,-0.9999,22.1,23.9,23.9,station
2021-07-02,,,23.2,,,,,23.0,,,,,,72,43,13.9,28.17,0.0,-0.0065,-1.0,21.4,22.2,22.2,station
2021-07-03,,,29.5,,,,,29.3,,,,,,66,3,15.7,28.21,0.0,-0.0237,-0.9997,29.8,29.4,29.4,station
2021-07-04,,,32.0,,,,,30.8,,,,,,68,51,15.8,27.68,0.0,-0.0408,-0.9992,31.7,31.1,31.1,station
2021-07-05,,,32.1,,,,,31.3,,,,,,67,27,25.3,28.88,0.0,-0.058,-0.9983,32.2,32.2,32.2,station
2021-07-06,,,32.1,,,,,32.3,,,,,,67,50,17.3,25.27,0.4,-0.0752,-0.9972,32.0,32.2,32.2,station
2021-07-07,,,26.5,,,,,25.8,,,,,,78,96,17.1,18.0,3.5,-0.0923,-0.9957,29.5,31.1,31.1,station
2021-07-08,,,23.8,,,,,25.2,,,,,,85,99,15.6,10.86,3.9,-0.1094,-0.994,20.6,20.0,20.0,station
2021-07-09,,,24.7,,,,,23.5,,,,,,66,61,11.3,27.15,0.0,-0.1265,-0.992,23.4,24.4,24.4,station
2021-07-10,,,23.1,,,,,26.1,,,,,,82,86,17.1,12.38,12.5,-0.1436,-0.9896,23.4,23.9,23.9,station
2021-07-11,,,20.4,,,,,19.7,,,,,,91,89,20.7,12.64,16.9,-0.1606,-0.987,21.0,21.7,21.7,station
2021-07-12,,,24.5,,,,,26.3,,,,,,92,93,13.7,11.49,28.2,-0.1775,-0.9841,23.6,23.3,23.3,station
2021-07-13,,,24.6,,,,,26.1,,,,,,87,74,12.8,14.53,26.3,-0.1944,-0.9809,26.1,26.1,26.1,station
2021-07-14,,,29.8,,,,,29.8,,,,,,77,70,22.8,21.24,0.3,-0.2113,-0.9774,29.6,28.9,28.9,station
2021-07-15,,,23.4,,,,,28.5,,,,,,84,99,25.2,10.87,13.0,-0.2281,-0.9736,25.6,25.6,25.6,station
2021-07-16,,,22.6,,,,,20.5,,,,,,87,99,17.4,10.3,4.2,-0.2448,-0.9696,21.9,22.8,22.8,station
2021-07-17,,,23.4,,,,,23.3,,,,,,77,58,17.2,24.19,0.0,-0.2614,-0.9652,24.0,24.4,24.4,station
2021-07-18,,,28.0,,,,,28.1,,,,,,75,34,12.1,24.94,0.4,-0.278,-0.9606,26.5,27.2,27.2,station
2021-07-19,,,30.3,,,,,30.9,,,,,,77,12,7.6,24.98,0.3,-0.2945,-0.9557,27.5,28.3,28.3,station
2021-07-20,,,31.7,,,,,31.1,,,,,,73,16,22.4,27.13,0.1,-0.3109,-0.9505,31.3,30.6,30.6,station
2021-07-21,,,25.7,,,,,25.8,,,,,,81,75,13.0,16.34,0.6,-0.3272,-0.945,23.3,23.3,23.3,station
2021-07-22,,,29.2,,,,,30.1,,,,,,83,65,11.3,17.62,2.3,-0.3434,-0.9392,28.6,29.4,29.4,station
2021-07-23,,,31.3,,,,,31.7,,,,,,78,54,14.6,21.21,2.3,-0.3595,-0.9332,30.6,31.7,31.7,station
2021-07-24,,,32.0,,,,,32.2,,,,,,77,52,23.1,21.48,2.1,-0.3755,-0.9268,32.0,32.8,32.8,station
2021-07-25,,,32.8,,,,,33.6,,,,,,55,61,13.8,26.63,0.0,-0.3914,-0.9202,32.8,32.2,32.2,station
2021-07-26,,,34.8,,,,,35.8,,,,,,50,2,12.0,27.91,0.0,-0.4071,-0.9134,32.9,33.9,33.9,station
2021-07-27,,,32.5,,,,,32.5,,,,,,63,51,18.0,25.16,0.0,-0.4228,-0.9062,32.5,30.0,30.0,station
2021-07-28,,,33.1,,,,,33.6,,,,,,73,70,17.3,19.81,1.1,-0.4383,-0.8988,31.6,31.1,31.1,station
2021-07-29,,,31.1,,,,,30.9,,,,,,74,50,30.0,23.55,0.2,-0.4537,-0.8912,31.8,31.1,31.1,station
2021-07-30,,,24.6,,,,,26.4,,,,,,68,59,19.0,21.8,0.6,-0.469,-0.8832,21.9,22.8,22.8,station
2021-07-31,,,27.4,,,,,26.6,,,,,,65,43,15.3,25.65,0.0,-0.4841,-0.875,28.2,26.1,26.1,station
2021-08-01,,,26.2,,,,,25.7,,,,,,73,20,19.9,22.4,0.7,-0.4991,-0.8666,23.8,23.9,23.9,station
2021-08-02,,,25.5,,,,,25.9,,,,,,72,35,7.6,18.57,0.4,-0.5139,-0.8578,23.6,25.0,25.0,station
2021-08-03,,,27.2,,,,,28.0,,,,,,64,20,8.6,22.61,0.4,-0.5286,-0.8489,26.4,28.3,28.3,station
2021-08-04,,,30.1,,,,,29.1,,,,,,65,17,8.6,22.15,0.5,-0.5431,-0.8397,27.5,29.4,29.4,station
2021-08-05,,,28.6,,,,,29.0,,,,,,61,33,17.9,23.63,0.0,-0.5575,-0.8302,29.6,29.4,29.4,station
2021-08-06,,,27.8,,,,,28.8,,,,,,84,97,21.4,12.33,14.4,-0.5717,-0.8205,25.6,27.8,27.8,station
2021-08-07,,,31.6,,,,,30.8,,,,,,80,78,14.9,20.39,3.2,-0.5857,-0.8105,30.0,31.1,31.1,station
2021-08-08,,,31.4,,,,,32.2,,,,,,74,78,25.4,21.78,7.9,-0.5996,-0.8003,31.1,32.8,32.8,station
2021-08-09,,,25.5,,,,,29.0,,,,,,91,99,24.3,9.4,23.6,-0.6132,-0.7899,27.3,27.8,27.8,station
2021-08-10,,,34.0,,,,,33.2,,,,,,83,80,24.1,19.76,29.9,-0.6267,-0.7792,33.0,33.3,33.3,station
2021-08-11,,,32.6,,,,,32.5,,,,,,85,87,32.7,17.96,12.9,-0.64,-0.7683,32.0,30.6,30.6,station
2021-08-12,,,33.1,,,,,33.5,,,,,,78,97,21.0,22.96,1.3,-0.6532,-0.7572,32.3,28.3,28.3,station
2021-08-13,,,30.1,,,,,30.2,,,,,,62,84,11.9,21.59,1.2,-0.6661,-0.7459,28.4,28.3,28.3,station
2021-08-14,,,27.9,,,,,28.7,,,,,,55,54,12.3,25.42,0.0,-0.6788,-0.7343,25.5,26.1,26.1,station
2021-08-15,,,26.5,,,,,26.9,,,,,,62,0,13.0,25.93,0.0,-0.6914,-0.7225,25.7,26.7,26.7,station
2021-08-16,,,26.8,,,,,26.8,,,,,,67,10,13.0,24.96,0.0,-0.7037,-0.7105,25.4,26.1,26.1,station
2021-08-17,,,29.9,,,,,28.1,,,,,,78,44,12.3,19.28,1.1,-0.7158,-0.6983,27.0,28.3,28.3,station
2021-08-18,,,30.5,,,,,31.1,,,,,,85,66,12.0,18.46,2.8,-0.7277,-0.6859,28.5,30.0,30.0,station
2021-08-19,,,31.9,,,,,32.4,,,,,,84,25,10.4,19.09,2.6,-0.7394,-0.6733,29.5,31.1,31.1,station
2021-08-20,,,31.6,,,,,32.3,,,,,,81,21,9.9,18.91,1.3,-0.7509,-0.6605,29.4,32.2,32.2,station
2021-08-21,,,31.1,,,,,30.5,,,,,,80,63,17.5,18.31,0.8,-0.7621,-0.6474,30.5,31.1,31.1,station
2021-08-22,,,28.9,,,,,27.3,,,,,,78,21,18.7,21.41,0.0,-0.7731,-0.6342,26.6,27.2,27.2,station
2021-08-23,,,31.3,,,,,32.0,,,,,,79,56,13.7,18.47,0.3,-0.7839,-0.6208,31.3,29.4,29.4,station
2021-08-24,,,31.8,,,,,33.2,,,,,,86,86,17.5,14.07,2.8,-0.7945,-0.6073,31.5,35.0,35.0,station
2021-08-25,,,33.5,,,,,34.0,,,,,,80,92,14.6,18.36,3.3,-0.8048,-0.5935,33.5,33.3,33.3,station
2021-08-26,,,34.6,,,,,34.7,,,,,,82,43,12.8,20.87,1.6,-0.8149,-0.5796,31.1,31.7,31.7,station
2021-08-27,,,32.9,,,,,33.2,,,,,,78,50,16.0,20.72,3.6,-0.8248,-0.5655,32.4,32.2,32.2,station
2021-08-28,,,33.3,,,,,34.3,,,,,,83,58,17.0,17.81,5.4,-0.8344,-0.5512,32.6,33.3,33.3,station
2021-08-29,,,32.4,,,,,32.7,,,,,,77,43,25.7,17.4,6.5,-0.8437,-0.5368,30.7,31.1,31.1,station
2021-08-30,,,29.4,,,,,30.1,,,,,,66,24,11.2,22.44,0.0,-0.8528,-0.5222,29.1,28.9,28.9,station
2021-08-31,,,27.7,,,,,27.6,,,,,,66,57,15.8,18.95,0.3,-0.8617,-0.5074,27.3,27.2,27.2,station
2021-09-01,,,24.7,,,,,25.0,,,,,,65,23,19.9,20.13,0.2,-0.8703,-0.4925,23.8,24.4,24.4,station
2021-09-02,,,25.5,,,,,25.4,,,,,,67,49,11.9,19.71,0.0,-0.8786,-0.4775,25.1,25.6,25.6,station
2021-09-03,,,22.5,,,,,24.9,,,,,,68,89,13.8,9.32,0.6,-0.8867,-0.4623,24.9,23.3,23.3,station
2021-09-04,,,25.0,,,,,23.5,,,,,,76,93,15.5,8.57,2.3,-0.8945,-0.447,25.2,22.8,22.8,station
2021-09-05,,,27.7,,,,,27.6,,,,,,58,15,20.5,20.01,0.0,-0.9021,-0.4315,27.4,27.8,27.8,station
2021-09-06,,,26.0,,,,,27.4,,,,,,59,18,17.1,22.33,0.0,-0.9094,-0.4159,26.9,27.2,27.2,station
2021-09-07,,,29.6,,,,,30.8,,,,,,74,38,30.1,15.2,4.1,-0.9164,-0.4002,30.1,31.1,31.1,station
2021-09-08,,,25.7,,,,,26.8,,,,,,54,21,23.4,19.11,0.0,-0.9232,-0.3844,24.9,26.1,26.1,station
2021-09-09,,,24.0,,,,,24.6,,,,,,65,29,10.5,16.91,0.0,-0.9296,-0.3685,23.1,23.9,23.9,station
2021-09-10,,,26.3,,,,,26.8,,,,,,63,14,13.3,21.08,0.0,-0.9358,-0.3524,25.8,26.1,26.1,station
2021-09-11,,,30.8,,,,,29.8,,,,,,67,29,21.4,20.07,0.0,-0.9418,-0.3363,30.5,30.0,30.0,station
2021-09-12,,,32.3,,,,,32.9,,,,,,69,64,18.1,18.95,0.0,-0.9474,-0.32,32.0,30.0,30.0,station
2021-09-13,,,31.0,,,,,31.0,,,,,,79,84,11.5,14.82,0.9,-0.9528,-0.3037,30.1,30.6,30.6,station
2021-09-14,,,30.8,,,,,31.6,,,,,,64,66,26.1,15.76,0.4,-0.9579,-0.2873,30.3,28.9,28.9,station
2021-09-15,,,25.9,,,,,24.9,,,,,,64,23,14.9,17.78,0.0,-0.9627,-0.2707,24.0,25.6,25.6,station
2021-09-16,,,28.0,,,,,27.9,,,,,,63,0,14.0,20.34,0.0,-0.9672,-0.2541,27.0,27.8,27.8,station
2021-09-17,,,30.5,,,,,31.3,,,,,,64,14,18.3,19.23,0.1,-0.9714,-0.2375,30.7,31.1,31.1,station
2021-09-18,,,25.6,,,,,27.4,,,,,,75,36,16.9,17.06,0.0,-0.9753,-0.2207,24.0,25.0,25.0,station
2021-09-19,,,31.5,,,,,31.7,,,,,,70,35,12.8,15.98,0.5,-0.979,-0.2039,30.3,31.1,31.1,station
2021-09-20,,,25.2,,,,,25.0,,,,,,81,73,23.0,9.64,7.1,-0.9824,-0.187,27.5,27.2,27.2,station
2021-09-21,,,22.5,,,,,22.6,,,,,,79,99,23.6,8.21,25.9,-0.9854,-0.1701,22.8,24.4,24.4,station
2021-09-22,,,16.7,,,,,17.7,,,,,,70,100,29.4,8.78,3.1,-0.9882,-0.1531,17.2,16.7,16.7,station
2021-09-23,,,17.4,,,,,18.6,,,,,,55,64,22.7,14.73,0.1,-0.9907,-0.1361,19.2,19.4,19.4,station
2021-09-24,,,25.2,,,,,25.1,,,,,,54,49,27.0,18.05,1.2,-0.9929,-0.1191,24.4,25.6,25.6,station
2021-09-25,,,20.4,,,,,21.4,,,,,,54,40,19.9,18.09,0.2,-0.9948,-0.102,20.2,20.6,20.6,station
2021-09-26,,,26.9,,,,,26.4,,,,,,44,41,25.3,17.1,0.0,-0.9964,-0.0848,26.6,27.8,27.8,station
2021-09-27,,,29.8,,,,,31.0,,,,,,61,8,23.0,18.09,0.0,-0.9977,-0.0677,29.7,29.4,29.4,station
2021-09-28,,,22.7,,,,,23.5,,,,,,74,16,13.6,17.83,0.0,-0.9987,-0.0505,21.7,22.8,22.8,station
2021-09-29,,,27.5,,,,,28.0,,,,,,76,27,11.7,17.9,0.0,-0.9994,-0.0333,25.6,27.2,27.2,station
2021-09-30,,,26.5,,,,,27.7,,,,,,72,85,12.1,15.05,0.0,-0.9999,-0.0161,25.3,26.1,26.1,station
2021-10-01,,,28.9,,,,,27.1,,,,,,68,38,13.0,15.75,0.0,-1.0,0.0011,29.6,29.4,29.4,station
2021-10-02,,,24.7,,,,,24.8,,,,,,80,92,16.5,7.26,8.0,-0.9998,0.0183,23.6,26.1,26.1,station
2021-10-03,,,23.0,,,,,22.8,,,,,,92,93,13.2,10.1,23.7,-0.9994,0.0355,23.4,24.4,24.4,station
2021-10-04,,,19.8,,,,,20.7,,,,,,92,73,20.6,9.05,4.7,-0.9986,0.0527,20.5,22.8,22.8,station
2021-10-05,,,21.3,,,,,21.1,,,,,,92,82,16.4,5.85,1.0,-0.9976,0.0698,18.4,19.4,19.4,station
2021-10-06,,,22.2,,,,,22.5,,,,,,92,81,16.8,7.46,3.8,-0.9962,0.087,20.2,20.0,20.0,station
2021-10-07,,,20.4,,,,,21.7,,,,,,92,84,13.7,7.02,18.1,-0.9946,0.1041,23.0,23.3,23.3,station
2021-10-08,,,23.7,,,,,25.1,,,,,,91,58,11.2,12.0,8.3,-0.9926,0.1212,23.0,23.9,23.9,station
2021-10-09,,,26.7,,,,,26.6,,,,,,82,51,14.4,14.61,0.9,-0.9904,0.1383,25.6,26.7,26.7,station
2021-10-10,,,27.5,,,,,28.6,,,,,,75,82,21.8,8.24,0.6,-0.9879,0.1553,25.5,25.6,25.6,station
2021-10-11,,,26.0,,,,,26.4,,,,,,81,93,23.0,6.64,10.8,-0.9851,0.1722,23.8,25.0,25.0,station
2021-10-12,,,21.9,,,,,21.5,,,,,,84,92,23.1,7.02,6.1,-0.9819,0.1892,21.4,17.8,17.8,station
2021-10-13,,,21.8,,,,,23.3,,,,,,88,95,19.9,9.38,1.0,-0.9785,0.206,22.1,21.1,21.1,station
2021-10-14,,,19.6,,,,,20.3,,,,,,78,71,16.6,7.88,9.0,-0.9749,0.2228,20.5,21.7,21.7,station
2021-10-15,,,15.6,,,,,15.8,,,,,,74,77,14.0,6.03,1.2,-0.9709,0.2396,15.3,16.1,16.1,station
2021-10-16,,,14.9,,,,,15.2,,,,,,53,17,25.0,13.83,0.0,-0.9666,0.2562,14.4,15.0,15.0,station
2021-10-17,,,18.5,,,,,18.8,,,,,,55,4,17.5,15.14,0.0,-0.9621,0.2728,17.6,18.9,18.9,station
2021-10-18,,,20.7,,,,,20.8,,,,,,66,0,11.7,14.62,0.0,-0.9572,0.2893,20.5,21.7,21.7,station
2021-10-19,,,21.6,,,,,21.8,,,,,,67,24,15.6,13.2,0.0,-0.9521,0.3057,20.1,21.7,21.7,station
2021-10-20,,,22.2,,,,,22.5,,,,,,67,65,19.7,12.72,1.9,-0.9467,0.3221,21.2,22.2,22.2,station
2021-10-21,,,18.1,,,,,18.4,,,,,,78,86,24.9,4.82,1.5,-0.941,0.3383,17.4,17.8,17.8,station
2021-10-22,,,13.3,,,,,13.9,,,,,,65,91,10.9,10.52,0.0,-0.9351,0.3545,13.1,13.3,13.3,station
2021-10-23,,,13.3,,,,,13.9,,,,,,64,34,9.7,13.41,0.0,-0.9288,0.3705,12.4,12.8,12.8,station
2021-10-24,,,11.8,,,,,11.7,,,,,,88,93,31.9,1.72,30.4,-0.9223,0.3864,9.5,10.0,10.0,station
2021-10-25,,,12.3,,,,,14.1,,,,,,82,93,32.4,3.28,11.4,-0.9155,0.4022,10.7,11.7,11.7,station
2021-10-26,,,13.5,,,,,13.0,,,,,,76,44,12.7,10.98,0.2,-0.9085,0.4179,13.1,13.3,13.3,station
2021-10-27,,,14.5,,,,,14.9,,,,,,78,65,14.8,13.23,0.0,-0.9012,0.4335,12.2,13.3,13.3,station
2021-10-28,,,12.4,,,,,12.6,,,,,,89,100,18.5,1.82,10.7,-0.8936,0.4489,12.7,13.3,13.3,station
2021-10-29,,,12.7,,,,,12.7,,,,,,95,100,25.1,1.69,21.8,-0.8857,0.4642,12.3,12.8,12.8,station
2021-10-30,,,15.4,,,,,15.2,,,,,,82,65,22.7,10.85,0.9,-0.8776,0.4794,14.9,15.0,15.0,station
2021-10-31,,,11.8,,,,,12.3,,,,,,72,33,21.4,7.52,0.1,-0.8692,0.4944,11.5,11.7,11.7,station
2021-11-01,,,8.3,,,,,8.9,,,,,,55,63,22.2,9.48,0.0,-0.8606,0.5093,8.7,8.3,8.3,station
2021-11-02,,,6.9,,,,,7.0,,,,,,60,26,20.6,11.25,0.0,-0.8517,0.524,7.2,7.8,7.8,station
2021-11-03,,,6.8,,,,,7.1,,,,,,65,44,9.7,9.89,0.0,-0.8426,0.5386,6.5,7.2,7.2,station
2021-11-04,,,8.3,,,,,8.8,,,,,,68,52,11.6,8.32,0.0,-0.8332,0.553,8.0,7.8,7.8,station
2021-11-05,,,10.4,,,,,10.5,,,,,,70,11,17.5,11.85,0.0,-0.8235,0.5672,10.2,10.6,10.6,station
2021-11-06,,,13.0,,,,,13.2,,,,,,64,30,18.6,10.76,0.0,-0.8137,0.5813,13.3,15.0,15.0,station
2021-11-07,,,16.3,,,,,15.3,,,,,,73,50,19.9,10.77,0.0,-0.8035,0.5952,16.8,18.3,18.3,station
2021-11-08,,,17.4,,,,,17.8,,,,,,72,33,19.2,10.8,0.0,-0.7932,0.609,17.3,17.8,17.8,station
2021-11-09,,,13.3,,,,,15.5,,,,,,84,63,18.4,8.09,0.0,-0.7826,0.6225,13.5,14.4,14.4,station
2021-11-10,,,14.6,,,,,15.1,,,,,,82,85,18.6,8.73,0.1,-0.7718,0.6359,12.8,13.3,13.3,station
2021-11-11,,,14.6,,,,,13.8,,,,,,72,77,29.9,3.53,10.9,-0.7607,0.6491,12.8,13.9,13.9,station
2021-11-12,,,7.1,,,,,7.5,,,,,,68,83,29.2,6.07,1.4,-0.7494,0.6621,6.0,6.1,6.1,station
2021-11-13,,,3.6,,,,,4.0,,,,,,70,86,19.8,5.41,0.6,-0.7379,0.6749,4.8,3.3,3.3,station
2021-11-14,,,3.3,,,,,3.0,,,,,,75,80,29.1,3.43,1.5,-0.7262,0.6875,3.1,2.8,2.8,station
2021-11-15,,,2.3,,,,,3.3,,,,,,72,84,12.6,3.37,0.6,-0.7143,0.6998,1.1,2.2,2.2,station
2021-11-16,,,9.1,,,,,10.2,,,,,,79,92,21.8,8.97,0.0,-0.7021,0.712,10.5,13.3,13.3,station
2021-11-17,,,14.0,,,,,14.3,,,,,,82,99,24.7,2.13,10.0,-0.6898,0.724,15.9,16.1,16.1,station
2021-11-18,,,5.7,,,,,5.5,,,,,,51,55,30.3,7.46,0.0,-0.6772,0.7358,5.7,3.9,3.9,station
2021-11-19,,,3.6,,,,,3.2,,,,,,64,64,15.2,9.02,0.0,-0.6645,0.7473,3.3,4.4,4.4,station
2021-11-20,,,9.3,,,,,8.9,,,,,,63,96,17.8,4.83,0.0,-0.6515,0.7586,8.5,10.0,10.0,station
2021-11-21,,,10.9,,,,,11.1,,,,,,69,57,27.2,7.83,0.7,-0.6384,0.7697,11.5,12.2,12.2,station
2021-11-22,,,1.1,,,,,1.2,,,,,,47,13,18.8,10.0,0.0,-0.625,0.7806,1.0,1.7,1.7,station
2021-11-23,,,4.9,,,,,5.0,,,,,,46,33,21.6,9.45,0.0,-0.6115,0.7912,5.6,6.1,6.1,station
2021-11-24,,,9.9,,,,,10.2,,,,,,60,84,24.7,3.19,0.6,-0.5978,0.8016,10.1,11.7,11.7,station
2021-11-25,,,8.2,,,,,9.7,,,,,,79,87,23.4,1.89,1.9,-0.584,0.8118,8.6,8.9,8.9,station
2021-11-26,,,-0.2,,,,,-0.0,,,,,,46,67,14.9,8.15,0.0,-0.5699,0.8217,-0.2,-0.6,-0.6,station
2021-11-27,,,2.6,,,,,4.6,,,,,,69,71,15.8,4.22,0.4,-0.5557,0.8314,3.9,5.6,5.6,station
2021-11-28,,,2.9,,,,,2.7,,,,,,61,17,26.0,8.76,0.0,-0.5413,0.8408,2.5,5.0,5.0,station
2021-11-29,,,4.1,,,,,4.5,,,,,,57,87,19.5,2.88,0.2,-0.5268,0.85,4.1,5.0,5.0,station
2021-11-30,,,9.3,,,,,6.9,,,,,,70,56,16.8,9.0,0.0,-0.5121,0.859,8.9,11.7,11.7,station
2021-12-01,,,9.0,,,,,8.7,,,,,,81,92,21.9,6.11,0.4,-0.4972,0.8676,10.5,9.4,9.4,station
2021-12-02,,,11.3,,,,,12.2,,,,,,59,74,26.4,8.14,0.5,-0.4822,0.8761,13.0,13.9,13.9,station
2021-12-03,,,8.6,,,,,7.1,,,,,,79,78,9.8,6.02,0.0,-0.4671,0.8842,9.1,10.0,10.0,station
2021-12-04,,,5.5,,,,,5.0,,,,,,66,72,12.1,5.75,0.0,-0.4518,0.8921,4.2,5.6,5.6,station
2021-12-05,,,7.2,,,,,9.9,,,,,,73,100,19.6,1.44,11.2,-0.4364,0.8998,7.3,5.0,5.0,station
2021-12-06,,,6.4,,,,,8.7,,,,,,59,55,31.7,7.16,0.0,-0.4208,0.9071,2.6,3.3,3.3,station
2021-12-07,,,-2.9,,,,,-4.0,,,,,,32,88,15.5,6.27,0.0,-0.4052,0.9142,-3.7,-3.3,-3.3,station
2021-12-08,,,-0.7,,,,,0.5,,,,,,56,46,13.4,8.56,0.0,-0.3894,0.9211,0.8,1.7,1.7,station
2021-12-09,,,5.2,,,,,3.5,,,,,,70,81,20.7,2.33,0.0,-0.3735,0.9276,6.6,7.8,7.8,station
2021-12-10,,,13.3,,,,,12.4,,,,,,86,82,32.4,5.97,21.0,-0.3575,0.9339,13.9,15.6,15.6,station
2021-12-11,,,15.6,,,,,16.1,,,,,,73,62,39.6,5.37,2.1,-0.3413,0.9399,14.6,14.4,14.4,station
2021-12-12,,,7.6,,,,,7.5,,,,,,56,35,23.9,8.35,0.0,-0.3251,0.9457,8.5,8.9,8.9,station
2021-12-13,,,8.6,,,,,7.9,,,,,,65,40,23.5,8.17,0.0,-0.3088,0.9511,9.2,9.4,9.4,station
2021-12-14,,,9.1,,,,,9.4,,,,,,79,80,18.7,6.83,1.7,-0.2924,0.9563,10.3,11.7,11.7,station
2021-12-15,,,16.4,,,,,16.3,,,,,,88,100,41.0,2.18,1.8,-0.2759,0.9612,18.6,18.9,18.9,station
2021-12-16,,,18.1,,,,,17.7,,,,,,59,13,42.3,8.18,1.9,-0.2593,0.9658,17.3,18.3,18.3,station
2021-12-17,,,3.5,,,,,3.3,,,,,,66,52,15.7,8.04,0.0,-0.2427,0.9701,2.3,4.4,4.4,station
2021-12-18,,,2.8,,,,,3.5,,,,,,83,86,16.6,2.37,5.4,-0.226,0.9741,3.4,4.4,4.4,station
2021-12-19,,,1.5,,,,,1.7,,,,,,77,45,18.4,6.49,0.0,-0.2092,0.9779,2.0,2.8,2.8,station
2021-12-20,,,4.9,,,,,3.2,,,,,,77,53,22.1,7.57,0.0,-0.1923,0.9813,4.8,5.6,5.6,station
2021-12-21,,,4.1,,,,,3.3,,,,,,70,37,24.5,7.37,0.0,-0.1754,0.9845,4.2,4.4,4.4,station
2021-12-22,,,-1.1,,,,,-1.3,,,,,,48,31,19.4,8.19,0.0,-0.1585,0.9874,-0.7,-0.6,-0.6,station
2021-12-23,,,5.3,,,,,5.1,,,,,,68,96,19.2,5.69,0.0,-0.1414,0.9899,7.5,7.8,7.8,station
2021-12-24,,,10.7,,,,,10.0,,,,,,94,97,24.1,3.0,0.1,-0.1244,0.9922,13.9,13.3,13.3,station
2021-12-25,,,11.2,,,,,9.8,,,,,,85,63,14.7,4.8,3.3,-0.1073,0.9942,11.4,12.2,12.2,station
2021-12-26,,,4.8,,,,,4.5,,,,,,84,52,23.4,6.53,0.1,-0.0902,0.9959,5.3,6.1,6.1,station
2021-12-27,,,7.9,,,,,10.5,,,,,,84,93,26.4,4.95,31.2,-0.073,0.9973,9.7,7.8,7.8,station
2021-12-28,,,2.5,,,,,4.3,,,,,,83,100,19.7,0.97,13.2,-0.0559,0.9984,2.0,2.8,2.8,station
2021-12-29,,,1.8,,,,,4.4,,,,,,79,100,16.2,5.76,1.3,-0.0387,0.9993,1.9,2.2,2.2,station
2021-12-30,,,3.5,,,,,2.2,,,,,,78,98,10.2,4.97,0.4,-0.0215,0.9998,3.8,2.8,2.8,station
2021-12-31,,,5.2,,,,,5.9,,,,,,88,85,16.6,4.53,0.5,-0.0043,1.0,5.6,,,
2022-01-01,,,2.7,,,,,2.0,,,,,,88,100,29.2,1.27,9.4,0.0172,0.9999,3.2,2.8,2.8,station
2022-01-02,,,-2.5,,,,,-2.2,,,,,,82,68,22.8,7.21,2.8,0.0344,0.9994,-2.5,-2.8,-2.8,station
2022-01-03,,,-6.9,,,,,-6.6,,,,,,75,1,16.1,8.88,0.0,0.0516,0.9987,-7.0,-5.6,-5.6,station
2022-01-04,,,0.4,,,,,0.6,,,,,,73,65,21.9,7.44,0.0,0.0688,0.9976,0.7,1.1,1.1,station
2022-01-05,,,0.2,,,,,0.6,,,,,,74,75,34.4,7.53,0.0,0.0859,0.9963,-1.0,0.6,0.6,station
2022-01-06,,,-8.8,,,,,-9.1,,,,,,78,55,21.2,8.18,0.0,0.103,0.9947,-10.9,-9.4,-9.4,station
2022-01-07,,,-9.6,,,,,-8.5,,,,,,73,31,17.5,9.23,0.0,0.1201,0.9928,-11.6,-10.0,-10.0,station
2022-01-08,,,-0.2,,,,,0.4,,,,,,71,64,20.5,4.18,0.4,0.1372,0.9905,0.1,1.1,1.1,station
2022-01-09,,,0.8,,,,,0.7,,,,,,75,46,22.5,9.28,0.2,0.1542,0.988,0.9,1.1,1.1,station
2022-01-10,,,-10.1,,,,,-11.3,,,,,,60,33,15.8,9.51,0.2,0.1712,0.9852,-10.2,-8.9,-8.9,station
2022-01-11,,,1.6,,,,,1.6,,,,,,56,18,30.0,9.16,0.0,0.1881,0.9821,2.1,2.2,2.2,station
2022-01-12,,,1.2,,,,,1.8,,,,,,83,84,19.3,4.95,0.1,0.205,0.9788,3.7,5.0,5.0,station
2022-01-13,,,0.7,,,,,0.3,,,,,,90,86,10.4,6.67,0.0,0.2218,0.9751,5.1,4.4,4.4,station
2022-01-14,,,0.1,,,,,-0.8,,,,,,79,100,20.0,2.83,0.6,0.2385,0.9711,0.9,1.7,1.7,station
2022-01-15,,,-3.9,,,,,-3.9,,,,,,74,94,21.3,4.37,1.5,0.2552,0.9669,-3.5,-3.9,-3.9,station
2022-01-16,,,-2.5,,,,,-2.4,,,,,,54,49,11.0,8.54,0.4,0.2718,0.9624,-1.5,-2.8,-2.8,station
2022-01-17,,,-2.5,,,,,-2.2,,,,,,73,62,20.8,5.86,0.0,0.2883,0.9575,-1.8,-2.2,-2.2,station
2022-01-18,,,3.0,,,,,2.7,,,,,,74,58,28.8,8.72,0.0,0.3047,0.9524,6.2,6.7,6.7,station
2022-01-19,,,2.0,,,,,1.6,,,,,,63,59,27.6,8.52,0.0,0.3211,0.9471,4.1,3.9,3.9,station
2022-01-20,,,-9.3,,,,,-8.7,,,,,,46,8,16.4,10.31,0.0,0.3373,0.9414,-7.5,-7.2,-7.2,station
2022-01-21,,,-4.9,,,,,-4.4,,,,,,50,40,15.8,8.95,0.0,0.3534,0.9355,-3.8,-3.9,-3.9,station
2022-01-22,,,-2.7,,,,,-2.9,,,,,,54,96,28.6,6.19,0.6,0.3695,0.9292,0.4,0.0,0.0,station
2022-01-23,,,-6.3,,,,,-6.8,,,,,,70,76,18.7,9.45,6.5,0.3854,0.9227,-6.3,-6.1,-6.1,station
2022-01-24,,,-2.9,,,,,-2.3,,,,,,77,74,17.6,6.52,3.2,0.4012,0.916,-2.7,-3.9,-3.9,station
2022-01-25,,,-11.6,,,,,-10.4,,,,,,72,6,16.0,11.16,0.0,0.4169,0.9089,-12.1,-11.1,-11.1,station
2022-01-26,,,-10.6,,,,,-11.7,,,,,,69,18,19.2,11.42,0.0,0.4325,0.9016,-12.6,-9.4,-9.4,station
2022-01-27,,,-2.4,,,,,-1.5,,,,,,69,94,20.9,7.25,0.6,0.4479,0.8941,-1.0,0.0,0.0,station
2022-01-28,,,-6.6,,,,,-7.8,,,,,,76,76,16.4,6.53,3.2,0.4633,0.8862,-4.1,-4.4,-4.4,station
2022-01-29,,,-5.9,,,,,-6.6,,,,,,73,69,14.8,10.91,0.0,0.4784,0.8781,-6.3,-5.6,-5.6,station
2022-01-30,,,-3.7,,,,,-3.0,,,,,,77,64,13.3,7.37,0.0,0.4935,0.8698,-1.5,-1.1,-1.1,station
2022-01-31,,,-1.1,,,,,-0.7,,,,,,80,96,17.7,10.85,0.0,0.5084,0.8611,-0.4,0.6,0.6,station
2022-02-01,,,4.3,,,,,2.8,,,,,,78,98,22.3,5.46,3.9,0.5231,0.8523,7.4,7.8,7.8,station
2022-02-02,,,-3.7,,,,,-3.9,,,,,,76,100,19.2,3.33,11.2,0.5377,0.8432,0.2,-0.6,-0.6,station
2022-02-03,,,-4.5,,,,,-4.4,,,,,,76,99,24.2,4.42,3.2,0.5521,0.8338,-5.3,-4.4,-4.4,station
2022-02-04,,,-5.4,,,,,-5.6,,,,,,75,87,15.9,10.72,0.4,0.5664,0.8242,-5.3,-4.4,-4.4,station
2022-02-05,,,-7.5,,,,,-7.6,,,,,,72,28,22.3,12.08,0.0,0.5805,0.8143,-8.8,-7.2,-7.2,station
2022-02-06,,,-0.3,,,,,-0.6,,,,,,77,31,22.9,11.33,0.0,0.5944,0.8042,-0.5,0.6,0.6,station
2022-02-07,,,-1.0,,,,,-2.0,,,,,,78,58,15.6,10.68,0.0,0.6081,0.7938,-2.9,-1.7,-1.7,station
2022-02-08,,,2.2,,,,,2.0,,,,,,79,60,20.6,12.45,0.0,0.6217,0.7833,2.4,3.3,3.3,station
2022-02-09,,,2.3,,,,,2.2,,,,,,80,70,22.9,7.26,0.2,0.6351,0.7725,4.8,4.4,4.4,station
2022-02-10,,,0.3,,,,,-1.9,,,,,,69,85,22.1,9.4,0.4,0.6483,0.7614,0.7,1.1,1.1,station
2022-02-11,,,4.7,,,,,4.4,,,,,,76,92,31.1,7.07,2.8,0.6613,0.7502,7.5,6.7,6.7,station
2022-02-12,,,-4.3,,,,,-3.6,,,,,,50,43,22.9,13.7,0.2,0.6741,0.7387,-2.8,-3.3,-3.3,station
2022-02-13,,,-8.5,,,,,-8.0,,,,,,45,82,13.4,12.2,0.0,0.6867,0.727,-6.7,-7.2,-7.2,station
2022-02-14,,,-3.7,,,,,-1.8,,,,,,46,70,11.1,12.74,0.0,0.6991,0.715,-1.8,-3.3,-3.3,station
2022-02-15,,,2.6,,,,,2.1,,,,,,62,93,24.9,12.42,0.0,0.7113,0.7029,4.2,7.2,7.2,station
2022-02-16,,,9.2,,,,,9.3,,,,,,68,100,31.9,8.11,12.3,0.7233,0.6906,13.7,12.8,12.8,station
2022-02-17,,,2.4,,,,,8.3,,,,,,75,96,29.2,3.8,14.6,0.735,0.678,4.4,3.3,3.3,station
2022-02-18,,,-1.7,,,,,-1.5,,,,,,55,25,32.9,14.66,0.2,0.7466,0.6653,-0.8,-1.1,-1.1,station
2022-02-19,,,-3.3,,,,,-2.7,,,,,,55,19,31.8,15.35,0.2,0.7579,0.6523,-1.5,-5.6,-5.6,station
2022-02-20,,,6.0,,,,,5.3,,,,,,54,39,30.7,14.73,0.0,0.769,0.6392,11.8,8.3,8.3,station
2022-02-21,,,6.2,,,,,6.8,,,,,,84,84,15.6,12.84,0.0,0.7799,0.6259,10.6,8.9,8.9,station
2022-02-22,,,6.7,,,,,3.6,,,,,,92,100,19.5,3.4,15.1,0.7906,0.6124,10.5,5.6,5.6,station
2022-02-23,,,-4.5,,,,,-4.1,,,,,,53,82,21.5,14.68,0.0,0.801,0.5987,-3.0,-5.0,-5.0,station
2022-02-24,,,-2.6,,,,,-2.5,,,,,,67,100,19.6,4.9,3.4,0.8112,0.5848,-2.8,-2.8,-2.8,station
2022-02-25,,,-2.5,,,,,-1.8,,,,,,76,89,13.8,9.18,2.8,0.8211,0.5708,-1.9,-1.1,-1.1,station
2022-02-26,,,-1.1,,,,,-0.2,,,,,,58,5,20.6,16.39,0.0,0.8308,0.5566,1.8,-0.6,-0.6,station
2022-02-27,,,1.2,,,,,0.8,,,,,,51,9,22.9,15.79,0.0,0.8402,0.5422,6.4,5.6,5.6,station
2022-02-28,,,5.9,,,,,5.3,,,,,,68,59,26.5,15.55,0.0,0.8495,0.5277,12.1,11.1,11.1,station
2022-03-01,,,7.8,,,,,5.5,,,,,,73,82,15.1,8.28,0.0,0.8584,0.513,9.7,11.7,11.7,station
2022-03-02,,,7.5,,,,,8.7,,,,,,78,64,18.2,11.61,1.2,0.8671,0.4981,12.5,13.9,13.9,station
2022-03-03,,,1.1,,,,,1.5,,,,,,64,94,17.7,15.01,0.0,0.8755,0.4831,0.7,0.6,0.6,station
2022-03-04,,,3.4,,,,,3.6,,,,,,65,86,14.8,13.71,0.0,0.8837,0.468,4.4,5.0,5.0,station
2022-03-05,,,16.3,,,,,16.0,,,,,,61,76,34.5,14.58,1.0,0.8916,0.4527,19.5,20.0,20.0,station
2022-03-06,,,15.5,,,,,15.2,,,,,,70,92,37.4,14.45,2.2,0.8993,0.4373,14.5,15.0,15.0,station
2022-03-07,,,3.3,,,,,3.8,,,,,,78,97,22.1,8.29,12.5,0.9067,0.4218,2.2,1.7,1.7,station
2022-03-08,,,3.0,,,,,4.0,,,,,,69,29,14.8,18.3,0.0,0.9138,0.4061,3.6,3.9,3.9,station
2022-03-09,,,3.4,,,,,3.1,,,,,,64,55,17.9,17.86,0.0,0.9207,0.3904,5.5,4.4,4.4,station
2022-03-10,,,-1.1,,,,,-1.5,,,,,,59,97,14.9,11.76,1.4,0.9272,0.3745,-0.8,-1.1,-1.1,station
2022-03-11,,,0.5,,,,,1.4,,,,,,45,81,29.4,17.51,1.0,0.9335,0.3585,2.3,-1.1,-1.1,station
2022-03-12,,,-5.1,,,,,-4.9,,,,,,38,26,20.3,19.49,0.0,0.9396,0.3424,-4.2,-5.0,-5.0,station
2022-03-13,,,7.6,,,,,7.1,,,,,,46,39,20.9,18.93,0.1,0.9453,0.3261,11.3,10.0,10.0,station
2022-03-14,,,13.3,,,,,13.7,,,,,,70,99,19.9,16.12,0.0,0.9508,0.3098,15.5,17.2,17.2,station
2022-03-15,,,12.6,,,,,12.9,,,,,,83,45,10.5,17.67,0.0,0.956,0.2934,10.7,12.2,12.2,station
2022-03-16,,,18.0,,,,,18.7,,,,,,74,31,28.1,15.17,0.0,0.9609,0.2769,19.1,20.6,20.6,station
2022-03-17,,,17.1,,,,,16.1,,,,,,72,79,14.6,15.39,3.7,0.9655,0.2604,20.4,22.8,22.8,station
2022-03-18,,,7.2,,,,,6.3,,,,,,91,99,23.5,3.81,20.3,0.9698,0.2437,6.5,8.3,8.3,station
2022-03-19,,,7.3,,,,,5.6,,,,,,91,91,20.6,3.54,4.9,0.9739,0.227,5.3,6.1,6.1,station
2022-03-20,,,14.9,,,,,15.1,,,,,,69,19,14.1,19.95,0.0,0.9777,0.2102,16.1,16.7,16.7,station
2022-03-21,,,21.0,,,,,20.0,,,,,,60,90,19.8,19.37,0.0,0.9811,0.1934,20.9,22.8,22.8,station
2022-03-22,,,14.0,,,,,13.7,,,,,,78,100,24.5,4.59,8.8,0.9843,0.1765,13.2,13.3,13.3,station
2022-03-23,,,14.8,,,,,17.1,,,,,,89,99,16.9,8.81,22.8,0.9872,0.1595,16.4,13.9,13.9,station
2022-03-24,,,8.8,,,,,8.9,,,,,,90,100,23.5,3.01,6.0,0.9898,0.1425,8.3,7.8,7.8,station
2022-03-25,,,7.2,,,,,8.6,,,,,,72,82,31.5,10.1,0.4,0.9921,0.1255,9.1,8.3,8.3,station
2022-03-26,,,2.6,,,,,3.1,,,,,,55,95,22.7,13.07,0.0,0.9941,0.1084,1.1,1.7,1.7,station
2022-03-27,,,1.3,,,,,2.1,,,,,,53,19,17.0,21.82,0.0,0.9958,0.0913,2.0,1.7,1.7,station
2022-03-28,,,1.0,,,,,3.0,,,,,,52,45,11.3,21.58,0.0,0.9972,0.0741,0.1,1.7,1.7,station
2022-03-29,,,4.3,,,,,3.2,,,,,,58,100,22.7,9.68,0.1,0.9984,0.057,5.0,6.7,6.7,station
2022-03-30,,,14.6,,,,,15.2,,,,,,86,100,24.9,4.84,44.0,0.9992,0.0398,14.3,15.6,15.6,station
2022-03-31,,,9.1,,,,,10.9,,,,,,82,100,19.0,5.97,19.6,0.9997,0.0226,11.0,9.4,9.4,station
2022-04-01,,,7.9,,,,,8.5,,,,,,67,53,17.3,20.1,0.3,1.0,0.0054,7.1,7.2,7.2,station
2022-04-02,,,6.0,,,,,5.3,,,,,,84,79,14.1,5.69,6.1,0.9999,-0.0118,4.9,5.6,5.6,station
2022-04-03,,,10.0,,,,,11.0,,,,,,81,62,14.5,15.38,1.9,0.9996,-0.029,10.0,10.0,10.0,station
2022-04-04,,,11.7,,,,,12.0,,,,,,77,87,22.8,18.39,7.9,0.9989,-0.0462,11.9,10.6,10.6,station
2022-04-05,,,15.9,,,,,13.2,,,,,,82,69,17.5,15.49,0.4,0.998,-0.0634,10.8,11.7,11.7,station
2022-04-06,,,14.1,,,,,14.4,,,,,,72,75,34.5,16.68,13.0,0.9968,-0.0805,13.6,12.8,12.8,station
2022-04-07,,,7.2,,,,,7.0,,,,,,70,87,27.8,14.26,2.6,0.9952,-0.0977,8.1,6.7,6.7,station
2022-04-08,,,4.3,,,,,5.0,,,,,,92,98,18.4,4.96,7.0,0.9934,-0.1148,3.7,3.9,3.9,station
2022-04-09,,,6.6,,,,,6.1,,,,,,68,72,20.7,13.79,0.0,0.9913,-0.1319,8.8,12.0,12.0,station
2022-04-10,,,16.0,,,,,16.0,,,,,,60,56,26.3,22.44,0.0,0.9889,-0.1489,15.3,18.0,18.0,station
2022-04-11,,,15.9,,,,,14.4,,,,,,62,79,28.1,15.02,0.0,0.9861,-0.1659,14.8,16.7,16.7,station
2022-04-12,,,19.8,,,,,19.3,,,,,,69,68,28.8,21.2,0.2,0.9831,-0.1828,19.8,20.6,20.6,station
2022-04-13,,,20.8,,,,,20.5,,,,,,82,92,32.4,10.32,8.3,0.9799,-0.1997,22.0,21.7,21.7,station
2022-04-14,,,11.1,,,,,11.0,,,,,,48,22,44.4,23.91,0.0,0.9763,-0.2165,9.4,10.0,10.0,station
2022-04-15,,,11.9,,,,,9.5,,,,,,47,82,23.2,18.01,1.7,0.9724,-0.2333,11.3,11.7,11.7,station
2022-04-16,,,8.5,,,,,8.2,,,,,,56,55,25.0,22.77,0.0,0.9683,-0.25,8.2,8.9,8.9,station
2022-04-17,,,6.4,,,,,5.9,,,,,,69,70,14.5,20.66,0.0,0.9638,-0.2666,5.2,5.6,5.6,station
2022-04-18,,,5.2,,,,,6.1,,,,,,78,90,28.9,10.99,6.8,0.9591,-0.2831,6.7,5.0,5.0,station
2022-04-19,,,9.5,,,,,9.9,,,,,,62,65,19.2,20.19,0.0,0.9541,-0.2996,10.6,10.0,10.0,station
2022-04-20,,,9.9,,,,,9.6,,,,,,72,100,28.9,7.1,3.8,0.9488,-0.316,11.0,10.6,10.6,station
2022-04-21,,,20.4,,,,,20.8,,,,,,72,39,24.8,24.71,2.1,0.9432,-0.3322,19.2,19.4,19.4,station
2022-04-22,,,12.5,,,,,14.1,,,,,,85,93,22.2,4.9,13.0,0.9373,-0.3484,14.4,11.7,11.7,station
2022-04-23,,,26.7,,,,,26.7,,,,,,70,65,29.6,21.52,0.5,0.9312,-0.3645,26.6,27.8,27.8,station
2022-04-24,,,21.2,,,,,22.7,,,,,,71,85,33.4,14.1,2.9,0.9248,-0.3804,21.8,22.2,22.2,station
2022-04-25,,,13.1,,,,,15.0,,,,,,54,99,26.0,15.85,0.0,0.9181,-0.3963,12.2,12.2,12.2,station
2022-04-26,,,10.3,,,,,11.6,,,,,,55,60,25.8,19.81,0.0,0.9112,-0.412,10.6,10.6,10.6,station
2022-04-27,,,7.6,,,,,6.7,,,,,,68,87,16.1,15.7,1.4,0.9039,-0.4276,4.5,4.4,4.4,station
2022-04-28,,,6.5,,,,,6.9,,,,,,77,100,17.2,10.43,1.3,0.8965,-0.4431,9.3,9.4,9.4,station
2022-04-29,,,18.3,,,,,16.2,,,,,,67,99,19.0,15.26,3.2,0.8887,-0.4585,16.2,18.3,18.3,station
2022-04-30,,,17.6,,,,,18.2,,,,,,82,92,24.2,10.41,21.6,0.8807,-0.4737,21.6,20.0,20.0,station
2022-05-01,,,13.2,,,,,14.7,,,,,,72,75,28.8,8.42,0.0,0.8724,-0.4888,13.4,13.3,13.3,station
2022-05-02,,,16.9,,,,,15.8,,,,,,68,100,15.9,15.86,0.0,0.8639,-0.5037,15.4,11.7,11.7,station
2022-05-03,,,9.6,,,,,9.8,,,,,,89,100,27.2,7.8,24.3,0.8551,-0.5185,9.4,10.0,10.0,station
2022-05-04,,,11.5,,,,,12.4,,,,,,78,82,21.6,24.47,0.0,0.846,-0.5331,11.5,12.8,12.8,station
2022-05-05,,,13.2,,,,,13.0,,,,,,89,100,16.4,8.18,9.6,0.8367,-0.5476,12.3,11.7,11.7,station
2022-05-06,,,9.5,,,,,11.7,,,,,,90,98,26.4,4.09,8.5,0.8272,-0.5619,9.0,11.1,11.1,station
2022-05-07,,,15.9,,,,,15.8,,,,,,58,10,15.6,28.67,0.0,0.8174,-0.5761,15.6,17.2,17.2,station
2022-05-08,,,19.8,,,,,19.8,,,,,,64,98,16.9,18.84,0.0,0.8074,-0.59,17.9,18.3,18.3,station
2022-05-09,,,26.4,,,,,27.3,,,,,,63,33,29.1,21.46,0.0,0.7971,-0.6038,25.0,27.8,27.8,station
2022-05-10,,,31.8,,,,,31.6,,,,,,79,64,22.0,21.37,1.4,0.7866,-0.6175,29.7,31.7,31.7,station
2022-05-11,,,33.8,,,,,31.7,,,,,,89,93,17.2,15.89,1.2,0.7759,-0.6309,27.4,31.7,31.7,station
2022-05-12,,,31.8,,,,,30.4,,,,,,67,68,20.2,26.19,0.0,0.7649,-0.6442,30.6,32.8,32.8,station
2022-05-13,,,32.0,,,,,31.1,,,,,,54,66,17.8,27.65,0.0,0.7537,-0.6572,29.8,31.7,31.7,station
2022-05-14,,,29.0,,,,,27.8,,,,,,70,93,14.2,21.24,0.0,0.7423,-0.6701,28.5,29.4,29.4,station
2022-05-15,,,24.8,,,,,20.8,,,,,,65,88,15.2,18.27,0.7,0.7306,-0.6828,24.0,24.4,24.4,station
2022-05-16,,,22.9,,,,,23.1,,,,,,54,22,24.6,23.9,0.0,0.7188,-0.6952,22.9,25.6,25.6,station
2022-05-17,,,19.7,,,,,19.4,,,,,,60,58,14.8,23.16,0.1,0.7067,-0.7075,18.3,18.9,18.9,station
2022-05-18,,,18.0,,,,,19.2,,,,,,77,85,15.1,11.96,7.8,0.6945,-0.7195,18.2,15.0,15.0,station
2022-05-19,,,27.9,,,,,28.1,,,,,,74,85,22.7,24.84,0.7,0.682,-0.7314,27.9,30.0,30.0,station
2022-05-20,,,28.9,,,,,28.9,,,,,,81,96,36.5,17.97,9.3,0.6693,-0.743,30.0,29.4,29.4,station
2022-05-21,,,19.7,,,,,17.4,,,,,,78,100,11.2,11.76,27.7,0.6564,-0.7544,17.9,16.7,16.7,station
2022-05-22,,,16.5,,,,,17.0,,,,,,56,89,24.2,26.77,0.0,0.6433,-0.7656,17.8,17.2,17.2,station
2022-05-23,,,15.7,,,,,15.8,,,,,,59,39,15.5,28.95,0.0,0.6301,-0.7765,14.4,15.6,15.6,station
2022-05-24,,,17.9,,,,,17.1,,,,,,68,88,19.3,19.44,1.9,0.6166,-0.7873,16.8,18.3,18.3,station
2022-05-25,,,20.9,,,,,22.7,,,,,,83,100,20.4,9.32,21.8,0.603,-0.7978,24.7,25.0,25.0,station
2022-05-26,,,25.5,,,,,21.0,,,,,,84,92,19.5,16.4,3.1,0.5892,-0.808,23.6,24.4,24.4,station
2022-05-27,,,16.3,,,,,16.8,,,,,,86,82,24.6,11.51,11.8,0.5752,-0.818,16.4,17.8,17.8,station
2022-05-28,,,24.5,,,,,24.2,,,,,,72,53,15.1,26.65,0.0,0.561,-0.8278,23.1,23.3,23.3,station
2022-05-29,,,28.5,,,,,29.1,,,,,,71,68,25.6,26.1,0.0,0.5467,-0.8373,27.4,28.9,28.9,station
2022-05-30,,,30.6,,,,,31.2,,,,,,61,63,28.5,28.1,0.0,0.5322,-0.8466,29.0,31.1,31.1,station
2022-05-31,,,28.2,,,,,29.8,,,,,,71,71,25.3,17.91,2.2,0.5176,-0.8556,28.0,30.0,30.0,station
2022-06-01,,,22.9,,,,,22.3,,,,,,77,96,14.8,18.15,0.0,0.5028,-0.8644,22.4,23.9,23.9,station
2022-06-02,,,23.0,,,,,22.5,,,,,,60,37,18.4,27.46,0.8,0.4878,-0.8729,24.4,24.4,24.4,station
2022-06-03,,,23.5,,,,,23.3,,,,,,46,3,19.6,30.11,0.0,0.4728,-0.8812,25.4,26.7,26.7,station
2022-06-04,,,21.3,,,,,17.3,,,,,,57,74,11.9,14.79,0.0,0.4575,-0.8892,21.1,21.1,21.1,station
2022-06-05,,,27.0,,,,,27.2,,,,,,66,86,12.2,22.44,1.6,0.4422,-0.8969,22.7,23.9,23.9,station
2022-06-06,,,22.9,,,,,25.4,,,,,,76,100,14.8,17.23,17.7,0.4267,-0.9044,27.1,23.9,23.9,station
2022-06-07,,,23.4,,,,,23.8,,,,,,83,61,14.5,22.49,0.0,0.4111,-0.9116,19.5,21.7,21.7,station
2022-06-08,,,16.6,,,,,17.2,,,,,,82,89,16.0,11.08,8.1,0.3953,-0.9185,19.6,20.6,20.6,station
2022-06-09,,,24.1,,,,,23.7,,,,,,71,67,19.6,26.8,0.0,0.3795,-0.9252,24.8,25.6,25.6,station
2022-06-10,,,22.4,,,,,21.7,,,,,,68,85,15.1,16.13,0.8,0.3635,-0.9316,24.0,25.0,25.0,station
2022-06-11,,,23.5,,,,,22.0,,,,,,81,83,14.2,14.97,0.1,0.3474,-0.9377,22.3,22.8,22.8,station
2022-06-12,,,24.8,,,,,25.7,,,,,,83,39,14.4,25.72,0.1,0.3312,-0.9436,18.6,20.6,20.6,station
2022-06-13,,,34.0,,,,,31.9,,,,,,80,92,24.2,16.84,4.9,0.3149,-0.9491,29.0,31.7,31.7,station
2022-06-14,,,35.7,,,,,36.2,,,,,,74,7,20.4,28.83,0.0,0.2986,-0.9544,34.4,36.1,36.1,station
2022-06-15,,,35.2,,,,,35.7,,,,,,60,62,31.2,27.71,0.0,0.2821,-0.9594,33.9,35.6,35.6,station
2022-06-16,,,31.7,,,,,33.2,,,,,,57,37,31.1,29.33,0.1,0.2656,-0.9641,32.8,33.9,33.9,station
2022-06-17,,,27.3,,,,,27.4,,,,,,53,4,18.6,29.89,0.0,0.2489,-0.9685,28.8,28.3,28.3,station
2022-06-18,,,21.9,,,,,21.5,,,,,,56,26,14.6,30.74,0.0,0.2322,-0.9727,20.5,21.7,21.7,station
2022-06-19,,,27.8,,,,,28.1,,,,,,50,46,14.8,28.43,0.0,0.2155,-0.9765,28.4,29.4,29.4,station
2022-06-20,,,31.6,,,,,31.3,,,,,,49,18,18.1,30.02,0.0,0.1986,-0.9801,33.0,34.4,34.4,station
2022-06-21,,,34.0,,,,,34.2,,,,,,53,9,23.1,28.61,0.0,0.1818,-0.9833,35.9,36.7,36.7,station
2022-06-22,,,29.2,,,,,29.7,,,,,,54,23,19.9,27.8,0.0,0.1648,-0.9863,32.1,31.1,31.1,station
2022-06-23,,,30.8,,,,,30.2,,,,,,53,15,12.8,30.03,0.0,0.1478,-0.989,28.2,28.9,28.9,station
2022-06-24,,,33.0,,,,,32.7,,,,,,48,23,14.8,29.52,0.0,0.1308,-0.9914,32.7,33.3,33.3,station
2022-06-25,,,31.3,,,,,30.1,,,,,,74,90,18.1,11.46,19.7,0.1137,-0.9935,26.2,25.0,25.0,station
2022-06-26,,,23.6,,,,,24.5,,,,,,63,52,21.9,28.4,0.0,0.0966,-0.9953,26.9,26.7,26.7,station
2022-06-27,,,23.5,,,,,24.1,,,,,,50,0,17.1,30.61,0.0,0.0795,-0.9968,25.3,25.6,25.6,station
2022-06-28,,,27.5,,,,,27.1,,,,,,52,32,16.7,25.47,0.0,0.0623,-0.9981,28.7,28.9,28.9,station
2022-06-29,,,30.4,,,,,29.3,,,,,,61,23,15.0,27.88,4.5,0.0451,-0.999,29.2,30.6,30.6,station
2022-06-30,,,31.4,,,,,31.8,,,,,,50,26,24.3,29.41,0.0,0.028,-0.9996,32.7,32.8,32.8,station
2022-07-01,,,27.0,,,,,26.9,,,,,,61,75,16.0,18.21,0.5,0.0108,-0.9999,27.4,26.7,26.7,station
2022-07-02,,,30.6,,,,,27.8,,,,,,53,49,15.1,26.46,0.0,-0.0065,-1.0,28.3,30.0,30.0,station
2022-07-03,,,31.5,,,,,31.6,,,,,,62,12,11.0,25.94,0.0,-0.0237,-0.9997,28.6,30.6,30.6,station
2022-07-04,,,32.3,,,,,29.9,,,,,,66,68,20.2,18.77,0.0,-0.0408,-0.9992,30.8,30.0,30.0,station
2022-07-05,,,34.6,,,,,35.7,,,,,,84,93,23.7,16.39,15.0,-0.058,-0.9983,33.8,33.9,33.9,station
2022-07-06,,,27.1,,,,,24.0,,,,,,86,94,16.9,20.82,14.3,-0.0752,-0.9972,25.8,26.1,26.1,station
2022-07-07,,,29.7,,,,,28.1,,,,,,81,96,12.3,21.28,1.4,-0.0923,-0.9957,28.0,30.0,30.0,station
2022-07-08,,,23.9,,,,,23.3,,,,,,94,97,19.6,7.33,22.9,-0.1094,-0.994,23.1,24.4,24.4,station
2022-07-09,,,24.2,,,,,25.2,,,,,,70,17,17.2,29.33,0.0,-0.1265,-0.992,23.1,24.4,24.4,station
2022-07-10,,,29.4,,,,,28.5,,,,,,65,15,14.8,29.33,0.0,-0.1436,-0.9896,28.8,29.4,29.4,station
2022-07-11,,,29.5,,,,,31.0,,,,,,69,52,23.1,18.8,0.1,-0.1606,-0.987,30.0,29.4,29.4,station
2022-07-12,,,27.6,,,,,27.7,,,,,,56,7,17.6,28.04,0.0,-0.1775,-0.9841,29.4,29.4,29.4,station
2022-07-13,,,25.6,,,,,27.5,,,,,,70,23,16.8,23.98,1.0,-0.1944,-0.9809,26.2,26.7,26.7,station
2022-07-14,,,26.6,,,,,26.6,,,,,,71,8,15.0,28.03,0.0,-0.2113,-0.9774,24.8,26.1,26.1,station
2022-07-15,,,22.3,,,,,23.3,,,,,,91,89,17.6,10.16,21.2,-0.2281,-0.9736,24.8,22.2,22.2,station
2022-07-16,,,28.6,,,,,32.1,,,,,,88,95,15.6,20.3,1.8,-0.2448,-0.9696,23.6,22.8,22.8,station
2022-07-17,,,27.4,,,,,23.7,,,,,,90,79,15.3,12.79,1.6,-0.2614,-0.9652,25.3,25.0,25.0,station
2022-07-18,,,31.7,,,,,32.1,,,,,,69,10,12.3,27.7,0.0,-0.278,-0.9606,31.7,31.7,31.7,station
2022-07-19,,,31.7,,,,,31.9,,,,,,70,24,21.9,27.88,0.2,-0.2945,-0.9557,30.4,31.7,31.7,station
2022-07-20,,,30.5,,,,,31.1,,,,,,63,26,28.8,25.77,0.2,-0.3109,-0.9505,31.6,29.4,29.4,station
2022-07-21,,,32.8,,,,,32.6,,,,,,63,13,21.9,23.66,2.1,-0.3272,-0.945,30.4,32.8,32.8,station
2022-07-22,,,29.9,,,,,31.6,,,,,,60,45,18.0,26.37,0.0,-0.3434,-0.9392,30.7,32.2,32.2,station
2022-07-23,,,35.4,,,,,35.5,,,,,,77,61,28.2,23.72,12.8,-0.3595,-0.9332,30.1,30.0,30.0,station
2022-07-24,,,28.6,,,,,30.1,,,,,,73,69,29.9,18.68,20.2,-0.3755,-0.9268,30.1,29.4,29.4,station
2022-07-25,,,23.9,,,,,23.4,,,,,,73,76,14.1,21.25,0.2,-0.3914,-0.9202,23.6,23.9,23.9,station
2022-07-26,,,28.1,,,,,27.7,,,,,,69,73,16.3,23.92,0.0,-0.4071,-0.9134,27.0,27.8,27.8,station
2022-07-27,,,28.3,,,,,28.5,,,,,,74,66,16.2,22.55,1.1,-0.4228,-0.9062,28.6,28.3,28.3,station
2022-07-28,,,27.3,,,,,27.7,,,,,,62,63,16.6,23.31,0.4,-0.4383,-0.8988,27.0,26.7,26.7,station
2022-07-29,,,26.1,,,,,26.0,,,,,,61,16,17.2,24.26,0.0,-0.4537,-0.8912,25.9,26.7,26.7,station
2022-07-30,,,28.7,,,,,29.6,,,,,,66,37,10.4,21.69,0.0,-0.469,-0.8832,27.2,27.2,27.2,station
2022-07-31,,,29.7,,,,,30.3,,,,,,66,53,21.1,23.12,0.0,-0.4841,-0.875,28.7,28.9,28.9,station
2022-08-01,,,29.6,,,,,30.7,,,,,,70,39,20.5,23.79,4.3,-0.4991,-0.8666,30.4,29.4,29.4,station
2022-08-02,,,32.7,,,,,32.9,,,,,,69,33,17.3,26.48,0.0,-0.5139,-0.8578,32.2,32.2,32.2,station
2022-08-03,,,34.9,,,,,35.7,,,,,,78,84,26.9,14.73,10.7,-0.5286,-0.8489,32.5,32.8,32.8,station
2022-08-04,,,28.2,,,,,26.7,,,,,,86,55,16.6,19.59,1.3,-0.5431,-0.8397,26.8,27.8,27.8,station
2022-08-05,,,31.4,,,,,31.5,,,,,,82,23,11.9,23.64,0.7,-0.5575,-0.8302,28.6,30.6,30.6,station
2022-08-06,,,35.1,,,,,34.9,,,,,,78,40,16.4,23.92,0.2,-0.5717,-0.8205,32.6,34.4,34.4,station
2022-08-07,,,27.2,,,,,33.3,,,,,,90,100,18.2,8.66,18.2,-0.5857,-0.8105,28.7,28.3,28.3,station
2022-08-08,,,28.7,,,,,34.1,,,,,,88,100,28.5,9.66,11.3,-0.5996,-0.8003,29.2,26.1,26.1,station
2022-08-09,,,25.3,,,,,26.0,,,,,,75,14,15.0,26.14,0.0,-0.6132,-0.7899,22.5,24.4,24.4,station
2022-08-10,,,29.2,,,,,29.6,,,,,,74,6,8.7,25.75,0.0,-0.6267,-0.7792,28.8,28.9,28.9,station
2022-08-11,,,26.3,,,,,26.0,,,,,,70,21,17.7,24.93,0.0,-0.64,-0.7683,23.8,25.6,25.6,station
2022-08-12,,,25.2,,,,,27.6,,,,,,73,84,9.5,14.5,0.0,-0.6532,-0.7572,23.8,25.0,25.0,station
2022-08-13,,,25.7,,,,,28.3,,,,,,67,73,22.3,19.95,2.0,-0.6661,-0.7459,26.5,25.6,25.6,station
2022-08-14,,,25.9,,,,,24.8,,,,,,87,86,20.2,12.64,1.2,-0.6788,-0.7343,22.9,23.9,23.9,station
2022-08-15,,,25.6,,,,,22.7,,,,,,83,84,15.1,20.38,0.1,-0.6914,-0.7225,23.7,25.6,25.6,station
2022-08-16,,,25.9,,,,,26.3,,,,,,72,34,16.3,24.75,0.0,-0.7037,-0.7105,24.4,26.7,26.7,station
2022-08-17,,,27.2,,,,,26.6,,,,,,80,35,14.0,21.11,0.2,-0.7158,-0.6983,25.4,27.2,27.2,station
2022-08-18,,,28.8,,,,,29.5,,,,,,70,43,11.5,22.51,0.1,-0.7277,-0.6859,27.7,27.8,27.8,station
2022-08-19,,,31.4,,,,,32.0,,,,,,66,51,17.1,22.42,0.0,-0.7394,-0.6733,28.5,29.4,29.4,station
2022-08-20,,,25.7,,,,,26.2,,,,,,82,89,24.4,16.45,16.7,-0.7509,-0.6605,26.6,24.4,24.4,station
2022-08-21,,,26.3,,,,,26.4,,,,,,89,42,16.5,18.33,7.0,-0.7621,-0.6474,23.7,26.1,26.1,station
2022-08-22,,,27.4,,,,,27.3,,,,,,80,14,14.0,21.36,0.0,-0.7731,-0.6342,26.3,28.9,28.9,station
2022-08-23,,,29.2,,,,,28.7,,,,,,73,29,9.1,21.99,0.0,-0.7839,-0.6208,27.9,28.9,28.9,station
2022-08-24,,,30.3,,,,,31.1,,,,,,67,31,8.4,19.0,0.0,-0.7945,-0.6073,28.2,29.4,29.4,station
2022-08-25,,,29.7,,,,,30.0,,,,,,80,81,19.4,14.79,3.4,-0.8048,-0.5935,28.4,26.7,26.7,station
2022-08-26,,,24.7,,,,,26.0,,,,,,84,28,15.0,19.75,0.1,-0.8149,-0.5796,23.4,25.0,25.0,station
2022-08-27,,,30.3,,,,,29.9,,,,,,82,71,12.1,22.45,0.0,-0.8248,-0.5655,26.7,27.8,27.8,station
2022-08-28,,,31.9,,,,,32.1,,,,,,76,96,22.1,17.68,13.9,-0.8344,-0.5512,30.9,30.6,30.6,station
2022-08-29,,,33.1,,,,,32.3,,,,,,78,84,22.1,16.58,1.9,-0.8437,-0.5368,31.5,29.4,29.4,station
2022-08-30,,,26.3,,,,,26.1,,,,,,62,7,19.7,23.48,0.0,-0.8528,-0.5222,26.6,26.1,26.1,station
2022-08-31,,,28.8,,,,,29.1,,,,,,61,5,17.9,22.26,0.0,-0.8617,-0.5074,28.9,28.9,28.9,station
2022-09-01,,,31.3,,,,,31.5,,,,,,65,42,15.5,21.79,0.0,-0.8703,-0.4925,30.0,30.6,30.6,station
2022-09-02,,,31.0,,,,,31.1,,,,,,67,81,18.7,18.64,0.0,-0.8786,-0.4775,30.1,30.0,30.0,station
2022-09-03,,,31.5,,,,,31.2,,,,,,81,47,18.5,17.97,1.9,-0.8867,-0.4623,28.4,31.1,31.1,station
2022-09-04,,,25.5,,,,,26.0,,,,,,87,100,19.9,9.33,4.8,-0.8945,-0.447,22.7,22.8,22.8,station
2022-09-05,,,23.6,,,,,24.2,,,,,,85,90,16.4,10.79,0.1,-0.9021,-0.4315,20.9,21.1,21.1,station
2022-09-06,,,25.9,,,,,26.4,,,,,,87,72,9.4,14.31,4.1,-0.9094,-0.4159,24.8,26.1,26.1,station
2022-09-07,,,26.8,,,,,26.9,,,,,,78,24,12.6,20.1,0.0,-0.9164,-0.4002,25.3,26.7,26.7,station
2022-09-08,,,30.0,,,,,30.3,,,,,,73,7,8.2,21.63,0.0,-0.9232,-0.3844,27.3,28.3,28.3,station
2022-09-09,,,30.4,,,,,30.9,,,,,,65,0,14.2,21.88,0.0,-0.9296,-0.3685,27.9,28.9,28.9,station
2022-09-10,,,29.7,,,,,29.7,,,,,,70,20,13.1,20.94,0.0,-0.9358,-0.3524,28.5,28.9,28.9,station
2022-09-11,,,20.2,,,,,20.4,,,,,,93,93,38.4,2.85,100.0,-0.9418,-0.3363,19.7,21.7,21.7,station
2022-09-12,,,16.6,,,,,20.4,,,,,,79,79,22.3,10.18,1.4,-0.9474,-0.32,18.7,18.9,18.9,station
2022-09-13,,,23.6,,,,,23.8,,,,,,76,49,15.5,17.14,0.2,-0.9528,-0.3037,25.2,25.6,25.6,station
2022-09-14,,,27.4,,,,,28.1,,,,,,79,18,14.7,20.4,0.0,-0.9579,-0.2873,25.4,25.6,25.6,station
2022-09-15,,,28.5,,,,,29.7,,,,,,79,59,13.0,19.15,0.0,-0.9627,-0.2707,26.7,26.7,26.7,station
2022-09-16,,,29.4,,,,,30.1,,,,,,72,74,16.6,18.57,0.0,-0.9672,-0.2541,27.7,27.8,27.8,station
2022-09-17,,,31.0,,,,,31.8,,,,,,68,58,25.2,17.36,15.4,-0.9714,-0.2375,29.5,29.4,29.4,station
2022-09-18,,,31.6,,,,,30.8,,,,,,73,55,18.6,18.37,3.0,-0.9753,-0.2207,28.8,28.9,28.9,station
2022-09-19,,,26.2,,,,,26.4,,,,,,81,10,12.0,19.98,0.8,-0.979,-0.2039,23.9,25.6,25.6,station
2022-09-20,,,33.9,,,,,31.3,,,,,,78,43,21.5,17.03,0.0,-0.9824,-0.187,30.7,29.4,29.4,station
2022-09-21,,,27.8,,,,,27.0,,,,,,58,50,24.9,15.91,0.0,-0.9854,-0.1701,28.4,28.9,28.9,station
2022-09-22,,,17.3,,,,,17.7,,,,,,59,28,19.2,17.85,0.0,-0.9882,-0.1531,17.7,17.2,17.2,station
2022-09-23,,,19.5,,,,,18.7,,,,,,66,80,11.7,13.17,0.2,-0.9907,-0.1361,17.4,16.7,16.7,station
2022-09-24,,,23.8,,,,,24.7,,,,,,73,92,18.9,13.56,5.3,-0.9929,-0.1191,21.2,21.7,21.7,station
2022-09-25,,,19.8,,,,,21.3,,,,,,78,67,23.0,12.31,6.6,-0.9948,-0.102,19.8,18.3,18.3,station
2022-09-26,,,15.9,,,,,17.5,,,,,,63,28,24.9,14.14,0.0,-0.9964,-0.0848,16.1,16.7,16.7,station
2022-09-27,,,14.5,,,,,15.2,,,,,,59,36,20.9,14.31,0.2,-0.9977,-0.0677,14.2,15.0,15.0,station
2022-09-28,,,14.6,,,,,15.7,,,,,,69,34,16.8,17.71,0.0,-0.9987,-0.0505,14.5,15.0,15.0,station
2022-09-29,,,18.8,,,,,19.4,,,,,,75,41,11.2,15.36,0.0,-0.9994,-0.0333,15.7,17.2,17.2,station
2022-09-30,,,19.5,,,,,20.6,,,,,,81,3,12.0,17.81,0.0,-0.9999,-0.0161,17.5,19.4,19.4,station
2022-10-01,,,19.7,,,,,19.7,,,,,,76,6,17.9,17.93,0.0,-1.0,0.0011,18.7,19.4,19.4,station
2022-10-02,,,18.3,,,,,18.2,,,,,,82,26,17.1,13.44,0.0,-0.9998,0.0183,16.7,18.3,18.3,station
2022-10-03,,,20.1,,,,,19.9,,,,,,74,0,11.2,18.14,0.0,-0.9994,0.0355,18.2,20.0,20.0,station
2022-10-04,,,23.1,,,,,23.2,,,,,,69,17,8.7,17.43,0.0,-0.9986,0.0527,21.8,22.8,22.8,station
2022-10-05,,,23.5,,,,,23.4,,,,,,54,78,12.0,15.83,0.0,-0.9976,0.0698,22.8,23.9,23.9,station
2022-10-06,,,21.8,,,,,22.2,,,,,,68,69,20.9,14.43,7.5,-0.9962,0.087,23.2,23.9,23.9,station
2022-10-07,,,12.3,,,,,12.3,,,,,,65,61,22.8,13.04,0.3,-0.9946,0.1041,12.2,13.3,13.3,station
2022-10-08,,,13.8,,,,,13.8,,,,,,64,20,21.8,15.25,0.0,-0.9926,0.1212,13.1,14.4,14.4,station
2022-10-09,,,19.2,,,,,19.4,,,,,,54,25,15.7,16.34,0.1,-0.9904,0.1383,18.6,20.0,20.0,station
2022-10-10,,,21.6,,,,,21.0,,,,,,75,11,9.9,16.13,0.0,-0.9879,0.1553,21.3,22.8,22.8,station
2022-10-11,,,22.7,,,,,23.4,,,,,,79,59,26.6,10.83,8.1,-0.9851,0.1722,22.2,20.0,20.0,station
2022-10-12,,,18.3,,,,,19.7,,,,,,75,74,30.1,7.64,5.4,-0.9819,0.1892,20.4,17.8,17.8,station
2022-10-13,,,11.8,,,,,13.3,,,,,,53,30,32.6,13.95,0.1,-0.9785,0.206,11.8,11.7,11.7,station
2022-10-14,,,14.3,,,,,14.0,,,,,,55,81,30.0,13.65,3.3,-0.9749,0.2228,14.7,15.0,15.0,station
2022-10-15,,,12.4,,,,,12.1,,,,,,70,27,21.1,15.56,0.0,-0.9709,0.2396,11.2,11.7,11.7,station
2022-10-16,,,12.4,,,,,12.9,,,,,,60,70,21.6,9.66,0.0,-0.9666,0.2562,12.0,11.7,11.7,station
2022-10-17,,,6.2,,,,,4.6,,,,,,64,69,32.1,7.54,0.3,-0.9621,0.2728,5.5,6.1,6.1,station
2022-10-18,,,8.3,,,,,7.8,,,,,,55,75,27.7,10.79,0.0,-0.9572,0.2893,7.6,8.3,8.3,station
2022-10-19,,,8.4,,,,,9.1,,,,,,55,11,20.7,15.29,0.0,-0.9521,0.3057,7.7,8.3,8.3,station
2022-10-20,,,13.9,,,,,13.5,,,,,,48,61,15.3,12.4,0.0,-0.9467,0.3221,14.4,16.7,16.7,station
2022-10-21,,,22.4,,,,,22.0,,,,,,56,48,24.2,14.26,0.0,-0.941,0.3383,21.6,24.4,24.4,station
2022-10-22,,,25.6,,,,,25.4,,,,,,54,12,23.0,13.9,0.0,-0.9351,0.3545,24.4,26.1,26.1,station
2022-10-23,,,25.8,,,,,25.1,,,,,,58,27,27.0,12.59,0.1,-0.9288,0.3705,23.7,25.6,25.6,station
2022-10-24,,,23.9,,,,,25.2,,,,,,54,96,27.4,8.45,0.3,-0.9223,0.3864,23.2,24.4,24.4,station
2022-10-25,,,21.3,,,,,22.1,,,,,,83,98,25.5,2.53,23.5,-0.9155,0.4022,20.3,21.1,21.1,station
2022-10-26,,,12.8,,,,,13.5,,,,,,72,40,23.4,13.64,4.4,-0.9085,0.4179,12.0,12.2,12.2,station
2022-10-27,,,13.0,,,,,13.9,,,,,,76,77,13.2,11.7,0.0,-0.9012,0.4335,10.5,12.2,12.2,station
2022-10-28,,,15.8,,,,,16.4,,,,,,76,34,11.2,13.17,0.0,-0.8936,0.4489,13.9,15.6,15.6,station
2022-10-29,,,17.9,,,,,18.0,,,,,,82,27,11.7,12.88,0.0,-0.8857,0.4642,16.5,18.9,18.9,station
2022-10-30,,,16.9,,,,,18.3,,,,,,81,100,10.9,6.66,7.8,-0.8776,0.4794,16.0,17.8,17.8,station
2022-10-31,,,14.8,,,,,13.8,,,,,,95,80,9.0,2.75,2.5,-0.8692,0.4944,14.4,13.9,13.9,station
2022-11-01,,,19.6,,,,,19.4,,,,,,74,0,11.3,12.48,0.0,-0.8606,0.5093,18.9,20.0,20.0,station
2022-11-02,,,20.4,,,,,20.3,,,,,,76,5,13.8,12.12,0.0,-0.8517,0.524,20.5,21.7,21.7,station
2022-11-03,,,21.2,,,,,21.4,,,,,,68,59,25.0,11.52,0.0,-0.8426,0.5386,21.3,22.8,22.8,station
2022-11-04,,,20.3,,,,,21.4,,,,,,65,100,26.7,6.3,0.8,-0.8332,0.553,21.2,21.7,21.7,station
2022-11-05,,,19.7,,,,,20.1,,,,,,73,80,47.6,4.19,21.5,-0.8235,0.5672,20.3,21.1,21.1,station
2022-11-06,,,15.7,,,,,16.6,,,,,,62,38,26.5,10.59,0.0,-0.8137,0.5813,15.8,16.1,16.1,station
2022-11-07,,,11.3,,,,,11.0,,,,,,48,25,16.2,11.78,0.0,-0.8035,0.5952,11.3,12.2,12.2,station
2022-11-08,,,11.8,,,,,12.0,,,,,,70,53,16.7,10.52,0.0,-0.7932,0.609,10.4,11.7,11.7,station
2022-11-09,,,19.4,,,,,18.5,,,,,,55,46,19.9,8.77,2.2,-0.7826,0.6225,20.2,20.6,20.6,station
2022-11-10,,,22.9,,,,,21.7,,,,,,55,38,23.0,9.88,0.0,-0.7718,0.6359,22.4,23.9,23.9,station
2022-11-11,,,17.0,,,,,17.0,,,,,,62,54,17.9,9.33,0.0,-0.7607,0.6491,15.6,15.0,15.0,station
2022-11-12,,,3.2,,,,,2.6,,,,,,61,92,18.1,4.48,0.3,-0.7494,0.6621,3.2,2.2,2.2,station
2022-11-13,,,3.0,,,,,2.8,,,,,,62,34,13.6,10.26,0.0,-0.7379,0.6749,2.8,2.8,2.8,station
2022-11-14,,,4.6,,,,,4.8,,,,,,63,96,10.9,9.55,0.0,-0.7262,0.6875,4.4,5.0,5.0,station
2022-11-15,,,3.2,,,,,3.5,,,,,,83,100,11.8,2.87,7.1,-0.7143,0.6998,2.3,3.3,3.3,station
2022-11-16,,,2.3,,,,,2.6,,,,,,87,95,13.8,2.27,3.3,-0.7021,0.712,2.1,2.2,2.2,station
2022-11-17,,,-0.4,,,,,-0.5,,,,,,70,64,29.9,7.79,0.1,-0.6898,0.724,1.6,0.6,0.6,station
2022-11-18,,,-3.8,,,,,-4.3,,,,,,62,92,25.6,6.33,0.2,-0.6772,0.7358,-2.6,-1.7,-1.7,station
2022-11-19,,,-2.5,,,,,-2.8,,,,,,48,72,30.7,7.59,0.0,-0.6645,0.7473,-1.2,-2.8,-2.8,station
2022-11-20,,,-0.2,,,,,-1.0,,,,,,44,21,24.0,9.77,0.0,-0.6515,0.7586,0.5,1.1,1.1,station
2022-11-21,,,5.0,,,,,5.0,,,,,,46,42,24.5,9.87,0.0,-0.6384,0.7697,7.3,7.8,7.8,station
2022-11-22,,,8.5,,,,,7.8,,,,,,61,32,14.2,9.59,0.0,-0.625,0.7806,9.4,11.1,11.1,station
2022-11-23,,,11.0,,,,,11.9,,,,,,81,18,13.1,9.46,0.0,-0.6115,0.7912,11.3,14.4,14.4,station
2022-11-24,,,10.9,,,,,8.4,,,,,,77,71,14.8,3.47,0.0,-0.5978,0.8016,11.4,11.7,11.7,station
2022-11-25,,,9.2,,,,,9.3,,,,,,73,8,17.3,9.41,0.0,-0.584,0.8118,10.1,11.1,11.1,station
2022-11-26,,,12.0,,,,,11.8,,,,,,62,36,19.1,9.36,0.0,-0.5699,0.8217,11.2,12.8,12.8,station
2022-11-27,,,7.8,,,,,8.0,,,,,,88,100,20.6,2.07,5.3,-0.5557,0.8314,6.6,8.3,8.3,station
2022-11-28,,,7.5,,,,,6.8,,,,,,79,69,16.9,8.1,0.0,-0.5413,0.8408,8.1,7.8,7.8,station
2022-11-29,,,13.5,,,,,13.1,,,,,,84,92,28.5,6.1,0.5,-0.5268,0.85,14.4,14.4,14.4,station
2022-11-30,,,4.3,,,,,13.3,,,,,,56,45,36.4,8.12,0.0,-0.5121,0.859,2.7,0.6,0.6,station
2022-12-01,,,0.5,,,,,0.5,,,,,,50,33,19.1,8.84,0.0,-0.4972,0.8676,1.8,2.2,2.2,station
2022-12-02,,,9.6,,,,,9.9,,,,,,51,84,29.9,4.8,0.0,-0.4822,0.8761,10.4,11.7,11.7,station
2022-12-03,,,9.9,,,,,10.1,,,,,,59,27,30.9,9.1,0.2,-0.4671,0.8842,9.4,10.6,10.6,station
2022-12-04,,,2.7,,,,,2.8,,,,,,45,1,18.8,8.95,0.0,-0.4518,0.8921,3.3,4.4,4.4,station
2022-12-05,,,4.9,,,,,5.3,,,,,,65,94,18.4,3.86,0.1,-0.4364,0.8998,5.7,6.1,6.1,station
2022-12-06,,,5.6,,,,,4.7,,,,,,86,93,10.7,3.71,0.0,-0.4208,0.9071,6.5,6.1,6.1,station
2022-12-07,,,8.3,,,,,7.9,,,,,,89,86,12.3,3.32,0.0,-0.4052,0.9142,7.3,6.1,6.1,station
2022-12-08,,,4.2,,,,,4.7,,,,,,78,82,14.6,4.57,0.0,-0.3894,0.9211,5.4,5.0,5.0,station
2022-12-09,,,3.7,,,,,4.1,,,,,,94,83,24.9,0.91,13.2,-0.3735,0.9276,2.5,3.3,3.3,station
2022-12-10,,,4.2,,,,,6.0,,,,,,90,100,11.9,1.95,0.9,-0.3575,0.9339,4.1,4.4,4.4,station
2022-12-11,,,4.5,,,,,5.1,,,,,,83,99,11.5,3.46,0.3,-0.3413,0.9399,4.2,4.4,4.4,station
2022-12-12,,,4.5,,,,,4.6,,,,,,79,100,14.2,3.05,0.1,-0.3251,0.9457,5.6,5.6,5.6,station
2022-12-13,,,5.1,,,,,5.0,,,,,,75,100,22.2,3.62,2.9,-0.3088,0.9511,3.4,3.3,3.3,station
2022-12-14,,,6.0,,,,,6.7,,,,,,93,100,23.9,1.3,25.8,-0.2924,0.9563,7.6,6.7,6.7,station
2022-12-15,,,3.6,,,,,4.5,,,,,,82,95,23.6,3.35,14.0,-0.2759,0.9612,3.5,2.8,2.8,station
2022-12-16,,,-0.8,,,,,-1.0,,,,,,66,100,24.5,2.76,0.8,-0.2593,0.9658,-0.3,-0.6,-0.6,station
2022-12-17,,,-2.8,,,,,-3.0,,,,,,68,99,24.4,5.57,0.0,-0.2427,0.9701,-2.8,-3.3,-3.3,station
2022-12-18,,,-4.3,,,,,-3.8,,,,,,66,56,20.9,6.51,0.0,-0.226,0.9741,-4.8,-6.1,-6.1,station
2022-12-19,,,-2.2,,,,,-1.8,,,,,,57,71,11.7,6.53,0.0,-0.2092,0.9779,-3.0,-3.3,-3.3,station
2022-12-20,,,-0.3,,,,,0.8,,,,,,61,59,10.7,7.73,0.0,-0.1923,0.9813,2.2,0.0,0.0,station
2022-12-21,,,-1.2,,,,,-1.6,,,,,,70,81,12.0,2.97,0.0,-0.1754,0.9845,-1.2,0.0,0.0,station
2022-12-22,,,0.5,,,,,-0.3,,,,,,71,98,26.1,2.37,5.0,-0.1585,0.9874,1.1,0.6,0.6,station
2022-12-23,,,-16.7,,,,,-14.8,,,,,,56,100,37.8,7.98,0.1,-0.1414,0.9899,-18.5,-18.3,-18.3,station
2022-12-24,,,-12.2,,,,,-12.2,,,,,,56,37,31.8,8.36,0.0,-0.1244,0.9922,-9.6,-10.0,-10.0,station
2022-12-25,,,-11.1,,,,,-11.4,,,,,,56,42,23.8,8.53,0.0,-0.1073,0.9942,-9.9,-10.0,-10.0,station
2022-12-26,,,-6.1,,,,,-4.9,,,,,,64,87,13.7,5.83,1.2,-0.0902,0.9959,-4.6,-5.6,-5.6,station
2022-12-27,,,-4.4,,,,,-3.7,,,,,,68,61,23.4,8.02,0.0,-0.073,0.9973,-3.1,-3.9,-3.9,station
2022-12-28,,,4.0,,,,,3.2,,,,,,60,94,30.0,7.22,0.0,-0.0559,0.9984,7.5,7.2,7.2,station
2022-12-29,,,12.4,,,,,10.8,,,,,,85,89,29.2,3.83,0.0,-0.0387,0.9993,13.8,14.4,14.4,station
2022-12-30,,,12.6,,,,,10.6,,,,,,90,100,27.4,3.65,0.4,-0.0215,0.9998,12.2,13.9,13.9,station
2022-12-31,,,4.4,,,,,3.2,,,,,,85,97,12.0,6.56,0.0,-0.0043,1.0,3.4,,,
2023-01-01,,,7.0,,,,,8.4,,,,,,92,81,11.0,7.1,1.6,0.0172,0.9999,8.7,7.2,7.2,station
2023-01-02,,,5.1,,,,,5.8,,,,,,93,98,12.8,4.84,0.2,0.0344,0.9994,5.5,6.1,6.1,station
2023-01-03,,,8.3,,,,,15.7,,,,,,99,99,15.3,1.68,13.8,0.0516,0.9987,9.5,6.7,6.7,station
2023-01-04,,,7.4,,,,,9.0,,,,,,88,90,17.8,2.35,0.0,0.0688,0.9976,8.1,5.6,5.6,station
2023-01-05,,,0.9,,,,,0.7,,,,,,81,100,15.7,2.4,1.4,0.0859,0.9963,0.8,1.1,1.1,station
2023-01-06,,,1.2,,,,,1.5,,,,,,77,97,13.5,5.22,0.2,0.103,0.9947,0.7,1.1,1.1,station
2023-01-07,,,1.5,,,,,1.6,,,,,,76,75,10.2,5.83,0.0,0.1201,0.9928,0.7,-0.6,-0.6,station
2023-01-08,,,0.9,,,,,1.1,,,,,,81,82,9.0,4.32,0.0,0.1372,0.9905,1.5,0.0,0.0,station
2023-01-09,,,3.4,,,,,3.1,,,,,,76,64,15.1,8.7,0.0,0.1542,0.988,6.0,6.7,6.7,station
2023-01-10,,,6.4,,,,,5.4,,,,,,86,63,14.8,8.61,2.0,0.1712,0.9852,7.8,9.4,9.4,station
2023-01-11,,,8.3,,,,,6.6,,,,,,87,91,12.6,6.92,0.1,0.1881,0.9821,11.4,12.8,12.8,station
2023-01-12,,,5.1,,,,,4.8,,,,,,83,100,26.6,2.89,0.1,0.205,0.9788,5.7,5.0,5.0,station
2023-01-13,,,1.3,,,,,1.6,,,,,,67,100,20.2,3.96,0.3,0.2218,0.9751,1.5,1.7,1.7,station
2023-01-14,,,1.3,,,,,1.6,,,,,,72,57,11.6,8.04,0.0,0.2385,0.9711,0.4,-0.6,-0.6,station
2023-01-15,,,3.4,,,,,4.8,,,,,,65,83,21.0,8.02,0.0,0.2552,0.9669,5.9,6.1,6.1,station
2023-01-16,,,8.3,,,,,9.6,,,,,,77,100,21.9,2.46,4.6,0.2718,0.9624,9.1,11.1,11.1,station
2023-01-17,,,9.0,,,,,9.3,,,,,,82,100,28.1,2.68,0.0,0.2883,0.9575,9.0,9.4,9.4,station
2023-01-18,,,4.2,,,,,4.5,,,,,,83,95,25.4,3.69,7.2,0.3047,0.9524,4.3,4.4,4.4,station
2023-01-19,,,5.8,,,,,5.3,,,,,,94,100,26.6,2.37,7.0,0.3211,0.9471,4.7,5.0,5.0,station
2023-01-20,,,1.1,,,,,0.7,,,,,,76,84,20.8,3.92,0.3,0.3373,0.9414,1.1,1.7,1.7,station
2023-01-21,,,1.9,,,,,1.3,,,,,,73,92,12.8,7.3,0.0,0.3534,0.9355,2.3,-0.6,-0.6,station
2023-01-22,,,2.1,,,,,2.5,,,,,,86,100,10.1,2.56,3.0,0.3695,0.9292,1.5,1.1,1.1,station
2023-01-23,,,1.8,,,,,3.0,,,,,,74,80,22.3,8.75,0.0,0.3854,0.9227,-0.6,-1.7,-1.7,station
2023-01-24,,,2.6,,,,,3.7,,,,,,80,75,18.3,8.42,0.0,0.4012,0.916,3.3,2.2,2.2,station
2023-01-25,,,0.3,,,,,0.9,,,,,,91,100,14.4,3.03,8.5,0.4169,0.9089,1.4,1.1,1.1,station
2023-01-26,,,-0.4,,,,,-0.7,,,,,,87,100,18.6,5.32,1.9,0.4325,0.9016,-1.0,-0.6,-0.6,station
2023-01-27,,,1.1,,,,,1.0,,,,,,77,64,27.8,5.45,0.2,0.4479,0.8941,2.8,2.2,2.2,station
2023-01-28,,,-3.1,,,,,-3.6,,,,,,79,97,19.1,2.86,3.9,0.4633,0.8862,-1.6,-0.6,-0.6,station
2023-01-29,,,-3.0,,,,,-3.3,,,,,,84,100,18.5,6.45,1.6,0.4784,0.8781,-1.3,-0.6,-0.6,station
2023-01-30,,,-9.7,,,,,-12.1,,,,,,67,59,14.3,9.54,0.6,0.4935,0.8698,-9.4,-8.3,-8.3,station
2023-01-31,,,-11.4,,,,,-10.9,,,,,,65,20,13.3,11.37,0.0,0.5084,0.8611,-11.6,-11.1,-11.1,station
2023-02-01,,,-4.2,,,,,-3.4,,,,,,61,11,17.1,11.94,0.0,0.5231,0.8523,-2.9,-2.8,-2.8,station
2023-02-02,,,-1.8,,,,,-2.0,,,,,,64,5,18.9,11.64,0.0,0.5377,0.8432,-0.5,0.6,0.6,station
2023-02-03,,,-10.9,,,,,-11.5,,,,,,55,21,19.3,12.32,0.0,0.5521,0.8338,-11.6,-11.7,-11.7,station
2023-02-04,,,2.4,,,,,2.3,,,,,,53,66,24.2,11.21,0.0,0.5664,0.8242,4.6,5.6,5.6,station
2023-02-05,,,2.4,,,,,2.6,,,,,,74,49,23.9,11.2,0.0,0.5805,0.8143,5.6,5.0,5.0,station
2023-02-06,,,5.5,,,,,5.3,,,,,,74,46,27.0,10.98,0.0,0.5944,0.8042,6.0,7.8,7.8,station
2023-02-07,,,7.8,,,,,9.0,,,,,,75,49,31.6,10.19,0.0,0.6081,0.7938,10.3,10.0,10.0,station
2023-02-08,,,4.4,,,,,4.2,,,,,,75,71,9.5,9.64,0.0,0.6217,0.7833,7.0,6.7,6.7,station
2023-02-09,,,5.7,,,,,3.5,,,,,,93,100,23.7,1.72,22.2,0.6351,0.7725,5.8,5.6,5.6,station
2023-02-10,,,1.5,,,,,1.5,,,,,,71,33,18.1,13.33,0.2,0.6483,0.7614,2.4,2.8,2.8,station
2023-02-11,,,5.0,,,,,4.6,,,,,,60,0,17.8,13.29,0.0,0.6613,0.7502,7.2,8.3,8.3,station
2023-02-12,,,8.7,,,,,7.7,,,,,,61,24,16.8,13.41,0.0,0.6741,0.7387,9.9,11.1,11.1,station
2023-02-13,,,8.7,,,,,9.7,,,,,,61,24,17.1,13.56,0.0,0.6867,0.727,9.6,11.1,11.1,station
2023-02-14,,,10.0,,,,,10.1,,,,,,69,74,35.6,6.69,2.2,0.6991,0.715,12.6,12.8,12.8,station
2023-02-15,,,10.5,,,,,9.8,,,,,,76,83,37.4,10.56,5.3,0.7113,0.7029,9.5,10.6,10.6,station
2023-02-16,,,1.7,,,,,3.0,,,,,,85,98,28.2,1.85,13.7,0.7233,0.6906,1.3,1.7,1.7,station
2023-02-17,,,-4.5,,,,,-4.3,,,,,,71,19,24.0,14.98,0.1,0.735,0.678,-4.1,-3.3,-3.3,station
2023-02-18,,,2.8,,,,,2.9,,,,,,59,58,21.7,12.91,0.0,0.7466,0.6653,7.0,6.7,6.7,station
2023-02-19,,,8.3,,,,,7.3,,,,,,59,56,25.6,14.45,0.0,0.7579,0.6523,10.2,10.6,10.6,station
2023-02-20,,,7.7,,,,,6.9,,,,,,75,48,14.9,12.95,0.0,0.769,0.6392,6.7,8.3,8.3,station
2023-02-21,,,4.9,,,,,5.0,,,,,,59,77,26.9,14.44,0.0,0.7799,0.6259,3.1,4.4,4.4,station
2023-02-22,,,0.7,,,,,1.2,,,,,,85,100,26.6,1.84,23.7,0.7906,0.6124,0.8,2.2,2.2,station
2023-02-23,,,2.2,,,,,2.8,,,,,,77,65,29.8,10.99,0.4,0.801,0.5987,5.3,3.9,3.9,station
2023-02-24,,,-2.7,,,,,-4.4,,,,,,62,74,16.2,13.63,1.4,0.8112,0.5848,-2.7,-2.2,-2.2,station
2023-02-25,,,3.6,,,,,2.0,,,,,,72,53,19.9,14.2,0.6,0.8211,0.5708,3.9,3.3,3.3,station
2023-02-26,,,8.5,,,,,9.2,,,,,,71,12,20.6,15.96,0.0,0.8308,0.5566,9.8,10.6,10.6,station
2023-02-27,,,14.5,,,,,13.7,,,,,,80,94,26.1,7.28,25.4,0.8402,0.5422,14.9,13.9,13.9,station
2023-02-28,,,9.5,,,,,9.5,,,,,,70,56,18.8,14.09,1.4,0.8495,0.5277,10.7,10.6,10.6,station
2023-03-01,,,13.0,,,,,14.5,,,,,,76,43,22.3,14.85,4.5,0.8584,0.513,13.8,13.3,13.3,station
2023-03-02,,,6.0,,,,,5.5,,,,,,78,87,17.0,7.14,0.2,0.8671,0.4981,3.8,3.9,3.9,station
2023-03-03,,,2.4,,,,,2.6,,,,,,88,98,25.0,4.13,3.2,0.8755,0.4831,3.1,3.3,3.3,station
2023-03-04,,,8.1,,,,,9.8,,,,,,82,44,20.0,12.07,1.3,0.8837,0.468,9.8,10.0,10.0,station
2023-03-05,,,6.3,,,,,6.8,,,,,,79,54,20.5,16.4,2.3,0.8916,0.4527,8.3,10.0,10.0,station
2023-03-06,,,9.4,,,,,7.7,,,,,,80,86,21.8,10.93,3.6,0.8993,0.4373,14.2,12.8,12.8,station
2023-03-07,,,4.5,,,,,4.5,,,,,,68,74,19.2,17.52,0.1,0.9067,0.4218,5.7,7.2,7.2,station
2023-03-08,,,5.4,,,,,5.6,,,,,,57,97,15.2,13.03,0.5,0.9138,0.4061,5.6,7.8,7.8,station
2023-03-09,,,4.2,,,,,4.0,,,,,,72,100,20.9,6.36,10.5,0.9207,0.3904,4.0,4.4,4.4,station
2023-03-10,,,1.9,,,,,0.8,,,,,,90,100,18.9,8.18,7.0,0.9272,0.3745,2.2,2.8,2.8,station
2023-03-11,,,3.4,,,,,2.8,,,,,,82,100,14.5,8.69,1.9,0.9335,0.3585,4.3,3.9,3.9,station
2023-03-12,,,2.2,,,,,2.3,,,,,,86,96,15.5,5.22,3.8,0.9396,0.3424,3.4,2.8,2.8,station
2023-03-13,,,1.3,,,,,0.6,,,,,,74,89,27.9,7.59,1.5,0.9453,0.3261,0.7,0.0,0.0,station
2023-03-14,,,1.3,,,,,1.5,,,,,,68,1,14.3,19.57,0.0,0.9508,0.3098,2.7,2.8,2.8,station
2023-03-15,,,9.2,,,,,8.8,,,,,,62,52,21.7,17.42,0.0,0.956,0.2934,9.5,10.0,10.0,station
2023-03-16,,,7.9,,,,,8.7,,,,,,66,100,26.9,6.02,1.9,0.9609,0.2769,10.9,9.4,9.4,station
2023-03-17,,,8.5,,,,,9.5,,,,,,66,49,28.1,18.08,3.9,0.9655,0.2604,8.9,8.3,8.3,station
2023-03-18,,,-3.7,,,,,-2.7,,,,,,42,45,28.2,18.04,0.0,0.9698,0.2437,-2.9,-4.4,-4.4,station
2023-03-19,,,2.9,,,,,3.2,,,,,,35,0,21.9,20.54,0.0,0.9739,0.227,5.2,3.9,3.9,station
2023-03-20,,,9.3,,,,,8.7,,,,,,40,82,29.0,16.6,0.1,0.9777,0.2102,9.3,10.6,10.6,station
2023-03-21,,,10.8,,,,,11.0,,,,,,56,85,20.8,16.89,0.0,0.9811,0.1934,11.5,11.7,11.7,station
2023-03-22,,,8.2,,,,,7.2,,,,,,83,98,19.9,11.66,1.7,0.9843,0.1765,13.4,11.1,11.1,station
2023-03-23,,,7.2,,,,,7.1,,,,,,83,100,16.9,11.66,1.9,0.9872,0.1595,7.8,8.9,8.9,station
2023-03-24,,,7.1,,,,,6.2,,,,,,71,100,19.1,14.35,1.0,0.9898,0.1425,6.2,6.7,6.7,station
2023-03-25,,,3.7,,,,,4.2,,,,,,78,79,31.6,7.88,18.3,0.9921,0.1255,5.7,6.7,6.7,station
2023-03-26,,,2.8,,,,,3.3,,,,,,75,66,15.8,12.87,2.0,0.9941,0.1084,8.9,8.9,8.9,station
2023-03-27,,,5.8,,,,,4.4,,,,,,71,26,17.6,21.59,0.0,0.9958,0.0913,6.7,7.8,7.8,station
2023-03-28,,,8.6,,,,,8.7,,,,,,62,61,17.0,17.2,0.5,0.9972,0.0741,9.8,10.0,10.0,station
2023-03-29,,,4.1,,,,,4.4,,,,,,54,56,18.7,17.97,0.2,0.9984,0.057,4.7,5.0,5.0,station
2023-03-30,,,12.2,,,,,10.8,,,,,,63,88,27.4,17.04,0.0,0.9992,0.0398,11.2,13.3,13.3,station
2023-03-31,,,16.2,,,,,15.8,,,,,,73,83,33.5,14.15,16.5,0.9997,0.0226,20.6,20.0,20.0,station
2023-04-01,,,11.6,,,,,11.1,,,,,,63,71,30.6,10.15,0.7,1.0,0.0054,11.5,9.4,9.4,station
2023-04-02,,,14.3,,,,,14.4,,,,,,70,34,21.6,19.3,0.0,0.9999,-0.0118,12.0,12.8,12.8,station
2023-04-03,,,13.6,,,,,11.9,,,,,,64,70,20.7,12.52,4.8,0.9996,-0.029,14.8,17.8,17.8,station
2023-04-04,,,20.0,,,,,20.2,,,,,,85,95,28.6,12.13,9.6,0.9989,-0.0462,21.8,19.4,19.4,station
2023-04-05,,,22.4,,,,,20.7,,,,,,72,73,39.5,15.58,14.3,0.998,-0.0634,21.3,21.7,21.7,station
2023-04-06,,,11.6,,,,,12.2,,,,,,49,40,20.1,23.78,0.0,0.9968,-0.0805,10.6,10.6,10.6,station
2023-04-07,,,9.6,,,,,13.8,,,,,,62,0,13.4,23.44,0.0,0.9952,-0.0977,8.5,9.4,9.4,station
2023-04-08,,,16.1,,,,,15.7,,,,,,61,14,12.3,23.01,0.0,0.9934,-0.1148,15.9,17.2,17.2,station
2023-04-09,,,18.1,,,,,18.1,,,,,,54,51,15.8,23.66,0.0,0.9913,-0.1319,18.3,20.0,20.0,station
2023-04-10,,,19.4,,,,,18.7,,,,,,54,55,15.5,22.22,0.0,0.9889,-0.1489,19.5,21.7,21.7,station
2023-04-11,,,23.0,,,,,22.5,,,,,,56,79,23.3,19.94,0.0,0.9861,-0.1659,22.7,26.1,26.1,station
2023-04-12,,,24.9,,,,,24.3,,,,,,55,5,28.1,23.93,0.0,0.9831,-0.1828,24.4,27.8,27.8,station
2023-04-13,,,25.8,,,,,25.0,,,,,,55,24,17.4,24.26,0.0,0.9799,-0.1997,24.9,28.3,28.3,station
2023-04-14,,,26.8,,,,,25.4,,,,,,50,34,13.6,22.91,0.0,0.9763,-0.2165,26.5,27.8,27.8,station
2023-04-15,,,26.9,,,,,27.0,,,,,,61,86,21.6,19.55,6.5,0.9724,-0.2333,25.8,27.8,27.8,station
2023-04-16,,,18.8,,,,,19.1,,,,,,83,100,33.0,7.21,7.0,0.9683,-0.25,15.7,17.8,17.8,station
2023-04-17,,,4.8,,,,,4.8,,,,,,62,88,34.5,8.54,2.8,0.9638,-0.2666,5.1,3.9,3.9,station
2023-04-18,,,13.2,,,,,14.7,,,,,,59,12,15.3,25.98,0.0,0.9591,-0.2831,12.7,14.4,14.4,station
2023-04-19,,,22.0,,,,,21.7,,,,,,69,91,19.3,16.78,2.0,0.9541,-0.2996,16.6,17.2,17.2,station
2023-04-20,,,24.5,,,,,24.3,,,,,,69,98,34.0,17.51,3.8,0.9488,-0.316,25.8,26.1,26.1,station
2023-04-21,,,16.7,,,,,19.1,,,,,,59,82,25.5,16.25,0.5,0.9432,-0.3322,15.3,16.7,16.7,station
2023-04-22,,,8.8,,,,,9.2,,,,,,63,63,22.8,15.3,1.8,0.9373,-0.3484,7.3,7.8,7.8,station
2023-04-23,,,7.2,,,,,6.6,,,,,,62,82,16.2,11.94,1.2,0.9312,-0.3645,6.2,5.6,5.6,station
2023-04-24,,,11.6,,,,,12.0,,,,,,56,73,17.9,21.28,0.6,0.9248,-0.3804,10.9,11.7,11.7,station
2023-04-25,,,6.7,,,,,7.4,,,,,,78,60,16.8,16.5,5.9,0.9181,-0.3963,7.8,7.2,7.2,station
2023-04-26,,,10.6,,,,,10.3,,,,,,71,18,12.6,21.72,0.0,0.9112,-0.412,8.9,10.6,10.6,station
2023-04-27,,,18.6,,,,,16.1,,,,,,61,38,15.1,26.66,0.0,0.9039,-0.4276,17.7,18.9,18.9,station
2023-04-28,,,12.3,,,,,14.9,,,,,,66,83,13.8,17.33,0.0,0.8965,-0.4431,14.0,16.7,16.7,station
2023-04-29,,,13.1,,,,,10.0,,,,,,72,84,21.1,12.53,4.5,0.8887,-0.4585,14.2,13.3,13.3,station
2023-04-30,,,6.8,,,,,7.0,,,,,,77,65,27.5,13.89,3.0,0.8807,-0.4737,8.3,8.3,8.3,station
2023-05-01,,,6.1,,,,,4.2,,,,,,80,100,27.9,5.74,5.0,0.8724,-0.4888,8.0,10.0,10.0,station
2023-05-02,,,8.2,,,,,7.7,,,,,,55,91,29.3,11.97,0.0,0.8639,-0.5037,11.6,12.2,12.2,station
2023-05-03,,,13.9,,,,,14.8,,,,,,68,37,18.3,27.35,0.0,0.8551,-0.5185,13.4,15.0,15.0,station
2023-05-04,,,20.4,,,,,19.9,,,,,,59,13,18.0,26.96,0.0,0.846,-0.5331,20.8,21.7,21.7,station
2023-05-05,,,23.0,,,,,23.3,,,,,,47,70,22.5,24.37,0.0,0.8367,-0.5476,24.5,25.0,25.0,station
2023-05-06,,,24.1,,,,,22.4,,,,,,63,98,23.8,13.6,1.7,0.8272,-0.5619,25.9,25.0,25.0,station
2023-05-07,,,29.2,,,,,29.6,,,,,,82,86,19.1,24.65,3.3,0.8174,-0.5761,27.3,30.0,30.0,station
2023-05-08,,,23.1,,,,,21.4,,,,,,95,97,18.0,4.46,13.9,0.8074,-0.59,14.5,15.6,15.6,station
2023-05-09,,,18.4,,,,,15.7,,,,,,75,52,14.0,26.98,0.0,0.7971,-0.6038,19.0,20.6,20.6,station
2023-05-10,,,25.4,,,,,24.8,,,,,,64,35,11.7,27.81,0.0,0.7866,-0.6175,23.8,26.7,26.7,station
2023-05-11,,,27.0,,,,,27.2,,,,,,56,86,13.2,27.31,0.0,0.7759,-0.6309,26.4,28.9,28.9,station
2023-05-12,,,22.2,,,,,23.0,,,,,,82,100,13.9,11.08,17.9,0.7649,-0.6442,23.2,25.0,25.0,station
2023-05-13,,,20.3,,,,,20.2,,,,,,80,99,15.8,17.79,1.2,0.7537,-0.6572,18.5,20.0,20.0,station
2023-05-14,,,14.6,,,,,15.0,,,,,,67,100,17.7,7.84,0.0,0.7423,-0.6701,15.1,16.7,16.7,station
2023-05-15,,,18.1,,,,,18.3,,,,,,56,100,15.2,23.57,0.0,0.7306,-0.6828,16.8,19.4,19.4,station
2023-05-16,,,25.0,,,,,24.4,,,,,,59,80,18.9,25.38,0.0,0.7188,-0.6952,25.1,27.2,27.2,station
2023-05-17,,,16.3,,,,,18.3,,,,,,68,11,19.1,29.44,0.0,0.7067,-0.7075,14.9,16.1,16.1,station
2023-05-18,,,23.8,,,,,23.3,,,,,,54,31,15.8,28.85,0.0,0.6945,-0.7195,21.9,23.9,23.9,station
2023-05-19,,,20.3,,,,,19.8,,,,,,59,84,20.8,19.77,8.1,0.682,-0.7314,23.2,23.3,23.3,station
2023-05-20,,,20.5,,,,,19.7,,,,,,61,10,17.8,27.63,0.0,0.6693,-0.743,19.6,22.8,22.8,station
2023-05-21,,,24.5,,,,,24.9,,,,,,53,1,14.8,29.21,0.0,0.6564,-0.7544,25.1,26.7,26.7,station
2023-05-22,,,27.3,,,,,26.0,,,,,,49,36,20.7,27.87,0.0,0.6433,-0.7656,26.2,28.3,28.3,station
2023-05-23,,,29.2,,,,,28.4,,,,,,47,12,20.9,26.59,0.0,0.6301,-0.7765,28.4,28.9,28.9,station
2023-05-24,,,20.3,,,,,21.9,,,,,,63,53,21.5,28.33,0.0,0.6166,-0.7873,18.8,19.4,19.4,station
2023-05-25,,,16.1,,,,,17.1,,,,,,48,43,18.1,28.45,0.0,0.603,-0.7978,14.7,16.1,16.1,station
2023-05-26,,,18.7,,,,,18.4,,,,,,52,14,15.5,30.44,0.0,0.5892,-0.808,19.2,21.1,21.1,station
2023-05-27,,,21.7,,,,,21.9,,,,,,47,54,14.9,28.08,0.0,0.5752,-0.818,21.7,22.2,22.2,station
2023-05-28,,,23.9,,,,,23.1,,,,,,46,86,15.2,28.69,0.0,0.561,-0.8278,25.3,26.1,26.1,station
2023-05-29,,,26.0,,,,,25.6,,,,,,47,73,13.3,27.65,0.0,0.5467,-0.8373,27.2,28.9,28.9,station
2023-05-30,,,29.7,,,,,29.0,,,,,,49,62,14.4,26.6,0.9,0.5322,-0.8466,30.0,32.2,32.2,station
2023-05-31,,,30.5,,,,,30.6,,,,,,69,35,15.2,23.25,6.8,0.5176,-0.8556,32.6,32.2,32.2,station
2023-06-01,,,30.5,,,,,30.8,,,,,,68,24,16.4,26.37,0.4,0.5028,-0.8644,31.9,32.2,32.2,station
2023-06-02,,,30.5,,,,,30.3,,,,,,55,38,13.6,28.41,0.0,0.4878,-0.8729,31.0,32.2,32.2,station
2023-06-03,,,29.2,,,,,28.7,,,,,,58,51,19.0,28.56,0.0,0.4728,-0.8812,29.6,30.6,30.6,station
2023-06-04,,,24.5,,,,,24.0,,,,,,50,20,18.1,30.14,0.0,0.4575,-0.8892,25.4,25.0,25.0,station
2023-06-05,,,26.5,,,,,26.7,,,,,,57,58,12.7,26.11,0.0,0.4422,-0.8969,27.4,28.9,28.9,station
2023-06-06,,,25.8,,,,,26.4,,,,,,65,97,19.2,21.97,0.0,0.4267,-0.9044,24.5,23.9,23.9,station
2023-06-07,,,22.5,,,,,22.8,,,,,,56,32,20.2,30.38,0.0,0.4111,-0.9116,21.5,23.3,23.3,station
2023-06-08,,,22.2,,,,,22.8,,,,,,57,0,16.3,30.68,0.0,0.3953,-0.9185,21.7,23.3,23.3,station
2023-06-09,,,25.8,,,,,24.3,,,,,,47,11,17.2,29.97,0.0,0.3795,-0.9252,26.1,27.8,27.8,station
2023-06-10,,,27.7,,,,,26.2,,,,,,38,57,13.2,27.15,0.0,0.3635,-0.9316,29.4,29.4,29.4,station
2023-06-11,,,19.6,,,,,19.6,,,,,,80,82,26.6,11.51,4.5,0.3474,-0.9377,17.5,17.8,17.8,station
2023-06-12,,,20.7,,,,,22.6,,,,,,57,57,19.5,20.11,0.6,0.3312,-0.9436,20.2,20.6,20.6,station
2023-06-13,,,19.3,,,,,14.8,,,,,,76,86,24.5,10.14,8.1,0.3149,-0.9491,19.0,18.3,18.3,station
2023-06-14,,,25.3,,,,,22.5,,,,,,82,64,11.7,19.12,0.2,0.2986,-0.9544,23.0,23.9,23.9,station
2023-06-15,,,26.5,,,,,25.3,,,,,,76,53,20.4,26.36,0.2,0.2821,-0.9594,27.4,26.7,26.7,station
2023-06-16,,,22.8,,,,,22.3,,,,,,79,50,16.7,20.02,0.0,0.2656,-0.9641,19.1,19.4,19.4,station
2023-06-17,,,26.0,,,,,27.6,,,,,,68,29,12.6,29.87,0.0,0.2489,-0.9685,25.2,26.7,26.7,station
2023-06-18,,,28.6,,,,,29.1,,,,,,58,63,18.1,28.99,0.0,0.2322,-0.9727,28.3,30.0,30.0,station
2023-06-19,,,27.7,,,,,27.3,,,,,,58,62,16.4,28.74,0.0,0.2155,-0.9765,27.7,29.4,29.4,station
2023-06-20,,,28.0,,,,,27.8,,,,,,60,0,18.9,29.83,0.0,0.1986,-0.9801,26.0,28.3,28.3,station
2023-06-21,,,29.7,,,,,28.9,,,,,,67,14,17.7,28.98,0.0,0.1818,-0.9833,29.0,30.6,30.6,station
2023-06-22,,,27.3,,,,,28.4,,,,,,60,24,17.6,29.16,0.0,0.1648,-0.9863,27.7,29.4,29.4,station
2023-06-23,,,28.6,,,,,28.9,,,,,,59,28,15.8,25.39,0.0,0.1478,-0.989,28.2,29.4,29.4,station
2023-06-24,,,33.1,,,,,32.6,,,,,,59,37,14.6,29.33,0.0,0.1308,-0.9914,32.1,32.8,32.8,station
2023-06-25,,,28.5,,,,,31.2,,,,,,61,54,31.6,23.25,2.4,0.1137,-0.9935,28.9,29.4,29.4,station
2023-06-26,,,22.5,,,,,20.4,,,,,,71,83,23.7,18.48,2.3,0.0966,-0.9953,25.0,23.3,23.3,station
2023-06-27,,,26.3,,,,,26.3,,,,,,67,44,16.1,25.26,0.0,0.0795,-0.9968,24.2,25.0,25.0,station
2023-06-28,,,30.0,,,,,29.2,,,,,,64,30,16.3,25.71,0.1,0.0623,-0.9981,28.3,29.4,29.4,station
2023-06-29,,,29.5,,,,,29.6,,,,,,73,61,19.7,19.72,22.9,0.0451,-0.999,31.3,31.1,31.1,station
2023-06-30,,,31.4,,,,,28.9,,,,,,70,47,11.5,22.05,1.3,0.028,-0.9996,33.6,31.7,31.7,station
2023-07-01,,,30.7,,,,,25.8,,,,,,89,92,10.3,11.08,12.4,0.0108,-0.9999,28.1,28.9,28.9,station
2023-07-02,,,22.5,,,,,25.5,,,,,,95,98,24.4,3.04,83.5,-0.0065,-1.0,21.5,22.8,22.8,station
2023-07-03,,,30.4,,,,,31.4,,,,,,69,27,14.1,27.78,0.0,-0.0237,-0.9997,28.0,30.6,30.6,station
2023-07-04,,,32.5,,,,,32.1,,,,,,70,18,15.8,27.04,0.6,-0.0408,-0.9992,31.7,32.8,32.8,station
2023-07-05,,,33.2,,,,,33.6,,,,,,82,50,21.2,22.96,27.2,-0.058,-0.9983,32.4,31.7,31.7,station
2023-07-06,,,26.8,,,,,23.8,,,,,,81,61,11.9,24.34,1.0,-0.0752,-0.9972,25.7,26.7,26.7,station
2023-07-07,,,27.0,,,,,27.6,,,,,,72,79,11.7,23.66,1.4,-0.0923,-0.9957,25.5,27.2,27.2,station
2023-07-08,,,24.0,,,,,21.1,,,,,,78,67,12.3,17.49,10.6,-0.1094,-0.994,22.9,24.4,24.4,station
2023-07-09,,,27.1,,,,,27.8,,,,,,61,21,14.8,26.03,0.0,-0.1265,-0.992,27.8,28.3,28.3,station
2023-07-10,,,29.6,,,,,29.3,,,,,,59,7,18.8,29.26,0.0,-0.1436,-0.9896,29.5,30.0,30.0,station
2023-07-11,,,30.0,,,,,30.8,,,,,,71,43,18.8,21.91,7.2,-0.1606,-0.987,29.1,30.0,30.0,station
2023-07-12,,,21.5,,,,,22.7,,,,,,84,85,37.4,10.15,55.5,-0.1775,-0.9841,26.1,23.9,23.9,station
2023-07-13,,,26.6,,,,,29.1,,,,,,80,58,11.5,16.98,0.3,-0.1944,-0.9809,24.8,25.6,25.6,station
2023-07-14,,,30.0,,,,,31.2,,,,,,77,62,22.1,20.47,2.0,-0.2113,-0.9774,30.3,32.2,32.2,station
2023-07-15,,,29.1,,,,,29.6,,,,,,77,52,16.7,24.0,4.8,-0.2281,-0.9736,29.4,29.4,29.4,station
2023-07-16,,,28.2,,,,,28.1,,,,,,61,27,19.5,26.0,0.1,-0.2448,-0.9696,27.8,26.7,26.7,station
2023-07-17,,,25.5,,,,,25.1,,,,,,58,21,15.0,28.31,0.0,-0.2614,-0.9652,26.5,26.1,26.1,station
2023-07-18,,,27.3,,,,,28.0,,,,,,65,45,13.8,23.36,0.0,-0.278,-0.9606,25.4,26.1,26.1,station
2023-07-19,,,29.7,,,,,29.0,,,,,,67,26,7.2,28.2,0.0,-0.2945,-0.9557,28.4,29.4,29.4,station
2023-07-20,,,30.5,,,,,29.5,,,,,,68,20,22.7,26.38,1.3,-0.3109,-0.9505,29.6,30.6,30.6,station
2023-07-21,,,27.9,,,,,26.3,,,,,,70,53,10.6,25.48,0.2,-0.3272,-0.945,25.5,27.2,27.2,station
2023-07-22,,,29.2,,,,,29.1,,,,,,66,26,12.4,25.58,0.4,-0.3434,-0.9392,28.4,29.4,29.4,station
2023-07-23,,,30.4,,,,,30.7,,,,,,66,22,10.7,26.97,0.1,-0.3595,-0.9332,29.1,28.3,28.3,station
2023-07-24,,,32.4,,,,,33.5,,,,,,67,22,12.1,26.23,0.0,-0.3755,-0.9268,30.1,30.6,30.6,station
2023-07-25,,,34.8,,,,,34.2,,,,,,65,27,12.4,26.84,0.0,-0.3914,-0.9202,32.2,32.2,32.2,station
2023-07-26,,,36.9,,,,,33.7,,,,,,80,69,22.0,18.27,14.3,-0.4071,-0.9134,32.0,31.7,31.7,station
2023-07-27,,,34.1,,,,,32.9,,,,,,78,26,12.6,25.4,0.0,-0.4228,-0.9062,31.0,33.3,33.3,station
2023-07-28,,,37.5,,,,,37.6,,,,,,82,92,25.3,22.18,32.7,-0.4383,-0.8988,33.1,33.3,33.3,station
2023-07-29,,,27.9,,,,,27.8,,,,,,78,65,16.9,23.26,0.4,-0.4537,-0.8912,25.9,27.8,27.8,station
2023-07-30,,,27.6,,,,,25.7,,,,,,77,23,14.1,24.84,0.3,-0.469,-0.8832,24.8,26.1,26.1,station
2023-07-31,,,29.5,,,,,29.4,,,,,,66,23,17.4,23.62,0.0,-0.4841,-0.875,27.2,27.2,27.2,station
2023-08-01,,,30.6,,,,,30.4,,,,,,66,60,9.0,23.37,0.7,-0.4991,-0.8666,28.3,29.4,29.4,station
2023-08-02,,,32.1,,,,,30.7,,,,,,64,68,13.0,25.31,0.0,-0.5139,-0.8578,28.6,28.9,28.9,station
2023-08-03,,,32.9,,,,,29.3,,,,,,73,41,9.9,26.51,0.0,-0.5286,-0.8489,30.3,31.1,31.1,station
2023-08-04,,,30.2,,,,,30.2,,,,,,75,67,16.3,25.75,0.0,-0.5431,-0.8397,27.7,29.4,29.4,station
2023-08-05,,,23.1,,,,,28.5,,,,,,90,91,17.2,4.48,19.7,-0.5575,-0.8302,22.5,24.4,24.4,station
2023-08-06,,,23.5,,,,,24.7,,,,,,85,88,17.2,13.62,4.3,-0.5717,-0.8205,22.4,22.2,22.2,station
2023-08-07,,,24.3,,,,,20.1,,,,,,77,85,15.0,13.7,0.4,-0.5857,-0.8105,24.4,26.7,26.7,station
2023-08-08,,,30.2,,,,,28.9,,,,,,64,30,11.3,23.4,0.1,-0.5996,-0.8003,28.5,28.9,28.9,station
2023-08-09,,,29.4,,,,,29.2,,,,,,76,63,11.8,15.33,0.0,-0.6132,-0.7899,27.1,25.6,25.6,station
2023-08-10,,,29.9,,,,,30.4,,,,,,74,36,19.3,23.54,1.3,-0.6267,-0.7792,28.7,29.4,29.4,station
2023-08-11,,,30.7,,,,,32.2,,,,,,83,70,23.1,17.27,4.9,-0.64,-0.7683,27.9,29.4,29.4,station
2023-08-12,,,31.8,,,,,32.5,,,,,,64,34,21.4,23.74,0.4,-0.6532,-0.7572,29.0,30.6,30.6,station
2023-08-13,,,28.2,,,,,30.2,,,,,,77,72,16.6,15.82,1.8,-0.6661,-0.7459,26.1,27.2,27.2,station
2023-08-14,,,21.5,,,,,22.8,,,,,,91,84,17.3,9.17,23.8,-0.6788,-0.7343,23.2,24.4,24.4,station
2023-08-15,,,23.1,,,,,22.5,,,,,,77,56,21.1,18.89,3.0,-0.6914,-0.7225,23.2,25.6,25.6,station
2023-08-16,,,28.0,,,,,28.5,,,,,,70,11,20.0,25.26,0.0,-0.7037,-0.7105,26.7,27.8,27.8,station
2023-08-17,,,26.2,,,,,27.3,,,,,,63,48,26.1,20.57,12.6,-0.7158,-0.6983,25.8,26.7,26.7,station
2023-08-18,,,26.2,,,,,26.9,,,,,,64,35,10.9,24.97,0.0,-0.7277,-0.6859,25.0,25.6,25.6,station
2023-08-19,,,30.6,,,,,31.0,,,,,,70,31,20.2,22.81,0.0,-0.7394,-0.6733,27.4,28.3,28.3,station
2023-08-20,,,34.5,,,,,36.9,,,,,,80,31,12.8,22.61,0.0,-0.7509,-0.6605,30.8,32.2,32.2,station
2023-08-21,,,27.9,,,,,29.5,,,,,,79,97,15.8,24.12,0.0,-0.7621,-0.6474,25.4,27.2,27.2,station
2023-08-22,,,31.7,,,,,35.2,,,,,,81,38,12.1,22.27,0.0,-0.7731,-0.6342,30.4,31.7,31.7,station
2023-08-23,,,38.9,,,,,37.4,,,,,,74,32,25.1,22.07,0.0,-0.7839,-0.6208,36.9,36.7,36.7,station
2023-08-24,,,43.0,,,,,39.6,,,,,,75,59,25.5,22.56,17.4,-0.7945,-0.6073,37.3,37.8,37.8,station
2023-08-25,,,30.4,,,,,28.5,,,,,,84,58,16.0,15.69,0.0,-0.8048,-0.5935,25.9,27.2,27.2,station
2023-08-26,,,25.5,,,,,25.5,,,,,,86,56,25.0,13.36,2.1,-0.8149,-0.5796,22.5,24.4,24.4,station
2023-08-27,,,23.8,,,,,24.2,,,,,,69,6,14.5,24.25,0.0,-0.8248,-0.5655,22.2,23.9,23.9,station
2023-08-28,,,29.2,,,,,30.0,,,,,,66,5,15.1,23.01,0.0,-0.8344,-0.5512,25.2,27.2,27.2,station
2023-08-29,,,30.8,,,,,29.8,,,,,,68,18,22.5,20.16,0.3,-0.8437,-0.5368,28.4,30.0,30.0,station
2023-08-30,,,22.4,,,,,21.7,,,,,,73,26,21.7,19.23,0.0,-0.8528,-0.5222,19.4,21.7,21.7,station
2023-08-31,,,25.2,,,,,27.0,,,,,,69,0,12.3,23.69,0.0,-0.8617,-0.5074,23.6,26.1,26.1,station
2023-09-01,,,30.6,,,,,31.0,,,,,,64,0,14.3,23.39,0.0,-0.8703,-0.4925,28.0,28.9,28.9,station
2023-09-02,,,33.3,,,,,34.4,,,,,,59,39,20.0,22.11,0.0,-0.8786,-0.4775,31.3,31.1,31.1,station
2023-09-03,,,36.7,,,,,37.5,,,,,,52,17,21.8,22.49,0.0,-0.8867,-0.4623,34.3,33.9,33.9,station
2023-09-04,,,36.3,,,,,37.4,,,,,,66,15,17.2,21.21,0.0,-0.8945,-0.447,33.8,33.9,33.9,station
2023-09-05,,,35.0,,,,,36.5,,,,,,65,83,23.8,16.9,0.0,-0.9021,-0.4315,32.3,33.3,33.3,station
2023-09-06,,,30.8,,,,,32.3,,,,,,76,63,24.9,18.11,7.6,-0.9094,-0.4159,28.8,27.2,27.2,station
2023-09-07,,,22.6,,,,,21.9,,,,,,77,86,16.9,8.9,0.3,-0.9164,-0.4002,22.2,21.7,21.7,station
2023-09-08,,,22.2,,,,,22.5,,,,,,81,89,14.5,5.7,1.7,-0.9232,-0.3844,18.7,19.4,19.4,station
2023-09-09,,,24.0,,,,,24.7,,,,,,74,14,13.2,21.21,0.0,-0.9296,-0.3685,22.2,23.9,23.9,station
2023-09-10,,,27.6,,,,,27.7,,,,,,73,32,12.6,20.01,1.1,-0.9358,-0.3524,26.6,27.8,27.8,station
2023-09-11,,,20.5,,,,,21.4,,,,,,90,99,12.4,4.89,20.9,-0.9418,-0.3363,18.5,21.1,21.1,station
2023-09-12,,,21.3,,,,,21.3,,,,,,78,38,15.3,18.19,0.1,-0.9474,-0.32,20.9,22.2,22.2,station
2023-09-13,,,21.9,,,,,19.8,,,,,,80,17,15.6,19.16,0.7,-0.9528,-0.3037,19.0,21.1,21.1,station
2023-09-14,,,22.4,,,,,22.6,,,,,,74,22,10.7,17.25,0.0,-0.9579,-0.2873,20.9,22.8,22.8,station
2023-09-15,,,25.4,,,,,26.0,,,,,,68,18,10.0,21.19,0.0,-0.9627,-0.2707,24.1,26.1,26.1,station
2023-09-16,,,19.6,,,,,24.2,,,,,,82,93,11.5,4.27,10.7,-0.9672,-0.2541,18.5,20.6,20.6,station
2023-09-17,,,20.0,,,,,20.0,,,,,,89,64,21.3,9.26,27.7,-0.9714,-0.2375,18.5,17.8,17.8,station
2023-09-18,,,22.8,,,,,23.8,,,,,,82,31,11.4,15.57,0.4,-0.9753,-0.2207,20.0,22.2,22.2,station
2023-09-19,,,19.9,,,,,20.7,,,,,,84,92,17.0,5.02,10.3,-0.979,-0.2039,19.0,20.0,20.0,station
2023-09-20,,,26.4,,,,,28.6,,,,,,67,78,16.1,11.8,0.3,-0.9824,-0.187,25.9,26.1,26.1,station
2023-09-21,,,24.3,,,,,28.0,,,,,,80,94,12.5,8.62,1.6,-0.9854,-0.1701,24.0,26.1,26.1,station
2023-09-22,,,26.8,,,,,27.1,,,,,,80,87,9.3,9.11,2.4,-0.9882,-0.1531,24.0,26.1,26.1,station
2023-09-23,,,26.7,,,,,27.7,,,,,,63,56,18.0,18.77,0.0,-0.9907,-0.1361,23.8,26.1,26.1,station
2023-09-24,,,26.0,,,,,24.1,,,,,,67,54,17.7,16.91,0.0,-0.9929,-0.1191,23.4,25.0,25.0,station
2023-09-25,,,25.5,,,,,24.7,,,,,,78,70,15.7,15.07,5.6,-0.9948,-0.102,22.9,23.3,23.3,station
2023-09-26,,,23.6,,,,,24.3,,,,,,88,96,18.8,9.85,13.0,-0.9964,-0.0848,22.6,22.8,22.8,station
2023-09-27,,,18.6,,,,,21.3,,,,,,89,81,19.0,11.07,6.2,-0.9977,-0.0677,20.7,22.2,22.2,station
2023-09-28,,,20.4,,,,,21.5,,,,,,87,37,14.3,13.7,0.6,-0.9987,-0.0505,20.9,21.7,21.7,station
2023-09-29,,,25.4,,,,,25.9,,,,,,87,48,12.1,13.12,0.2,-0.9994,-0.0333,23.3,24.4,24.4,station
2023-09-30,,,29.1,,,,,29.2,,,,,,80,0,12.6,17.25,0.0,-0.9999,-0.0161,26.9,28.9,28.9,station
2023-10-01,,,30.1,,,,,29.6,,,,,,76,0,8.5,17.4,0.0,-1.0,0.0011,27.4,30.0,30.0,station
2023-10-02,,,29.5,,,,,29.7,,,,,,73,14,10.3,17.1,0.0,-0.9998,0.0183,28.0,29.4,29.4,station
2023-10-03,,,29.8,,,,,30.3,,,,,,61,19,17.0,17.16,0.0,-0.9994,0.0355,28.1,30.6,30.6,station
2023-10-04,,,28.5,,,,,28.2,,,,,,56,88,28.5,13.11,0.0,-0.9986,0.0527,27.7,28.3,28.3,station
2023-10-05,,,23.7,,,,,21.9,,,,,,77,74,19.2,7.92,3.9,-0.9976,0.0698,22.3,22.8,22.8,station
2023-10-06,,,17.4,,,,,15.9,,,,,,60,36,27.0,10.08,0.4,-0.9962,0.087,15.7,16.1,16.1,station
2023-10-07,,,13.8,,,,,13.7,,,,,,59,20,22.3,16.64,0.0,-0.9946,0.1041,13.7,15.0,15.0,station
2023-10-08,,,12.6,,,,,12.5,,,,,,60,86,13.4,8.21,0.0,-0.9926,0.1212,12.3,13.3,13.3,station
2023-10-09,,,13.7,,,,,13.6,,,,,,56,28,20.9,13.76,0.0,-0.9904,0.1383,12.5,15.0,15.0,station
2023-10-10,,,13.7,,,,,15.2,,,,,,51,32,17.3,14.24,0.0,-0.9879,0.1553,15.1,17.8,17.8,station
2023-10-11,,,17.9,,,,,15.1,,,,,,65,48,9.9,13.65,4.1,-0.9851,0.1722,17.1,18.9,18.9,station
2023-10-12,,,14.6,,,,,13.3,,,,,,88,98,19.2,4.48,5.8,-0.9819,0.1892,14.8,16.1,16.1,station
2023-10-13,,,14.0,,,,,14.5,,,,,,90,95,21.3,2.97,15.5,-0.9785,0.206,13.8,15.6,15.6,station
2023-10-14,,,13.1,,,,,14.6,,,,,,86,86,29.4,4.8,26.3,-0.9749,0.2228,12.5,13.9,13.9,station
2023-10-15,,,14.2,,,,,14.0,,,,,,68,76,20.1,12.67,0.7,-0.9709,0.2396,14.4,15.0,15.0,station
2023-10-16,,,15.1,,,,,13.0,,,,,,75,84,20.3,6.86,0.2,-0.9666,0.2562,12.9,12.8,12.8,station
2023-10-17,,,15.9,,,,,16.1,,,,,,79,36,12.2,14.78,0.0,-0.9621,0.2728,15.6,17.2,17.2,station
2023-10-18,,,18.9,,,,,20.1,,,,,,73,89,24.5,13.28,1.5,-0.9572,0.2893,18.3,19.4,19.4,station
2023-10-19,,,16.6,,,,,15.7,,,,,,86,90,16.9,6.71,5.6,-0.9521,0.3057,16.5,15.6,15.6,station
2023-10-20,,,15.3,,,,,14.5,,,,,,76,52,23.2,10.03,0.3,-0.9467,0.3221,14.6,16.1,16.1,station
2023-10-21,,,17.7,,,,,17.6,,,,,,80,59,27.2,11.85,2.8,-0.941,0.3383,17.7,18.3,18.3,station
2023-10-22,,,13.5,,,,,13.5,,,,,,78,15,15.5,13.91,0.0,-0.9351,0.3545,13.1,15.6,15.6,station
2023-10-23,,,16.6,,,,,16.6,,,,,,71,66,22.0,12.87,0.0,-0.9288,0.3705,16.8,19.4,19.4,station
2023-10-24,,,26.4,,,,,25.3,,,,,,63,63,24.5,12.29,0.0,-0.9223,0.3864,24.8,27.8,27.8,station
2023-10-25,,,21.6,,,,,20.8,,,,,,86,100,19.4,4.51,10.0,-0.9155,0.4022,18.5,20.0,20.0,station
2023-10-26,,,19.4,,,,,22.0,,,,,,88,98,25.0,3.91,17.9,-0.9085,0.4179,19.7,22.2,22.2,station
2023-10-27,,,21.2,,,,,21.0,,,,,,86,67,24.7,5.38,2.7,-0.9012,0.4335,21.0,22.2,22.2,station
2023-10-28,,,9.9,,,,,10.0,,,,,,67,63,16.4,7.18,0.2,-0.8936,0.4489,9.1,10.6,10.6,station
2023-10-29,,,8.1,,,,,8.5,,,,,,85,100,18.4,2.61,4.3,-0.8857,0.4642,8.1,8.3,8.3,station
2023-10-30,,,4.7,,,,,5.1,,,,,,57,15,16.8,13.28,0.0,-0.8776,0.4794,4.3,6.1,6.1,station
2023-10-31,,,2.2,,,,,2.9,,,,,,64,55,25.1,7.62,2.7,-0.8692,0.4944,2.6,2.8,2.8,station
2023-11-01,,,4.8,,,,,4.8,,,,,,67,39,16.8,12.5,0.0,-0.8606,0.5093,5.1,5.6,5.6,station
2023-11-02,,,10.3,,,,,9.9,,,,,,60,71,20.0,11.22,0.0,-0.8517,0.524,10.4,13.3,13.3,station
2023-11-03,,,12.4,,,,,12.4,,,,,,59,91,21.3,5.77,0.4,-0.8426,0.5386,11.8,14.4,14.4,station
2023-11-04,,,11.8,,,,,11.9,,,,,,85,31,11.2,10.98,0.1,-0.8332,0.553,13.4,15.0,15.0,station
2023-11-05,,,13.7,,,,,13.6,,,,,,77,58,17.7,8.63,0.0,-0.8235,0.5672,14.0,16.1,16.1,station
2023-11-06,,,18.9,,,,,18.8,,,,,,63,65,34.5,9.23,1.8,-0.8137,0.5813,19.9,20.6,20.6,station
2023-11-07,,,13.5,,,,,12.8,,,,,,72,74,18.4,10.83,0.0,-0.8035,0.5952,12.8,12.2,12.2,station
2023-11-08,,,17.0,,,,,17.8,,,,,,88,99,22.2,2.23,9.3,-0.7932,0.609,13.9,12.8,12.8,station
2023-11-09,,,13.2,,,,,13.6,,,,,,64,6,22.7,11.61,0.0,-0.7826,0.6225,12.1,13.3,13.3,station
2023-11-10,,,8.3,,,,,9.3,,,,,,61,42,19.1,10.27,0.0,-0.7718,0.6359,7.7,7.2,7.2,station
2023-11-11,,,9.4,,,,,9.2,,,,,,74,30,11.3,10.89,0.0,-0.7607,0.6491,9.3,10.0,10.0,station
2023-11-12,,,12.9,,,,,13.0,,,,,,57,44,20.2,9.54,0.0,-0.7494,0.6621,11.7,13.9,13.9,station
2023-11-13,,,14.9,,,,,15.1,,,,,,57,0,19.2,10.97,0.0,-0.7379,0.6749,14.8,16.7,16.7,station
2023-11-14,,,14.6,,,,,14.4,,,,,,61,12,17.3,10.96,0.0,-0.7262,0.6875,13.6,16.1,16.1,station
2023-11-15,,,16.3,,,,,16.7,,,,,,60,20,16.6,10.24,0.0,-0.7143,0.6998,15.7,17.8,17.8,station
2023-11-16,,,17.1,,,,,16.8,,,,,,70,66,26.1,8.85,0.0,-0.7021,0.712,16.8,18.9,18.9,station
2023-11-17,,,15.4,,,,,15.3,,,,,,66,53,23.4,9.36,0.8,-0.6898,0.724,16.1,15.6,15.6,station
2023-11-18,,,10.9,,,,,11.2,,,,,,62,0,17.6,10.13,0.0,-0.6772,0.7358,9.9,11.7,11.7,station
2023-11-19,,,10.8,,,,,11.7,,,,,,78,29,11.0,10.05,0.0,-0.6645,0.7473,10.6,12.2,12.2,station
2023-11-20,,,8.4,,,,,8.4,,,,,,78,100,20.8,5.01,2.9,-0.6515,0.7586,7.9,9.4,9.4,station
2023-11-21,,,7.0,,,,,6.4,,,,,,86,94,18.8,1.87,14.7,-0.6384,0.7697,6.1,6.7,6.7,station
2023-11-22,,,6.8,,,,,6.8,,,,,,78,37,17.8,8.17,0.0,-0.625,0.7806,7.4,7.2,7.2,station
2023-11-23,,,7.5,,,,,7.6,,,,,,65,37,18.4,9.37,0.0,-0.6115,0.7912,7.7,8.3,8.3,station
2023-11-24,,,1.9,,,,,3.5,,,,,,55,89,16.9,8.72,0.0,-0.5978,0.8016,0.4,0.0,0.0,station
2023-11-25,,,3.4,,,,,3.4,,,,,,63,91,11.8,6.2,0.0,-0.584,0.8118,1.9,3.3,3.3,station
2023-11-26,,,1.3,,,,,1.4,,,,,,81,89,21.2,2.76,5.4,-0.5699,0.8217,0.8,0.6,0.6,station
2023-11-27,,,-2.0,,,,,-1.6,,,,,,59,35,23.8,8.55,0.0,-0.5557,0.8314,-2.6,-2.2,-2.2,station
2023-11-28,,,-5.3,,,,,-4.4,,,,,,52,39,18.1,9.36,0.0,-0.5413,0.8408,-4.2,-5.0,-5.0,station
2023-11-29,,,2.3,,,,,2.8,,,,,,64,15,18.3,9.14,0.0,-0.5268,0.85,5.9,4.4,4.4,station
2023-11-30,,,7.5,,,,,6.9,,,,,,77,77,21.7,8.05,0.0,-0.5121,0.859,10.1,10.6,10.6,station
2023-12-01,,,5.1,,,,,5.0,,,,,,94,100,15.7,1.06,16.7,-0.4972,0.8676,5.0,6.7,6.7,station
2023-12-02,,,5.0,,,,,5.4,,,,,,89,98,11.5,3.39,0.4,-0.4822,0.8761,6.0,6.1,6.1,station
2023-12-03,,,4.1,,,,,4.8,,,,,,93,96,18.7,2.19,8.3,-0.4671,0.8842,3.7,4.4,4.4,station
2023-12-04,,,4.7,,,,,5.0,,,,,,81,55,11.3,6.85,0.0,-0.4518,0.8921,4.7,4.4,4.4,station
2023-12-05,,,3.4,,,,,3.4,,,,,,85,97,17.4,2.78,2.5,-0.4364,0.8998,4.5,5.0,5.0,station
2023-12-06,,,4.0,,,,,4.9,,,,,,78,84,25.2,6.69,0.0,-0.4208,0.9071,3.0,3.9,3.9,station
2023-12-07,,,9.1,,,,,9.7,,,,,,72,38,26.7,8.17,0.0,-0.4052,0.9142,10.6,10.6,10.6,station
2023-12-08,,,11.6,,,,,11.6,,,,,,73,56,23.2,7.12,0.1,-0.3894,0.9211,13.2,13.3,13.3,station
2023-12-09,,,12.7,,,,,12.3,,,,,,72,75,25.7,7.8,2.2,-0.3735,0.9276,11.7,12.2,12.2,station
2023-12-10,,,2.4,,,,,2.8,,,,,,65,96,23.5,2.95,0.0,-0.3575,0.9339,2.0,1.7,1.7,station
2023-12-11,,,2.7,,,,,3.6,,,,,,71,60,17.6,7.3,0.0,-0.3413,0.9399,1.5,1.7,1.7,station
2023-12-12,,,2.0,,,,,2.5,,,,,,66,26,19.2,8.46,0.0,-0.3251,0.9457,2.2,2.8,2.8,station
2023-12-13,,,3.7,,,,,4.4,,,,,,54,32,13.5,8.34,0.0,-0.3088,0.9511,3.8,5.0,5.0,station
2023-12-14,,,7.4,,,,,7.5,,,,,,66,2,14.0,8.13,0.0,-0.2924,0.9563,8.7,10.6,10.6,station
2023-12-15,,,8.0,,,,,7.6,,,,,,68,75,13.0,7.59,0.0,-0.2759,0.9612,10.2,11.1,11.1,station
2023-12-16,,,6.6,,,,,6.3,,,,,,78,99,15.0,1.66,8.8,-0.2593,0.9658,6.1,7.2,7.2,station
2023-12-17,,,6.7,,,,,7.4,,,,,,87,100,18.2,1.84,0.0,-0.2427,0.9701,6.3,6.7,6.7,station
2023-12-18,,,3.7,,,,,4.2,,,,,,56,36,29.3,7.66,0.0,-0.226,0.9741,2.0,2.2,2.2,station
2023-12-19,,,0.4,,,,,0.4,,,,,,45,62,18.6,7.79,0.0,-0.2092,0.9779,0.4,0.6,0.6,station
2023-12-20,,,3.4,,,,,4.4,,,,,,63,55,16.4,7.89,0.0,-0.1923,0.9813,5.7,6.7,6.7,station
2023-12-21,,,4.5,,,,,6.8,,,,,,86,100,10.8,2.51,0.9,-0.1754,0.9845,5.5,8.3,8.3,station
2023-12-22,,,6.2,,,,,5.5,,,,,,90,100,10.0,1.42,13.3,-0.1585,0.9874,7.3,7.2,7.2,station
2023-12-23,,,7.7,,,,,8.3,,,,,,97,100,6.9,2.07,1.3,-0.1414,0.9899,9.3,8.9,8.9,station
2023-12-24,,,13.1,,,,,13.3,,,,,,92,85,18.0,5.49,0.0,-0.1244,0.9922,15.0,12.8,12.8,station
2023-12-25,,,12.1,,,,,11.4,,,,,,88,100,22.3,1.94,10.5,-0.1073,0.9942,11.7,15.0,15.0,station
2023-12-26,,,11.4,,,,,11.5,,,,,,82,70,18.0,3.02,0.7,-0.0902,0.9959,11.7,8.3,8.3,station
2023-12-27,,,5.6,,,,,6.0,,,,,,81,56,17.4,4.8,0.0,-0.073,0.9973,4.9,5.6,5.6,station
2023-12-28,,,5.0,,,,,5.5,,,,,,88,97,18.1,1.14,3.1,-0.0559,0.9984,4.0,5.6,5.6,station
2023-12-29,,,5.1,,,,,6.6,,,,,,91,82,18.1,2.07,3.4,-0.0387,0.9993,4.1,4.4,4.4,station
2023-12-30,,,,,,,,,,,,,,85,30,14.8,8.23,0.0,-0.0215,0.9998,5.7,2.8,2.8,station
2023-12-31,,,,,,,,,,,,,,80,96,18.8,1.94,2.2,-0.0043,1.0,1.0,,,
2024-01-01,,,,,,,,,,,,,,70,46,19.1,8.36,0.0,0.0172,0.9999,1.0,0.0,0.0,station
2024-01-02,,,,,,,,,,,,,,77,46,22.6,6.87,0.0,0.0344,0.9994,2.4,3.9,3.9,station
2024-01-03,,,,,,,,,,,,,,75,99,13.9,3.44,0.0,0.0516,0.9987,2.1,2.2,2.2,station
2024-01-04,,,,,,,,,,,,,,64,31,11.2,8.57,0.0,0.0688,0.9976,1.5,1.7,1.7,station
2024-01-05,,,,,,,,,,,,,,77,86,11.5,6.81,0.0,0.0859,0.9963,2.6,2.8,2.8,station
2024-01-06,,,,,,,,,,,,,,91,100,11.1,1.53,6.5,0.103,0.9947,0.1,0.6,0.6,station
2024-01-07,,,,,,,,,,,,,,83,96,15.7,5.35,0.6,0.1201,0.9928,1.5,1.1,1.1,station
2024-01-08,,,,,,,,,,,,,,83,100,18.9,5.48,0.2,0.1372,0.9905,2.2,2.2,2.2,station
2024-01-09,,,,,,,,,,,,,,97,100,22.1,1.02,30.5,0.1542,0.988,0.9,2.2,2.2,station
2024-01-10,,,,,,,,,,,,,,85,88,25.6,4.73,0.8,0.1712,0.9852,0.4,1.1,1.1,station
2024-01-11,,,,,,,,,,,,,,86,84,18.5,6.62,0.7,0.1881,0.9821,0.1,1.1,1.1,station
2024-01-12,,,,,,,,,,,,,,93,100,35.0,1.48,25.9,0.205,0.9788,2.7,2.2,2.2,station
2024-01-13,,,,,,,,,,,,,,81,100,28.9,5.18,2.9,0.2218,0.9751,0.5,0.0,0.0,station
2024-01-14,,,,,,,,,,,,,,74,42,26.1,9.65,0.7,0.2385,0.9711,-17.6,-16.1,-16.1,station
2024-01-15,,,,,,,,,,,,,,76,78,18.3,8.31,0.0,0.2552,0.9669,-19.0,-17.2,-17.2,station
2024-01-16,,,,,,,,,,,,,,73,22,27.2,9.91,0.0,0.2718,0.9624,-18.2,-16.1,-16.1,station
2024-01-17,,,,,,,,,,,,,,74,61,23.5,9.82,0.1,0.2883,0.9575,-8.4,-6.7,-6.7,station
2024-01-18,,,,,,,,,,,,,,75,94,14.8,8.68,1.0,0.3047,0.9524,-4.6,-2.8,-2.8,station
2024-01-19,,,-11.2,-11.5,-11.9,,,,,,,,,73,100,20.5,8.29,2.9,0.3211,0.9471,-11.2,-10.0,-10.0,station
2024-01-20,,,-8.8,-9.1,-6.5,,,-9.6,-9.1,-11.8,,,,74,25,17.9,10.32,0.0,0.3373,0.9414,-8.4,-7.8,-7.8,station
2024-01-21,,,-7.0,-5.7,-7.5,,,-7.3,-6.7,-10.0,,,,74,44,19.9,10.08,0.0,0.3534,0.9355,-6.4,-6.1,-6.1,station
2024-01-22,,,-0.2,-0.7,-1.2,,,-0.8,-0.8,-1.4,,,,77,100,20.9,3.69,0.9,0.3695,0.9292,0.4,1.1,1.1,station
2024-01-23,,,0.2,0.6,1.5,,,0.9,0.7,1.0,,,,94,100,9.4,1.88,10.4,0.3854,0.9227,1.4,2.8,2.8,station
2024-01-24,,,2.6,2.4,2.7,,,1.4,1.4,0.7,,,,98,100,11.6,2.62,4.4,0.4012,0.916,2.9,2.8,2.8,station
2024-01-25,,,2.0,3.5,3.6,,,2.7,3.5,1.6,,,,97,100,16.6,4.33,6.2,0.4169,0.9089,4.7,3.3,3.3,station
2024-01-26,,,2.1,3.4,4.0,,,1.7,4.2,5.9,,,,96,100,17.0,2.29,11.5,0.4325,0.9016,4.2,4.4,4.4,station
2024-01-27,,,3.3,3.2,4.3,,,3.2,3.7,3.8,,,,97,100,15.7,3.27,1.1,0.4479,0.8941,4.0,4.4,4.4,station
2024-01-28,,,3.7,3.1,2.9,,,3.7,3.6,2.6,,,,86,100,20.6,3.91,2.0,0.4633,0.8862,3.9,3.9,3.9,station
2024-01-29,,,2.3,5.7,5.8,,,6.3,5.8,4.4,,,,85,42,19.7,10.13,0.0,0.4784,0.8781,6.5,3.9,3.9,station
2024-01-30,,,3.6,3.8,5.2,,,3.9,3.9,3.2,,,,86,94,18.7,5.11,1.8,0.4935,0.8698,5.4,5.0,5.0,station
2024-01-31,,,3.7,6.2,8.0,,,8.3,5.7,6.4,,,,83,12,19.5,11.0,0.0,0.5084,0.8611,7.4,3.3,3.3,station
2024-02-01,,,5.8,9.0,9.5,,,10.8,9.0,9.2,,,,85,4,19.2,10.84,0.0,0.5231,0.8523,11.9,12.8,12.8,station
2024-02-02,,,3.9,3.9,5.5,,,4.2,4.0,5.5,,,,89,58,16.7,7.1,0.0,0.5377,0.8432,4.0,5.0,5.0,station
2024-02-03,,,2.2,4.7,7.2,,,6.4,2.6,6.3,,,,86,0,12.6,11.61,0.0,0.5521,0.8338,5.2,5.6,5.6,station
2024-02-04,6.3,,1.6,5.1,7.6,,,6.5,5.6,7.2,5.15,2.58,,85,6,14.6,11.81,0.0,0.5664,0.8242,5.4,7.8,7.8,station
2024-02-05,3.8,,2.5,3.0,5.9,5.6,,6.1,3.3,6.0,3.8,1.5,-1.45,88,49,16.0,8.1,0.0,0.5805,0.8143,3.8,4.4,4.4,station
2024-02-06,8.8,,2.7,7.9,10.9,9.0,,8.7,7.0,9.8,7.58,3.48,-1.05,86,78,10.4,10.61,0.0,0.5944,0.8042,9.3,8.9,8.9,station
2024-02-07,9.1,,6.2,10.0,12.0,10.0,,9.7,9.9,10.5,9.32,2.41,-0.7,76,100,16.7,7.68,0.0,0.6081,0.7938,8.5,8.9,8.9,station
2024-02-08,12.5,,11.2,12.1,12.5,13.0,,11.5,13.3,15.3,12.07,0.61,-1.2,66,70,28.7,9.94,1.2,0.6217,0.7833,14.6,13.9,13.9,station
2024-02-09,11.8,,10.7,13.2,13.6,12.2,,13.4,11.2,14.3,12.32,1.33,-0.45,66,15,27.1,11.87,0.0,0.6351,0.7725,12.7,12.8,12.8,station
2024-02-10,4.7,,2.9,4.6,5.7,4.2,,7.7,4.8,4.5,4.47,1.16,-0.83,70,37,16.5,11.45,0.0,0.6483,0.7614,5.0,5.0,5.0,station
2024-02-11,4.7,,1.5,4.4,6.8,5.3,,6.1,4.2,5.9,4.35,2.18,-1.03,69,52,12.4,11.18,0.0,0.6613,0.7502,4.7,4.4,4.4,station
2024-02-12,6.9,,7.5,6.5,8.6,7.1,,5.9,4.2,7.2,7.38,0.91,1.28,70,23,11.0,12.96,0.0,0.6741,0.7387,6.4,7.8,7.8,station
2024-02-13,4.7,,3.3,2.7,6.1,4.9,,4.0,2.8,3.3,4.2,1.52,0.45,66,21,16.6,12.63,0.0,0.6867,0.727,4.8,4.4,4.4,station
2024-02-14,6.4,,7.5,6.9,8.6,7.5,,7.9,7.8,7.2,7.35,0.95,-0.25,70,53,15.8,13.14,0.0,0.6991,0.715,6.9,7.8,7.8,station
2024-02-15,4.5,,5.7,5.4,6.1,4.7,,6.1,5.3,7.0,5.42,0.68,-0.35,61,58,28.8,12.48,10.1,0.7113,0.7029,5.5,6.7,6.7,station
2024-02-16,-0.6,,0.3,-0.8,0.7,0.7,,0.6,-0.1,0.0,-0.1,0.72,-0.4,53,99,18.7,6.39,0.6,0.7233,0.6906,-0.7,0.0,0.0,station
2024-02-17,-1.8,,-2.2,-2.2,-2.2,-2.2,,-0.6,-1.9,-4.0,-2.1,0.2,0.07,38,7,29.8,14.34,0.0,0.735,0.678,-1.6,-1.7,-1.7,station
2024-02-18,6.5,,5.3,3.5,5.9,6.3,,5.6,1.9,4.2,5.3,1.3,0.8,44,0,28.7,14.53,0.0,0.7466,0.6653,6.6,7.2,7.2,station
2024-02-19,8.8,,9.7,7.5,9.1,8.4,,5.5,6.4,5.8,8.78,0.93,2.25,59,66,10.1,13.6,0.0,0.7579,0.6523,9.5,10.0,10.0,station
2024-02-20,11.5,,13.7,12.4,13.5,10.7,,9.7,11.7,11.1,12.78,1.02,1.98,64,15,19.8,14.19,0.0,0.769,0.6392,12.4,13.9,13.9,station
2024-02-21,13.8,,17.7,15.1,16.8,13.6,,14.3,16.0,16.0,15.85,1.74,0.88,66,89,21.6,11.69,0.2,0.7799,0.6259,14.7,17.2,17.2,station
2024-02-22,11.9,,16.6,14.9,16.5,9.6,,13.2,13.7,12.3,14.98,2.19,2.78,70,83,12.7,11.55,0.0,0.7906,0.6124,13.0,15.6,15.6,station
2024-02-23,8.6,,8.7,8.3,9.5,6.6,,8.3,6.4,7.0,8.78,0.51,1.7,68,50,25.6,12.21,2.5,0.801,0.5987,10.4,10.6,10.6,station
2024-02-24,1.0,,-0.5,1.1,3.7,1.4,,3.3,0.8,2.6,1.33,1.74,-0.7,61,82,24.4,13.22,0.2,0.8112,0.5848,0.8,1.7,1.7,station
2024-02-25,11.7,,15.3,11.5,14.1,12.3,,12.9,11.9,16.3,13.15,1.86,-0.2,61,43,19.8,14.11,0.0,0.8211,0.5708,13.6,15.6,15.6,station
2024-02-26,17.3,,20.6,19.3,19.3,16.2,,16.3,17.3,18.7,19.12,1.36,2.0,67,52,20.6,14.33,0.0,0.8308,0.5566,18.7,21.7,21.7,station
2024-02-27,20.8,,23.6,21.8,25.6,21.1,,20.2,21.5,24.9,22.95,2.11,1.03,83,39,21.9,13.73,0.0,0.8402,0.5422,21.5,22.8,22.8,station
2024-02-28,9.3,,9.3,13.8,13.3,7.9,,11.7,10.9,11.3,11.43,2.46,0.98,50,31,30.8,16.51,0.6,0.8495,0.5277,11.1,10.0,10.0,station
2024-02-29,4.9,,8.0,4.0,5.7,6.3,,6.9,6.3,5.1,5.65,1.71,-0.5,31,9,20.9,16.26,0.0,0.8584,0.513,5.7,7.2,7.2,station
2024-03-01,5.8,,10.5,6.5,6.8,8.2,,7.6,8.5,9.4,7.4,2.11,-1.03,54,58,19.9,9.07,0.3,0.8671,0.4981,6.6,7.8,7.8,station
2024-03-02,13.1,,12.7,13.8,16.5,14.5,,14.0,13.4,16.1,14.03,1.71,-0.47,74,1,17.0,16.32,0.0,0.8755,0.4831,13.8,15.0,15.0,station
2024-03-03,19.4,,17.7,20.2,21.6,19.0,,19.9,19.9,23.5,19.73,1.63,-0.85,70,54,29.2,16.5,0.0,0.8837,0.468,20.0,22.2,22.2,station
2024-03-04,20.4,,21.0,22.5,25.0,20.2,,22.5,22.5,24.6,22.23,2.05,-0.22,76,65,28.1,11.09,3.1,0.8916,0.4527,22.0,22.2,22.2,station
2024-03-05,10.2,,7.3,12.2,7.9,8.0,,16.5,15.6,16.7,9.4,2.25,-4.8,80,83,22.9,12.78,4.2,0.8993,0.4373,7.9,6.7,6.7,station
2024-03-06,8.9,,6.8,8.5,11.2,8.2,,7.3,7.9,6.6,8.85,1.81,1.35,73,47,18.6,15.17,0.0,0.9067,0.4218,7.9,7.8,7.8,station
2024-03-07,9.4,,7.1,8.6,8.6,11.3,,11.2,10.0,9.4,8.43,0.96,-2.05,77,84,15.5,12.42,0.0,0.9138,0.4061,9.8,10.0,10.0,station
2024-03-08,6.5,,6.9,6.2,7.7,9.0,,11.1,12.3,15.1,6.83,0.65,-5.05,94,100,19.4,2.28,24.7,0.9207,0.3904,6.3,7.8,7.8,station
2024-03-09,6.2,,4.4,6.5,6.8,6.6,,6.8,7.1,4.8,5.97,1.08,-0.35,67,57,20.7,15.97,0.2,0.9272,0.3745,7.0,7.2,7.2,station
2024-03-10,7.3,,5.6,6.6,8.8,7.3,,7.4,6.9,6.2,7.08,1.35,0.12,47,0,21.0,18.89,0.0,0.9335,0.3585,7.5,7.8,7.8,station
2024-03-11,15.9,,17.8,16.3,17.3,15.6,,16.3,15.3,14.9,16.82,0.88,1.3,53,33,27.2,18.23,0.0,0.9396,0.3424,16.5,19.4,19.4,station
2024-03-12,18.1,,21.2,20.2,21.6,17.8,,18.1,18.0,19.4,20.27,1.56,1.95,54,94,24.8,16.05,0.0,0.9453,0.3261,19.1,21.1,21.1,station
2024-03-13,15.7,,18.4,16.1,19.5,15.7,,17.7,15.4,22.7,17.43,1.82,-0.45,67,77,16.6,17.27,11.1,0.9508,0.3098,17.4,20.0,20.0,station
2024-03-14,10.3,10.3,14.2,10.8,13.1,9.9,,14.2,8.0,13.4,11.74,1.8,0.37,85,94,23.3,7.64,16.0,0.956,0.2934,18.1,16.7,16.7,station
2024-03-15,11.8,9.6,8.1,10.5,12.8,11.0,9.0,11.5,11.0,11.3,10.56,1.84,-0.2,78,13,19.2,18.53,0.0,0.9609,0.2769,10.9,11.7,11.7,station
2024-03-16,13.5,13.7,11.0,12.3,15.4,13.5,13.9,14.1,13.7,13.3,13.18,1.65,-0.52,60,56,36.0,16.01,0.0,0.9655,0.2604,13.9,14.4,14.4,station
2024-03-17,4.7,5.0,2.6,4.6,5.1,4.1,4.9,6.5,4.8,4.1,4.4,1.03,-0.48,48,71,22.1,12.47,0.0,0.9698,0.2437,5.0,5.6,5.6,station
2024-03-18,2.0,0.9,1.0,2.4,4.6,2.0,0.8,4.1,1.7,2.4,2.18,1.5,-0.02,52,52,17.1,15.09,0.0,0.9739,0.227,3.0,1.7,1.7,station
2024-03-19,11.5,11.6,13.8,11.3,14.2,11.9,11.3,11.2,9.8,13.8,12.48,1.4,0.88,50,73,29.6,18.69,0.0,0.9777,0.2102,12.7,13.9,13.9,station
2024-03-20,4.2,8.2,3.7,4.4,4.9,3.9,7.0,4.9,4.3,7.1,5.08,1.8,-0.36,46,13,22.4,20.55,0.0,0.9811,0.1934,4.3,6.1,6.1,station
2024-03-21,4.2,2.2,4.3,4.2,6.9,3.8,2.0,3.4,1.4,5.1,4.36,1.67,1.22,65,80,14.1,13.72,1.1,0.9843,0.1765,3.5,4.4,4.4,station
2024-03-22,2.4,0.8,4.1,3.0,2.1,2.2,0.4,9.8,4.1,3.2,2.48,1.21,-1.46,78,97,17.1,9.58,9.3,0.9872,0.1595,2.8,3.3,3.3,station
2024-03-23,1.1,2.6,2.1,1.7,5.8,2.4,1.7,1.3,1.6,1.9,2.66,1.84,0.88,70,55,16.1,21.2,0.3,0.9898,0.1425,0.9,3.3,3.3,station
2024-03-24,4.9,6.8,7.3,5.4,7.6,4.7,6.1,9.0,4.6,4.0,6.4,1.19,0.72,59,97,22.7,12.49,0.0,0.9921,0.1255,6.8,8.3,8.3,station
2024-03-25,15.0,12.3,19.5,12.1,16.3,14.2,14.8,11.5,10.0,16.7,15.04,3.07,1.6,66,100,29.8,6.53,18.7,0.9941,0.1084,14.8,16.7,16.7,station
2024-03-26,13.2,11.4,12.8,13.4,14.5,13.5,11.1,14.2,12.6,15.0,13.06,1.12,-0.22,76,94,35.9,9.62,8.6,0.9958,0.0913,12.6,12.8,12.8,station
2024-03-27,6.3,4.6,4.5,6.5,3.7,6.7,3.9,7.4,7.8,0.6,5.12,1.22,-0.16,53,38,24.1,21.51,0.0,0.9972,0.0741,6.8,5.6,5.6,station
2024-03-28,10.4,9.5,9.0,8.5,10.8,9.2,8.6,9.6,9.9,11.0,9.64,0.96,-0.02,57,20,23.0,18.94,0.0,0.9984,0.057,10.3,10.0,10.0,station
2024-03-29,11.1,10.3,9.6,9.9,14.2,11.4,10.2,11.5,11.2,12.7,11.02,1.86,-0.38,61,73,15.5,17.83,9.3,0.9992,0.0398,8.8,11.7,11.7,station
2024-03-30,13.2,11.7,13.6,12.6,15.5,16.6,13.5,15.4,13.0,16.8,13.32,1.41,-1.74,82,70,18.2,19.5,3.9,0.9997,0.0226,17.2,16.1,16.1,station
2024-03-31,11.8,8.0,7.1,9.8,13.7,11.4,8.3,6.7,6.8,6.6,10.08,2.71,2.12,81,98,17.7,16.22,11.5,1.0,0.0054,9.5,11.1,11.1,station
2024-04-01,8.1,6.6,6.1,8.5,9.7,8.4,6.5,7.7,7.6,9.3,7.8,1.46,-0.1,88,95,20.3,13.09,27.3,0.9999,-0.0118,10.1,8.9,8.9,station
2024-04-02,5.8,6.2,5.8,6.3,5.9,5.3,7.2,4.9,5.8,7.1,6.0,0.23,-0.06,93,100,28.9,5.73,15.0,0.9996,-0.029,11.5,6.7,6.7,station
2024-04-03,3.0,2.3,3.9,3.9,2.6,2.2,2.8,3.0,2.8,2.1,3.14,0.74,0.56,89,100,31.6,3.5,10.1,0.9989,-0.0462,2.3,3.3,3.3,station
2024-04-04,5.1,4.7,5.4,4.7,4.3,4.8,4.5,4.4,4.4,4.3,4.84,0.42,0.36,85,91,20.6,6.17,4.0,0.998,-0.0634,4.3,6.7,6.7,station
2024-04-05,8.5,7.4,5.6,6.3,9.0,8.9,7.7,7.1,6.8,6.0,7.36,1.43,0.06,68,41,20.3,20.74,0.0,0.9968,-0.0805,8.0,8.9,8.9,station
2024-04-06,9.8,10.6,9.1,9.9,12.9,9.8,11.1,9.8,8.6,8.8,10.46,1.46,0.84,67,10,13.9,23.72,0.0,0.9952,-0.0977,9.9,11.1,11.1,station
2024-04-07,9.6,9.7,10.3,8.8,10.2,10.1,10.4,8.6,8.7,10.6,9.72,0.6,0.04,78,62,24.0,6.97,11.7,0.9934,-0.1148,11.4,10.0,10.0,station
2024-04-08,20.2,21.6,16.5,19.7,22.1,18.9,20.8,19.7,20.9,19.4,20.02,2.2,0.08,63,7,23.7,23.63,0.0,0.9913,-0.1319,20.8,21.7,21.7,station
2024-04-09,16.4,16.6,15.3,16.8,20.1,16.8,16.9,16.7,17.1,18.9,17.04,1.81,-0.24,58,43,18.5,23.32,0.0,0.9889,-0.1489,16.4,16.7,16.7,station
2024-04-10,18.1,18.5,19.8,18.6,21.7,16.9,18.0,17.0,16.3,21.7,19.34,1.46,1.36,63,68,14.0,20.54,0.0,0.9861,-0.1659,18.6,20.0,20.0,station
2024-04-11,12.7,12.1,14.0,12.1,16.5,9.1,12.9,11.3,9.5,11.1,13.48,1.86,2.7,81,99,12.6,6.35,4.5,0.9831,-0.1828,13.2,15.0,15.0,station
2024-04-12,15.4,16.4,15.4,16.9,18.6,15.4,17.0,12.3,16.6,15.7,16.54,1.32,1.14,66,45,31.6,22.28,5.5,0.9799,-0.1997,16.2,16.7,16.7,station
2024-04-13,18.4,20.1,21.6,19.6,22.3,17.9,20.3,19.7,19.8,20.1,20.4,1.56,0.84,51,17,25.0,24.36,0.0,0.9763,-0.2165,19.1,21.1,21.1,station
2024-04-14,24.3,26.3,27.7,25.8,29.9,22.9,25.8,25.8,24.8,30.0,26.8,2.12,0.94,54,12,25.6,23.27,0.0,0.9724,-0.2333,25.5,26.7,26.7,station
2024-04-15,19.8,21.4,23.9,21.4,25.2,21.0,21.0,20.6,21.3,22.7,22.34,2.17,1.02,54,13,16.2,24.6,0.0,0.9683,-0.25,21.1,23.3,23.3,station
2024-04-16,19.7,22.1,24.4,18.7,26.9,17.6,19.3,17.9,17.2,22.8,22.36,3.37,3.4,62,94,27.6,17.66,5.9,0.9638,-0.2666,21.8,25.6,25.6,station
2024-04-17,19.3,17.9,18.5,21.0,20.0,20.0,16.9,18.6,20.9,20.3,19.34,1.22,0.0,68,71,35.1,15.19,0.9,0.9591,-0.2831,19.1,20.0,20.0,station
2024-04-18,13.4,11.1,12.3,13.1,14.6,14.5,11.8,15.5,16.0,15.1,12.9,1.3,-1.68,76,80,14.7,14.39,4.4,0.9541,-0.2996,13.9,13.9,13.9,station
2024-04-19,12.8,13.0,11.7,12.9,14.1,13.1,13.1,14.1,13.9,11.0,12.9,0.85,-0.14,52,24,30.3,25.88,0.0,0.9488,-0.316,12.8,13.3,13.3,station
2024-04-20,7.6,7.1,5.5,7.7,10.6,8.5,6.9,10.9,6.8,7.2,7.7,1.85,-0.36,46,60,20.0,15.52,0.0,0.9432,-0.3322,6.9,7.2,7.2,station
2024-04-21,12.7,13.5,13.9,13.3,16.8,13.1,13.9,14.3,12.5,12.7,14.04,1.6,0.74,54,20,20.6,25.27,0.0,0.9373,-0.3484,13.5,13.9,13.9,station
2024-04-22,16.9,18.9,18.8,17.6,21.0,16.4,18.2,16.9,17.1,17.9,18.64,1.56,1.34,49,50,24.3,24.42,0.0,0.9312,-0.3645,17.1,18.9,18.9,station
2024-04-23,19.2,17.0,16.3,20.3,22.9,19.0,15.9,16.3,19.1,19.9,19.14,2.65,1.1,51,67,26.8,14.53,2.1,0.9248,-0.3804,18.3,17.2,17.2,station
2024-04-24,8.7,7.7,8.8,7.8,11.9,8.4,8.1,8.4,8.0,8.3,8.98,1.71,0.74,69,32,20.8,22.26,0.0,0.9181,-0.3963,7.3,7.8,7.8,station
2024-04-25,12.9,12.3,14.2,13.2,17.3,13.2,11.7,15.0,13.0,14.9,13.98,1.98,0.42,71,28,11.5,26.39,0.0,0.9112,-0.412,12.5,13.9,13.9,station
2024-04-26,15.6,14.3,19.3,16.0,20.8,16.0,14.8,17.7,16.4,17.4,17.2,2.73,0.74,71,100,24.7,13.18,2.0,0.9039,-0.4276,15.2,16.7,16.7,station
2024-04-27,26.0,24.9,23.7,25.4,27.6,25.9,24.5,25.8,26.0,26.1,25.52,1.44,-0.14,78,90,36.9,15.96,3.4,0.8965,-0.4431,25.9,26.1,26.1,station
2024-04-28,24.9,23.1,20.1,24.2,26.9,24.9,22.7,21.7,24.9,23.7,23.84,2.51,0.26,78,98,33.7,13.22,3.7,0.8887,-0.4585,25.4,23.3,23.3,station
2024-04-29,22.5,19.9,19.0,22.7,23.7,22.1,19.7,21.6,22.7,22.1,21.56,2.0,-0.08,73,96,27.6,15.57,5.2,0.8807,-0.4737,21.6,20.6,20.6,station
2024-04-30,21.8,22.4,19.8,21.8,25.3,20.9,23.2,22.9,22.0,21.4,22.22,1.98,0.14,66,18,15.1,26.7,0.0,0.8724,-0.4888,22.4,23.3,23.3,station
2024-05-01,22.5,23.2,23.1,22.4,26.4,23.7,23.2,22.9,23.0,24.1,23.52,1.65,0.14,57,52,23.1,25.88,1.6,0.8639,-0.5037,22.1,23.9,23.9,station
2024-05-02,26.5,23.1,27.7,26.9,29.8,24.8,22.1,22.8,25.3,25.3,26.8,2.43,2.74,68,73,24.5,18.71,13.0,0.8551,-0.5185,26.1,25.0,25.0,station
2024-05-03,20.4,19.6,18.8,20.5,24.7,19.7,19.3,20.0,19.9,19.3,20.8,2.29,1.16,74,64,16.1,22.79,6.1,0.846,-0.5331,19.3,20.0,20.0,station
2024-05-04,25.3,24.1,26.1,26.3,30.5,25.4,24.6,27.0,26.9,26.8,26.46,2.42,0.32,73,59,17.3,23.13,1.4,0.8367,-0.5476,25.8,27.2,27.2,station
2024-05-05,16.8,16.5,17.2,17.6,21.1,16.7,16.4,17.3,16.7,17.7,17.84,1.87,0.88,71,67,15.2,27.28,0.0,0.8272,-0.5619,16.3,17.8,17.8,station
2024-05-06,19.7,19.9,19.7,19.0,24.0,20.5,21.0,22.2,20.0,22.8,20.46,2.01,-0.84,71,52,14.7,25.58,0.0,0.8174,-0.5761,19.9,21.1,21.1,station
2024-05-07,22.8,22.2,23.2,24.0,26.0,22.4,20.8,21.9,22.9,21.4,23.64,1.47,1.76,80,71,22.3,12.93,18.2,0.8074,-0.59,23.6,23.9,23.9,station
2024-05-08,25.4,24.5,23.4,25.7,27.8,25.4,24.4,26.0,24.8,22.8,25.36,1.63,0.68,55,22,17.3,27.61,0.0,0.7971,-0.6038,24.6,26.1,26.1,station
2024-05-09,12.0,14.2,14.4,13.6,13.8,13.2,13.9,12.9,13.4,14.0,13.6,0.95,0.12,85,89,19.9,9.28,13.5,0.7866,-0.6175,14.5,17.2,17.2,station
2024-05-10,18.5,19.3,17.9,19.5,22.2,17.6,19.3,17.9,19.6,18.8,19.48,1.65,0.84,71,37,18.1,20.57,0.3,0.7759,-0.6309,18.3,19.4,19.4,station
2024-05-11,19.2,19.5,18.6,19.0,21.1,18.5,20.1,19.9,19.8,19.2,19.48,0.96,-0.02,68,28,26.3,22.56,1.9,0.7649,-0.6442,18.9,20.0,20.0,station
2024-05-12,25.4,27.2,27.8,26.4,30.1,24.1,26.6,25.5,24.6,28.7,27.38,1.77,1.48,66,41,20.9,26.41,2.3,0.7537,-0.6572,25.6,28.3,28.3,station
2024-05-13,24.9,25.9,27.8,27.4,31.4,26.0,25.5,25.4,26.3,28.8,27.48,2.48,1.08,68,79,20.4,22.53,9.0,0.7423,-0.6701,24.8,26.7,26.7,station
2024-05-14,15.6,15.8,17.0,16.0,17.4,13.0,15.7,13.1,16.2,16.9,16.36,0.79,1.38,85,91,20.9,18.04,7.1,0.7306,-0.6828,15.4,16.7,16.7,station
2024-05-15,18.5,18.3,19.0,18.8,22.4,18.9,18.6,18.7,18.3,18.5,19.4,1.7,0.8,65,41,17.7,27.31,0.0,0.7188,-0.6952,17.0,19.4,19.4,station
2024-05-16,23.0,22.2,24.7,22.6,27.4,22.1,21.4,23.2,24.1,25.1,23.98,2.14,0.8,80,95,21.1,21.49,4.0,0.7067,-0.7075,22.7,23.3,23.3,station
2024-05-17,25.7,24.2,24.2,25.2,30.1,24.6,24.1,23.6,24.6,24.6,25.88,2.45,1.58,80,31,11.6,27.89,0.0,0.6945,-0.7195,25.3,27.2,27.2,station
2024-05-18,26.6,28.9,29.4,27.4,32.4,26.7,28.4,28.9,27.9,29.5,28.94,2.24,0.66,73,21,16.2,26.23,0.7,0.682,-0.7314,27.5,29.4,29.4,station
2024-05-19,22.8,23.5,25.2,23.6,26.4,22.8,24.0,24.1,26.5,26.1,24.3,1.47,-0.4,61,35,16.6,28.65,0.0,0.6693,-0.743,22.7,24.4,24.4,station
2024-05-20,27.6,27.2,29.6,30.0,33.6,27.8,27.6,29.2,29.9,32.1,29.6,2.55,0.28,66,83,31.3,17.53,3.2,0.6564,-0.7544,27.3,30.0,30.0,station
2024-05-21,27.9,28.8,31.6,30.8,34.5,29.0,27.6,31.2,30.7,32.8,30.72,2.58,0.46,69,86,33.9,24.77,0.3,0.6433,-0.7656,30.1,31.7,31.7,station
2024-05-22,22.5,21.8,23.1,24.0,24.5,23.0,22.1,22.7,23.8,24.3,23.18,1.09,0.0,57,9,33.0,28.5,0.0,0.6301,-0.7765,24.1,26.7,26.7,station
2024-05-23,25.1,26.4,26.3,26.4,30.3,25.3,26.0,26.0,26.8,26.2,26.9,1.98,0.84,51,18,12.1,26.42,0.0,0.6166,-0.7873,25.8,26.7,26.7,station
2024-05-24,27.8,25.8,29.1,27.8,30.4,26.0,27.1,27.8,28.9,31.4,28.18,1.71,-0.06,72,68,23.4,18.12,3.7,0.603,-0.7978,25.0,24.4,24.4,station
2024-05-25,23.1,21.5,23.9,22.7,27.4,23.8,22.7,24.3,24.6,22.2,23.72,2.23,0.2,61,27,15.5,30.12,0.0,0.5892,-0.808,22.6,23.9,23.9,station
2024-05-26,20.9,21.6,22.9,21.3,21.3,20.2,21.3,24.4,21.5,20.3,21.6,0.77,0.06,76,88,17.4,7.66,20.2,0.5752,-0.818,23.5,22.2,22.2,station
2024-05-27,23.4,20.6,20.9,22.4,25.3,23.8,22.3,22.2,23.3,21.5,22.52,1.93,-0.1,71,75,26.2,17.04,0.4,0.561,-0.8278,22.2,22.2,22.2,station
2024-05-28,21.4,20.7,20.6,19.7,26.0,21.8,21.3,20.1,21.2,20.8,21.68,2.49,0.64,80,39,17.4,22.56,13.1,0.5467,-0.8373,21.5,21.7,21.7,station
2024-05-29,18.7,17.9,18.8,19.2,23.5,18.4,18.6,19.4,18.3,17.0,19.62,2.22,1.28,71,49,18.9,23.91,6.4,0.5322,-0.8466,18.9,20.0,20.0,station
2024-05-30,19.6,19.9,20.7,19.6,25.2,18.8,19.5,20.8,20.1,19.8,21.0,2.39,1.2,58,6,12.2,31.01,0.0,0.5176,-0.8556,19.5,21.1,21.1,station
2024-05-31,24.7,25.1,26.8,25.5,30.8,24.7,24.9,25.3,24.8,26.0,26.58,2.49,1.44,62,85,14.3,29.15,0.0,0.5028,-0.8644,24.9,26.1,26.1,station
2024-06-01,18.3,17.9,21.3,17.2,20.0,23.6,17.5,19.2,17.4,19.7,18.94,1.67,-0.54,79,96,18.4,8.0,18.5,0.4878,-0.8729,19.9,19.4,19.4,station
2024-06-02,23.9,21.7,23.5,23.6,25.7,24.1,22.6,23.2,24.1,24.7,23.68,1.42,-0.06,81,53,11.0,25.36,0.0,0.4728,-0.8812,22.9,24.4,24.4,station
2024-06-03,27.2,27.0,29.0,27.4,33.1,27.1,26.5,28.9,29.1,27.4,28.74,2.56,0.94,74,78,18.8,25.15,1.1,0.4575,-0.8892,28.0,30.0,30.0,station
2024-06-04,29.0,28.1,30.7,27.6,33.7,28.6,27.2,30.3,28.5,29.2,29.82,2.47,1.06,69,94,19.0,19.38,1.2,0.4422,-0.8969,29.0,28.9,28.9,station
2024-06-05,25.4,25.2,24.0,27.0,28.2,25.9,25.8,27.5,27.2,23.9,25.96,1.65,-0.1,75,63,23.2,19.77,11.7,0.4267,-0.9044,26.2,26.1,26.1,station
2024-06-06,23.8,25.1,22.4,24.6,26.7,22.7,25.4,20.0,23.9,25.6,24.52,1.59,1.0,49,27,32.4,25.73,0.1,0.4111,-0.9116,24.2,25.6,25.6,station
2024-06-07,25.0,25.3,23.4,24.7,28.0,23.4,25.3,21.7,23.3,25.1,25.28,1.68,1.52,52,31,26.7,29.08,0.0,0.3953,-0.9185,24.5,25.0,25.0,station
2024-06-08,25.8,24.4,23.2,22.1,29.1,25.3,24.5,22.1,20.2,24.3,24.92,2.71,1.64,74,74,24.0,17.41,0.8,0.3795,-0.9252,27.0,24.4,24.4,station
2024-06-09,24.2,25.1,24.7,25.3,27.9,23.7,24.7,23.6,26.1,26.2,25.44,1.44,0.58,61,25,26.0,25.35,0.0,0.3635,-0.9316,25.7,26.7,26.7,station
2024-06-10,19.4,18.6,20.1,18.8,22.8,19.8,18.8,19.6,18.5,20.2,19.94,1.7,0.56,64,25,20.0,29.94,0.0,0.3474,-0.9377,18.8,20.0,20.0,station
2024-06-11,23.7,23.5,25.2,23.7,28.8,23.6,23.4,23.8,22.8,26.6,24.98,2.24,0.94,55,39,14.9,26.95,0.1,0.3312,-0.9436,24.7,25.0,25.0,station
2024-06-12,31.0,30.9,32.2,32.0,31.7,30.6,29.6,28.1,31.0,33.9,31.56,0.59,0.92,50,41,16.6,29.12,0.0,0.3149,-0.9491,31.5,32.2,32.2,station
2024-06-13,30.8,31.3,32.6,31.7,33.9,32.2,31.5,31.2,33.0,34.0,32.06,1.22,-0.32,68,53,24.2,23.94,6.2,0.2986,-0.9544,31.4,31.7,31.7,station
2024-06-14,28.2,25.5,29.6,27.7,25.6,24.7,24.6,28.0,26.0,26.0,27.32,1.76,1.46,60,9,18.1,29.44,0.0,0.2821,-0.9594,27.8,28.9,28.9,station
2024-06-15,29.6,27.3,30.5,28.9,28.8,25.1,27.3,27.4,26.2,27.1,29.02,1.18,2.4,53,91,18.5,23.95,0.0,0.2656,-0.9641,30.4,30.0,30.0,station
2024-06-16,30.0,32.7,33.3,34.7,35.7,32.6,32.6,32.9,34.7,35.5,33.28,2.18,-0.38,52,87,26.1,23.66,1.6,0.2489,-0.9685,31.8,34.4,34.4,station
2024-06-17,34.6,33.7,34.8,35.1,34.6,35.3,34.1,34.7,36.2,36.2,34.56,0.52,-0.74,59,22,22.8,27.27,0.1,0.2322,-0.9727,34.1,35.6,35.6,station
2024-06-18,32.9,30.8,32.5,32.6,33.3,33.1,32.8,32.7,30.0,33.3,32.42,0.96,0.04,63,65,29.7,24.11,2.3,0.2155,-0.9765,32.6,33.9,33.9,station
2024-06-19,33.0,31.7,33.4,33.9,33.5,33.4,31.3,30.8,34.2,34.2,33.1,0.85,0.32,56,28,22.1,27.02,0.0,0.1986,-0.9801,33.6,33.9,33.9,station
2024-06-20,32.2,29.9,28.6,31.8,28.3,31.6,27.9,29.4,34.0,26.7,30.16,1.79,0.24,77,47,13.3,24.84,0.3,0.1818,-0.9833,27.8,29.4,29.4,station
2024-06-21,34.1,30.9,32.5,33.1,31.9,32.4,31.8,33.4,33.8,29.9,32.5,1.21,0.24,62,20,14.0,27.69,0.0,0.1648,-0.9863,34.2,34.4,34.4,station
2024-06-22,33.6,32.1,34.2,34.0,35.6,34.5,31.8,32.5,35.0,31.3,33.9,1.26,0.88,55,88,31.2,21.41,0.3,0.1478,-0.989,33.9,33.3,33.3,station
2024-06-23,27.5,24.5,24.8,26.0,26.6,29.0,25.6,26.8,28.8,25.0,25.88,1.25,-1.16,67,34,26.4,25.25,0.3,0.1308,-0.9914,28.2,26.1,26.1,station
2024-06-24,30.7,28.8,27.9,29.9,30.9,28.4,27.7,30.0,29.3,26.4,29.64,1.28,1.28,60,32,21.3,25.52,0.0,0.1137,-0.9935,29.8,30.6,30.6,station
2024-06-25,33.7,30.4,34.3,33.2,30.2,34.2,28.2,32.3,33.6,32.2,32.36,1.92,0.26,66,94,29.0,20.84,5.7,0.0966,-0.9953,34.1,28.9,28.9,station
2024-06-26,30.0,27.3,30.3,28.4,29.2,29.0,27.9,28.6,27.0,28.1,29.04,1.22,0.92,66,57,23.7,23.2,0.0,0.0795,-0.9968,31.0,30.0,30.0,station
2024-06-27,21.0,20.8,21.9,20.8,21.5,22.4,20.5,22.8,21.4,20.9,21.2,0.48,-0.4,60,26,16.5,29.99,0.0,0.0623,-0.9981,21.2,22.8,22.8,station
2024-06-28,26.4,24.3,29.9,24.0,23.7,25.8,25.1,26.5,26.7,27.7,25.66,2.6,-0.7,85,94,19.5,5.14,17.4,0.0451,-0.999,23.1,23.3,23.3,station
2024-06-29,30.8,29.4,33.1,31.6,31.6,32.7,29.0,29.0,31.6,28.2,31.3,1.35,1.2,73,58,19.1,23.88,2.1,0.028,-0.9996,31.4,31.1,31.1,station
2024-06-30,20.8,20.4,19.6,21.3,21.3,21.8,20.7,20.7,22.0,21.7,20.68,0.71,-0.7,64,7,18.3,29.62,0.0,0.0108,-0.9999,21.5,21.1,21.1,station
2024-07-01,22.4,21.4,23.8,22.2,23.4,23.3,22.3,24.3,22.7,21.3,22.64,0.96,-0.14,66,45,12.2,29.65,0.0,-0.0065,-1.0,21.9,22.8,22.8,station
2024-07-02,29.0,26.2,30.1,30.4,29.5,29.5,26.9,28.8,30.7,26.7,29.04,1.68,0.52,53,80,25.4,18.94,0.9,-0.0237,-0.9997,28.9,29.4,29.4,station
2024-07-03,30.8,29.5,30.9,30.1,31.8,30.8,29.1,29.5,30.0,29.2,30.62,0.87,0.9,64,77,21.3,25.12,14.5,-0.0408,-0.9992,31.5,30.6,30.6,station
2024-07-04,29.9,27.8,31.6,30.6,31.2,26.5,27.7,27.9,30.2,29.7,30.22,1.5,1.82,80,73,9.3,8.96,2.0,-0.058,-0.9983,25.5,28.3,28.3,station
2024-07-05,26.8,25.7,27.5,27.3,26.7,25.4,24.2,23.9,26.2,25.8,26.8,0.7,1.7,70,21,24.9,27.12,0.3,-0.0752,-0.9972,27.2,27.8,27.8,station
2024-07-06,25.3,25.4,27.3,26.0,27.0,27.4,25.2,25.0,26.1,24.2,26.2,0.91,0.62,71,15,8.9,26.31,1.6,-0.0923,-0.9957,26.2,27.2,27.2,station
2024-07-07,29.7,28.0,30.5,30.7,29.6,30.2,28.4,28.7,30.1,28.5,29.7,1.07,0.52,80,60,19.2,21.13,4.9,-0.1094,-0.994,29.4,30.0,30.0,station
2024-07-08,27.2,27.1,29.1,26.6,28.1,27.2,28.6,29.3,27.6,26.6,27.62,0.99,-0.24,72,69,16.8,25.52,0.2,-0.1265,-0.992,29.9,29.4,29.4,station
2024-07-09,26.2,25.3,30.1,25.1,27.7,27.6,25.8,28.1,26.0,26.8,26.88,2.07,0.02,84,100,9.5,11.28,9.4,-0.1436,-0.9896,26.4,27.2,27.2,station
2024-07-10,26.6,25.9,25.6,27.2,27.1,26.4,25.9,27.8,25.3,21.1,26.48,0.71,1.18,79,67,14.4,22.46,16.5,-0.1606,-0.987,27.1,28.3,28.3,station
2024-07-11,25.2,24.0,24.6,26.5,27.7,26.1,25.7,27.4,27.3,26.1,25.6,1.49,-0.92,84,59,11.8,21.05,0.2,-0.1775,-0.9841,24.7,27.2,27.2,station
2024-07-12,28.0,28.3,28.9,27.7,30.1,28.1,27.6,28.8,27.5,26.7,28.6,0.95,0.86,76,3,8.9,28.08,0.0,-0.1944,-0.9809,27.8,29.4,29.4,station
2024-07-13,31.2,30.4,33.2,32.2,34.8,29.8,30.1,32.0,30.1,31.9,32.36,1.72,1.58,76,41,15.8,24.25,3.0,-0.2113,-0.9774,31.6,32.8,32.8,station
2024-07-14,32.2,30.2,32.4,34.1,33.3,32.8,30.9,33.2,35.0,32.8,32.44,1.46,-0.5,81,81,20.9,20.83,34.4,-0.2281,-0.9736,31.9,30.6,30.6,station
2024-07-15,30.9,29.5,30.1,33.1,32.6,34.3,30.6,31.7,35.0,35.8,31.24,1.56,-2.24,80,65,20.0,25.98,22.4,-0.2448,-0.9696,33.0,32.2,32.2,station
2024-07-16,29.9,27.5,28.3,29.2,30.0,29.6,28.2,27.9,30.7,27.0,28.98,1.07,0.3,81,58,22.0,25.59,6.6,-0.2614,-0.9652,30.7,29.4,29.4,station
2024-07-17,26.3,26.5,25.7,26.8,28.2,27.2,26.2,26.2,26.6,25.1,26.7,0.93,0.44,67,16,22.0,27.95,0.0,-0.278,-0.9606,26.8,27.2,27.2,station
2024-07-18,21.8,22.0,23.7,22.1,25.0,22.3,22.8,24.3,22.5,22.6,22.92,1.39,0.02,71,9,15.9,26.99,0.0,-0.2945,-0.9557,22.0,23.3,23.3,station
2024-07-19,25.7,24.7,26.8,25.7,27.7,26.0,24.5,27.1,25.1,25.6,26.12,1.15,0.46,67,24,17.6,26.37,0.0,-0.3109,-0.9505,26.3,26.1,26.1,station
2024-07-20,26.8,25.8,28.0,27.1,28.6,26.2,25.7,27.9,27.0,25.9,27.26,1.09,0.72,67,79,10.7,19.38,0.0,-0.3272,-0.945,25.7,26.7,26.7,station
2024-07-21,27.3,26.8,29.7,28.2,29.7,26.8,26.8,28.8,26.4,27.3,28.34,1.34,1.12,70,61,10.9,23.13,0.0,-0.3434,-0.9392,27.4,28.3,28.3,station
2024-07-22,26.3,27.1,28.3,27.1,28.7,27.1,27.1,29.0,28.0,27.5,27.5,0.98,-0.24,78,26,11.4,26.85,0.2,-0.3595,-0.9332,26.5,28.3,28.3,station
2024-07-23,28.9,28.6,30.0,28.6,28.9,29.3,28.2,29.1,27.8,28.4,29.0,0.58,0.44,80,54,19.5,23.66,0.7,-0.3755,-0.9268,29.0,29.4,29.4,station
2024-07-24,24.2,22.4,23.4,25.1,25.3,23.3,24.5,27.4,25.5,22.8,24.08,1.21,-0.62,84,68,13.0,18.74,2.6,-0.3914,-0.9202,23.8,23.9,23.9,station
2024-07-25,24.8,23.5,26.0,24.7,25.3,25.2,23.6,26.4,25.5,24.4,24.86,0.92,-0.16,75,10,11.9,25.19,0.0,-0.4071,-0.9134,24.0,25.6,25.6,station
2024-07-26,26.7,25.6,28.1,26.7,26.8,26.3,25.9,27.9,26.4,27.1,26.78,0.89,0.06,68,0,10.2,28.72,0.0,-0.4228,-0.9062,26.3,27.2,27.2,station
2024-07-27,29.5,28.1,31.1,30.0,29.0,29.6,28.2,31.2,30.6,30.4,29.54,1.12,-0.46,67,15,13.0,28.17,0.0,-0.4383,-0.8988,28.8,29.4,29.4,station
2024-07-28,26.2,25.9,27.1,24.8,27.7,26.6,24.3,23.6,24.7,28.5,26.34,1.12,0.8,78,87,18.7,14.47,6.2,-0.4537,-0.8912,28.1,28.9,28.9,station
2024-07-29,27.1,25.3,27.6,26.8,25.9,28.5,28.1,30.4,27.4,27.9,26.54,0.93,-1.92,87,50,26.6,12.75,20.7,-0.469,-0.8832,27.6,28.3,28.3,station
2024-07-30,30.8,28.9,32.3,32.7,31.2,30.8,27.7,33.2,31.4,30.9,31.18,1.49,0.38,75,25,8.7,25.73,0.0,-0.4841,-0.875,32.2,32.2,32.2,station
2024-07-31,31.7,30.4,32.1,31.1,30.0,28.9,27.7,31.9,32.4,27.2,31.06,0.87,1.44,77,42,18.9,20.84,3.2,-0.4991,-0.8666,32.0,33.3,33.3,station
2024-08-01,31.4,26.3,29.3,28.6,30.5,30.9,26.7,32.3,30.9,26.7,29.22,1.96,-0.28,84,81,14.9,16.79,6.6,-0.5139,-0.8578,30.5,30.6,30.6,station
2024-08-02,29.6,27.9,30.1,29.0,29.8,27.5,27.9,28.9,25.7,24.0,29.28,0.87,2.48,79,55,17.6,22.44,0.8,-0.5286,-0.8489,29.2,29.4,29.4,station
2024-08-03,30.8,30.3,31.4,31.2,31.6,31.3,31.3,31.2,31.0,31.9,31.06,0.52,-0.28,72,11,13.6,24.52,0.5,-0.5431,-0.8397,30.8,32.8,32.8,station
2024-08-04,31.8,31.4,34.5,33.1,33.1,32.1,31.1,32.4,33.6,32.7,32.78,1.23,0.4,64,54,11.2,25.43,0.0,-0.5575,-0.8302,32.4,32.2,32.2,station
2024-08-05,29.3,28.2,34.1,32.4,35.1,25.7,28.2,33.3,32.9,28.1,31.82,2.99,2.18,76,65,22.0,20.87,1.8,-0.5717,-0.8205,32.3,31.7,31.7,station
2024-08-06,22.6,20.5,25.0,24.6,21.9,21.7,21.2,22.3,24.7,22.3,22.92,1.88,0.48,81,65,29.2,16.63,1.7,-0.5857,-0.8105,21.9,23.9,23.9,station
2024-08-07,24.3,22.9,25.6,24.2,24.6,23.7,23.5,24.8,24.3,24.5,24.32,0.97,0.16,72,24,18.4,26.74,0.0,-0.5996,-0.8003,24.1,25.0,25.0,station
2024-08-08,28.6,26.7,30.3,26.5,29.7,28.3,26.2,27.2,27.2,29.2,28.36,1.72,0.74,70,37,16.1,24.6,0.0,-0.6132,-0.7899,28.5,27.2,27.2,station
2024-08-09,24.2,23.1,23.9,22.4,24.5,24.7,22.7,21.8,22.2,25.3,23.62,0.86,0.28,59,28,21.5,22.9,0.0,-0.6267,-0.7792,23.5,21.7,21.7,station
2024-08-10,23.7,23.0,24.4,22.6,24.6,24.0,23.3,23.1,22.4,24.7,23.66,0.86,0.16,55,23,22.1,24.2,0.0,-0.64,-0.7683,24.5,23.3,23.3,station
2024-08-11,25.7,25.4,26.3,25.3,26.7,25.6,25.0,24.8,25.5,26.8,25.88,0.6,0.34,56,41,16.9,24.81,0.0,-0.6532,-0.7572,25.9,26.1,26.1,station
2024-08-12,27.4,26.4,28.5,28.3,26.6,28.0,25.6,21.1,27.5,27.6,27.44,0.96,1.48,61,36,13.5,23.03,0.0,-0.6661,-0.7459,27.8,27.2,27.2,station
2024-08-13,28.2,27.8,29.3,28.8,28.6,28.9,27.0,29.5,29.4,29.6,28.54,0.57,-0.34,64,9,9.0,23.37,0.6,-0.6788,-0.7343,27.4,29.4,29.4,station
2024-08-14,29.3,28.3,30.0,29.5,30.4,29.3,27.7,30.2,29.4,30.5,29.5,0.8,0.08,66,62,14.1,24.82,0.0,-0.6914,-0.7225,28.3,30.0,30.0,station
2024-08-15,25.4,24.1,25.5,23.1,23.6,26.6,25.1,24.2,25.3,25.9,24.34,1.07,-1.08,83,99,19.8,7.71,13.4,-0.7037,-0.7105,24.7,24.4,24.4,station
2024-08-16,28.6,28.4,29.2,29.9,29.4,30.1,29.2,30.6,29.5,30.9,29.1,0.61,-0.96,80,45,22.9,20.93,5.6,-0.7158,-0.6983,29.8,30.0,30.0,station
2024-08-17,26.9,24.8,26.1,25.8,25.9,25.7,24.9,24.0,25.2,26.5,25.9,0.75,0.64,83,49,17.8,17.12,6.0,-0.7277,-0.6859,27.1,27.8,27.8,station
2024-08-18,24.5,23.1,23.9,24.9,24.0,25.1,23.9,27.2,25.4,25.5,24.08,0.68,-1.34,81,29,21.3,17.19,1.5,-0.7394,-0.6733,24.3,25.6,25.6,station
2024-08-19,23.5,21.5,24.5,23.4,23.8,23.1,21.5,25.5,23.1,23.5,23.34,1.11,0.0,71,22,21.7,24.23,0.0,-0.7509,-0.6605,23.1,24.4,24.4,station
2024-08-20,21.5,19.8,21.8,21.1,22.7,21.5,19.9,23.0,21.5,22.3,21.38,1.06,-0.26,68,49,14.3,23.58,0.0,-0.7621,-0.6474,21.3,22.2,22.2,station
2024-08-21,23.9,22.5,24.1,23.8,24.6,24.3,21.8,23.9,23.8,24.7,23.78,0.78,0.08,68,30,12.5,23.28,0.0,-0.7731,-0.6342,22.8,23.9,23.9,station
2024-08-22,25.1,24.4,27.5,25.8,25.4,25.9,24.0,26.8,25.5,26.8,25.64,1.16,-0.16,63,42,9.2,24.83,0.0,-0.7839,-0.6208,25.4,25.6,25.6,station
2024-08-23,27.0,25.7,29.6,27.7,26.9,26.7,25.7,29.1,27.1,28.2,27.38,1.43,0.02,63,54,13.0,24.29,0.0,-0.7945,-0.6073,27.3,27.8,27.8,station
2024-08-24,31.4,30.5,33.5,32.1,31.9,31.7,29.2,33.3,32.2,33.5,31.88,1.1,-0.1,71,25,11.0,21.48,0.6,-0.8048,-0.5935,31.8,32.2,32.2,station
2024-08-25,33.3,32.1,34.5,31.3,33.3,31.5,28.6,34.4,31.4,30.9,32.9,1.23,1.54,60,17,18.4,22.05,0.0,-0.8149,-0.5796,33.1,33.3,33.3,station
2024-08-26,35.2,33.4,36.5,33.7,35.9,35.8,32.5,35.2,34.4,35.9,34.94,1.35,0.18,54,59,17.0,20.64,0.0,-0.8248,-0.5655,35.1,35.6,35.6,station
2024-08-27,36.2,34.4,37.8,37.8,37.5,36.2,34.1,36.2,37.3,39.7,36.74,1.47,0.04,67,61,19.5,21.65,0.2,-0.8344,-0.5512,36.4,37.2,37.2,station
2024-08-28,29.9,28.3,35.0,30.9,30.4,30.8,28.8,30.2,28.6,30.7,30.9,2.49,1.08,80,84,15.9,16.29,1.5,-0.8437,-0.5368,31.2,28.9,28.9,station
2024-08-29,30.0,26.6,29.6,28.9,30.0,28.6,27.6,28.9,28.2,29.1,29.02,1.43,0.54,79,33,13.4,18.8,0.0,-0.8528,-0.5222,28.9,30.0,30.0,station
2024-08-30,30.4,29.1,28.6,30.9,27.6,29.6,29.6,32.7,28.5,29.9,29.32,1.34,-0.74,76,93,16.3,15.33,13.0,-0.8617,-0.5074,30.4,28.3,28.3,station
2024-08-31,28.5,27.5,30.5,28.1,28.8,28.3,27.2,29.2,27.0,26.8,28.68,1.13,0.98,61,2,15.9,23.24,0.0,-0.8703,-0.4925,29.1,28.3,28.3,station
2024-09-01,24.0,23.6,24.3,23.0,23.6,24.2,23.3,25.5,22.2,22.5,23.7,0.49,0.16,62,2,22.5,23.11,0.0,-0.8786,-0.4775,23.3,24.4,24.4,station
2024-09-02,23.2,22.1,23.7,22.0,24.0,23.3,22.5,23.4,22.2,21.5,23.0,0.91,0.42,65,1,11.7,22.73,0.0,-0.8867,-0.4623,22.9,23.9,23.9,station
2024-09-03,24.8,23.3,25.3,24.7,25.5,25.1,23.0,26.5,24.3,23.0,24.72,0.86,0.34,64,44,9.5,22.98,0.0,-0.8945,-0.447,24.1,25.0,25.0,station
2024-09-04,27.6,26.0,30.0,27.9,29.8,27.8,25.4,30.8,28.2,28.0,28.26,1.66,0.22,61,0,11.8,23.09,0.0,-0.9021,-0.4315,27.5,28.3,28.3,station
2024-09-05,30.2,28.9,31.1,30.3,30.7,29.6,28.0,32.1,30.3,30.7,30.24,0.83,0.1,60,55,25.2,21.96,1.3,-0.9094,-0.4159,30.7,30.0,30.0,station
2024-09-06,20.8,19.7,20.9,20.5,21.2,21.0,19.6,23.1,20.4,21.3,20.62,0.57,-0.46,75,27,18.3,18.96,0.7,-0.9164,-0.4002,20.5,21.1,21.1,station
2024-09-07,18.6,16.6,18.1,18.3,19.5,17.6,16.5,18.8,18.1,17.8,18.22,1.05,0.46,62,0,17.9,22.68,0.0,-0.9232,-0.3844,17.6,18.3,18.3,station
2024-09-08,22.8,22.2,23.1,22.5,22.4,23.3,22.2,22.0,22.5,22.3,22.6,0.35,0.14,60,39,15.6,21.79,0.0,-0.9296,-0.3685,23.3,22.2,22.2,station
2024-09-09,27.3,26.2,26.9,26.9,26.1,27.6,25.7,27.9,26.6,27.1,26.68,0.51,-0.3,53,0,18.2,21.46,0.0,-0.9358,-0.3524,26.9,26.7,26.7,station
2024-09-10,27.9,27.7,29.5,28.5,28.5,28.7,27.1,29.8,28.4,27.6,28.42,0.7,0.1,50,16,14.7,21.83,0.0,-0.9418,-0.3363,27.7,27.8,27.8,station
2024-09-11,29.8,29.1,31.4,31.2,31.3,30.5,29.2,32.9,31.0,31.3,30.56,1.05,-0.42,50,13,11.7,21.24,0.0,-0.9474,-0.32,30.2,30.0,30.0,station
2024-09-12,29.8,28.9,30.7,28.7,30.3,29.7,27.5,31.9,29.2,30.3,29.68,0.87,-0.04,65,39,14.8,21.01,0.0,-0.9528,-0.3037,29.4,30.6,30.6,station
2024-09-13,28.6,27.4,30.3,27.0,29.6,27.3,26.8,27.8,26.0,26.7,28.58,1.4,1.66,63,85,17.9,19.76,0.0,-0.9579,-0.2873,28.1,28.9,28.9,station
2024-09-14,30.6,28.0,31.1,28.9,31.0,28.5,28.0,30.7,29.1,28.3,29.92,1.39,1.0,63,48,15.0,19.72,0.0,-0.9627,-0.2707,29.5,30.6,30.6,station
2024-09-15,31.3,29.4,31.8,30.3,31.7,31.2,28.9,32.1,30.7,29.9,30.9,1.03,0.34,60,76,13.4,20.12,0.0,-0.9672,-0.2541,30.9,32.2,32.2,station
2024-09-16,30.8,30.0,31.4,30.5,31.3,30.4,29.1,32.1,30.8,29.4,30.8,0.58,0.44,52,38,13.9,20.46,0.0,-0.9714,-0.2375,31.0,32.2,32.2,station
2024-09-17,28.5,28.6,29.8,28.5,29.5,28.2,27.7,30.3,28.4,26.4,28.98,0.62,0.78,64,8,12.5,20.61,0.0,-0.9753,-0.2207,28.0,29.4,29.4,station
2024-09-18,29.5,27.9,30.2,28.9,31.0,28.1,27.5,31.5,28.4,28.5,29.5,1.19,0.7,64,41,14.4,19.95,0.0,-0.979,-0.2039,29.8,30.6,30.6,station
2024-09-19,30.3,30.0,32.1,31.3,32.4,29.9,29.1,33.6,30.9,31.3,31.22,1.06,0.26,54,34,13.7,17.43,0.0,-0.9824,-0.187,31.8,31.7,31.7,station
2024-09-20,30.0,29.2,31.0,30.2,30.3,29.0,28.2,32.2,30.0,27.2,30.14,0.65,0.82,54,31,16.9,18.54,0.3,-0.9854,-0.1701,31.6,32.2,32.2,station
2024-09-21,31.8,29.3,34.7,32.6,33.7,31.8,29.1,35.2,32.0,29.3,32.42,2.06,0.94,53,34,13.7,18.84,0.1,-0.9882,-0.1531,32.5,33.3,33.3,station
2024-09-22,22.7,21.8,24.8,21.9,22.8,22.1,22.4,24.6,22.3,25.6,22.8,1.21,-0.6,82,99,18.4,2.49,26.7,-0.9907,-0.1361,22.4,25.6,25.6,station
2024-09-23,19.4,18.6,20.6,20.4,21.1,18.7,19.3,21.6,20.3,19.0,20.02,1.01,0.24,73,65,16.8,14.74,3.1,-0.9929,-0.1191,19.2,18.9,18.9,station
2024-09-24,19.7,18.3,21.7,20.6,21.9,17.6,18.9,21.4,19.5,21.6,20.44,1.49,0.64,94,91,14.4,4.24,45.8,-0.9948,-0.102,19.1,19.4,19.4,station
2024-09-25,23.5,22.1,22.4,22.1,23.2,23.3,21.7,23.9,21.9,22.2,22.66,0.65,0.06,76,21,9.2,18.3,0.0,-0.9964,-0.0848,23.9,24.4,24.4,station
2024-09-26,23.4,23.5,24.0,23.5,23.9,23.0,23.3,24.2,22.5,22.5,23.66,0.27,0.56,74,17,13.5,18.41,0.0,-0.9977,-0.0677,23.3,24.4,24.4,station
2024-09-27,21.8,21.9,22.9,22.1,22.6,21.6,21.9,23.0,22.4,21.2,22.26,0.47,0.24,70,100,31.5,9.48,0.0,-0.9987,-0.0505,20.8,22.2,22.2,station
2024-09-28,20.3,20.7,22.6,21.6,22.0,19.3,20.9,20.3,20.2,22.2,21.44,0.94,0.86,74,100,24.9,6.34,0.7,-0.9994,-0.0333,20.0,21.7,21.7,station
2024-09-29,22.3,21.6,22.0,22.7,24.5,22.1,21.3,21.8,22.2,23.0,22.62,1.13,0.54,76,70,21.0,11.89,0.0,-0.9999,-0.0161,22.0,22.8,22.8,station
2024-09-30,25.1,23.5,24.6,24.2,26.4,25.5,23.4,25.3,23.6,24.8,24.76,1.09,0.24,81,7,13.1,16.59,0.0,-1.0,0.0011,24.7,25.6,25.6,station
2024-10-01,19.9,19.3,19.6,19.3,20.0,20.7,19.8,21.5,19.4,18.3,19.62,0.33,-0.32,58,40,21.3,17.03,0.0,-0.9998,0.0183,20.0,20.6,20.6,station
2024-10-02,20.4,21.0,21.8,20.5,21.0,20.6,20.8,22.7,20.6,18.7,20.94,0.55,0.26,48,17,15.0,17.71,0.0,-0.9994,0.0355,20.1,22.2,22.2,station
2024-10-03,24.3,23.9,26.3,24.7,26.0,24.2,24.5,25.8,24.1,25.6,25.04,1.06,0.2,58,7,14.9,17.32,0.0,-0.9986,0.0527,24.4,26.1,26.1,station
2024-10-04,19.6,19.7,21.4,20.8,22.4,21.0,20.3,20.4,21.2,21.9,20.78,1.18,-0.18,70,49,22.3,13.11,0.5,-0.9976,0.0698,20.1,21.1,21.1,station
2024-10-05,26.0,24.7,25.9,26.0,26.9,24.8,23.4,27.7,25.4,26.6,25.9,0.78,0.32,61,41,28.8,13.93,0.0,-0.9962,0.087,26.9,29.4,29.4,station
2024-10-06,22.8,23.8,22.4,21.9,23.6,22.6,22.5,24.1,22.1,26.0,22.9,0.8,-0.56,44,1,27.9,17.18,0.0,-0.9946,0.1041,23.8,23.9,23.9,station
2024-10-07,18.7,18.3,19.2,18.6,18.4,18.7,18.1,19.7,18.0,18.6,18.64,0.35,0.02,45,15,13.5,15.62,0.0,-0.9926,0.1212,18.5,19.4,19.4,station
2024-10-08,22.0,22.7,22.1,21.7,22.3,21.8,22.3,23.0,21.4,20.5,22.16,0.37,0.36,53,5,15.8,16.53,0.0,-0.9904,0.1383,21.9,22.8,22.8,station
2024-10-09,20.7,21.8,21.3,20.5,21.7,21.1,23.1,22.2,24.2,23.4,21.2,0.58,-1.6,74,5,14.0,15.81,0.0,-0.9879,0.1553,19.6,20.0,20.0,station
2024-10-10,21.3,20.5,21.1,20.6,22.1,21.8,21.5,22.9,20.2,22.0,21.12,0.64,-0.56,61,0,11.2,16.14,0.0,-0.9851,0.1722,20.9,22.8,22.8,station
2024-10-11,27.3,27.9,27.8,28.1,28.0,26.9,27.1,27.6,27.8,27.6,27.82,0.31,0.42,47,51,22.8,15.47,0.0,-0.9819,0.1892,27.5,28.3,28.3,station
2024-10-12,18.6,18.4,18.1,18.1,20.4,18.9,18.0,21.0,18.5,20.0,18.72,0.96,-0.56,75,73,19.3,12.88,25.5,-0.9785,0.206,19.3,20.0,20.0,station
2024-10-13,17.3,16.7,18.8,17.5,19.7,16.4,16.1,18.1,19.5,19.5,18.0,1.22,0.08,72,74,31.6,11.51,0.2,-0.9749,0.2228,18.2,19.4,19.4,station
2024-10-14,12.9,11.9,13.5,11.8,14.5,13.0,11.6,14.0,12.7,12.7,12.92,1.13,0.12,66,63,29.7,13.1,2.2,-0.9709,0.2396,13.2,13.9,13.9,station
2024-10-15,10.6,9.2,8.2,10.2,7.5,10.8,9.8,10.8,11.0,10.3,9.14,1.31,-1.4,70,50,27.9,11.82,2.3,-0.9666,0.2562,10.0,9.4,9.4,station
2024-10-16,12.2,12.0,12.2,12.6,12.8,12.5,12.2,12.9,13.0,11.7,12.36,0.33,-0.1,63,9,14.9,15.31,0.0,-0.9621,0.2728,12.7,14.4,14.4,station
2024-10-17,16.5,17.0,17.4,16.4,16.5,16.7,16.7,18.1,16.5,14.5,16.76,0.43,0.26,50,2,15.0,15.34,0.0,-0.9572,0.2893,16.4,17.8,17.8,station
2024-10-18,18.9,19.5,20.0,19.0,19.6,18.9,18.9,20.4,18.5,19.4,19.4,0.45,0.18,50,0,16.1,14.89,0.0,-0.9521,0.3057,18.8,20.0,20.0,station
2024-10-19,20.3,21.2,21.3,21.1,21.3,20.2,20.7,21.4,20.4,21.5,21.04,0.42,0.2,54,18,11.9,14.68,0.0,-0.9467,0.3221,20.2,21.7,21.7,station
2024-10-20,24.0,25.0,25.9,25.2,25.5,23.4,24.1,25.1,24.4,24.8,25.12,0.71,0.76,46,0,17.5,13.81,0.0,-0.941,0.3383,24.5,25.6,25.6,station
2024-10-21,25.3,26.5,27.1,26.3,26.4,25.3,26.3,26.3,26.1,26.5,26.32,0.65,0.22,45,23,15.8,14.06,0.0,-0.9351,0.3545,25.1,27.2,27.2,station
2024-10-22,20.9,22.0,24.1,22.4,22.3,20.2,21.7,22.4,22.5,22.6,22.34,1.15,0.46,50,70,22.4,9.17,0.4,-0.9288,0.3705,22.2,22.8,22.8,station
2024-10-23,16.6,16.8,16.6,16.2,17.5,17.3,17.2,19.0,16.0,21.3,16.74,0.48,-1.42,58,37,20.8,12.59,0.0,-0.9223,0.3864,17.5,17.8,17.8,station
2024-10-24,17.1,16.6,17.2,17.2,18.0,16.7,16.2,18.1,17.0,16.8,17.22,0.5,0.26,62,33,17.0,13.81,0.0,-0.9155,0.4022,17.0,17.8,17.8,station
2024-10-25,17.3,15.7,15.4,16.0,17.1,17.9,15.4,18.8,16.7,16.0,16.3,0.85,-0.66,70,51,15.7,12.97,8.8,-0.9085,0.4179,18.3,18.9,18.9,station
2024-10-26,13.3,13.1,12.6,11.9,12.6,13.6,13.2,14.1,13.1,11.1,12.7,0.54,-0.32,55,36,12.9,13.67,0.0,-0.9012,0.4335,13.4,14.4,14.4,station
2024-10-27,14.0,14.0,15.3,14.6,13.9,14.2,13.9,16.2,14.2,13.2,14.36,0.59,0.02,67,14,8.9,13.12,0.0,-0.8936,0.4489,13.9,15.0,15.0,station
2024-10-28,17.9,18.0,19.4,17.7,18.8,17.8,18.7,18.4,17.5,18.5,18.36,0.72,0.18,54,96,21.5,9.95,0.0,-0.8857,0.4642,18.2,19.4,19.4,station
2024-10-29,25.1,25.7,27.2,26.8,25.5,25.4,25.7,27.5,26.5,28.0,26.06,0.9,-0.56,59,96,29.6,11.14,0.0,-0.8776,0.4794,25.9,27.8,27.8,station
2024-10-30,24.3,24.8,26.3,25.4,25.9,24.5,24.2,26.2,24.8,27.3,25.34,0.81,-0.06,59,92,28.9,9.3,0.0,-0.8692,0.4944,24.9,26.1,26.1,station
2024-10-31,20.7,20.3,21.0,21.0,21.8,20.9,19.7,22.5,20.7,23.4,20.96,0.55,-0.48,65,71,33.9,7.09,14.0,-0.8606,0.5093,21.5,21.7,21.7,station
2024-11-01,11.1,9.0,10.7,11.0,11.6,10.3,8.2,12.3,10.2,11.6,10.68,0.99,0.16,69,9,20.7,12.36,0.0,-0.8517,0.524,11.2,11.7,11.7,station
2024-11-02,13.8,12.4,13.3,14.3,14.0,14.3,11.8,15.8,14.8,14.7,13.56,0.74,-0.72,76,29,12.5,11.54,0.0,-0.8426,0.5386,12.8,14.4,14.4,station
2024-11-03,16.5,15.8,17.8,14.2,16.4,14.9,15.9,17.4,13.4,17.6,16.14,1.31,0.3,68,100,22.5,3.48,1.1,-0.8332,0.553,17.3,17.8,17.8,station
2024-11-04,20.0,18.3,19.2,19.8,19.3,19.4,18.5,18.9,18.6,19.6,19.32,0.66,0.32,90,96,28.0,4.34,8.6,-0.8235,0.5672,20.6,20.0,20.0,station
2024-11-05,18.7,17.8,19.4,19.0,18.5,18.9,17.3,20.4,18.8,18.8,18.68,0.6,-0.16,91,88,29.4,3.88,37.1,-0.8137,0.5813,19.2,19.4,19.4,station
2024-11-06,15.3,14.5,13.2,14.9,13.3,13.8,12.5,14.3,14.9,11.5,14.24,0.95,0.84,78,80,13.9,5.81,0.0,-0.8035,0.5952,14.5,15.0,15.0,station
2024-11-07,13.7,12.1,9.9,13.7,13.5,14.2,12.7,14.7,14.1,12.9,12.58,1.64,-1.14,74,11,11.3,11.18,0.0,-0.7932,0.609,13.5,15.0,15.0,station
2024-11-08,14.0,15.0,13.3,14.1,13.4,14.1,14.7,16.2,13.7,11.9,13.96,0.68,-0.16,73,17,13.3,11.2,0.0,-0.7826,0.6225,14.7,16.1,16.1,station
2024-11-09,12.9,13.0,13.3,12.3,14.1,12.1,11.8,14.3,11.8,13.1,13.12,0.66,0.5,79,87,15.9,4.65,0.4,-0.7718,0.6359,11.6,12.8,12.8,station
2024-11-10,15.9,16.2,15.0,16.1,17.2,15.3,15.2,15.6,14.5,17.1,16.08,0.79,0.54,78,70,33.2,6.71,1.4,-0.7607,0.6491,16.0,17.2,17.2,station
2024-11-11,12.2,12.8,11.0,11.7,13.1,11.8,12.2,13.5,12.1,13.6,12.16,0.84,-0.48,67,30,24.6,10.29,0.0,-0.7494,0.6621,12.9,14.4,14.4,station
2024-11-12,8.2,7.8,6.9,8.0,8.9,8.2,7.9,9.6,7.5,9.3,7.96,0.72,-0.54,70,66,16.0,7.39,0.0,-0.7379,0.6749,7.7,9.4,9.4,station
2024-11-13,9.5,10.1,11.5,9.9,11.2,10.4,10.2,11.4,9.9,9.9,10.44,0.86,0.08,80,99,14.4,6.85,9.7,-0.7262,0.6875,9.4,10.6,10.6,station
2024-11-14,11.8,10.4,12.5,12.6,12.4,11.7,10.6,12.0,11.0,10.6,11.94,0.92,0.76,89,97,14.7,3.85,3.3,-0.7143,0.6998,13.0,11.7,11.7,station
2024-11-15,11.9,10.6,10.3,12.4,12.1,11.2,10.1,12.8,13.0,10.8,11.46,0.94,-0.12,83,72,8.2,5.04,0.2,-0.7021,0.712,11.9,12.2,12.2,station
2024-11-16,11.5,9.6,8.4,11.6,10.7,12.5,10.1,14.0,12.5,10.3,10.36,1.36,-1.52,82,81,15.9,6.62,0.0,-0.6898,0.724,11.1,11.1,11.1,station
2024-11-17,14.1,13.5,14.1,13.6,15.2,14.4,13.6,16.2,12.6,15.4,14.1,0.67,-0.34,86,93,14.8,6.84,1.8,-0.6772,0.7358,14.6,14.4,14.4,station
2024-11-18,14.2,14.3,13.6,13.9,16.1,13.2,13.9,15.2,13.9,14.5,14.42,0.98,0.28,96,97,21.4,2.3,10.6,-0.6645,0.7473,14.4,15.6,15.6,station
2024-11-19,16.3,16.0,15.0,15.6,15.6,15.8,16.4,16.2,15.9,16.1,15.7,0.49,-0.38,76,59,30.2,5.95,3.6,-0.6515,0.7586,16.8,17.2,17.2,station
2024-11-20,8.7,8.4,7.4,8.2,7.5,8.3,7.7,10.1,9.1,7.7,8.04,0.57,-0.54,71,89,24.9,7.54,1.6,-0.6384,0.7697,8.5,8.9,8.9,station
2024-11-21,3.8,4.6,4.0,2.5,3.5,3.9,3.7,4.8,3.2,3.7,3.68,0.77,-0.18,83,94,30.4,1.76,6.4,-0.625,0.7806,3.9,3.9,3.9,station
2024-11-22,7.8,5.9,6.0,7.9,6.7,8.1,5.7,7.7,8.0,5.4,6.86,0.96,-0.12,82,93,20.1,3.38,0.0,-0.6115,0.7912,8.4,8.3,8.3,station
2024-11-23,7.0,5.6,4.6,6.5,6.0,7.0,4.0,8.2,7.7,4.0,5.94,0.92,-0.24,84,100,13.4,5.19,0.0,-0.5978,0.8016,6.7,5.6,5.6,station
2024-11-24,8.8,8.2,8.2,8.9,8.9,10.7,7.7,10.9,10.8,9.7,8.6,0.37,-1.36,88,97,9.7,7.39,0.0,-0.584,0.8118,8.9,11.1,11.1,station
2024-11-25,9.9,8.9,10.4,10.8,11.6,10.7,9.7,10.7,10.7,10.3,10.32,1.01,-0.1,86,100,19.3,2.65,0.8,-0.5699,0.8217,10.4,11.1,11.1,station
2024-11-26,2.9,1.9,3.4,3.1,2.3,3.5,1.8,4.9,4.1,3.0,2.72,0.61,-0.74,68,47,19.3,9.17,0.0,-0.5557,0.8314,2.8,3.9,3.9,station
2024-11-27,5.5,5.3,6.7,5.6,6.0,5.0,5.5,7.3,5.2,4.3,5.82,0.55,0.36,79,100,16.3,6.35,0.0,-0.5413,0.8408,5.3,6.7,6.7,station
2024-11-28,1.8,1.9,2.0,1.2,1.5,1.5,0.9,4.0,2.6,2.4,1.68,0.33,-0.6,73,87,17.7,4.33,0.0,-0.5268,0.85,2.0,0.6,0.6,station
2024-11-29,-3.0,-3.7,-2.5,-3.1,-3.9,-2.6,-3.9,-1.3,-3.0,-5.4,-3.24,0.56,0.0,51,76,21.1,5.45,0.0,-0.5121,0.859,-2.9,-2.2,-2.2,station
2024-11-30,-3.1,-5.2,-4.6,-4.7,-4.2,-3.8,-6.2,-2.7,-4.9,-4.7,-4.36,0.79,0.1,51,29,15.9,8.76,0.0,-0.4972,0.8676,-3.2,-3.9,-3.9,station
2024-12-01,-3.3,-4.8,-5.1,-4.3,-5.4,-3.4,-5.3,-2.4,-4.2,-6.7,-4.58,0.82,-0.18,51,2,13.8,8.98,0.0,-0.4822,0.8761,-3.6,-3.3,-3.3,station
2024-12-02,-1.3,-4.0,-2.2,-1.8,-5.4,-0.9,-3.2,-1.2,-1.6,-4.8,-2.94,1.71,-0.6,66,32,11.3,5.6,0.0,-0.4671,0.8842,-3.0,-3.9,-3.9,station
2024-12-03,-0.9,-3.8,-0.8,-1.3,-1.2,-0.4,-3.1,-0.4,-1.0,-1.0,-1.6,1.25,-0.42,69,58,18.9,8.41,0.0,-0.4518,0.8921,-1.2,-0.6,-0.6,station
2024-12-04,3.4,3.3,2.2,1.8,4.6,4.4,3.0,2.9,2.2,3.6,3.06,1.1,-0.16,66,59,32.1,6.35,0.6,-0.4364,0.8998,3.3,3.9,3.9,station
2024-12-05,-1.7,-5.5,-1.8,-3.7,-2.1,-1.2,-6.1,-2.7,-4.8,-3.5,-2.96,1.63,0.7,44,18,27.1,8.8,0.0,-0.4208,0.9071,-2.2,-2.2,-2.2,station
2024-12-06,-0.4,-2.1,-3.9,-2.1,-2.3,-0.9,-2.8,-1.0,-2.0,-3.9,-2.16,1.24,-0.04,54,22,16.7,6.44,0.0,-0.4052,0.9142,-0.7,0.0,0.0,station
2024-12-07,5.9,7.9,8.8,6.1,6.1,5.3,7.4,4.2,3.4,5.5,6.96,1.31,1.8,51,88,22.3,7.24,0.0,-0.3894,0.9211,7.1,9.4,9.4,station
2024-12-08,8.9,11.6,11.3,10.2,11.7,6.8,10.5,7.9,8.6,11.1,10.74,1.19,1.76,73,32,18.8,8.16,0.0,-0.3735,0.9276,9.9,12.8,12.8,station
2024-12-09,8.7,10.5,12.2,10.8,11.2,8.6,10.2,10.1,10.8,11.2,10.68,1.28,0.5,79,81,17.2,7.41,0.1,-0.3575,0.9339,9.1,11.1,11.1,station
2024-12-10,2.7,5.6,3.6,2.7,5.1,2.1,4.8,4.5,1.5,4.8,3.94,1.35,0.4,75,98,12.0,3.28,0.0,-0.3413,0.9399,4.3,3.9,3.9,station
2024-12-11,-0.3,-0.9,-0.6,-1.1,-1.4,-0.4,-1.0,-1.2,-2.2,-3.7,-0.86,0.43,0.84,62,77,24.8,4.75,0.6,-0.3251,0.9457,0.2,0.0,0.0,station
2024-12-12,-8.6,-10.7,-11.7,-9.9,-10.6,-8.5,-11.1,-7.9,-10.7,-12.2,-10.3,1.15,-0.22,42,52,24.2,7.47,0.0,-0.3088,0.9511,-9.4,-9.4,-9.4,station
2024-12-13,-4.2,-3.7,-4.0,-3.5,-5.1,-2.9,-3.5,-1.3,-3.3,-4.7,-4.1,0.62,-0.96,68,60,11.7,4.78,0.0,-0.2924,0.9563,-3.6,-2.8,-2.8,station
2024-12-14,2.2,3.0,3.8,2.2,2.6,2.7,3.3,2.5,2.8,2.1,2.76,0.67,0.08,78,99,19.4,4.62,9.7,-0.2759,0.9612,2.4,3.3,3.3,station
2024-12-15,4.8,5.4,9.1,6.3,8.6,5.0,5.3,4.2,4.4,9.9,6.84,1.92,1.08,97,100,19.5,2.99,2.6,-0.2593,0.9658,7.3,7.2,7.2,station
2024-12-16,9.1,9.6,11.1,8.2,10.0,8.5,8.8,8.7,10.4,10.7,9.6,1.07,0.18,95,83,19.7,2.71,3.0,-0.2427,0.9701,9.9,10.6,10.6,station
2024-12-17,3.5,3.7,3.3,3.0,3.8,3.0,3.1,4.1,3.3,5.4,3.46,0.32,-0.32,81,78,18.6,5.97,0.0,-0.226,0.9741,4.1,3.9,3.9,station
2024-12-18,0.9,1.0,0.9,1.2,1.2,0.8,1.0,2.3,0.6,1.4,1.04,0.15,-0.18,81,91,14.7,5.92,0.7,-0.2092,0.9779,0.6,1.7,1.7,station
2024-12-19,-0.8,-0.9,0.0,-0.6,-0.6,-0.1,-0.1,0.7,0.2,-0.6,-0.58,0.35,-0.6,72,100,13.1,3.69,1.9,-0.1923,0.9813,-0.6,0.6,0.6,station
2024-12-20,0.6,0.4,1.2,1.0,1.3,0.7,0.3,0.3,1.0,0.2,0.9,0.39,0.4,86,85,21.1,4.97,1.7,-0.1754,0.9845,0.4,1.1,1.1,station
2024-12-21,-7.4,-5.5,-2.7,-4.5,-3.8,-7.3,-4.5,-3.1,-4.6,-7.1,-4.78,1.79,0.54,73,49,11.3,8.04,0.0,-0.1585,0.9874,-7.1,-3.9,-3.9,station
2024-12-22,-0.5,-0.2,1.5,-0.1,-0.2,-1.3,-0.6,0.2,-0.3,-2.9,0.1,0.8,1.08,75,72,19.8,6.32,0.0,-0.1414,0.9899,-0.3,0.6,0.6,station
2024-12-23,3.0,4.6,7.2,1.4,3.6,2.6,4.0,3.6,1.0,2.5,3.96,2.15,1.22,81,95,20.0,2.33,0.1,-0.1244,0.9922,3.5,3.9,3.9,station
2024-12-24,2.5,2.4,3.1,3.6,2.5,3.3,3.0,3.8,2.1,3.2,2.82,0.52,-0.26,85,92,10.3,5.44,0.0,-0.1073,0.9942,2.1,3.3,3.3,station
2024-12-25,2.7,2.9,3.1,2.8,3.7,2.4,3.4,1.8,3.0,3.1,3.04,0.4,0.3,87,100,8.3,3.16,0.0,-0.0902,0.9959,3.0,3.9,3.9,station
2024-12-26,7.9,7.9,8.5,6.5,9.6,7.5,7.4,5.6,6.4,9.0,8.08,1.12,0.9,96,100,12.6,3.04,1.2,-0.073,0.9973,8.1,8.9,8.9,station
2024-12-27,9.4,9.9,10.5,8.7,10.6,8.7,9.7,9.8,8.3,9.5,9.82,0.79,0.62,96,100,18.1,1.12,6.5,-0.0559,0.9984,9.8,11.1,11.1,station
2024-12-28,10.7,10.2,10.4,10.9,11.1,10.4,10.0,12.0,11.1,11.6,10.66,0.36,-0.36,88,100,23.3,3.79,1.9,-0.0387,0.9993,10.1,10.6,10.6,station
2024-12-29,5.2,5.6,6.9,6.4,6.3,4.7,6.1,7.2,6.8,5.8,6.08,0.68,-0.04,96,100,15.7,1.36,7.9,-0.0215,0.9998,6.0,7.2,7.2,station
2024-12-30,4.7,4.0,3.4,5.9,5.3,4.4,3.7,7.2,3.7,5.9,4.66,1.0,-0.32,91,85,11.5,6.6,0.0,-0.0043,1.0,5.4,5.6,5.6,station
2024-12-31,3.2,3.6,3.0,4.1,4.3,3.9,3.1,4.9,3.9,5.3,3.64,0.56,-0.58,91,100,24.2,1.76,8.0,0.0129,0.9999,4.1,,,
2025-01-01,0.1,0.1,0.5,0.2,-0.1,-0.5,-0.7,0.7,-0.0,-0.2,0.16,0.22,0.3,70,94,22.6,3.6,0.1,0.0172,0.9999,0.5,0.6,0.6,station
2025-01-02,-0.0,-1.4,-1.3,-0.9,-1.2,-0.5,-2.9,-0.6,-1.3,-2.5,-0.96,0.57,0.6,60,81,16.9,7.57,0.2,0.0344,0.9994,-0.3,-0.6,-0.6,station
2025-01-03,-4.1,-4.4,-4.4,-3.7,-5.5,-3.1,-5.1,-3.3,-3.2,-6.7,-4.42,0.67,-0.14,53,28,21.2,8.58,0.0,0.0516,0.9987,-3.9,-3.9,-3.9,station
2025-01-04,-4.8,-6.7,-6.6,-6.1,-7.7,-5.2,-7.8,-4.6,-6.3,-8.7,-6.38,1.06,0.14,44,37,13.9,8.97,0.0,0.0688,0.9976,-5.0,-4.4,-4.4,station
2025-01-05,-4.1,-4.1,-3.9,-4.2,-6.5,-5.5,-4.7,-2.0,-5.6,-7.8,-4.56,1.09,0.56,48,100,16.9,5.36,0.7,0.0859,0.9963,-3.8,-5.6,-5.6,station
2025-01-06,-3.1,-1.7,-1.7,-2.8,-4.1,-3.3,-2.1,-1.6,-3.0,-2.6,-2.68,1.02,-0.16,81,97,19.5,2.79,3.7,0.103,0.9947,-1.8,-1.7,-1.7,station
2025-01-07,-5.1,-4.4,-4.1,-3.8,-4.1,-4.8,-4.2,-3.9,-3.6,-6.1,-4.3,0.49,0.22,66,65,8.8,7.02,0.0,0.1201,0.9928,-4.7,-3.3,-3.3,station
2025-01-08,-4.5,-4.6,-5.5,-5.0,-4.9,-6.4,-5.6,-4.7,-5.9,-9.6,-4.9,0.39,1.54,62,50,8.1,8.41,0.0,0.1372,0.9905,-4.8,-3.9,-3.9,station
2025-01-09,-3.6,-2.9,-3.7,-3.0,-3.1,-3.4,-3.6,-3.1,-3.1,-6.4,-3.26,0.36,0.66,69,27,15.1,9.09,0.0,0.1542,0.988,-4.4,-1.7,-1.7,station
2025-01-10,-1.8,-2.1,-1.7,-1.5,-2.5,-1.7,-2.1,-1.5,-2.6,-3.2,-1.92,0.39,0.3,86,93,15.4,2.81,3.2,0.1712,0.9852,-1.7,-1.1,-1.1,station
2025-01-11,-2.5,-2.0,-1.5,-2.4,0.6,-3.2,-3.3,-3.0,-3.5,-5.4,-1.56,1.27,2.12,83,68,13.1,5.51,0.2,0.1881,0.9821,-1.0,-0.6,-0.6,station
2025-01-12,2.0,1.3,1.9,0.5,2.2,-0.5,1.3,0.2,0.3,1.0,1.58,0.69,1.12,83,100,21.4,3.16,1.7,0.205,0.9788,1.6,1.1,1.1,station
2025-01-13,-5.0,-6.3,-5.0,-5.8,-4.7,-5.0,-6.3,-4.4,-4.1,-6.5,-5.36,0.67,-0.1,63,9,17.1,9.78,0.0,0.2218,0.9751,-5.2,-7.2,-7.2,station
2025-01-14,-10.6,-10.3,-7.8,-9.9,-10.1,-9.9,-9.6,-8.2,-9.0,-11.1,-9.74,1.11,-0.18,69,30,19.2,9.71,1.2,0.2385,0.9711,-9.4,-8.9,-8.9,station
2025-01-15,-8.7,-6.1,-6.1,-7.1,-7.7,-8.4,-6.9,-5.6,-7.1,-10.5,-7.14,1.11,0.56,70,32,19.3,9.88,0.1,0.2552,0.9669,-8.3,-7.8,-7.8,station
2025-01-16,1.4,1.5,2.8,0.0,1.1,2.3,1.3,1.7,-0.2,1.5,1.36,1.0,0.04,75,62,22.2,6.65,0.3,0.2718,0.9624,2.4,3.3,3.3,station
2025-01-17,5.3,7.2,6.0,5.6,6.3,2.7,6.5,3.5,3.0,3.6,6.08,0.73,2.22,76,46,26.8,9.51,0.0,0.2883,0.9575,5.8,8.3,8.3,station
2025-01-18,1.1,4.4,3.5,1.0,2.8,1.2,3.5,0.8,1.3,2.7,2.56,1.49,0.66,55,67,19.0,9.76,0.0,0.3047,0.9524,2.7,3.3,3.3,station
2025-01-19,-10.7,-9.4,-9.5,-7.8,-8.9,-11.1,-8.7,-9.2,-9.3,-10.2,-9.26,1.05,0.44,36,53,17.0,9.98,0.0,0.3211,0.9471,-9.1,-11.1,-11.1,station
2025-01-20,-11.4,-13.7,-14.2,-13.5,-12.8,-13.7,-14.6,-12.6,-14.2,-18.2,-13.12,1.08,1.54,39,21,22.0,10.46,0.0,0.3373,0.9414,-12.0,-11.7,-11.7,station
2025-01-21,-17.3,-17.5,-17.2,-17.9,-16.9,-17.5,-18.4,-14.8,-18.3,-20.0,-17.36,0.37,0.44,36,18,17.6,10.53,0.0,0.3534,0.9355,-16.4,-17.2,-17.2,station
2025-01-22,-4.3,-5.0,-4.8,-7.6,-7.0,-5.5,-4.5,-4.8,-7.7,-6.4,-5.74,1.46,0.04,56,89,29.8,5.12,1.1,0.3695,0.9292,-5.0,-3.9,-3.9,station
2025-01-23,-5.3,-5.2,-6.9,-8.0,-6.5,-5.5,-4.5,-6.2,-7.9,-6.7,-6.38,1.17,-0.22,75,44,18.2,10.79,0.9,0.3854,0.9227,-5.1,-4.4,-4.4,station
2025-01-24,-8.3,-7.3,-6.0,-7.4,-7.4,-6.7,-7.6,-7.4,-7.8,-8.8,-7.28,0.82,0.38,69,47,17.1,10.27,0.0,0.4012,0.916,-7.4,-5.0,-5.0,station
2025-01-25,1.2,0.7,4.6,2.0,4.0,0.6,0.9,1.1,0.9,0.9,2.5,1.72,1.62,67,65,20.6,10.74,0.0,0.4169,0.9089,2.6,5.0,5.0,station
2025-01-26,-3.3,-4.5,-1.7,-2.9,-2.3,-4.7,-5.0,-3.4,-3.3,-3.9,-2.94,1.06,1.12,56,67,17.2,10.32,0.0,0.4325,0.9016,-1.3,-0.6,-0.6,station
2025-01-27,4.5,4.0,4.4,2.3,2.8,4.2,3.8,3.2,2.1,2.2,3.6,0.99,0.5,46,35,24.2,10.87,0.0,0.4479,0.8941,4.7,6.7,6.7,station
2025-01-28,6.2,6.9,8.2,6.0,6.2,4.7,6.8,4.7,3.3,5.6,6.7,0.91,1.68,56,32,25.7,10.39,0.0,0.4633,0.8862,7.0,8.9,8.9,station
2025-01-29,5.6,6.4,6.9,5.6,6.2,5.6,5.6,3.9,5.6,6.5,6.14,0.55,0.7,61,38,21.0,10.29,0.0,0.4784,0.8781,6.5,8.3,8.3,station
2025-01-30,8.4,10.4,14.0,10.7,11.0,9.1,11.2,5.9,9.5,10.8,10.9,2.01,1.6,71,55,16.4,8.87,7.8,0.4935,0.8698,8.8,10.0,10.0,station
2025-01-31,3.1,5.8,7.1,4.0,5.9,3.5,6.9,3.0,3.6,5.8,5.18,1.61,0.62,92,71,24.3,1.24,38.7,0.5084,0.8611,4.5,4.4,4.4,station
2025-02-01,0.1,0.3,0.6,-0.2,0.7,0.0,0.3,0.3,0.3,0.2,0.3,0.37,0.08,73,100,15.4,5.27,0.0,0.5231,0.8523,-0.1,0.6,0.6,station
2025-02-02,9.1,5.2,6.2,4.8,10.4,8.8,5.8,7.4,6.4,9.2,7.14,2.48,-0.38,82,87,15.4,7.5,0.7,0.5377,0.8432,8.8,6.1,6.1,station
2025-02-03,6.6,7.4,12.2,8.2,10.8,12.0,11.3,4.5,11.7,13.7,9.04,2.37,-1.6,92,99,18.8,4.28,0.0,0.5521,0.8338,4.9,5.6,5.6,station
2025-02-04,-0.8,-0.2,-0.0,-0.8,0.2,-0.4,0.3,-0.0,-0.4,1.0,-0.32,0.46,-0.42,72,65,16.7,8.47,0.0,0.5664,0.8242,0.5,0.0,0.0,station
2025-02-05,-0.7,-1.2,-0.8,-1.5,-0.9,-0.7,-1.0,-0.5,-1.3,-0.1,-1.02,0.33,-0.3,69,100,15.0,5.4,1.2,0.5805,0.8143,-0.8,-0.6,-0.6,station
2025-02-06,4.1,1.8,3.1,2.5,5.0,5.5,1.4,3.9,2.7,3.2,3.3,1.27,-0.04,69,65,25.9,7.79,0.5,0.5944,0.8042,3.1,2.2,2.2,station
2025-02-07,0.3,-2.7,-1.7,-1.8,-2.1,-0.9,-3.2,0.7,-3.1,-1.8,-1.6,1.13,0.06,44,77,16.7,10.4,0.0,0.6081,0.7938,-0.2,-0.6,-0.6,station
2025-02-08,0.1,-0.4,-1.2,-0.1,-0.3,0.4,-0.6,0.2,0.0,-1.6,-0.38,0.5,-0.06,70,97,11.4,2.66,0.5,0.6217,0.7833,0.3,0.6,0.6,station
2025-02-09,-1.9,-2.3,-1.4,-2.7,-0.5,-2.1,-1.9,-1.9,-2.6,-2.6,-1.76,0.85,0.46,61,70,16.2,9.93,0.0,0.6351,0.7725,-0.9,0.0,0.0,station
2025-02-10,0.9,-0.2,0.9,-0.5,1.4,0.2,-1.9,0.4,-1.3,-0.1,0.5,0.81,1.04,47,37,9.8,13.03,0.0,0.6483,0.7614,0.9,1.7,1.7,station
2025-02-11,-2.6,-2.6,-2.5,-2.4,-4.6,-3.9,-4.6,-1.9,-4.1,-3.8,-2.94,0.93,0.72,67,100,16.1,6.21,0.4,0.6613,0.7502,-2.8,-3.3,-3.3,station
2025-02-12,-3.0,-3.2,-2.3,-3.0,-2.9,-3.2,-3.2,-3.1,-3.9,-3.3,-2.88,0.34,0.46,83,100,20.2,2.36,8.7,0.6741,0.7387,-2.7,-2.2,-2.2,station
2025-02-13,-3.0,-4.2,-4.2,-3.9,-3.7,-3.8,-5.8,-3.7,-4.3,-3.6,-3.8,0.49,0.44,79,52,17.9,14.0,0.7,0.6867,0.727,-3.5,-5.0,-5.0,station
2025-02-14,-4.8,-4.1,-2.2,-3.6,-3.5,-4.0,-4.7,-4.6,-2.9,-7.4,-3.64,0.96,1.08,74,75,15.1,9.91,5.8,0.6991,0.715,-4.7,-3.3,-3.3,station
2025-02-15,0.2,0.2,0.3,-0.7,0.1,-0.2,0.2,-0.0,-0.4,-0.8,0.02,0.41,0.26,84,100,16.1,7.41,0.0,0.7113,0.7029,-0.4,0.6,0.6,station
2025-02-16,-2.5,-1.6,-2.1,-2.9,-1.6,-1.6,-1.3,-0.5,-2.9,-1.7,-2.14,0.57,-0.54,81,79,22.1,10.64,0.6,0.7233,0.6906,-3.1,-2.8,-2.8,station
2025-02-17,-14.7,-12.0,-11.1,-11.4,-8.7,-13.9,-12.2,-12.5,-11.4,-10.6,-11.58,2.15,0.54,69,49,19.4,14.76,0.0,0.735,0.678,-13.6,-12.8,-12.8,station
2025-02-18,-15.3,-13.7,-11.3,-11.7,-10.7,-15.0,-12.8,-11.8,-11.8,-13.0,-12.54,1.91,0.34,65,49,14.0,15.94,0.0,0.7466,0.6653,-15.2,-10.0,-10.0,station
2025-02-19,-12.8,-10.6,-9.8,-9.7,-11.3,-14.1,-11.0,-9.6,-10.1,-11.5,-10.84,1.27,0.42,68,100,12.5,13.03,0.1,0.7579,0.6523,-12.2,-8.3,-8.3,station
2025-02-20,-9.0,-6.2,-3.3,-6.1,-4.4,-10.5,-6.2,-5.4,-6.9,-8.6,-5.8,2.16,1.72,75,24,13.5,15.58,0.0,0.769,0.6392,-8.2,-4.4,-4.4,station
2025-02-21,-5.7,-3.9,0.5,-2.1,-3.0,-7.5,-3.6,-3.3,-2.8,-5.8,-2.84,2.29,1.76,74,0,13.6,15.82,0.0,0.7799,0.6259,-5.4,-2.8,-2.8,station
2025-02-22,-3.4,-1.4,2.8,-0.9,-0.5,-4.2,-2.3,-0.6,-1.1,-4.3,-0.68,2.24,1.82,70,25,16.6,15.97,0.0,0.7906,0.6124,-2.1,0.6,0.6,station
2025-02-23,2.6,3.7,9.8,3.2,6.2,1.2,1.9,3.8,3.2,2.1,5.1,2.96,2.66,72,74,14.9,12.2,0.0,0.801,0.5987,4.9,6.7,6.7,station
2025-02-24,10.4,10.7,14.7,10.4,12.1,7.3,8.2,7.0,10.2,9.3,11.66,1.84,3.26,71,99,21.9,12.42,1.5,0.8112,0.5848,11.8,11.7,11.7,station
2025-02-25,9.9,10.9,12.0,10.3,11.0,10.2,10.8,8.5,11.4,12.2,10.82,0.8,0.2,79,25,11.9,15.67,1.0,0.8211,0.5708,11.5,12.2,12.2,station
2025-02-26,12.4,7.8,12.2,12.5,12.4,12.1,7.5,11.0,11.9,13.2,11.46,2.05,0.32,87,96,12.8,8.69,11.4,0.8308,0.5566,8.1,10.0,10.0,station
2025-02-27,5.8,8.3,6.1,6.6,8.6,6.3,6.4,5.8,8.3,7.0,7.08,1.29,0.32,76,41,25.3,14.03,1.3,0.8402,0.5422,8.5,10.0,10.0,station
2025-02-28,12.7,13.0,13.8,11.9,12.6,12.6,12.7,12.1,11.6,13.5,12.8,0.69,0.3,60,78,30.7,14.7,0.0,0.8495,0.5277,13.5,13.9,13.9,station
2025-03-01,-0.3,1.6,-1.1,-0.9,-0.1,1.7,2.9,1.0,2.0,1.7,-0.16,1.07,-2.02,51,36,18.7,16.5,0.0,0.8584,0.513,1.3,0.0,0.0,station
2025-03-02,1.7,0.7,2.6,0.8,2.1,1.7,0.7,2.4,1.3,1.3,1.58,0.82,0.1,50,35,8.0,16.78,0.0,0.8671,0.4981,1.6,2.2,2.2,station
2025-03-03,7.3,9.1,7.3,4.7,10.7,5.5,9.3,3.7,6.2,10.3,7.82,2.25,0.82,56,88,18.9,10.34,1.0,0.8755,0.4831,8.6,8.9,8.9,station
2025-03-04,9.0,9.8,8.5,8.0,11.5,9.8,9.8,7.6,8.0,11.8,9.36,1.37,-0.04,75,100,20.4,5.66,9.7,0.8837,0.468,11.3,8.9,8.9,station
2025-03-05,9.8,9.0,11.2,11.8,11.0,10.4,9.6,9.5,9.2,10.8,10.56,1.13,0.66,85,96,25.5,8.18,12.8,0.8916,0.4527,11.0,10.0,10.0,station
2025-03-06,3.8,2.9,3.3,3.6,4.4,3.0,2.6,2.5,4.6,4.4,3.6,0.56,0.18,61,40,18.6,18.02,0.0,0.8993,0.4373,4.2,5.0,5.0,station
2025-03-07,1.4,2.5,3.2,0.8,1.9,0.8,2.3,1.3,1.8,1.9,1.96,0.93,0.34,86,99,9.1,3.56,4.6,0.9067,0.4218,2.1,4.4,4.4,station
2025-03-08,7.5,6.6,9.1,9.0,8.3,5.4,7.8,5.7,8.7,6.0,8.1,1.06,1.38,72,9,17.9,17.05,0.0,0.9138,0.4061,8.9,9.4,9.4,station
2025-03-09,13.5,14.1,14.5,13.8,13.0,12.6,12.4,11.8,12.9,11.3,13.78,0.57,1.58,63,16,18.2,17.77,0.0,0.9207,0.3904,13.5,13.9,13.9,station
2025-03-10,17.2,19.3,20.2,18.6,18.1,16.0,17.6,16.5,17.7,17.4,18.68,1.14,1.64,58,10,20.4,18.16,0.0,0.9272,0.3745,18.1,20.0,20.0,station
2025-03-11,11.7,14.9,13.5,11.1,13.8,11.5,14.3,12.8,10.8,14.0,13.0,1.57,0.32,65,73,21.2,17.78,0.0,0.9335,0.3585,12.5,13.9,13.9,station
2025-03-12,10.8,9.6,10.3,10.0,12.5,13.1,10.4,11.2,10.7,13.8,10.64,1.13,-1.2,62,16,12.1,18.52,0.0,0.9396,0.3424,9.0,10.0,10.0,station
2025-03-13,13.8,15.4,15.3,13.3,15.9,13.3,13.9,12.6,13.5,15.8,14.74,1.12,0.92,66,11,10.5,18.75,0.0,0.9453,0.3261,12.8,15.6,15.6,station
2025-03-14,21.9,24.0,25.0,23.4,26.0,21.7,24.0,22.4,23.4,25.5,24.06,1.56,0.66,62,63,25.7,17.5,0.0,0.9508,0.3098,23.1,25.6,25.6,station
2025-03-15,18.5,17.0,17.5,20.5,19.6,18.7,18.6,19.2,20.0,23.0,18.62,1.45,-1.28,70,68,30.4,17.68,6.9,0.956,0.2934,18.5,18.3,18.3,station
2025-03-16,5.5,4.5,4.5,6.9,6.3,5.0,4.8,6.8,5.6,7.0,5.54,1.07,-0.3,86,79,15.2,6.56,13.4,0.9609,0.2769,4.7,5.0,5.0,station
2025-03-17,9.0,8.9,12.5,10.5,9.7,10.3,10.4,12.7,14.0,7.7,10.12,1.48,-0.9,64,27,22.7,19.18,0.0,0.9655,0.2604,9.8,11.7,11.7,station
2025-03-18,18.1,17.1,22.8,17.9,19.6,16.6,16.8,17.6,16.1,17.2,19.1,2.26,2.24,63,79,20.6,15.27,0.0,0.9698,0.2437,19.9,21.7,21.7,station
2025-03-19,17.7,13.5,16.4,18.8,19.2,18.3,11.0,16.2,16.9,20.6,17.12,2.3,0.52,90,85,18.0,10.24,16.3,0.9739,0.227,9.3,8.3,8.3,station
2025-03-20,3.2,3.6,3.1,5.2,4.9,3.6,4.4,7.8,6.9,3.0,4.0,0.98,-1.14,69,48,22.5,20.85,5.2,0.9777,0.2102,5.0,6.7,6.7,station
2025-03-21,12.7,13.3,15.7,12.4,12.1,11.8,13.3,12.9,13.4,10.1,13.24,1.44,0.94,61,66,27.3,18.79,1.6,0.9811,0.1934,13.5,15.0,15.0,station
2025-03-22,6.1,8.1,7.3,7.0,6.6,5.7,8.3,7.7,7.3,6.5,7.02,0.75,-0.08,67,38,19.5,19.31,0.0,0.9843,0.1765,6.2,8.9,8.9,station
2025-03-23,7.6,6.9,8.5,8.6,8.9,8.2,7.7,11.7,8.2,6.9,8.1,0.83,-0.44,73,100,27.6,8.65,6.4,0.9872,0.1595,10.1,10.6,10.6,station
2025-03-24,8.6,7.4,6.2,8.8,7.9,7.6,6.4,8.7,9.3,7.6,7.78,1.04,-0.14,59,59,27.4,16.26,0.0,0.9898,0.1425,8.2,9.4,9.4,station
2025-03-25,10.0,9.5,9.0,8.4,9.7,9.9,8.1,10.3,8.1,7.5,9.32,0.63,0.54,65,53,16.8,19.18,0.3,0.9921,0.1255,9.2,10.0,10.0,station
2025-03-26,10.7,9.7,12.8,9.8,13.2,6.2,8.6,9.4,11.0,10.0,11.24,1.66,2.2,77,56,10.8,18.27,0.7,0.9941,0.1084,9.6,12.2,12.2,station
2025-03-27,12.8,13.1,9.9,13.1,14.5,12.3,13.5,10.7,13.4,12.4,12.68,1.69,0.22,71,89,10.8,6.79,0.0,0.9958,0.0913,12.6,12.2,12.2,station
2025-03-28,23.3,22.8,22.7,22.3,23.4,24.2,23.0,21.7,22.0,22.4,22.9,0.45,0.24,69,53,26.5,19.49,3.1,0.9972,0.0741,24.4,25.0,25.0,station
2025-03-29,19.8,19.7,22.9,19.7,23.9,22.4,19.2,19.6,18.7,23.1,21.2,2.04,0.6,72,64,26.3,15.37,1.1,0.9984,0.057,20.7,21.1,21.1,station
2025-03-30,19.6,18.5,20.9,20.9,23.3,20.1,17.9,20.4,19.8,21.2,20.64,1.79,0.76,85,96,27.5,10.67,12.5,0.9992,0.0398,21.4,23.9,23.9,station
2025-03-31,8.3,6.0,6.4,8.4,8.2,7.4,5.3,7.8,8.4,8.9,7.46,1.16,-0.1,71,65,15.6,15.61,0.3,0.9997,0.0226,8.9,8.3,8.3,station
2025-04-01,5.6,6.1,8.0,5.0,5.8,5.2,6.7,5.9,5.0,5.0,6.1,1.14,0.54,69,80,20.2,17.49,0.0,1.0,0.0054,5.6,7.2,7.2,station
2025-04-02,19.6,18.9,20.6,20.7,20.0,19.9,17.8,20.0,20.3,17.9,19.96,0.74,0.78,81,97,29.3,7.89,16.0,0.9999,-0.0118,21.7,21.1,21.1,station
2025-04-03,14.9,14.2,11.5,14.3,11.4,15.1,14.5,14.2,14.4,15.7,13.26,1.67,-1.52,67,73,22.8,14.58,0.0,0.9996,-0.029,13.9,13.3,13.3,station
2025-04-04,8.9,8.0,8.3,8.6,9.5,9.7,8.1,10.2,9.1,10.3,8.66,0.58,-0.82,78,79,13.4,11.15,1.7,0.9989,-0.0462,8.9,8.9,8.9,station
2025-04-05,11.4,10.1,11.0,11.8,13.2,12.8,9.9,11.4,11.3,11.1,11.5,1.14,0.2,78,100,17.2,13.1,7.5,0.998,-0.0634,12.6,12.2,12.2,station
2025-04-06,7.9,8.6,11.1,6.8,8.8,10.5,9.3,9.6,8.2,9.0,8.64,1.58,-0.68,58,60,14.2,21.5,0.0,0.9968,-0.0805,8.7,9.4,9.4,station
2025-04-07,3.5,3.7,3.9,3.5,6.2,3.1,4.3,5.5,3.3,3.6,4.16,1.15,0.2,64,56,23.2,13.48,0.5,0.9952,-0.0977,6.3,6.1,6.1,station
2025-04-08,4.5,4.5,4.6,5.0,6.2,4.3,3.4,6.1,3.9,4.5,4.96,0.72,0.52,56,5,9.7,24.43,0.0,0.9934,-0.1148,5.2,7.2,7.2,station
2025-04-09,5.0,5.2,6.8,5.8,7.5,6.5,5.2,4.8,4.8,10.6,6.06,1.07,-0.32,73,91,15.2,9.97,2.0,0.9913,-0.1319,8.7,5.6,5.6,station
2025-04-10,6.1,6.1,8.1,6.7,6.8,8.3,7.0,6.2,9.9,6.0,6.76,0.82,-0.72,89,81,15.3,13.32,0.5,0.9889,-0.1489,6.4,6.1,6.1,station
2025-04-11,10.2,9.5,9.5,9.2,10.4,8.9,9.1,9.0,8.4,9.1,9.76,0.51,0.86,70,16,13.6,24.17,0.0,0.9861,-0.1659,9.3,11.1,11.1,station
2025-04-12,14.0,15.7,16.7,15.4,16.7,14.3,15.2,14.9,14.6,14.6,15.7,1.12,0.98,63,28,9.9,24.24,0.0,0.9831,-0.1828,14.4,16.1,16.1,station
2025-04-13,14.1,17.7,18.2,15.4,18.4,14.8,17.4,17.5,14.2,16.8,16.76,1.91,0.62,58,99,20.9,13.91,2.3,0.9799,-0.1997,16.4,17.8,17.8,station
2025-04-14,16.1,15.5,17.2,17.5,19.3,15.9,15.8,16.0,16.7,16.6,17.12,1.46,0.92,57,59,26.7,21.39,0.0,0.9763,-0.2165,16.2,17.8,17.8,station
2025-04-15,9.5,10.7,7.9,11.9,11.6,9.5,11.3,12.2,12.0,11.5,10.32,1.64,-0.98,61,62,27.9,13.31,0.8,0.9724,-0.2333,10.1,12.2,12.2,station
2025-04-16,10.4,11.1,11.8,10.6,12.5,10.6,11.6,13.0,11.5,11.2,11.28,0.87,-0.3,67,39,10.1,25.15,0.0,0.9683,-0.25,9.3,10.0,10.0,station
2025-04-17,19.1,20.4,20.1,16.2,20.1,17.7,18.8,15.8,17.4,16.9,19.18,1.74,1.86,55,70,24.2,14.38,0.0,0.9638,-0.2666,19.2,17.8,17.8,station
2025-04-18,26.7,24.7,27.6,25.4,26.7,25.9,24.5,25.9,26.6,28.8,26.22,1.16,-0.12,65,87,26.0,13.94,1.1,0.9591,-0.2831,27.0,24.4,24.4,station
2025-04-19,16.7,17.2,17.6,18.1,16.9,16.9,15.8,14.4,16.8,16.7,17.3,0.56,1.18,77,95,22.2,9.85,0.5,0.9541,-0.2996,17.1,16.1,16.1,station
2025-04-20,14.1,15.8,10.2,12.2,14.1,10.7,11.9,12.9,10.9,13.4,13.28,2.14,1.32,74,96,21.3,12.6,10.2,0.9488,-0.316,13.8,14.4,14.4,station
2025-04-21,16.2,15.8,16.7,14.8,15.9,15.1,13.6,17.2,15.8,16.4,15.88,0.7,0.26,73,73,31.4,15.2,11.7,0.9432,-0.3322,16.3,15.6,15.6,station
2025-04-22,19.3,21.0,24.5,19.5,21.5,15.8,19.4,23.2,19.5,16.2,21.16,2.09,2.34,74,57,15.4,20.47,5.2,0.9373,-0.3484,22.1,22.8,22.8,station
2025-04-23,23.0,23.4,21.7,22.6,23.1,20.3,23.2,23.4,21.1,22.8,22.76,0.66,0.6,74,78,9.9,19.1,2.6,0.9312,-0.3645,22.7,24.4,24.4,station
2025-04-24,19.2,22.3,22.4,22.1,21.3,17.4,21.1,24.1,23.0,20.7,21.46,1.34,0.2,69,64,12.2,25.21,0.0,0.9248,-0.3804,21.5,23.9,23.9,station
2025-04-25,16.2,15.7,16.5,14.5,14.7,19.9,15.1,20.6,22.6,24.0,15.52,0.89,-4.92,74,85,16.9,19.67,0.1,0.9181,-0.3963,15.6,15.0,15.0,station
2025-04-26,11.0,11.7,11.4,10.5,11.4,11.9,12.1,10.8,10.8,11.6,11.2,0.46,-0.24,69,59,17.7,23.52,0.0,0.9112,-0.412,11.5,11.7,11.7,station
2025-04-27,19.0,19.4,20.4,19.1,20.4,17.4,18.3,20.2,19.6,16.7,19.66,0.69,1.22,63,13,11.0,26.59,0.0,0.9039,-0.4276,19.4,20.6,20.6,station
2025-04-28,26.0,27.9,27.8,26.8,29.5,26.4,27.2,24.9,25.6,25.9,27.6,1.32,1.6,53,62,28.7,23.16,0.0,0.8965,-0.4431,27.9,28.9,28.9,station
2025-04-29,22.5,25.5,23.4,23.7,25.7,22.5,25.1,21.7,24.4,25.0,24.16,1.39,0.42,57,79,27.1,22.25,0.0,0.8887,-0.4585,24.2,25.0,25.0,station
2025-04-30,18.1,15.9,15.3,16.3,14.9,16.3,15.0,13.6,14.8,13.9,16.1,1.24,1.38,61,86,11.4,13.1,0.2,0.8807,-0.4737,16.9,16.1,16.1,station
2025-05-01,21.4,17.4,16.9,17.6,19.4,18.2,15.5,14.2,15.5,19.0,18.54,1.86,2.06,83,90,23.8,13.31,21.5,0.8724,-0.4888,20.8,19.4,19.4,station
2025-05-02,13.3,12.4,15.1,15.8,15.3,15.0,13.2,19.9,14.9,18.3,14.38,1.45,-1.88,85,85,11.7,14.48,2.7,0.8639,-0.5037,12.5,13.9,13.9,station
2025-05-03,11.5,11.3,9.1,10.5,12.5,10.4,11.5,10.0,12.6,12.1,10.98,1.27,-0.34,77,33,18.1,26.45,0.0,0.8551,-0.5185,10.5,11.7,11.7,station
2025-05-04,12.5,13.1,14.4,11.5,13.8,13.5,14.5,12.7,12.9,8.7,13.06,1.13,0.6,76,100,18.6,14.14,5.9,0.846,-0.5331,13.3,15.0,15.0,station
2025-05-05,15.0,14.8,14.8,15.3,14.5,13.5,14.5,16.7,12.6,14.3,14.88,0.29,0.56,82,84,15.7,17.38,1.1,0.8367,-0.5476,16.3,15.0,15.0,station
2025-05-06,20.3,22.7,23.3,22.2,24.5,19.7,21.9,18.3,21.3,21.7,22.6,1.55,2.02,73,47,16.2,25.76,0.0,0.8272,-0.5619,22.4,25.0,25.0,station
2025-05-07,19.2,23.3,21.4,22.0,25.3,18.7,22.9,19.5,22.4,19.9,22.24,2.26,1.56,74,84,17.5,25.19,0.0,0.8174,-0.5761,21.0,23.3,23.3,station
2025-05-08,12.6,13.3,13.5,12.2,14.2,13.3,14.3,13.4,13.5,14.1,13.16,0.78,-0.56,68,31,20.6,27.66,0.0,0.8074,-0.59,12.9,13.9,13.9,station
2025-05-09,16.3,17.8,17.9,16.3,17.9,16.3,17.6,17.4,16.1,15.5,17.24,0.86,0.66,48,16,10.0,29.36,0.0,0.7971,-0.6038,17.0,18.9,18.9,station
2025-05-10,18.2,21.9,23.7,20.6,22.8,20.8,25.1,23.0,21.7,23.3,21.44,2.14,-1.34,42,2,17.4,27.8,0.0,0.7866,-0.6175,21.1,22.8,22.8,station
2025-05-11,23.2,22.5,21.6,19.5,22.8,21.7,22.3,21.8,19.0,20.4,21.92,1.48,0.88,50,0,12.5,28.59,0.0,0.7759,-0.6309,22.1,21.7,21.7,station
2025-05-12,27.1,25.7,27.1,23.1,26.9,26.0,26.3,23.5,22.2,22.7,25.98,1.71,1.84,49,75,13.3,25.76,6.4,0.7649,-0.6442,26.3,26.1,26.1,station
2025-05-13,27.3,24.2,25.9,22.4,25.7,22.8,22.6,23.4,22.5,24.2,25.1,1.87,2.0,74,79,12.2,23.83,0.9,0.7537,-0.6572,26.3,25.6,25.6,station
2025-05-14,26.4,25.9,25.1,22.7,26.7,26.0,24.5,26.6,23.2,24.6,25.36,1.61,0.38,78,73,11.6,22.55,1.1,0.7423,-0.6701,25.7,26.1,26.1,station
2025-05-15,28.7,29.6,33.7,32.9,33.5,31.9,29.2,33.0,32.3,31.3,31.68,2.35,0.14,68,49,28.1,21.59,9.5,0.7306,-0.6828,34.8,33.9,33.9,station
2025-05-16,30.7,29.1,29.8,29.2,29.6,27.6,28.8,30.5,31.2,30.6,29.68,0.64,-0.06,51,35,26.9,26.53,1.2,0.7188,-0.6952,27.7,30.0,30.0,station
2025-05-17,17.8,17.1,19.0,20.0,21.9,18.8,17.1,17.0,20.4,20.2,19.16,1.89,0.46,60,86,25.2,14.66,0.3,0.7067,-0.7075,18.3,21.7,21.7,station
2025-05-18,16.0,16.5,14.2,16.2,16.9,16.4,16.7,17.8,17.6,19.5,15.96,1.04,-1.64,75,38,13.8,20.44,0.2,0.6945,-0.7195,15.5,17.2,17.2,station
2025-05-19,11.5,11.9,13.8,12.7,13.4,10.7,11.7,15.1,12.6,13.2,12.66,0.97,0.0,79,95,18.9,17.63,0.0,0.682,-0.7314,11.1,12.8,12.8,station
2025-05-20,13.3,12.2,14.4,13.2,14.1,13.4,11.8,11.4,13.1,13.1,13.44,0.86,0.88,87,100,24.5,7.61,15.6,0.6693,-0.743,13.6,13.3,13.3,station
2025-05-21,11.5,10.7,14.9,12.5,11.7,11.3,10.8,12.0,13.8,13.9,12.26,1.61,-0.1,90,100,13.6,6.59,3.9,0.6564,-0.7544,12.6,11.1,11.1,station
2025-05-22,13.0,13.9,13.1,13.9,15.2,11.3,14.5,14.5,12.8,13.8,13.82,0.88,0.44,81,83,14.6,15.21,1.7,0.6433,-0.7656,12.7,13.3,13.3,station
2025-05-23,15.7,16.7,17.6,15.7,18.6,15.7,16.7,14.5,15.1,16.4,16.86,1.25,1.18,75,41,15.2,25.67,0.0,0.6301,-0.7765,16.4,17.2,17.2,station
2025-05-24,16.6,18.0,15.0,17.4,18.1,15.4,17.5,15.9,17.8,17.8,17.02,1.28,0.14,72,46,12.3,26.26,0.0,0.6166,-0.7873,16.1,17.8,17.8,station
2025-05-25,18.5,18.6,17.7,17.8,19.2,17.5,19.0,16.3,17.4,17.7,18.36,0.62,0.78,68,62,10.3,21.21,0.5,0.603,-0.7978,17.1,18.9,18.9,station
2025-05-26,17.2,19.2,18.4,18.2,19.1,17.0,19.1,17.0,17.4,17.7,18.42,0.81,0.78,65,71,12.5,28.66,0.0,0.5892,-0.808,17.3,18.9,18.9,station
2025-05-27,18.7,18.6,19.8,15.7,18.7,16.3,16.6,17.6,16.4,15.8,18.3,1.53,1.76,62,93,13.5,16.43,0.0,0.5752,-0.818,18.5,19.4,19.4,station
2025-05-28,15.3,15.9,16.1,14.1,15.0,15.3,16.1,13.8,14.8,14.0,15.28,0.79,0.48,78,77,12.1,13.36,8.5,0.561,-0.8278,16.9,16.1,16.1,station
2025-05-29,21.5,20.6,20.4,21.0,22.6,20.4,21.1,19.1,19.9,19.9,21.22,0.88,1.14,73,74,9.3,20.35,0.5,0.5467,-0.8373,21.6,21.1,21.1,station
2025-05-30,24.1,25.3,25.9,22.9,26.6,23.9,24.9,24.5,23.2,26.2,24.96,1.47,0.42,62,36,21.5,21.28,3.0,0.5322,-0.8466,24.5,22.8,22.8,station
2025-05-31,18.0,17.5,17.7,16.3,18.0,19.5,18.6,20.3,16.4,17.1,17.5,0.7,-0.88,49,3,13.9,30.36,0.0,0.5176,-0.8556,17.5,17.2,17.2,station
2025-06-01,22.9,21.9,21.7,20.0,24.9,22.6,22.9,24.6,21.1,21.4,22.28,1.8,-0.24,40,2,12.0,30.27,0.0,0.5028,-0.8644,20.7,20.6,20.6,station
2025-06-02,30.8,30.6,29.2,29.2,29.9,31.4,31.4,28.5,29.9,30.5,29.94,0.75,-0.4,33,19,14.9,29.71,0.0,0.4878,-0.8729,30.7,28.9,28.9,station
2025-06-03,31.3,31.1,31.3,29.5,31.8,32.2,31.4,29.8,31.0,32.3,31.0,0.88,-0.34,52,76,30.1,23.76,2.1,0.4728,-0.8812,31.7,30.6,30.6,station
2025-06-04,26.3,23.3,23.3,23.4,23.3,22.7,20.9,20.2,24.7,22.9,23.92,1.33,1.64,87,96,19.5,9.89,23.2,0.4575,-0.8892,23.3,22.2,22.2,station
2025-06-05,21.6,22.4,22.9,22.6,23.7,21.0,23.7,23.8,24.2,21.5,22.64,0.76,-0.2,79,61,12.9,27.59,0.0,0.4422,-0.8969,21.1,22.2,22.2,station
2025-06-06,22.1,22.6,25.5,24.1,24.8,22.5,21.7,24.4,22.9,22.2,23.82,1.44,1.08,63,57,11.3,28.27,0.0,0.4267,-0.9044,22.5,25.0,25.0,station
2025-06-07,22.8,22.8,26.3,23.0,25.7,23.1,22.2,22.9,23.5,22.4,24.12,1.73,1.3,65,73,11.5,21.76,0.6,0.4111,-0.9116,23.0,25.0,25.0,station
2025-06-08,25.3,25.7,25.6,26.0,28.7,25.3,23.8,24.9,26.9,28.1,26.26,1.39,0.46,72,59,25.8,24.05,6.1,0.3953,-0.9185,26.4,26.1,26.1,station
2025-06-09,19.9,22.2,22.6,21.2,21.4,20.9,22.5,23.0,22.5,22.6,21.46,1.04,-0.84,65,26,19.6,26.24,8.1,0.3795,-0.9252,21.6,21.1,21.1,station
2025-06-10,23.6,25.8,23.9,24.8,26.7,24.3,26.4,24.0,25.3,27.4,24.96,1.3,-0.52,57,14,21.8,26.04,0.0,0.3635,-0.9316,24.7,25.6,25.6,station
2025-06-11,31.8,32.6,32.1,32.0,33.7,31.2,32.3,30.1,32.6,33.0,32.44,0.76,0.6,50,42,21.3,28.58,0.0,0.3474,-0.9377,32.8,33.3,33.3,station
2025-06-12,27.7,26.0,29.5,23.4,25.2,31.0,25.3,27.0,25.1,24.3,26.36,2.34,-0.18,59,92,14.0,22.14,0.5,0.3312,-0.9436,27.4,26.1,26.1,station
2025-06-13,28.2,23.2,27.7,27.4,29.5,26.1,23.5,25.2,26.8,25.3,27.2,2.38,1.82,83,100,11.1,9.29,19.0,0.3149,-0.9491,22.1,21.1,21.1,station
2025-06-14,23.0,22.9,25.1,23.0,25.1,25.5,23.0,24.4,25.0,23.6,23.82,1.17,-0.48,81,47,12.3,26.31,0.0,0.2986,-0.9544,22.6,23.9,23.9,station
2025-06-15,26.0,25.8,28.3,26.9,28.0,28.5,27.0,25.5,26.8,25.6,27.0,1.13,0.32,72,77,9.9,26.83,0.0,0.2821,-0.9594,25.8,27.8,27.8,station
2025-06-16,29.1,28.5,30.5,30.4,31.0,29.8,28.6,28.0,30.7,27.9,29.9,1.05,0.9,65,50,10.8,27.55,0.1,0.2656,-0.9641,29.3,30.6,30.6,station
2025-06-17,31.2,31.3,32.1,31.1,33.2,31.6,30.4,33.0,32.8,32.1,31.78,0.89,-0.2,70,50,15.6,26.95,4.7,0.2489,-0.9685,32.3,33.3,33.3,station
2025-06-18,25.9,24.5,24.3,24.7,26.0,26.2,23.9,25.1,24.2,24.3,25.08,0.81,0.34,85,99,14.5,12.84,31.2,0.2322,-0.9727,26.7,27.2,27.2,station
2025-06-19,27.1,28.7,28.7,28.6,28.6,27.2,28.3,26.5,28.6,27.3,28.34,0.69,0.76,82,56,13.8,23.96,18.0,0.2155,-0.9765,26.8,28.9,28.9,station
2025-06-20,27.1,28.0,28.0,28.0,29.2,27.7,27.5,28.4,28.4,28.5,28.06,0.75,-0.04,73,48,19.7,21.04,0.0,0.1986,-0.9801,27.4,29.4,29.4,station
2025-06-21,33.1,34.7,34.4,34.8,35.0,33.1,34.4,34.9,35.6,33.6,34.4,0.76,0.08,69,17,27.4,28.52,0.0,0.1818,-0.9833,33.5,34.4,34.4,station
2025-06-22,35.1,35.0,34.8,34.9,37.0,34.9,34.9,35.2,35.1,35.6,35.36,0.92,0.22,63,3,23.5,28.81,0.0,0.1648,-0.9863,34.6,34.4,34.4,station
2025-06-23,36.2,35.6,35.2,34.9,36.4,36.6,35.8,35.0,35.2,35.9,35.66,0.64,-0.04,56,10,23.1,28.5,0.0,0.1478,-0.989,35.4,34.4,34.4,station
2025-06-24,34.4,31.8,33.6,31.0,34.2,37.5,32.3,34.6,33.5,30.3,33.0,1.52,-0.64,72,72,14.5,20.76,18.1,0.1308,-0.9914,34.7,33.9,33.9,station
2025-06-25,29.5,28.1,28.9,27.7,30.5,30.7,27.7,29.0,27.7,27.3,28.94,1.12,0.46,86,80,12.8,20.53,8.1,0.1137,-0.9935,28.2,30.6,30.6,station
2025-06-26,33.1,33.6,34.7,31.8,33.6,34.1,33.4,33.8,33.9,32.3,33.36,1.05,-0.14,77,41,16.1,25.23,11.6,0.0966,-0.9953,31.8,34.4,34.4,station
2025-06-27,30.7,30.4,31.4,29.8,31.1,28.0,30.0,31.3,28.1,27.5,30.68,0.62,1.7,78,50,19.5,23.03,2.5,0.0795,-0.9968,29.0,30.6,30.6,station
2025-06-28,29.2,28.4,31.1,30.6,33.4,32.1,31.1,31.9,29.9,30.3,30.54,1.93,-0.52,77,17,9.4,27.95,0.0,0.0623,-0.9981,29.0,31.1,31.1,station
2025-06-29,32.0,32.4,35.5,33.6,35.9,31.0,32.4,34.4,34.5,32.3,33.88,1.77,0.96,74,30,12.4,26.4,1.4,0.0451,-0.999,32.4,33.9,33.9,station
2025-06-30,30.4,30.5,33.3,28.5,31.7,29.3,29.0,29.8,29.0,27.6,30.88,1.77,1.94,72,63,13.9,24.0,1.5,0.028,-0.9996,30.9,32.2,32.2,station
2025-07-01,29.6,30.0,30.8,29.2,29.8,29.1,30.2,28.9,28.6,27.4,29.88,0.59,1.04,58,13,14.9,28.03,0.0,0.0108,-0.9999,30.8,30.6,30.6,station
2025-07-02,30.9,31.8,32.7,30.9,32.6,31.1,31.7,30.4,31.7,30.2,31.78,0.88,0.76,52,28,18.8,26.25,0.1,-0.0065,-1.0,32.5,32.8,32.8,station
2025-07-03,32.6,32.4,33.6,32.8,33.1,31.5,32.3,32.1,31.5,31.1,32.9,0.47,1.2,48,11,12.4,27.03,0.0,-0.0237,-0.9997,34.7,33.9,33.9,station
2025-07-04,34.9,33.0,34.5,33.1,33.6,34.9,34.1,33.8,33.7,33.2,33.82,0.85,-0.12,66,61,11.9,20.03,7.6,-0.0408,-0.9992,30.6,32.8,32.8,station
2025-07-05,33.2,33.9,35.2,32.5,35.4,35.9,34.8,33.9,33.2,35.0,34.04,1.25,-0.52,54,25,22.1,27.32,0.0,-0.058,-0.9983,33.8,34.4,34.4,station
2025-07-06,29.2,27.9,31.1,27.4,30.5,27.1,27.7,26.7,26.5,28.0,29.22,1.6,2.02,81,77,18.4,14.77,11.1,-0.0752,-0.9972,28.7,28.9,28.9,station
2025-07-07,25.4,26.0,26.8,26.7,28.0,25.8,26.6,26.9,27.1,25.9,26.58,0.98,0.12,77,58,10.5,28.48,0.0,-0.0923,-0.9957,24.6,27.8,27.8,station
2025-07-08,28.4,28.1,32.5,30.7,30.1,28.1,28.7,30.8,29.4,27.2,29.96,1.8,1.12,77,84,11.5,22.01,3.7,-0.1094,-0.994,28.7,27.2,27.2,station
2025-07-09,27.0,28.1,30.4,28.4,28.1,29.4,29.2,28.5,31.1,28.6,28.4,1.24,-0.96,86,35,10.4,24.35,1.2,-0.1265,-0.992,26.7,28.9,28.9,station
2025-07-10,28.1,27.4,30.1,29.8,30.1,28.0,27.6,30.7,27.7,27.1,29.1,1.26,0.88,78,76,11.3,26.89,3.3,-0.1436,-0.9896,27.1,28.9,28.9,station
2025-07-11,29.7,28.5,31.9,30.8,31.9,29.3,28.5,33.2,33.9,32.9,30.56,1.47,-1.0,82,95,15.5,22.42,23.3,-0.1606,-0.987,30.8,32.2,32.2,station
2025-07-12,28.2,27.7,29.4,28.3,29.5,27.1,28.4,28.5,29.2,28.5,28.62,0.79,0.28,77,59,15.7,22.93,0.9,-0.1775,-0.9841,28.4,28.3,28.3,station
2025-07-13,26.6,27.1,30.8,28.7,29.2,26.9,28.0,27.0,27.7,27.9,28.48,1.69,0.98,71,79,12.2,24.15,0.0,-0.1944,-0.9809,27.3,27.2,27.2,station
2025-07-14,28.9,29.8,32.4,29.9,32.6,29.0,30.0,30.9,31.0,31.0,30.72,1.67,0.34,68,0,9.0,29.17,0.0,-0.2113,-0.9774,29.8,30.6,30.6,station
2025-07-15,31.0,31.5,33.9,32.3,34.5,31.4,31.1,33.0,32.5,33.2,32.64,1.51,0.4,66,19,14.2,25.27,0.7,-0.2281,-0.9736,32.9,32.2,32.2,station
2025-07-16,32.1,31.0,35.0,32.0,34.4,31.4,31.1,32.7,32.6,30.6,32.9,1.71,1.22,73,50,21.6,24.16,5.9,-0.2448,-0.9696,32.9,31.7,31.7,station
2025-07-17,24.7,23.3,24.1,23.8,26.1,25.9,23.1,24.6,23.6,24.0,24.4,1.08,0.16,78,76,14.8,12.54,0.6,-0.2614,-0.9652,22.3,21.7,21.7,station
2025-07-18,27.8,26.0,26.5,25.3,28.5,30.0,24.7,28.7,25.3,26.1,26.82,1.31,-0.14,72,21,6.3,24.91,0.0,-0.278,-0.9606,27.1,26.1,26.1,station
2025-07-19,28.8,26.9,32.9,28.2,27.7,30.5,27.7,30.0,28.5,28.3,28.9,2.34,-0.1,79,68,17.9,13.17,2.7,-0.2945,-0.9557,28.9,28.3,28.3,station
2025-07-20,25.0,23.2,25.3,24.4,25.2,23.8,23.2,23.5,24.8,23.0,24.62,0.87,0.96,84,74,14.9,14.64,9.0,-0.3109,-0.9505,23.6,23.9,23.9,station
2025-07-21,26.7,25.0,28.9,27.2,28.1,27.6,25.4,28.7,26.9,25.8,27.18,1.48,0.3,71,68,11.2,27.53,0.0,-0.3272,-0.945,27.2,27.2,27.2,station
2025-07-22,30.0,30.0,32.7,30.9,32.7,29.0,29.3,32.2,30.5,30.3,31.26,1.36,1.0,62,73,12.7,24.08,0.0,-0.3434,-0.9392,32.1,30.0,30.0,station
2025-07-23,34.7,33.9,36.2,34.0,36.6,33.8,33.3,34.7,34.3,35.5,35.08,1.25,0.76,64,34,19.8,24.56,0.1,-0.3595,-0.9332,34.1,33.9,33.9,station
2025-07-24,33.8,31.8,35.6,32.3,34.2,32.2,33.2,35.4,32.5,35.9,33.54,1.53,-0.3,73,56,19.0,21.22,5.8,-0.3755,-0.9268,35.2,32.8,32.8,station
2025-07-25,28.5,28.2,30.8,27.0,29.2,28.3,28.0,30.1,25.7,26.1,28.74,1.4,1.1,88,92,10.9,17.85,2.7,-0.3914,-0.9202,27.7,27.8,27.8,station
2025-07-26,28.3,26.5,26.2,25.7,29.1,26.9,27.9,27.6,28.9,26.7,27.16,1.46,-0.44,87,97,12.7,13.19,2.4,-0.4071,-0.9134,28.7,28.3,28.3,station
2025-07-27,30.6,30.6,32.1,32.9,34.3,30.8,30.9,34.2,32.8,31.0,32.1,1.58,0.16,84,27,9.0,24.06,1.0,-0.4228,-0.9062,30.2,30.6,30.6,station
2025-07-28,32.5,31.6,34.5,33.6,35.9,32.8,32.9,35.6,34.7,34.7,33.62,1.68,-0.52,83,31,9.7,21.65,3.4,-0.4383,-0.8988,31.1,32.2,32.2,station
2025-07-29,32.4,32.5,35.6,33.1,34.8,33.1,31.4,36.3,33.0,32.1,33.68,1.44,0.5,72,69,11.6,24.88,0.2,-0.4537,-0.8912,33.1,33.3,33.3,station
2025-07-30,27.3,25.4,31.1,27.8,31.2,27.7,25.4,26.9,25.9,25.9,28.56,2.53,2.2,88,99,16.8,9.4,32.5,-0.469,-0.8832,25.6,26.1,26.1,station
2025-07-31,22.0,23.3,25.2,23.8,24.9,21.1,23.5,23.9,24.0,21.4,23.84,1.29,1.06,72,34,19.1,26.85,1.9,-0.4841,-0.875,22.3,23.9,23.9,station
2025-08-01,23.7,24.5,24.9,23.8,25.4,22.5,24.4,24.9,23.0,22.6,24.46,0.72,0.98,65,38,14.6,25.82,0.1,-0.4991,-0.8666,23.1,23.3,23.3,station
2025-08-02,26.0,26.6,26.9,25.7,26.9,25.9,26.9,26.7,25.3,24.8,26.42,0.54,0.5,59,54,10.6,27.36,0.0,-0.5139,-0.8578,25.6,25.6,25.6,station
2025-08-03,27.3,27.3,27.3,26.6,28.3,27.8,27.8,27.4,27.0,27.1,27.36,0.61,-0.06,61,13,13.3,27.22,0.0,-0.5286,-0.8489,26.2,26.1,26.1,station
2025-08-04,28.7,27.2,28.6,26.9,28.8,29.3,28.2,28.3,28.3,27.9,28.04,0.91,-0.36,63,92,12.8,22.59,0.0,-0.5431,-0.8397,27.6,26.1,26.1,station
2025-08-05,29.5,28.5,29.0,27.6,29.5,29.9,28.6,28.5,28.0,26.6,28.82,0.8,0.5,64,3,12.5,26.81,0.0,-0.5575,-0.8302,28.8,27.8,27.8,station
2025-08-06,31.6,30.5,32.2,29.7,31.5,32.6,30.4,32.0,29.5,30.9,31.1,0.99,0.02,61,43,9.4,22.83,0.0,-0.5717,-0.8205,32.8,30.0,30.0,station
2025-08-07,33.0,32.2,34.3,30.3,33.8,33.3,32.4,33.7,31.5,32.3,32.72,1.57,0.08,67,67,17.1,21.0,0.9,-0.5857,-0.8105,32.5,32.2,32.2,station
2025-08-08,32.2,33.1,34.8,32.2,34.4,31.1,32.1,33.3,33.3,32.0,33.34,1.22,0.98,65,35,18.1,24.39,0.3,-0.5996,-0.8003,34.2,33.3,33.3,station
2025-08-09,33.6,33.8,36.0,34.5,35.6,34.1,33.7,34.7,34.0,34.7,34.7,1.07,0.46,61,40,21.5,24.35,0.1,-0.6132,-0.7899,33.7,34.4,34.4,station
2025-08-10,32.6,31.8,34.2,29.9,31.2,32.8,29.3,31.7,32.4,34.0,31.94,1.6,-0.1,68,87,18.2,19.49,2.0,-0.6267,-0.7792,32.4,31.7,31.7,station
2025-08-11,31.0,30.6,34.2,27.8,30.7,31.1,29.8,32.6,32.5,31.6,30.86,2.27,-0.66,68,73,14.2,23.69,8.5,-0.64,-0.7683,32.2,31.7,31.7,station
2025-08-12,29.3,29.0,27.4,25.1,29.6,26.0,28.4,29.6,26.7,25.5,28.08,1.87,0.84,86,93,16.7,17.51,10.2,-0.6532,-0.7572,29.7,28.9,28.9,station
2025-08-13,28.7,29.1,28.8,28.3,28.6,28.3,28.9,28.9,27.8,28.7,28.7,0.29,0.18,72,31,11.6,23.17,0.0,-0.6661,-0.7459,29.4,30.0,30.0,station
2025-08-14,28.6,28.7,28.5,27.6,29.8,27.5,28.3,27.8,26.8,28.5,28.64,0.78,0.86,65,0,10.5,25.49,0.0,-0.6788,-0.7343,28.4,27.8,27.8,station
2025-08-15,33.1,32.4,34.4,31.6,34.9,32.3,32.2,33.5,31.9,33.2,33.28,1.37,0.66,59,37,12.7,23.59,0.0,-0.6914,-0.7225,34.4,32.2,32.2,station
2025-08-16,32.9,28.5,37.4,32.1,35.5,35.2,28.8,33.6,34.0,37.1,33.28,3.4,-0.46,63,79,16.4,19.9,1.8,-0.7037,-0.7105,35.2,34.4,34.4,station
2025-08-17,26.6,24.9,24.0,27.4,27.0,35.1,26.5,30.5,32.2,27.2,25.98,1.46,-4.32,79,81,12.7,14.5,0.1,-0.7158,-0.6983,26.5,27.2,27.2,station
2025-08-18,28.4,26.8,33.5,29.8,31.2,31.1,27.9,34.2,32.1,29.9,29.94,2.57,-1.1,84,82,17.5,16.33,9.7,-0.7277,-0.6859,30.3,30.0,30.0,station
2025-08-19,26.9,25.5,24.6,26.4,25.1,31.1,26.9,32.9,30.7,28.0,25.7,0.94,-4.22,87,82,13.2,14.35,1.4,-0.7394,-0.6733,25.8,25.0,25.0,station
2025-08-20,24.4,23.6,23.2,25.0,24.9,24.5,23.9,25.7,24.7,24.0,24.22,0.79,-0.34,82,21,16.0,20.42,0.2,-0.7509,-0.6605,23.6,23.9,23.9,station
2025-08-21,23.9,24.0,25.1,24.3,25.5,24.3,24.2,25.7,24.7,25.3,24.56,0.71,-0.28,80,30,15.0,19.76,0.0,-0.7621,-0.6474,23.7,23.9,23.9,station
2025-08-22,26.5,26.7,27.3,26.6,29.3,27.5,26.5,30.5,26.1,28.6,27.28,1.17,-0.56,73,59,8.7,19.62,0.0,-0.7731,-0.6342,27.3,27.2,27.2,station
2025-08-23,27.1,28.7,29.4,25.8,29.2,28.7,28.5,28.4,26.9,26.5,28.04,1.54,0.24,67,40,20.3,22.35,0.6,-0.7839,-0.6208,27.7,28.3,28.3,station
2025-08-24,22.6,23.7,22.7,22.0,23.7,23.7,23.9,22.3,21.9,22.5,22.94,0.74,0.08,60,10,19.7,22.25,0.0,-0.7945,-0.6073,23.6,22.2,22.2,station
2025-08-25,20.8,22.2,21.3,20.0,22.0,21.0,22.5,20.6,19.8,20.1,21.26,0.9,0.46,59,39,15.5,19.62,0.0,-0.8048,-0.5935,20.9,20.0,20.0,station
2025-08-26,22.1,23.6,22.3,21.8,23.8,22.0,23.4,22.2,20.7,20.8,22.72,0.91,0.9,56,17,13.8,20.55,0.4,-0.8149,-0.5796,22.1,23.3,23.3,station
2025-08-27,25.0,25.4,25.3,23.9,25.5,24.2,25.8,24.2,24.3,24.4,25.02,0.65,0.44,58,24,17.3,19.81,0.0,-0.8248,-0.5655,25.4,23.9,23.9,station
2025-08-28,23.7,24.3,24.5,23.6,25.6,24.5,23.2,25.3,23.1,24.4,24.34,0.8,0.24,77,46,12.8,20.54,4.5,-0.8344,-0.5512,24.2,23.9,23.9,station
2025-08-29,21.2,20.5,22.0,20.2,21.5,19.3,21.2,21.5,19.1,20.7,21.08,0.73,0.72,71,61,11.4,21.83,0.3,-0.8437,-0.5368,20.9,20.6,20.6,station
2025-08-30,22.4,21.7,20.9,22.7,24.2,20.5,22.7,24.9,23.2,21.9,22.38,1.23,-0.26,80,69,7.6,14.31,4.4,-0.8528,-0.5222,21.1,22.2,22.2,station
2025-08-31,24.3,24.0,25.3,24.2,25.2,24.2,24.4,25.4,24.6,23.2,24.6,0.6,0.24,71,4,10.4,22.71,0.0,-0.8617,-0.5074,23.3,23.3,23.3,station
2025-09-01,24.6,25.1,25.7,25.2,26.4,24.6,25.4,26.0,25.2,25.2,25.4,0.68,0.12,70,1,8.9,22.9,0.0,-0.8703,-0.4925,23.9,24.4,24.4,station
2025-09-02,25.9,26.0,27.0,26.3,27.7,26.5,26.3,27.8,26.4,26.1,26.58,0.76,-0.04,71,20,6.5,20.79,0.0,-0.8786,-0.4775,26.5,26.7,26.7,station
2025-09-03,22.4,21.7,25.2,22.2,25.4,21.3,22.2,21.2,21.3,25.0,23.38,1.77,1.18,76,83,18.3,9.17,9.9,-0.8867,-0.4623,20.9,21.1,21.1,station
2025-09-04,17.6,18.6,19.2,18.1,19.2,18.3,19.0,19.4,19.2,19.5,18.54,0.7,-0.54,65,34,15.2,21.88,0.0,-0.8945,-0.447,18.3,18.9,18.9,station
2025-09-05,18.1,18.9,18.5,18.3,18.6,17.9,18.4,18.5,16.6,17.6,18.48,0.3,0.68,60,55,22.6,17.1,0.1,-0.9021,-0.4315,18.2,18.9,18.9,station
2025-09-06,17.9,19.3,17.1,17.6,19.8,17.7,19.4,18.2,17.8,18.9,18.34,1.15,-0.06,61,35,19.8,16.53,0.0,-0.9094,-0.4159,18.2,20.0,20.0,station
2025-09-07,18.8,19.8,19.9,18.4,20.5,19.0,20.0,19.8,18.4,20.3,19.48,0.86,-0.02,64,12,13.9,20.88,0.0,-0.9164,-0.4002,19.1,20.0,20.0,station
2025-09-08,21.6,22.3,23.5,21.9,22.9,22.2,22.5,23.7,21.2,22.5,22.44,0.77,0.02,62,0,8.5,22.27,0.0,-0.9232,-0.3844,21.1,21.7,21.7,station
2025-09-09,23.4,24.2,25.8,23.7,25.6,23.9,24.8,26.9,22.8,24.4,24.54,1.1,-0.02,58,73,10.4,20.63,0.0,-0.9296,-0.3685,23.2,23.3,23.3,station
2025-09-10,26.8,26.5,28.4,26.4,29.6,26.1,25.2,29.0,25.4,27.3,27.54,1.41,0.94,60,29,8.9,21.16,0.0,-0.9358,-0.3524,26.9,27.8,27.8,station
2025-09-11,27.1,26.2,25.8,26.6,27.6,27.7,27.0,28.2,26.7,27.8,26.66,0.71,-0.82,74,3,11.8,20.5,0.0,-0.9418,-0.3363,25.0,25.0,25.0,station
2025-09-12,29.1,28.4,29.3,29.1,31.0,29.1,28.6,31.9,29.0,30.8,29.38,0.97,-0.5,65,39,9.8,20.57,0.0,-0.9474,-0.32,29.2,28.9,28.9,station
2025-09-13,26.0,23.8,32.0,23.5,26.4,26.1,24.2,29.4,26.0,33.0,26.34,3.42,-1.4,72,70,12.9,15.24,20.0,-0.9528,-0.3037,26.9,25.6,25.6,station
2025-09-14,25.6,26.9,27.7,27.1,27.7,24.8,27.5,28.6,27.2,26.9,27.0,0.86,0.0,79,4,11.3,20.01,0.0,-0.9579,-0.2873,26.0,27.8,27.8,station
2025-09-15,28.3,28.1,28.7,28.7,29.0,26.3,27.7,31.2,27.5,27.7,28.56,0.36,0.48,67,0,11.3,20.61,0.0,-0.9627,-0.2707,27.1,28.3,28.3,station
2025-09-16,28.4,28.1,28.5,28.5,28.8,27.8,28.1,31.5,28.9,28.4,28.46,0.25,-0.48,65,11,11.5,20.31,0.0,-0.9672,-0.2541,28.6,27.8,27.8,station
2025-09-17,28.8,28.7,29.0,28.9,29.9,28.4,28.4,30.5,28.8,28.7,29.06,0.48,0.1,67,11,8.6,20.25,0.0,-0.9714,-0.2375,28.2,27.8,27.8,station
2025-09-18,30.4,29.4,30.6,30.6,31.4,29.8,29.7,31.7,30.2,29.6,30.48,0.72,0.28,65,19,10.0,19.58,0.0,-0.9753,-0.2207,30.1,30.6,30.6,station
2025-09-19,29.7,28.5,29.9,29.9,31.1,31.5,27.3,31.3,30.9,28.6,29.82,0.92,-0.1,61,58,8.0,16.54,2.8,-0.979,-0.2039,30.4,31.7,31.7,station
2025-09-20,25.7,24.2,29.6,24.4,27.5,26.6,25.3,30.0,25.3,25.6,26.28,2.28,-0.28,80,77,10.3,14.34,14.4,-0.9824,-0.187,25.6,25.0,25.0,station
2025-09-21,25.3,25.4,23.6,23.5,26.8,23.4,25.3,27.3,23.2,21.3,24.92,1.38,0.82,86,95,14.2,12.63,6.1,-0.9854,-0.1701,24.3,27.2,27.2,station
2025-09-22,23.3,25.2,26.9,24.1,28.2,23.4,24.9,26.7,26.8,23.0,25.54,2.01,0.58,85,64,13.0,13.32,0.0,-0.9882,-0.1531,24.8,27.2,27.2,station
2025-09-23,24.1,24.3,27.2,23.7,23.8,23.1,25.0,28.9,25.3,20.4,24.62,1.46,0.08,87,81,12.5,12.36,2.9,-0.9907,-0.1361,24.1,25.0,25.0,station
2025-09-24,20.2,20.6,22.2,22.3,22.7,20.2,21.0,20.3,22.9,23.0,21.6,1.12,0.12,85,63,16.2,15.59,0.0,-0.9929,-0.1191,20.5,22.8,22.8,station
2025-09-25,22.0,21.8,24.6,23.1,24.0,21.9,22.6,24.5,23.1,22.7,23.1,1.22,0.14,84,25,11.0,15.37,0.0,-0.9948,-0.102,22.3,24.4,24.4,station
2025-09-26,27.1,28.2,28.3,27.1,28.1,26.3,27.7,26.7,26.1,26.2,27.76,0.61,1.16,74,0,10.8,18.35,0.0,-0.9964,-0.0848,26.0,28.3,28.3,station
2025-09-27,29.0,30.4,30.2,29.2,29.7,28.2,30.0,29.6,28.4,28.1,29.7,0.61,0.84,62,8,13.7,18.21,0.0,-0.9977,-0.0677,28.6,30.6,30.6,station
2025-09-28,24.9,26.6,25.4,25.1,26.9,24.2,28.4,29.0,27.5,26.2,25.78,0.91,-1.28,70,0,9.4,17.82,0.0,-0.9987,-0.0505,24.4,26.1,26.1,station
2025-09-29,30.6,30.2,31.6,29.9,30.3,29.9,30.7,30.7,29.5,29.8,30.52,0.65,0.4,71,0,9.7,17.79,0.0,-0.9994,-0.0333,29.8,31.1,31.1,station
2025-09-30,27.4,27.9,26.6,26.8,27.2,27.4,28.2,26.5,26.1,26.5,27.18,0.51,0.24,70,28,11.2,17.81,0.0,-0.9999,-0.0161,27.0,27.2,27.2,station
2025-10-01,24.4,24.9,25.1,24.0,24.6,24.0,25.0,24.7,23.8,23.7,24.6,0.43,0.36,70,99,11.5,15.53,0.0,-1.0,0.0011,23.4,24.4,24.4,station
2025-10-02,28.5,27.2,29.2,27.6,28.5,28.4,27.4,29.0,27.9,26.8,28.2,0.8,0.3,58,73,10.0,16.58,0.0,-0.9998,0.0183,28.2,28.9,28.9,station
2025-10-03,30.5,31.5,31.6,30.4,31.3,30.3,31.2,31.5,29.9,29.8,31.06,0.57,0.52,58,5,11.2,16.37,0.0,-0.9994,0.0355,31.2,31.1,31.1,station
2025-10-04,29.6,31.2,31.1,30.2,30.6,29.8,31.5,30.5,29.9,31.0,30.54,0.66,0.0,58,3,17.4,16.23,0.0,-0.9986,0.0527,29.4,30.6,30.6,station
2025-10-05,28.3,29.1,28.7,28.1,29.0,28.6,29.3,29.5,28.0,28.6,28.64,0.43,-0.16,50,25,20.2,16.77,0.0,-0.9976,0.0698,28.8,28.9,28.9,station
2025-10-06,27.9,27.7,29.1,27.4,29.6,28.8,27.8,29.2,26.5,29.5,28.34,0.96,-0.02,70,51,16.1,13.74,12.2,-0.9962,0.087,28.3,28.3,28.3,station
2025-10-07,18.9,18.0,17.9,19.4,18.8,19.5,18.5,19.5,19.1,21.4,18.6,0.64,-1.0,81,64,16.8,8.68,19.3,-0.9946,0.1041,18.3,18.9,18.9,station
2025-10-08,16.6,16.9,14.4,15.7,17.7,15.9,16.4,16.9,16.6,16.8,16.26,1.26,-0.26,69,21,10.4,14.34,0.2,-0.9926,0.1212,17.1,16.7,16.7,station
2025-10-09,16.0,17.5,16.1,17.0,16.8,16.1,17.8,19.4,17.1,15.9,16.68,0.63,-0.58,71,2,7.7,16.62,0.0,-0.9904,0.1383,16.2,17.2,17.2,station
2025-10-10,17.3,18.4,18.2,15.8,20.3,17.5,18.1,21.4,16.3,18.0,18.0,1.64,-0.26,71,55,13.9,10.25,0.2,-0.9879,0.1553,18.8,18.9,18.9,station
2025-10-11,17.5,18.0,17.9,18.6,19.6,17.8,18.1,17.5,18.0,18.9,18.32,0.82,0.26,73,33,14.2,13.45,0.1,-0.9851,0.1722,17.8,18.9,18.9,station
2025-10-12,19.3,19.9,20.3,19.6,21.3,20.4,20.5,21.9,21.4,20.9,20.08,0.78,-0.94,76,19,10.7,15.56,0.0,-0.9819,0.1892,18.9,20.6,20.6,station
2025-10-13,19.3,21.8,19.9,20.1,22.4,21.4,20.6,19.8,20.1,23.5,20.7,1.33,-0.38,75,87,9.0,7.66,0.2,-0.9785,0.206,19.0,20.0,20.0,station
2025-10-14,20.0,19.7,18.6,19.9,20.9,19.6,20.4,21.1,19.1,20.9,19.82,0.82,-0.4,80,69,12.1,11.38,0.0,-0.9749,0.2228,19.8,20.0,20.0,station
2025-10-15,16.0,14.8,16.2,15.3,16.2,16.0,17.1,16.2,17.2,17.1,15.7,0.62,-1.02,83,99,12.1,4.5,3.6,-0.9709,0.2396,15.0,16.1,16.1,station
2025-10-16,18.2,17.8,18.4,17.3,20.2,18.5,18.7,21.0,18.6,18.6,18.38,1.1,-0.7,71,38,10.6,14.07,0.0,-0.9666,0.2562,18.8,20.0,20.0,station
2025-10-17,22.0,23.3,24.5,21.7,23.4,21.8,23.3,24.7,21.3,21.2,22.98,1.14,0.52,62,77,16.9,11.58,0.0,-0.9621,0.2728,22.8,23.3,23.3,station
2025-10-18,22.3,22.9,23.3,23.3,23.7,20.3,19.3,22.6,20.7,23.2,23.1,0.53,1.88,81,91,18.9,8.86,11.4,-0.9572,0.2893,23.2,22.2,22.2,station
2025-10-19,16.1,15.5,15.7,16.9,17.4,16.2,16.0,17.4,17.0,15.5,16.32,0.81,-0.1,75,68,25.3,6.2,15.1,-0.9521,0.3057,15.6,15.0,15.0,station
2025-10-20,17.0,18.6,15.0,16.9,16.1,17.0,18.7,19.6,17.0,14.6,16.72,1.32,-0.66,64,17,20.4,14.39,0.9,-0.9467,0.3221,17.5,18.3,18.3,station
2025-10-21,12.1,11.9,11.2,12.2,11.7,12.7,12.8,16.3,12.8,12.9,11.82,0.4,-1.68,76,51,26.6,10.72,3.1,-0.941,0.3383,12.3,11.7,11.7,station
2025-10-22,10.1,10.2,7.7,10.0,10.4,11.0,10.7,10.5,10.8,9.0,9.68,1.12,-0.72,70,95,26.0,5.72,0.0,-0.9351,0.3545,9.7,10.0,10.0,station
2025-10-23,10.6,10.7,9.2,9.0,10.2,10.9,11.4,11.4,9.9,10.0,9.94,0.79,-0.78,70,15,16.8,12.12,0.0,-0.9288,0.3705,10.7,11.7,11.7,station
2025-10-24,10.3,10.9,10.6,10.7,11.1,10.7,11.8,12.2,10.1,11.1,10.72,0.3,-0.46,73,8,8.2,14.05,0.0,-0.9223,0.3864,10.4,11.7,11.7,station
2025-10-25,10.3,11.6,11.2,12.3,12.5,11.1,11.6,10.9,11.5,11.3,11.58,0.89,0.3,77,54,8.9,8.11,0.1,-0.9155,0.4022,11.8,12.2,12.2,station
2025-10-26,13.0,14.5,13.4,13.7,13.3,13.3,14.7,15.2,14.0,13.2,13.58,0.57,-0.5,74,1,14.5,13.22,0.0,-0.9085,0.4179,13.1,14.4,14.4,station
2025-10-27,12.3,13.6,13.0,13.0,13.3,11.2,12.9,13.3,11.2,11.5,13.04,0.48,1.02,73,23,15.9,13.31,0.0,-0.9012,0.4335,12.7,13.3,13.3,station
2025-10-28,13.0,13.9,14.4,13.7,13.2,12.5,13.8,14.6,13.3,14.4,13.64,0.56,-0.08,71,72,17.1,10.92,0.0,-0.8936,0.4489,13.2,13.9,13.9,station
2025-10-29,11.7,12.7,12.4,12.0,12.6,11.3,12.4,13.0,11.9,12.1,12.28,0.42,0.14,73,42,22.9,12.34,0.0,-0.8857,0.4642,12.4,12.8,12.8,station
2025-10-30,12.9,13.1,13.4,12.8,13.6,12.3,12.8,13.8,12.7,13.4,13.16,0.34,0.16,73,22,13.7,11.94,0.0,-0.8776,0.4794,13.0,13.9,13.9,station
2025-10-31,11.2,12.3,11.1,11.3,11.6,11.3,12.1,12.6,12.2,11.6,11.5,0.48,-0.46,76,56,15.3,10.26,0.5,-0.8692,0.4944,11.3,11.1,11.1,station
2025-11-01,9.6,9.7,8.0,9.3,9.3,8.8,10.0,9.8,8.6,9.4,9.18,0.68,-0.14,77,64,8.8,8.97,0.8,-0.8606,0.5093,10.2,10.0,10.0,station
2025-11-02,10.7,11.5,11.0,10.5,11.4,11.1,11.3,10.9,11.2,10.7,11.02,0.43,-0.02,75,58,18.5,11.19,0.5,-0.8517,0.524,11.4,11.1,11.1,station
2025-11-03,13.3,15.0,14.9,13.9,13.3,13.7,14.9,15.4,13.5,13.0,14.08,0.83,-0.02,57,22,17.9,12.34,0.8,-0.8426,0.5386,15.1,16.1,16.1,station
2025-11-04,15.3,16.6,17.0,15.5,15.4,14.3,15.2,16.6,14.5,13.1,15.96,0.78,1.22,53,53,16.2,10.56,0.0,-0.8332,0.553,16.1,16.7,16.7,station
2025-11-05,14.0,15.8,14.8,14.6,15.1,13.5,15.4,14.2,14.0,16.6,14.86,0.66,0.12,62,30,18.5,10.84,0.0,-0.8235,0.5672,15.5,15.6,15.6,station
2025-11-06,12.6,14.2,14.2,13.1,13.5,11.6,13.5,13.4,12.8,13.0,13.52,0.7,0.66,53,73,20.7,10.55,0.0,-0.8137,0.5813,14.1,15.0,15.0,station
2025-11-07,15.4,17.0,14.4,16.0,15.5,15.2,15.8,19.0,16.9,16.0,15.66,0.95,-0.92,65,59,22.0,11.28,2.6,-0.8035,0.5952,16.9,17.2,17.2,station
2025-11-08,8.5,9.6,9.0,8.5,9.5,7.3,8.1,9.6,10.5,9.2,9.02,0.53,0.08,79,100,14.3,2.53,9.8,-0.7932,0.609,9.8,8.9,8.9,station
2025-11-09,2.4,3.4,4.3,4.2,4.5,3.2,2.6,4.7,5.2,4.1,3.76,0.87,-0.2,76,88,20.8,5.14,9.1,-0.7826,0.6225,2.9,2.2,2.2,station
2025-11-10,-0.6,0.4,0.2,1.0,1.7,1.7,1.1,0.5,1.1,-0.8,0.54,0.86,-0.18,73,57,23.2,10.12,2.3,-0.7718,0.6359,-0.3,1.7,1.7,station
2025-11-11,3.0,3.3,6.1,4.2,3.6,2.4,2.5,3.8,2.8,2.5,4.04,1.23,1.24,73,73,16.6,6.84,0.0,-0.7607,0.6491,3.4,5.6,5.6,station
2025-11-12,9.5,11.2,11.1,10.0,9.8,7.8,10.8,9.6,9.5,8.4,10.32,0.78,1.1,63,41,20.7,10.92,0.0,-0.7494,0.6621,11.5,12.8,12.8,station
2025-11-13,11.8,12.1,12.2,11.2,11.2,10.5,12.1,13.3,10.7,9.5,11.7,0.48,0.48,65,55,13.1,9.69,0.0,-0.7379,0.6749,11.4,12.2,12.2,station
2025-11-14,16.2,18.4,18.0,17.0,18.0,15.3,18.3,16.0,16.2,18.0,17.52,0.9,0.76,69,27,14.8,10.18,0.0,-0.7262,0.6875,17.2,18.9,18.9,station
2025-11-15,19.1,20.1,19.8,19.9,19.7,17.6,17.8,19.6,17.9,21.0,19.72,0.38,0.94,71,66,20.9,7.89,0.0,-0.7143,0.6998,20.8,21.1,21.1,station
2025-11-16,8.4,10.4,9.0,8.6,9.1,7.8,9.0,11.1,8.0,7.5,9.1,0.78,0.42,41,0,19.3,10.67,0.0,-0.7021,0.712,10.2,8.9,8.9,station
2025-11-17,7.4,8.8,8.6,7.4,8.0,7.8,9.2,8.4,7.6,7.2,8.04,0.65,0.0,54,42,9.7,9.41,0.0,-0.6898,0.724,8.2,8.3,8.3,station
2025-11-18,5.7,5.5,5.4,6.0,6.5,6.4,6.5,6.2,5.6,5.9,5.82,0.44,-0.3,85,100,16.8,2.03,6.2,-0.6772,0.7358,5.8,6.1,6.1,station
2025-11-19,7.9,6.8,6.3,7.3,7.5,7.5,6.1,7.6,6.3,6.7,7.16,0.62,0.32,83,100,11.3,4.01,0.1,-0.6645,0.7473,7.6,7.8,7.8,station
2025-11-20,11.6,8.9,7.8,9.9,10.4,12.0,9.9,13.4,11.2,12.5,9.72,1.45,-2.08,89,100,13.4,3.86,0.0,-0.6515,0.7586,9.0,8.9,8.9,station
2025-11-21,8.6,8.8,8.0,8.4,10.0,8.4,8.6,10.6,8.6,9.4,8.76,0.75,-0.36,88,100,7.7,3.86,0.4,-0.6384,0.7697,8.1,8.9,8.9,station
2025-11-22,8.7,9.8,7.9,8.2,9.5,8.8,10.1,9.9,8.9,7.8,8.82,0.82,-0.28,75,40,17.4,7.23,0.0,-0.625,0.7806,8.4,8.9,8.9,station
2025-11-23,10.7,12.5,10.6,10.8,12.1,10.2,11.6,11.6,10.2,10.5,11.34,0.89,0.52,71,3,13.4,9.58,0.0,-0.6115,0.7912,11.7,12.8,12.8,station
2025-11-24,10.5,10.3,7.1,7.8,11.3,11.5,12.1,11.8,10.1,12.6,9.4,1.84,-2.22,81,87,13.3,5.54,1.4,-0.5978,0.8016,9.8,10.0,10.0,station
2025-11-25,11.1,10.6,10.3,10.1,10.1,11.6,10.4,11.5,9.9,12.9,10.44,0.42,-0.82,90,100,20.6,4.17,12.0,-0.584,0.8118,11.5,10.6,10.6,station
2025-11-26,8.1,6.1,7.6,9.2,9.6,8.8,7.2,8.7,9.4,10.1,8.12,1.39,-0.72,65,97,35.8,3.08,0.2,-0.5699,0.8217,6.6,3.9,3.9,station
2025-11-27,-0.4,-0.3,-0.5,-0.3,0.4,-1.7,-0.8,0.3,-0.5,-2.0,-0.22,0.36,0.72,62,78,22.2,7.46,0.1,-0.5557,0.8314,0.2,0.6,0.6,station
2025-11-28,-0.8,-1.1,-1.1,-1.4,-0.4,-1.2,-1.4,-1.0,-1.8,-2.4,-0.96,0.38,0.6,59,40,16.1,9.06,0.0,-0.5413,0.8408,0.0,-0.6,-0.6,station
2025-11-29,-2.0,-1.3,-1.3,-1.7,-0.9,-1.8,-1.0,-1.5,-2.2,-2.5,-1.44,0.42,0.36,84,100,19.9,2.39,16.7,-0.5268,0.85,-1.3,-0.6,-0.6,station
2025-11-30,-1.1,-1.1,-0.0,-0.6,0.6,-0.8,-0.8,-1.4,-0.9,-1.8,-0.44,0.74,0.7,88,58,21.6,7.35,3.6,-0.5121,0.859,0.5,0.6,0.6,station
2025-12-01,-4.8,-2.7,-1.5,-2.0,-1.8,-4.7,-3.2,-3.3,-2.9,-3.6,-2.56,1.33,0.98,92,98,9.4,6.04,3.2,-0.4972,0.8676,-3.2,-1.1,-1.1,station
2025-12-02,-5.5,-4.4,-5.4,-4.6,-4.4,-6.4,-5.5,-3.9,-4.5,-6.2,-4.86,0.55,0.44,92,98,14.6,6.8,0.7,-0.4822,0.8761,-4.5,-5.0,-5.0,station
2025-12-03,-0.9,-1.7,-1.4,-0.1,-1.4,-0.6,-1.5,-0.2,-0.1,-0.4,-1.1,0.63,-0.54,87,99,19.7,3.74,1.1,-0.4671,0.8842,-1.1,-1.1,-1.1,station
2025-12-04,-9.9,-7.6,-7.8,-8.4,-6.3,-9.1,-7.1,-8.3,-7.1,-11.6,-8.0,1.31,0.64,65,24,13.8,9.43,0.0,-0.4518,0.8921,-8.3,-6.7,-6.7,station
2025-12-05,-5.0,-3.0,-2.3,-3.0,-4.6,-4.4,-2.1,-3.1,-3.3,-7.1,-3.58,1.16,0.42,79,70,20.7,5.54,0.0,-0.4364,0.8998,-3.7,-1.7,-1.7,station
2025-12-06,-2.4,-1.9,-1.5,-1.4,-1.6,-2.4,-2.1,-1.5,-1.7,-4.4,-1.76,0.4,0.66,84,90,16.8,5.44,0.0,-0.4208,0.9071,-0.8,0.0,0.0,station
2025-12-07,-2.4,-1.5,-0.9,-0.2,-1.8,-6.6,-4.5,-4.0,-3.2,-6.5,-1.36,0.84,3.6,85,83,17.1,7.46,8.6,-0.4052,0.9142,-1.5,-1.1,-1.1,station
2025-12-08,-6.9,-4.6,-4.1,-3.7,-3.8,-6.9,-4.5,-4.9,-3.7,-6.7,-4.62,1.32,0.72,82,87,14.9,8.21,0.2,-0.3894,0.9211,-5.4,-3.3,-3.3,station
2025-12-09,2.5,3.2,3.0,1.3,3.2,3.2,2.1,0.5,1.9,1.6,2.64,0.8,0.78,87,84,23.2,7.06,3.4,-0.3735,0.9276,2.8,3.3,3.3,station
2025-12-10,3.3,4.4,3.4,3.3,4.0,3.5,3.4,3.2,3.4,2.1,3.68,0.5,0.56,84,91,24.9,5.38,3.1,-0.3575,0.9339,3.7,4.4,4.4,station
2025-12-11,-4.6,-3.3,-4.1,-3.1,-2.7,-7.2,-2.9,-3.6,-3.4,-6.9,-3.56,0.77,1.24,76,88,9.3,6.79,0.0,-0.3413,0.9399,-3.4,-2.8,-2.8,station
2025-12-12,-2.3,-3.2,-3.2,-1.7,-0.6,-2.4,-3.6,-1.4,-3.2,-3.9,-2.2,1.1,0.7,80,88,15.7,7.5,0.1,-0.3251,0.9457,-1.2,-0.6,-0.6,station
2025-12-13,-3.7,-3.3,-6.0,-4.2,-4.7,-6.7,-4.6,-6.7,-4.7,-7.4,-4.38,1.05,1.64,66,83,20.4,3.89,0.7,-0.3088,0.9511,-3.8,-4.4,-4.4,station
2025-12-14,-14.7,-13.0,-14.3,-11.4,-11.4,-15.4,-14.8,-10.9,-11.4,-13.1,-12.96,1.56,0.16,63,24,17.6,8.74,0.0,-0.2924,0.9563,-13.2,-12.8,-12.8,station
2025-12-15,-6.2,-5.3,-5.5,-5.3,-7.6,-5.6,-6.7,-4.3,-5.3,-7.5,-5.98,0.98,-0.1,69,86,19.1,6.42,0.0,-0.2759,0.9612,-6.5,-6.1,-6.1,station
2025-12-16,1.2,3.1,1.5,1.4,2.6,1.8,3.0,1.7,0.9,1.4,1.96,0.84,0.2,78,51,21.3,8.06,0.2,-0.2593,0.9658,2.4,4.4,4.4,station
2025-12-17,2.6,5.4,2.3,2.7,4.6,2.6,4.7,2.0,3.1,2.7,3.52,1.39,0.5,79,53,20.2,7.8,0.3,-0.2427,0.9701,4.8,6.1,6.1,station
2025-12-18,9.8,11.4,10.7,8.2,11.2,8.2,10.7,8.7,7.7,9.2,10.26,1.31,1.36,86,100,29.1,1.46,6.8,-0.226,0.9741,10.9,10.6,10.6,station
2025-12-19,-5.1,-5.6,-5.9,-6.5,-5.3,-4.4,-4.2,-2.3,-4.5,-6.3,-5.68,0.55,-1.34,53,75,27.6,8.1,0.1,-0.2092,0.9779,-6.2,-4.4,-4.4,station
2025-12-20,4.5,3.8,3.9,1.4,4.3,5.3,3.6,4.1,2.8,4.8,3.58,1.25,-0.54,57,77,24.3,3.12,0.0,-0.1923,0.9813,4.5,4.4,4.4,station
2025-12-21,-1.3,-1.7,-1.4,-2.2,-2.3,-2.4,-2.9,-0.8,-2.4,-2.7,-1.78,0.45,0.46,49,16,23.1,8.27,0.0,-0.1754,0.9845,-0.6,0.6,0.6,station
2025-12-22,4.6,6.1,7.6,3.2,5.2,4.1,5.3,4.0,1.8,3.5,5.34,1.65,1.6,59,99,15.6,2.39,0.1,-0.1585,0.9874,5.1,6.7,6.7,station
2025-12-23,8.2,9.1,9.6,8.0,10.9,7.5,8.7,6.1,6.5,11.4,9.16,1.17,1.12,78,77,11.3,7.48,0.0,-0.1414,0.9899,9.3,11.7,11.7,station
2025-12-24,5.6,5.8,7.5,5.0,8.3,4.9,5.5,4.6,4.8,6.8,6.44,1.39,1.12,82,88,9.6,5.29,1.5,-0.1244,0.9922,5.9,7.8,7.8,station
2025-12-25,4.5,5.5,6.4,4.4,7.3,4.0,5.3,4.3,4.7,6.6,5.62,1.24,0.64,86,99,15.3,5.95,0.0,-0.1073,0.9942,5.0,6.1,6.1,station
2025-12-26,8.1,7.3,9.0,7.8,11.9,7.7,7.2,8.5,6.7,14.3,8.82,1.83,-0.06,89,100,14.9,3.17,3.9,-0.0902,0.9959,8.4,8.3,8.3,station
2025-12-27,7.1,6.7,6.4,7.0,7.1,8.6,6.6,6.4,6.3,9.4,6.86,0.3,-0.6,90,99,12.8,4.4,0.1,-0.073,0.9973,6.2,6.1,6.1,station
2025-12-28,12.0,11.9,12.3,12.1,14.1,14.0,10.2,14.0,14.7,17.5,12.48,0.92,-1.6,94,100,28.0,1.07,33.6,-0.0559,0.9984,11.7,13.3,13.3,station
2025-12-29,-3.7,-4.0,-2.9,-1.8,-1.4,-4.9,-3.8,-2.3,3.2,-4.6,-2.76,1.14,-0.28,74,100,31.4,4.42,2.1,-0.0387,0.9993,-4.1,-4.4,-4.4,station
2025-12-30,-3.6,-2.7,-4.4,-4.9,-5.4,-4.0,-1.8,-1.8,-4.1,-6.3,-4.2,1.07,-0.6,78,81,14.9,4.96,2.3,-0.0215,0.9998,-4.3,-5.6,-5.6,station
2025-12-31,1.5,1.8,-0.0,0.9,1.3,-3.5,-0.2,-0.5,0.5,-0.3,1.1,0.7,1.9,87,92,20.3,3.19,2.3,-0.0043,1.0,1.3,,,
2026-01-01,-7.9,-6.4,-6.9,-6.2,-8.1,-8.1,-7.2,-6.2,-7.0,-9.3,-7.1,0.86,0.46,69,79,12.5,3.24,0.5,0.0172,0.9999,-7.2,-6.7,-6.7,station
2026-01-02,-7.0,-5.7,-5.4,-6.0,-4.7,-7.3,-5.9,-4.0,-4.3,-6.7,-5.76,0.84,-0.12,71,59,10.7,8.45,0.0,0.0344,0.9994,-6.2,-4.4,-4.4,station
2026-01-03,-5.0,-3.3,-4.5,-4.2,-3.5,-6.0,-3.1,-2.0,-5.1,-4.2,-4.1,0.7,-0.02,64,99,6.9,2.8,0.0,0.0516,0.9987,-4.5,-3.3,-3.3,station
2026-01-04,-0.5,-0.4,0.2,-1.4,-0.1,-3.1,-0.3,-0.8,-2.1,-3.3,-0.44,0.6,1.48,66,88,16.6,7.81,0.0,0.0688,0.9976,-0.8,1.1,1.1,station
2026-01-05,6.0,4.6,4.2,1.1,8.0,5.5,4.2,2.8,1.5,6.1,4.78,2.54,0.76,79,67,19.3,8.0,0.0,0.0859,0.9963,5.7,6.7,6.7,station
2026-01-06,5.4,6.0,6.0,4.3,7.3,3.2,5.2,4.3,2.8,6.3,5.8,1.09,1.44,90,87,13.3,5.78,3.5,0.103,0.9947,6.5,7.2,7.2,station
2026-01-07,6.6,4.3,6.4,7.5,8.8,6.2,3.8,5.4,6.3,6.8,6.72,1.65,1.02,90,59,15.6,6.44,0.0,0.1201,0.9928,4.8,6.7,6.7,station
2026-01-08,13.5,14.1,14.0,13.4,14.4,13.5,13.2,14.1,14.0,15.1,13.88,0.42,-0.1,83,85,25.6,3.66,31.7,0.1372,0.9905,14.2,15.6,15.6,station
2026-01-09,14.0,14.3,14.3,14.1,14.7,14.0,13.6,14.7,14.6,15.2,14.28,0.27,-0.14,81,66,29.5,6.3,1.3,0.1542,0.988,15.1,15.6,15.6,station
2026-01-10,1.4,2.5,3.1,1.9,2.8,0.5,2.0,3.2,2.2,1.7,2.34,0.69,0.42,84,76,19.7,4.77,4.9,0.1712,0.9852,3.4,4.4,4.4,station
2026-01-11,0.1,-0.9,-0.9,-1.3,1.5,-0.5,-0.8,-0.6,-0.3,-0.0,-0.3,1.13,0.14,67,86,22.5,5.53,0.2,0.1881,0.9821,0.9,0.6,0.6,station
2026-01-12,5.0,3.3,5.7,4.3,4.9,4.4,3.0,3.5,3.7,3.4,4.64,0.9,1.04,75,47,19.5,8.69,0.0,0.205,0.9788,4.2,5.6,5.6,station
2026-01-13,7.9,8.9,9.9,8.9,9.9,8.5,8.6,7.0,8.1,9.4,9.1,0.84,0.78,74,75,21.7,7.8,2.3,0.2218,0.9751,10.0,11.1,11.1,station
2026-01-14,4.6,5.2,5.0,3.8,4.2,3.2,5.2,4.2,3.8,3.8,4.56,0.57,0.52,71,74,26.5,4.58,4.6,0.2385,0.9711,4.8,5.0,5.0,station
2026-01-15,-4.8,-5.6,-4.6,-5.4,-5.3,-3.9,-5.5,-3.6,-5.7,-5.2,-5.14,0.42,-0.36,66,30,16.4,9.97,0.8,0.2552,0.9669,-5.8,-4.4,-4.4,station
2026-01-16,1.3,1.2,0.3,0.9,2.8,1.3,1.8,1.0,0.9,1.7,1.3,0.92,-0.04,81,81,21.2,6.89,3.0,0.2718,0.9624,1.8,2.8,2.8,station
2026-01-17,-4.4,-4.7,-4.4,-2.7,-3.5,-3.8,-6.4,-5.2,-4.0,-5.0,-3.94,0.83,0.94,71,92,23.4,7.45,0.3,0.2883,0.9575,-5.4,-6.1,-6.1,station
2026-01-18,-8.2,-9.3,-7.8,-8.6,-9.1,-8.8,-10.0,-6.7,-9.1,-8.9,-8.6,0.62,0.1,74,97,16.7,8.11,1.1,0.3047,0.9524,-8.3,-7.8,-7.8,station
2026-01-19,-8.4,-9.4,-10.3,-9.7,-9.6,-9.6,-10.2,-7.7,-9.3,-9.5,-9.48,0.69,-0.22,69,63,25.1,10.37,0.7,0.3211,0.9471,-7.7,-7.8,-7.8,station
2026-01-20,-6.7,-7.9,-7.4,-7.6,-6.4,-7.2,-8.0,-7.5,-7.8,-9.5,-7.2,0.63,0.8,67,47,12.1,9.95,0.0,0.3373,0.9414,-7.0,-4.4,-4.4,station
2026-01-21,-3.3,-1.9,-1.4,-3.2,-0.7,-3.1,-3.6,-1.6,-3.4,-2.7,-2.1,1.13,0.78,76,84,24.7,8.11,2.2,0.3534,0.9355,-2.0,-1.7,-1.7,station
2026-01-22,-3.6,-4.0,-5.6,-3.9,-1.8,-5.2,-5.5,-3.3,-5.2,-3.3,-3.78,1.35,0.72,65,34,28.4,8.44,0.7,0.3695,0.9292,-3.1,-4.4,-4.4,station
2026-01-23,-15.9,-14.6,-17.6,-15.0,-13.7,-16.0,-13.4,-14.1,-13.3,-11.3,-15.36,1.48,-1.74,52,39,20.0,11.16,0.0,0.3854,0.9227,-14.6,-16.1,-16.1,station
2026-01-24,-15.6,-14.3,-13.2,-14.3,-16.0,-16.4,-14.6,-12.8,-14.8,-14.7,-14.68,1.13,-0.02,59,100,10.5,6.76,0.9,0.4012,0.916,-15.2,-14.4,-14.4,station
2026-01-25,-10.6,-9.1,-8.7,-9.1,-11.3,-13.2,-10.7,-9.1,-11.5,-11.3,-9.76,1.13,1.4,78,99,19.5,5.19,4.1,0.4169,0.9089,-8.1,-10.0,-10.0,station
2026-01-26,-15.8,-13.8,-13.2,-14.8,-14.7,-17.0,-15.2,-13.2,-14.5,-16.0,-14.46,1.0,0.72,67,44,24.7,11.8,0.0,0.4325,0.9016,-14.2,-12.2,-12.2,station
2026-01-27,-10.9,-10.6,-11.2,-10.7,-10.0,-11.1,-10.9,-9.6,-11.3,-10.0,-10.68,0.44,-0.1,69,49,25.6,10.75,0.0,0.4479,0.8941,-10.0,-10.0,-10.0,station
2026-01-28,-12.0,-11.5,-8.0,-10.1,-11.0,-12.4,-11.7,-9.2,-10.5,-12.8,-10.52,1.57,0.8,70,5,17.9,11.89,0.0,0.4633,0.8862,-10.3,-8.3,-8.3,station
2026-01-29,-11.1,-10.1,-8.3,-9.9,-9.1,-12.6,-10.4,-9.9,-9.6,-10.6,-9.7,1.06,0.92,64,17,9.7,11.84,0.0,0.4784,0.8781,-10.7,-8.3,-8.3,station
2026-01-30,-8.3,-7.8,-7.9,-9.1,-7.1,-8.8,-7.6,-8.4,-11.4,-8.5,-8.04,0.73,0.9,72,84,16.0,7.4,2.2,0.4935,0.8698,-7.3,-7.8,-7.8,station
2026-01-31,-5.9,-3.6,-4.7,-6.2,-6.0,-6.8,-3.7,-4.8,-7.3,-4.1,-5.28,1.11,0.06,80,99,17.8,5.61,0.6,0.5084,0.8611,-5.5,-3.9,-3.9,station
2026-02-01,-5.3,-3.1,-2.4,-3.4,-4.0,-4.6,-2.2,-4.2,-3.7,-5.7,-3.64,1.09,0.44,76,65,14.8,12.12,0.0,0.5231,0.8523,-3.8,-2.2,-2.2,station
2026-02-02,-3.7,-3.0,-2.3,-4.5,-2.6,-4.9,-2.3,-2.2,-2.5,-4.5,-3.22,0.89,0.06,82,100,13.8,5.58,0.1,0.5377,0.8432,-2.6,-2.8,-2.8,station
2026-02-03,-5.4,-3.9,-2.9,-4.3,-1.7,-6.0,-4.3,-3.6,-4.7,-6.6,-3.64,1.41,1.4,80,71,11.9,10.33,0.0,0.5521,0.8338,-2.5,-2.2,-2.2,station
2026-02-04,-3.4,-3.8,-1.6,-3.6,-2.0,-4.5,-4.3,-3.7,-4.2,-4.4,-2.88,1.01,1.34,77,89,8.5,7.04,0.0,0.5664,0.8242,-3.2,-2.8,-2.8,station
2026-02-05,-2.3,-0.7,0.3,-1.6,-0.7,-3.1,-1.0,-1.4,-1.4,-2.7,-1.0,0.99,0.92,79,89,15.6,6.35,0.7,0.5805,0.8143,-1.8,-0.6,-0.6,station
2026-02-06,1.9,2.8,2.6,1.8,4.6,2.0,3.1,1.5,1.9,2.8,2.74,1.13,0.48,82,59,19.7,9.97,3.3,0.5944,0.8042,2.5,3.3,3.3,station
2026-02-07,-5.9,-5.0,-3.1,-5.1,-4.2,-7.2,-4.0,-5.1,-4.8,-7.0,-4.66,1.06,0.96,56,44,15.3,12.71,0.2,0.6081,0.7938,-4.5,-4.4,-4.4,station
2026-02-08,-3.2,-2.4,-1.1,-1.2,-0.6,-2.8,-3.2,-1.4,-2.1,-2.2,-1.7,1.07,0.64,78,33,12.8,12.83,0.6,0.6217,0.7833,-2.7,-1.1,-1.1,station
2026-02-09,2.6,2.4,5.6,1.1,3.3,2.3,1.6,1.5,2.6,3.1,3.0,1.66,0.78,71,82,17.5,10.57,0.0,0.6351,0.7725,2.5,3.3,3.3,station
2026-02-10,5.3,7.0,6.3,3.9,8.1,5.6,5.5,3.2,3.4,5.9,6.12,1.61,1.4,68,55,19.3,11.97,0.0,0.6483,0.7614,8.3,8.3,8.3,station
2026-02-11,3.8,2.5,3.3,1.5,3.9,2.5,2.0,2.5,1.4,2.5,3.0,1.0,0.82,66,10,13.5,13.18,0.0,0.6613,0.7502,4.9,5.6,5.6,station
2026-02-12,1.8,2.6,3.9,3.1,5.5,3.6,4.6,2.4,1.8,5.5,3.38,1.41,-0.2,71,88,7.1,6.58,0.0,0.6741,0.7387,2.9,3.9,3.9,station
2026-02-13,9.0,8.6,11.6,9.6,11.0,8.9,8.0,6.2,9.0,10.3,9.96,1.29,1.48,70,4,14.4,13.13,0.0,0.6867,0.727,10.8,12.2,12.2,station
2026-02-14,9.5,9.7,14.5,10.7,13.2,9.2,9.5,8.0,10.9,11.3,11.52,2.22,1.74,77,78,10.1,10.54,0.0,0.6991,0.715,10.4,10.6,10.6,station
2026-02-15,12.2,11.6,14.5,13.9,14.4,12.4,11.7,12.5,13.4,15.4,13.32,1.33,0.24,72,18,10.9,13.18,0.0,0.7113,0.7029,13.8,15.6,15.6,station
2026-02-16,15.1,14.0,16.4,16.9,16.4,15.1,14.2,16.1,17.1,16.1,15.76,1.19,0.04,74,48,17.2,13.1,0.0,0.7233,0.6906,16.6,18.3,18.3,station
2026-02-17,10.8,11.2,14.2,12.2,13.1,10.6,11.0,9.5,12.6,13.1,12.3,1.39,0.94,82,95,19.5,7.3,4.5,0.735,0.678,12.0,12.8,12.8,station
2026-02-18,14.7,15.4,16.5,16.7,14.8,14.6,14.8,16.9,16.7,15.5,15.62,0.94,-0.08,65,41,25.8,14.26,6.9,0.7466,0.6653,15.6,17.2,17.2,station
2026-02-19,11.2,13.2,11.4,11.0,10.5,11.7,10.0,16.3,11.0,14.5,11.46,1.03,-1.24,68,92,10.7,9.86,5.2,0.7579,0.6523,13.9,14.4,14.4,station
2026-02-20,7.7,8.7,6.5,9.8,10.4,8.7,4.5,10.1,6.9,8.7,8.62,1.57,0.84,80,87,31.5,4.33,2.5,0.769,0.6392,6.6,6.7,6.7,station
2026-02-21,-0.9,-1.3,-0.6,-0.5,1.0,0.7,-0.2,2.6,1.1,-0.5,-0.46,0.87,-1.2,67,96,13.3,5.71,0.4,0.7799,0.6259,-1.0,-2.2,-2.2,station
2026-02-22,-2.8,-3.7,-3.0,-3.2,-2.0,-1.3,-2.9,-1.5,-2.1,-2.9,-2.94,0.62,-0.8,57,100,20.7,9.12,0.2,0.7906,0.6124,-2.9,-2.8,-2.8,station
2026-02-23,-1.8,-3.3,-2.2,-2.8,-2.4,-2.0,-3.5,-2.8,-3.3,-3.1,-2.5,0.57,0.44,56,64,18.0,12.82,0.0,0.801,0.5987,-1.9,-1.7,-1.7,station
2026-02-24,3.4,2.8,7.0,1.8,3.5,4.4,3.3,3.5,2.6,1.0,3.7,1.96,0.74,58,85,22.0,9.95,0.1,0.8112,0.5848,2.8,3.3,3.3,station
2026-02-25,0.9,0.2,0.7,0.8,1.6,0.8,2.1,1.3,0.0,-0.4,0.84,0.5,0.08,60,27,17.1,14.75,0.0,0.8211,0.5708,2.0,2.8,2.8,station
2026-02-26,4.9,3.2,7.2,5.7,6.0,2.7,1.2,4.3,4.2,4.2,5.4,1.48,2.08,61,45,11.0,9.1,0.2,0.8308,0.5566,4.9,5.0,5.0,station
2026-02-27,14.5,13.3,18.7,15.1,16.5,14.7,13.5,15.6,16.1,15.4,15.62,2.07,0.56,64,24,16.7,15.65,0.0,0.8402,0.5422,15.4,18.3,18.3,station
2026-02-28,5.3,7.3,5.7,5.7,6.5,4.7,8.1,6.7,4.7,5.8,6.1,0.8,0.1,64,79,18.3,8.98,0.0,0.8495,0.5277,6.7,6.1,6.1,station
2026-03-01,-1.3,-1.0,-0.1,-1.0,-0.2,-2.1,-1.7,-1.5,-2.5,-1.0,-0.72,0.54,1.04,61,78,16.0,14.05,0.0,0.8584,0.513,-0.6,0.0,0.0,station
2026-03-02,5.0,3.9,7.1,5.1,5.9,5.4,4.3,6.0,3.9,4.5,5.4,1.19,0.58,62,31,9.8,16.71,0.0,0.8671,0.4981,3.5,5.6,5.6,station
2026-03-03,5.3,3.9,5.5,8.2,5.4,7.7,5.0,6.2,4.8,6.8,5.66,1.56,-0.44,79,92,7.9,5.79,0.4,0.8755,0.4831,4.6,5.6,5.6,station
2026-03-04,7.1,6.2,7.2,7.9,10.3,8.2,6.2,5.0,8.2,9.1,7.74,1.55,0.4,90,71,9.4,7.96,7.8,0.8837,0.468,5.6,7.2,7.2,station
2026-03-05,8.8,6.5,7.5,5.8,7.1,6.3,6.3,7.0,5.8,12.1,7.14,1.13,-0.36,96,100,6.7,4.65,0.3,0.8916,0.4527,9.8,10.0,10.0,station
2026-03-06,18.3,17.6,17.5,19.4,21.5,19.2,16.9,21.3,18.1,19.5,18.86,1.66,-0.14,96,100,16.8,5.52,6.9,0.8993,0.4373,17.8,18.3,18.3,station
2026-03-07,17.7,17.5,17.1,18.0,17.8,17.9,16.6,18.2,17.3,18.0,17.62,0.34,0.02,85,100,25.7,5.45,8.6,0.9067,0.4218,17.2,17.8,17.8,station
2026-03-08,15.4,14.3,13.5,14.2,13.9,16.1,14.1,16.8,15.2,13.3,14.26,0.71,-0.84,67,41,21.9,17.46,0.0,0.9138,0.4061,15.6,16.7,16.7,station
2026-03-09,19.3,20.6,22.7,19.1,20.0,19.1,20.4,21.2,18.6,18.2,20.34,1.45,0.84,63,2,20.0,17.55,0.0,0.9207,0.3904,20.9,22.2,22.2,station
2026-03-10,15.3,15.0,14.7,14.8,15.3,18.7,16.1,15.7,12.9,25.9,15.02,0.28,-2.84,92,71,14.4,6.41,1.6,0.9272,0.3745,14.6,16.1,16.1,station
2026-03-11,12.7,7.7,6.2,7.4,7.2,9.0,5.4,12.4,15.2,8.6,8.24,2.56,-1.88,86,78,23.3,4.6,5.5,0.9335,0.3585,5.0,7.8,7.8,station
2026-03-12,7.1,5.9,6.0,6.3,7.7,7.5,5.7,7.1,7.8,6.9,6.6,0.77,-0.4,63,43,19.1,18.07,0.3,0.9396,0.3424,7.0,6.7,6.7,station
2026-03-13,6.8,6.8,4.9,6.5,8.0,7.6,6.2,8.9,7.3,8.4,6.6,1.11,-1.08,54,76,43.6,13.78,1.8,0.9453,0.3261,7.5,8.3,8.3,station
2026-03-14,3.0,2.8,2.5,2.2,2.8,3.3,3.2,4.6,4.7,2.8,2.66,0.31,-1.06,75,92,15.0,4.93,0.7,0.9508,0.3098,1.4,2.2,2.2,station
2026-03-15,14.5,14.9,14.6,14.6,17.5,14.5,14.0,15.1,13.2,19.1,15.22,1.28,0.04,81,100,26.4,5.85,43.9,0.956,0.2934,15.6,16.7,16.7,station
2026-03-16,-0.3,0.2,3.4,0.2,-0.8,0.8,-0.8,1.9,-1.2,1.0,0.54,1.65,0.2,78,99,30.0,13.71,4.8,0.9609,0.2769,-0.2,-0.6,-0.6,station
2026-03-17,-7.1,-5.1,-5.5,-5.8,-4.1,-8.1,-5.0,-6.1,-5.4,-7.0,-5.52,1.09,0.8,60,50,13.9,19.87,0.0,0.9655,0.2604,-5.7,-4.4,-4.4,station
2026-03-18,3.5,3.4,6.8,3.2,4.5,3.8,3.1,2.5,5.1,3.2,4.28,1.5,0.74,76,75,14.6,15.53,0.7,0.9698,0.2437,4.5,7.8,7.8,station
2026-03-19,13.1,10.1,10.2,12.6,17.7,12.6,7.7,10.4,12.0,7.4,12.74,3.09,2.72,76,62,10.3,18.62,5.6,0.9739,0.227,14.9,16.7,16.7,station
2026-03-20,17.5,18.6,18.4,17.9,19.8,16.7,17.3,17.5,17.8,16.8,18.44,0.87,1.22,73,99,15.2,17.61,0.0,0.9777,0.2102,21.1,21.7,21.7,station
2026-03-21,20.0,20.4,25.6,22.5,24.0,20.2,19.9,18.2,20.1,19.6,22.5,2.37,2.9,69,81,18.0,16.64,0.0,0.9811,0.1934,19.9,25.0,25.0,station
2026-03-22,16.5,18.4,14.5,17.0,20.3,15.4,16.7,16.4,16.3,19.7,17.34,2.17,0.44,74,89,27.2,9.44,0.8,0.9843,0.1765,18.0,20.6,20.6,station
2026-03-23,4.9,4.0,4.2,5.7,4.6,4.3,4.2,6.3,7.2,4.9,4.68,0.67,-0.7,63,38,16.0,20.3,0.0,0.9872,0.1595,4.9,5.0,5.0,station
2026-03-24,8.6,8.8,10.6,9.5,10.7,9.3,9.6,11.2,11.7,7.9,9.64,0.98,-0.3,59,86,10.5,15.85,0.0,0.9898,0.1425,9.4,10.6,10.6,station
2026-03-25,18.7,19.1,21.6,19.1,21.4,18.6,18.4,16.7,19.2,17.7,19.98,1.4,1.86,55,87,20.1,19.13,0.0,0.9921,0.1255,19.7,21.7,21.7,station
2026-03-26,17.4,19.4,15.8,20.2,27.4,21.3,15.1,19.4,22.4,26.2,20.04,4.46,-0.84,79,78,22.1,12.57,7.6,0.9941,0.1084,18.9,19.4,19.4,station
2026-03-27,6.3,4.9,2.9,6.6,6.7,6.2,4.4,6.3,6.5,5.8,5.48,1.61,-0.36,69,92,24.1,14.08,0.0,0.9958,0.0913,6.8,6.7,6.7,station
2026-03-28,7.3,7.9,8.1,7.5,8.7,7.9,7.4,9.8,8.5,6.5,7.9,0.55,-0.12,54,26,16.2,22.15,0.0,0.9972,0.0741,7.6,8.9,8.9,station
2026-03-29,12.2,16.9,19.1,15.1,17.8,15.5,16.9,16.7,15.1,15.2,16.22,2.68,0.34,53,83,15.9,17.89,0.0,0.9984,0.057,16.2,17.2,17.2,station
2026-03-30,22.7,25.8,26.4,23.7,27.8,22.4,24.5,23.8,22.4,25.7,25.28,2.06,1.52,60,33,21.6,20.14,4.7,0.9992,0.0398,26.3,26.7,26.7,station
2026-03-31,23.3,22.6,23.9,20.9,20.1,22.0,21.8,24.4,22.0,23.6,22.16,1.61,-0.6,79,99,27.9,7.5,5.5,0.9997,0.0226,20.2,20.0,20.0,station
2026-04-01,4.6,7.1,5.5,5.4,6.2,7.6,9.4,6.3,6.9,5.6,5.76,0.94,-1.4,82,100,21.8,12.39,0.1,1.0,0.0054,4.8,4.4,4.4,station
2026-04-02,18.8,19.7,19.1,18.8,21.5,19.4,19.9,20.7,19.4,20.1,19.58,1.13,-0.32,91,96,24.7,6.53,29.3,0.9999,-0.0118,19.8,21.1,21.1,station
2026-04-03,16.9,15.6,15.2,16.9,17.3,17.4,16.8,16.3,17.2,17.3,16.38,0.92,-0.62,83,90,22.1,15.15,7.4,0.9996,-0.029,16.1,16.7,16.7,station
2026-04-04,16.8,12.1,13.8,16.1,16.1,16.5,10.0,15.4,16.6,16.9,14.98,1.97,-0.1,82,95,24.6,8.07,3.7,0.9989,-0.0462,13.0,11.7,11.7,station
2026-04-05,10.5,10.8,8.4,8.8,10.4,10.3,8.6,11.1,10.1,9.9,9.78,1.1,-0.22,60,48,20.2,20.69,0.0,0.998,-0.0634,10.6,11.7,11.7,station
2026-04-06,8.5,10.0,6.7,8.8,9.2,7.9,9.4,9.5,8.2,9.0,8.64,1.22,-0.16,70,45,22.1,17.71,0.1,0.9968,-0.0805,9.7,10.0,10.0,station
2026-04-07,2.4,2.9,2.6,5.8,5.0,2.0,2.9,4.2,2.9,2.9,3.74,1.55,0.76,62,65,12.9,23.67,0.0,0.9952,-0.0977,3.1,3.3,3.3,station
2026-04-08,18.4,19.9,20.3,19.7,20.9,17.2,17.2,16.9,17.6,16.0,19.84,0.93,2.86,56,71,23.2,20.66,0.1,0.9934,-0.1148,19.5,21.7,21.7,station
2026-04-09,18.9,19.2,19.7,23.7,21.4,16.7,21.9,20.5,16.3,19.9,20.58,1.99,1.52,59,73,24.1,22.32,2.3,0.9913,-0.1319,20.7,21.1,21.1,station
2026-04-10,15.0,10.8,9.7,,14.2,13.7,17.9,11.7,14.3,11.9,12.43,2.57,-1.47,83,83,12.8,10.32,9.0,0.9889,-0.1489,12.1,12.2,12.2,station
2026-04-11,12.6,12.4,11.2,,13.4,13.3,15.1,14.8,15.0,13.0,12.4,0.91,-1.84,73,58,11.1,20.61,0.0,0.9861,-0.1659,12.0,12.8,12.8,station
2026-04-12,24.1,24.1,26.5,,26.9,24.6,20.5,24.6,23.7,25.1,25.4,1.51,1.7,68,100,27.8,16.84,5.4,0.9831,-0.1828,25.4,26.1,26.1,station
2026-04-13,25.0,25.2,22.1,27.2,28.1,24.1,23.9,24.5,26.7,26.3,25.52,2.32,0.42,84,98,23.5,12.01,6.0,0.9799,-0.1997,23.5,25.6,25.6,station
2026-04-14,26.9,26.9,24.4,27.6,28.7,26.1,26.3,26.3,27.9,28.0,26.9,1.58,-0.02,80,92,22.5,17.84,3.2,0.9763,-0.2165,25.8,27.8,27.8,station
2026-04-15,22.0,21.9,23.8,22.4,21.5,22.4,23.3,25.2,22.7,22.6,22.32,0.89,-0.92,89,100,20.3,9.79,48.9,0.9724,-0.2333,21.4,22.2,22.2,station
2026-04-16,21.8,20.6,19.3,22.0,22.8,19.7,19.5,23.4,21.2,20.9,21.3,1.37,0.36,87,88,18.0,14.79,8.2,0.9683,-0.25,22.2,23.3,23.3,station
2026-04-17,25.5,26.8,28.9,26.4,26.1,25.4,26.5,26.7,25.8,25.1,26.74,1.3,0.84,81,97,22.1,18.56,8.6,0.9638,-0.2666,26.3,26.7,26.7,station
2026-04-18,17.5,18.9,16.9,19.1,15.7,18.4,18.7,19.2,19.1,17.6,17.62,1.42,-0.98,65,55,27.3,22.09,8.4,0.9591,-0.2831,17.8,17.2,17.2,station
2026-04-19,8.1,7.6,8.1,9.3,9.5,7.3,7.9,9.7,10.1,8.6,8.52,0.83,-0.2,62,47,22.1,22.17,0.9,0.9541,-0.2996,10.4,8.9,8.9,station
2026-04-20,10.9,12.2,12.6,11.4,13.1,9.8,11.1,13.6,11.6,10.2,12.04,0.89,0.78,62,43,13.1,24.84,0.0,0.9488,-0.316,12.2,13.3,13.3,station
2026-04-21,20.6,24.6,25.9,21.2,23.6,22.4,25.3,22.0,22.6,22.4,23.18,2.25,0.24,66,73,20.2,20.95,0.9,0.9432,-0.3322,22.2,24.4,24.4,station
2026-04-22,20.3,21.3,20.3,21.4,21.0,21.8,21.4,21.4,22.7,25.0,20.86,0.53,-1.6,76,31,14.1,22.92,0.1,0.9373,-0.3484,20.6,22.2,22.2,station
2026-04-23,24.9,27.2,27.6,26.3,29.1,25.0,27.2,26.4,26.8,26.6,27.02,1.56,0.62,67,43,17.5,23.18,0.0,0.9312,-0.3645,26.2,26.7,26.7,station
2026-04-24,21.4,20.6,21.8,21.5,26.0,19.5,20.5,19.9,21.6,22.6,22.26,2.14,1.44,75,95,19.3,12.81,1.2,0.9248,-0.3804,20.0,21.7,21.7,station
2026-04-25,14.8,15.6,13.8,14.7,16.6,15.7,14.6,16.6,15.2,14.2,15.1,1.05,-0.16,82,65,14.7,21.15,0.0,0.9181,-0.3963,13.2,12.8,12.8,station
2026-04-26,17.0,15.6,13.7,15.9,19.7,17.1,17.4,17.7,17.3,16.9,16.38,2.2,-0.9,81,67,14.2,22.27,0.0,0.9112,-0.412,14.7,15.0,15.0,station
2026-04-27,19.8,17.8,18.3,20.1,19.8,20.5,17.5,22.6,19.0,23.0,19.16,1.04,-1.36,85,100,32.0,7.95,17.4,0.9039,-0.4276,19.4,20.0,20.0,station
2026-04-28,17.0,15.8,16.2,17.2,15.2,17.9,15.6,17.9,17.6,17.2,16.28,0.83,-0.96,73,80,22.0,18.06,1.3,0.8965,-0.4431,17.2,17.8,17.8,station
2026-04-29,11.8,12.4,10.6,12.3,11.0,14.2,14.3,14.7,14.0,14.4,11.62,0.79,-2.7,81,76,14.9,13.54,6.6,0.8887,-0.4585,13.0,13.9,13.9,station
2026-04-30,11.8,12.2,10.2,12.0,14.4,12.2,13.0,14.6,14.7,12.7,12.12,1.5,-1.32,79,66,13.6,15.67,4.5,0.8807,-0.4737,11.4,12.2,12.2,station
2026-05-01,7.9,8.0,8.5,8.1,9.1,7.2,8.4,9.6,8.4,8.0,8.32,0.49,0.0,76,63,13.8,20.06,1.7,0.8724,-0.4888,9.5,9.4,9.4,station
2026-05-02,10.5,12.5,12.2,11.6,13.1,9.9,11.9,11.5,11.7,9.9,11.98,0.99,1.0,62,41,15.4,17.91,0.0,0.8639,-0.5037,11.6,13.3,13.3,station
2026-05-03,17.6,19.0,20.1,18.6,18.2,16.8,18.6,17.3,16.4,14.8,18.7,0.94,1.92,60,37,20.8,19.73,0.2,0.8551,-0.5185,18.2,20.0,20.0,station
2026-05-04,23.5,25.4,26.9,24.4,26.6,22.3,25.3,23.9,24.0,23.9,25.36,1.44,1.48,62,28,21.5,26.17,0.0,0.846,-0.5331,24.7,26.1,26.1,station
2026-05-05,14.8,15.4,16.4,15.4,14.7,13.4,16.2,16.2,16.6,15.8,15.34,0.68,-0.3,47,92,15.2,18.34,0.9,0.8367,-0.5476,14.4,16.1,16.1,station
2026-05-06,11.4,13.6,13.7,13.3,15.5,10.9,13.2,13.3,14.5,11.7,13.5,1.46,0.78,48,61,19.5,20.08,0.0,0.8272,-0.5619,13.4,13.9,13.9,station
2026-05-07,13.8,15.4,15.1,14.0,15.5,13.2,15.0,16.4,15.1,14.5,14.76,0.8,-0.08,54,25,25.7,24.38,0.3,0.8174,-0.5761,15.4,15.0,15.0,station
2026-05-08,18.5,19.9,20.2,18.4,21.2,17.4,19.3,16.2,17.7,18.3,19.64,1.19,1.86,57,60,15.3,24.51,0.0,0.8074,-0.59,19.7,18.9,18.9,station
2026-05-09,21.5,23.2,22.9,21.9,22.7,20.8,23.1,20.8,21.0,22.2,22.44,0.71,0.86,54,40,27.4,24.13,0.0,0.7971,-0.6038,23.3,23.9,23.9,station
2026-05-10,15.8,18.2,17.8,16.4,18.0,15.1,17.5,16.6,16.7,18.8,17.24,1.07,0.3,37,30,17.2,23.98,0.0,0.7866,-0.6175,18.2,17.8,17.8,station
2026-05-11,13.2,13.3,12.5,12.9,13.2,12.7,14.1,15.0,13.6,14.2,13.02,0.33,-0.9,44,16,16.7,29.02,0.0,0.7759,-0.6309,13.1,12.8,12.8,station
2026-05-12,22.2,24.3,24.2,20.7,23.8,21.4,23.4,20.8,20.3,24.2,23.04,1.56,1.02,49,65,20.9,18.01,0.6,0.7649,-0.6442,23.1,21.7,21.7,station
2026-05-13,15.5,17.5,16.0,16.5,18.8,15.5,18.0,13.2,17.6,17.2,16.86,1.31,0.56,52,46,18.7,20.62,0.0,0.7537,-0.6572,18.1,14.4,14.4,station
2026-05-14,19.8,19.3,18.7,18.5,18.4,19.2,19.3,19.5,19.4,17.9,18.94,0.59,-0.12,45,23,12.4,29.99,0.0,0.7423,-0.6701,19.6,18.9,18.9,station
2026-05-15,23.9,24.2,23.2,20.1,24.8,23.5,22.9,21.1,21.5,22.4,23.24,1.85,0.96,47,51,21.0,23.84,0.0,0.7306,-0.6828,23.8,23.9,23.9,station
2026-05-16,26.9,27.5,27.0,28.7,28.1,27.2,28.2,26.7,27.8,30.4,27.64,0.76,-0.42,63,81,16.9,23.44,3.2,0.7188,-0.6952,28.5,28.3,28.3,station
2026-05-17,27.7,27.4,30.7,29.0,30.1,27.3,28.8,27.8,27.5,30.8,28.98,1.44,0.54,60,88,27.6,18.63,0.9,0.7067,-0.7075,30.3,30.0,30.0,station
2026-05-18,26.2,24.5,27.8,26.3,26.8,26.9,24.2,30.3,26.1,28.4,26.32,1.2,-0.86,67,89,24.6,14.68,4.3,0.6945,-0.7195,27.2,26.1,26.1,station
2026-05-19,25.9,23.9,25.9,25.2,25.1,26.0,23.6,25.3,26.4,26.0,25.2,0.82,-0.26,70,96,26.0,16.19,0.7,0.682,-0.7314,26.8,25.6,25.6,station
2026-05-20,14.4,15.4,14.3,14.9,15.0,14.7,14.6,13.0,15.2,14.8,14.8,0.45,0.34,59,35,17.4,25.75,0.0,0.6693,-0.743,15.1,15.6,15.6,station
2026-05-21,15.0,15.6,16.0,13.8,15.9,15.3,14.4,15.8,15.1,15.0,15.26,0.9,0.14,58,69,15.8,23.78,0.0,0.6564,-0.7544,14.6,14.4,14.4,station
2026-05-22,20.5,19.0,20.5,18.2,20.4,18.6,16.8,17.8,17.0,18.9,19.72,1.06,1.9,55,99,16.3,19.31,0.1,0.6433,-0.7656,19.1,18.3,18.3,station
2026-05-23,23.1,19.6,22.8,18.9,22.4,22.2,18.3,20.9,20.7,19.7,21.36,1.96,1.0,69,77,13.1,22.78,0.9,0.6301,-0.7765,22.6,21.1,21.1,station
2026-05-24,25.1,23.9,25.2,26.7,26.7,26.4,25.0,26.7,27.2,24.1,25.52,1.19,-0.36,74,49,9.5,21.37,15.9,0.6166,-0.7873,24.6,25.0,25.0,station
2026-05-25,27.2,29.4,29.3,29.0,28.6,27.5,28.9,28.6,29.7,28.6,28.7,0.89,0.04,51,21,12.3,27.66,0.0,0.603,-0.7978,30.7,28.3,28.3,station
2026-05-26,30.9,30.5,31.3,29.8,29.5,29.0,30.1,29.6,29.6,27.8,30.4,0.75,1.18,33,82,12.5,25.17,0.0,0.5892,-0.808,30.9,28.3,28.3,station
2026-05-27,31.4,31.4,32.0,30.1,28.8,31.0,30.2,29.8,30.8,26.0,30.74,1.29,1.18,42,12,12.5,27.71,0.0,0.5752,-0.818,29.1,27.8,27.8,station
2026-05-28,23.1,24.5,22.0,20.4,21.6,23.1,24.8,19.7,21.5,19.9,22.32,1.55,0.52,50,36,15.8,30.54,0.0,0.561,-0.8278,22.3,21.7,21.7,station
2026-05-29,29.8,28.9,29.2,28.3,29.1,29.3,29.0,26.4,27.1,25.6,29.06,0.54,1.58,51,73,14.1,30.12,0.0,0.5467,-0.8373,30.2,28.9,28.9,station
2026-05-30,22.0,24.1,23.8,20.5,21.9,23.8,24.3,20.8,21.1,19.2,22.46,1.49,0.62,49,97,15.8,25.96,0.0,0.5322,-0.8466,22.8,22.8,22.8,station
2026-05-31,24.9,23.5,25.5,21.2,24.8,24.0,24.4,24.2,22.3,19.9,23.98,1.72,1.02,40,92,12.5,27.35,0.0,0.5176,-0.8556,24.2,23.9,23.9,station
2026-06-01,20.5,22.6,22.9,21.4,22.2,22.4,24.6,23.5,20.0,19.7,21.92,0.97,-0.12,46,79,12.9,18.57,0.3,0.5028,-0.8644,23.4,22.2,22.2,station
2026-06-02,24.5,24.9,22.8,22.7,23.2,24.3,24.8,22.7,23.0,21.8,23.62,1.01,0.3,45,1,14.4,30.98,0.0,0.4878,-0.8729,24.3,23.3,23.3,station
2026-06-03,28.9,28.3,28.4,27.2,29.5,29.0,28.0,27.5,27.4,26.0,28.46,0.85,0.88,38,51,10.3,29.78,0.0,0.4728,-0.8812,29.2,27.8,27.8,station
2026-06-04,30.2,30.4,31.0,30.0,32.0,30.4,30.9,29.5,30.9,30.1,30.72,0.81,0.36,39,81,19.3,29.61,0.0,0.4575,-0.8892,30.9,30.6,30.6,station
2026-06-05,26.5,26.6,25.7,26.2,27.0,25.8,27.1,26.7,26.6,29.4,26.4,0.48,-0.72,75,83,18.8,13.83,11.8,0.4422,-0.8969,25.5,26.7,26.7,station
2026-06-06,28.3,28.3,30.0,30.3,30.2,27.8,29.4,30.9,30.1,28.8,29.42,1.03,0.02,78,55,17.9,25.13,17.2,0.4267,-0.9044,28.4,28.9,28.9,station
2026-06-07,26.8,27.7,29.0,26.7,30.6,25.6,28.0,29.6,26.4,24.5,28.16,1.65,1.34,67,89,14.3,24.03,2.1,0.4111,-0.9116,28.0,28.3,28.3,station
2026-06-08,29.3,26.5,29.4,28.3,32.4,28.5,26.0,28.9,26.4,29.1,29.18,2.14,1.4,85,96,17.2,15.09,23.6,0.3953,-0.9185,28.7,28.9,28.9,station
2026-06-09,28.5,29.8,30.1,30.9,29.5,28.7,28.8,32.0,32.3,30.4,29.76,0.88,-0.68,82,58,15.3,25.29,3.3,0.3795,-0.9252,30.3,30.6,30.6,station
2026-06-10,29.4,31.5,33.9,33.8,33.6,30.3,29.9,32.2,34.5,34.9,32.44,1.97,0.08,88,90,23.6,20.13,14.8,0.3635,-0.9316,31.1,32.8,32.8,station
2026-06-11,29.1,25.1,31.6,27.6,28.7,28.6,25.4,33.9,30.1,28.9,28.42,2.36,-0.96,85,89,31.5,20.43,14.6,0.3474,-0.9377,27.7,27.8,27.8,station
2026-06-12,25.5,27.1,26.1,26.6,25.8,26.1,26.6,26.5,26.9,25.0,26.22,0.64,0.0,67,4,18.4,29.67,0.0,0.3312,-0.9436,26.2,27.2,27.2,station
2026-06-13,28.1,28.2,29.9,29.5,30.0,28.2,28.0,29.1,28.5,26.7,29.14,0.92,1.04,72,48,21.8,27.01,3.8,0.3149,-0.9491,28.2,28.3,28.3,station
2026-06-14,20.6,21.5,21.0,22.4,23.6,21.1,21.7,21.8,22.0,21.4,21.82,1.2,0.22,75,73,20.7,14.59,9.8,0.2986,-0.9544,20.7,20.6,20.6,station
2026-06-15,22.2,24.2,25.0,23.2,24.6,23.0,24.3,23.3,23.8,24.4,23.84,1.13,0.08,57,42,16.6,26.49,0.0,0.2821,-0.9594,23.7,24.4,24.4,station
2026-06-16,22.6,22.5,24.0,23.8,23.5,21.5,21.8,20.5,23.1,23.5,23.28,0.69,1.2,59,44,24.5,23.54,1.6,0.2656,-0.9641,22.6,24.4,24.4,station
2026-06-17,21.9,21.8,19.4,18.5,20.8,20.1,18.1,20.6,18.5,19.8,20.48,1.5,1.06,81,75,29.9,9.47,12.8,0.2489,-0.9685,20.5,21.1,21.1,station
2026-06-18,21.1,22.3,21.3,23.3,22.4,22.0,22.6,22.8,24.5,22.2,22.08,0.9,-0.74,68,47,19.5,20.43,0.0,0.2322,-0.9727,22.0,22.8,22.8,station
2026-06-19,23.6,25.2,24.6,23.9,25.7,23.7,25.0,22.9,24.6,25.3,24.6,0.87,0.3,60,26,18.5,30.06,0.0,0.2155,-0.9765,24.8,24.4,24.4,station
2026-06-20,23.9,25.5,24.7,25.2,27.1,24.6,26.0,25.4,25.9,26.7,25.28,1.18,-0.44,56,30,19.2,26.51,0.1,0.1986,-0.9801,25.5,24.4,24.4,station
2026-06-21,20.4,21.0,23.3,21.3,20.3,22.1,19.3,20.5,22.7,20.9,21.26,1.21,0.16,78,100,15.7,7.25,24.9,0.1818,-0.9833,24.3,21.7,21.7,station
2026-06-22,21.7,23.1,20.6,22.8,22.9,21.0,23.0,21.6,22.5,20.2,22.22,1.06,0.56,72,40,18.0,29.98,1.6,0.1648,-0.9863,22.0,22.2,22.2,station
2026-06-23,22.2,23.3,23.0,21.7,23.7,21.4,23.4,23.7,22.6,21.8,22.78,0.82,0.2,63,15,9.8,29.25,0.0,0.1478,-0.989,22.5,23.3,23.3,station
2026-06-24,24.1,24.1,23.0,25.0,26.2,24.7,24.6,23.4,25.2,25.1,24.48,1.19,-0.12,78,50,11.4,17.24,17.9,0.1308,-0.9914,23.3,21.7,21.7,station
2026-06-25,24.9,25.5,26.3,26.2,27.9,25.6,25.1,26.2,26.7,25.3,26.16,1.13,0.38,74,33,15.9,28.02,0.6,0.1137,-0.9935,25.3,26.1,26.1,station
2026-06-26,21.9,21.3,20.6,20.0,21.4,22.9,22.6,21.0,23.5,21.0,21.04,0.74,-1.16,81,85,12.1,10.97,0.3,0.0966,-0.9953,19.9,18.9,18.9,station
2026-06-27,23.9,23.6,25.1,23.7,26.4,24.2,25.3,24.7,24.8,24.9,24.54,1.2,-0.24,78,46,12.8,25.94,0.0,0.0795,-0.9968,24.4,24.4,24.4,station
2026-06-28,29.0,27.1,28.8,27.7,32.3,29.0,27.7,32.0,29.2,30.1,28.98,2.01,-0.62,77,63,15.9,19.48,0.0,0.0623,-0.9981,27.4,27.2,27.2,station
2026-06-29,32.9,32.9,35.5,33.3,36.3,33.8,32.9,35.1,33.0,33.9,34.18,1.6,0.44,76,56,22.6,25.41,8.3,0.0451,-0.999,33.8,33.3,33.3,station
2026-06-30,34.6,34.3,35.7,33.7,35.6,32.6,34.2,35.1,34.1,33.6,34.78,0.86,0.86,73,61,25.2,26.29,1.4,0.028,-0.9996,34.2,34.4,34.4,station
2026-07-01,34.6,34.8,35.8,34.3,35.7,35.4,34.7,35.5,33.9,35.2,35.04,0.67,0.1,60,14,19.5,28.64,0.0,0.0108,-0.9999,36.3,35.0,35.0,station
2026-07-02,35.3,35.0,35.4,34.5,34.2,35.2,34.5,35.6,33.9,35.0,34.88,0.52,0.04,63,45,19.8,25.47,9.0,-0.0065,-1.0,35.4,34.4,34.4,station
2026-07-03,30.7,31.3,32.9,30.3,31.8,29.8,31.1,33.1,31.2,32.7,31.4,1.01,-0.18,78,59,16.7,22.61,8.9,-0.0237,-0.9997,32.2,30.0,30.0,station
2026-07-04,27.2,28.7,28.1,28.1,28.1,26.9,28.9,34.0,30.7,26.5,28.04,0.54,-1.36,84,82,10.4,17.55,16.8,-0.0408,-0.9992,31.5,28.3,28.3,station
2026-07-05,25.2,25.0,23.2,25.1,23.8,26.3,23.8,30.7,25.7,26.7,24.46,0.9,-2.18,85,73,14.4,16.66,11.9,-0.058,-0.9983,23.9,24.4,24.4,station
2026-07-06,25.8,27.1,23.6,26.0,26.6,26.7,27.1,26.2,26.8,25.1,25.82,1.34,-0.56,65,9,13.1,28.96,0.0,-0.0752,-0.9972,26.7,26.1,26.1,station
2026-07-07,29.3,29.3,28.3,28.3,29.6,28.6,29.2,30.1,29.5,27.6,28.96,0.61,-0.04,58,8,9.9,29.55,0.0,-0.0923,-0.9957,30.5,29.4,29.4,station
2026-07-08,30.3,31.7,31.8,31.6,32.1,29.6,31.0,31.2,31.1,28.8,31.5,0.7,1.16,64,18,13.9,27.76,0.2,-0.1094,-0.994,31.5,31.1,31.1,station
2026-07-09,29.5,28.7,29.8,27.2,31.6,29.1,28.6,28.8,27.2,29.2,29.36,1.61,0.78,78,93,12.4,21.36,8.1,-0.1265,-0.992,29.3,30.0,30.0,station
2026-07-10,27.6,27.3,27.0,26.5,28.0,26.2,26.6,28.8,26.4,26.0,27.28,0.57,0.48,73,66,12.2,24.57,0.3,-0.1436,-0.9896,28.2,27.2,27.2,station
2026-07-11,28.3,28.8,28.3,27.5,28.2,29.2,29.2,28.6,28.7,28.2,28.22,0.47,-0.56,62,68,15.2,25.95,0.0,-0.1606,-0.987,28.7,27.8,27.8,station
2026-07-12,31.8,30.6,30.8,29.1,29.9,31.3,30.7,29.0,29.2,29.0,30.44,1.01,0.6,56,0,11.7,29.06,0.0,-0.1775,-0.9841,31.3,30.0,30.0,station
2026-07-13,34.5,33.9,34.7,33.3,34.4,35.8,33.7,33.9,33.7,34.4,34.16,0.56,-0.14,55,3,10.5,28.48,0.0,-0.1944,-0.9809,34.5,33.3,33.3,station
2026-07-14,36.0,35.1,37.0,35.4,36.7,38.1,36.0,36.6,35.4,36.1,36.04,0.81,-0.4,57,0,8.5,28.66,0.0,-0.2113,-0.9774,37.8,35.6,35.6,station
2026-07-15,36.5,34.9,36.7,35.8,37.3,36.3,35.1,36.1,36.3,36.7,36.24,0.92,0.14,60,24,10.6,27.41,0.0,-0.2281,-0.9736,36.5,34.4,34.4,station
2026-07-16,34.3,33.0,34.8,32.8,35.0,35.2,33.8,35.2,32.7,31.4,33.98,1.02,0.32,59,56,12.5,26.41,0.3,-0.2448,-0.9696,33.5,32.2,32.2,station
2026-07-17,33.5,32.5,33.4,31.7,34.5,33.9,32.0,34.7,30.5,32.0,33.12,1.06,0.5,75,38,14.2,23.35,23.7,-0.2614,-0.9652,32.2,33.3,33.3,station
2026-07-18,29.4,31.0,33.9,30.8,32.7,31.2,31.7,33.5,31.5,32.3,31.56,1.76,-0.48,75,33,16.5,24.63,2.4,-0.278,-0.9606,32.2,32.8,32.8,station
2026-07-19,26.4,26.0,27.0,25.3,27.2,26.8,27.1,29.3,26.2,26.4,26.38,0.77,-0.78,71,35,12.1,27.49,0.0,-0.2945,-0.9557,25.0,26.1,26.1,station
2026-07-20,30.3,27.1,32.2,30.8,28.0,31.6,29.1,29.1,28.6,28.4,29.68,2.09,0.32,78,56,21.1,19.02,0.2,-0.3109,-0.9505,26.8,27.8,27.8,station
2026-07-21,27.5,28.9,29.2,28.4,29.6,31.2,29.5,29.7,31.0,29.5,28.72,0.81,-1.46,70,28,21.5,26.51,1.3,-0.3272,-0.945,29.4,30.0,30.0,station
2026-07-22,23.1,22.6,22.3,22.3,23.1,21.7,22.7,22.5,22.3,22.2,22.68,0.4,0.4,57,34,12.1,22.86,0.2,-0.3434,-0.9392,22.7,23.3,23.3,station
2026-07-23,25.4,24.9,26.0,26.1,25.4,26.0,24.9,27.3,25.9,24.5,25.56,0.49,-0.16,53,40,13.3,23.62,0.0,-0.3595,-0.9332,25.8,25.0,25.0,station
2026-07-24,28.1,25.9,28.0,26.7,28.6,28.6,26.0,27.6,26.4,25.3,27.46,1.12,0.68,55,81,13.6,19.22,0.0,-0.3755,-0.9268,26.8,25.6,25.6,station
2026-07-25,27.3,25.4,28.7,27.1,29.9,30.7,26.3,27.3,29.3,29.3,27.68,1.71,-0.9,73,64,12.5,17.28,0.0,-0.3914,-0.9202,27.3,26.7,26.7,station
2026-07-26,31.3,30.2,33.8,33.9,35.5,33.6,30.0,36.2,34.5,34.2,32.94,2.15,-0.76,71,68,14.1,23.58,0.4,-0.4071,-0.9134,35.1,32.8,32.8,station
2026-07-27,34.9,31.2,36.0,36.2,30.9,31.9,29.1,34.5,33.9,29.3,33.84,2.6,2.1,89,72,22.9,14.29,21.5,-0.4228,-0.9062,26.7,29.4,29.4,station
2026-07-28,25.9,26.5,25.4,25.6,26.5,28.2,27.2,28.9,26.2,26.3,25.98,0.51,-1.38,70,34,17.4,25.44,0.1,-0.4383,-0.8988,26.3,,,
