datum,era5_max,rh_gem,bewolking_gem,wind_max,instraling_som,neerslag_som,station_max
2000-01-01,22.7,67,11,7.1,12.41,0.0,
2000-01-02,22.1,81,84,7.4,10.41,0.0,
2000-01-03,20.8,80,61,17.1,10.42,1.4,
2000-01-04,15.0,94,85,17.7,8.49,11.9,
2000-01-05,11.5,87,83,26.9,5.69,14.6,
2000-01-06,14.3,83,59,18.6,9.92,7.2,
2000-01-07,14.4,86,58,11.1,7.12,1.2,
2000-01-08,16.4,82,50,8.9,10.57,0.2,
2000-01-09,14.9,81,47,14.8,10.07,0.9,
2000-01-10,15.0,76,38,15.5,10.18,0.0,
2000-01-11,14.9,69,26,11.6,12.5,0.0,
2000-01-12,15.0,67,29,9.5,10.31,0.0,
2000-01-13,16.0,65,24,10.8,13.45,0.0,
2000-01-14,16.7,61,90,10.1,11.12,0.0,
2000-01-15,15.6,67,41,11.9,11.07,0.3,
2000-01-16,14.7,69,26,5.5,10.45,0.0,
2000-01-17,15.5,68,10,9.2,12.73,0.0,
2000-01-18,15.1,62,44,31.3,10.97,2.9,
2000-01-19,13.9,80,75,32.2,6.4,12.5,
2000-01-20,15.5,71,52,35.8,11.01,11.3,
2000-01-21,12.2,74,67,19.9,9.16,9.4,
2000-01-22,13.0,81,57,19.1,9.93,5.3,
2000-01-23,14.9,82,56,13.4,10.21,6.1,
2000-01-24,19.6,65,10,11.4,14.44,0.0,
2000-01-25,17.3,66,19,19.1,12.52,0.4,
2000-01-26,14.0,87,65,19.5,8.61,14.5,
2000-01-27,10.0,93,87,23.0,2.54,22.2,
2000-01-28,9.5,87,79,17.0,9.12,2.5,
2000-01-29,13.3,78,42,12.1,11.21,0.2,
2000-01-30,16.4,69,9,9.4,14.75,0.0,
2000-01-31,16.8,67,14,10.5,15.84,0.0,
2000-02-01,15.4,83,49,12.6,11.42,0.1,
2000-02-02,16.2,82,35,13.7,11.31,0.2,
2000-02-03,18.2,75,16,6.8,15.16,0.0,
2000-02-04,18.6,70,22,7.7,16.13,0.0,
2000-02-05,17.1,80,37,13.8,11.52,0.4,
2000-02-06,14.9,68,57,26.5,10.0,1.8,
2000-02-07,15.1,64,8,9.5,16.5,0.0,
2000-02-08,15.7,63,20,5.2,13.5,0.0,
2000-02-09,17.4,66,13,7.6,16.88,0.0,
2000-02-10,18.9,52,76,10.1,14.04,0.0,
2000-02-11,18.8,63,7,9.2,17.09,0.0,
2000-02-12,19.7,70,18,14.2,16.69,0.2,
2000-02-13,14.9,92,90,23.4,11.06,12.9,
2000-02-14,16.4,82,48,14.9,13.91,1.6,
2000-02-15,18.2,75,7,14.5,15.86,0.0,
2000-02-16,13.8,79,49,28.5,10.79,3.5,
2000-02-17,15.3,72,57,14.0,10.89,0.1,
2000-02-18,18.6,71,3,9.0,18.31,0.0,
2000-02-19,18.0,73,16,23.1,17.62,0.5,
2000-02-20,16.2,71,51,12.6,11.46,0.0,
2000-02-21,17.9,72,2,11.7,18.64,0.0,
2000-02-22,17.2,72,13,17.5,17.74,0.0,
2000-02-23,14.6,81,54,15.2,11.31,0.5,
2000-02-24,15.3,69,23,14.8,16.25,0.0,
2000-02-25,15.8,65,17,13.2,14.62,0.0,
2000-02-26,16.7,71,7,14.3,18.59,0.0,
2000-02-27,15.0,74,45,15.6,14.11,0.6,
2000-02-28,15.5,74,35,8.0,13.62,1.1,
2000-02-29,17.6,72,6,12.0,17.57,0.0,
2000-03-01,13.9,79,67,25.4,11.79,12.8,
2000-03-02,14.9,69,59,18.6,13.14,0.5,
2000-03-03,19.2,68,2,6.8,20.41,0.0,
2000-03-04,16.6,78,33,20.6,17.34,1.9,
2000-03-05,17.9,77,50,11.1,14.98,0.0,
2000-03-06,16.9,78,52,15.5,16.3,0.0,
2000-03-07,12.5,71,64,27.0,11.88,3.0,
2000-03-08,13.8,55,54,20.5,18.07,0.0,
2000-03-09,16.3,65,44,10.1,17.63,0.0,
2000-03-10,17.0,68,12,12.2,19.99,0.0,
2000-03-11,17.2,71,24,14.2,19.18,0.0,
2000-03-12,18.1,77,45,12.6,15.01,0.0,
2000-03-13,18.1,73,35,17.1,19.53,0.0,
2000-03-14,17.8,75,46,14.3,13.31,0.3,
2000-03-15,20.8,76,16,12.4,21.12,0.0,
2000-03-16,22.5,69,0,13.2,22.35,0.0,
2000-03-17,21.2,74,0,13.0,22.15,0.0,
2000-03-18,22.5,66,20,21.4,21.81,0.0,
2000-03-19,19.6,67,10,11.5,22.37,0.0,
2000-03-20,19.8,70,26,10.9,22.14,0.0,
2000-03-21,19.6,71,91,14.1,16.18,2.8,
2000-03-22,17.7,74,27,15.6,21.07,0.0,
2000-03-23,14.9,71,45,26.9,17.74,3.6,
2000-03-24,17.0,72,63,23.8,16.55,3.4,
2000-03-25,17.5,75,52,15.6,16.38,0.2,
2000-03-26,19.9,71,5,12.2,23.21,0.0,
2000-03-27,23.6,72,6,9.6,24.15,0.0,
2000-03-28,23.5,66,8,13.6,23.72,0.0,
2000-03-29,22.9,55,15,12.9,24.33,0.0,
2000-03-30,22.2,55,43,11.8,21.69,0.0,
2000-03-31,25.8,63,42,10.2,23.71,0.0,
2000-04-01,31.0,45,61,10.7,22.28,0.0,
2000-04-02,32.4,35,25,12.1,24.58,0.0,
2000-04-03,22.6,71,29,11.2,23.83,0.0,
2000-04-04,23.5,70,56,11.5,23.7,0.0,
2000-04-05,27.9,55,29,10.7,23.85,0.0,
2000-04-06,31.3,49,77,8.1,21.8,0.0,
2000-04-07,20.7,70,64,14.2,23.57,0.0,
2000-04-08,20.2,72,49,20.5,20.36,0.0,
2000-04-09,19.1,72,45,26.8,18.45,1.7,
2000-04-10,19.7,61,22,12.6,24.16,0.0,
2000-04-11,29.7,46,34,10.0,23.86,0.0,
2000-04-12,37.4,27,88,13.0,24.06,0.0,
2000-04-13,32.3,43,67,21.2,24.54,0.0,
2000-04-14,21.4,72,48,14.6,22.61,0.0,
2000-04-15,22.9,74,21,12.1,25.17,0.0,
2000-04-16,27.1,67,23,12.3,25.02,0.0,
2000-04-17,31.5,56,31,6.3,25.52,0.0,
2000-04-18,30.4,45,79,14.1,22.37,0.0,
2000-04-19,25.3,44,9,22.4,26.4,0.0,
2000-04-20,24.3,52,13,20.3,24.22,0.0,
2000-04-21,24.0,48,22,19.9,24.75,0.0,
2000-04-22,20.9,61,18,17.7,23.67,0.0,
2000-04-23,23.3,62,5,14.2,23.84,0.0,
2000-04-24,23.9,67,14,13.8,24.48,0.0,
2000-04-25,24.7,65,3,16.3,26.42,0.0,
2000-04-26,26.9,59,0,16.1,27.46,0.0,
2000-04-27,26.8,65,15,16.8,25.85,0.0,
2000-04-28,24.4,64,8,15.6,26.43,0.0,
2000-04-29,22.2,71,33,16.5,24.05,0.2,
2000-04-30,23.9,66,39,14.8,26.09,0.0,
2000-05-01,25.3,64,4,13.9,27.69,0.0,
2000-05-02,28.7,58,3,13.6,27.72,0.0,
2000-05-03,32.0,50,50,6.6,25.27,0.0,
2000-05-04,27.2,51,20,22.3,27.48,0.0,
2000-05-05,23.6,71,17,14.4,24.83,0.0,
2000-05-06,22.8,72,19,15.1,25.11,0.0,
2000-05-07,21.8,67,8,15.2,27.55,0.0,
2000-05-08,22.3,64,36,17.6,25.61,0.0,
2000-05-09,26.1,65,16,15.5,27.64,0.0,
2000-05-10,30.1,56,0,14.9,28.49,0.0,
2000-05-11,28.9,48,0,17.6,28.42,0.0,
2000-05-12,25.7,60,0,15.3,28.93,0.0,
2000-05-13,26.7,64,5,14.4,28.16,0.0,
2000-05-14,27.7,62,0,14.4,28.19,0.0,
2000-05-15,26.9,65,4,14.9,28.18,0.0,
2000-05-16,26.3,70,6,16.9,27.3,0.0,
2000-05-17,31.6,54,2,14.6,27.82,0.0,
2000-05-18,27.1,55,4,17.6,27.98,0.0,
2000-05-19,24.9,74,19,17.1,24.07,0.4,
2000-05-20,26.7,61,8,16.0,27.54,0.0,
2000-05-21,27.9,53,0,16.6,29.36,0.0,
2000-05-22,27.1,54,0,15.0,29.5,0.0,
2000-05-23,24.9,67,9,16.7,28.74,0.0,
2000-05-24,25.4,65,12,14.9,28.54,0.0,
2000-05-25,30.0,55,2,16.3,28.65,0.0,
2000-05-26,25.7,69,23,17.2,27.73,0.0,
2000-05-27,27.2,69,13,16.5,28.19,0.0,
2000-05-28,28.0,70,10,17.1,28.47,0.0,
2000-05-29,30.0,60,5,15.9,28.76,0.0,
2000-05-30,36.0,42,0,17.9,28.63,0.0,
2000-05-31,30.7,54,1,18.6,28.65,0.0,
2000-06-01,28.7,69,2,14.8,28.39,0.0,
2000-06-02,28.0,72,5,14.6,28.29,0.0,
2000-06-03,26.7,72,24,18.0,27.07,0.0,
2000-06-04,26.5,66,17,15.3,27.6,0.0,
2000-06-05,27.4,71,14,17.3,28.45,0.0,
2000-06-06,26.6,69,12,16.5,28.44,0.0,
2000-06-07,26.8,64,7,16.5,28.56,0.0,
2000-06-08,27.7,72,8,15.8,27.3,0.0,
2000-06-09,29.0,73,5,16.1,27.89,0.0,
2000-06-10,30.6,72,6,15.9,28.47,0.0,
2000-06-11,32.0,64,2,15.6,28.97,0.0,
2000-06-12,31.3,65,2,15.7,28.71,0.0,
2000-06-13,33.1,58,1,15.8,29.13,0.0,
2000-06-14,33.8,46,0,16.8,29.74,0.0,
2000-06-15,33.5,51,0,16.6,29.64,0.0,
2000-06-16,32.7,57,0,14.8,29.45,0.0,
2000-06-17,33.1,53,1,15.6,29.47,0.0,
2000-06-18,31.5,61,5,17.0,29.06,0.0,
2000-06-19,28.4,69,25,17.9,26.09,0.0,
2000-06-20,29.9,66,12,17.8,27.71,0.0,
2000-06-21,30.7,55,0,19.0,29.39,0.0,
2000-06-22,30.2,59,0,19.1,29.09,0.0,
2000-06-23,30.1,66,2,17.7,29.39,0.0,
2000-06-24,30.7,70,9,16.0,28.69,0.0,
2000-06-25,31.5,67,5,18.4,28.71,0.0,
2000-06-26,30.4,68,11,16.8,28.29,0.0,
2000-06-27,30.7,69,9,16.3,27.9,0.0,
2000-06-28,30.3,69,10,16.4,27.93,0.0,
2000-06-29,30.9,64,1,16.1,28.94,0.0,
2000-06-30,30.3,69,4,15.8,28.11,0.0,
2000-07-01,30.5,68,22,16.1,27.95,0.0,
2000-07-02,32.1,64,13,14.8,27.9,0.0,
2000-07-03,33.6,68,10,13.3,27.75,0.0,
2000-07-04,33.2,69,2,15.1,28.37,0.0,
2000-07-05,33.3,64,3,17.4,28.77,0.0,
2000-07-06,32.9,62,5,14.5,28.67,0.0,
2000-07-07,34.3,61,2,13.7,28.45,0.0,
2000-07-08,35.7,57,1,14.2,28.67,0.0,
2000-07-09,33.4,64,3,15.8,28.04,0.0,
2000-07-10,33.1,67,6,15.8,27.49,0.0,
2000-07-11,33.1,65,2,16.5,28.48,0.0,
2000-07-12,31.9,71,13,15.5,27.38,0.0,
2000-07-13,33.5,65,4,14.7,28.12,0.0,
2000-07-14,33.6,59,3,16.3,28.5,0.0,
2000-07-15,31.9,66,10,16.8,28.22,0.0,
2000-07-16,32.2,65,3,16.2,28.48,0.0,
2000-07-17,31.3,67,2,15.5,28.02,0.0,
2000-07-18,29.4,72,22,16.9,26.79,0.0,
2000-07-19,30.9,70,10,15.9,27.19,0.0,
2000-07-20,31.5,65,8,14.7,27.27,0.0,
2000-07-21,33.0,63,5,16.5,28.27,0.0,
2000-07-22,32.0,63,1,17.1,28.26,0.0,
2000-07-23,30.0,69,12,17.4,27.18,0.0,
2000-07-24,30.1,68,12,16.0,27.46,0.0,
2000-07-25,31.7,68,1,14.0,27.37,0.0,
2000-07-26,32.8,71,4,14.9,26.93,0.0,
2000-07-27,33.4,67,1,15.0,27.53,0.0,
2000-07-28,34.2,62,0,16.5,27.39,0.0,
2000-07-29,36.3,50,3,15.0,27.86,0.0,
2000-07-30,37.1,50,0,15.1,27.87,0.0,
2000-07-31,34.9,54,2,18.6,27.41,0.0,
2000-08-01,31.9,69,14,16.2,26.83,0.0,
2000-08-02,31.3,72,14,17.2,26.66,0.0,
2000-08-03,32.9,66,14,20.0,27.19,0.0,
2000-08-04,32.3,65,2,19.1,27.21,0.0,
2000-08-05,31.7,68,13,17.3,26.25,0.0,
2000-08-06,32.6,70,11,16.3,26.28,0.0,
2000-08-07,31.4,73,10,16.4,26.4,0.0,
2000-08-08,31.1,72,9,15.6,26.37,0.0,
2000-08-09,31.3,68,12,17.3,27.05,0.0,
2000-08-10,29.3,68,7,15.6,26.72,0.0,
2000-08-11,29.5,68,16,14.5,25.79,0.0,
2000-08-12,30.5,70,17,16.5,25.38,0.0,
2000-08-13,30.5,73,33,16.2,24.26,0.0,
2000-08-14,31.5,71,8,16.2,25.69,0.0,
2000-08-15,31.2,75,9,14.4,25.08,0.0,
2000-08-16,31.4,76,38,15.0,23.61,0.0,
2000-08-17,31.5,76,19,15.9,24.32,0.0,
2000-08-18,30.6,79,32,16.3,24.76,0.0,
2000-08-19,30.1,77,21,16.8,24.93,0.0,
2000-08-20,30.6,73,23,14.6,25.45,0.0,
2000-08-21,31.0,71,6,16.0,25.46,0.0,
2000-08-22,30.8,77,25,15.9,24.09,0.0,
2000-08-23,31.8,73,7,17.3,24.99,0.0,
2000-08-24,31.5,69,7,17.7,25.05,0.0,
2000-08-25,32.2,69,13,14.0,21.91,0.0,
2000-08-26,34.1,61,3,15.6,24.4,0.0,
2000-08-27,31.1,68,4,16.3,24.6,0.0,
2000-08-28,31.4,72,21,17.6,23.39,0.0,
2000-08-29,31.6,70,15,18.8,24.29,0.0,
2000-08-30,30.7,72,16,16.1,23.65,0.0,
2000-08-31,30.3,72,19,16.6,22.56,0.0,
2000-09-01,32.7,68,1,20.4,24.52,0.0,
2000-09-02,30.8,68,8,17.5,24.28,0.0,
2000-09-03,32.4,58,1,15.0,24.74,0.0,
2000-09-04,29.4,68,19,15.8,22.42,0.0,
2000-09-05,30.6,74,18,16.0,22.54,0.0,
2000-09-06,30.2,74,19,15.5,22.99,0.0,
2000-09-07,30.5,70,12,18.7,22.58,0.0,
2000-09-08,30.6,62,15,15.8,22.08,0.0,
2000-09-09,31.3,60,0,15.8,23.41,0.0,
2000-09-10,30.0,68,3,14.1,23.65,0.0,
2000-09-11,31.2,70,4,15.5,22.98,0.0,
2000-09-12,30.6,69,12,16.7,22.65,0.0,
2000-09-13,29.3,73,22,17.1,20.42,0.6,
2000-09-14,29.6,73,25,15.8,17.86,0.0,
2000-09-15,29.4,74,8,15.5,21.15,0.0,
2000-09-16,29.6,73,20,18.6,20.14,0.0,
2000-09-17,28.5,71,26,16.8,21.36,0.0,
2000-09-18,29.5,70,9,17.2,20.73,0.0,
2000-09-19,31.4,69,6,17.4,20.91,0.0,
2000-09-20,34.1,67,3,16.8,21.73,0.0,
2000-09-21,31.5,76,21,13.3,20.95,0.0,
2000-09-22,31.4,76,7,12.8,20.81,0.0,
2000-09-23,32.7,69,9,15.7,21.55,0.0,
2000-09-24,31.2,71,13,15.8,21.31,0.0,
2000-09-25,29.5,77,27,15.5,19.74,0.0,
2000-09-26,28.5,74,28,15.3,18.63,0.0,
2000-09-27,27.9,68,13,16.5,18.68,0.0,
2000-09-28,26.3,71,26,16.2,16.56,1.5,
2000-09-29,26.2,70,22,15.0,16.47,0.1,
2000-09-30,27.4,60,33,15.2,18.15,0.0,
2000-10-01,28.1,60,5,17.8,19.88,0.0,
2000-10-02,29.1,62,5,16.3,19.69,0.0,
2000-10-03,33.6,48,53,13.0,18.2,0.0,
2000-10-04,35.8,31,4,16.3,20.22,0.0,
2000-10-05,34.9,54,2,11.2,19.94,0.0,
2000-10-06,35.0,65,38,10.5,19.16,0.0,
2000-10-07,29.0,75,42,16.1,16.76,0.0,
2000-10-08,31.7,64,4,20.5,19.39,0.0,
2000-10-09,33.7,57,3,18.9,19.2,0.0,
2000-10-10,28.5,68,14,18.5,16.35,0.0,
2000-10-11,26.6,74,22,16.8,14.73,0.4,
2000-10-12,28.9,68,59,15.8,17.52,0.0,
2000-10-13,27.1,77,47,12.6,15.06,1.8,
2000-10-14,23.3,86,86,15.1,11.38,3.8,
2000-10-15,23.4,88,92,7.9,10.47,2.5,
2000-10-16,25.5,79,26,12.8,15.51,0.5,
2000-10-17,26.9,78,25,13.6,15.22,0.7,
2000-10-18,27.4,75,7,12.8,17.5,0.0,
2000-10-19,26.0,76,3,14.6,17.37,0.0,
2000-10-20,24.5,77,36,16.3,11.87,0.1,
2000-10-21,23.6,80,38,14.1,12.9,1.0,
2000-10-22,22.8,76,36,19.8,12.36,1.1,
2000-10-23,20.7,71,46,18.6,11.08,1.3,
2000-10-24,18.1,83,56,19.8,11.92,4.7,
2000-10-25,17.0,83,83,26.3,10.77,3.0,
2000-10-26,20.4,85,60,12.7,11.24,3.1,
2000-10-27,21.5,81,31,9.8,12.24,2.4,
2000-10-28,24.9,70,11,11.2,16.38,0.0,
2000-10-29,25.2,67,14,15.9,16.03,0.0,
2000-10-30,22.5,80,23,14.0,12.32,0.8,
2000-10-31,22.3,84,44,13.9,10.53,0.8,
2000-11-01,21.6,84,42,9.8,10.66,1.2,
2000-11-02,22.4,76,21,12.3,12.26,0.0,
2000-11-03,24.3,68,1,10.7,15.94,0.0,
2000-11-04,26.3,64,4,10.6,15.16,0.0,
2000-11-05,25.5,67,5,9.4,15.0,0.0,
2000-11-06,26.2,61,2,9.7,15.47,0.0,
2000-11-07,27.3,54,1,10.5,15.69,0.0,
2000-11-08,27.7,44,0,11.2,15.69,0.0,
2000-11-09,27.0,35,0,11.0,15.83,0.0,
2000-11-10,28.3,34,0,9.2,15.65,0.0,
2000-11-11,28.8,32,1,11.6,15.41,0.0,
2000-11-12,27.9,34,41,13.0,15.41,0.0,
2000-11-13,27.0,45,48,8.9,14.1,0.0,
2000-11-14,26.1,60,11,6.4,14.64,0.0,
2000-11-15,26.3,46,36,11.5,12.73,0.0,
2000-11-16,25.4,36,0,15.6,14.8,0.0,
2000-11-17,24.4,38,1,12.2,14.55,0.0,
2000-11-18,22.2,55,44,8.0,10.07,0.0,
2000-11-19,22.9,63,26,7.7,13.88,0.0,
2000-11-20,24.1,57,13,8.0,13.93,0.0,
2000-11-21,24.2,57,0,7.4,14.04,0.0,
2000-11-22,23.8,59,0,10.9,13.94,0.0,
2000-11-23,21.4,74,54,8.0,10.23,0.0,
2000-11-24,23.3,65,5,10.6,12.93,0.0,
2000-11-25,22.9,63,7,8.3,12.67,0.0,
2000-11-26,24.5,57,9,11.1,13.28,0.0,
2000-11-27,24.7,57,16,11.3,13.01,0.0,
2000-11-28,22.0,52,78,10.1,9.05,0.0,
2000-11-29,18.5,59,65,18.1,7.14,1.9,
2000-11-30,19.1,63,84,23.7,7.89,0.2,
2000-12-01,17.8,88,77,18.6,5.64,9.3,
2000-12-02,20.4,78,63,8.0,10.66,0.0,
2000-12-03,22.5,61,50,10.0,12.0,0.0,
2000-12-04,22.8,59,10,14.5,12.02,0.0,
2000-12-05,22.9,61,21,12.0,12.44,0.0,
2000-12-06,22.3,61,45,11.1,11.05,0.0,
2000-12-07,20.1,76,48,9.6,10.38,0.3,
2000-12-08,19.1,79,68,8.2,8.54,0.0,
2000-12-09,16.0,82,86,11.2,5.24,5.9,
2000-12-10,18.4,78,37,13.1,10.42,0.0,
2000-12-11,16.7,83,48,16.5,6.96,1.7,
2000-12-12,16.9,83,74,20.5,4.32,3.9,
2000-12-13,15.8,83,60,16.7,8.35,7.8,
2000-12-14,15.6,85,49,13.2,8.42,2.1,
2000-12-15,17.8,83,38,14.6,8.49,0.0,
2000-12-16,20.2,70,62,8.3,9.94,0.0,
2000-12-17,20.7,74,11,5.2,12.27,0.0,
2000-12-18,20.3,79,18,10.4,11.89,0.0,
2000-12-19,17.0,89,64,12.1,7.33,4.0,
2000-12-20,16.1,86,71,18.7,7.23,9.1,
2000-12-21,16.7,73,35,19.0,8.64,1.6,
2000-12-22,18.4,71,16,6.6,11.78,0.0,
2000-12-23,15.5,83,29,11.5,8.19,2.4,
2000-12-24,17.7,70,44,25.7,9.77,9.9,
2000-12-25,16.2,74,53,21.3,8.52,2.2,
2000-12-26,17.7,70,75,8.0,10.44,0.0,
2000-12-27,18.5,70,13,8.1,12.81,0.0,
2000-12-28,21.5,58,6,13.1,12.6,0.0,
2000-12-29,24.0,51,20,18.4,12.79,0.0,
2000-12-30,19.5,65,41,12.9,11.83,0.0,
2000-12-31,19.1,60,1,11.6,12.64,0.0,
2001-01-01,21.8,57,1,15.4,12.96,0.0,
2001-01-02,17.5,62,12,12.9,12.81,0.0,
2001-01-03,16.4,81,41,15.8,8.88,0.7,
2001-01-04,15.9,86,57,6.0,6.66,2.0,
2001-01-05,17.7,82,47,8.0,9.21,0.0,
2001-01-06,18.0,75,45,7.3,9.46,1.6,
2001-01-07,20.2,69,8,10.6,13.02,0.0,
2001-01-08,18.7,78,17,15.3,12.46,0.0,
2001-01-09,18.5,78,22,12.2,11.99,0.0,
2001-01-10,17.7,81,56,9.6,11.82,0.0,
2001-01-11,19.0,81,63,9.9,10.65,0.0,
2001-01-12,17.4,83,63,9.7,5.87,0.4,
2001-01-13,19.5,72,18,9.1,12.66,0.0,
2001-01-14,21.9,67,6,6.3,14.04,0.0,
2001-01-15,23.1,54,3,8.8,14.18,0.0,
2001-01-16,19.1,69,75,8.1,10.96,0.0,
2001-01-17,17.3,84,44,11.0,9.08,0.6,
2001-01-18,19.6,73,22,14.4,13.37,0.5,
2001-01-19,15.0,86,85,21.8,7.95,4.7,
2001-01-20,16.1,86,61,10.8,9.28,2.6,
2001-01-21,18.4,74,23,9.5,12.42,0.0,
2001-01-22,17.5,75,25,14.2,11.83,0.3,
2001-01-23,15.3,85,71,13.3,9.53,6.7,
2001-01-24,15.5,88,77,15.4,8.95,8.9,
2001-01-25,14.8,92,76,18.7,10.09,14.8,
2001-01-26,14.9,65,18,14.8,13.57,0.0,
2001-01-27,16.5,63,0,7.8,15.63,0.0,
2001-01-28,17.8,56,0,9.4,15.85,0.0,
2001-01-29,19.3,58,0,8.0,15.95,0.0,
2001-01-30,21.0,47,0,13.4,16.08,0.0,
2001-01-31,23.0,48,0,13.7,16.1,0.0,
2001-02-01,20.6,60,53,13.6,15.45,0.0,
2001-02-02,19.0,76,36,9.1,13.99,0.0,
2001-02-03,16.9,60,18,26.1,14.68,0.5,
2001-02-04,15.8,80,61,21.7,9.44,12.3,
2001-02-05,15.0,80,44,11.4,8.54,2.6,
2001-02-06,16.9,75,48,10.6,11.37,0.0,
2001-02-07,15.5,83,47,10.0,10.35,4.9,
2001-02-08,16.4,79,59,15.9,11.96,1.4,
2001-02-09,17.3,70,9,12.8,14.86,0.0,
2001-02-10,18.6,72,5,11.2,15.56,0.0,
2001-02-11,20.4,63,0,14.6,17.34,0.0,
2001-02-12,22.5,50,0,14.3,17.6,0.0,
2001-02-13,20.7,64,11,9.1,17.18,0.0,
2001-02-14,16.6,76,37,21.8,12.87,8.3,
2001-02-15,15.5,85,69,15.3,9.68,5.0,
2001-02-16,17.4,74,39,11.0,13.12,0.4,
2001-02-17,12.3,88,58,15.6,8.44,5.8,
2001-02-18,16.2,82,50,9.8,11.49,0.2,
2001-02-19,17.1,77,34,12.1,13.38,0.0,
2001-02-20,15.8,67,31,40.9,14.78,7.1,
2001-02-21,12.5,73,57,29.6,13.06,4.7,
2001-02-22,14.7,76,53,15.1,11.16,3.5,
2001-02-23,15.5,66,35,26.3,13.55,0.2,
2001-02-24,19.8,71,19,10.1,16.57,0.0,
2001-02-25,20.0,68,1,13.2,18.56,0.0,
2001-02-26,23.1,62,43,9.3,18.99,0.0,
2001-02-27,25.6,55,57,8.7,18.23,0.0,
2001-02-28,28.1,54,33,10.8,19.3,0.0,
2001-03-01,30.0,46,24,14.2,19.45,0.0,
2001-03-02,19.5,78,32,18.3,17.11,0.0,
2001-03-03,19.2,65,13,12.9,19.56,0.0,
2001-03-04,22.9,68,2,9.6,20.36,0.0,
2001-03-05,25.2,65,84,11.0,19.83,0.0,
2001-03-06,23.9,70,8,14.5,19.79,0.0,
2001-03-07,22.0,62,11,14.0,19.29,0.0,
2001-03-08,23.0,59,60,6.8,18.1,0.0,
2001-03-09,18.5,73,47,11.7,14.73,2.7,
2001-03-10,22.1,77,30,9.7,18.55,0.0,
2001-03-11,26.9,64,17,9.2,21.23,0.0,
2001-03-12,23.9,68,35,13.3,20.6,0.0,
2001-03-13,19.4,76,83,12.6,12.47,1.0,
2001-03-14,19.0,81,54,16.5,15.49,2.2,
2001-03-15,20.9,67,7,15.9,20.6,0.0,
2001-03-16,20.3,73,19,14.1,19.02,0.0,
2001-03-17,25.0,64,4,11.9,22.5,0.0,
2001-03-18,28.9,43,0,15.9,22.5,0.0,
2001-03-19,29.0,41,0,10.8,22.43,0.0,
2001-03-20,30.7,44,3,9.4,22.25,0.0,
2001-03-21,26.6,55,44,12.3,21.79,0.0,
2001-03-22,21.9,67,19,16.2,22.88,0.0,
2001-03-23,22.0,68,60,24.2,19.21,0.1,
2001-03-24,19.6,71,51,25.7,17.34,4.7,
2001-03-25,21.2,72,25,17.3,22.12,0.0,
2001-03-26,24.6,64,3,9.9,23.6,0.0,
2001-03-27,30.4,45,0,10.3,23.9,0.0,
2001-03-28,31.9,41,1,12.0,24.26,0.0,
2001-03-29,29.2,37,35,12.4,22.82,0.0,
2001-03-30,30.8,35,70,11.1,23.27,0.0,
2001-03-31,34.9,22,79,15.0,18.53,0.0,
2001-04-01,31.7,40,29,15.3,24.09,0.0,
2001-04-02,25.4,63,92,18.6,15.92,0.0,
2001-04-03,21.9,71,96,16.8,15.75,0.3,
2001-04-04,21.8,69,60,16.3,21.33,0.0,
2001-04-05,19.1,72,45,16.9,18.62,2.8,
2001-04-06,20.6,71,35,14.7,18.06,0.0,
2001-04-07,24.5,60,32,16.7,21.12,0.4,
2001-04-08,20.7,75,59,14.7,18.55,3.6,
2001-04-09,23.5,70,17,10.9,23.89,0.0,
2001-04-10,27.0,66,9,22.4,25.57,0.0,
2001-04-11,21.2,66,17,18.1,23.0,0.0,
2001-04-12,21.7,65,8,15.9,24.34,0.0,
2001-04-13,24.2,65,3,10.0,25.24,0.0,
2001-04-14,24.2,61,17,26.9,25.42,0.0,
2001-04-15,23.0,66,38,13.9,24.7,0.0,
2001-04-16,24.0,61,7,14.6,26.28,0.0,
2001-04-17,28.0,43,13,13.7,26.86,0.0,
2001-04-18,35.1,31,37,18.0,24.04,0.0,
2001-04-19,23.0,64,23,17.1,26.06,0.0,
2001-04-20,24.6,66,40,12.1,25.3,0.0,
2001-04-21,34.3,43,40,13.7,27.0,0.0,
2001-04-22,35.3,22,74,15.3,14.33,0.0,
2001-04-23,29.7,42,48,18.5,24.24,0.0,
2001-04-24,22.5,63,16,17.4,25.24,0.0,
2001-04-25,22.6,59,29,17.9,22.29,0.0,
2001-04-26,23.6,62,44,15.9,26.03,0.0,
2001-04-27,27.0,62,51,12.9,27.23,0.0,
2001-04-28,33.2,52,65,8.5,24.6,0.0,
2001-04-29,33.3,50,48,8.9,26.43,0.0,
2001-04-30,38.0,36,72,21.9,22.94,0.5,
2001-05-01,27.1,57,27,24.7,25.0,0.4,
2001-05-02,22.5,86,71,17.1,16.34,15.5,
2001-05-03,22.9,73,25,18.1,25.35,0.0,
2001-05-04,24.7,59,5,13.1,28.04,0.0,
2001-05-05,27.8,52,9,9.4,28.9,0.0,
2001-05-06,37.0,48,50,27.6,26.36,0.0,
2001-05-07,22.4,71,50,21.6,24.96,0.0,
2001-05-08,22.2,64,28,22.6,23.64,0.0,
2001-05-09,27.2,53,19,29.0,25.98,0.7,
2001-05-10,22.3,71,30,15.8,19.08,0.7,
2001-05-11,23.3,70,52,15.3,22.55,0.0,
2001-05-12,30.6,49,19,14.7,27.68,0.0,
2001-05-13,28.2,39,25,20.1,25.07,0.0,
2001-05-14,23.7,73,25,18.1,24.58,0.0,
2001-05-15,23.2,72,25,17.6,23.18,0.3,
2001-05-16,23.0,64,22,17.1,26.05,0.0,
2001-05-17,25.4,62,1,18.7,28.65,0.0,
2001-05-18,26.9,66,7,17.4,28.48,0.0,
2001-05-19,27.6,65,1,17.1,28.61,0.0,
2001-05-20,30.1,53,1,16.3,29.15,0.0,
2001-05-21,29.8,47,0,12.4,28.63,0.0,
2001-05-22,29.5,53,0,17.9,28.57,0.0,
2001-05-23,32.9,47,0,15.7,28.74,0.0,
2001-05-24,31.3,45,0,12.7,28.75,0.0,
2001-05-25,30.8,56,0,16.3,28.71,0.0,
2001-05-26,33.1,49,0,15.3,28.74,0.0,
2001-05-27,39.4,33,0,12.0,29.08,0.0,
2001-05-28,34.3,39,0,17.4,28.97,0.0,
2001-05-29,25.4,73,24,18.1,26.1,0.0,
2001-05-30,28.1,68,15,16.1,25.85,0.0,
2001-05-31,30.2,63,0,17.4,28.85,0.0,
2001-06-01,37.1,53,0,11.7,28.84,0.0,
2001-06-02,34.0,51,0,15.8,28.6,0.0,
2001-06-03,30.1,63,0,17.0,28.69,0.0,
2001-06-04,29.4,68,1,17.4,28.87,0.0,
2001-06-05,28.2,70,4,19.1,28.65,0.0,
2001-06-06,25.7,67,14,20.2,27.99,0.0,
2001-06-07,26.7,60,10,15.3,28.74,0.0,
2001-06-08,27.0,67,4,16.6,28.61,0.0,
2001-06-09,27.8,68,9,17.2,28.95,0.0,
2001-06-10,29.0,69,8,15.3,28.98,0.0,
2001-06-11,32.8,57,0,14.3,29.34,0.0,
2001-06-12,33.1,49,0,15.8,30.09,0.0,
2001-06-13,33.4,45,0,15.3,29.91,0.0,
2001-06-14,35.8,39,0,15.8,29.37,0.0,
2001-06-15,32.5,46,0,16.6,29.36,0.0,
2001-06-16,30.0,62,4,17.7,29.08,0.0,
2001-06-17,28.1,69,23,16.0,27.01,0.0,
2001-06-18,29.9,67,3,16.4,28.26,0.0,
2001-06-19,30.6,64,9,17.9,28.77,0.0,
2001-06-20,33.1,57,0,16.3,29.39,0.0,
2001-06-21,33.5,54,0,18.6,28.9,0.0,
2001-06-22,30.9,54,0,16.6,28.7,0.0,
2001-06-23,28.1,64,10,16.6,28.49,0.0,
2001-06-24,28.3,69,17,16.5,28.45,0.0,
2001-06-25,28.6,67,8,16.1,28.85,0.0,
2001-06-26,28.1,66,7,13.4,29.03,0.0,
2001-06-27,29.6,67,3,14.8,28.97,0.0,
2001-06-28,29.2,68,7,15.5,28.51,0.0,
2001-06-29,29.7,68,2,15.1,28.52,0.0,
2001-06-30,31.3,69,1,16.0,28.49,0.0,
2001-07-01,30.2,68,3,19.4,28.59,0.0,
2001-07-02,29.4,64,9,15.9,28.16,0.0,
2001-07-03,29.3,66,5,16.5,28.66,0.0,
2001-07-04,28.9,72,19,18.5,26.54,0.0,
2001-07-05,28.0,70,22,16.6,27.46,0.0,
2001-07-06,29.3,67,7,16.6,28.09,0.0,
2001-07-07,31.1,60,2,15.3,28.35,0.0,
2001-07-08,30.2,58,1,17.2,28.43,0.0,
2001-07-09,31.3,64,3,18.6,28.1,0.0,
2001-07-10,32.7,62,6,15.6,27.93,0.0,
2001-07-11,33.2,55,0,14.7,28.54,0.0,
2001-07-12,32.9,58,0,15.5,28.57,0.0,
2001-07-13,32.2,62,9,17.1,28.04,0.0,
2001-07-14,32.3,61,5,17.2,27.92,0.0,
2001-07-15,31.9,64,5,15.6,28.15,0.0,
2001-07-16,31.3,68,6,16.3,27.56,0.0,
2001-07-17,29.8,73,24,20.0,25.92,0.0,
2001-07-18,31.5,67,15,16.0,26.84,0.0,
2001-07-19,32.6,62,3,14.8,27.88,0.0,
2001-07-20,33.4,64,2,15.0,28.17,0.0,
2001-07-21,32.5,65,0,15.6,28.0,0.0,
2001-07-22,33.0,67,3,15.6,27.74,0.0,
2001-07-23,32.4,67,0,15.3,27.78,0.0,
2001-07-24,31.6,67,9,15.9,27.69,0.0,
2001-07-25,30.7,68,11,17.2,27.69,0.0,
2001-07-26,30.2,68,6,16.3,27.48,0.0,
2001-07-27,31.5,63,6,13.8,27.21,0.0,
2001-07-28,32.4,62,1,13.5,27.22,0.0,
2001-07-29,32.3,71,6,14.4,27.04,0.0,
2001-07-30,32.1,69,6,15.0,27.59,0.0,
2001-07-31,31.4,70,14,15.5,27.31,0.0,
2001-08-01,31.6,69,7,16.6,27.3,0.0,
2001-08-02,31.8,71,17,16.3,26.55,0.0,
2001-08-03,31.7,68,9,16.5,26.84,0.0,
2001-08-04,31.1,68,11,16.4,26.22,0.0,
2001-08-05,32.1,67,5,14.5,25.98,0.0,
2001-08-06,33.0,73,1,15.8,26.29,0.0,
2001-08-07,32.2,76,33,15.6,25.48,0.0,
2001-08-08,32.5,69,8,15.4,26.16,0.0,
2001-08-09,32.7,68,8,14.1,26.37,0.0,
2001-08-10,33.5,72,11,14.4,26.38,0.0,
2001-08-11,33.2,73,11,14.7,26.17,0.0,
2001-08-12,33.0,69,6,15.5,26.25,0.0,
2001-08-13,33.5,66,6,18.8,26.36,0.0,
2001-08-14,33.7,67,7,17.6,26.07,0.0,
2001-08-15,31.6,70,11,15.1,25.74,0.0,
2001-08-16,30.4,68,16,17.3,24.46,0.0,
2001-08-17,30.9,66,19,17.1,24.49,0.0,
2001-08-18,30.4,69,20,19.4,21.85,0.0,
2001-08-19,30.8,66,16,17.5,23.88,0.0,
2001-08-20,31.7,65,17,18.1,21.02,0.0,
2001-08-21,31.8,68,4,18.2,25.27,0.0,
2001-08-22,31.8,67,4,18.9,25.56,0.0,
2001-08-23,30.5,70,17,16.3,25.07,0.0,
2001-08-24,31.8,71,8,16.5,24.52,0.0,
2001-08-25,33.5,68,11,16.3,25.64,0.0,
2001-08-26,33.8,67,1,19.0,25.33,0.0,
2001-08-27,31.8,75,24,15.8,23.79,0.0,
2001-08-28,30.8,72,21,18.7,22.79,0.0,
2001-08-29,30.8,69,17,18.1,22.73,0.0,
2001-08-30,30.4,71,11,17.2,22.27,0.0,
2001-08-31,31.3,67,15,15.0,23.98,0.0,
2001-09-01,32.7,70,12,16.4,24.01,0.0,
2001-09-02,32.2,76,11,14.8,22.45,0.0,
2001-09-03,31.2,75,21,15.8,23.38,0.0,
2001-09-04,31.3,72,15,17.6,23.32,0.0,
2001-09-05,31.0,71,9,19.5,22.03,0.1,
2001-09-06,31.1,64,12,17.3,22.45,0.0,
2001-09-07,33.3,55,2,19.5,23.9,0.0,
2001-09-08,29.6,66,19,16.7,20.43,0.0,
2001-09-09,30.5,60,9,17.1,22.82,0.0,
2001-09-10,31.9,68,13,17.0,22.78,0.0,
2001-09-11,29.5,66,9,17.2,22.89,0.0,
2001-09-12,29.6,67,4,18.3,23.1,0.0,
2001-09-13,29.8,73,16,16.9,21.45,0.0,
2001-09-14,28.0,73,32,14.8,16.51,0.2,
2001-09-15,29.1,67,11,16.0,21.59,0.0,
2001-09-16,28.9,67,12,16.3,21.53,0.0,
2001-09-17,29.0,69,4,15.8,21.66,0.0,
2001-09-18,28.9,69,2,14.0,21.95,0.0,
2001-09-19,29.1,71,8,14.5,21.29,0.0,
2001-09-20,29.3,74,16,14.3,21.23,0.0,
2001-09-21,30.8,72,14,12.9,21.39,0.0,
2001-09-22,30.6,77,12,12.6,21.08,0.0,
2001-09-23,30.1,76,14,15.3,20.97,0.0,
2001-09-24,30.3,75,15,12.6,21.25,0.0,
2001-09-25,29.0,77,22,15.9,20.04,0.0,
2001-09-26,29.5,77,16,12.4,19.49,0.0,
2001-09-27,29.8,80,21,13.8,18.87,0.0,
2001-09-28,28.5,74,28,17.1,17.91,0.6,
2001-09-29,28.0,64,12,15.7,19.02,0.0,
2001-09-30,27.2,67,22,16.8,17.08,0.1,
2001-10-01,30.2,64,8,12.8,19.38,0.0,
2001-10-02,31.9,63,0,14.3,20.6,0.0,
2001-10-03,33.9,62,0,11.5,20.31,0.0,
2001-10-04,30.0,78,24,16.0,17.79,0.0,
2001-10-05,27.7,74,17,17.0,17.77,0.0,
2001-10-06,28.5,69,15,15.5,16.96,0.0,
2001-10-07,30.5,71,2,11.6,19.33,0.0,
2001-10-08,32.3,76,8,13.6,18.8,0.0,
2001-10-09,29.5,78,24,12.3,17.07,0.0,
2001-10-10,28.7,75,5,15.8,17.26,0.0,
2001-10-11,28.6,73,10,12.5,17.81,0.0,
2001-10-12,29.8,75,19,13.0,17.97,0.0,
2001-10-13,30.4,76,8,13.0,17.86,0.0,
2001-10-14,30.0,68,23,15.8,16.71,0.0,
2001-10-15,28.5,70,4,16.6,17.58,0.0,
2001-10-16,27.6,70,16,16.0,15.3,0.0,
2001-10-17,26.7,76,24,13.7,14.44,0.0,
2001-10-18,26.1,76,29,14.5,14.85,0.1,
2001-10-19,29.0,67,13,13.4,17.15,0.0,
2001-10-20,30.3,58,3,18.4,17.54,0.0,
2001-10-21,27.1,65,8,16.8,16.04,0.0,
2001-10-22,26.1,68,14,16.4,14.89,0.0,
2001-10-23,27.5,66,10,11.2,15.96,0.0,
2001-10-24,26.7,75,7,14.7,16.34,0.0,
2001-10-25,25.1,76,31,13.2,11.96,0.7,
2001-10-26,25.9,71,26,12.8,14.46,0.0,
2001-10-27,23.5,77,28,15.6,10.36,1.0,
2001-10-28,21.5,84,47,17.0,11.66,4.7,
2001-10-29,22.4,74,36,19.9,10.97,0.2,
2001-10-30,22.7,68,42,15.0,11.53,0.1,
2001-10-31,24.1,66,26,10.4,13.53,0.0,
2001-11-01,27.7,56,3,9.9,16.34,0.0,
2001-11-02,26.8,58,34,14.4,14.86,0.0,
2001-11-03,23.7,77,22,12.2,11.15,0.1,
2001-11-04,27.1,68,11,12.4,15.2,0.0,
2001-11-05,27.0,62,6,13.0,15.72,0.0,
2001-11-06,23.5,62,23,21.1,13.92,0.5,
2001-11-07,22.4,81,51,10.6,9.21,1.5,
2001-11-08,25.2,76,59,10.7,12.65,0.0,
2001-11-09,24.4,74,86,11.2,12.08,0.0,
2001-11-10,24.1,74,59,13.8,11.75,0.9,
2001-11-11,22.4,81,28,17.7,10.45,0.4,
2001-11-12,23.9,71,12,17.6,11.94,0.0,
2001-11-13,25.9,63,5,9.8,14.7,0.0,
2001-11-14,27.9,42,84,12.9,11.86,0.0,
2001-11-15,28.0,54,4,12.1,14.76,0.0,
2001-11-16,22.3,81,51,18.2,10.0,0.8,
2001-11-17,20.0,80,59,23.1,9.04,5.5,
2001-11-18,16.7,54,23,21.0,12.84,0.1,
2001-11-19,19.0,55,10,6.5,14.2,0.0,
2001-11-20,20.9,56,26,6.9,14.39,0.0,
2001-11-21,22.6,61,27,23.9,13.89,4.9,
2001-11-22,18.8,78,46,11.8,9.55,2.0,
2001-11-23,19.1,65,27,5.1,10.85,0.0,
2001-11-24,22.3,64,22,7.7,12.38,0.0,
2001-11-25,21.9,59,3,13.8,13.65,0.0,
2001-11-26,19.0,82,82,16.0,8.26,6.7,
2001-11-27,21.0,74,47,7.6,10.99,0.0,
2001-11-28,23.3,62,25,10.4,12.01,0.0,
2001-11-29,24.2,58,81,10.0,10.87,0.0,
2001-11-30,20.2,74,84,14.5,7.87,6.3,
2001-12-01,19.0,69,54,23.2,10.48,2.9,
2001-12-02,20.9,46,8,17.8,12.65,0.0,
2001-12-03,18.4,50,35,23.7,11.52,0.2,
2001-12-04,15.0,72,83,22.3,2.88,10.8,
2001-12-05,15.5,91,82,23.9,8.05,3.7,
2001-12-06,17.0,75,62,18.9,9.14,0.3,
2001-12-07,18.0,60,51,16.7,9.29,0.0,
2001-12-08,21.1,54,40,26.7,10.86,0.0,
2001-12-09,20.2,66,43,9.2,10.39,0.0,
2001-12-10,20.7,78,42,9.7,12.03,0.0,
2001-12-11,19.1,79,56,11.7,9.18,0.0,
2001-12-12,19.5,73,41,13.4,11.39,0.0,
2001-12-13,19.6,65,11,13.5,12.19,0.0,
2001-12-14,18.9,68,4,12.4,12.28,0.0,
2001-12-15,16.8,80,43,11.5,8.87,2.2,
2001-12-16,18.1,73,47,7.1,10.17,0.0,
2001-12-17,20.9,65,42,9.2,11.96,0.0,
2001-12-18,18.8,65,40,11.1,11.71,0.0,
2001-12-19,15.4,81,82,17.3,7.04,14.0,
2001-12-20,13.7,81,51,17.5,8.06,6.4,
2001-12-21,16.3,70,15,7.7,11.52,0.0,
2001-12-22,18.0,67,0,8.5,12.42,0.0,
2001-12-23,17.8,77,12,7.7,11.64,0.0,
2001-12-24,18.0,84,36,6.0,8.69,0.0,
2001-12-25,20.3,76,37,4.8,12.27,0.0,
2001-12-26,20.4,61,76,11.2,9.49,0.3,
2001-12-27,24.6,55,41,12.2,11.51,0.0,
2001-12-28,19.6,64,98,13.6,6.13,0.0,
2001-12-29,18.1,82,71,19.5,9.17,0.4,
2001-12-30,16.9,65,71,9.7,8.28,0.0,
2001-12-31,18.7,69,26,8.7,10.78,0.2,
2002-01-01,18.7,72,25,5.5,10.18,0.0,
2002-01-02,18.0,68,33,19.6,11.32,0.0,
2002-01-03,14.1,72,57,24.5,9.33,9.4,
2002-01-04,16.9,68,42,13.2,11.89,0.0,
2002-01-05,16.8,55,54,14.1,11.72,0.0,
2002-01-06,12.3,69,51,26.0,9.54,4.3,
2002-01-07,10.1,79,69,32.2,8.09,11.4,
2002-01-08,12.8,83,75,23.2,7.92,11.4,
2002-01-09,11.5,91,87,26.5,7.16,17.6,
2002-01-10,12.1,71,72,22.6,9.21,3.0,
2002-01-11,13.1,80,33,10.5,11.17,1.7,
2002-01-12,13.0,78,44,7.8,8.74,1.0,
2002-01-13,14.9,78,38,7.1,10.65,0.0,
2002-01-14,16.1,69,56,9.3,12.07,0.0,
2002-01-15,15.8,68,56,11.3,11.43,0.0,
2002-01-16,15.4,83,32,8.4,9.8,0.1,
2002-01-17,18.1,72,8,9.8,14.18,0.0,
2002-01-18,19.1,62,2,11.7,14.59,0.0,
2002-01-19,16.9,74,20,14.6,12.78,0.0,
2002-01-20,15.2,82,67,14.7,10.03,3.5,
2002-01-21,15.0,83,50,16.0,9.0,5.2,
2002-01-22,14.2,88,76,18.7,8.41,16.4,
2002-01-23,15.9,75,27,12.2,13.07,1.1,
2002-01-24,17.2,64,2,9.8,15.14,0.0,
2002-01-25,17.8,59,0,11.8,15.16,0.0,
2002-01-26,18.8,57,0,13.8,15.18,0.0,
2002-01-27,19.5,55,28,21.1,14.46,4.8,
2002-01-28,13.8,87,80,19.9,4.6,11.2,
2002-01-29,16.0,85,49,18.7,9.48,5.6,
2002-01-30,16.9,73,2,9.7,14.95,0.0,
2002-01-31,17.4,73,3,9.2,15.79,0.0,
2002-02-01,20.2,64,0,8.2,16.2,0.0,
2002-02-02,21.0,51,0,11.3,15.8,0.0,
2002-02-03,22.4,48,0,11.2,16.13,0.0,
2002-02-04,22.2,52,6,11.2,16.25,0.0,
2002-02-05,22.4,46,71,13.2,16.54,0.0,
2002-02-06,22.7,42,86,14.3,14.26,0.0,
2002-02-07,24.4,48,34,11.6,15.18,0.0,
2002-02-08,21.1,69,4,7.3,16.51,0.0,
2002-02-09,25.7,58,57,11.3,16.68,0.0,
2002-02-10,23.8,60,92,8.8,8.69,0.0,
2002-02-11,16.8,76,61,30.9,12.0,10.1,
2002-02-12,16.4,72,79,23.0,10.71,4.2,
2002-02-13,15.7,90,73,18.3,9.76,6.2,
2002-02-14,17.4,84,51,9.0,11.08,0.0,
2002-02-15,19.2,81,16,10.2,16.69,0.0,
2002-02-16,18.7,75,25,10.4,17.41,0.0,
2002-02-17,18.2,81,40,15.0,14.13,0.0,
2002-02-18,18.6,69,25,10.9,14.91,0.4,
2002-02-19,18.8,50,0,10.7,19.04,0.0,
2002-02-20,19.1,57,0,7.0,19.02,0.0,
2002-02-21,23.0,54,50,9.5,17.97,0.0,
2002-02-22,22.6,53,25,16.4,18.83,0.0,
2002-02-23,25.5,58,1,14.3,18.76,0.0,
2002-02-24,19.8,61,37,28.0,15.56,1.7,
2002-02-25,18.2,73,49,21.2,12.0,1.8,
2002-02-26,16.2,72,33,18.4,18.2,2.8,
2002-02-27,18.4,60,1,9.8,19.9,0.0,
2002-02-28,22.5,56,0,7.6,20.24,0.0,
2002-03-01,22.4,55,0,11.1,20.42,0.0,
2002-03-02,21.9,71,10,11.4,20.04,0.0,
2002-03-03,23.8,66,59,9.1,20.23,0.0,
2002-03-04,23.0,65,32,8.9,19.99,0.0,
2002-03-05,23.6,68,8,10.2,19.71,0.0,
2002-03-06,28.9,45,9,12.9,20.17,0.0,
2002-03-07,29.0,31,0,14.1,21.25,0.0,
2002-03-08,28.2,36,0,10.0,21.32,0.0,
2002-03-09,24.7,43,49,12.2,20.73,0.0,
2002-03-10,30.0,40,62,14.6,20.82,0.0,
2002-03-11,33.5,23,98,16.6,18.94,0.0,
2002-03-12,22.1,72,51,14.1,18.45,0.0,
2002-03-13,20.1,74,37,15.3,20.55,0.0,
2002-03-14,19.1,78,50,14.1,14.83,0.7,
2002-03-15,19.7,76,40,13.6,14.0,0.0,
2002-03-16,20.5,76,24,15.3,20.19,0.0,
2002-03-17,19.6,83,56,11.2,14.39,1.7,
2002-03-18,20.8,77,36,8.9,16.53,0.2,
2002-03-19,23.6,70,36,23.2,19.12,2.1,
2002-03-20,18.1,75,59,24.3,17.39,2.7,
2002-03-21,17.5,85,75,29.7,11.46,14.5,
2002-03-22,19.0,84,51,24.5,18.72,2.4,
2002-03-23,25.6,62,21,16.1,22.85,0.0,
2002-03-24,26.1,54,0,22.4,23.41,0.0,
2002-03-25,21.9,55,6,14.8,22.53,0.0,
2002-03-26,16.2,71,43,28.2,19.17,4.3,
2002-03-27,17.5,71,38,19.5,17.36,1.8,
2002-03-28,16.4,82,72,19.9,18.81,15.1,
2002-03-29,16.1,80,61,22.0,16.79,10.2,
2002-03-30,18.2,71,74,13.0,17.55,3.1,
2002-03-31,24.1,53,73,25.9,15.6,0.3,
2002-04-01,18.0,76,37,18.4,18.46,2.1,
2002-04-02,15.1,77,61,24.8,16.61,6.6,
2002-04-03,16.9,86,70,19.9,14.49,9.3,
2002-04-04,17.7,81,62,17.4,11.29,0.7,
2002-04-05,29.7,53,48,15.8,24.25,0.0,
2002-04-06,30.7,48,43,20.7,19.49,0.0,
2002-04-07,19.6,77,38,16.3,22.1,0.0,
2002-04-08,19.2,75,33,14.0,23.0,0.0,
2002-04-09,20.8,73,11,14.9,24.65,0.0,
2002-04-10,24.8,70,8,15.9,25.32,0.0,
2002-04-11,26.7,60,2,12.5,25.07,0.0,
2002-04-12,23.1,60,0,14.3,25.79,0.0,
2002-04-13,27.2,55,28,12.8,25.12,0.0,
2002-04-14,32.1,40,31,16.3,25.61,0.2,
2002-04-15,30.7,43,94,15.5,11.96,0.0,
2002-04-16,31.8,41,94,21.6,15.98,0.0,
2002-04-17,24.1,66,12,19.0,25.46,0.0,
2002-04-18,20.5,73,29,16.7,22.84,0.0,
2002-04-19,20.0,74,31,18.0,19.74,0.8,
2002-04-20,18.8,74,38,21.1,19.0,2.6,
2002-04-21,19.5,79,62,20.2,19.2,5.9,
2002-04-22,20.2,75,41,17.0,20.05,0.0,
2002-04-23,23.9,61,31,10.3,26.6,0.0,
2002-04-24,27.7,60,74,18.5,17.87,0.0,
2002-04-25,21.0,71,61,15.4,24.71,0.0,
2002-04-26,22.8,68,69,11.8,20.39,0.7,
2002-04-27,21.2,71,49,19.1,26.02,0.0,
2002-04-28,21.4,68,46,17.1,24.93,0.0,
2002-04-29,22.2,73,13,16.6,26.9,0.0,
2002-04-30,22.0,72,7,16.1,27.2,0.0,
2002-05-01,22.2,76,24,17.7,26.76,0.0,
2002-05-02,21.6,74,30,17.3,24.47,0.0,
2002-05-03,22.0,74,37,15.9,22.46,0.3,
2002-05-04,23.7,74,20,15.1,26.57,0.0,
2002-05-05,26.1,62,1,14.4,27.85,0.0,
2002-05-06,27.1,50,35,14.4,28.31,0.0,
2002-05-07,25.3,62,30,15.8,26.19,0.0,
2002-05-08,24.8,68,13,16.3,27.81,0.0,
2002-05-09,25.7,67,11,13.8,27.68,0.0,
2002-05-10,32.9,43,37,12.2,24.23,0.1,
2002-05-11,29.4,44,7,18.7,28.01,0.0,
2002-05-12,26.2,61,3,15.9,27.94,0.0,
2002-05-13,29.4,43,6,14.7,28.38,0.0,
2002-05-14,23.4,62,41,22.7,25.25,0.6,
2002-05-15,22.0,78,51,18.1,19.19,2.7,
2002-05-16,25.5,67,5,15.3,26.71,0.0,
2002-05-17,25.0,78,8,17.3,27.28,0.0,
2002-05-18,24.5,76,35,17.1,26.45,0.0,
2002-05-19,25.3,76,28,15.6,25.24,0.0,
2002-05-20,25.7,74,18,17.9,27.13,0.0,
2002-05-21,27.2,62,9,15.0,28.79,0.0,
2002-05-22,30.7,55,2,19.1,29.24,0.0,
2002-05-23,25.4,70,26,18.0,25.61,0.0,
2002-05-24,25.9,65,11,15.2,27.55,0.0,
2002-05-25,31.2,64,0,15.5,29.16,0.0,
2002-05-26,30.4,66,0,13.2,28.25,0.0,
2002-05-27,28.0,68,4,16.5,28.63,0.0,
2002-05-28,25.1,71,17,16.3,27.09,0.0,
2002-05-29,27.0,69,12,15.3,28.25,0.0,
2002-05-30,30.9,55,1,15.1,28.93,0.0,
2002-05-31,26.8,61,2,16.0,28.11,0.0,
2002-06-01,26.2,69,13,17.5,27.8,0.0,
2002-06-02,27.0,71,21,15.8,25.32,0.0,
2002-06-03,28.3,68,12,16.4,27.94,0.0,
2002-06-04,26.4,65,3,19.7,28.81,0.0,
2002-06-05,26.0,60,8,17.4,28.41,0.0,
2002-06-06,27.2,63,7,15.9,28.47,0.0,
2002-06-07,37.3,51,3,13.0,29.27,0.0,
2002-06-08,41.8,24,0,15.9,29.88,0.0,
2002-06-09,40.6,22,0,12.5,29.43,0.0,
2002-06-10,33.6,53,0,13.8,28.74,0.0,
2002-06-11,31.1,61,1,18.1,29.12,0.0,
2002-06-12,26.7,69,22,16.6,27.03,0.0,
2002-06-13,27.7,69,11,16.1,27.33,0.0,
2002-06-14,28.5,71,10,16.3,27.64,0.0,
2002-06-15,29.3,75,19,16.8,27.18,0.0,
2002-06-16,29.8,74,8,18.4,28.32,0.0,
2002-06-17,29.0,70,11,16.9,28.74,0.0,
2002-06-18,29.2,68,12,17.9,27.97,0.0,
2002-06-19,29.7,70,19,17.7,27.36,0.0,
2002-06-20,29.9,60,9,20.9,28.52,0.0,
2002-06-21,28.7,67,11,18.6,25.01,0.0,
2002-06-22,29.7,69,24,17.6,26.97,0.0,
2002-06-23,30.0,62,5,18.2,29.04,0.0,
2002-06-24,29.8,63,5,18.1,28.95,0.0,
2002-06-25,29.6,65,8,14.7,28.62,0.0,
2002-06-26,30.3,72,6,15.9,27.64,0.0,
2002-06-27,30.3,71,17,18.0,27.77,0.0,
2002-06-28,29.5,71,19,16.8,26.55,0.0,
2002-06-29,30.8,70,15,16.9,27.56,0.0,
2002-06-30,30.8,74,6,16.6,27.84,0.0,
2002-07-01,30.6,70,8,16.0,28.18,0.0,
2002-07-02,31.9,67,5,16.1,28.46,0.0,
2002-07-03,30.5,69,8,18.3,27.63,0.0,
2002-07-04,30.5,72,23,17.3,27.15,0.0,
2002-07-05,32.4,65,3,16.4,28.26,0.0,
2002-07-06,33.4,64,5,15.7,28.55,0.0,
2002-07-07,32.2,66,3,17.3,28.3,0.0,
2002-07-08,31.3,68,7,17.7,27.65,0.0,
2002-07-09,32.4,61,9,17.6,27.92,0.0,
2002-07-10,35.8,50,0,17.4,28.41,0.0,
2002-07-11,30.0,72,23,17.0,26.0,0.0,
2002-07-12,31.4,65,14,16.6,25.79,0.0,
2002-07-13,32.0,61,3,17.8,27.69,0.0,
2002-07-14,31.5,64,6,17.9,27.18,0.0,
2002-07-15,30.8,72,29,16.1,23.22,0.0,
2002-07-16,33.0,68,10,15.5,25.34,0.0,
2002-07-17,34.0,68,3,17.4,27.25,0.0,
2002-07-18,33.9,67,7,16.9,27.53,0.0,
2002-07-19,32.3,69,13,18.2,26.93,0.0,
2002-07-20,31.1,71,10,16.6,27.31,0.0,
2002-07-21,30.9,71,16,15.7,27.24,0.0,
2002-07-22,30.2,70,14,18.0,27.23,0.0,
2002-07-23,30.6,69,21,19.8,24.81,0.0,
2002-07-24,31.5,72,25,17.3,24.08,0.0,
2002-07-25,32.2,64,8,19.5,26.09,0.0,
2002-07-26,33.2,57,2,16.1,27.71,0.0,
2002-07-27,33.3,51,1,18.3,28.24,0.0,
2002-07-28,32.2,68,7,18.2,27.28,0.0,
2002-07-29,35.8,61,0,18.6,27.38,0.0,
2002-07-30,38.0,49,10,17.3,27.59,0.0,
2002-07-31,40.0,38,4,18.6,27.67,0.0,
2002-08-01,38.0,41,0,17.8,27.8,0.0,
2002-08-02,33.1,66,1,16.2,27.09,0.0,
2002-08-03,32.1,69,8,16.8,26.51,0.0,
2002-08-04,32.4,67,19,16.9,24.94,0.0,
2002-08-05,33.0,70,3,16.2,26.05,0.0,
2002-08-06,32.5,70,7,17.5,26.34,0.0,
2002-08-07,33.0,67,9,18.4,26.14,0.0,
2002-08-08,33.8,64,7,16.2,26.32,0.0,
2002-08-09,31.1,65,18,18.8,25.33,0.0,
2002-08-10,31.8,66,12,16.3,25.52,0.0,
2002-08-11,33.0,68,8,17.3,26.83,0.0,
2002-08-12,34.1,72,12,15.3,26.5,0.0,
2002-08-13,34.0,64,3,15.9,26.34,0.0,
2002-08-14,31.7,73,17,18.8,25.48,0.0,
2002-08-15,30.6,70,27,21.6,23.84,0.0,
2002-08-16,30.4,69,27,20.3,22.23,0.1,
2002-08-17,30.2,66,24,19.9,23.28,0.0,
2002-08-18,30.4,68,14,18.1,23.05,0.0,
2002-08-19,30.5,70,25,16.1,21.79,0.0,
2002-08-20,31.0,70,20,17.9,23.69,0.0,
2002-08-21,30.0,71,26,17.1,22.98,0.0,
2002-08-22,30.7,68,16,17.4,24.27,0.0,
2002-08-23,30.7,69,13,16.6,23.89,0.0,
2002-08-24,30.8,72,14,16.5,24.68,0.0,
2002-08-25,31.2,75,10,17.7,24.54,0.0,
2002-08-26,31.0,76,20,17.8,24.12,0.0,
2002-08-27,31.5,73,16,17.9,24.02,0.0,
2002-08-28,32.9,67,8,18.9,24.72,0.0,
2002-08-29,31.7,66,11,17.4,24.44,0.0,
2002-08-30,31.9,68,9,16.1,24.65,0.0,
2002-08-31,31.0,71,15,16.9,23.44,0.0,
2002-09-01,33.7,61,8,18.7,24.74,0.0,
2002-09-02,32.7,60,0,18.6,24.59,0.0,
2002-09-03,29.9,72,21,17.5,22.73,0.0,
2002-09-04,30.1,70,32,15.8,21.5,0.0,
2002-09-05,29.7,70,21,17.9,20.62,0.0,
2002-09-06,29.4,68,21,18.5,20.64,0.0,
2002-09-07,29.0,72,19,16.8,19.32,0.3,
2002-09-08,29.7,71,16,15.6,21.05,0.0,
2002-09-09,30.2,66,10,15.8,22.7,0.0,
2002-09-10,33.9,55,1,15.7,23.54,0.0,
2002-09-11,34.1,51,12,15.6,20.3,1.5,
2002-09-12,28.9,73,16,17.1,18.64,0.5,
2002-09-13,30.3,68,9,17.4,22.48,0.0,
2002-09-14,29.8,72,16,17.9,20.37,0.0,
2002-09-15,35.0,62,12,19.2,22.53,0.0,
2002-09-16,36.6,43,0,15.2,22.83,0.0,
2002-09-17,37.4,35,0,15.8,22.72,0.0,
2002-09-18,30.6,55,6,18.1,21.14,0.0,
2002-09-19,28.8,62,17,17.4,20.24,0.0,
2002-09-20,29.7,65,23,16.6,17.38,0.0,
2002-09-21,31.5,65,0,17.9,21.61,0.0,
2002-09-22,29.8,67,4,15.3,21.24,0.0,
2002-09-23,30.0,70,4,15.6,21.07,0.0,
2002-09-24,30.0,63,23,13.6,21.49,0.0,
2002-09-25,29.7,61,18,14.1,21.5,0.0,
2002-09-26,29.7,68,1,13.8,21.17,0.0,
2002-09-27,31.9,73,13,16.7,20.36,0.0,
2002-09-28,35.0,56,1,16.9,20.76,0.0,
2002-09-29,39.2,43,1,11.9,20.89,0.0,
2002-09-30,38.9,34,6,12.1,20.75,0.0,
2002-10-01,36.6,44,15,15.8,20.53,0.0,
2002-10-02,29.3,71,73,20.4,18.36,0.0,
2002-10-03,26.4,73,97,14.1,9.36,0.0,
2002-10-04,26.6,66,28,14.9,16.96,0.0,
2002-10-05,28.3,60,2,14.3,20.04,0.0,
2002-10-06,29.0,68,11,14.1,19.16,0.0,
2002-10-07,28.9,70,68,17.1,17.99,0.0,
2002-10-08,28.8,66,13,17.0,18.93,0.0,
2002-10-09,28.2,69,4,17.3,18.28,0.0,
2002-10-10,29.7,70,22,16.6,16.96,0.0,
2002-10-11,33.1,71,15,11.5,17.94,0.0,
2002-10-12,33.9,69,22,7.1,18.08,0.0,
2002-10-13,33.1,76,56,9.2,17.03,0.0,
2002-10-14,29.6,77,55,15.8,14.18,0.0,30.0
2002-10-15,31.8,70,27,14.7,16.31,0.0,32.0
2002-10-16,23.7,79,64,11.3,12.24,0.9,25.0
2002-10-17,24.0,82,53,11.6,10.55,1.2,26.0
2002-10-18,28.2,83,38,10.2,15.65,2.1,28.0
2002-10-19,29.4,79,11,11.3,17.1,1.2,29.0
2002-10-20,28.3,75,19,12.1,14.86,0.2,29.0
2002-10-21,25.5,78,29,16.1,13.33,2.6,35.0
2002-10-22,26.9,66,8,10.0,16.86,0.0,27.0
2002-10-23,30.4,62,0,10.4,17.33,0.0,29.0
2002-10-24,31.7,66,12,11.0,17.21,0.0,30.0
2002-10-25,30.1,75,8,14.3,16.72,0.0,29.0
2002-10-26,26.9,77,7,12.0,15.99,0.0,28.0
2002-10-27,27.2,74,26,15.0,15.98,0.0,27.0
2002-10-28,26.0,74,68,11.8,12.71,0.0,26.0
2002-10-29,25.9,76,16,15.0,14.35,0.2,26.0
2002-10-30,25.4,71,40,10.2,13.84,0.3,26.0
2002-10-31,24.7,76,55,11.9,11.31,1.8,26.0
2002-11-01,25.1,69,9,13.3,14.63,0.0,25.0
2002-11-02,26.0,69,4,9.0,15.76,0.0,27.0
2002-11-03,28.8,61,0,10.0,16.19,0.0,27.0
2002-11-04,27.6,63,86,10.7,11.2,2.9,29.0
2002-11-05,23.9,82,62,15.9,10.34,6.2,26.0
2002-11-06,24.7,71,26,10.4,13.35,0.0,24.0
2002-11-07,27.4,64,93,9.1,13.87,0.0,28.0
2002-11-08,29.0,52,19,13.6,15.4,0.0,30.0
2002-11-09,32.1,54,96,10.9,10.58,0.0,31.0
2002-11-10,25.0,67,24,18.4,14.23,0.0,26.0
2002-11-11,24.2,56,35,13.9,13.49,0.0,23.0
2002-11-12,21.9,66,43,19.6,9.16,1.3,23.0
2002-11-13,22.0,71,37,12.5,9.41,0.1,23.0
2002-11-14,23.8,68,13,10.3,13.95,0.0,24.0
2002-11-15,26.3,66,5,11.9,14.68,0.0,27.0
2002-11-16,27.1,46,0,13.0,14.96,0.0,28.0
2002-11-17,26.1,30,0,12.8,15.2,0.0,28.0
2002-11-18,25.4,26,0,17.0,15.04,0.0,48.0
2002-11-19,26.4,24,0,15.0,14.78,0.0,27.0
2002-11-20,26.6,23,0,12.7,14.73,0.0,28.0
2002-11-21,27.6,26,16,13.2,14.51,0.0,30.0
2002-11-22,29.3,37,35,13.8,13.67,0.0,29.0
2002-11-23,22.2,77,41,15.7,9.72,0.4,24.0
2002-11-24,21.0,72,45,26.0,9.54,5.7,23.0
2002-11-25,21.3,62,24,15.6,9.35,0.0,22.0
2002-11-26,22.6,68,6,3.6,13.27,0.0,24.0
2002-11-27,23.2,60,62,5.1,12.05,0.0,24.0
2002-11-28,24.0,54,88,13.1,9.01,0.0,26.0
2002-11-29,19.9,53,48,25.9,10.71,2.1,23.0
2002-11-30,21.6,60,35,15.0,12.0,0.0,21.0
2002-12-01,21.0,69,21,7.4,10.39,0.0,22.0
2002-12-02,21.5,62,90,17.6,9.6,0.0,23.0
2002-12-03,22.9,67,34,13.9,12.23,0.0,23.0
2002-12-04,23.4,69,19,10.0,12.56,0.0,24.0
2002-12-05,24.4,63,0,11.1,12.68,0.0,25.0
2002-12-06,24.7,64,20,12.3,12.68,0.0,25.0
2002-12-07,22.6,64,72,9.0,11.32,0.0,22.0
2002-12-08,24.0,56,37,9.4,12.61,0.0,26.0
2002-12-09,18.9,72,45,25.1,8.2,3.8,21.0
2002-12-10,17.7,89,72,20.4,7.49,17.3,19.0
2002-12-11,17.2,80,46,18.8,7.11,9.7,19.0
2002-12-12,17.0,69,23,21.5,11.08,0.8,18.0
2002-12-13,16.1,65,22,9.9,11.12,0.0,16.0
2002-12-14,16.8,63,34,5.9,11.27,0.0,18.0
2002-12-15,18.4,73,21,11.2,10.25,0.0,19.0
2002-12-16,17.6,82,66,8.3,5.55,1.9,17.0
2002-12-17,16.7,83,82,16.3,5.11,4.1,17.0
2002-12-18,16.9,86,66,22.4,8.1,11.5,19.0
2002-12-19,17.7,76,48,24.7,6.68,1.7,18.0
2002-12-20,15.8,69,74,31.0,4.12,23.1,17.0
2002-12-21,12.7,71,50,32.4,9.8,4.4,14.0
2002-12-22,14.7,73,47,9.9,8.61,0.0,14.0
2002-12-23,15.4,76,61,10.2,7.79,0.0,16.0
2002-12-24,14.7,86,66,14.3,7.33,4.9,14.0
2002-12-25,15.8,89,70,14.1,6.47,4.3,18.0
2002-12-26,15.3,89,62,11.9,5.5,5.8,16.0
2002-12-27,18.8,74,33,10.4,9.59,1.0,20.0
2002-12-28,19.0,72,9,10.0,11.74,0.0,20.0
2002-12-29,20.0,71,5,8.5,12.57,0.0,21.0
2002-12-30,19.7,70,15,10.2,12.49,1.9,22.0
2002-12-31,16.4,79,42,11.6,7.55,0.0,
2003-01-01,19.1,74,30,7.9,11.1,0.0,20.0
2003-01-02,18.2,67,8,16.6,12.23,0.0,19.0
2003-01-03,15.3,77,60,19.7,6.56,1.1,14.0
2003-01-04,17.7,79,39,22.5,7.68,3.4,19.0
2003-01-05,19.1,63,34,17.6,12.42,0.0,21.0
2003-01-06,22.1,51,24,11.2,13.29,0.0,23.0
2003-01-07,24.2,60,58,7.4,11.97,0.0,24.0
2003-01-08,21.7,63,0,9.1,13.44,0.0,22.0
2003-01-09,18.7,79,17,6.6,13.0,0.0,20.0
2003-01-10,21.0,69,13,10.5,13.32,0.0,22.0
2003-01-11,24.0,50,0,15.4,13.79,0.0,27.0
2003-01-12,27.0,47,5,14.7,13.75,0.0,29.0
2003-01-13,20.2,73,53,13.8,11.6,0.0,20.0
2003-01-14,18.1,77,83,19.3,10.24,0.9,19.0
2003-01-15,15.2,74,58,23.2,9.39,4.9,16.0
2003-01-16,16.8,63,32,17.6,10.27,0.0,17.0
2003-01-17,17.1,62,34,9.9,11.65,0.0,17.0
2003-01-18,16.3,77,61,17.2,7.93,1.0,17.0
2003-01-19,16.5,74,83,8.7,7.68,0.0,17.0
2003-01-20,16.6,78,74,9.0,8.52,7.0,15.0
2003-01-21,15.1,86,54,15.0,9.75,1.9,14.0
2003-01-22,16.7,78,79,9.9,9.06,2.4,17.0
2003-01-23,18.1,72,46,8.4,11.56,0.0,18.0
2003-01-24,18.5,71,36,8.4,13.42,0.0,19.0
2003-01-25,20.5,68,37,8.2,14.35,0.0,20.0
2003-01-26,22.2,63,0,11.8,14.71,0.0,22.0
2003-01-27,16.5,64,23,21.9,11.65,1.8,17.0
2003-01-28,15.9,53,29,23.0,11.67,0.0,17.0
2003-01-29,16.4,65,57,21.6,10.61,3.3,18.0
2003-01-30,17.5,77,31,9.5,11.61,0.6,19.0
2003-01-31,21.1,66,2,10.5,15.7,0.0,21.0
2003-02-01,19.5,66,6,6.5,15.6,0.0,20.0
2003-02-02,21.7,58,1,21.9,16.05,0.0,23.0
2003-02-03,15.9,54,14,24.0,15.21,0.0,16.0
2003-02-04,13.7,73,62,24.1,10.02,7.2,15.0
2003-02-05,16.7,74,29,11.9,11.47,0.0,17.0
2003-02-06,19.4,62,15,8.8,15.84,0.0,19.0
2003-02-07,21.3,53,27,17.9,16.36,0.0,22.0
2003-02-08,15.4,75,49,24.9,10.88,7.5,16.0
2003-02-09,13.3,89,69,17.7,10.13,9.6,12.0
2003-02-10,12.7,89,69,11.4,7.99,4.5,14.0
2003-02-11,17.1,73,40,12.4,15.02,0.0,17.0
2003-02-12,18.4,60,66,17.7,10.51,3.5,19.0
2003-02-13,16.6,70,32,28.4,14.86,3.1,17.0
2003-02-14,14.3,92,78,18.7,11.8,13.0,14.0
2003-02-15,14.8,88,65,18.0,12.27,8.0,16.0
2003-02-16,15.8,71,67,16.0,15.41,0.0,17.0
2003-02-17,20.9,64,24,12.8,16.82,0.0,22.0
2003-02-18,22.7,61,25,30.9,17.34,0.4,23.0
2003-02-19,16.0,68,45,29.3,12.54,2.7,17.0
2003-02-20,13.9,82,65,28.6,12.77,14.4,14.0
2003-02-21,15.0,78,81,32.0,7.57,10.3,16.0
2003-02-22,14.0,77,65,19.1,12.72,4.7,14.0
2003-02-23,17.6,66,60,8.1,15.03,0.0,19.0
2003-02-24,11.8,84,59,29.7,13.02,12.8,13.0
2003-02-25,10.0,86,79,28.8,11.25,15.4,11.0
2003-02-26,12.5,86,63,24.7,13.46,10.2,12.0
2003-02-27,14.0,83,53,18.4,13.47,1.9,16.0
2003-02-28,15.2,76,39,8.0,13.04,0.1,16.0
2003-03-01,19.6,61,2,14.6,20.2,0.0,21.0
2003-03-02,20.6,49,66,22.6,12.21,0.0,24.0
2003-03-03,17.6,70,40,28.2,15.32,2.9,18.0
2003-03-04,17.1,83,62,11.6,13.48,1.8,18.0
2003-03-05,20.9,70,28,11.2,18.29,0.0,20.0
2003-03-06,17.7,76,43,18.3,15.18,4.7,18.0
2003-03-07,17.1,83,60,13.8,13.99,3.4,18.0
2003-03-08,20.8,75,8,10.7,20.89,0.0,21.0
2003-03-09,16.7,77,34,17.1,15.11,0.2,18.0
2003-03-10,17.1,78,63,13.2,14.51,0.3,18.0
2003-03-11,16.3,77,78,15.0,11.75,0.2,18.0
2003-03-12,14.1,88,65,18.4,15.53,8.9,15.0
2003-03-13,16.8,75,50,21.7,14.16,1.0,17.0
2003-03-14,20.5,66,2,8.7,21.83,0.0,21.0
2003-03-15,25.0,65,2,10.0,22.23,0.0,25.0
2003-03-16,18.4,87,58,16.8,14.87,2.9,19.0
2003-03-17,19.9,75,22,8.9,19.64,0.0,20.0
2003-03-18,17.5,56,29,34.8,19.54,2.7,19.0
2003-03-19,14.6,91,86,30.1,12.72,23.8,16.0
2003-03-20,15.1,70,52,25.3,18.01,1.2,15.0
2003-03-21,14.7,72,41,19.1,17.24,2.1,15.0
2003-03-22,15.1,79,37,15.6,16.73,2.9,16.0
2003-03-23,16.3,75,47,11.3,17.68,0.6,16.0
2003-03-24,15.3,73,98,12.1,6.13,4.8,16.0
2003-03-25,11.2,85,88,27.5,16.71,18.1,10.0
2003-03-26,16.5,75,71,36.2,14.14,6.9,16.0
2003-03-27,17.7,75,45,13.4,17.52,0.0,18.0
2003-03-28,19.3,67,0,12.9,24.34,0.0,20.0
2003-03-29,18.1,68,48,16.4,20.23,0.0,18.0
2003-03-30,17.6,69,28,16.3,18.76,0.0,19.0
2003-03-31,19.4,72,28,10.2,20.05,0.2,19.0
2003-04-01,23.0,63,21,7.6,24.04,0.0,25.0
2003-04-02,30.8,47,55,12.8,23.37,0.0,32.0
2003-04-03,27.8,52,72,14.1,22.76,0.0,27.0
2003-04-04,36.1,42,35,14.5,24.95,0.0,37.0
2003-04-05,38.5,32,46,21.3,24.1,0.0,39.0
2003-04-06,24.3,58,68,15.0,22.18,0.0,24.0
2003-04-07,24.1,62,35,11.5,22.94,0.0,25.0
2003-04-08,23.9,63,19,19.4,24.65,0.0,24.0
2003-04-09,20.5,74,7,15.9,24.71,0.0,21.0
2003-04-10,18.9,68,16,15.8,25.27,0.0,19.0
2003-04-11,22.9,69,60,12.5,22.9,0.0,21.0
2003-04-12,23.6,67,32,19.1,24.72,0.0,21.0
2003-04-13,21.3,71,15,14.2,25.06,0.0,22.0
2003-04-14,21.4,72,16,15.1,24.99,0.0,22.0
2003-04-15,19.5,74,32,21.6,21.03,2.3,20.0
2003-04-16,19.6,76,29,15.5,20.07,0.6,18.0
2003-04-17,25.2,63,11,11.6,26.3,0.0,25.0
2003-04-18,33.2,42,35,14.8,22.44,0.0,31.0
2003-04-19,25.4,61,9,19.4,25.34,0.0,25.0
2003-04-20,18.5,73,39,22.5,20.74,2.0,20.0
2003-04-21,18.6,80,59,17.8,17.69,3.1,19.0
2003-04-22,18.8,72,38,15.9,18.94,0.0,21.0
2003-04-23,27.7,57,2,10.3,26.71,0.0,31.0
2003-04-24,34.9,31,27,15.9,26.97,0.0,36.0
2003-04-25,29.0,48,51,31.9,24.64,0.0,28.0
2003-04-26,18.4,71,33,24.2,20.38,2.2,19.0
2003-04-27,17.3,80,69,18.4,17.99,7.5,20.0
2003-04-28,20.4,70,23,17.3,23.97,0.1,22.0
2003-04-29,22.5,59,19,14.7,28.22,0.0,23.0
2003-04-30,25.7,63,0,13.2,27.95,0.0,25.0
2003-05-01,31.6,50,0,14.9,27.91,0.0,31.0
2003-05-02,34.4,33,14,14.6,27.85,0.0,34.0
2003-05-03,34.9,28,0,14.0,28.17,0.0,34.0
2003-05-04,36.2,26,9,14.2,28.21,0.0,38.0
2003-05-05,33.6,30,11,12.0,27.46,0.0,32.0
2003-05-06,28.6,50,4,13.3,27.77,0.0,29.0
2003-05-07,29.5,58,6,14.5,27.68,0.0,28.0
2003-05-08,35.2,31,3,14.7,28.0,0.0,36.0
2003-05-09,37.0,21,13,14.2,27.54,0.0,38.0
2003-05-10,37.5,19,8,15.9,28.35,0.0,38.0
2003-05-11,34.6,34,7,11.8,27.38,0.0,29.0
2003-05-12,34.1,54,6,12.7,27.75,0.0,30.0
2003-05-13,31.9,51,9,14.2,28.16,0.0,31.0
2003-05-14,30.0,55,2,16.3,28.65,0.0,30.0
2003-05-15,30.9,42,19,16.3,28.08,0.0,32.0
2003-05-16,37.9,32,12,9.7,27.29,0.0,40.0
2003-05-17,29.6,53,2,12.8,28.35,0.0,29.0
2003-05-18,29.6,57,0,16.6,28.55,0.0,29.0
2003-05-19,29.5,58,0,16.6,28.79,0.0,30.0
2003-05-20,29.6,62,19,15.8,28.33,0.0,28.0
2003-05-21,27.2,69,22,16.2,25.23,0.0,29.0
2003-05-22,27.0,66,8,16.9,27.64,0.0,27.0
2003-05-23,29.6,57,10,16.4,28.81,0.0,31.0
2003-05-24,35.6,45,0,20.6,28.8,0.0,35.0
2003-05-25,30.4,56,9,17.2,27.06,0.0,29.0
2003-05-26,28.8,48,31,18.8,28.79,0.0,29.0
2003-05-27,25.7,68,34,17.0,24.68,0.0,26.0
2003-05-28,27.5,61,21,14.5,27.64,0.0,27.0
2003-05-29,41.9,38,58,22.6,23.06,0.0,42.0
2003-05-30,26.8,59,57,22.8,27.45,0.0,27.0
2003-05-31,26.4,62,18,18.7,26.58,0.0,27.0
2003-06-01,26.2,67,11,14.7,24.19,0.0,28.0
2003-06-02,26.7,65,6,17.7,27.54,0.0,28.0
2003-06-03,27.4,63,7,17.0,28.1,0.0,28.0
2003-06-04,28.9,62,24,16.1,28.39,0.0,27.0
2003-06-05,31.3,66,7,18.3,28.56,0.0,29.0
2003-06-06,31.4,67,2,17.3,28.53,0.0,30.0
2003-06-07,30.3,63,0,17.0,28.71,0.0,29.0
2003-06-08,29.8,58,0,15.5,28.65,0.0,31.0
2003-06-09,28.6,67,11,15.9,28.52,0.0,29.0
2003-06-10,28.4,67,7,15.0,28.73,0.0,29.0
2003-06-11,28.1,71,9,15.6,28.27,0.0,28.0
2003-06-12,28.1,72,10,15.5,27.02,0.0,29.0
2003-06-13,28.2,71,12,15.0,26.88,0.6,29.0
2003-06-14,29.5,71,12,15.4,26.07,0.0,29.0
2003-06-15,30.5,65,3,14.7,27.68,0.0,31.0
2003-06-16,32.0,59,2,16.6,28.44,0.0,33.0
2003-06-17,34.0,47,0,19.6,29.37,0.0,35.0
2003-06-18,31.1,52,0,18.7,28.89,0.0,31.0
2003-06-19,29.8,67,4,15.5,28.38,0.0,30.0
2003-06-20,29.5,68,14,18.4,28.01,0.0,29.0
2003-06-21,28.8,68,11,16.7,27.67,0.0,29.0
2003-06-22,29.5,69,7,19.2,27.55,0.0,30.0
2003-06-23,29.2,72,13,17.1,27.16,0.0,29.0
2003-06-24,30.7,72,5,16.0,28.27,0.0,30.0
2003-06-25,32.9,63,1,16.6,28.91,0.0,32.0
2003-06-26,32.1,61,0,17.1,29.31,0.0,32.0
2003-06-27,32.6,58,1,17.0,29.22,0.0,33.0
2003-06-28,31.5,61,3,14.9,28.65,0.0,32.0
2003-06-29,31.7,63,1,16.3,28.8,0.0,31.0
2003-06-30,31.2,68,6,17.2,28.06,0.0,32.0
2003-07-01,30.1,68,16,18.4,26.0,0.0,31.0
2003-07-02,32.8,60,4,15.4,28.46,0.0,33.0
2003-07-03,35.4,48,0,16.6,29.08,0.0,35.0
2003-07-04,34.1,48,0,17.3,29.19,0.0,34.0
2003-07-05,32.5,60,3,14.0,29.26,0.0,32.0
2003-07-06,34.3,54,0,14.4,28.98,0.0,35.0
2003-07-07,31.5,67,10,19.1,27.87,0.0,32.0
2003-07-08,30.2,68,19,18.4,26.76,0.0,30.0
2003-07-09,30.1,66,19,17.0,26.13,0.0,30.0
2003-07-10,30.5,69,18,17.2,26.18,0.0,30.0
2003-07-11,31.0,72,22,17.3,27.4,0.0,31.0
2003-07-12,30.1,68,8,15.5,28.31,0.0,31.0
2003-07-13,29.7,65,7,16.9,28.53,0.0,30.0
2003-07-14,29.5,67,12,16.3,27.27,0.0,30.0
2003-07-15,30.2,69,5,16.3,27.47,0.0,30.0
2003-07-16,30.2,69,9,16.1,27.89,0.0,32.0
2003-07-17,30.3,65,9,16.4,27.56,0.0,30.0
2003-07-18,31.3,64,3,15.1,27.84,0.0,31.0
2003-07-19,33.3,63,1,16.7,28.18,0.0,32.0
2003-07-20,34.1,56,0,17.8,28.65,0.0,34.0
2003-07-21,32.2,61,1,18.2,28.19,0.0,33.0
2003-07-22,29.7,71,23,17.2,26.37,0.0,30.0
2003-07-23,30.8,67,10,18.7,26.84,0.0,31.0
2003-07-24,31.3,67,11,18.9,26.47,0.0,31.0
2003-07-25,31.5,68,4,20.3,27.21,0.0,31.0
2003-07-26,31.2,65,6,17.9,26.87,0.0,31.0
2003-07-27,31.6,65,5,16.4,26.92,0.0,31.0
2003-07-28,31.2,65,4,16.9,26.88,0.0,31.0
2003-07-29,31.7,66,4,17.1,27.16,0.0,32.0
2003-07-30,31.6,70,11,17.5,26.54,0.0,32.0
2003-07-31,32.4,67,12,16.6,27.36,0.0,33.0
2003-08-01,33.7,60,0,16.7,27.62,0.0,33.0
2003-08-02,32.7,67,24,17.7,27.13,0.0,33.0
2003-08-03,31.5,69,6,16.4,27.27,0.0,33.0
2003-08-04,31.9,71,10,15.2,26.78,0.0,32.0
2003-08-05,31.1,71,13,15.5,26.45,0.0,32.0
2003-08-06,31.0,70,12,14.5,27.01,0.0,31.0
2003-08-07,30.9,71,16,14.2,26.24,0.0,32.0
2003-08-08,31.5,71,10,14.6,25.71,0.0,32.0
2003-08-09,32.2,72,9,15.3,26.19,0.0,32.0
2003-08-10,31.8,74,16,17.3,25.9,0.0,33.0
2003-08-11,31.0,71,13,16.6,25.7,0.0,32.0
2003-08-12,31.2,67,6,15.8,26.06,0.0,32.0
2003-08-13,31.5,70,3,15.6,26.42,0.0,32.0
2003-08-14,31.8,72,9,15.8,26.01,0.0,32.0
2003-08-15,32.3,71,6,16.1,26.0,0.0,33.0
2003-08-16,32.4,68,8,16.3,26.52,0.0,33.0
2003-08-17,32.4,69,7,16.1,26.68,0.0,32.0
2003-08-18,32.0,71,10,15.1,26.24,0.0,32.0
2003-08-19,31.5,73,12,15.0,25.67,0.0,33.0
2003-08-20,31.7,73,15,16.9,25.56,0.0,32.0
2003-08-21,31.3,70,13,16.9,25.26,0.0,31.0
2003-08-22,31.7,66,7,14.7,25.3,0.0,31.0
2003-08-23,32.5,66,6,16.1,25.99,0.0,32.0
2003-08-24,32.1,71,15,15.2,24.89,0.0,32.0
2003-08-25,33.2,67,8,15.9,25.44,0.0,33.0
2003-08-26,32.0,69,6,17.4,25.28,0.0,33.0
2003-08-27,30.8,71,16,17.3,23.96,0.0,31.0
2003-08-28,31.3,68,10,16.1,24.45,0.0,32.0
2003-08-29,32.8,70,7,16.5,24.67,0.0,32.0
2003-08-30,32.4,68,2,15.5,24.33,0.0,33.0
2003-08-31,31.3,72,9,15.9,23.82,0.0,32.0
2003-09-01,31.8,72,7,14.5,23.98,0.0,32.0
2003-09-02,33.7,65,6,13.9,24.83,0.0,34.0
2003-09-03,33.1,62,1,14.8,24.53,0.0,33.0
2003-09-04,31.1,71,10,17.3,23.23,0.0,32.0
2003-09-05,29.2,72,24,21.7,20.39,0.9,30.0
2003-09-06,29.0,57,20,16.7,21.96,0.0,29.0
2003-09-07,30.3,53,7,19.2,23.55,0.0,30.0
2003-09-08,30.7,55,1,15.6,23.99,0.0,30.0
2003-09-09,29.9,60,0,16.8,23.87,0.0,30.0
2003-09-10,31.3,64,0,16.8,23.35,0.0,31.0
2003-09-11,32.2,61,0,14.0,23.27,0.0,33.0
2003-09-12,31.5,61,5,16.8,22.99,0.0,32.0
2003-09-13,29.2,72,22,16.1,20.7,0.0,30.0
2003-09-14,30.1,67,6,16.9,22.62,0.0,30.0
2003-09-15,29.7,68,4,17.8,22.41,0.0,30.0
2003-09-16,29.9,69,4,16.1,21.99,0.0,30.0
2003-09-17,30.8,70,5,13.8,22.01,0.0,32.0
2003-09-18,28.8,68,12,15.8,20.8,0.0,29.0
2003-09-19,28.4,65,13,16.6,19.77,0.0,29.0
2003-09-20,29.8,62,9,19.0,21.21,0.0,30.0
2003-09-21,30.3,58,0,17.7,22.21,0.0,30.0
2003-09-22,31.1,69,0,13.4,21.41,0.0,31.0
2003-09-23,30.2,75,4,12.6,20.83,0.0,30.0
2003-09-24,30.6,69,0,16.5,21.66,0.0,31.0
2003-09-25,29.6,61,0,16.0,21.87,0.0,30.0
2003-09-26,28.6,69,6,12.7,21.11,0.0,29.0
2003-09-27,27.9,68,3,14.9,20.9,0.0,29.0
2003-09-28,27.7,72,20,15.3,19.08,0.0,28.0
2003-09-29,27.1,73,25,15.4,16.74,0.0,28.0
2003-09-30,27.2,70,26,15.5,18.86,0.0,28.0
2003-10-01,27.8,70,10,15.0,18.53,0.0,29.0
2003-10-02,26.7,77,26,15.1,15.49,0.2,28.0
2003-10-03,26.2,76,27,12.1,14.37,0.2,28.0
2003-10-04,29.0,71,8,14.0,19.31,0.0,29.0
2003-10-05,33.4,65,9,11.8,19.97,0.0,33.0
2003-10-06,34.4,52,0,10.0,20.03,0.0,32.0
2003-10-07,30.4,68,2,14.4,19.5,0.0,31.0
2003-10-08,28.4,74,4,11.7,18.82,0.0,29.0
2003-10-09,31.2,73,29,14.2,18.88,0.0,30.0
2003-10-10,28.6,75,63,15.8,17.15,0.0,29.0
2003-10-11,26.1,71,10,17.1,17.62,0.0,27.0
2003-10-12,25.1,66,24,13.9,15.91,0.0,26.0
2003-10-13,25.7,67,0,13.2,18.66,0.0,27.0
2003-10-14,27.9,68,11,15.1,18.03,0.0,27.0
2003-10-15,27.3,78,55,14.3,13.55,0.0,28.0
2003-10-16,26.7,75,38,14.2,15.17,0.0,27.0
2003-10-17,26.1,72,3,13.7,17.73,0.0,27.0
2003-10-18,25.9,75,17,13.8,16.96,0.0,27.0
2003-10-19,27.1,74,6,15.1,16.99,0.0,27.0
2003-10-20,30.0,71,17,12.9,17.4,0.0,28.0
2003-10-21,33.9,56,11,13.0,17.64,0.0,34.0
2003-10-22,35.4,40,1,11.5,17.5,0.0,34.0
2003-10-23,33.8,47,8,10.2,17.25,0.0,33.0
2003-10-24,31.4,55,1,10.8,17.38,0.0,31.0
2003-10-25,31.6,51,72,10.5,14.6,0.0,30.0
2003-10-26,31.5,51,85,14.0,15.26,0.0,33.0
2003-10-27,25.3,75,64,18.4,13.53,0.0,26.0
2003-10-28,26.2,68,69,25.6,14.66,0.8,29.0
2003-10-29,21.7,69,55,23.9,12.1,6.1,24.0
2003-10-30,22.2,62,70,8.6,13.76,0.0,24.0
2003-10-31,27.9,53,63,6.5,13.28,0.0,30.0
2003-11-01,32.1,45,34,11.4,16.04,0.0,33.0
2003-11-02,31.0,57,7,10.2,15.78,0.0,32.0
2003-11-03,31.2,55,0,6.3,16.05,0.0,32.0
2003-11-04,32.2,46,5,9.3,15.72,0.0,31.0
2003-11-05,29.4,61,63,9.2,14.92,0.0,29.0
2003-11-06,27.7,75,71,10.1,13.96,0.0,27.0
2003-11-07,27.3,65,94,15.6,13.95,0.0,27.0
2003-11-08,23.3,80,57,14.5,11.31,1.5,25.0
2003-11-09,21.8,81,64,14.2,9.54,2.4,24.0
2003-11-10,20.1,79,51,23.8,10.99,5.6,22.0
2003-11-11,19.4,74,51,24.2,9.97,8.0,20.0
2003-11-12,20.9,67,93,9.9,9.32,0.0,22.0
2003-11-13,21.4,65,52,13.4,14.42,0.0,22.0
2003-11-14,22.0,67,16,12.3,13.68,0.0,23.0
2003-11-15,23.2,62,12,10.5,14.81,0.0,25.0
2003-11-16,23.0,63,0,11.0,14.59,0.0,24.0
2003-11-17,23.8,61,0,11.5,14.52,0.0,25.0
2003-11-18,22.7,65,0,11.6,14.6,0.0,23.0
2003-11-19,21.0,75,35,14.3,10.32,0.2,23.0
2003-11-20,22.7,72,21,9.9,11.47,0.0,24.0
2003-11-21,24.8,62,0,9.4,14.14,0.0,26.0
2003-11-22,26.2,43,21,15.9,14.21,0.0,29.0
2003-11-23,27.1,36,14,16.7,13.71,1.4,30.0
2003-11-24,23.4,58,38,10.8,11.04,1.2,23.0
2003-11-25,21.7,70,30,8.7,11.43,0.1,23.0
2003-11-26,21.8,75,22,9.5,10.85,0.0,22.0
2003-11-27,22.2,72,17,10.2,12.52,0.0,23.0
2003-11-28,20.3,71,25,7.1,9.88,0.0,22.0
2003-11-29,21.1,70,27,6.9,11.24,0.0,21.0
2003-11-30,22.8,66,44,9.0,11.99,0.0,24.0
2003-12-01,22.2,66,63,8.4,10.81,1.0,23.0
2003-12-02,17.9,83,61,8.4,7.45,3.3,19.0
2003-12-03,18.9,80,40,8.9,9.03,0.5,21.0
2003-12-04,17.4,83,62,14.8,8.5,6.9,17.0
2003-12-05,17.0,79,61,9.0,9.31,2.9,17.0
2003-12-06,17.2,88,51,11.9,8.71,3.3,17.0
2003-12-07,19.6,68,29,11.9,11.96,0.1,20.0
2003-12-08,22.2,63,3,9.0,12.55,0.0,24.0
2003-12-09,21.3,68,15,8.0,11.83,0.0,22.0
2003-12-10,21.1,73,18,7.6,11.8,0.0,22.0
2003-12-11,22.6,66,28,10.3,12.54,0.0,25.0
2003-12-12,22.0,61,32,12.9,12.51,0.0,25.0
2003-12-13,22.8,55,91,18.3,11.49,0.0,26.0
2003-12-14,26.4,53,95,15.0,10.45,2.1,30.0
2003-12-15,20.6,72,53,16.4,8.7,7.1,21.0
2003-12-16,20.6,59,7,18.4,12.0,0.0,21.0
2003-12-17,21.1,54,45,20.5,11.5,0.0,23.0
2003-12-18,16.3,72,56,33.6,7.8,12.7,18.0
2003-12-19,13.5,74,61,21.5,7.83,6.8,14.0
2003-12-20,14.3,79,51,7.6,7.01,0.5,16.0
2003-12-21,17.2,66,12,13.7,12.47,0.0,18.0
2003-12-22,17.5,62,19,20.5,11.96,0.0,19.0
2003-12-23,16.5,70,23,12.5,9.24,0.0,18.0
2003-12-24,17.6,66,50,13.4,7.73,0.0,19.0
2003-12-25,20.5,63,2,14.3,12.66,0.0,22.0
2003-12-26,15.5,64,14,21.1,11.66,0.7,17.0
2003-12-27,15.1,53,44,19.3,11.99,1.5,16.0
2003-12-28,15.6,82,51,11.2,8.23,1.4,18.0
2003-12-29,18.5,75,26,11.2,11.09,0.0,19.0
2003-12-30,19.6,57,18,17.8,12.8,0.0,21.0
2003-12-31,19.3,62,0,12.1,12.93,0.0,19.0
2004-01-01,18.1,72,11,13.6,11.4,0.0,
2004-01-02,19.5,61,34,14.2,12.43,0.1,
2004-01-03,17.5,55,2,13.3,13.08,0.0,
2004-01-04,19.8,52,0,8.8,13.26,0.0,
2004-01-05,18.9,52,10,17.8,12.74,0.0,
2004-01-06,17.7,71,23,14.3,11.33,0.3,
2004-01-07,13.1,80,60,30.3,6.76,12.8,
2004-01-08,11.5,88,74,14.6,5.71,9.2,
2004-01-09,13.8,82,52,13.2,9.01,3.5,
2004-01-10,15.6,75,70,9.7,10.16,1.0,
2004-01-11,18.3,62,44,14.3,12.68,0.0,
2004-01-12,14.6,64,59,16.2,5.05,4.7,
2004-01-13,15.4,84,79,17.3,10.35,4.4,
2004-01-14,15.0,89,78,20.3,6.99,20.3,
2004-01-15,17.9,81,56,13.7,6.81,3.8,
2004-01-16,19.8,65,90,10.5,9.35,0.0,
2004-01-17,17.4,77,34,12.2,11.0,0.6,
2004-01-18,16.7,67,16,8.1,13.61,0.0,
2004-01-19,19.1,70,26,5.3,14.41,0.0,
2004-01-20,18.2,80,34,11.3,13.09,0.0,
2004-01-21,18.5,79,55,10.4,11.3,0.0,
2004-01-22,19.2,64,69,25.0,3.42,8.0,
2004-01-23,13.3,68,59,33.8,8.53,8.1,
2004-01-24,13.1,68,53,26.1,7.82,2.1,
2004-01-25,15.9,54,41,18.0,10.72,0.0,
2004-01-26,13.2,81,66,21.0,9.46,8.1,
2004-01-27,14.1,76,65,25.7,9.03,7.2,
2004-01-28,16.2,77,49,10.3,10.58,0.0,
2004-01-29,19.2,64,44,13.2,14.16,0.0,
2004-01-30,20.4,63,1,12.7,15.32,0.0,
2004-01-31,16.6,74,36,16.6,11.13,0.6,
2004-02-01,14.5,81,61,18.1,11.37,7.0,
2004-02-02,15.0,82,39,10.5,10.98,0.7,
2004-02-03,15.3,78,29,13.5,12.63,0.0,
2004-02-04,15.8,66,74,10.8,8.22,1.2,
2004-02-05,14.3,73,59,11.8,7.96,3.3,
2004-02-06,16.0,79,38,16.4,11.78,1.4,
2004-02-07,16.9,84,38,11.4,10.9,0.0,
2004-02-08,19.6,82,31,6.2,15.26,0.0,
2004-02-09,20.9,75,2,4.8,16.49,0.0,
2004-02-10,18.9,85,64,8.7,13.95,0.0,
2004-02-11,16.9,85,54,22.8,12.52,3.8,
2004-02-12,17.1,74,30,8.6,14.92,0.0,
2004-02-13,17.4,64,15,26.0,16.55,0.8,
2004-02-14,12.1,80,56,38.2,13.89,15.0,
2004-02-15,11.4,70,56,34.0,13.73,7.5,
2004-02-16,14.5,71,70,19.9,8.02,0.2,
2004-02-17,17.9,74,48,9.4,15.14,0.0,
2004-02-18,17.9,77,30,12.8,16.98,0.2,
2004-02-19,14.0,88,68,20.1,9.81,8.6,
2004-02-20,16.9,80,53,10.7,13.81,0.0,
2004-02-21,16.1,74,58,18.0,13.53,0.3,
2004-02-22,12.5,69,47,30.0,16.21,3.1,
2004-02-23,15.1,63,36,14.8,17.75,0.0,
2004-02-24,23.5,59,19,13.0,17.35,0.2,
2004-02-25,21.7,62,5,13.3,19.06,0.0,
2004-02-26,19.6,71,69,6.9,18.59,0.0,
2004-02-27,22.9,65,41,8.6,18.85,0.0,
2004-02-28,28.2,55,38,13.5,17.35,0.0,30.0
2004-02-29,30.6,45,67,14.7,17.59,0.0,
2004-03-01,28.1,51,58,9.0,17.76,0.0,
2004-03-02,26.9,60,92,10.8,14.36,0.0,
2004-03-03,31.9,55,99,9.7,16.94,0.0,
2004-03-04,34.2,32,90,17.9,18.42,0.0,
2004-03-05,25.9,49,96,18.8,14.53,0.2,
2004-03-06,16.3,77,73,17.6,7.51,11.3,
2004-03-07,15.6,59,34,15.1,19.0,0.0,
2004-03-08,17.1,63,7,12.2,20.97,0.0,
2004-03-09,18.1,73,3,14.3,20.63,0.0,
2004-03-10,19.0,70,2,13.5,21.84,0.0,
2004-03-11,19.3,72,27,14.8,20.74,0.0,
2004-03-12,17.3,70,30,13.7,20.42,0.0,
2004-03-13,17.0,76,47,16.4,14.06,3.3,
2004-03-14,17.7,63,24,19.1,19.42,0.1,
2004-03-15,17.1,54,14,20.2,17.85,0.0,
2004-03-16,18.0,61,3,11.1,22.52,0.0,
2004-03-17,18.9,63,45,15.8,19.55,0.0,
2004-03-18,17.2,69,49,17.0,17.11,0.6,
2004-03-19,18.2,70,40,17.3,19.7,2.2,
2004-03-20,19.2,63,19,15.5,18.64,0.0,
2004-03-21,23.1,55,0,12.2,23.34,0.0,
2004-03-22,27.2,40,0,15.1,24.06,0.0,
2004-03-23,30.3,28,25,20.3,23.63,0.0,
2004-03-24,22.5,58,18,14.8,23.31,0.0,
2004-03-25,20.5,77,25,15.6,22.79,0.0,
2004-03-26,21.0,71,17,13.5,23.09,0.0,
2004-03-27,28.9,58,8,12.8,23.64,0.0,
2004-03-28,31.6,37,5,11.1,23.5,0.0,
2004-03-29,25.8,57,34,11.5,23.26,0.0,
2004-03-30,25.5,58,72,15.9,21.97,0.0,
2004-03-31,21.9,72,42,15.9,22.5,0.0,
2004-04-01,25.4,57,22,11.4,23.64,0.0,
2004-04-02,25.8,57,65,24.0,22.47,0.0,
2004-04-03,19.7,75,51,17.7,17.89,1.2,
2004-04-04,21.2,65,22,19.6,22.69,0.9,
2004-04-05,23.1,53,0,12.1,26.04,0.0,
2004-04-06,21.1,60,13,16.2,22.51,0.0,
2004-04-07,20.5,66,8,15.6,24.68,0.0,
2004-04-08,22.2,70,8,15.7,24.61,0.0,
2004-04-09,25.9,68,7,15.0,25.28,0.0,
2004-04-10,28.5,47,3,13.5,25.85,0.0,
2004-04-11,30.9,34,0,15.0,26.47,0.0,
2004-04-12,30.5,38,0,14.9,26.43,0.0,
2004-04-13,29.1,43,0,13.0,26.3,0.0,
2004-04-14,30.2,42,17,17.2,25.88,0.0,
2004-04-15,23.0,59,79,16.3,15.71,0.2,
2004-04-16,20.0,64,25,30.9,22.36,1.7,
2004-04-17,21.4,56,23,16.1,26.4,0.0,
2004-04-18,26.6,50,90,10.5,21.47,0.0,
2004-04-19,23.6,55,78,21.8,17.86,0.7,
2004-04-20,23.2,67,87,12.2,20.08,0.0,
2004-04-21,29.2,60,11,24.7,25.88,0.0,
2004-04-22,21.0,72,27,17.5,18.05,0.2,
2004-04-23,20.3,70,31,18.0,19.52,0.1,
2004-04-24,21.0,68,15,16.4,21.38,0.0,
2004-04-25,24.2,61,5,11.8,27.46,0.0,
2004-04-26,31.9,45,27,10.1,25.26,0.0,
2004-04-27,28.3,36,27,15.3,26.35,0.0,
2004-04-28,31.7,33,35,18.0,25.41,0.0,
2004-04-29,26.3,50,8,21.7,27.15,0.0,
2004-04-30,21.9,73,34,16.2,24.18,0.0,
2004-05-01,25.9,58,53,17.0,26.02,0.2,
2004-05-02,29.5,50,21,20.4,26.62,0.9,
2004-05-03,22.7,71,20,14.8,23.52,0.2,
2004-05-04,23.1,73,24,15.8,23.66,0.0,
2004-05-05,27.4,57,15,13.4,27.46,0.0,
2004-05-06,35.8,34,58,15.9,25.41,0.0,
2004-05-07,27.8,48,35,15.0,28.31,0.0,
2004-05-08,29.2,51,21,14.9,27.94,0.0,
2004-05-09,33.9,31,51,14.1,21.73,0.0,
2004-05-10,35.0,31,51,22.3,24.67,0.0,
2004-05-11,23.9,68,45,16.0,26.32,0.0,
2004-05-12,22.8,71,25,18.4,26.37,0.0,
2004-05-13,25.2,64,10,11.5,27.51,0.0,
2004-05-14,32.5,47,26,23.6,26.9,0.0,
2004-05-15,22.6,71,75,25.6,23.94,0.0,
2004-05-16,22.9,73,42,21.7,25.19,1.0,
2004-05-17,24.4,64,54,15.3,25.96,0.0,
2004-05-18,28.9,46,53,14.8,27.64,0.0,
2004-05-19,29.4,48,82,13.2,20.3,0.4,
2004-05-20,24.4,64,40,17.1,27.19,1.6,
2004-05-21,24.0,66,1,17.1,28.6,0.0,
2004-05-22,24.2,69,3,16.8,28.7,0.0,
2004-05-23,24.9,65,9,15.8,29.12,0.0,
2004-05-24,25.1,64,13,14.0,29.08,0.0,
2004-05-25,26.6,61,6,15.5,29.63,0.0,
2004-05-26,27.9,57,32,13.5,29.15,0.0,
2004-05-27,28.7,53,21,15.8,28.7,0.0,
2004-05-28,25.7,71,24,18.1,27.27,0.0,
2004-05-29,27.0,61,15,13.0,28.27,0.0,
2004-05-30,37.5,48,16,21.3,27.98,0.0,
2004-05-31,26.8,68,2,16.8,28.5,0.0,
2004-06-01,24.9,69,21,17.6,27.14,0.0,
2004-06-02,25.6,68,15,16.8,27.87,0.0,
2004-06-03,25.9,69,10,16.8,28.58,0.0,
2004-06-04,26.6,68,12,15.9,28.9,0.0,
2004-06-05,30.0,66,5,15.6,28.41,0.0,
2004-06-06,30.1,60,0,15.8,29.21,0.0,
2004-06-07,32.0,50,0,13.8,28.92,0.0,
2004-06-08,29.7,54,1,16.9,28.85,0.0,
2004-06-09,26.1,72,24,17.1,26.07,0.0,
2004-06-10,27.7,69,22,17.1,26.0,0.0,
2004-06-11,27.8,72,13,17.1,27.17,0.0,
2004-06-12,29.4,67,5,16.5,28.84,0.0,
2004-06-13,30.4,61,0,16.0,29.21,0.0,
2004-06-14,29.0,66,1,17.1,28.88,0.0,
2004-06-15,28.3,67,2,16.6,28.74,0.0,
2004-06-16,29.7,63,7,17.7,28.28,0.0,
2004-06-17,28.8,66,12,16.2,28.04,0.0,
2004-06-18,30.6,62,5,12.7,28.5,0.0,
2004-06-19,37.2,48,0,18.1,28.46,0.3,
2004-06-20,28.3,69,12,15.5,27.31,0.0,
2004-06-21,28.0,67,15,15.9,27.4,0.0,
2004-06-22,28.6,69,11,15.8,27.66,0.0,
2004-06-23,28.2,69,9,16.9,28.0,0.0,
2004-06-24,28.5,69,18,16.6,25.5,0.0,
2004-06-25,28.5,65,12,16.2,26.92,0.0,
2004-06-26,29.7,70,17,17.8,27.21,0.0,
2004-06-27,30.6,69,7,16.7,28.52,0.0,
2004-06-28,31.4,64,0,18.7,28.77,0.0,
2004-06-29,31.6,61,0,15.3,28.44,0.0,
2004-06-30,32.7,60,0,15.3,28.85,0.0,
2004-07-01,32.2,60,0,15.3,28.85,0.0,
2004-07-02,31.7,56,0,14.9,29.12,0.0,
2004-07-03,31.0,67,1,15.5,28.54,0.0,
2004-07-04,30.6,66,3,15.0,28.58,0.0,
2004-07-05,32.1,63,2,13.5,28.71,0.0,
2004-07-06,33.2,67,2,15.3,28.34,0.0,
2004-07-07,32.7,69,2,14.6,27.98,0.0,
2004-07-08,31.8,72,9,17.1,27.82,0.0,
2004-07-09,29.7,71,19,16.9,26.76,0.0,
2004-07-10,30.7,72,20,18.5,26.93,0.0,
2004-07-11,31.3,72,16,15.7,26.96,0.0,
2004-07-12,32.7,63,3,15.2,28.38,0.0,
2004-07-13,35.1,53,0,15.4,28.87,0.0,
2004-07-14,36.7,51,0,18.7,28.72,0.0,
2004-07-15,34.5,52,1,17.7,28.14,0.0,
2004-07-16,32.8,56,19,17.7,26.06,0.0,
2004-07-17,30.5,62,1,17.8,27.66,0.0,
2004-07-18,30.4,62,1,16.4,28.13,0.0,
2004-07-19,32.4,67,0,17.9,27.73,0.0,
2004-07-20,31.3,66,1,18.7,27.62,0.0,
2004-07-21,30.3,68,9,17.4,27.79,0.0,
2004-07-22,31.2,67,8,16.1,27.92,0.0,
2004-07-23,31.3,65,5,16.2,27.52,0.0,
2004-07-24,31.3,65,3,17.7,27.46,0.0,
2004-07-25,31.8,59,3,18.0,27.74,0.0,
2004-07-26,32.4,56,1,17.2,27.93,0.0,
2004-07-27,31.8,65,5,16.8,27.25,0.0,
2004-07-28,31.5,71,9,16.5,27.03,0.0,
2004-07-29,32.1,73,11,16.3,27.22,0.0,
2004-07-30,33.8,70,0,16.4,27.5,0.0,
2004-07-31,31.8,66,13,15.4,27.33,0.0,
2004-08-01,31.0,69,14,16.6,27.24,0.0,
2004-08-02,29.5,69,16,16.3,26.36,0.0,
2004-08-03,29.7,64,25,20.2,24.05,0.0,
2004-08-04,30.1,68,28,16.9,23.25,0.0,
2004-08-05,31.2,66,12,17.7,25.99,0.0,
2004-08-06,30.8,71,8,17.2,26.22,0.0,
2004-08-07,31.6,71,8,17.7,26.46,0.0,
2004-08-08,32.3,69,8,16.9,26.14,0.0,
2004-08-09,32.4,63,2,16.9,26.91,0.0,
2004-08-10,31.2,70,10,17.4,26.17,0.0,
2004-08-11,30.6,68,19,20.9,24.92,0.0,
2004-08-12,30.3,70,26,18.4,24.36,0.0,
2004-08-13,32.2,67,10,16.6,25.52,0.0,
2004-08-14,32.6,70,6,18.3,26.06,0.0,
2004-08-15,32.0,69,9,17.6,26.35,0.0,
2004-08-16,32.3,63,10,15.9,26.81,0.0,
2004-08-17,33.7,59,1,17.3,26.31,0.0,
2004-08-18,30.7,67,8,18.4,25.33,0.0,
2004-08-19,30.7,69,18,17.1,25.05,0.0,
2004-08-20,31.1,71,4,16.2,25.39,0.0,
2004-08-21,31.6,71,11,18.0,25.22,0.0,
2004-08-22,32.8,65,7,17.7,25.98,0.0,
2004-08-23,32.8,65,4,17.5,25.95,0.0,
2004-08-24,33.6,68,9,17.1,25.55,0.0,
2004-08-25,32.0,69,6,16.5,25.17,0.0,
2004-08-26,31.2,72,9,14.8,25.13,0.0,
2004-08-27,31.4,70,7,15.4,25.26,0.0,
2004-08-28,32.0,71,16,15.6,24.94,0.0,
2004-08-29,30.9,74,17,15.7,23.57,0.0,
2004-08-30,29.6,70,8,15.1,24.73,0.0,
2004-08-31,30.1,70,8,15.1,24.15,0.0,
2004-09-01,29.6,68,7,14.6,24.16,0.0,
2004-09-02,30.1,70,9,14.2,24.35,0.0,
2004-09-03,30.5,73,15,14.7,23.5,0.0,
2004-09-04,30.2,73,10,15.5,23.71,0.0,
2004-09-05,31.0,72,11,16.5,22.98,0.0,
2004-09-06,32.8,68,5,17.1,23.04,0.0,
2004-09-07,35.0,57,2,18.3,23.87,0.0,
2004-09-08,33.6,60,0,18.6,23.53,0.0,
2004-09-09,30.8,68,3,18.2,23.18,0.0,
2004-09-10,28.8,67,16,16.6,21.06,0.0,
2004-09-11,29.3,61,9,16.6,21.67,0.0,
2004-09-12,30.0,60,10,20.4,19.01,0.0,
2004-09-13,29.4,53,0,17.1,23.03,0.0,
2004-09-14,30.0,61,1,15.1,23.16,0.0,
2004-09-15,30.6,64,0,16.4,22.7,0.0,
2004-09-16,28.8,66,1,15.9,22.87,0.0,
2004-09-17,28.3,70,11,12.6,22.42,0.0,
2004-09-18,29.6,69,1,12.7,22.41,0.0,
2004-09-19,31.4,72,9,14.6,21.65,0.0,
2004-09-20,32.7,66,4,13.4,21.83,0.0,
2004-09-21,32.3,61,0,14.1,22.1,0.0,
2004-09-22,31.9,57,0,15.5,22.05,0.0,
2004-09-23,29.2,74,7,17.8,21.14,0.0,
2004-09-24,29.6,71,8,14.8,20.19,0.0,
2004-09-25,29.3,70,4,16.1,20.87,0.0,
2004-09-26,31.1,66,1,13.4,21.22,0.0,
2004-09-27,33.1,69,10,14.0,20.48,0.0,
2004-09-28,34.5,68,2,9.8,20.55,0.0,
2004-09-29,34.6,64,0,11.0,20.46,0.0,
2004-09-30,35.4,50,0,13.9,20.69,0.0,
2004-10-01,33.2,50,0,13.8,20.58,0.0,
2004-10-02,30.9,66,2,13.9,19.94,0.0,
2004-10-03,28.5,73,14,13.2,19.07,0.0,
2004-10-04,28.8,70,11,12.7,19.74,0.0,
2004-10-05,29.8,68,0,12.5,19.61,0.0,
2004-10-06,26.8,75,19,18.3,15.6,0.0,
2004-10-07,28.2,65,3,15.6,18.84,0.0,
2004-10-08,26.7,65,12,15.8,15.77,0.0,
2004-10-09,26.6,67,18,15.3,14.29,0.1,
2004-10-10,27.9,67,10,18.3,17.55,0.0,
2004-10-11,30.3,71,8,13.3,17.84,0.0,
2004-10-12,28.3,75,39,14.9,14.86,0.0,
2004-10-13,28.5,74,21,12.5,16.16,2.1,
2004-10-14,29.2,77,31,12.6,16.37,0.0,
2004-10-15,29.6,77,18,14.0,16.38,0.0,
2004-10-16,30.2,73,47,11.5,17.39,0.0,
2004-10-17,31.8,69,59,11.3,16.96,0.0,
2004-10-18,32.6,62,0,11.7,17.49,0.0,
2004-10-19,31.8,63,3,12.5,17.58,0.0,
2004-10-20,28.7,73,10,12.6,17.44,0.0,
2004-10-21,27.6,71,24,15.8,16.66,0.0,
2004-10-22,28.8,69,9,11.2,17.09,0.0,
2004-10-23,28.8,71,15,13.0,16.86,0.0,
2004-10-24,30.5,62,41,14.4,16.48,0.0,
2004-10-25,32.0,59,5,10.8,16.8,0.0,
2004-10-26,33.1,56,42,8.4,16.39,0.0,
2004-10-27,31.0,62,42,9.3,14.7,0.0,
2004-10-28,28.8,84,62,11.5,13.65,0.0,
2004-10-29,25.7,79,31,9.4,11.68,0.7,
2004-10-30,25.9,73,13,10.0,13.09,0.1,
2004-10-31,29.5,64,6,10.7,15.2,0.0,
2004-11-01,30.6,45,11,11.1,15.92,0.0,
2004-11-02,29.9,43,1,12.7,15.87,0.0,
2004-11-03,30.2,44,0,13.2,15.88,0.0,
2004-11-04,31.5,42,4,11.6,15.29,0.0,
2004-11-05,30.9,49,11,10.1,15.44,0.0,
2004-11-06,30.0,58,23,10.2,14.18,0.0,
2004-11-07,27.8,64,63,10.8,12.88,0.0,
2004-11-08,25.4,74,52,12.6,10.98,0.0,
2004-11-09,26.7,63,39,14.8,13.25,0.0,
2004-11-10,29.2,59,21,14.0,14.55,0.0,
2004-11-11,28.8,58,33,6.9,13.73,0.0,
2004-11-12,28.4,64,4,12.0,14.82,0.0,
2004-11-13,26.4,71,55,9.1,11.79,0.0,
2004-11-14,29.5,57,21,8.7,14.54,0.0,
2004-11-15,29.2,42,95,13.1,11.47,0.0,
2004-11-16,25.3,63,99,14.5,8.2,0.0,
2004-11-17,22.1,83,83,24.7,9.49,15.9,
2004-11-18,20.1,85,42,15.5,9.62,11.1,
2004-11-19,20.5,78,50,5.0,9.59,2.8,
2004-11-20,20.2,83,31,10.1,9.82,1.1,
2004-11-21,22.2,58,12,22.2,13.42,0.0,
2004-11-22,18.5,79,83,26.0,3.48,29.9,
2004-11-23,15.5,60,62,26.8,9.61,1.2,
2004-11-24,17.5,65,48,8.4,9.9,0.0,
2004-11-25,19.1,67,24,14.4,12.43,0.0,
2004-11-26,15.1,70,59,34.6,5.79,12.6,
2004-11-27,15.4,66,48,21.9,9.46,2.8,
2004-11-28,18.0,66,34,8.7,11.31,0.0,
2004-11-29,19.2,64,52,10.0,11.83,0.0,
2004-11-30,18.8,56,8,11.3,13.32,0.0,
2004-12-01,18.6,66,0,13.0,13.26,0.0,
2004-12-02,20.6,66,1,9.4,13.08,0.0,
2004-12-03,20.1,51,10,13.3,13.13,0.0,
2004-12-04,19.6,46,1,12.7,13.48,0.0,
2004-12-05,20.8,44,35,10.8,13.4,0.0,
2004-12-06,20.8,57,14,9.5,12.86,0.0,
2004-12-07,19.2,82,45,10.0,9.35,0.3,
2004-12-08,16.9,83,51,22.4,8.38,5.8,
2004-12-09,17.5,67,15,10.6,12.76,0.0,
2004-12-10,17.8,73,89,8.5,9.11,0.0,
2004-12-11,19.5,66,81,7.4,10.63,0.0,
2004-12-12,18.3,75,31,8.2,9.63,0.0,
2004-12-13,16.5,66,40,6.5,12.34,0.0,
2004-12-14,16.0,72,45,9.2,11.64,0.0,
2004-12-15,16.2,74,41,8.4,9.24,1.7,
2004-12-16,13.7,70,44,15.7,9.5,0.7,
2004-12-17,12.7,50,19,9.8,13.06,0.0,
2004-12-18,11.4,51,97,18.4,4.14,0.0,
2004-12-19,18.5,52,28,17.0,12.32,0.1,
2004-12-20,18.3,57,18,19.6,12.11,0.0,
2004-12-21,16.7,80,64,10.5,5.68,1.4,
2004-12-22,18.7,82,33,7.0,11.07,0.0,
2004-12-23,17.0,84,61,7.6,8.1,0.7,
2004-12-24,15.4,78,90,19.0,8.95,2.9,
2004-12-25,14.7,91,76,13.2,8.5,3.9,
2004-12-26,16.9,85,56,12.1,7.85,2.4,
2004-12-27,18.2,78,16,8.4,12.06,0.0,
2004-12-28,18.4,74,17,7.9,12.48,0.0,
2004-12-29,22.0,57,82,11.3,9.83,0.0,
2004-12-30,23.5,50,93,10.9,10.25,0.0,
2004-12-31,25.3,48,75,9.7,12.59,0.0,
2005-01-01,22.1,65,96,6.0,10.61,0.0,22.0
2005-01-02,17.7,84,83,20.9,8.02,15.3,17.0
2005-01-03,15.5,87,60,17.0,8.32,8.2,15.0
2005-01-04,15.0,87,62,10.7,5.55,3.8,16.0
2005-01-05,13.4,79,62,27.5,5.34,11.0,15.0
2005-01-06,15.4,67,29,14.7,9.86,2.7,16.0
2005-01-07,15.4,68,45,7.7,8.76,0.0,15.0
2005-01-08,16.6,66,8,14.3,12.16,0.0,17.0
2005-01-09,16.0,54,34,12.8,12.32,0.0,17.0
2005-01-10,15.9,67,29,17.3,9.76,0.0,17.0
2005-01-11,17.2,78,43,8.8,9.6,0.0,18.0
2005-01-12,17.8,76,16,5.9,12.13,0.0,20.0
2005-01-13,19.3,54,14,10.3,14.07,0.0,21.0
2005-01-14,18.7,53,69,12.2,11.03,0.0,20.0
2005-01-15,15.4,79,52,20.4,8.84,0.7,17.0
2005-01-16,18.2,67,24,10.5,12.21,0.0,19.0
2005-01-17,16.4,66,19,12.8,12.51,0.0,18.0
2005-01-18,13.4,65,42,22.1,11.38,1.0,14.0
2005-01-19,13.8,70,86,21.4,8.8,4.5,14.0
2005-01-20,16.6,72,38,10.1,11.06,0.0,17.0
2005-01-21,20.0,57,41,15.4,13.24,0.0,21.0
2005-01-22,14.1,71,47,21.6,9.97,5.8,12.0
2005-01-23,16.8,63,53,27.4,9.66,4.5,18.0
2005-01-24,15.2,68,39,24.8,13.91,8.8,16.0
2005-01-25,17.0,63,51,8.0,14.16,0.0,18.0
2005-01-26,19.6,64,1,9.0,15.15,0.0,19.0
2005-01-27,20.0,70,0,6.1,15.35,0.0,22.0
2005-01-28,23.8,60,0,12.9,15.55,0.0,25.0
2005-01-29,26.6,45,21,14.8,15.37,0.0,29.0
2005-01-30,27.2,45,50,17.4,12.3,0.5,28.0
2005-01-31,15.8,82,50,19.7,7.97,0.7,18.0
2005-02-01,14.3,79,84,27.3,5.52,6.1,18.0
2005-02-02,14.5,87,65,20.3,10.82,6.0,17.0
2005-02-03,16.2,62,28,22.8,14.74,0.0,17.0
2005-02-04,13.3,67,48,32.0,11.53,7.4,14.0
2005-02-05,12.1,92,81,25.3,5.58,16.7,14.0
2005-02-06,13.5,89,69,25.7,9.75,16.0,15.0
2005-02-07,12.9,82,55,24.4,10.72,9.4,14.0
2005-02-08,11.5,74,50,24.0,11.6,8.3,11.0
2005-02-09,12.5,64,41,16.6,12.43,0.1,11.0
2005-02-10,12.5,65,64,6.4,9.28,0.0,12.0
2005-02-11,11.3,78,70,11.3,6.03,4.6,12.0
2005-02-12,12.0,88,72,19.9,12.18,4.5,13.0
2005-02-13,12.9,78,57,11.0,12.38,0.0,13.0
2005-02-14,17.0,60,0,14.5,17.78,0.0,17.0
2005-02-15,18.6,52,23,19.8,17.99,0.0,20.0
2005-02-16,20.5,57,70,13.2,11.09,0.0,24.0
2005-02-17,24.5,59,55,11.9,17.28,0.0,26.0
2005-02-18,27.2,56,44,13.5,17.51,0.0,28.0
2005-02-19,26.9,56,34,15.3,18.01,0.1,27.0
2005-02-20,19.5,76,95,15.4,11.89,4.9,17.0
2005-02-21,18.0,73,56,13.6,16.51,0.0,18.0
2005-02-22,18.6,65,40,8.4,18.09,0.0,20.0
2005-02-23,21.2,70,12,10.6,17.41,0.0,20.0
2005-02-24,18.6,81,32,13.0,15.21,0.0,18.0
2005-02-25,18.4,79,35,13.6,14.71,0.0,18.0
2005-02-26,21.1,77,23,10.0,18.13,0.0,21.0
2005-02-27,21.7,65,60,13.0,18.51,0.0,23.0
2005-02-28,17.5,72,36,15.3,15.38,0.9,19.0
2005-03-01,26.0,42,23,16.4,19.72,0.0,27.0
2005-03-02,29.1,30,65,14.8,20.29,0.0,30.0
2005-03-03,26.4,49,60,22.2,16.48,0.4,28.0
2005-03-04,17.0,74,62,20.2,16.49,1.8,18.0
2005-03-05,20.1,66,58,6.1,19.27,0.0,20.0
2005-03-06,24.7,54,82,9.0,18.66,0.0,26.0
2005-03-07,22.2,58,93,9.0,9.96,1.0,21.0
2005-03-08,25.8,69,64,21.3,17.97,3.4,25.0
2005-03-09,17.3,82,91,15.5,8.35,8.2,17.0
2005-03-10,15.8,79,57,21.6,14.53,5.8,17.0
2005-03-11,15.7,73,49,14.5,16.64,0.4,16.0
2005-03-12,15.4,74,44,16.4,17.76,2.4,16.0
2005-03-13,17.3,62,25,14.2,21.22,0.0,17.0
2005-03-14,17.9,67,31,13.9,19.54,0.0,17.0
2005-03-15,17.8,71,33,18.9,15.87,0.0,17.0
2005-03-16,20.3,70,19,16.4,18.37,0.1,19.0
2005-03-17,21.0,64,0,14.7,22.81,0.0,20.0
2005-03-18,22.3,63,0,14.5,22.89,0.0,22.0
2005-03-19,18.8,75,13,14.8,22.21,0.0,19.0
2005-03-20,20.9,61,0,12.8,23.34,0.0,21.0
2005-03-21,19.3,73,17,13.3,21.83,0.0,19.0
2005-03-22,19.2,74,51,17.0,22.14,0.0,18.0
2005-03-23,18.4,77,35,25.2,19.26,1.7,19.0
2005-03-24,18.9,67,24,15.8,21.3,0.0,18.0
2005-03-25,19.6,58,0,15.1,24.03,0.0,19.0
2005-03-26,22.6,63,23,11.1,24.11,0.0,22.0
2005-03-27,22.9,65,0,13.6,23.94,0.0,21.0
2005-03-28,23.3,61,0,10.3,23.79,0.0,22.0
2005-03-29,25.9,65,38,13.0,23.52,0.0,24.0
2005-03-30,24.7,59,18,13.7,23.91,0.0,23.0
2005-03-31,32.8,46,22,22.4,24.39,0.0,34.0
2005-04-01,23.6,56,23,17.4,24.2,0.0,24.0
2005-04-02,17.9,70,35,25.3,18.36,1.8,18.0
2005-04-03,16.1,65,44,27.4,18.79,1.1,17.0
2005-04-04,17.0,59,54,14.8,17.83,0.0,17.0
2005-04-05,20.5,59,8,11.9,24.7,0.0,20.0
2005-04-06,20.1,62,1,18.8,25.26,0.0,19.0
2005-04-07,27.9,44,0,17.2,25.69,0.0,29.0
2005-04-08,31.8,33,9,29.0,25.68,0.0,31.0
2005-04-09,22.2,70,4,15.9,23.02,0.0,22.0
2005-04-10,29.6,57,2,14.1,25.77,0.0,30.0
2005-04-11,32.6,38,14,13.1,26.23,0.0,32.0
2005-04-12,35.8,27,66,15.0,23.71,0.0,36.0
2005-04-13,29.7,41,59,14.9,25.14,0.0,29.0
2005-04-14,23.4,68,21,17.7,25.08,0.0,23.0
2005-04-15,21.1,66,7,18.8,25.22,0.0,21.0
2005-04-16,21.2,67,31,15.0,21.86,0.1,20.0
2005-04-17,25.5,57,12,7.9,26.2,0.0,25.0
2005-04-18,32.7,31,76,11.6,16.53,0.3,33.0
2005-04-19,24.0,53,66,13.8,24.55,0.0,23.0
2005-04-20,26.4,56,21,10.7,24.22,0.0,27.0
2005-04-21,34.7,33,91,14.2,20.25,0.0,31.0
2005-04-22,35.6,33,99,17.7,20.92,0.0,33.0
2005-04-23,29.9,50,93,15.5,15.9,0.2,27.0
2005-04-24,23.6,68,28,18.3,26.08,0.0,22.0
2005-04-25,21.9,72,17,15.7,26.08,0.0,21.0
2005-04-26,23.6,70,13,15.1,26.92,0.0,22.0
2005-04-27,24.6,55,35,12.6,26.35,0.0,25.0
2005-04-28,26.1,53,3,15.9,27.34,0.0,29.0
2005-04-29,23.6,64,5,13.9,26.86,0.0,23.0
2005-04-30,22.7,61,46,16.8,23.98,0.0,24.0
2005-05-01,24.1,62,14,16.9,26.35,0.0,23.0
2005-05-02,20.7,72,28,21.0,22.82,0.5,21.0
2005-05-03,21.2,71,29,19.2,22.0,0.8,22.0
2005-05-04,21.7,73,21,34.5,22.63,2.1,21.0
2005-05-05,23.2,59,1,17.9,27.76,0.0,23.0
2005-05-06,27.1,49,0,13.2,28.08,0.0,26.0
2005-05-07,32.4,41,0,12.7,28.13,0.0,31.0
2005-05-08,26.0,54,9,19.4,26.53,0.0,27.0
2005-05-09,24.2,63,10,16.6,27.39,0.0,24.0
2005-05-10,23.6,66,17,16.3,27.93,0.0,22.0
2005-05-11,24.5,73,47,19.5,23.86,0.0,23.0
2005-05-12,24.8,75,29,17.6,25.89,0.0,24.0
2005-05-13,26.6,66,5,15.7,27.87,0.0,27.0
2005-05-14,28.3,51,3,17.0,28.25,0.0,29.0
2005-05-15,27.1,67,5,18.7,26.92,0.0,27.0
2005-05-16,27.4,58,2,16.9,28.38,0.0,26.0
2005-05-17,27.7,62,5,18.1,28.45,0.0,25.0
2005-05-18,31.0,61,15,15.2,28.29,0.0,27.0
2005-05-19,33.4,48,0,15.8,28.71,0.0,31.0
2005-05-20,35.0,29,6,17.1,28.91,0.0,32.0
2005-05-21,29.5,48,53,16.4,26.82,0.0,28.0
2005-05-22,25.6,72,21,16.1,27.49,0.0,25.0
2005-05-23,24.5,68,25,17.6,26.22,0.0,24.0
2005-05-24,25.3,69,21,17.0,27.23,0.0,25.0
2005-05-25,26.2,67,13,17.7,27.32,0.0,25.0
2005-05-26,30.2,51,0,11.0,29.22,0.0,29.0
2005-05-27,27.6,54,1,19.4,28.45,0.0,26.0
2005-05-28,29.6,52,4,18.1,28.69,0.0,29.0
2005-05-29,29.9,49,4,19.3,27.6,0.0,30.0
2005-05-30,25.1,74,22,15.5,22.29,0.3,25.0
2005-05-31,28.0,59,4,17.2,28.21,0.0,27.0
2005-06-01,27.9,57,1,18.0,28.54,0.0,27.0
2005-06-02,27.0,69,8,16.7,26.88,0.0,27.0
2005-06-03,27.4,71,11,16.5,27.17,0.0,26.0
2005-06-04,27.7,72,24,17.4,26.12,0.0,27.0
2005-06-05,26.3,75,21,15.5,23.58,0.6,26.0
2005-06-06,30.7,64,21,15.8,28.82,0.0,28.0
2005-06-07,33.4,59,70,18.2,28.29,0.0,31.0
2005-06-08,28.9,63,22,17.9,28.57,0.0,28.0
2005-06-09,27.5,71,11,16.9,28.16,0.0,27.0
2005-06-10,26.8,72,20,16.6,27.75,0.0,27.0
2005-06-11,28.3,67,7,16.0,28.44,0.0,27.0
2005-06-12,30.5,55,5,16.6,28.79,0.0,30.0
2005-06-13,35.4,41,10,15.6,27.01,0.0,33.0
2005-06-14,28.0,65,2,16.3,28.01,0.0,28.0
2005-06-15,27.3,66,9,15.4,28.25,0.0,27.0
2005-06-16,28.4,64,4,15.5,29.15,0.0,28.0
2005-06-17,30.6,64,1,17.0,28.92,0.0,28.0
2005-06-18,30.0,68,1,18.7,28.87,0.0,30.0
2005-06-19,30.0,67,4,20.0,28.27,0.0,30.0
2005-06-20,32.1,53,0,18.1,28.42,0.0,32.0
2005-06-21,30.8,59,1,19.3,28.29,0.0,31.0
2005-06-22,29.0,70,12,17.1,27.4,0.0,28.0
2005-06-23,31.2,68,6,16.3,28.7,0.0,29.0
2005-06-24,32.3,61,1,20.0,28.81,0.0,32.0
2005-06-25,30.1,67,4,18.5,28.69,0.0,29.0
2005-06-26,28.2,68,11,16.5,27.14,0.0,29.0
2005-06-27,29.9,69,7,16.9,28.11,0.0,29.0
2005-06-28,30.7,65,6,17.5,28.77,0.0,30.0
2005-06-29,29.8,63,6,18.4,28.75,0.0,30.0
2005-06-30,29.4,62,8,17.7,27.67,0.0,29.0
2005-07-01,29.6,68,11,16.8,27.82,0.0,30.0
2005-07-02,30.4,67,3,18.1,28.35,0.0,30.0
2005-07-03,32.5,60,4,16.3,28.27,0.0,32.0
2005-07-04,35.3,56,3,18.5,27.96,0.0,34.0
2005-07-05,28.3,70,29,20.0,24.7,0.2,28.0
2005-07-06,29.3,67,28,16.5,23.64,0.0,29.0
2005-07-07,30.3,68,5,15.3,27.69,0.0,30.0
2005-07-08,31.7,65,2,18.1,28.43,0.0,30.0
2005-07-09,30.9,64,0,15.3,28.57,0.0,30.0
2005-07-10,31.8,66,3,14.7,28.0,0.0,31.0
2005-07-11,32.5,65,2,16.6,28.28,0.0,32.0
2005-07-12,34.1,56,0,16.2,28.72,0.0,33.0
2005-07-13,33.8,56,0,17.2,28.66,0.0,33.0
2005-07-14,30.9,67,7,15.0,27.91,0.0,30.0
2005-07-15,29.6,69,12,16.5,27.01,0.0,30.0
2005-07-16,30.0,70,15,18.3,26.7,0.0,30.0
2005-07-17,30.1,69,18,17.6,27.77,0.0,30.0
2005-07-18,31.3,73,6,17.1,27.22,0.0,30.0
2005-07-19,33.0,70,11,15.5,27.57,0.0,31.0
2005-07-20,33.5,66,2,14.9,28.04,0.0,32.0
2005-07-21,34.0,67,4,17.7,27.8,0.0,33.0
2005-07-22,33.3,62,5,15.6,27.87,0.0,32.0
2005-07-23,31.6,67,10,18.3,27.32,0.0,31.0
2005-07-24,31.2,71,18,19.8,26.27,0.0,31.0
2005-07-25,30.9,69,14,17.6,26.24,0.0,31.0
2005-07-26,32.4,65,3,14.8,27.22,0.0,32.0
2005-07-27,32.1,69,3,16.1,27.06,0.0,31.0
2005-07-28,32.7,67,3,15.8,27.19,0.0,32.0
2005-07-29,33.1,68,3,15.5,27.28,0.0,32.0
2005-07-30,32.8,64,2,15.5,27.75,0.0,31.0
2005-07-31,33.2,54,1,17.4,28.08,0.0,32.0
2005-08-01,31.4,65,12,18.9,26.57,0.0,
2005-08-02,31.2,69,20,18.5,25.13,0.0,
2005-08-03,32.2,63,9,14.5,25.19,0.0,
2005-08-04,33.8,62,10,14.7,23.46,0.0,
2005-08-05,34.1,63,8,15.6,24.11,0.0,
2005-08-06,33.4,62,3,18.3,26.13,0.0,
2005-08-07,31.1,68,8,19.3,25.61,0.0,
2005-08-08,30.0,69,42,20.5,21.79,0.5,
2005-08-09,29.7,66,26,18.8,24.74,0.0,
2005-08-10,29.9,68,25,16.6,25.51,0.0,
2005-08-11,30.8,68,11,15.7,26.35,0.0,
2005-08-12,31.5,66,7,14.0,26.53,0.0,
2005-08-13,33.0,72,9,13.3,26.19,0.0,
2005-08-14,33.9,69,2,14.4,26.31,0.0,
2005-08-15,35.2,59,0,15.3,26.37,0.0,
2005-08-16,33.7,62,1,15.8,26.1,0.0,
2005-08-17,32.2,69,8,16.5,25.91,0.0,
2005-08-18,32.5,66,2,15.9,26.11,0.0,
2005-08-19,31.6,65,2,14.0,26.08,0.0,
2005-08-20,30.4,67,11,15.4,26.23,0.0,
2005-08-21,32.0,65,9,15.9,25.18,0.0,
2005-08-22,32.4,70,7,13.1,25.29,0.0,
2005-08-23,33.4,72,1,15.5,25.39,0.0,
2005-08-24,32.6,70,3,16.8,24.76,0.0,
2005-08-25,31.6,72,13,16.8,23.83,0.0,
2005-08-26,30.7,68,6,15.3,24.52,0.0,
2005-08-27,30.6,67,7,16.1,24.5,0.0,
2005-08-28,31.2,66,4,15.2,24.87,0.0,
2005-08-29,31.5,70,15,14.8,24.56,0.0,
2005-08-30,32.1,76,17,15.8,24.05,0.0,
2005-08-31,32.5,75,17,17.7,23.51,0.0,
2005-09-01,32.4,70,8,17.9,23.89,0.0,
2005-09-02,31.1,70,11,19.5,23.34,0.0,
2005-09-03,32.2,63,11,18.7,22.94,0.0,
2005-09-04,30.5,58,5,20.9,23.08,0.0,
2005-09-05,31.2,62,15,19.7,21.86,0.0,
2005-09-06,32.6,57,0,18.2,24.34,0.0,
2005-09-07,32.9,55,0,18.5,23.97,0.0,
2005-09-08,31.4,64,1,15.8,23.81,0.0,
2005-09-09,30.7,72,9,17.1,23.31,0.0,
2005-09-10,30.9,70,7,18.0,22.94,0.0,
2005-09-11,30.8,65,9,15.6,22.8,0.0,
2005-09-12,30.3,65,2,15.8,22.57,0.0,
2005-09-13,31.4,64,0,16.4,22.77,0.0,
2005-09-14,31.6,69,3,16.1,22.81,0.0,
2005-09-15,31.6,70,15,13.0,22.65,0.0,
2005-09-16,35.2,57,3,15.1,23.12,0.0,
2005-09-17,31.9,65,6,17.0,20.36,0.2,
2005-09-18,28.9,75,34,15.8,15.71,0.3,
2005-09-19,30.7,74,31,16.8,20.16,0.0,
2005-09-20,30.9,75,16,14.5,21.25,0.0,
2005-09-21,33.1,65,1,15.8,21.93,0.0,
2005-09-22,34.4,54,0,14.9,21.91,0.0,
2005-09-23,28.9,73,19,17.2,19.6,0.0,
2005-09-24,29.4,63,21,18.6,19.63,0.0,
2005-09-25,29.7,64,9,16.6,20.25,0.0,
2005-09-26,34.5,54,0,14.3,21.17,0.0,
2005-09-27,29.3,67,10,18.1,17.78,0.0,
2005-09-28,27.9,72,21,18.8,17.4,0.1,
2005-09-29,27.2,70,23,20.1,16.2,2.1,
2005-09-30,27.8,67,13,14.3,17.19,0.0,
2005-10-01,29.6,64,1,15.0,20.17,0.0,29.0
2005-10-02,31.1,61,2,14.0,19.98,0.0,30.0
2005-10-03,33.2,55,1,16.5,20.19,0.0,32.0
2005-10-04,27.6,72,28,16.5,18.14,0.0,28.0
2005-10-05,28.3,71,29,16.1,15.13,0.0,28.0
2005-10-06,28.9,68,24,16.3,16.32,0.0,29.0
2005-10-07,28.8,70,10,16.4,18.33,0.0,29.0
2005-10-08,28.5,72,18,15.9,17.76,0.0,29.0
2005-10-09,28.4,73,28,14.1,15.17,0.0,28.0
2005-10-10,29.0,72,19,14.3,15.42,0.0,28.0
2005-10-11,28.9,71,2,15.2,18.05,0.0,28.0
2005-10-12,31.0,61,0,13.6,18.67,0.0,30.0
2005-10-13,33.5,49,29,16.9,18.4,0.0,
2005-10-14,29.0,68,2,16.8,18.11,0.0,29.0
2005-10-15,27.2,74,11,13.7,17.53,0.0,28.0
2005-10-16,26.1,73,37,18.1,15.07,0.9,27.0
2005-10-17,25.2,64,25,15.4,15.85,0.7,26.0
2005-10-18,26.1,65,10,14.1,16.51,0.0,26.0
2005-10-19,22.8,79,41,19.1,11.13,5.4,24.0
2005-10-20,21.6,64,33,15.0,11.6,0.0,23.0
2005-10-21,24.0,53,4,12.2,17.88,0.0,24.0
2005-10-22,27.6,45,0,12.9,17.99,0.0,28.0
2005-10-23,29.3,29,0,16.8,17.92,0.0,31.0
2005-10-24,30.4,30,0,13.7,17.54,0.0,31.0
2005-10-25,28.5,50,0,12.8,17.46,0.0,28.0
2005-10-26,30.2,57,4,11.2,17.18,0.0,30.0
2005-10-27,30.1,41,0,8.9,16.89,0.0,27.0
2005-10-28,28.9,52,0,14.5,16.93,0.0,29.0
2005-10-29,23.9,72,21,15.5,14.3,0.0,25.0
2005-10-30,23.0,72,36,24.5,12.35,1.3,23.0
2005-10-31,20.0,75,42,16.7,10.02,1.2,21.0
2005-11-01,22.2,56,7,13.0,15.49,0.0,22.0
2005-11-02,20.4,69,37,15.4,10.74,0.4,22.0
2005-11-03,22.3,73,48,9.2,10.99,0.0,24.0
2005-11-04,20.4,74,33,24.3,9.73,1.5,21.0
2005-11-05,21.0,62,47,19.8,11.56,0.0,22.0
2005-11-06,20.8,69,53,16.1,11.25,0.3,22.0
2005-11-07,19.6,78,49,18.8,7.89,3.9,20.0
2005-11-08,20.8,71,21,14.0,10.53,0.8,22.0
2005-11-09,22.4,65,1,10.7,14.92,0.0,23.0
2005-11-10,24.6,60,0,8.6,15.31,0.0,25.0
2005-11-11,24.3,50,0,10.6,15.29,0.0,25.0
2005-11-12,23.4,56,6,11.0,15.11,0.0,23.0
2005-11-13,23.5,60,0,9.4,14.95,0.0,23.0
2005-11-14,25.2,60,0,8.4,14.88,0.0,25.0
2005-11-15,22.2,77,50,8.7,12.33,3.8,22.0
2005-11-16,19.9,80,38,11.2,10.44,0.9,21.0
2005-11-17,21.9,71,39,8.4,12.65,0.0,23.0
2005-11-18,23.6,74,40,10.8,13.27,0.0,23.0
2005-11-19,21.6,77,34,9.4,10.53,0.2,23.0
2005-11-20,22.4,70,24,16.5,12.62,0.0,24.0
2005-11-21,17.5,89,70,14.0,6.92,18.2,17.0
2005-11-22,17.7,73,34,11.7,10.78,2.3,18.0
2005-11-23,21.2,57,7,19.6,13.91,0.0,23.0
2005-11-24,23.4,51,37,14.9,13.79,0.0,25.0
2005-11-25,24.9,55,52,12.1,13.43,0.0,25.0
2005-11-26,26.8,56,30,8.2,13.53,0.0,26.0
2005-11-27,28.1,54,97,10.5,10.58,0.0,27.0
2005-11-28,30.1,53,62,8.1,12.97,0.0,32.0
2005-11-29,29.3,57,88,8.2,11.84,0.0,29.0
2005-11-30,22.7,75,43,11.7,12.38,0.0,24.0
2005-12-01,22.3,70,27,6.8,12.69,0.0,23.0
2005-12-02,26.9,55,52,8.7,12.25,0.0,25.0
2005-12-03,28.4,48,84,10.2,10.41,0.0,29.0
2005-12-04,23.6,66,42,9.7,12.15,0.0,24.0
2005-12-05,20.7,83,86,11.0,9.09,0.0,21.0
2005-12-06,21.6,74,6,10.2,12.12,0.0,21.0
2005-12-07,25.2,69,13,4.0,12.64,0.0,23.0
2005-12-08,25.8,61,0,6.5,12.47,0.0,24.0
2005-12-09,22.4,85,38,8.7,10.59,0.0,23.0
2005-12-10,23.7,67,76,5.4,9.64,0.0,24.0
2005-12-11,23.2,65,94,5.7,9.72,0.0,23.0
2005-12-12,21.2,76,99,6.5,7.32,0.0,22.0
2005-12-13,23.6,78,41,7.2,11.45,0.0,24.0
2005-12-14,25.9,62,16,4.7,11.94,0.0,26.0
2005-12-15,22.0,73,15,14.8,11.55,0.0,22.0
2005-12-16,17.4,63,35,25.5,7.79,6.2,19.0
2005-12-17,17.7,83,59,16.9,6.66,6.3,19.0
2005-12-18,21.1,62,18,8.5,11.79,0.0,21.0
2005-12-19,19.4,67,3,13.9,11.98,0.0,20.0
2005-12-20,15.6,71,70,10.6,3.26,0.6,15.0
2005-12-21,16.1,74,79,12.0,7.69,0.0,17.0
2005-12-22,17.4,73,73,11.1,9.86,0.0,18.0
2005-12-23,14.6,85,68,16.9,7.89,6.1,16.0
2005-12-24,13.6,88,71,26.0,6.48,12.8,15.0
2005-12-25,12.5,83,68,20.5,7.61,13.8,13.0
2005-12-26,14.2,77,54,10.5,7.65,0.4,14.0
2005-12-27,17.5,67,65,11.9,11.5,0.0,17.0
2005-12-28,17.7,54,18,14.6,12.85,0.0,19.0
2005-12-29,18.3,54,56,13.6,10.16,0.0,19.0
2005-12-30,19.8,56,62,11.0,11.89,0.0,20.0
2005-12-31,21.3,53,98,12.1,9.84,0.0,
2006-01-01,21.1,49,99,9.7,8.74,0.0,21.0
2006-01-02,21.4,50,23,9.0,12.9,0.0,20.0
2006-01-03,20.5,44,53,16.4,12.97,0.0,23.0
2006-01-04,19.0,44,81,24.1,8.3,1.3,21.0
2006-01-05,24.8,51,12,18.6,12.97,0.1,26.0
2006-01-06,20.1,75,6,11.2,12.54,0.0,19.0
2006-01-07,17.3,85,49,16.9,9.29,1.1,19.0
2006-01-08,15.7,83,47,21.6,9.64,6.1,15.0
2006-01-09,15.6,81,49,10.8,9.5,2.4,17.0
2006-01-10,15.1,82,63,12.5,8.61,2.0,15.0
2006-01-11,12.9,84,76,17.9,6.1,2.4,12.0
2006-01-12,13.9,87,86,19.7,8.54,3.7,14.0
2006-01-13,12.8,84,83,11.2,7.14,4.2,12.0
2006-01-14,13.1,84,74,11.7,9.57,0.0,13.0
2006-01-15,13.6,82,49,12.4,10.61,1.7,13.0
2006-01-16,14.9,77,33,9.2,11.94,0.1,16.0
2006-01-17,13.5,84,47,13.8,10.43,1.9,16.0
2006-01-18,13.9,86,46,17.4,9.3,2.6,16.0
2006-01-19,16.8,72,21,8.7,12.55,0.0,18.0
2006-01-20,17.0,69,47,23.5,13.78,2.0,17.0
2006-01-21,16.1,71,18,16.6,13.1,0.0,17.0
2006-01-22,20.0,62,65,10.2,13.58,0.0,19.0
2006-01-23,19.4,57,47,20.9,12.05,0.3,18.0
2006-01-24,19.8,67,96,7.7,11.9,0.0,20.0
2006-01-25,17.0,65,54,23.3,10.85,0.0,17.0
2006-01-26,15.4,74,46,21.3,10.89,5.2,16.0
2006-01-27,14.2,77,47,17.5,10.81,5.1,15.0
2006-01-28,15.4,66,45,19.8,11.88,0.0,15.0
2006-01-29,15.4,72,27,9.3,12.18,0.0,16.0
2006-01-30,15.7,66,44,10.3,13.34,0.0,16.0
2006-01-31,17.2,63,71,7.7,14.56,0.0,
2006-02-01,21.5,56,98,11.8,13.49,0.0,
2006-02-02,22.7,51,99,17.4,8.86,0.9,
2006-02-03,16.1,83,65,21.2,11.74,6.9,
2006-02-04,16.4,86,69,16.2,9.32,0.9,
2006-02-05,19.2,74,7,9.7,15.03,0.0,
2006-02-06,18.1,84,32,14.1,13.86,0.0,
2006-02-07,21.5,54,8,14.4,16.14,0.0,
2006-02-08,16.0,52,35,30.0,13.98,0.8,
2006-02-09,13.0,74,74,28.4,7.01,12.3,
2006-02-10,16.5,77,53,8.5,11.13,0.0,
2006-02-11,18.3,74,37,10.2,15.77,0.0,
2006-02-12,16.5,77,83,8.7,10.95,0.0,
2006-02-13,18.3,64,92,17.7,9.17,2.4,
2006-02-14,15.7,78,89,23.1,8.08,6.4,
2006-02-15,12.6,82,64,27.2,12.17,11.6,
2006-02-16,12.1,69,58,24.9,13.21,4.4,
2006-02-17,14.1,73,53,11.3,11.67,0.4,
2006-02-18,18.7,65,3,11.0,18.07,0.0,
2006-02-19,20.2,52,74,16.9,14.45,0.0,
2006-02-20,21.3,58,6,14.8,18.18,0.0,
2006-02-21,18.8,78,17,10.0,16.11,0.0,
2006-02-22,19.8,82,44,10.9,15.39,0.0,
2006-02-23,23.6,63,0,12.1,19.02,0.0,
2006-02-24,26.4,38,3,16.1,19.37,0.0,
2006-02-25,24.6,50,74,13.8,11.16,0.0,
2006-02-26,21.0,70,78,6.9,12.75,0.0,
2006-02-27,21.3,70,6,13.6,19.44,0.0,20.0
2006-02-28,25.1,53,13,7.9,20.09,0.0,25.0
2006-03-01,23.3,62,12,18.0,19.96,0.0,
2006-03-02,18.3,74,39,11.3,18.48,0.0,
2006-03-03,19.8,70,49,9.6,19.92,0.0,
2006-03-04,22.3,62,0,12.2,20.55,0.0,
2006-03-05,19.4,77,34,17.0,18.11,0.0,
2006-03-06,20.9,68,19,6.2,19.71,0.0,
2006-03-07,27.5,43,91,20.0,17.34,0.0,
2006-03-08,25.8,58,80,19.1,8.49,0.0,
2006-03-09,15.1,53,37,34.1,17.74,2.8,
2006-03-10,15.6,73,56,18.2,13.2,4.5,
2006-03-11,19.5,64,13,11.0,20.67,0.0,
2006-03-12,24.4,53,20,10.8,21.84,0.0,
2006-03-13,23.0,46,0,16.8,22.13,0.0,
2006-03-14,23.0,51,2,19.6,21.96,0.0,
2006-03-15,18.0,68,28,18.2,17.85,0.1,
2006-03-16,19.0,67,15,17.6,21.89,0.0,
2006-03-17,17.3,70,30,14.8,14.45,0.0,
2006-03-18,18.4,70,26,13.5,19.11,0.0,
2006-03-19,26.0,55,11,25.1,22.8,0.0,
2006-03-20,20.2,67,32,11.6,21.4,0.0,
2006-03-21,27.5,44,18,25.4,22.56,0.0,
2006-03-22,22.6,65,11,12.8,22.54,0.0,
2006-03-23,27.8,53,20,8.4,22.93,0.0,
2006-03-24,29.8,45,62,15.3,22.8,0.0,
2006-03-25,18.4,77,51,21.6,15.92,0.5,
2006-03-26,20.1,68,55,15.7,17.84,0.0,
2006-03-27,19.6,72,76,15.1,15.63,0.0,
2006-03-28,18.7,73,82,16.6,13.83,0.1,
2006-03-29,19.0,76,48,17.1,17.56,0.3,
2006-03-30,21.7,62,25,11.6,24.02,0.0,
2006-03-31,27.1,49,88,12.2,23.93,0.0,
2006-04-01,18.4,78,67,15.8,14.97,8.2,
2006-04-02,17.7,89,79,22.2,13.64,34.2,
2006-04-03,19.2,80,56,17.7,19.81,0.8,
2006-04-04,23.8,61,33,30.1,19.46,1.2,
2006-04-05,17.5,87,67,19.1,17.2,6.6,
2006-04-06,18.5,80,52,13.7,17.68,0.4,
2006-04-07,22.3,75,19,9.0,24.37,0.0,
2006-04-08,28.0,58,23,10.4,25.15,0.0,
2006-04-09,23.0,65,39,14.0,22.53,0.0,
2006-04-10,20.2,75,29,14.5,22.21,0.0,
2006-04-11,20.1,73,31,15.0,23.9,0.0,
2006-04-12,21.7,75,31,12.5,24.38,0.0,
2006-04-13,30.6,57,20,9.7,25.6,0.0,
2006-04-14,34.8,45,7,12.5,26.14,0.0,
2006-04-15,21.8,71,66,21.0,19.89,0.0,
2006-04-16,17.8,78,48,15.6,12.51,6.4,
2006-04-17,21.2,78,30,16.2,18.88,0.0,
2006-04-18,23.0,70,5,12.6,25.77,0.0,
2006-04-19,27.2,61,49,9.4,25.82,0.0,
2006-04-20,31.1,53,63,11.2,24.62,0.0,
2006-04-21,23.7,69,35,15.9,25.41,0.0,
2006-04-22,33.5,45,72,18.7,24.39,0.0,
2006-04-23,30.3,60,49,19.6,24.58,0.0,
2006-04-24,19.2,85,64,23.7,16.55,14.7,
2006-04-25,20.2,87,54,22.4,17.17,8.4,
2006-04-26,22.2,72,12,17.5,25.2,0.1,
2006-04-27,22.8,61,21,10.9,27.54,0.0,
2006-04-28,27.7,53,96,8.5,13.45,0.2,
2006-04-29,31.4,47,22,21.2,25.76,0.0,
2006-04-30,23.6,70,4,14.5,26.4,0.0,
2006-05-01,26.0,61,68,12.4,23.66,0.0,
2006-05-02,25.7,61,30,16.0,26.39,0.0,
2006-05-03,23.5,63,12,14.8,27.48,0.0,
2006-05-04,26.1,67,10,19.6,27.01,0.0,
2006-05-05,22.7,70,13,15.5,26.94,0.0,
2006-05-06,28.8,53,31,13.7,27.59,0.0,
2006-05-07,34.7,45,32,18.7,24.17,0.0,
2006-05-08,23.6,72,29,17.4,24.78,0.0,
2006-05-09,22.7,64,10,17.3,27.58,0.0,
2006-05-10,23.4,64,5,14.8,28.17,0.0,
2006-05-11,25.6,63,2,16.1,28.44,0.0,
2006-05-12,28.2,61,4,18.0,28.22,0.0,
2006-05-13,27.9,56,0,16.5,28.24,0.0,
2006-05-14,28.5,50,12,16.5,28.18,0.0,
2006-05-15,25.3,67,10,14.7,28.2,0.0,
2006-05-16,22.9,69,20,17.2,26.34,0.0,
2006-05-17,23.7,65,16,18.4,25.74,0.0,
2006-05-18,24.7,66,15,15.9,27.21,0.0,
2006-05-19,25.8,67,14,17.8,28.02,0.0,
2006-05-20,23.9,76,36,16.8,24.31,0.3,
2006-05-21,26.3,70,8,15.6,28.14,0.0,
2006-05-22,27.2,65,1,15.1,28.59,0.0,
2006-05-23,29.1,59,10,13.8,28.65,0.0,
2006-05-24,32.7,60,4,14.1,28.61,0.0,
2006-05-25,33.4,57,15,12.1,27.7,0.6,
2006-05-26,32.0,54,1,14.8,28.66,0.0,
2006-05-27,31.4,54,0,15.9,28.78,0.0,
2006-05-28,30.2,59,0,14.6,29.01,0.0,
2006-05-29,29.4,64,1,14.6,28.89,0.0,
2006-05-30,28.9,70,1,15.0,27.37,0.0,
2006-05-31,29.5,69,11,19.4,27.27,0.0,
2006-06-01,28.0,73,7,17.6,28.05,0.0,
2006-06-02,29.4,69,7,13.0,28.12,0.0,
2006-06-03,32.1,58,0,15.5,28.97,0.0,
2006-06-04,33.6,53,0,13.8,29.05,0.0,
2006-06-05,36.4,54,0,17.3,29.06,0.0,
2006-06-06,33.4,52,0,17.7,28.9,0.0,
2006-06-07,29.9,54,0,15.5,28.87,0.0,
2006-06-08,28.2,59,0,16.1,29.03,0.0,
2006-06-09,27.1,61,4,17.0,28.89,0.0,
2006-06-10,28.0,62,4,18.0,28.53,0.0,
2006-06-11,26.6,63,9,18.1,28.43,0.0,
2006-06-12,28.1,64,3,16.5,28.86,0.0,
2006-06-13,30.3,60,1,15.6,29.15,0.0,
2006-06-14,30.0,58,0,18.1,28.69,0.0,
2006-06-15,27.8,65,2,17.3,29.16,0.0,
2006-06-16,27.3,67,5,18.6,28.71,0.0,
2006-06-17,27.5,66,14,15.4,29.11,0.0,
2006-06-18,28.8,67,5,15.8,29.12,0.0,
2006-06-19,30.8,66,9,16.9,28.92,0.0,
2006-06-20,30.8,66,1,16.2,28.92,0.0,
2006-06-21,31.4,59,0,16.6,29.66,0.0,
2006-06-22,30.7,58,1,18.1,29.23,0.0,
2006-06-23,30.0,66,5,15.1,28.1,0.0,
2006-06-24,31.5,60,1,14.5,28.38,0.0,
2006-06-25,32.2,60,3,15.3,28.59,0.0,
2006-06-26,31.5,60,1,16.9,29.0,0.0,
2006-06-27,29.5,67,9,17.6,27.88,0.0,
2006-06-28,29.9,65,8,15.4,27.19,0.0,
2006-06-29,31.3,63,7,16.6,27.42,0.0,
2006-06-30,31.0,62,1,17.6,28.04,0.0,
2006-07-01,31.1,63,3,17.4,27.98,0.0,
2006-07-02,31.9,62,0,19.6,27.89,0.0,
2006-07-03,32.2,63,3,19.1,27.55,0.0,
2006-07-04,30.8,64,4,15.8,25.43,0.0,
2006-07-05,29.9,68,17,17.4,26.01,0.0,
2006-07-06,29.1,70,15,17.3,23.66,0.0,
2006-07-07,29.4,71,22,17.1,22.85,0.2,
2006-07-08,30.7,70,11,18.2,27.07,0.0,
2006-07-09,31.3,67,9,17.6,28.07,0.0,
2006-07-10,30.4,65,12,17.6,28.12,0.0,
2006-07-11,30.6,65,5,17.1,28.43,0.0,
2006-07-12,33.1,56,0,17.9,28.81,0.0,
2006-07-13,29.3,72,27,19.6,25.51,0.0,
2006-07-14,29.6,67,25,18.9,26.06,0.0,
2006-07-15,30.5,68,21,17.7,25.94,0.0,
2006-07-16,31.1,68,5,15.6,27.71,0.0,
2006-07-17,30.9,70,4,16.2,27.24,0.0,
2006-07-18,31.7,73,12,17.0,26.93,0.0,
2006-07-19,32.1,67,3,16.6,27.97,0.0,
2006-07-20,30.1,70,6,14.8,27.27,0.0,
2006-07-21,29.8,71,6,16.1,27.16,0.0,
2006-07-22,31.1,66,3,15.6,27.67,0.0,
2006-07-23,31.6,70,2,16.4,27.73,0.0,
2006-07-24,32.2,68,10,20.4,27.7,0.0,
2006-07-25,31.1,66,11,16.0,27.69,0.0,
2006-07-26,31.4,68,3,15.6,27.51,0.0,
2006-07-27,31.6,69,5,18.3,26.96,0.0,
2006-07-28,31.4,66,3,20.7,27.27,0.0,
2006-07-29,30.1,64,8,16.3,27.01,0.0,
2006-07-30,31.8,61,3,16.5,27.2,0.0,
2006-07-31,31.7,67,8,17.8,26.67,0.0,
2006-08-01,31.3,62,1,16.5,27.64,0.0,
2006-08-02,32.3,59,3,15.9,27.54,0.0,
2006-08-03,32.7,61,0,15.6,27.78,0.0,
2006-08-04,32.8,64,0,16.1,27.35,0.0,
2006-08-05,32.6,64,0,15.6,27.48,0.0,
2006-08-06,31.7,67,1,16.3,27.32,0.0,
2006-08-07,31.1,69,8,16.0,26.75,0.0,
2006-08-08,29.9,73,25,16.6,25.36,0.0,
2006-08-09,30.5,65,8,16.6,26.25,0.0,
2006-08-10,29.7,67,9,16.6,26.65,0.0,
2006-08-11,31.3,70,4,15.8,26.09,0.0,
2006-08-12,32.0,69,1,17.3,26.46,0.0,
2006-08-13,30.7,68,13,16.3,25.9,0.0,
2006-08-14,30.6,65,6,15.2,26.55,0.0,
2006-08-15,31.6,65,8,12.4,26.88,0.0,
2006-08-16,33.8,60,0,13.7,26.67,0.0,
2006-08-17,34.2,65,0,13.7,26.15,0.0,
2006-08-18,34.1,62,4,16.6,26.31,0.0,
2006-08-19,32.0,70,14,16.6,23.45,0.3,
2006-08-20,32.5,72,19,14.0,23.07,0.0,
2006-08-21,33.9,73,7,14.7,24.3,0.0,
2006-08-22,35.4,68,5,13.6,24.51,0.0,
2006-08-23,34.9,61,0,15.9,25.96,0.0,
2006-08-24,35.0,58,1,16.4,25.89,0.0,
2006-08-25,32.0,71,15,15.3,24.74,0.0,
2006-08-26,32.1,67,3,15.0,25.12,0.0,
2006-08-27,31.1,64,10,15.6,25.16,0.0,
2006-08-28,31.8,66,2,14.9,25.19,0.0,
2006-08-29,34.3,65,1,16.7,24.82,0.0,
2006-08-30,32.4,67,11,14.5,24.42,0.0,
2006-08-31,30.9,68,9,15.9,24.71,0.0,
2006-09-01,30.2,67,32,17.4,23.06,0.0,
2006-09-02,30.7,65,8,17.2,22.34,0.0,
2006-09-03,31.0,65,6,14.8,23.91,0.0,
2006-09-04,30.0,64,4,15.6,23.68,0.0,
2006-09-05,30.9,67,6,16.1,23.79,0.0,
2006-09-06,30.9,72,16,15.8,23.58,0.0,
2006-09-07,31.9,65,5,14.8,23.96,0.0,
2006-09-08,32.8,58,0,14.0,24.02,0.0,
2006-09-09,34.7,58,1,13.0,23.57,0.0,
2006-09-10,35.2,67,13,13.7,22.21,0.0,
2006-09-11,31.6,72,10,18.5,22.61,0.0,
2006-09-12,30.6,74,14,17.2,21.87,0.0,
2006-09-13,32.1,74,16,16.4,22.35,0.0,
2006-09-14,30.9,74,9,16.9,22.44,0.0,
2006-09-15,29.7,75,34,15.9,20.71,0.0,
2006-09-16,31.1,71,9,16.6,21.96,0.0,
2006-09-17,32.7,73,9,14.5,21.97,0.0,
2006-09-18,36.6,58,0,15.0,22.36,0.0,
2006-09-19,35.7,45,0,16.9,22.47,0.0,
2006-09-20,31.1,66,3,16.7,20.05,0.0,
2006-09-21,28.9,71,18,18.8,19.18,0.0,
2006-09-22,27.8,72,21,16.7,14.97,0.0,
2006-09-23,28.8,69,14,16.0,17.48,0.0,
2006-09-24,29.9,65,7,16.8,20.09,0.0,
2006-09-25,28.9,67,16,18.4,20.06,0.0,
2006-09-26,28.5,67,23,15.4,16.77,0.1,
2006-09-27,31.6,61,0,12.9,21.16,0.0,
2006-09-28,37.5,51,0,11.2,21.09,0.0,
2006-09-29,39.4,32,0,13.1,21.09,0.0,
2006-09-30,30.2,64,28,14.3,18.78,0.0,
2006-10-01,28.2,72,30,15.6,17.33,0.0,
2006-10-02,28.9,62,13,16.0,19.37,0.0,
2006-10-03,28.4,65,15,15.4,16.82,0.2,
2006-10-04,30.2,65,7,16.5,19.36,0.0,
2006-10-05,31.8,63,1,12.3,20.38,0.0,
2006-10-06,31.1,70,5,14.3,19.24,0.0,
2006-10-07,28.8,76,42,14.1,17.07,0.0,
2006-10-08,27.7,76,55,16.0,15.9,0.0,
2006-10-09,27.5,67,23,15.5,16.33,0.0,
2006-10-10,31.8,58,44,9.5,19.06,0.0,
2006-10-11,30.9,46,18,17.0,18.32,0.0,
2006-10-12,32.9,45,13,16.4,18.58,0.0,
2006-10-13,33.0,41,3,16.3,18.93,0.0,
2006-10-14,26.7,70,28,14.5,13.49,0.2,
2006-10-15,24.1,79,48,15.3,11.57,4.9,
2006-10-16,24.3,74,33,15.9,13.74,0.1,
2006-10-17,26.8,66,14,9.0,15.66,0.0,
2006-10-18,32.2,48,20,9.6,17.19,0.0,
2006-10-19,27.3,62,24,14.4,15.15,0.8,
2006-10-20,24.4,70,37,18.0,15.32,0.0,
2006-10-21,25.4,69,49,12.9,12.94,0.2,
2006-10-22,26.9,69,27,16.8,15.96,0.0,
2006-10-23,26.7,71,12,16.1,14.84,0.0,
2006-10-24,25.3,78,50,13.4,13.93,1.2,
2006-10-25,22.9,82,67,12.6,11.26,7.4,
2006-10-26,24.6,80,26,12.7,13.54,0.4,
2006-10-27,24.3,83,50,21.8,11.97,2.4,
2006-10-28,20.6,86,57,13.8,10.74,10.2,
2006-10-29,21.5,76,37,14.5,12.27,0.9,
2006-10-30,24.8,69,24,8.1,13.2,0.5,
2006-10-31,27.0,56,23,14.1,15.92,0.0,
2006-11-01,26.6,53,18,22.2,13.49,0.0,
2006-11-02,21.7,78,47,14.8,8.86,0.7,
2006-11-03,24.1,77,21,10.7,12.02,0.1,
2006-11-04,25.3,62,66,15.4,14.34,0.1,
2006-11-05,18.7,78,95,20.1,3.68,11.5,
2006-11-06,18.5,63,75,9.5,7.47,0.0,
2006-11-07,20.3,63,63,13.5,12.21,0.0,
2006-11-08,21.2,60,22,10.5,14.12,0.0,
2006-11-09,22.3,60,1,11.2,15.62,0.0,
2006-11-10,22.8,61,0,10.2,15.32,0.0,
2006-11-11,22.8,69,1,10.5,14.67,0.0,
2006-11-12,22.0,72,29,9.7,12.4,0.1,
2006-11-13,21.3,81,21,12.2,11.67,0.0,
2006-11-14,19.5,81,36,11.5,9.37,0.8,
2006-11-15,19.8,86,46,11.2,8.5,1.8,
2006-11-16,21.8,73,30,8.3,10.98,0.0,
2006-11-17,23.3,65,0,9.8,14.48,0.0,
2006-11-18,21.3,70,10,12.3,13.84,0.0,
2006-11-19,21.2,73,41,12.3,9.69,0.0,
2006-11-20,22.6,63,36,9.3,12.93,0.0,
2006-11-21,23.1,43,9,10.9,14.16,0.0,
2006-11-22,21.9,62,18,6.9,13.83,0.0,
2006-11-23,21.9,63,9,7.5,12.86,0.0,
2006-11-24,22.3,58,66,9.0,10.81,0.0,
2006-11-25,23.5,51,40,11.2,13.64,0.0,
2006-11-26,23.8,42,41,9.7,13.78,0.0,
2006-11-27,23.7,34,43,10.9,13.6,0.0,
2006-11-28,23.8,35,0,9.8,13.99,0.0,
2006-11-29,22.8,44,20,7.4,13.54,0.0,
2006-11-30,22.9,49,0,6.3,13.48,0.0,
2006-12-01,23.2,39,0,10.8,13.47,0.0,
2006-12-02,20.7,61,0,12.4,13.36,0.0,
2006-12-03,21.3,49,35,12.7,12.69,0.0,
2006-12-04,21.3,32,9,14.6,13.26,0.0,
2006-12-05,20.5,55,13,5.2,12.47,0.0,
2006-12-06,20.4,51,62,7.8,11.13,0.0,
2006-12-07,19.6,63,34,5.8,11.44,0.0,
2006-12-08,20.5,64,14,9.8,12.06,0.0,
2006-12-09,22.6,40,32,17.6,12.53,0.0,
2006-12-10,21.3,43,18,14.0,12.52,0.3,
2006-12-11,19.8,66,16,13.5,11.83,0.0,
2006-12-12,18.5,72,74,6.0,7.52,0.0,
2006-12-13,19.1,71,36,5.0,9.22,0.0,
2006-12-14,21.4,54,34,9.5,12.57,0.0,
2006-12-15,19.4,59,31,16.4,12.23,0.0,
2006-12-16,18.0,35,0,15.3,13.14,0.0,
2006-12-17,17.8,41,0,11.5,12.98,0.0,
2006-12-18,20.4,58,6,10.3,12.75,0.0,
2006-12-19,22.1,33,0,12.9,13.0,0.0,
2006-12-20,19.7,52,4,10.5,12.76,0.0,
2006-12-21,19.5,78,58,12.5,8.81,0.0,
2006-12-22,18.8,78,41,15.0,9.38,0.3,
2006-12-23,16.9,72,38,19.8,8.6,2.4,
2006-12-24,17.1,61,0,7.7,12.74,0.0,
2006-12-25,16.6,68,6,9.2,12.28,0.0,
2006-12-26,14.3,83,65,25.1,4.87,5.9,
2006-12-27,11.8,81,70,21.8,7.91,15.1,
2006-12-28,11.6,59,47,18.5,7.64,0.6,
2006-12-29,13.7,70,37,7.4,9.3,0.0,
2006-12-30,15.8,74,40,9.1,9.14,0.0,
2006-12-31,12.7,87,64,13.0,4.1,3.5,
2007-01-01,15.2,81,33,11.5,10.56,0.0,16.0
2007-01-02,16.3,73,34,10.5,10.18,0.0,16.0
2007-01-03,18.5,74,45,8.4,12.57,0.0,18.0
2007-01-04,17.0,63,92,9.6,7.43,0.0,16.0
2007-01-05,13.4,75,61,33.1,8.24,8.5,15.0
2007-01-06,14.0,82,64,20.3,7.14,8.2,13.0
2007-01-07,13.4,92,84,17.6,5.63,10.8,14.0
2007-01-08,15.6,81,53,8.7,8.76,1.0,17.0
2007-01-09,16.9,70,18,8.4,12.57,0.0,18.0
2007-01-10,17.3,66,2,10.0,13.17,0.0,18.0
2007-01-11,16.5,62,14,11.4,13.55,0.0,16.0
2007-01-12,14.6,71,24,6.9,10.35,0.5,16.0
2007-01-13,16.4,71,32,9.6,11.22,0.0,17.0
2007-01-14,18.4,65,0,8.9,13.87,0.0,18.0
2007-01-15,19.4,58,14,10.8,13.86,0.0,20.0
2007-01-16,17.2,70,13,14.3,11.79,0.0,18.0
2007-01-17,17.3,72,16,10.0,13.15,0.0,18.0
2007-01-18,17.2,77,18,9.0,13.35,0.0,18.0
2007-01-19,16.9,80,72,9.3,13.15,0.0,18.0
2007-01-20,14.9,83,73,29.0,8.92,13.4,15.0
2007-01-21,14.9,75,57,29.8,10.5,10.2,16.0
2007-01-22,16.4,75,9,7.1,13.6,0.0,17.0
2007-01-23,19.7,65,1,12.7,14.89,0.0,20.0
2007-01-24,20.7,58,9,14.1,14.84,0.0,22.0
2007-01-25,21.2,56,0,12.0,15.2,0.0,23.0
2007-01-26,21.8,58,0,10.1,15.29,0.0,21.0
2007-01-27,20.1,72,2,8.5,14.94,0.0,18.0
2007-01-28,18.8,73,73,26.6,14.54,3.6,20.0
2007-01-29,13.5,63,64,27.9,10.27,0.0,15.0
2007-01-30,13.7,81,58,22.7,8.45,7.2,15.0
2007-01-31,15.2,69,42,20.9,10.51,0.4,16.0
2007-02-01,16.3,67,21,8.7,13.86,0.0,17.0
2007-02-02,16.0,74,76,12.1,10.98,0.1,16.0
2007-02-03,16.0,77,85,23.2,8.49,6.0,17.0
2007-02-04,13.3,83,82,27.5,8.0,9.9,15.0
2007-02-05,16.6,59,82,25.1,13.54,0.7,16.0
2007-02-06,13.1,81,63,26.7,13.23,12.7,14.0
2007-02-07,14.6,78,59,14.2,10.35,3.0,15.0
2007-02-08,18.3,72,70,7.6,15.13,0.0,18.0
2007-02-09,17.4,79,62,11.0,14.67,0.0,18.0
2007-02-10,15.9,85,56,13.2,10.87,1.1,17.0
2007-02-11,19.2,76,13,5.9,16.2,0.0,19.0
2007-02-12,20.6,68,9,13.7,16.67,0.0,22.0
2007-02-13,16.8,76,51,19.7,11.14,7.0,18.0
2007-02-14,18.1,76,49,15.9,12.98,0.3,19.0
2007-02-15,16.0,79,59,24.6,13.02,12.9,18.0
2007-02-16,16.6,82,59,15.5,13.62,2.2,18.0
2007-02-17,19.6,72,31,11.8,15.72,0.0,21.0
2007-02-18,16.4,70,37,13.2,12.14,2.5,18.0
2007-02-19,17.5,78,26,11.0,14.45,0.0,19.0
2007-02-20,20.7,74,59,8.9,15.53,0.0,22.0
2007-02-21,23.6,63,16,9.7,18.5,0.0,23.0
2007-02-22,20.0,70,27,14.1,17.74,0.0,21.0
2007-02-23,22.9,70,97,7.2,15.26,0.0,23.0
2007-02-24,21.7,52,18,17.9,18.32,0.0,22.0
2007-02-25,18.7,71,54,27.9,13.72,10.6,20.0
2007-02-26,15.5,87,64,19.6,12.78,16.2,17.0
2007-02-27,16.3,84,47,9.7,10.92,1.0,18.0
2007-02-28,20.3,71,13,10.2,18.55,0.0,21.0
2007-03-01,15.4,81,45,15.9,13.2,2.4,17.0
2007-03-02,16.7,79,38,13.0,12.23,0.3,23.0
2007-03-03,19.2,71,1,10.7,19.91,0.0,21.0
2007-03-04,20.6,70,11,12.9,20.14,0.0,21.0
2007-03-05,19.4,69,25,19.5,18.76,0.0,20.0
2007-03-06,18.3,67,13,16.6,19.6,0.0,19.0
2007-03-07,20.0,61,70,9.2,20.31,0.0,22.0
2007-03-08,21.4,63,45,10.2,20.31,0.0,22.0
2007-03-09,19.0,76,21,11.8,19.76,0.0,20.0
2007-03-10,25.5,61,17,11.5,21.22,0.0,27.0
2007-03-11,26.5,49,5,17.5,21.38,0.0,28.0
2007-03-12,19.8,73,8,14.2,20.39,0.0,20.0
2007-03-13,17.9,81,57,25.3,15.67,2.0,19.0
2007-03-14,15.3,81,64,28.0,15.49,10.2,16.0
2007-03-15,11.9,85,81,24.4,14.57,12.4,13.0
2007-03-16,16.3,77,45,18.2,16.08,1.1,17.0
2007-03-17,15.7,84,58,15.9,15.53,4.5,17.0
2007-03-18,17.2,68,47,17.7,17.85,0.0,17.0
2007-03-19,17.1,71,43,13.7,17.15,0.2,18.0
2007-03-20,21.5,56,48,13.8,13.64,0.3,21.0
2007-03-21,23.1,62,3,13.7,22.37,0.0,23.0
2007-03-22,26.3,60,45,11.1,22.45,0.0,23.0
2007-03-23,27.7,37,100,19.2,10.99,0.0,29.0
2007-03-24,26.5,65,59,20.7,17.0,0.0,23.0
2007-03-25,18.8,67,46,16.7,19.24,0.0,19.0
2007-03-26,17.8,71,64,17.4,16.3,0.0,18.0
2007-03-27,18.4,72,37,15.9,18.62,0.0,18.0
2007-03-28,18.8,71,23,12.1,19.26,0.0,20.0
2007-03-29,21.4,65,0,12.3,24.25,0.0,21.0
2007-03-30,23.9,56,11,10.2,24.58,0.0,24.0
2007-03-31,26.9,48,41,18.4,22.38,0.3,26.0
2007-04-01,18.4,79,59,23.5,18.55,4.2,19.0
2007-04-02,18.2,78,76,17.9,16.67,2.6,19.0
2007-04-03,18.3,74,50,17.7,19.26,0.5,19.0
2007-04-04,20.6,62,14,7.6,24.25,0.0,21.0
2007-04-05,31.6,45,33,13.7,22.57,0.0,33.0
2007-04-06,24.2,57,38,19.2,24.29,0.0,25.0
2007-04-07,34.7,43,70,20.4,20.59,0.0,37.0
2007-04-08,20.7,76,35,16.9,22.2,0.0,21.0
2007-04-09,19.6,73,50,17.4,20.73,0.0,20.0
2007-04-10,20.2,71,24,13.8,21.38,0.6,21.0
2007-04-11,19.3,77,29,16.0,19.57,1.9,20.0
2007-04-12,21.3,62,28,12.7,22.62,0.4,22.0
2007-04-13,21.3,77,77,16.6,20.82,8.6,20.0
2007-04-14,19.2,82,41,21.3,20.36,3.4,21.0
2007-04-15,19.4,72,24,19.1,21.99,0.1,21.0
2007-04-16,22.1,65,39,13.1,21.96,0.0,23.0
2007-04-17,30.4,51,20,20.2,22.96,0.0,30.0
2007-04-18,19.3,75,37,23.8,21.7,0.3,21.0
2007-04-19,18.8,70,32,16.8,24.39,2.7,19.0
2007-04-20,20.7,65,10,13.0,26.74,0.0,21.0
2007-04-21,26.5,54,21,11.1,27.05,0.0,27.0
2007-04-22,30.8,40,38,12.5,26.2,0.0,30.0
2007-04-23,28.4,44,22,25.5,25.42,0.0,30.0
2007-04-24,23.5,62,4,19.1,24.97,0.0,23.0
2007-04-25,26.6,41,24,11.7,28.07,0.0,25.0
2007-04-26,29.6,49,52,15.9,21.64,0.0,26.0
2007-04-27,24.9,62,22,14.1,26.68,0.0,25.0
2007-04-28,26.8,61,39,13.8,23.52,0.0,28.0
2007-04-29,23.8,70,7,18.1,26.71,0.0,23.0
2007-04-30,21.3,67,15,13.9,25.35,0.0,21.0
2007-05-01,24.4,60,1,11.3,28.13,0.0,23.0
2007-05-02,30.9,44,40,13.7,27.63,0.0,30.0
2007-05-03,38.6,24,60,17.5,22.74,0.0,38.0
2007-05-04,27.0,59,9,15.5,27.24,0.0,25.0
2007-05-05,28.5,60,1,10.8,27.93,0.0,28.0
2007-05-06,35.2,57,1,9.3,27.86,0.0,29.0
2007-05-07,32.6,59,5,12.0,26.49,0.4,32.0
2007-05-08,35.7,52,18,14.6,26.73,0.0,35.0
2007-05-09,31.2,52,94,19.5,23.68,0.0,30.0
2007-05-10,36.7,33,96,19.5,18.29,0.1,35.0
2007-05-11,27.3,65,35,18.6,22.51,0.2,24.0
2007-05-12,24.1,79,48,15.1,16.84,6.0,25.0
2007-05-13,24.2,77,44,16.6,22.88,0.6,24.0
2007-05-14,25.1,62,7,15.3,27.02,0.0,25.0
2007-05-15,26.9,66,36,15.6,27.01,0.0,27.0
2007-05-16,26.5,70,79,11.7,23.08,0.4,26.0
2007-05-17,25.2,75,57,13.7,21.33,0.8,24.0
2007-05-18,26.6,66,12,15.3,27.02,0.0,27.0
2007-05-19,33.6,42,0,9.5,29.26,0.0,33.0
2007-05-20,27.5,47,1,15.5,28.35,0.0,29.0
2007-05-21,25.9,64,4,16.1,28.59,0.0,25.0
2007-05-22,24.5,66,27,16.8,27.94,0.0,24.0
2007-05-23,25.2,63,6,13.4,28.63,0.0,25.0
2007-05-24,32.8,48,0,13.4,28.99,0.0,30.0
2007-05-25,26.3,67,13,14.8,28.17,0.0,26.0
2007-05-26,28.2,61,13,16.3,28.46,0.0,27.0
2007-05-27,32.3,49,7,19.9,26.2,0.0,30.0
2007-05-28,27.4,69,39,14.8,24.6,0.0,27.0
2007-05-29,37.1,41,29,13.1,27.93,0.0,38.0
2007-05-30,30.2,58,16,17.7,27.77,0.0,32.0
2007-05-31,26.3,72,24,18.4,27.77,0.0,26.0
2007-06-01,25.9,67,14,16.1,27.98,0.0,26.0
2007-06-02,25.7,61,7,15.1,28.64,0.0,26.0
2007-06-03,27.6,62,33,14.1,28.55,0.0,26.0
2007-06-04,27.9,63,8,14.6,29.44,0.0,28.0
2007-06-05,30.3,57,9,15.3,29.11,0.0,29.0
2007-06-06,32.6,56,1,15.0,28.54,0.0,30.0
2007-06-07,25.5,71,33,17.9,27.5,0.0,26.0
2007-06-08,25.3,73,37,17.7,21.15,0.2,26.0
2007-06-09,27.0,66,22,13.0,27.46,0.0,27.0
2007-06-10,39.0,44,4,12.4,28.37,0.0,40.0
2007-06-11,27.1,68,12,17.0,27.33,0.0,28.0
2007-06-12,26.8,69,15,17.1,28.0,0.0,28.0
2007-06-13,27.8,70,14,15.6,28.06,0.0,28.0
2007-06-14,28.2,71,6,15.5,28.17,0.0,28.0
2007-06-15,26.7,72,12,16.9,28.05,0.0,27.0
2007-06-16,27.2,72,6,16.9,28.68,0.0,28.0
2007-06-17,27.5,71,16,17.0,27.67,0.0,28.0
2007-06-18,28.4,70,19,16.6,27.4,0.0,29.0
2007-06-19,29.2,68,12,14.7,28.13,0.0,29.0
2007-06-20,31.0,65,1,17.0,28.76,0.0,31.0
2007-06-21,31.8,58,0,18.8,28.71,0.0,31.0
2007-06-22,32.8,58,0,16.6,28.98,0.0,31.0
2007-06-23,34.9,49,0,15.8,29.1,0.0,33.0
2007-06-24,34.9,42,0,17.1,29.94,0.0,35.0
2007-06-25,35.3,49,0,13.5,29.25,0.0,35.0
2007-06-26,34.0,53,0,18.6,28.71,0.0,33.0
2007-06-27,34.8,51,0,15.7,29.09,0.0,35.0
2007-06-28,34.7,51,0,18.0,28.9,0.0,35.0
2007-06-29,33.5,56,4,18.5,28.49,0.0,35.0
2007-06-30,31.8,63,0,21.8,28.86,0.0,32.0
2007-07-01,29.9,66,21,18.4,27.41,0.0,30.0
2007-07-02,29.2,66,22,16.5,25.83,0.0,30.0
2007-07-03,30.9,67,3,17.2,28.12,0.0,30.0
2007-07-04,30.5,68,10,18.6,28.15,0.0,31.0
2007-07-05,30.0,67,8,15.6,28.17,0.0,31.0
2007-07-06,29.5,62,2,15.4,28.52,0.0,29.0
2007-07-07,30.4,65,12,16.6,27.56,0.0,32.0
2007-07-08,29.7,70,11,17.1,27.33,0.0,31.0
2007-07-09,31.4,68,3,17.1,28.38,0.0,31.0
2007-07-10,32.0,64,1,16.3,28.49,0.0,32.0
2007-07-11,32.8,57,1,16.3,29.03,0.0,33.0
2007-07-12,32.1,59,1,16.6,28.79,0.0,33.0
2007-07-13,29.9,66,9,15.6,28.48,0.0,31.0
2007-07-14,29.8,67,19,18.8,26.29,0.0,31.0
2007-07-15,29.5,66,23,18.3,24.52,0.0,30.0
2007-07-16,30.9,72,11,20.4,25.67,0.0,31.0
2007-07-17,31.5,66,10,19.9,27.61,0.0,31.0
2007-07-18,31.8,67,3,17.4,27.71,0.0,32.0
2007-07-19,32.5,65,3,17.2,27.89,0.0,32.0
2007-07-20,33.7,59,2,16.1,28.21,0.0,33.0
2007-07-21,34.3,54,0,17.3,27.86,0.0,37.0
2007-07-22,33.3,58,1,18.2,27.84,0.0,33.0
2007-07-23,31.4,65,3,16.0,27.71,0.0,31.0
2007-07-24,32.2,69,10,14.0,26.76,0.0,32.0
2007-07-25,34.6,65,4,12.5,27.25,0.0,33.0
2007-07-26,35.7,60,3,14.8,27.4,0.0,34.0
2007-07-27,36.9,50,2,16.1,27.75,0.0,35.0
2007-07-28,37.0,48,1,18.1,27.61,0.0,34.0
2007-07-29,33.4,72,18,16.4,25.96,0.0,32.0
2007-07-30,33.5,63,21,18.4,26.17,0.0,33.0
2007-07-31,32.3,60,6,18.9,26.18,0.0,33.0
2007-08-01,31.2,69,26,18.4,24.57,0.0,32.0
2007-08-02,31.0,66,10,17.1,26.18,0.0,31.0
2007-08-03,32.2,64,14,17.5,26.7,0.0,32.0
2007-08-04,30.2,72,22,16.4,26.12,0.0,31.0
2007-08-05,30.3,68,11,16.5,26.76,0.0,33.0
2007-08-06,30.0,67,9,16.1,26.79,0.0,30.0
2007-08-07,31.2,67,12,18.2,26.31,0.0,31.0
2007-08-08,30.4,65,13,16.4,25.77,0.0,30.0
2007-08-09,29.6,64,17,16.5,25.86,0.0,30.0
2007-08-10,30.7,66,14,17.2,25.36,0.0,30.0
2007-08-11,31.0,69,11,14.7,25.64,0.0,31.0
2007-08-12,31.5,72,6,16.3,26.2,0.0,32.0
2007-08-13,31.1,73,17,16.2,25.08,0.0,31.0
2007-08-14,30.3,69,11,15.4,25.66,0.0,30.0
2007-08-15,31.0,67,8,14.3,26.46,0.0,32.0
2007-08-16,30.5,68,7,16.5,26.19,0.0,31.0
2007-08-17,30.4,63,5,16.6,26.37,0.0,30.0
2007-08-18,30.6,69,12,16.1,24.72,0.0,31.0
2007-08-19,30.9,71,17,17.7,23.9,0.0,32.0
2007-08-20,32.1,67,14,16.2,25.24,0.0,32.0
2007-08-21,32.9,64,5,15.6,25.91,0.0,32.0
2007-08-22,33.8,60,0,15.2,25.55,0.0,32.0
2007-08-23,33.8,62,0,13.7,25.64,0.0,32.0
2007-08-24,35.6,65,1,16.2,25.24,0.0,35.0
2007-08-25,35.9,60,1,15.1,24.33,0.0,35.0
2007-08-26,34.8,59,2,17.9,25.15,0.0,34.0
2007-08-27,33.2,62,5,16.3,24.16,0.0,33.0
2007-08-28,33.8,66,5,17.3,24.97,0.0,33.0
2007-08-29,32.7,72,9,16.8,24.28,0.0,32.0
2007-08-30,31.5,76,26,16.4,23.54,0.0,31.0
2007-08-31,31.3,75,29,16.4,23.63,0.0,31.0
2007-09-01,32.0,78,21,14.3,22.86,0.0,32.0
2007-09-02,31.7,73,10,15.5,23.77,0.0,32.0
2007-09-03,31.7,68,8,16.0,23.78,0.0,32.0
2007-09-04,31.2,75,20,17.7,22.48,0.0,32.0
2007-09-05,30.5,75,30,18.3,22.48,0.0,31.0
2007-09-06,30.0,64,21,19.0,22.74,0.0,30.0
2007-09-07,31.1,72,24,18.9,22.43,0.0,32.0
2007-09-08,29.0,72,41,19.5,19.67,0.2,30.0
2007-09-09,28.6,62,27,18.3,18.67,0.0,30.0
2007-09-10,31.7,58,5,18.7,22.84,0.0,30.0
2007-09-11,29.1,65,1,15.4,22.69,0.0,30.0
2007-09-12,29.7,66,11,14.8,22.2,0.0,30.0
2007-09-13,28.9,66,10,14.6,22.59,0.0,29.0
2007-09-14,29.6,67,3,14.3,22.41,0.0,29.0
2007-09-15,30.1,71,22,16.4,21.1,0.0,30.0
2007-09-16,29.7,70,10,17.7,22.43,0.0,30.0
2007-09-17,29.8,68,11,16.4,21.77,0.0,29.0
2007-09-18,31.8,72,5,16.6,21.3,0.0,31.0
2007-09-19,30.7,73,9,15.5,21.05,0.0,31.0
2007-09-20,29.7,72,6,15.6,21.64,0.0,30.0
2007-09-21,29.1,72,9,14.3,21.14,0.0,29.0
2007-09-22,28.5,72,9,14.5,20.98,0.0,29.0
2007-09-23,28.8,70,10,18.4,20.48,0.0,29.0
2007-09-24,27.4,69,26,17.1,17.2,0.4,28.0
2007-09-25,29.6,65,21,16.6,18.51,0.0,29.0
2007-09-26,31.3,70,3,16.9,20.73,0.0,30.0
2007-09-27,33.4,72,7,16.6,20.42,0.0,32.0
2007-09-28,30.6,75,10,18.6,19.51,0.0,30.0
2007-09-29,27.7,77,36,12.5,17.56,0.0,29.0
2007-09-30,29.1,75,31,12.8,18.07,0.0,30.0
2007-10-01,29.7,78,33,15.6,18.47,0.0,30.0
2007-10-02,30.6,79,12,13.6,19.42,0.0,31.0
2007-10-03,30.3,72,8,15.6,19.57,0.0,31.0
2007-10-04,30.6,69,8,17.0,19.24,0.0,30.0
2007-10-05,27.8,73,16,15.8,16.92,0.0,28.0
2007-10-06,27.8,71,13,13.6,16.06,0.0,28.0
2007-10-07,30.0,71,7,16.9,18.85,0.0,29.0
2007-10-08,33.4,68,0,11.2,19.34,0.0,33.0
2007-10-09,30.3,79,16,12.4,18.22,0.0,30.0
2007-10-10,28.4,78,24,15.6,17.64,0.0,29.0
2007-10-11,28.9,75,17,13.5,18.01,0.0,28.0
2007-10-12,30.0,67,19,13.8,18.59,0.0,29.0
2007-10-13,28.4,73,30,15.6,17.04,0.0,27.0
2007-10-14,27.7,74,51,15.1,15.43,0.0,27.0
2007-10-15,27.9,67,15,15.8,17.25,0.0,28.0
2007-10-16,27.9,64,15,16.4,17.57,0.0,28.0
2007-10-17,29.3,54,35,8.2,15.34,0.0,28.0
2007-10-18,32.9,41,19,13.1,15.93,0.0,33.0
2007-10-19,30.2,58,15,12.4,16.78,0.3,31.0
2007-10-20,27.5,76,22,12.9,14.73,0.0,27.0
2007-10-21,29.0,75,10,13.5,16.6,0.0,29.0
2007-10-22,32.0,62,1,6.2,17.32,0.0,30.0
2007-10-23,35.8,46,0,9.5,17.39,0.0,32.0
2007-10-24,29.2,82,24,13.4,15.08,0.0,29.0
2007-10-25,26.7,77,27,15.0,15.76,0.0,27.0
2007-10-26,27.2,68,5,13.5,16.63,0.0,27.0
2007-10-27,26.9,70,14,15.3,16.43,0.0,27.0
2007-10-28,26.2,72,13,15.1,15.59,0.0,26.0
2007-10-29,26.2,76,21,13.3,14.99,0.0,27.0
2007-10-30,26.3,75,22,16.6,13.68,0.2,27.0
2007-10-31,26.6,72,19,12.3,14.65,0.0,27.0
2007-11-01,29.7,64,4,15.0,15.9,0.0,29.0
2007-11-02,29.3,60,13,13.6,15.78,0.0,29.0
2007-11-03,27.2,75,37,14.4,12.91,0.3,29.0
2007-11-04,28.8,68,19,11.1,15.3,0.6,30.0
2007-11-05,33.7,41,1,13.5,15.91,0.0,34.0
2007-11-06,33.9,26,33,16.1,15.49,0.0,34.0
2007-11-07,25.3,66,38,20.9,10.65,0.9,26.0
2007-11-08,23.9,63,40,14.9,11.67,0.0,24.0
2007-11-09,23.8,68,25,17.9,12.96,0.2,25.0
2007-11-10,22.9,74,25,11.8,12.28,0.8,24.0
2007-11-11,24.2,68,39,20.1,13.44,0.7,25.0
2007-11-12,22.9,59,18,11.7,12.93,0.0,23.0
2007-11-13,22.4,63,8,13.0,13.57,0.0,23.0
2007-11-14,24.3,69,35,9.6,14.1,0.0,24.0
2007-11-15,26.5,63,52,8.4,14.02,0.0,26.0
2007-11-16,24.9,75,39,9.4,13.87,0.0,25.0
2007-11-17,25.8,72,6,9.3,14.26,0.0,26.0
2007-11-18,24.3,80,49,5.8,13.1,0.0,25.0
2007-11-19,24.0,69,86,17.4,9.27,1.0,24.0
2007-11-20,18.0,87,62,24.5,9.01,7.9,21.0
2007-11-21,17.4,90,83,20.0,8.22,15.3,18.0
2007-11-22,17.6,86,69,15.1,8.4,1.4,19.0
2007-11-23,19.4,80,30,8.7,9.93,0.1,20.0
2007-11-24,21.0,72,33,9.3,11.0,0.0,22.0
2007-11-25,20.9,60,19,12.1,13.69,0.0,22.0
2007-11-26,21.6,61,5,9.1,13.7,0.0,22.0
2007-11-27,23.2,52,18,9.4,13.81,0.0,24.0
2007-11-28,22.6,55,57,8.9,13.35,0.0,22.0
2007-11-29,21.4,77,98,9.5,9.72,0.0,22.0
2007-11-30,24.3,59,98,10.7,9.14,0.0,25.0
2007-12-01,23.3,61,68,15.7,12.2,0.2,23.0
2007-12-02,18.5,86,61,15.9,7.28,6.0,21.0
2007-12-03,20.0,78,60,13.0,8.44,0.0,21.0
2007-12-04,19.5,81,54,7.6,8.18,0.2,21.0
2007-12-05,22.8,75,5,7.3,12.52,0.0,23.0
2007-12-06,18.8,63,16,26.2,11.98,0.9,20.0
2007-12-07,16.3,79,64,21.9,7.14,7.2,17.0
2007-12-08,17.8,84,56,9.8,6.04,1.7,19.0
2007-12-09,18.2,82,32,6.5,9.08,0.0,20.0
2007-12-10,19.0,68,8,15.0,12.47,0.0,20.0
2007-12-11,20.4,66,10,9.4,11.7,0.0,22.0
2007-12-12,21.6,75,15,3.7,11.91,0.0,23.0
2007-12-13,20.3,62,6,13.5,12.22,0.0,21.0
2007-12-14,17.2,66,52,23.9,8.41,0.8,19.0
2007-12-15,19.1,68,32,7.5,10.82,0.0,20.0
2007-12-16,17.9,83,51,13.1,8.95,0.7,20.0
2007-12-17,18.8,78,61,8.6,9.99,0.0,20.0
2007-12-18,18.4,70,20,15.1,11.25,0.0,19.0
2007-12-19,16.5,80,41,11.6,6.68,0.7,19.0
2007-12-20,14.9,87,71,9.5,5.38,6.1,17.0
2007-12-21,16.4,75,40,9.0,9.27,0.4,17.0
2007-12-22,17.1,71,24,11.2,10.68,0.0,18.0
2007-12-23,18.1,70,10,6.5,11.89,0.0,18.0
2007-12-24,17.9,66,3,6.6,12.16,0.0,18.0
2007-12-25,16.6,77,30,8.2,9.45,0.2,16.0
2007-12-26,18.5,75,19,8.2,10.9,0.0,19.0
2007-12-27,20.2,58,4,13.0,12.47,0.0,22.0
2007-12-28,20.4,43,0,14.2,12.76,0.0,22.0
2007-12-29,19.4,55,7,14.6,12.74,0.0,19.0
2007-12-30,16.9,60,12,6.9,13.01,0.0,17.0
2007-12-31,18.8,47,51,9.4,12.59,0.0,19.0
2008-01-01,19.3,50,93,11.3,10.41,0.0,20.0
2008-01-02,17.1,67,29,19.0,10.95,0.0,19.0
2008-01-03,16.0,78,47,15.1,9.17,0.9,19.0
2008-01-04,16.6,89,56,19.4,8.39,10.5,17.0
2008-01-05,16.3,73,33,21.6,9.76,0.3,17.0
2008-01-06,15.2,66,18,14.3,12.44,0.0,15.0
2008-01-07,15.7,70,43,12.4,9.58,0.0,16.0
2008-01-08,16.6,76,52,14.4,8.81,0.6,15.0
2008-01-09,16.7,77,82,6.9,7.3,0.6,17.0
2008-01-10,16.0,73,66,14.7,8.92,2.9,15.0
2008-01-11,12.6,59,8,12.8,12.66,0.0,12.0
2008-01-12,13.3,56,1,11.7,13.88,0.0,13.0
2008-01-13,13.9,53,2,10.8,13.98,0.0,13.0
2008-01-14,13.2,50,0,9.2,14.5,0.0,13.0
2008-01-15,14.4,47,0,6.5,14.66,0.0,15.0
2008-01-16,16.0,45,0,9.5,14.7,0.0,17.0
2008-01-17,15.9,37,8,15.5,14.85,0.0,18.0
2008-01-18,15.6,35,12,15.7,14.93,0.0,18.0
2008-01-19,18.6,41,18,14.4,14.92,0.0,19.0
2008-01-20,17.7,58,86,7.4,14.34,0.0,17.0
2008-01-21,19.8,53,77,6.0,13.24,0.0,20.0
2008-01-22,12.8,79,81,13.8,4.9,9.8,14.0
2008-01-23,15.4,83,48,17.7,9.8,1.4,16.0
2008-01-24,16.6,74,22,7.9,13.11,0.0,17.0
2008-01-25,16.9,64,2,10.5,15.06,0.0,18.0
2008-01-26,13.7,83,63,13.5,8.69,4.3,12.0
2008-01-27,14.9,83,59,13.7,11.17,0.1,15.0
2008-01-28,15.3,68,50,27.1,10.81,0.0,16.0
2008-01-29,12.7,70,61,35.9,7.29,10.2,14.0
2008-01-30,10.3,82,77,30.4,9.18,13.7,11.0
2008-01-31,11.7,67,66,23.9,11.21,3.1,12.0
2008-02-01,14.2,71,48,16.0,9.91,0.0,15.0
2008-02-02,16.2,74,41,12.0,12.12,0.0,17.0
2008-02-03,18.1,68,0,7.8,16.16,0.0,19.0
2008-02-04,19.3,54,1,11.0,16.48,0.0,20.0
2008-02-05,20.0,44,27,13.4,16.45,0.0,20.0
2008-02-06,20.3,44,33,11.5,16.32,0.0,20.0
2008-02-07,18.8,61,8,10.9,16.43,0.0,19.0
2008-02-08,17.2,76,27,10.5,12.31,0.4,18.0
2008-02-09,21.7,61,12,13.3,16.96,0.0,23.0
2008-02-10,21.9,55,1,14.1,16.98,0.0,21.0
2008-02-11,19.7,68,22,16.6,16.23,0.0,20.0
2008-02-12,15.4,84,68,20.5,11.55,5.8,17.0
2008-02-13,15.2,81,55,18.5,12.65,8.4,16.0
2008-02-14,13.1,91,68,21.1,6.65,15.4,12.0
2008-02-15,14.4,77,35,15.5,11.43,1.6,16.0
2008-02-16,16.3,70,34,9.6,14.66,0.0,17.0
2008-02-17,17.8,68,13,10.7,17.87,0.0,19.0
2008-02-18,15.6,68,43,32.8,15.09,8.2,17.0
2008-02-19,11.5,77,70,23.4,11.47,8.7,12.0
2008-02-20,14.6,66,39,20.2,12.43,0.0,16.0
2008-02-21,18.3,61,0,9.8,19.11,0.0,19.0
2008-02-22,20.4,48,31,9.7,17.81,0.0,21.0
2008-02-23,21.2,44,59,9.6,16.76,0.0,20.0
2008-02-24,17.8,70,97,7.6,11.3,0.0,18.0
2008-02-25,15.9,85,83,14.7,10.62,3.6,18.0
2008-02-26,16.1,80,40,17.0,13.13,1.1,17.0
2008-02-27,18.1,70,8,6.9,18.52,0.0,19.0
2008-02-28,22.0,64,59,8.7,16.79,0.0,22.0
2008-02-29,19.7,74,48,12.2,17.13,0.0,19.0
2008-03-01,18.7,81,45,11.5,16.52,0.0,19.0
2008-03-02,17.3,77,40,16.2,13.73,0.0,19.0
2008-03-03,18.2,80,50,22.0,14.61,1.8,19.0
2008-03-04,20.0,77,23,8.8,17.87,0.0,20.0
2008-03-05,26.4,58,23,11.9,20.69,0.0,28.0
2008-03-06,26.5,49,18,8.4,21.07,0.0,26.0
2008-03-07,29.9,41,38,11.6,21.17,0.0,29.0
2008-03-08,31.5,36,99,12.6,15.98,0.0,30.0
2008-03-09,30.7,45,93,10.9,16.22,0.0,29.0
2008-03-10,21.0,74,38,16.0,14.22,0.0,22.0
2008-03-11,20.4,70,4,15.3,21.02,0.0,21.0
2008-03-12,20.2,68,9,12.0,21.4,0.0,20.0
2008-03-13,18.9,70,25,18.8,20.47,0.1,20.0
2008-03-14,18.2,80,45,25.8,13.46,1.8,20.0
2008-03-15,19.0,64,10,14.8,21.77,0.0,20.0
2008-03-16,22.9,51,38,11.2,21.37,0.0,24.0
2008-03-17,28.2,41,0,11.0,22.83,0.0,25.0
2008-03-18,22.5,66,12,13.0,21.86,0.0,22.0
2008-03-19,25.1,52,7,13.0,22.32,0.0,25.0
2008-03-20,25.9,46,1,8.7,23.09,0.0,26.0
2008-03-21,31.8,38,7,10.9,23.22,0.0,33.0
2008-03-22,33.7,22,50,16.2,23.33,0.0,35.0
2008-03-23,37.2,23,0,12.9,24.09,0.0,38.0
2008-03-24,35.8,21,0,14.4,24.23,0.0,37.0
2008-03-25,32.0,37,0,19.4,23.86,0.0,31.0
2008-03-26,19.4,68,53,17.1,20.19,0.0,20.0
2008-03-27,20.3,63,30,16.4,19.53,0.0,20.0
2008-03-28,26.0,53,25,14.4,23.37,0.0,25.0
2008-03-29,25.8,40,4,17.0,24.23,0.0,25.0
2008-03-30,20.9,70,31,19.1,19.39,3.5,21.0
2008-03-31,18.8,74,56,19.2,16.22,0.7,20.0
2008-04-01,19.4,67,28,16.9,20.8,0.0,20.0
2008-04-02,21.7,60,8,11.2,24.78,0.0,22.0
2008-04-03,24.5,55,0,17.8,25.2,0.0,27.0
2008-04-04,20.1,70,52,16.3,20.75,0.0,21.0
2008-04-05,25.0,63,35,13.2,24.74,0.0,23.0
2008-04-06,30.9,46,79,16.9,15.44,0.0,30.0
2008-04-07,20.2,66,49,18.3,22.23,0.5,21.0
2008-04-08,19.3,61,48,16.6,15.65,0.0,
2008-04-09,21.1,66,37,10.1,24.09,0.0,20.0
2008-04-10,29.5,48,39,11.9,22.59,0.3,30.0
2008-04-11,24.8,55,0,15.8,25.57,0.0,25.0
2008-04-12,26.4,61,2,13.2,25.78,0.0,23.0
2008-04-13,31.9,49,12,12.0,25.86,0.0,31.0
2008-04-14,37.0,31,15,15.0,26.29,0.0,38.0
2008-04-15,32.3,30,52,16.2,24.45,0.0,34.0
2008-04-16,22.9,68,28,16.9,25.38,0.0,24.0
2008-04-17,21.2,66,32,14.6,25.1,0.0,22.0
2008-04-18,26.3,61,32,12.6,26.74,0.0,26.0
2008-04-19,25.1,54,10,15.7,26.97,0.0,25.0
2008-04-20,25.2,56,1,13.2,26.6,0.0,25.0
2008-04-21,32.5,45,0,13.6,27.0,0.0,30.0
2008-04-22,34.6,31,0,14.5,27.39,0.0,34.0
2008-04-23,40.1,20,29,17.6,27.56,0.0,41.0
2008-04-24,39.0,24,84,17.0,27.14,0.0,40.0
2008-04-25,30.3,56,80,9.2,18.21,0.0,31.0
2008-04-26,25.4,70,39,16.2,23.36,0.0,25.0
2008-04-27,23.2,67,27,17.9,25.89,0.2,23.0
2008-04-28,24.1,62,1,19.0,27.59,0.0,24.0
2008-04-29,21.7,64,23,19.8,22.76,0.0,22.0
2008-04-30,22.5,61,19,18.0,23.98,0.0,22.0
2008-05-01,22.7,60,25,17.2,24.24,0.0,23.0
2008-05-02,22.9,65,10,16.8,26.55,0.0,23.0
2008-05-03,25.0,62,5,15.5,28.2,0.0,25.0
2008-05-04,27.1,53,6,17.7,28.42,0.0,27.0
2008-05-05,28.8,43,4,14.3,27.9,0.0,29.0
2008-05-06,23.6,63,5,17.9,27.39,0.0,23.0
2008-05-07,22.8,68,14,20.1,25.23,0.0,25.0
2008-05-08,24.1,60,19,17.8,26.87,0.0,24.0
2008-05-09,21.9,67,36,19.8,22.8,1.9,23.0
2008-05-10,23.6,62,19,14.7,27.01,0.0,23.0
2008-05-11,25.8,57,43,14.6,25.69,0.0,26.0
2008-05-12,32.9,48,33,13.6,27.14,0.0,32.0
2008-05-13,28.3,50,46,18.9,27.54,0.0,28.0
2008-05-14,31.6,42,39,12.4,25.12,0.0,31.0
2008-05-15,30.9,50,52,18.8,26.13,0.0,30.0
2008-05-16,24.3,67,22,17.5,26.59,0.0,24.0
2008-05-17,24.3,66,22,16.9,26.94,0.0,24.0
2008-05-18,25.3,71,32,19.1,26.53,0.0,25.0
2008-05-19,28.1,67,11,16.1,28.59,0.0,28.0
2008-05-20,31.2,47,28,14.5,29.06,0.0,30.0
2008-05-21,30.1,46,72,14.0,27.54,0.0,29.0
2008-05-22,28.9,59,5,16.9,28.81,0.0,29.0
2008-05-23,26.6,64,2,16.5,28.63,0.0,27.0
2008-05-24,26.0,64,19,17.2,28.35,0.0,27.0
2008-05-25,26.4,62,10,17.7,28.67,0.0,26.0
2008-05-26,25.8,68,11,16.9,27.14,0.0,26.0
2008-05-27,27.9,68,14,18.4,28.13,0.0,28.0
2008-05-28,28.8,66,0,18.1,29.01,0.0,28.0
2008-05-29,31.2,56,0,16.1,29.29,0.0,29.0
2008-05-30,29.3,56,0,15.8,29.33,0.0,30.0
2008-05-31,30.8,60,1,16.6,28.77,0.0,30.0
2008-06-01,29.9,53,0,16.3,29.37,0.0,30.0
2008-06-02,29.8,55,1,17.4,29.05,0.0,31.0
2008-06-03,29.0,58,3,17.4,28.54,0.0,29.0
2008-06-04,32.0,54,2,13.5,28.89,0.0,32.0
2008-06-05,38.1,39,2,18.4,28.27,0.0,38.0
2008-06-06,28.0,66,5,17.9,27.85,0.0,28.0
2008-06-07,27.7,67,19,16.7,26.66,0.0,28.0
2008-06-08,31.8,51,7,14.8,28.96,0.0,31.0
2008-06-09,38.6,43,3,23.0,28.99,0.0,39.0
2008-06-10,27.8,70,11,22.5,27.74,0.0,28.0
2008-06-11,26.9,71,28,19.9,24.68,1.4,27.0
2008-06-12,28.4,66,18,16.3,25.91,0.0,26.0
2008-06-13,31.5,59,0,18.8,29.37,0.0,30.0
2008-06-14,31.0,59,0,17.4,29.14,0.0,30.0
2008-06-15,31.9,48,0,17.6,29.27,0.0,32.0
2008-06-16,28.4,66,9,16.8,28.83,0.0,28.0
2008-06-17,28.9,68,13,15.4,28.53,0.0,29.0
2008-06-18,31.0,68,7,17.3,28.58,0.0,30.0
2008-06-19,32.1,62,0,15.7,28.93,0.0,31.0
2008-06-20,32.6,57,1,15.5,29.16,0.0,33.0
2008-06-21,34.3,53,0,18.4,29.21,0.0,35.0
2008-06-22,31.2,59,1,17.5,28.88,0.0,30.0
2008-06-23,30.2,64,5,16.9,28.77,0.0,30.0
2008-06-24,31.2,69,14,16.0,29.02,0.0,32.0
2008-06-25,32.4,66,10,16.3,28.18,0.0,31.0
2008-06-26,32.7,64,16,15.3,27.63,0.0,31.0
2008-06-27,31.8,63,8,15.3,28.23,0.0,32.0
2008-06-28,31.5,61,3,16.8,28.62,0.0,32.0
2008-06-29,29.6,73,28,19.1,26.45,0.0,30.0
2008-06-30,31.1,71,10,16.3,27.63,0.0,31.0
2008-07-01,31.8,67,11,17.0,27.94,0.0,32.0
2008-07-02,31.8,66,4,17.6,28.25,0.0,32.0
2008-07-03,30.0,70,11,16.6,26.95,0.0,30.0
2008-07-04,30.6,67,5,16.4,27.75,0.0,31.0
2008-07-05,31.2,66,3,17.1,28.26,0.0,31.0
2008-07-06,30.5,69,26,17.8,26.4,0.0,31.0
2008-07-07,30.7,69,10,16.3,27.4,0.0,30.0
2008-07-08,32.4,72,14,17.9,27.67,0.0,31.0
2008-07-09,32.8,62,15,16.9,28.35,0.0,33.0
2008-07-10,34.6,51,0,16.1,29.44,0.0,33.0
2008-07-11,34.3,50,0,16.6,29.06,0.0,33.0
2008-07-12,31.4,62,2,16.5,28.2,0.0,31.0
2008-07-13,30.8,60,7,14.9,28.64,0.0,31.0
2008-07-14,32.0,66,3,15.8,28.22,0.0,31.0
2008-07-15,32.1,70,7,17.8,27.9,0.0,32.0
2008-07-16,32.6,67,6,15.3,27.8,0.0,32.0
2008-07-17,32.6,62,2,16.2,28.13,0.0,32.0
2008-07-18,30.9,69,20,14.7,27.47,0.0,31.0
2008-07-19,31.2,64,5,13.1,27.66,0.0,31.0
2008-07-20,31.9,66,2,15.5,27.48,0.0,31.0
2008-07-21,32.6,65,3,14.8,27.94,0.0,34.0
2008-07-22,33.4,58,0,15.3,28.57,0.0,32.0
2008-07-23,32.2,62,3,16.2,27.39,0.0,32.0
2008-07-24,31.8,68,7,16.8,27.47,0.0,32.0
2008-07-25,30.2,74,27,17.2,25.66,0.0,31.0
2008-07-26,30.0,62,11,18.6,26.92,0.0,30.0
2008-07-27,30.3,60,20,19.2,24.53,0.0,30.0
2008-07-28,30.3,64,24,18.2,24.32,0.0,30.0
2008-07-29,30.4,68,22,17.9,25.5,0.0,30.0
2008-07-30,30.7,70,15,18.0,25.75,0.0,31.0
2008-07-31,31.0,71,10,16.0,26.35,0.0,31.0
2008-08-01,32.7,68,8,17.0,26.65,0.0,33.0
2008-08-02,33.7,61,4,17.6,27.58,0.0,33.0
2008-08-03,32.9,62,4,17.4,27.48,0.0,32.0
2008-08-04,31.2,68,8,17.4,26.49,0.0,31.0
2008-08-05,31.3,69,10,18.3,26.41,0.0,31.0
2008-08-06,31.4,65,3,14.8,27.14,0.0,31.0
2008-08-07,32.5,61,0,17.9,27.24,0.0,31.0
2008-08-08,31.9,62,9,18.4,26.3,0.0,32.0
2008-08-09,31.0,65,14,17.9,25.81,0.0,31.0
2008-08-10,30.8,63,10,16.5,26.11,0.0,31.0
2008-08-11,32.0,62,5,16.2,26.7,0.0,31.0
2008-08-12,31.2,69,8,16.8,26.25,0.0,32.0
2008-08-13,30.0,69,21,17.2,24.54,0.0,31.0
2008-08-14,30.7,65,5,16.2,26.02,0.0,31.0
2008-08-15,31.0,68,14,17.9,25.02,0.0,32.0
2008-08-16,33.6,54,4,16.5,26.39,0.0,33.0
2008-08-17,34.4,56,0,17.2,26.55,0.0,32.0
2008-08-18,33.8,64,1,17.3,25.85,0.0,33.0
2008-08-19,32.4,72,8,17.0,25.52,0.0,32.0
2008-08-20,32.2,76,22,14.3,24.38,0.0,32.0
2008-08-21,31.2,76,36,17.3,23.44,0.0,31.0
2008-08-22,31.3,72,17,17.6,24.14,0.0,31.0
2008-08-23,30.8,68,22,17.6,23.68,0.0,31.0
2008-08-24,31.3,72,37,14.6,20.95,0.3,31.0
2008-08-25,33.1,71,7,14.4,24.69,0.0,32.0
2008-08-26,33.8,70,5,15.2,23.85,0.0,33.0
2008-08-27,32.8,75,6,16.6,24.45,0.0,32.0
2008-08-28,33.2,73,30,14.6,23.51,0.0,33.0
2008-08-29,32.5,71,11,14.8,24.14,0.0,32.0
2008-08-30,32.3,76,17,15.1,23.8,0.0,32.0
2008-08-31,31.9,75,16,16.3,23.26,0.0,32.0
2008-09-01,31.4,73,7,15.8,23.22,0.0,31.0
2008-09-02,30.9,73,19,16.1,22.9,0.0,31.0
2008-09-03,31.1,69,12,15.5,22.72,0.0,31.0
2008-09-04,32.9,66,16,13.9,22.07,0.0,31.0
2008-09-05,32.0,72,37,13.8,20.22,0.0,32.0
2008-09-06,32.2,72,23,14.8,22.88,0.0,32.0
2008-09-07,31.5,71,17,13.8,22.26,0.0,31.0
2008-09-08,30.6,72,15,14.5,23.25,0.0,30.0
2008-09-09,30.0,67,15,15.3,23.31,0.0,30.0
2008-09-10,30.5,70,16,16.1,21.4,0.0,32.0
2008-09-11,32.6,62,11,15.4,23.29,0.0,31.0
2008-09-12,32.6,62,0,15.6,23.35,0.0,31.0
2008-09-13,29.1,69,14,17.9,21.38,0.0,30.0
2008-09-14,30.5,70,20,17.0,20.34,0.0,30.0
2008-09-15,31.9,73,14,15.1,21.94,0.0,31.0
2008-09-16,32.8,70,3,16.1,20.92,0.0,32.0
2008-09-17,34.1,63,0,17.2,22.27,0.0,32.0
2008-09-18,30.5,67,5,16.8,21.59,0.0,31.0
2008-09-19,29.7,64,10,17.1,19.41,0.0,30.0
2008-09-20,29.8,62,16,16.8,19.26,0.0,29.0
2008-09-21,31.6,53,0,14.7,21.99,0.0,31.0
2008-09-22,34.7,47,1,13.8,21.36,0.0,34.0
2008-09-23,30.5,61,8,20.1,20.4,0.0,30.0
2008-09-24,28.6,64,14,18.7,18.6,0.0,29.0
2008-09-25,32.1,57,0,11.5,21.05,0.0,32.0
2008-09-26,28.8,65,18,24.1,16.88,1.0,30.0
2008-09-27,27.3,77,38,22.6,15.9,4.5,28.0
2008-09-28,26.9,69,21,17.5,16.2,0.1,29.0
2008-09-29,30.1,61,3,9.0,19.95,0.0,31.0
2008-09-30,26.6,66,31,23.1,17.09,0.9,27.0
2008-10-01,26.5,61,23,17.1,19.14,0.0,27.0
2008-10-02,27.3,62,26,15.5,16.44,0.0,27.0
2008-10-03,30.3,62,7,16.5,19.76,0.0,29.0
2008-10-04,33.8,56,19,12.7,19.56,0.0,33.0
2008-10-05,33.8,52,25,16.2,18.72,0.0,33.0
2008-10-06,30.0,70,45,16.6,18.77,0.0,29.0
2008-10-07,27.5,75,48,14.6,16.72,0.0,28.0
2008-10-08,27.3,71,12,16.6,18.62,0.0,27.0
2008-10-09,26.7,70,70,15.8,16.81,0.0,27.0
2008-10-10,26.4,68,16,16.8,16.48,0.0,27.0
2008-10-11,25.6,69,25,16.8,13.19,0.0,27.0
2008-10-12,27.4,65,16,11.6,15.03,0.0,28.0
2008-10-13,30.2,70,5,10.7,18.45,0.0,30.0
2008-10-14,34.3,66,28,12.2,17.51,0.0,33.0
2008-10-15,26.3,76,34,18.2,12.42,1.0,27.0
2008-10-16,25.3,72,31,16.3,13.47,0.6,27.0
2008-10-17,27.5,67,14,14.0,16.53,0.0,27.0
2008-10-18,29.0,72,19,14.3,17.17,0.0,28.0
2008-10-19,29.9,76,61,13.2,16.03,0.0,29.0
2008-10-20,28.6,81,43,13.3,16.18,0.0,28.0
2008-10-21,26.9,80,35,16.0,14.46,0.6,27.0
2008-10-22,25.8,76,31,10.5,13.18,0.7,27.0
2008-10-23,25.7,73,24,12.1,14.12,0.1,26.0
2008-10-24,24.5,77,29,13.8,13.53,2.1,26.0
2008-10-25,25.2,80,40,10.8,14.36,2.7,26.0
2008-10-26,23.9,79,34,11.4,12.09,4.8,25.0
2008-10-27,23.1,74,43,18.7,12.26,0.5,25.0
2008-10-28,19.7,85,78,17.6,9.36,5.7,18.0
2008-10-29,21.0,86,66,15.5,10.04,3.8,21.0
2008-10-30,22.7,79,41,13.8,11.95,0.5,24.0
2008-10-31,24.2,72,24,13.7,12.63,0.0,24.0
2008-11-01,24.8,79,17,8.7,13.79,0.0,25.0
2008-11-02,26.7,68,21,10.9,15.08,0.0,29.0
2008-11-03,26.6,53,0,9.5,16.01,0.0,
2008-11-04,27.4,50,3,12.0,15.58,0.0,
2008-11-05,27.3,44,0,13.0,15.86,0.0,
2008-11-06,26.8,45,0,9.0,15.89,0.0,
2008-11-07,26.9,48,4,6.5,15.74,0.0,
2008-11-08,27.3,43,86,11.3,11.83,0.0,
2008-11-09,26.8,52,4,10.1,15.25,0.0,
2008-11-10,25.7,72,8,9.7,14.32,0.0,
2008-11-11,27.6,65,3,6.4,14.6,0.0,
2008-11-12,24.8,73,31,9.1,12.04,3.4,
2008-11-13,21.4,78,44,13.0,10.39,0.3,
2008-11-14,22.2,72,25,12.9,11.89,0.1,
2008-11-15,24.2,66,8,9.8,14.38,0.0,
2008-11-16,25.2,59,25,11.1,13.71,0.0,
2008-11-17,23.9,65,1,10.2,14.27,0.0,
2008-11-18,27.0,53,83,9.5,11.64,0.0,
2008-11-19,28.5,50,97,10.8,9.44,0.0,
2008-11-20,23.2,75,59,15.3,10.18,0.1,
2008-11-21,21.2,78,36,13.8,9.6,2.8,
2008-11-22,19.9,77,32,16.7,9.27,0.8,
2008-11-23,23.2,51,11,12.5,13.67,0.0,
2008-11-24,26.0,42,9,9.3,13.62,0.0,
2008-11-25,26.7,51,5,6.2,13.6,0.0,
2008-11-26,25.7,61,15,11.5,13.48,0.0,
2008-11-27,23.5,75,11,12.4,12.76,0.0,
2008-11-28,20.3,77,40,21.1,9.11,3.2,
2008-11-29,20.4,64,37,14.2,11.08,0.0,
2008-11-30,21.8,59,46,3.7,12.61,0.0,
2008-12-01,23.4,61,0,9.0,13.33,0.0,
2008-12-02,24.6,62,12,7.6,13.11,0.0,
2008-12-03,24.6,38,0,15.7,13.38,0.0,
2008-12-04,24.2,28,17,19.8,12.91,0.0,
2008-12-05,24.5,26,67,18.4,12.22,0.0,
2008-12-06,25.6,25,96,15.0,11.6,0.0,
2008-12-07,26.2,29,43,11.4,11.78,0.0,
2008-12-08,20.3,77,37,14.6,7.57,0.7,
2008-12-09,19.0,86,56,20.3,6.71,7.2,
2008-12-10,18.8,66,51,11.0,9.31,0.1,
2008-12-11,19.8,48,2,17.0,12.9,0.0,
2008-12-12,22.5,39,8,15.5,12.77,0.0,
2008-12-13,20.0,63,21,15.3,11.03,0.6,
2008-12-14,19.5,79,60,13.7,8.87,2.1,
2008-12-15,19.9,79,37,12.5,8.93,0.0,
2008-12-16,20.1,73,11,9.7,10.88,0.0,
2008-12-17,20.7,60,12,8.4,12.71,0.0,
2008-12-18,22.9,36,46,13.8,12.4,0.0,
2008-12-19,24.7,30,60,13.0,12.43,0.0,
2008-12-20,22.9,47,95,9.0,7.16,0.0,
2008-12-21,20.5,74,94,8.3,7.24,0.0,
2008-12-22,17.4,81,65,15.7,6.27,7.0,
2008-12-23,16.9,52,18,26.7,11.89,0.0,
2008-12-24,14.4,91,77,28.2,6.09,12.7,
2008-12-25,15.2,78,76,19.3,5.64,10.5,
2008-12-26,15.8,77,46,8.7,9.0,0.0,
2008-12-27,17.0,69,54,10.4,7.65,0.0,
2008-12-28,19.3,63,1,11.7,12.56,0.0,
2008-12-29,17.4,82,36,15.2,10.15,0.9,
2008-12-30,17.0,84,63,11.5,8.82,1.1,
2008-12-31,15.2,84,58,21.9,7.46,3.3,
2009-01-01,11.6,57,36,18.6,9.16,0.0,13.0
2009-01-02,13.7,66,46,7.3,9.47,0.0,14.0
2009-01-03,16.3,64,50,8.7,10.94,0.0,18.0
2009-01-04,16.2,64,15,8.9,12.43,0.0,17.0
2009-01-05,18.2,74,47,5.4,11.76,0.0,19.0
2009-01-06,19.5,60,0,6.7,13.35,0.0,20.0
2009-01-07,18.7,62,15,14.5,13.04,0.9,20.0
2009-01-08,17.4,78,62,12.0,9.04,1.8,19.0
2009-01-09,17.1,69,46,13.6,9.07,0.0,18.0
2009-01-10,18.5,72,28,7.7,12.67,0.0,19.0
2009-01-11,17.3,81,52,15.6,8.68,4.7,18.0
2009-01-12,16.3,72,31,9.5,12.38,0.0,16.0
2009-01-13,16.5,49,20,13.0,14.25,0.0,17.0
2009-01-14,17.3,31,71,19.7,13.07,0.0,20.0
2009-01-15,20.6,29,13,17.3,14.27,0.0,24.0
2009-01-16,21.1,32,63,14.2,9.21,0.0,23.0
2009-01-17,18.9,63,40,17.8,11.54,1.4,20.0
2009-01-18,17.4,84,56,13.2,9.07,1.0,19.0
2009-01-19,17.4,75,70,13.4,9.78,0.0,18.0
2009-01-20,17.4,77,36,8.3,9.51,0.0,18.0
2009-01-21,22.0,63,18,10.5,14.18,0.0,23.0
2009-01-22,23.9,43,2,16.3,14.73,0.0,24.0
2009-01-23,19.6,36,68,22.0,6.5,0.0,22.0
2009-01-24,17.0,66,57,14.8,9.16,0.5,18.0
2009-01-25,20.5,45,39,8.8,14.61,0.0,20.0
2009-01-26,21.6,50,65,18.4,13.42,0.0,21.0
2009-01-27,20.6,72,48,6.5,13.26,0.0,20.0
2009-01-28,24.0,55,79,14.2,10.47,0.0,22.0
2009-01-29,18.5,60,10,19.4,12.76,0.6,19.0
2009-01-30,18.0,45,32,19.2,14.81,0.0,18.0
2009-01-31,17.8,49,24,24.0,13.82,0.9,19.0
2009-02-01,16.3,83,60,18.3,10.2,6.5,17.0
2009-02-02,18.3,71,37,12.8,11.92,0.0,19.0
2009-02-03,20.9,69,1,10.1,15.76,0.0,22.0
2009-02-04,24.5,54,60,11.9,15.98,0.0,26.0
2009-02-05,25.6,40,5,12.9,16.75,0.0,25.0
2009-02-06,18.1,71,17,13.5,14.23,0.0,20.0
2009-02-07,18.4,76,49,11.2,14.24,0.0,19.0
2009-02-08,24.8,53,88,12.5,12.28,0.0,24.0
2009-02-09,28.1,37,99,14.3,12.2,0.0,30.0
2009-02-10,15.9,79,78,33.6,13.65,22.6,17.0
2009-02-11,17.0,75,60,24.6,14.06,8.2,18.0
2009-02-12,20.3,64,59,7.2,17.19,0.0,21.0
2009-02-13,21.1,66,33,9.4,17.46,0.0,21.0
2009-02-14,22.0,61,7,9.1,17.76,0.0,24.0
2009-02-15,18.2,65,4,21.6,17.06,0.0,19.0
2009-02-16,17.0,64,31,25.0,17.38,1.2,18.0
2009-02-17,15.0,76,44,16.4,13.74,3.6,16.0
2009-02-18,17.2,67,43,9.3,14.94,0.0,18.0
2009-02-19,25.2,53,44,20.8,14.74,0.3,26.0
2009-02-20,16.0,85,53,26.0,11.89,7.9,18.0
2009-02-21,14.4,77,66,31.5,12.48,16.1,16.0
2009-02-22,13.3,89,82,17.8,9.34,7.6,13.0
2009-02-23,15.9,71,37,21.5,15.62,0.9,17.0
2009-02-24,17.1,63,12,17.3,17.05,0.0,18.0
2009-02-25,18.5,63,6,9.8,18.87,0.0,19.0
2009-02-26,21.4,56,2,15.6,19.07,0.0,23.0
2009-02-27,14.7,88,71,24.1,11.48,13.5,14.0
2009-02-28,12.5,89,89,27.2,8.17,21.1,15.0
2009-03-01,13.9,81,67,20.9,14.7,10.7,15.0
2009-03-02,14.9,79,69,17.4,11.07,0.3,16.0
2009-03-03,16.0,81,58,17.7,12.21,3.9,17.0
2009-03-04,19.7,63,5,9.0,19.5,0.0,20.0
2009-03-05,25.7,55,84,12.9,17.78,0.0,27.0
2009-03-06,28.7,42,28,14.0,20.97,0.0,31.0
2009-03-07,31.1,36,9,18.2,20.63,0.0,34.0
2009-03-08,24.1,59,51,18.1,19.44,0.0,26.0
2009-03-09,18.7,61,7,20.2,20.83,0.4,20.0
2009-03-10,17.9,75,52,13.8,14.85,1.0,19.0
2009-03-11,20.0,69,61,10.8,19.94,0.0,20.0
2009-03-12,20.2,78,16,13.0,21.33,0.0,20.0
2009-03-13,17.7,74,30,13.3,20.09,0.0,19.0
2009-03-14,16.8,69,54,23.0,14.85,1.6,18.0
2009-03-15,17.0,73,43,19.7,16.48,1.1,17.0
2009-03-16,16.6,60,17,14.6,20.47,0.0,17.0
2009-03-17,17.8,57,21,13.2,22.2,0.0,18.0
2009-03-18,17.3,63,27,17.8,22.12,0.0,17.0
2009-03-19,20.1,62,34,13.3,21.77,0.0,19.0
2009-03-20,20.8,60,50,18.6,17.27,0.5,20.0
2009-03-21,17.8,74,25,14.0,20.9,0.0,19.0
2009-03-22,19.3,65,6,10.0,22.92,0.0,20.0
2009-03-23,24.1,61,62,25.7,18.6,5.7,25.0
2009-03-24,15.6,71,51,26.8,15.04,6.4,17.0
2009-03-25,17.9,68,35,11.4,17.75,0.0,18.0
2009-03-26,20.3,59,4,15.4,23.97,0.0,20.0
2009-03-27,19.8,53,14,31.0,22.76,0.9,21.0
2009-03-28,16.8,63,55,25.6,19.19,0.8,18.0
2009-03-29,18.3,58,27,16.5,22.62,0.9,18.0
2009-03-30,18.3,67,12,18.1,23.72,0.0,19.0
2009-03-31,19.9,73,33,11.8,23.57,0.0,20.0
2009-04-01,25.0,65,85,8.8,20.25,0.0,24.0
2009-04-02,23.0,67,70,9.3,16.23,0.0,23.0
2009-04-03,22.7,77,33,14.3,23.71,0.0,23.0
2009-04-04,21.5,76,16,14.5,22.8,0.0,23.0
2009-04-05,26.5,61,22,10.2,24.19,0.0,27.0
2009-04-06,26.6,55,70,26.7,18.04,0.2,27.0
2009-04-07,22.3,65,28,15.7,24.8,0.0,22.0
2009-04-08,20.3,66,19,21.6,23.7,0.0,21.0
2009-04-09,19.6,72,41,16.1,16.66,1.0,21.0
2009-04-10,21.2,71,14,14.9,22.03,0.0,21.0
2009-04-11,24.3,66,34,12.0,24.65,0.0,25.0
2009-04-12,29.5,54,8,14.3,25.48,0.0,30.0
2009-04-13,28.3,48,0,11.7,26.08,0.0,26.0
2009-04-14,34.3,40,48,20.2,17.3,0.0,36.0
2009-04-15,20.6,68,25,26.3,23.98,0.0,21.0
2009-04-16,19.2,79,36,25.9,20.16,6.9,21.0
2009-04-17,20.4,72,27,19.1,23.02,2.8,21.0
2009-04-18,22.3,59,8,14.6,26.87,0.0,23.0
2009-04-19,27.5,45,0,12.4,27.66,0.0,29.0
2009-04-20,30.7,34,0,11.8,27.46,0.0,28.0
2009-04-21,28.8,42,0,13.3,27.28,0.0,29.0
2009-04-22,31.9,37,0,9.2,27.09,0.0,33.0
2009-04-23,22.4,64,85,15.5,22.14,0.0,22.0
2009-04-24,22.1,69,97,14.5,20.4,0.0,21.0
2009-04-25,24.7,65,54,15.6,23.99,0.0,25.0
2009-04-26,22.2,69,36,16.6,25.7,0.0,22.0
2009-04-27,23.5,66,26,15.0,26.79,0.0,23.0
2009-04-28,23.4,66,31,13.8,26.87,0.0,23.0
2009-04-29,28.5,51,39,12.5,22.05,0.0,26.0
2009-04-30,21.9,70,19,17.8,26.15,0.0,23.0
2009-05-01,22.4,68,21,16.4,23.24,0.0,23.0
2009-05-02,26.2,57,78,10.4,24.86,0.0,25.0
2009-05-03,32.2,41,88,13.2,14.04,0.0,31.0
2009-05-04,37.4,40,75,29.9,20.26,0.0,38.0
2009-05-05,21.9,70,31,21.5,25.57,0.1,22.0
2009-05-06,22.8,63,11,16.9,25.73,0.0,23.0
2009-05-07,22.3,65,50,16.5,25.73,0.0,23.0
2009-05-08,23.3,65,72,16.8,25.33,0.0,23.0
2009-05-09,22.6,72,99,15.1,24.21,0.0,21.0
2009-05-10,23.3,73,58,16.8,23.1,0.0,22.0
2009-05-11,24.0,73,26,16.5,26.8,0.0,24.0
2009-05-12,26.6,61,11,17.5,28.39,0.0,24.0
2009-05-13,28.6,56,4,18.7,28.51,0.0,27.0
2009-05-14,27.3,64,16,17.6,27.27,0.0,26.0
2009-05-15,30.8,61,9,12.6,27.44,0.5,29.0
2009-05-16,33.5,42,0,17.4,28.57,0.0,31.0
2009-05-17,35.8,28,0,14.9,28.98,0.0,35.0
2009-05-18,37.3,29,0,13.6,29.06,0.0,36.0
2009-05-19,28.7,51,0,17.6,28.5,0.0,30.0
2009-05-20,27.3,53,3,16.9,26.28,0.0,28.0
2009-05-21,28.0,53,6,16.2,25.34,0.0,28.0
2009-05-22,29.1,57,2,16.1,27.84,0.0,30.0
2009-05-23,27.3,61,1,17.8,28.41,0.0,27.0
2009-05-24,25.0,73,30,16.6,23.53,0.0,25.0
2009-05-25,26.4,72,32,16.2,24.62,0.0,26.0
2009-05-26,28.0,66,1,16.8,28.41,0.0,28.0
2009-05-27,27.7,68,11,15.5,25.61,0.0,27.0
2009-05-28,29.2,58,1,21.6,28.92,0.0,29.0
2009-05-29,28.4,59,3,16.5,29.25,0.0,28.0
2009-05-30,29.9,61,0,15.7,29.0,0.0,27.0
2009-05-31,29.1,61,0,18.4,29.03,0.0,28.0
2009-06-01,28.9,65,5,15.3,29.11,0.0,27.0
2009-06-02,31.4,58,0,15.5,29.15,0.0,30.0
2009-06-03,33.1,48,0,17.7,29.04,0.0,31.0
2009-06-04,32.2,46,33,18.7,28.25,0.0,33.0
2009-06-05,31.0,53,2,18.8,28.77,0.0,31.0
2009-06-06,31.3,47,9,18.4,27.18,0.0,30.0
2009-06-07,29.9,61,1,16.9,28.61,0.0,29.0
2009-06-08,31.0,64,1,15.3,28.97,0.0,29.0
2009-06-09,32.8,64,8,15.0,28.8,0.0,30.0
2009-06-10,31.6,61,1,16.9,28.78,0.0,31.0
2009-06-11,30.1,59,2,16.0,29.06,0.0,30.0
2009-06-12,30.2,57,1,16.2,29.1,0.0,30.0
2009-06-13,30.7,54,2,15.6,28.64,0.0,31.0
2009-06-14,32.1,53,0,15.4,29.15,0.0,31.0
2009-06-15,30.3,62,1,16.3,28.77,0.0,30.0
2009-06-16,29.1,75,15,18.6,28.17,0.0,28.0
2009-06-17,30.1,69,14,19.8,27.56,0.0,30.0
2009-06-18,31.2,63,13,18.1,28.68,0.0,30.0
2009-06-19,32.1,60,0,16.7,29.15,0.0,32.0
2009-06-20,31.6,60,2,17.4,28.66,0.0,31.0
2009-06-21,31.7,63,4,18.4,28.47,0.0,31.0
2009-06-22,31.7,62,3,18.4,29.07,0.0,32.0
2009-06-23,32.2,63,1,18.6,28.78,0.0,32.0
2009-06-24,34.3,65,4,16.5,28.86,0.0,33.0
2009-06-25,34.5,57,0,17.7,28.58,0.0,33.0
2009-06-26,32.2,67,0,17.6,28.59,0.0,31.0
2009-06-27,29.3,71,14,19.2,23.98,0.0,29.0
2009-06-28,29.9,63,7,17.7,27.8,0.0,29.0
2009-06-29,32.4,60,1,18.0,29.07,0.0,31.0
2009-06-30,38.2,44,0,22.3,28.98,0.0,38.0
2009-07-01,38.4,32,0,23.5,29.13,0.0,37.0
2009-07-02,33.4,52,0,18.9,29.07,0.0,32.0
2009-07-03,29.4,69,7,17.9,27.64,0.0,30.0
2009-07-04,29.1,68,23,20.1,25.91,0.0,30.0
2009-07-05,28.6,72,21,20.2,23.57,0.0,30.0
2009-07-06,30.0,72,20,17.9,25.12,0.0,31.0
2009-07-07,30.3,70,9,18.3,27.22,0.0,30.0
2009-07-08,30.5,72,15,17.7,26.44,0.0,31.0
2009-07-09,31.2,72,15,15.6,27.46,0.0,31.0
2009-07-10,31.9,68,2,15.6,27.8,0.0,31.0
2009-07-11,33.0,66,3,16.9,28.26,0.0,33.0
2009-07-12,33.6,58,1,16.8,28.29,0.0,34.0
2009-07-13,33.5,56,1,19.4,28.12,0.0,33.0
2009-07-14,29.1,67,24,20.5,25.6,0.0,30.0
2009-07-15,29.6,70,28,18.5,23.24,1.1,30.0
2009-07-16,31.1,65,9,17.9,26.28,0.0,31.0
2009-07-17,31.9,62,1,18.4,27.54,0.0,32.0
2009-07-18,32.9,60,0,18.1,27.74,0.0,32.0
2009-07-19,32.7,62,2,18.4,27.54,0.0,32.0
2009-07-20,32.5,64,2,17.0,27.36,0.0,33.0
2009-07-21,32.3,69,8,17.5,26.6,0.0,33.0
2009-07-22,33.1,67,6,18.3,26.5,0.0,33.0
2009-07-23,33.5,64,6,20.2,26.69,0.0,33.0
2009-07-24,33.6,61,4,20.5,27.26,0.0,33.0
2009-07-25,32.6,62,6,18.7,27.33,0.0,31.0
2009-07-26,33.3,60,1,17.3,27.39,0.0,33.0
2009-07-27,33.8,59,0,17.9,28.04,0.0,34.0
2009-07-28,34.3,61,0,17.6,27.86,0.0,33.0
2009-07-29,32.9,69,5,17.3,26.81,0.0,33.0
2009-07-30,31.0,69,15,17.5,26.95,0.0,32.0
2009-07-31,31.5,67,12,17.1,26.62,0.0,31.0
2009-08-01,32.4,67,8,16.9,26.63,0.0,32.0
2009-08-02,33.0,64,3,18.1,27.19,0.0,33.0
2009-08-03,32.7,70,1,17.6,27.03,0.0,31.0
2009-08-04,33.5,73,17,17.8,26.6,0.0,34.0
2009-08-05,33.7,70,9,18.2,26.82,0.0,33.0
2009-08-06,33.5,64,3,19.2,26.94,0.0,33.0
2009-08-07,32.4,58,0,16.8,27.85,0.0,32.0
2009-08-08,31.8,65,12,17.6,26.22,0.0,32.0
2009-08-09,31.4,67,13,18.8,23.59,0.0,31.0
2009-08-10,31.5,73,37,17.4,22.37,0.2,32.0
2009-08-11,31.8,73,19,17.3,21.9,0.0,32.0
2009-08-12,32.4,69,7,16.6,26.09,0.0,32.0
2009-08-13,31.4,69,5,16.7,25.89,0.0,31.0
2009-08-14,31.8,70,13,17.4,25.29,0.0,31.0
2009-08-15,32.7,71,14,16.3,26.0,0.0,31.0
2009-08-16,32.3,74,11,17.1,25.83,0.0,32.0
2009-08-17,32.0,69,12,17.7,25.71,0.0,32.0
2009-08-18,30.4,69,4,16.5,25.8,0.0,31.0
2009-08-19,31.6,68,10,14.5,26.01,0.0,31.0
2009-08-20,33.3,70,9,15.5,25.65,0.0,32.0
2009-08-21,33.6,72,12,16.4,25.5,0.0,33.0
2009-08-22,33.3,72,12,18.3,25.37,0.0,32.0
2009-08-23,32.1,66,5,15.7,25.34,0.0,32.0
2009-08-24,32.3,68,9,16.3,25.13,0.0,31.0
2009-08-25,32.1,61,8,18.2,25.53,0.0,32.0
2009-08-26,30.6,66,6,14.8,25.12,0.0,30.0
2009-08-27,30.2,67,9,16.8,23.89,0.0,31.0
2009-08-28,30.8,66,8,16.6,23.19,0.0,30.0
2009-08-29,30.6,66,8,17.6,23.97,0.0,31.0
2009-08-30,30.8,71,19,18.2,23.19,0.0,31.0
2009-08-31,30.9,68,9,18.2,23.96,0.0,31.0
2009-09-01,30.5,65,4,15.8,24.4,0.0,30.0
2009-09-02,30.2,66,6,14.2,24.22,0.0,30.0
2009-09-03,31.6,74,21,16.1,22.4,0.0,31.0
2009-09-04,31.1,78,44,17.2,20.83,0.5,31.0
2009-09-05,29.6,77,47,18.3,17.45,0.0,30.0
2009-09-06,29.0,73,21,18.6,20.11,0.0,30.0
2009-09-07,30.2,66,7,16.2,22.7,0.0,31.0
2009-09-08,31.5,67,6,16.7,22.41,0.0,32.0
2009-09-09,30.6,68,12,18.4,21.86,0.0,31.0
2009-09-10,30.3,65,10,18.1,21.9,0.0,30.0
2009-09-11,30.4,62,7,13.0,22.76,0.0,30.0
2009-09-12,36.2,61,1,23.4,22.78,0.0,36.0
2009-09-13,29.5,71,21,18.1,18.84,0.4,30.0
2009-09-14,30.4,68,20,18.6,20.56,0.0,30.0
2009-09-15,30.3,68,4,16.8,21.79,0.0,30.0
2009-09-16,30.1,74,22,18.4,20.96,0.0,31.0
2009-09-17,28.6,80,34,16.3,15.7,1.1,30.0
2009-09-18,30.1,72,20,13.8,20.33,0.0,30.0
2009-09-19,28.6,71,22,20.1,18.42,0.6,30.0
2009-09-20,27.3,75,32,19.2,17.6,3.6,29.0
2009-09-21,27.4,73,29,16.6,15.9,1.3,29.0
2009-09-22,30.0,62,10,14.3,20.93,0.0,30.0
2009-09-23,29.4,64,7,20.8,20.02,0.0,29.0
2009-09-24,31.8,51,0,15.5,21.99,0.0,31.0
2009-09-25,32.7,54,0,15.7,21.38,0.0,31.0
2009-09-26,31.9,60,0,15.7,21.41,0.0,30.0
2009-09-27,29.9,69,4,16.3,20.15,0.0,30.0
2009-09-28,29.0,74,15,17.7,18.09,0.0,30.0
2009-09-29,30.0,61,11,19.0,19.31,0.3,30.0
2009-09-30,29.2,56,2,16.3,20.64,0.0,28.0
2009-10-01,29.4,65,5,17.1,20.04,0.0,28.0
2009-10-02,31.4,70,0,11.7,20.31,0.0,29.0
2009-10-03,33.1,67,0,13.5,20.19,0.0,31.0
2009-10-04,30.4,68,4,16.0,19.56,0.0,29.0
2009-10-05,29.6,70,2,17.7,19.34,0.0,29.0
2009-10-06,26.0,77,33,17.5,13.87,1.3,28.0
2009-10-07,27.5,75,30,11.7,15.09,1.3,28.0
2009-10-08,30.3,76,41,15.6,17.19,0.0,29.0
2009-10-09,31.3,72,12,14.6,17.2,0.0,30.0
2009-10-10,30.8,70,21,16.4,17.58,0.0,30.0
2009-10-11,31.6,70,2,15.9,18.85,0.0,30.0
2009-10-12,30.0,71,7,15.8,18.45,0.0,29.0
2009-10-13,30.1,67,15,14.7,18.28,0.0,30.0
2009-10-14,30.9,64,77,12.6,17.14,0.0,30.0
2009-10-15,34.3,55,96,8.7,15.49,0.0,32.0
2009-10-16,34.8,49,20,8.7,17.13,0.1,35.0
2009-10-17,36.5,40,40,9.5,17.68,0.0,34.0
2009-10-18,38.2,24,30,9.7,18.05,0.0,38.0
2009-10-19,37.6,25,79,10.3,16.86,0.0,37.0
2009-10-20,34.2,35,53,11.0,17.02,0.0,34.0
2009-10-21,27.6,69,69,14.1,11.7,0.6,29.0
2009-10-22,26.7,70,23,16.8,15.18,0.0,27.0
2009-10-23,29.3,72,16,12.1,16.76,0.3,28.0
2009-10-24,30.5,75,47,6.8,14.67,1.1,32.0
2009-10-25,31.3,52,26,9.1,16.42,0.0,31.0
2009-10-26,32.1,46,28,14.1,15.98,1.3,31.0
2009-10-27,32.2,50,22,12.7,15.08,0.2,33.0
2009-10-28,29.7,52,33,12.8,15.61,0.3,30.0
2009-10-29,25.2,71,54,14.4,12.11,1.2,24.0
2009-10-30,23.1,80,82,21.7,8.86,12.1,23.0
2009-10-31,22.6,83,63,16.4,11.46,1.6,24.0
2009-11-01,24.8,56,24,25.1,12.92,0.0,25.0
2009-11-02,19.6,73,59,32.4,11.58,8.0,20.0
2009-11-03,18.6,86,67,20.3,7.97,10.5,19.0
2009-11-04,24.2,64,35,8.7,14.92,0.0,24.0
2009-11-05,24.1,63,0,8.7,15.62,0.0,25.0
2009-11-06,27.7,60,15,12.3,15.79,0.0,30.0
2009-11-07,30.1,46,46,15.3,15.24,0.0,32.0
2009-11-08,30.7,49,24,11.8,14.7,0.0,33.0
2009-11-09,25.1,69,40,11.6,13.0,0.0,26.0
2009-11-10,22.9,74,10,10.8,14.12,0.0,24.0
2009-11-11,24.9,74,15,9.6,14.79,0.0,26.0
2009-11-12,23.2,79,43,12.6,12.85,0.0,24.0
2009-11-13,20.7,82,32,17.2,10.08,1.3,22.0
2009-11-14,21.2,75,37,13.3,11.0,0.1,23.0
2009-11-15,22.8,66,37,10.1,12.62,0.0,23.0
2009-11-16,21.4,74,49,15.0,10.74,0.0,21.0
2009-11-17,19.5,77,57,19.6,9.92,5.0,22.0
2009-11-18,21.2,62,28,20.0,11.68,0.6,22.0
2009-11-19,21.2,63,7,6.8,13.65,0.0,21.0
2009-11-20,22.3,62,0,10.7,14.28,0.0,23.0
2009-11-21,22.1,67,0,12.4,13.53,0.0,22.0
2009-11-22,23.5,68,26,6.5,13.69,0.0,24.0
2009-11-23,25.8,46,0,12.8,14.11,0.0,27.0
2009-11-24,24.3,45,22,15.7,10.85,1.2,25.0
2009-11-25,19.4,83,60,10.6,6.68,4.1,21.0
2009-11-26,21.5,77,39,6.4,10.72,0.1,22.0
2009-11-27,22.3,65,18,9.6,13.19,0.0,23.0
2009-11-28,21.1,65,0,10.7,13.41,0.0,21.0
2009-11-29,19.7,75,34,11.7,8.65,0.4,21.0
2009-11-30,20.8,76,29,8.0,8.96,0.2,22.0
2009-12-01,23.7,62,29,13.3,12.92,0.0,24.0
2009-12-02,22.7,42,7,19.7,13.09,0.0,24.0
2009-12-03,23.3,54,2,15.2,12.79,0.0,24.0
2009-12-04,19.9,74,31,8.6,8.28,0.3,20.0
2009-12-05,20.3,70,25,13.6,10.09,0.0,21.0
2009-12-06,20.6,54,30,13.9,12.1,0.0,22.0
2009-12-07,17.1,69,81,18.9,5.4,5.7,17.0
2009-12-08,17.5,86,56,12.3,8.73,3.5,20.0
2009-12-09,17.7,87,81,13.2,6.98,4.0,18.0
2009-12-10,18.7,82,55,6.5,9.32,0.0,20.0
2009-12-11,19.9,66,21,13.5,9.75,0.0,20.0
2009-12-12,17.8,63,55,28.0,9.03,1.5,19.0
2009-12-13,18.7,60,21,19.7,12.25,0.5,19.0
2009-12-14,16.9,74,66,11.4,3.45,1.5,18.0
2009-12-15,21.6,68,29,9.3,10.34,0.0,22.0
2009-12-16,24.0,50,29,16.7,7.81,0.0,21.0
2009-12-17,17.3,66,51,28.7,6.51,6.6,18.0
2009-12-18,17.0,86,64,22.1,6.56,20.7,18.0
2009-12-19,20.0,57,7,17.4,12.25,0.0,20.0
2009-12-20,24.1,56,40,9.2,10.97,0.0,25.0
2009-12-21,25.0,46,72,11.8,12.04,0.2,26.0
2009-12-22,18.6,70,45,14.1,9.8,2.3,19.0
2009-12-23,19.3,77,9,8.9,12.4,0.0,18.0
2009-12-24,20.4,83,36,7.9,10.99,0.0,20.0
2009-12-25,21.2,81,23,8.5,12.15,0.0,21.0
2009-12-26,18.5,85,52,10.0,10.02,0.0,20.0
2009-12-27,19.5,83,33,6.2,10.77,0.0,21.0
2009-12-28,23.7,62,59,8.0,11.37,0.0,24.0
2009-12-29,20.2,65,58,19.4,10.09,1.8,20.0
2009-12-30,15.6,90,89,14.3,3.69,7.6,16.0
2009-12-31,18.1,86,45,14.3,10.11,0.8,19.0
2010-01-01,19.5,79,50,8.5,10.93,0.0,21.0
2010-01-02,23.6,54,84,10.3,12.55,0.0,24.0
2010-01-03,19.2,71,19,17.0,10.27,0.0,20.0
2010-01-04,18.5,80,51,16.3,8.94,0.0,19.0
2010-01-05,18.2,81,40,12.7,8.23,0.5,19.0
2010-01-06,21.7,70,8,10.5,12.97,0.0,23.0
2010-01-07,24.5,60,36,10.9,13.3,0.0,24.0
2010-01-08,24.5,57,28,6.7,12.83,0.0,25.0
2010-01-09,24.4,58,4,6.1,13.25,0.0,23.0
2010-01-10,26.0,52,21,10.5,13.7,0.0,27.0
2010-01-11,23.2,60,81,11.5,13.6,0.0,22.0
2010-01-12,18.8,81,99,6.7,8.68,0.0,19.0
2010-01-13,17.7,79,60,17.3,10.16,1.8,20.0
2010-01-14,20.9,65,40,13.5,10.86,0.0,21.0
2010-01-15,21.2,57,23,10.1,13.6,0.0,22.0
2010-01-16,23.5,58,23,6.8,14.04,0.0,24.0
2010-01-17,25.2,56,42,10.1,12.38,0.0,25.0
2010-01-18,17.7,87,97,26.1,4.48,31.9,19.0
2010-01-19,16.6,73,39,25.7,9.77,3.0,18.0
2010-01-20,14.9,78,63,21.7,8.7,3.9,17.0
2010-01-21,14.6,86,59,12.0,7.95,5.3,15.0
2010-01-22,19.0,75,40,8.8,13.9,0.0,19.0
2010-01-23,19.4,63,30,12.7,13.94,0.0,20.0
2010-01-24,16.9,72,53,25.7,12.13,2.7,18.0
2010-01-25,14.4,77,65,31.1,9.16,14.9,16.0
2010-01-26,14.8,66,80,15.1,8.3,0.0,15.0
2010-01-27,16.7,60,39,10.2,15.41,0.0,16.0
2010-01-28,19.9,59,25,15.7,15.06,0.0,21.0
2010-01-29,21.5,58,37,12.7,15.31,0.0,23.0
2010-01-30,27.2,43,88,22.9,10.1,1.2,27.0
2010-01-31,19.3,75,7,14.7,15.17,0.0,20.0
2010-02-01,18.9,76,21,8.3,12.93,0.0,19.0
2010-02-02,18.8,73,18,11.5,15.75,0.0,19.0
2010-02-03,15.1,69,32,24.5,11.25,2.9,17.0
2010-02-04,12.1,71,53,26.0,10.36,6.5,14.0
2010-02-05,12.1,68,56,18.9,9.39,3.1,13.0
2010-02-06,13.6,68,26,7.2,14.04,0.0,14.0
2010-02-07,16.8,60,14,11.6,16.84,0.0,18.0
2010-02-08,18.8,52,85,16.1,12.87,0.0,19.0
2010-02-09,18.3,56,58,19.0,13.82,1.0,20.0
2010-02-10,20.0,64,49,10.9,15.68,0.0,21.0
2010-02-11,25.4,51,78,12.9,16.56,0.0,27.0
2010-02-12,21.5,62,66,13.9,16.01,0.0,22.0
2010-02-13,25.5,55,71,9.0,16.9,0.0,26.0
2010-02-14,28.9,48,94,14.4,16.37,0.0,31.0
2010-02-15,30.2,43,76,14.8,15.93,0.0,32.0
2010-02-16,25.5,66,62,14.8,16.98,0.0,27.0
2010-02-17,28.3,61,93,6.6,15.84,0.0,29.0
2010-02-18,27.2,59,28,17.5,17.44,0.0,30.0
2010-02-19,22.7,67,17,14.8,17.59,0.0,24.0
2010-02-20,23.9,57,20,6.6,18.52,0.0,25.0
2010-02-21,29.3,49,51,18.4,14.88,0.0,30.0
2010-02-22,18.5,71,72,17.7,15.43,0.6,19.0
2010-02-23,18.8,68,39,14.7,17.96,0.1,19.0
2010-02-24,18.7,69,76,10.7,12.48,0.1,20.0
2010-02-25,20.4,77,68,18.9,9.66,6.6,22.0
2010-02-26,14.9,94,97,24.3,9.85,26.6,18.0
2010-02-27,16.6,86,80,21.7,12.14,15.4,18.0
2010-02-28,16.3,74,72,29.2,12.72,19.4,18.0
2010-03-01,18.1,79,44,18.5,15.17,2.1,18.0
2010-03-02,19.5,75,38,13.8,17.74,0.0,21.0
2010-03-03,19.1,68,30,27.0,15.94,0.0,19.0
2010-03-04,18.5,78,30,16.4,17.07,0.0,19.0
2010-03-05,26.7,57,67,16.3,16.78,0.0,29.0
2010-03-06,19.1,78,57,12.6,18.44,0.0,20.0
2010-03-07,21.3,71,29,7.6,20.14,0.0,22.0
2010-03-08,31.0,51,35,14.7,20.9,0.0,34.0
2010-03-09,33.4,43,94,18.5,17.29,0.0,35.0
2010-03-10,27.7,66,68,4.3,20.2,0.0,27.0
2010-03-11,34.5,49,90,12.8,20.17,0.0,37.0
2010-03-12,26.9,60,59,8.7,20.84,0.0,26.0
2010-03-13,26.4,71,58,8.1,21.32,0.0,26.0
2010-03-14,31.1,51,72,15.7,18.69,0.0,34.0
2010-03-15,31.6,56,5,20.3,21.27,0.0,34.0
2010-03-16,18.0,68,59,20.6,19.03,0.0,19.0
2010-03-17,19.4,65,58,15.6,20.05,0.0,19.0
2010-03-18,17.5,61,32,22.7,18.43,0.1,18.0
2010-03-19,18.5,59,33,14.3,17.26,0.0,19.0
2010-03-20,20.3,54,2,15.7,22.36,0.0,20.0
2010-03-21,23.9,43,0,13.0,23.91,0.0,25.0
2010-03-22,26.0,31,0,14.4,24.24,0.0,27.0
2010-03-23,27.5,31,4,13.7,23.64,0.0,28.0
2010-03-24,23.6,65,39,12.7,22.66,0.0,23.0
2010-03-25,19.7,79,79,15.5,18.12,0.0,21.0
2010-03-26,17.1,85,65,13.7,14.02,5.9,19.0
2010-03-27,18.1,90,85,15.1,12.84,6.6,19.0
2010-03-28,21.4,75,21,14.1,21.47,0.0,23.0
2010-03-29,20.2,63,24,15.9,21.78,0.0,20.0
2010-03-30,19.5,68,14,15.9,23.03,0.0,21.0
2010-03-31,20.4,63,5,13.5,24.12,0.0,21.0
2010-04-01,25.1,59,0,10.2,24.79,0.0,27.0
2010-04-02,27.9,49,8,10.5,24.61,0.0,30.0
2010-04-03,32.9,42,47,13.1,24.8,0.0,34.0
2010-04-04,23.4,61,32,14.2,24.85,0.0,23.0
2010-04-05,22.6,73,10,12.0,24.17,0.0,23.0
2010-04-06,23.5,73,21,14.0,24.59,0.0,23.0
2010-04-07,20.0,73,27,17.8,21.52,0.0,21.0
2010-04-08,20.1,69,30,16.9,19.76,0.3,22.0
2010-04-09,20.6,65,21,15.0,22.17,0.0,21.0
2010-04-10,26.1,54,25,13.0,25.32,0.0,27.0
2010-04-11,34.6,34,84,22.4,14.77,0.0,36.0
2010-04-12,20.5,70,48,20.9,21.32,0.3,21.0
2010-04-13,21.2,69,34,14.5,23.61,0.0,21.0
2010-04-14,22.8,69,13,13.4,25.8,0.0,22.0
2010-04-15,26.7,62,29,12.6,26.19,0.0,25.0
2010-04-16,26.9,62,10,15.2,25.95,0.0,27.0
2010-04-17,24.8,68,5,14.4,26.26,0.0,25.0
2010-04-18,26.7,58,15,14.3,26.36,0.0,26.0
2010-04-19,30.8,45,3,15.0,25.93,0.0,29.0
2010-04-20,31.9,41,56,16.7,24.4,0.0,32.0
2010-04-21,24.4,65,61,18.0,20.68,0.0,25.0
2010-04-22,20.8,71,28,20.1,21.27,0.7,22.0
2010-04-23,22.4,73,29,18.5,22.58,0.0,23.0
2010-04-24,24.6,66,36,14.3,26.85,0.0,23.0
2010-04-25,28.6,56,36,13.3,27.0,0.0,27.0
2010-04-26,25.8,65,33,15.4,26.67,0.0,26.0
2010-04-27,31.1,48,10,9.9,26.43,0.0,32.0
2010-04-28,22.8,72,44,19.1,25.23,0.0,24.0
2010-04-29,23.3,71,59,14.5,22.94,0.0,23.0
2010-04-30,21.7,72,67,12.6,18.47,0.3,23.0
2010-05-01,23.3,66,21,16.2,25.0,0.3,24.0
2010-05-02,21.8,77,38,17.8,20.53,1.0,22.0
2010-05-03,24.2,71,8,15.4,26.48,0.0,24.0
2010-05-04,25.7,63,2,15.5,28.15,0.0,26.0
2010-05-05,26.3,58,0,14.6,28.2,0.0,27.0
2010-05-06,26.8,54,1,15.3,28.54,0.0,27.0
2010-05-07,30.4,48,18,14.5,28.0,0.0,30.0
2010-05-08,31.7,45,23,17.6,27.95,0.0,32.0
2010-05-09,34.2,34,34,10.7,26.65,0.0,36.0
2010-05-10,36.8,40,38,22.4,27.34,0.0,39.0
2010-05-11,26.0,69,20,14.7,27.0,0.0,26.0
2010-05-12,26.5,66,9,15.1,28.08,0.0,27.0
2010-05-13,27.0,67,3,16.6,28.2,0.0,27.0
2010-05-14,29.3,53,0,15.3,28.63,0.0,30.0
2010-05-15,30.9,41,26,16.6,28.05,0.0,31.0
2010-05-16,34.6,38,41,15.0,27.66,0.0,33.0
2010-05-17,29.7,54,73,16.6,25.25,0.0,30.0
2010-05-18,23.8,70,75,15.6,19.59,0.0,24.0
2010-05-19,24.5,59,47,18.1,26.58,0.0,24.0
2010-05-20,25.2,64,34,17.7,24.66,0.0,25.0
2010-05-21,25.8,59,50,14.8,28.16,0.0,26.0
2010-05-22,32.5,48,66,19.3,26.98,0.0,34.0
2010-05-23,24.6,64,36,19.6,24.7,0.0,25.0
2010-05-24,25.1,67,23,16.3,25.63,0.0,24.0
2010-05-25,28.0,65,6,16.8,28.29,0.0,26.0
2010-05-26,31.9,55,8,14.6,28.73,0.0,30.0
2010-05-27,31.0,36,26,15.1,23.68,0.0,31.0
2010-05-28,25.6,73,23,19.8,26.22,0.0,26.0
2010-05-29,27.1,72,21,15.8,26.66,0.0,27.0
2010-05-30,28.8,66,2,14.3,28.52,0.0,28.0
2010-05-31,31.4,59,0,14.8,28.81,0.0,31.0
2010-06-01,35.2,49,29,12.3,28.01,0.0,36.0
2010-06-02,31.4,49,2,16.8,28.81,0.0,32.0
2010-06-03,29.7,61,0,16.1,28.19,0.0,30.0
2010-06-04,28.0,66,1,16.1,28.72,0.0,27.0
2010-06-05,27.2,72,33,17.6,27.02,0.0,27.0
2010-06-06,29.9,66,16,16.6,28.2,0.0,30.0
2010-06-07,32.0,56,11,16.9,28.09,0.2,32.0
2010-06-08,26.5,70,16,16.9,27.04,0.0,27.0
2010-06-09,26.8,70,24,16.9,25.74,0.0,27.0
2010-06-10,27.8,64,12,17.1,27.58,0.0,29.0
2010-06-11,36.6,47,4,12.0,28.02,0.0,36.0
2010-06-12,29.7,69,2,15.8,28.55,0.0,29.0
2010-06-13,28.5,71,8,16.8,28.29,0.0,30.0
2010-06-14,29.0,66,5,16.1,28.2,0.0,28.0
2010-06-15,28.9,68,4,17.7,28.98,0.0,30.0
2010-06-16,30.1,67,3,16.1,28.3,0.0,30.0
2010-06-17,32.2,60,1,17.3,28.4,0.0,33.0
2010-06-18,32.7,60,1,17.8,28.19,0.0,33.0
2010-06-19,31.6,57,5,17.3,27.81,0.0,31.0
2010-06-20,35.4,42,1,16.4,29.13,0.0,36.0
2010-06-21,38.8,28,0,17.6,29.66,0.0,39.0
2010-06-22,38.0,45,1,25.8,29.09,0.0,35.0
2010-06-23,29.6,63,13,19.1,26.82,0.1,30.0
2010-06-24,28.0,63,17,19.3,26.96,0.0,29.0
2010-06-25,27.3,68,33,19.0,22.01,0.7,28.0
2010-06-26,27.3,72,33,17.2,20.88,1.4,29.0
2010-06-27,27.9,71,17,18.6,23.82,0.1,29.0
2010-06-28,31.0,59,2,14.6,28.49,0.0,31.0
2010-06-29,38.7,45,0,18.3,28.73,0.0,39.0
2010-06-30,29.0,70,9,17.6,28.21,0.0,29.0
2010-07-01,28.7,67,16,17.6,27.5,0.0,29.0
2010-07-02,29.2,69,9,18.1,28.15,0.0,29.0
2010-07-03,29.8,72,12,15.3,28.14,0.0,29.0
2010-07-04,31.5,70,1,16.6,28.27,0.0,31.0
2010-07-05,30.8,71,7,16.6,27.92,0.0,31.0
2010-07-06,30.0,69,11,14.0,28.32,0.0,32.0
2010-07-07,30.9,64,2,15.1,28.76,0.0,31.0
2010-07-08,30.2,68,7,16.5,28.24,0.0,31.0
2010-07-09,31.0,67,4,16.1,28.55,0.0,31.0
2010-07-10,31.0,73,19,17.3,27.12,0.0,31.0
2010-07-11,31.4,71,16,16.1,26.6,0.0,30.0
2010-07-12,32.1,69,2,14.8,27.33,0.0,31.0
2010-07-13,31.5,68,3,15.1,28.07,0.0,31.0
2010-07-14,31.0,67,8,16.3,27.87,0.0,31.0
2010-07-15,30.6,67,14,15.9,27.08,0.0,31.0
2010-07-16,32.2,62,8,16.2,27.4,0.0,33.0
2010-07-17,31.8,63,2,16.6,27.69,0.0,32.0
2010-07-18,31.4,66,7,16.4,26.94,0.0,32.0
2010-07-19,31.2,68,5,16.8,27.21,0.0,31.0
2010-07-20,30.2,73,9,18.4,26.43,0.0,31.0
2010-07-21,29.9,71,31,17.9,25.92,0.0,30.0
2010-07-22,31.4,70,16,17.1,27.21,0.0,31.0
2010-07-23,31.0,70,5,17.8,27.13,0.0,31.0
2010-07-24,31.2,68,27,17.5,24.11,0.0,32.0
2010-07-25,32.0,60,8,18.7,24.44,0.0,33.0
2010-07-26,33.6,57,7,17.3,27.54,0.0,33.0
2010-07-27,32.0,64,3,19.7,27.24,0.0,33.0
2010-07-28,29.6,69,33,18.5,25.45,0.0,30.0
2010-07-29,31.4,68,25,15.0,26.31,0.0,31.0
2010-07-30,32.4,71,13,15.6,26.0,0.0,31.0
2010-07-31,34.3,73,52,14.8,23.21,0.0,33.0
2010-08-01,34.8,70,12,14.3,26.93,0.0,35.0
2010-08-02,33.5,71,9,13.6,26.6,0.0,34.0
2010-08-03,33.7,73,15,14.3,26.44,0.0,32.0
2010-08-04,32.0,73,15,15.2,24.61,0.0,32.0
2010-08-05,34.9,56,2,16.0,27.21,0.0,36.0
2010-08-06,40.8,39,2,16.3,27.48,0.0,38.0
2010-08-07,35.7,66,4,15.4,25.74,0.0,34.0
2010-08-08,32.6,68,3,17.4,26.44,0.0,32.0
2010-08-09,31.9,71,6,16.0,26.1,0.0,33.0
2010-08-10,31.5,72,12,15.8,26.01,0.0,32.0
2010-08-11,32.1,71,8,14.7,26.29,0.0,32.0
2010-08-12,32.7,72,24,15.5,25.48,0.0,32.0
2010-08-13,31.9,72,10,15.2,25.98,0.0,32.0
2010-08-14,32.6,71,15,15.5,25.0,0.0,32.0
2010-08-15,32.9,75,16,15.0,25.12,0.0,32.0
2010-08-16,33.2,72,8,13.9,25.68,0.0,34.0
2010-08-17,34.9,67,1,15.7,26.19,0.0,35.0
2010-08-18,35.6,64,2,15.8,25.81,0.0,35.0
2010-08-19,38.0,59,0,15.0,26.01,0.0,35.0
2010-08-20,36.9,62,1,16.6,25.66,0.0,36.0
2010-08-21,33.1,72,10,15.5,24.72,0.0,33.0
2010-08-22,32.9,68,5,14.9,25.56,0.0,33.0
2010-08-23,33.0,70,4,14.8,25.02,0.0,33.0
2010-08-24,33.4,75,12,16.3,24.44,0.0,33.0
2010-08-25,31.9,76,15,18.7,23.57,0.0,32.0
2010-08-26,31.3,72,22,16.3,23.54,0.0,32.0
2010-08-27,33.2,69,12,14.8,24.68,0.0,33.0
2010-08-28,33.0,74,7,16.0,24.47,0.0,33.0
2010-08-29,32.4,72,13,16.1,24.6,0.0,33.0
2010-08-30,31.4,73,14,16.6,24.19,0.0,32.0
2010-08-31,30.1,72,21,16.7,23.8,0.0,32.0
2010-09-01,31.2,71,20,17.6,21.57,0.3,32.0
2010-09-02,30.6,72,21,15.9,18.64,0.3,31.0
2010-09-03,32.5,59,7,16.0,24.07,0.0,32.0
2010-09-04,32.2,61,1,17.2,23.71,0.0,33.0
2010-09-05,31.7,68,2,17.2,23.69,0.0,32.0
2010-09-06,31.4,73,5,17.6,23.91,0.0,32.0
2010-09-07,31.8,74,7,17.2,22.09,0.1,32.0
2010-09-08,32.1,69,10,17.1,22.57,0.0,31.0
2010-09-09,31.8,66,6,15.4,23.5,0.0,31.0
2010-09-10,31.5,66,2,14.8,23.18,0.0,32.0
2010-09-11,31.5,73,16,16.9,22.04,0.0,31.0
2010-09-12,30.8,71,8,18.0,22.2,0.0,31.0
2010-09-13,30.4,65,13,18.4,20.97,0.0,31.0
2010-09-14,28.9,68,22,16.4,14.64,0.6,30.0
2010-09-15,31.2,59,5,14.8,22.36,0.0,31.0
2010-09-16,31.6,66,5,17.1,21.34,0.0,32.0
2010-09-17,28.5,67,44,17.9,17.11,0.0,30.0
2010-09-18,29.6,60,22,18.4,20.09,0.0,29.0
2010-09-19,32.5,68,7,14.0,22.05,0.0,31.0
2010-09-20,34.5,69,2,14.1,21.98,0.0,32.0
2010-09-21,32.2,77,10,13.6,20.82,0.0,32.0
2010-09-22,32.5,75,36,11.3,17.41,0.0,34.0
2010-09-23,32.6,76,7,13.9,20.01,0.2,32.0
2010-09-24,33.3,71,21,14.8,18.97,0.0,32.0
2010-09-25,32.3,71,19,15.9,19.15,0.0,32.0
2010-09-26,33.8,63,0,15.5,21.09,0.0,32.0
2010-09-27,35.0,59,0,17.3,21.05,0.0,33.0
2010-09-28,34.2,56,0,20.1,20.48,0.0,33.0
2010-09-29,30.9,68,2,14.4,19.87,0.0,31.0
2010-09-30,35.3,65,1,17.1,20.34,0.0,34.0
2010-10-01,36.8,54,1,17.1,19.88,0.8,36.0
2010-10-02,38.9,46,5,10.7,19.66,0.4,38.0
2010-10-03,35.4,57,11,17.3,18.92,0.5,35.0
2010-10-04,31.2,61,2,16.4,19.61,0.0,31.0
2010-10-05,29.1,65,10,16.9,19.05,0.0,29.0
2010-10-06,29.0,66,9,15.3,19.14,0.0,29.0
2010-10-07,28.3,67,17,15.7,18.67,0.0,28.0
2010-10-08,27.8,73,41,20.5,16.12,1.8,28.0
2010-10-09,25.3,73,28,15.6,14.64,3.0,27.0
2010-10-10,28.8,62,55,15.2,15.93,0.4,29.0
2010-10-11,27.7,59,14,17.1,17.38,1.7,28.0
2010-10-12,28.8,66,1,16.7,18.5,0.0,29.0
2010-10-13,31.6,61,0,11.9,18.43,0.0,31.0
2010-10-14,35.7,47,2,9.6,18.26,0.0,38.0
2010-10-15,36.1,39,3,12.7,18.15,0.0,35.0
2010-10-16,33.6,50,12,17.1,17.5,0.4,33.0
2010-10-17,32.8,53,47,15.3,16.39,0.0,32.0
2010-10-18,33.8,53,13,8.9,17.76,0.0,33.0
2010-10-19,37.2,47,0,9.1,17.4,0.0,37.0
2010-10-20,40.4,42,11,19.1,17.65,0.0,41.0
2010-10-21,32.0,68,45,17.0,16.16,0.0,34.0
2010-10-22,30.0,70,41,15.5,15.29,0.0,29.0
2010-10-23,26.8,74,28,15.3,14.22,0.0,28.0
2010-10-24,27.1,69,36,14.0,16.23,0.0,27.0
2010-10-25,25.6,70,26,15.3,14.44,0.0,27.0
2010-10-26,28.0,65,17,12.2,16.75,0.0,28.0
2010-10-27,29.9,66,15,10.8,16.29,0.0,28.0
2010-10-28,35.9,45,31,13.9,16.82,0.0,35.0
2010-10-29,24.8,77,53,20.2,12.45,2.3,26.0
2010-10-30,22.6,78,53,14.6,10.72,4.3,25.0
2010-10-31,24.8,70,55,10.7,11.33,0.1,26.0
2010-11-01,25.3,71,24,13.3,12.32,0.0,27.0
2010-11-02,27.2,61,0,11.5,16.15,0.0,27.0
2010-11-03,29.7,41,0,13.0,16.68,0.0,31.0
2010-11-04,30.3,23,0,15.9,16.27,0.0,32.0
2010-11-05,32.3,29,0,13.6,15.89,0.0,33.0
2010-11-06,30.3,51,15,15.0,15.62,0.0,30.0
2010-11-07,25.6,65,2,13.8,15.31,0.0,26.0
2010-11-08,25.1,65,4,11.9,15.21,0.0,25.0
2010-11-09,29.1,56,1,5.4,15.58,0.0,28.0
2010-11-10,29.9,54,7,10.0,14.84,0.0,30.0
2010-11-11,28.1,67,0,10.2,14.67,0.0,28.0
2010-11-12,28.0,79,14,9.8,14.16,0.0,28.0
2010-11-13,29.6,68,69,4.7,11.22,0.0,28.0
2010-11-14,34.5,33,11,12.5,14.8,0.0,36.0
2010-11-15,32.6,31,23,12.3,13.12,0.0,29.0
2010-11-16,30.0,46,18,10.0,13.0,0.0,26.0
2010-11-17,28.1,77,30,10.1,13.21,0.0,27.0
2010-11-18,27.9,71,50,8.7,12.78,0.0,27.0
2010-11-19,32.2,43,2,6.8,14.19,0.0,28.0
2010-11-20,28.9,49,0,8.4,14.04,0.0,26.0
2010-11-21,24.4,78,32,13.3,11.83,0.0,25.0
2010-11-22,22.9,76,31,12.6,11.1,0.0,25.0
2010-11-23,23.5,72,51,8.7,11.45,0.0,24.0
2010-11-24,24.1,75,41,8.6,11.91,0.0,25.0
2010-11-25,24.8,72,47,8.5,12.78,0.0,26.0
2010-11-26,26.2,66,11,9.2,13.18,0.0,26.0
2010-11-27,29.0,48,0,6.6,13.58,0.0,28.0
2010-11-28,28.4,35,59,7.9,12.88,0.0,27.0
2010-11-29,29.4,25,52,10.9,12.07,0.0,29.0
2010-11-30,28.9,30,0,9.2,13.76,0.0,29.0
2010-12-01,28.3,34,0,7.1,13.53,0.0,28.0
2010-12-02,28.3,29,8,11.9,13.02,0.0,28.0
2010-12-03,27.8,23,0,13.6,13.63,0.0,30.0
2010-12-04,28.2,23,3,14.5,13.56,0.0,31.0
2010-12-05,26.1,44,57,11.8,13.23,0.0,26.0
2010-12-06,20.1,74,53,17.4,8.31,3.1,21.0
2010-12-07,20.9,70,39,8.4,8.71,0.0,22.0
2010-12-08,23.1,71,26,8.2,11.4,0.0,25.0
2010-12-09,23.4,65,47,7.8,10.82,0.0,25.0
2010-12-10,19.5,77,60,17.4,7.24,1.6,22.0
2010-12-11,19.7,71,66,27.7,6.25,25.0,21.0
2010-12-12,13.3,69,61,36.7,9.91,12.7,16.0
2010-12-13,14.5,83,80,26.1,5.51,9.3,15.0
2010-12-14,18.8,54,44,13.9,12.56,0.0,20.0
2010-12-15,20.9,48,55,8.4,12.64,0.0,22.0
2010-12-16,24.2,46,22,11.3,12.6,0.0,25.0
2010-12-17,22.0,44,26,13.4,12.41,0.0,23.0
2010-12-18,17.8,68,16,12.6,10.56,0.0,19.0
2010-12-19,18.8,77,34,9.5,10.63,0.0,21.0
2010-12-20,21.1,67,33,9.0,11.38,0.0,22.0
2010-12-21,22.3,50,14,11.7,12.38,0.0,25.0
2010-12-22,22.5,52,46,10.9,11.91,0.0,22.0
2010-12-23,21.0,70,26,12.2,11.99,0.0,21.0
2010-12-24,19.6,85,36,9.9,8.8,0.0,21.0
2010-12-25,20.5,75,24,6.2,11.34,0.0,22.0
2010-12-26,23.4,55,12,9.4,12.44,0.0,24.0
2010-12-27,23.9,40,0,14.8,12.85,0.0,26.0
2010-12-28,24.5,32,0,15.6,13.09,0.0,27.0
2010-12-29,22.8,32,47,17.0,10.67,0.2,25.0
2010-12-30,20.3,46,54,12.9,9.03,0.0,21.0
2010-12-31,17.5,85,62,17.9,6.95,6.8,20.0
2011-01-01,16.2,87,66,11.9,6.39,5.8,17.0
2011-01-02,19.1,77,47,9.1,9.94,0.0,21.0
2011-01-03,20.5,74,24,10.3,12.12,0.0,21.0
2011-01-04,16.3,82,39,13.9,6.72,2.9,17.0
2011-01-05,16.2,75,52,14.7,8.46,0.2,17.0
2011-01-06,16.5,81,40,8.1,9.04,0.9,18.0
2011-01-07,17.1,76,33,12.0,10.36,1.9,19.0
2011-01-08,14.5,83,37,13.3,9.3,4.1,16.0
2011-01-09,15.5,84,43,8.4,8.89,0.6,17.0
2011-01-10,16.9,77,41,14.1,8.77,0.1,18.0
2011-01-11,18.6,73,31,8.0,10.5,0.0,19.0
2011-01-12,20.5,64,44,12.7,13.0,0.0,21.0
2011-01-13,19.8,53,6,19.1,13.91,0.0,21.0
2011-01-14,18.3,74,21,8.8,12.87,4.4,20.0
2011-01-15,15.5,81,53,11.6,9.63,0.5,16.0
2011-01-16,16.0,81,45,16.3,7.96,1.8,16.0
2011-01-17,20.4,60,53,10.5,12.01,0.0,21.0
2011-01-18,19.0,53,66,14.5,12.03,0.0,20.0
2011-01-19,17.9,67,4,10.1,13.5,0.0,19.0
2011-01-20,18.7,68,11,8.7,11.98,0.0,20.0
2011-01-21,20.1,54,0,12.1,14.8,0.0,21.0
2011-01-22,20.0,53,11,12.4,13.41,0.0,20.0
2011-01-23,19.3,71,25,9.5,13.2,0.0,20.0
2011-01-24,18.9,73,38,11.0,11.86,0.0,19.0
2011-01-25,19.1,75,50,9.3,11.93,0.0,18.0
2011-01-26,16.7,78,43,17.4,9.43,2.2,18.0
2011-01-27,22.1,57,47,22.3,12.01,0.0,23.0
2011-01-28,19.9,64,40,11.3,13.66,0.0,20.0
2011-01-29,22.5,61,59,20.5,12.77,3.3,23.0
2011-01-30,15.8,88,77,21.6,9.32,21.8,17.0
2011-01-31,15.4,78,60,23.4,10.59,8.4,17.0
2011-02-01,14.9,86,63,12.3,8.68,9.4,22.0
2011-02-02,14.3,73,31,16.4,12.46,0.0,15.0
2011-02-03,16.7,62,63,13.6,11.51,1.1,17.0
2011-02-04,19.0,74,100,15.4,3.85,7.1,18.0
2011-02-05,17.4,82,90,8.7,9.36,2.7,18.0
2011-02-06,19.9,71,25,10.1,15.87,0.2,20.0
2011-02-07,19.1,77,67,12.8,10.68,4.3,17.0
2011-02-08,16.6,80,43,8.4,7.12,0.2,18.0
2011-02-09,15.9,83,43,11.0,8.34,2.1,18.0
2011-02-10,16.0,84,47,15.4,11.8,5.0,15.0
2011-02-11,16.8,81,36,14.4,12.36,2.1,18.0
2011-02-12,16.5,68,45,13.5,11.61,0.0,18.0
2011-02-13,16.1,76,37,12.0,12.4,0.5,17.0
2011-02-14,17.1,79,43,13.2,12.98,0.0,19.0
2011-02-15,21.6,58,40,21.2,14.62,0.0,23.0
2011-02-16,17.0,74,49,34.8,10.3,5.1,18.0
2011-02-17,18.1,79,38,13.9,14.32,1.5,20.0
2011-02-18,21.4,69,3,9.7,17.86,0.0,23.0
2011-02-19,24.0,55,0,21.6,18.36,0.0,26.0
2011-02-20,16.0,71,55,30.6,8.32,18.0,18.0
2011-02-21,16.4,84,71,22.1,10.27,8.3,18.0
2011-02-22,20.6,68,91,6.9,17.59,0.0,21.0
2011-02-23,22.2,61,4,12.6,18.84,0.0,24.0
2011-02-24,22.8,62,7,14.0,18.89,0.0,24.0
2011-02-25,19.4,68,11,20.2,18.44,0.0,20.0
2011-02-26,17.0,60,34,25.2,13.98,0.1,19.0
2011-02-27,18.7,59,18,17.1,19.05,0.0,20.0
2011-02-28,17.6,64,14,17.3,16.82,0.2,19.0
2011-03-01,18.8,71,27,10.7,15.43,0.0,20.0
2011-03-02,20.1,74,8,11.1,19.13,0.0,20.0
2011-03-03,22.4,71,12,11.8,19.83,0.0,23.0
2011-03-04,23.4,66,2,11.8,20.17,0.0,23.0
2011-03-05,20.7,72,8,10.6,19.96,0.0,21.0
2011-03-06,26.9,53,63,16.5,18.09,0.0,26.0
2011-03-07,20.4,75,47,20.7,15.03,0.3,20.0
2011-03-08,17.8,72,38,23.0,15.92,2.7,19.0
2011-03-09,14.5,68,38,34.5,16.59,8.8,17.0
2011-03-10,13.0,81,60,23.8,14.45,14.2,13.0
2011-03-11,13.3,85,76,16.6,14.81,6.8,13.0
2011-03-12,16.4,76,39,13.7,17.41,2.6,17.0
2011-03-13,18.1,67,11,16.8,19.17,0.0,19.0
2011-03-14,18.2,68,0,11.1,22.2,0.0,19.0
2011-03-15,23.4,57,6,11.8,22.6,0.0,25.0
2011-03-16,25.1,36,0,12.5,23.25,0.0,26.0
2011-03-17,25.8,38,0,9.9,23.31,0.0,24.0
2011-03-18,26.8,43,42,10.7,22.49,0.0,25.0
2011-03-19,24.8,58,89,10.0,19.31,0.1,26.0
2011-03-20,26.7,64,92,10.5,17.67,0.0,26.0
2011-03-21,22.7,76,20,17.7,21.19,0.0,23.0
2011-03-22,19.0,75,52,19.1,17.74,0.5,20.0
2011-03-23,17.9,79,57,20.0,17.36,5.8,19.0
2011-03-24,16.2,82,62,20.8,16.9,13.0,15.0
2011-03-25,16.8,76,47,15.9,17.61,3.1,18.0
2011-03-26,19.8,65,7,12.9,22.95,0.0,20.0
2011-03-27,20.2,68,1,14.2,23.5,0.0,20.0
2011-03-28,18.4,71,11,15.0,22.27,0.0,19.0
2011-03-29,20.6,71,8,13.6,22.68,0.0,21.0
2011-03-30,22.8,72,8,14.0,24.15,0.0,23.0
2011-03-31,27.8,62,1,10.0,24.15,0.0,27.0
2011-04-01,30.1,52,3,8.1,24.49,0.0,30.0
2011-04-02,23.5,63,61,23.3,19.44,0.0,25.0
2011-04-03,23.3,64,16,15.1,23.09,0.1,24.0
2011-04-04,17.0,85,66,18.0,16.27,11.1,17.0
2011-04-05,16.9,81,63,19.9,17.78,6.1,18.0
2011-04-06,18.6,79,57,13.0,15.44,1.1,19.0
2011-04-07,20.2,73,29,11.2,20.32,0.0,21.0
2011-04-08,24.8,59,17,17.6,22.31,1.0,26.0
2011-04-09,19.8,77,22,17.0,18.49,0.6,21.0
2011-04-10,22.4,62,5,23.1,25.15,0.0,23.0
2011-04-11,21.7,60,1,22.3,24.84,0.0,22.0
2011-04-12,18.1,67,41,27.9,20.82,1.7,18.0
2011-04-13,20.1,58,14,13.0,24.62,0.0,20.0
2011-04-14,24.1,56,0,13.8,26.46,0.0,22.0
2011-04-15,26.1,51,0,11.4,26.6,0.0,26.0
2011-04-16,32.9,36,8,11.0,25.88,0.0,33.0
2011-04-17,35.1,27,5,14.8,26.01,0.0,37.0
2011-04-18,36.9,20,53,18.6,25.74,0.0,38.0
2011-04-19,23.8,68,62,18.6,19.95,0.0,23.0
2011-04-20,21.4,70,21,18.1,21.16,0.0,21.0
2011-04-21,20.2,66,52,14.5,16.3,0.0,21.0
2011-04-22,17.7,75,53,16.3,18.28,2.5,19.0
2011-04-23,21.5,69,34,14.6,19.14,0.0,21.0
2011-04-24,23.4,63,0,18.5,27.21,0.0,24.0
2011-04-25,22.2,64,11,15.5,25.54,0.0,22.0
2011-04-26,24.0,65,6,11.2,27.14,0.0,24.0
2011-04-27,29.4,51,64,9.5,25.98,0.0,28.0
2011-04-28,28.0,47,86,17.2,12.48,0.3,25.0
2011-04-29,24.8,70,35,16.5,20.03,4.7,24.0
2011-04-30,21.2,81,45,18.5,19.35,3.3,22.0
2011-05-01,22.0,74,43,16.8,22.81,1.1,23.0
2011-05-02,31.9,43,18,21.4,25.27,0.3,33.0
2011-05-03,23.7,67,4,14.7,26.15,0.0,23.0
2011-05-04,33.7,45,81,13.1,17.43,0.0,35.0
2011-05-05,33.0,41,34,14.8,25.61,0.0,32.0
2011-05-06,23.9,65,31,16.3,27.0,0.0,24.0
2011-05-07,22.0,71,49,17.1,23.47,0.9,22.0
2011-05-08,22.3,71,42,15.9,18.05,0.2,23.0
2011-05-09,24.7,71,43,15.9,26.67,0.0,23.0
2011-05-10,24.0,68,19,17.1,28.09,0.0,24.0
2011-05-11,25.8,55,16,11.9,28.44,0.0,27.0
2011-05-12,23.7,52,18,22.0,25.38,0.3,24.0
2011-05-13,21.7,68,21,21.7,23.58,2.2,22.0
2011-05-14,20.8,73,42,18.4,22.86,2.0,21.0
2011-05-15,23.7,66,18,14.2,20.9,0.1,24.0
2011-05-16,28.0,64,11,20.1,28.03,0.0,26.0
2011-05-17,28.8,65,16,17.8,28.12,0.0,27.0
2011-05-18,26.3,71,16,14.4,25.72,0.2,26.0
2011-05-19,27.8,57,18,16.6,27.46,0.0,28.0
2011-05-20,32.9,42,9,17.5,27.44,0.0,32.0
2011-05-21,26.7,59,13,16.1,28.3,0.0,26.0
2011-05-22,27.7,56,13,17.7,28.47,0.0,27.0
2011-05-23,27.5,62,5,16.9,28.57,0.0,27.0
2011-05-24,28.5,64,27,15.9,28.52,0.0,27.0
2011-05-25,29.0,62,31,16.6,28.16,0.0,28.0
2011-05-26,29.2,53,48,15.3,24.81,0.0,29.0
2011-05-27,36.7,39,28,18.6,27.48,0.1,35.0
2011-05-28,31.5,54,60,18.1,21.46,1.8,32.0
2011-05-29,26.0,70,11,17.8,26.05,0.0,27.0
2011-05-30,27.7,66,7,17.3,27.74,0.0,27.0
2011-05-31,28.0,65,5,17.3,28.21,0.0,27.0
2011-06-01,26.1,70,14,18.5,28.07,0.0,27.0
2011-06-02,26.2,70,26,16.6,27.42,0.0,26.0
2011-06-03,27.8,69,10,15.0,28.31,0.0,26.0
2011-06-04,28.7,68,4,15.5,28.63,0.0,27.0
2011-06-05,27.9,71,5,15.4,28.16,0.0,27.0
2011-06-06,28.2,72,17,15.2,27.84,0.0,28.0
2011-06-07,29.8,69,3,16.4,28.48,0.0,29.0
2011-06-08,29.5,70,1,15.9,28.11,0.0,29.0
2011-06-09,31.0,64,3,15.6,28.4,0.0,30.0
2011-06-10,33.3,54,2,17.1,28.65,0.0,33.0
2011-06-11,27.6,67,13,18.7,27.2,0.0,28.0
2011-06-12,28.7,68,18,18.1,27.27,0.0,28.0
2011-06-13,26.4,72,34,21.7,24.06,0.7,27.0
2011-06-14,26.5,71,32,15.4,22.88,1.3,28.0
2011-06-15,29.2,68,9,16.1,28.34,0.0,28.0
2011-06-16,28.4,67,3,18.3,28.87,0.0,28.0
2011-06-17,27.9,70,15,18.4,28.47,0.0,28.0
2011-06-18,27.5,68,13,17.0,28.26,0.0,28.0
2011-06-19,27.7,70,14,16.1,28.71,0.0,28.0
2011-06-20,28.9,71,9,16.6,28.44,0.0,28.0
2011-06-21,30.1,69,1,15.9,28.61,0.0,29.0
2011-06-22,30.6,71,2,15.9,28.63,0.0,30.0
2011-06-23,31.6,69,2,17.9,28.42,0.0,30.0
2011-06-24,31.3,66,9,17.9,28.49,0.0,30.0
2011-06-25,30.7,66,3,16.9,28.58,0.0,30.0
2011-06-26,29.4,63,7,16.8,28.42,0.0,29.0
2011-06-27,28.9,59,12,18.0,27.13,0.0,29.0
2011-06-28,28.3,67,12,18.0,26.9,0.0,29.0
2011-06-29,26.9,65,20,18.0,26.11,0.0,28.0
2011-06-30,28.4,60,13,19.1,27.7,0.0,28.0
2011-07-01,29.3,65,8,19.1,28.22,0.0,29.0
2011-07-02,28.9,67,8,15.7,28.31,0.0,29.0
2011-07-03,30.8,68,8,17.9,28.67,0.0,30.0
2011-07-04,31.0,65,8,18.6,28.77,0.0,30.0
2011-07-05,29.2,66,11,13.9,28.73,0.0,29.0
2011-07-06,30.5,66,11,15.1,28.24,0.0,30.0
2011-07-07,30.4,65,2,15.9,28.47,0.0,30.0
2011-07-08,32.6,65,4,16.4,27.96,0.0,31.0
2011-07-09,33.1,64,13,15.8,27.63,0.0,31.0
2011-07-10,32.3,63,3,14.7,28.26,0.0,32.0
2011-07-11,32.9,59,1,15.9,29.03,0.0,32.0
2011-07-12,32.3,61,4,16.0,28.06,0.0,31.0
2011-07-13,32.4,61,1,15.0,28.43,0.0,31.0
2011-07-14,33.6,60,0,16.6,28.45,0.0,32.0
2011-07-15,32.4,63,1,17.1,28.36,0.0,31.0
2011-07-16,31.0,69,9,17.8,27.23,0.0,30.0
2011-07-17,30.6,68,7,17.9,27.28,0.0,31.0
2011-07-18,31.5,67,16,17.9,27.13,0.0,31.0
2011-07-19,32.2,65,8,17.2,27.16,0.0,31.0
2011-07-20,32.6,61,4,17.4,27.72,0.0,34.0
2011-07-21,33.4,54,0,16.1,27.82,0.0,32.0
2011-07-22,32.0,60,2,17.2,27.6,0.0,33.0
2011-07-23,30.1,68,19,18.4,26.49,0.0,30.0
2011-07-24,31.8,69,20,15.5,24.85,0.0,32.0
2011-07-25,35.9,58,0,15.8,27.71,0.0,36.0
2011-07-26,33.8,62,3,17.2,27.75,0.0,33.0
2011-07-27,33.2,63,2,15.8,27.87,0.0,33.0
2011-07-28,32.4,66,7,15.8,27.53,0.0,32.0
2011-07-29,33.7,58,2,12.6,27.96,0.0,33.0
2011-07-30,34.1,68,2,15.4,27.24,0.0,33.0
2011-07-31,32.7,70,3,16.8,27.19,0.0,32.0
2011-08-01,32.1,71,21,16.3,26.67,0.0,32.0
2011-08-02,32.0,68,8,16.5,27.27,0.0,32.0
2011-08-03,32.8,67,5,17.7,27.15,0.0,33.0
2011-08-04,32.0,66,8,17.2,26.89,0.0,32.0
2011-08-05,31.3,69,16,15.8,26.29,0.0,32.0
2011-08-06,31.6,71,5,17.4,26.63,0.0,31.0
2011-08-07,31.9,70,3,17.3,26.61,0.0,32.0
2011-08-08,31.4,72,10,16.6,25.98,0.0,32.0
2011-08-09,31.1,74,14,17.9,25.83,0.0,31.0
2011-08-10,31.3,72,17,17.9,25.43,0.0,32.0
2011-08-11,31.4,66,6,16.6,26.58,0.0,31.0
2011-08-12,31.6,67,12,19.2,25.88,0.0,31.0
2011-08-13,29.6,67,26,18.1,23.53,0.0,30.0
2011-08-14,29.9,68,39,16.8,20.12,0.0,31.0
2011-08-15,31.1,69,6,17.1,25.73,0.0,31.0
2011-08-16,31.3,70,14,17.1,24.65,0.0,30.0
2011-08-17,31.8,71,17,18.1,25.29,0.0,31.0
2011-08-18,31.0,71,14,17.9,25.11,0.0,31.0
2011-08-19,30.7,67,8,15.2,25.11,0.0,31.0
2011-08-20,32.9,66,3,17.1,25.66,0.0,32.0
2011-08-21,32.4,71,10,18.1,25.29,0.0,32.0
2011-08-22,33.1,65,4,18.4,25.55,0.0,33.0
2011-08-23,33.3,65,3,16.8,25.92,0.0,33.0
2011-08-24,31.8,73,9,16.7,25.18,0.0,31.0
2011-08-25,32.0,72,12,18.2,25.03,0.0,32.0
2011-08-26,32.0,71,15,14.6,25.05,0.0,32.0
2011-08-27,32.2,72,11,16.3,25.19,0.0,32.0
2011-08-28,30.7,71,10,15.2,24.72,0.0,31.0
2011-08-29,30.6,65,13,16.1,22.9,0.0,31.0
2011-08-30,30.3,65,20,19.1,22.47,0.0,31.0
2011-08-31,29.7,72,33,18.5,19.74,0.1,30.0
2011-09-01,30.4,71,23,18.8,21.3,0.0,31.0
2011-09-02,30.0,69,21,17.1,22.89,0.0,30.0
2011-09-03,31.7,63,3,15.6,23.94,0.0,31.0
2011-09-04,32.0,65,5,18.6,24.24,0.0,31.0
2011-09-05,31.1,74,21,16.2,22.24,0.1,31.0
2011-09-06,32.1,74,11,17.4,22.37,0.2,31.0
2011-09-07,30.8,75,29,16.3,22.23,0.0,31.0
2011-09-08,30.9,69,13,16.4,23.63,0.0,31.0
2011-09-09,29.9,69,18,16.6,20.68,0.0,30.0
2011-09-10,30.4,73,21,16.4,21.71,0.0,30.0
2011-09-11,31.6,73,3,16.1,22.75,0.0,31.0
2011-09-12,31.1,75,9,16.3,22.36,0.0,31.0
2011-09-13,31.2,73,13,16.4,22.3,0.0,31.0
2011-09-14,30.7,71,10,15.4,22.75,0.0,31.0
2011-09-15,30.5,69,10,14.5,22.83,0.0,30.0
2011-09-16,31.8,69,9,16.0,22.69,0.0,30.0
2011-09-17,31.5,69,8,14.8,22.39,0.0,31.0
2011-09-18,33.4,62,1,13.7,22.01,0.0,31.0
2011-09-19,31.1,70,3,19.1,21.95,0.0,32.0
2011-09-20,29.9,71,15,14.9,21.38,0.0,30.0
2011-09-21,31.0,74,10,15.1,21.49,0.0,31.0
2011-09-22,30.3,72,10,15.6,21.44,0.0,29.0
2011-09-23,27.9,74,21,20.6,17.22,1.5,30.0
2011-09-24,27.2,74,24,16.4,16.08,1.1,28.0
2011-09-25,28.2,72,30,10.8,15.47,1.6,29.0
2011-09-26,29.6,70,16,13.1,17.56,0.0,29.0
2011-09-27,30.3,74,7,16.8,19.27,0.0,30.0
2011-09-28,30.6,73,14,15.5,20.07,0.0,30.0
2011-09-29,29.8,73,9,16.6,19.7,0.0,30.0
2011-09-30,28.4,74,18,18.5,17.61,0.1,29.0
2011-10-01,28.7,69,40,17.5,17.25,0.1,29.0
2011-10-02,29.7,59,4,14.0,19.52,0.0,29.0
2011-10-03,28.8,64,6,15.6,18.95,0.0,29.0
2011-10-04,29.7,67,3,17.4,19.57,0.0,28.0
2011-10-05,28.7,70,16,16.3,19.14,0.0,29.0
2011-10-06,28.0,70,26,17.3,17.67,0.0,29.0
2011-10-07,27.9,70,10,17.0,18.59,0.0,28.0
2011-10-08,29.6,68,29,14.8,18.59,0.0,29.0
2011-10-09,34.1,56,5,8.9,19.26,0.0,34.0
2011-10-10,37.4,34,0,11.9,19.3,0.0,35.0
2011-10-11,30.7,55,7,16.5,18.03,0.3,32.0
2011-10-12,27.1,65,27,17.2,16.1,0.4,27.0
2011-10-13,26.5,63,17,14.0,14.86,0.1,27.0
2011-10-14,27.8,59,8,15.5,18.51,0.0,27.0
2011-10-15,27.4,68,3,15.8,17.69,0.0,27.0
2011-10-16,27.3,67,22,16.8,17.02,0.0,27.0
2011-10-17,27.6,64,75,14.5,14.71,0.0,28.0
2011-10-18,29.1,64,60,13.8,17.37,0.0,28.0
2011-10-19,24.9,60,9,18.7,17.55,0.0,25.0
2011-10-20,26.8,57,1,12.7,18.25,0.0,26.0
2011-10-21,31.0,48,9,12.1,18.01,0.0,33.0
2011-10-22,29.6,47,0,10.7,17.75,0.0,30.0
2011-10-23,27.1,66,56,14.8,15.8,0.0,27.0
2011-10-24,26.3,70,49,15.5,14.71,0.0,27.0
2011-10-25,25.4,67,63,14.5,12.61,0.1,26.0
2011-10-26,23.7,75,39,12.5,11.03,3.8,26.0
2011-10-27,24.5,71,38,12.8,12.28,0.0,25.0
2011-10-28,25.6,63,35,21.9,15.11,0.0,26.0
2011-10-29,24.9,55,17,19.4,14.28,0.0,25.0
2011-10-30,22.4,65,35,12.2,11.51,0.1,25.0
2011-10-31,23.0,62,18,16.4,13.6,0.0,24.0
2011-11-01,24.2,53,5,11.2,16.42,0.0,25.0
2011-11-02,25.1,55,1,13.3,16.13,0.0,25.0
2011-11-03,22.9,74,48,18.4,11.82,9.5,24.0
2011-11-04,21.0,76,48,20.5,11.43,4.6,23.0
2011-11-05,20.6,65,34,18.4,11.09,0.0,22.0
2011-11-06,21.8,59,31,15.3,10.85,0.0,23.0
2011-11-07,22.7,61,9,15.9,14.18,0.0,23.0
2011-11-08,23.2,60,5,10.3,15.11,0.0,23.0
2011-11-09,24.1,53,17,7.7,15.77,0.0,25.0
2011-11-10,23.8,40,91,8.7,14.17,0.0,25.0
2011-11-11,26.2,55,14,11.3,15.22,0.0,26.0
2011-11-12,26.4,57,11,10.6,14.62,0.0,26.0
2011-11-13,25.3,51,10,13.3,14.89,0.0,26.0
2011-11-14,22.1,75,56,16.0,10.34,7.9,23.0
2011-11-15,19.9,58,13,24.9,14.36,2.1,20.0
2011-11-16,17.4,69,67,23.6,6.63,3.0,18.0
2011-11-17,18.0,89,71,11.0,7.66,8.0,18.0
2011-11-18,18.4,86,48,11.3,9.53,7.1,18.0
2011-11-19,16.8,88,68,18.1,9.77,8.2,19.0
2011-11-20,17.4,86,56,9.6,9.47,4.6,18.0
2011-11-21,17.8,81,46,8.3,10.22,1.5,20.0
2011-11-22,20.4,75,9,7.1,13.99,0.0,21.0
2011-11-23,20.6,68,7,12.0,13.28,0.0,22.0
2011-11-24,19.0,75,37,11.6,8.59,0.1,20.0
2011-11-25,19.2,66,18,13.2,12.43,0.0,20.0
2011-11-26,17.8,61,5,5.4,11.91,0.0,19.0
2011-11-27,17.8,63,52,3.9,11.25,0.0,18.0
2011-11-28,19.0,62,4,8.8,13.81,0.0,20.0
2011-11-29,19.6,58,4,6.6,13.63,0.0,21.0
2011-11-30,19.7,51,38,7.3,12.57,0.0,22.0
2011-12-01,19.7,54,1,7.9,13.51,0.0,20.0
2011-12-02,20.7,48,0,10.8,13.51,0.0,22.0
2011-12-03,20.3,47,0,8.0,13.49,0.0,21.0
2011-12-04,21.8,42,11,9.7,13.67,0.0,23.0
2011-12-05,21.5,34,33,11.0,13.36,0.0,23.0
2011-12-06,19.4,56,0,10.0,13.17,0.0,20.0
2011-12-07,19.7,72,12,7.3,12.51,0.0,21.0
2011-12-08,18.6,78,32,22.6,10.6,3.3,20.0
2011-12-09,18.2,68,50,20.7,8.78,0.0,20.0
2011-12-10,17.9,57,11,12.5,12.14,0.0,18.0
2011-12-11,18.7,59,0,7.0,12.81,0.0,20.0
2011-12-12,20.0,48,16,7.6,12.96,0.0,20.0
2011-12-13,19.8,53,79,4.6,12.21,0.0,20.0
2011-12-14,18.7,65,98,7.4,8.16,0.0,18.0
2011-12-15,18.8,77,16,15.0,10.54,0.0,19.0
2011-12-16,18.9,72,38,11.9,11.65,0.0,20.0
2011-12-17,19.6,77,34,8.8,11.1,0.0,20.0
2011-12-18,22.8,64,38,12.8,12.29,0.0,24.0
2011-12-19,24.1,33,11,16.8,12.57,0.0,27.0
2011-12-20,24.8,46,15,16.7,12.37,0.0,26.0
2011-12-21,19.0,84,89,10.4,5.43,0.2,20.0
2011-12-22,19.9,74,43,10.8,11.48,0.0,21.0
2011-12-23,19.0,57,5,14.3,12.5,0.0,21.0
2011-12-24,16.9,57,29,24.7,11.87,1.5,18.0
2011-12-25,14.6,90,79,21.1,7.17,16.5,16.0
2011-12-26,16.3,77,35,14.2,9.14,1.6,18.0
2011-12-27,17.3,64,9,9.4,12.4,0.0,18.0
2011-12-28,18.1,66,0,8.0,12.95,0.0,19.0
2011-12-29,18.6,60,4,5.8,13.1,0.0,19.0
2011-12-30,18.4,59,75,11.3,6.75,0.0,16.0
2011-12-31,16.4,70,28,16.7,9.23,0.0,
2012-01-01,16.3,62,22,23.7,11.98,1.4,17.0
2012-01-02,14.4,92,71,14.5,6.27,10.2,15.0
2012-01-03,16.9,80,23,8.8,9.17,0.0,18.0
2012-01-04,18.9,69,4,7.0,12.91,0.0,19.0
2012-01-05,18.2,67,20,11.6,12.66,0.0,19.0
2012-01-06,15.5,75,41,16.0,7.52,1.7,17.0
2012-01-07,18.5,56,0,9.7,13.4,0.0,18.0
2012-01-08,15.8,54,7,24.0,13.1,0.0,16.0
2012-01-09,15.4,66,35,19.9,9.41,0.0,17.0
2012-01-10,18.3,62,11,7.6,13.54,0.0,18.0
2012-01-11,14.1,76,44,28.6,9.32,3.5,14.0
2012-01-12,13.9,70,44,20.7,10.88,0.8,15.0
2012-01-13,12.7,79,73,24.4,8.17,9.3,10.0
2012-01-14,12.6,85,73,17.7,5.25,4.0,13.0
2012-01-15,16.0,65,28,14.3,12.51,0.0,17.0
2012-01-16,15.2,58,30,20.8,13.56,0.0,17.0
2012-01-17,13.4,72,74,16.3,6.24,1.9,14.0
2012-01-18,15.2,76,54,12.1,10.29,0.0,16.0
2012-01-19,13.7,75,47,19.7,11.32,3.3,15.0
2012-01-20,13.0,62,33,16.8,11.22,0.0,14.0
2012-01-21,14.5,73,44,10.3,9.86,0.0,15.0
2012-01-22,13.0,75,57,24.9,6.66,11.1,13.0
2012-01-23,14.9,75,57,15.9,8.56,0.1,16.0
2012-01-24,17.4,69,64,9.3,11.83,0.4,18.0
2012-01-25,19.4,68,53,13.0,9.19,3.4,21.0
2012-01-26,17.2,68,18,21.5,12.56,0.0,18.0
2012-01-27,14.3,79,56,29.2,10.35,10.4,16.0
2012-01-28,14.8,79,47,17.4,11.71,4.6,16.0
2012-01-29,16.0,69,16,6.9,13.16,0.0,17.0
2012-01-30,15.3,79,82,19.7,5.12,3.8,17.0
2012-01-31,14.9,75,38,23.3,10.95,1.9,16.0
2012-02-01,12.0,93,82,17.7,3.06,22.8,12.0
2012-02-02,13.9,79,54,12.6,10.27,0.5,16.0
2012-02-03,17.9,68,37,12.0,14.86,0.0,19.0
2012-02-04,19.3,58,2,14.3,16.51,0.0,21.0
2012-02-05,19.6,50,13,14.1,16.8,0.0,22.0
2012-02-06,19.7,47,99,14.5,10.71,0.0,22.0
2012-02-07,17.8,58,100,25.3,5.32,0.3,21.0
2012-02-08,14.4,57,62,14.8,16.53,0.0,15.0
2012-02-09,15.3,58,44,17.2,16.1,0.0,16.0
2012-02-10,14.2,78,75,19.8,11.08,10.7,16.0
2012-02-11,17.1,71,43,10.4,16.15,0.2,18.0
2012-02-12,19.6,55,87,20.1,12.07,0.0,22.0
2012-02-13,21.8,53,26,14.8,17.21,0.0,23.0
2012-02-14,19.6,58,87,10.5,13.06,0.0,19.0
2012-02-15,19.0,64,76,13.0,12.33,0.1,19.0
2012-02-16,14.0,82,58,19.1,9.87,11.4,16.0
2012-02-17,15.2,75,62,38.0,12.47,8.6,16.0
2012-02-18,11.4,65,60,30.3,14.14,7.9,14.0
2012-02-19,13.0,75,49,22.8,13.58,4.4,15.0
2012-02-20,15.1,64,28,10.5,17.58,0.0,16.0
2012-02-21,17.5,52,9,14.5,19.06,0.0,19.0
2012-02-22,19.8,47,39,11.3,19.02,0.0,22.0
2012-02-23,18.9,50,47,11.3,12.93,0.0,20.0
2012-02-24,17.4,72,43,10.2,12.2,3.2,16.0
2012-02-25,16.4,71,29,17.1,14.1,0.2,17.0
2012-02-26,16.1,81,44,13.6,10.83,0.0,16.0
2012-02-27,18.9,65,19,15.1,18.64,0.0,20.0
2012-02-28,22.1,52,15,31.9,17.97,1.8,23.0
2012-02-29,13.7,85,83,43.0,9.8,20.6,14.0
2012-03-01,10.2,90,94,31.2,3.75,29.8,12.0
2012-03-02,10.7,81,71,23.6,14.35,10.8,12.0
2012-03-03,13.4,74,62,24.4,12.65,3.4,13.0
2012-03-04,15.3,82,63,23.7,11.12,5.8,16.0
2012-03-05,17.2,79,28,6.0,16.06,0.0,18.0
2012-03-06,18.1,75,0,12.7,20.94,0.0,19.0
2012-03-07,19.8,76,37,11.6,20.52,0.0,21.0
2012-03-08,19.3,80,20,12.8,19.87,0.0,19.0
2012-03-09,21.3,74,12,10.8,21.24,0.0,22.0
2012-03-10,24.8,62,46,11.4,21.67,0.0,25.0
2012-03-11,27.5,48,80,17.6,16.82,0.0,30.0
2012-03-12,22.2,51,62,18.1,18.64,0.6,25.0
2012-03-13,22.7,57,11,17.0,21.4,0.0,24.0
2012-03-14,17.3,69,22,24.7,20.85,0.1,18.0
2012-03-15,14.9,81,64,23.4,13.26,7.8,15.0
2012-03-16,15.1,72,48,28.8,15.24,8.2,17.0
2012-03-17,13.5,56,35,19.3,19.71,0.3,13.0
2012-03-18,17.8,53,0,12.0,23.54,0.0,18.0
2012-03-19,19.6,37,0,16.7,24.02,0.0,21.0
2012-03-20,22.2,38,0,11.6,24.18,0.0,23.0
2012-03-21,22.4,62,0,12.2,23.73,0.0,22.0
2012-03-22,20.5,68,3,15.5,23.44,0.0,20.0
2012-03-23,21.8,66,4,10.6,23.86,0.0,21.0
2012-03-24,26.2,53,4,11.7,24.08,0.0,25.0
2012-03-25,22.7,57,37,13.2,21.69,0.0,22.0
2012-03-26,18.4,79,45,15.9,20.76,0.0,20.0
2012-03-27,17.6,78,41,18.8,18.07,5.2,19.0
2012-03-28,17.5,78,46,20.4,18.16,2.4,19.0
2012-03-29,17.6,73,30,16.6,20.14,2.3,19.0
2012-03-30,17.0,73,32,15.7,17.73,0.1,18.0
2012-03-31,19.6,61,57,11.0,21.59,0.0,20.0
2012-04-01,25.4,52,18,14.4,23.12,0.3,27.0
2012-04-02,22.2,60,3,18.7,24.06,0.1,22.0
2012-04-03,21.8,70,14,13.6,21.46,0.0,22.0
2012-04-04,26.1,65,2,10.6,25.15,0.0,24.0
2012-04-05,29.1,50,43,9.2,21.37,0.0,26.0
2012-04-06,27.3,54,0,8.9,25.24,0.0,27.0
2012-04-07,32.7,41,2,12.1,24.82,0.0,33.0
2012-04-08,30.1,46,1,12.9,25.24,0.0,29.0
2012-04-09,24.6,52,3,21.1,25.06,0.0,25.0
2012-04-10,26.0,54,15,17.3,25.96,0.0,28.0
2012-04-11,20.6,74,31,19.5,22.33,0.0,21.0
2012-04-12,19.4,67,48,13.8,17.18,0.0,20.0
2012-04-13,23.6,64,27,13.5,24.34,0.0,22.0
2012-04-14,29.3,46,62,11.0,25.72,0.0,29.0
2012-04-15,33.6,36,54,15.1,20.61,0.0,35.0
2012-04-16,21.3,71,26,15.6,24.6,0.0,21.0
2012-04-17,26.0,60,9,9.3,26.4,0.0,26.0
2012-04-18,36.1,43,69,28.6,21.1,0.0,37.0
2012-04-19,21.2,67,31,18.8,23.17,0.0,22.0
2012-04-20,22.1,64,52,14.7,25.01,0.0,22.0
2012-04-21,22.5,62,18,16.1,27.03,0.0,22.0
2012-04-22,25.7,53,0,15.9,27.32,0.0,25.0
2012-04-23,24.1,50,1,15.3,26.96,0.0,23.0
2012-04-24,23.7,63,2,14.3,27.14,0.0,23.0
2012-04-25,25.2,63,2,15.5,27.12,0.0,24.0
2012-04-26,24.5,59,0,15.5,27.33,0.0,23.0
2012-04-27,26.8,59,0,14.0,27.61,0.0,26.0
2012-04-28,26.9,56,1,14.9,27.34,0.0,25.0
2012-04-29,25.0,71,61,11.8,22.27,0.0,23.0
2012-04-30,26.4,60,53,15.1,26.21,0.0,26.0
2012-05-01,32.4,54,70,24.5,22.26,0.4,33.0
2012-05-02,24.4,76,22,19.6,23.55,0.4,24.0
2012-05-03,25.1,67,11,16.7,25.53,0.2,26.0
2012-05-04,29.2,51,11,17.1,27.01,0.0,29.0
2012-05-05,30.2,41,9,15.8,28.13,0.0,30.0
2012-05-06,29.7,42,12,17.6,26.31,0.0,30.0
2012-05-07,25.4,54,1,15.0,28.43,0.0,25.0
2012-05-08,27.4,62,10,15.9,27.75,0.0,26.0
2012-05-09,29.7,65,15,15.8,28.07,0.0,27.0
2012-05-10,26.3,72,9,16.4,27.36,0.0,26.0
2012-05-11,27.7,65,7,17.4,27.68,0.0,28.0
2012-05-12,29.8,52,0,15.2,27.98,0.0,29.0
2012-05-13,25.6,60,11,21.3,26.11,0.0,27.0
2012-05-14,26.5,62,33,15.2,23.54,0.3,26.0
2012-05-15,27.4,62,5,17.4,27.91,0.0,27.0
2012-05-16,30.5,53,3,25.5,28.27,0.0,30.0
2012-05-17,32.8,38,0,11.5,28.49,0.0,34.0
2012-05-18,27.7,55,4,17.1,27.64,0.0,27.0
2012-05-19,26.4,62,4,21.4,28.3,0.0,26.0
2012-05-20,25.1,67,34,18.0,25.99,0.0,24.0
2012-05-21,25.3,66,26,17.9,26.25,0.0,25.0
2012-05-22,29.5,52,21,12.4,27.94,0.0,29.0
2012-05-23,26.8,55,17,20.5,26.62,0.0,27.0
2012-05-24,25.2,66,18,14.2,26.76,0.0,26.0
2012-05-25,33.0,50,19,17.2,28.66,0.0,32.0
2012-05-26,28.8,48,20,15.5,28.72,0.0,28.0
2012-05-27,29.0,55,85,13.8,26.29,0.0,28.0
2012-05-28,35.6,40,30,15.8,26.49,0.0,37.0
2012-05-29,33.0,57,26,18.7,27.18,0.2,33.0
2012-05-30,26.5,69,22,17.9,27.54,0.0,26.0
2012-05-31,29.4,54,4,17.1,28.84,0.0,29.0
2012-06-01,31.5,46,0,17.0,27.96,0.0,31.0
2012-06-02,31.1,48,0,14.9,29.81,0.0,29.0
2012-06-03,32.3,52,0,17.1,29.11,0.0,30.0
2012-06-04,29.6,61,0,16.6,28.71,0.0,29.0
2012-06-05,27.3,66,7,15.9,29.31,0.0,27.0
2012-06-06,28.2,67,13,17.3,28.8,0.0,28.0
2012-06-07,30.7,54,0,16.5,29.52,0.0,30.0
2012-06-08,28.8,56,2,14.1,29.12,0.0,28.0
2012-06-09,30.6,61,0,15.3,29.0,0.0,29.0
2012-06-10,31.3,57,1,14.9,28.99,0.0,30.0
2012-06-11,30.6,63,1,17.3,28.62,0.0,31.0
2012-06-12,29.3,65,4,16.4,29.05,0.0,29.0
2012-06-13,30.0,61,7,14.4,29.34,0.0,30.0
2012-06-14,31.2,65,4,17.1,28.86,0.0,30.0
2012-06-15,30.3,75,19,13.7,27.04,0.0,29.0
2012-06-16,32.9,68,3,12.9,28.43,0.0,31.0
2012-06-17,33.9,58,0,14.5,29.05,0.0,33.0
2012-06-18,33.1,59,0,15.0,28.71,0.0,32.0
2012-06-19,30.9,68,2,15.1,28.56,0.0,30.0
2012-06-20,29.6,70,12,17.3,28.05,0.0,30.0
2012-06-21,30.7,62,11,17.8,26.91,0.0,32.0
2012-06-22,31.6,59,6,18.2,25.99,0.4,33.0
2012-06-23,33.2,55,8,16.9,27.51,0.0,34.0
2012-06-24,31.1,58,3,17.1,27.95,0.0,31.0
2012-06-25,29.9,70,18,15.1,25.45,0.0,30.0
2012-06-26,30.5,71,16,17.2,27.58,0.0,31.0
2012-06-27,30.5,72,21,16.3,27.33,0.0,30.0
2012-06-28,31.1,68,11,16.2,27.99,0.0,31.0
2012-06-29,31.9,66,9,15.1,27.98,0.0,31.0
2012-06-30,32.3,67,4,19.6,28.04,0.0,31.0
2012-07-01,32.5,69,1,17.4,28.47,0.0,32.0
2012-07-02,32.3,68,6,19.7,28.32,0.3,31.0
2012-07-03,31.9,66,14,20.9,26.95,0.0,32.0
2012-07-04,30.7,66,6,19.3,26.73,0.0,31.0
2012-07-05,31.6,71,19,17.9,26.65,0.0,31.0
2012-07-06,31.9,71,10,17.1,27.92,0.0,31.0
2012-07-07,32.0,71,11,18.5,27.86,0.0,32.0
2012-07-08,30.6,66,8,17.2,27.32,0.0,31.0
2012-07-09,32.0,57,3,14.7,27.29,0.0,32.0
2012-07-10,32.7,58,1,16.3,27.15,0.0,32.0
2012-07-11,32.9,64,1,17.6,27.58,0.0,32.0
2012-07-12,33.4,69,7,17.7,27.68,0.0,32.0
2012-07-13,34.2,61,0,16.5,28.01,0.0,33.0
2012-07-14,34.8,59,1,16.3,27.93,0.0,34.0
2012-07-15,34.2,58,1,17.0,28.14,0.0,34.0
2012-07-16,34.6,61,2,17.3,28.2,0.0,34.0
2012-07-17,34.8,61,1,15.0,28.2,0.0,35.0
2012-07-18,35.6,57,1,14.2,28.16,0.0,34.0
2012-07-19,35.0,70,7,15.0,27.46,0.0,34.0
2012-07-20,33.2,72,23,15.3,26.81,0.0,33.0
2012-07-21,30.9,70,16,17.7,27.18,0.0,32.0
2012-07-22,32.3,64,5,16.2,27.14,0.0,32.0
2012-07-23,33.6,62,1,15.3,27.63,0.0,33.0
2012-07-24,32.7,68,5,16.1,27.21,0.0,32.0
2012-07-25,33.6,70,9,13.5,26.74,0.0,33.0
2012-07-26,34.0,68,9,14.8,26.59,0.0,34.0
2012-07-27,31.8,73,19,16.1,25.14,0.0,33.0
2012-07-28,31.7,71,9,15.5,26.5,0.0,32.0
2012-07-29,30.7,72,18,16.5,26.4,0.0,32.0
2012-07-30,31.2,69,28,15.3,21.72,0.0,32.0
2012-07-31,34.4,56,2,16.6,27.31,0.0,35.0
2012-08-01,37.8,49,7,15.3,23.73,0.0,39.0
2012-08-02,33.4,67,2,16.9,25.72,0.0,33.0
2012-08-03,31.9,70,8,18.4,26.23,0.0,32.0
2012-08-04,30.6,71,29,18.4,25.35,0.0,31.0
2012-08-05,31.3,68,15,18.1,24.55,0.0,32.0
2012-08-06,32.2,68,13,16.3,24.71,0.0,32.0
2012-08-07,34.5,63,3,16.6,26.37,0.0,34.0
2012-08-08,35.9,59,0,17.1,26.96,0.0,35.0
2012-08-09,34.8,58,0,18.9,27.04,0.0,35.0
2012-08-10,34.4,62,3,19.4,26.37,0.0,34.0
2012-08-11,33.0,65,7,17.0,24.28,0.0,33.0
2012-08-12,33.4,64,4,18.6,26.14,0.0,33.0
2012-08-13,34.2,65,6,18.6,26.15,0.0,34.0
2012-08-14,33.6,59,1,18.4,26.01,0.0,33.0
2012-08-15,31.6,67,16,17.4,24.87,0.0,32.0
2012-08-16,31.9,64,4,15.5,26.02,0.0,32.0
2012-08-17,32.3,70,5,16.4,25.28,0.0,32.0
2012-08-18,33.9,66,6,17.2,26.02,0.0,33.0
2012-08-19,34.5,57,0,19.1,26.34,0.0,33.0
2012-08-20,32.7,70,5,17.6,25.82,0.0,33.0
2012-08-21,33.5,71,8,19.6,25.5,0.0,33.0
2012-08-22,33.3,69,13,19.2,24.08,0.0,33.0
2012-08-23,32.6,68,4,17.1,25.58,0.0,32.0
2012-08-24,33.4,72,15,16.4,25.04,0.0,32.0
2012-08-25,33.5,70,10,16.1,25.39,0.0,33.0
2012-08-26,33.3,67,9,16.6,25.35,0.0,33.0
2012-08-27,32.1,68,11,17.6,25.2,0.0,31.0
2012-08-28,31.0,67,9,18.1,24.66,0.0,31.0
2012-08-29,31.3,66,28,17.3,22.18,0.0,33.0
2012-08-30,31.9,62,4,16.8,23.26,0.0,33.0
2012-08-31,32.1,65,6,16.6,23.79,0.0,32.0
2012-09-01,30.9,70,10,14.9,23.88,0.0,31.0
2012-09-02,31.1,69,6,17.7,24.21,0.0,31.0
2012-09-03,32.6,73,22,16.3,23.58,0.0,32.0
2012-09-04,34.3,71,16,16.6,23.31,0.0,33.0
2012-09-05,34.2,62,1,16.4,23.94,0.0,34.0
2012-09-06,33.3,67,3,15.5,23.82,0.0,32.0
2012-09-07,32.6,70,7,18.4,23.35,0.0,32.0
2012-09-08,31.5,70,13,16.8,22.72,0.0,31.0
2012-09-09,30.5,69,27,17.2,20.57,0.0,31.0
2012-09-10,31.1,71,17,17.2,20.14,0.0,31.0
2012-09-11,30.3,75,19,14.9,18.89,0.0,31.0
2012-09-12,30.9,72,18,15.9,21.56,0.0,31.0
2012-09-13,30.2,71,8,16.6,21.61,0.0,30.0
2012-09-14,29.6,63,3,16.3,22.44,0.0,30.0
2012-09-15,32.1,62,3,13.4,22.79,0.0,31.0
2012-09-16,32.4,67,2,15.9,22.08,0.0,33.0
2012-09-17,31.2,65,3,15.6,22.1,0.0,31.0
2012-09-18,32.2,63,0,17.3,21.77,0.0,31.0
2012-09-19,32.6,67,2,17.8,21.06,0.0,31.0
2012-09-20,30.7,66,4,16.3,21.39,0.0,30.0
2012-09-21,30.5,65,4,17.1,20.91,0.0,30.0
2012-09-22,30.1,65,9,16.4,20.65,0.0,30.0
2012-09-23,29.2,66,10,15.4,20.71,0.0,29.0
2012-09-24,29.1,69,6,13.6,21.55,0.0,29.0
2012-09-25,29.9,66,4,14.6,20.77,0.0,30.0
2012-09-26,30.2,66,6,13.8,20.93,0.0,30.0
2012-09-27,33.2,64,5,11.5,20.97,0.0,32.0
2012-09-28,32.4,72,4,13.3,19.47,0.0,31.0
2012-09-29,32.1,72,26,10.1,18.72,0.0,31.0
2012-09-30,32.9,74,58,12.3,16.74,0.3,33.0
2012-10-01,33.9,69,83,12.3,13.58,0.0,33.0
2012-10-02,31.3,77,53,14.8,16.17,0.0,32.0
2012-10-03,28.4,73,21,15.3,18.18,0.0,29.0
2012-10-04,29.0,71,51,14.8,17.19,0.0,29.0
2012-10-05,28.7,72,23,14.4,16.75,0.0,29.0
2012-10-06,28.0,70,19,10.2,15.45,1.0,29.0
2012-10-07,28.0,72,17,13.6,15.87,0.2,29.0
2012-10-08,27.1,72,27,14.7,14.57,0.1,29.0
2012-10-09,27.5,71,16,15.3,15.0,0.1,29.0
2012-10-10,29.8,65,9,14.8,18.58,0.0,29.0
2012-10-11,31.3,62,11,21.2,17.22,0.2,32.0
2012-10-12,29.0,68,23,12.9,15.26,0.1,29.0
2012-10-13,31.3,67,0,15.2,18.35,0.0,30.0
2012-10-14,29.8,72,27,13.6,17.67,0.0,29.0
2012-10-15,31.9,67,37,11.2,17.46,0.0,31.0
2012-10-16,33.1,65,37,15.0,17.27,0.0,33.0
2012-10-17,33.9,57,54,13.0,16.05,0.0,33.0
2012-10-18,32.7,55,38,14.3,17.47,0.0,30.0
2012-10-19,31.2,59,18,13.5,16.4,0.0,29.0
2012-10-20,30.6,65,9,12.3,16.2,0.1,29.0
2012-10-21,29.7,64,71,7.4,12.82,1.1,29.0
2012-10-22,28.8,60,38,9.7,14.93,1.5,28.0
2012-10-23,27.1,76,46,14.1,13.46,0.0,29.0
2012-10-24,28.0,70,70,14.3,14.64,0.0,29.0
2012-10-25,26.4,67,15,19.1,14.59,0.0,27.0
2012-10-26,23.4,72,41,14.5,11.56,2.2,26.0
2012-10-27,24.9,74,21,10.9,12.51,0.0,27.0
2012-10-28,28.5,68,0,10.3,16.55,0.0,29.0
2012-10-29,31.1,55,23,7.8,16.57,0.0,29.0
2012-10-30,29.7,57,30,10.0,16.22,0.0,29.0
2012-10-31,28.8,68,87,9.8,10.74,0.0,29.0
2012-11-01,32.8,58,54,10.2,15.07,0.0,35.0
2012-11-02,30.3,69,91,14.0,13.5,0.0,30.0
2012-11-03,31.7,53,53,15.9,15.18,0.0,30.0
2012-11-04,29.8,59,50,8.1,14.5,0.0,29.0
2012-11-05,29.8,63,76,6.3,10.02,0.0,30.0
2012-11-06,30.9,56,47,12.8,13.38,0.0,30.0
2012-11-07,28.1,75,3,12.9,15.01,0.0,28.0
2012-11-08,26.8,79,21,11.9,14.35,0.0,27.0
2012-11-09,22.5,80,51,18.5,8.49,8.2,25.0
2012-11-10,21.8,79,53,20.8,9.04,3.9,23.0
2012-11-11,19.5,81,68,25.2,8.89,8.4,21.0
2012-11-12,20.2,83,41,11.9,9.85,2.9,23.0
2012-11-13,21.5,79,20,13.4,11.98,0.4,22.0
2012-11-14,22.3,80,27,8.2,11.16,0.4,23.0
2012-11-15,25.1,72,29,10.4,13.6,0.0,25.0
2012-11-16,25.8,47,99,18.4,12.81,0.0,27.0
2012-11-17,27.0,45,78,16.9,12.39,0.0,28.0
2012-11-18,25.5,61,37,8.0,13.02,2.0,25.0
2012-11-19,22.6,79,54,11.3,10.51,0.4,24.0
2012-11-20,23.0,76,39,10.2,11.41,0.0,24.0
2012-11-21,24.1,71,33,5.4,13.46,0.0,25.0
2012-11-22,22.7,74,33,8.7,9.66,0.3,24.0
2012-11-23,17.9,90,88,17.5,5.84,7.7,20.0
2012-11-24,19.5,87,64,10.9,8.55,1.4,22.0
2012-11-25,19.4,81,42,9.1,9.42,2.3,21.0
2012-11-26,19.9,82,39,10.5,9.92,0.4,21.0
2012-11-27,21.4,74,23,7.3,10.93,0.0,21.0
2012-11-28,23.9,62,1,8.9,13.31,0.0,25.0
2012-11-29,24.5,52,30,12.0,13.35,0.0,26.0
2012-11-30,25.0,51,48,10.1,11.48,0.0,25.0
2012-12-01,26.2,54,41,9.7,12.85,0.0,27.0
2012-12-02,25.3,64,33,5.2,12.89,0.0,25.0
2012-12-03,26.0,65,87,11.2,12.24,0.0,26.0
2012-12-04,20.4,76,90,23.4,7.4,17.6,22.0
2012-12-05,18.9,71,93,16.7,6.7,1.3,20.0
2012-12-06,19.1,73,45,18.0,9.76,6.9,20.0
2012-12-07,19.9,63,32,23.2,10.33,0.0,21.0
2012-12-08,17.7,83,78,13.4,6.66,3.7,18.0
2012-12-09,22.3,72,62,8.9,10.82,0.0,23.0
2012-12-10,19.5,68,15,22.6,11.53,0.4,20.0
2012-12-11,16.9,78,65,23.4,6.49,9.2,17.0
2012-12-12,20.5,73,35,6.4,11.07,0.0,21.0
2012-12-13,16.6,86,52,9.5,7.74,2.8,16.0
2012-12-14,18.3,76,45,12.1,9.69,0.2,19.0
2012-12-15,17.9,69,29,11.5,9.57,0.2,19.0
2012-12-16,17.0,79,34,11.3,8.06,0.0,19.0
2012-12-17,18.7,69,49,8.9,10.15,0.2,20.0
2012-12-18,20.7,68,42,12.1,11.89,0.0,21.0
2012-12-19,20.6,53,33,16.9,11.91,0.0,22.0
2012-12-20,16.6,61,39,33.3,9.44,3.2,17.0
2012-12-21,15.0,85,71,22.7,8.63,11.7,14.0
2012-12-22,17.6,77,53,12.2,8.12,2.1,19.0
2012-12-23,20.2,66,7,5.2,12.29,0.0,21.0
2012-12-24,20.0,69,0,10.7,12.47,0.0,20.0
2012-12-25,17.0,90,62,7.9,6.38,3.8,19.0
2012-12-26,17.9,85,39,13.1,7.29,0.6,19.0
2012-12-27,18.8,77,31,7.1,9.4,0.0,20.0
2012-12-28,19.8,76,29,7.3,12.57,0.0,20.0
2012-12-29,17.4,87,42,10.3,7.95,0.1,19.0
2012-12-30,18.8,81,25,6.3,10.16,0.0,20.0
2012-12-31,21.1,72,6,8.1,12.65,0.0,22.0
2013-01-01,19.5,69,20,10.4,11.99,0.0,21.0
2013-01-02,18.5,79,38,9.3,9.81,0.7,20.0
2013-01-03,20.5,74,7,9.1,12.6,0.0,22.0
2013-01-04,19.7,69,5,10.2,13.08,0.0,20.0
2013-01-05,15.2,91,62,17.2,7.37,9.7,16.0
2013-01-06,15.7,73,66,28.3,5.96,3.8,17.0
2013-01-07,14.8,78,78,33.8,6.97,17.9,17.0
2013-01-08,12.7,92,97,32.7,2.29,36.2,15.0
2013-01-09,10.3,77,76,34.6,9.1,14.1,13.0
2013-01-10,10.3,82,56,12.9,9.05,6.7,10.0
2013-01-11,14.5,74,32,11.9,10.24,0.0,15.0
2013-01-12,14.3,67,78,10.9,10.03,0.0,16.0
2013-01-13,16.0,66,12,8.7,14.06,0.0,17.0
2013-01-14,17.6,71,9,7.9,12.6,0.0,19.0
2013-01-15,18.3,57,0,14.8,14.46,0.0,20.0
2013-01-16,18.8,49,61,17.5,13.15,0.0,22.0
2013-01-17,19.2,63,51,10.9,14.01,0.0,20.0
2013-01-18,20.1,79,52,7.8,12.95,0.0,20.0
2013-01-19,17.8,74,13,9.4,13.68,0.0,19.0
2013-01-20,18.5,65,0,8.3,14.26,0.0,20.0
2013-01-21,22.7,65,2,12.5,14.74,0.0,22.0
2013-01-22,25.9,52,4,16.3,13.78,0.0,28.0
2013-01-23,17.8,83,55,11.3,9.48,0.0,20.0
2013-01-24,20.1,75,92,8.2,12.07,0.0,21.0
2013-01-25,20.5,59,61,15.8,11.27,0.0,
2013-01-26,22.7,70,20,8.1,14.58,0.8,
2013-01-27,19.3,74,61,13.4,13.93,0.0,19.0
2013-01-28,18.5,74,56,14.3,13.85,1.6,18.0
2013-01-29,14.5,91,77,16.3,6.74,6.1,16.0
2013-01-30,14.4,89,61,17.0,9.55,4.6,14.0
2013-01-31,12.5,90,90,27.2,7.73,9.4,13.0
2013-02-01,13.3,90,96,20.9,4.33,16.0,14.0
2013-02-02,16.5,80,43,17.6,11.11,1.4,17.0
2013-02-03,19.5,70,0,8.5,16.2,0.0,19.0
2013-02-04,23.3,62,20,12.5,16.32,0.0,25.0
2013-02-05,23.2,57,80,13.4,9.27,0.0,23.0
2013-02-06,17.5,67,41,22.7,8.44,5.4,18.0
2013-02-07,18.2,71,38,10.3,11.47,0.0,19.0
2013-02-08,22.1,65,26,14.2,16.01,0.0,
2013-02-09,20.8,69,2,9.2,16.9,0.0,
2013-02-10,18.8,82,52,13.2,14.64,0.0,
2013-02-11,16.9,73,30,18.7,14.47,0.0,16.0
2013-02-12,16.0,74,33,12.6,10.7,0.5,
2013-02-13,21.1,62,68,11.4,16.88,0.0,
2013-02-14,22.6,53,98,17.1,10.53,0.0,
2013-02-15,17.2,58,55,27.1,15.63,0.0,
2013-02-16,15.9,67,42,19.1,12.05,0.9,17.0
2013-02-17,16.7,75,34,13.0,13.9,0.6,18.0
2013-02-18,16.8,77,30,16.3,14.69,0.0,18.0
2013-02-19,16.1,79,53,12.9,11.6,0.0,18.0
2013-02-20,17.9,73,17,11.4,16.64,0.0,19.0
2013-02-21,21.2,55,59,11.8,18.81,0.0,22.0
2013-02-22,24.6,46,52,15.3,12.48,0.0,26.0
2013-02-23,18.0,78,31,21.9,13.34,2.4,19.0
2013-02-24,18.5,84,46,8.8,11.85,1.5,20.0
2013-02-25,25.1,65,98,11.2,16.65,0.0,27.0
2013-02-26,27.1,49,33,11.9,19.89,0.0,28.0
2013-02-27,21.3,71,26,11.8,19.31,0.0,22.0
2013-02-28,18.3,78,65,21.6,16.67,0.0,19.0
2013-03-01,18.1,67,45,16.7,16.84,0.0,19.0
2013-03-02,21.8,59,30,12.9,20.14,0.0,23.0
2013-03-03,28.0,37,91,21.9,16.5,0.0,30.0
2013-03-04,18.3,77,76,20.5,14.88,0.0,19.0
2013-03-05,17.4,74,47,18.7,14.68,0.8,19.0
2013-03-06,17.4,59,11,14.7,20.27,0.5,17.0
2013-03-07,20.6,40,50,15.4,20.37,0.0,22.0
2013-03-08,26.5,25,35,18.3,20.14,0.0,28.0
2013-03-09,20.1,63,5,16.9,20.59,0.0,21.0
2013-03-10,19.9,68,9,16.6,20.18,0.0,21.0
2013-03-11,25.6,52,0,11.6,21.03,0.0,28.0
2013-03-12,32.3,33,59,17.1,20.65,0.0,34.0
2013-03-13,25.8,40,17,15.9,21.69,0.0,28.0
2013-03-14,30.2,49,26,11.6,21.78,0.0,31.0
2013-03-15,35.2,27,46,17.0,21.0,0.0,36.0
2013-03-16,20.6,69,57,17.9,18.73,0.0,20.0
2013-03-17,17.3,67,52,23.7,17.35,2.5,19.0
2013-03-18,18.2,57,50,13.2,17.87,0.0,19.0
2013-03-19,21.1,58,62,11.9,18.78,0.0,22.0
2013-03-20,22.8,65,7,15.5,22.68,0.0,23.0
2013-03-21,26.6,53,40,9.6,22.26,0.0,26.0
2013-03-22,31.2,47,64,36.3,17.73,0.0,32.0
2013-03-23,18.5,71,63,26.4,15.61,1.3,19.0
2013-03-24,19.1,58,19,15.5,21.15,0.0,20.0
2013-03-25,26.7,53,0,7.2,24.04,0.0,25.0
2013-03-26,31.4,37,19,17.4,23.57,0.0,33.0
2013-03-27,19.7,72,42,17.3,20.88,0.0,21.0
2013-03-28,23.1,68,11,16.6,23.18,0.0,23.0
2013-03-29,25.4,51,27,16.4,24.1,0.0,25.0
2013-03-30,28.6,46,59,10.1,23.93,0.0,27.0
2013-03-31,32.2,43,21,10.9,22.78,0.0,33.0
2013-04-01,29.4,37,15,22.3,24.55,0.0,30.0
2013-04-02,22.2,68,47,15.0,22.2,0.0,23.0
2013-04-03,26.4,51,19,9.2,24.42,0.0,27.0
2013-04-04,21.5,58,40,27.0,20.87,2.8,22.0
2013-04-05,19.7,77,61,26.3,18.78,3.5,21.0
2013-04-06,23.5,73,18,9.3,24.05,0.0,22.0
2013-04-07,33.3,48,65,12.0,25.03,0.0,35.0
2013-04-08,23.8,46,1,19.7,25.42,0.0,24.0
2013-04-09,20.1,73,50,20.7,20.43,0.5,21.0
2013-04-10,20.0,72,37,18.6,21.79,1.2,21.0
2013-04-11,20.6,70,67,13.5,18.18,0.0,22.0
2013-04-12,22.1,72,6,17.8,25.1,0.0,21.0
2013-04-13,22.1,73,14,14.0,23.38,0.0,22.0
2013-04-14,23.5,72,3,14.8,25.61,0.0,23.0
2013-04-15,24.7,60,3,15.5,25.84,0.0,24.0
2013-04-16,20.2,67,23,24.6,21.69,0.2,21.0
2013-04-17,18.8,74,53,19.5,18.78,3.1,19.0
2013-04-18,19.7,73,41,15.4,17.96,0.1,20.0
2013-04-19,18.8,71,24,21.6,20.74,2.2,21.0
2013-04-20,17.2,76,55,21.8,19.73,9.5,17.0
2013-04-21,17.8,82,70,17.0,14.44,5.7,19.0
2013-04-22,18.6,75,46,18.4,18.06,0.1,20.0
2013-04-23,22.2,69,17,13.5,24.34,0.0,22.0
2013-04-24,27.2,63,11,14.7,27.13,0.0,27.0
2013-04-25,29.9,42,24,16.8,27.6,0.0,31.0
2013-04-26,31.5,32,0,15.5,28.03,0.0,33.0
2013-04-27,34.1,24,1,15.9,28.1,0.0,36.0
2013-04-28,35.4,18,2,18.3,27.83,0.0,37.0
2013-04-29,35.1,18,0,17.7,28.65,0.0,36.0
2013-04-30,35.6,20,3,19.1,27.66,0.0,36.0
2013-05-01,34.6,32,14,14.4,25.58,0.0,32.0
2013-05-02,30.0,48,24,13.0,26.09,0.0,28.0
2013-05-03,31.1,50,36,14.1,27.12,0.0,28.0
2013-05-04,33.3,41,9,17.7,27.5,0.0,30.0
2013-05-05,30.1,41,0,15.7,27.55,0.0,28.0
2013-05-06,27.2,62,3,14.2,26.02,0.0,27.0
2013-05-07,28.0,70,6,13.8,26.69,0.0,27.0
2013-05-08,28.5,63,45,12.8,24.57,0.0,29.0
2013-05-09,27.6,70,47,14.8,24.54,0.0,27.0
2013-05-10,29.3,68,35,16.6,25.87,0.0,27.0
2013-05-11,25.8,69,13,16.3,24.57,3.3,27.0
2013-05-12,24.0,68,14,18.0,22.98,0.0,25.0
2013-05-13,28.7,51,28,18.2,21.45,1.5,29.0
2013-05-14,24.6,64,14,22.4,26.74,0.0,25.0
2013-05-15,22.5,70,40,16.6,21.93,1.2,24.0
2013-05-16,24.9,71,31,16.1,21.83,0.2,25.0
2013-05-17,28.8,66,26,14.1,28.02,0.0,28.0
2013-05-18,31.4,57,17,13.5,26.34,0.0,30.0
2013-05-19,29.7,48,65,12.6,24.22,0.0,31.0
2013-05-20,26.9,61,2,16.3,28.37,0.0,27.0
2013-05-21,28.9,70,11,15.9,27.39,0.0,28.0
2013-05-22,31.8,55,4,16.8,28.93,0.0,31.0
2013-05-23,33.8,49,37,14.2,28.66,0.0,32.0
2013-05-24,33.9,46,48,17.0,29.05,0.0,32.0
2013-05-25,28.3,61,33,16.3,27.01,0.0,28.0
2013-05-26,25.4,68,11,16.6,28.49,0.0,26.0
2013-05-27,26.9,69,11,17.0,28.02,0.0,27.0
2013-05-28,29.1,60,1,18.6,29.08,0.0,29.0
2013-05-29,33.8,41,15,5.6,29.37,0.0,34.0
2013-05-30,37.7,39,10,25.0,28.38,0.0,39.0
2013-05-31,30.9,56,8,11.3,29.0,0.0,29.0
2013-06-01,31.6,54,0,15.9,29.22,0.0,32.0
2013-06-02,37.6,37,0,9.1,29.12,0.0,35.0
2013-06-03,30.8,45,2,18.0,28.78,0.0,31.0
2013-06-04,27.0,65,12,15.1,27.21,0.0,27.0
2013-06-05,27.8,62,5,15.5,28.95,0.0,27.0
2013-06-06,31.0,55,2,16.8,29.31,0.0,29.0
2013-06-07,29.0,57,1,19.2,28.91,0.0,29.0
2013-06-08,36.6,39,3,12.8,29.16,0.0,39.0
2013-06-09,28.2,64,23,23.0,25.01,0.0,30.0
2013-06-10,27.7,70,12,18.3,27.41,0.0,28.0
2013-06-11,29.5,65,9,15.7,28.39,0.0,29.0
2013-06-12,34.6,52,1,17.2,29.65,0.0,34.0
2013-06-13,26.8,67,23,17.1,26.4,0.0,28.0
2013-06-14,28.1,65,18,17.9,28.06,0.0,28.0
2013-06-15,27.6,65,14,18.6,27.05,0.0,28.0
2013-06-16,27.9,63,16,17.1,26.79,0.0,28.0
2013-06-17,28.7,71,12,16.8,27.6,0.0,28.0
2013-06-18,30.0,71,3,18.5,28.03,0.0,29.0
2013-06-19,31.1,68,1,18.9,28.53,0.0,31.0
2013-06-20,32.4,60,1,17.0,28.68,0.0,33.0
2013-06-21,32.0,59,0,17.6,28.74,0.0,32.0
2013-06-22,32.5,56,2,16.8,27.11,0.0,32.0
2013-06-23,31.9,59,2,15.5,27.33,0.0,31.0
2013-06-24,30.6,67,2,18.7,28.73,0.0,30.0
2013-06-25,30.2,67,7,15.7,28.08,0.0,31.0
2013-06-26,31.1,67,4,17.2,28.67,0.0,31.0
2013-06-27,30.0,69,6,15.1,28.4,0.0,30.0
2013-06-28,29.8,68,5,15.5,28.57,0.0,30.0
2013-06-29,30.2,72,12,16.6,27.71,0.0,30.0
2013-06-30,28.9,70,16,16.1,27.81,0.0,30.0
2013-07-01,28.3,69,20,18.3,26.83,0.0,30.0
2013-07-02,28.4,64,27,16.1,26.65,0.0,29.0
2013-07-03,30.5,69,4,17.1,28.1,0.0,30.0
2013-07-04,31.3,68,7,16.6,28.76,0.0,32.0
2013-07-05,30.7,69,10,16.6,28.58,0.0,31.0
2013-07-06,29.7,70,9,14.9,28.41,0.0,29.0
2013-07-07,30.6,67,7,15.5,28.51,0.0,30.0
2013-07-08,31.2,68,8,15.8,28.11,0.0,30.0
2013-07-09,29.2,70,6,16.1,27.34,0.0,30.0
2013-07-10,29.3,68,17,16.7,27.34,0.0,29.0
2013-07-11,29.0,71,32,17.3,25.52,0.0,30.0
2013-07-12,29.7,69,15,15.6,26.43,0.0,30.0
2013-07-13,30.6,72,9,14.2,27.68,0.0,30.0
2013-07-14,30.2,72,5,15.3,27.32,0.0,30.0
2013-07-15,31.3,69,5,13.5,27.88,0.0,31.0
2013-07-16,30.8,69,8,14.4,27.15,0.0,31.0
2013-07-17,29.7,69,11,16.8,27.42,0.0,30.0
2013-07-18,29.3,67,19,17.6,25.35,0.0,30.0
2013-07-19,30.3,67,16,18.5,25.39,0.0,30.0
2013-07-20,30.9,72,25,18.9,25.26,0.0,31.0
2013-07-21,29.5,75,23,18.9,25.12,0.0,31.0
2013-07-22,29.7,71,13,18.6,26.18,0.0,30.0
2013-07-23,31.4,68,5,16.6,27.36,0.0,31.0
2013-07-24,32.0,70,5,16.9,27.58,0.0,31.0
2013-07-25,31.3,73,11,18.3,26.81,0.0,30.0
2013-07-26,31.6,70,12,17.9,27.15,0.0,31.0
2013-07-27,31.1,70,17,19.0,26.5,0.0,31.0
2013-07-28,32.9,62,1,18.2,27.53,0.0,33.0
2013-07-29,33.2,68,2,19.9,27.34,0.0,33.0
2013-07-30,31.8,69,11,18.5,26.95,0.0,31.0
2013-07-31,32.1,65,7,18.7,27.3,0.0,31.0
2013-08-01,32.3,59,1,17.6,27.66,0.0,32.0
2013-08-02,32.6,57,2,16.7,27.39,0.0,32.0
2013-08-03,31.6,68,9,17.3,26.36,0.0,31.0
2013-08-04,30.5,71,19,16.2,24.61,0.0,31.0
2013-08-05,32.2,71,7,16.3,25.96,0.0,31.0
2013-08-06,33.4,70,12,17.9,27.03,0.0,33.0
2013-08-07,32.8,64,7,17.2,27.15,0.0,32.0
2013-08-08,32.3,64,5,18.7,26.67,0.0,32.0
2013-08-09,32.3,69,6,19.4,26.29,0.0,31.0
2013-08-10,31.7,67,8,17.9,25.88,0.0,31.0
2013-08-11,31.4,66,12,16.8,26.28,0.0,32.0
2013-08-12,31.1,67,14,17.7,24.75,0.0,31.0
2013-08-13,32.2,70,25,17.3,25.07,0.0,31.0
2013-08-14,32.4,69,5,16.0,25.38,0.0,31.0
2013-08-15,31.6,74,13,16.1,25.58,0.0,31.0
2013-08-16,32.1,75,15,16.1,25.75,0.0,31.0
2013-08-17,33.2,70,9,16.0,26.29,0.0,32.0
2013-08-18,32.6,68,1,18.2,26.16,0.0,32.0
2013-08-19,31.0,67,9,15.6,25.7,0.0,31.0
2013-08-20,32.7,69,2,17.2,25.77,0.0,32.0
2013-08-21,32.9,70,8,19.9,24.97,0.0,32.0
2013-08-22,32.7,66,5,18.7,25.7,0.0,32.0
2013-08-23,31.7,69,16,17.4,25.15,0.0,32.0
2013-08-24,30.1,73,19,18.9,22.66,0.0,31.0
2013-08-25,31.4,69,14,16.9,23.95,0.0,31.0
2013-08-26,31.4,71,18,18.6,24.31,0.0,31.0
2013-08-27,31.6,69,4,17.3,24.79,0.0,31.0
2013-08-28,32.1,71,6,15.4,24.87,0.0,32.0
2013-08-29,32.7,71,3,15.1,24.36,0.0,32.0
2013-08-30,32.3,66,2,13.9,24.91,0.0,32.0
2013-08-31,31.5,71,5,14.5,24.26,0.0,31.0
2013-09-01,31.2,70,7,14.9,23.21,0.0,31.0
2013-09-02,31.6,70,5,15.8,23.7,0.0,31.0
2013-09-03,30.9,72,9,16.9,23.04,0.0,32.0
2013-09-04,30.1,71,20,18.7,22.57,0.0,31.0
2013-09-05,31.2,68,12,18.9,21.09,0.0,31.0
2013-09-06,32.1,51,0,18.2,24.45,0.0,31.0
2013-09-07,30.6,59,2,17.9,23.51,0.0,30.0
2013-09-08,30.0,64,6,16.6,23.24,0.0,30.0
2013-09-09,30.6,65,5,16.4,23.04,0.0,31.0
2013-09-10,32.5,64,1,19.3,23.36,0.0,32.0
2013-09-11,32.7,60,0,17.2,23.31,0.0,32.0
2013-09-12,33.4,63,0,16.1,23.23,0.0,32.0
2013-09-13,34.1,67,3,13.0,22.93,0.0,32.0
2013-09-14,34.1,60,0,14.5,22.94,0.0,33.0
2013-09-15,31.4,70,6,17.5,21.42,0.0,31.0
2013-09-16,29.4,67,8,17.2,21.65,0.0,29.0
2013-09-17,29.4,66,8,14.9,21.54,0.0,30.0
2013-09-18,30.4,58,11,19.9,21.36,0.0,31.0
2013-09-19,33.9,51,32,14.2,20.47,0.0,34.0
2013-09-20,29.3,67,15,19.1,19.63,0.0,30.0
2013-09-21,28.7,73,30,19.6,17.91,0.8,29.0
2013-09-22,29.0,71,12,18.5,19.41,0.4,30.0
2013-09-23,28.8,65,9,19.8,19.69,0.0,29.0
2013-09-24,27.3,67,21,20.9,18.87,0.6,28.0
2013-09-25,27.2,63,12,16.8,19.35,0.0,28.0
2013-09-26,29.7,63,0,13.5,21.39,0.0,29.0
2013-09-27,28.4,73,6,16.7,19.29,0.0,28.0
2013-09-28,27.8,69,18,16.6,18.84,0.0,28.0
2013-09-29,28.3,65,10,15.3,19.81,0.0,28.0
2013-09-30,29.1,66,1,13.4,20.61,0.0,29.0
2013-10-01,29.3,74,9,15.8,19.46,0.0,28.0
2013-10-02,29.8,58,5,13.1,20.39,0.0,29.0
2013-10-03,27.6,67,14,18.8,15.93,0.5,30.0
2013-10-04,26.9,65,19,20.5,17.37,0.1,27.0
2013-10-05,24.9,55,37,17.8,17.09,0.0,25.0
2013-10-06,23.3,50,39,20.3,14.75,0.0,25.0
2013-10-07,25.4,47,5,20.2,19.84,0.0,25.0
2013-10-08,29.6,40,0,11.9,20.43,0.0,29.0
2013-10-09,31.6,23,0,16.1,20.32,0.0,32.0
2013-10-10,32.8,27,0,11.1,19.91,0.0,31.0
2013-10-11,30.1,57,3,15.3,19.46,0.0,29.0
2013-10-12,27.1,68,8,12.6,19.27,0.0,27.0
2013-10-13,27.1,73,7,13.6,18.38,0.0,27.0
2013-10-14,27.6,72,21,16.6,17.81,0.0,28.0
2013-10-15,28.0,66,0,14.3,18.68,0.0,28.0
2013-10-16,28.6,69,17,14.3,18.15,0.0,27.0
2013-10-17,28.5,71,0,12.9,17.7,0.0,27.0
2013-10-18,25.4,59,16,20.1,13.28,8.6,26.0
2013-10-19,24.8,72,30,18.2,14.23,0.3,25.0
2013-10-20,26.9,54,7,14.8,17.57,0.0,27.0
2013-10-21,29.7,41,0,16.4,18.3,0.0,31.0
2013-10-22,31.0,34,0,12.4,17.94,0.0,31.0
2013-10-23,27.4,63,7,14.3,17.46,0.0,27.0
2013-10-24,26.3,67,8,14.6,17.42,0.0,26.0
2013-10-25,26.2,63,7,15.2,17.54,0.0,26.0
2013-10-26,26.9,66,7,15.5,17.2,0.0,27.0
2013-10-27,26.0,70,9,15.6,16.68,0.0,26.0
2013-10-28,27.2,64,20,9.6,16.31,0.0,26.0
2013-10-29,31.4,34,0,11.0,17.07,0.0,32.0
2013-10-30,28.5,38,25,10.1,15.53,0.5,27.0
2013-10-31,27.9,52,34,10.8,15.26,0.0,29.0
2013-11-01,27.1,61,35,7.8,15.44,1.3,27.0
2013-11-02,25.5,66,7,6.2,15.19,0.0,27.0
2013-11-03,28.4,60,3,8.6,15.64,0.0,29.0
2013-11-04,29.2,47,56,14.8,14.87,0.0,30.0
2013-11-05,29.5,53,0,13.5,15.38,0.0,29.0
2013-11-06,27.5,72,38,8.8,15.08,0.0,26.0
2013-11-07,28.6,59,71,9.2,10.88,0.0,27.0
2013-11-08,27.4,52,40,10.9,12.74,2.1,27.0
2013-11-09,26.1,62,24,8.9,12.16,1.4,26.0
2013-11-10,27.9,53,10,7.3,14.43,0.2,28.0
2013-11-11,28.6,53,11,11.2,14.54,0.0,29.0
2013-11-12,26.9,55,26,12.1,11.26,0.1,29.0
2013-11-13,27.0,64,14,11.8,14.09,0.0,26.0
2013-11-14,26.5,71,15,10.2,13.3,0.0,25.0
2013-11-15,24.6,78,16,13.0,12.89,0.0,25.0
2013-11-16,23.3,74,18,12.3,12.98,0.0,24.0
2013-11-17,21.9,78,36,11.9,10.86,4.0,23.0
2013-11-18,22.1,84,77,5.4,11.2,6.7,22.0
2013-11-19,23.7,67,23,10.5,12.65,0.0,25.0
2013-11-20,22.7,68,5,15.0,13.81,0.0,23.0
2013-11-21,23.2,73,15,13.2,13.54,0.0,24.0
2013-11-22,24.5,68,74,9.7,8.68,0.0,26.0
2013-11-23,27.5,53,67,14.6,11.52,0.0,29.0
2013-11-24,22.4,77,76,9.1,8.05,0.0,23.0
2013-11-25,27.4,57,61,8.9,12.99,0.0,28.0
2013-11-26,32.8,30,29,14.8,12.67,0.0,35.0
2013-11-27,30.9,31,88,14.1,10.39,0.0,35.0
2013-11-28,24.3,67,37,13.9,12.06,0.1,25.0
2013-11-29,21.0,77,47,16.5,10.16,0.0,21.0
2013-11-30,24.1,56,47,11.2,12.95,0.0,26.0
2013-12-01,26.9,37,94,21.7,10.02,0.0,29.0
2013-12-02,29.0,41,59,13.1,8.85,0.0,29.0
2013-12-03,27.3,46,69,12.6,5.24,0.2,29.0
2013-12-04,21.7,83,44,18.1,10.22,1.7,24.0
2013-12-05,16.6,90,64,20.1,6.16,16.3,19.0
2013-12-06,17.6,87,67,11.6,6.74,3.9,18.0
2013-12-07,19.5,72,67,15.1,9.9,0.0,20.0
2013-12-08,17.1,84,57,14.5,5.94,10.0,17.0
2013-12-09,17.3,70,26,18.6,9.85,0.0,18.0
2013-12-10,15.9,72,35,13.2,8.94,1.0,15.0
2013-12-11,13.6,89,82,32.1,5.81,27.6,15.0
2013-12-12,9.8,82,78,22.9,9.53,6.6,11.0
2013-12-13,7.8,81,92,30.4,7.83,1.3,7.0
2013-12-14,10.2,82,61,20.0,7.51,1.5,9.0
2013-12-15,13.9,77,26,7.0,12.21,0.0,16.0
2013-12-16,15.4,63,0,9.0,13.08,0.0,18.0
2013-12-17,15.8,60,23,10.3,12.14,0.0,18.0
2013-12-18,16.7,58,4,8.0,12.6,0.0,19.0
2013-12-19,17.1,69,0,4.9,12.3,0.0,20.0
2013-12-20,18.7,67,0,5.6,12.58,0.0,22.0
2013-12-21,19.3,60,0,10.0,12.69,0.0,21.0
2013-12-22,18.3,68,0,7.2,12.82,0.0,20.0
2013-12-23,20.5,57,0,10.6,13.06,0.0,23.0
2013-12-24,18.1,45,2,17.0,13.2,0.0,21.0
2013-12-25,18.0,38,56,20.3,11.61,0.0,21.0
2013-12-26,18.9,44,57,15.5,7.84,0.0,23.0
2013-12-27,21.7,49,1,13.0,12.83,0.0,22.0
2013-12-28,23.4,61,21,15.8,10.5,1.6,24.0
2013-12-29,16.6,75,65,13.8,8.07,2.3,17.0
2013-12-30,16.6,66,38,12.6,9.4,0.3,17.0
2013-12-31,15.2,84,59,9.2,6.91,0.6,16.0
2014-01-01,17.0,75,40,5.9,9.74,0.0,18.0
2014-01-02,19.0,72,7,8.4,12.45,0.0,19.0
2014-01-03,18.9,68,34,10.2,11.81,0.0,19.0
2014-01-04,19.0,64,49,10.3,12.15,0.0,20.0
2014-01-05,18.5,62,21,11.2,12.21,0.0,19.0
2014-01-06,17.9,69,4,7.9,12.9,0.0,18.0
2014-01-07,18.9,59,46,12.2,11.39,0.0,20.0
2014-01-08,19.1,41,0,15.5,13.82,0.0,20.0
2014-01-09,19.1,49,33,13.5,12.98,0.0,19.0
2014-01-10,15.1,82,81,7.6,8.93,3.1,17.0
2014-01-11,17.4,81,49,13.3,9.58,0.2,19.0
2014-01-12,17.9,73,84,10.0,8.47,0.0,18.0
2014-01-13,19.1,74,74,7.6,10.5,0.0,20.0
2014-01-14,20.7,64,66,8.4,9.96,0.0,20.0
2014-01-15,19.9,74,26,8.4,13.67,0.0,21.0
2014-01-16,22.2,56,50,16.2,13.36,0.0,23.0
2014-01-17,19.0,74,19,14.8,12.78,0.0,20.0
2014-01-18,19.2,75,25,8.0,12.94,0.0,20.0
2014-01-19,19.7,72,66,8.9,12.52,0.0,20.0
2014-01-20,20.4,59,52,6.6,14.2,0.0,21.0
2014-01-21,21.4,51,52,3.8,14.41,0.0,24.0
2014-01-22,19.5,63,90,9.0,12.32,0.0,21.0
2014-01-23,18.1,83,71,13.7,9.48,0.0,20.0
2014-01-24,18.9,77,39,5.6,12.41,0.0,21.0
2014-01-25,23.2,60,25,9.7,14.76,0.0,22.0
2014-01-26,22.4,48,63,18.7,7.53,0.0,26.0
2014-01-27,18.9,70,67,10.9,10.91,0.0,19.0
2014-01-28,16.3,64,56,24.4,6.92,0.3,18.0
2014-01-29,20.5,57,5,8.3,15.37,0.0,21.0
2014-01-30,19.9,66,10,13.0,15.3,0.0,20.0
2014-01-31,21.2,67,64,8.7,14.34,0.0,23.0
2014-02-01,23.0,55,69,10.1,15.07,0.0,23.0
2014-02-02,17.3,48,94,18.4,5.3,0.3,19.0
2014-02-03,18.4,60,18,17.1,14.03,0.0,19.0
2014-02-04,15.9,64,62,17.1,11.23,0.0,14.0
2014-02-05,15.7,49,1,6.9,16.74,0.0,16.0
2014-02-06,15.7,60,28,14.1,13.67,0.0,16.0
2014-02-07,17.1,61,35,12.1,16.08,0.0,18.0
2014-02-08,19.2,56,6,10.0,16.98,0.0,19.0
2014-02-09,21.1,46,0,7.1,17.52,0.0,21.0
2014-02-10,19.5,57,0,14.5,17.37,0.0,20.0
2014-02-11,19.0,71,4,10.5,16.66,0.0,20.0
2014-02-12,24.1,55,13,15.9,16.97,0.0,25.0
2014-02-13,26.4,34,0,14.7,17.91,0.0,27.0
2014-02-14,21.8,64,24,16.3,16.89,1.9,19.0
2014-02-15,17.8,70,58,18.9,11.95,1.4,19.0
2014-02-16,16.7,77,67,16.8,10.85,4.4,17.0
2014-02-17,17.7,74,28,14.7,11.88,0.1,19.0
2014-02-18,19.7,68,9,10.4,17.46,0.0,20.0
2014-02-19,23.1,66,6,7.9,18.52,0.0,23.0
2014-02-20,25.3,52,0,6.5,18.42,0.0,25.0
2014-02-21,27.8,38,35,8.5,17.72,0.0,27.0
2014-02-22,28.2,49,11,20.5,18.54,0.0,29.0
2014-02-23,20.7,80,40,10.0,12.86,0.0,21.0
2014-02-24,20.8,82,41,16.1,15.66,0.0,20.0
2014-02-25,18.4,78,45,20.4,14.41,0.4,19.0
2014-02-26,18.6,72,39,12.7,14.8,0.2,19.0
2014-02-27,17.8,70,40,15.4,14.46,0.0,19.0
2014-02-28,19.7,65,12,10.9,18.59,0.0,20.0
2014-03-01,25.9,51,54,12.6,16.86,0.0,26.0
2014-03-02,27.4,36,19,18.8,17.47,0.0,25.0
2014-03-03,24.7,57,18,12.0,19.93,0.0,24.0
2014-03-04,21.1,57,1,20.7,20.36,0.0,22.0
2014-03-05,26.1,49,0,6.9,20.68,0.0,29.0
2014-03-06,24.2,44,0,13.7,20.53,0.0,24.0
2014-03-07,31.1,42,3,13.5,20.71,0.0,31.0
2014-03-08,30.0,37,19,19.9,17.69,0.0,28.0
2014-03-09,22.1,85,81,10.8,10.95,9.3,20.0
2014-03-10,17.2,81,44,19.1,15.42,8.1,19.0
2014-03-11,20.0,60,46,16.9,17.45,0.7,21.0
2014-03-12,16.4,82,69,28.1,14.66,25.4,17.0
2014-03-13,15.0,93,83,21.0,12.25,19.8,16.0
2014-03-14,14.0,82,51,19.8,16.02,12.2,15.0
2014-03-15,17.0,65,36,13.5,13.83,0.0,17.0
2014-03-16,23.0,58,30,14.2,21.21,0.0,24.0
2014-03-17,24.3,49,68,16.7,9.12,0.2,27.0
2014-03-18,19.0,81,59,14.2,13.34,0.0,20.0
2014-03-19,21.6,81,29,10.8,20.97,0.0,21.0
2014-03-20,22.5,76,11,13.7,20.86,0.0,22.0
2014-03-21,21.2,70,1,14.1,22.92,0.0,22.0
2014-03-22,24.0,72,9,8.9,22.85,0.0,23.0
2014-03-23,24.5,74,58,10.0,19.44,0.0,24.0
2014-03-24,23.5,79,54,12.3,19.14,0.0,26.0
2014-03-25,20.7,78,34,15.8,18.9,0.0,21.0
2014-03-26,21.0,73,18,12.6,22.96,0.0,22.0
2014-03-27,23.4,64,5,10.0,24.14,0.0,23.0
2014-03-28,28.8,52,7,6.6,24.96,0.0,29.0
2014-03-29,25.1,54,21,16.6,24.31,0.0,27.0
2014-03-30,19.5,65,24,24.9,18.72,0.9,20.0
2014-03-31,21.2,47,7,10.2,25.31,0.0,21.0
2014-04-01,24.3,50,18,13.8,24.71,0.0,25.0
2014-04-02,20.4,67,8,16.9,23.54,0.0,21.0
2014-04-03,19.7,72,24,14.0,21.14,0.1,21.0
2014-04-04,21.3,73,21,12.5,23.11,0.0,22.0
2014-04-05,28.2,55,27,9.4,25.42,0.0,28.0
2014-04-06,31.0,36,36,11.5,25.64,0.0,31.0
2014-04-07,30.0,53,23,18.8,25.56,0.0,29.0
2014-04-08,26.3,57,4,15.5,25.14,0.0,28.0
2014-04-09,23.0,64,8,15.9,23.07,0.2,23.0
2014-04-10,21.1,71,34,13.9,19.69,0.0,21.0
2014-04-11,25.4,61,35,15.0,26.05,0.0,25.0
2014-04-12,21.7,73,63,15.0,19.84,0.0,22.0
2014-04-13,21.6,72,69,14.5,22.75,0.0,22.0
2014-04-14,24.7,60,27,14.5,26.31,0.0,25.0
2014-04-15,28.6,41,74,17.7,15.29,0.5,30.0
2014-04-16,28.1,44,29,14.1,26.18,0.0,28.0
2014-04-17,23.6,67,20,15.7,25.38,0.0,25.0
2014-04-18,30.1,46,9,14.7,26.5,0.0,33.0
2014-04-19,34.3,28,83,18.1,17.71,0.0,33.0
2014-04-20,27.5,55,42,16.8,23.41,0.0,26.0
2014-04-21,22.6,67,45,16.0,26.34,0.0,22.0
2014-04-22,24.4,68,46,13.2,25.24,0.0,25.0
2014-04-23,30.4,55,38,13.7,26.37,0.0,28.0
2014-04-24,36.0,36,53,8.8,25.96,0.0,36.0
2014-04-25,30.3,45,47,15.1,24.69,0.0,31.0
2014-04-26,24.5,74,17,16.3,25.97,0.0,24.0
2014-04-27,26.2,65,11,14.6,27.35,0.0,26.0
2014-04-28,29.5,48,0,12.9,27.89,0.0,29.0
2014-04-29,27.2,54,3,17.5,27.21,0.0,27.0
2014-04-30,28.7,50,0,16.9,27.7,0.0,29.0
2014-05-01,29.6,51,4,14.6,25.46,0.0,29.0
2014-05-02,24.6,58,0,16.8,27.69,0.0,24.0
2014-05-03,32.5,37,6,18.4,27.58,0.0,34.0
2014-05-04,38.2,23,43,11.2,27.56,0.0,38.0
2014-05-05,33.2,26,76,15.5,15.2,0.0,32.0
2014-05-06,32.1,42,90,15.0,14.99,0.1,30.0
2014-05-07,29.4,64,85,17.1,24.8,1.4,27.0
2014-05-08,19.9,89,81,10.4,10.53,29.2,22.0
2014-05-09,23.6,65,11,17.1,23.93,0.1,25.0
2014-05-10,26.2,61,9,15.6,23.72,0.0,28.0
2014-05-11,23.2,69,9,16.3,25.03,0.6,24.0
2014-05-12,21.9,75,16,15.6,22.69,0.3,24.0
2014-05-13,22.5,78,34,16.6,22.37,0.8,24.0
2014-05-14,23.6,70,9,13.2,28.17,0.0,25.0
2014-05-15,28.2,60,34,12.2,29.02,0.0,30.0
2014-05-16,28.1,57,56,13.3,26.3,0.0,28.0
2014-05-17,25.8,66,3,15.0,27.99,0.0,26.0
2014-05-18,23.4,67,27,16.4,28.26,0.0,24.0
2014-05-19,23.4,66,68,16.1,26.22,0.0,25.0
2014-05-20,25.8,66,42,13.8,26.01,0.0,26.0
2014-05-21,33.2,50,10,24.1,26.88,0.0,33.0
2014-05-22,25.5,73,12,13.8,24.01,0.0,26.0
2014-05-23,26.5,68,4,14.8,27.46,0.0,26.0
2014-05-24,26.5,69,3,16.2,28.0,0.0,26.0
2014-05-25,26.6,67,24,15.6,28.61,0.0,26.0
2014-05-26,26.6,69,7,15.1,28.0,0.0,27.0
2014-05-27,32.1,50,1,13.0,28.79,0.0,33.0
2014-05-28,29.5,55,24,18.0,27.86,0.0,28.0
2014-05-29,28.0,68,87,15.2,26.15,0.0,28.0
2014-05-30,35.5,44,12,7.7,29.4,0.0,35.0
2014-05-31,29.1,51,26,18.1,25.52,0.0,30.0
2014-06-01,25.3,66,15,16.4,26.68,0.0,26.0
2014-06-02,25.6,65,15,17.2,26.45,0.0,26.0
2014-06-03,29.7,52,23,15.6,28.23,0.0,30.0
2014-06-04,40.7,29,44,12.4,28.14,0.0,42.0
2014-06-05,31.8,62,53,19.4,23.37,0.0,32.0
2014-06-06,25.5,71,30,17.7,21.6,0.3,26.0
2014-06-07,26.2,68,17,16.6,24.78,0.0,27.0
2014-06-08,27.6,61,2,14.6,28.38,0.0,28.0
2014-06-09,28.4,65,7,16.6,28.54,0.0,27.0
2014-06-10,27.2,70,4,18.2,28.38,0.0,27.0
2014-06-11,27.6,70,11,19.1,27.93,0.0,27.0
2014-06-12,26.4,69,11,17.4,26.11,0.1,28.0
2014-06-13,27.4,71,23,14.5,23.48,0.0,28.0
2014-06-14,30.8,62,4,16.8,28.79,0.0,30.0
2014-06-15,30.7,57,0,17.7,29.48,0.0,31.0
2014-06-16,32.1,49,0,14.3,29.26,0.0,32.0
2014-06-17,32.2,46,0,19.1,29.26,0.0,32.0
2014-06-18,29.7,72,7,16.9,28.24,0.0,29.0
2014-06-19,31.1,66,1,14.5,28.49,0.0,32.0
2014-06-20,34.8,58,1,18.9,29.05,0.0,36.0
2014-06-21,28.3,67,20,17.7,27.21,0.0,28.0
2014-06-22,28.6,66,12,16.8,28.66,0.0,28.0
2014-06-23,29.0,68,5,17.0,28.38,0.0,28.0
2014-06-24,29.5,71,11,17.5,28.64,0.0,29.0
2014-06-25,31.0,68,6,19.1,28.82,0.0,31.0
2014-06-26,31.9,64,2,13.8,29.07,0.0,31.0
2014-06-27,35.8,52,0,15.3,29.3,0.0,34.0
2014-06-28,35.8,46,0,15.3,28.99,0.0,35.0
2014-06-29,34.6,49,0,16.2,28.82,0.0,35.0
2014-06-30,31.9,67,5,14.6,28.28,0.0,31.0
2014-07-01,30.6,64,2,15.6,28.75,0.0,30.0
2014-07-02,31.9,64,4,16.3,28.46,0.0,31.0
2014-07-03,30.8,69,7,16.7,28.13,0.0,31.0
2014-07-04,31.6,66,8,16.9,27.84,0.0,31.0
2014-07-05,29.8,63,18,17.4,27.55,0.0,30.0
2014-07-06,30.8,60,2,16.3,28.09,0.0,31.0
2014-07-07,31.3,67,2,17.4,27.78,0.0,30.0
2014-07-08,31.3,70,9,16.6,27.88,0.0,31.0
2014-07-09,31.6,66,4,16.6,28.24,0.0,31.0
2014-07-10,33.4,58,0,17.0,28.66,0.0,33.0
2014-07-11,32.3,55,2,16.2,28.85,0.0,33.0
2014-07-12,34.8,53,0,14.8,28.63,0.0,36.0
2014-07-13,29.6,69,14,18.0,26.49,0.0,30.0
2014-07-14,29.2,68,25,19.9,25.43,0.0,30.0
2014-07-15,30.3,70,17,17.5,25.4,0.0,31.0
2014-07-16,30.2,68,10,17.6,26.89,0.0,31.0
2014-07-17,29.8,68,13,17.7,26.64,0.0,30.0
2014-07-18,29.6,67,14,17.2,27.0,0.0,30.0
2014-07-19,29.5,66,33,18.9,25.55,0.0,30.0
2014-07-20,29.5,69,27,20.9,23.79,0.3,30.0
2014-07-21,28.9,73,24,17.0,22.53,0.5,30.0
2014-07-22,30.4,68,7,15.7,25.08,0.0,30.0
2014-07-23,31.7,68,5,16.8,26.95,0.0,32.0
2014-07-24,31.2,70,6,18.2,27.7,0.0,32.0
2014-07-25,30.0,70,15,15.8,26.31,0.0,31.0
2014-07-26,30.8,65,6,16.5,27.02,0.0,31.0
2014-07-27,30.9,64,2,16.1,26.71,0.0,32.0
2014-07-28,30.7,73,13,16.6,26.45,0.0,31.0
2014-07-29,31.5,72,9,17.1,26.52,0.0,32.0
2014-07-30,32.2,66,5,16.9,27.51,0.0,33.0
2014-07-31,31.4,69,15,15.9,27.38,0.0,32.0
2014-08-01,31.6,64,6,14.3,27.85,0.0,32.0
2014-08-02,31.4,66,6,17.3,27.12,0.0,32.0
2014-08-03,30.8,66,15,18.4,25.31,0.0,32.0
2014-08-04,30.1,68,30,18.7,23.09,0.2,31.0
2014-08-05,30.6,70,21,20.0,23.09,0.0,32.0
2014-08-06,32.0,66,11,16.9,25.51,0.0,32.0
2014-08-07,33.1,56,2,16.1,27.64,0.0,34.0
2014-08-08,31.5,67,9,18.4,26.63,0.0,32.0
2014-08-09,30.6,68,29,18.0,22.9,0.0,31.0
2014-08-10,31.5,67,24,15.8,24.09,0.0,31.0
2014-08-11,31.9,67,5,14.4,26.68,0.0,32.0
2014-08-12,32.5,67,1,16.1,26.43,0.0,32.0
2014-08-13,33.3,70,3,15.2,26.16,0.0,33.0
2014-08-14,33.0,72,2,15.8,26.19,0.0,33.0
2014-08-15,32.3,72,7,17.0,25.73,0.0,32.0
2014-08-16,30.9,70,14,17.0,24.63,0.0,32.0
2014-08-17,33.0,65,2,12.8,26.22,0.0,32.0
2014-08-18,32.0,71,12,16.9,24.89,0.0,32.0
2014-08-19,32.2,67,10,15.9,24.68,0.0,33.0
2014-08-20,33.0,59,1,15.8,25.97,0.0,33.0
2014-08-21,32.2,61,3,16.3,26.36,0.0,32.0
2014-08-22,32.3,72,12,16.1,24.9,0.0,32.0
2014-08-23,33.3,73,15,15.1,25.05,0.0,33.0
2014-08-24,34.1,66,2,14.8,25.62,0.0,34.0
2014-08-25,34.0,62,1,15.6,25.68,0.0,34.0
2014-08-26,33.0,66,3,17.2,25.23,0.0,33.0
2014-08-27,32.5,62,2,15.5,25.34,0.0,33.0
2014-08-28,32.0,64,3,15.9,24.24,0.0,31.0
2014-08-29,32.1,67,6,15.9,24.59,0.0,31.0
2014-08-30,32.0,73,9,14.8,24.04,0.0,32.0
2014-08-31,32.9,77,37,16.6,22.2,0.0,31.0
2014-09-01,30.4,76,41,19.1,20.97,0.0,31.0
2014-09-02,31.1,67,20,17.6,22.76,0.0,31.0
2014-09-03,31.6,65,7,16.0,23.95,0.0,31.0
2014-09-04,32.2,68,6,14.8,24.25,0.0,32.0
2014-09-05,31.5,67,3,18.1,23.34,0.0,31.0
2014-09-06,30.6,66,11,16.1,21.78,0.0,31.0
2014-09-07,30.3,66,20,18.4,19.54,0.0,31.0
2014-09-08,30.3,66,16,18.3,21.07,0.0,30.0
2014-09-09,30.0,69,21,16.3,19.09,0.0,31.0
2014-09-10,30.8,69,16,17.8,21.54,0.0,31.0
2014-09-11,30.4,69,16,16.9,21.72,0.0,30.0
2014-09-12,30.1,70,15,17.1,21.41,0.0,30.0
2014-09-13,30.2,68,10,17.6,21.8,0.0,30.0
2014-09-14,29.7,66,18,17.7,21.23,0.0,30.0
2014-09-15,30.0,67,21,17.7,18.33,0.0,30.0
2014-09-16,30.5,67,7,16.5,21.66,0.0,31.0
2014-09-17,37.0,52,1,12.0,22.24,0.0,38.0
2014-09-18,29.6,70,12,17.2,19.53,0.0,30.0
2014-09-19,29.4,69,20,16.1,18.84,0.0,30.0
2014-09-20,28.9,70,18,17.6,17.89,0.0,30.0
2014-09-21,29.6,64,11,18.5,19.38,0.0,30.0
2014-09-22,29.7,64,10,15.3,20.58,0.0,30.0
2014-09-23,30.2,70,10,14.9,20.41,0.0,30.0
2014-09-24,31.8,71,5,13.1,21.3,0.0,31.0
2014-09-25,30.6,69,9,17.7,20.16,0.0,30.0
2014-09-26,29.1,74,20,16.9,17.38,0.3,30.0
2014-09-27,34.0,55,4,10.4,20.83,0.0,35.0
2014-09-28,27.3,66,28,17.7,15.17,2.6,27.0
2014-09-29,26.8,65,22,14.1,15.65,0.3,28.0
2014-09-30,27.8,67,13,16.9,17.51,0.0,28.0
2014-10-01,28.4,63,13,16.9,17.01,0.5,29.0
2014-10-02,27.2,67,21,16.9,16.08,1.1,28.0
2014-10-03,28.5,65,6,15.3,18.32,0.0,28.0
2014-10-04,28.7,64,1,15.5,20.07,0.0,28.0
2014-10-05,28.1,67,4,13.2,19.81,0.0,28.0
2014-10-06,29.6,64,0,12.5,20.19,0.0,29.0
2014-10-07,32.3,59,0,10.1,19.94,0.0,30.0
2014-10-08,32.6,65,32,13.6,17.55,0.0,31.0
2014-10-09,29.5,71,14,15.8,18.39,0.0,29.0
2014-10-10,31.8,64,22,12.0,15.95,0.9,30.0
2014-10-11,27.6,77,34,13.2,15.42,4.4,28.0
2014-10-12,27.2,72,15,13.2,15.43,0.0,28.0
2014-10-13,27.3,70,13,14.1,15.6,0.0,28.0
2014-10-14,25.6,71,23,13.8,14.53,0.2,27.0
2014-10-15,25.1,70,25,11.3,13.92,0.7,27.0
2014-10-16,25.4,71,19,14.4,14.07,0.0,26.0
2014-10-17,27.4,70,3,14.4,17.28,0.0,27.0
2014-10-18,26.7,73,21,19.2,14.88,0.1,28.0
2014-10-19,24.4,81,56,17.9,10.58,8.1,27.0
2014-10-20,24.3,61,20,21.7,13.43,0.0,25.0
2014-10-21,25.6,58,5,8.7,17.68,0.0,26.0
2014-10-22,27.9,57,42,9.1,16.43,0.0,27.0
2014-10-23,26.1,69,27,14.3,15.55,0.0,27.0
2014-10-24,28.5,61,0,10.5,17.25,0.0,29.0
2014-10-25,29.5,55,0,10.8,17.32,0.0,31.0
2014-10-26,30.2,58,0,11.2,17.08,0.0,30.0
2014-10-27,28.9,60,17,13.5,16.67,0.0,30.0
2014-10-28,27.2,75,52,14.2,13.49,0.0,27.0
2014-10-29,26.0,74,19,13.9,14.22,0.0,26.0
2014-10-30,23.6,77,28,14.7,11.6,2.8,26.0
2014-10-31,21.7,79,44,15.3,11.41,4.2,23.0
2014-11-01,22.4,75,48,17.8,11.63,0.6,24.0
2014-11-02,29.4,55,45,18.2,14.09,0.0,30.0
2014-11-03,20.9,81,54,16.9,9.76,4.8,24.0
2014-11-04,21.0,83,57,17.6,11.13,3.3,24.0
2014-11-05,22.7,77,34,5.6,11.3,0.3,24.0
2014-11-06,25.8,58,5,10.0,15.58,0.0,27.0
2014-11-07,24.5,34,29,16.1,16.3,0.0,26.0
2014-11-08,26.3,23,14,17.3,16.02,0.0,29.0
2014-11-09,29.1,26,0,15.0,15.64,0.0,29.0
2014-11-10,27.0,47,0,7.4,15.3,0.0,26.0
2014-11-11,25.8,73,53,8.4,13.84,0.0,25.0
2014-11-12,24.7,72,53,8.7,13.26,0.0,25.0
2014-11-13,24.1,75,62,9.7,12.24,0.0,26.0
2014-11-14,25.7,66,50,4.8,12.36,0.0,27.0
2014-11-15,24.3,68,8,13.0,14.3,0.2,25.0
2014-11-16,20.5,83,80,17.1,8.4,5.6,22.0
2014-11-17,20.6,83,53,11.6,8.43,2.1,23.0
2014-11-18,24.0,73,19,8.2,12.84,0.0,24.0
2014-11-19,26.7,56,28,11.7,14.07,0.0,27.0
2014-11-20,26.7,50,32,11.7,13.9,0.0,27.0
2014-11-21,21.7,82,35,22.1,10.16,1.7,23.0
2014-11-22,20.1,70,36,28.1,9.94,3.0,22.0
2014-11-23,17.9,77,60,11.6,7.82,2.3,20.0
2014-11-24,17.1,84,66,12.6,7.8,3.7,16.0
2014-11-25,17.6,84,52,17.3,9.9,3.2,19.0
2014-11-26,16.4,89,79,27.3,8.59,22.6,17.0
2014-11-27,16.7,89,71,16.4,7.06,13.2,19.0
2014-11-28,18.7,80,28,9.5,10.0,0.1,22.0
2014-11-29,19.7,77,76,8.1,9.43,0.0,21.0
2014-11-30,20.4,82,21,8.7,11.78,0.0,23.0
2014-12-01,20.1,85,32,10.4,9.73,0.0,22.0
2014-12-02,22.1,77,9,8.6,12.2,0.0,25.0
2014-12-03,24.9,64,88,10.8,10.21,0.0,27.0
2014-12-04,26.8,55,17,12.2,12.02,0.0,29.0
2014-12-05,25.0,70,38,6.9,12.56,0.0,26.0
2014-12-06,24.1,74,28,6.6,12.51,0.0,25.0
2014-12-07,23.1,74,33,6.4,12.21,0.0,23.0
2014-12-08,25.1,71,61,9.7,10.55,0.0,24.0
2014-12-09,22.2,65,48,10.7,10.48,1.9,23.0
2014-12-10,21.3,61,0,8.4,12.77,0.0,23.0
2014-12-11,24.0,62,74,15.0,11.49,0.0,26.0
2014-12-12,23.7,64,50,16.1,10.74,0.9,24.0
2014-12-13,19.1,65,22,13.6,12.46,0.2,20.0
2014-12-14,17.0,85,55,14.6,5.59,5.8,18.0
2014-12-15,18.8,83,32,7.4,9.45,0.4,21.0
2014-12-16,20.6,75,11,7.8,11.92,0.0,24.0
2014-12-17,21.3,60,81,13.2,11.52,0.0,22.0
2014-12-18,21.3,58,100,10.5,6.33,0.0,21.0
2014-12-19,19.4,77,98,10.9,6.65,0.0,19.0
2014-12-20,19.0,80,37,12.7,9.33,0.8,20.0
2014-12-21,17.6,81,37,9.2,9.93,0.7,20.0
2014-12-22,17.8,82,50,17.7,8.64,4.2,18.0
2014-12-23,17.6,75,43,14.7,8.79,2.0,18.0
2014-12-24,19.2,66,16,7.8,11.74,0.0,21.0
2014-12-25,20.6,61,0,12.3,12.64,0.0,22.0
2014-12-26,20.9,59,2,12.8,12.61,0.0,21.0
2014-12-27,18.9,78,19,9.8,10.71,0.0,21.0
2014-12-28,18.0,71,15,17.2,10.88,0.0,19.0
2014-12-29,19.5,58,2,8.4,12.68,0.0,20.0
2014-12-30,19.2,69,17,6.2,12.52,0.0,21.0
2014-12-31,20.2,59,9,5.8,13.15,0.0,
2015-01-01,19.1,65,53,19.9,9.73,1.4,20.0
2015-01-02,16.2,74,70,11.6,8.64,0.0,17.0
2015-01-03,15.4,85,63,16.9,9.25,4.1,18.0
2015-01-04,13.6,91,63,17.8,5.25,4.6,14.0
2015-01-05,17.3,65,28,21.0,12.5,0.2,18.0
2015-01-06,16.0,51,27,33.9,10.01,0.0,16.0
2015-01-07,11.2,75,76,36.1,4.24,14.1,12.0
2015-01-08,11.8,78,61,24.4,8.99,10.1,13.0
2015-01-09,8.4,81,75,15.6,4.84,7.9,8.0
2015-01-10,11.1,71,59,20.5,9.55,1.5,11.0
2015-01-11,13.4,83,54,27.7,8.4,20.1,16.0
2015-01-12,15.0,75,22,11.8,12.83,0.0,15.0
2015-01-13,17.2,64,26,12.3,13.63,0.0,21.0
2015-01-14,15.6,71,35,11.6,10.79,3.1,17.0
2015-01-15,13.5,73,46,15.9,10.07,4.4,13.0
2015-01-16,14.3,83,50,14.3,7.2,5.6,11.0
2015-01-17,15.1,75,48,10.8,8.61,1.2,17.0
2015-01-18,17.0,81,14,13.8,13.21,0.0,18.0
2015-01-19,15.9,77,55,7.4,11.11,0.0,17.0
2015-01-20,18.9,69,6,6.0,14.47,0.0,21.0
2015-01-21,22.8,61,0,11.3,14.6,0.0,25.0
2015-01-22,20.9,66,27,6.4,14.74,0.0,21.0
2015-01-23,23.3,57,90,12.4,14.58,0.0,24.0
2015-01-24,24.0,56,61,12.6,14.6,0.0,25.0
2015-01-25,20.6,70,85,5.6,12.42,0.0,22.0
2015-01-26,20.3,74,68,14.7,13.92,0.0,20.0
2015-01-27,21.5,63,95,6.8,11.5,0.0,19.0
2015-01-28,18.3,72,55,15.5,12.99,0.0,19.0
2015-01-29,18.4,70,40,10.0,14.64,0.0,20.0
2015-01-30,16.8,58,2,22.4,15.26,0.0,18.0
2015-01-31,18.6,52,0,7.7,15.86,0.0,20.0
2015-02-01,21.3,55,0,6.1,16.25,0.0,22.0
2015-02-02,22.3,57,27,7.3,15.79,0.0,21.0
2015-02-03,19.9,59,3,15.9,16.16,0.0,21.0
2015-02-04,18.6,78,21,11.3,13.85,0.0,19.0
2015-02-05,22.4,62,19,9.1,16.49,0.0,23.0
2015-02-06,25.0,49,68,12.5,11.78,0.0,25.0
2015-02-07,25.3,50,45,18.3,16.17,0.0,27.0
2015-02-08,17.3,77,69,19.2,12.56,0.0,18.0
2015-02-09,18.0,62,14,20.8,16.22,0.0,19.0
2015-02-10,18.5,45,21,33.0,16.71,0.0,19.0
2015-02-11,13.9,48,36,38.0,14.22,2.4,15.0
2015-02-12,13.4,61,46,24.3,14.08,2.2,14.0
2015-02-13,13.0,70,58,25.3,10.42,6.7,14.0
2015-02-14,15.0,80,62,13.6,12.56,1.7,16.0
2015-02-15,16.0,70,88,8.2,6.4,2.3,17.0
2015-02-16,15.7,81,67,12.8,13.69,4.9,17.0
2015-02-17,16.1,78,32,15.0,14.08,0.1,17.0
2015-02-18,15.0,79,48,18.0,12.45,2.8,15.0
2015-02-19,11.3,84,63,26.2,11.89,12.6,12.0
2015-02-20,11.0,82,82,26.9,12.05,11.6,13.0
2015-02-21,13.2,77,45,16.2,14.55,8.9,14.0
2015-02-22,16.1,70,70,8.0,15.53,0.0,18.0
2015-02-23,18.8,62,99,11.0,10.62,0.0,21.0
2015-02-24,21.4,61,76,14.2,12.09,1.0,22.0
2015-02-25,18.2,78,9,13.3,16.51,0.0,20.0
2015-02-26,23.3,66,26,15.8,19.46,0.0,25.0
2015-02-27,26.9,44,36,18.0,19.03,0.0,30.0
2015-02-28,18.1,73,22,14.6,17.28,0.0,19.0
2015-03-01,17.8,71,12,11.9,18.38,0.0,20.0
2015-03-02,17.2,77,59,15.9,14.39,0.1,19.0
2015-03-03,18.7,74,37,13.6,18.54,0.0,19.0
2015-03-04,17.2,85,59,12.4,11.56,1.8,18.0
2015-03-05,20.4,72,22,11.1,18.62,0.0,21.0
2015-03-06,25.7,49,0,18.8,20.9,0.0,27.0
2015-03-07,27.7,38,14,19.6,21.13,0.0,30.0
2015-03-08,25.9,54,24,10.9,20.67,0.0,27.0
2015-03-09,28.0,55,60,6.6,20.24,0.0,29.0
2015-03-10,25.5,62,77,6.5,18.3,0.0,24.0
2015-03-11,24.3,70,47,14.1,19.72,0.7,23.0
2015-03-12,16.4,80,53,21.8,12.68,11.3,18.0
2015-03-13,19.2,67,18,11.6,18.64,0.0,21.0
2015-03-14,20.1,73,0,14.8,21.73,0.0,20.0
2015-03-15,18.6,75,29,17.1,17.18,0.0,20.0
2015-03-16,18.3,70,37,14.6,19.72,0.0,19.0
2015-03-17,19.8,69,19,12.3,20.57,0.0,19.0
2015-03-18,21.4,73,24,13.6,22.23,0.0,22.0
2015-03-19,18.2,76,37,18.2,18.43,0.3,19.0
2015-03-20,17.4,70,41,21.0,19.29,0.1,18.0
2015-03-21,17.1,69,37,22.1,16.7,3.1,19.0
2015-03-22,18.1,60,25,22.1,20.31,0.0,18.0
2015-03-23,20.1,64,56,9.2,20.94,0.0,21.0
2015-03-24,23.0,57,21,11.7,23.19,0.0,23.0
2015-03-25,24.7,57,65,15.0,21.65,0.0,25.0
2015-03-26,26.1,54,36,9.3,23.8,0.0,25.0
2015-03-27,29.1,35,82,17.7,16.55,0.0,32.0
2015-03-28,25.8,41,68,20.3,19.05,1.0,29.0
2015-03-29,24.0,72,15,18.6,19.69,0.2,25.0
2015-03-30,21.4,70,21,21.0,21.78,0.0,21.0
2015-03-31,21.3,65,25,14.9,20.26,0.0,22.0
2015-04-01,19.4,80,62,16.9,15.51,5.0,19.0
2015-04-02,21.0,69,73,11.6,21.51,0.0,23.0
2015-04-03,23.4,65,47,15.5,21.52,0.0,23.0
2015-04-04,20.0,74,25,16.2,20.93,0.6,20.0
2015-04-05,22.3,69,10,11.1,22.91,0.0,23.0
2015-04-06,24.0,66,10,13.0,25.36,0.0,23.0
2015-04-07,28.5,49,7,12.9,25.15,0.0,29.0
2015-04-08,35.6,39,19,21.3,24.36,0.0,38.0
2015-04-09,27.0,57,37,25.3,20.47,0.0,29.0
2015-04-10,17.4,70,34,22.2,20.36,1.3,18.0
2015-04-11,15.2,79,55,20.9,15.65,7.9,17.0
2015-04-12,14.5,83,69,20.2,18.53,12.1,16.0
2015-04-13,19.0,65,27,22.2,21.56,0.0,19.0
2015-04-14,20.0,68,33,12.9,20.46,0.0,20.0
2015-04-15,25.0,64,18,17.2,24.93,0.4,25.0
2015-04-16,20.9,80,44,14.1,20.22,2.7,23.0
2015-04-17,20.8,78,14,14.5,23.06,0.0,21.0
2015-04-18,21.9,74,19,14.3,26.07,0.0,22.0
2015-04-19,23.4,66,1,11.5,26.87,0.0,24.0
2015-04-20,30.5,43,2,17.0,26.87,0.0,31.0
2015-04-21,22.6,63,3,17.0,26.24,0.0,22.0
2015-04-22,20.7,75,46,18.9,21.34,0.0,21.0
2015-04-23,18.0,60,32,33.2,21.6,1.2,19.0
2015-04-24,19.2,53,19,22.7,25.65,0.2,19.0
2015-04-25,24.8,55,0,11.8,27.96,0.0,23.0
2015-04-26,27.9,49,0,11.0,27.78,0.0,26.0
2015-04-27,31.8,43,1,9.1,26.98,0.0,32.0
2015-04-28,32.5,37,0,10.0,27.55,0.0,30.0
2015-04-29,34.2,44,0,12.0,27.81,0.0,33.0
2015-04-30,23.4,67,4,15.0,26.94,0.0,23.0
2015-05-01,22.7,68,4,13.7,26.67,0.0,23.0
2015-05-02,23.1,68,15,13.8,26.89,0.0,23.0
2015-05-03,24.3,71,22,16.0,26.98,0.0,24.0
2015-05-04,21.8,73,42,14.8,26.11,0.0,22.0
2015-05-05,25.2,72,16,14.8,26.46,0.0,23.0
2015-05-06,26.4,70,10,14.0,26.45,0.0,25.0
2015-05-07,26.5,64,0,11.6,28.05,0.0,25.0
2015-05-08,26.7,62,2,15.1,27.77,0.0,26.0
2015-05-09,30.5,44,12,14.4,27.06,0.0,31.0
2015-05-10,23.6,75,36,18.2,22.82,0.0,24.0
2015-05-11,26.9,57,36,14.8,22.56,0.0,26.0
2015-05-12,24.8,65,13,14.4,24.58,0.5,25.0
2015-05-13,28.2,61,11,14.6,24.51,0.5,27.0
2015-05-14,23.2,73,23,16.0,21.29,0.2,24.0
2015-05-15,24.7,69,15,16.1,25.91,0.0,25.0
2015-05-16,29.8,56,0,15.0,29.12,0.0,27.0
2015-05-17,35.8,40,0,14.3,29.4,0.0,34.0
2015-05-18,39.9,20,5,18.5,29.34,0.0,41.0
2015-05-19,37.1,32,0,12.4,28.91,0.0,32.0
2015-05-20,30.8,53,0,16.1,29.2,0.0,31.0
2015-05-21,25.3,71,12,16.8,27.5,0.0,25.0
2015-05-22,25.5,69,29,16.8,25.42,0.0,25.0
2015-05-23,27.3,66,20,15.6,27.23,0.0,27.0
2015-05-24,32.6,45,8,17.3,28.49,0.0,34.0
2015-05-25,35.8,34,5,15.5,28.05,0.0,37.0
2015-05-26,32.1,44,30,16.8,28.31,0.0,31.0
2015-05-27,41.8,24,43,15.0,27.87,0.0,43.0
2015-05-28,30.4,52,63,17.9,23.72,0.0,30.0
2015-05-29,25.8,64,22,17.9,26.04,0.0,26.0
2015-05-30,24.9,67,22,17.7,22.86,0.1,25.0
2015-05-31,26.9,64,9,17.2,27.91,0.0,26.0
2015-06-01,26.6,73,7,16.7,28.21,0.0,25.0
2015-06-02,26.4,67,7,13.0,28.0,0.0,27.0
2015-06-03,28.0,62,3,15.0,29.29,0.0,27.0
2015-06-04,26.5,66,8,16.5,29.15,0.0,26.0
2015-06-05,26.5,67,13,18.4,27.88,0.0,26.0
2015-06-06,27.2,65,27,16.3,28.32,0.0,27.0
2015-06-07,29.8,60,15,13.6,28.85,0.0,29.0
2015-06-08,38.1,36,0,12.9,28.95,0.0,35.0
2015-06-09,29.9,60,3,16.7,28.22,0.0,29.0
2015-06-10,26.9,73,17,18.0,27.07,0.0,27.0
2015-06-11,27.9,69,26,18.7,25.86,0.0,27.0
2015-06-12,27.3,69,9,17.3,28.15,0.0,27.0
2015-06-13,27.2,70,10,16.4,28.3,0.0,27.0
2015-06-14,27.2,70,11,15.9,27.77,0.0,27.0
2015-06-15,27.9,72,15,16.7,27.71,0.0,28.0
2015-06-16,29.0,70,8,15.7,27.68,0.0,29.0
2015-06-17,30.7,64,2,15.6,28.61,0.0,31.0
2015-06-18,31.6,57,5,17.0,29.04,0.0,32.0
2015-06-19,29.5,51,2,19.8,28.89,0.0,30.0
2015-06-20,27.5,74,25,18.2,22.26,1.0,28.0
2015-06-21,27.7,71,32,17.0,24.5,0.0,28.0
2015-06-22,28.2,69,10,16.8,28.18,0.0,28.0
2015-06-23,27.6,71,24,17.6,27.54,0.0,28.0
2015-06-24,27.3,70,27,19.4,25.76,0.0,27.0
2015-06-25,27.5,67,24,18.1,26.1,0.0,27.0
2015-06-26,28.0,70,25,20.1,26.16,0.0,28.0
2015-06-27,33.1,51,19,13.8,28.29,0.0,33.0
2015-06-28,29.1,64,12,22.1,25.39,0.2,28.0
2015-06-29,28.8,64,10,17.6,26.58,0.0,28.0
2015-06-30,28.8,64,6,17.8,27.85,0.0,28.0
2015-07-01,30.1,65,2,14.9,28.79,0.0,29.0
2015-07-02,29.6,71,9,17.2,27.24,0.0,29.0
2015-07-03,28.5,74,24,16.1,27.34,0.0,29.0
2015-07-04,29.9,66,13,13.3,28.85,0.0,30.0
2015-07-05,31.8,60,0,14.7,29.07,0.0,32.0
2015-07-06,30.8,68,1,16.4,27.93,0.0,30.0
2015-07-07,28.2,71,13,16.0,27.97,0.0,29.0
2015-07-08,28.7,67,8,14.8,28.1,0.0,29.0
2015-07-09,30.5,62,2,15.2,29.08,0.0,31.0
2015-07-10,29.5,63,2,15.8,28.77,0.0,30.0
2015-07-11,29.8,70,16,17.0,26.96,0.0,30.0
2015-07-12,29.9,68,12,16.7,27.64,0.0,30.0
2015-07-13,30.3,66,4,16.2,27.86,0.0,30.0
2015-07-14,31.3,74,11,17.6,27.33,0.0,31.0
2015-07-15,31.4,72,2,15.9,27.8,0.0,31.0
2015-07-16,32.4,66,4,18.0,28.09,0.0,32.0
2015-07-17,31.7,64,1,17.3,27.73,0.0,31.0
2015-07-18,32.4,69,4,17.6,27.58,0.0,31.0
2015-07-19,32.0,70,4,16.6,27.49,0.0,31.0
2015-07-20,31.8,69,14,15.5,27.93,0.0,31.0
2015-07-21,32.0,67,7,15.9,27.88,0.0,31.0
2015-07-22,33.0,66,0,15.9,27.95,0.0,32.0
2015-07-23,34.7,59,1,16.5,28.0,0.0,35.0
2015-07-24,37.2,46,0,19.0,28.17,0.0,36.0
2015-07-25,33.9,59,0,18.5,27.75,0.0,33.0
2015-07-26,32.2,68,2,18.1,27.29,0.0,32.0
2015-07-27,31.7,71,6,17.4,27.04,0.0,31.0
2015-07-28,31.1,71,17,15.4,26.67,0.0,31.0
2015-07-29,33.4,62,4,14.8,28.0,0.0,32.0
2015-07-30,34.1,56,0,14.8,27.73,0.0,33.0
2015-07-31,34.0,58,3,15.2,26.5,0.0,34.0
2015-08-01,34.7,65,1,14.6,26.86,0.0,34.0
2015-08-02,39.5,57,18,15.5,26.01,0.0,36.0
2015-08-03,35.1,70,20,13.4,25.99,0.0,34.0
2015-08-04,35.0,72,15,15.3,26.2,0.0,34.0
2015-08-05,34.4,70,6,17.1,26.43,0.0,35.0
2015-08-06,32.3,67,14,16.7,27.03,0.0,32.0
2015-08-07,36.3,51,2,15.2,27.21,0.0,37.0
2015-08-08,37.0,46,0,18.1,27.08,0.0,38.0
2015-08-09,34.0,62,2,19.1,26.83,0.0,33.0
2015-08-10,32.4,68,7,17.6,26.07,0.0,33.0
2015-08-11,32.0,68,20,17.7,25.06,0.0,32.0
2015-08-12,32.2,67,8,17.5,25.93,0.0,32.0
2015-08-13,31.9,69,13,15.8,25.58,0.0,32.0
2015-08-14,32.8,69,9,15.5,26.44,0.0,32.0
2015-08-15,35.2,67,10,18.7,26.29,0.0,33.0
2015-08-16,39.2,51,0,16.4,26.32,0.0,37.0
2015-08-17,36.2,51,0,18.3,26.05,0.0,35.0
2015-08-18,34.0,70,13,16.9,25.7,0.0,34.0
2015-08-19,32.7,72,22,14.5,25.34,0.0,33.0
2015-08-20,32.9,70,8,15.3,25.97,0.0,33.0
2015-08-21,31.6,71,20,14.2,24.56,0.0,32.0
2015-08-22,31.7,69,8,14.7,25.64,0.0,32.0
2015-08-23,31.9,71,19,15.3,25.07,0.0,32.0
2015-08-24,30.7,72,22,16.8,23.81,0.0,32.0
2015-08-25,30.5,70,24,16.8,21.88,0.2,31.0
2015-08-26,32.8,66,11,16.8,23.84,0.0,31.0
2015-08-27,33.0,70,13,18.6,24.13,0.0,32.0
2015-08-28,32.9,69,14,18.9,24.9,0.0,32.0
2015-08-29,32.6,69,8,17.6,24.53,0.0,32.0
2015-08-30,32.0,72,9,19.8,23.37,0.0,32.0
2015-08-31,31.5,72,14,16.7,20.63,0.2,32.0
2015-09-01,32.9,67,9,14.9,24.36,0.0,32.0
2015-09-02,33.2,69,10,15.0,24.07,0.0,33.0
2015-09-03,32.7,74,15,16.7,23.65,0.0,33.0
2015-09-04,31.0,70,9,18.1,23.23,0.0,32.0
2015-09-05,30.4,71,4,16.1,23.32,0.0,31.0
2015-09-06,31.2,72,18,15.3,22.29,0.0,31.0
2015-09-07,33.2,74,3,14.4,22.74,0.0,32.0
2015-09-08,36.3,68,5,15.1,22.76,0.0,33.0
2015-09-09,36.5,52,0,14.8,23.49,0.0,36.0
2015-09-10,37.1,50,0,17.2,23.71,0.0,35.0
2015-09-11,34.1,70,1,11.5,23.21,0.0,34.0
2015-09-12,33.9,69,5,14.1,23.11,0.0,35.0
2015-09-13,33.5,70,14,14.6,22.11,0.0,33.0
2015-09-14,32.9,69,24,14.2,20.7,0.0,32.0
2015-09-15,32.3,75,17,13.5,20.34,0.3,32.0
2015-09-16,32.3,75,24,15.9,19.09,1.6,32.0
2015-09-17,33.2,65,1,16.7,22.68,0.0,32.0
2015-09-18,33.7,64,1,17.7,22.38,0.0,32.0
2015-09-19,34.4,56,3,17.8,22.36,0.0,34.0
2015-09-20,35.9,39,1,17.4,21.54,0.0,37.0
2015-09-21,29.6,70,15,16.0,17.06,0.2,31.0
2015-09-22,34.8,55,7,11.8,21.96,0.0,34.0
2015-09-23,35.9,50,0,16.9,21.91,0.0,37.0
2015-09-24,35.1,56,43,19.5,20.46,0.0,34.0
2015-09-25,33.4,47,3,17.0,21.28,0.0,34.0
2015-09-26,31.9,59,1,16.6,20.93,0.0,32.0
2015-09-27,30.0,68,5,15.8,20.68,0.0,30.0
2015-09-28,30.1,70,7,15.1,20.3,0.0,30.0
2015-09-29,30.1,75,37,16.3,17.73,0.7,31.0
2015-09-30,31.5,69,56,10.9,18.09,0.1,32.0
2015-10-01,32.9,70,27,17.4,19.72,0.0,30.0
2015-10-02,31.3,74,12,16.5,18.79,0.0,30.0
2015-10-03,31.4,72,3,13.3,19.41,0.0,30.0
2015-10-04,30.4,75,16,13.7,18.64,0.0,30.0
2015-10-05,28.5,77,39,16.1,15.58,0.0,29.0
2015-10-06,27.5,72,38,17.8,15.72,0.0,29.0
2015-10-07,26.1,77,48,19.7,13.29,4.4,27.0
2015-10-08,26.6,72,30,16.6,15.64,0.4,28.0
2015-10-09,27.5,75,28,16.2,15.24,1.0,29.0
2015-10-10,28.0,76,49,13.9,12.53,0.3,29.0
2015-10-11,34.7,61,37,12.4,18.58,0.0,34.0
2015-10-12,32.7,65,59,13.3,17.23,0.0,32.0
2015-10-13,30.1,72,44,12.8,16.1,0.0,30.0
2015-10-14,29.4,73,7,14.3,16.79,0.0,30.0
2015-10-15,29.2,68,3,13.4,18.06,0.0,29.0
2015-10-16,30.2,68,3,13.1,18.12,0.0,29.0
2015-10-17,30.0,73,6,12.5,17.34,0.0,29.0
2015-10-18,31.3,69,60,8.9,16.09,0.0,30.0
2015-10-19,31.5,71,66,13.1,16.1,0.0,30.0
2015-10-20,29.4,68,36,14.5,15.62,0.0,29.0
2015-10-21,28.6,71,13,11.5,16.74,0.0,29.0
2015-10-22,32.0,65,23,10.7,16.19,0.0,30.0
2015-10-23,34.8,46,88,11.5,13.02,0.0,34.0
2015-10-24,31.6,68,42,17.2,15.61,0.0,31.0
2015-10-25,30.8,65,65,16.5,10.18,1.6,27.0
2015-10-26,25.4,77,32,10.5,11.65,3.1,27.0
2015-10-27,23.1,82,65,13.3,9.84,3.8,24.0
2015-10-28,22.8,83,68,10.5,11.43,3.1,24.0
2015-10-29,21.0,83,78,13.0,8.66,2.2,23.0
2015-10-30,22.0,84,46,9.7,10.0,0.6,24.0
2015-10-31,26.0,76,25,10.9,14.04,0.0,27.0
2015-11-01,29.1,63,11,13.0,14.88,0.0,28.0
2015-11-02,29.1,54,16,11.1,13.79,0.0,30.0
2015-11-03,27.7,52,33,23.1,13.46,1.1,29.0
2015-11-04,25.9,49,33,24.0,13.74,2.1,25.0
2015-11-05,24.1,67,36,12.8,11.54,3.2,24.0
2015-11-06,21.6,83,75,7.3,5.11,8.1,23.0
2015-11-07,22.1,84,67,8.7,7.66,4.7,23.0
2015-11-08,22.9,84,46,13.0,11.69,1.6,24.0
2015-11-09,21.5,81,50,15.6,10.56,1.9,23.0
2015-11-10,22.1,77,28,18.8,11.37,0.8,23.0
2015-11-11,21.6,68,22,12.4,11.33,0.2,23.0
2015-11-12,23.8,65,1,7.1,14.92,0.0,24.0
2015-11-13,26.6,49,0,10.3,15.06,0.0,28.0
2015-11-14,27.5,41,38,12.8,15.02,0.0,29.0
2015-11-15,28.6,41,99,14.0,11.07,0.0,32.0
2015-11-16,25.1,69,62,13.3,11.29,4.2,23.0
2015-11-17,19.4,92,90,14.2,5.54,9.3,19.0
2015-11-18,22.1,83,33,10.9,11.62,0.0,23.0
2015-11-19,22.5,76,15,8.9,11.61,0.1,23.0
2015-11-20,24.4,67,17,8.4,14.3,0.0,25.0
2015-11-21,24.1,54,67,13.6,10.92,0.0,26.0
2015-11-22,25.0,48,21,12.9,13.81,0.0,26.0
2015-11-23,23.4,57,3,12.8,13.08,0.0,24.0
2015-11-24,24.6,52,0,10.6,13.89,0.0,25.0
2015-11-25,23.2,47,71,21.0,12.52,0.0,25.0
2015-11-26,26.0,51,98,14.3,9.93,0.0,27.0
2015-11-27,25.9,60,34,11.1,13.32,0.0,27.0
2015-11-28,25.0,68,93,7.4,10.44,0.0,24.0
2015-11-29,22.9,72,35,11.8,11.97,0.0,24.0
2015-11-30,20.3,79,32,15.8,9.61,0.9,22.0
2015-12-01,18.9,82,62,13.3,8.75,4.6,21.0
2015-12-02,19.9,72,30,13.9,10.24,0.0,21.0
2015-12-03,18.7,70,41,12.4,6.79,2.6,19.0
2015-12-04,17.4,48,0,10.8,13.38,0.0,18.0
2015-12-05,15.6,41,0,15.2,13.58,0.0,15.0
2015-12-06,16.7,52,1,12.7,13.12,0.0,17.0
2015-12-07,19.1,66,3,7.8,12.46,0.0,19.0
2015-12-08,20.8,58,0,6.3,13.18,0.0,21.0
2015-12-09,20.3,46,0,7.9,13.27,0.0,20.0
2015-12-10,19.4,55,19,5.8,12.77,0.0,19.0
2015-12-11,19.7,68,11,5.9,12.14,0.0,20.0
2015-12-12,19.5,78,42,7.9,8.4,2.1,20.0
2015-12-13,16.6,80,62,5.9,7.56,5.2,17.0
2015-12-14,17.1,81,41,14.3,10.0,4.0,17.0
2015-12-15,19.4,76,24,9.0,10.35,0.0,20.0
2015-12-16,19.4,79,90,6.0,8.61,0.0,20.0
2015-12-17,16.5,78,67,12.0,7.3,7.2,16.0
2015-12-18,17.1,82,56,13.4,6.45,3.9,17.0
2015-12-19,18.7,72,26,6.8,9.96,2.4,19.0
2015-12-20,18.3,73,22,5.8,10.32,0.1,19.0
2015-12-21,19.9,71,10,6.5,11.65,0.0,20.0
2015-12-22,19.9,57,0,10.5,12.74,0.0,20.0
2015-12-23,19.5,56,1,10.4,12.76,0.0,20.0
2015-12-24,18.4,66,9,6.1,11.88,0.0,19.0
2015-12-25,18.0,66,2,8.5,12.68,0.0,18.0
2015-12-26,18.4,83,50,7.5,9.27,0.0,19.0
2015-12-27,20.1,75,26,10.4,10.76,0.0,20.0
2015-12-28,20.3,48,25,19.6,12.88,0.0,21.0
2015-12-29,21.7,49,34,17.1,12.5,0.0,23.0
2015-12-30,17.5,75,38,13.7,8.11,1.0,19.0
2015-12-31,16.8,74,69,23.4,8.59,9.9,17.0
2016-01-01,11.7,80,70,29.5,8.77,18.3,14.0
2016-01-02,12.4,65,54,19.8,7.96,0.0,13.0
2016-01-03,13.6,75,93,21.4,3.24,2.3,14.0
2016-01-04,16.3,78,64,14.8,7.25,0.1,17.0
2016-01-05,18.7,56,25,17.4,12.56,0.0,19.0
2016-01-06,20.2,56,3,11.4,12.86,0.0,22.0
2016-01-07,21.9,56,71,24.0,8.63,0.3,21.0
2016-01-08,16.1,78,72,30.0,6.76,16.5,17.0
2016-01-09,16.5,75,50,18.2,9.96,2.7,18.0
2016-01-10,17.5,72,20,5.1,12.06,0.0,19.0
2016-01-11,18.1,75,52,8.7,10.25,0.2,18.0
2016-01-12,19.0,78,10,5.6,12.89,0.0,20.0
2016-01-13,19.6,78,5,7.1,13.22,0.0,20.0
2016-01-14,17.9,83,36,17.4,10.42,0.3,18.0
2016-01-15,17.6,75,25,9.5,10.6,0.0,19.0
2016-01-16,20.8,67,1,8.5,14.04,0.0,21.0
2016-01-17,22.2,63,27,11.4,13.83,0.0,22.0
2016-01-18,15.4,48,7,27.0,14.23,0.0,15.0
2016-01-19,13.4,71,65,26.3,5.71,5.2,16.0
2016-01-20,15.0,84,55,8.1,7.81,3.1,17.0
2016-01-21,17.8,74,43,6.4,12.37,0.0,18.0
2016-01-22,17.3,79,58,11.2,12.33,0.0,17.0
2016-01-23,15.1,83,50,16.9,8.95,6.6,14.0
2016-01-24,12.1,80,68,27.6,8.81,14.4,13.0
2016-01-25,10.6,81,64,19.4,11.31,7.7,11.0
2016-01-26,10.2,85,61,16.3,11.5,3.3,9.0
2016-01-27,11.4,76,60,9.6,9.34,0.0,12.0
2016-01-28,12.3,55,8,7.9,15.69,0.0,12.0
2016-01-29,14.4,72,28,8.2,12.4,0.0,14.0
2016-01-30,16.6,76,70,3.6,14.14,0.0,16.0
2016-01-31,17.7,65,2,4.3,15.61,0.0,18.0
2016-02-01,17.7,61,51,9.5,15.02,0.0,17.0
2016-02-02,16.7,81,29,14.1,10.94,0.3,18.0
2016-02-03,19.7,73,11,9.3,14.97,0.0,22.0
2016-02-04,22.1,55,4,15.7,16.48,0.0,24.0
2016-02-05,23.7,55,23,14.0,15.99,0.0,24.0
2016-02-06,14.3,87,49,27.2,10.64,9.1,17.0
2016-02-07,12.8,91,76,24.7,10.29,19.4,14.0
2016-02-08,14.1,86,57,10.8,9.49,3.0,13.0
2016-02-09,18.6,71,16,10.1,16.56,0.0,19.0
2016-02-10,16.6,74,41,12.7,14.33,4.3,17.0
2016-02-11,16.3,84,52,10.1,10.53,0.4,17.0
2016-02-12,19.3,73,20,6.8,16.89,0.0,20.0
2016-02-13,21.7,68,15,9.3,16.49,0.0,22.0
2016-02-14,22.5,69,5,7.6,17.14,0.0,22.0
2016-02-15,26.6,56,0,11.4,17.47,0.0,28.0
2016-02-16,27.8,52,0,10.0,17.66,0.0,30.0
2016-02-17,27.8,51,4,11.3,17.9,0.0,30.0
2016-02-18,27.5,51,83,11.9,14.11,0.0,32.0
2016-02-19,26.8,54,25,19.3,18.29,0.0,30.0
2016-02-20,19.2,82,51,13.4,14.31,0.2,23.0
2016-02-21,17.0,85,57,28.8,13.57,7.4,21.0
2016-02-22,15.6,91,82,28.6,11.43,11.8,16.0
2016-02-23,17.0,84,43,12.6,10.84,1.7,18.0
2016-02-24,20.4,71,6,6.7,18.5,0.0,20.0
2016-02-25,23.2,66,39,9.0,17.39,0.0,24.0
2016-02-26,23.5,69,0,7.3,18.97,0.0,22.0
2016-02-27,20.6,77,2,11.2,19.07,0.0,20.0
2016-02-28,22.7,73,33,10.8,18.14,0.0,22.0
2016-02-29,28.1,54,28,13.7,19.93,0.0,29.0
2016-03-01,28.7,45,16,19.0,20.29,0.0,30.0
2016-03-02,28.6,35,74,17.0,16.55,0.0,30.0
2016-03-03,22.1,76,55,17.7,11.1,5.6,19.0
2016-03-04,19.5,69,7,16.0,17.83,0.0,20.0
2016-03-05,22.3,61,9,19.6,20.8,0.0,23.0
2016-03-06,20.0,66,22,11.2,19.53,0.0,20.0
2016-03-07,25.9,54,39,10.8,20.71,0.0,25.0
2016-03-08,23.7,64,49,7.3,20.12,0.0,23.0
2016-03-09,30.0,52,43,10.6,20.62,0.0,32.0
2016-03-10,20.9,66,24,12.1,19.64,0.0,22.0
2016-03-11,23.2,55,11,13.2,21.57,0.0,23.0
2016-03-12,25.6,48,96,9.7,18.57,0.0,24.0
2016-03-13,29.5,46,73,12.6,15.13,0.0,29.0
2016-03-14,22.8,58,26,27.9,19.93,2.0,24.0
2016-03-15,17.7,68,38,29.1,16.19,2.6,19.0
2016-03-16,16.9,74,52,21.6,16.37,5.8,18.0
2016-03-17,17.7,74,48,19.4,18.36,2.0,18.0
2016-03-18,18.0,73,25,13.8,19.15,0.0,19.0
2016-03-19,26.7,55,40,9.3,22.46,0.0,28.0
2016-03-20,18.3,75,43,22.3,19.11,1.4,20.0
2016-03-21,18.4,72,49,19.8,15.97,0.9,19.0
2016-03-22,19.4,69,19,12.7,21.06,0.0,20.0
2016-03-23,27.8,53,30,10.5,23.7,0.0,29.0
2016-03-24,30.5,31,79,14.8,20.31,0.0,31.0
2016-03-25,26.8,44,71,9.7,21.49,0.0,26.0
2016-03-26,26.5,53,100,16.9,9.6,2.6,26.0
2016-03-27,19.5,74,64,18.6,19.07,1.4,19.0
2016-03-28,16.9,75,53,26.2,16.01,7.0,18.0
2016-03-29,17.7,66,52,18.0,17.2,0.0,19.0
2016-03-30,19.6,64,28,16.3,20.38,0.0,19.0
2016-03-31,23.1,65,1,13.9,24.48,0.0,22.0
2016-04-01,26.5,54,2,10.3,24.75,0.0,27.0
2016-04-02,28.6,39,8,11.3,25.24,0.0,29.0
2016-04-03,28.4,40,20,13.0,25.14,0.0,26.0
2016-04-04,26.2,53,4,12.7,25.2,0.0,24.0
2016-04-05,29.0,47,36,10.8,20.13,0.0,29.0
2016-04-06,26.5,55,43,15.4,24.81,0.0,24.0
2016-04-07,25.9,59,1,13.6,25.31,0.0,25.0
2016-04-08,32.2,39,17,12.8,25.06,0.0,33.0
2016-04-09,36.3,24,88,14.8,18.09,0.2,36.0
2016-04-10,31.3,48,21,13.4,21.88,0.1,31.0
2016-04-11,24.5,64,26,13.4,22.5,0.0,25.0
2016-04-12,18.9,83,54,19.1,16.31,7.8,21.0
2016-04-13,18.8,81,59,16.5,19.57,8.8,21.0
2016-04-14,21.4,78,26,14.6,21.4,0.2,22.0
2016-04-15,24.5,64,32,13.1,26.0,0.0,25.0
2016-04-16,28.1,52,0,12.8,25.93,0.0,28.0
2016-04-17,27.9,47,0,14.5,26.87,0.0,29.0
2016-04-18,28.3,51,0,14.2,26.84,0.0,25.0
2016-04-19,33.4,42,0,13.3,26.91,0.0,31.0
2016-04-20,35.8,23,0,12.9,27.42,0.0,37.0
2016-04-21,31.0,34,10,15.9,26.79,0.0,31.0
2016-04-22,29.8,38,25,13.0,27.41,0.0,29.0
2016-04-23,30.6,42,51,14.5,26.58,0.0,27.0
2016-04-24,31.9,37,40,12.9,26.77,0.0,32.0
2016-04-25,28.5,33,13,18.4,27.2,0.0,30.0
2016-04-26,37.8,33,35,18.1,26.49,0.0,40.0
2016-04-27,23.3,68,33,17.7,24.08,0.0,23.0
2016-04-28,22.8,63,14,17.3,26.63,0.0,23.0
2016-04-29,24.4,67,12,15.3,26.95,0.0,23.0
2016-04-30,29.5,51,3,8.1,27.43,0.0,29.0
2016-05-01,33.6,46,6,20.8,27.59,0.0,34.0
2016-05-02,26.9,68,31,15.8,26.16,0.0,27.0
2016-05-03,33.4,46,79,16.8,26.22,0.0,32.0
2016-05-04,24.6,58,84,20.0,24.99,0.0,24.0
2016-05-05,26.2,51,23,16.4,27.96,0.0,26.0
2016-05-06,22.9,66,33,20.2,23.49,0.0,24.0
2016-05-07,22.9,68,46,17.1,21.36,0.1,24.0
2016-05-08,25.2,63,42,15.1,25.86,0.0,24.0
2016-05-09,27.8,52,24,14.3,27.54,0.0,28.0
2016-05-10,27.1,55,38,15.5,24.14,0.0,25.0
2016-05-11,25.4,67,24,15.0,27.36,0.0,25.0
2016-05-12,26.6,66,5,14.2,27.67,0.0,26.0
2016-05-13,30.6,48,37,11.7,25.33,0.0,31.0
2016-05-14,37.0,31,44,14.7,27.62,0.0,37.0
2016-05-15,41.7,25,57,20.9,27.89,0.0,41.0
2016-05-16,38.6,35,28,13.9,27.68,0.2,39.0
2016-05-17,29.1,58,37,17.2,27.65,0.0,29.0
2016-05-18,24.5,68,27,18.1,27.13,0.0,25.0
2016-05-19,25.1,63,14,18.5,26.42,0.0,25.0
2016-05-20,25.5,63,14,15.4,28.29,0.0,25.0
2016-05-21,27.3,57,21,15.3,28.78,0.0,26.0
2016-05-22,36.1,42,19,14.2,28.43,0.0,37.0
2016-05-23,24.0,71,52,23.8,21.4,0.3,26.0
2016-05-24,23.3,73,46,21.0,18.56,3.5,25.0
2016-05-25,25.6,64,9,14.0,27.56,0.0,26.0
2016-05-26,33.4,46,4,24.5,27.73,0.0,36.0
2016-05-27,24.6,70,26,20.9,24.19,0.0,25.0
2016-05-28,24.1,72,31,22.9,23.8,1.8,25.0
2016-05-29,24.5,72,34,14.9,20.21,0.5,25.0
2016-05-30,26.8,68,0,18.2,28.63,0.0,27.0
2016-05-31,30.0,59,0,16.8,29.02,0.0,29.0
2016-06-01,32.8,44,0,16.6,29.27,0.0,33.0
2016-06-02,31.2,47,0,16.4,29.03,0.0,30.0
2016-06-03,35.4,42,1,14.0,28.52,0.0,36.0
2016-06-04,38.4,30,12,17.8,28.59,0.0,40.0
2016-06-05,33.7,39,13,16.8,28.46,0.0,34.0
2016-06-06,29.4,61,4,17.9,28.85,0.0,29.0
2016-06-07,33.2,42,0,15.9,29.15,0.0,33.0
2016-06-08,36.1,40,3,18.7,27.93,0.0,34.0
2016-06-09,27.4,70,16,19.2,27.38,0.0,28.0
2016-06-10,27.2,66,13,18.7,27.03,0.0,27.0
2016-06-11,27.5,61,10,15.5,27.72,0.0,27.0
2016-06-12,30.4,56,0,14.1,29.38,0.0,29.0
2016-06-13,35.9,40,0,16.0,29.22,0.0,35.0
2016-06-14,36.6,40,0,16.8,29.28,0.0,36.0
2016-06-15,32.6,48,2,19.2,28.8,0.0,33.0
2016-06-16,28.0,72,25,17.2,28.0,0.0,28.0
2016-06-17,30.6,67,8,19.3,28.68,0.0,29.0
2016-06-18,33.0,58,0,16.6,28.84,0.0,31.0
2016-06-19,33.4,59,0,14.8,28.5,0.0,33.0
2016-06-20,34.3,56,0,15.5,29.0,0.0,35.0
2016-06-21,33.4,58,1,15.0,29.41,0.0,34.0
2016-06-22,33.7,60,2,15.1,28.49,0.0,32.0
2016-06-23,33.1,63,2,15.0,28.55,0.0,32.0
2016-06-24,32.9,64,3,15.1,28.59,0.0,32.0
2016-06-25,33.3,65,2,15.3,28.53,0.0,33.0
2016-06-26,33.1,68,4,15.7,28.13,0.0,33.0
2016-06-27,31.9,71,3,18.9,27.92,0.0,31.0
2016-06-28,30.1,69,21,16.8,26.38,0.0,30.0
2016-06-29,31.3,69,25,16.9,26.55,0.0,31.0
2016-06-30,31.6,67,5,18.3,28.35,0.0,32.0
2016-07-01,30.6,68,9,18.2,27.9,0.0,31.0
2016-07-02,30.5,72,14,16.8,27.79,0.0,30.0
2016-07-03,31.2,69,5,18.1,27.84,0.0,32.0
2016-07-04,30.7,68,13,18.8,27.58,0.0,31.0
2016-07-05,30.9,70,23,16.1,25.52,0.2,31.0
2016-07-06,32.3,64,3,18.3,27.85,0.0,32.0
2016-07-07,33.1,60,2,18.3,28.22,0.0,33.0
2016-07-08,31.0,63,12,16.5,27.42,0.0,31.0
2016-07-09,32.0,60,1,15.3,28.54,0.0,31.0
2016-07-10,32.3,66,1,17.7,27.95,0.0,32.0
2016-07-11,32.2,69,5,17.0,27.65,0.0,32.0
2016-07-12,33.6,66,7,16.3,28.12,0.0,32.0
2016-07-13,34.0,63,1,17.3,28.34,0.0,33.0
2016-07-14,32.4,69,7,15.8,27.76,0.0,32.0
2016-07-15,32.9,65,7,16.3,28.13,0.0,33.0
2016-07-16,32.0,67,4,16.4,27.76,0.0,32.0
2016-07-17,30.9,70,11,17.0,27.5,0.0,31.0
2016-07-18,30.2,71,25,16.6,26.91,0.0,31.0
2016-07-19,30.1,66,14,15.5,27.27,0.0,30.0
2016-07-20,31.1,65,5,16.1,27.42,0.0,32.0
2016-07-21,32.5,60,1,16.5,27.72,0.0,33.0
2016-07-22,31.8,56,1,16.2,28.25,0.0,31.0
2016-07-23,30.2,64,12,16.6,26.66,0.0,31.0
2016-07-24,31.0,70,12,18.3,26.02,0.0,31.0
2016-07-25,32.6,71,11,16.1,26.68,0.0,32.0
2016-07-26,33.4,65,3,16.7,27.61,0.0,33.0
2016-07-27,32.1,65,4,15.9,27.6,0.0,32.0
2016-07-28,32.2,70,9,16.8,27.24,0.0,31.0
2016-07-29,31.9,72,8,14.3,27.13,0.0,32.0
2016-07-30,32.1,74,18,16.1,26.69,0.0,32.0
2016-07-31,32.6,73,13,16.6,26.18,0.0,32.0
2016-08-01,33.4,67,1,14.9,26.61,0.0,33.0
2016-08-02,33.4,70,3,16.4,26.61,0.0,33.0
2016-08-03,33.5,67,0,16.1,27.23,0.0,33.0
2016-08-04,32.3,65,6,15.7,27.31,0.0,32.0
2016-08-05,32.1,65,6,16.2,27.0,0.0,32.0
2016-08-06,31.8,66,10,17.7,26.11,0.0,32.0
2016-08-07,31.4,70,12,16.5,26.14,0.0,32.0
2016-08-08,31.5,74,32,17.6,22.85,0.0,31.0
2016-08-09,32.3,72,21,15.1,26.0,0.0,32.0
2016-08-10,32.1,74,11,16.2,25.6,0.0,32.0
2016-08-11,31.7,72,11,17.6,25.23,0.0,32.0
2016-08-12,31.8,68,7,15.8,26.08,0.0,31.0
2016-08-13,31.8,70,5,14.6,26.44,0.0,31.0
2016-08-14,32.1,71,9,15.5,24.72,0.0,33.0
2016-08-15,30.8,74,24,16.3,25.15,0.0,32.0
2016-08-16,30.7,70,14,16.7,24.93,0.0,30.0
2016-08-17,30.5,67,14,17.2,23.27,0.0,31.0
2016-08-18,31.7,69,20,16.9,24.37,0.0,31.0
2016-08-19,31.6,73,18,15.4,25.29,0.0,32.0
2016-08-20,32.8,68,6,15.0,25.86,0.0,32.0
2016-08-21,32.0,66,1,16.6,25.73,0.0,32.0
2016-08-22,31.6,71,6,15.5,25.3,0.0,32.0
2016-08-23,31.6,71,6,15.9,25.17,0.0,32.0
2016-08-24,31.3,73,10,15.6,24.02,0.0,32.0
2016-08-25,31.8,74,24,15.3,24.18,0.0,31.0
2016-08-26,31.6,73,18,16.6,24.3,0.0,31.0
2016-08-27,31.8,73,17,16.8,24.21,0.0,32.0
2016-08-28,31.6,69,8,18.1,24.49,0.0,31.0
2016-08-29,31.1,70,19,16.8,22.6,0.0,31.0
2016-08-30,30.9,70,18,17.1,23.08,0.0,31.0
2016-08-31,30.7,69,22,15.7,22.85,0.0,31.0
2016-09-01,30.5,66,8,15.8,23.52,0.0,31.0
2016-09-02,31.0,67,5,15.9,24.29,0.0,31.0
2016-09-03,29.9,72,12,17.0,21.27,0.2,31.0
2016-09-04,30.5,67,9,16.9,22.14,0.0,31.0
2016-09-05,32.0,64,1,17.5,23.59,0.0,32.0
2016-09-06,30.7,66,8,15.1,22.49,0.0,30.0
2016-09-07,31.1,67,19,17.7,22.16,0.0,30.0
2016-09-08,31.6,70,27,15.8,21.74,0.0,30.0
2016-09-09,32.0,72,5,14.5,23.28,0.0,31.0
2016-09-10,33.2,68,1,15.1,23.62,0.0,32.0
2016-09-11,33.4,66,0,16.8,23.19,0.0,32.0
2016-09-12,31.6,74,14,17.1,22.08,0.0,32.0
2016-09-13,30.6,67,16,18.0,22.27,0.0,31.0
2016-09-14,31.2,65,10,16.1,21.77,0.0,30.0
2016-09-15,31.4,70,2,18.4,22.28,0.0,31.0
2016-09-16,29.3,74,25,16.1,18.8,0.0,31.0
2016-09-17,30.0,73,16,17.1,18.28,0.0,30.0
2016-09-18,31.7,67,1,16.3,22.32,0.0,32.0
2016-09-19,31.1,66,5,16.6,22.1,0.0,30.0
2016-09-20,33.5,64,1,13.9,22.01,0.0,31.0
2016-09-21,34.7,60,1,13.6,21.72,0.0,32.0
2016-09-22,29.3,68,17,15.7,18.54,0.0,30.0
2016-09-23,28.0,76,24,16.4,16.52,1.1,30.0
2016-09-24,31.3,64,10,17.4,20.29,0.0,30.0
2016-09-25,32.4,55,0,20.4,21.05,0.0,32.0
2016-09-26,28.7,58,6,16.7,20.82,0.0,29.0
2016-09-27,28.5,62,14,16.1,18.75,0.0,29.0
2016-09-28,28.8,63,18,16.3,19.23,0.0,28.0
2016-09-29,30.3,65,3,17.1,20.1,0.0,30.0
2016-09-30,30.3,60,0,15.8,20.89,0.0,30.0
2016-10-01,34.2,58,3,10.8,20.82,0.0,35.0
2016-10-02,37.0,29,0,11.2,21.15,0.0,38.0
2016-10-03,36.5,29,0,12.2,20.76,0.0,35.0
2016-10-04,30.4,64,6,14.8,19.99,0.0,30.0
2016-10-05,28.6,75,19,12.8,18.66,0.0,29.0
2016-10-06,29.4,72,8,15.1,19.74,0.0,29.0
2016-10-07,28.6,72,7,16.6,19.1,0.0,29.0
2016-10-08,28.1,68,6,16.5,19.14,0.0,28.0
2016-10-09,29.4,73,6,14.1,18.71,0.0,28.0
2016-10-10,28.2,78,39,13.8,16.75,0.0,29.0
2016-10-11,28.5,74,33,13.8,17.73,0.0,29.0
2016-10-12,31.6,61,55,15.5,17.19,0.0,29.0
2016-10-13,35.3,53,0,11.5,18.82,0.0,33.0
2016-10-14,33.8,45,0,16.1,18.52,0.0,32.0
2016-10-15,30.4,65,50,14.9,17.24,0.0,29.0
2016-10-16,32.9,55,10,14.0,18.36,0.0,32.0
2016-10-17,30.1,60,0,16.8,17.82,0.0,29.0
2016-10-18,27.5,71,20,13.8,17.28,0.0,28.0
2016-10-19,26.9,72,48,13.0,15.17,0.1,27.0
2016-10-20,28.0,67,3,13.1,17.68,0.0,28.0
2016-10-21,28.1,69,19,15.1,16.44,0.0,27.0
2016-10-22,27.4,69,5,17.3,16.7,0.0,27.0
2016-10-23,26.4,72,25,14.0,15.45,0.0,26.0
2016-10-24,26.9,71,12,14.3,15.27,0.0,27.0
2016-10-25,27.6,74,24,13.1,14.65,0.0,27.0
2016-10-26,30.5,66,7,13.4,16.29,0.0,30.0
2016-10-27,32.5,56,59,11.7,13.4,0.3,32.0
2016-10-28,29.5,59,45,14.3,14.54,1.7,30.0
2016-10-29,28.9,71,17,12.2,14.29,0.0,28.0
2016-10-30,28.0,75,7,14.7,15.63,0.0,27.0
2016-10-31,26.3,80,28,13.4,12.84,0.1,27.0
2016-11-01,23.1,79,36,26.4,10.93,2.9,25.0
2016-11-02,23.3,64,33,14.0,10.71,0.5,24.0
2016-11-03,26.9,54,1,11.0,15.84,0.0,27.0
2016-11-04,24.8,68,12,17.7,13.42,0.0,25.0
2016-11-05,23.2,71,28,14.8,12.15,0.0,24.0
2016-11-06,23.1,73,21,12.6,11.69,0.0,24.0
2016-11-07,25.4,67,47,9.8,14.0,0.0,25.0
2016-11-08,27.7,60,13,8.9,15.34,0.0,26.0
2016-11-09,31.3,42,50,8.5,15.38,0.0,31.0
2016-11-10,28.1,51,84,10.9,13.4,0.0,30.0
2016-11-11,26.0,72,75,12.0,13.24,0.0,26.0
2016-11-12,29.4,67,86,7.9,14.34,0.0,28.0
2016-11-13,27.0,75,81,11.7,13.25,0.0,25.0
2016-11-14,27.5,73,69,9.6,13.68,0.0,25.0
2016-11-15,24.8,78,23,14.3,13.69,0.0,24.0
2016-11-16,22.4,74,80,19.1,9.38,0.1,23.0
2016-11-17,22.8,64,29,11.6,12.57,0.0,23.0
2016-11-18,26.4,56,56,9.2,13.99,0.0,27.0
2016-11-19,25.7,40,97,13.8,8.49,0.0,26.0
2016-11-20,27.1,32,93,16.9,11.89,0.0,29.0
2016-11-21,27.2,20,31,18.0,14.02,0.0,28.0
2016-11-22,25.4,17,43,19.4,13.46,0.0,26.0
2016-11-23,22.6,16,54,20.6,10.9,0.0,23.0
2016-11-24,19.6,11,11,25.4,14.27,0.0,21.0
2016-11-25,18.7,15,0,19.1,14.79,0.0,20.0
2016-11-26,19.8,15,0,13.8,14.62,0.0,22.0
2016-11-27,22.2,17,0,13.3,14.28,0.0,24.0
2016-11-28,24.2,30,3,15.5,13.68,0.0,25.0
2016-11-29,23.6,47,61,12.3,7.8,0.0,25.0
2016-11-30,22.8,42,52,17.6,7.35,0.2,24.0
2016-12-01,19.2,74,49,30.3,9.19,14.7,20.0
2016-12-02,15.1,89,81,27.5,6.13,19.6,17.0
2016-12-03,17.2,82,50,10.4,6.47,0.4,19.0
2016-12-04,21.3,66,47,9.0,10.73,0.0,22.0
2016-12-05,20.4,68,13,10.7,12.8,0.0,20.0
2016-12-06,20.7,75,23,8.6,11.71,0.0,22.0
2016-12-07,21.5,63,19,10.2,12.76,0.0,21.0
2016-12-08,19.4,70,29,14.3,10.78,0.0,21.0
2016-12-09,17.8,64,0,9.4,13.06,0.0,18.0
2016-12-10,17.0,69,18,12.6,11.28,0.0,18.0
2016-12-11,18.3,76,50,10.0,7.62,0.4,20.0
2016-12-12,20.1,79,24,9.0,11.17,0.0,21.0
2016-12-13,18.3,73,57,25.0,7.67,9.4,20.0
2016-12-14,14.9,76,69,34.7,7.96,21.9,16.0
2016-12-15,15.7,63,58,17.2,6.38,0.2,16.0
2016-12-16,15.6,78,75,12.9,6.0,1.2,14.0
2016-12-17,17.1,86,37,9.7,8.77,0.7,19.0
2016-12-18,15.3,86,42,14.6,7.97,4.9,17.0
2016-12-19,16.0,63,56,11.2,9.09,1.2,17.0
2016-12-20,14.5,71,16,9.2,12.51,0.0,15.0
2016-12-21,17.0,64,48,8.0,11.52,0.0,17.0
2016-12-22,16.7,60,26,15.0,10.21,0.0,18.0
2016-12-23,17.5,72,60,5.1,10.09,0.0,19.0
2016-12-24,16.2,80,41,15.6,9.12,0.4,16.0
2016-12-25,14.2,81,62,24.4,8.19,4.4,15.0
2016-12-26,16.0,79,45,15.8,7.82,1.2,17.0
2016-12-27,12.9,85,73,23.9,6.14,11.5,13.0
2016-12-28,15.8,80,38,10.9,9.03,0.4,16.0
2016-12-29,16.8,70,22,16.0,11.8,0.0,17.0
2016-12-30,16.3,58,7,14.6,12.91,0.0,17.0
2016-12-31,14.3,68,41,18.4,10.68,0.0,16.0
2017-01-01,15.6,80,21,12.0,11.29,0.0,17.0
2017-01-02,15.1,79,42,19.5,9.14,0.6,16.0
2017-01-03,15.9,75,39,11.6,9.77,1.1,16.0
2017-01-04,15.8,80,38,12.2,10.13,4.8,16.0
2017-01-05,18.9,75,60,10.9,11.87,0.0,19.0
2017-01-06,20.5,55,4,12.1,13.37,0.0,22.0
2017-01-07,16.7,55,4,19.9,13.3,0.0,17.0
2017-01-08,14.7,49,57,29.0,10.21,0.0,15.0
2017-01-09,13.4,51,60,28.3,9.54,0.0,14.0
2017-01-10,17.6,53,33,13.3,12.74,0.0,18.0
2017-01-11,17.9,67,16,12.6,13.5,0.0,18.0
2017-01-12,17.4,64,82,10.8,12.53,0.0,17.0
2017-01-13,17.9,75,49,17.6,9.95,0.1,17.0
2017-01-14,16.6,76,96,10.5,4.14,3.0,15.0
2017-01-15,16.8,79,40,15.5,9.88,2.5,17.0
2017-01-16,20.4,69,63,9.7,13.32,0.0,20.0
2017-01-17,21.1,62,88,11.2,13.15,0.0,21.0
2017-01-18,19.1,75,39,12.5,13.19,0.0,19.0
2017-01-19,18.3,82,35,13.7,13.0,0.0,18.0
2017-01-20,18.1,78,25,13.2,14.41,0.0,18.0
2017-01-21,17.2,80,43,16.1,11.1,1.0,17.0
2017-01-22,17.3,68,48,15.4,13.99,0.0,18.0
2017-01-23,19.9,57,15,10.5,14.88,0.0,20.0
2017-01-24,23.2,37,59,19.3,14.57,0.0,23.0
2017-01-25,20.5,56,97,19.1,10.49,0.2,20.0
2017-01-26,18.0,78,86,14.6,10.87,6.0,18.0
2017-01-27,14.5,75,71,36.8,9.97,13.5,15.0
2017-01-28,12.6,56,61,27.9,8.19,0.4,12.0
2017-01-29,13.6,57,17,15.5,15.88,0.0,14.0
2017-01-30,14.5,69,21,13.4,14.07,0.0,15.0
2017-01-31,14.8,81,48,14.4,12.87,2.2,15.0
2017-02-01,13.3,70,45,22.5,14.78,0.3,13.0
2017-02-02,14.3,64,23,13.0,15.46,0.0,14.0
2017-02-03,16.1,69,0,13.2,16.31,0.0,16.0
2017-02-04,18.0,56,72,9.7,12.51,1.1,19.0
2017-02-05,18.0,55,3,13.8,16.51,0.0,18.0
2017-02-06,18.5,80,19,14.5,14.92,0.0,18.0
2017-02-07,23.6,48,0,24.1,16.93,0.0,25.0
2017-02-08,21.6,48,15,23.8,16.04,0.3,22.0
2017-02-09,18.4,81,25,11.9,14.81,1.8,19.0
2017-02-10,21.4,60,0,11.0,17.04,0.0,22.0
2017-02-11,18.5,68,11,12.8,16.2,1.2,19.0
2017-02-12,15.3,85,53,12.3,11.73,5.1,16.0
2017-02-13,15.1,84,38,12.5,13.68,0.9,16.0
2017-02-14,14.2,84,52,19.7,12.12,4.2,13.0
2017-02-15,13.9,75,58,16.7,13.68,6.5,13.0
2017-02-16,12.8,79,62,15.9,9.52,13.1,12.0
2017-02-17,14.3,63,28,18.4,15.93,0.0,14.0
2017-02-18,16.6,60,4,11.2,18.61,0.0,17.0
2017-02-19,19.5,44,1,14.1,19.03,0.0,20.0
2017-02-20,17.9,46,8,12.8,19.0,0.0,18.0
2017-02-21,17.7,72,4,16.2,18.61,0.0,18.0
2017-02-22,17.4,66,38,14.3,16.29,0.0,16.0
2017-02-23,18.8,78,25,15.0,17.12,0.2,19.0
2017-02-24,20.5,73,1,14.8,19.25,0.0,20.0
2017-02-25,22.6,59,0,13.1,19.61,0.0,22.0
2017-02-26,21.5,55,0,8.3,19.83,0.0,22.0
2017-02-27,25.2,53,43,14.7,19.08,0.0,22.0
2017-02-28,26.8,36,76,19.8,13.7,0.6,25.0
2017-03-01,22.3,57,56,24.5,14.85,0.9,22.0
2017-03-02,18.8,85,30,21.9,12.97,0.7,19.0
2017-03-03,17.9,77,52,19.2,13.96,1.1,17.0
2017-03-04,18.9,74,31,15.4,17.45,0.0,19.0
2017-03-05,19.3,76,9,17.5,20.48,0.0,20.0
2017-03-06,25.3,54,6,15.3,21.11,0.0,26.0
2017-03-07,20.3,75,10,16.5,19.99,0.0,20.0
2017-03-08,22.6,69,11,12.2,21.19,0.0,23.0
2017-03-09,29.9,43,15,23.7,21.28,0.0,31.0
2017-03-10,23.0,83,52,18.9,14.27,0.0,24.0
2017-03-11,19.8,66,27,34.1,17.03,0.5,20.0
2017-03-12,25.5,47,16,27.0,19.1,0.3,25.0
2017-03-13,18.3,76,38,19.1,14.3,3.9,18.0
2017-03-14,17.7,76,25,16.6,16.42,1.7,19.0
2017-03-15,18.4,77,37,21.0,16.98,2.0,19.0
2017-03-16,17.9,71,31,18.8,17.06,2.4,18.0
2017-03-17,19.4,65,82,13.9,16.68,0.1,20.0
2017-03-18,23.2,65,97,16.2,13.32,0.0,24.0
2017-03-19,18.1,71,59,17.1,15.21,0.2,18.0
2017-03-20,17.5,72,72,21.1,14.18,0.2,19.0
2017-03-21,19.8,76,87,13.0,13.11,0.4,22.0
2017-03-22,22.1,77,74,11.1,13.07,1.4,22.0
2017-03-23,21.7,74,43,17.7,20.42,2.2,22.0
2017-03-24,20.5,77,12,15.5,20.72,0.4,20.0
2017-03-25,21.3,75,8,16.5,22.49,0.0,21.0
2017-03-26,22.6,68,1,15.6,23.94,0.0,21.0
2017-03-27,21.9,64,65,15.6,21.85,0.0,20.0
2017-03-28,21.4,67,37,16.1,21.42,0.0,20.0
2017-03-29,26.6,63,21,10.1,23.93,0.0,26.0
2017-03-30,28.0,47,58,23.7,15.01,0.3,31.0
2017-03-31,25.5,62,28,16.3,22.44,0.0,24.0
2017-04-01,22.1,64,17,26.4,20.81,2.0,21.0
2017-04-02,18.6,81,40,18.0,16.12,2.8,19.0
2017-04-03,20.3,77,16,13.9,19.86,1.0,20.0
2017-04-04,28.7,56,3,14.9,25.16,0.0,29.0
2017-04-05,33.2,35,0,32.3,25.2,0.0,34.0
2017-04-06,30.6,55,2,12.4,25.54,0.0,30.0
2017-04-07,21.3,72,39,16.4,18.72,0.7,21.0
2017-04-08,23.1,65,8,19.1,25.07,0.0,23.0
2017-04-09,21.8,67,55,15.9,22.05,0.0,21.0
2017-04-10,24.4,57,70,18.2,25.7,0.0,23.0
2017-04-11,27.4,54,81,14.4,23.73,0.3,26.0
2017-04-12,35.4,46,83,21.2,20.77,0.3,31.0
2017-04-13,24.4,65,71,20.6,21.23,1.9,27.0
2017-04-14,20.1,75,35,22.6,21.08,2.1,21.0
2017-04-15,20.9,74,14,18.6,22.32,1.5,21.0
2017-04-16,22.8,76,36,14.9,22.66,0.1,22.0
2017-04-17,23.8,75,5,16.8,26.56,0.0,24.0
2017-04-18,26.9,57,15,15.9,26.47,0.0,28.0
2017-04-19,25.6,56,0,15.2,27.17,0.0,26.0
2017-04-20,27.0,57,0,14.8,26.94,0.0,27.0
2017-04-21,35.6,36,1,16.8,26.81,0.0,35.0
2017-04-22,38.9,31,9,14.5,24.81,0.0,38.0
2017-04-23,21.1,63,41,18.9,19.87,0.0,22.0
2017-04-24,21.5,54,52,16.1,22.12,0.0,21.0
2017-04-25,23.6,63,8,20.6,26.9,0.0,23.0
2017-04-26,28.2,67,8,21.3,26.83,0.0,26.0
2017-04-27,25.3,69,26,16.1,25.84,0.0,24.0
2017-04-28,25.4,67,13,15.2,27.87,0.0,25.0
2017-04-29,27.4,59,0,14.5,28.08,0.0,26.0
2017-04-30,28.6,61,52,16.3,26.09,0.0,27.0
2017-05-01,31.0,61,66,14.7,25.05,0.0,31.0
2017-05-02,26.1,70,25,15.5,25.01,0.6,24.0
2017-05-03,24.0,73,22,16.9,25.06,0.0,24.0
2017-05-04,24.6,73,15,16.2,26.19,0.0,24.0
2017-05-05,24.0,72,6,15.2,26.85,0.0,24.0
2017-05-06,25.0,74,16,15.8,27.31,0.0,24.0
2017-05-07,26.9,67,6,16.7,27.95,0.0,27.0
2017-05-08,31.3,45,0,17.3,28.02,0.0,31.0
2017-05-09,40.6,25,0,20.8,28.23,0.0,40.0
2017-05-10,36.0,45,0,15.9,28.46,0.0,36.0
2017-05-11,27.1,72,11,15.8,27.34,0.0,27.0
2017-05-12,26.5,72,17,16.3,27.39,0.0,26.0
2017-05-13,29.4,68,14,17.1,28.27,0.0,28.0
2017-05-14,31.1,60,0,14.0,27.87,0.0,30.0
2017-05-15,30.2,57,0,17.1,28.33,0.0,31.0
2017-05-16,29.3,73,3,16.4,28.38,0.0,28.0
2017-05-17,30.2,70,37,19.8,28.36,0.0,28.0
2017-05-18,31.8,54,38,22.7,26.92,0.0,31.0
2017-05-19,26.5,70,26,17.7,24.06,0.0,26.0
2017-05-20,24.2,67,28,23.8,23.07,2.6,24.0
2017-05-21,25.4,51,34,17.6,23.86,0.0,25.0
2017-05-22,31.3,35,17,13.7,28.7,0.0,31.0
2017-05-23,25.4,63,38,20.8,24.79,0.0,25.0
2017-05-24,26.3,64,19,17.3,28.07,0.0,26.0
2017-05-25,26.9,65,25,17.0,28.76,0.0,26.0
2017-05-26,26.0,65,8,17.4,28.72,0.0,26.0
2017-05-27,35.9,34,0,12.8,28.96,0.0,36.0
2017-05-28,29.9,58,0,14.8,28.9,0.0,29.0
2017-05-29,32.5,49,0,20.5,28.68,0.0,32.0
2017-05-30,31.4,57,10,18.0,28.35,0.0,31.0
2017-05-31,32.0,52,13,18.3,28.95,0.0,29.0
2017-06-01,26.2,64,24,17.5,27.67,0.0,26.0
2017-06-02,28.1,70,13,17.7,28.26,0.0,27.0
2017-06-03,29.4,71,12,15.8,28.42,0.0,29.0
2017-06-04,30.2,72,23,15.6,28.22,0.0,29.0
2017-06-05,30.0,70,5,16.0,28.36,0.0,30.0
2017-06-06,31.2,56,0,17.3,29.39,0.0,31.0
2017-06-07,33.1,47,1,18.4,29.32,0.0,32.0
2017-06-08,34.2,63,0,16.5,28.95,0.0,32.0
2017-06-09,32.0,70,16,17.7,28.77,0.0,32.0
2017-06-10,28.9,72,27,16.3,26.83,0.0,28.0
2017-06-11,29.0,67,15,16.2,28.07,0.0,28.0
2017-06-12,29.0,68,27,15.6,28.23,0.0,28.0
2017-06-13,29.6,64,21,17.3,28.49,0.0,29.0
2017-06-14,32.1,64,9,20.1,28.12,0.0,31.0
2017-06-15,29.6,68,15,17.9,27.55,0.0,28.0
2017-06-16,30.6,72,5,17.6,28.26,0.0,29.0
2017-06-17,31.4,72,7,17.0,28.34,0.0,30.0
2017-06-18,32.0,70,9,15.5,28.35,0.0,31.0
2017-06-19,32.7,64,4,18.7,28.49,0.0,32.0
2017-06-20,29.4,69,14,16.5,26.56,0.1,29.0
2017-06-21,28.3,64,39,20.7,20.35,0.1,28.0
2017-06-22,29.4,63,21,18.4,27.13,0.0,29.0
2017-06-23,29.9,69,7,17.9,27.84,0.0,29.0
2017-06-24,31.3,70,6,16.3,28.56,0.0,30.0
2017-06-25,31.9,72,7,15.8,28.61,0.0,32.0
2017-06-26,32.8,72,18,15.5,28.04,0.0,32.0
2017-06-27,32.8,74,27,16.4,28.32,0.0,32.0
2017-06-28,32.5,71,14,16.5,28.7,0.0,33.0
2017-06-29,31.3,68,6,17.2,28.54,0.0,31.0
2017-06-30,32.3,70,4,18.0,27.91,0.0,31.0
2017-07-01,33.2,74,25,14.5,27.93,0.0,33.0
2017-07-02,35.8,67,28,13.4,27.99,0.0,36.0
2017-07-03,35.8,64,1,14.5,28.08,0.0,36.0
2017-07-04,33.5,71,8,15.5,27.97,0.0,35.0
2017-07-05,32.8,72,27,16.2,26.92,0.0,31.0
2017-07-06,30.7,65,52,16.3,24.8,0.0,30.0
2017-07-07,30.7,66,37,15.9,23.91,0.6,31.0
2017-07-08,31.8,68,19,16.4,25.97,0.0,31.0
2017-07-09,34.1,71,19,16.9,26.96,0.0,33.0
2017-07-10,34.8,67,2,17.3,27.6,0.0,34.0
2017-07-11,34.8,69,24,16.3,25.83,0.0,34.0
2017-07-12,33.2,74,27,16.2,26.76,0.0,33.0
2017-07-13,32.9,74,15,16.8,27.65,0.0,32.0
2017-07-14,33.9,73,17,15.9,28.61,0.0,34.0
2017-07-15,34.8,71,32,16.3,29.16,0.0,34.0
2017-07-16,36.4,60,6,15.8,29.34,0.0,37.0
2017-07-17,34.5,66,10,16.6,28.47,0.0,33.0
2017-07-18,33.4,71,22,17.1,27.82,0.0,32.0
2017-07-19,33.1,72,10,17.1,27.93,0.0,32.0
2017-07-20,32.2,68,23,16.4,26.36,0.0,31.0
2017-07-21,32.0,64,31,15.5,27.35,0.0,31.0
2017-07-22,31.9,67,11,16.3,26.45,0.0,32.0
2017-07-23,32.1,68,28,16.2,26.13,0.0,32.0
2017-07-24,33.2,71,25,15.7,26.77,0.0,32.0
2017-07-25,34.5,72,11,16.0,27.72,0.0,33.0
2017-07-26,36.2,71,30,17.4,27.65,0.0,34.0
2017-07-27,34.0,74,22,15.9,27.4,0.0,34.0
2017-07-28,34.8,72,13,18.5,26.83,0.0,33.0
2017-07-29,32.1,65,25,17.2,26.36,0.0,31.0
2017-07-30,32.3,63,18,17.1,27.45,0.0,31.0
2017-07-31,33.6,70,15,17.1,27.62,0.0,32.0
2017-08-01,34.3,73,6,16.5,27.1,0.0,33.0
2017-08-02,32.9,71,10,18.0,27.34,0.0,33.0
2017-08-03,32.3,68,29,17.7,26.58,0.0,31.0
2017-08-04,32.5,66,24,16.3,26.46,0.0,31.0
2017-08-05,32.3,62,17,17.8,27.29,0.0,32.0
2017-08-06,33.9,61,0,16.7,27.05,0.0,33.0
2017-08-07,34.0,66,18,17.7,26.27,0.0,33.0
2017-08-08,33.1,69,30,16.7,26.03,0.0,33.0
2017-08-09,34.1,69,23,17.4,26.13,0.0,33.0
2017-08-10,32.7,68,33,15.3,24.76,0.1,32.0
2017-08-11,32.9,67,20,16.6,25.43,0.0,33.0
2017-08-12,33.4,66,16,17.1,25.11,0.0,33.0
2017-08-13,33.9,68,16,15.9,24.99,0.0,33.0
2017-08-14,33.4,73,12,17.0,26.03,0.0,33.0
2017-08-15,33.1,69,39,17.3,23.77,0.0,32.0
2017-08-16,32.4,68,38,16.4,24.51,0.0,32.0
2017-08-17,33.0,68,26,17.6,24.4,0.0,33.0
2017-08-18,32.7,62,4,16.8,25.44,0.0,32.0
2017-08-19,34.9,55,1,16.2,25.74,0.0,34.0
2017-08-20,33.7,63,2,17.2,25.32,0.0,33.0
2017-08-21,32.1,67,10,17.3,23.9,0.0,32.0
2017-08-22,32.2,66,18,17.7,24.12,0.0,32.0
2017-08-23,33.0,67,17,17.2,24.82,0.0,32.0
2017-08-24,33.4,68,25,17.2,24.48,0.0,32.0
2017-08-25,33.7,70,29,17.6,24.35,0.0,32.0
2017-08-26,34.1,73,19,16.8,24.71,0.0,33.0
2017-08-27,34.7,69,14,16.8,25.0,0.0,33.0
2017-08-28,31.8,65,21,16.8,24.18,0.0,31.0
2017-08-29,31.2,61,32,15.4,24.39,0.0,31.0
2017-08-30,31.0,62,13,15.8,24.61,0.0,30.0
2017-08-31,30.3,60,29,16.1,21.54,0.0,30.0
2017-09-01,31.3,62,28,18.5,21.46,0.0,31.0
2017-09-02,33.1,70,17,18.3,24.15,0.0,32.0
2017-09-03,33.7,72,10,17.3,23.67,0.0,32.0
2017-09-04,32.8,74,29,15.5,23.22,0.0,32.0
2017-09-05,32.8,74,17,16.4,23.59,0.0,32.0
2017-09-06,31.7,67,23,17.0,23.08,0.0,30.0
2017-09-07,31.5,60,16,16.2,23.47,0.0,31.0
2017-09-08,33.1,67,0,19.0,23.72,0.0,32.0
2017-09-09,33.0,72,9,16.8,22.73,0.0,32.0
2017-09-10,32.9,68,21,17.6,23.32,0.0,32.0
2017-09-11,34.3,67,8,15.9,23.58,0.0,33.0
2017-09-12,34.7,62,0,14.2,23.78,0.0,35.0
2017-09-13,34.1,70,0,17.3,23.23,0.0,33.0
2017-09-14,31.6,78,38,15.5,20.12,0.0,31.0
2017-09-15,30.7,70,57,16.0,13.97,0.2,30.0
2017-09-16,30.4,66,28,16.6,20.33,0.0,30.0
2017-09-17,31.1,66,31,14.8,21.4,0.0,31.0
2017-09-18,31.1,67,2,14.3,21.9,0.0,31.0
2017-09-19,31.4,66,1,14.4,21.79,0.0,32.0
2017-09-20,30.7,71,28,17.2,18.27,1.1,30.0
2017-09-21,31.0,70,11,15.6,20.53,0.0,30.0
2017-09-22,30.8,71,30,16.9,19.61,0.0,30.0
2017-09-23,29.4,61,29,16.6,19.65,0.0,29.0
2017-09-24,29.4,59,22,16.8,20.88,0.0,29.0
2017-09-25,30.7,61,64,18.7,20.57,0.0,30.0
2017-09-26,29.8,64,65,16.7,20.24,0.0,29.0
2017-09-27,30.0,66,22,17.2,19.03,0.0,29.0
2017-09-28,29.1,61,20,16.5,20.28,0.0,29.0
2017-09-29,29.6,58,43,17.2,18.96,0.0,29.0
2017-09-30,29.2,60,18,17.2,18.35,0.0,29.0
2017-10-01,30.3,60,6,15.7,20.03,0.0,30.0
2017-10-02,34.4,50,0,14.1,20.29,0.0,34.0
2017-10-03,30.4,68,12,17.5,19.33,0.0,29.0
2017-10-04,28.8,61,32,16.4,18.49,0.0,29.0
2017-10-05,29.2,66,29,17.4,16.79,0.0,28.0
2017-10-06,29.2,67,17,16.9,17.86,0.0,28.0
2017-10-07,29.5,61,3,14.7,19.29,0.0,30.0
2017-10-08,28.4,61,20,19.4,14.28,7.1,30.0
2017-10-09,25.1,78,44,15.5,12.1,5.5,26.0
2017-10-10,26.7,60,47,14.7,15.99,0.4,26.0
2017-10-11,27.4,64,22,14.8,17.79,0.0,27.0
2017-10-12,27.1,63,9,16.3,18.06,0.0,27.0
2017-10-13,28.5,59,26,16.8,17.84,0.0,27.0
2017-10-14,28.1,59,21,16.8,16.81,0.0,27.0
2017-10-15,27.5,55,14,16.5,17.41,0.0,27.0
2017-10-16,25.8,64,19,15.2,15.61,0.8,26.0
2017-10-17,28.3,65,4,16.9,17.45,0.1,28.0
2017-10-18,32.9,47,0,18.2,18.0,0.0,32.0
2017-10-19,33.9,42,0,16.5,18.05,0.0,34.0
2017-10-20,29.5,76,18,15.6,15.87,0.0,28.0
2017-10-21,27.6,76,41,15.7,14.98,0.0,27.0
2017-10-22,27.6,69,27,14.9,15.96,0.0,26.0
2017-10-23,27.3,67,9,14.6,16.87,0.0,26.0
2017-10-24,26.5,67,32,13.3,15.22,0.0,27.0
2017-10-25,28.5,58,0,15.3,16.82,0.0,28.0
2017-10-26,32.4,47,3,21.5,16.86,0.0,33.0
2017-10-27,29.2,50,4,13.1,16.59,0.0,30.0
2017-10-28,25.7,66,35,16.4,11.12,3.0,26.0
2017-10-29,26.1,54,9,18.9,14.97,0.0,26.0
2017-10-30,24.6,61,46,20.1,10.58,1.4,24.0
2017-10-31,24.6,74,42,17.2,11.1,1.0,25.0
2017-11-01,26.3,63,34,17.7,15.22,0.0,25.0
2017-11-02,24.4,66,27,12.9,12.91,0.3,24.0
2017-11-03,24.8,63,22,16.2,14.72,0.0,24.0
2017-11-04,25.2,64,27,13.5,13.66,0.1,25.0
2017-11-05,24.4,67,22,15.2,13.6,0.3,24.0
2017-11-06,24.4,62,50,15.8,12.16,0.3,24.0
2017-11-07,25.2,64,22,19.9,15.01,0.0,25.0
2017-11-08,23.9,72,42,19.3,9.92,0.9,25.0
2017-11-09,25.0,63,31,14.8,11.35,0.0,24.0
2017-11-10,24.4,66,4,13.1,14.89,0.0,23.0
2017-11-11,24.8,68,11,14.7,14.43,0.0,24.0
2017-11-12,29.9,44,84,12.6,13.35,0.0,30.0
2017-11-13,31.4,43,59,18.1,12.8,0.0,30.0
2017-11-14,26.6,56,45,13.7,14.49,0.0,26.0
2017-11-15,26.9,62,1,15.0,14.8,0.0,27.0
2017-11-16,28.2,57,33,13.8,14.61,0.0,27.0
2017-11-17,26.0,55,27,9.9,14.35,0.0,26.0
2017-11-18,27.2,68,97,9.8,11.33,0.0,26.0
2017-11-19,24.7,76,57,14.5,9.9,0.0,25.0
2017-11-20,23.2,75,67,16.9,10.93,0.0,23.0
2017-11-21,19.7,74,76,22.2,5.92,10.2,19.0
2017-11-22,18.9,54,62,21.2,7.85,0.4,20.0
2017-11-23,18.6,78,49,14.0,9.66,1.3,19.0
2017-11-24,19.6,76,55,11.0,9.19,2.0,20.0
2017-11-25,23.1,60,68,12.1,10.6,0.3,23.0
2017-11-26,22.8,64,26,12.2,12.14,0.3,23.0
2017-11-27,20.8,82,39,10.8,9.91,0.6,22.0
2017-11-28,21.6,78,39,9.7,11.85,0.0,22.0
2017-11-29,20.8,74,29,16.0,9.9,3.3,22.0
2017-11-30,21.3,74,17,17.1,11.39,0.0,22.0
2017-12-01,25.0,54,0,15.9,13.01,0.0,25.0
2017-12-02,26.6,41,0,15.2,12.98,0.0,27.0
2017-12-03,27.6,42,0,11.8,13.01,0.0,28.0
2017-12-04,27.3,42,22,11.0,13.02,0.0,27.0
2017-12-05,22.4,58,90,16.6,10.57,0.0,22.0
2017-12-06,18.7,56,69,27.4,5.92,2.7,19.0
2017-12-07,17.8,51,49,20.9,10.13,0.0,17.0
2017-12-08,18.7,59,9,10.0,12.48,0.0,18.0
2017-12-09,20.9,56,25,8.0,12.89,0.0,21.0
2017-12-10,21.1,56,78,9.4,11.3,0.0,21.0
2017-12-11,24.6,43,74,9.0,11.19,0.0,24.0
2017-12-12,28.7,28,59,10.7,11.81,0.0,30.0
2017-12-13,21.1,60,63,19.8,7.79,0.1,21.0
2017-12-14,21.9,71,60,13.8,9.43,0.2,21.0
2017-12-15,20.3,80,36,11.9,8.94,0.6,21.0
2017-12-16,22.8,74,9,12.6,11.86,0.0,23.0
2017-12-17,24.1,58,33,12.8,11.66,0.3,25.0
2017-12-18,26.4,45,85,11.2,9.47,0.2,24.0
2017-12-19,26.1,45,97,10.6,7.75,0.0,24.0
2017-12-20,23.5,44,100,9.7,7.06,0.0,22.0
2017-12-21,26.2,45,100,10.3,6.93,0.0,24.0
2017-12-22,27.7,34,99,10.7,8.27,0.0,27.0
2017-12-23,23.4,54,98,17.6,7.47,0.0,23.0
2017-12-24,18.8,73,87,27.8,7.89,4.1,18.0
2017-12-25,16.7,64,49,25.5,8.22,1.8,17.0
2017-12-26,21.9,65,13,10.6,12.37,0.0,21.0
2017-12-27,23.5,52,81,17.7,12.01,0.0,22.0
2017-12-28,20.2,63,96,8.4,6.9,0.0,20.0
2017-12-29,19.8,65,80,8.4,4.76,0.0,20.0
2017-12-30,19.2,78,35,19.2,8.42,2.8,20.0
2017-12-31,18.2,61,19,18.4,11.27,0.3,
2018-01-01,15.7,73,66,21.0,7.37,3.2,14.0
2018-01-02,18.9,74,67,19.4,7.07,2.0,17.0
2018-01-03,18.9,69,78,12.1,11.15,0.1,19.0
2018-01-04,16.8,67,46,28.8,8.48,3.7,17.0
2018-01-05,14.5,81,90,36.3,3.74,34.7,17.0
2018-01-06,17.5,81,43,17.1,9.3,5.1,18.0
2018-01-07,19.1,79,2,13.6,12.58,0.0,19.0
2018-01-08,20.5,69,9,14.5,13.0,0.0,20.0
2018-01-09,18.6,75,8,11.0,12.52,0.0,18.0
2018-01-10,19.0,79,89,10.6,11.73,0.0,19.0
2018-01-11,23.2,55,37,12.5,13.14,0.0,25.0
2018-01-12,19.2,72,16,14.9,10.52,0.0,19.0
2018-01-13,20.3,78,0,10.1,13.19,0.0,21.0
2018-01-14,17.5,76,56,23.8,9.26,4.4,18.0
2018-01-15,18.3,79,45,13.5,9.81,3.8,19.0
2018-01-16,18.2,75,68,13.0,10.93,0.0,19.0
2018-01-17,16.0,82,63,15.7,6.25,4.1,16.0
2018-01-18,18.3,68,38,37.7,12.63,3.3,19.0
2018-01-19,15.4,57,63,38.2,8.76,5.2,15.0
2018-01-20,17.3,66,70,12.8,10.54,0.0,17.0
2018-01-21,20.1,67,90,8.9,13.18,0.0,21.0
2018-01-22,19.0,51,29,20.4,14.03,0.0,19.0
2018-01-23,15.9,73,69,26.4,6.67,4.5,17.0
2018-01-24,15.5,89,84,13.7,5.91,9.3,16.0
2018-01-25,14.7,89,83,20.9,7.32,20.6,14.0
2018-01-26,11.8,81,84,26.3,6.3,17.1,11.0
2018-01-27,15.1,87,46,16.8,9.54,8.4,13.0
2018-01-28,16.0,83,30,10.5,11.23,0.9,16.0
2018-01-29,16.6,83,48,8.7,11.12,4.2,18.0
2018-01-30,17.1,84,33,13.1,11.01,0.4,18.0
2018-01-31,18.0,77,5,12.7,14.84,0.0,18.0
2018-02-01,20.0,76,0,12.5,15.18,0.0,20.0
2018-02-02,20.0,75,1,7.4,15.33,0.0,22.0
2018-02-03,21.8,74,55,10.2,15.22,0.0,22.0
2018-02-04,25.1,61,68,8.8,15.08,0.0,27.0
2018-02-05,24.1,57,75,8.4,11.61,0.0,25.0
2018-02-06,24.5,55,61,10.2,11.47,0.0,23.0
2018-02-07,24.9,58,57,10.3,14.4,0.0,25.0
2018-02-08,24.1,53,92,9.3,13.55,0.0,23.0
2018-02-09,25.1,69,79,15.3,15.04,0.0,24.0
2018-02-10,26.3,65,99,10.1,13.19,0.0,24.0
2018-02-11,22.6,61,100,18.2,8.16,0.1,23.0
2018-02-12,19.5,85,100,11.9,10.23,4.5,21.0
2018-02-13,16.2,81,69,24.4,9.54,10.1,17.0
2018-02-14,18.6,74,82,13.5,14.2,0.0,19.0
2018-02-15,21.9,67,81,11.6,11.44,0.0,22.0
2018-02-16,20.4,80,41,14.4,15.26,0.3,20.0
2018-02-17,15.0,85,81,21.6,10.94,35.6,15.0
2018-02-18,18.6,77,45,29.4,13.52,11.3,19.0
2018-02-19,18.0,80,73,15.0,13.29,0.0,19.0
2018-02-20,19.6,75,65,10.7,14.34,0.0,21.0
2018-02-21,20.9,74,52,9.1,16.85,0.4,21.0
2018-02-22,21.4,74,42,11.4,17.32,9.8,21.0
2018-02-23,20.5,76,47,12.9,14.74,0.1,20.0
2018-02-24,19.6,81,25,15.1,16.21,1.1,20.0
2018-02-25,22.0,68,86,28.1,13.59,0.0,23.0
2018-02-26,21.9,71,60,19.2,11.56,2.9,23.0
2018-02-27,18.2,81,50,13.9,12.86,11.2,19.0
2018-02-28,20.4,72,4,16.2,19.32,0.0,21.0
2018-03-01,21.8,81,11,11.0,18.65,0.0,23.0
2018-03-02,22.5,72,38,9.3,18.87,0.0,23.0
2018-03-03,24.6,73,62,10.2,19.49,0.0,27.0
2018-03-04,29.3,51,23,12.6,19.51,0.0,30.0
2018-03-05,25.1,59,3,14.1,19.71,0.0,27.0
2018-03-06,25.7,65,18,25.5,19.8,0.0,26.0
2018-03-07,23.6,77,31,9.0,20.26,0.0,24.0
2018-03-08,31.1,51,47,21.4,19.58,0.0,31.0
2018-03-09,19.2,76,65,19.1,15.93,0.0,20.0
2018-03-10,19.5,72,61,16.1,15.67,0.7,20.0
2018-03-11,19.7,77,32,15.8,18.21,0.1,20.0
2018-03-12,21.1,79,13,16.6,19.82,0.0,22.0
2018-03-13,21.5,76,40,13.5,21.04,0.0,21.0
2018-03-14,23.1,67,14,15.5,21.16,0.0,24.0
2018-03-15,20.0,79,71,11.8,13.71,0.0,21.0
2018-03-16,19.9,76,46,14.8,17.48,0.0,20.0
2018-03-17,21.1,73,20,14.8,21.66,0.0,21.0
2018-03-18,29.9,49,75,10.8,21.17,0.0,30.0
2018-03-19,34.4,36,0,11.0,22.4,0.0,35.0
2018-03-20,23.9,74,2,15.5,22.3,0.0,24.0
2018-03-21,27.3,57,0,13.9,22.73,0.0,26.0
2018-03-22,34.2,38,35,10.5,23.19,0.0,34.0
2018-03-23,36.1,29,92,14.9,19.5,0.0,37.0
2018-03-24,23.9,63,71,18.3,14.32,0.7,27.0
2018-03-25,21.6,65,18,18.4,21.93,0.0,22.0
2018-03-26,30.1,65,28,16.0,23.22,0.0,31.0
2018-03-27,27.2,77,71,13.2,23.01,0.0,26.0
2018-03-28,31.0,61,96,15.7,12.18,1.4,32.0
2018-03-29,23.7,66,51,28.3,17.59,3.2,21.0
2018-03-30,18.9,67,71,24.6,10.67,1.2,20.0
2018-03-31,21.9,73,21,16.6,22.36,0.0,22.0
2018-04-01,24.4,74,48,13.9,20.38,0.0,25.0
2018-04-02,25.2,77,26,14.5,23.81,0.0,24.0
2018-04-03,22.2,75,82,16.6,19.6,0.0,21.0
2018-04-04,26.1,69,24,19.9,23.44,0.0,27.0
2018-04-05,30.1,50,67,14.8,22.9,0.0,27.0
2018-04-06,26.5,67,2,11.8,23.69,0.0,26.0
2018-04-07,25.2,79,29,13.2,23.46,0.0,26.0
2018-04-08,22.9,76,13,16.1,24.03,0.2,22.0
2018-04-09,20.8,72,17,16.5,20.08,1.3,21.0
2018-04-10,19.2,78,48,18.9,17.21,4.2,20.0
2018-04-11,21.6,78,25,13.8,20.15,0.7,22.0
2018-04-12,24.2,76,22,14.8,23.91,0.0,24.0
2018-04-13,27.0,66,0,15.4,24.4,0.0,28.0
2018-04-14,25.1,77,0,14.2,24.66,0.0,26.0
2018-04-15,25.2,79,15,15.1,24.45,0.0,26.0
2018-04-16,26.2,77,16,16.7,25.29,0.0,26.0
2018-04-17,29.0,56,2,14.5,25.4,0.0,29.0
2018-04-18,32.4,45,0,12.5,25.53,0.0,32.0
2018-04-19,26.9,75,1,18.2,25.51,0.0,26.0
2018-04-20,24.1,77,54,18.8,22.76,0.0,24.0
2018-04-21,23.4,71,45,23.9,22.14,0.0,23.0
2018-04-22,22.4,68,31,19.9,22.32,3.1,23.0
2018-04-23,24.2,66,5,18.3,25.75,0.0,23.0
2018-04-24,27.4,69,7,22.4,26.0,0.0,26.0
2018-04-25,22.1,79,84,16.9,14.3,19.0,23.0
2018-04-26,21.4,83,89,13.8,14.28,17.2,22.0
2018-04-27,24.0,73,36,12.2,24.6,2.2,24.0
2018-04-28,23.9,80,58,15.2,19.72,0.2,24.0
2018-04-29,26.5,74,1,11.5,25.63,0.0,28.0
2018-04-30,32.3,58,26,13.1,23.37,0.0,34.0
2018-05-01,33.2,36,51,22.3,22.68,2.8,35.0
2018-05-02,34.8,39,34,25.6,23.74,0.5,37.0
2018-05-03,35.2,43,66,11.8,23.43,0.0,36.0
2018-05-04,36.4,40,47,14.8,22.77,0.0,37.0
2018-05-05,26.5,74,49,20.6,24.49,0.1,26.0
2018-05-06,28.7,73,92,10.5,17.74,0.1,29.0
2018-05-07,27.5,67,50,20.7,19.75,4.9,31.0
2018-05-08,22.8,74,49,17.1,13.64,1.6,24.0
2018-05-09,24.4,77,15,15.5,24.22,0.5,25.0
2018-05-10,34.2,60,50,18.2,22.62,0.5,36.0
2018-05-11,26.5,79,19,18.2,27.35,0.1,26.0
2018-05-12,23.4,76,35,18.4,20.97,3.9,23.0
2018-05-13,23.2,78,43,20.8,20.51,4.1,25.0
2018-05-14,23.8,77,30,15.5,22.23,1.9,25.0
2018-05-15,25.4,77,14,19.5,26.76,0.0,25.0
2018-05-16,28.5,73,48,15.3,26.83,0.0,28.0
2018-05-17,37.8,54,26,21.2,27.68,0.0,39.0
2018-05-18,41.8,30,4,29.5,26.82,0.0,42.0
2018-05-19,37.0,44,3,22.5,27.3,0.0,36.0
2018-05-20,32.3,62,5,16.0,27.68,0.0,33.0
2018-05-21,34.1,60,18,14.5,27.89,0.0,34.0
2018-05-22,39.0,37,59,20.3,22.91,0.0,39.0
2018-05-23,30.4,62,58,15.8,27.64,0.0,31.0
2018-05-24,29.9,73,15,18.2,27.39,0.0,30.0
2018-05-25,33.2,52,33,16.4,25.1,0.0,35.0
2018-05-26,29.9,70,16,18.0,25.49,0.0,29.0
2018-05-27,29.4,73,36,17.4,27.91,0.0,28.0
2018-05-28,30.5,74,58,19.7,24.2,0.0,29.0
2018-05-29,28.0,74,35,15.9,23.7,0.0,28.0
2018-05-30,27.8,72,15,17.0,25.31,1.2,28.0
2018-05-31,27.2,76,20,15.3,24.86,1.2,28.0
2018-06-01,27.9,72,13,18.2,26.42,0.3,28.0
2018-06-02,28.1,69,13,16.3,27.37,0.0,27.0
2018-06-03,27.0,71,17,13.8,24.92,2.9,28.0
2018-06-04,28.1,72,17,16.5,26.12,1.3,28.0
2018-06-05,29.7,72,18,18.3,26.93,0.0,29.0
2018-06-06,31.0,67,0,19.1,28.74,0.0,29.0
2018-06-07,32.1,72,1,21.3,28.55,0.0,31.0
2018-06-08,33.0,72,0,17.1,28.92,0.0,31.0
2018-06-09,31.4,73,25,16.4,28.84,0.0,30.0
2018-06-10,31.7,70,9,18.2,28.93,0.0,33.0
2018-06-11,29.1,71,23,17.3,27.06,0.4,29.0
2018-06-12,28.5,72,24,18.0,25.03,0.5,28.0
2018-06-13,28.2,78,39,15.5,23.95,6.6,29.0
2018-06-14,31.3,67,6,15.9,29.25,0.0,31.0
2018-06-15,33.0,59,0,15.9,29.73,0.0,33.0
2018-06-16,41.5,34,19,14.7,29.13,0.0,41.0
2018-06-17,32.1,65,14,14.6,28.72,0.0,31.0
2018-06-18,29.8,67,6,17.0,28.68,0.0,29.0
2018-06-19,32.4,59,10,16.3,29.03,0.0,31.0
2018-06-20,31.1,66,1,16.3,28.98,0.0,30.0
2018-06-21,30.9,65,9,18.2,28.47,0.0,30.0
2018-06-22,33.2,62,2,17.9,28.4,0.0,32.0
2018-06-23,31.7,61,2,16.3,28.71,0.0,31.0
2018-06-24,30.9,67,15,18.7,28.26,0.0,31.0
2018-06-25,31.0,66,27,17.2,28.61,0.0,30.0
2018-06-26,32.4,67,25,18.3,29.05,0.0,31.0
2018-06-27,34.5,65,15,19.6,30.12,0.0,33.0
2018-06-28,31.6,71,19,17.3,27.76,0.0,32.0
2018-06-29,29.9,60,37,17.3,26.28,0.0,30.0
2018-06-30,29.9,59,57,16.6,24.25,0.1,30.0
2018-07-01,31.3,61,29,18.5,28.37,0.0,30.0
2018-07-02,30.8,66,19,17.4,28.52,0.0,30.0
2018-07-03,30.5,67,30,15.4,27.92,0.0,30.0
2018-07-04,32.0,69,12,15.7,28.41,0.0,31.0
2018-07-05,32.6,75,18,17.0,27.63,0.0,32.0
2018-07-06,32.6,76,33,19.2,28.17,0.1,32.0
2018-07-07,33.6,71,18,18.5,29.01,0.0,32.0
2018-07-08,32.7,71,21,16.6,29.18,0.0,32.0
2018-07-09,32.7,70,17,17.6,28.83,0.0,33.0
2018-07-10,32.0,70,13,17.4,28.63,0.0,32.0
2018-07-11,32.5,65,26,18.6,28.11,0.0,32.0
2018-07-12,30.9,62,34,17.4,27.48,0.0,31.0
2018-07-13,31.5,62,46,19.3,23.97,0.0,31.0
2018-07-14,31.4,72,43,19.3,22.46,0.2,31.0
2018-07-15,32.4,70,18,17.2,26.9,0.0,32.0
2018-07-16,33.3,69,7,16.6,28.25,0.0,32.0
2018-07-17,32.4,75,26,16.6,26.82,0.3,32.0
2018-07-18,32.5,70,19,17.0,28.23,0.0,32.0
2018-07-19,32.2,69,18,17.7,26.86,0.0,32.0
2018-07-20,31.5,64,35,18.0,25.96,0.0,31.0
2018-07-21,32.0,63,18,18.6,26.69,0.1,31.0
2018-07-22,32.3,66,15,18.0,27.24,0.0,31.0
2018-07-23,32.5,72,13,20.3,26.9,0.0,33.0
2018-07-24,34.4,66,4,17.4,27.66,0.0,34.0
2018-07-25,40.3,44,1,19.7,28.32,0.0,39.0
2018-07-26,32.9,70,17,17.5,27.42,0.0,32.0
2018-07-27,32.7,65,11,18.2,27.41,0.0,31.0
2018-07-28,31.2,60,45,17.5,24.29,0.6,31.0
2018-07-29,31.4,65,21,18.2,24.75,0.0,31.0
2018-07-30,32.1,64,17,17.1,26.56,0.0,31.0
2018-07-31,32.6,67,16,17.8,26.81,0.0,31.0
2018-08-01,32.0,66,21,17.7,25.82,0.0,31.0
2018-08-02,31.7,70,54,20.8,20.73,1.3,31.0
2018-08-03,32.3,71,42,17.9,22.1,0.0,32.0
2018-08-04,32.6,71,35,17.3,24.45,0.2,33.0
2018-08-05,32.5,70,19,16.7,26.04,0.0,32.0
2018-08-06,32.5,67,21,17.1,26.63,0.0,32.0
2018-08-07,31.8,63,43,18.5,24.73,0.0,31.0
2018-08-08,32.5,66,30,16.5,24.18,0.1,32.0
2018-08-09,33.0,71,13,16.0,25.98,0.0,32.0
2018-08-10,33.7,73,14,16.3,25.97,0.0,33.0
2018-08-11,33.7,73,6,17.2,26.47,0.0,33.0
2018-08-12,32.7,73,14,16.5,25.44,0.0,32.0
2018-08-13,32.1,68,19,19.4,24.99,0.0,32.0
2018-08-14,31.7,65,26,18.4,25.24,0.0,31.0
2018-08-15,32.2,69,28,17.6,25.46,0.0,32.0
2018-08-16,32.2,71,27,16.3,25.46,0.0,32.0
2018-08-17,31.9,67,37,16.8,24.62,0.0,31.0
2018-08-18,31.7,65,36,17.2,24.25,0.0,31.0
2018-08-19,31.7,63,23,17.6,24.66,0.0,31.0
2018-08-20,32.7,64,24,15.9,24.45,0.0,32.0
2018-08-21,32.6,66,24,17.1,25.03,0.0,32.0
2018-08-22,32.9,67,27,17.6,23.51,0.0,31.0
2018-08-23,32.8,71,24,16.3,23.44,0.0,32.0
2018-08-24,33.2,73,25,15.8,24.75,0.0,33.0
2018-08-25,32.6,71,23,18.2,24.37,0.0,31.0
2018-08-26,31.8,67,37,18.5,20.99,0.0,32.0
2018-08-27,31.9,63,34,17.7,21.5,0.4,32.0
2018-08-28,32.2,67,22,16.6,21.93,0.0,32.0
2018-08-29,33.4,65,7,20.1,23.86,0.0,32.0
2018-08-30,31.9,66,25,16.3,23.92,0.0,31.0
2018-08-31,32.6,68,30,16.3,23.8,0.0,31.0
2018-09-01,32.9,70,42,16.4,23.12,0.0,31.0
2018-09-02,32.0,71,16,14.8,22.81,0.0,31.0
2018-09-03,33.1,73,5,15.2,24.08,0.0,31.0
2018-09-04,34.3,73,17,16.2,24.13,0.0,33.0
2018-09-05,33.4,71,9,17.5,23.51,0.0,33.0
2018-09-06,31.0,67,39,18.1,19.75,0.4,31.0
2018-09-07,31.3,59,16,18.6,22.45,0.1,31.0
2018-09-08,30.6,58,15,18.1,20.06,0.0,30.0
2018-09-09,30.8,63,18,15.5,19.84,0.2,31.0
2018-09-10,31.8,63,18,16.1,21.59,0.1,31.0
2018-09-11,32.3,68,9,18.6,23.05,0.0,31.0
2018-09-12,32.9,71,10,18.2,22.76,0.0,32.0
2018-09-13,32.1,68,24,18.7,21.45,0.0,32.0
2018-09-14,30.9,61,10,16.1,22.47,0.0,30.0
2018-09-15,30.9,61,27,17.6,20.61,0.0,30.0
2018-09-16,31.2,63,22,17.9,22.59,0.0,30.0
2018-09-17,32.2,65,35,18.1,20.98,0.0,30.0
2018-09-18,31.9,70,20,16.6,21.75,0.0,31.0
2018-09-19,32.0,69,9,17.7,21.3,0.0,31.0
2018-09-20,32.1,69,7,17.2,21.85,0.0,31.0
2018-09-21,30.9,68,26,15.9,21.31,0.0,30.0
2018-09-22,31.6,70,20,16.8,20.84,0.0,30.0
2018-09-23,31.9,74,8,16.9,21.17,0.0,31.0
2018-09-24,31.9,74,6,16.5,21.56,0.0,31.0
2018-09-25,31.3,73,35,16.1,19.96,0.0,30.0
2018-09-26,31.3,68,25,15.7,20.16,0.0,30.0
2018-09-27,31.1,67,21,15.8,20.42,0.0,30.0
2018-09-28,33.2,63,0,17.0,21.17,0.0,32.0
2018-09-29,34.5,56,24,18.4,19.8,0.0,33.0
2018-09-30,34.5,58,80,11.5,17.24,0.0,33.0
2018-10-01,33.8,76,94,17.1,10.9,0.5,32.0
2018-10-02,32.9,73,33,18.8,19.46,0.0,31.0
2018-10-03,32.8,73,27,18.0,19.4,0.0,31.0
2018-10-04,30.6,72,45,17.6,18.92,0.0,29.0
2018-10-05,30.1,68,80,15.1,18.88,0.0,29.0
2018-10-06,30.7,71,78,15.7,16.08,0.0,29.0
2018-10-07,30.5,72,87,17.7,14.9,0.0,29.0
2018-10-08,29.1,69,44,12.8,15.74,0.9,29.0
2018-10-09,28.5,66,71,15.4,16.29,0.2,28.0
2018-10-10,28.5,68,42,16.6,16.06,0.0,28.0
2018-10-11,29.4,61,36,18.4,15.81,0.0,28.0
2018-10-12,28.7,61,23,15.0,16.73,0.0,28.0
2018-10-13,29.0,65,11,16.2,16.83,0.1,29.0
2018-10-14,29.5,67,6,17.1,16.86,0.0,28.0
2018-10-15,28.1,69,63,15.6,13.09,0.8,28.0
2018-10-16,28.6,66,20,16.8,15.85,0.0,28.0
2018-10-17,28.4,72,28,16.7,14.25,0.8,28.0
2018-10-18,29.2,76,40,13.9,15.4,0.1,28.0
2018-10-19,28.4,78,51,14.3,12.66,4.0,28.0
2018-10-20,27.7,79,68,13.7,13.33,0.8,28.0
2018-10-21,27.8,77,15,13.8,15.56,0.2,28.0
2018-10-22,35.3,51,25,9.1,16.38,0.0,36.0
2018-10-23,33.1,45,74,13.3,12.48,0.0,33.0
2018-10-24,31.7,52,49,14.6,14.49,0.0,33.0
2018-10-25,28.2,59,46,29.4,13.71,5.4,30.0
2018-10-26,22.4,57,62,25.7,10.72,5.1,24.0
2018-10-27,24.3,61,33,14.8,14.7,0.0,25.0
2018-10-28,26.3,44,0,15.5,17.2,0.0,27.0
2018-10-29,28.9,38,0,15.0,17.21,0.0,29.0
2018-10-30,30.2,32,0,15.9,16.97,0.0,31.0
2018-10-31,30.4,30,2,19.7,16.72,0.0,30.0
2018-11-01,30.5,28,0,20.5,16.73,0.0,31.0
2018-11-02,31.0,22,0,15.0,16.52,0.0,30.0
2018-11-03,29.6,28,0,15.5,16.01,0.0,29.0
2018-11-04,27.8,47,5,14.3,15.04,0.2,26.0
2018-11-05,22.8,74,59,14.5,12.9,6.7,24.0
2018-11-06,23.2,84,48,12.2,11.23,3.9,23.0
2018-11-07,24.0,78,23,11.5,13.26,1.7,24.0
2018-11-08,25.2,71,30,10.1,13.59,0.0,25.0
2018-11-09,25.8,62,68,10.7,12.82,0.6,27.0
2018-11-10,24.9,67,38,16.5,12.84,3.4,25.0
2018-11-11,22.5,81,34,14.1,11.58,3.8,24.0
2018-11-12,23.4,77,24,13.5,12.74,0.2,24.0
2018-11-13,24.4,68,42,12.7,13.14,0.1,24.0
2018-11-14,21.6,82,47,12.0,10.53,4.2,23.0
2018-11-15,21.9,81,31,11.5,11.77,1.8,22.0
2018-11-16,19.5,87,59,20.4,6.24,8.5,18.0
2018-11-17,24.8,74,22,12.1,13.91,0.0,25.0
2018-11-18,26.7,63,56,12.3,13.32,0.0,26.0
2018-11-19,25.6,67,35,9.7,12.51,0.2,26.0
2018-11-20,24.5,83,24,11.8,13.27,0.0,24.0
2018-11-21,24.1,83,83,12.6,11.11,0.1,24.0
2018-11-22,23.6,75,68,12.9,10.64,2.3,22.0
2018-11-23,18.8,87,92,15.8,7.33,22.5,20.0
2018-11-24,20.6,83,74,12.0,10.37,2.5,19.0
2018-11-25,20.9,79,45,11.0,11.0,1.0,22.0
2018-11-26,22.6,80,49,8.5,10.98,0.6,22.0
2018-11-27,25.2,70,48,9.9,10.99,0.0,24.0
2018-11-28,26.6,60,66,10.1,12.66,0.0,25.0
2018-11-29,23.3,76,84,7.0,9.28,0.0,23.0
2018-11-30,23.7,81,26,19.2,11.09,3.7,24.0
2018-12-01,18.2,73,48,20.7,7.89,1.9,21.0
2018-12-02,23.3,66,86,9.9,11.35,0.0,23.0
2018-12-03,24.9,64,65,12.3,10.99,0.1,25.0
2018-12-04,19.8,67,33,20.9,10.66,0.6,21.0
2018-12-05,20.1,57,57,24.3,10.44,0.4,21.0
2018-12-06,16.7,82,89,26.0,4.47,7.9,17.0
2018-12-07,16.9,87,77,28.8,5.96,26.3,17.0
2018-12-08,16.3,91,97,23.0,4.35,46.1,15.0
2018-12-09,19.8,83,70,10.1,7.87,0.1,18.0
2018-12-10,19.7,72,19,16.2,10.37,0.2,20.0
2018-12-11,20.4,60,25,21.1,11.88,0.0,21.0
2018-12-12,19.8,66,57,23.9,9.86,1.5,21.0
2018-12-13,18.9,64,25,15.9,10.35,0.0,19.0
2018-12-14,21.4,61,0,10.5,12.39,0.0,22.0
2018-12-15,23.2,58,24,17.7,12.44,0.0,24.0
2018-12-16,20.9,66,92,17.6,7.47,0.0,22.0
2018-12-17,19.0,68,27,21.3,10.79,1.1,20.0
2018-12-18,19.3,81,52,15.0,6.85,1.9,20.0
2018-12-19,19.3,67,22,19.2,10.38,0.1,19.0
2018-12-20,17.5,80,71,23.9,6.74,13.6,18.0
2018-12-21,18.4,83,51,9.4,9.42,2.5,19.0
2018-12-22,19.5,84,20,10.5,10.73,0.0,20.0
2018-12-23,19.0,82,41,11.8,10.4,0.2,21.0
2018-12-24,19.0,85,47,10.5,7.51,1.3,20.0
2018-12-25,20.5,83,14,11.5,11.54,0.0,21.0
2018-12-26,18.6,77,33,16.7,9.7,0.4,19.0
2018-12-27,14.9,72,65,27.4,5.94,14.8,16.0
2018-12-28,17.0,67,70,23.3,6.12,1.4,16.0
2018-12-29,15.3,88,72,13.3,6.48,7.9,13.0
2018-12-30,15.6,86,56,15.3,8.89,3.8,15.0
2018-12-31,16.5,83,55,12.6,8.33,3.0,17.0
2019-01-01,18.3,68,4,11.5,12.12,0.1,19.0
2019-01-02,17.8,66,33,20.4,11.04,0.7,18.0
2019-01-03,16.7,63,44,22.2,6.76,0.2,17.0
2019-01-04,17.9,67,5,11.6,12.7,0.0,19.0
2019-01-05,17.3,74,47,14.1,10.79,0.0,17.0
2019-01-06,14.2,61,54,35.7,9.4,4.6,15.0
2019-01-07,14.2,60,60,26.3,10.96,4.9,15.0
2019-01-08,15.3,62,51,33.1,10.38,5.5,16.0
2019-01-09,13.7,74,64,22.7,8.69,4.9,12.0
2019-01-10,17.4,72,32,9.2,12.84,0.3,18.0
2019-01-11,17.4,63,20,10.8,13.3,0.0,17.0
2019-01-12,18.6,72,15,10.5,13.18,0.0,19.0
2019-01-13,15.7,51,19,30.7,12.48,0.3,17.0
2019-01-14,14.8,76,69,25.6,6.65,5.3,15.0
2019-01-15,17.1,53,1,17.9,13.49,0.0,17.0
2019-01-16,14.8,58,55,40.8,9.71,9.6,16.0
2019-01-17,15.4,64,57,25.8,8.04,3.6,16.0
2019-01-18,16.3,71,43,12.6,8.72,0.4,17.0
2019-01-19,17.5,69,14,9.4,13.21,0.0,18.0
2019-01-20,17.5,74,64,10.0,12.68,0.0,17.0
2019-01-21,19.6,71,31,9.4,13.63,0.0,20.0
2019-01-22,18.3,76,5,12.3,13.92,0.0,19.0
2019-01-23,20.7,70,16,10.5,14.15,0.0,21.0
2019-01-24,23.8,53,18,23.6,13.49,0.0,24.0
2019-01-25,20.7,60,1,10.8,14.52,0.0,21.0
2019-01-26,23.8,63,0,11.5,14.22,0.0,24.0
2019-01-27,18.9,62,4,16.2,14.05,0.0,20.0
2019-01-28,15.2,69,50,26.8,7.24,4.0,16.0
2019-01-29,18.7,74,52,12.3,14.43,1.2,19.0
2019-01-30,19.3,54,19,20.8,14.7,0.0,19.0
2019-01-31,18.2,58,15,13.7,14.88,0.0,19.0
2019-02-01,18.8,57,34,11.9,14.94,0.0,19.0
2019-02-02,18.7,73,12,14.8,15.1,0.0,19.0
2019-02-03,21.0,62,11,12.6,15.56,0.0,21.0
2019-02-04,23.7,41,39,24.9,15.75,0.0,25.0
2019-02-05,24.7,40,21,29.7,15.56,0.0,26.0
2019-02-06,20.4,72,96,28.7,8.18,2.8,23.0
2019-02-07,17.7,92,77,13.0,7.17,29.8,17.0
2019-02-08,18.0,74,6,19.1,14.99,0.0,19.0
2019-02-09,16.6,80,65,16.3,9.46,7.4,17.0
2019-02-10,15.4,83,70,15.2,10.34,8.2,17.0
2019-02-11,16.7,80,43,13.2,13.05,4.5,17.0
2019-02-12,18.4,76,41,14.4,16.17,0.0,19.0
2019-02-13,22.4,65,29,8.8,16.7,0.0,23.0
2019-02-14,17.3,64,28,26.3,15.09,1.0,19.0
2019-02-15,15.9,56,61,26.8,11.76,1.2,16.0
2019-02-16,14.6,80,63,21.8,11.88,8.6,16.0
2019-02-17,16.8,71,29,15.3,15.29,0.4,17.0
2019-02-18,14.4,78,54,14.5,13.75,2.4,15.0
2019-02-19,16.4,81,39,12.4,12.56,2.3,16.0
2019-02-20,17.3,78,37,9.9,13.68,1.2,18.0
2019-02-21,16.4,79,22,12.8,15.29,0.5,18.0
2019-02-22,16.1,84,25,12.0,15.2,1.0,17.0
2019-02-23,17.3,83,18,10.5,15.84,1.7,18.0
2019-02-24,20.3,73,0,11.3,18.45,0.0,20.0
2019-02-25,27.3,46,3,21.9,18.72,0.0,28.0
2019-02-26,20.3,55,69,25.3,17.58,0.0,24.0
2019-02-27,15.6,84,67,24.4,11.27,7.8,17.0
2019-02-28,13.3,82,73,35.2,6.59,24.4,15.0
2019-03-01,16.1,64,70,22.4,11.74,0.5,16.0
2019-03-02,15.1,82,60,17.9,10.08,6.4,15.0
2019-03-03,17.8,58,22,22.7,15.47,0.0,19.0
2019-03-04,17.1,76,35,16.6,13.99,2.7,17.0
2019-03-05,17.4,85,85,13.3,12.26,2.0,19.0
2019-03-06,18.6,83,20,15.3,18.13,0.1,19.0
2019-03-07,17.3,82,48,16.8,12.83,0.4,18.0
2019-03-08,18.7,76,15,17.2,20.2,0.2,19.0
2019-03-09,19.9,69,0,15.3,20.91,0.0,20.0
2019-03-10,18.3,79,22,13.8,19.08,0.0,19.0
2019-03-11,19.2,75,39,13.6,19.22,0.0,20.0
2019-03-12,22.9,76,51,12.2,18.37,0.0,21.0
2019-03-13,24.7,61,48,21.2,16.95,0.1,25.0
2019-03-14,15.9,79,54,27.3,9.82,5.5,16.0
2019-03-15,19.3,74,35,21.8,17.63,1.7,20.0
2019-03-16,14.9,75,58,24.1,12.86,9.7,16.0
2019-03-17,18.0,71,40,21.3,17.09,2.0,18.0
2019-03-18,19.6,79,8,10.9,21.34,0.0,20.0
2019-03-19,23.0,71,4,14.7,22.24,0.0,24.0
2019-03-20,21.9,84,44,13.3,21.87,0.0,22.0
2019-03-21,21.4,85,44,14.8,21.56,0.0,21.0
2019-03-22,20.9,84,40,15.3,19.92,0.0,20.0
2019-03-23,20.4,85,82,12.2,18.17,1.0,20.0
2019-03-24,19.9,78,46,17.1,18.0,0.4,20.0
2019-03-25,16.2,80,61,20.8,13.56,13.8,15.0
2019-03-26,17.0,65,56,15.9,13.78,0.1,18.0
2019-03-27,19.0,75,40,20.8,18.77,2.4,19.0
2019-03-28,20.1,80,78,13.4,19.64,3.9,21.0
2019-03-29,22.8,62,90,17.6,11.19,1.4,23.0
2019-03-30,18.7,73,51,28.8,16.66,3.9,20.0
2019-03-31,14.1,85,90,23.2,7.73,14.2,15.0
2019-04-01,17.0,80,70,21.9,15.14,13.3,18.0
2019-04-02,19.0,76,36,15.1,18.7,1.6,19.0
2019-04-03,21.1,69,10,11.8,23.44,0.0,22.0
2019-04-04,21.6,72,35,14.8,21.59,0.0,22.0
2019-04-05,19.3,80,50,14.5,20.47,0.4,20.0
2019-04-06,23.8,69,90,8.7,13.86,0.0,25.0
2019-04-07,27.1,57,5,18.9,23.93,0.0,27.0
2019-04-08,24.4,74,20,13.8,24.27,0.0,25.0
2019-04-09,26.7,72,29,16.9,24.24,0.2,27.0
2019-04-10,19.9,73,31,15.1,22.76,0.0,21.0
2019-04-11,20.4,71,36,18.5,24.4,0.0,21.0
2019-04-12,22.8,76,20,19.5,24.97,0.0,24.0
2019-04-13,30.1,63,22,12.2,24.51,0.0,32.0
2019-04-14,23.3,55,58,25.2,23.31,0.0,24.0
2019-04-15,20.3,78,85,14.2,13.53,1.0,21.0
2019-04-16,20.0,81,46,17.2,18.59,5.5,21.0
2019-04-17,18.8,74,33,18.9,20.13,4.9,20.0
2019-04-18,19.0,72,37,17.7,20.83,1.6,20.0
2019-04-19,18.9,70,23,22.8,21.34,1.4,19.0
2019-04-20,18.5,68,34,21.1,18.78,1.1,20.0
2019-04-21,16.4,58,37,30.6,20.11,4.6,17.0
2019-04-22,18.0,61,45,20.2,19.28,0.0,19.0
2019-04-23,20.3,70,14,16.3,25.35,0.0,20.0
2019-04-24,27.1,58,16,18.4,25.35,0.0,28.0
2019-04-25,29.0,52,36,17.3,25.55,0.0,29.0
2019-04-26,30.0,53,32,17.4,25.96,0.0,31.0
2019-04-27,29.5,56,24,16.0,25.85,0.0,29.0
2019-04-28,27.1,71,0,13.1,26.55,0.0,27.0
2019-04-29,32.5,49,16,11.6,26.78,0.0,33.0
2019-04-30,27.8,69,40,11.6,24.67,0.0,28.0
2019-05-01,34.2,47,8,15.4,25.99,0.0,36.0
2019-05-02,32.3,57,76,16.6,18.02,0.0,33.0
2019-05-03,24.6,72,28,18.8,25.04,0.0,23.0
2019-05-04,23.1,71,19,16.4,26.43,0.0,23.0
2019-05-05,30.2,66,25,15.8,27.49,0.0,31.0
2019-05-06,38.5,50,73,20.5,22.41,0.0,38.0
2019-05-07,22.8,71,43,17.6,22.28,0.1,23.0
2019-05-08,21.8,70,23,15.6,23.0,0.2,23.0
2019-05-09,21.6,67,37,16.8,23.94,1.8,22.0
2019-05-10,21.7,64,47,15.6,21.63,0.3,22.0
2019-05-11,25.8,62,5,14.8,27.45,0.0,26.0
2019-05-12,29.4,61,17,16.5,27.45,0.0,30.0
2019-05-13,33.1,40,0,18.8,27.89,0.0,32.0
2019-05-14,32.5,48,0,14.8,27.98,0.0,33.0
2019-05-15,28.9,71,9,14.3,27.54,0.0,30.0
2019-05-16,34.5,59,3,16.1,27.84,0.0,35.0
2019-05-17,32.6,58,8,21.5,27.84,0.0,33.0
2019-05-18,28.1,62,6,13.3,28.27,0.0,28.0
2019-05-19,26.5,68,12,18.3,28.06,0.0,26.0
2019-05-20,28.0,74,6,18.1,27.77,0.0,27.0
2019-05-21,31.1,68,39,16.8,27.95,0.0,30.0
2019-05-22,33.5,44,46,14.5,28.27,0.0,34.0
2019-05-23,43.6,30,28,12.5,28.34,0.0,44.0
2019-05-24,42.3,30,67,19.5,25.79,0.0,42.0
2019-05-25,28.6,73,36,16.1,27.13,0.0,28.0
2019-05-26,29.0,70,29,18.6,27.86,0.0,28.0
2019-05-27,28.9,72,40,16.8,28.5,0.0,27.0
2019-05-28,28.9,76,28,15.0,27.39,0.0,28.0
2019-05-29,32.6,69,3,19.6,28.54,0.0,30.0
2019-05-30,35.1,59,0,21.2,28.66,0.0,35.0
2019-05-31,32.9,67,42,16.8,28.17,0.0,32.0
2019-06-01,30.5,74,9,15.3,28.59,0.0,31.0
2019-06-02,31.3,75,4,15.5,28.59,0.0,31.0
2019-06-03,32.2,73,29,17.4,28.35,0.0,31.0
2019-06-04,32.5,63,60,24.7,28.02,0.0,33.0
2019-06-05,34.2,54,42,21.7,27.23,0.0,36.0
2019-06-06,31.3,59,77,21.0,21.5,0.0,32.0
2019-06-07,31.2,68,8,21.3,28.54,0.0,30.0
2019-06-08,27.4,77,35,16.5,24.72,0.0,27.0
2019-06-09,28.0,74,16,16.6,28.25,0.0,28.0
2019-06-10,33.4,57,1,14.2,29.34,0.0,34.0
2019-06-11,36.4,48,1,17.8,29.14,0.0,35.0
2019-06-12,28.9,74,20,16.0,26.61,0.0,29.0
2019-06-13,28.5,72,22,16.6,25.58,0.6,28.0
2019-06-14,29.0,74,21,14.2,26.51,1.7,29.0
2019-06-15,29.6,71,6,15.7,28.01,0.0,29.0
2019-06-16,30.9,64,2,16.0,28.17,0.0,31.0
2019-06-17,29.9,70,6,17.1,27.92,0.1,30.0
2019-06-18,29.9,71,12,16.3,27.18,0.1,30.0
2019-06-19,31.3,63,0,16.6,29.11,0.0,31.0
2019-06-20,31.2,68,10,16.2,28.26,0.0,31.0
2019-06-21,30.8,71,11,16.4,28.64,0.0,30.0
2019-06-22,30.5,69,26,17.4,27.6,0.0,30.0
2019-06-23,31.1,70,10,16.9,28.17,0.0,30.0
2019-06-24,32.5,74,17,17.7,28.83,0.0,31.0
2019-06-25,32.8,76,17,15.9,28.54,0.0,32.0
2019-06-26,34.4,70,12,16.1,29.1,0.0,34.0
2019-06-27,32.4,68,25,15.2,29.57,0.0,33.0
2019-06-28,30.8,69,31,15.9,26.62,0.0,31.0
2019-06-29,30.7,72,32,17.5,25.18,0.4,31.0
2019-06-30,31.8,72,33,15.5,26.53,0.4,32.0
2019-07-01,32.9,68,10,18.3,28.14,0.0,31.0
2019-07-02,32.9,57,0,17.9,29.31,0.0,32.0
2019-07-03,31.8,68,13,17.8,28.12,0.0,32.0
2019-07-04,32.1,67,15,17.0,29.53,0.0,31.0
2019-07-05,31.2,67,27,15.8,28.71,0.0,30.0
2019-07-06,32.0,72,5,16.9,28.52,0.0,32.0
2019-07-07,32.0,76,25,18.1,27.32,0.0,32.0
2019-07-08,31.6,73,27,16.9,27.0,0.1,31.0
2019-07-09,31.9,72,14,17.4,27.85,0.0,32.0
2019-07-10,33.0,72,22,15.5,27.5,0.0,32.0
2019-07-11,33.4,73,10,17.3,28.61,0.0,33.0
2019-07-12,33.2,71,4,17.9,28.29,0.0,33.0
2019-07-13,30.5,66,16,18.5,27.39,0.0,31.0
2019-07-14,31.6,62,20,16.9,28.58,0.0,31.0
2019-07-15,31.3,63,18,17.2,27.27,0.0,31.0
2019-07-16,32.5,64,17,16.3,27.43,0.1,32.0
2019-07-17,42.3,49,7,31.7,27.87,0.0,41.0
2019-07-18,32.4,70,3,17.4,27.7,0.0,32.0
2019-07-19,31.3,66,17,17.7,27.23,0.0,31.0
2019-07-20,30.8,67,35,17.2,26.85,0.0,30.0
2019-07-21,31.0,67,34,16.9,26.55,0.0,30.0
2019-07-22,32.0,72,12,16.6,27.73,0.0,32.0
2019-07-23,34.1,71,11,15.9,27.55,0.0,33.0
2019-07-24,33.0,65,1,16.2,28.3,0.0,33.0
2019-07-25,32.9,67,8,16.2,28.23,0.0,33.0
2019-07-26,32.1,65,6,16.2,28.15,0.0,32.0
2019-07-27,31.9,69,25,17.8,26.6,0.0,32.0
2019-07-28,31.5,70,16,18.0,27.04,0.0,31.0
2019-07-29,32.5,67,11,15.2,27.72,0.0,32.0
2019-07-30,33.7,63,0,16.3,28.51,0.0,34.0
2019-07-31,33.8,73,13,15.7,27.31,0.0,33.0
2019-08-01,32.5,73,18,17.1,25.94,0.0,33.0
2019-08-02,31.5,67,50,17.7,24.59,0.0,32.0
2019-08-03,32.4,66,15,16.9,25.61,0.0,32.0
2019-08-04,32.9,70,14,17.7,25.48,0.0,33.0
2019-08-05,33.2,72,18,17.3,25.93,0.0,33.0
2019-08-06,31.6,68,20,18.4,25.72,0.0,32.0
2019-08-07,31.8,68,32,17.7,24.15,0.5,31.0
2019-08-08,32.6,68,28,17.7,25.93,0.0,32.0
2019-08-09,31.8,72,25,18.9,25.34,0.0,32.0
2019-08-10,32.0,67,16,18.8,26.26,0.0,32.0
2019-08-11,32.2,67,12,16.2,26.13,0.0,32.0
2019-08-12,34.1,62,2,16.9,26.96,0.0,34.0
2019-08-13,34.8,53,0,16.1,26.91,0.0,33.0
2019-08-14,33.9,68,21,16.8,26.15,0.0,34.0
2019-08-15,35.4,51,3,16.3,26.76,0.0,34.0
2019-08-16,37.3,43,1,18.2,26.49,0.0,36.0
2019-08-17,31.6,69,35,15.7,23.99,0.0,32.0
2019-08-18,31.9,67,32,18.8,23.45,0.0,32.0
2019-08-19,31.9,64,17,19.1,25.03,0.0,31.0
2019-08-20,32.2,62,8,17.8,25.87,0.0,31.0
2019-08-21,33.1,68,13,18.7,24.75,0.0,32.0
2019-08-22,33.8,69,15,18.3,25.56,0.0,33.0
2019-08-23,33.9,73,4,18.6,24.99,0.0,33.0
2019-08-24,34.1,74,14,17.6,24.31,0.0,33.0
2019-08-25,33.3,71,15,15.8,23.83,0.0,33.0
2019-08-26,34.0,66,2,16.3,25.34,0.0,33.0
2019-08-27,33.3,71,13,16.0,24.77,0.0,32.0
2019-08-28,32.8,70,22,17.2,23.94,0.0,32.0
2019-08-29,32.5,70,37,17.1,21.91,0.0,32.0
2019-08-30,33.1,71,18,17.8,23.45,0.0,32.0
2019-08-31,33.1,74,10,16.3,24.23,0.0,33.0
2019-09-01,33.7,73,15,17.6,23.53,0.0,32.0
2019-09-02,33.5,71,12,18.6,24.32,0.0,32.0
2019-09-03,31.7,68,29,17.2,22.15,0.0,31.0
2019-09-04,31.4,63,46,17.2,20.47,0.0,31.0
2019-09-05,31.0,66,35,18.0,19.41,0.2,31.0
2019-09-06,31.7,67,16,16.6,22.38,0.0,32.0
2019-09-07,31.2,66,19,17.6,21.55,0.1,31.0
2019-09-08,30.0,75,55,16.1,17.58,3.6,31.0
2019-09-09,31.9,73,31,16.9,19.58,0.1,31.0
2019-09-10,31.9,69,34,16.1,21.95,0.0,31.0
2019-09-11,32.0,67,29,15.5,22.09,0.0,31.0
2019-09-12,31.6,67,32,16.4,22.24,0.0,30.0
2019-09-13,31.9,67,35,16.7,21.92,0.0,30.0
2019-09-14,30.5,68,34,18.1,18.85,0.1,31.0
2019-09-15,29.2,67,16,16.9,18.2,0.9,30.0
2019-09-16,31.1,68,11,16.2,20.38,0.0,31.0
2019-09-17,33.1,66,3,20.6,22.8,0.0,32.0
2019-09-18,33.0,66,0,17.2,22.41,0.0,32.0
2019-09-19,33.2,76,8,17.2,21.59,0.0,32.0
2019-09-20,32.2,72,17,16.8,20.93,0.0,31.0
2019-09-21,29.8,66,28,15.7,20.98,0.0,29.0
2019-09-22,31.8,67,17,17.4,20.86,0.0,31.0
2019-09-23,31.6,63,0,21.0,21.92,0.0,31.0
2019-09-24,31.0,66,9,18.5,21.74,0.0,29.0
2019-09-25,30.4,70,7,16.2,21.6,0.0,29.0
2019-09-26,31.4,68,17,15.8,21.07,0.0,30.0
2019-09-27,32.7,64,0,17.3,21.11,0.0,32.0
2019-09-28,30.4,70,27,17.1,17.73,0.0,29.0
2019-09-29,30.8,69,50,15.9,16.92,0.1,30.0
2019-09-30,31.2,71,13,16.3,20.51,0.0,30.0
2019-10-01,30.9,70,32,17.1,19.11,0.0,30.0
2019-10-02,29.8,66,42,15.4,17.58,0.1,30.0
2019-10-03,29.8,66,7,15.7,19.9,0.0,29.0
2019-10-04,31.0,65,6,14.2,20.58,0.0,29.0
2019-10-05,30.6,67,18,15.3,18.31,0.0,30.0
2019-10-06,29.8,65,10,16.5,19.12,0.0,30.0
2019-10-07,30.4,66,14,14.8,18.82,0.0,30.0
2019-10-08,31.7,64,74,17.9,19.11,0.0,30.0
2019-10-09,31.2,72,18,15.6,18.88,0.0,29.0
2019-10-10,31.1,74,61,17.1,18.16,0.0,30.0
2019-10-11,30.3,76,71,17.8,17.26,0.0,29.0
2019-10-12,30.0,76,9,16.0,18.26,0.0,29.0
2019-10-13,32.8,74,4,16.8,18.1,0.0,31.0
2019-10-14,34.0,79,35,15.5,17.54,0.0,33.0
2019-10-15,39.3,62,66,29.9,13.8,4.2,39.0
2019-10-16,31.6,71,26,22.6,16.7,0.2,30.0
2019-10-17,29.8,80,32,14.0,16.0,0.3,29.0
2019-10-18,29.6,71,60,16.8,15.83,0.0,28.0
2019-10-19,29.2,71,13,16.3,16.97,0.0,28.0
2019-10-20,28.7,71,23,16.5,15.75,0.2,28.0
2019-10-21,28.9,72,29,12.5,15.16,0.0,28.0
2019-10-22,31.8,55,29,16.7,16.5,0.0,31.0
2019-10-23,29.4,55,58,10.7,12.87,0.0,27.0
2019-10-24,27.5,63,25,15.9,15.87,0.1,27.0
2019-10-25,28.5,59,63,11.6,14.56,0.1,28.0
2019-10-26,25.3,71,95,14.9,3.22,14.8,25.0
2019-10-27,27.0,81,40,12.6,15.13,2.1,27.0
2019-10-28,25.0,80,29,15.8,13.04,7.0,26.0
2019-10-29,24.6,72,27,14.7,12.42,1.5,25.0
2019-10-30,25.9,75,16,12.3,14.92,0.3,26.0
2019-10-31,27.4,70,2,14.8,15.97,0.0,28.0
2019-11-01,25.3,72,26,15.8,13.59,0.3,25.0
2019-11-02,25.1,75,34,12.6,12.55,0.8,26.0
2019-11-03,28.0,72,12,13.5,15.21,0.0,28.0
2019-11-04,28.4,67,0,14.1,15.63,0.0,29.0
2019-11-05,30.7,55,0,14.2,15.44,0.0,30.0
2019-11-06,30.7,61,3,12.6,14.5,0.0,29.0
2019-11-07,31.7,36,0,16.3,15.35,0.0,32.0
2019-11-08,29.8,51,12,12.9,15.02,0.0,29.0
2019-11-09,29.0,67,1,11.5,14.81,0.0,28.0
2019-11-10,32.8,47,49,13.0,13.54,0.0,32.0
2019-11-11,32.6,22,44,16.9,14.82,0.0,33.0
2019-11-12,31.4,25,4,16.2,14.9,0.0,30.0
2019-11-13,33.2,40,37,19.4,14.08,0.0,32.0
2019-11-14,32.5,47,9,11.6,13.52,0.0,33.0
2019-11-15,25.7,70,32,13.1,10.36,11.2,26.0
2019-11-16,24.4,76,25,11.7,11.84,2.1,24.0
2019-11-17,26.1,46,15,19.9,14.18,0.0,27.0
2019-11-18,23.7,20,52,20.9,14.83,0.0,25.0
2019-11-19,25.0,26,15,14.4,14.94,0.0,24.0
2019-11-20,25.0,31,0,14.4,14.73,0.0,25.0
2019-11-21,24.1,31,53,11.7,14.03,0.0,25.0
2019-11-22,24.4,34,43,13.5,13.55,0.0,25.0
2019-11-23,23.2,69,5,13.5,13.1,0.0,23.0
2019-11-24,23.0,72,32,12.0,11.76,0.1,23.0
2019-11-25,26.2,52,40,12.7,12.69,0.0,28.0
2019-11-26,29.5,34,0,19.4,13.23,0.0,29.0
2019-11-27,23.8,46,1,20.4,13.26,0.0,23.0
2019-11-28,23.2,55,12,11.7,12.9,0.0,23.0
2019-11-29,24.0,69,10,13.7,12.51,0.0,24.0
2019-11-30,24.1,72,23,13.5,13.05,0.0,24.0
2019-12-01,23.5,75,24,15.3,11.88,0.5,23.0
2019-12-02,22.4,71,52,17.6,11.11,5.0,21.0
2019-12-03,22.3,56,54,15.3,10.31,0.0,21.0
2019-12-04,21.3,60,58,12.0,8.48,0.4,22.0
2019-12-05,21.9,75,37,23.1,9.48,2.3,22.0
2019-12-06,20.1,72,39,16.4,9.56,1.4,20.0
2019-12-07,19.4,72,30,13.9,9.81,0.1,20.0
2019-12-08,20.2,78,65,17.1,8.34,10.1,19.0
2019-12-09,19.1,86,55,18.2,9.05,9.2,19.0
2019-12-10,20.8,81,59,13.0,9.36,1.7,21.0
2019-12-11,23.0,66,74,11.9,9.45,0.0,23.0
2019-12-12,20.3,74,68,26.3,7.81,2.3,20.0
2019-12-13,18.8,65,51,21.3,7.87,3.2,19.0
2019-12-14,19.2,50,36,19.6,12.09,0.0,19.0
2019-12-15,20.8,49,50,18.8,6.69,0.1,20.0
2019-12-16,20.1,65,4,13.5,12.16,0.0,20.0
2019-12-17,20.4,76,12,12.5,11.6,0.0,20.0
2019-12-18,20.9,77,1,13.5,12.27,0.0,21.0
2019-12-19,23.3,54,0,12.7,12.69,0.0,23.0
2019-12-20,22.4,52,0,11.5,12.81,0.0,25.0
2019-12-21,20.7,57,11,12.7,12.55,0.0,21.0
2019-12-22,21.3,63,0,12.0,12.56,0.0,21.0
2019-12-23,19.4,63,14,13.5,12.52,0.0,21.0
2019-12-24,21.5,45,17,26.2,12.03,0.0,22.0
2019-12-25,17.5,56,50,33.9,9.39,9.2,18.0
2019-12-26,15.4,79,86,29.5,4.15,25.4,17.0
2019-12-27,14.9,85,72,30.7,6.44,19.6,13.0
2019-12-28,14.1,91,68,15.9,4.07,11.3,13.0
2019-12-29,18.6,57,30,15.9,10.48,0.0,19.0
2019-12-30,17.8,54,18,25.2,9.71,0.2,19.0
2019-12-31,16.7,61,28,13.8,10.47,0.0,17.0
2020-01-01,16.9,74,87,9.3,9.39,0.6,18.0
2020-01-02,16.4,77,59,13.1,7.5,2.0,16.0
2020-01-03,15.4,58,30,22.2,10.82,0.1,16.0
2020-01-04,14.2,70,72,21.7,7.01,3.5,12.0
2020-01-05,15.3,78,71,24.0,7.01,8.0,16.0
2020-01-06,17.6,53,10,16.1,12.71,0.0,18.0
2020-01-07,17.1,54,24,25.2,9.48,0.8,18.0
2020-01-08,15.1,68,76,35.4,5.37,12.7,15.0
2020-01-09,12.7,91,94,23.2,5.84,19.9,13.0
2020-01-10,14.6,88,73,16.0,9.0,7.9,14.0
2020-01-11,17.2,80,40,13.7,11.42,0.0,17.0
2020-01-12,16.7,76,82,11.2,5.49,0.6,18.0
2020-01-13,17.6,84,43,10.1,9.21,1.2,18.0
2020-01-14,19.4,76,75,8.9,11.46,0.0,19.0
2020-01-15,20.7,64,59,8.0,11.72,0.0,21.0
2020-01-16,23.3,55,48,17.4,11.96,5.1,24.0
2020-01-17,17.3,77,41,17.7,9.5,3.8,17.0
2020-01-18,17.0,85,57,12.4,10.79,5.9,17.0
2020-01-19,15.2,88,82,21.2,6.6,9.5,15.0
2020-01-20,14.4,88,71,21.8,7.28,14.5,14.0
2020-01-21,11.7,80,61,22.7,9.27,11.9,12.0
2020-01-22,14.5,86,63,11.2,10.2,5.6,13.0
2020-01-23,14.9,78,58,20.4,9.58,2.3,16.0
2020-01-24,13.4,72,57,27.8,10.77,12.7,14.0
2020-01-25,15.4,62,43,9.4,11.8,0.0,15.0
2020-01-26,15.6,76,7,11.1,13.96,0.0,16.0
2020-01-27,17.4,78,66,13.1,12.62,0.0,18.0
2020-01-28,16.8,76,70,16.0,10.18,0.4,17.0
2020-01-29,17.4,84,57,14.3,9.82,4.0,18.0
2020-01-30,17.6,81,32,15.7,12.45,0.2,18.0
2020-01-31,17.1,69,42,27.3,11.63,3.0,17.0
2020-02-01,16.9,62,67,21.5,8.67,0.9,17.0
2020-02-02,18.1,82,41,12.1,12.5,1.3,18.0
2020-02-03,18.1,84,37,12.7,13.43,0.0,18.0
2020-02-04,17.6,86,37,13.4,11.69,1.2,18.0
2020-02-05,20.4,79,6,9.0,15.35,0.0,21.0
2020-02-06,23.6,57,3,17.9,15.04,0.0,24.0
2020-02-07,14.6,82,60,19.8,5.23,7.7,15.0
2020-02-08,14.8,72,59,32.7,10.68,9.2,15.0
2020-02-09,11.4,67,64,18.9,9.15,2.0,12.0
2020-02-10,11.2,69,55,13.0,10.3,0.2,11.0
2020-02-11,15.2,71,61,17.9,11.28,1.0,14.0
2020-02-12,18.2,70,45,18.2,13.03,3.9,19.0
2020-02-13,19.9,68,1,17.2,16.34,0.0,20.0
2020-02-14,21.5,66,72,22.7,11.89,0.0,21.0
2020-02-15,20.0,67,14,10.8,16.61,0.0,21.0
2020-02-16,18.2,87,44,11.9,12.51,5.3,19.0
2020-02-17,18.8,82,26,12.0,14.26,0.2,19.0
2020-02-18,21.0,73,47,8.7,14.19,0.2,22.0
2020-02-19,16.2,91,81,19.4,7.77,8.5,16.0
2020-02-20,17.4,78,37,15.9,13.29,1.1,18.0
2020-02-21,19.2,66,42,23.4,14.61,1.9,21.0
2020-02-22,15.7,84,67,20.3,10.77,6.8,16.0
2020-02-23,17.3,76,48,13.3,13.27,1.0,18.0
2020-02-24,17.3,80,41,15.3,14.18,0.3,18.0
2020-02-25,17.4,78,54,22.4,11.89,2.1,18.0
2020-02-26,17.6,83,29,15.2,13.95,1.2,19.0
2020-02-27,21.2,73,54,11.0,17.54,0.0,22.0
2020-02-28,22.2,73,22,11.2,18.84,0.0,23.0
2020-02-29,17.6,75,45,26.8,12.88,5.6,19.0
2020-03-01,17.5,68,56,28.1,15.26,3.5,18.0
2020-03-02,17.5,74,65,11.3,13.78,0.0,19.0
2020-03-03,20.9,76,0,14.2,19.78,0.0,22.0
2020-03-04,26.6,70,12,10.6,20.14,0.0,25.0
2020-03-05,28.0,57,35,14.2,19.13,0.0,30.0
2020-03-06,17.0,77,71,24.4,8.83,11.3,18.0
2020-03-07,18.7,80,31,15.9,16.69,1.1,19.0
2020-03-08,24.9,78,3,10.5,20.28,0.0,27.0
2020-03-09,30.0,48,61,12.8,18.3,0.0,30.0
2020-03-10,20.7,79,57,15.8,16.93,0.0,21.0
2020-03-11,22.6,83,55,13.1,20.01,0.0,25.0
2020-03-12,30.1,62,80,52.3,13.15,0.3,27.0
2020-03-13,23.8,73,86,42.5,7.34,25.7,19.0
2020-03-14,18.4,88,58,33.6,11.76,16.2,18.0
2020-03-15,21.4,84,49,9.5,19.52,0.0,21.0
2020-03-16,22.6,81,13,12.9,20.77,0.0,22.0
2020-03-17,18.0,83,68,24.3,13.84,9.4,19.0
2020-03-18,16.1,66,68,28.2,13.59,4.9,16.0
2020-03-19,16.5,61,53,30.5,15.22,2.1,16.0
2020-03-20,13.9,79,64,22.9,15.05,9.5,14.0
2020-03-21,14.6,76,51,16.6,17.33,4.6,15.0
2020-03-22,17.7,73,31,12.9,18.45,0.1,18.0
2020-03-23,25.2,61,54,14.2,21.25,0.6,26.0
2020-03-24,20.8,67,29,18.3,22.44,0.0,21.0
2020-03-25,19.4,80,29,15.0,21.36,0.0,19.0
2020-03-26,23.6,74,61,12.1,21.31,0.2,27.0
2020-03-27,24.2,71,39,17.6,21.75,0.2,28.0
2020-03-28,19.1,80,42,21.5,16.59,3.7,20.0
2020-03-29,20.8,64,23,18.5,21.89,0.0,22.0
2020-03-30,26.4,50,59,11.1,19.56,0.0,26.0
2020-03-31,30.2,46,53,25.0,21.0,0.0,30.0
2020-04-01,19.1,78,32,28.9,17.49,9.2,19.0
2020-04-02,19.7,78,38,14.4,20.78,1.0,20.0
2020-04-03,23.9,62,9,14.1,23.61,0.0,24.0
2020-04-04,31.4,47,37,16.6,23.88,0.0,31.0
2020-04-05,34.8,46,61,27.1,21.45,0.0,35.0
2020-04-06,22.0,80,65,16.3,21.16,0.0,21.0
2020-04-07,19.8,76,74,14.8,20.15,0.0,21.0
2020-04-08,19.6,74,41,16.3,20.99,0.6,20.0
2020-04-09,19.0,76,26,16.9,19.57,0.6,21.0
2020-04-10,17.2,85,66,19.7,15.23,5.9,18.0
2020-04-11,18.0,85,42,14.4,16.38,4.7,19.0
2020-04-12,20.2,80,25,13.1,21.86,0.1,20.0
2020-04-13,21.1,78,25,15.3,25.01,0.0,22.0
2020-04-14,22.9,81,26,16.5,22.85,0.0,23.0
2020-04-15,23.3,77,40,14.3,24.74,0.0,24.0
2020-04-16,27.5,71,24,23.1,24.28,0.6,29.0
2020-04-17,20.6,77,35,13.8,19.78,0.6,21.0
2020-04-18,23.1,84,6,14.1,24.06,0.0,24.0
2020-04-19,26.4,76,33,14.4,24.4,0.0,27.0
2020-04-20,27.4,74,13,15.4,24.67,0.0,27.0
2020-04-21,25.3,77,41,13.5,24.66,0.0,27.0
2020-04-22,31.2,65,11,15.9,25.83,0.0,32.0
2020-04-23,22.1,79,28,16.5,23.28,0.0,23.0
2020-04-24,31.1,67,36,17.0,18.68,0.0,31.0
2020-04-25,20.4,75,36,22.1,20.79,4.5,20.0
2020-04-26,21.0,63,24,14.8,24.91,0.1,22.0
2020-04-27,22.7,68,56,15.5,23.45,0.0,24.0
2020-04-28,23.9,62,11,16.4,26.72,0.0,24.0
2020-04-29,21.7,75,49,16.6,21.3,0.0,22.0
2020-04-30,23.2,76,46,14.5,24.85,0.0,24.0
2020-05-01,26.3,65,11,18.5,26.62,0.0,27.0
2020-05-02,23.3,72,23,14.8,25.1,0.0,23.0
2020-05-03,25.9,68,26,14.8,26.48,0.0,26.0
2020-05-04,26.7,67,11,15.8,26.72,0.0,26.0
2020-05-05,22.2,72,42,18.1,15.56,5.4,22.0
2020-05-06,22.0,75,40,21.4,21.83,2.9,23.0
2020-05-07,25.1,69,11,13.2,27.19,0.0,25.0
2020-05-08,29.7,63,0,19.7,27.29,0.0,30.0
2020-05-09,22.7,73,51,19.5,19.35,4.0,24.0
2020-05-10,23.9,77,19,15.5,25.35,0.2,24.0
2020-05-11,26.2,73,10,17.2,27.8,0.0,26.0
2020-05-12,29.6,71,4,14.0,27.54,0.0,30.0
2020-05-13,31.9,64,61,17.4,26.91,0.0,30.0
2020-05-14,29.3,72,78,15.0,26.72,0.0,28.0
2020-05-15,32.7,67,64,10.9,23.92,0.0,35.0
2020-05-16,41.9,37,62,19.4,26.84,0.0,42.0
2020-05-17,42.7,29,33,20.2,27.53,0.0,42.0
2020-05-18,43.0,29,0,19.6,27.9,0.0,42.0
2020-05-19,43.4,18,3,17.7,27.41,0.0,43.0
2020-05-20,43.2,21,6,19.0,27.95,0.0,42.0
2020-05-21,41.9,31,2,16.3,28.92,0.0,39.0
2020-05-22,31.4,57,12,18.2,27.68,0.0,31.0
2020-05-23,25.9,70,51,18.1,22.53,0.5,26.0
2020-05-24,24.3,51,38,31.7,24.08,0.5,24.0
2020-05-25,25.3,59,8,18.5,27.91,0.0,25.0
2020-05-26,29.7,59,4,15.1,28.88,0.0,27.0
2020-05-27,27.5,73,8,15.9,27.88,0.0,26.0
2020-05-28,25.3,67,35,16.1,25.15,0.0,25.0
2020-05-29,24.1,58,36,16.4,25.06,0.0,24.0
2020-05-30,25.7,60,21,20.1,27.87,0.0,25.0
2020-05-31,26.1,64,9,17.1,28.98,0.0,25.0
2020-06-01,29.1,61,8,17.3,28.82,0.0,28.0
2020-06-02,31.0,55,15,23.9,25.5,0.1,31.0
2020-06-03,26.8,64,18,17.3,27.68,0.1,26.0
2020-06-04,30.8,56,1,19.1,28.71,0.0,29.0
2020-06-05,28.7,68,1,18.4,28.75,0.0,28.0
2020-06-06,29.7,74,5,16.0,28.11,0.0,28.0
2020-06-07,32.6,68,26,15.9,29.36,0.0,31.0
2020-06-08,31.0,57,0,15.3,29.25,0.0,30.0
2020-06-09,29.0,73,36,15.9,29.17,0.0,30.0
2020-06-10,29.1,71,10,16.8,29.11,0.0,29.0
2020-06-11,29.5,68,13,16.6,29.2,0.0,29.0
2020-06-12,30.5,62,26,15.5,28.93,0.0,30.0
2020-06-13,35.8,43,1,16.1,29.31,0.0,34.0
2020-06-14,29.5,67,3,18.9,29.31,0.0,28.0
2020-06-15,28.4,69,21,17.1,28.68,0.0,27.0
2020-06-16,29.9,68,9,17.6,29.34,0.0,29.0
2020-06-17,34.1,55,0,14.8,29.66,0.0,34.0
2020-06-18,28.2,62,40,19.2,25.28,0.0,28.0
2020-06-19,27.8,67,33,21.8,25.51,0.2,28.0
2020-06-20,28.1,74,31,20.3,24.96,2.9,28.0
2020-06-21,32.3,61,10,15.8,28.97,0.0,32.0
2020-06-22,30.2,64,4,15.6,28.78,0.0,30.0
2020-06-23,30.3,68,13,17.8,29.67,0.0,30.0
2020-06-24,28.8,68,27,18.2,29.22,0.0,28.0
2020-06-25,28.1,65,42,16.8,27.78,0.0,28.0
2020-06-26,30.5,70,21,16.7,29.43,0.0,29.0
2020-06-27,31.3,74,9,15.0,29.19,0.0,30.0
2020-06-28,30.9,77,25,15.5,28.7,0.0,30.0
2020-06-29,30.3,76,29,16.6,28.23,0.0,30.0
2020-06-30,29.6,74,31,16.6,25.4,0.0,29.0
2020-07-01,30.7,71,20,16.7,28.13,0.0,30.0
2020-07-02,32.5,70,1,17.1,29.47,0.0,30.0
2020-07-03,33.8,70,2,15.6,29.44,0.0,31.0
2020-07-04,32.0,72,9,15.4,28.89,0.0,31.0
2020-07-05,30.7,73,24,16.6,27.58,0.0,30.0
2020-07-06,30.7,73,48,17.4,24.85,0.0,30.0
2020-07-07,32.1,72,16,18.3,28.25,0.0,32.0
2020-07-08,31.1,72,7,16.6,28.49,0.0,30.0
2020-07-09,30.9,70,24,17.3,25.71,0.0,30.0
2020-07-10,31.1,68,15,16.7,27.21,0.0,30.0
2020-07-11,31.4,71,28,17.0,27.44,0.0,31.0
2020-07-12,31.3,72,23,16.9,27.41,0.0,31.0
2020-07-13,31.1,72,20,16.6,25.89,0.0,31.0
2020-07-14,32.0,71,9,16.0,28.46,0.0,31.0
2020-07-15,32.3,74,19,15.8,28.19,0.0,32.0
2020-07-16,31.2,73,29,16.3,27.06,0.0,30.0
2020-07-17,31.0,66,30,15.7,28.02,0.0,30.0
2020-07-18,31.5,66,22,15.6,27.75,0.0,30.0
2020-07-19,32.4,67,4,16.2,27.82,0.0,31.0
2020-07-20,32.8,71,29,15.9,27.65,0.0,32.0
2020-07-21,32.1,69,32,16.6,27.47,0.0,31.0
2020-07-22,31.9,69,22,15.1,27.03,0.0,31.0
2020-07-23,33.3,72,6,15.5,28.13,0.0,31.0
2020-07-24,33.2,74,6,16.0,27.93,0.0,32.0
2020-07-25,33.6,71,9,16.7,28.25,0.0,33.0
2020-07-26,33.4,71,16,17.2,27.12,0.0,32.0
2020-07-27,33.2,72,15,16.0,25.62,0.0,32.0
2020-07-28,34.2,69,14,15.2,27.22,0.0,33.0
2020-07-29,34.7,72,10,16.3,27.29,0.0,33.0
2020-07-30,35.3,71,10,16.1,27.36,0.0,35.0
2020-07-31,33.5,72,9,15.9,27.39,0.0,32.0
2020-08-01,33.6,71,6,18.4,27.56,0.0,33.0
2020-08-02,32.9,68,10,15.6,27.55,0.0,32.0
2020-08-03,33.7,62,1,17.2,27.83,0.0,33.0
2020-08-04,32.6,71,23,16.2,25.68,0.0,32.0
2020-08-05,31.9,71,24,19.1,25.41,0.0,31.0
2020-08-06,32.1,69,7,16.6,26.32,0.0,31.0
2020-08-07,33.0,73,11,17.2,26.14,0.0,32.0
2020-08-08,33.3,74,36,17.3,24.93,0.0,32.0
2020-08-09,30.7,63,45,18.5,21.66,0.0,31.0
2020-08-10,30.8,67,42,19.2,21.0,0.1,31.0
2020-08-11,31.3,68,32,17.4,23.11,0.0,31.0
2020-08-12,31.4,68,44,17.2,19.93,0.1,31.0
2020-08-13,32.8,71,25,17.3,25.76,0.0,32.0
2020-08-14,32.5,73,19,17.3,25.44,0.0,32.0
2020-08-15,33.2,75,23,16.8,25.22,0.0,32.0
2020-08-16,33.2,71,7,17.3,26.49,0.0,33.0
2020-08-17,33.7,64,0,16.3,26.48,0.0,33.0
2020-08-18,32.3,69,10,17.3,25.86,0.0,32.0
2020-08-19,32.3,68,36,15.3,24.09,0.0,32.0
2020-08-20,32.1,68,4,16.3,25.95,0.0,31.0
2020-08-21,31.5,66,37,18.0,24.26,0.0,31.0
2020-08-22,32.0,66,21,17.6,25.09,0.0,31.0
2020-08-23,33.7,68,10,19.2,25.1,0.0,33.0
2020-08-24,33.8,68,0,18.0,25.71,0.0,34.0
2020-08-25,33.0,68,1,18.2,25.56,0.0,32.0
2020-08-26,32.5,70,8,18.0,25.03,0.0,33.0
2020-08-27,31.7,67,37,17.1,24.39,0.0,31.0
2020-08-28,32.2,68,3,16.2,25.24,0.0,31.0
2020-08-29,34.5,74,3,17.3,24.61,0.0,33.0
2020-08-30,35.1,78,22,15.1,22.84,0.0,33.0
2020-08-31,35.5,74,17,14.5,23.12,0.0,33.0
2020-09-01,33.8,74,22,16.3,23.2,0.0,33.0
2020-09-02,33.6,73,9,15.5,23.66,0.0,33.0
2020-09-03,36.8,76,20,13.9,22.99,0.0,34.0
2020-09-04,37.7,77,45,15.6,21.61,0.0,37.0
2020-09-05,36.4,79,32,13.4,22.89,0.0,34.0
2020-09-06,34.1,75,18,15.5,23.15,0.0,33.0
2020-09-07,34.4,76,18,17.0,23.2,0.0,33.0
2020-09-08,34.5,77,13,14.1,21.52,0.0,34.0
2020-09-09,34.1,76,35,14.8,19.71,0.0,33.0
2020-09-10,34.8,75,24,14.3,20.07,0.0,34.0
2020-09-11,34.5,73,7,15.8,22.52,0.0,34.0
2020-09-12,36.2,62,1,16.4,22.74,0.0,34.0
2020-09-13,33.6,67,7,16.7,22.65,0.0,32.0
2020-09-14,33.8,69,10,18.2,22.8,0.0,32.0
2020-09-15,33.5,71,16,18.0,22.18,0.0,32.0
2020-09-16,34.5,73,35,15.1,21.92,0.0,33.0
2020-09-17,34.2,75,19,16.9,21.91,0.0,33.0
2020-09-18,35.2,73,5,15.2,22.14,0.0,33.0
2020-09-19,35.5,70,2,20.3,21.95,0.0,34.0
2020-09-20,34.5,73,5,21.3,21.55,0.0,33.0
2020-09-21,33.0,71,14,17.1,21.64,0.0,32.0
2020-09-22,33.0,68,14,17.4,21.42,0.0,32.0
2020-09-23,31.8,67,33,16.8,19.62,0.0,31.0
2020-09-24,30.9,67,34,16.3,17.99,0.0,30.0
2020-09-25,31.0,64,28,15.5,19.14,0.0,30.0
2020-09-26,31.7,70,15,16.9,20.01,0.5,31.0
2020-09-27,33.3,69,1,19.0,20.81,0.0,32.0
2020-09-28,35.9,64,0,18.1,20.83,0.0,34.0
2020-09-29,34.1,78,1,15.5,20.31,0.0,33.0
2020-09-30,33.3,77,3,14.7,19.54,0.0,32.0
2020-10-01,31.6,75,16,15.7,17.57,0.2,31.0
2020-10-02,30.9,66,4,15.9,19.78,0.0,30.0
2020-10-03,30.1,64,21,17.6,19.63,0.0,29.0
2020-10-04,30.0,61,26,16.5,17.3,0.0,29.0
2020-10-05,31.1,70,2,17.9,19.61,0.0,31.0
2020-10-06,34.3,64,0,15.5,19.66,0.0,32.0
2020-10-07,35.5,50,0,12.3,19.66,0.0,34.0
2020-10-08,37.8,32,7,13.4,19.44,0.0,36.0
2020-10-09,37.2,42,23,15.7,17.22,0.0,37.0
2020-10-10,31.8,79,28,15.5,16.96,0.0,30.0
2020-10-11,30.6,72,27,16.0,18.23,0.0,30.0
2020-10-12,30.3,69,6,16.3,18.11,0.0,29.0
2020-10-13,29.3,67,23,16.6,18.36,0.0,29.0
2020-10-14,30.1,67,15,15.9,17.85,0.0,29.0
2020-10-15,30.5,76,27,16.6,16.84,0.0,30.0
2020-10-16,29.4,69,25,14.7,17.47,0.0,28.0
2020-10-17,30.3,69,5,14.8,17.89,0.0,29.0
2020-10-18,32.4,73,2,15.9,17.45,0.0,30.0
2020-10-19,33.5,72,6,14.2,17.52,0.0,31.0
2020-10-20,32.1,71,22,15.5,17.13,0.0,31.0
2020-10-21,31.2,74,12,18.8,15.97,0.4,29.0
2020-10-22,31.7,70,0,20.1,16.92,0.0,31.0
2020-10-23,31.5,73,8,12.7,16.77,0.0,30.0
2020-10-24,30.2,79,56,14.4,15.11,0.0,30.0
2020-10-25,31.4,71,43,15.5,14.03,0.2,33.0
2020-10-26,35.0,72,2,15.2,16.76,0.0,30.0
2020-10-27,29.9,75,18,13.9,15.87,0.0,29.0
2020-10-28,29.9,76,52,15.5,15.03,0.0,29.0
2020-10-29,29.8,79,30,14.6,15.61,0.0,29.0
2020-10-30,29.6,80,56,16.6,15.0,0.1,28.0
2020-10-31,29.4,72,45,17.8,14.1,0.0,28.0
2020-11-01,27.6,74,72,16.3,11.55,0.7,27.0
2020-11-02,26.0,75,33,14.8,13.83,7.7,26.0
2020-11-03,25.9,70,24,14.2,13.44,1.6,27.0
2020-11-04,22.4,77,59,19.3,9.39,6.1,23.0
2020-11-05,23.2,66,57,24.2,9.72,7.5,24.0
2020-11-06,22.7,75,49,13.8,11.7,2.2,24.0
2020-11-07,24.6,70,50,12.7,13.11,0.0,26.0
2020-11-08,25.8,72,38,11.3,13.37,0.1,27.0
2020-11-09,25.7,69,18,8.7,13.49,0.0,27.0
2020-11-10,24.0,74,27,11.4,11.83,3.7,26.0
2020-11-11,24.0,80,21,9.8,12.45,0.3,25.0
2020-11-12,24.5,77,24,12.3,12.18,0.0,25.0
2020-11-13,28.1,63,16,11.8,14.14,0.0,29.0
2020-11-14,27.0,59,21,12.0,13.69,0.0,28.0
2020-11-15,20.9,83,54,15.9,8.67,12.5,22.0
2020-11-16,22.2,75,33,12.4,11.74,1.5,24.0
2020-11-17,23.9,73,28,13.2,12.83,0.0,25.0
2020-11-18,26.6,48,10,18.7,14.02,0.0,27.0
2020-11-19,25.4,61,31,11.9,13.74,0.0,26.0
2020-11-20,21.2,83,46,17.2,8.22,7.6,22.0
2020-11-21,19.2,85,72,20.4,9.44,20.1,19.0
2020-11-22,21.8,80,51,11.1,10.71,0.5,23.0
2020-11-23,23.7,76,25,12.1,12.0,0.0,24.0
2020-11-24,25.0,69,61,9.2,10.95,0.0,24.0
2020-11-25,22.7,72,49,17.0,10.47,8.4,23.0
2020-11-26,18.4,90,72,19.8,7.37,6.5,18.0
2020-11-27,20.1,85,44,9.9,10.39,2.5,21.0
2020-11-28,19.5,83,50,11.2,9.66,0.9,21.0
2020-11-29,21.3,79,8,8.6,11.84,0.0,22.0
2020-11-30,21.6,78,17,9.8,12.11,0.2,22.0
2020-12-01,22.2,79,6,11.5,12.79,0.0,23.0
2020-12-02,20.9,79,16,9.1,11.77,0.0,22.0
2020-12-03,23.3,69,19,10.5,12.01,0.0,23.0
2020-12-04,22.9,68,44,15.8,11.82,0.0,23.0
2020-12-05,19.9,82,67,15.4,9.69,7.5,19.0
2020-12-06,19.5,82,34,13.4,9.58,1.6,20.0
2020-12-07,22.9,68,51,9.4,9.54,0.0,22.0
2020-12-08,22.6,69,14,17.2,11.8,1.2,23.0
2020-12-09,21.5,74,27,10.6,9.76,0.7,21.0
2020-12-10,23.2,71,6,9.7,12.47,0.0,23.0
2020-12-11,25.2,60,25,10.1,12.6,0.0,24.0
2020-12-12,23.0,53,63,14.0,10.66,0.0,23.0
2020-12-13,25.5,58,61,12.5,9.79,0.0,25.0
2020-12-14,24.1,56,54,21.9,9.52,2.4,27.0
2020-12-15,20.2,63,48,25.5,9.88,3.2,20.0
2020-12-16,18.0,90,92,19.5,4.93,14.0,17.0
2020-12-17,18.1,90,68,10.5,7.8,5.3,18.0
2020-12-18,20.1,85,20,11.2,11.53,1.0,20.0
2020-12-19,21.6,74,1,10.6,12.26,0.0,22.0
2020-12-20,21.2,75,0,9.0,12.21,0.0,22.0
2020-12-21,21.0,77,0,8.0,12.25,0.0,21.0
2020-12-22,21.0,85,22,12.2,9.35,0.4,21.0
2020-12-23,20.1,84,56,12.7,9.51,3.5,21.0
2020-12-24,18.7,84,41,12.0,8.44,2.2,19.0
2020-12-25,21.2,70,2,10.4,12.36,0.0,21.0
2020-12-26,20.8,45,0,23.3,12.43,0.0,21.0
2020-12-27,20.9,48,0,22.7,12.2,0.0,20.0
2020-12-28,21.1,56,53,16.8,11.82,0.0,20.0
2020-12-29,21.1,66,0,10.7,12.52,0.0,22.0
2020-12-30,22.8,62,0,10.8,12.56,0.0,22.0
2020-12-31,22.9,66,0,11.7,12.38,0.0,
