datum,p1_ifs,p1_aifs,p1_gfs,p1_icon,p1_gem,p2_ifs,p2_aifs,p2_gfs,p2_icon,p2_gem,mm_gem,mm_spreiding,run2run,rh_gem,bewolking_gem,wind_max,instraling_som,neerslag_som,doy_sin,doy_cos,era5_max,station_max,doel,doelbron
2021-01-01,,,,,,,,,,,,,,40,53,20.1,30.73,0.0,0.0172,0.9999,32.5,34.0,34.0,station
2021-01-02,,,,,,,,,,,,,,49,4,20.2,31.2,0.0,0.0344,0.9994,34.1,34.0,34.0,station
2021-01-03,,,,,,,,,,,,,,48,69,20.2,31.26,0.0,0.0516,0.9987,31.7,32.0,32.0,station
2021-01-04,,,,,,,,,,,,,,60,81,20.4,24.97,0.2,0.0688,0.9976,30.5,32.0,32.0,station
2021-01-05,,,,,,,,,,,,,,79,52,16.8,20.23,15.5,0.0859,0.9963,30.2,31.0,31.0,station
2021-01-06,,,,,,,,,,,,,,75,62,27.2,17.88,4.3,0.103,0.9947,24.8,24.0,24.0,station
2021-01-07,,,,,,,,,,,,,,60,11,25.4,31.02,0.0,0.1201,0.9928,30.9,33.0,33.0,station
2021-01-08,,,,,,,,,,,,,,53,59,17.4,28.3,0.0,0.1372,0.9905,28.4,31.0,31.0,station
2021-01-09,,,,,,,,,,,,,,65,65,20.5,23.06,2.0,0.1542,0.988,28.5,29.0,29.0,station
2021-01-10,,,,,,,,,,,,,,62,28,20.3,29.81,0.0,0.1712,0.9852,32.8,34.0,34.0,station
2021-01-11,,,,,,,,,,,,,,77,78,23.2,10.42,23.7,0.1881,0.9821,28.5,25.0,25.0,station
2021-01-12,,,,,,,,,,,,,,44,10,28.6,32.55,0.0,0.205,0.9788,25.0,25.0,25.0,station
2021-01-13,,,,,,,,,,,,,,44,4,20.2,32.22,0.0,0.2218,0.9751,27.4,27.0,27.0,station
2021-01-14,,,,,,,,,,,,,,53,8,24.5,31.71,0.0,0.2385,0.9711,29.1,29.0,29.0,station
2021-01-15,,,,,,,,,,,,,,70,81,26.4,11.99,4.3,0.2552,0.9669,24.9,25.0,25.0,station
2021-01-16,,,,,,,,,,,,,,73,62,24.6,22.84,1.8,0.2718,0.9624,29.8,31.0,31.0,station
2021-01-17,,,,,,,,,,,,,,63,33,31.3,27.53,1.0,0.2883,0.9575,24.9,25.0,25.0,station
2021-01-18,,,,,,,,,,,,,,54,0,12.3,31.49,0.0,0.3047,0.9524,31.2,31.0,31.0,station
2021-01-19,,,,,,,,,,,,,,42,0,16.3,31.28,0.0,0.3211,0.9471,33.3,33.0,33.0,station
2021-01-20,,,,,,,,,,,,,,45,0,25.8,30.96,0.0,0.3373,0.9414,34.2,33.0,33.0,station
2021-01-21,,,,,,,,,,,,,,54,0,25.2,31.24,0.0,0.3534,0.9355,32.7,33.0,33.0,station
2021-01-22,,,,,,,,,,,,,,56,0,19.3,31.23,0.0,0.3695,0.9292,33.0,33.0,33.0,station
2021-01-23,,,,,,,,,,,,,,56,4,20.2,28.75,0.0,0.3854,0.9227,35.1,34.0,34.0,station
2021-01-24,,,,,,,,,,,,,,53,7,20.8,28.44,0.0,0.4012,0.916,35.1,35.0,35.0,station
2021-01-25,,,,,,,,,,,,,,49,26,18.1,26.19,0.2,0.4169,0.9089,35.2,36.0,36.0,station
2021-01-26,,,,,,,,,,,,,,53,74,20.8,17.35,0.0,0.4325,0.9016,34.3,34.0,34.0,station
2021-01-27,,,,,,,,,,,,,,55,39,24.4,30.16,0.0,0.4479,0.8941,33.7,33.0,33.0,station
2021-01-28,,,,,,,,,,,,,,68,80,15.3,13.42,6.1,0.4633,0.8862,27.5,28.0,28.0,station
2021-01-29,,,,,,,,,,,,,,76,63,12.2,21.11,12.1,0.4784,0.8781,27.9,30.0,30.0,station
2021-01-30,,,,,,,,,,,,,,77,82,36.5,5.75,13.7,0.4935,0.8698,21.9,22.0,22.0,station
2021-01-31,,,,,,,,,,,,,,74,82,29.0,13.9,1.6,0.5084,0.8611,21.6,22.0,22.0,station
2021-02-01,,,,,,,,,,,,,,87,75,24.7,12.05,40.2,0.5231,0.8523,22.8,24.0,24.0,station
2021-02-02,,,,,,,,,,,,,,82,67,19.6,11.62,1.5,0.5377,0.8432,23.7,25.0,25.0,station
2021-02-03,,,,,,,,,,,,,,83,74,21.7,14.45,1.5,0.5521,0.8338,23.3,25.0,25.0,station
2021-02-04,,,,,,,,,,,,,,67,12,20.5,29.12,0.0,0.5664,0.8242,26.5,28.0,28.0,station
2021-02-05,,,,,,,,,,,,,,67,0,14.3,29.98,0.0,0.5805,0.8143,26.7,28.0,28.0,station
2021-02-06,,,,,,,,,,,,,,66,0,11.3,29.4,0.0,0.5944,0.8042,30.6,33.0,33.0,station
2021-02-07,,,,,,,,,,,,,,68,7,21.3,27.83,0.0,0.6081,0.7938,30.8,32.0,32.0,station
2021-02-08,,,,,,,,,,,,,,78,64,25.0,14.37,4.8,0.6217,0.7833,22.8,25.0,25.0,station
2021-02-09,,,,,,,,,,,,,,72,30,24.6,21.3,1.9,0.6351,0.7725,24.0,24.0,24.0,station
2021-02-10,,,,,,,,,,,,,,74,45,24.5,20.53,1.0,0.6483,0.7614,25.8,27.0,27.0,station
2021-02-11,,,,,,,,,,,,,,86,91,16.6,15.35,13.9,0.6613,0.7502,25.4,27.0,27.0,station
2021-02-12,,,,,,,,,,,,,,86,96,17.8,17.17,10.4,0.6741,0.7387,25.7,29.0,29.0,station
2021-02-13,,,,,,,,,,,,,,84,72,12.1,21.48,7.8,0.6867,0.727,27.0,28.0,28.0,station
2021-02-14,,,,,,,,,,,,,,84,53,12.4,20.01,2.9,0.6991,0.715,27.2,29.0,29.0,station
2021-02-15,,,,,,,,,,,,,,74,53,25.0,19.68,0.0,0.7113,0.7029,26.4,28.0,28.0,station
2021-02-16,,,,,,,,,,,,,,72,83,25.0,10.26,0.0,0.7233,0.6906,22.5,24.0,24.0,station
2021-02-17,,,,,,,,,,,,,,75,42,20.8,15.08,0.2,0.735,0.678,25.2,27.0,27.0,station
2021-02-18,,,,,,,,,,,,,,66,6,13.3,26.6,0.0,0.7466,0.6653,31.2,34.0,34.0,station
2021-02-19,,,,,,,,,,,,,,54,47,23.0,20.02,0.0,0.7579,0.6523,26.1,28.0,28.0,station
2021-02-20,,,,,,,,,,,,,,43,2,10.9,28.31,0.0,0.769,0.6392,25.4,27.0,27.0,station
2021-02-21,,,,,,,,,,,,,,56,20,16.6,23.56,0.0,0.7799,0.6259,30.5,31.0,31.0,station
2021-02-22,,,,,,,,,,,,,,81,60,19.1,15.49,17.7,0.7906,0.6124,27.9,28.0,28.0,station
2021-02-23,,,,,,,,,,,,,,69,21,18.4,25.33,0.0,0.801,0.5987,28.4,29.0,29.0,station
2021-02-24,,,,,,,,,,,,,,64,0,14.5,26.74,0.0,0.8112,0.5848,30.1,30.0,30.0,station
2021-02-25,,,,,,,,,,,,,,59,0,11.8,26.62,0.0,0.8211,0.5708,31.3,32.0,32.0,station
2021-02-26,,,,,,,,,,,,,,56,11,19.9,26.5,0.0,0.8308,0.5566,30.9,32.0,32.0,station
2021-02-27,,,,,,,,,,,,,,68,38,25.6,25.45,0.0,0.8402,0.5422,29.1,30.0,30.0,station
2021-02-28,,,,,,,,,,,,,,64,77,23.6,21.46,0.0,0.8495,0.5277,29.8,30.0,30.0,station
2021-03-01,,,,,,,,,,,,,,69,72,19.0,16.6,0.1,0.8584,0.513,28.5,29.0,29.0,station
2021-03-02,,,,,,,,,,,,,,78,32,17.3,18.24,0.4,0.8671,0.4981,29.1,30.0,30.0,station
2021-03-03,,,,,,,,,,,,,,76,36,21.2,20.54,0.2,0.8755,0.4831,29.7,30.0,30.0,station
2021-03-04,,,,,,,,,,,,,,82,72,14.9,16.02,8.0,0.8837,0.468,28.7,29.0,29.0,station
2021-03-05,,,,,,,,,,,,,,68,32,23.6,22.89,0.0,0.8916,0.4527,24.8,24.0,24.0,station
2021-03-06,,,,,,,,,,,,,,64,0,14.4,25.44,0.0,0.8993,0.4373,25.9,26.0,26.0,station
2021-03-07,,,,,,,,,,,,,,65,15,10.5,24.77,0.0,0.9067,0.4218,29.2,30.0,30.0,station
2021-03-08,,,,,,,,,,,,,,63,54,23.0,18.79,0.9,0.9138,0.4061,30.0,32.0,32.0,station
2021-03-09,,,,,,,,,,,,,,66,15,18.2,24.48,0.0,0.9207,0.3904,26.8,28.0,28.0,station
2021-03-10,,,,,,,,,,,,,,72,18,16.8,23.63,0.0,0.9272,0.3745,28.6,30.0,30.0,station
2021-03-11,,,,,,,,,,,,,,60,78,19.5,17.26,0.0,0.9335,0.3585,30.6,31.0,31.0,station
2021-03-12,,,,,,,,,,,,,,70,17,18.7,22.08,0.0,0.9396,0.3424,29.9,30.0,30.0,station
2021-03-13,,,,,,,,,,,,,,61,23,16.4,23.27,0.0,0.9453,0.3261,28.8,30.0,30.0,station
2021-03-14,,,,,,,,,,,,,,54,55,13.6,22.76,0.0,0.9508,0.3098,29.7,31.0,31.0,station
2021-03-15,,,,,,,,,,,,,,61,82,17.6,16.93,1.8,0.956,0.2934,27.9,28.0,28.0,station
2021-03-16,,,,,,,,,,,,,,85,83,19.1,6.17,18.8,0.9609,0.2769,24.5,24.0,24.0,station
2021-03-17,,,,,,,,,,,,,,75,83,35.7,9.33,1.1,0.9655,0.2604,19.6,21.0,21.0,station
2021-03-18,,,,,,,,,,,,,,62,25,19.9,20.3,0.0,0.9698,0.2437,18.9,20.0,20.0,station
2021-03-19,,,,,,,,,,,,,,69,51,17.3,15.64,0.6,0.9739,0.227,22.0,24.0,24.0,station
2021-03-20,,,,,,,,,,,,,,89,77,19.8,4.18,52.9,0.9777,0.2102,20.5,20.0,20.0,station
2021-03-21,,,,,,,,,,,,,,80,25,16.3,20.2,0.0,0.9811,0.1934,22.6,23.0,23.0,station
2021-03-22,,,,,,,,,,,,,,80,36,14.1,15.26,0.9,0.9843,0.1765,22.9,24.0,24.0,station
2021-03-23,,,,,,,,,,,,,,79,5,14.9,20.94,0.0,0.9872,0.1595,25.4,26.0,26.0,station
2021-03-24,,,27.9,,,,,,,,,,,80,59,17.7,15.48,0.2,0.9898,0.1425,25.8,28.0,28.0,station
2021-03-25,,,21.3,,,,,20.9,,,,,,93,95,28.6,2.18,47.8,0.9921,0.1255,21.5,21.0,21.0,station
2021-03-26,,,23.7,,,,,24.8,,,,,,88,75,16.4,11.96,7.5,0.9941,0.1084,24.4,24.0,24.0,station
2021-03-27,,,20.8,,,,,21.3,,,,,,90,71,13.8,12.45,3.4,0.9958,0.0913,22.7,24.0,24.0,station
2021-03-28,,,23.0,,,,,20.1,,,,,,82,56,12.3,14.39,0.1,0.9972,0.0741,23.7,25.0,25.0,station
2021-03-29,,,22.1,,,,,21.7,,,,,,83,65,20.9,9.12,0.1,0.9984,0.057,21.3,24.0,24.0,station
2021-03-30,,,22.7,,,,,21.9,,,,,,80,6,13.3,20.08,0.0,0.9992,0.0398,22.6,24.0,24.0,station
2021-03-31,,,22.5,,,,,22.7,,,,,,79,21,15.3,17.31,0.0,0.9997,0.0226,22.6,24.0,24.0,station
2021-04-01,,,22.2,,,,,22.9,,,,,,78,32,16.6,16.43,0.7,1.0,0.0054,22.5,24.0,24.0,station
2021-04-02,,,23.0,,,,,23.7,,,,,,78,29,15.0,13.6,0.7,0.9999,-0.0118,22.9,25.0,25.0,station
2021-04-03,,,24.3,,,,,24.7,,,,,,79,18,14.0,19.05,0.0,0.9996,-0.029,24.1,26.0,26.0,station
2021-04-04,,,25.5,,,,,25.2,,,,,,82,24,14.3,15.4,0.3,0.9989,-0.0462,24.6,26.0,26.0,station
2021-04-05,,,27.8,,,,,27.6,,,,,,82,37,13.6,16.98,0.0,0.998,-0.0634,27.3,29.0,29.0,station
2021-04-06,,,27.6,,,,,27.0,,,,,,82,1,17.0,18.35,0.0,0.9968,-0.0805,27.2,29.0,29.0,station
2021-04-07,,,28.3,,,,,27.5,,,,,,76,10,19.4,16.46,0.0,0.9952,-0.0977,28.0,29.0,29.0,station
2021-04-08,,,30.1,,,,,29.1,,,,,,73,77,24.1,12.09,9.5,0.9934,-0.1148,28.3,26.0,26.0,station
2021-04-09,,,21.9,,,,,22.2,,,,,,89,92,12.1,5.32,13.8,0.9913,-0.1319,23.5,22.0,22.0,station
2021-04-10,,,20.6,,,,,21.0,,,,,,93,92,27.5,5.78,12.7,0.9889,-0.1489,21.7,21.0,21.0,station
2021-04-11,,,19.6,,,,,20.3,,,,,,79,68,37.6,9.13,3.8,0.9861,-0.1659,19.6,21.0,21.0,station
2021-04-12,,,21.8,,,,,22.1,,,,,,74,0,10.5,18.14,0.0,0.9831,-0.1828,23.5,24.0,24.0,station
2021-04-13,,,22.8,,,,,22.6,,,,,,76,0,9.7,17.87,0.0,0.9799,-0.1997,24.0,26.0,26.0,station
2021-04-14,,,22.1,,,,,21.7,,,,,,80,2,19.7,17.38,0.0,0.9763,-0.2165,22.8,24.0,24.0,station
2021-04-15,,,25.6,,,,,25.7,,,,,,82,17,9.0,15.43,0.0,0.9724,-0.2333,24.8,26.0,26.0,station
2021-04-16,,,25.7,,,,,26.4,,,,,,88,51,9.2,14.86,0.0,0.9683,-0.25,24.9,26.0,26.0,station
2021-04-17,,,24.8,,,,,24.6,,,,,,86,77,13.4,15.44,0.0,0.9638,-0.2666,24.4,26.0,26.0,station
2021-04-18,,,25.0,,,,,23.9,,,,,,84,56,15.2,13.6,0.2,0.9591,-0.2831,23.7,22.0,22.0,station
2021-04-19,,,23.4,,,,,23.9,,,,,,77,1,19.2,16.54,0.0,0.9541,-0.2996,23.5,25.0,25.0,station
2021-04-20,,,23.1,,,,,23.8,,,,,,75,14,25.7,15.26,0.0,0.9488,-0.316,23.8,25.0,25.0,station
2021-04-21,,,23.7,,,,,23.1,,,,,,73,37,30.6,15.67,0.0,0.9432,-0.3322,24.1,26.0,26.0,station
2021-04-22,,,23.6,,,,,23.0,,,,,,79,80,26.0,11.05,2.7,0.9373,-0.3484,24.0,25.0,25.0,station
2021-04-23,,,25.4,,,,,21.3,,,,,,80,40,17.2,14.84,11.2,0.9312,-0.3645,24.7,27.0,27.0,station
2021-04-24,,,22.4,,,,,23.0,,,,,,78,41,22.9,12.73,0.3,0.9248,-0.3804,21.8,22.0,22.0,station
2021-04-25,,,18.8,,,,,18.5,,,,,,74,46,18.8,9.8,0.1,0.9181,-0.3963,18.6,19.0,19.0,station
2021-04-26,,,19.4,,,,,19.3,,,,,,81,30,8.6,12.77,0.0,0.9112,-0.412,19.7,20.0,20.0,station
2021-04-27,,,20.6,,,,,20.6,,,,,,79,30,9.1,13.22,0.0,0.9039,-0.4276,21.0,22.0,22.0,station
2021-04-28,,,21.9,,,,,21.8,,,,,,77,9,11.9,14.82,0.0,0.8965,-0.4431,22.4,23.0,23.0,station
2021-04-29,,,22.6,,,,,22.5,,,,,,75,0,12.3,15.12,0.0,0.8887,-0.4585,22.8,24.0,24.0,station
2021-04-30,,,22.9,,,,,23.0,,,,,,77,3,16.9,15.11,0.0,0.8807,-0.4737,22.1,23.0,23.0,station
2021-05-01,,,24.0,,,,,24.2,,,,,,74,16,15.2,14.5,0.0,0.8724,-0.4888,24.6,26.0,26.0,station
2021-05-02,,,25.3,,,,,25.4,,,,,,73,65,18.2,11.74,0.0,0.8639,-0.5037,25.5,27.0,27.0,station
2021-05-03,,,22.9,,,,,22.1,,,,,,83,93,24.2,5.96,11.3,0.8551,-0.5185,23.3,24.0,24.0,station
2021-05-04,,,15.1,,,,,15.5,,,,,,61,35,23.8,13.28,0.0,0.846,-0.5331,15.8,16.0,16.0,station
2021-05-05,,,14.1,,,,,14.5,,,,,,64,49,16.4,14.45,0.0,0.8367,-0.5476,14.2,14.0,14.0,station
2021-05-06,,,16.0,,,,,16.4,,,,,,70,15,13.3,14.09,0.0,0.8272,-0.5619,16.2,17.0,17.0,station
2021-05-07,,,17.0,,,,,17.1,,,,,,75,11,11.3,14.07,0.0,0.8174,-0.5761,17.3,19.0,19.0,station
2021-05-08,,,17.6,,,,,17.2,,,,,,81,57,17.3,13.28,0.0,0.8074,-0.59,18.0,18.0,18.0,station
2021-05-09,,,17.8,,,,,17.8,,,,,,86,48,15.1,7.91,0.0,0.7971,-0.6038,17.3,17.0,17.0,station
2021-05-10,,,17.1,,,,,17.0,,,,,,77,62,23.1,12.39,0.0,0.7866,-0.6175,16.7,18.0,18.0,station
2021-05-11,,,15.5,,,,,15.7,,,,,,67,0,13.5,13.5,0.0,0.7759,-0.6309,15.7,17.0,17.0,station
2021-05-12,,,17.6,,,,,17.6,,,,,,67,2,16.8,13.8,0.0,0.7649,-0.6442,17.6,18.0,18.0,station
2021-05-13,,,18.6,,,,,17.8,,,,,,71,74,13.7,12.99,0.0,0.7537,-0.6572,19.1,21.0,21.0,station
2021-05-14,,,19.1,,,,,19.3,,,,,,83,65,10.3,13.22,0.0,0.7423,-0.6701,18.3,21.0,21.0,station
2021-05-15,,,18.4,,,,,18.3,,,,,,83,53,10.4,11.46,0.0,0.7306,-0.6828,18.1,20.0,20.0,station
2021-05-16,,,18.0,,,,,18.2,,,,,,81,70,10.3,8.31,0.0,0.7188,-0.6952,18.6,19.0,19.0,station
2021-05-17,,,18.0,,,,,18.4,,,,,,82,20,12.7,11.8,0.0,0.7067,-0.7075,16.0,17.0,17.0,station
2021-05-18,,,17.8,,,,,18.2,,,,,,81,17,10.5,12.45,0.0,0.6945,-0.7195,16.6,18.0,18.0,station
2021-05-19,,,17.0,,,,,17.0,,,,,,83,94,17.8,11.13,0.4,0.682,-0.7314,16.2,16.0,16.0,station
2021-05-20,,,17.3,,,,,17.3,,,,,,83,79,20.3,11.6,0.1,0.6693,-0.743,16.8,18.0,18.0,station
2021-05-21,,,15.9,,,,,15.3,,,,,,93,99,25.2,1.23,24.3,0.6564,-0.7544,14.8,15.0,15.0,station
2021-05-22,,,13.9,,,,,13.7,,,,,,90,91,38.4,5.91,44.2,0.6433,-0.7656,15.8,16.0,16.0,station
2021-05-23,,,12.9,,,,,12.8,,,,,,75,71,38.7,7.44,2.7,0.6301,-0.7765,14.6,14.0,14.0,station
2021-05-24,,,15.9,,,,,15.8,,,,,,72,5,24.3,11.7,0.0,0.6166,-0.7873,17.5,18.0,18.0,station
2021-05-25,,,16.3,,,,,15.6,,,,,,69,1,21.7,11.84,0.0,0.603,-0.7978,16.8,18.0,18.0,station
2021-05-26,,,17.7,,,,,17.7,,,,,,76,16,22.4,11.31,0.0,0.5892,-0.808,18.7,20.0,20.0,station
2021-05-27,,,19.9,,,,,19.8,,,,,,77,7,19.1,11.3,0.0,0.5752,-0.818,20.9,23.0,23.0,station
2021-05-28,,,19.2,,,,,18.6,,,,,,70,43,22.7,11.39,0.0,0.561,-0.8278,21.0,21.0,21.0,station
2021-05-29,,,12.2,,,,,12.4,,,,,,62,35,27.8,11.79,0.0,0.5467,-0.8373,12.0,12.0,12.0,station
2021-05-30,,,14.0,,,,,13.7,,,,,,65,7,15.6,11.63,0.0,0.5322,-0.8466,13.7,15.0,15.0,station
2021-05-31,,,16.9,,,,,17.1,,,,,,61,49,22.0,10.84,0.0,0.5176,-0.8556,17.9,19.0,19.0,station
2021-06-01,,,15.8,,,,,15.7,,,,,,73,96,24.5,3.62,3.5,0.5028,-0.8644,17.2,18.0,18.0,station
2021-06-02,,,14.9,,,,,13.6,,,,,,79,9,17.2,10.05,0.3,0.4878,-0.8729,15.2,16.0,16.0,station
2021-06-03,,,17.2,,,,,16.2,,,,,,74,62,21.9,8.4,0.0,0.4728,-0.8812,18.8,19.0,19.0,station
2021-06-04,,,19.3,,,,,18.0,,,,,,83,89,15.4,5.56,3.0,0.4575,-0.8892,19.9,20.0,20.0,station
2021-06-05,,,15.9,,,,,15.6,,,,,,80,68,22.7,7.71,2.1,0.4422,-0.8969,15.9,17.0,17.0,station
2021-06-06,,,13.4,,,,,14.0,,,,,,73,36,14.2,10.81,0.0,0.4267,-0.9044,13.9,15.0,15.0,station
2021-06-07,,,13.8,,,,,14.2,,,,,,85,79,17.9,8.66,0.0,0.4111,-0.9116,14.3,15.0,15.0,station
2021-06-08,,,17.0,,,,,16.4,,,,,,85,68,14.4,7.77,0.0,0.3953,-0.9185,17.0,18.0,18.0,station
2021-06-09,,,17.6,,,,,17.4,,,,,,91,92,15.9,4.62,0.2,0.3795,-0.9252,17.5,18.0,18.0,station
2021-06-10,,,19.2,,,,,19.5,,,,,,76,25,23.0,9.99,0.2,0.3635,-0.9316,18.9,20.0,20.0,station
2021-06-11,,,12.5,,,,,14.9,,,,,,65,27,18.9,8.32,0.0,0.3474,-0.9377,14.4,15.0,15.0,station
2021-06-12,,,19.9,,,,,19.7,,,,,,72,16,16.2,10.6,0.0,0.3312,-0.9436,20.4,23.0,23.0,station
2021-06-13,,,20.5,,,,,20.3,,,,,,85,2,19.0,10.63,0.0,0.3149,-0.9491,20.7,23.0,23.0,station
2021-06-14,,,17.5,,,,,17.9,,,,,,79,77,19.8,7.6,0.0,0.2986,-0.9544,15.5,16.0,16.0,station
2021-06-15,,,12.6,,,,,12.6,,,,,,69,29,17.1,10.51,0.0,0.2821,-0.9594,11.6,12.0,12.0,station
2021-06-16,,,10.2,,,,,10.7,,,,,,71,82,15.3,5.77,0.0,0.2656,-0.9641,10.0,11.0,11.0,station
2021-06-17,,,10.7,,,,,11.1,,,,,,71,71,11.9,9.8,0.0,0.2489,-0.9685,10.0,10.0,10.0,station
2021-06-18,,,10.7,,,,,11.0,,,,,,76,62,9.7,7.33,0.0,0.2322,-0.9727,10.2,10.0,10.0,station
2021-06-19,,,11.6,,,,,12.0,,,,,,81,28,8.9,7.93,0.0,0.2155,-0.9765,11.1,13.0,13.0,station
2021-06-20,,,12.3,,,,,12.3,,,,,,86,9,11.6,10.47,0.0,0.1986,-0.9801,12.6,13.0,13.0,station
2021-06-21,,,13.3,,,,,14.2,,,,,,87,90,12.3,4.9,0.0,0.1818,-0.9833,12.8,13.0,13.0,station
2021-06-22,,,15.3,,,,,15.5,,,,,,82,72,19.7,7.62,0.0,0.1648,-0.9863,14.5,15.0,15.0,station
2021-06-23,,,15.5,,,,,12.7,,,,,,89,84,20.0,4.06,1.9,0.1478,-0.989,15.7,16.0,16.0,station
2021-06-24,,,17.0,,,,,16.8,,,,,,82,54,25.7,7.73,0.2,0.1308,-0.9914,15.7,17.0,17.0,station
2021-06-25,,,16.2,,,,,16.1,,,,,,75,28,12.9,10.38,0.0,0.1137,-0.9935,17.7,20.0,20.0,station
2021-06-26,,,11.9,,,,,12.7,,,,,,87,85,28.7,4.92,3.2,0.0966,-0.9953,12.9,12.0,12.0,station
2021-06-27,,,6.5,,,,,7.5,,,,,,80,60,23.5,4.44,0.4,0.0795,-0.9968,8.4,9.0,9.0,station
2021-06-28,,,10.2,,,,,9.2,,,,,,71,95,35.5,3.52,0.3,0.0623,-0.9981,9.2,9.0,9.0,station
2021-06-29,,,11.6,,,,,11.2,,,,,,74,74,25.5,8.13,0.0,0.0451,-0.999,11.9,10.0,10.0,station
2021-06-30,,,13.1,,,,,13.1,,,,,,83,48,17.6,10.25,0.0,0.028,-0.9996,11.7,11.0,11.0,station
2021-07-01,,,14.7,,,,,15.2,,,,,,84,46,20.2,9.94,0.0,0.0108,-0.9999,13.7,12.0,12.0,station
2021-07-02,,,15.0,,,,,14.8,,,,,,81,18,17.6,10.46,0.0,-0.0065,-1.0,14.6,16.0,16.0,station
2021-07-03,,,15.8,,,,,15.5,,,,,,57,15,18.2,11.21,0.0,-0.0237,-0.9997,16.3,19.0,19.0,station
2021-07-04,,,15.8,,,,,14.8,,,,,,73,40,13.6,10.76,0.0,-0.0408,-0.9992,15.8,18.0,18.0,station
2021-07-05,,,16.2,,,,,16.1,,,,,,86,8,11.9,11.1,0.0,-0.058,-0.9983,15.6,17.0,17.0,station
2021-07-06,,,16.7,,,,,16.2,,,,,,88,48,17.1,10.22,0.0,-0.0752,-0.9972,15.5,16.0,16.0,station
2021-07-07,,,18.6,,,,,17.6,,,,,,89,78,20.1,4.4,2.5,-0.0923,-0.9957,18.5,17.0,17.0,station
2021-07-08,,,19.7,,,,,19.8,,,,,,89,10,18.9,10.05,0.0,-0.1094,-0.994,19.1,21.0,21.0,station
2021-07-09,,,23.3,,,,,23.2,,,,,,74,22,24.2,9.34,0.0,-0.1265,-0.992,22.5,24.0,24.0,station
2021-07-10,,,18.8,,,,,19.0,,,,,,59,24,27.9,11.13,0.0,-0.1436,-0.9896,18.5,20.0,20.0,station
2021-07-11,,,15.7,,,,,15.7,,,,,,68,27,15.9,11.6,0.0,-0.1606,-0.987,15.2,17.0,17.0,station
2021-07-12,,,16.5,,,,,18.5,,,,,,91,91,13.8,4.49,8.7,-0.1775,-0.9841,18.4,18.0,18.0,station
2021-07-13,,,16.4,,,,,16.5,,,,,,83,64,17.4,6.24,1.6,-0.1944,-0.9809,15.0,14.0,14.0,station
2021-07-14,,,11.1,,,,,11.1,,,,,,83,99,21.8,4.02,5.9,-0.2113,-0.9774,12.9,13.0,13.0,station
2021-07-15,,,14.3,,,,,14.1,,,,,,84,28,12.7,10.17,3.1,-0.2281,-0.9736,14.1,16.0,16.0,station
2021-07-16,,,14.9,,,,,14.9,,,,,,83,7,16.2,11.76,0.0,-0.2448,-0.9696,14.9,16.0,16.0,station
2021-07-17,,,12.2,,,,,12.2,,,,,,60,24,32.3,11.66,0.0,-0.2614,-0.9652,11.3,13.0,13.0,station
2021-07-18,,,12.5,,,,,12.8,,,,,,64,27,40.8,10.73,0.0,-0.278,-0.9606,11.9,12.0,12.0,station
2021-07-19,,,12.4,,,,,13.1,,,,,,79,8,14.3,12.15,0.0,-0.2945,-0.9557,11.6,13.0,13.0,station
2021-07-20,,,15.5,,,,,15.4,,,,,,71,12,19.7,11.93,0.0,-0.3109,-0.9505,15.6,17.0,17.0,station
2021-07-21,,,16.2,,,,,16.7,,,,,,76,34,15.4,11.97,0.0,-0.3272,-0.945,16.5,19.0,19.0,station
2021-07-22,,,17.9,,,,,17.8,,,,,,76,85,15.9,11.89,0.0,-0.3434,-0.9392,17.7,20.0,20.0,station
2021-07-23,,,20.9,,,,,21.1,,,,,,80,50,15.3,11.95,0.0,-0.3595,-0.9332,21.7,25.0,25.0,station
2021-07-24,,,17.0,,,,,18.6,,,,,,82,94,23.9,7.77,4.8,-0.3755,-0.9268,16.3,17.0,17.0,station
2021-07-25,,,16.6,,,,,16.0,,,,,,88,74,21.1,6.18,5.1,-0.3914,-0.9202,15.1,17.0,17.0,station
2021-07-26,,,14.3,,,,,14.3,,,,,,67,35,23.5,12.06,0.0,-0.4071,-0.9134,13.7,15.0,15.0,station
2021-07-27,,,9.7,,,,,11.0,,,,,,47,36,33.2,11.43,0.0,-0.4228,-0.9062,9.8,11.0,11.0,station
2021-07-28,,,9.5,,,,,10.6,,,,,,62,68,32.9,9.09,0.2,-0.4383,-0.8988,9.2,11.0,11.0,station
2021-07-29,,,12.1,,,,,11.9,,,,,,68,1,16.3,12.72,0.0,-0.4537,-0.8912,12.4,14.0,14.0,station
2021-07-30,,,14.8,,,,,14.2,,,,,,62,0,19.7,13.19,0.0,-0.469,-0.8832,14.5,17.0,17.0,station
2021-07-31,,,15.6,,,,,15.2,,,,,,74,22,17.7,12.81,0.0,-0.4841,-0.875,15.7,17.0,17.0,station
2021-08-01,,,15.2,,,,,16.0,,,,,,80,1,10.3,13.27,0.0,-0.4991,-0.8666,14.8,15.0,15.0,station
2021-08-02,,,15.5,,,,,16.2,,,,,,87,42,10.6,12.24,0.0,-0.5139,-0.8578,15.0,17.0,17.0,station
2021-08-03,,,17.2,,,,,17.2,,,,,,81,4,11.7,13.64,0.0,-0.5286,-0.8489,17.0,18.0,18.0,station
2021-08-04,,,17.6,,,,,17.9,,,,,,88,27,11.8,12.52,0.0,-0.5431,-0.8397,16.5,19.0,19.0,station
2021-08-05,,,17.9,,,,,18.9,,,,,,91,38,15.4,7.73,0.0,-0.5575,-0.8302,14.5,14.0,14.0,station
2021-08-06,,,21.9,,,,,22.0,,,,,,87,9,18.0,13.53,0.0,-0.5717,-0.8205,20.1,21.0,21.0,station
2021-08-07,,,24.4,,,,,24.6,,,,,,82,32,15.2,13.27,0.0,-0.5857,-0.8105,23.9,26.0,26.0,station
2021-08-08,,,16.0,,,,,16.9,,,,,,85,91,31.3,5.45,27.7,-0.5996,-0.8003,14.9,15.0,15.0,station
2021-08-09,,,7.8,,,,,8.1,,,,,,71,99,27.4,3.11,8.1,-0.6132,-0.7899,9.1,9.0,9.0,station
2021-08-10,,,10.2,,,,,10.2,,,,,,71,9,17.0,14.53,0.0,-0.6267,-0.7792,9.9,11.0,11.0,station
2021-08-11,,,13.3,,,,,12.8,,,,,,75,1,14.8,14.49,0.0,-0.64,-0.7683,13.2,14.0,14.0,station
2021-08-12,,,12.5,,,,,13.4,,,,,,82,34,11.3,13.97,0.0,-0.6532,-0.7572,12.2,13.0,13.0,station
2021-08-13,,,13.7,,,,,13.7,,,,,,86,82,11.2,10.89,0.0,-0.6661,-0.7459,12.8,14.0,14.0,station
2021-08-14,,,16.3,,,,,16.3,,,,,,85,47,9.0,11.6,0.1,-0.6788,-0.7343,16.1,17.0,17.0,station
2021-08-15,,,17.2,,,,,17.0,,,,,,90,48,11.8,10.28,0.0,-0.6914,-0.7225,15.2,16.0,16.0,station
2021-08-16,,,18.2,,,,,18.5,,,,,,86,51,18.6,14.19,0.0,-0.7037,-0.7105,17.7,18.0,18.0,station
2021-08-17,,,20.5,,,,,20.6,,,,,,82,53,16.1,13.35,0.0,-0.7158,-0.6983,20.5,22.0,22.0,station
2021-08-18,,,22.9,,,,,24.6,,,,,,87,26,16.6,14.57,0.0,-0.7277,-0.6859,20.5,22.0,22.0,station
2021-08-19,,,18.6,,,,,17.2,,,,,,85,75,34.9,12.44,3.4,-0.7394,-0.6733,17.7,18.0,18.0,station
2021-08-20,,,17.7,,,,,18.5,,,,,,64,53,19.7,13.25,0.0,-0.7509,-0.6605,17.7,19.0,19.0,station
2021-08-21,,,15.6,,,,,15.5,,,,,,67,70,23.3,13.37,0.0,-0.7621,-0.6474,16.6,17.0,17.0,station
2021-08-22,,,20.0,,,,,19.8,,,,,,69,28,24.7,15.72,0.0,-0.7731,-0.6342,18.7,20.0,20.0,station
2021-08-23,,,15.4,,,,,15.7,,,,,,55,33,13.8,11.61,0.0,-0.7839,-0.6208,13.0,15.0,15.0,station
2021-08-24,,,16.3,,,,,15.9,,,,,,68,33,10.8,16.39,0.0,-0.7945,-0.6073,14.9,58.0,58.0,station
2021-08-25,,,16.4,,,,,16.7,,,,,,73,46,11.6,14.29,0.0,-0.8048,-0.5935,15.2,17.0,17.0,station
2021-08-26,,,19.5,,,,,18.9,,,,,,63,2,23.6,17.01,0.0,-0.8149,-0.5796,18.9,21.0,21.0,station
2021-08-27,,,16.7,,,,,16.7,,,,,,54,15,12.4,17.1,0.0,-0.8248,-0.5655,15.3,16.0,16.0,station
2021-08-28,,,18.9,,,,,17.9,,,,,,75,57,16.4,12.88,0.0,-0.8344,-0.5512,18.5,21.0,21.0,station
2021-08-29,,,21.7,,,,,21.5,,,,,,75,7,15.2,16.8,0.0,-0.8437,-0.5368,20.8,22.0,22.0,station
2021-08-30,,,23.5,,,,,23.8,,,,,,82,4,16.9,16.87,0.0,-0.8528,-0.5222,22.8,24.0,24.0,station
2021-08-31,,,27.4,,,,,26.0,,,,,,76,62,16.6,12.36,2.6,-0.8617,-0.5074,25.1,28.0,28.0,station
2021-09-01,,,19.8,,,,,20.5,,,,,,87,99,22.6,6.98,32.6,-0.8703,-0.4925,19.8,22.0,22.0,station
2021-09-02,,,16.0,,,,,16.8,,,,,,90,100,24.2,3.4,2.1,-0.8786,-0.4775,15.6,15.0,15.0,station
2021-09-03,,,17.7,,,,,15.0,,,,,,81,74,20.5,8.27,0.1,-0.8867,-0.4623,16.6,17.0,17.0,station
2021-09-04,,,16.3,,,,,18.4,,,,,,88,77,22.2,9.04,6.0,-0.8945,-0.447,16.5,16.0,16.0,station
2021-09-05,,,16.3,,,,,16.6,,,,,,83,74,19.1,12.29,0.9,-0.9021,-0.4315,17.2,18.0,18.0,station
2021-09-06,,,17.6,,,,,18.1,,,,,,86,82,21.1,7.7,0.8,-0.9094,-0.4159,17.4,17.0,17.0,station
2021-09-07,,,15.0,,,,,15.1,,,,,,87,99,32.1,5.01,4.6,-0.9164,-0.4002,17.0,16.0,16.0,station
2021-09-08,,,13.5,,,,,13.9,,,,,,95,98,20.5,3.33,37.5,-0.9232,-0.3844,15.9,16.0,16.0,station
2021-09-09,,,12.8,,,,,13.0,,,,,,85,91,34.3,5.1,3.9,-0.9296,-0.3685,15.1,15.0,15.0,station
2021-09-10,,,16.1,,,,,16.7,,,,,,80,80,22.9,9.63,0.2,-0.9358,-0.3524,16.7,15.0,15.0,station
2021-09-11,,,18.4,,,,,18.4,,,,,,84,70,24.7,16.93,0.0,-0.9418,-0.3363,17.9,18.0,18.0,station
2021-09-12,,,23.7,,,,,24.3,,,,,,79,56,28.0,15.53,0.6,-0.9474,-0.32,24.7,26.0,26.0,station
2021-09-13,,,21.6,,,,,20.9,,,,,,80,46,30.0,9.74,0.0,-0.9528,-0.3037,18.0,18.0,18.0,station
2021-09-14,,,17.0,,,,,16.8,,,,,,57,22,25.6,18.85,0.1,-0.9579,-0.2873,16.4,18.0,18.0,station
2021-09-15,,,18.5,,,,,18.9,,,,,,66,0,17.0,20.28,0.0,-0.9627,-0.2707,18.9,20.0,20.0,station
2021-09-16,,,21.8,,,,,22.1,,,,,,57,0,15.0,20.48,0.0,-0.9672,-0.2541,21.9,25.0,25.0,station
2021-09-17,,,21.0,,,,,21.0,,,,,,67,20,15.6,20.05,0.0,-0.9714,-0.2375,21.2,23.0,23.0,station
2021-09-18,,,23.3,,,,,23.0,,,,,,81,0,16.0,20.38,0.0,-0.9753,-0.2207,22.2,24.0,24.0,station
2021-09-19,,,20.7,,,,,21.5,,,,,,86,69,20.1,10.59,0.0,-0.979,-0.2039,19.3,19.0,19.0,station
2021-09-20,,,19.6,,,,,20.6,,,,,,79,75,31.7,9.57,0.0,-0.9824,-0.187,18.8,19.0,19.0,station
2021-09-21,,,17.6,,,,,17.2,,,,,,69,11,19.3,21.26,0.0,-0.9854,-0.1701,16.1,18.0,18.0,station
2021-09-22,,,17.3,,,,,16.5,,,,,,77,83,19.9,9.0,0.7,-0.9882,-0.1531,15.5,15.0,15.0,station
2021-09-23,,,15.9,,,,,16.9,,,,,,85,69,14.0,10.64,1.9,-0.9907,-0.1361,18.2,19.0,19.0,station
2021-09-24,,,20.3,,,,,20.2,,,,,,83,47,15.2,17.19,0.0,-0.9929,-0.1191,19.6,20.0,20.0,station
2021-09-25,,,20.6,,,,,20.7,,,,,,82,20,17.9,20.73,0.0,-0.9948,-0.102,19.1,20.0,20.0,station
2021-09-26,,,24.5,,,,,24.6,,,,,,72,25,15.2,20.77,0.0,-0.9964,-0.0848,24.8,25.0,25.0,station
2021-09-27,,,18.7,,,,,22.3,,,,,,84,72,25.9,8.72,0.6,-0.9977,-0.0677,15.0,13.0,13.0,station
2021-09-28,,,18.2,,,,,16.5,,,,,,81,83,19.4,11.54,0.2,-0.9987,-0.0505,18.3,17.0,17.0,station
2021-09-29,,,20.2,,,,,20.4,,,,,,79,39,21.9,20.56,0.0,-0.9994,-0.0333,19.9,20.0,20.0,station
2021-09-30,,,16.5,,,,,20.2,,,,,,86,63,30.2,8.38,15.0,-0.9999,-0.0161,19.1,18.0,18.0,station
2021-10-01,,,21.5,,,,,21.4,,,,,,67,0,15.5,23.61,0.0,-1.0,0.0011,21.8,23.0,23.0,station
2021-10-02,,,20.7,,,,,20.0,,,,,,72,51,25.3,16.9,4.4,-0.9998,0.0183,20.5,19.0,19.0,station
2021-10-03,,,15.8,,,,,15.9,,,,,,57,13,25.9,23.47,0.0,-0.9994,0.0355,15.7,16.0,16.0,station
2021-10-04,,,19.3,,,,,19.5,,,,,,61,1,15.0,23.95,0.0,-0.9986,0.0527,19.3,20.0,20.0,station
2021-10-05,,,23.9,,,,,23.0,,,,,,57,0,19.1,24.53,0.0,-0.9976,0.0698,21.9,23.0,23.0,station
2021-10-06,,,16.7,,,,,16.9,,,,,,62,11,27.8,22.53,0.0,-0.9962,0.087,16.3,17.0,17.0,station
2021-10-07,,,18.0,,,,,18.4,,,,,,63,0,11.1,25.16,0.0,-0.9946,0.1041,15.0,17.0,17.0,station
2021-10-08,,,18.7,,,,,18.6,,,,,,71,21,15.4,22.04,0.0,-0.9926,0.1212,17.5,17.0,17.0,station
2021-10-09,,,21.4,,,,,20.7,,,,,,71,13,17.1,23.99,0.0,-0.9904,0.1383,19.3,20.0,20.0,station
2021-10-10,,,21.3,,,,,22.0,,,,,,82,57,23.3,15.6,0.9,-0.9879,0.1553,20.1,20.0,20.0,station
2021-10-11,,,19.6,,,,,18.6,,,,,,84,78,19.8,11.66,2.4,-0.9851,0.1722,20.6,20.0,20.0,station
2021-10-12,,,24.0,,,,,23.5,,,,,,85,98,13.8,9.33,0.2,-0.9819,0.1892,20.7,21.0,21.0,station
2021-10-13,,,18.3,,,,,20.9,,,,,,92,91,17.4,8.15,5.1,-0.9785,0.206,19.4,18.0,18.0,station
2021-10-14,,,24.1,,,,,25.0,,,,,,78,67,32.2,19.99,0.6,-0.9749,0.2228,22.8,23.0,23.0,station
2021-10-15,,,18.6,,,,,18.7,,,,,,56,41,21.0,26.04,0.0,-0.9709,0.2396,17.7,18.0,18.0,station
2021-10-16,,,20.4,,,,,21.5,,,,,,57,0,15.8,26.81,0.0,-0.9666,0.2562,19.5,19.0,19.0,station
2021-10-17,,,24.0,,,,,22.8,,,,,,57,38,17.1,25.35,0.0,-0.9621,0.2728,22.5,23.0,23.0,station
2021-10-18,,,23.8,,,,,25.7,,,,,,67,2,15.7,26.36,0.0,-0.9572,0.2893,22.1,22.0,22.0,station
2021-10-19,,,24.9,,,,,25.9,,,,,,69,2,14.0,27.17,0.0,-0.9521,0.3057,21.8,24.0,24.0,station
2021-10-20,,,26.3,,,,,26.6,,,,,,70,4,15.9,25.46,0.0,-0.9467,0.3221,24.7,26.0,26.0,station
2021-10-21,,,29.1,,,,,28.6,,,,,,66,7,15.6,25.11,0.0,-0.941,0.3383,25.8,28.0,28.0,station
2021-10-22,,,27.8,,,,,23.9,,,,,,69,82,19.8,19.34,8.8,-0.9351,0.3545,25.5,26.0,26.0,station
2021-10-23,,,22.0,,,,,20.1,,,,,,70,69,27.2,16.86,6.8,-0.9288,0.3705,21.0,22.0,22.0,station
2021-10-24,,,24.9,,,,,23.7,,,,,,51,0,28.8,27.89,0.0,-0.9223,0.3864,24.0,25.0,25.0,station
2021-10-25,,,29.7,,,,,30.8,,,,,,41,1,30.1,28.07,0.0,-0.9155,0.4022,28.4,29.0,29.0,station
2021-10-26,,,36.2,,,,,36.0,,,,,,58,0,13.0,27.98,0.0,-0.9085,0.4179,32.1,33.0,33.0,station
2021-10-27,,,36.5,,,,,36.7,,,,,,49,0,12.4,27.96,0.0,-0.9012,0.4335,33.7,35.0,35.0,station
2021-10-28,,,34.3,,,,,33.8,,,,,,48,68,23.1,26.52,0.0,-0.8936,0.4489,34.3,35.0,35.0,station
2021-10-29,,,30.7,,,,,30.0,,,,,,51,32,20.3,28.13,0.0,-0.8857,0.4642,29.6,30.0,30.0,station
2021-10-30,,,32.9,,,,,32.3,,,,,,63,17,20.4,26.99,0.0,-0.8776,0.4794,30.0,31.0,31.0,station
2021-10-31,,,27.4,,,,,25.0,,,,,,72,83,23.4,14.71,0.0,-0.8692,0.4944,22.4,22.0,22.0,station
2021-11-01,,,21.9,,,,,21.2,,,,,,78,100,22.2,8.55,1.3,-0.8606,0.5093,20.8,18.0,18.0,station
2021-11-02,,,26.3,,,,,25.8,,,,,,83,99,18.6,11.89,1.9,-0.8517,0.524,23.8,23.0,23.0,station
2021-11-03,,,26.0,,,,,23.2,,,,,,83,79,19.9,17.36,2.4,-0.8426,0.5386,25.0,24.0,24.0,station
2021-11-04,,,29.3,,,,,28.7,,,,,,81,68,14.5,20.91,1.7,-0.8332,0.553,25.8,27.0,27.0,station
2021-11-05,,,19.9,,,,,20.9,,,,,,56,99,27.9,16.32,1.4,-0.8235,0.5672,20.0,21.0,21.0,station
2021-11-06,,,23.5,,,,,22.4,,,,,,57,75,20.7,26.54,0.0,-0.8137,0.5813,22.1,21.0,21.0,station
2021-11-07,,,26.1,,,,,25.4,,,,,,71,69,14.1,20.28,6.3,-0.8035,0.5952,23.0,24.0,24.0,station
2021-11-08,,,29.9,,,,,30.2,,,,,,63,10,11.2,27.33,0.0,-0.7932,0.609,28.6,29.0,29.0,station
2021-11-09,,,28.1,,,,,28.5,,,,,,66,52,21.1,25.45,0.0,-0.7826,0.6225,25.7,25.0,25.0,station
2021-11-10,,,25.8,,,,,25.5,,,,,,66,99,21.4,19.91,0.0,-0.7718,0.6359,24.6,24.0,24.0,station
2021-11-11,,,26.2,,,,,25.8,,,,,,62,22,24.1,29.89,0.0,-0.7607,0.6491,24.6,25.0,25.0,station
2021-11-12,,,25.1,,,,,25.8,,,,,,58,19,25.8,30.16,0.0,-0.7494,0.6621,24.5,25.0,25.0,station
2021-11-13,,,29.5,,,,,29.5,,,,,,60,34,27.2,28.93,9.8,-0.7379,0.6749,28.2,28.0,28.0,station
2021-11-14,,,28.8,,,,,28.6,,,,,,66,37,19.1,30.11,15.4,-0.7262,0.6875,25.4,26.0,26.0,station
2021-11-15,,,31.3,,,,,31.7,,,,,,69,28,21.7,27.14,3.2,-0.7143,0.6998,28.1,29.0,29.0,station
2021-11-16,,,22.7,,,,,23.0,,,,,,67,55,33.4,21.18,0.0,-0.7021,0.712,19.7,21.0,21.0,station
2021-11-17,,,21.8,,,,,24.2,,,,,,56,0,13.6,32.08,0.0,-0.6898,0.724,20.4,21.0,21.0,station
2021-11-18,,,26.8,,,,,27.7,,,,,,45,1,13.0,31.4,0.0,-0.6772,0.7358,25.5,26.0,26.0,station
2021-11-19,,,30.9,,,,,31.6,,,,,,54,4,14.2,30.68,0.0,-0.6645,0.7473,28.0,27.0,27.0,station
2021-11-20,,,34.6,,,,,35.9,,,,,,64,24,15.0,28.86,0.0,-0.6515,0.7586,31.3,30.0,30.0,station
2021-11-21,,,38.3,,,,,39.5,,,,,,36,11,26.4,30.03,0.0,-0.6384,0.7697,35.3,36.0,36.0,station
2021-11-22,,,37.2,,,,,35.9,,,,,,36,52,29.6,22.38,0.2,-0.625,0.7806,32.4,35.0,35.0,station
2021-11-23,,,28.4,,,,,29.5,,,,,,42,2,24.6,32.25,0.0,-0.6115,0.7912,25.2,25.0,25.0,station
2021-11-24,,,36.1,,,,,37.2,,,,,,42,27,19.2,31.33,0.0,-0.5978,0.8016,32.4,33.0,33.0,station
2021-11-25,,,25.4,,,,,26.7,,,,,,67,79,24.6,8.16,14.0,-0.584,0.8118,25.6,26.0,26.0,station
2021-11-26,,,32.9,,,,,30.0,,,,,,74,1,17.1,30.51,0.0,-0.5699,0.8217,29.0,30.0,30.0,station
2021-11-27,,,31.2,,,,,31.7,,,,,,72,43,21.9,30.6,0.4,-0.5557,0.8314,27.9,28.0,28.0,station
2021-11-28,,,21.3,,,,,19.6,,,,,,92,100,23.3,3.46,55.7,-0.5413,0.8408,20.8,22.0,22.0,station
2021-11-29,,,26.0,,,,,29.5,,,,,,69,57,34.8,23.83,0.7,-0.5268,0.85,25.6,25.0,25.0,station
2021-11-30,,,25.7,,,,,26.9,,,,,,65,15,20.0,32.36,0.0,-0.5121,0.859,23.8,25.0,25.0,station
2021-12-01,,,24.9,,,,,24.9,,,,,,76,53,15.9,21.4,1.2,-0.4972,0.8676,21.9,23.0,23.0,station
2021-12-02,,,26.1,,,,,28.3,,,,,,73,35,18.5,29.71,0.0,-0.4822,0.8761,24.5,25.0,25.0,station
2021-12-03,,,26.4,,,,,26.5,,,,,,70,74,17.7,21.73,0.2,-0.4671,0.8842,24.3,24.0,24.0,station
2021-12-04,,,27.2,,,,,26.1,,,,,,76,86,17.2,18.38,1.1,-0.4518,0.8921,24.0,25.0,25.0,station
2021-12-05,,,22.2,,,,,23.5,,,,,,84,68,16.6,15.88,28.4,-0.4364,0.8998,23.7,25.0,25.0,station
2021-12-06,,,27.5,,,,,27.9,,,,,,78,31,18.4,24.94,1.2,-0.4208,0.9071,25.4,26.0,26.0,station
2021-12-07,,,30.1,,,,,30.1,,,,,,69,6,21.8,32.04,0.0,-0.4052,0.9142,27.3,28.0,28.0,station
2021-12-08,,,31.0,,,,,31.7,,,,,,60,49,21.9,31.64,0.0,-0.3894,0.9211,26.7,28.0,28.0,station
2021-12-09,,,30.5,,,,,30.3,,,,,,66,69,18.6,24.61,0.0,-0.3735,0.9276,26.4,26.0,26.0,station
2021-12-10,,,23.4,,,,,25.9,,,,,,67,65,18.2,20.9,1.2,-0.3575,0.9339,25.2,26.0,26.0,station
2021-12-11,,,32.8,,,,,30.8,,,,,,70,27,16.1,27.24,0.0,-0.3413,0.9399,28.5,29.0,29.0,station
2021-12-12,,,31.7,,,,,30.1,,,,,,68,82,17.7,20.36,0.6,-0.3251,0.9457,27.9,29.0,29.0,station
2021-12-13,,,30.7,,,,,31.4,,,,,,54,96,17.8,28.16,0.2,-0.3088,0.9511,28.5,29.0,29.0,station
2021-12-14,,,30.0,,,,,30.9,,,,,,57,49,30.7,30.11,0.2,-0.2924,0.9563,27.5,28.0,28.0,station
2021-12-15,,,26.8,,,,,25.7,,,,,,77,54,25.0,21.23,5.7,-0.2759,0.9612,26.6,26.0,26.0,station
2021-12-16,,,30.2,,,,,31.6,,,,,,71,13,20.6,31.02,0.0,-0.2593,0.9658,27.4,28.0,28.0,station
2021-12-17,,,30.0,,,,,30.1,,,,,,69,4,19.1,32.39,0.0,-0.2427,0.9701,26.6,29.0,29.0,station
2021-12-18,,,31.6,,,,,32.8,,,,,,66,2,24.2,32.74,0.0,-0.226,0.9741,28.1,29.0,29.0,station
2021-12-19,,,35.0,,,,,34.7,,,,,,61,7,19.7,31.64,0.0,-0.2092,0.9779,29.8,32.0,32.0,station
2021-12-20,,,36.3,,,,,37.1,,,,,,63,50,22.8,25.88,0.3,-0.1923,0.9813,31.8,33.0,33.0,station
2021-12-21,,,33.3,,,,,32.3,,,,,,68,57,20.1,22.66,7.7,-0.1754,0.9845,27.1,31.0,31.0,station
2021-12-22,,,35.6,,,,,35.9,,,,,,63,3,16.8,31.34,0.0,-0.1585,0.9874,30.6,33.0,33.0,station
2021-12-23,,,33.6,,,,,33.0,,,,,,66,0,17.5,31.28,0.0,-0.1414,0.9899,28.6,31.0,31.0,station
2021-12-24,,,37.9,,,,,38.8,,,,,,54,27,19.6,30.27,0.0,-0.1244,0.9922,34.2,35.0,35.0,station
2021-12-25,,,36.1,,,,,36.7,,,,,,67,24,19.8,30.53,2.3,-0.1073,0.9942,30.8,30.0,30.0,station
2021-12-26,,,37.8,,,,,37.4,,,,,,58,9,15.8,29.89,0.0,-0.0902,0.9959,32.8,34.0,34.0,station
2021-12-27,,,37.7,,,,,37.4,,,,,,61,8,17.7,31.35,0.0,-0.073,0.9973,32.3,34.0,34.0,station
2021-12-28,,,41.0,,,,,39.8,,,,,,51,40,17.6,27.11,0.0,-0.0559,0.9984,34.1,36.0,36.0,station
2021-12-29,,,41.6,,,,,42.2,,,,,,37,51,21.6,29.53,0.0,-0.0387,0.9993,37.5,39.0,39.0,station
2021-12-30,,,41.1,,,,,41.1,,,,,,43,39,24.3,22.89,0.4,-0.0215,0.9998,33.5,34.0,34.0,station
2021-12-31,,,38.9,,,,,39.2,,,,,,60,8,20.0,29.92,0.0,-0.0043,1.0,32.5,,,
2022-01-01,,,37.3,,,,,41.2,,,,,,67,69,22.9,13.29,6.6,0.0172,0.9999,27.4,27.0,27.0,station
2022-01-02,,,38.7,,,,,39.3,,,,,,65,19,20.3,30.69,0.0,0.0344,0.9994,31.8,34.0,34.0,station
2022-01-03,,,40.2,,,,,37.8,,,,,,61,15,19.7,29.22,0.0,0.0516,0.9987,34.8,38.0,38.0,station
2022-01-04,,,39.2,,,,,39.4,,,,,,57,68,33.8,20.49,11.5,0.0688,0.9976,32.2,31.0,31.0,station
2022-01-05,,,30.8,,,,,31.1,,,,,,49,8,25.0,32.41,0.0,0.0859,0.9963,26.9,28.0,28.0,station
2022-01-06,,,30.7,,,,,32.2,,,,,,57,0,20.0,32.55,0.0,0.103,0.9947,27.1,29.0,29.0,station
2022-01-07,,,32.7,,,,,32.5,,,,,,60,58,19.5,27.86,0.0,0.1201,0.9928,28.1,29.0,29.0,station
2022-01-08,,,32.5,,,,,33.4,,,,,,58,22,20.5,31.97,0.0,0.1372,0.9905,28.5,30.0,30.0,station
2022-01-09,,,34.7,,,,,35.0,,,,,,55,8,22.7,32.28,0.0,0.1542,0.988,29.9,31.0,31.0,station
2022-01-10,,,38.1,,,,,38.7,,,,,,55,8,14.0,31.85,0.0,0.1712,0.9852,33.6,36.0,36.0,station
2022-01-11,,,43.6,,,,,44.3,,,,,,45,17,40.8,30.82,0.0,0.1881,0.9821,38.7,41.0,41.0,station
2022-01-12,,,36.1,,,,,36.8,,,,,,49,6,25.9,31.82,0.0,0.205,0.9788,33.7,34.0,34.0,station
2022-01-13,,,40.9,,,,,42.8,,,,,,48,0,16.7,32.11,0.0,0.2218,0.9751,36.5,38.0,38.0,station
2022-01-14,,,44.7,,,,,45.8,,,,,,35,1,21.1,31.59,0.0,0.2385,0.9711,41.3,42.0,42.0,station
2022-01-15,,,42.5,,,,,43.3,,,,,,46,34,29.7,24.72,3.0,0.2552,0.9669,37.0,41.0,41.0,station
2022-01-16,,,39.9,,,,,34.0,,,,,,74,77,21.9,22.0,7.4,0.2718,0.9624,32.1,33.0,33.0,station
2022-01-17,,,25.1,,,,,23.1,,,,,,81,97,29.5,11.77,30.1,0.2883,0.9575,25.3,28.0,28.0,station
2022-01-18,,,22.0,,,,,20.7,,,,,,84,99,28.7,9.27,5.1,0.3047,0.9524,24.4,24.0,24.0,station
2022-01-19,,,29.2,,,,,27.7,,,,,,82,84,29.9,17.02,0.8,0.3211,0.9471,26.6,27.0,27.0,station
2022-01-20,,,30.8,,,,,32.7,,,,,,81,79,20.9,23.05,1.3,0.3373,0.9414,29.9,30.0,30.0,station
2022-01-21,,,35.0,,,,,33.6,,,,,,84,80,17.8,17.69,3.7,0.3534,0.9355,30.4,30.0,30.0,station
2022-01-22,,,33.6,,,,,33.4,,,,,,88,71,25.1,15.69,10.3,0.3695,0.9292,30.1,24.0,24.0,station
2022-01-23,,,30.1,,,,,29.9,,,,,,83,99,11.8,16.52,0.0,0.3854,0.9227,27.7,26.0,26.0,station
2022-01-24,,,32.3,,,,,33.0,,,,,,80,74,10.5,22.44,0.4,0.4012,0.916,30.3,30.0,30.0,station
2022-01-25,,,28.5,,,,,27.9,,,,,,87,91,11.2,19.27,13.3,0.4169,0.9089,30.1,31.0,31.0,station
2022-01-26,,,27.4,,,,,28.3,,,,,,79,76,36.0,17.96,5.6,0.4325,0.9016,27.3,27.0,27.0,station
2022-01-27,,,23.5,,,,,24.7,,,,,,62,13,23.7,30.23,0.0,0.4479,0.8941,22.4,23.0,23.0,station
2022-01-28,,,25.8,,,,,25.4,,,,,,67,7,11.6,28.15,0.0,0.4633,0.8862,24.4,25.0,25.0,station
2022-01-29,,,29.6,,,,,29.1,,,,,,71,34,15.6,29.7,0.0,0.4784,0.8781,28.0,29.0,29.0,station
2022-01-30,,,32.3,,,,,33.0,,,,,,64,18,17.3,29.58,0.0,0.4935,0.8698,29.2,30.0,30.0,station
2022-01-31,,,26.0,,,,,27.0,,,,,,51,17,28.0,30.72,0.1,0.5084,0.8611,25.0,25.0,25.0,station
2022-02-01,,,32.2,,,,,31.9,,,,,,54,0,16.8,30.25,0.0,0.5231,0.8523,29.1,29.0,29.0,station
2022-02-02,,,35.2,,,,,36.9,,,,,,58,65,15.7,27.24,0.0,0.5377,0.8432,32.3,33.0,33.0,station
2022-02-03,,,31.6,,,,,29.1,,,,,,83,81,17.8,10.62,28.8,0.5521,0.8338,25.5,26.0,26.0,station
2022-02-04,,,28.4,,,,,33.1,,,,,,80,64,15.0,23.98,0.0,0.5664,0.8242,28.8,28.0,28.0,station
2022-02-05,,,25.6,,,,,24.1,,,,,,81,59,28.3,19.24,6.2,0.5805,0.8143,21.8,21.0,21.0,station
2022-02-06,,,22.1,,,,,21.3,,,,,,68,43,30.1,16.13,0.1,0.5944,0.8042,21.2,22.0,22.0,station
2022-02-07,,,26.1,,,,,25.7,,,,,,69,46,18.2,25.41,0.0,0.6081,0.7938,24.8,24.0,24.0,station
2022-02-08,,,27.1,,,,,28.8,,,,,,65,16,19.9,27.57,0.0,0.6217,0.7833,26.0,26.0,26.0,station
2022-02-09,,,28.8,,,,,29.6,,,,,,69,8,16.7,28.41,0.0,0.6351,0.7725,26.7,27.0,27.0,station
2022-02-10,,,32.3,,,,,32.4,,,,,,62,0,19.4,28.58,0.0,0.6483,0.7614,29.3,30.0,30.0,station
2022-02-11,,,32.3,,,,,31.9,,,,,,73,70,31.1,18.81,14.3,0.6613,0.7502,28.1,28.0,28.0,station
2022-02-12,,,24.9,,,,,24.8,,,,,,67,45,23.5,21.08,1.5,0.6741,0.7387,21.4,22.0,22.0,station
2022-02-13,,,27.1,,,,,25.7,,,,,,56,6,19.4,27.81,0.0,0.6867,0.727,25.2,26.0,26.0,station
2022-02-14,,,33.1,,,,,33.7,,,,,,54,0,15.6,28.38,0.0,0.6991,0.715,29.8,31.0,31.0,station
2022-02-15,,,35.8,,,,,37.5,,,,,,51,0,19.1,28.02,0.0,0.7113,0.7029,32.8,33.0,33.0,station
2022-02-16,,,37.8,,,,,38.9,,,,,,51,24,17.5,26.13,0.0,0.7233,0.6906,35.2,35.0,35.0,station
2022-02-17,,,29.8,,,,,28.6,,,,,,58,19,26.2,24.18,0.0,0.735,0.678,26.4,26.0,26.0,station
2022-02-18,,,29.0,,,,,29.4,,,,,,63,7,18.4,26.48,0.0,0.7466,0.6653,26.1,27.0,27.0,station
2022-02-19,,,31.9,,,,,33.1,,,,,,71,38,17.0,25.07,0.4,0.7579,0.6523,29.1,29.0,29.0,station
2022-02-20,,,25.3,,,,,33.5,,,,,,87,78,24.2,8.66,37.9,0.769,0.6392,23.0,22.0,22.0,station
2022-02-21,,,28.3,,,,,30.7,,,,,,73,21,23.0,24.64,0.0,0.7799,0.6259,25.9,26.0,26.0,station
2022-02-22,,,29.1,,,,,28.7,,,,,,77,64,13.0,18.43,0.6,0.7906,0.6124,24.6,27.0,27.0,station
2022-02-23,,,29.3,,,,,29.5,,,,,,80,20,20.1,25.77,0.0,0.801,0.5987,26.8,27.0,27.0,station
2022-02-24,,,26.4,,,,,26.1,,,,,,88,68,27.9,8.66,20.1,0.8112,0.5848,24.4,24.0,24.0,station
2022-02-25,,,32.4,,,,,32.8,,,,,,72,16,12.8,26.73,0.0,0.8211,0.5708,28.5,30.0,30.0,station
2022-02-26,,,35.6,,,,,32.3,,,,,,77,66,19.1,19.19,5.1,0.8308,0.5566,29.5,28.0,28.0,station
2022-02-27,,,25.6,,,,,28.3,,,,,,90,87,21.3,10.58,58.6,0.8402,0.5422,27.8,24.0,24.0,station
2022-02-28,,,28.2,,,,,26.9,,,,,,72,30,23.7,25.16,0.0,0.8495,0.5277,26.2,28.0,28.0,station
2022-03-01,,,27.2,,,,,26.2,,,,,,61,0,19.7,26.15,0.0,0.8584,0.513,25.6,26.0,26.0,station
2022-03-02,,,30.7,,,,,31.1,,,,,,59,2,20.8,25.43,0.0,0.8671,0.4981,27.7,29.0,29.0,station
2022-03-03,,,27.9,,,,,29.0,,,,,,71,27,18.7,24.65,0.0,0.8755,0.4831,26.2,27.0,27.0,station
2022-03-04,,,33.9,,,,,33.4,,,,,,82,36,14.8,15.39,8.8,0.8837,0.468,28.4,28.0,28.0,station
2022-03-05,,,27.4,,,,,27.9,,,,,,90,64,18.7,9.45,2.7,0.8916,0.4527,26.0,26.0,26.0,station
2022-03-06,,,29.6,,,,,29.2,,,,,,82,49,19.5,23.25,5.4,0.8993,0.4373,28.2,29.0,29.0,station
2022-03-07,,,27.4,,,,,28.6,,,,,,75,34,25.0,24.69,31.4,0.9067,0.4218,25.0,25.0,25.0,station
2022-03-08,,,28.6,,,,,28.6,,,,,,62,0,15.5,25.23,0.0,0.9138,0.4061,25.8,28.0,28.0,station
2022-03-09,,,20.3,,,,,22.0,,,,,,83,89,14.8,6.22,3.8,0.9207,0.3904,20.6,21.0,21.0,station
2022-03-10,,,26.4,,,,,26.0,,,,,,73,29,19.9,23.57,0.0,0.9272,0.3745,23.3,24.0,24.0,station
2022-03-11,,,24.0,,,,,23.8,,,,,,67,5,20.6,23.62,0.0,0.9335,0.3585,22.8,23.0,23.0,station
2022-03-12,,,26.2,,,,,26.9,,,,,,72,1,11.4,24.41,0.0,0.9396,0.3424,22.8,24.0,24.0,station
2022-03-13,,,27.2,,,,,28.1,,,,,,74,0,9.6,24.14,0.0,0.9453,0.3261,24.0,25.0,25.0,station
2022-03-14,,,28.1,,,,,28.8,,,,,,66,17,14.0,19.21,0.0,0.9508,0.3098,26.7,27.0,27.0,station
2022-03-15,,,31.3,,,,,31.5,,,,,,68,24,12.6,21.18,0.0,0.956,0.2934,28.6,29.0,29.0,station
2022-03-16,,,30.9,,,,,31.0,,,,,,68,1,20.2,22.79,0.0,0.9609,0.2769,27.7,28.0,28.0,station
2022-03-17,,,31.6,,,,,32.2,,,,,,73,86,23.1,20.76,0.2,0.9655,0.2604,30.4,30.0,30.0,station
2022-03-18,,,20.1,,,,,20.2,,,,,,76,74,30.9,10.33,20.0,0.9698,0.2437,20.7,20.0,20.0,station
2022-03-19,,,21.5,,,,,22.4,,,,,,64,36,11.4,22.77,0.0,0.9739,0.227,18.8,20.0,20.0,station
2022-03-20,,,21.6,,,,,22.1,,,,,,71,47,22.3,18.3,0.1,0.9777,0.2102,20.1,22.0,22.0,station
2022-03-21,,,23.5,,,,,23.5,,,,,,64,78,26.2,16.11,0.4,0.9811,0.1934,22.1,22.0,22.0,station
2022-03-22,,,28.9,,,,,24.9,,,,,,81,67,26.4,13.54,4.8,0.9843,0.1765,23.4,24.0,24.0,station
2022-03-23,,,26.1,,,,,27.9,,,,,,86,55,20.4,16.38,5.4,0.9872,0.1595,26.1,27.0,27.0,station
2022-03-24,,,20.4,,,,,20.7,,,,,,79,82,36.2,13.53,24.4,0.9898,0.1425,20.2,22.0,22.0,station
2022-03-25,,,17.2,,,,,16.7,,,,,,87,74,32.1,6.3,4.9,0.9921,0.1255,20.4,22.0,22.0,station
2022-03-26,,,22.9,,,,,23.2,,,,,,79,77,28.1,9.43,0.1,0.9941,0.1084,21.5,23.0,23.0,station
2022-03-27,,,26.3,,,,,27.8,,,,,,76,1,17.2,21.25,0.0,0.9958,0.0913,26.5,27.0,27.0,station
2022-03-28,,,26.9,,,,,26.3,,,,,,72,1,21.3,20.98,0.0,0.9972,0.0741,26.0,27.0,27.0,station
2022-03-29,,,25.3,,,,,24.9,,,,,,68,41,26.7,13.29,6.0,0.9984,0.057,26.0,28.0,28.0,station
2022-03-30,,,17.5,,,,,18.0,,,,,,46,13,29.3,18.63,0.0,0.9992,0.0398,16.0,16.0,16.0,station
2022-03-31,,,18.7,,,,,19.4,,,,,,60,7,15.1,20.63,0.0,0.9997,0.0226,17.4,19.0,19.0,station
2022-04-01,,,20.7,,,,,20.9,,,,,,61,4,13.2,20.44,0.0,1.0,0.0054,19.0,20.0,20.0,station
2022-04-02,,,22.5,,,,,22.6,,,,,,72,0,22.1,20.2,0.0,0.9999,-0.0118,20.7,21.0,21.0,station
2022-04-03,,,23.0,,,,,24.9,,,,,,78,51,19.9,13.17,3.1,0.9996,-0.029,23.3,23.0,23.0,station
2022-04-04,,,22.6,,,,,23.8,,,,,,57,0,15.9,20.2,0.0,0.9989,-0.0462,20.4,21.0,21.0,station
2022-04-05,,,26.4,,,,,26.8,,,,,,57,0,13.1,19.83,0.0,0.998,-0.0634,23.4,25.0,25.0,station
2022-04-06,,,29.1,,,,,28.9,,,,,,74,2,12.8,19.0,0.0,0.9968,-0.0805,26.2,27.0,27.0,station
2022-04-07,,,29.5,,,,,28.8,,,,,,79,29,15.7,17.14,0.0,0.9952,-0.0977,26.3,26.0,26.0,station
2022-04-08,,,26.9,,,,,27.9,,,,,,81,41,16.3,15.57,0.5,0.9934,-0.1148,24.9,24.0,24.0,station
2022-04-09,,,28.6,,,,,28.5,,,,,,87,23,16.9,16.98,0.0,0.9913,-0.1319,24.7,26.0,26.0,station
2022-04-10,,,28.3,,,,,28.3,,,,,,79,45,17.8,15.89,8.6,0.9889,-0.1489,26.5,27.0,27.0,station
2022-04-11,,,21.9,,,,,25.0,,,,,,84,61,21.6,12.05,17.7,0.9861,-0.1659,23.0,23.0,23.0,station
2022-04-12,,,22.7,,,,,23.5,,,,,,64,30,19.7,17.03,0.0,0.9831,-0.1828,20.7,21.0,21.0,station
2022-04-13,,,20.8,,,,,20.9,,,,,,64,2,15.5,18.06,0.0,0.9799,-0.1997,19.0,20.0,20.0,station
2022-04-14,,,20.9,,,,,21.1,,,,,,66,0,11.5,17.9,0.0,0.9763,-0.2165,19.6,20.0,20.0,station
2022-04-15,,,21.0,,,,,20.8,,,,,,76,22,12.9,13.82,0.0,0.9724,-0.2333,18.8,19.0,19.0,station
2022-04-16,,,23.5,,,,,22.8,,,,,,78,36,13.1,16.38,0.0,0.9683,-0.25,21.9,22.0,22.0,station
2022-04-17,,,22.3,,,,,22.9,,,,,,79,98,13.6,11.07,0.1,0.9638,-0.2666,21.3,22.0,22.0,station
2022-04-18,,,23.8,,,,,24.1,,,,,,81,30,14.6,15.36,0.0,0.9591,-0.2831,21.6,23.0,23.0,station
2022-04-19,,,25.0,,,,,24.7,,,,,,77,47,12.2,16.41,0.0,0.9541,-0.2996,24.2,25.0,25.0,station
2022-04-20,,,26.6,,,,,27.0,,,,,,74,58,16.7,14.98,0.4,0.9488,-0.316,25.4,26.0,26.0,station
2022-04-21,,,23.9,,,,,23.9,,,,,,70,44,15.4,16.21,1.3,0.9432,-0.3322,20.1,21.0,21.0,station
2022-04-22,,,17.8,,,,,21.2,,,,,,67,69,22.0,5.61,1.9,0.9373,-0.3484,18.2,16.0,16.0,station
2022-04-23,,,24.2,,,,,23.6,,,,,,64,4,23.9,15.96,0.0,0.9312,-0.3645,21.6,21.0,21.0,station
2022-04-24,,,26.4,,,,,26.9,,,,,,63,31,24.0,13.59,0.0,0.9248,-0.3804,22.6,25.0,25.0,station
2022-04-25,,,24.0,,,,,24.0,,,,,,79,38,31.7,13.4,18.5,0.9181,-0.3963,23.2,25.0,25.0,station
2022-04-26,,,25.2,,,,,23.0,,,,,,90,77,27.4,5.45,1.0,0.9112,-0.412,23.4,24.0,24.0,station
2022-04-27,,,21.8,,,,,23.0,,,,,,69,29,32.4,15.87,39.7,0.9039,-0.4276,21.5,25.0,25.0,station
2022-04-28,,,16.1,,,,,16.3,,,,,,58,8,20.4,15.72,0.0,0.8965,-0.4431,15.6,16.0,16.0,station
2022-04-29,,,13.7,,,,,14.6,,,,,,64,0,11.6,15.55,0.0,0.8887,-0.4585,13.3,14.0,14.0,station
2022-04-30,,,13.6,,,,,14.1,,,,,,78,58,8.3,7.49,0.0,0.8807,-0.4737,14.2,15.0,15.0,station
2022-05-01,,,17.8,,,,,18.0,,,,,,74,3,14.1,14.83,0.0,0.8724,-0.4888,16.5,18.0,18.0,station
2022-05-02,,,16.0,,,,,17.0,,,,,,75,72,13.2,9.82,0.1,0.8639,-0.5037,15.5,17.0,17.0,station
2022-05-03,,,16.6,,,,,17.9,,,,,,74,8,9.0,14.39,0.0,0.8551,-0.5185,15.3,17.0,17.0,station
2022-05-04,,,18.8,,,,,19.0,,,,,,80,5,11.1,14.33,0.0,0.846,-0.5331,18.2,20.0,20.0,station
2022-05-05,,,20.0,,,,,20.2,,,,,,79,54,13.9,13.9,0.0,0.8367,-0.5476,20.5,22.0,22.0,station
2022-05-06,,,22.4,,,,,22.7,,,,,,84,0,13.5,13.87,0.0,0.8272,-0.5619,22.9,24.0,24.0,station
2022-05-07,,,22.9,,,,,22.6,,,,,,82,18,21.4,12.64,0.0,0.8174,-0.5761,23.2,23.0,23.0,station
2022-05-08,,,22.6,,,,,22.8,,,,,,79,34,16.7,13.51,0.0,0.8074,-0.59,22.5,23.0,23.0,station
2022-05-09,,,21.4,,,,,22.5,,,,,,83,96,10.2,12.81,0.0,0.7971,-0.6038,21.7,22.0,22.0,station
2022-05-10,,,20.9,,,,,21.4,,,,,,88,80,15.5,9.11,0.0,0.7866,-0.6175,18.7,19.0,19.0,station
2022-05-11,,,17.0,,,,,18.4,,,,,,76,66,16.3,10.31,0.0,0.7759,-0.6309,16.9,18.0,18.0,station
2022-05-12,,,16.8,,,,,16.8,,,,,,80,29,13.3,12.53,0.0,0.7649,-0.6442,16.2,17.0,17.0,station
2022-05-13,,,18.4,,,,,17.8,,,,,,79,91,16.9,10.54,0.0,0.7537,-0.6572,18.9,19.0,19.0,station
2022-05-14,,,19.9,,,,,20.6,,,,,,70,49,14.1,12.7,0.0,0.7423,-0.6701,18.2,19.0,19.0,station
2022-05-15,,,15.0,,,,,15.3,,,,,,59,48,22.9,13.26,0.0,0.7306,-0.6828,14.4,15.0,15.0,station
2022-05-16,,,15.2,,,,,14.5,,,,,,65,66,38.0,7.62,0.2,0.7188,-0.6952,14.8,15.0,15.0,station
2022-05-17,,,13.2,,,,,15.5,,,,,,70,97,39.6,4.01,0.0,0.7067,-0.7075,14.0,15.0,15.0,station
2022-05-18,,,15.7,,,,,15.8,,,,,,69,68,21.4,8.43,0.0,0.6945,-0.7195,13.7,15.0,15.0,station
2022-05-19,,,16.0,,,,,16.2,,,,,,81,29,10.7,12.34,0.0,0.682,-0.7314,14.7,15.0,15.0,station
2022-05-20,,,18.6,,,,,17.9,,,,,,82,26,18.0,12.39,0.0,0.6693,-0.743,17.5,18.0,18.0,station
2022-05-21,,,20.5,,,,,20.7,,,,,,78,33,13.9,12.2,0.0,0.6564,-0.7544,19.8,21.0,21.0,station
2022-05-22,,,19.6,,,,,20.2,,,,,,86,63,15.9,11.04,0.0,0.6433,-0.7656,18.3,20.0,20.0,station
2022-05-23,,,18.4,,,,,19.5,,,,,,83,96,13.1,10.95,0.0,0.6301,-0.7765,20.0,22.0,22.0,station
2022-05-24,,,20.7,,,,,21.4,,,,,,81,77,14.6,10.58,0.8,0.6166,-0.7873,20.0,20.0,20.0,station
2022-05-25,,,14.1,,,,,13.5,,,,,,90,79,28.0,1.9,9.5,0.603,-0.7978,12.0,11.0,11.0,station
2022-05-26,,,13.8,,,,,14.1,,,,,,80,13,14.8,11.66,0.0,0.5892,-0.808,14.1,14.0,14.0,station
2022-05-27,,,14.7,,,,,14.6,,,,,,76,47,12.9,11.52,0.0,0.5752,-0.818,14.8,15.0,15.0,station
2022-05-28,,,13.3,,,,,14.4,,,,,,80,71,11.0,6.56,0.0,0.561,-0.8278,14.0,13.0,13.0,station
2022-05-29,,,10.9,,,,,13.2,,,,,,66,29,19.0,12.03,0.0,0.5467,-0.8373,10.3,11.0,11.0,station
2022-05-30,,,11.2,,,,,11.6,,,,,,60,5,22.7,11.66,0.0,0.5322,-0.8466,10.2,11.0,11.0,station
2022-05-31,,,10.9,,,,,11.0,,,,,,71,6,9.5,11.65,0.0,0.5176,-0.8556,10.4,11.0,11.0,station
2022-06-01,,,12.1,,,,,12.0,,,,,,68,60,9.7,7.99,0.0,0.5028,-0.8644,11.4,13.0,13.0,station
2022-06-02,,,11.8,,,,,11.8,,,,,,76,0,10.5,11.33,0.0,0.4878,-0.8729,11.3,13.0,13.0,station
2022-06-03,,,11.7,,,,,11.3,,,,,,81,47,16.1,10.57,0.0,0.4728,-0.8812,11.2,12.0,12.0,station
2022-06-04,,,13.3,,,,,13.6,,,,,,84,70,15.6,8.87,0.0,0.4575,-0.8892,14.0,15.0,15.0,station
2022-06-05,,,16.2,,,,,16.2,,,,,,88,85,8.3,8.11,0.0,0.4422,-0.8969,15.7,15.0,15.0,station
2022-06-06,,,17.4,,,,,17.4,,,,,,92,44,9.3,9.0,0.0,0.4267,-0.9044,14.3,16.0,16.0,station
2022-06-07,,,17.0,,,,,17.5,,,,,,94,73,10.8,6.67,0.0,0.4111,-0.9116,13.3,16.0,16.0,station
2022-06-08,,,18.0,,,,,18.3,,,,,,94,56,9.2,7.89,0.0,0.3953,-0.9185,13.7,13.0,13.0,station
2022-06-09,,,17.7,,,,,18.6,,,,,,88,77,19.7,6.3,0.4,0.3795,-0.9252,15.7,15.0,15.0,station
2022-06-10,,,10.5,,,,,10.6,,,,,,56,0,24.5,11.29,0.0,0.3635,-0.9316,9.5,11.0,11.0,station
2022-06-11,,,13.4,,,,,13.4,,,,,,58,0,16.8,10.96,0.0,0.3474,-0.9377,12.7,15.0,15.0,station
2022-06-12,,,15.7,,,,,15.3,,,,,,72,10,10.3,10.94,0.0,0.3312,-0.9436,15.9,19.0,19.0,station
2022-06-13,,,17.0,,,,,16.9,,,,,,75,65,16.4,10.93,0.0,0.3149,-0.9491,17.2,19.0,19.0,station
2022-06-14,,,16.9,,,,,16.6,,,,,,79,73,15.6,10.5,0.0,0.2986,-0.9544,17.2,17.0,17.0,station
2022-06-15,,,16.5,,,,,16.2,,,,,,88,94,10.9,9.49,0.0,0.2821,-0.9594,17.4,18.0,18.0,station
2022-06-16,,,15.8,,,,,14.9,,,,,,93,72,11.9,8.37,0.0,0.2656,-0.9641,17.3,17.0,17.0,station
2022-06-17,,,13.4,,,,,13.8,,,,,,66,21,32.1,10.61,0.0,0.2489,-0.9685,12.3,12.0,12.0,station
2022-06-18,,,14.7,,,,,15.3,,,,,,53,16,17.6,10.84,0.0,0.2322,-0.9727,14.9,16.0,16.0,station
2022-06-19,,,15.8,,,,,16.6,,,,,,62,60,22.3,10.24,0.0,0.2155,-0.9765,16.2,17.0,17.0,station
2022-06-20,,,14.7,,,,,14.2,,,,,,75,84,12.0,9.37,0.0,0.1986,-0.9801,15.4,14.0,14.0,station
2022-06-21,,,14.9,,,,,14.9,,,,,,77,60,25.5,9.67,0.0,0.1818,-0.9833,14.1,15.0,15.0,station
2022-06-22,,,10.7,,,,,10.0,,,,,,69,84,21.7,8.77,0.6,0.1648,-0.9863,10.4,10.0,10.0,station
2022-06-23,,,11.0,,,,,11.5,,,,,,71,67,14.2,7.57,0.0,0.1478,-0.989,10.5,10.0,10.0,station
2022-06-24,,,12.2,,,,,11.6,,,,,,76,82,11.5,5.87,0.0,0.1308,-0.9914,11.9,12.0,12.0,station
2022-06-25,,,9.4,,,,,9.4,,,,,,80,98,12.5,9.22,0.0,0.1137,-0.9935,10.2,11.0,11.0,station
2022-06-26,,,10.4,,,,,10.6,,,,,,83,100,14.6,7.19,0.9,0.0966,-0.9953,10.1,10.0,10.0,station
2022-06-27,,,11.6,,,,,10.4,,,,,,77,100,11.7,6.71,0.0,0.0795,-0.9968,13.2,12.0,12.0,station
2022-06-28,,,16.2,,,,,16.3,,,,,,77,75,17.4,4.39,0.0,0.0623,-0.9981,14.5,15.0,15.0,station
2022-06-29,,,18.1,,,,,17.6,,,,,,66,36,21.3,10.58,0.0,0.0451,-0.999,17.3,19.0,19.0,station
2022-06-30,,,16.0,,,,,15.6,,,,,,74,31,14.1,10.74,0.0,0.028,-0.9996,15.2,17.0,17.0,station
2022-07-01,,,13.5,,,,,14.3,,,,,,85,46,25.8,5.64,0.7,0.0108,-0.9999,13.1,13.0,13.0,station
2022-07-02,,,14.3,,,,,14.1,,,,,,77,9,18.4,11.04,0.0,-0.0065,-1.0,12.9,13.0,13.0,station
2022-07-03,,,13.9,,,,,14.1,,,,,,76,20,13.3,10.87,0.0,-0.0237,-0.9997,12.9,14.0,14.0,station
2022-07-04,,,12.5,,,,,11.7,,,,,,89,67,14.3,2.57,0.1,-0.0408,-0.9992,11.6,12.0,12.0,station
2022-07-05,,,13.2,,,,,13.5,,,,,,91,50,13.0,10.53,0.0,-0.058,-0.9983,14.1,16.0,16.0,station
2022-07-06,,,16.1,,,,,16.8,,,,,,94,74,20.4,3.33,0.5,-0.0752,-0.9972,14.3,13.0,13.0,station
2022-07-07,,,14.5,,,,,14.9,,,,,,59,10,21.0,11.34,1.4,-0.0923,-0.9957,13.1,14.0,14.0,station
2022-07-08,,,13.3,,,,,12.8,,,,,,62,54,24.2,9.06,0.5,-0.1094,-0.994,13.3,14.0,14.0,station
2022-07-09,,,18.0,,,,,20.3,,,,,,86,72,23.4,6.35,0.0,-0.1265,-0.992,20.9,18.0,18.0,station
2022-07-10,,,20.9,,,,,21.1,,,,,,77,88,24.9,6.03,0.1,-0.1436,-0.9896,20.9,21.0,21.0,station
2022-07-11,,,14.6,,,,,15.3,,,,,,65,100,25.9,6.26,0.7,-0.1606,-0.987,12.5,12.0,12.0,station
2022-07-12,,,11.9,,,,,11.8,,,,,,70,32,23.9,11.23,0.0,-0.1775,-0.9841,10.9,11.0,11.0,station
2022-07-13,,,15.1,,,,,15.2,,,,,,79,20,19.8,11.32,0.0,-0.1944,-0.9809,14.9,16.0,16.0,station
2022-07-14,,,16.3,,,,,15.2,,,,,,84,62,19.3,7.64,3.7,-0.2113,-0.9774,15.0,15.0,15.0,station
2022-07-15,,,14.9,,,,,13.0,,,,,,88,89,24.9,5.63,0.0,-0.2281,-0.9736,12.9,11.0,11.0,station
2022-07-16,,,11.8,,,,,11.6,,,,,,76,93,30.3,3.07,0.1,-0.2448,-0.9696,10.6,11.0,11.0,station
2022-07-17,,,14.0,,,,,13.9,,,,,,67,27,22.8,11.78,0.0,-0.2614,-0.9652,13.2,14.0,14.0,station
2022-07-18,,,15.6,,,,,15.9,,,,,,71,50,21.4,11.38,0.0,-0.278,-0.9606,15.2,16.0,16.0,station
2022-07-19,,,14.6,,,,,14.7,,,,,,78,2,15.4,11.92,0.0,-0.2945,-0.9557,14.5,16.0,16.0,station
2022-07-20,,,18.4,,,,,18.5,,,,,,83,7,14.4,11.71,0.0,-0.3109,-0.9505,18.2,20.0,20.0,station
2022-07-21,,,19.3,,,,,18.8,,,,,,81,36,14.4,10.71,0.0,-0.3272,-0.945,18.3,19.0,19.0,station
2022-07-22,,,17.8,,,,,16.6,,,,,,88,18,13.5,10.75,0.0,-0.3434,-0.9392,18.2,18.0,18.0,station
2022-07-23,,,20.4,,,,,20.9,,,,,,96,58,14.7,3.55,2.0,-0.3595,-0.9332,18.1,17.0,17.0,station
2022-07-24,,,19.0,,,,,19.3,,,,,,92,97,21.3,5.21,0.3,-0.3755,-0.9268,18.3,18.0,18.0,station
2022-07-25,,,16.0,,,,,17.7,,,,,,93,95,24.3,5.08,9.5,-0.3914,-0.9202,17.9,17.0,17.0,station
2022-07-26,,,19.4,,,,,21.5,,,,,,90,88,18.2,8.72,14.7,-0.4071,-0.9134,22.2,22.0,22.0,station
2022-07-27,,,19.8,,,,,23.3,,,,,,92,95,24.6,6.16,56.2,-0.4228,-0.9062,22.0,18.0,18.0,station
2022-07-28,,,16.5,,,,,17.8,,,,,,73,52,29.6,11.57,1.3,-0.4383,-0.8988,15.9,15.0,15.0,station
2022-07-29,,,15.9,,,,,16.0,,,,,,67,0,17.1,12.68,0.0,-0.4537,-0.8912,15.4,18.0,18.0,station
2022-07-30,,,17.9,,,,,17.4,,,,,,72,22,11.2,12.7,0.0,-0.469,-0.8832,18.7,21.0,21.0,station
2022-07-31,,,17.8,,,,,16.9,,,,,,83,59,9.5,8.74,0.4,-0.4841,-0.875,16.9,19.0,19.0,station
2022-08-01,,,17.8,,,,,17.6,,,,,,85,47,12.2,12.24,0.0,-0.4991,-0.8666,17.8,19.0,19.0,station
2022-08-02,,,17.2,,,,,17.1,,,,,,88,52,17.3,8.53,0.0,-0.5139,-0.8578,14.5,16.0,16.0,station
2022-08-03,,,18.6,,,,,19.8,,,,,,86,83,20.2,8.59,0.3,-0.5286,-0.8489,17.4,16.0,16.0,station
2022-08-04,,,14.4,,,,,15.8,,,,,,80,81,20.5,9.31,0.0,-0.5431,-0.8397,12.8,12.0,12.0,station
2022-08-05,,,15.8,,,,,16.9,,,,,,75,0,10.2,13.66,0.0,-0.5575,-0.8302,15.2,17.0,17.0,station
2022-08-06,,,15.9,,,,,15.6,,,,,,72,69,17.9,13.26,0.0,-0.5717,-0.8205,16.3,16.0,16.0,station
2022-08-07,,,14.3,,,,,14.4,,,,,,78,88,21.7,8.36,0.0,-0.5857,-0.8105,14.2,15.0,15.0,station
2022-08-08,,,14.6,,,,,14.2,,,,,,73,92,21.5,8.76,0.4,-0.5996,-0.8003,13.5,15.0,15.0,station
2022-08-09,,,15.3,,,,,14.5,,,,,,82,61,12.6,8.87,1.0,-0.6132,-0.7899,13.7,14.0,14.0,station
2022-08-10,,,13.9,,,,,14.2,,,,,,79,41,17.2,13.48,0.0,-0.6267,-0.7792,14.1,15.0,15.0,station
2022-08-11,,,17.4,,,,,17.5,,,,,,75,0,20.6,14.43,0.0,-0.64,-0.7683,17.3,18.0,18.0,station
2022-08-12,,,18.8,,,,,18.7,,,,,,77,74,15.2,12.01,0.0,-0.6532,-0.7572,18.1,19.0,19.0,station
2022-08-13,,,21.3,,,,,20.9,,,,,,80,3,17.4,14.27,0.0,-0.6661,-0.7459,22.1,23.0,23.0,station
2022-08-14,,,22.7,,,,,21.5,,,,,,79,62,18.2,14.11,1.3,-0.6788,-0.7343,22.4,24.0,24.0,station
2022-08-15,,,17.4,,,,,17.1,,,,,,66,71,26.6,11.65,2.1,-0.6914,-0.7225,19.0,21.0,21.0,station
2022-08-16,,,15.4,,,,,17.7,,,,,,44,83,24.1,10.27,0.0,-0.7037,-0.7105,16.8,20.0,20.0,station
2022-08-17,,,14.8,,,,,15.7,,,,,,66,82,24.0,7.99,1.7,-0.7158,-0.6983,13.9,14.0,14.0,station
2022-08-18,,,12.1,,,,,12.3,,,,,,54,10,26.1,14.25,0.1,-0.7277,-0.6859,11.8,12.0,12.0,station
2022-08-19,,,15.6,,,,,15.5,,,,,,52,0,19.0,15.62,0.0,-0.7394,-0.6733,16.1,18.0,18.0,station
2022-08-20,,,17.5,,,,,17.3,,,,,,52,18,17.7,15.89,0.0,-0.7509,-0.6605,16.8,18.0,18.0,station
2022-08-21,,,17.5,,,,,17.1,,,,,,70,77,12.0,14.13,0.0,-0.7621,-0.6474,17.4,18.0,18.0,station
2022-08-22,,,16.4,,,,,17.5,,,,,,80,68,17.9,14.72,0.0,-0.7731,-0.6342,15.3,16.0,16.0,station
2022-08-23,,,21.1,,,,,21.0,,,,,,78,4,15.8,15.91,0.0,-0.7839,-0.6208,19.5,21.0,21.0,station
2022-08-24,,,24.1,,,,,23.9,,,,,,75,30,13.4,15.48,0.0,-0.7945,-0.6073,23.8,25.0,25.0,station
2022-08-25,,,23.9,,,,,21.8,,,,,,80,48,12.2,15.63,0.0,-0.8048,-0.5935,25.9,26.0,26.0,station
2022-08-26,,,25.0,,,,,23.8,,,,,,89,51,15.3,14.8,11.3,-0.8149,-0.5796,23.1,25.0,25.0,station
2022-08-27,,,19.0,,,,,18.8,,,,,,64,63,29.1,11.8,0.5,-0.8248,-0.5655,17.8,21.0,21.0,station
2022-08-28,,,11.9,,,,,12.0,,,,,,55,2,22.7,17.29,0.0,-0.8344,-0.5512,11.6,13.0,13.0,station
2022-08-29,,,15.5,,,,,15.6,,,,,,71,0,14.5,17.51,0.0,-0.8437,-0.5368,14.6,16.0,16.0,station
2022-08-30,,,17.0,,,,,16.9,,,,,,73,22,18.5,17.42,0.1,-0.8528,-0.5222,16.7,19.0,19.0,station
2022-08-31,,,20.7,,,,,21.0,,,,,,77,75,16.2,13.72,0.0,-0.8617,-0.5074,20.0,21.0,21.0,station
2022-09-01,,,21.1,,,,,20.0,,,,,,83,100,27.1,8.54,3.7,-0.8703,-0.4925,20.7,17.0,17.0,station
2022-09-02,,,16.4,,,,,16.9,,,,,,54,21,27.0,18.44,0.0,-0.8786,-0.4775,16.0,17.0,17.0,station
2022-09-03,,,18.1,,,,,17.1,,,,,,65,0,11.9,18.16,0.0,-0.8867,-0.4623,18.3,20.0,20.0,station
2022-09-04,,,20.6,,,,,20.1,,,,,,57,0,17.5,18.43,0.0,-0.8945,-0.447,21.0,22.0,22.0,station
2022-09-05,,,22.0,,,,,21.2,,,,,,54,0,14.2,18.65,0.0,-0.9021,-0.4315,22.2,23.0,23.0,station
2022-09-06,,,21.1,,,,,21.0,,,,,,74,0,16.9,18.64,0.0,-0.9094,-0.4159,20.8,22.0,22.0,station
2022-09-07,,,24.8,,,,,24.9,,,,,,68,0,23.4,18.78,0.0,-0.9164,-0.4002,23.6,24.0,24.0,station
2022-09-08,,,23.9,,,,,23.4,,,,,,75,57,33.2,14.39,23.4,-0.9232,-0.3844,23.0,25.0,25.0,station
2022-09-09,,,14.4,,,,,14.3,,,,,,62,75,28.0,14.1,0.1,-0.9296,-0.3685,12.2,13.0,13.0,station
2022-09-10,,,17.7,,,,,17.9,,,,,,59,0,13.0,19.49,0.0,-0.9358,-0.3524,17.1,19.0,19.0,station
2022-09-11,,,19.1,,,,,18.8,,,,,,64,49,14.1,15.57,0.0,-0.9418,-0.3363,17.9,18.0,18.0,station
2022-09-12,,,20.9,,,,,21.1,,,,,,74,22,11.2,18.64,0.0,-0.9474,-0.32,18.8,20.0,20.0,station
2022-09-13,,,21.6,,,,,22.4,,,,,,83,34,9.4,17.46,0.0,-0.9528,-0.3037,19.4,20.0,20.0,station
2022-09-14,,,22.5,,,,,22.9,,,,,,80,20,13.8,18.22,0.0,-0.9579,-0.2873,20.2,21.0,21.0,station
2022-09-15,,,21.5,,,,,22.1,,,,,,72,0,19.2,20.22,0.0,-0.9627,-0.2707,20.3,22.0,22.0,station
2022-09-16,,,22.5,,,,,22.7,,,,,,68,60,25.3,19.27,0.0,-0.9672,-0.2541,22.9,23.0,23.0,station
2022-09-17,,,23.9,,,,,23.9,,,,,,64,100,25.5,18.46,0.0,-0.9714,-0.2375,24.4,25.0,25.0,station
2022-09-18,,,22.2,,,,,20.4,,,,,,71,100,20.6,16.0,0.4,-0.9753,-0.2207,22.2,23.0,23.0,station
2022-09-19,,,21.3,,,,,24.1,,,,,,76,55,24.2,15.96,0.5,-0.979,-0.2039,21.4,21.0,21.0,station
2022-09-20,,,17.5,,,,,18.2,,,,,,70,68,15.8,17.13,1.2,-0.9824,-0.187,15.9,18.0,18.0,station
2022-09-21,,,19.6,,,,,19.6,,,,,,74,89,12.4,10.74,6.1,-0.9854,-0.1701,17.2,18.0,18.0,station
2022-09-22,,,19.4,,,,,20.6,,,,,,70,38,20.6,19.47,2.5,-0.9882,-0.1531,17.9,18.0,18.0,station
2022-09-23,,,20.8,,,,,20.9,,,,,,69,12,11.7,21.69,0.0,-0.9907,-0.1361,18.8,20.0,20.0,station
2022-09-24,,,23.2,,,,,22.7,,,,,,64,76,14.9,20.26,0.0,-0.9929,-0.1191,21.6,22.0,22.0,station
2022-09-25,,,21.7,,,,,21.4,,,,,,63,97,19.1,16.46,0.0,-0.9948,-0.102,20.1,21.0,21.0,station
2022-09-26,,,23.6,,,,,24.1,,,,,,75,22,9.4,18.99,0.2,-0.9964,-0.0848,22.8,24.0,24.0,station
2022-09-27,,,26.9,,,,,27.1,,,,,,55,16,24.3,22.26,0.0,-0.9977,-0.0677,25.2,27.0,27.0,station
2022-09-28,,,21.6,,,,,22.2,,,,,,56,3,18.9,23.21,0.0,-0.9987,-0.0505,19.1,19.0,19.0,station
2022-09-29,,,18.4,,,,,18.2,,,,,,55,95,18.3,18.53,0.0,-0.9994,-0.0333,17.8,18.0,18.0,station
2022-09-30,,,21.2,,,,,20.7,,,,,,71,37,16.4,22.2,0.0,-0.9999,-0.0161,19.6,20.0,20.0,station
2022-10-01,,,25.0,,,,,25.1,,,,,,70,53,13.0,22.77,0.0,-1.0,0.0011,23.9,24.0,24.0,station
2022-10-02,,,27.2,,,,,28.3,,,,,,64,13,19.5,22.5,0.0,-0.9998,0.0183,27.0,27.0,27.0,station
2022-10-03,,,22.3,,,,,22.3,,,,,,66,30,21.3,22.89,0.0,-0.9994,0.0355,19.5,20.0,20.0,station
2022-10-04,,,21.8,,,,,22.1,,,,,,66,30,24.4,23.88,0.0,-0.9986,0.0527,19.8,21.0,21.0,station
2022-10-05,,,23.3,,,,,23.2,,,,,,64,97,21.3,22.75,0.0,-0.9976,0.0698,22.2,23.0,23.0,station
2022-10-06,,,22.8,,,,,21.5,,,,,,74,88,23.2,11.28,1.2,-0.9962,0.087,21.7,22.0,22.0,station
2022-10-07,,,28.3,,,,,28.0,,,,,,49,15,18.4,24.48,0.0,-0.9946,0.1041,26.4,28.0,28.0,station
2022-10-08,,,18.2,,,,,19.9,,,,,,57,75,32.6,13.62,4.8,-0.9926,0.1212,19.7,21.0,21.0,station
2022-10-09,,,20.4,,,,,20.3,,,,,,43,22,21.9,23.39,0.0,-0.9904,0.1383,19.8,20.0,20.0,station
2022-10-10,,,21.8,,,,,22.8,,,,,,53,17,21.2,23.55,0.0,-0.9879,0.1553,21.5,21.0,21.0,station
2022-10-11,,,24.2,,,,,23.5,,,,,,62,19,16.4,23.77,0.1,-0.9851,0.1722,22.2,22.0,22.0,station
2022-10-12,,,29.7,,,,,30.0,,,,,,51,8,28.9,24.9,0.0,-0.9819,0.1892,27.7,30.0,30.0,station
2022-10-13,,,20.0,,,,,20.3,,,,,,43,43,28.4,25.84,1.0,-0.9785,0.206,18.2,21.0,21.0,station
2022-10-14,,,18.3,,,,,19.2,,,,,,55,46,22.3,26.15,0.0,-0.9749,0.2228,17.1,18.0,18.0,station
2022-10-15,,,19.5,,,,,20.6,,,,,,76,69,17.9,8.81,4.7,-0.9709,0.2396,15.5,15.0,15.0,station
2022-10-16,,,21.0,,,,,22.9,,,,,,77,40,20.0,18.2,0.3,-0.9666,0.2562,19.8,21.0,21.0,station
2022-10-17,,,23.1,,,,,22.7,,,,,,72,48,29.2,20.57,0.1,-0.9621,0.2728,20.4,21.0,21.0,station
2022-10-18,,,22.8,,,,,23.4,,,,,,74,69,23.5,13.97,0.2,-0.9572,0.2893,21.8,24.0,24.0,station
2022-10-19,,,25.3,,,,,24.1,,,,,,78,75,18.5,15.64,1.4,-0.9521,0.3057,22.5,23.0,23.0,station
2022-10-20,,,25.1,,,,,25.2,,,,,,81,95,15.0,15.6,3.3,-0.9467,0.3221,24.1,27.0,27.0,station
2022-10-21,,,25.6,,,,,26.2,,,,,,77,45,25.6,22.63,2.8,-0.941,0.3383,24.9,26.0,26.0,station
2022-10-22,,,15.1,,,,,16.6,,,,,,76,84,28.3,13.83,10.5,-0.9351,0.3545,15.5,15.0,15.0,station
2022-10-23,,,21.7,,,,,21.3,,,,,,73,35,19.5,23.71,0.0,-0.9288,0.3705,19.1,20.0,20.0,station
2022-10-24,,,26.2,,,,,26.4,,,,,,75,14,17.8,26.89,0.0,-0.9223,0.3864,23.5,25.0,25.0,station
2022-10-25,,,27.4,,,,,27.6,,,,,,68,66,18.9,23.68,0.0,-0.9155,0.4022,26.7,27.0,27.0,station
2022-10-26,,,25.2,,,,,20.4,,,,,,77,82,29.3,9.1,13.8,-0.9085,0.4179,20.4,23.0,23.0,station
2022-10-27,,,27.2,,,,,28.6,,,,,,48,0,24.7,28.22,0.0,-0.9012,0.4335,24.7,28.0,28.0,station
2022-10-28,,,34.7,,,,,35.4,,,,,,48,45,21.1,26.87,0.0,-0.8936,0.4489,29.7,33.0,33.0,station
2022-10-29,,,30.3,,,,,28.3,,,,,,62,37,24.4,23.93,2.4,-0.8857,0.4642,27.2,30.0,30.0,station
2022-10-30,,,19.1,,,,,18.6,,,,,,71,60,30.3,7.53,1.7,-0.8776,0.4794,18.7,22.0,22.0,station
2022-10-31,,,18.5,,,,,18.9,,,,,,54,40,25.6,21.05,0.0,-0.8692,0.4944,15.2,17.0,17.0,station
2022-11-01,,,22.4,,,,,22.1,,,,,,60,0,12.2,29.27,0.0,-0.8606,0.5093,21.4,24.0,24.0,station
2022-11-02,,,26.8,,,,,26.9,,,,,,50,0,16.0,29.48,0.0,-0.8517,0.524,26.5,28.0,28.0,station
2022-11-03,,,27.7,,,,,28.9,,,,,,53,0,21.8,28.58,0.0,-0.8426,0.5386,27.1,28.0,28.0,station
2022-11-04,,,24.3,,,,,25.4,,,,,,65,0,21.3,29.43,0.0,-0.8332,0.553,23.3,24.0,24.0,station
2022-11-05,,,25.7,,,,,25.9,,,,,,60,3,24.1,29.15,0.0,-0.8235,0.5672,24.3,25.0,25.0,station
2022-11-06,,,27.3,,,,,27.1,,,,,,58,1,23.0,29.73,0.0,-0.8137,0.5813,25.4,25.0,25.0,station
2022-11-07,,,27.7,,,,,28.2,,,,,,59,5,23.8,29.26,0.0,-0.8035,0.5952,25.5,26.0,26.0,station
2022-11-08,,,27.7,,,,,28.8,,,,,,60,7,22.5,29.99,0.0,-0.7932,0.609,25.3,27.0,27.0,station
2022-11-09,,,28.0,,,,,28.3,,,,,,54,55,20.5,29.3,0.0,-0.7826,0.6225,26.5,26.0,26.0,station
2022-11-10,,,30.6,,,,,30.2,,,,,,54,66,19.2,24.87,0.0,-0.7718,0.6359,28.9,28.0,28.0,station
2022-11-11,,,32.0,,,,,31.7,,,,,,58,50,20.9,29.14,0.0,-0.7607,0.6491,29.3,30.0,30.0,station
2022-11-12,,,31.4,,,,,31.6,,,,,,63,93,17.3,16.86,0.0,-0.7494,0.6621,27.1,28.0,28.0,station
2022-11-13,,,28.7,,,,,30.1,,,,,,72,98,20.7,21.75,5.8,-0.7379,0.6749,28.3,28.0,28.0,station
2022-11-14,,,19.4,,,,,21.7,,,,,,71,79,33.6,13.89,5.4,-0.7262,0.6875,22.2,23.0,23.0,station
2022-11-15,,,29.9,,,,,30.9,,,,,,52,0,20.7,30.52,0.0,-0.7143,0.6998,29.2,32.0,32.0,station
2022-11-16,,,34.9,,,,,35.5,,,,,,51,22,14.5,29.13,0.0,-0.7021,0.712,33.9,37.0,37.0,station
2022-11-17,,,35.7,,,,,34.5,,,,,,49,90,26.1,23.22,0.0,-0.6898,0.724,31.0,32.0,32.0,station
2022-11-18,,,34.8,,,,,36.8,,,,,,55,98,22.1,24.76,0.0,-0.6772,0.7358,31.6,32.0,32.0,station
2022-11-19,,,37.8,,,,,36.6,,,,,,49,99,26.6,22.87,1.4,-0.6645,0.7473,33.6,34.0,34.0,station
2022-11-20,,,34.3,,,,,32.5,,,,,,73,100,21.3,12.92,15.5,-0.6515,0.7586,26.1,27.0,27.0,station
2022-11-21,,,22.1,,,,,22.0,,,,,,80,90,26.7,6.91,3.3,-0.6384,0.7697,19.2,19.0,19.0,station
2022-11-22,,,25.8,,,,,26.7,,,,,,62,17,19.6,27.87,0.0,-0.625,0.7806,22.7,23.0,23.0,station
2022-11-23,,,33.7,,,,,34.6,,,,,,45,20,25.0,31.17,0.0,-0.6115,0.7912,28.8,32.0,32.0,station
2022-11-24,,,38.6,,,,,38.2,,,,,,42,11,23.7,30.86,0.0,-0.5978,0.8016,35.8,38.0,38.0,station
2022-11-25,,,32.3,,,,,34.3,,,,,,59,20,23.2,30.46,0.0,-0.584,0.8118,28.8,29.0,29.0,station
2022-11-26,,,36.3,,,,,38.4,,,,,,61,57,18.1,30.71,0.0,-0.5699,0.8217,33.6,35.0,35.0,station
2022-11-27,,,35.6,,,,,35.2,,,,,,58,10,22.0,30.91,0.0,-0.5557,0.8314,32.1,32.0,32.0,station
2022-11-28,,,34.7,,,,,35.5,,,,,,57,26,18.9,30.61,0.0,-0.5413,0.8408,32.5,33.0,33.0,station
2022-11-29,,,37.6,,,,,37.2,,,,,,49,75,22.6,29.61,0.0,-0.5268,0.85,33.6,34.0,34.0,station
2022-11-30,,,35.5,,,,,34.4,,,,,,69,90,20.7,19.04,18.3,-0.5121,0.859,30.9,32.0,32.0,station
2022-12-01,,,24.3,,,,,24.3,,,,,,75,92,31.0,14.6,5.7,-0.4972,0.8676,23.2,23.0,23.0,station
2022-12-02,,,31.8,,,,,27.3,,,,,,62,21,15.3,32.42,0.0,-0.4822,0.8761,26.9,27.0,27.0,station
2022-12-03,,,32.4,,,,,34.7,,,,,,59,42,12.4,30.95,0.0,-0.4671,0.8842,27.1,29.0,29.0,station
2022-12-04,,,33.9,,,,,37.8,,,,,,60,20,15.0,31.71,0.0,-0.4518,0.8921,32.9,34.0,34.0,station
2022-12-05,,,37.7,,,,,37.5,,,,,,55,0,17.7,31.87,0.0,-0.4364,0.8998,34.9,35.0,35.0,station
2022-12-06,,,40.4,,,,,40.2,,,,,,47,12,20.3,31.56,0.0,-0.4208,0.9071,36.0,36.0,36.0,station
2022-12-07,,,40.6,,,,,40.6,,,,,,46,54,18.7,21.39,0.0,-0.4052,0.9142,34.3,33.0,33.0,station
2022-12-08,,,40.0,,,,,40.7,,,,,,50,21,24.1,29.87,2.3,-0.3894,0.9211,35.5,35.0,35.0,station
2022-12-09,,,39.2,,,,,40.0,,,,,,58,31,25.7,27.84,6.7,-0.3735,0.9276,38.4,38.0,38.0,station
2022-12-10,,,34.5,,,,,34.4,,,,,,58,22,28.6,31.37,0.1,-0.3575,0.9339,31.4,31.0,31.0,station
2022-12-11,,,40.7,,,,,40.5,,,,,,61,25,31.9,27.73,0.6,-0.3413,0.9399,36.6,37.0,37.0,station
2022-12-12,,,32.2,,,,,32.7,,,,,,44,27,28.1,28.07,1.0,-0.3251,0.9457,28.3,29.0,29.0,station
2022-12-13,,,31.2,,,,,31.1,,,,,,51,6,11.4,32.65,0.0,-0.3088,0.9511,28.4,29.0,29.0,station
2022-12-14,,,37.0,,,,,37.9,,,,,,42,17,22.1,32.39,0.0,-0.2924,0.9563,33.9,33.0,33.0,station
2022-12-15,,,32.4,,,,,32.2,,,,,,58,35,27.4,30.17,4.2,-0.2759,0.9612,28.2,28.0,28.0,station
2022-12-16,,,28.0,,,,,28.1,,,,,,57,21,26.3,28.68,0.0,-0.2593,0.9658,26.7,25.0,25.0,station
2022-12-17,,,28.0,,,,,28.0,,,,,,53,11,21.3,32.85,0.0,-0.2427,0.9701,25.6,26.0,26.0,station
2022-12-18,,,31.2,,,,,32.0,,,,,,55,19,21.6,30.69,0.0,-0.226,0.9741,28.3,29.0,29.0,station
2022-12-19,,,32.5,,,,,34.0,,,,,,55,10,23.8,31.42,0.0,-0.2092,0.9779,30.1,30.0,30.0,station
2022-12-20,,,33.1,,,,,33.2,,,,,,55,37,24.7,32.1,0.0,-0.1923,0.9813,31.0,31.0,31.0,station
2022-12-21,,,33.4,,,,,33.9,,,,,,50,40,25.5,32.27,0.0,-0.1754,0.9845,31.2,31.0,31.0,station
2022-12-22,,,35.1,,,,,35.7,,,,,,52,68,22.7,28.71,0.0,-0.1585,0.9874,32.5,32.0,32.0,station
2022-12-23,,,36.1,,,,,36.6,,,,,,73,91,17.6,23.19,24.6,-0.1414,0.9899,28.4,28.0,28.0,station
2022-12-24,,,26.9,,,,,25.1,,,,,,70,80,28.2,15.57,7.3,-0.1244,0.9922,22.5,22.0,22.0,station
2022-12-25,,,25.9,,,,,26.3,,,,,,52,19,17.8,29.35,0.0,-0.1073,0.9942,24.0,24.0,24.0,station
2022-12-26,,,29.5,,,,,30.2,,,,,,53,15,16.6,30.27,0.0,-0.0902,0.9959,29.6,29.0,29.0,station
2022-12-27,,,34.2,,,,,35.0,,,,,,50,10,14.9,30.62,0.0,-0.073,0.9973,31.3,32.0,32.0,station
2022-12-28,,,32.8,,,,,33.3,,,,,,41,30,26.6,31.41,0.2,-0.0559,0.9984,29.8,30.0,30.0,station
2022-12-29,,,32.0,,,,,33.2,,,,,,45,0,16.9,32.35,0.0,-0.0387,0.9993,30.3,30.0,30.0,station
2022-12-30,,,38.8,,,,,40.2,,,,,,34,0,21.1,32.44,0.0,-0.0215,0.9998,36.9,37.0,37.0,station
2022-12-31,,,35.3,,,,,36.1,,,,,,35,33,27.1,32.03,0.0,-0.0043,1.0,33.5,,,
2023-01-01,,,35.5,,,,,30.8,,,,,,73,95,21.3,8.54,7.2,0.0172,0.9999,27.7,24.0,24.0,station
2023-01-02,,,32.8,,,,,33.1,,,,,,58,37,27.5,31.71,0.2,0.0344,0.9994,28.9,29.0,29.0,station
2023-01-03,,,36.1,,,,,36.4,,,,,,52,19,28.1,31.45,0.1,0.0516,0.9987,31.7,32.0,32.0,station
2023-01-04,,,33.4,,,,,32.5,,,,,,47,0,22.8,32.49,0.0,0.0688,0.9976,31.5,31.0,31.0,station
2023-01-05,,,34.8,,,,,36.4,,,,,,43,3,19.2,32.2,0.0,0.0859,0.9963,33.5,33.0,33.0,station
2023-01-06,,,35.6,,,,,36.4,,,,,,44,62,26.1,31.63,0.0,0.103,0.9947,35.0,34.0,34.0,station
2023-01-07,,,35.3,,,,,35.7,,,,,,45,10,25.0,31.86,0.0,0.1201,0.9928,33.9,33.0,33.0,station
2023-01-08,,,34.5,,,,,34.7,,,,,,53,10,20.7,30.85,0.0,0.1372,0.9905,32.2,32.0,32.0,station
2023-01-09,,,34.7,,,,,35.5,,,,,,56,2,23.0,31.02,0.0,0.1542,0.988,32.8,33.0,33.0,station
2023-01-10,,,36.2,,,,,36.9,,,,,,57,27,22.5,28.17,0.0,0.1712,0.9852,34.1,35.0,35.0,station
2023-01-11,,,28.5,,,,,34.6,,,,,,70,58,15.8,15.59,8.8,0.1881,0.9821,28.0,26.0,26.0,station
2023-01-12,,,33.4,,,,,33.2,,,,,,63,68,14.8,23.41,0.3,0.205,0.9788,29.0,30.0,30.0,station
2023-01-13,,,32.9,,,,,33.4,,,,,,48,14,22.5,31.61,0.0,0.2218,0.9751,29.3,30.0,30.0,station
2023-01-14,,,35.9,,,,,37.7,,,,,,39,0,17.1,32.37,0.0,0.2385,0.9711,32.3,33.0,33.0,station
2023-01-15,,,37.7,,,,,39.0,,,,,,38,7,16.1,32.06,0.0,0.2552,0.9669,34.9,35.0,35.0,station
2023-01-16,,,38.8,,,,,39.5,,,,,,42,27,18.1,28.0,0.0,0.2718,0.9624,36.0,37.0,37.0,station
2023-01-17,,,38.5,,,,,38.8,,,,,,42,23,28.9,30.17,0.0,0.2883,0.9575,35.9,36.0,36.0,station
2023-01-18,,,34.4,,,,,35.4,,,,,,61,84,29.2,18.31,0.0,0.3047,0.9524,30.7,31.0,31.0,station
2023-01-19,,,35.8,,,,,35.4,,,,,,58,26,26.0,27.76,0.0,0.3211,0.9471,32.3,34.0,34.0,station
2023-01-20,,,37.4,,,,,37.1,,,,,,68,80,25.3,16.92,7.1,0.3373,0.9414,31.0,32.0,32.0,station
2023-01-21,,,33.6,,,,,36.2,,,,,,71,56,22.2,22.95,0.5,0.3534,0.9355,30.1,32.0,32.0,station
2023-01-22,,,34.0,,,,,36.0,,,,,,61,29,17.7,27.95,0.3,0.3695,0.9292,31.6,35.0,35.0,station
2023-01-23,,,33.6,,,,,33.8,,,,,,57,0,17.7,31.22,0.0,0.3854,0.9227,31.0,33.0,33.0,station
2023-01-24,,,38.0,,,,,34.7,,,,,,53,47,20.4,24.79,0.0,0.4012,0.916,33.0,34.0,34.0,station
2023-01-25,,,32.3,,,,,35.5,,,,,,68,26,22.1,27.62,0.2,0.4169,0.9089,32.6,34.0,34.0,station
2023-01-26,,,36.8,,,,,35.9,,,,,,65,52,20.2,24.25,0.5,0.4325,0.9016,30.9,33.0,33.0,station
2023-01-27,,,28.5,,,,,35.9,,,,,,83,81,13.1,6.97,13.1,0.4479,0.8941,25.9,27.0,27.0,station
2023-01-28,,,33.7,,,,,30.6,,,,,,80,37,16.7,24.59,2.0,0.4633,0.8862,30.2,32.0,32.0,station
2023-01-29,,,31.2,,,,,32.1,,,,,,70,2,19.1,29.87,0.0,0.4784,0.8781,30.0,32.0,32.0,station
2023-01-30,,,30.8,,,,,31.9,,,,,,69,17,19.1,27.53,0.0,0.4935,0.8698,29.1,30.0,30.0,station
2023-01-31,,,34.2,,,,,34.1,,,,,,75,19,18.1,25.76,0.1,0.5084,0.8611,31.1,32.0,32.0,station
2023-02-01,,,31.0,,,,,31.6,,,,,,72,71,19.3,17.78,0.0,0.5231,0.8523,30.0,29.0,29.0,station
2023-02-02,,,29.6,,,,,25.8,,,,,,73,70,17.8,20.06,3.1,0.5377,0.8432,28.3,27.0,27.0,station
2023-02-03,,,28.9,,,,,28.7,,,,,,72,31,23.6,25.21,1.1,0.5521,0.8338,26.6,30.0,30.0,station
2023-02-04,,,28.8,,,,,27.9,,,,,,62,0,18.0,30.27,0.0,0.5664,0.8242,27.2,29.0,29.0,station
2023-02-05,,,33.7,,,,,32.7,,,,,,65,16,15.0,28.77,0.0,0.5805,0.8143,30.4,32.0,32.0,station
2023-02-06,,,36.9,,,,,38.4,,,,,,52,50,18.5,26.83,0.0,0.5944,0.8042,32.9,34.0,34.0,station
2023-02-07,,,37.6,,,,,40.2,,,,,,63,38,17.8,25.13,0.0,0.6081,0.7938,34.0,36.0,36.0,station
2023-02-08,,,39.6,,,,,38.3,,,,,,62,71,17.3,21.38,3.5,0.6217,0.7833,32.2,34.0,34.0,station
2023-02-09,,,40.0,,,,,40.6,,,,,,65,12,14.7,25.47,0.1,0.6351,0.7725,34.2,36.0,36.0,station
2023-02-10,,,40.4,,,,,42.0,,,,,,53,14,16.0,26.6,0.0,0.6483,0.7614,36.4,38.0,38.0,station
2023-02-11,,,40.6,,,,,42.3,,,,,,46,12,17.2,25.97,0.0,0.6613,0.7502,36.8,38.0,38.0,station
2023-02-12,,,41.3,,,,,36.9,,,,,,41,41,27.6,20.77,0.2,0.6741,0.7387,37.8,39.0,39.0,station
2023-02-13,,,34.9,,,,,32.6,,,,,,60,47,24.2,11.83,12.6,0.6867,0.727,31.9,33.0,33.0,station
2023-02-14,,,36.4,,,,,37.2,,,,,,58,1,21.1,27.81,0.0,0.6991,0.715,31.3,33.0,33.0,station
2023-02-15,,,35.0,,,,,36.4,,,,,,56,17,17.4,26.71,0.3,0.7113,0.7029,30.5,32.0,32.0,station
2023-02-16,,,24.9,,,,,24.3,,,,,,63,90,36.0,10.5,0.9,0.7233,0.6906,25.2,27.0,27.0,station
2023-02-17,,,18.2,,,,,19.1,,,,,,55,44,35.4,16.63,1.0,0.735,0.678,16.6,16.0,16.0,station
2023-02-18,,,23.8,,,,,23.9,,,,,,52,13,19.8,25.25,0.0,0.7466,0.6653,21.2,23.0,23.0,station
2023-02-19,,,27.6,,,,,28.4,,,,,,40,0,19.1,28.31,0.0,0.7579,0.6523,24.9,26.0,26.0,station
2023-02-20,,,31.6,,,,,32.1,,,,,,53,8,18.8,27.86,0.0,0.769,0.6392,27.3,29.0,29.0,station
2023-02-21,,,32.1,,,,,34.2,,,,,,59,28,19.1,27.37,0.0,0.7799,0.6259,29.1,31.0,31.0,station
2023-02-22,,,35.4,,,,,35.9,,,,,,60,56,21.0,25.2,0.0,0.7906,0.6124,32.4,33.0,33.0,station
2023-02-23,,,35.7,,,,,36.5,,,,,,66,71,11.0,17.61,0.7,0.801,0.5987,29.3,31.0,31.0,station
2023-02-24,,,35.1,,,,,36.1,,,,,,69,42,16.6,21.61,4.3,0.8112,0.5848,29.6,32.0,32.0,station
2023-02-25,,,37.1,,,,,38.1,,,,,,69,24,23.6,22.71,0.1,0.8211,0.5708,31.5,34.0,34.0,station
2023-02-26,,,31.8,,,,,31.5,,,,,,51,15,20.9,26.24,0.0,0.8308,0.5566,28.3,28.0,28.0,station
2023-02-27,,,33.9,,,,,35.9,,,,,,53,0,19.4,26.36,0.0,0.8402,0.5422,30.3,31.0,31.0,station
2023-02-28,,,39.0,,,,,39.9,,,,,,54,20,16.6,22.18,0.1,0.8495,0.5277,35.3,37.0,37.0,station
2023-03-01,,,38.9,,,,,39.9,,,,,,50,42,31.1,20.98,3.8,0.8584,0.513,35.8,38.0,38.0,station
2023-03-02,,,41.0,,,,,42.2,,,,,,49,7,14.9,24.12,0.0,0.8671,0.4981,36.5,38.0,38.0,station
2023-03-03,,,37.9,,,,,39.7,,,,,,51,18,18.0,23.54,0.2,0.8755,0.4831,35.2,36.0,36.0,station
2023-03-04,,,38.1,,,,,38.5,,,,,,66,22,22.0,21.45,2.1,0.8837,0.468,33.2,34.0,34.0,station
2023-03-05,,,35.2,,,,,39.6,,,,,,70,13,17.3,23.58,0.0,0.8916,0.4527,32.0,33.0,33.0,station
2023-03-06,,,36.1,,,,,37.8,,,,,,55,18,19.9,23.42,0.0,0.8993,0.4373,33.1,34.0,34.0,station
2023-03-07,,,37.3,,,,,35.6,,,,,,59,52,16.4,22.15,1.0,0.9067,0.4218,31.8,34.0,34.0,station
2023-03-08,,,37.2,,,,,36.9,,,,,,75,23,14.4,21.89,0.1,0.9138,0.4061,31.8,33.0,33.0,station
2023-03-09,,,36.7,,,,,37.6,,,,,,67,29,19.6,23.58,0.0,0.9207,0.3904,32.2,34.0,34.0,station
2023-03-10,,,40.0,,,,,38.7,,,,,,59,66,21.0,21.61,0.0,0.9272,0.3745,35.8,38.0,38.0,station
2023-03-11,,,40.6,,,,,42.0,,,,,,57,23,17.7,21.7,0.1,0.9335,0.3585,37.6,39.0,39.0,station
2023-03-12,,,39.6,,,,,39.2,,,,,,50,28,18.4,22.45,0.0,0.9396,0.3424,35.7,37.0,37.0,station
2023-03-13,,,37.3,,,,,37.9,,,,,,54,27,21.6,22.88,0.0,0.9453,0.3261,33.8,36.0,36.0,station
2023-03-14,,,38.6,,,,,38.5,,,,,,60,54,16.9,19.85,0.6,0.9508,0.3098,34.3,37.0,37.0,station
2023-03-15,,,36.5,,,,,30.7,,,,,,84,80,22.2,11.34,21.8,0.956,0.2934,27.9,30.0,30.0,station
2023-03-16,,,32.4,,,,,30.9,,,,,,86,41,12.3,16.64,1.4,0.9609,0.2769,29.3,33.0,33.0,station
2023-03-17,,,35.2,,,,,35.9,,,,,,79,4,12.8,21.5,0.0,0.9655,0.2604,31.5,35.0,35.0,station
2023-03-18,,,32.3,,,,,32.3,,,,,,77,11,21.6,21.24,0.0,0.9698,0.2437,30.5,31.0,31.0,station
2023-03-19,,,35.3,,,,,34.1,,,,,,83,57,15.7,14.01,21.7,0.9739,0.227,28.7,32.0,32.0,station
2023-03-20,,,26.3,,,,,26.6,,,,,,73,60,19.5,18.42,2.7,0.9777,0.2102,24.8,25.0,25.0,station
2023-03-21,,,26.1,,,,,26.9,,,,,,57,49,24.1,18.96,0.2,0.9811,0.1934,25.1,26.0,26.0,station
2023-03-22,,,22.0,,,,,20.2,,,,,,54,74,24.2,16.59,0.5,0.9843,0.1765,25.3,27.0,27.0,station
2023-03-23,,,22.6,,,,,25.6,,,,,,70,79,16.9,12.45,0.0,0.9872,0.1595,26.9,28.0,28.0,station
2023-03-24,,,27.1,,,,,27.1,,,,,,74,48,22.3,19.16,0.5,0.9898,0.1425,28.9,28.0,28.0,station
2023-03-25,,,29.0,,,,,29.9,,,,,,75,59,23.0,15.7,12.2,0.9921,0.1255,27.4,29.0,29.0,station
2023-03-26,,,24.6,,,,,25.2,,,,,,67,19,24.1,21.33,0.0,0.9941,0.1084,21.8,23.0,23.0,station
2023-03-27,,,25.1,,,,,25.7,,,,,,69,21,19.7,21.56,0.0,0.9958,0.0913,24.1,26.0,26.0,station
2023-03-28,,,30.2,,,,,29.9,,,,,,61,16,23.1,20.56,0.0,0.9972,0.0741,29.2,30.0,30.0,station
2023-03-29,,,26.9,,,,,27.0,,,,,,72,65,20.7,6.04,65.6,0.9984,0.057,22.9,27.0,27.0,station
2023-03-30,,,20.2,,,,,19.9,,,,,,64,49,20.5,14.91,0.0,0.9992,0.0398,24.2,24.0,24.0,station
2023-03-31,,,22.3,,,,,23.0,,,,,,57,13,30.2,20.48,0.0,0.9997,0.0226,20.6,21.0,21.0,station
2023-04-01,,,22.3,,,,,22.7,,,,,,63,15,15.3,20.61,0.0,1.0,0.0054,20.7,22.0,22.0,station
2023-04-02,,,24.5,,,,,22.7,,,,,,71,84,14.2,8.62,17.5,0.9999,-0.0118,22.1,21.0,21.0,station
2023-04-03,,,20.7,,,,,18.8,,,,,,82,97,16.0,7.15,9.6,0.9996,-0.029,20.9,21.0,21.0,station
2023-04-04,,,24.5,,,,,25.2,,,,,,84,48,17.1,11.82,0.1,0.9989,-0.0462,23.3,23.0,23.0,station
2023-04-05,,,23.0,,,,,22.9,,,,,,79,27,17.8,16.59,0.5,0.998,-0.0634,23.7,25.0,25.0,station
2023-04-06,,,23.1,,,,,22.7,,,,,,70,34,20.1,17.96,0.1,0.9968,-0.0805,24.3,25.0,25.0,station
2023-04-07,,,24.6,,,,,25.0,,,,,,74,25,13.4,16.91,0.4,0.9952,-0.0977,24.5,26.0,26.0,station
2023-04-08,,,25.3,,,,,25.3,,,,,,69,11,12.8,17.26,0.0,0.9934,-0.1148,25.4,26.0,26.0,station
2023-04-09,,,27.5,,,,,28.2,,,,,,69,0,16.5,18.54,0.0,0.9913,-0.1319,26.7,28.0,28.0,station
2023-04-10,,,27.4,,,,,27.8,,,,,,72,24,15.8,16.47,0.0,0.9889,-0.1489,28.1,28.0,28.0,station
2023-04-11,,,27.9,,,,,28.4,,,,,,69,73,21.5,15.16,0.9,0.9861,-0.1659,29.2,30.0,30.0,station
2023-04-12,,,21.9,,,,,21.8,,,,,,70,86,23.5,10.41,0.0,0.9831,-0.1828,20.4,21.0,21.0,station
2023-04-13,,,18.1,,,,,18.9,,,,,,59,53,18.1,18.42,0.0,0.9799,-0.1997,17.3,18.0,18.0,station
2023-04-14,,,20.4,,,,,19.9,,,,,,59,23,11.0,17.9,0.0,0.9763,-0.2165,18.2,19.0,19.0,station
2023-04-15,,,18.3,,,,,22.5,,,,,,68,88,16.6,12.95,0.0,0.9724,-0.2333,20.2,20.0,20.0,station
2023-04-16,,,19.4,,,,,21.0,,,,,,76,53,9.9,10.29,2.3,0.9683,-0.25,20.0,20.0,20.0,station
2023-04-17,,,20.1,,,,,20.6,,,,,,74,66,12.6,12.82,1.3,0.9638,-0.2666,19.9,21.0,21.0,station
2023-04-18,,,19.1,,,,,18.5,,,,,,70,71,29.9,11.13,6.7,0.9591,-0.2831,15.4,18.0,18.0,station
2023-04-19,,,19.1,,,,,17.3,,,,,,57,49,37.5,11.81,0.6,0.9541,-0.2996,17.6,18.0,18.0,station
2023-04-20,,,21.6,,,,,21.2,,,,,,69,1,11.9,16.7,0.0,0.9488,-0.316,20.7,22.0,22.0,station
2023-04-21,,,21.8,,,,,23.3,,,,,,68,79,19.4,14.8,0.0,0.9432,-0.3322,21.8,22.0,22.0,station
2023-04-22,,,24.4,,,,,24.8,,,,,,71,46,14.9,16.05,0.0,0.9373,-0.3484,23.5,24.0,24.0,station
2023-04-23,,,22.6,,,,,23.7,,,,,,82,78,14.1,12.17,0.0,0.9312,-0.3645,23.3,23.0,23.0,station
2023-04-24,,,24.5,,,,,25.0,,,,,,87,92,12.3,10.47,0.8,0.9248,-0.3804,22.9,23.0,23.0,station
2023-04-25,,,22.7,,,,,24.7,,,,,,88,86,11.9,8.28,3.0,0.9181,-0.3963,22.7,22.0,22.0,station
2023-04-26,,,24.6,,,,,25.5,,,,,,86,58,11.8,10.79,0.0,0.9112,-0.412,23.7,23.0,23.0,station
2023-04-27,,,26.5,,,,,26.4,,,,,,75,40,13.6,14.6,0.0,0.9039,-0.4276,26.0,26.0,26.0,station
2023-04-28,,,27.4,,,,,28.8,,,,,,72,7,24.7,15.09,0.0,0.8965,-0.4431,26.3,27.0,27.0,station
2023-04-29,,,27.6,,,,,28.4,,,,,,65,4,26.3,15.04,0.0,0.8887,-0.4585,25.8,26.0,26.0,station
2023-04-30,,,24.1,,,,,24.1,,,,,,71,74,38.0,7.98,5.2,0.8807,-0.4737,26.9,27.0,27.0,station
2023-05-01,,,19.4,,,,,19.8,,,,,,54,4,18.1,15.31,0.0,0.8724,-0.4888,18.3,18.0,18.0,station
2023-05-02,,,19.0,,,,,19.3,,,,,,58,0,10.9,14.94,0.0,0.8639,-0.5037,17.7,19.0,19.0,station
2023-05-03,,,18.3,,,,,18.8,,,,,,75,8,10.5,13.7,0.0,0.8551,-0.5185,18.1,19.0,19.0,station
2023-05-04,,,22.5,,,,,21.4,,,,,,79,3,10.4,14.49,0.0,0.846,-0.5331,21.0,22.0,22.0,station
2023-05-05,,,21.3,,,,,21.2,,,,,,84,84,25.5,9.05,5.9,0.8367,-0.5476,22.1,22.0,22.0,station
2023-05-06,,,18.1,,,,,17.6,,,,,,90,100,25.6,3.52,11.2,0.8272,-0.5619,20.4,20.0,20.0,station
2023-05-07,,,17.8,,,,,18.2,,,,,,71,36,20.8,13.54,0.0,0.8174,-0.5761,20.0,20.0,20.0,station
2023-05-08,,,21.1,,,,,20.4,,,,,,77,11,15.5,12.67,0.0,0.8074,-0.59,20.1,21.0,21.0,station
2023-05-09,,,18.3,,,,,20.7,,,,,,80,61,8.6,11.42,0.0,0.7971,-0.6038,18.3,18.0,18.0,station
2023-05-10,,,18.7,,,,,19.6,,,,,,76,28,16.7,13.53,0.0,0.7866,-0.6175,17.9,19.0,19.0,station
2023-05-11,,,16.7,,,,,16.9,,,,,,77,43,10.7,11.34,0.0,0.7759,-0.6309,15.5,16.0,16.0,station
2023-05-12,,,19.6,,,,,19.0,,,,,,78,78,19.0,9.17,0.4,0.7649,-0.6442,18.1,18.0,18.0,station
2023-05-13,,,21.9,,,,,23.6,,,,,,80,73,18.7,12.63,0.0,0.7537,-0.6572,20.9,21.0,21.0,station
2023-05-14,,,24.1,,,,,24.7,,,,,,76,33,18.9,12.84,0.0,0.7423,-0.6701,24.3,26.0,26.0,station
2023-05-15,,,24.4,,,,,24.0,,,,,,80,16,13.2,12.73,0.0,0.7306,-0.6828,24.5,26.0,26.0,station
2023-05-16,,,25.4,,,,,24.7,,,,,,76,9,17.4,12.83,0.0,0.7188,-0.6952,23.9,25.0,25.0,station
2023-05-17,,,24.6,,,,,24.8,,,,,,72,65,20.2,11.57,0.0,0.7067,-0.7075,23.5,25.0,25.0,station
2023-05-18,,,22.0,,,,,21.2,,,,,,69,23,27.7,12.36,0.3,0.6945,-0.7195,20.4,21.0,21.0,station
2023-05-19,,,17.2,,,,,17.7,,,,,,90,71,16.9,4.78,10.8,0.682,-0.7314,18.9,18.0,18.0,station
2023-05-20,,,16.8,,,,,17.8,,,,,,81,59,17.1,11.37,0.0,0.6693,-0.743,16.6,16.0,16.0,station
2023-05-21,,,16.6,,,,,17.0,,,,,,89,92,18.0,3.13,0.0,0.6564,-0.7544,17.9,18.0,18.0,station
2023-05-22,,,19.9,,,,,18.0,,,,,,89,76,16.9,6.58,0.0,0.6433,-0.7656,21.3,21.0,21.0,station
2023-05-23,,,20.3,,,,,21.3,,,,,,90,89,15.0,5.1,1.8,0.6301,-0.7765,21.3,22.0,22.0,station
2023-05-24,,,20.2,,,,,20.5,,,,,,92,94,24.5,5.24,27.0,0.6166,-0.7873,22.6,22.0,22.0,station
2023-05-25,,,21.8,,,,,21.9,,,,,,91,100,30.0,3.74,11.4,0.603,-0.7978,21.4,21.0,21.0,station
2023-05-26,,,18.4,,,,,20.8,,,,,,80,58,27.6,8.45,47.4,0.5892,-0.808,20.5,21.0,21.0,station
2023-05-27,,,13.7,,,,,14.1,,,,,,56,91,25.1,10.15,0.0,0.5752,-0.818,13.8,14.0,14.0,station
2023-05-28,,,13.1,,,,,13.2,,,,,,76,33,9.0,11.8,0.0,0.561,-0.8278,12.6,13.0,13.0,station
2023-05-29,,,13.5,,,,,13.8,,,,,,78,85,10.2,9.87,0.0,0.5467,-0.8373,14.3,15.0,15.0,station
2023-05-30,,,14.6,,,,,15.3,,,,,,83,68,12.0,7.94,0.0,0.5322,-0.8466,15.6,16.0,16.0,station
2023-05-31,,,17.9,,,,,17.8,,,,,,88,43,14.3,9.23,0.0,0.5176,-0.8556,18.1,20.0,20.0,station
2023-06-01,,,20.1,,,,,19.8,,,,,,85,14,15.3,11.03,0.0,0.5028,-0.8644,21.1,22.0,22.0,station
2023-06-02,,,22.2,,,,,23.1,,,,,,82,94,23.9,8.58,1.8,0.4878,-0.8729,22.7,24.0,24.0,station
2023-06-03,,,20.8,,,,,20.5,,,,,,88,86,15.5,10.23,1.6,0.4728,-0.8812,20.9,22.0,22.0,station
2023-06-04,,,17.1,,,,,17.6,,,,,,77,75,19.2,9.29,0.9,0.4575,-0.8892,17.3,19.0,19.0,station
2023-06-05,,,15.3,,,,,15.1,,,,,,75,70,15.0,10.32,0.0,0.4422,-0.8969,14.6,16.0,16.0,station
2023-06-06,,,16.0,,,,,18.4,,,,,,87,84,21.9,6.88,0.0,0.4267,-0.9044,21.7,20.0,20.0,station
2023-06-07,,,17.4,,,,,17.2,,,,,,84,89,13.6,8.47,1.1,0.4111,-0.9116,18.4,20.0,20.0,station
2023-06-08,,,22.3,,,,,24.1,,,,,,88,72,25.3,6.21,2.6,0.3953,-0.9185,24.1,26.0,26.0,station
2023-06-09,,,20.1,,,,,20.1,,,,,,59,70,28.0,8.2,0.8,0.3795,-0.9252,21.7,22.0,22.0,station
2023-06-10,,,14.1,,,,,14.3,,,,,,54,89,18.8,2.5,0.0,0.3635,-0.9316,11.2,11.0,11.0,station
2023-06-11,,,10.1,,,,,10.2,,,,,,61,6,20.6,11.13,0.0,0.3474,-0.9377,9.6,10.0,10.0,station
2023-06-12,,,11.7,,,,,11.4,,,,,,68,0,13.2,10.82,0.0,0.3312,-0.9436,11.5,13.0,13.0,station
2023-06-13,,,11.9,,,,,12.4,,,,,,74,0,11.8,10.92,0.0,0.3149,-0.9491,12.4,13.0,13.0,station
2023-06-14,,,12.5,,,,,13.2,,,,,,73,1,11.9,10.98,0.0,0.2986,-0.9544,12.6,14.0,14.0,station
2023-06-15,,,13.5,,,,,13.7,,,,,,81,29,10.0,10.5,0.0,0.2821,-0.9594,13.3,15.0,15.0,station
2023-06-16,,,15.1,,,,,15.6,,,,,,87,55,11.6,8.64,0.1,0.2656,-0.9641,15.1,15.0,15.0,station
2023-06-17,,,13.5,,,,,13.6,,,,,,83,28,17.9,7.31,0.0,0.2489,-0.9685,10.9,12.0,12.0,station
2023-06-18,,,12.6,,,,,13.6,,,,,,77,32,11.9,10.85,0.0,0.2322,-0.9727,11.6,13.0,13.0,station
2023-06-19,,,13.2,,,,,13.8,,,,,,82,100,13.8,8.15,0.0,0.2155,-0.9765,14.5,15.0,15.0,station
2023-06-20,,,14.8,,,,,14.7,,,,,,89,79,17.3,5.67,2.2,0.1986,-0.9801,14.5,13.0,13.0,station
2023-06-21,,,15.6,,,,,14.7,,,,,,93,91,13.0,3.23,0.8,0.1818,-0.9833,14.7,15.0,15.0,station
2023-06-22,,,15.9,,,,,15.3,,,,,,91,67,14.1,6.71,0.0,0.1648,-0.9863,14.9,15.0,15.0,station
2023-06-23,,,15.6,,,,,15.7,,,,,,92,97,16.8,4.58,1.9,0.1478,-0.989,13.5,13.0,13.0,station
2023-06-24,,,18.6,,,,,17.5,,,,,,94,97,12.8,4.08,0.3,0.1308,-0.9914,16.8,15.0,15.0,station
2023-06-25,,,17.7,,,,,18.0,,,,,,88,69,14.4,10.01,0.0,0.1137,-0.9935,17.1,17.0,17.0,station
2023-06-26,,,18.8,,,,,16.0,,,,,,87,47,15.2,9.24,0.0,0.0966,-0.9953,18.9,20.0,20.0,station
2023-06-27,,,16.3,,,,,15.9,,,,,,72,79,24.0,5.28,0.4,0.0795,-0.9968,15.6,16.0,16.0,station
2023-06-28,,,15.4,,,,,14.8,,,,,,69,10,21.7,10.85,0.0,0.0623,-0.9981,14.5,16.0,16.0,station
2023-06-29,,,13.3,,,,,13.3,,,,,,83,94,15.5,9.97,0.0,0.0451,-0.999,13.6,14.0,14.0,station
2023-06-30,,,14.6,,,,,14.6,,,,,,84,58,9.8,10.14,0.0,0.028,-0.9996,14.6,16.0,16.0,station
2023-07-01,,,17.5,,,,,17.0,,,,,,85,62,12.4,10.54,0.0,0.0108,-0.9999,16.6,17.0,17.0,station
2023-07-02,,,17.9,,,,,18.3,,,,,,85,92,22.9,9.07,0.0,-0.0065,-1.0,19.6,20.0,20.0,station
2023-07-03,,,21.5,,,,,21.4,,,,,,88,64,20.3,8.69,0.0,-0.0237,-0.9997,22.0,20.0,20.0,station
2023-07-04,,,21.7,,,,,19.5,,,,,,86,82,26.4,6.21,13.8,-0.0408,-0.9992,24.0,24.0,24.0,station
2023-07-05,,,19.4,,,,,19.3,,,,,,81,32,16.9,10.71,0.9,-0.058,-0.9983,18.6,20.0,20.0,station
2023-07-06,,,17.7,,,,,15.7,,,,,,69,58,20.6,9.87,0.0,-0.0752,-0.9972,17.4,18.0,18.0,station
2023-07-07,,,14.8,,,,,15.4,,,,,,78,50,16.5,10.59,0.0,-0.0923,-0.9957,15.0,15.0,15.0,station
2023-07-08,,,13.7,,,,,14.0,,,,,,82,73,20.7,7.23,0.3,-0.1094,-0.994,14.2,13.0,13.0,station
2023-07-09,,,15.0,,,,,15.5,,,,,,92,91,12.0,4.13,3.0,-0.1265,-0.992,15.9,16.0,16.0,station
2023-07-10,,,16.3,,,,,15.7,,,,,,80,30,12.6,10.59,0.0,-0.1436,-0.9896,14.8,15.0,15.0,station
2023-07-11,,,11.8,,,,,13.5,,,,,,80,91,21.7,2.96,1.9,-0.1606,-0.987,12.3,12.0,12.0,station
2023-07-12,,,8.8,,,,,8.9,,,,,,89,100,25.7,1.5,17.7,-0.1775,-0.9841,10.1,9.0,9.0,station
2023-07-13,,,9.8,,,,,10.3,,,,,,78,85,23.8,8.25,3.3,-0.1944,-0.9809,11.1,11.0,11.0,station
2023-07-14,,,10.5,,,,,10.0,,,,,,77,45,16.9,10.42,0.0,-0.2113,-0.9774,11.2,9.0,9.0,station
2023-07-15,,,12.5,,,,,13.0,,,,,,79,54,23.7,8.51,0.0,-0.2281,-0.9736,13.3,13.0,13.0,station
2023-07-16,,,10.9,,,,,11.0,,,,,,72,22,18.1,11.72,0.0,-0.2448,-0.9696,11.3,12.0,12.0,station
2023-07-17,,,9.5,,,,,9.9,,,,,,75,10,16.5,11.81,0.0,-0.2614,-0.9652,9.2,10.0,10.0,station
2023-07-18,,,9.9,,,,,10.6,,,,,,79,12,9.3,11.37,0.0,-0.278,-0.9606,10.2,11.0,11.0,station
2023-07-19,,,11.1,,,,,11.5,,,,,,78,72,21.1,9.86,0.1,-0.2945,-0.9557,11.4,12.0,12.0,station
2023-07-20,,,15.2,,,,,15.3,,,,,,85,63,16.6,11.34,0.0,-0.3109,-0.9505,15.6,16.0,16.0,station
2023-07-21,,,21.1,,,,,20.8,,,,,,85,87,27.7,9.66,0.0,-0.3272,-0.945,23.8,25.0,25.0,station
2023-07-22,,,24.7,,,,,25.1,,,,,,70,94,32.0,9.45,0.3,-0.3434,-0.9392,26.9,28.0,28.0,station
2023-07-23,,,16.2,,,,,16.5,,,,,,64,75,20.2,11.25,0.0,-0.3595,-0.9332,16.0,16.0,16.0,station
2023-07-24,,,12.8,,,,,11.2,,,,,,68,90,21.5,4.85,0.0,-0.3755,-0.9268,12.4,12.0,12.0,station
2023-07-25,,,13.5,,,,,12.6,,,,,,83,76,23.5,6.65,0.6,-0.3914,-0.9202,14.3,14.0,14.0,station
2023-07-26,,,15.9,,,,,15.6,,,,,,80,43,25.0,10.88,4.4,-0.4071,-0.9134,15.0,15.0,15.0,station
2023-07-27,,,12.6,,,,,12.5,,,,,,77,84,11.2,10.14,1.0,-0.4228,-0.9062,12.1,12.0,12.0,station
2023-07-28,,,14.1,,,,,13.6,,,,,,82,60,13.7,11.09,0.0,-0.4383,-0.8988,14.4,15.0,15.0,station
2023-07-29,,,16.2,,,,,16.2,,,,,,79,87,22.4,11.07,0.0,-0.4537,-0.8912,16.7,17.0,17.0,station
2023-07-30,,,18.7,,,,,19.1,,,,,,77,98,20.9,11.74,0.0,-0.469,-0.8832,18.9,21.0,21.0,station
2023-07-31,,,18.7,,,,,18.3,,,,,,85,86,17.5,11.21,0.0,-0.4841,-0.875,19.9,22.0,22.0,station
2023-08-01,,,26.2,,,,,25.8,,,,,,85,21,18.4,12.32,0.0,-0.4991,-0.8666,26.0,28.0,28.0,station
2023-08-02,,,26.1,,,,,26.8,,,,,,72,38,27.2,11.73,0.0,-0.5139,-0.8578,27.0,28.0,28.0,station
2023-08-03,,,14.8,,,,,14.6,,,,,,65,82,21.7,5.69,0.0,-0.5286,-0.8489,13.7,13.0,13.0,station
2023-08-04,,,17.1,,,,,17.1,,,,,,70,58,12.6,13.56,0.0,-0.5431,-0.8397,16.6,17.0,17.0,station
2023-08-05,,,16.6,,,,,16.3,,,,,,70,12,17.2,13.62,0.0,-0.5575,-0.8302,16.4,16.0,16.0,station
2023-08-06,,,21.2,,,,,22.3,,,,,,82,55,23.1,8.04,0.2,-0.5717,-0.8205,19.7,19.0,19.0,station
2023-08-07,,,13.0,,,,,12.8,,,,,,61,17,23.1,13.72,0.0,-0.5857,-0.8105,12.3,12.0,12.0,station
2023-08-08,,,13.7,,,,,13.6,,,,,,77,52,22.0,13.33,0.0,-0.5996,-0.8003,13.0,15.0,15.0,station
2023-08-09,,,17.8,,,,,17.8,,,,,,84,53,16.0,12.69,0.0,-0.6132,-0.7899,16.6,18.0,18.0,station
2023-08-10,,,18.1,,,,,18.1,,,,,,85,93,22.6,10.17,0.6,-0.6267,-0.7792,20.0,18.0,18.0,station
2023-08-11,,,16.5,,,,,16.3,,,,,,57,3,29.2,14.51,0.0,-0.64,-0.7683,15.4,16.0,16.0,station
2023-08-12,,,12.1,,,,,11.4,,,,,,43,5,24.5,14.94,0.0,-0.6532,-0.7572,11.7,12.0,12.0,station
2023-08-13,,,15.7,,,,,15.3,,,,,,54,36,21.0,14.39,0.0,-0.6661,-0.7459,15.0,17.0,17.0,station
2023-08-14,,,21.3,,,,,21.3,,,,,,51,62,22.2,14.55,0.0,-0.6788,-0.7343,20.4,24.0,24.0,station
2023-08-15,,,24.8,,,,,25.1,,,,,,53,86,18.5,13.85,0.0,-0.6914,-0.7225,23.2,25.0,25.0,station
2023-08-16,,,22.9,,,,,22.6,,,,,,77,83,17.0,9.93,1.8,-0.7037,-0.7105,24.7,26.0,26.0,station
2023-08-17,,,17.9,,,,,17.3,,,,,,93,98,25.0,2.52,9.0,-0.7158,-0.6983,17.7,16.0,16.0,station
2023-08-18,,,16.1,,,,,16.0,,,,,,71,58,24.6,10.68,4.0,-0.7277,-0.6859,15.8,16.0,16.0,station
2023-08-19,,,13.0,,,,,13.0,,,,,,51,63,30.7,12.01,1.3,-0.7394,-0.6733,13.0,13.0,13.0,station
2023-08-20,,,13.0,,,,,13.3,,,,,,71,97,15.9,13.64,0.1,-0.7509,-0.6605,13.0,11.0,11.0,station
2023-08-21,,,16.5,,,,,18.6,,,,,,82,95,23.5,8.88,0.4,-0.7621,-0.6474,16.8,16.0,16.0,station
2023-08-22,,,15.6,,,,,16.3,,,,,,72,84,26.6,12.15,32.1,-0.7731,-0.6342,15.9,17.0,17.0,station
2023-08-23,,,16.0,,,,,15.9,,,,,,71,100,17.1,5.88,0.0,-0.7839,-0.6208,15.7,15.0,15.0,station
2023-08-24,,,15.8,,,,,16.2,,,,,,62,100,11.9,11.64,0.0,-0.7945,-0.6073,15.6,15.0,15.0,station
2023-08-25,,,14.7,,,,,15.6,,,,,,60,61,18.0,13.53,0.0,-0.8048,-0.5935,14.5,16.0,16.0,station
2023-08-26,,,14.0,,,,,14.3,,,,,,60,0,14.6,16.9,0.0,-0.8149,-0.5796,14.3,14.0,14.0,station
2023-08-27,,,13.7,,,,,13.8,,,,,,71,11,15.0,15.41,0.0,-0.8248,-0.5655,14.1,14.0,14.0,station
2023-08-28,,,13.5,,,,,13.4,,,,,,68,78,23.7,16.62,0.0,-0.8344,-0.5512,13.8,15.0,15.0,station
2023-08-29,,,16.1,,,,,16.6,,,,,,69,39,14.1,16.1,0.1,-0.8437,-0.5368,16.7,19.0,19.0,station
2023-08-30,,,20.4,,,,,19.8,,,,,,69,32,20.5,17.12,0.0,-0.8528,-0.5222,21.0,23.0,23.0,station
2023-08-31,,,17.9,,,,,17.3,,,,,,49,40,15.8,17.49,0.0,-0.8617,-0.5074,17.2,17.0,17.0,station
2023-09-01,,,21.8,,,,,19.7,,,,,,68,79,14.3,15.42,0.0,-0.8703,-0.4925,21.6,23.0,23.0,station
2023-09-02,,,16.1,,,,,14.4,,,,,,72,99,26.3,11.24,0.8,-0.8786,-0.4775,17.0,15.0,15.0,station
2023-09-03,,,9.8,,,,,13.3,,,,,,86,99,24.0,5.5,19.0,-0.8867,-0.4623,13.3,11.0,11.0,station
2023-09-04,,,13.1,,,,,13.4,,,,,,74,92,22.0,11.18,0.0,-0.8945,-0.447,13.6,12.0,12.0,station
2023-09-05,,,13.1,,,,,13.2,,,,,,67,59,16.9,16.87,0.0,-0.9021,-0.4315,13.0,13.0,13.0,station
2023-09-06,,,12.7,,,,,13.5,,,,,,68,82,26.5,13.79,0.0,-0.9094,-0.4159,13.0,13.0,13.0,station
2023-09-07,,,13.6,,,,,14.5,,,,,,87,98,24.2,3.76,5.2,-0.9164,-0.4002,15.8,15.0,15.0,station
2023-09-08,,,18.0,,,,,17.8,,,,,,73,40,22.2,17.87,0.0,-0.9232,-0.3844,18.7,19.0,19.0,station
2023-09-09,,,18.9,,,,,18.9,,,,,,70,67,12.3,16.07,0.0,-0.9296,-0.3685,19.3,20.0,20.0,station
2023-09-10,,,20.3,,,,,21.1,,,,,,77,85,18.5,17.18,0.4,-0.9358,-0.3524,21.4,21.0,21.0,station
2023-09-11,,,21.9,,,,,18.8,,,,,,82,61,34.2,8.36,10.2,-0.9418,-0.3363,20.4,22.0,22.0,station
2023-09-12,,,16.5,,,,,16.7,,,,,,51,79,25.0,15.68,0.0,-0.9474,-0.32,16.6,17.0,17.0,station
2023-09-13,,,17.1,,,,,17.4,,,,,,66,60,9.7,18.33,0.0,-0.9528,-0.3037,17.0,17.0,17.0,station
2023-09-14,,,17.8,,,,,18.8,,,,,,66,57,21.3,17.16,0.0,-0.9579,-0.2873,18.3,19.0,19.0,station
2023-09-15,,,23.2,,,,,22.6,,,,,,54,63,32.2,19.16,0.0,-0.9627,-0.2707,22.5,26.0,26.0,station
2023-09-16,,,25.0,,,,,23.6,,,,,,56,18,32.7,19.84,0.0,-0.9672,-0.2541,24.3,24.0,24.0,station
2023-09-17,,,14.7,,,,,15.1,,,,,,68,83,32.5,7.89,0.1,-0.9714,-0.2375,18.7,17.0,17.0,station
2023-09-18,,,16.8,,,,,17.6,,,,,,60,36,19.0,20.51,0.0,-0.9753,-0.2207,17.3,17.0,17.0,station
2023-09-19,,,18.3,,,,,16.8,,,,,,75,87,23.2,14.79,0.0,-0.979,-0.2039,17.7,16.0,16.0,station
2023-09-20,,,15.1,,,,,17.2,,,,,,84,100,26.7,5.95,0.3,-0.9824,-0.187,17.3,18.0,18.0,station
2023-09-21,,,21.3,,,,,21.9,,,,,,89,98,13.9,6.88,0.5,-0.9854,-0.1701,20.2,20.0,20.0,station
2023-09-22,,,18.2,,,,,21.2,,,,,,81,91,24.7,10.75,0.4,-0.9882,-0.1531,17.3,17.0,17.0,station
2023-09-23,,,17.0,,,,,18.1,,,,,,86,80,19.5,6.52,0.2,-0.9907,-0.1361,16.6,17.0,17.0,station
2023-09-24,,,17.6,,,,,18.8,,,,,,76,92,19.3,6.02,0.0,-0.9929,-0.1191,15.1,15.0,15.0,station
2023-09-25,,,18.3,,,,,17.5,,,,,,65,70,22.6,12.5,0.0,-0.9948,-0.102,16.3,18.0,18.0,station
2023-09-26,,,14.1,,,,,14.0,,,,,,76,86,22.2,5.82,1.8,-0.9964,-0.0848,14.3,15.0,15.0,station
2023-09-27,,,19.8,,,,,18.8,,,,,,77,29,17.0,21.07,0.0,-0.9977,-0.0677,19.8,21.0,21.0,station
2023-09-28,,,21.0,,,,,20.9,,,,,,69,11,19.1,22.99,0.0,-0.9987,-0.0505,20.1,21.0,21.0,station
2023-09-29,,,19.9,,,,,19.7,,,,,,69,31,21.0,21.2,0.0,-0.9994,-0.0333,19.4,19.0,19.0,station
2023-09-30,,,16.8,,,,,17.8,,,,,,67,4,14.2,23.11,0.0,-0.9999,-0.0161,16.1,16.0,16.0,station
2023-10-01,,,20.6,,,,,20.7,,,,,,63,1,15.0,24.18,0.0,-1.0,0.0011,19.9,21.0,21.0,station
2023-10-02,,,20.2,,,,,20.9,,,,,,74,58,20.4,23.07,0.0,-0.9998,0.0183,19.0,20.0,20.0,station
2023-10-03,,,21.4,,,,,20.7,,,,,,75,93,17.6,20.01,3.0,-0.9994,0.0355,20.4,20.0,20.0,station
2023-10-04,,,18.1,,,,,19.0,,,,,,70,44,25.5,18.6,1.1,-0.9986,0.0527,18.6,19.0,19.0,station
2023-10-05,,,23.9,,,,,23.6,,,,,,50,2,24.9,24.09,0.0,-0.9976,0.0698,23.2,25.0,25.0,station
2023-10-06,,,24.5,,,,,23.6,,,,,,41,42,20.4,24.09,0.0,-0.9962,0.087,24.1,25.0,25.0,station
2023-10-07,,,23.9,,,,,24.1,,,,,,49,0,15.0,24.8,0.0,-0.9946,0.1041,23.1,23.0,23.0,station
2023-10-08,,,26.8,,,,,27.6,,,,,,49,6,19.4,24.83,0.0,-0.9926,0.1212,26.0,27.0,27.0,station
2023-10-09,,,29.7,,,,,29.5,,,,,,43,18,21.3,24.61,0.0,-0.9904,0.1383,28.0,29.0,29.0,station
2023-10-10,,,30.6,,,,,30.2,,,,,,58,70,24.6,20.67,0.2,-0.9879,0.1553,28.0,29.0,29.0,station
2023-10-11,,,16.4,,,,,16.9,,,,,,56,60,31.3,20.26,1.2,-0.9851,0.1722,17.7,17.0,17.0,station
2023-10-12,,,16.9,,,,,17.8,,,,,,56,14,12.1,23.74,0.0,-0.9819,0.1892,16.6,16.0,16.0,station
2023-10-13,,,20.2,,,,,20.1,,,,,,61,12,14.1,25.88,0.0,-0.9785,0.206,19.3,20.0,20.0,station
2023-10-14,,,22.3,,,,,22.0,,,,,,60,23,22.4,25.98,0.0,-0.9749,0.2228,21.1,21.0,21.0,station
2023-10-15,,,24.5,,,,,24.4,,,,,,65,6,18.8,25.67,0.0,-0.9709,0.2396,23.1,23.0,23.0,station
2023-10-16,,,28.3,,,,,28.6,,,,,,71,12,19.6,23.17,0.0,-0.9666,0.2562,26.1,26.0,26.0,station
2023-10-17,,,21.3,,,,,21.6,,,,,,57,10,22.7,27.09,0.0,-0.9621,0.2728,19.6,20.0,20.0,station
2023-10-18,,,21.4,,,,,21.3,,,,,,57,75,21.3,22.5,0.2,-0.9572,0.2893,19.5,19.0,19.0,station
2023-10-19,,,21.2,,,,,21.3,,,,,,70,49,19.7,18.98,1.1,-0.9521,0.3057,19.9,20.0,20.0,station
2023-10-20,,,25.0,,,,,24.9,,,,,,70,9,17.6,26.51,0.0,-0.9467,0.3221,24.4,25.0,25.0,station
2023-10-21,,,25.8,,,,,27.9,,,,,,78,88,19.0,10.97,3.8,-0.941,0.3383,23.2,24.0,24.0,station
2023-10-22,,,25.5,,,,,27.2,,,,,,85,85,24.7,16.67,1.0,-0.9351,0.3545,26.2,27.0,27.0,station
2023-10-23,,,18.3,,,,,18.0,,,,,,90,98,22.8,8.34,15.6,-0.9288,0.3705,19.9,18.0,18.0,station
2023-10-24,,,20.6,,,,,18.1,,,,,,77,73,24.4,17.01,2.3,-0.9223,0.3864,20.4,20.0,20.0,station
2023-10-25,,,22.0,,,,,22.2,,,,,,66,6,12.1,27.84,0.0,-0.9155,0.4022,19.6,20.0,20.0,station
2023-10-26,,,25.6,,,,,25.8,,,,,,66,27,14.0,27.77,0.0,-0.9085,0.4179,23.6,24.0,24.0,station
2023-10-27,,,28.1,,,,,26.4,,,,,,61,63,16.1,22.02,0.0,-0.9012,0.4335,26.0,28.0,28.0,station
2023-10-28,,,27.4,,,,,28.2,,,,,,64,24,15.3,27.58,0.0,-0.8936,0.4489,26.9,28.0,28.0,station
2023-10-29,,,22.3,,,,,21.4,,,,,,77,68,23.0,13.36,9.2,-0.8857,0.4642,23.6,24.0,24.0,station
2023-10-30,,,23.1,,,,,22.4,,,,,,68,67,44.0,23.8,12.0,-0.8776,0.4794,21.3,22.0,22.0,station
2023-10-31,,,18.5,,,,,20.3,,,,,,72,93,28.0,14.2,6.3,-0.8692,0.4944,16.1,13.0,13.0,station
2023-11-01,,,19.5,,,,,19.2,,,,,,61,88,29.4,21.18,0.0,-0.8606,0.5093,17.6,17.0,17.0,station
2023-11-02,,,13.8,,,,,14.7,,,,,,88,100,26.8,3.37,34.5,-0.8517,0.524,14.9,15.0,15.0,station
2023-11-03,,,14.2,,,,,14.7,,,,,,80,84,31.3,13.05,12.3,-0.8426,0.5386,16.3,15.0,15.0,station
2023-11-04,,,22.0,,,,,21.6,,,,,,71,0,9.3,29.48,0.0,-0.8332,0.553,22.5,23.0,23.0,station
2023-11-05,,,23.8,,,,,24.3,,,,,,68,38,16.8,26.13,0.0,-0.8235,0.5672,23.6,24.0,24.0,station
2023-11-06,,,25.9,,,,,25.2,,,,,,69,0,18.6,29.71,0.0,-0.8137,0.5813,24.8,26.0,26.0,station
2023-11-07,,,31.0,,,,,32.1,,,,,,75,23,21.4,24.56,1.0,-0.8035,0.5952,29.2,31.0,31.0,station
2023-11-08,,,26.2,,,,,26.0,,,,,,57,35,20.2,23.98,0.0,-0.7932,0.609,24.5,25.0,25.0,station
2023-11-09,,,24.3,,,,,24.7,,,,,,51,19,20.7,30.16,0.0,-0.7826,0.6225,23.2,24.0,24.0,station
2023-11-10,,,19.3,,,,,17.5,,,,,,76,94,27.2,14.38,24.0,-0.7718,0.6359,21.6,20.0,20.0,station
2023-11-11,,,26.1,,,,,24.7,,,,,,80,26,23.5,28.42,17.9,-0.7607,0.6491,26.1,26.0,26.0,station
2023-11-12,,,23.9,,,,,24.2,,,,,,69,29,25.8,27.61,2.0,-0.7494,0.6621,22.7,23.0,23.0,station
2023-11-13,,,20.9,,,,,21.4,,,,,,60,51,23.4,23.37,1.8,-0.7379,0.6749,19.2,20.0,20.0,station
2023-11-14,,,24.6,,,,,24.8,,,,,,68,28,14.1,30.14,0.0,-0.7262,0.6875,24.7,25.0,25.0,station
2023-11-15,,,28.0,,,,,27.3,,,,,,76,60,16.3,26.27,0.7,-0.7143,0.6998,26.2,27.0,27.0,station
2023-11-16,,,24.4,,,,,24.5,,,,,,48,0,22.4,31.4,0.0,-0.7021,0.712,23.6,24.0,24.0,station
2023-11-17,,,29.4,,,,,28.2,,,,,,62,50,26.3,27.28,0.0,-0.6898,0.724,28.0,28.0,28.0,station
2023-11-18,,,21.1,,,,,20.4,,,,,,52,43,31.6,31.04,1.8,-0.6772,0.7358,20.5,21.0,21.0,station
2023-11-19,,,26.4,,,,,26.2,,,,,,46,30,24.7,30.79,0.0,-0.6645,0.7473,26.3,26.0,26.0,station
2023-11-20,,,31.5,,,,,32.4,,,,,,50,55,25.9,30.15,0.0,-0.6515,0.7586,30.2,31.0,31.0,station
2023-11-21,,,28.3,,,,,30.3,,,,,,59,64,21.6,15.66,3.0,-0.6384,0.7697,25.1,27.0,27.0,station
2023-11-22,,,27.6,,,,,28.2,,,,,,62,13,19.3,31.47,0.0,-0.625,0.7806,25.0,26.0,26.0,station
2023-11-23,,,29.5,,,,,30.3,,,,,,51,13,20.1,30.88,0.0,-0.6115,0.7912,28.4,28.0,28.0,station
2023-11-24,,,27.5,,,,,27.0,,,,,,51,32,23.2,31.45,0.0,-0.5978,0.8016,25.9,26.0,26.0,station
2023-11-25,,,29.3,,,,,29.3,,,,,,56,36,14.5,29.71,0.0,-0.584,0.8118,27.4,27.0,27.0,station
2023-11-26,,,32.2,,,,,32.9,,,,,,58,0,14.8,31.07,0.0,-0.5699,0.8217,29.6,30.0,30.0,station
2023-11-27,,,33.6,,,,,33.7,,,,,,58,0,24.7,31.47,0.0,-0.5557,0.8314,31.5,30.0,30.0,station
2023-11-28,,,33.8,,,,,34.1,,,,,,68,34,18.8,28.53,0.1,-0.5413,0.8408,30.9,31.0,31.0,station
2023-11-29,,,25.0,,,,,27.5,,,,,,77,77,18.7,13.2,4.0,-0.5268,0.85,25.9,27.0,27.0,station
2023-11-30,,,30.6,,,,,34.4,,,,,,67,32,22.3,29.7,0.7,-0.5121,0.859,30.0,30.0,30.0,station
2023-12-01,,,24.1,,,,,28.3,,,,,,81,96,27.2,11.62,17.2,-0.4972,0.8676,27.5,28.0,28.0,station
2023-12-02,,,31.2,,,,,31.4,,,,,,75,51,26.6,30.81,0.0,-0.4822,0.8761,28.8,30.0,30.0,station
2023-12-03,,,18.7,,,,,22.8,,,,,,56,80,28.9,14.87,0.4,-0.4671,0.8842,20.8,19.0,19.0,station
2023-12-04,,,23.6,,,,,24.1,,,,,,55,47,23.3,27.56,0.0,-0.4518,0.8921,24.0,22.0,22.0,station
2023-12-05,,,25.9,,,,,21.9,,,,,,68,71,24.8,26.41,3.6,-0.4364,0.8998,23.8,23.0,23.0,station
2023-12-06,,,23.5,,,,,22.6,,,,,,90,94,16.1,9.58,9.1,-0.4208,0.9071,22.9,23.0,23.0,station
2023-12-07,,,24.4,,,,,24.4,,,,,,76,50,22.6,24.07,0.8,-0.4052,0.9142,24.0,24.0,24.0,station
2023-12-08,,,26.2,,,,,26.8,,,,,,77,23,19.7,27.81,0.3,-0.3894,0.9211,24.4,25.0,25.0,station
2023-12-09,,,25.4,,,,,26.1,,,,,,67,64,17.8,25.47,0.0,-0.3735,0.9276,24.9,25.0,25.0,station
2023-12-10,,,29.0,,,,,30.1,,,,,,65,12,19.3,30.27,0.0,-0.3575,0.9339,28.1,28.0,28.0,station
2023-12-11,,,30.7,,,,,30.1,,,,,,64,25,21.4,31.73,0.0,-0.3413,0.9399,28.4,29.0,29.0,station
2023-12-12,,,34.7,,,,,34.7,,,,,,61,43,22.9,30.74,0.0,-0.3251,0.9457,32.5,32.0,32.0,station
2023-12-13,,,30.4,,,,,32.1,,,,,,78,78,19.8,24.11,23.7,-0.3088,0.9511,29.5,32.0,32.0,station
2023-12-14,,,28.1,,,,,29.8,,,,,,76,84,22.2,23.85,0.2,-0.2924,0.9563,28.8,30.0,30.0,station
2023-12-15,,,32.6,,,,,29.1,,,,,,79,61,17.9,23.39,1.1,-0.2759,0.9612,30.5,31.0,31.0,station
2023-12-16,,,36.2,,,,,33.3,,,,,,77,71,27.6,16.11,0.0,-0.2593,0.9658,30.2,32.0,32.0,station
2023-12-17,,,29.1,,,,,30.7,,,,,,83,98,28.7,8.55,18.4,-0.2427,0.9701,28.5,29.0,29.0,station
2023-12-18,,,22.2,,,,,22.9,,,,,,77,94,29.4,9.35,8.2,-0.226,0.9741,23.1,21.0,21.0,station
2023-12-19,,,24.4,,,,,25.1,,,,,,64,73,23.2,24.36,0.0,-0.2092,0.9779,20.2,20.0,20.0,station
2023-12-20,,,25.1,,,,,21.9,,,,,,65,82,24.0,23.64,0.2,-0.1923,0.9813,24.4,24.0,24.0,station
2023-12-21,,,28.9,,,,,28.4,,,,,,74,32,12.7,26.96,0.0,-0.1754,0.9845,27.2,28.0,28.0,station
2023-12-22,,,31.2,,,,,30.1,,,,,,73,33,15.2,30.48,0.0,-0.1585,0.9874,26.8,27.0,27.0,station
2023-12-23,,,36.0,,,,,35.1,,,,,,73,58,26.5,27.01,3.6,-0.1414,0.9899,29.9,32.0,32.0,station
2023-12-24,,,34.9,,,,,30.8,,,,,,73,79,18.8,24.24,10.2,-0.1244,0.9922,27.3,25.0,25.0,station
2023-12-25,,,25.6,,,,,25.7,,,,,,68,24,25.2,31.4,9.0,-0.1073,0.9942,25.4,26.0,26.0,station
2023-12-26,,,27.7,,,,,27.0,,,,,,60,0,12.8,32.74,0.0,-0.0902,0.9959,26.7,28.0,28.0,station
2023-12-27,,,31.4,,,,,31.6,,,,,,55,66,21.8,31.09,0.0,-0.073,0.9973,29.2,30.0,30.0,station
2023-12-28,,,34.3,,,,,33.5,,,,,,64,88,23.2,21.68,1.0,-0.0559,0.9984,31.8,30.0,30.0,station
2023-12-29,,,28.8,,,,,29.2,,,,,,61,14,22.0,30.08,0.0,-0.0387,0.9993,25.5,24.0,24.0,station
2023-12-30,,,,,,,,,,,,,,52,25,16.7,32.82,0.0,-0.0215,0.9998,25.5,25.0,25.0,station
2023-12-31,,,,,,,,,,,,,,51,66,15.6,31.91,0.0,-0.0043,1.0,27.8,,,
2024-01-01,,,,,,,,,,,,,,62,89,18.9,17.79,2.1,0.0172,0.9999,26.9,28.0,28.0,station
2024-01-02,,,,,,,,,,,,,,69,54,20.5,26.38,0.6,0.0344,0.9994,28.6,28.0,28.0,station
2024-01-03,,,,,,,,,,,,,,68,22,23.5,28.29,0.4,0.0516,0.9987,28.3,29.0,29.0,station
2024-01-04,,,,,,,,,,,,,,65,54,20.7,26.09,0.6,0.0688,0.9976,28.6,29.0,29.0,station
2024-01-05,,,,,,,,,,,,,,64,40,18.3,27.84,0.1,0.0859,0.9963,30.1,31.0,31.0,station
2024-01-06,,,,,,,,,,,,,,72,86,16.1,18.25,13.0,0.103,0.9947,28.4,30.0,30.0,station
2024-01-07,,,,,,,,,,,,,,78,68,15.5,23.3,10.9,0.1201,0.9928,29.3,31.0,31.0,station
2024-01-08,,,,,,,,,,,,,,71,13,14.6,30.82,1.5,0.1372,0.9905,30.0,31.0,31.0,station
2024-01-09,,,,,,,,,,,,,,65,29,9.7,28.57,0.0,0.1542,0.988,31.4,33.0,33.0,station
2024-01-10,,,,,,,,,,,,,,75,37,21.5,28.45,1.4,0.1712,0.9852,30.7,33.0,33.0,station
2024-01-11,,,,,,,,,,,,,,67,47,23.7,29.47,0.0,0.1881,0.9821,28.0,28.0,28.0,station
2024-01-12,,,,,,,,,,,,,,61,31,20.6,31.57,0.0,0.205,0.9788,26.3,26.0,26.0,station
2024-01-13,,,,,,,,,,,,,,59,87,19.6,23.04,0.2,0.2218,0.9751,30.9,30.0,30.0,station
2024-01-14,,,,,,,,,,,,,,60,35,28.7,29.66,2.8,0.2385,0.9711,31.5,32.0,32.0,station
2024-01-15,,,,,,,,,,,,,,57,5,15.0,31.68,0.0,0.2552,0.9669,30.5,31.0,31.0,station
2024-01-16,,,,,,,,,,,,,,71,72,21.0,15.69,11.2,0.2718,0.9624,27.0,25.0,25.0,station
2024-01-17,,,,,,,,,,,,,,70,3,18.4,30.81,0.1,0.2883,0.9575,28.6,29.0,29.0,station
2024-01-18,,,,,,,,,,,,,,74,39,19.4,19.38,1.0,0.3047,0.9524,29.4,29.0,29.0,station
2024-01-19,,,33.4,29.8,30.0,,,,,,,,,60,15,19.2,31.26,0.8,0.3211,0.9471,29.6,30.0,30.0,station
2024-01-20,,,31.5,28.6,28.1,,,31.1,28.6,29.7,,,,58,0,22.8,31.82,0.0,0.3373,0.9414,30.1,29.0,29.0,station
2024-01-21,,,29.5,27.1,27.3,,,30.5,27.6,27.3,,,,64,6,22.4,31.14,0.0,0.3534,0.9355,28.0,28.0,28.0,station
2024-01-22,,,32.0,29.6,29.2,,,31.2,29.3,29.0,,,,58,0,19.2,31.05,0.0,0.3695,0.9292,29.4,28.0,28.0,station
2024-01-23,,,31.0,29.1,28.8,,,31.1,28.8,29.1,,,,60,0,20.8,31.23,0.0,0.3854,0.9227,28.9,29.0,29.0,station
2024-01-24,,,31.7,29.1,29.1,,,31.4,29.7,29.3,,,,55,6,18.9,31.1,0.0,0.4012,0.916,29.2,29.0,29.0,station
2024-01-25,,,32.7,31.0,31.0,,,33.5,30.7,31.0,,,,55,3,18.9,30.16,0.0,0.4169,0.9089,30.6,31.0,31.0,station
2024-01-26,,,33.0,30.5,30.4,,,33.6,30.8,30.6,,,,55,0,18.2,30.98,0.0,0.4325,0.9016,30.5,31.0,31.0,station
2024-01-27,,,32.5,30.3,29.9,,,33.2,30.5,29.5,,,,57,4,20.5,29.94,0.0,0.4479,0.8941,30.4,31.0,31.0,station
2024-01-28,,,32.4,29.7,29.9,,,32.8,30.1,30.4,,,,61,9,19.9,29.84,0.0,0.4633,0.8862,30.1,30.0,30.0,station
2024-01-29,,,35.7,31.4,31.5,,,36.7,32.0,30.9,,,,65,30,17.6,26.37,0.3,0.4784,0.8781,30.6,32.0,32.0,station
2024-01-30,,,38.7,36.2,34.2,,,39.9,35.1,31.4,,,,60,28,17.7,27.83,0.0,0.4935,0.8698,34.3,35.0,35.0,station
2024-01-31,,,40.7,37.7,36.2,,,41.7,38.6,36.4,,,,56,45,11.2,26.36,2.7,0.5084,0.8611,34.1,34.0,34.0,station
2024-02-01,,,41.7,38.9,37.4,,,42.7,39.9,36.8,,,,50,26,16.9,26.49,0.0,0.5231,0.8523,36.7,38.0,38.0,station
2024-02-02,,,39.7,38.3,36.2,,,40.5,38.6,36.2,,,,43,24,20.7,29.98,0.0,0.5377,0.8432,35.9,37.0,37.0,station
2024-02-03,,,39.7,38.5,37.1,,,40.6,38.7,38.7,,,,49,37,28.7,25.15,0.1,0.5521,0.8338,36.1,38.0,38.0,station
2024-02-04,29.5,,31.7,29.1,28.1,,,31.9,29.4,29.2,29.6,1.52,,55,52,28.4,28.84,0.0,0.5664,0.8242,29.6,28.0,28.0,station
2024-02-05,32.8,,35.5,32.4,31.8,32.6,,36.5,34.4,32.1,33.12,1.64,-0.77,67,85,21.6,24.86,0.6,0.5805,0.8143,31.4,32.0,32.0,station
2024-02-06,36.2,,40.3,36.2,36.2,35.2,,39.1,34.6,34.3,37.23,2.05,1.43,73,65,23.4,16.66,8.2,0.5944,0.8042,33.8,36.0,36.0,station
2024-02-07,37.5,,41.3,39.7,38.5,38.7,,40.4,40.2,37.4,39.25,1.64,0.08,74,79,28.1,15.58,3.2,0.6081,0.7938,31.4,34.0,34.0,station
2024-02-08,31.7,,41.7,32.8,28.7,33.3,,40.2,31.5,26.5,33.73,5.59,0.85,72,92,32.4,20.17,6.5,0.6217,0.7833,32.1,31.0,31.0,station
2024-02-09,30.2,,34.7,31.4,30.1,32.6,,36.0,30.8,25.9,31.6,2.15,0.28,84,99,21.6,14.28,16.0,0.6351,0.7725,31.3,28.0,28.0,station
2024-02-10,30.1,,35.0,26.5,26.4,29.4,,33.6,29.7,28.0,29.5,4.05,-0.68,85,60,23.3,15.3,31.1,0.6483,0.7614,29.5,31.0,31.0,station
2024-02-11,31.5,,38.1,31.8,30.5,31.1,,37.7,31.3,29.5,32.98,3.46,0.58,75,20,13.2,27.12,0.0,0.6613,0.7502,32.3,34.0,34.0,station
2024-02-12,27.3,,27.9,25.4,24.7,27.6,,28.5,27.3,23.6,26.32,1.52,-0.43,77,80,30.7,10.66,19.2,0.6741,0.7387,26.7,28.0,28.0,station
2024-02-13,21.8,,22.3,21.8,23.3,22.5,,23.4,21.9,21.9,22.3,0.71,-0.12,59,21,23.2,28.35,0.0,0.6867,0.727,22.1,23.0,23.0,station
2024-02-14,23.0,,24.3,24.7,24.7,22.7,,24.2,24.0,23.0,24.18,0.81,0.7,66,42,18.0,26.13,0.0,0.6991,0.715,23.9,25.0,25.0,station
2024-02-15,25.8,,28.4,27.4,28.4,26.1,,28.4,27.6,28.3,27.5,1.23,-0.1,70,24,18.8,21.88,0.0,0.7113,0.7029,25.7,27.0,27.0,station
2024-02-16,26.9,,29.9,27.9,28.6,26.7,,30.2,28.1,28.7,28.32,1.26,-0.1,71,30,17.8,24.25,0.3,0.7233,0.6906,26.9,28.0,28.0,station
2024-02-17,27.8,,30.7,28.8,28.8,28.0,,31.6,28.3,30.0,29.02,1.21,-0.45,71,42,20.5,22.56,0.0,0.735,0.678,28.1,29.0,29.0,station
2024-02-18,28.3,,31.3,29.5,28.7,28.3,,29.4,29.0,32.1,29.45,1.33,-0.25,80,62,12.5,16.63,1.5,0.7466,0.6653,27.8,29.0,29.0,station
2024-02-19,29.2,,33.2,28.8,30.9,29.4,,31.9,29.7,30.9,30.52,2.0,0.05,76,20,17.1,25.03,0.0,0.7579,0.6523,29.6,30.0,30.0,station
2024-02-20,28.8,,33.1,29.3,30.8,28.9,,33.2,29.8,30.5,30.5,1.93,-0.1,77,29,17.3,22.37,0.1,0.769,0.6392,29.6,30.0,30.0,station
2024-02-21,30.1,,34.6,30.7,31.2,30.0,,36.0,31.1,31.7,31.65,2.02,-0.55,72,27,17.9,24.79,0.2,0.7799,0.6259,29.9,31.0,31.0,station
2024-02-22,30.5,,34.3,30.8,31.8,30.3,,34.4,31.7,31.5,31.85,1.73,-0.12,70,90,16.6,23.03,0.6,0.7906,0.6124,29.9,32.0,32.0,station
2024-02-23,28.0,,29.7,25.3,27.9,29.1,,27.1,27.3,27.8,27.73,1.82,-0.1,68,91,17.1,15.01,0.2,0.801,0.5987,27.7,28.0,28.0,station
2024-02-24,26.7,,29.4,26.7,26.7,27.0,,29.9,25.5,25.9,27.38,1.35,0.3,73,57,24.5,19.4,0.4,0.8112,0.5848,25.3,27.0,27.0,station
2024-02-25,27.1,,27.9,26.7,25.9,27.0,,28.2,26.7,27.4,26.9,0.83,-0.43,67,65,23.9,22.06,0.0,0.8211,0.5708,27.3,26.0,26.0,station
2024-02-26,24.6,,22.4,22.7,23.4,24.4,,23.5,24.4,24.0,23.27,0.98,-0.8,79,65,21.2,14.02,8.9,0.8308,0.5566,26.9,25.0,25.0,station
2024-02-27,28.1,,30.9,29.1,28.2,28.4,,27.9,28.4,25.3,29.07,1.3,1.57,81,31,11.6,20.08,0.6,0.8402,0.5422,28.3,30.0,30.0,station
2024-02-28,29.9,,35.4,30.1,28.8,29.4,,34.7,30.1,29.4,31.05,2.96,0.15,76,11,10.1,24.99,0.0,0.8495,0.5277,30.0,31.0,31.0,station
2024-02-29,28.9,,31.9,26.4,24.9,29.0,,32.9,26.4,27.0,28.02,3.07,-0.8,78,56,20.6,17.06,3.1,0.8584,0.513,28.8,29.0,29.0,station
2024-03-01,27.1,,31.2,28.2,28.4,26.8,,31.8,27.1,26.3,28.73,1.75,0.73,78,30,19.6,15.81,0.8,0.8671,0.4981,27.9,29.0,29.0,station
2024-03-02,29.4,,32.3,27.6,25.1,27.1,,32.9,28.9,24.4,28.6,3.03,0.28,85,73,34.7,12.63,19.4,0.8755,0.4831,29.0,30.0,30.0,station
2024-03-03,23.6,,25.7,23.8,22.5,24.4,,28.6,24.3,24.3,23.9,1.33,-1.5,56,19,32.0,26.34,0.0,0.8837,0.468,23.1,26.0,26.0,station
2024-03-04,24.8,,26.5,26.3,25.3,25.0,,28.0,25.0,23.8,25.73,0.81,0.28,59,12,13.7,24.23,0.0,0.8916,0.4527,24.8,27.0,27.0,station
2024-03-05,22.5,,25.7,23.6,25.7,23.0,,26.2,23.5,23.8,24.38,1.59,0.25,62,13,20.0,25.39,0.0,0.8993,0.4373,22.1,24.0,24.0,station
2024-03-06,24.5,,29.5,25.9,26.0,24.1,,28.7,26.0,26.6,26.48,2.13,0.12,65,0,16.9,24.79,0.0,0.9067,0.4218,24.4,26.0,26.0,station
2024-03-07,28.3,,31.1,29.4,29.3,27.7,,32.5,30.0,29.4,29.52,1.16,-0.38,65,9,15.6,24.41,0.0,0.9138,0.4061,28.2,30.0,30.0,station
2024-03-08,29.9,,33.4,31.4,30.6,30.1,,33.8,29.1,28.4,31.32,1.51,0.97,72,69,18.1,13.54,1.8,0.9207,0.3904,28.0,31.0,31.0,station
2024-03-09,29.5,,30.5,28.1,25.8,28.0,,30.9,27.6,28.1,28.48,2.04,-0.17,75,23,21.0,24.0,16.7,0.9272,0.3745,29.4,31.0,31.0,station
2024-03-10,27.2,,29.4,27.5,26.8,26.4,,31.5,27.4,25.7,27.73,1.15,-0.02,64,54,22.7,21.55,0.0,0.9335,0.3585,28.1,27.0,27.0,station
2024-03-11,24.8,,24.1,26.1,25.2,24.4,,25.4,27.7,23.8,25.05,0.83,-0.27,80,77,33.6,8.37,13.7,0.9396,0.3424,26.1,26.0,26.0,station
2024-03-12,26.4,,27.2,26.0,26.1,26.2,,25.7,25.7,22.8,26.43,0.54,1.32,83,65,25.6,7.32,33.8,0.9453,0.3261,24.7,23.0,23.0,station
2024-03-13,25.0,,26.1,24.1,23.7,25.3,,26.7,26.3,24.5,24.73,1.07,-0.97,92,91,17.9,9.14,60.6,0.9508,0.3098,26.7,24.0,24.0,station
2024-03-14,27.5,23.3,22.7,25.5,24.7,26.9,,24.5,26.1,24.2,24.74,1.9,-0.68,92,91,13.7,6.6,19.9,0.956,0.2934,27.0,24.0,24.0,station
2024-03-15,27.1,25.5,23.7,25.6,26.3,26.8,25.5,25.0,25.2,25.6,25.64,1.26,0.02,85,65,18.4,14.61,1.7,0.9609,0.2769,27.1,28.0,28.0,station
2024-03-16,28.5,26.3,26.8,27.6,29.0,27.9,26.5,27.4,27.0,28.4,27.64,1.13,0.2,86,49,10.5,15.79,2.0,0.9655,0.2604,28.0,28.0,28.0,station
2024-03-17,24.4,25.8,24.3,24.2,26.2,24.3,25.0,24.3,24.3,25.0,24.98,0.94,0.4,74,31,21.7,20.6,0.0,0.9698,0.2437,25.3,27.0,27.0,station
2024-03-18,26.9,26.4,29.6,28.6,25.0,26.9,27.5,29.8,27.3,27.1,27.3,1.82,-0.42,85,56,19.0,13.37,13.9,0.9739,0.227,28.3,28.0,28.0,station
2024-03-19,27.6,28.2,28.2,27.6,26.3,27.3,26.9,29.1,28.9,26.5,27.58,0.78,-0.16,86,33,20.0,17.02,0.1,0.9777,0.2102,28.0,28.0,28.0,station
2024-03-20,27.8,27.1,27.6,27.2,24.7,24.5,27.1,30.2,26.0,27.2,26.88,1.25,-0.12,91,74,32.1,8.06,42.9,0.9811,0.1934,25.7,24.0,24.0,station
2024-03-21,20.1,20.5,19.9,20.0,19.6,19.7,20.7,19.2,19.6,19.9,20.02,0.33,0.2,57,33,25.7,21.7,0.0,0.9843,0.1765,20.3,21.0,21.0,station
2024-03-22,21.6,21.8,21.1,21.9,22.0,21.4,21.5,20.9,21.3,21.3,21.68,0.36,0.4,64,4,15.6,21.56,0.0,0.9872,0.1595,21.6,22.0,22.0,station
2024-03-23,23.0,23.8,22.5,23.3,24.6,22.8,24.0,23.0,23.4,24.0,23.44,0.8,0.0,71,48,22.9,21.33,0.0,0.9898,0.1425,22.8,25.0,25.0,station
2024-03-24,26.4,28.0,25.4,27.2,30.3,25.8,27.5,25.5,26.7,29.8,27.46,1.86,0.4,78,31,14.3,20.85,0.0,0.9921,0.1255,27.2,28.0,28.0,station
2024-03-25,25.7,25.7,25.0,26.3,28.0,25.6,25.3,23.6,26.4,28.2,26.14,1.14,0.32,74,22,16.0,21.34,0.0,0.9941,0.1084,25.5,26.0,26.0,station
2024-03-26,23.7,24.2,24.2,24.2,25.6,24.1,24.9,24.4,25.8,26.5,24.38,0.72,-0.76,80,48,14.8,20.95,0.0,0.9958,0.0913,23.9,25.0,25.0,station
2024-03-27,26.7,26.3,24.6,26.5,28.4,25.9,26.2,26.2,26.6,27.4,26.5,1.35,0.04,77,77,12.3,20.39,0.0,0.9972,0.0741,26.6,27.0,27.0,station
2024-03-28,25.8,26.4,26.5,27.0,28.4,26.8,26.6,26.9,26.9,29.2,26.82,0.98,-0.46,78,50,14.0,18.66,0.0,0.9984,0.057,27.0,28.0,28.0,station
2024-03-29,26.9,27.2,29.1,28.1,29.6,27.3,27.6,28.4,28.0,30.3,28.18,1.17,-0.14,77,0,12.6,20.03,0.0,0.9992,0.0398,27.1,28.0,28.0,station
2024-03-30,29.4,30.6,30.8,30.5,32.0,29.3,29.9,30.7,30.0,32.1,30.66,0.93,0.26,73,27,17.6,18.98,0.2,0.9997,0.0226,30.1,31.0,31.0,station
2024-03-31,23.0,21.7,22.2,21.8,21.2,22.6,20.7,22.1,20.7,21.9,21.98,0.67,0.38,63,65,20.7,16.13,1.0,1.0,0.0054,23.2,22.0,22.0,station
2024-04-01,22.0,19.8,19.4,19.2,21.4,20.4,19.8,19.9,20.9,20.3,20.36,1.26,0.1,71,68,14.5,11.51,0.4,0.9999,-0.0118,20.0,20.0,20.0,station
2024-04-02,21.5,21.9,21.9,21.4,21.7,22.1,21.8,21.3,21.2,22.3,21.68,0.23,-0.06,72,29,18.1,18.85,0.0,0.9996,-0.029,21.3,22.0,22.0,station
2024-04-03,19.6,18.5,16.9,17.9,19.4,19.5,18.9,17.7,18.9,19.2,18.46,1.11,-0.38,88,77,18.4,4.78,8.8,0.9989,-0.0462,19.4,20.0,20.0,station
2024-04-04,23.9,24.5,22.9,24.3,22.2,24.3,24.4,23.6,23.7,22.5,23.56,0.98,-0.14,79,47,11.1,17.93,0.0,0.998,-0.0634,24.6,25.0,25.0,station
2024-04-05,26.0,26.8,24.4,26.8,25.1,25.5,26.4,24.3,26.1,24.9,25.82,1.06,0.38,76,0,11.4,19.14,0.0,0.9968,-0.0805,26.1,27.0,27.0,station
2024-04-06,24.1,23.1,23.2,25.8,25.5,24.3,24.2,23.2,25.9,24.9,24.34,1.26,-0.16,74,48,20.3,14.05,0.0,0.9952,-0.0977,25.2,25.0,25.0,station
2024-04-07,23.9,24.2,24.5,24.5,25.5,23.8,23.6,23.6,25.1,25.6,24.52,0.6,0.18,80,22,11.3,18.47,0.0,0.9934,-0.1148,24.4,25.0,25.0,station
2024-04-08,23.3,24.1,23.9,25.0,25.7,24.0,24.0,23.6,24.5,25.5,24.4,0.95,0.08,85,26,17.4,15.31,0.2,0.9913,-0.1319,23.3,25.0,25.0,station
2024-04-09,25.2,25.3,24.5,25.5,28.4,25.5,25.0,25.4,26.0,28.1,25.78,1.51,-0.22,79,37,23.7,15.25,0.0,0.9889,-0.1489,26.0,26.0,26.0,station
2024-04-10,18.2,18.2,18.5,15.9,16.4,17.8,17.5,15.3,16.1,17.1,17.44,1.2,0.68,57,66,22.9,16.4,0.0,0.9861,-0.1659,18.2,18.0,18.0,station
2024-04-11,18.9,17.4,19.5,17.7,19.5,18.2,16.7,18.7,17.5,18.8,18.6,0.99,0.62,59,61,20.0,11.81,0.5,0.9831,-0.1828,18.9,18.0,18.0,station
2024-04-12,20.6,19.1,20.9,20.5,20.7,21.2,18.9,21.1,19.7,21.0,20.36,0.72,-0.02,73,89,24.6,10.41,4.2,0.9799,-0.1997,20.1,20.0,20.0,station
2024-04-13,21.5,19.4,18.8,19.2,19.6,21.2,19.0,18.3,19.3,19.7,19.7,1.05,0.2,88,99,33.2,4.48,13.0,0.9763,-0.2165,20.3,20.0,20.0,station
2024-04-14,22.5,22.1,20.5,20.4,21.2,21.8,21.9,19.8,20.4,20.7,21.34,0.94,0.42,91,100,23.5,5.86,19.9,0.9724,-0.2333,23.1,22.0,22.0,station
2024-04-15,23.2,23.3,24.4,22.1,22.7,23.7,23.5,21.6,22.4,22.5,23.14,0.85,0.4,93,94,32.0,4.59,23.0,0.9683,-0.25,24.0,24.0,24.0,station
2024-04-16,19.8,19.5,17.2,19.6,20.4,19.5,19.0,17.3,20.2,22.1,19.3,1.22,-0.32,81,85,27.4,5.95,0.5,0.9638,-0.2666,19.6,20.0,20.0,station
2024-04-17,21.3,23.1,20.2,19.7,18.3,21.4,23.9,20.0,19.5,18.9,20.52,1.8,-0.22,63,16,28.7,17.04,0.0,0.9591,-0.2831,21.8,23.0,23.0,station
2024-04-18,20.9,22.1,20.6,21.0,21.2,21.7,23.2,21.7,19.6,21.4,21.16,0.57,-0.36,69,4,14.3,17.02,0.0,0.9541,-0.2996,21.5,23.0,23.0,station
2024-04-19,24.4,26.6,23.0,25.4,26.2,24.3,26.4,23.6,24.6,24.8,25.12,1.45,0.38,74,54,20.5,16.05,0.0,0.9488,-0.316,24.9,27.0,27.0,station
2024-04-20,25.0,25.3,21.5,26.3,27.9,24.6,25.1,23.8,25.5,25.3,25.2,2.36,0.34,78,51,15.1,14.53,0.0,0.9432,-0.3322,25.2,26.0,26.0,station
2024-04-21,21.2,19.8,21.3,20.7,21.8,21.8,20.0,23.0,20.2,22.4,20.96,0.76,-0.52,82,100,25.8,8.41,0.3,0.9373,-0.3484,23.0,21.0,21.0,station
2024-04-22,19.8,19.4,17.7,18.1,18.0,18.9,19.4,17.9,19.8,17.5,18.6,0.94,-0.1,87,98,35.9,8.46,26.9,0.9312,-0.3645,20.8,20.0,20.0,station
2024-04-23,20.0,20.6,19.7,19.6,18.9,20.7,20.4,20.6,21.3,19.0,19.76,0.62,-0.64,78,24,21.5,14.18,0.5,0.9248,-0.3804,20.2,20.0,20.0,station
2024-04-24,17.4,18.7,17.0,17.5,17.0,17.8,18.8,17.0,17.2,17.0,17.52,0.7,-0.04,66,9,12.9,16.31,0.0,0.9181,-0.3963,17.9,19.0,19.0,station
2024-04-25,18.2,16.4,17.8,17.0,20.2,18.6,16.0,18.0,15.4,19.0,17.92,1.45,0.52,85,72,17.4,6.25,9.8,0.9112,-0.412,17.3,16.0,16.0,station
2024-04-26,20.7,19.1,17.9,18.8,19.2,20.9,18.4,17.4,18.4,20.0,19.14,1.01,0.12,92,89,19.9,3.97,4.7,0.9039,-0.4276,19.7,19.0,19.0,station
2024-04-27,15.8,18.2,16.7,16.0,14.6,17.1,19.0,17.7,17.2,17.3,16.26,1.32,-1.4,66,28,18.2,14.28,0.0,0.8965,-0.4431,17.5,17.0,17.0,station
2024-04-28,18.7,20.5,17.6,18.2,17.9,18.3,21.0,18.0,18.3,17.4,18.58,1.15,-0.02,63,4,13.7,15.64,0.0,0.8887,-0.4585,19.2,20.0,20.0,station
2024-04-29,17.3,16.6,16.0,17.6,18.9,15.8,15.7,15.7,17.6,19.9,17.28,1.1,0.34,81,89,21.4,8.4,4.4,0.8807,-0.4737,18.5,19.0,19.0,station
2024-04-30,19.6,19.4,19.1,21.2,21.9,20.1,18.8,18.3,21.3,21.9,20.24,1.23,0.16,92,84,19.4,4.52,2.2,0.8724,-0.4888,20.2,20.0,20.0,station
2024-05-01,17.7,18.1,16.0,17.1,17.9,17.6,17.9,16.1,16.6,19.1,17.36,0.85,-0.1,64,76,21.4,8.97,0.0,0.8639,-0.5037,17.9,17.0,17.0,station
2024-05-02,14.5,15.2,14.3,14.6,15.2,14.5,15.1,14.4,13.5,15.3,14.76,0.42,0.2,63,41,21.4,13.76,0.2,0.8551,-0.5185,14.2,15.0,15.0,station
2024-05-03,14.7,15.0,14.7,15.0,16.4,14.6,15.0,15.2,15.3,16.9,15.16,0.71,-0.24,72,37,11.5,12.7,0.0,0.846,-0.5331,16.0,17.0,17.0,station
2024-05-04,18.8,18.8,18.2,19.8,20.4,18.5,18.7,18.7,19.0,20.3,19.2,0.88,0.16,83,20,17.1,12.79,0.0,0.8367,-0.5476,19.5,18.0,18.0,station
2024-05-05,21.8,20.2,19.6,22.2,22.6,21.5,20.2,19.0,21.4,22.7,21.28,1.31,0.32,91,100,12.4,5.6,0.8,0.8272,-0.5619,21.6,21.0,21.0,station
2024-05-06,21.1,19.1,21.5,20.1,23.0,21.8,20.3,22.5,21.5,22.5,20.96,1.47,-0.76,94,92,17.4,5.99,2.1,0.8174,-0.5761,21.1,20.0,20.0,station
2024-05-07,19.8,19.2,18.9,20.5,19.6,20.6,20.1,19.8,21.6,19.4,19.6,0.61,-0.7,93,87,14.6,4.61,3.9,0.8074,-0.59,20.9,20.0,20.0,station
2024-05-08,17.7,17.7,17.2,16.7,17.2,18.2,17.3,18.2,17.9,18.1,17.3,0.42,-0.64,74,43,34.0,10.14,0.1,0.7971,-0.6038,17.7,18.0,18.0,station
2024-05-09,15.7,17.0,15.3,14.9,14.7,15.0,16.4,15.2,14.6,14.7,15.52,0.91,0.34,62,5,13.4,14.01,0.0,0.7866,-0.6175,15.7,16.0,16.0,station
2024-05-10,16.1,16.0,14.8,16.7,17.4,16.3,15.8,16.7,15.7,17.1,16.2,0.96,-0.12,76,48,10.7,10.15,0.0,0.7759,-0.6309,16.5,17.0,17.0,station
2024-05-11,17.0,16.9,15.7,16.5,19.3,17.3,16.4,16.0,17.0,18.3,17.08,1.34,0.08,78,40,21.0,12.64,0.0,0.7649,-0.6442,17.0,18.0,18.0,station
2024-05-12,13.0,12.7,11.7,12.0,12.8,12.7,12.7,11.7,12.0,14.4,12.44,0.56,-0.26,82,76,26.6,4.29,3.9,0.7537,-0.6572,12.2,12.0,12.0,station
2024-05-13,12.9,13.4,12.6,12.3,13.0,12.6,13.5,12.2,12.7,12.9,12.84,0.42,0.06,72,18,19.4,11.89,0.0,0.7423,-0.6701,12.6,13.0,13.0,station
2024-05-14,12.6,13.0,12.6,12.2,12.9,12.5,13.1,12.3,11.9,13.2,12.66,0.31,0.06,77,11,20.8,11.7,0.0,0.7306,-0.6828,12.4,13.0,13.0,station
2024-05-15,14.7,15.8,13.4,14.9,15.5,14.1,15.5,13.6,14.2,13.9,14.86,0.93,0.6,70,63,18.0,12.7,0.0,0.7188,-0.6952,15.3,16.0,16.0,station
2024-05-16,15.9,16.8,15.1,16.0,17.0,15.7,16.1,15.0,15.5,16.1,16.16,0.76,0.48,71,39,14.6,12.7,0.0,0.7067,-0.7075,16.0,17.0,17.0,station
2024-05-17,11.7,13.0,14.1,13.6,14.9,14.3,13.7,14.3,14.0,15.3,13.46,1.21,-0.86,80,23,19.1,10.68,0.0,0.6945,-0.7195,14.1,12.0,12.0,station
2024-05-18,13.3,13.0,10.9,13.4,13.7,12.7,12.6,11.4,13.4,13.2,12.86,1.12,0.2,79,48,11.5,9.53,0.0,0.682,-0.7314,12.5,12.0,12.0,station
2024-05-19,11.5,13.0,13.8,13.2,14.4,13.9,13.4,13.4,13.3,15.1,13.18,1.09,-0.64,78,59,8.8,7.56,0.0,0.6693,-0.743,12.3,14.0,14.0,station
2024-05-20,14.7,15.5,14.9,14.7,15.7,14.5,15.2,14.3,14.9,15.8,15.1,0.47,0.16,77,21,21.4,12.23,0.0,0.6564,-0.7544,14.9,16.0,16.0,station
2024-05-21,15.9,13.8,12.8,14.4,17.6,15.5,14.7,14.6,14.9,16.5,14.9,1.88,-0.34,89,96,16.3,4.73,0.0,0.6433,-0.7656,14.7,16.0,16.0,station
2024-05-22,14.7,14.4,16.1,14.5,15.0,14.6,14.4,16.1,14.4,14.4,14.94,0.69,0.16,89,96,18.8,6.65,0.0,0.6301,-0.7765,15.2,14.0,14.0,station
2024-05-23,15.9,15.1,15.6,15.3,15.4,15.1,15.0,15.5,15.0,14.9,15.46,0.3,0.36,82,95,23.3,5.39,0.5,0.6166,-0.7873,15.1,14.0,14.0,station
2024-05-24,11.2,11.0,11.2,10.8,10.5,11.1,11.3,11.4,11.3,11.5,10.94,0.3,-0.38,61,60,24.8,10.34,0.0,0.603,-0.7978,11.1,11.0,11.0,station
2024-05-25,11.0,11.5,10.8,10.9,11.1,11.2,11.5,10.6,11.0,11.0,11.06,0.27,0.0,72,36,15.6,11.11,0.0,0.5892,-0.808,11.0,11.0,11.0,station
2024-05-26,10.8,10.9,10.9,11.4,12.0,10.9,11.0,9.9,11.2,10.7,11.2,0.5,0.46,71,91,15.0,7.53,0.0,0.5752,-0.818,11.5,12.0,12.0,station
2024-05-27,10.4,10.7,11.6,11.0,12.8,10.4,11.3,11.8,12.2,11.4,11.3,0.95,-0.12,72,98,19.6,3.34,0.1,0.561,-0.8278,10.4,11.0,11.0,station
2024-05-28,16.4,15.9,15.8,15.9,17.1,16.0,15.0,14.0,14.6,16.0,16.22,0.54,1.1,88,52,16.7,6.48,0.0,0.5467,-0.8373,14.0,15.0,15.0,station
2024-05-29,15.8,15.6,17.2,16.3,16.7,16.1,16.1,16.5,16.5,16.7,16.32,0.65,-0.06,86,88,24.0,7.19,0.0,0.5322,-0.8466,15.7,17.0,17.0,station
2024-05-30,16.7,16.9,16.5,16.7,17.1,16.6,16.2,16.9,16.5,18.3,16.78,0.23,-0.12,80,82,12.5,7.32,0.2,0.5176,-0.8556,16.5,17.0,17.0,station
2024-05-31,16.4,16.4,15.8,16.9,16.7,16.1,16.0,15.9,15.6,16.5,16.44,0.42,0.42,88,87,15.0,8.1,0.0,0.5028,-0.8644,16.2,16.0,16.0,station
2024-06-01,19.5,19.3,19.7,19.2,20.2,18.4,18.5,19.7,18.8,20.5,19.58,0.4,0.4,88,64,17.0,9.9,0.8,0.4878,-0.8729,20.3,22.0,22.0,station
2024-06-02,14.2,13.7,12.9,11.9,12.2,11.6,13.5,13.3,12.0,12.5,12.98,0.97,0.4,73,77,18.3,4.15,0.1,0.4728,-0.8812,14.8,12.0,12.0,station
2024-06-03,12.0,12.0,12.1,12.0,11.2,12.1,12.1,12.1,11.6,11.3,11.86,0.37,0.02,75,30,15.2,10.65,0.0,0.4575,-0.8892,11.5,11.0,11.0,station
2024-06-04,12.4,13.0,12.6,12.6,12.9,12.2,12.9,12.7,12.9,12.8,12.7,0.24,0.0,76,85,18.8,10.31,0.0,0.4422,-0.8969,12.5,13.0,13.0,station
2024-06-05,15.6,15.6,15.6,15.6,16.5,14.9,15.2,13.6,14.9,16.2,15.78,0.4,0.82,85,91,16.6,7.44,0.0,0.4267,-0.9044,16.4,16.0,16.0,station
2024-06-06,18.9,17.0,19.3,18.9,22.4,21.1,19.1,19.5,19.0,20.3,19.3,1.95,-0.5,91,76,10.2,9.98,0.0,0.4111,-0.9116,19.2,20.0,20.0,station
2024-06-07,19.6,20.6,19.7,19.2,19.1,19.5,19.5,21.1,19.5,21.7,19.64,0.59,-0.62,90,90,16.6,7.24,6.7,0.3953,-0.9185,19.5,21.0,21.0,station
2024-06-08,24.0,24.0,21.6,22.0,25.6,23.4,24.1,21.6,21.4,24.0,23.44,1.64,0.54,88,100,21.1,6.71,0.0,0.3795,-0.9252,23.2,24.0,24.0,station
2024-06-09,24.5,24.8,25.5,25.2,26.9,23.7,23.4,25.2,24.5,26.8,25.38,0.93,0.66,77,58,26.6,9.32,0.0,0.3635,-0.9316,25.0,26.0,26.0,station
2024-06-10,18.8,19.7,19.3,19.4,18.7,18.6,19.3,19.6,19.8,20.0,19.18,0.42,-0.28,72,59,17.0,10.54,0.0,0.3474,-0.9377,18.9,19.0,19.0,station
2024-06-11,16.7,16.8,16.7,16.2,16.4,16.1,16.6,18.1,16.0,18.2,16.56,0.25,-0.44,88,80,20.0,7.09,0.3,0.3312,-0.9436,17.2,16.0,16.0,station
2024-06-12,23.8,20.3,22.9,21.7,28.0,23.6,22.4,21.2,21.6,26.6,23.34,2.92,0.26,95,100,19.3,4.76,0.3,0.3149,-0.9491,20.8,22.0,22.0,station
2024-06-13,26.3,26.0,26.4,26.2,25.3,25.8,25.9,26.2,26.6,27.2,26.04,0.44,-0.3,66,98,28.7,9.12,0.0,0.2986,-0.9544,26.6,28.0,28.0,station
2024-06-14,19.6,19.6,19.7,19.4,22.7,20.8,19.6,20.3,19.8,24.1,20.2,1.4,-0.72,77,89,17.4,5.0,11.3,0.2821,-0.9594,21.1,22.0,22.0,station
2024-06-15,18.5,19.2,19.6,19.6,19.8,18.8,19.3,19.3,19.8,17.8,19.34,0.52,0.34,74,12,12.8,10.77,0.0,0.2656,-0.9641,18.4,20.0,20.0,station
2024-06-16,16.7,15.7,16.3,15.5,15.6,17.0,15.7,16.9,17.0,15.4,15.96,0.52,-0.44,83,74,12.1,4.82,0.0,0.2489,-0.9685,15.8,16.0,16.0,station
2024-06-17,15.5,16.1,16.2,16.1,17.0,15.4,16.4,17.0,16.6,17.1,16.18,0.54,-0.32,86,8,15.3,10.59,0.0,0.2322,-0.9727,16.0,18.0,18.0,station
2024-06-18,18.6,17.5,16.8,19.5,18.5,16.2,17.5,16.0,18.5,17.9,18.18,1.05,0.96,89,81,14.5,5.27,2.4,0.2155,-0.9765,18.5,19.0,19.0,station
2024-06-19,17.7,17.1,18.1,17.3,16.8,16.6,17.7,17.9,17.3,16.2,17.4,0.51,0.26,84,43,17.3,9.49,0.5,0.1986,-0.9801,17.3,19.0,19.0,station
2024-06-20,14.8,14.7,15.1,15.1,14.9,15.2,15.2,15.2,15.5,14.9,14.92,0.18,-0.28,82,21,22.3,10.31,0.0,0.1818,-0.9833,15.1,16.0,16.0,station
2024-06-21,18.8,18.2,16.2,15.9,18.5,18.6,17.6,17.7,17.7,18.7,17.52,1.36,-0.54,92,99,20.9,2.73,5.5,0.1648,-0.9863,20.2,19.0,19.0,station
2024-06-22,18.0,16.4,16.3,18.0,17.9,19.3,15.3,17.2,19.6,20.7,17.32,0.89,-1.1,91,99,19.3,5.94,1.0,0.1478,-0.989,18.5,19.0,19.0,station
2024-06-23,13.4,13.4,13.5,14.0,13.4,14.3,14.3,14.1,14.7,14.2,13.54,0.26,-0.78,70,55,25.3,10.16,0.3,0.1308,-0.9914,14.2,15.0,15.0,station
2024-06-24,11.3,11.3,11.2,11.4,10.8,11.5,11.4,11.2,10.9,10.0,11.2,0.23,0.2,71,39,17.4,9.39,0.0,0.1137,-0.9935,11.6,12.0,12.0,station
2024-06-25,11.2,10.8,10.6,9.7,11.2,10.6,10.3,10.5,9.4,11.3,10.7,0.62,0.28,80,66,10.7,8.09,1.6,0.0966,-0.9953,11.4,10.0,10.0,station
2024-06-26,12.6,12.6,12.0,12.0,11.6,11.8,12.3,11.8,11.8,11.9,12.16,0.43,0.24,79,44,25.6,9.87,1.2,0.0795,-0.9968,12.9,14.0,14.0,station
2024-06-27,15.5,17.5,16.2,15.5,16.3,14.5,16.5,16.4,15.0,16.3,16.2,0.82,0.46,66,70,21.8,6.79,0.0,0.0623,-0.9981,15.1,17.0,17.0,station
2024-06-28,11.5,11.2,12.0,11.0,11.8,11.2,11.3,12.2,11.0,11.6,11.5,0.41,0.04,65,19,27.4,9.75,0.0,0.0451,-0.999,12.0,12.0,12.0,station
2024-06-29,8.7,9.1,8.9,8.9,9.0,8.8,9.6,9.2,8.9,8.8,8.92,0.15,-0.14,61,3,23.2,11.04,0.0,0.028,-0.9996,8.6,9.0,9.0,station
2024-06-30,13.1,15.2,12.8,13.2,13.0,12.6,14.8,11.9,13.6,12.7,13.46,0.98,0.34,62,13,22.5,10.92,0.0,0.0108,-0.9999,13.0,15.0,15.0,station
2024-07-01,16.6,17.4,16.0,16.2,16.6,15.3,16.7,16.0,15.9,15.9,16.56,0.54,0.6,67,24,18.4,10.4,0.0,-0.0065,-1.0,15.5,18.0,18.0,station
2024-07-02,16.9,18.9,16.3,17.7,18.2,16.4,18.5,17.1,16.9,17.5,17.6,1.03,0.32,75,2,18.4,10.95,0.0,-0.0237,-0.9997,17.1,19.0,19.0,station
2024-07-03,11.2,11.7,10.8,11.7,11.9,10.7,11.7,10.8,10.7,11.5,11.46,0.45,0.38,70,59,17.6,10.56,0.0,-0.0408,-0.9992,11.0,12.0,12.0,station
2024-07-04,12.4,12.9,12.1,11.5,11.7,12.2,12.8,11.1,12.3,12.2,12.12,0.56,0.0,73,39,16.4,11.07,0.0,-0.058,-0.9983,11.7,13.0,13.0,station
2024-07-05,10.4,11.2,10.4,10.9,9.2,10.0,11.0,9.9,10.0,9.2,10.42,0.76,0.4,54,1,22.1,11.48,0.0,-0.0752,-0.9972,9.9,12.0,12.0,station
2024-07-06,9.4,10.2,8.9,9.8,9.2,9.2,9.9,9.5,10.3,9.3,9.5,0.51,-0.14,70,54,9.8,10.2,0.0,-0.0923,-0.9957,9.3,10.0,10.0,station
2024-07-07,9.1,9.5,9.0,8.9,10.1,9.6,10.2,9.4,9.7,9.6,9.32,0.49,-0.38,68,50,15.2,10.57,0.0,-0.1094,-0.994,9.3,10.0,10.0,station
2024-07-08,7.7,8.1,7.7,7.9,7.3,7.6,7.8,8.0,7.7,8.6,7.74,0.3,-0.2,72,8,11.7,11.08,0.0,-0.1265,-0.992,8.1,8.0,8.0,station
2024-07-09,8.6,8.6,8.2,8.3,7.7,8.3,8.6,8.3,7.9,7.6,8.28,0.37,0.14,68,0,10.8,11.41,0.0,-0.1436,-0.9896,7.9,8.0,8.0,station
2024-07-10,8.1,8.7,8.4,8.8,8.9,8.5,8.5,8.6,8.8,8.9,8.58,0.33,-0.08,66,0,9.3,11.49,0.0,-0.1606,-0.987,8.3,10.0,10.0,station
2024-07-11,10.0,11.2,9.8,10.7,10.7,9.3,10.3,9.7,10.6,10.2,10.48,0.57,0.46,62,0,10.0,11.4,0.0,-0.1775,-0.9841,11.0,12.0,12.0,station
2024-07-12,11.7,12.9,11.5,13.2,12.7,11.3,12.0,11.1,12.7,12.4,12.4,0.75,0.5,67,0,9.9,11.54,0.0,-0.1944,-0.9809,12.6,14.0,14.0,station
2024-07-13,12.2,13.4,11.7,13.4,13.2,11.5,12.7,11.7,13.2,13.0,12.78,0.78,0.36,69,0,10.8,11.67,0.0,-0.2113,-0.9774,12.1,14.0,14.0,station
2024-07-14,12.2,12.5,12.3,12.7,13.2,11.3,12.3,12.5,13.1,13.1,12.58,0.4,0.12,75,0,11.4,11.83,0.0,-0.2281,-0.9736,12.0,14.0,14.0,station
2024-07-15,13.6,14.5,14.0,15.1,14.4,14.0,14.6,14.3,15.3,14.2,14.32,0.56,-0.16,87,17,15.0,10.58,0.0,-0.2448,-0.9696,14.8,16.0,16.0,station
2024-07-16,15.4,14.4,14.7,16.8,17.5,15.2,14.4,15.1,15.5,17.1,15.76,1.34,0.3,86,49,14.8,10.85,0.0,-0.2614,-0.9652,15.2,18.0,18.0,station
2024-07-17,17.3,17.9,16.3,17.8,17.9,16.9,17.2,16.7,17.7,18.6,17.44,0.68,0.02,84,42,12.3,11.56,0.0,-0.278,-0.9606,16.8,19.0,19.0,station
2024-07-18,18.2,18.4,18.0,18.1,19.7,17.8,18.3,18.3,18.8,19.6,18.48,0.7,-0.08,84,36,14.4,11.75,0.0,-0.2945,-0.9557,18.0,20.0,20.0,station
2024-07-19,11.1,12.1,13.6,11.8,15.5,10.9,12.6,12.8,11.4,14.4,12.82,1.75,0.4,78,46,23.0,9.55,0.0,-0.3109,-0.9505,13.4,14.0,14.0,station
2024-07-20,11.0,10.1,9.7,10.2,12.9,10.3,10.8,9.5,10.2,10.9,10.78,1.28,0.44,84,100,22.0,2.53,2.4,-0.3272,-0.945,11.1,12.0,12.0,station
2024-07-21,14.2,13.4,15.2,13.4,16.6,14.9,12.9,14.8,14.0,14.2,14.56,1.36,0.4,91,100,14.5,4.92,0.2,-0.3434,-0.9392,13.4,13.0,13.0,station
2024-07-22,17.4,15.5,18.6,15.7,20.4,17.9,15.4,18.6,16.7,19.4,17.52,2.05,-0.08,89,72,18.2,7.96,0.0,-0.3595,-0.9332,17.3,15.0,15.0,station
2024-07-23,19.5,18.1,19.9,17.7,22.2,18.8,19.0,21.5,19.9,23.2,19.48,1.78,-1.0,91,38,12.9,9.28,0.0,-0.3755,-0.9268,18.2,14.0,14.0,station
2024-07-24,18.9,17.5,19.7,17.8,19.7,18.1,18.0,17.5,17.3,18.5,18.72,1.04,0.84,88,64,19.6,4.74,12.3,-0.3914,-0.9202,19.1,20.0,20.0,station
2024-07-25,18.4,20.1,19.4,18.4,18.1,18.5,19.8,19.5,18.2,16.3,18.88,0.84,0.42,65,28,15.4,12.43,0.0,-0.4071,-0.9134,18.4,20.0,20.0,station
2024-07-26,17.3,18.5,18.1,18.4,17.0,16.9,17.7,17.2,18.2,18.0,17.86,0.67,0.26,76,9,14.0,12.45,0.0,-0.4228,-0.9062,18.3,20.0,20.0,station
2024-07-27,17.5,18.6,17.5,18.1,18.4,16.2,17.6,17.9,16.5,18.3,18.02,0.51,0.72,71,26,16.5,12.75,0.0,-0.4383,-0.8988,17.5,20.0,20.0,station
2024-07-28,14.1,13.8,13.6,14.0,14.9,14.2,14.2,13.8,13.9,14.8,14.08,0.5,-0.1,63,25,13.8,12.02,0.0,-0.4537,-0.8912,14.0,14.0,14.0,station
2024-07-29,11.0,12.0,11.6,11.8,12.1,11.4,12.3,12.3,12.9,12.0,11.7,0.44,-0.48,58,8,14.8,13.41,0.0,-0.469,-0.8832,10.9,13.0,13.0,station
2024-07-30,12.6,13.3,13.5,12.3,13.3,11.7,13.0,12.8,12.2,13.2,13.0,0.52,0.42,73,62,23.5,13.05,0.0,-0.4841,-0.875,12.0,14.0,14.0,station
2024-07-31,16.8,17.1,16.0,16.7,18.8,17.5,17.6,16.8,17.3,17.9,17.08,1.04,-0.34,85,95,18.4,8.92,0.0,-0.4991,-0.8666,17.3,17.0,17.0,station
2024-08-01,24.2,24.0,23.5,21.8,26.2,23.3,24.1,25.1,22.1,26.3,23.94,1.58,-0.24,79,100,27.0,6.94,2.2,-0.5139,-0.8578,23.3,24.0,24.0,station
2024-08-02,27.5,28.7,28.4,29.2,29.3,27.1,28.8,28.5,29.4,29.7,28.62,0.73,-0.08,56,79,36.3,12.1,0.0,-0.5286,-0.8489,27.7,31.0,31.0,station
2024-08-03,23.2,21.2,24.0,22.2,27.2,23.7,20.8,22.9,22.4,27.1,23.56,2.29,0.18,72,56,32.6,11.08,33.3,-0.5431,-0.8397,22.2,27.0,27.0,station
2024-08-04,17.1,16.7,17.6,17.2,14.1,16.5,16.1,16.9,17.3,15.1,16.54,1.4,0.16,61,65,15.7,9.33,0.1,-0.5575,-0.8302,17.8,18.0,18.0,station
2024-08-05,14.6,15.7,16.2,15.7,15.5,15.4,16.2,16.1,16.5,14.6,15.54,0.59,-0.22,83,64,19.1,3.95,0.4,-0.5717,-0.8205,15.3,16.0,16.0,station
2024-08-06,17.0,16.9,17.5,17.6,17.4,19.2,17.1,16.9,20.0,17.6,17.28,0.31,-0.88,93,85,22.1,4.94,5.7,-0.5857,-0.8105,18.9,18.0,18.0,station
2024-08-07,13.1,13.8,14.2,14.2,14.3,14.0,13.0,15.1,14.1,13.8,13.92,0.5,-0.08,76,30,28.1,10.86,0.0,-0.5996,-0.8003,13.1,15.0,15.0,station
2024-08-08,8.1,8.8,8.2,8.1,9.1,8.9,8.7,7.5,8.0,7.4,8.46,0.46,0.36,81,96,32.1,3.69,4.7,-0.6132,-0.7899,10.2,11.0,11.0,station
2024-08-09,11.1,11.2,11.4,10.4,10.4,10.3,11.2,11.6,10.0,8.6,10.9,0.47,0.56,73,17,26.0,14.4,0.0,-0.6267,-0.7792,10.6,11.0,11.0,station
2024-08-10,15.1,16.2,14.2,14.2,14.8,14.9,16.1,15.4,13.9,14.6,14.9,0.82,-0.08,66,47,22.2,14.39,0.0,-0.64,-0.7683,15.3,17.0,17.0,station
2024-08-11,14.0,13.9,13.7,13.8,15.3,14.1,14.5,14.2,13.1,14.7,14.14,0.66,0.02,51,36,36.7,12.57,0.0,-0.6532,-0.7572,13.8,15.0,15.0,station
2024-08-12,12.0,13.0,11.9,12.1,13.3,11.9,13.0,11.8,12.1,13.2,12.46,0.64,0.06,71,0,20.4,14.63,0.0,-0.6661,-0.7459,11.9,13.0,13.0,station
2024-08-13,16.6,18.2,17.3,17.7,17.8,16.5,18.0,17.3,17.5,17.1,17.52,0.61,0.24,60,4,19.3,14.69,0.0,-0.6788,-0.7343,16.6,19.0,19.0,station
2024-08-14,17.6,18.7,17.8,18.5,19.1,17.1,18.1,18.3,18.3,19.0,18.34,0.63,0.18,62,64,14.8,13.95,0.0,-0.6914,-0.7225,17.7,20.0,20.0,station
2024-08-15,19.5,19.6,20.0,20.7,22.8,19.3,19.7,19.3,20.3,22.3,20.52,1.36,0.34,77,67,15.7,14.4,0.0,-0.7037,-0.7105,19.7,21.0,21.0,station
2024-08-16,13.8,14.0,14.6,14.0,17.3,13.9,14.0,16.1,14.4,16.3,14.74,1.46,-0.2,81,100,18.9,10.49,0.0,-0.7158,-0.6983,13.1,13.0,13.0,station
2024-08-17,15.4,15.2,16.2,15.7,17.2,16.0,15.5,16.5,15.6,17.1,15.94,0.8,-0.2,82,73,20.9,7.81,0.2,-0.7277,-0.6859,15.6,17.0,17.0,station
2024-08-18,15.9,14.5,15.7,15.9,16.7,16.7,14.5,15.5,15.7,16.4,15.74,0.79,-0.02,91,81,16.8,3.68,0.1,-0.7394,-0.6733,15.0,16.0,16.0,station
2024-08-19,12.6,12.4,12.4,12.4,13.8,14.6,13.0,14.7,12.1,13.9,12.72,0.61,-0.94,81,84,29.3,6.58,0.1,-0.7509,-0.6605,14.2,14.0,14.0,station
2024-08-20,11.8,10.8,13.8,11.7,13.1,11.7,11.1,13.3,11.5,13.7,12.24,1.2,-0.02,76,60,29.8,8.36,2.1,-0.7621,-0.6474,12.4,11.0,11.0,station
2024-08-21,13.0,12.2,12.5,12.0,13.4,12.6,12.6,12.2,12.6,12.4,12.62,0.58,0.14,89,100,24.8,4.57,17.8,-0.7731,-0.6342,14.1,14.0,14.0,station
2024-08-22,11.4,11.3,9.4,9.7,10.5,10.2,10.5,10.0,12.3,10.5,10.46,0.91,-0.24,79,100,24.1,4.21,0.4,-0.7839,-0.6208,11.1,11.0,11.0,station
2024-08-23,12.6,12.3,12.4,11.2,10.9,12.6,12.1,12.3,12.1,10.6,11.88,0.77,-0.06,72,42,18.7,12.99,0.1,-0.7945,-0.6073,12.5,13.0,13.0,station
2024-08-24,12.5,12.0,10.9,12.1,12.5,13.1,11.1,13.0,11.0,12.5,12.0,0.66,-0.14,73,49,13.0,14.16,0.0,-0.8048,-0.5935,13.2,14.0,14.0,station
2024-08-25,11.2,11.8,12.5,11.6,13.1,11.2,12.1,12.5,11.8,12.9,12.04,0.76,-0.06,77,43,16.6,11.69,0.0,-0.8149,-0.5796,10.8,11.0,11.0,station
2024-08-26,12.6,13.1,13.7,13.7,14.4,12.5,13.7,13.9,13.6,13.8,13.5,0.68,0.0,79,16,13.4,16.11,0.0,-0.8248,-0.5655,12.9,15.0,15.0,station
2024-08-27,17.4,18.5,17.1,17.9,18.6,16.5,17.8,17.0,17.4,18.6,17.9,0.66,0.44,81,29,11.1,16.33,0.0,-0.8344,-0.5512,17.3,19.0,19.0,station
2024-08-28,17.5,18.4,17.3,18.1,19.1,16.7,17.9,16.9,18.0,18.6,18.08,0.72,0.46,76,43,17.9,16.96,0.0,-0.8437,-0.5368,17.9,18.0,18.0,station
2024-08-29,18.0,18.7,18.0,18.0,20.5,18.2,18.2,17.9,17.7,21.4,18.64,1.08,-0.04,79,74,20.9,14.54,0.0,-0.8528,-0.5222,18.1,18.0,18.0,station
2024-08-30,12.4,11.3,12.3,12.2,13.9,11.9,11.6,10.9,11.5,14.6,12.42,0.94,0.32,86,100,27.3,3.33,20.0,-0.8617,-0.5074,13.2,13.0,13.0,station
2024-08-31,11.7,11.3,10.6,11.5,11.4,11.8,11.7,11.4,11.7,11.5,11.3,0.42,-0.32,92,100,33.6,2.06,42.6,-0.8703,-0.4925,11.8,12.0,12.0,station
2024-09-01,17.4,16.6,14.9,15.4,14.1,16.6,16.7,15.9,16.0,14.2,15.68,1.32,-0.2,79,67,32.9,10.17,0.2,-0.8786,-0.4775,15.4,16.0,16.0,station
2024-09-02,18.1,17.8,19.0,17.0,16.1,18.5,18.6,19.4,16.9,16.3,17.6,1.1,-0.34,83,46,23.4,14.21,0.0,-0.8867,-0.4623,17.5,17.0,17.0,station
2024-09-03,17.7,18.7,16.9,17.3,17.3,17.4,18.3,17.8,16.5,16.4,17.58,0.69,0.3,68,40,21.7,18.06,0.0,-0.8945,-0.447,17.6,19.0,19.0,station
2024-09-04,18.9,19.5,17.3,19.4,20.5,18.2,18.8,17.7,18.1,20.1,19.12,1.17,0.54,60,47,17.2,17.67,0.0,-0.9021,-0.4315,18.7,20.0,20.0,station
2024-09-05,15.0,16.5,15.9,15.5,15.3,14.2,16.1,15.7,15.2,16.6,15.64,0.58,0.08,61,24,20.6,18.9,0.0,-0.9094,-0.4159,15.9,18.0,18.0,station
2024-09-06,19.9,21.0,19.3,20.9,24.2,19.8,21.2,19.5,20.0,24.6,21.06,1.89,0.04,67,40,23.4,17.87,0.0,-0.9164,-0.4002,19.7,22.0,22.0,station
2024-09-07,21.9,22.6,21.2,23.0,24.1,20.5,22.4,21.5,22.7,24.1,22.56,1.1,0.32,67,34,11.7,18.65,0.0,-0.9232,-0.3844,21.5,24.0,24.0,station
2024-09-08,20.9,21.5,21.0,23.0,23.7,20.9,21.3,21.0,23.1,23.7,22.02,1.26,0.02,64,43,15.0,18.49,0.0,-0.9296,-0.3685,21.8,23.0,23.0,station
2024-09-09,17.4,17.6,20.1,18.3,21.0,16.5,17.5,20.8,20.9,24.1,18.88,1.59,-1.08,86,71,20.4,9.51,0.2,-0.9358,-0.3524,17.9,19.0,19.0,station
2024-09-10,20.1,19.1,22.6,21.4,27.0,19.8,19.3,22.3,22.5,29.3,22.04,3.07,-0.6,89,88,24.1,13.04,0.4,-0.9418,-0.3363,21.3,22.0,22.0,station
2024-09-11,16.5,17.4,17.1,18.0,20.0,18.3,17.5,17.8,19.2,19.7,17.8,1.34,-0.7,70,95,21.9,15.69,0.0,-0.9474,-0.32,18.8,19.0,19.0,station
2024-09-12,18.5,18.6,17.2,18.2,18.7,16.8,18.0,17.0,18.2,18.6,18.24,0.61,0.52,73,37,14.3,19.66,0.0,-0.9528,-0.3037,18.8,20.0,20.0,station
2024-09-13,18.8,17.2,20.3,18.8,19.2,17.7,17.2,19.8,18.6,19.6,18.86,1.11,0.28,75,53,13.9,18.36,0.0,-0.9579,-0.2873,19.6,20.0,20.0,station
2024-09-14,17.2,17.9,17.5,18.1,19.1,16.7,18.1,17.4,17.6,18.2,17.96,0.73,0.36,60,0,18.7,20.36,0.0,-0.9627,-0.2707,17.4,19.0,19.0,station
2024-09-15,17.9,18.7,18.5,19.7,19.9,17.3,18.5,18.8,19.3,20.7,18.94,0.84,0.02,64,26,17.2,18.97,0.2,-0.9672,-0.2541,18.5,21.0,21.0,station
2024-09-16,23.8,24.5,23.6,25.3,26.4,23.3,24.2,23.8,24.3,26.0,24.72,1.15,0.4,59,5,12.6,20.25,0.0,-0.9714,-0.2375,23.5,25.0,25.0,station
2024-09-17,22.0,22.5,21.7,23.7,26.2,22.6,22.5,21.5,23.6,25.1,23.22,1.83,0.16,63,94,19.9,16.23,0.0,-0.9753,-0.2207,22.9,24.0,24.0,station
2024-09-18,24.6,25.4,25.4,26.5,26.9,24.7,25.1,25.0,26.5,27.2,25.76,0.93,0.06,69,41,19.9,19.9,0.2,-0.979,-0.2039,24.6,27.0,27.0,station
2024-09-19,25.0,18.6,20.9,22.2,25.0,24.3,19.7,20.5,21.6,22.8,22.34,2.75,0.56,76,80,29.2,9.54,7.3,-0.9824,-0.187,23.0,24.0,24.0,station
2024-09-20,22.5,23.3,21.5,22.3,18.8,22.4,23.8,21.6,22.6,18.5,21.68,1.73,-0.1,61,11,15.9,21.25,0.0,-0.9854,-0.1701,22.4,23.0,23.0,station
2024-09-21,24.4,24.3,24.4,24.4,26.5,24.3,24.3,25.4,24.8,22.8,24.8,0.95,0.48,64,77,23.6,19.93,0.0,-0.9882,-0.1531,24.6,25.0,25.0,station
2024-09-22,24.5,23.1,23.8,24.1,23.7,25.2,23.3,21.6,24.5,21.4,23.84,0.52,0.64,79,83,26.4,11.64,0.6,-0.9907,-0.1361,24.9,23.0,23.0,station
2024-09-23,21.7,20.7,20.7,22.9,20.9,20.8,20.7,21.8,19.9,19.8,21.38,0.94,0.78,65,30,21.8,20.65,0.0,-0.9929,-0.1191,21.6,22.0,22.0,station
2024-09-24,20.3,19.9,20.5,21.4,21.9,20.5,20.2,20.6,21.7,21.0,20.8,0.82,0.0,50,35,26.3,21.95,0.0,-0.9948,-0.102,21.2,23.0,23.0,station
2024-09-25,21.2,20.0,22.0,20.9,22.7,21.3,19.4,20.5,20.8,23.5,21.36,1.04,0.26,75,34,25.5,17.0,0.0,-0.9964,-0.0848,21.3,22.0,22.0,station
2024-09-26,19.5,19.3,20.0,19.8,20.9,19.2,19.0,16.3,20.1,22.0,19.9,0.62,0.58,63,6,19.1,22.46,0.0,-0.9977,-0.0677,19.6,21.0,21.0,station
2024-09-27,20.2,20.7,21.5,20.3,21.7,20.4,20.3,22.8,19.6,23.0,20.88,0.69,-0.34,75,11,14.2,22.65,0.0,-0.9987,-0.0505,20.1,21.0,21.0,station
2024-09-28,24.9,25.4,25.4,25.3,27.4,24.6,25.4,25.8,24.9,27.3,25.68,0.98,0.08,68,34,18.8,22.2,0.0,-0.9994,-0.0333,24.5,26.0,26.0,station
2024-09-29,26.3,25.9,27.9,26.1,29.3,26.1,26.5,27.2,26.4,28.6,27.1,1.46,0.14,72,39,17.0,22.55,0.0,-0.9999,-0.0161,26.3,28.0,28.0,station
2024-09-30,29.8,25.1,29.9,28.5,30.8,28.4,26.2,26.0,28.8,31.8,28.82,2.24,0.58,80,78,28.8,16.45,7.0,-1.0,0.0011,30.1,30.0,30.0,station
2024-10-01,21.6,20.7,21.8,22.6,22.4,22.3,20.5,22.2,21.1,20.0,21.82,0.75,0.6,64,11,26.0,22.93,0.0,-0.9998,0.0183,21.6,20.0,20.0,station
2024-10-02,18.6,18.4,19.3,18.7,19.4,19.0,19.9,19.3,19.2,18.7,18.88,0.44,-0.34,53,34,20.0,23.62,0.0,-0.9994,0.0355,18.3,19.0,19.0,station
2024-10-03,18.7,19.4,21.3,19.1,19.5,18.8,19.0,21.5,21.2,20.4,19.6,1.0,-0.58,60,1,14.7,23.66,0.0,-0.9986,0.0527,19.0,21.0,21.0,station
2024-10-04,21.3,22.0,22.2,20.9,22.0,20.9,22.4,22.1,21.0,22.1,21.68,0.55,-0.02,59,33,22.2,23.54,0.0,-0.9976,0.0698,21.3,22.0,22.0,station
2024-10-05,24.1,24.9,26.6,26.0,26.7,23.7,25.4,26.8,25.8,26.4,25.66,1.13,0.04,65,18,16.6,23.94,0.0,-0.9962,0.087,25.2,27.0,27.0,station
2024-10-06,21.9,20.6,22.9,22.7,22.6,21.8,21.0,23.2,22.8,22.7,22.14,0.94,-0.16,73,93,23.7,21.38,0.0,-0.9946,0.1041,22.3,24.0,24.0,station
2024-10-07,21.0,18.6,19.2,19.5,23.0,19.9,17.3,20.1,18.9,21.0,20.26,1.77,0.82,77,100,20.9,7.88,0.4,-0.9926,0.1212,20.1,21.0,21.0,station
2024-10-08,23.7,20.2,24.9,20.3,25.5,22.7,19.3,24.4,19.9,26.2,22.92,2.52,0.42,80,85,23.0,15.82,0.1,-0.9904,0.1383,20.6,19.0,19.0,station
2024-10-09,20.4,19.2,21.4,20.1,20.8,20.2,18.9,21.9,20.1,21.3,20.38,0.82,-0.1,69,89,23.9,20.8,0.7,-0.9879,0.1553,20.6,21.0,21.0,station
2024-10-10,21.3,20.6,23.4,21.3,22.6,21.4,20.8,23.4,21.4,20.2,21.84,1.13,0.4,76,86,14.0,15.14,0.6,-0.9851,0.1722,20.9,23.0,23.0,station
2024-10-11,28.0,27.0,28.2,27.1,29.5,27.5,26.5,28.7,26.6,29.6,27.96,1.01,0.18,69,28,19.9,23.93,0.0,-0.9819,0.1892,28.2,29.0,29.0,station
2024-10-12,22.8,21.7,23.0,24.2,24.8,22.8,20.6,20.4,24.6,21.3,23.3,1.22,1.36,68,89,18.5,18.8,11.1,-0.9785,0.206,23.2,24.0,24.0,station
2024-10-13,21.6,18.2,17.3,18.9,21.9,21.7,16.7,16.2,18.0,21.7,19.58,2.06,0.72,85,91,12.5,11.51,1.1,-0.9749,0.2228,20.9,21.0,21.0,station
2024-10-14,21.4,19.5,23.4,22.6,20.5,20.1,18.7,20.2,19.8,21.8,21.48,1.57,1.36,86,94,22.2,9.7,1.8,-0.9709,0.2396,20.8,21.0,21.0,station
2024-10-15,25.7,23.9,27.1,25.1,26.7,25.7,24.2,27.5,25.4,25.9,25.7,1.28,-0.04,77,52,17.8,21.46,0.2,-0.9666,0.2562,25.0,27.0,27.0,station
2024-10-16,22.7,22.8,27.3,24.2,25.0,22.6,22.7,28.1,25.8,25.8,24.4,1.89,-0.6,82,28,16.9,24.45,0.0,-0.9621,0.2728,24.9,26.0,26.0,station
2024-10-17,26.1,23.9,28.9,25.3,29.3,25.4,23.0,27.8,23.4,26.1,26.7,2.33,1.56,79,84,16.1,19.75,0.0,-0.9572,0.2893,26.4,25.0,25.0,station
2024-10-18,25.5,26.4,29.4,26.6,28.4,26.1,26.8,30.1,26.7,27.7,27.26,1.59,-0.22,71,26,16.2,26.45,0.0,-0.9521,0.3057,25.9,27.0,27.0,station
2024-10-19,27.3,27.6,31.0,28.1,29.2,28.1,27.9,31.5,27.8,29.7,28.64,1.5,-0.36,69,27,17.1,26.36,0.0,-0.9467,0.3221,27.5,28.0,28.0,station
2024-10-20,28.4,28.3,30.4,29.3,30.5,28.0,27.9,30.6,29.1,29.6,29.38,1.05,0.34,66,60,26.3,25.99,0.0,-0.941,0.3383,29.5,31.0,31.0,station
2024-10-21,31.6,32.3,33.6,32.6,32.5,30.2,31.1,35.0,32.5,31.9,32.52,0.72,0.38,67,15,22.1,23.44,0.3,-0.9351,0.3545,31.0,34.0,34.0,station
2024-10-22,26.3,24.7,31.6,23.1,28.4,23.6,25.2,31.4,27.3,26.7,26.82,3.31,-0.02,63,72,23.9,21.05,0.0,-0.9288,0.3705,28.6,29.0,29.0,station
2024-10-23,22.7,19.8,25.6,21.9,21.6,23.1,19.4,26.4,21.0,20.8,22.32,2.12,0.18,83,99,27.0,6.44,24.4,-0.9223,0.3864,22.5,22.0,22.0,station
2024-10-24,21.3,19.2,15.7,21.4,20.7,21.2,19.8,17.8,21.0,18.7,19.66,2.38,-0.04,88,77,26.9,8.54,5.2,-0.9155,0.4022,19.3,19.0,19.0,station
2024-10-25,18.8,16.9,19.7,16.6,17.2,21.8,18.4,21.6,18.1,17.5,17.84,1.34,-1.64,79,32,27.7,17.93,3.9,-0.9085,0.4179,19.0,19.0,19.0,station
2024-10-26,23.0,24.0,22.5,23.1,22.6,23.3,23.8,23.2,22.8,21.6,23.04,0.59,0.1,64,0,24.7,28.15,0.0,-0.9012,0.4335,23.0,25.0,25.0,station
2024-10-27,25.2,26.3,25.7,26.5,26.6,24.3,26.8,26.2,25.8,26.4,26.06,0.59,0.16,65,34,15.8,27.09,0.0,-0.8936,0.4489,25.5,28.0,28.0,station
2024-10-28,27.4,28.6,29.1,28.9,30.5,26.8,28.6,29.2,28.8,30.1,28.9,1.11,0.2,63,0,17.5,27.96,0.0,-0.8857,0.4642,27.6,31.0,31.0,station
2024-10-29,28.8,29.8,32.1,32.4,33.1,27.9,30.0,31.9,30.3,32.9,31.24,1.84,0.64,66,1,13.7,27.85,0.0,-0.8776,0.4794,29.2,32.0,32.0,station
2024-10-30,27.7,28.8,31.0,30.9,31.1,27.4,29.4,31.0,31.7,32.5,29.9,1.56,-0.5,66,29,18.3,28.23,0.0,-0.8692,0.4944,28.2,31.0,31.0,station
2024-10-31,27.2,26.6,29.1,27.9,28.8,26.9,26.6,29.8,28.5,29.5,27.92,1.05,-0.34,73,56,21.3,28.13,0.0,-0.8606,0.5093,27.3,28.0,28.0,station
2024-11-01,28.5,25.9,35.0,31.9,32.4,29.4,28.4,33.9,32.2,33.9,30.74,3.56,-0.82,74,35,18.1,26.94,0.0,-0.8517,0.524,31.1,32.0,32.0,station
2024-11-02,26.0,23.2,24.0,23.6,24.0,25.5,22.4,22.6,22.9,22.5,24.16,1.08,0.98,81,66,29.2,14.19,13.8,-0.8426,0.5386,24.7,25.0,25.0,station
2024-11-03,23.1,22.7,25.9,24.4,23.6,23.4,22.1,25.2,23.3,22.4,23.94,1.27,0.66,76,35,28.0,28.92,0.0,-0.8332,0.553,23.5,26.0,26.0,station
2024-11-04,22.7,22.3,20.9,23.0,23.6,21.9,21.5,19.6,22.9,20.2,22.5,1.01,1.28,82,83,20.9,10.81,69.6,-0.8235,0.5672,24.1,22.0,22.0,station
2024-11-05,24.0,24.7,28.1,24.5,24.5,24.2,24.8,25.8,24.2,23.0,25.16,1.66,0.76,67,9,19.0,29.4,0.0,-0.8137,0.5813,24.7,25.0,25.0,station
2024-11-06,23.3,24.0,27.5,25.3,25.8,24.0,24.6,28.2,24.8,26.1,25.18,1.64,-0.36,62,44,15.8,29.39,0.2,-0.8035,0.5952,24.8,27.0,27.0,station
2024-11-07,22.8,21.2,25.0,21.9,25.0,21.8,21.3,25.3,21.7,25.4,23.18,1.76,0.08,68,48,26.7,23.81,0.0,-0.7932,0.609,22.9,24.0,24.0,station
2024-11-08,22.7,23.3,26.4,24.0,24.7,22.5,23.3,26.4,23.7,24.8,24.22,1.43,0.08,72,53,17.1,25.5,0.0,-0.7826,0.6225,24.4,26.0,26.0,station
2024-11-09,26.5,27.0,31.1,27.4,28.4,26.3,26.9,30.5,27.6,28.5,28.08,1.83,0.12,69,7,16.7,29.46,0.0,-0.7718,0.6359,26.4,29.0,29.0,station
2024-11-10,29.2,28.0,33.1,30.1,29.8,28.7,27.1,33.8,30.0,28.5,30.04,1.89,0.42,66,56,34.0,26.28,5.3,-0.7607,0.6491,28.7,31.0,31.0,station
2024-11-11,22.1,22.4,25.0,23.7,22.2,23.6,23.0,25.7,24.7,22.3,23.08,1.25,-0.78,54,53,37.6,26.51,3.3,-0.7494,0.6621,22.4,22.0,22.0,station
2024-11-12,23.3,23.4,26.4,22.1,24.7,22.9,23.6,27.0,24.8,24.4,23.98,1.64,-0.56,60,39,20.6,23.7,0.0,-0.7379,0.6749,22.9,24.0,24.0,station
2024-11-13,26.5,25.8,29.5,25.3,27.4,24.9,26.1,28.6,25.5,27.4,26.9,1.65,0.4,59,11,11.9,29.99,0.0,-0.7262,0.6875,25.4,28.0,28.0,station
2024-11-14,30.4,29.2,32.9,29.2,30.4,30.0,28.5,35.5,28.2,29.5,30.42,1.51,0.08,53,24,11.2,29.94,0.0,-0.7143,0.6998,30.1,31.0,31.0,station
2024-11-15,32.9,31.1,34.0,32.0,32.0,33.1,31.1,34.2,32.2,32.4,32.4,1.1,-0.2,49,8,15.4,30.2,0.0,-0.7021,0.712,32.0,31.0,31.0,station
2024-11-16,35.2,32.1,36.5,34.1,33.8,34.9,31.6,35.7,33.7,34.3,34.34,1.64,0.3,55,38,16.2,26.87,0.0,-0.6898,0.724,33.3,35.0,35.0,station
2024-11-17,20.0,20.4,19.1,19.1,22.1,22.4,20.3,20.7,19.4,23.7,20.14,1.23,-1.16,80,71,28.9,13.41,27.5,-0.6772,0.7358,21.1,21.0,21.0,station
2024-11-18,23.2,22.2,27.6,21.5,24.6,23.0,22.3,27.8,22.2,24.7,23.82,2.41,-0.18,68,22,14.5,29.46,0.0,-0.6645,0.7473,23.8,25.0,25.0,station
2024-11-19,22.1,21.7,24.9,22.1,23.3,23.3,21.2,26.0,22.9,22.6,22.82,1.31,-0.38,70,61,15.3,23.17,0.0,-0.6515,0.7586,22.8,24.0,24.0,station
2024-11-20,24.7,24.2,28.0,24.5,25.1,24.5,24.1,27.5,24.0,25.0,25.3,1.54,0.28,64,27,16.9,30.87,0.7,-0.6384,0.7697,25.7,26.0,26.0,station
2024-11-21,24.7,23.7,26.1,24.5,25.3,24.7,23.6,27.2,23.9,24.4,24.86,0.9,0.1,66,50,14.7,23.44,0.0,-0.625,0.7806,25.6,27.0,27.0,station
2024-11-22,27.8,25.8,29.4,27.1,27.0,26.8,25.3,29.7,26.6,27.4,27.42,1.32,0.26,65,13,16.9,28.7,0.0,-0.6115,0.7912,27.7,28.0,28.0,station
2024-11-23,28.8,27.7,31.6,28.1,29.0,28.4,27.2,31.6,28.4,29.2,29.04,1.52,0.08,64,11,14.1,28.97,0.0,-0.5978,0.8016,28.0,29.0,29.0,station
2024-11-24,32.4,29.3,35.1,30.9,31.9,32.1,29.4,35.1,31.5,31.8,31.92,2.14,-0.06,64,40,16.6,27.96,2.8,-0.584,0.8118,33.2,34.0,34.0,station
2024-11-25,28.3,27.2,33.1,29.8,27.3,28.6,27.6,35.1,30.2,26.8,29.14,2.45,-0.52,81,64,18.8,21.67,14.0,-0.5699,0.8217,29.2,29.0,29.0,station
2024-11-26,28.2,26.3,27.9,26.8,27.2,26.1,24.8,30.9,28.1,25.4,27.28,0.78,0.22,82,76,16.0,17.52,6.3,-0.5557,0.8314,26.9,30.0,30.0,station
2024-11-27,26.3,23.6,27.8,25.2,24.0,26.6,23.2,28.4,26.2,27.7,25.38,1.72,-1.04,89,59,16.7,10.16,20.6,-0.5413,0.8408,24.8,28.0,28.0,station
2024-11-28,26.0,24.7,25.9,25.6,26.3,25.6,23.8,28.4,25.9,23.5,25.7,0.61,0.26,77,46,21.0,25.66,0.4,-0.5268,0.85,27.1,27.0,27.0,station
2024-11-29,26.1,26.1,29.4,26.5,25.7,26.4,26.6,29.3,26.9,27.3,26.76,1.5,-0.54,69,20,16.6,30.15,8.4,-0.5121,0.859,26.3,28.0,28.0,station
2024-11-30,24.3,24.8,26.3,24.8,26.0,24.5,24.2,26.6,25.2,26.4,25.24,0.86,-0.14,67,31,17.3,29.07,0.7,-0.4972,0.8676,25.9,26.0,26.0,station
2024-12-01,21.8,19.5,20.0,21.3,20.4,20.7,20.1,20.3,20.1,19.7,20.6,0.94,0.42,75,59,28.6,15.07,24.3,-0.4822,0.8761,22.8,23.0,23.0,station
2024-12-02,21.2,20.9,22.3,20.2,19.2,21.0,21.1,21.5,21.1,18.8,20.76,1.15,0.06,55,20,22.3,28.47,0.0,-0.4671,0.8842,21.1,22.0,22.0,station
2024-12-03,21.6,22.0,22.4,21.4,22.9,21.6,22.4,22.9,20.9,21.1,22.06,0.61,0.28,57,1,14.7,32.7,0.0,-0.4518,0.8921,21.4,23.0,23.0,station
2024-12-04,26.6,26.4,28.6,27.0,27.5,26.1,26.2,29.4,25.9,26.8,27.22,0.88,0.34,51,4,15.5,32.03,0.0,-0.4364,0.8998,26.4,28.0,28.0,station
2024-12-05,31.9,30.2,33.4,31.7,32.0,31.2,29.6,32.8,31.4,32.1,31.84,1.14,0.42,52,22,14.8,31.51,1.1,-0.4208,0.9071,32.1,32.0,32.0,station
2024-12-06,28.9,26.4,30.6,29.2,27.7,29.0,26.5,29.4,29.6,28.7,28.56,1.59,-0.08,62,35,17.4,27.13,0.4,-0.4052,0.9142,26.4,28.0,28.0,station
2024-12-07,20.6,19.7,22.4,19.9,21.3,20.9,19.7,22.8,20.4,21.0,20.78,1.1,-0.18,60,24,17.2,28.68,0.1,-0.3894,0.9211,20.4,21.0,21.0,station
2024-12-08,22.3,21.6,25.7,22.2,23.1,22.7,21.8,26.3,23.0,23.3,22.98,1.61,-0.44,60,0,13.5,32.96,0.0,-0.3735,0.9276,21.4,23.0,23.0,station
2024-12-09,24.3,23.9,27.0,25.0,25.1,25.2,24.3,28.4,24.5,25.1,25.06,1.19,-0.44,60,42,10.9,29.53,0.9,-0.3575,0.9339,24.3,26.0,26.0,station
2024-12-10,29.6,28.2,31.6,28.9,29.0,28.6,28.2,32.5,29.0,29.4,29.46,1.3,-0.08,54,6,13.3,30.5,0.0,-0.3413,0.9399,29.9,31.0,31.0,station
2024-12-11,29.6,28.7,31.3,29.5,30.1,29.0,28.2,31.6,29.3,30.0,29.84,0.96,0.22,54,4,16.6,31.55,0.0,-0.3251,0.9457,29.7,30.0,30.0,station
2024-12-12,32.4,30.8,33.7,31.8,33.0,32.4,30.6,32.8,31.6,33.1,32.34,1.11,0.24,60,44,18.8,27.21,1.3,-0.3088,0.9511,31.8,32.0,32.0,station
2024-12-13,23.6,25.9,31.4,27.2,24.3,26.9,25.4,29.1,24.7,25.9,26.48,3.09,0.08,79,60,15.9,22.2,2.2,-0.2924,0.9563,26.9,27.0,27.0,station
2024-12-14,28.1,27.2,32.3,29.2,29.0,26.3,27.4,33.3,28.5,28.5,29.16,1.93,0.36,74,32,21.2,27.4,0.0,-0.2759,0.9612,27.2,29.0,29.0,station
2024-12-15,26.7,26.3,30.0,27.0,27.5,26.3,25.7,30.2,27.7,27.7,27.5,1.46,-0.02,64,44,16.6,29.43,0.0,-0.2593,0.9658,26.2,28.0,28.0,station
2024-12-16,27.1,25.7,30.7,26.7,27.5,28.1,26.1,30.9,28.2,27.5,27.54,1.89,-0.62,67,3,13.9,32.96,0.0,-0.2427,0.9701,26.6,27.0,27.0,station
2024-12-17,28.4,26.5,30.5,27.7,27.8,28.8,26.9,30.4,28.5,28.2,28.18,1.47,-0.38,66,40,14.9,28.59,0.0,-0.226,0.9741,28.4,28.0,28.0,station
2024-12-18,29.9,27.1,32.5,29.2,29.5,29.1,27.1,34.0,28.9,29.6,29.64,1.93,-0.1,57,73,13.8,26.24,0.0,-0.2092,0.9779,29.1,30.0,30.0,station
2024-12-19,30.5,28.7,29.9,28.2,27.4,32.0,28.5,31.5,26.7,27.1,28.94,1.26,-0.22,67,72,11.3,25.59,2.0,-0.1923,0.9813,28.5,30.0,30.0,station
2024-12-20,28.6,24.8,31.6,31.5,29.3,30.1,25.3,32.3,30.1,29.0,29.16,2.77,-0.2,53,40,22.3,22.04,0.3,-0.1754,0.9845,29.5,30.0,30.0,station
2024-12-21,24.1,23.0,27.9,24.2,25.2,25.1,21.8,27.0,25.4,25.9,24.88,1.86,-0.16,46,66,16.7,22.56,0.0,-0.1585,0.9874,24.0,25.0,25.0,station
2024-12-22,28.3,26.8,31.8,26.8,27.7,29.7,26.8,32.6,27.9,30.4,28.28,2.07,-1.2,50,8,14.5,31.41,0.0,-0.1414,0.9899,27.7,28.0,28.0,station
2024-12-23,30.6,28.8,34.2,30.3,29.2,30.8,29.2,33.9,29.7,28.8,30.62,2.14,0.14,41,54,15.4,27.15,0.1,-0.1244,0.9922,31.6,32.0,32.0,station
2024-12-24,26.9,25.5,30.6,25.1,25.5,26.4,24.9,31.2,24.0,26.0,26.72,2.27,0.22,70,54,18.0,26.28,2.8,-0.1073,0.9942,25.2,25.0,25.0,station
2024-12-25,21.9,22.3,29.0,22.5,26.3,26.5,23.8,30.1,24.0,26.2,24.4,3.12,-1.72,70,61,17.5,17.82,0.0,-0.0902,0.9959,21.4,21.0,21.0,station
2024-12-26,23.8,23.6,29.8,25.0,27.3,25.3,23.8,30.4,23.3,26.9,25.9,2.63,-0.04,69,59,16.1,20.13,0.1,-0.073,0.9973,24.4,28.0,28.0,station
2024-12-27,27.1,25.9,32.7,27.0,28.1,26.9,26.2,33.8,26.6,29.3,28.16,2.65,-0.4,68,1,11.9,32.35,0.0,-0.0559,0.9984,26.6,29.0,29.0,station
2024-12-28,28.9,27.5,32.6,29.0,29.1,29.0,26.7,33.1,27.4,28.7,29.42,1.89,0.44,68,13,15.1,32.4,0.0,-0.0387,0.9993,28.7,30.0,30.0,station
2024-12-29,28.4,25.8,31.6,26.3,27.6,28.5,26.3,32.5,27.9,27.0,27.94,2.29,-0.5,64,38,12.9,31.08,0.0,-0.0215,0.9998,28.3,29.0,29.0,station
2024-12-30,31.0,28.2,32.4,29.0,29.2,30.3,27.5,34.2,29.1,29.0,29.96,1.71,-0.06,63,41,15.8,27.13,0.0,-0.0043,1.0,30.4,30.0,30.0,station
2024-12-31,31.8,29.4,35.0,30.8,30.8,31.8,29.1,34.6,29.6,30.6,31.56,2.1,0.42,57,62,15.7,27.33,0.0,0.0129,0.9999,31.2,,,
2025-01-01,31.2,30.9,36.5,32.1,31.6,31.7,29.7,33.3,34.0,32.6,32.46,2.3,0.2,69,49,15.1,26.21,24.9,0.0172,0.9999,33.8,37.0,37.0,station
2025-01-02,30.3,29.1,34.2,30.7,25.9,29.6,29.7,34.4,31.8,30.8,30.04,2.99,-1.22,59,12,26.8,31.29,0.0,0.0344,0.9994,29.7,32.0,32.0,station
2025-01-03,27.4,27.3,32.6,26.9,28.3,27.8,27.1,32.1,27.5,26.0,28.5,2.35,0.4,55,7,18.4,31.51,0.0,0.0516,0.9987,26.8,29.0,29.0,station
2025-01-04,28.7,26.8,32.7,27.0,28.5,29.1,27.0,32.8,28.4,29.7,28.74,2.37,-0.66,65,10,12.8,32.06,0.0,0.0688,0.9976,26.1,29.0,29.0,station
2025-01-05,28.5,25.4,32.0,27.6,27.9,28.5,25.9,32.4,27.4,28.4,28.28,2.39,-0.24,64,29,12.0,32.0,0.0,0.0859,0.9963,27.5,30.0,30.0,station
2025-01-06,29.1,26.1,32.8,27.8,27.2,29.4,26.8,33.0,28.3,27.4,28.6,2.59,-0.38,62,38,13.5,31.38,0.0,0.103,0.9947,28.8,28.0,28.0,station
2025-01-07,31.7,28.8,33.8,30.8,27.5,29.8,28.6,32.7,30.8,29.2,30.52,2.47,0.3,60,17,12.8,29.8,0.0,0.1201,0.9928,30.8,30.0,30.0,station
2025-01-08,32.0,29.9,34.9,31.9,30.3,32.7,29.9,35.4,32.8,31.3,31.8,1.97,-0.62,55,12,12.3,32.19,0.0,0.1372,0.9905,31.5,32.0,32.0,station
2025-01-09,32.5,30.3,35.7,32.4,31.1,32.6,30.2,36.1,33.1,31.3,32.4,2.06,-0.26,49,34,12.1,32.17,0.0,0.1542,0.988,32.5,32.0,32.0,station
2025-01-10,33.3,30.4,35.8,32.9,31.2,33.3,29.3,34.5,33.4,31.4,32.72,2.09,0.34,55,44,14.0,29.06,0.0,0.1712,0.9852,32.5,32.0,32.0,station
2025-01-11,30.6,28.9,32.5,30.3,29.6,31.5,28.9,33.3,30.3,28.9,30.38,1.36,-0.2,60,24,14.3,29.94,0.0,0.1881,0.9821,31.5,31.0,31.0,station
2025-01-12,31.4,29.1,33.6,31.2,29.9,31.7,29.4,34.7,30.4,29.1,31.04,1.72,-0.02,58,3,13.8,30.72,0.0,0.205,0.9788,30.9,31.0,31.0,station
2025-01-13,33.1,30.6,35.3,32.8,32.6,33.7,30.3,37.0,33.5,32.4,32.88,1.67,-0.5,49,6,13.0,31.18,0.0,0.2218,0.9751,32.6,34.0,34.0,station
2025-01-14,33.8,31.6,35.9,33.1,32.5,33.7,30.9,37.6,33.9,33.2,33.38,1.62,-0.48,49,22,12.9,31.49,0.0,0.2385,0.9711,33.1,34.0,34.0,station
2025-01-15,35.6,33.3,38.8,34.8,33.8,35.8,33.0,40.4,35.2,34.4,35.26,2.17,-0.5,45,0,12.9,31.01,0.0,0.2552,0.9669,34.9,36.0,36.0,station
2025-01-16,37.8,34.4,40.0,36.7,35.5,37.2,34.6,41.2,37.3,35.9,36.88,2.16,-0.36,50,36,13.0,25.73,0.6,0.2718,0.9624,36.3,37.0,37.0,station
2025-01-17,32.5,29.5,38.1,31.8,33.2,34.0,29.9,39.5,33.4,34.1,33.02,3.16,-1.16,60,71,19.0,26.09,1.7,0.2883,0.9575,33.8,35.0,35.0,station
2025-01-18,31.3,25.8,33.9,29.2,31.4,30.4,26.7,31.2,24.8,23.8,30.32,3.03,2.94,68,93,20.3,21.59,3.4,0.3047,0.9524,30.1,30.0,30.0,station
2025-01-19,25.0,23.3,28.9,25.6,28.4,22.8,23.4,28.0,25.9,26.6,26.24,2.36,0.9,85,94,20.9,11.56,18.7,0.3211,0.9471,26.6,27.0,27.0,station
2025-01-20,27.0,25.6,27.9,27.4,28.9,28.3,26.1,31.0,28.4,28.4,27.36,1.21,-1.08,72,52,18.5,30.14,2.6,0.3373,0.9414,26.8,29.0,29.0,station
2025-01-21,27.9,27.7,29.7,29.9,30.4,28.1,27.8,31.0,29.7,30.9,29.12,1.23,-0.38,69,13,10.4,29.85,0.0,0.3534,0.9355,28.4,32.0,32.0,station
2025-01-22,32.9,32.7,36.9,34.2,34.1,32.0,32.1,37.0,34.6,33.7,34.16,1.68,0.28,59,18,11.2,27.94,0.0,0.3695,0.9292,33.3,36.0,36.0,station
2025-01-23,34.8,32.5,37.0,36.0,35.8,33.6,32.1,37.6,34.0,35.0,35.22,1.71,0.76,58,36,15.3,27.43,0.0,0.3854,0.9227,35.0,37.0,37.0,station
2025-01-24,32.9,31.5,37.5,32.6,34.1,32.2,29.4,37.8,33.4,35.1,33.72,2.31,0.14,66,52,13.7,25.88,0.0,0.4012,0.916,31.0,33.0,33.0,station
2025-01-25,33.0,30.8,34.7,32.5,31.4,33.0,31.2,34.5,32.9,31.3,32.48,1.52,-0.1,53,15,13.3,30.89,0.0,0.4169,0.9089,32.6,33.0,33.0,station
2025-01-26,33.4,31.6,35.3,32.9,31.8,32.9,32.1,36.7,32.2,32.3,33.0,1.49,-0.24,37,38,16.7,31.27,0.0,0.4325,0.9016,33.2,33.0,33.0,station
2025-01-27,28.0,27.2,33.4,29.8,31.1,28.4,26.6,30.8,34.3,30.3,29.9,2.48,-0.18,67,37,18.4,22.1,8.0,0.4479,0.8941,29.9,32.0,32.0,station
2025-01-28,30.6,29.5,34.6,32.9,31.1,28.7,28.8,35.2,30.7,31.5,31.74,2.02,0.76,73,85,15.4,24.91,0.1,0.4633,0.8862,30.0,33.0,33.0,station
2025-01-29,30.5,29.8,35.1,32.0,30.3,32.3,29.6,35.0,32.9,31.3,31.54,2.15,-0.68,75,42,14.9,26.3,1.4,0.4784,0.8781,30.3,33.0,33.0,station
2025-01-30,29.9,29.3,32.5,31.0,29.5,30.5,28.7,33.6,30.6,29.6,30.44,1.33,-0.16,68,4,14.0,29.12,0.0,0.4935,0.8698,29.4,32.0,32.0,station
2025-01-31,31.2,29.4,34.5,31.6,31.1,31.9,29.5,35.1,32.0,31.4,31.56,1.85,-0.42,63,6,13.3,28.02,0.0,0.5084,0.8611,30.6,31.0,31.0,station
2025-02-01,34.5,31.7,36.9,34.2,32.8,36.5,31.5,39.5,35.6,34.2,34.02,1.96,-1.44,63,6,12.8,28.26,0.0,0.5231,0.8523,32.9,34.0,34.0,station
2025-02-02,36.2,33.6,37.9,35.3,34.8,35.9,32.5,39.7,35.8,34.7,35.56,1.61,-0.16,51,6,11.3,29.12,0.0,0.5377,0.8432,35.9,37.0,37.0,station
2025-02-03,38.8,34.9,41.3,37.6,36.0,38.2,34.0,42.7,38.0,36.8,37.72,2.5,-0.22,47,69,14.7,24.39,0.0,0.5521,0.8338,37.8,39.0,39.0,station
2025-02-04,32.4,26.4,38.2,32.1,30.6,32.0,26.0,38.6,29.0,31.4,31.94,4.24,0.54,73,78,17.1,17.9,7.3,0.5664,0.8242,31.1,31.0,31.0,station
2025-02-05,24.6,23.8,23.5,23.9,24.4,24.9,23.0,24.0,24.3,22.4,24.04,0.45,0.32,90,75,15.8,7.78,44.6,0.5805,0.8143,25.5,24.0,24.0,station
2025-02-06,29.3,27.6,29.5,28.7,28.9,28.8,28.0,31.3,30.5,29.6,28.8,0.74,-0.84,77,2,10.8,29.12,0.0,0.5944,0.8042,28.4,32.0,32.0,station
2025-02-07,29.6,30.4,31.8,31.1,30.1,29.2,30.0,33.0,31.0,28.7,30.6,0.86,0.22,67,0,13.8,29.52,0.0,0.6081,0.7938,30.0,33.0,33.0,station
2025-02-08,33.5,33.1,36.1,35.5,35.0,33.2,32.7,37.7,34.1,34.4,34.64,1.29,0.22,66,21,17.0,26.88,0.0,0.6217,0.7833,33.4,34.0,34.0,station
2025-02-09,30.1,27.5,32.1,30.0,28.1,30.1,26.4,32.4,29.3,30.8,29.56,1.82,-0.24,70,56,18.6,25.73,0.0,0.6351,0.7725,32.5,30.0,30.0,station
2025-02-10,37.9,35.3,42.5,38.8,35.6,38.0,34.7,41.7,39.8,38.1,38.02,2.91,-0.44,64,22,20.8,28.0,0.0,0.6483,0.7614,36.5,39.0,39.0,station
2025-02-11,29.9,26.9,29.7,27.5,26.3,30.4,27.2,28.6,27.8,26.0,28.06,1.65,0.06,82,84,22.0,9.05,20.7,0.6613,0.7502,27.6,28.0,28.0,station
2025-02-12,27.0,25.5,27.6,26.3,26.3,27.0,25.1,29.1,26.5,26.0,26.54,0.8,-0.2,74,69,16.1,21.42,0.0,0.6741,0.7387,26.9,28.0,28.0,station
2025-02-13,29.0,28.6,31.0,28.4,28.7,28.4,28.2,32.0,28.3,29.0,29.14,1.06,-0.04,61,0,10.4,28.69,0.0,0.6867,0.727,29.0,31.0,31.0,station
2025-02-14,27.4,24.5,29.9,28.6,28.3,28.4,24.8,29.7,27.8,28.8,27.74,2.02,-0.16,69,54,18.7,16.81,13.1,0.6991,0.715,28.0,28.0,28.0,station
2025-02-15,27.4,25.6,31.3,28.6,31.5,28.2,26.2,31.7,28.6,26.5,28.88,2.54,0.64,76,65,11.5,18.15,0.3,0.7113,0.7029,27.2,30.0,30.0,station
2025-02-16,28.6,26.5,31.2,31.3,30.3,29.5,26.1,30.6,30.6,33.5,29.58,2.03,-0.48,79,72,10.5,16.78,2.7,0.7233,0.6906,28.7,30.0,30.0,station
2025-02-17,29.5,28.8,32.0,30.2,30.8,29.6,29.7,33.2,30.4,30.6,30.26,1.23,-0.44,68,7,22.4,28.16,0.1,0.735,0.678,28.5,31.0,31.0,station
2025-02-18,22.9,20.7,24.8,22.7,23.2,22.3,21.3,25.8,22.6,21.7,22.86,1.46,0.12,59,20,15.7,27.27,0.0,0.7466,0.6653,21.6,24.0,24.0,station
2025-02-19,29.9,28.9,31.5,28.6,29.6,29.0,27.6,32.1,27.6,26.8,29.7,1.13,1.08,60,3,10.2,27.64,0.0,0.7579,0.6523,28.2,30.0,30.0,station
2025-02-20,33.0,31.6,35.3,32.8,34.0,33.3,31.7,34.4,31.9,33.2,33.34,1.39,0.44,63,10,11.7,25.64,0.1,0.769,0.6392,32.5,33.0,33.0,station
2025-02-21,32.9,33.7,37.9,35.1,35.2,33.8,33.8,38.2,33.5,35.0,34.96,1.91,0.1,72,30,12.3,22.68,3.4,0.7799,0.6259,32.5,37.0,37.0,station
2025-02-22,33.3,34.2,38.3,33.0,34.2,33.5,33.3,40.1,34.5,34.9,34.6,2.14,-0.66,73,38,12.0,22.98,0.0,0.7906,0.6124,33.7,33.0,33.0,station
2025-02-23,35.7,32.5,41.0,34.5,29.2,34.1,29.8,42.1,35.0,36.9,34.58,4.35,-1.0,76,71,12.7,14.57,0.4,0.801,0.5987,30.0,32.0,32.0,station
2025-02-24,31.7,27.1,37.9,27.5,28.2,33.8,26.2,32.1,26.3,29.1,30.48,4.53,0.98,87,95,15.4,6.52,13.1,0.8112,0.5848,27.6,29.0,29.0,station
2025-02-25,28.8,27.9,30.7,28.2,24.7,30.3,27.4,25.0,28.4,24.9,28.06,2.17,0.86,86,90,10.5,9.29,0.2,0.8211,0.5708,26.2,27.0,27.0,station
2025-02-26,26.2,24.7,25.6,23.8,24.2,25.7,24.5,23.0,24.7,23.5,24.9,0.99,0.62,80,60,20.3,16.31,2.5,0.8308,0.5566,27.4,29.0,29.0,station
2025-02-27,27.8,27.6,30.7,26.0,24.8,27.1,28.2,28.6,26.2,25.0,27.38,2.23,0.36,78,97,19.2,15.79,0.4,0.8402,0.5422,28.3,29.0,29.0,station
2025-02-28,30.4,28.6,32.4,27.9,31.4,28.4,29.4,32.1,26.9,24.0,30.14,1.88,1.98,89,89,18.3,9.91,21.0,0.8495,0.5277,27.7,27.0,27.0,station
2025-03-01,29.7,26.7,31.3,28.9,26.7,30.8,27.3,28.9,30.3,25.7,28.66,1.99,0.06,81,77,17.1,21.7,6.0,0.8584,0.513,29.1,29.0,29.0,station
2025-03-02,24.6,23.9,23.5,23.9,22.7,24.1,24.6,25.8,25.3,23.7,23.72,0.69,-0.98,90,100,18.2,9.84,10.8,0.8671,0.4981,25.9,27.0,27.0,station
2025-03-03,26.3,23.7,25.0,28.7,26.2,29.9,24.0,30.3,26.7,27.4,25.98,1.85,-1.68,92,92,13.6,9.35,33.0,0.8755,0.4831,26.9,24.0,24.0,station
2025-03-04,31.6,25.6,28.8,28.9,27.4,30.7,27.5,28.3,30.7,25.4,28.46,2.21,-0.06,88,91,16.4,12.41,16.5,0.8837,0.468,30.2,28.0,28.0,station
2025-03-05,34.6,33.8,37.4,33.0,32.8,34.0,33.7,35.7,34.8,32.1,34.32,1.86,0.26,80,45,16.6,21.19,3.9,0.8916,0.4527,34.8,38.0,38.0,station
2025-03-06,35.1,34.6,38.0,35.3,33.0,34.1,33.6,38.3,33.8,31.9,35.2,1.81,0.86,76,59,14.8,20.17,1.5,0.8993,0.4373,33.4,34.0,34.0,station
2025-03-07,32.7,33.2,37.7,34.2,34.6,33.8,33.5,37.8,33.9,33.7,34.48,1.95,-0.06,72,21,18.4,23.13,0.2,0.9067,0.4218,33.7,35.0,35.0,station
2025-03-08,27.6,25.4,29.8,27.3,28.4,24.6,25.6,26.8,27.6,24.6,27.7,1.61,1.86,82,83,22.2,6.87,15.6,0.9138,0.4061,24.0,22.0,22.0,station
2025-03-09,21.9,21.7,21.5,20.4,21.2,21.9,21.3,20.8,21.0,21.1,21.34,0.59,0.12,68,31,15.5,20.38,0.0,0.9207,0.3904,20.8,22.0,22.0,station
2025-03-10,23.1,23.2,24.3,22.7,24.3,23.0,23.5,25.4,22.7,24.0,23.52,0.74,-0.2,69,7,13.3,24.05,0.0,0.9272,0.3745,23.3,24.0,24.0,station
2025-03-11,22.0,18.1,19.7,20.1,23.3,20.5,18.8,21.2,17.6,21.2,20.64,2.03,0.78,77,71,16.6,11.14,1.7,0.9335,0.3585,20.8,22.0,22.0,station
2025-03-12,21.5,20.9,21.9,21.0,21.5,21.2,19.4,22.7,21.3,23.3,21.36,0.41,-0.22,65,73,13.3,19.51,0.0,0.9396,0.3424,21.5,22.0,22.0,station
2025-03-13,19.9,21.1,21.3,20.7,20.7,21.0,21.4,22.5,21.2,21.4,20.74,0.54,-0.76,70,15,11.5,21.54,0.0,0.9453,0.3261,19.8,21.0,21.0,station
2025-03-14,22.8,23.6,23.3,23.0,23.4,22.7,23.7,23.6,23.4,23.1,23.22,0.32,-0.08,77,53,10.1,16.3,0.2,0.9508,0.3098,22.1,22.0,22.0,station
2025-03-15,23.8,24.4,25.3,22.8,24.2,23.4,24.3,25.7,24.0,23.6,24.1,0.91,-0.1,73,51,10.5,20.91,0.0,0.956,0.2934,24.0,25.0,25.0,station
2025-03-16,24.0,24.3,26.8,22.1,24.4,24.0,24.2,27.9,24.4,26.0,24.32,1.67,-0.98,72,93,10.4,13.0,0.0,0.9609,0.2769,24.8,25.0,25.0,station
2025-03-17,28.7,28.1,29.7,27.2,28.9,28.2,28.1,30.3,27.6,28.8,28.52,0.93,-0.08,69,13,10.0,21.82,0.0,0.9655,0.2604,28.1,30.0,30.0,station
2025-03-18,28.8,30.0,30.1,29.1,28.7,29.4,30.4,30.2,28.7,29.1,29.34,0.67,-0.22,81,33,13.6,17.83,6.0,0.9698,0.2437,28.1,32.0,32.0,station
2025-03-19,29.2,30.1,32.2,30.5,31.9,29.5,30.8,32.3,29.5,26.6,30.78,1.26,1.04,76,21,15.9,20.62,2.6,0.9739,0.227,29.7,32.0,32.0,station
2025-03-20,32.5,32.1,33.7,32.0,32.0,31.5,31.7,34.6,32.1,33.1,32.46,0.72,-0.14,66,26,10.7,22.08,0.0,0.9777,0.2102,31.0,33.0,33.0,station
2025-03-21,32.4,31.9,34.3,31.9,31.9,32.5,31.9,34.3,31.8,31.4,32.48,1.04,0.1,63,70,12.8,20.09,0.1,0.9811,0.1934,31.6,33.0,33.0,station
2025-03-22,25.9,23.7,29.3,26.0,30.2,29.6,23.5,32.1,30.1,31.6,27.02,2.68,-2.36,78,97,12.3,12.53,20.4,0.9843,0.1765,27.0,27.0,27.0,station
2025-03-23,23.5,22.0,27.2,23.4,20.7,24.5,22.6,29.5,24.6,21.3,23.36,2.43,-1.14,93,96,16.8,9.6,15.4,0.9872,0.1595,22.3,23.0,23.0,station
2025-03-24,24.6,23.1,25.4,23.2,23.4,22.1,22.6,20.7,22.1,20.8,23.94,1.01,2.28,90,99,15.6,10.33,10.5,0.9898,0.1425,23.6,24.0,24.0,station
2025-03-25,24.8,23.7,25.6,23.0,22.5,24.4,23.0,26.4,22.2,21.6,23.92,1.28,0.4,78,27,15.5,20.12,0.0,0.9921,0.1255,24.3,25.0,25.0,station
2025-03-26,24.5,25.2,26.7,25.1,24.1,25.3,25.0,28.2,24.7,23.9,25.12,0.99,-0.3,79,9,12.9,20.37,0.0,0.9941,0.1084,24.9,26.0,26.0,station
2025-03-27,26.2,26.4,29.5,26.6,24.9,25.9,26.5,27.9,26.6,24.4,26.72,1.69,0.46,83,78,10.8,17.94,5.3,0.9958,0.0913,27.5,30.0,30.0,station
2025-03-28,24.2,24.2,24.6,21.5,22.7,23.0,22.8,24.3,23.9,23.9,23.44,1.3,-0.14,89,59,14.6,13.91,5.1,0.9972,0.0741,25.3,27.0,27.0,station
2025-03-29,24.5,25.6,27.0,25.6,24.9,25.1,25.4,26.7,25.9,24.8,25.52,0.95,-0.06,79,31,11.4,19.7,0.0,0.9984,0.057,25.3,27.0,27.0,station
2025-03-30,28.9,29.6,30.0,27.9,28.3,28.6,28.0,28.8,26.5,24.9,28.94,0.87,1.58,81,34,24.3,17.85,30.5,0.9992,0.0398,28.7,31.0,31.0,station
2025-03-31,20.1,19.7,20.9,20.5,19.0,21.1,19.9,20.6,20.0,18.2,20.04,0.73,0.08,74,68,23.0,14.34,2.3,0.9997,0.0226,20.1,21.0,21.0,station
2025-04-01,20.1,21.2,21.8,20.5,20.1,20.6,20.6,21.2,20.7,19.9,20.74,0.74,0.14,73,18,12.0,20.04,0.3,1.0,0.0054,20.1,21.0,21.0,station
2025-04-02,22.2,23.8,24.3,23.2,23.8,22.8,24.0,25.5,23.1,22.9,23.46,0.8,-0.2,77,11,8.8,19.93,0.0,0.9999,-0.0118,22.8,24.0,24.0,station
2025-04-03,20.9,20.6,22.4,22.0,22.8,21.7,21.7,23.1,24.3,24.2,21.74,0.95,-1.26,65,9,27.1,19.4,0.0,0.9996,-0.029,20.4,21.0,21.0,station
2025-04-04,15.9,16.0,17.9,15.7,16.0,15.8,15.9,17.8,14.9,15.4,16.3,0.9,0.34,66,16,16.2,19.53,0.0,0.9989,-0.0462,15.7,16.0,16.0,station
2025-04-05,17.8,18.6,19.9,18.6,18.7,17.8,18.5,20.1,19.0,18.5,18.72,0.75,-0.06,68,48,11.5,18.07,0.0,0.998,-0.0634,18.0,19.0,19.0,station
2025-04-06,21.6,22.3,23.9,22.0,22.6,21.6,22.1,24.0,22.5,22.1,22.48,0.88,0.02,75,81,16.6,18.06,0.0,0.9968,-0.0805,22.0,23.0,23.0,station
2025-04-07,18.9,17.9,18.9,18.5,20.6,19.0,17.7,19.7,19.3,19.8,18.96,1.0,-0.14,86,100,19.9,4.23,19.9,0.9952,-0.0977,18.8,19.0,19.0,station
2025-04-08,20.8,20.9,20.5,20.6,20.2,21.3,20.4,20.8,20.6,20.9,20.6,0.27,-0.2,85,85,23.8,7.22,2.4,0.9934,-0.1148,21.3,22.0,22.0,station
2025-04-09,22.8,22.8,20.6,20.7,22.7,21.9,22.2,22.7,22.4,21.6,21.92,1.16,-0.24,80,32,20.5,14.66,1.2,0.9913,-0.1319,23.2,23.0,23.0,station
2025-04-10,23.0,23.1,22.4,22.0,22.2,22.3,22.6,23.0,23.8,23.3,22.54,0.49,-0.46,83,60,18.6,12.53,0.8,0.9889,-0.1489,23.5,24.0,24.0,station
2025-04-11,23.4,24.4,24.5,24.2,23.2,23.7,23.9,24.5,23.4,22.4,23.94,0.6,0.36,82,71,17.5,14.49,0.9,0.9861,-0.1659,24.1,26.0,26.0,station
2025-04-12,23.6,22.5,23.8,23.0,23.2,23.3,23.0,23.9,22.6,22.3,23.22,0.51,0.2,81,64,17.4,14.17,2.9,0.9831,-0.1828,24.0,24.0,24.0,station
2025-04-13,20.6,22.4,21.6,21.2,20.8,20.3,22.9,21.7,20.7,20.8,21.32,0.72,0.04,68,0,10.8,17.74,0.0,0.9799,-0.1997,20.9,22.0,22.0,station
2025-04-14,20.8,21.0,20.5,21.1,21.5,20.3,20.5,20.8,20.3,21.1,20.98,0.37,0.38,77,59,13.7,16.53,0.0,0.9763,-0.2165,22.1,22.0,22.0,station
2025-04-15,19.4,18.9,19.2,18.6,20.2,19.9,18.3,18.0,18.1,19.1,19.26,0.61,0.58,82,72,13.7,9.59,1.2,0.9724,-0.2333,19.9,20.0,20.0,station
2025-04-16,19.7,18.8,21.1,18.9,22.4,19.0,18.1,22.9,19.6,22.9,20.18,1.54,-0.32,83,76,14.8,13.18,3.9,0.9683,-0.25,20.1,22.0,22.0,station
2025-04-17,20.9,19.3,22.7,22.7,21.6,20.7,18.3,23.0,23.1,23.3,21.44,1.42,-0.24,86,85,20.4,12.33,19.8,0.9638,-0.2666,22.9,23.0,23.0,station
2025-04-18,20.9,21.4,21.2,20.6,18.3,21.0,22.1,21.4,21.3,18.9,20.48,1.26,-0.46,76,37,14.6,14.95,0.0,0.9591,-0.2831,20.6,21.0,21.0,station
2025-04-19,18.2,18.8,18.0,17.7,16.7,18.4,18.6,17.9,17.5,15.9,17.88,0.77,0.22,72,13,12.5,16.34,0.0,0.9541,-0.2996,18.3,18.0,18.0,station
2025-04-20,18.5,18.6,17.5,18.6,17.9,18.6,18.4,18.5,18.1,17.7,18.22,0.5,-0.04,77,55,8.1,15.15,0.0,0.9488,-0.316,18.2,19.0,19.0,station
2025-04-21,19.2,20.0,20.4,19.4,20.3,20.1,20.3,20.3,21.1,20.3,19.86,0.54,-0.56,79,44,8.0,14.73,0.0,0.9432,-0.3322,19.6,21.0,21.0,station
2025-04-22,23.0,23.5,23.1,22.9,24.3,22.2,22.9,23.1,23.2,24.2,23.36,0.57,0.24,74,79,9.7,14.11,0.0,0.9373,-0.3484,23.2,25.0,25.0,station
2025-04-23,23.9,25.5,24.5,23.1,23.9,23.7,25.0,24.3,23.8,25.1,24.18,0.89,-0.2,74,86,10.0,11.0,0.0,0.9312,-0.3645,24.3,27.0,27.0,station
2025-04-24,22.3,22.1,22.0,23.9,24.4,21.8,21.9,22.2,22.3,25.1,22.94,1.12,0.28,83,62,11.7,13.35,0.0,0.9248,-0.3804,23.8,24.0,24.0,station
2025-04-25,25.6,25.8,23.0,24.0,26.0,23.1,23.4,24.6,24.7,24.9,24.88,1.32,0.74,83,46,17.4,12.16,4.7,0.9181,-0.3963,25.9,27.0,27.0,station
2025-04-26,18.4,19.8,18.7,19.5,18.3,18.4,19.4,18.2,19.6,18.9,18.94,0.67,0.04,64,33,23.7,15.84,11.3,0.9112,-0.412,19.1,23.0,23.0,station
2025-04-27,19.8,21.2,19.4,20.8,17.2,19.4,21.0,19.4,20.3,16.4,19.68,1.57,0.38,63,21,20.4,15.21,0.0,0.9039,-0.4276,19.7,21.0,21.0,station
2025-04-28,19.8,21.6,18.8,20.2,20.0,19.4,21.4,19.2,20.0,19.2,20.08,1.01,0.24,68,0,12.0,15.07,0.0,0.8965,-0.4431,20.0,21.0,21.0,station
2025-04-29,21.3,22.8,21.2,22.0,23.3,21.1,23.0,20.7,21.2,22.3,22.12,0.92,0.46,72,5,9.4,15.08,0.0,0.8887,-0.4585,21.2,23.0,23.0,station
2025-04-30,23.2,24.4,22.8,24.0,25.4,22.7,24.2,22.9,23.6,24.6,23.96,1.02,0.36,70,17,10.2,14.79,0.0,0.8807,-0.4737,23.3,25.0,25.0,station
2025-05-01,20.8,21.7,20.8,22.1,22.8,20.5,21.4,21.1,22.3,22.2,21.64,0.86,0.14,73,99,11.3,11.25,0.0,0.8724,-0.4888,20.6,22.0,22.0,station
2025-05-02,23.4,24.8,23.5,23.2,25.0,23.5,24.7,24.3,23.7,25.2,23.98,0.85,-0.3,76,18,8.3,14.4,0.0,0.8639,-0.5037,23.1,24.0,24.0,station
2025-05-03,23.9,25.6,24.8,24.7,25.0,24.0,26.1,25.3,24.4,25.6,24.8,0.61,-0.28,78,19,9.6,13.92,0.0,0.8551,-0.5185,24.3,25.0,25.0,station
2025-05-04,23.9,24.6,26.9,25.2,26.8,25.8,24.8,26.2,25.6,21.7,25.48,1.33,0.66,84,47,15.1,10.09,21.9,0.846,-0.5331,25.0,27.0,27.0,station
2025-05-05,18.5,17.7,17.8,19.2,18.6,18.6,19.1,17.8,20.7,18.4,18.36,0.62,-0.56,93,100,21.3,3.21,5.8,0.8367,-0.5476,18.9,18.0,18.0,station
2025-05-06,22.1,23.0,21.9,22.4,20.1,22.4,22.1,19.9,22.7,19.9,21.9,1.09,0.5,91,61,15.5,11.98,18.2,0.8272,-0.5619,22.7,25.0,25.0,station
2025-05-07,22.1,22.0,21.0,21.6,19.5,21.5,21.2,21.8,22.4,20.1,21.24,1.06,-0.16,90,95,13.7,6.99,9.8,0.8174,-0.5761,21.5,21.0,21.0,station
2025-05-08,20.3,19.5,19.3,20.7,17.8,20.5,19.7,19.3,21.3,19.3,19.52,1.12,-0.5,88,73,14.3,9.71,0.5,0.8074,-0.59,22.2,23.0,23.0,station
2025-05-09,21.1,21.8,20.2,20.2,17.6,20.1,20.8,20.8,20.0,17.2,20.18,1.59,0.4,77,33,13.4,13.34,0.0,0.7971,-0.6038,20.9,21.0,21.0,station
2025-05-10,20.2,21.0,19.6,21.0,19.7,20.5,21.3,20.1,21.3,20.6,20.3,0.68,-0.46,70,6,14.3,13.14,0.0,0.7866,-0.6175,19.7,21.0,21.0,station
2025-05-11,18.7,20.2,18.7,19.6,20.2,19.2,21.0,18.9,20.7,19.7,19.48,0.75,-0.42,72,0,12.1,13.38,0.0,0.7759,-0.6309,18.8,20.0,20.0,station
2025-05-12,18.8,20.0,18.0,18.4,20.1,18.4,19.6,18.2,18.7,19.9,19.06,0.95,0.1,80,32,13.5,13.01,0.0,0.7649,-0.6442,18.8,20.0,20.0,station
2025-05-13,21.5,22.2,21.0,21.5,23.4,21.1,22.1,21.2,21.2,22.6,21.92,0.93,0.28,84,26,11.7,12.84,0.0,0.7537,-0.6572,21.5,23.0,23.0,station
2025-05-14,24.0,24.8,22.5,24.4,26.1,24.2,24.7,22.8,23.8,26.7,24.36,1.3,-0.08,82,99,10.6,10.95,0.0,0.7423,-0.6701,24.1,26.0,26.0,station
2025-05-15,25.0,25.6,21.4,24.6,28.8,23.3,25.0,22.2,23.7,27.5,25.08,2.64,0.74,89,98,13.5,4.76,12.8,0.7306,-0.6828,23.9,24.0,24.0,station
2025-05-16,21.4,20.7,24.1,21.7,26.6,22.8,22.4,24.9,23.9,27.5,22.9,2.43,-1.4,95,100,20.0,2.6,53.5,0.7188,-0.6952,20.4,21.0,21.0,station
2025-05-17,22.8,22.0,25.5,21.9,21.9,21.5,20.4,23.3,21.7,22.1,22.82,1.54,1.02,90,97,19.5,6.83,27.6,0.7067,-0.7075,22.4,20.0,20.0,station
2025-05-18,19.2,17.5,18.3,19.2,18.2,18.5,17.6,18.1,19.2,18.2,18.48,0.73,0.16,60,40,22.8,12.84,6.0,0.6945,-0.7195,18.0,18.0,18.0,station
2025-05-19,13.0,12.6,13.7,12.2,10.9,12.9,12.8,13.6,13.9,13.1,12.48,1.04,-0.78,80,58,9.8,3.89,1.0,0.682,-0.7314,13.1,12.0,12.0,station
2025-05-20,16.8,17.5,14.8,15.5,14.1,15.1,16.7,14.8,15.2,12.9,15.74,1.4,0.8,75,37,9.5,12.31,0.0,0.6693,-0.743,16.3,16.0,16.0,station
2025-05-21,14.7,14.5,14.0,13.3,13.9,13.6,14.6,14.0,14.4,12.5,14.08,0.55,0.26,69,57,9.2,9.09,0.0,0.6564,-0.7544,14.1,14.0,14.0,station
2025-05-22,15.9,16.7,15.2,15.4,16.4,15.8,16.4,15.2,15.2,16.1,15.92,0.64,0.18,78,31,11.1,11.81,0.0,0.6433,-0.7656,15.8,16.0,16.0,station
2025-05-23,15.4,16.3,15.0,14.7,16.0,15.9,16.4,15.4,14.4,16.2,15.48,0.67,-0.18,76,54,16.0,11.42,0.0,0.6301,-0.7765,15.3,16.0,16.0,station
2025-05-24,16.7,16.9,16.3,16.1,18.6,16.1,16.6,16.4,14.9,18.0,16.92,0.99,0.52,82,47,13.0,10.93,0.5,0.6166,-0.7873,18.0,20.0,20.0,station
2025-05-25,18.4,17.3,18.9,17.9,20.6,17.7,17.2,18.8,19.1,20.4,18.62,1.26,-0.02,90,46,14.5,7.83,0.3,0.603,-0.7978,18.5,18.0,18.0,station
2025-05-26,19.3,20.1,20.7,18.4,18.7,19.3,20.0,21.3,20.6,20.5,19.44,0.96,-0.9,93,79,20.4,5.28,1.7,0.5892,-0.808,19.8,19.0,19.0,station
2025-05-27,18.0,18.2,18.8,16.9,17.9,18.2,18.1,19.1,17.6,18.2,17.96,0.69,-0.28,87,96,28.4,2.48,25.7,0.5752,-0.818,17.6,19.0,19.0,station
2025-05-28,12.0,12.7,10.5,11.0,9.2,11.8,12.5,11.0,10.9,8.7,11.08,1.36,0.1,70,58,24.8,7.56,0.0,0.561,-0.8278,11.9,12.0,12.0,station
2025-05-29,12.8,13.7,11.2,11.2,10.1,12.7,13.0,11.2,11.3,9.8,11.8,1.43,0.2,70,36,10.2,9.65,0.0,0.5467,-0.8373,11.9,13.0,13.0,station
2025-05-30,13.9,14.8,12.8,13.0,12.6,13.7,14.7,13.0,12.4,11.6,13.42,0.92,0.34,74,47,12.9,10.34,0.0,0.5322,-0.8466,13.3,15.0,15.0,station
2025-05-31,15.9,17.3,14.5,14.7,14.7,14.8,16.6,13.9,13.9,14.3,15.42,1.19,0.72,75,11,15.2,11.46,0.1,0.5176,-0.8556,15.9,17.0,17.0,station
2025-06-01,15.2,17.3,13.8,15.0,14.9,15.0,16.5,14.5,15.0,13.8,15.24,1.27,0.28,71,13,11.0,11.68,0.0,0.5028,-0.8644,14.6,17.0,17.0,station
2025-06-02,16.4,17.6,16.0,16.8,17.8,16.1,17.6,15.7,16.5,17.3,16.92,0.77,0.28,79,38,12.2,11.24,0.0,0.4878,-0.8729,16.0,17.0,17.0,station
2025-06-03,17.0,16.6,15.5,16.6,17.9,16.9,16.9,15.7,16.6,16.8,16.72,0.86,0.14,83,94,9.6,8.53,0.0,0.4728,-0.8812,16.2,17.0,17.0,station
2025-06-04,18.7,19.5,18.0,18.6,20.5,18.9,19.5,18.2,18.0,21.6,19.06,0.97,-0.18,86,80,10.4,9.99,0.0,0.4575,-0.8892,18.3,18.0,18.0,station
2025-06-05,14.6,15.2,14.4,14.2,14.9,14.8,15.6,14.4,15.9,15.7,14.66,0.4,-0.62,72,0,15.3,11.31,0.0,0.4422,-0.8969,14.5,17.0,17.0,station
2025-06-06,17.6,19.4,16.3,17.3,17.2,17.1,18.9,15.9,16.0,17.0,17.56,1.14,0.58,71,28,8.1,10.99,0.0,0.4267,-0.9044,17.1,19.0,19.0,station
2025-06-07,16.9,16.6,15.4,16.1,17.1,17.5,16.7,15.0,15.4,16.6,16.42,0.68,0.18,79,77,7.5,8.84,0.0,0.4111,-0.9116,16.6,18.0,18.0,station
2025-06-08,14.4,13.9,15.1,14.7,16.9,15.0,14.5,15.6,15.4,17.8,15.0,1.15,-0.66,86,61,10.9,10.24,0.0,0.3953,-0.9185,13.5,12.0,12.0,station
2025-06-09,12.6,12.1,13.7,13.0,14.5,13.3,12.1,14.0,13.5,15.2,13.18,0.94,-0.44,83,26,9.0,10.59,0.0,0.3795,-0.9252,11.9,12.0,12.0,station
2025-06-10,14.6,15.5,15.0,14.4,16.1,15.1,16.4,15.3,14.8,16.4,15.12,0.69,-0.48,83,8,7.7,10.45,0.0,0.3635,-0.9316,13.8,17.0,17.0,station
2025-06-11,14.7,15.6,14.0,15.3,15.9,14.3,15.2,14.2,15.0,16.6,15.1,0.76,0.04,85,16,13.9,10.55,0.0,0.3474,-0.9377,14.5,16.0,16.0,station
2025-06-12,15.6,16.5,15.0,15.5,15.9,15.4,16.2,15.3,15.1,15.7,15.7,0.55,0.16,73,68,22.9,10.49,0.0,0.3312,-0.9436,15.5,17.0,17.0,station
2025-06-13,13.2,13.2,12.3,13.0,15.7,13.5,13.2,12.6,13.0,15.2,13.48,1.29,-0.02,82,100,16.4,3.11,10.5,0.3149,-0.9491,13.5,15.0,15.0,station
2025-06-14,12.1,11.9,11.1,11.6,12.0,12.0,11.9,11.6,11.5,12.4,11.74,0.4,-0.14,97,96,17.7,1.66,13.7,0.2986,-0.9544,11.8,12.0,12.0,station
2025-06-15,13.7,14.3,12.2,12.9,11.4,13.8,14.3,12.8,13.4,12.3,12.9,1.16,-0.42,79,25,12.2,10.77,0.0,0.2821,-0.9594,13.5,14.0,14.0,station
2025-06-16,14.8,14.2,12.7,12.8,13.2,15.0,13.9,13.8,13.8,13.7,13.54,0.92,-0.5,87,77,17.8,5.68,0.7,0.2656,-0.9641,13.8,13.0,13.0,station
2025-06-17,15.3,14.4,15.9,15.3,13.3,15.6,14.5,15.9,15.5,12.9,14.84,1.01,-0.04,87,45,12.5,8.09,0.5,0.2489,-0.9685,14.4,12.0,12.0,station
2025-06-18,15.3,16.7,14.6,14.5,14.5,15.2,16.2,15.0,15.1,15.0,15.12,0.94,-0.18,82,5,9.4,10.59,0.0,0.2322,-0.9727,14.8,16.0,16.0,station
2025-06-19,16.7,17.3,14.9,15.5,15.2,15.8,16.6,15.4,14.6,15.1,15.92,1.03,0.42,79,0,8.2,10.53,0.0,0.2155,-0.9765,16.1,18.0,18.0,station
2025-06-20,16.7,18.1,15.1,17.0,15.8,16.1,17.2,15.2,15.3,15.2,16.54,1.15,0.74,75,4,11.1,10.69,0.0,0.1986,-0.9801,15.6,18.0,18.0,station
2025-06-21,13.7,15.4,14.1,13.6,15.6,14.2,16.0,14.3,15.1,15.7,14.48,0.95,-0.58,73,89,11.7,7.56,0.0,0.1818,-0.9833,14.0,16.0,16.0,station
2025-06-22,12.0,14.9,14.6,16.0,16.8,13.3,15.8,14.6,15.5,16.1,14.86,1.82,-0.2,78,93,25.5,6.08,1.5,0.1648,-0.9863,15.3,16.0,16.0,station
2025-06-23,9.4,9.0,8.6,8.4,8.9,9.3,9.2,9.0,9.0,9.0,8.86,0.38,-0.24,62,82,34.3,7.75,4.8,0.1478,-0.989,8.8,9.0,9.0,station
2025-06-24,12.4,14.9,12.0,11.4,11.2,12.2,14.8,12.2,12.5,10.9,12.38,1.49,-0.14,55,0,19.8,10.61,0.0,0.1308,-0.9914,12.3,15.0,15.0,station
2025-06-25,13.5,14.8,12.2,13.3,14.8,13.1,14.2,12.4,10.8,14.2,13.72,1.1,0.78,61,54,17.0,10.29,0.0,0.1137,-0.9935,13.3,14.0,14.0,station
2025-06-26,13.6,15.3,12.5,14.2,13.1,13.0,15.5,11.7,13.6,13.8,13.74,1.07,0.22,66,15,11.3,10.98,0.0,0.0966,-0.9953,11.7,15.0,15.0,station
2025-06-27,13.5,15.0,13.2,14.1,14.4,13.6,15.5,13.2,14.1,14.4,14.04,0.72,-0.12,62,4,10.9,10.81,0.0,0.0795,-0.9968,12.8,16.0,16.0,station
2025-06-28,13.6,13.7,12.9,12.9,13.8,12.8,13.1,12.8,13.4,14.9,13.38,0.44,-0.02,78,50,16.1,9.6,0.0,0.0623,-0.9981,12.8,15.0,15.0,station
2025-06-29,7.6,7.2,8.0,8.0,8.5,8.5,7.6,8.9,7.7,8.3,7.86,0.49,-0.34,75,76,17.7,9.26,0.7,0.0451,-0.999,7.2,9.0,9.0,station
2025-06-30,6.5,7.1,7.7,7.0,8.1,7.2,7.1,7.5,7.2,8.5,7.28,0.63,-0.22,75,82,20.5,5.48,0.0,0.028,-0.9996,5.2,5.0,5.0,station
2025-07-01,8.1,9.8,7.9,8.0,8.3,8.4,9.5,8.1,8.3,8.8,8.42,0.79,-0.2,66,0,11.2,11.14,0.0,0.0108,-0.9999,7.1,9.0,9.0,station
2025-07-02,9.5,10.8,9.6,9.5,9.6,9.2,10.3,9.5,9.2,9.7,9.8,0.56,0.22,62,11,10.3,10.98,0.0,-0.0065,-1.0,8.7,11.0,11.0,station
2025-07-03,11.5,12.8,11.9,12.1,13.0,11.9,12.4,12.1,11.8,13.2,12.26,0.63,-0.02,76,62,14.0,10.86,0.0,-0.0237,-0.9997,11.8,14.0,14.0,station
2025-07-04,14.4,15.1,13.3,14.1,15.9,13.8,14.4,13.3,13.4,15.5,14.56,0.99,0.48,84,97,14.9,10.22,0.0,-0.0408,-0.9992,14.0,15.0,15.0,station
2025-07-05,13.9,14.3,14.5,15.0,15.9,13.1,14.0,14.2,12.8,14.9,14.72,0.77,0.92,89,99,12.8,9.99,0.0,-0.058,-0.9983,14.5,16.0,16.0,station
2025-07-06,14.4,15.4,15.1,13.9,16.3,14.9,15.8,15.5,14.7,16.8,15.02,0.93,-0.52,85,52,14.3,7.05,0.0,-0.0752,-0.9972,14.3,16.0,16.0,station
2025-07-07,16.5,16.9,17.4,17.7,18.5,15.9,14.7,15.0,16.8,17.3,17.4,0.77,1.46,86,49,11.2,8.23,1.3,-0.0923,-0.9957,17.9,19.0,19.0,station
2025-07-08,16.4,16.3,18.0,17.8,19.8,17.0,16.4,18.0,16.9,18.9,17.66,1.43,0.22,94,69,8.5,8.58,0.0,-0.1094,-0.994,15.7,19.0,19.0,station
2025-07-09,17.3,18.9,18.0,17.8,18.6,16.7,17.7,17.9,16.6,19.4,18.12,0.64,0.46,85,68,14.5,8.98,0.0,-0.1265,-0.992,17.5,21.0,21.0,station
2025-07-10,14.3,13.2,16.8,13.6,15.3,14.5,11.9,15.0,13.9,17.3,14.64,1.45,0.12,78,85,14.8,7.3,1.4,-0.1436,-0.9896,16.2,17.0,17.0,station
2025-07-11,17.0,15.3,17.5,16.7,18.7,15.2,15.2,16.7,17.6,19.3,17.04,1.24,0.24,87,55,8.9,10.11,0.0,-0.1606,-0.987,16.5,16.0,16.0,station
2025-07-12,15.9,16.5,18.1,17.8,18.2,17.4,16.9,18.8,19.1,20.4,17.3,1.04,-1.22,83,67,10.9,6.16,0.0,-0.1775,-0.9841,16.4,18.0,18.0,station
2025-07-13,16.9,16.7,18.6,18.4,18.1,17.1,16.6,18.4,18.5,19.0,17.74,0.88,-0.18,84,6,10.0,9.92,0.0,-0.1944,-0.9809,16.9,20.0,20.0,station
2025-07-14,15.4,15.6,18.1,16.9,17.5,14.3,14.3,18.1,18.0,16.8,16.7,1.18,0.4,88,27,14.3,8.52,0.8,-0.2113,-0.9774,14.9,15.0,15.0,station
2025-07-15,20.7,21.7,18.8,21.0,21.2,22.3,21.5,18.7,23.0,20.9,20.68,1.11,-0.6,85,86,16.4,6.57,0.9,-0.2281,-0.9736,21.0,21.0,21.0,station
2025-07-16,15.2,16.7,16.5,15.6,16.2,15.8,16.9,15.9,16.5,15.9,16.04,0.63,-0.16,90,100,23.7,2.24,16.1,-0.2448,-0.9696,18.1,19.0,19.0,station
2025-07-17,12.9,13.5,13.1,12.3,10.5,12.5,13.8,13.1,12.5,9.8,12.46,1.18,0.12,79,59,20.9,8.37,0.0,-0.2614,-0.9652,12.0,11.0,11.0,station
2025-07-18,15.8,16.8,14.8,14.0,12.5,15.8,17.4,14.8,14.9,12.7,14.78,1.65,-0.34,72,0,14.0,11.79,0.0,-0.278,-0.9606,15.4,17.0,17.0,station
2025-07-19,16.9,18.1,16.5,15.9,15.8,16.5,17.8,16.6,15.3,14.7,16.64,0.93,0.46,76,4,14.7,11.95,0.0,-0.2945,-0.9557,16.8,19.0,19.0,station
2025-07-20,17.2,18.2,16.0,17.4,18.5,17.4,18.1,16.1,16.3,17.4,17.46,0.98,0.4,83,82,10.8,10.22,0.0,-0.3109,-0.9505,17.6,20.0,20.0,station
2025-07-21,18.2,16.6,18.0,19.1,20.0,18.6,17.5,17.4,16.8,18.8,18.38,1.27,0.56,87,70,9.4,11.26,0.0,-0.3272,-0.945,18.9,21.0,21.0,station
2025-07-22,13.0,12.4,13.7,13.1,14.5,13.9,12.4,15.3,13.6,15.4,13.34,0.8,-0.78,81,93,14.6,10.33,0.0,-0.3434,-0.9392,13.3,12.0,12.0,station
2025-07-23,11.4,11.2,11.0,11.0,12.1,11.1,10.9,10.8,11.1,12.4,11.34,0.46,0.08,76,70,11.9,11.73,0.0,-0.3595,-0.9332,11.6,12.0,12.0,station
2025-07-24,13.9,13.8,14.4,13.7,15.1,13.4,13.9,14.6,13.3,14.8,14.18,0.58,0.18,80,69,21.6,11.25,0.0,-0.3755,-0.9268,14.2,14.0,14.0,station
2025-07-25,15.5,14.0,13.5,14.9,15.5,14.3,13.5,12.3,14.9,16.0,14.68,0.9,0.48,87,98,18.3,3.84,7.6,-0.3914,-0.9202,15.3,14.0,14.0,station
2025-07-26,11.4,10.5,10.6,10.4,11.3,11.3,10.7,10.3,10.7,11.2,10.84,0.47,0.0,77,98,21.5,8.1,0.0,-0.4071,-0.9134,11.1,12.0,12.0,station
2025-07-27,13.0,12.2,13.2,12.3,13.6,13.0,12.2,13.6,13.3,12.9,12.86,0.6,-0.14,76,97,23.8,4.72,0.0,-0.4228,-0.9062,12.6,12.0,12.0,station
2025-07-28,14.7,14.4,13.9,13.8,15.6,14.8,14.3,13.9,13.8,15.6,14.48,0.73,0.0,77,44,14.7,10.89,0.0,-0.4383,-0.8988,14.5,15.0,15.0,station
2025-07-29,14.4,14.2,15.0,14.8,15.3,13.6,14.0,14.9,13.4,15.2,14.74,0.44,0.52,87,59,12.3,8.77,0.0,-0.4537,-0.8912,14.4,15.0,15.0,station
2025-07-30,17.6,17.8,17.3,18.1,17.1,17.5,17.4,16.5,17.0,17.2,17.58,0.4,0.46,70,71,18.4,12.21,0.0,-0.469,-0.8832,17.6,19.0,19.0,station
2025-07-31,17.8,18.8,16.2,18.1,19.7,17.6,18.5,17.5,17.3,19.3,18.12,1.3,0.08,64,100,23.8,5.27,0.0,-0.4841,-0.875,18.5,19.0,19.0,station
2025-08-01,18.4,17.1,16.5,17.9,19.7,17.8,17.2,18.7,17.9,18.8,17.92,1.23,-0.16,79,84,28.7,7.7,37.2,-0.4991,-0.8666,20.3,19.0,19.0,station
2025-08-02,18.5,19.5,18.1,17.5,16.1,18.1,18.9,17.7,16.8,17.8,17.94,1.26,0.08,79,55,14.5,12.08,0.0,-0.5139,-0.8578,18.6,19.0,19.0,station
2025-08-03,15.4,16.1,15.8,15.8,13.8,15.1,17.0,15.7,15.7,13.7,15.38,0.92,-0.06,60,56,10.9,12.39,0.0,-0.5286,-0.8489,16.6,18.0,18.0,station
2025-08-04,13.5,14.1,13.3,13.6,14.0,13.9,14.0,13.4,12.6,13.5,13.7,0.34,0.22,57,27,11.4,13.49,0.0,-0.5431,-0.8397,14.2,16.0,16.0,station
2025-08-05,11.3,12.5,12.7,12.4,13.5,11.9,12.2,13.0,13.0,12.7,12.48,0.79,-0.08,78,41,10.0,8.4,0.0,-0.5575,-0.8302,11.5,13.0,13.0,station
2025-08-06,15.6,14.9,14.8,15.1,17.2,15.1,14.5,14.6,15.1,16.4,15.52,0.99,0.38,78,83,10.1,10.46,0.0,-0.5717,-0.8205,15.6,18.0,18.0,station
2025-08-07,11.5,11.9,13.1,12.8,14.0,11.8,11.9,12.8,13.1,13.5,12.66,0.99,0.04,80,64,16.9,8.55,0.1,-0.5857,-0.8105,11.6,12.0,12.0,station
2025-08-08,13.0,13.1,12.6,12.1,13.4,12.6,13.6,12.4,11.9,14.2,12.84,0.5,-0.1,78,14,11.1,13.96,0.0,-0.5996,-0.8003,12.5,14.0,14.0,station
2025-08-09,14.4,14.6,14.4,14.5,15.3,14.0,14.2,14.4,14.3,15.5,14.64,0.38,0.16,77,0,8.3,14.37,0.0,-0.6132,-0.7899,13.9,15.0,15.0,station
2025-08-10,16.7,17.6,15.6,16.9,17.4,16.3,16.9,15.4,16.2,16.7,16.84,0.78,0.54,72,6,10.6,14.4,0.0,-0.6267,-0.7792,16.2,18.0,18.0,station
2025-08-11,18.9,20.2,17.4,19.0,20.0,18.6,19.9,17.3,18.9,19.1,19.1,1.11,0.34,65,29,12.1,14.05,0.0,-0.64,-0.7683,18.5,20.0,20.0,station
2025-08-12,20.0,21.0,19.9,21.6,22.5,19.6,20.4,19.6,21.2,22.3,21.0,1.1,0.38,69,55,17.4,14.22,0.0,-0.6532,-0.7572,19.9,22.0,22.0,station
2025-08-13,14.3,14.0,13.7,13.6,15.3,14.5,13.9,14.0,13.4,15.6,14.18,0.68,-0.1,67,80,18.4,11.69,0.0,-0.6661,-0.7459,14.1,14.0,14.0,station
2025-08-14,12.1,12.2,12.7,12.0,12.6,11.4,11.8,12.7,11.3,12.8,12.32,0.31,0.32,73,1,10.8,15.13,0.0,-0.6788,-0.7343,11.3,12.0,12.0,station
2025-08-15,11.7,11.5,12.0,12.3,12.3,11.6,11.6,12.5,12.5,12.4,11.96,0.36,-0.16,74,44,14.9,10.98,0.0,-0.6914,-0.7225,10.5,11.0,11.0,station
2025-08-16,12.1,11.0,13.8,11.9,13.5,12.9,11.5,13.5,12.2,14.2,12.46,1.17,-0.4,88,94,15.9,4.22,1.6,-0.7037,-0.7105,12.6,14.0,14.0,station
2025-08-17,16.6,15.6,15.1,16.3,16.5,16.3,15.0,14.6,15.8,18.3,16.02,0.65,0.02,91,94,14.7,4.43,0.8,-0.7158,-0.6983,14.9,18.0,18.0,station
2025-08-18,16.4,14.5,18.8,16.0,18.6,16.4,14.7,19.1,15.0,16.9,16.86,1.82,0.44,91,84,15.0,5.12,2.3,-0.7277,-0.6859,15.8,17.0,17.0,station
2025-08-19,15.2,15.3,15.9,16.1,16.5,15.6,15.3,15.6,16.3,15.8,15.8,0.55,0.08,97,100,24.9,0.97,75.4,-0.7394,-0.6733,15.5,16.0,16.0,station
2025-08-20,18.0,15.8,15.5,16.8,16.6,18.2,15.7,15.5,16.9,15.8,16.54,0.98,0.12,78,81,35.0,6.61,16.3,-0.7509,-0.6605,17.8,18.0,18.0,station
2025-08-21,18.3,19.7,17.4,18.9,15.9,17.5,19.3,16.9,18.2,15.3,18.04,1.46,0.6,68,17,17.4,15.63,0.0,-0.7621,-0.6474,19.3,20.0,20.0,station
2025-08-22,17.3,17.6,16.2,17.0,15.4,15.8,16.9,16.1,15.6,15.5,16.7,0.89,0.72,71,60,25.4,9.32,0.2,-0.7731,-0.6342,19.3,19.0,19.0,station
2025-08-23,13.6,14.1,13.1,14.5,13.8,14.0,14.5,13.3,14.2,13.8,13.82,0.53,-0.14,56,41,22.6,16.27,0.0,-0.7839,-0.6208,13.9,16.0,16.0,station
2025-08-24,17.3,18.4,14.9,16.5,17.0,16.6,17.9,15.5,16.8,16.9,16.82,1.28,0.08,53,8,22.9,16.61,0.0,-0.7945,-0.6073,17.1,19.0,19.0,station
2025-08-25,19.4,20.9,18.0,19.8,22.8,19.2,20.9,17.8,19.1,23.0,20.18,1.79,0.18,60,1,19.1,16.11,0.0,-0.8048,-0.5935,19.2,20.0,20.0,station
2025-08-26,20.3,21.4,19.3,21.0,21.9,19.8,21.5,19.4,21.8,21.6,20.78,1.01,-0.04,69,0,9.3,16.37,0.0,-0.8149,-0.5796,19.9,21.0,21.0,station
2025-08-27,20.4,21.4,19.4,21.7,21.9,19.9,21.1,19.4,21.4,22.8,20.96,1.05,0.04,71,0,11.6,16.59,0.0,-0.8248,-0.5655,20.5,22.0,22.0,station
2025-08-28,20.6,21.2,19.5,21.4,22.4,19.7,20.0,19.4,21.3,22.0,21.02,1.07,0.54,77,9,12.7,16.75,0.0,-0.8344,-0.5512,20.4,22.0,22.0,station
2025-08-29,20.8,20.9,20.9,21.5,24.1,20.7,20.7,20.5,21.6,24.1,21.64,1.4,0.12,84,36,15.1,16.12,0.0,-0.8437,-0.5368,20.8,23.0,23.0,station
2025-08-30,20.7,19.3,21.5,21.3,24.6,20.4,19.9,19.9,20.7,24.2,21.48,1.94,0.46,86,92,20.7,12.64,0.0,-0.8528,-0.5222,22.2,23.0,23.0,station
2025-08-31,20.0,18.3,18.9,20.1,21.0,19.7,17.9,19.2,19.5,22.0,19.66,1.06,0.0,92,100,21.2,4.0,9.5,-0.8617,-0.5074,19.5,19.0,19.0,station
2025-09-01,19.9,17.6,18.4,19.0,18.3,19.6,18.0,17.9,18.8,19.9,18.64,0.86,-0.2,81,74,24.8,9.0,21.3,-0.8703,-0.4925,18.0,19.0,19.0,station
2025-09-02,18.2,14.7,15.4,17.1,14.5,17.8,14.9,16.7,15.6,15.1,15.98,1.61,-0.04,85,75,12.8,8.89,15.3,-0.8786,-0.4775,15.0,14.0,14.0,station
2025-09-03,20.2,18.5,18.1,17.5,16.8,20.0,19.1,17.5,18.2,17.0,18.22,1.28,-0.14,78,57,13.4,13.95,0.0,-0.8867,-0.4623,18.3,19.0,19.0,station
2025-09-04,11.6,11.1,10.4,11.0,11.6,12.0,11.3,10.3,10.8,11.3,11.14,0.5,0.0,60,36,15.7,18.31,0.0,-0.8945,-0.447,11.2,12.0,12.0,station
2025-09-05,13.0,13.6,11.8,12.0,13.3,12.8,13.1,11.9,12.4,13.3,12.74,0.8,0.04,63,3,12.8,18.63,0.0,-0.9021,-0.4315,12.8,14.0,14.0,station
2025-09-06,14.9,14.5,13.7,14.0,15.6,14.5,14.1,13.2,13.5,14.8,14.54,0.75,0.52,65,2,10.2,18.85,0.0,-0.9094,-0.4159,14.0,15.0,15.0,station
2025-09-07,14.8,15.3,14.2,14.4,16.4,14.7,14.8,14.3,14.4,15.9,15.02,0.88,0.2,66,32,13.2,18.83,0.0,-0.9164,-0.4002,14.5,16.0,16.0,station
2025-09-08,17.9,18.4,17.8,16.6,19.8,18.6,17.6,18.3,15.9,19.9,18.1,1.16,0.04,79,85,8.7,13.59,0.0,-0.9232,-0.3844,17.2,19.0,19.0,station
2025-09-09,20.7,21.8,20.0,21.0,23.5,20.4,21.8,20.4,21.2,23.1,21.4,1.34,0.02,67,17,10.7,19.09,0.0,-0.9296,-0.3685,20.6,22.0,22.0,station
2025-09-10,22.5,22.1,22.5,22.7,25.4,21.1,22.1,22.5,23.5,24.4,23.04,1.34,0.32,71,52,21.5,16.44,0.1,-0.9358,-0.3524,23.0,24.0,24.0,station
2025-09-11,21.4,22.9,20.5,22.1,23.8,21.3,23.3,20.4,22.7,24.0,22.14,1.28,-0.2,62,3,11.3,19.52,0.0,-0.9418,-0.3363,21.7,23.0,23.0,station
2025-09-12,21.5,22.1,19.5,21.9,22.1,20.4,21.3,19.2,20.9,21.5,21.42,1.1,0.76,64,9,13.6,19.71,0.0,-0.9474,-0.32,20.6,22.0,22.0,station
2025-09-13,19.4,20.1,19.4,20.5,21.7,19.2,19.9,19.4,20.6,22.1,20.22,0.95,-0.02,74,49,15.7,19.58,2.1,-0.9528,-0.3037,19.5,20.0,20.0,station
2025-09-14,22.4,22.8,22.0,23.1,26.4,22.1,21.9,21.5,23.2,26.8,23.34,1.76,0.24,81,45,12.9,19.11,0.1,-0.9579,-0.2873,21.9,23.0,23.0,station
2025-09-15,22.7,21.8,22.1,22.6,24.8,22.2,21.9,21.8,22.0,23.7,22.8,1.18,0.48,81,61,11.5,14.6,0.7,-0.9627,-0.2707,22.1,23.0,23.0,station
2025-09-16,21.4,20.2,22.7,21.6,25.0,22.2,22.2,22.0,22.3,24.5,22.18,1.81,-0.46,80,32,10.9,19.21,0.0,-0.9672,-0.2541,21.3,23.0,23.0,station
2025-09-17,23.6,23.3,23.7,23.4,25.5,23.2,22.6,23.7,24.1,27.2,23.9,0.91,-0.26,81,73,13.0,19.42,0.0,-0.9714,-0.2375,23.6,25.0,25.0,station
2025-09-18,22.8,20.8,23.1,23.4,23.8,22.9,20.3,22.4,23.2,24.8,22.78,1.17,0.06,81,59,13.3,16.74,5.6,-0.9753,-0.2207,23.0,25.0,25.0,station
2025-09-19,22.2,19.4,23.6,24.7,24.0,25.7,23.2,23.9,23.9,26.8,22.78,2.1,-1.92,89,67,12.2,10.11,21.8,-0.979,-0.2039,23.1,20.0,20.0,station
2025-09-20,18.2,18.3,17.6,19.0,18.3,18.8,17.3,18.1,19.0,18.7,18.28,0.5,-0.1,93,87,22.1,5.78,33.5,-0.9824,-0.187,17.5,19.0,19.0,station
2025-09-21,17.4,15.6,17.2,17.5,14.6,16.7,15.8,15.9,16.7,14.5,16.46,1.3,0.54,83,74,24.6,11.02,0.6,-0.9854,-0.1701,15.9,16.0,16.0,station
2025-09-22,17.9,19.2,17.9,18.8,16.5,18.3,19.7,17.9,18.8,16.3,18.06,1.04,-0.14,70,16,20.8,20.47,0.0,-0.9882,-0.1531,18.8,21.0,21.0,station
2025-09-23,18.4,18.2,17.4,17.1,18.0,17.7,17.8,15.6,15.5,16.2,17.82,0.55,1.26,66,48,13.4,17.96,0.0,-0.9907,-0.1361,18.5,20.0,20.0,station
2025-09-24,16.3,15.8,16.3,16.4,18.5,16.3,15.2,16.2,16.1,17.6,16.66,1.05,0.38,70,6,17.0,21.71,0.0,-0.9929,-0.1191,16.7,18.0,18.0,station
2025-09-25,17.2,17.7,17.3,18.1,18.6,16.4,17.2,17.5,18.3,18.4,17.78,0.58,0.22,75,22,18.0,22.23,0.0,-0.9948,-0.102,16.7,18.0,18.0,station
2025-09-26,21.3,22.1,20.7,21.1,23.1,21.1,21.6,20.6,20.9,23.3,21.66,0.95,0.16,68,38,25.1,22.14,0.0,-0.9964,-0.0848,21.6,23.0,23.0,station
2025-09-27,18.2,17.8,17.0,17.9,20.0,17.6,17.5,16.8,17.6,20.3,18.18,1.11,0.22,85,84,26.3,7.05,16.3,-0.9977,-0.0677,17.6,18.0,18.0,station
2025-09-28,21.0,22.1,19.7,20.3,18.7,21.0,22.4,20.2,21.4,19.3,20.36,1.29,-0.5,72,5,17.9,22.9,0.0,-0.9987,-0.0505,20.9,23.0,23.0,station
2025-09-29,23.2,23.1,21.4,22.8,23.3,22.5,22.8,21.5,22.4,22.1,22.76,0.78,0.5,67,81,12.2,22.33,0.0,-0.9994,-0.0333,22.9,24.0,24.0,station
2025-09-30,23.1,23.8,21.9,23.3,25.4,22.7,23.8,22.5,22.1,24.3,23.5,1.27,0.42,72,27,14.9,22.54,0.0,-0.9999,-0.0161,22.4,25.0,25.0,station
2025-10-01,22.9,23.4,22.3,23.3,23.9,22.5,23.8,22.1,23.4,23.4,23.16,0.6,0.12,62,19,9.9,23.75,0.0,-1.0,0.0011,23.0,24.0,24.0,station
2025-10-02,24.1,23.8,23.2,24.0,25.3,23.0,23.9,22.7,23.7,24.8,24.08,0.77,0.46,67,27,11.7,23.18,0.0,-0.9998,0.0183,23.9,25.0,25.0,station
2025-10-03,25.0,25.3,25.7,26.3,28.8,25.0,25.1,26.2,26.1,28.0,26.22,1.52,0.14,80,15,13.5,18.77,0.0,-0.9994,0.0355,25.4,27.0,27.0,station
2025-10-04,28.1,28.6,28.6,27.7,30.1,28.3,28.4,29.4,28.1,30.7,28.62,0.91,-0.36,78,27,15.5,21.92,0.0,-0.9986,0.0527,27.4,29.0,29.0,station
2025-10-05,23.2,22.7,22.3,22.4,23.1,21.4,22.3,21.2,22.1,21.2,22.74,0.4,1.1,87,96,23.5,10.2,21.5,-0.9976,0.0698,22.5,24.0,24.0,station
2025-10-06,16.0,16.2,16.1,16.8,14.8,16.7,17.7,16.4,17.1,14.9,15.98,0.73,-0.58,72,36,18.3,19.22,0.4,-0.9962,0.087,15.3,17.0,17.0,station
2025-10-07,22.6,23.5,20.2,21.6,22.0,21.7,23.3,20.8,22.5,20.3,21.98,1.23,0.26,62,11,19.1,24.6,0.0,-0.9946,0.1041,22.3,23.0,23.0,station
2025-10-08,24.8,25.2,23.0,24.2,26.0,24.6,25.4,23.6,23.7,24.7,24.64,1.13,0.24,57,9,15.0,25.02,0.0,-0.9926,0.1212,24.3,26.0,26.0,station
2025-10-09,25.9,25.4,24.9,25.3,26.6,25.9,25.2,24.7,25.0,27.0,25.62,0.65,0.06,55,23,20.0,25.29,0.0,-0.9904,0.1383,25.1,27.0,27.0,station
2025-10-10,28.5,27.3,27.5,28.4,29.2,28.1,26.8,27.0,27.5,29.4,28.18,0.78,0.42,56,93,12.8,24.87,0.0,-0.9879,0.1553,27.7,28.0,28.0,station
2025-10-11,27.8,27.1,26.8,26.8,29.2,27.3,26.8,28.2,27.6,29.3,27.54,1.01,-0.3,73,85,15.4,19.54,5.5,-0.9851,0.1722,26.1,27.0,27.0,station
2025-10-12,16.9,16.9,15.7,17.7,18.0,17.6,17.6,17.2,17.9,16.5,17.04,0.89,-0.32,83,84,24.7,14.72,2.7,-0.9819,0.1892,17.6,18.0,18.0,station
2025-10-13,23.4,24.9,22.1,22.7,24.8,23.1,25.5,21.2,23.0,22.8,23.58,1.25,0.46,69,27,23.3,25.87,0.1,-0.9785,0.206,23.4,25.0,25.0,station
2025-10-14,24.7,25.9,25.2,26.8,24.1,26.8,27.7,25.7,26.3,24.8,25.34,1.05,-0.92,72,7,12.2,25.55,0.0,-0.9749,0.2228,24.0,25.0,25.0,station
2025-10-15,26.5,26.6,26.3,26.8,27.4,25.9,26.7,26.6,25.5,27.4,26.72,0.42,0.3,66,76,17.0,22.5,0.0,-0.9709,0.2396,26.0,27.0,27.0,station
2025-10-16,26.2,27.7,26.9,28.6,29.4,26.8,27.9,26.1,28.7,30.8,27.76,1.28,-0.3,73,79,11.0,17.42,0.1,-0.9666,0.2562,26.1,28.0,28.0,station
2025-10-17,23.1,20.6,24.3,23.3,23.5,23.9,21.6,24.9,24.3,23.0,22.96,1.4,-0.58,70,95,13.6,7.84,0.9,-0.9621,0.2728,20.9,22.0,22.0,station
2025-10-18,22.2,21.8,20.6,22.2,21.9,21.8,20.8,20.4,23.3,23.3,21.74,0.66,-0.18,66,11,14.2,26.56,0.0,-0.9572,0.2893,20.7,23.0,23.0,station
2025-10-19,20.8,21.3,21.6,20.9,21.4,20.4,21.4,21.9,21.2,20.3,21.2,0.34,0.16,58,26,15.6,27.15,0.0,-0.9521,0.3057,20.5,22.0,22.0,station
2025-10-20,23.4,24.1,24.6,24.2,24.2,23.3,23.7,24.3,24.0,23.5,24.1,0.44,0.34,58,38,20.1,27.12,0.0,-0.9467,0.3221,23.3,24.0,24.0,station
2025-10-21,28.5,28.5,28.4,28.5,28.0,28.5,28.1,28.5,28.3,28.4,28.38,0.22,0.02,55,67,18.4,26.06,0.0,-0.941,0.3383,27.5,28.0,28.0,station
2025-10-22,26.7,25.8,27.2,27.1,26.4,25.7,25.5,26.6,28.0,24.8,26.64,0.57,0.52,62,76,17.5,16.84,1.4,-0.9351,0.3545,25.6,26.0,26.0,station
2025-10-23,30.8,30.3,31.8,30.0,30.3,30.5,29.8,31.8,30.5,30.3,30.64,0.71,0.06,55,69,21.6,25.41,0.0,-0.9288,0.3705,31.0,31.0,31.0,station
2025-10-24,25.8,24.3,21.8,23.1,25.4,25.7,24.0,24.8,23.0,27.6,24.08,1.65,-0.94,90,100,17.3,7.75,25.6,-0.9223,0.3864,23.0,23.0,23.0,station
2025-10-25,19.6,18.9,19.1,19.8,18.0,20.0,18.6,19.2,19.2,20.1,19.08,0.7,-0.34,88,73,28.5,7.59,43.5,-0.9155,0.4022,18.8,20.0,20.0,station
2025-10-26,22.4,22.7,21.2,21.0,19.8,22.7,22.7,21.4,20.4,19.2,21.42,1.17,0.14,65,8,17.0,27.51,0.0,-0.9085,0.4179,22.0,23.0,23.0,station
2025-10-27,14.8,13.7,13.3,13.8,12.3,14.5,13.8,12.7,14.1,12.2,13.58,0.9,0.12,76,89,19.2,7.08,1.2,-0.9012,0.4335,14.0,14.0,14.0,station
2025-10-28,16.5,15.8,16.5,15.2,16.6,17.2,15.8,15.8,15.2,16.7,16.12,0.61,-0.02,65,70,15.2,26.04,0.0,-0.8936,0.4489,15.8,16.0,16.0,station
2025-10-29,16.2,16.6,16.1,16.5,17.5,16.4,16.9,19.6,16.1,16.5,16.58,0.55,-0.52,75,42,14.3,18.35,0.7,-0.8857,0.4642,15.9,17.0,17.0,station
2025-10-30,19.0,19.1,18.4,19.3,19.5,19.2,19.3,19.6,19.1,18.7,19.06,0.42,-0.12,67,69,12.9,21.97,0.2,-0.8776,0.4794,19.3,21.0,21.0,station
2025-10-31,23.0,23.1,22.7,22.9,24.1,21.7,22.9,22.6,22.7,24.0,23.16,0.55,0.38,68,26,11.5,25.92,0.0,-0.8692,0.4944,22.8,24.0,24.0,station
2025-11-01,26.7,27.1,27.5,27.1,28.0,26.4,27.7,25.3,26.3,28.7,27.28,0.49,0.4,69,51,13.6,25.47,0.0,-0.8606,0.5093,25.9,28.0,28.0,station
2025-11-02,23.8,25.9,24.6,23.1,24.1,24.3,25.2,26.2,24.0,23.5,24.3,1.05,-0.34,81,48,11.9,20.33,11.3,-0.8517,0.524,24.1,27.0,27.0,station
2025-11-03,25.7,27.0,28.5,26.8,27.1,26.9,28.4,29.8,26.8,29.3,27.02,1.0,-1.22,75,45,15.5,23.65,0.3,-0.8426,0.5386,26.0,30.0,30.0,station
2025-11-04,21.9,20.2,20.5,22.1,23.5,24.1,20.7,21.3,23.5,21.9,21.64,1.33,-0.66,88,81,21.2,7.73,14.6,-0.8332,0.553,20.2,21.0,21.0,station
2025-11-05,20.3,20.0,20.9,19.6,20.2,20.8,19.9,20.5,19.0,20.2,20.2,0.47,0.12,74,26,14.8,29.34,0.1,-0.8235,0.5672,19.4,20.0,20.0,station
2025-11-06,19.2,18.2,20.4,17.4,19.4,19.0,18.9,21.4,19.2,19.2,18.92,1.15,-0.62,70,49,15.8,26.58,0.0,-0.8137,0.5813,19.4,20.0,20.0,station
2025-11-07,16.7,15.5,17.0,14.6,15.9,16.9,15.2,18.9,14.4,16.0,15.94,0.96,-0.34,86,100,14.0,6.81,8.2,-0.8035,0.5952,16.6,17.0,17.0,station
2025-11-08,20.5,20.6,21.5,21.4,21.2,20.2,20.5,20.1,20.8,21.3,21.04,0.46,0.46,76,65,11.3,20.19,0.9,-0.7932,0.609,20.6,22.0,22.0,station
2025-11-09,24.5,24.8,24.5,24.2,25.4,24.8,24.8,24.2,24.2,25.2,24.68,0.45,0.04,68,8,10.3,24.67,0.0,-0.7826,0.6225,23.3,26.0,26.0,station
2025-11-10,26.5,26.2,28.0,26.4,26.8,26.8,26.4,28.8,26.4,27.1,26.78,0.72,-0.32,64,9,13.9,26.51,0.0,-0.7718,0.6359,26.1,28.0,28.0,station
2025-11-11,28.8,27.7,26.9,28.2,27.9,25.9,27.7,29.1,27.3,27.3,27.9,0.7,0.44,67,38,20.3,23.95,0.6,-0.7607,0.6491,28.2,29.0,29.0,station
2025-11-12,25.4,25.5,24.4,26.7,26.0,25.2,25.4,24.9,26.1,26.4,25.6,0.85,0.0,70,28,15.5,28.43,0.0,-0.7494,0.6621,24.4,26.0,26.0,station
2025-11-13,28.2,27.6,28.7,27.3,27.7,27.9,27.6,28.7,27.6,27.4,27.9,0.55,0.06,62,5,9.9,29.74,0.0,-0.7379,0.6749,27.5,28.0,28.0,station
2025-11-14,30.7,30.3,31.6,29.8,30.0,30.5,30.3,32.2,29.7,29.8,30.48,0.71,-0.02,58,0,9.9,30.69,0.0,-0.7262,0.6875,29.6,31.0,31.0,station
2025-11-15,33.4,32.6,34.0,33.4,32.1,32.5,32.2,34.2,33.6,33.3,33.1,0.75,-0.06,49,42,17.9,28.87,0.0,-0.7143,0.6998,32.2,33.0,33.0,station
2025-11-16,24.2,22.8,24.5,23.9,26.8,25.1,22.8,22.5,23.7,24.1,24.44,1.47,0.8,68,65,26.5,24.36,6.8,-0.7021,0.712,25.7,28.0,28.0,station
2025-11-17,23.1,24.4,23.6,23.0,22.3,22.3,23.0,23.3,23.7,20.0,23.28,0.78,0.82,56,9,18.1,31.41,0.0,-0.6898,0.724,22.6,24.0,24.0,station
2025-11-18,28.9,29.1,27.4,27.0,29.9,28.7,29.4,28.5,28.1,29.1,28.46,1.22,-0.3,53,8,18.9,30.87,0.0,-0.6772,0.7358,27.1,28.0,28.0,station
2025-11-19,25.7,24.5,26.1,26.3,25.6,25.9,24.5,26.9,27.4,25.1,25.64,0.7,-0.32,56,44,14.7,28.58,0.0,-0.6645,0.7473,23.5,25.0,25.0,station
2025-11-20,22.4,21.9,25.0,22.4,24.6,22.9,21.1,28.9,24.5,24.6,23.26,1.43,-1.14,73,77,24.0,15.16,21.9,-0.6515,0.7586,26.3,27.0,27.0,station
2025-11-21,20.6,19.8,18.5,21.0,18.2,19.5,20.1,21.2,21.5,19.9,19.62,1.24,-0.82,79,72,23.3,15.41,3.7,-0.6384,0.7697,18.7,20.0,20.0,station
2025-11-22,21.8,21.3,21.9,20.4,20.0,21.7,21.0,21.9,22.6,19.8,21.08,0.85,-0.32,66,50,14.7,29.07,0.0,-0.625,0.7806,21.8,22.0,22.0,station
2025-11-23,23.0,23.2,23.1,22.6,23.3,22.7,23.1,23.6,22.5,22.2,23.04,0.27,0.22,67,1,11.2,31.76,0.0,-0.6115,0.7912,22.6,24.0,24.0,station
2025-11-24,25.6,25.7,26.3,25.2,25.7,25.2,25.9,27.1,25.0,25.9,25.7,0.39,-0.12,65,2,12.2,31.73,0.0,-0.5978,0.8016,24.7,26.0,26.0,station
2025-11-25,29.3,29.2,31.2,29.3,29.2,29.4,29.5,31.7,28.6,29.0,29.64,0.87,0.0,64,6,12.6,31.35,0.0,-0.584,0.8118,28.4,30.0,30.0,station
2025-11-26,31.3,31.1,32.1,31.1,31.6,31.4,31.0,33.4,31.2,32.4,31.44,0.42,-0.44,63,11,16.5,30.99,0.0,-0.5699,0.8217,30.1,31.0,31.0,station
2025-11-27,32.0,29.4,34.0,31.0,33.4,32.1,29.6,35.2,30.8,33.3,31.96,1.85,-0.24,68,58,14.3,22.81,0.0,-0.5557,0.8314,30.3,30.0,30.0,station
2025-11-28,28.0,27.2,29.7,27.4,30.3,30.2,27.3,27.0,26.6,28.4,28.52,1.4,0.62,74,29,19.1,27.59,0.0,-0.5413,0.8408,27.0,28.0,28.0,station
2025-11-29,20.9,18.7,20.2,16.8,21.4,19.3,18.9,19.7,17.1,21.1,19.6,1.87,0.38,85,82,17.2,9.99,23.6,-0.5268,0.85,20.2,19.0,19.0,station
2025-11-30,20.6,21.2,20.6,18.4,19.1,22.8,22.3,20.0,19.9,22.7,19.98,1.18,-1.56,84,94,19.1,10.01,4.6,-0.5121,0.859,20.8,20.0,20.0,station
2025-12-01,25.3,24.5,23.0,22.3,21.3,24.9,24.1,20.9,23.3,20.4,23.28,1.62,0.56,82,71,16.6,16.82,1.6,-0.4972,0.8676,23.6,25.0,25.0,station
2025-12-02,26.3,27.5,26.9,25.1,24.8,26.2,27.8,27.5,24.5,23.3,26.12,1.15,0.26,73,33,9.6,28.03,0.1,-0.4822,0.8761,26.4,29.0,29.0,station
2025-12-03,29.7,31.1,31.5,30.4,31.5,29.3,31.1,32.6,28.2,29.3,30.84,0.78,0.74,64,8,13.1,28.44,0.0,-0.4671,0.8842,30.3,33.0,33.0,station
2025-12-04,33.5,33.8,35.9,34.1,34.3,32.9,33.5,36.5,34.0,33.8,34.32,0.93,0.18,54,12,17.1,31.23,0.0,-0.4518,0.8921,32.1,34.0,34.0,station
2025-12-05,35.6,31.5,37.9,34.7,34.5,34.9,32.8,38.6,35.4,34.7,34.84,2.3,-0.44,57,58,15.4,29.15,0.0,-0.4364,0.8998,32.9,33.0,33.0,station
2025-12-06,31.0,30.2,32.6,30.1,31.4,31.4,31.4,34.4,31.2,31.3,31.06,1.02,-0.88,65,69,16.6,30.69,0.0,-0.4208,0.9071,29.5,30.0,30.0,station
2025-12-07,28.7,27.5,31.5,27.6,26.7,28.7,26.7,33.1,27.7,26.4,28.4,1.87,-0.12,63,93,17.6,27.02,0.0,-0.4052,0.9142,27.6,28.0,28.0,station
2025-12-08,26.5,25.5,30.2,25.3,27.5,27.0,26.0,29.4,26.3,26.5,27.0,1.99,-0.04,69,100,16.1,22.96,0.0,-0.3894,0.9211,25.7,26.0,26.0,station
2025-12-09,25.2,24.8,24.2,22.9,26.2,26.8,25.5,26.2,22.3,26.5,24.66,1.22,-0.8,87,100,15.2,11.12,3.8,-0.3735,0.9276,24.3,26.0,26.0,station
2025-12-10,29.9,28.3,33.3,29.6,31.0,29.2,28.8,32.6,28.4,28.1,30.42,1.88,1.0,80,66,19.2,26.28,2.3,-0.3575,0.9339,27.9,31.0,31.0,station
2025-12-11,31.9,31.2,36.0,32.0,31.6,30.6,31.6,35.6,30.8,33.1,32.54,1.96,0.2,75,64,12.1,27.4,0.0,-0.3413,0.9399,30.1,31.0,31.0,station
2025-12-12,33.6,33.5,35.9,34.1,31.2,32.9,33.5,37.0,33.6,31.8,33.66,1.68,-0.1,58,2,17.1,32.35,0.0,-0.3251,0.9457,32.3,34.0,34.0,station
2025-12-13,34.1,32.7,38.4,32.6,31.3,35.3,33.4,36.3,34.3,32.8,33.82,2.75,-0.6,55,21,18.6,29.86,8.4,-0.3088,0.9511,33.1,34.0,34.0,station
2025-12-14,23.1,22.8,26.0,20.9,22.7,23.1,23.3,21.0,21.0,21.9,23.1,1.84,1.04,73,89,17.3,14.53,4.1,-0.2924,0.9563,25.6,26.0,26.0,station
2025-12-15,27.1,27.5,28.6,27.1,26.1,27.0,27.4,29.2,27.4,26.0,27.28,0.9,-0.12,55,69,22.4,23.71,0.2,-0.2759,0.9612,26.1,27.0,27.0,station
2025-12-16,25.3,23.9,27.1,24.5,23.9,24.8,24.9,27.2,24.7,24.5,24.94,1.34,-0.28,50,5,16.9,32.27,0.0,-0.2593,0.9658,24.3,25.0,25.0,station
2025-12-17,31.1,29.9,33.7,30.2,29.9,29.7,28.9,34.5,30.6,28.7,30.96,1.61,0.48,46,20,16.5,32.21,0.0,-0.2427,0.9701,30.7,31.0,31.0,station
2025-12-18,33.5,33.8,37.4,33.9,33.7,33.5,34.1,38.3,34.0,33.9,34.46,1.65,-0.3,49,9,22.2,30.65,0.0,-0.226,0.9741,32.6,34.0,34.0,station
2025-12-19,33.2,31.8,36.0,32.6,31.1,33.3,32.3,37.2,33.5,30.2,32.94,1.89,-0.36,56,1,17.0,32.03,0.0,-0.2092,0.9779,32.3,33.0,33.0,station
2025-12-20,27.1,25.1,25.5,23.9,26.8,28.0,24.7,27.9,24.9,27.8,25.68,1.3,-0.98,76,59,16.4,10.07,9.6,-0.1923,0.9813,26.3,28.0,28.0,station
2025-12-21,31.0,30.1,30.6,28.7,31.4,29.8,30.2,31.5,26.4,30.7,30.36,1.05,0.64,74,29,10.8,29.35,0.0,-0.1754,0.9845,30.2,33.0,33.0,station
2025-12-22,30.0,31.5,32.9,30.2,31.0,31.1,30.0,33.3,30.1,30.1,31.12,1.16,0.2,74,74,12.3,26.28,0.2,-0.1585,0.9874,30.4,31.0,31.0,station
2025-12-23,33.6,32.7,36.3,32.9,32.2,32.9,31.5,36.4,32.5,32.5,33.54,1.62,0.38,69,24,14.3,27.83,0.3,-0.1414,0.9899,32.2,35.0,35.0,station
2025-12-24,34.7,33.1,39.0,34.7,33.5,34.9,31.5,39.3,35.3,34.2,35.0,2.35,-0.04,63,29,14.2,28.2,9.4,-0.1244,0.9922,34.4,35.0,35.0,station
2025-12-25,31.4,29.7,35.4,28.5,28.2,30.2,30.3,35.6,30.5,28.2,30.64,2.94,-0.32,49,86,23.1,28.78,0.0,-0.1073,0.9942,29.9,31.0,31.0,station
2025-12-26,33.6,33.3,38.0,34.1,32.6,35.8,34.1,39.3,32.9,32.9,34.32,2.13,-0.68,55,10,13.9,32.46,0.0,-0.0902,0.9959,33.6,35.0,35.0,station
2025-12-27,35.4,34.7,38.9,35.7,32.3,35.3,34.7,38.3,35.9,34.5,35.4,2.37,-0.34,51,14,16.3,31.27,0.0,-0.073,0.9973,34.8,35.0,35.0,station
2025-12-28,33.4,33.3,37.2,34.4,32.1,33.2,33.1,37.8,33.7,31.6,34.08,1.93,0.2,45,45,11.2,32.58,0.0,-0.0559,0.9984,33.3,34.0,34.0,station
2025-12-29,36.2,35.7,39.1,36.9,35.5,36.0,36.4,40.4,37.0,34.5,36.68,1.46,-0.18,48,27,12.2,30.57,0.0,-0.0387,0.9993,35.6,36.0,36.0,station
2025-12-30,38.2,38.0,41.7,39.0,37.3,38.3,37.9,42.2,39.2,37.1,38.84,1.71,-0.1,40,8,14.4,29.93,0.0,-0.0215,0.9998,36.8,38.0,38.0,station
2025-12-31,38.2,38.7,43.2,40.1,38.6,38.2,38.8,44.2,40.5,37.7,39.76,2.05,-0.12,42,21,17.1,30.0,0.0,-0.0043,1.0,38.1,,,
2026-01-01,32.3,29.9,34.6,30.6,29.3,32.6,30.2,34.1,30.4,28.6,31.34,2.14,0.16,50,38,19.5,28.85,0.3,0.0172,0.9999,30.9,31.0,31.0,station
2026-01-02,29.3,27.5,34.6,28.1,27.3,30.4,28.3,32.2,27.9,28.1,29.36,3.03,-0.02,48,24,17.4,32.48,0.1,0.0344,0.9994,28.1,29.0,29.0,station
2026-01-03,23.4,22.3,26.0,21.7,22.0,23.0,22.8,26.5,22.9,22.2,23.08,1.75,-0.4,41,14,23.6,31.02,0.0,0.0516,0.9987,22.1,23.0,23.0,station
2026-01-04,24.5,24.1,28.2,24.7,25.0,24.6,24.9,28.5,24.5,25.0,25.3,1.65,-0.2,48,9,16.5,31.9,0.0,0.0688,0.9976,24.3,25.0,25.0,station
2026-01-05,29.0,27.9,31.9,28.6,28.1,28.9,28.1,32.4,28.1,28.9,29.1,1.62,-0.18,46,0,14.0,32.25,0.0,0.0859,0.9963,28.8,29.0,29.0,station
2026-01-06,32.3,31.0,34.3,31.0,30.9,32.2,31.1,35.7,31.3,31.4,31.9,1.46,-0.44,45,69,13.9,29.96,0.0,0.103,0.9947,31.4,32.0,32.0,station
2026-01-07,29.0,25.2,33.7,27.0,28.5,27.6,26.5,34.6,28.2,31.5,28.68,3.17,-1.0,61,49,26.5,24.36,6.1,0.1201,0.9928,26.6,29.0,29.0,station
2026-01-08,25.4,23.9,27.8,24.8,24.5,25.3,23.7,28.8,25.3,25.5,25.28,1.51,-0.44,57,58,18.8,29.87,0.0,0.1372,0.9905,24.5,26.0,26.0,station
2026-01-09,26.2,25.0,27.6,26.1,23.8,26.2,24.8,27.1,26.9,25.3,25.74,1.42,-0.32,66,100,17.4,17.41,0.1,0.1542,0.988,25.0,26.0,26.0,station
2026-01-10,20.6,20.6,21.2,24.4,20.7,25.2,24.6,31.2,26.5,26.8,21.5,1.64,-5.36,85,100,17.9,8.56,11.5,0.1712,0.9852,22.7,24.0,24.0,station
2026-01-11,31.9,32.3,34.9,32.7,31.4,32.9,31.3,35.6,34.7,25.4,32.64,1.35,0.66,67,20,12.1,30.78,0.0,0.1881,0.9821,32.5,35.0,35.0,station
2026-01-12,35.7,35.8,39.2,38.0,35.0,35.7,36.0,39.6,36.2,35.1,36.74,1.78,0.22,52,17,10.8,29.41,0.0,0.205,0.9788,36.1,39.0,39.0,station
2026-01-13,34.6,30.7,37.1,34.8,33.0,29.7,31.0,36.2,32.6,33.6,34.04,2.37,1.42,63,37,15.2,26.34,0.3,0.2218,0.9751,31.1,33.0,33.0,station
2026-01-14,34.6,33.9,38.6,35.9,34.1,34.2,33.8,38.8,36.0,33.5,35.42,1.94,0.16,63,16,12.4,28.32,0.1,0.2385,0.9711,34.8,36.0,36.0,station
2026-01-15,33.9,30.0,34.5,30.3,30.3,31.1,28.9,34.6,32.3,31.0,31.8,2.2,0.22,73,52,19.4,20.78,15.0,0.2552,0.9669,33.6,35.0,35.0,station
2026-01-16,27.5,28.7,30.7,31.3,28.6,30.4,29.4,31.7,29.5,28.2,29.36,1.58,-0.48,59,10,14.7,31.11,0.0,0.2718,0.9624,29.9,31.0,31.0,station
2026-01-17,34.5,33.5,37.1,35.9,34.1,31.9,33.1,37.7,35.7,33.0,35.02,1.46,0.74,50,26,17.5,30.71,0.0,0.2883,0.9575,34.4,35.0,35.0,station
2026-01-18,26.1,26.4,30.7,27.6,25.9,27.3,26.3,30.6,28.4,25.9,27.34,1.99,-0.36,50,18,23.9,31.58,0.0,0.3047,0.9524,26.1,27.0,27.0,station
2026-01-19,25.3,24.6,26.9,25.4,24.5,25.5,24.3,27.3,26.3,24.9,25.34,0.96,-0.32,53,8,15.2,30.74,0.0,0.3211,0.9471,24.8,25.0,25.0,station
2026-01-20,28.3,28.1,31.0,29.1,27.9,28.4,28.0,30.7,29.0,27.3,28.88,1.27,0.2,52,3,13.7,30.41,0.0,0.3373,0.9414,28.1,29.0,29.0,station
2026-01-21,30.2,30.4,33.5,31.1,29.9,29.8,30.4,33.7,31.2,30.2,31.02,1.45,-0.04,51,7,15.4,31.42,0.0,0.3534,0.9355,30.0,31.0,31.0,station
2026-01-22,30.9,30.9,33.6,31.9,30.6,30.8,30.6,35.1,32.3,30.9,31.58,1.23,-0.36,51,23,15.2,31.2,0.0,0.3695,0.9292,30.3,31.0,31.0,station
2026-01-23,33.8,33.1,35.2,34.0,33.1,33.2,33.1,36.3,34.1,33.4,33.84,0.86,-0.18,55,18,17.3,29.0,0.0,0.3854,0.9227,33.2,34.0,34.0,station
2026-01-24,35.0,33.5,37.2,35.1,32.5,35.4,33.6,37.2,36.2,34.2,34.66,1.79,-0.66,53,90,15.8,22.28,0.9,0.4012,0.916,32.7,33.0,33.0,station
2026-01-25,34.8,34.6,38.2,33.8,33.5,34.3,34.3,38.0,34.5,32.1,34.98,1.88,0.34,48,54,13.7,26.99,0.0,0.4169,0.9089,35.3,35.0,35.0,station
2026-01-26,38.0,34.9,39.4,36.4,35.8,38.0,35.4,40.1,37.6,36.7,36.9,1.8,-0.66,53,67,16.2,24.13,1.2,0.4325,0.9016,35.9,37.0,37.0,station
2026-01-27,34.3,32.6,38.2,34.8,34.3,33.6,33.2,40.1,34.7,34.3,34.84,2.05,-0.34,70,51,12.9,24.76,0.5,0.4479,0.8941,31.4,33.0,33.0,station
2026-01-28,31.9,30.7,35.2,31.0,27.3,32.5,31.5,36.3,34.7,33.0,31.22,2.83,-2.38,62,59,12.9,28.41,0.0,0.4633,0.8862,30.7,33.0,33.0,station
2026-01-29,31.8,30.7,35.6,30.9,30.7,32.4,30.9,36.9,31.3,28.2,31.94,2.1,0.0,65,8,17.4,28.96,0.0,0.4784,0.8781,31.9,35.0,35.0,station
2026-01-30,29.7,30.0,34.4,30.4,29.9,29.9,29.2,34.2,30.1,29.1,30.88,1.98,0.38,70,28,18.4,25.78,1.5,0.4935,0.8698,31.0,31.0,31.0,station
2026-01-31,29.3,29.5,32.5,30.7,28.7,29.5,29.8,32.3,29.1,28.6,30.14,1.51,0.28,65,21,14.8,26.04,0.5,0.5084,0.8611,29.4,32.0,32.0,station
2026-02-01,32.3,30.8,37.0,33.2,31.1,31.8,30.9,38.7,32.5,32.6,32.88,2.5,-0.42,61,5,12.6,29.55,0.0,0.5231,0.8523,32.1,34.0,34.0,station
2026-02-02,35.1,34.2,38.4,35.1,31.4,35.3,34.5,41.2,35.4,32.1,34.84,2.5,-0.86,50,39,14.7,26.07,1.3,0.5377,0.8432,34.3,36.0,36.0,station
2026-02-03,36.8,34.3,38.8,35.5,33.7,37.1,34.6,38.1,37.7,34.1,35.82,2.05,-0.5,49,31,19.1,26.34,0.0,0.5521,0.8338,34.9,37.0,37.0,station
2026-02-04,33.4,30.2,36.3,30.8,30.7,34.3,30.7,36.1,34.5,31.5,32.28,2.57,-1.14,71,74,17.3,11.23,2.7,0.5664,0.8242,25.7,27.0,27.0,station
2026-02-05,31.8,27.8,25.1,25.2,27.5,32.0,26.2,34.2,28.6,29.4,27.48,2.72,-2.6,76,53,13.6,16.22,7.6,0.5805,0.8143,27.5,30.0,30.0,station
2026-02-06,26.1,27.5,32.7,25.2,24.8,28.1,28.0,31.5,27.8,25.4,27.26,3.21,-0.9,52,1,17.4,29.94,0.0,0.5944,0.8042,28.0,31.0,31.0,station
2026-02-07,30.8,31.4,34.5,29.3,29.7,28.8,30.1,35.4,27.3,27.3,31.14,2.06,1.36,50,0,13.0,29.53,0.0,0.6081,0.7938,31.0,33.0,33.0,station
2026-02-08,33.0,31.7,34.6,31.5,31.6,30.9,32.1,36.5,30.6,31.7,32.48,1.33,0.12,50,17,18.4,27.48,0.0,0.6217,0.7833,33.0,34.0,34.0,station
2026-02-09,28.8,28.6,35.3,27.9,32.3,30.7,27.7,35.6,29.0,31.5,30.58,3.14,-0.32,51,55,16.5,17.21,0.0,0.6351,0.7725,31.7,34.0,34.0,station
2026-02-10,34.5,33.3,37.4,34.3,33.6,33.4,32.8,38.4,33.2,33.7,34.62,1.63,0.32,55,1,13.9,28.65,0.0,0.6483,0.7614,33.6,36.0,36.0,station
2026-02-11,30.4,30.0,33.7,30.0,29.8,30.8,29.5,32.5,28.7,29.1,30.78,1.65,0.66,39,45,19.0,26.64,0.0,0.6613,0.7502,29.7,32.0,32.0,station
2026-02-12,30.9,26.8,32.9,32.0,30.7,29.2,25.4,33.6,32.9,30.1,30.66,2.33,0.42,45,46,13.1,22.8,0.0,0.6741,0.7387,29.8,31.0,31.0,station
2026-02-13,28.2,27.6,29.7,28.3,27.9,28.8,26.9,29.7,28.6,27.9,28.34,0.81,-0.04,47,2,17.4,28.82,0.0,0.6867,0.727,27.4,29.0,29.0,station
2026-02-14,27.0,27.5,30.5,28.1,26.7,27.4,27.6,31.0,28.1,26.6,27.96,1.52,-0.18,57,22,16.7,27.53,0.0,0.6991,0.715,27.4,29.0,29.0,station
2026-02-15,24.4,22.4,27.0,26.2,23.9,27.6,23.2,25.4,25.0,24.3,24.78,1.84,-0.32,72,80,14.2,16.05,11.1,0.7113,0.7029,27.9,30.0,30.0,station
2026-02-16,29.7,29.8,32.6,33.1,30.0,28.4,28.0,33.2,32.1,28.7,31.04,1.67,0.96,77,31,12.7,26.96,0.0,0.7233,0.6906,29.5,33.0,33.0,station
2026-02-17,28.9,29.5,33.1,31.3,29.6,28.9,29.2,34.2,32.4,25.6,30.48,1.72,0.42,75,7,13.8,26.57,0.0,0.735,0.678,29.5,31.0,31.0,station
2026-02-18,33.1,31.6,34.7,33.0,32.0,31.7,31.8,36.9,34.3,32.8,32.88,1.2,-0.62,71,11,13.7,27.32,0.0,0.7466,0.6653,32.7,35.0,35.0,station
2026-02-19,30.9,29.5,33.1,29.4,26.3,28.9,27.2,35.4,31.1,31.1,29.84,2.48,-0.9,79,66,18.2,10.54,0.5,0.7579,0.6523,29.3,32.0,32.0,station
2026-02-20,29.7,28.9,32.2,29.7,28.9,30.0,29.6,32.8,29.9,27.3,29.88,1.36,-0.04,59,2,15.4,28.02,0.0,0.769,0.6392,29.7,31.0,31.0,station
2026-02-21,29.5,29.3,30.3,30.2,28.7,29.3,29.0,31.3,29.6,29.4,29.6,0.66,-0.12,55,43,16.6,26.89,0.0,0.7799,0.6259,30.1,31.0,31.0,station
2026-02-22,30.1,29.3,31.2,30.3,28.6,29.4,29.2,31.2,29.1,27.5,29.9,0.99,0.62,62,58,15.9,26.4,0.0,0.7906,0.6124,30.0,31.0,31.0,station
2026-02-23,28.2,27.6,32.4,28.1,28.8,28.1,27.4,32.5,29.0,29.8,29.02,1.94,-0.34,69,64,15.4,18.01,1.2,0.801,0.5987,29.2,31.0,31.0,station
2026-02-24,30.6,32.1,34.6,32.7,31.5,31.7,31.3,37.6,31.4,29.7,32.3,1.5,-0.04,68,41,24.5,23.47,0.7,0.8112,0.5848,31.6,32.0,32.0,station
2026-02-25,26.2,25.5,27.9,25.7,23.4,24.8,25.3,28.3,26.0,24.4,25.74,1.61,-0.02,53,7,17.8,25.51,0.0,0.8211,0.5708,24.8,26.0,26.0,station
2026-02-26,27.9,26.8,30.2,27.7,26.8,26.1,26.3,29.8,28.0,25.6,27.88,1.39,0.72,61,34,10.9,26.04,0.0,0.8308,0.5566,26.7,29.0,29.0,station
2026-02-27,27.9,28.4,29.8,29.9,27.6,28.6,29.0,31.6,29.9,28.4,28.72,1.07,-0.78,58,40,12.9,24.45,0.0,0.8402,0.5422,28.1,29.0,29.0,station
2026-02-28,30.8,30.2,32.2,31.2,30.3,30.9,30.3,32.9,30.8,31.0,30.94,0.81,-0.24,57,34,13.6,24.44,0.0,0.8495,0.5277,30.1,32.0,32.0,station
2026-03-01,30.7,31.1,32.6,31.9,30.3,31.3,31.1,33.6,32.7,30.9,31.32,0.93,-0.6,57,0,14.9,25.79,0.0,0.8584,0.513,30.4,32.0,32.0,station
2026-03-02,30.6,30.5,32.7,30.8,30.4,30.4,30.3,33.0,30.8,30.3,31.0,0.96,0.04,56,9,17.9,25.79,0.0,0.8671,0.4981,30.7,31.0,31.0,station
2026-03-03,32.0,27.0,29.7,28.4,26.6,30.2,24.7,31.8,28.6,27.5,28.74,2.19,0.18,72,91,15.0,11.0,3.2,0.8755,0.4831,26.3,29.0,29.0,station
2026-03-04,31.0,31.9,36.0,33.0,33.1,33.8,31.8,36.9,33.6,31.7,33.0,1.89,-0.56,65,32,13.4,25.34,0.0,0.8837,0.468,31.2,34.0,34.0,station
2026-03-05,26.1,26.0,30.8,27.6,24.7,26.0,26.7,21.6,30.1,28.3,27.04,2.34,0.5,72,68,18.4,18.03,0.9,0.8916,0.4527,27.5,29.0,29.0,station
2026-03-06,26.8,25.2,25.8,24.0,26.2,25.6,25.1,29.7,26.9,24.8,25.6,1.07,-0.82,81,100,17.7,10.45,0.8,0.8993,0.4373,25.0,26.0,26.0,station
2026-03-07,24.9,25.2,25.4,26.3,25.7,25.6,25.8,25.9,26.0,24.8,25.5,0.53,-0.12,71,33,16.9,21.02,1.3,0.9067,0.4218,25.9,28.0,28.0,station
2026-03-08,25.0,25.4,26.3,25.7,24.8,24.6,24.9,26.7,25.7,24.8,25.44,0.59,0.1,65,65,19.3,17.99,0.0,0.9138,0.4061,25.7,27.0,27.0,station
2026-03-09,25.3,25.1,26.4,26.3,24.9,25.0,24.8,26.1,25.8,24.6,25.6,0.7,0.34,57,51,19.3,23.34,0.0,0.9207,0.3904,25.5,28.0,28.0,station
2026-03-10,26.3,26.1,27.5,26.7,26.5,25.9,25.9,27.8,27.1,25.7,26.62,0.54,0.14,61,7,14.2,22.58,0.0,0.9272,0.3745,26.2,27.0,27.0,station
2026-03-11,28.0,27.0,27.6,27.5,26.6,26.5,26.8,28.3,27.8,26.6,27.34,0.55,0.14,67,24,15.5,21.48,0.0,0.9335,0.3585,27.0,28.0,28.0,station
2026-03-12,26.9,27.2,28.2,26.3,27.0,27.0,26.9,28.8,26.5,27.0,27.12,0.69,-0.12,73,30,14.3,19.44,1.4,0.9396,0.3424,27.1,28.0,28.0,station
2026-03-13,27.1,27.7,30.0,28.9,26.8,28.2,27.5,29.8,28.6,28.0,28.1,1.33,-0.32,73,44,11.2,19.16,0.4,0.9453,0.3261,26.8,29.0,29.0,station
2026-03-14,26.5,26.4,31.0,28.4,25.8,28.3,25.7,31.1,28.9,26.5,27.62,2.13,-0.48,72,71,10.2,11.04,0.0,0.9508,0.3098,27.2,29.0,29.0,station
2026-03-15,33.4,31.9,34.7,32.0,30.8,32.1,31.7,35.7,32.3,31.7,32.56,1.51,-0.14,64,1,13.1,22.86,0.0,0.956,0.2934,32.0,33.0,33.0,station
2026-03-16,34.8,34.8,34.5,29.0,31.0,28.1,32.9,30.6,24.3,28.3,32.82,2.67,3.98,57,15,16.5,20.57,0.1,0.9609,0.2769,34.4,36.0,36.0,station
2026-03-17,28.7,26.5,33.4,27.1,27.2,25.2,26.1,25.4,24.3,22.4,28.58,2.81,3.9,74,77,23.7,12.23,15.7,0.9655,0.2604,29.5,32.0,32.0,station
2026-03-18,24.2,25.0,29.3,26.7,26.4,26.5,26.3,29.2,27.6,25.4,26.32,1.95,-0.68,69,28,14.1,22.7,0.0,0.9698,0.2437,25.5,29.0,29.0,station
2026-03-19,24.8,26.1,28.9,27.7,25.6,24.7,26.2,30.7,28.0,26.8,26.62,1.66,-0.66,68,0,15.1,22.78,0.0,0.9739,0.227,26.1,28.0,28.0,station
2026-03-20,26.7,27.2,32.0,29.1,29.9,25.9,27.8,31.8,28.8,29.7,28.98,2.14,0.18,79,58,19.8,15.23,3.3,0.9777,0.2102,27.4,28.0,28.0,station
2026-03-21,23.3,21.3,23.2,24.2,26.2,23.3,22.3,23.6,24.1,24.4,23.64,1.78,0.1,85,71,31.1,9.03,43.9,0.9811,0.1934,22.3,23.0,23.0,station
2026-03-22,22.2,23.8,23.1,24.0,22.1,22.0,23.8,23.4,24.8,23.0,23.04,0.88,-0.36,67,6,13.7,22.44,0.1,0.9843,0.1765,23.9,26.0,26.0,station
2026-03-23,22.7,23.5,24.6,24.7,23.1,22.6,22.6,24.9,20.3,24.3,23.72,0.9,0.78,70,47,17.6,14.97,0.3,0.9872,0.1595,22.9,27.0,27.0,station
2026-03-24,23.2,24.3,24.1,23.6,24.5,22.2,23.8,23.5,24.2,23.7,23.94,0.53,0.46,58,0,10.7,21.82,0.0,0.9898,0.1425,24.5,26.0,26.0,station
2026-03-25,24.9,25.7,25.6,26.0,25.9,24.6,25.4,25.3,25.0,26.1,25.62,0.43,0.34,65,0,7.2,21.59,0.0,0.9921,0.1255,25.1,27.0,27.0,station
2026-03-26,25.8,26.5,26.3,27.2,28.1,25.4,26.3,26.1,27.0,27.7,26.78,0.89,0.28,66,19,11.3,19.83,0.0,0.9941,0.1084,26.1,28.0,28.0,station
2026-03-27,26.1,25.9,25.6,28.2,28.4,25.8,26.2,29.1,28.6,27.3,26.84,1.35,-0.56,84,65,11.3,9.14,4.4,0.9958,0.0913,25.4,26.0,26.0,station
2026-03-28,27.5,23.2,29.2,26.5,26.2,27.7,24.2,27.8,26.9,25.0,26.52,2.19,0.2,91,61,12.9,9.16,1.3,0.9972,0.0741,25.5,27.0,27.0,station
2026-03-29,28.3,24.9,29.4,28.4,25.2,30.3,25.9,30.5,30.2,25.5,27.24,2.05,-1.24,90,57,12.7,13.22,15.5,0.9984,0.057,26.6,27.0,27.0,station
2026-03-30,28.2,26.6,29.6,28.0,26.2,27.7,26.8,30.1,26.4,25.0,27.72,1.36,0.52,88,74,11.7,12.46,0.0,0.9992,0.0398,28.7,30.0,30.0,station
2026-03-31,29.2,28.7,30.6,28.9,31.8,28.9,28.8,30.3,28.5,30.1,29.84,1.32,0.52,85,21,17.2,17.78,0.2,0.9997,0.0226,30.4,32.0,32.0,station
2026-04-01,26.6,24.6,30.7,25.8,29.1,28.0,25.0,30.4,29.9,27.8,27.36,2.49,-0.86,91,86,14.7,8.28,29.7,1.0,0.0054,25.4,29.0,29.0,station
2026-04-02,27.6,27.4,27.3,27.5,24.6,25.8,26.6,27.0,26.3,24.1,26.88,1.28,0.92,87,68,7.8,13.98,1.3,0.9999,-0.0118,27.4,28.0,28.0,station
2026-04-03,27.2,29.0,27.5,25.4,25.4,24.9,28.0,28.7,27.6,25.4,26.9,1.53,-0.02,85,42,22.7,16.48,10.4,0.9996,-0.029,29.6,31.0,31.0,station
2026-04-04,20.6,19.2,19.5,21.2,18.8,20.9,19.3,19.5,20.2,20.5,19.86,1.0,-0.22,67,22,21.4,19.68,4.3,0.9989,-0.0462,18.7,20.0,20.0,station
2026-04-05,18.0,18.7,18.6,18.8,18.2,19.2,19.5,18.5,20.1,18.9,18.46,0.34,-0.78,70,58,16.3,12.71,0.2,0.998,-0.0634,18.0,20.0,20.0,station
2026-04-06,19.1,18.2,16.5,18.0,17.4,20.5,18.7,18.2,17.7,17.4,17.84,0.97,-0.66,86,100,19.5,7.69,16.3,0.9968,-0.0805,19.3,18.0,18.0,station
2026-04-07,19.8,19.4,17.2,19.1,19.0,20.1,20.7,18.9,19.4,19.4,18.9,1.0,-0.8,93,100,25.9,4.55,16.0,0.9952,-0.0977,19.4,19.0,19.0,station
2026-04-08,20.1,20.6,19.7,21.4,20.3,20.9,20.8,19.7,21.6,19.5,20.42,0.64,-0.08,84,65,22.9,10.59,1.9,0.9934,-0.1148,20.5,21.0,21.0,station
2026-04-09,20.3,20.7,19.3,20.8,19.2,20.4,21.7,19.6,19.4,19.7,20.06,0.76,-0.1,80,21,9.6,14.5,0.0,0.9913,-0.1319,19.5,21.0,21.0,station
2026-04-10,22.2,22.6,21.5,,22.1,21.7,23.0,21.3,20.9,21.4,22.1,0.45,0.44,74,0,8.8,18.68,0.0,0.9889,-0.1489,22.0,24.0,24.0,station
2026-04-11,22.1,22.4,20.4,,23.1,22.1,24.5,20.8,21.3,23.0,22.0,1.15,-0.34,75,54,18.7,15.57,1.3,0.9861,-0.1659,22.3,23.0,23.0,station
2026-04-12,23.5,24.2,23.1,,26.3,23.9,25.6,23.6,24.3,25.6,24.27,1.42,-0.33,80,14,6.8,17.24,0.0,0.9831,-0.1828,23.9,26.0,26.0,station
2026-04-13,24.5,24.5,22.5,23.9,25.6,23.2,23.6,22.3,23.2,25.6,24.2,1.13,0.62,80,87,12.5,16.04,0.0,0.9799,-0.1997,24.3,25.0,25.0,station
2026-04-14,24.6,25.0,25.9,25.6,27.7,25.3,25.5,25.1,24.5,27.4,25.76,1.2,0.2,83,96,12.2,14.36,0.0,0.9763,-0.2165,25.2,25.0,25.0,station
2026-04-15,22.8,22.2,20.5,22.3,24.8,23.0,22.1,23.0,23.4,24.9,22.52,1.54,-0.76,96,100,16.0,2.96,24.4,0.9724,-0.2333,22.4,23.0,23.0,station
2026-04-16,24.6,23.1,22.0,24.2,23.5,24.8,23.7,21.6,21.7,20.8,23.48,1.01,0.96,87,58,19.5,12.01,13.8,0.9683,-0.25,23.9,24.0,24.0,station
2026-04-17,23.1,24.5,23.7,23.0,24.0,24.4,24.5,23.6,23.6,24.5,23.66,0.63,-0.46,84,67,16.3,12.47,0.0,0.9638,-0.2666,24.5,25.0,25.0,station
2026-04-18,26.3,26.7,25.1,25.4,27.6,25.8,26.3,25.4,25.1,27.6,26.22,1.01,0.18,79,3,10.3,16.26,0.0,0.9591,-0.2831,26.6,28.0,28.0,station
2026-04-19,25.7,23.0,24.0,22.3,26.6,25.1,23.4,24.0,21.8,26.3,24.32,1.8,0.2,77,66,10.7,13.36,0.1,0.9541,-0.2996,25.4,26.0,26.0,station
2026-04-20,24.4,20.5,21.3,24.1,20.6,24.4,21.5,22.7,21.9,24.1,22.18,1.92,-0.74,90,90,24.0,4.88,11.1,0.9488,-0.316,19.2,19.0,19.0,station
2026-04-21,20.0,20.9,21.6,21.5,21.0,23.7,21.1,20.7,21.6,24.9,21.0,0.64,-1.4,92,70,20.2,5.94,4.4,0.9432,-0.3322,21.6,23.0,23.0,station
2026-04-22,19.9,19.6,19.0,19.3,15.2,19.6,19.1,20.0,19.6,15.9,18.6,1.93,-0.24,78,11,17.5,16.0,0.0,0.9373,-0.3484,19.6,20.0,20.0,station
2026-04-23,22.4,23.0,21.5,22.1,21.0,22.1,22.7,21.6,21.2,20.1,22.0,0.78,0.46,70,0,9.7,16.27,0.0,0.9312,-0.3645,23.4,25.0,25.0,station
2026-04-24,22.4,23.0,21.8,23.0,24.3,22.9,23.1,21.1,22.0,23.2,22.9,0.93,0.44,75,2,7.7,15.88,0.0,0.9248,-0.3804,22.9,24.0,24.0,station
2026-04-25,22.9,23.1,21.8,22.7,25.3,23.3,22.6,22.4,21.6,24.1,23.16,1.3,0.36,79,49,10.5,14.11,0.0,0.9181,-0.3963,23.0,24.0,24.0,station
2026-04-26,15.3,16.0,16.0,16.1,16.9,15.2,15.5,16.2,15.4,17.2,16.06,0.57,0.16,64,33,32.4,11.69,0.2,0.9112,-0.412,15.8,17.0,17.0,station
2026-04-27,15.8,15.7,15.1,16.5,16.9,15.7,15.3,15.2,16.4,15.8,16.0,0.71,0.32,65,15,24.2,15.45,0.0,0.9039,-0.4276,15.6,17.0,17.0,station
2026-04-28,18.6,20.3,17.4,18.4,19.3,17.8,19.8,17.4,18.4,18.0,18.8,1.08,0.52,65,34,15.5,14.75,0.0,0.8965,-0.4431,19.3,20.0,20.0,station
2026-04-29,21.7,22.8,21.6,22.2,23.8,21.1,21.9,20.8,21.3,23.0,22.42,0.91,0.8,65,53,21.1,12.71,0.0,0.8887,-0.4585,22.1,23.0,23.0,station
2026-04-30,22.8,23.6,22.0,22.9,23.5,21.9,22.7,22.6,22.9,23.9,22.96,0.64,0.16,70,16,10.0,15.04,0.0,0.8807,-0.4737,22.5,24.0,24.0,station
2026-05-01,23.0,22.6,22.7,24.0,26.5,23.4,23.2,22.4,24.0,26.0,23.76,1.63,-0.04,73,32,18.3,11.5,0.0,0.8724,-0.4888,23.5,24.0,24.0,station
2026-05-02,16.4,15.8,15.5,16.6,17.6,16.4,15.5,16.2,16.0,17.6,16.38,0.81,0.04,62,13,18.9,15.19,0.0,0.8639,-0.5037,15.1,16.0,16.0,station
2026-05-03,16.9,16.8,17.4,16.9,16.9,17.1,16.3,17.7,17.1,17.4,16.98,0.24,-0.14,65,35,14.3,14.46,0.0,0.8551,-0.5185,16.9,17.0,17.0,station
2026-05-04,20.6,21.4,20.3,20.2,21.8,20.7,20.9,20.3,20.8,20.8,20.86,0.71,0.16,64,70,15.8,13.56,0.0,0.846,-0.5331,20.9,22.0,22.0,station
2026-05-05,24.6,23.6,22.9,22.3,24.6,22.8,23.4,23.0,24.1,24.3,23.6,1.02,0.08,80,50,12.1,10.58,0.2,0.8367,-0.5476,23.4,24.0,24.0,station
2026-05-06,23.1,23.1,23.7,24.9,23.3,22.9,23.8,22.6,25.7,22.5,23.62,0.76,0.12,93,73,22.9,7.4,34.7,0.8272,-0.5619,23.2,27.0,27.0,station
2026-05-07,18.7,20.9,21.6,19.4,19.1,21.2,20.7,21.1,20.0,19.7,19.94,1.25,-0.6,83,100,25.5,3.9,0.8,0.8174,-0.5761,19.9,21.0,21.0,station
2026-05-08,12.2,12.5,12.0,12.6,8.9,13.2,13.0,13.3,13.0,11.4,11.64,1.55,-1.14,66,67,27.4,9.29,0.9,0.8074,-0.59,12.7,13.0,13.0,station
2026-05-09,12.8,12.6,11.0,12.9,10.9,12.6,12.2,11.2,12.9,10.6,12.04,1.0,0.14,75,76,25.8,6.63,4.5,0.7971,-0.6038,12.3,13.0,13.0,station
2026-05-10,14.1,15.5,12.9,13.6,12.1,13.4,15.7,12.9,13.7,11.9,13.64,1.28,0.12,66,2,20.5,13.84,0.0,0.7866,-0.6175,14.8,16.0,16.0,station
2026-05-11,16.0,17.3,15.4,16.1,15.7,16.2,16.8,15.4,16.3,15.8,16.1,0.72,0.0,70,0,16.4,13.67,0.0,0.7759,-0.6309,16.6,17.0,17.0,station
2026-05-12,18.6,20.2,18.9,19.4,19.2,18.3,20.3,18.4,18.8,19.7,19.26,0.61,0.16,67,2,18.6,13.43,0.0,0.7649,-0.6442,20.6,22.0,22.0,station
2026-05-13,14.5,15.1,14.5,14.9,15.9,14.5,15.3,15.6,14.9,15.9,14.98,0.58,-0.26,72,64,10.4,11.29,0.0,0.7537,-0.6572,14.6,15.0,15.0,station
2026-05-14,16.0,16.3,15.3,16.4,18.1,16.3,16.3,16.0,16.3,18.1,16.42,1.03,-0.18,75,29,9.3,12.97,0.0,0.7423,-0.6701,16.0,17.0,17.0,station
2026-05-15,17.4,16.9,16.6,17.2,18.6,17.6,17.4,16.7,17.9,19.2,17.34,0.77,-0.42,73,30,11.2,13.08,0.0,0.7306,-0.6828,17.3,18.0,18.0,station
2026-05-16,13.7,13.6,16.1,12.9,16.2,13.6,14.6,15.4,13.0,14.9,14.5,1.54,0.2,82,98,16.5,4.8,0.9,0.7188,-0.6952,13.7,14.0,14.0,station
2026-05-17,13.4,13.8,13.3,13.3,12.7,13.7,14.1,13.5,13.2,13.2,13.3,0.39,-0.24,72,43,13.7,12.03,0.2,0.7067,-0.7075,13.4,14.0,14.0,station
2026-05-18,15.4,16.8,14.3,15.2,15.5,15.0,16.4,14.8,15.0,14.8,15.44,0.9,0.24,70,0,12.1,12.91,0.0,0.6945,-0.7195,15.7,16.0,16.0,station
2026-05-19,16.5,18.2,15.8,16.5,17.1,16.2,18.0,15.9,16.4,17.0,16.82,0.9,0.12,70,0,12.4,12.76,0.0,0.682,-0.7314,17.0,18.0,18.0,station
2026-05-20,13.9,14.6,13.9,14.9,15.4,14.1,14.7,14.2,15.4,14.9,14.54,0.65,-0.12,77,50,15.2,7.85,0.0,0.6693,-0.743,14.3,14.0,14.0,station
2026-05-21,11.4,12.2,12.3,11.8,12.9,11.0,12.4,13.2,11.4,12.6,12.12,0.56,0.0,72,27,9.1,10.39,0.0,0.6564,-0.7544,11.8,12.0,12.0,station
2026-05-22,12.8,12.4,13.5,12.8,14.0,12.5,12.5,13.7,12.3,14.0,13.1,0.64,0.1,78,58,6.9,7.08,0.0,0.6433,-0.7656,12.8,14.0,14.0,station
2026-05-23,14.7,14.1,14.5,14.0,15.6,14.1,14.1,14.7,14.1,15.7,14.58,0.64,0.04,77,46,10.7,11.03,0.0,0.6301,-0.7765,14.7,15.0,15.0,station
2026-05-24,15.3,14.6,15.5,15.1,15.1,15.8,14.7,15.6,15.8,16.1,15.12,0.33,-0.48,90,65,10.6,6.25,0.2,0.6166,-0.7873,14.9,15.0,15.0,station
2026-05-25,18.2,16.6,17.8,17.0,18.5,18.0,16.9,18.2,17.3,18.3,17.62,0.8,-0.12,87,76,7.8,9.01,0.0,0.603,-0.7978,17.3,16.0,16.0,station
2026-05-26,16.4,15.7,17.7,15.6,17.4,17.2,15.4,18.6,16.5,18.3,16.56,0.96,-0.64,91,42,8.9,9.94,0.0,0.5892,-0.808,15.2,12.0,12.0,station
2026-05-27,14.2,14.0,18.0,14.5,17.4,15.4,14.2,18.2,14.3,17.1,15.62,1.92,-0.22,93,100,9.3,5.25,0.0,0.5752,-0.818,14.2,15.0,15.0,station
2026-05-28,16.5,14.9,16.7,15.5,17.9,16.6,15.6,16.8,16.2,17.9,16.3,1.16,-0.32,87,100,11.8,4.33,0.0,0.561,-0.8278,14.9,16.0,16.0,station
2026-05-29,14.8,14.4,15.5,14.9,15.6,15.4,14.6,16.6,15.5,17.3,15.04,0.5,-0.84,87,81,10.5,6.05,0.4,0.5467,-0.8373,15.0,15.0,15.0,station
2026-05-30,16.3,15.4,16.9,15.1,19.0,15.9,15.1,18.1,15.5,16.5,16.54,1.55,0.32,87,45,7.2,9.22,0.0,0.5322,-0.8466,15.8,16.0,16.0,station
2026-05-31,17.2,15.9,17.2,16.6,19.5,16.5,15.2,17.7,15.1,16.3,17.28,1.35,1.12,81,36,6.7,9.88,0.0,0.5176,-0.8556,18.0,18.0,18.0,station
2026-06-01,14.2,14.1,15.8,14.7,16.4,13.9,13.4,15.4,14.2,15.3,15.04,1.02,0.6,87,94,11.5,3.13,0.4,0.5028,-0.8644,14.4,14.0,14.0,station
2026-06-02,15.1,14.9,14.6,14.8,15.3,15.5,14.7,14.9,14.3,15.3,14.94,0.27,0.0,86,81,11.3,7.18,0.0,0.4878,-0.8729,15.7,17.0,17.0,station
2026-06-03,17.4,16.7,17.3,17.4,16.7,16.8,17.0,17.5,17.2,19.2,17.1,0.37,-0.44,83,86,15.7,7.12,0.0,0.4728,-0.8812,17.4,17.0,17.0,station
2026-06-04,16.7,17.7,18.4,16.5,18.4,18.4,17.9,18.5,17.3,18.7,17.54,0.91,-0.62,91,97,11.6,4.17,0.0,0.4575,-0.8892,16.5,17.0,17.0,station
2026-06-05,19.0,17.1,18.9,18.8,,19.4,17.3,20.5,19.1,18.8,18.45,0.9,-0.57,92,73,9.4,5.2,0.0,0.4422,-0.8969,19.2,19.0,19.0,station
2026-06-06,16.5,16.5,19.1,17.7,,18.2,16.8,20.1,19.1,19.9,17.45,1.24,-1.37,94,97,8.2,4.94,0.2,0.4267,-0.9044,17.3,17.0,17.0,station
2026-06-07,16.3,15.0,17.7,15.6,,16.0,14.9,15.3,16.2,14.6,16.15,1.16,0.75,93,100,14.5,2.59,2.5,0.4111,-0.9116,15.8,16.0,16.0,station
2026-06-08,12.6,12.6,11.7,13.3,,13.4,13.1,12.9,14.4,11.2,12.55,0.66,-0.45,95,99,16.2,2.93,44.3,0.3953,-0.9185,13.3,13.0,13.0,station
2026-06-09,14.7,13.5,14.6,13.7,,14.7,13.0,14.9,14.0,12.0,14.12,0.61,0.41,91,74,8.5,5.08,0.0,0.3795,-0.9252,13.8,15.0,15.0,station
2026-06-10,15.2,13.6,15.4,14.4,13.6,15.1,14.1,15.0,14.5,13.9,14.44,0.85,-0.08,90,98,8.8,3.74,0.0,0.3635,-0.9316,15.1,15.0,15.0,station
2026-06-11,17.3,17.3,16.9,15.8,15.4,17.1,16.5,17.1,15.9,14.6,16.54,0.88,0.3,89,53,8.5,9.12,0.0,0.3474,-0.9377,16.9,18.0,18.0,station
2026-06-12,15.9,13.8,16.5,14.4,15.4,16.2,14.7,16.5,14.5,13.8,15.2,1.1,0.06,89,62,9.3,8.65,0.0,0.3312,-0.9436,16.4,17.0,17.0,station
2026-06-13,14.6,13.1,15.1,12.6,12.9,14.3,13.1,14.4,13.3,13.0,13.66,1.11,0.04,95,80,20.0,5.11,3.2,0.3149,-0.9491,14.1,15.0,15.0,station
2026-06-14,9.8,9.9,9.6,9.0,8.9,9.8,9.4,10.8,9.4,8.0,9.44,0.46,-0.04,77,5,14.6,11.22,0.0,0.2986,-0.9544,9.9,10.0,10.0,station
2026-06-15,13.0,14.0,12.5,12.6,11.8,12.5,14.0,12.3,12.0,11.9,12.78,0.81,0.24,71,11,15.1,10.89,0.0,0.2821,-0.9594,13.7,14.0,14.0,station
2026-06-16,16.7,17.9,17.3,16.7,18.3,16.5,17.7,17.3,15.6,17.9,17.38,0.72,0.38,77,6,15.7,10.84,0.0,0.2656,-0.9641,17.9,19.0,19.0,station
2026-06-17,13.5,14.7,13.6,13.6,14.6,13.2,14.2,13.7,13.5,14.5,14.0,0.6,0.18,78,25,14.5,10.85,0.0,0.2489,-0.9685,14.4,15.0,15.0,station
2026-06-18,12.9,11.1,12.9,12.5,13.8,13.3,11.8,12.6,11.2,13.8,12.64,0.98,0.1,85,97,14.5,4.02,9.0,0.2322,-0.9727,12.9,12.0,12.0,station
2026-06-19,14.2,15.1,12.9,14.4,11.3,14.5,15.2,12.7,14.2,11.2,13.58,1.5,0.02,78,31,19.9,10.92,0.8,0.2155,-0.9765,14.4,15.0,15.0,station
2026-06-20,14.9,14.7,13.1,14.5,11.6,14.6,14.2,13.1,14.8,11.8,13.76,1.4,0.06,72,66,11.1,10.28,0.0,0.1986,-0.9801,15.1,16.0,16.0,station
2026-06-21,13.7,15.0,13.7,13.6,13.2,13.7,13.8,13.0,13.7,11.3,13.84,0.68,0.74,75,97,11.6,7.56,0.0,0.1818,-0.9833,15.1,15.0,15.0,station
2026-06-22,11.4,12.1,11.9,12.4,11.8,11.7,11.8,11.9,11.4,11.3,11.92,0.37,0.3,74,64,16.6,9.71,0.0,0.1648,-0.9863,11.3,12.0,12.0,station
2026-06-23,11.3,12.0,10.7,11.1,11.6,11.4,12.4,11.4,11.6,11.3,11.34,0.49,-0.28,69,12,18.0,10.37,0.0,0.1478,-0.989,11.9,12.0,12.0,station
2026-06-24,11.0,10.9,10.4,11.1,11.7,10.7,10.3,10.5,10.4,10.5,11.02,0.47,0.54,80,43,12.3,8.22,0.0,0.1308,-0.9914,10.6,11.0,11.0,station
2026-06-25,11.1,11.7,11.9,11.4,12.7,12.2,12.5,12.3,12.1,13.0,11.76,0.61,-0.66,70,43,19.2,10.61,0.0,0.1137,-0.9935,11.6,12.0,12.0,station
2026-06-26,13.4,13.8,12.7,13.2,14.3,13.2,13.5,13.2,14.2,16.3,13.48,0.61,-0.6,80,21,13.0,10.45,0.0,0.0966,-0.9953,13.5,14.0,14.0,station
2026-06-27,16.0,15.3,14.4,14.5,15.9,15.7,14.9,14.6,14.0,16.2,15.22,0.75,0.14,84,68,11.6,8.85,0.0,0.0795,-0.9968,16.8,19.0,19.0,station
2026-06-28,8.4,13.1,13.0,12.2,13.3,9.7,12.2,12.2,12.0,13.3,12.0,2.06,0.12,86,60,13.9,5.34,1.6,0.0623,-0.9981,13.8,15.0,15.0,station
2026-06-29,13.9,15.1,13.7,14.1,14.2,13.9,14.6,13.6,13.3,14.3,14.2,0.54,0.26,75,12,11.5,10.84,0.0,0.0451,-0.999,14.4,15.0,15.0,station
2026-06-30,13.5,14.0,13.2,13.8,13.5,13.3,13.8,13.0,13.7,13.8,13.6,0.31,0.08,78,3,9.6,10.82,0.0,0.028,-0.9996,14.0,15.0,15.0,station
2026-07-01,12.9,13.6,12.1,13.0,12.4,12.6,12.4,12.5,12.6,12.5,12.8,0.58,0.28,83,70,17.3,8.65,0.2,0.0108,-0.9999,13.1,15.0,15.0,station
2026-07-02,7.6,8.2,8.3,8.3,8.4,7.9,8.0,8.5,8.6,8.6,8.16,0.32,-0.16,72,6,13.9,11.14,0.0,-0.0065,-1.0,8.0,9.0,9.0,station
2026-07-03,8.3,9.2,8.8,8.7,9.3,8.4,9.1,9.2,9.5,9.3,8.86,0.4,-0.24,75,5,8.9,11.27,0.0,-0.0237,-0.9997,9.2,10.0,10.0,station
2026-07-04,10.4,10.2,9.3,10.8,11.1,10.8,9.9,10.5,11.5,12.3,10.36,0.69,-0.64,83,46,8.4,6.38,0.0,-0.0408,-0.9992,9.7,10.0,10.0,station
2026-07-05,7.3,8.4,6.6,8.1,7.3,9.2,8.9,8.2,9.0,10.7,7.54,0.72,-1.66,96,78,11.2,3.11,3.6,-0.058,-0.9983,9.0,9.0,9.0,station
2026-07-06,10.2,8.6,10.2,9.6,10.4,10.3,10.9,10.5,10.0,10.5,9.8,0.73,-0.64,85,38,13.1,10.66,0.3,-0.0752,-0.9972,10.7,11.0,11.0,station
2026-07-07,15.4,17.1,14.3,15.7,16.1,15.4,16.9,15.0,16.0,16.5,15.72,1.02,-0.24,70,40,17.6,10.96,0.0,-0.0923,-0.9957,16.1,18.0,18.0,station
2026-07-08,16.7,17.3,16.0,17.7,17.4,16.6,16.7,16.4,16.6,17.9,17.02,0.68,0.18,65,81,17.5,10.58,0.0,-0.1094,-0.994,17.3,18.0,18.0,station
2026-07-09,16.7,18.8,16.9,15.9,18.4,16.0,17.8,16.3,14.4,18.8,17.34,1.22,0.68,75,95,9.4,6.72,0.0,-0.1265,-0.992,16.6,18.0,18.0,station
2026-07-10,12.6,12.8,13.2,12.8,15.9,13.0,12.9,13.5,12.3,14.6,13.46,1.38,0.2,95,97,10.7,3.16,2.2,-0.1436,-0.9896,11.9,14.0,14.0,station
2026-07-11,14.2,13.0,13.6,13.0,15.0,13.4,12.4,14.3,12.3,15.9,13.76,0.85,0.1,92,93,16.1,6.49,1.0,-0.1606,-0.987,11.7,12.0,12.0,station
2026-07-12,11.7,11.0,12.0,11.9,11.9,11.1,11.1,11.8,12.0,11.9,11.7,0.41,0.12,86,61,13.1,7.51,0.0,-0.1775,-0.9841,11.1,12.0,12.0,station
2026-07-13,11.8,11.9,12.5,12.5,13.7,11.8,11.8,12.7,13.4,13.8,12.48,0.76,-0.22,86,60,14.4,8.88,0.0,-0.1944,-0.9809,10.2,9.0,9.0,station
2026-07-14,15.7,14.7,16.3,14.9,16.5,15.8,15.4,15.4,15.0,16.4,15.62,0.81,0.02,82,87,14.7,10.3,0.0,-0.2113,-0.9774,15.0,16.0,16.0,station
2026-07-15,17.3,18.3,18.0,15.7,18.5,17.7,18.0,17.5,16.2,19.3,17.56,1.13,-0.18,73,100,16.0,5.18,0.0,-0.2281,-0.9736,17.7,18.0,18.0,station
2026-07-16,22.2,23.4,21.4,22.0,21.9,20.1,23.1,22.1,19.7,21.0,22.18,0.74,0.98,77,75,18.0,8.56,1.0,-0.2448,-0.9696,22.7,24.0,24.0,station
2026-07-17,20.9,23.2,25.9,21.8,22.8,19.6,23.3,25.7,21.8,28.2,22.92,1.89,-0.8,88,88,18.2,5.97,4.4,-0.2614,-0.9652,23.6,24.0,24.0,station
2026-07-18,16.2,17.1,17.6,17.9,17.2,17.3,16.8,17.7,17.8,17.6,17.2,0.64,-0.24,93,97,15.0,5.08,0.3,-0.278,-0.9606,17.9,19.0,19.0,station
2026-07-19,13.0,13.5,11.6,12.9,12.0,13.7,14.6,11.3,11.1,13.2,12.6,0.78,-0.18,88,92,23.2,4.01,19.1,-0.2945,-0.9557,12.9,13.0,13.0,station
2026-07-20,14.0,12.5,14.3,11.7,12.2,13.5,13.0,13.8,12.1,13.0,12.94,1.15,-0.14,87,100,21.2,3.78,3.2,-0.3109,-0.9505,13.8,15.0,15.0,station
2026-07-21,12.6,12.5,11.7,12.3,12.1,13.6,13.4,13.8,13.8,13.4,12.24,0.36,-1.36,90,99,16.7,3.48,0.1,-0.3272,-0.945,12.7,13.0,13.0,station
2026-07-22,12.6,12.7,12.2,12.9,10.7,13.6,12.3,12.6,14.1,12.6,12.22,0.89,-0.82,82,98,14.4,6.75,1.9,-0.3434,-0.9392,13.9,15.0,15.0,station
2026-07-23,14.3,12.5,13.6,13.3,14.4,13.6,11.7,14.1,13.8,14.2,13.62,0.78,0.14,83,70,14.7,10.68,0.0,-0.3595,-0.9332,14.9,16.0,16.0,station
2026-07-24,16.6,15.4,16.4,16.2,17.2,16.1,15.5,15.2,14.8,16.3,16.36,0.65,0.78,83,87,11.0,6.02,0.4,-0.3755,-0.9268,16.9,17.0,17.0,station
2026-07-25,16.5,14.7,16.6,16.8,17.5,16.6,14.8,16.9,16.3,16.3,16.42,1.04,0.24,90,88,9.1,9.99,0.0,-0.3914,-0.9202,17.3,18.0,18.0,station
2026-07-26,19.8,18.8,18.8,18.3,19.1,19.4,18.5,19.4,17.5,20.0,18.96,0.55,0.0,83,55,10.8,12.09,0.4,-0.4071,-0.9134,19.6,20.0,20.0,station
2026-07-27,18.4,17.4,20.0,18.6,19.4,17.7,16.9,18.8,16.9,17.6,18.76,0.99,1.18,91,83,15.0,6.92,0.1,-0.4228,-0.9062,18.5,18.0,18.0,station
2026-07-28,17.7,15.4,17.9,17.9,18.7,16.9,15.5,19.3,19.1,19.2,17.52,1.25,-0.48,90,84,15.7,7.72,0.3,-0.4383,-0.8988,17.4,,,
