datum,p1_ifs,p1_aifs,p1_gfs,p1_icon,p1_gem,p2_ifs,p2_aifs,p2_gfs,p2_icon,p2_gem,mm_gem,mm_spreiding,run2run,rh_gem,bewolking_gem,wind_max,instraling_som,neerslag_som,doy_sin,doy_cos,era5_max,station_max,doel,doelbron
2021-01-01,,,,,,,,,,,,,,77,99,27.1,6.96,0.8,0.0172,0.9999,6.7,5.0,5.0,station
2021-01-02,,,,,,,,,,,,,,66,41,16.8,11.76,0.0,0.0344,0.9994,11.8,12.8,12.8,station
2021-01-03,,,,,,,,,,,,,,57,5,23.3,12.82,0.0,0.0516,0.9987,16.3,19.4,19.4,station
2021-01-04,,,,,,,,,,,,,,71,18,13.1,12.83,0.0,0.0688,0.9976,16.9,20.0,20.0,station
2021-01-05,,,,,,,,,,,,,,71,33,19.3,12.68,0.0,0.0859,0.9963,16.6,19.4,19.4,station
2021-01-06,,,,,,,,,,,,,,77,85,31.7,7.29,14.3,0.103,0.9947,15.7,16.1,16.1,station
2021-01-07,,,,,,,,,,,,,,69,93,27.7,5.05,1.6,0.1201,0.9928,9.2,8.9,8.9,station
2021-01-08,,,,,,,,,,,,,,70,65,16.4,7.73,0.0,0.1372,0.9905,8.7,10.0,10.0,station
2021-01-09,,,,,,,,,,,,,,72,42,12.8,12.41,0.0,0.1542,0.988,7.8,10.0,10.0,station
2021-01-10,,,,,,,,,,,,,,80,95,18.0,2.77,4.8,0.1712,0.9852,3.8,5.0,5.0,station
2021-01-11,,,,,,,,,,,,,,74,20,14.1,13.07,0.6,0.1881,0.9821,7.5,9.4,9.4,station
2021-01-12,,,,,,,,,,,,,,72,35,12.5,13.47,0.0,0.205,0.9788,10.6,11.7,11.7,station
2021-01-13,,,,,,,,,,,,,,67,17,19.6,13.85,0.0,0.2218,0.9751,15.0,17.2,17.2,station
2021-01-14,,,,,,,,,,,,,,48,23,35.2,13.41,0.0,0.2385,0.9711,16.1,18.3,18.3,station
2021-01-15,,,,,,,,,,,,,,29,3,40.6,14.19,0.0,0.2552,0.9669,11.3,12.2,12.2,station
2021-01-16,,,,,,,,,,,,,,39,34,15.2,13.8,0.0,0.2718,0.9624,11.9,14.4,14.4,station
2021-01-17,,,,,,,,,,,,,,48,28,18.3,11.08,0.0,0.2883,0.9575,14.9,15.6,15.6,station
2021-01-18,,,,,,,,,,,,,,68,32,28.0,8.99,0.4,0.3047,0.9524,16.9,20.0,20.0,station
2021-01-19,,,,,,,,,,,,,,59,97,23.6,4.35,14.1,0.3211,0.9471,13.5,15.6,15.6,station
2021-01-20,,,,,,,,,,,,,,73,99,15.1,3.37,7.0,0.3373,0.9414,9.9,10.6,10.6,station
2021-01-21,,,,,,,,,,,,,,89,93,16.1,3.12,1.0,0.3534,0.9355,14.3,12.8,12.8,station
2021-01-22,,,,,,,,,,,,,,91,98,16.3,4.39,2.9,0.3695,0.9292,12.2,11.7,11.7,station
2021-01-23,,,,,,,,,,,,,,90,98,16.9,4.71,0.8,0.3854,0.9227,13.8,11.7,11.7,station
2021-01-24,,,,,,,,,,,,,,95,99,19.0,4.5,7.5,0.4012,0.916,17.8,18.9,18.9,station
2021-01-25,,,,,,,,,,,,,,68,30,41.3,14.71,2.0,0.4169,0.9089,20.4,20.6,20.6,station
2021-01-26,,,,,,,,,,,,,,63,5,19.1,14.84,0.0,0.4325,0.9016,13.7,15.6,15.6,station
2021-01-27,,,,,,,,,,,,,,67,24,27.5,15.12,0.3,0.4479,0.8941,9.6,10.6,10.6,station
2021-01-28,,,,,,,,,,,,,,71,80,13.8,13.87,0.0,0.4633,0.8862,8.6,10.0,10.0,station
2021-01-29,,,,,,,,,,,,,,73,56,23.1,13.9,0.0,0.4784,0.8781,15.5,16.7,16.7,station
2021-01-30,,,,,,,,,,,,,,62,50,44.6,11.39,2.9,0.4935,0.8698,22.6,25.0,25.0,station
2021-01-31,,,,,,,,,,,,,,57,1,36.0,15.5,0.0,0.5084,0.8611,13.8,14.4,14.4,station
2021-02-01,,,,,,,,,,,,,,61,20,17.7,15.82,0.0,0.5231,0.8523,13.2,15.0,15.0,station
2021-02-02,,,,,,,,,,,,,,63,43,15.4,15.48,0.0,0.5377,0.8432,15.6,17.8,17.8,station
2021-02-03,,,,,,,,,,,,,,69,37,30.8,14.98,0.0,0.5521,0.8338,20.0,21.7,21.7,station
2021-02-04,,,,,,,,,,,,,,66,35,32.6,14.07,0.0,0.5664,0.8242,19.5,18.9,18.9,station
2021-02-05,,,,,,,,,,,,,,49,49,17.7,11.15,0.0,0.5805,0.8143,13.3,15.6,15.6,station
2021-02-06,,,,,,,,,,,,,,76,45,31.1,8.58,1.3,0.5944,0.8042,14.8,15.0,15.0,station
2021-02-07,,,,,,,,,,,,,,78,34,18.5,12.58,0.0,0.6081,0.7938,13.3,14.4,14.4,station
2021-02-08,,,,,,,,,,,,,,85,49,26.6,6.25,0.9,0.6217,0.7833,19.6,20.0,20.0,station
2021-02-09,,,,,,,,,,,,,,74,82,19.2,9.5,0.2,0.6351,0.7725,9.2,4.4,4.4,station
2021-02-10,,,,,,,,,,,,,,83,99,21.6,6.1,6.3,0.6483,0.7614,4.6,0.6,0.6,station
2021-02-11,,,,,,,,,,,,,,67,78,22.4,12.55,1.8,0.6613,0.7502,5.3,-1.1,-1.1,station
2021-02-12,,,,,,,,,,,,,,56,73,22.0,9.77,0.0,0.6741,0.7387,2.2,-2.8,-2.8,station
2021-02-13,,,,,,,,,,,,,,52,91,22.5,9.22,0.1,0.6867,0.727,0.5,1.7,1.7,station
2021-02-14,,,,,,,,,,,,,,60,100,28.4,3.06,5.7,0.6991,0.715,-5.5,-5.6,-5.6,station
2021-02-15,,,,,,,,,,,,,,69,55,27.9,17.79,0.4,0.7113,0.7029,-11.5,-10.0,-10.0,station
2021-02-16,,,,,,,,,,,,,,70,68,15.0,15.29,0.4,0.7233,0.6906,-7.6,-6.7,-6.7,station
2021-02-17,,,,,,,,,,,,,,86,99,15.0,9.53,3.5,0.735,0.678,-3.5,-1.7,-1.7,station
2021-02-18,,,,,,,,,,,,,,79,83,23.4,13.92,0.0,0.7466,0.6653,-2.0,-0.6,-0.6,station
2021-02-19,,,,,,,,,,,,,,78,2,13.2,19.72,0.0,0.7579,0.6523,0.4,5.6,5.6,station
2021-02-20,,,,,,,,,,,,,,71,0,25.4,19.07,0.0,0.769,0.6392,11.2,13.9,13.9,station
2021-02-21,,,,,,,,,,,,,,70,31,31.7,11.33,0.0,0.7799,0.6259,20.6,23.9,23.9,station
2021-02-22,,,,,,,,,,,,,,61,0,17.1,19.25,0.0,0.7906,0.6124,19.0,21.1,21.1,station
2021-02-23,,,,,,,,,,,,,,57,5,31.7,18.8,0.0,0.801,0.5987,23.9,26.1,26.1,station
2021-02-24,,,,,,,,,,,,,,61,1,29.5,19.04,0.0,0.8112,0.5848,20.2,22.8,22.8,station
2021-02-25,,,,,,,,,,,,,,62,71,20.4,8.97,20.2,0.8211,0.5708,14.8,12.8,12.8,station
2021-02-26,,,,,,,,,,,,,,86,88,16.4,11.75,36.4,0.8308,0.5566,17.1,14.4,14.4,station
2021-02-27,,,,,,,,,,,,,,90,99,24.9,5.13,34.4,0.8402,0.5422,22.2,22.2,22.2,station
2021-02-28,,,,,,,,,,,,,,84,99,24.7,6.7,14.0,0.8495,0.5277,21.3,24.4,24.4,station
2021-03-01,,,,,,,,,,,,,,63,74,30.7,8.56,7.1,0.8584,0.513,13.8,15.0,15.0,station
2021-03-02,,,,,,,,,,,,,,63,19,9.7,20.42,0.2,0.8671,0.4981,14.8,17.8,17.8,station
2021-03-03,,,,,,,,,,,,,,62,0,15.9,20.61,0.0,0.8755,0.4831,18.7,21.1,21.1,station
2021-03-04,,,,,,,,,,,,,,63,8,23.9,19.31,0.0,0.8837,0.468,20.7,22.8,22.8,station
2021-03-05,,,,,,,,,,,,,,69,49,29.9,17.13,0.3,0.8916,0.4527,20.2,21.7,21.7,station
2021-03-06,,,,,,,,,,,,,,62,8,20.6,20.86,0.0,0.8993,0.4373,16.5,18.3,18.3,station
2021-03-07,,,,,,,,,,,,,,55,33,19.4,21.36,0.0,0.9067,0.4218,17.6,19.4,19.4,station
2021-03-08,,,,,,,,,,,,,,52,36,22.7,21.1,0.0,0.9138,0.4061,19.8,21.1,21.1,station
2021-03-09,,,,,,,,,,,,,,76,75,33.5,8.59,1.3,0.9207,0.3904,21.4,22.2,22.2,station
2021-03-10,,,,,,,,,,,,,,72,93,35.1,8.08,0.4,0.9272,0.3745,23.7,24.4,24.4,station
2021-03-11,,,,,,,,,,,,,,74,99,33.1,7.47,1.3,0.9335,0.3585,25.5,25.6,25.6,station
2021-03-12,,,,,,,,,,,,,,82,98,31.4,10.24,3.4,0.9396,0.3424,26.0,26.1,26.1,station
2021-03-13,,,,,,,,,,,,,,77,79,30.3,7.02,2.0,0.9453,0.3261,24.1,25.6,25.6,station
2021-03-14,,,,,,,,,,,,,,63,58,32.0,11.34,6.2,0.9508,0.3098,21.4,23.9,23.9,station
2021-03-15,,,,,,,,,,,,,,41,16,22.4,22.47,0.0,0.956,0.2934,25.8,27.2,27.2,station
2021-03-16,,,,,,,,,,,,,,73,91,26.3,13.05,0.9,0.9609,0.2769,25.6,27.2,27.2,station
2021-03-17,,,,,,,,,,,,,,60,40,45.3,21.8,11.1,0.9655,0.2604,20.2,22.2,22.2,station
2021-03-18,,,,,,,,,,,,,,50,1,32.0,22.9,0.0,0.9698,0.2437,15.6,17.8,17.8,station
2021-03-19,,,,,,,,,,,,,,60,10,20.9,22.25,0.0,0.9739,0.227,17.7,18.9,18.9,station
2021-03-20,,,,,,,,,,,,,,66,2,19.5,22.55,0.0,0.9777,0.2102,18.7,20.0,20.0,station
2021-03-21,,,,,,,,,,,,,,65,26,25.4,23.0,0.0,0.9811,0.1934,19.4,20.6,20.6,station
2021-03-22,,,,,,,,,,,,,,84,93,32.9,3.88,21.9,0.9843,0.1765,17.1,17.8,17.8,station
2021-03-23,,,,,,,,,,,,,,60,0,24.4,23.55,0.0,0.9872,0.1595,21.7,23.3,23.3,station
2021-03-24,,,24.5,,,,,,,,,,,68,33,26.6,20.91,18.4,0.9898,0.1425,23.5,25.6,25.6,station
2021-03-25,,,19.8,,,,,20.9,,,,,,74,47,35.0,19.69,25.9,0.9921,0.1255,19.7,20.6,20.6,station
2021-03-26,,,24.4,,,,,23.9,,,,,,66,0,23.1,23.82,0.0,0.9941,0.1084,23.9,26.1,26.1,station
2021-03-27,,,24.0,,,,,24.4,,,,,,75,42,31.4,16.46,0.1,0.9958,0.0913,26.0,27.2,27.2,station
2021-03-28,,,20.6,,,,,20.5,,,,,,49,7,29.2,23.91,0.0,0.9972,0.0741,21.1,23.3,23.3,station
2021-03-29,,,21.4,,,,,21.4,,,,,,52,8,26.2,24.8,0.0,0.9984,0.057,23.2,25.0,25.0,station
2021-03-30,,,22.1,,,,,23.0,,,,,,68,90,33.5,12.99,2.7,0.9992,0.0398,27.2,26.7,26.7,station
2021-03-31,,,16.7,,,,,19.2,,,,,,37,50,32.1,20.28,1.1,0.9997,0.0226,19.0,20.0,20.0,station
2021-04-01,,,18.3,,,,,18.9,,,,,,44,4,12.0,25.3,0.0,1.0,0.0054,18.4,20.6,20.6,station
2021-04-02,,,17.5,,,,,17.7,,,,,,49,59,22.3,22.24,0.1,0.9999,-0.0118,19.2,20.0,20.0,station
2021-04-03,,,20.5,,,,,19.1,,,,,,51,80,20.5,21.71,0.0,0.9996,-0.029,21.9,20.6,20.6,station
2021-04-04,,,23.0,,,,,22.1,,,,,,63,78,18.1,15.35,0.0,0.9989,-0.0462,23.1,22.8,22.8,station
2021-04-05,,,25.3,,,,,24.7,,,,,,66,34,25.9,19.64,0.0,0.998,-0.0634,25.1,25.6,25.6,station
2021-04-06,,,23.1,,,,,23.4,,,,,,70,80,40.0,11.61,1.0,0.9968,-0.0805,27.8,27.8,27.8,station
2021-04-07,,,25.5,,,,,25.6,,,,,,54,43,33.1,23.0,1.5,0.9952,-0.0977,26.4,26.1,26.1,station
2021-04-08,,,26.8,,,,,28.6,,,,,,49,31,20.2,24.77,0.0,0.9934,-0.1148,27.7,28.9,28.9,station
2021-04-09,,,33.6,,,,,34.1,,,,,,74,74,39.4,14.59,2.3,0.9913,-0.1319,29.5,28.9,28.9,station
2021-04-10,,,22.5,,,,,23.3,,,,,,44,7,32.0,26.27,0.0,0.9889,-0.1489,22.6,23.3,23.3,station
2021-04-11,,,28.5,,,,,26.7,,,,,,43,0,23.5,26.14,0.0,0.9861,-0.1659,28.5,29.4,29.4,station
2021-04-12,,,26.0,,,,,26.9,,,,,,49,72,20.9,21.0,0.0,0.9831,-0.1828,30.4,29.4,29.4,station
2021-04-13,,,22.8,,,,,22.7,,,,,,55,77,20.6,21.43,2.7,0.9799,-0.1997,26.3,27.8,27.8,station
2021-04-14,,,17.4,,,,,17.7,,,,,,75,75,20.9,14.79,21.7,0.9763,-0.2165,22.8,23.3,23.3,station
2021-04-15,,,19.3,,,,,19.0,,,,,,79,97,22.7,13.19,16.7,0.9724,-0.2333,21.0,17.2,17.2,station
2021-04-16,,,17.6,,,,,18.7,,,,,,88,99,18.1,5.35,20.0,0.9683,-0.25,16.9,16.1,16.1,station
2021-04-17,,,16.6,,,,,16.6,,,,,,61,79,27.7,22.97,0.0,0.9638,-0.2666,16.8,16.1,16.1,station
2021-04-18,,,18.3,,,,,18.5,,,,,,57,21,17.9,23.86,0.0,0.9591,-0.2831,19.0,20.6,20.6,station
2021-04-19,,,23.2,,,,,21.4,,,,,,55,41,19.5,23.88,0.0,0.9541,-0.2996,21.5,23.9,23.9,station
2021-04-20,,,21.4,,,,,18.4,,,,,,55,4,29.4,26.17,0.0,0.9488,-0.316,16.1,16.7,16.7,station
2021-04-21,,,16.8,,,,,16.0,,,,,,50,33,14.0,25.52,0.0,0.9432,-0.3322,15.8,16.7,16.7,station
2021-04-22,,,17.7,,,,,17.3,,,,,,52,91,20.6,10.98,0.9,0.9373,-0.3484,17.8,18.3,18.3,station
2021-04-23,,,22.7,,,,,19.8,,,,,,86,76,27.0,9.45,13.9,0.9312,-0.3645,22.4,21.7,21.7,station
2021-04-24,,,23.3,,,,,23.2,,,,,,78,49,22.5,19.73,0.1,0.9248,-0.3804,23.5,22.2,22.2,station
2021-04-25,,,26.2,,,,,25.8,,,,,,74,10,23.3,27.05,0.0,0.9181,-0.3963,26.2,27.8,27.8,station
2021-04-26,,,27.5,,,,,26.5,,,,,,69,91,31.4,22.91,0.0,0.9112,-0.412,27.4,27.8,27.8,station
2021-04-27,,,25.8,,,,,22.9,,,,,,80,99,29.6,6.84,0.5,0.9039,-0.4276,26.0,24.4,24.4,station
2021-04-28,,,30.3,,,,,27.9,,,,,,80,86,36.8,13.14,10.6,0.8965,-0.4431,29.8,28.3,28.3,station
2021-04-29,,,23.4,,,,,23.0,,,,,,86,87,25.1,14.55,52.9,0.8887,-0.4585,24.5,23.9,23.9,station
2021-04-30,,,20.1,,,,,24.9,,,,,,83,88,27.8,11.71,10.7,0.8807,-0.4737,22.7,20.6,20.6,station
2021-05-01,,,20.7,,,,,21.8,,,,,,91,100,16.2,7.79,13.7,0.8724,-0.4888,22.6,22.8,22.8,station
2021-05-02,,,26.9,,,,,27.6,,,,,,81,69,21.6,16.5,3.0,0.8639,-0.5037,26.5,27.8,27.8,station
2021-05-03,,,32.4,,,,,31.4,,,,,,81,56,29.9,20.86,34.8,0.8551,-0.5185,30.6,32.8,32.8,station
2021-05-04,,,21.5,,,,,23.0,,,,,,77,52,24.5,13.46,0.6,0.846,-0.5331,22.5,24.4,24.4,station
2021-05-05,,,23.7,,,,,23.5,,,,,,63,32,12.2,28.31,0.0,0.8367,-0.5476,22.5,25.6,25.6,station
2021-05-06,,,26.5,,,,,26.2,,,,,,66,11,12.7,26.65,0.0,0.8272,-0.5619,26.2,28.9,28.9,station
2021-05-07,,,27.6,,,,,27.0,,,,,,67,17,24.1,27.74,0.0,0.8174,-0.5761,28.0,30.0,30.0,station
2021-05-08,,,28.4,,,,,28.3,,,,,,65,49,39.9,18.95,0.4,0.8074,-0.59,30.2,31.1,31.1,station
2021-05-09,,,24.7,,,,,30.6,,,,,,71,43,31.8,20.05,1.8,0.7971,-0.6038,28.9,28.9,28.9,station
2021-05-10,,,20.9,,,,,20.2,,,,,,81,90,22.7,10.8,19.0,0.7866,-0.6175,18.2,18.3,18.3,station
2021-05-11,,,18.7,,,,,16.7,,,,,,91,100,25.1,7.02,16.9,0.7759,-0.6309,19.1,16.7,16.7,station
2021-05-12,,,16.1,,,,,17.2,,,,,,80,98,18.0,12.05,0.4,0.7649,-0.6442,19.4,17.8,17.8,station
2021-05-13,,,23.3,,,,,22.3,,,,,,65,81,13.6,21.19,0.0,0.7537,-0.6572,22.5,24.4,24.4,station
2021-05-14,,,24.2,,,,,24.0,,,,,,65,53,17.4,20.87,0.0,0.7423,-0.6701,23.7,25.6,25.6,station
2021-05-15,,,27.4,,,,,25.3,,,,,,73,96,23.7,17.7,0.0,0.7306,-0.6828,26.4,27.8,27.8,station
2021-05-16,,,21.2,,,,,21.1,,,,,,91,88,27.3,8.61,26.9,0.7188,-0.6952,23.2,23.9,23.9,station
2021-05-17,,,28.9,,,,,28.5,,,,,,82,86,22.1,18.55,7.8,0.7067,-0.7075,28.8,27.2,27.2,station
2021-05-18,,,28.0,,,,,27.7,,,,,,87,94,27.2,15.43,14.4,0.6945,-0.7195,25.5,23.3,23.3,station
2021-05-19,,,24.8,,,,,26.6,,,,,,80,100,17.8,18.01,0.4,0.682,-0.7314,26.3,27.8,27.8,station
2021-05-20,,,25.9,,,,,25.6,,,,,,89,89,14.3,6.84,25.9,0.6693,-0.743,23.3,26.7,26.7,station
2021-05-21,,,26.0,,,,,25.5,,,,,,84,90,21.1,14.83,2.2,0.6564,-0.7544,27.1,29.4,29.4,station
2021-05-22,,,24.6,,,,,23.3,,,,,,91,100,24.9,6.75,16.2,0.6433,-0.7656,25.1,26.7,26.7,station
2021-05-23,,,23.2,,,,,21.3,,,,,,87,99,24.0,6.44,13.3,0.6301,-0.7765,24.5,25.6,25.6,station
2021-05-24,,,22.7,,,,,21.9,,,,,,91,98,23.3,10.29,38.2,0.6166,-0.7873,25.2,26.1,26.1,station
2021-05-25,,,27.6,,,,,28.1,,,,,,88,94,23.1,12.83,41.5,0.603,-0.7978,26.8,27.2,27.2,station
2021-05-26,,,27.4,,,,,28.9,,,,,,81,84,18.0,21.23,0.0,0.5892,-0.808,30.3,32.8,32.8,station
2021-05-27,,,30.0,,,,,30.1,,,,,,78,79,30.5,17.16,0.2,0.5752,-0.818,29.6,31.7,31.7,station
2021-05-28,,,30.2,,,,,30.1,,,,,,83,97,19.3,15.64,35.7,0.561,-0.8278,27.1,27.2,27.2,station
2021-05-29,,,26.1,,,,,22.8,,,,,,74,58,18.7,22.86,0.2,0.5467,-0.8373,27.5,30.0,30.0,station
2021-05-30,,,23.7,,,,,23.6,,,,,,79,79,20.2,14.32,1.1,0.5322,-0.8466,24.3,25.0,25.0,station
2021-05-31,,,25.8,,,,,25.8,,,,,,86,98,23.0,9.52,22.4,0.5176,-0.8556,26.0,23.9,23.9,station
2021-06-01,,,23.4,,,,,24.5,,,,,,81,73,18.9,14.44,0.4,0.5028,-0.8644,24.1,22.8,22.8,station
2021-06-02,,,27.4,,,,,27.2,,,,,,81,52,10.2,21.62,0.8,0.4878,-0.8729,25.4,28.3,28.3,station
2021-06-03,,,29.5,,,,,27.7,,,,,,77,73,11.1,20.78,0.4,0.4728,-0.8812,26.4,27.2,27.2,station
2021-06-04,,,28.2,,,,,28.5,,,,,,86,99,14.6,14.44,2.0,0.4575,-0.8892,25.4,27.2,27.2,station
2021-06-05,,,26.9,,,,,27.2,,,,,,87,92,10.8,18.52,36.8,0.4422,-0.8969,27.1,29.4,29.4,station
2021-06-06,,,30.0,,,,,29.6,,,,,,86,83,19.6,19.43,13.2,0.4267,-0.9044,28.5,30.6,30.6,station
2021-06-07,,,28.5,,,,,28.5,,,,,,90,91,20.3,7.16,33.5,0.4111,-0.9116,27.0,26.7,26.7,station
2021-06-08,,,29.6,,,,,30.9,,,,,,85,96,25.6,20.02,3.8,0.3953,-0.9185,31.1,31.1,31.1,station
2021-06-09,,,31.1,,,,,32.3,,,,,,82,82,22.7,12.33,0.6,0.3795,-0.9252,31.9,32.8,32.8,station
2021-06-10,,,32.3,,,,,32.6,,,,,,79,49,21.3,14.85,0.2,0.3635,-0.9316,31.0,32.8,32.8,station
2021-06-11,,,32.4,,,,,31.9,,,,,,77,33,27.0,21.58,0.5,0.3474,-0.9377,32.1,32.8,32.8,station
2021-06-12,,,34.8,,,,,34.7,,,,,,76,50,26.3,24.8,0.2,0.3312,-0.9436,33.5,32.8,32.8,station
2021-06-13,,,35.7,,,,,36.4,,,,,,77,48,8.7,26.06,0.2,0.3149,-0.9491,34.1,37.2,37.2,station
2021-06-14,,,34.5,,,,,33.8,,,,,,77,53,11.5,21.7,2.1,0.2986,-0.9544,32.9,35.6,35.6,station
2021-06-15,,,35.5,,,,,35.2,,,,,,69,4,11.5,28.35,0.0,0.2821,-0.9594,33.3,35.0,35.0,station
2021-06-16,,,35.8,,,,,35.7,,,,,,66,2,9.8,29.25,0.0,0.2656,-0.9641,34.2,35.6,35.6,station
2021-06-17,,,35.7,,,,,36.7,,,,,,63,16,14.8,26.31,0.0,0.2489,-0.9685,34.1,36.1,36.1,station
2021-06-18,,,34.0,,,,,33.9,,,,,,64,15,14.5,26.92,0.1,0.2322,-0.9727,33.3,33.9,33.9,station
2021-06-19,,,34.9,,,,,35.7,,,,,,60,3,13.9,29.44,0.0,0.2155,-0.9765,33.5,35.0,35.0,station
2021-06-20,,,35.6,,,,,35.8,,,,,,58,7,23.4,28.8,0.0,0.1986,-0.9801,34.8,35.6,35.6,station
2021-06-21,,,30.8,,,,,32.6,,,,,,78,72,22.9,15.81,12.0,0.1818,-0.9833,30.6,33.3,33.3,station
2021-06-22,,,30.5,,,,,29.4,,,,,,68,55,18.0,18.65,1.4,0.1648,-0.9863,28.5,30.0,30.0,station
2021-06-23,,,34.9,,,,,33.8,,,,,,71,39,21.7,22.41,1.0,0.1478,-0.989,34.1,35.6,35.6,station
2021-06-24,,,35.2,,,,,35.6,,,,,,66,35,23.8,27.55,0.0,0.1308,-0.9914,35.6,35.0,35.0,station
2021-06-25,,,35.6,,,,,34.2,,,,,,64,32,27.4,26.72,0.4,0.1137,-0.9935,35.4,35.6,35.6,station
2021-06-26,,,35.2,,,,,35.6,,,,,,61,38,28.0,21.75,0.2,0.0966,-0.9953,34.8,35.0,35.0,station
2021-06-27,,,34.3,,,,,33.6,,,,,,77,64,21.7,19.34,6.7,0.0795,-0.9968,31.4,33.3,33.3,station
2021-06-28,,,30.2,,,,,30.2,,,,,,89,96,19.5,10.39,23.2,0.0623,-0.9981,26.7,29.4,29.4,station
2021-06-29,,,29.1,,,,,31.6,,,,,,86,87,21.6,19.64,38.7,0.0451,-0.999,29.2,32.2,32.2,station
2021-06-30,,,33.0,,,,,31.5,,,,,,85,79,10.1,18.39,2.7,0.028,-0.9996,29.3,33.9,33.9,station
2021-07-01,,,34.8,,,,,34.8,,,,,,82,81,15.8,24.3,9.8,0.0108,-0.9999,31.9,35.6,35.6,station
2021-07-02,,,32.0,,,,,31.0,,,,,,85,91,15.0,16.15,14.0,-0.0065,-1.0,29.7,30.6,30.6,station
2021-07-03,,,30.5,,,,,30.3,,,,,,83,60,19.3,15.88,21.5,-0.0237,-0.9997,27.2,29.4,29.4,station
2021-07-04,,,31.2,,,,,31.5,,,,,,71,51,14.7,25.81,3.9,-0.0408,-0.9992,29.4,31.7,31.7,station
2021-07-05,,,31.8,,,,,32.8,,,,,,73,48,18.0,23.49,14.2,-0.058,-0.9983,30.3,31.7,31.7,station
2021-07-06,,,32.6,,,,,33.3,,,,,,82,33,16.8,22.23,7.0,-0.0752,-0.9972,31.2,32.8,32.8,station
2021-07-07,,,34.0,,,,,34.1,,,,,,78,25,10.4,25.67,1.0,-0.0923,-0.9957,31.0,33.9,33.9,station
2021-07-08,,,32.5,,,,,32.9,,,,,,74,14,22.5,25.62,0.2,-0.1094,-0.994,32.1,33.9,33.9,station
2021-07-09,,,26.8,,,,,27.8,,,,,,80,28,27.9,21.27,1.9,-0.1265,-0.992,30.0,30.0,30.0,station
2021-07-10,,,33.9,,,,,33.7,,,,,,73,37,26.0,23.21,0.5,-0.1436,-0.9896,33.3,33.9,33.9,station
2021-07-11,,,34.2,,,,,32.4,,,,,,71,63,23.3,23.52,0.9,-0.1606,-0.987,33.1,33.3,33.3,station
2021-07-12,,,33.7,,,,,32.5,,,,,,73,27,11.9,25.17,0.1,-0.1775,-0.9841,31.7,31.7,31.7,station
2021-07-13,,,35.4,,,,,34.3,,,,,,71,20,20.2,24.13,0.6,-0.1944,-0.9809,32.8,33.3,33.3,station
2021-07-14,,,33.9,,,,,34.3,,,,,,74,17,30.4,24.69,0.0,-0.2113,-0.9774,32.2,32.8,32.8,station
2021-07-15,,,34.2,,,,,34.5,,,,,,72,39,23.4,22.11,3.0,-0.2281,-0.9736,32.4,33.3,33.3,station
2021-07-16,,,34.7,,,,,35.3,,,,,,68,49,21.4,23.3,0.1,-0.2448,-0.9696,34.4,32.8,32.8,station
2021-07-17,,,34.9,,,,,35.9,,,,,,63,49,22.6,24.97,0.0,-0.2614,-0.9652,35.1,32.8,32.8,station
2021-07-18,,,34.9,,,,,36.5,,,,,,66,58,18.4,18.91,1.9,-0.278,-0.9606,34.8,33.9,33.9,station
2021-07-19,,,34.6,,,,,37.0,,,,,,84,68,16.3,11.73,60.5,-0.2945,-0.9557,29.4,29.4,29.4,station
2021-07-20,,,32.1,,,,,32.8,,,,,,80,48,15.1,20.31,7.8,-0.3109,-0.9505,29.8,31.7,31.7,station
2021-07-21,,,32.8,,,,,32.7,,,,,,70,22,12.4,22.16,0.7,-0.3272,-0.945,30.4,32.2,32.2,station
2021-07-22,,,35.0,,,,,35.0,,,,,,72,37,16.3,24.3,0.3,-0.3434,-0.9392,33.2,33.9,33.9,station
2021-07-23,,,35.4,,,,,34.8,,,,,,65,54,23.3,22.72,0.1,-0.3595,-0.9332,34.7,34.4,34.4,station
2021-07-24,,,37.8,,,,,37.3,,,,,,60,9,20.4,26.13,0.0,-0.3755,-0.9268,37.0,36.1,36.1,station
2021-07-25,,,38.5,,,,,38.4,,,,,,60,11,18.6,25.96,0.0,-0.3914,-0.9202,37.1,37.2,37.2,station
2021-07-26,,,39.4,,,,,39.2,,,,,,57,27,14.2,26.51,0.0,-0.4071,-0.9134,36.9,37.8,37.8,station
2021-07-27,,,36.0,,,,,38.6,,,,,,56,82,16.4,24.31,0.0,-0.4228,-0.9062,36.4,37.8,37.8,station
2021-07-28,,,36.6,,,,,37.6,,,,,,65,65,16.5,24.45,0.0,-0.4383,-0.8988,34.9,36.1,36.1,station
2021-07-29,,,37.6,,,,,38.4,,,,,,69,27,13.4,24.5,0.1,-0.4537,-0.8912,35.3,36.7,36.7,station
2021-07-30,,,38.0,,,,,37.3,,,,,,64,49,14.8,24.21,0.4,-0.469,-0.8832,35.6,36.7,36.7,station
2021-07-31,,,38.2,,,,,38.2,,,,,,59,21,16.6,24.81,0.0,-0.4841,-0.875,36.4,37.2,37.2,station
2021-08-01,,,39.9,,,,,39.8,,,,,,69,56,15.3,20.87,8.2,-0.4991,-0.8666,34.3,36.1,36.1,station
2021-08-02,,,32.4,,,,,32.3,,,,,,86,85,15.4,14.86,63.7,-0.5139,-0.8578,29.7,31.1,31.1,station
2021-08-03,,,32.4,,,,,32.4,,,,,,76,21,15.2,24.02,0.1,-0.5286,-0.8489,30.1,32.8,32.8,station
2021-08-04,,,32.7,,,,,33.6,,,,,,75,44,11.2,21.75,0.2,-0.5431,-0.8397,29.6,32.2,32.2,station
2021-08-05,,,34.3,,,,,33.8,,,,,,70,44,15.1,22.37,0.0,-0.5575,-0.8302,30.9,32.2,32.2,station
2021-08-06,,,34.9,,,,,35.9,,,,,,69,10,19.1,24.5,0.0,-0.5717,-0.8205,32.2,33.3,33.3,station
2021-08-07,,,36.0,,,,,34.4,,,,,,72,30,21.3,22.77,0.2,-0.5857,-0.8105,32.8,33.9,33.9,station
2021-08-08,,,36.6,,,,,36.5,,,,,,64,56,27.2,25.36,0.0,-0.5996,-0.8003,35.8,35.0,35.0,station
2021-08-09,,,37.5,,,,,37.6,,,,,,62,29,25.9,25.19,0.0,-0.6132,-0.7899,36.3,35.6,35.6,station
2021-08-10,,,37.6,,,,,37.9,,,,,,62,14,24.5,24.77,0.0,-0.6267,-0.7792,36.4,35.6,35.6,station
2021-08-11,,,37.8,,,,,37.8,,,,,,60,16,23.0,26.19,0.0,-0.64,-0.7683,36.3,35.6,35.6,station
2021-08-12,,,37.4,,,,,37.3,,,,,,60,6,21.3,25.62,0.0,-0.6532,-0.7572,36.0,36.1,36.1,station
2021-08-13,,,37.4,,,,,36.8,,,,,,65,79,16.0,22.41,0.0,-0.6661,-0.7459,34.3,35.0,35.0,station
2021-08-14,,,32.0,,,,,37.2,,,,,,76,93,18.1,17.23,8.4,-0.6788,-0.7343,31.3,32.2,32.2,station
2021-08-15,,,34.1,,,,,35.1,,,,,,75,39,12.4,20.19,3.9,-0.6914,-0.7225,30.7,31.1,31.1,station
2021-08-16,,,34.7,,,,,34.0,,,,,,82,35,20.0,20.2,1.8,-0.7037,-0.7105,30.2,33.9,33.9,station
2021-08-17,,,34.9,,,,,35.3,,,,,,81,87,15.9,14.45,5.5,-0.7158,-0.6983,32.0,31.7,31.7,station
2021-08-18,,,29.8,,,,,33.0,,,,,,88,93,21.4,14.28,29.0,-0.7277,-0.6859,29.7,27.2,27.2,station
2021-08-19,,,33.2,,,,,34.0,,,,,,86,95,20.4,9.63,20.0,-0.7394,-0.6733,30.8,34.4,34.4,station
2021-08-20,,,35.0,,,,,34.9,,,,,,65,28,20.9,23.57,0.0,-0.7509,-0.6605,33.5,35.0,35.0,station
2021-08-21,,,36.3,,,,,35.8,,,,,,67,19,19.5,23.34,0.0,-0.7621,-0.6474,34.0,35.0,35.0,station
2021-08-22,,,36.7,,,,,36.7,,,,,,66,5,17.0,23.57,0.0,-0.7731,-0.6342,34.2,35.6,35.6,station
2021-08-23,,,37.3,,,,,37.3,,,,,,64,2,14.8,25.17,0.0,-0.7839,-0.6208,34.8,36.1,36.1,station
2021-08-24,,,37.1,,,,,37.4,,,,,,61,2,15.1,25.02,0.0,-0.7945,-0.6073,35.3,35.0,35.0,station
2021-08-25,,,37.8,,,,,38.7,,,,,,60,9,12.1,24.3,0.0,-0.8048,-0.5935,34.8,35.6,35.6,station
2021-08-26,,,37.2,,,,,37.9,,,,,,73,21,16.9,20.12,3.2,-0.8149,-0.5796,33.4,35.6,35.6,station
2021-08-27,,,34.3,,,,,34.5,,,,,,71,23,17.6,20.16,0.6,-0.8248,-0.5655,32.7,33.3,33.3,station
2021-08-28,,,34.2,,,,,34.0,,,,,,73,25,17.7,21.34,0.2,-0.8344,-0.5512,32.7,33.3,33.3,station
2021-08-29,,,33.3,,,,,34.6,,,,,,80,60,15.8,17.83,9.9,-0.8437,-0.5368,31.4,31.7,31.7,station
2021-08-30,,,35.2,,,,,35.2,,,,,,72,17,10.8,20.45,0.3,-0.8528,-0.5222,33.5,36.1,36.1,station
2021-08-31,,,36.2,,,,,35.7,,,,,,60,16,17.3,21.92,0.0,-0.8617,-0.5074,34.8,36.7,36.7,station
2021-09-01,,,38.5,,,,,38.2,,,,,,60,28,21.8,21.08,0.0,-0.8703,-0.4925,35.9,36.7,36.7,station
2021-09-02,,,38.2,,,,,37.3,,,,,,62,14,18.8,21.3,0.0,-0.8786,-0.4775,35.6,35.6,35.6,station
2021-09-03,,,36.6,,,,,36.8,,,,,,61,71,17.1,21.87,0.0,-0.8867,-0.4623,35.3,35.6,35.6,station
2021-09-04,,,37.2,,,,,37.6,,,,,,59,53,16.1,22.15,0.0,-0.8945,-0.447,35.3,35.6,35.6,station
2021-09-05,,,35.7,,,,,37.7,,,,,,65,48,19.0,15.86,0.1,-0.9021,-0.4315,32.4,34.4,34.4,station
2021-09-06,,,35.3,,,,,36.4,,,,,,66,46,14.5,22.04,0.0,-0.9094,-0.4159,33.9,35.0,35.0,station
2021-09-07,,,35.2,,,,,35.9,,,,,,46,50,12.7,24.33,0.0,-0.9164,-0.4002,34.5,35.6,35.6,station
2021-09-08,,,34.8,,,,,35.9,,,,,,46,30,24.0,19.97,1.6,-0.9232,-0.3844,34.2,33.9,33.9,station
2021-09-09,,,34.8,,,,,35.0,,,,,,35,17,18.7,24.12,0.0,-0.9296,-0.3685,33.1,33.3,33.3,station
2021-09-10,,,35.3,,,,,35.3,,,,,,39,0,16.6,23.85,0.0,-0.9358,-0.3524,33.8,33.3,33.3,station
2021-09-11,,,34.6,,,,,35.0,,,,,,43,0,13.2,23.74,0.0,-0.9418,-0.3363,33.1,32.8,32.8,station
2021-09-12,,,34.2,,,,,34.2,,,,,,51,24,14.8,23.39,0.0,-0.9474,-0.32,32.6,32.8,32.8,station
2021-09-13,,,30.1,,,,,33.5,,,,,,71,68,16.7,14.14,1.1,-0.9528,-0.3037,31.1,31.7,31.7,station
2021-09-14,,,29.7,,,,,29.4,,,,,,70,18,31.7,18.59,0.5,-0.9579,-0.2873,29.9,28.9,28.9,station
2021-09-15,,,33.2,,,,,32.6,,,,,,69,24,20.8,16.11,0.0,-0.9627,-0.2707,30.9,32.2,32.2,station
2021-09-16,,,33.5,,,,,33.6,,,,,,66,22,16.2,19.13,0.0,-0.9672,-0.2541,31.8,31.7,31.7,station
2021-09-17,,,35.1,,,,,34.8,,,,,,66,22,15.0,18.03,0.5,-0.9714,-0.2375,31.9,33.3,33.3,station
2021-09-18,,,35.5,,,,,35.5,,,,,,66,16,16.3,19.57,0.1,-0.9753,-0.2207,33.1,35.6,35.6,station
2021-09-19,,,35.3,,,,,36.5,,,,,,69,16,18.8,19.27,0.0,-0.979,-0.2039,32.1,34.4,34.4,station
2021-09-20,,,37.3,,,,,38.3,,,,,,49,11,21.4,21.58,0.0,-0.9824,-0.187,38.0,38.3,38.3,station
2021-09-21,,,31.2,,,,,31.4,,,,,,42,58,31.7,18.5,0.2,-0.9854,-0.1701,31.5,31.1,31.1,station
2021-09-22,,,28.9,,,,,29.8,,,,,,34,6,19.5,22.81,0.0,-0.9882,-0.1531,27.4,28.9,28.9,station
2021-09-23,,,29.6,,,,,30.2,,,,,,43,4,10.4,22.63,0.0,-0.9907,-0.1361,27.9,28.9,28.9,station
2021-09-24,,,30.1,,,,,30.3,,,,,,42,47,11.7,21.49,0.0,-0.9929,-0.1191,30.2,31.1,31.1,station
2021-09-25,,,32.6,,,,,32.4,,,,,,45,9,10.8,21.78,0.0,-0.9948,-0.102,31.2,32.8,32.8,station
2021-09-26,,,33.1,,,,,32.8,,,,,,44,29,15.9,21.4,0.0,-0.9964,-0.0848,31.9,32.8,32.8,station
2021-09-27,,,31.6,,,,,31.8,,,,,,50,47,12.8,18.21,0.0,-0.9977,-0.0677,30.6,31.1,31.1,station
2021-09-28,,,35.1,,,,,35.0,,,,,,61,50,18.0,17.03,5.0,-0.9987,-0.0505,32.5,34.4,34.4,station
2021-09-29,,,32.5,,,,,30.0,,,,,,77,73,17.5,14.91,9.9,-0.9994,-0.0333,29.1,32.8,32.8,station
2021-09-30,,,33.9,,,,,33.6,,,,,,76,37,25.1,16.8,8.4,-0.9999,-0.0161,30.7,31.7,31.7,station
2021-10-01,,,27.2,,,,,28.0,,,,,,88,92,13.7,7.61,10.2,-1.0,0.0011,24.7,25.6,25.6,station
2021-10-02,,,31.4,,,,,28.0,,,,,,83,51,14.1,13.86,3.2,-0.9998,0.0183,28.2,29.4,29.4,station
2021-10-03,,,29.9,,,,,31.6,,,,,,68,21,11.7,17.53,0.1,-0.9994,0.0355,28.5,31.1,31.1,station
2021-10-04,,,30.4,,,,,31.2,,,,,,54,0,20.2,20.61,0.0,-0.9986,0.0527,30.3,31.7,31.7,station
2021-10-05,,,29.4,,,,,30.1,,,,,,47,3,12.8,20.39,0.0,-0.9976,0.0698,29.1,30.6,30.6,station
2021-10-06,,,29.3,,,,,29.5,,,,,,50,1,8.7,20.01,0.0,-0.9962,0.087,29.2,30.6,30.6,station
2021-10-07,,,32.1,,,,,32.1,,,,,,54,8,18.4,19.25,0.0,-0.9946,0.1041,32.2,32.8,32.8,station
2021-10-08,,,33.6,,,,,33.5,,,,,,50,25,24.8,19.34,0.0,-0.9926,0.1212,33.2,33.3,33.3,station
2021-10-09,,,33.2,,,,,32.9,,,,,,49,47,24.3,19.67,0.0,-0.9904,0.1383,33.2,33.3,33.3,station
2021-10-10,,,34.8,,,,,30.3,,,,,,66,41,35.3,11.19,21.4,-0.9879,0.1553,33.3,32.8,32.8,station
2021-10-11,,,28.1,,,,,28.1,,,,,,58,1,27.3,19.57,0.1,-0.9851,0.1722,26.0,27.8,27.8,station
2021-10-12,,,27.8,,,,,32.3,,,,,,74,73,34.3,10.01,16.4,-0.9819,0.1892,28.7,28.3,28.3,station
2021-10-13,,,28.2,,,,,26.8,,,,,,89,99,26.7,4.65,56.5,-0.9785,0.206,25.0,30.0,30.0,station
2021-10-14,,,27.1,,,,,27.0,,,,,,83,76,16.8,10.86,46.9,-0.9749,0.2228,28.7,28.3,28.3,station
2021-10-15,,,24.4,,,,,24.1,,,,,,73,17,33.5,15.45,0.2,-0.9709,0.2396,24.9,23.9,23.9,station
2021-10-16,,,21.8,,,,,22.3,,,,,,52,0,15.3,19.28,0.0,-0.9666,0.2562,20.7,22.8,22.8,station
2021-10-17,,,22.2,,,,,21.5,,,,,,64,73,9.3,15.97,0.0,-0.9621,0.2728,21.1,22.2,22.2,station
2021-10-18,,,23.7,,,,,23.9,,,,,,58,20,17.4,18.67,0.0,-0.9572,0.2893,22.4,23.9,23.9,station
2021-10-19,,,25.7,,,,,25.4,,,,,,64,53,22.5,17.38,0.0,-0.9521,0.3057,25.2,26.7,26.7,station
2021-10-20,,,28.8,,,,,28.0,,,,,,78,64,21.7,10.45,0.2,-0.9467,0.3221,27.3,27.2,27.2,station
2021-10-21,,,27.6,,,,,26.0,,,,,,60,32,17.4,17.1,0.0,-0.941,0.3383,26.8,28.3,28.3,station
2021-10-22,,,27.6,,,,,28.4,,,,,,57,16,16.9,16.09,2.3,-0.9351,0.3545,27.5,28.3,28.3,station
2021-10-23,,,30.9,,,,,29.2,,,,,,75,45,29.8,13.21,0.5,-0.9288,0.3705,29.0,28.9,28.9,station
2021-10-24,,,31.5,,,,,29.2,,,,,,77,62,29.9,11.03,2.6,-0.9223,0.3864,29.3,28.3,28.3,station
2021-10-25,,,30.0,,,,,30.4,,,,,,61,1,17.7,16.95,0.0,-0.9155,0.4022,29.4,30.0,30.0,station
2021-10-26,,,30.6,,,,,29.9,,,,,,77,62,33.4,12.93,0.0,-0.9085,0.4179,30.5,28.3,28.3,station
2021-10-27,,,25.2,,,,,25.4,,,,,,66,48,33.2,14.25,28.9,-0.9012,0.4335,23.8,24.4,24.4,station
2021-10-28,,,22.0,,,,,22.4,,,,,,30,5,48.4,16.61,0.0,-0.8936,0.4489,20.9,22.2,22.2,station
2021-10-29,,,20.1,,,,,20.6,,,,,,32,0,36.0,17.34,0.0,-0.8857,0.4642,19.5,21.1,21.1,station
2021-10-30,,,22.3,,,,,22.2,,,,,,51,0,10.6,16.93,0.0,-0.8776,0.4794,21.4,22.8,22.8,station
2021-10-31,,,24.2,,,,,24.5,,,,,,52,0,15.2,16.35,0.0,-0.8692,0.4944,25.1,26.1,26.1,station
2021-11-01,,,24.8,,,,,24.1,,,,,,62,36,12.1,14.04,0.6,-0.8606,0.5093,24.6,25.6,25.6,station
2021-11-02,,,19.9,,,,,24.9,,,,,,83,75,16.9,4.89,28.0,-0.8517,0.524,18.2,15.6,15.6,station
2021-11-03,,,13.8,,,,,16.1,,,,,,85,100,19.6,3.92,17.4,-0.8426,0.5386,11.6,9.4,9.4,station
2021-11-04,,,15.1,,,,,14.2,,,,,,68,84,12.6,9.76,0.0,-0.8332,0.553,12.8,15.0,15.0,station
2021-11-05,,,16.0,,,,,17.5,,,,,,74,14,9.6,15.33,0.0,-0.8235,0.5672,14.7,15.0,15.0,station
2021-11-06,,,18.3,,,,,19.0,,,,,,66,0,9.8,15.63,0.0,-0.8137,0.5813,17.6,18.3,18.3,station
2021-11-07,,,21.7,,,,,21.8,,,,,,67,0,17.7,15.56,0.0,-0.8035,0.5952,21.8,22.2,22.2,station
2021-11-08,,,23.1,,,,,22.8,,,,,,76,16,22.4,15.16,0.0,-0.7932,0.609,22.9,21.7,21.7,station
2021-11-09,,,22.8,,,,,22.9,,,,,,78,82,21.7,10.61,0.0,-0.7826,0.6225,23.7,23.3,23.3,station
2021-11-10,,,23.3,,,,,22.2,,,,,,83,82,35.3,7.05,63.6,-0.7718,0.6359,23.7,23.9,23.9,station
2021-11-11,,,19.8,,,,,20.0,,,,,,70,12,21.9,14.79,1.2,-0.7607,0.6491,18.6,18.9,18.9,station
2021-11-12,,,19.2,,,,,19.8,,,,,,53,4,22.5,14.81,0.0,-0.7494,0.6621,18.6,19.4,19.4,station
2021-11-13,,,17.7,,,,,18.1,,,,,,50,26,17.0,14.46,0.0,-0.7379,0.6749,16.1,17.2,17.2,station
2021-11-14,,,21.0,,,,,20.6,,,,,,58,42,17.7,14.41,0.0,-0.7262,0.6875,19.4,20.6,20.6,station
2021-11-15,,,24.1,,,,,26.1,,,,,,76,5,18.8,14.13,0.0,-0.7143,0.6998,25.3,26.7,26.7,station
2021-11-16,,,26.5,,,,,26.2,,,,,,74,19,34.2,11.37,0.1,-0.7021,0.712,25.9,25.6,25.6,station
2021-11-17,,,27.2,,,,,27.0,,,,,,65,36,33.4,12.06,0.0,-0.6898,0.724,26.9,27.2,27.2,station
2021-11-18,,,15.7,,,,,16.7,,,,,,31,51,28.1,13.32,0.0,-0.6772,0.7358,15.6,16.1,16.1,station
2021-11-19,,,16.1,,,,,16.2,,,,,,41,8,16.3,14.19,0.0,-0.6645,0.7473,15.6,15.0,15.0,station
2021-11-20,,,21.9,,,,,22.8,,,,,,58,17,28.1,13.44,0.0,-0.6515,0.7586,22.3,21.7,21.7,station
2021-11-21,,,20.8,,,,,20.6,,,,,,72,96,31.4,7.52,0.0,-0.6384,0.7697,21.4,20.0,20.0,station
2021-11-22,,,17.3,,,,,17.7,,,,,,51,4,17.7,14.1,0.0,-0.625,0.7806,17.2,18.3,18.3,station
2021-11-23,,,20.1,,,,,19.3,,,,,,45,15,25.6,13.92,0.0,-0.6115,0.7912,20.1,21.1,21.1,station
2021-11-24,,,22.0,,,,,21.0,,,,,,71,91,36.5,9.33,6.5,-0.5978,0.8016,24.4,23.9,23.9,station
2021-11-25,,,19.1,,,,,18.8,,,,,,58,53,32.6,13.31,0.1,-0.584,0.8118,18.1,20.0,20.0,station
2021-11-26,,,13.1,,,,,14.4,,,,,,54,93,13.0,12.77,0.0,-0.5699,0.8217,12.9,12.2,12.2,station
2021-11-27,,,14.5,,,,,15.8,,,,,,64,96,17.9,3.63,9.1,-0.5557,0.8314,15.0,14.4,14.4,station
2021-11-28,,,17.6,,,,,17.4,,,,,,72,19,20.4,13.32,0.0,-0.5413,0.8408,17.5,17.8,17.8,station
2021-11-29,,,20.5,,,,,20.3,,,,,,64,0,17.7,13.14,0.0,-0.5268,0.85,20.6,22.2,22.2,station
2021-11-30,,,21.6,,,,,21.6,,,,,,64,19,20.9,12.88,0.0,-0.5121,0.859,22.8,25.0,25.0,station
2021-12-01,,,21.9,,,,,21.8,,,,,,68,7,19.7,12.9,0.0,-0.4972,0.8676,22.0,23.3,23.3,station
2021-12-02,,,22.8,,,,,23.6,,,,,,74,49,14.6,11.26,0.0,-0.4822,0.8761,24.6,25.6,25.6,station
2021-12-03,,,23.2,,,,,25.2,,,,,,87,72,24.1,7.74,0.0,-0.4671,0.8842,23.9,23.3,23.3,station
2021-12-04,,,25.1,,,,,25.9,,,,,,87,58,17.8,9.4,2.1,-0.4518,0.8921,25.0,22.8,22.8,station
2021-12-05,,,24.9,,,,,23.9,,,,,,78,84,28.7,5.44,2.2,-0.4364,0.8998,24.4,23.9,23.9,station
2021-12-06,,,20.7,,,,,21.1,,,,,,49,12,37.9,12.69,0.6,-0.4208,0.9071,21.0,19.4,19.4,station
2021-12-07,,,15.8,,,,,17.8,,,,,,54,41,15.0,12.66,0.0,-0.4052,0.9142,13.7,13.9,13.9,station
2021-12-08,,,17.8,,,,,20.2,,,,,,86,97,19.7,6.6,0.0,-0.3894,0.9211,16.0,14.4,14.4,station
2021-12-09,,,26.5,,,,,25.7,,,,,,77,63,23.9,11.74,0.0,-0.3735,0.9276,26.2,25.6,25.6,station
2021-12-10,,,28.5,,,,,28.4,,,,,,80,49,27.9,6.81,2.6,-0.3575,0.9339,26.9,27.2,27.2,station
2021-12-11,,,22.5,,,,,22.4,,,,,,43,66,34.0,11.46,0.0,-0.3413,0.9399,21.6,16.7,16.7,station
2021-12-12,,,14.5,,,,,15.8,,,,,,59,0,18.5,13.06,0.0,-0.3251,0.9457,13.4,13.9,13.9,station
2021-12-13,,,18.8,,,,,20.0,,,,,,55,17,22.2,11.14,0.0,-0.3088,0.9511,18.2,18.3,18.3,station
2021-12-14,,,21.6,,,,,20.0,,,,,,88,82,28.7,6.63,0.8,-0.2924,0.9563,23.8,21.7,21.7,station
2021-12-15,,,23.4,,,,,25.0,,,,,,81,94,43.3,7.38,0.7,-0.2759,0.9612,26.0,28.3,28.3,station
2021-12-16,,,23.4,,,,,22.7,,,,,,74,92,26.2,6.13,5.2,-0.2593,0.9658,22.1,29.4,29.4,station
2021-12-17,,,23.5,,,,,21.8,,,,,,77,95,36.6,8.48,3.1,-0.2427,0.9701,25.4,25.0,25.0,station
2021-12-18,,,20.2,,,,,20.0,,,,,,69,69,31.4,6.78,11.8,-0.226,0.9741,19.3,21.1,21.1,station
2021-12-19,,,9.8,,,,,10.7,,,,,,60,69,20.7,10.85,0.0,-0.2092,0.9779,7.8,8.9,8.9,station
2021-12-20,,,10.0,,,,,10.0,,,,,,79,76,9.7,7.28,11.4,-0.1923,0.9813,10.1,11.1,11.1,station
2021-12-21,,,15.8,,,,,15.1,,,,,,83,41,13.4,11.93,0.0,-0.1754,0.9845,15.2,16.7,16.7,station
2021-12-22,,,18.3,,,,,18.3,,,,,,83,16,16.2,12.14,0.0,-0.1585,0.9874,16.7,18.3,18.3,station
2021-12-23,,,21.6,,,,,22.9,,,,,,81,64,30.4,11.73,0.0,-0.1414,0.9899,22.2,23.3,23.3,station
2021-12-24,,,24.8,,,,,26.1,,,,,,79,56,32.8,11.41,0.0,-0.1244,0.9922,24.2,25.6,25.6,station
2021-12-25,,,27.9,,,,,25.9,,,,,,79,62,27.4,11.38,0.0,-0.1073,0.9942,25.7,27.2,27.2,station
2021-12-26,,,27.6,,,,,27.4,,,,,,88,67,29.4,6.12,0.2,-0.0902,0.9959,23.9,24.4,24.4,station
2021-12-27,,,25.6,,,,,25.5,,,,,,82,47,25.6,9.73,0.0,-0.073,0.9973,24.7,25.6,25.6,station
2021-12-28,,,25.1,,,,,25.0,,,,,,62,68,27.7,11.15,0.5,-0.0559,0.9984,25.7,26.7,26.7,station
2021-12-29,,,24.2,,,,,24.4,,,,,,82,67,18.3,7.75,7.5,-0.0387,0.9993,22.5,22.8,22.8,station
2021-12-30,,,22.9,,,,,22.8,,,,,,56,64,11.9,10.92,0.0,-0.0215,0.9998,22.5,23.9,23.9,station
2021-12-31,,,24.6,,,,,23.7,,,,,,89,94,23.0,4.18,5.1,-0.0043,1.0,21.5,,,
2022-01-01,,,23.3,,,,,24.0,,,,,,80,75,37.2,9.69,34.4,0.0172,0.9999,23.3,22.8,22.8,station
2022-01-02,,,3.6,,,,,4.0,,,,,,55,32,34.6,12.69,0.0,0.0344,0.9994,2.9,3.3,3.3,station
2022-01-03,,,10.5,,,,,9.7,,,,,,61,14,18.4,12.97,0.0,0.0516,0.9987,10.5,11.7,11.7,station
2022-01-04,,,15.5,,,,,15.7,,,,,,47,19,29.8,13.11,0.0,0.0688,0.9976,15.1,16.7,16.7,station
2022-01-05,,,14.3,,,,,13.3,,,,,,69,13,21.4,12.75,0.0,0.0859,0.9963,14.2,16.1,16.1,station
2022-01-06,,,8.5,,,,,8.0,,,,,,53,53,29.9,12.68,0.0,0.103,0.9947,5.6,3.9,3.9,station
2022-01-07,,,9.1,,,,,10.3,,,,,,60,17,18.3,12.82,0.0,0.1201,0.9928,8.4,8.3,8.3,station
2022-01-08,,,14.6,,,,,15.7,,,,,,86,96,20.5,2.67,2.1,0.1372,0.9905,16.8,17.2,17.2,station
2022-01-09,,,14.5,,,,,15.1,,,,,,74,77,32.7,5.07,0.1,0.1542,0.988,16.1,16.1,16.1,station
2022-01-10,,,11.9,,,,,12.3,,,,,,49,58,22.7,13.18,0.0,0.1712,0.9852,10.8,12.2,12.2,station
2022-01-11,,,12.0,,,,,10.9,,,,,,51,43,18.6,11.4,0.4,0.1881,0.9821,13.4,13.9,13.9,station
2022-01-12,,,16.8,,,,,15.8,,,,,,57,39,15.8,13.21,0.0,0.205,0.9788,15.8,16.7,16.7,station
2022-01-13,,,19.9,,,,,20.8,,,,,,54,19,12.0,13.29,0.0,0.2218,0.9751,20.2,23.3,23.3,station
2022-01-14,,,20.0,,,,,21.3,,,,,,51,75,24.5,10.36,0.0,0.2385,0.9711,23.1,23.3,23.3,station
2022-01-15,,,17.2,,,,,16.5,,,,,,50,46,47.1,11.65,0.0,0.2552,0.9669,14.5,8.3,8.3,station
2022-01-16,,,10.8,,,,,10.3,,,,,,58,10,26.3,14.0,0.0,0.2718,0.9624,10.2,11.1,11.1,station
2022-01-17,,,15.4,,,,,15.2,,,,,,56,9,15.9,13.87,0.0,0.2883,0.9575,15.7,17.2,17.2,station
2022-01-18,,,21.3,,,,,22.6,,,,,,53,41,33.8,12.94,0.2,0.3047,0.9524,21.9,22.2,22.2,station
2022-01-19,,,18.1,,,,,18.2,,,,,,64,45,35.7,8.07,1.5,0.3211,0.9471,17.5,16.7,16.7,station
2022-01-20,,,4.2,,,,,5.0,,,,,,40,84,34.2,9.62,0.0,0.3373,0.9414,1.7,2.2,2.2,station
2022-01-21,,,5.4,,,,,7.0,,,,,,39,20,14.5,12.8,0.0,0.3534,0.9355,4.1,6.7,6.7,station
2022-01-22,,,8.5,,,,,8.5,,,,,,54,0,10.8,14.48,0.0,0.3695,0.9292,8.8,10.6,10.6,station
2022-01-23,,,16.2,,,,,15.8,,,,,,52,0,16.0,14.49,0.0,0.3854,0.9227,16.6,18.3,18.3,station
2022-01-24,,,17.7,,,,,12.5,,,,,,73,80,15.1,5.21,6.0,0.4012,0.916,13.9,13.3,13.3,station
2022-01-25,,,14.2,,,,,13.5,,,,,,70,23,22.7,14.43,0.0,0.4169,0.9089,13.8,15.0,15.0,station
2022-01-26,,,9.8,,,,,10.1,,,,,,43,24,23.3,14.75,0.0,0.4325,0.9016,8.1,9.4,9.4,station
2022-01-27,,,12.0,,,,,12.3,,,,,,50,64,20.1,13.14,0.0,0.4479,0.8941,11.3,10.0,10.0,station
2022-01-28,,,12.1,,,,,11.2,,,,,,57,1,22.9,15.27,0.0,0.4633,0.8862,12.5,13.9,13.9,station
2022-01-29,,,18.1,,,,,18.3,,,,,,45,0,21.9,15.56,0.0,0.4784,0.8781,18.8,19.4,19.4,station
2022-01-30,,,18.8,,,,,18.6,,,,,,32,42,17.7,15.15,0.0,0.4935,0.8698,19.8,20.6,20.6,station
2022-01-31,,,17.5,,,,,17.9,,,,,,72,76,22.6,10.84,0.6,0.5084,0.8611,18.2,19.4,19.4,station
2022-02-01,,,19.6,,,,,20.2,,,,,,80,92,20.7,11.64,0.7,0.5231,0.8523,21.5,21.1,21.1,station
2022-02-02,,,15.0,,,,,15.6,,,,,,84,99,27.5,3.46,21.5,0.5377,0.8432,13.5,14.4,14.4,station
2022-02-03,,,0.1,,,,,0.1,,,,,,78,100,29.6,4.07,14.7,0.5521,0.8338,0.4,-0.6,-0.6,station
2022-02-04,,,-1.9,,,,,-1.6,,,,,,64,52,26.9,14.18,0.0,0.5664,0.8242,2.1,2.2,2.2,station
2022-02-05,,,3.1,,,,,0.9,,,,,,64,0,15.9,17.16,0.0,0.5805,0.8143,7.0,8.3,8.3,station
2022-02-06,,,9.7,,,,,8.4,,,,,,53,0,15.8,16.68,0.0,0.5944,0.8042,12.3,12.8,12.8,station
2022-02-07,,,13.0,,,,,12.7,,,,,,60,5,21.4,16.63,0.0,0.6081,0.7938,13.3,14.4,14.4,station
2022-02-08,,,16.5,,,,,17.3,,,,,,47,1,21.4,16.92,0.0,0.6217,0.7833,18.1,18.3,18.3,station
2022-02-09,,,18.9,,,,,17.9,,,,,,47,5,15.0,17.25,0.0,0.6351,0.7725,19.1,21.1,21.1,station
2022-02-10,,,18.7,,,,,19.3,,,,,,42,16,13.0,15.81,0.0,0.6483,0.7614,20.6,21.7,21.7,station
2022-02-11,,,22.8,,,,,23.0,,,,,,39,0,26.9,16.98,0.0,0.6613,0.7502,24.4,23.9,23.9,station
2022-02-12,,,14.4,,,,,14.9,,,,,,42,59,35.8,8.48,0.6,0.6741,0.7387,13.6,12.8,12.8,station
2022-02-13,,,16.5,,,,,16.5,,,,,,39,6,15.9,17.74,0.0,0.6867,0.727,17.1,18.3,18.3,station
2022-02-14,,,19.7,,,,,19.3,,,,,,38,0,22.8,17.85,0.0,0.6991,0.715,21.0,21.1,21.1,station
2022-02-15,,,19.8,,,,,20.9,,,,,,53,7,36.5,17.2,0.0,0.7113,0.7029,21.2,21.1,21.1,station
2022-02-16,,,18.3,,,,,18.6,,,,,,82,97,37.9,6.97,5.9,0.7233,0.6906,22.3,18.9,18.9,station
2022-02-17,,,18.6,,,,,18.4,,,,,,70,56,40.2,15.71,10.5,0.735,0.678,18.8,18.9,18.9,station
2022-02-18,,,11.2,,,,,10.7,,,,,,51,0,21.1,18.74,0.0,0.7466,0.6653,10.2,11.1,11.1,station
2022-02-19,,,16.0,,,,,16.5,,,,,,47,0,12.7,18.62,0.0,0.7579,0.6523,16.9,17.8,17.8,station
2022-02-20,,,17.5,,,,,18.4,,,,,,44,75,28.9,17.2,0.0,0.769,0.6392,19.3,17.8,17.8,station
2022-02-21,,,24.9,,,,,23.8,,,,,,80,89,28.8,10.9,0.6,0.7799,0.6259,27.2,27.2,27.2,station
2022-02-22,,,20.8,,,,,21.7,,,,,,64,99,32.0,15.7,0.9,0.7906,0.6124,20.6,21.1,21.1,station
2022-02-23,,,7.0,,,,,8.8,,,,,,64,84,26.9,3.41,5.0,0.801,0.5987,2.1,0.0,0.0,station
2022-02-24,,,1.0,,,,,3.8,,,,,,74,81,15.1,5.78,3.0,0.8112,0.5848,2.5,-1.7,-1.7,station
2022-02-25,,,6.1,,,,,5.7,,,,,,51,58,24.1,16.37,0.2,0.8211,0.5708,6.1,2.8,2.8,station
2022-02-26,,,3.6,,,,,4.0,,,,,,80,100,14.6,4.81,3.8,0.8308,0.5566,4.4,3.9,3.9,station
2022-02-27,,,12.4,,,,,12.9,,,,,,62,19,18.7,20.18,0.0,0.8402,0.5422,11.9,13.3,13.3,station
2022-02-28,,,15.3,,,,,15.2,,,,,,54,58,9.8,20.17,0.0,0.8495,0.5277,17.2,18.3,18.3,station
2022-03-01,,,20.2,,,,,18.2,,,,,,43,94,12.8,19.66,0.0,0.8584,0.513,21.4,22.2,22.2,station
2022-03-02,,,22.3,,,,,22.1,,,,,,39,54,13.5,20.02,0.0,0.8671,0.4981,23.7,25.0,25.0,station
2022-03-03,,,22.5,,,,,22.9,,,,,,44,47,14.4,20.26,0.0,0.8755,0.4831,24.8,25.0,25.0,station
2022-03-04,,,21.9,,,,,20.5,,,,,,72,99,27.1,10.99,0.2,0.8837,0.468,22.7,22.2,22.2,station
2022-03-05,,,22.8,,,,,20.6,,,,,,73,75,33.8,8.91,0.8,0.8916,0.4527,25.4,25.0,25.0,station
2022-03-06,,,23.5,,,,,23.1,,,,,,80,71,42.6,11.23,4.8,0.8993,0.4373,26.1,25.6,25.6,station
2022-03-07,,,16.8,,,,,21.0,,,,,,61,80,28.9,16.44,2.7,0.9067,0.4218,10.2,10.0,10.0,station
2022-03-08,,,6.9,,,,,8.4,,,,,,71,73,16.2,6.78,8.7,0.9138,0.4061,6.7,9.4,9.4,station
2022-03-09,,,14.6,,,,,14.1,,,,,,63,4,14.9,21.43,0.0,0.9207,0.3904,13.4,14.4,14.4,station
2022-03-10,,,19.2,,,,,19.2,,,,,,65,0,14.1,21.39,0.0,0.9272,0.3745,18.1,19.4,19.4,station
2022-03-11,,,13.2,,,,,13.6,,,,,,60,62,37.6,8.2,0.1,0.9335,0.3585,9.9,5.6,5.6,station
2022-03-12,,,12.0,,,,,11.8,,,,,,47,0,16.9,22.46,0.0,0.9396,0.3424,12.3,13.3,13.3,station
2022-03-13,,,16.0,,,,,16.5,,,,,,32,0,29.3,22.74,0.0,0.9453,0.3261,17.4,18.3,18.3,station
2022-03-14,,,19.8,,,,,19.3,,,,,,74,74,33.5,11.85,6.8,0.9508,0.3098,24.4,23.9,23.9,station
2022-03-15,,,17.5,,,,,20.3,,,,,,59,55,28.7,15.66,0.1,0.956,0.2934,20.9,21.1,21.1,station
2022-03-16,,,23.3,,,,,23.2,,,,,,60,18,19.9,22.41,0.0,0.9609,0.2769,25.5,26.7,26.7,station
2022-03-17,,,24.0,,,,,25.3,,,,,,67,53,39.0,14.9,0.5,0.9655,0.2604,22.7,23.3,23.3,station
2022-03-18,,,17.9,,,,,18.4,,,,,,48,28,36.4,21.49,0.0,0.9698,0.2437,18.4,18.9,18.9,station
2022-03-19,,,22.4,,,,,23.4,,,,,,44,6,14.0,23.27,0.0,0.9739,0.227,23.3,24.4,24.4,station
2022-03-20,,,23.1,,,,,22.8,,,,,,31,32,29.3,23.36,0.0,0.9777,0.2102,26.3,26.1,26.1,station
2022-03-21,,,20.3,,,,,16.7,,,,,,74,94,36.6,2.79,81.5,0.9811,0.1934,20.2,22.2,22.2,station
2022-03-22,,,16.5,,,,,15.3,,,,,,65,73,35.1,15.2,0.0,0.9843,0.1765,16.5,15.0,15.0,station
2022-03-23,,,16.4,,,,,17.4,,,,,,40,22,31.0,23.73,0.0,0.9872,0.1595,16.4,17.2,17.2,station
2022-03-24,,,17.5,,,,,18.2,,,,,,49,7,18.7,23.79,0.0,0.9898,0.1425,18.2,19.4,19.4,station
2022-03-25,,,23.1,,,,,24.2,,,,,,43,1,14.2,23.95,0.0,0.9921,0.1255,24.5,27.2,27.2,station
2022-03-26,,,28.1,,,,,27.1,,,,,,44,0,17.5,23.88,0.0,0.9941,0.1084,28.2,28.9,28.9,station
2022-03-27,,,29.5,,,,,28.7,,,,,,36,39,26.7,24.0,0.0,0.9958,0.0913,32.9,32.8,32.8,station
2022-03-28,,,27.0,,,,,27.3,,,,,,55,30,30.4,23.56,0.0,0.9972,0.0741,29.3,28.9,28.9,station
2022-03-29,,,24.9,,,,,26.1,,,,,,65,92,44.4,9.19,0.2,0.9984,0.057,28.5,25.6,25.6,station
2022-03-30,,,21.6,,,,,21.7,,,,,,64,47,44.8,21.65,14.7,0.9992,0.0398,21.9,23.3,23.3,station
2022-03-31,,,19.8,,,,,20.7,,,,,,58,18,19.8,22.1,0.0,0.9997,0.0226,19.6,20.6,20.6,station
2022-04-01,,,20.6,,,,,22.1,,,,,,55,22,25.5,24.37,0.0,1.0,0.0054,22.4,23.3,23.3,station
2022-04-02,,,21.7,,,,,22.5,,,,,,65,9,20.5,24.32,0.7,0.9999,-0.0118,23.5,25.0,25.0,station
2022-04-03,,,26.9,,,,,26.0,,,,,,59,9,25.3,24.42,0.0,0.9996,-0.029,28.6,28.3,28.3,station
2022-04-04,,,21.4,,,,,23.1,,,,,,60,89,41.4,13.63,15.1,0.9989,-0.0462,26.8,25.6,25.6,station
2022-04-05,,,31.3,,,,,32.4,,,,,,69,21,33.5,24.58,14.2,0.998,-0.0634,32.4,33.9,33.9,station
2022-04-06,,,23.4,,,,,23.8,,,,,,36,1,46.1,25.41,0.0,0.9968,-0.0805,25.0,25.6,25.6,station
2022-04-07,,,19.7,,,,,19.9,,,,,,28,2,46.0,25.68,0.0,0.9952,-0.0977,19.8,21.1,21.1,station
2022-04-08,,,18.6,,,,,19.3,,,,,,30,0,31.8,26.34,0.0,0.9934,-0.1148,18.7,20.0,20.0,station
2022-04-09,,,26.9,,,,,28.1,,,,,,37,0,31.7,26.18,0.0,0.9913,-0.1319,28.7,30.0,30.0,station
2022-04-10,,,29.1,,,,,28.3,,,,,,56,51,40.1,20.62,0.0,0.9889,-0.1489,29.2,27.2,27.2,station
2022-04-11,,,31.7,,,,,32.1,,,,,,68,66,33.3,18.53,0.3,0.9861,-0.1659,30.4,30.0,30.0,station
2022-04-12,,,27.6,,,,,27.8,,,,,,78,81,37.9,10.99,8.5,0.9831,-0.1828,29.0,26.7,26.7,station
2022-04-13,,,27.3,,,,,27.1,,,,,,63,44,39.4,21.42,22.7,0.9799,-0.1997,23.7,26.1,26.1,station
2022-04-14,,,22.8,,,,,23.8,,,,,,45,2,20.7,26.58,0.0,0.9763,-0.2165,24.0,24.4,24.4,station
2022-04-15,,,26.0,,,,,26.8,,,,,,63,63,31.4,15.27,0.1,0.9724,-0.2333,28.0,26.1,26.1,station
2022-04-16,,,27.0,,,,,26.9,,,,,,75,98,26.3,16.94,0.3,0.9683,-0.25,31.3,26.1,26.1,station
2022-04-17,,,27.1,,,,,25.5,,,,,,66,57,24.0,17.37,8.8,0.9638,-0.2666,24.4,25.6,25.6,station
2022-04-18,,,22.1,,,,,24.2,,,,,,64,31,20.7,25.56,0.0,0.9591,-0.2831,22.6,23.3,23.3,station
2022-04-19,,,21.4,,,,,21.6,,,,,,56,87,33.5,23.39,2.0,0.9541,-0.2996,24.1,22.2,22.2,station
2022-04-20,,,28.0,,,,,27.2,,,,,,70,73,39.3,15.43,2.8,0.9488,-0.316,31.6,31.1,31.1,station
2022-04-21,,,26.8,,,,,27.4,,,,,,75,75,34.7,14.3,0.9,0.9432,-0.3322,29.9,27.8,27.8,station
2022-04-22,,,28.3,,,,,28.3,,,,,,67,55,35.5,17.51,0.3,0.9373,-0.3484,30.5,29.4,29.4,station
2022-04-23,,,30.0,,,,,27.7,,,,,,65,82,40.7,14.48,0.4,0.9312,-0.3645,28.9,28.3,28.3,station
2022-04-24,,,27.2,,,,,27.4,,,,,,75,92,31.7,10.59,69.8,0.9248,-0.3804,28.4,27.8,27.8,station
2022-04-25,,,20.0,,,,,21.7,,,,,,66,99,28.4,19.1,21.6,0.9181,-0.3963,21.6,20.0,20.0,station
2022-04-26,,,22.1,,,,,22.6,,,,,,55,15,17.1,27.45,0.0,0.9112,-0.412,21.8,23.3,23.3,station
2022-04-27,,,24.3,,,,,23.9,,,,,,65,55,19.5,19.03,0.0,0.9039,-0.4276,24.8,25.0,25.0,station
2022-04-28,,,28.6,,,,,25.4,,,,,,70,92,30.8,13.45,0.7,0.8965,-0.4431,27.6,27.2,27.2,station
2022-04-29,,,28.3,,,,,27.2,,,,,,73,85,37.2,12.78,0.8,0.8887,-0.4585,28.1,27.2,27.2,station
2022-04-30,,,28.1,,,,,28.7,,,,,,57,30,29.5,25.92,0.8,0.8807,-0.4737,28.4,28.9,28.9,station
2022-05-01,,,27.6,,,,,27.2,,,,,,51,64,21.9,25.59,0.2,0.8724,-0.4888,30.3,28.9,28.9,station
2022-05-02,,,29.6,,,,,29.4,,,,,,78,72,42.9,14.87,4.7,0.8639,-0.5037,30.2,30.0,30.0,station
2022-05-03,,,24.3,,,,,25.0,,,,,,83,77,30.2,13.95,9.3,0.8551,-0.5185,22.6,25.0,25.0,station
2022-05-04,,,28.1,,,,,27.3,,,,,,77,95,35.5,15.68,15.4,0.846,-0.5331,30.9,30.0,30.0,station
2022-05-05,,,26.7,,,,,30.1,,,,,,78,63,27.1,13.12,23.2,0.8367,-0.5476,26.5,25.6,25.6,station
2022-05-06,,,28.7,,,,,29.9,,,,,,74,5,16.2,27.78,0.0,0.8272,-0.5619,27.9,28.9,28.9,station
2022-05-07,,,33.2,,,,,33.5,,,,,,76,62,23.2,19.24,0.3,0.8174,-0.5761,31.2,30.6,30.6,station
2022-05-08,,,35.1,,,,,35.4,,,,,,72,30,32.9,26.29,0.0,0.8074,-0.59,33.3,33.3,33.3,station
2022-05-09,,,34.5,,,,,34.4,,,,,,70,58,35.7,20.38,0.3,0.7971,-0.6038,34.6,32.8,32.8,station
2022-05-10,,,34.3,,,,,33.7,,,,,,70,49,27.7,22.48,0.5,0.7866,-0.6175,33.6,32.2,32.2,station
2022-05-11,,,33.6,,,,,32.4,,,,,,67,75,28.0,26.38,0.0,0.7759,-0.6309,32.5,31.1,31.1,station
2022-05-12,,,34.1,,,,,34.1,,,,,,65,22,23.7,27.86,0.0,0.7649,-0.6442,33.6,32.8,32.8,station
2022-05-13,,,35.7,,,,,36.0,,,,,,59,43,21.4,24.04,0.0,0.7537,-0.6572,33.8,32.8,32.8,station
2022-05-14,,,36.0,,,,,37.7,,,,,,64,32,22.1,24.71,0.1,0.7423,-0.6701,33.0,33.3,33.3,station
2022-05-15,,,38.3,,,,,39.6,,,,,,66,39,30.0,25.08,0.0,0.7306,-0.6828,35.9,34.4,34.4,station
2022-05-16,,,35.8,,,,,34.5,,,,,,65,17,22.6,27.76,0.0,0.7188,-0.6952,32.2,31.7,31.7,station
2022-05-17,,,36.5,,,,,36.9,,,,,,51,81,27.2,26.54,0.0,0.7067,-0.7075,36.2,33.9,33.9,station
2022-05-18,,,37.7,,,,,38.0,,,,,,52,55,29.2,24.19,0.0,0.6945,-0.7195,35.5,34.4,34.4,station
2022-05-19,,,37.7,,,,,37.5,,,,,,54,25,31.7,26.45,0.3,0.682,-0.7314,36.3,33.9,33.9,station
2022-05-20,,,38.3,,,,,38.2,,,,,,68,48,40.7,23.1,13.1,0.6693,-0.743,36.5,33.9,33.9,station
2022-05-21,,,37.5,,,,,36.9,,,,,,76,82,27.1,18.14,6.2,0.6564,-0.7544,32.0,33.3,33.3,station
2022-05-22,,,20.6,,,,,19.6,,,,,,68,81,26.8,19.28,8.2,0.6433,-0.7656,22.6,22.2,22.2,station
2022-05-23,,,25.4,,,,,23.8,,,,,,76,97,25.5,13.96,1.1,0.6301,-0.7765,26.9,26.1,26.1,station
2022-05-24,,,25.6,,,,,27.7,,,,,,82,100,24.4,13.88,59.8,0.6166,-0.7873,27.0,24.4,24.4,station
2022-05-25,,,19.5,,,,,24.8,,,,,,72,83,30.7,19.76,6.0,0.603,-0.7978,21.3,22.2,22.2,station
2022-05-26,,,27.8,,,,,27.1,,,,,,56,19,23.6,29.1,0.0,0.5892,-0.808,29.1,30.6,30.6,station
2022-05-27,,,31.5,,,,,32.2,,,,,,60,0,16.3,29.15,0.0,0.5752,-0.818,30.3,32.2,32.2,station
2022-05-28,,,35.5,,,,,36.0,,,,,,51,12,30.9,28.67,0.0,0.561,-0.8278,34.0,33.9,33.9,station
2022-05-29,,,35.6,,,,,36.2,,,,,,57,51,34.5,28.56,0.0,0.5467,-0.8373,34.4,32.8,32.8,station
2022-05-30,,,35.4,,,,,35.2,,,,,,58,60,37.8,20.57,0.8,0.5322,-0.8466,34.9,33.3,33.3,station
2022-05-31,,,35.2,,,,,36.0,,,,,,62,50,29.8,22.08,1.0,0.5176,-0.8556,34.5,33.9,33.9,station
2022-06-01,,,33.2,,,,,35.7,,,,,,71,89,23.8,23.57,22.8,0.5028,-0.8644,33.1,31.1,31.1,station
2022-06-02,,,27.0,,,,,27.9,,,,,,77,79,29.7,19.29,9.8,0.4878,-0.8729,28.1,28.3,28.3,station
2022-06-03,,,30.2,,,,,30.8,,,,,,82,80,19.4,16.66,16.7,0.4728,-0.8812,27.0,27.8,27.8,station
2022-06-04,,,30.3,,,,,32.8,,,,,,80,64,18.4,21.82,0.0,0.4575,-0.8892,30.1,30.0,30.0,station
2022-06-05,,,34.0,,,,,33.9,,,,,,81,74,30.8,18.63,12.0,0.4422,-0.8969,30.6,32.8,32.8,station
2022-06-06,,,39.0,,,,,39.0,,,,,,69,39,27.4,27.72,0.0,0.4267,-0.9044,34.9,33.9,33.9,station
2022-06-07,,,38.2,,,,,38.6,,,,,,67,60,28.3,24.67,0.1,0.4111,-0.9116,34.0,33.9,33.9,station
2022-06-08,,,37.4,,,,,37.3,,,,,,70,83,27.0,13.2,0.1,0.3953,-0.9185,31.0,31.7,31.7,station
2022-06-09,,,36.8,,,,,38.3,,,,,,77,79,18.5,21.39,7.6,0.3795,-0.9252,32.0,33.9,33.9,station
2022-06-10,,,40.1,,,,,40.1,,,,,,71,66,18.5,23.35,2.7,0.3635,-0.9316,35.7,36.7,36.7,station
2022-06-11,,,40.9,,,,,42.6,,,,,,58,53,24.8,26.07,0.0,0.3474,-0.9377,37.9,38.9,38.9,station
2022-06-12,,,41.8,,,,,41.9,,,,,,51,16,24.4,28.81,0.0,0.3312,-0.9436,39.6,37.8,37.8,station
2022-06-13,,,40.7,,,,,40.3,,,,,,50,6,28.0,29.0,0.0,0.3149,-0.9491,38.5,36.7,36.7,station
2022-06-14,,,39.0,,,,,39.5,,,,,,51,44,34.9,28.54,0.0,0.2986,-0.9544,37.4,35.0,35.0,station
2022-06-15,,,38.9,,,,,38.6,,,,,,56,85,29.9,20.41,0.3,0.2821,-0.9594,36.6,34.4,34.4,station
2022-06-16,,,39.5,,,,,39.7,,,,,,48,33,19.5,28.97,0.0,0.2656,-0.9641,37.3,37.8,37.8,station
2022-06-17,,,40.1,,,,,39.2,,,,,,53,25,23.4,25.21,0.3,0.2489,-0.9685,35.0,36.7,36.7,station
2022-06-18,,,37.4,,,,,37.1,,,,,,74,56,15.6,21.08,11.5,0.2322,-0.9727,32.2,35.6,35.6,station
2022-06-19,,,38.5,,,,,38.2,,,,,,66,44,28.8,24.19,0.0,0.2155,-0.9765,36.4,37.2,37.2,station
2022-06-20,,,39.2,,,,,40.1,,,,,,55,14,17.7,27.39,0.0,0.1986,-0.9801,37.4,37.2,37.2,station
2022-06-21,,,40.5,,,,,39.2,,,,,,47,9,17.8,27.21,0.0,0.1818,-0.9833,36.9,37.2,37.2,station
2022-06-22,,,40.0,,,,,40.3,,,,,,51,9,15.3,26.77,0.0,0.1648,-0.9863,36.0,36.7,36.7,station
2022-06-23,,,39.8,,,,,41.8,,,,,,49,25,24.8,27.39,0.0,0.1478,-0.989,37.0,38.3,38.3,station
2022-06-24,,,41.2,,,,,41.4,,,,,,43,29,20.2,27.33,0.0,0.1308,-0.9914,38.8,38.3,38.3,station
2022-06-25,,,41.4,,,,,41.0,,,,,,40,2,19.6,29.0,0.0,0.1137,-0.9935,38.4,38.3,38.3,station
2022-06-26,,,40.1,,,,,37.1,,,,,,40,20,27.2,27.72,0.0,0.0966,-0.9953,37.8,38.3,38.3,station
2022-06-27,,,34.2,,,,,35.0,,,,,,66,84,22.6,20.49,12.7,0.0795,-0.9968,31.3,34.4,34.4,station
2022-06-28,,,33.7,,,,,33.9,,,,,,49,55,20.0,25.94,0.0,0.0623,-0.9981,32.6,32.2,32.2,station
2022-06-29,,,36.5,,,,,36.1,,,,,,43,16,16.3,26.69,0.0,0.0451,-0.999,33.8,33.9,33.9,station
2022-06-30,,,38.7,,,,,37.4,,,,,,48,14,31.2,27.03,0.2,0.028,-0.9996,35.6,36.1,36.1,station
2022-07-01,,,38.8,,,,,33.1,,,,,,62,41,20.6,26.65,0.0,0.0108,-0.9999,34.4,34.4,34.4,station
2022-07-02,,,38.7,,,,,38.6,,,,,,69,65,20.8,23.1,2.7,-0.0065,-1.0,35.1,37.2,37.2,station
2022-07-03,,,37.9,,,,,38.3,,,,,,62,44,21.0,24.11,0.7,-0.0237,-0.9997,37.9,38.3,38.3,station
2022-07-04,,,40.1,,,,,39.8,,,,,,44,1,21.3,28.82,0.0,-0.0408,-0.9992,38.2,37.2,37.2,station
2022-07-05,,,40.6,,,,,40.4,,,,,,42,1,20.5,28.94,0.0,-0.058,-0.9983,39.0,37.8,37.8,station
2022-07-06,,,40.9,,,,,41.0,,,,,,42,41,20.6,28.87,0.0,-0.0752,-0.9972,39.6,38.9,38.9,station
2022-07-07,,,41.2,,,,,41.4,,,,,,44,36,22.0,28.72,0.0,-0.0923,-0.9957,39.7,38.3,38.3,station
2022-07-08,,,42.5,,,,,42.7,,,,,,42,22,19.5,27.84,0.0,-0.1094,-0.994,40.1,40.0,40.0,station
2022-07-09,,,43.0,,,,,43.9,,,,,,48,34,10.6,22.97,1.3,-0.1265,-0.992,37.6,41.1,41.1,station
2022-07-10,,,40.8,,,,,40.9,,,,,,44,6,19.4,28.76,0.0,-0.1436,-0.9896,38.8,38.9,38.9,station
2022-07-11,,,41.8,,,,,42.9,,,,,,46,2,18.7,28.93,0.0,-0.1606,-0.987,38.7,38.9,38.9,station
2022-07-12,,,42.2,,,,,43.3,,,,,,40,11,24.8,29.12,0.0,-0.1775,-0.9841,39.6,38.9,38.9,station
2022-07-13,,,42.8,,,,,43.1,,,,,,40,11,19.9,28.07,0.0,-0.1944,-0.9809,39.6,40.0,40.0,station
2022-07-14,,,41.7,,,,,42.0,,,,,,49,24,21.3,22.78,3.2,-0.2113,-0.9774,36.7,34.4,34.4,station
2022-07-15,,,40.0,,,,,39.5,,,,,,45,5,17.6,27.17,0.0,-0.2281,-0.9736,37.7,36.7,36.7,station
2022-07-16,,,39.9,,,,,39.6,,,,,,48,25,15.3,27.38,0.0,-0.2448,-0.9696,38.0,37.2,37.2,station
2022-07-17,,,41.5,,,,,40.8,,,,,,37,58,20.2,26.58,0.0,-0.2614,-0.9652,40.4,40.0,40.0,station
2022-07-18,,,44.4,,,,,42.4,,,,,,33,17,29.2,25.62,0.0,-0.278,-0.9606,42.2,41.7,41.7,station
2022-07-19,,,44.4,,,,,44.5,,,,,,38,26,28.2,25.88,0.0,-0.2945,-0.9557,42.1,41.1,41.1,station
2022-07-20,,,43.4,,,,,43.8,,,,,,42,53,30.2,24.29,0.0,-0.3109,-0.9505,42.6,41.7,41.7,station
2022-07-21,,,38.4,,,,,38.4,,,,,,50,94,25.4,17.66,4.1,-0.3272,-0.945,38.8,37.8,37.8,station
2022-07-22,,,38.1,,,,,38.7,,,,,,45,40,20.3,27.19,0.1,-0.3434,-0.9392,39.3,36.1,36.1,station
2022-07-23,,,39.8,,,,,40.1,,,,,,49,9,23.5,26.36,0.0,-0.3595,-0.9332,38.6,37.2,37.2,station
2022-07-24,,,40.3,,,,,40.8,,,,,,41,7,23.1,26.87,0.0,-0.3755,-0.9268,39.1,38.3,38.3,station
2022-07-25,,,41.1,,,,,41.0,,,,,,39,12,24.2,26.47,0.0,-0.3914,-0.9202,39.7,39.4,39.4,station
2022-07-26,,,41.0,,,,,40.8,,,,,,37,75,25.2,27.87,0.0,-0.4071,-0.9134,39.5,38.3,38.3,station
2022-07-27,,,40.6,,,,,40.0,,,,,,42,35,27.8,26.71,0.0,-0.4228,-0.9062,39.5,38.3,38.3,station
2022-07-28,,,40.0,,,,,40.4,,,,,,43,38,21.7,25.61,0.0,-0.4383,-0.8988,39.2,38.3,38.3,station
2022-07-29,,,39.4,,,,,39.8,,,,,,51,69,21.4,23.78,6.2,-0.4537,-0.8912,39.0,37.8,37.8,station
2022-07-30,,,36.3,,,,,39.6,,,,,,71,88,20.5,14.63,21.8,-0.469,-0.8832,32.7,37.2,37.2,station
2022-07-31,,,39.3,,,,,31.4,,,,,,45,71,21.2,19.42,0.8,-0.4841,-0.875,38.8,38.9,38.9,station
2022-08-01,,,38.8,,,,,38.8,,,,,,41,42,23.3,24.48,0.0,-0.4991,-0.8666,38.4,37.8,37.8,station
2022-08-02,,,40.6,,,,,40.0,,,,,,41,23,22.8,24.39,0.0,-0.5139,-0.8578,39.4,37.8,37.8,station
2022-08-03,,,40.6,,,,,41.3,,,,,,42,44,24.5,26.42,0.0,-0.5286,-0.8489,39.9,38.9,38.9,station
2022-08-04,,,40.7,,,,,41.9,,,,,,42,77,20.4,26.43,0.0,-0.5431,-0.8397,40.0,38.3,38.3,station
2022-08-05,,,40.6,,,,,36.8,,,,,,38,43,34.4,25.37,0.0,-0.5575,-0.8302,39.9,38.9,38.9,station
2022-08-06,,,38.7,,,,,37.5,,,,,,55,21,26.4,24.7,0.7,-0.5717,-0.8205,37.7,35.6,35.6,station
2022-08-07,,,38.4,,,,,38.9,,,,,,53,29,18.0,25.23,0.0,-0.5857,-0.8105,37.6,37.2,37.2,station
2022-08-08,,,39.4,,,,,40.1,,,,,,44,44,27.7,23.58,0.0,-0.5996,-0.8003,38.2,37.8,37.8,station
2022-08-09,,,37.8,,,,,39.7,,,,,,58,85,19.1,15.38,9.4,-0.6132,-0.7899,33.1,38.3,38.3,station
2022-08-10,,,36.6,,,,,36.4,,,,,,66,72,14.7,22.13,12.4,-0.6267,-0.7792,34.6,37.8,37.8,station
2022-08-11,,,35.1,,,,,36.2,,,,,,61,41,18.7,24.59,0.7,-0.64,-0.7683,35.6,36.1,36.1,station
2022-08-12,,,33.7,,,,,36.5,,,,,,55,18,19.4,24.19,0.4,-0.6532,-0.7572,35.8,35.6,35.6,station
2022-08-13,,,37.0,,,,,37.2,,,,,,51,13,19.9,24.28,0.2,-0.6661,-0.7459,36.4,36.1,36.1,station
2022-08-14,,,38.3,,,,,38.4,,,,,,50,27,16.3,24.65,0.1,-0.6788,-0.7343,37.4,36.1,36.1,station
2022-08-15,,,37.3,,,,,36.8,,,,,,46,84,16.2,24.9,0.0,-0.6914,-0.7225,37.6,36.7,36.7,station
2022-08-16,,,39.0,,,,,38.6,,,,,,43,85,18.5,23.86,0.0,-0.7037,-0.7105,37.5,37.8,37.8,station
2022-08-17,,,40.5,,,,,40.7,,,,,,47,66,19.5,23.04,4.4,-0.7158,-0.6983,38.3,39.4,39.4,station
2022-08-18,,,34.3,,,,,28.4,,,,,,78,71,19.8,12.66,13.7,-0.7277,-0.6859,28.7,30.6,30.6,station
2022-08-19,,,34.7,,,,,35.6,,,,,,67,47,17.9,22.2,1.9,-0.7394,-0.6733,33.2,34.4,34.4,station
2022-08-20,,,35.2,,,,,37.4,,,,,,66,84,24.0,20.14,0.8,-0.7509,-0.6605,35.7,33.3,33.3,station
2022-08-21,,,28.4,,,,,28.5,,,,,,80,100,20.9,10.0,40.3,-0.7621,-0.6474,32.2,31.7,31.7,station
2022-08-22,,,26.0,,,,,25.2,,,,,,90,100,17.3,6.67,163.2,-0.7731,-0.6342,27.3,26.1,26.1,station
2022-08-23,,,27.8,,,,,29.5,,,,,,83,71,15.5,17.83,13.6,-0.7839,-0.6208,30.2,29.4,29.4,station
2022-08-24,,,29.5,,,,,30.0,,,,,,80,70,15.6,15.98,2.5,-0.7945,-0.6073,29.9,31.7,31.7,station
2022-08-25,,,32.3,,,,,31.4,,,,,,75,44,12.7,20.29,1.2,-0.8048,-0.5935,30.6,33.9,33.9,station
2022-08-26,,,31.6,,,,,31.7,,,,,,77,27,13.6,19.63,6.8,-0.8149,-0.5796,30.7,33.3,33.3,station
2022-08-27,,,34.4,,,,,33.3,,,,,,71,32,18.2,19.1,11.2,-0.8248,-0.5655,33.0,35.0,35.0,station
2022-08-28,,,35.5,,,,,34.2,,,,,,63,19,22.4,21.32,2.1,-0.8344,-0.5512,34.2,35.6,35.6,station
2022-08-29,,,34.8,,,,,35.6,,,,,,69,45,20.4,21.64,11.5,-0.8437,-0.5368,32.9,33.9,33.9,station
2022-08-30,,,29.5,,,,,34.8,,,,,,81,100,13.7,16.9,4.8,-0.8528,-0.5222,30.7,31.7,31.7,station
2022-08-31,,,31.9,,,,,33.8,,,,,,81,98,16.6,17.87,4.6,-0.8617,-0.5074,33.1,31.7,31.7,station
2022-09-01,,,29.7,,,,,30.2,,,,,,87,98,21.1,11.34,31.4,-0.8703,-0.4925,29.4,31.1,31.1,station
2022-09-02,,,29.5,,,,,32.5,,,,,,83,66,16.3,16.63,22.7,-0.8786,-0.4775,31.2,27.8,27.8,station
2022-09-03,,,34.3,,,,,29.4,,,,,,80,34,12.5,20.79,1.8,-0.8867,-0.4623,31.8,35.6,35.6,station
2022-09-04,,,34.4,,,,,35.3,,,,,,70,33,15.6,21.13,1.3,-0.8945,-0.447,32.3,33.9,33.9,station
2022-09-05,,,33.1,,,,,33.5,,,,,,71,15,13.4,22.48,0.0,-0.9021,-0.4315,32.5,32.8,32.8,station
2022-09-06,,,33.9,,,,,33.4,,,,,,69,25,22.2,20.93,0.4,-0.9094,-0.4159,33.2,33.3,33.3,station
2022-09-07,,,34.3,,,,,35.1,,,,,,65,9,15.4,21.76,0.0,-0.9164,-0.4002,34.1,35.0,35.0,station
2022-09-08,,,32.1,,,,,34.0,,,,,,62,17,17.3,21.45,0.4,-0.9232,-0.3844,31.9,31.7,31.7,station
2022-09-09,,,32.3,,,,,32.3,,,,,,53,1,16.0,23.45,0.0,-0.9296,-0.3685,31.6,31.1,31.1,station
2022-09-10,,,32.2,,,,,32.5,,,,,,55,0,14.2,23.83,0.0,-0.9358,-0.3524,31.6,32.2,32.2,station
2022-09-11,,,29.3,,,,,29.1,,,,,,57,54,25.2,21.72,0.0,-0.9418,-0.3363,30.0,28.3,28.3,station
2022-09-12,,,31.5,,,,,31.8,,,,,,46,28,9.8,23.15,0.0,-0.9474,-0.32,30.2,30.0,30.0,station
2022-09-13,,,32.1,,,,,33.3,,,,,,49,2,17.7,22.86,0.0,-0.9528,-0.3037,32.7,31.7,31.7,station
2022-09-14,,,31.4,,,,,32.3,,,,,,44,10,17.3,23.43,0.0,-0.9579,-0.2873,31.9,30.6,30.6,station
2022-09-15,,,31.5,,,,,31.5,,,,,,49,17,15.0,23.06,0.0,-0.9627,-0.2707,31.3,30.0,30.0,station
2022-09-16,,,33.9,,,,,32.9,,,,,,54,13,21.4,20.82,0.0,-0.9672,-0.2541,33.1,32.2,32.2,station
2022-09-17,,,33.8,,,,,33.2,,,,,,70,27,22.2,17.85,1.2,-0.9714,-0.2375,33.9,33.3,33.3,station
2022-09-18,,,34.6,,,,,35.1,,,,,,59,5,24.0,21.02,0.0,-0.9753,-0.2207,34.8,33.9,33.9,station
2022-09-19,,,35.7,,,,,35.5,,,,,,59,8,13.8,20.03,0.2,-0.979,-0.2039,34.7,33.9,33.9,station
2022-09-20,,,36.7,,,,,36.2,,,,,,55,4,14.1,21.21,0.0,-0.9824,-0.187,35.8,34.4,34.4,station
2022-09-21,,,37.1,,,,,37.0,,,,,,50,0,13.9,22.06,0.0,-0.9854,-0.1701,36.2,35.6,35.6,station
2022-09-22,,,37.0,,,,,37.4,,,,,,47,1,15.3,21.87,0.0,-0.9882,-0.1531,36.0,36.7,36.7,station
2022-09-23,,,36.0,,,,,36.4,,,,,,47,4,17.0,21.26,0.0,-0.9907,-0.1361,36.1,35.0,35.0,station
2022-09-24,,,36.4,,,,,35.8,,,,,,44,1,15.1,21.54,0.0,-0.9929,-0.1191,36.0,35.0,35.0,station
2022-09-25,,,36.0,,,,,36.7,,,,,,49,21,19.4,19.34,0.0,-0.9948,-0.102,36.6,36.1,36.1,station
2022-09-26,,,31.5,,,,,32.0,,,,,,30,0,22.0,22.04,0.0,-0.9964,-0.0848,30.8,30.6,30.6,station
2022-09-27,,,31.4,,,,,33.1,,,,,,39,0,11.0,21.56,0.0,-0.9977,-0.0677,31.0,31.1,31.1,station
2022-09-28,,,32.0,,,,,31.9,,,,,,35,27,17.7,17.32,0.0,-0.9987,-0.0505,31.8,31.7,31.7,station
2022-09-29,,,28.9,,,,,29.5,,,,,,38,0,25.8,21.06,0.0,-0.9994,-0.0333,28.3,26.7,26.7,station
2022-09-30,,,28.6,,,,,28.8,,,,,,42,0,15.2,21.36,0.0,-0.9999,-0.0161,26.4,26.7,26.7,station
2022-10-01,,,28.7,,,,,29.2,,,,,,44,0,13.5,21.65,0.0,-1.0,0.0011,27.3,26.7,26.7,station
2022-10-02,,,28.9,,,,,29.5,,,,,,43,0,13.6,21.22,0.0,-0.9998,0.0183,28.2,28.3,28.3,station
2022-10-03,,,29.8,,,,,29.9,,,,,,46,0,11.6,20.8,0.0,-0.9994,0.0355,28.8,28.9,28.9,station
2022-10-04,,,29.9,,,,,30.2,,,,,,48,8,10.1,20.47,0.0,-0.9986,0.0527,29.4,29.4,29.4,station
2022-10-05,,,30.5,,,,,30.9,,,,,,43,7,11.1,20.39,0.0,-0.9976,0.0698,30.3,30.0,30.0,station
2022-10-06,,,31.7,,,,,32.1,,,,,,40,3,12.4,19.88,0.0,-0.9962,0.087,31.6,31.7,31.7,station
2022-10-07,,,30.5,,,,,31.8,,,,,,40,63,12.1,17.26,0.0,-0.9946,0.1041,31.1,30.6,30.6,station
2022-10-08,,,26.7,,,,,26.1,,,,,,47,28,17.9,17.78,0.0,-0.9926,0.1212,27.5,26.1,26.1,station
2022-10-09,,,27.4,,,,,28.5,,,,,,56,48,11.7,17.2,0.5,-0.9904,0.1383,29.1,27.8,27.8,station
2022-10-10,,,30.7,,,,,30.2,,,,,,48,28,19.1,16.12,0.0,-0.9879,0.1553,30.9,30.6,30.6,station
2022-10-11,,,30.0,,,,,30.1,,,,,,50,63,27.3,14.09,0.0,-0.9851,0.1722,29.1,28.3,28.3,station
2022-10-12,,,33.4,,,,,34.8,,,,,,51,3,24.2,17.83,0.0,-0.9819,0.1892,34.5,34.4,34.4,station
2022-10-13,,,28.8,,,,,30.4,,,,,,29,0,21.1,19.43,0.0,-0.9785,0.206,27.6,28.3,28.3,station
2022-10-14,,,30.5,,,,,31.4,,,,,,35,4,19.4,19.25,0.0,-0.9749,0.2228,30.7,30.0,30.0,station
2022-10-15,,,33.5,,,,,33.3,,,,,,54,58,22.9,17.11,0.0,-0.9709,0.2396,33.6,33.3,33.3,station
2022-10-16,,,27.5,,,,,27.4,,,,,,71,89,23.0,8.09,19.9,-0.9666,0.2562,27.1,26.1,26.1,station
2022-10-17,,,21.6,,,,,21.5,,,,,,43,58,25.3,17.96,0.0,-0.9621,0.2728,19.7,21.1,21.1,station
2022-10-18,,,16.8,,,,,17.4,,,,,,35,2,19.7,18.69,0.0,-0.9572,0.2893,16.7,17.8,17.8,station
2022-10-19,,,19.7,,,,,19.4,,,,,,41,0,17.1,18.66,0.0,-0.9521,0.3057,17.3,18.9,18.9,station
2022-10-20,,,28.1,,,,,29.4,,,,,,45,0,19.6,18.23,0.0,-0.9467,0.3221,26.0,28.9,28.9,station
2022-10-21,,,30.6,,,,,30.3,,,,,,53,0,29.6,18.18,0.0,-0.941,0.3383,31.8,31.7,31.7,station
2022-10-22,,,30.6,,,,,30.2,,,,,,57,42,39.0,16.88,0.0,-0.9351,0.3545,30.1,29.4,29.4,station
2022-10-23,,,31.0,,,,,30.6,,,,,,59,61,41.3,15.12,0.0,-0.9288,0.3705,29.7,29.4,29.4,station
2022-10-24,,,24.1,,,,,24.3,,,,,,80,88,32.8,5.27,35.8,-0.9223,0.3864,24.2,24.4,24.4,station
2022-10-25,,,20.8,,,,,21.2,,,,,,54,27,52.0,17.53,0.3,-0.9155,0.4022,19.7,20.6,20.6,station
2022-10-26,,,21.8,,,,,23.2,,,,,,63,0,13.0,17.38,0.0,-0.9085,0.4179,20.8,22.2,22.2,station
2022-10-27,,,22.6,,,,,23.5,,,,,,56,29,20.2,16.73,0.0,-0.9012,0.4335,21.6,22.2,22.2,station
2022-10-28,,,17.9,,,,,17.9,,,,,,81,90,27.5,2.38,52.1,-0.8936,0.4489,17.4,17.8,17.8,station
2022-10-29,,,15.8,,,,,15.2,,,,,,86,74,26.6,7.86,4.1,-0.8857,0.4642,18.9,17.2,17.2,station
2022-10-30,,,21.9,,,,,20.1,,,,,,75,23,15.5,14.34,0.0,-0.8776,0.4794,22.3,23.9,23.9,station
2022-10-31,,,23.3,,,,,23.0,,,,,,73,76,8.9,15.8,0.0,-0.8692,0.4944,23.1,25.0,25.0,station
2022-11-01,,,24.4,,,,,23.9,,,,,,71,48,14.3,14.95,0.0,-0.8606,0.5093,23.5,24.4,24.4,station
2022-11-02,,,23.9,,,,,24.4,,,,,,82,47,19.2,9.01,0.1,-0.8517,0.524,23.1,22.8,22.8,station
2022-11-03,,,24.2,,,,,25.8,,,,,,84,64,29.5,8.24,0.7,-0.8426,0.5386,26.3,26.7,26.7,station
2022-11-04,,,22.9,,,,,22.6,,,,,,87,72,34.0,3.95,34.3,-0.8332,0.553,23.6,24.0,24.0,station
2022-11-05,,,19.7,,,,,21.4,,,,,,66,0,22.4,16.05,0.0,-0.8235,0.5672,17.9,18.3,18.3,station
2022-11-06,,,25.9,,,,,25.3,,,,,,65,15,22.1,15.56,0.0,-0.8137,0.5813,25.6,27.2,27.2,station
2022-11-07,,,27.1,,,,,25.9,,,,,,90,62,16.9,10.4,23.1,-0.8035,0.5952,26.6,26.1,26.1,station
2022-11-08,,,26.6,,,,,27.2,,,,,,88,72,19.1,9.49,1.5,-0.7932,0.609,26.9,26.1,26.1,station
2022-11-09,,,26.9,,,,,27.1,,,,,,80,69,23.1,12.63,0.0,-0.7826,0.6225,26.6,27.8,27.8,station
2022-11-10,,,25.4,,,,,24.7,,,,,,82,47,23.1,10.68,0.7,-0.7718,0.6359,25.1,22.8,22.8,station
2022-11-11,,,22.9,,,,,22.3,,,,,,75,87,30.4,4.05,14.2,-0.7607,0.6491,20.4,21.1,21.1,station
2022-11-12,,,10.4,,,,,11.9,,,,,,54,33,21.1,15.2,0.0,-0.7494,0.6621,9.8,11.1,11.1,station
2022-11-13,,,10.3,,,,,11.0,,,,,,59,52,16.8,14.5,0.0,-0.7379,0.6749,10.5,11.1,11.1,station
2022-11-14,,,7.8,,,,,8.7,,,,,,79,86,21.8,2.32,14.7,-0.7262,0.6875,7.0,6.7,6.7,station
2022-11-15,,,9.6,,,,,9.4,,,,,,72,99,21.3,11.02,0.0,-0.7143,0.6998,9.4,6.1,6.1,station
2022-11-16,,,11.6,,,,,12.3,,,,,,65,77,11.8,13.33,0.0,-0.7021,0.712,11.9,11.7,11.7,station
2022-11-17,,,13.3,,,,,13.5,,,,,,63,4,13.7,14.52,0.0,-0.6898,0.724,13.7,15.0,15.0,station
2022-11-18,,,9.8,,,,,11.5,,,,,,65,70,19.2,11.48,0.1,-0.6772,0.7358,9.8,8.9,8.9,station
2022-11-19,,,9.3,,,,,9.9,,,,,,55,67,17.1,7.95,0.3,-0.6645,0.7473,7.5,5.6,5.6,station
2022-11-20,,,9.6,,,,,10.9,,,,,,66,40,9.7,13.18,1.3,-0.6515,0.7586,10.2,10.0,10.0,station
2022-11-21,,,13.1,,,,,12.2,,,,,,73,40,13.4,13.14,2.0,-0.6384,0.7697,12.2,11.1,11.1,station
2022-11-22,,,15.5,,,,,15.1,,,,,,85,55,8.6,8.96,0.0,-0.625,0.7806,13.7,15.6,15.6,station
2022-11-23,,,14.0,,,,,14.7,,,,,,84,100,18.2,4.14,20.0,-0.6115,0.7912,15.7,13.3,13.3,station
2022-11-24,,,15.7,,,,,15.9,,,,,,94,100,20.9,2.15,27.6,-0.5978,0.8016,16.1,14.4,14.4,station
2022-11-25,,,15.4,,,,,16.0,,,,,,85,100,23.9,4.14,1.6,-0.584,0.8118,14.7,14.4,14.4,station
2022-11-26,,,15.4,,,,,16.8,,,,,,84,84,34.4,6.81,27.6,-0.5699,0.8217,16.1,12.8,12.8,station
2022-11-27,,,15.8,,,,,16.2,,,,,,74,3,22.3,13.01,0.0,-0.5557,0.8314,16.1,17.2,17.2,station
2022-11-28,,,17.5,,,,,18.5,,,,,,78,9,23.7,13.28,0.0,-0.5413,0.8408,18.6,20.0,20.0,station
2022-11-29,,,24.6,,,,,24.4,,,,,,75,36,37.5,11.81,0.1,-0.5268,0.85,25.1,26.1,26.1,station
2022-11-30,,,11.2,,,,,12.1,,,,,,51,16,34.8,13.56,0.0,-0.5121,0.859,9.5,10.6,10.6,station
2022-12-01,,,12.1,,,,,10.6,,,,,,61,83,19.8,7.6,3.0,-0.4972,0.8676,10.9,11.7,11.7,station
2022-12-02,,,18.5,,,,,18.7,,,,,,83,87,31.1,5.33,0.4,-0.4822,0.8761,20.7,18.3,18.3,station
2022-12-03,,,17.6,,,,,18.0,,,,,,57,76,31.7,12.69,0.0,-0.4671,0.8842,16.7,17.2,17.2,station
2022-12-04,,,13.4,,,,,13.9,,,,,,60,97,14.5,5.58,0.2,-0.4518,0.8921,13.1,13.9,13.9,station
2022-12-05,,,24.4,,,,,22.0,,,,,,82,68,29.4,8.61,0.2,-0.4364,0.8998,24.7,26.1,26.1,station
2022-12-06,,,22.5,,,,,24.2,,,,,,85,76,20.3,6.98,1.0,-0.4208,0.9071,23.2,24.4,24.4,station
2022-12-07,,,23.7,,,,,22.9,,,,,,90,94,22.0,5.75,15.1,-0.4052,0.9142,24.0,23.9,23.9,station
2022-12-08,,,23.3,,,,,21.3,,,,,,89,75,22.2,7.06,6.0,-0.3894,0.9211,24.5,22.2,22.2,station
2022-12-09,,,24.0,,,,,23.9,,,,,,88,85,16.4,7.74,1.3,-0.3735,0.9276,22.1,18.9,18.9,station
2022-12-10,,,20.2,,,,,23.0,,,,,,92,98,20.6,5.86,22.0,-0.3575,0.9339,22.2,23.3,23.3,station
2022-12-11,,,18.0,,,,,19.0,,,,,,85,87,16.7,4.52,1.2,-0.3413,0.9399,14.8,13.9,13.9,station
2022-12-12,,,18.8,,,,,17.8,,,,,,88,100,30.0,3.63,7.0,-0.3251,0.9457,17.2,17.2,17.2,station
2022-12-13,,,19.1,,,,,19.3,,,,,,70,74,43.5,6.17,9.4,-0.3088,0.9511,21.1,20.6,20.6,station
2022-12-14,,,15.2,,,,,14.9,,,,,,55,44,25.5,10.49,4.3,-0.2924,0.9563,12.7,14.4,14.4,station
2022-12-15,,,12.3,,,,,12.0,,,,,,55,0,14.1,12.68,0.0,-0.2759,0.9612,11.6,12.8,12.8,station
2022-12-16,,,10.0,,,,,9.9,,,,,,56,33,17.3,11.41,0.0,-0.2593,0.9658,8.8,8.9,8.9,station
2022-12-17,,,10.5,,,,,10.7,,,,,,51,11,15.7,13.01,0.0,-0.2427,0.9701,9.4,11.1,11.1,station
2022-12-18,,,10.1,,,,,10.5,,,,,,58,51,16.6,11.73,0.2,-0.226,0.9741,11.2,12.2,12.2,station
2022-12-19,,,8.2,,,,,8.6,,,,,,68,99,19.7,3.84,0.3,-0.2092,0.9779,8.9,9.4,9.4,station
2022-12-20,,,12.6,,,,,11.8,,,,,,73,74,17.5,8.41,0.0,-0.1923,0.9813,12.0,13.3,13.3,station
2022-12-21,,,10.4,,,,,10.4,,,,,,80,84,15.3,10.45,0.0,-0.1754,0.9845,10.4,11.1,11.1,station
2022-12-22,,,8.5,,,,,9.2,,,,,,68,36,39.4,6.72,0.0,-0.1585,0.9874,4.9,6.7,6.7,station
2022-12-23,,,-3.3,,,,,-3.1,,,,,,30,74,26.7,10.29,0.0,-0.1414,0.9899,-4.5,-4.4,-4.4,station
2022-12-24,,,1.5,,,,,1.0,,,,,,28,47,10.3,12.51,0.0,-0.1244,0.9922,1.4,1.7,1.7,station
2022-12-25,,,8.3,,,,,7.8,,,,,,38,18,16.4,12.54,0.0,-0.1073,0.9942,8.7,10.0,10.0,station
2022-12-26,,,11.1,,,,,12.4,,,,,,53,40,23.8,8.81,0.0,-0.0902,0.9959,12.8,14.4,14.4,station
2022-12-27,,,9.2,,,,,8.2,,,,,,59,33,24.6,12.45,0.0,-0.073,0.9973,7.8,10.0,10.0,station
2022-12-28,,,18.4,,,,,17.7,,,,,,66,14,32.2,12.23,0.0,-0.0559,0.9984,19.8,21.7,21.7,station
2022-12-29,,,18.8,,,,,20.4,,,,,,80,99,26.7,7.26,0.2,-0.0387,0.9993,21.7,22.8,22.8,station
2022-12-30,,,16.8,,,,,17.5,,,,,,63,98,13.7,7.66,0.0,-0.0215,0.9998,15.2,17.2,17.2,station
2022-12-31,,,21.0,,,,,21.1,,,,,,64,43,25.6,11.92,0.0,-0.0043,1.0,21.2,,,
2023-01-01,,,23.5,,,,,23.4,,,,,,66,73,22.7,11.17,0.0,0.0172,0.9999,22.7,24.4,24.4,station
2023-01-02,,,21.8,,,,,21.9,,,,,,92,87,31.9,3.79,17.9,0.0344,0.9994,22.0,25.0,25.0,station
2023-01-03,,,19.5,,,,,19.7,,,,,,43,53,20.5,12.19,0.1,0.0516,0.9987,19.2,20.0,20.0,station
2023-01-04,,,15.4,,,,,16.6,,,,,,66,1,10.1,12.78,0.0,0.0688,0.9976,12.9,14.4,14.4,station
2023-01-05,,,15.7,,,,,16.6,,,,,,63,9,11.1,12.93,0.0,0.0859,0.9963,14.3,16.1,16.1,station
2023-01-06,,,20.5,,,,,20.4,,,,,,69,42,28.5,11.66,0.0,0.103,0.9947,19.4,20.6,20.6,station
2023-01-07,,,18.4,,,,,18.9,,,,,,71,50,22.6,9.96,0.6,0.1201,0.9928,17.5,18.3,18.3,station
2023-01-08,,,15.3,,,,,15.9,,,,,,61,37,13.7,13.09,0.0,0.1372,0.9905,14.6,16.7,16.7,station
2023-01-09,,,18.3,,,,,18.4,,,,,,69,38,22.4,12.7,0.0,0.1542,0.988,18.6,20.0,20.0,station
2023-01-10,,,25.7,,,,,24.7,,,,,,65,16,23.9,12.87,0.0,0.1712,0.9852,25.1,27.2,27.2,station
2023-01-11,,,26.3,,,,,25.9,,,,,,42,56,32.4,12.4,0.0,0.1881,0.9821,26.5,27.8,27.8,station
2023-01-12,,,20.2,,,,,21.6,,,,,,45,13,35.6,12.68,0.0,0.205,0.9788,19.2,19.4,19.4,station
2023-01-13,,,12.7,,,,,13.4,,,,,,56,15,14.8,13.55,0.0,0.2218,0.9751,12.7,14.4,14.4,station
2023-01-14,,,15.3,,,,,15.1,,,,,,58,44,25.2,13.44,0.0,0.2385,0.9711,15.2,16.7,16.7,station
2023-01-15,,,20.1,,,,,20.6,,,,,,66,57,37.6,11.01,0.0,0.2552,0.9669,21.3,20.6,20.6,station
2023-01-16,,,23.4,,,,,23.5,,,,,,64,88,32.5,8.87,0.0,0.2718,0.9624,23.4,23.9,23.9,station
2023-01-17,,,22.6,,,,,21.9,,,,,,53,77,17.2,11.71,0.0,0.2883,0.9575,23.2,26.1,26.1,station
2023-01-18,,,21.5,,,,,21.3,,,,,,54,46,26.4,11.1,2.3,0.3047,0.9524,21.7,21.7,21.7,station
2023-01-19,,,17.0,,,,,16.9,,,,,,39,39,24.3,14.12,0.0,0.3211,0.9471,14.2,15.6,15.6,station
2023-01-20,,,12.9,,,,,15.7,,,,,,60,73,15.5,8.45,0.0,0.3373,0.9414,14.3,16.7,16.7,station
2023-01-21,,,12.8,,,,,14.4,,,,,,72,55,16.1,7.73,0.8,0.3534,0.9355,13.6,13.3,13.3,station
2023-01-22,,,12.0,,,,,12.8,,,,,,54,18,26.1,13.48,0.0,0.3695,0.9292,11.4,12.2,12.2,station
2023-01-23,,,11.7,,,,,12.6,,,,,,65,18,16.8,14.62,0.0,0.3854,0.9227,10.6,12.2,12.2,station
2023-01-24,,,9.1,,,,,9.9,,,,,,83,98,30.1,1.93,27.3,0.4012,0.916,8.3,8.9,8.9,station
2023-01-25,,,8.1,,,,,8.0,,,,,,77,75,23.7,7.91,0.0,0.4169,0.9089,8.7,6.1,6.1,station
2023-01-26,,,11.2,,,,,11.6,,,,,,71,3,16.3,14.92,0.0,0.4325,0.9016,11.4,12.2,12.2,station
2023-01-27,,,14.7,,,,,15.0,,,,,,56,5,25.0,15.03,0.0,0.4479,0.8941,15.4,16.1,16.1,station
2023-01-28,,,15.1,,,,,14.7,,,,,,75,97,26.1,5.53,0.0,0.4633,0.8862,18.4,19.4,19.4,station
2023-01-29,,,14.9,,,,,15.0,,,,,,80,86,26.8,6.47,0.0,0.4784,0.8781,15.1,17.2,17.2,station
2023-01-30,,,6.6,,,,,7.9,,,,,,72,76,21.2,2.58,3.1,0.4935,0.8698,0.3,-1.7,-1.7,station
2023-01-31,,,3.8,,,,,4.4,,,,,,79,100,21.6,2.79,10.5,0.5084,0.8611,-1.1,-2.2,-2.2,station
2023-02-01,,,0.9,,,,,2.0,,,,,,70,100,16.3,3.18,2.9,0.5231,0.8523,0.5,-0.6,-0.6,station
2023-02-02,,,2.3,,,,,3.6,,,,,,90,100,17.7,3.37,9.3,0.5377,0.8432,2.5,1.1,1.1,station
2023-02-03,,,8.6,,,,,9.0,,,,,,73,12,11.9,16.06,0.0,0.5521,0.8338,10.5,11.1,11.1,station
2023-02-04,,,13.5,,,,,12.7,,,,,,76,50,24.6,14.41,0.0,0.5664,0.8242,14.4,13.9,13.9,station
2023-02-05,,,19.8,,,,,19.8,,,,,,79,4,17.9,15.93,0.0,0.5805,0.8143,18.9,21.7,21.7,station
2023-02-06,,,19.5,,,,,20.5,,,,,,83,65,36.2,6.74,0.8,0.5944,0.8042,21.4,22.2,22.2,station
2023-02-07,,,15.7,,,,,16.2,,,,,,91,93,24.6,3.65,34.7,0.6081,0.7938,17.2,17.2,17.2,station
2023-02-08,,,11.2,,,,,13.2,,,,,,87,77,27.8,3.88,34.3,0.6217,0.7833,10.0,9.4,9.4,station
2023-02-09,,,16.4,,,,,18.2,,,,,,80,16,20.3,16.4,0.0,0.6351,0.7725,15.5,17.8,17.8,station
2023-02-10,,,10.1,,,,,10.1,,,,,,68,98,27.3,7.73,0.9,0.6483,0.7614,8.6,10.0,10.0,station
2023-02-11,,,11.3,,,,,11.6,,,,,,72,42,17.8,14.99,0.1,0.6613,0.7502,11.5,12.8,12.8,station
2023-02-12,,,16.8,,,,,15.9,,,,,,66,33,18.6,17.2,0.0,0.6741,0.7387,17.2,18.9,18.9,station
2023-02-13,,,18.1,,,,,17.7,,,,,,55,88,28.5,13.1,0.0,0.6867,0.727,18.0,19.4,19.4,station
2023-02-14,,,20.5,,,,,20.7,,,,,,60,67,43.3,15.76,13.9,0.6991,0.715,20.5,21.7,21.7,station
2023-02-15,,,23.2,,,,,22.7,,,,,,60,44,34.8,17.22,0.0,0.7113,0.7029,24.2,24.4,24.4,station
2023-02-16,,,17.3,,,,,16.2,,,,,,58,76,35.2,13.27,0.4,0.7233,0.6906,19.4,11.7,11.7,station
2023-02-17,,,9.7,,,,,9.7,,,,,,54,17,25.2,18.53,0.0,0.735,0.678,8.8,10.0,10.0,station
2023-02-18,,,11.2,,,,,11.6,,,,,,53,87,21.4,12.47,0.0,0.7466,0.6653,10.9,11.7,11.7,station
2023-02-19,,,18.9,,,,,20.4,,,,,,50,100,24.6,11.58,0.0,0.7579,0.6523,20.1,21.1,21.1,station
2023-02-20,,,24.7,,,,,26.3,,,,,,54,99,30.2,12.47,0.0,0.769,0.6392,24.8,25.6,25.6,station
2023-02-21,,,28.4,,,,,28.4,,,,,,59,66,32.1,17.5,0.0,0.7799,0.6259,27.8,30.6,30.6,station
2023-02-22,,,24.9,,,,,25.8,,,,,,66,44,40.1,15.05,18.7,0.7906,0.6124,24.9,26.1,26.1,station
2023-02-23,,,20.4,,,,,22.7,,,,,,61,45,24.9,17.0,0.0,0.801,0.5987,17.8,20.0,20.0,station
2023-02-24,,,9.3,,,,,13.2,,,,,,64,100,19.5,5.95,1.4,0.8112,0.5848,10.8,10.0,10.0,station
2023-02-25,,,12.2,,,,,13.1,,,,,,84,100,16.6,6.26,3.6,0.8211,0.5708,10.9,9.4,9.4,station
2023-02-26,,,20.5,,,,,22.0,,,,,,83,82,46.5,8.09,0.6,0.8308,0.5566,23.5,25.0,25.0,station
2023-02-27,,,22.9,,,,,22.9,,,,,,45,21,47.2,19.86,3.8,0.8402,0.5422,21.3,23.9,23.9,station
2023-02-28,,,26.5,,,,,27.1,,,,,,47,44,20.5,19.46,0.0,0.8495,0.5277,25.0,28.9,28.9,station
2023-03-01,,,22.7,,,,,24.3,,,,,,84,100,22.1,8.4,2.7,0.8584,0.513,23.3,22.2,22.2,station
2023-03-02,,,24.0,,,,,23.3,,,,,,84,92,46.9,12.13,24.7,0.8671,0.4981,25.2,26.7,26.7,station
2023-03-03,,,16.7,,,,,17.0,,,,,,66,23,27.9,20.2,3.9,0.8755,0.4831,17.2,17.8,17.8,station
2023-03-04,,,22.5,,,,,22.7,,,,,,69,0,20.9,20.25,0.0,0.8837,0.468,22.5,23.9,23.9,station
2023-03-05,,,22.9,,,,,23.1,,,,,,66,11,27.0,20.37,0.0,0.8916,0.4527,23.6,24.4,24.4,station
2023-03-06,,,26.6,,,,,26.3,,,,,,74,55,22.4,20.0,0.0,0.8993,0.4373,25.8,27.2,27.2,station
2023-03-07,,,27.8,,,,,25.9,,,,,,87,45,19.4,14.94,3.5,0.9067,0.4218,25.6,22.2,22.2,station
2023-03-08,,,22.0,,,,,27.0,,,,,,86,100,20.3,6.87,17.0,0.9138,0.4061,19.2,17.2,17.2,station
2023-03-09,,,18.9,,,,,24.4,,,,,,88,97,23.9,5.62,9.5,0.9207,0.3904,20.9,21.1,21.1,station
2023-03-10,,,18.4,,,,,18.1,,,,,,74,59,21.4,20.4,0.8,0.9272,0.3745,17.4,18.9,18.9,station
2023-03-11,,,29.5,,,,,27.6,,,,,,78,76,29.8,15.36,0.0,0.9335,0.3585,27.5,30.0,30.0,station
2023-03-12,,,18.2,,,,,21.2,,,,,,62,73,25.9,19.38,0.0,0.9396,0.3424,19.6,18.9,18.9,station
2023-03-13,,,14.4,,,,,14.0,,,,,,52,66,21.1,19.09,0.0,0.9453,0.3261,14.4,15.6,15.6,station
2023-03-14,,,11.8,,,,,10.5,,,,,,56,49,15.1,19.68,0.5,0.9508,0.3098,15.2,16.1,16.1,station
2023-03-15,,,19.7,,,,,20.1,,,,,,67,42,28.9,17.39,0.0,0.956,0.2934,18.4,19.4,19.4,station
2023-03-16,,,22.2,,,,,22.9,,,,,,79,91,44.6,9.06,15.3,0.9609,0.2769,24.5,21.7,21.7,station
2023-03-17,,,11.7,,,,,10.9,,,,,,47,72,30.3,22.29,0.0,0.9655,0.2604,11.4,13.3,13.3,station
2023-03-18,,,12.7,,,,,14.5,,,,,,52,76,25.7,19.88,0.0,0.9698,0.2437,11.3,14.0,14.0,station
2023-03-19,,,11.9,,,,,12.8,,,,,,50,39,14.7,23.1,0.0,0.9739,0.227,10.1,11.7,11.7,station
2023-03-20,,,13.8,,,,,13.1,,,,,,56,86,30.9,11.51,0.0,0.9777,0.2102,12.1,12.2,12.2,station
2023-03-21,,,19.2,,,,,17.9,,,,,,79,98,30.0,6.14,0.7,0.9811,0.1934,20.3,19.4,19.4,station
2023-03-22,,,24.6,,,,,25.2,,,,,,80,92,31.7,14.09,0.7,0.9843,0.1765,27.0,26.7,26.7,station
2023-03-23,,,25.4,,,,,27.8,,,,,,75,86,39.3,15.7,0.7,0.9872,0.1595,27.5,28.3,28.3,station
2023-03-24,,,27.6,,,,,27.5,,,,,,77,61,27.0,15.81,24.8,0.9898,0.1425,24.0,23.9,23.9,station
2023-03-25,,,23.6,,,,,24.6,,,,,,38,3,21.5,24.32,0.0,0.9921,0.1255,22.0,24.4,24.4,station
2023-03-26,,,25.2,,,,,24.6,,,,,,61,1,22.0,23.54,0.0,0.9941,0.1084,23.1,25.6,25.6,station
2023-03-27,,,21.0,,,,,21.6,,,,,,63,56,24.3,21.57,9.3,0.9958,0.0913,20.0,22.2,22.2,station
2023-03-28,,,16.4,,,,,16.4,,,,,,60,97,27.4,22.31,0.0,0.9972,0.0741,16.7,17.2,17.2,station
2023-03-29,,,19.5,,,,,20.2,,,,,,70,86,14.8,10.21,4.0,0.9984,0.057,17.5,18.3,18.3,station
2023-03-30,,,20.9,,,,,20.1,,,,,,84,93,34.0,5.93,33.5,0.9992,0.0398,22.7,22.8,22.8,station
2023-03-31,,,28.0,,,,,27.2,,,,,,60,59,33.3,19.27,5.1,0.9997,0.0226,28.2,29.0,29.0,station
2023-04-01,,,22.2,,,,,22.3,,,,,,40,65,17.0,24.98,0.0,1.0,0.0054,21.7,23.9,23.9,station
2023-04-02,,,23.7,,,,,25.1,,,,,,74,83,24.1,15.03,14.5,0.9999,-0.0118,23.9,25.6,25.6,station
2023-04-03,,,32.8,,,,,32.2,,,,,,77,20,28.8,24.25,0.0,0.9996,-0.029,31.8,32.8,32.8,station
2023-04-04,,,26.8,,,,,29.3,,,,,,78,92,37.0,12.2,0.1,0.9989,-0.0462,29.6,27.8,27.8,station
2023-04-05,,,23.3,,,,,23.8,,,,,,57,71,32.4,23.76,12.3,0.998,-0.0634,23.0,25.0,25.0,station
2023-04-06,,,14.1,,,,,16.2,,,,,,53,98,23.9,9.58,0.0,0.9968,-0.0805,15.2,13.9,13.9,station
2023-04-07,,,12.4,,,,,14.5,,,,,,63,98,16.3,8.71,0.1,0.9952,-0.0977,16.0,15.6,15.6,station
2023-04-08,,,20.5,,,,,16.9,,,,,,74,62,12.8,18.39,0.0,0.9934,-0.1148,20.7,22.8,22.8,station
2023-04-09,,,20.5,,,,,19.4,,,,,,77,64,22.3,16.1,0.0,0.9913,-0.1319,22.2,22.2,22.2,station
2023-04-10,,,21.0,,,,,22.5,,,,,,78,75,19.4,19.88,1.4,0.9889,-0.1489,21.8,22.8,22.8,station
2023-04-11,,,23.6,,,,,23.5,,,,,,71,13,15.2,21.35,0.0,0.9861,-0.1659,23.0,23.9,23.9,station
2023-04-12,,,24.8,,,,,23.8,,,,,,69,12,15.9,24.93,0.0,0.9831,-0.1828,24.2,25.0,25.0,station
2023-04-13,,,25.3,,,,,24.7,,,,,,66,27,15.9,24.61,0.0,0.9799,-0.1997,24.8,25.6,25.6,station
2023-04-14,,,26.3,,,,,26.0,,,,,,73,59,29.2,17.5,0.3,0.9763,-0.2165,25.5,25.0,25.0,station
2023-04-15,,,28.8,,,,,28.5,,,,,,63,28,27.9,25.2,0.0,0.9724,-0.2333,26.2,25.6,25.6,station
2023-04-16,,,22.5,,,,,22.2,,,,,,47,0,19.4,26.86,0.0,0.9683,-0.25,21.8,22.2,22.2,station
2023-04-17,,,25.4,,,,,26.0,,,,,,46,24,24.6,26.55,0.0,0.9638,-0.2666,25.6,25.6,25.6,station
2023-04-18,,,24.5,,,,,21.9,,,,,,68,53,34.7,15.59,0.1,0.9591,-0.2831,22.9,22.8,22.8,station
2023-04-19,,,27.6,,,,,26.6,,,,,,75,70,37.2,11.4,0.9,0.9541,-0.2996,26.9,27.2,27.2,station
2023-04-20,,,25.7,,,,,26.4,,,,,,81,77,29.8,16.17,18.3,0.9488,-0.316,25.6,28.9,28.9,station
2023-04-21,,,22.9,,,,,22.4,,,,,,59,8,23.3,27.03,0.0,0.9432,-0.3322,23.5,24.4,24.4,station
2023-04-22,,,23.2,,,,,22.4,,,,,,54,70,23.0,19.63,0.0,0.9373,-0.3484,22.6,22.8,22.8,station
2023-04-23,,,11.7,,,,,14.8,,,,,,70,78,24.8,13.96,2.7,0.9312,-0.3645,13.6,13.9,13.9,station
2023-04-24,,,18.4,,,,,16.5,,,,,,67,57,22.0,25.78,4.3,0.9248,-0.3804,19.3,20.6,20.6,station
2023-04-25,,,20.2,,,,,20.0,,,,,,81,89,25.4,12.8,11.8,0.9181,-0.3963,20.6,21.7,21.7,station
2023-04-26,,,23.2,,,,,23.4,,,,,,88,96,27.3,9.41,40.2,0.9112,-0.412,21.5,17.8,17.8,station
2023-04-27,,,20.2,,,,,21.3,,,,,,78,67,27.2,17.5,0.2,0.9039,-0.4276,20.1,20.6,20.6,station
2023-04-28,,,24.0,,,,,24.6,,,,,,83,58,27.5,16.45,16.8,0.8965,-0.4431,23.5,22.8,22.8,station
2023-04-29,,,20.3,,,,,19.4,,,,,,63,54,29.4,19.58,0.0,0.8887,-0.4585,20.4,21.7,21.7,station
2023-04-30,,,25.2,,,,,25.9,,,,,,56,3,18.2,27.41,0.0,0.8807,-0.4737,25.6,27.2,27.2,station
2023-05-01,,,23.2,,,,,25.0,,,,,,50,36,15.3,27.18,0.0,0.8724,-0.4888,22.7,25.0,25.0,station
2023-05-02,,,25.3,,,,,25.4,,,,,,56,85,17.1,23.82,0.0,0.8639,-0.5037,25.4,27.2,27.2,station
2023-05-03,,,25.1,,,,,25.9,,,,,,57,79,18.9,23.6,0.2,0.8551,-0.5185,25.4,27.8,27.8,station
2023-05-04,,,26.3,,,,,27.2,,,,,,74,92,25.0,15.9,0.8,0.846,-0.5331,27.2,27.2,27.2,station
2023-05-05,,,34.3,,,,,33.9,,,,,,75,64,29.9,22.43,0.1,0.8367,-0.5476,33.5,33.3,33.3,station
2023-05-06,,,33.4,,,,,32.0,,,,,,74,57,30.8,22.59,6.3,0.8272,-0.5619,31.5,30.0,30.0,station
2023-05-07,,,29.3,,,,,28.9,,,,,,79,96,30.0,18.82,3.6,0.8174,-0.5761,30.5,29.4,29.4,station
2023-05-08,,,30.7,,,,,31.4,,,,,,75,86,26.7,20.78,2.7,0.8074,-0.59,31.0,30.6,30.6,station
2023-05-09,,,30.3,,,,,29.0,,,,,,81,93,20.5,17.78,0.3,0.7971,-0.6038,29.1,28.3,28.3,station
2023-05-10,,,26.5,,,,,22.7,,,,,,85,100,18.9,12.42,2.6,0.7866,-0.6175,26.1,23.9,23.9,station
2023-05-11,,,31.5,,,,,28.4,,,,,,89,90,26.3,10.51,6.5,0.7759,-0.6309,26.3,30.6,30.6,station
2023-05-12,,,29.9,,,,,27.8,,,,,,88,100,26.2,12.81,43.1,0.7649,-0.6442,28.0,30.6,30.6,station
2023-05-13,,,26.7,,,,,27.0,,,,,,84,96,20.1,20.71,6.5,0.7537,-0.6572,27.5,28.9,28.9,station
2023-05-14,,,27.3,,,,,27.3,,,,,,92,95,18.9,7.38,46.7,0.7423,-0.6701,25.6,24.4,24.4,station
2023-05-15,,,30.0,,,,,24.8,,,,,,83,85,16.9,23.35,3.3,0.7306,-0.6828,28.8,29.4,29.4,station
2023-05-16,,,26.8,,,,,26.9,,,,,,79,100,16.0,15.62,13.6,0.7188,-0.6952,25.6,25.6,25.6,station
2023-05-17,,,26.9,,,,,27.8,,,,,,74,27,12.1,26.62,0.0,0.7067,-0.7075,27.3,28.9,28.9,station
2023-05-18,,,30.6,,,,,30.4,,,,,,77,60,13.0,26.7,0.0,0.6945,-0.7195,28.6,30.6,30.6,station
2023-05-19,,,31.3,,,,,32.6,,,,,,81,76,17.7,19.79,1.7,0.682,-0.7314,29.0,32.8,32.8,station
2023-05-20,,,24.0,,,,,23.7,,,,,,67,92,24.1,24.75,0.1,0.6693,-0.743,25.4,25.6,25.6,station
2023-05-21,,,25.4,,,,,25.5,,,,,,65,98,12.8,14.23,0.0,0.6564,-0.7544,24.3,24.4,24.4,station
2023-05-22,,,28.7,,,,,28.2,,,,,,68,41,12.5,25.92,0.0,0.6433,-0.7656,26.6,28.3,28.3,station
2023-05-23,,,30.0,,,,,29.4,,,,,,68,72,15.2,20.83,0.1,0.6301,-0.7765,28.6,28.9,28.9,station
2023-05-24,,,30.2,,,,,30.7,,,,,,75,67,17.2,22.51,6.4,0.6166,-0.7873,28.6,30.0,30.0,station
2023-05-25,,,29.6,,,,,28.2,,,,,,69,46,13.3,19.38,0.0,0.603,-0.7978,27.7,28.3,28.3,station
2023-05-26,,,30.3,,,,,29.9,,,,,,56,64,16.6,25.61,0.0,0.5892,-0.808,31.0,30.0,30.0,station
2023-05-27,,,30.6,,,,,30.1,,,,,,52,93,15.2,24.25,0.0,0.5752,-0.818,30.3,30.0,30.0,station
2023-05-28,,,30.2,,,,,30.5,,,,,,60,92,20.5,24.14,0.6,0.561,-0.8278,31.1,28.9,28.9,station
2023-05-29,,,29.5,,,,,28.6,,,,,,74,85,22.0,22.82,5.0,0.5467,-0.8373,30.0,30.6,30.6,station
2023-05-30,,,29.2,,,,,30.6,,,,,,79,60,14.0,22.98,5.5,0.5322,-0.8466,29.1,30.6,30.6,station
2023-05-31,,,31.0,,,,,30.5,,,,,,70,28,13.6,25.89,0.1,0.5176,-0.8556,31.6,31.7,31.7,station
2023-06-01,,,31.4,,,,,31.2,,,,,,67,47,17.6,24.5,0.7,0.5028,-0.8644,31.1,31.1,31.1,station
2023-06-02,,,31.5,,,,,32.2,,,,,,68,36,17.9,24.9,1.2,0.4878,-0.8729,32.0,32.2,32.2,station
2023-06-03,,,32.3,,,,,31.3,,,,,,79,97,21.0,19.89,25.4,0.4728,-0.8812,29.0,32.8,32.8,station
2023-06-04,,,30.6,,,,,30.6,,,,,,76,77,16.6,25.11,4.7,0.4575,-0.8892,29.0,31.1,31.1,station
2023-06-05,,,31.0,,,,,31.4,,,,,,75,91,16.0,21.96,2.6,0.4422,-0.8969,28.7,30.0,30.0,station
2023-06-06,,,31.1,,,,,32.0,,,,,,73,56,19.6,26.63,3.1,0.4267,-0.9044,30.2,30.0,30.0,station
2023-06-07,,,32.6,,,,,32.5,,,,,,75,53,15.5,25.09,0.6,0.4111,-0.9116,30.4,32.2,32.2,station
2023-06-08,,,32.1,,,,,32.3,,,,,,76,62,16.6,23.77,6.1,0.3953,-0.9185,31.0,32.8,32.8,station
2023-06-09,,,33.6,,,,,34.4,,,,,,67,57,20.2,26.42,0.1,0.3795,-0.9252,33.3,34.4,34.4,station
2023-06-10,,,35.8,,,,,35.7,,,,,,64,50,25.6,24.31,0.9,0.3635,-0.9316,32.5,33.9,33.9,station
2023-06-11,,,38.4,,,,,38.2,,,,,,72,48,18.7,24.97,0.7,0.3474,-0.9377,35.0,36.1,36.1,station
2023-06-12,,,28.2,,,,,37.1,,,,,,75,73,25.5,18.64,3.5,0.3312,-0.9436,30.8,30.0,30.0,station
2023-06-13,,,32.6,,,,,34.9,,,,,,84,83,19.0,8.07,3.4,0.3149,-0.9491,26.8,25.6,25.6,station
2023-06-14,,,31.2,,,,,33.8,,,,,,87,58,19.7,18.37,26.6,0.2986,-0.9544,30.0,32.2,32.2,station
2023-06-15,,,36.3,,,,,36.2,,,,,,81,39,30.4,21.84,16.9,0.2821,-0.9594,32.8,33.3,33.3,station
2023-06-16,,,35.7,,,,,38.1,,,,,,72,33,27.5,23.72,0.5,0.2656,-0.9641,35.0,35.6,35.6,station
2023-06-17,,,34.6,,,,,35.4,,,,,,78,73,22.2,14.41,8.0,0.2489,-0.9685,31.0,35.0,35.0,station
2023-06-18,,,33.7,,,,,35.4,,,,,,75,35,25.3,23.88,32.9,0.2322,-0.9727,32.5,33.3,33.3,station
2023-06-19,,,38.7,,,,,37.0,,,,,,80,31,27.7,23.72,5.2,0.2155,-0.9765,34.1,36.1,36.1,station
2023-06-20,,,37.8,,,,,40.2,,,,,,76,34,26.7,27.04,2.3,0.1986,-0.9801,35.1,36.1,36.1,station
2023-06-21,,,35.8,,,,,36.2,,,,,,75,57,25.3,21.65,1.2,0.1818,-0.9833,35.1,32.2,32.2,station
2023-06-22,,,33.0,,,,,34.2,,,,,,69,59,21.1,19.14,2.3,0.1648,-0.9863,31.7,32.2,32.2,station
2023-06-23,,,35.3,,,,,32.9,,,,,,76,57,22.2,19.74,1.2,0.1478,-0.989,32.6,32.2,32.2,station
2023-06-24,,,39.5,,,,,40.3,,,,,,69,6,29.8,28.53,0.0,0.1308,-0.9914,36.4,36.1,36.1,station
2023-06-25,,,41.8,,,,,41.6,,,,,,63,8,25.3,27.89,0.0,0.1137,-0.9935,37.9,36.1,36.1,station
2023-06-26,,,42.2,,,,,41.3,,,,,,63,20,22.1,24.83,0.0,0.0966,-0.9953,38.2,36.7,36.7,station
2023-06-27,,,42.7,,,,,42.8,,,,,,63,6,23.4,28.17,0.0,0.0795,-0.9968,38.0,37.8,37.8,station
2023-06-28,,,42.1,,,,,42.8,,,,,,57,0,22.2,29.27,0.0,0.0623,-0.9981,37.7,36.7,36.7,station
2023-06-29,,,40.8,,,,,41.3,,,,,,57,1,21.2,28.95,0.0,0.0451,-0.999,37.7,36.7,36.7,station
2023-06-30,,,39.8,,,,,39.4,,,,,,56,33,20.6,28.7,0.0,0.028,-0.9996,36.0,35.0,35.0,station
2023-07-01,,,38.5,,,,,37.4,,,,,,59,97,20.6,18.15,0.0,0.0108,-0.9999,32.9,31.1,31.1,station
2023-07-02,,,38.6,,,,,39.3,,,,,,73,70,16.1,19.48,16.2,-0.0065,-1.0,31.7,31.7,31.7,station
2023-07-03,,,37.7,,,,,38.5,,,,,,69,57,34.4,25.19,16.2,-0.0237,-0.9997,34.8,36.1,36.1,station
2023-07-04,,,37.3,,,,,38.7,,,,,,72,33,22.5,24.83,4.2,-0.0408,-0.9992,32.9,35.6,35.6,station
2023-07-05,,,38.2,,,,,38.5,,,,,,63,29,15.4,26.17,0.4,-0.058,-0.9983,35.1,35.6,35.6,station
2023-07-06,,,35.8,,,,,37.0,,,,,,63,43,25.4,26.32,0.0,-0.0752,-0.9972,34.7,35.0,35.0,station
2023-07-07,,,38.2,,,,,38.1,,,,,,61,38,25.6,24.94,0.0,-0.0923,-0.9957,34.9,34.4,34.4,station
2023-07-08,,,38.9,,,,,37.5,,,,,,66,54,18.8,21.29,14.6,-0.1094,-0.994,35.6,36.7,36.7,station
2023-07-09,,,36.9,,,,,34.7,,,,,,75,44,19.5,18.7,21.5,-0.1265,-0.992,32.5,32.8,32.8,station
2023-07-10,,,35.1,,,,,36.3,,,,,,80,59,14.8,16.89,5.3,-0.1436,-0.9896,32.9,35.6,35.6,station
2023-07-11,,,35.2,,,,,36.2,,,,,,77,59,22.0,17.29,10.0,-0.1606,-0.987,34.7,34.4,34.4,station
2023-07-12,,,41.8,,,,,39.6,,,,,,62,0,22.6,28.35,0.0,-0.1775,-0.9841,37.9,38.9,38.9,station
2023-07-13,,,43.2,,,,,43.1,,,,,,60,36,26.8,22.26,0.0,-0.1944,-0.9809,38.2,38.9,38.9,station
2023-07-14,,,42.1,,,,,42.0,,,,,,52,63,24.4,25.88,0.0,-0.2113,-0.9774,38.6,38.3,38.3,station
2023-07-15,,,42.5,,,,,41.6,,,,,,60,49,24.9,24.3,3.1,-0.2281,-0.9736,36.5,36.7,36.7,station
2023-07-16,,,31.5,,,,,36.1,,,,,,78,42,16.9,16.12,14.3,-0.2448,-0.9696,32.0,30.0,30.0,station
2023-07-17,,,41.7,,,,,41.6,,,,,,55,7,23.5,28.11,0.0,-0.2614,-0.9652,39.2,40.6,40.6,station
2023-07-18,,,43.2,,,,,43.7,,,,,,43,30,25.2,28.5,0.0,-0.278,-0.9606,40.3,41.1,41.1,station
2023-07-19,,,42.9,,,,,42.9,,,,,,46,27,23.7,28.35,0.0,-0.2945,-0.9557,39.7,39.4,39.4,station
2023-07-20,,,41.6,,,,,41.8,,,,,,49,50,22.0,25.23,0.0,-0.3109,-0.9505,38.3,38.9,38.9,station
2023-07-21,,,40.7,,,,,41.6,,,,,,48,74,20.8,24.84,0.0,-0.3272,-0.945,37.9,38.9,38.9,station
2023-07-22,,,35.5,,,,,36.5,,,,,,54,27,22.6,27.41,0.0,-0.3434,-0.9392,34.1,33.9,33.9,station
2023-07-23,,,38.0,,,,,38.7,,,,,,56,0,16.4,28.36,0.0,-0.3595,-0.9332,34.9,36.1,36.1,station
2023-07-24,,,40.2,,,,,41.9,,,,,,46,1,19.3,28.18,0.0,-0.3755,-0.9268,37.8,37.8,37.8,station
2023-07-25,,,41.4,,,,,41.4,,,,,,43,20,20.1,27.85,0.0,-0.3914,-0.9202,38.6,38.3,38.3,station
2023-07-26,,,41.0,,,,,41.5,,,,,,43,37,19.0,27.53,0.0,-0.4071,-0.9134,37.9,38.3,38.3,station
2023-07-27,,,40.5,,,,,40.1,,,,,,41,23,17.8,27.65,0.0,-0.4228,-0.9062,37.7,37.8,37.8,station
2023-07-28,,,40.2,,,,,40.5,,,,,,41,5,16.4,27.49,0.0,-0.4383,-0.8988,37.7,37.2,37.2,station
2023-07-29,,,41.0,,,,,41.4,,,,,,41,3,14.3,26.9,0.0,-0.4537,-0.8912,37.6,38.3,38.3,station
2023-07-30,,,42.5,,,,,42.5,,,,,,39,20,13.7,27.63,0.0,-0.469,-0.8832,39.1,39.4,39.4,station
2023-07-31,,,43.7,,,,,43.7,,,,,,38,23,14.8,26.94,0.0,-0.4841,-0.875,39.8,40.0,40.0,station
2023-08-01,,,43.5,,,,,43.8,,,,,,41,25,21.1,26.73,0.0,-0.4991,-0.8666,40.4,41.1,41.1,station
2023-08-02,,,42.8,,,,,42.7,,,,,,36,43,20.5,26.88,0.0,-0.5139,-0.8578,40.8,40.6,40.6,station
2023-08-03,,,42.5,,,,,42.3,,,,,,35,1,21.3,27.39,0.0,-0.5286,-0.8489,40.7,39.4,39.4,station
2023-08-04,,,42.6,,,,,42.9,,,,,,40,9,21.3,26.05,0.0,-0.5431,-0.8397,40.2,39.4,39.4,station
2023-08-05,,,43.2,,,,,42.9,,,,,,39,21,20.8,24.49,0.0,-0.5575,-0.8302,40.9,40.6,40.6,station
2023-08-06,,,42.9,,,,,44.0,,,,,,39,15,18.8,25.66,0.0,-0.5717,-0.8205,39.9,39.4,39.4,station
2023-08-07,,,42.9,,,,,43.9,,,,,,45,32,23.5,24.16,0.0,-0.5857,-0.8105,39.2,38.9,38.9,station
2023-08-08,,,42.3,,,,,42.4,,,,,,46,53,24.5,18.61,0.0,-0.5996,-0.8003,38.3,38.9,38.9,station
2023-08-09,,,43.1,,,,,43.3,,,,,,43,25,28.7,24.62,0.5,-0.6132,-0.7899,41.4,40.6,40.6,station
2023-08-10,,,44.0,,,,,43.9,,,,,,44,7,25.5,26.31,0.0,-0.6267,-0.7792,41.7,41.7,41.7,station
2023-08-11,,,43.2,,,,,43.4,,,,,,41,54,23.3,23.72,0.2,-0.64,-0.7683,41.6,41.1,41.1,station
2023-08-12,,,43.1,,,,,43.2,,,,,,42,0,26.9,26.49,0.0,-0.6532,-0.7572,42.0,40.6,40.6,station
2023-08-13,,,42.8,,,,,43.3,,,,,,42,0,23.0,26.5,0.0,-0.6661,-0.7459,41.2,40.6,40.6,station
2023-08-14,,,39.7,,,,,39.7,,,,,,41,7,26.5,25.1,0.1,-0.6788,-0.7343,37.6,37.2,37.2,station
2023-08-15,,,36.5,,,,,37.6,,,,,,37,17,20.6,25.86,0.0,-0.6914,-0.7225,35.1,34.4,34.4,station
2023-08-16,,,37.2,,,,,37.9,,,,,,40,0,14.4,26.9,0.0,-0.7037,-0.7105,34.6,35.0,35.0,station
2023-08-17,,,43.0,,,,,43.1,,,,,,34,5,17.6,25.69,0.0,-0.7158,-0.6983,42.3,42.8,42.8,station
2023-08-18,,,44.1,,,,,44.5,,,,,,28,8,15.8,25.77,0.0,-0.7277,-0.6859,42.9,42.8,42.8,station
2023-08-19,,,43.3,,,,,43.7,,,,,,32,23,17.0,24.08,0.1,-0.7394,-0.6733,41.3,41.1,41.1,station
2023-08-20,,,44.9,,,,,45.7,,,,,,36,23,23.2,22.94,0.0,-0.7509,-0.6605,41.2,42.2,42.2,station
2023-08-21,,,43.4,,,,,43.1,,,,,,41,28,21.3,23.73,0.0,-0.7621,-0.6474,40.0,40.6,40.6,station
2023-08-22,,,42.4,,,,,42.1,,,,,,41,70,21.2,24.12,0.0,-0.7731,-0.6342,39.1,38.9,38.9,station
2023-08-23,,,42.0,,,,,41.5,,,,,,42,57,14.8,24.33,0.0,-0.7839,-0.6208,39.3,39.4,39.4,station
2023-08-24,,,42.4,,,,,42.8,,,,,,39,74,19.4,23.01,0.0,-0.7945,-0.6073,40.1,41.1,41.1,station
2023-08-25,,,43.3,,,,,44.2,,,,,,33,39,18.1,23.05,0.0,-0.8048,-0.5935,42.0,42.8,42.8,station
2023-08-26,,,43.3,,,,,43.2,,,,,,30,38,16.8,23.22,0.0,-0.8149,-0.5796,41.7,42.2,42.2,station
2023-08-27,,,38.9,,,,,41.5,,,,,,55,45,21.3,18.64,2.6,-0.8248,-0.5655,37.1,38.3,38.3,station
2023-08-28,,,37.2,,,,,38.6,,,,,,49,16,20.9,24.09,0.0,-0.8344,-0.5512,35.1,35.0,35.0,station
2023-08-29,,,37.7,,,,,38.4,,,,,,44,22,19.2,23.59,0.0,-0.8437,-0.5368,36.7,36.1,36.1,station
2023-08-30,,,38.8,,,,,39.0,,,,,,36,10,24.4,24.0,0.0,-0.8528,-0.5222,37.5,36.1,36.1,station
2023-08-31,,,37.9,,,,,38.4,,,,,,39,7,19.9,24.64,0.0,-0.8617,-0.5074,36.7,36.7,36.7,station
2023-09-01,,,37.5,,,,,38.4,,,,,,38,2,19.0,24.57,0.0,-0.8703,-0.4925,36.3,36.1,36.1,station
2023-09-02,,,37.4,,,,,38.8,,,,,,38,26,15.9,21.52,0.0,-0.8786,-0.4775,35.8,36.1,36.1,station
2023-09-03,,,38.6,,,,,39.4,,,,,,53,57,25.6,17.58,8.1,-0.8867,-0.4623,35.0,36.1,36.1,station
2023-09-04,,,38.6,,,,,38.4,,,,,,52,28,24.0,20.56,1.7,-0.8945,-0.447,36.9,36.7,36.7,station
2023-09-05,,,39.9,,,,,39.6,,,,,,50,7,24.0,22.83,0.0,-0.9021,-0.4315,39.3,38.9,38.9,station
2023-09-06,,,40.0,,,,,40.8,,,,,,42,11,21.9,22.47,0.0,-0.9094,-0.4159,39.5,39.4,39.4,station
2023-09-07,,,41.7,,,,,41.9,,,,,,34,5,13.8,22.28,0.0,-0.9164,-0.4002,41.4,41.7,41.7,station
2023-09-08,,,42.6,,,,,44.4,,,,,,32,39,26.0,20.21,0.1,-0.9232,-0.3844,41.3,42.8,42.8,station
2023-09-09,,,36.9,,,,,40.1,,,,,,55,22,25.9,19.93,0.2,-0.9296,-0.3685,35.1,35.6,35.6,station
2023-09-10,,,35.2,,,,,36.3,,,,,,42,39,16.2,21.8,0.0,-0.9358,-0.3524,34.5,33.9,33.9,station
2023-09-11,,,31.1,,,,,32.8,,,,,,40,83,19.5,16.42,0.0,-0.9418,-0.3363,33.7,31.1,31.1,station
2023-09-12,,,31.5,,,,,30.0,,,,,,63,86,20.9,15.71,3.6,-0.9474,-0.32,29.9,28.9,28.9,station
2023-09-13,,,29.7,,,,,31.1,,,,,,72,87,14.6,13.93,6.2,-0.9528,-0.3037,28.1,27.8,27.8,station
2023-09-14,,,30.1,,,,,27.7,,,,,,88,68,15.7,7.02,21.5,-0.9579,-0.2873,25.7,23.9,23.9,station
2023-09-15,,,31.1,,,,,31.9,,,,,,82,40,13.7,16.2,1.9,-0.9627,-0.2707,29.3,28.3,28.3,station
2023-09-16,,,34.3,,,,,33.2,,,,,,78,58,8.0,13.84,0.1,-0.9672,-0.2541,28.7,30.0,30.0,station
2023-09-17,,,33.4,,,,,34.8,,,,,,60,6,10.4,22.91,0.0,-0.9714,-0.2375,30.9,32.8,32.8,station
2023-09-18,,,34.0,,,,,35.7,,,,,,45,10,20.8,22.98,0.0,-0.9753,-0.2207,33.3,33.9,33.9,station
2023-09-19,,,35.1,,,,,35.0,,,,,,45,44,26.1,17.91,3.1,-0.979,-0.2039,34.7,35.0,35.0,station
2023-09-20,,,35.7,,,,,35.3,,,,,,59,17,30.7,19.88,1.2,-0.9824,-0.187,34.4,33.3,33.3,station
2023-09-21,,,35.3,,,,,35.5,,,,,,65,71,21.3,16.55,9.0,-0.9854,-0.1701,33.3,32.8,32.8,station
2023-09-22,,,35.6,,,,,33.9,,,,,,60,48,21.0,20.48,0.7,-0.9882,-0.1531,36.1,35.6,35.6,station
2023-09-23,,,37.4,,,,,36.7,,,,,,61,26,23.8,19.2,0.0,-0.9907,-0.1361,36.1,36.7,36.7,station
2023-09-24,,,40.3,,,,,37.8,,,,,,64,22,23.8,18.56,4.1,-0.9929,-0.1191,36.4,37.8,37.8,station
2023-09-25,,,30.7,,,,,32.7,,,,,,72,35,27.9,18.77,1.4,-0.9948,-0.102,31.8,32.8,32.8,station
2023-09-26,,,34.5,,,,,34.2,,,,,,55,3,14.1,21.33,0.0,-0.9964,-0.0848,33.6,33.9,33.9,station
2023-09-27,,,34.8,,,,,35.2,,,,,,55,3,13.8,20.59,0.0,-0.9977,-0.0677,33.9,33.9,33.9,station
2023-09-28,,,34.7,,,,,36.0,,,,,,51,14,16.5,19.23,0.0,-0.9987,-0.0505,35.5,34.4,34.4,station
2023-09-29,,,35.3,,,,,34.9,,,,,,52,7,22.1,19.78,0.0,-0.9994,-0.0333,35.4,33.9,33.9,station
2023-09-30,,,35.5,,,,,34.9,,,,,,48,8,20.6,20.43,0.0,-0.9999,-0.0161,35.5,33.9,33.9,station
2023-10-01,,,33.8,,,,,33.7,,,,,,45,46,19.6,17.67,0.0,-1.0,0.0011,33.7,32.2,32.2,station
2023-10-02,,,33.6,,,,,34.8,,,,,,49,39,18.0,17.37,0.0,-0.9998,0.0183,33.5,31.7,31.7,station
2023-10-03,,,34.3,,,,,34.1,,,,,,48,37,21.1,19.56,0.0,-0.9994,0.0355,32.7,32.2,32.2,station
2023-10-04,,,34.2,,,,,31.8,,,,,,79,93,23.5,11.88,72.8,-0.9986,0.0527,31.5,33.3,33.3,station
2023-10-05,,,26.9,,,,,27.4,,,,,,78,68,19.4,14.69,10.1,-0.9976,0.0698,27.5,28.3,28.3,station
2023-10-06,,,28.8,,,,,28.0,,,,,,58,26,21.3,19.91,0.0,-0.9962,0.087,28.9,30.6,30.6,station
2023-10-07,,,21.3,,,,,22.2,,,,,,36,34,24.7,19.59,0.0,-0.9946,0.1041,20.5,21.7,21.7,station
2023-10-08,,,25.9,,,,,26.4,,,,,,45,0,15.0,20.14,0.0,-0.9926,0.1212,24.8,25.0,25.0,station
2023-10-09,,,30.3,,,,,30.0,,,,,,44,9,19.1,19.57,0.0,-0.9904,0.1383,30.6,30.6,30.6,station
2023-10-10,,,29.3,,,,,28.2,,,,,,55,73,24.5,16.75,0.0,-0.9879,0.1553,29.9,28.3,28.3,station
2023-10-11,,,26.0,,,,,25.4,,,,,,70,75,29.0,12.35,0.0,-0.9851,0.1722,26.6,23.3,23.3,station
2023-10-12,,,29.4,,,,,29.0,,,,,,73,52,32.6,12.16,0.0,-0.9819,0.1892,28.0,25.6,25.6,station
2023-10-13,,,26.4,,,,,26.7,,,,,,56,20,32.9,18.44,0.2,-0.9785,0.206,26.4,26.1,26.1,station
2023-10-14,,,22.6,,,,,23.1,,,,,,44,1,23.6,19.35,0.0,-0.9749,0.2228,22.1,21.1,21.1,station
2023-10-15,,,20.2,,,,,20.8,,,,,,52,12,30.9,16.79,0.0,-0.9709,0.2396,20.2,18.9,18.9,station
2023-10-16,,,19.5,,,,,19.8,,,,,,55,0,18.4,19.19,0.0,-0.9666,0.2562,18.2,18.3,18.3,station
2023-10-17,,,23.9,,,,,24.4,,,,,,53,0,17.4,19.02,0.0,-0.9621,0.2728,22.7,22.8,22.8,station
2023-10-18,,,27.6,,,,,27.4,,,,,,41,4,28.1,18.3,0.0,-0.9572,0.2893,27.5,26.7,26.7,station
2023-10-19,,,28.5,,,,,31.1,,,,,,48,0,17.7,18.46,0.0,-0.9521,0.3057,28.6,29.4,29.4,station
2023-10-20,,,32.2,,,,,32.4,,,,,,32,0,13.3,18.29,0.0,-0.9467,0.3221,33.2,33.9,33.9,station
2023-10-21,,,32.1,,,,,32.7,,,,,,40,91,17.2,15.09,0.0,-0.941,0.3383,33.6,32.2,32.2,station
2023-10-22,,,31.2,,,,,30.1,,,,,,49,100,19.8,12.25,0.0,-0.9351,0.3545,30.4,27.8,27.8,station
2023-10-23,,,26.7,,,,,26.2,,,,,,80,100,23.7,5.84,14.6,-0.9288,0.3705,27.2,25.6,25.6,station
2023-10-24,,,29.0,,,,,28.1,,,,,,87,91,27.9,6.03,34.8,-0.9223,0.3864,26.9,23.9,23.9,station
2023-10-25,,,28.0,,,,,28.1,,,,,,84,90,27.6,7.53,28.8,-0.9155,0.4022,27.3,26.7,26.7,station
2023-10-26,,,27.4,,,,,27.5,,,,,,85,68,25.2,13.45,24.5,-0.9085,0.4179,28.1,27.2,27.2,station
2023-10-27,,,27.3,,,,,26.5,,,,,,87,81,20.7,11.43,17.7,-0.9012,0.4335,28.7,30.0,30.0,station
2023-10-28,,,22.1,,,,,25.5,,,,,,91,100,16.8,3.64,37.8,-0.8936,0.4489,21.6,18.3,18.3,station
2023-10-29,,,16.3,,,,,22.0,,,,,,81,100,29.7,3.5,11.6,-0.8857,0.4642,16.7,14.4,14.4,station
2023-10-30,,,10.3,,,,,8.9,,,,,,56,71,30.0,12.98,6.1,-0.8776,0.4794,9.9,10.0,10.0,station
2023-10-31,,,13.5,,,,,14.2,,,,,,53,14,21.3,17.22,0.0,-0.8692,0.4944,14.2,16.1,16.1,station
2023-11-01,,,11.9,,,,,12.0,,,,,,53,0,15.8,16.98,0.0,-0.8606,0.5093,11.3,13.3,13.3,station
2023-11-02,,,16.0,,,,,16.1,,,,,,60,2,17.1,16.85,0.0,-0.8517,0.524,15.7,16.7,16.7,station
2023-11-03,,,20.5,,,,,20.5,,,,,,63,8,27.7,14.84,0.0,-0.8426,0.5386,21.1,22.2,22.2,station
2023-11-04,,,23.8,,,,,23.3,,,,,,78,9,21.6,14.44,0.0,-0.8332,0.553,22.9,23.3,23.3,station
2023-11-05,,,25.4,,,,,24.8,,,,,,79,59,21.6,14.24,0.0,-0.8235,0.5672,25.8,26.1,26.1,station
2023-11-06,,,26.8,,,,,26.4,,,,,,74,46,29.3,15.12,0.0,-0.8137,0.5813,26.7,27.2,27.2,station
2023-11-07,,,28.9,,,,,28.5,,,,,,71,0,25.6,15.3,0.0,-0.8035,0.5952,28.5,28.9,28.9,station
2023-11-08,,,29.9,,,,,27.4,,,,,,72,30,26.3,14.71,0.0,-0.7932,0.609,28.6,29.4,29.4,station
2023-11-09,,,25.1,,,,,23.3,,,,,,87,95,25.2,1.57,20.9,-0.7826,0.6225,23.5,21.7,21.7,station
2023-11-10,,,15.9,,,,,15.7,,,,,,76,68,22.4,11.56,4.3,-0.7718,0.6359,17.8,16.7,16.7,station
2023-11-11,,,14.4,,,,,14.9,,,,,,55,84,15.1,8.06,0.0,-0.7607,0.6491,16.5,17.2,17.2,station
2023-11-12,,,18.4,,,,,17.0,,,,,,60,91,10.2,10.43,0.0,-0.7494,0.6621,18.6,17.8,17.8,station
2023-11-13,,,19.4,,,,,16.9,,,,,,55,81,16.3,11.92,0.4,-0.7379,0.6749,19.9,18.3,18.3,station
2023-11-14,,,19.6,,,,,20.1,,,,,,69,31,9.1,13.34,0.0,-0.7262,0.6875,20.1,20.6,20.6,station
2023-11-15,,,21.0,,,,,21.1,,,,,,75,4,8.9,14.16,0.0,-0.7143,0.6998,21.2,22.2,22.2,station
2023-11-16,,,21.1,,,,,21.3,,,,,,83,81,16.6,8.01,0.0,-0.7021,0.712,19.6,16.1,16.1,station
2023-11-17,,,22.0,,,,,23.1,,,,,,86,91,17.6,5.66,0.1,-0.6898,0.724,17.5,16.1,16.1,station
2023-11-18,,,19.7,,,,,21.3,,,,,,76,79,12.2,12.95,0.0,-0.6772,0.7358,20.6,21.1,21.1,station
2023-11-19,,,20.0,,,,,20.6,,,,,,84,75,29.3,6.97,6.6,-0.6645,0.7473,20.3,18.3,18.3,station
2023-11-20,,,22.1,,,,,22.9,,,,,,77,52,27.7,10.99,1.3,-0.6515,0.7586,22.9,23.9,23.9,station
2023-11-21,,,14.1,,,,,14.4,,,,,,57,61,33.4,8.0,0.0,-0.6384,0.7697,14.9,15.6,15.6,station
2023-11-22,,,14.0,,,,,14.4,,,,,,51,0,16.8,14.11,0.0,-0.625,0.7806,14.5,16.1,16.1,station
2023-11-23,,,17.1,,,,,16.4,,,,,,59,48,18.5,10.51,0.0,-0.6115,0.7912,16.4,16.1,16.1,station
2023-11-24,,,16.3,,,,,16.6,,,,,,80,26,13.0,13.46,0.0,-0.5978,0.8016,16.0,17.8,17.8,station
2023-11-25,,,16.6,,,,,16.6,,,,,,75,47,16.3,12.45,8.3,-0.584,0.8118,16.0,15.6,15.6,station
2023-11-26,,,13.8,,,,,14.3,,,,,,65,79,29.0,13.49,0.3,-0.5699,0.8217,11.7,10.6,10.6,station
2023-11-27,,,10.8,,,,,11.1,,,,,,62,62,11.3,13.11,0.0,-0.5557,0.8314,10.9,12.2,12.2,station
2023-11-28,,,15.0,,,,,14.6,,,,,,58,21,12.4,13.57,0.0,-0.5413,0.8408,15.5,16.1,16.1,station
2023-11-29,,,16.3,,,,,16.4,,,,,,53,77,19.9,11.93,0.0,-0.5268,0.85,17.3,17.8,17.8,station
2023-11-30,,,17.5,,,,,16.6,,,,,,86,83,20.7,3.67,38.0,-0.5121,0.859,17.5,17.2,17.2,station
2023-12-01,,,15.8,,,,,16.8,,,,,,75,37,17.7,12.81,0.0,-0.4972,0.8676,14.4,15.6,15.6,station
2023-12-02,,,20.6,,,,,22.4,,,,,,82,52,13.1,6.33,0.0,-0.4822,0.8761,15.2,18.3,18.3,station
2023-12-03,,,20.5,,,,,22.3,,,,,,47,0,23.2,13.26,0.0,-0.4671,0.8842,20.6,22.2,22.2,station
2023-12-04,,,15.8,,,,,15.9,,,,,,47,1,29.7,12.94,0.0,-0.4518,0.8921,14.8,17.2,17.2,station
2023-12-05,,,18.2,,,,,18.1,,,,,,63,0,13.2,12.87,0.0,-0.4364,0.8998,18.2,21.1,21.1,station
2023-12-06,,,15.8,,,,,16.0,,,,,,54,54,15.0,12.37,0.0,-0.4208,0.9071,16.5,17.8,17.8,station
2023-12-07,,,19.3,,,,,18.9,,,,,,59,61,34.9,10.95,0.0,-0.4052,0.9142,20.8,21.1,21.1,station
2023-12-08,,,25.7,,,,,23.0,,,,,,75,18,33.9,11.62,0.0,-0.3894,0.9211,25.0,25.6,25.6,station
2023-12-09,,,19.9,,,,,20.4,,,,,,64,2,28.7,12.57,0.0,-0.3735,0.9276,18.0,19.4,19.4,station
2023-12-10,,,12.0,,,,,12.6,,,,,,41,1,21.3,13.18,0.0,-0.3575,0.9339,11.1,11.7,11.7,station
2023-12-11,,,16.1,,,,,15.9,,,,,,42,9,14.3,12.64,0.0,-0.3413,0.9399,16.3,18.3,18.3,station
2023-12-12,,,15.3,,,,,15.5,,,,,,53,92,19.5,11.7,0.0,-0.3251,0.9457,16.9,17.8,17.8,station
2023-12-13,,,13.0,,,,,12.6,,,,,,49,90,19.0,5.86,0.0,-0.3088,0.9511,13.8,16.1,16.1,station
2023-12-14,,,17.1,,,,,14.9,,,,,,54,45,20.8,9.51,0.1,-0.2924,0.9563,16.8,17.8,17.8,station
2023-12-15,,,13.0,,,,,12.9,,,,,,79,81,25.4,2.9,22.1,-0.2759,0.9612,15.0,15.0,15.0,station
2023-12-16,,,14.9,,,,,14.7,,,,,,74,0,20.7,12.38,0.0,-0.2593,0.9658,14.4,15.0,15.0,station
2023-12-17,,,18.6,,,,,19.0,,,,,,68,12,11.1,12.47,0.0,-0.2427,0.9701,18.8,20.6,20.6,station
2023-12-18,,,16.0,,,,,15.6,,,,,,60,1,20.9,12.43,0.0,-0.226,0.9741,15.7,17.2,17.2,station
2023-12-19,,,14.5,,,,,16.3,,,,,,55,98,18.6,9.06,0.0,-0.2092,0.9779,13.7,15.0,15.0,station
2023-12-20,,,17.5,,,,,18.0,,,,,,71,81,19.4,10.95,0.0,-0.1923,0.9813,18.8,18.9,18.9,station
2023-12-21,,,17.3,,,,,16.5,,,,,,87,100,19.6,3.68,12.4,-0.1754,0.9845,15.8,15.0,15.0,station
2023-12-22,,,20.8,,,,,19.1,,,,,,85,77,18.3,6.73,1.3,-0.1585,0.9874,20.8,20.0,20.0,station
2023-12-23,,,20.1,,,,,18.1,,,,,,93,75,23.9,4.23,15.1,-0.1414,0.9899,19.2,17.8,17.8,station
2023-12-24,,,19.2,,,,,19.5,,,,,,89,82,28.3,3.72,31.6,-0.1244,0.9922,19.2,18.3,18.3,station
2023-12-25,,,11.7,,,,,12.1,,,,,,55,1,26.6,12.56,0.0,-0.1073,0.9942,9.9,10.0,10.0,station
2023-12-26,,,13.1,,,,,14.0,,,,,,62,5,25.1,12.55,0.0,-0.0902,0.9959,12.7,12.8,12.8,station
2023-12-27,,,10.3,,,,,11.2,,,,,,65,4,24.9,12.19,0.0,-0.073,0.9973,9.4,10.6,10.6,station
2023-12-28,,,9.2,,,,,8.9,,,,,,59,53,20.6,11.42,0.0,-0.0559,0.9984,8.8,10.0,10.0,station
2023-12-29,,,12.2,,,,,12.3,,,,,,66,7,23.4,12.55,0.0,-0.0387,0.9993,11.5,13.3,13.3,station
2023-12-30,,,,,,,,,,,,,,67,0,14.1,12.78,0.0,-0.0215,0.9998,16.1,17.2,17.2,station
2023-12-31,,,,,,,,,,,,,,62,59,21.4,10.5,0.0,-0.0043,1.0,16.4,,,
2024-01-01,,,,,,,,,,,,,,69,1,22.5,12.61,0.0,0.0172,0.9999,8.7,9.4,9.4,station
2024-01-02,,,,,,,,,,,,,,77,90,13.7,7.9,9.6,0.0344,0.9994,8.6,8.9,8.9,station
2024-01-03,,,,,,,,,,,,,,81,60,11.4,9.58,0.2,0.0516,0.9987,12.0,12.8,12.8,station
2024-01-04,,,,,,,,,,,,,,79,55,24.5,12.12,0.0,0.0688,0.9976,14.1,14.4,14.4,station
2024-01-05,,,,,,,,,,,,,,78,50,25.9,11.74,5.9,0.0859,0.9963,14.8,10.0,10.0,station
2024-01-06,,,,,,,,,,,,,,75,50,19.7,10.29,0.0,0.103,0.9947,12.0,9.4,9.4,station
2024-01-07,,,,,,,,,,,,,,73,1,28.2,13.12,0.0,0.1201,0.9928,14.4,15.6,15.6,station
2024-01-08,,,,,,,,,,,,,,57,75,37.8,7.1,6.0,0.1372,0.9905,16.2,13.3,13.3,station
2024-01-09,,,,,,,,,,,,,,51,11,37.7,12.9,0.0,0.1542,0.988,8.5,9.4,9.4,station
2024-01-10,,,,,,,,,,,,,,49,22,29.0,13.31,0.0,0.1712,0.9852,17.2,18.9,18.9,station
2024-01-11,,,,,,,,,,,,,,67,1,30.6,13.31,0.0,0.1881,0.9821,19.6,20.6,20.6,station
2024-01-12,,,,,,,,,,,,,,56,33,36.2,13.7,1.6,0.205,0.9788,15.2,13.3,13.3,station
2024-01-13,,,,,,,,,,,,,,50,15,32.4,13.49,0.0,0.2218,0.9751,14.9,16.7,16.7,station
2024-01-14,,,,,,,,,,,,,,40,69,23.8,6.86,0.2,0.2385,0.9711,-4.6,-6.1,-6.1,station
2024-01-15,,,,,,,,,,,,,,42,52,27.1,12.07,0.1,0.2552,0.9669,-2.4,-3.3,-3.3,station
2024-01-16,,,,,,,,,,,,,,38,33,25.2,14.34,0.0,0.2718,0.9624,-3.4,-3.3,-3.3,station
2024-01-17,,,,,,,,,,,,,,31,10,27.2,14.02,0.0,0.2883,0.9575,5.3,5.6,5.6,station
2024-01-18,,,,,,,,,,,,,,55,20,27.6,13.69,0.0,0.3047,0.9524,12.1,15.6,15.6,station
2024-01-19,,,0.4,2.1,1.2,,,,,,,,,49,1,30.2,13.96,0.0,0.3211,0.9471,4.1,7.2,7.2,station
2024-01-20,,,1.6,2.6,1.7,,,2.9,3.3,1.7,,,,36,37,15.8,14.01,0.0,0.3373,0.9414,1.9,2.2,2.2,station
2024-01-21,,,0.5,0.4,4.1,,,1.9,1.9,3.4,,,,54,100,21.1,3.43,3.6,0.3534,0.9355,2.2,3.9,3.9,station
2024-01-22,,,7.9,5.9,11.1,,,6.1,7.3,13.4,,,,93,100,21.7,1.89,34.1,0.3695,0.9292,8.6,5.0,5.0,station
2024-01-23,,,10.9,10.0,15.2,,,12.0,10.9,16.2,,,,95,100,11.8,3.26,4.6,0.3854,0.9227,12.0,10.0,10.0,station
2024-01-24,,,11.9,11.9,13.4,,,13.4,11.9,11.4,,,,92,100,14.0,2.87,1.1,0.4012,0.916,10.5,11.1,11.1,station
2024-01-25,,,13.1,15.4,15.1,,,17.1,15.8,14.5,,,,87,72,12.9,12.26,3.3,0.4169,0.9089,15.8,12.2,12.2,station
2024-01-26,,,11.3,17.2,13.6,,,19.3,17.4,15.0,,,,90,87,18.7,7.59,6.2,0.4325,0.9016,15.3,11.1,11.1,station
2024-01-27,,,10.3,12.8,12.6,,,13.1,13.3,13.0,,,,81,69,29.6,9.6,11.6,0.4479,0.8941,11.1,10.6,10.6,station
2024-01-28,,,12.1,14.1,14.3,,,13.8,15.7,14.4,,,,77,0,15.7,15.01,0.0,0.4633,0.8862,15.1,17.2,17.2,station
2024-01-29,,,17.0,18.6,18.8,,,18.6,17.8,18.7,,,,69,24,12.3,14.89,0.0,0.4784,0.8781,20.0,23.3,23.3,station
2024-01-30,,,19.1,21.6,21.7,,,19.8,20.0,20.9,,,,68,26,13.4,15.0,0.0,0.4935,0.8698,21.4,25.0,25.0,station
2024-01-31,,,19.8,22.0,22.9,,,19.8,20.8,22.1,,,,72,26,12.5,15.08,0.0,0.5084,0.8611,21.3,23.9,23.9,station
2024-02-01,,,18.2,21.5,23.4,,,19.9,18.6,20.5,,,,63,60,23.9,14.77,0.0,0.5231,0.8523,20.8,22.2,22.2,station
2024-02-02,,,17.0,20.6,22.7,,,19.1,22.5,22.4,,,,90,69,29.5,5.08,4.4,0.5377,0.8432,19.2,18.3,18.3,station
2024-02-03,,,16.3,20.6,18.6,,,18.3,20.1,17.0,,,,79,61,26.3,10.29,20.3,0.5521,0.8338,19.6,19.4,19.4,station
2024-02-04,15.2,,14.3,15.9,15.6,,,15.2,16.9,15.2,15.25,0.7,,83,84,28.2,7.39,1.6,0.5664,0.8242,15.0,16.1,16.1,station
2024-02-05,15.4,,12.2,15.6,15.2,16.1,,16.4,16.0,14.7,14.6,1.61,-1.2,71,38,28.8,15.48,0.0,0.5805,0.8143,15.4,16.7,16.7,station
2024-02-06,16.3,,15.3,17.2,17.3,16.7,,17.0,17.0,17.4,16.52,0.93,-0.5,71,41,13.6,15.58,0.0,0.5944,0.8042,16.9,20.0,20.0,station
2024-02-07,18.8,,16.0,18.9,18.8,18.1,,17.8,17.6,18.4,18.12,1.42,0.15,61,88,28.1,15.04,0.0,0.6081,0.7938,18.6,18.9,18.9,station
2024-02-08,21.6,,19.2,21.6,21.5,22.4,,21.9,22.5,21.8,20.98,1.18,-1.17,65,73,26.4,13.76,0.3,0.6217,0.7833,21.3,20.6,20.6,station
2024-02-09,22.2,,20.8,20.8,23.5,20.0,,21.6,21.3,24.1,21.82,1.3,0.07,66,99,24.2,10.47,0.2,0.6351,0.7725,22.6,22.2,22.2,station
2024-02-10,16.9,,15.2,17.1,14.0,16.6,,16.1,17.3,19.1,15.8,1.47,-1.48,80,99,20.2,4.2,18.4,0.6483,0.7614,15.2,16.1,16.1,station
2024-02-11,15.0,,14.0,13.9,13.0,15.0,,12.6,11.2,12.5,13.97,0.82,1.15,89,88,28.4,3.54,8.9,0.6613,0.7502,11.4,11.1,11.1,station
2024-02-12,12.2,,9.4,12.0,10.9,12.5,,12.5,12.9,11.4,11.12,1.28,-1.2,66,49,32.1,16.13,0.0,0.6741,0.7387,12.7,13.3,13.3,station
2024-02-13,15.4,,13.7,15.3,15.6,15.0,,16.2,15.5,15.6,15.0,0.88,-0.57,68,0,15.1,17.52,0.0,0.6867,0.727,16.1,17.2,17.2,station
2024-02-14,18.1,,16.3,18.8,17.8,17.9,,17.7,17.5,17.7,17.75,1.05,0.05,64,8,23.6,17.33,0.0,0.6991,0.715,18.6,19.4,19.4,station
2024-02-15,20.4,,20.6,22.0,24.6,20.0,,20.4,22.1,23.5,21.9,1.94,0.4,80,83,18.4,13.98,0.0,0.7113,0.7029,20.1,21.1,21.1,station
2024-02-16,20.8,,20.7,19.9,23.5,21.8,,23.5,20.5,22.8,21.23,1.57,-0.92,68,100,32.0,14.07,0.0,0.7233,0.6906,21.9,21.7,21.7,station
2024-02-17,7.4,,6.3,7.4,7.5,7.9,,8.4,7.5,8.6,7.15,0.57,-0.95,50,74,27.5,16.23,0.0,0.735,0.678,6.6,7.2,7.2,station
2024-02-18,9.9,,10.4,10.7,11.0,11.4,,12.1,11.9,11.6,10.5,0.47,-1.25,56,10,18.8,18.47,0.0,0.7466,0.6653,9.7,11.7,11.7,station
2024-02-19,16.8,,15.2,17.5,18.8,16.8,,17.6,17.3,17.4,17.07,1.5,-0.2,55,8,27.5,18.12,0.0,0.7579,0.6523,17.9,19.4,19.4,station
2024-02-20,22.0,,21.5,24.2,24.9,21.8,,23.8,23.6,24.8,23.15,1.65,-0.35,71,29,22.9,18.18,0.0,0.769,0.6392,23.6,26.7,26.7,station
2024-02-21,24.2,,22.1,26.2,28.4,24.3,,25.8,25.6,28.4,25.23,2.7,-0.8,74,15,30.3,18.15,0.0,0.7799,0.6259,25.0,26.1,26.1,station
2024-02-22,23.7,,21.8,25.6,25.7,23.4,,23.9,23.7,23.8,24.2,1.85,0.5,63,2,27.6,18.76,0.0,0.7906,0.6124,24.6,27.8,27.8,station
2024-02-23,20.2,,18.4,21.7,22.0,19.7,,21.2,21.8,21.9,20.57,1.65,-0.57,48,7,20.7,18.94,0.0,0.801,0.5987,20.7,22.2,22.2,station
2024-02-24,22.3,,21.5,24.4,24.4,21.7,,23.5,24.0,24.0,23.15,1.48,-0.15,46,1,20.9,19.07,0.0,0.8112,0.5848,23.7,25.0,25.0,station
2024-02-25,26.6,,23.2,28.0,28.1,25.5,,27.5,27.6,28.4,26.48,2.29,-0.77,43,5,27.1,18.95,0.0,0.8211,0.5708,28.0,28.3,28.3,station
2024-02-26,31.1,,28.2,32.1,33.1,31.6,,32.9,32.6,32.5,31.12,2.11,-1.27,51,39,30.3,18.94,0.0,0.8308,0.5566,33.0,32.8,32.8,station
2024-02-27,28.6,,26.1,30.9,32.5,30.5,,30.5,31.1,31.5,29.52,2.79,-1.38,73,89,31.2,10.57,0.0,0.8402,0.5422,26.9,25.0,25.0,station
2024-02-28,25.3,,20.2,23.9,27.0,24.1,,27.6,25.2,26.6,24.1,2.89,-1.77,41,99,38.8,9.98,0.0,0.8495,0.5277,22.5,22.2,22.2,station
2024-02-29,12.7,,11.7,8.0,11.6,10.4,,14.0,8.2,14.4,11.0,2.06,-0.75,53,93,18.5,7.26,13.5,0.8584,0.513,10.9,11.1,11.1,station
2024-03-01,19.8,,17.3,19.8,20.6,19.2,,21.7,18.6,21.1,19.38,1.43,-0.77,77,17,18.7,19.57,0.0,0.8671,0.4981,19.3,20.6,20.6,station
2024-03-02,25.7,,22.6,25.1,26.6,26.2,,26.4,26.6,27.0,25.0,1.71,-1.55,68,29,26.4,19.85,0.0,0.8755,0.4831,26.0,28.3,28.3,station
2024-03-03,25.3,,22.4,26.8,27.9,25.4,,26.5,25.4,28.3,25.6,2.38,-0.8,75,42,28.3,18.88,0.0,0.8837,0.468,25.9,26.1,26.1,station
2024-03-04,27.5,,23.9,28.9,28.8,27.4,,23.3,28.3,29.1,27.27,2.34,0.25,74,68,24.1,16.75,0.4,0.8916,0.4527,27.4,27.8,27.8,station
2024-03-05,25.0,,25.7,26.4,27.8,26.6,,29.0,27.7,28.0,26.23,1.2,-1.6,74,27,17.4,19.32,0.1,0.8993,0.4373,26.1,27.2,27.2,station
2024-03-06,24.7,,22.2,27.5,28.1,25.0,,25.1,27.2,28.6,25.62,2.72,-0.85,71,69,15.9,19.75,0.0,0.9067,0.4218,25.7,24.4,24.4,station
2024-03-07,21.1,,20.3,20.1,20.6,20.7,,21.4,21.3,23.3,20.53,0.43,-1.15,84,100,23.3,4.33,9.3,0.9138,0.4061,21.0,19.4,19.4,station
2024-03-08,22.3,,19.2,24.0,20.5,19.9,,26.0,22.8,18.9,21.5,2.1,-0.4,85,59,33.2,15.03,12.6,0.9207,0.3904,22.1,21.7,21.7,station
2024-03-09,14.5,,11.4,15.0,12.7,14.5,,15.5,15.7,12.5,13.4,1.66,-1.15,59,24,29.7,20.78,0.0,0.9272,0.3745,14.4,15.0,15.0,station
2024-03-10,16.0,,15.1,16.6,15.9,15.7,,17.2,16.6,15.5,15.9,0.62,-0.35,61,61,10.2,21.0,0.0,0.9335,0.3585,16.4,18.9,18.9,station
2024-03-11,19.8,,19.3,20.0,20.1,19.5,,19.7,19.3,18.5,19.8,0.36,0.55,58,37,17.7,19.24,0.1,0.9396,0.3424,20.4,21.1,21.1,station
2024-03-12,25.0,,20.5,25.1,26.1,24.8,,22.1,24.6,25.4,24.18,2.5,-0.05,71,61,30.9,14.88,0.0,0.9453,0.3261,23.9,23.3,23.3,station
2024-03-13,27.3,,23.0,28.5,29.1,27.1,,25.0,28.1,29.6,26.98,2.75,-0.48,74,30,30.2,19.14,0.0,0.9508,0.3098,27.6,26.1,26.1,station
2024-03-14,27.1,25.5,22.6,28.4,28.6,25.8,,23.6,29.5,26.7,26.44,2.48,0.04,82,77,31.4,13.93,15.1,0.956,0.2934,28.6,26.1,26.1,station
2024-03-15,20.2,19.5,19.8,20.6,17.9,17.9,18.8,20.0,21.3,17.4,19.6,1.04,0.52,77,76,27.2,14.8,7.8,0.9609,0.2769,22.1,23.3,23.3,station
2024-03-16,19.2,15.9,16.9,20.7,16.7,19.6,15.8,17.2,19.3,18.0,17.88,2.0,-0.1,87,90,17.6,5.31,11.1,0.9655,0.2604,18.7,16.7,16.7,station
2024-03-17,20.0,18.0,16.9,19.1,17.0,20.1,17.9,22.2,19.2,17.1,18.2,1.34,-1.1,68,70,24.1,15.67,0.9,0.9698,0.2437,19.6,19.4,19.4,station
2024-03-18,14.7,14.8,13.6,14.5,14.3,15.0,14.7,16.5,14.2,13.6,14.38,0.48,-0.42,48,40,21.7,22.61,0.0,0.9739,0.227,14.2,15.0,15.0,station
2024-03-19,18.0,18.2,18.3,19.3,19.2,18.7,18.8,19.3,18.9,18.3,18.6,0.6,-0.2,61,26,16.0,23.02,0.0,0.9777,0.2102,17.9,19.4,19.4,station
2024-03-20,21.3,21.9,20.7,21.8,21.9,20.9,21.3,20.5,20.0,20.9,21.52,0.52,0.8,61,89,17.9,19.8,0.0,0.9811,0.1934,22.0,21.7,21.7,station
2024-03-21,19.7,17.7,17.8,18.4,21.5,18.9,17.8,17.5,16.7,18.5,19.02,1.6,1.14,82,91,20.9,13.64,21.4,0.9843,0.1765,21.1,17.8,17.8,station
2024-03-22,19.4,19.2,18.5,19.5,18.4,20.0,19.4,21.1,20.5,19.2,19.0,0.51,-1.04,84,65,24.5,13.98,0.6,0.9872,0.1595,20.6,20.6,20.6,station
2024-03-23,18.6,18.4,16.1,20.4,19.7,19.2,18.7,19.7,21.6,20.8,18.64,1.64,-1.36,72,47,18.3,22.79,0.0,0.9898,0.1425,18.9,20.0,20.0,station
2024-03-24,21.8,20.1,18.6,19.2,22.6,21.8,19.6,20.3,20.8,21.5,20.46,1.7,-0.34,71,90,41.7,11.51,0.6,0.9921,0.1255,21.5,20.0,20.0,station
2024-03-25,22.4,19.1,18.6,23.2,20.4,22.9,19.2,23.1,23.2,20.2,20.74,2.01,-0.98,60,53,29.3,19.2,30.4,0.9941,0.1084,23.4,23.3,23.3,station
2024-03-26,14.8,14.4,12.7,14.3,15.2,14.4,13.7,16.4,14.5,15.0,14.28,0.95,-0.52,51,14,20.6,24.07,0.0,0.9958,0.0913,14.1,15.6,15.6,station
2024-03-27,17.4,15.8,16.6,17.4,16.5,17.1,13.9,19.4,16.0,16.8,16.74,0.68,0.1,62,45,15.1,21.74,0.0,0.9972,0.0741,17.1,18.3,18.3,station
2024-03-28,20.4,22.4,19.9,21.6,22.3,20.7,21.9,20.8,20.9,21.0,21.32,1.13,0.26,68,1,18.0,23.86,0.0,0.9984,0.057,21.6,22.8,22.8,station
2024-03-29,23.8,23.7,21.7,24.2,25.8,23.4,23.7,23.8,24.6,25.8,23.84,1.46,-0.42,67,61,36.4,21.77,0.0,0.9992,0.0398,24.2,25.0,25.0,station
2024-03-30,26.3,24.7,23.1,27.3,29.5,25.2,24.7,25.2,26.8,27.8,26.18,2.45,0.24,74,66,27.4,19.34,0.0,0.9997,0.0226,26.0,25.0,25.0,station
2024-03-31,26.2,24.9,25.1,26.9,30.0,26.5,24.7,26.7,27.1,30.4,26.62,2.06,-0.46,77,100,26.6,11.69,0.3,1.0,0.0054,26.8,25.0,25.0,station
2024-04-01,27.9,26.4,25.7,28.3,29.9,27.8,26.4,26.5,28.9,30.5,27.64,1.65,-0.38,80,99,31.8,11.64,12.2,0.9999,-0.0118,28.5,27.2,27.2,station
2024-04-02,20.8,21.8,20.1,21.3,19.3,19.4,21.1,20.2,21.5,19.2,20.66,0.99,0.38,57,26,31.6,23.46,0.0,0.9996,-0.029,19.8,20.0,20.0,station
2024-04-03,21.1,22.5,18.6,20.6,20.7,20.9,23.8,21.4,21.6,20.8,20.7,1.4,-1.0,54,0,26.7,25.06,0.0,0.9989,-0.0462,21.5,22.8,22.8,station
2024-04-04,25.2,26.7,25.1,27.2,25.9,23.6,26.6,26.5,25.1,24.8,26.02,0.92,0.7,61,0,11.2,24.97,0.0,0.998,-0.0634,26.6,28.3,28.3,station
2024-04-05,27.8,28.2,26.4,30.2,28.4,27.4,28.3,28.0,29.0,28.2,28.2,1.36,0.02,59,35,19.6,25.08,0.0,0.9968,-0.0805,27.9,30.0,30.0,station
2024-04-06,25.4,25.3,23.2,27.1,28.3,25.4,25.0,26.0,25.3,27.5,25.86,1.94,0.02,60,78,38.8,16.01,0.2,0.9952,-0.0977,26.4,24.4,24.4,station
2024-04-07,25.2,25.0,23.0,26.4,24.1,25.5,25.6,26.8,27.0,24.6,24.74,1.27,-1.16,45,46,26.4,25.09,0.0,0.9934,-0.1148,24.8,26.1,26.1,station
2024-04-08,27.9,28.1,23.1,30.4,31.0,28.4,26.3,23.8,30.1,30.2,28.1,3.11,0.34,63,72,30.0,21.97,3.7,0.9913,-0.1319,28.1,28.3,28.3,station
2024-04-09,22.1,21.2,21.9,22.1,22.0,21.2,20.2,20.9,22.0,19.0,21.86,0.38,1.2,86,95,29.6,12.48,9.5,0.9889,-0.1489,21.9,20.6,20.6,station
2024-04-10,19.3,16.9,19.3,19.2,19.7,18.5,18.0,23.3,20.4,19.9,18.88,1.12,-1.14,87,94,36.2,7.57,23.7,0.9861,-0.1659,18.8,17.8,17.8,station
2024-04-11,21.8,22.6,19.3,22.1,21.4,21.2,23.8,22.1,22.4,22.0,21.44,1.27,-0.86,57,0,27.6,26.02,0.0,0.9831,-0.1828,21.9,22.8,22.8,station
2024-04-12,24.7,25.4,23.0,25.3,25.8,24.5,25.9,24.7,26.1,26.6,24.84,1.1,-0.72,57,35,22.0,25.52,0.0,0.9799,-0.1997,25.0,26.7,26.7,station
2024-04-13,26.0,27.2,23.7,27.8,29.1,26.0,26.9,25.6,26.0,28.6,26.76,2.04,0.14,62,46,33.3,25.46,0.0,0.9763,-0.2165,26.4,27.2,27.2,station
2024-04-14,27.4,28.3,25.8,29.4,31.4,27.6,28.4,28.0,28.6,31.8,28.46,2.11,-0.42,71,59,29.1,23.09,0.0,0.9724,-0.2333,27.7,26.7,26.7,station
2024-04-15,24.8,24.7,24.1,28.7,31.2,25.9,25.1,27.5,28.8,31.1,26.7,3.11,-0.98,81,98,38.8,8.86,2.2,0.9683,-0.25,26.7,25.6,25.6,station
2024-04-16,29.7,28.4,26.9,30.7,30.2,29.6,28.7,30.4,31.8,29.4,29.18,1.54,-0.8,73,89,30.2,22.4,4.0,0.9638,-0.2666,29.2,29.4,29.4,station
2024-04-17,28.1,28.2,27.2,28.4,29.5,29.2,28.7,29.9,28.9,31.0,28.28,0.82,-1.26,81,93,22.6,17.33,0.0,0.9591,-0.2831,28.7,29.4,29.4,station
2024-04-18,32.0,28.6,29.4,31.9,33.8,28.7,29.1,31.6,31.6,33.1,31.14,2.11,0.32,76,67,25.6,15.59,1.3,0.9541,-0.2996,30.8,30.0,30.0,station
2024-04-19,21.1,19.6,20.6,20.9,23.5,20.7,19.6,21.9,22.0,24.3,21.14,1.44,-0.56,66,95,21.7,15.63,0.9,0.9488,-0.316,22.2,22.8,22.8,station
2024-04-20,19.2,17.1,17.2,19.3,17.6,18.9,18.2,17.9,19.8,18.3,18.08,1.08,-0.54,85,100,33.0,6.66,42.8,0.9432,-0.3322,17.3,17.2,17.2,station
2024-04-21,18.2,18.3,17.4,18.7,16.8,18.5,18.3,17.3,18.7,17.6,17.88,0.77,-0.2,58,53,20.4,23.33,0.0,0.9373,-0.3484,18.5,18.9,18.9,station
2024-04-22,20.0,20.9,18.7,20.5,19.7,19.8,20.9,20.7,20.1,19.9,19.96,0.84,-0.32,63,0,18.8,27.35,0.0,0.9312,-0.3645,20.1,21.1,21.1,station
2024-04-23,24.4,24.9,22.1,26.0,27.9,24.1,24.3,25.8,25.3,26.6,25.06,2.13,-0.16,70,32,32.5,22.38,0.0,0.9248,-0.3804,24.8,23.9,23.9,station
2024-04-24,26.1,26.0,24.8,28.3,30.0,26.2,26.6,25.0,28.0,30.9,27.04,2.08,-0.3,82,53,18.5,15.65,1.3,0.9181,-0.3963,26.9,27.8,27.8,station
2024-04-25,25.2,25.5,24.0,28.1,29.5,25.6,26.2,26.4,27.7,31.3,26.46,2.26,-0.98,80,98,31.9,13.48,0.0,0.9112,-0.412,26.7,25.6,25.6,station
2024-04-26,24.4,24.2,27.1,28.3,27.0,24.8,24.8,27.5,29.8,28.5,26.2,1.81,-0.88,86,93,35.8,10.14,7.5,0.9039,-0.4276,24.3,24.4,24.4,station
2024-04-27,27.7,27.0,26.5,28.1,27.6,28.6,27.6,28.2,28.7,28.6,27.38,0.63,-0.96,84,89,47.2,15.93,46.4,0.8965,-0.4431,28.5,28.3,28.3,station
2024-04-28,24.3,26.0,26.6,24.8,25.9,24.9,26.1,26.8,28.2,23.2,25.52,0.94,-0.32,90,81,42.7,7.63,43.6,0.8887,-0.4585,22.8,24.4,24.4,station
2024-04-29,26.9,27.7,26.3,27.9,26.5,27.8,27.8,30.3,29.2,25.7,27.06,0.71,-1.1,81,50,10.9,21.97,0.3,0.8807,-0.4737,27.5,30.0,30.0,station
2024-04-30,28.9,27.8,26.3,29.1,28.5,29.2,28.9,29.5,28.9,29.3,28.12,1.13,-1.04,81,40,24.7,20.29,0.4,0.8724,-0.4888,28.5,28.3,28.3,station
2024-05-01,29.1,27.4,27.4,28.8,29.8,28.3,27.2,27.7,30.6,29.2,28.5,1.07,-0.1,79,43,31.3,21.21,2.1,0.8639,-0.5037,28.3,27.8,27.8,station
2024-05-02,27.0,27.3,26.9,27.3,26.8,26.7,26.9,27.0,28.6,26.1,27.06,0.23,0.0,82,52,20.6,22.7,1.9,0.8551,-0.5185,28.5,27.2,27.2,station
2024-05-03,26.2,27.1,27.7,28.5,24.0,27.2,27.3,25.7,28.7,28.4,26.7,1.73,-0.76,86,82,23.0,17.85,11.2,0.846,-0.5331,27.6,28.3,28.3,station
2024-05-04,24.1,26.6,25.1,27.0,26.1,27.0,26.7,26.3,29.1,27.0,25.78,1.18,-1.44,81,83,26.7,15.21,0.7,0.8367,-0.5476,26.7,27.2,27.2,station
2024-05-05,24.8,25.6,24.8,25.7,21.8,25.2,25.6,25.9,25.1,23.1,24.54,1.59,-0.44,78,72,19.9,19.96,35.5,0.8272,-0.5619,27.9,27.2,27.2,station
2024-05-06,27.3,28.4,26.0,30.9,27.1,27.8,28.1,28.5,31.1,26.4,27.94,1.86,-0.44,84,60,29.7,16.5,7.4,0.8174,-0.5761,29.3,28.9,28.9,station
2024-05-07,30.4,31.7,28.4,32.0,28.6,31.0,31.9,31.1,33.2,29.3,30.22,1.68,-1.08,72,20,31.3,27.51,0.0,0.8074,-0.59,30.9,32.8,32.8,station
2024-05-08,30.3,32.1,30.8,32.2,32.7,30.6,31.9,32.6,32.7,31.9,31.62,1.02,-0.32,76,38,29.6,23.33,0.2,0.7971,-0.6038,32.7,33.3,33.3,station
2024-05-09,25.0,26.1,28.3,26.6,28.6,24.7,26.2,26.8,28.2,28.8,26.92,1.52,-0.02,85,64,22.9,10.24,5.4,0.7866,-0.6175,25.9,27.8,27.8,station
2024-05-10,26.4,26.4,25.1,28.6,26.7,25.9,26.2,24.5,27.7,25.4,26.64,1.26,0.7,59,54,24.4,25.99,0.1,0.7759,-0.6309,26.5,28.3,28.3,station
2024-05-11,25.6,26.1,25.0,26.0,25.5,24.4,24.6,24.1,25.0,24.5,25.64,0.44,1.12,62,88,17.7,18.99,0.4,0.7649,-0.6442,25.3,26.7,26.7,station
2024-05-12,21.5,21.0,20.9,20.6,22.3,23.2,19.9,19.9,20.7,20.6,21.26,0.67,0.4,85,84,26.0,8.74,37.9,0.7537,-0.6572,22.4,20.0,20.0,station
2024-05-13,27.3,26.2,24.1,27.7,24.9,28.3,28.1,29.6,30.0,28.4,26.04,1.54,-2.84,79,55,17.3,18.58,0.9,0.7423,-0.6701,27.5,28.3,28.3,station
2024-05-14,27.3,29.5,26.2,28.6,26.8,27.6,29.1,28.1,30.0,26.8,27.68,1.35,-0.64,69,0,20.0,28.24,0.0,0.7306,-0.6828,27.7,29.4,29.4,station
2024-05-15,30.0,30.4,27.7,32.3,30.5,29.7,30.9,31.1,32.2,31.3,30.18,1.65,-0.86,67,47,22.2,27.08,0.0,0.7188,-0.6952,29.8,31.7,31.7,station
2024-05-16,24.7,24.6,22.5,24.5,26.5,23.7,25.4,28.1,24.1,26.3,24.56,1.42,-0.96,79,86,31.8,6.67,5.4,0.7067,-0.7075,24.1,26.1,26.1,station
2024-05-17,27.2,27.7,27.8,27.0,29.3,26.2,27.6,26.5,28.3,27.2,27.8,0.9,0.64,81,35,19.1,24.08,4.3,0.6945,-0.7195,26.9,28.9,28.9,station
2024-05-18,31.2,31.8,30.1,33.1,32.6,30.8,31.9,32.5,32.7,33.3,31.76,1.18,-0.48,78,8,14.8,27.71,0.0,0.682,-0.7314,30.5,32.2,32.2,station
2024-05-19,30.9,31.6,29.5,32.9,33.9,30.9,32.0,32.5,33.3,33.6,31.76,1.71,-0.7,74,7,22.9,27.18,0.0,0.6693,-0.743,31.3,32.2,32.2,station
2024-05-20,30.7,30.4,28.2,33.0,34.2,30.3,30.4,32.8,32.7,34.4,31.3,2.35,-0.82,68,22,27.5,28.48,0.0,0.6564,-0.7544,30.8,32.2,32.2,station
2024-05-21,31.0,30.8,29.8,33.3,34.6,30.7,30.4,32.0,33.5,34.5,31.9,1.98,-0.32,74,87,34.0,18.76,1.1,0.6433,-0.7656,31.7,31.1,31.1,station
2024-05-22,30.4,27.7,28.6,30.6,31.2,31.4,27.5,34.0,31.7,29.8,29.7,1.48,-1.18,85,91,29.1,11.72,14.1,0.6301,-0.7765,29.8,28.9,28.9,station
2024-05-23,30.2,27.2,25.5,29.4,26.9,30.3,27.1,30.2,31.3,23.9,27.84,1.92,-0.72,82,63,26.8,19.97,1.2,0.6166,-0.7873,30.0,31.7,31.7,station
2024-05-24,33.2,30.7,30.4,34.9,34.2,33.4,30.5,33.5,35.7,32.8,32.68,2.04,-0.5,81,44,28.0,21.58,5.5,0.603,-0.7978,31.7,31.7,31.7,station
2024-05-25,33.2,31.6,30.4,34.7,32.7,32.7,31.5,33.5,35.1,33.5,32.52,1.63,-0.74,83,52,33.9,17.96,5.2,0.5892,-0.808,32.4,33.3,33.3,station
2024-05-26,35.3,33.9,33.6,37.1,34.2,34.6,34.1,36.7,36.3,35.2,34.82,1.43,-0.56,61,1,35.1,28.53,0.0,0.5752,-0.818,35.8,36.7,36.7,station
2024-05-27,33.1,32.7,33.3,34.9,34.8,33.2,33.3,36.3,36.1,34.2,33.76,1.02,-0.86,78,29,16.8,24.89,0.1,0.561,-0.8278,32.7,34.4,34.4,station
2024-05-28,26.9,27.8,28.0,29.7,24.9,26.1,26.9,33.4,29.3,27.1,27.46,1.75,-1.1,79,72,33.3,16.5,18.4,0.5467,-0.8373,27.4,28.9,28.9,station
2024-05-29,27.8,28.1,29.2,27.1,23.5,29.4,27.9,27.4,28.8,24.8,27.14,2.17,-0.52,77,38,14.8,26.89,0.1,0.5322,-0.8466,29.5,30.6,30.6,station
2024-05-30,29.2,24.0,28.7,27.6,29.7,28.2,26.0,28.2,29.3,23.7,27.84,2.28,0.76,86,84,20.8,14.62,33.5,0.5176,-0.8556,27.6,26.1,26.1,station
2024-05-31,27.6,27.3,27.3,28.8,26.5,25.5,27.0,27.8,29.5,25.7,27.5,0.83,0.4,78,62,24.5,22.69,39.1,0.5028,-0.8644,28.3,30.0,30.0,station
2024-06-01,29.9,30.2,29.0,28.8,29.8,29.7,29.8,31.8,32.2,29.0,29.54,0.61,-0.96,83,48,17.0,20.93,5.3,0.4878,-0.8729,27.7,26.1,26.1,station
2024-06-02,29.9,30.1,29.4,31.5,32.5,31.3,30.9,30.6,32.7,30.3,30.68,1.28,-0.48,88,68,24.2,17.04,2.2,0.4728,-0.8812,29.2,30.0,30.0,station
2024-06-03,29.8,27.5,29.0,30.7,32.1,31.0,29.5,29.9,35.4,34.4,29.82,1.73,-2.22,89,83,33.7,12.44,46.6,0.4575,-0.8892,30.5,29.4,29.4,station
2024-06-04,33.4,30.5,31.0,35.1,33.2,32.9,32.1,33.8,35.5,33.9,32.64,1.88,-1.0,85,83,35.1,14.83,12.9,0.4422,-0.8969,32.5,33.3,33.3,station
2024-06-05,30.7,31.4,29.6,32.0,33.0,31.4,30.0,32.0,31.0,34.9,31.34,1.29,-0.52,74,42,33.5,27.24,1.9,0.4267,-0.9044,31.1,33.3,33.3,station
2024-06-06,32.4,33.5,31.7,34.4,33.9,32.6,34.3,35.9,35.0,34.8,33.18,1.11,-1.34,66,1,11.5,29.27,0.0,0.4111,-0.9116,32.4,35.6,35.6,station
2024-06-07,32.6,33.1,30.3,36.1,33.8,32.7,33.6,33.8,35.5,34.1,33.18,2.09,-0.76,70,27,19.8,28.84,0.0,0.3953,-0.9185,32.7,34.4,34.4,station
2024-06-08,33.5,33.8,31.2,36.3,36.3,33.0,33.9,34.3,36.3,35.7,34.22,2.15,-0.42,66,11,26.1,28.93,0.0,0.3795,-0.9252,33.5,35.6,35.6,station
2024-06-09,32.2,31.8,31.6,34.2,35.3,32.4,32.2,34.3,33.5,35.3,33.02,1.64,-0.52,70,37,19.1,28.39,0.0,0.3635,-0.9316,32.6,33.9,33.9,station
2024-06-10,29.0,28.7,31.1,27.8,32.4,31.1,28.5,30.6,30.4,32.6,29.8,1.89,-0.84,83,86,17.0,18.35,13.9,0.3474,-0.9377,28.7,29.4,29.4,station
2024-06-11,29.1,26.7,28.8,29.0,26.8,30.0,27.5,29.3,30.3,29.4,28.08,1.22,-1.22,84,52,16.8,15.62,2.6,0.3312,-0.9436,27.8,28.9,28.9,station
2024-06-12,30.3,31.2,30.1,32.6,30.6,30.9,30.8,30.9,31.8,31.3,30.96,1.01,-0.18,74,20,19.5,26.55,0.9,0.3149,-0.9491,30.8,31.7,31.7,station
2024-06-13,32.5,33.0,31.8,34.6,33.9,32.9,33.0,33.0,35.3,32.5,33.16,1.11,-0.18,71,4,13.0,28.61,0.0,0.2986,-0.9544,32.3,33.9,33.9,station
2024-06-14,33.1,33.3,32.6,36.0,34.0,33.4,33.4,34.6,36.1,34.5,33.8,1.33,-0.6,67,1,11.9,29.3,0.0,0.2821,-0.9594,32.6,35.0,35.0,station
2024-06-15,33.6,33.2,32.1,35.2,34.2,33.9,33.2,35.0,35.2,34.5,33.66,1.15,-0.7,62,8,19.3,28.93,0.0,0.2656,-0.9641,33.4,33.9,33.9,station
2024-06-16,33.7,32.7,31.5,34.9,33.7,33.6,32.7,34.1,35.7,33.9,33.3,1.27,-0.7,61,17,22.4,28.72,0.0,0.2489,-0.9685,33.8,33.9,33.9,station
2024-06-17,33.0,32.3,31.8,34.4,34.2,32.1,32.0,32.9,35.4,34.1,33.14,1.14,-0.16,66,15,31.9,25.85,0.1,0.2322,-0.9727,33.2,34.4,34.4,station
2024-06-18,33.0,32.5,30.2,33.4,33.7,33.0,31.9,32.4,32.9,34.5,32.56,1.39,-0.38,66,20,29.8,25.65,1.0,0.2155,-0.9765,33.4,33.3,33.3,station
2024-06-19,31.0,30.7,31.8,29.0,31.7,30.7,30.1,29.9,26.7,33.4,30.84,1.13,0.68,67,51,23.5,19.66,1.1,0.1986,-0.9801,30.9,30.0,30.0,station
2024-06-20,33.1,32.5,30.2,34.1,33.6,34.0,32.6,32.8,34.5,34.0,32.7,1.52,-0.88,67,59,18.4,25.87,0.2,0.1818,-0.9833,32.7,32.8,32.8,station
2024-06-21,33.0,33.3,33.6,33.7,33.7,33.0,32.5,34.8,34.9,34.0,33.46,0.3,-0.38,64,70,12.6,25.74,0.4,0.1648,-0.9863,32.1,33.9,33.9,station
2024-06-22,34.1,35.1,35.0,35.9,35.1,34.3,34.6,36.4,35.9,35.1,35.04,0.64,-0.22,60,12,15.1,27.86,0.1,0.1478,-0.989,34.3,35.0,35.0,station
2024-06-23,35.5,36.1,36.4,37.6,36.5,35.9,36.1,37.9,37.6,36.0,36.42,0.77,-0.28,57,5,16.7,27.89,0.0,0.1308,-0.9914,35.3,36.1,36.1,station
2024-06-24,35.9,35.5,35.9,37.9,36.2,36.2,35.6,38.4,38.0,36.5,36.28,0.94,-0.66,57,5,16.4,27.77,0.0,0.1137,-0.9935,35.3,36.1,36.1,station
2024-06-25,36.0,35.7,35.5,36.7,36.0,36.0,35.4,37.3,37.5,36.5,35.98,0.45,-0.56,62,17,20.0,26.62,0.3,0.0966,-0.9953,35.9,35.6,35.6,station
2024-06-26,36.8,36.1,36.3,38.5,37.3,36.3,35.8,37.1,38.6,37.7,37.0,0.96,-0.1,61,14,20.4,26.39,0.0,0.0795,-0.9968,36.8,36.1,36.1,station
2024-06-27,35.6,35.0,36.4,36.4,34.3,38.1,36.2,40.3,39.9,37.9,35.54,0.91,-2.94,66,37,19.2,25.75,0.0,0.0623,-0.9981,34.5,35.6,35.6,station
2024-06-28,37.2,37.3,37.2,38.2,37.5,37.3,37.0,38.0,39.2,37.0,37.48,0.42,-0.22,55,68,20.7,26.6,0.0,0.0451,-0.999,37.3,37.8,37.8,station
2024-06-29,36.7,36.3,35.7,37.9,36.8,36.9,36.5,38.0,38.3,36.2,36.68,0.81,-0.5,59,44,24.1,25.75,0.0,0.028,-0.9996,36.0,36.1,36.1,station
2024-06-30,36.0,36.3,37.2,37.3,36.6,36.5,36.4,37.2,38.2,36.9,36.68,0.56,-0.36,56,32,18.5,27.9,0.0,0.0108,-0.9999,36.1,37.2,37.2,station
2024-07-01,36.7,37.0,37.6,39.0,37.6,37.5,37.4,40.1,37.6,37.4,37.58,0.88,-0.42,56,51,17.9,26.91,0.0,-0.0065,-1.0,36.7,37.2,37.2,station
2024-07-02,37.8,37.7,37.6,39.4,37.8,37.8,37.9,39.2,39.9,37.8,38.06,0.75,-0.46,54,0,23.5,28.59,0.0,-0.0237,-0.9997,37.5,38.3,38.3,station
2024-07-03,37.2,36.4,36.2,38.7,37.4,37.5,36.8,37.6,38.9,37.4,37.18,0.99,-0.46,51,7,21.8,28.23,0.0,-0.0408,-0.9992,36.9,37.2,37.2,station
2024-07-04,37.2,36.6,37.0,39.1,37.7,37.0,36.2,38.9,39.0,37.9,37.52,0.97,-0.28,54,7,18.3,27.51,0.0,-0.058,-0.9983,36.8,37.2,37.2,station
2024-07-05,31.6,31.5,29.7,32.2,32.5,31.8,31.6,34.6,32.8,34.1,31.5,1.09,-1.48,58,40,15.8,20.81,9.9,-0.0752,-0.9972,33.6,32.2,32.2,station
2024-07-06,32.4,33.2,36.0,33.4,33.0,33.7,33.2,33.7,33.0,31.7,33.6,1.39,0.54,61,21,14.2,27.54,0.0,-0.0923,-0.9957,32.6,35.0,35.0,station
2024-07-07,34.0,33.5,36.4,36.1,35.7,33.7,33.8,36.4,34.5,34.2,35.14,1.3,0.62,69,56,21.3,24.38,2.8,-0.1094,-0.994,33.2,36.1,36.1,station
2024-07-08,29.8,27.6,27.4,28.8,32.0,28.2,27.7,29.3,31.0,30.6,29.12,1.88,-0.24,85,77,27.1,9.3,13.1,-0.1265,-0.992,26.9,29.4,29.4,station
2024-07-09,32.2,33.0,32.2,33.8,31.9,32.2,32.2,34.4,33.5,30.6,32.62,0.78,0.04,69,5,17.0,27.71,0.0,-0.1436,-0.9896,32.6,35.0,35.0,station
2024-07-10,33.6,34.5,36.5,36.9,35.3,33.3,34.2,38.4,36.2,34.4,35.36,1.37,0.06,65,17,14.8,23.7,3.4,-0.1606,-0.987,32.3,36.1,36.1,station
2024-07-11,34.7,35.1,36.1,37.3,35.7,34.3,34.9,36.9,37.2,35.7,35.78,1.01,-0.02,59,12,16.8,27.65,0.0,-0.1775,-0.9841,35.6,36.1,36.1,station
2024-07-12,34.6,34.7,35.2,36.3,35.9,35.0,33.9,37.1,36.6,36.1,35.34,0.74,-0.4,57,9,20.3,27.49,0.0,-0.1944,-0.9809,35.1,35.6,35.6,station
2024-07-13,34.7,33.5,34.5,34.0,35.6,35.8,34.0,35.1,33.8,36.0,34.46,0.79,-0.48,62,25,25.2,26.66,0.2,-0.2113,-0.9774,35.2,35.0,35.0,station
2024-07-14,36.8,35.3,36.7,36.6,35.9,36.8,35.7,36.1,33.8,36.4,36.26,0.64,0.5,58,13,22.3,25.85,0.0,-0.2281,-0.9736,36.7,37.2,37.2,station
2024-07-15,38.3,36.8,38.5,38.9,37.4,37.9,35.7,38.5,38.3,36.6,37.98,0.86,0.58,52,3,25.2,27.82,0.0,-0.2448,-0.9696,38.2,37.8,37.8,station
2024-07-16,38.7,37.3,38.6,39.5,37.6,38.7,37.0,39.5,40.0,38.1,38.34,0.89,-0.32,46,25,22.7,28.44,0.0,-0.2614,-0.9652,38.5,37.8,37.8,station
2024-07-17,36.3,34.8,36.2,36.3,36.4,36.5,35.0,39.8,39.3,37.2,36.0,0.67,-1.56,64,97,21.6,14.66,4.6,-0.278,-0.9606,32.8,31.7,31.7,station
2024-07-18,31.3,32.3,30.2,32.4,32.6,29.3,33.1,33.5,32.3,30.4,31.76,1.01,0.04,75,49,21.9,22.66,2.7,-0.2945,-0.9557,31.7,32.8,32.8,station
2024-07-19,32.0,32.6,30.4,32.1,31.6,32.2,32.5,34.6,32.0,32.5,31.74,0.83,-1.02,60,37,14.4,28.24,0.0,-0.3109,-0.9505,32.2,33.3,33.3,station
2024-07-20,33.5,32.7,31.8,34.7,34.0,33.3,33.2,36.0,33.8,32.5,33.34,1.13,-0.42,55,38,17.8,27.29,0.0,-0.3272,-0.945,33.2,35.0,35.0,station
2024-07-21,33.0,31.7,30.6,29.4,28.6,32.5,31.4,35.7,32.6,31.5,30.66,1.76,-2.08,75,72,17.7,17.0,21.4,-0.3434,-0.9392,30.1,30.6,30.6,station
2024-07-22,28.9,28.9,29.8,28.3,27.8,31.4,30.7,30.7,29.4,28.6,28.74,0.75,-1.42,82,87,13.0,16.73,14.7,-0.3595,-0.9332,30.0,31.1,31.1,station
2024-07-23,30.3,29.5,29.5,31.8,29.2,31.1,31.5,33.7,31.8,28.4,30.06,1.05,-1.24,82,77,13.0,16.15,4.9,-0.3755,-0.9268,29.0,30.0,30.0,station
2024-07-24,30.7,31.8,28.7,31.6,30.6,32.1,32.2,34.7,32.7,31.6,30.68,1.23,-1.98,75,21,24.2,25.79,0.3,-0.3914,-0.9202,31.5,32.8,32.8,station
2024-07-25,30.3,30.9,29.4,31.6,31.0,29.6,32.0,30.0,30.9,31.1,30.64,0.83,-0.08,77,26,17.8,21.97,2.0,-0.4071,-0.9134,31.5,32.2,32.2,station
2024-07-26,29.1,29.9,27.7,29.2,30.5,29.7,30.5,29.9,30.0,30.9,29.28,1.05,-0.92,74,37,16.1,19.59,0.3,-0.4228,-0.9062,30.7,30.0,30.0,station
2024-07-27,31.2,31.7,30.2,31.7,32.9,30.0,31.0,29.5,28.1,31.5,31.54,0.98,1.52,70,25,21.1,24.69,0.4,-0.4383,-0.8988,32.1,33.3,33.3,station
2024-07-28,32.7,33.1,31.0,34.4,35.0,34.0,34.3,32.5,35.3,33.6,33.24,1.56,-0.7,66,25,23.7,22.4,0.4,-0.4537,-0.8912,34.8,33.3,33.3,station
2024-07-29,35.5,34.6,34.7,36.0,35.9,35.1,35.2,36.9,35.3,36.3,35.34,0.66,-0.42,63,12,26.8,25.21,0.1,-0.469,-0.8832,36.1,36.1,36.1,station
2024-07-30,36.3,35.1,35.6,36.2,36.4,36.3,34.7,37.9,36.4,36.3,35.92,0.55,-0.4,58,13,27.2,26.95,0.0,-0.4841,-0.875,36.6,36.1,36.1,station
2024-07-31,36.6,34.9,36.4,36.3,36.6,36.9,34.9,38.2,36.5,36.7,36.16,0.72,-0.48,58,13,28.1,26.05,0.0,-0.4991,-0.8666,37.0,36.1,36.1,station
2024-08-01,38.3,35.7,38.2,38.0,37.3,38.5,35.4,39.3,38.1,37.5,37.5,1.08,-0.26,48,25,23.8,27.98,0.0,-0.5139,-0.8578,38.5,38.9,38.9,station
2024-08-02,38.7,37.9,40.5,39.8,38.3,39.3,36.8,40.9,40.0,39.2,39.04,1.08,-0.2,51,30,16.9,27.24,0.0,-0.5286,-0.8489,38.7,39.4,39.4,station
2024-08-03,36.8,35.6,36.5,37.4,36.1,37.9,35.9,42.3,38.3,36.6,36.48,0.68,-1.72,49,16,17.1,27.63,0.0,-0.5431,-0.8397,37.3,37.8,37.8,station
2024-08-04,35.8,35.8,33.2,36.8,36.4,36.8,35.2,38.3,36.8,35.6,35.6,1.41,-0.94,53,27,18.7,25.83,0.1,-0.5575,-0.8302,35.7,36.7,36.7,station
2024-08-05,36.2,36.0,33.2,36.9,36.3,37.6,36.2,39.5,37.3,36.7,35.72,1.45,-1.74,52,13,14.1,26.95,0.0,-0.5717,-0.8205,35.5,36.1,36.1,station
2024-08-06,37.5,37.6,35.7,37.9,36.6,38.2,37.4,41.0,38.1,37.3,37.06,0.9,-1.34,47,3,14.0,27.15,0.0,-0.5857,-0.8105,37.1,40.0,40.0,station
2024-08-07,38.9,38.6,36.0,40.1,38.6,39.2,38.2,41.5,40.4,38.8,38.44,1.5,-1.18,45,1,12.7,27.05,0.0,-0.5996,-0.8003,38.7,38.3,38.3,station
2024-08-08,38.6,38.5,37.5,40.4,39.7,39.7,38.0,41.5,40.6,39.8,38.94,1.13,-0.98,50,40,17.3,25.96,0.0,-0.6132,-0.7899,38.0,38.9,38.9,station
2024-08-09,34.9,32.3,35.1,33.5,34.6,36.3,31.7,36.6,34.6,37.3,34.08,1.17,-1.22,69,66,26.0,18.25,16.3,-0.6267,-0.7792,32.4,32.8,32.8,station
2024-08-10,34.0,33.9,36.4,36.4,33.7,36.9,33.6,37.8,36.0,34.3,34.88,1.39,-0.84,58,39,17.1,24.25,0.0,-0.64,-0.7683,34.3,35.6,35.6,station
2024-08-11,36.4,35.0,36.6,37.2,34.8,36.3,34.8,39.2,37.5,35.3,36.0,1.05,-0.62,56,77,22.0,22.2,0.0,-0.6532,-0.7572,35.7,35.0,35.0,station
2024-08-12,37.1,36.0,36.3,37.4,36.7,37.6,36.1,39.2,38.5,37.3,36.7,0.57,-1.04,57,32,18.7,25.5,0.0,-0.6661,-0.7459,36.3,36.7,36.7,station
2024-08-13,35.6,36.6,36.8,37.7,37.5,37.1,36.9,39.7,38.1,37.2,36.84,0.83,-0.96,56,27,19.5,24.8,0.3,-0.6788,-0.7343,37.1,37.2,37.2,station
2024-08-14,36.5,37.3,36.4,37.9,37.3,36.7,36.9,39.9,38.3,37.3,37.08,0.63,-0.74,50,25,21.0,25.3,0.0,-0.6914,-0.7225,37.5,37.2,37.2,station
2024-08-15,37.8,38.0,36.9,39.1,38.0,37.7,38.3,40.4,39.4,37.9,37.96,0.78,-0.78,49,19,18.8,24.11,0.0,-0.7037,-0.7105,37.8,37.2,37.2,station
2024-08-16,38.2,38.0,37.8,39.7,39.0,38.5,38.3,41.1,39.9,38.8,38.54,0.79,-0.78,49,34,19.4,22.27,1.2,-0.7158,-0.6983,38.4,37.8,37.8,station
2024-08-17,39.1,38.3,38.4,40.0,38.7,39.3,38.1,41.0,40.9,38.9,38.9,0.69,-0.74,47,50,19.2,24.2,0.0,-0.7277,-0.6859,38.4,38.3,38.3,station
2024-08-18,40.0,39.1,39.8,40.6,39.2,40.6,39.2,42.5,41.0,39.9,39.74,0.61,-0.9,44,17,14.8,26.08,0.0,-0.7394,-0.6733,39.3,39.4,39.4,station
2024-08-19,41.4,40.0,41.4,42.3,40.2,42.2,39.8,43.2,43.0,39.8,41.06,0.95,-0.54,39,22,19.2,25.88,0.0,-0.7509,-0.6605,41.4,41.1,41.1,station
2024-08-20,38.0,38.0,37.7,35.8,38.5,38.0,38.6,42.6,37.0,38.7,37.6,1.05,-1.38,49,27,23.8,25.26,0.0,-0.7621,-0.6474,38.0,38.3,38.3,station
2024-08-21,37.2,35.9,37.1,35.0,36.9,38.4,36.4,39.9,34.3,36.2,36.42,0.95,-0.62,49,19,23.6,24.3,0.0,-0.7731,-0.6342,36.2,36.1,36.1,station
2024-08-22,36.0,36.3,37.3,36.3,36.8,36.1,36.1,39.1,35.9,37.6,36.54,0.51,-0.42,49,25,25.3,23.8,0.6,-0.7839,-0.6208,37.6,37.2,37.2,station
2024-08-23,36.4,37.6,37.6,37.4,39.1,37.8,37.1,39.9,37.9,38.1,37.62,0.97,-0.54,66,45,35.9,22.23,0.5,-0.7945,-0.6073,37.2,38.3,38.3,station
2024-08-24,37.2,35.2,36.4,37.3,37.2,36.3,36.0,38.1,37.1,37.5,36.66,0.89,-0.34,55,47,21.6,24.71,0.0,-0.8048,-0.5935,37.2,36.7,36.7,station
2024-08-25,37.0,35.6,35.8,37.7,35.9,37.3,34.3,37.8,38.1,36.4,36.4,0.91,-0.38,46,15,20.2,22.37,0.0,-0.8149,-0.5796,35.8,35.6,35.6,station
2024-08-26,36.0,35.1,34.8,36.7,35.5,36.1,34.4,37.3,37.5,35.6,35.62,0.75,-0.56,51,12,22.9,23.04,0.8,-0.8248,-0.5655,36.2,35.0,35.0,station
2024-08-27,35.5,33.9,34.6,35.6,35.7,35.2,33.6,38.3,35.8,35.7,35.06,0.78,-0.66,58,30,18.6,23.55,1.4,-0.8344,-0.5512,35.4,35.0,35.0,station
2024-08-28,35.2,34.2,35.1,35.2,35.5,35.7,34.4,38.4,35.8,36.1,35.04,0.49,-1.04,59,36,22.4,23.29,0.4,-0.8437,-0.5368,35.7,35.0,35.0,station
2024-08-29,33.9,34.0,34.0,35.4,34.9,34.6,34.0,36.7,35.6,35.7,34.44,0.67,-0.88,61,17,22.1,22.18,0.6,-0.8528,-0.5222,34.1,32.8,32.8,station
2024-08-30,33.6,33.0,31.1,32.3,33.5,32.8,32.8,33.6,34.7,32.3,32.7,1.03,-0.54,66,36,15.0,18.77,0.0,-0.8617,-0.5074,32.6,32.8,32.8,station
2024-08-31,33.0,32.8,29.9,31.6,32.2,32.7,32.6,34.2,31.7,29.2,31.9,1.24,-0.18,64,34,16.0,22.24,0.8,-0.8703,-0.4925,34.1,34.4,34.4,station
2024-09-01,32.3,32.7,29.9,32.2,32.3,32.3,31.8,34.5,30.0,32.8,31.88,1.12,-0.4,71,59,21.5,17.39,14.0,-0.8786,-0.4775,33.3,33.9,33.9,station
2024-09-02,30.9,27.3,29.6,29.2,31.1,28.1,28.0,34.6,30.8,29.3,29.62,1.53,-0.54,70,97,23.5,16.93,2.1,-0.8867,-0.4623,32.5,32.2,32.2,station
2024-09-03,29.3,25.2,26.8,31.7,27.0,26.4,25.2,26.6,30.0,23.4,28.0,2.53,1.68,79,98,20.3,5.54,11.6,-0.8945,-0.447,27.3,27.8,27.8,station
2024-09-04,29.1,25.3,28.7,30.6,29.6,33.0,28.4,27.1,32.4,30.2,28.66,2.01,-1.56,81,94,19.5,5.87,17.1,-0.9021,-0.4315,27.5,25.6,25.6,station
2024-09-05,30.9,29.8,29.4,29.5,31.0,31.5,29.5,32.8,32.1,33.2,30.12,0.77,-1.7,77,35,20.1,17.4,1.3,-0.9094,-0.4159,31.1,31.7,31.7,station
2024-09-06,30.9,30.8,28.5,31.0,31.3,30.6,30.9,36.0,30.8,32.4,30.5,1.13,-1.64,69,18,23.1,20.82,0.2,-0.9164,-0.4002,32.3,32.8,32.8,station
2024-09-07,28.9,28.3,27.3,29.0,29.2,28.0,28.5,32.8,28.0,27.6,28.54,0.77,-0.44,43,0,25.6,24.19,0.0,-0.9232,-0.3844,29.2,30.0,30.0,station
2024-09-08,27.5,27.1,25.5,27.5,27.7,27.7,26.9,31.0,27.7,26.9,27.06,0.9,-0.98,43,0,18.2,24.64,0.0,-0.9296,-0.3685,27.9,28.3,28.3,station
2024-09-09,28.6,28.7,26.9,28.9,28.5,28.7,28.1,32.6,28.7,28.4,28.32,0.81,-0.98,43,0,14.2,24.79,0.0,-0.9358,-0.3524,29.0,30.0,30.0,station
2024-09-10,31.0,31.6,29.1,31.5,31.5,31.3,31.3,34.4,31.5,31.6,30.94,1.05,-1.08,47,7,11.4,24.4,0.0,-0.9418,-0.3363,30.9,32.2,32.2,station
2024-09-11,30.7,29.8,28.4,28.2,29.8,29.2,30.1,31.5,27.9,30.7,29.38,1.05,-0.5,69,34,25.8,18.1,1.3,-0.9474,-0.32,31.9,27.8,27.8,station
2024-09-12,30.8,29.1,28.0,29.3,29.8,31.8,30.6,33.7,31.9,31.5,29.4,1.02,-2.5,66,17,14.9,20.68,0.0,-0.9528,-0.3037,30.9,30.0,30.0,station
2024-09-13,33.1,32.7,31.6,33.7,34.4,33.1,32.4,35.3,34.7,34.3,33.1,1.06,-0.86,60,0,13.9,22.95,0.0,-0.9579,-0.2873,33.9,34.4,34.4,station
2024-09-14,34.1,33.9,34.2,35.7,36.8,35.7,33.3,37.5,35.7,36.4,34.94,1.26,-0.78,64,96,27.4,13.68,7.1,-0.9627,-0.2707,33.2,35.0,35.0,station
2024-09-15,33.2,31.7,30.8,32.0,33.8,33.8,32.3,36.1,33.8,35.2,32.3,1.2,-1.94,61,26,24.2,18.88,0.0,-0.9672,-0.2541,33.0,33.9,33.9,station
2024-09-16,31.6,30.8,29.2,31.7,32.6,31.6,31.0,34.6,31.5,32.7,31.18,1.28,-1.1,62,1,15.7,22.27,0.0,-0.9714,-0.2375,33.2,32.8,32.8,station
2024-09-17,32.4,31.7,29.8,32.5,33.3,31.8,31.2,34.2,31.3,32.8,31.94,1.32,-0.32,64,12,18.7,21.01,0.0,-0.9753,-0.2207,33.2,32.2,32.2,station
2024-09-18,34.3,34.1,31.6,34.6,35.0,35.7,35.1,36.6,34.6,35.5,33.92,1.34,-1.58,61,8,16.6,20.86,0.0,-0.979,-0.2039,34.1,35.6,35.6,station
2024-09-19,36.2,36.0,32.8,36.3,36.1,36.2,36.0,37.4,36.5,36.0,35.48,1.5,-0.94,51,2,18.4,21.59,0.0,-0.9824,-0.187,36.1,36.7,36.7,station
2024-09-20,36.7,36.3,33.4,36.9,36.6,37.0,36.3,38.2,37.1,36.5,35.98,1.46,-1.04,51,17,16.4,21.64,0.0,-0.9854,-0.1701,36.2,37.2,37.2,station
2024-09-21,35.3,34.7,31.8,35.3,36.0,35.9,35.0,37.1,35.8,35.8,34.62,1.64,-1.3,52,46,19.4,20.34,0.0,-0.9882,-0.1531,34.8,35.6,35.6,station
2024-09-22,34.6,33.4,31.0,34.4,34.3,34.3,33.4,35.5,34.3,34.0,33.54,1.49,-0.76,51,46,17.9,20.41,0.0,-0.9907,-0.1361,34.3,34.4,34.4,station
2024-09-23,30.6,27.5,25.8,28.8,28.1,30.3,28.1,30.2,28.4,28.7,28.16,1.76,-0.98,71,66,15.8,13.07,6.4,-0.9929,-0.1191,29.0,27.2,27.2,station
2024-09-24,30.2,29.8,28.1,29.6,31.7,32.5,28.9,33.1,29.9,29.8,29.88,1.29,-0.96,75,16,9.6,19.3,0.0,-0.9948,-0.102,29.8,32.8,32.8,station
2024-09-25,27.0,27.3,25.0,26.8,25.0,27.3,27.4,29.7,26.4,27.6,26.22,1.13,-1.46,64,22,24.9,20.5,9.8,-0.9964,-0.0848,28.2,28.9,28.9,station
2024-09-26,28.2,27.5,26.2,28.6,27.6,28.1,27.6,31.3,27.4,27.1,27.62,0.91,-0.68,55,0,15.9,21.59,0.0,-0.9977,-0.0677,28.1,29.4,29.4,station
2024-09-27,28.5,28.8,26.1,29.3,29.3,28.3,28.5,31.4,28.4,28.5,28.4,1.33,-0.62,54,0,18.9,21.41,0.0,-0.9987,-0.0505,28.8,30.0,30.0,station
2024-09-28,29.7,29.4,26.4,30.4,30.5,29.5,29.4,32.6,30.6,30.6,29.28,1.68,-1.26,54,12,20.6,21.25,0.0,-0.9994,-0.0333,30.3,31.1,31.1,station
2024-09-29,30.6,29.9,28.7,30.6,30.9,30.2,29.5,32.8,30.3,30.8,30.14,0.88,-0.58,52,59,13.4,19.89,0.0,-0.9999,-0.0161,31.0,31.7,31.7,station
2024-09-30,31.9,31.5,30.3,33.2,32.5,31.6,31.2,33.5,32.9,31.8,31.88,1.09,-0.32,57,0,9.3,21.0,0.0,-1.0,0.0011,32.0,33.3,33.3,station
2024-10-01,32.9,32.4,28.8,32.7,32.8,32.6,32.0,34.4,32.7,32.9,31.92,1.75,-1.0,51,3,22.5,20.49,0.0,-0.9998,0.0183,33.3,33.3,33.3,station
2024-10-02,31.1,31.2,29.1,31.8,32.1,31.0,31.4,32.9,31.8,32.5,31.06,1.17,-0.86,44,0,16.6,20.16,0.0,-0.9994,0.0355,31.2,32.2,32.2,station
2024-10-03,33.9,32.7,30.8,33.9,33.8,33.6,32.6,33.6,33.6,34.4,33.02,1.34,-0.54,52,0,14.0,20.14,0.0,-0.9986,0.0527,33.5,32.8,32.8,station
2024-10-04,32.9,31.9,29.3,32.4,31.7,33.2,31.5,34.6,32.2,32.3,31.64,1.39,-1.12,44,6,17.9,20.29,0.0,-0.9976,0.0698,32.2,32.2,32.2,station
2024-10-05,32.2,32.0,29.3,32.4,32.9,33.0,32.1,34.1,32.3,32.8,31.76,1.42,-1.1,55,6,12.9,18.85,0.0,-0.9962,0.087,32.4,32.2,32.2,station
2024-10-06,32.6,31.8,28.7,32.5,32.6,32.8,32.0,34.6,32.5,33.4,31.64,1.68,-1.42,58,2,14.8,19.19,0.0,-0.9946,0.1041,31.9,32.8,32.8,station
2024-10-07,31.8,31.1,28.7,31.8,31.7,31.5,31.5,34.8,30.7,32.4,31.02,1.33,-1.16,49,0,13.6,19.42,0.0,-0.9926,0.1212,32.3,32.8,32.8,station
2024-10-08,29.0,28.7,27.2,29.2,29.0,29.1,28.5,31.8,29.2,27.8,28.62,0.81,-0.66,40,0,14.7,19.39,0.0,-0.9904,0.1383,29.0,28.9,28.9,station
2024-10-09,30.5,29.4,27.4,31.2,29.8,30.2,29.3,31.9,30.7,29.4,29.66,1.44,-0.64,41,2,11.7,18.99,0.0,-0.9879,0.1553,30.2,30.0,30.0,station
2024-10-10,32.6,31.0,27.5,32.8,31.5,32.2,31.0,33.4,32.8,30.3,31.08,2.14,-0.86,39,2,16.7,18.94,0.0,-0.9851,0.1722,32.4,31.7,31.7,station
2024-10-11,33.0,31.2,26.7,31.6,31.9,33.1,31.7,34.1,33.0,31.6,30.88,2.43,-1.82,34,16,21.4,18.16,0.0,-0.9819,0.1892,32.6,32.2,32.2,station
2024-10-12,34.7,33.3,29.1,34.8,33.7,34.3,33.3,35.3,34.3,33.9,33.12,2.34,-1.1,36,10,25.4,18.02,0.0,-0.9785,0.206,34.1,33.9,33.9,station
2024-10-13,36.1,34.5,32.0,35.6,34.2,35.6,34.7,37.0,36.0,34.6,34.48,1.59,-1.1,30,0,18.0,19.08,0.0,-0.9749,0.2228,35.9,36.1,36.1,station
2024-10-14,28.2,26.4,23.6,26.8,27.7,29.0,27.0,31.5,27.7,27.7,26.54,1.79,-2.04,29,13,24.5,18.57,0.0,-0.9709,0.2396,28.0,28.3,28.3,station
2024-10-15,32.6,31.7,28.6,32.0,31.2,33.4,30.3,36.1,30.5,31.4,31.22,1.55,-1.12,40,0,34.3,18.51,0.0,-0.9666,0.2562,33.0,34.4,34.4,station
2024-10-16,20.8,19.8,16.9,19.5,19.9,20.6,20.2,22.1,19.7,19.7,19.38,1.47,-1.08,33,5,39.2,19.59,0.0,-0.9621,0.2728,20.0,20.0,20.0,station
2024-10-17,22.4,20.8,19.0,22.1,21.2,22.4,20.9,23.4,21.6,20.9,21.1,1.34,-0.74,36,1,16.7,19.2,0.0,-0.9572,0.2893,22.0,21.7,21.7,station
2024-10-18,25.9,24.3,21.8,25.0,25.8,26.3,24.6,26.4,25.6,26.5,24.56,1.67,-1.32,38,4,20.5,18.17,0.0,-0.9521,0.3057,25.7,24.4,24.4,station
2024-10-19,26.3,24.9,22.9,25.9,26.2,26.1,24.9,27.2,26.2,26.6,25.24,1.42,-0.96,34,10,20.5,17.64,0.0,-0.9467,0.3221,25.7,25.6,25.6,station
2024-10-20,27.6,26.4,23.8,27.5,27.6,27.2,25.9,28.1,27.1,27.1,26.58,1.63,-0.5,44,0,12.7,18.11,0.0,-0.941,0.3383,27.1,27.8,27.8,station
2024-10-21,28.3,27.5,24.3,28.3,28.6,28.6,27.4,29.0,28.1,28.0,27.4,1.78,-0.82,45,6,19.7,17.92,0.0,-0.9351,0.3545,28.1,28.3,28.3,station
2024-10-22,31.5,29.5,28.0,31.3,32.4,31.1,29.1,30.4,30.9,32.3,30.54,1.77,-0.22,57,2,21.3,16.87,0.0,-0.9288,0.3705,31.7,30.6,30.6,station
2024-10-23,33.1,30.8,29.4,32.8,33.7,33.0,30.6,32.3,32.7,33.8,31.96,1.8,-0.52,56,4,13.9,16.51,0.0,-0.9223,0.3864,32.8,32.2,32.2,station
2024-10-24,32.1,30.4,27.8,30.7,31.9,32.3,29.6,32.1,31.1,32.5,30.58,1.72,-0.94,51,2,24.2,17.06,0.0,-0.9155,0.4022,31.9,31.1,31.1,station
2024-10-25,31.6,29.7,27.8,31.0,31.5,31.5,29.7,31.9,30.9,31.9,30.32,1.6,-0.86,53,7,22.8,16.36,0.0,-0.9085,0.4179,31.4,31.1,31.1,station
2024-10-26,29.4,27.5,25.5,28.3,30.4,29.4,27.0,29.8,27.9,29.1,28.22,1.88,-0.42,55,8,13.8,16.47,0.0,-0.9012,0.4335,28.8,28.3,28.3,station
2024-10-27,30.5,29.1,27.0,30.4,30.4,30.4,29.4,31.4,29.9,31.0,29.48,1.5,-0.94,61,2,18.3,16.24,0.0,-0.8936,0.4489,30.7,29.4,29.4,station
2024-10-28,31.5,29.9,26.2,30.2,30.6,31.4,29.2,30.9,30.3,30.4,29.68,2.04,-0.76,48,18,29.1,16.34,0.0,-0.8857,0.4642,31.2,30.0,30.0,station
2024-10-29,29.5,28.5,26.1,30.0,30.5,30.3,28.2,29.9,30.5,30.7,28.92,1.74,-1.0,61,42,38.6,11.43,0.7,-0.8776,0.4794,30.7,29.4,29.4,station
2024-10-30,30.4,29.4,26.8,30.7,31.8,30.4,29.0,28.4,30.1,31.1,29.82,1.89,0.02,66,55,33.6,10.56,6.5,-0.8692,0.4944,32.0,30.6,30.6,station
2024-10-31,24.7,25.6,22.9,24.1,25.2,25.6,25.3,26.7,23.9,22.0,24.5,1.06,-0.2,68,24,28.9,16.09,10.9,-0.8606,0.5093,25.0,25.6,25.6,station
2024-11-01,25.5,22.5,20.7,24.6,24.0,26.5,23.5,28.8,25.1,24.9,23.46,1.89,-2.3,76,83,17.4,5.64,0.5,-0.8517,0.524,24.2,22.8,22.8,station
2024-11-02,25.1,23.3,22.2,24.0,26.4,23.0,23.4,26.8,22.9,25.0,24.2,1.62,-0.02,81,80,25.4,6.19,0.6,-0.8426,0.5386,26.1,25.0,25.0,station
2024-11-03,28.9,26.6,25.2,26.6,25.7,29.4,26.4,25.6,26.1,27.2,26.6,1.42,-0.34,79,85,32.8,8.72,18.9,-0.8332,0.553,28.4,27.8,27.8,station
2024-11-04,24.9,26.4,23.5,24.3,25.9,25.7,25.6,26.2,24.1,24.4,25.0,1.17,-0.2,83,70,39.3,4.41,39.0,-0.8235,0.5672,26.4,26.1,26.1,station
2024-11-05,20.0,17.9,18.5,21.2,17.3,19.7,18.3,21.1,20.9,17.6,18.98,1.6,-0.54,71,46,20.0,13.64,10.9,-0.8137,0.5813,19.1,20.0,20.0,station
2024-11-06,21.3,20.4,19.2,21.2,20.0,21.9,20.7,23.9,22.8,19.3,20.42,0.87,-1.3,77,11,12.1,15.66,0.0,-0.8035,0.5952,21.4,22.8,22.8,station
2024-11-07,22.1,21.9,21.2,23.4,22.8,23.0,20.4,22.4,24.0,23.0,22.28,0.85,-0.28,85,53,22.9,8.04,0.4,-0.7932,0.609,24.4,21.1,21.1,station
2024-11-08,23.2,21.0,20.8,24.1,22.4,22.0,19.8,22.6,23.0,23.7,22.3,1.41,0.08,90,97,26.6,5.34,35.8,-0.7826,0.6225,23.5,21.7,21.7,station
2024-11-09,20.5,19.9,18.5,20.3,18.5,20.5,19.5,22.3,22.5,19.9,19.54,0.97,-1.4,68,10,13.3,15.4,0.2,-0.7718,0.6359,20.7,22.2,22.2,station
2024-11-10,23.1,24.2,22.4,24.0,23.0,23.0,23.7,24.7,23.1,21.6,23.34,0.75,0.12,68,0,10.5,14.97,0.0,-0.7607,0.6491,23.6,26.7,26.7,station
2024-11-11,22.4,23.1,21.3,23.6,24.8,22.3,23.7,24.0,22.7,22.5,23.04,1.31,0.0,66,39,9.7,14.79,0.0,-0.7494,0.6621,22.7,25.0,25.0,station
2024-11-12,22.2,21.7,21.3,22.8,24.9,21.9,21.9,24.0,23.0,24.2,22.58,1.41,-0.42,79,30,10.5,14.67,0.0,-0.7379,0.6749,21.4,23.3,23.3,station
2024-11-13,22.8,24.0,20.3,24.0,23.6,23.8,24.3,24.2,23.9,24.6,22.94,1.55,-1.22,68,31,19.9,14.22,0.0,-0.7262,0.6875,22.3,25.0,25.0,station
2024-11-14,19.6,19.6,18.1,20.6,20.2,18.8,19.2,21.2,20.6,20.2,19.62,0.95,-0.38,66,0,7.3,15.03,0.0,-0.7143,0.6998,19.0,21.7,21.7,station
2024-11-15,19.7,20.9,19.0,21.4,21.6,19.2,20.7,21.5,20.0,20.0,20.52,1.13,0.24,67,0,11.2,15.07,0.0,-0.7021,0.712,18.7,21.7,21.7,station
2024-11-16,22.9,22.4,19.3,24.2,24.2,22.4,22.8,23.4,22.8,24.5,22.6,2.01,-0.58,72,60,15.9,13.92,0.0,-0.6898,0.724,22.8,23.9,23.9,station
2024-11-17,23.8,24.0,23.7,27.0,26.9,22.2,22.9,23.1,26.3,25.1,25.08,1.71,1.16,90,91,14.6,5.51,3.3,-0.6772,0.7358,23.9,24.4,24.4,station
2024-11-18,23.5,22.7,21.9,22.8,22.0,22.8,22.8,22.7,23.6,21.0,22.58,0.65,0.0,73,56,30.4,7.69,26.7,-0.6645,0.7473,22.7,23.3,23.3,station
2024-11-19,20.6,21.5,19.8,20.0,19.6,20.9,20.8,22.8,21.5,18.9,20.3,0.77,-0.68,68,0,16.6,14.27,0.0,-0.6515,0.7586,20.2,23.9,23.9,station
2024-11-20,15.7,16.2,13.6,16.9,15.8,15.9,16.1,17.7,15.5,15.6,15.64,1.23,-0.52,56,0,19.1,14.46,0.0,-0.6384,0.7697,15.6,17.8,17.8,station
2024-11-21,18.1,19.4,17.0,19.7,19.6,18.7,19.6,19.6,19.3,19.2,18.76,1.18,-0.52,64,0,7.5,14.0,0.0,-0.625,0.7806,17.8,21.1,21.1,station
2024-11-22,16.1,16.9,16.3,17.8,19.3,16.2,17.4,18.3,18.5,19.0,17.28,1.31,-0.6,64,14,6.8,13.95,0.0,-0.6115,0.7912,15.8,19.4,19.4,station
2024-11-23,21.0,20.9,18.0,22.1,22.7,20.7,21.6,21.1,21.8,22.1,20.94,1.81,-0.52,64,2,16.0,13.84,0.0,-0.5978,0.8016,20.2,23.3,23.3,station
2024-11-24,25.2,25.1,22.1,25.9,27.2,25.2,24.9,25.1,25.5,27.3,25.1,1.87,-0.5,73,31,21.7,11.25,0.0,-0.584,0.8118,25.2,26.1,26.1,station
2024-11-25,20.7,20.2,17.5,20.3,23.0,20.7,20.5,21.2,20.2,22.9,20.34,1.96,-0.76,70,54,20.4,12.71,0.0,-0.5699,0.8217,20.8,20.6,20.6,station
2024-11-26,14.1,12.9,12.6,15.6,16.6,15.0,13.2,17.0,15.7,17.4,14.36,1.72,-1.3,66,26,12.9,13.35,0.0,-0.5557,0.8314,13.0,15.6,15.6,station
2024-11-27,26.0,23.7,22.2,26.6,27.3,27.1,22.7,25.5,26.2,27.9,25.16,2.14,-0.72,65,81,23.4,12.45,0.0,-0.5413,0.8408,26.8,26.1,26.1,station
2024-11-28,12.2,13.2,10.4,12.2,13.7,11.4,12.9,13.9,12.6,13.2,12.34,1.26,-0.46,56,91,17.9,8.47,0.0,-0.5268,0.85,12.5,11.1,11.1,station
2024-11-29,11.1,10.5,10.2,12.0,11.9,11.7,9.9,12.8,12.6,12.4,11.14,0.81,-0.74,58,31,10.9,13.49,0.0,-0.5121,0.859,10.6,12.2,12.2,station
2024-11-30,14.6,13.2,12.6,14.8,14.7,14.8,13.3,15.5,15.0,14.9,13.98,1.01,-0.72,59,45,9.5,12.87,0.0,-0.4972,0.8676,14.8,15.0,15.0,station
2024-12-01,15.1,14.0,14.3,16.4,16.9,14.9,13.9,15.6,16.1,16.4,15.34,1.27,-0.04,61,0,8.0,13.17,0.0,-0.4822,0.8761,15.4,17.2,17.2,station
2024-12-02,16.1,16.0,15.0,17.4,17.0,15.6,15.8,15.9,16.7,16.1,16.3,0.94,0.28,58,0,6.5,13.01,0.0,-0.4671,0.8842,16.7,18.3,18.3,station
2024-12-03,14.0,12.8,12.0,14.7,16.0,13.4,12.0,16.4,14.1,15.4,13.9,1.57,-0.36,59,14,12.9,12.88,0.0,-0.4518,0.8921,14.3,16.1,16.1,station
2024-12-04,13.0,12.3,12.1,13.9,12.3,11.9,12.3,14.0,15.2,11.4,12.72,0.74,-0.24,84,100,13.0,3.06,8.1,-0.4364,0.8998,13.7,11.7,11.7,station
2024-12-05,12.0,13.1,10.9,13.0,12.6,12.3,13.5,15.4,14.5,12.7,12.32,0.9,-1.36,67,68,14.3,11.41,0.0,-0.4208,0.9071,11.7,13.9,13.9,station
2024-12-06,9.5,9.5,9.0,8.6,10.2,9.2,9.0,11.1,9.6,10.0,9.36,0.6,-0.42,64,37,8.4,12.35,0.1,-0.4052,0.9142,8.9,10.6,10.6,station
2024-12-07,10.9,9.2,8.8,8.7,10.9,11.1,9.1,9.1,8.2,10.3,9.7,1.11,0.14,81,96,10.7,4.59,25.0,-0.3894,0.9211,9.2,8.3,8.3,station
2024-12-08,16.6,11.8,12.9,14.9,13.9,17.0,12.5,17.8,15.1,11.6,14.02,1.85,-0.78,90,63,15.7,7.41,4.1,-0.3735,0.9276,16.2,13.9,13.9,station
2024-12-09,20.6,18.8,17.9,18.6,19.8,19.5,18.9,21.4,19.3,18.3,19.14,1.06,-0.34,80,0,12.5,12.53,0.0,-0.3575,0.9339,19.8,22.2,22.2,station
2024-12-10,11.1,12.1,11.3,12.0,10.8,11.4,11.2,13.2,11.8,10.5,11.46,0.57,-0.16,71,41,21.0,10.44,0.0,-0.3413,0.9399,11.3,11.1,11.1,station
2024-12-11,13.5,13.7,11.9,14.1,14.3,12.6,14.2,15.6,12.9,12.5,13.5,0.95,-0.06,62,6,9.4,12.79,0.0,-0.3251,0.9457,12.4,16.1,16.1,station
2024-12-12,14.5,15.2,12.6,15.6,14.9,13.8,15.1,14.9,14.2,13.8,14.56,1.17,0.2,53,78,19.4,11.76,0.0,-0.3088,0.9511,14.5,16.1,16.1,station
2024-12-13,15.8,15.9,14.5,16.5,16.3,16.0,16.1,15.2,16.8,16.6,15.8,0.78,-0.34,80,99,18.9,4.32,0.7,-0.2924,0.9563,16.3,14.4,14.4,station
2024-12-14,20.7,20.4,18.9,21.9,19.8,21.7,20.6,21.5,22.3,20.5,20.34,1.11,-0.98,77,42,20.8,11.95,4.2,-0.2759,0.9612,20.2,22.8,22.8,station
2024-12-15,23.2,22.0,19.4,24.1,25.0,23.8,22.4,25.0,24.3,24.3,22.74,2.17,-1.22,83,77,17.2,5.26,7.2,-0.2593,0.9658,22.7,24.4,24.4,station
2024-12-16,22.1,22.8,22.5,23.9,23.8,21.6,22.8,22.2,22.2,21.6,23.02,0.8,0.94,89,75,16.2,7.71,17.5,-0.2427,0.9701,22.8,25.0,25.0,station
2024-12-17,22.7,22.3,19.7,21.9,17.4,21.0,21.2,24.1,21.6,19.0,20.8,2.23,-0.58,84,35,11.7,10.88,0.8,-0.226,0.9741,23.4,23.3,23.3,station
2024-12-18,19.1,19.2,17.7,19.0,17.8,17.9,19.2,20.8,19.0,16.9,18.56,0.74,-0.2,70,21,19.6,12.28,1.7,-0.2092,0.9779,19.1,20.0,20.0,station
2024-12-19,14.7,13.8,13.6,15.5,14.1,14.1,13.7,16.1,16.0,14.0,14.34,0.77,-0.44,78,4,8.3,12.46,0.0,-0.1923,0.9813,14.0,16.7,16.7,station
2024-12-20,11.7,12.4,9.3,11.5,11.5,11.6,12.5,12.6,13.6,12.5,11.28,1.17,-1.28,65,0,14.8,12.62,0.0,-0.1754,0.9845,11.6,14.4,14.4,station
2024-12-21,11.3,10.2,10.1,12.0,12.3,11.0,10.3,13.9,11.1,11.2,11.18,1.01,-0.32,71,0,9.0,12.41,0.0,-0.1585,0.9874,10.6,11.7,11.7,station
2024-12-22,14.6,13.7,12.6,13.9,15.7,14.4,13.4,16.2,13.7,15.3,14.1,1.15,-0.5,69,19,16.8,10.91,0.0,-0.1414,0.9899,13.7,16.1,16.1,station
2024-12-23,20.0,19.5,16.6,19.4,20.5,19.1,19.2,18.2,18.4,20.0,19.2,1.52,0.22,78,89,20.3,6.97,0.1,-0.1244,0.9922,19.0,20.0,20.0,station
2024-12-24,17.3,17.9,19.5,18.1,22.6,16.6,18.4,18.0,20.8,21.9,19.08,2.13,-0.06,93,99,16.9,2.38,42.0,-0.1073,0.9942,17.1,18.9,18.9,station
2024-12-25,15.5,13.2,13.2,15.8,14.7,14.4,13.6,16.8,18.0,16.6,14.48,1.24,-1.4,88,98,11.2,5.0,0.1,-0.0902,0.9959,14.6,12.8,12.8,station
2024-12-26,15.1,13.7,14.8,15.2,14.9,15.4,13.8,17.2,18.2,14.5,14.74,0.6,-1.08,93,76,17.0,4.12,22.3,-0.073,0.9973,16.7,15.0,15.0,station
2024-12-27,20.1,18.9,17.4,19.0,17.4,19.9,18.1,20.4,18.8,16.6,18.56,1.16,-0.2,80,58,15.5,11.92,0.0,-0.0559,0.9984,19.6,22.2,22.2,station
2024-12-28,18.8,17.6,20.0,20.6,17.1,19.9,20.2,21.4,18.9,18.3,18.82,1.5,-0.92,84,77,19.4,6.74,2.6,-0.0387,0.9993,19.4,17.8,17.8,station
2024-12-29,19.3,16.0,17.3,20.0,19.0,20.3,16.6,19.0,18.5,18.4,18.32,1.63,-0.24,88,47,10.2,10.87,0.0,-0.0215,0.9998,18.9,18.9,18.9,station
2024-12-30,23.9,23.8,20.8,23.7,22.9,24.2,24.6,25.0,24.7,22.1,23.02,1.3,-1.1,66,13,14.2,12.72,0.0,-0.0043,1.0,23.6,27.2,27.2,station
2024-12-31,13.8,14.6,11.5,14.1,14.4,13.4,14.1,16.6,14.4,14.2,13.68,1.26,-0.86,61,14,15.1,12.57,0.0,0.0129,0.9999,13.8,,,
2025-01-01,9.7,8.3,10.0,11.5,11.6,10.1,8.0,12.0,11.2,13.3,10.22,1.37,-0.7,75,28,10.0,12.58,0.0,0.0172,0.9999,8.7,11.1,11.1,station
2025-01-02,15.3,13.7,13.8,16.1,16.3,15.5,13.1,15.1,16.2,16.7,15.04,1.24,-0.28,80,2,10.1,12.5,0.0,0.0344,0.9994,14.9,15.0,15.0,station
2025-01-03,15.9,14.0,13.6,16.8,16.6,15.3,13.7,15.7,16.2,16.4,15.38,1.49,-0.08,82,18,9.7,12.21,0.0,0.0516,0.9987,14.8,17.8,17.8,station
2025-01-04,17.8,17.7,15.1,17.6,19.0,17.9,16.1,18.6,19.4,19.2,17.44,1.43,-0.8,79,99,19.0,5.75,0.4,0.0688,0.9976,17.9,19.4,19.4,station
2025-01-05,18.3,19.1,17.4,18.3,20.0,18.4,18.4,17.6,18.4,19.2,18.62,0.98,0.22,67,53,30.4,12.61,3.5,0.0859,0.9963,18.3,20.0,20.0,station
2025-01-06,3.0,1.8,2.3,2.5,2.2,3.2,1.7,4.1,2.4,2.3,2.36,0.44,-0.38,54,18,20.7,13.1,0.0,0.103,0.9947,2.4,4.4,4.4,station
2025-01-07,2.5,2.1,3.2,2.4,2.2,1.5,1.0,4.5,0.8,0.5,2.48,0.43,0.82,60,70,11.0,11.39,0.0,0.1201,0.9928,2.4,4.4,4.4,station
2025-01-08,3.5,3.4,4.3,4.1,4.2,3.6,3.2,5.8,3.5,2.9,3.9,0.42,0.1,63,57,11.2,9.46,0.0,0.1372,0.9905,3.1,3.9,3.9,station
2025-01-09,1.1,0.9,1.5,1.5,0.2,0.6,1.0,3.8,1.3,-0.7,1.04,0.54,-0.16,85,95,9.3,2.0,21.6,0.1542,0.988,1.1,2.8,2.8,station
2025-01-10,1.8,3.8,2.6,4.2,2.8,1.8,3.5,1.8,3.1,2.5,3.04,0.96,0.5,91,74,17.3,9.3,3.7,0.1712,0.9852,1.7,3.3,3.3,station
2025-01-11,9.2,10.3,6.5,10.6,8.0,7.3,10.7,2.7,11.4,5.9,8.92,1.7,1.32,71,0,16.5,14.04,0.0,0.1881,0.9821,10.4,12.2,12.2,station
2025-01-12,8.6,10.9,8.8,10.6,10.3,6.2,11.2,9.0,10.6,7.9,9.84,1.06,0.86,70,7,14.6,13.23,0.0,0.205,0.9788,8.8,11.1,11.1,station
2025-01-13,7.9,7.3,9.1,10.7,9.2,6.2,8.1,9.2,9.2,7.5,8.84,1.31,0.8,65,23,13.3,13.68,0.0,0.2218,0.9751,7.9,10.6,10.6,station
2025-01-14,11.9,11.4,10.9,12.9,12.3,10.8,10.1,12.4,12.6,11.1,11.88,0.78,0.48,66,46,5.8,13.3,0.0,0.2385,0.9711,10.3,12.8,12.8,station
2025-01-15,12.6,12.6,13.1,14.2,14.1,12.5,13.7,12.3,14.3,12.3,13.32,0.79,0.3,67,11,5.4,13.35,0.0,0.2552,0.9669,12.9,15.6,15.6,station
2025-01-16,15.5,15.3,14.4,15.8,17.0,15.6,15.6,15.6,16.5,17.3,15.6,0.94,-0.52,72,46,9.1,13.01,0.0,0.2718,0.9624,14.1,17.2,17.2,station
2025-01-17,14.8,15.1,14.0,17.1,18.8,15.2,15.7,18.7,17.6,18.6,15.96,1.96,-1.2,61,56,20.6,7.79,0.1,0.2883,0.9575,15.3,16.7,16.7,station
2025-01-18,13.4,14.4,11.1,13.4,18.7,14.4,14.3,16.7,13.9,17.2,14.2,2.79,-1.1,56,0,23.4,13.86,0.0,0.3047,0.9524,14.5,11.7,11.7,station
2025-01-19,0.5,0.2,0.4,0.9,1.0,1.0,0.8,3.1,0.4,1.0,0.6,0.34,-0.66,51,22,20.4,14.43,0.0,0.3211,0.9471,-0.1,1.7,1.7,station
2025-01-20,1.6,0.5,1.7,-0.0,2.0,1.6,-0.6,3.5,-0.8,2.3,1.16,0.86,-0.04,43,39,11.3,14.23,0.0,0.3373,0.9414,1.1,0.6,0.6,station
2025-01-21,0.6,-0.9,1.5,0.4,0.2,0.4,-0.1,3.5,-0.6,-1.6,0.36,0.86,0.04,49,41,16.8,14.93,0.1,0.3534,0.9355,-1.1,0.0,0.0,station
2025-01-22,7.8,6.9,8.9,8.7,9.9,8.3,7.7,10.9,8.4,9.3,8.44,1.14,-0.48,48,7,16.9,14.7,0.0,0.3695,0.9292,8.5,10.6,10.6,station
2025-01-23,8.7,9.5,8.1,9.5,9.2,7.9,8.9,8.7,8.3,8.6,9.0,0.6,0.52,58,13,11.5,14.74,0.0,0.3854,0.9227,8.5,10.0,10.0,station
2025-01-24,12.7,12.5,11.1,13.4,13.6,12.2,12.4,12.8,12.6,12.4,12.66,0.99,0.18,49,0,17.1,15.12,0.0,0.4012,0.916,12.0,13.9,13.9,station
2025-01-25,15.2,14.6,13.6,15.7,15.5,14.5,15.4,13.2,14.3,14.5,14.92,0.85,0.54,53,68,17.1,13.69,0.0,0.4169,0.9089,16.1,12.8,12.8,station
2025-01-26,10.6,11.9,11.2,12.3,12.5,10.9,12.5,10.0,10.7,12.6,11.7,0.79,0.36,89,98,13.0,3.68,2.0,0.4325,0.9016,11.9,10.0,10.0,station
2025-01-27,10.0,8.6,10.0,10.9,11.3,10.6,9.4,12.1,11.8,12.7,10.16,1.04,-1.16,64,62,12.8,13.03,0.0,0.4479,0.8941,9.2,11.7,11.7,station
2025-01-28,15.6,13.2,12.5,15.4,14.3,16.4,13.4,13.5,13.8,14.7,14.2,1.35,-0.16,71,100,7.2,6.76,0.1,0.4633,0.8862,14.5,14.4,14.4,station
2025-01-29,15.1,15.0,14.8,15.6,16.7,16.5,15.2,16.6,15.8,15.9,15.44,0.76,-0.56,92,100,14.6,3.91,56.3,0.4784,0.8781,16.4,16.1,16.1,station
2025-01-30,19.4,16.8,16.6,20.2,17.8,18.7,16.9,20.0,20.1,19.0,18.16,1.59,-0.78,77,85,16.4,9.89,46.9,0.4935,0.8698,19.0,20.0,20.0,station
2025-01-31,16.3,17.3,14.4,16.3,15.6,16.2,17.2,18.8,18.0,15.7,15.98,1.07,-1.2,58,1,18.5,15.27,0.0,0.5084,0.8611,16.8,18.9,18.9,station
2025-02-01,17.9,18.7,15.8,20.2,18.0,18.7,18.8,19.3,18.6,18.1,18.12,1.59,-0.58,62,0,14.9,15.82,0.0,0.5231,0.8523,18.1,21.1,21.1,station
2025-02-02,22.0,23.5,20.8,24.7,25.3,21.7,23.7,23.1,23.3,22.8,23.26,1.87,0.34,59,1,16.9,15.76,0.0,0.5377,0.8432,21.6,25.0,25.0,station
2025-02-03,24.9,25.7,23.0,27.7,28.7,24.4,26.5,25.4,27.0,29.4,26.0,2.26,-0.54,74,0,15.7,15.58,0.0,0.5521,0.8338,24.9,27.2,27.2,station
2025-02-04,23.9,20.1,20.0,25.0,29.2,25.1,20.9,22.9,28.0,29.8,23.64,3.83,-1.7,88,42,10.7,13.22,0.0,0.5664,0.8242,21.1,19.4,19.4,station
2025-02-05,24.7,22.4,20.2,25.6,28.2,24.6,23.7,24.4,27.4,29.2,24.22,3.06,-1.64,88,80,16.2,6.26,0.1,0.5805,0.8143,22.2,23.3,23.3,station
2025-02-06,26.9,25.2,22.1,25.9,28.6,26.6,25.3,28.1,27.4,29.9,25.74,2.4,-1.72,83,14,15.8,15.12,0.1,0.5944,0.8042,26.6,28.3,28.3,station
2025-02-07,24.3,23.3,20.2,25.5,28.1,25.8,20.6,27.1,24.6,27.9,24.28,2.9,-0.92,86,54,16.2,6.62,0.0,0.6081,0.7938,22.6,25.0,25.0,station
2025-02-08,27.9,25.6,26.6,27.2,29.7,27.5,26.0,29.0,27.7,30.3,27.4,1.54,-0.7,77,20,18.5,14.72,0.0,0.6217,0.7833,26.9,30.0,30.0,station
2025-02-09,11.6,12.4,8.8,11.4,15.3,12.5,12.2,15.2,12.9,16.7,11.9,2.33,-2.0,76,93,13.3,3.92,0.3,0.6351,0.7725,12.9,10.0,10.0,station
2025-02-10,9.5,8.1,7.0,9.2,10.6,13.4,7.9,11.4,11.3,13.8,8.88,1.38,-2.68,88,100,10.4,3.48,9.4,0.6483,0.7614,8.4,6.7,6.7,station
2025-02-11,12.0,6.7,9.2,7.9,10.2,13.2,6.1,10.9,11.0,11.8,9.2,2.05,-1.4,88,100,10.8,7.33,10.4,0.6613,0.7502,9.3,7.8,7.8,station
2025-02-12,11.7,5.9,8.6,10.2,10.2,15.3,5.5,15.1,10.7,16.3,9.32,2.2,-3.26,83,90,17.7,7.53,4.6,0.6741,0.7387,8.8,7.2,7.2,station
2025-02-13,4.8,3.2,1.9,3.3,2.9,5.0,3.2,7.2,4.3,3.6,3.22,1.04,-1.44,67,79,17.3,15.92,0.0,0.6867,0.727,3.5,3.3,3.3,station
2025-02-14,11.7,9.2,8.1,10.0,10.6,14.5,9.8,12.2,10.7,12.7,9.92,1.37,-2.06,78,80,15.9,9.85,0.7,0.6991,0.715,11.3,11.7,11.7,station
2025-02-15,21.8,17.0,19.7,22.5,21.9,22.2,16.1,23.2,20.3,21.4,20.58,2.26,-0.06,84,66,22.6,8.85,0.5,0.7113,0.7029,20.8,22.2,22.2,station
2025-02-16,5.8,6.0,6.8,6.8,6.0,6.2,5.8,8.5,6.8,6.2,6.28,0.48,-0.42,65,15,22.0,17.72,0.0,0.7233,0.6906,6.2,7.8,7.8,station
2025-02-17,11.1,11.8,10.1,10.7,12.6,11.8,12.2,14.3,12.7,13.5,11.26,0.97,-1.64,68,67,15.4,17.86,0.0,0.735,0.678,11.2,12.8,12.8,station
2025-02-18,11.3,10.2,7.3,10.1,10.5,13.0,10.1,10.8,9.1,11.5,9.88,1.52,-1.02,85,99,23.1,3.68,5.6,0.7466,0.6653,10.8,11.1,11.1,station
2025-02-19,-1.0,-4.8,-1.7,-2.6,-2.0,-0.3,-5.1,2.5,-1.8,-1.5,-2.42,1.45,-1.18,56,86,22.1,11.22,0.0,0.7579,0.6523,-2.4,-2.8,-2.8,station
2025-02-20,-0.6,-2.0,-2.1,-2.1,-1.0,-1.0,-2.4,1.2,-1.6,-0.7,-1.56,0.71,-0.66,48,27,16.8,18.41,0.0,0.769,0.6392,-0.8,0.0,0.0,station
2025-02-21,3.1,1.2,1.2,0.5,2.1,1.6,2.4,3.9,0.4,1.7,1.62,1.0,-0.38,52,77,8.9,6.28,0.0,0.7799,0.6259,-0.4,0.6,0.6,station
2025-02-22,7.9,10.0,9.0,8.9,8.6,9.1,10.3,12.3,8.8,8.4,8.88,0.76,-0.9,61,54,6.0,18.44,0.0,0.7906,0.6124,7.8,10.6,10.6,station
2025-02-23,14.1,13.7,14.4,14.6,15.4,16.0,13.0,15.9,15.0,16.9,14.44,0.63,-0.92,79,50,7.6,17.63,14.5,0.801,0.5987,14.9,16.7,16.7,station
2025-02-24,20.2,18.8,17.2,20.0,21.3,20.5,16.5,20.8,21.3,21.4,19.5,1.56,-0.6,83,9,10.2,18.59,0.0,0.8112,0.5848,19.5,21.1,21.1,station
2025-02-25,21.7,23.0,17.7,22.3,23.5,22.3,22.3,22.4,21.5,23.8,21.64,2.31,-0.82,77,0,15.1,19.05,0.0,0.8211,0.5708,21.5,25.0,25.0,station
2025-02-26,23.3,23.3,22.9,25.4,26.8,22.2,22.9,25.6,24.0,26.0,24.34,1.69,0.2,72,25,18.6,18.73,0.0,0.8308,0.5566,23.6,26.7,26.7,station
2025-02-27,19.1,20.7,18.3,21.2,20.5,18.5,20.0,20.6,21.1,20.7,19.96,1.21,-0.22,51,55,17.8,19.07,0.4,0.8402,0.5422,19.7,21.7,21.7,station
2025-02-28,21.6,23.3,20.2,22.9,23.4,20.9,23.0,22.3,23.5,22.4,22.28,1.37,-0.14,57,18,11.1,19.79,0.0,0.8495,0.5277,21.7,23.3,23.3,station
2025-03-01,21.9,23.2,20.9,23.7,26.1,21.3,22.1,24.1,23.6,25.3,23.16,1.98,-0.12,51,0,12.8,19.86,0.0,0.8584,0.513,23.1,26.1,26.1,station
2025-03-02,21.1,22.1,20.3,23.4,25.0,21.8,22.4,23.3,23.0,25.9,22.38,1.87,-0.9,50,52,21.3,17.99,10.0,0.8671,0.4981,22.8,24.4,24.4,station
2025-03-03,20.7,21.6,20.2,26.6,22.2,23.6,22.6,22.9,27.3,25.7,22.26,2.55,-2.16,80,91,21.8,8.18,0.3,0.8755,0.4831,23.7,20.6,20.6,station
2025-03-04,20.2,21.2,18.8,21.2,21.0,20.2,21.4,22.6,21.1,21.2,20.48,1.03,-0.82,62,58,37.0,17.83,5.4,0.8837,0.468,20.5,21.7,21.7,station
2025-03-05,15.1,16.1,11.9,14.9,15.4,15.3,16.3,15.8,14.9,14.3,14.68,1.62,-0.64,50,2,24.5,21.32,0.0,0.8916,0.4527,14.6,16.7,16.7,station
2025-03-06,17.5,18.9,16.5,18.5,17.6,17.8,19.3,19.0,17.9,18.4,17.8,0.94,-0.68,56,87,18.5,17.05,0.0,0.8993,0.4373,17.0,18.3,18.3,station
2025-03-07,24.9,26.0,25.3,26.5,28.4,25.3,26.6,28.2,25.2,26.9,26.22,1.37,-0.22,65,49,20.6,17.66,0.0,0.9067,0.4218,26.1,27.2,27.2,station
2025-03-08,17.3,18.1,15.5,16.8,16.0,16.0,17.8,19.2,16.9,14.2,16.74,1.03,-0.08,73,87,18.4,6.74,10.4,0.9138,0.4061,16.9,17.2,17.2,station
2025-03-09,12.8,14.4,12.4,13.8,12.4,13.0,13.5,10.6,15.1,12.2,13.16,0.9,0.28,79,79,18.0,8.02,2.4,0.9207,0.3904,13.0,13.9,13.9,station
2025-03-10,20.7,22.3,19.8,20.3,21.8,20.4,22.3,21.7,21.4,20.9,20.98,1.04,-0.36,64,0,9.6,21.83,0.0,0.9272,0.3745,20.8,22.8,22.8,station
2025-03-11,23.5,25.3,22.2,25.2,26.1,23.2,25.4,24.5,22.9,25.4,24.46,1.58,0.18,49,0,19.1,22.07,0.0,0.9335,0.3585,24.2,26.7,26.7,station
2025-03-12,25.9,24.5,24.4,27.1,28.4,25.4,24.1,26.8,28.3,28.6,26.06,1.72,-0.58,57,18,18.3,19.14,0.0,0.9396,0.3424,29.1,28.3,28.3,station
2025-03-13,27.6,27.5,27.8,30.1,30.0,26.7,27.1,26.3,29.6,30.3,28.6,1.33,0.6,31,45,16.5,21.16,0.0,0.9453,0.3261,30.9,30.0,30.0,station
2025-03-14,27.7,28.3,21.7,27.4,27.6,28.2,28.3,25.9,26.0,26.7,26.54,2.73,-0.48,37,36,30.1,21.56,0.0,0.9508,0.3098,30.9,30.6,30.6,station
2025-03-15,23.5,20.5,20.1,22.2,22.6,22.5,20.3,20.9,20.9,21.9,21.78,1.44,0.48,25,70,25.6,20.03,0.9,0.956,0.2934,21.1,21.7,21.7,station
2025-03-16,20.6,20.4,18.1,20.7,20.4,20.3,20.2,20.0,20.9,19.8,20.04,1.09,-0.2,28,1,12.7,22.89,0.0,0.9609,0.2769,20.9,21.1,21.1,station
2025-03-17,26.7,27.3,22.4,27.8,26.6,27.6,27.3,25.5,28.2,26.1,26.16,2.16,-0.78,30,26,23.9,22.91,0.0,0.9655,0.2604,28.1,27.8,27.8,station
2025-03-18,27.8,27.3,23.3,27.5,29.0,27.6,27.2,26.1,27.4,29.1,26.98,2.16,-0.5,46,72,30.6,21.83,0.0,0.9698,0.2437,28.3,27.2,27.2,station
2025-03-19,20.2,20.9,17.0,19.3,22.9,20.4,20.9,20.6,19.3,23.2,20.06,2.16,-0.82,33,14,32.6,23.21,0.0,0.9739,0.227,21.0,20.6,20.6,station
2025-03-20,18.4,17.8,16.0,17.7,17.9,18.0,18.0,18.7,18.4,18.1,17.56,0.91,-0.68,33,0,21.4,23.57,0.0,0.9777,0.2102,17.0,17.8,17.8,station
2025-03-21,22.7,24.7,20.1,25.0,24.3,23.4,24.7,24.6,26.3,24.1,23.36,2.03,-1.26,35,0,22.8,23.44,0.0,0.9811,0.1934,24.4,24.4,24.4,station
2025-03-22,27.3,27.6,23.7,28.4,28.4,26.9,27.6,27.1,28.6,28.8,27.08,1.95,-0.72,50,0,24.5,22.81,0.0,0.9843,0.1765,27.6,26.7,26.7,station
2025-03-23,28.9,28.1,24.8,27.6,30.2,30.2,28.0,29.4,28.3,30.7,27.92,2.0,-1.4,51,10,25.4,21.34,0.0,0.9872,0.1595,29.4,27.8,27.8,station
2025-03-24,25.4,26.7,24.3,27.2,25.9,25.9,27.1,26.1,27.8,26.7,25.9,1.13,-0.82,28,9,10.2,23.84,0.0,0.9898,0.1425,26.4,27.2,27.2,station
2025-03-25,31.5,31.6,29.4,31.4,33.0,32.2,31.0,31.0,31.7,32.0,31.38,1.29,-0.2,44,30,12.8,21.69,1.4,0.9921,0.1255,31.7,31.1,31.1,station
2025-03-26,26.8,25.8,22.3,27.5,28.6,26.1,25.7,27.9,28.4,29.8,26.2,2.41,-1.38,55,64,18.8,19.84,0.9,0.9941,0.1084,27.0,27.2,27.2,station
2025-03-27,25.5,24.9,25.1,25.9,27.0,23.4,24.1,22.9,27.1,24.6,25.68,0.83,1.26,67,100,21.8,18.92,1.2,0.9958,0.0913,27.0,25.6,25.6,station
2025-03-28,21.2,20.1,19.9,20.7,19.2,24.1,20.8,18.4,20.8,23.9,20.22,0.77,-1.38,85,91,17.2,11.96,14.0,0.9972,0.0741,21.3,22.2,22.2,station
2025-03-29,26.0,26.4,23.9,27.1,25.8,26.1,26.3,28.9,29.3,26.1,25.84,1.19,-1.5,81,61,19.8,19.66,0.2,0.9984,0.057,27.0,27.8,27.8,station
2025-03-30,30.6,27.7,27.3,31.4,29.8,26.1,26.5,30.9,29.8,29.5,29.36,1.8,0.8,73,44,20.1,20.31,1.3,0.9992,0.0398,29.6,27.8,27.8,station
2025-03-31,20.0,21.0,19.3,21.6,21.6,20.5,20.2,21.4,21.6,22.0,20.7,1.02,-0.44,68,0,13.0,24.27,0.0,0.9997,0.0226,20.4,22.2,22.2,station
2025-04-01,27.3,25.9,22.8,28.5,30.4,26.7,25.2,27.0,28.6,29.9,26.98,2.86,-0.5,73,61,28.7,19.37,0.2,1.0,0.0054,28.0,26.1,26.1,station
2025-04-02,27.9,25.7,27.0,28.5,29.4,28.0,25.7,28.6,29.1,28.4,27.7,1.42,-0.26,67,58,27.3,16.84,1.7,0.9999,-0.0118,27.3,26.1,26.1,station
2025-04-03,22.2,20.8,20.9,23.6,20.9,26.2,21.7,24.0,25.5,21.5,21.68,1.22,-2.1,83,98,22.7,11.15,38.3,0.9996,-0.029,20.8,21.1,21.1,station
2025-04-04,22.1,17.4,19.6,20.0,20.0,20.9,17.5,18.1,20.5,23.9,19.82,1.67,-0.36,91,98,14.5,6.65,65.1,0.9989,-0.0462,17.9,15.0,15.0,station
2025-04-05,15.2,14.6,14.4,15.2,16.8,17.1,14.7,15.0,16.6,17.6,15.24,0.94,-0.96,83,100,21.3,9.78,29.6,0.998,-0.0634,14.5,13.9,13.9,station
2025-04-06,10.9,11.3,7.7,10.1,9.2,12.7,12.4,8.9,11.1,8.9,9.84,1.44,-0.96,75,100,19.4,8.86,0.5,0.9968,-0.0805,9.8,8.3,8.3,station
2025-04-07,16.3,19.6,15.8,16.7,17.0,16.3,20.0,17.6,16.0,16.2,17.08,1.48,-0.14,63,5,10.1,25.95,0.0,0.9952,-0.0977,16.5,18.9,18.9,station
2025-04-08,20.9,23.9,19.6,22.3,23.1,20.5,23.9,21.9,20.4,22.1,21.96,1.72,0.2,59,0,11.6,25.8,0.0,0.9934,-0.1148,21.3,23.9,23.9,station
2025-04-09,25.2,27.5,23.6,27.8,29.7,24.5,27.1,27.2,26.7,29.2,26.76,2.38,-0.18,57,0,20.2,25.47,0.0,0.9913,-0.1319,25.9,27.8,27.8,station
2025-04-10,26.2,28.3,26.7,29.2,29.6,26.7,27.2,28.1,28.3,29.4,28.0,1.5,0.06,64,2,10.2,24.92,0.0,0.9889,-0.1489,26.1,28.9,28.9,station
2025-04-11,25.6,27.2,24.0,27.3,25.8,23.8,26.8,24.6,26.7,26.2,25.98,1.35,0.36,50,0,9.5,26.04,0.0,0.9861,-0.1659,25.4,27.2,27.2,station
2025-04-12,25.8,28.8,24.2,28.8,29.2,24.6,28.8,26.6,28.3,29.1,27.36,2.23,-0.12,50,1,20.4,25.45,0.0,0.9831,-0.1828,27.5,28.3,28.3,station
2025-04-13,33.1,33.0,27.6,33.1,32.6,32.2,32.5,31.8,33.3,32.6,31.88,2.4,-0.6,44,0,26.1,25.96,0.0,0.9799,-0.1997,33.4,32.8,32.8,station
2025-04-14,32.0,29.5,28.5,32.1,33.6,30.8,29.9,29.4,29.5,33.3,31.14,2.08,0.56,48,43,21.5,25.17,0.0,0.9763,-0.2165,32.8,30.0,30.0,station
2025-04-15,23.8,24.2,22.2,24.1,23.2,23.9,24.6,25.1,24.7,24.7,23.5,0.82,-1.1,31,24,18.5,26.31,0.0,0.9724,-0.2333,23.9,23.3,23.3,station
2025-04-16,28.8,28.6,25.4,29.2,29.2,28.1,28.9,27.7,28.5,29.2,28.24,1.61,-0.24,48,13,21.4,24.28,0.0,0.9683,-0.25,29.0,27.2,27.2,station
2025-04-17,30.8,29.6,26.7,29.8,29.8,30.9,30.1,32.4,30.2,29.4,29.34,1.55,-1.26,58,39,25.3,24.63,0.0,0.9638,-0.2666,31.6,28.3,28.3,station
2025-04-18,32.0,28.8,26.5,29.7,30.6,32.0,28.2,30.7,29.1,29.6,29.52,2.06,-0.4,60,80,27.5,14.97,0.2,0.9591,-0.2831,32.3,30.0,30.0,station
2025-04-19,25.6,25.7,23.5,26.3,24.9,26.4,25.6,27.1,26.9,27.4,25.2,1.07,-1.48,77,98,23.0,13.64,18.3,0.9541,-0.2996,26.0,25.0,25.0,station
2025-04-20,23.6,22.7,21.7,24.2,21.6,24.0,22.3,25.3,23.5,24.7,22.76,1.15,-1.2,74,48,25.7,23.36,6.3,0.9488,-0.316,23.7,25.6,25.6,station
2025-04-21,24.2,26.6,24.5,26.1,25.2,24.2,27.1,27.2,25.2,25.1,25.32,1.02,-0.44,71,5,8.5,26.77,0.0,0.9432,-0.3322,24.5,27.2,27.2,station
2025-04-22,27.8,29.8,27.4,29.9,29.5,27.2,29.5,30.5,29.2,28.4,28.88,1.19,-0.08,68,29,10.5,24.66,0.0,0.9373,-0.3484,28.6,30.0,30.0,station
2025-04-23,26.4,23.6,25.9,26.1,27.2,25.2,24.4,28.1,27.5,27.1,25.84,1.35,-0.62,82,76,15.1,15.61,4.5,0.9312,-0.3645,25.5,27.2,27.2,station
2025-04-24,25.1,23.5,24.5,28.5,29.4,22.4,26.9,25.9,27.2,27.9,26.2,2.59,0.14,92,81,20.6,10.0,16.9,0.9248,-0.3804,23.7,21.1,21.1,station
2025-04-25,27.4,27.2,27.2,29.2,27.7,28.0,27.8,28.0,31.0,30.6,27.74,0.84,-1.34,84,60,13.1,18.26,0.8,0.9181,-0.3963,26.8,26.7,26.7,station
2025-04-26,27.4,28.8,25.9,27.2,28.0,27.4,27.8,29.1,27.5,27.8,27.46,1.07,-0.46,77,62,18.6,22.71,0.1,0.9112,-0.412,27.9,28.3,28.3,station
2025-04-27,27.5,28.7,26.2,28.5,30.2,27.6,29.1,27.5,29.1,31.0,28.22,1.49,-0.64,75,53,19.9,17.24,0.0,0.9039,-0.4276,28.1,27.2,27.2,station
2025-04-28,29.3,27.8,26.3,27.8,29.3,28.6,27.8,29.0,28.5,29.0,28.1,1.25,-0.48,76,91,27.1,13.29,0.0,0.8965,-0.4431,27.0,27.2,27.2,station
2025-04-29,29.4,27.9,25.9,29.8,29.2,30.1,27.5,30.2,29.0,30.3,28.44,1.59,-0.98,74,95,23.3,18.35,3.7,0.8887,-0.4585,29.5,28.3,28.3,station
2025-04-30,23.0,22.9,22.5,24.4,24.8,22.5,23.6,26.7,23.1,25.2,23.52,1.01,-0.7,88,98,23.3,6.8,14.3,0.8807,-0.4737,22.8,23.3,23.3,station
2025-05-01,30.0,28.8,26.6,30.1,28.7,28.2,28.0,32.2,30.2,28.5,28.84,1.41,-0.58,84,50,16.4,18.69,0.1,0.8724,-0.4888,27.7,25.0,25.0,station
2025-05-02,22.0,22.7,21.7,23.5,22.8,24.0,22.8,26.0,24.1,24.3,22.54,0.71,-1.7,78,60,14.3,20.49,9.9,0.8639,-0.5037,24.7,21.7,21.7,station
2025-05-03,22.2,23.6,20.9,22.2,21.3,22.0,24.5,24.0,22.6,20.8,22.04,1.04,-0.74,67,1,12.3,28.27,0.0,0.8551,-0.5185,21.8,22.8,22.8,station
2025-05-04,23.2,25.9,21.9,23.8,23.7,22.4,25.5,24.1,22.9,23.0,23.7,1.44,0.12,65,24,6.3,27.83,0.0,0.846,-0.5331,23.2,25.0,25.0,station
2025-05-05,22.8,23.4,22.8,23.0,22.7,22.7,23.2,25.6,24.4,20.8,22.94,0.28,-0.4,67,59,15.1,20.79,2.0,0.8367,-0.5476,24.2,21.1,21.1,station
2025-05-06,20.2,19.7,21.9,22.3,22.1,22.9,19.9,20.3,22.9,22.1,21.24,1.2,-0.38,88,75,20.1,8.31,52.9,0.8272,-0.5619,24.3,20.0,20.0,station
2025-05-07,25.5,26.3,23.9,25.6,25.8,26.4,25.9,26.1,28.7,26.4,25.42,0.9,-1.28,79,45,11.7,23.53,0.1,0.8174,-0.5761,25.1,25.6,25.6,station
2025-05-08,24.3,24.7,22.4,23.2,24.1,23.8,25.5,26.1,24.1,24.8,23.74,0.93,-1.12,74,51,12.5,25.19,0.0,0.8074,-0.59,24.5,25.0,25.0,station
2025-05-09,23.5,25.4,22.2,24.2,24.0,22.5,25.8,23.1,22.2,24.2,23.86,1.16,0.3,73,37,18.3,24.06,0.7,0.7971,-0.6038,24.4,25.0,25.0,station
2025-05-10,24.4,26.0,23.7,25.8,24.5,24.2,26.4,25.7,25.7,24.6,24.88,0.98,-0.44,65,43,16.5,23.99,0.1,0.7866,-0.6175,25.6,26.1,26.1,station
2025-05-11,24.9,25.4,22.9,24.8,23.3,24.9,26.1,21.9,25.7,22.1,24.26,1.09,0.12,57,78,19.2,23.95,0.0,0.7759,-0.6309,25.1,25.0,25.0,station
2025-05-12,28.3,29.3,25.9,28.6,27.2,28.4,29.1,28.3,28.8,26.8,27.86,1.33,-0.42,63,1,7.8,27.6,0.0,0.7649,-0.6442,28.7,28.3,28.3,station
2025-05-13,36.5,35.8,29.8,35.3,34.3,35.7,35.6,35.4,35.5,34.4,34.34,2.66,-0.98,52,11,21.6,27.94,0.0,0.7537,-0.6572,38.1,33.9,33.9,station
2025-05-14,41.1,39.2,35.3,39.9,37.0,42.0,39.5,39.6,40.3,37.5,38.5,2.33,-1.28,52,43,18.0,27.71,0.0,0.7423,-0.6701,39.0,34.4,34.4,station
2025-05-15,35.1,30.9,30.9,29.4,30.6,38.1,32.6,33.4,32.5,31.9,31.38,2.17,-2.32,62,94,16.0,20.26,0.1,0.7306,-0.6828,31.6,32.2,32.2,station
2025-05-16,32.1,31.3,32.0,30.4,31.9,36.4,31.9,36.2,32.0,32.6,31.54,0.71,-2.28,76,99,22.1,19.93,4.2,0.7188,-0.6952,31.0,30.6,30.6,station
2025-05-17,29.9,30.1,28.3,32.1,32.1,32.8,30.0,37.1,30.6,31.1,30.5,1.62,-1.82,84,80,19.3,18.38,5.3,0.7067,-0.7075,30.5,32.2,32.2,station
2025-05-18,29.9,29.2,28.6,31.7,30.0,31.1,29.8,33.2,31.6,31.9,29.88,1.16,-1.64,87,95,21.5,14.12,54.0,0.6945,-0.7195,27.5,30.0,30.0,station
2025-05-19,25.4,27.2,29.3,31.1,28.5,25.8,26.5,31.6,30.8,28.2,28.3,2.15,-0.28,84,75,25.9,13.38,29.7,0.682,-0.7314,27.9,29.4,29.4,station
2025-05-20,27.0,29.8,24.6,29.0,26.1,26.9,28.7,28.0,29.0,26.3,27.3,2.12,-0.48,64,4,17.4,29.24,0.0,0.6693,-0.743,27.1,28.9,28.9,station
2025-05-21,30.1,32.0,27.5,32.6,28.8,29.7,31.7,31.6,31.7,28.7,30.2,2.14,-0.48,54,63,12.4,26.11,0.0,0.6564,-0.7544,30.3,31.7,31.7,station
2025-05-22,31.4,31.1,29.6,33.1,34.2,30.8,30.8,35.7,35.1,31.8,31.88,1.8,-0.96,66,43,14.0,21.57,0.1,0.6433,-0.7656,31.3,31.1,31.1,station
2025-05-23,33.2,32.7,30.1,33.3,33.0,33.5,32.5,34.5,34.1,33.7,32.46,1.34,-1.2,60,12,17.4,28.36,0.3,0.6301,-0.7765,34.2,33.9,33.9,station
2025-05-24,35.8,34.8,30.2,36.1,34.3,35.6,33.6,36.2,34.9,33.9,34.24,2.37,-0.6,59,72,23.3,23.08,0.1,0.6166,-0.7873,35.6,33.3,33.3,station
2025-05-25,35.7,33.4,30.7,36.0,34.8,35.6,33.4,37.5,36.4,35.1,34.12,2.16,-1.48,65,57,24.1,23.43,8.9,0.603,-0.7978,35.4,35.0,35.0,station
2025-05-26,27.5,24.8,25.1,30.0,29.4,31.5,24.7,28.8,28.5,29.6,27.36,2.39,-1.26,84,95,18.2,14.7,2.8,0.5892,-0.808,27.2,28.3,28.3,station
2025-05-27,27.7,27.2,27.0,27.4,26.6,27.7,28.2,28.1,28.7,26.2,27.18,0.41,-0.6,80,56,10.5,23.95,0.6,0.5752,-0.818,27.6,28.9,28.9,station
2025-05-28,26.8,26.7,27.2,26.2,24.9,25.3,27.1,28.3,27.7,24.9,26.36,0.89,-0.3,83,91,11.2,16.68,5.3,0.561,-0.8278,25.8,26.1,26.1,station
2025-05-29,29.0,28.6,29.0,31.4,29.2,29.5,28.4,31.5,31.0,26.3,29.44,1.12,0.1,84,82,8.6,18.47,2.2,0.5467,-0.8373,28.4,31.1,31.1,station
2025-05-30,27.0,26.5,25.6,27.8,25.2,26.0,26.6,28.1,27.8,24.1,26.42,1.05,-0.1,75,65,13.1,25.35,8.7,0.5322,-0.8466,26.6,28.3,28.3,station
2025-05-31,28.4,30.5,28.1,30.7,30.1,29.0,30.5,31.1,30.0,29.1,29.56,1.22,-0.38,64,2,6.9,29.14,0.0,0.5176,-0.8556,28.4,30.6,30.6,station
2025-06-01,29.2,28.9,29.2,31.8,29.8,29.2,29.5,35.9,31.8,30.4,29.78,1.18,-1.58,79,40,18.1,20.19,12.0,0.5028,-0.8644,28.5,31.1,31.1,station
2025-06-02,30.9,32.8,30.9,33.1,31.9,31.1,32.2,32.6,33.8,31.4,31.92,1.03,-0.3,78,39,17.4,23.5,0.8,0.4878,-0.8729,31.8,33.9,33.9,station
2025-06-03,31.0,30.0,29.5,33.6,32.4,29.5,29.3,32.0,32.7,31.8,31.3,1.7,0.24,76,61,24.2,21.98,8.1,0.4728,-0.8812,30.7,31.7,31.7,station
2025-06-04,27.1,25.8,26.0,28.4,26.2,27.3,26.5,27.9,29.2,26.7,26.7,1.07,-0.82,84,83,12.6,16.4,21.4,0.4575,-0.8892,25.4,27.2,27.2,station
2025-06-05,29.7,30.6,29.6,30.8,28.5,29.2,29.5,31.6,32.0,30.4,29.84,0.92,-0.7,85,82,13.3,17.83,9.7,0.4422,-0.8969,30.2,32.2,32.2,station
2025-06-06,31.7,31.8,30.8,34.2,33.8,31.7,31.8,33.6,34.5,32.3,32.46,1.47,-0.32,75,46,14.6,26.57,0.0,0.4267,-0.9044,32.2,33.3,33.3,station
2025-06-07,32.8,32.8,29.7,35.6,34.6,32.6,33.2,35.1,35.6,35.2,33.1,2.25,-1.24,74,29,16.4,24.57,1.4,0.4111,-0.9116,33.0,33.9,33.9,station
2025-06-08,32.7,31.1,33.1,36.3,34.4,33.5,32.3,36.9,36.6,33.6,33.52,1.95,-1.06,78,50,16.8,24.0,26.1,0.3953,-0.9185,32.2,34.4,34.4,station
2025-06-09,28.5,30.1,28.5,31.6,28.1,29.1,30.2,30.1,30.5,27.9,29.36,1.47,-0.2,76,63,18.1,24.0,31.2,0.3795,-0.9252,30.5,32.2,32.2,station
2025-06-10,31.1,29.0,29.1,33.7,33.1,28.2,27.9,32.0,33.0,31.0,31.2,2.19,0.78,84,86,10.7,13.53,0.2,0.3635,-0.9316,28.7,27.2,27.2,station
2025-06-11,26.1,24.2,26.9,26.8,26.2,27.3,24.0,27.9,26.7,30.5,26.04,1.09,-1.24,93,100,14.6,6.66,25.0,0.3474,-0.9377,23.8,23.9,23.9,station
2025-06-12,28.1,27.3,26.6,27.8,26.4,27.2,27.9,27.5,26.8,25.3,27.24,0.74,0.3,85,74,12.8,18.33,6.2,0.3312,-0.9436,27.6,27.2,27.2,station
2025-06-13,31.0,31.6,29.1,34.2,31.7,31.0,31.4,35.1,33.7,31.8,31.52,1.83,-1.08,82,57,13.0,25.52,0.0,0.3149,-0.9491,31.2,32.8,32.8,station
2025-06-14,30.9,28.2,30.8,34.1,34.7,31.4,29.0,35.3,34.9,33.5,31.74,2.67,-1.08,82,86,13.6,20.56,6.4,0.2986,-0.9544,31.4,33.9,33.9,station
2025-06-15,31.1,30.2,28.4,34.6,35.5,31.0,27.8,33.2,34.1,35.7,31.96,3.0,-0.4,84,63,13.2,14.16,14.6,0.2821,-0.9594,29.3,28.3,28.3,station
2025-06-16,33.0,33.6,31.5,33.9,33.3,32.8,32.7,36.0,35.0,34.6,33.06,0.93,-1.16,76,31,11.6,28.36,0.4,0.2656,-0.9641,33.5,35.0,35.0,station
2025-06-17,32.9,33.7,30.5,34.4,33.7,32.8,33.5,35.1,33.2,33.5,33.04,1.52,-0.58,66,2,24.5,29.02,0.0,0.2489,-0.9685,34.6,33.3,33.3,station
2025-06-18,34.6,34.2,30.2,35.2,33.7,33.7,33.7,35.5,34.7,33.6,33.58,1.97,-0.66,62,43,21.0,24.12,1.7,0.2322,-0.9727,35.9,33.3,33.3,station
2025-06-19,35.2,34.9,31.8,35.0,34.5,34.7,34.8,35.9,35.5,33.4,34.28,1.41,-0.58,66,49,18.1,25.42,2.5,0.2155,-0.9765,34.9,34.4,34.4,station
2025-06-20,35.3,35.1,31.3,35.4,34.8,35.6,34.9,36.3,35.3,34.9,34.38,1.74,-1.02,60,7,20.2,26.97,0.2,0.1986,-0.9801,36.8,34.4,34.4,station
2025-06-21,35.5,34.2,31.4,34.6,34.4,35.2,34.2,36.2,35.2,34.7,34.02,1.55,-1.08,59,11,23.3,26.03,0.1,0.1818,-0.9833,35.6,33.9,33.9,station
2025-06-22,34.9,34.3,33.2,35.0,34.1,35.7,34.3,35.6,35.0,34.1,34.3,0.72,-0.64,61,11,21.2,26.43,0.0,0.1648,-0.9863,34.8,33.9,33.9,station
2025-06-23,34.8,33.8,33.1,34.3,34.5,34.8,34.0,36.2,34.4,34.5,34.1,0.67,-0.68,62,23,16.0,26.88,0.0,0.1478,-0.989,35.3,33.9,33.9,station
2025-06-24,35.0,33.7,33.1,34.6,33.6,35.6,33.7,35.7,34.5,34.2,34.0,0.78,-0.74,62,7,15.5,27.08,0.0,0.1308,-0.9914,35.0,33.9,33.9,station
2025-06-25,33.2,31.8,30.2,32.4,32.4,34.0,32.4,35.9,32.2,32.4,32.0,1.12,-1.38,69,34,14.0,25.15,2.7,0.1137,-0.9935,33.5,32.2,32.2,station
2025-06-26,33.0,32.4,31.2,33.7,32.6,34.1,32.4,36.5,33.7,33.5,32.58,0.92,-1.46,69,56,13.3,24.99,2.0,0.0966,-0.9953,34.0,32.8,32.8,station
2025-06-27,34.5,33.6,31.3,34.9,34.1,34.5,33.8,35.7,35.9,34.4,33.68,1.41,-1.18,63,71,14.4,27.01,0.0,0.0795,-0.9968,35.0,33.3,33.3,station
2025-06-28,35.4,34.8,34.0,36.4,35.1,35.9,34.9,36.6,36.9,35.0,35.14,0.88,-0.72,58,39,15.0,27.45,0.0,0.0623,-0.9981,36.0,33.9,33.9,station
2025-06-29,35.5,35.2,34.4,36.3,35.1,35.6,35.3,37.1,37.3,35.7,35.3,0.69,-0.9,53,8,16.1,28.04,0.0,0.0451,-0.999,36.1,34.4,34.4,station
2025-06-30,36.0,34.8,35.1,36.1,35.2,36.5,34.8,37.4,36.9,35.9,35.44,0.58,-0.86,62,25,17.8,27.21,23.5,0.028,-0.9996,37.3,34.4,34.4,station
2025-07-01,32.2,32.0,34.0,33.3,33.5,34.4,33.3,37.9,34.5,36.0,33.0,0.86,-2.22,73,83,8.1,25.65,3.2,0.0108,-0.9999,33.3,34.4,34.4,station
2025-07-02,34.5,32.5,32.4,34.3,34.2,33.1,32.9,37.1,35.3,33.8,33.58,1.04,-0.86,66,95,11.5,20.89,0.2,-0.0065,-1.0,34.2,32.8,32.8,station
2025-07-03,33.8,28.8,27.6,31.5,31.3,31.6,29.9,31.9,33.6,30.5,30.6,2.44,-0.9,75,83,17.7,17.83,7.3,-0.0237,-0.9997,30.8,30.0,30.0,station
2025-07-04,31.1,29.8,28.9,28.5,31.7,31.9,29.0,34.4,27.5,31.5,30.0,1.38,-0.86,79,67,20.2,20.37,2.5,-0.0408,-0.9992,31.6,31.7,31.7,station
2025-07-05,30.4,29.3,30.0,31.9,27.3,31.9,30.5,34.5,31.3,31.7,29.78,1.68,-2.2,74,42,20.0,23.98,1.1,-0.058,-0.9983,33.7,31.1,31.1,station
2025-07-06,31.2,30.3,29.4,33.0,29.7,33.5,30.3,34.6,34.6,27.9,30.72,1.45,-1.46,75,61,16.4,21.74,12.7,-0.0752,-0.9972,31.2,30.6,30.6,station
2025-07-07,30.8,31.0,29.6,32.1,31.9,32.1,29.6,35.1,33.7,31.2,31.08,1.0,-1.26,75,35,12.5,22.85,11.7,-0.0923,-0.9957,31.7,31.7,31.7,station
2025-07-08,29.9,31.0,28.3,32.6,33.9,29.0,30.8,35.9,32.1,33.7,31.14,2.2,-1.16,74,42,11.5,20.19,11.5,-0.1094,-0.994,33.0,35.0,35.0,station
2025-07-09,31.7,31.7,32.5,33.6,34.4,30.3,30.2,34.6,33.8,35.3,32.78,1.19,-0.06,75,34,14.1,24.73,4.6,-0.1265,-0.992,33.5,34.4,34.4,station
2025-07-10,34.5,35.0,31.3,35.1,34.5,33.4,34.5,35.8,37.1,36.1,34.08,1.58,-1.3,60,13,15.8,26.38,0.0,-0.1436,-0.9896,36.3,34.4,34.4,station
2025-07-11,35.3,34.5,30.3,35.3,35.0,34.8,34.2,36.6,36.1,34.9,34.08,2.14,-1.24,55,15,22.7,27.45,0.1,-0.1606,-0.987,36.0,33.3,33.3,station
2025-07-12,30.3,30.3,30.1,33.1,34.1,35.1,30.8,37.1,35.5,34.7,31.58,1.88,-3.06,71,71,15.5,20.92,13.8,-0.1775,-0.9841,33.3,33.3,33.3,station
2025-07-13,32.1,28.9,30.5,30.2,28.5,27.6,29.5,34.4,30.9,31.1,30.04,1.43,-0.66,82,90,13.9,15.49,12.4,-0.1944,-0.9809,29.6,31.7,31.7,station
2025-07-14,29.4,29.3,28.7,34.4,33.2,30.1,29.2,34.4,32.9,29.5,31.0,2.6,-0.22,80,84,13.2,19.45,13.6,-0.2113,-0.9774,31.4,32.2,32.2,station
2025-07-15,32.1,32.9,30.3,35.1,33.4,33.6,32.7,36.8,34.6,35.0,32.76,1.76,-1.78,70,68,16.2,24.86,0.1,-0.2281,-0.9736,34.2,34.4,34.4,station
2025-07-16,34.4,34.1,30.5,35.8,35.0,33.6,33.8,37.1,35.6,34.7,33.96,2.04,-1.0,66,26,15.5,23.8,0.1,-0.2448,-0.9696,34.7,33.9,33.9,station
2025-07-17,36.7,34.7,32.1,36.0,35.7,37.0,35.0,37.6,37.1,36.3,35.04,1.79,-1.56,60,53,11.7,27.26,0.0,-0.2614,-0.9652,35.6,34.4,34.4,station
2025-07-18,37.6,35.4,33.2,37.2,35.9,38.7,35.6,38.2,38.0,36.9,35.86,1.74,-1.62,59,33,12.6,27.68,0.0,-0.278,-0.9606,36.7,35.6,35.6,station
2025-07-19,36.1,34.4,31.9,36.2,35.2,37.4,34.6,36.5,36.6,35.2,34.76,1.76,-1.3,63,65,18.0,26.09,0.0,-0.2945,-0.9557,35.9,34.4,34.4,station
2025-07-20,36.2,34.4,31.4,35.7,34.8,37.2,34.6,38.1,36.6,35.4,34.5,1.87,-1.88,59,30,20.4,26.72,0.2,-0.3109,-0.9505,35.5,34.4,34.4,station
2025-07-21,37.3,34.8,32.6,36.8,35.9,38.0,35.0,38.5,36.9,35.9,35.48,1.87,-1.38,59,3,21.0,27.59,0.0,-0.3272,-0.945,36.8,35.6,35.6,station
2025-07-22,36.5,34.2,33.6,36.4,36.1,36.7,34.0,38.3,36.7,36.0,35.36,1.36,-0.98,55,49,16.5,27.17,0.0,-0.3434,-0.9392,36.4,35.0,35.0,station
2025-07-23,36.9,35.2,34.0,37.1,35.9,37.2,34.8,39.6,37.4,36.4,35.82,1.28,-1.26,52,22,17.1,27.93,0.0,-0.3595,-0.9332,37.4,35.6,35.6,station
2025-07-24,37.5,36.1,35.9,38.3,36.8,38.4,36.1,41.1,38.9,37.2,36.92,1.0,-1.42,48,0,14.3,28.23,0.0,-0.3755,-0.9268,38.4,36.1,36.1,station
2025-07-25,38.3,36.9,37.4,38.3,37.1,39.2,36.6,41.5,39.0,37.2,37.6,0.66,-1.1,47,59,13.6,27.44,0.0,-0.3914,-0.9202,38.6,36.7,36.7,station
2025-07-26,33.9,33.9,32.0,32.8,35.1,36.1,33.8,37.7,34.8,36.6,33.54,1.18,-2.26,65,90,15.1,19.74,5.7,-0.4071,-0.9134,35.1,33.9,33.9,station
2025-07-27,35.4,36.0,33.9,36.5,35.8,36.4,35.8,38.2,36.0,35.2,35.52,0.99,-0.8,57,67,15.4,23.59,0.2,-0.4228,-0.9062,36.0,34.4,34.4,station
2025-07-28,37.6,36.9,34.2,37.3,35.9,37.5,36.9,39.9,37.7,37.1,36.38,1.38,-1.44,57,21,13.1,26.61,0.0,-0.4383,-0.8988,37.5,35.6,35.6,station
2025-07-29,38.6,37.6,36.5,38.6,37.2,39.2,37.9,40.9,39.3,37.1,37.7,0.91,-1.18,47,5,11.1,27.08,0.0,-0.4537,-0.8912,38.3,36.7,36.7,station
2025-07-30,39.5,38.4,37.9,39.9,37.5,40.4,38.1,42.1,40.6,37.7,38.64,1.03,-1.14,42,51,9.2,27.61,0.0,-0.469,-0.8832,38.7,38.3,38.3,station
2025-07-31,40.5,38.7,39.0,40.7,38.5,41.1,39.0,42.8,41.2,38.4,39.48,1.04,-1.02,36,41,15.1,27.0,0.0,-0.4841,-0.875,41.5,39.4,39.4,station
2025-08-01,34.4,33.6,35.5,37.8,36.4,36.2,33.8,39.2,35.7,37.2,35.54,1.65,-0.88,56,42,13.9,22.83,0.3,-0.4991,-0.8666,37.0,35.6,35.6,station
2025-08-02,32.2,32.5,32.0,32.1,33.6,29.7,32.6,36.6,28.9,31.1,32.48,0.65,0.7,67,44,11.6,23.9,2.4,-0.5139,-0.8578,32.9,34.4,34.4,station
2025-08-03,33.2,31.9,33.3,34.3,34.7,32.5,31.2,36.9,33.0,34.1,33.48,1.09,-0.06,70,42,12.4,20.49,4.1,-0.5286,-0.8489,34.4,32.8,32.8,station
2025-08-04,30.8,31.9,33.5,33.6,31.7,30.8,31.8,36.8,34.2,27.8,32.3,1.21,0.02,72,34,11.8,25.91,8.2,-0.5431,-0.8397,31.7,31.7,31.7,station
2025-08-05,33.4,34.3,31.8,34.7,33.9,32.8,34.4,36.9,35.9,33.9,33.62,1.13,-1.16,65,0,10.2,27.1,0.0,-0.5575,-0.8302,33.6,33.3,33.3,station
2025-08-06,35.5,35.9,32.3,36.6,35.6,35.5,35.6,39.3,35.9,35.2,35.18,1.67,-1.12,57,0,11.9,27.04,0.0,-0.5717,-0.8205,35.7,35.0,35.0,station
2025-08-07,37.3,36.8,33.8,37.2,36.5,37.4,36.7,39.5,36.9,36.3,36.32,1.44,-1.04,55,1,11.5,26.54,0.0,-0.5857,-0.8105,37.6,35.6,35.6,station
2025-08-08,38.3,37.0,34.5,37.5,37.0,38.8,37.3,39.9,38.4,36.8,36.86,1.42,-1.38,51,1,16.7,26.66,0.0,-0.5996,-0.8003,38.0,36.7,36.7,station
2025-08-09,37.5,36.7,35.4,37.6,36.9,37.5,36.8,39.1,37.8,36.9,36.82,0.88,-0.8,49,9,16.6,26.33,0.0,-0.6132,-0.7899,37.6,36.1,36.1,station
2025-08-10,36.1,36.0,35.4,36.4,35.5,37.0,36.0,39.4,36.7,36.2,35.88,0.42,-1.18,49,11,15.2,25.53,0.0,-0.6267,-0.7792,37.5,35.0,35.0,station
2025-08-11,35.6,35.5,32.3,36.5,35.2,36.5,34.9,39.7,36.4,34.8,35.02,1.6,-1.44,49,31,11.7,24.01,0.0,-0.64,-0.7683,36.6,35.6,35.6,station
2025-08-12,36.1,33.8,35.2,32.7,34.8,36.5,34.2,37.7,34.4,35.9,34.52,1.31,-1.22,71,81,12.4,19.15,7.9,-0.6532,-0.7572,31.8,32.8,32.8,station
2025-08-13,33.2,33.0,32.1,32.7,30.5,35.4,35.1,38.4,35.0,34.4,32.3,1.09,-3.36,77,27,11.7,24.13,6.9,-0.6661,-0.7459,31.8,33.3,33.3,station
2025-08-14,33.2,35.4,33.4,34.1,34.5,35.0,35.7,38.4,34.8,33.4,34.12,0.89,-1.34,70,11,11.3,23.88,0.1,-0.6788,-0.7343,33.8,36.1,36.1,station
2025-08-15,36.0,36.2,32.8,36.2,36.4,35.0,36.0,38.5,34.8,34.8,35.52,1.53,-0.3,63,18,14.3,24.93,0.0,-0.6914,-0.7225,36.0,36.1,36.1,station
2025-08-16,35.7,35.6,32.7,35.7,35.5,35.5,36.1,38.6,35.2,36.5,35.04,1.31,-1.34,59,22,15.7,24.47,0.5,-0.7037,-0.7105,36.0,35.0,35.0,station
2025-08-17,35.9,36.9,33.1,34.1,34.8,37.2,37.5,39.4,36.8,36.5,34.96,1.49,-2.52,57,68,11.3,20.6,0.5,-0.7158,-0.6983,36.6,35.0,35.0,station
2025-08-18,37.3,37.4,34.9,37.3,37.6,37.7,37.7,39.4,37.3,35.8,36.9,1.12,-0.68,48,27,9.5,21.63,0.0,-0.7277,-0.6859,37.5,37.2,37.2,station
2025-08-19,38.5,38.0,35.9,38.7,38.1,38.4,37.6,40.1,39.6,38.3,37.84,1.12,-0.96,48,26,14.2,24.26,0.2,-0.7394,-0.6733,39.6,38.9,38.9,station
2025-08-20,37.3,33.2,35.3,36.6,36.1,38.6,34.7,41.0,38.6,37.3,35.7,1.58,-2.34,71,52,17.8,8.88,37.3,-0.7509,-0.6605,32.3,33.9,33.9,station
2025-08-21,32.1,34.3,32.4,33.7,32.4,35.5,35.3,38.4,35.0,33.7,32.98,0.96,-2.6,62,16,12.1,22.86,6.0,-0.7621,-0.6474,35.2,36.1,36.1,station
2025-08-22,33.7,34.8,30.9,34.7,34.0,32.0,34.9,38.4,33.2,32.7,33.62,1.59,-0.62,61,26,13.6,19.86,1.9,-0.7731,-0.6342,33.4,35.6,35.6,station
2025-08-23,36.3,36.7,33.3,35.5,34.5,36.0,36.9,39.8,36.4,35.4,35.26,1.38,-1.64,46,10,15.5,24.45,0.0,-0.7839,-0.6208,37.0,36.1,36.1,station
2025-08-24,36.4,36.8,33.0,36.9,35.8,35.6,37.0,39.1,36.4,35.5,35.78,1.61,-0.94,43,16,11.9,23.68,0.0,-0.7945,-0.6073,36.6,36.1,36.1,station
2025-08-25,36.7,35.9,32.6,36.7,35.5,36.8,35.9,38.6,36.7,35.3,35.48,1.69,-1.18,44,49,11.4,22.24,0.0,-0.8048,-0.5935,36.0,36.1,36.1,station
2025-08-26,33.3,32.2,31.3,30.9,34.0,35.1,31.7,31.2,29.9,33.9,32.34,1.31,-0.02,59,47,16.9,18.78,0.1,-0.8149,-0.5796,32.9,31.1,31.1,station
2025-08-27,34.0,33.3,32.0,33.4,32.7,34.8,33.2,36.4,32.9,34.5,33.08,0.76,-1.28,66,23,14.4,22.91,0.0,-0.8248,-0.5655,33.8,33.3,33.3,station
2025-08-28,36.9,35.3,32.5,36.4,35.8,36.4,34.3,38.3,35.1,34.1,35.38,1.72,-0.26,66,45,16.6,20.97,12.0,-0.8344,-0.5512,37.0,37.2,37.2,station
2025-08-29,31.3,27.2,29.3,30.7,29.6,32.4,27.7,38.4,29.8,32.0,29.62,1.58,-2.44,83,69,13.5,13.51,34.7,-0.8437,-0.5368,28.8,27.8,27.8,station
2025-08-30,28.3,27.9,26.9,27.8,25.5,29.9,27.2,29.4,31.9,25.2,27.28,1.12,-1.44,86,96,10.9,8.55,24.5,-0.8528,-0.5222,27.5,25.6,25.6,station
2025-08-31,28.2,28.4,27.6,26.4,27.4,26.3,27.9,29.2,25.7,26.3,27.6,0.79,0.52,87,79,8.9,15.56,7.5,-0.8617,-0.5074,29.4,30.0,30.0,station
2025-09-01,29.2,29.5,28.4,29.6,28.5,28.7,30.4,34.7,30.0,28.2,29.04,0.56,-1.36,86,51,9.1,21.32,5.8,-0.8703,-0.4925,28.8,32.2,32.2,station
2025-09-02,29.5,31.7,29.0,31.3,29.8,28.6,30.5,36.3,32.1,29.6,30.26,1.18,-1.16,80,12,10.2,22.76,0.3,-0.8786,-0.4775,30.4,33.3,33.3,station
2025-09-03,29.3,32.2,28.2,32.1,31.2,29.2,31.9,34.7,32.0,31.1,30.6,1.78,-1.18,71,1,11.3,24.66,0.0,-0.8867,-0.4623,29.8,31.7,31.7,station
2025-09-04,37.1,37.4,32.6,39.9,36.6,34.4,36.2,37.8,37.6,36.1,36.72,2.63,0.3,56,6,12.6,24.16,0.0,-0.8945,-0.447,37.0,38.3,38.3,station
2025-09-05,36.8,33.6,33.4,36.9,36.5,37.5,33.6,37.5,37.3,36.5,35.44,1.78,-1.04,55,93,26.2,16.27,0.0,-0.9021,-0.4315,35.8,36.7,36.7,station
2025-09-06,26.7,25.1,25.9,23.7,24.2,29.8,24.6,31.2,23.2,29.3,25.12,1.22,-2.5,84,64,15.7,15.58,40.6,-0.9094,-0.4159,25.7,26.1,26.1,station
2025-09-07,26.5,27.5,25.2,27.8,28.9,27.6,26.4,30.6,28.1,25.5,27.18,1.4,-0.46,75,39,11.6,18.86,0.0,-0.9164,-0.4002,27.4,27.8,27.8,station
2025-09-08,27.7,28.6,29.9,28.6,28.9,27.1,28.5,30.8,29.2,28.8,28.74,0.79,-0.14,62,7,8.0,23.85,0.0,-0.9232,-0.3844,27.7,28.3,28.3,station
2025-09-09,30.4,30.4,27.6,30.4,30.6,30.2,29.8,32.5,29.7,30.7,29.88,1.28,-0.7,50,14,10.4,23.76,0.0,-0.9296,-0.3685,31.0,30.0,30.0,station
2025-09-10,33.7,32.7,29.4,32.9,32.5,33.4,32.4,34.9,32.6,32.4,32.24,1.65,-0.9,49,0,8.5,23.66,0.0,-0.9358,-0.3524,33.2,32.2,32.2,station
2025-09-11,35.1,34.5,30.8,33.9,34.2,35.4,34.5,36.6,34.3,34.5,33.7,1.68,-1.36,53,1,9.2,23.36,0.0,-0.9418,-0.3363,33.7,33.9,33.9,station
2025-09-12,35.0,34.9,31.1,34.6,35.2,35.4,35.0,36.5,34.8,34.9,34.16,1.72,-1.16,53,11,9.8,22.27,0.0,-0.9474,-0.32,35.0,34.4,34.4,station
2025-09-13,34.3,34.1,30.8,34.3,34.0,35.1,34.4,35.8,34.6,34.0,33.5,1.51,-1.28,49,63,13.8,20.87,0.0,-0.9528,-0.3037,33.8,33.9,33.9,station
2025-09-14,34.1,34.3,30.8,34.1,34.2,34.5,33.9,34.5,34.5,33.3,33.5,1.51,-0.64,44,62,13.1,22.41,0.0,-0.9579,-0.2873,35.0,33.9,33.9,station
2025-09-15,34.7,34.3,31.3,34.3,34.1,34.5,34.2,36.3,33.3,33.4,33.74,1.38,-0.6,51,21,8.8,20.83,0.1,-0.9627,-0.2707,34.2,34.4,34.4,station
2025-09-16,34.7,34.9,31.3,34.9,34.2,35.0,34.6,35.7,34.9,34.0,34.0,1.54,-0.84,46,7,9.2,21.59,0.0,-0.9672,-0.2541,35.4,35.0,35.0,station
2025-09-17,35.4,35.4,31.7,35.3,34.3,35.4,35.3,36.1,35.3,34.5,34.42,1.59,-0.9,45,13,9.4,21.12,0.0,-0.9714,-0.2375,35.4,35.0,35.0,station
2025-09-18,35.0,34.9,30.9,34.9,34.4,34.9,34.6,35.2,34.9,34.0,34.02,1.76,-0.7,48,19,10.4,19.62,0.1,-0.9753,-0.2207,35.6,35.0,35.0,station
2025-09-19,32.9,32.5,31.1,33.8,33.5,31.5,33.6,36.2,34.0,33.7,32.76,1.06,-1.04,63,47,20.2,18.78,14.0,-0.979,-0.2039,31.2,32.8,32.8,station
2025-09-20,32.8,33.7,31.1,34.6,33.3,33.9,33.2,35.5,34.9,33.9,33.1,1.3,-1.18,55,52,12.0,19.9,0.0,-0.9824,-0.187,33.8,33.9,33.9,station
2025-09-21,33.6,32.9,30.4,34.7,34.2,32.0,32.7,36.2,34.3,33.5,33.16,1.68,-0.58,65,53,16.1,17.21,14.7,-0.9854,-0.1701,31.1,33.9,33.9,station
2025-09-22,32.7,34.1,31.6,35.6,35.2,33.8,34.0,37.0,36.4,34.9,33.84,1.68,-1.38,72,29,20.3,17.58,47.0,-0.9882,-0.1531,31.6,33.9,33.9,station
2025-09-23,33.1,34.8,32.3,35.9,35.4,34.2,34.8,37.7,36.7,35.6,34.3,1.54,-1.5,71,22,15.2,20.15,0.8,-0.9907,-0.1361,34.0,35.0,35.0,station
2025-09-24,28.0,27.3,26.4,29.5,27.6,27.0,27.3,31.4,29.1,30.0,27.76,1.14,-1.2,78,39,17.0,15.49,17.9,-0.9929,-0.1191,28.7,28.9,28.9,station
2025-09-25,27.1,29.5,25.6,28.0,27.4,27.2,29.2,29.5,28.3,27.1,27.52,1.42,-0.74,71,8,12.5,20.56,0.1,-0.9948,-0.102,28.1,30.0,30.0,station
2025-09-26,29.6,31.5,27.9,30.7,30.2,27.6,30.8,32.3,28.9,28.4,29.98,1.36,0.38,63,27,7.6,20.44,0.0,-0.9964,-0.0848,30.6,31.7,31.7,station
2025-09-27,31.3,32.4,28.3,31.2,31.3,29.7,32.3,33.1,30.5,30.5,30.9,1.53,-0.32,58,15,6.7,21.37,0.0,-0.9977,-0.0677,30.3,31.7,31.7,station
2025-09-28,31.1,31.8,27.8,30.7,30.9,31.2,32.3,31.9,30.5,31.3,30.46,1.54,-0.98,56,69,8.4,19.93,0.0,-0.9987,-0.0505,30.4,30.6,30.6,station
2025-09-29,31.7,30.9,27.8,30.4,30.2,31.3,31.2,31.8,30.1,30.0,30.2,1.46,-0.68,57,43,5.4,19.84,0.0,-0.9994,-0.0333,29.9,30.0,30.0,station
2025-09-30,32.2,32.2,28.6,31.0,31.1,32.6,32.1,33.7,30.0,31.3,31.02,1.47,-0.92,46,59,8.5,17.22,0.3,-0.9999,-0.0161,32.9,31.7,31.7,station
2025-10-01,33.8,33.2,29.4,32.8,32.0,33.4,33.6,33.7,32.1,31.6,32.24,1.72,-0.64,52,6,11.2,19.96,0.0,-1.0,0.0011,33.4,32.2,32.2,station
2025-10-02,33.0,33.1,29.2,32.9,32.1,33.6,33.9,35.1,33.4,32.3,32.06,1.65,-1.6,49,0,10.1,20.25,0.0,-0.9998,0.0183,32.7,32.2,32.2,station
2025-10-03,31.9,32.8,29.4,32.4,32.7,32.3,32.8,34.3,32.4,32.6,31.84,1.41,-1.04,53,5,13.9,19.12,0.0,-0.9994,0.0355,33.4,32.2,32.2,station
2025-10-04,30.9,30.4,28.0,31.0,30.3,31.3,30.6,32.7,30.9,30.2,30.12,1.22,-1.02,49,0,13.4,20.35,0.0,-0.9986,0.0527,30.8,31.1,31.1,station
2025-10-05,31.6,31.7,28.6,31.5,31.2,31.7,31.8,32.5,31.8,31.6,30.92,1.31,-0.96,55,5,11.7,18.91,0.0,-0.9976,0.0698,31.7,31.1,31.1,station
2025-10-06,32.1,32.7,29.5,32.2,32.0,31.7,32.3,33.1,31.6,32.4,31.7,1.26,-0.52,55,6,10.3,18.91,0.0,-0.9962,0.087,33.5,32.8,32.8,station
2025-10-07,32.7,32.8,29.5,32.7,31.8,31.8,32.7,33.6,31.7,31.3,31.9,1.4,-0.32,57,11,11.0,17.92,1.2,-0.9946,0.1041,34.0,33.3,33.3,station
2025-10-08,31.3,31.3,29.3,31.8,32.4,31.3,31.0,32.8,31.5,31.1,31.22,1.16,-0.32,60,26,11.2,18.04,0.4,-0.9926,0.1212,32.3,32.2,32.2,station
2025-10-09,30.3,30.1,27.4,30.4,30.5,30.2,30.6,31.3,30.5,30.2,29.74,1.32,-0.82,64,19,12.7,18.41,0.0,-0.9904,0.1383,31.0,30.6,30.6,station
2025-10-10,30.9,30.3,27.8,30.5,29.2,30.4,30.3,31.0,30.2,29.0,29.74,1.25,-0.44,49,1,8.3,19.27,0.0,-0.9879,0.1553,31.2,30.6,30.6,station
2025-10-11,32.5,32.0,28.5,31.9,30.9,31.7,32.1,32.0,31.8,29.8,31.16,1.6,-0.32,45,12,10.5,19.18,0.0,-0.9851,0.1722,32.8,31.7,31.7,station
2025-10-12,32.7,32.4,28.0,32.7,31.8,32.6,32.2,33.3,32.9,30.9,31.52,2.0,-0.86,42,13,15.1,18.84,0.0,-0.9819,0.1892,33.0,32.2,32.2,station
2025-10-13,31.5,31.4,28.0,31.4,31.3,31.4,30.9,32.5,31.5,31.1,30.72,1.52,-0.76,43,5,13.0,18.41,0.0,-0.9785,0.206,32.3,31.1,31.1,station
2025-10-14,31.3,31.4,27.5,31.4,31.2,31.4,31.4,32.6,31.2,30.9,30.56,1.71,-0.94,46,7,10.5,18.32,0.0,-0.9749,0.2228,31.4,31.1,31.1,station
2025-10-15,30.1,30.4,26.9,30.5,30.1,29.8,30.7,32.0,30.7,30.0,29.6,1.52,-1.04,47,0,11.5,18.39,0.0,-0.9709,0.2396,30.5,30.0,30.0,station
2025-10-16,29.6,29.4,26.3,29.5,29.1,29.3,28.8,31.2,28.1,29.6,28.78,1.4,-0.62,48,55,11.8,14.86,0.0,-0.9666,0.2562,29.4,28.3,28.3,station
2025-10-17,31.4,31.0,26.9,31.8,31.6,31.6,30.8,31.4,31.5,31.5,30.54,2.06,-0.82,53,17,16.1,17.08,0.0,-0.9621,0.2728,32.1,30.6,30.6,station
2025-10-18,26.4,26.3,26.0,25.5,27.4,26.8,32.4,29.3,29.9,29.1,26.32,0.7,-3.18,73,34,18.2,11.33,4.5,-0.9572,0.2893,27.0,26.7,26.7,station
2025-10-19,23.4,22.3,19.9,22.9,21.6,21.6,23.2,24.6,22.3,21.8,22.02,1.36,-0.68,55,0,21.8,18.52,0.0,-0.9521,0.3057,22.4,23.9,23.9,station
2025-10-20,30.1,30.7,26.4,31.0,32.2,30.9,30.3,32.4,31.5,29.1,30.08,2.19,-0.76,55,0,21.2,17.94,0.0,-0.9467,0.3221,30.7,32.2,32.2,station
2025-10-21,25.8,26.5,22.4,26.2,26.0,25.4,26.8,28.8,26.4,26.0,25.38,1.69,-1.3,35,2,17.8,18.14,0.0,-0.941,0.3383,27.6,27.8,27.8,station
2025-10-22,27.4,27.1,23.4,27.6,26.3,26.8,26.7,28.9,26.9,26.3,26.36,1.73,-0.76,41,1,9.5,18.16,0.0,-0.9351,0.3545,26.9,27.2,27.2,station
2025-10-23,28.1,27.4,25.8,28.2,28.5,28.9,27.6,30.4,28.1,28.7,27.6,1.08,-1.14,56,95,15.2,11.95,5.1,-0.9288,0.3705,25.8,26.7,26.7,station
2025-10-24,25.5,22.9,24.7,24.6,28.4,27.7,23.0,27.4,26.5,28.2,25.22,2.01,-1.34,82,100,22.0,7.63,24.5,-0.9223,0.3864,25.5,26.1,26.1,station
2025-10-25,24.0,20.8,22.2,23.3,23.9,24.7,20.7,24.9,24.7,23.6,22.84,1.35,-0.88,88,83,21.3,6.66,19.8,-0.9155,0.4022,23.1,24.4,24.4,station
2025-10-26,22.8,22.0,21.3,23.5,22.7,22.3,22.3,25.2,24.3,22.6,22.46,0.84,-0.88,86,45,6.5,13.33,0.0,-0.9085,0.4179,23.4,21.7,21.7,station
2025-10-27,25.1,25.4,20.7,26.1,25.4,24.7,25.4,26.6,25.6,24.2,24.54,2.18,-0.76,83,13,13.9,16.08,0.0,-0.9012,0.4335,26.0,26.1,26.1,station
2025-10-28,22.8,21.9,22.3,24.2,24.8,24.9,21.5,28.8,23.2,24.5,23.2,1.25,-1.38,75,34,28.6,12.61,0.4,-0.8936,0.4489,23.4,25.6,25.6,station
2025-10-29,16.0,17.2,13.1,16.5,16.1,15.7,17.2,16.6,16.5,16.0,15.78,1.57,-0.62,47,3,30.3,16.91,0.0,-0.8857,0.4642,17.1,18.9,18.9,station
2025-10-30,17.1,18.3,15.7,18.0,18.1,17.0,18.4,18.8,16.9,17.9,17.44,1.08,-0.36,62,0,11.0,16.98,0.0,-0.8776,0.4794,17.4,19.4,19.4,station
2025-10-31,20.7,21.3,18.3,21.3,21.3,20.3,21.1,21.5,20.8,20.7,20.58,1.3,-0.3,65,36,8.9,16.01,0.0,-0.8692,0.4944,20.8,21.7,21.7,station
2025-11-01,19.4,19.3,19.6,18.9,20.2,20.3,20.4,20.8,19.9,21.0,19.48,0.48,-1.0,66,59,10.1,12.0,1.0,-0.8606,0.5093,20.0,21.1,21.1,station
2025-11-02,19.6,19.2,16.9,20.1,20.5,18.3,19.0,21.0,19.6,20.1,19.26,1.41,-0.34,56,3,11.1,16.37,0.0,-0.8517,0.524,20.3,21.7,21.7,station
2025-11-03,24.2,24.4,21.5,25.2,24.6,24.4,24.2,23.8,24.5,24.3,23.98,1.44,-0.26,53,0,13.1,16.1,0.0,-0.8426,0.5386,25.3,25.0,25.0,station
2025-11-04,24.7,24.9,21.8,25.4,25.1,23.9,24.4,25.1,25.0,24.9,24.38,1.47,-0.28,56,0,18.9,15.95,0.0,-0.8332,0.553,25.6,24.4,24.4,station
2025-11-05,27.4,26.7,24.0,28.2,28.2,27.5,26.6,27.8,27.7,28.2,26.9,1.74,-0.66,61,0,16.2,15.52,0.0,-0.8235,0.5672,27.6,27.2,27.2,station
2025-11-06,27.8,26.9,24.4,28.8,28.3,27.5,26.7,27.9,28.8,28.6,27.24,1.74,-0.66,63,10,18.2,15.22,0.0,-0.8137,0.5813,29.1,28.3,28.3,station
2025-11-07,27.4,26.6,24.6,26.5,26.8,26.8,26.6,27.0,26.7,27.4,26.38,1.05,-0.52,63,8,16.4,15.09,0.0,-0.8035,0.5952,26.7,26.7,26.7,station
2025-11-08,26.7,26.3,23.0,27.3,26.0,26.8,26.5,26.3,27.1,27.1,25.86,1.67,-0.9,58,10,18.6,15.27,0.0,-0.7932,0.609,26.6,27.2,27.2,station
2025-11-09,17.7,17.6,13.1,18.5,16.0,17.7,18.0,18.2,17.1,15.9,16.58,2.15,-0.8,36,16,20.8,15.42,0.0,-0.7826,0.6225,18.1,16.1,16.1,station
2025-11-10,13.1,11.5,9.8,11.9,11.5,12.4,10.9,12.5,12.3,11.4,11.56,1.18,-0.34,39,4,11.2,15.57,0.0,-0.7718,0.6359,12.0,12.8,12.8,station
2025-11-11,20.5,20.0,16.1,21.5,19.6,20.6,20.0,21.1,21.2,18.5,19.54,2.05,-0.74,31,0,22.4,15.22,0.0,-0.7607,0.6491,21.6,21.7,21.7,station
2025-11-12,25.0,24.4,21.5,25.5,25.4,24.0,24.2,24.8,25.2,24.6,24.36,1.66,-0.2,57,20,14.2,14.65,0.0,-0.7494,0.6621,24.7,25.0,25.0,station
2025-11-13,27.1,26.6,23.6,27.6,28.0,27.1,26.7,27.0,28.0,28.0,26.58,1.75,-0.78,67,0,15.8,14.24,0.0,-0.7379,0.6749,27.5,26.7,26.7,station
2025-11-14,28.6,27.3,24.1,28.4,28.3,27.6,27.0,27.3,28.2,28.3,27.34,1.88,-0.34,68,16,22.4,13.26,0.0,-0.7262,0.6875,27.6,27.2,27.2,station
2025-11-15,29.5,27.6,25.2,30.1,29.7,29.1,27.6,28.4,29.9,29.1,28.42,2.04,-0.4,62,14,17.7,14.09,0.0,-0.7143,0.6998,30.8,31.1,31.1,station
2025-11-16,27.3,26.1,23.2,26.4,29.4,28.3,26.0,30.4,26.9,27.0,26.48,2.24,-1.24,61,10,12.0,13.87,0.0,-0.7021,0.712,27.0,27.2,27.2,station
2025-11-17,29.3,28.1,26.2,30.5,30.1,29.4,27.8,30.9,30.3,29.6,28.84,1.74,-0.76,69,19,17.3,13.06,0.0,-0.6898,0.724,30.3,30.0,30.0,station
2025-11-18,30.3,29.1,27.0,30.9,31.1,29.8,28.9,29.6,31.1,30.6,29.68,1.69,-0.32,67,63,17.4,12.2,0.0,-0.6772,0.7358,30.3,30.6,30.6,station
2025-11-19,28.3,27.4,26.4,28.8,29.4,28.2,26.7,28.0,29.0,29.5,28.06,1.18,-0.22,73,99,11.7,10.63,0.7,-0.6645,0.7473,28.0,28.3,28.3,station
2025-11-20,24.2,23.5,22.5,23.7,23.1,22.2,23.0,23.5,23.2,22.5,23.4,0.64,0.52,92,97,18.3,3.02,63.6,-0.6515,0.7586,24.0,23.3,23.3,station
2025-11-21,24.3,22.9,21.8,24.9,22.5,23.3,23.7,25.1,25.4,22.9,23.28,1.29,-0.8,80,27,9.9,12.89,0.0,-0.6384,0.7697,24.1,26.1,26.1,station
2025-11-22,17.4,16.5,14.9,18.2,17.5,17.3,17.5,20.4,19.8,17.5,16.9,1.27,-1.6,76,30,10.7,12.81,0.0,-0.625,0.7806,17.3,18.9,18.9,station
2025-11-23,18.6,17.4,16.6,18.8,19.7,19.2,17.3,20.5,19.1,19.1,18.22,1.22,-0.82,83,66,10.7,12.79,42.8,-0.6115,0.7912,18.4,20.6,20.6,station
2025-11-24,22.9,18.3,18.3,22.8,20.7,22.7,17.6,21.8,23.9,20.5,20.6,2.28,-0.7,93,85,16.0,3.66,43.7,-0.5978,0.8016,18.5,16.7,16.7,station
2025-11-25,19.2,18.1,16.9,19.3,18.7,19.2,18.6,20.9,21.5,18.9,18.44,0.98,-1.38,84,40,14.5,13.13,0.0,-0.584,0.8118,19.4,21.1,21.1,station
2025-11-26,13.4,12.7,11.5,14.3,11.7,13.4,13.2,14.6,14.3,10.9,12.72,1.17,-0.56,57,0,15.3,13.65,0.0,-0.5699,0.8217,13.6,15.0,15.0,station
2025-11-27,14.6,15.0,13.1,15.7,15.7,15.3,14.6,14.3,14.6,13.9,14.82,1.07,0.28,63,32,7.3,13.31,0.0,-0.5557,0.8314,15.0,16.7,16.7,station
2025-11-28,14.8,15.5,13.7,13.5,15.5,14.9,14.3,12.6,13.8,14.6,14.6,0.96,0.56,66,99,22.0,6.22,9.8,-0.5413,0.8408,14.5,16.7,16.7,station
2025-11-29,20.4,16.1,20.6,21.7,21.1,22.1,16.9,19.1,22.6,22.3,19.98,2.23,-0.62,82,86,22.9,6.5,8.8,-0.5268,0.85,19.4,19.4,19.4,station
2025-11-30,8.0,7.1,5.1,8.9,5.0,8.2,6.7,7.7,8.3,4.9,6.82,1.74,-0.34,62,99,19.9,10.49,0.0,-0.5121,0.859,7.4,6.1,6.1,station
2025-12-01,7.2,4.8,4.4,5.9,5.2,5.9,4.5,6.3,6.6,3.7,5.5,1.1,0.1,82,97,12.2,2.45,18.8,-0.4972,0.8676,4.6,3.9,3.9,station
2025-12-02,8.4,6.8,7.8,8.8,7.6,9.1,7.2,11.2,9.1,8.4,7.88,0.77,-1.12,76,1,10.8,13.13,0.0,-0.4822,0.8761,8.1,10.0,10.0,station
2025-12-03,16.0,12.8,12.6,13.8,15.7,16.3,12.8,17.2,14.2,15.9,14.18,1.59,-1.1,79,26,14.6,12.56,0.0,-0.4671,0.8842,14.4,14.4,14.4,station
2025-12-04,9.4,9.9,10.6,10.1,8.7,10.2,10.2,12.5,9.9,8.2,9.74,0.72,-0.46,84,100,15.2,3.36,1.0,-0.4518,0.8921,8.4,7.8,7.8,station
2025-12-05,11.0,8.3,9.6,11.6,11.0,11.0,9.0,10.5,12.1,12.8,10.3,1.34,-0.78,81,97,10.5,10.54,0.0,-0.4364,0.8998,10.7,11.7,11.7,station
2025-12-06,16.0,12.0,13.5,12.1,17.2,16.3,11.5,16.4,11.2,14.9,14.16,2.34,0.1,90,47,10.8,7.44,0.0,-0.4208,0.9071,11.8,11.7,11.7,station
2025-12-07,12.6,10.9,12.7,11.7,14.9,13.6,11.2,13.7,13.8,15.2,12.56,1.5,-0.94,85,40,20.0,5.78,0.0,-0.4052,0.9142,10.5,12.2,12.2,station
2025-12-08,9.3,7.4,8.7,9.2,10.5,9.3,6.8,12.7,10.7,11.7,9.02,1.12,-1.22,79,4,11.2,12.28,0.0,-0.3894,0.9211,9.5,11.7,11.7,station
2025-12-09,16.5,15.6,14.3,16.2,16.6,16.5,14.7,16.8,15.0,16.2,15.84,0.94,0.0,64,4,17.6,12.69,0.0,-0.3735,0.9276,16.7,18.3,18.3,station
2025-12-10,17.0,18.0,14.8,17.3,18.2,17.1,18.0,16.5,16.1,18.1,17.06,1.36,-0.1,56,10,17.5,12.38,0.0,-0.3575,0.9339,17.1,18.3,18.3,station
2025-12-11,17.5,17.6,15.0,18.8,17.3,17.3,17.0,17.0,18.2,17.1,17.24,1.38,-0.08,55,30,13.8,12.58,0.0,-0.3413,0.9399,17.7,18.9,18.9,station
2025-12-12,17.7,18.6,17.9,19.9,21.3,18.1,18.8,19.8,19.7,20.3,19.08,1.51,-0.26,63,3,10.8,12.35,0.0,-0.3251,0.9457,19.1,20.6,20.6,station
2025-12-13,16.7,16.6,15.2,19.4,20.8,18.5,16.6,17.4,22.7,22.0,17.74,2.29,-1.7,79,55,19.7,5.74,0.1,-0.3088,0.9511,13.8,15.0,15.0,station
2025-12-14,10.1,8.9,9.8,11.8,13.1,13.0,10.3,13.7,14.4,14.6,10.74,1.69,-2.46,64,60,20.3,9.5,0.0,-0.2924,0.9563,8.9,6.7,6.7,station
2025-12-15,9.9,8.5,8.2,9.3,9.1,10.7,8.3,12.7,11.0,9.8,9.0,0.67,-1.5,53,28,9.8,12.28,0.0,-0.2759,0.9612,9.1,11.1,11.1,station
2025-12-16,14.0,14.3,13.7,13.3,15.0,16.4,14.1,15.5,15.2,16.8,14.06,0.64,-1.54,55,92,16.1,6.98,0.2,-0.2593,0.9658,14.4,16.1,16.1,station
2025-12-17,17.9,17.0,15.7,18.7,18.9,18.4,16.3,17.9,19.6,20.4,17.64,1.32,-0.88,85,100,14.5,4.11,0.4,-0.2427,0.9701,17.8,17.8,17.8,station
2025-12-18,19.0,20.4,16.8,20.7,20.2,18.3,20.3,20.3,20.5,19.7,19.42,1.6,-0.4,62,34,23.0,12.22,0.3,-0.226,0.9741,20.2,21.1,21.1,station
2025-12-19,17.1,16.2,13.4,17.5,15.7,16.7,16.5,17.3,15.9,16.7,15.98,1.61,-0.64,39,11,17.1,12.41,0.0,-0.2092,0.9779,17.6,17.8,17.8,station
2025-12-20,24.8,23.7,21.6,25.1,26.4,23.6,23.8,24.2,23.5,24.7,24.32,1.8,0.36,57,3,18.4,12.26,0.0,-0.1923,0.9813,26.1,27.2,27.2,station
2025-12-21,15.6,15.8,14.2,17.6,16.8,15.9,15.8,17.0,15.5,19.3,16.0,1.29,-0.7,72,78,14.3,3.72,0.6,-0.1754,0.9845,17.5,16.7,16.7,station
2025-12-22,24.2,21.8,19.3,24.9,24.9,23.3,20.9,22.8,24.5,24.9,23.02,2.44,-0.26,73,43,17.5,10.05,0.0,-0.1585,0.9874,23.4,23.3,23.3,station
2025-12-23,24.3,24.2,22.9,26.7,27.3,23.6,24.8,26.4,26.4,27.9,25.08,1.85,-0.74,78,40,18.4,8.41,0.3,-0.1414,0.9899,27.3,26.7,26.7,station
2025-12-24,25.6,23.1,21.3,25.6,26.9,23.7,22.8,25.6,25.4,26.8,24.5,2.26,-0.36,73,11,15.0,11.06,0.0,-0.1244,0.9922,26.2,25.6,25.6,station
2025-12-25,27.0,24.5,22.5,26.7,27.2,26.4,23.8,26.5,26.2,27.2,25.58,2.03,-0.44,73,15,17.6,11.47,0.0,-0.1073,0.9942,25.4,26.1,26.1,station
2025-12-26,27.9,26.7,25.9,29.2,28.2,28.1,27.1,28.1,29.3,28.7,27.58,1.29,-0.68,66,2,14.0,11.85,0.0,-0.0902,0.9959,28.7,30.0,30.0,station
2025-12-27,27.5,25.9,24.5,27.8,28.7,27.7,26.2,26.0,27.0,28.5,26.88,1.67,-0.2,71,33,18.2,11.6,0.0,-0.073,0.9973,27.6,26.7,26.7,station
2025-12-28,28.0,25.8,23.4,28.1,27.2,27.2,25.3,25.5,27.5,28.3,26.5,1.96,-0.26,62,53,31.0,10.42,0.0,-0.0559,0.9984,28.8,28.9,28.9,station
2025-12-29,8.4,7.6,4.5,6.3,7.0,8.0,6.9,9.4,5.9,6.2,6.76,1.48,-0.52,42,57,22.8,11.31,0.0,-0.0387,0.9993,6.2,6.1,6.1,station
2025-12-30,9.7,9.3,9.6,11.3,9.4,11.0,9.3,11.9,10.8,9.5,9.86,0.82,-0.64,43,8,11.0,12.9,0.0,-0.0215,0.9998,10.4,11.7,11.7,station
2025-12-31,16.7,16.8,15.9,17.5,18.1,16.1,17.3,18.3,18.1,16.0,17.0,0.84,-0.16,41,7,8.8,12.63,0.0,-0.0043,1.0,18.6,,,
2026-01-01,20.7,19.8,18.4,20.3,19.4,20.4,19.8,20.6,19.9,17.7,19.72,0.89,0.04,44,87,14.7,11.01,0.0,0.0172,0.9999,21.9,21.1,21.1,station
2026-01-02,23.1,24.5,18.9,22.5,24.4,21.0,24.5,21.8,21.7,21.1,22.68,2.28,0.66,40,3,12.4,12.41,0.0,0.0344,0.9994,24.5,24.4,24.4,station
2026-01-03,17.3,15.1,14.7,16.8,18.3,17.0,14.6,19.8,16.9,20.7,16.44,1.51,-1.36,59,0,14.4,12.39,0.0,0.0516,0.9987,17.1,17.8,17.8,station
2026-01-04,17.9,15.2,14.3,16.6,17.9,18.0,14.3,19.0,17.0,18.4,16.38,1.61,-0.96,60,79,12.3,10.06,0.0,0.0688,0.9976,17.0,17.2,17.2,station
2026-01-05,21.6,19.5,17.9,22.9,24.7,22.4,19.2,22.2,23.6,23.6,21.32,2.69,-0.88,75,57,22.0,9.87,0.0,0.0859,0.9963,21.3,21.1,21.1,station
2026-01-06,23.5,22.3,19.5,24.0,23.1,23.9,22.1,24.2,23.6,22.8,22.48,1.78,-0.84,49,39,14.2,12.88,0.0,0.103,0.9947,24.0,25.0,25.0,station
2026-01-07,24.8,24.0,20.4,25.0,23.9,25.0,23.3,26.2,24.2,24.7,23.62,1.86,-1.06,47,87,16.9,11.6,0.0,0.1201,0.9928,26.5,26.7,26.7,station
2026-01-08,26.9,25.0,22.2,26.7,27.7,26.4,24.6,24.3,26.4,26.1,25.7,2.19,0.14,58,86,25.6,9.22,0.9,0.1372,0.9905,26.7,26.1,26.1,station
2026-01-09,19.4,16.7,16.6,19.3,23.3,18.5,16.4,21.5,18.1,22.3,19.06,2.73,-0.3,55,82,9.2,9.55,0.0,0.1542,0.988,20.5,21.1,21.1,station
2026-01-10,14.1,11.4,10.7,12.6,12.7,12.9,11.9,17.3,12.7,11.7,12.3,1.31,-1.0,50,14,25.6,12.99,0.0,0.1712,0.9852,14.7,12.2,12.2,station
2026-01-11,14.8,14.1,12.7,14.2,14.7,14.8,14.0,15.3,14.2,14.6,14.1,0.84,-0.48,38,34,13.2,13.22,0.0,0.1881,0.9821,15.6,16.1,16.1,station
2026-01-12,16.8,16.2,14.7,17.1,15.5,16.5,16.7,15.7,16.1,14.6,16.06,0.98,0.14,43,65,7.8,12.73,0.0,0.205,0.9788,17.7,18.3,18.3,station
2026-01-13,17.5,17.0,17.1,19.4,18.6,14.9,17.3,16.6,16.6,16.9,17.92,1.04,1.46,45,65,15.9,11.94,0.0,0.2218,0.9751,18.6,18.9,18.9,station
2026-01-14,15.6,16.9,13.0,15.7,16.1,15.1,17.3,15.8,16.8,14.6,15.46,1.47,-0.46,51,49,28.9,12.26,0.0,0.2385,0.9711,16.2,16.7,16.7,station
2026-01-15,14.6,13.1,11.5,13.9,15.1,14.3,13.4,15.2,13.2,15.2,13.64,1.41,-0.62,48,3,15.3,13.48,0.0,0.2552,0.9669,14.6,14.4,14.4,station
2026-01-16,14.3,14.5,11.4,14.7,16.1,15.3,14.6,15.7,16.2,14.2,14.2,1.72,-1.0,40,9,21.9,13.51,0.0,0.2718,0.9624,14.3,15.0,15.0,station
2026-01-17,7.8,6.9,5.5,6.6,6.0,7.9,7.0,10.4,7.1,6.7,6.56,0.88,-1.26,27,59,15.7,9.37,0.0,0.2883,0.9575,8.8,6.1,6.1,station
2026-01-18,15.0,14.1,11.6,16.4,15.3,13.4,13.6,16.2,15.4,13.9,14.48,1.81,-0.02,37,0,10.5,14.07,0.0,0.3047,0.9524,14.7,16.1,16.1,station
2026-01-19,10.7,11.7,10.1,12.6,12.8,9.5,10.3,10.6,10.8,12.4,11.58,1.17,0.86,39,51,17.3,13.93,0.0,0.3211,0.9471,12.1,11.7,11.7,station
2026-01-20,12.2,12.8,10.7,13.9,13.2,12.8,13.5,13.0,14.1,12.9,12.56,1.21,-0.7,36,47,13.0,13.59,0.0,0.3373,0.9414,12.8,12.2,12.2,station
2026-01-21,17.7,14.9,15.1,18.1,18.7,15.8,15.4,16.0,18.0,16.9,16.9,1.77,0.48,70,72,14.2,9.43,1.8,0.3534,0.9355,17.2,18.3,18.3,station
2026-01-22,15.9,14.3,11.9,14.3,17.0,16.6,13.7,16.5,14.3,17.1,14.68,1.93,-0.96,76,89,11.1,9.63,0.0,0.3695,0.9292,12.3,11.7,11.7,station
2026-01-23,10.7,11.1,10.0,10.8,9.8,11.1,11.2,13.4,11.3,10.9,10.48,0.55,-1.1,86,100,21.7,2.09,14.5,0.3854,0.9227,11.1,11.7,11.7,station
2026-01-24,2.0,1.4,0.1,2.1,1.2,2.6,1.5,0.9,2.3,1.1,1.36,0.8,-0.32,85,100,19.1,1.89,13.3,0.4012,0.916,2.0,0.6,0.6,station
2026-01-25,-3.6,-6.1,-7.2,-6.7,-5.1,-3.7,-6.0,-5.2,-7.3,-6.0,-5.74,1.43,-0.1,81,97,21.5,8.6,8.8,0.4169,0.9089,-6.2,-6.1,-6.1,station
2026-01-26,-1.6,-3.1,-3.0,-1.7,-2.1,-0.2,-3.6,-4.1,-2.3,-3.5,-2.3,0.71,0.44,71,15,11.6,15.15,0.0,0.4325,0.9016,-1.6,0.0,0.0,station
2026-01-27,3.8,4.2,2.1,4.2,1.6,6.6,2.8,0.8,4.3,0.9,3.18,1.24,0.1,76,67,10.5,11.91,0.0,0.4479,0.8941,3.4,5.0,5.0,station
2026-01-28,5.5,8.5,4.9,8.2,3.3,4.6,7.7,6.8,8.2,2.5,6.08,2.23,0.12,83,41,7.6,14.68,0.0,0.4633,0.8862,7.1,9.4,9.4,station
2026-01-29,10.9,13.6,12.7,13.7,10.1,11.7,13.8,13.8,14.0,8.4,12.2,1.62,-0.14,72,45,18.8,15.29,0.0,0.4784,0.8781,11.8,15.0,15.0,station
2026-01-30,6.4,8.2,7.3,8.6,6.7,5.7,9.1,9.3,9.7,5.0,7.44,0.94,-0.32,69,46,15.2,15.26,0.0,0.4935,0.8698,7.5,8.9,8.9,station
2026-01-31,-0.4,2.9,0.3,1.6,-0.8,-1.0,3.9,3.2,2.7,-1.2,0.72,1.52,-0.8,59,32,20.4,15.74,0.0,0.5084,0.8611,1.0,0.6,0.6,station
2026-02-01,9.4,10.2,10.9,10.7,11.0,8.9,10.9,12.1,10.5,10.3,10.44,0.66,-0.1,55,8,9.9,15.69,0.0,0.5231,0.8523,8.5,10.6,10.6,station
2026-02-02,16.9,18.6,16.8,17.9,19.8,17.7,18.1,17.5,18.0,20.2,18.0,1.25,-0.3,68,53,14.8,15.17,0.0,0.5377,0.8432,18.6,21.1,21.1,station
2026-02-03,15.7,17.6,16.6,18.2,18.9,15.0,16.7,15.6,17.3,18.4,17.4,1.27,0.8,75,53,15.2,12.9,0.4,0.5521,0.8338,17.8,19.4,19.4,station
2026-02-04,10.6,13.5,11.0,12.3,13.2,11.4,13.6,14.6,12.5,12.5,12.12,1.29,-0.8,68,41,20.4,13.76,0.0,0.5664,0.8242,12.2,12.8,12.8,station
2026-02-05,17.9,19.8,15.7,20.7,18.9,17.3,19.5,17.4,19.3,17.8,18.6,1.93,0.34,67,0,13.9,16.14,0.0,0.5805,0.8143,18.9,21.1,21.1,station
2026-02-06,23.6,25.9,21.8,26.6,25.5,22.2,25.1,23.0,26.4,24.9,24.68,1.96,0.36,54,0,9.5,16.17,0.0,0.5944,0.8042,25.9,28.3,28.3,station
2026-02-07,20.1,21.5,17.8,21.9,23.0,19.3,21.7,20.1,22.2,21.2,20.86,2.0,-0.04,52,31,10.2,16.21,0.0,0.6081,0.7938,21.7,22.8,22.8,station
2026-02-08,22.9,24.2,20.6,24.5,25.6,22.0,23.0,23.0,23.7,24.7,23.56,1.91,0.28,53,86,12.3,9.24,0.2,0.6217,0.7833,25.5,26.1,26.1,station
2026-02-09,27.7,25.9,24.3,26.2,28.1,26.7,25.0,24.9,26.3,27.2,26.44,1.52,0.42,58,94,15.7,13.72,0.0,0.6351,0.7725,26.3,28.9,28.9,station
2026-02-10,22.2,22.3,23.2,22.6,24.7,23.4,22.5,24.5,24.0,25.2,23.0,1.03,-0.92,68,99,18.5,5.73,4.2,0.6483,0.7614,22.7,23.3,23.3,station
2026-02-11,17.8,17.7,16.5,17.4,18.6,17.9,17.2,20.0,18.2,20.9,17.6,0.76,-1.24,63,22,11.8,16.61,0.1,0.6613,0.7502,17.5,18.9,18.9,station
2026-02-12,22.7,23.2,19.3,23.3,24.0,23.2,24.0,23.1,23.4,24.2,22.5,1.85,-1.08,66,17,9.5,16.68,0.0,0.6741,0.7387,22.6,23.9,23.9,station
2026-02-13,26.8,25.8,22.9,26.7,27.2,26.5,26.2,25.4,26.4,25.3,25.88,1.74,-0.08,66,82,17.1,11.91,0.0,0.6867,0.727,25.1,25.0,25.0,station
2026-02-14,20.4,21.3,18.4,20.5,22.0,20.0,21.2,20.6,20.6,21.3,20.52,1.35,-0.22,88,100,19.3,4.32,9.3,0.6991,0.715,19.9,20.0,20.0,station
2026-02-15,18.4,17.9,15.9,19.2,17.1,18.2,17.8,19.8,19.3,16.1,17.7,1.26,-0.54,77,51,21.6,13.36,0.8,0.7113,0.7029,18.4,20.6,20.6,station
2026-02-16,21.5,21.1,16.6,21.2,19.0,22.3,20.9,22.5,22.2,20.0,19.88,2.08,-1.7,80,17,14.1,17.77,0.0,0.7233,0.6906,20.2,21.1,21.1,station
2026-02-17,23.1,22.8,19.8,23.4,24.6,22.8,22.4,24.1,22.5,23.6,22.74,1.78,-0.34,77,74,22.1,14.41,0.0,0.735,0.678,23.7,25.0,25.0,station
2026-02-18,23.2,22.4,21.7,25.3,25.4,23.1,22.0,25.6,22.7,22.5,23.6,1.68,0.42,61,58,18.4,15.15,0.0,0.7466,0.6653,23.1,25.0,25.0,station
2026-02-19,23.5,24.7,19.3,23.7,24.8,23.2,25.1,25.1,25.2,24.7,23.2,2.26,-1.46,63,26,16.0,17.68,0.0,0.7579,0.6523,23.6,25.6,25.6,station
2026-02-20,14.5,14.7,14.4,15.3,17.6,17.1,14.3,18.7,16.5,21.7,15.3,1.33,-2.36,51,52,13.6,13.42,0.0,0.769,0.6392,15.1,16.1,16.1,station
2026-02-21,15.0,14.7,13.1,14.6,16.0,14.7,13.7,18.0,14.8,18.2,14.68,1.04,-1.2,53,19,22.3,18.68,0.0,0.7799,0.6259,15.2,16.7,16.7,station
2026-02-22,12.9,12.8,10.9,13.1,13.2,12.8,11.8,13.3,14.3,14.2,12.58,0.95,-0.7,50,4,13.1,19.01,0.0,0.7906,0.6124,12.7,14.4,14.4,station
2026-02-23,13.2,14.3,12.4,15.1,14.5,13.1,14.0,13.5,14.5,14.7,13.9,1.08,-0.06,40,3,7.3,19.39,0.0,0.801,0.5987,14.5,15.6,15.6,station
2026-02-24,22.1,23.0,17.0,22.2,23.0,21.7,23.0,21.0,22.1,22.5,21.46,2.53,-0.6,37,45,25.8,19.25,0.0,0.8112,0.5848,22.3,21.7,21.7,station
2026-02-25,28.6,27.4,24.0,28.2,29.6,28.2,28.0,27.4,29.2,29.0,27.56,2.14,-0.8,58,87,18.9,18.23,0.0,0.8211,0.5708,26.8,26.7,26.7,station
2026-02-26,27.0,27.1,23.7,28.1,28.0,27.3,26.9,26.1,26.3,29.0,26.78,1.79,-0.34,64,36,12.2,15.73,0.0,0.8308,0.5566,27.5,27.8,27.8,station
2026-02-27,25.9,26.3,23.2,27.2,25.3,25.0,26.0,25.7,28.0,27.7,25.58,1.5,-0.9,35,7,9.0,19.65,0.0,0.8402,0.5422,26.9,27.8,27.8,station
2026-02-28,29.1,28.4,23.7,29.0,28.4,28.6,27.8,27.2,28.5,28.9,27.72,2.27,-0.48,36,24,16.5,18.59,0.1,0.8495,0.5277,29.2,28.3,28.3,station
2026-03-01,27.1,26.3,21.8,27.1,28.4,27.2,26.4,27.3,27.1,28.8,26.14,2.54,-1.22,57,72,19.7,14.36,0.0,0.8584,0.513,27.7,27.2,27.2,station
2026-03-02,27.9,23.5,23.1,26.4,28.8,27.1,24.3,25.5,27.9,28.7,25.94,2.56,-0.76,59,62,15.5,13.09,0.0,0.8671,0.4981,27.0,27.8,27.8,station
2026-03-03,29.5,29.0,23.5,29.7,29.8,28.7,28.4,29.1,29.6,30.7,28.3,2.7,-1.0,61,72,25.4,16.2,0.2,0.8755,0.4831,29.0,28.9,28.9,station
2026-03-04,27.7,25.2,25.3,28.6,28.8,27.7,24.5,23.9,26.3,29.1,27.12,1.76,0.82,74,86,22.0,11.73,2.3,0.8837,0.468,26.4,27.2,27.2,station
2026-03-05,25.4,27.2,23.5,26.5,26.8,26.8,26.5,24.8,24.8,28.5,25.88,1.49,-0.4,74,82,24.3,14.72,5.2,0.8916,0.4527,27.3,27.2,27.2,station
2026-03-06,25.3,26.4,22.4,26.3,27.1,26.1,26.2,24.0,27.0,27.3,25.5,1.85,-0.62,78,80,29.4,13.08,31.5,0.8993,0.4373,27.5,28.3,28.3,station
2026-03-07,20.7,21.9,20.5,21.0,20.7,19.7,22.0,20.6,20.9,20.9,20.96,0.55,0.14,86,92,21.6,9.44,67.8,0.9067,0.4218,20.5,23.9,23.9,station
2026-03-08,20.5,21.2,19.2,22.6,19.1,20.7,21.5,22.5,22.2,19.7,20.52,1.46,-0.8,78,47,16.0,18.87,0.0,0.9138,0.4061,21.2,23.9,23.9,station
2026-03-09,26.0,25.5,24.4,29.0,28.3,26.5,27.5,25.6,27.6,24.8,26.64,1.94,0.24,81,75,20.6,13.85,0.4,0.9207,0.3904,27.5,28.9,28.9,station
2026-03-10,25.9,25.7,24.6,26.1,26.4,25.4,25.5,25.7,26.1,28.6,25.74,0.69,-0.52,84,96,22.2,10.73,3.0,0.9272,0.3745,26.9,27.8,27.8,station
2026-03-11,23.6,21.0,21.1,26.0,23.4,25.5,21.0,24.6,26.0,24.5,23.02,2.07,-1.3,73,53,28.3,15.82,33.4,0.9335,0.3585,23.4,24.4,24.4,station
2026-03-12,16.5,16.8,14.2,17.1,15.8,16.1,16.7,18.1,17.9,15.6,16.08,1.16,-0.8,54,0,18.9,22.44,0.0,0.9396,0.3424,15.0,17.2,17.2,station
2026-03-13,22.5,24.1,20.7,24.1,24.4,22.5,24.0,23.6,24.3,24.0,23.16,1.56,-0.52,54,0,15.4,21.89,0.0,0.9453,0.3261,23.2,24.4,24.4,station
2026-03-14,24.9,25.4,22.2,26.6,28.7,24.2,24.7,26.0,26.4,29.1,25.56,2.38,-0.52,69,34,21.4,21.26,0.0,0.9508,0.3098,25.6,27.2,27.2,station
2026-03-15,27.4,27.9,23.6,27.0,29.7,26.6,27.3,29.6,28.1,30.9,27.12,2.22,-1.38,60,67,33.7,20.93,0.0,0.956,0.2934,27.8,29.4,29.4,station
2026-03-16,8.4,8.7,7.5,9.0,9.6,8.7,9.6,10.4,9.7,9.4,8.64,0.78,-0.92,38,55,24.8,20.63,0.7,0.9609,0.2769,7.6,8.9,8.9,station
2026-03-17,16.4,16.6,14.7,16.6,16.7,16.9,16.9,16.5,16.6,16.5,16.2,0.85,-0.48,42,49,20.1,22.37,0.0,0.9655,0.2604,16.4,17.2,17.2,station
2026-03-18,23.0,23.6,20.6,23.6,24.5,23.5,24.1,22.8,23.9,25.1,23.06,1.48,-0.82,41,69,15.0,21.75,0.0,0.9698,0.2437,23.0,23.3,23.3,station
2026-03-19,29.0,29.2,25.8,30.0,29.8,30.2,29.5,28.0,29.8,30.6,28.76,1.71,-0.86,46,6,17.0,22.34,0.0,0.9739,0.227,29.7,30.0,30.0,station
2026-03-20,31.7,31.6,28.4,32.7,31.8,32.1,31.3,31.9,32.8,32.1,31.24,1.65,-0.8,44,0,14.3,22.56,0.0,0.9777,0.2102,32.0,31.7,31.7,station
2026-03-21,33.8,32.7,28.5,34.2,33.6,34.2,32.8,33.0,34.9,34.1,32.56,2.34,-1.24,46,0,17.5,22.73,0.0,0.9811,0.1934,33.4,32.8,32.8,station
2026-03-22,34.6,32.4,27.5,35.3,33.1,35.1,32.3,32.9,36.4,33.8,32.58,3.07,-1.52,39,5,22.5,23.12,0.0,0.9843,0.1765,34.2,33.9,33.9,station
2026-03-23,25.4,25.7,23.3,25.7,29.2,26.6,25.2,26.1,25.6,32.2,25.86,2.12,-1.28,47,34,14.4,22.46,0.0,0.9872,0.1595,26.9,26.7,26.7,station
2026-03-24,30.6,28.5,26.3,29.2,29.3,30.8,28.8,27.6,29.4,30.4,28.78,1.58,-0.62,51,45,13.9,21.74,0.0,0.9898,0.1425,29.0,28.3,28.3,station
2026-03-25,30.8,29.5,25.7,30.8,30.1,31.2,30.1,30.2,30.8,30.9,29.38,2.13,-1.26,60,43,18.2,21.11,0.0,0.9921,0.1255,29.7,28.9,28.9,station
2026-03-26,31.1,29.7,26.1,31.0,30.4,31.4,30.1,30.1,32.0,30.8,29.66,2.07,-1.22,59,6,21.0,22.23,0.0,0.9941,0.1084,30.2,29.4,29.4,station
2026-03-27,26.2,24.0,22.5,24.7,27.6,27.5,24.2,28.0,25.7,29.2,25.0,1.97,-1.92,68,52,21.2,9.86,1.1,0.9958,0.0913,24.6,23.3,23.3,station
2026-03-28,18.6,15.7,14.4,13.7,18.8,20.3,16.0,14.5,16.2,20.2,16.24,2.36,-1.2,55,87,18.6,8.12,0.6,0.9972,0.0741,16.0,13.9,13.9,station
2026-03-29,28.0,28.1,24.1,27.1,26.9,28.3,27.6,27.0,28.1,27.4,26.84,1.62,-0.84,50,1,20.9,23.54,0.0,0.9984,0.057,27.6,27.8,27.8,station
2026-03-30,29.7,28.5,24.8,30.1,28.8,29.4,28.8,29.3,29.9,28.4,28.38,2.1,-0.78,57,35,22.3,20.1,0.0,0.9992,0.0398,29.1,28.3,28.3,station
2026-03-31,30.8,29.6,25.4,30.5,29.9,30.6,29.5,28.9,30.5,29.0,29.24,2.2,-0.46,54,74,23.4,22.01,0.0,0.9997,0.0226,30.9,29.4,29.4,station
2026-04-01,30.2,29.3,26.6,31.4,31.4,31.5,28.9,30.2,32.1,31.0,29.78,1.99,-0.96,60,88,25.2,16.36,0.4,1.0,0.0054,30.6,30.0,30.0,station
2026-04-02,26.3,26.9,25.9,28.6,27.5,27.9,26.6,28.1,29.9,28.0,27.04,1.06,-1.06,72,64,23.7,19.99,16.6,0.9999,-0.0118,27.3,27.8,27.8,station
2026-04-03,26.9,26.9,25.3,28.6,28.6,27.5,26.9,27.8,27.5,28.6,27.26,1.39,-0.4,78,80,23.8,15.31,6.7,0.9996,-0.029,27.7,28.3,28.3,station
2026-04-04,21.7,23.2,21.3,21.8,25.5,21.8,23.2,23.5,21.5,24.6,22.7,1.72,-0.22,76,80,30.8,12.99,22.4,0.9989,-0.0462,21.6,23.3,23.3,station
2026-04-05,19.4,20.7,18.3,21.2,19.0,19.7,21.4,20.8,20.7,19.2,19.72,1.2,-0.64,58,84,14.1,22.97,0.0,0.998,-0.0634,19.4,21.1,21.1,station
2026-04-06,19.6,22.2,19.7,20.9,21.7,20.0,22.5,21.2,20.6,20.7,20.82,1.16,-0.18,57,18,9.8,25.68,0.0,0.9968,-0.0805,20.9,22.2,22.2,station
2026-04-07,21.0,22.3,20.6,22.8,21.8,20.6,23.3,21.2,21.6,21.5,21.7,0.91,0.06,59,100,11.0,21.58,0.0,0.9952,-0.0977,21.2,22.2,22.2,station
2026-04-08,23.8,25.7,23.0,24.6,26.0,23.0,24.6,24.3,25.5,25.7,24.62,1.26,0.0,60,54,14.3,21.05,0.0,0.9934,-0.1148,25.2,25.6,25.6,station
2026-04-09,26.5,26.9,24.4,26.5,27.8,25.2,23.9,27.0,28.0,28.3,26.42,1.25,-0.06,65,26,15.3,22.49,0.3,0.9913,-0.1319,26.8,26.1,26.1,station
2026-04-10,26.6,26.4,24.7,,27.9,26.7,24.2,26.4,27.6,28.8,26.4,1.31,-0.34,73,55,15.0,17.28,0.6,0.9889,-0.1489,27.1,27.8,27.8,station
2026-04-11,26.0,25.7,23.3,,27.8,26.3,23.5,25.7,26.0,28.7,25.7,1.85,-0.34,80,78,20.0,14.5,3.1,0.9861,-0.1659,25.9,26.7,26.7,station
2026-04-12,23.4,23.3,22.7,,25.4,22.6,23.3,24.1,24.6,24.4,23.7,1.17,-0.1,88,100,24.3,7.78,13.5,0.9831,-0.1828,23.4,22.8,22.8,station
2026-04-13,27.7,28.3,27.0,30.7,27.2,28.2,28.4,26.3,32.1,25.6,28.18,1.5,0.06,80,72,22.6,17.49,0.9,0.9799,-0.1997,28.4,28.3,28.3,station
2026-04-14,26.9,27.3,23.7,27.4,27.5,26.6,27.4,25.6,27.7,27.1,26.56,1.61,-0.32,80,92,20.7,13.37,0.8,0.9763,-0.2165,26.1,26.7,26.7,station
2026-04-15,26.7,24.7,24.3,27.0,26.1,25.1,24.0,25.2,25.9,24.3,25.76,1.2,0.86,83,87,21.6,13.04,21.9,0.9724,-0.2333,25.0,26.1,26.1,station
2026-04-16,28.0,29.4,27.0,29.6,28.6,27.6,28.9,30.8,29.5,30.2,28.52,1.06,-0.88,80,37,18.2,19.2,2.0,0.9683,-0.25,27.6,29.4,29.4,station
2026-04-17,27.9,27.8,25.0,29.3,30.7,28.7,27.5,28.9,29.2,30.1,28.14,2.12,-0.74,73,59,23.8,14.43,0.3,0.9638,-0.2666,27.5,28.3,28.3,station
2026-04-18,24.4,25.1,21.5,24.8,27.9,24.2,24.8,23.6,24.9,28.0,24.74,2.28,-0.36,75,93,29.2,8.24,24.6,0.9591,-0.2831,23.5,23.9,23.9,station
2026-04-19,20.5,22.1,19.6,20.9,21.0,20.8,22.1,21.9,22.0,20.5,20.82,0.9,-0.64,63,48,9.6,27.42,0.0,0.9541,-0.2996,20.6,22.2,22.2,station
2026-04-20,21.9,21.7,20.6,21.7,23.2,22.4,22.6,21.5,22.0,23.1,21.82,0.93,-0.5,62,95,13.6,23.22,0.0,0.9488,-0.316,21.3,21.1,21.1,station
2026-04-21,19.5,16.2,17.6,16.2,16.6,20.1,18.0,15.8,15.5,17.3,17.22,1.4,-0.12,87,97,22.2,8.63,21.5,0.9432,-0.3322,18.7,17.2,17.2,station
2026-04-22,24.2,24.8,23.7,25.9,23.8,23.9,25.1,25.0,26.8,24.5,24.48,0.9,-0.58,87,76,16.7,13.36,7.2,0.9373,-0.3484,24.2,25.0,25.0,station
2026-04-23,26.1,26.6,23.8,27.5,26.1,25.7,26.7,26.4,26.9,25.5,26.02,1.37,-0.22,79,92,25.6,16.86,0.6,0.9312,-0.3645,26.3,27.2,27.2,station
2026-04-24,30.7,31.4,29.2,31.3,32.8,30.0,30.3,31.0,30.4,32.3,31.08,1.3,0.28,73,51,21.3,22.15,0.5,0.9248,-0.3804,30.9,32.2,32.2,station
2026-04-25,30.4,29.6,28.9,30.8,33.5,31.3,28.8,33.1,31.6,34.2,30.64,1.76,-1.16,83,59,19.3,17.39,10.3,0.9181,-0.3963,30.3,30.0,30.0,station
2026-04-26,28.8,29.5,27.8,30.8,32.3,30.8,29.1,35.9,31.1,33.8,29.84,1.76,-2.3,79,64,21.7,17.01,0.3,0.9112,-0.412,29.2,29.4,29.4,station
2026-04-27,32.4,32.7,31.0,34.3,33.9,31.6,32.1,33.0,34.3,34.4,32.86,1.31,-0.22,75,40,19.8,22.38,0.1,0.9039,-0.4276,33.0,33.3,33.3,station
2026-04-28,31.6,27.7,28.4,31.5,32.6,29.0,27.2,34.5,29.0,26.4,30.36,2.17,1.14,85,75,21.8,16.3,0.8,0.8965,-0.4431,29.1,28.3,28.3,station
2026-04-29,22.1,21.7,20.1,24.6,20.9,21.6,21.7,23.1,23.5,20.7,21.88,1.7,-0.24,84,100,16.7,6.66,47.7,0.8887,-0.4585,23.0,21.7,21.7,station
2026-04-30,18.6,17.9,17.7,18.1,19.4,18.6,17.2,18.8,19.6,18.5,18.34,0.68,-0.2,85,95,18.7,6.44,4.0,0.8807,-0.4737,17.9,17.8,17.8,station
2026-05-01,18.3,16.7,17.7,18.6,15.9,19.5,17.2,14.2,15.7,16.0,17.44,1.13,0.92,76,99,18.0,10.0,1.5,0.8724,-0.4888,18.3,18.3,18.3,station
2026-05-02,22.0,24.6,22.1,24.4,23.8,22.2,24.4,22.9,23.9,22.3,23.38,1.25,0.24,66,9,6.8,27.13,0.0,0.8639,-0.5037,23.0,25.0,25.0,station
2026-05-03,26.1,27.5,24.3,27.5,26.8,25.7,27.4,26.9,27.3,26.6,26.44,1.33,-0.34,58,17,14.5,27.82,0.0,0.8551,-0.5185,26.5,27.2,27.2,station
2026-05-04,27.8,28.0,24.8,28.2,30.6,27.4,28.2,27.5,27.7,29.8,27.88,2.06,-0.24,63,62,22.9,26.44,0.0,0.846,-0.5331,27.6,27.2,27.2,station
2026-05-05,33.7,31.0,30.0,33.3,33.3,32.7,31.4,33.4,33.0,33.5,32.26,1.65,-0.54,70,99,19.8,21.54,0.0,0.8367,-0.5476,32.5,32.2,32.2,station
2026-05-06,21.4,18.9,23.4,21.9,21.1,26.1,21.4,25.4,23.4,24.1,21.34,1.63,-2.74,76,100,12.9,11.3,2.6,0.8272,-0.5619,18.5,17.2,17.2,station
2026-05-07,21.0,21.1,22.8,23.0,22.9,22.7,21.1,24.0,23.6,21.0,22.16,1.02,-0.32,72,97,10.9,22.07,0.0,0.8174,-0.5761,22.4,23.3,23.3,station
2026-05-08,25.4,24.8,24.7,25.6,24.5,25.4,24.0,30.4,25.6,26.0,25.0,0.47,-1.28,82,67,12.1,15.41,31.1,0.8074,-0.59,23.1,24.4,24.4,station
2026-05-09,27.9,30.0,30.3,31.7,29.6,28.4,30.0,29.9,31.5,30.1,29.9,1.37,-0.08,79,41,13.3,26.94,0.6,0.7971,-0.6038,29.4,32.2,32.2,station
2026-05-10,27.4,25.2,28.7,29.3,28.5,27.3,24.3,34.2,31.6,23.8,27.82,1.62,-0.42,87,68,17.5,13.8,28.3,0.7866,-0.6175,24.9,26.1,26.1,station
2026-05-11,25.2,25.3,24.3,25.3,24.3,24.9,27.3,24.0,25.4,23.4,24.88,0.53,-0.12,78,68,13.4,17.47,3.1,0.7759,-0.6309,24.6,25.6,25.6,station
2026-05-12,26.5,28.3,26.2,27.8,28.0,28.1,28.4,27.8,28.7,26.5,27.36,0.94,-0.54,67,1,7.7,29.27,0.0,0.7649,-0.6442,28.1,30.0,30.0,station
2026-05-13,32.4,33.4,29.1,31.7,31.9,29.8,31.8,31.0,31.4,31.7,31.7,1.6,0.56,56,1,11.3,28.62,0.0,0.7537,-0.6572,33.3,32.2,32.2,station
2026-05-14,34.3,33.4,29.3,32.8,33.0,34.2,33.4,32.7,32.8,32.6,32.56,1.91,-0.58,54,28,20.9,28.59,0.0,0.7423,-0.6701,33.3,32.8,32.8,station
2026-05-15,32.8,29.3,27.9,31.5,31.4,32.0,30.2,32.2,30.7,31.1,30.58,1.95,-0.66,59,77,23.3,22.54,0.1,0.7306,-0.6828,32.4,31.1,31.1,station
2026-05-16,32.3,31.0,27.8,31.8,32.3,32.3,31.2,32.7,31.8,32.3,31.04,1.89,-1.02,65,32,23.4,26.17,0.0,0.7188,-0.6952,30.8,30.6,30.6,station
2026-05-17,31.9,30.1,27.3,32.8,32.1,33.5,30.3,33.0,32.7,33.0,30.84,2.22,-1.66,74,63,29.2,20.13,6.5,0.7067,-0.7075,31.4,30.6,30.6,station
2026-05-18,31.5,30.7,29.0,32.4,32.0,31.9,30.8,32.9,32.8,31.6,31.12,1.34,-0.88,80,71,28.1,23.22,7.7,0.6945,-0.7195,30.7,32.2,32.2,station
2026-05-19,26.4,26.3,26.6,29.1,32.8,30.2,27.5,33.6,27.8,33.6,28.24,2.8,-2.3,90,86,20.0,10.29,24.0,0.682,-0.7314,25.6,29.4,29.4,station
2026-05-20,26.5,24.6,27.2,27.0,26.7,28.5,24.6,28.6,28.6,24.6,26.4,1.04,-0.58,82,85,12.0,20.32,0.2,0.6693,-0.743,26.1,27.2,27.2,station
2026-05-21,26.6,23.7,26.3,25.6,28.6,24.6,22.9,22.2,24.4,24.0,26.16,1.77,2.54,91,99,8.7,11.7,28.4,0.6564,-0.7544,23.9,24.4,24.4,station
2026-05-22,27.9,27.6,27.5,28.9,28.6,28.9,27.2,30.2,31.1,27.0,28.1,0.62,-0.78,83,69,12.6,21.56,14.4,0.6433,-0.7656,27.9,30.6,30.6,station
2026-05-23,30.0,26.5,28.8,26.8,28.6,27.0,26.8,32.4,27.9,27.8,28.14,1.47,-0.24,81,66,14.0,22.16,20.6,0.6301,-0.7765,27.1,28.9,28.9,station
2026-05-24,28.6,29.4,28.7,30.5,30.8,26.6,30.0,31.4,31.2,24.9,29.6,1.01,0.78,87,59,10.8,22.52,5.4,0.6166,-0.7873,27.3,31.1,31.1,station
2026-05-25,29.2,28.9,28.7,30.3,27.5,29.0,30.9,32.6,31.7,30.9,28.92,1.01,-2.1,81,58,9.4,23.48,4.0,0.603,-0.7978,28.7,30.0,30.0,station
2026-05-26,29.2,28.9,28.0,30.8,28.7,28.6,28.9,31.7,32.1,28.9,29.12,1.04,-0.92,79,36,13.8,25.2,4.5,0.5892,-0.808,28.7,30.0,30.0,station
2026-05-27,27.2,27.1,28.1,28.0,25.1,26.9,26.1,31.0,25.6,25.9,27.1,1.21,0.0,88,97,14.1,12.99,24.5,0.5752,-0.818,26.5,28.9,28.9,station
2026-05-28,28.8,29.9,28.0,32.3,29.0,29.0,30.6,33.2,31.4,29.0,29.6,1.65,-1.04,82,39,7.0,24.45,5.2,0.561,-0.8278,28.4,31.1,31.1,station
2026-05-29,31.5,32.6,30.8,34.9,34.5,31.3,32.7,33.8,35.9,32.9,32.86,1.8,-0.46,74,36,10.9,23.81,1.9,0.5467,-0.8373,31.2,32.2,32.2,station
2026-05-30,32.0,32.1,30.8,32.8,33.8,31.6,32.7,34.6,35.5,34.1,32.3,1.1,-1.4,70,70,18.4,26.78,0.0,0.5322,-0.8466,32.4,33.9,33.9,station
2026-05-31,35.5,34.0,30.8,35.9,35.0,34.7,33.7,35.9,36.0,35.1,34.24,2.05,-0.84,66,4,13.6,29.25,0.0,0.5176,-0.8556,33.6,33.9,33.9,station
2026-06-01,35.8,33.9,31.9,35.7,35.6,36.2,34.1,36.5,36.5,35.3,34.58,1.69,-1.14,69,25,10.9,28.34,0.0,0.5028,-0.8644,33.4,34.4,34.4,station
2026-06-02,34.1,32.3,33.4,35.9,35.8,33.5,32.3,36.2,36.2,35.9,34.3,1.55,-0.52,71,44,13.9,24.26,1.7,0.4878,-0.8729,34.6,35.6,35.6,station
2026-06-03,32.8,29.7,29.4,33.4,33.0,31.5,30.7,31.6,33.2,31.5,31.66,1.94,-0.04,76,60,14.3,25.6,2.4,0.4728,-0.8812,30.4,31.7,31.7,station
2026-06-04,28.5,28.4,27.9,29.7,31.5,28.8,27.9,31.7,31.3,31.9,29.2,1.45,-1.12,75,41,13.6,24.3,6.0,0.4575,-0.8892,29.5,30.0,30.0,station
2026-06-05,28.5,27.6,26.8,29.9,28.9,28.4,28.1,29.4,28.8,29.6,28.34,1.19,-0.52,85,89,15.5,19.9,17.8,0.4422,-0.8969,29.5,28.3,28.3,station
2026-06-06,28.8,28.8,27.2,29.9,,28.0,29.0,30.8,29.8,26.4,28.68,1.11,-0.12,87,72,19.0,20.2,16.0,0.4267,-0.9044,29.9,31.1,31.1,station
2026-06-07,31.0,30.9,28.9,35.0,,32.2,30.0,32.7,31.4,30.7,31.45,2.56,0.05,85,54,21.1,24.31,12.4,0.4111,-0.9116,31.0,33.3,33.3,station
2026-06-08,31.2,32.5,30.5,35.4,,31.5,33.0,35.1,36.5,33.7,32.4,2.16,-1.56,75,53,20.1,24.88,1.1,0.3953,-0.9185,33.1,34.4,34.4,station
2026-06-09,32.4,32.6,29.5,33.6,,32.2,32.5,35.1,34.9,33.6,32.02,1.76,-1.64,71,26,16.6,26.43,0.0,0.3795,-0.9252,32.5,33.3,33.3,station
2026-06-10,34.4,33.8,29.6,34.8,34.5,34.2,33.7,32.7,35.2,34.7,33.42,2.17,-0.68,69,31,18.8,25.14,0.1,0.3635,-0.9316,34.7,33.9,33.9,station
2026-06-11,36.6,34.6,30.3,35.0,35.1,35.6,34.6,36.1,35.3,35.7,34.32,2.37,-1.14,69,57,21.9,19.63,0.1,0.3474,-0.9377,33.5,33.9,33.9,station
2026-06-12,31.5,30.4,31.9,31.8,33.6,32.7,31.1,35.1,34.7,34.2,31.84,1.15,-1.72,79,53,15.6,22.37,3.1,0.3312,-0.9436,31.7,31.7,31.7,station
2026-06-13,33.2,33.7,30.1,34.5,33.6,33.6,33.8,35.9,34.4,34.6,33.02,1.7,-1.44,71,40,15.1,26.88,0.0,0.3149,-0.9491,33.1,32.8,32.8,station
2026-06-14,34.3,29.1,30.8,32.5,31.1,30.9,28.9,35.2,31.5,34.1,31.56,1.95,-0.56,78,65,16.2,19.83,10.6,0.2986,-0.9544,28.3,28.9,28.9,station
2026-06-15,29.3,26.9,28.0,28.0,27.1,28.0,27.6,25.5,25.9,26.2,27.86,0.95,1.22,89,79,12.5,18.49,54.5,0.2821,-0.9594,28.1,30.0,30.0,station
2026-06-16,30.6,32.2,29.9,32.1,31.1,30.9,31.8,32.9,31.9,30.1,31.18,0.98,-0.34,78,34,10.1,23.9,7.0,0.2656,-0.9641,30.8,31.7,31.7,station
2026-06-17,32.9,32.6,30.2,34.3,33.5,32.6,33.0,34.2,34.6,32.9,32.7,1.54,-0.76,73,26,21.9,24.71,0.0,0.2489,-0.9685,33.0,32.8,32.8,station
2026-06-18,34.9,33.7,32.7,35.3,35.3,36.1,34.5,37.0,36.0,34.9,34.38,1.15,-1.32,76,46,14.9,21.93,0.4,0.2322,-0.9727,33.8,34.4,34.4,station
2026-06-19,32.3,28.4,31.1,30.8,31.0,33.9,28.0,32.1,31.3,30.0,30.72,1.42,-0.34,87,96,17.2,12.0,21.1,0.2155,-0.9765,27.5,28.9,28.9,station
2026-06-20,31.0,30.8,29.2,28.4,30.6,29.9,28.6,34.7,28.7,28.8,30.0,1.14,-0.14,82,32,11.7,26.86,6.5,0.1986,-0.9801,31.0,33.3,33.3,station
2026-06-21,32.2,32.6,30.9,34.5,34.9,33.0,32.4,36.8,34.1,35.4,33.02,1.66,-1.32,76,23,18.9,25.14,1.2,0.1818,-0.9833,32.2,33.3,33.3,station
2026-06-22,34.3,32.6,30.2,36.7,35.0,33.7,32.0,36.5,35.6,35.5,33.76,2.47,-0.9,79,54,17.0,24.93,14.4,0.1648,-0.9863,34.0,34.4,34.4,station
2026-06-23,34.1,31.4,32.1,35.1,35.8,33.9,31.0,36.1,35.4,35.2,33.7,1.9,-0.62,78,85,18.4,18.48,15.7,0.1478,-0.989,33.0,33.9,33.9,station
2026-06-24,34.9,32.9,31.4,34.7,34.8,34.2,32.7,36.8,35.1,36.3,33.74,1.55,-1.28,69,38,14.0,26.98,0.2,0.1308,-0.9914,33.7,34.4,34.4,station
2026-06-25,34.9,33.7,30.8,33.0,34.2,33.4,33.9,36.9,33.2,35.3,33.32,1.57,-1.22,65,40,18.1,24.83,0.0,0.1137,-0.9935,32.6,33.3,33.3,station
2026-06-26,34.9,34.4,29.9,35.2,34.2,35.4,34.5,36.9,34.6,34.2,33.72,2.17,-1.4,63,74,23.6,25.54,0.0,0.0966,-0.9953,34.7,34.4,34.4,station
2026-06-27,36.1,34.7,31.3,36.4,35.6,35.8,34.9,37.4,36.0,35.4,34.82,2.07,-1.08,60,32,23.6,29.22,0.0,0.0795,-0.9968,35.8,35.6,35.6,station
2026-06-28,37.2,35.5,32.4,36.7,36.0,37.0,35.4,38.7,36.6,36.0,35.56,1.88,-1.18,58,16,24.8,28.12,0.0,0.0623,-0.9981,36.3,35.6,35.6,station
2026-06-29,37.5,35.9,34.5,36.7,36.0,38.0,36.0,39.5,37.2,36.1,36.12,1.11,-1.24,58,29,23.7,28.36,0.0,0.0451,-0.999,36.8,35.6,35.6,station
2026-06-30,36.4,34.7,34.0,35.7,35.9,36.5,34.8,38.0,36.0,35.5,35.34,0.97,-0.82,57,7,19.5,28.44,0.0,0.028,-0.9996,36.1,35.0,35.0,station
2026-07-01,36.4,35.2,33.4,35.8,35.4,37.1,35.0,38.8,35.8,36.0,35.24,1.13,-1.3,54,11,17.1,27.2,0.0,0.0108,-0.9999,36.8,35.0,35.0,station
2026-07-02,37.0,34.9,33.8,35.1,35.6,37.1,34.5,36.7,34.9,35.9,35.28,1.16,-0.54,51,16,16.7,27.05,0.3,-0.0065,-1.0,36.9,35.0,35.0,station
2026-07-03,37.8,36.1,32.4,36.0,35.4,37.5,35.9,37.9,35.1,35.6,35.54,1.97,-0.86,53,11,12.4,27.47,0.1,-0.0237,-0.9997,37.1,36.1,36.1,station
2026-07-04,38.4,37.2,36.2,37.6,37.3,38.8,37.2,39.2,36.7,36.9,37.34,0.79,-0.42,51,32,13.9,26.91,0.2,-0.0408,-0.9992,37.6,36.7,36.7,station
2026-07-05,36.9,33.4,36.7,37.6,37.6,37.7,34.0,40.4,38.8,37.9,36.44,1.75,-1.32,57,74,17.7,23.09,1.0,-0.058,-0.9983,35.9,36.1,36.1,station
2026-07-06,36.6,33.5,37.4,35.3,36.1,38.3,33.3,39.0,36.0,37.0,35.78,1.49,-0.94,54,41,8.9,26.42,0.9,-0.0752,-0.9972,36.8,36.7,36.7,station
2026-07-07,37.8,35.7,36.4,36.7,36.2,33.1,34.7,38.9,36.0,34.7,36.56,0.78,1.08,56,29,15.0,24.92,2.4,-0.0923,-0.9957,38.3,38.3,38.3,station
2026-07-08,37.0,37.3,35.0,36.2,37.6,38.0,37.4,40.2,37.4,35.2,36.62,1.04,-1.02,53,24,14.2,26.38,0.2,-0.1094,-0.994,37.7,38.3,38.3,station
2026-07-09,38.5,37.6,37.0,38.4,37.1,38.5,37.7,39.5,37.5,37.3,37.72,0.7,-0.38,47,7,19.3,27.18,0.1,-0.1265,-0.992,38.0,38.3,38.3,station
2026-07-10,38.1,36.1,34.5,37.8,36.7,38.7,36.9,38.8,38.1,36.8,36.64,1.44,-1.22,47,5,18.3,28.23,0.7,-0.1436,-0.9896,37.2,36.7,36.7,station
2026-07-11,38.0,35.6,35.2,37.0,36.2,38.2,35.4,38.1,37.7,37.0,36.4,1.12,-0.88,57,16,17.3,26.52,1.9,-0.1606,-0.987,36.2,36.7,36.7,station
2026-07-12,30.5,31.6,32.7,34.7,34.3,37.1,32.5,38.8,35.6,36.1,32.76,1.77,-3.26,70,31,15.7,23.48,19.3,-0.1775,-0.9841,36.1,36.7,36.7,station
2026-07-13,29.2,27.5,29.3,28.5,27.8,29.1,27.6,32.6,31.0,31.8,28.46,0.81,-1.96,88,71,12.0,18.88,21.9,-0.1944,-0.9809,29.7,33.3,33.3,station
2026-07-14,28.9,29.8,30.1,28.5,29.8,27.4,29.6,34.2,29.6,28.4,29.42,0.68,-0.42,83,40,17.3,23.79,4.7,-0.2113,-0.9774,31.5,32.8,32.8,station
2026-07-15,30.0,28.9,28.9,30.7,33.1,31.7,30.0,32.0,29.3,32.2,30.32,1.73,-0.72,80,42,19.3,24.18,8.9,-0.2281,-0.9736,30.9,32.8,32.8,station
2026-07-16,29.9,28.7,31.5,31.9,30.2,29.4,28.5,30.5,31.8,33.2,30.44,1.29,-0.24,80,94,15.1,20.35,4.7,-0.2448,-0.9696,30.6,31.7,31.7,station
2026-07-17,33.7,32.9,31.4,35.5,33.7,32.8,32.3,34.6,35.3,32.6,33.44,1.49,-0.08,71,81,16.3,23.43,1.0,-0.2614,-0.9652,33.6,34.4,34.4,station
2026-07-18,36.2,35.4,35.1,35.2,34.9,35.0,34.6,35.1,36.6,34.5,35.36,0.5,0.2,57,31,15.7,26.56,0.0,-0.278,-0.9606,36.1,36.1,36.1,station
2026-07-19,38.0,36.5,36.0,36.0,37.0,38.1,35.7,38.2,36.9,36.7,36.7,0.84,-0.42,66,19,11.1,25.36,1.7,-0.2945,-0.9557,34.8,36.7,36.7,station
2026-07-20,38.2,38.2,38.4,38.6,37.8,39.7,38.4,39.0,38.1,38.0,38.24,0.3,-0.4,60,4,9.8,27.67,0.0,-0.3109,-0.9505,36.8,38.9,38.9,station
2026-07-21,40.7,40.3,41.0,41.0,38.8,41.4,40.2,41.8,41.5,38.9,40.36,0.92,-0.4,48,10,11.4,27.45,0.0,-0.3272,-0.945,40.4,41.7,41.7,station
2026-07-22,38.9,40.0,41.1,41.0,40.0,40.1,40.0,41.8,41.7,39.4,40.2,0.9,-0.4,45,37,15.8,25.1,0.1,-0.3434,-0.9392,41.3,42.2,42.2,station
2026-07-23,36.5,35.0,37.5,36.6,36.6,37.1,35.9,39.0,37.2,36.5,36.44,0.9,-0.7,56,8,16.5,27.84,0.0,-0.3595,-0.9332,35.8,36.1,36.1,station
2026-07-24,37.5,34.8,31.7,36.2,35.2,36.9,34.9,37.1,35.7,35.8,35.08,2.16,-1.0,63,68,16.9,18.55,1.1,-0.3755,-0.9268,36.2,34.4,34.4,station
2026-07-25,38.6,36.2,36.1,37.0,36.8,39.3,36.3,38.8,37.5,36.6,36.94,1.0,-0.76,49,32,15.9,25.92,0.0,-0.3914,-0.9202,38.2,36.7,36.7,station
2026-07-26,38.9,36.9,36.5,37.6,36.8,39.5,36.7,39.9,37.8,37.2,37.34,0.96,-0.88,47,3,13.6,27.88,0.0,-0.4071,-0.9134,38.4,36.7,36.7,station
2026-07-27,39.0,37.2,37.0,38.0,37.3,39.7,37.3,41.0,37.9,37.3,37.7,0.82,-0.94,46,16,13.7,27.94,0.0,-0.4228,-0.9062,38.8,37.2,37.2,station
2026-07-28,39.3,37.4,37.6,38.3,37.9,39.4,37.1,40.7,38.4,37.9,38.1,0.75,-0.6,49,21,14.1,27.82,0.0,-0.4383,-0.8988,39.1,,,
