datum,p1_ifs,p1_aifs,p1_gfs,p1_icon,p1_gem,p2_ifs,p2_aifs,p2_gfs,p2_icon,p2_gem,mm_gem,mm_spreiding,run2run,rh_gem,bewolking_gem,wind_max,instraling_som,neerslag_som,doy_sin,doy_cos,era5_max,station_max,doel,doelbron
2021-01-01,,,,,,,,,,,,,,55,30,17.6,9.6,0.0,0.0172,0.9999,3.0,4.6,4.6,station
2021-01-02,,,,,,,,,,,,,,41,6,26.6,10.32,0.0,0.0344,0.9994,7.7,10.2,10.2,station
2021-01-03,,,,,,,,,,,,,,37,23,27.1,9.54,0.0,0.0516,0.9987,9.9,11.3,11.3,station
2021-01-04,,,,,,,,,,,,,,37,24,27.4,10.01,0.0,0.0688,0.9976,11.3,12.9,12.9,station
2021-01-05,,,,,,,,,,,,,,43,37,31.4,9.22,0.0,0.0859,0.9963,10.6,11.1,11.1,station
2021-01-06,,,,,,,,,,,,,,45,10,14.5,10.25,0.0,0.103,0.9947,6.4,6.1,6.1,station
2021-01-07,,,,,,,,,,,,,,43,52,16.2,7.8,0.1,0.1201,0.9928,7.9,8.5,8.5,station
2021-01-08,,,,,,,,,,,,,,46,5,16.1,10.42,0.0,0.1372,0.9905,5.6,6.1,6.1,station
2021-01-09,,,,,,,,,,,,,,75,92,12.0,3.99,4.2,0.1542,0.988,-0.8,-1.1,-1.1,station
2021-01-10,,,,,,,,,,,,,,74,48,12.1,9.64,0.2,0.1712,0.9852,1.4,0.6,0.6,station
2021-01-11,,,,,,,,,,,,,,30,17,19.4,11.3,0.0,0.1881,0.9821,6.8,6.4,6.4,station
2021-01-12,,,,,,,,,,,,,,27,32,22.5,11.06,0.0,0.205,0.9788,11.0,11.8,11.8,station
2021-01-13,,,,,,,,,,,,,,39,72,33.2,8.03,0.0,0.2218,0.9751,15.1,16.0,16.0,station
2021-01-14,,,,,,,,,,,,,,40,16,40.0,10.84,0.0,0.2385,0.9711,5.3,2.8,2.8,station
2021-01-15,,,,,,,,,,,,,,34,6,12.9,11.12,0.0,0.2552,0.9669,5.6,6.1,6.1,station
2021-01-16,,,,,,,,,,,,,,48,72,17.0,7.03,0.0,0.2718,0.9624,6.3,8.3,8.3,station
2021-01-17,,,,,,,,,,,,,,53,66,14.1,9.5,0.0,0.2883,0.9575,8.4,8.9,8.9,station
2021-01-18,,,,,,,,,,,,,,56,85,21.3,5.72,0.4,0.3047,0.9524,1.7,2.8,2.8,station
2021-01-19,,,,,,,,,,,,,,54,56,14.6,10.81,0.0,0.3211,0.9471,3.1,4.0,4.0,station
2021-01-20,,,,,,,,,,,,,,36,0,24.7,11.56,0.0,0.3373,0.9414,11.8,13.6,13.6,station
2021-01-21,,,,,,,,,,,,,,45,50,17.6,10.82,0.0,0.3534,0.9355,8.1,,,
2021-01-22,,,,,,,,,,,,,,55,37,20.5,10.91,0.0,0.3695,0.9292,7.1,,,
2021-01-23,,,,,,,,,,,,,,64,32,16.0,11.64,0.0,0.3854,0.9227,5.9,,,
2021-01-24,,,,,,,,,,,,,,70,62,17.6,9.46,0.0,0.4012,0.916,5.0,2.0,2.0,station
2021-01-25,,,,,,,,,,,,,,72,83,13.2,10.61,0.4,0.4169,0.9089,0.4,0.8,0.8,station
2021-01-26,,,,,,,,,,,,,,72,97,21.1,5.23,2.7,0.4325,0.9016,-2.9,-4.9,-4.9,station
2021-01-27,,,,,,,,,,,,,,45,18,21.3,13.02,0.1,0.4479,0.8941,5.6,5.0,5.0,station
2021-01-28,,,,,,,,,,,,,,40,64,22.6,9.68,0.0,0.4633,0.8862,12.9,13.8,13.8,station
2021-01-29,,,,,,,,,,,,,,33,34,28.2,12.35,0.0,0.4784,0.8781,13.4,16.8,16.8,station
2021-01-30,,,,,,,,,,,,,,44,42,22.9,11.6,0.2,0.4935,0.8698,8.5,10.6,10.6,station
2021-01-31,,,,,,,,,,,,,,35,13,18.2,13.33,0.0,0.5084,0.8611,8.8,10.3,10.3,station
2021-02-01,,,,,,,,,,,,,,30,80,19.2,10.4,0.0,0.5231,0.8523,14.2,13.1,13.1,station
2021-02-02,,,,,,,,,,,,,,40,2,15.8,13.05,0.0,0.5377,0.8432,15.5,17.5,17.5,station
2021-02-03,,,,,,,,,,,,,,50,56,25.8,11.37,3.4,0.5521,0.8338,16.6,18.0,18.0,station
2021-02-04,,,,,,,,,,,,,,46,43,32.2,13.19,0.2,0.5664,0.8242,3.4,3.9,3.9,station
2021-02-05,,,,,,,,,,,,,,37,64,17.2,10.1,0.0,0.5805,0.8143,6.2,4.4,4.4,station
2021-02-06,,,,,,,,,,,,,,38,51,26.2,12.0,0.2,0.5944,0.8042,6.3,5.8,5.8,station
2021-02-07,,,,,,,,,,,,,,37,42,37.7,14.35,0.0,0.6081,0.7938,11.3,12.8,12.8,station
2021-02-08,,,,,,,,,,,,,,50,32,17.1,14.41,0.0,0.6217,0.7833,4.9,0.6,0.6,station
2021-02-09,,,,,,,,,,,,,,57,50,12.8,13.26,0.0,0.6351,0.7725,3.1,0.6,0.6,station
2021-02-10,,,,,,,,,,,,,,61,41,12.0,11.57,0.0,0.6483,0.7614,5.5,2.1,2.1,station
2021-02-11,,,,,,,,,,,,,,55,21,18.6,13.86,0.0,0.6613,0.7502,2.7,-3.1,-3.1,station
2021-02-12,,,,,,,,,,,,,,55,64,17.3,12.22,0.0,0.6741,0.7387,-5.8,-12.8,-12.8,station
2021-02-13,,,,,,,,,,,,,,57,82,15.0,6.54,2.3,0.6867,0.727,-9.5,-16.2,-16.2,station
2021-02-14,,,,,,,,,,,,,,56,84,15.5,13.47,1.1,0.6991,0.715,-14.7,-17.1,-17.1,station
2021-02-15,,,,,,,,,,,,,,46,18,13.0,15.72,0.0,0.7113,0.7029,-0.3,-0.3,-0.3,station
2021-02-16,,,,,,,,,,,,,,41,57,17.9,14.25,0.0,0.7233,0.6906,4.4,4.9,4.9,station
2021-02-17,,,,,,,,,,,,,,64,69,16.4,13.85,2.0,0.735,0.678,0.8,-1.7,-1.7,station
2021-02-18,,,,,,,,,,,,,,64,33,16.6,16.48,1.4,0.7466,0.6653,0.4,0.4,0.4,station
2021-02-19,,,,,,,,,,,,,,39,26,19.9,15.22,0.0,0.7579,0.6523,7.3,,,
2021-02-20,,,,,,,,,,,,,,49,38,32.3,15.88,4.9,0.769,0.6392,11.6,,,
2021-02-21,,,,,,,,,,,,,,54,35,18.2,15.29,0.5,0.7799,0.6259,3.3,3.3,3.3,station
2021-02-22,,,,,,,,,,,,,,38,3,25.0,16.66,0.0,0.7906,0.6124,12.6,14.4,14.4,station
2021-02-23,,,,,,,,,,,,,,35,36,36.2,17.29,0.0,0.801,0.5987,14.4,15.7,15.7,station
2021-02-24,,,,,,,,,,,,,,55,51,21.3,12.39,3.8,0.8112,0.5848,4.1,4.4,4.4,station
2021-02-25,,,,,,,,,,,,,,78,41,22.7,17.78,6.1,0.8211,0.5708,1.2,-1.7,-1.7,station
2021-02-26,,,,,,,,,,,,,,55,13,21.8,18.5,0.0,0.8308,0.5566,3.5,2.9,2.9,station
2021-02-27,,,,,,,,,,,,,,61,34,22.1,15.48,0.2,0.8402,0.5422,0.3,1.7,1.7,station
2021-02-28,,,,,,,,,,,,,,45,27,15.0,18.98,0.0,0.8495,0.5277,-0.7,1.3,1.3,station
2021-03-01,,,,,,,,,,,,,,42,0,19.2,18.85,0.0,0.8584,0.513,8.3,9.2,9.2,station
2021-03-02,,,,,,,,,,,,,,35,0,20.3,19.13,0.0,0.8671,0.4981,14.0,15.6,15.6,station
2021-03-03,,,,,,,,,,,,,,31,5,22.7,19.0,0.0,0.8755,0.4831,14.8,16.5,16.5,station
2021-03-04,,,,,,,,,,,,,,57,81,24.7,8.39,7.0,0.8837,0.468,5.4,5.6,5.6,station
2021-03-05,,,,,,,,,,,,,,59,9,23.4,19.56,0.5,0.8916,0.4527,12.0,13.0,13.0,station
2021-03-06,,,,,,,,,,,,,,35,44,26.4,19.81,0.0,0.8993,0.4373,16.6,18.3,18.3,station
2021-03-07,,,,,,,,,,,,,,29,87,29.6,18.29,0.0,0.9067,0.4218,18.3,19.9,19.9,station
2021-03-08,,,,,,,,,,,,,,33,59,29.3,11.09,0.0,0.9138,0.4061,17.9,20.2,20.2,station
2021-03-09,,,,,,,,,,,,,,30,42,31.3,17.98,0.3,0.9207,0.3904,18.4,19.8,19.8,station
2021-03-10,,,,,,,,,,,,,,54,52,26.0,16.21,3.8,0.9272,0.3745,9.6,10.7,10.7,station
2021-03-11,,,,,,,,,,,,,,58,37,24.8,17.88,0.3,0.9335,0.3585,9.5,9.3,9.3,station
2021-03-12,,,,,,,,,,,,,,71,89,14.9,9.2,0.5,0.9396,0.3424,7.5,5.6,5.6,station
2021-03-13,,,,,,,,,,,,,,94,99,18.4,4.01,16.0,0.9453,0.3261,2.3,1.9,1.9,station
2021-03-14,,,,,,,,,,,,,,98,100,44.1,7.52,33.4,0.9508,0.3098,-1.1,-1.1,-1.1,station
2021-03-15,,,,,,,,,,,,,,81,37,24.8,20.64,0.3,0.956,0.2934,2.6,3.5,3.5,station
2021-03-16,,,,,,,,,,,,,,89,75,16.4,14.48,1.1,0.9609,0.2769,-1.4,3.9,3.9,station
2021-03-17,,,,,,,,,,,,,,85,58,15.6,18.55,1.1,0.9655,0.2604,0.5,2.9,2.9,station
2021-03-18,,,,,,,,,,,,,,73,6,17.9,22.94,0.0,0.9698,0.2437,3.9,6.3,6.3,station
2021-03-19,,,,,,,,,,,,,,68,2,25.7,22.66,0.0,0.9739,0.227,7.6,10.6,10.6,station
2021-03-20,,,,,,,,,,,,,,58,22,29.9,22.92,0.0,0.9777,0.2102,9.7,18.6,18.6,station
2021-03-21,,,,,,,,,,,,,,71,45,23.2,16.63,4.0,0.9811,0.1934,4.3,9.2,9.2,station
2021-03-22,,,,,,,,,,,,,,91,84,12.3,16.93,6.3,0.9843,0.1765,2.2,3.1,3.1,station
2021-03-23,,,,,,,,,,,,,,83,52,22.1,19.44,1.3,0.9872,0.1595,2.9,3.7,3.7,station
2021-03-24,,,3.2,,,,,,,,,,,85,64,21.1,19.52,4.8,0.9898,0.1425,1.9,4.4,4.4,station
2021-03-25,,,9.2,,,,,9.1,,,,,,64,51,25.8,22.47,0.0,0.9921,0.1255,8.3,10.3,10.3,station
2021-03-26,,,9.0,,,,,8.0,,,,,,81,95,14.8,19.56,3.2,0.9941,0.1084,7.1,8.5,8.5,station
2021-03-27,,,9.8,,,,,9.6,,,,,,58,18,16.6,22.36,0.0,0.9958,0.0913,8.7,10.2,10.2,station
2021-03-28,,,16.8,,,,,17.1,,,,,,42,9,21.1,23.34,0.0,0.9972,0.0741,16.2,17.8,17.8,station
2021-03-29,,,20.1,,,,,19.8,,,,,,30,30,33.8,24.19,0.0,0.9984,0.057,19.8,22.6,22.6,station
2021-03-30,,,1.7,,,,,3.0,,,,,,57,71,22.9,16.92,4.6,0.9992,0.0398,2.8,3.6,3.6,station
2021-03-31,,,9.4,,,,,9.5,,,,,,45,0,18.9,24.94,0.0,0.9997,0.0226,8.3,11.4,11.4,station
2021-04-01,,,18.6,,,,,18.7,,,,,,34,0,24.2,24.96,0.0,1.0,0.0054,18.1,21.2,21.2,station
2021-04-02,,,20.8,,,,,20.5,,,,,,27,34,19.6,22.16,0.0,0.9999,-0.0118,20.4,22.9,22.9,station
2021-04-03,,,22.3,,,,,21.9,,,,,,27,10,19.1,24.71,0.0,0.9996,-0.029,22.5,24.4,24.4,station
2021-04-04,,,22.5,,,,,22.4,,,,,,29,43,17.8,23.11,0.0,0.9989,-0.0462,23.6,24.9,24.9,station
2021-04-05,,,24.3,,,,,24.2,,,,,,26,45,26.1,19.67,0.0,0.998,-0.0634,24.3,25.0,25.0,station
2021-04-06,,,14.0,,,,,14.6,,,,,,60,43,33.1,19.77,11.4,0.9968,-0.0805,13.9,13.9,13.9,station
2021-04-07,,,15.0,,,,,15.6,,,,,,58,51,19.8,20.49,0.1,0.9952,-0.0977,14.1,15.2,15.2,station
2021-04-08,,,18.7,,,,,17.9,,,,,,32,30,27.4,24.74,0.0,0.9934,-0.1148,19.1,20.2,20.2,station
2021-04-09,,,10.1,,,,,9.2,,,,,,41,19,29.7,22.19,0.9,0.9913,-0.1319,10.1,12.4,12.4,station
2021-04-10,,,18.4,,,,,18.7,,,,,,29,0,20.9,26.17,0.0,0.9889,-0.1489,18.3,18.8,18.8,station
2021-04-11,,,13.8,,,,,16.2,,,,,,29,19,21.5,25.58,0.0,0.9861,-0.1659,11.7,11.9,11.9,station
2021-04-12,,,9.9,,,,,11.4,,,,,,42,50,14.7,19.85,0.0,0.9831,-0.1828,6.9,6.7,6.7,station
2021-04-13,,,8.9,,,,,7.2,,,,,,47,98,24.1,17.3,1.6,0.9799,-0.1997,8.8,8.8,8.8,station
2021-04-14,,,4.6,,,,,6.0,,,,,,57,84,20.6,18.79,0.1,0.9763,-0.2165,10.2,10.1,10.1,station
2021-04-15,,,11.7,,,,,4.6,,,,,,76,98,30.1,7.33,8.1,0.9724,-0.2333,6.8,4.6,4.6,station
2021-04-16,,,1.0,,,,,0.4,,,,,,87,97,18.9,17.23,5.4,0.9683,-0.25,0.8,-0.2,-0.2,station
2021-04-17,,,5.3,,,,,5.5,,,,,,76,64,14.1,24.45,0.5,0.9638,-0.2666,2.9,6.5,6.5,station
2021-04-18,,,12.0,,,,,11.8,,,,,,51,25,19.1,25.16,0.0,0.9591,-0.2831,11.9,13.1,13.1,station
2021-04-19,,,6.3,,,,,13.3,,,,,,69,65,22.9,9.73,7.5,0.9541,-0.2996,3.0,3.3,3.3,station
2021-04-20,,,0.1,,,,,1.8,,,,,,67,34,16.4,29.06,1.5,0.9488,-0.316,-0.2,0.9,0.9,station
2021-04-21,,,3.3,,,,,2.0,,,,,,78,94,13.8,16.5,1.2,0.9432,-0.3322,1.6,1.4,1.4,station
2021-04-22,,,8.6,,,,,7.9,,,,,,76,70,28.6,22.77,0.6,0.9373,-0.3484,7.9,9.6,9.6,station
2021-04-23,,,13.1,,,,,10.5,,,,,,56,67,20.4,24.86,0.0,0.9312,-0.3645,13.4,14.2,14.2,station
2021-04-24,,,18.5,,,,,16.9,,,,,,51,51,16.7,25.74,0.0,0.9248,-0.3804,19.0,19.6,19.6,station
2021-04-25,,,23.3,,,,,23.1,,,,,,32,11,24.9,27.57,0.0,0.9181,-0.3963,24.1,25.7,25.7,station
2021-04-26,,,24.2,,,,,23.9,,,,,,20,51,33.2,27.88,0.0,0.9112,-0.412,23.2,25.6,25.6,station
2021-04-27,,,16.1,,,,,16.8,,,,,,64,91,23.6,11.48,16.6,0.9039,-0.4276,12.0,13.5,13.5,station
2021-04-28,,,12.7,,,,,14.6,,,,,,76,77,23.3,12.57,12.9,0.8965,-0.4431,13.7,13.9,13.9,station
2021-04-29,,,19.0,,,,,17.6,,,,,,47,2,15.4,28.22,0.0,0.8887,-0.4585,18.1,19.2,19.2,station
2021-04-30,,,24.5,,,,,24.7,,,,,,31,5,27.7,28.21,0.0,0.8807,-0.4737,23.9,25.0,25.0,station
2021-05-01,,,27.2,,,,,27.1,,,,,,26,61,25.7,25.19,0.0,0.8724,-0.4888,27.1,28.3,28.3,station
2021-05-02,,,20.8,,,,,20.2,,,,,,60,76,25.9,18.34,10.0,0.8639,-0.5037,18.8,19.0,19.0,station
2021-05-03,,,7.0,,,,,7.2,,,,,,94,99,23.3,8.61,27.5,0.8551,-0.5185,7.7,6.7,6.7,station
2021-05-04,,,14.1,,,,,15.0,,,,,,72,58,16.6,22.92,0.7,0.846,-0.5331,14.4,14.1,14.1,station
2021-05-05,,,14.9,,,,,16.6,,,,,,68,27,16.7,24.57,0.8,0.8367,-0.5476,14.6,13.5,13.5,station
2021-05-06,,,21.9,,,,,22.0,,,,,,60,0,15.1,29.02,0.0,0.8272,-0.5619,21.0,22.6,22.6,station
2021-05-07,,,26.1,,,,,26.4,,,,,,36,34,22.7,25.61,0.0,0.8174,-0.5761,26.1,27.0,27.0,station
2021-05-08,,,22.6,,,,,22.8,,,,,,44,56,28.9,24.46,2.9,0.8074,-0.59,23.4,22.5,22.5,station
2021-05-09,,,8.2,,,,,9.2,,,,,,75,92,20.5,10.65,11.2,0.7971,-0.6038,10.2,6.9,6.9,station
2021-05-10,,,6.1,,,,,5.4,,,,,,79,94,26.3,14.6,7.8,0.7866,-0.6175,9.2,8.2,8.2,station
2021-05-11,,,3.6,,,,,2.3,,,,,,87,90,15.8,12.3,3.7,0.7759,-0.6309,5.4,4.7,4.7,station
2021-05-12,,,15.0,,,,,15.1,,,,,,64,16,17.7,28.47,0.1,0.7649,-0.6442,15.1,16.3,16.3,station
2021-05-13,,,22.4,,,,,22.2,,,,,,50,28,20.5,27.7,0.1,0.7537,-0.6572,21.3,23.0,23.0,station
2021-05-14,,,22.1,,,,,22.8,,,,,,61,51,26.9,24.09,2.5,0.7423,-0.6701,20.9,20.7,20.7,station
2021-05-15,,,21.2,,,,,21.3,,,,,,80,86,22.6,18.42,0.8,0.7306,-0.6828,19.8,20.8,20.8,station
2021-05-16,,,19.3,,,,,15.7,,,,,,86,93,15.3,13.39,7.5,0.7188,-0.6952,17.6,13.1,13.1,station
2021-05-17,,,16.1,,,,,14.7,,,,,,80,95,18.6,15.14,6.7,0.7067,-0.7075,16.3,19.6,19.6,station
2021-05-18,,,19.9,,,,,18.1,,,,,,87,78,19.2,9.91,6.7,0.6945,-0.7195,13.6,14.4,14.4,station
2021-05-19,,,22.0,,,,,20.6,,,,,,59,37,23.4,28.39,0.0,0.682,-0.7314,21.1,22.2,22.2,station
2021-05-20,,,26.4,,,,,26.6,,,,,,44,13,29.2,27.8,0.0,0.6693,-0.743,25.6,27.4,27.4,station
2021-05-21,,,26.2,,,,,27.1,,,,,,31,59,36.9,20.74,0.0,0.6564,-0.7544,25.2,26.5,26.5,station
2021-05-22,,,23.7,,,,,22.2,,,,,,61,67,37.7,23.4,0.7,0.6433,-0.7656,23.7,18.3,18.3,station
2021-05-23,,,24.1,,,,,23.1,,,,,,48,49,33.9,26.41,0.3,0.6301,-0.7765,22.9,22.4,22.4,station
2021-05-24,,,22.0,,,,,24.3,,,,,,34,3,23.6,31.11,0.0,0.6166,-0.7873,22.6,22.2,22.2,station
2021-05-25,,,23.2,,,,,23.6,,,,,,44,12,24.8,28.85,0.4,0.603,-0.7978,22.3,23.0,23.0,station
2021-05-26,,,24.5,,,,,23.4,,,,,,39,79,29.3,20.4,0.0,0.5892,-0.808,25.3,24.0,24.0,station
2021-05-27,,,22.0,,,,,21.7,,,,,,48,22,19.5,28.04,0.0,0.5752,-0.818,21.9,22.2,22.2,station
2021-05-28,,,26.2,,,,,26.3,,,,,,44,35,19.1,28.09,0.1,0.561,-0.8278,26.2,27.2,27.2,station
2021-05-29,,,23.5,,,,,22.7,,,,,,52,69,25.4,24.21,2.3,0.5467,-0.8373,22.2,18.8,18.8,station
2021-05-30,,,13.9,,,,,13.6,,,,,,92,100,16.3,8.56,28.2,0.5322,-0.8466,13.5,12.6,12.6,station
2021-05-31,,,15.0,,,,,11.9,,,,,,88,82,12.7,12.17,7.7,0.5176,-0.8556,13.9,14.2,14.2,station
2021-06-01,,,20.5,,,,,20.4,,,,,,68,33,15.2,26.18,1.1,0.5028,-0.8644,18.8,19.8,19.8,station
2021-06-02,,,22.5,,,,,23.0,,,,,,51,37,17.3,26.94,0.0,0.4878,-0.8729,21.8,23.6,23.6,station
2021-06-03,,,26.5,,,,,26.9,,,,,,46,38,16.8,29.4,0.0,0.4728,-0.8812,25.5,27.8,27.8,station
2021-06-04,,,29.2,,,,,29.5,,,,,,39,0,23.2,31.15,0.0,0.4575,-0.8892,28.8,30.0,30.0,station
2021-06-05,,,31.1,,,,,31.4,,,,,,37,34,19.5,28.31,0.0,0.4422,-0.8969,30.9,32.6,32.6,station
2021-06-06,,,30.2,,,,,29.9,,,,,,40,76,28.3,24.93,0.2,0.4267,-0.9044,28.9,30.3,30.3,station
2021-06-07,,,30.7,,,,,30.9,,,,,,36,49,24.6,28.65,0.0,0.4111,-0.9116,31.0,31.1,31.1,station
2021-06-08,,,32.5,,,,,32.1,,,,,,32,7,30.1,30.52,0.0,0.3953,-0.9185,33.4,33.1,33.1,station
2021-06-09,,,30.4,,,,,30.0,,,,,,36,11,24.8,31.44,0.0,0.3795,-0.9252,30.6,31.3,31.3,station
2021-06-10,,,34.3,,,,,34.1,,,,,,28,40,31.1,30.0,0.0,0.3635,-0.9316,35.3,34.7,34.7,station
2021-06-11,,,27.2,,,,,28.5,,,,,,20,0,24.4,31.64,0.0,0.3474,-0.9377,27.2,24.8,24.8,station
2021-06-12,,,31.6,,,,,31.5,,,,,,27,9,24.3,30.42,0.0,0.3312,-0.9436,32.1,32.6,32.6,station
2021-06-13,,,33.3,,,,,32.8,,,,,,52,24,25.8,26.5,0.9,0.3149,-0.9491,30.8,33.0,33.0,station
2021-06-14,,,34.3,,,,,35.4,,,,,,36,17,23.7,30.33,0.0,0.2986,-0.9544,35.0,36.7,36.7,station
2021-06-15,,,35.8,,,,,35.8,,,,,,26,17,23.6,30.1,0.0,0.2821,-0.9594,35.8,37.5,37.5,station
2021-06-16,,,35.2,,,,,36.1,,,,,,20,45,27.7,27.41,0.0,0.2656,-0.9641,35.3,36.1,36.1,station
2021-06-17,,,35.3,,,,,35.0,,,,,,19,68,26.5,26.96,0.0,0.2489,-0.9685,36.0,37.4,37.4,station
2021-06-18,,,30.6,,,,,30.7,,,,,,24,89,26.1,25.46,0.0,0.2322,-0.9727,31.0,30.8,30.8,station
2021-06-19,,,30.2,,,,,31.9,,,,,,33,65,27.0,22.68,0.7,0.2155,-0.9765,31.7,30.6,30.6,station
2021-06-20,,,27.2,,,,,25.3,,,,,,38,23,23.7,28.89,7.2,0.1986,-0.9801,28.7,28.1,28.1,station
2021-06-21,,,20.9,,,,,22.9,,,,,,63,72,20.2,21.21,8.9,0.1818,-0.9833,22.2,21.3,21.3,station
2021-06-22,,,32.6,,,,,32.7,,,,,,33,15,25.6,28.65,0.0,0.1648,-0.9863,32.4,34.1,34.1,station
2021-06-23,,,34.5,,,,,34.2,,,,,,20,64,21.1,27.67,0.0,0.1478,-0.989,34.5,34.8,34.8,station
2021-06-24,,,27.9,,,,,30.8,,,,,,49,78,28.9,21.57,4.2,0.1308,-0.9914,27.0,28.2,28.2,station
2021-06-25,,,27.1,,,,,25.3,,,,,,69,49,21.7,22.17,25.5,0.1137,-0.9935,23.2,26.7,26.7,station
2021-06-26,,,20.1,,,,,19.8,,,,,,75,73,13.2,20.44,10.1,0.0966,-0.9953,19.9,19.7,19.7,station
2021-06-27,,,22.2,,,,,22.3,,,,,,66,54,18.8,24.51,3.4,0.0795,-0.9968,20.2,22.0,22.0,station
2021-06-28,,,23.4,,,,,20.6,,,,,,69,44,11.0,26.9,0.4,0.0623,-0.9981,20.5,21.4,21.4,station
2021-06-29,,,24.2,,,,,23.2,,,,,,61,77,23.2,23.68,0.0,0.0451,-0.999,23.7,24.7,24.7,station
2021-06-30,,,27.4,,,,,27.1,,,,,,58,43,23.1,28.36,0.3,0.028,-0.9996,26.2,28.1,28.1,station
2021-07-01,,,28.1,,,,,27.8,,,,,,79,36,18.7,20.97,5.6,0.0108,-0.9999,23.4,25.4,25.4,station
2021-07-02,,,29.5,,,,,29.0,,,,,,69,20,21.3,26.54,0.0,-0.0065,-1.0,27.0,28.5,28.5,station
2021-07-03,,,31.5,,,,,31.4,,,,,,52,13,24.9,26.95,0.0,-0.0237,-0.9997,28.9,32.6,32.6,station
2021-07-04,,,31.5,,,,,31.3,,,,,,58,16,15.1,26.18,3.0,-0.0408,-0.9992,28.7,31.7,31.7,station
2021-07-05,,,32.2,,,,,31.7,,,,,,50,32,19.1,26.15,0.2,-0.058,-0.9983,30.2,31.7,31.7,station
2021-07-06,,,27.2,,,,,26.0,,,,,,63,40,15.2,23.07,0.1,-0.0752,-0.9972,25.6,27.0,27.0,station
2021-07-07,,,31.0,,,,,32.0,,,,,,50,3,29.5,29.84,0.0,-0.0923,-0.9957,30.2,30.1,30.1,station
2021-07-08,,,36.8,,,,,36.4,,,,,,30,28,33.2,26.05,0.0,-0.1094,-0.994,34.1,35.1,35.1,station
2021-07-09,,,36.3,,,,,36.5,,,,,,30,44,22.4,25.43,0.0,-0.1265,-0.992,35.1,34.7,34.7,station
2021-07-10,,,28.1,,,,,28.6,,,,,,46,24,29.1,27.08,0.1,-0.1436,-0.9896,27.5,28.0,28.0,station
2021-07-11,,,29.8,,,,,29.5,,,,,,38,1,23.3,30.49,0.0,-0.1606,-0.987,28.3,29.8,29.8,station
2021-07-12,,,32.9,,,,,33.6,,,,,,33,9,27.4,29.82,0.0,-0.1775,-0.9841,31.4,30.6,30.6,station
2021-07-13,,,32.0,,,,,32.9,,,,,,33,74,25.5,24.27,0.1,-0.1944,-0.9809,30.6,27.4,27.4,station
2021-07-14,,,27.7,,,,,30.0,,,,,,54,91,24.2,14.77,0.4,-0.2113,-0.9774,25.7,22.8,22.8,station
2021-07-15,,,31.5,,,,,30.9,,,,,,45,24,21.5,27.53,0.0,-0.2281,-0.9736,28.7,30.1,30.1,station
2021-07-16,,,32.1,,,,,32.6,,,,,,35,24,22.3,27.91,0.0,-0.2448,-0.9696,31.3,32.9,32.9,station
2021-07-17,,,33.8,,,,,33.4,,,,,,41,20,18.6,27.88,0.0,-0.2614,-0.9652,31.4,33.9,33.9,station
2021-07-18,,,32.0,,,,,33.9,,,,,,43,5,20.8,28.66,0.0,-0.278,-0.9606,31.0,33.1,33.1,station
2021-07-19,,,33.2,,,,,33.2,,,,,,40,8,23.1,29.62,0.0,-0.2945,-0.9557,32.4,33.5,33.5,station
2021-07-20,,,33.5,,,,,34.0,,,,,,30,42,31.7,28.63,0.0,-0.3109,-0.9505,34.1,33.5,33.5,station
2021-07-21,,,32.4,,,,,33.4,,,,,,42,73,31.3,22.38,0.0,-0.3272,-0.945,31.0,32.9,32.9,station
2021-07-22,,,34.1,,,,,33.4,,,,,,42,61,21.4,21.67,0.4,-0.3434,-0.9392,32.4,35.3,35.3,station
2021-07-23,,,33.2,,,,,34.0,,,,,,46,63,27.8,23.71,1.3,-0.3595,-0.9332,32.2,34.1,34.1,station
2021-07-24,,,27.7,,,,,29.9,,,,,,48,69,17.8,18.18,0.4,-0.3755,-0.9268,29.7,29.2,29.2,station
2021-07-25,,,32.7,,,,,31.7,,,,,,45,56,30.2,24.83,0.0,-0.3914,-0.9202,31.5,32.9,32.9,station
2021-07-26,,,33.0,,,,,33.8,,,,,,41,3,21.6,28.78,0.0,-0.4071,-0.9134,32.8,34.3,34.3,station
2021-07-27,,,33.7,,,,,34.0,,,,,,39,16,20.9,26.79,0.0,-0.4228,-0.9062,33.2,33.8,33.8,station
2021-07-28,,,35.4,,,,,35.6,,,,,,30,13,24.2,28.61,0.0,-0.4383,-0.8988,35.0,36.7,36.7,station
2021-07-29,,,35.3,,,,,35.0,,,,,,35,61,22.8,24.11,0.0,-0.4537,-0.8912,32.7,33.6,33.6,station
2021-07-30,,,34.4,,,,,33.8,,,,,,44,53,24.8,24.53,2.1,-0.469,-0.8832,31.3,34.4,34.4,station
2021-07-31,,,25.1,,,,,27.0,,,,,,77,97,19.1,16.09,15.3,-0.4841,-0.875,24.9,24.6,24.6,station
2021-08-01,,,25.2,,,,,24.8,,,,,,65,89,15.5,20.0,1.3,-0.4991,-0.8666,25.1,26.7,26.7,station
2021-08-02,,,29.5,,,,,30.1,,,,,,47,77,17.0,26.93,0.0,-0.5139,-0.8578,29.1,30.9,30.9,station
2021-08-03,,,28.0,,,,,28.1,,,,,,54,86,20.2,21.18,0.8,-0.5286,-0.8489,28.0,27.8,27.8,station
2021-08-04,,,29.6,,,,,29.3,,,,,,65,53,22.3,21.75,3.0,-0.5431,-0.8397,26.1,28.6,28.6,station
2021-08-05,,,31.7,,,,,32.2,,,,,,38,7,28.1,27.43,0.0,-0.5575,-0.8302,30.4,32.5,32.5,station
2021-08-06,,,33.8,,,,,34.1,,,,,,29,32,27.5,23.62,0.0,-0.5717,-0.8205,32.4,33.3,33.3,station
2021-08-07,,,30.1,,,,,30.1,,,,,,39,32,21.0,23.11,0.7,-0.5857,-0.8105,27.8,27.2,27.2,station
2021-08-08,,,32.7,,,,,33.4,,,,,,27,6,21.8,27.58,0.0,-0.5996,-0.8003,31.4,32.8,32.8,station
2021-08-09,,,34.4,,,,,34.9,,,,,,21,21,22.3,24.28,0.0,-0.6132,-0.7899,32.5,34.6,34.6,station
2021-08-10,,,33.9,,,,,33.0,,,,,,24,17,14.8,25.42,0.0,-0.6267,-0.7792,33.0,34.2,34.2,station
2021-08-11,,,35.1,,,,,34.0,,,,,,20,9,26.3,28.13,0.0,-0.64,-0.7683,33.8,34.9,34.9,station
2021-08-12,,,32.0,,,,,30.9,,,,,,34,31,20.8,26.47,0.0,-0.6532,-0.7572,29.4,30.6,30.6,station
2021-08-13,,,30.9,,,,,33.2,,,,,,61,65,17.2,21.56,2.2,-0.6661,-0.7459,27.7,30.6,30.6,station
2021-08-14,,,32.9,,,,,33.0,,,,,,39,35,20.5,24.67,0.0,-0.6788,-0.7343,32.2,34.0,34.0,station
2021-08-15,,,31.6,,,,,32.6,,,,,,30,48,18.9,22.54,0.0,-0.6914,-0.7225,31.1,32.2,32.2,station
2021-08-16,,,32.5,,,,,31.9,,,,,,30,11,25.7,26.73,0.0,-0.7037,-0.7105,31.1,32.4,32.4,station
2021-08-17,,,33.6,,,,,34.9,,,,,,27,23,29.8,24.91,0.5,-0.7158,-0.6983,33.0,35.1,35.1,station
2021-08-18,,,34.8,,,,,34.9,,,,,,26,22,25.0,24.01,0.0,-0.7277,-0.6859,33.5,35.0,35.0,station
2021-08-19,,,29.1,,,,,29.1,,,,,,62,47,17.9,18.77,0.4,-0.7394,-0.6733,25.5,27.1,27.1,station
2021-08-20,,,28.4,,,,,28.5,,,,,,54,13,16.9,26.41,2.1,-0.7509,-0.6605,25.9,26.1,26.1,station
2021-08-21,,,28.8,,,,,27.6,,,,,,40,43,31.7,22.75,0.0,-0.7621,-0.6474,25.7,27.2,27.2,station
2021-08-22,,,33.0,,,,,32.6,,,,,,43,12,27.0,23.91,0.0,-0.7731,-0.6342,30.4,32.4,32.4,station
2021-08-23,,,33.9,,,,,32.4,,,,,,37,14,17.3,23.84,0.0,-0.7839,-0.6208,31.7,33.3,33.3,station
2021-08-24,,,32.7,,,,,34.6,,,,,,29,7,16.5,24.61,0.0,-0.7945,-0.6073,31.7,33.2,33.2,station
2021-08-25,,,32.6,,,,,33.4,,,,,,48,5,19.5,25.18,0.0,-0.8048,-0.5935,30.1,29.9,29.9,station
2021-08-26,,,33.4,,,,,34.1,,,,,,51,37,18.3,21.48,0.0,-0.8149,-0.5796,28.6,28.6,28.6,station
2021-08-27,,,33.9,,,,,33.4,,,,,,34,28,26.1,23.32,0.0,-0.8248,-0.5655,32.8,34.4,34.4,station
2021-08-28,,,33.9,,,,,33.9,,,,,,32,19,22.5,23.59,0.0,-0.8344,-0.5512,32.1,33.1,33.1,station
2021-08-29,,,31.1,,,,,31.1,,,,,,54,29,18.2,19.14,0.3,-0.8437,-0.5368,28.4,25.6,25.6,station
2021-08-30,,,33.3,,,,,33.3,,,,,,34,6,22.6,25.2,0.0,-0.8528,-0.5222,32.7,33.9,33.9,station
2021-08-31,,,34.1,,,,,34.4,,,,,,19,14,29.8,24.62,0.0,-0.8617,-0.5074,32.7,34.0,34.0,station
2021-09-01,,,32.3,,,,,32.5,,,,,,32,71,27.2,19.48,2.0,-0.8703,-0.4925,32.2,30.6,30.6,station
2021-09-02,,,28.1,,,,,28.5,,,,,,56,48,11.3,20.88,0.8,-0.8786,-0.4775,26.4,28.0,28.0,station
2021-09-03,,,29.2,,,,,29.4,,,,,,66,37,29.5,18.46,8.9,-0.8867,-0.4623,25.4,26.9,26.9,station
2021-09-04,,,28.7,,,,,29.8,,,,,,59,14,22.0,23.29,0.1,-0.8945,-0.447,26.7,28.3,28.3,station
2021-09-05,,,29.3,,,,,29.7,,,,,,35,0,22.1,24.75,0.0,-0.9021,-0.4315,28.1,30.2,30.2,station
2021-09-06,,,33.4,,,,,32.7,,,,,,22,0,20.6,24.37,0.0,-0.9094,-0.4159,31.5,33.3,33.3,station
2021-09-07,,,30.0,,,,,30.0,,,,,,22,11,24.1,23.98,0.0,-0.9164,-0.4002,28.2,28.8,28.8,station
2021-09-08,,,31.1,,,,,31.3,,,,,,32,34,25.2,23.54,0.0,-0.9232,-0.3844,29.7,30.7,30.7,station
2021-09-09,,,34.7,,,,,34.6,,,,,,23,1,18.3,24.17,0.0,-0.9296,-0.3685,33.0,34.7,34.7,station
2021-09-10,,,34.8,,,,,35.1,,,,,,15,37,20.6,22.81,0.0,-0.9358,-0.3524,34.4,35.4,35.4,station
2021-09-11,,,34.4,,,,,34.3,,,,,,21,43,21.1,20.98,0.0,-0.9418,-0.3363,34.3,34.3,34.3,station
2021-09-12,,,30.5,,,,,30.8,,,,,,40,24,21.4,19.25,0.3,-0.9474,-0.32,28.2,29.3,29.3,station
2021-09-13,,,29.7,,,,,31.0,,,,,,42,33,24.1,20.32,0.2,-0.9528,-0.3037,27.8,28.9,28.9,station
2021-09-14,,,27.7,,,,,28.6,,,,,,48,24,24.9,18.43,0.0,-0.9579,-0.2873,26.2,26.4,26.4,station
2021-09-15,,,31.6,,,,,32.3,,,,,,35,2,20.4,22.45,0.0,-0.9627,-0.2707,30.0,32.1,32.1,station
2021-09-16,,,32.8,,,,,33.0,,,,,,21,24,20.7,20.22,0.0,-0.9672,-0.2541,32.3,33.3,33.3,station
2021-09-17,,,28.1,,,,,28.9,,,,,,48,32,23.8,19.96,0.0,-0.9714,-0.2375,21.8,21.7,21.7,station
2021-09-18,,,32.7,,,,,32.6,,,,,,31,13,23.4,20.51,0.0,-0.9753,-0.2207,32.7,33.3,33.3,station
2021-09-19,,,31.1,,,,,31.1,,,,,,28,23,26.9,21.17,0.1,-0.979,-0.2039,29.4,30.0,30.0,station
2021-09-20,,,23.4,,,,,21.4,,,,,,39,34,27.5,20.73,0.4,-0.9824,-0.187,18.9,18.8,18.8,station
2021-09-21,,,19.8,,,,,20.6,,,,,,50,23,17.6,21.51,2.2,-0.9854,-0.1701,16.8,18.0,18.0,station
2021-09-22,,,27.0,,,,,27.7,,,,,,30,0,23.1,21.69,0.0,-0.9882,-0.1531,24.6,25.9,25.9,station
2021-09-23,,,28.3,,,,,28.7,,,,,,21,18,19.6,21.07,0.0,-0.9907,-0.1361,26.1,27.6,27.6,station
2021-09-24,,,24.5,,,,,24.3,,,,,,35,26,17.4,20.69,0.0,-0.9929,-0.1191,21.6,23.7,23.7,station
2021-09-25,,,30.1,,,,,30.4,,,,,,28,1,22.1,20.75,0.0,-0.9948,-0.102,28.7,30.2,30.2,station
2021-09-26,,,30.4,,,,,30.6,,,,,,21,19,18.8,20.62,0.0,-0.9964,-0.0848,29.2,31.4,31.4,station
2021-09-27,,,30.2,,,,,30.2,,,,,,23,39,19.4,19.09,0.0,-0.9977,-0.0677,29.4,31.2,31.2,station
2021-09-28,,,25.7,,,,,25.8,,,,,,32,62,23.9,17.81,0.0,-0.9987,-0.0505,26.7,27.0,27.0,station
2021-09-29,,,21.9,,,,,21.7,,,,,,52,50,22.3,17.05,0.6,-0.9994,-0.0333,20.5,20.4,20.4,station
2021-09-30,,,16.8,,,,,14.4,,,,,,64,92,13.6,13.81,0.8,-0.9999,-0.0161,15.9,14.0,14.0,station
2021-10-01,,,20.4,,,,,21.2,,,,,,57,87,14.0,16.69,0.2,-1.0,0.0011,20.3,20.1,20.1,station
2021-10-02,,,21.0,,,,,21.9,,,,,,53,33,13.9,18.59,0.0,-0.9998,0.0183,20.2,21.3,21.3,station
2021-10-03,,,23.9,,,,,24.3,,,,,,37,0,13.7,19.27,0.0,-0.9994,0.0355,22.9,24.7,24.7,station
2021-10-04,,,25.9,,,,,26.2,,,,,,27,0,21.4,19.0,0.0,-0.9986,0.0527,25.0,27.1,27.1,station
2021-10-05,,,26.7,,,,,26.9,,,,,,28,1,28.1,18.72,0.0,-0.9976,0.0698,27.1,28.0,28.0,station
2021-10-06,,,26.4,,,,,26.1,,,,,,35,26,24.1,16.62,0.0,-0.9962,0.087,26.8,27.0,27.0,station
2021-10-07,,,25.3,,,,,26.1,,,,,,34,39,14.0,16.99,0.0,-0.9946,0.1041,23.8,25.1,25.1,station
2021-10-08,,,25.5,,,,,24.9,,,,,,35,63,23.7,12.5,0.0,-0.9926,0.1212,25.8,24.3,24.3,station
2021-10-09,,,22.9,,,,,23.8,,,,,,34,30,29.0,16.99,0.0,-0.9904,0.1383,22.0,22.8,22.8,station
2021-10-10,,,17.9,,,,,18.0,,,,,,38,20,15.3,16.8,0.0,-0.9879,0.1553,18.3,18.1,18.1,station
2021-10-11,,,19.2,,,,,19.5,,,,,,36,9,32.5,17.68,0.0,-0.9851,0.1722,19.6,20.0,20.0,station
2021-10-12,,,16.5,,,,,16.6,,,,,,63,31,27.9,15.73,4.9,-0.9819,0.1892,15.8,12.4,12.4,station
2021-10-13,,,14.7,,,,,17.1,,,,,,52,23,18.8,17.49,0.0,-0.9785,0.206,13.4,14.9,14.9,station
2021-10-14,,,11.2,,,,,12.6,,,,,,61,62,27.9,12.56,1.8,-0.9749,0.2228,11.5,10.6,10.6,station
2021-10-15,,,13.1,,,,,12.5,,,,,,49,6,22.6,17.22,0.2,-0.9709,0.2396,10.3,11.7,11.7,station
2021-10-16,,,21.1,,,,,20.4,,,,,,28,0,23.8,16.77,0.0,-0.9666,0.2562,18.8,21.1,21.1,station
2021-10-17,,,24.0,,,,,24.0,,,,,,28,8,19.7,16.86,0.0,-0.9621,0.2728,21.7,25.6,25.6,station
2021-10-18,,,23.0,,,,,22.7,,,,,,26,36,18.8,15.39,0.0,-0.9572,0.2893,23.4,24.4,24.4,station
2021-10-19,,,15.0,,,,,16.2,,,,,,53,41,22.8,13.96,2.0,-0.9521,0.3057,13.8,15.1,15.1,station
2021-10-20,,,16.8,,,,,17.1,,,,,,55,28,16.9,15.84,0.0,-0.9467,0.3221,14.9,16.4,16.4,station
2021-10-21,,,19.2,,,,,19.7,,,,,,30,66,19.7,11.33,0.0,-0.941,0.3383,18.5,18.2,18.2,station
2021-10-22,,,22.3,,,,,22.1,,,,,,23,34,22.7,15.55,0.0,-0.9351,0.3545,21.2,22.8,22.8,station
2021-10-23,,,19.9,,,,,18.8,,,,,,24,85,21.4,10.03,0.0,-0.9288,0.3705,21.7,20.8,20.8,station
2021-10-24,,,18.3,,,,,16.4,,,,,,39,52,23.2,14.8,0.0,-0.9223,0.3864,17.1,17.6,17.6,station
2021-10-25,,,26.2,,,,,26.4,,,,,,34,65,32.2,13.73,0.0,-0.9155,0.4022,27.3,28.5,28.5,station
2021-10-26,,,20.3,,,,,20.2,,,,,,43,74,35.1,12.73,7.7,-0.9085,0.4179,21.3,22.2,22.2,station
2021-10-27,,,12.6,,,,,12.1,,,,,,49,40,25.3,12.62,0.0,-0.9012,0.4335,11.8,12.8,12.8,station
2021-10-28,,,15.0,,,,,15.3,,,,,,44,24,20.5,11.29,0.0,-0.8936,0.4489,13.6,13.3,13.3,station
2021-10-29,,,21.2,,,,,21.6,,,,,,36,0,22.8,14.32,0.0,-0.8857,0.4642,21.3,23.1,23.1,station
2021-10-30,,,18.6,,,,,20.4,,,,,,37,24,24.5,14.12,0.0,-0.8776,0.4794,18.9,21.4,21.4,station
2021-10-31,,,7.4,,,,,9.5,,,,,,75,95,12.5,5.23,1.7,-0.8692,0.4944,8.0,4.9,4.9,station
2021-11-01,,,8.3,,,,,6.8,,,,,,80,87,14.6,7.16,2.4,-0.8606,0.5093,7.4,3.0,3.0,station
2021-11-02,,,9.8,,,,,10.2,,,,,,85,99,11.1,6.5,2.3,-0.8517,0.524,6.7,5.2,5.2,station
2021-11-03,,,14.6,,,,,13.5,,,,,,66,23,14.7,13.25,0.0,-0.8426,0.5386,12.9,14.4,14.4,station
2021-11-04,,,18.9,,,,,19.2,,,,,,45,34,17.7,13.18,0.0,-0.8332,0.553,17.6,20.2,20.2,station
2021-11-05,,,20.8,,,,,21.2,,,,,,31,10,17.8,13.19,0.0,-0.8235,0.5672,21.3,22.8,22.8,station
2021-11-06,,,24.1,,,,,22.3,,,,,,24,67,20.2,12.75,0.0,-0.8137,0.5813,23.6,25.6,25.6,station
2021-11-07,,,23.6,,,,,24.1,,,,,,20,44,22.5,12.99,0.0,-0.8035,0.5952,22.9,24.8,24.8,station
2021-11-08,,,14.2,,,,,15.1,,,,,,63,54,16.6,8.69,0.6,-0.7932,0.609,10.3,8.8,8.8,station
2021-11-09,,,18.3,,,,,16.0,,,,,,66,57,19.6,10.41,0.0,-0.7826,0.6225,16.5,16.1,16.1,station
2021-11-10,,,12.7,,,,,14.3,,,,,,41,45,35.2,12.21,0.0,-0.7718,0.6359,12.3,13.3,13.3,station
2021-11-11,,,13.2,,,,,12.3,,,,,,44,48,30.9,11.09,2.1,-0.7607,0.6491,11.2,12.5,12.5,station
2021-11-12,,,13.6,,,,,10.2,,,,,,51,75,17.7,9.51,0.0,-0.7494,0.6621,12.1,13.0,13.0,station
2021-11-13,,,18.0,,,,,18.6,,,,,,40,76,19.3,8.56,0.0,-0.7379,0.6749,17.6,18.1,18.1,station
2021-11-14,,,18.5,,,,,18.4,,,,,,50,70,23.5,10.97,0.0,-0.7262,0.6875,19.6,18.5,18.5,station
2021-11-15,,,21.4,,,,,21.2,,,,,,27,61,21.7,10.3,0.0,-0.7143,0.6998,21.6,21.5,21.5,station
2021-11-16,,,20.5,,,,,19.6,,,,,,24,82,28.1,9.91,0.0,-0.7021,0.712,20.5,21.3,21.3,station
2021-11-17,,,6.1,,,,,7.9,,,,,,44,44,24.7,9.3,0.5,-0.6898,0.724,6.4,2.2,2.2,station
2021-11-18,,,13.2,,,,,13.3,,,,,,34,58,15.3,11.36,0.0,-0.6772,0.7358,11.4,11.7,11.7,station
2021-11-19,,,17.0,,,,,16.2,,,,,,21,72,20.2,9.87,0.0,-0.6645,0.7473,16.6,18.0,18.0,station
2021-11-20,,,12.5,,,,,11.4,,,,,,53,71,20.2,8.2,6.1,-0.6515,0.7586,10.6,11.7,11.7,station
2021-11-21,,,11.7,,,,,11.7,,,,,,50,11,14.0,11.22,0.3,-0.6384,0.7697,11.2,13.1,13.1,station
2021-11-22,,,18.5,,,,,18.7,,,,,,20,3,20.3,10.87,0.0,-0.625,0.7806,17.9,20.3,20.3,station
2021-11-23,,,17.9,,,,,17.6,,,,,,21,44,20.5,9.85,0.0,-0.6115,0.7912,19.0,20.4,20.4,station
2021-11-24,,,8.9,,,,,6.5,,,,,,47,83,30.0,3.9,0.4,-0.5978,0.8016,8.3,9.7,9.7,station
2021-11-25,,,12.5,,,,,12.3,,,,,,36,11,23.1,10.81,0.0,-0.584,0.8118,12.3,13.8,13.8,station
2021-11-26,,,17.3,,,,,15.9,,,,,,29,55,21.4,10.25,0.0,-0.5699,0.8217,17.7,18.6,18.6,station
2021-11-27,,,10.5,,,,,11.0,,,,,,38,49,17.0,10.12,0.0,-0.5557,0.8314,10.2,11.5,11.5,station
2021-11-28,,,17.5,,,,,17.1,,,,,,40,41,17.1,10.05,0.0,-0.5413,0.8408,17.9,18.2,18.2,station
2021-11-29,,,20.2,,,,,19.8,,,,,,33,8,21.9,10.1,0.0,-0.5268,0.85,20.3,22.2,22.2,station
2021-11-30,,,16.6,,,,,13.8,,,,,,37,41,19.1,10.19,0.0,-0.5121,0.859,16.3,16.1,16.1,station
2021-12-01,,,19.6,,,,,19.7,,,,,,27,36,19.0,9.71,0.0,-0.4972,0.8676,20.6,21.7,21.7,station
2021-12-02,,,19.8,,,,,20.2,,,,,,27,1,19.9,9.99,0.0,-0.4822,0.8761,22.4,22.2,22.2,station
2021-12-03,,,16.8,,,,,15.9,,,,,,43,20,14.8,9.69,0.0,-0.4671,0.8842,15.2,16.5,16.5,station
2021-12-04,,,18.4,,,,,17.4,,,,,,43,23,18.4,9.94,0.0,-0.4518,0.8921,17.8,19.3,19.3,station
2021-12-05,,,16.8,,,,,16.2,,,,,,30,85,36.1,9.12,0.0,-0.4364,0.8998,16.9,16.8,16.8,station
2021-12-06,,,4.4,,,,,5.4,,,,,,39,76,13.3,8.15,0.1,-0.4208,0.9071,0.8,6.2,6.2,station
2021-12-07,,,10.3,,,,,9.6,,,,,,40,56,20.2,9.3,0.0,-0.4052,0.9142,10.8,11.5,11.5,station
2021-12-08,,,10.0,,,,,10.6,,,,,,33,56,19.8,6.63,0.0,-0.3894,0.9211,13.5,11.4,11.4,station
2021-12-09,,,13.7,,,,,12.5,,,,,,46,87,16.1,6.17,0.0,-0.3735,0.9276,12.2,12.1,12.1,station
2021-12-10,,,1.5,,,,,0.8,,,,,,61,68,36.1,6.46,1.5,-0.3575,0.9339,0.8,0.6,0.6,station
2021-12-11,,,6.7,,,,,5.8,,,,,,24,52,17.6,9.28,0.0,-0.3413,0.9399,8.0,10.6,10.6,station
2021-12-12,,,13.6,,,,,13.9,,,,,,23,75,28.2,8.97,0.0,-0.3251,0.9457,16.0,17.8,17.8,station
2021-12-13,,,12.2,,,,,11.6,,,,,,25,63,18.1,9.6,0.0,-0.3088,0.9511,14.9,14.1,14.1,station
2021-12-14,,,15.3,,,,,15.6,,,,,,23,73,35.1,8.4,0.0,-0.2924,0.9563,16.8,19.2,19.2,station
2021-12-15,,,10.2,,,,,10.5,,,,,,38,39,37.5,7.49,2.5,-0.2759,0.9612,9.1,10.6,10.6,station
2021-12-16,,,11.1,,,,,10.9,,,,,,29,10,20.9,9.51,0.0,-0.2593,0.9658,10.8,12.4,12.4,station
2021-12-17,,,5.1,,,,,4.6,,,,,,40,19,21.4,9.17,0.0,-0.2427,0.9701,4.0,5.9,5.9,station
2021-12-18,,,5.7,,,,,7.2,,,,,,35,0,17.5,9.78,0.0,-0.226,0.9741,5.8,7.8,7.8,station
2021-12-19,,,11.2,,,,,11.3,,,,,,21,22,20.1,9.19,0.0,-0.2092,0.9779,12.8,15.3,15.3,station
2021-12-20,,,13.6,,,,,11.6,,,,,,24,33,17.7,9.26,0.0,-0.1923,0.9813,14.0,15.2,15.2,station
2021-12-21,,,13.7,,,,,13.4,,,,,,19,44,23.9,9.15,0.0,-0.1754,0.9845,13.9,15.9,15.9,station
2021-12-22,,,13.0,,,,,13.7,,,,,,15,68,20.9,8.36,0.0,-0.1585,0.9874,15.7,16.5,16.5,station
2021-12-23,,,13.9,,,,,13.2,,,,,,29,88,29.7,8.41,0.0,-0.1414,0.9899,15.7,17.2,17.2,station
2021-12-24,,,10.6,,,,,13.6,,,,,,63,81,32.7,6.14,2.3,-0.1244,0.9922,10.1,10.2,10.2,station
2021-12-25,,,11.1,,,,,11.2,,,,,,35,12,26.0,9.57,0.0,-0.1073,0.9942,11.0,11.4,11.4,station
2021-12-26,,,9.3,,,,,9.5,,,,,,34,48,38.2,9.12,0.0,-0.0902,0.9959,10.1,11.4,11.4,station
2021-12-27,,,7.7,,,,,7.0,,,,,,41,67,27.8,8.97,0.0,-0.073,0.9973,7.2,7.1,7.1,station
2021-12-28,,,2.3,,,,,2.3,,,,,,42,37,25.6,9.47,0.0,-0.0559,0.9984,0.3,-0.3,-0.3,station
2021-12-29,,,0.2,,,,,-0.6,,,,,,45,24,14.3,9.52,0.0,-0.0387,0.9993,0.0,0.7,0.7,station
2021-12-30,,,7.2,,,,,8.4,,,,,,31,30,34.8,9.09,0.0,-0.0215,0.9998,6.5,8.6,8.6,station
2021-12-31,,,3.0,,,,,2.5,,,,,,53,84,24.3,7.47,4.7,-0.0043,1.0,1.9,,,
2022-01-01,,,-7.6,,,,,-5.7,,,,,,74,71,16.8,5.75,3.6,0.0172,0.9999,-9.1,-12.6,-12.6,station
2022-01-02,,,3.0,,,,,2.6,,,,,,51,3,22.1,9.9,0.0,0.0344,0.9994,2.6,5.8,5.8,station
2022-01-03,,,5.4,,,,,5.6,,,,,,39,74,25.2,8.76,0.0,0.0516,0.9987,7.7,11.8,11.8,station
2022-01-04,,,6.4,,,,,6.0,,,,,,37,81,29.4,9.52,0.0,0.0688,0.9976,8.2,8.9,8.9,station
2022-01-05,,,3.7,,,,,4.3,,,,,,66,83,25.3,7.09,5.6,0.0859,0.9963,6.3,2.4,2.4,station
2022-01-06,,,-2.1,,,,,-0.9,,,,,,81,97,16.8,8.68,2.4,0.103,0.9947,-2.9,-1.5,-1.5,station
2022-01-07,,,8.3,,,,,7.8,,,,,,60,81,28.6,9.69,0.0,0.1201,0.9928,8.4,17.2,17.2,station
2022-01-08,,,5.2,,,,,6.3,,,,,,62,81,20.8,7.04,0.5,0.1372,0.9905,7.0,5.8,5.8,station
2022-01-09,,,4.3,,,,,3.5,,,,,,60,18,17.7,8.67,0.0,0.1542,0.988,2.4,2.8,2.8,station
2022-01-10,,,7.4,,,,,9.8,,,,,,31,2,23.4,10.32,0.0,0.1712,0.9852,12.5,13.5,13.5,station
2022-01-11,,,7.8,,,,,8.7,,,,,,32,42,23.4,10.24,0.0,0.1881,0.9821,11.1,13.6,13.6,station
2022-01-12,,,12.6,,,,,10.9,,,,,,35,74,20.2,9.9,0.0,0.205,0.9788,12.9,13.6,13.6,station
2022-01-13,,,14.7,,,,,14.4,,,,,,38,82,20.9,9.53,0.0,0.2218,0.9751,16.0,17.0,17.0,station
2022-01-14,,,5.3,,,,,4.9,,,,,,56,62,35.2,2.76,0.5,0.2385,0.9711,5.9,7.2,7.2,station
2022-01-15,,,6.0,,,,,6.5,,,,,,46,23,21.7,10.8,0.0,0.2552,0.9669,8.8,9.9,9.9,station
2022-01-16,,,10.5,,,,,9.3,,,,,,33,55,17.7,10.57,0.0,0.2718,0.9624,11.4,13.8,13.8,station
2022-01-17,,,14.4,,,,,14.0,,,,,,33,67,20.5,10.57,0.0,0.2883,0.9575,14.3,15.8,15.8,station
2022-01-18,,,11.1,,,,,10.2,,,,,,34,74,19.9,10.17,0.0,0.3047,0.9524,12.3,12.2,12.2,station
2022-01-19,,,1.4,,,,,0.4,,,,,,70,88,16.6,3.29,0.2,0.3211,0.9471,1.0,-4.4,-4.4,station
2022-01-20,,,6.7,,,,,4.6,,,,,,54,16,16.2,11.15,0.0,0.3373,0.9414,4.8,6.1,6.1,station
2022-01-21,,,2.9,,,,,3.6,,,,,,60,92,18.4,4.2,1.1,0.3534,0.9355,2.7,1.8,1.8,station
2022-01-22,,,3.6,,,,,3.7,,,,,,65,40,26.0,11.3,0.0,0.3695,0.9292,5.7,7.2,7.2,station
2022-01-23,,,9.9,,,,,9.2,,,,,,43,6,16.1,11.34,0.0,0.3854,0.9227,9.8,11.1,11.1,station
2022-01-24,,,6.2,,,,,5.1,,,,,,43,35,16.7,11.46,0.0,0.4012,0.916,6.1,6.7,6.7,station
2022-01-25,,,0.4,,,,,-0.5,,,,,,74,86,26.0,3.42,5.9,0.4169,0.9089,-1.7,-0.8,-0.8,station
2022-01-26,,,2.5,,,,,3.8,,,,,,43,27,27.3,12.27,0.0,0.4325,0.9016,4.5,3.9,3.9,station
2022-01-27,,,-2.3,,,,,-2.7,,,,,,69,76,19.2,4.63,5.1,0.4479,0.8941,-2.1,-2.4,-2.4,station
2022-01-28,,,4.9,,,,,5.1,,,,,,50,0,18.8,12.46,0.0,0.4633,0.8862,4.4,7.8,7.8,station
2022-01-29,,,9.4,,,,,9.2,,,,,,39,6,21.6,12.97,0.0,0.4784,0.8781,11.6,15.7,15.7,station
2022-01-30,,,9.9,,,,,10.0,,,,,,33,1,21.5,13.23,0.0,0.4935,0.8698,12.4,14.4,14.4,station
2022-01-31,,,11.9,,,,,11.2,,,,,,30,37,29.6,10.72,0.0,0.5084,0.8611,12.9,15.3,15.3,station
2022-02-01,,,1.2,,,,,2.2,,,,,,57,98,24.3,6.42,5.1,0.5231,0.8523,0.6,-0.7,-0.7,station
2022-02-02,,,-7.2,,,,,-3.8,,,,,,76,99,25.7,6.79,4.4,0.5377,0.8432,-7.2,-9.2,-9.2,station
2022-02-03,,,-5.6,,,,,-5.6,,,,,,62,13,11.5,14.06,0.0,0.5521,0.8338,-6.7,-5.3,-5.3,station
2022-02-04,,,2.6,,,,,2.0,,,,,,56,2,20.4,13.8,0.0,0.5664,0.8242,1.6,4.9,4.9,station
2022-02-05,,,5.0,,,,,5.5,,,,,,51,47,27.8,12.86,0.0,0.5805,0.8143,4.6,8.5,8.5,station
2022-02-06,,,1.9,,,,,0.3,,,,,,66,35,14.4,13.9,0.5,0.5944,0.8042,0.1,2.8,2.8,station
2022-02-07,,,8.1,,,,,8.8,,,,,,55,1,17.6,14.14,0.0,0.6081,0.7938,7.6,10.9,10.9,station
2022-02-08,,,6.7,,,,,7.6,,,,,,49,22,19.5,14.19,0.0,0.6217,0.7833,8.1,8.3,8.3,station
2022-02-09,,,8.3,,,,,8.5,,,,,,36,70,18.1,13.48,0.0,0.6351,0.7725,9.5,12.2,12.2,station
2022-02-10,,,10.1,,,,,10.8,,,,,,51,63,24.6,13.56,0.0,0.6483,0.7614,12.3,15.0,15.0,station
2022-02-11,,,2.5,,,,,3.5,,,,,,67,73,30.1,9.15,4.1,0.6613,0.7502,2.9,8.5,8.5,station
2022-02-12,,,5.2,,,,,5.2,,,,,,53,54,16.4,14.34,0.1,0.6741,0.7387,5.6,4.6,4.6,station
2022-02-13,,,10.8,,,,,11.4,,,,,,34,8,21.8,15.05,0.0,0.6867,0.727,11.7,13.2,13.2,station
2022-02-14,,,12.4,,,,,11.2,,,,,,35,39,20.5,15.27,0.0,0.6991,0.715,13.2,14.8,14.8,station
2022-02-15,,,10.8,,,,,11.1,,,,,,35,79,23.5,14.08,0.0,0.7113,0.7029,12.7,14.4,14.4,station
2022-02-16,,,5.1,,,,,5.1,,,,,,67,62,24.9,13.29,6.0,0.7233,0.6906,3.8,-0.2,-0.2,station
2022-02-17,,,0.3,,,,,1.3,,,,,,68,45,18.8,15.31,1.3,0.735,0.678,-0.9,-0.2,-0.2,station
2022-02-18,,,6.8,,,,,6.6,,,,,,50,23,21.9,16.13,0.0,0.7466,0.6653,6.9,7.6,7.6,station
2022-02-19,,,11.5,,,,,12.8,,,,,,43,0,22.6,16.16,0.0,0.7579,0.6523,12.0,15.1,15.1,station
2022-02-20,,,13.8,,,,,13.4,,,,,,34,40,23.7,14.36,0.0,0.769,0.6392,13.7,16.8,16.8,station
2022-02-21,,,11.7,,,,,10.2,,,,,,41,94,30.8,14.39,0.3,0.7799,0.6259,11.9,11.7,11.7,station
2022-02-22,,,-9.2,,,,,-8.7,,,,,,54,100,18.3,10.83,3.0,0.7906,0.6124,-13.6,-13.6,-13.6,station
2022-02-23,,,-5.9,,,,,-6.8,,,,,,52,78,17.2,16.35,0.3,0.801,0.5987,-10.0,-10.6,-10.6,station
2022-02-24,,,-5.6,,,,,-7.1,,,,,,62,54,10.3,17.13,0.6,0.8112,0.5848,-4.2,-5.1,-5.1,station
2022-02-25,,,-2.8,,,,,-2.3,,,,,,59,31,13.5,17.11,0.0,0.8211,0.5708,-2.2,-1.8,-1.8,station
2022-02-26,,,1.8,,,,,2.5,,,,,,41,1,17.7,18.01,0.0,0.8308,0.5566,2.8,3.5,3.5,station
2022-02-27,,,10.5,,,,,11.8,,,,,,28,19,20.4,18.12,0.0,0.8402,0.5422,12.6,15.4,15.4,station
2022-02-28,,,14.5,,,,,13.6,,,,,,31,41,19.3,17.77,0.0,0.8495,0.5277,15.5,17.8,17.8,station
2022-03-01,,,17.7,,,,,16.7,,,,,,33,0,21.6,17.62,0.0,0.8584,0.513,17.9,20.7,20.7,station
2022-03-02,,,19.6,,,,,19.7,,,,,,40,36,21.5,16.62,0.0,0.8671,0.4981,19.9,21.9,21.9,station
2022-03-03,,,20.1,,,,,20.9,,,,,,33,67,17.3,17.87,0.0,0.8755,0.4831,21.1,22.5,22.5,station
2022-03-04,,,16.0,,,,,16.1,,,,,,31,59,25.5,11.74,0.2,0.8837,0.468,16.5,18.5,18.5,station
2022-03-05,,,6.6,,,,,7.2,,,,,,73,97,18.9,8.02,10.2,0.8916,0.4527,4.0,2.1,2.1,station
2022-03-06,,,-2.6,,,,,-1.2,,,,,,76,98,16.7,6.47,3.0,0.8993,0.4373,-5.8,-5.2,-5.2,station
2022-03-07,,,-0.8,,,,,-1.9,,,,,,68,38,14.4,19.1,0.0,0.9067,0.4218,-3.4,-2.1,-2.1,station
2022-03-08,,,2.0,,,,,1.7,,,,,,52,9,17.1,20.32,0.0,0.9138,0.4061,0.9,3.1,3.1,station
2022-03-09,,,-2.2,,,,,-1.1,,,,,,77,84,15.9,11.07,4.0,0.9207,0.3904,-6.7,-6.0,-6.0,station
2022-03-10,,,-6.5,,,,,-4.9,,,,,,68,65,13.8,18.35,0.1,0.9272,0.3745,-9.0,-6.4,-6.4,station
2022-03-11,,,1.3,,,,,0.6,,,,,,55,12,15.5,21.09,0.0,0.9335,0.3585,-0.7,1.7,1.7,station
2022-03-12,,,11.9,,,,,11.8,,,,,,51,43,20.1,20.13,0.0,0.9396,0.3424,8.4,13.3,13.3,station
2022-03-13,,,14.2,,,,,14.1,,,,,,45,44,19.9,20.32,0.1,0.9453,0.3261,15.1,17.5,17.5,station
2022-03-14,,,10.0,,,,,10.1,,,,,,51,31,16.3,20.02,0.4,0.9508,0.3098,9.8,12.0,12.0,station
2022-03-15,,,18.0,,,,,17.6,,,,,,31,20,21.3,20.63,0.0,0.956,0.2934,18.5,20.4,20.4,station
2022-03-16,,,10.5,,,,,11.3,,,,,,52,98,18.6,11.34,5.7,0.9609,0.2769,10.6,12.2,12.2,station
2022-03-17,,,2.0,,,,,2.7,,,,,,92,94,26.5,12.6,17.1,0.9655,0.2604,0.9,0.7,0.7,station
2022-03-18,,,6.9,,,,,7.6,,,,,,65,35,18.4,22.96,0.0,0.9698,0.2437,3.2,8.2,8.2,station
2022-03-19,,,13.2,,,,,10.8,,,,,,61,52,29.5,22.26,0.0,0.9739,0.227,5.5,12.8,12.8,station
2022-03-20,,,16.5,,,,,16.4,,,,,,47,86,25.5,19.48,0.0,0.9777,0.2102,15.4,17.9,17.9,station
2022-03-21,,,7.6,,,,,7.5,,,,,,61,99,27.0,8.56,1.1,0.9811,0.1934,4.8,6.2,6.2,station
2022-03-22,,,5.4,,,,,4.8,,,,,,52,88,38.6,13.91,1.0,0.9843,0.1765,5.1,4.7,4.7,station
2022-03-23,,,9.4,,,,,10.5,,,,,,39,16,47.7,22.56,0.1,0.9872,0.1595,9.4,11.5,11.5,station
2022-03-24,,,16.4,,,,,15.7,,,,,,39,14,24.3,21.91,0.0,0.9898,0.1425,16.9,18.9,18.9,station
2022-03-25,,,18.2,,,,,18.1,,,,,,54,29,18.4,21.76,0.0,0.9921,0.1255,16.2,17.2,17.2,station
2022-03-26,,,21.7,,,,,21.8,,,,,,32,61,21.7,21.01,0.0,0.9941,0.1084,22.0,24.4,24.4,station
2022-03-27,,,22.8,,,,,22.3,,,,,,42,90,14.8,18.39,0.0,0.9958,0.0913,22.2,23.6,23.6,station
2022-03-28,,,22.7,,,,,22.6,,,,,,26,73,20.6,21.17,0.0,0.9972,0.0741,23.2,24.7,24.7,station
2022-03-29,,,13.9,,,,,12.9,,,,,,65,98,35.2,8.25,7.5,0.9984,0.057,11.7,11.0,11.0,station
2022-03-30,,,8.3,,,,,8.0,,,,,,47,78,34.7,19.63,0.2,0.9992,0.0398,8.0,6.7,6.7,station
2022-03-31,,,13.8,,,,,14.5,,,,,,34,28,28.0,23.5,0.1,0.9997,0.0226,14.7,16.3,16.3,station
2022-04-01,,,13.9,,,,,13.0,,,,,,43,64,27.2,22.2,0.1,1.0,0.0054,12.4,12.8,12.8,station
2022-04-02,,,18.1,,,,,17.9,,,,,,40,75,14.0,21.85,0.0,0.9999,-0.0118,19.0,20.2,20.2,station
2022-04-03,,,9.8,,,,,11.9,,,,,,49,89,18.6,7.92,0.0,0.9996,-0.029,10.5,10.8,10.8,station
2022-04-04,,,17.3,,,,,16.9,,,,,,43,71,26.3,23.85,0.0,0.9989,-0.0462,18.7,17.9,17.9,station
2022-04-05,,,15.2,,,,,14.3,,,,,,37,59,49.7,18.87,0.7,0.998,-0.0634,14.1,15.2,15.2,station
2022-04-06,,,6.6,,,,,8.8,,,,,,23,33,35.5,24.01,0.0,0.9968,-0.0805,7.0,7.9,7.9,station
2022-04-07,,,12.1,,,,,12.3,,,,,,33,15,31.1,24.15,0.0,0.9952,-0.0977,10.4,10.7,10.7,station
2022-04-08,,,16.4,,,,,17.3,,,,,,25,0,14.5,25.06,0.0,0.9934,-0.1148,17.6,18.9,18.9,station
2022-04-09,,,22.2,,,,,22.9,,,,,,24,75,24.2,21.69,0.0,0.9913,-0.1319,22.6,23.5,23.5,station
2022-04-10,,,12.9,,,,,12.1,,,,,,43,64,31.7,23.03,1.1,0.9889,-0.1489,13.1,14.1,14.1,station
2022-04-11,,,16.9,,,,,15.2,,,,,,21,78,37.2,23.12,0.0,0.9861,-0.1659,18.4,17.2,17.2,station
2022-04-12,,,14.0,,,,,15.8,,,,,,28,55,41.8,19.44,3.1,0.9831,-0.1828,13.7,15.0,15.0,station
2022-04-13,,,4.2,,,,,4.1,,,,,,30,60,33.5,21.26,0.2,0.9799,-0.1997,4.5,4.1,4.1,station
2022-04-14,,,13.6,,,,,13.4,,,,,,26,61,35.0,25.72,0.0,0.9763,-0.2165,13.7,13.6,13.6,station
2022-04-15,,,19.0,,,,,18.7,,,,,,25,57,26.2,24.45,0.3,0.9724,-0.2333,17.8,16.4,16.4,station
2022-04-16,,,16.8,,,,,17.2,,,,,,40,73,30.1,23.49,0.3,0.9683,-0.25,15.6,15.8,15.8,station
2022-04-17,,,19.1,,,,,20.0,,,,,,36,37,29.1,25.1,0.3,0.9638,-0.2666,19.2,20.1,20.1,station
2022-04-18,,,19.1,,,,,20.3,,,,,,39,11,24.9,26.27,0.0,0.9591,-0.2831,17.0,17.6,17.6,station
2022-04-19,,,24.4,,,,,24.4,,,,,,27,88,31.0,22.73,0.0,0.9541,-0.2996,24.8,25.8,25.8,station
2022-04-20,,,21.1,,,,,20.4,,,,,,31,31,28.5,26.29,0.0,0.9488,-0.316,20.4,20.9,20.9,station
2022-04-21,,,24.4,,,,,23.1,,,,,,33,15,40.9,26.33,0.0,0.9432,-0.3322,25.9,25.6,25.6,station
2022-04-22,,,27.4,,,,,26.2,,,,,,16,38,42.2,26.18,0.0,0.9373,-0.3484,27.9,29.4,29.4,station
2022-04-23,,,13.9,,,,,14.5,,,,,,27,73,33.4,24.32,0.2,0.9312,-0.3645,14.0,14.9,14.9,station
2022-04-24,,,11.4,,,,,12.3,,,,,,37,68,20.4,16.89,0.9,0.9248,-0.3804,11.5,11.2,11.2,station
2022-04-25,,,13.3,,,,,14.1,,,,,,27,61,14.5,26.6,0.3,0.9181,-0.3963,13.7,13.1,13.1,station
2022-04-26,,,21.7,,,,,22.3,,,,,,25,54,28.1,24.67,0.0,0.9112,-0.412,22.0,22.8,22.8,station
2022-04-27,,,22.7,,,,,23.2,,,,,,27,69,26.6,20.2,0.7,0.9039,-0.4276,23.5,23.1,23.1,station
2022-04-28,,,24.3,,,,,23.9,,,,,,31,65,19.9,23.91,0.0,0.8965,-0.4431,23.8,24.4,24.4,station
2022-04-29,,,17.1,,,,,16.8,,,,,,28,33,49.5,24.65,0.7,0.8887,-0.4585,17.8,18.7,18.7,station
2022-04-30,,,17.9,,,,,18.6,,,,,,32,2,24.5,28.37,0.0,0.8807,-0.4737,16.3,17.2,17.2,station
2022-05-01,,,19.9,,,,,19.6,,,,,,41,70,26.0,23.88,1.8,0.8724,-0.4888,19.9,19.3,19.3,station
2022-05-02,,,8.5,,,,,9.4,,,,,,84,88,20.5,13.71,8.0,0.8639,-0.5037,6.2,6.0,6.0,station
2022-05-03,,,21.2,,,,,20.9,,,,,,73,66,15.0,26.1,1.4,0.8551,-0.5185,16.8,13.7,13.7,station
2022-05-04,,,12.9,,,,,15.7,,,,,,91,98,19.3,8.62,7.9,0.846,-0.5331,8.2,8.3,8.3,station
2022-05-05,,,18.7,,,,,19.3,,,,,,62,39,18.8,26.13,0.0,0.8367,-0.5476,18.5,19.4,19.4,station
2022-05-06,,,25.3,,,,,25.7,,,,,,32,84,19.1,27.32,0.0,0.8272,-0.5619,25.4,26.9,26.9,station
2022-05-07,,,29.4,,,,,29.0,,,,,,28,43,39.0,28.23,0.0,0.8174,-0.5761,28.5,31.0,31.0,station
2022-05-08,,,24.6,,,,,25.0,,,,,,41,46,45.9,26.72,0.0,0.8074,-0.59,23.1,23.3,23.3,station
2022-05-09,,,25.7,,,,,25.7,,,,,,58,48,28.3,28.44,0.0,0.7971,-0.6038,24.9,22.1,22.1,station
2022-05-10,,,28.3,,,,,28.0,,,,,,37,7,23.2,29.23,0.0,0.7866,-0.6175,24.9,24.0,24.0,station
2022-05-11,,,29.3,,,,,29.8,,,,,,24,21,32.9,29.75,0.0,0.7759,-0.6309,31.1,30.8,30.8,station
2022-05-12,,,22.2,,,,,23.0,,,,,,39,14,34.5,29.75,0.0,0.7649,-0.6442,21.2,22.4,22.4,station
2022-05-13,,,23.9,,,,,23.4,,,,,,17,46,19.4,29.83,0.0,0.7537,-0.6572,23.5,23.7,23.7,station
2022-05-14,,,26.2,,,,,25.7,,,,,,19,86,30.6,28.0,0.0,0.7423,-0.6701,26.4,26.1,26.1,station
2022-05-15,,,25.2,,,,,23.8,,,,,,35,42,24.8,28.1,0.0,0.7306,-0.6828,24.3,24.8,24.8,station
2022-05-16,,,29.1,,,,,29.1,,,,,,26,76,26.3,21.29,0.1,0.7188,-0.6952,29.1,29.1,29.1,station
2022-05-17,,,28.5,,,,,28.1,,,,,,25,39,32.8,28.23,0.0,0.7067,-0.7075,29.3,28.9,28.9,station
2022-05-18,,,26.6,,,,,25.4,,,,,,36,48,15.2,24.73,0.2,0.6945,-0.7195,26.0,27.2,27.2,station
2022-05-19,,,30.0,,,,,30.8,,,,,,26,82,30.0,26.63,0.0,0.682,-0.7314,30.8,29.8,29.8,station
2022-05-20,,,8.0,,,,,7.3,,,,,,79,87,19.2,5.4,16.6,0.6693,-0.743,6.6,3.6,3.6,station
2022-05-21,,,4.3,,,,,2.5,,,,,,80,82,18.8,29.96,6.2,0.6564,-0.7544,4.4,7.2,7.2,station
2022-05-22,,,14.0,,,,,13.9,,,,,,66,94,33.8,27.59,0.1,0.6433,-0.7656,10.7,12.1,12.1,station
2022-05-23,,,16.5,,,,,16.7,,,,,,58,76,27.6,23.81,1.6,0.6301,-0.7765,15.9,15.0,15.0,station
2022-05-24,,,10.1,,,,,13.4,,,,,,73,97,16.1,15.81,1.3,0.6166,-0.7873,11.1,11.7,11.7,station
2022-05-25,,,20.8,,,,,20.8,,,,,,54,9,25.8,30.45,0.0,0.603,-0.7978,20.0,20.1,20.1,station
2022-05-26,,,26.6,,,,,25.5,,,,,,36,11,25.2,30.52,0.0,0.5892,-0.808,25.4,27.2,27.2,station
2022-05-27,,,29.8,,,,,30.0,,,,,,28,63,26.2,24.97,0.5,0.5752,-0.818,30.2,30.1,30.1,station
2022-05-28,,,28.9,,,,,29.9,,,,,,22,83,33.9,21.81,0.0,0.561,-0.8278,29.4,29.2,29.2,station
2022-05-29,,,23.2,,,,,22.0,,,,,,46,71,33.0,24.74,4.3,0.5467,-0.8373,22.9,22.8,22.8,station
2022-05-30,,,17.7,,,,,16.9,,,,,,49,69,24.6,25.95,14.2,0.5322,-0.8466,18.4,18.6,18.6,station
2022-05-31,,,16.7,,,,,16.8,,,,,,59,75,21.7,23.34,11.1,0.5176,-0.8556,16.2,15.8,15.8,station
2022-06-01,,,15.9,,,,,16.6,,,,,,78,85,21.9,17.01,8.1,0.5028,-0.8644,16.2,14.4,14.4,station
2022-06-02,,,22.0,,,,,22.6,,,,,,66,25,22.3,28.14,0.3,0.4878,-0.8729,20.6,21.3,21.3,station
2022-06-03,,,23.9,,,,,26.0,,,,,,64,71,25.2,24.69,0.8,0.4728,-0.8812,23.1,23.3,23.3,station
2022-06-04,,,28.4,,,,,28.2,,,,,,46,57,23.7,27.91,0.1,0.4575,-0.8892,26.5,28.3,28.3,station
2022-06-05,,,26.9,,,,,27.3,,,,,,39,74,17.5,27.94,0.0,0.4422,-0.8969,26.5,27.2,27.2,station
2022-06-06,,,26.5,,,,,26.6,,,,,,56,44,19.2,25.36,0.4,0.4267,-0.9044,25.2,26.0,26.0,station
2022-06-07,,,28.1,,,,,25.9,,,,,,63,42,22.2,24.2,0.3,0.4111,-0.9116,25.4,27.6,27.6,station
2022-06-08,,,25.7,,,,,27.7,,,,,,43,38,27.9,30.2,0.0,0.3953,-0.9185,25.5,25.9,25.9,station
2022-06-09,,,32.5,,,,,31.0,,,,,,42,80,33.1,21.63,0.1,0.3795,-0.9252,29.8,31.0,31.0,station
2022-06-10,,,33.0,,,,,32.8,,,,,,39,53,24.5,28.95,0.0,0.3635,-0.9316,33.3,31.8,31.8,station
2022-06-11,,,35.2,,,,,35.1,,,,,,26,20,30.5,29.39,0.0,0.3474,-0.9377,34.7,36.7,36.7,station
2022-06-12,,,35.1,,,,,33.6,,,,,,23,38,20.4,26.2,0.3,0.3312,-0.9436,33.2,33.3,33.3,station
2022-06-13,,,34.8,,,,,35.2,,,,,,13,7,33.3,31.6,0.0,0.3149,-0.9491,35.7,35.7,35.7,station
2022-06-14,,,30.3,,,,,30.1,,,,,,31,15,30.4,28.66,0.4,0.2986,-0.9544,27.6,28.7,28.7,station
2022-06-15,,,29.7,,,,,29.5,,,,,,32,6,22.4,31.91,0.0,0.2821,-0.9594,29.5,30.4,30.4,station
2022-06-16,,,33.6,,,,,33.2,,,,,,27,12,33.9,29.95,0.5,0.2656,-0.9641,33.2,34.3,34.3,station
2022-06-17,,,34.8,,,,,34.6,,,,,,40,38,23.9,26.18,0.2,0.2489,-0.9685,35.0,35.6,35.6,station
2022-06-18,,,33.6,,,,,32.4,,,,,,32,68,38.5,23.05,0.0,0.2322,-0.9727,32.3,30.8,30.8,station
2022-06-19,,,31.6,,,,,32.1,,,,,,29,92,29.1,23.56,0.0,0.2155,-0.9765,31.7,30.6,30.6,station
2022-06-20,,,31.4,,,,,31.5,,,,,,23,64,27.7,29.61,0.0,0.1986,-0.9801,31.4,31.5,31.5,station
2022-06-21,,,25.4,,,,,25.7,,,,,,22,67,31.6,27.47,0.0,0.1818,-0.9833,25.0,24.8,24.8,station
2022-06-22,,,28.9,,,,,30.9,,,,,,30,77,27.0,20.33,0.0,0.1648,-0.9863,28.9,28.6,28.6,station
2022-06-23,,,32.3,,,,,31.8,,,,,,24,33,22.0,29.73,0.0,0.1478,-0.989,32.1,32.5,32.5,station
2022-06-24,,,30.4,,,,,31.0,,,,,,34,49,16.3,27.29,0.1,0.1308,-0.9914,30.9,30.9,30.9,station
2022-06-25,,,19.6,,,,,21.9,,,,,,60,73,25.8,20.03,2.0,0.1137,-0.9935,22.7,20.7,20.7,station
2022-06-26,,,19.7,,,,,20.0,,,,,,59,100,21.3,13.32,0.3,0.0966,-0.9953,22.3,19.8,19.8,station
2022-06-27,,,29.2,,,,,28.9,,,,,,43,57,18.0,29.04,0.1,0.0795,-0.9968,28.7,30.0,30.0,station
2022-06-28,,,32.2,,,,,32.4,,,,,,28,10,30.1,30.24,0.0,0.0623,-0.9981,32.1,33.3,33.3,station
2022-06-29,,,33.8,,,,,33.5,,,,,,26,61,32.9,24.67,1.9,0.0451,-0.999,33.8,32.6,32.6,station
2022-06-30,,,29.9,,,,,31.3,,,,,,49,83,29.9,19.07,5.9,0.028,-0.9996,28.7,26.4,26.4,station
2022-07-01,,,28.7,,,,,28.6,,,,,,53,42,23.8,27.35,0.1,0.0108,-0.9999,27.8,29.2,29.2,station
2022-07-02,,,31.4,,,,,32.0,,,,,,43,31,22.4,29.2,0.5,-0.0065,-1.0,30.1,30.9,30.9,station
2022-07-03,,,32.8,,,,,33.3,,,,,,44,73,28.8,25.0,1.2,-0.0237,-0.9997,31.9,32.2,32.2,station
2022-07-04,,,34.5,,,,,34.1,,,,,,38,67,25.8,28.79,0.0,-0.0408,-0.9992,33.0,33.9,33.9,station
2022-07-05,,,34.1,,,,,32.5,,,,,,36,86,17.6,25.16,0.5,-0.058,-0.9983,34.0,33.3,33.3,station
2022-07-06,,,30.9,,,,,30.1,,,,,,65,61,14.8,22.33,2.4,-0.0752,-0.9972,26.5,29.2,29.2,station
2022-07-07,,,31.4,,,,,30.3,,,,,,49,21,17.1,26.45,0.1,-0.0923,-0.9957,30.4,31.2,31.2,station
2022-07-08,,,33.0,,,,,33.3,,,,,,41,19,28.2,27.13,0.6,-0.1094,-0.994,32.8,33.2,33.2,station
2022-07-09,,,36.2,,,,,36.4,,,,,,27,17,25.9,28.46,0.0,-0.1265,-0.992,36.3,37.5,37.5,station
2022-07-10,,,37.1,,,,,36.6,,,,,,26,50,28.8,24.4,2.7,-0.1436,-0.9896,36.6,37.8,37.8,station
2022-07-11,,,27.8,,,,,29.4,,,,,,46,43,27.0,23.64,0.2,-0.1606,-0.987,27.1,26.5,26.5,station
2022-07-12,,,32.8,,,,,33.9,,,,,,38,16,26.9,27.9,0.3,-0.1775,-0.9841,32.8,34.3,34.3,station
2022-07-13,,,35.7,,,,,35.0,,,,,,35,54,24.9,25.84,1.6,-0.1944,-0.9809,34.6,36.1,36.1,station
2022-07-14,,,36.1,,,,,35.5,,,,,,36,43,31.7,24.86,0.1,-0.2113,-0.9774,35.3,34.2,34.2,station
2022-07-15,,,34.7,,,,,35.5,,,,,,40,58,21.3,23.08,0.2,-0.2281,-0.9736,34.4,35.8,35.8,station
2022-07-16,,,32.5,,,,,33.6,,,,,,45,54,22.7,24.08,0.0,-0.2448,-0.9696,31.6,33.8,33.8,station
2022-07-17,,,33.9,,,,,35.0,,,,,,34,17,26.9,28.57,0.0,-0.2614,-0.9652,34.8,35.1,35.1,station
2022-07-18,,,36.8,,,,,36.8,,,,,,26,58,30.6,23.63,0.0,-0.278,-0.9606,35.5,36.1,36.1,station
2022-07-19,,,35.1,,,,,35.9,,,,,,30,41,21.4,24.06,0.1,-0.2945,-0.9557,34.7,34.3,34.3,station
2022-07-20,,,33.8,,,,,33.2,,,,,,41,26,23.6,24.94,1.5,-0.3109,-0.9505,34.0,34.7,34.7,station
2022-07-21,,,34.2,,,,,35.2,,,,,,30,13,19.4,28.62,0.1,-0.3272,-0.945,34.9,34.3,34.3,station
2022-07-22,,,35.5,,,,,35.9,,,,,,24,14,21.8,28.36,0.0,-0.3434,-0.9392,35.6,35.1,35.1,station
2022-07-23,,,36.4,,,,,35.7,,,,,,34,61,31.9,20.72,0.8,-0.3595,-0.9332,35.7,35.4,35.4,station
2022-07-24,,,33.2,,,,,31.3,,,,,,61,92,19.6,20.55,9.4,-0.3755,-0.9268,30.4,28.0,28.0,station
2022-07-25,,,30.0,,,,,32.7,,,,,,58,52,29.9,26.14,1.1,-0.3914,-0.9202,29.7,31.9,31.9,station
2022-07-26,,,30.2,,,,,31.2,,,,,,57,89,27.2,26.61,6.1,-0.4071,-0.9134,28.4,29.4,29.4,station
2022-07-27,,,33.1,,,,,33.3,,,,,,54,70,19.2,26.86,1.2,-0.4228,-0.9062,31.8,31.8,31.8,station
2022-07-28,,,26.4,,,,,27.5,,,,,,74,99,16.3,15.05,9.5,-0.4383,-0.8988,25.2,24.8,24.8,station
2022-07-29,,,28.1,,,,,28.7,,,,,,68,52,23.0,23.07,0.1,-0.4537,-0.8912,27.6,28.3,28.3,station
2022-07-30,,,30.8,,,,,30.8,,,,,,41,11,22.0,28.57,0.0,-0.469,-0.8832,31.5,32.8,32.8,station
2022-07-31,,,31.8,,,,,31.2,,,,,,35,29,21.3,24.36,0.2,-0.4841,-0.875,31.4,32.8,32.8,station
2022-08-01,,,34.6,,,,,33.7,,,,,,32,48,26.9,26.15,0.0,-0.4991,-0.8666,33.9,35.8,35.8,station
2022-08-02,,,33.1,,,,,34.6,,,,,,41,44,24.2,25.15,0.0,-0.5139,-0.8578,32.5,33.8,33.8,station
2022-08-03,,,30.0,,,,,31.0,,,,,,48,52,30.2,24.53,2.9,-0.5286,-0.8489,30.6,32.4,32.4,station
2022-08-04,,,34.5,,,,,34.2,,,,,,37,31,30.3,27.73,0.0,-0.5431,-0.8397,34.6,36.3,36.3,station
2022-08-05,,,36.7,,,,,35.5,,,,,,39,64,31.8,23.94,0.4,-0.5575,-0.8302,36.4,36.7,36.7,station
2022-08-06,,,34.0,,,,,34.1,,,,,,58,68,21.9,23.09,1.3,-0.5717,-0.8205,32.3,33.6,33.6,station
2022-08-07,,,31.1,,,,,29.0,,,,,,64,63,23.5,21.42,3.3,-0.5857,-0.8105,27.4,28.3,28.3,station
2022-08-08,,,30.4,,,,,29.6,,,,,,56,26,32.6,25.32,0.0,-0.5996,-0.8003,30.3,32.2,32.2,station
2022-08-09,,,33.1,,,,,32.6,,,,,,41,12,25.0,24.63,0.0,-0.6132,-0.7899,32.5,33.3,33.3,station
2022-08-10,,,32.0,,,,,33.1,,,,,,32,6,30.2,27.34,0.0,-0.6267,-0.7792,33.3,33.6,33.6,station
2022-08-11,,,33.4,,,,,33.5,,,,,,34,18,29.9,26.74,0.0,-0.64,-0.7683,34.9,35.8,35.8,station
2022-08-12,,,33.1,,,,,33.2,,,,,,32,19,29.6,25.93,0.0,-0.6532,-0.7572,32.6,33.9,33.9,station
2022-08-13,,,33.5,,,,,33.5,,,,,,41,27,22.9,25.56,0.5,-0.6661,-0.7459,32.8,33.8,33.8,station
2022-08-14,,,31.7,,,,,33.1,,,,,,51,52,24.5,23.82,2.1,-0.6788,-0.7343,32.9,33.1,33.1,station
2022-08-15,,,28.9,,,,,29.4,,,,,,72,79,17.4,17.46,24.2,-0.6914,-0.7225,27.5,29.9,29.9,station
2022-08-16,,,20.9,,,,,26.4,,,,,,83,100,14.6,8.55,20.7,-0.7037,-0.7105,20.8,20.7,20.7,station
2022-08-17,,,27.0,,,,,27.5,,,,,,55,30,18.1,24.33,0.0,-0.7158,-0.6983,26.2,27.9,27.9,station
2022-08-18,,,29.4,,,,,29.7,,,,,,38,11,18.0,26.09,0.0,-0.7277,-0.6859,29.2,30.4,30.4,station
2022-08-19,,,26.5,,,,,26.0,,,,,,49,81,19.3,21.7,3.1,-0.7394,-0.6733,26.1,27.1,27.1,station
2022-08-20,,,26.0,,,,,24.9,,,,,,65,84,22.3,15.67,2.5,-0.7509,-0.6605,26.3,25.7,25.7,station
2022-08-21,,,26.2,,,,,27.0,,,,,,59,77,24.0,19.72,5.5,-0.7621,-0.6474,25.2,26.7,26.7,station
2022-08-22,,,25.7,,,,,28.0,,,,,,51,54,23.8,22.41,0.3,-0.7731,-0.6342,26.9,28.1,28.1,station
2022-08-23,,,28.7,,,,,28.5,,,,,,39,9,27.4,24.71,0.0,-0.7839,-0.6208,28.6,28.8,28.8,station
2022-08-24,,,29.2,,,,,30.0,,,,,,33,6,26.3,24.97,0.0,-0.7945,-0.6073,29.0,29.4,29.4,station
2022-08-25,,,30.6,,,,,30.9,,,,,,39,50,24.5,21.59,2.5,-0.8048,-0.5935,30.9,29.4,29.4,station
2022-08-26,,,28.3,,,,,28.6,,,,,,47,77,19.3,19.3,1.2,-0.8149,-0.5796,27.9,28.0,28.0,station
2022-08-27,,,30.6,,,,,30.9,,,,,,38,27,20.2,24.14,0.0,-0.8248,-0.5655,29.3,30.6,30.6,station
2022-08-28,,,31.3,,,,,30.7,,,,,,32,50,25.7,21.38,0.0,-0.8344,-0.5512,30.4,31.0,31.0,station
2022-08-29,,,29.3,,,,,30.2,,,,,,38,11,20.9,24.57,0.0,-0.8437,-0.5368,29.3,30.6,30.6,station
2022-08-30,,,31.8,,,,,33.2,,,,,,37,11,26.8,23.56,0.0,-0.8528,-0.5222,31.8,32.2,32.2,station
2022-08-31,,,32.4,,,,,33.1,,,,,,32,20,28.1,23.13,0.0,-0.8617,-0.5074,32.4,32.4,32.4,station
2022-09-01,,,32.1,,,,,32.9,,,,,,28,8,13.5,24.07,0.0,-0.8703,-0.4925,32.1,32.8,32.8,station
2022-09-02,,,33.4,,,,,33.6,,,,,,23,21,25.0,23.99,0.0,-0.8786,-0.4775,32.3,33.7,33.7,station
2022-09-03,,,30.6,,,,,30.4,,,,,,33,11,25.6,23.64,0.0,-0.8867,-0.4623,32.1,30.6,30.6,station
2022-09-04,,,32.8,,,,,33.3,,,,,,28,0,26.0,24.3,0.0,-0.8945,-0.447,33.1,34.0,34.0,station
2022-09-05,,,35.0,,,,,34.8,,,,,,22,6,34.8,23.9,0.0,-0.9021,-0.4315,34.1,34.9,34.9,station
2022-09-06,,,34.1,,,,,34.6,,,,,,19,9,25.4,23.58,0.0,-0.9094,-0.4159,35.0,35.2,35.2,station
2022-09-07,,,34.5,,,,,34.9,,,,,,19,13,28.8,22.98,0.0,-0.9164,-0.4002,35.8,35.3,35.3,station
2022-09-08,,,35.1,,,,,34.9,,,,,,18,31,26.3,22.32,0.1,-0.9232,-0.3844,34.9,35.9,35.9,station
2022-09-09,,,21.2,,,,,22.4,,,,,,56,56,18.0,18.15,2.3,-0.9296,-0.3685,23.3,19.3,19.3,station
2022-09-10,,,11.3,,,,,17.2,,,,,,79,88,18.1,4.95,3.6,-0.9358,-0.3524,11.5,9.8,9.8,station
2022-09-11,,,24.9,,,,,25.7,,,,,,58,11,11.4,23.25,0.0,-0.9418,-0.3363,24.2,24.4,24.4,station
2022-09-12,,,29.7,,,,,29.5,,,,,,29,0,14.8,23.73,0.0,-0.9474,-0.32,28.3,30.3,30.3,station
2022-09-13,,,29.8,,,,,30.2,,,,,,24,56,26.6,21.52,0.0,-0.9528,-0.3037,31.2,31.2,31.2,station
2022-09-14,,,26.0,,,,,27.0,,,,,,50,85,27.2,15.2,3.2,-0.9579,-0.2873,26.4,25.6,25.6,station
2022-09-15,,,24.9,,,,,25.2,,,,,,66,55,21.7,17.19,6.7,-0.9627,-0.2707,23.1,24.0,24.0,station
2022-09-16,,,26.7,,,,,25.8,,,,,,49,31,22.8,20.73,0.0,-0.9672,-0.2541,27.4,27.0,27.0,station
2022-09-17,,,27.7,,,,,28.0,,,,,,48,36,24.7,19.45,0.8,-0.9714,-0.2375,26.9,28.3,28.3,station
2022-09-18,,,31.2,,,,,31.2,,,,,,46,5,22.9,21.45,0.0,-0.9753,-0.2207,29.6,29.0,29.0,station
2022-09-19,,,30.3,,,,,30.6,,,,,,31,28,16.2,19.68,0.0,-0.979,-0.2039,30.6,31.3,31.3,station
2022-09-20,,,30.5,,,,,30.3,,,,,,25,34,29.7,20.13,0.0,-0.9824,-0.187,31.4,32.2,32.2,station
2022-09-21,,,20.6,,,,,18.6,,,,,,70,97,16.6,4.98,7.2,-0.9854,-0.1701,20.0,18.2,18.2,station
2022-09-22,,,22.1,,,,,19.1,,,,,,83,68,14.0,9.52,4.2,-0.9882,-0.1531,21.2,18.3,18.3,station
2022-09-23,,,27.8,,,,,27.6,,,,,,47,2,19.2,20.93,0.0,-0.9907,-0.1361,25.6,26.9,26.9,station
2022-09-24,,,26.8,,,,,27.4,,,,,,32,0,15.8,21.0,0.0,-0.9929,-0.1191,25.5,27.6,27.6,station
2022-09-25,,,24.3,,,,,25.3,,,,,,40,3,16.0,20.24,0.0,-0.9948,-0.102,23.4,25.3,25.3,station
2022-09-26,,,26.3,,,,,27.2,,,,,,37,1,15.0,20.26,0.0,-0.9964,-0.0848,25.1,27.2,27.2,station
2022-09-27,,,26.2,,,,,25.8,,,,,,43,57,17.3,16.68,0.0,-0.9977,-0.0677,25.6,25.2,25.2,station
2022-09-28,,,27.5,,,,,27.7,,,,,,35,17,22.8,18.76,0.0,-0.9987,-0.0505,28.3,28.5,28.5,station
2022-09-29,,,27.5,,,,,28.3,,,,,,34,72,21.8,18.29,0.0,-0.9994,-0.0333,27.5,28.3,28.3,station
2022-09-30,,,26.0,,,,,26.5,,,,,,50,41,24.3,17.53,4.1,-0.9999,-0.0161,26.9,26.7,26.7,station
2022-10-01,,,23.1,,,,,22.0,,,,,,74,57,15.1,15.96,0.8,-1.0,0.0011,22.7,23.0,23.0,station
2022-10-02,,,21.9,,,,,19.7,,,,,,62,83,21.2,13.78,1.9,-0.9998,0.0183,23.3,23.2,23.2,station
2022-10-03,,,20.8,,,,,21.7,,,,,,62,81,15.6,16.87,9.7,-0.9994,0.0355,22.0,22.6,22.6,station
2022-10-04,,,21.1,,,,,21.4,,,,,,73,22,12.2,17.28,4.7,-0.9986,0.0527,19.1,18.3,18.3,station
2022-10-05,,,19.7,,,,,20.2,,,,,,65,15,12.2,16.74,0.3,-0.9976,0.0698,19.0,19.8,19.8,station
2022-10-06,,,20.2,,,,,20.7,,,,,,49,14,15.3,18.3,0.1,-0.9962,0.087,20.4,21.8,21.8,station
2022-10-07,,,16.7,,,,,18.9,,,,,,77,74,19.4,9.43,0.1,-0.9946,0.1041,12.1,11.2,11.2,station
2022-10-08,,,18.3,,,,,19.2,,,,,,69,37,10.9,16.1,0.0,-0.9926,0.1212,17.0,18.9,18.9,station
2022-10-09,,,21.0,,,,,21.1,,,,,,45,0,14.1,17.98,0.0,-0.9904,0.1383,20.5,22.6,22.6,station
2022-10-10,,,22.6,,,,,22.3,,,,,,32,13,17.7,17.05,0.0,-0.9879,0.1553,23.0,23.3,23.3,station
2022-10-11,,,23.3,,,,,23.6,,,,,,31,24,25.3,16.38,0.0,-0.9851,0.1722,23.3,24.4,24.4,station
2022-10-12,,,23.1,,,,,23.6,,,,,,43,0,22.3,17.37,0.0,-0.9819,0.1892,20.3,20.7,20.7,station
2022-10-13,,,18.8,,,,,17.2,,,,,,48,9,14.7,16.87,0.0,-0.9785,0.206,16.9,17.4,17.4,station
2022-10-14,,,22.4,,,,,23.1,,,,,,26,5,21.3,17.29,0.0,-0.9749,0.2228,23.7,24.1,24.1,station
2022-10-15,,,16.6,,,,,16.3,,,,,,39,54,17.7,14.44,0.3,-0.9709,0.2396,15.9,16.8,16.8,station
2022-10-16,,,14.2,,,,,15.8,,,,,,59,68,13.5,9.59,0.0,-0.9666,0.2562,12.9,13.0,13.0,station
2022-10-17,,,17.1,,,,,17.9,,,,,,53,0,14.4,16.26,0.0,-0.9621,0.2728,15.8,16.4,16.4,station
2022-10-18,,,18.1,,,,,19.1,,,,,,40,0,13.7,16.47,0.0,-0.9572,0.2893,17.9,19.3,19.3,station
2022-10-19,,,22.7,,,,,22.7,,,,,,23,0,21.2,16.32,0.0,-0.9521,0.3057,22.6,24.3,24.3,station
2022-10-20,,,24.4,,,,,24.3,,,,,,18,0,17.4,16.46,0.0,-0.9467,0.3221,24.1,25.4,25.4,station
2022-10-21,,,23.3,,,,,22.7,,,,,,17,32,21.7,16.01,0.0,-0.941,0.3383,23.7,24.3,24.3,station
2022-10-22,,,23.5,,,,,23.1,,,,,,20,7,21.4,15.89,0.0,-0.9351,0.3545,23.1,24.0,24.0,station
2022-10-23,,,17.3,,,,,19.9,,,,,,41,65,39.0,13.87,1.9,-0.9288,0.3705,18.0,18.2,18.2,station
2022-10-24,,,9.4,,,,,10.0,,,,,,39,22,24.5,15.53,0.0,-0.9223,0.3864,9.3,10.3,10.3,station
2022-10-25,,,15.6,,,,,15.6,,,,,,30,59,19.5,12.04,0.1,-0.9155,0.4022,14.9,15.3,15.3,station
2022-10-26,,,13.3,,,,,14.4,,,,,,44,83,18.3,12.99,0.0,-0.9085,0.4179,13.1,14.7,14.7,station
2022-10-27,,,5.8,,,,,8.1,,,,,,70,69,22.3,5.15,5.4,-0.9012,0.4335,8.6,5.6,5.6,station
2022-10-28,,,16.0,,,,,15.3,,,,,,42,4,21.3,15.06,0.0,-0.8936,0.4489,16.2,15.6,15.6,station
2022-10-29,,,13.3,,,,,13.3,,,,,,33,30,17.8,14.72,0.0,-0.8857,0.4642,13.0,14.8,14.8,station
2022-10-30,,,13.3,,,,,13.7,,,,,,32,51,12.9,13.22,0.0,-0.8776,0.4794,13.4,14.6,14.6,station
2022-10-31,,,18.1,,,,,17.9,,,,,,32,0,15.9,14.28,0.0,-0.8692,0.4944,17.2,18.7,18.7,station
2022-11-01,,,21.0,,,,,20.7,,,,,,29,35,19.5,13.94,0.0,-0.8606,0.5093,21.8,22.8,22.8,station
2022-11-02,,,20.4,,,,,20.6,,,,,,20,59,28.8,12.37,0.0,-0.8517,0.524,19.7,22.2,22.2,station
2022-11-03,,,12.4,,,,,12.9,,,,,,51,75,18.4,9.9,1.8,-0.8426,0.5386,10.1,11.9,11.9,station
2022-11-04,,,6.3,,,,,6.3,,,,,,54,43,22.8,13.54,0.6,-0.8332,0.553,6.4,6.3,6.3,station
2022-11-05,,,15.4,,,,,14.8,,,,,,38,92,19.6,10.07,0.0,-0.8235,0.5672,13.5,14.9,14.9,station
2022-11-06,,,11.2,,,,,11.7,,,,,,43,78,27.8,6.53,0.0,-0.8137,0.5813,8.9,9.1,9.1,station
2022-11-07,,,15.9,,,,,14.8,,,,,,49,36,40.7,12.63,0.0,-0.8035,0.5952,15.2,16.4,16.4,station
2022-11-08,,,20.9,,,,,21.2,,,,,,29,53,32.8,12.15,0.0,-0.7932,0.609,20.5,22.1,22.1,station
2022-11-09,,,20.4,,,,,21.1,,,,,,39,43,29.7,12.51,0.0,-0.7826,0.6225,19.7,13.6,13.6,station
2022-11-10,,,9.4,,,,,8.9,,,,,,49,44,29.5,12.75,0.2,-0.7718,0.6359,9.9,9.4,9.4,station
2022-11-11,,,2.9,,,,,3.9,,,,,,56,34,12.8,11.85,0.0,-0.7607,0.6491,2.4,2.5,2.5,station
2022-11-12,,,10.8,,,,,12.2,,,,,,37,50,15.3,12.51,0.0,-0.7494,0.6621,9.6,11.4,11.4,station
2022-11-13,,,8.6,,,,,9.0,,,,,,35,41,21.7,9.81,0.0,-0.7379,0.6749,9.1,10.6,10.6,station
2022-11-14,,,1.0,,,,,1.8,,,,,,56,56,14.0,11.7,0.4,-0.7262,0.6875,0.9,1.0,1.0,station
2022-11-15,,,1.4,,,,,2.3,,,,,,57,49,16.3,11.51,2.6,-0.7143,0.6998,1.2,1.1,1.1,station
2022-11-16,,,4.2,,,,,4.8,,,,,,37,44,13.9,11.87,0.0,-0.7021,0.712,3.2,4.1,4.1,station
2022-11-17,,,-2.0,,,,,-2.3,,,,,,59,99,20.1,6.45,1.7,-0.6898,0.724,-2.4,-3.9,-3.9,station
2022-11-18,,,-3.8,,,,,-3.8,,,,,,58,46,15.1,11.78,1.3,-0.6772,0.7358,-5.1,-5.6,-5.6,station
2022-11-19,,,4.1,,,,,5.7,,,,,,39,7,20.2,11.85,0.0,-0.6645,0.7473,4.0,3.0,3.0,station
2022-11-20,,,8.9,,,,,7.3,,,,,,28,0,19.6,11.83,0.0,-0.6515,0.7586,9.5,10.2,10.2,station
2022-11-21,,,10.9,,,,,10.4,,,,,,29,16,17.0,11.64,0.0,-0.6384,0.7697,10.3,13.0,13.0,station
2022-11-22,,,11.7,,,,,12.0,,,,,,28,57,22.4,11.51,0.0,-0.625,0.7806,8.9,10.9,10.9,station
2022-11-23,,,9.1,,,,,8.3,,,,,,33,62,27.1,10.12,0.0,-0.6115,0.7912,9.0,11.2,11.2,station
2022-11-24,,,4.4,,,,,3.9,,,,,,63,63,24.3,7.35,0.0,-0.5978,0.8016,4.7,4.9,4.9,station
2022-11-25,,,11.9,,,,,13.2,,,,,,38,11,15.8,10.61,0.0,-0.584,0.8118,12.0,14.6,14.6,station
2022-11-26,,,10.9,,,,,10.9,,,,,,41,32,27.0,10.62,0.0,-0.5699,0.8217,11.8,13.7,13.7,station
2022-11-27,,,9.3,,,,,9.9,,,,,,54,56,14.5,10.32,0.3,-0.5557,0.8314,8.6,9.0,9.0,station
2022-11-28,,,10.8,,,,,12.5,,,,,,35,78,22.2,10.08,0.1,-0.5413,0.8408,12.1,13.7,13.7,station
2022-11-29,,,-2.5,,,,,-1.1,,,,,,67,70,22.0,7.15,4.5,-0.5268,0.85,-3.1,-6.3,-6.3,station
2022-11-30,,,2.0,,,,,0.3,,,,,,43,54,22.7,10.43,0.0,-0.5121,0.859,5.4,-1.0,-1.0,station
2022-12-01,,,10.4,,,,,10.4,,,,,,30,55,30.5,10.45,0.0,-0.4972,0.8676,13.2,16.2,16.2,station
2022-12-02,,,13.0,,,,,10.3,,,,,,39,51,39.7,8.96,0.0,-0.4822,0.8761,12.4,12.8,12.8,station
2022-12-03,,,9.8,,,,,9.4,,,,,,39,75,25.0,9.48,0.0,-0.4671,0.8842,11.9,12.8,12.8,station
2022-12-04,,,11.8,,,,,11.8,,,,,,50,64,20.1,9.5,0.0,-0.4518,0.8921,14.0,13.7,13.7,station
2022-12-05,,,11.5,,,,,10.9,,,,,,50,63,25.4,8.83,0.0,-0.4364,0.8998,11.4,12.5,12.5,station
2022-12-06,,,9.2,,,,,9.7,,,,,,59,60,16.1,9.58,0.0,-0.4208,0.9071,10.3,10.7,10.7,station
2022-12-07,,,11.0,,,,,10.3,,,,,,53,20,19.3,9.62,0.0,-0.4052,0.9142,10.8,12.0,12.0,station
2022-12-08,,,7.8,,,,,7.5,,,,,,49,4,17.9,9.85,0.0,-0.3894,0.9211,6.1,6.7,6.7,station
2022-12-09,,,7.2,,,,,6.3,,,,,,28,7,21.3,9.89,0.0,-0.3735,0.9276,9.9,11.4,11.4,station
2022-12-10,,,9.6,,,,,8.9,,,,,,30,24,21.7,9.31,0.0,-0.3575,0.9339,10.5,10.8,10.8,station
2022-12-11,,,15.5,,,,,15.3,,,,,,21,62,28.4,9.77,0.0,-0.3413,0.9399,14.4,16.5,16.5,station
2022-12-12,,,11.5,,,,,11.4,,,,,,35,94,29.8,6.62,0.7,-0.3251,0.9457,11.6,11.3,11.3,station
2022-12-13,,,-2.1,,,,,-1.7,,,,,,70,100,22.3,4.55,5.2,-0.3088,0.9511,-3.8,-5.2,-5.2,station
2022-12-14,,,1.8,,,,,2.0,,,,,,48,80,22.2,8.73,0.1,-0.2924,0.9563,1.2,1.4,1.4,station
2022-12-15,,,-3.0,,,,,-1.9,,,,,,42,55,17.4,7.33,0.0,-0.2759,0.9612,-1.7,-2.1,-2.1,station
2022-12-16,,,-1.7,,,,,-1.3,,,,,,28,45,19.0,9.58,0.0,-0.2593,0.9658,-1.6,-0.4,-0.4,station
2022-12-17,,,3.2,,,,,3.0,,,,,,30,18,21.9,9.84,0.0,-0.2427,0.9701,2.0,-0.7,-0.7,station
2022-12-18,,,4.2,,,,,2.3,,,,,,27,89,21.3,9.66,0.0,-0.226,0.9741,5.4,5.2,5.2,station
2022-12-19,,,6.1,,,,,5.6,,,,,,30,64,14.6,9.35,0.0,-0.2092,0.9779,6.9,8.8,8.8,station
2022-12-20,,,7.0,,,,,4.4,,,,,,31,90,22.5,7.71,0.0,-0.1923,0.9813,7.2,8.3,8.3,station
2022-12-21,,,8.8,,,,,8.7,,,,,,43,58,33.7,9.59,0.6,-0.1754,0.9845,8.6,10.1,10.1,station
2022-12-22,,,-17.9,,,,,-17.5,,,,,,60,64,15.7,9.5,1.9,-0.1585,0.9874,-20.1,-20.3,-20.3,station
2022-12-23,,,-9.4,,,,,-9.1,,,,,,51,54,14.2,9.54,0.0,-0.1414,0.9899,-11.1,-14.0,-14.0,station
2022-12-24,,,6.3,,,,,3.9,,,,,,60,44,14.4,8.05,0.0,-0.1244,0.9922,6.3,8.2,8.2,station
2022-12-25,,,9.1,,,,,10.1,,,,,,53,72,23.7,6.86,0.0,-0.1073,0.9942,11.2,9.4,9.4,station
2022-12-26,,,8.7,,,,,9.3,,,,,,62,84,18.9,8.09,0.0,-0.0902,0.9959,9.7,10.7,10.7,station
2022-12-27,,,16.8,,,,,12.8,,,,,,39,57,31.2,8.84,0.1,-0.073,0.9973,16.1,17.2,17.2,station
2022-12-28,,,9.3,,,,,9.7,,,,,,68,97,21.9,5.57,9.8,-0.0559,0.9984,10.2,9.2,9.2,station
2022-12-29,,,0.4,,,,,1.3,,,,,,74,58,17.7,9.87,10.4,-0.0387,0.9993,0.3,1.0,1.0,station
2022-12-30,,,2.9,,,,,0.9,,,,,,60,73,19.9,9.42,0.0,-0.0215,0.9998,0.1,2.8,2.8,station
2022-12-31,,,11.6,,,,,5.2,,,,,,71,79,17.7,9.17,0.0,-0.0043,1.0,5.5,,,
2023-01-01,,,4.3,,,,,4.7,,,,,,84,86,13.1,8.91,0.5,0.0172,0.9999,0.5,0.6,0.6,station
2023-01-02,,,-0.0,,,,,-1.1,,,,,,97,100,15.1,4.03,4.2,0.0344,0.9994,-3.3,-3.0,-3.0,station
2023-01-03,,,-1.7,,,,,2.0,,,,,,86,81,15.5,9.21,0.4,0.0516,0.9987,-5.1,-5.2,-5.2,station
2023-01-04,,,1.4,,,,,2.0,,,,,,62,23,16.0,10.2,0.0,0.0688,0.9976,0.2,0.1,0.1,station
2023-01-05,,,3.0,,,,,3.3,,,,,,66,73,16.2,8.27,0.0,0.0859,0.9963,2.7,1.9,1.9,station
2023-01-06,,,3.9,,,,,1.9,,,,,,71,67,21.9,7.28,0.4,0.103,0.9947,1.1,2.2,2.2,station
2023-01-07,,,6.9,,,,,5.9,,,,,,72,39,19.0,10.02,0.0,0.1201,0.9928,2.8,3.3,3.3,station
2023-01-08,,,9.3,,,,,8.5,,,,,,59,67,21.4,8.14,0.0,0.1372,0.9905,4.2,7.2,7.2,station
2023-01-09,,,8.2,,,,,8.0,,,,,,63,58,19.7,9.13,0.0,0.1542,0.988,4.6,7.2,7.2,station
2023-01-10,,,12.4,,,,,12.1,,,,,,62,42,19.5,10.38,0.0,0.1712,0.9852,8.1,11.3,11.3,station
2023-01-11,,,4.5,,,,,7.2,,,,,,89,97,18.1,4.54,2.3,0.1881,0.9821,1.1,2.2,2.2,station
2023-01-12,,,7.3,,,,,8.1,,,,,,76,42,18.0,10.96,0.0,0.205,0.9788,2.7,5.9,5.9,station
2023-01-13,,,8.5,,,,,10.5,,,,,,66,84,18.4,10.28,0.0,0.2218,0.9751,7.5,10.8,10.8,station
2023-01-14,,,11.9,,,,,11.2,,,,,,60,86,19.9,9.81,0.0,0.2385,0.9711,9.1,13.8,13.8,station
2023-01-15,,,5.7,,,,,5.3,,,,,,72,93,16.6,7.1,2.2,0.2552,0.9669,3.5,4.4,4.4,station
2023-01-16,,,4.8,,,,,6.7,,,,,,67,67,15.6,8.25,0.0,0.2718,0.9624,6.3,8.1,8.1,station
2023-01-17,,,2.5,,,,,3.2,,,,,,79,66,11.4,8.22,6.9,0.2883,0.9575,-0.1,1.3,1.3,station
2023-01-18,,,-2.1,,,,,-1.6,,,,,,94,95,27.8,5.41,13.9,0.3047,0.9524,-3.5,-4.4,-4.4,station
2023-01-19,,,1.3,,,,,0.7,,,,,,66,44,20.4,11.82,0.0,0.3211,0.9471,-1.0,1.3,1.3,station
2023-01-20,,,-2.3,,,,,-2.4,,,,,,77,98,11.3,8.48,0.8,0.3373,0.9414,-4.4,-3.7,-3.7,station
2023-01-21,,,-2.5,,,,,-1.8,,,,,,84,97,17.6,8.15,1.9,0.3534,0.9355,-4.6,-3.2,-3.2,station
2023-01-22,,,1.4,,,,,1.5,,,,,,69,47,18.3,11.9,0.0,0.3695,0.9292,-1.6,0.9,0.9,station
2023-01-23,,,-1.0,,,,,-0.6,,,,,,84,79,18.2,10.51,0.2,0.3854,0.9227,-2.5,-1.1,-1.1,station
2023-01-24,,,-1.0,,,,,-2.1,,,,,,80,90,17.4,10.4,0.3,0.4012,0.916,-4.1,-1.0,-1.0,station
2023-01-25,,,-2.2,,,,,-2.4,,,,,,74,96,12.3,9.51,2.1,0.4169,0.9089,-4.0,-2.8,-2.8,station
2023-01-26,,,0.9,,,,,1.3,,,,,,60,56,24.0,12.63,0.0,0.4325,0.9016,-1.9,2.2,2.2,station
2023-01-27,,,2.4,,,,,2.8,,,,,,63,77,23.1,10.57,0.0,0.4479,0.8941,2.6,6.1,6.1,station
2023-01-28,,,-3.7,,,,,-3.2,,,,,,80,51,19.3,11.32,0.3,0.4633,0.8862,-4.0,-2.0,-2.0,station
2023-01-29,,,-9.3,,,,,-7.3,,,,,,84,94,12.4,9.89,1.3,0.4784,0.8781,-12.7,-14.4,-14.4,station
2023-01-30,,,-12.8,,,,,-10.8,,,,,,78,91,9.3,11.9,0.8,0.4935,0.8698,-16.9,-15.6,-15.6,station
2023-01-31,,,-1.9,,,,,-0.8,,,,,,66,29,20.1,13.8,0.8,0.5084,0.8611,-4.4,-2.7,-2.7,station
2023-02-01,,,2.3,,,,,1.6,,,,,,61,0,17.7,13.42,0.0,0.5231,0.8523,2.1,4.9,4.9,station
2023-02-02,,,5.2,,,,,4.1,,,,,,69,5,17.4,13.36,0.0,0.5377,0.8432,1.6,4.4,4.4,station
2023-02-03,,,8.7,,,,,8.6,,,,,,55,54,25.4,13.49,0.0,0.5521,0.8338,10.9,11.0,11.0,station
2023-02-04,,,8.6,,,,,8.4,,,,,,58,62,21.1,13.54,0.0,0.5664,0.8242,4.1,8.9,8.9,station
2023-02-05,,,8.8,,,,,8.1,,,,,,64,54,31.7,13.76,0.0,0.5805,0.8143,5.9,7.8,7.8,station
2023-02-06,,,4.9,,,,,4.7,,,,,,71,57,21.9,13.44,1.1,0.5944,0.8042,1.7,4.2,4.2,station
2023-02-07,,,6.7,,,,,7.0,,,,,,70,0,20.5,14.46,0.0,0.6081,0.7938,2.6,5.0,5.0,station
2023-02-08,,,6.8,,,,,8.6,,,,,,65,26,22.4,14.12,1.7,0.6217,0.7833,4.5,8.0,8.0,station
2023-02-09,,,-1.3,,,,,-0.8,,,,,,67,64,36.0,13.26,0.7,0.6351,0.7725,-2.9,-1.2,-1.2,station
2023-02-10,,,5.8,,,,,7.6,,,,,,61,1,18.1,14.8,0.0,0.6483,0.7614,4.4,8.5,8.5,station
2023-02-11,,,9.8,,,,,9.6,,,,,,55,50,17.6,14.68,0.0,0.6613,0.7502,13.9,15.6,15.6,station
2023-02-12,,,6.1,,,,,9.5,,,,,,50,45,18.0,14.11,0.0,0.6741,0.7387,9.9,7.2,7.2,station
2023-02-13,,,12.8,,,,,12.6,,,,,,47,37,28.9,13.41,0.2,0.6867,0.727,13.8,14.6,14.6,station
2023-02-14,,,5.9,,,,,6.1,,,,,,52,77,22.0,12.61,0.7,0.6991,0.715,7.1,4.9,4.9,station
2023-02-15,,,-4.8,,,,,-5.2,,,,,,74,100,25.1,6.13,8.1,0.7113,0.7029,-5.4,-7.4,-7.4,station
2023-02-16,,,-2.6,,,,,-2.0,,,,,,61,35,15.0,16.41,0.5,0.7233,0.6906,-3.3,-3.4,-3.4,station
2023-02-17,,,9.7,,,,,8.3,,,,,,51,25,23.3,16.4,0.0,0.735,0.678,10.4,11.2,11.2,station
2023-02-18,,,9.9,,,,,8.2,,,,,,52,85,18.0,12.82,0.0,0.7466,0.6653,6.0,10.8,10.8,station
2023-02-19,,,8.5,,,,,8.1,,,,,,44,40,32.8,15.67,0.0,0.7579,0.6523,8.5,9.3,9.3,station
2023-02-20,,,10.8,,,,,10.2,,,,,,42,62,17.6,13.14,0.0,0.769,0.6392,11.0,11.4,11.4,station
2023-02-21,,,10.0,,,,,11.5,,,,,,47,68,31.7,15.81,0.0,0.7799,0.6259,14.0,15.0,15.0,station
2023-02-22,,,2.0,,,,,1.2,,,,,,67,99,25.1,7.68,1.9,0.7906,0.6124,2.4,1.7,1.7,station
2023-02-23,,,-3.6,,,,,-6.4,,,,,,56,47,19.0,16.86,0.0,0.801,0.5987,-6.1,-13.0,-13.0,station
2023-02-24,,,5.0,,,,,5.3,,,,,,53,76,23.1,16.23,0.0,0.8112,0.5848,3.5,2.5,2.5,station
2023-02-25,,,11.0,,,,,11.4,,,,,,39,61,21.8,16.84,0.0,0.8211,0.5708,13.6,13.8,13.8,station
2023-02-26,,,12.8,,,,,13.0,,,,,,35,41,38.3,16.26,0.0,0.8308,0.5566,14.2,15.6,15.6,station
2023-02-27,,,10.3,,,,,8.7,,,,,,37,11,24.8,17.12,0.0,0.8402,0.5422,9.3,10.1,10.1,station
2023-02-28,,,7.6,,,,,6.7,,,,,,34,61,27.5,14.57,0.0,0.8495,0.5277,8.0,9.1,9.1,station
2023-03-01,,,7.9,,,,,5.3,,,,,,50,86,29.4,8.14,0.4,0.8584,0.513,3.9,3.1,3.1,station
2023-03-02,,,5.7,,,,,4.6,,,,,,65,34,13.3,17.77,0.2,0.8671,0.4981,6.1,6.8,6.8,station
2023-03-03,,,7.2,,,,,7.8,,,,,,52,80,21.4,10.83,4.1,0.8755,0.4831,7.9,8.3,8.3,station
2023-03-04,,,7.7,,,,,7.2,,,,,,63,61,39.0,16.99,0.0,0.8837,0.468,6.8,8.0,8.0,station
2023-03-05,,,11.4,,,,,10.7,,,,,,53,40,32.3,18.08,0.0,0.8916,0.4527,11.8,12.9,12.9,station
2023-03-06,,,10.4,,,,,8.4,,,,,,52,51,23.7,18.73,0.0,0.8993,0.4373,9.5,5.2,5.2,station
2023-03-07,,,5.3,,,,,5.9,,,,,,80,91,15.5,8.7,0.6,0.9067,0.4218,2.0,-0.4,-0.4,station
2023-03-08,,,6.8,,,,,9.0,,,,,,67,84,19.6,16.48,0.0,0.9138,0.4061,8.1,4.6,4.6,station
2023-03-09,,,9.1,,,,,10.9,,,,,,56,32,31.7,19.11,0.0,0.9207,0.3904,8.5,11.0,11.0,station
2023-03-10,,,15.4,,,,,16.7,,,,,,47,87,33.9,16.55,0.0,0.9272,0.3745,16.5,17.9,17.9,station
2023-03-11,,,9.1,,,,,8.5,,,,,,49,64,24.5,17.32,0.1,0.9335,0.3585,10.0,11.5,11.5,station
2023-03-12,,,6.1,,,,,6.9,,,,,,50,77,22.6,17.74,0.0,0.9396,0.3424,6.4,6.8,6.8,station
2023-03-13,,,10.6,,,,,10.9,,,,,,58,32,22.0,19.57,0.0,0.9453,0.3261,10.6,12.1,12.1,station
2023-03-14,,,16.5,,,,,15.8,,,,,,35,62,19.5,19.18,0.0,0.9508,0.3098,16.2,16.5,16.5,station
2023-03-15,,,19.1,,,,,19.6,,,,,,41,77,22.1,17.9,1.0,0.956,0.2934,18.9,21.4,21.4,station
2023-03-16,,,5.8,,,,,5.7,,,,,,56,96,27.5,13.08,3.2,0.9609,0.2769,3.5,2.0,2.0,station
2023-03-17,,,3.9,,,,,3.3,,,,,,43,22,22.3,21.27,0.0,0.9655,0.2604,3.4,4.2,4.2,station
2023-03-18,,,5.3,,,,,5.0,,,,,,37,1,20.4,21.72,0.0,0.9698,0.2437,3.9,6.1,6.1,station
2023-03-19,,,10.8,,,,,11.2,,,,,,26,33,25.2,22.18,0.0,0.9739,0.227,10.6,12.2,12.2,station
2023-03-20,,,10.9,,,,,12.5,,,,,,42,91,16.9,17.06,3.8,0.9777,0.2102,11.2,11.3,11.3,station
2023-03-21,,,10.5,,,,,13.6,,,,,,48,64,26.3,19.74,0.0,0.9811,0.1934,12.6,13.8,13.8,station
2023-03-22,,,15.2,,,,,16.5,,,,,,61,53,20.0,19.48,2.0,0.9843,0.1765,9.1,6.2,6.2,station
2023-03-23,,,9.8,,,,,10.3,,,,,,52,40,20.6,19.17,2.2,0.9872,0.1595,9.8,9.8,9.8,station
2023-03-24,,,8.7,,,,,9.3,,,,,,53,59,9.1,20.45,1.0,0.9898,0.1425,8.8,9.2,9.2,station
2023-03-25,,,2.2,,,,,1.5,,,,,,33,55,29.5,21.44,1.3,0.9921,0.1255,3.0,3.6,3.6,station
2023-03-26,,,3.7,,,,,3.9,,,,,,30,62,20.6,21.32,0.6,0.9941,0.1084,4.0,3.6,3.6,station
2023-03-27,,,1.1,,,,,2.1,,,,,,62,80,33.5,15.2,2.8,0.9958,0.0913,-0.5,-0.6,-0.6,station
2023-03-28,,,10.2,,,,,10.7,,,,,,31,44,22.9,23.61,0.0,0.9972,0.0741,10.8,11.2,11.2,station
2023-03-29,,,15.2,,,,,13.6,,,,,,55,60,23.8,22.93,0.0,0.9984,0.057,9.9,13.3,13.3,station
2023-03-30,,,16.0,,,,,16.7,,,,,,41,24,39.5,23.3,0.0,0.9992,0.0398,16.5,18.9,18.9,station
2023-03-31,,,10.0,,,,,9.6,,,,,,33,47,38.8,22.02,0.0,0.9997,0.0226,9.2,10.3,10.3,station
2023-04-01,,,16.6,,,,,16.9,,,,,,28,16,20.6,23.82,0.0,1.0,0.0054,17.1,18.3,18.3,station
2023-04-02,,,17.7,,,,,17.2,,,,,,24,25,20.5,23.68,0.0,0.9999,-0.0118,19.0,20.4,20.4,station
2023-04-03,,,19.2,,,,,18.0,,,,,,50,35,22.7,22.81,0.2,0.9996,-0.029,18.1,17.8,17.8,station
2023-04-04,,,11.2,,,,,10.5,,,,,,70,92,28.3,12.88,3.3,0.9989,-0.0462,2.4,1.0,1.0,station
2023-04-05,,,3.6,,,,,4.4,,,,,,49,72,15.8,20.94,0.1,0.998,-0.0634,3.8,4.7,4.7,station
2023-04-06,,,10.1,,,,,11.4,,,,,,38,8,18.6,25.54,0.0,0.9968,-0.0805,9.4,10.7,10.7,station
2023-04-07,,,16.7,,,,,16.5,,,,,,27,18,15.2,24.77,0.0,0.9952,-0.0977,17.9,19.4,19.4,station
2023-04-08,,,17.3,,,,,16.7,,,,,,32,73,22.4,19.7,0.7,0.9934,-0.1148,18.9,19.6,19.6,station
2023-04-09,,,18.1,,,,,17.9,,,,,,39,25,15.6,23.83,0.0,0.9913,-0.1319,18.3,19.4,19.4,station
2023-04-10,,,22.1,,,,,22.6,,,,,,26,1,21.2,25.21,0.0,0.9889,-0.1489,22.0,23.8,23.8,station
2023-04-11,,,25.6,,,,,26.5,,,,,,15,0,28.9,25.78,0.0,0.9861,-0.1659,28.4,28.5,28.5,station
2023-04-12,,,26.7,,,,,26.4,,,,,,18,31,26.2,23.5,0.0,0.9831,-0.1828,26.7,28.5,28.5,station
2023-04-13,,,23.1,,,,,22.6,,,,,,20,98,32.2,17.97,0.0,0.9799,-0.1997,24.5,23.9,23.9,station
2023-04-14,,,12.9,,,,,12.9,,,,,,68,96,23.7,7.89,4.2,0.9763,-0.2165,12.4,13.3,13.3,station
2023-04-15,,,8.2,,,,,7.7,,,,,,48,52,25.1,22.97,1.6,0.9724,-0.2333,9.4,8.0,8.0,station
2023-04-16,,,15.2,,,,,14.9,,,,,,29,0,25.6,26.54,0.0,0.9683,-0.25,15.7,16.8,16.8,station
2023-04-17,,,20.0,,,,,20.1,,,,,,21,30,26.3,26.27,0.0,0.9638,-0.2666,20.5,21.3,21.3,station
2023-04-18,,,22.4,,,,,21.8,,,,,,15,55,35.6,25.21,0.1,0.9591,-0.2831,22.4,24.4,24.4,station
2023-04-19,,,15.9,,,,,13.2,,,,,,45,63,31.3,21.39,6.3,0.9541,-0.2996,16.9,16.4,16.4,station
2023-04-20,,,7.1,,,,,7.9,,,,,,22,39,30.7,24.39,0.1,0.9488,-0.316,8.2,8.9,8.9,station
2023-04-21,,,9.7,,,,,11.3,,,,,,36,79,21.5,16.52,1.0,0.9432,-0.3322,10.2,9.7,9.7,station
2023-04-22,,,4.5,,,,,5.4,,,,,,62,100,17.4,19.03,2.9,0.9373,-0.3484,4.8,1.4,1.4,station
2023-04-23,,,12.6,,,,,12.6,,,,,,50,33,21.4,27.47,0.0,0.9312,-0.3645,12.6,12.5,12.5,station
2023-04-24,,,16.0,,,,,14.8,,,,,,45,83,17.7,25.04,0.7,0.9248,-0.3804,16.2,17.2,17.2,station
2023-04-25,,,13.0,,,,,12.9,,,,,,71,72,21.6,20.74,14.8,0.9181,-0.3963,14.6,15.8,15.8,station
2023-04-26,,,11.4,,,,,10.7,,,,,,76,66,15.9,14.66,9.4,0.9112,-0.412,11.3,12.0,12.0,station
2023-04-27,,,17.8,,,,,18.2,,,,,,52,70,34.0,25.21,5.6,0.9039,-0.4276,18.6,17.8,17.8,station
2023-04-28,,,11.5,,,,,12.3,,,,,,51,60,30.7,25.68,0.9,0.8965,-0.4431,12.6,12.2,12.2,station
2023-04-29,,,19.9,,,,,19.7,,,,,,40,33,23.6,26.09,0.0,0.8887,-0.4585,19.6,20.9,20.9,station
2023-04-30,,,18.8,,,,,19.2,,,,,,51,18,17.9,27.11,0.0,0.8807,-0.4737,18.0,19.1,19.1,station
2023-05-01,,,19.8,,,,,20.3,,,,,,47,47,20.2,27.21,0.0,0.8724,-0.4888,20.6,21.5,21.5,station
2023-05-02,,,21.0,,,,,21.6,,,,,,55,76,18.9,22.1,1.2,0.8639,-0.5037,21.5,21.8,21.8,station
2023-05-03,,,22.7,,,,,23.4,,,,,,40,71,17.4,26.51,0.0,0.8551,-0.5185,24.0,24.3,24.3,station
2023-05-04,,,21.6,,,,,22.8,,,,,,47,62,23.1,16.22,0.4,0.846,-0.5331,22.4,22.8,22.8,station
2023-05-05,,,22.1,,,,,22.6,,,,,,46,21,36.0,25.25,0.1,0.8367,-0.5476,23.4,22.2,22.2,station
2023-05-06,,,19.5,,,,,21.3,,,,,,37,21,22.6,27.69,0.0,0.8272,-0.5619,21.9,21.3,21.3,station
2023-05-07,,,19.6,,,,,20.1,,,,,,39,61,20.5,23.45,3.5,0.8174,-0.5761,19.7,20.6,20.6,station
2023-05-08,,,21.8,,,,,21.7,,,,,,53,30,26.4,25.68,2.5,0.8074,-0.59,21.6,22.5,22.5,station
2023-05-09,,,24.2,,,,,26.1,,,,,,63,23,23.5,26.67,0.0,0.7971,-0.6038,22.5,24.8,24.8,station
2023-05-10,,,22.6,,,,,24.8,,,,,,79,94,21.5,13.11,16.6,0.7866,-0.6175,18.6,16.2,16.2,station
2023-05-11,,,10.2,,,,,15.0,,,,,,94,100,32.9,3.6,64.1,0.7759,-0.6309,9.4,8.7,8.7,station
2023-05-12,,,12.7,,,,,11.7,,,,,,75,89,32.8,13.56,26.0,0.7649,-0.6442,14.8,15.1,15.1,station
2023-05-13,,,13.0,,,,,13.4,,,,,,70,86,18.8,14.79,1.3,0.7537,-0.6572,14.7,14.8,14.8,station
2023-05-14,,,10.0,,,,,12.7,,,,,,89,91,18.8,13.03,6.9,0.7423,-0.6701,14.2,14.2,14.2,station
2023-05-15,,,15.9,,,,,16.2,,,,,,80,77,13.9,18.41,1.6,0.7306,-0.6828,16.3,15.0,15.0,station
2023-05-16,,,23.7,,,,,23.6,,,,,,56,15,15.5,27.25,0.0,0.7188,-0.6952,22.4,23.6,23.6,station
2023-05-17,,,23.5,,,,,23.6,,,,,,53,25,17.4,27.83,2.1,0.7067,-0.7075,22.8,24.0,24.0,station
2023-05-18,,,15.9,,,,,14.9,,,,,,81,79,28.8,18.3,11.5,0.6945,-0.7195,16.9,18.1,18.1,station
2023-05-19,,,16.1,,,,,15.3,,,,,,84,94,15.5,14.75,4.4,0.682,-0.7314,14.6,12.2,12.2,station
2023-05-20,,,21.0,,,,,20.5,,,,,,70,75,20.9,23.61,0.0,0.6693,-0.743,18.9,19.6,19.6,station
2023-05-21,,,21.1,,,,,21.7,,,,,,54,76,15.2,28.26,0.0,0.6564,-0.7544,21.2,22.2,22.2,station
2023-05-22,,,22.5,,,,,22.8,,,,,,50,38,19.8,29.58,0.0,0.6433,-0.7656,23.0,21.7,21.7,station
2023-05-23,,,24.4,,,,,24.7,,,,,,51,23,27.8,29.02,0.0,0.6301,-0.7765,23.5,23.9,23.9,station
2023-05-24,,,22.1,,,,,23.7,,,,,,64,73,20.0,19.52,1.4,0.6166,-0.7873,20.6,21.3,21.3,station
2023-05-25,,,25.6,,,,,25.5,,,,,,64,58,24.7,26.57,0.5,0.603,-0.7978,23.9,22.8,22.8,station
2023-05-26,,,25.6,,,,,25.6,,,,,,66,41,30.0,23.15,1.4,0.5892,-0.808,21.9,23.6,23.6,station
2023-05-27,,,26.2,,,,,26.0,,,,,,59,34,27.4,27.57,5.5,0.5752,-0.818,26.1,24.4,24.4,station
2023-05-28,,,24.3,,,,,24.6,,,,,,55,18,17.4,28.66,0.0,0.561,-0.8278,23.8,24.6,24.6,station
2023-05-29,,,27.0,,,,,26.5,,,,,,42,28,23.3,27.13,0.2,0.5467,-0.8373,25.9,26.7,26.7,station
2023-05-30,,,27.0,,,,,26.9,,,,,,46,41,22.0,26.47,0.0,0.5322,-0.8466,26.2,26.7,26.7,station
2023-05-31,,,25.7,,,,,26.5,,,,,,47,66,27.3,25.6,1.6,0.5176,-0.8556,25.5,25.0,25.0,station
2023-06-01,,,25.1,,,,,24.4,,,,,,72,83,20.9,21.92,4.1,0.5028,-0.8644,19.6,20.6,20.6,station
2023-06-02,,,23.1,,,,,20.1,,,,,,64,50,16.4,27.62,6.2,0.4878,-0.8729,21.7,19.8,19.8,station
2023-06-03,,,13.9,,,,,18.6,,,,,,87,100,14.3,9.68,13.5,0.4728,-0.8812,14.2,15.0,15.0,station
2023-06-04,,,19.0,,,,,16.0,,,,,,91,100,13.0,8.87,35.1,0.4575,-0.8892,16.1,13.0,13.0,station
2023-06-05,,,22.2,,,,,21.7,,,,,,81,94,20.3,20.94,9.6,0.4422,-0.8969,20.3,20.6,20.6,station
2023-06-06,,,24.5,,,,,25.5,,,,,,74,79,20.5,24.39,4.3,0.4267,-0.9044,22.4,24.3,24.3,station
2023-06-07,,,23.3,,,,,24.5,,,,,,73,52,19.2,23.21,10.6,0.4111,-0.9116,22.5,22.9,22.9,station
2023-06-08,,,24.3,,,,,22.7,,,,,,65,75,13.7,23.06,0.3,0.3953,-0.9185,21.6,24.4,24.4,station
2023-06-09,,,25.5,,,,,24.6,,,,,,56,65,18.9,24.4,1.4,0.3795,-0.9252,23.5,24.6,24.6,station
2023-06-10,,,23.3,,,,,24.4,,,,,,59,33,15.3,25.46,1.0,0.3635,-0.9316,21.1,22.2,22.2,station
2023-06-11,,,18.6,,,,,20.4,,,,,,78,86,20.3,18.34,9.3,0.3474,-0.9377,19.6,17.8,17.8,station
2023-06-12,,,22.6,,,,,21.0,,,,,,78,85,23.9,16.21,5.9,0.3312,-0.9436,16.4,17.5,17.5,station
2023-06-13,,,16.3,,,,,17.9,,,,,,78,95,13.5,17.94,5.7,0.3149,-0.9491,16.7,17.2,17.2,station
2023-06-14,,,23.7,,,,,23.7,,,,,,57,36,14.2,27.55,0.7,0.2986,-0.9544,23.7,23.9,23.9,station
2023-06-15,,,21.9,,,,,22.8,,,,,,72,95,20.0,20.25,14.2,0.2821,-0.9594,21.4,21.7,21.7,station
2023-06-16,,,17.9,,,,,18.3,,,,,,90,86,19.5,12.23,27.2,0.2656,-0.9641,15.7,14.7,14.7,station
2023-06-17,,,19.5,,,,,19.6,,,,,,75,70,14.7,24.81,5.0,0.2489,-0.9685,18.1,20.4,20.4,station
2023-06-18,,,27.0,,,,,27.3,,,,,,46,39,19.4,29.51,0.1,0.2322,-0.9727,27.6,26.9,26.9,station
2023-06-19,,,30.7,,,,,31.2,,,,,,30,10,32.0,31.31,0.0,0.2155,-0.9765,31.1,30.3,30.3,station
2023-06-20,,,27.4,,,,,27.0,,,,,,33,31,24.2,27.19,0.0,0.1986,-0.9801,28.5,28.1,28.1,station
2023-06-21,,,29.3,,,,,29.6,,,,,,58,25,23.0,28.25,17.2,0.1818,-0.9833,27.0,25.6,25.6,station
2023-06-22,,,27.0,,,,,25.8,,,,,,72,39,22.3,25.99,2.6,0.1648,-0.9863,26.4,23.8,23.8,station
2023-06-23,,,31.0,,,,,30.9,,,,,,60,21,24.8,29.36,0.0,0.1478,-0.989,29.6,28.3,28.3,station
2023-06-24,,,28.6,,,,,28.8,,,,,,38,0,24.6,31.83,0.0,0.1308,-0.9914,27.5,27.8,27.8,station
2023-06-25,,,28.0,,,,,28.0,,,,,,54,14,19.7,28.74,0.1,0.1137,-0.9935,26.9,26.7,26.7,station
2023-06-26,,,31.4,,,,,31.2,,,,,,48,13,26.9,30.28,1.2,0.0966,-0.9953,32.3,29.7,29.7,station
2023-06-27,,,33.3,,,,,32.6,,,,,,32,20,30.0,29.68,0.0,0.0795,-0.9968,32.9,32.6,32.6,station
2023-06-28,,,32.3,,,,,32.4,,,,,,55,27,23.9,28.04,0.6,0.0623,-0.9981,27.7,27.8,27.8,station
2023-06-29,,,29.2,,,,,27.5,,,,,,63,26,21.4,27.09,6.0,0.0451,-0.999,28.3,26.8,26.8,station
2023-06-30,,,20.3,,,,,20.4,,,,,,74,70,29.9,22.04,8.9,0.028,-0.9996,20.2,19.4,19.4,station
2023-07-01,,,25.9,,,,,26.0,,,,,,54,3,18.7,30.16,0.0,0.0108,-0.9999,25.3,25.9,25.9,station
2023-07-02,,,28.9,,,,,28.3,,,,,,41,19,16.3,27.65,0.0,-0.0065,-1.0,27.6,28.9,28.9,station
2023-07-03,,,30.1,,,,,31.0,,,,,,36,25,14.8,29.78,0.0,-0.0237,-0.9997,30.2,30.0,30.0,station
2023-07-04,,,27.7,,,,,28.2,,,,,,54,58,25.0,24.21,22.3,-0.0408,-0.9992,26.0,24.4,24.4,station
2023-07-05,,,21.2,,,,,20.4,,,,,,80,85,23.1,17.09,9.6,-0.058,-0.9983,22.1,19.6,19.6,station
2023-07-06,,,27.9,,,,,28.3,,,,,,77,64,17.6,21.65,1.5,-0.0752,-0.9972,23.2,24.6,24.6,station
2023-07-07,,,22.9,,,,,22.9,,,,,,76,49,20.8,22.08,1.5,-0.0923,-0.9957,22.8,22.6,22.6,station
2023-07-08,,,25.7,,,,,26.1,,,,,,73,37,23.5,25.26,3.6,-0.1094,-0.994,25.0,26.7,26.7,station
2023-07-09,,,27.4,,,,,26.6,,,,,,66,17,19.3,28.47,0.9,-0.1265,-0.992,26.0,27.4,27.4,station
2023-07-10,,,32.5,,,,,32.4,,,,,,42,29,22.7,25.35,0.0,-0.1436,-0.9896,32.0,31.9,31.9,station
2023-07-11,,,34.3,,,,,34.2,,,,,,30,4,21.3,29.22,0.0,-0.1606,-0.987,33.0,33.2,33.2,station
2023-07-12,,,31.9,,,,,33.6,,,,,,30,14,26.7,29.23,0.0,-0.1775,-0.9841,31.7,30.7,30.7,station
2023-07-13,,,32.7,,,,,33.5,,,,,,36,14,31.5,28.67,0.0,-0.1944,-0.9809,31.7,32.2,32.2,station
2023-07-14,,,28.6,,,,,29.4,,,,,,51,15,24.8,27.73,0.8,-0.2113,-0.9774,27.0,26.9,26.9,station
2023-07-15,,,28.0,,,,,29.2,,,,,,57,18,18.7,26.65,0.1,-0.2281,-0.9736,25.9,28.7,28.7,station
2023-07-16,,,30.5,,,,,31.3,,,,,,35,13,24.8,29.56,0.0,-0.2448,-0.9696,31.1,30.3,30.3,station
2023-07-17,,,35.1,,,,,35.1,,,,,,25,39,31.1,28.43,0.0,-0.2614,-0.9652,35.7,35.0,35.0,station
2023-07-18,,,34.2,,,,,34.2,,,,,,27,53,24.5,24.48,0.1,-0.278,-0.9606,35.0,34.2,34.2,station
2023-07-19,,,30.5,,,,,31.8,,,,,,46,63,25.6,21.83,1.3,-0.2945,-0.9557,30.2,31.1,31.1,station
2023-07-20,,,30.6,,,,,29.6,,,,,,70,68,27.0,20.06,19.7,-0.3109,-0.9505,28.0,24.4,24.4,station
2023-07-21,,,28.2,,,,,27.9,,,,,,62,24,13.8,27.49,0.1,-0.3272,-0.945,27.0,27.8,27.8,station
2023-07-22,,,30.5,,,,,31.4,,,,,,43,6,21.3,28.91,0.0,-0.3434,-0.9392,29.9,31.3,31.3,station
2023-07-23,,,34.7,,,,,35.0,,,,,,30,37,24.4,27.32,0.0,-0.3595,-0.9332,34.1,35.0,35.0,station
2023-07-24,,,35.7,,,,,35.5,,,,,,35,66,23.8,24.87,0.6,-0.3755,-0.9268,34.3,34.6,34.6,station
2023-07-25,,,35.6,,,,,35.5,,,,,,36,61,25.0,24.29,0.6,-0.3914,-0.9202,33.5,35.0,35.0,station
2023-07-26,,,34.1,,,,,33.5,,,,,,41,36,22.3,23.17,0.6,-0.4071,-0.9134,32.1,32.4,32.4,station
2023-07-27,,,33.5,,,,,34.9,,,,,,42,50,28.8,25.92,0.2,-0.4228,-0.9062,33.3,32.9,32.9,station
2023-07-28,,,35.0,,,,,35.4,,,,,,43,28,15.5,24.12,0.0,-0.4383,-0.8988,32.8,33.6,33.6,station
2023-07-29,,,34.8,,,,,34.9,,,,,,51,48,26.2,24.2,0.2,-0.4537,-0.8912,31.5,31.5,31.5,station
2023-07-30,,,32.8,,,,,34.1,,,,,,45,41,20.6,25.26,0.1,-0.469,-0.8832,32.6,32.6,32.6,station
2023-07-31,,,31.4,,,,,32.9,,,,,,63,86,23.6,20.34,26.5,-0.4841,-0.875,29.2,31.9,31.9,station
2023-08-01,,,30.5,,,,,30.1,,,,,,65,83,23.0,22.02,0.6,-0.4991,-0.8666,31.6,29.6,29.6,station
2023-08-02,,,28.9,,,,,28.1,,,,,,59,38,16.6,23.79,3.5,-0.5139,-0.8578,28.0,29.4,29.4,station
2023-08-03,,,30.9,,,,,30.8,,,,,,68,39,15.3,23.51,0.3,-0.5286,-0.8489,28.3,28.9,28.9,station
2023-08-04,,,30.9,,,,,31.3,,,,,,51,11,23.1,26.54,0.0,-0.5431,-0.8397,30.4,30.0,30.0,station
2023-08-05,,,29.1,,,,,27.6,,,,,,57,21,16.7,24.06,2.1,-0.5575,-0.8302,28.2,29.8,29.8,station
2023-08-06,,,23.0,,,,,23.5,,,,,,67,62,24.8,15.69,5.6,-0.5717,-0.8205,21.5,19.1,19.1,station
2023-08-07,,,26.1,,,,,26.1,,,,,,60,31,29.4,23.92,0.7,-0.5857,-0.8105,25.5,28.2,28.2,station
2023-08-08,,,28.8,,,,,25.4,,,,,,56,51,21.2,24.33,0.3,-0.5996,-0.8003,27.1,27.8,27.8,station
2023-08-09,,,26.2,,,,,26.5,,,,,,53,5,16.9,27.18,0.0,-0.6132,-0.7899,25.7,27.2,27.2,station
2023-08-10,,,30.1,,,,,31.0,,,,,,34,49,22.9,24.85,0.0,-0.6267,-0.7792,30.4,31.0,31.0,station
2023-08-11,,,30.2,,,,,31.3,,,,,,37,47,28.4,24.28,0.2,-0.64,-0.7683,31.2,30.6,30.6,station
2023-08-12,,,29.7,,,,,30.4,,,,,,39,73,26.6,15.32,0.0,-0.6532,-0.7572,29.8,27.5,27.5,station
2023-08-13,,,22.0,,,,,24.8,,,,,,48,48,20.9,23.33,0.1,-0.6661,-0.7459,23.3,22.9,22.9,station
2023-08-14,,,25.1,,,,,26.0,,,,,,44,30,15.3,26.9,0.0,-0.6788,-0.7343,24.6,25.4,25.4,station
2023-08-15,,,31.2,,,,,31.4,,,,,,36,0,22.7,27.64,0.0,-0.6914,-0.7225,30.9,32.6,32.6,station
2023-08-16,,,34.4,,,,,34.2,,,,,,28,13,25.6,24.23,0.0,-0.7037,-0.7105,33.6,35.4,35.4,station
2023-08-17,,,33.2,,,,,33.8,,,,,,40,17,32.1,25.81,0.0,-0.7158,-0.6983,34.5,33.0,33.0,station
2023-08-18,,,33.8,,,,,34.1,,,,,,36,19,35.6,23.74,0.0,-0.7277,-0.6859,34.3,35.0,35.0,station
2023-08-19,,,34.5,,,,,33.4,,,,,,40,28,28.2,22.4,1.2,-0.7394,-0.6733,34.7,33.9,33.9,station
2023-08-20,,,32.6,,,,,33.8,,,,,,45,63,41.0,26.28,0.0,-0.7509,-0.6605,34.6,34.1,34.1,station
2023-08-21,,,35.2,,,,,34.2,,,,,,19,2,37.0,26.75,0.0,-0.7621,-0.6474,35.2,35.0,35.0,station
2023-08-22,,,33.2,,,,,33.8,,,,,,21,44,33.5,23.39,0.0,-0.7731,-0.6342,33.7,34.3,34.3,station
2023-08-23,,,33.0,,,,,31.8,,,,,,26,58,28.3,23.53,0.0,-0.7839,-0.6208,33.4,33.9,33.9,station
2023-08-24,,,31.7,,,,,31.5,,,,,,42,32,20.6,24.36,0.0,-0.7945,-0.6073,31.7,32.0,32.0,station
2023-08-25,,,22.0,,,,,23.0,,,,,,76,70,29.2,9.34,15.8,-0.8048,-0.5935,21.7,19.8,19.8,station
2023-08-26,,,28.1,,,,,25.8,,,,,,76,70,12.9,15.09,1.8,-0.8149,-0.5796,23.9,24.3,24.3,station
2023-08-27,,,30.0,,,,,30.2,,,,,,71,30,23.1,21.52,1.6,-0.8248,-0.5655,28.6,31.0,31.0,station
2023-08-28,,,25.7,,,,,25.5,,,,,,75,37,16.1,20.63,7.8,-0.8344,-0.5512,25.0,26.3,26.3,station
2023-08-29,,,27.1,,,,,26.8,,,,,,54,0,24.5,24.93,0.0,-0.8437,-0.5368,27.0,26.8,26.8,station
2023-08-30,,,33.2,,,,,33.2,,,,,,31,19,25.1,22.93,0.0,-0.8528,-0.5222,33.0,33.9,33.9,station
2023-08-31,,,33.4,,,,,33.4,,,,,,25,6,23.9,24.48,0.0,-0.8617,-0.5074,33.9,34.4,34.4,station
2023-09-01,,,34.3,,,,,34.5,,,,,,21,25,24.6,22.35,0.0,-0.8703,-0.4925,34.5,35.0,35.0,station
2023-09-02,,,34.4,,,,,33.7,,,,,,28,58,24.2,22.4,0.0,-0.8786,-0.4775,33.8,32.0,32.0,station
2023-09-03,,,31.1,,,,,31.6,,,,,,49,35,22.4,19.91,3.3,-0.8867,-0.4623,30.6,30.8,30.8,station
2023-09-04,,,31.5,,,,,32.2,,,,,,38,7,34.0,23.72,0.0,-0.8945,-0.447,31.7,32.1,32.1,station
2023-09-05,,,25.3,,,,,25.5,,,,,,39,4,21.1,23.43,0.0,-0.9021,-0.4315,24.1,25.0,25.0,station
2023-09-06,,,29.6,,,,,29.5,,,,,,35,1,29.4,23.68,0.0,-0.9094,-0.4159,30.3,30.3,30.3,station
2023-09-07,,,30.9,,,,,31.1,,,,,,25,5,22.7,23.84,0.0,-0.9164,-0.4002,29.9,31.0,31.0,station
2023-09-08,,,30.3,,,,,30.6,,,,,,24,12,29.6,22.37,0.0,-0.9232,-0.3844,30.7,31.7,31.7,station
2023-09-09,,,28.9,,,,,30.1,,,,,,27,14,28.8,22.69,0.0,-0.9296,-0.3685,28.3,30.0,30.0,station
2023-09-10,,,25.4,,,,,22.3,,,,,,70,81,19.2,14.86,5.3,-0.9358,-0.3524,20.4,18.9,18.9,station
2023-09-11,,,21.1,,,,,21.7,,,,,,80,74,18.3,13.13,8.5,-0.9418,-0.3363,17.4,18.3,18.3,station
2023-09-12,,,24.2,,,,,24.4,,,,,,65,24,20.5,21.49,0.0,-0.9474,-0.32,21.7,25.0,25.0,station
2023-09-13,,,24.0,,,,,25.2,,,,,,53,42,16.2,22.08,0.0,-0.9528,-0.3037,23.9,26.3,26.3,station
2023-09-14,,,22.6,,,,,21.0,,,,,,70,48,25.2,19.05,16.0,-0.9579,-0.2873,20.4,22.5,22.5,station
2023-09-15,,,17.7,,,,,18.6,,,,,,86,80,12.2,7.12,11.8,-0.9627,-0.2707,15.4,16.3,16.3,station
2023-09-16,,,23.0,,,,,23.2,,,,,,53,0,14.9,22.75,0.0,-0.9672,-0.2541,21.4,23.1,23.1,station
2023-09-17,,,26.8,,,,,26.9,,,,,,40,2,19.8,22.31,0.0,-0.9714,-0.2375,25.7,27.8,27.8,station
2023-09-18,,,27.2,,,,,27.7,,,,,,38,53,23.0,19.86,0.0,-0.9753,-0.2207,25.8,27.8,27.8,station
2023-09-19,,,25.0,,,,,25.7,,,,,,47,70,25.5,17.19,0.6,-0.979,-0.2039,24.3,25.7,25.7,station
2023-09-20,,,25.7,,,,,26.8,,,,,,45,41,24.9,19.12,0.0,-0.9824,-0.187,24.8,26.0,26.0,station
2023-09-21,,,25.6,,,,,24.1,,,,,,41,36,17.6,19.41,0.0,-0.9854,-0.1701,26.2,26.1,26.1,station
2023-09-22,,,27.4,,,,,27.4,,,,,,58,8,30.6,20.94,0.0,-0.9882,-0.1531,26.6,27.8,27.8,station
2023-09-23,,,25.5,,,,,24.6,,,,,,45,39,19.1,21.04,0.0,-0.9907,-0.1361,24.1,24.1,24.1,station
2023-09-24,,,23.9,,,,,24.2,,,,,,28,0,19.1,21.3,0.0,-0.9929,-0.1191,23.1,25.0,25.0,station
2023-09-25,,,26.0,,,,,26.1,,,,,,32,0,14.4,20.75,0.0,-0.9948,-0.102,25.9,27.4,27.4,station
2023-09-26,,,27.2,,,,,27.6,,,,,,35,0,15.5,20.5,0.0,-0.9964,-0.0848,25.9,27.8,27.8,station
2023-09-27,,,28.9,,,,,29.3,,,,,,32,0,25.0,20.29,0.0,-0.9977,-0.0677,29.0,29.4,29.4,station
2023-09-28,,,27.7,,,,,27.7,,,,,,26,16,27.4,19.75,0.0,-0.9987,-0.0505,28.3,30.0,30.0,station
2023-09-29,,,27.8,,,,,28.3,,,,,,31,3,29.9,19.95,0.0,-0.9994,-0.0333,27.2,27.2,27.2,station
2023-09-30,,,30.0,,,,,29.2,,,,,,31,56,28.8,17.7,0.0,-0.9999,-0.0161,29.6,30.8,30.8,station
2023-10-01,,,27.9,,,,,28.4,,,,,,39,10,31.6,18.59,0.0,-1.0,0.0011,27.5,28.2,28.2,station
2023-10-02,,,26.4,,,,,26.9,,,,,,50,28,32.8,18.13,0.3,-0.9998,0.0183,26.6,26.8,26.8,station
2023-10-03,,,19.3,,,,,19.4,,,,,,55,33,18.4,16.52,0.0,-0.9994,0.0355,19.8,19.4,19.4,station
2023-10-04,,,19.9,,,,,20.0,,,,,,36,33,18.4,18.12,0.0,-0.9986,0.0527,19.9,20.0,20.0,station
2023-10-05,,,18.9,,,,,18.1,,,,,,42,2,17.3,18.36,0.0,-0.9976,0.0698,18.7,20.6,20.6,station
2023-10-06,,,12.6,,,,,16.4,,,,,,61,37,13.4,12.72,0.0,-0.9962,0.087,13.4,11.7,11.7,station
2023-10-07,,,21.1,,,,,22.5,,,,,,46,0,14.4,18.31,0.0,-0.9946,0.1041,20.3,21.3,21.3,station
2023-10-08,,,23.7,,,,,23.9,,,,,,34,0,15.9,18.41,0.0,-0.9926,0.1212,22.7,24.4,24.4,station
2023-10-09,,,24.4,,,,,24.5,,,,,,29,7,25.2,17.78,0.0,-0.9904,0.1383,24.4,25.4,25.4,station
2023-10-10,,,24.1,,,,,24.3,,,,,,27,31,18.1,17.29,0.0,-0.9879,0.1553,24.6,25.0,25.0,station
2023-10-11,,,23.5,,,,,23.1,,,,,,46,45,22.4,12.48,2.7,-0.9851,0.1722,23.6,22.9,22.9,station
2023-10-12,,,13.2,,,,,14.0,,,,,,66,80,31.1,9.3,2.7,-0.9819,0.1892,15.2,14.4,14.4,station
2023-10-13,,,11.0,,,,,10.4,,,,,,53,33,22.8,17.01,0.3,-0.9785,0.206,10.9,12.0,12.0,station
2023-10-14,,,14.0,,,,,15.0,,,,,,59,40,13.3,16.2,0.0,-0.9749,0.2228,12.8,11.4,11.4,station
2023-10-15,,,16.9,,,,,18.8,,,,,,51,19,14.4,16.78,0.0,-0.9709,0.2396,16.2,18.1,18.1,station
2023-10-16,,,22.7,,,,,21.4,,,,,,44,18,14.1,16.43,0.0,-0.9666,0.2562,20.9,23.1,23.1,station
2023-10-17,,,26.5,,,,,26.8,,,,,,28,31,18.6,16.54,0.0,-0.9621,0.2728,26.5,27.8,27.8,station
2023-10-18,,,22.3,,,,,19.8,,,,,,38,25,20.1,15.26,0.0,-0.9572,0.2893,21.4,21.0,21.0,station
2023-10-19,,,25.2,,,,,25.3,,,,,,31,0,15.9,16.14,0.0,-0.9521,0.3057,25.5,26.0,26.0,station
2023-10-20,,,27.4,,,,,26.3,,,,,,19,0,20.0,16.24,0.0,-0.9467,0.3221,27.5,29.0,29.0,station
2023-10-21,,,24.7,,,,,24.3,,,,,,21,13,24.0,15.84,0.0,-0.941,0.3383,24.7,26.3,26.3,station
2023-10-22,,,22.5,,,,,23.4,,,,,,37,9,26.0,15.01,0.0,-0.9351,0.3545,22.3,23.5,23.5,station
2023-10-23,,,25.2,,,,,25.1,,,,,,30,4,26.2,15.45,0.0,-0.9288,0.3705,26.2,26.8,26.8,station
2023-10-24,,,20.8,,,,,21.9,,,,,,54,54,25.8,13.58,0.8,-0.9223,0.3864,21.5,20.9,20.9,station
2023-10-25,,,20.6,,,,,22.2,,,,,,65,12,12.6,14.98,0.0,-0.9155,0.4022,20.8,21.8,21.8,station
2023-10-26,,,19.3,,,,,17.9,,,,,,71,27,22.6,13.51,0.1,-0.9085,0.4179,17.0,12.9,12.9,station
2023-10-27,,,12.4,,,,,12.7,,,,,,48,29,23.7,13.68,0.0,-0.9012,0.4335,10.8,8.0,8.0,station
2023-10-28,,,5.1,,,,,5.0,,,,,,76,92,15.6,5.78,9.5,-0.8936,0.4489,-1.0,-1.8,-1.8,station
2023-10-29,,,-4.0,,,,,-2.9,,,,,,77,65,15.5,13.11,3.8,-0.8857,0.4642,-4.7,-3.2,-3.2,station
2023-10-30,,,1.4,,,,,2.4,,,,,,55,2,17.4,15.63,0.0,-0.8776,0.4794,1.8,7.4,7.4,station
2023-10-31,,,6.3,,,,,5.2,,,,,,56,2,15.5,14.83,0.0,-0.8692,0.4944,4.0,10.6,10.6,station
2023-11-01,,,13.8,,,,,13.9,,,,,,46,76,14.4,11.71,0.0,-0.8606,0.5093,14.9,15.8,15.8,station
2023-11-02,,,17.3,,,,,17.3,,,,,,36,29,21.2,13.59,0.0,-0.8517,0.524,18.0,19.8,19.8,station
2023-11-03,,,17.1,,,,,19.2,,,,,,37,76,18.7,12.42,0.0,-0.8426,0.5386,18.5,20.6,20.6,station
2023-11-04,,,18.2,,,,,17.9,,,,,,46,45,19.9,13.35,0.0,-0.8332,0.553,17.8,18.6,18.6,station
2023-11-05,,,22.4,,,,,22.0,,,,,,29,86,25.8,12.29,0.0,-0.8235,0.5672,22.4,23.7,23.7,station
2023-11-06,,,20.1,,,,,19.9,,,,,,28,66,24.5,12.75,0.0,-0.8137,0.5813,21.8,22.8,22.8,station
2023-11-07,,,21.6,,,,,22.4,,,,,,26,10,25.7,13.11,0.0,-0.8035,0.5952,22.6,24.1,24.1,station
2023-11-08,,,12.9,,,,,11.2,,,,,,71,73,14.0,3.1,2.7,-0.7932,0.609,7.2,5.8,5.8,station
2023-11-09,,,7.6,,,,,9.2,,,,,,58,21,20.8,12.93,0.3,-0.7826,0.6225,7.9,8.7,8.7,station
2023-11-10,,,10.5,,,,,10.8,,,,,,40,12,21.8,13.05,0.0,-0.7718,0.6359,11.0,11.9,11.9,station
2023-11-11,,,13.0,,,,,13.2,,,,,,30,18,17.4,12.63,0.0,-0.7607,0.6491,14.1,15.0,15.0,station
2023-11-12,,,16.9,,,,,16.1,,,,,,27,1,29.9,12.42,0.0,-0.7494,0.6621,16.2,17.5,17.5,station
2023-11-13,,,17.1,,,,,17.0,,,,,,26,24,31.3,12.16,0.0,-0.7379,0.6749,18.1,18.6,18.6,station
2023-11-14,,,20.0,,,,,19.0,,,,,,22,59,18.3,10.75,0.0,-0.7262,0.6875,19.2,20.3,20.3,station
2023-11-15,,,17.5,,,,,18.0,,,,,,29,73,19.3,10.1,0.0,-0.7143,0.6998,19.6,20.3,20.3,station
2023-11-16,,,19.2,,,,,18.4,,,,,,34,52,20.6,10.27,1.7,-0.7021,0.712,19.2,19.6,19.6,station
2023-11-17,,,16.5,,,,,16.3,,,,,,52,3,16.1,11.28,0.0,-0.6898,0.724,15.8,17.8,17.8,station
2023-11-18,,,14.6,,,,,15.5,,,,,,48,41,13.7,10.43,0.2,-0.6772,0.7358,15.3,15.0,15.0,station
2023-11-19,,,12.1,,,,,13.5,,,,,,52,38,19.1,11.28,0.9,-0.6645,0.7473,12.8,13.2,13.2,station
2023-11-20,,,7.8,,,,,8.4,,,,,,64,87,36.7,3.21,1.6,-0.6515,0.7586,5.6,5.6,5.6,station
2023-11-21,,,10.8,,,,,11.4,,,,,,44,14,19.5,11.1,0.0,-0.6384,0.7697,10.8,11.7,11.7,station
2023-11-22,,,16.9,,,,,19.1,,,,,,27,28,21.5,11.11,0.0,-0.625,0.7806,19.7,20.3,20.3,station
2023-11-23,,,6.4,,,,,5.6,,,,,,57,85,22.3,5.44,0.3,-0.6115,0.7912,10.5,5.0,5.0,station
2023-11-24,,,-0.8,,,,,-0.3,,,,,,65,99,20.4,6.47,1.5,-0.5978,0.8016,-1.4,-5.2,-5.2,station
2023-11-25,,,-4.2,,,,,-3.7,,,,,,69,83,14.2,6.36,2.1,-0.584,0.8118,-5.8,-6.5,-6.5,station
2023-11-26,,,2.9,,,,,3.0,,,,,,47,1,22.7,11.12,0.0,-0.5699,0.8217,4.2,5.0,5.0,station
2023-11-27,,,3.9,,,,,5.4,,,,,,41,5,16.1,10.95,0.0,-0.5557,0.8314,5.6,6.8,6.8,station
2023-11-28,,,9.6,,,,,10.4,,,,,,30,1,23.7,10.91,0.0,-0.5413,0.8408,11.6,14.1,14.1,station
2023-11-29,,,12.4,,,,,9.9,,,,,,28,13,20.4,10.93,0.0,-0.5268,0.85,13.0,15.0,15.0,station
2023-11-30,,,3.2,,,,,3.0,,,,,,41,69,13.6,9.57,0.0,-0.5121,0.859,2.8,5.0,5.0,station
2023-12-01,,,2.4,,,,,2.9,,,,,,57,95,13.7,8.79,0.0,-0.4972,0.8676,4.4,5.8,5.8,station
2023-12-02,,,3.7,,,,,3.4,,,,,,43,52,31.1,9.85,0.0,-0.4822,0.8761,3.2,4.3,4.3,station
2023-12-03,,,5.2,,,,,5.1,,,,,,55,88,24.2,4.89,3.3,-0.4671,0.8842,1.8,3.7,3.7,station
2023-12-04,,,12.1,,,,,11.6,,,,,,48,61,26.1,9.5,0.0,-0.4518,0.8921,12.5,15.0,15.0,station
2023-12-05,,,12.3,,,,,13.0,,,,,,44,19,21.1,9.68,0.0,-0.4364,0.8998,15.2,18.2,18.2,station
2023-12-06,,,16.9,,,,,15.9,,,,,,39,5,20.6,10.07,0.0,-0.4208,0.9071,17.6,21.1,21.1,station
2023-12-07,,,15.1,,,,,16.0,,,,,,30,18,24.0,9.69,0.0,-0.4052,0.9142,14.7,17.8,17.8,station
2023-12-08,,,4.3,,,,,5.0,,,,,,55,81,20.3,5.59,3.9,-0.3894,0.9211,4.5,4.8,4.8,station
2023-12-09,,,-0.6,,,,,0.8,,,,,,63,50,17.1,9.08,1.8,-0.3735,0.9276,1.1,1.1,1.1,station
2023-12-10,,,5.0,,,,,5.7,,,,,,42,79,24.9,6.88,0.0,-0.3575,0.9339,9.5,11.3,11.3,station
2023-12-11,,,8.6,,,,,6.6,,,,,,52,58,13.6,9.15,0.3,-0.3413,0.9399,10.5,11.8,11.8,station
2023-12-12,,,5.0,,,,,4.9,,,,,,90,92,11.7,3.45,0.0,-0.3251,0.9457,0.5,0.6,0.6,station
2023-12-13,,,5.8,,,,,4.1,,,,,,80,95,14.4,7.05,2.9,-0.3088,0.9511,5.0,4.6,4.6,station
2023-12-14,,,4.0,,,,,4.4,,,,,,81,81,15.8,7.68,0.0,-0.2924,0.9563,4.0,2.1,2.1,station
2023-12-15,,,6.9,,,,,7.2,,,,,,49,9,14.5,9.44,0.0,-0.2759,0.9612,8.6,10.0,10.0,station
2023-12-16,,,13.0,,,,,12.0,,,,,,42,29,20.8,9.42,0.0,-0.2593,0.9658,13.6,16.8,16.8,station
2023-12-17,,,11.6,,,,,11.1,,,,,,37,19,19.6,9.48,0.0,-0.2427,0.9701,12.3,15.2,15.2,station
2023-12-18,,,12.5,,,,,12.2,,,,,,41,70,17.3,9.2,0.0,-0.226,0.9741,12.9,15.3,15.3,station
2023-12-19,,,14.5,,,,,14.6,,,,,,38,85,22.7,9.2,0.0,-0.2092,0.9779,14.9,18.3,18.3,station
2023-12-20,,,12.7,,,,,12.0,,,,,,44,89,17.6,8.26,0.0,-0.1923,0.9813,12.5,13.9,13.9,station
2023-12-21,,,13.0,,,,,12.7,,,,,,50,46,12.7,8.82,0.0,-0.1754,0.9845,13.2,14.7,14.7,station
2023-12-22,,,11.4,,,,,10.8,,,,,,52,37,16.3,9.21,0.0,-0.1585,0.9874,12.4,15.0,15.0,station
2023-12-23,,,8.3,,,,,7.3,,,,,,57,99,20.0,7.17,1.5,-0.1414,0.9899,10.3,10.7,10.7,station
2023-12-24,,,0.1,,,,,-1.0,,,,,,57,70,26.1,7.04,1.7,-0.1244,0.9922,1.7,-1.1,-1.1,station
2023-12-25,,,-2.3,,,,,-1.2,,,,,,46,52,14.1,8.13,0.0,-0.1073,0.9942,-2.6,-2.1,-2.1,station
2023-12-26,,,1.8,,,,,1.9,,,,,,50,100,14.6,3.33,4.4,-0.0902,0.9959,1.7,3.0,3.0,station
2023-12-27,,,2.7,,,,,3.1,,,,,,44,56,16.9,7.6,0.0,-0.073,0.9973,5.4,6.7,6.7,station
2023-12-28,,,3.1,,,,,2.9,,,,,,42,0,13.1,9.81,0.0,-0.0559,0.9984,4.6,6.5,6.5,station
2023-12-29,,,7.5,,,,,7.2,,,,,,40,13,15.3,9.75,0.0,-0.0387,0.9993,8.7,10.0,10.0,station
2023-12-30,,,,,,,,,,,,,,38,19,21.9,9.73,0.0,-0.0215,0.9998,10.9,12.6,12.6,station
2023-12-31,,,,,,,,,,,,,,52,71,14.8,9.28,0.0,-0.0043,1.0,4.0,,,
2024-01-01,,,,,,,,,,,,,,52,31,17.2,9.43,0.0,0.0172,0.9999,9.4,11.1,11.1,station
2024-01-02,,,,,,,,,,,,,,58,15,12.6,9.63,0.0,0.0344,0.9994,7.8,9.0,9.0,station
2024-01-03,,,,,,,,,,,,,,58,23,18.8,9.9,0.0,0.0516,0.9987,5.9,6.8,6.8,station
2024-01-04,,,,,,,,,,,,,,70,98,14.5,6.99,0.2,0.0688,0.9976,1.3,0.0,0.0,station
2024-01-05,,,,,,,,,,,,,,69,86,15.6,9.18,0.5,0.0859,0.9963,2.8,3.5,3.5,station
2024-01-06,,,,,,,,,,,,,,54,52,18.2,10.1,0.4,0.103,0.9947,1.5,3.6,3.6,station
2024-01-07,,,,,,,,,,,,,,40,91,18.9,9.34,0.1,0.1201,0.9928,0.9,1.5,1.5,station
2024-01-08,,,,,,,,,,,,,,60,61,37.3,7.18,1.3,0.1372,0.9905,-3.8,-2.8,-2.8,station
2024-01-09,,,,,,,,,,,,,,40,43,23.3,9.4,0.0,0.1542,0.988,4.7,6.1,6.1,station
2024-01-10,,,,,,,,,,,,,,40,53,36.8,10.45,0.1,0.1712,0.9852,1.6,4.4,4.4,station
2024-01-11,,,,,,,,,,,,,,53,74,27.7,7.71,0.0,0.1881,0.9821,-2.6,0.0,0.0,station
2024-01-12,,,,,,,,,,,,,,40,59,26.1,10.2,0.0,0.205,0.9788,-0.3,0.0,0.0,station
2024-01-13,,,,,,,,,,,,,,68,96,16.9,9.35,3.0,0.2218,0.9751,-13.4,-18.1,-18.1,station
2024-01-14,,,,,,,,,,,,,,69,89,12.2,7.94,0.8,0.2385,0.9711,-13.4,-13.7,-13.7,station
2024-01-15,,,,,,,,,,,,,,74,72,21.3,7.58,4.3,0.2552,0.9669,-13.9,-17.6,-17.6,station
2024-01-16,,,,,,,,,,,,,,60,47,15.5,11.27,0.0,0.2718,0.9624,-2.3,3.2,3.2,station
2024-01-17,,,,,,,,,,,,,,59,81,20.8,9.71,0.0,0.2883,0.9575,4.3,8.3,8.3,station
2024-01-18,,,,,,,,,,,,,,67,58,27.0,9.31,0.0,0.3047,0.9524,5.7,9.1,9.1,station
2024-01-19,,,0.2,-1.8,2.1,,,,,,,,,72,77,11.7,10.21,0.0,0.3211,0.9471,-2.3,-0.6,-0.6,station
2024-01-20,,,10.0,4.6,10.9,,,6.4,5.3,11.1,,,,73,89,10.2,10.36,0.0,0.3373,0.9414,3.6,8.1,8.1,station
2024-01-21,,,13.1,11.6,11.6,,,9.3,12.7,12.0,,,,66,83,16.9,8.15,0.0,0.3534,0.9355,5.5,11.7,11.7,station
2024-01-22,,,10.0,10.3,10.1,,,7.8,10.8,9.7,,,,63,81,16.1,10.32,0.0,0.3695,0.9292,8.8,10.9,10.9,station
2024-01-23,,,11.1,10.5,10.6,,,5.4,10.5,12.1,,,,70,31,14.7,10.54,0.0,0.3854,0.9227,9.0,10.7,10.7,station
2024-01-24,,,9.3,9.3,9.1,,,7.2,7.5,9.8,,,,67,34,12.9,9.71,0.0,0.4012,0.916,7.4,9.7,9.7,station
2024-01-25,,,10.1,8.7,8.5,,,7.0,9.5,9.2,,,,63,53,13.7,10.96,0.7,0.4169,0.9089,7.5,9.1,9.1,station
2024-01-26,,,5.8,4.5,5.5,,,2.0,5.0,4.2,,,,87,81,10.5,7.77,3.7,0.4325,0.9016,1.9,5.0,5.0,station
2024-01-27,,,8.9,8.2,7.5,,,7.8,8.5,9.1,,,,63,3,18.7,12.25,0.0,0.4479,0.8941,4.4,8.6,8.6,station
2024-01-28,,,13.8,14.2,14.6,,,12.4,14.6,13.6,,,,55,2,17.9,11.93,0.0,0.4633,0.8862,13.1,15.2,15.2,station
2024-01-29,,,14.0,14.2,13.4,,,13.9,13.6,14.5,,,,57,39,15.5,10.24,0.0,0.4784,0.8781,11.9,14.6,14.6,station
2024-01-30,,,15.7,15.2,14.8,,,15.5,14.4,13.7,,,,58,0,15.7,12.46,0.0,0.4935,0.8698,13.3,15.6,15.6,station
2024-01-31,,,16.5,16.7,16.2,,,12.2,16.4,15.5,,,,43,54,17.7,11.67,0.0,0.5084,0.8611,14.5,14.8,14.8,station
2024-02-01,,,15.6,15.3,15.3,,,13.9,15.4,15.0,,,,42,31,19.8,12.51,0.0,0.5231,0.8523,12.9,15.9,15.9,station
2024-02-02,,,14.2,11.8,15.3,,,10.8,9.9,13.5,,,,59,92,17.3,10.34,0.8,0.5377,0.8432,11.1,12.8,12.8,station
2024-02-03,,,4.3,3.6,3.2,,,5.3,4.6,4.7,,,,99,100,15.3,1.75,18.7,0.5521,0.8338,3.4,3.3,3.3,station
2024-02-04,2.9,,3.7,4.5,6.8,,,2.5,5.8,5.4,4.47,1.68,,85,43,15.5,12.95,0.0,0.5664,0.8242,2.2,3.3,3.3,station
2024-02-05,4.1,,12.8,9.9,10.0,5.1,,6.2,9.0,11.9,9.2,3.66,1.15,72,32,21.3,13.7,0.0,0.5805,0.8143,4.3,6.1,6.1,station
2024-02-06,12.7,,17.5,12.5,13.4,14.2,,8.4,9.2,9.6,14.03,2.35,3.68,54,87,36.2,11.97,0.0,0.5944,0.8042,12.5,15.0,15.0,station
2024-02-07,10.8,,12.2,10.1,12.1,11.5,,11.4,11.0,10.9,11.3,1.02,0.1,55,48,29.9,10.9,0.0,0.6081,0.7938,10.4,12.6,12.6,station
2024-02-08,8.2,,8.5,9.0,8.3,8.3,,9.2,8.9,8.4,8.5,0.36,-0.2,42,41,20.6,13.24,0.1,0.6217,0.7833,8.1,10.3,10.3,station
2024-02-09,4.1,,5.8,3.8,6.8,3.8,,5.2,3.4,6.4,5.12,1.42,0.42,63,73,13.8,10.35,2.5,0.6351,0.7725,5.3,5.0,5.0,station
2024-02-10,-1.4,,-0.6,0.7,-0.7,-1.0,,1.5,-0.2,-0.5,-0.5,0.88,-0.45,85,98,19.4,3.88,5.7,0.6483,0.7614,-1.3,-1.7,-1.7,station
2024-02-11,2.9,,2.5,3.4,2.5,3.2,,4.2,4.5,3.6,2.83,0.43,-1.05,58,25,16.0,14.52,0.0,0.6613,0.7502,2.8,1.3,1.3,station
2024-02-12,8.7,,10.2,8.9,9.4,8.6,,8.5,9.1,8.7,9.3,0.67,0.58,45,34,18.8,14.02,0.0,0.6741,0.7387,9.1,10.0,10.0,station
2024-02-13,10.5,,11.4,10.4,10.8,10.5,,10.1,10.2,10.4,10.78,0.45,0.47,48,18,22.7,14.75,0.0,0.6867,0.727,9.9,10.9,10.9,station
2024-02-14,8.6,,11.1,10.6,10.5,8.2,,9.9,8.9,10.7,10.2,1.1,0.77,45,31,23.6,14.53,0.0,0.6991,0.715,9.5,11.0,11.0,station
2024-02-15,12.2,,13.3,12.8,13.9,10.5,,11.9,12.3,12.9,13.05,0.72,1.15,55,41,18.6,14.35,0.2,0.7113,0.7029,11.9,9.6,9.6,station
2024-02-16,5.8,,6.9,2.5,2.9,3.7,,2.8,5.8,3.7,4.53,2.16,0.53,75,95,29.8,10.55,2.9,0.7233,0.6906,5.1,-0.3,-0.3,station
2024-02-17,2.9,,1.7,1.0,1.2,3.1,,3.9,1.7,2.8,1.7,0.85,-1.18,59,32,15.1,15.59,1.2,0.735,0.678,1.9,0.9,0.9,station
2024-02-18,9.5,,11.4,8.0,10.7,8.4,,8.8,8.1,9.7,9.9,1.49,1.15,40,51,19.4,14.39,0.0,0.7466,0.6653,9.7,10.2,10.2,station
2024-02-19,12.1,,14.6,13.2,13.2,13.3,,11.9,12.6,14.5,13.27,1.02,0.2,41,19,17.7,15.94,0.0,0.7579,0.6523,12.6,14.1,14.1,station
2024-02-20,15.9,,18.3,17.1,16.5,15.8,,15.4,15.1,16.3,16.95,1.02,1.3,41,64,21.4,15.54,0.0,0.769,0.6392,15.7,18.2,18.2,station
2024-02-21,14.5,,17.3,12.4,16.2,14.3,,10.6,11.6,14.4,15.1,2.14,2.38,41,56,37.5,15.67,0.0,0.7799,0.6259,14.8,18.2,18.2,station
2024-02-22,7.3,,7.5,8.1,9.0,7.4,,9.7,8.0,8.4,7.97,0.76,-0.4,69,21,21.1,14.49,1.9,0.7906,0.6124,6.8,5.7,5.7,station
2024-02-23,9.0,,9.5,9.5,10.2,9.1,,9.6,10.0,10.3,9.55,0.49,-0.2,44,4,18.0,16.04,0.0,0.801,0.5987,9.2,10.6,10.6,station
2024-02-24,15.1,,15.5,15.8,15.9,15.5,,14.8,15.5,15.0,15.57,0.36,0.38,30,29,21.2,16.97,0.0,0.8112,0.5848,15.2,16.3,16.3,station
2024-02-25,16.0,,16.6,17.3,17.3,16.0,,15.8,16.9,17.1,16.8,0.63,0.35,22,11,27.3,17.2,0.0,0.8211,0.5708,16.4,18.1,18.1,station
2024-02-26,15.8,,15.0,16.5,16.7,16.4,,16.1,15.9,16.1,16.0,0.77,-0.12,32,31,36.4,16.59,0.0,0.8308,0.5566,15.5,17.2,17.2,station
2024-02-27,6.7,,6.3,6.5,7.7,6.5,,7.0,6.1,6.6,6.8,0.62,0.25,50,69,34.6,10.14,3.3,0.8402,0.5422,6.6,6.7,6.7,station
2024-02-28,10.4,,11.1,11.3,9.7,11.0,,10.3,11.9,9.2,10.62,0.73,0.03,30,10,22.6,17.88,0.0,0.8495,0.5277,11.1,11.9,11.9,station
2024-02-29,14.7,,16.0,15.0,14.7,14.6,,13.9,15.3,15.0,15.1,0.62,0.4,30,2,20.3,18.04,0.0,0.8584,0.513,14.3,17.1,17.1,station
2024-03-01,14.5,,17.9,15.6,16.1,14.4,,16.0,15.8,15.8,16.02,1.42,0.52,28,40,23.2,17.86,0.0,0.8671,0.4981,14.4,17.4,17.4,station
2024-03-02,16.2,,19.6,19.0,18.2,15.9,,17.4,18.6,17.6,18.25,1.48,0.88,25,23,33.7,18.24,0.0,0.8755,0.4831,16.2,19.4,19.4,station
2024-03-03,11.8,,11.5,10.7,11.4,10.5,,12.0,11.6,11.9,11.35,0.47,-0.15,33,61,38.9,15.69,1.4,0.8837,0.468,11.4,12.8,12.8,station
2024-03-04,9.1,,10.5,9.2,10.5,8.5,,10.1,10.1,9.6,9.82,0.78,0.25,47,29,22.4,16.92,0.0,0.8916,0.4527,8.6,10.0,10.0,station
2024-03-05,11.1,,10.7,11.3,10.7,8.2,,8.6,11.4,10.4,10.95,0.3,1.3,51,35,23.1,16.35,0.0,0.8993,0.4373,10.1,9.3,9.3,station
2024-03-06,13.6,,12.9,13.3,13.4,13.3,,12.3,13.7,13.0,13.3,0.29,0.23,42,73,22.1,17.37,0.2,0.9067,0.4218,13.6,14.0,14.0,station
2024-03-07,3.1,,9.0,4.8,4.9,7.4,,9.4,6.5,4.2,5.45,2.51,-1.42,73,81,19.4,11.05,0.2,0.9138,0.4061,5.7,4.7,4.7,station
2024-03-08,0.1,,-0.9,0.6,0.7,1.0,,0.9,0.3,1.3,0.12,0.73,-0.75,73,90,13.0,7.6,1.9,0.9207,0.3904,-0.1,-1.0,-1.0,station
2024-03-09,10.8,,10.4,11.0,10.4,10.2,,10.8,9.9,10.0,10.65,0.3,0.43,40,0,18.4,20.02,0.0,0.9272,0.3745,10.4,11.0,11.0,station
2024-03-10,16.9,,17.0,17.1,16.3,16.9,,15.4,16.2,16.5,16.82,0.36,0.57,26,5,21.1,20.25,0.0,0.9335,0.3585,15.8,18.1,18.1,station
2024-03-11,15.8,,17.0,15.5,16.2,16.2,,15.0,15.6,15.3,16.12,0.65,0.6,26,80,17.6,14.51,0.0,0.9396,0.3424,16.2,16.4,16.4,station
2024-03-12,14.4,,17.1,15.0,16.2,15.3,,14.4,15.9,16.7,15.68,1.21,0.1,33,70,17.1,14.04,0.0,0.9453,0.3261,14.3,15.0,15.0,station
2024-03-13,8.7,,12.0,8.8,11.1,6.4,,8.2,8.6,10.3,10.15,1.66,1.78,70,88,19.0,13.73,6.8,0.9508,0.3098,10.5,11.0,11.0,station
2024-03-14,1.7,1.5,3.8,3.2,2.4,1.2,,1.6,3.9,1.7,2.52,0.98,0.42,97,100,23.5,8.18,28.0,0.956,0.2934,1.6,0.7,0.7,station
2024-03-15,2.6,2.1,3.5,3.3,4.1,2.5,2.4,1.8,4.4,7.4,3.12,0.78,-0.58,89,69,30.8,19.77,1.1,0.9609,0.2769,2.6,4.2,4.2,station
2024-03-16,2.0,4.0,5.4,6.6,5.9,2.2,4.2,6.6,6.9,5.2,4.78,1.82,-0.24,74,28,10.8,21.01,0.0,0.9655,0.2604,2.2,6.3,6.3,station
2024-03-17,3.0,6.1,6.9,7.1,6.1,2.5,6.2,8.7,6.5,5.6,5.84,1.65,-0.06,73,64,10.5,20.26,0.0,0.9698,0.2437,3.3,5.9,5.9,station
2024-03-18,10.8,12.8,12.4,13.2,13.3,10.4,14.6,13.5,12.6,10.8,12.5,1.01,0.12,67,7,16.3,21.85,0.0,0.9739,0.227,9.5,12.0,12.0,station
2024-03-19,14.1,15.1,17.1,15.8,16.1,14.5,16.7,15.3,16.3,15.9,15.64,1.12,-0.1,53,12,13.0,21.57,0.0,0.9777,0.2102,13.9,16.1,16.1,station
2024-03-20,14.3,14.2,16.8,15.8,16.3,14.1,13.6,16.1,16.2,16.1,15.48,1.18,0.26,55,6,16.6,21.39,0.1,0.9811,0.1934,14.6,16.4,16.4,station
2024-03-21,16.1,18.5,18.3,17.8,17.8,15.7,18.5,17.2,18.3,17.7,17.7,0.95,0.22,43,19,20.9,21.92,0.0,0.9843,0.1765,16.0,18.7,18.7,station
2024-03-22,15.2,15.3,16.7,16.1,16.9,14.5,13.9,15.6,16.5,17.2,16.04,0.78,0.5,48,38,33.8,21.57,0.0,0.9872,0.1595,15.0,17.1,17.1,station
2024-03-23,17.4,16.1,19.6,17.4,17.9,17.3,14.7,18.0,18.0,17.4,17.68,1.26,0.6,47,52,32.9,19.89,0.0,0.9898,0.1425,17.2,18.3,18.3,station
2024-03-24,10.0,7.8,11.7,11.4,13.2,10.5,6.1,10.4,11.8,13.2,10.82,2.04,0.42,58,85,33.2,15.75,8.9,0.9921,0.1255,12.0,13.5,13.5,station
2024-03-25,2.6,0.4,-1.5,1.6,0.2,2.8,-1.4,-1.5,0.3,0.8,0.66,1.55,0.46,69,97,21.3,17.16,3.3,0.9941,0.1084,0.1,-3.3,-3.3,station
2024-03-26,4.9,4.9,3.4,6.6,6.3,7.3,6.1,5.7,7.9,7.1,5.22,1.28,-1.6,68,49,12.1,23.05,0.0,0.9958,0.0913,2.9,5.9,5.9,station
2024-03-27,8.9,9.3,9.0,9.0,8.6,9.3,9.8,10.0,9.4,8.6,8.96,0.25,-0.46,52,28,14.9,23.34,0.0,0.9972,0.0741,8.2,10.0,10.0,station
2024-03-28,15.1,17.0,18.2,16.8,16.6,14.9,16.9,16.9,16.4,16.0,16.74,1.11,0.52,38,73,23.7,22.56,0.0,0.9984,0.057,14.9,18.3,18.3,station
2024-03-29,10.7,9.5,16.9,9.7,12.2,11.7,10.5,11.9,10.2,12.0,11.8,3.04,0.54,53,77,22.8,19.92,1.2,0.9992,0.0398,11.5,12.1,12.1,station
2024-03-30,15.2,12.9,18.2,17.4,17.5,14.3,13.3,18.3,16.7,16.8,16.24,2.18,0.36,62,66,24.2,22.34,0.1,0.9997,0.0226,16.2,18.3,18.3,station
2024-03-31,17.3,12.5,18.2,18.1,18.4,17.7,13.6,17.5,15.0,18.0,16.9,2.49,0.54,62,27,35.5,22.32,2.4,1.0,0.0054,17.1,17.1,17.1,station
2024-04-01,9.3,7.3,7.4,6.5,10.9,8.2,8.2,8.1,7.6,10.0,8.28,1.79,-0.14,81,89,21.0,18.94,7.2,0.9999,-0.0118,9.5,7.2,7.2,station
2024-04-02,12.9,13.1,13.9,11.8,12.4,12.2,13.5,12.1,11.3,12.4,12.82,0.79,0.52,54,12,20.1,23.83,0.0,0.9996,-0.029,12.2,14.7,14.7,station
2024-04-03,17.4,20.8,18.7,18.0,17.9,16.5,20.2,17.5,17.6,17.5,18.56,1.34,0.7,36,10,18.6,22.51,0.0,0.9989,-0.0462,17.7,18.9,18.9,station
2024-04-04,21.6,22.4,23.4,22.3,22.2,21.3,23.2,20.9,21.6,21.7,22.38,0.65,0.64,32,29,33.7,24.45,0.0,0.998,-0.0634,21.4,23.9,23.9,station
2024-04-05,21.7,23.4,23.7,22.9,22.3,21.2,23.0,22.4,22.6,21.5,22.8,0.81,0.66,26,71,34.0,22.08,0.0,0.9968,-0.0805,21.6,23.2,23.2,station
2024-04-06,10.1,13.6,12.7,12.2,13.6,9.6,12.7,12.7,11.9,13.0,12.44,1.44,0.46,35,93,54.2,9.82,1.3,0.9952,-0.0977,10.5,13.5,13.5,station
2024-04-07,11.3,12.8,12.5,12.6,12.3,11.4,12.4,13.4,13.6,12.0,12.3,0.59,-0.26,29,43,32.9,24.64,0.0,0.9934,-0.1148,11.9,14.4,14.4,station
2024-04-08,11.9,13.4,12.2,12.1,12.7,11.5,13.1,12.7,12.3,13.0,12.46,0.6,-0.06,36,39,14.2,24.73,0.0,0.9913,-0.1319,11.9,12.8,12.8,station
2024-04-09,15.0,15.8,14.5,15.9,16.0,15.2,16.0,14.9,15.9,16.4,15.44,0.66,-0.24,35,10,11.9,25.35,0.0,0.9889,-0.1489,14.8,16.1,16.1,station
2024-04-10,13.1,13.4,13.1,13.2,12.1,13.1,13.2,13.1,14.2,14.4,12.98,0.51,-0.62,42,47,21.0,22.71,1.2,0.9861,-0.1659,12.9,13.3,13.3,station
2024-04-11,15.3,16.5,16.5,16.6,15.8,15.5,17.4,17.2,17.5,17.0,16.14,0.57,-0.78,44,21,19.6,24.84,0.0,0.9831,-0.1828,15.5,16.1,16.1,station
2024-04-12,23.5,24.7,24.1,24.1,23.1,23.2,24.7,23.0,24.1,23.0,23.9,0.62,0.3,26,21,19.9,25.19,0.0,0.9799,-0.1997,23.2,24.0,24.0,station
2024-04-13,23.0,25.5,24.2,24.0,23.6,23.4,25.3,22.6,23.1,22.0,24.06,0.93,0.78,22,47,20.8,22.07,0.0,0.9763,-0.2165,23.6,23.9,23.9,station
2024-04-14,25.8,26.5,26.5,26.6,25.3,25.5,27.1,24.4,26.1,25.4,26.14,0.57,0.44,20,7,29.3,24.9,0.0,0.9724,-0.2333,26.4,26.4,26.4,station
2024-04-15,22.1,22.7,22.6,24.3,21.8,22.9,23.1,21.3,23.9,21.3,22.7,0.97,0.2,21,25,38.2,26.27,0.1,0.9683,-0.25,21.9,23.2,23.2,station
2024-04-16,17.6,19.0,17.0,18.3,18.3,17.2,18.9,17.3,17.8,15.8,18.04,0.76,0.64,47,53,30.1,21.93,6.2,0.9638,-0.2666,17.3,18.0,18.0,station
2024-04-17,22.7,20.1,22.8,20.8,21.5,22.1,21.9,20.1,19.9,21.1,21.58,1.18,0.56,37,55,30.9,21.11,0.2,0.9591,-0.2831,21.5,22.5,22.5,station
2024-04-18,5.6,2.9,5.5,4.6,8.8,8.2,3.5,7.3,7.5,9.3,5.48,2.15,-1.68,63,98,15.2,10.79,0.2,0.9541,-0.2996,6.1,2.8,2.8,station
2024-04-19,10.2,3.3,12.2,8.5,8.9,11.7,3.5,11.8,8.0,12.1,8.62,3.31,-0.8,66,99,17.8,13.81,4.5,0.9488,-0.316,8.0,4.3,4.3,station
2024-04-20,6.3,2.3,3.3,5.7,5.8,6.9,4.5,2.4,5.6,6.9,4.68,1.77,-0.58,74,100,15.9,15.57,2.7,0.9432,-0.3322,6.7,1.0,1.0,station
2024-04-21,17.9,16.8,15.9,16.2,16.4,17.4,17.1,17.2,17.4,17.2,16.64,0.78,-0.62,62,21,25.6,26.41,0.0,0.9373,-0.3484,17.6,17.8,17.8,station
2024-04-22,23.7,22.6,25.4,22.9,21.5,23.0,23.2,22.6,23.7,22.0,23.22,1.45,0.32,29,83,27.2,24.46,0.5,0.9312,-0.3645,23.0,23.0,23.0,station
2024-04-23,17.7,16.9,19.1,13.9,15.5,13.7,16.4,17.0,14.1,15.5,16.62,2.0,1.28,50,54,22.7,24.52,7.7,0.9248,-0.3804,18.1,18.3,18.3,station
2024-04-24,23.8,23.2,25.4,24.3,24.5,23.1,23.2,23.2,23.9,24.6,24.24,0.82,0.64,41,19,28.3,25.07,0.1,0.9181,-0.3963,23.8,24.6,24.6,station
2024-04-25,24.1,21.8,25.9,24.7,24.6,23.8,21.4,21.9,24.3,23.4,24.22,1.51,1.26,58,50,18.6,22.69,5.1,0.9112,-0.412,21.8,21.7,21.7,station
2024-04-26,18.2,18.0,18.0,16.8,20.3,18.3,17.3,19.4,20.0,20.4,18.26,1.27,-0.82,60,84,20.5,23.47,9.3,0.9039,-0.4276,17.6,19.4,19.4,station
2024-04-27,7.9,7.0,7.8,8.2,6.4,7.8,7.3,10.4,7.8,7.5,7.46,0.74,-0.7,96,100,18.3,5.66,27.2,0.8965,-0.4431,7.5,7.2,7.2,station
2024-04-28,14.0,13.4,12.1,14.0,14.2,13.7,12.1,6.7,13.0,13.8,13.54,0.86,1.68,70,60,12.6,24.04,1.1,0.8887,-0.4585,13.7,15.6,15.6,station
2024-04-29,18.8,19.8,19.2,17.9,18.4,19.7,19.5,19.2,18.2,19.9,18.82,0.73,-0.48,46,47,15.4,24.66,0.0,0.8807,-0.4737,18.1,18.3,18.3,station
2024-04-30,21.8,19.8,23.6,20.0,19.9,21.8,20.2,22.0,19.4,20.8,21.02,1.66,0.18,39,17,26.6,27.77,0.0,0.8724,-0.4888,20.6,21.1,21.1,station
2024-05-01,19.1,17.4,23.6,18.9,21.7,17.9,17.6,19.7,17.0,21.4,20.14,2.48,1.42,44,36,38.1,24.88,1.2,0.8639,-0.5037,20.9,20.0,20.0,station
2024-05-02,15.9,15.0,17.8,14.7,15.2,15.7,14.3,15.6,13.9,15.7,15.72,1.24,0.68,47,36,26.3,26.64,0.3,0.8551,-0.5185,16.1,16.1,16.1,station
2024-05-03,21.3,20.2,23.2,21.3,21.4,22.9,19.2,18.8,17.3,18.7,21.48,1.08,2.1,43,36,40.5,25.42,0.4,0.846,-0.5331,22.4,23.7,23.7,station
2024-05-04,18.1,17.8,19.3,17.6,17.4,18.0,17.9,17.6,17.2,17.2,18.04,0.75,0.46,49,32,27.7,27.04,0.0,0.8367,-0.5476,17.3,17.9,17.9,station
2024-05-05,24.3,23.7,24.6,22.0,23.3,24.3,24.1,24.1,22.7,23.1,23.58,1.02,-0.08,36,55,39.7,19.72,0.0,0.8272,-0.5619,24.4,23.9,23.9,station
2024-05-06,16.0,15.1,14.9,14.6,15.2,15.9,15.0,16.2,14.8,15.6,15.16,0.52,-0.34,25,51,45.2,23.05,0.7,0.8174,-0.5761,14.3,17.5,17.5,station
2024-05-07,14.2,15.0,14.6,15.1,15.5,14.8,14.7,14.4,16.7,13.7,14.88,0.5,0.02,30,47,29.7,25.32,0.0,0.8074,-0.59,14.7,13.7,13.7,station
2024-05-08,13.6,14.5,15.1,12.9,13.6,13.8,14.6,14.0,14.1,14.0,13.94,0.86,-0.16,29,34,27.6,27.72,0.0,0.7971,-0.6038,13.8,14.3,14.3,station
2024-05-09,11.8,10.6,13.2,11.9,13.4,12.1,11.3,9.6,12.2,13.6,12.18,1.15,0.42,50,100,20.2,18.14,0.7,0.7866,-0.6175,11.8,11.7,11.7,station
2024-05-10,13.1,13.3,11.0,11.5,13.8,14.6,14.9,13.3,12.4,13.4,12.54,1.22,-1.18,68,74,12.4,17.18,2.7,0.7759,-0.6309,13.1,13.3,13.3,station
2024-05-11,17.7,16.8,18.9,18.3,18.8,17.4,17.0,19.3,17.4,18.7,18.1,0.87,0.14,65,81,12.4,20.67,4.9,0.7649,-0.6442,19.0,18.2,18.2,station
2024-05-12,16.8,15.3,19.7,19.3,16.2,15.8,16.6,17.8,16.5,16.5,17.46,1.94,0.82,81,82,23.1,13.67,16.2,0.7537,-0.6572,15.8,14.7,14.7,station
2024-05-13,20.5,21.7,22.2,21.1,21.8,21.3,22.6,21.5,21.5,21.4,21.46,0.67,-0.2,55,21,14.9,26.52,0.0,0.7423,-0.6701,20.5,21.7,21.7,station
2024-05-14,22.0,23.6,25.1,22.0,23.8,22.2,22.5,24.9,22.2,23.7,23.3,1.32,0.2,42,71,16.8,24.07,1.3,0.7306,-0.6828,23.1,24.1,24.1,station
2024-05-15,16.7,16.6,17.8,17.5,17.9,16.2,15.6,18.1,16.0,16.8,17.3,0.61,0.76,72,62,16.6,24.87,5.4,0.7188,-0.6952,17.3,19.7,19.7,station
2024-05-16,21.3,23.8,22.6,21.9,22.2,21.7,24.1,21.7,21.9,21.6,22.36,0.93,0.16,53,28,19.8,29.26,0.1,0.7067,-0.7075,21.4,22.5,22.5,station
2024-05-17,27.1,27.9,27.8,26.9,26.4,26.0,28.3,26.6,27.2,27.0,27.22,0.63,0.2,34,6,25.3,28.98,0.0,0.6945,-0.7195,26.1,26.7,26.7,station
2024-05-18,24.5,21.1,25.4,25.2,23.3,25.2,20.5,25.3,24.4,23.1,23.9,1.77,0.2,42,42,34.8,24.0,2.2,0.682,-0.7314,23.6,21.1,21.1,station
2024-05-19,25.8,25.6,28.1,26.1,26.5,25.2,24.9,26.5,26.4,26.8,26.42,1.0,0.46,40,44,29.3,26.79,0.0,0.6693,-0.743,25.5,26.8,26.8,station
2024-05-20,24.4,15.8,26.0,22.1,22.8,27.9,19.7,26.8,24.2,23.3,22.22,3.89,-2.16,59,42,28.2,26.86,3.7,0.6564,-0.7544,23.3,22.1,22.1,station
2024-05-21,14.8,11.5,16.0,14.6,16.3,15.9,12.4,19.2,16.5,16.4,14.64,1.9,-1.44,72,66,20.9,20.26,6.0,0.6433,-0.7656,14.7,15.8,15.8,station
2024-05-22,22.7,21.6,23.0,21.0,21.0,23.1,22.3,23.3,23.8,20.6,21.86,0.94,-0.76,35,16,30.7,29.26,0.0,0.6301,-0.7765,23.0,22.0,22.0,station
2024-05-23,25.3,24.8,25.4,24.6,25.0,25.1,25.1,25.5,23.7,24.7,25.02,0.33,0.2,30,18,28.5,28.99,0.0,0.6166,-0.7873,25.1,27.2,27.2,station
2024-05-24,20.3,20.3,21.3,20.4,20.9,20.7,19.8,20.1,18.5,20.7,20.64,0.44,0.68,29,36,26.0,28.2,0.1,0.603,-0.7978,20.4,20.0,20.0,station
2024-05-25,21.2,20.0,24.8,22.9,22.5,23.1,21.0,24.3,23.1,21.6,22.28,1.81,-0.34,44,58,29.9,27.48,2.9,0.5892,-0.808,21.5,21.0,21.0,station
2024-05-26,21.9,22.4,21.5,22.5,21.8,21.4,22.6,22.9,22.4,21.8,22.02,0.42,-0.2,43,26,28.0,28.93,2.8,0.5752,-0.818,22.3,21.1,21.1,station
2024-05-27,23.8,24.3,24.4,23.6,24.5,24.5,24.6,24.9,24.5,24.6,24.12,0.4,-0.5,36,9,17.7,29.3,0.0,0.561,-0.8278,23.6,23.9,23.9,station
2024-05-28,25.0,24.3,27.4,24.9,26.3,23.2,24.2,26.6,25.4,26.2,25.58,1.25,0.46,39,16,26.8,29.23,0.0,0.5467,-0.8373,25.4,26.9,26.9,station
2024-05-29,29.2,28.2,29.3,28.4,28.4,29.1,28.0,28.6,28.6,29.0,28.7,0.51,0.04,35,44,26.8,27.15,0.0,0.5322,-0.8466,29.7,28.1,28.1,station
2024-05-30,24.7,24.0,26.8,24.6,23.7,24.2,24.5,24.5,24.7,23.2,24.76,1.21,0.54,40,43,29.2,26.51,0.5,0.5176,-0.8556,24.3,25.0,25.0,station
2024-05-31,22.5,20.3,25.7,24.7,24.2,26.6,21.9,26.5,26.9,24.7,23.48,2.12,-1.84,67,66,16.6,21.29,0.7,0.5028,-0.8644,21.9,22.6,22.6,station
2024-06-01,27.7,26.9,28.6,29.0,27.1,27.6,26.8,27.7,28.7,28.0,27.86,0.92,0.1,35,34,21.0,27.82,0.0,0.4878,-0.8729,27.8,28.0,28.0,station
2024-06-02,29.5,27.6,31.0,31.0,29.3,30.9,25.8,29.7,31.7,29.4,29.68,1.41,0.18,35,40,33.0,26.53,0.0,0.4728,-0.8812,29.3,29.2,29.2,station
2024-06-03,30.3,29.7,30.5,27.9,30.2,30.1,29.7,29.2,29.1,29.4,29.72,1.06,0.22,30,53,23.8,24.8,0.0,0.4575,-0.8892,30.2,29.6,29.6,station
2024-06-04,27.5,27.9,28.3,26.9,28.8,28.1,28.0,27.1,27.7,28.4,27.88,0.73,0.02,31,62,29.3,28.14,0.0,0.4422,-0.8969,27.6,26.9,26.9,station
2024-06-05,31.5,32.5,32.2,31.7,31.8,31.2,32.6,32.4,31.2,32.4,31.94,0.4,-0.02,24,0,25.4,31.03,0.0,0.4267,-0.9044,31.5,32.0,32.0,station
2024-06-06,30.6,30.3,31.6,31.1,30.5,30.8,29.8,31.0,32.1,30.6,30.82,0.53,-0.04,36,3,28.1,29.89,0.0,0.4111,-0.9116,29.8,30.7,30.7,station
2024-06-07,33.3,33.2,34.9,34.7,34.0,33.2,32.7,32.8,34.5,33.2,34.02,0.78,0.74,27,27,31.4,26.4,0.0,0.3953,-0.9185,33.6,32.2,32.2,station
2024-06-08,27.0,26.2,31.4,29.0,26.9,27.0,25.2,25.9,28.4,26.4,28.1,2.12,1.52,48,47,29.7,26.08,1.5,0.3795,-0.9252,29.2,29.8,29.8,station
2024-06-09,26.3,24.3,31.4,28.1,27.8,26.3,24.3,28.9,25.5,26.3,27.58,2.61,1.32,64,43,31.4,22.57,1.9,0.3635,-0.9316,26.2,28.3,28.3,station
2024-06-10,28.8,26.6,32.5,31.2,30.7,26.9,25.9,29.5,25.1,29.0,29.96,2.3,2.68,49,86,30.1,23.96,1.9,0.3474,-0.9377,28.6,27.4,27.4,station
2024-06-11,27.8,29.3,30.8,29.2,30.4,29.4,29.5,29.6,28.6,28.9,29.5,1.17,0.3,49,24,20.5,26.94,0.1,0.3312,-0.9436,28.4,30.6,30.6,station
2024-06-12,33.8,33.9,34.3,34.0,32.3,33.7,34.0,34.5,33.6,33.8,33.66,0.78,-0.26,29,14,24.1,28.82,0.0,0.3149,-0.9491,33.0,35.0,35.0,station
2024-06-13,33.2,33.4,35.9,35.1,34.0,34.0,33.6,35.2,35.6,33.9,34.32,1.15,-0.14,26,19,35.0,27.93,0.0,0.2986,-0.9544,33.7,35.4,35.4,station
2024-06-14,26.5,24.2,32.4,26.0,26.8,28.1,23.9,30.8,26.6,28.4,27.18,3.09,-0.38,47,57,18.6,22.82,3.1,0.2821,-0.9594,29.7,26.9,26.9,station
2024-06-15,31.4,31.2,32.7,30.5,30.4,32.0,30.8,30.3,31.2,31.4,31.24,0.92,0.1,30,25,22.1,27.81,0.0,0.2656,-0.9641,30.3,31.9,31.9,station
2024-06-16,31.1,28.1,35.8,33.4,33.3,34.6,30.2,35.0,34.0,32.7,32.34,2.9,-0.96,32,20,27.2,28.59,0.1,0.2489,-0.9685,30.2,33.0,33.0,station
2024-06-17,35.0,30.7,34.9,34.6,32.4,35.5,30.8,34.4,34.9,32.9,33.52,1.9,-0.18,54,28,30.3,26.41,0.2,0.2322,-0.9727,31.7,36.0,36.0,station
2024-06-18,22.5,21.5,25.6,22.6,22.5,26.5,22.4,23.6,22.2,24.3,22.94,1.55,-0.86,27,24,24.3,29.22,0.0,0.2155,-0.9765,24.5,21.4,21.4,station
2024-06-19,20.4,19.2,21.8,20.7,18.3,22.5,20.9,26.7,23.7,20.3,20.08,1.36,-2.74,48,71,33.3,16.75,0.7,0.1986,-0.9801,23.4,23.3,23.3,station
2024-06-20,31.5,29.3,31.7,31.9,30.9,32.5,28.2,32.3,29.6,29.0,31.06,1.05,0.74,53,82,28.5,25.35,1.1,0.1818,-0.9833,29.8,32.6,32.6,station
2024-06-21,28.5,26.8,31.1,29.9,28.5,31.1,28.1,29.6,29.7,28.6,28.96,1.62,-0.46,55,65,21.9,26.45,0.7,0.1648,-0.9863,29.6,29.6,29.6,station
2024-06-22,31.2,30.5,32.6,31.5,29.9,31.0,29.8,31.4,30.3,29.8,31.14,1.03,0.68,40,20,16.4,28.32,0.0,0.1478,-0.989,31.7,32.0,32.0,station
2024-06-23,33.9,34.5,35.0,34.6,32.9,33.6,34.6,34.2,34.4,32.2,34.18,0.82,0.38,25,19,18.9,29.61,0.0,0.1308,-0.9914,34.8,35.0,35.0,station
2024-06-24,34.9,34.4,34.1,34.5,33.6,34.0,34.5,34.6,34.8,33.9,34.3,0.48,-0.06,22,25,14.6,27.52,0.0,0.1137,-0.9935,34.4,34.2,34.2,station
2024-06-25,34.9,34.9,35.3,34.7,34.4,35.3,34.7,35.4,34.9,34.3,34.84,0.33,-0.08,23,24,20.5,28.36,0.0,0.0966,-0.9953,35.2,35.6,35.6,station
2024-06-26,32.9,30.1,35.3,34.2,34.7,34.9,30.0,34.3,35.7,33.4,33.44,2.07,-0.22,36,43,26.1,26.01,0.0,0.0795,-0.9968,32.9,34.2,34.2,station
2024-06-27,32.3,30.8,35.7,32.4,31.6,32.9,31.1,33.3,32.1,31.0,32.56,1.87,0.48,42,83,24.1,23.34,3.5,0.0623,-0.9981,33.9,32.4,32.4,station
2024-06-28,30.7,32.0,34.2,32.6,29.9,30.7,29.8,32.5,31.9,30.1,31.88,1.68,0.88,30,45,22.0,27.56,0.3,0.0451,-0.999,33.8,34.1,34.1,station
2024-06-29,28.5,25.7,29.7,27.0,29.1,27.7,25.4,31.0,28.7,28.4,28.0,1.63,-0.24,43,46,27.9,25.57,0.6,0.028,-0.9996,29.9,30.9,30.9,station
2024-06-30,33.1,30.1,33.1,32.6,31.1,34.4,29.3,33.0,32.7,28.8,32.0,1.34,0.36,48,59,33.2,26.78,0.0,0.0108,-0.9999,32.9,31.7,31.7,station
2024-07-01,33.4,29.4,32.7,31.3,30.9,32.4,29.7,30.4,31.5,31.5,31.54,1.57,0.44,37,67,24.5,18.32,0.5,-0.0065,-1.0,32.4,31.9,31.9,station
2024-07-02,30.2,27.2,31.3,30.0,27.2,28.8,26.2,31.5,30.2,26.0,29.18,1.87,0.64,43,20,22.3,26.3,0.3,-0.0237,-0.9997,28.1,30.0,30.0,station
2024-07-03,31.4,30.5,33.8,33.2,29.4,30.1,29.9,33.0,33.6,30.2,31.66,1.84,0.3,30,15,27.4,28.61,0.1,-0.0408,-0.9992,32.5,33.1,33.1,station
2024-07-04,25.8,26.6,27.9,26.8,25.4,25.8,25.5,27.7,26.4,24.9,26.5,0.97,0.44,38,3,27.4,30.14,0.3,-0.058,-0.9983,26.4,27.9,27.9,station
2024-07-05,25.7,27.2,27.2,26.0,25.1,26.9,28.1,27.1,26.3,27.3,26.24,0.93,-0.9,36,7,23.1,29.84,0.1,-0.0752,-0.9972,25.2,26.1,26.1,station
2024-07-06,31.5,30.1,31.8,30.0,30.4,32.1,29.7,32.3,30.3,30.0,30.76,0.83,-0.12,25,18,31.0,29.51,0.0,-0.0923,-0.9957,30.5,32.4,32.4,station
2024-07-07,23.1,22.4,25.0,21.6,20.4,22.9,22.8,24.5,22.4,21.7,22.5,1.72,-0.36,50,52,29.1,22.18,2.2,-0.1094,-0.994,22.8,24.2,24.2,station
2024-07-08,26.6,27.2,27.3,25.8,27.0,26.2,27.1,27.6,25.4,26.7,26.78,0.61,0.18,47,5,15.3,30.33,0.0,-0.1265,-0.992,26.4,28.3,28.3,station
2024-07-09,30.0,29.8,30.8,30.0,29.3,30.6,30.0,31.1,29.5,29.5,29.98,0.54,-0.16,33,23,18.9,28.72,0.0,-0.1436,-0.9896,29.8,31.1,31.1,station
2024-07-10,32.0,31.6,32.6,32.3,31.4,31.5,31.8,33.4,31.9,31.2,31.98,0.49,0.02,30,20,16.6,29.92,0.0,-0.1606,-0.987,31.7,32.2,32.2,station
2024-07-11,34.4,34.6,34.7,34.6,33.5,34.4,34.7,34.8,34.6,33.8,34.36,0.49,-0.1,22,23,15.6,29.31,0.0,-0.1775,-0.9841,33.9,35.0,35.0,station
2024-07-12,36.8,37.7,37.4,37.6,35.8,37.0,37.0,37.7,37.3,36.0,37.06,0.79,0.06,14,9,23.9,30.33,0.0,-0.1944,-0.9809,37.4,37.9,37.9,station
2024-07-13,37.2,37.2,36.2,37.2,36.0,36.4,37.1,38.0,37.4,36.5,36.76,0.61,-0.32,19,15,22.9,29.09,0.0,-0.2113,-0.9774,36.1,37.4,37.4,station
2024-07-14,37.4,36.0,36.5,36.4,35.5,37.1,36.4,38.1,36.9,36.9,36.36,0.7,-0.72,19,69,27.5,25.98,0.0,-0.2281,-0.9736,36.3,36.4,36.4,station
2024-07-15,34.6,33.2,35.3,34.4,33.8,33.4,33.2,36.5,34.0,33.4,34.26,0.8,0.16,27,61,20.9,24.07,0.0,-0.2448,-0.9696,34.4,34.4,34.4,station
2024-07-16,29.4,29.4,31.5,29.5,29.5,30.5,29.7,32.4,30.6,29.0,29.86,0.92,-0.58,41,58,14.7,22.92,3.8,-0.2614,-0.9652,28.3,31.0,31.0,station
2024-07-17,28.1,27.8,31.1,28.9,28.3,26.1,27.8,31.4,28.6,25.3,28.84,1.33,1.0,49,35,38.3,24.99,6.8,-0.278,-0.9606,30.1,29.6,29.6,station
2024-07-18,32.0,29.5,31.5,28.7,31.9,29.8,30.6,33.1,28.3,32.3,30.72,1.52,-0.1,51,30,28.3,25.89,0.2,-0.2945,-0.9557,30.3,31.7,31.7,station
2024-07-19,31.6,31.1,33.1,32.2,32.6,31.0,31.1,32.5,29.9,32.7,32.12,0.79,0.68,37,75,21.0,23.04,0.8,-0.3109,-0.9505,31.9,32.4,32.4,station
2024-07-20,27.3,28.0,30.0,25.5,25.6,28.0,27.7,29.6,26.3,27.4,27.28,1.86,-0.52,56,41,26.8,24.65,12.7,-0.3272,-0.945,27.9,29.4,29.4,station
2024-07-21,21.4,22.3,25.4,22.8,20.5,21.1,22.5,19.9,22.6,21.8,22.48,1.85,0.9,68,34,15.8,20.55,6.5,-0.3434,-0.9392,24.3,24.3,24.3,station
2024-07-22,27.4,27.7,27.8,27.5,25.7,27.1,27.3,28.0,26.6,25.2,27.22,0.86,0.38,49,9,17.4,28.41,0.1,-0.3595,-0.9332,27.5,27.8,27.8,station
2024-07-23,30.4,31.5,31.1,30.9,29.9,30.2,31.6,30.8,30.3,29.1,30.76,0.62,0.36,35,3,14.3,29.49,0.0,-0.3755,-0.9268,30.4,31.1,31.1,station
2024-07-24,33.4,34.0,34.0,33.5,32.7,33.5,34.3,34.1,33.8,32.7,33.52,0.54,-0.16,27,16,21.7,28.35,0.0,-0.3914,-0.9202,33.2,34.1,34.1,station
2024-07-25,36.2,35.7,35.7,34.7,34.1,35.5,35.0,34.7,35.7,34.3,35.28,0.86,0.24,21,14,29.7,29.4,0.0,-0.4071,-0.9134,35.0,35.0,35.0,station
2024-07-26,31.1,31.2,34.0,32.8,32.7,32.6,31.4,34.1,31.9,31.5,32.36,1.22,0.06,36,85,29.5,21.08,1.6,-0.4228,-0.9062,32.8,32.5,32.5,station
2024-07-27,31.2,31.5,33.2,31.0,32.0,30.7,31.0,33.5,32.4,32.0,31.78,0.88,-0.14,39,26,19.1,25.22,0.2,-0.4383,-0.8988,33.4,34.0,34.0,station
2024-07-28,35.2,33.5,34.5,33.4,31.7,35.3,32.1,35.1,33.7,31.7,33.66,1.32,0.08,32,16,23.2,28.11,0.1,-0.4537,-0.8912,34.4,34.4,34.4,station
2024-07-29,35.0,35.6,36.2,34.5,34.0,36.0,35.1,35.0,34.9,34.1,35.06,0.87,0.04,21,19,26.9,25.3,0.0,-0.469,-0.8832,35.0,35.9,35.9,station
2024-07-30,35.3,36.5,36.4,35.1,34.4,36.0,36.1,36.2,34.8,34.9,35.54,0.9,-0.06,17,28,17.5,27.07,0.0,-0.4841,-0.875,36.0,36.1,36.1,station
2024-07-31,33.8,34.6,34.7,34.3,32.2,34.2,33.8,35.6,33.7,32.7,33.92,1.02,-0.08,18,7,19.7,28.85,0.0,-0.4991,-0.8666,33.2,35.0,35.0,station
2024-08-01,35.7,35.4,35.9,35.7,35.5,34.6,33.3,36.3,35.2,34.6,35.64,0.19,0.84,25,6,26.3,28.21,0.0,-0.5139,-0.8578,35.5,37.1,37.1,station
2024-08-02,33.6,34.2,35.9,34.1,32.8,34.7,34.6,36.2,34.3,33.6,34.12,1.14,-0.56,30,15,41.8,26.05,0.0,-0.5286,-0.8489,34.8,37.1,37.1,station
2024-08-03,34.5,35.0,35.3,34.3,31.4,34.6,34.5,34.7,33.8,30.2,34.1,1.56,0.54,30,2,20.5,28.54,0.0,-0.5431,-0.8397,34.0,34.6,34.6,station
2024-08-04,36.3,35.2,37.5,37.0,36.1,36.4,35.2,38.1,36.2,35.9,36.42,0.88,0.06,30,65,25.6,24.76,0.0,-0.5575,-0.8302,36.6,36.5,36.5,station
2024-08-05,33.9,32.1,35.1,34.3,33.3,34.3,32.2,34.6,32.5,33.3,33.74,1.13,0.36,46,55,20.7,21.18,13.8,-0.5717,-0.8205,33.8,33.3,33.3,station
2024-08-06,32.7,30.6,35.6,34.6,33.5,33.3,30.4,34.6,34.3,31.8,33.4,1.91,0.52,44,58,22.5,25.1,0.1,-0.5857,-0.8105,33.3,34.4,34.4,station
2024-08-07,34.2,31.3,36.0,35.1,33.7,35.4,30.8,36.2,34.4,31.9,34.06,1.78,0.32,40,56,22.8,24.09,2.5,-0.5996,-0.8003,32.0,33.3,33.3,station
2024-08-08,23.1,20.1,24.0,21.7,21.6,23.8,19.7,25.0,22.3,18.2,22.1,1.5,0.3,70,84,24.0,13.47,2.9,-0.6132,-0.7899,24.5,23.1,23.1,station
2024-08-09,24.0,19.0,24.1,21.2,21.9,24.6,19.4,24.4,18.9,18.6,22.04,2.12,0.86,70,98,13.0,15.27,1.2,-0.6267,-0.7792,22.6,18.5,18.5,station
2024-08-10,28.1,26.2,30.1,24.6,23.6,27.8,25.4,29.8,24.8,25.9,26.52,2.63,-0.22,71,56,28.0,24.36,2.4,-0.64,-0.7683,27.6,28.7,28.7,station
2024-08-11,29.8,28.6,32.8,29.2,29.4,29.8,28.7,33.4,28.7,27.9,29.96,1.65,0.26,51,58,29.9,21.01,0.0,-0.6532,-0.7572,30.5,30.0,30.0,station
2024-08-12,28.1,26.1,31.9,29.1,24.9,29.9,26.1,30.6,26.5,26.8,28.02,2.72,0.04,56,50,26.3,23.92,1.9,-0.6661,-0.7459,28.8,29.6,29.6,station
2024-08-13,28.8,26.6,31.9,28.3,30.7,29.1,27.0,32.8,28.1,28.3,29.26,2.08,0.2,65,58,22.6,20.83,1.8,-0.6788,-0.7343,31.0,30.8,30.8,station
2024-08-14,28.4,28.4,29.2,28.9,28.0,27.9,27.2,30.5,28.1,27.8,28.58,0.47,0.28,53,27,19.0,24.18,2.2,-0.6914,-0.7225,28.4,30.9,30.9,station
2024-08-15,29.0,28.4,30.8,28.6,27.8,28.5,28.2,29.8,27.6,27.2,28.92,1.14,0.66,43,15,19.5,25.26,0.0,-0.7037,-0.7105,28.6,30.3,30.3,station
2024-08-16,32.9,31.6,35.5,32.8,32.2,32.1,31.4,34.7,32.4,32.0,33.0,1.49,0.48,45,14,23.2,25.32,0.0,-0.7158,-0.6983,31.8,33.0,33.0,station
2024-08-17,34.6,34.3,36.2,33.7,34.0,34.3,34.2,35.2,33.6,34.0,34.56,0.98,0.3,28,45,27.9,26.15,0.0,-0.7277,-0.6859,34.1,35.9,35.9,station
2024-08-18,32.9,31.3,33.5,32.6,33.6,31.5,29.5,33.6,32.0,33.3,32.78,0.93,0.8,33,59,24.2,24.38,0.7,-0.7394,-0.6733,32.4,34.1,34.1,station
2024-08-19,29.2,28.6,32.0,31.5,33.5,29.8,28.6,32.4,31.0,31.5,30.96,2.03,0.3,50,55,18.1,17.79,1.6,-0.7509,-0.6605,32.2,32.2,32.2,station
2024-08-20,32.4,31.8,34.2,32.3,32.5,32.2,31.7,34.1,31.9,31.0,32.64,0.91,0.46,42,12,26.5,24.92,0.0,-0.7621,-0.6474,32.9,34.6,34.6,station
2024-08-21,32.5,32.0,33.5,32.4,33.6,32.2,31.5,33.6,33.0,33.3,32.8,0.71,0.08,36,69,27.6,14.77,0.1,-0.7731,-0.6342,31.8,34.3,34.3,station
2024-08-22,28.4,27.3,31.5,29.2,29.2,29.3,27.0,29.9,27.9,26.7,29.12,1.54,0.96,49,65,14.5,18.83,0.5,-0.7839,-0.6208,29.3,30.9,30.9,station
2024-08-23,30.9,27.6,31.2,30.9,31.3,31.2,28.3,31.6,30.7,29.8,30.38,1.56,0.06,44,48,15.9,22.22,0.1,-0.7945,-0.6073,29.9,30.6,30.6,station
2024-08-24,30.8,31.6,33.1,31.7,31.4,32.3,30.6,33.6,32.1,32.4,31.72,0.85,-0.48,33,57,33.4,24.16,0.1,-0.8048,-0.5935,32.8,32.2,32.2,station
2024-08-25,31.9,30.3,31.0,30.0,30.3,29.5,28.5,30.7,29.9,31.0,30.7,0.76,0.78,30,66,21.9,23.94,0.0,-0.8149,-0.5796,32.6,31.9,31.9,station
2024-08-26,29.9,28.3,31.5,31.7,28.7,29.1,26.5,31.3,30.8,30.8,30.02,1.56,0.32,43,80,21.7,18.14,0.1,-0.8248,-0.5655,30.4,30.0,30.0,station
2024-08-27,28.7,29.1,30.4,28.5,28.3,28.6,29.2,29.6,28.7,29.0,29.0,0.84,-0.02,38,11,21.7,25.39,0.0,-0.8344,-0.5512,28.4,29.7,29.7,station
2024-08-28,32.4,32.2,33.6,32.4,31.6,32.1,32.2,32.2,31.7,30.9,32.44,0.73,0.62,26,35,22.0,25.27,0.0,-0.8437,-0.5368,32.2,32.8,32.8,station
2024-08-29,28.1,26.3,27.0,25.5,27.5,28.5,26.1,28.5,25.5,27.7,26.88,1.02,-0.38,28,37,21.7,24.41,0.0,-0.8528,-0.5222,28.1,30.6,30.6,station
2024-08-30,29.1,29.3,29.0,28.7,28.9,29.3,28.8,31.1,29.3,29.2,29.0,0.22,-0.54,34,1,24.5,24.92,0.0,-0.8617,-0.5074,29.1,29.7,29.7,station
2024-08-31,29.9,30.3,31.0,30.8,29.7,30.1,30.5,31.5,30.5,29.9,30.34,0.56,-0.16,29,0,26.7,24.98,0.0,-0.8703,-0.4925,29.8,32.0,32.0,station
2024-09-01,28.9,29.1,29.9,29.5,28.8,29.1,29.2,30.3,29.5,28.6,29.24,0.46,-0.1,25,4,27.2,24.63,0.0,-0.8786,-0.4775,29.4,30.6,30.6,station
2024-09-02,30.8,31.0,32.1,32.0,31.5,31.0,30.3,31.4,32.1,30.9,31.48,0.58,0.34,21,11,29.9,24.21,0.0,-0.8867,-0.4623,30.7,32.8,32.8,station
2024-09-03,31.9,32.5,32.5,32.3,31.6,31.9,32.1,32.4,32.0,31.6,32.16,0.4,0.16,19,10,27.0,24.05,0.0,-0.8945,-0.447,32.0,32.5,32.5,station
2024-09-04,26.8,26.1,26.8,27.9,28.1,27.9,26.6,30.1,28.7,28.5,27.14,0.84,-1.22,42,40,23.8,19.5,8.7,-0.9021,-0.4315,26.9,28.6,28.6,station
2024-09-05,22.7,22.6,22.2,22.0,20.0,21.4,22.4,23.2,22.4,22.1,21.9,1.1,-0.4,69,60,13.7,15.69,2.0,-0.9094,-0.4159,22.1,21.8,21.8,station
2024-09-06,26.1,27.0,27.3,26.6,26.0,27.0,27.2,28.7,25.5,25.3,26.6,0.56,-0.14,46,1,21.3,23.93,0.0,-0.9164,-0.4002,25.9,27.9,27.9,station
2024-09-07,28.1,28.5,29.4,28.9,28.6,28.0,28.2,30.3,28.8,28.1,28.7,0.48,0.02,34,6,24.1,22.8,0.0,-0.9232,-0.3844,27.9,30.0,30.0,station
2024-09-08,29.4,29.5,30.6,31.3,30.0,29.6,29.3,30.7,30.7,29.8,30.16,0.8,0.14,31,20,24.9,22.91,0.0,-0.9296,-0.3685,29.6,30.0,30.0,station
2024-09-09,30.6,31.0,31.6,31.3,30.6,30.6,31.0,30.6,31.1,30.9,31.02,0.44,0.18,29,40,22.6,20.85,0.0,-0.9358,-0.3524,30.0,31.3,31.3,station
2024-09-10,29.5,29.8,30.2,30.2,29.1,29.1,29.7,30.9,30.1,29.5,29.76,0.47,-0.1,32,39,17.7,21.55,0.0,-0.9418,-0.3363,29.6,30.6,30.6,station
2024-09-11,28.9,28.3,29.2,29.5,29.3,27.6,28.0,29.9,28.4,29.5,29.04,0.47,0.36,35,64,17.7,20.07,0.2,-0.9474,-0.32,28.3,28.6,28.6,station
2024-09-12,31.1,31.4,32.2,32.0,30.3,31.3,31.3,31.7,30.9,30.3,31.4,0.76,0.3,26,29,28.5,22.26,0.0,-0.9528,-0.3037,30.9,32.8,32.8,station
2024-09-13,25.6,25.5,25.9,26.0,25.9,26.4,25.5,27.7,26.7,24.8,25.78,0.22,-0.44,27,18,23.0,22.22,0.0,-0.9579,-0.2873,25.8,27.4,27.4,station
2024-09-14,29.0,28.5,29.9,29.3,29.5,29.0,29.1,29.8,29.6,29.1,29.24,0.53,-0.08,36,11,32.0,21.94,0.0,-0.9627,-0.2707,30.1,30.7,30.7,station
2024-09-15,30.1,27.1,30.6,30.4,29.8,26.0,26.6,31.6,30.3,29.9,29.6,1.43,0.72,35,32,25.1,18.69,0.1,-0.9672,-0.2541,30.6,30.9,30.9,station
2024-09-16,28.8,27.1,29.5,28.3,27.5,29.1,27.9,27.8,28.3,27.1,28.24,0.97,0.2,36,25,28.4,17.13,0.0,-0.9714,-0.2375,28.5,27.8,27.8,station
2024-09-17,27.8,27.5,30.1,28.7,28.9,28.2,26.5,29.7,28.8,27.6,28.6,1.02,0.44,38,18,31.0,18.35,0.5,-0.9753,-0.2207,30.2,28.9,28.9,station
2024-09-18,27.4,27.2,28.0,28.4,26.5,28.5,27.1,27.9,27.7,25.5,27.5,0.73,0.16,30,0,23.9,22.04,0.0,-0.979,-0.2039,28.1,29.1,29.1,station
2024-09-19,27.2,27.5,27.6,27.6,27.5,28.2,27.5,28.2,28.0,27.0,27.48,0.16,-0.3,27,17,25.5,21.11,0.0,-0.9824,-0.187,28.2,28.5,28.5,station
2024-09-20,28.8,29.1,30.7,28.9,28.2,29.9,28.8,31.1,28.4,27.1,29.14,0.93,0.08,27,64,26.6,19.28,0.0,-0.9854,-0.1701,30.7,31.1,31.1,station
2024-09-21,19.3,17.3,19.6,19.0,20.1,19.6,18.2,20.8,18.5,19.0,19.06,1.06,-0.16,41,43,20.6,18.23,0.6,-0.9882,-0.1531,19.2,20.2,20.2,station
2024-09-22,15.3,14.5,12.2,15.3,11.9,15.4,16.6,15.3,14.2,12.9,13.84,1.67,-1.04,69,67,13.3,12.55,8.7,-0.9907,-0.1361,14.9,16.0,16.0,station
2024-09-23,24.3,24.8,24.7,25.1,24.5,23.8,25.1,25.5,23.9,23.4,24.68,0.3,0.34,45,30,16.0,20.92,0.0,-0.9929,-0.1191,24.2,25.4,25.4,station
2024-09-24,22.5,23.7,23.7,23.0,23.4,23.1,24.2,23.4,22.0,22.7,23.26,0.51,0.18,44,49,16.5,19.98,0.0,-0.9948,-0.102,22.3,24.1,24.1,station
2024-09-25,27.6,28.4,29.1,29.8,29.0,27.2,28.6,29.6,29.2,29.2,28.78,0.83,0.02,40,0,25.8,20.36,0.0,-0.9964,-0.0848,27.9,30.0,30.0,station
2024-09-26,30.3,30.3,31.9,31.7,30.8,29.9,30.2,31.1,31.3,30.8,31.0,0.76,0.34,30,5,22.3,19.58,0.0,-0.9977,-0.0677,30.7,31.8,31.8,station
2024-09-27,25.9,27.3,27.3,28.0,28.2,25.1,27.2,28.2,28.0,27.4,27.34,0.9,0.16,35,14,14.5,19.77,0.0,-0.9987,-0.0505,26.3,29.0,29.0,station
2024-09-28,30.2,29.3,29.9,30.7,29.9,28.8,29.4,29.2,30.4,29.4,30.0,0.51,0.56,27,2,26.2,19.03,0.0,-0.9994,-0.0333,29.7,30.6,30.6,station
2024-09-29,30.4,30.7,31.3,31.2,30.9,31.0,30.7,30.9,31.2,30.7,30.9,0.37,0.0,22,13,28.5,19.16,0.0,-0.9999,-0.0161,31.0,31.8,31.8,station
2024-09-30,25.5,27.2,25.7,28.8,29.3,24.6,25.3,30.0,25.4,29.4,27.3,1.74,0.36,26,6,29.4,18.76,0.0,-1.0,0.0011,28.6,29.3,29.3,station
2024-10-01,22.6,23.2,22.5,24.3,23.0,24.7,23.3,25.9,24.8,24.4,23.12,0.72,-1.5,33,39,14.5,19.27,0.0,-0.9998,0.0183,23.8,23.3,23.3,station
2024-10-02,30.0,30.6,29.6,30.7,29.2,30.3,30.8,30.3,30.7,29.2,30.02,0.64,-0.24,18,4,18.1,19.49,0.0,-0.9994,0.0355,29.7,31.3,31.3,station
2024-10-03,20.4,19.1,21.3,21.0,20.8,25.7,19.9,22.9,20.4,23.4,20.52,0.86,-1.94,28,2,17.9,18.98,0.0,-0.9986,0.0527,20.7,20.7,20.7,station
2024-10-04,28.6,25.6,28.7,29.0,28.5,28.9,25.8,29.7,29.3,28.2,28.08,1.4,-0.3,35,2,24.5,18.81,0.0,-0.9976,0.0698,28.6,31.0,31.0,station
2024-10-05,29.0,28.8,27.3,29.8,26.9,29.1,28.3,29.3,29.8,27.3,28.36,1.22,-0.4,19,0,22.1,18.66,0.0,-0.9962,0.087,28.7,30.0,30.0,station
2024-10-06,26.0,23.1,25.5,27.3,25.7,26.7,23.5,26.4,26.5,26.3,25.52,1.52,-0.36,34,1,20.2,18.23,0.0,-0.9946,0.1041,25.4,24.8,24.8,station
2024-10-07,25.5,25.7,25.4,26.5,25.1,25.7,26.1,26.5,26.6,25.5,25.64,0.53,-0.44,24,1,18.1,18.33,0.0,-0.9926,0.1212,25.2,26.8,26.8,station
2024-10-08,26.2,26.5,25.9,26.8,26.2,26.1,26.5,26.6,26.8,26.1,26.32,0.34,-0.1,21,21,17.8,16.08,0.0,-0.9904,0.1383,26.4,27.1,27.1,station
2024-10-09,25.9,26.4,25.6,26.2,25.9,25.8,26.2,25.9,25.8,25.9,26.0,0.31,0.08,27,12,14.3,16.73,0.0,-0.9879,0.1553,25.5,26.7,26.7,station
2024-10-10,27.3,27.4,26.6,27.5,26.8,27.3,27.4,27.4,27.3,26.4,27.12,0.4,-0.04,25,9,17.2,16.98,0.0,-0.9851,0.1722,27.3,27.8,27.8,station
2024-10-11,22.1,20.6,25.3,23.3,21.2,21.2,18.6,23.0,22.8,19.8,22.5,1.87,1.42,29,61,13.0,15.52,0.0,-0.9819,0.1892,22.5,22.4,22.4,station
2024-10-12,24.8,24.6,26.9,26.9,25.3,25.1,24.8,27.5,27.5,26.5,25.7,1.12,-0.58,24,57,19.0,16.42,0.0,-0.9785,0.206,26.0,26.1,26.1,station
2024-10-13,19.8,19.1,20.7,21.7,20.7,21.0,19.8,25.3,22.5,21.6,20.4,0.99,-1.64,35,39,18.4,16.8,0.0,-0.9749,0.2228,19.5,18.9,18.9,station
2024-10-14,25.5,24.7,25.6,25.9,25.7,25.2,24.1,26.5,25.4,25.0,25.48,0.46,0.24,33,9,12.8,16.55,0.0,-0.9709,0.2396,26.0,27.0,27.0,station
2024-10-15,22.2,21.0,19.5,22.1,22.5,20.6,22.6,21.3,22.2,21.5,21.46,1.23,-0.18,33,2,29.9,16.44,0.0,-0.9666,0.2562,23.6,24.8,24.8,station
2024-10-16,25.8,23.1,26.2,25.9,26.2,26.0,23.2,25.7,25.7,25.9,25.44,1.32,0.14,29,13,31.7,15.89,0.0,-0.9621,0.2728,26.2,27.2,27.2,station
2024-10-17,22.3,23.1,20.9,23.6,23.3,23.0,22.7,22.6,23.3,22.1,22.64,1.09,-0.1,32,58,31.5,10.4,0.0,-0.9572,0.2893,22.4,22.6,22.6,station
2024-10-18,14.8,12.6,14.8,13.8,14.5,14.7,12.7,21.4,18.3,14.5,14.1,0.93,-2.22,59,86,21.6,10.0,2.4,-0.9521,0.3057,13.4,13.0,13.0,station
2024-10-19,15.7,12.8,12.5,15.3,17.7,15.5,12.8,15.8,12.9,15.8,14.8,2.17,0.24,67,86,23.8,10.89,0.3,-0.9467,0.3221,18.3,18.9,18.9,station
2024-10-20,22.9,19.0,22.0,22.2,22.6,21.6,17.8,23.3,22.5,21.9,21.74,1.57,0.32,53,58,28.8,15.09,0.0,-0.941,0.3383,22.6,24.4,24.4,station
2024-10-21,18.8,18.7,19.5,19.5,18.7,20.0,19.1,21.1,19.4,19.2,19.04,0.42,-0.72,44,27,31.9,13.19,1.9,-0.9351,0.3545,19.4,19.4,19.4,station
2024-10-22,22.5,21.7,22.4,22.2,21.6,22.3,22.1,23.7,21.2,21.9,22.08,0.41,-0.16,33,3,23.9,15.4,0.0,-0.9288,0.3705,22.7,24.0,24.0,station
2024-10-23,23.7,19.8,23.4,22.8,23.3,22.8,20.0,22.8,23.8,21.7,22.6,1.6,0.38,38,7,24.1,15.14,0.0,-0.9223,0.3864,24.1,24.4,24.4,station
2024-10-24,20.7,20.2,20.2,19.0,20.6,20.2,20.8,23.3,18.4,20.7,20.14,0.68,-0.54,36,12,32.3,13.25,0.0,-0.9155,0.4022,20.1,21.4,21.4,station
2024-10-25,17.2,15.7,20.2,17.2,18.3,17.3,16.4,20.4,17.5,18.3,17.72,1.67,-0.26,43,20,23.2,14.72,0.0,-0.9085,0.4179,17.9,19.8,19.8,station
2024-10-26,23.1,19.4,23.8,22.7,23.3,22.6,19.2,24.2,23.1,22.0,22.46,1.76,0.24,38,16,14.9,14.82,0.0,-0.9012,0.4335,23.5,24.8,24.8,station
2024-10-27,26.0,23.8,25.3,24.3,24.7,25.8,22.7,24.6,24.5,24.7,24.82,0.86,0.36,21,54,18.3,13.19,0.0,-0.8936,0.4489,26.2,25.3,25.3,station
2024-10-28,26.2,21.5,24.7,26.4,25.0,24.4,21.7,25.1,25.0,23.7,24.76,1.97,0.78,19,75,32.2,12.41,0.0,-0.8857,0.4642,25.6,26.9,26.9,station
2024-10-29,19.5,11.4,19.3,18.8,14.8,21.4,15.7,20.3,13.8,14.5,16.76,3.56,-0.38,43,28,29.9,13.48,0.0,-0.8776,0.4794,18.3,19.0,19.0,station
2024-10-30,4.1,3.1,6.9,4.0,4.7,4.6,3.5,7.3,5.9,4.9,4.56,1.43,-0.68,80,89,15.2,5.85,2.4,-0.8692,0.4944,6.3,6.7,6.7,station
2024-10-31,15.3,10.6,14.3,13.9,14.2,14.2,9.7,13.5,13.3,13.8,13.66,1.79,0.76,50,22,21.4,13.87,0.0,-0.8606,0.5093,15.4,15.7,15.7,station
2024-11-01,14.2,11.0,14.8,15.5,13.8,13.6,10.5,14.1,14.7,13.8,13.86,1.72,0.52,40,50,24.7,13.77,0.0,-0.8517,0.524,14.7,17.2,17.2,station
2024-11-02,19.3,13.6,19.5,17.4,17.6,20.1,12.6,19.1,17.0,18.4,17.48,2.37,0.04,40,42,28.1,13.63,0.0,-0.8426,0.5386,19.6,19.4,19.4,station
2024-11-03,12.6,10.8,12.0,12.2,11.0,12.9,11.0,14.3,12.9,12.5,11.72,0.78,-1.0,53,72,18.7,11.78,2.9,-0.8332,0.553,11.2,12.6,12.6,station
2024-11-04,6.3,3.6,5.4,6.2,5.4,6.6,3.4,7.0,5.5,6.4,5.38,1.08,-0.4,69,72,17.7,8.16,2.0,-0.8235,0.5672,6.5,5.3,5.3,station
2024-11-05,11.3,10.1,10.0,9.4,11.3,11.3,9.9,11.5,12.1,11.5,10.42,0.85,-0.84,48,54,25.8,11.85,3.3,-0.8137,0.5813,10.4,11.4,11.4,station
2024-11-06,1.3,-0.0,-0.8,-1.0,-2.6,1.0,0.2,2.2,0.2,-2.2,-0.62,1.43,-0.9,82,100,22.8,4.96,9.7,-0.8035,0.5952,-0.9,-1.5,-1.5,station
2024-11-07,0.1,0.1,1.0,0.2,2.4,0.3,2.3,1.0,-0.8,2.7,0.76,0.99,-0.34,90,97,12.1,7.58,4.7,-0.7932,0.609,0.2,1.3,1.3,station
2024-11-08,-0.5,-0.5,-0.1,-0.6,-0.1,0.1,0.7,0.8,-0.5,-0.3,-0.36,0.24,-0.52,98,100,20.9,4.3,20.0,-0.7826,0.6225,-0.7,0.6,0.6,station
2024-11-09,2.3,1.8,1.5,3.0,3.4,1.7,2.2,2.6,4.0,2.9,2.4,0.8,-0.28,89,80,25.2,6.79,7.5,-0.7718,0.6359,3.8,5.0,5.0,station
2024-11-10,5.5,9.4,6.7,6.0,10.1,5.8,10.3,4.0,6.7,10.0,7.54,2.08,0.18,65,3,24.2,13.17,0.0,-0.7607,0.6491,6.3,12.6,12.6,station
2024-11-11,3.5,7.0,9.6,5.5,12.7,4.3,8.5,7.8,3.6,10.1,7.66,3.59,0.8,69,12,16.5,13.11,0.0,-0.7494,0.6621,4.6,11.5,11.5,station
2024-11-12,5.5,5.5,13.5,11.6,13.2,7.4,5.9,15.0,10.0,14.2,9.86,4.05,-0.64,65,30,30.0,12.74,1.5,-0.7379,0.6749,8.2,12.8,12.8,station
2024-11-13,9.1,5.1,7.3,8.7,9.8,4.7,5.4,11.4,8.7,10.9,8.0,1.86,-0.22,62,43,17.1,12.29,0.0,-0.7262,0.6875,8.9,5.0,5.0,station
2024-11-14,12.5,12.7,13.9,12.6,16.1,13.0,12.3,14.1,13.7,16.5,13.56,1.53,-0.36,50,19,17.4,12.15,0.0,-0.7143,0.6998,13.2,10.6,10.6,station
2024-11-15,15.4,10.1,14.5,14.2,17.3,15.4,10.3,16.5,14.2,16.9,14.3,2.64,-0.36,51,19,24.5,11.23,0.0,-0.7021,0.712,14.6,11.0,11.0,station
2024-11-16,10.4,9.5,10.6,8.9,10.9,10.5,8.9,10.3,9.7,11.6,10.06,0.83,-0.14,46,17,22.6,11.76,0.0,-0.6898,0.724,9.7,7.5,7.5,station
2024-11-17,9.7,7.9,10.8,9.8,11.5,9.4,8.3,10.4,9.7,11.7,9.94,1.36,0.04,55,2,20.3,11.94,0.0,-0.6772,0.7358,10.1,11.4,11.4,station
2024-11-18,11.5,10.0,12.6,12.2,13.6,10.3,9.5,11.9,12.4,12.6,11.98,1.34,0.64,47,45,22.4,10.98,0.0,-0.6645,0.7473,11.7,13.5,13.5,station
2024-11-19,3.5,2.4,1.6,3.2,3.0,3.9,2.5,3.2,2.9,3.2,2.74,0.75,-0.4,43,39,27.9,11.36,0.2,-0.6515,0.7586,2.4,3.6,3.6,station
2024-11-20,8.8,6.0,10.2,8.3,10.6,8.7,7.2,8.4,7.6,10.9,8.78,1.82,0.22,34,41,15.8,11.24,0.0,-0.6384,0.7697,8.8,9.0,9.0,station
2024-11-21,10.0,11.4,16.9,12.9,15.4,11.8,12.1,12.7,13.2,15.8,13.32,2.83,0.2,50,82,14.0,10.27,0.0,-0.625,0.7806,12.2,12.1,12.1,station
2024-11-22,16.4,14.7,16.3,16.2,18.2,16.3,15.6,15.1,17.1,18.4,16.36,1.24,-0.14,42,80,16.1,10.66,0.0,-0.6115,0.7912,18.5,15.6,15.6,station
2024-11-23,17.9,15.6,21.2,18.8,19.1,18.3,16.0,15.9,18.9,18.8,18.52,2.03,0.94,25,83,26.7,9.64,0.0,-0.5978,0.8016,19.1,20.6,20.6,station
2024-11-24,14.0,10.4,15.8,10.9,14.9,13.4,12.8,14.7,10.8,12.9,13.2,2.42,0.28,38,55,23.1,9.68,0.6,-0.584,0.8118,16.2,18.6,18.6,station
2024-11-25,7.4,4.8,7.0,7.2,7.6,7.2,3.6,6.7,7.5,7.7,6.8,1.14,0.26,63,58,23.1,10.59,0.5,-0.5699,0.8217,7.3,8.3,8.3,station
2024-11-26,9.0,6.6,12.4,11.0,12.2,8.8,6.2,10.5,8.1,9.7,10.24,2.44,1.58,54,96,20.0,7.96,0.8,-0.5557,0.8314,11.5,12.5,12.5,station
2024-11-27,1.6,2.9,2.3,2.2,1.4,2.5,2.1,4.6,1.4,3.5,2.08,0.6,-0.74,89,77,17.1,4.58,10.0,-0.5413,0.8408,1.6,2.2,2.2,station
2024-11-28,-1.4,-1.6,3.7,1.9,2.6,-3.3,-0.1,3.2,3.7,3.1,1.04,2.41,-0.28,67,7,16.0,10.69,0.0,-0.5268,0.85,-1.6,1.1,1.1,station
2024-11-29,3.3,1.6,8.3,5.4,6.9,3.6,1.9,7.0,6.4,7.4,5.1,2.7,-0.16,55,23,17.7,10.71,0.0,-0.5121,0.859,3.9,9.4,9.4,station
2024-11-30,4.8,4.0,9.3,8.6,8.9,4.4,4.2,8.0,7.3,8.4,7.12,2.51,0.66,53,39,13.3,10.34,0.0,-0.4972,0.8676,5.4,10.9,10.9,station
2024-12-01,6.0,5.9,10.9,8.9,10.2,5.2,5.9,9.8,8.1,8.4,8.38,2.33,0.9,47,7,15.7,10.16,0.0,-0.4822,0.8761,9.5,11.1,11.1,station
2024-12-02,4.9,4.0,10.1,9.6,10.2,4.6,5.4,9.8,7.4,11.0,7.76,3.05,0.12,51,1,15.0,9.93,0.0,-0.4671,0.8842,10.2,11.9,11.9,station
2024-12-03,11.4,11.5,15.4,14.8,16.2,10.5,11.4,13.7,15.3,15.6,13.86,2.26,0.56,41,36,17.6,10.02,0.0,-0.4518,0.8921,15.1,18.1,18.1,station
2024-12-04,12.1,8.9,13.1,11.1,12.6,10.0,9.9,11.6,10.2,11.9,11.56,1.66,0.84,43,2,12.7,9.81,0.0,-0.4364,0.8998,12.3,14.0,14.0,station
2024-12-05,7.1,4.8,8.9,8.2,8.7,7.0,5.0,9.6,9.9,9.2,7.54,1.68,-0.6,58,1,6.8,9.71,0.0,-0.4208,0.9071,8.1,10.0,10.0,station
2024-12-06,12.1,10.0,12.2,11.6,12.9,11.0,9.8,12.3,11.6,12.9,11.76,1.09,0.24,44,0,13.7,9.76,0.0,-0.4052,0.9142,12.8,14.3,14.3,station
2024-12-07,14.0,11.9,14.5,14.4,15.1,14.0,12.4,14.0,14.2,14.3,13.98,1.23,0.2,34,4,17.1,9.96,0.0,-0.3894,0.9211,14.2,15.8,15.8,station
2024-12-08,12.4,10.9,14.5,13.0,13.9,12.8,12.0,12.1,11.5,13.7,12.94,1.4,0.52,38,32,19.4,6.74,0.0,-0.3735,0.9276,13.0,15.2,15.2,station
2024-12-09,1.4,1.9,1.0,1.8,2.5,2.8,1.5,2.9,1.1,3.5,1.72,0.56,-0.64,54,78,14.7,3.37,0.7,-0.3575,0.9339,0.7,1.0,1.0,station
2024-12-10,0.5,0.1,1.2,1.5,1.9,0.5,-0.5,1.9,1.1,2.2,1.04,0.73,0.0,47,42,19.1,9.13,0.0,-0.3413,0.9399,0.7,1.7,1.7,station
2024-12-11,9.0,7.4,10.3,9.7,10.0,8.9,7.6,8.6,9.5,10.0,9.28,1.16,0.36,39,43,20.2,8.29,0.0,-0.3251,0.9457,9.0,10.9,10.9,station
2024-12-12,9.4,8.0,11.7,9.3,11.6,9.3,8.5,9.0,10.3,10.4,10.0,1.6,0.5,39,71,17.6,9.38,0.0,-0.3088,0.9511,9.9,12.4,12.4,station
2024-12-13,7.4,5.3,8.8,8.9,8.9,5.7,4.7,7.0,7.4,7.0,7.86,1.57,1.5,41,47,16.4,9.06,0.0,-0.2924,0.9563,9.3,10.9,10.9,station
2024-12-14,12.1,9.2,14.0,12.2,13.7,12.3,9.4,11.4,13.3,12.4,12.24,1.9,0.48,35,51,20.7,8.8,0.0,-0.2759,0.9612,12.1,15.0,15.0,station
2024-12-15,9.9,11.5,11.5,10.8,11.8,9.7,11.1,11.8,11.3,12.4,11.1,0.76,-0.16,35,19,22.2,9.33,0.0,-0.2593,0.9658,10.6,12.8,12.8,station
2024-12-16,6.4,5.5,10.8,6.2,12.0,6.1,5.8,9.7,7.6,11.1,8.18,2.99,0.12,41,34,18.1,9.31,0.0,-0.2427,0.9701,8.9,7.5,7.5,station
2024-12-17,9.7,8.6,11.3,10.4,11.7,9.5,7.3,11.2,11.6,12.5,10.34,1.25,-0.08,42,76,24.9,8.53,0.1,-0.226,0.9741,10.5,11.1,11.1,station
2024-12-18,12.3,8.0,13.2,13.7,14.1,11.1,7.9,9.8,12.8,13.9,12.26,2.47,1.16,48,73,22.6,6.96,0.0,-0.2092,0.9779,11.5,10.8,10.8,station
2024-12-19,12.9,11.8,14.7,12.2,13.9,13.3,8.7,13.0,11.5,14.2,13.1,1.2,0.96,32,75,18.2,9.32,0.0,-0.1923,0.9813,14.4,16.3,16.3,station
2024-12-20,15.7,12.6,16.6,15.2,16.7,13.8,12.1,13.3,14.5,16.2,15.36,1.67,1.38,27,38,18.4,9.48,0.0,-0.1754,0.9845,17.2,19.4,19.4,station
2024-12-21,15.2,13.3,16.5,15.9,16.5,14.9,13.2,14.0,15.4,15.5,15.48,1.33,0.88,24,39,15.0,9.32,0.0,-0.1585,0.9874,16.1,17.9,17.9,station
2024-12-22,15.6,14.5,15.5,16.2,16.9,14.9,15.1,15.0,16.7,15.9,15.74,0.89,0.22,23,96,17.6,7.19,0.0,-0.1414,0.9899,16.0,16.7,16.7,station
2024-12-23,12.4,9.9,14.1,13.6,12.3,11.1,9.7,10.5,12.1,13.9,12.46,1.63,1.0,44,91,9.2,5.48,0.0,-0.1244,0.9922,11.3,9.7,9.7,station
2024-12-24,11.7,8.4,8.5,11.2,12.1,10.9,7.6,10.2,10.2,11.4,10.38,1.79,0.32,54,30,17.7,9.3,0.0,-0.1073,0.9942,11.4,12.1,12.1,station
2024-12-25,8.2,5.9,10.5,7.9,8.9,8.3,5.7,8.3,6.0,8.1,8.28,1.67,1.0,65,87,21.1,7.29,4.1,-0.0902,0.9959,9.0,9.4,9.4,station
2024-12-26,10.4,7.3,10.6,10.7,11.6,10.5,7.0,9.8,9.6,10.4,10.12,1.64,0.66,63,52,14.6,8.63,0.0,-0.073,0.9973,9.9,9.4,9.4,station
2024-12-27,7.6,6.9,7.8,8.7,7.9,8.2,7.5,10.3,9.8,8.0,7.78,0.65,-0.98,41,60,16.3,7.03,0.0,-0.0559,0.9984,7.3,9.4,9.4,station
2024-12-28,10.4,8.6,10.5,10.2,11.0,10.9,8.7,10.2,10.2,11.2,10.14,0.91,-0.1,42,74,15.0,7.33,0.0,-0.0387,0.9993,11.2,10.6,10.6,station
2024-12-29,15.7,10.9,13.5,13.4,15.1,16.0,10.3,12.0,12.9,15.8,13.72,1.87,0.32,40,61,15.0,7.98,0.0,-0.0215,0.9998,15.7,15.0,15.0,station
2024-12-30,8.0,7.1,6.1,6.7,7.1,6.3,7.7,6.9,5.9,6.5,7.0,0.69,0.34,33,39,32.0,9.57,0.0,-0.0043,1.0,8.1,8.1,8.1,station
2024-12-31,1.2,-1.3,0.5,0.8,1.8,1.2,-1.4,1.3,1.3,1.6,0.6,1.17,-0.2,53,46,11.8,8.6,0.3,0.0129,0.9999,0.3,,,
2025-01-01,5.7,0.9,4.8,5.3,5.0,4.4,0.5,2.4,4.1,6.3,4.34,1.95,0.8,50,65,12.9,9.03,0.0,0.0172,0.9999,5.7,6.7,6.7,station
2025-01-02,8.0,4.0,10.1,8.6,10.0,8.1,4.5,7.9,5.1,8.5,8.14,2.48,1.32,46,79,11.6,7.79,0.0,0.0344,0.9994,9.0,10.8,10.8,station
2025-01-03,10.8,7.3,13.6,9.7,15.2,13.9,7.8,9.3,13.6,15.3,11.32,3.13,-0.66,49,84,15.9,8.58,0.0,0.0516,0.9987,11.9,12.8,12.8,station
2025-01-04,1.3,-2.4,11.6,-1.0,0.7,2.8,-0.9,5.7,1.3,2.9,2.04,5.54,-0.32,79,79,18.0,7.83,2.3,0.0688,0.9976,2.0,-4.6,-4.6,station
2025-01-05,-4.3,-5.8,-1.0,-4.3,-2.3,-4.1,-4.9,-4.6,-2.7,-1.2,-3.54,1.89,-0.04,72,68,9.9,7.83,0.4,0.0859,0.9963,-3.1,-1.4,-1.4,station
2025-01-06,1.6,-1.4,3.3,0.9,3.1,0.7,0.6,3.5,1.8,4.3,1.5,1.91,-0.68,65,54,12.6,8.07,0.0,0.103,0.9947,2.4,4.3,4.3,station
2025-01-07,-4.0,-3.9,-3.9,-3.9,-4.7,-4.8,-3.9,-2.9,-4.9,-4.6,-4.08,0.35,0.14,87,84,12.5,5.13,4.3,0.1201,0.9928,-3.5,-3.9,-3.9,station
2025-01-08,0.5,-1.8,5.5,3.7,4.1,-0.9,-2.6,3.4,0.9,2.5,2.4,2.98,1.74,61,16,18.1,10.62,0.0,0.1372,0.9905,0.6,5.9,5.9,station
2025-01-09,-3.6,-2.9,-2.3,-2.7,-1.8,-3.2,-2.5,-2.1,-1.5,-2.6,-2.66,0.67,-0.28,74,91,24.5,6.47,3.1,0.1542,0.988,-3.6,-2.2,-2.2,station
2025-01-10,-0.1,0.6,4.1,2.9,4.9,-0.4,-0.1,2.0,3.2,3.8,2.48,2.17,0.78,59,14,20.8,10.65,0.0,0.1712,0.9852,0.5,4.8,4.8,station
2025-01-11,1.8,1.5,4.9,1.3,3.2,1.3,1.4,2.2,2.1,3.0,2.54,1.51,0.54,64,44,20.0,9.23,0.0,0.1881,0.9821,1.8,5.3,5.3,station
2025-01-12,-1.2,-1.1,1.4,0.9,1.5,-1.8,-1.8,0.9,1.1,0.9,0.3,1.34,0.44,57,16,10.0,10.51,0.0,0.205,0.9788,-0.5,2.8,2.8,station
2025-01-13,-0.7,-1.9,1.7,1.0,2.1,-1.7,-1.7,1.3,-0.0,1.6,0.44,1.69,0.54,57,1,13.3,10.56,0.0,0.2218,0.9751,-0.9,2.0,2.0,station
2025-01-14,2.1,0.5,2.0,1.8,1.8,2.0,1.2,2.7,1.7,1.6,1.64,0.65,-0.2,53,32,15.4,10.5,0.0,0.2385,0.9711,-0.5,3.1,3.1,station
2025-01-15,7.9,3.4,9.4,7.8,8.0,7.6,4.5,6.5,7.6,7.7,7.3,2.28,0.52,50,0,17.8,10.48,0.0,0.2552,0.9669,4.4,9.0,9.0,station
2025-01-16,13.5,9.1,16.6,14.0,13.1,12.8,7.6,10.4,13.0,12.7,13.26,2.7,1.96,46,2,15.6,10.68,0.0,0.2718,0.9624,13.7,16.8,16.8,station
2025-01-17,7.1,3.3,9.6,5.5,8.4,7.6,4.4,4.9,3.9,6.4,6.78,2.47,1.34,47,38,24.1,9.96,1.9,0.2883,0.9575,9.1,10.7,10.7,station
2025-01-18,-5.7,-7.1,-10.2,-7.6,-5.7,-5.5,-4.9,-6.0,-7.9,-5.6,-7.26,1.85,-1.28,78,94,14.6,7.44,4.8,0.3047,0.9524,-7.3,-9.2,-9.2,station
2025-01-19,-11.2,-11.0,-5.2,-7.1,-6.0,-12.8,-10.6,-6.5,-7.6,-6.3,-8.1,2.82,0.66,68,61,15.1,10.35,0.3,0.3211,0.9471,-8.8,-7.0,-7.0,station
2025-01-20,-12.9,-12.5,-13.6,-13.2,-13.1,-15.4,-12.1,-9.6,-14.3,-13.1,-13.06,0.4,-0.16,72,52,17.8,11.33,1.1,0.3373,0.9414,-13.7,-13.3,-13.3,station
2025-01-21,1.1,0.7,5.9,3.3,4.2,1.3,1.9,3.3,3.2,3.5,3.04,2.17,0.4,50,32,22.9,9.88,0.0,0.3534,0.9355,0.9,6.4,6.4,station
2025-01-22,-3.0,-1.7,-1.8,-3.1,-2.1,-3.3,-1.4,-1.4,-3.0,-2.2,-2.34,0.67,-0.08,51,56,22.7,9.99,0.0,0.3695,0.9292,-3.7,-0.7,-0.7,station
2025-01-23,-3.3,-4.6,0.2,-0.8,-0.9,-3.0,-3.4,-2.3,-1.3,-1.2,-1.88,1.99,0.36,51,23,18.9,12.08,0.0,0.3854,0.9227,-3.8,-1.8,-1.8,station
2025-01-24,4.0,3.8,9.5,7.3,7.9,6.0,5.1,4.1,8.8,7.2,6.5,2.51,0.26,54,70,21.3,11.33,0.0,0.4012,0.916,5.4,9.4,9.4,station
2025-01-25,-5.2,-4.4,-2.6,-4.5,-5.6,-5.8,-4.2,-5.6,-3.9,-6.0,-4.46,1.15,0.64,81,99,13.2,5.42,2.4,0.4169,0.9089,-5.0,-3.3,-3.3,station
2025-01-26,-6.0,-6.5,-5.5,-5.3,-3.2,-6.5,-5.7,-2.5,-6.1,-4.5,-5.3,1.26,-0.24,81,64,11.7,8.83,0.0,0.4325,0.9016,-5.1,-3.9,-3.9,station
2025-01-27,6.0,3.1,8.1,5.5,8.8,4.9,3.6,4.5,3.1,7.4,6.3,2.26,1.6,56,0,16.8,12.74,0.0,0.4479,0.8941,5.3,10.7,10.7,station
2025-01-28,6.2,2.9,9.5,6.1,8.9,6.1,3.2,5.2,5.7,8.6,6.72,2.63,0.96,49,1,16.2,12.62,0.0,0.4633,0.8862,6.8,10.2,10.2,station
2025-01-29,5.0,4.4,9.2,6.6,10.3,7.7,3.8,5.3,7.0,8.7,7.1,2.58,0.6,50,18,7.2,12.43,0.0,0.4784,0.8781,4.6,9.3,9.3,station
2025-01-30,6.2,4.5,4.4,7.5,7.3,6.8,5.6,1.3,8.9,8.2,5.98,1.48,-0.18,60,54,19.5,12.0,4.4,0.4935,0.8698,3.8,7.2,7.2,station
2025-01-31,10.7,10.4,14.1,13.5,13.1,14.2,11.2,10.0,13.6,15.8,12.36,1.69,-0.6,46,33,22.3,13.0,0.0,0.5084,0.8611,8.3,15.2,15.2,station
2025-02-01,13.8,10.8,14.1,12.8,13.5,12.2,11.1,9.5,12.9,12.0,13.0,1.32,1.46,33,95,22.5,10.53,0.0,0.5231,0.8523,13.8,13.5,13.5,station
2025-02-02,17.7,14.7,19.4,18.3,19.8,17.8,14.3,11.5,17.7,17.7,17.98,2.02,2.18,44,86,15.0,11.69,0.0,0.5377,0.8432,19.0,19.8,19.8,station
2025-02-03,20.7,17.2,22.0,20.6,21.1,20.9,17.6,17.3,21.4,21.2,20.32,1.83,0.64,34,39,21.8,12.79,0.0,0.5521,0.8338,21.1,20.6,20.6,station
2025-02-04,13.8,5.3,18.5,8.5,10.6,17.5,5.9,16.3,12.9,16.5,11.34,5.06,-2.48,58,82,12.4,10.07,0.0,0.5664,0.8242,8.5,5.0,5.0,station
2025-02-05,17.6,16.1,16.9,15.9,17.7,18.2,16.5,17.3,16.6,18.9,16.84,0.83,-0.66,39,10,29.8,12.99,0.0,0.5805,0.8143,16.6,18.0,18.0,station
2025-02-06,10.5,7.7,13.4,10.7,10.7,11.0,8.0,12.6,9.7,11.5,10.6,2.02,0.04,52,12,22.9,13.26,0.0,0.5944,0.8042,11.8,11.1,11.1,station
2025-02-07,18.2,15.8,19.3,18.9,16.2,18.0,16.0,16.5,16.4,14.8,17.68,1.59,1.34,37,14,27.1,13.51,0.0,0.6081,0.7938,17.6,19.4,19.4,station
2025-02-08,8.7,2.3,6.8,7.7,1.8,8.8,2.5,9.5,8.3,2.8,5.46,3.19,-0.92,64,69,21.7,10.04,1.0,0.6217,0.7833,6.2,6.1,6.1,station
2025-02-09,2.2,1.1,3.2,2.2,2.9,0.6,1.0,2.5,1.7,2.1,2.32,0.81,0.74,55,50,18.2,12.42,0.6,0.6351,0.7725,2.2,4.2,4.2,station
2025-02-10,1.7,-2.7,2.7,1.9,1.0,1.0,-3.3,1.2,1.0,-0.5,0.92,2.11,1.04,52,68,18.7,12.53,0.0,0.6483,0.7614,1.1,0.8,0.8,station
2025-02-11,-6.5,-9.9,-5.6,-8.1,-4.0,-7.0,-10.8,-1.6,-8.4,-7.4,-6.82,2.27,0.22,65,99,19.7,8.27,0.8,0.6613,0.7502,-5.4,-9.6,-9.6,station
2025-02-12,-11.3,-13.3,-9.8,-12.7,-10.4,-11.5,-13.3,-8.2,-13.9,-9.3,-11.5,1.48,-0.26,78,81,16.6,15.33,1.3,0.6741,0.7387,-13.2,-12.8,-12.8,station
2025-02-13,-1.2,-6.0,7.5,2.8,7.1,0.2,-1.9,5.0,2.8,5.9,2.04,5.73,-0.36,59,52,27.2,15.55,0.0,0.6867,0.727,0.6,7.6,7.6,station
2025-02-14,11.8,3.4,14.1,11.5,12.6,12.7,3.1,8.6,9.0,13.1,10.68,4.19,1.38,57,96,31.4,10.05,3.5,0.6991,0.715,11.8,12.1,12.1,station
2025-02-15,-0.9,-0.9,5.0,-0.8,-1.4,-0.2,-1.6,0.5,-1.6,-2.1,0.2,2.69,1.2,87,81,18.4,4.43,1.3,0.7113,0.7029,-0.7,-0.3,-0.3,station
2025-02-16,2.3,-3.4,8.4,1.6,8.7,3.1,-0.8,5.6,4.6,8.0,3.52,5.09,-0.58,61,53,18.6,14.36,0.0,0.7233,0.6906,7.2,6.0,6.0,station
2025-02-17,0.9,-4.0,10.4,-0.7,1.5,-0.4,-4.2,9.4,6.5,3.3,1.62,5.35,-1.3,76,82,14.4,12.42,1.0,0.735,0.678,1.3,0.0,0.0,station
2025-02-18,-5.9,-10.9,3.4,-4.6,-2.9,-5.2,-12.0,-1.7,-8.7,-3.3,-4.18,5.18,2.0,67,72,12.0,13.54,0.0,0.7466,0.6653,-3.6,-9.7,-9.7,station
2025-02-19,-5.6,-9.7,-3.6,-8.0,-4.9,-7.4,-8.4,-0.1,-5.4,-3.5,-6.36,2.46,-1.4,55,76,12.4,15.29,0.1,0.7579,0.6523,-2.4,-3.0,-3.0,station
2025-02-20,-3.0,-5.2,0.8,-5.0,-2.4,-1.9,-3.5,2.6,-5.5,-3.6,-2.96,2.43,-0.58,65,59,11.2,13.8,3.2,0.769,0.6392,-1.4,-2.9,-2.9,station
2025-02-21,1.3,1.2,5.6,0.2,4.2,1.4,2.6,4.2,-0.1,4.2,2.5,2.29,0.04,81,45,14.7,15.97,4.1,0.7799,0.6259,0.2,2.9,2.9,station
2025-02-22,7.3,7.4,13.3,9.6,11.9,8.4,6.1,8.6,7.7,12.0,9.9,2.68,1.34,57,6,15.0,17.51,0.0,0.7906,0.6124,7.9,13.9,13.9,station
2025-02-23,14.9,15.7,17.6,16.8,15.2,15.8,13.7,12.5,16.2,14.6,16.04,1.13,1.48,41,31,23.3,17.06,0.0,0.801,0.5987,14.7,18.3,18.3,station
2025-02-24,16.2,18.4,18.4,17.4,16.3,15.6,18.3,15.5,16.9,15.8,17.34,1.08,0.92,36,67,22.0,15.16,0.0,0.8112,0.5848,18.0,18.9,18.9,station
2025-02-25,17.0,19.3,18.2,18.0,18.5,17.6,17.9,17.4,17.5,17.7,18.2,0.83,0.58,31,37,26.0,16.6,0.0,0.8211,0.5708,18.6,19.7,19.7,station
2025-02-26,8.2,8.0,7.9,7.6,8.3,7.3,8.0,7.3,7.3,8.2,8.0,0.27,0.38,37,10,17.6,16.79,0.0,0.8308,0.5566,7.9,8.3,8.3,station
2025-02-27,15.4,15.8,14.7,16.1,15.6,15.9,15.6,15.1,15.3,14.9,15.52,0.53,0.16,29,0,15.8,17.64,0.0,0.8402,0.5422,16.3,17.2,17.2,station
2025-02-28,16.4,18.2,15.7,15.8,16.1,17.0,17.7,11.9,14.0,15.4,16.44,1.02,1.24,23,0,18.1,17.76,0.0,0.8495,0.5277,16.9,17.4,17.4,station
2025-03-01,17.0,19.3,17.2,16.6,17.4,16.6,18.4,16.0,16.1,16.5,17.5,1.05,0.78,26,12,18.6,18.03,0.0,0.8584,0.513,17.4,18.5,18.5,station
2025-03-02,18.0,20.0,18.9,17.7,18.1,17.2,19.5,15.3,12.9,17.6,18.54,0.93,2.04,25,48,12.2,16.97,0.0,0.8671,0.4981,18.0,19.1,19.1,station
2025-03-03,15.5,15.8,15.3,14.6,16.3,17.2,15.2,12.4,14.0,16.6,15.5,0.63,0.42,40,66,29.5,16.84,5.0,0.8755,0.4831,17.0,17.1,17.1,station
2025-03-04,6.4,4.9,4.3,5.7,8.2,5.8,4.5,4.1,5.2,7.9,5.9,1.51,0.4,57,79,34.8,15.74,1.0,0.8837,0.468,6.3,6.5,6.5,station
2025-03-05,10.7,11.1,11.7,10.3,11.9,10.7,10.4,10.0,10.2,11.5,11.14,0.67,0.58,48,44,20.7,18.3,0.0,0.8916,0.4527,10.6,10.8,10.8,station
2025-03-06,9.7,6.9,13.9,7.9,10.7,11.2,7.9,14.8,5.7,10.7,9.82,2.72,-0.24,61,76,19.7,17.0,4.2,0.8993,0.4373,15.3,12.1,12.1,station
2025-03-07,1.1,-0.0,2.5,0.8,2.1,2.9,1.2,3.9,-0.0,-0.2,1.3,1.01,-0.26,74,85,13.1,11.62,0.1,0.9067,0.4218,2.4,0.0,0.0,station
2025-03-08,8.1,9.0,8.1,8.8,8.0,7.2,9.2,7.9,8.8,7.7,8.4,0.46,0.24,53,5,12.5,19.2,0.0,0.9138,0.4061,8.3,9.8,9.8,station
2025-03-09,18.3,19.9,17.4,17.0,17.2,17.5,19.0,16.8,17.2,15.9,17.96,1.19,0.68,26,1,19.6,19.32,0.0,0.9207,0.3904,18.0,18.9,18.9,station
2025-03-10,20.3,23.3,21.2,20.2,19.7,20.0,22.9,18.8,19.0,18.5,20.94,1.43,1.1,20,40,18.8,19.75,0.0,0.9272,0.3745,20.2,21.3,21.3,station
2025-03-11,19.1,18.9,19.1,18.3,19.0,19.3,19.1,17.0,18.2,18.0,18.88,0.33,0.56,19,75,17.0,18.74,0.0,0.9335,0.3585,19.1,19.0,19.0,station
2025-03-12,17.1,19.6,16.6,17.0,17.0,17.4,19.2,15.6,16.6,16.9,17.46,1.21,0.32,23,21,14.7,19.2,0.0,0.9396,0.3424,17.5,17.4,17.4,station
2025-03-13,18.1,19.4,19.3,17.4,17.9,18.2,19.2,17.3,17.8,17.9,18.42,0.89,0.34,28,30,24.9,20.15,0.0,0.9453,0.3261,17.7,18.7,18.7,station
2025-03-14,9.9,8.1,10.0,9.2,10.9,9.3,8.0,9.5,10.0,8.0,9.62,1.04,0.66,41,90,24.5,12.68,3.2,0.9508,0.3098,9.0,11.3,11.3,station
2025-03-15,7.2,7.0,6.9,7.2,8.5,7.1,7.2,7.8,6.9,9.0,7.36,0.65,-0.24,38,50,20.3,15.73,0.0,0.956,0.2934,6.8,6.4,6.4,station
2025-03-16,15.4,16.4,15.1,15.7,15.5,15.2,16.3,14.3,15.1,14.7,15.62,0.49,0.5,27,27,22.0,20.64,0.0,0.9609,0.2769,15.7,15.8,15.8,station
2025-03-17,20.8,21.8,21.2,20.9,20.7,20.9,21.4,20.0,22.0,20.6,21.08,0.44,0.1,16,58,28.2,20.31,0.0,0.9655,0.2604,20.4,22.2,22.2,station
2025-03-18,15.1,15.6,14.1,16.4,16.2,15.0,15.6,14.7,16.5,15.5,15.48,0.93,0.02,35,46,36.4,16.46,3.0,0.9698,0.2437,16.5,17.2,17.2,station
2025-03-19,4.8,5.2,4.2,5.9,5.4,5.3,5.2,5.0,5.4,5.4,5.1,0.64,-0.16,44,80,27.7,16.2,1.3,0.9739,0.227,5.2,5.7,5.7,station
2025-03-20,14.5,13.1,13.9,13.3,13.3,14.3,13.3,12.6,14.0,12.6,13.62,0.58,0.26,23,55,23.0,18.08,0.0,0.9777,0.2102,14.4,13.5,13.5,station
2025-03-21,11.8,12.8,12.3,12.4,12.6,12.8,13.0,11.5,11.6,11.5,12.38,0.38,0.3,25,79,27.9,19.92,0.0,0.9811,0.1934,11.8,11.8,11.8,station
2025-03-22,15.8,15.9,15.9,15.7,16.4,16.0,16.3,16.1,15.8,17.2,15.94,0.27,-0.34,27,70,27.1,20.42,0.0,0.9843,0.1765,16.7,17.5,17.5,station
2025-03-23,14.5,14.9,14.5,15.5,15.4,15.0,15.0,15.5,14.6,14.6,14.96,0.48,0.02,36,57,24.8,21.27,0.0,0.9872,0.1595,13.9,16.4,16.4,station
2025-03-24,20.1,21.8,20.4,19.5,20.7,18.8,21.7,19.7,19.4,20.7,20.5,0.85,0.44,32,76,28.7,20.31,0.0,0.9898,0.1425,20.9,20.6,20.6,station
2025-03-25,19.5,21.0,20.2,19.5,20.4,19.5,19.7,18.9,19.3,19.5,20.12,0.64,0.74,34,39,17.4,20.19,0.0,0.9921,0.1255,19.0,20.0,20.0,station
2025-03-26,23.2,25.0,23.6,22.9,22.9,23.2,24.3,22.6,22.7,23.0,23.52,0.88,0.36,32,11,12.8,22.61,0.0,0.9941,0.1084,22.9,23.3,23.3,station
2025-03-27,24.5,25.8,24.5,24.4,24.0,24.1,25.8,23.1,23.7,23.9,24.64,0.68,0.52,25,47,16.6,18.96,0.0,0.9958,0.0913,24.5,22.5,22.5,station
2025-03-28,23.7,23.6,24.2,23.1,22.8,24.2,23.1,20.3,22.6,23.2,23.48,0.54,0.8,24,85,21.7,17.61,0.5,0.9972,0.0741,24.0,23.7,23.7,station
2025-03-29,14.6,9.9,14.5,15.7,15.2,11.5,10.5,11.7,14.3,16.1,13.98,2.33,1.16,77,96,19.2,16.98,21.1,0.9984,0.057,14.9,15.0,15.0,station
2025-03-30,11.5,6.8,8.7,10.8,8.9,11.3,4.9,3.4,9.4,8.1,9.34,1.86,1.92,78,98,13.6,15.92,6.3,0.9992,0.0398,12.0,10.3,10.3,station
2025-03-31,15.8,13.1,17.9,13.7,15.2,14.7,13.5,15.6,15.4,15.4,15.14,1.89,0.22,60,65,20.4,18.57,0.2,0.9997,0.0226,16.6,16.0,16.0,station
2025-04-01,12.3,7.0,10.3,11.7,9.5,13.8,7.3,12.8,13.5,9.1,10.16,2.09,-1.14,66,66,24.0,17.07,2.9,1.0,0.0054,12.5,10.0,10.0,station
2025-04-02,8.1,8.5,7.7,8.3,6.8,8.6,8.4,8.6,8.5,8.1,7.88,0.67,-0.56,41,69,21.5,21.0,0.8,0.9999,-0.0118,8.2,9.6,9.6,station
2025-04-03,6.7,5.1,4.6,4.8,3.9,4.4,5.0,3.2,2.3,4.1,5.02,1.04,1.22,62,87,14.6,12.02,2.3,0.9996,-0.029,5.7,4.8,4.8,station
2025-04-04,2.0,1.8,5.4,3.8,1.8,4.1,2.9,4.3,3.8,2.4,2.96,1.6,-0.54,78,94,25.4,12.73,1.8,0.9989,-0.0462,5.4,4.0,4.0,station
2025-04-05,5.2,3.9,4.4,4.8,6.0,5.4,4.8,6.0,4.9,5.4,4.86,0.8,-0.44,63,68,11.4,17.58,0.0,0.998,-0.0634,4.2,4.1,4.1,station
2025-04-06,11.9,14.1,13.6,11.8,12.4,12.1,13.5,12.4,11.5,12.9,12.76,1.04,0.28,43,37,17.8,24.41,0.0,0.9968,-0.0805,12.4,13.5,13.5,station
2025-04-07,17.3,19.6,17.9,18.3,17.8,17.1,19.3,18.4,16.1,17.0,18.18,0.87,0.6,42,3,14.9,24.78,0.0,0.9952,-0.0977,17.1,18.2,18.2,station
2025-04-08,20.1,22.9,22.8,20.5,21.1,20.7,22.8,20.4,20.0,20.9,21.48,1.3,0.52,31,82,20.1,19.04,0.0,0.9934,-0.1148,21.6,22.0,22.0,station
2025-04-09,20.8,22.3,21.5,21.4,21.0,20.7,21.6,19.7,20.7,20.6,21.4,0.58,0.74,30,45,25.2,24.62,0.0,0.9913,-0.1319,21.3,21.7,21.7,station
2025-04-10,18.8,20.4,19.2,19.5,20.0,18.1,20.5,16.8,19.6,20.5,19.58,0.63,0.48,30,8,14.8,25.1,0.0,0.9889,-0.1489,18.8,19.6,19.6,station
2025-04-11,26.3,27.9,25.7,25.8,25.3,26.1,27.5,24.3,25.6,25.7,26.2,1.01,0.36,21,19,21.2,25.75,0.0,0.9861,-0.1659,25.9,26.0,26.0,station
2025-04-12,28.9,30.1,29.5,29.1,28.0,29.9,29.7,27.7,28.7,27.5,29.12,0.78,0.42,13,59,26.2,24.83,0.0,0.9831,-0.1828,29.3,28.9,28.9,station
2025-04-13,19.1,18.3,21.9,19.9,22.0,20.8,19.4,21.2,18.0,22.2,20.24,1.66,-0.08,31,74,25.0,22.71,0.5,0.9799,-0.1997,19.6,18.9,18.9,station
2025-04-14,12.6,13.3,14.2,13.1,13.5,12.6,14.1,17.3,14.6,12.8,13.34,0.59,-0.94,48,46,15.4,21.9,0.6,0.9763,-0.2165,12.9,12.6,12.6,station
2025-04-15,22.2,21.5,22.0,20.3,21.2,22.4,21.9,20.7,21.7,20.8,21.44,0.75,-0.06,37,23,14.4,25.66,0.0,0.9724,-0.2333,21.2,21.7,21.7,station
2025-04-16,23.6,24.6,24.9,22.1,22.9,23.0,24.3,22.1,21.8,22.0,23.62,1.16,0.98,29,57,16.5,21.62,0.4,0.9683,-0.25,23.9,24.6,24.6,station
2025-04-17,21.9,17.9,22.4,23.3,22.4,22.1,17.7,22.1,22.8,21.5,21.58,2.12,0.34,36,44,29.1,26.45,0.1,0.9638,-0.2666,23.6,24.0,24.0,station
2025-04-18,3.6,0.4,2.1,2.1,2.0,1.7,-0.2,3.4,1.8,2.7,2.04,1.13,0.16,73,100,13.8,7.76,4.9,0.9591,-0.2831,1.9,0.7,0.7,station
2025-04-19,8.4,7.6,7.6,8.7,7.6,7.7,7.9,5.9,7.4,6.4,7.98,0.53,0.92,64,69,12.7,21.71,0.3,0.9541,-0.2996,8.7,7.2,7.2,station
2025-04-20,15.8,16.4,16.6,14.1,15.3,15.3,16.5,15.7,15.5,15.4,15.64,1.0,-0.04,50,19,16.8,24.38,0.0,0.9488,-0.316,15.1,16.3,16.3,station
2025-04-21,19.7,21.4,22.4,20.0,19.7,19.7,20.6,20.8,20.4,19.7,20.64,1.21,0.4,35,18,21.7,24.49,0.0,0.9432,-0.3322,20.1,23.2,23.2,station
2025-04-22,19.9,20.9,22.7,21.1,21.4,18.8,20.4,19.3,20.5,20.7,21.2,1.01,1.26,33,39,15.3,24.4,0.0,0.9373,-0.3484,20.9,22.0,22.0,station
2025-04-23,18.3,15.2,21.5,17.7,21.1,21.1,15.7,22.7,20.9,21.6,18.76,2.6,-1.64,56,52,13.9,23.13,1.4,0.9312,-0.3645,18.4,17.8,17.8,station
2025-04-24,17.2,16.9,22.4,18.8,19.2,17.6,17.1,19.7,20.9,18.3,18.9,2.19,0.18,73,56,23.6,19.74,6.7,0.9248,-0.3804,19.8,19.7,19.7,station
2025-04-25,12.6,8.4,11.0,13.1,10.3,15.3,9.1,14.5,14.0,14.0,11.08,1.88,-2.3,76,99,23.0,10.65,1.2,0.9181,-0.3963,14.5,14.1,14.1,station
2025-04-26,21.9,20.4,20.6,22.6,22.0,21.8,20.3,21.2,22.0,20.4,21.5,0.95,0.36,60,30,25.1,24.4,0.2,0.9112,-0.412,22.4,25.6,25.6,station
2025-04-27,24.1,24.9,27.4,25.4,24.2,25.3,25.4,25.5,26.6,24.3,25.2,1.34,-0.22,38,37,23.8,25.68,0.2,0.9039,-0.4276,24.8,26.8,26.8,station
2025-04-28,17.1,16.6,17.9,17.7,17.2,16.1,14.8,16.7,17.2,16.6,17.3,0.51,1.02,46,41,21.0,23.09,0.6,0.8965,-0.4431,17.0,17.8,17.8,station
2025-04-29,17.1,16.2,18.7,17.9,19.0,16.7,16.4,17.6,17.4,18.9,17.78,1.15,0.38,56,35,20.9,23.41,0.3,0.8887,-0.4585,16.7,17.2,17.2,station
2025-04-30,19.9,18.9,20.5,19.8,20.0,19.8,19.4,19.7,19.6,20.3,19.82,0.58,0.06,48,38,19.7,24.89,3.4,0.8807,-0.4737,19.6,21.8,21.8,station
2025-05-01,15.2,12.9,14.1,14.2,14.7,14.4,12.0,13.8,13.8,14.6,14.22,0.86,0.5,68,82,23.3,22.39,2.6,0.8724,-0.4888,14.9,14.3,14.3,station
2025-05-02,15.8,16.9,16.1,16.1,14.8,16.6,17.5,17.1,15.7,15.3,15.94,0.76,-0.5,52,12,17.5,28.67,0.0,0.8639,-0.5037,15.9,17.2,17.2,station
2025-05-03,21.6,23.6,23.3,22.2,22.8,21.9,23.7,23.0,22.3,21.7,22.7,0.81,0.18,29,2,21.3,28.87,0.0,0.8551,-0.5185,22.1,24.3,24.3,station
2025-05-04,23.6,23.4,24.5,23.7,23.3,23.4,23.0,22.5,22.7,22.4,23.7,0.47,0.9,31,38,29.0,27.1,0.0,0.846,-0.5331,23.7,25.6,25.6,station
2025-05-05,18.3,17.3,17.6,17.2,18.6,14.4,15.8,11.4,15.1,14.4,17.8,0.62,3.58,59,90,35.4,18.84,0.6,0.8367,-0.5476,15.8,11.8,11.8,station
2025-05-06,9.1,8.6,9.5,9.3,12.9,9.5,9.0,8.3,10.3,10.4,9.88,1.72,0.38,88,98,28.1,5.0,18.8,0.8272,-0.5619,9.0,9.8,9.8,station
2025-05-07,11.8,11.7,11.3,12.5,13.1,13.0,12.8,13.7,13.6,15.7,12.08,0.72,-1.68,87,83,19.8,12.92,14.6,0.8174,-0.5761,12.0,12.6,12.6,station
2025-05-08,17.5,18.8,17.4,16.9,18.3,17.9,19.4,18.9,17.7,18.3,17.78,0.76,-0.66,63,10,16.0,28.19,0.0,0.8074,-0.59,17.7,19.4,19.4,station
2025-05-09,21.1,21.7,22.0,20.8,21.2,20.6,21.3,22.3,19.7,21.4,21.36,0.48,0.3,50,39,13.9,27.27,0.0,0.7971,-0.6038,21.0,22.1,22.1,station
2025-05-10,23.8,25.0,24.1,23.3,24.9,23.3,24.5,24.4,23.2,24.3,24.22,0.73,0.28,45,1,24.0,28.98,0.0,0.7866,-0.6175,23.7,25.0,25.0,station
2025-05-11,27.0,27.5,28.0,27.5,27.4,26.7,27.2,26.2,27.0,27.2,27.48,0.36,0.62,34,23,26.7,26.91,0.2,0.7759,-0.6309,26.8,28.2,28.2,station
2025-05-12,28.1,30.1,28.9,28.2,28.2,28.5,30.0,28.7,28.3,28.0,28.7,0.85,0.0,25,25,18.4,28.44,0.0,0.7649,-0.6442,28.0,28.9,28.9,station
2025-05-13,30.1,30.1,29.6,28.9,28.0,28.9,29.2,26.2,29.6,28.0,29.34,0.9,0.96,19,50,19.0,28.6,0.0,0.7537,-0.6572,28.9,29.4,29.4,station
2025-05-14,24.1,19.8,24.4,23.7,23.6,23.6,20.3,22.2,23.3,25.7,23.12,1.88,0.1,42,40,23.2,23.26,4.2,0.7423,-0.6701,22.4,21.1,21.1,station
2025-05-15,19.4,18.6,18.9,18.6,17.9,19.7,18.7,19.0,19.3,19.2,18.68,0.54,-0.5,36,44,23.1,28.23,0.1,0.7306,-0.6828,18.6,20.0,20.0,station
2025-05-16,20.8,20.7,21.0,19.2,20.6,20.4,20.7,19.9,19.9,21.0,20.46,0.72,0.08,34,44,20.2,26.6,0.0,0.7188,-0.6952,20.4,20.6,20.6,station
2025-05-17,22.1,21.8,23.5,21.3,21.6,22.0,21.2,22.8,21.0,20.5,22.06,0.86,0.56,35,70,20.2,21.28,0.5,0.7067,-0.7075,22.1,22.5,22.5,station
2025-05-18,21.8,18.4,22.6,23.5,20.3,22.1,19.1,22.1,21.6,19.5,21.32,2.01,0.44,57,76,18.5,24.17,3.8,0.6945,-0.7195,18.7,18.5,18.5,station
2025-05-19,16.2,16.1,16.3,15.3,17.4,15.3,16.4,17.5,17.5,15.2,16.26,0.75,-0.12,51,82,18.6,19.84,2.5,0.682,-0.7314,15.6,15.7,15.7,station
2025-05-20,19.7,20.6,20.3,18.9,20.1,20.2,20.9,20.2,20.3,20.4,19.92,0.66,-0.48,34,9,24.7,29.51,0.1,0.6693,-0.743,20.0,21.0,21.0,station
2025-05-21,22.9,22.4,23.6,22.9,22.6,23.1,22.2,24.8,21.9,21.9,22.88,0.45,0.1,34,32,27.2,29.25,0.0,0.6564,-0.7544,23.8,25.3,25.3,station
2025-05-22,25.1,23.2,26.7,24.9,25.2,25.1,23.2,24.8,22.3,26.3,25.02,1.24,0.68,48,16,30.7,28.26,0.4,0.6433,-0.7656,25.4,25.0,25.0,station
2025-05-23,25.1,25.4,29.9,28.4,28.5,25.0,25.6,28.9,27.0,28.6,27.46,2.11,0.44,54,53,30.2,26.84,0.0,0.6301,-0.7765,25.9,28.7,28.7,station
2025-05-24,22.6,16.9,24.8,23.2,17.7,25.5,17.7,24.6,21.6,25.0,21.04,3.52,-1.84,81,77,19.9,17.94,13.0,0.6166,-0.7873,20.3,20.6,20.6,station
2025-05-25,16.1,15.2,16.1,17.8,15.3,15.1,14.8,19.2,18.3,16.0,16.1,1.04,-0.58,82,97,15.3,11.69,28.7,0.603,-0.7978,16.9,14.6,14.6,station
2025-05-26,15.0,15.0,18.6,15.6,15.8,14.4,16.2,13.0,15.9,16.5,16.0,1.5,0.8,85,88,10.7,16.33,11.8,0.5892,-0.808,15.0,16.1,16.1,station
2025-05-27,20.9,20.5,20.9,21.5,22.5,21.0,21.4,24.3,21.8,22.3,21.26,0.78,-0.9,73,42,12.8,23.81,0.2,0.5752,-0.818,21.0,,,
2025-05-28,17.6,16.8,19.3,15.9,18.2,17.7,17.0,19.9,16.2,17.9,17.56,1.3,-0.18,73,81,17.0,20.88,3.6,0.561,-0.8278,18.7,21.5,21.5,station
2025-05-29,17.2,17.7,16.2,16.3,16.0,18.0,18.6,20.6,16.1,18.2,16.68,0.73,-1.62,74,68,14.2,20.97,2.2,0.5467,-0.8373,18.0,17.4,17.4,station
2025-05-30,25.1,26.7,27.2,24.5,25.9,24.5,25.7,26.6,24.5,24.9,25.88,1.11,0.64,61,28,18.5,25.21,0.6,0.5322,-0.8466,25.3,27.5,27.5,station
2025-05-31,22.2,25.0,25.4,23.5,25.0,23.1,24.3,24.3,23.0,26.8,24.22,1.34,-0.08,66,19,10.8,27.88,0.6,0.5176,-0.8556,23.1,25.6,25.6,station
2025-06-01,27.6,28.0,31.4,29.2,29.3,28.2,28.2,29.8,28.8,30.0,29.1,1.48,0.1,51,22,17.3,28.3,0.0,0.5028,-0.8644,29.2,30.3,30.3,station
2025-06-02,29.2,25.8,30.8,29.6,30.1,30.6,26.6,24.8,30.7,31.0,29.1,1.94,0.36,54,83,27.7,20.94,5.7,0.4878,-0.8729,26.1,25.2,25.2,station
2025-06-03,13.5,11.9,14.8,13.7,13.4,14.1,12.0,15.9,14.2,14.2,13.46,1.04,-0.62,79,100,23.3,15.15,13.2,0.4728,-0.8812,14.7,13.0,13.0,station
2025-06-04,19.7,17.8,22.2,20.4,20.6,19.7,17.5,23.4,19.7,19.5,20.14,1.6,0.18,71,83,23.4,22.74,3.5,0.4575,-0.8892,19.6,21.7,21.7,station
2025-06-05,19.3,18.5,20.0,21.4,19.8,19.8,18.3,24.8,21.3,20.4,19.8,1.07,-1.12,81,65,14.8,22.28,17.5,0.4422,-0.8969,19.8,20.9,20.9,station
2025-06-06,19.0,15.5,18.9,18.9,16.9,17.7,16.2,20.2,19.9,18.9,17.84,1.58,-0.74,84,67,13.0,22.52,5.9,0.4267,-0.9044,18.5,20.0,20.0,station
2025-06-07,24.7,26.8,27.5,27.6,24.5,25.4,26.8,26.1,27.5,24.7,26.22,1.51,0.12,55,6,15.4,30.05,0.0,0.4111,-0.9116,25.7,27.2,27.2,station
2025-06-08,21.5,19.8,24.4,21.5,21.5,21.7,19.3,24.2,22.3,19.8,21.74,1.66,0.28,66,37,13.6,24.05,2.0,0.3953,-0.9185,21.0,21.1,21.1,station
2025-06-09,23.9,25.8,26.1,25.0,23.9,23.3,25.9,26.1,24.9,24.0,24.94,1.03,0.1,60,3,11.7,30.5,0.0,0.3795,-0.9252,23.6,26.3,26.3,station
2025-06-10,29.5,30.7,31.3,30.5,29.0,29.0,30.1,29.7,29.9,28.0,30.2,0.93,0.86,40,22,16.5,29.55,0.0,0.3635,-0.9316,29.4,30.7,30.7,station
2025-06-11,29.7,28.7,32.3,30.6,30.5,29.1,28.1,29.2,31.8,30.5,30.36,1.33,0.62,35,68,19.4,27.71,0.0,0.3474,-0.9377,28.6,30.4,30.4,station
2025-06-12,31.2,29.0,32.4,31.8,31.0,30.1,29.0,31.5,32.0,30.8,31.08,1.29,0.4,38,50,18.9,26.03,0.9,0.3312,-0.9436,29.6,30.8,30.8,station
2025-06-13,30.5,29.8,32.6,32.2,30.7,30.6,29.0,31.3,32.0,30.5,31.16,1.19,0.48,44,32,21.6,27.46,0.7,0.3149,-0.9491,29.9,29.2,29.2,station
2025-06-14,33.3,31.3,34.0,33.2,31.5,33.9,31.2,33.0,33.7,32.1,32.66,1.19,-0.12,36,20,21.5,26.78,0.0,0.2986,-0.9544,30.9,32.8,32.8,station
2025-06-15,32.6,32.1,33.8,33.6,32.0,33.2,31.3,33.1,32.6,30.7,32.82,0.84,0.64,35,24,21.4,26.72,0.0,0.2821,-0.9594,32.3,33.3,33.3,station
2025-06-16,32.0,32.9,35.3,32.8,29.9,32.0,32.3,34.5,31.1,29.2,32.58,1.94,0.76,32,38,20.7,27.19,0.0,0.2656,-0.9641,31.4,34.3,34.3,station
2025-06-17,24.0,20.6,25.4,23.3,21.5,22.6,21.8,28.6,26.0,24.9,22.96,1.93,-1.82,72,65,18.6,18.38,3.9,0.2489,-0.9685,21.1,18.3,18.3,station
2025-06-18,26.6,27.6,26.8,26.7,28.0,27.4,28.8,27.3,27.4,28.6,27.14,0.62,-0.76,57,4,15.1,29.66,0.0,0.2322,-0.9727,25.4,27.8,27.8,station
2025-06-19,32.8,33.8,34.1,33.3,33.4,34.0,33.6,33.1,33.6,33.8,33.48,0.5,-0.14,35,15,23.6,30.31,0.0,0.2155,-0.9765,32.5,34.4,34.4,station
2025-06-20,35.8,37.0,36.7,36.8,35.3,36.0,36.6,36.5,36.4,35.3,36.32,0.73,0.16,21,9,25.4,29.73,0.0,0.1986,-0.9801,35.3,36.7,36.7,station
2025-06-21,35.9,36.1,36.2,36.7,35.4,36.0,35.7,35.6,36.4,35.2,36.06,0.47,0.28,13,0,30.5,32.21,0.0,0.1818,-0.9833,35.6,36.8,36.8,station
2025-06-22,33.8,32.0,33.5,34.0,33.1,34.0,33.4,34.0,33.9,33.5,33.28,0.79,-0.48,22,7,23.9,31.04,2.0,0.1648,-0.9863,33.2,33.9,33.9,station
2025-06-23,25.2,22.7,26.8,25.1,25.6,26.2,24.1,26.8,25.4,26.3,25.08,1.49,-0.68,59,53,27.5,22.05,0.2,0.1478,-0.989,25.7,25.6,25.6,station
2025-06-24,26.3,24.5,30.9,26.4,26.5,24.5,23.5,31.3,26.8,28.7,26.92,2.37,-0.04,70,42,15.3,23.91,0.5,0.1308,-0.9914,25.7,24.3,24.3,station
2025-06-25,25.6,22.7,28.4,25.6,24.5,24.1,24.4,27.9,27.5,23.9,25.36,2.07,-0.2,75,76,13.2,22.14,6.0,0.1137,-0.9935,23.3,25.0,25.0,station
2025-06-26,28.4,28.7,30.9,29.8,28.3,28.6,29.1,31.0,29.7,28.0,29.22,1.11,-0.06,56,10,18.6,29.71,0.0,0.0966,-0.9953,27.4,30.0,30.0,station
2025-06-27,29.9,31.4,33.1,32.4,31.4,30.7,31.2,32.1,32.6,31.8,31.64,1.21,-0.04,38,14,18.0,29.61,0.0,0.0795,-0.9968,30.0,32.2,32.2,station
2025-06-28,32.5,32.7,34.3,33.9,32.8,31.0,31.9,33.8,33.8,32.2,33.24,0.8,0.7,30,19,18.5,30.41,0.0,0.0623,-0.9981,32.1,34.2,34.2,station
2025-06-29,28.3,28.2,32.3,28.8,28.7,30.1,28.2,31.7,27.8,28.4,29.26,1.72,0.02,43,43,15.4,25.5,0.8,0.0451,-0.999,26.8,28.9,28.9,station
2025-06-30,23.9,25.4,27.1,26.2,23.6,25.3,25.9,27.7,26.8,26.8,25.24,1.49,-1.26,62,75,16.1,19.74,0.7,0.028,-0.9996,24.5,26.1,26.1,station
2025-07-01,32.7,29.9,33.6,33.3,32.2,28.9,30.3,31.5,32.5,31.5,32.34,1.47,1.4,40,46,18.6,26.89,0.0,0.0108,-0.9999,31.1,33.2,33.2,station
2025-07-02,33.1,32.4,33.5,34.0,32.5,33.1,32.2,32.9,33.4,32.7,33.1,0.67,0.24,31,5,22.1,30.09,0.0,-0.0065,-1.0,31.4,33.6,33.6,station
2025-07-03,33.1,32.3,33.6,34.0,33.0,33.2,31.3,32.9,33.9,33.1,33.2,0.64,0.32,36,36,22.6,29.56,0.0,-0.0237,-0.9997,31.7,33.3,33.3,station
2025-07-04,30.0,29.4,28.8,30.5,30.0,29.8,29.4,30.9,31.4,30.5,29.74,0.65,-0.66,42,37,17.6,26.94,0.5,-0.0408,-0.9992,29.4,30.0,30.0,station
2025-07-05,30.4,30.3,31.7,31.6,31.7,32.5,29.5,32.6,32.3,31.1,31.14,0.72,-0.46,41,23,14.7,25.36,0.4,-0.058,-0.9983,30.5,32.0,32.0,station
2025-07-06,31.7,29.5,33.7,32.2,30.2,30.9,29.9,33.4,33.5,29.8,31.46,1.66,-0.04,42,12,21.8,28.75,0.1,-0.0752,-0.9972,29.8,33.3,33.3,station
2025-07-07,32.1,32.2,33.9,33.7,32.2,31.8,31.9,33.2,33.4,32.5,32.82,0.9,0.26,40,31,24.6,28.07,0.1,-0.0923,-0.9957,30.2,33.6,33.6,station
2025-07-08,33.5,35.0,35.3,34.5,33.4,32.2,34.1,34.1,34.5,33.1,34.34,0.86,0.74,29,27,21.3,28.33,0.0,-0.1094,-0.994,33.4,34.7,34.7,station
2025-07-09,36.2,37.3,36.6,38.1,35.7,36.5,37.0,36.6,37.5,34.8,36.78,0.94,0.3,19,31,24.5,27.67,0.0,-0.1265,-0.992,35.9,37.0,37.0,station
2025-07-10,32.8,31.0,31.6,35.7,32.4,31.7,30.4,34.8,35.2,32.3,32.7,1.82,-0.18,27,54,25.9,24.88,0.8,-0.1436,-0.9896,33.0,30.9,30.9,station
2025-07-11,30.6,27.9,32.5,30.8,30.5,31.5,28.2,31.0,28.6,30.1,30.46,1.65,0.58,48,44,24.6,24.67,3.1,-0.1606,-0.987,27.8,31.5,31.5,station
2025-07-12,25.6,28.1,30.4,27.1,28.6,27.3,29.4,29.9,28.3,29.1,27.96,1.78,-0.84,61,64,14.8,24.75,1.8,-0.1775,-0.9841,26.0,30.3,30.3,station
2025-07-13,30.7,32.3,32.7,31.7,31.1,31.5,32.5,31.9,31.9,31.9,31.7,0.82,-0.24,48,50,16.2,26.9,0.0,-0.1944,-0.9809,31.0,32.8,32.8,station
2025-07-14,32.9,33.1,35.6,34.7,34.0,34.1,32.9,35.7,34.5,33.7,34.06,1.12,-0.12,35,78,29.4,24.34,0.8,-0.2113,-0.9774,30.8,33.9,33.9,station
2025-07-15,34.3,34.0,34.6,35.8,34.0,35.5,33.8,34.3,34.7,33.9,34.54,0.75,0.1,31,30,21.6,26.67,0.0,-0.2281,-0.9736,34.0,35.0,35.0,station
2025-07-16,28.5,23.6,31.3,31.4,29.6,25.9,23.1,29.6,30.0,30.1,28.88,3.19,1.14,65,65,28.0,18.58,12.7,-0.2448,-0.9696,24.9,24.7,24.7,station
2025-07-17,27.2,27.3,33.1,30.2,30.9,26.9,27.3,31.6,31.4,29.3,29.74,2.51,0.44,62,43,24.8,23.99,0.3,-0.2614,-0.9652,29.4,32.4,32.4,station
2025-07-18,32.5,31.9,33.2,31.3,31.0,31.5,31.7,33.8,31.2,32.2,31.98,0.89,-0.1,45,33,19.9,24.34,0.6,-0.278,-0.9606,32.5,33.6,33.6,station
2025-07-19,31.6,31.6,33.8,33.0,32.6,31.8,31.1,34.1,32.1,32.6,32.52,0.94,0.18,45,33,15.3,24.82,0.2,-0.2945,-0.9557,30.6,33.0,33.0,station
2025-07-20,32.9,32.9,33.7,32.1,31.9,33.8,32.8,34.1,33.1,32.8,32.7,0.72,-0.62,35,26,20.5,27.29,0.0,-0.3109,-0.9505,32.5,32.6,32.6,station
2025-07-21,33.6,32.9,34.7,33.9,33.7,35.0,31.8,34.8,33.3,33.0,33.76,0.65,0.18,30,53,22.7,26.72,0.2,-0.3272,-0.945,34.0,34.4,34.4,station
2025-07-22,33.3,32.0,32.8,32.2,32.5,34.2,31.5,33.8,32.4,32.9,32.56,0.51,-0.4,48,66,17.2,24.02,13.5,-0.3434,-0.9392,32.3,33.5,33.5,station
2025-07-23,29.6,28.1,29.5,29.2,27.4,29.0,27.1,31.1,31.1,28.0,28.76,0.97,-0.5,61,81,17.9,23.13,1.9,-0.3595,-0.9332,26.5,28.3,28.3,station
2025-07-24,26.3,26.6,31.6,29.3,28.6,25.7,25.6,31.9,28.3,26.1,28.48,2.16,0.96,63,96,21.5,21.97,1.1,-0.3755,-0.9268,27.4,29.3,29.3,station
2025-07-25,30.7,30.8,33.3,32.5,30.3,29.0,30.9,32.8,32.1,29.4,31.52,1.3,0.68,39,51,21.8,27.15,0.0,-0.3914,-0.9202,30.5,32.8,32.8,station
2025-07-26,33.3,34.0,35.0,33.0,32.1,33.5,33.9,34.9,33.4,31.8,33.48,1.09,-0.02,29,16,19.7,26.65,0.0,-0.4071,-0.9134,32.7,34.3,34.3,station
2025-07-27,35.6,35.4,35.9,35.5,33.9,35.7,34.9,35.0,34.5,33.3,35.26,0.78,0.58,23,27,25.7,26.72,0.0,-0.4228,-0.9062,34.7,36.3,36.3,station
2025-07-28,35.0,34.8,36.3,35.6,33.9,36.0,35.2,35.4,35.4,34.3,35.12,0.9,-0.14,20,67,16.7,27.76,0.0,-0.4383,-0.8988,34.8,37.1,37.1,station
2025-07-29,27.2,26.1,30.1,29.9,28.0,28.9,29.3,30.6,29.9,27.3,28.26,1.73,-0.94,58,91,17.8,16.96,1.7,-0.4537,-0.8912,26.5,27.4,27.4,station
2025-07-30,22.8,23.6,26.0,26.3,24.9,24.6,23.6,29.5,26.1,24.7,24.72,1.51,-0.98,59,70,15.2,22.4,0.8,-0.469,-0.8832,25.4,26.1,26.1,station
2025-07-31,27.8,26.6,31.4,29.6,29.0,25.0,25.6,29.5,29.4,26.4,28.88,1.82,1.7,53,31,27.9,23.35,0.4,-0.4841,-0.875,27.3,29.8,29.8,station
2025-08-01,27.8,27.5,32.6,32.7,28.6,28.3,27.7,31.4,30.7,28.5,29.84,2.6,0.52,52,43,25.8,25.19,0.5,-0.4991,-0.8666,27.8,30.2,30.2,station
2025-08-02,30.8,29.7,31.8,32.1,28.9,32.0,29.2,32.0,32.9,31.0,30.66,1.36,-0.76,43,34,20.1,22.87,0.4,-0.5139,-0.8578,30.1,30.6,30.6,station
2025-08-03,30.0,30.3,29.9,30.5,28.9,30.3,30.1,29.9,31.8,29.9,29.92,0.62,-0.48,39,6,16.7,27.86,0.0,-0.5286,-0.8489,28.4,31.1,31.1,station
2025-08-04,33.5,34.6,35.1,35.2,33.5,33.7,33.3,34.0,34.6,33.0,34.38,0.83,0.66,31,22,33.3,26.88,0.0,-0.5431,-0.8397,33.0,34.8,34.8,station
2025-08-05,36.0,36.6,35.7,36.8,34.0,36.0,36.2,34.6,35.1,33.8,35.82,1.11,0.68,26,51,26.7,27.77,0.0,-0.5575,-0.8302,35.6,36.5,36.5,station
2025-08-06,34.7,35.8,36.4,36.0,34.0,35.7,35.4,34.0,37.0,34.3,35.38,1.0,0.1,20,67,26.6,22.13,0.0,-0.5717,-0.8205,33.9,35.9,35.9,station
2025-08-07,36.8,37.3,36.6,37.4,34.4,36.2,37.0,36.0,37.2,35.0,36.5,1.22,0.22,24,53,28.4,24.92,0.1,-0.5857,-0.8105,35.3,36.9,36.9,station
2025-08-08,35.7,34.3,36.0,36.2,34.3,35.5,35.0,35.2,36.7,34.4,35.3,0.93,-0.06,22,60,22.9,25.26,0.0,-0.5996,-0.8003,35.1,35.0,35.0,station
2025-08-09,29.4,29.1,30.3,30.3,30.1,28.5,29.7,33.6,31.4,29.9,29.84,0.55,-0.78,48,56,24.5,23.62,0.3,-0.6132,-0.7899,28.0,32.2,32.2,station
2025-08-10,24.2,23.1,26.7,22.0,27.0,21.2,23.6,26.4,21.6,24.3,24.6,2.2,1.18,59,74,14.1,21.21,0.0,-0.6267,-0.7792,24.5,25.0,25.0,station
2025-08-11,28.0,28.3,27.3,26.8,25.4,27.1,28.7,28.7,26.5,26.0,27.16,1.15,-0.24,51,10,15.6,25.92,0.0,-0.64,-0.7683,27.8,28.3,28.3,station
2025-08-12,30.6,31.5,31.1,30.1,29.6,31.4,31.3,30.4,30.0,28.5,30.58,0.76,0.26,38,25,22.9,26.27,0.0,-0.6532,-0.7572,29.4,32.4,32.4,station
2025-08-13,34.7,35.8,35.2,35.1,34.1,34.9,35.6,34.9,35.0,33.8,34.98,0.63,0.14,25,15,27.6,25.76,0.0,-0.6661,-0.7459,34.2,36.0,36.0,station
2025-08-14,35.9,35.3,36.3,36.2,34.8,35.9,35.1,35.8,36.0,34.7,35.7,0.64,0.2,24,53,23.7,22.85,0.2,-0.6788,-0.7343,34.7,36.1,36.1,station
2025-08-15,34.3,33.4,35.6,34.8,34.1,35.0,33.0,34.6,34.9,34.3,34.44,0.82,0.08,28,39,18.0,24.02,0.4,-0.6914,-0.7225,34.1,35.4,35.4,station
2025-08-16,30.4,30.0,31.8,30.6,30.4,32.5,29.6,31.6,31.0,32.0,30.64,0.68,-0.7,38,45,21.1,19.98,1.4,-0.7037,-0.7105,30.7,32.6,32.6,station
2025-08-17,31.3,32.7,32.2,31.9,31.7,31.7,31.7,32.2,31.8,31.9,31.96,0.53,0.1,34,10,17.3,24.94,0.0,-0.7158,-0.6983,30.2,33.3,33.3,station
2025-08-18,31.8,31.4,32.0,32.5,30.6,30.8,31.5,32.0,33.1,31.7,31.66,0.71,-0.16,36,18,20.6,24.06,0.5,-0.7277,-0.6859,29.8,33.1,33.1,station
2025-08-19,33.1,32.4,33.1,33.6,31.4,32.5,33.0,32.3,32.8,30.8,32.72,0.85,0.44,42,10,18.6,24.39,0.5,-0.7394,-0.6733,30.8,33.2,33.2,station
2025-08-20,33.5,34.0,34.2,34.3,33.0,34.0,34.7,34.3,35.2,33.5,33.8,0.54,-0.54,37,5,22.3,25.26,0.0,-0.7509,-0.6605,32.7,34.8,34.8,station
2025-08-21,34.8,35.2,36.2,35.2,33.7,34.9,35.0,35.3,35.1,33.7,35.02,0.9,0.22,29,12,23.3,25.91,0.0,-0.7621,-0.6474,33.8,35.3,35.3,station
2025-08-22,28.5,26.3,28.6,28.0,29.1,29.8,26.9,30.8,29.8,28.3,28.1,1.08,-1.02,52,55,18.4,20.07,2.5,-0.7731,-0.6342,27.2,27.2,27.2,station
2025-08-23,22.8,24.3,25.9,25.9,22.4,23.2,24.1,28.8,26.5,25.1,24.26,1.66,-1.28,70,55,16.0,21.17,2.3,-0.7839,-0.6208,25.4,28.2,28.2,station
2025-08-24,24.5,22.6,27.6,25.3,23.8,23.9,24.6,28.5,23.0,26.5,24.76,1.87,-0.54,74,63,14.6,20.32,1.6,-0.7945,-0.6073,24.5,24.4,24.4,station
2025-08-25,20.9,20.9,23.2,21.3,21.4,20.6,21.6,23.8,20.4,20.2,21.54,0.96,0.22,85,95,15.4,13.2,11.9,-0.8048,-0.5935,21.9,23.1,23.1,station
2025-08-26,22.9,22.1,26.3,23.2,24.4,22.5,21.9,24.5,22.0,21.5,23.78,1.63,1.3,85,93,11.9,17.13,6.4,-0.8149,-0.5796,23.2,25.8,25.8,station
2025-08-27,23.6,22.7,27.5,24.7,22.8,23.4,22.9,28.1,23.1,23.9,24.26,1.98,-0.02,83,66,12.6,18.93,4.0,-0.8248,-0.5655,24.0,26.9,26.9,station
2025-08-28,23.3,23.6,24.6,25.0,24.8,22.7,23.6,26.6,24.7,24.2,24.26,0.76,-0.1,78,42,8.9,21.87,2.5,-0.8344,-0.5512,24.9,26.8,26.8,station
2025-08-29,25.2,23.4,25.7,24.7,26.3,24.3,23.1,26.3,26.8,25.2,25.06,1.1,-0.08,72,61,11.7,18.48,8.1,-0.8437,-0.5368,25.7,27.5,27.5,station
2025-08-30,21.9,22.3,20.9,23.6,23.6,20.8,21.4,25.9,23.7,22.8,22.46,1.16,-0.46,74,43,14.1,21.04,1.6,-0.8528,-0.5222,22.2,,,
2025-08-31,24.5,25.7,25.8,25.3,24.7,23.8,25.3,25.7,24.9,23.8,25.2,0.58,0.5,58,2,13.1,24.15,0.0,-0.8617,-0.5074,24.8,,,
2025-09-01,26.3,28.0,27.3,27.0,26.9,25.6,27.7,27.7,26.4,25.8,27.1,0.62,0.46,46,4,13.7,24.39,0.0,-0.8703,-0.4925,26.3,,,
2025-09-02,28.1,28.6,28.8,29.1,28.0,27.8,28.5,28.4,28.1,28.1,28.52,0.47,0.34,39,7,13.4,24.01,0.0,-0.8786,-0.4775,27.8,,,
2025-09-03,29.3,30.4,29.2,29.8,28.7,29.1,29.9,28.3,29.2,28.5,29.48,0.65,0.48,34,1,15.7,24.08,0.0,-0.8867,-0.4623,28.9,29.4,29.4,station
2025-09-04,30.6,30.2,30.9,30.3,29.7,30.3,30.2,30.0,29.9,30.0,30.34,0.45,0.26,32,37,27.3,23.26,2.0,-0.8945,-0.447,29.4,30.0,30.0,station
2025-09-05,22.8,18.3,22.2,18.6,21.8,22.0,19.2,21.2,20.0,22.0,20.74,2.12,-0.14,53,78,15.0,14.59,0.1,-0.9021,-0.4315,21.0,17.6,17.6,station
2025-09-06,26.2,25.6,26.9,27.3,27.0,26.9,25.2,27.1,26.9,26.5,26.6,0.69,0.08,58,11,20.6,23.34,0.0,-0.9094,-0.4159,25.9,27.8,27.8,station
2025-09-07,27.7,27.1,27.8,27.6,27.0,28.0,26.6,29.4,27.8,26.2,27.44,0.36,-0.16,45,54,13.2,21.05,0.0,-0.9164,-0.4002,27.1,28.5,28.5,station
2025-09-08,28.9,29.1,30.0,29.5,28.1,29.3,29.0,29.8,30.1,28.2,29.12,0.71,-0.16,37,63,14.6,21.03,0.0,-0.9232,-0.3844,29.0,30.7,30.7,station
2025-09-09,28.3,28.6,29.2,29.4,29.1,27.8,28.2,30.3,29.3,28.7,28.92,0.45,0.06,32,55,17.1,20.7,0.0,-0.9296,-0.3685,29.0,29.6,29.6,station
2025-09-10,31.7,30.5,31.2,31.5,29.8,31.2,29.6,32.2,31.6,30.6,30.94,0.78,-0.1,37,30,35.6,21.97,0.0,-0.9358,-0.3524,31.3,33.2,33.2,station
2025-09-11,28.7,28.9,28.7,30.6,30.3,30.6,28.3,31.7,30.1,30.4,29.44,0.93,-0.78,35,79,22.4,18.7,0.7,-0.9418,-0.3363,30.1,31.0,31.0,station
2025-09-12,27.4,26.3,26.2,24.9,28.0,27.6,24.8,26.1,25.2,27.2,26.56,1.2,0.38,40,83,21.5,17.31,1.5,-0.9474,-0.32,28.9,27.1,27.1,station
2025-09-13,22.2,22.7,23.5,23.7,22.7,24.0,22.7,24.4,23.7,23.6,22.96,0.62,-0.72,56,67,17.8,18.59,3.3,-0.9528,-0.3037,23.3,25.0,25.0,station
2025-09-14,21.8,22.9,21.5,20.9,21.4,22.6,23.7,24.3,24.3,21.8,21.7,0.74,-1.64,62,25,21.9,19.31,0.3,-0.9579,-0.2873,21.2,22.8,22.8,station
2025-09-15,26.9,27.7,28.4,27.1,27.1,27.7,27.2,28.1,27.3,26.8,27.44,0.61,0.02,34,34,20.7,20.97,0.0,-0.9627,-0.2707,26.8,28.9,28.9,station
2025-09-16,21.0,20.7,25.3,24.4,23.4,20.9,20.3,25.1,22.9,22.2,22.96,2.04,0.68,52,57,17.3,18.75,6.0,-0.9672,-0.2541,23.7,23.9,23.9,station
2025-09-17,21.0,18.9,19.6,21.4,20.5,18.5,17.1,19.6,21.6,21.9,20.28,1.02,0.54,68,36,16.3,19.19,3.6,-0.9714,-0.2375,20.9,20.2,20.2,station
2025-09-18,21.9,22.3,21.0,21.9,20.8,20.8,22.5,22.0,21.1,19.6,21.58,0.65,0.38,57,9,15.5,21.28,0.0,-0.9753,-0.2207,21.5,22.2,22.2,station
2025-09-19,25.2,25.3,26.4,25.0,25.2,25.7,25.6,27.6,25.8,25.7,25.42,0.56,-0.66,44,62,15.5,20.35,0.0,-0.979,-0.2039,25.3,26.1,26.1,station
2025-09-20,25.9,24.7,25.8,26.7,26.0,26.8,24.7,26.1,25.6,26.6,25.82,0.72,-0.14,46,56,16.9,18.03,0.9,-0.9824,-0.187,25.6,26.7,26.7,station
2025-09-21,26.4,26.8,26.3,26.8,26.5,26.9,26.2,26.6,26.6,26.5,26.56,0.23,0.0,46,19,14.2,18.32,0.2,-0.9854,-0.1701,25.5,26.9,26.9,station
2025-09-22,24.9,23.7,24.5,25.5,24.8,23.7,23.9,24.8,25.8,25.3,24.68,0.66,-0.02,57,86,16.8,14.49,14.2,-0.9882,-0.1531,24.7,25.0,25.0,station
2025-09-23,12.4,11.6,11.4,12.5,10.8,12.7,11.7,12.4,17.2,11.1,11.74,0.71,-1.28,92,100,24.2,3.21,26.0,-0.9907,-0.1361,11.4,11.1,11.1,station
2025-09-24,18.6,19.4,16.3,19.5,18.2,18.4,19.8,19.8,19.5,17.9,18.4,1.29,-0.68,70,40,10.4,17.96,0.7,-0.9929,-0.1191,18.7,20.0,20.0,station
2025-09-25,23.9,24.6,23.7,23.5,23.8,24.0,24.4,25.5,24.0,23.3,23.9,0.42,-0.34,50,0,16.1,20.89,0.0,-0.9948,-0.102,23.9,25.9,25.9,station
2025-09-26,26.0,26.2,26.8,27.2,26.2,25.4,25.7,26.6,26.2,26.0,26.48,0.5,0.5,35,68,16.7,19.79,0.0,-0.9964,-0.0848,26.2,27.8,27.8,station
2025-09-27,25.0,24.6,23.9,24.8,26.1,24.5,24.2,27.1,25.2,25.3,24.88,0.8,-0.38,44,22,21.6,19.29,0.0,-0.9977,-0.0677,25.7,27.5,27.5,station
2025-09-28,26.2,24.7,26.5,26.9,27.1,25.3,24.4,25.9,25.1,27.3,26.28,0.95,0.68,43,78,18.4,17.87,0.0,-0.9987,-0.0505,25.8,26.1,26.1,station
2025-09-29,24.1,23.0,23.7,23.8,24.0,23.8,22.5,22.9,23.7,24.6,23.72,0.43,0.22,63,56,12.5,15.17,3.0,-0.9994,-0.0333,23.3,24.0,24.0,station
2025-09-30,25.0,24.6,24.8,25.2,25.1,25.3,24.7,24.7,25.2,24.8,24.94,0.24,0.0,53,18,13.5,18.8,0.0,-0.9999,-0.0161,24.9,25.4,25.4,station
2025-10-01,24.5,25.0,24.6,25.1,24.8,25.6,24.8,24.8,24.8,24.8,24.8,0.25,-0.16,42,12,17.1,18.17,0.0,-1.0,0.0011,24.8,25.4,25.4,station
2025-10-02,27.1,27.0,28.4,26.4,28.3,27.7,26.3,26.9,26.7,28.2,27.44,0.87,0.28,36,0,20.6,18.95,0.0,-0.9998,0.0183,26.8,27.6,27.6,station
2025-10-03,29.9,28.3,30.3,28.1,29.8,30.0,28.3,29.3,28.4,29.5,29.28,1.01,0.18,31,5,15.7,18.11,0.0,-0.9994,0.0355,29.6,30.0,30.0,station
2025-10-04,26.7,25.8,25.8,26.7,26.8,27.4,25.9,26.0,26.8,26.5,26.36,0.51,-0.16,35,34,31.3,16.48,0.8,-0.9986,0.0527,26.7,26.9,26.9,station
2025-10-05,19.3,16.6,18.0,19.3,19.6,19.7,16.7,19.2,18.1,19.7,18.56,1.26,-0.12,59,34,20.0,17.2,3.4,-0.9976,0.0698,17.0,17.4,17.4,station
2025-10-06,13.7,11.0,13.3,11.1,13.9,14.9,10.5,15.9,14.5,14.3,12.6,1.43,-1.42,73,100,16.4,8.34,2.0,-0.9962,0.087,12.8,10.0,10.0,station
2025-10-07,16.6,15.4,13.0,15.7,16.0,16.6,16.7,19.2,15.3,14.5,15.34,1.38,-1.12,77,41,13.2,14.61,0.3,-0.9946,0.1041,16.1,15.3,15.3,station
2025-10-08,24.6,21.9,25.9,24.5,24.9,24.7,21.9,25.8,24.7,24.4,24.36,1.48,0.06,55,3,18.2,17.9,0.0,-0.9926,0.1212,25.7,26.7,26.7,station
2025-10-09,26.5,26.0,27.1,26.5,26.7,25.2,25.5,27.2,25.4,26.6,26.56,0.4,0.58,30,25,17.3,17.16,0.0,-0.9904,0.1383,27.3,27.9,27.9,station
2025-10-10,21.7,21.0,26.2,19.2,23.5,21.8,19.6,20.8,20.9,24.2,22.32,2.66,0.86,51,91,16.1,8.23,2.2,-0.9879,0.1553,18.5,20.0,20.0,station
2025-10-11,18.1,17.9,25.1,19.8,23.1,20.8,20.0,23.6,19.9,23.2,20.8,3.18,-0.7,83,69,13.0,7.17,3.4,-0.9851,0.1722,19.1,17.8,17.8,station
2025-10-12,18.2,17.8,20.3,19.2,17.9,19.5,18.8,23.9,21.6,21.6,18.68,1.06,-2.4,38,30,20.2,15.95,0.0,-0.9819,0.1892,19.2,20.3,20.3,station
2025-10-13,14.8,13.9,16.0,16.0,15.3,17.0,15.2,18.0,16.4,15.3,15.2,0.89,-1.18,38,58,23.0,9.8,1.7,-0.9785,0.206,15.8,16.7,16.7,station
2025-10-14,24.8,18.1,23.2,18.3,24.3,23.4,18.4,25.2,19.3,24.4,21.74,3.28,-0.4,61,22,23.2,16.34,0.3,-0.9749,0.2228,25.2,26.7,26.7,station
2025-10-15,24.7,21.3,25.8,25.1,25.4,25.5,17.8,26.5,21.0,25.2,24.46,1.81,1.26,55,18,29.1,15.4,0.0,-0.9709,0.2396,26.4,23.9,23.9,station
2025-10-16,19.7,15.5,19.6,18.4,19.5,20.8,13.0,20.6,17.8,18.7,18.54,1.78,0.36,49,4,20.3,16.52,0.0,-0.9666,0.2562,22.1,24.4,24.4,station
2025-10-17,17.0,17.0,17.3,18.3,17.8,17.7,16.9,19.1,18.2,18.1,17.48,0.56,-0.52,44,0,13.8,16.69,0.0,-0.9621,0.2728,17.8,19.0,19.0,station
2025-10-18,15.3,12.8,15.8,18.1,15.9,17.3,14.4,17.0,17.4,14.4,15.58,1.89,-0.52,41,19,30.5,15.4,0.0,-0.9572,0.2893,15.0,16.4,16.4,station
2025-10-19,24.8,22.7,23.0,24.3,24.2,24.3,22.2,25.2,25.4,23.9,23.8,0.9,-0.4,32,28,21.4,14.77,0.0,-0.9521,0.3057,25.6,26.7,26.7,station
2025-10-20,14.9,14.3,14.5,17.0,15.8,15.1,14.3,15.3,17.0,15.4,15.3,1.11,-0.12,26,19,33.4,14.5,0.0,-0.9467,0.3221,15.8,16.0,16.0,station
2025-10-21,19.9,19.0,18.9,19.8,18.8,19.0,18.1,20.3,18.2,18.8,19.28,0.53,0.4,22,4,16.2,15.95,0.0,-0.941,0.3383,21.2,21.9,21.9,station
2025-10-22,19.9,19.1,20.0,20.6,20.2,20.1,18.4,20.5,18.7,19.9,19.96,0.55,0.44,24,1,21.3,15.7,0.0,-0.9351,0.3545,21.4,22.4,22.4,station
2025-10-23,18.3,18.1,21.2,19.7,18.8,19.2,17.8,19.9,20.1,18.5,19.22,1.27,0.12,27,88,16.8,14.45,0.0,-0.9288,0.3705,20.7,22.1,22.1,station
2025-10-24,16.7,16.4,15.7,17.2,14.9,15.0,16.2,17.7,17.2,14.5,16.18,0.9,0.06,42,32,10.8,14.97,0.2,-0.9223,0.3864,16.5,17.2,17.2,station
2025-10-25,21.5,19.4,20.5,21.8,21.1,21.1,19.6,20.9,21.7,20.4,20.86,0.95,0.12,31,1,20.7,15.13,0.0,-0.9155,0.4022,21.0,22.4,22.4,station
2025-10-26,19.1,17.4,19.7,19.5,19.7,19.2,17.7,20.0,22.8,21.2,19.08,0.97,-1.1,32,66,18.3,12.56,0.0,-0.9085,0.4179,22.0,21.9,21.9,station
2025-10-27,20.3,15.3,18.0,18.7,20.3,19.3,15.9,20.1,19.9,18.9,18.52,2.06,-0.3,60,58,17.5,12.23,8.9,-0.9012,0.4335,15.9,17.2,17.2,station
2025-10-28,7.8,6.6,7.8,9.2,7.2,9.6,6.5,8.4,9.3,8.2,7.72,0.97,-0.68,40,6,17.1,14.76,0.0,-0.8936,0.4489,7.6,8.2,8.2,station
2025-10-29,14.6,11.6,13.1,14.3,14.7,13.4,11.3,15.1,14.1,12.7,13.66,1.32,0.34,37,17,13.7,14.53,0.0,-0.8857,0.4642,15.1,17.6,17.6,station
2025-10-30,11.2,10.4,11.1,12.4,11.2,11.4,10.3,12.1,12.0,10.2,11.26,0.72,0.06,39,13,15.8,14.2,0.0,-0.8776,0.4794,11.6,12.2,12.2,station
2025-10-31,8.7,6.8,8.7,7.5,7.2,7.5,6.0,9.8,8.8,7.3,7.78,0.88,-0.1,56,40,12.9,12.86,0.0,-0.8692,0.4944,8.4,8.6,8.6,station
2025-11-01,16.9,14.1,14.6,17.8,16.0,17.2,14.1,16.9,16.4,16.8,15.88,1.54,-0.4,37,42,14.7,12.91,0.0,-0.8606,0.5093,16.8,17.2,17.2,station
2025-11-02,24.7,25.1,24.1,25.0,23.1,24.6,24.9,24.0,24.6,23.3,24.4,0.82,0.12,23,3,19.2,13.69,0.0,-0.8517,0.524,26.1,27.6,27.6,station
2025-11-03,12.8,12.4,14.5,12.5,14.4,13.3,12.2,15.5,11.4,16.1,13.32,1.04,-0.38,48,53,17.2,9.3,0.0,-0.8426,0.5386,11.9,11.7,11.7,station
2025-11-04,22.7,22.2,22.0,23.0,21.9,23.4,22.4,21.1,22.8,22.2,22.36,0.47,-0.02,28,19,15.7,12.91,0.0,-0.8332,0.553,22.2,24.3,24.3,station
2025-11-05,20.9,14.6,20.4,17.9,20.5,21.2,15.1,20.7,17.2,21.2,18.86,2.66,-0.22,28,27,20.4,13.19,0.0,-0.8235,0.5672,21.0,21.3,21.3,station
2025-11-06,18.2,19.4,17.7,18.9,20.2,18.9,19.2,18.9,20.3,19.8,18.88,0.98,-0.54,24,48,25.6,12.64,0.0,-0.8137,0.5813,20.1,21.1,21.1,station
2025-11-07,16.4,15.8,15.7,18.0,17.4,17.9,15.9,15.0,18.0,17.4,16.66,1.01,-0.18,32,39,14.0,10.26,0.0,-0.8035,0.5952,16.3,16.7,16.7,station
2025-11-08,12.8,8.8,11.4,11.9,11.9,12.1,8.8,12.4,12.5,11.7,11.36,1.52,-0.14,38,23,27.0,12.58,0.0,-0.7932,0.609,10.5,11.5,11.5,station
2025-11-09,8.1,6.1,7.1,9.2,7.9,8.2,5.7,8.5,10.2,8.5,7.68,1.16,-0.54,38,51,9.5,12.45,0.0,-0.7826,0.6225,7.7,8.7,8.7,station
2025-11-10,21.2,17.9,18.5,21.9,20.7,20.8,18.3,20.3,21.4,20.7,20.04,1.75,-0.26,25,44,17.1,12.29,0.0,-0.7718,0.6359,21.8,22.8,22.8,station
2025-11-11,20.2,20.8,19.6,21.4,20.2,20.2,20.4,20.1,21.3,19.8,20.44,0.68,0.08,21,75,21.8,9.97,0.0,-0.7607,0.6491,20.6,19.3,19.3,station
2025-11-12,20.6,17.9,21.4,17.7,20.7,20.5,17.4,20.4,19.9,20.9,19.66,1.73,-0.16,25,83,13.0,10.48,0.0,-0.7494,0.6621,21.0,20.4,20.4,station
2025-11-13,21.6,21.2,20.8,22.0,20.8,22.2,20.7,21.0,21.8,20.2,21.28,0.52,0.1,24,26,14.2,11.87,0.0,-0.7379,0.6749,21.5,22.5,22.5,station
2025-11-14,22.9,22.5,22.6,23.0,22.8,22.7,21.8,20.0,23.3,21.9,22.76,0.21,0.82,22,59,17.6,11.4,0.0,-0.7262,0.6875,22.9,24.6,24.6,station
2025-11-15,21.9,20.0,20.8,21.9,22.3,22.4,19.1,19.0,19.7,20.0,21.38,0.95,1.34,27,86,17.5,10.14,0.0,-0.7143,0.6998,21.5,22.8,22.8,station
2025-11-16,19.7,17.8,18.5,21.1,19.8,20.1,17.2,19.4,20.7,20.1,19.38,1.28,-0.12,34,17,24.7,11.52,0.0,-0.7021,0.712,20.4,21.9,21.9,station
2025-11-17,13.8,13.9,12.8,14.2,15.1,13.8,13.3,15.1,14.3,14.7,13.96,0.83,-0.28,36,48,23.9,9.89,0.0,-0.6898,0.724,14.0,14.7,14.7,station
2025-11-18,16.1,13.8,15.8,16.3,16.1,16.1,13.9,13.6,15.7,16.4,15.62,1.03,0.48,35,45,23.9,9.48,0.0,-0.6772,0.7358,16.2,18.1,18.1,station
2025-11-19,16.5,14.3,16.4,17.0,15.5,16.4,14.2,16.0,16.6,16.2,15.94,1.06,0.06,37,21,22.3,11.13,0.0,-0.6645,0.7473,16.4,17.9,17.9,station
2025-11-20,11.4,9.0,10.2,9.3,10.0,8.1,8.6,12.1,11.9,10.4,9.98,0.93,-0.24,51,97,16.7,6.45,0.8,-0.6515,0.7586,9.8,9.1,9.1,station
2025-11-21,7.7,6.5,5.5,7.7,6.1,8.8,6.2,5.9,8.6,5.0,6.7,0.98,-0.2,88,88,10.3,3.45,3.3,-0.6384,0.7697,8.2,8.1,8.1,station
2025-11-22,13.9,12.0,13.7,13.8,13.2,15.0,12.6,15.3,14.5,13.2,13.32,0.79,-0.8,56,5,21.1,10.78,0.0,-0.625,0.7806,14.1,14.3,14.3,station
2025-11-23,10.0,10.9,12.6,11.4,8.9,10.7,11.5,10.0,11.5,10.3,10.76,1.4,-0.04,57,87,21.9,8.41,0.8,-0.6115,0.7912,11.7,12.2,12.2,station
2025-11-24,11.9,10.8,12.2,12.2,13.0,10.3,11.0,13.0,12.9,13.0,12.02,0.79,-0.02,35,27,15.5,10.57,0.0,-0.5978,0.8016,12.6,12.0,12.0,station
2025-11-25,6.8,4.0,5.3,6.2,5.4,6.1,4.3,7.7,6.0,5.1,5.54,1.06,-0.3,45,51,22.2,9.26,0.0,-0.584,0.8118,7.5,6.9,6.9,station
2025-11-26,8.6,4.5,9.7,6.8,9.4,11.0,5.7,10.1,10.2,8.8,7.8,2.16,-1.36,56,76,13.2,9.24,0.0,-0.5699,0.8217,6.2,6.0,6.0,station
2025-11-27,10.8,7.4,13.5,9.1,11.2,11.8,7.9,9.0,10.4,12.1,10.4,2.3,0.16,48,64,12.9,9.59,0.0,-0.5557,0.8314,12.2,11.4,11.4,station
2025-11-28,16.4,11.0,16.0,15.9,15.2,16.4,12.5,16.8,16.0,15.8,14.9,2.22,-0.6,53,80,13.6,8.91,1.1,-0.5413,0.8408,16.1,16.7,16.7,station
2025-11-29,4.9,1.5,2.2,-0.3,-0.4,2.7,2.0,3.7,2.5,-2.2,1.58,2.17,-0.16,63,62,22.6,8.63,0.3,-0.5268,0.85,1.6,4.0,4.0,station
2025-11-30,-1.0,-6.3,-1.5,-4.4,-2.5,0.2,-6.1,0.6,-4.5,-2.6,-3.14,2.19,-0.66,64,98,12.0,5.85,0.4,-0.5121,0.859,-2.8,-3.3,-3.3,station
2025-12-01,1.4,-0.9,1.4,4.5,3.0,4.1,-0.6,3.2,2.9,3.2,1.88,2.02,-0.68,53,20,13.7,10.32,0.0,-0.4972,0.8676,3.1,4.8,4.8,station
2025-12-02,9.1,5.7,10.2,7.7,9.5,7.7,4.4,7.6,6.1,9.0,8.44,1.78,1.48,39,89,20.2,8.79,0.6,-0.4822,0.8761,9.2,11.0,11.0,station
2025-12-03,0.8,0.3,1.5,1.9,-1.6,1.9,-0.3,0.6,-2.0,-2.5,0.58,1.37,1.04,93,100,13.2,3.88,11.1,-0.4671,0.8842,0.2,-0.2,-0.2,station
2025-12-04,0.2,-1.1,4.2,4.7,3.0,0.8,0.0,2.1,4.2,3.7,2.2,2.54,0.04,69,20,15.6,10.48,0.0,-0.4518,0.8921,0.4,4.4,4.4,station
2025-12-05,1.4,-0.5,6.3,2.9,2.8,0.6,-0.1,2.8,6.5,4.5,2.58,2.49,-0.28,71,62,16.1,8.02,0.2,-0.4364,0.8998,2.1,4.7,4.7,station
2025-12-06,5.2,4.9,8.0,9.0,10.9,4.6,3.8,6.7,6.6,7.7,7.6,2.55,1.72,67,63,21.5,8.22,0.0,-0.4208,0.9071,6.0,9.1,9.1,station
2025-12-07,3.3,4.0,7.4,7.4,7.7,2.9,3.3,6.2,7.7,7.1,5.96,2.13,0.52,57,28,16.4,9.56,0.0,-0.4052,0.9142,4.7,7.8,7.8,station
2025-12-08,6.3,10.5,10.2,11.2,10.9,6.2,9.9,10.0,11.6,10.8,9.82,2.0,0.12,56,50,18.5,8.9,0.0,-0.3894,0.9211,7.7,12.1,12.1,station
2025-12-09,14.6,16.0,16.7,14.7,15.7,12.3,15.5,12.1,13.9,15.6,15.54,0.89,1.66,43,88,19.4,7.39,0.0,-0.3735,0.9276,15.0,16.3,16.3,station
2025-12-10,13.1,10.2,15.7,15.8,15.3,12.1,10.9,14.2,17.1,15.9,14.02,2.4,-0.02,61,72,19.9,7.69,0.0,-0.3575,0.9339,14.6,16.1,16.1,station
2025-12-11,17.3,19.6,17.4,18.4,17.3,17.3,18.9,15.7,18.7,17.5,18.0,1.01,0.38,28,76,20.3,8.43,0.0,-0.3413,0.9399,18.9,18.7,18.7,station
2025-12-12,16.5,11.8,16.9,16.8,17.2,16.4,10.1,13.4,12.1,16.7,15.84,2.27,2.1,35,81,17.8,8.72,0.0,-0.3251,0.9457,17.3,16.3,16.3,station
2025-12-13,14.1,10.0,17.7,15.6,15.0,15.2,11.1,13.9,17.3,15.8,14.48,2.83,-0.18,35,45,22.3,9.3,0.0,-0.3088,0.9511,16.8,18.6,18.6,station
2025-12-14,17.5,12.7,19.1,17.0,16.8,16.5,11.7,15.9,17.6,17.0,16.62,2.37,0.88,41,40,16.3,8.45,0.0,-0.2924,0.9563,18.2,20.2,20.2,station
2025-12-15,17.6,16.1,19.0,15.9,17.7,17.5,16.9,17.1,18.3,16.8,17.26,1.28,-0.06,23,16,17.8,9.56,0.0,-0.2759,0.9612,18.2,21.1,21.1,station
2025-12-16,16.8,17.0,17.8,17.1,17.3,16.6,17.3,15.4,16.6,16.4,17.2,0.38,0.74,27,48,19.7,8.43,0.0,-0.2593,0.9658,17.1,19.6,19.6,station
2025-12-17,18.2,16.7,19.2,19.3,18.9,18.3,15.6,17.4,20.0,19.8,18.46,1.07,0.24,32,66,28.2,8.06,3.7,-0.2427,0.9701,18.8,20.9,20.9,station
2025-12-18,5.7,6.3,8.1,7.6,7.6,7.0,6.3,7.9,6.8,8.2,7.06,1.01,-0.18,26,52,29.2,8.61,0.0,-0.226,0.9741,6.8,8.3,8.3,station
2025-12-19,18.8,19.7,18.9,19.9,20.1,19.0,19.6,18.1,19.9,21.3,19.48,0.59,-0.1,23,91,18.8,8.16,0.0,-0.2092,0.9779,20.2,21.5,21.5,station
2025-12-20,12.4,11.0,14.5,9.2,10.2,13.6,11.7,14.7,9.3,13.9,11.46,2.06,-1.18,47,85,30.4,8.07,0.0,-0.1923,0.9813,14.0,15.0,15.0,station
2025-12-21,17.6,12.5,20.2,15.9,14.4,17.9,10.9,13.2,16.0,16.7,16.12,2.96,1.18,45,48,18.5,8.46,0.0,-0.1754,0.9845,18.2,19.6,19.6,station
2025-12-22,22.1,22.1,21.9,23.0,21.1,21.3,21.8,19.5,22.4,20.5,22.04,0.68,0.94,27,45,19.5,9.13,0.0,-0.1585,0.9874,22.7,24.7,24.7,station
2025-12-23,20.5,16.9,21.9,19.2,20.7,20.5,16.0,14.5,16.9,19.0,19.84,1.9,2.46,19,88,21.2,8.48,0.0,-0.1414,0.9899,20.6,20.0,20.0,station
2025-12-24,20.2,19.1,20.8,21.5,20.0,20.5,17.8,15.7,21.0,19.2,20.32,0.9,1.48,22,75,22.6,8.43,0.0,-0.1244,0.9922,20.2,21.1,21.1,station
2025-12-25,19.0,18.6,20.2,20.4,21.0,19.2,18.3,17.2,20.5,19.6,19.84,1.0,0.88,35,46,24.3,8.1,0.0,-0.1073,0.9942,20.6,21.1,21.1,station
2025-12-26,18.1,16.7,19.0,17.6,17.1,18.3,16.9,16.8,17.4,17.2,17.7,0.9,0.38,27,57,21.5,9.44,0.0,-0.0902,0.9959,18.2,19.6,19.6,station
2025-12-27,13.4,11.8,14.9,15.6,15.8,15.7,12.6,13.4,15.8,15.6,14.3,1.69,-0.32,33,74,23.2,7.42,0.0,-0.073,0.9973,15.6,16.0,16.0,station
2025-12-28,2.5,1.8,2.9,4.3,-0.4,3.6,2.1,1.1,3.6,3.0,2.22,1.73,-0.46,64,39,18.2,10.1,8.4,-0.0559,0.9984,4.7,2.5,2.5,station
2025-12-29,4.0,3.2,6.3,5.9,5.0,1.7,3.2,6.1,3.3,5.6,4.88,1.29,0.9,49,1,9.7,10.03,0.0,-0.0387,0.9993,0.0,5.3,5.3,station
2025-12-30,7.5,8.3,12.2,9.1,10.2,7.4,8.8,10.2,10.5,8.4,9.46,1.83,0.4,52,1,14.1,9.96,0.0,-0.0215,0.9998,5.5,11.4,11.4,station
2025-12-31,12.5,13.9,16.1,16.2,16.2,13.0,13.4,14.6,17.0,15.6,14.98,1.7,0.26,48,35,13.8,9.9,0.0,-0.0043,1.0,10.5,,,
2026-01-01,14.3,13.7,16.3,13.8,15.0,12.2,13.2,11.2,14.2,15.6,14.62,1.07,1.34,48,94,15.8,6.61,0.2,0.0172,0.9999,13.8,17.8,17.8,station
2026-01-02,12.8,13.5,13.8,14.9,13.8,13.1,13.1,13.1,14.5,14.3,13.76,0.76,0.14,47,65,26.0,7.02,0.0,0.0344,0.9994,14.1,15.3,15.3,station
2026-01-03,15.9,14.1,15.9,16.4,15.8,15.5,13.8,13.5,15.7,14.4,15.62,0.88,1.04,41,38,17.0,9.04,0.0,0.0516,0.9987,16.8,18.3,18.3,station
2026-01-04,18.0,17.6,18.6,18.6,17.1,17.7,17.6,16.5,18.4,16.1,17.98,0.65,0.72,25,45,19.6,9.64,0.0,0.0688,0.9976,18.7,20.7,20.7,station
2026-01-05,14.5,14.4,14.5,15.2,15.4,14.4,14.9,14.7,16.3,15.1,14.8,0.46,-0.28,32,32,20.9,9.71,0.0,0.0859,0.9963,14.5,15.8,15.8,station
2026-01-06,13.6,12.2,11.4,14.4,14.0,13.3,12.0,13.4,13.6,13.6,13.12,1.27,-0.06,32,8,16.3,10.02,0.0,0.103,0.9947,13.3,14.2,14.2,station
2026-01-07,13.6,12.4,13.3,14.0,13.3,12.6,12.2,12.7,13.8,13.5,13.32,0.59,0.36,24,43,14.5,9.28,0.0,0.1201,0.9928,13.8,14.2,14.2,station
2026-01-08,4.5,4.2,4.3,3.1,1.7,2.6,2.5,4.4,3.7,5.3,3.56,1.17,-0.14,71,100,14.6,4.03,4.6,0.1372,0.9905,4.5,6.1,6.1,station
2026-01-09,-1.6,-1.3,0.5,1.7,-0.4,-1.4,-1.7,-1.2,2.2,-1.2,-0.22,1.35,0.44,70,83,19.8,7.69,1.5,0.1542,0.988,-1.1,-0.4,-0.4,station
2026-01-10,3.2,3.8,7.7,7.7,4.1,2.2,5.1,4.6,8.3,4.8,5.3,2.21,0.3,54,21,19.1,10.31,0.0,0.1712,0.9852,1.4,6.1,6.1,station
2026-01-11,10.6,9.3,11.3,11.3,7.7,11.6,10.3,9.4,11.6,8.5,10.04,1.54,-0.24,54,61,19.8,9.29,0.0,0.1881,0.9821,6.5,13.9,13.9,station
2026-01-12,13.5,13.9,14.8,14.4,13.6,13.9,13.3,11.5,14.1,10.0,14.04,0.55,1.48,45,23,19.1,9.97,0.0,0.205,0.9788,13.7,17.2,17.2,station
2026-01-13,13.0,14.2,16.7,16.4,15.5,15.4,13.9,13.1,14.6,15.1,15.16,1.55,0.74,37,79,19.8,9.44,0.0,0.2218,0.9751,15.6,16.4,16.4,station
2026-01-14,11.8,8.3,11.9,10.9,11.4,10.6,9.4,9.9,13.9,11.5,10.86,1.48,-0.2,64,58,16.7,7.88,0.6,0.2385,0.9711,11.6,12.2,12.2,station
2026-01-15,14.2,15.3,14.7,15.3,13.9,14.6,15.9,14.5,15.6,14.5,14.68,0.63,-0.34,32,1,40.1,10.72,0.0,0.2552,0.9669,14.6,16.0,16.0,station
2026-01-16,0.6,0.8,2.0,4.5,3.5,4.4,-0.8,4.9,5.4,4.3,2.28,1.7,-1.36,55,77,25.0,10.65,2.6,0.2718,0.9624,0.3,2.2,2.2,station
2026-01-17,0.0,-1.9,0.4,1.1,1.0,-0.5,-2.2,5.0,3.2,3.9,0.12,1.22,-1.76,52,28,15.1,11.9,2.1,0.2883,0.9575,-2.0,1.7,1.7,station
2026-01-18,8.9,6.3,8.6,10.1,9.3,9.1,5.9,9.1,11.4,9.5,8.64,1.42,-0.36,51,31,19.4,11.6,0.0,0.3047,0.9524,5.8,11.4,11.4,station
2026-01-19,1.5,2.7,3.2,5.6,3.9,3.8,2.0,3.0,4.1,4.1,3.38,1.52,-0.02,69,32,12.8,11.77,1.8,0.3211,0.9471,0.7,5.2,5.2,station
2026-01-20,10.8,6.5,11.2,13.2,10.0,10.3,9.1,11.4,11.6,8.6,10.34,2.45,0.14,40,46,24.6,11.6,0.0,0.3373,0.9414,8.5,12.0,12.0,station
2026-01-21,7.9,5.7,10.3,10.6,9.8,8.9,4.6,9.1,10.2,9.6,8.86,2.05,0.38,48,27,13.9,12.01,0.0,0.3534,0.9355,5.4,10.7,10.7,station
2026-01-22,3.4,-1.6,5.6,0.5,3.3,1.5,-1.7,0.4,1.9,4.1,2.24,2.81,1.0,55,27,8.7,11.8,0.0,0.3695,0.9292,0.7,3.6,3.6,station
2026-01-23,-5.7,-8.1,-5.8,-8.3,-6.3,-3.5,-7.5,-0.4,-7.5,-6.1,-6.84,1.26,-1.84,70,77,14.5,8.5,0.5,0.3854,0.9227,-7.0,-8.3,-8.3,station
2026-01-24,-11.2,-13.1,-5.8,-7.8,-6.6,-9.8,-12.6,-6.0,-9.4,-8.9,-8.9,3.12,0.44,73,86,11.7,10.54,1.0,0.4012,0.916,-9.0,-7.1,-7.1,station
2026-01-25,-2.2,-9.2,-5.1,-3.8,-3.5,-10.0,-11.8,-5.2,-4.0,-4.3,-4.76,2.69,2.3,71,64,22.3,11.12,1.1,0.4169,0.9089,-4.7,-2.4,-2.4,station
2026-01-26,2.1,1.0,6.2,6.2,5.2,6.2,0.8,5.4,6.4,4.9,4.14,2.43,-0.6,40,4,20.6,13.0,0.0,0.4325,0.9016,3.2,7.2,7.2,station
2026-01-27,7.3,6.6,9.0,8.8,7.3,6.2,2.3,6.8,7.7,7.5,7.8,1.05,1.7,43,46,14.9,11.05,0.0,0.4479,0.8941,4.7,8.9,8.9,station
2026-01-28,9.0,8.0,12.0,8.3,10.2,9.7,8.7,7.8,7.7,10.6,9.5,1.63,0.6,44,72,18.5,9.47,0.0,0.4633,0.8862,6.1,10.6,10.6,station
2026-01-29,5.3,5.9,5.6,7.4,7.4,5.2,6.2,6.6,7.6,7.7,6.32,1.01,-0.34,46,41,17.8,11.71,0.0,0.4784,0.8781,3.7,8.1,8.1,station
2026-01-30,7.4,6.9,8.9,8.3,8.2,6.4,6.9,6.5,8.6,7.5,7.94,0.79,0.76,49,25,17.3,12.46,0.0,0.4935,0.8698,7.4,8.3,8.3,station
2026-01-31,12.1,9.8,13.6,13.5,14.0,12.3,9.4,11.2,12.9,14.0,12.6,1.72,0.64,44,46,14.4,11.95,0.0,0.5084,0.8611,11.8,14.1,14.1,station
2026-02-01,15.4,14.1,16.7,16.9,16.1,16.4,13.9,14.2,15.3,16.2,15.84,1.13,0.64,30,44,19.2,12.24,0.0,0.5231,0.8523,15.9,17.5,17.5,station
2026-02-02,11.4,11.6,11.5,12.4,12.3,11.4,10.9,9.1,10.4,10.7,11.84,0.47,1.34,28,72,16.7,7.46,0.0,0.5377,0.8432,11.2,11.7,11.7,station
2026-02-03,9.5,7.7,10.9,8.4,9.5,8.7,5.5,8.7,9.3,11.4,9.2,1.22,0.48,46,70,16.4,9.53,2.2,0.5521,0.8338,8.5,10.6,10.6,station
2026-02-04,9.2,9.5,9.0,10.5,9.5,6.8,9.2,9.5,9.2,9.3,9.54,0.58,0.74,48,39,13.0,13.13,0.0,0.5664,0.8242,9.2,10.4,10.4,station
2026-02-05,16.7,16.8,15.2,16.3,16.4,16.6,16.5,14.0,14.9,16.0,16.28,0.64,0.68,31,18,15.2,12.92,0.0,0.5805,0.8143,17.0,17.2,17.2,station
2026-02-06,16.6,16.4,17.5,16.9,18.2,16.8,16.5,16.0,17.8,16.9,17.12,0.73,0.32,34,27,23.6,13.07,0.0,0.5944,0.8042,17.9,18.7,18.7,station
2026-02-07,15.9,17.2,16.3,17.0,16.2,16.0,16.6,15.5,17.2,15.8,16.52,0.55,0.3,29,49,21.6,12.24,0.0,0.6081,0.7938,16.2,18.2,18.2,station
2026-02-08,16.6,17.3,17.5,18.8,17.6,16.3,16.4,14.9,18.5,16.3,17.56,0.8,1.08,28,30,19.6,13.37,0.0,0.6217,0.7833,17.6,17.9,17.9,station
2026-02-09,18.6,18.8,19.1,20.0,18.6,18.0,18.8,16.4,18.9,18.4,19.02,0.58,0.92,23,89,17.9,13.23,0.0,0.6351,0.7725,20.0,20.7,20.7,station
2026-02-10,8.4,6.9,9.7,8.6,9.2,9.6,7.0,10.1,11.4,9.4,8.56,1.06,-0.94,49,76,17.4,10.73,0.0,0.6483,0.7614,12.2,6.8,6.8,station
2026-02-11,15.5,14.1,15.3,16.1,14.5,14.7,14.0,14.1,14.6,14.6,15.1,0.8,0.7,46,84,12.1,12.95,0.0,0.6613,0.7502,15.2,15.4,15.4,station
2026-02-12,14.4,14.4,13.7,13.1,14.4,13.1,14.2,13.2,14.3,13.1,14.0,0.59,0.42,44,59,13.8,13.02,0.0,0.6741,0.7387,14.9,15.0,15.0,station
2026-02-13,11.9,12.0,14.7,10.7,13.9,12.1,11.6,12.1,11.4,13.2,12.64,1.62,0.56,62,64,12.2,11.47,0.9,0.6867,0.727,14.1,13.3,13.3,station
2026-02-14,12.6,13.0,11.9,13.6,12.4,12.7,12.8,11.4,13.1,11.9,12.7,0.64,0.32,51,33,12.5,14.58,0.0,0.6991,0.715,12.7,13.5,13.5,station
2026-02-15,18.1,16.8,18.4,16.6,17.5,18.8,16.3,17.3,17.6,17.5,17.48,0.79,-0.02,29,37,14.1,15.03,0.0,0.7113,0.7029,19.0,20.6,20.6,station
2026-02-16,20.4,18.6,20.9,17.7,20.8,20.1,17.8,15.7,17.8,19.8,19.68,1.44,1.44,24,79,24.6,13.83,0.0,0.7233,0.6906,19.7,20.0,20.0,station
2026-02-17,11.3,11.4,9.7,12.9,11.7,12.2,12.3,11.3,11.3,11.8,11.4,1.14,-0.38,25,47,37.1,12.54,0.2,0.735,0.678,11.9,12.5,12.5,station
2026-02-18,12.0,11.0,10.0,12.3,11.2,12.1,11.0,10.8,12.7,11.5,11.3,0.91,-0.32,34,62,25.0,13.89,0.2,0.7466,0.6653,11.1,11.8,11.8,station
2026-02-19,2.9,2.2,2.0,3.0,2.9,2.7,2.5,2.7,2.1,3.0,2.6,0.46,0.0,46,38,25.0,14.57,2.8,0.7579,0.6523,2.3,1.4,1.4,station
2026-02-20,-0.2,-3.7,1.8,-3.0,-0.0,-0.7,-2.3,0.1,-2.4,0.1,-1.02,2.28,0.02,59,85,14.7,10.0,0.6,0.769,0.6392,-1.3,-2.0,-2.0,station
2026-02-21,6.1,4.4,6.1,8.9,7.4,6.5,5.1,6.1,8.2,6.0,6.58,1.68,0.2,36,4,13.9,16.28,0.0,0.7799,0.6259,6.7,7.5,7.5,station
2026-02-22,8.7,7.6,12.0,8.7,9.7,9.0,6.7,8.8,8.0,8.8,9.34,1.66,1.08,38,45,13.4,16.03,0.0,0.7906,0.6124,9.5,12.9,12.9,station
2026-02-23,17.2,17.0,18.1,18.7,17.2,17.6,16.9,16.5,18.7,17.1,17.64,0.73,0.28,25,91,14.1,15.3,0.0,0.801,0.5987,18.2,18.0,18.0,station
2026-02-24,20.2,21.4,21.9,22.3,21.0,20.1,20.9,18.7,21.3,20.5,21.36,0.81,1.06,20,89,20.5,13.83,0.0,0.8112,0.5848,21.1,20.6,20.6,station
2026-02-25,18.7,19.6,17.6,19.1,20.3,18.5,19.2,18.5,19.6,21.2,19.06,1.01,-0.34,31,82,34.8,15.04,0.0,0.8211,0.5708,18.4,20.6,20.6,station
2026-02-26,15.1,16.8,13.4,15.5,15.9,15.4,16.4,14.3,15.3,15.2,15.34,1.25,0.02,30,17,24.6,16.45,0.0,0.8308,0.5566,15.8,16.8,16.8,station
2026-02-27,17.8,19.3,18.7,18.9,17.3,17.7,18.7,18.1,18.8,18.2,18.4,0.82,0.1,25,24,21.5,16.71,0.0,0.8402,0.5422,18.3,18.3,18.3,station
2026-02-28,19.6,19.2,19.1,19.8,19.0,20.1,19.2,18.1,20.5,18.8,19.34,0.34,0.0,20,46,17.5,17.47,0.0,0.8495,0.5277,20.1,20.0,20.0,station
2026-03-01,17.1,15.9,18.0,17.5,17.2,17.5,13.2,13.8,17.0,17.1,17.14,0.78,1.42,29,89,18.4,14.92,0.0,0.8584,0.513,17.5,17.1,17.1,station
2026-03-02,21.0,19.7,22.1,21.6,20.7,22.6,19.6,19.7,21.0,20.7,21.02,0.91,0.3,29,72,19.5,15.66,0.0,0.8671,0.4981,21.5,21.3,21.3,station
2026-03-03,9.7,7.3,9.1,8.9,7.1,10.2,8.5,12.1,9.1,12.9,8.42,1.15,-2.14,80,61,14.1,10.91,7.7,0.8755,0.4831,9.0,9.2,9.2,station
2026-03-04,15.4,16.8,15.3,16.0,15.6,16.5,16.7,16.9,17.2,16.1,15.82,0.61,-0.86,54,25,20.5,18.22,0.0,0.8837,0.468,15.5,16.1,16.1,station
2026-03-05,19.4,18.0,19.8,19.0,19.2,18.8,18.0,18.4,19.4,18.6,19.08,0.67,0.44,32,33,20.4,18.46,0.0,0.8916,0.4527,20.3,20.0,20.0,station
2026-03-06,4.8,5.2,6.5,5.6,3.9,4.3,6.3,8.0,6.8,3.6,5.2,0.96,-0.6,81,90,25.7,4.71,15.5,0.8993,0.4373,6.3,4.1,4.1,station
2026-03-07,4.0,7.2,6.6,11.6,8.8,5.4,9.5,8.4,12.1,10.3,7.64,2.81,-1.5,69,8,17.4,20.35,0.0,0.9067,0.4218,5.2,8.3,8.3,station
2026-03-08,15.7,16.2,17.6,18.6,12.7,14.2,17.0,15.7,18.9,13.8,16.16,2.25,0.24,53,12,18.8,19.84,0.0,0.9138,0.4061,13.2,18.6,18.6,station
2026-03-09,20.3,21.9,22.1,21.6,20.0,19.4,22.4,20.0,21.4,18.0,21.18,0.96,0.94,37,19,22.3,19.34,0.0,0.9207,0.3904,20.7,23.5,23.5,station
2026-03-10,19.8,14.6,20.8,21.6,20.6,18.7,15.9,19.4,21.3,19.9,19.48,2.8,0.44,38,66,27.5,17.92,0.3,0.9272,0.3745,20.6,21.1,21.1,station
2026-03-11,8.1,7.5,12.3,9.7,8.8,9.3,7.1,11.8,10.8,13.8,9.28,1.88,-1.28,53,34,21.3,19.11,0.3,0.9335,0.3585,8.1,8.9,8.9,station
2026-03-12,16.9,20.1,19.4,18.9,18.3,16.8,19.7,17.5,19.5,18.3,18.72,1.21,0.36,32,70,18.7,18.34,0.0,0.9396,0.3424,18.1,18.6,18.6,station
2026-03-13,18.2,20.6,20.0,20.7,20.7,18.5,20.3,18.8,20.9,20.4,20.04,1.07,0.26,27,85,20.6,17.34,0.0,0.9453,0.3261,19.4,20.0,20.0,station
2026-03-14,21.4,21.8,23.0,22.6,22.1,20.0,20.7,21.7,21.6,22.2,22.18,0.63,0.94,21,67,30.1,19.63,0.0,0.9508,0.3098,22.6,24.6,24.6,station
2026-03-15,11.4,8.3,10.9,10.6,8.6,10.3,8.9,11.9,9.4,9.8,9.96,1.41,-0.1,58,91,28.0,8.33,5.0,0.956,0.2934,9.6,9.8,9.8,station
2026-03-16,9.1,9.1,10.7,11.9,8.8,10.2,9.3,9.1,12.3,11.1,9.92,1.33,-0.48,53,84,10.4,18.3,0.0,0.9609,0.2769,9.1,11.7,11.7,station
2026-03-17,20.2,23.0,21.3,20.9,18.3,20.1,23.0,19.9,21.4,19.7,20.74,1.71,-0.08,36,45,17.3,18.67,0.0,0.9655,0.2604,20.5,22.6,22.6,station
2026-03-18,25.1,27.8,25.9,26.0,24.1,25.2,27.7,23.9,25.6,23.3,25.78,1.36,0.64,21,24,23.1,20.98,0.0,0.9698,0.2437,25.7,27.2,27.2,station
2026-03-19,27.8,30.0,27.9,28.1,27.1,26.7,29.5,26.4,27.6,26.6,28.18,1.08,0.82,17,1,22.8,21.37,0.0,0.9739,0.227,28.8,29.1,29.1,station
2026-03-20,27.9,30.2,27.4,29.0,27.8,27.9,29.8,26.7,28.3,27.6,28.46,1.14,0.4,15,2,23.4,21.55,0.0,0.9777,0.2102,29.0,28.9,28.9,station
2026-03-21,30.6,31.9,30.4,31.1,30.0,31.0,31.4,29.4,30.6,30.3,30.8,0.73,0.26,13,46,16.0,21.4,0.0,0.9811,0.1934,30.6,30.9,30.9,station
2026-03-22,16.8,17.0,18.4,16.6,18.8,19.0,16.6,18.4,21.5,19.6,17.52,1.01,-1.5,43,71,25.6,19.45,0.0,0.9843,0.1765,17.3,17.1,17.1,station
2026-03-23,22.8,20.2,22.1,22.4,22.5,23.9,22.2,20.5,24.3,22.0,22.0,1.04,-0.58,35,98,22.1,15.4,0.1,0.9872,0.1595,22.7,21.1,21.1,station
2026-03-24,25.9,27.7,27.5,27.2,26.5,25.8,27.5,25.7,28.3,27.4,26.96,0.75,0.02,29,66,15.1,19.68,0.0,0.9898,0.1425,27.4,26.3,26.3,station
2026-03-25,30.1,31.7,29.8,29.8,30.1,29.6,31.4,29.1,30.5,29.6,30.3,0.8,0.26,22,28,18.7,21.77,0.0,0.9921,0.1255,30.3,30.2,30.2,station
2026-03-26,28.0,20.4,28.9,27.1,27.8,27.6,25.2,26.8,21.1,26.2,26.44,3.44,1.06,32,47,24.2,20.84,0.0,0.9941,0.1084,25.0,24.4,24.4,station
2026-03-27,11.9,9.8,14.0,12.5,12.8,11.1,9.4,9.8,11.7,12.0,12.2,1.54,1.4,47,85,29.3,11.58,0.0,0.9958,0.0913,11.3,12.6,12.6,station
2026-03-28,25.7,25.4,26.4,27.1,25.1,26.1,24.7,24.3,26.4,25.8,25.94,0.81,0.48,34,88,23.7,17.74,0.0,0.9972,0.0741,25.6,26.7,26.7,station
2026-03-29,25.1,26.0,25.7,26.4,24.6,25.3,25.7,24.8,25.3,24.4,25.56,0.72,0.46,20,65,15.5,21.05,0.0,0.9984,0.057,25.1,,,
2026-03-30,25.4,26.3,26.1,26.1,24.0,26.0,25.6,24.3,26.1,23.9,25.58,0.95,0.4,20,78,15.9,19.16,0.0,0.9992,0.0398,25.3,25.3,25.3,station
2026-03-31,17.9,15.2,18.3,13.7,17.8,15.4,14.3,18.5,14.2,16.4,16.58,2.02,0.82,42,96,19.2,16.14,0.0,0.9997,0.0226,15.0,14.4,14.4,station
2026-04-01,17.8,8.9,18.6,13.7,16.3,19.2,8.2,15.2,11.5,17.5,15.06,3.92,0.74,70,100,13.9,11.4,9.6,1.0,0.0054,12.1,11.7,11.7,station
2026-04-02,21.8,20.7,21.8,21.6,20.9,22.0,21.3,22.6,22.1,20.6,21.36,0.52,-0.36,50,18,28.1,22.15,0.0,0.9999,-0.0118,22.1,21.9,21.9,station
2026-04-03,11.3,11.1,11.4,11.5,11.5,12.6,10.1,12.4,12.1,11.5,11.36,0.17,-0.38,33,34,34.9,24.18,0.0,0.9996,-0.029,10.3,11.8,11.8,station
2026-04-04,14.5,15.0,14.5,16.0,14.7,14.8,15.4,16.0,16.0,15.0,14.94,0.63,-0.5,41,7,16.2,24.04,0.0,0.9989,-0.0462,15.0,15.6,15.6,station
2026-04-05,18.3,19.6,18.9,19.0,18.2,18.0,18.6,18.7,17.8,18.4,18.8,0.57,0.5,30,4,15.2,24.34,0.0,0.998,-0.0634,18.9,21.0,21.0,station
2026-04-06,20.5,18.5,21.3,20.7,20.9,20.1,16.7,20.0,20.9,19.8,20.38,1.09,0.88,34,64,23.3,23.94,0.0,0.9968,-0.0805,19.2,20.6,20.6,station
2026-04-07,21.4,21.0,20.8,21.6,21.4,20.8,20.4,19.8,20.4,21.2,21.24,0.33,0.72,42,67,21.1,20.49,0.1,0.9952,-0.0977,21.1,20.7,20.7,station
2026-04-08,22.4,18.8,22.6,25.4,21.4,20.0,23.9,21.6,22.6,19.0,22.12,2.38,0.7,30,54,21.1,22.35,0.8,0.9934,-0.1148,21.9,21.9,21.9,station
2026-04-09,24.2,22.3,22.8,16.7,22.5,23.3,13.1,23.3,22.2,22.4,21.7,2.89,0.84,40,72,12.2,20.39,0.6,0.9913,-0.1319,23.1,22.2,22.2,station
2026-04-10,18.8,16.0,23.7,,20.9,19.7,8.0,21.8,20.7,22.0,19.85,3.26,1.41,46,90,23.0,19.74,0.6,0.9889,-0.1489,21.3,16.3,16.3,station
2026-04-11,24.8,23.4,22.4,,23.2,24.4,11.9,23.4,23.7,23.5,23.45,1.0,2.07,34,87,25.4,19.08,0.3,0.9861,-0.1659,24.0,24.4,24.4,station
2026-04-12,24.1,23.6,24.0,,21.7,23.5,22.8,23.2,24.3,21.7,23.35,1.12,0.25,20,42,20.8,22.05,0.1,0.9831,-0.1828,23.9,22.8,22.8,station
2026-04-13,21.6,21.8,22.3,20.5,20.5,23.5,21.9,20.6,21.0,21.5,21.34,0.81,-0.36,17,74,20.3,23.16,0.0,0.9799,-0.1997,22.5,22.6,22.6,station
2026-04-14,15.1,12.7,19.5,15.8,17.3,17.5,13.4,17.9,14.1,16.1,16.08,2.53,0.28,35,74,20.1,13.79,0.5,0.9763,-0.2165,14.1,13.7,13.7,station
2026-04-15,18.3,19.5,18.3,19.0,18.0,19.8,19.6,19.3,19.6,18.0,18.62,0.61,-0.64,30,18,19.2,25.96,0.0,0.9724,-0.2333,18.2,20.2,20.2,station
2026-04-16,23.6,24.4,23.9,22.8,22.7,23.7,24.0,23.2,23.5,22.7,23.48,0.73,0.06,21,45,28.3,22.77,0.0,0.9683,-0.25,23.2,24.1,24.1,station
2026-04-17,15.4,12.7,11.9,13.6,9.5,15.5,13.2,14.6,13.1,9.3,12.62,2.18,-0.52,60,42,26.4,12.97,4.7,0.9638,-0.2666,14.1,14.6,14.6,station
2026-04-18,12.9,13.4,12.5,14.6,12.9,12.9,13.7,14.3,14.7,12.1,13.26,0.81,-0.28,35,28,16.4,27.36,0.0,0.9591,-0.2831,13.8,13.3,13.3,station
2026-04-19,20.4,22.5,20.7,21.0,20.2,20.9,22.1,20.9,21.4,20.5,20.96,0.91,-0.2,20,21,14.3,27.38,0.0,0.9541,-0.2996,22.0,22.2,22.2,station
2026-04-20,25.6,26.8,25.3,25.1,24.2,25.6,26.5,24.2,24.5,23.7,25.4,0.94,0.5,12,49,15.1,26.93,0.0,0.9488,-0.316,25.7,25.8,25.8,station
2026-04-21,27.2,28.8,27.2,27.5,26.9,27.5,28.4,26.2,27.1,26.7,27.52,0.75,0.34,11,35,23.8,25.59,0.0,0.9432,-0.3322,28.9,28.6,28.6,station
2026-04-22,27.3,27.8,27.5,27.9,25.9,27.5,27.7,27.1,27.8,25.7,27.28,0.81,0.12,13,70,31.9,26.45,0.0,0.9373,-0.3484,27.0,28.2,28.2,station
2026-04-23,17.3,17.7,16.5,16.9,17.8,17.9,18.1,16.6,17.4,17.3,17.24,0.55,-0.22,18,21,19.8,24.81,0.6,0.9312,-0.3645,16.6,18.1,18.1,station
2026-04-24,22.3,21.0,22.0,22.2,21.0,22.2,21.2,20.9,21.4,20.7,21.7,0.65,0.42,19,39,17.3,26.16,0.0,0.9248,-0.3804,22.2,22.2,22.2,station
2026-04-25,15.4,9.8,16.9,13.8,15.8,16.3,10.4,15.2,15.4,18.4,14.34,2.77,-0.8,53,73,19.0,23.25,0.0,0.9181,-0.3963,13.0,12.8,12.8,station
2026-04-26,16.3,11.1,17.6,14.9,15.9,17.1,12.3,14.8,14.4,16.7,15.16,2.47,0.1,69,81,20.2,20.42,1.8,0.9112,-0.412,12.3,11.9,11.9,station
2026-04-27,12.0,8.9,13.8,14.0,13.2,13.5,8.8,10.0,12.7,15.2,12.38,2.1,0.34,75,77,19.3,15.06,6.1,0.9039,-0.4276,13.0,11.1,11.1,station
2026-04-28,12.9,12.3,13.0,13.3,12.1,12.8,11.9,15.0,14.6,11.4,12.72,0.5,-0.42,67,58,15.9,22.67,3.1,0.8965,-0.4431,12.4,14.8,14.8,station
2026-04-29,12.0,12.6,13.6,13.3,13.6,13.0,11.9,14.4,13.9,13.2,13.02,0.7,-0.26,69,65,19.7,22.2,3.2,0.8887,-0.4585,13.1,14.2,14.2,station
2026-04-30,7.3,6.1,9.2,9.2,8.7,5.7,6.5,10.7,7.5,7.7,8.1,1.36,0.48,83,96,15.6,11.93,5.1,0.8807,-0.4737,7.4,8.0,8.0,station
2026-05-01,14.3,15.0,15.5,14.6,13.9,13.7,14.4,15.2,14.2,12.8,14.66,0.62,0.6,55,33,11.2,27.85,0.0,0.8724,-0.4888,15.3,15.6,15.6,station
2026-05-02,19.3,21.2,20.2,20.6,19.8,18.9,20.8,20.5,20.1,19.4,20.22,0.73,0.28,38,2,20.3,29.08,0.0,0.8639,-0.5037,19.7,22.1,22.1,station
2026-05-03,21.9,22.9,23.9,23.4,22.7,22.5,22.7,22.5,23.0,22.3,22.96,0.75,0.36,29,73,17.5,23.06,0.6,0.8551,-0.5185,23.2,23.9,23.9,station
2026-05-04,20.7,21.4,22.0,21.5,22.1,22.4,21.0,22.1,20.9,22.1,21.54,0.56,-0.16,38,85,16.5,19.4,1.8,0.846,-0.5331,22.8,22.5,22.5,station
2026-05-05,9.3,8.1,9.8,8.5,7.5,8.2,8.3,9.8,8.7,10.0,8.64,0.92,-0.36,91,100,17.8,4.49,14.9,0.8367,-0.5476,8.8,8.2,8.2,station
2026-05-06,1.8,3.2,2.8,5.4,5.3,0.9,4.5,1.0,2.6,2.2,3.7,1.59,1.46,89,60,13.7,22.51,12.8,0.8272,-0.5619,1.4,3.7,3.7,station
2026-05-07,18.9,18.2,20.3,20.8,18.2,17.4,17.5,18.6,20.2,17.9,19.28,1.21,0.96,56,47,20.4,27.99,1.1,0.8174,-0.5761,18.2,21.3,21.3,station
2026-05-08,18.1,18.9,21.4,18.6,18.9,17.9,19.0,20.2,20.5,19.8,19.18,1.28,-0.3,64,27,18.6,27.48,0.0,0.8074,-0.59,17.9,20.6,20.6,station
2026-05-09,23.2,22.3,25.5,23.8,22.5,23.7,21.6,24.5,24.4,23.3,23.46,1.29,-0.04,43,50,24.5,27.08,3.5,0.7971,-0.6038,22.7,23.9,23.9,station
2026-05-10,18.9,19.8,20.4,19.4,19.3,19.0,19.2,20.0,19.0,19.0,19.56,0.57,0.32,60,38,16.8,28.44,0.5,0.7866,-0.6175,18.7,20.9,20.9,station
2026-05-11,28.2,29.1,28.9,28.4,27.7,27.5,28.7,28.1,29.6,27.5,28.46,0.56,0.18,40,12,15.9,29.3,0.0,0.7759,-0.6309,28.7,29.2,29.2,station
2026-05-12,24.3,23.7,25.9,24.0,25.4,24.0,24.0,24.1,24.1,25.4,24.66,0.94,0.34,29,12,16.8,29.52,0.0,0.7649,-0.6442,25.0,26.1,26.1,station
2026-05-13,31.3,29.5,32.5,31.5,30.9,30.7,29.1,30.6,31.5,30.3,31.14,1.09,0.7,27,32,25.6,26.36,0.5,0.7537,-0.6572,31.4,31.1,31.1,station
2026-05-14,28.9,29.1,29.7,30.0,28.1,29.4,28.2,28.7,29.9,27.8,29.16,0.74,0.36,18,49,22.9,27.7,0.3,0.7423,-0.6701,29.8,29.2,29.2,station
2026-05-15,27.3,27.5,28.7,28.0,27.5,28.2,27.1,26.6,28.0,27.7,27.8,0.57,0.28,27,22,22.9,28.75,0.3,0.7306,-0.6828,27.1,28.3,28.3,station
2026-05-16,24.9,25.3,28.1,26.0,25.1,25.6,26.0,26.2,28.0,25.3,25.88,1.31,-0.34,35,30,14.9,26.77,1.1,0.7188,-0.6952,25.5,25.0,25.0,station
2026-05-17,19.4,17.4,21.9,17.8,18.3,19.1,17.2,21.7,20.2,21.4,18.96,1.81,-0.96,60,49,17.9,23.77,8.1,0.7067,-0.7075,18.4,20.0,20.0,station
2026-05-18,10.3,7.4,10.1,9.4,8.3,10.2,8.2,8.2,11.5,7.7,9.1,1.23,-0.06,85,100,19.0,9.28,11.3,0.6945,-0.7195,6.6,6.8,6.8,station
2026-05-19,9.7,8.3,8.1,8.4,9.8,10.6,8.2,10.8,10.7,9.3,8.86,0.82,-1.06,73,99,14.1,12.27,2.8,0.682,-0.7314,10.6,9.3,9.3,station
2026-05-20,13.2,13.3,11.5,14.4,13.3,12.8,13.9,14.7,15.1,15.2,13.14,1.04,-1.2,76,84,21.4,18.67,4.2,0.6693,-0.743,13.3,13.3,13.3,station
2026-05-21,17.8,18.3,22.1,19.2,19.6,17.4,16.7,20.1,18.7,18.1,19.4,1.67,1.2,64,32,24.5,26.83,0.5,0.6564,-0.7544,18.8,22.5,22.5,station
2026-05-22,16.8,15.2,18.1,16.9,17.1,16.5,15.9,18.3,16.0,16.1,16.82,1.04,0.26,65,57,19.7,28.94,9.4,0.6433,-0.7656,16.3,17.5,17.5,station
2026-05-23,20.9,22.8,23.5,22.1,23.1,21.0,22.6,21.6,21.8,22.4,22.48,1.02,0.6,52,20,16.7,29.04,1.2,0.6301,-0.7765,21.7,24.0,24.0,station
2026-05-24,25.8,27.4,27.5,26.1,27.1,25.8,26.9,26.9,26.7,27.1,26.78,0.78,0.1,33,12,16.6,30.36,0.1,0.6166,-0.7873,26.4,28.3,28.3,station
2026-05-25,26.9,28.0,29.5,28.2,28.4,26.4,27.4,27.5,27.4,28.3,28.2,0.93,0.8,34,38,24.8,29.41,0.1,0.603,-0.7978,27.7,28.6,28.6,station
2026-05-26,26.5,25.2,24.0,25.1,25.9,25.9,24.6,24.7,25.4,26.1,25.34,0.94,0.0,44,88,29.0,28.04,0.6,0.5892,-0.808,25.3,26.3,26.3,station
2026-05-27,20.5,20.2,21.0,20.8,21.6,21.9,20.4,23.6,22.3,20.6,20.82,0.53,-0.94,64,94,19.3,14.44,4.7,0.5752,-0.818,19.6,19.8,19.8,station
2026-05-28,24.3,22.4,25.3,22.9,22.6,24.3,21.9,21.3,24.1,22.6,23.5,1.25,0.66,71,75,24.0,25.1,3.3,0.561,-0.8278,23.8,26.1,26.1,station
2026-05-29,23.0,23.0,29.7,25.9,25.2,24.8,24.6,27.6,27.3,25.4,25.36,2.75,-0.58,44,61,20.6,26.79,0.1,0.5467,-0.8373,27.0,28.0,28.0,station
2026-05-30,24.2,22.2,24.8,23.8,22.8,23.5,21.0,25.3,24.3,20.3,23.56,1.05,0.68,49,21,16.0,28.52,2.8,0.5322,-0.8466,23.8,23.2,23.2,station
2026-05-31,26.2,26.8,27.1,26.4,24.6,26.2,25.9,26.1,26.3,24.6,26.22,0.97,0.4,30,23,14.9,28.97,0.1,0.5176,-0.8556,25.5,27.1,27.1,station
2026-06-01,24.5,24.7,27.4,26.1,26.4,24.5,25.0,25.9,24.2,25.9,25.82,1.22,0.72,51,43,19.6,26.45,3.0,0.5028,-0.8644,24.9,26.3,26.3,station
2026-06-02,24.8,25.0,25.9,24.5,25.2,25.0,23.8,28.9,25.3,25.2,25.08,0.53,-0.56,60,55,23.2,22.85,0.1,0.4878,-0.8729,24.6,24.7,24.7,station
2026-06-03,28.8,26.5,30.3,29.1,25.7,26.7,26.7,27.7,27.4,26.0,28.08,1.91,1.18,52,75,21.9,27.08,0.4,0.4728,-0.8812,25.9,25.6,25.6,station
2026-06-04,29.9,30.8,30.6,30.1,28.9,30.1,30.2,30.4,29.7,28.8,30.06,0.74,0.22,35,18,18.7,29.57,0.0,0.4575,-0.8892,29.9,30.8,30.8,station
2026-06-05,28.3,29.6,31.7,28.7,30.2,28.8,29.6,28.9,29.5,30.6,29.7,1.34,0.22,38,31,17.1,27.85,0.9,0.4422,-0.8969,28.0,31.1,31.1,station
2026-06-06,33.0,31.9,33.1,32.6,,32.6,32.1,31.8,32.8,31.3,32.65,0.54,0.53,27,17,31.5,30.39,0.3,0.4267,-0.9044,32.7,33.6,33.6,station
2026-06-07,33.5,32.6,33.4,32.5,,32.7,32.1,32.9,32.6,31.2,33.0,0.52,0.7,22,30,22.7,28.5,0.9,0.4111,-0.9116,32.9,33.7,33.7,station
2026-06-08,27.4,25.7,31.9,28.3,,27.9,26.7,31.7,29.0,29.3,28.32,2.62,-0.59,42,61,19.0,22.19,0.2,0.3953,-0.9185,24.9,28.0,28.0,station
2026-06-09,33.3,32.2,31.8,33.0,,33.7,33.1,32.8,33.8,31.0,32.58,0.69,-0.3,41,25,31.1,30.46,0.0,0.3795,-0.9252,32.0,34.1,34.1,station
2026-06-10,32.2,30.5,31.3,31.0,29.5,33.6,30.3,31.8,32.0,29.8,30.9,1.0,-0.6,29,14,19.2,31.02,0.0,0.3635,-0.9316,31.9,30.8,30.8,station
2026-06-11,24.3,24.0,24.4,23.3,23.7,25.2,23.4,24.9,23.1,23.6,23.94,0.45,-0.1,20,1,24.5,32.96,0.0,0.3474,-0.9377,24.7,25.7,25.7,station
2026-06-12,32.3,32.1,32.8,31.0,30.2,32.7,30.7,31.6,31.0,30.4,31.68,1.06,0.4,17,13,27.5,32.04,0.0,0.3312,-0.9436,32.1,33.2,33.2,station
2026-06-13,25.5,23.5,29.8,24.0,27.2,25.0,22.5,24.8,25.4,28.5,26.0,2.57,0.76,32,19,22.7,30.65,0.0,0.3149,-0.9491,25.6,26.3,26.3,station
2026-06-14,22.5,20.2,24.3,23.2,23.6,22.7,20.7,24.0,18.1,21.0,22.76,1.57,1.46,48,83,19.8,22.18,2.9,0.2986,-0.9544,22.7,22.4,22.4,station
2026-06-15,26.4,26.5,26.4,25.8,25.5,26.7,26.0,26.9,25.3,25.8,26.12,0.44,-0.02,42,17,15.1,30.75,0.0,0.2821,-0.9594,26.0,27.2,27.2,station
2026-06-16,33.4,33.1,32.3,32.7,31.0,31.6,32.9,32.7,32.7,30.0,32.5,0.94,0.52,23,31,22.2,31.95,0.0,0.2656,-0.9641,33.1,34.3,34.3,station
2026-06-17,35.1,32.4,33.7,33.0,33.2,35.4,33.3,35.6,31.1,32.7,33.48,1.02,-0.14,19,17,22.6,30.79,0.7,0.2489,-0.9685,32.3,34.0,34.0,station
2026-06-18,30.5,29.1,31.7,29.8,29.6,31.5,28.7,29.5,31.2,30.3,30.14,1.01,-0.1,27,26,25.6,31.71,0.2,0.2322,-0.9727,30.3,30.9,30.9,station
2026-06-19,29.4,27.3,31.0,28.9,28.4,30.2,27.4,29.1,30.1,29.7,29.0,1.36,-0.3,33,25,24.6,31.17,0.0,0.2155,-0.9765,27.2,28.2,28.2,station
2026-06-20,33.3,31.2,34.5,34.2,32.0,35.5,31.9,34.6,35.8,30.1,33.04,1.42,-0.54,49,25,20.9,26.44,0.1,0.1986,-0.9801,30.9,31.1,31.1,station
2026-06-21,33.1,29.8,32.1,30.5,29.2,32.2,30.0,32.4,32.1,28.9,30.94,1.62,-0.18,45,35,24.5,27.85,1.3,0.1818,-0.9833,32.1,30.7,30.7,station
2026-06-22,29.8,30.9,32.0,31.0,29.2,29.6,30.1,30.4,30.7,28.3,30.58,1.1,0.76,42,22,21.2,26.87,0.9,0.1648,-0.9863,29.7,31.7,31.7,station
2026-06-23,27.4,25.5,30.1,26.4,25.0,27.3,25.1,30.2,26.8,26.2,26.88,2.02,-0.24,59,32,18.6,27.04,0.7,0.1478,-0.989,26.7,27.8,27.8,station
2026-06-24,28.5,27.6,33.0,28.7,30.9,28.7,27.7,31.6,31.0,31.9,29.74,2.19,-0.44,61,44,16.1,26.95,4.6,0.1308,-0.9914,30.0,30.4,30.4,station
2026-06-25,23.6,21.3,19.9,24.9,24.2,22.1,21.3,29.0,22.6,24.1,22.78,2.1,-1.04,79,62,17.8,22.51,17.3,0.1137,-0.9935,23.3,25.0,25.0,station
2026-06-26,28.7,30.2,29.5,30.0,29.3,28.3,29.5,32.1,31.3,29.7,29.54,0.59,-0.64,47,27,23.4,27.91,1.6,0.0966,-0.9953,30.8,31.4,31.4,station
2026-06-27,34.5,34.9,34.1,34.1,30.8,33.5,34.5,35.0,34.2,30.2,33.68,1.64,0.2,24,11,29.9,30.84,0.0,0.0795,-0.9968,35.3,36.1,36.1,station
2026-06-28,35.0,33.7,35.2,34.9,32.9,35.1,32.8,36.2,35.3,32.6,34.34,1.0,-0.06,23,7,29.7,30.63,0.0,0.0623,-0.9981,32.5,34.4,34.4,station
2026-06-29,32.1,30.9,30.5,29.7,29.6,31.6,30.5,32.0,30.1,30.9,30.56,1.02,-0.46,24,2,22.6,32.25,0.0,0.0451,-0.999,32.0,31.7,31.7,station
2026-06-30,31.1,31.1,32.3,30.7,30.9,31.6,30.8,32.8,32.6,29.5,31.22,0.63,-0.24,31,14,29.5,29.14,0.3,0.028,-0.9996,32.6,32.9,32.9,station
2026-07-01,31.2,31.1,33.2,30.5,29.7,30.7,30.6,33.3,30.4,31.5,31.14,1.3,-0.16,33,18,31.8,29.34,0.0,0.0108,-0.9999,30.9,32.0,32.0,station
2026-07-02,31.4,31.5,33.5,31.2,31.5,35.6,31.3,34.5,32.0,31.9,31.82,0.95,-1.24,41,22,20.5,28.09,0.5,-0.0065,-1.0,30.3,31.3,31.3,station
2026-07-03,33.4,32.0,32.8,32.3,30.9,33.9,31.1,33.7,32.2,31.6,32.28,0.94,-0.22,33,27,18.9,29.4,0.2,-0.0237,-0.9997,31.1,33.1,33.1,station
2026-07-04,30.5,30.9,30.5,30.4,30.2,30.5,30.4,33.0,32.2,30.5,30.5,0.25,-0.82,39,23,22.1,27.76,2.0,-0.0408,-0.9992,31.9,31.4,31.4,station
2026-07-05,34.4,34.4,34.1,32.9,32.2,33.5,33.9,34.3,32.2,31.9,33.6,1.0,0.44,24,6,27.1,30.5,0.0,-0.058,-0.9983,34.4,34.7,34.7,station
2026-07-06,36.0,34.6,35.7,34.9,34.3,36.0,34.3,36.3,34.6,33.9,35.1,0.72,0.08,18,48,27.7,26.69,0.0,-0.0752,-0.9972,35.8,35.4,35.4,station
2026-07-07,36.2,34.2,35.7,35.3,34.5,35.5,33.6,34.5,34.7,33.8,35.18,0.83,0.76,26,36,27.9,26.42,0.2,-0.0923,-0.9957,35.8,36.0,36.0,station
2026-07-08,32.4,32.4,33.7,33.8,31.5,31.8,32.8,34.4,34.2,31.0,32.76,0.98,-0.08,35,28,23.1,27.04,1.1,-0.1094,-0.994,33.4,33.9,33.9,station
2026-07-09,31.3,31.5,31.6,32.5,31.5,31.0,31.1,33.0,32.0,29.6,31.68,0.47,0.34,39,41,19.2,28.07,0.1,-0.1265,-0.992,32.5,32.6,32.6,station
2026-07-10,32.3,31.0,31.6,31.7,31.5,29.8,30.9,32.7,29.9,30.2,31.62,0.47,0.92,40,15,18.6,29.43,0.2,-0.1436,-0.9896,31.5,32.4,32.4,station
2026-07-11,35.1,35.0,35.2,34.4,34.0,35.4,34.5,36.6,34.7,33.7,34.74,0.52,-0.24,29,12,24.2,30.13,0.0,-0.1606,-0.987,34.6,35.3,35.3,station
2026-07-12,34.5,34.5,34.8,34.2,33.5,35.0,33.9,35.0,34.4,33.6,34.3,0.49,-0.08,30,9,24.0,29.46,0.0,-0.1775,-0.9841,35.0,35.7,35.7,station
2026-07-13,35.7,35.6,35.5,35.1,33.7,35.4,35.1,36.2,34.8,33.1,35.12,0.83,0.2,31,13,29.0,29.01,0.0,-0.1944,-0.9809,35.0,35.9,35.9,station
2026-07-14,33.1,33.5,33.8,33.2,32.4,33.8,33.4,35.0,33.6,32.5,33.2,0.52,-0.46,34,26,29.4,29.9,0.2,-0.2113,-0.9774,34.7,35.0,35.0,station
2026-07-15,33.4,33.0,32.9,33.0,32.1,33.4,32.7,34.4,32.4,31.9,32.88,0.48,-0.08,32,13,29.1,28.37,0.4,-0.2281,-0.9736,33.5,34.7,34.7,station
2026-07-16,32.6,32.1,32.4,32.3,32.0,33.0,31.9,33.8,32.4,32.3,32.28,0.24,-0.4,32,24,26.6,27.17,0.0,-0.2448,-0.9696,32.5,33.9,33.9,station
2026-07-17,33.3,33.4,32.5,32.8,31.9,33.6,33.1,34.8,33.1,32.3,32.78,0.61,-0.6,32,24,21.5,27.91,0.1,-0.2614,-0.9652,32.7,33.9,33.9,station
2026-07-18,33.6,33.9,32.6,33.0,32.4,34.2,33.9,35.2,33.2,32.9,33.1,0.64,-0.78,34,13,16.5,27.41,0.0,-0.278,-0.9606,32.9,34.4,34.4,station
2026-07-19,35.9,36.2,35.5,35.6,34.5,36.1,35.8,37.1,35.3,34.4,35.54,0.64,-0.2,29,9,19.6,29.58,0.0,-0.2945,-0.9557,36.2,36.5,36.5,station
2026-07-20,36.2,36.7,37.0,36.8,35.4,37.2,36.0,37.6,36.5,35.0,36.42,0.64,-0.04,26,14,23.4,29.25,0.3,-0.3109,-0.9505,37.4,37.9,37.9,station
2026-07-21,34.5,32.6,34.7,34.5,33.3,34.7,31.4,36.5,32.2,32.5,33.92,0.92,0.46,38,23,24.1,28.32,0.3,-0.3272,-0.945,34.0,36.1,36.1,station
2026-07-22,33.1,31.6,34.5,34.7,34.7,29.9,31.3,35.9,34.7,34.4,33.72,1.36,0.48,60,32,23.1,25.99,6.1,-0.3434,-0.9392,32.3,34.4,34.4,station
2026-07-23,28.7,27.7,30.8,30.9,30.9,28.6,28.4,32.1,30.1,28.2,29.8,1.5,0.32,67,39,24.1,24.84,11.8,-0.3595,-0.9332,27.9,29.4,29.4,station
2026-07-24,33.2,34.7,34.6,34.6,32.1,32.7,34.0,36.2,33.5,31.7,33.84,1.15,0.22,55,15,20.7,27.63,2.6,-0.3755,-0.9268,34.6,35.4,35.4,station
2026-07-25,37.5,36.4,37.5,37.0,35.2,35.3,35.9,38.2,36.9,34.5,36.72,0.96,0.56,33,32,26.8,27.26,0.7,-0.3914,-0.9202,37.6,38.6,38.6,station
2026-07-26,38.0,37.1,38.4,38.3,36.6,36.9,36.2,37.7,37.6,36.7,37.68,0.79,0.66,30,40,20.6,27.2,0.2,-0.4071,-0.9134,37.5,38.2,38.2,station
2026-07-27,32.2,31.7,35.2,35.5,33.1,33.2,31.3,36.6,37.0,36.1,33.54,1.73,-1.3,38,78,16.2,19.97,0.6,-0.4228,-0.9062,31.4,33.3,33.3,station
2026-07-28,32.7,30.6,33.5,32.2,32.2,30.5,29.5,36.7,33.1,31.2,32.24,1.06,0.04,53,65,17.5,23.41,3.2,-0.4383,-0.8988,32.6,,,
