datum,p1_ifs,p1_aifs,p1_gfs,p1_icon,p1_gem,p2_ifs,p2_aifs,p2_gfs,p2_icon,p2_gem,mm_gem,mm_spreiding,run2run,rh_gem,bewolking_gem,wind_max,instraling_som,neerslag_som,doy_sin,doy_cos,era5_max,station_max,doel,doelbron
2021-01-01,,,,,,,,,,,,,,81,7,8.9,12.29,0.0,0.0172,0.9999,21.1,22.0,22.0,station
2021-01-02,,,,,,,,,,,,,,80,59,9.0,11.1,0.0,0.0344,0.9994,20.9,21.0,21.0,station
2021-01-03,,,,,,,,,,,,,,82,23,10.6,12.16,0.0,0.0516,0.9987,20.6,20.0,20.0,station
2021-01-04,,,,,,,,,,,,,,74,23,16.2,12.03,0.0,0.0688,0.9976,24.7,25.0,25.0,station
2021-01-05,,,,,,,,,,,,,,74,16,17.0,12.14,0.0,0.0859,0.9963,22.6,22.0,22.0,station
2021-01-06,,,,,,,,,,,,,,77,65,10.2,11.38,0.0,0.103,0.9947,23.3,23.0,23.0,station
2021-01-07,,,,,,,,,,,,,,58,16,10.5,12.69,0.1,0.1201,0.9928,22.9,23.0,23.0,station
2021-01-08,,,,,,,,,,,,,,42,43,15.3,12.87,0.0,0.1372,0.9905,24.5,25.0,25.0,station
2021-01-09,,,,,,,,,,,,,,51,20,12.8,12.8,0.0,0.1542,0.988,24.0,24.0,24.0,station
2021-01-10,,,,,,,,,,,,,,67,5,9.7,12.75,0.0,0.1712,0.9852,22.5,23.0,23.0,station
2021-01-11,,,,,,,,,,,,,,56,16,10.6,13.0,0.0,0.1881,0.9821,25.6,26.0,26.0,station
2021-01-12,,,,,,,,,,,,,,48,45,11.6,13.06,0.0,0.205,0.9788,27.3,27.0,27.0,station
2021-01-13,,,,,,,,,,,,,,44,98,20.6,8.21,0.4,0.2218,0.9751,26.4,25.0,25.0,station
2021-01-14,,,,,,,,,,,,,,81,66,23.8,6.06,10.4,0.2385,0.9711,16.4,18.0,18.0,station
2021-01-15,,,,,,,,,,,,,,88,57,17.4,7.39,2.7,0.2552,0.9669,16.2,15.0,15.0,station
2021-01-16,,,,,,,,,,,,,,67,34,20.2,11.02,0.3,0.2718,0.9624,17.7,18.0,18.0,station
2021-01-17,,,,,,,,,,,,,,59,53,30.2,11.48,3.6,0.2883,0.9575,18.2,19.0,19.0,station
2021-01-18,,,,,,,,,,,,,,86,61,18.1,7.57,8.8,0.3047,0.9524,13.9,14.0,14.0,station
2021-01-19,,,,,,,,,,,,,,68,56,31.2,7.72,8.7,0.3211,0.9471,15.7,17.0,17.0,station
2021-01-20,,,,,,,,,,,,,,71,66,30.9,9.4,9.5,0.3373,0.9414,14.1,15.0,15.0,station
2021-01-21,,,,,,,,,,,,,,64,11,12.4,14.04,0.0,0.3534,0.9355,15.4,16.0,16.0,station
2021-01-22,,,,,,,,,,,,,,55,14,14.0,14.44,0.0,0.3695,0.9292,17.8,18.0,18.0,station
2021-01-23,,,,,,,,,,,,,,37,22,13.7,14.72,0.0,0.3854,0.9227,19.4,19.0,19.0,station
2021-01-24,,,,,,,,,,,,,,62,0,9.7,14.6,0.0,0.4012,0.916,18.3,19.0,19.0,station
2021-01-25,,,,,,,,,,,,,,71,14,11.1,14.33,0.0,0.4169,0.9089,18.5,18.0,18.0,station
2021-01-26,,,,,,,,,,,,,,70,69,9.2,12.14,0.0,0.4325,0.9016,20.2,20.0,20.0,station
2021-01-27,,,,,,,,,,,,,,61,79,16.8,12.98,0.0,0.4479,0.8941,20.3,22.0,22.0,station
2021-01-28,,,,,,,,,,,,,,84,59,16.8,8.88,2.5,0.4633,0.8862,16.5,17.0,17.0,station
2021-01-29,,,,,,,,,,,,,,75,67,24.6,8.35,8.4,0.4784,0.8781,15.2,16.0,16.0,station
2021-01-30,,,,,,,,,,,,,,70,50,18.9,5.4,2.1,0.4935,0.8698,16.4,17.0,17.0,station
2021-01-31,,,,,,,,,,,,,,63,20,17.7,10.66,0.2,0.5084,0.8611,18.6,19.0,19.0,station
2021-02-01,,,,,,,,,,,,,,61,0,19.6,15.18,0.0,0.5231,0.8523,25.1,25.0,25.0,station
2021-02-02,,,,,,,,,,,,,,40,8,24.7,15.16,0.0,0.5377,0.8432,27.1,26.0,26.0,station
2021-02-03,,,,,,,,,,,,,,54,36,11.2,14.8,0.0,0.5521,0.8338,25.5,25.0,25.0,station
2021-02-04,,,,,,,,,,,,,,84,80,13.0,8.23,9.1,0.5664,0.8242,17.9,22.0,22.0,station
2021-02-05,,,,,,,,,,,,,,86,54,17.9,11.71,9.4,0.5805,0.8143,19.9,19.0,19.0,station
2021-02-06,,,,,,,,,,,,,,86,29,13.1,14.62,0.1,0.5944,0.8042,20.9,20.0,20.0,station
2021-02-07,,,,,,,,,,,,,,85,29,12.1,14.61,0.0,0.6081,0.7938,20.4,20.0,20.0,station
2021-02-08,,,,,,,,,,,,,,68,49,6.9,15.67,0.0,0.6217,0.7833,26.2,26.0,26.0,station
2021-02-09,,,,,,,,,,,,,,55,35,11.8,16.45,0.0,0.6351,0.7725,25.8,26.0,26.0,station
2021-02-10,,,,,,,,,,,,,,79,38,15.9,16.43,0.0,0.6483,0.7614,22.0,23.0,23.0,station
2021-02-11,,,,,,,,,,,,,,80,13,11.5,16.7,0.0,0.6613,0.7502,21.8,22.0,22.0,station
2021-02-12,,,,,,,,,,,,,,84,24,13.5,16.25,0.0,0.6741,0.7387,20.1,20.0,20.0,station
2021-02-13,,,,,,,,,,,,,,81,19,11.0,16.02,0.0,0.6867,0.727,19.9,20.0,20.0,station
2021-02-14,,,,,,,,,,,,,,81,1,10.5,17.07,0.0,0.6991,0.715,19.8,20.0,20.0,station
2021-02-15,,,,,,,,,,,,,,78,46,10.6,12.87,0.0,0.7113,0.7029,18.7,19.0,19.0,station
2021-02-16,,,,,,,,,,,,,,79,59,24.9,14.18,6.6,0.7233,0.6906,18.9,19.0,19.0,station
2021-02-17,,,,,,,,,,,,,,80,77,37.9,9.51,19.0,0.735,0.678,10.6,12.0,12.0,station
2021-02-18,,,,,,,,,,,,,,79,69,15.5,10.07,6.0,0.7466,0.6653,13.4,14.0,14.0,station
2021-02-19,,,,,,,,,,,,,,87,78,16.1,7.12,17.2,0.7579,0.6523,13.7,12.0,12.0,station
2021-02-20,,,,,,,,,,,,,,76,35,16.7,15.5,0.2,0.769,0.6392,16.3,16.0,16.0,station
2021-02-21,,,,,,,,,,,,,,60,24,13.0,17.27,0.0,0.7799,0.6259,17.1,17.0,17.0,station
2021-02-22,,,,,,,,,,,,,,62,29,13.2,17.78,0.0,0.7906,0.6124,20.3,20.0,20.0,station
2021-02-23,,,,,,,,,,,,,,47,49,25.4,15.87,0.0,0.801,0.5987,21.0,20.0,20.0,station
2021-02-24,,,,,,,,,,,,,,64,13,16.3,18.5,0.0,0.8112,0.5848,19.9,20.0,20.0,station
2021-02-25,,,,,,,,,,,,,,84,17,14.1,16.71,0.2,0.8211,0.5708,18.8,19.0,19.0,station
2021-02-26,,,,,,,,,,,,,,78,4,12.9,18.44,0.0,0.8308,0.5566,21.2,21.0,21.0,station
2021-02-27,,,,,,,,,,,,,,61,4,16.9,18.54,0.0,0.8402,0.5422,23.4,24.0,24.0,station
2021-02-28,,,,,,,,,,,,,,78,34,15.0,15.45,0.0,0.8495,0.5277,19.0,19.0,19.0,station
2021-03-01,,,,,,,,,,,,,,82,33,15.4,12.3,0.6,0.8584,0.513,17.4,18.0,18.0,station
2021-03-02,,,,,,,,,,,,,,76,28,18.7,16.03,2.9,0.8671,0.4981,17.2,18.0,18.0,station
2021-03-03,,,,,,,,,,,,,,72,48,18.6,13.34,1.5,0.8755,0.4831,16.7,17.0,17.0,station
2021-03-04,,,,,,,,,,,,,,81,60,17.7,12.06,5.0,0.8837,0.468,16.0,15.0,15.0,station
2021-03-05,,,,,,,,,,,,,,76,40,12.6,16.1,0.0,0.8916,0.4527,19.0,19.0,19.0,station
2021-03-06,,,,,,,,,,,,,,73,2,14.3,20.75,0.0,0.8993,0.4373,22.3,22.0,22.0,station
2021-03-07,,,,,,,,,,,,,,78,24,13.3,19.36,0.0,0.9067,0.4218,18.9,19.0,19.0,station
2021-03-08,,,,,,,,,,,,,,76,48,14.0,16.29,0.1,0.9138,0.4061,18.9,19.0,19.0,station
2021-03-09,,,,,,,,,,,,,,70,28,12.1,20.15,0.0,0.9207,0.3904,23.4,23.0,23.0,station
2021-03-10,,,,,,,,,,,,,,49,32,11.5,20.75,0.0,0.9272,0.3745,29.6,33.0,33.0,station
2021-03-11,,,,,,,,,,,,,,71,89,19.3,15.0,0.0,0.9335,0.3585,20.3,20.0,20.0,station
2021-03-12,,,,,,,,,,,,,,68,48,37.9,15.41,4.9,0.9396,0.3424,18.1,19.0,19.0,station
2021-03-13,,,,,,,,,,,,,,68,20,14.1,20.35,0.0,0.9453,0.3261,19.7,20.0,20.0,station
2021-03-14,,,,,,,,,,,,,,78,50,15.5,20.12,0.0,0.9508,0.3098,20.8,22.0,22.0,station
2021-03-15,,,,,,,,,,,,,,82,53,13.8,20.46,1.0,0.956,0.2934,22.0,22.0,22.0,station
2021-03-16,,,,,,,,,,,,,,80,43,14.8,18.17,0.0,0.9609,0.2769,21.4,22.0,22.0,station
2021-03-17,,,,,,,,,,,,,,69,16,16.9,21.17,0.0,0.9655,0.2604,20.4,22.0,22.0,station
2021-03-18,,,,,,,,,,,,,,68,47,15.9,17.69,0.8,0.9698,0.2437,19.0,20.0,20.0,station
2021-03-19,,,,,,,,,,,,,,69,25,13.1,20.32,0.0,0.9739,0.227,20.1,20.0,20.0,station
2021-03-20,,,,,,,,,,,,,,68,34,10.7,18.45,0.5,0.9777,0.2102,25.2,26.0,26.0,station
2021-03-21,,,,,,,,,,,,,,60,42,8.9,21.32,0.0,0.9811,0.1934,28.9,29.0,29.0,station
2021-03-22,,,,,,,,,,,,,,45,85,20.9,12.14,0.2,0.9843,0.1765,30.7,28.0,28.0,station
2021-03-23,,,,,,,,,,,,,,45,85,23.1,14.07,0.2,0.9872,0.1595,33.8,33.0,33.0,station
2021-03-24,,,18.9,,,,,,,,,,,65,41,30.3,19.07,1.2,0.9898,0.1425,18.9,19.0,19.0,station
2021-03-25,,,17.8,,,,,17.7,,,,,,61,47,16.8,17.53,0.1,0.9921,0.1255,17.1,17.0,17.0,station
2021-03-26,,,15.8,,,,,16.3,,,,,,72,54,20.0,14.09,1.5,0.9941,0.1084,15.9,16.0,16.0,station
2021-03-27,,,16.4,,,,,17.1,,,,,,60,58,15.7,17.75,0.0,0.9958,0.0913,17.5,17.0,17.0,station
2021-03-28,,,17.8,,,,,18.1,,,,,,62,34,16.2,18.28,0.0,0.9972,0.0741,17.9,18.0,18.0,station
2021-03-29,,,20.2,,,,,20.1,,,,,,64,12,18.8,23.43,0.0,0.9984,0.057,19.4,19.0,19.0,station
2021-03-30,,,20.1,,,,,21.5,,,,,,70,35,19.1,19.9,0.0,0.9992,0.0398,20.0,19.0,19.0,station
2021-03-31,,,19.2,,,,,19.1,,,,,,68,36,20.3,18.4,0.1,0.9997,0.0226,18.9,19.0,19.0,station
2021-04-01,,,18.9,,,,,19.6,,,,,,68,31,19.5,19.67,0.5,1.0,0.0054,19.2,20.0,20.0,station
2021-04-02,,,17.1,,,,,17.3,,,,,,70,44,25.6,15.07,3.6,0.9999,-0.0118,17.1,17.0,17.0,station
2021-04-03,,,19.2,,,,,19.2,,,,,,74,34,16.1,16.7,0.2,0.9996,-0.029,19.0,19.0,19.0,station
2021-04-04,,,21.6,,,,,22.3,,,,,,69,0,15.5,24.62,0.0,0.9989,-0.0462,21.7,22.0,22.0,station
2021-04-05,,,29.5,,,,,30.1,,,,,,49,0,13.5,24.35,0.0,0.998,-0.0634,30.9,29.0,29.0,station
2021-04-06,,,34.5,,,,,34.8,,,,,,25,31,24.4,24.79,0.0,0.9968,-0.0805,35.7,36.0,36.0,station
2021-04-07,,,30.1,,,,,30.0,,,,,,43,40,15.9,24.79,0.0,0.9952,-0.0977,29.7,29.0,29.0,station
2021-04-08,,,24.2,,,,,24.5,,,,,,72,28,15.3,23.78,0.0,0.9934,-0.1148,23.7,23.0,23.0,station
2021-04-09,,,21.0,,,,,21.1,,,,,,74,39,16.9,21.43,0.3,0.9913,-0.1319,21.2,21.0,21.0,station
2021-04-10,,,17.1,,,,,16.4,,,,,,54,76,28.8,12.11,0.3,0.9889,-0.1489,16.3,17.0,17.0,station
2021-04-11,,,18.0,,,,,18.0,,,,,,47,62,20.8,18.92,0.0,0.9861,-0.1659,19.2,19.0,19.0,station
2021-04-12,,,18.4,,,,,18.6,,,,,,58,50,14.6,20.51,0.1,0.9831,-0.1828,18.9,18.0,18.0,station
2021-04-13,,,20.4,,,,,20.3,,,,,,61,40,16.0,24.13,0.0,0.9799,-0.1997,20.2,20.0,20.0,station
2021-04-14,,,24.5,,,,,25.0,,,,,,57,20,16.8,25.35,0.0,0.9763,-0.2165,24.4,24.0,24.0,station
2021-04-15,,,27.7,,,,,27.3,,,,,,58,37,15.2,25.19,0.0,0.9724,-0.2333,27.1,27.0,27.0,station
2021-04-16,,,32.7,,,,,30.9,,,,,,57,30,19.9,24.86,0.0,0.9683,-0.25,30.2,29.0,29.0,station
2021-04-17,,,32.6,,,,,30.6,,,,,,57,10,14.4,25.27,0.0,0.9638,-0.2666,30.5,30.0,30.0,station
2021-04-18,,,36.2,,,,,37.0,,,,,,53,0,10.8,25.31,0.0,0.9591,-0.2831,34.8,34.0,34.0,station
2021-04-19,,,40.8,,,,,41.7,,,,,,34,89,14.0,22.74,0.0,0.9541,-0.2996,41.4,41.0,41.0,station
2021-04-20,,,29.5,,,,,31.1,,,,,,48,56,16.9,22.55,0.0,0.9488,-0.316,32.8,33.0,33.0,station
2021-04-21,,,24.6,,,,,24.3,,,,,,72,57,15.6,24.69,0.0,0.9432,-0.3322,24.2,23.0,23.0,station
2021-04-22,,,24.4,,,,,24.2,,,,,,70,19,16.8,25.58,0.0,0.9373,-0.3484,23.8,23.0,23.0,station
2021-04-23,,,27.1,,,,,26.2,,,,,,73,21,14.6,25.77,0.0,0.9312,-0.3645,25.1,24.0,24.0,station
2021-04-24,,,28.3,,,,,28.8,,,,,,78,14,13.8,24.35,0.1,0.9248,-0.3804,27.9,26.0,26.0,station
2021-04-25,,,28.8,,,,,28.4,,,,,,70,1,12.8,26.11,0.0,0.9181,-0.3963,28.2,28.0,28.0,station
2021-04-26,,,24.6,,,,,24.1,,,,,,64,43,22.6,21.47,0.0,0.9112,-0.412,22.8,22.0,22.0,station
2021-04-27,,,23.1,,,,,22.8,,,,,,71,36,14.7,24.09,0.0,0.9039,-0.4276,22.9,23.0,23.0,station
2021-04-28,,,27.1,,,,,27.4,,,,,,72,0,15.9,26.23,0.0,0.8965,-0.4431,25.8,25.0,25.0,station
2021-04-29,,,30.9,,,,,31.1,,,,,,72,5,13.3,26.42,0.0,0.8887,-0.4585,29.7,28.0,28.0,station
2021-04-30,,,32.6,,,,,32.7,,,,,,63,0,17.6,26.54,0.0,0.8807,-0.4737,31.6,29.0,29.0,station
2021-05-01,,,30.6,,,,,30.0,,,,,,53,14,14.3,26.88,0.0,0.8724,-0.4888,29.2,30.0,30.0,station
2021-05-02,,,30.6,,,,,30.4,,,,,,57,25,15.6,26.66,0.0,0.8639,-0.5037,30.4,30.0,30.0,station
2021-05-03,,,31.9,,,,,32.7,,,,,,53,13,16.2,26.63,0.0,0.8551,-0.5185,30.6,30.0,30.0,station
2021-05-04,,,33.2,,,,,32.4,,,,,,54,53,19.8,26.9,0.0,0.846,-0.5331,31.7,33.0,33.0,station
2021-05-05,,,32.3,,,,,31.9,,,,,,47,13,15.9,27.14,0.0,0.8367,-0.5476,32.9,33.0,33.0,station
2021-05-06,,,29.8,,,,,29.9,,,,,,56,8,18.4,26.68,0.0,0.8272,-0.5619,30.8,30.0,30.0,station
2021-05-07,,,29.1,,,,,29.0,,,,,,55,7,15.5,27.17,0.0,0.8174,-0.5761,29.0,29.0,29.0,station
2021-05-08,,,32.8,,,,,33.2,,,,,,62,0,17.4,27.25,0.0,0.8074,-0.59,31.6,32.0,32.0,station
2021-05-09,,,38.4,,,,,37.9,,,,,,40,39,19.5,25.01,0.0,0.7971,-0.6038,42.3,40.0,40.0,station
2021-05-10,,,30.3,,,,,30.7,,,,,,74,20,14.9,27.02,0.0,0.7866,-0.6175,29.6,30.0,30.0,station
2021-05-11,,,29.6,,,,,30.6,,,,,,70,31,18.6,27.39,0.0,0.7759,-0.6309,30.4,28.0,28.0,station
2021-05-12,,,27.2,,,,,27.8,,,,,,69,12,15.8,27.32,0.0,0.7649,-0.6442,27.5,28.0,28.0,station
2021-05-13,,,26.7,,,,,26.6,,,,,,73,25,15.8,27.23,0.0,0.7537,-0.6572,26.6,26.0,26.0,station
2021-05-14,,,27.3,,,,,27.3,,,,,,70,24,15.5,27.59,0.0,0.7423,-0.6701,27.3,26.0,26.0,station
2021-05-15,,,27.4,,,,,27.8,,,,,,72,14,16.0,26.96,0.0,0.7306,-0.6828,26.9,27.0,27.0,station
2021-05-16,,,29.9,,,,,29.1,,,,,,62,15,16.9,28.23,0.0,0.7188,-0.6952,30.5,29.0,29.0,station
2021-05-17,,,27.7,,,,,27.3,,,,,,65,26,15.8,27.48,0.0,0.7067,-0.7075,27.7,27.0,27.0,station
2021-05-18,,,27.1,,,,,27.5,,,,,,70,23,16.3,27.31,0.0,0.6945,-0.7195,27.3,26.0,26.0,station
2021-05-19,,,30.3,,,,,30.4,,,,,,71,2,16.3,27.84,0.0,0.682,-0.7314,29.4,28.0,28.0,station
2021-05-20,,,31.6,,,,,31.7,,,,,,77,27,17.1,27.15,0.0,0.6693,-0.743,29.9,28.0,28.0,station
2021-05-21,,,28.9,,,,,28.9,,,,,,73,27,15.3,26.89,0.0,0.6564,-0.7544,28.8,28.0,28.0,station
2021-05-22,,,25.5,,,,,25.5,,,,,,67,48,16.7,23.59,0.0,0.6433,-0.7656,25.6,25.0,25.0,station
2021-05-23,,,25.6,,,,,26.0,,,,,,60,42,17.2,25.36,0.0,0.6301,-0.7765,26.5,25.0,25.0,station
2021-05-24,,,27.5,,,,,27.4,,,,,,69,10,19.2,28.08,0.0,0.6166,-0.7873,28.4,28.0,28.0,station
2021-05-25,,,30.9,,,,,30.2,,,,,,68,1,15.9,28.27,0.0,0.603,-0.7978,30.1,29.0,29.0,station
2021-05-26,,,31.5,,,,,31.5,,,,,,64,0,15.6,28.71,0.0,0.5892,-0.808,31.2,31.0,31.0,station
2021-05-27,,,32.1,,,,,31.7,,,,,,60,0,14.8,28.79,0.0,0.5752,-0.818,31.6,32.0,32.0,station
2021-05-28,,,29.8,,,,,30.0,,,,,,72,19,15.8,28.38,0.0,0.561,-0.8278,29.5,29.0,29.0,station
2021-05-29,,,28.4,,,,,29.5,,,,,,71,10,16.8,28.44,0.0,0.5467,-0.8373,29.0,28.0,28.0,station
2021-05-30,,,29.5,,,,,30.3,,,,,,63,4,16.4,28.78,0.0,0.5322,-0.8466,30.5,30.0,30.0,station
2021-05-31,,,38.3,,,,,38.6,,,,,,49,0,27.7,28.8,0.0,0.5176,-0.8556,40.1,38.0,38.0,station
2021-06-01,,,29.5,,,,,29.2,,,,,,66,4,18.5,28.09,0.0,0.5028,-0.8644,30.7,29.0,29.0,station
2021-06-02,,,27.4,,,,,27.6,,,,,,66,14,16.6,27.15,0.0,0.4878,-0.8729,28.0,27.0,27.0,station
2021-06-03,,,27.1,,,,,26.9,,,,,,60,7,17.1,29.05,0.0,0.4728,-0.8812,27.6,26.0,26.0,station
2021-06-04,,,26.9,,,,,27.2,,,,,,62,34,17.7,28.23,0.0,0.4575,-0.8892,27.8,27.0,27.0,station
2021-06-05,,,27.3,,,,,27.6,,,,,,62,12,18.2,29.2,0.0,0.4422,-0.8969,28.0,26.0,26.0,station
2021-06-06,,,27.8,,,,,27.9,,,,,,69,1,17.0,29.24,0.0,0.4267,-0.9044,28.6,28.0,28.0,station
2021-06-07,,,28.6,,,,,28.6,,,,,,65,12,17.4,29.24,0.0,0.4111,-0.9116,28.8,29.0,29.0,station
2021-06-08,,,28.5,,,,,28.7,,,,,,64,27,16.7,29.17,0.0,0.3953,-0.9185,28.5,28.0,28.0,station
2021-06-09,,,31.0,,,,,30.8,,,,,,59,17,16.9,28.96,0.0,0.3795,-0.9252,32.5,33.0,33.0,station
2021-06-10,,,31.3,,,,,31.7,,,,,,56,0,18.4,28.82,0.0,0.3635,-0.9316,31.1,33.0,33.0,station
2021-06-11,,,29.1,,,,,29.5,,,,,,65,13,17.2,27.9,0.0,0.3474,-0.9377,29.8,28.0,28.0,station
2021-06-12,,,33.0,,,,,32.7,,,,,,58,2,17.9,29.2,0.0,0.3312,-0.9436,32.4,31.0,31.0,station
2021-06-13,,,31.6,,,,,32.0,,,,,,67,10,19.5,29.01,0.0,0.3149,-0.9491,30.9,29.0,29.0,station
2021-06-14,,,28.1,,,,,28.6,,,,,,69,24,18.3,26.54,0.0,0.2986,-0.9544,28.4,28.0,28.0,station
2021-06-15,,,28.2,,,,,28.1,,,,,,66,12,18.9,28.62,0.0,0.2821,-0.9594,29.4,28.0,28.0,station
2021-06-16,,,28.0,,,,,28.1,,,,,,65,28,18.5,26.63,0.1,0.2656,-0.9641,28.2,28.0,28.0,station
2021-06-17,,,27.0,,,,,27.4,,,,,,62,44,17.0,25.23,0.0,0.2489,-0.9685,27.5,27.0,27.0,station
2021-06-18,,,27.7,,,,,28.0,,,,,,66,37,16.9,28.5,0.0,0.2322,-0.9727,28.7,28.0,28.0,station
2021-06-19,,,28.8,,,,,28.8,,,,,,70,22,17.8,28.64,0.0,0.2155,-0.9765,29.1,28.0,28.0,station
2021-06-20,,,29.1,,,,,29.5,,,,,,69,5,18.0,29.61,0.0,0.1986,-0.9801,29.2,29.0,29.0,station
2021-06-21,,,30.2,,,,,30.0,,,,,,62,1,18.3,29.23,0.0,0.1818,-0.9833,31.2,30.0,30.0,station
2021-06-22,,,30.1,,,,,30.2,,,,,,66,9,18.0,28.32,0.0,0.1648,-0.9863,30.6,30.0,30.0,station
2021-06-23,,,30.1,,,,,29.9,,,,,,69,27,17.1,27.0,0.0,0.1478,-0.989,30.3,30.0,30.0,station
2021-06-24,,,31.2,,,,,31.4,,,,,,69,6,16.8,29.15,0.0,0.1308,-0.9914,30.9,30.0,30.0,station
2021-06-25,,,32.2,,,,,32.6,,,,,,68,0,16.3,29.25,0.0,0.1137,-0.9935,32.4,32.0,32.0,station
2021-06-26,,,31.8,,,,,32.1,,,,,,72,2,18.1,29.03,0.0,0.0966,-0.9953,32.1,30.0,30.0,station
2021-06-27,,,33.7,,,,,33.8,,,,,,68,1,17.7,29.16,0.0,0.0795,-0.9968,34.2,34.0,34.0,station
2021-06-28,,,34.9,,,,,34.5,,,,,,64,13,17.4,29.39,0.0,0.0623,-0.9981,34.8,33.0,33.0,station
2021-06-29,,,34.5,,,,,34.7,,,,,,68,1,16.6,29.13,0.0,0.0451,-0.999,33.3,33.0,33.0,station
2021-06-30,,,34.5,,,,,34.1,,,,,,69,7,16.8,29.22,0.0,0.028,-0.9996,34.9,34.0,34.0,station
2021-07-01,,,34.8,,,,,34.6,,,,,,73,24,16.6,28.97,0.0,0.0108,-0.9999,33.5,33.0,33.0,station
2021-07-02,,,34.9,,,,,35.2,,,,,,72,20,16.2,29.08,0.0,-0.0065,-1.0,33.5,33.0,33.0,station
2021-07-03,,,33.7,,,,,35.3,,,,,,65,3,17.7,29.16,0.0,-0.0237,-0.9997,33.2,33.0,33.0,station
2021-07-04,,,32.1,,,,,32.0,,,,,,71,19,19.6,27.78,0.0,-0.0408,-0.9992,31.8,31.0,31.0,station
2021-07-05,,,32.0,,,,,31.9,,,,,,66,23,17.6,27.68,0.0,-0.058,-0.9983,31.6,31.0,31.0,station
2021-07-06,,,31.3,,,,,31.6,,,,,,66,12,17.7,28.29,0.0,-0.0752,-0.9972,31.1,31.0,31.0,station
2021-07-07,,,32.2,,,,,32.3,,,,,,67,3,16.2,29.02,0.0,-0.0923,-0.9957,32.8,32.0,32.0,station
2021-07-08,,,33.2,,,,,33.7,,,,,,70,9,15.9,28.34,0.0,-0.1094,-0.994,32.1,31.0,31.0,station
2021-07-09,,,32.8,,,,,33.0,,,,,,71,7,17.0,28.67,0.0,-0.1265,-0.992,32.4,32.0,32.0,station
2021-07-10,,,32.5,,,,,32.6,,,,,,73,5,17.3,27.73,0.0,-0.1436,-0.9896,32.1,32.0,32.0,station
2021-07-11,,,32.9,,,,,33.2,,,,,,73,15,16.7,27.23,0.0,-0.1606,-0.987,32.9,32.0,32.0,station
2021-07-12,,,33.3,,,,,33.7,,,,,,73,12,17.0,28.2,0.0,-0.1775,-0.9841,32.7,32.0,32.0,station
2021-07-13,,,32.4,,,,,32.5,,,,,,75,20,17.6,27.69,0.0,-0.1944,-0.9809,32.1,32.0,32.0,station
2021-07-14,,,32.1,,,,,32.3,,,,,,70,18,17.1,28.1,0.0,-0.2113,-0.9774,32.0,31.0,31.0,station
2021-07-15,,,32.6,,,,,32.7,,,,,,70,14,17.0,27.54,0.0,-0.2281,-0.9736,32.9,33.0,33.0,station
2021-07-16,,,34.2,,,,,34.5,,,,,,72,15,17.6,27.71,0.0,-0.2448,-0.9696,34.0,33.0,33.0,station
2021-07-17,,,33.7,,,,,34.1,,,,,,70,10,15.6,28.57,0.0,-0.2614,-0.9652,33.6,33.0,33.0,station
2021-07-18,,,34.5,,,,,34.2,,,,,,67,1,15.3,28.57,0.0,-0.278,-0.9606,34.2,33.0,33.0,station
2021-07-19,,,35.5,,,,,35.6,,,,,,71,5,15.6,28.03,0.0,-0.2945,-0.9557,34.3,33.0,33.0,station
2021-07-20,,,34.0,,,,,34.4,,,,,,65,16,17.1,27.84,0.0,-0.3109,-0.9505,33.4,33.0,33.0,station
2021-07-21,,,32.1,,,,,32.2,,,,,,68,8,16.6,27.14,0.0,-0.3272,-0.945,32.4,32.0,32.0,station
2021-07-22,,,31.8,,,,,32.0,,,,,,64,18,17.7,25.97,0.0,-0.3434,-0.9392,31.6,31.0,31.0,station
2021-07-23,,,32.1,,,,,32.4,,,,,,67,39,19.6,21.9,0.1,-0.3595,-0.9332,31.3,31.0,31.0,station
2021-07-24,,,31.6,,,,,32.4,,,,,,67,22,18.3,24.92,0.0,-0.3755,-0.9268,31.7,31.0,31.0,station
2021-07-25,,,32.6,,,,,32.6,,,,,,71,25,16.1,25.42,0.1,-0.3914,-0.9202,33.1,32.0,32.0,station
2021-07-26,,,32.5,,,,,32.5,,,,,,72,26,16.8,25.56,0.2,-0.4071,-0.9134,33.1,33.0,33.0,station
2021-07-27,,,33.3,,,,,33.1,,,,,,74,14,17.6,27.49,0.0,-0.4228,-0.9062,33.2,32.0,32.0,station
2021-07-28,,,33.5,,,,,33.4,,,,,,71,10,18.2,27.79,0.0,-0.4383,-0.8988,33.8,32.0,32.0,station
2021-07-29,,,33.6,,,,,33.8,,,,,,72,14,18.4,27.01,0.0,-0.4537,-0.8912,33.6,32.0,32.0,station
2021-07-30,,,34.5,,,,,34.9,,,,,,73,16,17.3,26.56,0.0,-0.469,-0.8832,33.3,32.0,32.0,station
2021-07-31,,,34.9,,,,,35.2,,,,,,68,6,16.1,27.87,0.0,-0.4841,-0.875,34.1,33.0,33.0,station
2021-08-01,,,35.5,,,,,35.8,,,,,,61,0,16.7,27.98,0.0,-0.4991,-0.8666,35.3,34.0,34.0,station
2021-08-02,,,36.2,,,,,36.0,,,,,,58,1,15.3,28.11,0.0,-0.5139,-0.8578,36.4,35.0,35.0,station
2021-08-03,,,36.6,,,,,36.6,,,,,,54,0,16.9,28.02,0.0,-0.5286,-0.8489,36.0,36.0,36.0,station
2021-08-04,,,37.1,,,,,37.8,,,,,,54,0,16.5,27.72,0.0,-0.5431,-0.8397,37.3,36.0,36.0,station
2021-08-05,,,37.5,,,,,37.9,,,,,,41,0,16.5,27.66,0.0,-0.5575,-0.8302,37.6,37.0,37.0,station
2021-08-06,,,37.9,,,,,39.1,,,,,,38,3,15.5,27.35,0.0,-0.5717,-0.8205,37.6,37.0,37.0,station
2021-08-07,,,37.3,,,,,37.9,,,,,,53,2,17.8,27.48,0.0,-0.5857,-0.8105,36.9,36.0,36.0,station
2021-08-08,,,33.9,,,,,34.1,,,,,,69,27,18.2,25.59,0.0,-0.5996,-0.8003,33.9,32.0,32.0,station
2021-08-09,,,33.5,,,,,34.1,,,,,,68,26,17.3,25.52,0.1,-0.6132,-0.7899,33.5,33.0,33.0,station
2021-08-10,,,33.2,,,,,33.3,,,,,,72,12,17.6,26.09,0.0,-0.6267,-0.7792,33.5,33.0,33.0,station
2021-08-11,,,34.0,,,,,33.6,,,,,,68,9,17.9,25.99,0.0,-0.64,-0.7683,35.0,33.0,33.0,station
2021-08-12,,,34.5,,,,,34.5,,,,,,69,9,16.1,24.96,0.1,-0.6532,-0.7572,34.5,34.0,34.0,station
2021-08-13,,,34.6,,,,,35.4,,,,,,65,3,16.3,25.97,0.0,-0.6661,-0.7459,34.9,34.0,34.0,station
2021-08-14,,,34.1,,,,,33.8,,,,,,69,17,17.7,25.91,0.0,-0.6788,-0.7343,34.1,33.0,33.0,station
2021-08-15,,,33.7,,,,,33.8,,,,,,67,9,17.4,25.84,0.0,-0.6914,-0.7225,35.1,34.0,34.0,station
2021-08-16,,,33.5,,,,,33.2,,,,,,67,9,18.0,25.76,0.0,-0.7037,-0.7105,34.1,34.0,34.0,station
2021-08-17,,,32.5,,,,,32.6,,,,,,68,18,18.3,25.86,0.0,-0.7158,-0.6983,32.7,32.0,32.0,station
2021-08-18,,,31.9,,,,,31.8,,,,,,63,16,17.8,25.84,0.0,-0.7277,-0.6859,32.8,32.0,32.0,station
2021-08-19,,,32.1,,,,,32.2,,,,,,61,13,16.6,25.44,0.0,-0.7394,-0.6733,32.2,32.0,32.0,station
2021-08-20,,,32.7,,,,,32.6,,,,,,67,2,16.9,25.89,0.0,-0.7509,-0.6605,33.1,32.0,32.0,station
2021-08-21,,,33.8,,,,,33.7,,,,,,73,10,16.5,25.08,0.0,-0.7621,-0.6474,34.1,32.0,32.0,station
2021-08-22,,,32.8,,,,,32.9,,,,,,73,18,17.7,24.36,0.0,-0.7731,-0.6342,33.5,32.0,32.0,station
2021-08-23,,,32.4,,,,,32.3,,,,,,69,32,16.6,23.55,0.0,-0.7839,-0.6208,31.9,32.0,32.0,station
2021-08-24,,,33.0,,,,,33.0,,,,,,65,8,14.4,25.65,0.0,-0.7945,-0.6073,33.2,32.0,32.0,station
2021-08-25,,,34.0,,,,,33.8,,,,,,68,6,15.6,24.96,0.0,-0.8048,-0.5935,34.2,33.0,33.0,station
2021-08-26,,,34.9,,,,,34.6,,,,,,73,16,18.2,24.67,0.0,-0.8149,-0.5796,34.7,33.0,33.0,station
2021-08-27,,,35.3,,,,,34.4,,,,,,70,9,18.4,24.13,0.0,-0.8248,-0.5655,35.1,34.0,34.0,station
2021-08-28,,,33.8,,,,,33.6,,,,,,67,4,16.8,24.75,0.0,-0.8344,-0.5512,34.2,34.0,34.0,station
2021-08-29,,,32.8,,,,,33.2,,,,,,70,25,16.9,24.26,0.0,-0.8437,-0.5368,33.1,33.0,33.0,station
2021-08-30,,,32.4,,,,,32.6,,,,,,69,23,17.5,22.68,0.0,-0.8528,-0.5222,33.5,33.0,33.0,station
2021-08-31,,,31.9,,,,,31.9,,,,,,64,32,18.7,24.2,0.0,-0.8617,-0.5074,33.1,32.0,32.0,station
2021-09-01,,,33.5,,,,,33.5,,,,,,67,17,17.8,24.07,0.0,-0.8703,-0.4925,33.1,32.0,32.0,station
2021-09-02,,,31.5,,,,,31.8,,,,,,65,27,16.3,23.97,0.0,-0.8786,-0.4775,32.3,32.0,32.0,station
2021-09-03,,,31.5,,,,,32.1,,,,,,65,23,16.9,24.04,0.0,-0.8867,-0.4623,32.6,32.0,32.0,station
2021-09-04,,,33.7,,,,,32.6,,,,,,65,9,18.7,24.27,0.0,-0.8945,-0.447,34.0,33.0,33.0,station
2021-09-05,,,32.0,,,,,31.9,,,,,,64,8,17.6,23.99,0.0,-0.9021,-0.4315,33.5,32.0,32.0,station
2021-09-06,,,30.8,,,,,31.1,,,,,,63,19,18.0,22.43,0.0,-0.9094,-0.4159,31.9,31.0,31.0,station
2021-09-07,,,30.9,,,,,30.9,,,,,,62,36,16.8,22.15,0.0,-0.9164,-0.4002,32.1,31.0,31.0,station
2021-09-08,,,31.1,,,,,31.3,,,,,,66,14,16.4,23.25,0.0,-0.9232,-0.3844,32.9,32.0,32.0,station
2021-09-09,,,35.3,,,,,33.5,,,,,,61,0,15.9,23.54,0.0,-0.9296,-0.3685,35.9,35.0,35.0,station
2021-09-10,,,29.7,,,,,29.5,,,,,,69,36,18.4,19.42,0.8,-0.9358,-0.3524,31.0,30.0,30.0,station
2021-09-11,,,29.5,,,,,29.5,,,,,,52,63,16.9,18.37,0.0,-0.9418,-0.3363,30.1,30.0,30.0,station
2021-09-12,,,30.2,,,,,30.0,,,,,,59,50,17.2,16.73,0.0,-0.9474,-0.32,29.9,30.0,30.0,station
2021-09-13,,,32.2,,,,,31.7,,,,,,49,1,14.5,23.21,0.0,-0.9528,-0.3037,35.3,35.0,35.0,station
2021-09-14,,,31.2,,,,,31.9,,,,,,62,9,17.0,20.35,0.0,-0.9579,-0.2873,31.4,31.0,31.0,station
2021-09-15,,,30.8,,,,,30.8,,,,,,63,18,14.8,20.47,0.6,-0.9627,-0.2707,31.4,31.0,31.0,station
2021-09-16,,,29.4,,,,,29.8,,,,,,63,19,16.5,19.74,0.0,-0.9672,-0.2541,30.3,30.0,30.0,station
2021-09-17,,,29.5,,,,,29.8,,,,,,62,16,18.9,22.41,0.0,-0.9714,-0.2375,31.1,30.0,30.0,station
2021-09-18,,,31.2,,,,,31.1,,,,,,65,7,17.8,22.13,0.0,-0.9753,-0.2207,31.5,30.0,30.0,station
2021-09-19,,,31.5,,,,,31.9,,,,,,68,1,16.4,22.51,0.0,-0.979,-0.2039,32.2,31.0,31.0,station
2021-09-20,,,32.6,,,,,32.7,,,,,,73,1,15.6,22.07,0.0,-0.9824,-0.187,32.7,31.0,31.0,station
2021-09-21,,,33.1,,,,,32.7,,,,,,74,3,18.0,22.1,0.0,-0.9854,-0.1701,34.4,32.0,32.0,station
2021-09-22,,,32.7,,,,,31.8,,,,,,73,19,17.9,21.0,0.0,-0.9882,-0.1531,31.5,31.0,31.0,station
2021-09-23,,,29.8,,,,,29.9,,,,,,61,20,22.8,18.57,0.0,-0.9907,-0.1361,29.9,30.0,30.0,station
2021-09-24,,,25.8,,,,,26.5,,,,,,58,32,20.5,17.13,2.2,-0.9929,-0.1191,28.3,27.0,27.0,station
2021-09-25,,,29.9,,,,,30.2,,,,,,51,5,22.1,21.34,0.0,-0.9948,-0.102,30.7,30.0,30.0,station
2021-09-26,,,34.0,,,,,33.0,,,,,,54,16,21.1,21.3,0.0,-0.9964,-0.0848,35.6,35.0,35.0,station
2021-09-27,,,29.9,,,,,29.6,,,,,,73,25,18.8,17.06,0.1,-0.9977,-0.0677,30.1,29.0,29.0,station
2021-09-28,,,28.6,,,,,28.5,,,,,,70,25,17.5,17.11,0.2,-0.9987,-0.0505,29.5,28.0,28.0,station
2021-09-29,,,29.1,,,,,29.1,,,,,,69,26,15.3,19.35,0.0,-0.9994,-0.0333,29.9,29.0,29.0,station
2021-09-30,,,29.4,,,,,29.4,,,,,,69,19,14.6,19.52,0.0,-0.9999,-0.0161,29.5,30.0,30.0,station
2021-10-01,,,29.8,,,,,29.2,,,,,,69,19,16.9,19.92,0.0,-1.0,0.0011,30.9,29.0,29.0,station
2021-10-02,,,28.1,,,,,28.3,,,,,,74,47,16.1,14.84,1.0,-0.9998,0.0183,28.4,28.0,28.0,station
2021-10-03,,,27.8,,,,,27.9,,,,,,68,38,16.1,16.92,1.5,-0.9994,0.0355,28.9,29.0,29.0,station
2021-10-04,,,28.1,,,,,28.1,,,,,,68,15,16.8,19.36,0.0,-0.9986,0.0527,29.8,29.0,29.0,station
2021-10-05,,,27.6,,,,,27.3,,,,,,67,15,18.7,19.13,0.0,-0.9976,0.0698,29.7,28.0,28.0,station
2021-10-06,,,28.8,,,,,29.1,,,,,,63,9,17.6,19.82,0.0,-0.9962,0.087,29.7,29.0,29.0,station
2021-10-07,,,30.8,,,,,30.4,,,,,,59,0,18.3,19.9,0.0,-0.9946,0.1041,31.2,30.0,30.0,station
2021-10-08,,,31.7,,,,,31.0,,,,,,62,0,18.2,19.41,0.0,-0.9926,0.1212,32.4,31.0,31.0,station
2021-10-09,,,30.2,,,,,29.9,,,,,,75,1,17.3,18.69,0.0,-0.9904,0.1383,30.8,30.0,30.0,station
2021-10-10,,,30.3,,,,,30.0,,,,,,75,0,17.2,18.99,0.0,-0.9879,0.1553,30.5,29.0,29.0,station
2021-10-11,,,30.6,,,,,31.1,,,,,,71,4,13.7,19.22,0.0,-0.9851,0.1722,30.6,30.0,30.0,station
2021-10-12,,,31.4,,,,,30.5,,,,,,65,80,16.3,11.94,0.2,-0.9819,0.1892,32.0,31.0,31.0,station
2021-10-13,,,30.6,,,,,29.7,,,,,,68,45,20.1,15.93,0.0,-0.9785,0.206,30.9,31.0,31.0,station
2021-10-14,,,31.7,,,,,29.6,,,,,,59,35,20.6,17.95,0.0,-0.9749,0.2228,31.2,31.0,31.0,station
2021-10-15,,,30.7,,,,,31.1,,,,,,68,28,18.4,17.31,0.0,-0.9709,0.2396,30.7,29.0,29.0,station
2021-10-16,,,30.1,,,,,31.3,,,,,,70,62,15.7,13.66,0.0,-0.9666,0.2562,28.9,30.0,30.0,station
2021-10-17,,,27.2,,,,,27.4,,,,,,62,48,15.4,16.88,0.0,-0.9621,0.2728,27.9,28.0,28.0,station
2021-10-18,,,25.7,,,,,26.3,,,,,,64,55,15.2,14.43,0.1,-0.9572,0.2893,26.8,26.0,26.0,station
2021-10-19,,,25.6,,,,,26.1,,,,,,68,35,15.7,15.85,0.6,-0.9521,0.3057,26.3,26.0,26.0,station
2021-10-20,,,25.5,,,,,26.0,,,,,,68,42,13.5,15.34,1.0,-0.9467,0.3221,26.5,27.0,27.0,station
2021-10-21,,,26.4,,,,,26.8,,,,,,72,24,15.3,15.67,0.2,-0.941,0.3383,27.4,28.0,28.0,station
2021-10-22,,,26.7,,,,,26.4,,,,,,68,6,17.2,16.47,0.0,-0.9351,0.3545,28.0,27.0,27.0,station
2021-10-23,,,26.1,,,,,26.3,,,,,,66,30,18.1,14.93,0.0,-0.9288,0.3705,27.5,27.0,27.0,station
2021-10-24,,,26.0,,,,,26.2,,,,,,68,9,17.1,15.96,0.0,-0.9223,0.3864,27.8,26.0,26.0,station
2021-10-25,,,26.3,,,,,25.4,,,,,,72,6,15.6,16.38,0.0,-0.9155,0.4022,27.6,27.0,27.0,station
2021-10-26,,,25.8,,,,,26.1,,,,,,72,10,16.6,15.78,0.0,-0.9085,0.4179,27.3,27.0,27.0,station
2021-10-27,,,26.8,,,,,26.6,,,,,,73,1,15.3,16.29,0.0,-0.9012,0.4335,27.7,27.0,27.0,station
2021-10-28,,,29.7,,,,,26.7,,,,,,46,46,12.8,15.3,0.0,-0.8936,0.4489,32.0,31.0,31.0,station
2021-10-29,,,30.1,,,,,30.1,,,,,,39,69,11.7,13.77,0.0,-0.8857,0.4642,31.8,33.0,33.0,station
2021-10-30,,,26.4,,,,,26.6,,,,,,72,67,12.8,12.86,0.0,-0.8776,0.4794,27.7,28.0,28.0,station
2021-10-31,,,30.5,,,,,29.1,,,,,,60,94,25.8,4.58,14.0,-0.8692,0.4944,30.9,31.0,31.0,station
2021-11-01,,,30.9,,,,,31.3,,,,,,56,69,20.6,11.88,1.2,-0.8606,0.5093,32.9,34.0,34.0,station
2021-11-02,,,25.9,,,,,26.1,,,,,,72,44,15.3,13.67,0.8,-0.8517,0.524,26.2,26.0,26.0,station
2021-11-03,,,25.8,,,,,25.9,,,,,,72,23,16.1,13.75,0.0,-0.8426,0.5386,26.5,26.0,26.0,station
2021-11-04,,,28.9,,,,,28.1,,,,,,71,0,18.7,15.29,0.0,-0.8332,0.553,28.3,27.0,27.0,station
2021-11-05,,,30.7,,,,,30.7,,,,,,61,0,18.4,15.42,0.0,-0.8235,0.5672,31.3,31.0,31.0,station
2021-11-06,,,30.2,,,,,29.8,,,,,,45,0,15.9,15.4,0.0,-0.8137,0.5813,30.9,31.0,31.0,station
2021-11-07,,,30.2,,,,,29.6,,,,,,39,0,16.4,15.42,0.0,-0.8035,0.5952,31.7,31.0,31.0,station
2021-11-08,,,30.6,,,,,30.6,,,,,,30,1,12.6,15.33,0.0,-0.7932,0.609,32.1,32.0,32.0,station
2021-11-09,,,30.6,,,,,29.3,,,,,,27,3,16.9,15.25,0.0,-0.7826,0.6225,31.7,31.0,31.0,station
2021-11-10,,,27.7,,,,,27.8,,,,,,48,4,17.1,14.93,0.0,-0.7718,0.6359,27.9,27.0,27.0,station
2021-11-11,,,24.6,,,,,24.1,,,,,,62,43,16.5,14.72,0.0,-0.7607,0.6491,25.2,25.0,25.0,station
2021-11-12,,,27.4,,,,,27.2,,,,,,31,79,21.3,14.62,0.0,-0.7494,0.6621,29.5,29.0,29.0,station
2021-11-13,,,29.2,,,,,29.5,,,,,,19,90,23.2,13.06,0.0,-0.7379,0.6749,30.4,30.0,30.0,station
2021-11-14,,,29.2,,,,,29.1,,,,,,27,77,19.2,10.31,0.2,-0.7262,0.6875,29.5,30.0,30.0,station
2021-11-15,,,28.0,,,,,27.3,,,,,,43,22,15.5,14.0,0.0,-0.7143,0.6998,27.9,28.0,28.0,station
2021-11-16,,,26.2,,,,,25.9,,,,,,57,37,11.9,13.74,0.0,-0.7021,0.712,27.0,26.0,26.0,station
2021-11-17,,,25.8,,,,,25.9,,,,,,57,43,15.8,12.3,0.0,-0.6898,0.724,27.5,26.0,26.0,station
2021-11-18,,,24.4,,,,,24.6,,,,,,77,55,14.2,10.49,2.4,-0.6772,0.7358,24.8,25.0,25.0,station
2021-11-19,,,22.4,,,,,22.0,,,,,,88,58,13.8,8.25,6.0,-0.6645,0.7473,21.7,23.0,23.0,station
2021-11-20,,,20.3,,,,,19.1,,,,,,87,87,15.2,4.77,11.7,-0.6515,0.7586,17.2,17.0,17.0,station
2021-11-21,,,20.7,,,,,21.4,,,,,,75,46,12.7,11.24,0.5,-0.6384,0.7697,20.8,20.0,20.0,station
2021-11-22,,,22.1,,,,,22.4,,,,,,69,41,9.9,11.51,0.1,-0.625,0.7806,22.9,22.0,22.0,station
2021-11-23,,,23.1,,,,,23.3,,,,,,74,10,8.3,13.07,0.0,-0.6115,0.7912,23.4,24.0,24.0,station
2021-11-24,,,23.2,,,,,23.6,,,,,,71,67,9.9,12.99,0.0,-0.5978,0.8016,23.6,23.0,23.0,station
2021-11-25,,,22.6,,,,,22.3,,,,,,76,38,11.6,12.16,0.0,-0.584,0.8118,23.3,23.0,23.0,station
2021-11-26,,,22.3,,,,,22.7,,,,,,78,39,13.7,12.26,0.0,-0.5699,0.8217,23.4,24.0,24.0,station
2021-11-27,,,25.5,,,,,26.1,,,,,,68,58,8.5,13.11,0.0,-0.5557,0.8314,26.8,27.0,27.0,station
2021-11-28,,,27.5,,,,,27.6,,,,,,55,43,10.5,12.97,0.0,-0.5413,0.8408,28.9,29.0,29.0,station
2021-11-29,,,30.0,,,,,30.0,,,,,,51,66,13.4,12.83,0.0,-0.5268,0.85,28.6,29.0,29.0,station
2021-11-30,,,28.6,,,,,28.8,,,,,,48,69,16.7,12.85,0.0,-0.5121,0.859,31.0,33.0,33.0,station
2021-12-01,,,20.8,,,,,21.1,,,,,,72,76,22.2,7.57,3.4,-0.4972,0.8676,20.9,21.0,21.0,station
2021-12-02,,,20.0,,,,,19.7,,,,,,62,42,12.8,10.88,0.1,-0.4822,0.8761,22.1,21.0,21.0,station
2021-12-03,,,20.5,,,,,20.7,,,,,,61,75,12.0,11.3,0.0,-0.4671,0.8842,23.4,23.0,23.0,station
2021-12-04,,,22.3,,,,,22.3,,,,,,64,100,8.9,10.62,0.0,-0.4518,0.8921,22.5,23.0,23.0,station
2021-12-05,,,21.6,,,,,22.3,,,,,,67,50,26.1,11.38,2.6,-0.4364,0.8998,21.1,22.0,22.0,station
2021-12-06,,,22.1,,,,,21.2,,,,,,69,57,9.2,11.73,0.0,-0.4208,0.9071,23.5,23.0,23.0,station
2021-12-07,,,21.9,,,,,22.3,,,,,,54,91,15.6,3.87,0.0,-0.4052,0.9142,22.1,20.0,20.0,station
2021-12-08,,,18.0,,,,,17.8,,,,,,55,32,35.7,10.97,6.2,-0.3894,0.9211,18.7,19.0,19.0,station
2021-12-09,,,18.5,,,,,18.8,,,,,,77,42,18.7,8.9,3.2,-0.3735,0.9276,18.0,18.0,18.0,station
2021-12-10,,,22.8,,,,,21.9,,,,,,61,25,15.7,12.18,0.0,-0.3575,0.9339,24.2,24.0,24.0,station
2021-12-11,,,24.0,,,,,23.6,,,,,,54,24,10.9,12.56,0.0,-0.3413,0.9399,24.5,25.0,25.0,station
2021-12-12,,,23.4,,,,,24.7,,,,,,57,93,11.8,10.91,0.0,-0.3251,0.9457,25.8,24.0,24.0,station
2021-12-13,,,23.6,,,,,24.2,,,,,,63,100,9.7,9.51,0.0,-0.3088,0.9511,24.9,25.0,25.0,station
2021-12-14,,,22.9,,,,,22.5,,,,,,88,77,17.5,9.27,21.6,-0.2924,0.9563,22.5,22.0,22.0,station
2021-12-15,,,18.6,,,,,18.9,,,,,,72,24,18.0,10.23,2.0,-0.2759,0.9612,19.4,20.0,20.0,station
2021-12-16,,,17.6,,,,,18.2,,,,,,67,52,15.8,8.45,0.6,-0.2593,0.9658,19.2,19.0,19.0,station
2021-12-17,,,17.7,,,,,17.4,,,,,,90,68,17.8,7.6,15.2,-0.2427,0.9701,16.0,16.0,16.0,station
2021-12-18,,,16.5,,,,,16.1,,,,,,72,56,23.7,9.18,6.9,-0.226,0.9741,16.9,17.0,17.0,station
2021-12-19,,,16.9,,,,,17.3,,,,,,51,8,24.5,10.57,0.0,-0.2092,0.9779,18.0,18.0,18.0,station
2021-12-20,,,14.7,,,,,15.1,,,,,,67,64,36.2,6.62,10.3,-0.1923,0.9813,14.1,15.0,15.0,station
2021-12-21,,,16.4,,,,,15.9,,,,,,89,86,18.1,4.44,25.6,-0.1754,0.9845,14.8,13.0,13.0,station
2021-12-22,,,14.7,,,,,14.3,,,,,,91,86,17.4,3.97,20.1,-0.1585,0.9874,14.9,15.0,15.0,station
2021-12-23,,,15.7,,,,,16.1,,,,,,89,78,12.0,8.13,6.7,-0.1414,0.9899,15.8,16.0,16.0,station
2021-12-24,,,15.7,,,,,16.2,,,,,,77,70,14.3,9.34,0.8,-0.1244,0.9922,16.8,17.0,17.0,station
2021-12-25,,,16.1,,,,,16.2,,,,,,71,21,10.0,11.61,0.0,-0.1073,0.9942,17.5,17.0,17.0,station
2021-12-26,,,17.6,,,,,17.5,,,,,,66,0,10.0,12.33,0.0,-0.0902,0.9959,19.4,19.0,19.0,station
2021-12-27,,,19.8,,,,,19.6,,,,,,63,8,10.7,12.31,0.0,-0.073,0.9973,20.2,21.0,21.0,station
2021-12-28,,,17.8,,,,,18.0,,,,,,67,68,10.8,8.76,0.0,-0.0559,0.9984,18.7,18.0,18.0,station
2021-12-29,,,17.9,,,,,17.8,,,,,,87,75,13.6,6.69,7.8,-0.0387,0.9993,16.1,18.0,18.0,station
2021-12-30,,,18.7,,,,,18.7,,,,,,68,75,16.6,10.51,0.0,-0.0215,0.9998,20.3,20.0,20.0,station
2021-12-31,,,20.2,,,,,19.7,,,,,,59,93,17.6,9.57,1.4,-0.0043,1.0,21.6,,,
2022-01-01,,,18.5,,,,,17.4,,,,,,75,79,17.4,7.74,8.6,0.0172,0.9999,19.0,18.0,18.0,station
2022-01-02,,,19.0,,,,,18.7,,,,,,80,15,10.2,11.51,0.6,0.0344,0.9994,18.5,19.0,19.0,station
2022-01-03,,,17.7,,,,,17.7,,,,,,84,30,13.2,10.32,1.8,0.0516,0.9987,18.8,19.0,19.0,station
2022-01-04,,,17.0,,,,,16.6,,,,,,77,67,19.3,7.34,1.3,0.0688,0.9976,18.0,18.0,18.0,station
2022-01-05,,,18.5,,,,,19.0,,,,,,78,69,15.8,5.26,0.7,0.0859,0.9963,17.9,18.0,18.0,station
2022-01-06,,,20.0,,,,,20.1,,,,,,83,29,7.4,12.61,0.0,0.103,0.9947,20.2,21.0,21.0,station
2022-01-07,,,19.9,,,,,19.9,,,,,,69,25,9.1,12.8,0.0,0.1201,0.9928,19.8,20.0,20.0,station
2022-01-08,,,20.7,,,,,20.6,,,,,,82,13,7.9,12.72,0.0,0.1372,0.9905,20.1,20.0,20.0,station
2022-01-09,,,21.1,,,,,21.9,,,,,,65,39,22.4,12.35,0.0,0.1542,0.988,21.5,22.0,22.0,station
2022-01-10,,,16.7,,,,,16.9,,,,,,58,1,19.1,12.93,0.0,0.1712,0.9852,17.3,18.0,18.0,station
2022-01-11,,,19.1,,,,,19.3,,,,,,64,0,9.7,12.95,0.0,0.1881,0.9821,19.8,20.0,20.0,station
2022-01-12,,,19.9,,,,,20.0,,,,,,49,47,12.4,12.04,0.0,0.205,0.9788,21.6,21.0,21.0,station
2022-01-13,,,18.2,,,,,18.5,,,,,,56,83,18.4,12.04,1.5,0.2218,0.9751,18.4,19.0,19.0,station
2022-01-14,,,14.4,,,,,14.8,,,,,,89,81,17.3,6.52,34.3,0.2385,0.9711,14.5,15.0,15.0,station
2022-01-15,,,15.7,,,,,14.8,,,,,,88,88,24.3,7.38,15.9,0.2552,0.9669,13.3,12.0,12.0,station
2022-01-16,,,14.0,,,,,13.9,,,,,,85,96,21.5,4.36,13.9,0.2718,0.9624,13.7,13.0,13.0,station
2022-01-17,,,11.7,,,,,11.7,,,,,,52,5,13.0,14.13,0.0,0.2883,0.9575,13.0,13.0,13.0,station
2022-01-18,,,13.2,,,,,13.5,,,,,,55,9,17.4,13.61,0.0,0.3047,0.9524,14.5,15.0,15.0,station
2022-01-19,,,13.5,,,,,14.1,,,,,,63,76,30.5,7.64,12.1,0.3211,0.9471,13.6,15.0,15.0,station
2022-01-20,,,13.0,,,,,13.4,,,,,,57,75,16.7,7.77,0.0,0.3373,0.9414,13.5,13.0,13.0,station
2022-01-21,,,14.5,,,,,14.6,,,,,,66,36,9.4,13.91,0.0,0.3534,0.9355,16.5,16.0,16.0,station
2022-01-22,,,13.9,,,,,14.6,,,,,,68,13,13.5,13.1,0.0,0.3695,0.9292,16.7,16.0,16.0,station
2022-01-23,,,14.8,,,,,13.8,,,,,,73,61,30.6,8.65,12.9,0.3854,0.9227,14.6,16.0,16.0,station
2022-01-24,,,12.4,,,,,12.1,,,,,,90,94,20.9,2.62,16.8,0.4012,0.916,11.0,11.0,11.0,station
2022-01-25,,,14.0,,,,,13.7,,,,,,68,7,15.7,14.34,0.0,0.4169,0.9089,14.6,15.0,15.0,station
2022-01-26,,,13.0,,,,,12.8,,,,,,67,62,31.4,9.83,11.2,0.4325,0.9016,13.7,14.0,14.0,station
2022-01-27,,,13.5,,,,,13.8,,,,,,70,68,24.7,10.51,10.2,0.4479,0.8941,13.8,14.0,14.0,station
2022-01-28,,,13.2,,,,,13.2,,,,,,89,91,20.1,6.5,21.0,0.4633,0.8862,12.2,11.0,11.0,station
2022-01-29,,,12.0,,,,,14.2,,,,,,85,56,11.2,8.45,3.3,0.4784,0.8781,13.6,15.0,15.0,station
2022-01-30,,,15.9,,,,,16.0,,,,,,77,8,9.4,13.77,0.0,0.4935,0.8698,16.5,17.0,17.0,station
2022-01-31,,,14.9,,,,,15.2,,,,,,68,60,18.0,13.21,0.8,0.5084,0.8611,15.8,17.0,17.0,station
2022-02-01,,,15.8,,,,,15.9,,,,,,83,50,15.0,8.72,2.8,0.5231,0.8523,15.8,16.0,16.0,station
2022-02-02,,,20.0,,,,,19.1,,,,,,64,43,11.4,14.59,0.0,0.5377,0.8432,20.3,22.0,22.0,station
2022-02-03,,,19.6,,,,,19.9,,,,,,63,21,20.0,14.45,0.3,0.5521,0.8338,19.9,21.0,21.0,station
2022-02-04,,,13.3,,,,,13.9,,,,,,63,67,30.3,11.07,2.8,0.5664,0.8242,13.7,14.0,14.0,station
2022-02-05,,,15.2,,,,,15.1,,,,,,85,74,16.1,9.3,8.2,0.5805,0.8143,15.4,16.0,16.0,station
2022-02-06,,,16.1,,,,,16.5,,,,,,81,42,20.1,11.95,0.1,0.5944,0.8042,16.4,16.0,16.0,station
2022-02-07,,,17.3,,,,,17.4,,,,,,76,44,14.1,11.69,0.0,0.6081,0.7938,18.0,18.0,18.0,station
2022-02-08,,,19.8,,,,,19.5,,,,,,67,20,10.5,16.1,0.0,0.6217,0.7833,20.7,22.0,22.0,station
2022-02-09,,,16.8,,,,,17.2,,,,,,66,20,25.9,14.14,0.6,0.6351,0.7725,17.4,19.0,19.0,station
2022-02-10,,,13.8,,,,,14.2,,,,,,82,74,22.9,9.44,12.7,0.6483,0.7614,14.3,15.0,15.0,station
2022-02-11,,,16.2,,,,,16.3,,,,,,78,37,15.1,13.88,0.4,0.6613,0.7502,16.8,16.0,16.0,station
2022-02-12,,,18.3,,,,,18.1,,,,,,76,0,12.9,16.52,0.0,0.6741,0.7387,19.4,20.0,20.0,station
2022-02-13,,,18.8,,,,,18.4,,,,,,71,2,11.2,16.92,0.0,0.6867,0.727,18.4,20.0,20.0,station
2022-02-14,,,15.8,,,,,16.1,,,,,,77,62,12.8,11.73,0.0,0.6991,0.715,17.4,17.0,17.0,station
2022-02-15,,,16.9,,,,,17.1,,,,,,78,58,13.8,13.72,0.6,0.7113,0.7029,17.7,18.0,18.0,station
2022-02-16,,,17.3,,,,,17.3,,,,,,75,40,14.0,15.87,0.0,0.7233,0.6906,18.3,19.0,19.0,station
2022-02-17,,,18.1,,,,,18.1,,,,,,76,88,15.0,15.48,0.0,0.735,0.678,18.8,19.0,19.0,station
2022-02-18,,,19.0,,,,,19.6,,,,,,76,38,14.6,17.5,0.0,0.7466,0.6653,18.9,20.0,20.0,station
2022-02-19,,,15.7,,,,,17.3,,,,,,83,87,14.7,8.03,2.1,0.7579,0.6523,15.5,17.0,17.0,station
2022-02-20,,,17.6,,,,,18.2,,,,,,83,41,13.7,13.71,0.6,0.769,0.6392,18.3,19.0,19.0,station
2022-02-21,,,18.0,,,,,18.0,,,,,,84,47,13.7,14.34,0.0,0.7799,0.6259,18.8,19.0,19.0,station
2022-02-22,,,20.9,,,,,20.0,,,,,,75,48,10.4,16.32,0.0,0.7906,0.6124,20.7,21.0,21.0,station
2022-02-23,,,25.5,,,,,25.5,,,,,,71,35,9.3,17.9,0.0,0.801,0.5987,27.0,27.0,27.0,station
2022-02-24,,,19.7,,,,,19.2,,,,,,68,45,20.7,12.1,3.6,0.8112,0.5848,17.2,18.0,18.0,station
2022-02-25,,,14.5,,,,,14.0,,,,,,78,68,28.8,7.66,11.2,0.8211,0.5708,14.9,15.0,15.0,station
2022-02-26,,,16.5,,,,,15.3,,,,,,83,82,16.3,7.35,3.1,0.8308,0.5566,15.9,16.0,16.0,station
2022-02-27,,,17.9,,,,,17.5,,,,,,81,35,13.3,17.57,0.0,0.8402,0.5422,19.0,19.0,19.0,station
2022-02-28,,,18.1,,,,,18.1,,,,,,80,19,13.0,18.7,0.0,0.8495,0.5277,18.5,19.0,19.0,station
2022-03-01,,,19.5,,,,,19.8,,,,,,82,81,12.0,17.96,0.0,0.8584,0.513,19.7,20.0,20.0,station
2022-03-02,,,23.4,,,,,23.5,,,,,,69,92,11.2,12.77,0.0,0.8671,0.4981,23.8,24.0,24.0,station
2022-03-03,,,20.1,,,,,20.5,,,,,,65,58,30.4,13.23,2.9,0.8755,0.4831,17.3,18.0,18.0,station
2022-03-04,,,16.3,,,,,16.5,,,,,,63,62,16.6,14.75,0.0,0.8837,0.468,16.7,18.0,18.0,station
2022-03-05,,,19.7,,,,,18.9,,,,,,70,23,13.3,19.22,0.0,0.8916,0.4527,19.7,20.0,20.0,station
2022-03-06,,,26.9,,,,,28.1,,,,,,62,17,13.6,17.79,1.5,0.8993,0.4373,26.7,29.0,29.0,station
2022-03-07,,,18.1,,,,,17.5,,,,,,80,54,14.8,18.58,0.0,0.9067,0.4218,19.2,20.0,20.0,station
2022-03-08,,,20.6,,,,,20.7,,,,,,79,92,15.1,15.02,2.2,0.9138,0.4061,20.6,21.0,21.0,station
2022-03-09,,,17.2,,,,,18.0,,,,,,82,72,14.0,15.32,4.7,0.9207,0.3904,18.0,19.0,19.0,station
2022-03-10,,,17.0,,,,,17.0,,,,,,76,55,30.0,14.56,2.4,0.9272,0.3745,17.1,18.0,18.0,station
2022-03-11,,,13.4,,,,,13.9,,,,,,64,74,32.8,14.04,5.7,0.9335,0.3585,14.1,13.0,13.0,station
2022-03-12,,,12.6,,,,,13.5,,,,,,65,79,21.5,12.55,1.0,0.9396,0.3424,14.2,13.0,13.0,station
2022-03-13,,,14.1,,,,,14.2,,,,,,71,59,18.6,9.47,1.4,0.9453,0.3261,12.9,14.0,14.0,station
2022-03-14,,,12.1,,,,,13.3,,,,,,59,77,17.0,14.05,0.7,0.9508,0.3098,13.3,13.0,13.0,station
2022-03-15,,,12.4,,,,,12.4,,,,,,68,51,23.2,17.36,4.2,0.956,0.2934,12.1,13.0,13.0,station
2022-03-16,,,14.1,,,,,14.4,,,,,,63,22,14.8,18.67,0.1,0.9609,0.2769,14.2,15.0,15.0,station
2022-03-17,,,15.1,,,,,14.9,,,,,,65,31,14.5,20.13,0.0,0.9655,0.2604,16.2,16.0,16.0,station
2022-03-18,,,17.0,,,,,16.5,,,,,,84,84,15.1,8.44,3.0,0.9698,0.2437,14.9,15.0,15.0,station
2022-03-19,,,15.8,,,,,17.1,,,,,,73,76,18.8,15.99,1.1,0.9739,0.227,15.9,17.0,17.0,station
2022-03-20,,,12.9,,,,,13.9,,,,,,58,76,20.0,18.41,0.0,0.9777,0.2102,13.9,14.0,14.0,station
2022-03-21,,,14.9,,,,,14.4,,,,,,64,72,9.7,17.15,2.1,0.9811,0.1934,15.1,14.0,14.0,station
2022-03-22,,,15.2,,,,,15.0,,,,,,61,31,13.9,20.45,0.0,0.9843,0.1765,15.7,16.0,16.0,station
2022-03-23,,,15.0,,,,,14.7,,,,,,71,36,24.0,18.73,2.3,0.9872,0.1595,14.8,16.0,16.0,station
2022-03-24,,,13.9,,,,,14.1,,,,,,83,83,26.6,12.04,14.0,0.9898,0.1425,13.2,14.0,14.0,station
2022-03-25,,,15.5,,,,,15.6,,,,,,74,62,22.8,16.57,6.3,0.9921,0.1255,15.3,16.0,16.0,station
2022-03-26,,,17.7,,,,,16.9,,,,,,69,18,15.2,22.73,0.1,0.9941,0.1084,17.8,18.0,18.0,station
2022-03-27,,,18.2,,,,,18.3,,,,,,74,17,17.3,20.15,0.0,0.9958,0.0913,18.2,18.0,18.0,station
2022-03-28,,,21.7,,,,,22.4,,,,,,72,0,16.4,23.64,0.0,0.9972,0.0741,21.3,21.0,21.0,station
2022-03-29,,,27.3,,,,,26.5,,,,,,42,43,24.9,23.03,0.0,0.9984,0.057,28.2,29.0,29.0,station
2022-03-30,,,22.5,,,,,22.9,,,,,,75,17,14.5,23.54,0.0,0.9992,0.0398,20.9,22.0,22.0,station
2022-03-31,,,24.4,,,,,24.9,,,,,,71,52,13.7,23.56,0.0,0.9997,0.0226,23.6,25.0,25.0,station
2022-04-01,,,30.2,,,,,28.9,,,,,,60,52,10.7,23.61,0.0,1.0,0.0054,29.6,27.0,27.0,station
2022-04-02,,,31.3,,,,,31.3,,,,,,60,95,11.0,22.62,0.0,0.9999,-0.0118,28.3,28.0,28.0,station
2022-04-03,,,26.8,,,,,27.8,,,,,,66,80,12.7,19.49,0.0,0.9996,-0.029,24.3,27.0,27.0,station
2022-04-04,,,28.7,,,,,30.6,,,,,,57,11,13.1,24.19,0.0,0.9989,-0.0462,27.5,27.0,27.0,station
2022-04-05,,,32.4,,,,,33.2,,,,,,43,60,10.7,24.21,0.0,0.998,-0.0634,34.1,35.0,35.0,station
2022-04-06,,,32.0,,,,,34.4,,,,,,50,33,26.3,24.26,0.0,0.9968,-0.0805,32.4,33.0,33.0,station
2022-04-07,,,28.4,,,,,28.0,,,,,,69,57,12.8,23.15,0.0,0.9952,-0.0977,27.0,28.0,28.0,station
2022-04-08,,,27.2,,,,,26.9,,,,,,56,82,18.7,19.05,0.2,0.9934,-0.1148,26.4,29.0,29.0,station
2022-04-09,,,22.7,,,,,23.5,,,,,,82,19,14.5,23.42,0.0,0.9913,-0.1319,22.4,21.0,21.0,station
2022-04-10,,,25.0,,,,,25.4,,,,,,81,31,16.6,24.29,0.0,0.9889,-0.1489,25.9,26.0,26.0,station
2022-04-11,,,23.5,,,,,23.3,,,,,,80,48,15.7,23.81,0.0,0.9861,-0.1659,22.5,23.0,23.0,station
2022-04-12,,,19.0,,,,,19.0,,,,,,61,72,16.9,17.0,0.0,0.9831,-0.1828,19.1,20.0,20.0,station
2022-04-13,,,21.4,,,,,21.9,,,,,,64,67,15.2,21.7,0.0,0.9799,-0.1997,20.4,20.0,20.0,station
2022-04-14,,,24.0,,,,,24.5,,,,,,65,15,18.8,25.26,0.0,0.9763,-0.2165,21.8,22.0,22.0,station
2022-04-15,,,24.5,,,,,23.9,,,,,,68,20,13.5,25.37,0.0,0.9724,-0.2333,23.6,24.0,24.0,station
2022-04-16,,,26.1,,,,,26.9,,,,,,65,39,13.7,25.65,0.0,0.9683,-0.25,25.4,25.0,25.0,station
2022-04-17,,,34.9,,,,,35.5,,,,,,38,33,16.8,25.18,0.0,0.9638,-0.2666,37.7,37.0,37.0,station
2022-04-18,,,35.4,,,,,34.0,,,,,,38,90,22.8,20.7,0.0,0.9591,-0.2831,33.2,35.0,35.0,station
2022-04-19,,,23.0,,,,,23.0,,,,,,76,51,16.0,21.59,0.0,0.9541,-0.2996,22.6,23.0,23.0,station
2022-04-20,,,20.6,,,,,20.9,,,,,,75,21,17.7,22.12,0.6,0.9488,-0.316,20.9,21.0,21.0,station
2022-04-21,,,22.4,,,,,22.9,,,,,,72,35,17.1,24.69,0.0,0.9432,-0.3322,21.4,22.0,22.0,station
2022-04-22,,,27.8,,,,,27.1,,,,,,74,90,15.5,24.15,0.0,0.9373,-0.3484,25.8,26.0,26.0,station
2022-04-23,,,26.7,,,,,26.1,,,,,,83,64,13.8,23.51,0.0,0.9312,-0.3645,24.9,24.0,24.0,station
2022-04-24,,,27.5,,,,,27.8,,,,,,80,50,16.4,24.67,0.0,0.9248,-0.3804,25.9,25.0,25.0,station
2022-04-25,,,28.1,,,,,27.8,,,,,,80,36,12.6,24.86,0.0,0.9181,-0.3963,25.9,28.0,28.0,station
2022-04-26,,,28.2,,,,,27.8,,,,,,76,26,13.4,25.7,0.0,0.9112,-0.412,27.0,28.0,28.0,station
2022-04-27,,,27.5,,,,,27.8,,,,,,78,70,14.8,23.58,0.0,0.9039,-0.4276,24.9,25.0,25.0,station
2022-04-28,,,27.2,,,,,26.8,,,,,,78,39,14.3,25.79,0.0,0.8965,-0.4431,24.4,25.0,25.0,station
2022-04-29,,,31.1,,,,,30.5,,,,,,70,34,11.5,26.02,0.0,0.8887,-0.4585,30.3,31.0,31.0,station
2022-04-30,,,32.7,,,,,34.2,,,,,,47,1,27.1,26.68,0.0,0.8807,-0.4737,32.9,33.0,33.0,station
2022-05-01,,,24.0,,,,,24.6,,,,,,77,46,18.8,24.02,0.0,0.8724,-0.4888,23.2,23.0,23.0,station
2022-05-02,,,29.3,,,,,30.2,,,,,,70,93,18.8,22.49,0.6,0.8639,-0.5037,27.4,27.0,27.0,station
2022-05-03,,,33.8,,,,,33.8,,,,,,40,20,28.8,26.89,0.0,0.8551,-0.5185,36.2,37.0,37.0,station
2022-05-04,,,23.2,,,,,24.0,,,,,,77,50,19.5,21.86,0.6,0.846,-0.5331,23.4,23.0,23.0,station
2022-05-05,,,22.0,,,,,21.8,,,,,,66,43,23.0,22.36,0.3,0.8367,-0.5476,21.8,22.0,22.0,station
2022-05-06,,,23.0,,,,,22.8,,,,,,65,27,16.0,21.68,1.5,0.8272,-0.5619,23.1,23.0,23.0,station
2022-05-07,,,23.2,,,,,23.8,,,,,,68,23,17.3,26.43,0.0,0.8174,-0.5761,23.2,24.0,24.0,station
2022-05-08,,,25.6,,,,,25.8,,,,,,64,21,16.6,27.48,0.0,0.8074,-0.59,25.2,25.0,25.0,station
2022-05-09,,,31.2,,,,,29.4,,,,,,48,8,20.4,26.66,0.0,0.7971,-0.6038,31.1,31.0,31.0,station
2022-05-10,,,25.7,,,,,25.6,,,,,,67,15,16.9,27.24,0.0,0.7866,-0.6175,26.5,26.0,26.0,station
2022-05-11,,,26.0,,,,,25.3,,,,,,67,66,15.3,25.86,0.0,0.7759,-0.6309,26.6,27.0,27.0,station
2022-05-12,,,25.1,,,,,25.3,,,,,,71,11,18.7,27.04,0.0,0.7649,-0.6442,25.0,26.0,26.0,station
2022-05-13,,,30.1,,,,,29.3,,,,,,58,16,16.6,27.06,0.0,0.7537,-0.6572,29.3,29.0,29.0,station
2022-05-14,,,37.6,,,,,38.5,,,,,,40,42,23.2,24.83,0.0,0.7423,-0.6701,37.4,38.0,38.0,station
2022-05-15,,,25.6,,,,,28.0,,,,,,66,25,18.8,26.69,0.5,0.7306,-0.6828,25.2,26.0,26.0,station
2022-05-16,,,25.3,,,,,25.3,,,,,,72,87,15.4,24.32,0.0,0.7188,-0.6952,25.3,25.0,25.0,station
2022-05-17,,,27.0,,,,,26.8,,,,,,74,27,16.4,27.51,0.0,0.7067,-0.7075,26.6,27.0,27.0,station
2022-05-18,,,27.2,,,,,27.6,,,,,,76,19,16.6,27.6,0.0,0.6945,-0.7195,26.9,27.0,27.0,station
2022-05-19,,,28.3,,,,,28.2,,,,,,75,34,17.4,27.96,0.0,0.682,-0.7314,28.4,27.0,27.0,station
2022-05-20,,,32.0,,,,,30.1,,,,,,54,44,21.8,27.94,0.0,0.6693,-0.743,31.5,33.0,33.0,station
2022-05-21,,,35.0,,,,,34.6,,,,,,43,100,22.6,23.23,0.0,0.6564,-0.7544,36.2,35.0,35.0,station
2022-05-22,,,25.2,,,,,25.2,,,,,,62,35,23.4,27.58,0.0,0.6433,-0.7656,24.9,26.0,26.0,station
2022-05-23,,,25.8,,,,,25.4,,,,,,71,4,20.0,27.56,0.0,0.6301,-0.7765,25.7,25.0,25.0,station
2022-05-24,,,27.8,,,,,27.8,,,,,,68,0,16.6,27.87,0.0,0.6166,-0.7873,27.1,27.0,27.0,station
2022-05-25,,,28.7,,,,,28.9,,,,,,73,7,15.8,27.93,0.0,0.603,-0.7978,27.8,27.0,27.0,station
2022-05-26,,,31.5,,,,,30.9,,,,,,73,30,17.1,27.87,0.0,0.5892,-0.808,29.6,29.0,29.0,station
2022-05-27,,,31.5,,,,,31.0,,,,,,68,15,17.4,28.15,0.0,0.5752,-0.818,30.1,30.0,30.0,station
2022-05-28,,,32.5,,,,,32.3,,,,,,68,12,17.8,27.79,0.0,0.561,-0.8278,31.5,31.0,31.0,station
2022-05-29,,,33.2,,,,,33.1,,,,,,71,11,15.8,28.1,0.0,0.5467,-0.8373,31.1,30.0,30.0,station
2022-05-30,,,33.1,,,,,32.9,,,,,,69,0,16.2,28.42,0.0,0.5322,-0.8466,31.2,31.0,31.0,station
2022-05-31,,,30.5,,,,,30.7,,,,,,72,7,16.3,28.41,0.0,0.5176,-0.8556,30.3,30.0,30.0,station
2022-06-01,,,29.0,,,,,28.8,,,,,,77,25,18.4,27.38,0.0,0.5028,-0.8644,28.6,28.0,28.0,station
2022-06-02,,,28.3,,,,,28.3,,,,,,73,14,14.9,27.8,0.0,0.4878,-0.8729,27.7,27.0,27.0,station
2022-06-03,,,29.8,,,,,30.0,,,,,,71,1,16.0,28.73,0.0,0.4728,-0.8812,28.9,29.0,29.0,station
2022-06-04,,,30.9,,,,,30.9,,,,,,64,10,16.1,29.19,0.0,0.4575,-0.8892,30.9,30.0,30.0,station
2022-06-05,,,31.7,,,,,31.0,,,,,,66,0,17.0,29.29,0.0,0.4422,-0.8969,31.6,31.0,31.0,station
2022-06-06,,,29.9,,,,,29.6,,,,,,76,31,16.5,27.84,0.0,0.4267,-0.9044,29.7,29.0,29.0,station
2022-06-07,,,29.7,,,,,29.7,,,,,,73,13,17.6,27.53,0.0,0.4111,-0.9116,30.1,29.0,29.0,station
2022-06-08,,,30.7,,,,,31.3,,,,,,74,21,16.9,28.44,0.0,0.3953,-0.9185,30.3,30.0,30.0,station
2022-06-09,,,32.6,,,,,33.5,,,,,,54,0,17.0,29.01,0.0,0.3795,-0.9252,34.5,33.0,33.0,station
2022-06-10,,,33.5,,,,,35.4,,,,,,58,0,19.3,29.55,0.0,0.3635,-0.9316,35.2,34.0,34.0,station
2022-06-11,,,35.9,,,,,35.1,,,,,,51,0,17.9,29.32,0.0,0.3474,-0.9377,36.0,34.0,34.0,station
2022-06-12,,,30.0,,,,,30.9,,,,,,60,8,17.4,28.25,0.0,0.3312,-0.9436,29.8,29.0,29.0,station
2022-06-13,,,28.5,,,,,28.6,,,,,,66,26,18.8,24.9,0.6,0.3149,-0.9491,28.3,29.0,29.0,station
2022-06-14,,,29.9,,,,,30.1,,,,,,67,15,17.4,27.87,0.2,0.2986,-0.9544,29.4,30.0,30.0,station
2022-06-15,,,29.2,,,,,29.7,,,,,,68,15,19.1,27.26,0.0,0.2821,-0.9594,30.6,29.0,29.0,station
2022-06-16,,,31.7,,,,,32.3,,,,,,71,12,19.3,28.76,0.0,0.2656,-0.9641,30.8,30.0,30.0,station
2022-06-17,,,31.8,,,,,31.9,,,,,,71,14,19.4,28.84,0.0,0.2489,-0.9685,31.9,30.0,30.0,station
2022-06-18,,,30.7,,,,,30.4,,,,,,74,4,16.0,28.73,0.0,0.2322,-0.9727,31.4,30.0,30.0,station
2022-06-19,,,29.9,,,,,29.8,,,,,,73,25,17.1,28.48,0.0,0.2155,-0.9765,30.0,29.0,29.0,station
2022-06-20,,,29.1,,,,,29.2,,,,,,69,26,17.0,28.75,0.0,0.1986,-0.9801,29.1,28.0,28.0,station
2022-06-21,,,28.5,,,,,28.5,,,,,,65,32,18.6,28.13,0.0,0.1818,-0.9833,28.7,28.0,28.0,station
2022-06-22,,,29.3,,,,,29.2,,,,,,64,23,18.5,26.92,0.1,0.1648,-0.9863,30.2,28.0,28.0,station
2022-06-23,,,32.4,,,,,32.2,,,,,,70,2,16.8,28.88,0.0,0.1478,-0.989,32.1,31.0,31.0,station
2022-06-24,,,33.5,,,,,33.8,,,,,,60,1,16.9,29.06,0.0,0.1308,-0.9914,34.0,33.0,33.0,station
2022-06-25,,,30.5,,,,,30.6,,,,,,62,13,19.1,26.98,0.5,0.1137,-0.9935,30.3,30.0,30.0,station
2022-06-26,,,30.5,,,,,30.5,,,,,,66,9,18.4,28.76,0.0,0.0966,-0.9953,30.3,30.0,30.0,station
2022-06-27,,,31.4,,,,,32.0,,,,,,65,8,17.4,28.82,0.0,0.0795,-0.9968,31.7,31.0,31.0,station
2022-06-28,,,30.8,,,,,31.3,,,,,,68,7,18.0,28.47,0.0,0.0623,-0.9981,32.0,30.0,30.0,station
2022-06-29,,,30.9,,,,,31.0,,,,,,69,3,17.6,29.02,0.0,0.0451,-0.999,31.4,31.0,31.0,station
2022-06-30,,,31.2,,,,,31.1,,,,,,67,1,17.4,28.89,0.0,0.028,-0.9996,31.6,31.0,31.0,station
2022-07-01,,,31.3,,,,,31.2,,,,,,66,1,17.3,28.87,0.0,0.0108,-0.9999,31.1,31.0,31.0,station
2022-07-02,,,31.2,,,,,31.5,,,,,,71,12,16.7,28.33,0.0,-0.0065,-1.0,30.7,31.0,31.0,station
2022-07-03,,,31.9,,,,,32.0,,,,,,73,15,16.6,26.74,0.0,-0.0237,-0.9997,31.3,32.0,32.0,station
2022-07-04,,,32.8,,,,,33.1,,,,,,69,4,17.6,28.75,0.0,-0.0408,-0.9992,32.2,32.0,32.0,station
2022-07-05,,,33.1,,,,,32.6,,,,,,68,1,15.9,28.65,0.0,-0.058,-0.9983,32.7,33.0,33.0,station
2022-07-06,,,31.6,,,,,31.6,,,,,,72,18,19.2,28.25,0.0,-0.0752,-0.9972,31.6,31.0,31.0,station
2022-07-07,,,31.3,,,,,31.6,,,,,,70,14,17.6,27.9,0.0,-0.0923,-0.9957,31.4,31.0,31.0,station
2022-07-08,,,32.7,,,,,33.1,,,,,,65,1,15.8,29.18,0.0,-0.1094,-0.994,31.5,31.0,31.0,station
2022-07-09,,,31.8,,,,,32.4,,,,,,71,7,17.1,28.7,0.0,-0.1265,-0.992,32.1,31.0,31.0,station
2022-07-10,,,31.4,,,,,31.4,,,,,,71,19,18.7,27.59,0.0,-0.1436,-0.9896,31.2,32.0,32.0,station
2022-07-11,,,30.1,,,,,30.4,,,,,,66,17,17.2,27.48,0.3,-0.1606,-0.987,30.7,30.0,30.0,station
2022-07-12,,,30.8,,,,,31.0,,,,,,68,19,17.2,27.84,0.0,-0.1775,-0.9841,31.4,31.0,31.0,station
2022-07-13,,,31.4,,,,,31.6,,,,,,73,10,17.5,27.96,0.0,-0.1944,-0.9809,32.0,31.0,31.0,station
2022-07-14,,,30.9,,,,,30.9,,,,,,71,16,17.2,27.8,0.1,-0.2113,-0.9774,31.3,31.0,31.0,station
2022-07-15,,,30.7,,,,,30.9,,,,,,70,10,17.5,27.91,0.0,-0.2281,-0.9736,31.3,31.0,31.0,station
2022-07-16,,,30.5,,,,,30.7,,,,,,66,5,17.1,27.03,0.0,-0.2448,-0.9696,31.8,30.0,30.0,station
2022-07-17,,,31.2,,,,,31.9,,,,,,68,9,17.0,28.33,0.0,-0.2614,-0.9652,31.4,31.0,31.0,station
2022-07-18,,,32.6,,,,,32.8,,,,,,72,7,18.2,28.13,0.0,-0.278,-0.9606,33.4,32.0,32.0,station
2022-07-19,,,33.7,,,,,33.9,,,,,,71,21,17.1,28.09,0.0,-0.2945,-0.9557,34.6,33.0,33.0,station
2022-07-20,,,33.6,,,,,33.5,,,,,,71,18,15.7,28.18,0.0,-0.3109,-0.9505,34.4,33.0,33.0,station
2022-07-21,,,31.8,,,,,32.3,,,,,,72,6,17.0,27.98,0.0,-0.3272,-0.945,31.9,31.0,31.0,station
2022-07-22,,,32.0,,,,,32.0,,,,,,72,11,17.6,27.51,0.0,-0.3434,-0.9392,33.0,32.0,32.0,station
2022-07-23,,,32.2,,,,,32.0,,,,,,71,2,17.6,28.26,0.0,-0.3595,-0.9332,32.9,32.0,32.0,station
2022-07-24,,,32.7,,,,,32.6,,,,,,74,5,17.2,27.69,0.0,-0.3755,-0.9268,32.9,32.0,32.0,station
2022-07-25,,,33.9,,,,,33.7,,,,,,71,6,17.1,27.7,0.0,-0.3914,-0.9202,33.5,32.0,32.0,station
2022-07-26,,,33.9,,,,,34.3,,,,,,64,0,18.3,28.51,0.0,-0.4071,-0.9134,34.1,34.0,34.0,station
2022-07-27,,,33.6,,,,,33.5,,,,,,60,1,17.0,28.43,0.0,-0.4228,-0.9062,33.4,33.0,33.0,station
2022-07-28,,,34.6,,,,,34.3,,,,,,66,5,16.4,28.01,0.0,-0.4383,-0.8988,34.8,34.0,34.0,station
2022-07-29,,,33.7,,,,,33.7,,,,,,72,3,17.2,27.55,0.0,-0.4537,-0.8912,34.0,33.0,33.0,station
2022-07-30,,,32.7,,,,,32.7,,,,,,71,16,17.2,27.2,0.0,-0.469,-0.8832,33.2,33.0,33.0,station
2022-07-31,,,32.2,,,,,32.4,,,,,,67,14,17.8,26.9,0.0,-0.4841,-0.875,32.5,31.0,31.0,station
2022-08-01,,,33.0,,,,,33.2,,,,,,69,13,16.9,26.54,0.0,-0.4991,-0.8666,32.6,32.0,32.0,station
2022-08-02,,,33.7,,,,,33.8,,,,,,73,14,17.3,26.45,0.0,-0.5139,-0.8578,32.9,33.0,33.0,station
2022-08-03,,,33.9,,,,,34.3,,,,,,73,26,14.8,26.14,0.0,-0.5286,-0.8489,32.7,32.0,32.0,station
2022-08-04,,,33.2,,,,,33.3,,,,,,74,8,16.6,25.92,0.0,-0.5431,-0.8397,33.5,33.0,33.0,station
2022-08-05,,,33.0,,,,,33.1,,,,,,74,25,15.5,25.3,0.0,-0.5575,-0.8302,32.8,32.0,32.0,station
2022-08-06,,,32.9,,,,,33.3,,,,,,73,18,16.7,25.04,0.0,-0.5717,-0.8205,32.9,32.0,32.0,station
2022-08-07,,,31.9,,,,,32.4,,,,,,68,15,16.5,25.78,0.0,-0.5857,-0.8105,32.3,32.0,32.0,station
2022-08-08,,,32.5,,,,,32.3,,,,,,64,3,16.4,26.15,0.0,-0.5996,-0.8003,32.1,32.0,32.0,station
2022-08-09,,,32.0,,,,,32.6,,,,,,62,2,16.5,25.95,0.0,-0.6132,-0.7899,32.6,32.0,32.0,station
2022-08-10,,,31.7,,,,,31.7,,,,,,67,13,17.7,25.0,0.0,-0.6267,-0.7792,32.3,32.0,32.0,station
2022-08-11,,,31.9,,,,,32.5,,,,,,70,13,16.6,25.51,0.0,-0.64,-0.7683,32.5,32.0,32.0,station
2022-08-12,,,32.0,,,,,32.6,,,,,,68,25,17.4,24.24,0.0,-0.6532,-0.7572,32.7,32.0,32.0,station
2022-08-13,,,31.5,,,,,31.0,,,,,,65,43,18.1,23.29,0.0,-0.6661,-0.7459,32.5,32.0,32.0,station
2022-08-14,,,31.2,,,,,31.5,,,,,,69,24,17.7,24.47,0.2,-0.6788,-0.7343,32.1,31.0,31.0,station
2022-08-15,,,31.7,,,,,31.6,,,,,,67,27,18.3,25.83,0.0,-0.6914,-0.7225,32.7,32.0,32.0,station
2022-08-16,,,33.1,,,,,33.3,,,,,,69,19,18.8,26.04,0.0,-0.7037,-0.7105,32.7,32.0,32.0,station
2022-08-17,,,32.0,,,,,31.8,,,,,,69,23,16.4,25.63,0.0,-0.7158,-0.6983,32.5,32.0,32.0,station
2022-08-18,,,31.8,,,,,32.0,,,,,,69,8,16.1,25.51,0.0,-0.7277,-0.6859,31.9,31.0,31.0,station
2022-08-19,,,32.3,,,,,32.4,,,,,,67,15,16.5,25.16,0.0,-0.7394,-0.6733,32.0,32.0,32.0,station
2022-08-20,,,32.9,,,,,33.1,,,,,,69,2,18.0,25.39,0.0,-0.7509,-0.6605,32.9,32.0,32.0,station
2022-08-21,,,33.2,,,,,33.3,,,,,,72,13,18.4,24.68,0.0,-0.7621,-0.6474,33.7,33.0,33.0,station
2022-08-22,,,32.4,,,,,32.4,,,,,,68,12,17.3,24.25,0.0,-0.7731,-0.6342,32.1,32.0,32.0,station
2022-08-23,,,32.0,,,,,32.3,,,,,,66,13,17.1,25.17,0.0,-0.7839,-0.6208,32.0,32.0,32.0,station
2022-08-24,,,33.0,,,,,33.1,,,,,,65,2,18.5,25.7,0.0,-0.7945,-0.6073,34.6,33.0,33.0,station
2022-08-25,,,34.0,,,,,34.4,,,,,,63,1,22.3,25.04,0.0,-0.8048,-0.5935,36.7,35.0,35.0,station
2022-08-26,,,33.2,,,,,33.2,,,,,,73,10,20.1,24.08,0.0,-0.8149,-0.5796,33.1,32.0,32.0,station
2022-08-27,,,33.9,,,,,33.7,,,,,,70,15,20.8,24.63,0.0,-0.8248,-0.5655,33.1,32.0,32.0,station
2022-08-28,,,36.2,,,,,35.9,,,,,,74,6,18.0,24.04,0.0,-0.8344,-0.5512,35.4,33.0,33.0,station
2022-08-29,,,34.7,,,,,35.2,,,,,,73,28,15.8,23.98,0.0,-0.8437,-0.5368,34.8,33.0,33.0,station
2022-08-30,,,33.2,,,,,33.9,,,,,,76,37,15.5,21.92,0.0,-0.8528,-0.5222,34.5,33.0,33.0,station
2022-08-31,,,33.2,,,,,33.2,,,,,,75,43,15.0,22.23,0.0,-0.8617,-0.5074,33.8,32.0,32.0,station
2022-09-01,,,34.0,,,,,33.4,,,,,,74,23,17.2,22.82,0.1,-0.8703,-0.4925,33.4,32.0,32.0,station
2022-09-02,,,32.5,,,,,31.8,,,,,,74,28,17.8,23.4,0.0,-0.8786,-0.4775,32.9,32.0,32.0,station
2022-09-03,,,32.1,,,,,32.4,,,,,,74,26,17.8,22.74,0.0,-0.8867,-0.4623,32.6,32.0,32.0,station
2022-09-04,,,31.7,,,,,31.9,,,,,,72,27,16.3,23.19,0.0,-0.8945,-0.447,32.2,32.0,32.0,station
2022-09-05,,,31.3,,,,,31.3,,,,,,72,34,16.2,22.8,0.0,-0.9021,-0.4315,32.0,31.0,31.0,station
2022-09-06,,,31.1,,,,,30.7,,,,,,68,25,18.8,22.14,0.0,-0.9094,-0.4159,31.2,32.0,32.0,station
2022-09-07,,,31.5,,,,,31.6,,,,,,66,25,17.7,21.56,0.0,-0.9164,-0.4002,31.8,31.0,31.0,station
2022-09-08,,,32.9,,,,,32.2,,,,,,71,5,19.1,23.48,0.0,-0.9232,-0.3844,33.2,32.0,32.0,station
2022-09-09,,,33.5,,,,,33.7,,,,,,68,0,21.7,23.44,0.0,-0.9296,-0.3685,34.0,34.0,34.0,station
2022-09-10,,,32.5,,,,,33.0,,,,,,69,3,16.9,23.28,0.0,-0.9358,-0.3524,33.0,32.0,32.0,station
2022-09-11,,,31.4,,,,,31.4,,,,,,68,3,16.0,23.58,0.0,-0.9418,-0.3363,32.7,32.0,32.0,station
2022-09-12,,,31.5,,,,,31.7,,,,,,67,5,16.2,23.59,0.0,-0.9474,-0.32,31.9,31.0,31.0,station
2022-09-13,,,31.4,,,,,31.5,,,,,,69,28,17.0,21.14,0.1,-0.9528,-0.3037,31.4,32.0,32.0,station
2022-09-14,,,30.3,,,,,30.6,,,,,,64,23,17.7,21.78,0.0,-0.9579,-0.2873,30.5,30.0,30.0,station
2022-09-15,,,30.1,,,,,30.2,,,,,,59,7,16.3,22.08,0.0,-0.9627,-0.2707,31.5,31.0,31.0,station
2022-09-16,,,31.2,,,,,31.5,,,,,,66,1,18.2,22.41,0.0,-0.9672,-0.2541,31.5,31.0,31.0,station
2022-09-17,,,31.9,,,,,31.6,,,,,,71,15,19.2,21.84,0.0,-0.9714,-0.2375,31.9,31.0,31.0,station
2022-09-18,,,30.5,,,,,30.8,,,,,,68,22,15.9,20.93,0.0,-0.9753,-0.2207,31.4,30.0,30.0,station
2022-09-19,,,29.6,,,,,29.7,,,,,,65,25,17.8,18.81,0.0,-0.979,-0.2039,31.3,30.0,30.0,station
2022-09-20,,,30.0,,,,,30.2,,,,,,66,41,18.7,17.68,0.4,-0.9824,-0.187,30.2,30.0,30.0,station
2022-09-21,,,29.0,,,,,29.1,,,,,,59,40,18.2,18.28,0.0,-0.9854,-0.1701,29.6,30.0,30.0,station
2022-09-22,,,29.5,,,,,29.5,,,,,,58,9,17.0,20.91,0.0,-0.9882,-0.1531,30.6,30.0,30.0,station
2022-09-23,,,30.4,,,,,29.5,,,,,,63,1,15.9,21.01,0.0,-0.9907,-0.1361,32.5,31.0,31.0,station
2022-09-24,,,33.0,,,,,28.7,,,,,,56,0,18.2,21.23,0.0,-0.9929,-0.1191,33.7,33.0,33.0,station
2022-09-25,,,32.3,,,,,32.3,,,,,,53,0,19.3,21.0,0.0,-0.9948,-0.102,33.9,33.0,33.0,station
2022-09-26,,,33.0,,,,,32.0,,,,,,50,1,17.4,21.05,0.0,-0.9964,-0.0848,33.7,32.0,32.0,station
2022-09-27,,,32.5,,,,,32.4,,,,,,52,0,17.8,20.88,0.0,-0.9977,-0.0677,33.6,32.0,32.0,station
2022-09-28,,,30.1,,,,,30.1,,,,,,56,0,18.1,20.82,0.0,-0.9987,-0.0505,31.7,31.0,31.0,station
2022-09-29,,,30.9,,,,,31.1,,,,,,70,0,16.1,20.24,0.0,-0.9994,-0.0333,32.0,31.0,31.0,station
2022-09-30,,,34.6,,,,,33.5,,,,,,75,2,19.5,20.16,0.0,-0.9999,-0.0161,33.1,32.0,32.0,station
2022-10-01,,,32.9,,,,,33.2,,,,,,70,0,16.2,20.02,0.0,-1.0,0.0011,34.3,33.0,33.0,station
2022-10-02,,,31.9,,,,,31.7,,,,,,75,3,16.5,19.89,0.0,-0.9998,0.0183,31.6,32.0,32.0,station
2022-10-03,,,31.7,,,,,32.5,,,,,,72,14,17.3,19.09,0.0,-0.9994,0.0355,31.5,31.0,31.0,station
2022-10-04,,,30.5,,,,,30.5,,,,,,75,2,15.1,19.31,0.0,-0.9986,0.0527,30.9,31.0,31.0,station
2022-10-05,,,29.8,,,,,29.6,,,,,,71,8,15.3,18.77,0.0,-0.9976,0.0698,30.5,30.0,30.0,station
2022-10-06,,,28.4,,,,,28.6,,,,,,67,5,16.4,19.31,0.0,-0.9962,0.087,30.7,30.0,30.0,station
2022-10-07,,,26.7,,,,,27.1,,,,,,63,56,15.5,13.21,0.1,-0.9946,0.1041,28.1,27.0,27.0,station
2022-10-08,,,27.0,,,,,26.6,,,,,,61,18,16.9,15.53,0.0,-0.9926,0.1212,27.6,28.0,28.0,station
2022-10-09,,,27.1,,,,,27.1,,,,,,61,29,17.0,14.38,0.0,-0.9904,0.1383,28.1,28.0,28.0,station
2022-10-10,,,27.5,,,,,27.6,,,,,,62,12,17.8,18.63,0.0,-0.9879,0.1553,29.3,28.0,28.0,station
2022-10-11,,,28.8,,,,,29.0,,,,,,67,6,17.6,18.62,0.0,-0.9851,0.1722,30.1,28.0,28.0,station
2022-10-12,,,28.1,,,,,28.1,,,,,,70,25,18.1,17.33,0.0,-0.9819,0.1892,30.2,28.0,28.0,station
2022-10-13,,,27.0,,,,,27.1,,,,,,70,28,14.5,15.12,1.5,-0.9785,0.206,27.3,28.0,28.0,station
2022-10-14,,,26.2,,,,,27.7,,,,,,67,37,15.3,16.57,0.0,-0.9749,0.2228,28.0,28.0,28.0,station
2022-10-15,,,27.4,,,,,27.5,,,,,,67,38,12.2,17.29,0.0,-0.9709,0.2396,28.4,28.0,28.0,station
2022-10-16,,,29.7,,,,,29.8,,,,,,66,4,18.9,16.48,0.6,-0.9666,0.2562,29.7,31.0,31.0,station
2022-10-17,,,29.0,,,,,29.2,,,,,,61,1,20.8,17.54,0.0,-0.9621,0.2728,29.3,29.0,29.0,station
2022-10-18,,,27.6,,,,,28.1,,,,,,70,12,14.6,16.11,0.1,-0.9572,0.2893,28.7,28.0,28.0,station
2022-10-19,,,27.5,,,,,28.3,,,,,,68,18,14.5,17.24,0.0,-0.9521,0.3057,28.6,28.0,28.0,station
2022-10-20,,,26.9,,,,,27.8,,,,,,68,57,16.6,14.95,1.1,-0.9467,0.3221,28.0,28.0,28.0,station
2022-10-21,,,26.3,,,,,26.3,,,,,,82,60,12.5,12.81,2.9,-0.941,0.3383,27.1,27.0,27.0,station
2022-10-22,,,25.9,,,,,26.2,,,,,,77,26,16.0,15.73,0.4,-0.9351,0.3545,27.0,28.0,28.0,station
2022-10-23,,,26.7,,,,,26.9,,,,,,81,29,15.0,13.21,0.4,-0.9288,0.3705,25.4,27.0,27.0,station
2022-10-24,,,27.8,,,,,26.5,,,,,,79,26,13.8,13.91,3.5,-0.9223,0.3864,25.7,27.0,27.0,station
2022-10-25,,,31.4,,,,,31.9,,,,,,58,27,23.0,14.84,0.0,-0.9155,0.4022,32.1,32.0,32.0,station
2022-10-26,,,29.6,,,,,30.3,,,,,,57,38,16.9,13.78,2.5,-0.9085,0.4179,30.0,29.0,29.0,station
2022-10-27,,,27.7,,,,,27.6,,,,,,79,5,15.3,15.51,0.0,-0.9012,0.4335,27.4,28.0,28.0,station
2022-10-28,,,27.7,,,,,27.7,,,,,,78,26,13.1,15.55,0.0,-0.8936,0.4489,28.6,28.0,28.0,station
2022-10-29,,,29.0,,,,,29.3,,,,,,67,35,17.0,15.93,0.0,-0.8857,0.4642,29.9,29.0,29.0,station
2022-10-30,,,27.2,,,,,26.7,,,,,,80,6,13.1,15.03,0.2,-0.8776,0.4794,28.1,28.0,28.0,station
2022-10-31,,,26.0,,,,,25.9,,,,,,76,19,14.8,14.51,0.7,-0.8692,0.4944,27.3,27.0,27.0,station
2022-11-01,,,25.0,,,,,25.0,,,,,,74,20,12.3,13.76,0.1,-0.8606,0.5093,25.8,25.0,25.0,station
2022-11-02,,,24.4,,,,,24.3,,,,,,74,11,12.6,14.31,1.0,-0.8517,0.524,24.8,25.0,25.0,station
2022-11-03,,,25.3,,,,,25.0,,,,,,70,13,12.4,14.92,0.3,-0.8426,0.5386,26.4,26.0,26.0,station
2022-11-04,,,25.4,,,,,25.4,,,,,,71,0,15.2,15.52,0.0,-0.8332,0.553,26.4,26.0,26.0,station
2022-11-05,,,25.9,,,,,25.5,,,,,,65,1,17.7,15.29,0.0,-0.8235,0.5672,26.9,26.0,26.0,station
2022-11-06,,,26.3,,,,,25.9,,,,,,79,19,12.1,13.76,0.0,-0.8137,0.5813,26.6,26.0,26.0,station
2022-11-07,,,24.8,,,,,24.6,,,,,,71,21,16.2,13.69,1.4,-0.8035,0.5952,25.3,25.0,25.0,station
2022-11-08,,,23.3,,,,,23.0,,,,,,82,54,15.9,9.6,19.3,-0.7932,0.609,22.3,23.0,23.0,station
2022-11-09,,,23.3,,,,,24.2,,,,,,86,52,12.2,10.95,9.6,-0.7826,0.6225,21.3,22.0,22.0,station
2022-11-10,,,23.4,,,,,23.5,,,,,,78,19,9.0,13.22,0.2,-0.7718,0.6359,23.4,24.0,24.0,station
2022-11-11,,,25.3,,,,,26.0,,,,,,68,8,14.6,13.83,0.0,-0.7607,0.6491,25.4,26.0,26.0,station
2022-11-12,,,26.9,,,,,27.6,,,,,,58,3,10.5,14.62,0.0,-0.7494,0.6621,27.9,27.0,27.0,station
2022-11-13,,,28.9,,,,,28.2,,,,,,53,7,15.2,14.05,0.0,-0.7379,0.6749,28.4,29.0,29.0,station
2022-11-14,,,26.2,,,,,26.8,,,,,,74,39,17.0,13.17,0.1,-0.7262,0.6875,25.3,27.0,27.0,station
2022-11-15,,,21.8,,,,,22.3,,,,,,86,53,14.9,9.54,7.0,-0.7143,0.6998,22.3,23.0,23.0,station
2022-11-16,,,20.7,,,,,22.1,,,,,,71,40,17.0,11.45,1.0,-0.7021,0.712,22.4,24.0,24.0,station
2022-11-17,,,22.4,,,,,22.2,,,,,,73,27,15.8,11.97,0.4,-0.6898,0.724,22.3,23.0,23.0,station
2022-11-18,,,23.2,,,,,23.0,,,,,,76,13,9.2,12.63,0.0,-0.6772,0.7358,24.0,24.0,24.0,station
2022-11-19,,,26.2,,,,,25.4,,,,,,59,2,9.7,13.82,0.0,-0.6645,0.7473,26.6,27.0,27.0,station
2022-11-20,,,26.1,,,,,26.7,,,,,,39,11,20.1,14.14,0.0,-0.6515,0.7586,27.6,28.0,28.0,station
2022-11-21,,,27.1,,,,,27.0,,,,,,42,87,23.0,13.02,0.0,-0.6384,0.7697,30.4,31.0,31.0,station
2022-11-22,,,24.2,,,,,24.1,,,,,,65,53,15.0,11.27,1.0,-0.625,0.7806,24.8,25.0,25.0,station
2022-11-23,,,24.7,,,,,24.5,,,,,,72,2,17.0,13.54,0.0,-0.6115,0.7912,26.4,26.0,26.0,station
2022-11-24,,,21.7,,,,,21.7,,,,,,79,61,13.3,8.7,2.7,-0.5978,0.8016,21.1,23.0,23.0,station
2022-11-25,,,19.9,,,,,20.2,,,,,,70,77,18.4,6.76,10.6,-0.584,0.8118,21.0,20.0,20.0,station
2022-11-26,,,20.3,,,,,20.6,,,,,,67,63,20.2,10.17,0.5,-0.5699,0.8217,21.0,21.0,21.0,station
2022-11-27,,,21.3,,,,,21.3,,,,,,67,100,11.0,10.29,0.0,-0.5557,0.8314,23.0,23.0,23.0,station
2022-11-28,,,24.4,,,,,24.5,,,,,,63,59,10.0,11.78,0.0,-0.5413,0.8408,25.1,26.0,26.0,station
2022-11-29,,,23.1,,,,,22.8,,,,,,73,65,16.3,10.13,4.2,-0.5268,0.85,21.8,22.0,22.0,station
2022-11-30,,,21.7,,,,,22.1,,,,,,80,30,12.8,9.89,1.3,-0.5121,0.859,21.6,22.0,22.0,station
2022-12-01,,,23.1,,,,,23.1,,,,,,74,0,12.3,12.91,0.0,-0.4972,0.8676,24.0,24.0,24.0,station
2022-12-02,,,22.4,,,,,22.4,,,,,,71,0,15.2,12.78,0.0,-0.4822,0.8761,24.3,24.0,24.0,station
2022-12-03,,,23.5,,,,,22.8,,,,,,62,77,10.5,12.19,0.0,-0.4671,0.8842,24.6,25.0,25.0,station
2022-12-04,,,22.8,,,,,22.7,,,,,,63,11,12.6,12.49,0.0,-0.4518,0.8921,23.4,24.0,24.0,station
2022-12-05,,,21.6,,,,,21.2,,,,,,73,13,13.2,11.89,0.1,-0.4364,0.8998,22.4,23.0,23.0,station
2022-12-06,,,20.7,,,,,21.0,,,,,,80,37,11.3,10.03,0.7,-0.4208,0.9071,20.8,21.0,21.0,station
2022-12-07,,,21.0,,,,,20.7,,,,,,83,51,13.4,8.36,0.6,-0.4052,0.9142,20.7,21.0,21.0,station
2022-12-08,,,20.9,,,,,20.7,,,,,,80,5,8.4,11.94,0.0,-0.3894,0.9211,21.9,21.0,21.0,station
2022-12-09,,,21.2,,,,,21.3,,,,,,81,24,8.7,11.99,0.0,-0.3735,0.9276,22.0,22.0,22.0,station
2022-12-10,,,22.3,,,,,22.1,,,,,,76,5,8.2,12.21,0.0,-0.3575,0.9339,22.8,24.0,24.0,station
2022-12-11,,,24.2,,,,,23.7,,,,,,73,21,10.0,12.28,0.0,-0.3413,0.9399,23.6,25.0,25.0,station
2022-12-12,,,23.2,,,,,23.4,,,,,,58,71,10.7,12.02,0.0,-0.3251,0.9457,23.7,24.0,24.0,station
2022-12-13,,,22.4,,,,,22.7,,,,,,66,46,12.2,9.64,0.7,-0.3088,0.9511,22.6,23.0,23.0,station
2022-12-14,,,19.1,,,,,21.4,,,,,,86,68,10.3,7.64,5.1,-0.2924,0.9563,21.7,22.0,22.0,station
2022-12-15,,,22.0,,,,,21.8,,,,,,80,39,10.2,9.84,0.6,-0.2759,0.9612,22.4,22.0,22.0,station
2022-12-16,,,23.0,,,,,22.8,,,,,,81,2,13.4,11.55,0.0,-0.2593,0.9658,23.6,24.0,24.0,station
2022-12-17,,,25.1,,,,,24.5,,,,,,60,0,9.2,11.95,0.0,-0.2427,0.9701,26.3,26.0,26.0,station
2022-12-18,,,24.7,,,,,25.2,,,,,,53,4,11.4,12.28,0.0,-0.226,0.9741,26.1,26.0,26.0,station
2022-12-19,,,23.8,,,,,23.5,,,,,,54,0,11.7,12.32,0.0,-0.2092,0.9779,24.9,26.0,26.0,station
2022-12-20,,,21.7,,,,,21.1,,,,,,71,2,9.2,12.05,0.0,-0.1923,0.9813,21.7,22.0,22.0,station
2022-12-21,,,20.5,,,,,19.1,,,,,,85,43,16.3,9.26,4.5,-0.1754,0.9845,20.2,21.0,21.0,station
2022-12-22,,,18.8,,,,,18.9,,,,,,75,33,11.0,11.05,0.0,-0.1585,0.9874,21.3,21.0,21.0,station
2022-12-23,,,20.7,,,,,19.6,,,,,,65,44,11.9,10.65,0.1,-0.1414,0.9899,20.0,20.0,20.0,station
2022-12-24,,,19.3,,,,,19.4,,,,,,85,64,15.6,7.97,4.6,-0.1244,0.9922,17.8,17.0,17.0,station
2022-12-25,,,17.3,,,,,18.5,,,,,,87,99,16.8,6.34,8.0,-0.1073,0.9942,17.3,16.0,16.0,station
2022-12-26,,,17.1,,,,,16.9,,,,,,87,75,20.6,4.78,11.6,-0.0902,0.9959,14.9,15.0,15.0,station
2022-12-27,,,16.6,,,,,17.1,,,,,,68,47,18.7,9.23,0.2,-0.073,0.9973,18.1,18.0,18.0,station
2022-12-28,,,18.0,,,,,18.0,,,,,,78,30,10.2,10.63,0.1,-0.0559,0.9984,18.9,19.0,19.0,station
2022-12-29,,,18.6,,,,,18.5,,,,,,73,1,11.0,12.21,0.0,-0.0387,0.9993,20.5,20.0,20.0,station
2022-12-30,,,19.4,,,,,19.6,,,,,,64,0,16.1,12.28,0.0,-0.0215,0.9998,19.7,20.0,20.0,station
2022-12-31,,,19.3,,,,,19.6,,,,,,64,1,13.9,12.19,0.0,-0.0043,1.0,20.6,,,
2023-01-01,,,19.0,,,,,18.7,,,,,,60,79,28.3,9.85,0.0,0.0172,0.9999,19.3,19.0,19.0,station
2023-01-02,,,18.6,,,,,18.0,,,,,,61,84,23.7,5.1,0.1,0.0344,0.9994,16.2,17.0,17.0,station
2023-01-03,,,18.8,,,,,19.7,,,,,,61,30,23.7,12.05,0.0,0.0516,0.9987,20.4,20.0,20.0,station
2023-01-04,,,19.3,,,,,17.2,,,,,,73,40,14.0,11.62,0.2,0.0688,0.9976,19.3,20.0,20.0,station
2023-01-05,,,18.7,,,,,18.3,,,,,,77,30,14.8,10.21,0.3,0.0859,0.9963,19.6,19.0,19.0,station
2023-01-06,,,18.0,,,,,18.4,,,,,,79,71,13.5,8.22,2.0,0.103,0.9947,16.6,16.0,16.0,station
2023-01-07,,,17.1,,,,,18.3,,,,,,85,67,13.0,7.29,1.2,0.1201,0.9928,18.3,19.0,19.0,station
2023-01-08,,,18.9,,,,,18.7,,,,,,84,40,11.2,10.29,0.4,0.1372,0.9905,18.7,19.0,19.0,station
2023-01-09,,,18.0,,,,,17.5,,,,,,85,20,11.3,10.88,1.4,0.1542,0.988,18.2,18.0,18.0,station
2023-01-10,,,18.2,,,,,18.6,,,,,,79,20,8.6,11.89,0.0,0.1712,0.9852,18.8,19.0,19.0,station
2023-01-11,,,19.1,,,,,18.9,,,,,,61,74,16.1,12.6,0.0,0.1881,0.9821,20.5,20.0,20.0,station
2023-01-12,,,18.1,,,,,18.3,,,,,,63,65,18.8,9.99,2.9,0.205,0.9788,18.0,18.0,18.0,station
2023-01-13,,,17.1,,,,,16.7,,,,,,66,58,16.3,10.26,0.0,0.2218,0.9751,18.0,18.0,18.0,station
2023-01-14,,,16.6,,,,,16.6,,,,,,67,55,24.1,8.24,1.0,0.2385,0.9711,17.4,18.0,18.0,station
2023-01-15,,,17.0,,,,,17.5,,,,,,72,77,16.3,11.05,1.8,0.2552,0.9669,18.4,19.0,19.0,station
2023-01-16,,,17.7,,,,,17.6,,,,,,69,63,12.8,9.63,0.1,0.2718,0.9624,18.0,19.0,19.0,station
2023-01-17,,,18.0,,,,,18.2,,,,,,74,18,10.6,12.81,0.0,0.2883,0.9575,18.9,19.0,19.0,station
2023-01-18,,,19.4,,,,,19.2,,,,,,77,0,13.5,13.47,0.0,0.3047,0.9524,21.2,22.0,22.0,station
2023-01-19,,,21.7,,,,,22.0,,,,,,55,0,11.1,13.9,0.0,0.3211,0.9471,23.6,23.0,23.0,station
2023-01-20,,,21.1,,,,,20.8,,,,,,56,0,12.6,14.04,0.0,0.3373,0.9414,22.3,23.0,23.0,station
2023-01-21,,,20.3,,,,,20.2,,,,,,72,0,9.6,13.82,0.0,0.3534,0.9355,20.1,20.0,20.0,station
2023-01-22,,,20.3,,,,,20.4,,,,,,87,41,9.4,13.15,0.0,0.3695,0.9292,20.3,22.0,22.0,station
2023-01-23,,,21.6,,,,,21.9,,,,,,81,36,10.7,13.25,0.0,0.3854,0.9227,21.2,22.0,22.0,station
2023-01-24,,,22.1,,,,,22.1,,,,,,65,0,17.0,14.05,0.0,0.4012,0.916,23.8,23.0,23.0,station
2023-01-25,,,20.5,,,,,20.6,,,,,,70,1,14.6,14.17,0.0,0.4169,0.9089,20.9,21.0,21.0,station
2023-01-26,,,19.8,,,,,19.6,,,,,,72,0,9.5,14.48,0.0,0.4325,0.9016,20.2,20.0,20.0,station
2023-01-27,,,24.4,,,,,24.0,,,,,,43,29,11.8,14.51,0.0,0.4479,0.8941,25.5,27.0,27.0,station
2023-01-28,,,23.5,,,,,24.5,,,,,,54,71,17.6,11.99,0.6,0.4633,0.8862,23.9,24.0,24.0,station
2023-01-29,,,20.2,,,,,21.5,,,,,,77,66,12.1,11.28,0.0,0.4784,0.8781,20.5,20.0,20.0,station
2023-01-30,,,18.3,,,,,18.4,,,,,,71,33,17.3,12.78,0.7,0.4935,0.8698,18.5,19.0,19.0,station
2023-01-31,,,16.2,,,,,15.4,,,,,,78,80,21.4,5.87,20.0,0.5084,0.8611,15.5,16.0,16.0,station
2023-02-01,,,15.9,,,,,16.3,,,,,,75,81,37.9,8.63,20.5,0.5231,0.8523,16.7,17.0,17.0,station
2023-02-02,,,15.8,,,,,16.4,,,,,,57,47,23.4,10.88,2.2,0.5377,0.8432,16.2,17.0,17.0,station
2023-02-03,,,16.4,,,,,16.8,,,,,,83,56,13.8,10.95,3.0,0.5521,0.8338,15.8,14.0,14.0,station
2023-02-04,,,16.5,,,,,16.4,,,,,,76,76,17.1,8.34,7.4,0.5664,0.8242,16.5,17.0,17.0,station
2023-02-05,,,16.7,,,,,16.7,,,,,,65,54,26.2,12.37,0.3,0.5805,0.8143,17.5,18.0,18.0,station
2023-02-06,,,13.6,,,,,13.5,,,,,,64,70,37.2,6.64,9.6,0.5944,0.8042,14.1,15.0,15.0,station
2023-02-07,,,13.6,,,,,13.0,,,,,,73,84,28.6,7.65,16.8,0.6081,0.7938,14.0,14.0,14.0,station
2023-02-08,,,12.8,,,,,13.6,,,,,,64,54,23.9,11.66,1.4,0.6217,0.7833,13.1,13.0,13.0,station
2023-02-09,,,13.4,,,,,13.2,,,,,,74,82,8.2,12.48,0.5,0.6351,0.7725,14.7,15.0,15.0,station
2023-02-10,,,16.0,,,,,15.4,,,,,,64,27,13.2,15.94,0.0,0.6483,0.7614,17.3,17.0,17.0,station
2023-02-11,,,16.3,,,,,15.5,,,,,,57,22,14.4,15.12,0.0,0.6613,0.7502,17.2,16.0,16.0,station
2023-02-12,,,14.9,,,,,14.1,,,,,,71,37,13.3,15.14,1.2,0.6741,0.7387,15.3,16.0,16.0,station
2023-02-13,,,15.5,,,,,15.5,,,,,,71,33,15.0,14.44,0.1,0.6867,0.727,16.4,16.0,16.0,station
2023-02-14,,,16.3,,,,,16.4,,,,,,66,10,12.9,15.51,0.0,0.6991,0.715,17.4,18.0,18.0,station
2023-02-15,,,14.8,,,,,14.7,,,,,,76,37,13.2,12.81,0.6,0.7113,0.7029,14.4,15.0,15.0,station
2023-02-16,,,14.8,,,,,15.7,,,,,,80,44,11.1,14.27,1.0,0.7233,0.6906,15.5,15.0,15.0,station
2023-02-17,,,17.0,,,,,16.8,,,,,,67,2,15.3,17.01,0.0,0.735,0.678,18.2,19.0,19.0,station
2023-02-18,,,18.3,,,,,18.2,,,,,,69,0,15.1,17.52,0.0,0.7466,0.6653,19.3,19.0,19.0,station
2023-02-19,,,19.9,,,,,19.5,,,,,,70,0,14.6,17.81,0.0,0.7579,0.6523,20.5,21.0,21.0,station
2023-02-20,,,19.6,,,,,19.8,,,,,,75,7,14.8,17.74,0.0,0.769,0.6392,19.6,20.0,20.0,station
2023-02-21,,,17.6,,,,,17.2,,,,,,75,65,11.8,13.32,0.0,0.7799,0.6259,18.5,18.0,18.0,station
2023-02-22,,,18.0,,,,,18.4,,,,,,75,2,14.8,17.91,0.0,0.7906,0.6124,19.0,19.0,19.0,station
2023-02-23,,,16.8,,,,,17.3,,,,,,78,47,12.7,13.45,0.4,0.801,0.5987,18.6,19.0,19.0,station
2023-02-24,,,18.3,,,,,18.0,,,,,,75,36,12.7,15.31,0.3,0.8112,0.5848,18.6,19.0,19.0,station
2023-02-25,,,18.7,,,,,18.7,,,,,,81,13,14.0,17.55,0.0,0.8211,0.5708,19.3,20.0,20.0,station
2023-02-26,,,20.9,,,,,20.7,,,,,,85,8,13.9,18.23,0.0,0.8308,0.5566,20.3,21.0,21.0,station
2023-02-27,,,26.3,,,,,26.4,,,,,,82,44,11.8,17.99,0.0,0.8402,0.5422,22.9,23.0,23.0,station
2023-02-28,,,27.2,,,,,27.4,,,,,,33,0,21.4,19.06,0.0,0.8495,0.5277,28.7,29.0,29.0,station
2023-03-01,,,27.6,,,,,27.6,,,,,,40,0,18.0,19.23,0.0,0.8584,0.513,28.5,30.0,30.0,station
2023-03-02,,,29.5,,,,,29.5,,,,,,47,3,13.5,19.47,0.0,0.8671,0.4981,30.6,31.0,31.0,station
2023-03-03,,,23.7,,,,,23.1,,,,,,61,8,19.5,19.19,0.0,0.8755,0.4831,22.3,25.0,25.0,station
2023-03-04,,,23.3,,,,,23.4,,,,,,71,1,10.2,19.54,0.0,0.8837,0.468,23.7,25.0,25.0,station
2023-03-05,,,31.0,,,,,32.4,,,,,,44,34,13.2,19.18,0.0,0.8916,0.4527,33.5,34.0,34.0,station
2023-03-06,,,19.5,,,,,19.1,,,,,,73,29,18.4,17.41,0.0,0.8993,0.4373,20.0,20.0,20.0,station
2023-03-07,,,19.7,,,,,20.2,,,,,,70,77,17.0,16.36,0.0,0.9067,0.4218,20.7,20.0,20.0,station
2023-03-08,,,18.7,,,,,18.7,,,,,,68,53,18.2,17.5,0.1,0.9138,0.4061,19.4,19.0,19.0,station
2023-03-09,,,18.8,,,,,19.0,,,,,,70,19,14.2,18.22,0.3,0.9207,0.3904,19.3,20.0,20.0,station
2023-03-10,,,22.6,,,,,22.2,,,,,,59,0,12.7,20.76,0.0,0.9272,0.3745,23.8,24.0,24.0,station
2023-03-11,,,25.9,,,,,26.2,,,,,,53,25,13.1,20.98,0.0,0.9335,0.3585,25.9,27.0,27.0,station
2023-03-12,,,25.5,,,,,25.8,,,,,,50,32,12.8,21.12,0.0,0.9396,0.3424,26.3,26.0,26.0,station
2023-03-13,,,25.4,,,,,25.9,,,,,,64,16,18.0,19.23,0.0,0.9453,0.3261,25.7,26.0,26.0,station
2023-03-14,,,18.1,,,,,19.3,,,,,,86,87,12.6,5.8,14.4,0.9508,0.3098,17.3,17.0,17.0,station
2023-03-15,,,18.0,,,,,17.0,,,,,,80,63,23.0,12.84,3.2,0.956,0.2934,17.8,19.0,19.0,station
2023-03-16,,,21.8,,,,,21.8,,,,,,65,12,13.7,21.65,0.0,0.9609,0.2769,22.6,23.0,23.0,station
2023-03-17,,,22.9,,,,,22.6,,,,,,57,9,14.1,21.43,0.0,0.9655,0.2604,22.5,23.0,23.0,station
2023-03-18,,,20.2,,,,,20.9,,,,,,73,27,22.0,18.69,2.5,0.9698,0.2437,20.1,22.0,22.0,station
2023-03-19,,,17.3,,,,,17.5,,,,,,83,90,21.4,12.29,30.6,0.9739,0.227,18.0,18.0,18.0,station
2023-03-20,,,17.0,,,,,17.2,,,,,,84,63,18.9,13.41,36.3,0.9777,0.2102,17.0,17.0,17.0,station
2023-03-21,,,18.9,,,,,18.9,,,,,,79,29,17.8,18.07,1.0,0.9811,0.1934,19.2,19.0,19.0,station
2023-03-22,,,21.1,,,,,21.3,,,,,,76,58,10.0,20.6,0.0,0.9843,0.1765,20.9,21.0,21.0,station
2023-03-23,,,23.2,,,,,22.2,,,,,,64,86,11.9,9.78,0.0,0.9872,0.1595,23.1,24.0,24.0,station
2023-03-24,,,28.0,,,,,28.4,,,,,,58,52,16.6,21.72,0.0,0.9898,0.1425,28.7,29.0,29.0,station
2023-03-25,,,24.2,,,,,21.3,,,,,,72,87,19.2,11.94,3.6,0.9921,0.1255,24.6,23.0,23.0,station
2023-03-26,,,19.9,,,,,21.3,,,,,,87,36,17.6,18.05,2.9,0.9941,0.1084,21.1,21.0,21.0,station
2023-03-27,,,20.4,,,,,20.3,,,,,,83,30,16.7,17.66,1.0,0.9958,0.0913,20.2,21.0,21.0,station
2023-03-28,,,22.4,,,,,22.1,,,,,,65,0,16.6,23.1,0.0,0.9972,0.0741,22.4,24.0,24.0,station
2023-03-29,,,19.7,,,,,19.6,,,,,,63,37,24.2,19.06,0.7,0.9984,0.057,20.0,20.0,20.0,station
2023-03-30,,,16.2,,,,,16.2,,,,,,57,79,22.3,9.05,0.6,0.9992,0.0398,15.7,17.0,17.0,station
2023-03-31,,,16.3,,,,,16.4,,,,,,53,59,20.6,16.93,0.1,0.9997,0.0226,17.3,17.0,17.0,station
2023-04-01,,,18.5,,,,,18.4,,,,,,63,37,13.5,21.5,0.0,1.0,0.0054,19.9,19.0,19.0,station
2023-04-02,,,22.1,,,,,22.0,,,,,,71,7,14.3,23.61,0.0,0.9999,-0.0118,22.2,23.0,23.0,station
2023-04-03,,,27.1,,,,,27.1,,,,,,59,0,11.9,23.92,0.0,0.9996,-0.029,28.7,29.0,29.0,station
2023-04-04,,,31.8,,,,,31.9,,,,,,44,0,14.1,24.44,0.0,0.9989,-0.0462,32.1,33.0,33.0,station
2023-04-05,,,21.7,,,,,22.0,,,,,,74,2,15.5,23.73,0.0,0.998,-0.0634,21.7,22.0,22.0,station
2023-04-06,,,21.0,,,,,21.2,,,,,,75,24,14.9,22.15,0.3,0.9968,-0.0805,21.1,22.0,22.0,station
2023-04-07,,,30.0,,,,,30.1,,,,,,53,17,18.4,23.48,0.0,0.9952,-0.0977,29.6,32.0,32.0,station
2023-04-08,,,27.1,,,,,27.0,,,,,,61,56,11.8,20.34,0.0,0.9934,-0.1148,29.9,29.0,29.0,station
2023-04-09,,,31.8,,,,,31.9,,,,,,52,100,17.6,18.37,0.0,0.9913,-0.1319,32.8,35.0,35.0,station
2023-04-10,,,31.1,,,,,31.8,,,,,,49,54,19.4,19.86,0.1,0.9889,-0.1489,31.3,33.0,33.0,station
2023-04-11,,,20.1,,,,,18.5,,,,,,74,64,18.0,13.7,0.9,0.9861,-0.1659,19.5,20.0,20.0,station
2023-04-12,,,17.4,,,,,16.2,,,,,,81,80,27.2,13.17,35.1,0.9831,-0.1828,15.7,17.0,17.0,station
2023-04-13,,,18.3,,,,,18.3,,,,,,81,56,20.9,14.69,35.4,0.9799,-0.1997,18.6,19.0,19.0,station
2023-04-14,,,23.1,,,,,23.2,,,,,,70,17,13.8,24.93,0.0,0.9763,-0.2165,23.0,23.0,23.0,station
2023-04-15,,,25.5,,,,,25.8,,,,,,72,30,13.5,23.68,0.0,0.9724,-0.2333,26.3,28.0,28.0,station
2023-04-16,,,26.1,,,,,25.4,,,,,,84,33,11.8,24.23,0.0,0.9683,-0.25,23.6,24.0,24.0,station
2023-04-17,,,27.6,,,,,28.7,,,,,,83,23,10.9,23.55,0.0,0.9638,-0.2666,26.3,27.0,27.0,station
2023-04-18,,,29.4,,,,,30.5,,,,,,71,1,10.8,25.22,0.0,0.9591,-0.2831,30.3,31.0,31.0,station
2023-04-19,,,33.9,,,,,31.9,,,,,,50,42,13.6,23.65,0.0,0.9541,-0.2996,29.1,35.0,35.0,station
2023-04-20,,,23.6,,,,,25.8,,,,,,72,28,19.7,21.42,0.3,0.9488,-0.316,21.6,21.0,21.0,station
2023-04-21,,,21.7,,,,,21.7,,,,,,69,51,17.0,24.43,0.0,0.9432,-0.3322,21.4,22.0,22.0,station
2023-04-22,,,24.2,,,,,24.6,,,,,,77,13,15.5,25.67,0.0,0.9373,-0.3484,22.6,23.0,23.0,station
2023-04-23,,,24.7,,,,,24.7,,,,,,77,93,14.5,23.83,0.0,0.9312,-0.3645,23.7,24.0,24.0,station
2023-04-24,,,23.1,,,,,23.7,,,,,,72,13,13.6,25.84,0.0,0.9248,-0.3804,23.8,24.0,24.0,station
2023-04-25,,,23.3,,,,,24.3,,,,,,72,3,15.1,25.89,0.0,0.9181,-0.3963,22.6,23.0,23.0,station
2023-04-26,,,24.8,,,,,25.3,,,,,,65,12,15.3,26.76,0.0,0.9112,-0.412,25.0,25.0,25.0,station
2023-04-27,,,26.2,,,,,26.7,,,,,,52,26,14.5,26.42,0.0,0.9039,-0.4276,27.2,28.0,28.0,station
2023-04-28,,,21.9,,,,,22.3,,,,,,65,24,20.4,23.04,0.4,0.8965,-0.4431,21.9,23.0,23.0,station
2023-04-29,,,20.2,,,,,20.4,,,,,,64,43,27.7,19.43,3.7,0.8887,-0.4585,20.1,21.0,21.0,station
2023-04-30,,,20.2,,,,,20.6,,,,,,57,56,17.4,19.66,0.2,0.8807,-0.4737,20.9,21.0,21.0,station
2023-05-01,,,22.1,,,,,22.2,,,,,,64,29,17.6,25.57,0.0,0.8724,-0.4888,22.7,22.0,22.0,station
2023-05-02,,,25.3,,,,,25.8,,,,,,72,0,17.8,26.38,0.0,0.8639,-0.5037,23.9,24.0,24.0,station
2023-05-03,,,27.8,,,,,27.5,,,,,,68,3,14.2,25.79,0.0,0.8551,-0.5185,26.4,27.0,27.0,station
2023-05-04,,,32.4,,,,,32.8,,,,,,52,6,13.7,26.9,0.0,0.846,-0.5331,35.5,33.0,33.0,station
2023-05-05,,,36.7,,,,,39.1,,,,,,47,29,22.9,23.79,0.0,0.8367,-0.5476,37.3,39.0,39.0,station
2023-05-06,,,24.8,,,,,24.9,,,,,,68,7,16.2,24.71,0.7,0.8272,-0.5619,24.2,25.0,25.0,station
2023-05-07,,,22.9,,,,,23.4,,,,,,76,16,18.9,22.86,1.0,0.8174,-0.5761,22.8,23.0,23.0,station
2023-05-08,,,23.0,,,,,22.9,,,,,,76,23,16.1,23.67,1.6,0.8074,-0.59,22.9,24.0,24.0,station
2023-05-09,,,24.0,,,,,24.0,,,,,,74,9,18.4,25.98,0.0,0.7971,-0.6038,25.0,24.0,24.0,station
2023-05-10,,,29.4,,,,,29.4,,,,,,71,41,15.5,27.2,0.0,0.7866,-0.6175,28.3,28.0,28.0,station
2023-05-11,,,29.9,,,,,31.9,,,,,,68,39,11.8,26.97,0.0,0.7759,-0.6309,29.7,30.0,30.0,station
2023-05-12,,,27.1,,,,,29.4,,,,,,66,9,16.6,26.97,0.0,0.7649,-0.6442,26.6,27.0,27.0,station
2023-05-13,,,23.6,,,,,23.9,,,,,,76,14,18.3,26.14,0.0,0.7537,-0.6572,23.2,24.0,24.0,station
2023-05-14,,,25.4,,,,,25.7,,,,,,74,22,16.6,27.27,0.0,0.7423,-0.6701,25.8,24.0,24.0,station
2023-05-15,,,29.4,,,,,29.2,,,,,,76,33,15.6,27.19,0.0,0.7306,-0.6828,28.2,28.0,28.0,station
2023-05-16,,,34.1,,,,,32.6,,,,,,64,68,16.0,27.17,0.0,0.7188,-0.6952,33.1,33.0,33.0,station
2023-05-17,,,32.7,,,,,32.5,,,,,,65,16,18.5,27.73,0.0,0.7067,-0.7075,31.6,33.0,33.0,station
2023-05-18,,,24.4,,,,,24.4,,,,,,74,37,16.7,23.93,0.0,0.6945,-0.7195,24.8,25.0,25.0,station
2023-05-19,,,23.6,,,,,23.8,,,,,,66,53,15.8,22.59,0.0,0.682,-0.7314,24.2,24.0,24.0,station
2023-05-20,,,24.3,,,,,24.5,,,,,,69,24,18.3,24.83,1.6,0.6693,-0.743,24.4,25.0,25.0,station
2023-05-21,,,27.6,,,,,27.6,,,,,,63,69,12.9,25.9,0.0,0.6564,-0.7544,28.9,29.0,29.0,station
2023-05-22,,,30.1,,,,,33.2,,,,,,39,20,27.5,28.36,0.0,0.6433,-0.7656,31.2,31.0,31.0,station
2023-05-23,,,30.2,,,,,29.7,,,,,,61,4,15.8,28.21,0.0,0.6301,-0.7765,29.4,30.0,30.0,station
2023-05-24,,,32.1,,,,,32.3,,,,,,41,25,14.1,27.27,0.0,0.6166,-0.7873,32.8,32.0,32.0,station
2023-05-25,,,27.4,,,,,28.2,,,,,,74,22,14.8,27.78,0.1,0.603,-0.7978,27.5,27.0,27.0,station
2023-05-26,,,28.2,,,,,27.6,,,,,,56,60,17.9,27.04,0.0,0.5892,-0.808,29.5,29.0,29.0,station
2023-05-27,,,39.2,,,,,38.8,,,,,,26,89,30.2,18.23,0.2,0.5752,-0.818,39.0,37.0,37.0,station
2023-05-28,,,33.8,,,,,34.6,,,,,,41,68,23.9,22.09,0.3,0.561,-0.8278,35.3,34.0,34.0,station
2023-05-29,,,27.5,,,,,28.2,,,,,,73,20,15.5,26.64,3.0,0.5467,-0.8373,26.6,26.0,26.0,station
2023-05-30,,,27.8,,,,,27.4,,,,,,69,8,14.8,27.46,0.0,0.5322,-0.8466,28.4,28.0,28.0,station
2023-05-31,,,28.7,,,,,29.6,,,,,,61,5,15.2,28.71,0.0,0.5176,-0.8556,29.9,30.0,30.0,station
2023-06-01,,,36.9,,,,,35.6,,,,,,32,48,30.1,26.95,0.2,0.5028,-0.8644,38.1,37.0,37.0,station
2023-06-02,,,41.7,,,,,42.2,,,,,,27,54,24.3,25.61,0.3,0.4878,-0.8729,43.8,42.0,42.0,station
2023-06-03,,,29.9,,,,,34.8,,,,,,59,22,17.4,27.32,0.0,0.4728,-0.8812,29.5,28.0,28.0,station
2023-06-04,,,28.7,,,,,28.5,,,,,,70,47,19.3,28.43,0.0,0.4575,-0.8892,28.4,28.0,28.0,station
2023-06-05,,,27.9,,,,,28.3,,,,,,69,23,16.3,28.5,0.0,0.4422,-0.8969,28.1,28.0,28.0,station
2023-06-06,,,27.9,,,,,28.2,,,,,,70,26,17.8,28.83,0.0,0.4267,-0.9044,28.3,27.0,27.0,station
2023-06-07,,,30.2,,,,,30.2,,,,,,73,44,17.1,28.17,0.0,0.4111,-0.9116,29.7,29.0,29.0,station
2023-06-08,,,32.9,,,,,35.6,,,,,,63,89,14.5,20.07,0.0,0.3953,-0.9185,36.6,32.0,32.0,station
2023-06-09,,,37.2,,,,,35.9,,,,,,37,80,16.4,22.17,0.1,0.3795,-0.9252,40.4,38.0,38.0,station
2023-06-10,,,29.3,,,,,29.5,,,,,,68,10,17.2,28.63,0.0,0.3635,-0.9316,28.8,29.0,29.0,station
2023-06-11,,,29.2,,,,,29.0,,,,,,74,18,16.7,27.78,0.0,0.3474,-0.9377,28.9,29.0,29.0,station
2023-06-12,,,29.0,,,,,29.1,,,,,,65,13,16.6,28.8,0.0,0.3312,-0.9436,29.1,30.0,30.0,station
2023-06-13,,,29.8,,,,,30.7,,,,,,67,33,17.9,20.24,3.9,0.3149,-0.9491,31.5,30.0,30.0,station
2023-06-14,,,28.7,,,,,29.5,,,,,,75,11,18.3,28.65,0.0,0.2986,-0.9544,28.5,28.0,28.0,station
2023-06-15,,,27.9,,,,,27.9,,,,,,75,24,16.7,27.52,0.1,0.2821,-0.9594,27.6,28.0,28.0,station
2023-06-16,,,30.3,,,,,30.4,,,,,,70,3,16.3,29.1,0.0,0.2656,-0.9641,30.7,30.0,30.0,station
2023-06-17,,,36.8,,,,,37.7,,,,,,55,9,20.6,28.94,0.0,0.2489,-0.9685,36.5,37.0,37.0,station
2023-06-18,,,28.4,,,,,28.3,,,,,,71,19,17.0,27.39,0.0,0.2322,-0.9727,28.2,28.0,28.0,station
2023-06-19,,,27.7,,,,,28.1,,,,,,65,29,16.7,26.97,0.0,0.2155,-0.9765,28.3,28.0,28.0,station
2023-06-20,,,28.4,,,,,28.6,,,,,,70,34,18.4,21.77,0.7,0.1986,-0.9801,28.2,28.0,28.0,station
2023-06-21,,,29.7,,,,,29.4,,,,,,72,11,18.4,28.7,0.0,0.1818,-0.9833,29.9,29.0,29.0,station
2023-06-22,,,30.1,,,,,30.8,,,,,,72,2,16.6,29.19,0.0,0.1648,-0.9863,29.6,29.0,29.0,station
2023-06-23,,,31.9,,,,,32.1,,,,,,70,2,17.9,29.16,0.0,0.1478,-0.989,31.2,30.0,30.0,station
2023-06-24,,,33.0,,,,,32.8,,,,,,71,7,16.9,29.15,0.0,0.1308,-0.9914,31.4,31.0,31.0,station
2023-06-25,,,31.8,,,,,31.7,,,,,,70,4,16.9,29.46,0.0,0.1137,-0.9935,32.0,31.0,31.0,station
2023-06-26,,,30.8,,,,,31.1,,,,,,68,5,16.2,29.35,0.0,0.0966,-0.9953,30.8,31.0,31.0,station
2023-06-27,,,30.8,,,,,30.9,,,,,,71,7,17.4,28.86,0.0,0.0795,-0.9968,30.5,30.0,30.0,station
2023-06-28,,,31.4,,,,,32.0,,,,,,72,4,17.7,29.1,0.0,0.0623,-0.9981,29.7,30.0,30.0,station
2023-06-29,,,30.2,,,,,30.3,,,,,,75,20,17.8,27.93,0.0,0.0451,-0.999,29.3,29.0,29.0,station
2023-06-30,,,30.4,,,,,30.6,,,,,,73,20,18.4,28.3,0.1,0.028,-0.9996,29.4,30.0,30.0,station
2023-07-01,,,30.7,,,,,31.1,,,,,,74,9,17.4,28.67,0.0,0.0108,-0.9999,30.2,30.0,30.0,station
2023-07-02,,,30.5,,,,,30.7,,,,,,73,22,18.0,28.05,0.3,-0.0065,-1.0,29.4,30.0,30.0,station
2023-07-03,,,31.3,,,,,30.9,,,,,,69,3,17.6,29.25,0.0,-0.0237,-0.9997,30.7,31.0,31.0,station
2023-07-04,,,32.5,,,,,32.2,,,,,,67,18,17.6,28.98,0.0,-0.0408,-0.9992,31.6,32.0,32.0,station
2023-07-05,,,31.6,,,,,31.4,,,,,,71,6,17.6,28.4,0.0,-0.058,-0.9983,30.5,31.0,31.0,station
2023-07-06,,,30.6,,,,,30.7,,,,,,68,23,18.2,27.81,0.0,-0.0752,-0.9972,30.3,30.0,30.0,station
2023-07-07,,,30.7,,,,,30.6,,,,,,70,22,17.0,26.97,0.0,-0.0923,-0.9957,30.1,30.0,30.0,station
2023-07-08,,,31.5,,,,,31.8,,,,,,75,14,18.9,27.49,0.3,-0.1094,-0.994,30.8,31.0,31.0,station
2023-07-09,,,31.2,,,,,31.2,,,,,,76,16,21.1,27.62,0.0,-0.1265,-0.992,30.6,30.0,30.0,station
2023-07-10,,,31.3,,,,,31.8,,,,,,77,25,18.5,25.91,0.6,-0.1436,-0.9896,30.9,31.0,31.0,station
2023-07-11,,,32.5,,,,,32.3,,,,,,69,6,18.9,27.99,0.0,-0.1606,-0.987,32.0,32.0,32.0,station
2023-07-12,,,34.8,,,,,34.8,,,,,,60,0,18.0,28.83,0.0,-0.1775,-0.9841,33.1,33.0,33.0,station
2023-07-13,,,35.9,,,,,36.5,,,,,,64,0,21.5,28.52,0.0,-0.1944,-0.9809,35.1,35.0,35.0,station
2023-07-14,,,34.6,,,,,34.5,,,,,,68,0,17.3,28.59,0.0,-0.2113,-0.9774,33.5,34.0,34.0,station
2023-07-15,,,34.9,,,,,34.5,,,,,,76,6,17.4,28.74,0.0,-0.2281,-0.9736,33.3,33.0,33.0,station
2023-07-16,,,35.9,,,,,36.2,,,,,,74,17,17.3,28.8,0.0,-0.2448,-0.9696,33.6,34.0,34.0,station
2023-07-17,,,37.1,,,,,36.9,,,,,,68,3,17.0,28.74,0.0,-0.2614,-0.9652,35.0,36.0,36.0,station
2023-07-18,,,35.4,,,,,35.4,,,,,,73,20,16.6,28.3,0.0,-0.278,-0.9606,33.1,34.0,34.0,station
2023-07-19,,,34.9,,,,,35.1,,,,,,73,26,17.4,28.59,0.0,-0.2945,-0.9557,32.7,34.0,34.0,station
2023-07-20,,,34.7,,,,,35.1,,,,,,62,21,18.2,28.65,0.0,-0.3109,-0.9505,34.3,36.0,36.0,station
2023-07-21,,,34.6,,,,,34.8,,,,,,68,2,17.9,28.49,0.0,-0.3272,-0.945,32.7,34.0,34.0,station
2023-07-22,,,34.4,,,,,34.1,,,,,,67,0,16.6,28.61,0.0,-0.3434,-0.9392,32.7,34.0,34.0,station
2023-07-23,,,35.9,,,,,34.9,,,,,,76,21,15.9,28.06,0.0,-0.3595,-0.9332,33.9,34.0,34.0,station
2023-07-24,,,36.7,,,,,36.9,,,,,,70,11,17.3,27.9,0.0,-0.3755,-0.9268,34.5,36.0,36.0,station
2023-07-25,,,36.7,,,,,35.6,,,,,,62,5,17.6,27.75,0.0,-0.3914,-0.9202,34.6,36.0,36.0,station
2023-07-26,,,36.7,,,,,37.0,,,,,,73,38,17.6,28.01,0.0,-0.4071,-0.9134,35.5,36.0,36.0,station
2023-07-27,,,36.4,,,,,36.7,,,,,,65,14,16.7,27.49,0.0,-0.4228,-0.9062,35.6,37.0,37.0,station
2023-07-28,,,35.6,,,,,35.6,,,,,,56,0,18.2,28.58,0.0,-0.4383,-0.8988,35.8,36.0,36.0,station
2023-07-29,,,34.0,,,,,33.8,,,,,,63,7,18.5,27.04,0.0,-0.4537,-0.8912,32.3,33.0,33.0,station
2023-07-30,,,32.4,,,,,32.8,,,,,,68,14,20.9,27.03,0.0,-0.469,-0.8832,31.7,32.0,32.0,station
2023-07-31,,,34.0,,,,,34.6,,,,,,66,5,16.2,27.53,0.0,-0.4841,-0.875,32.5,33.0,33.0,station
2023-08-01,,,33.6,,,,,33.5,,,,,,72,1,16.1,27.23,0.0,-0.4991,-0.8666,32.8,33.0,33.0,station
2023-08-02,,,33.8,,,,,33.9,,,,,,69,5,18.0,27.5,0.0,-0.5139,-0.8578,33.1,34.0,34.0,station
2023-08-03,,,33.0,,,,,33.1,,,,,,66,5,17.5,27.4,0.0,-0.5286,-0.8489,31.8,32.0,32.0,station
2023-08-04,,,32.4,,,,,32.6,,,,,,68,11,18.8,27.0,0.0,-0.5431,-0.8397,31.7,32.0,32.0,station
2023-08-05,,,33.1,,,,,33.1,,,,,,69,10,19.1,25.9,0.0,-0.5575,-0.8302,32.1,32.0,32.0,station
2023-08-06,,,33.9,,,,,33.8,,,,,,65,1,17.0,27.6,0.0,-0.5717,-0.8205,34.0,34.0,34.0,station
2023-08-07,,,33.5,,,,,33.4,,,,,,57,0,17.7,27.16,0.0,-0.5857,-0.8105,34.2,35.0,35.0,station
2023-08-08,,,32.4,,,,,32.5,,,,,,66,19,17.5,25.92,0.0,-0.5996,-0.8003,31.6,32.0,32.0,station
2023-08-09,,,32.5,,,,,33.0,,,,,,60,22,18.3,26.07,0.0,-0.6132,-0.7899,32.3,32.0,32.0,station
2023-08-10,,,32.4,,,,,32.1,,,,,,62,36,17.9,25.88,0.0,-0.6267,-0.7792,32.5,32.0,32.0,station
2023-08-11,,,31.7,,,,,32.0,,,,,,64,37,18.1,25.68,0.1,-0.64,-0.7683,32.5,32.0,32.0,station
2023-08-12,,,34.9,,,,,34.9,,,,,,71,19,19.4,25.91,0.0,-0.6532,-0.7572,33.1,32.0,32.0,station
2023-08-13,,,33.9,,,,,34.2,,,,,,75,51,17.8,24.5,0.0,-0.6661,-0.7459,34.3,34.0,34.0,station
2023-08-14,,,32.6,,,,,33.0,,,,,,75,62,16.3,20.35,0.1,-0.6788,-0.7343,33.3,32.0,32.0,station
2023-08-15,,,32.0,,,,,32.2,,,,,,72,37,16.9,24.4,0.0,-0.6914,-0.7225,32.4,32.0,32.0,station
2023-08-16,,,31.7,,,,,32.0,,,,,,72,44,16.1,23.19,0.1,-0.7037,-0.7105,32.3,32.0,32.0,station
2023-08-17,,,32.3,,,,,32.5,,,,,,71,40,16.3,24.51,0.0,-0.7158,-0.6983,32.5,33.0,33.0,station
2023-08-18,,,33.0,,,,,32.8,,,,,,72,50,16.8,23.54,0.0,-0.7277,-0.6859,32.6,32.0,32.0,station
2023-08-19,,,32.5,,,,,33.0,,,,,,72,59,16.8,21.84,0.0,-0.7394,-0.6733,32.5,33.0,33.0,station
2023-08-20,,,31.3,,,,,31.7,,,,,,70,57,16.8,21.93,0.3,-0.7509,-0.6605,31.8,32.0,32.0,station
2023-08-21,,,31.0,,,,,32.0,,,,,,66,24,16.3,24.44,0.0,-0.7621,-0.6474,31.6,31.0,31.0,station
2023-08-22,,,32.3,,,,,32.7,,,,,,64,14,18.3,24.77,0.0,-0.7731,-0.6342,32.2,32.0,32.0,station
2023-08-23,,,32.7,,,,,32.5,,,,,,69,20,17.3,23.01,0.0,-0.7839,-0.6208,32.5,32.0,32.0,station
2023-08-24,,,32.0,,,,,31.9,,,,,,69,30,16.5,25.03,0.0,-0.7945,-0.6073,31.8,32.0,32.0,station
2023-08-25,,,31.6,,,,,31.6,,,,,,67,27,19.4,24.39,0.0,-0.8048,-0.5935,32.1,31.0,31.0,station
2023-08-26,,,32.1,,,,,32.4,,,,,,70,26,18.2,23.94,0.3,-0.8149,-0.5796,31.3,32.0,32.0,station
2023-08-27,,,32.1,,,,,31.9,,,,,,71,19,18.6,24.37,0.0,-0.8248,-0.5655,31.1,32.0,32.0,station
2023-08-28,,,31.6,,,,,31.7,,,,,,70,16,18.2,23.24,0.4,-0.8344,-0.5512,31.0,32.0,32.0,station
2023-08-29,,,31.2,,,,,31.3,,,,,,74,21,19.1,22.65,2.3,-0.8437,-0.5368,31.0,32.0,32.0,station
2023-08-30,,,33.4,,,,,32.9,,,,,,72,5,17.5,24.51,0.0,-0.8528,-0.5222,32.1,33.0,33.0,station
2023-08-31,,,33.2,,,,,33.3,,,,,,72,6,17.9,24.19,0.0,-0.8617,-0.5074,32.8,32.0,32.0,station
2023-09-01,,,32.6,,,,,31.8,,,,,,75,32,18.3,23.21,0.0,-0.8703,-0.4925,32.4,32.0,32.0,station
2023-09-02,,,31.0,,,,,30.8,,,,,,69,24,17.1,23.44,0.0,-0.8786,-0.4775,30.8,31.0,31.0,station
2023-09-03,,,30.5,,,,,30.9,,,,,,70,27,17.3,20.95,0.9,-0.8867,-0.4623,31.4,32.0,32.0,station
2023-09-04,,,31.3,,,,,31.7,,,,,,66,6,16.5,23.67,0.0,-0.8945,-0.447,32.1,31.0,31.0,station
2023-09-05,,,33.6,,,,,33.2,,,,,,59,0,19.0,23.97,0.0,-0.9021,-0.4315,34.4,35.0,35.0,station
2023-09-06,,,37.2,,,,,37.3,,,,,,49,0,19.5,24.08,0.0,-0.9094,-0.4159,37.2,37.0,37.0,station
2023-09-07,,,36.1,,,,,36.9,,,,,,49,0,19.2,24.35,0.0,-0.9164,-0.4002,36.6,35.0,35.0,station
2023-09-08,,,39.6,,,,,39.2,,,,,,38,0,17.7,24.02,0.0,-0.9232,-0.3844,41.7,41.0,41.0,station
2023-09-09,,,33.6,,,,,33.9,,,,,,71,11,16.5,22.99,0.0,-0.9296,-0.3685,32.6,33.0,33.0,station
2023-09-10,,,31.3,,,,,31.0,,,,,,71,14,17.7,21.13,0.1,-0.9358,-0.3524,31.3,31.0,31.0,station
2023-09-11,,,33.7,,,,,32.6,,,,,,51,3,15.9,23.26,0.0,-0.9418,-0.3363,36.5,36.0,36.0,station
2023-09-12,,,35.2,,,,,33.8,,,,,,46,2,20.9,22.95,0.0,-0.9474,-0.32,34.3,36.0,36.0,station
2023-09-13,,,31.1,,,,,31.2,,,,,,74,35,16.2,17.24,0.7,-0.9528,-0.3037,30.0,30.0,30.0,station
2023-09-14,,,30.9,,,,,30.9,,,,,,72,5,17.1,22.99,0.0,-0.9579,-0.2873,30.3,31.0,31.0,station
2023-09-15,,,31.7,,,,,31.5,,,,,,74,0,18.8,22.92,0.0,-0.9627,-0.2707,30.8,30.0,30.0,station
2023-09-16,,,30.9,,,,,31.2,,,,,,74,5,17.4,22.61,0.0,-0.9672,-0.2541,31.0,31.0,31.0,station
2023-09-17,,,30.5,,,,,30.5,,,,,,76,5,16.9,22.47,0.0,-0.9714,-0.2375,30.4,30.0,30.0,station
2023-09-18,,,31.2,,,,,31.4,,,,,,70,3,16.9,22.26,0.0,-0.9753,-0.2207,30.7,31.0,31.0,station
2023-09-19,,,31.4,,,,,31.2,,,,,,71,17,16.6,21.37,0.0,-0.979,-0.2039,30.5,31.0,31.0,station
2023-09-20,,,29.8,,,,,29.7,,,,,,67,21,18.0,21.05,0.0,-0.9824,-0.187,30.6,30.0,30.0,station
2023-09-21,,,30.4,,,,,30.7,,,,,,70,23,19.0,20.98,0.0,-0.9854,-0.1701,32.0,31.0,31.0,station
2023-09-22,,,32.1,,,,,31.2,,,,,,74,12,17.4,21.49,0.0,-0.9882,-0.1531,31.9,31.0,31.0,station
2023-09-23,,,33.2,,,,,32.8,,,,,,74,18,17.3,21.14,0.0,-0.9907,-0.1361,32.4,32.0,32.0,station
2023-09-24,,,31.5,,,,,31.6,,,,,,73,6,15.6,21.1,0.0,-0.9929,-0.1191,31.7,31.0,31.0,station
2023-09-25,,,31.5,,,,,31.5,,,,,,70,0,15.5,21.28,0.0,-0.9948,-0.102,31.3,32.0,32.0,station
2023-09-26,,,32.0,,,,,32.1,,,,,,74,4,16.2,21.28,0.0,-0.9964,-0.0848,31.3,32.0,32.0,station
2023-09-27,,,32.2,,,,,32.4,,,,,,70,4,14.5,21.02,0.0,-0.9977,-0.0677,31.4,32.0,32.0,station
2023-09-28,,,33.7,,,,,33.6,,,,,,69,0,19.0,21.02,0.0,-0.9987,-0.0505,32.3,32.0,32.0,station
2023-09-29,,,33.3,,,,,33.3,,,,,,70,4,20.4,20.1,0.0,-0.9994,-0.0333,33.1,33.0,33.0,station
2023-09-30,,,31.1,,,,,31.8,,,,,,57,20,15.0,19.98,0.0,-0.9999,-0.0161,31.8,32.0,32.0,station
2023-10-01,,,29.4,,,,,29.7,,,,,,67,95,15.6,9.87,0.4,-1.0,0.0011,29.0,29.0,29.0,station
2023-10-02,,,28.4,,,,,28.2,,,,,,62,98,17.5,10.65,0.2,-0.9998,0.0183,28.5,28.0,28.0,station
2023-10-03,,,28.9,,,,,29.2,,,,,,63,60,15.5,18.14,0.4,-0.9994,0.0355,29.5,29.0,29.0,station
2023-10-04,,,28.6,,,,,28.7,,,,,,64,85,16.7,16.06,0.0,-0.9986,0.0527,30.1,30.0,30.0,station
2023-10-05,,,31.3,,,,,32.0,,,,,,58,55,21.1,16.8,0.1,-0.9976,0.0698,35.5,33.0,33.0,station
2023-10-06,,,29.6,,,,,29.6,,,,,,65,12,19.6,19.1,0.0,-0.9962,0.087,30.8,30.0,30.0,station
2023-10-07,,,28.8,,,,,28.6,,,,,,65,76,15.6,18.23,0.0,-0.9946,0.1041,29.9,30.0,30.0,station
2023-10-08,,,29.7,,,,,29.7,,,,,,66,57,17.7,17.98,0.1,-0.9926,0.1212,30.1,30.0,30.0,station
2023-10-09,,,29.3,,,,,29.0,,,,,,66,77,12.1,9.43,0.5,-0.9904,0.1383,28.8,29.0,29.0,station
2023-10-10,,,27.8,,,,,27.6,,,,,,70,32,17.0,15.48,2.1,-0.9879,0.1553,29.1,30.0,30.0,station
2023-10-11,,,28.1,,,,,28.0,,,,,,70,41,17.1,16.55,0.4,-0.9851,0.1722,27.7,29.0,29.0,station
2023-10-12,,,28.1,,,,,28.0,,,,,,72,9,15.5,17.93,0.0,-0.9819,0.1892,29.4,29.0,29.0,station
2023-10-13,,,27.7,,,,,27.7,,,,,,72,7,15.4,17.77,0.0,-0.9785,0.206,28.9,29.0,29.0,station
2023-10-14,,,27.5,,,,,27.2,,,,,,70,18,15.8,17.04,1.2,-0.9749,0.2228,28.7,29.0,29.0,station
2023-10-15,,,26.6,,,,,27.0,,,,,,74,40,21.6,15.16,5.8,-0.9709,0.2396,25.9,25.0,25.0,station
2023-10-16,,,26.6,,,,,26.4,,,,,,75,27,20.6,15.43,3.2,-0.9666,0.2562,27.6,28.0,28.0,station
2023-10-17,,,27.6,,,,,27.5,,,,,,67,18,14.8,15.96,0.2,-0.9621,0.2728,27.6,28.0,28.0,station
2023-10-18,,,26.7,,,,,27.0,,,,,,68,14,14.1,15.71,0.0,-0.9572,0.2893,27.5,27.0,27.0,station
2023-10-19,,,27.2,,,,,26.8,,,,,,68,18,15.7,15.75,0.8,-0.9521,0.3057,27.1,28.0,28.0,station
2023-10-20,,,27.4,,,,,27.3,,,,,,69,11,14.2,16.56,0.1,-0.9467,0.3221,28.4,28.0,28.0,station
2023-10-21,,,29.9,,,,,29.1,,,,,,67,22,22.3,17.15,0.0,-0.941,0.3383,30.9,31.0,31.0,station
2023-10-22,,,33.2,,,,,31.1,,,,,,74,12,14.1,16.88,0.0,-0.9351,0.3545,30.6,31.0,31.0,station
2023-10-23,,,31.6,,,,,31.6,,,,,,81,4,15.2,16.46,0.0,-0.9288,0.3705,30.6,31.0,31.0,station
2023-10-24,,,30.5,,,,,30.9,,,,,,82,43,13.8,15.38,0.0,-0.9223,0.3864,30.0,30.0,30.0,station
2023-10-25,,,32.0,,,,,31.4,,,,,,62,20,17.8,16.05,0.0,-0.9155,0.4022,32.5,33.0,33.0,station
2023-10-26,,,33.4,,,,,32.9,,,,,,41,1,14.7,16.66,0.0,-0.9085,0.4179,33.2,34.0,34.0,station
2023-10-27,,,33.2,,,,,31.5,,,,,,46,84,12.0,11.91,0.0,-0.9012,0.4335,33.6,35.0,35.0,station
2023-10-28,,,31.7,,,,,31.8,,,,,,73,36,14.3,15.16,0.0,-0.8936,0.4489,30.8,31.0,31.0,station
2023-10-29,,,31.7,,,,,32.9,,,,,,55,74,15.9,12.84,0.0,-0.8857,0.4642,34.1,33.0,33.0,station
2023-10-30,,,30.6,,,,,32.1,,,,,,41,46,21.6,14.12,0.0,-0.8776,0.4794,31.9,32.0,32.0,station
2023-10-31,,,31.9,,,,,32.2,,,,,,41,38,17.9,14.48,0.0,-0.8692,0.4944,32.6,32.0,32.0,station
2023-11-01,,,30.7,,,,,30.4,,,,,,60,27,14.5,14.22,0.5,-0.8606,0.5093,30.5,30.0,30.0,station
2023-11-02,,,29.1,,,,,28.8,,,,,,75,20,13.4,14.76,0.6,-0.8517,0.524,29.3,29.0,29.0,station
2023-11-03,,,28.6,,,,,28.7,,,,,,75,30,14.3,15.07,0.0,-0.8426,0.5386,28.3,28.0,28.0,station
2023-11-04,,,30.1,,,,,30.8,,,,,,59,0,15.6,15.75,0.0,-0.8332,0.553,31.9,31.0,31.0,station
2023-11-05,,,29.9,,,,,29.6,,,,,,63,4,15.3,14.45,0.0,-0.8235,0.5672,30.1,30.0,30.0,station
2023-11-06,,,29.2,,,,,29.3,,,,,,77,14,14.0,15.16,0.0,-0.8137,0.5813,27.9,28.0,28.0,station
2023-11-07,,,28.8,,,,,28.6,,,,,,68,2,14.6,14.75,0.0,-0.8035,0.5952,28.2,28.0,28.0,station
2023-11-08,,,28.1,,,,,28.0,,,,,,70,0,13.0,14.89,0.0,-0.7932,0.609,28.2,28.0,28.0,station
2023-11-09,,,27.3,,,,,27.0,,,,,,79,31,14.8,14.36,0.0,-0.7826,0.6225,27.6,28.0,28.0,station
2023-11-10,,,27.1,,,,,27.2,,,,,,75,59,14.3,13.83,0.0,-0.7718,0.6359,27.5,27.0,27.0,station
2023-11-11,,,28.3,,,,,28.7,,,,,,71,99,12.6,11.3,0.0,-0.7607,0.6491,29.0,29.0,29.0,station
2023-11-12,,,30.6,,,,,29.4,,,,,,56,92,15.9,11.43,0.2,-0.7494,0.6621,32.3,30.0,30.0,station
2023-11-13,,,30.8,,,,,29.7,,,,,,63,30,12.5,12.85,0.1,-0.7379,0.6749,29.8,32.0,32.0,station
2023-11-14,,,22.8,,,,,24.9,,,,,,86,65,23.1,9.83,8.7,-0.7262,0.6875,22.8,26.0,26.0,station
2023-11-15,,,24.7,,,,,24.3,,,,,,79,16,11.6,13.21,0.7,-0.7143,0.6998,24.6,25.0,25.0,station
2023-11-16,,,25.0,,,,,24.7,,,,,,79,5,15.5,13.72,0.0,-0.7021,0.712,25.1,27.0,27.0,station
2023-11-17,,,25.7,,,,,25.4,,,,,,82,28,14.6,11.03,0.6,-0.6898,0.724,25.1,27.0,27.0,station
2023-11-18,,,25.5,,,,,26.0,,,,,,83,13,13.8,12.39,0.7,-0.6772,0.7358,24.7,27.0,27.0,station
2023-11-19,,,23.5,,,,,23.4,,,,,,76,70,29.5,4.52,43.5,-0.6645,0.7473,21.2,22.0,22.0,station
2023-11-20,,,20.7,,,,,20.7,,,,,,64,47,29.6,11.11,17.4,-0.6515,0.7586,21.9,22.0,22.0,station
2023-11-21,,,22.7,,,,,22.3,,,,,,69,20,18.2,12.6,0.7,-0.6384,0.7697,23.2,23.0,23.0,station
2023-11-22,,,23.8,,,,,24.3,,,,,,59,82,21.5,11.52,0.0,-0.625,0.7806,23.7,25.0,25.0,station
2023-11-23,,,25.3,,,,,24.7,,,,,,67,16,16.9,13.14,0.0,-0.6115,0.7912,24.5,25.0,25.0,station
2023-11-24,,,24.8,,,,,24.5,,,,,,81,8,8.0,13.25,0.0,-0.5978,0.8016,23.1,25.0,25.0,station
2023-11-25,,,25.5,,,,,25.9,,,,,,58,91,15.0,10.29,0.0,-0.584,0.8118,25.3,26.0,26.0,station
2023-11-26,,,23.6,,,,,24.1,,,,,,45,12,25.6,13.29,0.0,-0.5699,0.8217,22.8,23.0,23.0,station
2023-11-27,,,20.7,,,,,20.8,,,,,,66,65,28.5,7.33,5.5,-0.5557,0.8314,21.1,22.0,22.0,station
2023-11-28,,,18.5,,,,,19.1,,,,,,69,61,12.1,8.85,0.2,-0.5413,0.8408,19.2,20.0,20.0,station
2023-11-29,,,21.5,,,,,21.5,,,,,,68,19,10.3,12.99,0.0,-0.5268,0.85,22.2,24.0,24.0,station
2023-11-30,,,22.6,,,,,23.1,,,,,,73,52,10.4,12.25,0.0,-0.5121,0.859,22.5,23.0,23.0,station
2023-12-01,,,23.4,,,,,23.5,,,,,,77,0,12.8,12.68,0.0,-0.4972,0.8676,23.2,24.0,24.0,station
2023-12-02,,,24.9,,,,,24.4,,,,,,74,0,10.5,12.75,0.0,-0.4822,0.8761,23.5,25.0,25.0,station
2023-12-03,,,26.9,,,,,27.3,,,,,,66,36,11.1,12.51,0.0,-0.4671,0.8842,25.7,29.0,29.0,station
2023-12-04,,,26.4,,,,,27.0,,,,,,60,46,13.0,12.34,0.0,-0.4518,0.8921,27.0,30.0,30.0,station
2023-12-05,,,25.1,,,,,24.7,,,,,,86,65,11.4,9.24,5.3,-0.4364,0.8998,23.9,24.0,24.0,station
2023-12-06,,,21.2,,,,,21.4,,,,,,84,41,17.2,8.3,1.9,-0.4208,0.9071,20.8,22.0,22.0,station
2023-12-07,,,21.7,,,,,21.5,,,,,,79,93,13.5,8.9,2.9,-0.4052,0.9142,21.7,22.0,22.0,station
2023-12-08,,,22.3,,,,,22.6,,,,,,78,68,10.1,10.96,0.0,-0.3894,0.9211,22.1,25.0,25.0,station
2023-12-09,,,19.2,,,,,18.4,,,,,,83,70,19.2,6.71,7.7,-0.3735,0.9276,18.9,21.0,21.0,station
2023-12-10,,,22.9,,,,,21.4,,,,,,76,68,9.1,11.45,0.0,-0.3575,0.9339,22.5,23.0,23.0,station
2023-12-11,,,23.7,,,,,24.0,,,,,,70,0,13.4,12.26,0.0,-0.3413,0.9399,23.2,24.0,24.0,station
2023-12-12,,,21.4,,,,,21.8,,,,,,82,28,16.5,10.32,3.7,-0.3251,0.9457,21.2,22.0,22.0,station
2023-12-13,,,20.4,,,,,20.1,,,,,,84,56,16.0,9.59,7.8,-0.3088,0.9511,19.8,21.0,21.0,station
2023-12-14,,,21.0,,,,,21.2,,,,,,80,33,12.7,10.62,0.0,-0.2924,0.9563,21.5,22.0,22.0,station
2023-12-15,,,22.7,,,,,22.4,,,,,,73,6,8.4,12.2,0.0,-0.2759,0.9612,24.2,25.0,25.0,station
2023-12-16,,,24.1,,,,,23.9,,,,,,70,63,8.4,10.71,0.0,-0.2593,0.9658,23.1,25.0,25.0,station
2023-12-17,,,22.1,,,,,21.8,,,,,,75,53,12.5,10.69,0.0,-0.2427,0.9701,22.0,22.0,22.0,station
2023-12-18,,,21.8,,,,,22.0,,,,,,73,15,13.0,12.09,0.0,-0.226,0.9741,22.9,24.0,24.0,station
2023-12-19,,,21.6,,,,,21.7,,,,,,63,0,11.3,12.26,0.0,-0.2092,0.9779,22.1,23.0,23.0,station
2023-12-20,,,21.2,,,,,21.5,,,,,,51,68,17.9,12.26,0.0,-0.1923,0.9813,22.7,23.0,23.0,station
2023-12-21,,,20.5,,,,,20.7,,,,,,49,82,23.1,7.61,0.0,-0.1754,0.9845,24.4,25.0,25.0,station
2023-12-22,,,18.5,,,,,18.5,,,,,,61,46,28.8,11.25,24.8,-0.1585,0.9874,19.1,20.0,20.0,station
2023-12-23,,,18.3,,,,,18.4,,,,,,82,86,31.1,4.75,44.9,-0.1414,0.9899,18.3,19.0,19.0,station
2023-12-24,,,18.7,,,,,19.7,,,,,,89,54,17.1,8.83,9.2,-0.1244,0.9922,18.8,18.0,18.0,station
2023-12-25,,,20.3,,,,,20.2,,,,,,85,26,9.9,10.78,0.6,-0.1073,0.9942,20.4,22.0,22.0,station
2023-12-26,,,22.6,,,,,22.3,,,,,,65,0,14.0,11.97,0.0,-0.0902,0.9959,23.3,24.0,24.0,station
2023-12-27,,,23.4,,,,,23.5,,,,,,57,21,15.2,9.82,0.1,-0.073,0.9973,23.3,24.0,24.0,station
2023-12-28,,,22.2,,,,,22.4,,,,,,83,15,12.4,11.27,0.2,-0.0559,0.9984,21.0,21.0,21.0,station
2023-12-29,,,22.4,,,,,22.7,,,,,,73,3,9.2,11.96,0.0,-0.0387,0.9993,21.7,21.0,21.0,station
2023-12-30,,,,,,,,,,,,,,72,13,11.3,12.0,0.0,-0.0215,0.9998,21.6,22.0,22.0,station
2023-12-31,,,,,,,,,,,,,,74,20,11.2,11.69,0.0,-0.0043,1.0,20.5,,,
2024-01-01,,,,,,,,,,,,,,83,27,10.4,11.85,0.0,0.0172,0.9999,20.1,21.0,21.0,station
2024-01-02,,,,,,,,,,,,,,83,53,13.0,9.8,1.6,0.0344,0.9994,18.8,20.0,20.0,station
2024-01-03,,,,,,,,,,,,,,88,65,12.0,8.32,1.3,0.0516,0.9987,18.7,20.0,20.0,station
2024-01-04,,,,,,,,,,,,,,82,20,10.8,10.42,0.2,0.0688,0.9976,19.8,21.0,21.0,station
2024-01-05,,,,,,,,,,,,,,83,42,16.4,9.62,0.9,0.0859,0.9963,19.4,21.0,21.0,station
2024-01-06,,,,,,,,,,,,,,82,43,9.4,11.47,0.1,0.103,0.9947,22.1,22.0,22.0,station
2024-01-07,,,,,,,,,,,,,,67,32,11.3,12.51,0.0,0.1201,0.9928,23.1,25.0,25.0,station
2024-01-08,,,,,,,,,,,,,,71,78,12.0,12.13,0.0,0.1372,0.9905,22.1,24.0,24.0,station
2024-01-09,,,,,,,,,,,,,,78,14,17.7,12.44,0.0,0.1542,0.988,20.3,21.0,21.0,station
2024-01-10,,,,,,,,,,,,,,61,28,20.8,11.66,2.4,0.1712,0.9852,18.0,19.0,19.0,station
2024-01-11,,,,,,,,,,,,,,83,68,21.2,6.85,15.0,0.1881,0.9821,17.0,18.0,18.0,station
2024-01-12,,,,,,,,,,,,,,88,81,22.1,6.41,29.5,0.205,0.9788,15.9,16.0,16.0,station
2024-01-13,,,,,,,,,,,,,,63,57,23.7,12.0,1.2,0.2218,0.9751,17.7,19.0,19.0,station
2024-01-14,,,,,,,,,,,,,,83,63,19.4,8.5,16.6,0.2385,0.9711,16.8,18.0,18.0,station
2024-01-15,,,,,,,,,,,,,,82,52,14.5,8.59,1.1,0.2552,0.9669,16.3,17.0,17.0,station
2024-01-16,,,,,,,,,,,,,,71,39,12.5,12.79,0.0,0.2718,0.9624,18.3,19.0,19.0,station
2024-01-17,,,,,,,,,,,,,,78,76,13.0,7.2,0.0,0.2883,0.9575,17.9,19.0,19.0,station
2024-01-18,,,,,,,,,,,,,,81,52,9.6,13.13,0.0,0.3047,0.9524,19.7,21.0,21.0,station
2024-01-19,,,,,,,,,,,,,,82,34,12.3,13.2,0.0,0.3211,0.9471,19.6,20.0,20.0,station
2024-01-20,,,21.6,21.7,21.1,,,,,,,,,83,60,8.8,12.84,0.0,0.3373,0.9414,20.2,22.0,22.0,station
2024-01-21,,,23.7,22.1,23.5,,,23.0,23.0,23.9,,,,69,51,8.1,12.03,0.0,0.3534,0.9355,22.3,24.0,24.0,station
2024-01-22,,,21.5,21.6,20.9,,,21.4,21.7,21.0,,,,64,21,14.3,13.71,0.0,0.3695,0.9292,22.2,23.0,23.0,station
2024-01-23,,,17.8,16.6,14.9,,,18.7,17.1,16.0,,,,83,69,24.9,7.71,8.2,0.3854,0.9227,18.1,19.0,19.0,station
2024-01-24,,,17.3,14.8,13.3,,,17.4,15.0,14.1,,,,88,74,17.6,7.48,6.7,0.4012,0.916,15.7,16.0,16.0,station
2024-01-25,,,16.5,16.1,13.7,,,16.6,16.5,13.5,,,,84,67,14.8,8.87,2.1,0.4169,0.9089,17.2,18.0,18.0,station
2024-01-26,,,16.0,14.8,12.2,,,15.5,14.8,12.5,,,,88,78,25.3,7.39,38.3,0.4325,0.9016,15.4,16.0,16.0,station
2024-01-27,,,16.3,15.5,13.4,,,16.0,14.5,13.9,,,,66,45,23.4,10.14,12.9,0.4479,0.8941,15.6,16.0,16.0,station
2024-01-28,,,16.5,14.6,12.5,,,16.5,17.1,13.7,,,,84,81,17.1,8.06,7.9,0.4633,0.8862,15.4,15.0,15.0,station
2024-01-29,,,15.3,15.0,13.0,,,14.7,13.3,12.9,,,,87,67,17.7,9.59,7.7,0.4784,0.8781,14.5,15.0,15.0,station
2024-01-30,,,13.5,13.9,12.0,,,12.7,12.7,12.4,,,,80,75,30.6,9.88,14.1,0.4935,0.8698,14.4,15.0,15.0,station
2024-01-31,,,13.6,13.3,13.8,,,13.5,14.2,12.5,,,,83,78,16.5,10.58,4.7,0.5084,0.8611,13.6,14.0,14.0,station
2024-02-01,,,13.5,13.8,13.9,,,13.1,13.3,13.9,,,,77,61,21.3,11.92,2.5,0.5231,0.8523,14.0,14.0,14.0,station
2024-02-02,,,15.0,15.5,12.7,,,14.0,15.5,14.0,,,,82,71,29.3,11.17,9.6,0.5377,0.8432,15.9,17.0,17.0,station
2024-02-03,,,15.6,15.1,15.0,,,13.6,15.4,14.7,,,,87,62,16.3,9.71,3.6,0.5521,0.8338,14.9,16.0,16.0,station
2024-02-04,14.6,,16.2,15.3,13.8,,,16.2,15.4,14.9,14.97,1.02,,83,64,16.6,11.15,6.6,0.5664,0.8242,15.1,15.0,15.0,station
2024-02-05,14.6,,15.8,14.8,13.7,14.0,,16.5,14.8,13.9,14.72,0.86,-0.08,86,73,20.9,8.47,14.1,0.5805,0.8143,15.2,16.0,16.0,station
2024-02-06,17.6,,18.0,18.5,16.3,17.3,,18.3,18.3,15.8,17.6,0.94,0.18,80,33,15.6,12.87,2.2,0.5944,0.8042,19.1,19.0,19.0,station
2024-02-07,19.9,,19.3,20.6,19.5,20.4,,19.3,20.4,19.7,19.82,0.57,-0.12,84,34,11.3,14.32,0.0,0.6081,0.7938,19.5,20.0,20.0,station
2024-02-08,21.1,,20.8,22.2,20.7,21.2,,20.6,22.1,21.0,21.2,0.69,-0.03,82,56,8.3,15.52,0.0,0.6217,0.7833,19.7,21.0,21.0,station
2024-02-09,18.4,,19.1,18.7,19.3,18.9,,18.9,19.7,19.4,18.88,0.4,-0.35,83,32,16.6,11.97,2.3,0.6351,0.7725,18.2,19.0,19.0,station
2024-02-10,18.2,,18.1,19.0,18.4,17.8,,18.1,18.3,16.7,18.43,0.4,0.7,85,21,12.3,14.82,0.9,0.6483,0.7614,18.0,19.0,19.0,station
2024-02-11,21.3,,21.0,21.0,21.0,20.8,,21.0,20.9,21.3,21.07,0.15,0.07,81,27,14.4,15.8,0.0,0.6613,0.7502,19.6,21.0,21.0,station
2024-02-12,24.0,,22.5,24.2,22.8,23.1,,22.6,24.1,23.8,23.38,0.85,-0.03,56,97,12.4,13.0,0.0,0.6741,0.7387,24.3,24.0,24.0,station
2024-02-13,23.2,,24.3,23.0,22.8,24.4,,24.1,23.3,24.0,23.32,0.67,-0.62,58,90,12.4,10.65,0.0,0.6867,0.727,22.7,25.0,25.0,station
2024-02-14,16.5,,19.8,16.6,18.1,17.8,,17.9,16.0,18.1,17.75,1.55,0.3,85,73,19.8,11.25,14.4,0.6991,0.715,16.6,19.0,19.0,station
2024-02-15,16.8,,17.4,16.9,15.2,14.9,,19.5,17.6,16.8,16.57,0.95,-0.62,78,43,17.8,14.62,6.6,0.7113,0.7029,18.0,19.0,19.0,station
2024-02-16,14.3,,15.6,14.7,16.6,15.0,,14.3,14.6,16.6,15.3,1.02,0.18,74,62,23.7,9.31,6.0,0.7233,0.6906,16.2,17.0,17.0,station
2024-02-17,16.2,,16.0,16.0,16.8,16.1,,16.4,16.7,17.5,16.25,0.38,-0.43,79,69,22.1,10.95,8.3,0.735,0.678,15.6,17.0,17.0,station
2024-02-18,15.1,,17.9,16.1,15.3,15.0,,17.8,16.5,16.3,16.1,1.28,-0.3,88,54,14.7,11.57,9.6,0.7466,0.6653,16.9,17.0,17.0,station
2024-02-19,14.8,,16.9,15.6,15.1,15.9,,16.8,15.8,15.6,15.6,0.93,-0.42,84,68,16.8,10.9,13.3,0.7579,0.6523,16.5,18.0,18.0,station
2024-02-20,16.5,,17.0,17.6,17.6,16.7,,18.2,18.2,17.5,17.18,0.53,-0.47,83,34,12.9,14.03,0.5,0.769,0.6392,17.3,17.0,17.0,station
2024-02-21,19.0,,18.3,20.0,18.5,18.8,,18.1,19.9,18.3,18.95,0.76,0.18,78,3,15.0,17.33,0.0,0.7799,0.6259,18.7,19.0,19.0,station
2024-02-22,18.4,,18.8,20.0,18.7,18.7,,18.7,20.1,18.6,18.98,0.7,-0.05,83,53,13.8,16.03,0.2,0.7906,0.6124,18.3,19.0,19.0,station
2024-02-23,19.2,,19.3,19.4,18.8,19.9,,18.7,19.5,19.3,19.18,0.26,-0.18,80,100,13.6,12.82,0.0,0.801,0.5987,19.1,19.0,19.0,station
2024-02-24,20.0,,18.3,20.3,17.9,20.0,,17.8,21.2,20.0,19.12,1.2,-0.62,83,68,14.8,12.27,1.8,0.8112,0.5848,20.5,21.0,21.0,station
2024-02-25,19.7,,18.9,20.6,19.7,19.6,,19.4,21.2,19.4,19.73,0.69,-0.17,82,23,13.2,17.37,0.9,0.8211,0.5708,19.4,20.0,20.0,station
2024-02-26,21.3,,21.4,22.5,20.8,21.5,,21.8,22.6,21.3,21.5,0.72,-0.3,74,43,9.5,17.69,0.0,0.8308,0.5566,20.4,22.0,22.0,station
2024-02-27,18.9,,19.9,20.8,19.8,20.8,,19.7,21.3,20.4,19.85,0.78,-0.7,78,47,13.4,15.09,0.8,0.8402,0.5422,18.8,21.0,21.0,station
2024-02-28,20.9,,21.6,22.8,20.5,21.4,,21.4,22.8,20.8,21.45,1.01,-0.15,68,26,10.5,18.55,0.0,0.8495,0.5277,22.0,23.0,23.0,station
2024-02-29,21.2,,22.0,23.0,21.1,21.3,,23.1,23.3,21.0,21.82,0.88,-0.35,30,1,22.1,20.03,0.0,0.8584,0.513,22.1,23.0,23.0,station
2024-03-01,22.9,,24.0,25.2,24.4,22.4,,24.4,24.7,23.6,24.12,0.96,0.35,26,23,22.7,19.95,0.0,0.8671,0.4981,24.0,26.0,26.0,station
2024-03-02,24.1,,22.1,24.9,22.7,21.8,,19.9,25.3,22.7,23.45,1.28,1.02,57,15,24.9,18.76,0.1,0.8755,0.4831,22.3,23.0,23.0,station
2024-03-03,18.8,,18.6,18.9,18.1,18.8,,18.7,18.6,18.7,18.6,0.36,-0.1,74,48,21.6,15.19,1.4,0.8837,0.468,18.8,20.0,20.0,station
2024-03-04,18.0,,19.2,18.8,18.9,18.0,,19.2,18.8,17.5,18.73,0.51,0.35,83,29,12.3,15.55,1.6,0.8916,0.4527,18.6,21.0,21.0,station
2024-03-05,21.2,,21.1,21.8,20.7,21.3,,21.6,21.6,20.6,21.2,0.45,-0.08,79,1,10.5,19.56,0.0,0.8993,0.4373,20.7,23.0,23.0,station
2024-03-06,20.0,,20.1,20.8,20.0,20.1,,19.8,21.1,20.1,20.23,0.39,-0.05,74,8,20.8,18.9,0.6,0.9067,0.4218,19.7,21.0,21.0,station
2024-03-07,18.6,,18.8,18.7,17.6,17.8,,18.8,19.3,18.3,18.43,0.56,-0.12,74,41,18.5,16.06,2.9,0.9138,0.4061,18.7,20.0,20.0,station
2024-03-08,18.1,,19.0,19.7,18.1,18.1,,19.5,19.7,19.2,18.73,0.78,-0.4,78,43,13.6,18.25,1.6,0.9207,0.3904,18.9,20.0,20.0,station
2024-03-09,18.7,,18.7,19.2,18.9,18.4,,18.6,19.7,18.8,18.88,0.24,0.0,78,52,16.3,16.84,1.0,0.9272,0.3745,18.5,20.0,20.0,station
2024-03-10,19.1,,18.6,20.0,18.8,19.1,,18.5,20.5,19.1,19.12,0.62,-0.18,74,15,15.4,19.85,0.0,0.9335,0.3585,19.1,20.0,20.0,station
2024-03-11,20.8,,20.4,21.5,20.3,20.4,,19.8,21.3,20.3,20.75,0.54,0.3,74,4,17.9,20.86,0.0,0.9396,0.3424,19.8,22.0,22.0,station
2024-03-12,26.7,,25.2,27.2,26.2,26.6,,25.9,27.8,26.3,26.32,0.85,-0.32,59,0,12.7,21.58,0.0,0.9453,0.3261,25.8,28.0,28.0,station
2024-03-13,25.6,,24.9,23.5,23.9,25.3,,25.6,25.0,24.3,24.48,0.95,-0.57,68,36,15.5,21.03,0.0,0.9508,0.3098,23.7,25.0,25.0,station
2024-03-14,20.6,20.9,20.9,20.9,21.4,21.0,,21.1,21.8,21.6,20.94,0.29,-0.44,81,59,14.6,17.59,0.2,0.956,0.2934,19.9,21.0,21.0,station
2024-03-15,19.7,19.4,19.5,19.2,19.7,19.8,19.1,19.5,20.2,20.4,19.5,0.21,-0.3,79,23,18.7,18.62,0.7,0.9609,0.2769,18.9,20.0,20.0,station
2024-03-16,20.7,20.5,20.4,21.3,19.8,20.4,20.9,21.1,21.8,20.1,20.54,0.54,-0.32,73,67,17.7,18.23,0.0,0.9655,0.2604,20.5,21.0,21.0,station
2024-03-17,24.5,23.5,25.0,21.4,22.8,24.4,24.1,23.8,24.0,21.4,23.44,1.43,-0.1,64,70,24.3,19.12,0.0,0.9698,0.2437,23.8,27.0,27.0,station
2024-03-18,19.4,18.9,19.0,18.6,17.6,19.6,19.5,21.6,20.6,19.4,18.7,0.68,-1.44,79,63,22.9,14.94,11.2,0.9739,0.227,20.0,22.0,22.0,station
2024-03-19,15.6,16.1,17.2,16.4,15.1,15.7,16.0,17.6,16.4,15.9,16.08,0.8,-0.24,79,70,26.7,12.67,13.9,0.9777,0.2102,17.9,18.0,18.0,station
2024-03-20,20.2,20.6,19.5,21.2,20.0,20.8,20.5,19.5,21.3,19.9,20.3,0.64,-0.1,67,15,22.8,20.7,0.1,0.9811,0.1934,19.9,21.0,21.0,station
2024-03-21,24.1,24.4,23.6,23.5,22.5,23.6,24.3,23.3,22.6,20.6,23.62,0.73,0.74,65,32,15.5,20.63,1.7,0.9843,0.1765,23.4,26.0,26.0,station
2024-03-22,18.3,18.6,18.3,18.4,18.4,17.8,18.5,18.3,18.5,18.6,18.4,0.12,0.06,64,49,21.2,18.27,0.4,0.9872,0.1595,18.4,19.0,19.0,station
2024-03-23,18.5,19.6,18.7,19.7,18.8,18.6,19.2,18.6,19.9,18.9,19.06,0.55,0.02,67,80,16.3,19.34,0.0,0.9898,0.1425,19.3,20.0,20.0,station
2024-03-24,18.7,18.2,18.7,19.2,18.1,18.1,18.5,19.0,19.8,18.2,18.58,0.44,-0.14,66,86,19.4,17.57,0.1,0.9921,0.1255,18.9,19.0,19.0,station
2024-03-25,19.2,19.2,17.9,18.8,18.8,18.8,19.2,18.5,19.4,19.0,18.78,0.53,-0.2,66,42,17.7,19.35,0.3,0.9941,0.1084,19.0,20.0,20.0,station
2024-03-26,22.4,22.9,22.1,23.0,22.4,22.3,23.3,22.4,23.0,23.0,22.56,0.38,-0.24,56,9,23.3,21.55,0.0,0.9958,0.0913,21.8,23.0,23.0,station
2024-03-27,27.5,27.0,27.1,28.3,27.0,28.2,27.1,26.9,28.6,27.7,27.38,0.55,-0.32,55,75,8.6,18.81,0.0,0.9972,0.0741,27.5,29.0,29.0,station
2024-03-28,30.2,30.6,30.4,31.2,28.5,31.1,30.8,31.4,31.1,29.3,30.18,1.01,-0.56,58,32,9.4,23.23,0.0,0.9984,0.057,30.9,32.0,32.0,station
2024-03-29,24.8,25.3,24.7,23.4,24.6,29.3,26.5,29.4,24.6,25.2,24.56,0.7,-2.44,78,77,13.9,18.54,0.0,0.9992,0.0398,23.3,25.0,25.0,station
2024-03-30,26.8,26.9,28.0,25.6,25.1,28.6,27.2,26.3,27.7,24.7,26.48,1.15,-0.42,84,43,12.6,21.25,0.0,0.9997,0.0226,24.0,26.0,26.0,station
2024-03-31,31.0,30.3,31.0,31.6,28.9,30.6,30.6,30.7,31.5,29.7,30.56,1.04,-0.06,57,0,14.8,22.9,0.0,1.0,0.0054,31.4,32.0,32.0,station
2024-04-01,32.3,32.2,31.9,32.7,31.9,32.3,31.4,31.7,32.5,30.2,32.2,0.33,0.58,47,48,18.0,23.21,0.0,0.9999,-0.0118,32.8,32.0,32.0,station
2024-04-02,31.7,31.4,30.6,32.0,28.3,31.0,31.5,29.7,29.9,28.1,30.8,1.49,0.76,55,6,14.4,21.99,0.0,0.9996,-0.029,29.8,32.0,32.0,station
2024-04-03,28.7,28.1,28.6,26.9,27.1,28.7,28.8,28.3,28.5,26.6,27.88,0.84,-0.3,79,0,14.3,23.46,0.0,0.9989,-0.0462,26.3,26.0,26.0,station
2024-04-04,27.9,27.2,27.3,26.7,25.6,29.0,28.1,28.4,26.8,26.4,26.94,0.86,-0.8,72,0,13.8,24.1,0.0,0.998,-0.0634,25.3,27.0,27.0,station
2024-04-05,25.9,25.6,25.9,24.3,24.6,26.2,26.1,25.9,25.6,24.6,25.26,0.76,-0.42,74,27,14.4,23.4,0.0,0.9968,-0.0805,23.2,25.0,25.0,station
2024-04-06,22.7,22.1,22.6,22.6,22.1,23.0,22.6,23.1,22.2,22.5,22.42,0.29,-0.26,80,38,18.4,20.19,0.8,0.9952,-0.0977,21.3,22.0,22.0,station
2024-04-07,22.5,22.2,22.3,22.2,22.3,22.9,22.0,21.8,22.7,22.4,22.3,0.12,-0.06,78,43,17.9,21.14,0.8,0.9934,-0.1148,21.8,23.0,23.0,station
2024-04-08,23.3,23.0,23.7,22.2,22.5,24.0,23.1,23.7,22.8,23.3,22.94,0.6,-0.44,80,51,21.6,19.61,4.6,0.9913,-0.1319,22.6,23.0,23.0,station
2024-04-09,20.6,20.9,21.8,21.0,21.8,21.5,20.8,21.7,21.0,22.3,21.22,0.55,-0.24,75,29,18.3,19.09,7.7,0.9889,-0.1489,20.5,21.0,21.0,station
2024-04-10,19.0,19.4,20.5,19.1,18.4,20.7,20.5,21.0,19.6,18.3,19.28,0.77,-0.74,82,59,17.8,16.21,32.1,0.9861,-0.1659,20.6,21.0,21.0,station
2024-04-11,22.4,22.6,22.2,22.1,21.6,21.9,22.4,22.7,22.2,20.5,22.18,0.38,0.24,82,27,17.7,20.6,0.2,0.9831,-0.1828,21.6,23.0,23.0,station
2024-04-12,23.2,24.0,23.6,23.6,22.9,23.2,23.9,23.5,23.0,23.0,23.46,0.42,0.14,84,36,15.1,23.57,0.0,0.9799,-0.1997,22.1,23.0,23.0,station
2024-04-13,23.7,23.5,23.6,23.1,23.1,23.8,23.8,23.2,23.8,23.1,23.4,0.28,-0.14,83,36,15.9,21.5,0.1,0.9763,-0.2165,23.1,23.0,23.0,station
2024-04-14,24.1,23.6,24.1,23.4,23.2,24.3,23.8,24.0,23.1,23.4,23.68,0.41,-0.04,84,28,17.3,21.84,0.1,0.9724,-0.2333,22.6,23.0,23.0,station
2024-04-15,24.5,24.2,24.5,24.0,24.0,24.4,24.1,24.6,23.8,23.7,24.24,0.25,0.12,82,26,15.5,22.69,0.0,0.9683,-0.25,23.5,24.0,24.0,station
2024-04-16,28.2,27.9,29.2,26.9,26.3,28.3,28.5,28.6,27.3,26.3,27.7,1.13,-0.1,79,56,14.5,22.38,0.0,0.9638,-0.2666,26.6,28.0,28.0,station
2024-04-17,34.4,32.8,33.4,33.8,31.3,33.9,33.5,33.6,33.4,31.3,33.14,1.18,0.0,49,17,10.6,25.05,0.0,0.9591,-0.2831,32.9,34.0,34.0,station
2024-04-18,28.0,27.3,27.0,25.8,27.1,27.8,26.4,27.0,26.4,27.7,27.04,0.8,-0.02,59,8,16.2,24.87,0.0,0.9541,-0.2996,25.4,27.0,27.0,station
2024-04-19,25.8,25.1,24.4,24.0,24.1,25.4,25.6,24.2,23.9,24.2,24.68,0.76,0.02,79,45,16.6,22.66,0.4,0.9488,-0.316,23.8,24.0,24.0,station
2024-04-20,25.9,26.6,24.9,24.4,25.1,26.6,27.4,25.6,25.2,24.0,25.38,0.87,-0.38,74,40,15.8,24.97,0.0,0.9432,-0.3322,24.1,26.0,26.0,station
2024-04-21,24.7,23.3,22.6,23.7,22.9,24.5,23.4,22.7,23.6,23.0,23.44,0.82,0.0,74,22,16.9,22.41,0.4,0.9373,-0.3484,23.2,24.0,24.0,station
2024-04-22,27.1,26.8,26.0,24.9,24.5,27.2,26.9,24.9,26.9,24.4,25.86,1.14,-0.2,70,7,17.6,25.57,0.0,0.9312,-0.3645,25.0,25.0,25.0,station
2024-04-23,36.4,34.0,35.6,32.4,30.5,34.1,34.3,32.6,31.7,28.4,33.78,2.39,1.56,58,20,18.4,25.72,0.0,0.9248,-0.3804,32.5,34.0,34.0,station
2024-04-24,39.2,38.0,38.6,39.2,36.5,39.9,38.1,39.3,39.2,37.1,38.3,1.12,-0.42,24,34,28.2,26.13,0.0,0.9181,-0.3963,40.0,40.0,40.0,station
2024-04-25,41.1,39.6,39.2,40.0,35.6,41.2,38.7,39.6,40.6,35.7,39.1,2.08,-0.06,24,77,25.9,24.96,0.0,0.9112,-0.412,41.3,41.0,41.0,station
2024-04-26,27.8,26.2,26.3,25.9,26.8,29.2,25.8,25.6,26.6,26.8,26.6,0.74,-0.2,74,76,16.6,20.51,0.0,0.9039,-0.4276,26.2,26.0,26.0,station
2024-04-27,25.5,24.3,23.5,24.7,26.7,26.6,25.1,24.2,23.9,24.3,24.94,1.22,0.12,79,77,18.1,19.59,0.0,0.8965,-0.4431,25.7,25.0,25.0,station
2024-04-28,27.5,26.0,24.9,25.0,25.7,27.3,25.9,24.9,24.7,25.7,25.82,1.05,0.12,80,57,16.3,24.22,0.0,0.8887,-0.4585,25.7,26.0,26.0,station
2024-04-29,27.7,26.4,25.5,25.1,25.4,27.3,26.2,26.1,23.8,25.6,26.02,1.06,0.22,81,70,14.9,22.56,0.0,0.8807,-0.4737,25.9,25.0,25.0,station
2024-04-30,26.0,24.7,24.7,24.0,24.8,24.8,24.4,26.6,23.8,25.6,24.84,0.72,-0.2,80,51,15.8,21.72,0.0,0.8724,-0.4888,24.4,25.0,25.0,station
2024-05-01,26.7,25.1,26.1,25.3,25.4,26.7,25.0,25.7,24.6,25.7,25.72,0.66,0.18,79,22,18.1,24.08,0.0,0.8639,-0.5037,24.7,25.0,25.0,station
2024-05-02,25.8,24.6,25.1,23.6,25.2,25.9,24.7,24.7,24.3,24.7,24.86,0.82,0.0,80,46,18.1,24.57,0.6,0.8551,-0.5185,24.2,25.0,25.0,station
2024-05-03,26.4,25.9,25.4,25.1,25.3,26.4,25.4,25.3,25.4,25.8,25.62,0.53,-0.04,76,15,20.0,25.23,0.0,0.846,-0.5331,25.1,26.0,26.0,station
2024-05-04,27.1,26.8,25.6,25.8,25.6,26.7,27.0,25.5,25.6,25.4,26.18,0.72,0.14,75,20,19.5,25.97,0.0,0.8367,-0.5476,24.5,28.0,28.0,station
2024-05-05,24.7,23.9,23.8,23.7,24.1,24.3,23.7,23.6,23.5,24.0,24.04,0.4,0.22,71,26,21.7,25.26,0.2,0.8272,-0.5619,23.6,24.0,24.0,station
2024-05-06,22.3,22.1,22.6,20.5,21.5,22.2,22.0,23.1,20.4,21.9,21.8,0.83,-0.12,71,42,20.2,23.01,4.6,0.8174,-0.5761,22.7,23.0,23.0,station
2024-05-07,24.3,23.4,23.7,23.9,23.5,24.6,23.4,24.2,24.1,23.2,23.76,0.36,-0.14,69,19,16.6,25.68,0.8,0.8074,-0.59,23.4,24.0,24.0,station
2024-05-08,26.8,27.1,26.6,26.4,25.4,27.2,27.5,26.4,26.3,25.1,26.46,0.65,-0.04,64,7,18.5,27.49,0.0,0.7971,-0.6038,25.3,26.0,26.0,station
2024-05-09,33.3,31.9,31.9,31.6,30.0,33.9,32.3,32.0,32.0,30.3,31.74,1.18,-0.36,56,7,13.5,27.4,0.0,0.7866,-0.6175,31.7,34.0,34.0,station
2024-05-10,37.8,38.0,37.4,36.7,36.3,37.5,37.2,38.9,34.8,37.3,37.24,0.72,0.1,33,85,14.7,22.67,0.0,0.7759,-0.6309,37.7,39.0,39.0,station
2024-05-11,29.2,28.1,27.2,27.1,28.1,30.0,27.1,27.5,28.7,27.2,27.94,0.85,-0.16,61,34,18.6,26.06,0.0,0.7649,-0.6442,27.5,27.0,27.0,station
2024-05-12,25.5,24.9,24.6,24.3,25.5,25.3,24.4,24.5,24.6,25.4,24.96,0.54,0.12,72,25,18.3,24.36,0.2,0.7537,-0.6572,24.7,25.0,25.0,station
2024-05-13,23.7,23.5,23.4,23.5,23.5,23.8,23.2,23.0,23.5,23.4,23.52,0.11,0.14,67,29,22.5,24.35,2.3,0.7423,-0.6701,23.8,24.0,24.0,station
2024-05-14,24.9,24.7,24.2,24.5,24.2,25.0,25.0,24.3,24.3,24.5,24.5,0.31,-0.12,66,22,18.2,24.01,0.6,0.7306,-0.6828,24.6,26.0,26.0,station
2024-05-15,26.3,25.2,25.1,24.8,25.2,26.2,25.0,25.3,25.0,25.3,25.32,0.57,-0.04,69,12,18.6,26.5,0.0,0.7188,-0.6952,24.8,25.0,25.0,station
2024-05-16,27.2,26.3,25.9,25.2,25.3,27.2,26.3,26.1,25.4,25.4,25.98,0.82,-0.1,70,8,19.3,26.91,0.0,0.7067,-0.7075,25.9,26.0,26.0,station
2024-05-17,31.0,30.0,29.0,28.5,27.3,30.5,30.8,29.3,27.9,27.3,29.16,1.42,0.0,63,1,16.0,27.11,0.0,0.6945,-0.7195,28.7,28.0,28.0,station
2024-05-18,34.1,33.1,32.3,32.4,30.7,33.6,32.6,31.8,32.5,29.8,32.52,1.25,0.46,58,11,15.6,27.01,0.0,0.682,-0.7314,31.9,33.0,33.0,station
2024-05-19,32.9,31.4,31.1,32.9,30.0,33.8,31.9,32.5,29.8,30.1,31.66,1.25,0.04,52,20,16.0,27.26,0.0,0.6693,-0.743,30.6,31.0,31.0,station
2024-05-20,36.0,34.4,33.1,32.7,32.5,35.2,34.2,33.6,33.5,32.7,33.74,1.46,-0.1,49,37,16.4,26.65,0.0,0.6564,-0.7544,35.1,35.0,35.0,station
2024-05-21,31.2,30.6,29.9,28.3,29.4,30.8,30.7,29.5,29.2,29.6,29.88,1.12,-0.08,73,15,17.3,27.02,0.0,0.6433,-0.7656,28.4,30.0,30.0,station
2024-05-22,32.7,31.5,31.5,30.0,30.0,32.6,32.2,31.1,31.2,30.3,31.14,1.15,-0.34,66,5,18.6,27.63,0.0,0.6301,-0.7765,29.8,31.0,31.0,station
2024-05-23,35.0,32.5,32.8,32.0,31.7,34.3,32.0,33.2,32.2,31.1,32.8,1.3,0.24,61,17,17.3,27.66,0.0,0.6166,-0.7873,32.3,34.0,34.0,station
2024-05-24,27.9,27.3,27.0,26.6,26.4,27.9,26.9,27.1,26.5,26.2,27.04,0.59,0.12,74,8,20.1,27.59,0.0,0.603,-0.7978,26.8,27.0,27.0,station
2024-05-25,27.6,26.6,26.7,26.8,26.6,27.6,26.6,27.4,27.0,26.7,26.86,0.42,-0.2,72,20,20.4,26.2,2.8,0.5892,-0.808,26.3,27.0,27.0,station
2024-05-26,29.2,28.8,29.2,28.4,27.8,29.7,29.0,29.0,28.6,28.9,28.68,0.59,-0.36,69,32,15.9,27.22,0.0,0.5752,-0.818,27.3,28.0,28.0,station
2024-05-27,39.4,32.6,37.4,34.9,32.9,40.1,32.4,36.1,33.1,32.9,35.44,2.93,0.52,51,22,29.0,26.45,0.0,0.561,-0.8278,38.9,38.0,38.0,station
2024-05-28,28.2,27.2,27.9,26.7,27.3,29.0,27.8,28.1,26.7,27.0,27.46,0.59,-0.26,74,36,16.9,23.31,0.0,0.5467,-0.8373,26.7,27.0,27.0,station
2024-05-29,28.6,27.0,26.7,26.3,26.3,28.3,26.8,26.6,26.7,26.3,26.98,0.95,0.04,72,14,19.0,27.23,0.0,0.5322,-0.8466,26.5,26.0,26.0,station
2024-05-30,27.7,27.0,26.7,26.4,26.0,27.7,26.7,26.8,26.4,26.5,26.76,0.64,-0.06,68,31,19.4,27.69,0.0,0.5176,-0.8556,26.1,26.0,26.0,station
2024-05-31,29.3,28.1,27.4,27.2,26.7,29.5,28.4,27.9,27.1,27.0,27.74,1.01,-0.24,65,9,19.4,28.68,0.0,0.5028,-0.8644,27.4,27.0,27.0,station
2024-06-01,33.2,31.5,30.4,29.6,29.9,32.7,31.2,31.0,28.8,30.6,30.92,1.47,0.06,58,0,19.5,28.62,0.0,0.4878,-0.8729,30.9,30.0,30.0,station
2024-06-02,34.5,34.2,34.5,31.0,31.1,34.5,33.2,34.0,31.1,31.0,33.06,1.84,0.3,67,2,18.2,28.57,0.0,0.4728,-0.8812,32.7,32.0,32.0,station
2024-06-03,36.5,33.5,33.9,32.2,31.7,36.9,34.2,34.6,32.4,31.2,33.56,1.88,-0.3,76,32,15.7,27.52,0.0,0.4575,-0.8892,33.1,31.0,31.0,station
2024-06-04,33.3,33.4,33.0,30.5,31.0,33.4,32.6,32.2,30.3,31.0,32.24,1.38,0.34,72,0,14.8,28.46,0.0,0.4422,-0.8969,31.8,32.0,32.0,station
2024-06-05,34.3,33.8,33.2,31.1,31.3,34.0,33.4,32.9,31.0,31.2,32.74,1.46,0.24,76,5,15.3,28.59,0.0,0.4267,-0.9044,30.4,31.0,31.0,station
2024-06-06,36.1,35.6,35.5,31.9,32.4,35.0,34.7,34.6,31.5,32.5,34.3,1.98,0.64,72,7,15.5,28.69,0.0,0.4111,-0.9116,33.2,33.0,33.0,station
2024-06-07,36.8,36.4,34.8,33.8,34.2,36.8,36.2,35.3,32.6,33.6,35.2,1.33,0.3,65,13,15.7,28.62,0.0,0.3953,-0.9185,33.7,35.0,35.0,station
2024-06-08,36.0,35.1,34.5,31.6,33.6,36.5,35.1,34.1,31.4,32.4,34.16,1.68,0.26,65,4,18.0,28.66,0.0,0.3795,-0.9252,33.3,34.0,34.0,station
2024-06-09,32.1,31.5,31.4,29.7,30.9,32.2,31.1,31.5,29.6,30.6,31.12,0.9,0.12,77,20,18.1,28.31,0.0,0.3635,-0.9316,30.0,30.0,30.0,station
2024-06-10,32.4,31.3,30.9,30.4,31.2,32.3,31.4,30.4,30.1,30.7,31.24,0.74,0.26,76,3,17.8,28.72,0.0,0.3474,-0.9377,30.3,30.0,30.0,station
2024-06-11,33.0,32.0,31.9,30.4,31.0,32.8,32.0,31.8,30.5,31.0,31.66,1.0,0.04,75,6,17.5,28.99,0.0,0.3312,-0.9436,30.8,31.0,31.0,station
2024-06-12,33.8,33.1,32.9,31.2,31.4,33.9,32.9,32.4,30.9,31.2,32.48,1.13,0.22,73,34,16.8,28.71,0.0,0.3149,-0.9491,31.2,31.0,31.0,station
2024-06-13,36.5,36.0,35.6,33.3,32.6,36.3,36.3,35.1,33.1,32.9,34.8,1.74,0.06,73,19,16.0,28.41,0.0,0.2986,-0.9544,33.8,33.0,33.0,station
2024-06-14,37.4,36.7,36.8,34.3,33.9,37.9,36.7,37.0,34.3,33.4,35.82,1.6,-0.04,70,29,15.5,28.75,0.0,0.2821,-0.9594,34.6,35.0,35.0,station
2024-06-15,37.9,37.1,36.9,33.7,35.7,38.7,37.4,36.0,34.7,34.7,36.26,1.63,-0.04,69,22,17.7,28.88,0.0,0.2656,-0.9641,35.1,38.0,38.0,station
2024-06-16,35.1,33.2,33.8,32.3,33.1,35.7,33.9,35.6,32.1,34.1,33.5,1.04,-0.78,68,1,18.5,29.39,0.0,0.2489,-0.9685,33.0,33.0,33.0,station
2024-06-17,33.5,32.8,32.4,30.8,31.5,33.3,32.8,32.9,30.9,31.8,32.2,1.07,-0.14,69,7,16.5,29.12,0.0,0.2322,-0.9727,31.2,32.0,32.0,station
2024-06-18,33.8,33.6,32.7,30.9,31.3,33.9,33.7,33.9,31.0,31.5,32.46,1.32,-0.34,70,2,16.8,28.91,0.0,0.2155,-0.9765,31.3,31.0,31.0,station
2024-06-19,33.4,33.0,32.7,30.6,31.6,33.3,32.9,33.3,30.7,31.5,32.26,1.14,-0.08,75,13,17.3,28.76,0.0,0.1986,-0.9801,31.3,32.0,32.0,station
2024-06-20,34.5,33.1,32.4,31.2,31.9,34.7,33.2,33.1,31.2,32.0,32.62,1.26,-0.22,76,28,16.0,28.3,0.0,0.1818,-0.9833,31.7,32.0,32.0,station
2024-06-21,34.5,33.6,33.5,31.8,32.4,34.7,33.7,33.4,32.7,32.6,33.16,1.06,-0.26,72,9,16.5,29.48,0.0,0.1648,-0.9863,32.3,32.0,32.0,station
2024-06-22,32.8,32.0,32.6,31.6,31.5,33.1,32.0,33.4,30.7,31.0,32.1,0.58,0.06,73,12,19.9,28.32,0.1,0.1478,-0.989,30.7,32.0,32.0,station
2024-06-23,32.9,32.0,31.9,31.2,32.1,32.9,32.4,32.8,31.5,32.0,32.02,0.61,-0.3,74,21,22.3,26.82,0.0,0.1308,-0.9914,31.2,32.0,32.0,station
2024-06-24,34.3,33.5,32.7,31.8,32.2,34.5,33.8,33.2,32.3,32.4,32.9,1.01,-0.34,75,9,17.3,28.57,0.0,0.1137,-0.9935,31.7,32.0,32.0,station
2024-06-25,34.8,33.7,33.5,32.0,32.8,34.8,33.5,33.0,32.1,32.5,33.36,1.05,0.18,71,11,16.5,28.84,0.0,0.0966,-0.9953,32.1,33.0,33.0,station
2024-06-26,33.9,33.1,32.5,30.9,31.9,33.7,32.8,32.4,31.1,31.5,32.46,1.14,0.16,71,6,16.9,29.1,0.0,0.0795,-0.9968,31.3,32.0,32.0,station
2024-06-27,34.7,33.9,32.7,32.2,32.4,34.4,33.6,32.9,32.1,32.3,33.18,1.08,0.12,75,9,16.3,28.74,0.0,0.0623,-0.9981,32.2,32.0,32.0,station
2024-06-28,35.0,33.5,34.0,32.2,32.7,34.7,33.8,34.5,32.2,32.8,33.48,1.1,-0.12,76,15,18.8,29.05,0.0,0.0451,-0.999,32.0,33.0,33.0,station
2024-06-29,33.5,32.6,33.0,31.3,31.9,33.4,32.2,33.4,31.9,32.0,32.46,0.87,-0.12,75,20,18.4,28.25,0.0,0.028,-0.9996,31.6,32.0,32.0,station
2024-06-30,32.5,31.9,31.1,31.6,31.2,32.6,31.3,31.8,31.3,31.2,31.66,0.57,0.02,70,20,18.2,27.53,0.3,0.0108,-0.9999,31.1,32.0,32.0,station
2024-07-01,33.7,32.7,32.1,31.8,31.3,33.4,32.4,32.0,31.3,31.7,32.32,0.92,0.16,69,12,19.4,28.43,0.0,-0.0065,-1.0,31.3,32.0,32.0,station
2024-07-02,33.5,32.5,32.1,31.4,31.5,33.7,32.2,33.0,31.6,32.0,32.2,0.85,-0.3,73,16,19.1,28.22,0.1,-0.0237,-0.9997,31.5,32.0,32.0,station
2024-07-03,34.6,33.7,33.1,32.3,32.0,35.1,33.7,33.5,32.5,32.0,33.14,1.05,-0.22,68,1,17.3,29.08,0.0,-0.0408,-0.9992,32.1,33.0,33.0,station
2024-07-04,37.8,35.9,34.6,36.0,34.0,38.2,36.2,34.6,35.6,33.3,35.66,1.47,0.08,46,0,17.8,29.4,0.0,-0.058,-0.9983,36.8,36.0,36.0,station
2024-07-05,35.4,33.7,33.8,32.1,34.5,35.7,33.7,34.6,32.8,33.5,33.9,1.21,-0.16,60,1,19.3,28.48,0.0,-0.0752,-0.9972,32.8,33.0,33.0,station
2024-07-06,31.3,31.3,30.8,31.1,31.8,32.3,31.5,31.1,31.1,31.8,31.26,0.36,-0.3,68,15,17.8,25.21,0.7,-0.0923,-0.9957,30.6,31.0,31.0,station
2024-07-07,33.4,32.3,31.9,32.0,32.2,33.0,32.1,31.9,32.1,32.6,32.36,0.6,0.02,69,18,17.7,28.03,0.0,-0.1094,-0.994,31.5,32.0,32.0,station
2024-07-08,34.7,33.3,33.3,32.3,32.9,34.5,33.2,33.1,32.3,33.2,33.3,0.88,0.04,72,8,18.1,27.94,0.0,-0.1265,-0.992,32.3,33.0,33.0,station
2024-07-09,35.5,34.6,34.4,33.0,33.6,34.9,34.1,34.6,33.0,33.4,34.22,0.96,0.22,73,1,17.4,28.39,0.0,-0.1436,-0.9896,32.7,33.0,33.0,station
2024-07-10,37.6,36.0,35.2,34.1,34.5,37.5,35.9,36.2,34.7,34.6,35.48,1.39,-0.3,72,21,16.9,28.09,0.0,-0.1606,-0.987,34.7,36.0,36.0,station
2024-07-11,38.7,36.9,36.0,34.8,35.3,38.9,37.3,35.5,35.0,35.4,36.34,1.54,-0.08,70,5,16.9,28.3,0.0,-0.1775,-0.9841,35.5,37.0,37.0,station
2024-07-12,38.1,37.0,36.1,35.3,35.1,38.1,37.2,35.1,34.1,34.9,36.32,1.25,0.44,64,5,17.9,28.52,0.0,-0.1944,-0.9809,35.8,37.0,37.0,station
2024-07-13,36.4,34.7,34.2,32.7,34.2,35.2,34.2,33.6,32.4,34.3,34.44,1.33,0.5,72,1,16.6,28.14,0.0,-0.2113,-0.9774,33.9,34.0,34.0,station
2024-07-14,32.2,32.0,31.8,31.7,32.3,32.3,31.7,31.8,32.0,32.2,32.0,0.25,0.0,72,21,21.2,25.22,1.6,-0.2281,-0.9736,31.5,32.0,32.0,station
2024-07-15,33.4,33.1,32.9,32.3,32.8,32.9,32.7,33.1,32.4,32.7,32.9,0.41,0.14,73,18,19.8,25.86,0.2,-0.2448,-0.9696,32.4,33.0,33.0,station
2024-07-16,35.2,34.6,34.4,33.0,33.2,35.0,34.2,34.7,33.5,32.8,34.08,0.94,0.04,73,1,17.9,28.09,0.0,-0.2614,-0.9652,33.0,34.0,34.0,station
2024-07-17,35.3,34.4,34.2,32.6,32.7,36.0,34.6,34.8,33.2,32.5,33.84,1.16,-0.38,73,11,18.2,28.63,0.0,-0.278,-0.9606,32.9,33.0,33.0,station
2024-07-18,34.9,34.4,34.3,32.1,32.9,35.0,34.3,33.6,32.3,32.9,33.72,1.17,0.1,68,11,16.8,28.27,0.0,-0.2945,-0.9557,32.5,33.0,33.0,station
2024-07-19,35.0,34.1,33.7,32.3,32.8,35.3,33.9,33.5,32.5,33.0,33.58,1.07,-0.06,70,3,18.0,28.34,0.0,-0.3109,-0.9505,32.6,33.0,33.0,station
2024-07-20,35.1,34.2,34.3,33.3,33.4,34.9,34.2,34.5,32.8,33.2,34.06,0.74,0.14,74,11,19.5,27.21,0.0,-0.3272,-0.945,33.0,34.0,34.0,station
2024-07-21,36.8,35.6,35.2,33.9,34.2,36.3,35.5,35.3,33.9,34.1,35.14,1.16,0.12,75,4,17.3,27.89,0.0,-0.3434,-0.9392,34.1,35.0,35.0,station
2024-07-22,35.7,35.0,34.0,33.0,34.0,35.4,34.7,34.8,33.3,33.8,34.34,1.04,-0.06,77,11,17.9,27.64,0.0,-0.3595,-0.9332,33.3,34.0,34.0,station
2024-07-23,36.1,34.7,34.9,33.3,33.5,35.9,34.3,34.5,33.2,33.5,34.5,1.14,0.22,73,5,18.4,27.8,0.0,-0.3755,-0.9268,33.3,35.0,35.0,station
2024-07-24,33.8,33.5,33.2,32.9,33.2,34.1,33.2,33.0,32.6,33.2,33.32,0.34,0.1,71,13,17.5,25.74,0.0,-0.3914,-0.9202,32.3,32.0,32.0,station
2024-07-25,35.8,35.0,33.7,33.6,33.7,35.8,35.0,33.7,33.7,33.5,34.36,0.99,0.02,69,9,19.9,27.1,0.0,-0.4071,-0.9134,33.4,35.0,35.0,station
2024-07-26,33.2,32.7,32.9,32.2,32.5,33.4,32.6,33.3,32.3,32.6,32.7,0.38,-0.14,64,19,18.8,26.21,0.4,-0.4228,-0.9062,32.0,33.0,33.0,station
2024-07-27,33.2,32.9,33.0,32.5,32.6,33.7,32.6,32.9,32.9,32.5,32.84,0.29,-0.08,69,29,18.0,24.39,0.3,-0.4383,-0.8988,32.7,33.0,33.0,station
2024-07-28,35.2,33.7,34.2,33.0,33.0,35.0,33.6,33.8,33.3,33.2,33.82,0.92,0.04,69,14,19.0,26.91,0.0,-0.4537,-0.8912,33.0,33.0,33.0,station
2024-07-29,34.7,33.5,34.0,32.9,32.8,35.0,33.8,33.9,32.8,33.1,33.58,0.79,-0.14,72,7,18.9,26.95,0.0,-0.469,-0.8832,33.1,33.0,33.0,station
2024-07-30,34.6,33.1,33.4,32.3,32.7,34.5,33.1,33.3,32.7,32.5,33.22,0.88,0.0,73,5,18.0,27.11,0.0,-0.4841,-0.875,32.6,33.0,33.0,station
2024-07-31,35.2,34.3,34.1,33.1,33.1,35.3,34.2,34.5,33.4,33.2,33.96,0.89,-0.16,71,4,17.7,27.37,0.0,-0.4991,-0.8666,33.2,33.0,33.0,station
2024-08-01,36.4,35.2,35.1,33.7,33.4,36.7,35.1,36.1,33.7,33.6,34.76,1.22,-0.28,71,1,17.7,27.46,0.0,-0.5139,-0.8578,33.8,34.0,34.0,station
2024-08-02,35.5,34.1,33.9,33.1,32.9,35.0,34.0,34.4,33.0,32.9,33.9,1.03,0.04,70,6,16.8,27.02,0.0,-0.5286,-0.8489,32.7,34.0,34.0,station
2024-08-03,35.4,33.9,33.2,33.0,32.6,34.9,33.6,32.9,33.7,32.5,33.62,1.1,0.1,67,9,17.4,26.91,0.0,-0.5431,-0.8397,33.3,34.0,34.0,station
2024-08-04,34.4,34.0,33.4,32.4,31.9,33.9,33.4,32.5,32.3,31.6,33.22,1.05,0.48,67,6,16.8,26.96,0.0,-0.5575,-0.8302,32.2,33.0,33.0,station
2024-08-05,34.1,33.2,32.7,31.8,31.6,33.7,33.2,32.6,32.2,31.8,32.68,1.03,-0.02,67,3,17.0,27.18,0.0,-0.5717,-0.8205,31.9,32.0,32.0,station
2024-08-06,34.7,33.8,33.0,32.8,32.3,34.7,33.9,33.7,32.6,32.2,33.32,0.94,-0.1,67,6,18.1,26.92,0.0,-0.5857,-0.8105,32.7,33.0,33.0,station
2024-08-07,34.4,33.6,33.5,32.8,32.1,34.6,33.7,33.9,32.5,32.4,33.28,0.87,-0.14,69,6,17.3,26.47,0.0,-0.5996,-0.8003,32.2,33.0,33.0,station
2024-08-08,34.8,33.9,33.9,33.0,33.0,34.8,33.9,33.9,33.4,32.6,33.72,0.75,0.0,72,11,18.6,26.71,0.0,-0.6132,-0.7899,33.1,33.0,33.0,station
2024-08-09,34.1,33.4,33.7,32.8,32.7,34.6,33.5,33.9,32.8,32.6,33.34,0.59,-0.14,69,8,17.7,26.32,0.0,-0.6267,-0.7792,32.3,33.0,33.0,station
2024-08-10,33.5,32.5,32.3,32.1,31.9,33.4,32.5,32.5,32.0,31.8,32.46,0.62,0.02,68,26,17.7,25.48,0.1,-0.64,-0.7683,31.8,32.0,32.0,station
2024-08-11,33.6,32.7,32.3,32.8,32.0,33.6,32.7,32.5,33.0,32.2,32.68,0.61,-0.12,68,17,17.7,24.14,0.0,-0.6532,-0.7572,32.5,32.0,32.0,station
2024-08-12,34.2,33.1,32.6,32.9,32.4,34.7,33.0,32.8,32.9,32.2,33.04,0.7,-0.08,71,18,18.6,24.43,0.0,-0.6661,-0.7459,32.6,33.0,33.0,station
2024-08-13,34.6,33.9,33.9,32.8,32.5,34.9,33.8,33.9,32.7,32.5,33.54,0.87,-0.02,71,12,17.2,25.91,0.0,-0.6788,-0.7343,32.6,33.0,33.0,station
2024-08-14,34.8,33.6,33.1,32.5,32.4,34.8,33.1,33.4,32.6,32.9,33.28,0.98,-0.08,67,1,17.3,25.73,0.0,-0.6914,-0.7225,32.9,33.0,33.0,station
2024-08-15,34.1,33.7,33.1,32.7,32.4,34.4,33.7,32.9,32.8,32.6,33.2,0.7,-0.08,72,7,18.3,25.96,0.0,-0.7037,-0.7105,32.9,33.0,33.0,station
2024-08-16,33.5,32.8,32.8,32.8,32.1,33.9,32.7,32.6,32.6,32.3,32.8,0.49,-0.02,73,22,18.8,23.98,0.4,-0.7158,-0.6983,31.9,33.0,33.0,station
2024-08-17,34.7,33.6,33.2,33.2,33.1,34.6,33.4,33.6,33.5,33.2,33.56,0.67,-0.1,71,17,19.6,24.45,0.1,-0.7277,-0.6859,33.0,33.0,33.0,station
2024-08-18,35.9,35.4,35.1,33.9,33.5,35.8,35.3,34.9,34.2,33.2,34.76,1.02,0.08,73,11,16.0,25.01,0.0,-0.7394,-0.6733,33.5,34.0,34.0,station
2024-08-19,36.3,35.1,34.4,33.8,33.5,36.4,35.2,34.7,33.4,33.2,34.62,1.12,0.04,69,0,17.1,25.56,0.0,-0.7509,-0.6605,34.2,34.0,34.0,station
2024-08-20,34.2,33.4,33.7,32.4,32.6,34.5,33.6,33.4,32.0,32.3,33.26,0.75,0.1,73,15,17.2,25.42,0.0,-0.7621,-0.6474,32.3,34.0,34.0,station
2024-08-21,34.1,33.0,32.6,32.4,31.8,34.4,33.2,33.1,32.7,32.4,32.78,0.86,-0.38,69,13,17.4,24.89,0.0,-0.7731,-0.6342,32.1,32.0,32.0,station
2024-08-22,34.6,33.9,33.2,33.0,33.0,34.8,34.0,33.4,33.1,33.2,33.54,0.7,-0.16,70,13,17.4,24.52,0.0,-0.7839,-0.6208,33.3,33.0,33.0,station
2024-08-23,34.2,33.4,32.3,33.1,32.4,34.2,33.3,32.3,33.4,32.2,33.08,0.78,0.0,66,19,17.8,23.9,0.0,-0.7945,-0.6073,33.0,33.0,33.0,station
2024-08-24,33.3,32.6,31.7,32.0,31.9,33.3,32.5,32.1,32.6,31.8,32.3,0.65,-0.16,68,20,18.6,22.04,0.5,-0.8048,-0.5935,31.9,32.0,32.0,station
2024-08-25,34.2,33.7,33.5,33.6,32.9,34.1,33.4,33.6,34.0,32.8,33.58,0.47,0.0,67,11,17.9,24.8,0.0,-0.8149,-0.5796,32.8,33.0,33.0,station
2024-08-26,36.6,35.9,35.0,34.4,34.0,36.2,35.6,35.5,33.8,33.9,35.18,1.07,0.18,66,5,17.7,25.11,0.0,-0.8248,-0.5655,35.2,37.0,37.0,station
2024-08-27,35.0,34.1,33.5,33.5,34.1,35.7,35.0,35.0,33.3,34.2,34.04,0.61,-0.6,74,20,18.1,24.55,0.0,-0.8344,-0.5512,33.4,33.0,33.0,station
2024-08-28,33.3,32.6,32.0,32.4,31.8,33.3,32.5,32.1,32.2,32.0,32.42,0.58,0.0,67,35,18.0,21.87,0.0,-0.8437,-0.5368,32.0,33.0,33.0,station
2024-08-29,33.2,31.7,31.8,32.8,31.7,32.7,31.9,31.8,31.8,31.6,32.24,0.71,0.28,64,20,19.0,23.01,0.0,-0.8528,-0.5222,32.4,32.0,32.0,station
2024-08-30,32.6,31.7,31.7,32.0,31.4,32.6,31.7,31.8,32.1,31.2,31.88,0.45,0.0,65,15,19.5,23.43,0.0,-0.8617,-0.5074,31.7,32.0,32.0,station
2024-08-31,33.2,32.2,31.8,32.3,32.0,33.1,32.2,31.8,32.1,32.1,32.3,0.54,0.04,66,11,18.2,22.65,0.0,-0.8703,-0.4925,32.4,33.0,33.0,station
2024-09-01,32.7,31.8,31.6,31.5,31.7,32.4,31.9,31.9,32.2,31.5,31.86,0.48,-0.12,69,12,18.4,22.0,0.0,-0.8786,-0.4775,31.8,32.0,32.0,station
2024-09-02,33.8,33.4,32.4,32.8,31.7,33.5,32.6,32.3,32.5,31.7,32.82,0.83,0.3,63,2,19.5,24.19,0.0,-0.8867,-0.4623,33.4,33.0,33.0,station
2024-09-03,33.1,32.0,31.3,32.1,31.4,33.2,31.8,31.2,32.0,31.5,31.98,0.72,0.04,65,5,19.5,23.62,0.0,-0.8945,-0.447,32.0,32.0,32.0,station
2024-09-04,32.2,31.3,31.1,32.0,31.1,32.3,31.4,30.9,31.9,30.9,31.54,0.52,0.06,69,26,18.1,21.85,2.4,-0.9021,-0.4315,31.2,32.0,32.0,station
2024-09-05,32.6,31.9,30.9,31.7,31.2,32.6,31.7,31.0,31.8,31.0,31.66,0.66,0.04,63,27,18.4,22.77,0.0,-0.9094,-0.4159,31.8,32.0,32.0,station
2024-09-06,32.6,32.0,31.4,32.1,31.5,32.9,32.0,31.6,31.7,31.4,31.92,0.49,0.0,66,10,18.5,22.55,0.0,-0.9164,-0.4002,32.5,31.0,31.0,station
2024-09-07,33.5,32.6,32.0,32.5,31.9,33.5,32.7,32.1,32.1,31.8,32.5,0.64,0.06,69,9,19.6,22.92,0.0,-0.9232,-0.3844,32.7,32.0,32.0,station
2024-09-08,33.7,32.8,32.7,32.6,32.3,33.9,33.0,32.3,32.6,32.3,32.82,0.53,0.0,71,2,17.8,23.03,0.0,-0.9296,-0.3685,32.5,33.0,33.0,station
2024-09-09,34.3,32.9,32.5,32.0,32.2,34.1,32.7,32.2,31.6,32.0,32.78,0.91,0.26,69,14,16.9,22.86,0.0,-0.9358,-0.3524,32.4,32.0,32.0,station
2024-09-10,34.6,33.4,33.1,32.1,32.3,34.1,33.3,32.3,31.8,32.0,33.1,1.0,0.4,72,9,17.3,22.02,0.0,-0.9418,-0.3363,32.9,32.0,32.0,station
2024-09-11,36.1,33.9,33.3,34.3,32.5,35.6,34.1,33.8,33.9,32.9,34.02,1.35,-0.04,61,1,17.8,23.36,0.0,-0.9474,-0.32,33.3,34.0,34.0,station
2024-09-12,37.7,36.4,36.0,35.3,34.7,37.1,35.3,35.5,35.1,34.4,36.02,1.14,0.54,48,0,20.0,22.66,0.0,-0.9528,-0.3037,35.6,35.0,35.0,station
2024-09-13,35.0,33.6,32.7,32.3,33.6,34.0,33.2,31.4,31.9,33.2,33.44,1.04,0.7,64,7,19.2,22.26,0.0,-0.9579,-0.2873,32.9,33.0,33.0,station
2024-09-14,31.5,30.8,30.1,31.3,31.0,31.7,30.9,30.1,30.8,31.1,30.94,0.54,0.02,63,21,17.7,21.2,0.0,-0.9627,-0.2707,30.9,31.0,31.0,station
2024-09-15,32.8,30.9,30.6,31.4,31.7,32.2,31.3,30.9,31.2,31.8,31.48,0.85,0.0,66,25,19.7,19.81,0.0,-0.9672,-0.2541,31.8,31.0,31.0,station
2024-09-16,31.1,30.1,30.0,30.6,30.4,31.1,30.0,29.2,30.9,31.0,30.44,0.44,0.0,58,29,19.2,18.9,0.0,-0.9714,-0.2375,30.3,30.0,30.0,station
2024-09-17,30.4,29.7,29.4,29.9,29.8,29.4,29.8,29.0,29.7,30.2,29.84,0.36,0.22,61,20,17.6,20.48,1.4,-0.9753,-0.2207,30.6,30.0,30.0,station
2024-09-18,30.2,29.6,29.1,29.8,29.4,30.0,29.8,29.4,30.0,29.4,29.62,0.41,-0.1,64,18,19.1,19.61,0.0,-0.979,-0.2039,30.2,30.0,30.0,station
2024-09-19,31.2,30.5,29.7,30.6,29.8,30.7,30.3,29.9,30.4,29.4,30.36,0.62,0.22,65,24,17.9,19.18,0.0,-0.9824,-0.187,30.3,30.0,30.0,station
2024-09-20,33.3,32.5,31.3,32.5,32.3,33.3,33.3,31.0,32.5,31.5,32.38,0.72,0.06,59,2,16.6,21.51,0.0,-0.9854,-0.1701,33.1,34.0,34.0,station
2024-09-21,31.0,29.9,29.5,30.2,30.1,30.9,30.0,29.9,30.4,30.3,30.14,0.55,-0.16,64,37,17.2,20.36,0.0,-0.9882,-0.1531,30.0,30.0,30.0,station
2024-09-22,29.7,28.8,29.3,28.8,29.2,30.0,29.1,28.9,28.8,29.3,29.16,0.38,-0.06,64,36,19.3,17.09,0.7,-0.9907,-0.1361,29.0,29.0,29.0,station
2024-09-23,29.5,29.0,29.3,29.0,29.1,29.0,28.7,29.1,29.4,29.0,29.18,0.22,0.14,62,29,18.4,19.54,0.6,-0.9929,-0.1191,29.9,30.0,30.0,station
2024-09-24,31.1,31.1,30.5,30.5,29.5,30.7,31.0,30.2,30.2,29.5,30.54,0.65,0.22,66,3,19.0,21.02,0.0,-0.9948,-0.102,30.9,30.0,30.0,station
2024-09-25,31.9,31.5,30.7,30.8,30.7,31.8,31.3,30.5,31.3,30.6,31.12,0.55,0.02,68,2,20.1,20.68,0.0,-0.9964,-0.0848,31.9,30.0,30.0,station
2024-09-26,32.1,31.8,31.1,31.2,30.5,32.0,31.5,30.9,31.1,30.3,31.34,0.63,0.18,70,17,18.2,20.27,0.0,-0.9977,-0.0677,31.2,30.0,30.0,station
2024-09-27,32.8,32.0,32.0,31.1,30.9,32.7,31.9,31.7,31.1,30.8,31.76,0.77,0.12,75,13,16.5,20.69,0.0,-0.9987,-0.0505,31.5,31.0,31.0,station
2024-09-28,32.4,31.6,31.4,30.7,30.8,32.2,31.7,31.3,30.6,30.7,31.38,0.69,0.08,75,24,15.4,20.21,0.0,-0.9994,-0.0333,31.0,31.0,31.0,station
2024-09-29,31.0,29.8,29.7,30.1,29.9,30.9,29.5,29.7,29.6,30.1,30.1,0.52,0.14,72,5,17.0,20.36,0.0,-0.9999,-0.0161,30.0,30.0,30.0,station
2024-09-30,30.2,29.5,29.7,30.0,29.2,30.4,29.5,29.3,29.9,29.4,29.72,0.4,0.02,69,18,17.6,19.65,0.0,-1.0,0.0011,29.6,30.0,30.0,station
2024-10-01,28.7,27.8,27.8,28.7,27.4,29.0,28.1,27.8,28.3,27.7,28.08,0.59,-0.1,63,37,22.7,17.29,1.9,-0.9998,0.0183,28.8,29.0,29.0,station
2024-10-02,28.9,27.9,27.8,28.8,27.9,28.7,28.2,27.8,28.4,27.7,28.26,0.54,0.1,61,17,16.3,18.3,0.0,-0.9994,0.0355,28.2,29.0,29.0,station
2024-10-03,29.6,29.9,28.4,29.8,28.3,29.4,29.5,28.2,29.1,28.4,29.2,0.78,0.28,63,0,16.0,20.07,0.0,-0.9986,0.0527,29.7,29.0,29.0,station
2024-10-04,30.8,29.9,30.1,29.7,29.0,30.4,30.1,29.7,29.6,29.1,29.9,0.65,0.12,70,0,18.6,19.66,0.0,-0.9976,0.0698,30.0,29.0,29.0,station
2024-10-05,30.7,30.2,30.4,29.6,29.6,30.7,30.3,30.0,29.9,29.6,30.1,0.49,0.0,74,16,19.3,19.09,0.0,-0.9962,0.087,30.5,29.0,29.0,station
2024-10-06,31.3,29.6,29.8,29.8,29.4,30.9,29.7,29.6,29.9,29.6,29.98,0.76,0.04,70,46,18.9,17.9,0.0,-0.9946,0.1041,30.6,29.0,29.0,station
2024-10-07,29.2,29.0,28.8,29.8,28.7,29.8,29.1,28.6,28.9,29.2,29.1,0.44,-0.02,68,43,16.9,16.1,0.0,-0.9926,0.1212,30.1,29.0,29.0,station
2024-10-08,31.0,30.2,30.4,29.3,29.5,31.2,30.2,30.1,29.3,29.9,30.08,0.69,-0.06,75,5,17.5,18.86,0.0,-0.9904,0.1383,29.7,29.0,29.0,station
2024-10-09,30.4,30.1,29.6,28.9,29.1,30.6,30.3,30.1,29.3,29.4,29.62,0.64,-0.32,77,6,17.8,18.21,0.0,-0.9879,0.1553,29.6,30.0,30.0,station
2024-10-10,29.4,28.7,28.3,28.5,28.4,29.7,29.1,29.1,28.8,28.5,28.66,0.44,-0.38,75,34,15.9,16.96,0.0,-0.9851,0.1722,28.8,29.0,29.0,station
2024-10-11,29.3,28.6,28.0,28.7,28.3,29.1,28.8,28.6,28.4,28.1,28.58,0.49,-0.02,72,19,15.7,18.15,0.0,-0.9819,0.1892,28.9,28.0,28.0,station
2024-10-12,29.9,29.5,29.4,29.5,28.8,29.9,29.5,29.8,29.6,28.6,29.42,0.4,-0.06,72,15,17.0,17.93,0.0,-0.9785,0.206,29.6,29.0,29.0,station
2024-10-13,29.8,29.5,28.9,29.6,29.0,29.8,29.5,28.8,29.1,29.0,29.36,0.39,0.12,76,20,15.9,17.9,0.0,-0.9749,0.2228,29.3,29.0,29.0,station
2024-10-14,31.0,30.4,29.8,30.3,30.0,31.1,30.4,29.7,29.4,29.7,30.3,0.46,0.24,73,5,17.0,17.51,0.0,-0.9709,0.2396,29.9,31.0,31.0,station
2024-10-15,30.9,30.6,28.7,30.1,29.9,30.7,30.8,29.1,30.0,29.7,30.04,0.85,-0.02,70,17,16.5,16.79,0.0,-0.9666,0.2562,30.3,30.0,30.0,station
2024-10-16,29.8,29.3,28.8,29.0,28.1,29.7,29.5,28.5,29.1,28.6,29.0,0.63,-0.08,72,3,16.8,16.87,0.0,-0.9621,0.2728,28.4,29.0,29.0,station
2024-10-17,27.6,28.1,27.4,27.9,27.4,28.2,28.3,27.1,28.1,27.5,27.68,0.31,-0.16,70,26,18.6,14.45,0.4,-0.9572,0.2893,28.7,28.0,28.0,station
2024-10-18,29.0,28.6,28.1,27.8,28.0,28.5,27.9,28.1,28.3,28.0,28.3,0.49,0.14,65,12,19.1,16.6,0.1,-0.9521,0.3057,28.9,28.0,28.0,station
2024-10-19,27.5,27.2,26.8,27.4,26.2,27.9,27.7,27.2,27.4,26.1,27.02,0.53,-0.24,53,0,20.3,17.63,0.0,-0.9467,0.3221,27.8,27.0,27.0,station
2024-10-20,30.0,28.9,29.2,29.1,27.3,29.9,29.0,29.0,28.6,26.8,28.9,0.99,0.24,47,0,24.0,17.79,0.0,-0.941,0.3383,29.8,29.0,29.0,station
2024-10-21,28.1,27.2,27.7,27.9,26.6,28.0,27.4,26.7,27.6,26.3,27.5,0.6,0.3,46,0,23.6,17.42,0.0,-0.9351,0.3545,28.0,27.0,27.0,station
2024-10-22,26.3,25.7,25.5,26.1,25.4,26.1,25.7,26.0,25.9,24.9,25.8,0.39,0.08,44,0,25.1,17.28,0.0,-0.9288,0.3705,26.6,25.0,25.0,station
2024-10-23,26.9,26.1,26.3,26.6,26.0,26.9,26.4,26.4,26.4,26.3,26.38,0.37,-0.1,28,0,21.6,17.67,0.0,-0.9223,0.3864,27.1,27.0,27.0,station
2024-10-24,26.9,26.1,26.7,26.6,26.3,26.9,26.6,26.9,26.4,26.4,26.52,0.32,-0.12,17,0,14.1,17.78,0.0,-0.9155,0.4022,27.8,27.0,27.0,station
2024-10-25,28.4,27.8,28.5,29.0,26.8,28.1,27.7,28.5,28.6,27.1,28.1,0.84,0.1,17,0,23.3,17.64,0.0,-0.9085,0.4179,29.5,29.0,29.0,station
2024-10-26,30.1,28.8,29.2,28.4,26.5,29.9,28.6,29.5,28.6,26.2,28.6,1.33,0.04,25,0,15.9,17.05,0.0,-0.9012,0.4335,28.9,30.0,30.0,station
2024-10-27,31.8,29.9,29.9,29.8,29.2,31.1,29.9,29.8,29.0,28.3,30.12,0.98,0.5,29,0,20.1,16.66,0.0,-0.8936,0.4489,30.8,31.0,31.0,station
2024-10-28,30.6,29.7,28.7,29.0,28.4,30.0,29.6,28.6,29.3,28.4,29.28,0.88,0.1,44,0,17.3,16.36,0.0,-0.8857,0.4642,29.8,29.0,29.0,station
2024-10-29,27.6,27.2,26.3,26.6,26.5,27.0,27.4,26.7,26.6,26.5,26.84,0.54,0.0,52,1,17.9,16.29,0.0,-0.8776,0.4794,27.8,27.0,27.0,station
2024-10-30,25.5,25.4,24.9,26.0,25.5,25.6,25.3,25.1,25.0,25.3,25.46,0.39,0.2,67,4,14.8,15.8,0.0,-0.8692,0.4944,25.2,25.0,25.0,station
2024-10-31,25.9,25.5,24.6,25.9,25.2,25.5,25.3,25.0,25.3,25.2,25.42,0.54,0.16,67,22,14.5,15.16,0.0,-0.8606,0.5093,25.9,25.0,25.0,station
2024-11-01,27.8,26.5,26.7,26.8,26.1,26.8,26.7,27.8,26.2,26.3,26.78,0.63,0.02,75,29,16.5,14.15,0.0,-0.8517,0.524,26.2,26.0,26.0,station
2024-11-02,26.4,25.3,25.6,25.5,26.1,26.2,24.4,25.6,24.3,26.7,25.78,0.45,0.34,78,58,14.6,11.75,2.2,-0.8426,0.5386,25.5,27.0,27.0,station
2024-11-03,23.5,23.9,24.6,22.1,24.9,23.4,23.1,24.2,24.1,25.4,23.8,1.1,-0.24,74,18,14.8,13.52,0.2,-0.8332,0.553,24.3,25.0,25.0,station
2024-11-04,24.1,24.4,24.3,22.7,25.1,23.6,24.2,24.0,22.6,25.2,24.12,0.88,0.2,70,13,12.6,14.08,1.4,-0.8235,0.5672,24.0,24.0,24.0,station
2024-11-05,24.9,25.5,24.9,25.0,25.3,25.2,25.5,24.9,24.6,25.4,25.12,0.27,0.0,75,8,12.0,14.25,0.1,-0.8137,0.5813,25.0,25.0,25.0,station
2024-11-06,30.6,29.2,29.8,30.2,29.5,30.2,29.3,29.7,29.8,29.3,29.86,0.55,0.2,49,0,12.8,15.13,0.0,-0.8035,0.5952,30.9,31.0,31.0,station
2024-11-07,29.4,28.2,29.0,29.4,29.3,29.6,27.6,28.7,29.6,28.8,29.06,0.51,0.2,48,0,13.0,14.99,0.0,-0.7932,0.609,30.2,30.0,30.0,station
2024-11-08,29.0,27.5,28.4,28.3,28.4,28.4,27.3,28.7,28.4,28.4,28.32,0.54,0.08,56,25,13.4,14.9,0.0,-0.7826,0.6225,28.5,29.0,29.0,station
2024-11-09,28.2,27.3,27.3,28.0,27.8,27.6,27.1,27.5,26.8,27.8,27.72,0.41,0.36,69,55,16.1,13.45,0.0,-0.7718,0.6359,26.6,28.0,28.0,station
2024-11-10,25.1,23.6,25.6,24.2,25.3,26.1,23.6,25.7,25.5,25.7,24.76,0.83,-0.56,72,22,15.4,11.38,4.8,-0.7607,0.6491,25.0,25.0,25.0,station
2024-11-11,22.9,23.3,23.1,22.3,23.5,21.9,22.7,22.9,22.3,22.4,23.02,0.46,0.58,73,53,16.5,12.43,0.0,-0.7494,0.6621,23.1,25.0,25.0,station
2024-11-12,24.3,24.9,23.9,24.4,24.4,24.3,25.0,23.3,24.0,23.7,24.38,0.36,0.32,73,22,13.1,13.45,0.2,-0.7379,0.6749,24.5,25.0,25.0,station
2024-11-13,25.2,25.2,24.3,24.8,25.1,25.1,25.2,24.2,24.6,24.8,24.92,0.38,0.14,74,3,14.6,14.01,0.0,-0.7262,0.6875,24.8,25.0,25.0,station
2024-11-14,24.8,24.7,23.8,24.0,24.4,25.1,24.8,23.9,24.5,24.5,24.34,0.43,-0.22,75,42,11.7,13.72,0.0,-0.7143,0.6998,24.6,24.0,24.0,station
2024-11-15,25.4,25.2,23.9,24.6,24.4,25.1,24.8,23.6,25.1,24.6,24.7,0.61,0.06,69,4,14.0,14.21,0.0,-0.7021,0.712,25.3,25.0,25.0,station
2024-11-16,24.4,24.5,23.7,23.8,24.5,23.8,24.1,23.7,24.4,24.5,24.18,0.4,0.08,77,8,12.0,13.13,0.0,-0.6898,0.724,24.6,24.0,24.0,station
2024-11-17,25.3,24.6,24.0,23.9,24.5,25.1,24.5,23.7,24.7,24.9,24.46,0.56,-0.12,67,37,12.6,13.66,0.6,-0.6772,0.7358,25.2,26.0,26.0,station
2024-11-18,17.9,19.9,22.2,18.5,18.2,18.8,19.8,21.0,18.7,18.5,19.34,1.77,-0.02,86,59,16.8,8.28,9.0,-0.6645,0.7473,19.9,21.0,21.0,station
2024-11-19,19.4,20.0,20.2,19.9,19.7,19.8,19.8,20.6,20.4,19.1,19.84,0.3,-0.1,87,55,14.5,9.36,6.5,-0.6515,0.7586,19.7,20.0,20.0,station
2024-11-20,21.3,21.7,22.4,21.3,23.8,20.5,21.5,21.7,22.1,21.3,22.1,1.05,0.68,83,28,15.8,12.14,3.6,-0.6384,0.7697,21.0,23.0,23.0,station
2024-11-21,22.8,23.2,22.9,23.7,23.8,23.0,23.7,22.9,23.6,24.1,23.28,0.45,-0.18,77,28,9.5,13.02,0.0,-0.625,0.7806,22.6,24.0,24.0,station
2024-11-22,27.5,26.6,26.6,26.9,26.2,27.1,26.4,26.4,27.3,26.1,26.76,0.48,0.1,70,2,10.5,13.08,0.0,-0.6115,0.7912,26.2,28.0,28.0,station
2024-11-23,27.0,26.4,27.3,27.0,26.3,27.0,26.4,27.0,28.0,26.6,26.8,0.43,-0.2,63,26,10.7,13.26,0.0,-0.5978,0.8016,25.3,27.0,27.0,station
2024-11-24,19.6,19.0,21.2,21.1,19.1,20.3,19.3,21.2,22.0,20.3,20.0,1.07,-0.62,73,51,25.6,6.39,1.2,-0.584,0.8118,21.2,21.0,21.0,station
2024-11-25,16.2,16.5,15.9,16.5,16.3,16.7,17.3,16.1,17.3,15.5,16.28,0.25,-0.3,56,90,17.4,5.75,0.3,-0.5699,0.8217,16.7,17.0,17.0,station
2024-11-26,15.2,15.6,16.2,16.2,15.1,15.5,16.5,16.7,16.7,16.3,15.66,0.53,-0.68,74,60,13.7,10.77,3.3,-0.5557,0.8314,15.7,16.0,16.0,station
2024-11-27,18.2,17.7,17.8,17.5,17.9,18.0,18.1,17.9,17.9,17.3,17.82,0.26,-0.02,67,74,13.2,7.65,0.8,-0.5413,0.8408,17.7,17.0,17.0,station
2024-11-28,20.1,19.8,20.1,20.5,19.6,20.1,20.3,20.4,20.5,19.7,20.02,0.34,-0.18,81,39,10.4,11.71,2.9,-0.5268,0.85,20.5,21.0,21.0,station
2024-11-29,19.7,20.0,20.3,19.9,20.1,19.2,19.9,19.8,20.7,20.0,20.0,0.22,0.08,83,46,10.6,10.08,3.5,-0.5121,0.859,20.1,22.0,22.0,station
2024-11-30,20.4,20.6,19.9,20.8,19.8,20.5,21.3,19.7,20.6,19.8,20.3,0.44,-0.08,65,8,12.2,12.86,0.0,-0.4972,0.8676,20.0,21.0,21.0,station
2024-12-01,20.9,21.3,20.2,20.8,20.1,20.6,21.4,20.1,20.7,19.8,20.66,0.5,0.14,68,1,12.3,12.93,0.0,-0.4822,0.8761,20.6,21.0,21.0,station
2024-12-02,21.2,21.2,21.2,21.3,21.2,21.2,21.7,21.5,21.9,21.1,21.22,0.04,-0.26,61,37,10.6,12.7,0.0,-0.4671,0.8842,20.9,21.0,21.0,station
2024-12-03,20.8,20.7,20.2,20.9,20.7,20.8,20.5,19.9,20.9,20.4,20.66,0.27,0.16,68,1,9.0,12.4,0.0,-0.4518,0.8921,20.5,21.0,21.0,station
2024-12-04,20.9,20.9,20.5,20.4,21.0,21.0,20.9,20.7,20.5,20.8,20.74,0.27,-0.04,68,10,12.6,12.07,0.0,-0.4364,0.8998,21.2,22.0,22.0,station
2024-12-05,21.3,21.8,21.2,21.0,20.8,20.8,22.0,21.1,21.1,20.3,21.22,0.38,0.16,74,22,8.5,11.63,0.9,-0.4208,0.9071,21.9,22.0,22.0,station
2024-12-06,24.1,23.7,24.0,24.4,23.4,24.0,23.7,24.0,23.6,22.8,23.92,0.38,0.3,45,58,15.4,11.71,0.0,-0.4052,0.9142,25.1,26.0,26.0,station
2024-12-07,23.6,23.4,22.2,22.0,22.7,23.2,22.8,22.6,22.2,21.8,22.78,0.71,0.26,60,100,6.9,11.22,0.0,-0.3894,0.9211,22.9,22.0,22.0,station
2024-12-08,22.0,21.5,22.2,21.9,22.0,22.1,21.6,22.8,21.5,22.2,21.92,0.26,-0.12,73,46,11.8,11.65,0.3,-0.3735,0.9276,22.2,22.0,22.0,station
2024-12-09,24.2,23.3,22.8,23.1,23.0,23.9,23.2,22.0,22.8,23.7,23.28,0.54,0.16,60,20,12.1,12.39,0.0,-0.3575,0.9339,23.6,24.0,24.0,station
2024-12-10,25.1,23.4,22.7,23.3,23.1,24.9,23.7,22.6,22.9,22.7,23.52,0.92,0.16,58,95,9.1,10.75,0.0,-0.3413,0.9399,22.3,23.0,23.0,station
2024-12-11,22.6,21.3,22.2,21.2,21.9,22.6,21.3,22.2,22.1,21.6,21.84,0.59,-0.12,63,98,7.2,10.99,0.0,-0.3251,0.9457,22.1,22.0,22.0,station
2024-12-12,21.3,20.6,20.5,20.8,21.2,21.4,20.3,20.3,20.5,21.0,20.88,0.36,0.18,76,98,10.2,8.5,0.0,-0.3088,0.9511,20.9,22.0,22.0,station
2024-12-13,20.0,20.2,20.0,20.3,20.7,21.0,20.1,19.9,20.1,20.9,20.24,0.29,-0.16,65,31,14.9,10.84,0.5,-0.2924,0.9563,21.3,21.0,21.0,station
2024-12-14,20.0,19.8,19.2,19.9,20.1,19.9,20.1,19.4,19.7,19.6,19.8,0.35,0.06,64,7,12.0,12.24,0.0,-0.2759,0.9612,20.1,20.0,20.0,station
2024-12-15,21.1,20.1,20.1,21.0,20.4,21.2,20.5,20.9,20.9,19.8,20.54,0.48,-0.12,46,11,8.5,12.62,0.0,-0.2593,0.9658,21.0,21.0,21.0,station
2024-12-16,20.5,20.0,19.9,20.0,19.9,20.4,19.6,20.3,20.5,19.7,20.06,0.25,-0.04,50,2,9.5,12.32,0.0,-0.2427,0.9701,20.1,20.0,20.0,station
2024-12-17,20.4,19.6,19.7,20.5,19.8,20.7,19.9,20.6,20.7,20.0,20.0,0.42,-0.38,72,20,9.0,10.94,0.1,-0.226,0.9741,20.4,21.0,21.0,station
2024-12-18,23.6,21.4,21.5,22.1,20.8,23.3,20.7,22.0,21.5,20.9,21.88,1.07,0.2,36,12,10.9,12.26,0.0,-0.2092,0.9779,23.2,24.0,24.0,station
2024-12-19,23.1,22.0,20.4,21.9,21.5,23.2,21.5,21.3,23.4,21.1,21.78,0.97,-0.32,42,11,11.0,12.35,0.0,-0.1923,0.9813,21.7,24.0,24.0,station
2024-12-20,17.5,16.3,19.3,18.2,14.8,15.7,16.7,17.9,16.2,14.4,17.22,1.74,1.04,76,49,21.2,8.89,4.8,-0.1754,0.9845,18.3,17.0,17.0,station
2024-12-21,19.8,18.7,20.1,18.8,20.2,19.5,18.9,20.0,19.5,19.8,19.52,0.72,-0.02,81,40,13.5,9.5,1.8,-0.1585,0.9874,19.0,18.0,18.0,station
2024-12-22,19.8,19.7,20.1,19.9,20.4,19.6,19.2,19.9,19.8,20.2,19.98,0.28,0.24,73,45,12.3,11.02,0.0,-0.1414,0.9899,19.5,21.0,21.0,station
2024-12-23,20.4,20.2,19.8,19.6,20.6,20.0,19.6,20.2,19.8,20.6,20.12,0.41,0.08,73,61,13.8,11.6,0.0,-0.1244,0.9922,19.8,21.0,21.0,station
2024-12-24,19.3,19.5,18.3,19.3,19.6,19.1,19.4,18.8,19.0,19.8,19.2,0.52,-0.02,69,25,14.6,11.0,3.5,-0.1073,0.9942,19.1,19.0,19.0,station
2024-12-25,21.6,21.8,21.2,20.2,21.8,20.7,21.3,21.1,20.0,21.9,21.32,0.67,0.32,64,0,11.5,12.18,0.0,-0.0902,0.9959,19.4,21.0,21.0,station
2024-12-26,18.3,18.5,18.2,18.3,18.7,18.1,18.3,18.1,18.5,19.0,18.4,0.2,0.0,54,39,13.3,11.79,0.0,-0.073,0.9973,18.2,19.0,19.0,station
2024-12-27,16.1,15.6,15.6,15.7,16.0,15.9,15.4,16.2,15.7,16.5,15.8,0.23,-0.14,48,46,23.8,9.97,0.9,-0.0559,0.9984,16.3,17.0,17.0,station
2024-12-28,17.8,16.9,16.3,17.0,18.0,17.2,16.6,16.6,17.3,17.7,17.2,0.7,0.12,56,51,19.7,9.76,6.7,-0.0387,0.9993,16.9,18.0,18.0,station
2024-12-29,18.6,17.3,17.7,18.1,17.8,17.8,16.7,16.7,17.8,14.2,17.9,0.48,1.26,65,43,16.7,10.49,12.2,-0.0215,0.9998,18.3,19.0,19.0,station
2024-12-30,14.3,13.8,15.7,14.2,12.3,14.7,14.0,15.7,14.6,12.8,14.06,1.22,-0.3,88,85,17.6,7.11,20.9,-0.0043,1.0,14.0,15.0,15.0,station
2024-12-31,14.1,13.3,15.8,14.7,12.6,13.2,13.2,15.3,14.8,12.0,14.1,1.24,0.4,89,63,22.3,7.74,23.5,0.0129,0.9999,14.8,,,
2025-01-01,17.0,17.2,17.4,17.0,16.0,16.8,17.0,17.0,17.1,15.3,16.92,0.54,0.28,83,13,8.1,12.0,0.0,0.0172,0.9999,17.1,18.0,18.0,station
2025-01-02,19.2,18.5,17.9,18.9,18.4,19.2,18.6,18.3,18.1,18.2,18.58,0.5,0.1,72,3,9.7,12.36,0.0,0.0344,0.9994,18.3,19.0,19.0,station
2025-01-03,18.5,18.5,17.8,18.9,18.3,18.6,18.2,17.8,18.5,18.1,18.4,0.4,0.16,72,4,8.4,12.39,0.0,0.0516,0.9987,16.8,19.0,19.0,station
2025-01-04,20.8,18.9,19.6,20.4,20.3,19.7,18.5,20.5,19.5,20.1,20.0,0.75,0.34,75,71,6.8,9.64,0.0,0.0688,0.9976,17.9,19.0,19.0,station
2025-01-05,23.9,22.0,21.2,22.6,22.1,24.2,21.2,20.7,22.6,22.3,22.36,1.0,0.16,66,95,16.5,10.5,0.0,0.0859,0.9963,20.8,25.0,25.0,station
2025-01-06,19.0,19.6,19.5,19.2,19.7,19.2,19.8,19.3,19.7,19.7,19.4,0.29,-0.14,69,28,11.8,12.03,0.0,0.103,0.9947,19.1,20.0,20.0,station
2025-01-07,19.9,19.5,19.1,20.2,20.2,19.9,19.7,18.8,19.6,20.0,19.78,0.48,0.18,61,2,7.7,12.61,0.0,0.1201,0.9928,19.4,20.0,20.0,station
2025-01-08,21.4,21.2,19.9,22.0,21.3,21.5,20.8,20.1,21.7,21.1,21.16,0.77,0.12,59,11,6.5,12.75,0.0,0.1372,0.9905,21.2,21.0,21.0,station
2025-01-09,21.4,21.6,21.3,22.5,21.6,21.5,21.3,20.8,21.7,21.3,21.68,0.48,0.36,47,36,16.3,12.96,0.0,0.1542,0.988,21.4,23.0,23.0,station
2025-01-10,21.3,20.3,20.4,21.5,21.3,20.9,19.1,19.7,20.2,20.5,20.96,0.56,0.88,59,15,21.5,12.41,4.0,0.1712,0.9852,19.9,22.0,22.0,station
2025-01-11,17.8,17.1,18.7,17.3,18.2,17.3,17.0,18.3,16.6,17.0,17.82,0.65,0.58,82,31,15.9,10.61,2.7,0.1881,0.9821,17.8,19.0,19.0,station
2025-01-12,19.1,19.6,19.3,19.8,19.8,19.1,19.5,19.3,19.8,18.8,19.52,0.31,0.22,85,25,10.2,11.14,1.4,0.205,0.9788,18.6,20.0,20.0,station
2025-01-13,22.9,22.7,21.9,23.1,22.2,22.6,22.1,21.7,23.7,22.3,22.56,0.5,0.08,74,0,7.2,12.89,0.0,0.2218,0.9751,21.3,24.0,24.0,station
2025-01-14,24.5,23.6,21.9,23.9,23.0,24.0,23.1,22.3,23.5,23.2,23.38,0.99,0.16,58,55,9.2,12.99,0.0,0.2385,0.9711,21.8,24.0,24.0,station
2025-01-15,22.3,21.7,21.0,20.6,21.5,22.8,21.4,21.3,20.7,21.5,21.42,0.65,-0.12,73,93,9.4,12.75,0.0,0.2552,0.9669,19.8,22.0,22.0,station
2025-01-16,21.0,21.2,20.7,20.4,20.8,20.3,20.5,19.8,20.0,21.0,20.82,0.3,0.5,84,77,11.4,11.33,0.0,0.2718,0.9624,20.2,21.0,21.0,station
2025-01-17,20.0,20.4,19.2,20.3,19.6,20.0,20.1,18.7,20.1,19.8,19.9,0.5,0.16,83,91,12.4,12.09,0.0,0.2883,0.9575,19.8,20.0,20.0,station
2025-01-18,19.7,19.3,18.5,19.4,18.7,19.7,19.5,18.4,19.5,19.1,19.12,0.5,-0.12,74,8,14.6,13.62,0.0,0.3047,0.9524,19.3,20.0,20.0,station
2025-01-19,19.4,19.1,17.7,18.9,19.0,19.3,18.8,17.6,19.2,18.8,18.82,0.65,0.08,76,73,11.5,12.87,0.0,0.3211,0.9471,18.6,19.0,19.0,station
2025-01-20,19.5,19.2,18.4,19.2,19.2,18.6,18.9,18.4,19.4,19.2,19.1,0.41,0.2,80,30,11.9,12.28,0.0,0.3373,0.9414,18.5,19.0,19.0,station
2025-01-21,22.5,21.1,20.8,21.5,21.4,21.9,21.5,20.3,21.9,21.2,21.46,0.64,0.1,74,61,11.6,13.45,0.0,0.3534,0.9355,20.5,22.0,22.0,station
2025-01-22,18.9,18.3,19.1,19.1,19.4,18.9,17.0,18.9,19.2,18.9,18.96,0.41,0.38,74,85,8.9,8.99,1.9,0.3695,0.9292,18.7,20.0,20.0,station
2025-01-23,17.4,16.9,18.4,16.6,17.5,17.2,16.4,18.1,15.9,17.5,17.36,0.69,0.34,87,53,12.8,10.29,7.1,0.3854,0.9227,18.1,18.0,18.0,station
2025-01-24,17.1,17.1,18.1,17.3,17.5,17.4,17.4,17.9,17.5,17.2,17.42,0.41,-0.06,86,32,9.9,11.88,2.8,0.4012,0.916,17.3,18.0,18.0,station
2025-01-25,18.5,18.6,18.6,19.4,18.6,18.5,18.9,17.7,19.4,18.6,18.74,0.37,0.12,79,63,8.7,12.08,0.4,0.4169,0.9089,18.4,20.0,20.0,station
2025-01-26,17.7,18.2,18.4,17.9,18.6,17.9,18.5,18.8,18.7,17.5,18.16,0.36,-0.12,87,54,12.7,8.71,0.2,0.4325,0.9016,17.0,19.0,19.0,station
2025-01-27,18.3,18.6,18.8,18.7,19.2,18.0,19.1,19.1,18.2,19.6,18.72,0.33,-0.08,83,34,10.4,13.44,0.0,0.4479,0.8941,19.3,19.0,19.0,station
2025-01-28,20.7,20.2,19.3,21.2,20.4,19.9,19.8,19.1,19.9,19.6,20.36,0.7,0.7,57,72,10.5,14.1,0.0,0.4633,0.8862,20.7,21.0,21.0,station
2025-01-29,23.1,22.1,21.7,22.8,22.2,22.7,21.5,21.2,23.2,22.7,22.38,0.56,0.12,50,25,8.0,14.64,0.0,0.4784,0.8781,22.9,24.0,24.0,station
2025-01-30,23.5,23.1,21.8,23.6,22.6,23.2,23.0,21.3,23.9,22.2,22.92,0.74,0.2,50,0,10.4,14.95,0.0,0.4935,0.8698,21.7,25.0,25.0,station
2025-01-31,19.0,18.4,18.2,18.4,19.6,19.0,18.1,18.0,18.9,19.3,18.72,0.58,0.06,68,21,14.4,12.76,1.0,0.5084,0.8611,19.0,20.0,20.0,station
2025-02-01,19.7,19.8,18.9,20.0,19.8,19.8,19.7,18.5,20.0,19.8,19.64,0.43,0.08,75,16,11.1,14.78,0.2,0.5231,0.8523,19.7,20.0,20.0,station
2025-02-02,21.2,20.9,19.5,21.3,20.6,21.6,21.2,19.7,20.8,20.5,20.7,0.72,-0.06,68,63,11.1,15.24,0.0,0.5377,0.8432,20.2,21.0,21.0,station
2025-02-03,20.4,19.6,19.6,18.6,18.7,20.6,18.9,19.6,19.9,18.7,19.38,0.74,-0.16,69,89,8.5,9.18,0.0,0.5521,0.8338,19.7,21.0,21.0,station
2025-02-04,20.5,20.3,19.6,20.5,19.8,20.2,19.7,19.7,20.9,19.7,20.14,0.42,0.1,71,3,12.2,15.44,0.0,0.5664,0.8242,19.5,19.0,19.0,station
2025-02-05,15.6,15.2,17.2,16.6,13.5,15.6,15.6,17.4,16.8,13.8,15.62,1.43,-0.22,79,56,26.1,8.82,7.7,0.5805,0.8143,17.2,18.0,18.0,station
2025-02-06,13.8,13.1,14.0,13.8,12.0,12.8,13.5,14.0,13.0,11.7,13.34,0.82,0.34,65,74,28.0,10.78,10.6,0.5944,0.8042,13.3,14.0,14.0,station
2025-02-07,14.1,14.3,14.3,15.8,13.5,13.9,14.1,14.5,15.6,13.5,14.4,0.85,0.08,57,85,18.3,7.02,0.0,0.6081,0.7938,14.6,15.0,15.0,station
2025-02-08,14.5,15.3,14.9,14.9,14.2,14.6,14.9,14.3,16.3,13.9,14.76,0.42,-0.04,60,80,13.9,10.14,0.0,0.6217,0.7833,14.9,15.0,15.0,station
2025-02-09,13.2,13.4,15.2,13.6,15.5,13.3,14.0,15.5,13.8,15.8,14.18,1.08,-0.3,77,80,13.8,7.55,4.5,0.6351,0.7725,13.8,13.0,13.0,station
2025-02-10,13.1,13.6,15.8,13.3,12.4,13.6,13.6,15.5,13.2,12.4,13.64,1.29,-0.02,87,67,17.5,10.98,11.5,0.6483,0.7614,14.4,14.0,14.0,station
2025-02-11,14.7,15.3,15.7,14.6,14.9,14.3,15.0,16.8,14.9,12.8,15.04,0.46,0.28,81,52,11.6,12.37,0.4,0.6613,0.7502,16.0,15.0,15.0,station
2025-02-12,14.2,14.3,15.0,14.5,14.3,14.6,14.2,15.7,14.1,13.4,14.46,0.32,0.06,85,46,14.0,11.54,5.9,0.6741,0.7387,14.0,14.0,14.0,station
2025-02-13,15.5,15.9,15.7,16.5,15.0,15.5,16.1,15.9,16.2,14.8,15.72,0.55,0.02,70,54,19.3,13.04,0.5,0.6867,0.727,16.0,17.0,17.0,station
2025-02-14,16.2,17.6,16.3,16.9,17.2,16.2,17.9,16.5,17.0,17.0,16.84,0.59,-0.08,68,46,9.9,15.61,0.0,0.6991,0.715,16.5,17.0,17.0,station
2025-02-15,20.9,20.5,20.8,21.3,20.9,21.0,20.8,20.9,20.8,21.0,20.88,0.29,-0.02,59,9,10.1,16.95,0.0,0.7113,0.7029,21.3,23.0,23.0,station
2025-02-16,17.3,18.3,17.4,18.4,19.4,18.5,18.2,17.7,18.8,19.6,18.16,0.86,-0.4,72,19,14.5,14.99,0.2,0.7233,0.6906,18.6,20.0,20.0,station
2025-02-17,18.9,19.7,19.5,20.5,20.3,19.0,19.3,19.2,20.2,20.6,19.78,0.64,0.12,81,13,8.0,16.08,0.1,0.735,0.678,18.3,21.0,21.0,station
2025-02-18,21.7,22.7,21.3,22.5,22.0,21.9,21.6,20.9,22.6,23.2,22.04,0.57,0.0,65,38,7.6,17.32,0.0,0.7466,0.6653,21.7,23.0,23.0,station
2025-02-19,18.7,18.6,19.1,19.8,19.2,19.2,18.5,19.7,20.0,19.9,19.08,0.48,-0.38,81,94,14.0,10.02,4.0,0.7579,0.6523,18.4,20.0,20.0,station
2025-02-20,16.8,15.9,17.0,17.8,17.0,16.7,16.3,17.1,17.6,16.1,16.9,0.68,0.14,70,35,23.7,13.58,4.5,0.769,0.6392,17.3,18.0,18.0,station
2025-02-21,14.4,14.4,14.0,15.6,13.9,14.1,14.9,15.4,15.3,14.8,14.46,0.68,-0.44,60,61,16.0,14.44,0.2,0.7799,0.6259,15.3,14.0,14.0,station
2025-02-22,12.3,12.0,12.0,13.3,13.1,12.7,12.5,14.1,14.0,12.3,12.54,0.62,-0.58,71,87,14.3,10.25,0.9,0.7906,0.6124,13.7,13.0,13.0,station
2025-02-23,11.4,11.0,11.2,12.5,10.7,11.0,11.2,11.2,12.7,10.4,11.36,0.69,0.06,69,69,16.6,10.29,1.2,0.801,0.5987,11.7,11.0,11.0,station
2025-02-24,10.6,10.6,10.7,10.3,11.3,9.3,10.6,10.4,10.2,11.4,10.7,0.37,0.32,65,74,12.2,6.82,1.0,0.8112,0.5848,10.3,10.0,10.0,station
2025-02-25,13.8,14.1,13.1,13.1,13.0,14.3,14.2,13.0,13.2,13.5,13.42,0.5,-0.22,56,25,12.5,18.99,0.0,0.8211,0.5708,13.6,14.0,14.0,station
2025-02-26,16.4,16.9,16.0,16.2,15.7,17.1,17.0,15.5,16.2,16.7,16.24,0.45,-0.26,58,30,13.2,18.62,0.0,0.8308,0.5566,16.4,16.0,16.0,station
2025-02-27,19.3,18.8,17.8,19.1,18.5,19.4,18.8,17.6,18.1,18.4,18.7,0.59,0.24,52,1,15.1,19.16,0.0,0.8402,0.5422,19.3,19.0,19.0,station
2025-02-28,18.4,19.4,17.4,19.0,18.0,18.6,19.3,17.2,19.2,18.4,18.44,0.79,-0.1,56,6,13.9,19.08,0.0,0.8495,0.5277,18.6,19.0,19.0,station
2025-03-01,16.5,17.3,17.7,17.3,18.1,17.0,17.2,17.8,17.5,18.4,17.38,0.59,-0.2,77,30,12.3,17.23,4.2,0.8584,0.513,17.3,18.0,18.0,station
2025-03-02,20.5,21.3,19.8,20.8,21.2,20.5,21.4,19.3,20.6,21.2,20.72,0.61,0.12,68,17,10.9,19.27,0.0,0.8671,0.4981,20.2,21.0,21.0,station
2025-03-03,21.6,22.2,20.2,21.0,20.6,21.6,22.1,20.5,23.1,22.0,21.12,0.79,-0.74,66,100,8.2,14.91,0.0,0.8755,0.4831,20.1,21.0,21.0,station
2025-03-04,20.8,21.3,20.5,20.4,20.9,21.3,21.8,20.0,21.6,20.2,20.78,0.36,-0.2,75,67,14.0,18.01,0.0,0.8837,0.468,20.5,20.0,20.0,station
2025-03-05,20.2,20.4,19.4,21.7,21.0,19.9,19.7,20.5,20.9,20.5,20.54,0.86,0.24,69,17,12.5,17.77,0.0,0.8916,0.4527,20.5,22.0,22.0,station
2025-03-06,21.2,21.5,21.8,22.3,21.0,21.0,21.1,21.0,22.0,21.3,21.56,0.51,0.28,50,37,10.7,18.48,0.2,0.8993,0.4373,23.3,21.0,21.0,station
2025-03-07,19.1,17.7,18.8,19.3,17.3,20.4,16.8,15.6,21.8,19.8,18.44,0.89,-0.44,72,83,16.2,10.05,6.6,0.9067,0.4218,18.8,16.0,16.0,station
2025-03-08,20.0,20.8,19.8,20.2,20.5,20.1,20.4,19.6,20.8,20.8,20.26,0.4,-0.08,81,21,16.3,19.22,0.0,0.9138,0.4061,20.9,21.0,21.0,station
2025-03-09,20.1,21.6,19.8,19.9,20.1,20.3,21.4,19.4,19.6,20.3,20.3,0.74,0.1,80,68,11.5,17.61,0.0,0.9207,0.3904,20.0,21.0,21.0,station
2025-03-10,20.0,20.9,20.6,20.4,21.0,19.9,21.1,20.1,20.4,21.4,20.58,0.4,0.0,77,12,12.9,19.33,0.0,0.9272,0.3745,20.2,21.0,21.0,station
2025-03-11,22.8,24.1,22.6,22.3,22.6,22.6,24.1,23.1,22.6,22.6,22.88,0.7,-0.12,72,0,11.7,20.12,0.0,0.9335,0.3585,22.8,22.0,22.0,station
2025-03-12,27.1,28.0,26.9,28.7,27.2,26.7,28.1,27.1,28.8,27.2,27.58,0.75,0.0,52,0,15.2,20.78,0.0,0.9396,0.3424,29.2,29.0,29.0,station
2025-03-13,29.3,30.4,29.0,30.5,30.5,28.9,30.3,28.8,30.3,30.8,29.94,0.73,0.12,28,57,21.1,20.22,0.0,0.9453,0.3261,32.0,31.0,31.0,station
2025-03-14,29.6,29.9,28.7,28.8,27.6,31.0,30.7,28.6,28.0,27.7,28.92,0.9,-0.28,49,44,11.4,19.86,0.0,0.9508,0.3098,27.7,29.0,29.0,station
2025-03-15,29.2,31.2,28.1,27.1,26.5,29.1,31.6,29.6,28.1,26.5,28.42,1.86,-0.56,67,3,12.0,20.06,0.0,0.956,0.2934,27.0,27.0,27.0,station
2025-03-16,31.3,32.0,30.0,29.6,28.9,31.8,32.8,30.1,28.7,28.8,30.36,1.27,-0.08,54,0,9.0,21.49,0.0,0.9609,0.2769,30.0,31.0,31.0,station
2025-03-17,30.9,31.5,30.2,29.0,28.7,30.9,31.9,30.6,28.7,29.9,30.06,1.2,-0.34,42,52,11.0,20.92,0.0,0.9655,0.2604,31.1,33.0,33.0,station
2025-03-18,28.4,27.1,26.6,26.2,26.1,27.4,26.6,24.9,27.7,26.4,26.88,0.94,0.28,57,30,16.1,21.28,0.0,0.9698,0.2437,26.7,27.0,27.0,station
2025-03-19,21.2,21.3,20.4,21.1,21.5,21.2,21.4,20.6,21.3,21.2,21.1,0.42,-0.04,69,46,20.7,19.56,1.1,0.9739,0.227,21.0,21.0,21.0,station
2025-03-20,15.2,15.5,16.2,17.5,14.9,16.8,15.4,16.4,16.2,14.4,15.86,1.04,0.02,60,60,31.2,15.79,3.8,0.9777,0.2102,16.8,17.0,17.0,station
2025-03-21,14.3,14.3,14.8,15.2,13.6,14.1,14.3,15.1,15.5,14.0,14.44,0.6,-0.16,59,61,18.3,14.45,2.8,0.9811,0.1934,15.2,16.0,16.0,station
2025-03-22,15.5,16.4,16.9,17.1,15.5,15.6,16.2,17.0,17.0,13.1,16.28,0.76,0.5,73,45,9.9,17.37,0.9,0.9843,0.1765,16.6,17.0,17.0,station
2025-03-23,19.1,20.0,18.6,19.7,18.5,18.8,19.8,18.6,19.6,18.8,19.18,0.66,0.06,64,4,14.0,22.61,0.0,0.9872,0.1595,19.0,18.0,18.0,station
2025-03-24,22.6,24.0,22.1,22.0,21.9,22.8,24.0,23.3,23.2,22.2,22.52,0.87,-0.58,63,0,10.8,22.57,0.0,0.9898,0.1425,22.5,22.0,22.0,station
2025-03-25,26.2,26.9,25.3,25.0,24.4,26.2,27.6,25.7,25.4,25.2,25.56,0.99,-0.46,64,30,11.4,22.1,0.0,0.9921,0.1255,25.7,25.0,25.0,station
2025-03-26,27.9,29.7,28.5,28.4,28.4,28.8,29.5,28.3,28.6,29.0,28.58,0.67,-0.26,61,37,11.8,22.03,0.0,0.9941,0.1084,28.7,29.0,29.0,station
2025-03-27,33.1,32.2,31.9,32.3,30.6,31.9,31.8,31.7,30.7,32.2,32.02,0.91,0.36,37,57,9.3,22.45,0.0,0.9958,0.0913,33.6,34.0,34.0,station
2025-03-28,33.8,33.9,34.7,33.3,32.8,34.8,33.6,35.5,33.1,31.8,33.7,0.71,-0.06,36,76,10.7,18.38,0.0,0.9972,0.0741,34.1,36.0,36.0,station
2025-03-29,22.7,22.0,21.3,21.0,22.4,22.9,21.9,21.5,20.1,22.4,21.88,0.72,0.12,69,66,13.1,18.24,0.4,0.9984,0.057,21.5,22.0,22.0,station
2025-03-30,21.6,21.7,21.3,21.0,21.7,21.8,21.8,21.0,21.7,22.2,21.46,0.3,-0.24,67,12,13.7,22.18,0.5,0.9992,0.0398,21.1,21.0,21.0,station
2025-03-31,28.0,28.8,27.8,29.0,27.9,28.1,28.6,28.4,28.8,28.1,28.3,0.56,-0.1,38,17,11.8,23.64,0.0,0.9997,0.0226,29.7,30.0,30.0,station
2025-04-01,31.2,27.6,31.6,28.9,32.5,30.8,26.9,32.6,27.8,29.0,30.36,2.04,0.94,27,72,17.2,14.85,0.1,1.0,0.0054,32.8,32.0,32.0,station
2025-04-02,25.0,25.2,24.1,24.3,25.4,24.5,24.9,24.1,24.6,25.6,24.8,0.57,0.06,57,15,12.7,23.61,0.0,0.9999,-0.0118,24.4,25.0,25.0,station
2025-04-03,25.2,25.0,22.7,24.4,24.3,25.7,24.6,24.1,24.9,24.9,24.32,0.98,-0.52,48,11,15.0,23.68,0.0,0.9996,-0.029,25.1,25.0,25.0,station
2025-04-04,22.4,22.2,21.3,21.9,22.0,23.0,22.1,21.4,21.7,22.4,21.96,0.42,-0.16,68,12,14.2,22.51,0.0,0.9989,-0.0462,21.2,22.0,22.0,station
2025-04-05,22.4,23.2,22.2,22.7,23.5,22.8,23.1,22.1,23.3,23.6,22.8,0.54,-0.18,68,14,13.5,21.18,0.6,0.998,-0.0634,22.0,23.0,23.0,station
2025-04-06,31.6,32.5,33.0,32.7,27.3,33.5,31.6,32.3,32.8,29.0,31.42,2.36,-0.42,39,41,10.5,21.42,0.0,0.9968,-0.0805,32.8,32.0,32.0,station
2025-04-07,27.4,27.1,25.6,25.7,26.2,28.0,26.9,25.6,26.2,26.6,26.4,0.82,-0.26,64,44,17.1,23.09,0.0,0.9952,-0.0977,26.3,24.0,24.0,station
2025-04-08,30.3,33.5,33.4,31.8,30.5,31.3,34.4,35.0,32.5,33.9,31.9,1.53,-1.52,36,79,11.2,13.17,0.0,0.9934,-0.1148,35.1,34.0,34.0,station
2025-04-09,25.7,24.6,26.0,23.2,24.0,26.2,24.7,28.7,23.9,27.3,24.7,1.17,-1.46,64,74,15.7,18.11,0.5,0.9913,-0.1319,24.7,24.0,24.0,station
2025-04-10,19.0,18.9,18.9,19.2,18.4,19.7,19.1,18.6,18.3,18.7,18.88,0.29,-0.0,56,30,20.7,20.65,0.1,0.9889,-0.1489,19.5,20.0,20.0,station
2025-04-11,19.0,18.6,17.8,19.2,18.3,18.8,18.2,17.6,18.7,18.6,18.58,0.56,0.2,58,44,19.5,20.13,5.9,0.9861,-0.1659,18.3,20.0,20.0,station
2025-04-12,19.9,19.6,18.7,19.7,18.8,19.6,19.7,19.0,20.0,18.7,19.34,0.55,-0.06,67,33,20.7,19.88,2.7,0.9831,-0.1828,19.5,20.0,20.0,station
2025-04-13,20.1,19.4,20.2,19.9,20.0,20.4,19.3,20.4,20.4,19.5,19.92,0.31,-0.08,63,41,14.2,22.6,0.0,0.9799,-0.1997,20.0,20.0,20.0,station
2025-04-14,18.9,19.2,20.0,19.4,19.9,18.8,18.8,19.6,19.8,20.0,19.48,0.47,0.08,69,29,17.6,22.92,2.4,0.9763,-0.2165,19.1,20.0,20.0,station
2025-04-15,20.9,20.5,20.4,21.0,20.1,20.9,20.6,20.5,21.0,19.8,20.58,0.37,0.02,54,36,18.4,23.04,0.0,0.9724,-0.2333,20.6,21.0,21.0,station
2025-04-16,24.1,25.0,25.1,24.1,23.8,24.2,24.6,23.5,22.9,24.9,24.42,0.59,0.4,59,39,15.2,24.73,0.0,0.9683,-0.25,22.4,23.0,23.0,station
2025-04-17,30.4,29.9,29.4,30.0,28.3,30.2,29.9,30.1,30.8,28.7,29.6,0.81,-0.34,39,0,16.8,25.55,0.0,0.9638,-0.2666,30.3,30.0,30.0,station
2025-04-18,31.7,31.6,30.7,30.1,28.6,31.1,31.5,29.5,31.1,27.9,30.54,1.27,0.32,34,9,17.3,25.58,0.0,0.9591,-0.2831,30.1,31.0,31.0,station
2025-04-19,29.4,29.5,27.9,26.7,27.3,29.2,29.9,27.8,26.4,26.5,28.16,1.25,0.2,50,1,12.7,25.58,0.0,0.9541,-0.2996,27.0,27.0,27.0,station
2025-04-20,27.0,26.9,25.6,24.8,26.0,26.9,27.2,25.2,25.9,25.9,26.06,0.92,-0.16,71,13,13.4,24.97,0.0,0.9488,-0.316,24.9,26.0,26.0,station
2025-04-21,27.0,26.9,25.5,25.5,26.0,27.4,27.5,26.0,26.5,25.7,26.18,0.73,-0.44,64,31,13.4,25.59,0.0,0.9432,-0.3322,25.9,26.0,26.0,station
2025-04-22,36.6,35.5,37.2,33.1,32.6,36.9,36.3,37.0,35.9,35.5,35.0,2.06,-1.32,37,33,18.5,22.65,0.0,0.9373,-0.3484,34.9,36.0,36.0,station
2025-04-23,38.7,33.4,40.1,40.5,35.6,37.4,32.8,34.1,36.7,32.6,37.66,3.06,2.94,36,80,23.7,11.07,0.0,0.9312,-0.3645,38.4,40.0,40.0,station
2025-04-24,26.4,26.1,25.3,25.3,27.4,27.3,25.6,27.1,23.7,26.2,26.1,0.87,0.12,75,100,13.9,14.82,0.0,0.9248,-0.3804,24.4,26.0,26.0,station
2025-04-25,25.1,24.9,23.8,23.7,23.9,25.2,24.6,24.5,23.7,24.3,24.28,0.66,-0.18,71,15,15.2,24.54,0.1,0.9181,-0.3963,23.2,24.0,24.0,station
2025-04-26,24.1,23.8,22.8,23.0,23.1,24.3,24.1,23.3,23.5,23.3,23.36,0.56,-0.34,70,12,15.3,23.78,0.0,0.9112,-0.412,22.4,23.0,23.0,station
2025-04-27,25.8,26.1,24.6,24.3,24.2,26.1,26.1,25.1,25.3,24.3,25.0,0.89,-0.38,69,49,16.6,24.21,0.0,0.9039,-0.4276,24.3,23.0,23.0,station
2025-04-28,25.0,24.7,24.0,23.6,24.0,25.4,24.9,24.1,23.6,24.2,24.26,0.57,-0.18,71,37,15.1,24.96,0.0,0.8965,-0.4431,23.9,24.0,24.0,station
2025-04-29,24.7,25.4,23.9,23.9,23.6,25.9,26.5,24.1,23.8,23.9,24.3,0.74,-0.54,67,42,14.2,24.63,0.1,0.8887,-0.4585,23.3,24.0,24.0,station
2025-04-30,36.4,35.8,37.5,38.3,35.1,35.6,35.9,37.5,36.7,30.7,36.62,1.29,1.34,44,46,27.0,22.89,0.6,0.8807,-0.4737,38.3,38.0,38.0,station
2025-05-01,25.1,25.0,24.3,23.8,24.9,25.0,24.7,23.9,24.0,23.8,24.62,0.55,0.34,66,63,14.8,23.87,0.6,0.8724,-0.4888,24.3,24.0,24.0,station
2025-05-02,25.5,25.6,25.3,25.8,25.1,25.5,24.9,25.8,26.0,24.9,25.46,0.27,0.04,56,7,15.1,25.01,0.1,0.8639,-0.5037,24.8,26.0,26.0,station
2025-05-03,25.5,25.4,25.9,25.3,24.9,24.9,24.3,24.7,25.6,25.3,25.4,0.36,0.44,56,8,15.2,24.4,0.0,0.8551,-0.5185,24.5,26.0,26.0,station
2025-05-04,22.4,22.2,22.9,21.7,23.4,23.3,22.3,23.4,21.8,23.0,22.52,0.65,-0.24,74,53,14.9,20.67,5.9,0.846,-0.5331,22.3,23.0,23.0,station
2025-05-05,23.3,23.6,23.2,22.8,23.5,23.3,23.6,23.3,23.1,23.6,23.28,0.31,-0.1,75,29,15.7,23.85,2.0,0.8367,-0.5476,23.4,23.0,23.0,station
2025-05-06,28.0,28.1,26.4,27.7,25.4,27.2,27.5,26.4,27.7,25.7,27.12,1.18,0.22,49,1,14.9,27.16,0.0,0.8272,-0.5619,27.0,27.0,27.0,station
2025-05-07,30.3,30.0,28.3,28.7,27.2,30.6,30.2,28.9,27.9,27.0,28.9,1.27,-0.02,52,2,16.3,27.28,0.0,0.8174,-0.5761,27.9,28.0,28.0,station
2025-05-08,31.4,32.4,30.6,28.6,28.6,30.8,32.0,30.0,29.1,29.2,30.32,1.69,0.1,65,5,14.6,27.07,0.0,0.8074,-0.59,29.1,29.0,29.0,station
2025-05-09,33.0,34.1,32.4,31.2,30.9,35.4,36.0,34.4,32.2,31.0,32.32,1.31,-1.48,62,17,16.5,26.63,0.0,0.7971,-0.6038,31.7,32.0,32.0,station
2025-05-10,32.8,33.1,30.6,29.3,31.2,32.9,33.1,31.8,30.3,30.9,31.4,1.58,-0.4,64,46,13.8,26.52,0.0,0.7866,-0.6175,29.4,30.0,30.0,station
2025-05-11,33.0,33.2,33.0,32.6,31.5,35.4,34.8,33.4,32.8,34.8,32.66,0.68,-1.58,52,14,14.1,26.99,0.0,0.7759,-0.6309,31.6,31.0,31.0,station
2025-05-12,28.3,27.2,28.0,24.9,26.5,28.8,27.9,27.7,26.8,27.0,26.98,1.36,-0.66,51,67,21.0,25.61,0.0,0.7649,-0.6442,27.7,27.0,27.0,station
2025-05-13,31.1,31.2,29.9,30.4,30.5,31.8,32.9,27.8,33.8,28.1,30.62,0.54,-0.26,51,10,12.1,25.53,0.0,0.7537,-0.6572,31.5,32.0,32.0,station
2025-05-14,25.8,25.6,25.2,25.3,25.5,25.6,25.6,24.7,25.1,25.1,25.48,0.24,0.26,70,6,16.2,25.9,0.4,0.7423,-0.6701,24.9,25.0,25.0,station
2025-05-15,26.1,26.3,25.3,25.3,25.8,26.5,26.7,25.6,26.1,25.9,25.76,0.46,-0.4,68,34,16.0,26.59,0.0,0.7306,-0.6828,25.0,25.0,25.0,station
2025-05-16,32.1,33.9,31.3,30.7,29.2,32.2,34.1,32.5,31.9,29.9,31.44,1.74,-0.68,52,14,13.1,27.85,0.0,0.7188,-0.6952,30.0,29.0,29.0,station
2025-05-17,41.4,41.0,40.0,40.7,37.6,41.5,40.7,38.4,41.1,35.8,40.14,1.51,0.64,26,56,15.7,27.35,0.0,0.7067,-0.7075,40.6,41.0,41.0,station
2025-05-18,33.4,31.0,33.1,29.8,30.0,34.2,31.3,31.9,30.3,31.0,31.46,1.7,-0.28,64,55,16.8,26.61,0.0,0.6945,-0.7195,30.1,30.0,30.0,station
2025-05-19,28.2,27.9,26.3,26.3,26.9,28.7,28.4,27.5,26.8,27.1,27.12,0.89,-0.58,68,11,14.9,27.29,0.0,0.682,-0.7314,26.1,27.0,27.0,station
2025-05-20,26.9,26.2,25.2,24.9,25.5,27.0,26.7,25.8,25.8,25.6,25.74,0.81,-0.44,67,8,15.4,27.6,0.0,0.6693,-0.743,24.9,25.0,25.0,station
2025-05-21,27.1,27.2,26.7,25.7,25.4,27.7,27.4,27.4,25.8,26.1,26.42,0.82,-0.46,66,3,14.5,28.3,0.0,0.6564,-0.7544,25.6,25.0,25.0,station
2025-05-22,28.0,28.5,28.4,26.9,26.3,27.9,28.1,28.0,26.7,26.4,27.62,0.97,0.2,72,14,13.7,25.54,0.0,0.6433,-0.7656,26.6,26.0,26.0,station
2025-05-23,29.3,29.2,28.5,27.4,26.9,29.4,28.9,28.2,27.2,27.1,28.26,1.07,0.1,73,14,16.7,28.05,0.0,0.6301,-0.7765,27.4,28.0,28.0,station
2025-05-24,30.8,30.8,30.2,29.3,28.4,30.6,30.6,30.0,29.3,28.5,29.9,1.04,0.1,67,0,14.6,28.35,0.0,0.6166,-0.7873,28.3,29.0,29.0,station
2025-05-25,33.1,33.4,31.7,30.7,30.2,32.8,33.6,32.2,30.1,30.1,31.82,1.42,0.06,62,5,13.0,28.21,0.0,0.603,-0.7978,30.3,30.0,30.0,station
2025-05-26,38.4,38.6,37.5,35.2,33.6,39.3,38.7,36.7,35.5,32.5,36.66,2.18,0.12,50,25,14.0,27.42,0.0,0.5892,-0.808,36.9,37.0,37.0,station
2025-05-27,27.3,26.6,26.0,26.5,27.0,27.4,26.9,26.2,27.0,27.4,26.68,0.5,-0.3,71,26,16.4,26.27,0.6,0.5752,-0.818,26.1,29.0,29.0,station
2025-05-28,26.4,26.5,25.6,25.7,26.4,26.5,26.4,25.7,25.7,26.2,26.12,0.43,0.02,62,33,15.7,26.34,0.0,0.561,-0.8278,25.5,25.0,25.0,station
2025-05-29,28.2,27.9,26.9,26.9,26.9,28.4,28.2,27.2,27.0,27.6,27.36,0.64,-0.32,61,7,16.4,28.12,0.0,0.5467,-0.8373,26.7,27.0,27.0,station
2025-05-30,29.6,29.5,27.8,27.8,28.5,29.5,29.5,28.0,27.3,28.4,28.64,0.88,0.1,55,3,14.4,28.01,0.0,0.5322,-0.8466,27.7,28.0,28.0,station
2025-05-31,33.3,33.3,31.6,30.3,29.4,33.1,33.6,33.6,31.7,31.1,31.58,1.75,-1.04,50,1,14.4,28.27,0.0,0.5176,-0.8556,30.6,33.0,33.0,station
2025-06-01,29.6,29.1,27.5,27.7,28.7,29.5,29.0,27.6,28.0,28.4,28.52,0.9,0.02,67,2,15.5,27.21,0.1,0.5028,-0.8644,28.0,28.0,28.0,station
2025-06-02,27.2,27.0,26.2,26.3,26.8,27.1,27.0,26.4,27.0,26.5,26.7,0.44,-0.1,66,14,15.9,27.8,0.0,0.4878,-0.8729,25.4,26.0,26.0,station
2025-06-03,28.3,27.3,26.3,26.9,27.5,28.2,27.3,26.4,26.8,26.9,27.26,0.74,0.14,68,26,15.2,26.57,0.2,0.4728,-0.8812,26.1,26.0,26.0,station
2025-06-04,29.8,29.0,27.9,27.7,28.5,29.6,28.9,27.8,27.7,28.5,28.58,0.85,0.08,72,11,15.1,28.19,0.0,0.4575,-0.8892,27.5,27.0,27.0,station
2025-06-05,32.4,32.0,30.5,30.5,30.1,32.0,31.7,31.0,29.9,30.1,31.1,1.03,0.16,68,13,15.9,28.77,0.0,0.4422,-0.8969,30.6,30.0,30.0,station
2025-06-06,33.5,32.6,31.5,31.0,30.4,32.9,32.5,30.9,30.7,30.0,31.8,1.25,0.4,72,7,15.1,28.89,0.0,0.4267,-0.9044,30.3,30.0,30.0,station
2025-06-07,31.7,31.3,30.6,29.4,29.7,31.5,31.1,30.4,29.6,29.2,30.54,0.99,0.18,74,20,14.1,29.12,0.0,0.4111,-0.9116,28.6,29.0,29.0,station
2025-06-08,31.4,30.8,30.9,28.8,29.3,31.7,30.6,30.8,29.1,29.2,30.24,1.12,-0.04,77,12,15.7,28.73,0.0,0.3953,-0.9185,28.6,29.0,29.0,station
2025-06-09,31.2,30.7,30.0,28.8,29.8,31.3,30.7,29.9,28.7,29.9,30.1,0.92,0.0,76,22,14.3,27.65,0.0,0.3795,-0.9252,28.6,28.0,28.0,station
2025-06-10,31.7,31.1,31.1,29.2,30.0,31.7,31.2,31.1,29.2,29.8,30.62,1.0,0.02,75,15,14.6,28.12,0.0,0.3635,-0.9316,29.3,29.0,29.0,station
2025-06-11,32.5,31.7,31.1,29.7,30.2,32.4,31.7,31.7,30.0,30.4,31.04,1.13,-0.2,76,13,13.9,28.32,0.0,0.3474,-0.9377,29.6,30.0,30.0,station
2025-06-12,33.7,33.1,32.0,30.6,30.5,33.5,32.7,31.9,30.4,30.2,31.98,1.44,0.24,75,27,13.8,28.96,0.0,0.3312,-0.9436,30.4,30.0,30.0,station
2025-06-13,32.7,32.7,31.8,30.0,30.4,33.2,33.0,31.7,30.0,29.9,31.52,1.27,-0.04,76,20,13.5,28.95,0.0,0.3149,-0.9491,29.6,30.0,30.0,station
2025-06-14,32.9,32.3,31.8,30.5,30.8,32.8,32.2,31.7,30.1,30.3,31.66,1.01,0.24,76,25,14.1,29.17,0.0,0.2986,-0.9544,29.8,31.0,31.0,station
2025-06-15,30.2,29.8,29.5,28.6,29.8,30.6,29.9,30.1,28.2,29.6,29.58,0.6,-0.1,75,22,15.8,28.79,0.1,0.2821,-0.9594,28.2,29.0,29.0,station
2025-06-16,30.3,30.1,29.8,29.0,29.1,30.4,30.3,30.2,29.5,29.3,29.66,0.59,-0.28,70,24,15.4,28.19,0.0,0.2656,-0.9641,28.3,28.0,28.0,station
2025-06-17,31.5,31.0,29.7,29.9,29.5,31.6,30.9,30.3,29.9,29.8,30.32,0.88,-0.18,71,15,16.2,28.38,0.0,0.2489,-0.9685,29.6,29.0,29.0,station
2025-06-18,33.1,32.2,31.9,30.4,30.5,32.7,31.9,31.7,30.0,30.6,31.62,1.16,0.24,67,6,17.0,29.48,0.0,0.2322,-0.9727,31.4,31.0,31.0,station
2025-06-19,33.7,32.3,32.2,31.1,30.9,33.5,32.3,32.5,31.2,31.1,32.04,1.12,-0.08,68,0,16.4,29.62,0.0,0.2155,-0.9765,30.8,31.0,31.0,station
2025-06-20,32.2,31.5,31.2,30.1,30.4,32.2,31.6,31.4,30.2,30.2,31.08,0.85,-0.04,71,5,15.2,29.52,0.0,0.1986,-0.9801,29.7,31.0,31.0,station
2025-06-21,32.1,31.7,32.3,30.6,30.4,32.4,31.7,32.0,30.4,30.3,31.42,0.87,0.06,73,5,15.5,29.09,0.0,0.1818,-0.9833,29.9,31.0,31.0,station
2025-06-22,32.6,31.6,31.4,30.3,30.9,32.0,31.5,31.4,30.3,30.8,31.36,0.86,0.16,75,20,16.2,28.61,0.0,0.1648,-0.9863,30.0,30.0,30.0,station
2025-06-23,31.8,30.7,30.6,30.2,30.5,31.7,30.8,30.4,30.8,30.1,30.76,0.61,0.0,70,27,15.7,27.95,0.1,0.1478,-0.989,29.7,30.0,30.0,station
2025-06-24,32.5,31.4,31.0,30.2,30.5,32.4,31.5,31.2,30.6,30.7,31.12,0.9,-0.16,71,19,16.8,28.29,0.0,0.1308,-0.9914,30.5,30.0,30.0,station
2025-06-25,33.5,32.0,31.6,31.3,31.1,33.3,31.9,32.0,31.4,31.1,31.9,0.96,-0.04,74,10,16.1,29.13,0.0,0.1137,-0.9935,30.3,30.0,30.0,station
2025-06-26,32.8,31.6,31.4,30.4,30.4,32.8,31.9,31.8,30.6,30.4,31.32,1.0,-0.18,71,19,14.7,28.97,0.0,0.0966,-0.9953,29.9,31.0,31.0,station
2025-06-27,34.4,33.6,33.0,32.1,31.3,34.3,33.4,33.0,31.7,31.0,32.88,1.22,0.2,60,1,14.5,29.29,0.0,0.0795,-0.9968,31.6,32.0,32.0,station
2025-06-28,35.3,34.9,33.5,32.9,33.2,35.7,34.7,33.4,32.8,32.0,33.96,1.07,0.24,55,1,14.1,29.02,0.0,0.0623,-0.9981,32.5,34.0,34.0,station
2025-06-29,35.6,34.9,34.5,32.2,33.8,35.5,35.0,34.2,32.8,33.5,34.2,1.29,0.0,58,0,14.1,29.4,0.0,0.0451,-0.999,32.5,34.0,34.0,station
2025-06-30,34.0,33.0,32.3,31.5,32.7,33.5,32.8,33.1,31.6,32.8,32.7,0.92,-0.06,74,24,15.1,28.7,0.1,0.028,-0.9996,31.5,31.0,31.0,station
2025-07-01,36.9,35.8,33.8,33.8,33.9,36.9,34.6,34.4,33.2,33.6,34.84,1.43,0.3,60,19,15.3,28.98,0.0,0.0108,-0.9999,34.2,34.0,34.0,station
2025-07-02,33.2,32.9,32.0,32.1,32.9,33.6,32.4,32.0,31.7,32.4,32.62,0.54,0.2,66,1,16.3,28.62,0.0,-0.0065,-1.0,31.4,33.0,33.0,station
2025-07-03,33.5,33.0,32.0,31.0,31.9,33.4,32.8,32.4,31.2,32.3,32.28,0.98,-0.14,70,4,14.8,28.49,0.0,-0.0237,-0.9997,30.9,31.0,31.0,station
2025-07-04,34.1,32.1,33.0,32.1,32.1,34.4,32.1,33.1,31.9,32.3,32.68,0.88,-0.08,68,8,16.4,28.69,0.0,-0.0408,-0.9992,31.3,32.0,32.0,station
2025-07-05,33.9,32.3,31.9,31.5,31.6,34.3,32.1,31.6,31.5,31.7,32.24,0.98,0.0,62,0,16.3,28.92,0.0,-0.058,-0.9983,31.7,32.0,32.0,station
2025-07-06,34.2,32.8,32.0,31.9,32.0,34.2,33.0,32.5,32.0,32.0,32.58,0.98,-0.16,66,3,16.3,28.87,0.0,-0.0752,-0.9972,31.9,32.0,32.0,station
2025-07-07,33.6,32.6,32.1,31.8,32.0,33.4,32.8,32.3,31.3,31.8,32.42,0.72,0.1,73,6,15.0,28.78,0.0,-0.0923,-0.9957,31.4,32.0,32.0,station
2025-07-08,34.0,32.8,32.5,31.8,32.3,33.6,32.6,32.3,32.0,32.1,32.68,0.82,0.16,74,15,15.5,28.04,0.0,-0.1094,-0.994,31.4,31.0,31.0,station
2025-07-09,33.2,32.0,32.0,30.9,31.4,32.8,31.9,32.4,31.2,31.0,31.9,0.86,0.04,70,7,15.4,28.8,0.0,-0.1265,-0.992,30.8,32.0,32.0,station
2025-07-10,33.5,33.2,32.7,31.7,32.3,33.8,33.2,33.0,31.9,31.9,32.68,0.72,-0.08,71,3,15.0,28.54,0.0,-0.1436,-0.9896,31.5,32.0,32.0,station
2025-07-11,34.8,34.0,32.7,32.4,33.1,35.1,34.0,32.9,32.4,33.4,33.4,0.99,-0.16,74,14,14.9,28.24,0.0,-0.1606,-0.987,32.2,32.0,32.0,station
2025-07-12,34.6,33.8,31.8,31.7,32.5,34.7,33.4,32.4,31.9,32.3,32.88,1.28,-0.06,74,27,15.4,28.12,0.0,-0.1775,-0.9841,32.1,33.0,33.0,station
2025-07-13,33.3,32.1,31.5,30.5,31.7,33.1,32.1,31.6,30.9,31.4,31.82,1.02,0.0,70,11,15.8,28.29,0.0,-0.1944,-0.9809,31.1,31.0,31.0,station
2025-07-14,32.5,31.7,31.5,31.1,31.1,32.2,31.8,31.7,30.7,30.9,31.58,0.58,0.12,68,10,14.3,27.44,0.0,-0.2113,-0.9774,30.4,31.0,31.0,station
2025-07-15,33.2,32.6,32.3,31.7,31.2,33.7,32.6,32.5,32.2,31.4,32.2,0.78,-0.28,66,19,16.0,28.01,0.0,-0.2281,-0.9736,31.5,31.0,31.0,station
2025-07-16,36.1,34.9,34.8,33.8,32.6,36.4,34.5,35.5,35.1,33.8,34.44,1.31,-0.62,53,0,15.0,29.12,0.0,-0.2448,-0.9696,33.4,35.0,35.0,station
2025-07-17,38.5,37.6,34.9,36.3,35.6,38.4,37.2,35.2,36.7,35.4,36.58,1.47,0.0,41,0,14.0,28.9,0.0,-0.2614,-0.9652,36.6,37.0,37.0,station
2025-07-18,36.7,35.3,33.4,33.3,34.7,37.3,35.7,33.7,35.1,34.7,34.68,1.41,-0.62,52,1,14.5,28.7,0.0,-0.278,-0.9606,33.6,35.0,35.0,station
2025-07-19,33.2,32.4,32.0,31.5,32.3,33.0,32.2,31.8,31.6,32.4,32.28,0.62,0.08,68,21,15.8,27.69,0.0,-0.2945,-0.9557,31.2,31.0,31.0,station
2025-07-20,33.4,32.0,31.8,31.4,31.9,33.3,32.0,31.8,31.7,32.2,32.1,0.76,-0.1,69,14,16.5,27.09,0.2,-0.3109,-0.9505,31.3,32.0,32.0,station
2025-07-21,33.7,33.7,32.8,32.3,32.5,34.2,33.5,33.4,32.8,32.7,33.0,0.66,-0.32,71,9,15.3,27.17,0.0,-0.3272,-0.945,31.9,32.0,32.0,station
2025-07-22,35.0,34.5,33.1,32.5,33.0,35.2,34.5,33.4,32.8,33.4,33.62,1.07,-0.24,73,8,14.7,27.59,0.0,-0.3434,-0.9392,32.4,34.0,34.0,station
2025-07-23,35.9,34.6,34.7,33.4,33.6,36.6,35.0,34.7,33.8,33.8,34.44,1.0,-0.34,71,4,15.6,27.73,0.0,-0.3595,-0.9332,33.0,33.0,33.0,station
2025-07-24,36.2,35.0,34.8,34.4,33.9,35.9,34.6,35.1,34.6,34.0,34.86,0.86,0.02,59,0,15.2,28.11,0.0,-0.3755,-0.9268,33.5,35.0,35.0,station
2025-07-25,35.1,34.6,34.1,32.4,33.8,35.4,34.6,34.4,32.8,33.5,34.0,1.02,-0.14,62,0,16.5,28.0,0.0,-0.3914,-0.9202,32.2,33.0,33.0,station
2025-07-26,36.6,36.5,36.5,34.5,34.7,36.6,36.4,36.4,34.3,34.9,35.76,1.06,0.04,71,13,15.3,27.4,0.0,-0.4071,-0.9134,33.7,35.0,35.0,station
2025-07-27,38.6,38.3,37.2,35.7,35.6,38.7,38.3,37.3,35.0,36.2,37.08,1.41,-0.02,50,0,13.9,28.13,0.0,-0.4228,-0.9062,35.3,35.0,35.0,station
2025-07-28,37.0,35.2,35.3,34.5,34.8,36.5,35.6,35.6,34.6,34.8,35.36,0.97,-0.06,74,19,15.1,27.26,0.0,-0.4383,-0.8988,33.2,36.0,36.0,station
2025-07-29,33.9,33.2,32.2,32.9,33.3,34.4,33.1,33.1,33.3,33.6,33.1,0.62,-0.4,73,22,16.3,25.66,0.1,-0.4537,-0.8912,32.2,32.0,32.0,station
2025-07-30,33.6,32.4,31.8,32.5,32.8,33.6,32.4,32.0,32.3,32.8,32.62,0.66,0.0,69,13,15.1,26.32,0.3,-0.469,-0.8832,31.6,32.0,32.0,station
2025-07-31,32.5,31.5,31.0,32.7,31.6,32.7,31.6,31.3,32.6,31.8,31.86,0.72,-0.14,63,33,16.5,24.7,0.0,-0.4841,-0.875,31.2,31.0,31.0,station
2025-08-01,32.7,31.4,31.0,31.4,30.7,32.2,31.7,31.2,32.3,31.0,31.44,0.76,-0.24,58,20,14.7,24.9,0.0,-0.4991,-0.8666,31.5,32.0,32.0,station
2025-08-02,33.3,32.8,32.6,31.9,31.7,33.2,32.3,32.4,31.8,31.8,32.46,0.66,0.16,60,29,15.8,26.28,0.0,-0.5139,-0.8578,32.2,32.0,32.0,station
2025-08-03,33.4,32.9,31.4,32.0,32.0,33.5,32.7,31.5,32.1,31.6,32.34,0.8,0.06,63,9,15.4,26.51,0.0,-0.5286,-0.8489,31.7,32.0,32.0,station
2025-08-04,33.5,33.0,31.5,32.3,31.7,33.7,32.9,31.9,32.6,31.9,32.4,0.85,-0.2,62,6,15.8,26.66,0.0,-0.5431,-0.8397,31.7,32.0,32.0,station
2025-08-05,32.6,32.1,31.8,31.3,31.5,32.9,32.2,31.9,31.8,31.5,31.86,0.51,-0.2,60,19,15.3,25.12,0.0,-0.5575,-0.8302,31.5,32.0,32.0,station
2025-08-06,33.6,32.5,31.4,32.4,31.8,33.8,32.6,31.5,32.2,32.2,32.34,0.84,-0.12,67,23,15.9,26.42,0.0,-0.5717,-0.8205,31.9,32.0,32.0,station
2025-08-07,33.5,32.6,31.4,31.9,31.9,33.5,32.8,31.4,31.7,32.2,32.26,0.81,-0.06,70,13,15.7,26.04,0.0,-0.5857,-0.8105,31.9,32.0,32.0,station
2025-08-08,34.8,35.9,34.2,33.3,32.7,34.8,35.7,34.0,32.9,32.7,34.18,1.26,0.16,70,17,14.9,25.74,0.0,-0.5996,-0.8003,33.5,33.0,33.0,station
2025-08-09,35.8,34.8,34.0,33.6,33.8,35.8,34.7,33.8,33.9,33.7,34.4,0.91,0.02,72,29,15.0,24.03,0.0,-0.6132,-0.7899,33.6,33.0,33.0,station
2025-08-10,37.1,36.4,35.5,33.7,33.7,37.2,36.0,35.7,33.9,33.7,35.28,1.55,-0.02,71,30,15.0,25.09,0.0,-0.6267,-0.7792,35.0,35.0,35.0,station
2025-08-11,38.6,37.8,37.3,34.9,34.6,38.6,37.7,37.2,33.6,34.4,36.64,1.79,0.34,61,9,14.9,25.48,0.0,-0.64,-0.7683,36.2,35.0,35.0,station
2025-08-12,39.7,39.0,38.0,35.5,36.1,39.2,38.1,37.7,35.5,35.4,37.66,1.81,0.48,71,9,14.3,25.48,0.0,-0.6532,-0.7572,37.0,36.0,36.0,station
2025-08-13,40.4,41.2,39.0,35.9,36.6,40.8,40.5,38.6,36.5,36.4,38.62,2.32,0.06,67,10,13.3,26.04,0.0,-0.6661,-0.7459,37.6,36.0,36.0,station
2025-08-14,40.3,39.1,37.4,36.2,36.3,40.1,38.7,36.9,36.9,36.8,37.86,1.8,-0.02,68,14,14.3,26.07,0.0,-0.6788,-0.7343,37.1,38.0,38.0,station
2025-08-15,38.4,36.2,36.8,35.8,35.1,38.0,36.1,35.5,36.0,34.7,36.46,1.25,0.4,63,3,14.9,25.85,0.0,-0.6914,-0.7225,36.7,37.0,37.0,station
2025-08-16,34.9,33.0,32.1,32.5,33.3,34.1,32.8,31.9,32.1,32.6,33.16,1.08,0.46,63,6,15.5,25.39,0.0,-0.7037,-0.7105,32.9,33.0,33.0,station
2025-08-17,32.7,31.7,31.1,32.4,32.4,32.9,31.8,31.2,32.2,32.2,32.06,0.65,0.0,61,33,16.7,25.34,0.0,-0.7158,-0.6983,31.8,32.0,32.0,station
2025-08-18,33.5,32.3,31.3,32.1,32.2,33.1,32.0,31.6,32.8,32.4,32.28,0.79,-0.1,62,28,15.5,25.13,0.0,-0.7277,-0.6859,32.0,32.0,32.0,station
2025-08-19,34.8,33.9,32.1,32.7,32.5,34.6,33.4,31.7,32.6,31.8,33.2,1.12,0.38,65,2,15.6,25.54,0.0,-0.7394,-0.6733,32.5,32.0,32.0,station
2025-08-20,34.7,33.4,32.7,33.3,33.0,34.6,33.3,32.3,32.0,32.4,33.42,0.77,0.5,61,0,15.0,25.44,0.0,-0.7509,-0.6605,33.3,33.0,33.0,station
2025-08-21,33.6,32.6,32.0,32.5,32.5,33.3,32.6,31.6,32.3,32.3,32.64,0.59,0.22,67,21,16.1,23.46,0.0,-0.7621,-0.6474,32.4,32.0,32.0,station
2025-08-22,33.8,34.0,32.4,33.2,32.8,33.9,33.7,32.7,32.7,33.0,33.24,0.67,0.04,70,13,14.2,24.29,0.0,-0.7731,-0.6342,32.3,32.0,32.0,station
2025-08-23,35.3,34.9,33.2,32.7,33.6,35.2,34.7,33.6,32.7,33.6,33.94,1.11,-0.02,73,6,15.7,25.05,0.0,-0.7839,-0.6208,33.2,33.0,33.0,station
2025-08-24,35.1,34.5,33.6,33.7,33.3,35.4,34.5,33.5,33.0,33.4,34.04,0.74,0.08,72,9,14.6,25.02,0.0,-0.7945,-0.6073,32.7,34.0,34.0,station
2025-08-25,33.8,32.4,32.5,32.3,32.2,33.5,32.4,32.2,32.3,32.1,32.64,0.66,0.14,69,13,17.0,24.15,0.0,-0.8048,-0.5935,32.1,33.0,33.0,station
2025-08-26,32.6,31.7,31.1,31.8,31.8,32.8,31.6,31.7,31.6,31.7,31.8,0.53,-0.08,67,26,16.9,22.91,0.0,-0.8149,-0.5796,31.4,32.0,32.0,station
2025-08-27,31.7,31.2,31.2,32.1,31.3,32.7,31.5,31.5,31.6,32.0,31.5,0.39,-0.36,68,17,16.6,21.53,0.1,-0.8248,-0.5655,31.3,31.0,31.0,station
2025-08-28,32.2,31.3,30.8,30.9,31.0,32.0,31.4,31.3,30.6,31.3,31.24,0.57,-0.08,68,25,15.5,23.03,0.1,-0.8344,-0.5512,31.2,31.0,31.0,station
2025-08-29,33.5,32.4,31.4,31.3,31.4,33.6,32.6,31.8,31.6,31.4,32.0,0.95,-0.2,62,1,16.1,24.64,0.0,-0.8437,-0.5368,31.7,31.0,31.0,station
2025-08-30,33.2,31.7,31.2,31.9,31.9,33.3,31.4,31.6,32.2,31.8,31.98,0.74,-0.08,62,0,15.4,24.36,0.0,-0.8528,-0.5222,31.0,32.0,32.0,station
2025-08-31,32.7,31.7,31.2,31.4,31.7,32.5,31.9,30.8,31.8,31.8,31.74,0.58,-0.02,65,8,15.5,24.15,0.0,-0.8617,-0.5074,31.3,31.0,31.0,station
2025-09-01,32.7,31.8,31.7,31.3,31.3,32.8,31.8,31.6,31.5,31.5,31.76,0.57,-0.08,68,10,15.2,24.08,0.0,-0.8703,-0.4925,31.3,31.0,31.0,station
2025-09-02,32.5,31.3,31.4,31.8,31.9,32.7,31.2,31.9,32.0,32.0,31.78,0.48,-0.18,68,25,15.9,22.51,0.0,-0.8786,-0.4775,31.2,31.0,31.0,station
2025-09-03,31.8,31.0,31.1,31.4,30.8,32.0,31.0,31.4,31.1,31.3,31.22,0.39,-0.14,63,15,15.6,22.83,0.0,-0.8867,-0.4623,30.6,31.0,31.0,station
2025-09-04,33.1,32.2,32.4,32.1,31.6,33.0,32.2,32.4,32.6,31.7,32.28,0.54,-0.1,62,20,14.8,22.08,0.1,-0.8945,-0.447,31.5,32.0,32.0,station
2025-09-05,34.0,32.9,32.2,32.2,32.1,33.7,32.8,32.8,32.1,32.1,32.68,0.8,-0.02,66,6,14.2,23.85,0.0,-0.9021,-0.4315,32.0,33.0,33.0,station
2025-09-06,33.3,32.3,31.7,31.6,32.1,33.4,32.3,31.4,31.5,31.9,32.2,0.68,0.1,73,22,16.0,23.06,0.0,-0.9094,-0.4159,31.9,31.0,31.0,station
2025-09-07,32.0,30.8,30.0,31.3,30.4,31.6,30.7,29.9,31.4,30.4,30.9,0.78,0.1,64,29,14.8,20.65,0.8,-0.9164,-0.4002,30.7,31.0,31.0,station
2025-09-08,31.4,30.4,30.4,30.7,30.6,31.0,30.0,30.3,30.9,30.4,30.7,0.41,0.18,61,26,15.5,20.23,0.0,-0.9232,-0.3844,30.5,31.0,31.0,station
2025-09-09,30.8,30.6,30.1,30.3,30.4,32.0,30.5,30.2,30.1,30.6,30.44,0.27,-0.24,62,15,14.7,20.92,0.0,-0.9296,-0.3685,31.5,31.0,31.0,station
2025-09-10,31.3,31.0,29.5,30.7,30.4,31.5,30.9,29.8,30.5,30.2,30.58,0.69,0.0,62,15,15.5,22.79,0.0,-0.9358,-0.3524,31.0,30.0,30.0,station
2025-09-11,32.7,31.9,31.6,31.8,31.8,32.7,31.9,30.9,31.6,31.5,31.96,0.43,0.24,68,6,15.6,23.31,0.0,-0.9418,-0.3363,31.8,31.0,31.0,station
2025-09-12,33.8,33.0,33.3,32.5,32.3,33.6,33.0,33.4,32.4,32.6,32.98,0.61,-0.02,67,5,15.2,23.27,0.0,-0.9474,-0.32,32.1,32.0,32.0,station
2025-09-13,34.2,33.2,32.8,32.0,32.6,33.7,32.8,32.2,32.0,32.4,32.96,0.82,0.34,69,3,15.2,22.9,0.0,-0.9528,-0.3037,32.2,31.0,31.0,station
2025-09-14,33.2,32.7,32.3,31.9,32.4,33.5,32.7,32.2,31.5,32.2,32.5,0.48,0.08,70,4,14.5,22.74,0.0,-0.9579,-0.2873,31.7,33.0,33.0,station
2025-09-15,32.8,31.5,31.3,31.3,32.0,32.6,31.4,31.3,31.4,32.0,31.78,0.64,0.04,71,23,15.0,21.84,0.0,-0.9627,-0.2707,31.2,31.0,31.0,station
2025-09-16,31.8,30.8,30.3,30.8,30.6,31.6,30.9,30.3,30.6,30.3,30.86,0.56,0.12,66,34,15.2,21.54,0.0,-0.9672,-0.2541,30.8,31.0,31.0,station
2025-09-17,31.2,31.0,30.7,31.0,30.5,31.2,31.1,30.2,31.5,30.9,30.88,0.28,-0.1,61,7,14.5,22.04,0.0,-0.9714,-0.2375,30.7,30.0,30.0,station
2025-09-18,31.7,31.1,30.0,31.4,31.1,31.5,31.0,30.0,31.2,30.5,31.06,0.64,0.22,65,9,15.1,22.11,0.0,-0.9753,-0.2207,30.9,30.0,30.0,station
2025-09-19,31.7,30.6,29.7,31.0,30.7,31.4,30.7,29.8,30.9,30.8,30.74,0.72,0.02,64,25,15.7,20.87,0.0,-0.979,-0.2039,30.9,31.0,31.0,station
2025-09-20,32.7,31.9,31.2,31.2,30.5,32.4,31.9,30.7,31.3,31.0,31.5,0.83,0.04,48,0,14.5,22.1,0.0,-0.9824,-0.187,32.4,32.0,32.0,station
2025-09-21,34.6,32.5,31.6,33.3,31.7,35.0,33.0,32.9,33.0,31.5,32.74,1.25,-0.34,52,0,16.6,21.97,0.0,-0.9854,-0.1701,34.5,34.0,34.0,station
2025-09-22,33.6,32.5,33.5,33.2,33.3,33.8,31.7,32.6,33.2,33.5,33.22,0.43,0.26,67,5,12.1,20.73,0.0,-0.9882,-0.1531,31.9,32.0,32.0,station
2025-09-23,33.0,32.6,32.6,31.5,32.8,32.9,32.4,33.3,32.2,33.2,32.5,0.58,-0.3,68,8,12.7,21.11,0.0,-0.9907,-0.1361,31.8,31.0,31.0,station
2025-09-24,31.4,29.5,30.0,29.5,30.8,31.2,29.3,29.9,29.1,31.1,30.24,0.84,0.12,71,28,15.1,20.61,1.0,-0.9929,-0.1191,30.3,30.0,30.0,station
2025-09-25,29.6,28.3,27.7,28.6,27.8,28.8,28.4,28.2,28.3,29.1,28.4,0.76,-0.16,61,30,17.7,18.44,2.8,-0.9948,-0.102,28.9,28.0,28.0,station
2025-09-26,30.5,30.0,29.2,30.1,29.7,30.3,29.9,29.3,29.9,30.0,29.9,0.48,0.02,66,18,14.2,20.2,0.0,-0.9964,-0.0848,30.0,30.0,30.0,station
2025-09-27,32.1,31.5,30.0,30.7,31.1,31.9,31.4,30.2,30.9,31.0,31.08,0.79,0.0,69,5,13.2,20.73,0.0,-0.9977,-0.0677,30.4,31.0,31.0,station
2025-09-28,33.8,32.9,31.8,30.7,31.4,33.0,32.3,30.3,29.9,31.4,32.12,1.23,0.74,75,31,13.8,20.2,0.0,-0.9987,-0.0505,31.3,30.0,30.0,station
2025-09-29,32.1,30.7,29.6,29.8,30.5,32.8,30.8,29.0,29.6,30.8,30.54,0.99,-0.06,72,21,15.1,20.16,0.0,-0.9994,-0.0333,30.8,30.0,30.0,station
2025-09-30,30.8,29.9,29.0,29.8,29.9,30.8,29.7,28.6,29.7,30.6,29.88,0.64,0.0,68,17,16.1,18.95,0.2,-0.9999,-0.0161,29.5,29.0,29.0,station
2025-10-01,29.2,28.6,27.8,28.4,29.1,29.2,28.8,28.0,28.6,29.2,28.62,0.57,-0.14,64,15,15.4,19.67,0.0,-1.0,0.0011,28.9,29.0,29.0,station
2025-10-02,30.2,30.5,28.7,29.5,29.9,29.9,30.1,28.0,28.7,29.4,29.76,0.7,0.54,62,11,13.7,19.85,0.0,-0.9998,0.0183,29.8,29.0,29.0,station
2025-10-03,37.5,36.4,34.9,36.8,34.7,37.4,36.8,33.6,36.3,35.2,36.06,1.22,0.2,49,1,16.1,19.69,0.0,-0.9994,0.0355,36.1,38.0,38.0,station
2025-10-04,32.4,31.1,31.2,30.5,31.9,32.4,31.3,30.9,31.1,32.3,31.42,0.74,-0.18,65,10,15.8,18.81,0.0,-0.9986,0.0527,31.2,31.0,31.0,station
2025-10-05,30.6,29.9,28.7,28.9,29.8,31.5,30.4,29.5,29.3,30.9,29.58,0.78,-0.74,66,18,16.6,19.06,0.0,-0.9976,0.0698,29.4,29.0,29.0,station
2025-10-06,29.2,28.3,27.0,29.1,28.5,29.4,28.4,27.1,27.9,28.6,28.42,0.88,0.14,57,37,15.6,16.96,0.0,-0.9962,0.087,28.5,28.0,28.0,station
2025-10-07,29.2,29.1,27.3,28.4,28.3,29.3,28.7,27.4,28.4,28.4,28.46,0.76,0.02,59,15,15.9,18.82,0.0,-0.9946,0.1041,29.5,29.0,29.0,station
2025-10-08,31.8,31.4,30.2,30.3,30.2,31.2,31.6,30.4,30.2,29.7,30.78,0.76,0.16,50,0,17.3,19.23,0.0,-0.9926,0.1212,31.8,32.0,32.0,station
2025-10-09,28.0,27.3,26.3,26.6,25.6,27.8,27.0,26.6,27.2,26.0,26.76,0.92,-0.16,64,39,14.4,14.26,5.1,-0.9904,0.1383,27.6,27.0,27.0,station
2025-10-10,27.7,27.7,27.0,26.8,27.7,27.7,27.8,26.6,26.9,27.3,27.38,0.44,0.12,61,18,17.6,17.82,0.0,-0.9879,0.1553,28.4,27.0,27.0,station
2025-10-11,28.9,28.5,26.9,28.6,28.3,28.6,28.4,26.6,28.1,28.3,28.24,0.78,0.24,59,1,15.9,18.47,0.0,-0.9851,0.1722,28.3,27.0,27.0,station
2025-10-12,26.2,26.4,25.7,27.4,25.0,26.7,26.5,26.2,27.9,26.5,26.14,0.89,-0.62,63,49,16.5,14.86,0.2,-0.9819,0.1892,26.9,26.0,26.0,station
2025-10-13,28.6,27.9,26.7,27.8,27.7,27.6,27.8,27.2,28.2,27.4,27.74,0.68,0.1,55,18,13.7,18.26,0.0,-0.9785,0.206,28.4,28.0,28.0,station
2025-10-14,27.7,27.6,27.1,27.0,27.1,27.7,27.5,27.0,27.3,27.2,27.3,0.32,-0.04,55,1,15.7,18.13,0.0,-0.9749,0.2228,27.8,27.0,27.0,station
2025-10-15,28.1,27.7,26.4,27.9,27.3,28.1,27.7,26.5,27.9,27.3,27.48,0.67,-0.02,56,3,14.0,17.91,0.0,-0.9709,0.2396,27.6,27.0,27.0,station
2025-10-16,28.3,28.5,27.4,28.4,27.8,28.6,28.4,27.0,28.9,28.3,28.08,0.47,-0.16,59,6,15.3,17.82,0.0,-0.9666,0.2562,28.6,28.0,28.0,station
2025-10-17,29.3,28.5,27.9,28.5,28.8,29.0,28.4,27.9,28.7,29.4,28.6,0.51,-0.08,64,3,13.7,17.13,0.0,-0.9621,0.2728,29.0,28.0,28.0,station
2025-10-18,27.7,27.2,26.1,27.3,27.8,27.7,27.2,26.5,27.7,28.1,27.22,0.68,-0.22,63,18,14.5,17.05,0.0,-0.9572,0.2893,27.5,27.0,27.0,station
2025-10-19,27.7,27.1,26.0,27.4,27.9,27.6,27.3,26.0,27.1,27.9,27.22,0.75,0.04,64,13,14.2,16.4,0.0,-0.9521,0.3057,27.5,27.0,27.0,station
2025-10-20,29.1,29.0,27.1,28.5,28.7,28.9,28.9,27.0,28.5,28.8,28.48,0.81,0.06,68,6,12.8,17.07,0.0,-0.9467,0.3221,28.3,28.0,28.0,station
2025-10-21,32.4,31.7,31.5,31.6,30.8,32.9,31.9,29.7,31.4,30.8,31.6,0.57,0.26,60,0,15.7,17.19,0.0,-0.941,0.3383,31.7,32.0,32.0,station
2025-10-22,33.9,32.9,32.2,32.0,31.7,33.9,33.2,30.8,32.0,31.5,32.54,0.88,0.26,41,0,14.3,17.2,0.0,-0.9351,0.3545,33.6,33.0,33.0,station
2025-10-23,33.7,33.4,31.6,31.8,31.2,33.3,32.7,31.8,31.2,31.2,32.34,1.13,0.3,42,0,8.9,16.93,0.0,-0.9288,0.3705,32.4,32.0,32.0,station
2025-10-24,29.6,29.3,29.0,28.7,29.7,30.3,29.7,29.2,28.7,30.1,29.26,0.42,-0.34,71,20,12.6,15.43,0.0,-0.9223,0.3864,28.9,28.0,28.0,station
2025-10-25,29.6,29.5,28.2,28.6,29.4,29.5,29.6,28.5,28.4,29.3,29.06,0.62,0.0,63,0,13.0,16.49,0.0,-0.9155,0.4022,29.0,29.0,29.0,station
2025-10-26,28.6,28.6,27.6,28.2,28.9,28.8,28.9,27.4,27.9,28.8,28.38,0.5,0.02,64,5,14.5,16.14,0.0,-0.9085,0.4179,28.0,28.0,28.0,station
2025-10-27,28.7,29.0,28.3,28.1,29.0,28.9,29.4,28.4,28.5,29.1,28.62,0.41,-0.24,67,8,12.4,16.1,0.0,-0.9012,0.4335,28.6,28.0,28.0,station
2025-10-28,28.9,28.8,28.3,27.7,28.8,28.4,28.9,28.1,27.7,28.7,28.5,0.5,0.14,73,0,13.0,16.04,0.0,-0.8936,0.4489,28.4,27.0,27.0,station
2025-10-29,27.8,27.5,26.9,27.4,27.8,27.7,27.8,27.2,27.5,27.9,27.48,0.37,-0.14,72,28,13.8,15.05,0.0,-0.8857,0.4642,27.5,26.0,26.0,station
2025-10-30,30.5,29.9,29.1,28.9,29.9,30.6,29.8,29.0,29.5,30.2,29.66,0.65,-0.16,67,2,17.6,15.92,0.0,-0.8776,0.4794,28.9,29.0,29.0,station
2025-10-31,34.7,32.9,33.0,33.0,32.9,34.3,33.3,33.4,32.0,32.4,33.3,0.78,0.22,40,0,9.4,16.11,0.0,-0.8692,0.4944,34.1,34.0,34.0,station
2025-11-01,33.9,32.5,32.5,32.8,31.1,33.5,32.6,32.5,33.3,30.8,32.56,1.0,0.02,34,7,17.2,15.92,0.0,-0.8606,0.5093,33.1,33.0,33.0,station
2025-11-02,31.7,32.7,30.7,30.1,30.6,32.4,33.2,31.2,31.7,31.3,31.16,1.04,-0.8,46,52,9.9,14.98,0.0,-0.8517,0.524,30.4,32.0,32.0,station
2025-11-03,29.4,29.3,30.5,29.0,30.3,29.1,30.3,29.4,30.2,29.4,29.7,0.66,0.02,65,44,11.0,14.83,0.0,-0.8426,0.5386,28.8,28.0,28.0,station
2025-11-04,33.3,33.5,32.1,30.8,32.9,33.1,33.4,34.1,31.4,31.7,32.52,1.1,-0.22,37,42,13.9,13.71,0.0,-0.8332,0.553,34.6,34.0,34.0,station
2025-11-05,35.4,35.0,34.0,33.3,32.0,33.3,34.6,33.0,31.2,31.9,33.94,1.36,1.14,35,46,9.5,13.88,0.0,-0.8235,0.5672,33.2,35.0,35.0,station
2025-11-06,29.7,29.7,30.2,27.9,28.6,29.0,29.9,29.8,28.5,28.8,29.22,0.94,0.02,60,3,12.3,14.91,0.0,-0.8137,0.5813,26.8,28.0,28.0,station
2025-11-07,27.7,27.7,27.3,27.6,28.4,28.0,28.1,27.1,27.4,29.1,27.74,0.4,-0.2,78,9,11.5,14.09,0.0,-0.8035,0.5952,27.5,28.0,28.0,station
2025-11-08,28.7,29.2,28.2,28.0,28.5,28.0,28.7,28.7,28.3,29.0,28.52,0.47,-0.02,75,19,13.8,14.52,0.0,-0.7932,0.609,28.1,27.0,27.0,station
2025-11-09,32.5,31.3,29.6,29.5,29.2,31.3,31.2,29.9,29.9,30.7,30.42,1.42,-0.18,76,1,11.8,14.82,0.0,-0.7826,0.6225,29.9,31.0,31.0,station
2025-11-10,30.0,31.3,30.3,28.9,30.0,29.1,31.3,29.5,27.9,28.7,30.1,0.86,0.8,79,29,9.6,14.61,0.0,-0.7718,0.6359,27.1,29.0,29.0,station
2025-11-11,27.3,26.6,26.9,26.1,27.2,27.2,26.1,26.5,26.7,26.7,26.82,0.49,0.18,79,76,14.5,12.58,0.3,-0.7607,0.6491,26.7,27.0,27.0,station
2025-11-12,26.6,26.7,25.5,26.2,26.0,26.1,26.7,25.7,26.1,26.8,26.2,0.48,-0.08,63,60,13.1,13.63,0.0,-0.7494,0.6621,26.7,26.0,26.0,station
2025-11-13,25.2,22.5,24.7,25.1,24.1,25.6,23.9,24.7,25.4,25.1,24.32,1.11,-0.62,74,41,11.4,10.76,5.4,-0.7379,0.6749,23.8,26.0,26.0,station
2025-11-14,20.2,18.5,21.7,20.1,22.8,19.8,19.3,21.1,20.4,22.2,20.66,1.65,0.1,86,67,17.8,5.73,11.4,-0.7262,0.6875,19.6,20.0,20.0,station
2025-11-15,21.3,20.9,22.3,20.3,18.7,20.4,20.2,22.4,20.7,19.2,20.7,1.33,0.12,79,61,19.1,9.42,8.2,-0.7143,0.6998,23.0,23.0,23.0,station
2025-11-16,22.0,22.2,22.5,22.4,20.2,21.6,22.3,22.5,22.9,21.2,21.86,0.95,-0.24,80,25,12.3,12.34,2.5,-0.7021,0.712,22.7,23.0,23.0,station
2025-11-17,24.6,24.8,23.8,24.7,22.7,24.4,25.0,24.2,25.0,22.9,24.12,0.89,-0.18,70,51,11.1,13.37,0.0,-0.6898,0.724,23.9,25.0,25.0,station
2025-11-18,26.9,26.9,27.2,28.3,26.5,27.0,26.9,26.8,28.1,26.3,27.16,0.68,0.14,63,0,12.8,13.76,0.0,-0.6772,0.7358,27.4,29.0,29.0,station
2025-11-19,28.6,28.0,28.4,29.3,28.2,28.6,28.0,28.3,29.6,28.5,28.5,0.5,-0.1,45,0,16.0,13.8,0.0,-0.6645,0.7473,28.5,30.0,30.0,station
2025-11-20,31.2,30.6,28.4,30.8,30.9,30.5,30.5,27.6,31.2,31.0,30.38,1.13,0.22,49,1,7.7,13.72,0.0,-0.6515,0.7586,28.1,31.0,31.0,station
2025-11-21,34.6,33.0,32.1,32.2,32.9,34.2,32.8,30.4,30.5,32.7,32.96,1.0,0.84,42,0,14.6,13.81,0.0,-0.6384,0.7697,33.5,36.0,36.0,station
2025-11-22,33.1,32.9,32.6,32.8,32.5,33.4,32.9,32.5,33.6,32.5,32.78,0.24,-0.2,26,0,19.0,13.7,0.0,-0.625,0.7806,33.3,33.0,33.0,station
2025-11-23,31.7,31.8,30.8,32.0,31.8,31.3,31.6,30.9,31.4,31.5,31.62,0.47,0.28,18,12,19.1,13.64,0.0,-0.6115,0.7912,33.0,32.0,32.0,station
2025-11-24,30.4,29.7,29.2,27.0,28.3,29.8,30.2,26.8,27.4,27.1,28.92,1.32,0.66,45,61,14.3,11.52,0.2,-0.5978,0.8016,29.5,30.0,30.0,station
2025-11-25,20.6,20.7,22.4,21.2,22.8,20.8,21.2,21.9,21.0,23.0,21.54,1.0,-0.04,81,46,12.8,11.17,8.8,-0.584,0.8118,21.6,23.0,23.0,station
2025-11-26,23.4,23.5,22.2,23.6,24.1,23.1,23.4,22.0,23.3,23.4,23.36,0.7,0.32,66,9,10.8,12.95,0.0,-0.5699,0.8217,23.2,24.0,24.0,station
2025-11-27,27.1,26.0,25.6,26.8,26.7,26.3,25.9,25.3,26.6,26.1,26.44,0.62,0.4,58,4,6.1,13.01,0.0,-0.5557,0.8314,26.4,27.0,27.0,station
2025-11-28,27.3,26.7,25.7,26.5,26.8,27.2,26.5,25.3,26.4,26.8,26.6,0.58,0.16,69,45,10.3,12.81,0.0,-0.5413,0.8408,24.3,26.0,26.0,station
2025-11-29,25.0,24.9,24.9,24.4,25.1,24.9,25.0,24.9,24.6,25.4,24.86,0.27,-0.1,71,100,7.8,10.95,0.0,-0.5268,0.85,24.2,25.0,25.0,station
2025-11-30,22.8,21.9,22.5,22.3,22.3,23.6,21.8,23.4,22.2,23.1,22.36,0.33,-0.46,72,56,16.3,10.8,0.5,-0.5121,0.859,22.5,22.0,22.0,station
2025-12-01,21.7,22.0,22.0,21.5,20.8,22.0,21.8,22.0,21.6,20.7,21.6,0.49,-0.02,74,30,10.8,11.44,0.7,-0.4972,0.8676,22.6,22.0,22.0,station
2025-12-02,23.0,23.3,22.1,21.7,22.7,23.0,23.2,22.6,22.6,23.2,22.56,0.65,-0.36,70,18,12.3,11.83,0.0,-0.4822,0.8761,22.4,23.0,23.0,station
2025-12-03,25.2,24.1,22.2,23.6,24.4,25.0,24.2,22.7,23.4,23.3,23.9,1.11,0.18,63,44,13.8,11.57,0.0,-0.4671,0.8842,24.4,25.0,25.0,station
2025-12-04,26.2,25.0,24.2,25.2,25.1,26.0,24.4,24.3,24.7,25.1,25.14,0.71,0.24,53,26,10.1,12.49,0.0,-0.4518,0.8921,25.6,26.0,26.0,station
2025-12-05,29.6,27.5,28.5,29.2,28.1,28.6,26.7,27.9,28.8,27.7,28.58,0.84,0.64,42,26,11.2,11.42,0.0,-0.4364,0.8998,30.2,29.0,29.0,station
2025-12-06,26.9,23.9,25.4,23.1,26.0,25.3,24.2,24.9,24.1,26.3,25.06,1.55,0.1,63,68,13.3,9.63,1.4,-0.4208,0.9071,24.1,25.0,25.0,station
2025-12-07,20.0,20.4,20.2,20.2,21.2,20.5,20.6,20.7,20.0,21.5,20.4,0.47,-0.26,61,27,19.3,12.42,0.0,-0.4052,0.9142,20.2,21.0,21.0,station
2025-12-08,20.9,20.5,19.9,20.8,21.5,20.6,20.2,20.0,20.9,21.8,20.72,0.58,0.02,53,55,15.7,10.98,0.7,-0.3894,0.9211,20.8,21.0,21.0,station
2025-12-09,20.0,19.6,19.3,20.0,21.1,20.4,19.7,19.9,20.2,22.0,20.0,0.68,-0.44,68,85,16.1,8.33,2.2,-0.3735,0.9276,19.5,20.0,20.0,station
2025-12-10,19.1,16.4,18.2,17.3,20.4,18.3,16.1,17.2,16.8,20.7,18.28,1.55,0.46,88,87,18.2,5.73,22.5,-0.3575,0.9339,19.7,20.0,20.0,station
2025-12-11,15.0,15.3,18.1,16.2,16.5,16.7,15.6,16.7,16.4,15.5,16.22,1.22,0.04,91,87,17.8,5.02,24.5,-0.3413,0.9399,16.8,15.0,15.0,station
2025-12-12,17.6,17.4,19.5,18.3,14.8,18.6,17.4,19.4,18.5,16.0,17.52,1.73,-0.46,86,56,16.7,9.75,3.1,-0.3251,0.9457,19.5,19.0,19.0,station
2025-12-13,18.9,19.4,19.4,19.4,17.8,18.8,19.5,19.5,19.7,17.8,18.98,0.69,-0.08,84,28,8.0,10.81,1.2,-0.3088,0.9511,19.8,20.0,20.0,station
2025-12-14,20.0,20.4,20.1,20.4,19.0,20.0,20.4,19.5,20.7,18.4,19.98,0.58,0.18,81,24,8.8,11.16,0.0,-0.2924,0.9563,20.0,21.0,21.0,station
2025-12-15,18.5,17.6,19.2,17.5,19.0,17.4,17.1,19.5,17.6,18.3,18.36,0.78,0.38,86,54,13.4,8.75,5.5,-0.2759,0.9612,18.9,19.0,19.0,station
2025-12-16,18.2,17.7,18.1,18.7,16.4,18.0,17.8,18.3,17.7,16.0,17.82,0.87,0.26,77,44,16.9,10.65,5.3,-0.2593,0.9658,17.9,19.0,19.0,station
2025-12-17,17.2,15.9,16.1,17.5,16.3,17.0,16.2,16.5,17.7,15.9,16.6,0.71,-0.06,69,31,11.2,12.03,10.0,-0.2427,0.9701,16.6,18.0,18.0,station
2025-12-18,18.3,18.6,17.9,19.2,18.6,18.4,18.8,18.2,19.5,18.2,18.52,0.48,-0.1,73,3,7.9,11.86,0.0,-0.226,0.9741,18.9,19.0,19.0,station
2025-12-19,19.0,19.3,19.0,19.4,18.4,18.7,19.5,18.5,19.6,19.5,19.02,0.39,-0.14,80,38,11.8,10.02,0.0,-0.2092,0.9779,19.3,20.0,20.0,station
2025-12-20,20.4,20.3,20.4,20.5,20.5,20.2,20.3,20.2,20.7,21.4,20.42,0.08,-0.14,74,53,8.1,11.31,0.0,-0.1923,0.9813,20.7,21.0,21.0,station
2025-12-21,22.5,22.0,22.0,21.9,22.3,22.3,21.7,21.8,22.0,22.1,22.14,0.25,0.16,70,58,9.5,10.5,0.0,-0.1754,0.9845,21.4,23.0,23.0,station
2025-12-22,22.3,22.4,21.8,22.4,22.5,22.1,22.2,22.0,21.8,22.1,22.28,0.28,0.24,63,41,8.7,12.06,0.0,-0.1585,0.9874,21.8,24.0,24.0,station
2025-12-23,19.2,19.6,19.3,19.3,19.8,19.1,19.0,20.1,18.6,19.9,19.44,0.25,0.1,67,57,14.9,10.63,0.6,-0.1414,0.9899,19.1,20.0,20.0,station
2025-12-24,20.2,21.0,20.3,20.8,22.0,20.2,21.1,20.7,20.9,21.5,20.86,0.72,-0.02,76,25,9.3,11.07,0.1,-0.1244,0.9922,20.3,22.0,22.0,station
2025-12-25,21.1,20.8,20.3,21.7,20.6,20.2,20.5,20.2,21.8,20.2,20.9,0.53,0.32,64,38,10.2,12.23,0.0,-0.1073,0.9942,20.6,23.0,23.0,station
2025-12-26,19.4,19.6,19.2,19.5,19.2,18.8,19.8,19.2,18.4,19.5,19.38,0.18,0.24,77,17,8.8,10.86,1.3,-0.0902,0.9959,19.5,21.0,21.0,station
2025-12-27,15.5,16.6,19.3,16.8,15.7,16.0,16.5,18.8,16.6,14.6,16.78,1.52,0.28,81,55,20.5,7.97,33.9,-0.073,0.9973,18.8,20.0,20.0,station
2025-12-28,15.4,15.5,16.5,16.1,15.2,15.5,15.5,17.2,17.7,15.3,15.74,0.54,-0.5,69,51,23.2,8.69,24.2,-0.0559,0.9984,16.2,17.0,17.0,station
2025-12-29,14.9,15.1,17.1,17.9,13.8,15.0,14.9,16.9,17.2,13.8,15.76,1.69,0.2,74,54,26.5,6.79,27.5,-0.0387,0.9993,18.6,19.0,19.0,station
2025-12-30,17.0,17.3,16.8,18.8,13.8,16.7,17.2,16.4,17.5,14.6,16.74,1.82,0.26,71,71,14.5,9.77,1.7,-0.0215,0.9998,17.5,19.0,19.0,station
2025-12-31,18.6,18.9,18.5,19.0,17.6,18.3,19.2,18.4,19.7,17.7,18.52,0.55,-0.14,61,64,20.1,10.77,0.1,-0.0043,1.0,18.4,,,
2026-01-01,15.8,15.9,16.3,15.9,14.4,15.0,15.6,16.5,16.3,16.6,15.66,0.73,-0.34,78,84,22.7,4.46,21.5,0.0172,0.9999,16.7,18.0,18.0,station
2026-01-02,17.1,15.7,15.6,16.6,14.5,16.7,15.7,15.4,16.7,14.7,15.9,1.0,0.06,79,54,15.6,10.18,9.9,0.0344,0.9994,17.0,16.0,16.0,station
2026-01-03,17.6,17.3,16.6,17.9,16.5,17.1,17.4,16.4,17.6,16.0,17.18,0.61,0.28,70,9,13.7,12.26,0.0,0.0516,0.9987,17.0,17.0,17.0,station
2026-01-04,19.7,18.8,19.0,20.5,19.2,19.7,18.7,19.1,20.4,18.5,19.44,0.68,0.16,67,48,20.5,12.36,0.0,0.0688,0.9976,20.4,21.0,21.0,station
2026-01-05,22.5,20.5,22.0,22.7,22.7,22.3,20.3,21.7,22.1,22.6,22.08,0.93,0.28,50,24,20.5,12.6,0.0,0.0859,0.9963,23.4,24.0,24.0,station
2026-01-06,21.0,21.7,20.9,22.0,21.7,20.5,21.6,20.7,21.8,22.0,21.46,0.48,0.14,72,80,5.3,12.03,0.0,0.103,0.9947,21.1,22.0,22.0,station
2026-01-07,22.1,23.3,22.4,22.5,23.2,22.0,23.1,22.3,23.0,23.5,22.7,0.52,-0.08,82,44,5.2,12.36,0.0,0.1201,0.9928,21.5,24.0,24.0,station
2026-01-08,25.9,25.9,25.4,26.3,26.7,25.7,25.6,25.3,25.7,26.8,26.04,0.49,0.22,64,55,10.1,12.49,0.0,0.1372,0.9905,25.3,28.0,28.0,station
2026-01-09,17.6,17.5,18.3,17.7,14.7,16.0,17.5,18.4,17.2,16.2,17.16,1.41,0.1,70,73,32.6,7.45,17.0,0.1542,0.988,18.3,19.0,19.0,station
2026-01-10,18.2,17.3,18.5,17.9,17.2,17.1,17.3,19.0,16.6,16.4,17.82,0.56,0.54,65,48,21.3,8.68,0.2,0.1712,0.9852,18.5,18.0,18.0,station
2026-01-11,19.8,20.0,19.7,20.4,19.7,19.6,20.0,19.8,21.3,19.1,19.92,0.29,-0.04,74,0,9.0,12.92,0.0,0.1881,0.9821,18.9,21.0,21.0,station
2026-01-12,17.9,18.2,17.7,17.9,17.4,17.7,18.1,17.7,18.3,17.8,17.82,0.29,-0.1,64,40,27.1,12.07,2.7,0.205,0.9788,17.8,19.0,19.0,station
2026-01-13,13.4,12.6,13.9,13.9,11.1,12.4,12.1,14.1,14.1,10.7,12.98,1.18,0.3,71,71,33.8,8.4,25.1,0.2218,0.9751,15.9,15.0,15.0,station
2026-01-14,15.8,15.1,15.8,16.6,14.3,15.9,15.3,15.7,16.8,14.3,15.52,0.86,-0.08,64,54,21.3,9.68,0.8,0.2385,0.9711,16.2,16.0,16.0,station
2026-01-15,16.3,17.1,16.9,18.2,15.8,16.7,17.2,16.9,18.2,15.5,16.86,0.91,-0.04,70,27,11.8,11.84,0.0,0.2552,0.9669,17.2,18.0,18.0,station
2026-01-16,18.1,18.1,17.0,18.0,17.7,17.8,18.0,17.9,18.1,17.3,17.78,0.47,-0.04,77,36,7.6,12.61,0.0,0.2718,0.9624,18.1,18.0,18.0,station
2026-01-17,17.5,17.7,17.1,18.6,17.8,17.1,17.6,17.3,18.8,17.8,17.74,0.55,0.02,80,21,9.4,12.39,0.1,0.2883,0.9575,17.9,19.0,19.0,station
2026-01-18,15.1,14.4,16.4,15.7,13.8,14.9,14.5,16.5,15.9,12.8,15.08,1.03,0.16,86,50,13.7,9.33,14.1,0.3047,0.9524,15.8,16.0,16.0,station
2026-01-19,14.7,15.1,14.4,15.8,14.8,14.8,15.2,14.7,15.3,13.4,14.96,0.53,0.28,75,31,12.5,11.37,0.5,0.3211,0.9471,15.4,15.0,15.0,station
2026-01-20,14.9,14.6,13.6,15.6,14.7,14.6,14.6,14.4,15.0,14.4,14.68,0.72,0.08,58,39,13.0,11.78,0.0,0.3373,0.9414,14.6,14.0,14.0,station
2026-01-21,16.1,15.3,14.9,16.2,14.6,15.8,15.2,15.5,16.5,13.2,15.42,0.71,0.18,50,92,19.1,12.01,0.0,0.3534,0.9355,16.8,17.0,17.0,station
2026-01-22,17.6,16.2,18.2,20.1,21.4,19.0,16.9,19.3,19.5,20.6,18.7,2.06,-0.36,44,100,21.7,4.4,0.0,0.3695,0.9292,19.4,22.0,22.0,station
2026-01-23,19.5,19.3,19.3,19.6,21.5,19.2,18.7,19.6,19.8,22.1,19.84,0.94,-0.04,73,31,14.8,13.06,1.2,0.3854,0.9227,20.0,20.0,20.0,station
2026-01-24,17.6,17.1,18.4,18.6,20.8,18.0,16.5,17.9,19.5,21.2,18.5,1.42,-0.12,70,21,14.3,12.01,2.2,0.4012,0.916,17.2,19.0,19.0,station
2026-01-25,20.1,20.6,19.5,21.1,20.7,19.4,20.1,19.1,20.2,21.1,20.4,0.62,0.42,66,7,10.0,14.13,0.0,0.4169,0.9089,20.5,22.0,22.0,station
2026-01-26,23.5,22.6,22.5,23.4,23.5,23.3,22.6,22.0,23.7,24.4,23.1,0.5,-0.1,52,47,8.9,13.95,0.0,0.4325,0.9016,23.0,24.0,24.0,station
2026-01-27,19.0,19.4,19.2,18.6,20.5,19.4,19.3,18.6,20.2,20.3,19.34,0.71,-0.22,63,40,13.5,12.91,0.2,0.4479,0.8941,19.4,20.0,20.0,station
2026-01-28,15.7,14.8,16.8,17.2,18.1,16.6,14.6,16.1,18.1,18.9,16.52,1.29,-0.34,67,69,24.5,7.42,23.7,0.4633,0.8862,16.9,17.0,17.0,station
2026-01-29,17.9,18.3,17.5,18.5,18.5,17.4,18.6,17.7,18.4,19.0,18.14,0.43,-0.08,78,78,13.2,9.98,1.6,0.4784,0.8781,18.4,19.0,19.0,station
2026-01-30,21.6,22.0,21.4,22.2,21.6,21.1,21.6,21.9,21.6,21.9,21.76,0.33,0.14,59,67,19.8,13.67,0.0,0.4935,0.8698,21.5,23.0,23.0,station
2026-01-31,22.6,24.0,22.9,23.7,24.3,23.1,23.7,23.6,23.6,23.9,23.5,0.72,-0.08,64,16,10.7,14.35,0.0,0.5084,0.8611,23.5,24.0,24.0,station
2026-02-01,26.2,27.7,26.9,27.2,27.8,26.4,27.5,27.1,26.8,28.2,27.16,0.65,-0.04,53,40,13.0,14.55,0.0,0.5231,0.8523,27.3,29.0,29.0,station
2026-02-02,22.3,22.6,21.6,22.8,24.0,21.9,22.4,21.3,23.9,23.8,22.66,0.88,0.0,57,18,17.4,14.96,0.0,0.5377,0.8432,21.5,23.0,23.0,station
2026-02-03,16.6,16.9,17.5,16.6,14.9,16.4,17.0,17.2,16.9,14.8,16.5,0.97,0.04,75,57,21.8,11.02,18.3,0.5521,0.8338,17.9,19.0,19.0,station
2026-02-04,18.1,19.3,17.8,19.0,18.5,18.2,19.3,17.8,18.5,18.0,18.54,0.62,0.18,70,24,11.8,13.27,0.0,0.5664,0.8242,18.4,19.0,19.0,station
2026-02-05,21.1,22.3,20.4,21.5,21.7,21.0,22.2,20.2,22.2,21.6,21.4,0.71,-0.04,78,56,6.9,15.12,0.0,0.5805,0.8143,20.3,22.0,22.0,station
2026-02-06,22.0,23.4,24.2,23.2,21.8,21.0,20.9,23.8,22.5,23.4,22.92,1.01,0.6,58,81,11.3,9.96,0.0,0.5944,0.8042,23.1,25.0,25.0,station
2026-02-07,22.8,23.7,22.4,21.9,24.1,22.9,23.8,21.5,23.3,24.3,22.98,0.91,-0.18,62,38,15.8,14.89,0.0,0.6081,0.7938,22.4,24.0,24.0,station
2026-02-08,25.2,27.0,25.2,26.4,26.1,25.5,27.5,25.4,26.7,27.2,25.98,0.78,-0.48,60,46,12.3,14.48,0.0,0.6217,0.7833,26.2,28.0,28.0,station
2026-02-09,22.7,23.0,21.3,22.1,23.8,23.0,22.7,21.3,23.8,24.1,22.58,0.94,-0.4,67,87,10.8,10.08,0.0,0.6351,0.7725,22.6,24.0,24.0,station
2026-02-10,20.9,21.1,20.3,21.1,22.6,22.3,21.3,21.7,22.4,23.2,21.2,0.85,-0.98,84,48,16.3,14.28,0.0,0.6483,0.7614,20.4,21.0,21.0,station
2026-02-11,19.6,19.6,19.0,18.7,19.7,19.6,19.2,19.6,20.5,20.8,19.32,0.44,-0.62,67,30,20.2,14.29,0.4,0.6613,0.7502,19.9,20.0,20.0,station
2026-02-12,22.6,23.6,22.5,22.7,23.1,22.9,23.5,22.3,23.0,23.2,22.9,0.45,-0.08,55,52,15.5,14.97,0.0,0.6741,0.7387,23.6,24.0,24.0,station
2026-02-13,27.0,27.1,26.9,27.1,27.4,26.7,26.8,27.2,26.9,27.7,27.1,0.19,0.04,43,86,24.7,14.76,0.1,0.6867,0.727,28.6,28.0,28.0,station
2026-02-14,18.6,19.8,19.5,21.2,21.2,20.1,20.2,19.9,21.5,21.5,20.06,1.13,-0.58,63,18,22.7,14.1,0.9,0.6991,0.715,20.0,20.0,20.0,station
2026-02-15,24.9,25.8,25.0,24.3,26.0,24.8,25.6,25.1,23.9,26.2,25.2,0.7,0.08,64,0,6.5,17.08,0.0,0.7113,0.7029,25.1,25.0,25.0,station
2026-02-16,29.9,29.8,28.3,29.4,28.2,29.3,29.5,28.8,27.9,28.6,29.12,0.82,0.3,37,27,8.6,17.42,0.0,0.7233,0.6906,29.8,29.0,29.0,station
2026-02-17,20.4,19.5,20.5,19.9,20.6,20.2,20.4,20.7,19.0,21.3,20.18,0.47,-0.14,73,67,15.5,10.39,0.5,0.735,0.678,20.2,20.0,20.0,station
2026-02-18,20.9,20.9,20.4,21.2,21.0,20.7,21.5,21.3,20.7,21.2,20.88,0.29,-0.2,54,8,26.0,16.77,0.0,0.7466,0.6653,21.1,21.0,21.0,station
2026-02-19,18.3,18.9,18.0,18.9,18.3,18.1,18.8,18.5,18.7,17.7,18.48,0.4,0.12,57,28,16.4,13.03,0.3,0.7579,0.6523,19.3,19.0,19.0,station
2026-02-20,24.5,24.3,23.8,24.2,24.2,24.2,24.2,23.6,23.7,24.4,24.2,0.25,0.18,63,0,11.8,17.64,0.0,0.769,0.6392,23.8,24.0,24.0,station
2026-02-21,20.9,21.3,21.4,20.7,21.3,21.1,21.6,21.1,20.8,21.6,21.12,0.3,-0.12,82,32,16.4,16.84,0.0,0.7799,0.6259,21.1,22.0,22.0,station
2026-02-22,19.0,19.7,18.9,18.7,19.3,19.3,19.5,19.0,19.4,19.5,19.12,0.39,-0.22,75,17,13.6,15.84,0.5,0.7906,0.6124,19.4,20.0,20.0,station
2026-02-23,16.1,16.5,18.2,16.1,14.8,16.1,16.8,18.7,16.3,16.6,16.34,1.22,-0.56,72,39,14.9,13.9,5.1,0.801,0.5987,17.8,19.0,19.0,station
2026-02-24,17.3,17.3,17.8,17.4,18.2,17.4,17.3,17.1,16.7,17.2,17.6,0.39,0.46,79,49,13.7,16.25,4.2,0.8112,0.5848,17.8,19.0,19.0,station
2026-02-25,17.8,19.0,18.1,18.7,18.9,18.1,18.9,17.8,18.5,18.6,18.5,0.52,0.12,74,21,13.5,15.67,0.1,0.8211,0.5708,18.3,19.0,19.0,station
2026-02-26,17.6,17.5,17.3,18.2,16.8,17.6,17.5,17.4,18.5,16.1,17.48,0.51,0.06,62,39,22.7,16.38,2.2,0.8308,0.5566,18.2,19.0,19.0,station
2026-02-27,16.1,15.9,16.1,17.1,15.8,16.2,16.0,16.1,17.3,15.9,16.2,0.52,-0.1,54,39,19.1,16.73,0.1,0.8402,0.5422,16.7,16.0,16.0,station
2026-02-28,15.7,16.2,15.8,16.4,15.6,15.0,16.0,15.7,16.1,15.7,15.94,0.34,0.24,60,40,10.5,16.0,0.1,0.8495,0.5277,15.9,17.0,17.0,station
2026-03-01,16.7,17.4,15.8,17.0,16.2,16.3,17.9,16.2,17.2,17.1,16.62,0.63,-0.32,61,19,13.8,17.36,0.1,0.8584,0.513,17.3,18.0,18.0,station
2026-03-02,19.0,19.2,17.8,19.2,17.9,18.1,19.5,17.9,19.1,17.3,18.62,0.71,0.24,59,3,19.5,18.59,0.0,0.8671,0.4981,19.4,20.0,20.0,station
2026-03-03,19.9,19.8,18.7,20.2,18.7,19.9,20.0,17.9,19.0,18.6,19.46,0.71,0.38,50,1,13.5,19.39,0.0,0.8755,0.4831,20.2,20.0,20.0,station
2026-03-04,17.5,18.2,17.5,19.1,18.8,18.4,18.2,17.7,18.4,18.9,18.22,0.73,-0.1,63,38,14.0,14.73,0.1,0.8837,0.468,18.7,18.0,18.0,station
2026-03-05,19.6,20.2,19.1,19.9,19.5,19.8,19.7,19.0,19.4,19.6,19.66,0.42,0.16,60,14,15.1,19.87,0.0,0.8916,0.4527,20.1,19.0,19.0,station
2026-03-06,19.3,19.8,18.4,18.9,19.0,19.5,20.3,19.4,20.0,19.4,19.08,0.52,-0.64,57,27,13.4,19.98,0.0,0.8993,0.4373,18.9,20.0,20.0,station
2026-03-07,18.0,18.4,18.0,17.6,19.1,18.3,18.4,17.8,18.6,18.9,18.22,0.57,-0.18,69,27,13.5,16.81,0.9,0.9067,0.4218,18.2,19.0,19.0,station
2026-03-08,17.4,17.8,16.9,18.0,17.4,17.4,18.0,16.5,18.3,17.7,17.5,0.42,-0.08,54,8,15.6,19.59,0.0,0.9138,0.4061,18.0,17.0,17.0,station
2026-03-09,18.2,18.2,17.3,19.0,18.1,17.7,18.3,17.5,18.0,18.4,18.16,0.6,0.18,56,17,14.4,18.9,0.0,0.9207,0.3904,18.9,18.0,18.0,station
2026-03-10,21.3,21.3,21.0,21.8,20.7,21.2,21.7,20.4,21.6,21.3,21.22,0.41,-0.02,46,0,17.1,20.96,0.0,0.9272,0.3745,21.6,22.0,22.0,station
2026-03-11,22.9,22.4,22.1,23.7,21.3,23.6,23.0,22.9,24.6,22.5,22.48,0.9,-0.84,45,5,13.8,21.06,0.0,0.9335,0.3585,22.7,23.0,23.0,station
2026-03-12,21.6,21.6,21.2,20.8,21.3,20.9,21.0,20.7,20.7,20.6,21.3,0.33,0.52,61,32,13.7,20.31,0.0,0.9396,0.3424,21.6,22.0,22.0,station
2026-03-13,21.2,22.6,22.0,21.2,21.8,21.6,21.2,22.6,22.1,21.1,21.76,0.59,0.04,57,66,13.7,16.32,0.2,0.9453,0.3261,22.1,22.0,22.0,station
2026-03-14,26.0,24.2,24.9,26.6,25.3,24.0,23.2,24.4,26.5,22.3,25.4,0.94,1.32,49,79,35.5,16.71,4.6,0.9508,0.3098,28.5,27.0,27.0,station
2026-03-15,18.4,18.3,17.6,18.2,18.3,18.7,18.0,17.7,19.0,17.8,18.16,0.32,-0.08,71,35,24.3,16.8,1.5,0.956,0.2934,18.4,19.0,19.0,station
2026-03-16,19.5,19.7,18.4,19.4,19.4,18.8,19.7,18.9,20.1,19.7,19.28,0.51,-0.16,75,28,15.4,17.84,6.8,0.9609,0.2769,19.2,19.0,19.0,station
2026-03-17,23.4,24.0,22.8,23.3,23.0,24.4,24.0,22.8,23.2,24.0,23.3,0.46,-0.38,68,0,13.5,21.96,0.0,0.9655,0.2604,22.6,24.0,24.0,station
2026-03-18,28.0,27.7,29.0,27.8,26.5,27.5,25.7,29.0,27.8,27.9,27.8,0.89,0.22,51,51,18.4,18.96,0.0,0.9698,0.2437,30.3,30.0,30.0,station
2026-03-19,21.8,19.5,21.0,20.3,19.9,21.0,19.3,20.8,19.3,19.9,20.5,0.91,0.44,63,34,23.1,19.65,10.4,0.9739,0.227,21.7,22.0,22.0,station
2026-03-20,20.2,21.4,20.6,20.8,19.5,19.4,20.5,20.5,20.8,19.7,20.5,0.71,0.32,70,45,22.4,18.8,8.5,0.9777,0.2102,20.7,22.0,22.0,station
2026-03-21,15.4,17.0,17.8,17.8,18.1,17.7,17.7,17.4,16.7,16.9,17.22,1.1,-0.06,75,62,25.6,17.01,11.4,0.9811,0.1934,18.1,20.0,20.0,station
2026-03-22,17.0,17.4,17.3,18.5,15.9,16.9,16.9,16.5,19.3,15.5,17.22,0.93,0.2,80,44,14.7,19.63,2.0,0.9843,0.1765,17.3,19.0,19.0,station
2026-03-23,19.8,19.5,20.0,20.2,18.9,19.8,19.2,19.3,21.5,18.7,19.68,0.51,-0.02,67,64,12.5,19.68,0.0,0.9872,0.1595,20.0,21.0,21.0,station
2026-03-24,18.2,18.8,18.7,18.6,18.3,18.2,18.8,19.1,18.5,19.2,18.52,0.26,-0.24,73,13,11.7,20.36,0.0,0.9898,0.1425,18.8,20.0,20.0,station
2026-03-25,15.5,15.9,18.2,17.0,17.8,16.8,15.9,18.8,17.8,17.5,16.88,1.17,-0.48,80,66,15.7,18.05,5.9,0.9921,0.1255,18.5,19.0,19.0,station
2026-03-26,16.0,14.7,16.7,16.3,14.2,15.8,14.1,16.3,15.6,14.6,15.58,1.08,0.3,84,72,16.5,15.78,8.2,0.9941,0.1084,16.5,17.0,17.0,station
2026-03-27,16.2,17.8,18.1,17.8,16.4,17.0,17.9,17.7,16.9,15.7,17.26,0.89,0.22,83,54,18.5,16.15,11.0,0.9958,0.0913,18.1,19.0,19.0,station
2026-03-28,22.4,23.5,23.3,23.4,21.7,22.5,23.5,23.7,23.5,22.3,22.86,0.78,-0.24,59,38,9.7,22.47,0.0,0.9972,0.0741,22.9,24.0,24.0,station
2026-03-29,18.5,18.4,20.2,19.7,20.6,19.5,18.6,22.2,18.3,18.4,19.48,0.99,0.08,67,67,20.0,10.58,6.3,0.9984,0.057,19.5,21.0,21.0,station
2026-03-30,17.9,18.2,18.7,19.4,18.2,18.0,18.3,18.9,19.7,18.7,18.48,0.59,-0.24,73,25,16.4,19.88,0.7,0.9992,0.0398,18.7,19.0,19.0,station
2026-03-31,20.5,21.0,21.2,21.1,20.8,20.8,20.9,21.3,21.5,21.4,20.92,0.28,-0.26,74,40,10.1,21.23,0.0,0.9997,0.0226,20.3,21.0,21.0,station
2026-04-01,27.5,24.5,25.1,27.2,26.7,27.4,23.8,25.0,25.7,22.8,26.2,1.33,1.26,71,99,15.0,11.01,7.4,1.0,0.0054,26.1,27.0,27.0,station
2026-04-02,24.2,21.4,22.9,24.4,23.1,24.9,21.1,24.0,23.9,26.8,23.2,1.2,-0.94,75,96,28.1,13.93,13.8,0.9999,-0.0118,24.5,25.0,25.0,station
2026-04-03,21.2,22.0,22.7,22.0,20.7,21.6,21.9,23.5,23.2,20.8,21.72,0.78,-0.48,61,24,11.5,24.24,0.1,0.9996,-0.029,22.2,22.0,22.0,station
2026-04-04,21.5,23.6,21.6,24.0,23.2,22.2,22.9,23.4,24.4,21.4,22.78,1.16,-0.08,60,0,14.0,24.03,0.0,0.9989,-0.0462,23.1,23.0,23.0,station
2026-04-05,19.9,20.3,19.6,19.6,20.9,20.0,20.2,20.1,20.0,21.7,20.06,0.55,-0.34,75,9,20.2,21.51,0.8,0.998,-0.0634,20.0,21.0,21.0,station
2026-04-06,19.8,20.4,20.1,20.3,20.6,19.7,20.8,20.0,22.1,20.4,20.24,0.3,-0.36,69,10,14.6,21.94,0.7,0.9968,-0.0805,20.4,21.0,21.0,station
2026-04-07,17.8,18.4,20.6,18.3,16.0,17.8,17.8,19.9,18.8,17.8,18.22,1.64,-0.2,80,39,15.8,18.79,10.8,0.9952,-0.0977,17.7,20.0,20.0,station
2026-04-08,19.7,19.7,20.2,19.6,19.6,19.5,19.5,20.4,19.8,19.2,19.76,0.25,0.08,79,24,14.9,21.64,0.6,0.9934,-0.1148,20.1,21.0,21.0,station
2026-04-09,20.9,21.6,20.7,21.3,20.8,20.8,21.4,20.6,20.8,20.6,21.06,0.38,0.22,75,21,16.8,22.58,0.4,0.9913,-0.1319,20.6,22.0,22.0,station
2026-04-10,21.6,21.9,21.2,22.0,21.6,22.0,21.3,21.2,22.2,21.8,21.66,0.31,-0.04,71,4,15.8,23.85,0.3,0.9889,-0.1489,21.1,22.0,22.0,station
2026-04-11,20.3,20.7,20.5,20.9,20.5,20.4,20.9,20.5,21.2,20.9,20.58,0.23,-0.2,75,34,14.6,22.23,0.8,0.9861,-0.1659,20.4,22.0,22.0,station
2026-04-12,20.7,21.1,20.9,21.1,20.7,21.0,22.0,21.1,21.5,21.0,20.9,0.2,-0.42,73,13,17.4,22.51,0.4,0.9831,-0.1828,20.6,21.0,21.0,station
2026-04-13,21.7,22.4,21.5,22.3,21.9,22.4,22.6,21.7,22.1,22.5,21.96,0.38,-0.3,70,19,13.8,22.36,0.5,0.9799,-0.1997,22.1,22.0,22.0,station
2026-04-14,29.0,28.4,28.7,29.4,27.2,29.0,28.4,28.6,28.5,27.1,28.54,0.84,0.22,48,8,10.2,25.14,0.0,0.9763,-0.2165,30.0,30.0,30.0,station
2026-04-15,33.3,32.6,33.7,34.2,31.5,32.3,32.0,33.3,34.7,30.7,33.06,1.05,0.46,40,100,11.6,20.17,0.0,0.9724,-0.2333,34.6,35.0,35.0,station
2026-04-16,34.4,33.9,34.4,34.8,34.0,34.9,33.5,34.6,35.6,33.3,34.3,0.36,-0.08,26,28,25.7,23.82,0.4,0.9683,-0.25,35.3,36.0,36.0,station
2026-04-17,34.3,29.4,33.8,34.8,32.7,34.9,31.3,33.4,33.6,30.5,33.0,2.16,0.26,46,17,21.9,22.0,0.0,0.9638,-0.2666,33.1,33.0,33.0,station
2026-04-18,26.9,24.9,25.1,25.4,25.1,26.4,25.5,26.9,24.6,25.9,25.48,0.81,-0.38,59,2,28.0,24.37,0.0,0.9591,-0.2831,26.1,26.0,26.0,station
2026-04-19,22.9,23.2,22.5,22.7,22.9,23.0,23.1,22.6,22.3,24.2,22.84,0.26,-0.2,70,11,16.1,24.13,0.0,0.9541,-0.2996,22.6,23.0,23.0,station
2026-04-20,21.7,21.3,20.8,21.1,20.9,21.3,21.0,21.0,21.7,20.8,21.16,0.36,0.0,68,25,16.5,23.71,1.0,0.9488,-0.316,21.5,21.0,21.0,station
2026-04-21,21.9,21.7,21.2,21.6,21.2,22.0,21.6,21.5,21.2,21.4,21.52,0.31,-0.02,65,11,15.0,24.52,0.2,0.9432,-0.3322,22.1,22.0,22.0,station
2026-04-22,24.2,23.8,23.0,22.7,21.9,23.8,23.5,22.8,22.7,21.7,23.12,0.91,0.22,63,2,14.1,25.89,0.0,0.9373,-0.3484,23.4,23.0,23.0,station
2026-04-23,25.5,25.0,24.7,23.4,22.6,25.6,24.8,24.5,23.0,22.7,24.24,1.2,0.12,59,0,14.9,26.33,0.0,0.9312,-0.3645,24.4,24.0,24.0,station
2026-04-24,27.7,25.9,25.8,24.2,25.1,28.3,25.9,25.2,25.4,25.5,25.74,1.29,-0.32,62,60,13.9,24.47,0.0,0.9248,-0.3804,25.2,25.0,25.0,station
2026-04-25,27.8,28.6,28.9,26.1,26.1,28.2,28.3,29.1,27.7,26.6,27.5,1.34,-0.48,69,39,11.7,25.68,0.0,0.9181,-0.3963,26.5,28.0,28.0,station
2026-04-26,29.8,27.0,26.4,26.3,24.7,26.6,25.8,28.3,26.5,23.7,26.84,1.86,0.66,59,29,15.8,20.46,0.0,0.9112,-0.412,26.4,27.0,27.0,station
2026-04-27,22.5,22.6,23.3,21.9,22.2,22.1,22.5,23.5,23.0,22.7,22.5,0.52,-0.26,74,18,13.5,22.3,4.1,0.9039,-0.4276,22.9,23.0,23.0,station
2026-04-28,23.9,23.9,23.8,23.6,23.6,24.4,24.1,23.8,23.4,23.5,23.76,0.15,-0.08,76,25,14.3,23.0,0.0,0.8965,-0.4431,23.1,24.0,24.0,station
2026-04-29,25.5,25.0,24.5,24.1,23.9,25.1,25.0,24.4,24.4,24.4,24.6,0.66,-0.06,75,3,15.1,25.55,0.0,0.8887,-0.4585,24.4,24.0,24.0,station
2026-04-30,26.0,25.1,25.2,24.1,23.9,26.1,25.6,25.3,24.6,24.3,24.86,0.86,-0.32,74,2,14.4,25.69,0.0,0.8807,-0.4737,24.8,25.0,25.0,station
2026-05-01,24.8,24.0,23.8,22.6,23.2,24.9,23.7,23.8,23.2,23.5,23.68,0.83,-0.14,71,9,15.1,26.42,0.0,0.8724,-0.4888,23.5,24.0,24.0,station
2026-05-02,29.0,29.5,28.4,28.3,26.7,30.2,28.8,29.0,30.5,28.2,28.38,1.06,-0.96,53,39,11.8,23.94,0.0,0.8639,-0.5037,28.7,29.0,29.0,station
2026-05-03,25.9,25.7,25.2,25.7,27.6,25.9,25.8,23.6,24.5,25.4,26.02,0.92,0.98,69,23,22.4,23.99,2.0,0.8551,-0.5185,24.7,25.0,25.0,station
2026-05-04,19.7,19.5,20.4,20.3,19.2,21.3,19.5,21.1,20.4,18.6,19.82,0.52,-0.36,53,31,25.6,20.61,1.5,0.846,-0.5331,20.7,20.0,20.0,station
2026-05-05,20.0,19.7,20.0,20.6,19.6,20.7,19.7,20.6,20.2,19.6,19.98,0.39,-0.18,51,42,22.1,19.57,0.8,0.8367,-0.5476,21.3,21.0,21.0,station
2026-05-06,21.1,21.3,21.7,21.4,20.9,21.4,21.6,22.1,22.7,20.3,21.28,0.3,-0.34,62,37,13.2,20.98,0.7,0.8272,-0.5619,22.0,22.0,22.0,station
2026-05-07,24.7,24.2,24.1,23.4,23.0,24.8,24.2,24.9,23.8,22.8,23.88,0.68,-0.22,62,1,18.0,27.33,0.0,0.8174,-0.5761,23.5,23.0,23.0,station
2026-05-08,27.3,26.6,27.3,25.1,25.0,27.8,26.7,27.0,25.6,25.0,26.26,1.14,-0.16,68,20,15.7,26.4,0.0,0.8074,-0.59,26.3,25.0,25.0,station
2026-05-09,29.6,28.1,29.3,26.7,26.5,29.6,28.0,29.8,26.3,25.8,28.04,1.43,0.14,70,36,16.7,25.91,0.0,0.7971,-0.6038,28.7,27.0,27.0,station
2026-05-10,30.3,28.6,29.0,27.1,27.8,30.4,28.7,29.2,27.3,26.8,28.56,1.22,0.08,59,15,13.4,27.23,0.0,0.7866,-0.6175,27.9,27.0,27.0,station
2026-05-11,29.2,27.8,27.4,27.6,26.7,29.5,28.7,28.3,27.7,27.0,27.74,0.92,-0.5,58,28,14.1,27.19,0.0,0.7759,-0.6309,27.3,27.0,27.0,station
2026-05-12,35.1,34.8,32.8,33.4,32.4,35.1,35.2,32.2,33.6,31.9,33.7,1.2,0.1,34,31,10.6,26.87,0.0,0.7649,-0.6442,35.1,34.0,34.0,station
2026-05-13,28.5,28.9,27.0,26.3,27.7,28.8,28.5,26.8,26.4,27.9,27.68,1.06,0.0,66,15,16.0,27.67,0.0,0.7537,-0.6572,26.4,27.0,27.0,station
2026-05-14,33.4,34.0,33.1,33.7,32.0,34.7,34.5,32.4,33.5,30.1,33.24,0.77,0.2,33,24,13.2,27.43,0.0,0.7423,-0.6701,33.9,34.0,34.0,station
2026-05-15,25.9,25.0,24.4,24.5,26.1,25.8,25.1,25.7,24.5,25.5,25.18,0.79,-0.14,64,46,13.9,24.62,0.1,0.7306,-0.6828,25.2,25.0,25.0,station
2026-05-16,24.7,24.8,24.2,24.3,24.0,24.7,25.1,24.4,24.9,24.4,24.4,0.34,-0.3,64,18,17.0,25.57,0.0,0.7188,-0.6952,24.3,24.0,24.0,station
2026-05-17,34.1,35.5,34.5,34.6,33.3,35.7,36.0,33.9,36.0,34.0,34.4,0.8,-0.72,42,9,9.9,27.75,0.0,0.7067,-0.7075,33.8,35.0,35.0,station
2026-05-18,32.6,32.0,31.3,30.5,30.5,31.2,31.1,29.0,30.1,28.6,31.38,0.93,1.38,44,47,16.8,27.27,0.0,0.6945,-0.7195,33.1,33.0,33.0,station
2026-05-19,28.0,28.1,26.7,26.5,26.9,28.4,28.0,27.2,28.7,27.2,27.24,0.75,-0.66,64,26,13.0,28.06,0.0,0.682,-0.7314,27.6,27.0,27.0,station
2026-05-20,26.3,26.0,26.5,24.7,25.8,26.4,26.5,27.5,25.6,25.0,25.86,0.7,-0.34,65,48,18.0,24.08,0.1,0.6693,-0.743,25.1,26.0,26.0,station
2026-05-21,22.6,23.2,23.9,22.5,22.5,23.4,23.7,23.6,21.9,22.7,22.94,0.61,-0.12,66,27,21.8,24.49,4.1,0.6564,-0.7544,23.2,23.0,23.0,station
2026-05-22,25.1,25.7,25.5,25.1,24.5,25.4,26.2,25.5,25.2,24.5,25.18,0.46,-0.18,70,32,16.1,26.27,0.3,0.6433,-0.7656,25.0,26.0,26.0,station
2026-05-23,27.9,27.6,27.1,27.6,26.3,28.5,27.5,28.1,27.8,26.0,27.3,0.63,-0.28,63,2,14.6,28.0,0.0,0.6301,-0.7765,26.7,27.0,27.0,station
2026-05-24,26.4,26.2,25.7,25.3,25.2,26.0,26.0,25.6,25.6,25.1,25.76,0.53,0.1,60,1,14.2,28.24,0.0,0.6166,-0.7873,26.4,26.0,26.0,station
2026-05-25,27.2,26.8,25.7,25.6,25.0,27.1,27.0,25.7,25.6,24.8,26.06,0.91,0.02,65,4,16.9,27.99,0.0,0.603,-0.7978,26.2,25.0,25.0,station
2026-05-26,27.5,27.1,26.0,25.5,25.1,27.3,27.3,26.3,25.6,25.0,26.24,1.03,-0.06,65,12,16.7,28.07,0.0,0.5892,-0.808,26.4,26.0,26.0,station
2026-05-27,27.6,27.5,26.2,26.2,25.6,27.5,27.5,26.3,25.8,25.4,26.62,0.88,0.12,67,41,15.0,27.41,0.0,0.5752,-0.818,26.7,27.0,27.0,station
2026-05-28,27.3,26.6,26.7,26.2,25.5,27.5,26.7,26.6,25.8,25.5,26.46,0.67,0.04,71,26,16.7,26.67,0.0,0.561,-0.8278,26.0,26.0,26.0,station
2026-05-29,27.8,27.1,26.7,26.5,26.2,27.4,27.1,26.6,26.3,26.0,26.86,0.62,0.18,68,7,16.0,28.11,0.1,0.5467,-0.8373,26.4,27.0,27.0,station
2026-05-30,28.6,28.4,27.2,27.2,26.6,28.4,28.6,27.9,26.9,27.0,27.6,0.86,-0.16,69,11,15.8,27.73,0.0,0.5322,-0.8466,27.4,28.0,28.0,station
2026-05-31,29.8,29.6,28.3,28.0,27.6,30.0,29.6,28.6,28.1,27.1,28.66,0.98,-0.02,68,12,14.0,27.73,0.0,0.5176,-0.8556,28.1,28.0,28.0,station
2026-06-01,29.4,28.8,28.0,27.1,27.6,29.7,28.9,27.9,26.6,27.3,28.18,0.92,0.1,67,15,15.4,28.9,0.0,0.5028,-0.8644,27.4,27.0,27.0,station
2026-06-02,30.6,30.1,29.6,28.6,27.1,30.6,29.6,29.3,27.8,27.3,29.2,1.39,0.28,63,1,15.9,29.02,0.0,0.4878,-0.8729,29.1,28.0,28.0,station
2026-06-03,32.6,31.8,32.2,31.0,27.4,32.2,31.5,31.9,31.1,30.9,31.0,2.1,-0.52,48,7,15.2,29.13,0.0,0.4728,-0.8812,31.8,32.0,32.0,station
2026-06-04,33.7,32.5,32.0,32.3,24.5,33.5,32.6,32.1,32.5,30.6,31.0,3.69,-1.26,44,1,16.0,28.95,0.0,0.4575,-0.8892,33.1,32.0,32.0,station
2026-06-05,31.6,30.8,29.7,30.3,,31.8,31.1,30.2,30.0,29.9,30.6,0.8,0.0,56,2,15.3,29.7,0.0,0.4422,-0.8969,30.0,31.0,31.0,station
2026-06-06,33.6,33.9,30.4,33.0,,34.0,33.9,29.9,32.4,32.9,32.73,1.59,0.11,46,0,13.5,29.25,0.0,0.4267,-0.9044,32.4,32.0,32.0,station
2026-06-07,30.0,30.1,28.4,28.5,,30.0,30.3,28.1,28.4,28.7,29.25,0.93,0.15,67,2,15.7,28.89,0.0,0.4111,-0.9116,28.5,28.0,28.0,station
2026-06-08,30.9,30.0,29.4,28.6,,30.8,30.3,29.8,28.7,29.4,29.73,0.97,-0.07,70,0,16.0,28.62,0.0,0.3953,-0.9185,29.0,29.0,29.0,station
2026-06-09,33.3,32.1,30.5,30.1,,33.4,32.3,30.5,30.1,31.5,31.5,1.48,-0.06,67,5,13.8,28.08,0.0,0.3795,-0.9252,31.3,30.0,30.0,station
2026-06-10,32.4,32.3,31.2,28.4,29.8,32.6,32.3,31.2,28.9,30.8,30.82,1.71,-0.34,65,0,15.3,29.28,0.0,0.3635,-0.9316,29.7,30.0,30.0,station
2026-06-11,31.2,30.8,30.1,29.3,29.2,31.4,30.9,30.3,28.8,28.9,30.12,0.89,0.06,71,15,15.0,28.64,0.0,0.3474,-0.9377,29.3,29.0,29.0,station
2026-06-12,30.7,30.1,29.9,29.0,28.5,30.9,30.2,29.9,29.1,28.6,29.64,0.88,-0.1,70,6,16.0,28.6,0.0,0.3312,-0.9436,29.2,29.0,29.0,station
2026-06-13,30.4,30.2,29.4,28.9,28.6,30.5,30.2,29.5,28.9,28.5,29.5,0.79,-0.02,67,8,16.9,28.56,0.0,0.3149,-0.9491,28.9,29.0,29.0,station
2026-06-14,30.5,30.1,28.9,29.1,28.7,30.9,30.3,28.7,29.0,29.4,29.46,0.79,-0.2,64,1,15.3,29.1,0.0,0.2986,-0.9544,29.5,30.0,30.0,station
2026-06-15,29.2,29.9,28.4,28.8,28.2,29.5,30.1,28.7,28.8,28.1,28.9,0.68,-0.14,66,17,16.2,27.36,0.1,0.2821,-0.9594,28.6,28.0,28.0,station
2026-06-16,31.6,31.3,30.7,29.7,29.7,31.1,31.2,31.1,29.6,29.3,30.6,0.88,0.14,66,11,16.6,29.21,0.0,0.2656,-0.9641,30.2,29.0,29.0,station
2026-06-17,32.0,30.9,30.8,29.5,29.8,31.5,31.1,30.7,29.6,29.7,30.6,0.99,0.08,71,15,15.4,28.76,0.0,0.2489,-0.9685,30.3,30.0,30.0,station
2026-06-18,31.2,30.3,29.4,29.1,28.9,31.1,30.3,29.7,29.4,28.7,29.78,0.96,-0.06,68,6,16.9,29.29,0.0,0.2322,-0.9727,29.7,30.0,30.0,station
2026-06-19,31.3,30.5,29.2,29.2,28.8,30.8,30.7,29.1,29.0,29.7,29.8,1.06,-0.06,62,0,15.5,29.64,0.0,0.2155,-0.9765,29.4,29.0,29.0,station
2026-06-20,32.1,31.3,30.5,30.4,29.7,32.0,31.5,30.9,30.2,29.7,30.8,0.92,-0.06,65,2,16.0,29.12,0.0,0.1986,-0.9801,30.5,30.0,30.0,station
2026-06-21,31.6,30.5,30.5,29.2,29.2,31.5,30.9,30.9,29.3,29.1,30.2,1.02,-0.14,68,17,16.6,28.53,0.0,0.1818,-0.9833,30.1,29.0,29.0,station
2026-06-22,30.7,29.9,29.3,29.1,29.1,30.4,30.2,29.3,29.2,29.0,29.62,0.69,0.0,68,19,16.3,27.91,0.0,0.1648,-0.9863,29.5,29.0,29.0,station
2026-06-23,30.6,30.3,30.0,29.7,29.3,30.7,30.4,30.1,29.4,29.0,29.98,0.51,0.06,68,3,16.7,28.86,0.0,0.1478,-0.989,29.4,30.0,30.0,station
2026-06-24,32.0,31.4,30.7,30.0,30.2,32.3,31.6,31.0,30.3,30.5,30.86,0.84,-0.28,66,4,16.1,28.89,0.0,0.1308,-0.9914,30.1,31.0,31.0,station
2026-06-25,31.3,30.8,30.6,30.0,29.4,31.3,31.0,30.7,30.0,29.4,30.42,0.74,-0.06,72,12,16.7,28.78,0.0,0.1137,-0.9935,29.7,30.0,30.0,station
2026-06-26,31.0,30.9,30.1,30.4,29.7,31.0,30.9,30.5,30.1,29.6,30.42,0.54,0.0,69,20,15.7,27.66,0.1,0.0966,-0.9953,29.8,29.0,29.0,station
2026-06-27,32.0,31.5,31.2,30.3,30.0,31.8,31.6,31.4,30.6,30.0,31.0,0.83,-0.08,69,18,16.2,28.35,0.0,0.0795,-0.9968,30.6,30.0,30.0,station
2026-06-28,33.2,32.7,31.6,30.8,30.8,32.8,32.9,31.7,30.8,30.5,31.82,1.1,0.08,70,13,15.8,28.06,0.0,0.0623,-0.9981,30.8,31.0,31.0,station
2026-06-29,34.5,33.6,33.4,31.5,31.8,34.5,33.6,33.3,31.8,31.4,32.96,1.27,0.04,67,2,16.0,28.75,0.0,0.0451,-0.999,32.4,32.0,32.0,station
2026-06-30,33.7,33.2,32.1,31.5,31.2,34.0,33.3,32.2,31.4,31.1,32.34,1.08,-0.06,67,1,15.9,29.33,0.0,0.028,-0.9996,32.1,32.0,32.0,station
2026-07-01,33.2,32.6,31.9,30.8,31.1,33.2,32.9,32.0,30.9,31.0,31.92,1.0,-0.08,71,8,16.4,29.0,0.0,0.0108,-0.9999,31.1,31.0,31.0,station
2026-07-02,32.7,31.9,31.3,31.2,30.8,33.0,32.3,31.5,30.6,30.9,31.58,0.74,-0.08,69,8,17.2,29.03,0.0,-0.0065,-1.0,30.9,31.0,31.0,station
2026-07-03,32.4,31.6,31.2,31.3,31.1,32.4,31.9,31.6,31.5,31.3,31.52,0.53,-0.22,70,20,16.3,27.81,0.1,-0.0237,-0.9997,31.3,31.0,31.0,station
2026-07-04,31.8,31.7,31.4,31.4,30.9,31.9,31.9,31.4,31.2,31.2,31.44,0.35,-0.08,72,27,16.9,26.66,0.8,-0.0408,-0.9992,30.9,31.0,31.0,station
2026-07-05,32.1,31.9,31.6,31.4,30.8,31.9,32.2,31.7,31.5,31.0,31.56,0.5,-0.1,72,22,16.7,25.17,0.4,-0.058,-0.9983,31.2,31.0,31.0,station
2026-07-06,33.7,33.1,32.2,31.8,31.7,33.0,32.9,31.9,31.8,31.9,32.5,0.87,0.2,67,11,15.7,27.66,0.0,-0.0752,-0.9972,33.1,33.0,33.0,station
2026-07-07,31.7,31.9,30.6,31.7,31.1,31.4,31.3,31.2,30.6,31.0,31.4,0.54,0.3,69,31,16.0,26.34,0.8,-0.0923,-0.9957,31.2,31.0,31.0,station
2026-07-08,31.0,31.0,30.0,30.2,29.3,30.5,31.1,30.4,30.6,29.6,30.3,0.72,-0.14,66,30,17.3,27.76,0.2,-0.1094,-0.994,30.4,30.0,30.0,station
2026-07-09,31.5,31.2,30.5,30.9,30.0,31.4,31.4,31.0,30.7,30.1,30.82,0.59,-0.1,67,14,17.3,26.96,0.1,-0.1265,-0.992,30.5,31.0,31.0,station
2026-07-10,32.0,31.6,31.2,30.6,30.1,32.2,31.9,31.3,31.0,30.0,31.1,0.76,-0.18,62,7,16.4,29.05,0.0,-0.1436,-0.9896,30.7,31.0,31.0,station
2026-07-11,33.0,32.4,31.6,31.1,31.0,33.0,32.3,31.6,30.9,30.9,31.82,0.86,0.08,63,5,16.5,29.23,0.0,-0.1606,-0.987,32.2,31.0,31.0,station
2026-07-12,33.3,32.7,32.0,31.1,31.4,33.2,32.8,32.2,31.4,31.1,32.1,0.91,-0.04,68,6,15.6,28.87,0.0,-0.1775,-0.9841,31.4,31.0,31.0,station
2026-07-13,32.6,32.3,31.7,30.9,31.1,32.7,32.4,31.9,30.8,30.6,31.72,0.74,0.04,70,11,15.2,28.06,0.0,-0.1944,-0.9809,31.0,31.0,31.0,station
2026-07-14,32.9,33.1,32.6,31.7,31.0,32.9,33.2,32.8,31.8,31.0,32.26,0.88,-0.08,70,12,15.5,28.29,0.0,-0.2113,-0.9774,31.4,32.0,32.0,station
2026-07-15,33.3,32.9,32.6,32.0,31.5,33.4,33.1,33.2,32.1,31.8,32.46,0.72,-0.26,72,10,16.1,28.32,0.0,-0.2281,-0.9736,31.4,32.0,32.0,station
2026-07-16,33.5,33.2,32.8,31.4,31.5,33.5,32.9,33.5,31.6,31.3,32.48,0.97,-0.08,71,7,15.3,28.48,0.0,-0.2448,-0.9696,31.4,32.0,32.0,station
2026-07-17,34.4,33.6,32.4,31.7,31.6,34.4,33.4,32.6,31.8,31.8,32.74,1.22,-0.06,68,1,15.1,28.5,0.0,-0.2614,-0.9652,31.7,32.0,32.0,station
2026-07-18,36.3,35.5,34.2,33.7,33.2,36.1,35.1,34.9,33.5,33.2,34.58,1.29,0.02,57,0,16.2,29.06,0.0,-0.278,-0.9606,33.6,35.0,35.0,station
2026-07-19,37.5,36.4,34.9,34.9,34.8,37.7,36.4,35.3,34.8,34.5,35.7,1.21,-0.04,54,0,15.1,28.85,0.0,-0.2945,-0.9557,34.6,34.0,34.0,station
2026-07-20,36.3,35.6,34.3,33.4,34.4,36.9,35.9,34.1,33.6,33.9,34.8,1.15,-0.08,70,1,15.6,28.37,0.0,-0.3109,-0.9505,33.0,33.0,33.0,station
2026-07-21,34.7,33.9,33.5,32.4,33.7,35.0,34.3,33.6,32.5,33.7,33.64,0.83,-0.18,69,1,15.6,28.08,0.0,-0.3272,-0.945,32.5,33.0,33.0,station
2026-07-22,35.2,34.8,34.2,33.0,33.5,35.2,34.9,34.2,33.0,33.6,34.14,0.9,-0.04,67,0,15.5,27.9,0.0,-0.3434,-0.9392,32.8,33.0,33.0,station
2026-07-23,35.4,35.5,34.7,33.1,33.5,35.3,35.6,34.9,33.6,34.1,34.44,1.09,-0.26,71,11,15.7,27.66,0.0,-0.3595,-0.9332,33.1,33.0,33.0,station
2026-07-24,33.2,32.4,32.8,31.7,32.0,33.6,32.5,32.8,31.6,32.0,32.42,0.6,-0.08,71,18,18.5,26.92,0.2,-0.3755,-0.9268,31.5,32.0,32.0,station
2026-07-25,35.3,35.6,33.4,34.7,33.5,36.0,36.1,33.3,35.4,33.9,34.5,1.01,-0.44,58,15,15.5,27.26,0.0,-0.3914,-0.9202,32.8,33.0,33.0,station
2026-07-26,33.0,32.1,30.9,31.1,31.8,32.5,32.3,30.6,30.9,31.6,31.78,0.84,0.2,60,5,17.6,27.03,0.0,-0.4071,-0.9134,31.8,31.0,31.0,station
2026-07-27,33.6,33.3,32.6,32.4,31.7,33.5,33.6,32.6,32.8,32.1,32.72,0.75,-0.2,60,6,17.3,27.91,0.0,-0.4228,-0.9062,32.7,32.0,32.0,station
2026-07-28,33.9,33.3,32.6,32.3,31.9,34.0,33.4,32.5,32.3,31.7,32.8,0.8,0.02,64,3,17.8,28.09,0.0,-0.4383,-0.8988,31.9,,,
