datum,era5_max,rh_gem,bewolking_gem,wind_max,instraling_som,neerslag_som,station_max
2000-01-01,11.4,88,84,9.2,8.78,0.0,
2000-01-02,9.5,82,79,7.4,5.03,0.0,8.9
2000-01-03,10.5,84,81,8.3,4.82,0.0,9.6
2000-01-04,8.6,90,89,7.4,2.26,1.1,
2000-01-05,10.9,90,87,8.4,4.58,0.2,12.1
2000-01-06,9.4,95,100,7.7,0.85,5.0,
2000-01-07,9.3,80,99,8.9,2.3,0.0,
2000-01-08,10.3,82,81,6.0,4.03,0.0,11.7
2000-01-09,9.4,86,76,9.2,2.8,0.1,
2000-01-10,10.4,88,98,9.3,2.73,0.5,12.8
2000-01-11,11.0,88,100,5.9,1.92,0.3,13.3
2000-01-12,10.3,89,100,4.1,2.6,0.2,10.9
2000-01-13,12.3,77,79,12.2,5.47,0.0,13.7
2000-01-14,8.5,69,90,11.5,2.49,0.1,10.9
2000-01-15,8.1,74,100,7.3,2.34,0.0,10.3
2000-01-16,7.2,81,99,8.9,3.06,1.8,9.0
2000-01-17,7.5,82,94,5.8,4.17,3.1,6.5
2000-01-18,10.1,73,74,7.3,9.41,0.0,
2000-01-19,11.6,67,63,11.7,9.2,0.2,10.2
2000-01-20,6.4,66,96,11.2,3.51,1.4,8.7
2000-01-21,5.6,80,96,11.4,3.38,1.6,6.8
2000-01-22,7.3,76,93,8.1,6.05,0.0,8.1
2000-01-23,7.4,82,99,6.1,3.78,2.0,9.4
2000-01-24,8.3,83,98,6.1,3.52,4.7,9.0
2000-01-25,7.2,74,93,11.2,5.48,0.0,7.5
2000-01-26,9.2,67,63,9.4,11.49,0.0,7.0
2000-01-27,7.4,64,64,10.2,9.8,0.0,
2000-01-28,5.5,68,90,6.3,7.17,0.0,5.4
2000-01-29,8.1,71,83,6.3,9.23,0.4,6.8
2000-01-30,5.9,72,98,12.5,4.98,0.2,6.5
2000-01-31,6.5,63,80,11.3,10.46,0.0,6.3
2000-02-01,8.0,61,34,10.7,15.07,0.0,6.5
2000-02-02,6.7,64,85,6.8,6.99,0.0,5.2
2000-02-03,5.6,75,86,8.4,4.83,0.0,6.0
2000-02-04,6.5,77,97,4.9,5.43,0.0,7.1
2000-02-05,7.8,72,79,5.5,7.01,0.0,9.4
2000-02-06,10.2,70,76,7.6,10.1,0.0,11.7
2000-02-07,9.4,79,88,7.7,6.28,1.9,11.8
2000-02-08,11.6,77,84,9.4,6.33,0.0,9.9
2000-02-09,8.9,70,84,8.0,5.87,0.0,9.4
2000-02-10,11.2,70,79,6.5,9.38,1.7,11.3
2000-02-11,14.0,70,83,8.3,9.3,0.0,14.3
2000-02-12,12.2,79,95,6.6,2.73,0.0,14.0
2000-02-13,10.1,88,99,10.0,1.78,1.7,12.8
2000-02-14,8.3,90,100,11.7,1.61,5.0,
2000-02-15,9.9,84,95,8.7,3.99,2.1,9.8
2000-02-16,13.3,68,59,9.2,15.01,0.0,13.9
2000-02-17,10.6,77,73,11.8,3.73,0.4,11.2
2000-02-18,11.6,84,97,8.2,5.04,0.7,
2000-02-19,12.7,79,95,5.6,6.46,1.5,11.8
2000-02-20,11.4,80,95,9.3,3.7,1.9,10.6
2000-02-21,11.9,68,79,8.3,8.53,0.0,
2000-02-22,11.3,73,70,9.8,7.44,0.0,14.0
2000-02-23,12.2,72,85,7.8,7.14,0.0,14.3
2000-02-24,11.6,65,89,8.0,7.46,0.0,14.2
2000-02-25,12.6,65,80,11.6,12.14,0.7,13.5
2000-02-26,12.5,56,73,10.0,16.8,0.0,13.9
2000-02-27,11.4,56,99,4.7,7.75,0.0,11.5
2000-02-28,11.8,75,87,3.8,11.54,0.8,13.2
2000-02-29,14.1,64,56,11.2,15.31,0.0,15.3
2000-03-01,15.2,59,48,10.0,15.74,0.0,15.9
2000-03-02,10.8,78,98,7.4,4.21,4.7,10.8
2000-03-03,12.6,78,95,5.2,7.72,0.3,11.6
2000-03-04,14.5,70,73,5.3,10.07,0.0,15.3
2000-03-05,16.0,70,77,7.8,10.34,0.0,17.2
2000-03-06,13.5,80,97,5.9,3.32,0.9,13.3
2000-03-07,12.1,92,100,4.4,1.97,2.6,11.7
2000-03-08,10.9,86,98,9.6,4.05,7.4,
2000-03-09,11.4,77,97,8.1,6.35,7.5,
2000-03-10,10.3,77,98,6.2,6.38,1.8,10.0
2000-03-11,12.7,69,90,6.3,10.01,0.0,11.7
2000-03-12,15.3,66,80,7.3,12.7,0.0,16.7
2000-03-13,14.0,75,95,7.9,4.01,2.2,14.1
2000-03-14,13.7,86,98,9.7,3.5,7.2,14.0
2000-03-15,15.4,83,96,9.0,5.9,10.1,14.4
2000-03-16,16.8,77,80,9.2,12.01,0.4,15.4
2000-03-17,15.9,73,69,8.8,7.48,0.0,17.4
2000-03-18,18.4,70,57,6.6,13.89,0.2,
2000-03-19,19.1,73,83,10.5,8.14,0.4,19.0
2000-03-20,19.4,75,87,10.0,7.71,0.0,19.4
2000-03-21,20.4,80,76,8.7,8.03,0.1,21.7
2000-03-22,17.2,84,87,10.0,3.83,1.6,19.9
2000-03-23,12.7,83,100,13.7,1.48,7.9,15.4
2000-03-24,12.2,77,95,9.4,5.57,0.0,12.7
2000-03-25,14.4,82,87,8.9,5.76,0.3,15.7
2000-03-26,19.0,70,9,9.8,23.31,0.0,
2000-03-27,23.5,66,69,10.0,23.26,0.0,25.3
2000-03-28,25.9,64,56,9.7,23.32,0.0,28.1
2000-03-29,28.1,65,68,12.3,18.49,0.0,
2000-03-30,28.2,70,85,10.2,17.24,2.4,27.7
2000-03-31,26.6,67,43,10.6,20.69,1.5,28.4
2000-04-01,26.7,68,70,13.6,20.8,0.0,28.6
2000-04-02,21.6,85,98,8.7,8.91,14.5,21.6
2000-04-03,15.3,93,100,11.1,2.71,18.4,15.2
2000-04-04,17.1,83,100,6.4,7.64,4.8,16.4
2000-04-05,18.1,81,100,7.1,12.8,2.3,19.8
2000-04-06,18.6,81,100,8.4,10.29,3.9,15.8
2000-04-07,18.6,82,99,8.0,10.93,2.1,17.1
2000-04-08,21.3,78,90,7.9,14.98,0.2,19.4
2000-04-09,22.2,75,86,9.4,13.97,0.2,19.4
2000-04-10,18.8,85,100,12.8,6.42,13.5,17.2
2000-04-11,17.2,81,98,10.4,9.3,2.5,16.5
2000-04-12,21.9,74,76,8.4,21.35,0.0,22.3
2000-04-13,20.4,84,86,9.0,8.51,9.2,18.3
2000-04-14,20.8,72,71,13.2,16.9,0.2,
2000-04-15,21.2,66,40,11.9,24.57,0.0,23.3
2000-04-16,25.8,68,19,11.9,26.24,0.0,26.3
2000-04-17,26.3,69,60,12.3,18.36,0.0,28.9
2000-04-18,22.2,80,74,11.2,12.04,2.1,22.5
2000-04-19,24.9,81,66,8.4,15.18,3.9,
2000-04-20,20.3,76,85,23.3,12.66,5.4,20.7
2000-04-21,17.9,85,98,8.5,5.1,7.2,
2000-04-22,22.2,74,70,7.8,19.38,9.0,
2000-04-23,22.6,76,89,8.0,11.43,1.3,23.8
2000-04-24,20.4,80,96,7.6,6.2,0.0,
2000-04-25,19.2,84,100,12.4,4.54,1.7,20.0
2000-04-26,20.9,76,77,9.5,18.12,6.3,
2000-04-27,22.3,72,69,14.2,13.74,0.0,20.6
2000-04-28,23.7,72,67,8.3,18.35,0.0,24.9
2000-04-29,18.8,86,100,8.2,2.47,16.0,19.8
2000-04-30,16.4,85,99,6.6,4.11,4.3,17.4
2000-05-01,19.8,83,91,5.6,7.97,1.3,22.2
2000-05-02,24.7,74,39,6.0,23.72,0.0,27.3
2000-05-03,27.1,70,89,5.8,22.51,0.0,29.2
2000-05-04,25.5,79,98,7.3,9.54,0.3,
2000-05-05,29.8,68,32,7.1,27.18,0.0,31.6
2000-05-06,31.4,65,51,10.7,24.44,0.0,33.7
2000-05-07,23.6,75,97,14.0,10.3,4.9,26.8
2000-05-08,23.9,83,98,8.1,8.58,8.6,23.9
2000-05-09,26.1,74,63,9.1,22.38,0.2,28.2
2000-05-10,28.9,73,12,10.1,25.9,0.0,31.1
2000-05-11,26.9,75,82,15.9,15.74,0.9,
2000-05-12,29.7,72,24,11.2,27.73,0.0,32.8
2000-05-13,33.0,71,52,12.5,24.56,0.0,34.4
2000-05-14,33.1,62,25,12.3,27.12,0.0,36.0
2000-05-15,32.3,71,55,16.3,21.95,13.5,34.7
2000-05-16,20.2,80,98,14.3,7.04,40.6,22.5
2000-05-17,23.5,83,97,7.1,11.99,2.0,21.6
2000-05-18,25.1,79,98,11.0,21.92,1.4,25.6
2000-05-19,28.1,71,98,8.3,23.38,0.0,30.7
2000-05-20,31.3,69,42,8.2,27.68,0.0,33.8
2000-05-21,31.8,66,35,8.8,27.8,0.0,35.2
2000-05-22,31.6,64,74,14.3,25.29,0.0,34.6
2000-05-23,26.2,78,94,7.7,12.31,8.3,27.2
2000-05-24,24.4,89,99,8.6,5.45,31.2,23.4
2000-05-25,27.6,84,57,4.9,22.22,0.3,30.1
2000-05-26,28.4,82,80,9.7,15.7,5.4,26.3
2000-05-27,23.1,80,94,8.3,5.89,1.0,23.6
2000-05-28,18.4,90,100,6.6,2.22,17.2,19.6
2000-05-29,19.0,88,99,7.6,4.32,0.3,19.6
2000-05-30,23.1,80,90,5.7,14.75,7.6,25.8
2000-05-31,27.9,78,32,9.5,28.21,0.0,30.2
2000-06-01,29.7,81,74,11.5,16.77,3.8,
2000-06-02,32.1,80,69,15.3,20.97,0.2,
2000-06-03,28.6,91,97,6.4,7.36,18.1,31.0
2000-06-04,29.6,84,85,7.6,18.27,10.9,29.6
2000-06-05,27.4,82,99,15.5,11.74,20.5,27.5
2000-06-06,24.9,86,100,7.9,6.34,14.6,23.9
2000-06-07,26.8,85,100,4.9,9.13,1.2,24.6
2000-06-08,23.4,86,99,8.7,5.95,3.7,23.2
2000-06-09,27.2,82,98,9.0,14.33,1.9,25.1
2000-06-10,22.5,88,100,14.0,1.81,23.1,20.9
2000-06-11,21.5,88,100,6.9,4.19,0.8,20.6
2000-06-12,20.9,85,100,5.6,5.43,2.7,22.7
2000-06-13,23.4,77,88,7.7,14.16,0.0,24.6
2000-06-14,24.5,77,74,4.3,18.81,0.0,25.7
2000-06-15,27.6,77,27,6.0,27.63,0.0,30.1
2000-06-16,29.6,73,43,9.2,25.39,0.0,31.0
2000-06-17,30.6,74,79,11.4,21.56,0.7,34.3
2000-06-18,29.4,80,92,13.8,16.64,1.1,26.6
2000-06-19,25.5,85,82,6.5,15.51,7.0,
2000-06-20,27.2,86,66,7.9,16.46,7.2,30.2
2000-06-21,29.8,81,42,8.0,22.08,1.1,31.6
2000-06-22,30.7,81,63,8.4,21.5,1.5,32.4
2000-06-23,28.6,87,96,10.0,13.55,9.6,30.1
2000-06-24,26.1,90,100,5.7,6.7,11.3,28.1
2000-06-25,28.7,89,99,8.0,9.37,13.1,30.6
2000-06-26,29.8,90,100,7.7,11.33,19.8,31.7
2000-06-27,28.1,87,100,10.5,11.13,5.2,29.4
2000-06-28,29.3,87,96,10.1,14.7,10.7,29.3
2000-06-29,28.4,87,89,7.6,11.75,3.8,30.9
2000-06-30,29.7,86,78,7.7,19.61,8.7,30.2
2000-07-01,28.9,91,98,9.2,13.96,49.5,27.3
2000-07-02,29.2,87,88,8.7,14.66,10.2,30.3
2000-07-03,27.0,90,98,8.4,7.91,18.8,25.8
2000-07-04,27.7,88,83,6.7,10.53,23.1,28.9
2000-07-05,30.0,85,58,4.7,19.59,4.5,
2000-07-06,30.4,84,69,6.6,20.23,12.2,31.7
2000-07-07,29.5,86,86,7.6,16.9,16.4,31.4
2000-07-08,28.5,88,80,8.4,17.4,15.9,30.4
2000-07-09,28.3,89,93,7.2,13.23,24.1,28.2
2000-07-10,29.5,88,92,7.9,16.67,8.1,30.0
2000-07-11,27.8,87,100,9.8,10.9,5.1,28.9
2000-07-12,28.5,87,98,7.8,12.83,0.0,28.2
2000-07-13,31.4,79,99,12.0,18.55,0.0,30.8
2000-07-14,26.0,93,97,8.4,5.79,21.2,26.2
2000-07-15,30.5,85,76,9.3,21.38,14.8,
2000-07-16,32.4,81,40,12.4,25.19,0.7,
2000-07-17,34.7,77,26,10.7,26.04,0.0,35.7
2000-07-18,34.9,77,31,8.6,24.87,0.1,36.6
2000-07-19,32.1,80,42,5.8,24.18,8.1,35.2
2000-07-20,31.1,85,93,7.1,16.89,14.2,32.9
2000-07-21,32.7,81,46,9.7,23.77,2.6,35.3
2000-07-22,32.7,75,43,10.1,25.05,0.0,35.6
2000-07-23,33.2,74,78,9.7,25.8,0.0,36.8
2000-07-24,33.7,73,94,9.7,25.42,0.0,36.6
2000-07-25,34.2,74,94,8.7,24.8,0.0,37.0
2000-07-26,35.1,75,93,9.6,24.82,0.0,37.7
2000-07-27,35.7,77,98,6.2,23.29,0.0,37.1
2000-07-28,32.4,81,100,7.6,18.27,7.6,35.2
2000-07-29,27.2,91,100,10.1,7.07,46.2,30.2
2000-07-30,27.0,79,95,9.0,14.76,16.2,28.0
2000-07-31,30.7,71,7,10.4,27.94,0.0,33.8
2000-08-01,27.0,84,96,9.1,8.07,4.8,31.8
2000-08-02,23.9,93,100,8.3,3.57,33.7,24.8
2000-08-03,23.6,88,98,7.0,8.63,5.2,23.2
2000-08-04,26.7,82,98,3.3,11.08,3.1,28.6
2000-08-05,28.5,84,96,4.8,15.13,13.0,29.4
2000-08-06,30.2,88,98,5.0,16.52,11.4,32.9
2000-08-07,31.3,83,100,9.9,19.27,0.0,34.0
2000-08-08,29.5,87,100,11.1,13.25,4.6,29.2
2000-08-09,28.6,81,93,9.7,14.48,0.0,32.0
2000-08-10,30.7,84,78,5.8,20.06,1.9,
2000-08-11,30.7,88,81,11.6,15.78,12.0,
2000-08-12,29.9,86,81,6.6,13.55,4.7,31.5
2000-08-13,31.6,84,73,6.3,20.43,4.2,33.9
2000-08-14,31.4,85,94,7.6,18.07,3.8,34.8
2000-08-15,27.6,90,98,10.3,9.77,8.9,
2000-08-16,31.0,85,95,9.1,19.58,1.3,33.7
2000-08-17,30.8,81,100,11.9,15.25,0.1,31.8
2000-08-18,25.9,92,100,9.2,5.59,11.9,25.8
2000-08-19,27.1,88,87,5.1,8.12,2.4,29.9
2000-08-20,29.5,82,62,9.2,16.8,0.4,31.7
2000-08-21,29.1,80,94,11.4,9.8,1.6,30.6
2000-08-22,30.9,80,76,11.7,18.21,3.7,33.1
2000-08-23,24.6,93,88,9.9,6.85,7.3,25.0
2000-08-24,28.4,84,67,5.4,14.25,2.1,27.9
2000-08-25,29.5,85,55,5.9,17.73,2.2,29.0
2000-08-26,26.8,90,98,7.9,7.4,19.2,30.3
2000-08-27,26.9,83,82,8.7,14.26,2.6,28.9
2000-08-28,25.6,87,93,6.6,8.27,0.1,27.1
2000-08-29,24.9,83,99,6.4,10.57,0.8,24.9
2000-08-30,27.5,78,41,5.2,18.37,0.0,29.0
2000-08-31,29.3,77,18,4.2,21.17,0.0,31.0
2000-09-01,31.7,77,9,8.9,22.66,0.0,33.8
2000-09-02,32.7,74,9,10.7,24.02,0.0,34.8
2000-09-03,30.8,78,69,8.6,17.38,0.0,29.0
2000-09-04,31.7,77,60,9.5,21.17,0.4,33.0
2000-09-05,28.9,88,91,10.5,12.69,20.0,30.1
2000-09-06,22.7,93,100,11.6,2.42,29.0,
2000-09-07,20.3,91,100,11.2,1.29,11.9,17.0
2000-09-08,20.5,84,99,4.1,6.29,0.9,18.5
2000-09-09,18.5,89,100,8.8,2.59,10.9,18.3
2000-09-10,17.8,92,100,4.3,1.58,17.4,17.9
2000-09-11,17.9,93,100,6.1,1.85,6.7,18.9
2000-09-12,20.8,88,86,7.3,4.99,1.7,22.6
2000-09-13,24.5,83,59,7.2,15.73,1.4,25.8
2000-09-14,26.3,79,29,7.1,19.97,0.3,29.0
2000-09-15,27.6,77,39,6.5,20.34,0.1,29.7
2000-09-16,28.3,82,89,4.0,16.13,0.7,30.0
2000-09-17,29.3,80,45,8.0,21.21,0.0,31.9
2000-09-18,28.1,78,43,8.0,17.21,0.7,29.4
2000-09-19,25.3,84,82,5.9,13.65,1.8,26.7
2000-09-20,26.5,78,51,9.7,19.4,0.0,28.6
2000-09-21,28.5,76,15,10.3,18.73,0.0,30.1
2000-09-22,30.7,71,12,15.7,20.71,0.0,32.4
2000-09-23,29.5,73,70,12.9,17.44,0.5,31.1
2000-09-24,24.9,90,100,4.0,5.64,11.5,
2000-09-25,25.3,90,99,12.4,8.06,6.6,23.4
2000-09-26,25.9,84,92,6.4,10.34,4.8,23.6
2000-09-27,22.8,89,100,8.7,4.8,19.3,22.9
2000-09-28,23.3,94,98,8.9,4.44,28.4,23.1
2000-09-29,24.9,92,93,7.2,7.11,23.3,24.6
2000-09-30,21.5,89,100,10.9,3.97,23.4,21.5
2000-10-01,20.8,88,96,3.8,3.39,3.7,22.2
2000-10-02,22.6,86,96,5.6,6.24,5.5,24.7
2000-10-03,25.2,82,81,6.6,13.37,0.7,26.2
2000-10-04,26.8,77,56,6.8,16.59,0.0,28.4
2000-10-05,27.0,81,57,6.3,16.72,0.1,28.6
2000-10-06,28.2,77,22,11.3,19.64,0.0,30.0
2000-10-07,28.6,74,28,11.3,18.12,0.0,29.7
2000-10-08,30.1,73,27,12.9,18.14,0.0,
2000-10-09,30.1,72,23,14.9,16.36,0.0,32.6
2000-10-10,31.3,70,27,17.0,17.69,0.0,34.0
2000-10-11,22.8,87,100,15.9,1.62,9.5,22.5
2000-10-12,15.2,90,100,8.7,1.09,12.2,16.2
2000-10-13,14.7,90,100,4.6,1.2,9.0,16.0
2000-10-14,15.5,80,96,4.0,2.86,0.1,16.9
2000-10-15,18.2,80,86,3.8,7.27,1.0,19.6
2000-10-16,16.3,81,80,5.4,3.83,2.9,17.2
2000-10-17,19.3,79,81,8.2,11.69,0.0,20.3
2000-10-18,21.2,77,57,11.1,10.82,0.1,23.4
2000-10-19,18.7,81,97,6.1,3.79,1.6,20.4
2000-10-20,22.1,78,75,9.0,10.32,0.6,23.2
2000-10-21,17.5,87,100,5.6,1.53,6.2,18.7
2000-10-22,22.0,83,92,5.3,9.95,0.0,21.7
2000-10-23,23.0,82,98,9.7,6.25,5.9,21.8
2000-10-24,19.5,90,99,9.3,1.88,10.2,20.8
2000-10-25,14.4,86,100,11.0,1.38,8.9,15.6
2000-10-26,15.2,88,100,5.5,2.06,3.9,15.9
2000-10-27,15.5,92,100,6.5,1.79,10.1,15.3
2000-10-28,14.6,95,100,5.5,0.82,15.0,
2000-10-29,18.1,82,93,8.0,9.02,1.9,19.8
2000-10-30,20.0,81,47,11.8,14.58,0.0,21.9
2000-10-31,19.2,73,40,8.7,14.85,0.0,21.5
2000-11-01,20.2,70,6,6.2,15.9,0.0,22.1
2000-11-02,21.6,73,6,11.2,16.28,0.0,
2000-11-03,21.9,70,4,8.4,16.23,0.0,23.0
2000-11-04,21.2,75,17,9.0,15.28,0.0,
2000-11-05,23.3,74,4,11.4,15.83,0.0,23.7
2000-11-06,22.3,76,37,8.7,9.58,0.0,23.4
2000-11-07,21.3,76,71,11.2,6.58,1.0,21.9
2000-11-08,18.4,78,85,9.0,3.43,1.7,
2000-11-09,20.7,74,41,12.4,12.18,0.0,
2000-11-10,15.9,89,100,13.1,1.04,20.5,18.2
2000-11-11,7.9,80,100,11.2,2.56,7.2,8.6
2000-11-12,9.4,81,95,5.0,3.68,0.5,10.4
2000-11-13,11.8,74,94,8.5,5.54,0.3,
2000-11-14,10.3,82,99,5.8,1.9,1.6,11.4
2000-11-15,11.1,88,94,3.3,2.44,3.5,12.0
2000-11-16,13.7,80,93,9.2,6.21,0.0,13.9
2000-11-17,13.5,77,99,6.9,3.01,0.0,13.7
2000-11-18,12.4,66,95,12.7,4.01,1.1,13.2
2000-11-19,9.6,87,100,14.8,1.18,15.6,10.2
2000-11-20,11.3,74,48,8.3,13.49,0.0,12.6
2000-11-21,14.0,72,0,10.8,14.57,0.0,
2000-11-22,15.1,69,8,9.6,13.72,0.0,15.9
2000-11-23,13.5,74,70,7.6,7.47,0.0,13.3
2000-11-24,11.6,77,98,6.8,3.19,0.0,13.9
2000-11-25,10.8,82,98,6.6,2.01,0.2,13.3
2000-11-26,11.1,92,99,9.2,1.35,2.5,13.8
2000-11-27,10.6,93,99,7.0,1.25,3.5,12.1
2000-11-28,11.4,90,100,6.4,1.57,0.7,
2000-11-29,10.9,92,100,5.1,1.57,1.6,11.5
2000-11-30,13.0,86,94,5.6,5.85,0.0,12.1
2000-12-01,11.4,80,100,7.2,1.88,0.2,12.6
2000-12-02,10.0,83,100,10.0,1.76,0.9,10.8
2000-12-03,12.6,69,45,10.8,12.94,0.0,14.3
2000-12-04,13.6,75,18,8.3,13.11,0.0,13.0
2000-12-05,11.0,78,98,7.1,2.39,0.0,12.0
2000-12-06,9.7,88,100,6.8,1.5,2.2,11.7
2000-12-07,13.1,80,88,5.4,6.1,0.0,13.7
2000-12-08,11.9,84,84,7.1,2.79,0.0,11.6
2000-12-09,10.3,90,99,5.4,1.56,1.3,11.0
2000-12-10,11.1,86,98,10.8,3.64,2.1,12.9
2000-12-11,8.8,88,100,8.4,1.61,8.1,9.7
2000-12-12,7.3,88,100,7.6,1.71,8.9,7.3
2000-12-13,9.7,80,52,9.1,11.32,0.0,9.9
2000-12-14,9.1,77,74,9.0,7.8,0.0,8.6
2000-12-15,8.9,78,93,4.7,3.24,0.6,9.7
2000-12-16,10.1,81,87,9.0,7.11,2.8,11.9
2000-12-17,11.4,83,87,7.4,4.78,0.0,12.5
2000-12-18,10.2,88,98,6.5,2.04,0.9,10.6
2000-12-19,8.3,95,100,6.2,0.75,8.7,9.4
2000-12-20,11.0,75,74,8.4,5.67,1.4,12.1
2000-12-21,12.2,71,24,8.9,12.44,0.0,13.1
2000-12-22,12.8,74,17,8.4,11.47,0.0,13.7
2000-12-23,14.0,75,18,7.9,12.47,0.0,14.1
2000-12-24,12.0,80,70,5.0,5.61,0.0,11.0
2000-12-25,10.2,91,98,5.2,1.93,2.3,11.6
2000-12-26,14.2,87,86,9.4,4.68,0.0,14.0
2000-12-27,10.5,92,98,7.7,1.32,4.0,11.2
2000-12-28,14.6,80,94,8.9,5.4,0.0,14.0
2000-12-29,11.1,89,100,8.3,0.98,4.7,11.2
2000-12-30,13.0,86,98,7.1,4.31,0.5,12.4
2000-12-31,14.7,80,75,8.4,7.87,0.0,13.6
2001-01-01,10.7,83,100,7.6,1.81,2.7,10.9
2001-01-02,9.9,94,99,6.6,1.34,2.1,9.6
2001-01-03,9.9,90,94,4.6,2.31,2.5,9.4
2001-01-04,11.7,82,88,7.3,5.26,0.0,10.4
2001-01-05,9.7,87,99,8.7,1.53,3.5,10.4
2001-01-06,12.0,83,86,9.8,5.16,7.1,11.8
2001-01-07,9.3,88,83,7.6,1.85,1.2,10.6
2001-01-08,8.6,90,100,13.6,1.49,4.8,10.8
2001-01-09,6.0,81,90,8.7,3.67,6.0,7.2
2001-01-10,10.0,78,67,8.4,11.52,0.0,9.2
2001-01-11,11.4,75,35,8.3,12.65,0.0,8.5
2001-01-12,7.3,83,93,9.8,2.42,4.6,9.2
2001-01-13,12.5,76,69,15.5,11.68,0.3,11.5
2001-01-14,8.8,76,99,11.2,4.99,4.6,7.9
2001-01-15,10.5,66,90,7.5,6.57,0.0,9.8
2001-01-16,12.3,71,53,9.6,11.69,0.0,10.9
2001-01-17,9.7,76,92,8.1,4.19,0.0,9.0
2001-01-18,11.0,82,90,12.8,4.71,0.1,11.1
2001-01-19,9.0,88,93,9.0,1.83,1.2,13.3
2001-01-20,12.7,77,63,11.7,9.54,0.0,11.3
2001-01-21,11.6,79,93,9.1,4.6,0.1,13.4
2001-01-22,11.4,84,82,10.2,3.32,0.0,10.7
2001-01-23,9.4,75,100,10.5,2.95,1.0,10.0
2001-01-24,8.4,82,94,7.9,2.72,4.3,8.7
2001-01-25,6.0,87,98,6.1,2.62,3.8,5.9
2001-01-26,8.4,76,97,10.3,7.05,0.0,8.4
2001-01-27,9.2,71,92,7.9,6.91,0.0,6.8
2001-01-28,10.0,77,70,8.6,8.23,0.0,8.7
2001-01-29,12.5,68,36,9.0,14.78,0.0,12.6
2001-01-30,12.6,65,70,8.9,10.59,0.0,12.3
2001-01-31,11.9,72,99,9.2,4.85,0.0,10.8
2001-02-01,9.7,78,97,10.4,3.29,3.4,9.3
2001-02-02,10.2,59,82,7.8,7.01,0.0,9.1
2001-02-03,10.3,57,85,6.1,7.75,0.0,9.4
2001-02-04,12.6,66,64,8.4,11.98,0.0,11.3
2001-02-05,13.0,66,90,7.5,8.02,0.0,15.3
2001-02-06,11.9,77,96,5.6,4.19,0.9,14.4
2001-02-07,14.1,75,86,8.0,8.52,1.6,15.9
2001-02-08,11.2,68,79,9.8,7.25,0.0,12.7
2001-02-09,12.8,75,74,7.1,8.58,0.0,14.6
2001-02-10,16.7,68,40,11.8,16.2,0.0,16.7
2001-02-11,11.0,78,99,9.9,2.61,3.9,12.5
2001-02-12,9.7,84,100,7.9,2.91,3.0,9.8
2001-02-13,7.5,85,92,8.7,3.44,3.3,7.9
2001-02-14,13.3,74,33,8.8,15.36,0.0,12.0
2001-02-15,13.0,70,83,8.7,9.65,0.0,11.4
2001-02-16,15.9,65,82,13.3,9.4,0.0,14.9
2001-02-17,15.5,69,70,9.2,10.6,0.0,17.3
2001-02-18,14.8,81,73,10.0,5.04,0.0,17.7
2001-02-19,11.7,92,99,8.7,2.04,5.3,14.4
2001-02-20,12.1,91,100,7.3,2.07,5.6,14.9
2001-02-21,15.9,80,84,7.9,8.48,0.2,17.6
2001-02-22,16.4,86,84,9.4,5.24,4.3,19.2
2001-02-23,18.1,78,82,11.9,11.19,1.5,19.8
2001-02-24,14.1,75,84,14.6,5.77,1.9,16.3
2001-02-25,10.3,52,86,15.3,7.68,0.2,13.9
2001-02-26,8.6,65,99,11.6,3.43,0.4,12.0
2001-02-27,11.0,77,100,9.2,5.51,3.7,11.0
2001-02-28,14.7,67,50,6.6,14.61,0.0,17.0
2001-03-01,17.8,66,61,11.1,14.85,0.0,18.8
2001-03-02,12.9,79,91,7.7,2.91,3.7,15.6
2001-03-03,17.6,73,67,6.2,14.84,0.0,18.8
2001-03-04,18.1,65,55,14.2,12.54,0.0,16.9
2001-03-05,16.2,65,85,9.5,6.79,0.6,20.9
2001-03-06,16.6,78,90,6.8,6.06,0.2,20.2
2001-03-07,14.6,71,81,14.9,5.92,0.3,18.1
2001-03-08,11.8,67,95,8.3,3.88,0.0,12.7
2001-03-09,13.5,71,83,7.1,7.53,0.0,14.3
2001-03-10,15.1,71,75,6.6,9.86,2.4,15.1
2001-03-11,18.3,75,68,10.0,11.66,0.8,20.4
2001-03-12,21.3,70,38,8.4,19.88,0.0,22.0
2001-03-13,24.0,66,4,11.1,21.17,0.0,25.8
2001-03-14,23.7,72,24,10.0,13.22,0.5,24.3
2001-03-15,22.2,85,65,10.3,7.86,9.4,22.8
2001-03-16,15.6,83,100,8.5,5.04,5.4,16.7
2001-03-17,16.0,77,90,10.5,9.16,5.6,18.6
2001-03-18,15.5,82,90,6.7,4.44,2.3,18.5
2001-03-19,18.5,73,67,6.2,12.87,0.1,20.6
2001-03-20,20.1,72,56,10.7,18.36,1.0,23.4
2001-03-21,24.5,70,25,12.1,21.93,0.0,26.2
2001-03-22,24.9,69,61,10.2,17.5,1.0,25.6
2001-03-23,21.3,78,81,8.2,6.39,1.8,23.8
2001-03-24,14.8,89,99,9.2,1.96,6.2,18.5
2001-03-25,16.9,83,84,8.7,9.97,4.2,17.2
2001-03-26,21.0,70,77,9.7,18.07,0.0,21.5
2001-03-27,22.4,66,65,11.5,22.5,0.0,24.2
2001-03-28,19.7,73,79,10.8,14.34,15.9,19.0
2001-03-29,23.7,67,20,15.0,24.26,0.0,24.6
2001-03-30,22.5,70,86,11.1,19.02,0.0,20.9
2001-03-31,20.0,82,97,7.6,9.41,0.0,18.2
2001-04-01,17.0,87,86,7.4,5.72,5.2,16.3
2001-04-02,20.1,79,80,5.4,12.37,1.7,22.6
2001-04-03,20.4,82,82,9.4,12.19,7.1,19.6
2001-04-04,22.2,76,69,9.3,16.01,0.0,23.0
2001-04-05,19.8,82,97,10.3,8.01,2.8,20.6
2001-04-06,23.0,76,49,10.0,21.38,0.1,25.6
2001-04-07,20.4,84,95,12.0,8.11,11.4,19.2
2001-04-08,23.7,78,52,10.4,15.68,0.1,26.4
2001-04-09,19.1,87,83,16.3,5.19,15.1,23.1
2001-04-10,7.5,79,99,14.8,3.0,10.5,9.4
2001-04-11,12.8,68,98,8.1,22.58,0.7,14.4
2001-04-12,17.4,66,66,10.2,20.89,0.0,19.4
2001-04-13,22.2,65,23,11.7,23.71,0.0,24.3
2001-04-14,17.7,78,99,8.4,5.4,0.0,19.7
2001-04-15,20.3,79,86,10.2,11.05,3.0,22.0
2001-04-16,21.1,79,90,8.6,12.17,0.5,22.3
2001-04-17,24.4,78,70,7.6,17.95,0.7,26.0
2001-04-18,25.2,75,49,6.2,15.92,0.0,26.8
2001-04-19,23.8,84,76,6.6,9.06,6.2,22.0
2001-04-20,23.0,90,90,9.4,9.55,12.3,22.1
2001-04-21,17.1,91,100,10.8,1.73,21.0,19.4
2001-04-22,15.4,72,96,11.3,6.54,0.3,15.8
2001-04-23,16.3,79,87,8.7,5.17,0.2,18.3
2001-04-24,19.1,78,59,9.0,12.52,0.7,20.9
2001-04-25,22.2,72,54,13.5,20.91,0.0,23.3
2001-04-26,20.0,72,96,12.7,7.19,0.0,22.4
2001-04-27,21.4,83,97,9.1,7.5,5.5,23.9
2001-04-28,23.4,79,81,9.5,13.86,10.6,26.2
2001-04-29,26.2,77,64,9.8,18.47,0.6,28.9
2001-04-30,19.8,87,100,21.9,2.64,32.6,23.9
2001-05-01,21.4,76,81,9.5,22.24,0.1,23.7
2001-05-02,25.2,74,96,10.0,20.71,0.0,27.0
2001-05-03,26.5,76,83,8.7,17.2,0.1,29.0
2001-05-04,20.8,87,85,12.2,5.78,9.8,23.0
2001-05-05,22.7,73,89,7.5,18.0,0.5,24.6
2001-05-06,23.8,76,87,6.7,15.09,2.6,27.5
2001-05-07,22.3,86,100,10.5,9.62,18.2,21.4
2001-05-08,19.2,91,100,9.1,3.31,43.3,21.3
2001-05-09,21.1,79,80,8.2,18.44,9.3,24.0
2001-05-10,24.5,72,100,7.4,16.75,0.0,26.0
2001-05-11,27.0,68,90,6.9,23.93,0.0,28.8
2001-05-12,27.2,71,99,6.6,22.36,0.0,31.0
2001-05-13,29.5,70,100,7.4,21.29,0.0,33.1
2001-05-14,29.2,73,100,10.1,16.18,0.0,31.1
2001-05-15,28.4,66,57,10.5,23.27,0.1,30.9
2001-05-16,27.2,70,64,12.6,22.53,0.0,30.4
2001-05-17,21.3,85,100,10.7,2.44,7.5,23.0
2001-05-18,23.5,77,78,7.1,21.29,3.3,26.6
2001-05-19,28.1,71,52,6.3,27.81,0.0,30.4
2001-05-20,28.8,67,84,8.6,23.36,0.0,31.9
2001-05-21,30.0,63,32,6.2,26.73,0.0,31.9
2001-05-22,32.5,69,8,9.5,27.85,0.0,35.8
2001-05-23,33.1,65,43,15.3,24.2,0.0,33.6
2001-05-24,24.5,88,99,12.7,2.98,27.1,21.6
2001-05-25,23.4,84,89,5.2,10.89,7.7,23.8
2001-05-26,19.0,88,100,8.8,2.33,8.4,19.3
2001-05-27,18.5,87,100,4.2,3.45,10.0,18.7
2001-05-28,19.3,88,99,7.1,5.7,0.7,20.4
2001-05-29,23.4,81,70,7.7,16.4,2.2,24.0
2001-05-30,27.0,78,66,10.0,26.37,0.0,29.8
2001-05-31,27.3,77,100,9.5,11.87,1.7,26.8
2001-06-01,20.4,87,100,8.4,5.73,9.8,20.6
2001-06-02,20.0,90,100,5.4,4.42,9.2,20.2
2001-06-03,23.2,82,87,6.1,13.71,0.1,22.8
2001-06-04,26.0,78,74,5.6,23.26,0.0,27.9
2001-06-05,28.8,76,99,7.4,23.0,0.4,28.0
2001-06-06,24.5,88,99,10.4,4.99,6.5,23.1
2001-06-07,21.8,91,100,6.6,4.75,2.9,20.1
2001-06-08,20.9,94,99,8.6,5.38,13.3,19.7
2001-06-09,21.5,92,98,8.9,4.06,20.3,23.0
2001-06-10,24.6,89,84,8.6,9.24,8.6,26.5
2001-06-11,26.9,87,84,6.6,12.0,5.1,28.7
2001-06-12,26.6,82,77,10.6,15.73,1.4,26.9
2001-06-13,30.2,77,3,8.6,28.23,0.0,32.0
2001-06-14,33.7,74,16,12.4,28.97,0.0,34.2
2001-06-15,33.9,67,73,13.5,24.35,0.0,35.7
2001-06-16,27.5,87,96,10.1,4.43,10.0,28.7
2001-06-17,28.0,81,80,7.4,17.67,0.9,28.1
2001-06-18,28.1,83,89,7.6,17.48,1.2,27.3
2001-06-19,27.0,90,99,5.8,9.75,12.1,25.4
2001-06-20,25.2,92,100,11.3,4.62,1.1,23.0
2001-06-21,23.3,85,97,6.4,8.27,0.8,25.0
2001-06-22,27.8,78,87,5.9,22.24,0.0,27.5
2001-06-23,30.0,77,43,9.0,26.07,0.0,31.8
2001-06-24,27.7,83,87,10.7,11.22,7.0,27.7
2001-06-25,24.7,84,83,6.1,10.26,21.6,28.9
2001-06-26,26.0,86,98,6.8,8.63,4.2,30.4
2001-06-27,25.8,88,97,8.4,7.92,1.9,25.6
2001-06-28,31.1,86,92,8.6,20.34,10.4,31.1
2001-06-29,25.0,90,90,12.6,7.19,5.9,27.3
2001-06-30,29.3,79,57,6.8,24.0,0.0,32.2
2001-07-01,32.2,79,33,8.5,24.94,0.0,34.4
2001-07-02,29.0,87,97,7.4,11.73,15.1,30.0
2001-07-03,26.8,91,98,7.6,7.22,14.6,29.4
2001-07-04,29.9,84,99,9.6,17.96,0.0,30.4
2001-07-05,31.8,81,40,7.1,25.51,0.0,34.3
2001-07-06,33.0,80,32,8.3,25.69,0.3,36.2
2001-07-07,33.4,78,85,13.9,22.53,0.8,36.3
2001-07-08,31.5,76,72,10.1,14.67,0.2,33.8
2001-07-09,33.6,74,34,13.8,25.25,0.0,36.9
2001-07-10,34.7,73,43,10.7,27.11,0.0,37.7
2001-07-11,30.1,78,91,11.8,17.33,4.1,32.0
2001-07-12,30.6,74,72,9.2,20.56,0.0,34.3
2001-07-13,32.5,78,53,6.0,21.99,0.7,35.6
2001-07-14,33.4,78,19,9.0,26.54,0.1,37.5
2001-07-15,33.4,74,13,10.7,27.4,0.0,36.6
2001-07-16,32.9,71,10,10.5,26.7,0.0,36.9
2001-07-17,33.3,68,3,11.2,27.32,0.0,37.2
2001-07-18,33.4,66,6,12.1,27.45,0.0,37.2
2001-07-19,33.3,67,11,8.8,25.45,0.0,36.3
2001-07-20,35.0,67,52,7.2,25.14,0.1,38.6
2001-07-21,34.1,73,58,12.1,23.33,0.9,36.5
2001-07-22,34.6,74,73,8.9,24.6,0.3,36.8
2001-07-23,34.5,65,49,12.7,24.86,0.0,36.6
2001-07-24,35.6,64,64,12.6,25.51,0.3,38.8
2001-07-25,35.3,70,88,9.0,23.09,1.2,36.6
2001-07-26,36.6,62,93,15.6,23.79,0.0,39.0
2001-07-27,35.3,57,100,15.8,19.56,0.0,36.9
2001-07-28,34.1,62,99,11.3,20.56,4.2,35.6
2001-07-29,32.7,72,100,10.5,13.63,1.0,31.9
2001-07-30,27.8,89,96,9.2,8.67,16.8,28.3
2001-07-31,29.9,89,68,6.9,12.14,26.0,29.4
2001-08-01,31.8,81,67,6.4,21.79,1.4,36.1
2001-08-02,32.8,74,52,9.7,22.78,0.3,35.0
2001-08-03,32.7,72,20,8.9,25.41,0.0,36.7
2001-08-04,33.7,68,25,9.7,24.59,0.0,36.9
2001-08-05,35.6,64,7,8.8,25.98,0.0,39.0
2001-08-06,36.4,63,31,11.2,24.49,0.0,38.9
2001-08-07,36.5,64,51,10.1,22.14,0.6,38.9
2001-08-08,28.3,90,100,9.2,5.88,43.7,31.3
2001-08-09,30.7,84,76,6.6,19.84,10.2,30.4
2001-08-10,31.1,81,53,13.0,19.32,1.0,33.2
2001-08-11,25.5,78,100,9.8,8.47,8.8,25.9
2001-08-12,25.3,81,73,7.9,8.59,24.5,26.1
2001-08-13,27.8,78,93,7.2,16.17,0.3,29.0
2001-08-14,28.9,81,40,4.7,22.62,2.3,32.2
2001-08-15,31.6,75,16,9.7,23.11,0.0,34.4
2001-08-16,31.8,73,69,12.3,18.88,0.0,35.7
2001-08-17,31.5,75,66,9.4,19.93,0.8,31.9
2001-08-18,33.2,73,72,15.3,23.2,0.0,34.4
2001-08-19,31.7,77,100,16.5,15.1,15.8,29.4
2001-08-20,24.6,77,95,13.0,11.6,2.1,23.8
2001-08-21,26.1,83,81,6.4,12.57,2.1,27.6
2001-08-22,23.2,89,97,5.2,4.38,22.4,25.0
2001-08-23,27.7,84,97,5.6,12.72,3.5,30.2
2001-08-24,26.9,83,93,6.7,9.48,1.1,30.6
2001-08-25,26.9,86,97,6.5,6.85,0.0,30.4
2001-08-26,28.7,83,99,7.7,8.73,0.0,29.0
2001-08-27,27.0,86,90,6.9,10.8,1.7,27.1
2001-08-28,28.1,81,93,8.1,11.02,0.5,27.0
2001-08-29,27.2,79,94,8.0,10.81,1.3,25.8
2001-08-30,28.0,79,88,8.0,12.64,0.1,28.7
2001-08-31,24.9,80,99,9.4,6.09,1.4,24.8
2001-09-01,25.9,85,92,7.7,9.91,0.2,24.6
2001-09-02,29.0,77,88,7.9,14.6,0.0,25.9
2001-09-03,23.6,82,100,10.5,4.03,4.8,25.0
2001-09-04,27.1,77,56,6.6,18.1,0.0,28.2
2001-09-05,28.5,73,53,6.6,18.68,0.0,30.3
2001-09-06,31.2,68,65,10.5,17.69,0.2,31.5
2001-09-07,30.6,70,98,11.4,11.18,4.0,27.1
2001-09-08,22.5,90,95,8.2,4.07,17.2,24.1
2001-09-09,23.4,90,97,6.0,5.09,1.8,26.0
2001-09-10,21.4,94,100,5.8,2.4,2.7,21.8
2001-09-11,26.1,83,94,10.5,10.77,0.1,24.1
2001-09-12,23.8,82,99,8.0,3.9,0.5,24.4
2001-09-13,22.6,90,93,9.2,3.59,5.8,20.9
2001-09-14,27.9,83,70,7.1,13.17,0.0,26.0
2001-09-15,29.2,82,50,7.3,16.1,0.0,29.1
2001-09-16,31.2,79,43,7.5,18.96,0.0,32.0
2001-09-17,29.9,85,41,6.8,16.32,0.7,31.1
2001-09-18,33.0,72,44,16.1,21.08,0.5,35.4
2001-09-19,31.7,60,50,19.9,20.2,0.0,34.9
2001-09-20,30.8,64,75,14.3,20.04,0.0,33.4
2001-09-21,29.2,68,51,13.5,16.69,0.0,31.1
2001-09-22,27.6,65,53,13.5,13.07,0.0,30.1
2001-09-23,29.9,64,37,10.9,17.8,0.0,31.6
2001-09-24,27.9,77,87,14.2,14.58,6.4,28.7
2001-09-25,22.6,82,91,12.8,7.21,3.9,22.7
2001-09-26,23.5,82,99,6.1,6.16,0.0,23.4
2001-09-27,24.4,83,68,7.1,10.31,0.1,24.2
2001-09-28,28.6,66,42,13.1,19.12,0.0,31.3
2001-09-29,26.1,61,67,12.1,12.08,0.3,24.0
2001-09-30,25.1,75,58,5.4,14.53,0.0,26.1
2001-10-01,25.1,76,92,14.3,4.2,0.0,22.6
2001-10-02,20.8,89,100,8.3,2.08,9.9,20.6
2001-10-03,24.8,79,97,5.5,15.65,0.2,25.6
2001-10-04,27.7,68,60,11.0,18.46,0.0,28.0
2001-10-05,25.3,59,92,14.1,10.13,0.3,22.7
2001-10-06,19.7,87,100,10.0,2.38,7.5,19.4
2001-10-07,18.3,92,100,7.9,1.38,6.2,19.4
2001-10-08,21.0,88,94,7.1,4.08,3.6,22.4
2001-10-09,25.6,79,68,9.9,16.5,0.0,27.0
2001-10-10,27.6,69,26,12.5,19.8,0.0,28.4
2001-10-11,25.0,67,83,10.8,7.58,2.4,23.8
2001-10-12,23.4,79,97,10.2,5.78,6.3,21.3
2001-10-13,19.4,92,99,5.6,1.58,11.0,19.4
2001-10-14,18.6,91,100,5.7,1.34,12.9,18.8
2001-10-15,17.7,95,100,5.2,1.05,7.0,18.3
2001-10-16,16.8,96,100,5.8,1.02,10.1,17.8
2001-10-17,16.0,88,99,7.1,2.29,4.1,17.1
2001-10-18,16.9,89,98,7.8,2.22,2.2,17.5
2001-10-19,17.1,92,100,5.2,2.05,8.1,17.4
2001-10-20,17.0,91,95,6.3,1.98,5.8,19.1
2001-10-21,18.7,88,99,6.0,2.5,9.0,19.6
2001-10-22,20.9,87,75,7.2,8.4,1.0,21.2
2001-10-23,22.9,86,73,7.9,7.43,0.1,25.0
2001-10-24,25.6,84,61,10.9,11.42,1.2,25.3
2001-10-25,22.7,89,89,9.0,5.28,3.2,21.5
2001-10-26,22.6,86,88,9.2,7.7,2.5,22.5
2001-10-27,22.9,85,66,9.3,10.19,1.3,24.9
2001-10-28,22.8,82,53,8.4,10.21,0.0,24.8
2001-10-29,23.9,71,20,15.0,15.15,0.0,25.8
2001-10-30,23.2,66,62,13.0,11.21,0.0,23.2
2001-10-31,19.0,83,100,10.3,2.37,7.7,19.1
2001-11-01,17.6,89,100,9.0,1.44,14.2,17.5
2001-11-02,17.4,82,89,6.6,3.58,0.7,17.9
2001-11-03,20.7,76,88,12.2,9.15,0.2,18.8
2001-11-04,16.1,87,100,7.9,1.63,9.2,17.5
2001-11-05,14.9,85,100,9.7,2.72,6.9,16.2
2001-11-06,16.6,75,82,12.2,4.9,0.0,17.8
2001-11-07,14.7,65,100,5.4,2.56,0.0,15.8
2001-11-08,15.9,71,98,5.2,4.81,0.0,16.3
2001-11-09,15.6,80,98,7.5,3.96,3.7,14.9
2001-11-10,17.4,65,61,5.5,12.74,0.0,16.9
2001-11-11,17.4,71,49,7.4,10.81,0.0,17.0
2001-11-12,20.3,73,40,8.7,12.8,0.0,20.6
2001-11-13,18.8,75,56,8.5,11.86,0.5,20.6
2001-11-14,19.4,68,51,4.8,13.46,0.0,22.0
2001-11-15,20.5,69,9,10.9,14.91,0.0,22.0
2001-11-16,19.7,72,72,10.3,12.05,0.0,19.0
2001-11-17,17.6,77,94,6.9,4.28,4.5,16.3
2001-11-18,15.5,83,99,7.5,4.39,8.1,14.6
2001-11-19,16.3,83,82,6.1,7.38,0.3,17.5
2001-11-20,17.0,82,55,10.2,11.07,0.0,17.6
2001-11-21,18.7,75,25,9.3,13.04,0.0,18.0
2001-11-22,18.0,76,49,6.1,10.68,0.0,17.6
2001-11-23,17.7,81,88,6.4,6.93,0.0,17.5
2001-11-24,18.2,82,81,10.7,7.8,0.0,19.6
2001-11-25,19.0,83,36,10.7,12.78,0.0,20.0
2001-11-26,19.6,69,53,13.1,10.37,0.0,19.1
2001-11-27,19.0,69,32,14.3,9.75,0.0,20.0
2001-11-28,17.1,80,38,6.4,8.65,0.0,14.8
2001-11-29,15.4,82,90,8.4,4.6,0.0,17.0
2001-11-30,13.9,90,94,7.2,1.43,4.2,14.0
2001-12-01,16.5,84,78,8.1,4.74,0.0,15.7
2001-12-02,15.9,85,81,8.6,3.05,3.4,14.2
2001-12-03,13.2,84,96,13.2,2.35,5.8,12.5
2001-12-04,11.7,87,99,11.8,2.16,4.1,11.5
2001-12-05,10.3,89,100,11.6,1.19,7.6,10.6
2001-12-06,7.5,81,91,10.5,3.72,1.2,8.2
2001-12-07,8.3,70,87,9.6,3.65,0.0,9.7
2001-12-08,7.9,83,97,7.4,1.76,1.5,9.3
2001-12-09,8.5,88,100,4.4,1.68,2.2,9.9
2001-12-10,9.6,82,97,7.9,2.6,0.0,8.9
2001-12-11,9.7,79,98,7.6,3.09,0.4,10.9
2001-12-12,9.3,79,99,9.8,3.44,0.7,10.7
2001-12-13,4.9,82,96,10.8,2.67,4.5,6.1
2001-12-14,7.8,75,71,6.8,7.66,0.0,7.4
2001-12-15,7.5,67,88,7.7,5.16,0.0,8.1
2001-12-16,7.1,78,95,4.8,3.01,0.0,9.0
2001-12-17,8.7,75,85,6.8,5.28,0.0,10.4
2001-12-18,9.6,77,88,8.0,4.65,1.6,11.9
2001-12-19,9.0,76,88,10.1,3.49,0.0,13.0
2001-12-20,7.2,88,92,12.2,1.98,6.8,9.7
2001-12-21,9.4,68,51,5.8,11.58,0.0,11.9
2001-12-22,10.7,67,16,11.0,13.29,0.0,12.4
2001-12-23,12.2,67,3,11.0,13.05,0.0,13.2
2001-12-24,13.9,70,25,10.0,12.4,0.0,13.2
2001-12-25,9.4,67,90,13.6,4.77,1.4,10.0
2001-12-26,9.2,57,81,7.1,5.69,0.0,9.3
2001-12-27,9.9,72,87,6.9,5.81,0.3,10.0
2001-12-28,9.6,81,97,7.9,4.14,4.1,10.2
2001-12-29,11.3,81,54,10.2,11.83,0.0,11.0
2001-12-30,9.2,80,95,6.4,3.01,0.0,9.0
2001-12-31,12.0,79,61,7.0,10.59,0.0,13.0
2002-01-01,14.0,79,54,8.6,11.43,0.0,13.0
2002-01-02,13.8,78,52,9.8,10.96,0.0,9.8
2002-01-03,7.9,90,74,8.9,2.51,1.5,7.1
2002-01-04,10.4,88,77,7.9,8.52,0.0,9.0
2002-01-05,9.9,87,73,7.2,6.72,0.0,8.6
2002-01-06,12.1,78,36,7.7,12.83,0.0,12.7
2002-01-07,14.4,79,24,9.7,13.63,0.0,13.2
2002-01-08,12.8,79,58,7.6,10.83,0.0,11.0
2002-01-09,9.6,85,95,8.9,1.85,0.0,9.0
2002-01-10,12.3,84,94,5.6,8.63,0.0,12.3
2002-01-11,11.5,84,70,7.6,9.37,0.0,9.1
2002-01-12,8.9,82,86,6.1,3.56,0.0,10.0
2002-01-13,12.5,82,68,9.5,10.38,0.0,11.5
2002-01-14,11.3,88,74,9.6,6.07,0.0,10.6
2002-01-15,11.2,85,95,10.6,3.38,0.0,11.4
2002-01-16,10.5,77,95,10.4,3.34,1.4,11.5
2002-01-17,8.7,88,100,7.1,2.22,5.3,9.4
2002-01-18,10.0,76,94,8.2,4.01,0.0,8.8
2002-01-19,7.5,79,97,7.3,2.77,1.3,8.3
2002-01-20,7.2,84,95,8.4,3.39,3.3,7.3
2002-01-21,8.4,78,91,7.9,6.56,0.0,8.6
2002-01-22,10.1,75,86,5.7,6.71,0.0,8.7
2002-01-23,9.9,78,94,10.9,5.99,1.8,8.9
2002-01-24,8.7,77,96,7.8,5.44,2.1,7.6
2002-01-25,8.7,76,93,5.8,5.72,2.3,7.6
2002-01-26,10.5,75,72,8.3,8.93,0.0,10.8
2002-01-27,10.3,74,92,6.4,7.39,0.0,10.0
2002-01-28,10.3,75,70,7.2,7.48,0.0,10.4
2002-01-29,10.1,76,78,9.0,5.2,0.0,9.1
2002-01-30,11.0,65,89,5.4,8.96,0.0,10.2
2002-01-31,9.8,78,90,6.8,5.96,1.6,8.8
2002-02-01,11.2,70,64,7.4,11.06,0.0,10.7
2002-02-02,13.6,69,55,8.7,12.77,0.0,12.0
2002-02-03,8.9,82,97,8.8,3.23,3.4,10.1
2002-02-04,11.4,80,95,6.4,6.31,0.0,10.9
2002-02-05,13.0,76,64,9.5,11.33,0.0,14.1
2002-02-06,9.8,82,82,7.5,3.08,0.0,10.0
2002-02-07,10.7,85,94,7.3,2.93,0.0,10.7
2002-02-08,12.0,85,97,9.0,4.04,0.3,12.6
2002-02-09,10.5,89,97,8.2,1.74,0.8,9.4
2002-02-10,12.3,84,82,9.0,6.99,0.0,14.0
2002-02-11,14.7,74,63,8.6,6.89,0.0,16.3
2002-02-12,15.9,67,72,9.7,13.2,0.0,17.4
2002-02-13,15.4,71,98,6.9,4.22,0.2,16.9
2002-02-14,12.9,90,100,5.2,1.71,1.5,14.2
2002-02-15,12.4,82,99,8.0,3.11,0.1,13.4
2002-02-16,13.6,81,98,4.3,5.31,0.2,15.0
2002-02-17,16.2,74,80,8.0,8.54,0.0,17.3
2002-02-18,13.4,87,100,4.9,1.88,2.2,14.6
2002-02-19,13.8,90,100,9.6,2.08,3.1,13.9
2002-02-20,10.2,85,99,7.9,1.83,10.1,12.2
2002-02-21,14.6,83,89,8.7,6.11,0.0,14.0
2002-02-22,12.7,88,94,7.1,2.43,2.8,12.7
2002-02-23,16.7,80,88,7.2,9.36,0.0,17.8
2002-02-24,19.4,73,64,14.0,12.4,0.0,19.0
2002-02-25,14.2,83,99,8.1,2.66,1.9,14.4
2002-02-26,13.3,89,100,8.8,2.43,5.1,13.0
2002-02-27,10.9,85,100,7.8,3.77,3.2,10.9
2002-02-28,11.4,87,98,8.4,2.53,5.4,12.6
2002-03-01,13.5,84,96,10.3,4.55,0.9,15.6
2002-03-02,14.6,86,99,5.6,4.16,1.3,18.6
2002-03-03,11.8,81,100,10.9,2.49,3.8,14.4
2002-03-04,9.9,81,100,9.4,2.55,2.8,11.2
2002-03-05,14.0,66,78,8.7,16.17,2.0,14.6
2002-03-06,15.6,58,98,8.3,17.29,0.0,18.3
2002-03-07,20.5,64,13,11.4,21.51,0.0,22.3
2002-03-08,22.3,64,3,13.6,21.16,0.0,24.4
2002-03-09,21.9,65,12,11.8,20.26,0.0,24.3
2002-03-10,21.2,71,69,9.3,13.32,0.2,23.6
2002-03-11,24.8,70,28,13.8,19.99,0.0,26.5
2002-03-12,17.5,87,93,7.6,3.71,13.5,20.0
2002-03-13,21.5,80,87,8.2,12.12,0.0,22.2
2002-03-14,22.5,73,81,9.1,15.34,1.6,23.3
2002-03-15,16.0,83,99,12.9,4.95,31.5,16.0
2002-03-16,14.2,83,97,7.7,4.86,5.3,15.2
2002-03-17,18.4,75,83,7.3,13.93,0.6,20.1
2002-03-18,21.5,68,32,9.3,20.25,0.0,22.9
2002-03-19,22.6,69,18,9.9,19.02,0.0,25.3
2002-03-20,20.1,78,44,16.8,8.96,0.0,20.6
2002-03-21,19.9,75,81,14.5,9.89,0.2,22.0
2002-03-22,15.3,82,100,8.0,1.93,15.0,16.8
2002-03-23,12.2,67,99,10.8,3.86,0.7,12.2
2002-03-24,14.0,79,94,8.3,7.26,1.8,13.6
2002-03-25,13.9,74,95,7.4,5.07,0.0,14.4
2002-03-26,16.9,77,81,7.9,11.01,2.0,19.8
2002-03-27,17.8,80,83,7.4,6.22,0.1,20.6
2002-03-28,18.5,82,91,10.0,7.74,3.6,20.7
2002-03-29,23.1,76,77,7.6,21.69,0.5,25.7
2002-03-30,23.9,71,96,9.5,16.55,0.0,26.2
2002-03-31,24.6,70,39,12.0,17.87,0.0,26.8
2002-04-01,25.5,79,32,10.2,19.47,0.2,27.7
2002-04-02,26.6,79,22,8.9,18.55,0.0,30.0
2002-04-03,29.2,79,22,14.0,21.92,1.3,32.0
2002-04-04,29.8,79,17,17.4,21.27,1.1,35.0
2002-04-05,22.5,67,46,18.6,22.37,7.6,24.8
2002-04-06,28.4,69,8,11.0,24.93,0.0,30.3
2002-04-07,23.8,76,71,11.9,10.53,0.4,28.5
2002-04-08,18.0,88,98,10.6,2.13,10.8,19.2
2002-04-09,13.8,82,100,10.8,1.93,12.7,13.6
2002-04-10,12.6,76,100,7.9,5.4,7.6,12.3
2002-04-11,18.5,70,65,6.2,24.89,0.0,20.6
2002-04-12,22.8,70,75,8.1,23.61,0.0,22.1
2002-04-13,26.0,68,67,10.2,23.39,0.0,26.6
2002-04-14,27.8,73,10,10.7,24.27,0.0,30.2
2002-04-15,27.3,77,28,12.4,21.39,0.7,30.1
2002-04-16,21.7,80,93,12.8,6.8,9.9,24.9
2002-04-17,15.9,78,100,13.9,3.88,32.2,15.4
2002-04-18,17.4,63,100,7.4,12.36,0.2,17.4
2002-04-19,16.5,84,94,7.5,4.79,9.4,17.4
2002-04-20,20.8,78,65,9.2,20.24,0.0,23.7
2002-04-21,25.5,77,28,9.7,25.36,0.0,25.9
2002-04-22,26.5,81,60,9.3,15.15,0.4,28.4
2002-04-23,24.4,86,97,6.0,8.12,26.3,25.1
2002-04-24,20.1,83,100,12.7,3.61,25.9,21.5
2002-04-25,14.1,76,100,11.3,4.08,3.9,15.6
2002-04-26,14.1,77,99,8.7,3.99,0.3,16.9
2002-04-27,14.8,77,99,11.2,5.61,1.2,18.2
2002-04-28,15.7,82,97,6.0,5.99,3.9,17.4
2002-04-29,20.0,77,83,6.5,10.63,0.5,23.2
2002-04-30,22.8,80,75,8.1,9.39,5.3,26.0
2002-05-01,23.0,80,90,12.2,10.79,29.3,25.6
2002-05-02,23.8,76,41,8.8,18.51,0.1,27.0
2002-05-03,19.6,89,97,9.3,4.21,17.2,22.3
2002-05-04,22.1,83,93,11.5,11.36,9.5,22.9
2002-05-05,18.8,87,100,10.0,4.41,26.8,20.0
2002-05-06,23.2,76,65,12.0,16.11,0.0,25.6
2002-05-07,20.5,87,97,10.0,5.5,13.1,21.8
2002-05-08,20.1,84,100,8.8,7.98,9.7,20.1
2002-05-09,23.8,77,96,5.7,15.15,0.0,23.5
2002-05-10,25.8,76,57,7.3,21.23,0.1,28.6
2002-05-11,27.6,74,93,9.0,22.46,0.0,29.0
2002-05-12,22.3,87,100,12.2,3.01,30.4,23.8
2002-05-13,21.3,87,82,7.8,4.99,21.7,23.3
2002-05-14,27.0,75,22,7.4,26.16,0.0,29.0
2002-05-15,27.0,74,50,10.9,19.97,3.0,27.9
2002-05-16,26.0,75,53,13.0,19.4,6.7,25.6
2002-05-17,27.1,75,53,12.2,17.47,0.1,28.3
2002-05-18,22.6,80,95,8.7,6.67,5.6,24.6
2002-05-19,19.5,90,100,7.0,2.65,8.7,18.8
2002-05-20,18.7,93,100,3.1,2.09,10.5,19.3
2002-05-21,19.3,91,100,4.8,3.45,1.5,20.7
2002-05-22,19.7,90,99,5.4,3.16,2.9,21.6
2002-05-23,18.7,94,100,5.8,1.94,14.7,19.6
2002-05-24,19.3,88,96,5.4,4.85,2.8,18.4
2002-05-25,23.8,80,98,4.5,16.12,0.0,25.9
2002-05-26,26.1,77,97,8.6,22.06,0.0,26.8
2002-05-27,21.3,89,100,9.4,3.82,9.9,22.1
2002-05-28,19.5,89,100,6.9,4.35,18.2,19.4
2002-05-29,23.4,84,90,6.5,9.17,2.8,24.6
2002-05-30,26.4,74,79,6.1,21.68,0.0,28.9
2002-05-31,31.0,73,48,10.5,28.03,0.0,32.2
2002-06-01,25.0,85,99,10.3,8.2,33.2,25.0
2002-06-02,23.6,86,73,7.4,9.41,4.8,23.3
2002-06-03,28.1,76,27,6.3,26.29,0.0,30.9
2002-06-04,29.5,74,69,5.4,23.88,0.0,32.9
2002-06-05,26.9,83,85,8.4,10.51,7.5,28.0
2002-06-06,25.3,92,89,6.8,9.41,18.2,23.4
2002-06-07,28.3,90,90,7.4,15.04,25.0,28.7
2002-06-08,29.6,87,99,8.5,12.38,13.1,32.0
2002-06-09,26.8,88,100,6.4,7.78,11.1,27.4
2002-06-10,30.5,78,59,4.5,22.81,0.6,32.3
2002-06-11,31.0,76,40,8.0,23.93,0.0,34.0
2002-06-12,29.6,83,89,15.3,17.64,5.2,28.1
2002-06-13,23.0,95,100,7.6,2.23,33.2,24.6
2002-06-14,24.4,88,96,7.4,7.74,4.4,26.1
2002-06-15,24.6,89,99,6.7,7.64,7.2,25.3
2002-06-16,28.1,85,91,5.7,17.75,0.9,28.6
2002-06-17,29.0,84,98,6.8,15.1,2.7,26.7
2002-06-18,28.0,85,98,6.6,12.34,4.5,26.1
2002-06-19,27.0,89,93,9.1,10.75,1.6,26.7
2002-06-20,29.0,88,84,8.1,15.51,10.9,29.1
2002-06-21,31.0,85,98,9.0,17.64,3.1,32.4
2002-06-22,27.1,91,100,12.8,7.03,23.4,27.7
2002-06-23,25.9,85,100,13.6,9.27,16.8,26.3
2002-06-24,26.2,83,90,8.4,9.45,1.7,27.3
2002-06-25,31.1,81,53,8.2,24.15,0.0,32.2
2002-06-26,32.9,76,49,11.8,24.8,0.4,35.0
2002-06-27,29.7,80,100,8.7,10.81,20.5,29.0
2002-06-28,29.4,87,92,5.8,14.92,10.4,32.2
2002-06-29,27.1,84,94,5.4,9.54,0.6,28.7
2002-06-30,30.1,84,50,6.7,24.59,1.0,32.5
2002-07-01,32.1,80,50,9.7,26.72,0.0,34.1
2002-07-02,31.5,76,95,7.9,18.85,0.0,32.4
2002-07-03,29.7,77,94,6.9,19.51,0.8,31.0
2002-07-04,27.4,88,93,10.2,11.1,1.6,25.8
2002-07-05,26.8,88,84,6.0,9.66,9.2,28.5
2002-07-06,29.7,86,76,7.7,17.24,5.8,32.0
2002-07-07,31.4,80,37,8.0,24.22,0.4,33.3
2002-07-08,31.0,77,17,4.3,24.2,0.1,33.9
2002-07-09,32.1,79,27,4.2,25.25,0.4,34.6
2002-07-10,32.9,77,34,5.8,24.99,0.4,35.0
2002-07-11,33.4,78,21,6.2,25.09,0.2,35.3
2002-07-12,34.3,77,14,5.5,25.96,0.0,37.0
2002-07-13,35.0,73,14,5.3,25.59,0.0,36.8
2002-07-14,34.0,81,64,8.5,19.63,0.2,35.9
2002-07-15,35.2,78,57,9.2,24.27,2.7,36.2
2002-07-16,35.4,77,100,8.7,18.4,0.0,37.4
2002-07-17,33.1,85,98,9.4,16.11,32.0,37.4
2002-07-18,31.4,86,95,6.6,17.32,15.5,33.0
2002-07-19,29.3,89,98,8.3,8.63,3.5,28.3
2002-07-20,29.3,84,99,7.4,16.93,0.1,30.0
2002-07-21,31.1,76,85,5.4,21.42,0.0,32.6
2002-07-22,27.6,86,100,9.5,8.56,5.9,27.9
2002-07-23,28.5,83,83,5.4,17.39,1.7,30.2
2002-07-24,30.0,84,55,10.7,20.78,5.4,31.3
2002-07-25,29.4,86,68,8.9,17.85,11.6,28.3
2002-07-26,29.2,85,40,7.6,24.28,1.1,31.8
2002-07-27,29.2,81,49,7.0,20.24,2.5,29.2
2002-07-28,29.9,83,35,5.0,23.45,0.2,31.9
2002-07-29,30.4,79,90,9.7,19.22,0.0,31.2
2002-07-30,32.3,78,74,8.4,24.14,0.9,34.3
2002-07-31,32.1,78,84,10.1,23.26,1.6,34.7
2002-08-01,30.5,85,89,5.9,19.72,6.4,31.0
2002-08-02,30.8,83,58,7.3,20.89,2.2,33.0
2002-08-03,31.6,82,79,5.5,20.92,2.0,34.4
2002-08-04,32.4,78,41,5.9,23.17,0.6,35.1
2002-08-05,34.3,75,35,6.2,23.28,0.0,37.3
2002-08-06,30.8,85,99,9.5,16.17,24.7,33.7
2002-08-07,30.5,88,78,5.5,15.42,14.1,33.1
2002-08-08,31.6,71,98,13.3,23.06,0.1,33.1
2002-08-09,25.6,83,100,11.9,1.76,62.7,26.0
2002-08-10,25.1,80,87,7.5,11.18,4.1,25.9
2002-08-11,21.8,86,100,9.6,3.24,14.9,23.7
2002-08-12,21.1,91,100,4.7,2.16,17.5,23.9
2002-08-13,23.0,90,100,4.4,5.1,20.1,22.6
2002-08-14,22.9,88,87,6.9,7.27,1.9,24.9
2002-08-15,27.3,80,38,7.3,20.56,0.0,29.4
2002-08-16,27.5,82,50,4.6,18.2,5.4,29.1
2002-08-17,27.0,88,69,3.4,15.12,9.9,28.0
2002-08-18,26.5,85,81,4.9,18.06,6.5,28.8
2002-08-19,27.2,85,87,8.2,18.01,0.7,29.8
2002-08-20,22.5,89,96,9.4,4.99,27.0,23.5
2002-08-21,28.4,82,39,10.7,20.22,0.4,30.6
2002-08-22,31.3,79,14,7.4,23.75,0.0,33.0
2002-08-23,31.1,79,20,8.2,22.02,0.0,34.1
2002-08-24,31.9,79,54,8.3,21.24,3.3,34.0
2002-08-25,26.6,91,94,7.7,5.98,24.9,29.0
2002-08-26,30.4,82,40,6.5,21.26,0.7,32.1
2002-08-27,31.8,80,28,6.4,23.99,0.0,34.0
2002-08-28,33.0,73,14,6.4,24.73,0.0,34.6
2002-08-29,33.2,70,6,8.1,24.28,0.1,35.3
2002-08-30,32.9,76,12,6.8,24.07,0.2,35.1
2002-08-31,33.1,73,13,9.8,24.49,0.0,36.8
2002-09-01,32.5,67,1,10.3,25.47,0.0,35.8
2002-09-02,33.0,69,0,11.8,25.21,0.0,35.1
2002-09-03,33.1,70,4,8.1,23.17,0.0,34.7
2002-09-04,32.8,71,11,11.2,22.68,0.0,35.1
2002-09-05,32.6,69,9,13.0,23.46,0.0,34.8
2002-09-06,31.7,65,6,13.7,23.7,0.0,34.0
2002-09-07,30.4,71,1,12.0,23.75,0.0,32.7
2002-09-08,30.3,67,20,9.0,22.59,0.0,31.0
2002-09-09,26.5,77,73,14.0,9.64,0.9,29.1
2002-09-10,29.5,72,25,7.9,21.86,0.0,30.9
2002-09-11,31.0,73,6,9.4,22.23,0.0,33.5
2002-09-12,32.1,74,24,11.3,20.48,1.2,35.1
2002-09-13,31.5,76,34,10.4,20.05,0.7,35.1
2002-09-14,24.6,79,82,16.1,9.88,0.0,26.0
2002-09-15,21.7,72,99,12.8,3.97,0.0,26.8
2002-09-16,26.9,69,68,9.6,20.37,0.0,29.4
2002-09-17,28.6,65,50,9.5,21.96,0.0,31.6
2002-09-18,28.8,58,18,9.5,22.61,0.0,31.3
2002-09-19,29.7,65,35,10.1,15.46,0.0,31.7
2002-09-20,28.4,74,54,12.4,13.96,3.0,27.1
2002-09-21,21.6,90,99,11.8,1.55,14.6,19.8
2002-09-22,18.7,86,100,7.3,2.84,14.6,20.2
2002-09-23,20.4,80,98,4.0,6.94,0.2,22.2
2002-09-24,23.6,71,65,4.7,16.74,0.4,26.0
2002-09-25,25.8,76,84,8.0,19.25,0.0,26.0
2002-09-26,22.5,80,100,6.6,2.58,4.8,21.7
2002-09-27,21.0,83,94,7.1,6.68,8.0,22.4
2002-09-28,24.7,77,67,7.3,17.73,0.0,26.0
2002-09-29,26.6,72,37,6.1,19.22,0.0,29.0
2002-09-30,26.8,74,76,7.9,10.86,0.0,28.0
2002-10-01,26.2,77,44,8.9,18.72,0.0,27.0
2002-10-02,28.4,73,13,10.7,20.54,0.0,29.9
2002-10-03,22.1,84,99,8.8,4.47,14.4,24.0
2002-10-04,23.6,83,88,5.5,9.55,2.1,26.0
2002-10-05,23.9,85,84,8.0,7.88,5.4,23.5
2002-10-06,25.9,80,17,8.8,19.25,0.0,27.2
2002-10-07,27.6,71,3,8.9,20.4,0.0,28.3
2002-10-08,28.4,68,12,13.3,20.12,0.0,29.2
2002-10-09,28.0,68,26,14.7,19.62,0.0,29.9
2002-10-10,27.0,68,38,10.4,18.26,0.0,27.5
2002-10-11,19.6,84,86,6.9,2.9,4.5,21.6
2002-10-12,21.8,82,82,5.3,9.46,0.0,23.9
2002-10-13,25.0,80,39,10.2,17.17,0.0,27.0
2002-10-14,25.9,77,21,9.2,12.46,2.1,27.0
2002-10-15,27.1,79,32,7.1,15.53,1.9,28.0
2002-10-16,25.2,87,67,10.1,10.79,7.1,29.0
2002-10-17,25.6,83,53,5.4,10.74,3.8,27.0
2002-10-18,27.5,78,61,10.0,14.68,3.7,26.9
2002-10-19,21.3,84,95,16.4,3.67,20.7,24.0
2002-10-20,15.6,87,100,10.7,1.72,7.4,17.4
2002-10-21,16.5,82,100,9.1,2.06,2.6,18.4
2002-10-22,14.2,83,100,7.4,1.7,6.5,16.2
2002-10-23,15.8,81,82,8.0,8.36,2.8,16.6
2002-10-24,19.0,79,32,8.0,15.81,0.0,20.0
2002-10-25,16.0,80,86,7.6,2.14,1.9,17.5
2002-10-26,18.0,83,84,8.0,6.6,0.7,
2002-10-27,20.7,76,61,7.7,13.63,0.0,20.6
2002-10-28,15.8,87,97,6.2,1.72,4.4,18.0
2002-10-29,17.4,82,96,8.0,3.54,7.8,16.4
2002-10-30,18.4,73,85,8.1,8.88,0.7,19.6
2002-10-31,15.5,82,100,5.4,2.03,2.0,17.0
2002-11-01,14.8,89,100,6.6,1.22,4.8,16.2
2002-11-02,16.2,82,97,4.5,5.03,1.3,16.2
2002-11-03,18.3,81,87,9.5,12.3,0.7,18.2
2002-11-04,19.3,74,48,9.7,15.62,0.0,19.3
2002-11-05,20.4,69,6,8.4,13.9,0.0,20.6
2002-11-06,20.3,70,43,7.9,10.85,0.0,21.4
2002-11-07,21.3,74,6,9.3,14.95,0.0,22.6
2002-11-08,21.0,78,69,9.1,8.04,0.4,21.2
2002-11-09,23.4,73,48,10.7,10.94,0.2,25.0
2002-11-10,22.0,75,47,7.8,10.19,0.0,23.0
2002-11-11,20.3,85,81,7.6,4.52,0.8,22.0
2002-11-12,19.8,90,95,8.0,4.27,2.9,21.0
2002-11-13,17.3,96,99,5.6,1.23,5.5,17.9
2002-11-14,16.7,96,100,9.4,0.99,23.9,17.1
2002-11-15,11.4,86,100,10.1,1.54,12.2,13.3
2002-11-16,16.8,76,52,9.4,12.32,0.0,17.1
2002-11-17,18.8,75,43,9.7,14.05,0.0,17.6
2002-11-18,17.4,73,86,12.6,4.68,1.1,19.2
2002-11-19,13.1,82,99,10.2,2.16,6.5,15.7
2002-11-20,11.6,92,100,9.1,1.16,15.2,13.6
2002-11-21,13.0,84,89,9.9,4.78,2.6,13.1
2002-11-22,15.5,78,31,9.1,13.78,0.0,16.5
2002-11-23,12.7,81,93,5.4,2.19,0.0,15.0
2002-11-24,13.5,85,86,4.1,5.27,1.2,14.8
2002-11-25,13.2,86,97,4.5,4.33,0.9,12.4
2002-11-26,14.7,76,76,11.3,9.3,0.0,13.9
2002-11-27,15.5,70,19,8.9,12.96,0.0,16.0
2002-11-28,17.0,73,16,11.0,12.91,0.0,16.0
2002-11-29,12.3,84,99,7.4,1.48,1.9,15.6
2002-11-30,16.1,81,89,8.8,5.58,0.0,17.6
2002-12-01,14.1,83,99,7.6,1.58,0.4,13.9
2002-12-02,12.7,93,92,6.4,1.23,4.1,13.5
2002-12-03,17.1,82,56,9.5,11.25,0.0,18.9
2002-12-04,13.0,87,84,7.4,2.49,0.8,15.6
2002-12-05,14.1,90,99,10.0,1.99,5.0,17.0
2002-12-06,13.0,94,100,7.6,1.4,6.8,15.6
2002-12-07,9.9,91,100,9.6,0.9,7.5,9.8
2002-12-08,6.8,80,92,12.3,3.52,2.4,8.8
2002-12-09,10.7,74,65,7.3,8.81,0.0,9.8
2002-12-10,8.0,82,87,6.0,2.24,2.7,9.6
2002-12-11,9.9,82,75,8.0,6.58,1.0,12.5
2002-12-12,13.0,78,40,7.6,12.1,0.0,14.0
2002-12-13,13.4,78,75,6.2,7.83,0.0,11.2
2002-12-14,14.0,77,69,6.6,7.68,0.0,12.9
2002-12-15,12.0,82,86,9.2,2.94,0.0,13.2
2002-12-16,10.6,90,98,9.3,1.7,2.1,11.7
2002-12-17,10.3,90,100,10.6,1.22,6.0,13.5
2002-12-18,12.3,84,99,5.2,3.58,2.9,11.4
2002-12-19,12.2,82,99,8.4,3.36,1.6,12.5
2002-12-20,9.9,68,100,9.6,2.14,0.0,11.9
2002-12-21,9.1,76,100,8.3,1.88,1.9,11.7
2002-12-22,9.6,75,96,10.1,3.25,1.0,10.8
2002-12-23,10.0,77,98,6.4,3.4,0.0,11.0
2002-12-24,9.7,75,100,10.6,2.17,0.2,10.6
2002-12-25,7.1,87,100,8.9,1.62,11.6,8.8
2002-12-26,3.9,75,94,8.9,3.67,2.4,4.4
2002-12-27,5.0,56,76,8.3,8.23,0.0,4.1
2002-12-28,4.5,61,71,5.8,6.12,0.0,5.0
2002-12-29,6.5,68,80,5.6,8.63,0.0,6.7
2002-12-30,7.6,70,88,7.1,7.6,0.0,9.2
2002-12-31,8.6,75,84,7.1,6.2,0.0,
2003-01-01,7.9,85,94,6.7,3.89,0.3,6.0
2003-01-02,8.9,83,96,8.6,4.54,1.2,6.9
2003-01-03,11.1,80,41,9.8,12.17,0.0,9.0
2003-01-04,7.6,83,80,6.8,3.17,0.0,6.6
2003-01-05,5.8,73,98,9.5,3.54,0.0,6.9
2003-01-06,8.6,74,69,9.2,11.07,0.0,8.0
2003-01-07,10.7,73,23,9.7,12.71,0.0,10.0
2003-01-08,7.3,70,89,6.6,4.42,0.0,7.5
2003-01-09,9.2,73,69,9.3,8.02,0.0,10.0
2003-01-10,11.9,72,38,11.4,12.53,0.0,12.0
2003-01-11,10.8,69,81,7.9,7.18,0.0,12.0
2003-01-12,13.4,66,69,5.9,10.16,0.0,13.0
2003-01-13,13.2,72,46,7.4,8.91,0.0,11.0
2003-01-14,9.1,85,97,8.5,1.99,6.5,9.0
2003-01-15,12.2,82,89,8.3,5.32,3.7,11.0
2003-01-16,13.9,80,23,10.7,14.05,0.0,12.0
2003-01-17,11.1,81,81,9.8,4.5,0.0,11.0
2003-01-18,12.8,82,83,8.5,6.33,0.0,12.0
2003-01-19,13.5,83,66,7.7,10.68,0.0,12.0
2003-01-20,10.9,86,94,8.9,2.61,0.2,11.0
2003-01-21,12.4,91,95,8.9,2.1,5.3,12.0
2003-01-22,14.0,78,48,7.9,12.19,0.8,15.0
2003-01-23,16.3,72,39,13.1,11.63,0.0,16.0
2003-01-24,10.8,83,99,7.6,1.71,5.8,12.1
2003-01-25,10.9,87,94,8.1,2.06,1.8,9.0
2003-01-26,8.6,90,95,13.3,1.57,6.8,8.0
2003-01-27,8.3,72,76,10.2,7.61,0.2,6.0
2003-01-28,10.1,71,84,6.3,8.27,0.0,9.0
2003-01-29,9.4,74,87,10.2,4.69,0.0,8.0
2003-01-30,8.4,81,98,6.4,2.68,1.2,7.0
2003-01-31,9.8,79,95,4.8,6.07,0.0,10.0
2003-02-01,10.2,79,95,5.9,3.39,0.0,8.4
2003-02-02,9.1,77,88,6.2,4.44,0.0,8.0
2003-02-03,9.4,81,83,8.0,4.01,0.6,9.0
2003-02-04,12.5,77,46,7.4,10.43,0.0,13.0
2003-02-05,14.2,68,67,8.9,10.8,0.0,16.0
2003-02-06,13.9,64,79,8.2,8.04,0.0,13.0
2003-02-07,15.0,74,67,10.3,12.34,2.1,15.0
2003-02-08,17.2,76,34,9.4,12.53,0.1,18.0
2003-02-09,15.6,79,83,12.9,4.99,0.4,16.0
2003-02-10,13.0,87,94,7.6,2.58,2.7,16.0
2003-02-11,9.3,90,100,7.8,1.49,12.6,11.0
2003-02-12,8.3,78,97,8.3,4.18,4.2,7.0
2003-02-13,10.7,74,84,7.2,7.55,1.2,11.0
2003-02-14,12.2,75,95,8.8,7.53,1.3,12.0
2003-02-15,11.4,76,99,6.6,4.62,1.8,12.0
2003-02-16,14.2,72,71,11.1,11.58,0.0,16.0
2003-02-17,13.1,74,83,8.7,5.99,0.0,16.0
2003-02-18,13.3,81,80,8.0,4.72,0.0,16.0
2003-02-19,15.7,80,74,9.2,9.88,0.0,19.0
2003-02-20,19.7,77,47,14.5,11.25,0.0,17.0
2003-02-21,18.7,80,64,13.4,9.75,0.0,20.0
2003-02-22,18.9,81,62,11.3,9.57,0.0,21.0
2003-02-23,20.1,76,33,10.5,15.21,0.0,21.0
2003-02-24,19.2,75,60,10.7,8.78,0.0,20.0
2003-02-25,18.4,78,69,8.9,7.78,0.2,19.0
2003-02-26,18.1,80,71,8.2,7.56,0.0,19.0
2003-02-27,15.8,73,76,12.2,7.36,0.4,16.0
2003-02-28,16.3,79,81,8.4,7.79,0.9,16.0
2003-03-01,16.9,81,52,11.8,10.59,0.0,16.0
2003-03-02,17.5,82,85,9.7,7.66,1.0,20.0
2003-03-03,15.1,80,94,14.2,2.5,3.9,16.3
2003-03-04,11.0,68,99,14.4,2.55,0.9,13.3
2003-03-05,6.6,77,99,9.0,4.07,0.9,7.0
2003-03-06,10.2,67,74,6.7,14.19,0.6,12.0
2003-03-07,12.5,63,64,5.4,12.59,0.0,13.0
2003-03-08,14.4,57,71,9.4,13.34,0.0,15.0
2003-03-09,14.2,53,69,9.4,13.71,0.0,14.0
2003-03-10,18.4,64,34,13.7,19.11,0.5,18.0
2003-03-11,12.6,84,98,13.2,2.99,7.9,15.7
2003-03-12,13.2,81,99,7.9,5.41,4.8,11.5
2003-03-13,10.9,77,100,11.2,2.81,1.6,11.0
2003-03-14,12.4,82,97,7.4,6.3,1.1,12.0
2003-03-15,13.0,81,96,10.2,5.24,0.5,12.0
2003-03-16,13.1,86,94,6.2,4.92,0.6,14.0
2003-03-17,12.8,87,100,6.1,3.29,2.0,15.0
2003-03-18,10.6,79,100,6.9,2.63,1.0,10.2
2003-03-19,12.8,77,98,4.6,6.73,2.0,11.0
2003-03-20,14.8,72,95,9.2,12.25,0.0,17.0
2003-03-21,18.5,70,90,9.4,14.74,1.5,16.0
2003-03-22,14.2,77,96,9.6,5.9,12.0,12.8
2003-03-23,18.8,73,69,11.3,19.4,0.0,19.0
2003-03-24,20.9,69,25,10.4,22.58,0.0,22.0
2003-03-25,25.8,71,19,11.5,19.97,0.0,26.0
2003-03-26,20.9,78,57,12.3,10.48,1.9,23.0
2003-03-27,22.4,79,69,15.5,13.25,0.0,24.0
2003-03-28,23.8,71,56,9.4,20.16,0.3,25.7
2003-03-29,28.3,74,20,10.2,23.65,0.0,31.0
2003-03-30,29.0,72,10,11.7,21.02,0.0,32.0
2003-03-31,27.2,79,60,9.7,17.15,3.4,30.0
2003-04-01,22.1,89,80,14.1,7.9,24.1,25.0
2003-04-02,20.0,78,89,10.0,7.75,0.1,20.0
2003-04-03,16.8,82,99,7.8,3.98,5.0,16.0
2003-04-04,19.6,75,94,7.6,11.53,1.3,20.0
2003-04-05,17.2,68,68,10.5,7.66,0.1,20.0
2003-04-06,15.6,77,86,7.9,4.68,0.1,17.5
2003-04-07,20.8,77,75,8.5,17.01,0.2,23.0
2003-04-08,17.8,87,100,8.8,3.04,7.0,19.0
2003-04-09,21.3,77,86,14.2,11.54,0.8,22.0
2003-04-10,20.3,81,95,8.7,6.68,5.0,22.0
2003-04-11,22.2,80,93,9.5,10.12,0.7,23.0
2003-04-12,22.0,81,93,6.9,10.86,0.6,23.0
2003-04-13,17.7,82,100,14.4,3.05,10.8,20.0
2003-04-14,19.2,72,45,9.3,21.85,0.0,20.0
2003-04-15,25.5,74,0,9.8,25.45,0.0,27.0
2003-04-16,29.0,74,72,14.0,18.7,0.0,30.7
2003-04-17,29.1,75,30,11.5,21.97,0.0,32.0
2003-04-18,20.8,81,99,14.9,4.31,18.0,24.0
2003-04-19,21.2,73,80,9.9,14.47,0.0,23.6
2003-04-20,22.8,75,57,10.2,15.87,0.0,23.0
2003-04-21,22.6,69,88,13.9,9.79,1.2,20.0
2003-04-22,19.1,84,100,5.5,3.97,8.4,20.0
2003-04-23,20.6,80,97,8.9,8.9,3.5,22.0
2003-04-24,19.7,79,69,9.4,11.83,4.5,21.0
2003-04-25,24.6,75,18,10.0,25.66,0.0,25.0
2003-04-26,22.0,79,99,8.1,5.98,1.6,24.0
2003-04-27,23.5,80,92,6.6,10.69,12.7,24.0
2003-04-28,22.8,85,84,7.7,8.52,0.0,22.0
2003-04-29,26.1,66,79,10.2,21.73,0.0,27.0
2003-04-30,26.4,57,45,6.8,27.08,0.0,28.0
2003-05-01,28.0,66,74,14.8,24.07,0.0,29.0
2003-05-02,29.0,70,66,11.1,21.47,0.7,28.0
2003-05-03,27.7,78,72,7.9,21.46,0.5,26.0
2003-05-04,27.6,82,59,9.0,20.99,6.5,27.0
2003-05-05,28.9,74,45,17.7,19.72,0.4,29.0
2003-05-06,21.7,84,93,11.5,5.75,26.7,24.0
2003-05-07,24.7,68,52,9.0,20.67,0.0,27.0
2003-05-08,21.9,82,80,6.9,9.85,1.6,24.0
2003-05-09,19.8,84,95,5.8,4.0,6.0,21.9
2003-05-10,23.1,78,58,6.2,15.92,1.4,23.0
2003-05-11,24.6,80,72,10.0,12.15,3.7,26.0
2003-05-12,25.9,82,51,8.7,16.24,8.1,26.0
2003-05-13,25.7,84,59,7.8,15.29,3.6,24.0
2003-05-14,27.4,80,58,9.3,19.19,0.3,28.0
2003-05-15,24.0,87,84,8.3,5.85,27.0,24.4
2003-05-16,20.9,94,100,5.7,1.94,10.5,21.3
2003-05-17,19.3,92,100,6.1,2.63,11.5,19.8
2003-05-18,20.0,91,92,6.9,4.33,13.5,23.0
2003-05-19,22.7,85,95,8.7,11.25,0.6,20.3
2003-05-20,20.2,93,100,10.8,2.63,16.8,21.0
2003-05-21,18.9,87,99,9.2,4.03,29.8,19.0
2003-05-22,21.2,84,87,7.1,8.5,2.0,23.0
2003-05-23,25.4,78,60,9.4,17.56,0.0,26.0
2003-05-24,27.0,74,41,8.7,20.75,0.4,29.0
2003-05-25,29.3,72,35,11.4,24.6,0.0,30.0
2003-05-26,22.1,84,95,10.8,4.62,14.4,25.4
2003-05-27,21.3,91,99,6.5,3.56,23.1,20.0
2003-05-28,25.3,82,81,5.8,15.71,5.4,24.0
2003-05-29,27.9,76,27,7.4,25.15,0.0,29.0
2003-05-30,30.6,69,41,9.2,26.32,0.0,32.0
2003-05-31,29.4,69,64,8.3,22.62,0.0,32.0
2003-06-01,23.6,88,99,6.2,6.0,6.4,25.0
2003-06-02,26.4,81,68,9.6,18.74,4.0,25.0
2003-06-03,30.0,75,40,9.5,27.59,0.0,32.0
2003-06-04,31.8,74,85,11.0,23.4,0.0,31.0
2003-06-05,24.8,93,100,10.2,5.82,14.0,22.8
2003-06-06,24.1,88,100,10.8,7.03,2.0,22.0
2003-06-07,25.2,84,98,7.1,10.48,0.1,25.0
2003-06-08,25.0,87,97,5.0,10.16,1.5,24.0
2003-06-09,25.4,89,93,6.3,8.84,10.3,26.0
2003-06-10,24.1,89,90,14.2,8.31,4.6,22.7
2003-06-11,24.3,75,76,9.8,18.28,2.3,25.0
2003-06-12,22.5,84,87,8.0,6.52,3.6,23.0
2003-06-13,24.8,80,88,8.0,20.46,5.4,25.0
2003-06-14,27.8,71,83,6.5,25.72,0.0,28.0
2003-06-15,25.9,82,100,6.8,9.76,0.0,26.0
2003-06-16,23.1,86,90,7.6,7.9,2.0,24.2
2003-06-17,23.8,83,80,5.6,9.54,0.0,26.0
2003-06-18,27.5,80,79,7.4,20.28,0.9,29.0
2003-06-19,29.9,75,85,5.0,21.95,0.0,31.0
2003-06-20,31.2,76,81,7.6,24.21,0.3,32.0
2003-06-21,29.4,85,97,9.1,14.75,10.5,33.0
2003-06-22,27.7,92,100,10.0,10.56,24.4,25.3
2003-06-23,30.1,87,82,6.6,17.22,10.9,33.0
2003-06-24,30.0,87,99,6.6,14.59,4.3,30.0
2003-06-25,27.5,92,100,8.1,8.29,24.6,25.7
2003-06-26,24.5,86,90,11.8,4.99,3.2,23.0
2003-06-27,29.2,78,48,6.5,24.85,0.0,30.9
2003-06-28,31.2,76,64,9.5,23.98,0.0,32.0
2003-06-29,30.6,73,99,16.3,17.12,1.8,31.0
2003-06-30,25.2,96,100,11.0,3.07,31.0,25.3
2003-07-01,31.6,82,99,9.7,17.39,2.3,31.0
2003-07-02,27.6,88,100,8.4,8.42,7.1,27.0
2003-07-03,30.3,89,98,14.8,15.33,14.2,32.0
2003-07-04,24.8,83,90,7.9,10.57,8.8,27.0
2003-07-05,26.9,84,71,5.6,9.89,24.0,27.0
2003-07-06,29.9,78,36,7.9,23.52,0.1,32.0
2003-07-07,29.6,82,89,9.0,14.09,3.5,29.0
2003-07-08,27.1,87,99,12.0,15.97,22.9,24.0
2003-07-09,29.0,84,97,10.0,16.5,0.5,29.0
2003-07-10,28.4,89,99,5.2,13.04,3.0,25.0
2003-07-11,27.5,87,97,8.4,8.31,19.9,25.0
2003-07-12,28.4,89,99,8.4,9.93,12.9,27.0
2003-07-13,33.5,73,87,17.7,24.07,0.0,34.0
2003-07-14,33.6,68,88,12.7,25.16,0.0,35.0
2003-07-15,34.8,65,99,14.2,24.8,0.0,36.0
2003-07-16,31.5,76,100,13.6,17.42,6.5,34.0
2003-07-17,28.3,84,81,12.1,9.94,1.3,30.0
2003-07-18,32.7,82,56,7.9,25.86,0.2,35.0
2003-07-19,27.4,93,100,12.2,5.27,41.1,26.1
2003-07-20,28.0,81,96,10.2,13.99,0.1,28.0
2003-07-21,30.3,81,84,6.8,20.83,0.0,31.0
2003-07-22,27.7,86,97,7.3,10.41,3.1,27.0
2003-07-23,32.6,79,91,8.4,23.85,0.0,34.0
2003-07-24,34.1,80,45,9.6,25.75,0.0,35.0
2003-07-25,30.6,80,75,12.7,15.23,5.3,30.0
2003-07-26,32.3,77,62,11.7,17.81,1.1,33.0
2003-07-27,33.1,69,94,18.0,22.14,0.0,34.0
2003-07-28,32.6,72,68,15.1,23.24,0.0,35.0
2003-07-29,34.2,73,60,14.4,24.73,0.0,37.0
2003-07-30,34.9,68,40,13.4,26.13,0.0,37.0
2003-07-31,35.5,68,25,13.6,26.6,0.0,37.0
2003-08-01,35.6,68,27,10.3,24.24,0.0,38.0
2003-08-02,34.2,77,53,10.2,22.32,0.2,37.0
2003-08-03,33.4,82,62,9.7,20.03,3.8,35.0
2003-08-04,34.2,78,50,7.5,22.89,0.1,36.0
2003-08-05,35.2,73,25,11.0,24.63,0.2,38.0
2003-08-06,35.0,75,74,6.9,22.84,0.0,38.0
2003-08-07,34.8,75,81,8.2,23.45,0.0,37.0
2003-08-08,35.9,67,94,11.2,21.91,0.0,37.0
2003-08-09,35.5,70,97,7.3,21.63,0.8,39.0
2003-08-10,28.4,83,99,15.3,7.46,0.9,29.1
2003-08-11,25.4,75,99,11.7,9.63,1.7,24.0
2003-08-12,28.0,69,98,8.5,14.19,0.0,28.0
2003-08-13,25.2,75,93,7.3,7.51,0.2,25.0
2003-08-14,26.6,79,98,11.6,11.42,3.2,23.7
2003-08-15,22.1,92,97,11.8,2.1,30.4,23.0
2003-08-16,23.8,89,99,4.3,4.46,2.0,25.0
2003-08-17,26.1,86,96,5.7,10.62,1.0,25.0
2003-08-18,26.8,82,79,5.9,13.49,0.8,26.0
2003-08-19,29.8,80,66,8.3,20.79,1.6,30.0
2003-08-20,32.1,73,90,12.5,21.07,0.0,33.0
2003-08-21,33.5,69,33,13.0,24.09,0.0,34.0
2003-08-22,33.1,70,15,10.4,22.53,0.0,35.9
2003-08-23,33.3,72,31,7.6,22.44,0.0,36.0
2003-08-24,34.7,72,73,7.5,21.99,0.7,37.0
2003-08-25,36.3,65,65,12.8,23.52,0.0,38.0
2003-08-26,35.6,58,93,17.0,22.83,0.0,36.0
2003-08-27,34.8,58,57,12.1,22.86,0.0,36.0
2003-08-28,36.5,53,85,15.0,20.25,0.0,37.0
2003-08-29,37.7,49,97,16.5,20.76,0.0,37.0
2003-08-30,33.6,63,100,15.8,11.46,5.1,34.0
2003-08-31,29.4,78,96,8.0,12.08,5.0,29.0
2003-09-01,25.0,88,100,13.2,2.4,6.9,25.1
2003-09-02,22.1,78,100,8.9,4.21,0.1,26.0
2003-09-03,25.9,74,95,7.4,12.16,0.5,25.0
2003-09-04,24.9,82,90,7.3,6.69,8.5,23.0
2003-09-05,30.5,78,52,7.6,19.13,2.0,31.0
2003-09-06,30.5,80,88,11.3,16.93,9.4,29.0
2003-09-07,23.5,81,98,12.6,6.81,8.3,22.6
2003-09-08,24.8,84,98,7.6,8.85,3.9,23.0
2003-09-09,20.0,93,100,5.1,2.59,18.4,21.0
2003-09-10,26.1,77,60,6.4,19.65,0.0,27.0
2003-09-11,28.6,72,43,9.2,23.35,0.0,30.0
2003-09-12,25.9,78,98,10.0,7.62,0.0,27.0
2003-09-13,24.0,83,94,5.2,9.69,4.8,23.0
2003-09-14,25.2,82,62,7.1,13.93,1.1,28.0
2003-09-15,27.1,82,59,5.5,12.41,5.7,27.0
2003-09-16,31.1,75,32,10.0,19.78,0.0,31.0
2003-09-17,31.7,75,56,8.0,19.29,0.3,34.0
2003-09-18,31.4,81,97,8.4,16.69,1.4,32.0
2003-09-19,24.3,94,100,11.8,3.11,9.0,26.0
2003-09-20,20.4,86,100,11.6,2.42,4.6,20.0
2003-09-21,23.1,86,95,8.7,7.27,7.4,23.0
2003-09-22,26.7,76,19,7.5,21.69,0.0,28.0
2003-09-23,28.6,71,13,10.1,21.95,0.0,30.0
2003-09-24,30.2,66,4,11.9,22.03,0.0,32.0
2003-09-25,31.2,65,3,16.0,22.14,0.0,34.0
2003-09-26,31.5,64,2,11.2,21.73,0.0,33.0
2003-09-27,31.3,62,12,10.8,20.03,0.0,32.0
2003-09-28,29.2,65,71,9.4,11.11,0.6,28.0
2003-09-29,27.6,70,76,14.8,8.84,1.1,25.0
2003-09-30,30.0,75,50,15.3,13.48,0.1,29.0
2003-10-01,21.8,87,99,12.6,1.49,5.7,20.0
2003-10-02,16.0,85,99,8.9,2.75,5.6,16.0
2003-10-03,15.5,87,99,6.4,2.31,4.9,15.4
2003-10-04,15.5,89,100,2.9,1.68,8.6,15.0
2003-10-05,15.6,91,100,7.1,1.83,5.6,17.0
2003-10-06,20.4,78,87,6.3,10.46,0.1,21.0
2003-10-07,23.6,76,41,9.2,19.53,0.0,24.0
2003-10-08,22.5,77,61,8.2,7.97,0.0,23.0
2003-10-09,20.4,84,97,5.9,3.01,6.2,21.0
2003-10-10,21.2,91,98,5.4,3.54,12.4,19.4
2003-10-11,20.6,92,99,10.2,1.96,6.9,20.0
2003-10-12,18.1,89,99,9.6,1.16,8.9,19.2
2003-10-13,15.2,91,100,9.2,1.64,6.2,16.0
2003-10-14,15.2,91,99,5.9,1.32,2.3,16.1
2003-10-15,16.4,88,98,7.6,3.14,1.2,17.0
2003-10-16,19.0,79,84,7.9,7.19,0.0,20.0
2003-10-17,19.9,82,91,6.4,5.27,0.0,21.0
2003-10-18,18.2,90,99,4.6,2.29,1.9,18.0
2003-10-19,17.7,79,100,12.2,1.92,0.0,17.0
2003-10-20,18.3,78,80,7.9,10.96,0.0,20.0
2003-10-21,19.8,75,66,8.0,11.86,0.0,21.0
2003-10-22,16.7,83,99,6.0,3.53,1.7,18.0
2003-10-23,16.6,91,97,7.0,2.5,2.9,17.0
2003-10-24,20.6,83,81,8.1,10.49,0.1,21.0
2003-10-25,16.4,88,98,6.9,2.14,4.9,17.0
2003-10-26,19.2,85,96,4.7,6.57,0.0,18.0
2003-10-27,22.3,81,66,8.3,12.12,0.0,22.0
2003-10-28,21.9,82,87,10.2,6.71,1.9,21.0
2003-10-29,19.3,83,76,8.3,5.02,3.2,20.0
2003-10-30,22.1,80,34,8.9,12.9,0.1,21.0
2003-10-31,23.7,76,18,9.9,16.64,0.0,24.0
2003-11-01,24.6,76,39,8.6,16.12,1.1,26.0
2003-11-02,23.4,83,50,6.1,9.23,7.8,23.0
2003-11-03,25.3,76,38,14.3,13.15,0.0,25.0
2003-11-04,21.3,72,41,9.7,8.7,1.9,24.0
2003-11-05,24.1,78,34,12.2,11.75,0.0,24.0
2003-11-06,27.5,75,22,17.9,12.85,0.1,28.0
2003-11-07,19.7,83,89,12.0,2.14,5.7,21.1
2003-11-08,13.3,83,100,10.3,1.24,11.4,19.0
2003-11-09,10.9,82,100,8.2,1.47,5.0,11.2
2003-11-10,11.4,83,100,3.8,3.75,2.7,10.0
2003-11-11,11.1,80,88,8.9,2.37,2.6,11.0
2003-11-12,14.4,72,58,8.4,11.25,0.0,15.0
2003-11-13,15.7,72,68,7.7,9.88,0.0,15.0
2003-11-14,17.2,76,59,9.3,11.31,0.0,16.0
2003-11-15,15.4,80,64,8.9,6.33,0.0,16.0
2003-11-16,14.3,87,99,9.1,2.29,0.4,14.6
2003-11-17,15.8,88,98,7.7,2.95,1.0,14.0
2003-11-18,15.5,89,95,6.8,2.93,0.4,14.0
2003-11-19,14.1,94,99,5.8,1.76,3.5,15.0
2003-11-20,15.6,82,99,9.1,4.48,0.0,15.0
2003-11-21,13.5,91,100,7.3,1.1,16.1,14.3
2003-11-22,16.8,70,30,10.2,13.77,0.0,17.0
2003-11-23,13.3,72,87,7.8,2.34,0.0,14.0
2003-11-24,12.9,80,91,8.9,2.47,0.1,13.1
2003-11-25,11.5,92,100,10.4,1.26,11.2,12.0
2003-11-26,11.8,84,94,10.8,2.57,8.5,12.2
2003-11-27,13.1,82,83,9.8,4.3,1.1,11.0
2003-11-28,11.7,84,90,6.3,4.75,1.5,11.0
2003-11-29,13.4,82,63,8.3,9.26,0.0,14.0
2003-11-30,14.9,78,38,10.5,11.58,0.0,11.0
2003-12-01,11.1,81,96,7.4,1.81,0.2,11.0
2003-12-02,10.8,92,100,4.3,1.25,4.9,11.1
2003-12-03,10.6,94,100,8.4,1.08,6.2,10.0
2003-12-04,12.2,87,98,10.0,2.46,3.6,12.0
2003-12-05,12.6,84,94,10.4,2.62,9.8,11.6
2003-12-06,11.4,88,85,6.5,2.96,4.0,11.0
2003-12-07,9.6,74,95,10.0,3.02,1.5,10.0
2003-12-08,9.1,80,98,7.3,3.98,4.5,8.6
2003-12-09,10.4,74,72,10.5,5.98,0.2,9.0
2003-12-10,10.1,78,97,4.6,5.76,1.9,9.0
2003-12-11,11.5,73,92,7.6,7.08,0.0,13.0
2003-12-12,12.4,71,66,7.4,7.66,0.0,11.9
2003-12-13,13.3,73,26,8.6,11.21,0.0,11.0
2003-12-14,9.7,79,88,8.9,2.5,0.0,10.0
2003-12-15,11.2,81,98,6.5,2.89,0.0,10.0
2003-12-16,10.3,87,99,8.0,2.36,0.3,9.9
2003-12-17,10.9,90,97,7.1,2.28,2.6,9.2
2003-12-18,9.3,81,88,12.0,2.75,3.0,9.4
2003-12-19,10.5,78,47,8.2,10.23,0.0,12.0
2003-12-20,10.5,76,63,6.4,7.19,0.0,9.0
2003-12-21,9.8,71,80,6.3,4.62,0.0,9.0
2003-12-22,10.5,78,63,8.6,7.19,0.0,11.0
2003-12-23,12.3,76,28,9.2,10.27,0.0,9.0
2003-12-24,10.1,83,75,6.2,3.9,0.0,10.0
2003-12-25,11.3,76,68,7.6,7.48,0.0,11.0
2003-12-26,11.8,69,12,8.9,12.02,0.0,13.0
2003-12-27,9.4,73,77,10.4,2.83,0.0,9.0
2003-12-28,9.4,71,92,4.9,3.2,0.0,8.9
2003-12-29,7.6,86,97,4.5,1.8,6.1,7.0
2003-12-30,8.5,81,94,7.6,4.67,2.9,8.0
2003-12-31,7.8,81,70,8.9,3.55,0.2,8.0
2004-01-01,9.4,82,95,8.7,3.64,0.4,11.5
2004-01-02,10.9,77,79,9.4,6.54,0.0,12.0
2004-01-03,9.9,79,82,5.7,3.64,0.0,10.4
2004-01-04,9.9,85,79,7.9,3.09,0.3,10.6
2004-01-05,10.6,87,82,7.1,2.93,0.0,12.7
2004-01-06,10.4,84,81,6.7,3.26,0.0,12.3
2004-01-07,10.4,85,100,5.0,1.53,0.0,12.2
2004-01-08,9.3,82,99,8.4,1.71,0.2,12.7
2004-01-09,9.4,82,100,6.1,2.22,2.9,13.0
2004-01-10,10.7,87,100,9.0,2.65,9.9,12.2
2004-01-11,12.3,77,79,9.7,7.76,0.0,12.9
2004-01-12,13.7,71,87,5.3,9.26,0.0,14.1
2004-01-13,9.5,74,92,12.3,4.11,1.3,10.4
2004-01-14,7.2,75,99,9.4,2.04,1.9,9.6
2004-01-15,8.2,87,100,7.1,2.9,6.2,8.5
2004-01-16,10.3,78,86,6.8,5.71,0.1,10.8
2004-01-17,9.3,67,90,12.0,4.46,0.0,11.0
2004-01-18,7.6,83,99,8.0,3.39,3.6,8.8
2004-01-19,5.9,81,97,8.4,4.66,4.5,6.9
2004-01-20,7.1,77,90,6.1,6.5,1.3,6.0
2004-01-21,9.0,73,66,9.5,8.72,0.0,9.4
2004-01-22,7.9,73,83,9.9,5.3,0.0,7.0
2004-01-23,9.5,77,79,8.2,10.16,0.8,10.6
2004-01-24,9.5,81,72,8.4,10.66,0.1,7.7
2004-01-25,6.4,66,95,11.4,4.29,0.0,7.6
2004-01-26,7.6,70,93,6.2,7.35,0.5,8.9
2004-01-27,9.0,72,87,7.5,8.36,0.0,9.9
2004-01-28,9.8,71,58,6.8,8.89,0.0,10.6
2004-01-29,12.6,66,17,9.5,15.05,0.0,14.0
2004-01-30,13.4,75,48,8.7,7.88,0.0,11.6
2004-01-31,9.6,83,84,10.9,2.52,0.8,12.4
2004-02-01,10.2,92,89,7.9,2.7,2.2,9.3
2004-02-02,8.0,91,99,12.0,2.79,6.8,8.5
2004-02-03,6.5,82,97,8.9,6.6,7.3,5.0
2004-02-04,7.0,77,92,4.8,6.49,0.2,6.7
2004-02-05,8.7,78,96,7.1,6.08,0.6,9.0
2004-02-06,8.9,80,93,6.3,9.44,2.9,8.0
2004-02-07,9.4,77,97,7.3,9.97,3.5,8.6
2004-02-08,9.6,76,76,10.0,8.86,0.0,10.6
2004-02-09,12.8,69,34,10.0,15.43,0.0,9.4
2004-02-10,12.5,72,61,7.1,13.36,0.0,10.3
2004-02-11,8.5,82,97,9.8,3.13,0.8,9.6
2004-02-12,9.5,88,97,5.7,3.16,4.0,10.1
2004-02-13,15.3,74,19,11.2,17.88,0.0,15.4
2004-02-14,17.3,71,0,10.7,17.94,0.0,18.4
2004-02-15,19.1,69,13,10.2,16.04,0.9,18.6
2004-02-16,12.2,84,100,9.5,2.9,2.8,16.0
2004-02-17,16.2,75,57,10.5,13.0,0.7,16.7
2004-02-18,18.4,79,22,10.3,17.11,0.0,17.1
2004-02-19,18.7,81,38,8.3,9.78,3.6,18.6
2004-02-20,17.8,84,87,7.6,7.04,4.8,19.4
2004-02-21,17.1,63,56,10.5,12.52,3.5,19.4
2004-02-22,16.8,71,77,9.9,15.51,0.2,16.3
2004-02-23,12.7,79,99,10.4,5.09,7.2,12.8
2004-02-24,14.8,76,95,7.2,8.73,0.0,13.9
2004-02-25,16.7,73,86,7.5,11.14,0.1,18.0
2004-02-26,13.7,79,99,7.4,3.12,1.8,15.0
2004-02-27,17.2,83,92,12.0,6.34,1.2,18.8
2004-02-28,13.7,89,97,10.7,2.51,6.0,18.3
2004-02-29,14.7,84,100,10.2,3.28,8.8,14.2
2004-03-01,11.7,85,99,9.0,3.4,17.0,10.7
2004-03-02,12.6,74,99,8.4,6.91,6.7,10.2
2004-03-03,12.5,66,98,13.8,10.96,1.4,13.0
2004-03-04,15.5,72,47,8.7,18.46,0.0,16.6
2004-03-05,12.2,74,82,10.9,8.79,2.1,13.4
2004-03-06,12.1,77,99,10.2,6.64,1.0,12.7
2004-03-07,11.6,77,95,10.2,7.07,1.2,12.1
2004-03-08,14.4,73,76,9.3,15.12,0.0,16.5
2004-03-09,19.0,72,4,11.6,21.27,0.0,20.0
2004-03-10,19.8,72,45,10.5,18.45,0.0,20.0
2004-03-11,14.6,88,95,12.1,2.74,6.6,15.7
2004-03-12,14.7,72,66,11.2,10.4,0.3,13.8
2004-03-13,16.0,78,58,7.7,10.51,0.0,15.4
2004-03-14,19.7,74,72,9.7,17.6,0.0,22.2
2004-03-15,22.2,77,50,8.7,14.04,0.2,23.5
2004-03-16,22.6,79,82,9.6,13.22,0.0,23.8
2004-03-17,21.2,84,79,10.7,10.07,14.0,22.5
2004-03-18,21.3,61,61,14.7,18.05,0.0,24.8
2004-03-19,14.5,69,95,10.2,4.1,0.6,18.3
2004-03-20,12.6,87,100,7.2,1.89,7.8,13.1
2004-03-21,15.4,80,95,12.4,7.51,5.6,17.1
2004-03-22,12.4,80,100,8.4,2.48,4.7,14.2
2004-03-23,15.9,79,98,11.9,9.31,4.9,17.0
2004-03-24,13.2,84,100,5.9,1.89,2.2,14.0
2004-03-25,15.2,82,99,4.9,6.73,5.3,16.0
2004-03-26,15.1,79,96,8.0,5.27,3.5,16.1
2004-03-27,18.3,75,91,7.7,13.04,2.8,19.4
2004-03-28,19.8,75,89,7.9,12.24,2.6,20.6
2004-03-29,15.6,91,100,7.6,4.63,12.3,16.8
2004-03-30,16.3,90,100,6.9,4.37,3.1,16.4
2004-03-31,20.0,80,99,8.2,10.56,3.5,19.1
2004-04-01,21.5,73,40,11.5,23.04,0.0,23.6
2004-04-02,24.8,71,82,9.1,21.25,0.0,26.8
2004-04-03,24.1,78,52,7.2,19.62,1.8,27.0
2004-04-04,24.6,69,90,15.9,18.43,0.0,29.6
2004-04-05,25.2,70,77,9.4,20.73,0.0,27.3
2004-04-06,26.5,79,78,17.7,19.67,3.0,29.3
2004-04-07,18.6,73,99,16.2,7.75,11.1,20.3
2004-04-08,19.5,74,97,7.1,15.75,0.0,18.9
2004-04-09,20.3,66,60,10.2,18.47,0.0,20.6
2004-04-10,21.4,64,68,8.7,18.19,0.0,22.6
2004-04-11,18.0,86,99,5.4,2.91,8.0,19.0
2004-04-12,21.7,83,83,5.9,13.74,3.2,21.5
2004-04-13,18.7,91,98,5.6,4.58,8.4,18.0
2004-04-14,15.7,96,100,9.9,1.23,27.1,16.3
2004-04-15,14.3,83,98,10.9,5.36,1.3,14.1
2004-04-16,20.0,76,100,4.0,17.16,0.0,18.9
2004-04-17,22.6,74,81,8.5,20.35,0.0,24.4
2004-04-18,26.8,65,31,8.4,26.33,0.0,29.9
2004-04-19,29.6,66,18,9.3,26.63,0.0,32.7
2004-04-20,31.0,70,78,10.8,22.19,0.0,33.9
2004-04-21,29.9,74,12,7.2,24.21,0.0,33.3
2004-04-22,32.4,74,11,10.2,25.83,0.0,35.6
2004-04-23,29.6,78,79,11.1,17.43,9.9,31.5
2004-04-24,21.7,78,89,12.9,7.4,4.9,24.6
2004-04-25,21.3,79,100,10.1,7.69,7.0,22.5
2004-04-26,25.5,71,54,11.0,26.05,0.2,27.8
2004-04-27,28.5,68,77,9.1,23.18,0.0,30.6
2004-04-28,30.0,71,40,14.2,22.76,10.6,31.9
2004-04-29,26.6,84,65,10.0,16.29,11.9,31.3
2004-04-30,28.5,81,52,11.3,20.86,5.7,28.8
2004-05-01,25.3,77,78,15.5,12.89,20.5,25.3
2004-05-02,21.3,84,98,15.6,7.56,37.3,23.9
2004-05-03,15.1,72,94,16.9,8.02,4.8,17.0
2004-05-04,20.3,62,56,7.0,23.31,0.0,23.0
2004-05-05,23.3,60,29,7.1,27.76,0.0,27.1
2004-05-06,24.2,68,54,11.2,18.68,1.0,25.1
2004-05-07,21.7,77,79,9.3,11.66,16.8,24.8
2004-05-08,26.8,75,25,10.2,27.08,0.0,30.6
2004-05-09,29.3,75,80,10.4,20.59,3.3,31.5
2004-05-10,25.0,89,87,9.7,9.58,43.4,25.0
2004-05-11,23.8,92,95,6.6,9.18,1.4,26.2
2004-05-12,25.2,84,92,12.9,16.98,0.6,23.1
2004-05-13,23.7,83,96,10.3,7.74,1.3,22.7
2004-05-14,19.9,85,98,11.7,3.93,6.2,19.8
2004-05-15,20.7,88,93,7.6,8.15,3.7,22.9
2004-05-16,23.8,85,83,9.7,17.26,0.8,25.2
2004-05-17,26.7,71,58,10.0,25.75,0.2,30.2
2004-05-18,23.2,79,100,13.8,9.96,6.3,24.0
2004-05-19,26.8,75,90,7.6,22.54,0.0,28.1
2004-05-20,29.5,69,66,7.0,27.36,0.0,32.5
2004-05-21,30.2,69,52,7.0,28.22,0.0,33.4
2004-05-22,29.4,74,98,8.1,14.48,0.0,31.2
2004-05-23,24.9,86,100,9.2,5.46,7.7,25.4
2004-05-24,25.9,81,89,11.5,14.22,2.1,23.9
2004-05-25,22.1,89,92,8.6,7.29,6.8,22.5
2004-05-26,25.9,81,76,10.7,15.0,6.9,26.1
2004-05-27,26.1,84,77,8.8,12.43,19.8,27.8
2004-05-28,28.2,75,41,4.9,20.52,0.1,31.4
2004-05-29,28.9,85,60,9.8,16.06,27.4,26.3
2004-05-30,23.2,88,100,16.0,2.9,104.2,22.4
2004-05-31,22.3,81,93,6.4,9.22,2.5,22.3
2004-06-01,24.9,79,90,9.4,11.08,0.0,26.1
2004-06-02,25.9,81,91,10.8,12.0,4.4,23.4
2004-06-03,22.1,90,100,7.1,6.54,14.2,21.0
2004-06-04,21.3,90,99,9.1,3.82,13.6,21.9
2004-06-05,22.7,83,98,5.9,6.58,4.5,23.2
2004-06-06,25.1,80,63,5.4,14.78,1.1,26.8
2004-06-07,27.5,78,49,9.4,23.09,0.2,30.6
2004-06-08,27.8,77,93,7.8,18.37,0.0,31.1
2004-06-09,25.1,85,99,9.7,6.01,4.9,26.0
2004-06-10,21.1,89,100,9.5,2.97,14.6,22.0
2004-06-11,19.8,91,100,7.0,3.03,3.9,20.7
2004-06-12,19.7,93,100,7.5,2.97,18.5,21.6
2004-06-13,19.1,93,100,6.9,3.05,19.3,21.1
2004-06-14,22.3,86,99,4.8,6.83,22.3,24.8
2004-06-15,24.4,83,81,7.3,11.79,5.5,25.8
2004-06-16,29.3,77,34,9.7,28.49,0.0,31.7
2004-06-17,28.4,79,100,12.2,16.27,17.7,28.9
2004-06-18,24.4,83,100,12.0,12.85,42.8,23.8
2004-06-19,27.0,83,94,7.8,15.09,0.0,26.5
2004-06-20,27.2,80,98,9.9,20.67,0.0,27.2
2004-06-21,28.5,80,92,7.1,21.77,0.0,28.4
2004-06-22,28.3,83,89,8.2,16.35,0.7,31.5
2004-06-23,23.6,92,99,8.6,4.25,44.9,25.0
2004-06-24,27.0,82,75,9.9,18.53,1.7,28.7
2004-06-25,30.7,78,22,5.7,26.82,0.0,33.0
2004-06-26,32.7,77,21,9.5,25.19,0.3,35.4
2004-06-27,32.9,79,73,9.8,24.02,2.4,34.8
2004-06-28,33.4,77,86,12.0,24.58,0.0,36.2
2004-06-29,33.5,77,73,7.6,25.14,0.7,36.7
2004-06-30,30.6,87,99,14.3,15.6,15.7,34.0
2004-07-01,25.4,81,93,14.0,10.12,4.7,27.6
2004-07-02,28.4,79,77,6.8,16.45,0.0,29.6
2004-07-03,29.5,79,48,5.6,22.51,0.6,33.7
2004-07-04,29.3,85,99,7.9,10.76,1.6,30.6
2004-07-05,29.8,80,40,8.8,25.01,0.0,33.4
2004-07-06,32.0,74,22,8.7,27.8,0.0,35.6
2004-07-07,34.2,77,56,7.2,25.85,0.0,38.8
2004-07-08,33.2,83,99,6.1,18.48,3.5,31.0
2004-07-09,28.8,89,98,9.8,11.3,10.2,29.7
2004-07-10,27.4,89,76,10.0,11.65,27.1,29.7
2004-07-11,30.4,80,25,6.9,25.82,0.9,35.2
2004-07-12,32.9,73,76,8.7,27.05,0.3,37.2
2004-07-13,31.7,80,91,9.4,18.59,0.3,33.1
2004-07-14,28.7,85,92,6.9,14.67,0.2,29.4
2004-07-15,28.2,86,86,6.8,13.69,13.8,25.4
2004-07-16,27.2,92,99,6.6,9.82,18.3,25.7
2004-07-17,28.1,89,84,9.0,11.73,5.7,30.1
2004-07-18,29.7,84,54,5.1,16.02,4.5,31.5
2004-07-19,30.2,84,74,6.0,22.47,4.1,31.7
2004-07-20,31.8,81,50,8.3,25.49,0.2,34.4
2004-07-21,28.6,79,98,13.2,16.67,3.5,32.0
2004-07-22,29.4,75,78,17.8,17.84,0.0,33.2
2004-07-23,32.5,70,14,16.3,27.1,0.0,36.9
2004-07-24,33.3,69,8,11.1,27.23,0.0,37.1
2004-07-25,33.8,68,33,12.7,27.18,0.0,37.8
2004-07-26,33.6,66,100,11.0,25.23,0.0,35.2
2004-07-27,33.4,73,71,8.3,25.17,0.0,36.1
2004-07-28,32.6,80,26,7.6,24.09,0.0,36.3
2004-07-29,34.0,73,32,8.7,24.72,0.6,38.3
2004-07-30,29.9,85,79,7.3,17.22,22.4,36.1
2004-07-31,30.0,87,99,6.9,15.1,7.8,32.0
2004-08-01,32.5,74,55,12.6,23.09,0.0,36.3
2004-08-02,33.1,69,82,14.1,23.39,0.0,36.4
2004-08-03,32.1,75,77,9.4,22.05,0.0,35.0
2004-08-04,29.9,87,91,8.5,13.63,8.5,30.3
2004-08-05,29.7,88,66,9.5,17.6,23.8,34.0
2004-08-06,29.3,85,58,6.7,20.15,4.7,31.0
2004-08-07,30.6,82,58,7.0,20.66,1.4,35.3
2004-08-08,33.7,76,32,10.2,24.17,0.0,37.5
2004-08-09,34.7,70,46,13.0,24.97,0.0,39.0
2004-08-10,35.0,69,26,9.8,25.03,0.0,39.2
2004-08-11,36.4,69,60,9.1,25.8,0.0,40.7
2004-08-12,32.7,75,56,9.1,21.05,8.6,37.4
2004-08-13,32.0,82,25,7.2,22.49,17.0,33.4
2004-08-14,31.3,84,39,8.0,19.69,4.7,35.9
2004-08-15,30.6,89,92,9.1,14.86,27.5,35.6
2004-08-16,30.2,87,68,7.9,15.67,18.5,33.4
2004-08-17,30.6,80,47,6.1,21.76,0.7,35.1
2004-08-18,31.7,73,41,8.2,23.49,0.0,35.8
2004-08-19,31.8,66,48,18.0,23.4,0.0,35.2
2004-08-20,26.3,76,98,8.8,5.79,8.2,30.1
2004-08-21,25.8,89,95,6.9,7.77,13.2,25.7
2004-08-22,27.2,86,93,5.2,11.98,36.3,28.2
2004-08-23,26.6,85,94,9.7,9.73,1.6,25.0
2004-08-24,28.4,83,86,10.1,11.57,2.2,28.6
2004-08-25,26.0,88,96,5.5,4.3,14.4,26.0
2004-08-26,26.5,91,89,4.6,7.16,3.1,29.4
2004-08-27,28.3,86,85,9.4,14.08,0.4,29.4
2004-08-28,27.1,83,84,10.6,13.76,1.1,27.0
2004-08-29,26.4,85,94,7.7,9.01,3.8,24.8
2004-08-30,27.5,84,77,6.3,12.97,0.2,25.7
2004-08-31,29.2,84,91,7.2,17.13,0.1,29.4
2004-09-01,27.4,88,95,8.4,10.63,2.5,25.6
2004-09-02,30.9,81,92,9.1,17.1,0.0,32.9
2004-09-03,31.1,78,99,13.1,10.75,0.1,31.6
2004-09-04,27.5,89,100,5.4,7.99,19.2,28.6
2004-09-05,24.4,95,97,10.5,2.49,84.4,26.0
2004-09-06,25.5,90,98,7.7,5.2,4.7,24.2
2004-09-07,22.9,93,100,11.2,2.02,52.7,22.1
2004-09-08,22.3,84,93,11.3,7.18,14.5,22.5
2004-09-09,26.0,80,40,6.6,20.25,0.0,27.2
2004-09-10,27.7,75,15,8.7,21.62,0.0,30.4
2004-09-11,27.9,72,12,9.3,23.57,0.0,30.8
2004-09-12,28.2,71,26,11.8,22.95,0.0,30.8
2004-09-13,24.3,77,85,6.6,9.72,0.8,24.7
2004-09-14,26.6,80,30,10.3,22.29,0.0,30.2
2004-09-15,28.6,74,3,9.4,22.07,0.0,30.0
2004-09-16,31.5,74,0,11.9,22.74,0.0,33.0
2004-09-17,31.2,66,6,13.7,22.79,0.0,35.2
2004-09-18,29.7,72,45,9.2,17.77,0.2,28.8
2004-09-19,29.7,86,66,11.3,15.44,32.0,29.1
2004-09-20,23.2,82,96,12.3,11.13,17.8,23.2
2004-09-21,23.4,78,88,7.7,8.6,1.0,20.4
2004-09-22,24.7,75,75,6.5,16.37,0.0,23.9
2004-09-23,23.1,78,94,7.3,7.15,0.0,23.3
2004-09-24,20.3,84,100,6.7,3.45,15.0,19.4
2004-09-25,19.8,92,99,4.7,2.02,10.4,20.7
2004-09-26,23.9,83,89,6.1,9.0,0.0,23.6
2004-09-27,22.5,89,98,5.8,3.24,0.6,22.7
2004-09-28,25.2,86,80,9.8,7.39,0.6,24.1
2004-09-29,27.7,83,65,6.9,13.8,0.4,24.9
2004-09-30,25.1,85,78,16.5,8.72,1.4,22.6
2004-10-01,14.0,84,93,12.3,2.76,12.2,16.0
2004-10-02,17.0,77,96,6.3,8.43,0.0,19.6
2004-10-03,17.9,80,99,5.6,5.46,1.8,21.3
2004-10-04,17.6,86,100,7.4,4.56,0.1,17.4
2004-10-05,15.3,86,100,8.4,2.48,5.9,16.7
2004-10-06,19.3,76,96,7.2,11.03,0.0,20.8
2004-10-07,21.5,75,56,6.4,18.13,0.0,23.0
2004-10-08,23.9,75,11,10.4,20.0,0.0,25.1
2004-10-09,20.9,83,95,8.4,2.55,0.0,23.0
2004-10-10,18.7,82,79,7.4,4.05,4.1,19.0
2004-10-11,19.7,84,72,5.9,8.12,0.2,19.3
2004-10-12,20.6,84,80,6.8,9.37,0.0,21.4
2004-10-13,18.3,86,100,5.1,1.57,1.5,18.0
2004-10-14,17.3,92,100,7.4,1.53,6.3,16.8
2004-10-15,16.2,88,100,6.8,1.61,1.8,15.8
2004-10-16,16.3,90,100,6.6,2.49,5.8,16.0
2004-10-17,15.7,92,100,7.4,1.82,8.9,17.6
2004-10-18,19.5,84,86,6.1,6.92,0.2,19.4
2004-10-19,21.6,81,67,7.2,9.42,0.0,23.4
2004-10-20,24.3,76,44,9.5,14.98,0.0,25.1
2004-10-21,17.4,90,90,9.0,1.65,5.5,20.0
2004-10-22,16.6,89,95,7.3,3.22,6.0,16.0
2004-10-23,16.5,84,98,8.2,2.92,1.1,15.6
2004-10-24,17.0,85,89,7.9,3.85,4.4,17.2
2004-10-25,15.5,87,93,5.8,2.63,5.4,17.0
2004-10-26,16.5,89,97,5.0,2.84,1.1,16.7
2004-10-27,20.6,72,72,10.9,10.18,0.0,19.6
2004-10-28,20.5,74,77,7.4,9.15,0.1,17.0
2004-10-29,18.5,83,86,7.3,5.34,12.5,18.0
2004-10-30,18.6,85,74,6.7,5.89,2.6,17.0
2004-10-31,20.5,86,79,9.6,8.19,2.3,21.0
2004-11-01,20.8,84,70,9.8,8.95,0.0,21.0
2004-11-02,22.3,75,18,8.5,13.93,0.0,21.0
2004-11-03,20.9,79,38,8.9,10.74,0.4,19.0
2004-11-04,20.3,84,47,7.9,8.63,3.2,16.1
2004-11-05,20.3,86,69,8.7,8.24,0.0,20.0
2004-11-06,22.9,81,23,10.2,14.86,0.0,23.0
2004-11-07,23.0,80,24,9.8,12.86,0.0,24.0
2004-11-08,18.7,89,87,8.0,5.09,16.6,19.0
2004-11-09,21.3,82,80,8.9,8.44,0.0,20.0
2004-11-10,15.5,85,93,13.9,1.94,9.4,16.7
2004-11-11,16.7,84,92,4.7,2.87,0.0,17.0
2004-11-12,17.5,84,94,10.7,4.05,10.6,17.0
2004-11-13,15.4,85,97,6.6,1.71,3.4,15.3
2004-11-14,13.5,89,99,8.5,2.26,9.4,13.4
2004-11-15,13.4,90,99,5.4,4.15,2.3,14.6
2004-11-16,15.6,79,69,6.7,8.53,0.8,14.7
2004-11-17,16.5,79,47,9.2,12.31,0.0,17.0
2004-11-18,17.3,74,31,9.7,12.57,0.0,17.4
2004-11-19,13.8,83,97,7.4,2.53,3.0,13.9
2004-11-20,13.2,88,97,3.9,2.83,5.5,13.2
2004-11-21,15.8,83,73,8.6,7.48,0.0,16.7
2004-11-22,18.0,76,51,8.7,10.36,0.0,17.4
2004-11-23,14.1,86,96,6.4,2.03,6.1,14.7
2004-11-24,14.1,93,100,8.7,3.29,15.9,13.6
2004-11-25,9.5,87,100,12.8,0.98,15.1,10.2
2004-11-26,7.6,80,94,8.4,3.63,3.6,8.1
2004-11-27,8.9,79,83,3.2,3.97,0.0,9.6
2004-11-28,10.7,79,80,3.5,6.75,0.0,11.6
2004-11-29,12.1,78,96,4.9,9.61,0.0,14.4
2004-11-30,9.9,87,98,4.4,1.57,7.1,11.0
2004-12-01,13.0,85,95,8.6,3.33,0.2,12.0
2004-12-02,10.6,94,99,5.9,2.47,4.3,11.6
2004-12-03,11.8,92,98,12.0,1.19,5.7,13.1
2004-12-04,14.9,84,60,10.0,9.61,0.0,13.7
2004-12-05,17.3,75,8,9.5,13.13,0.0,12.2
2004-12-06,12.3,81,99,6.9,4.26,0.1,13.4
2004-12-07,14.9,77,41,8.0,11.49,0.0,14.0
2004-12-08,15.5,75,33,10.5,13.06,0.0,13.0
2004-12-09,14.0,74,80,9.4,9.66,0.0,11.8
2004-12-10,14.5,78,72,9.7,9.91,0.0,13.7
2004-12-11,14.2,78,84,7.5,5.34,0.5,13.8
2004-12-12,15.7,81,25,9.6,12.0,0.0,13.0
2004-12-13,16.2,80,70,8.3,8.94,0.0,13.0
2004-12-14,14.0,84,75,6.2,7.15,0.0,14.1
2004-12-15,15.2,85,62,5.1,9.29,0.0,10.3
2004-12-16,12.2,92,85,5.5,2.58,4.6,11.7
2004-12-17,12.2,94,96,7.0,2.06,8.6,12.7
2004-12-18,15.0,86,53,6.8,6.22,0.0,12.8
2004-12-19,15.6,83,77,10.0,7.74,0.0,13.1
2004-12-20,15.5,81,90,17.0,3.86,1.7,13.5
2004-12-21,12.4,80,100,10.1,3.16,1.2,13.2
2004-12-22,10.3,90,100,7.0,1.0,4.4,11.1
2004-12-23,8.2,79,99,9.7,1.31,3.0,9.2
2004-12-24,8.3,67,96,10.5,2.87,0.2,8.6
2004-12-25,9.7,67,89,9.8,5.23,0.0,8.9
2004-12-26,8.4,83,98,5.4,3.13,4.3,8.6
2004-12-27,6.8,88,100,9.1,2.18,12.8,6.9
2004-12-28,8.8,76,90,9.0,7.6,0.6,7.9
2004-12-29,5.5,70,97,10.9,3.13,0.0,6.4
2004-12-30,5.1,75,97,12.9,5.64,0.9,6.1
2004-12-31,6.6,57,24,6.8,13.17,0.0,6.2
2005-01-01,7.7,66,40,7.9,10.41,0.0,5.3
2005-01-02,8.6,74,23,8.2,12.3,0.0,8.8
2005-01-03,8.4,74,42,8.5,9.73,0.0,9.0
2005-01-04,11.5,72,59,8.9,8.99,0.0,9.4
2005-01-05,11.2,66,60,9.7,8.66,0.0,12.6
2005-01-06,11.7,76,34,9.8,10.36,0.0,9.2
2005-01-07,9.3,84,97,7.3,2.45,1.6,9.9
2005-01-08,8.4,83,98,8.3,3.63,2.1,8.2
2005-01-09,9.8,77,93,8.3,6.09,0.5,9.0
2005-01-10,6.6,76,90,9.1,4.55,1.7,7.7
2005-01-11,8.5,78,92,6.2,6.75,0.6,8.0
2005-01-12,9.3,70,82,6.1,7.88,0.0,9.6
2005-01-13,10.0,68,69,5.5,10.11,0.0,11.2
2005-01-14,10.2,69,52,7.4,9.78,0.0,11.7
2005-01-15,12.0,70,57,9.4,11.84,0.0,11.0
2005-01-16,12.2,67,72,8.3,9.46,0.0,13.0
2005-01-17,9.4,79,98,5.4,3.36,1.8,10.0
2005-01-18,8.8,88,95,5.4,3.09,2.4,7.8
2005-01-19,8.7,81,91,9.7,4.5,0.3,7.5
2005-01-20,7.4,78,95,9.7,3.75,1.2,8.0
2005-01-21,7.4,78,94,7.4,4.6,1.5,7.7
2005-01-22,11.2,73,55,10.8,14.34,0.0,10.0
2005-01-23,9.3,77,85,7.6,4.5,0.3,9.8
2005-01-24,8.4,82,76,9.7,4.4,0.0,8.0
2005-01-25,9.3,79,95,5.5,5.18,0.1,11.3
2005-01-26,7.5,78,98,5.8,2.96,0.0,9.0
2005-01-27,9.9,78,93,5.4,6.53,1.0,10.3
2005-01-28,12.5,74,70,9.0,10.88,0.0,13.1
2005-01-29,10.2,77,71,9.6,5.41,0.3,11.3
2005-01-30,9.1,70,91,8.7,2.77,0.0,9.9
2005-01-31,10.3,74,88,5.8,6.32,0.0,9.4
2005-02-01,10.5,63,72,9.0,7.36,0.0,11.1
2005-02-02,10.1,57,60,10.2,9.72,0.0,10.4
2005-02-03,11.4,68,41,10.2,11.78,0.0,13.8
2005-02-04,11.9,74,46,9.7,8.41,0.0,14.0
2005-02-05,13.7,76,79,7.3,7.24,0.3,15.0
2005-02-06,12.1,78,86,8.2,5.49,0.7,14.2
2005-02-07,13.3,77,75,8.7,6.94,0.0,15.8
2005-02-08,13.6,72,72,14.0,9.65,0.0,16.9
2005-02-09,10.5,82,99,5.9,3.66,1.6,12.0
2005-02-10,12.2,77,73,9.4,8.67,3.8,12.4
2005-02-11,8.3,76,70,10.2,4.82,1.7,9.7
2005-02-12,7.4,73,77,8.0,5.94,0.0,11.1
2005-02-13,9.9,75,84,13.0,8.67,1.2,11.8
2005-02-14,10.2,78,98,8.9,8.17,0.9,10.8
2005-02-15,11.2,80,98,5.8,5.75,0.4,13.1
2005-02-16,11.3,84,99,6.5,5.64,3.8,11.1
2005-02-17,8.2,74,92,7.9,3.6,0.5,9.9
2005-02-18,7.7,80,91,9.4,3.93,0.3,9.7
2005-02-19,5.9,74,94,8.7,4.36,0.8,7.4
2005-02-20,8.2,69,87,6.9,8.14,0.0,7.6
2005-02-21,9.4,66,79,5.6,11.84,0.5,10.4
2005-02-22,11.8,69,27,8.8,17.27,0.0,12.8
2005-02-23,10.7,77,66,8.8,8.19,0.0,11.2
2005-02-24,16.5,75,34,10.0,18.82,0.0,17.1
2005-02-25,10.4,86,92,9.7,2.15,3.2,11.8
2005-02-26,10.9,73,99,10.5,4.64,4.1,10.3
2005-02-27,11.0,80,88,4.9,6.51,2.0,9.3
2005-02-28,11.8,80,90,7.4,7.52,0.0,13.8
2005-03-01,12.3,78,98,8.1,5.92,2.1,12.5
2005-03-02,13.9,73,98,5.2,9.86,1.1,14.2
2005-03-03,15.0,77,80,5.5,15.67,2.4,14.8
2005-03-04,15.6,56,39,11.6,20.44,0.0,16.8
2005-03-05,16.6,45,21,12.1,21.38,0.0,19.7
2005-03-06,19.2,60,63,10.5,19.5,0.0,19.6
2005-03-07,19.3,60,92,7.4,19.11,0.0,20.6
2005-03-08,21.6,65,66,9.2,15.32,0.1,22.9
2005-03-09,19.3,79,81,8.0,8.56,0.3,18.0
2005-03-10,21.9,78,71,10.1,13.38,0.2,22.8
2005-03-11,18.3,90,89,14.5,5.09,28.2,18.0
2005-03-12,11.5,80,99,14.1,3.18,20.7,10.0
2005-03-13,13.8,60,80,9.9,16.11,0.0,14.8
2005-03-14,14.8,63,32,10.1,17.95,0.0,17.0
2005-03-15,15.2,70,72,10.0,11.13,0.0,15.2
2005-03-16,14.2,79,82,6.5,4.62,0.2,14.7
2005-03-17,16.6,78,61,11.6,9.61,2.9,20.0
2005-03-18,15.2,78,97,8.0,5.81,5.4,16.5
2005-03-19,13.0,63,88,9.3,6.48,0.0,14.6
2005-03-20,13.1,83,95,8.1,3.65,4.6,15.9
2005-03-21,14.3,87,99,8.9,3.36,3.5,18.7
2005-03-22,17.5,80,92,8.9,11.71,3.9,18.6
2005-03-23,13.9,81,99,9.2,7.79,2.8,13.3
2005-03-24,16.3,71,98,5.8,12.97,0.0,15.9
2005-03-25,13.5,78,100,14.2,3.46,2.2,16.9
2005-03-26,13.3,83,96,7.9,4.11,2.1,13.2
2005-03-27,17.0,76,76,8.3,12.25,0.2,19.3
2005-03-28,17.7,78,79,8.8,9.87,1.1,17.1
2005-03-29,14.0,90,99,6.1,2.21,4.1,15.1
2005-03-30,16.5,85,88,8.8,6.67,7.8,16.1
2005-03-31,17.9,76,90,7.9,11.34,3.3,19.0
2005-04-01,17.8,81,82,8.0,8.35,7.3,17.9
2005-04-02,21.5,73,73,5.9,20.25,0.1,23.7
2005-04-03,23.6,70,25,6.6,22.83,0.1,26.7
2005-04-04,24.3,70,50,10.2,14.41,0.0,24.9
2005-04-05,24.3,74,55,8.6,16.96,4.2,27.0
2005-04-06,28.1,74,0,14.1,24.62,0.0,30.4
2005-04-07,30.2,68,4,14.8,23.63,0.0,32.6
2005-04-08,25.5,79,58,11.3,14.58,1.5,29.1
2005-04-09,19.7,77,100,20.1,4.6,26.6,20.0
2005-04-10,14.1,81,99,9.8,4.09,5.1,14.4
2005-04-11,13.3,81,96,7.2,3.49,0.2,13.5
2005-04-12,16.2,70,87,7.7,12.9,0.0,15.4
2005-04-13,19.1,63,74,10.7,23.86,0.0,21.9
2005-04-14,18.3,69,73,11.1,14.41,0.8,20.6
2005-04-15,18.6,79,91,12.3,7.2,0.0,18.0
2005-04-16,15.4,90,98,8.0,4.43,16.2,15.8
2005-04-17,18.7,84,94,8.5,9.33,0.7,19.3
2005-04-18,18.6,86,97,6.0,4.82,9.3,21.3
2005-04-19,22.9,80,95,8.7,13.92,5.7,25.9
2005-04-20,28.0,74,42,7.6,26.09,0.0,30.2
2005-04-21,28.5,77,89,12.4,19.52,21.9,27.6
2005-04-22,23.5,84,80,11.9,14.6,3.3,23.0
2005-04-23,25.1,75,68,9.0,20.04,0.5,27.9
2005-04-24,26.3,77,49,8.1,22.52,0.5,29.9
2005-04-25,25.8,78,88,10.6,20.27,2.8,28.1
2005-04-26,28.7,72,74,7.9,25.61,0.0,32.0
2005-04-27,28.6,68,74,7.6,20.96,0.0,32.7
2005-04-28,25.8,82,87,6.1,11.66,9.4,28.0
2005-04-29,28.0,83,47,8.4,22.4,0.7,30.2
2005-04-30,28.9,82,40,7.8,22.05,6.7,31.7
2005-05-01,24.9,88,81,9.1,10.09,7.1,28.5
2005-05-02,27.1,83,65,10.4,18.15,8.9,30.6
2005-05-03,25.6,85,88,7.8,12.23,7.6,26.6
2005-05-04,25.9,83,85,8.9,12.96,6.5,28.4
2005-05-05,25.4,77,92,14.7,11.99,9.4,26.9
2005-05-06,25.5,72,90,8.3,20.61,0.0,29.0
2005-05-07,25.6,77,82,13.8,18.55,0.0,25.1
2005-05-08,23.3,82,89,6.9,13.64,1.4,20.7
2005-05-09,23.8,84,75,6.9,13.67,0.2,24.6
2005-05-10,25.7,81,52,6.8,21.18,0.2,27.5
2005-05-11,22.9,86,93,7.2,6.07,7.1,23.0
2005-05-12,24.1,83,73,5.9,12.1,3.4,22.2
2005-05-13,25.0,81,62,8.3,14.4,0.3,27.1
2005-05-14,26.2,83,44,6.8,15.07,1.7,28.6
2005-05-15,27.9,80,68,14.0,12.39,23.4,29.7
2005-05-16,26.3,82,62,11.2,14.8,7.0,27.1
2005-05-17,26.4,67,32,9.3,27.29,0.3,29.7
2005-05-18,21.7,83,92,6.5,5.51,15.6,23.0
2005-05-19,20.2,90,96,5.2,4.51,1.4,20.3
2005-05-20,22.8,84,91,10.3,11.89,4.5,22.0
2005-05-21,24.1,79,69,7.4,16.07,1.9,26.4
2005-05-22,24.8,83,77,7.3,11.2,1.9,24.0
2005-05-23,22.1,88,93,5.6,8.1,20.0,22.0
2005-05-24,23.1,89,96,6.6,9.49,2.8,22.2
2005-05-25,23.3,86,96,7.9,8.11,1.7,21.9
2005-05-26,22.8,86,77,4.9,8.11,9.1,23.4
2005-05-27,27.9,78,58,6.8,22.98,0.0,29.4
2005-05-28,27.1,80,83,12.6,15.07,5.2,27.0
2005-05-29,22.7,90,100,11.0,3.16,38.2,24.7
2005-05-30,25.7,89,86,7.9,10.77,11.2,23.0
2005-05-31,26.8,85,92,8.9,15.12,1.5,28.4
2005-06-01,28.4,79,56,9.6,24.15,0.0,30.0
2005-06-02,29.6,77,73,9.4,20.33,0.0,30.1
2005-06-03,28.0,81,97,11.0,8.88,4.1,26.0
2005-06-04,24.3,85,93,5.6,8.1,24.5,24.3
2005-06-05,23.8,92,96,8.4,6.06,19.0,23.7
2005-06-06,25.8,78,87,7.2,12.01,0.0,28.7
2005-06-07,27.6,77,44,6.6,20.43,0.0,28.5
2005-06-08,30.7,74,35,10.7,24.26,0.0,31.9
2005-06-09,26.4,83,91,18.7,11.79,6.6,27.0
2005-06-10,27.4,78,87,6.8,14.34,0.0,27.7
2005-06-11,27.7,83,74,8.6,16.89,0.4,26.7
2005-06-12,29.5,79,49,5.9,23.41,0.3,31.0
2005-06-13,30.5,75,46,8.4,22.57,0.3,29.2
2005-06-14,31.4,76,54,7.0,25.87,0.0,34.6
2005-06-15,33.5,74,59,5.3,26.51,0.0,35.6
2005-06-16,33.4,71,60,8.4,25.19,0.0,34.8
2005-06-17,30.2,79,98,12.5,10.8,23.3,27.4
2005-06-18,26.8,81,96,7.3,12.75,6.5,27.3
2005-06-19,29.1,78,81,6.6,20.1,0.0,29.0
2005-06-20,30.7,77,93,5.0,20.05,0.3,31.2
2005-06-21,31.9,77,36,6.4,25.64,0.3,33.4
2005-06-22,33.0,75,39,6.4,27.37,0.0,34.4
2005-06-23,32.9,75,45,6.1,19.67,0.3,33.0
2005-06-24,33.2,75,95,10.6,20.25,4.5,32.0
2005-06-25,25.4,88,100,14.5,6.04,28.4,27.4
2005-06-26,30.2,78,67,8.7,24.9,0.0,33.6
2005-06-27,33.1,77,9,10.5,28.02,0.0,35.7
2005-06-28,32.4,75,83,8.5,24.38,0.0,35.9
2005-06-29,33.5,75,74,12.7,24.68,0.0,37.4
2005-06-30,33.7,67,97,16.2,24.15,0.0,36.8
2005-07-01,34.7,62,63,17.8,26.02,0.0,38.3
2005-07-02,34.6,60,94,17.9,23.99,0.0,37.5
2005-07-03,31.0,69,89,14.1,19.52,1.3,32.7
2005-07-04,32.4,74,65,11.2,23.05,0.2,35.0
2005-07-05,31.8,73,74,12.9,20.93,0.2,32.9
2005-07-06,33.2,77,93,10.8,22.21,0.4,34.0
2005-07-07,31.6,81,100,9.3,14.5,7.4,33.4
2005-07-08,29.0,91,100,6.5,7.91,33.5,28.0
2005-07-09,26.5,92,100,6.4,5.75,32.2,28.5
2005-07-10,29.2,77,94,11.0,19.36,4.7,26.6
2005-07-11,27.1,83,98,7.9,9.08,0.0,28.5
2005-07-12,30.8,73,89,10.5,23.97,0.0,32.3
2005-07-13,31.2,73,9,8.9,25.95,0.0,34.7
2005-07-14,32.3,79,19,9.4,25.33,1.1,34.9
2005-07-15,30.1,86,72,7.4,16.52,18.7,30.3
2005-07-16,31.0,83,98,10.6,17.24,6.3,33.5
2005-07-17,32.0,73,99,13.8,18.8,0.6,34.9
2005-07-18,34.2,72,74,13.0,23.89,0.1,36.5
2005-07-19,32.9,76,96,9.0,24.49,0.1,36.1
2005-07-20,29.3,87,87,11.8,13.79,1.9,33.1
2005-07-21,30.8,86,63,7.2,19.62,5.6,30.4
2005-07-22,31.3,81,51,9.7,23.49,1.1,33.9
2005-07-23,30.9,84,95,6.5,19.73,9.1,33.2
2005-07-24,30.4,87,88,4.8,17.28,15.3,33.2
2005-07-25,31.3,84,85,5.8,21.24,2.7,34.9
2005-07-26,33.7,77,46,8.2,25.1,0.0,36.0
2005-07-27,34.1,72,62,9.8,25.6,0.0,37.4
2005-07-28,30.7,82,94,9.3,12.88,0.3,33.1
2005-07-29,33.2,82,82,6.8,21.97,0.5,31.7
2005-07-30,33.7,79,85,8.6,22.64,0.1,36.7
2005-07-31,33.9,70,95,11.0,24.03,0.1,37.5
2005-08-01,34.7,67,58,14.8,25.33,0.0,36.7
2005-08-02,34.2,63,98,11.6,19.35,0.3,35.6
2005-08-03,29.8,84,56,8.2,15.52,10.9,30.9
2005-08-04,33.2,77,32,9.1,24.6,0.0,35.0
2005-08-05,32.5,73,88,10.4,19.66,0.0,34.3
2005-08-06,31.3,76,62,9.7,20.92,0.7,29.0
2005-08-07,29.7,86,98,6.0,16.19,7.3,31.0
2005-08-08,29.6,81,99,9.7,9.58,0.5,27.3
2005-08-09,29.8,81,96,10.4,13.64,6.0,26.4
2005-08-10,33.0,79,86,8.6,21.04,2.4,29.4
2005-08-11,35.1,72,59,13.6,23.82,0.0,37.3
2005-08-12,35.3,64,61,12.7,24.42,0.0,37.6
2005-08-13,34.9,72,51,7.9,23.89,0.0,36.9
2005-08-14,32.5,79,49,8.7,21.34,0.9,31.0
2005-08-15,31.0,86,82,13.6,13.94,17.3,33.1
2005-08-16,25.0,93,98,10.9,3.3,39.1,26.0
2005-08-17,25.7,84,95,13.9,12.64,0.3,26.1
2005-08-18,28.7,79,94,6.8,16.41,4.0,30.3
2005-08-19,29.1,79,98,14.4,14.36,0.9,26.0
2005-08-20,22.8,92,100,9.0,1.68,25.9,20.3
2005-08-21,20.7,89,100,5.2,1.97,5.4,21.0
2005-08-22,23.4,86,100,4.6,6.66,1.4,24.1
2005-08-23,23.6,89,91,7.6,7.57,4.1,24.6
2005-08-24,27.3,80,49,6.4,19.77,0.2,30.0
2005-08-25,28.1,77,97,7.6,16.89,0.0,31.1
2005-08-26,27.4,79,100,7.5,9.31,1.2,26.0
2005-08-27,22.4,89,100,8.7,2.69,31.4,21.0
2005-08-28,21.7,94,100,8.7,3.14,40.0,20.6
2005-08-29,24.0,91,81,4.9,7.54,20.9,24.2
2005-08-30,28.1,82,54,5.2,16.8,0.0,28.5
2005-08-31,29.9,82,22,7.5,19.11,0.2,31.7
2005-09-01,30.3,84,29,7.4,18.91,2.3,32.8
2005-09-02,30.5,79,28,8.2,19.62,0.5,33.4
2005-09-03,30.7,77,14,7.4,22.85,0.4,33.5
2005-09-04,30.3,72,46,9.8,22.47,0.0,32.7
2005-09-05,27.6,78,73,7.9,14.97,0.2,29.4
2005-09-06,23.6,90,95,7.7,5.51,7.2,23.2
2005-09-07,26.6,84,84,7.1,12.6,0.0,27.8
2005-09-08,28.5,78,12,7.2,21.19,0.0,31.1
2005-09-09,31.1,76,18,11.0,23.37,0.0,33.0
2005-09-10,32.0,72,1,10.0,23.67,0.0,34.8
2005-09-11,31.6,69,0,10.3,23.64,0.0,34.3
2005-09-12,30.7,66,12,10.3,22.91,0.0,33.4
2005-09-13,31.3,68,17,10.0,22.53,0.0,34.0
2005-09-14,32.8,67,21,14.0,21.6,0.0,34.8
2005-09-15,34.1,66,7,13.8,21.74,0.0,36.3
2005-09-16,31.6,72,38,11.4,17.86,2.8,32.3
2005-09-17,26.7,77,60,11.6,11.96,4.3,30.6
2005-09-18,31.4,78,17,9.0,19.79,0.0,33.5
2005-09-19,33.1,70,54,16.3,19.54,0.0,35.4
2005-09-20,33.8,63,57,14.4,20.74,0.0,38.4
2005-09-21,26.2,80,96,16.1,8.96,3.6,29.4
2005-09-22,23.7,83,96,9.5,5.11,11.0,21.9
2005-09-23,22.2,79,99,7.3,4.29,2.5,21.8
2005-09-24,24.2,82,93,8.1,9.02,1.3,23.1
2005-09-25,22.4,87,100,6.9,3.16,6.2,21.4
2005-09-26,27.2,80,94,11.7,12.39,0.9,26.0
2005-09-27,28.5,73,65,12.3,13.43,0.0,29.0
2005-09-28,30.4,71,24,18.0,17.47,0.0,33.1
2005-09-29,30.5,72,23,13.7,16.96,0.0,31.4
2005-09-30,30.2,77,31,9.7,15.6,0.2,31.0
2005-10-01,28.5,86,60,10.2,12.11,9.1,28.0
2005-10-02,22.2,87,99,12.3,5.75,19.9,21.6
2005-10-03,19.1,87,98,9.3,1.52,6.8,18.6
2005-10-04,21.2,80,97,5.6,7.53,0.3,19.6
2005-10-05,21.6,81,98,9.0,4.63,0.0,21.0
2005-10-06,21.4,89,96,6.7,3.92,7.5,20.3
2005-10-07,22.8,83,66,7.3,13.19,6.1,22.2
2005-10-08,23.5,81,86,6.4,12.46,0.2,25.0
2005-10-09,22.9,79,94,6.6,8.52,0.0,23.6
2005-10-10,25.6,72,38,9.4,17.97,0.0,26.8
2005-10-11,25.6,67,49,9.3,14.28,0.0,23.2
2005-10-12,23.8,75,79,7.0,8.79,2.3,23.1
2005-10-13,20.6,89,100,6.2,2.23,20.4,20.9
2005-10-14,16.6,88,100,9.2,1.1,12.6,17.0
2005-10-15,14.9,87,98,7.4,2.19,5.4,16.4
2005-10-16,20.5,77,79,5.8,11.26,0.0,21.2
2005-10-17,20.0,81,92,6.2,7.43,4.2,21.0
2005-10-18,18.1,86,98,8.3,2.13,9.1,18.5
2005-10-19,17.2,92,100,5.4,1.6,9.5,17.0
2005-10-20,16.9,94,100,4.8,1.95,6.8,18.3
2005-10-21,16.0,93,100,7.3,1.59,7.6,17.0
2005-10-22,13.8,92,100,6.1,1.46,8.9,14.9
2005-10-23,16.9,84,100,8.2,6.22,1.3,15.9
2005-10-24,18.4,79,67,7.6,9.39,0.0,18.5
2005-10-25,21.1,77,6,9.3,17.15,0.0,21.0
2005-10-26,17.4,86,82,8.4,3.75,8.9,17.6
2005-10-27,15.4,91,100,9.7,1.27,7.9,15.1
2005-10-28,15.4,85,99,10.0,2.26,6.8,14.9
2005-10-29,17.6,79,82,9.1,9.3,0.0,17.7
2005-10-30,18.5,80,70,8.0,11.06,0.0,20.0
2005-10-31,19.7,72,73,11.2,9.08,0.9,19.2
2005-11-01,19.1,69,81,8.8,9.69,0.0,17.2
2005-11-02,18.4,78,90,7.4,5.86,0.8,17.8
2005-11-03,16.9,86,94,6.0,3.12,2.2,18.6
2005-11-04,19.8,84,78,8.2,7.94,2.0,22.0
2005-11-05,21.3,80,91,11.4,6.09,0.8,24.0
2005-11-06,21.4,79,68,11.9,8.85,0.1,24.0
2005-11-07,20.6,85,84,7.9,4.67,0.0,20.6
2005-11-08,20.3,83,91,5.8,4.47,0.2,19.0
2005-11-09,19.5,85,85,7.2,3.7,0.0,18.9
2005-11-10,21.1,85,62,7.4,6.64,0.0,21.2
2005-11-11,22.3,84,35,9.8,11.61,0.3,22.1
2005-11-12,23.6,78,34,12.4,11.68,0.0,24.2
2005-11-13,20.3,83,96,7.5,3.64,12.1,19.4
2005-11-14,17.5,91,100,14.0,0.9,19.0,17.0
2005-11-15,13.7,82,99,10.4,2.82,0.9,14.8
2005-11-16,12.7,84,100,7.7,1.71,6.2,13.0
2005-11-17,11.6,79,96,9.4,3.25,1.2,11.7
2005-11-18,11.3,76,97,8.6,4.11,1.5,11.0
2005-11-19,13.1,78,77,6.1,8.23,0.9,11.2
2005-11-20,15.0,71,68,8.4,10.74,0.0,13.7
2005-11-21,13.2,73,94,5.8,5.5,0.0,12.2
2005-11-22,12.2,84,92,6.1,4.5,0.5,11.3
2005-11-23,12.4,84,86,5.4,5.5,0.4,11.1
2005-11-24,13.5,82,79,6.8,6.92,0.0,12.5
2005-11-25,15.4,74,79,6.7,8.73,0.0,14.2
2005-11-26,16.5,75,52,8.2,11.42,0.0,16.0
2005-11-27,12.7,83,89,7.5,2.44,0.4,12.3
2005-11-28,12.0,78,100,8.6,2.67,0.1,13.1
2005-11-29,10.9,77,97,6.4,2.42,0.2,11.3
2005-11-30,11.2,87,99,4.4,2.04,0.3,11.4
2005-12-01,9.8,92,100,6.0,1.13,2.3,12.4
2005-12-02,10.3,90,100,6.4,1.23,1.1,11.5
2005-12-03,12.1,87,97,5.2,2.37,2.6,13.3
2005-12-04,9.6,69,97,10.0,2.28,3.4,11.5
2005-12-05,6.8,69,99,10.9,3.46,2.7,8.9
2005-12-06,9.6,63,76,6.6,9.05,0.0,10.0
2005-12-07,10.0,67,52,7.7,8.59,0.0,10.3
2005-12-08,11.5,69,55,8.4,9.85,0.0,10.0
2005-12-09,10.0,72,89,5.4,4.55,0.0,10.3
2005-12-10,9.9,79,99,8.2,2.65,0.6,10.2
2005-12-11,8.0,93,99,6.4,1.72,8.2,8.5
2005-12-12,10.1,81,89,6.8,7.38,0.0,8.7
2005-12-13,10.1,68,92,5.7,3.66,0.0,8.3
2005-12-14,8.6,72,95,5.5,3.38,0.0,7.9
2005-12-15,9.3,76,90,6.9,4.96,0.0,7.5
2005-12-16,9.6,76,92,6.5,4.69,0.0,8.1
2005-12-17,9.7,79,66,5.5,6.26,0.0,9.0
2005-12-18,11.0,70,78,8.2,5.86,0.0,8.7
2005-12-19,11.3,71,70,8.1,8.24,0.0,9.0
2005-12-20,9.2,83,97,7.7,2.56,1.6,9.3
2005-12-21,10.8,69,55,9.7,8.57,4.1,12.0
2005-12-22,10.3,64,49,10.8,12.44,0.0,10.3
2005-12-23,10.4,61,87,10.0,10.71,0.0,10.2
2005-12-24,10.0,67,75,6.1,5.08,0.0,10.3
2005-12-25,11.8,70,54,5.2,10.36,0.0,10.6
2005-12-26,11.0,75,80,4.7,5.21,0.0,12.0
2005-12-27,10.5,83,90,4.8,4.75,0.5,11.4
2005-12-28,13.6,79,52,8.3,11.11,0.0,13.0
2005-12-29,11.4,82,78,8.9,2.64,0.2,11.7
2005-12-30,10.8,88,97,7.0,2.21,2.7,10.8
2005-12-31,11.0,85,93,7.2,2.08,0.0,
2006-01-01,10.2,88,100,6.2,1.9,0.1,12.0
2006-01-02,11.8,84,97,8.4,2.7,0.0,12.4
2006-01-03,11.0,86,99,9.7,2.19,1.0,11.0
2006-01-04,9.5,91,100,8.4,1.4,5.3,10.9
2006-01-05,6.6,84,96,9.4,2.2,6.5,6.3
2006-01-06,5.2,79,92,6.9,3.57,2.2,4.3
2006-01-07,7.3,75,73,6.8,7.57,0.0,5.0
2006-01-08,8.4,74,77,9.0,7.59,0.0,6.4
2006-01-09,10.3,76,34,8.8,12.92,0.0,6.0
2006-01-10,10.8,77,23,9.6,12.96,0.0,6.0
2006-01-11,11.1,78,45,9.7,10.09,0.0,5.9
2006-01-12,8.7,83,96,7.6,3.81,0.0,8.2
2006-01-13,7.8,92,99,7.7,1.55,3.7,7.4
2006-01-14,10.1,83,99,7.2,3.59,1.5,10.3
2006-01-15,10.5,82,83,8.6,3.74,1.8,10.0
2006-01-16,9.9,85,76,8.4,4.49,0.1,10.6
2006-01-17,8.8,90,99,6.4,1.94,0.9,10.0
2006-01-18,8.6,92,100,6.6,1.36,5.2,8.7
2006-01-19,8.7,82,96,7.6,3.23,0.4,8.2
2006-01-20,7.1,84,95,5.3,2.56,0.5,7.0
2006-01-21,7.8,86,88,6.5,3.65,0.0,8.4
2006-01-22,8.9,77,97,8.4,5.19,0.6,6.5
2006-01-23,9.7,67,65,8.0,9.17,0.0,8.6
2006-01-24,9.3,63,80,7.1,8.32,0.0,10.6
2006-01-25,11.0,65,74,7.9,8.06,0.0,11.0
2006-01-26,12.0,71,47,8.4,11.71,0.0,12.5
2006-01-27,13.7,73,38,9.5,12.18,0.0,12.3
2006-01-28,15.3,73,39,10.4,14.57,0.0,15.0
2006-01-29,17.4,77,27,11.3,14.11,0.0,15.0
2006-01-30,12.9,80,93,12.7,5.21,1.0,14.0
2006-01-31,16.0,81,49,8.2,10.23,0.0,16.0
2006-02-01,15.3,82,76,10.8,7.71,0.0,13.0
2006-02-02,12.8,90,100,5.2,1.87,2.4,12.0
2006-02-03,11.3,83,100,10.1,1.49,3.6,11.4
2006-02-04,6.8,78,100,12.3,2.24,4.4,10.0
2006-02-05,8.8,79,90,9.2,4.91,2.2,8.8
2006-02-06,12.2,75,41,8.4,13.35,0.0,12.0
2006-02-07,13.5,73,81,8.1,8.84,0.0,12.0
2006-02-08,9.6,85,99,10.0,2.24,3.6,9.9
2006-02-09,8.0,77,92,9.4,3.93,1.7,8.8
2006-02-10,11.9,73,95,7.9,12.98,0.0,13.4
2006-02-11,14.0,74,46,8.8,16.05,0.0,15.2
2006-02-12,14.2,80,57,10.0,7.55,0.0,11.4
2006-02-13,10.2,91,99,11.7,2.13,0.6,10.9
2006-02-14,11.8,91,98,4.7,2.42,1.5,13.7
2006-02-15,14.8,85,94,13.8,5.84,3.9,14.3
2006-02-16,8.7,88,100,15.6,1.73,13.5,10.0
2006-02-17,4.7,88,100,7.7,2.82,9.2,4.8
2006-02-18,7.7,77,84,8.0,9.77,0.0,7.0
2006-02-19,8.7,69,94,7.2,8.29,0.0,9.7
2006-02-20,13.4,70,69,12.1,16.9,0.0,13.7
2006-02-21,9.0,75,99,10.1,2.92,0.1,11.0
2006-02-22,11.9,78,97,8.7,6.09,2.8,10.9
2006-02-23,12.1,71,94,7.3,7.83,0.0,10.7
2006-02-24,10.9,76,99,6.7,5.08,2.2,10.6
2006-02-25,13.9,75,88,6.2,12.97,0.0,13.7
2006-02-26,13.6,75,92,13.5,5.63,2.5,11.1
2006-02-27,9.9,84,100,9.8,2.17,11.4,11.1
2006-02-28,6.7,88,99,6.9,3.52,11.6,6.4
2006-03-01,10.7,73,79,6.0,12.04,0.0,10.4
2006-03-02,14.1,68,31,11.2,20.23,0.0,16.3
2006-03-03,15.9,66,41,11.2,13.35,0.0,16.0
2006-03-04,16.6,68,77,7.3,14.09,0.0,17.5
2006-03-05,18.9,70,89,8.7,12.07,0.0,18.3
2006-03-06,14.7,81,84,7.2,5.68,1.8,14.0
2006-03-07,15.0,90,85,6.5,5.01,8.7,14.1
2006-03-08,18.8,83,74,8.6,9.66,0.1,21.4
2006-03-09,23.2,77,38,8.7,16.98,0.1,21.0
2006-03-10,18.8,87,84,7.6,5.12,4.2,18.0
2006-03-11,16.2,94,98,6.6,2.08,8.2,16.4
2006-03-12,14.3,84,100,15.2,2.39,21.1,12.5
2006-03-13,7.9,67,96,9.2,8.85,0.9,5.6
2006-03-14,9.3,71,81,7.1,9.91,0.0,8.0
2006-03-15,11.1,68,80,9.7,6.72,0.0,12.1
2006-03-16,16.6,70,15,9.7,20.33,0.0,16.7
2006-03-17,16.7,68,74,9.5,7.14,0.0,19.3
2006-03-18,19.2,69,54,7.6,13.95,0.0,21.0
2006-03-19,15.5,73,79,9.8,6.29,3.0,16.0
2006-03-20,18.1,73,54,8.7,15.15,1.1,20.0
2006-03-21,20.0,74,76,8.8,11.65,0.0,23.0
2006-03-22,14.3,88,100,7.9,2.49,12.3,17.0
2006-03-23,13.0,86,100,9.7,3.5,5.6,12.6
2006-03-24,16.8,78,96,8.1,10.41,0.0,18.0
2006-03-25,17.9,76,88,6.4,11.56,6.5,15.9
2006-03-26,17.8,79,95,6.5,9.26,1.2,15.7
2006-03-27,19.1,72,92,8.2,15.86,5.2,21.0
2006-03-28,21.8,69,74,9.8,15.91,0.0,23.0
2006-03-29,16.9,77,81,9.8,4.61,0.7,19.3
2006-03-30,18.8,83,69,8.8,10.36,5.5,20.1
2006-03-31,20.6,85,74,9.5,9.54,5.7,23.3
2006-04-01,25.3,77,22,8.9,19.42,0.0,27.0
2006-04-02,28.3,72,20,13.5,19.73,0.1,28.7
2006-04-03,27.1,78,15,11.2,19.97,0.0,28.9
2006-04-04,20.5,78,71,21.2,7.51,6.3,22.9
2006-04-05,18.2,79,86,9.5,9.3,2.4,18.4
2006-04-06,21.9,75,98,7.7,19.59,0.1,22.9
2006-04-07,25.3,68,51,10.8,22.02,0.0,27.0
2006-04-08,23.3,81,82,8.0,11.58,13.0,23.0
2006-04-09,24.4,79,92,9.9,15.61,0.0,24.9
2006-04-10,29.5,71,11,11.9,24.44,0.0,30.0
2006-04-11,26.3,80,67,15.7,13.33,10.3,29.6
2006-04-12,11.8,76,100,14.8,2.94,20.3,14.0
2006-04-13,9.2,75,100,7.5,4.22,0.0,10.6
2006-04-14,12.4,78,99,5.5,5.95,1.0,11.9
2006-04-15,14.6,72,96,8.0,10.74,0.0,13.2
2006-04-16,19.3,72,84,7.2,21.29,0.0,20.0
2006-04-17,21.7,71,66,10.0,15.51,0.0,22.2
2006-04-18,21.7,75,75,9.7,16.83,3.4,24.0
2006-04-19,25.1,76,86,7.1,16.45,0.0,26.0
2006-04-20,26.2,80,65,14.4,10.84,8.1,26.8
2006-04-21,23.6,79,76,9.0,11.67,2.7,21.7
2006-04-22,25.0,84,59,9.9,18.12,1.7,27.8
2006-04-23,24.8,81,57,9.9,16.33,4.6,25.6
2006-04-24,26.9,72,53,10.1,20.21,0.0,27.4
2006-04-25,25.8,81,78,8.0,15.11,26.1,28.0
2006-04-26,23.9,88,79,10.6,12.42,9.7,28.0
2006-04-27,21.2,78,97,9.5,13.2,21.7,22.0
2006-04-28,23.8,77,72,10.7,20.58,0.0,24.2
2006-04-29,28.2,69,44,7.2,26.07,0.0,30.0
2006-04-30,28.9,72,98,10.3,20.18,0.0,31.0
2006-05-01,30.1,67,25,8.8,26.15,0.0,32.8
2006-05-02,33.2,70,10,14.4,26.96,0.0,35.6
2006-05-03,32.5,65,34,17.4,26.49,0.0,34.2
2006-05-04,30.2,79,59,13.3,17.92,9.3,31.6
2006-05-05,27.7,77,54,8.8,21.73,7.1,30.0
2006-05-06,28.1,79,73,8.7,16.75,0.0,28.0
2006-05-07,26.1,80,93,14.0,15.66,1.8,26.1
2006-05-08,27.9,80,95,8.6,14.77,10.9,28.3
2006-05-09,27.8,87,74,6.3,14.12,22.6,31.7
2006-05-10,21.4,87,99,17.8,5.16,14.3,23.1
2006-05-11,22.6,82,98,11.1,8.47,13.3,21.0
2006-05-12,19.3,90,100,8.7,1.88,25.1,18.1
2006-05-13,16.6,81,96,11.9,6.42,14.5,17.0
2006-05-14,21.8,71,69,8.4,25.01,0.0,24.0
2006-05-15,24.6,68,76,6.4,27.0,0.0,27.0
2006-05-16,27.1,64,16,7.4,28.72,0.0,29.1
2006-05-17,28.7,67,6,5.9,28.54,0.0,31.5
2006-05-18,30.6,66,14,7.9,27.93,0.0,32.8
2006-05-19,31.7,63,6,13.2,28.16,0.0,34.0
2006-05-20,31.7,58,46,14.8,27.35,0.0,34.0
2006-05-21,21.9,75,100,13.1,8.97,3.3,24.0
2006-05-22,25.6,73,74,6.9,23.28,0.0,25.4
2006-05-23,29.1,73,57,9.5,22.16,0.0,30.8
2006-05-24,25.5,77,90,9.6,10.94,3.5,24.0
2006-05-25,28.5,77,53,9.5,23.12,0.0,30.0
2006-05-26,29.6,73,37,12.1,23.54,0.2,30.6
2006-05-27,26.7,79,87,13.8,9.66,3.8,23.6
2006-05-28,20.9,81,90,8.7,11.6,5.7,21.8
2006-05-29,25.3,75,78,7.9,23.78,0.0,24.0
2006-05-30,26.6,70,78,8.4,20.84,0.0,28.2
2006-05-31,29.0,63,22,8.9,27.49,0.0,31.2
2006-06-01,30.8,67,37,11.4,25.13,0.0,32.8
2006-06-02,28.1,75,98,10.9,15.12,3.5,26.0
2006-06-03,23.7,88,95,8.1,5.38,7.4,21.1
2006-06-04,26.2,82,97,8.1,13.07,0.2,25.2
2006-06-05,24.8,77,99,7.2,8.79,0.1,22.7
2006-06-06,22.3,83,100,5.4,3.66,0.8,22.6
2006-06-07,25.4,83,100,4.5,9.67,0.1,26.5
2006-06-08,27.9,80,87,8.7,18.78,0.1,26.0
2006-06-09,23.6,88,75,10.9,6.52,0.8,25.1
2006-06-10,29.8,75,19,9.4,28.41,0.0,32.9
2006-06-11,29.5,78,93,7.4,12.64,0.0,28.0
2006-06-12,26.3,83,100,6.6,4.54,0.1,23.4
2006-06-13,25.4,83,99,7.9,10.81,0.5,21.8
2006-06-14,26.9,80,93,7.0,17.59,0.4,27.1
2006-06-15,29.1,75,86,8.3,21.39,0.0,27.3
2006-06-16,29.6,72,58,6.1,22.23,0.0,30.4
2006-06-17,31.9,68,15,5.1,27.32,0.0,33.4
2006-06-18,34.2,66,6,7.9,28.43,0.0,36.1
2006-06-19,34.2,66,15,11.6,26.85,0.3,35.2
2006-06-20,33.5,75,63,9.7,23.64,6.5,34.0
2006-06-21,29.6,86,89,9.3,14.31,11.9,28.4
2006-06-22,25.6,90,95,12.3,6.57,11.8,26.0
2006-06-23,27.9,72,46,6.7,19.45,0.0,30.1
2006-06-24,30.7,71,35,7.0,22.74,0.0,30.6
2006-06-25,32.9,73,5,9.8,27.26,0.0,34.1
2006-06-26,33.2,74,34,8.6,26.24,0.0,35.7
2006-06-27,32.2,77,57,8.2,25.14,0.4,30.4
2006-06-28,32.7,79,78,10.7,19.76,2.8,32.2
2006-06-29,30.0,85,94,10.0,14.55,22.9,30.4
2006-06-30,31.3,84,98,5.8,17.07,3.9,33.0
2006-07-01,33.2,74,95,14.6,22.64,0.1,34.6
2006-07-02,34.5,59,93,19.6,25.89,0.0,35.7
2006-07-03,34.7,58,97,17.0,24.58,0.0,37.5
2006-07-04,33.2,70,99,9.2,20.33,1.5,31.0
2006-07-05,32.1,83,78,6.6,19.46,7.4,33.3
2006-07-06,33.1,79,96,7.6,22.06,0.5,33.2
2006-07-07,30.1,84,97,4.1,14.82,11.6,29.1
2006-07-08,30.3,85,79,4.7,16.12,20.3,31.0
2006-07-09,31.0,85,43,5.6,21.55,3.9,33.0
2006-07-10,32.4,79,20,7.9,23.58,0.0,35.2
2006-07-11,34.0,75,40,9.7,25.37,0.0,36.7
2006-07-12,34.2,74,66,7.4,25.07,0.1,36.8
2006-07-13,34.4,76,46,7.7,25.52,0.0,37.0
2006-07-14,34.9,75,56,8.2,24.46,0.1,37.8
2006-07-15,35.0,81,29,8.9,19.34,7.1,36.6
2006-07-16,35.1,78,19,7.3,23.4,6.1,37.1
2006-07-17,34.4,73,29,8.7,24.17,0.3,37.2
2006-07-18,32.6,71,64,12.0,21.68,0.0,35.2
2006-07-19,33.5,69,69,10.8,23.78,0.0,37.4
2006-07-20,35.5,68,61,9.7,25.5,0.0,37.8
2006-07-21,37.2,62,93,11.9,25.8,0.4,39.0
2006-07-22,36.4,59,98,12.8,24.9,0.2,37.1
2006-07-23,31.2,75,95,13.6,10.84,1.8,30.0
2006-07-24,27.4,76,72,11.8,9.23,4.3,30.3
2006-07-25,34.9,64,14,6.6,26.43,0.0,35.3
2006-07-26,37.3,49,5,7.9,25.45,0.0,37.5
2006-07-27,38.3,42,1,6.8,27.18,0.0,37.3
2006-07-28,38.6,40,4,9.0,27.18,0.0,38.3
2006-07-29,37.5,48,25,14.3,22.74,0.1,37.7
2006-07-30,37.3,48,32,13.9,24.61,0.0,37.0
2006-07-31,37.9,45,53,14.4,24.95,0.1,38.5
2006-08-01,35.0,63,71,8.8,16.08,5.4,34.0
2006-08-02,37.3,54,18,10.3,25.22,0.0,38.0
2006-08-03,36.9,48,14,13.9,24.47,0.0,37.4
2006-08-04,36.2,50,55,15.4,23.8,0.1,34.4
2006-08-05,33.6,52,65,15.5,20.36,0.0,35.0
2006-08-06,35.1,54,53,14.2,19.91,0.0,35.6
2006-08-07,37.4,51,19,10.5,23.82,0.0,38.1
2006-08-08,38.2,46,18,14.8,24.06,0.0,39.0
2006-08-09,38.6,49,21,12.2,24.2,0.0,39.6
2006-08-10,39.0,44,18,11.3,24.23,0.0,39.9
2006-08-11,40.0,43,39,10.7,25.69,0.0,40.6
2006-08-12,40.3,42,75,14.8,22.64,0.4,41.5
2006-08-13,37.1,50,94,8.8,19.77,2.1,37.4
2006-08-14,40.1,50,61,6.5,23.57,0.0,41.4
2006-08-15,41.4,46,97,8.9,23.61,0.0,42.6
2006-08-16,40.2,49,96,16.0,23.03,0.0,40.0
2006-08-17,40.0,46,52,11.9,24.07,0.1,38.1
2006-08-18,39.3,44,65,14.1,23.28,0.0,39.4
2006-08-19,38.8,44,54,12.4,23.26,0.0,39.7
2006-08-20,36.5,58,50,10.9,20.66,9.0,34.0
2006-08-21,29.9,80,90,9.1,15.16,19.1,28.0
2006-08-22,26.4,79,87,7.2,6.03,10.4,27.5
2006-08-23,31.0,69,41,9.0,22.17,0.0,33.3
2006-08-24,31.1,66,56,8.0,22.38,0.0,33.6
2006-08-25,32.5,67,40,6.4,21.1,0.0,35.0
2006-08-26,34.1,63,26,7.1,22.06,0.0,36.1
2006-08-27,37.5,56,88,14.8,22.92,0.0,39.2
2006-08-28,37.6,48,98,14.8,19.46,0.0,38.0
2006-08-29,39.2,43,66,12.9,23.43,0.0,40.0
2006-08-30,40.1,38,38,15.9,24.34,0.0,41.1
2006-08-31,40.5,40,52,14.5,23.7,0.0,41.0
2006-09-01,41.1,37,22,12.0,22.93,0.0,42.0
2006-09-02,38.4,48,71,11.3,21.5,0.5,38.8
2006-09-03,39.7,44,96,14.2,21.77,0.0,39.0
2006-09-04,37.3,53,98,13.8,17.37,0.5,35.0
2006-09-05,29.3,80,100,14.2,3.47,10.7,28.0
2006-09-06,29.2,63,91,12.6,13.64,0.0,27.5
2006-09-07,24.7,80,100,7.2,4.91,15.0,23.7
2006-09-08,23.4,90,100,7.1,1.82,36.2,25.0
2006-09-09,27.0,76,88,8.9,17.7,0.0,28.1
2006-09-10,21.3,74,99,14.6,7.69,1.7,24.0
2006-09-11,24.9,72,58,5.2,19.72,0.0,27.8
2006-09-12,25.8,68,83,6.1,14.89,0.1,28.3
2006-09-13,26.9,69,96,7.3,14.42,0.0,27.2
2006-09-14,22.1,79,99,7.3,3.33,0.0,23.5
2006-09-15,25.7,75,71,7.1,14.55,0.0,27.0
2006-09-16,27.9,70,28,6.4,19.48,0.0,29.3
2006-09-17,29.3,65,73,11.3,16.1,0.0,31.0
2006-09-18,22.8,74,99,7.5,3.81,3.2,26.0
2006-09-19,25.4,72,56,3.8,18.13,0.0,26.0
2006-09-20,28.9,69,9,10.1,22.53,0.0,30.0
2006-09-21,31.6,63,34,11.7,21.2,0.0,32.0
2006-09-22,31.5,50,74,17.7,19.59,0.0,33.0
2006-09-23,31.4,48,6,18.1,22.0,0.0,32.0
2006-09-24,31.4,48,48,15.0,20.97,0.0,31.6
2006-09-25,30.0,59,52,9.0,14.26,0.0,29.0
2006-09-26,30.4,65,32,8.4,17.44,0.0,29.0
2006-09-27,25.1,80,77,11.3,8.58,11.3,23.6
2006-09-28,24.8,81,95,10.2,6.62,11.2,23.3
2006-09-29,22.7,89,95,4.0,6.16,12.0,22.3
2006-09-30,25.4,80,89,7.0,11.17,2.1,26.3
2006-10-01,23.6,85,95,3.6,4.76,5.1,22.0
2006-10-02,23.5,85,95,2.7,5.91,0.5,24.0
2006-10-03,21.5,84,87,4.8,2.62,4.0,21.3
2006-10-04,20.7,88,88,3.4,4.03,2.9,21.7
2006-10-05,20.0,87,100,5.5,1.71,12.3,20.3
2006-10-06,18.6,88,100,4.3,1.72,5.8,19.1
2006-10-07,21.9,83,94,4.9,6.16,1.6,22.5
2006-10-08,23.7,78,68,9.7,11.96,0.2,24.0
2006-10-09,26.2,76,26,9.5,18.96,0.0,27.2
2006-10-10,26.9,72,29,8.4,18.09,0.0,27.0
2006-10-11,27.3,71,58,8.7,18.18,0.0,28.0
2006-10-12,21.6,86,93,7.4,3.5,10.2,26.0
2006-10-13,25.7,83,43,5.3,11.02,0.4,26.4
2006-10-14,26.7,78,26,8.5,16.12,0.0,28.0
2006-10-15,26.6,80,46,7.5,10.83,0.4,28.3
2006-10-16,22.5,92,95,5.7,3.95,15.9,24.0
2006-10-17,24.5,83,63,9.5,9.96,1.4,25.6
2006-10-18,23.8,86,86,7.3,6.17,4.8,23.3
2006-10-19,24.9,82,92,6.8,8.83,3.4,23.6
2006-10-20,25.7,82,98,7.6,10.5,2.0,25.2
2006-10-21,23.5,90,95,6.7,5.71,18.2,24.2
2006-10-22,24.0,90,86,5.6,7.82,14.4,22.0
2006-10-23,24.6,81,80,13.2,7.32,13.8,23.0
2006-10-24,19.8,81,94,10.5,6.03,10.0,21.1
2006-10-25,18.0,89,100,8.9,1.94,11.5,18.7
2006-10-26,21.4,77,75,6.1,8.78,0.0,21.6
2006-10-27,21.1,70,90,9.0,7.27,0.5,22.5
2006-10-28,21.3,80,86,7.6,9.25,0.4,19.9
2006-10-29,20.8,84,97,6.5,5.9,2.4,19.0
2006-10-30,21.9,81,76,4.4,7.88,0.5,21.3
2006-10-31,19.5,90,80,7.6,3.3,13.2,21.4
2006-11-01,21.8,82,42,10.4,12.63,0.0,23.0
2006-11-02,22.6,74,11,9.8,14.28,0.0,22.0
2006-11-03,22.1,82,27,9.7,14.14,0.0,23.0
2006-11-04,23.3,77,45,9.2,13.66,2.5,23.0
2006-11-05,18.7,89,100,5.9,2.82,27.9,19.0
2006-11-06,21.1,83,76,7.9,11.04,0.0,20.0
2006-11-07,23.5,78,31,10.7,14.84,0.0,23.0
2006-11-08,23.0,73,32,9.5,15.03,0.0,22.0
2006-11-09,22.7,76,89,9.2,10.08,0.0,24.0
2006-11-10,23.1,78,67,9.4,10.82,0.2,24.0
2006-11-11,23.8,78,44,9.2,14.05,0.0,24.0
2006-11-12,24.5,70,68,11.6,12.14,0.0,24.0
2006-11-13,22.5,75,72,7.4,9.45,0.3,22.0
2006-11-14,17.0,83,88,13.4,1.34,14.2,18.0
2006-11-15,14.1,67,93,8.2,2.79,2.9,14.0
2006-11-16,15.1,77,85,7.7,5.93,0.0,14.0
2006-11-17,14.3,86,95,9.2,1.49,4.2,15.0
2006-11-18,17.5,82,71,9.2,8.6,0.8,18.0
2006-11-19,18.6,75,57,10.4,11.8,0.0,18.0
2006-11-20,15.5,73,99,6.8,3.82,0.0,15.4
2006-11-21,14.1,90,100,4.0,2.21,8.1,14.4
2006-11-22,16.3,83,80,7.4,8.13,2.5,17.9
2006-11-23,13.7,79,98,8.8,2.64,0.0,14.0
2006-11-24,12.9,80,100,11.4,2.09,4.8,13.0
2006-11-25,11.7,81,100,6.8,1.7,3.3,13.1
2006-11-26,11.5,87,100,8.0,1.5,5.4,12.0
2006-11-27,11.8,82,91,6.1,3.19,5.1,11.9
2006-11-28,11.3,87,98,7.9,2.17,3.8,11.2
2006-11-29,11.9,84,96,7.7,3.23,2.5,12.0
2006-11-30,13.0,74,81,6.2,4.24,0.2,12.0
2006-12-01,14.1,77,62,6.6,9.24,0.0,12.0
2006-12-02,14.3,71,82,9.2,5.46,0.0,12.0
2006-12-03,13.4,62,70,10.5,8.02,0.0,11.9
2006-12-04,13.0,63,85,9.3,6.18,0.0,12.6
2006-12-05,12.0,70,78,6.9,4.39,0.0,12.7
2006-12-06,10.7,75,98,8.9,2.33,0.0,10.6
2006-12-07,11.3,84,99,5.6,2.06,0.2,12.5
2006-12-08,10.2,87,100,7.1,1.22,2.8,11.1
2006-12-09,8.9,90,100,7.4,1.43,6.2,8.1
2006-12-10,8.6,84,94,7.9,2.96,0.2,9.6
2006-12-11,10.3,77,79,5.9,5.7,0.0,10.6
2006-12-12,9.1,82,91,8.8,2.35,0.0,10.1
2006-12-13,10.1,75,88,11.3,4.35,0.4,11.6
2006-12-14,11.7,73,15,9.4,12.5,0.0,8.8
2006-12-15,10.3,78,68,8.4,4.86,0.3,11.6
2006-12-16,12.4,82,40,10.2,10.52,0.0,14.0
2006-12-17,11.4,78,64,11.1,3.98,0.0,9.0
2006-12-18,10.7,77,92,8.9,5.21,0.0,10.4
2006-12-19,12.3,77,88,7.1,6.17,0.0,12.6
2006-12-20,13.5,74,62,6.6,7.78,0.0,13.2
2006-12-21,14.1,75,37,10.1,11.4,0.0,9.1
2006-12-22,14.1,75,40,9.4,10.98,0.0,11.0
2006-12-23,11.0,82,83,6.6,4.33,0.0,9.4
2006-12-24,14.0,78,48,9.2,10.35,0.0,13.1
2006-12-25,14.5,78,36,8.6,10.47,0.0,13.0
2006-12-26,11.1,77,93,7.3,4.38,0.0,18.0
2006-12-27,10.0,89,88,4.9,2.67,3.1,9.4
2006-12-28,10.9,89,95,7.8,2.46,4.6,9.7
2006-12-29,8.0,78,99,10.8,1.72,2.3,10.3
2006-12-30,11.1,75,88,12.3,5.42,0.1,11.1
2006-12-31,10.0,86,100,6.9,2.39,6.9,9.8
2007-01-01,8.4,91,100,8.2,1.39,5.6,9.4
2007-01-02,8.2,86,99,9.6,1.96,3.4,8.9
2007-01-03,8.2,78,89,8.4,3.75,0.0,8.4
2007-01-04,8.5,80,82,6.0,5.08,0.0,7.7
2007-01-05,9.0,82,88,4.4,5.04,0.0,7.9
2007-01-06,9.8,78,87,7.0,7.33,0.1,8.5
2007-01-07,7.2,86,95,3.7,3.18,3.4,7.3
2007-01-08,7.0,82,79,8.0,4.46,0.0,8.0
2007-01-09,9.8,80,60,9.0,11.38,0.0,10.0
2007-01-10,8.1,79,71,8.7,3.2,0.7,6.7
2007-01-11,5.4,91,100,6.6,1.66,9.1,5.6
2007-01-12,7.7,84,95,6.1,4.33,0.9,6.3
2007-01-13,7.8,78,88,6.9,4.98,0.0,7.2
2007-01-14,8.3,73,89,6.4,5.13,0.0,8.0
2007-01-15,8.8,74,85,6.5,5.26,0.7,8.3
2007-01-16,9.7,76,82,7.5,8.99,1.3,9.6
2007-01-17,10.7,71,82,6.6,9.96,0.0,8.8
2007-01-18,8.3,76,77,7.1,6.47,0.3,8.2
2007-01-19,10.5,78,74,8.9,11.02,0.0,10.6
2007-01-20,9.4,74,95,5.1,5.98,0.1,10.3
2007-01-21,10.7,84,86,7.9,7.11,0.0,9.6
2007-01-22,8.8,82,94,7.6,5.27,1.8,7.4
2007-01-23,10.5,75,91,8.2,7.79,0.0,10.3
2007-01-24,12.3,72,58,8.5,9.78,0.0,13.0
2007-01-25,11.7,71,81,7.1,7.6,0.0,11.3
2007-01-26,13.0,74,71,11.5,9.64,0.1,13.7
2007-01-27,14.6,72,26,8.3,11.84,0.0,15.1
2007-01-28,15.3,70,2,10.6,15.43,0.0,17.0
2007-01-29,16.6,71,24,9.4,15.48,0.0,16.3
2007-01-30,16.7,71,40,8.9,14.94,0.0,17.4
2007-01-31,18.2,70,50,8.9,13.16,0.0,15.2
2007-02-01,15.3,62,99,10.2,13.75,0.0,16.4
2007-02-02,16.6,59,97,9.6,13.5,0.0,17.0
2007-02-03,17.8,63,33,8.5,14.76,0.0,16.3
2007-02-04,18.7,72,8,10.1,15.39,0.0,19.0
2007-02-05,18.7,70,60,9.5,10.14,0.0,15.7
2007-02-06,15.1,85,70,7.8,4.63,4.7,15.0
2007-02-07,16.4,85,88,7.8,5.67,2.5,15.4
2007-02-08,16.6,87,73,8.4,6.08,4.1,16.0
2007-02-09,13.6,94,96,5.4,3.67,6.8,12.5
2007-02-10,15.1,83,90,7.4,4.44,0.5,15.8
2007-02-11,16.3,80,79,8.8,7.7,0.0,12.8
2007-02-12,16.0,83,90,11.5,6.73,1.6,16.0
2007-02-13,12.6,83,100,10.6,2.92,9.6,12.8
2007-02-14,13.1,76,100,7.5,5.68,0.7,11.9
2007-02-15,12.9,70,98,11.5,4.26,0.3,14.6
2007-02-16,13.6,75,83,6.2,6.6,0.1,13.0
2007-02-17,13.7,75,78,9.3,9.81,0.5,14.2
2007-02-18,14.5,73,59,8.3,10.72,1.3,14.0
2007-02-19,13.5,81,73,8.2,6.8,1.3,12.8
2007-02-20,18.3,73,52,10.5,16.31,0.0,18.3
2007-02-21,16.2,80,92,9.7,7.17,9.8,18.6
2007-02-22,18.5,75,52,9.9,15.7,0.1,20.2
2007-02-23,20.4,76,49,9.2,8.54,0.0,22.0
2007-02-24,18.3,77,64,10.6,12.42,2.3,19.1
2007-02-25,19.1,76,77,10.5,9.39,0.0,17.9
2007-02-26,15.9,74,91,11.1,4.2,0.8,19.6
2007-02-27,18.5,74,91,12.4,7.24,5.4,19.1
2007-02-28,18.0,76,77,9.4,10.89,1.0,18.9
2007-03-01,18.7,82,75,10.6,6.08,0.7,22.1
2007-03-02,17.5,86,94,6.8,3.98,11.9,18.0
2007-03-03,15.5,81,88,14.3,6.04,2.1,15.7
2007-03-04,16.9,58,24,10.7,20.69,0.1,19.3
2007-03-05,10.6,82,100,7.1,2.96,5.9,14.0
2007-03-06,9.6,72,97,12.3,6.14,5.0,9.7
2007-03-07,11.8,65,89,8.2,10.93,0.0,9.2
2007-03-08,13.1,69,79,10.1,12.73,0.0,11.4
2007-03-09,14.9,69,81,8.4,11.33,0.0,15.6
2007-03-10,14.3,71,90,7.4,6.95,0.0,15.7
2007-03-11,14.8,69,96,11.0,7.36,0.5,14.4
2007-03-12,14.7,71,92,8.0,7.75,0.0,14.6
2007-03-13,18.9,75,58,12.4,15.56,0.0,19.1
2007-03-14,17.2,75,96,10.3,7.22,0.0,19.0
2007-03-15,16.0,81,98,9.9,3.99,1.5,16.8
2007-03-16,12.5,90,100,4.7,1.79,3.0,11.7
2007-03-17,11.3,87,100,5.4,3.25,5.0,10.3
2007-03-18,12.6,78,95,7.1,6.85,1.2,12.7
2007-03-19,14.8,71,70,8.4,12.38,0.3,16.5
2007-03-20,19.8,65,14,11.7,21.35,0.0,20.4
2007-03-21,18.4,70,72,8.2,12.07,0.0,19.2
2007-03-22,20.3,78,91,10.0,7.16,0.1,21.9
2007-03-23,18.9,84,82,7.9,5.73,2.4,20.3
2007-03-24,21.8,76,58,9.7,18.37,0.8,23.5
2007-03-25,18.5,79,96,6.2,7.64,1.4,19.0
2007-03-26,17.1,89,100,5.8,4.5,9.1,16.2
2007-03-27,20.2,81,100,9.3,10.58,0.0,22.6
2007-03-28,23.7,74,76,8.9,17.41,0.0,26.0
2007-03-29,27.6,77,0,9.8,23.26,0.0,30.0
2007-03-30,30.1,76,15,10.7,23.14,0.0,32.1
2007-03-31,29.2,77,67,11.0,17.56,0.0,31.3
2007-04-01,24.0,87,68,13.8,10.95,27.6,27.0
2007-04-02,16.0,81,100,16.7,3.16,23.1,15.0
2007-04-03,11.3,78,99,11.5,6.07,7.1,11.6
2007-04-04,13.7,69,91,7.2,12.75,0.0,14.7
2007-04-05,15.9,70,71,9.4,15.65,0.0,16.7
2007-04-06,14.9,77,99,6.4,7.38,3.5,14.4
2007-04-07,14.4,82,89,4.4,7.47,7.1,14.9
2007-04-08,18.6,78,97,6.5,18.82,0.0,19.0
2007-04-09,17.0,78,97,6.0,9.94,5.5,17.3
2007-04-10,20.4,74,95,6.7,20.36,0.0,22.0
2007-04-11,25.5,67,78,9.7,24.33,0.0,27.8
2007-04-12,25.0,73,94,9.2,19.18,0.0,22.5
2007-04-13,25.0,79,96,9.0,19.85,0.0,26.3
2007-04-14,26.7,70,62,11.3,23.54,0.0,29.6
2007-04-15,27.2,69,40,11.8,23.99,0.2,29.9
2007-04-16,27.9,69,58,20.2,20.79,9.1,30.3
2007-04-17,23.0,69,68,18.5,22.74,40.7,24.4
2007-04-18,26.3,60,0,13.4,26.27,0.0,29.4
2007-04-19,29.5,70,1,10.2,25.72,0.0,31.2
2007-04-20,27.7,79,50,9.0,18.2,2.7,30.0
2007-04-21,24.3,88,84,10.3,10.56,5.6,23.0
2007-04-22,23.8,82,88,8.4,14.72,1.3,23.7
2007-04-23,19.3,87,93,9.0,3.27,8.3,19.1
2007-04-24,18.7,84,100,6.9,6.66,1.9,19.2
2007-04-25,19.5,87,100,7.3,10.72,1.1,19.2
2007-04-26,16.8,84,99,7.3,4.28,5.2,16.2
2007-04-27,18.6,83,93,4.6,10.5,2.0,17.4
2007-04-28,18.1,83,100,5.3,8.64,5.5,17.7
2007-04-29,20.1,76,70,5.4,16.95,1.9,21.7
2007-04-30,24.2,76,33,9.4,25.75,0.0,26.4
2007-05-01,26.4,70,30,6.4,25.48,0.0,28.5
2007-05-02,30.8,70,9,10.6,26.52,0.0,32.1
2007-05-03,22.6,83,93,21.3,6.65,8.0,26.0
2007-05-04,25.2,73,45,7.8,26.55,0.0,27.9
2007-05-05,27.8,68,16,7.6,27.73,0.0,31.5
2007-05-06,31.2,65,4,9.4,27.58,0.0,34.3
2007-05-07,29.2,67,93,17.3,16.43,0.0,31.7
2007-05-08,29.9,66,54,10.8,24.97,0.0,31.4
2007-05-09,27.7,75,64,9.6,15.57,1.5,31.8
2007-05-10,32.1,65,26,18.7,25.44,0.0,35.7
2007-05-11,23.7,85,95,15.8,2.21,13.4,27.6
2007-05-12,23.6,73,96,6.1,24.13,0.0,24.4
2007-05-13,27.3,64,93,5.9,23.99,0.0,29.6
2007-05-14,22.2,79,100,10.6,4.42,5.5,22.7
2007-05-15,23.0,84,100,10.9,7.81,5.7,23.3
2007-05-16,23.8,78,100,13.3,13.63,0.3,26.1
2007-05-17,26.6,70,100,8.0,18.3,0.0,28.3
2007-05-18,29.5,67,71,7.6,26.47,0.0,31.7
2007-05-19,32.2,69,23,13.7,28.07,0.0,34.9
2007-05-20,31.7,64,49,13.0,27.02,0.0,34.4
2007-05-21,31.2,69,30,14.8,22.36,1.5,34.3
2007-05-22,31.4,76,67,12.0,20.6,0.2,33.1
2007-05-23,29.2,85,90,10.4,13.33,18.4,28.8
2007-05-24,22.2,82,93,13.8,4.09,34.6,22.0
2007-05-25,23.1,78,78,8.0,9.48,0.0,24.7
2007-05-26,27.2,76,51,7.1,18.2,0.0,29.0
2007-05-27,29.2,73,32,8.6,22.53,0.0,27.0
2007-05-28,29.7,72,32,8.0,25.7,0.0,32.3
2007-05-29,32.6,76,28,11.1,26.06,0.3,34.9
2007-05-30,31.9,77,83,13.0,18.26,3.0,35.2
2007-05-31,24.2,90,95,12.9,4.23,34.4,24.4
2007-06-01,26.6,74,59,7.6,17.65,0.3,29.9
2007-06-02,29.0,77,21,8.7,24.16,0.0,31.0
2007-06-03,25.9,85,81,7.9,8.27,9.6,26.1
2007-06-04,27.9,80,63,6.2,23.25,0.1,29.9
2007-06-05,29.8,77,64,8.0,23.8,0.8,31.5
2007-06-06,27.1,85,87,9.8,9.12,4.0,26.3
2007-06-07,26.0,80,89,6.3,13.86,1.1,25.6
2007-06-08,23.4,89,100,6.1,4.29,19.2,22.4
2007-06-09,23.2,92,100,8.7,4.76,13.4,20.7
2007-06-10,21.6,85,100,4.7,7.27,0.5,21.4
2007-06-11,22.0,89,99,4.0,5.52,3.0,21.7
2007-06-12,22.6,87,100,4.6,6.52,3.3,24.4
2007-06-13,26.3,81,51,6.5,22.98,0.1,29.1
2007-06-14,28.8,79,38,8.4,25.76,0.0,32.4
2007-06-15,30.5,73,57,14.8,21.65,0.9,31.1
2007-06-16,26.9,76,100,12.9,10.21,7.7,27.0
2007-06-17,26.6,87,100,10.3,8.35,28.5,24.2
2007-06-18,26.2,87,100,9.8,7.87,18.0,25.1
2007-06-19,25.0,88,97,13.2,9.2,13.7,23.0
2007-06-20,24.5,79,92,6.2,12.67,7.8,24.9
2007-06-21,26.2,81,92,6.1,12.7,12.6,27.3
2007-06-22,26.5,81,80,5.9,13.41,7.2,26.4
2007-06-23,27.0,85,68,6.8,13.6,1.8,27.2
2007-06-24,30.2,81,73,6.0,25.1,0.0,32.2
2007-06-25,30.9,77,92,6.9,21.36,0.2,32.3
2007-06-26,29.0,84,66,12.7,21.99,3.4,30.1
2007-06-27,31.3,79,28,9.4,27.31,0.0,34.8
2007-06-28,33.9,76,43,8.7,26.23,0.0,35.3
2007-06-29,28.6,90,100,8.8,6.37,27.6,29.4
2007-06-30,30.2,85,58,5.0,19.43,6.7,31.6
2007-07-01,32.0,82,89,7.2,23.22,0.8,34.2
2007-07-02,32.6,76,84,12.1,24.21,0.1,34.4
2007-07-03,32.5,72,100,10.1,15.44,0.1,30.3
2007-07-04,33.9,75,100,15.1,20.94,0.4,33.2
2007-07-05,32.6,70,100,13.1,15.82,0.4,32.4
2007-07-06,30.6,85,100,11.8,15.91,1.9,27.5
2007-07-07,32.7,80,92,8.4,20.36,0.8,34.7
2007-07-08,33.3,73,99,11.5,17.1,0.0,35.6
2007-07-09,29.9,87,100,8.5,11.73,17.9,29.0
2007-07-10,30.8,90,86,6.3,11.78,20.8,33.0
2007-07-11,28.3,92,100,6.6,6.76,18.8,28.6
2007-07-12,26.3,95,99,4.9,3.68,37.6,28.1
2007-07-13,29.5,80,70,9.0,21.07,3.2,31.8
2007-07-14,31.2,76,22,4.8,24.64,0.0,34.0
2007-07-15,34.0,75,76,9.9,23.84,0.0,35.6
2007-07-16,29.9,80,99,11.9,8.47,7.5,31.0
2007-07-17,30.2,87,100,7.9,12.1,16.7,26.0
2007-07-18,29.1,92,100,7.4,9.72,27.3,26.5
2007-07-19,25.4,91,100,15.3,5.05,16.8,26.0
2007-07-20,24.9,85,100,13.1,6.22,2.3,23.5
2007-07-21,26.5,89,97,7.9,10.47,2.7,26.4
2007-07-22,27.6,86,94,6.1,13.47,2.3,27.8
2007-07-23,28.2,89,85,5.4,10.98,30.8,26.1
2007-07-24,28.3,79,86,5.6,19.9,6.7,28.6
2007-07-25,29.4,79,77,5.7,19.97,0.2,31.2
2007-07-26,30.6,81,71,10.9,21.88,0.5,33.2
2007-07-27,31.6,73,94,15.6,22.62,0.0,33.7
2007-07-28,29.3,73,98,10.3,11.42,4.2,27.0
2007-07-29,27.5,86,76,13.7,13.87,17.6,27.6
2007-07-30,30.1,86,62,5.4,17.96,4.8,32.9
2007-07-31,30.3,84,87,5.8,20.32,1.5,33.6
2007-08-01,28.5,90,98,9.1,13.45,14.0,27.0
2007-08-02,27.7,87,90,7.5,11.17,0.9,31.9
2007-08-03,30.7,80,36,7.9,22.59,0.1,34.4
2007-08-04,32.0,80,13,9.4,23.99,0.0,35.7
2007-08-05,33.6,75,56,12.2,24.28,0.0,36.2
2007-08-06,33.0,74,99,10.0,19.31,0.0,34.8
2007-08-07,33.8,76,84,8.3,22.92,0.2,35.8
2007-08-08,34.3,75,91,9.7,24.24,0.0,37.0
2007-08-09,33.9,75,95,8.4,20.6,0.0,36.3
2007-08-10,32.9,83,74,7.0,18.1,1.9,34.4
2007-08-11,29.5,82,79,8.6,15.64,2.9,30.9
2007-08-12,30.8,81,31,5.7,23.25,7.0,31.8
2007-08-13,30.8,81,30,6.6,23.01,2.9,34.2
2007-08-14,31.7,75,14,9.5,25.1,0.0,34.7
2007-08-15,33.0,71,16,10.8,24.15,0.0,35.8
2007-08-16,32.6,67,18,7.3,23.96,0.0,35.6
2007-08-17,31.2,71,20,9.0,22.02,0.0,34.8
2007-08-18,32.2,71,29,7.2,22.57,0.0,36.0
2007-08-19,33.9,69,40,5.6,22.08,0.0,37.0
2007-08-20,32.4,78,37,9.2,21.0,2.4,36.8
2007-08-21,32.7,83,65,9.5,19.81,11.5,36.0
2007-08-22,32.8,80,55,6.8,21.57,2.4,36.8
2007-08-23,31.1,85,97,7.4,15.45,11.3,34.0
2007-08-24,30.4,85,99,11.4,15.48,13.3,33.3
2007-08-25,31.6,80,35,8.0,21.51,0.6,34.3
2007-08-26,31.0,81,34,5.9,20.91,0.6,34.6
2007-08-27,31.3,78,25,6.9,20.28,2.7,34.9
2007-08-28,32.2,75,38,9.8,22.1,0.0,31.0
2007-08-29,33.0,70,72,12.3,22.01,0.0,35.6
2007-08-30,33.8,70,44,9.7,23.24,0.0,36.9
2007-08-31,30.9,82,99,12.6,12.27,25.1,31.0
2007-09-01,21.9,92,100,13.2,1.7,28.0,22.9
2007-09-02,25.3,84,100,6.1,8.44,0.0,27.4
2007-09-03,24.5,88,85,8.2,8.07,2.7,29.1
2007-09-04,27.1,83,64,5.4,18.2,1.4,29.3
2007-09-05,27.5,77,68,8.6,17.5,0.0,30.2
2007-09-06,28.9,69,91,13.8,18.71,0.0,28.3
2007-09-07,22.6,80,98,11.8,2.73,4.1,23.9
2007-09-08,20.8,91,100,12.4,1.11,47.8,21.0
2007-09-09,21.1,91,100,5.0,1.58,5.9,21.0
2007-09-10,24.9,83,98,5.1,10.09,0.0,23.0
2007-09-11,25.4,82,99,5.9,8.65,2.4,25.4
2007-09-12,25.3,84,98,10.0,7.22,7.4,25.1
2007-09-13,21.4,93,100,7.4,1.82,46.7,22.2
2007-09-14,26.0,82,58,9.4,17.18,0.0,28.4
2007-09-15,28.5,76,17,11.0,23.09,0.0,31.2
2007-09-16,24.6,84,93,9.3,4.79,2.8,24.4
2007-09-17,24.7,80,77,7.2,8.91,15.3,25.9
2007-09-18,26.0,79,31,7.2,21.13,0.0,28.6
2007-09-19,26.9,78,27,8.9,20.9,0.0,29.4
2007-09-20,27.8,74,1,6.4,22.13,0.0,31.2
2007-09-21,28.9,76,22,10.1,21.64,0.0,31.3
2007-09-22,27.1,67,2,10.7,22.49,0.0,29.7
2007-09-23,27.0,69,8,8.9,21.05,0.0,29.4
2007-09-24,27.6,69,27,6.6,21.69,0.0,30.2
2007-09-25,27.0,74,76,6.8,13.13,0.0,27.6
2007-09-26,30.3,76,41,14.3,15.68,0.0,32.2
2007-09-27,30.9,74,24,14.4,18.26,0.0,33.4
2007-09-28,31.6,71,20,13.3,17.88,0.0,33.0
2007-09-29,30.9,68,10,16.5,19.34,0.0,35.6
2007-09-30,29.7,70,4,14.5,19.67,0.0,33.2
2007-10-01,29.4,70,15,11.9,20.13,0.0,30.4
2007-10-02,28.8,74,23,10.0,16.49,0.0,30.6
2007-10-03,29.7,74,26,14.1,13.24,0.0,32.4
2007-10-04,31.7,72,15,15.1,18.41,0.0,34.0
2007-10-05,32.2,71,3,13.3,19.18,0.0,34.0
2007-10-06,31.9,72,11,11.4,18.11,0.0,34.0
2007-10-07,28.4,74,28,9.1,15.12,1.2,31.0
2007-10-08,24.9,70,64,9.7,11.47,0.0,22.8
2007-10-09,22.7,68,72,10.0,10.05,0.0,19.3
2007-10-10,19.7,80,100,8.0,1.45,7.5,18.2
2007-10-11,16.6,90,100,4.2,1.09,9.3,18.2
2007-10-12,16.1,93,100,7.4,1.15,12.4,16.2
2007-10-13,15.0,95,100,7.9,1.24,9.4,16.6
2007-10-14,14.6,94,100,8.1,1.07,7.8,15.7
2007-10-15,16.1,89,99,7.2,2.51,4.7,16.3
2007-10-16,19.0,80,96,4.9,8.19,0.1,19.4
2007-10-17,18.2,81,99,5.1,5.47,0.3,17.4
2007-10-18,17.1,87,100,5.4,2.26,2.0,18.0
2007-10-19,19.6,80,91,5.3,12.03,0.3,21.2
2007-10-20,20.3,77,92,6.6,7.21,0.0,21.0
2007-10-21,18.5,81,96,7.9,3.45,0.6,18.2
2007-10-22,19.8,79,75,5.9,5.93,3.9,19.1
2007-10-23,19.7,83,67,7.7,6.8,4.7,18.1
2007-10-24,20.7,83,61,8.3,8.79,4.0,19.9
2007-10-25,23.7,82,40,9.4,14.58,0.0,23.6
2007-10-26,22.4,81,82,8.0,6.8,0.4,20.6
2007-10-27,22.7,83,63,7.3,8.1,0.1,21.1
2007-10-28,18.5,91,99,13.6,0.97,20.0,19.2
2007-10-29,11.5,89,100,11.4,0.91,7.6,13.1
2007-10-30,13.6,85,90,5.4,2.88,0.0,13.9
2007-10-31,13.3,91,99,5.8,1.61,3.1,14.9
2007-11-01,14.2,91,98,7.2,2.35,3.6,14.7
2007-11-02,18.0,79,70,9.4,11.1,0.0,19.3
2007-11-03,18.2,69,83,9.2,12.08,0.0,19.0
2007-11-04,19.7,67,51,10.2,14.13,0.0,20.6
2007-11-05,20.5,69,4,10.8,15.56,0.0,22.0
2007-11-06,20.5,73,52,8.9,9.77,0.0,22.0
2007-11-07,19.5,79,69,6.6,12.12,0.0,18.8
2007-11-08,19.2,81,78,5.0,9.75,0.0,19.7
2007-11-09,20.7,84,38,9.8,13.95,0.0,20.0
2007-11-10,17.8,75,82,8.2,4.53,0.0,19.0
2007-11-11,19.3,69,88,12.2,7.55,0.0,19.3
2007-11-12,16.1,77,96,7.1,3.12,2.1,16.0
2007-11-13,15.6,83,86,6.6,3.36,0.0,15.9
2007-11-14,16.2,85,95,5.7,3.21,0.1,15.6
2007-11-15,14.9,93,100,5.2,1.48,18.0,14.9
2007-11-16,15.4,93,100,5.7,1.13,16.6,15.2
2007-11-17,14.4,95,100,5.8,0.86,13.0,14.7
2007-11-18,13.4,89,100,8.4,1.56,12.3,13.1
2007-11-19,14.1,71,90,6.4,3.45,0.0,14.2
2007-11-20,15.3,76,59,6.2,8.11,0.0,13.7
2007-11-21,15.2,80,99,4.2,4.33,0.1,13.8
2007-11-22,15.6,81,94,7.1,5.19,0.0,15.1
2007-11-23,16.1,77,84,6.3,6.66,0.0,16.6
2007-11-24,17.7,82,41,9.2,11.38,0.0,17.0
2007-11-25,17.5,82,49,9.5,8.49,0.0,15.6
2007-11-26,14.1,75,61,9.9,5.62,0.0,15.0
2007-11-27,15.7,71,16,10.7,13.6,0.0,17.0
2007-11-28,16.8,74,13,9.9,13.3,0.0,16.2
2007-11-29,17.2,71,55,10.1,8.65,0.0,15.0
2007-11-30,17.6,66,61,8.9,9.61,0.0,17.0
2007-12-01,16.6,63,77,7.9,5.97,0.2,14.9
2007-12-02,14.9,69,37,8.7,12.65,1.1,16.1
2007-12-03,12.7,81,73,8.2,2.46,0.5,11.4
2007-12-04,10.6,87,100,7.9,1.78,7.3,10.8
2007-12-05,8.0,84,100,8.0,2.55,7.1,8.8
2007-12-06,10.7,78,72,9.2,6.98,0.0,11.9
2007-12-07,10.9,81,43,8.6,9.25,0.0,11.1
2007-12-08,10.1,85,93,6.2,2.52,1.0,9.3
2007-12-09,10.1,88,97,8.2,1.96,0.2,10.2
2007-12-10,13.0,80,77,10.2,7.63,0.0,13.1
2007-12-11,12.2,80,91,9.2,2.52,0.1,12.1
2007-12-12,13.2,77,67,7.1,6.62,0.0,14.6
2007-12-13,13.7,72,69,5.6,8.68,0.0,12.0
2007-12-14,12.1,78,98,5.2,2.72,0.0,11.6
2007-12-15,11.3,85,96,4.7,2.43,0.2,10.6
2007-12-16,10.7,69,89,4.8,3.33,0.0,11.0
2007-12-17,12.0,78,84,5.3,5.19,0.0,11.4
2007-12-18,12.2,81,95,6.6,3.59,0.0,11.3
2007-12-19,13.6,79,72,9.0,9.13,0.0,14.0
2007-12-20,11.4,77,98,5.9,3.09,0.0,10.6
2007-12-21,13.5,77,94,6.4,7.08,0.0,13.0
2007-12-22,14.1,81,93,5.9,6.7,0.4,14.0
2007-12-23,11.3,88,99,5.1,2.05,5.3,11.4
2007-12-24,13.8,81,71,9.1,6.6,0.0,13.8
2007-12-25,10.7,74,91,9.9,2.11,0.0,11.9
2007-12-26,9.1,80,100,8.9,1.3,0.8,11.1
2007-12-27,10.5,82,98,8.2,2.6,0.6,10.9
2007-12-28,8.8,78,99,8.9,1.6,2.8,9.4
2007-12-29,10.4,65,75,6.1,8.12,0.0,11.4
2007-12-30,8.6,88,99,7.4,1.75,5.0,9.4
2007-12-31,7.1,89,94,9.5,2.24,2.8,7.7
2008-01-01,9.3,79,80,6.4,6.41,0.0,8.6
2008-01-02,10.7,74,59,8.3,8.04,0.0,9.1
2008-01-03,10.7,73,63,8.9,7.98,0.0,10.2
2008-01-04,11.1,75,65,7.5,6.45,0.0,11.7
2008-01-05,12.5,78,51,8.4,11.3,0.0,12.5
2008-01-06,13.2,74,36,8.7,11.11,0.0,13.8
2008-01-07,13.3,75,43,8.4,10.33,0.0,9.6
2008-01-08,13.8,78,60,12.0,9.66,0.2,15.1
2008-01-09,15.5,83,18,10.8,12.79,0.0,14.4
2008-01-10,12.0,84,83,9.4,3.41,1.1,13.2
2008-01-11,11.7,90,96,12.2,1.84,3.5,14.6
2008-01-12,9.9,91,99,7.3,1.14,7.2,10.4
2008-01-13,6.9,72,97,9.2,2.61,1.6,6.6
2008-01-14,5.5,69,94,10.2,3.86,0.2,5.6
2008-01-15,6.4,69,90,6.1,7.66,0.0,4.9
2008-01-16,7.5,72,88,8.0,5.87,0.0,6.9
2008-01-17,9.1,64,80,9.6,11.39,0.0,7.4
2008-01-18,6.3,65,96,10.2,3.01,0.0,6.4
2008-01-19,5.3,66,87,9.7,5.58,0.0,5.6
2008-01-20,5.5,74,81,6.0,5.4,0.0,6.5
2008-01-21,5.9,73,87,8.9,5.4,0.0,5.6
2008-01-22,5.6,74,90,7.3,6.15,0.0,3.9
2008-01-23,6.0,74,84,8.1,5.99,0.0,4.1
2008-01-24,4.7,64,96,9.7,5.03,0.0,4.4
2008-01-25,3.9,60,98,9.0,4.82,0.0,4.0
2008-01-26,3.6,74,99,9.0,3.26,0.0,4.3
2008-01-27,2.4,72,99,10.1,3.87,4.2,2.8
2008-01-28,3.1,71,97,6.8,5.5,0.1,2.3
2008-01-29,4.8,72,75,8.9,8.55,1.7,4.0
2008-01-30,4.3,80,96,6.4,4.42,1.4,3.8
2008-01-31,4.0,83,93,4.8,5.02,0.0,2.9
2008-02-01,4.9,81,92,7.1,7.79,2.8,3.1
2008-02-02,6.2,73,75,8.0,9.37,0.0,5.6
2008-02-03,7.0,71,79,8.9,9.08,0.0,6.6
2008-02-04,7.6,75,76,8.3,6.91,0.0,6.3
2008-02-05,8.8,75,90,9.2,10.6,0.1,8.0
2008-02-06,9.5,69,85,8.4,9.77,0.0,7.2
2008-02-07,10.5,63,47,6.9,12.63,0.0,11.1
2008-02-08,9.8,67,67,6.2,8.96,0.0,9.9
2008-02-09,7.2,66,81,13.0,5.87,0.0,7.0
2008-02-10,7.2,60,78,6.1,10.05,0.0,7.2
2008-02-11,8.4,74,83,7.2,7.6,0.7,8.9
2008-02-12,9.1,74,80,8.0,11.1,0.5,7.9
2008-02-13,9.6,58,83,9.4,12.78,0.0,10.2
2008-02-14,9.7,67,68,9.3,12.76,0.1,10.3
2008-02-15,13.9,64,44,9.7,17.55,0.0,13.8
2008-02-16,10.1,69,90,8.3,5.37,0.0,10.4
2008-02-17,10.9,72,97,10.3,7.57,0.6,8.4
2008-02-18,11.6,74,98,8.4,9.99,1.6,9.3
2008-02-19,9.5,81,95,7.7,6.09,3.0,8.5
2008-02-20,11.4,73,90,4.4,9.04,0.0,10.0
2008-02-21,13.0,71,78,9.4,11.84,0.0,13.3
2008-02-22,15.8,73,29,9.4,17.28,0.0,16.6
2008-02-23,15.1,77,82,10.4,7.45,0.0,14.0
2008-02-24,11.2,90,100,8.4,1.75,7.1,11.3
2008-02-25,9.9,93,100,8.0,1.38,11.5,9.8
2008-02-26,8.5,81,96,5.8,5.55,8.1,6.4
2008-02-27,11.0,72,74,5.4,11.38,0.0,10.2
2008-02-28,13.2,65,93,9.3,11.9,0.0,15.4
2008-02-29,17.1,63,5,11.8,20.44,0.0,18.9
2008-03-01,17.3,68,71,10.7,16.71,0.0,18.1
2008-03-02,19.8,66,3,11.6,19.77,0.0,21.3
2008-03-03,16.4,71,88,7.6,7.55,0.0,16.4
2008-03-04,16.9,72,64,10.1,9.88,0.2,16.3
2008-03-05,16.6,72,85,12.1,10.68,1.8,15.1
2008-03-06,13.0,88,100,10.2,3.3,1.5,13.2
2008-03-07,13.8,86,96,8.3,6.12,1.0,13.4
2008-03-08,17.0,78,72,10.0,14.03,0.0,15.6
2008-03-09,12.9,77,89,7.9,5.1,0.5,13.1
2008-03-10,18.5,79,79,5.5,14.98,0.0,20.0
2008-03-11,20.3,73,68,6.2,15.28,0.0,20.3
2008-03-12,14.9,91,98,5.7,1.78,8.0,16.4
2008-03-13,19.8,83,97,7.8,11.34,0.7,19.9
2008-03-14,22.3,73,88,11.9,18.36,0.0,22.9
2008-03-15,18.4,75,96,7.1,7.28,0.5,18.2
2008-03-16,16.3,88,92,6.0,3.63,4.9,15.2
2008-03-17,19.0,82,72,5.8,10.26,0.0,19.4
2008-03-18,21.4,77,46,7.1,16.13,0.0,23.6
2008-03-19,24.9,68,42,20.1,16.99,0.0,25.8
2008-03-20,21.2,79,85,9.8,9.06,13.6,22.6
2008-03-21,16.2,87,99,10.1,2.09,14.0,17.0
2008-03-22,19.9,72,74,7.7,20.83,0.0,21.4
2008-03-23,22.8,63,26,10.8,21.9,0.2,25.3
2008-03-24,22.8,65,38,9.2,22.08,0.1,24.4
2008-03-25,20.9,78,99,10.0,15.09,3.4,21.3
2008-03-26,24.7,66,33,12.2,23.55,0.0,27.0
2008-03-27,22.3,70,74,11.6,13.52,1.9,20.9
2008-03-28,21.8,78,66,9.0,16.59,9.4,23.4
2008-03-29,16.2,90,92,12.0,2.35,12.0,19.0
2008-03-30,12.3,85,100,9.9,2.36,1.7,13.6
2008-03-31,15.6,76,89,9.4,8.19,0.1,17.2
2008-04-01,17.1,69,89,7.8,11.87,0.3,18.8
2008-04-02,15.5,78,94,4.2,6.39,0.2,15.6
2008-04-03,14.9,82,94,7.4,5.55,0.5,14.8
2008-04-04,16.8,77,76,6.6,10.4,0.4,18.6
2008-04-05,20.3,75,72,9.5,12.57,0.0,22.6
2008-04-06,22.5,78,71,9.7,15.46,5.2,24.0
2008-04-07,24.4,83,47,9.6,12.85,0.2,27.3
2008-04-08,27.0,76,66,9.4,14.73,0.5,28.6
2008-04-09,27.9,77,32,8.2,20.45,0.0,29.0
2008-04-10,22.8,80,81,14.5,11.99,31.3,23.0
2008-04-11,18.7,83,98,6.8,3.58,7.8,19.7
2008-04-12,16.9,87,100,5.7,2.26,2.8,18.1
2008-04-13,15.9,89,99,11.3,2.8,5.0,17.0
2008-04-14,16.9,85,92,7.1,5.39,2.2,17.5
2008-04-15,20.8,76,81,5.0,15.33,1.3,21.5
2008-04-16,24.3,73,61,7.1,20.24,0.0,27.2
2008-04-17,27.2,71,62,15.6,19.12,0.0,28.0
2008-04-18,26.9,76,88,11.1,15.64,4.1,24.7
2008-04-19,22.3,88,89,10.4,7.51,8.7,22.4
2008-04-20,25.2,83,68,8.1,15.65,2.4,28.1
2008-04-21,19.6,90,91,8.7,3.7,32.9,21.4
2008-04-22,17.2,81,100,10.8,9.14,11.1,18.9
2008-04-23,17.1,81,95,11.2,7.89,10.8,17.3
2008-04-24,20.2,81,81,8.0,16.9,1.4,17.5
2008-04-25,22.6,79,46,10.5,25.33,0.0,25.3
2008-04-26,23.9,74,97,9.9,12.33,0.0,23.0
2008-04-27,22.5,76,100,15.0,15.96,0.0,23.8
2008-04-28,27.0,69,67,9.0,25.1,0.0,29.4
2008-04-29,27.1,69,97,12.2,21.1,0.0,28.6
2008-04-30,28.0,71,5,6.9,26.63,0.0,30.6
2008-05-01,31.9,69,12,11.6,26.68,0.0,33.3
2008-05-02,27.5,78,66,12.0,19.23,9.5,27.5
2008-05-03,23.5,80,82,20.3,10.46,24.8,24.1
2008-05-04,23.6,65,100,7.3,16.84,0.0,24.0
2008-05-05,26.1,70,75,6.0,23.7,0.0,29.9
2008-05-06,28.9,72,11,9.4,27.41,0.0,31.6
2008-05-07,28.0,79,45,7.9,16.68,0.8,29.0
2008-05-08,23.1,79,93,8.8,10.97,1.2,25.3
2008-05-09,24.9,76,84,8.0,15.82,6.6,25.9
2008-05-10,25.8,73,73,8.6,18.01,0.0,29.4
2008-05-11,28.0,65,10,9.2,27.62,0.0,31.1
2008-05-12,29.0,65,17,11.8,25.14,0.0,33.2
2008-05-13,25.4,71,83,10.8,14.38,0.4,27.5
2008-05-14,19.6,85,100,10.5,2.53,20.3,19.9
2008-05-15,23.7,77,88,5.0,17.06,0.1,24.6
2008-05-16,25.1,75,78,6.8,18.43,0.0,26.6
2008-05-17,28.2,71,84,10.8,26.34,0.0,30.9
2008-05-18,28.7,67,93,9.9,18.27,0.0,31.6
2008-05-19,28.7,69,78,7.2,24.66,0.1,31.8
2008-05-20,28.0,68,94,13.0,15.86,0.0,30.6
2008-05-21,24.9,76,92,9.2,10.84,0.5,25.0
2008-05-22,21.3,88,89,4.3,7.31,12.0,21.0
2008-05-23,25.0,80,87,4.5,14.4,0.0,24.4
2008-05-24,27.8,77,51,9.5,23.62,0.0,29.9
2008-05-25,32.3,77,49,13.2,24.47,1.2,33.3
2008-05-26,26.4,89,98,5.4,10.67,15.2,27.2
2008-05-27,27.4,88,81,9.7,14.34,6.5,29.1
2008-05-28,28.3,87,84,5.6,15.31,7.8,25.6
2008-05-29,28.1,86,81,10.5,14.29,9.7,25.0
2008-05-30,21.1,86,90,10.4,5.84,8.8,21.7
2008-05-31,26.6,76,79,8.7,22.89,0.0,28.7
2008-06-01,27.5,71,65,7.9,24.31,0.0,29.0
2008-06-02,28.9,75,91,7.2,22.71,0.0,32.5
2008-06-03,32.0,70,68,5.5,26.9,0.0,34.6
2008-06-04,31.7,71,99,5.4,23.18,0.0,32.8
2008-06-05,33.6,70,46,14.1,27.47,0.0,35.8
2008-06-06,32.4,69,64,14.1,25.43,0.0,33.9
2008-06-07,24.4,84,100,14.6,5.18,6.4,28.2
2008-06-08,23.5,79,88,8.2,8.87,1.1,23.5
2008-06-09,27.4,82,65,6.4,19.05,0.3,27.1
2008-06-10,29.4,77,41,4.8,24.43,0.6,31.8
2008-06-11,28.2,83,83,8.7,18.11,3.6,27.4
2008-06-12,29.1,81,58,6.8,24.63,1.1,28.8
2008-06-13,29.7,77,35,8.7,24.65,0.0,32.7
2008-06-14,31.1,73,86,12.5,21.12,0.4,30.6
2008-06-15,24.7,88,97,15.3,3.16,63.1,23.0
2008-06-16,25.8,81,86,5.8,17.53,2.4,26.5
2008-06-17,28.8,76,42,9.2,23.33,0.2,31.8
2008-06-18,29.9,68,44,16.4,27.38,0.0,32.0
2008-06-19,23.4,83,98,9.5,3.46,15.8,26.0
2008-06-20,24.0,91,96,6.8,5.0,14.6,23.2
2008-06-21,27.6,82,96,5.7,15.57,2.7,27.9
2008-06-22,28.5,83,89,5.8,14.82,1.9,25.2
2008-06-23,27.6,75,70,10.3,19.95,0.0,28.8
2008-06-24,26.2,87,97,8.2,7.42,2.8,28.8
2008-06-25,30.7,77,91,5.3,23.55,0.0,34.1
2008-06-26,28.8,81,97,10.3,9.61,0.6,27.0
2008-06-27,29.3,74,40,5.2,26.33,0.0,32.1
2008-06-28,31.5,73,19,7.7,28.27,0.0,34.6
2008-06-29,33.6,69,27,10.5,28.59,0.0,36.8
2008-06-30,33.7,66,96,13.8,24.21,0.2,35.6
2008-07-01,27.3,83,97,13.2,7.41,5.9,26.0
2008-07-02,28.3,83,96,5.4,14.86,0.2,28.1
2008-07-03,29.3,85,99,10.7,15.47,3.4,30.0
2008-07-04,24.8,93,100,11.5,5.14,26.5,25.2
2008-07-05,28.2,78,93,12.0,19.21,0.0,30.8
2008-07-06,32.0,75,44,6.3,26.78,0.0,35.3
2008-07-07,32.4,74,16,7.6,27.33,0.0,36.1
2008-07-08,31.9,72,7,7.4,27.41,0.0,35.9
2008-07-09,32.3,72,8,9.2,25.59,0.0,36.6
2008-07-10,33.4,75,12,7.9,26.44,0.0,36.8
2008-07-11,32.3,78,20,7.8,25.06,0.5,36.3
2008-07-12,31.6,82,81,6.9,23.39,1.4,34.9
2008-07-13,32.5,74,83,9.4,24.69,0.0,35.3
2008-07-14,33.3,73,83,11.1,25.12,0.4,37.2
2008-07-15,27.1,78,98,14.5,16.1,1.6,30.0
2008-07-16,29.1,75,84,6.4,20.07,0.0,31.7
2008-07-17,30.4,82,96,7.0,16.51,7.5,31.1
2008-07-18,30.5,84,67,5.4,19.08,7.9,32.2
2008-07-19,32.7,81,45,8.0,24.35,2.5,35.0
2008-07-20,34.3,73,79,12.0,24.99,0.5,36.2
2008-07-21,31.6,70,100,13.0,13.38,2.0,31.5
2008-07-22,29.7,82,79,14.7,14.61,8.6,30.7
2008-07-23,31.8,77,23,6.8,24.24,0.2,35.3
2008-07-24,33.1,78,21,11.5,24.29,1.3,34.8
2008-07-25,33.2,72,24,11.6,24.81,0.3,35.2
2008-07-26,34.1,69,16,11.4,25.53,0.0,36.9
2008-07-27,35.0,67,35,10.0,24.81,0.0,37.3
2008-07-28,34.7,73,54,11.7,24.19,2.7,35.1
2008-07-29,32.8,77,44,7.7,20.26,7.2,34.1
2008-07-30,34.3,72,31,6.6,23.75,0.3,36.0
2008-07-31,36.3,66,42,7.4,23.43,1.2,38.5
2008-08-01,29.5,86,97,9.7,11.27,19.3,32.0
2008-08-02,30.0,87,86,8.1,12.15,12.5,31.2
2008-08-03,28.9,86,91,7.3,14.54,9.3,30.2
2008-08-04,29.8,82,84,5.2,17.83,1.9,30.0
2008-08-05,31.5,80,74,8.0,17.49,1.0,33.3
2008-08-06,31.8,77,76,8.3,21.58,0.1,34.3
2008-08-07,32.5,78,79,7.1,20.65,1.8,34.2
2008-08-08,30.9,78,98,5.7,19.05,0.0,32.4
2008-08-09,31.2,85,92,8.9,16.08,6.6,33.8
2008-08-10,26.2,88,92,10.5,8.96,12.9,28.1
2008-08-11,25.1,86,98,7.4,8.32,4.2,26.5
2008-08-12,28.2,88,96,5.5,15.49,6.0,27.7
2008-08-13,28.5,88,86,6.5,11.61,13.4,28.7
2008-08-14,28.0,88,96,6.9,12.36,7.1,25.6
2008-08-15,27.1,88,88,10.6,8.8,8.8,25.6
2008-08-16,26.3,87,92,7.4,8.8,2.8,26.1
2008-08-17,29.6,83,56,4.6,15.42,0.7,32.1
2008-08-18,32.3,78,23,9.4,22.71,0.0,35.2
2008-08-19,33.8,70,15,14.5,23.56,0.0,36.1
2008-08-20,34.7,67,72,12.4,24.74,0.0,37.8
2008-08-21,30.7,77,97,11.7,14.95,3.3,33.0
2008-08-22,28.4,73,88,10.1,11.22,0.5,29.3
2008-08-23,31.6,76,79,7.9,20.71,0.0,33.3
2008-08-24,32.9,69,89,11.6,20.27,0.0,32.3
2008-08-25,24.8,88,100,7.8,3.01,23.4,24.0
2008-08-26,27.4,81,84,5.9,14.74,0.1,25.4
2008-08-27,25.9,85,93,5.5,9.32,2.3,24.4
2008-08-28,22.5,91,100,8.4,3.52,39.8,22.6
2008-08-29,24.0,95,100,6.1,3.47,18.8,23.6
2008-08-30,21.4,86,98,13.0,2.7,2.8,23.2
2008-08-31,24.3,82,78,6.5,7.36,0.0,27.5
2008-09-01,26.9,81,62,8.8,16.15,0.0,29.3
2008-09-02,24.0,83,95,13.3,6.6,11.2,23.3
2008-09-03,22.8,85,92,10.5,7.31,7.2,25.1
2008-09-04,27.3,75,66,5.4,19.38,0.0,29.6
2008-09-05,28.8,77,55,6.9,21.56,0.0,31.7
2008-09-06,30.2,71,34,11.2,22.97,0.0,31.4
2008-09-07,30.8,72,24,11.4,21.13,0.0,32.1
2008-09-08,31.3,75,44,11.7,20.16,0.5,33.3
2008-09-09,32.6,74,84,11.2,20.26,0.0,35.1
2008-09-10,26.3,82,99,18.5,10.61,3.8,29.0
2008-09-11,25.3,71,78,9.2,13.22,0.0,27.0
2008-09-12,26.9,78,50,6.5,14.3,0.0,28.1
2008-09-13,26.4,82,76,8.5,10.71,1.3,26.0
2008-09-14,27.7,80,75,5.3,12.1,0.0,24.9
2008-09-15,27.9,76,67,7.1,16.21,0.3,30.2
2008-09-16,28.9,81,50,9.3,14.93,3.5,29.8
2008-09-17,25.1,90,82,12.3,7.21,11.0,24.4
2008-09-18,27.2,81,83,6.4,12.03,11.6,27.9
2008-09-19,29.7,81,51,6.5,18.03,0.2,30.0
2008-09-20,32.3,76,41,9.6,19.84,0.0,33.1
2008-09-21,33.7,68,8,14.4,20.94,0.0,35.8
2008-09-22,33.9,70,12,9.0,20.9,0.0,35.2
2008-09-23,34.3,73,50,10.8,19.63,0.0,37.2
2008-09-24,32.1,70,26,12.8,16.82,0.0,35.6
2008-09-25,27.6,81,91,10.1,7.87,7.5,29.6
2008-09-26,28.8,78,92,14.2,9.83,2.5,29.8
2008-09-27,28.3,64,71,14.1,13.9,0.0,31.4
2008-09-28,24.1,75,85,13.3,8.38,0.9,24.6
2008-09-29,21.4,76,95,9.0,4.14,0.3,21.6
2008-09-30,23.6,78,87,4.8,7.84,0.0,24.1
2008-10-01,26.4,73,45,7.6,14.32,0.0,27.9
2008-10-02,27.0,75,90,6.5,9.53,0.0,23.9
2008-10-03,22.3,90,100,6.2,2.07,23.2,21.0
2008-10-04,26.0,79,71,11.7,13.56,0.3,27.0
2008-10-05,26.2,75,52,5.9,16.88,0.1,27.2
2008-10-06,28.3,72,17,10.8,17.77,0.0,29.4
2008-10-07,27.7,62,8,20.4,19.93,0.0,30.7
2008-10-08,20.6,68,97,10.7,2.88,2.7,23.5
2008-10-09,18.4,85,86,7.5,2.79,2.8,19.4
2008-10-10,19.8,87,94,5.1,3.48,2.0,19.4
2008-10-11,18.7,87,90,7.2,2.99,4.6,18.2
2008-10-12,20.2,81,94,4.6,7.93,1.6,17.8
2008-10-13,22.6,76,73,8.0,12.19,0.0,23.0
2008-10-14,25.4,75,11,9.4,18.9,0.0,26.1
2008-10-15,26.1,72,27,8.0,14.39,0.0,26.0
2008-10-16,26.4,75,39,7.6,15.74,0.0,26.4
2008-10-17,26.5,74,41,8.8,10.2,0.4,28.0
2008-10-18,26.6,70,53,6.0,14.16,0.0,25.8
2008-10-19,23.4,74,87,8.2,8.92,1.5,23.4
2008-10-20,20.4,87,93,5.0,4.46,3.1,19.4
2008-10-21,21.9,84,92,7.1,5.15,5.7,21.1
2008-10-22,21.8,82,77,11.7,7.78,16.3,20.7
2008-10-23,21.7,62,55,9.3,10.44,0.0,23.0
2008-10-24,17.5,77,96,8.7,1.97,1.9,18.5
2008-10-25,15.7,83,100,6.1,2.81,1.7,16.5
2008-10-26,17.0,88,100,3.6,4.01,9.8,16.8
2008-10-27,15.9,91,98,7.1,2.14,4.7,16.3
2008-10-28,16.4,82,99,8.4,3.75,5.0,15.9
2008-10-29,16.3,92,100,4.7,3.15,20.9,16.3
2008-10-30,15.8,95,100,5.6,1.1,17.6,16.8
2008-10-31,17.9,93,100,4.7,3.09,11.0,17.4
2008-11-01,18.1,89,91,5.5,2.97,11.9,18.6
2008-11-02,20.8,86,73,8.0,8.62,0.3,21.0
2008-11-03,23.2,79,28,8.4,13.95,0.0,25.0
2008-11-04,22.6,79,76,10.9,7.02,0.6,23.5
2008-11-05,18.5,93,100,8.2,1.71,16.1,18.4
2008-11-06,14.2,87,88,11.2,1.74,13.1,15.0
2008-11-07,18.7,73,16,9.7,15.72,0.0,20.1
2008-11-08,20.3,73,2,10.7,15.52,0.0,21.0
2008-11-09,20.1,74,36,8.4,11.84,0.0,21.2
2008-11-10,18.5,69,67,9.4,8.6,0.0,19.0
2008-11-11,17.0,69,71,8.2,5.21,0.0,18.7
2008-11-12,19.1,74,65,8.7,8.37,0.0,17.4
2008-11-13,16.1,83,93,10.4,3.01,1.1,16.4
2008-11-14,18.7,79,90,7.8,5.36,0.0,16.5
2008-11-15,15.2,89,98,10.0,1.49,3.0,16.5
2008-11-16,14.9,89,97,5.7,1.47,1.9,16.3
2008-11-17,13.5,91,100,7.6,0.94,11.5,14.2
2008-11-18,11.6,89,100,8.3,1.18,12.1,11.6
2008-11-19,12.9,69,93,7.1,6.96,0.3,11.1
2008-11-20,13.6,74,89,9.1,4.7,0.0,12.4
2008-11-21,12.5,68,84,6.1,4.48,0.0,11.2
2008-11-22,12.3,67,83,5.2,4.26,0.0,12.7
2008-11-23,14.3,74,84,6.6,7.6,0.0,14.1
2008-11-24,15.8,73,58,10.9,11.07,0.0,14.2
2008-11-25,13.8,77,83,6.9,7.51,0.1,14.2
2008-11-26,16.2,72,51,11.3,10.51,0.0,17.1
2008-11-27,14.3,56,14,11.3,13.68,0.0,17.0
2008-11-28,15.0,59,32,9.9,10.57,0.0,16.0
2008-11-29,14.8,67,24,7.9,12.54,0.0,16.0
2008-11-30,15.8,75,21,11.0,13.02,0.0,16.0
2008-12-01,14.6,71,55,7.9,8.09,0.0,14.0
2008-12-02,17.5,75,60,8.7,10.14,0.0,15.0
2008-12-03,14.8,74,79,7.7,7.24,0.0,15.1
2008-12-04,12.1,86,100,10.3,1.04,11.4,13.2
2008-12-05,10.6,74,87,12.0,6.74,1.8,8.8
2008-12-06,11.0,71,81,7.9,6.57,0.0,9.4
2008-12-07,9.7,77,97,6.6,4.78,1.2,10.0
2008-12-08,13.2,78,17,8.4,12.68,0.0,13.8
2008-12-09,13.9,78,6,8.7,12.67,0.0,13.0
2008-12-10,12.2,83,64,8.6,7.0,0.0,10.6
2008-12-11,14.9,79,29,8.5,10.83,0.0,14.0
2008-12-12,10.3,84,89,10.5,1.75,0.4,10.1
2008-12-13,14.1,83,93,6.2,6.0,0.7,12.0
2008-12-14,12.7,83,81,8.9,4.09,0.5,12.0
2008-12-15,13.8,75,67,7.1,7.9,0.0,13.3
2008-12-16,15.1,72,29,10.3,11.75,0.0,15.6
2008-12-17,15.6,77,23,10.0,11.55,0.0,16.0
2008-12-18,15.1,79,55,8.9,7.14,0.0,15.6
2008-12-19,17.0,80,38,9.2,10.14,0.0,17.0
2008-12-20,18.6,81,47,9.2,11.2,0.3,16.0
2008-12-21,11.9,89,100,8.7,0.8,21.6,12.1
2008-12-22,4.9,76,96,8.3,1.97,4.2,6.0
2008-12-23,5.5,69,95,5.5,5.1,0.0,5.2
2008-12-24,6.6,74,91,9.6,6.55,0.0,9.3
2008-12-25,9.7,74,88,8.3,10.79,0.0,9.8
2008-12-26,9.6,76,97,8.7,5.27,0.0,8.6
2008-12-27,9.0,75,82,8.1,3.86,0.0,8.1
2008-12-28,8.5,81,95,7.4,2.28,0.0,9.3
2008-12-29,9.0,88,90,8.4,3.37,0.8,9.3
2008-12-30,7.5,86,83,6.7,2.96,3.4,8.7
2008-12-31,10.4,76,69,7.4,8.75,0.0,
2009-01-01,9.2,63,77,9.1,6.32,0.0,9.3
2009-01-02,8.7,59,81,8.0,6.12,0.0,9.9
2009-01-03,8.6,72,78,9.3,6.97,0.0,8.8
2009-01-04,9.0,73,91,7.7,4.16,0.0,10.1
2009-01-05,6.2,84,99,6.8,2.31,5.0,8.2
2009-01-06,7.5,85,99,5.6,3.25,2.4,7.0
2009-01-07,8.6,82,89,5.9,6.79,0.5,6.6
2009-01-08,10.5,75,69,7.6,9.3,0.0,10.7
2009-01-09,11.6,71,23,8.4,13.1,0.0,11.5
2009-01-10,13.2,69,21,10.2,13.66,0.0,12.0
2009-01-11,12.9,67,58,8.9,11.0,0.0,13.0
2009-01-12,8.5,82,100,6.6,2.77,7.4,9.6
2009-01-13,11.1,68,67,8.8,8.93,0.0,8.8
2009-01-14,9.6,74,80,8.6,5.74,0.0,8.9
2009-01-15,14.1,73,47,8.4,13.21,0.0,13.0
2009-01-16,13.6,74,47,7.6,12.7,0.0,12.8
2009-01-17,12.3,80,85,5.0,7.39,0.0,10.1
2009-01-18,9.2,85,97,7.2,2.04,0.5,9.4
2009-01-19,9.9,86,100,10.0,2.36,1.4,9.7
2009-01-20,9.2,92,100,8.2,1.14,6.1,9.1
2009-01-21,10.6,80,86,10.3,5.32,0.0,11.3
2009-01-22,14.1,82,60,12.3,12.12,0.0,13.2
2009-01-23,8.1,84,100,10.1,2.76,10.5,10.1
2009-01-24,6.0,78,91,8.7,5.31,1.9,6.8
2009-01-25,6.4,77,88,7.4,4.47,1.1,5.6
2009-01-26,6.2,81,99,7.0,4.88,4.0,6.6
2009-01-27,10.8,78,52,8.5,14.18,0.0,7.1
2009-01-28,7.7,80,86,6.2,3.47,0.0,7.1
2009-01-29,12.4,77,54,9.3,14.24,0.0,13.4
2009-01-30,16.0,75,12,10.1,15.05,0.0,16.0
2009-01-31,12.4,79,90,5.6,3.9,0.0,11.5
2009-02-01,10.4,88,98,5.5,2.15,2.1,9.6
2009-02-02,12.5,85,95,8.4,5.62,1.6,12.0
2009-02-03,10.6,89,96,6.3,1.73,1.7,11.2
2009-02-04,15.5,80,70,9.2,10.19,0.0,15.6
2009-02-05,15.3,80,81,9.0,5.17,0.0,16.4
2009-02-06,16.1,83,78,7.6,5.46,0.0,16.0
2009-02-07,13.0,92,98,11.5,2.43,0.9,13.3
2009-02-08,13.6,93,100,10.9,1.82,5.5,13.6
2009-02-09,14.3,91,86,5.9,3.19,0.1,13.9
2009-02-10,18.3,84,52,8.9,12.41,0.0,19.9
2009-02-11,21.7,81,6,8.3,16.52,0.0,23.0
2009-02-12,23.7,84,28,12.1,15.1,0.0,24.0
2009-02-13,21.4,61,11,11.0,17.41,0.0,23.2
2009-02-14,20.8,69,37,10.8,12.49,0.0,22.0
2009-02-15,14.7,89,98,8.7,1.48,5.3,16.7
2009-02-16,13.1,80,98,10.5,3.5,1.2,12.2
2009-02-17,11.9,73,99,8.9,3.56,0.1,13.5
2009-02-18,12.9,73,90,13.1,5.82,0.0,16.2
2009-02-19,13.6,77,94,12.3,5.53,0.3,15.1
2009-02-20,14.1,78,90,8.6,5.93,3.0,15.0
2009-02-21,16.5,70,56,10.5,16.41,0.2,16.6
2009-02-22,14.9,67,86,9.2,8.68,0.0,16.3
2009-02-23,17.9,73,51,10.2,14.38,0.0,18.0
2009-02-24,18.9,75,52,10.2,12.5,0.0,20.3
2009-02-25,16.8,76,71,13.1,6.32,0.1,19.2
2009-02-26,11.0,79,100,8.7,2.24,1.5,13.6
2009-02-27,9.4,85,100,7.7,2.42,2.5,9.7
2009-02-28,11.0,83,98,5.7,5.06,2.8,8.9
2009-03-01,9.6,81,96,8.6,4.22,1.3,9.2
2009-03-02,12.2,70,96,11.5,11.11,0.2,11.6
2009-03-03,11.2,75,99,8.9,5.7,1.3,12.1
2009-03-04,12.9,72,89,15.0,10.16,0.0,12.4
2009-03-05,13.3,71,89,7.7,9.4,0.1,16.0
2009-03-06,16.2,62,92,11.8,14.63,0.0,15.6
2009-03-07,16.4,49,42,10.6,19.76,0.0,17.6
2009-03-08,11.8,75,89,7.1,4.49,3.1,12.6
2009-03-09,18.2,75,36,9.7,19.12,0.0,19.0
2009-03-10,16.6,71,78,8.8,8.77,0.0,19.0
2009-03-11,15.6,80,99,8.1,4.5,1.9,16.0
2009-03-12,12.6,81,100,13.2,3.54,5.1,13.3
2009-03-13,12.8,68,70,14.8,13.68,7.5,12.3
2009-03-14,17.5,66,5,10.8,22.36,0.0,18.8
2009-03-15,18.0,62,4,10.4,20.78,0.0,19.1
2009-03-16,20.0,64,50,7.2,19.56,0.0,21.5
2009-03-17,22.1,69,89,5.8,18.45,0.0,22.0
2009-03-18,22.7,74,96,5.4,17.18,0.0,22.7
2009-03-19,24.5,73,34,6.4,18.84,0.0,26.0
2009-03-20,28.3,73,20,16.4,16.87,0.2,28.1
2009-03-21,25.8,82,16,10.9,16.22,1.2,27.0
2009-03-22,23.6,81,46,12.1,12.8,1.7,25.9
2009-03-23,18.8,78,96,9.2,6.27,18.2,19.3
2009-03-24,22.2,73,68,11.1,19.72,0.6,23.0
2009-03-25,22.6,66,72,14.3,14.19,0.0,24.9
2009-03-26,21.4,70,61,13.7,8.66,0.0,24.4
2009-03-27,18.3,84,99,9.8,5.12,14.9,21.0
2009-03-28,15.3,87,100,10.0,1.54,11.3,14.2
2009-03-29,15.7,75,97,5.9,9.77,0.6,17.0
2009-03-30,15.8,78,97,8.7,10.0,8.2,17.3
2009-03-31,16.1,74,98,8.3,7.95,2.3,14.4
2009-04-01,13.6,74,99,9.4,6.41,1.8,13.0
2009-04-02,15.9,73,96,12.1,11.78,6.1,18.0
2009-04-03,13.2,76,98,10.0,4.45,0.8,16.7
2009-04-04,16.2,81,90,7.9,7.14,2.5,17.1
2009-04-05,19.6,74,94,9.2,18.41,0.4,19.0
2009-04-06,19.2,71,85,8.3,13.54,0.2,21.9
2009-04-07,22.7,72,29,11.0,23.79,0.0,25.4
2009-04-08,20.4,72,92,10.5,4.3,0.2,22.0
2009-04-09,18.3,86,100,6.9,5.14,15.7,19.0
2009-04-10,16.8,87,100,6.4,3.69,2.7,17.8
2009-04-11,19.4,87,96,7.2,5.13,4.7,19.2
2009-04-12,20.6,85,82,9.9,11.93,0.8,18.6
2009-04-13,22.5,81,89,6.5,15.55,0.1,24.4
2009-04-14,27.1,75,17,11.5,25.19,0.0,30.0
2009-04-15,28.0,78,41,9.3,21.74,9.4,30.0
2009-04-16,28.5,78,45,11.9,22.02,0.6,30.2
2009-04-17,24.8,72,80,16.6,12.18,4.4,24.2
2009-04-18,18.8,87,100,11.0,3.23,46.0,20.0
2009-04-19,24.6,73,57,11.9,18.92,7.5,26.8
2009-04-20,27.5,67,67,11.3,24.84,0.0,29.3
2009-04-21,24.9,76,85,10.1,11.16,0.0,23.4
2009-04-22,25.7,77,67,12.3,11.45,0.2,27.5
2009-04-23,20.5,87,98,10.5,3.51,22.3,21.9
2009-04-24,20.8,81,90,10.0,5.13,10.1,24.7
2009-04-25,18.9,81,99,5.1,4.6,0.0,22.2
2009-04-26,19.5,82,99,5.9,3.93,0.6,20.6
2009-04-27,16.7,78,100,9.2,2.94,0.4,18.3
2009-04-28,20.1,72,71,6.0,17.48,0.4,21.9
2009-04-29,22.8,74,73,8.7,21.1,0.0,26.4
2009-04-30,22.4,80,70,8.8,11.49,1.0,22.8
2009-05-01,19.3,83,100,12.8,5.62,9.1,20.0
2009-05-02,22.7,74,74,9.9,18.04,7.3,25.0
2009-05-03,25.9,68,2,10.2,26.76,0.0,29.4
2009-05-04,29.0,67,69,14.3,25.75,0.1,31.6
2009-05-05,21.7,86,100,9.2,2.6,14.0,26.0
2009-05-06,20.6,88,98,7.6,4.91,2.1,22.6
2009-05-07,25.3,79,69,12.7,16.31,0.0,26.2
2009-05-08,26.3,78,93,8.3,12.29,1.7,25.0
2009-05-09,28.2,74,71,15.7,17.15,0.1,27.0
2009-05-10,26.5,82,73,10.2,16.2,0.5,25.3
2009-05-11,27.0,86,76,9.7,11.68,1.5,27.2
2009-05-12,24.8,88,87,9.7,5.52,13.2,27.4
2009-05-13,24.3,83,90,9.6,7.79,2.8,22.3
2009-05-14,21.8,86,99,5.1,5.23,12.2,20.3
2009-05-15,21.7,86,100,9.6,7.62,2.7,20.6
2009-05-16,25.8,74,72,8.2,20.33,3.3,28.9
2009-05-17,24.8,80,94,7.1,13.28,5.6,24.4
2009-05-18,24.1,81,92,7.6,14.84,1.7,25.0
2009-05-19,21.0,87,85,6.9,7.3,3.4,23.7
2009-05-20,26.9,78,28,9.2,26.76,0.0,29.8
2009-05-21,30.7,73,18,10.9,27.83,0.0,33.3
2009-05-22,25.0,77,76,15.3,16.98,3.4,26.0
2009-05-23,22.5,76,80,7.4,15.56,0.2,25.7
2009-05-24,21.6,84,96,7.7,5.99,0.3,21.0
2009-05-25,21.7,87,100,7.5,6.59,0.7,22.6
2009-05-26,20.9,92,100,6.8,2.71,6.3,21.0
2009-05-27,24.0,82,100,12.8,10.41,11.7,22.5
2009-05-28,20.1,87,100,9.2,2.93,10.9,22.6
2009-05-29,23.8,79,98,6.1,12.77,0.0,25.3
2009-05-30,24.2,78,99,7.2,15.03,0.5,26.7
2009-05-31,25.2,74,99,4.7,14.76,0.0,27.1
2009-06-01,21.2,82,99,8.1,4.66,0.2,22.0
2009-06-02,25.8,75,67,7.6,23.13,5.0,28.7
2009-06-03,28.7,72,14,5.1,28.89,0.0,32.2
2009-06-04,31.0,73,46,5.8,24.01,0.0,33.9
2009-06-05,32.3,70,13,9.8,28.66,0.0,36.5
2009-06-06,32.8,69,57,8.6,24.5,0.0,35.6
2009-06-07,27.1,83,92,11.0,11.87,10.5,30.0
2009-06-08,23.7,88,97,9.8,4.92,64.8,23.9
2009-06-09,24.7,89,99,4.3,7.35,3.0,24.1
2009-06-10,21.8,90,100,5.4,3.47,7.8,23.0
2009-06-11,23.1,88,84,7.2,5.94,0.0,25.1
2009-06-12,27.5,78,61,9.0,23.46,0.0,30.1
2009-06-13,30.3,74,31,8.7,28.11,0.0,31.5
2009-06-14,31.2,72,73,6.3,18.22,0.0,29.4
2009-06-15,32.1,77,85,9.2,19.79,0.1,29.0
2009-06-16,26.5,86,93,8.0,11.13,11.8,24.3
2009-06-17,30.9,82,67,8.3,21.29,1.1,31.0
2009-06-18,32.8,74,70,15.0,22.23,0.0,34.2
2009-06-19,29.9,87,100,8.9,15.35,14.9,31.2
2009-06-20,25.5,83,92,15.5,9.63,14.3,24.1
2009-06-21,28.4,83,79,5.4,16.57,4.1,26.0
2009-06-22,25.6,90,90,6.0,7.14,16.7,26.4
2009-06-23,30.5,87,91,6.3,19.89,1.2,29.1
2009-06-24,31.8,78,74,5.9,24.87,0.0,33.4
2009-06-25,29.9,77,76,10.5,16.62,1.4,32.3
2009-06-26,31.1,83,69,7.1,23.9,1.6,33.0
2009-06-27,32.4,84,64,6.9,20.89,1.8,35.2
2009-06-28,31.4,88,98,8.7,15.49,19.6,31.0
2009-06-29,24.7,94,100,12.1,2.6,116.6,25.6
2009-06-30,28.3,80,83,6.6,18.65,0.0,28.1
2009-07-01,28.2,80,79,7.4,10.26,0.0,31.6
2009-07-02,25.5,84,100,10.4,4.01,6.0,26.3
2009-07-03,22.8,85,100,5.2,5.93,1.2,22.6
2009-07-04,23.2,87,99,5.7,5.8,0.1,25.4
2009-07-05,27.1,83,93,3.7,12.92,0.0,27.5
2009-07-06,29.3,81,79,4.3,20.93,0.1,32.0
2009-07-07,32.5,77,84,13.1,22.49,0.1,35.6
2009-07-08,33.3,69,99,15.2,22.51,0.0,35.7
2009-07-09,28.9,80,99,13.4,13.4,0.3,30.0
2009-07-10,29.9,80,87,6.1,20.38,8.6,31.0
2009-07-11,26.0,91,98,10.1,6.31,12.2,27.0
2009-07-12,30.4,80,56,8.4,21.43,0.0,33.5
2009-07-13,33.2,77,52,9.4,23.64,0.0,36.6
2009-07-14,33.3,77,64,9.3,23.74,0.0,37.1
2009-07-15,34.7,70,98,14.9,24.49,0.0,36.6
2009-07-16,34.7,61,79,17.8,26.62,0.0,38.0
2009-07-17,34.8,63,100,16.3,25.24,0.0,38.3
2009-07-18,33.1,74,91,9.4,24.36,0.0,36.2
2009-07-19,36.2,71,61,9.3,26.87,0.0,39.9
2009-07-20,33.7,65,79,13.0,23.77,0.0,36.5
2009-07-21,33.7,68,60,11.5,22.85,0.0,36.8
2009-07-22,34.4,69,92,10.3,23.97,0.0,37.6
2009-07-23,31.5,78,100,8.8,12.82,9.4,32.0
2009-07-24,29.5,84,99,4.8,14.25,6.3,32.0
2009-07-25,32.8,75,94,8.9,23.22,0.0,35.0
2009-07-26,29.5,79,96,9.0,12.23,2.6,31.3
2009-07-27,26.6,82,98,8.6,11.87,5.3,25.4
2009-07-28,29.2,78,65,6.2,19.71,0.0,30.0
2009-07-29,32.1,72,28,11.2,26.43,0.0,33.9
2009-07-30,33.1,67,90,15.3,22.08,0.0,35.0
2009-07-31,32.0,76,99,9.3,12.65,9.2,33.0
2009-08-01,30.7,82,98,9.2,14.28,2.0,33.1
2009-08-02,31.2,82,90,5.8,19.15,3.4,32.7
2009-08-03,32.9,86,100,8.4,13.35,16.4,28.6
2009-08-04,25.5,93,100,9.3,2.48,74.7,26.7
2009-08-05,29.3,87,67,7.3,11.25,58.0,31.6
2009-08-06,31.0,84,40,4.7,21.55,1.2,34.0
2009-08-07,32.2,79,21,7.1,23.48,0.1,35.8
2009-08-08,32.2,75,53,7.0,20.55,0.0,35.3
2009-08-09,31.2,83,57,8.7,21.64,3.7,33.6
2009-08-10,24.2,87,99,11.8,5.18,5.5,26.5
2009-08-11,25.6,87,99,6.9,5.68,2.6,28.2
2009-08-12,26.9,87,99,5.4,11.41,2.7,26.5
2009-08-13,29.7,80,42,5.1,21.82,3.8,29.9
2009-08-14,31.4,79,15,7.1,22.77,0.0,35.3
2009-08-15,33.7,75,12,10.7,23.44,0.0,36.8
2009-08-16,32.5,75,85,10.5,21.51,0.0,35.7
2009-08-17,31.5,76,98,8.8,18.05,0.4,31.0
2009-08-18,33.9,74,80,14.6,22.77,0.0,36.5
2009-08-19,32.7,72,90,10.8,21.77,0.9,35.6
2009-08-20,29.9,77,71,8.8,19.09,0.0,31.4
2009-08-21,32.6,80,33,10.4,21.2,2.8,34.6
2009-08-22,32.2,82,34,5.4,21.96,2.1,34.0
2009-08-23,33.0,80,35,8.9,21.09,0.0,35.0
2009-08-24,34.8,73,14,11.3,24.0,0.0,38.0
2009-08-25,35.2,66,8,15.8,24.25,0.0,39.4
2009-08-26,33.5,71,20,11.2,22.23,1.9,36.3
2009-08-27,28.5,84,81,7.9,13.29,7.1,28.3
2009-08-28,32.2,78,49,9.7,21.33,0.0,33.9
2009-08-29,26.5,91,98,14.4,4.74,25.8,28.7
2009-08-30,28.3,76,43,6.9,21.05,0.1,31.2
2009-08-31,29.6,74,10,8.9,24.7,0.0,32.9
2009-09-01,30.0,67,2,12.4,25.06,0.0,32.9
2009-09-02,31.1,67,22,13.1,24.08,0.0,33.3
2009-09-03,32.3,65,58,14.7,22.16,0.0,33.6
2009-09-04,33.0,67,73,15.2,21.25,0.0,35.0
2009-09-05,34.5,71,25,12.8,22.35,0.0,36.4
2009-09-06,35.1,66,13,12.9,22.57,0.0,37.3
2009-09-07,35.9,63,0,15.6,23.66,0.0,39.4
2009-09-08,36.2,63,6,15.4,22.05,0.0,39.4
2009-09-09,35.5,62,13,17.1,21.21,0.0,38.4
2009-09-10,34.8,58,7,14.8,22.34,0.0,36.5
2009-09-11,34.4,58,8,12.0,21.52,0.0,36.8
2009-09-12,35.0,57,44,16.5,18.89,0.0,36.8
2009-09-13,33.8,57,78,17.5,16.89,0.0,36.0
2009-09-14,28.9,71,87,13.3,5.03,0.6,25.4
2009-09-15,26.6,61,67,8.5,16.81,0.0,28.8
2009-09-16,27.2,70,81,6.2,9.18,0.0,30.0
2009-09-17,27.5,73,88,7.6,6.74,0.0,28.9
2009-09-18,30.7,73,59,6.5,14.43,0.0,30.0
2009-09-19,28.2,82,91,9.0,7.55,10.1,26.8
2009-09-20,24.0,90,100,14.5,2.48,43.8,23.0
2009-09-21,22.3,83,95,6.3,6.8,2.4,24.9
2009-09-22,26.8,78,64,8.7,17.74,0.0,29.8
2009-09-23,28.7,68,34,11.1,21.71,0.0,31.7
2009-09-24,23.6,73,80,8.9,7.15,1.2,24.4
2009-09-25,24.1,79,89,9.9,10.81,0.9,24.4
2009-09-26,20.4,90,98,8.2,2.83,13.9,21.9
2009-09-27,24.8,83,72,5.7,11.05,4.5,26.7
2009-09-28,26.4,80,31,7.6,18.35,0.0,28.8
2009-09-29,28.0,72,9,8.0,20.72,0.0,30.6
2009-09-30,28.3,68,10,7.6,20.65,0.0,30.9
2009-10-01,28.8,67,8,6.6,20.11,0.0,31.5
2009-10-02,29.1,72,39,8.0,17.67,0.0,31.1
2009-10-03,26.8,79,88,10.9,10.91,9.3,24.0
2009-10-04,25.0,77,79,10.0,13.45,6.2,27.0
2009-10-05,27.5,76,50,11.1,19.61,0.0,29.6
2009-10-06,25.6,75,90,8.8,7.83,0.0,26.5
2009-10-07,24.3,74,100,7.7,4.49,0.0,23.0
2009-10-08,20.4,73,100,9.0,1.57,0.0,21.5
2009-10-09,18.3,85,100,8.5,1.77,1.4,18.7
2009-10-10,17.0,83,100,8.2,1.44,2.4,17.5
2009-10-11,17.1,86,100,5.7,1.77,1.0,18.7
2009-10-12,16.6,89,97,3.7,1.8,2.0,17.9
2009-10-13,17.1,90,96,3.7,2.48,1.0,18.0
2009-10-14,20.5,84,93,6.6,7.3,0.4,21.4
2009-10-15,21.7,82,99,4.5,6.56,0.3,20.7
2009-10-16,21.2,86,70,7.7,6.31,6.3,22.9
2009-10-17,23.3,81,61,6.5,12.64,0.0,24.9
2009-10-18,20.3,86,95,6.9,1.92,2.3,20.0
2009-10-19,18.4,79,97,10.2,1.9,5.4,19.0
2009-10-20,17.2,71,94,5.6,3.18,1.3,19.2
2009-10-21,18.2,75,75,4.8,7.03,1.6,19.7
2009-10-22,20.3,74,59,5.2,11.41,0.0,22.3
2009-10-23,22.4,73,42,7.1,14.44,0.0,24.0
2009-10-24,18.7,80,98,5.9,2.49,0.8,19.4
2009-10-25,20.0,87,93,7.4,5.76,0.7,19.6
2009-10-26,18.2,95,100,4.0,2.63,7.5,18.0
2009-10-27,18.9,90,80,6.6,3.87,1.6,17.6
2009-10-28,21.4,81,76,7.0,7.41,0.0,21.3
2009-10-29,20.8,87,81,7.1,3.52,4.3,22.1
2009-10-30,24.1,85,61,9.4,9.49,0.1,21.9
2009-10-31,19.4,89,97,11.3,2.15,17.9,20.2
2009-11-01,17.2,81,90,6.4,4.5,0.1,18.7
2009-11-02,19.3,79,88,9.8,9.49,0.1,22.0
2009-11-03,19.7,59,38,10.9,16.12,0.0,23.0
2009-11-04,20.0,65,46,6.5,14.61,0.0,22.0
2009-11-05,20.9,73,28,10.4,15.63,0.0,23.1
2009-11-06,22.6,73,65,9.2,13.45,0.0,20.6
2009-11-07,22.6,76,29,7.1,13.04,0.0,21.8
2009-11-08,23.7,82,26,7.9,12.67,0.0,20.4
2009-11-09,22.9,85,59,8.7,9.2,1.6,24.1
2009-11-10,23.6,78,35,14.8,10.46,0.9,22.3
2009-11-11,19.8,69,60,17.4,9.57,5.3,22.2
2009-11-12,13.1,81,100,14.2,0.75,6.6,17.6
2009-11-13,13.1,76,77,7.0,7.01,0.0,15.1
2009-11-14,14.0,77,67,6.9,6.74,0.0,13.4
2009-11-15,11.2,67,98,12.3,2.71,0.0,12.0
2009-11-16,7.9,73,100,11.7,1.92,2.3,8.9
2009-11-17,6.5,69,98,9.8,4.37,0.2,7.4
2009-11-18,5.4,83,96,6.4,1.81,3.7,6.0
2009-11-19,7.0,84,88,7.4,3.63,0.9,7.3
2009-11-20,9.7,73,80,7.1,8.04,0.0,9.2
2009-11-21,11.2,70,55,7.6,11.21,0.0,12.1
2009-11-22,13.4,72,15,9.4,14.43,0.0,13.1
2009-11-23,14.2,73,0,7.9,13.85,0.0,15.0
2009-11-24,15.1,74,1,8.0,13.44,0.0,16.0
2009-11-25,15.3,77,35,8.3,10.89,0.0,14.4
2009-11-26,11.0,91,94,8.1,1.38,3.5,11.8
2009-11-27,11.5,93,98,5.8,1.21,3.9,11.9
2009-11-28,12.0,91,95,7.6,2.01,1.3,12.7
2009-11-29,12.0,90,100,7.1,1.41,0.2,11.4
2009-11-30,10.9,90,100,7.9,1.23,0.2,12.3
2009-12-01,12.9,83,97,10.2,3.87,1.1,13.0
2009-12-02,14.3,79,95,8.9,5.44,0.7,15.8
2009-12-03,15.2,72,78,12.9,8.07,0.0,15.2
2009-12-04,15.2,67,72,8.1,8.21,0.0,15.0
2009-12-05,13.1,73,71,11.0,4.23,0.0,11.7
2009-12-06,11.3,65,100,7.4,1.55,0.0,11.5
2009-12-07,10.0,89,100,4.7,0.93,5.2,10.8
2009-12-08,11.6,90,95,8.7,2.97,0.7,12.2
2009-12-09,11.6,88,99,4.6,1.75,0.0,10.8
2009-12-10,15.2,80,43,15.3,11.82,0.0,15.6
2009-12-11,12.0,82,99,7.9,2.22,0.1,13.8
2009-12-12,11.7,87,98,5.6,1.35,1.9,11.5
2009-12-13,12.4,80,97,6.3,3.43,0.0,12.0
2009-12-14,10.5,78,100,7.3,1.49,0.6,11.6
2009-12-15,10.4,82,90,7.2,6.39,2.5,12.0
2009-12-16,8.3,75,91,9.1,2.5,0.2,10.0
2009-12-17,11.1,76,74,8.0,8.34,0.0,12.5
2009-12-18,9.8,76,90,7.2,4.4,1.7,11.5
2009-12-19,9.7,71,89,9.9,7.75,0.0,11.0
2009-12-20,11.8,71,48,9.8,11.83,0.0,13.1
2009-12-21,12.9,72,22,10.2,10.73,0.0,13.0
2009-12-22,12.4,75,50,9.2,8.45,0.0,10.3
2009-12-23,11.5,74,91,6.1,5.14,0.0,10.1
2009-12-24,12.9,75,88,6.2,5.57,0.0,11.5
2009-12-25,10.8,85,83,8.2,3.56,2.0,8.7
2009-12-26,13.7,72,74,13.7,8.91,0.2,12.3
2009-12-27,7.0,71,71,16.2,5.88,2.0,10.0
2009-12-28,12.1,76,14,9.1,12.44,0.0,11.1
2009-12-29,9.9,75,78,6.6,5.63,0.0,9.3
2009-12-30,11.2,78,71,8.2,8.07,0.0,8.2
2009-12-31,9.3,75,96,7.6,3.54,0.0,8.0
2010-01-01,10.9,69,78,6.5,8.45,0.0,10.6
2010-01-02,11.5,72,58,9.0,11.04,0.0,10.0
2010-01-03,12.9,79,23,11.5,12.87,0.0,12.6
2010-01-04,8.2,84,78,7.7,3.97,0.4,9.1
2010-01-05,7.8,88,99,7.0,2.14,5.6,8.4
2010-01-06,11.8,78,61,12.2,9.55,0.0,11.1
2010-01-07,10.5,78,82,7.8,6.51,0.0,12.4
2010-01-08,13.4,75,29,10.8,13.36,0.0,14.0
2010-01-09,10.3,79,85,6.6,3.34,0.0,10.6
2010-01-10,11.8,81,98,8.8,4.34,0.0,10.3
2010-01-11,9.0,86,99,9.8,2.66,5.0,9.3
2010-01-12,9.4,78,81,11.5,5.54,2.0,9.4
2010-01-13,11.3,72,50,9.5,9.0,0.0,10.4
2010-01-14,13.3,71,46,11.6,13.26,0.0,8.5
2010-01-15,10.2,76,95,10.0,4.18,0.3,10.1
2010-01-16,13.8,78,24,9.5,13.68,0.0,13.3
2010-01-17,14.0,77,45,9.5,10.79,0.0,14.8
2010-01-18,15.8,78,45,10.0,11.42,0.0,10.2
2010-01-19,13.1,82,96,6.8,4.63,0.0,11.0
2010-01-20,11.8,89,100,11.3,1.93,0.4,12.6
2010-01-21,12.6,70,81,10.6,8.81,0.0,14.2
2010-01-22,9.9,86,100,9.3,1.48,3.8,10.6
2010-01-23,10.2,66,67,8.4,7.28,0.3,8.9
2010-01-24,9.4,71,77,7.3,5.0,0.0,10.6
2010-01-25,12.3,73,58,8.2,10.04,0.0,13.0
2010-01-26,13.0,65,52,10.0,11.3,0.1,12.7
2010-01-27,13.7,62,42,10.6,12.7,0.0,15.3
2010-01-28,14.2,70,42,10.6,11.14,0.0,14.4
2010-01-29,14.4,75,81,8.7,5.16,0.0,16.3
2010-01-30,13.2,78,91,6.3,4.37,0.0,14.3
2010-01-31,15.7,75,55,9.4,9.91,0.0,17.0
2010-02-01,13.8,78,78,9.4,6.93,0.0,13.2
2010-02-02,12.2,73,87,7.4,3.65,0.5,12.2
2010-02-03,12.3,68,89,9.2,7.09,0.0,11.1
2010-02-04,13.1,68,68,7.4,9.39,0.2,12.2
2010-02-05,12.4,73,76,8.0,7.39,0.0,14.6
2010-02-06,13.5,75,66,9.5,5.88,0.0,16.8
2010-02-07,16.2,76,14,11.8,15.72,0.0,17.6
2010-02-08,16.0,78,49,10.6,10.24,0.0,18.0
2010-02-09,19.0,77,63,10.5,12.03,0.0,20.0
2010-02-10,16.0,86,100,7.6,3.34,4.2,18.0
2010-02-11,11.8,87,100,9.0,1.65,3.5,11.9
2010-02-12,8.4,78,91,7.3,4.5,2.4,7.5
2010-02-13,7.4,61,92,10.2,5.43,0.0,8.0
2010-02-14,8.9,69,80,6.4,9.01,1.3,8.4
2010-02-15,8.9,73,90,8.4,6.27,0.4,7.1
2010-02-16,9.3,67,75,9.8,9.45,0.4,7.9
2010-02-17,10.0,69,87,5.2,11.89,0.1,10.6
2010-02-18,7.3,82,98,5.4,5.86,6.8,7.0
2010-02-19,9.9,76,72,11.0,11.21,0.0,11.5
2010-02-20,12.7,72,26,8.4,17.15,0.0,12.5
2010-02-21,12.0,77,75,8.4,9.18,7.0,12.2
2010-02-22,14.6,78,45,7.3,16.47,0.0,14.9
2010-02-23,15.3,77,64,9.1,11.95,0.0,14.2
2010-02-24,16.1,78,82,7.1,9.56,0.0,15.0
2010-02-25,16.8,75,59,7.9,7.26,0.0,15.9
2010-02-26,21.0,76,23,9.2,16.55,0.0,19.7
2010-02-27,23.0,75,25,11.8,16.83,0.0,22.2
2010-02-28,23.3,74,58,8.3,13.6,0.0,23.7
2010-03-01,23.6,76,63,13.8,13.41,0.0,24.4
2010-03-02,16.8,76,71,11.1,5.77,0.9,18.7
2010-03-03,12.3,81,100,7.2,1.95,2.1,13.3
2010-03-04,15.9,76,96,11.6,10.53,0.0,13.3
2010-03-05,14.5,76,96,9.9,6.58,3.0,14.4
2010-03-06,13.0,73,98,9.5,5.65,2.6,11.1
2010-03-07,14.0,64,93,11.1,12.46,2.4,13.1
2010-03-08,9.3,77,98,10.0,4.04,5.6,10.3
2010-03-09,11.0,73,96,10.8,9.52,2.2,11.1
2010-03-10,14.1,70,64,10.6,17.46,0.0,15.7
2010-03-11,18.5,66,1,10.6,21.3,0.0,20.1
2010-03-12,19.9,66,31,9.9,20.64,0.0,21.4
2010-03-13,22.0,70,45,9.2,14.63,0.0,23.0
2010-03-14,16.8,87,90,8.5,2.88,6.4,16.6
2010-03-15,12.2,89,100,8.7,1.79,10.5,13.1
2010-03-16,17.4,77,58,9.4,17.46,0.3,19.6
2010-03-17,20.2,67,2,10.5,21.65,0.0,23.4
2010-03-18,23.9,68,1,10.1,22.61,0.0,27.1
2010-03-19,26.5,68,1,10.1,22.02,0.0,29.3
2010-03-20,27.3,65,4,8.0,22.11,0.0,30.0
2010-03-21,28.9,57,3,17.7,22.48,0.0,33.4
2010-03-22,26.5,63,45,17.3,13.93,0.0,26.0
2010-03-23,15.5,77,100,12.0,4.14,9.2,15.0
2010-03-24,11.3,89,98,13.6,1.91,13.6,11.8
2010-03-25,14.5,72,96,7.1,10.32,0.0,14.1
2010-03-26,18.7,67,65,13.3,18.5,0.2,19.4
2010-03-27,17.7,71,99,10.6,15.69,0.4,20.0
2010-03-28,20.7,67,94,11.3,12.19,0.0,19.2
2010-03-29,15.6,77,100,6.6,2.78,0.7,16.0
2010-03-30,15.2,83,98,5.4,4.63,1.7,15.7
2010-03-31,14.6,86,95,11.2,4.24,4.2,13.9
2010-04-01,12.3,85,100,11.8,2.43,6.1,13.7
2010-04-02,14.8,80,100,7.1,7.93,6.4,13.6
2010-04-03,17.1,74,97,8.4,13.31,1.0,18.1
2010-04-04,19.2,68,79,7.2,16.3,0.0,19.8
2010-04-05,21.9,74,57,7.8,17.01,0.0,19.6
2010-04-06,16.1,88,100,6.2,2.48,18.8,17.0
2010-04-07,14.9,89,100,8.5,3.6,7.3,14.8
2010-04-08,20.7,75,68,14.4,19.24,0.0,21.4
2010-04-09,21.3,75,76,11.1,18.75,0.0,19.4
2010-04-10,18.3,82,98,7.2,5.97,0.8,17.7
2010-04-11,17.4,90,91,5.2,2.9,13.0,17.1
2010-04-12,21.0,84,93,10.5,8.82,0.4,24.0
2010-04-13,14.5,76,100,12.7,2.34,4.0,17.0
2010-04-14,11.8,78,100,10.9,3.9,5.9,13.0
2010-04-15,15.4,72,88,8.7,14.93,0.0,16.9
2010-04-16,20.0,70,55,7.7,21.3,0.3,19.3
2010-04-17,21.0,73,88,7.9,13.95,0.0,20.3
2010-04-18,16.6,85,98,10.1,5.95,1.8,18.8
2010-04-19,23.4,81,70,7.7,18.02,0.0,23.0
2010-04-20,19.5,90,100,7.2,4.26,5.5,19.0
2010-04-21,21.4,80,100,10.4,9.5,11.9,21.2
2010-04-22,16.4,90,100,10.2,1.99,18.7,18.0
2010-04-23,19.6,76,96,8.9,15.23,0.0,22.0
2010-04-24,18.1,70,100,9.4,4.77,0.0,19.4
2010-04-25,16.2,80,100,6.0,4.07,6.3,18.0
2010-04-26,21.0,75,86,10.0,20.15,0.1,24.0
2010-04-27,24.3,69,66,9.4,26.42,0.0,27.1
2010-04-28,26.1,65,92,7.0,25.53,0.0,29.0
2010-04-29,29.0,65,37,10.0,25.85,0.0,32.0
2010-04-30,26.7,68,93,10.0,20.34,0.4,26.0
2010-05-01,27.0,73,75,7.2,23.78,0.2,30.0
2010-05-02,30.8,71,40,12.4,26.33,0.0,33.5
2010-05-03,28.0,72,98,17.2,12.26,2.6,30.3
2010-05-04,27.4,83,81,10.6,14.01,30.2,27.8
2010-05-05,30.1,80,79,7.7,23.39,1.8,31.6
2010-05-06,22.3,87,100,14.7,2.47,39.8,24.0
2010-05-07,19.8,80,99,6.9,7.2,0.8,20.6
2010-05-08,22.6,79,96,5.6,12.24,0.3,24.4
2010-05-09,21.7,82,93,6.8,7.99,4.5,23.8
2010-05-10,18.1,85,100,9.1,4.77,3.6,22.0
2010-05-11,22.1,82,86,6.9,11.85,0.0,21.3
2010-05-12,19.3,86,98,10.3,4.65,7.6,21.2
2010-05-13,19.4,89,100,5.2,2.92,9.6,20.2
2010-05-14,18.8,91,98,4.3,3.09,1.9,20.3
2010-05-15,23.4,79,94,10.5,11.31,0.0,22.3
2010-05-16,21.2,81,91,7.9,6.3,2.7,23.3
2010-05-17,24.7,80,70,7.6,14.32,0.0,26.2
2010-05-18,24.9,78,73,10.1,16.79,0.0,26.4
2010-05-19,19.1,88,100,11.0,2.04,8.8,19.0
2010-05-20,19.0,89,99,6.1,4.01,10.4,19.1
2010-05-21,19.8,90,100,9.0,4.14,1.4,21.8
2010-05-22,24.6,78,72,10.0,17.41,1.4,28.9
2010-05-23,28.7,71,5,10.7,28.13,0.0,32.9
2010-05-24,32.2,71,11,12.7,28.01,0.0,34.6
2010-05-25,29.3,67,99,10.7,14.16,0.0,29.0
2010-05-26,25.3,81,99,10.7,7.61,12.7,25.0
2010-05-27,21.1,90,100,11.3,3.15,18.7,21.9
2010-05-28,23.0,84,99,7.2,7.91,0.0,25.4
2010-05-29,27.0,82,67,5.8,22.42,0.5,30.2
2010-05-30,27.8,82,72,7.0,14.95,1.5,29.0
2010-05-31,22.3,84,100,15.9,3.91,22.8,23.0
2010-06-01,19.1,91,100,8.0,2.06,16.6,19.0
2010-06-02,21.2,86,96,7.9,7.9,5.7,22.9
2010-06-03,25.0,75,71,4.8,24.12,0.0,26.0
2010-06-04,27.3,74,98,9.2,22.12,0.0,30.1
2010-06-05,27.0,72,75,7.1,19.7,0.4,28.1
2010-06-06,21.8,86,100,13.0,4.18,4.0,23.0
2010-06-07,21.6,87,99,8.4,4.66,18.1,20.4
2010-06-08,24.6,84,83,7.2,9.15,5.3,25.6
2010-06-09,24.3,86,86,7.4,10.67,0.9,25.2
2010-06-10,22.1,90,99,6.9,5.57,8.0,27.0
2010-06-11,21.5,93,100,5.2,3.62,5.1,23.7
2010-06-12,22.7,88,96,5.8,6.54,0.8,25.2
2010-06-13,23.4,87,84,6.4,10.87,2.2,25.3
2010-06-14,27.0,76,67,6.6,21.34,0.4,31.4
2010-06-15,28.9,76,66,4.8,22.78,0.0,30.7
2010-06-16,30.2,81,77,6.6,20.83,1.4,26.0
2010-06-17,29.9,79,53,5.5,24.08,0.0,33.4
2010-06-18,31.8,75,58,7.9,25.46,0.1,35.0
2010-06-19,27.3,90,93,10.1,5.17,110.2,30.0
2010-06-20,27.6,83,87,9.5,15.7,0.0,29.0
2010-06-21,29.4,82,54,7.2,20.01,0.6,30.0
2010-06-22,30.6,78,89,7.0,21.79,0.0,31.3
2010-06-23,25.9,88,100,6.3,6.24,14.4,26.2
2010-06-24,28.2,86,95,7.7,20.33,1.0,29.6
2010-06-25,28.1,86,93,8.0,15.23,2.9,29.0
2010-06-26,29.4,80,97,10.2,14.84,0.1,27.6
2010-06-27,27.3,85,100,10.5,8.09,16.1,26.5
2010-06-28,27.4,87,98,5.9,9.04,2.0,27.8
2010-06-29,27.6,91,99,5.9,7.2,30.7,27.0
2010-06-30,32.0,84,93,9.2,20.12,0.9,34.3
2010-07-01,32.7,75,74,12.2,23.63,0.0,36.4
2010-07-02,34.0,73,84,10.9,24.24,0.0,37.3
2010-07-03,33.3,79,99,10.3,17.9,0.1,36.5
2010-07-04,29.9,88,100,13.2,12.31,8.0,31.0
2010-07-05,25.7,95,99,11.7,3.77,29.3,26.0
2010-07-06,30.0,83,80,5.6,20.6,0.2,30.3
2010-07-07,32.3,82,96,7.1,23.27,0.5,33.4
2010-07-08,30.9,87,100,9.9,15.17,21.3,31.0
2010-07-09,26.5,95,100,7.6,5.24,41.5,28.2
2010-07-10,24.5,93,100,14.3,2.43,80.8,26.0
2010-07-11,26.3,84,98,6.6,11.38,0.6,30.1
2010-07-12,30.2,81,98,5.6,22.33,0.0,32.3
2010-07-13,27.9,89,99,5.4,6.28,37.7,27.0
2010-07-14,32.5,84,97,8.4,20.22,3.3,34.0
2010-07-15,32.6,78,98,10.5,19.53,0.0,35.4
2010-07-16,33.0,81,98,9.4,20.43,0.0,33.8
2010-07-17,31.9,80,100,9.4,15.17,4.7,29.0
2010-07-18,29.0,88,99,11.4,13.4,22.9,30.9
2010-07-19,30.0,81,79,5.4,18.83,1.1,30.0
2010-07-20,31.0,82,17,7.3,21.53,0.4,34.3
2010-07-21,32.4,81,31,10.4,24.39,0.4,35.7
2010-07-22,32.3,76,88,12.3,21.21,0.0,35.6
2010-07-23,32.8,73,83,12.0,24.63,0.0,36.3
2010-07-24,32.0,75,84,12.0,21.88,3.0,34.7
2010-07-25,29.2,78,95,12.3,12.22,1.4,33.5
2010-07-26,31.0,81,89,8.0,20.7,0.0,35.0
2010-07-27,32.7,80,56,7.4,23.18,0.3,37.1
2010-07-28,33.7,79,39,8.7,24.82,0.0,37.2
2010-07-29,34.9,75,22,7.6,25.78,0.0,38.0
2010-07-30,35.1,75,25,8.2,25.96,0.0,40.0
2010-07-31,34.5,73,64,8.9,23.15,0.0,39.0
2010-08-01,33.1,80,53,10.9,22.7,4.0,37.7
2010-08-02,33.7,78,32,11.6,23.2,0.7,33.0
2010-08-03,34.8,74,11,11.9,25.55,0.0,36.9
2010-08-04,35.3,68,10,8.4,25.04,0.0,38.9
2010-08-05,34.8,74,29,11.0,23.07,2.3,35.2
2010-08-06,32.8,78,82,8.1,21.03,0.4,31.9
2010-08-07,34.1,71,20,10.1,24.3,0.0,36.0
2010-08-08,34.4,66,9,8.8,24.56,0.0,36.4
2010-08-09,36.6,64,14,10.0,24.12,0.0,38.0
2010-08-10,37.7,62,16,11.9,24.57,0.0,39.3
2010-08-11,38.7,50,82,17.8,25.61,0.0,41.0
2010-08-12,38.8,52,80,14.4,25.1,0.0,39.4
2010-08-13,38.3,49,60,13.6,24.29,0.0,39.6
2010-08-14,37.2,59,75,10.0,21.3,4.7,37.0
2010-08-15,27.5,88,83,10.8,5.5,12.8,28.6
2010-08-16,30.9,78,42,6.2,16.44,0.4,32.3
2010-08-17,34.4,70,85,11.8,21.49,0.0,36.4
2010-08-18,35.4,59,81,17.1,23.68,0.0,36.3
2010-08-19,35.7,54,99,13.6,22.22,0.0,36.5
2010-08-20,35.7,61,79,13.8,21.06,3.3,34.0
2010-08-21,34.2,67,99,13.0,13.64,0.8,34.0
2010-08-22,26.3,78,87,17.6,7.22,4.1,26.9
2010-08-23,28.3,75,96,11.2,10.91,0.1,26.3
2010-08-24,25.7,75,99,8.6,8.45,2.0,24.3
2010-08-25,25.2,79,98,9.7,8.1,0.8,24.8
2010-08-26,21.3,90,100,5.1,1.83,13.9,22.0
2010-08-27,28.1,77,53,4.2,18.71,0.2,30.0
2010-08-28,30.2,67,18,10.0,22.68,0.0,32.3
2010-08-29,32.6,60,16,11.0,24.88,0.0,34.4
2010-08-30,32.8,57,90,9.6,19.24,0.0,33.8
2010-08-31,26.2,79,97,13.8,5.79,5.3,27.0
2010-09-01,22.2,90,100,4.3,2.67,4.3,22.4
2010-09-02,26.0,81,80,6.1,9.97,0.4,25.0
2010-09-03,29.5,71,35,5.0,18.08,0.0,30.0
2010-09-04,31.3,66,91,8.0,17.25,0.0,30.6
2010-09-05,25.0,86,99,9.5,4.37,30.3,26.0
2010-09-06,24.3,94,98,6.9,4.17,20.9,23.8
2010-09-07,27.1,87,80,5.4,10.45,3.1,28.0
2010-09-08,30.2,80,46,8.0,19.92,0.2,33.0
2010-09-09,26.5,84,99,11.7,6.42,4.2,27.0
2010-09-10,24.1,81,100,10.4,5.57,0.3,25.0
2010-09-11,26.1,84,78,8.2,8.82,0.3,28.9
2010-09-12,28.5,80,67,9.2,15.42,0.0,29.4
2010-09-13,28.7,78,64,7.3,11.78,0.0,29.2
2010-09-14,31.5,73,24,11.6,19.86,0.2,33.7
2010-09-15,32.6,72,9,15.2,21.09,0.0,34.9
2010-09-16,33.9,65,7,15.0,21.99,0.0,37.3
2010-09-17,35.1,62,8,12.2,21.83,0.0,38.0
2010-09-18,35.9,63,7,10.9,21.61,0.0,38.0
2010-09-19,36.8,62,10,10.5,20.93,0.0,38.4
2010-09-20,37.8,56,11,16.5,21.48,0.0,39.0
2010-09-21,35.6,59,42,16.9,19.02,0.7,36.6
2010-09-22,26.3,78,98,9.7,7.16,7.5,28.0
2010-09-23,24.2,73,96,10.5,6.63,0.2,23.8
2010-09-24,26.6,52,93,13.6,13.64,0.1,28.2
2010-09-25,20.9,84,100,4.7,1.27,7.8,20.6
2010-09-26,18.9,90,88,7.1,1.9,4.5,19.2
2010-09-27,22.7,82,87,6.1,6.86,0.5,21.1
2010-09-28,20.1,90,99,5.2,1.75,6.7,20.3
2010-09-29,23.6,81,86,8.4,9.07,0.0,20.0
2010-09-30,22.3,76,100,8.8,4.54,0.0,20.6
2010-10-01,19.4,85,100,6.5,2.04,5.1,19.6
2010-10-02,23.9,81,80,8.1,11.51,0.8,24.6
2010-10-03,24.5,77,76,7.7,13.82,0.0,26.0
2010-10-04,25.4,73,64,7.1,15.14,0.0,23.0
2010-10-05,25.8,71,69,6.0,16.28,0.0,24.0
2010-10-06,20.5,83,98,6.5,3.38,3.1,20.2
2010-10-07,22.4,83,94,5.2,7.93,0.2,21.8
2010-10-08,26.6,75,62,9.0,16.54,0.0,25.6
2010-10-09,25.7,78,87,11.0,8.84,3.9,25.0
2010-10-10,21.0,89,98,9.0,3.49,13.9,20.0
2010-10-11,19.3,76,95,10.7,3.14,0.2,20.2
2010-10-12,18.3,89,100,5.0,1.74,9.2,19.6
2010-10-13,18.0,94,100,4.0,1.35,11.4,18.7
2010-10-14,19.5,90,99,6.4,3.98,11.0,19.4
2010-10-15,22.5,82,98,4.8,11.21,0.5,22.7
2010-10-16,25.5,74,44,9.0,18.17,0.0,27.0
2010-10-17,24.5,73,67,8.2,12.63,0.9,25.2
2010-10-18,23.3,79,98,6.3,11.5,2.1,23.0
2010-10-19,24.8,71,57,4.0,15.59,0.0,25.0
2010-10-20,25.2,76,22,4.7,16.33,0.0,27.0
2010-10-21,26.7,72,9,14.6,17.81,0.0,28.3
2010-10-22,24.9,69,0,15.3,18.09,0.0,27.6
2010-10-23,24.2,70,26,9.5,15.7,0.0,26.0
2010-10-24,21.0,75,96,7.6,3.37,0.4,21.0
2010-10-25,17.3,93,100,11.3,1.15,12.4,17.0
2010-10-26,12.1,92,100,6.6,1.02,12.1,13.1
2010-10-27,13.5,76,90,7.9,4.52,3.2,12.5
2010-10-28,13.5,79,93,6.2,3.74,2.2,13.4
2010-10-29,16.6,71,80,5.4,11.5,0.5,15.6
2010-10-30,17.5,72,21,9.5,15.43,0.0,18.0
2010-10-31,20.7,71,25,10.1,16.7,0.0,22.0
2010-11-01,17.4,78,72,8.0,8.9,0.0,18.3
2010-11-02,14.3,91,100,2.9,1.69,2.6,14.8
2010-11-03,16.0,87,75,6.9,5.36,2.4,15.7
2010-11-04,18.2,80,65,7.7,11.11,0.0,16.8
2010-11-05,19.3,75,15,9.4,15.65,0.0,19.0
2010-11-06,21.6,72,24,9.7,14.93,0.0,21.0
2010-11-07,16.7,81,95,7.0,2.52,0.0,17.6
2010-11-08,19.1,80,73,5.5,6.79,0.5,19.2
2010-11-09,21.4,78,54,9.7,12.52,0.0,21.2
2010-11-10,22.4,77,12,9.2,14.36,0.0,21.5
2010-11-11,21.8,74,35,8.1,12.86,1.0,22.1
2010-11-12,22.2,75,32,13.0,14.22,2.1,23.3
2010-11-13,19.2,82,86,8.4,7.52,8.7,18.1
2010-11-14,17.8,86,97,10.3,5.26,10.1,17.0
2010-11-15,12.3,87,99,7.4,1.38,13.3,12.9
2010-11-16,15.0,82,94,6.6,5.5,0.1,16.6
2010-11-17,16.8,77,90,6.5,8.1,0.0,15.1
2010-11-18,16.8,79,81,11.2,5.89,0.6,18.7
2010-11-19,16.2,80,74,11.1,9.05,0.0,15.7
2010-11-20,17.0,79,64,7.9,9.14,0.0,16.3
2010-11-21,15.0,81,85,9.2,6.29,1.1,15.3
2010-11-22,18.1,74,55,12.3,10.23,0.0,16.3
2010-11-23,17.8,68,56,12.1,11.53,0.0,17.1
2010-11-24,15.7,77,72,9.9,6.47,0.6,15.2
2010-11-25,18.0,72,48,8.8,10.38,0.0,18.0
2010-11-26,17.4,67,75,6.8,8.47,0.0,18.0
2010-11-27,16.1,79,91,4.7,4.77,2.7,14.4
2010-11-28,13.6,91,94,4.3,2.95,2.9,14.0
2010-11-29,14.0,91,90,5.8,3.44,0.4,13.7
2010-11-30,15.5,87,84,6.1,6.38,2.2,16.1
2010-12-01,16.6,80,64,5.0,9.35,0.0,14.0
2010-12-02,16.0,81,42,8.0,10.72,0.0,13.0
2010-12-03,17.8,76,25,9.9,12.82,0.0,15.0
2010-12-04,16.6,78,24,9.4,11.11,0.0,15.0
2010-12-05,16.8,77,62,8.4,9.55,0.0,14.0
2010-12-06,14.0,73,95,9.7,4.53,0.1,13.0
2010-12-07,12.7,63,33,6.9,10.79,0.0,14.0
2010-12-08,14.3,69,15,10.9,13.16,0.0,15.0
2010-12-09,15.8,66,55,8.9,11.17,0.0,11.0
2010-12-10,12.8,71,97,5.0,3.72,0.4,12.0
2010-12-11,11.5,84,93,4.8,2.73,1.0,11.0
2010-12-12,10.8,76,97,6.1,2.53,0.0,10.0
2010-12-13,14.1,78,79,8.1,7.95,5.0,12.0
2010-12-14,12.1,76,79,11.2,2.39,1.0,11.0
2010-12-15,7.8,87,100,16.3,1.5,18.6,9.0
2010-12-16,5.1,65,24,11.5,12.19,0.2,4.0
2010-12-17,8.0,64,0,9.7,13.19,0.0,8.0
2010-12-18,7.6,65,53,8.6,8.23,0.0,8.1
2010-12-19,10.7,70,37,9.2,10.32,0.0,9.0
2010-12-20,11.5,74,17,7.2,9.82,0.0,12.0
2010-12-21,12.9,74,12,11.6,12.83,0.0,14.0
2010-12-22,13.9,74,24,10.2,12.43,0.0,11.0
2010-12-23,10.6,83,96,5.0,2.35,3.2,9.0
2010-12-24,9.2,90,100,7.4,2.13,13.7,8.0
2010-12-25,8.1,80,93,7.9,3.65,3.5,6.0
2010-12-26,9.8,82,35,9.5,11.39,0.0,7.0
2010-12-27,11.4,75,15,9.2,12.55,0.0,10.0
2010-12-28,8.9,80,71,7.9,5.28,0.0,8.0
2010-12-29,8.2,87,98,6.1,1.78,0.5,8.0
2010-12-30,10.4,80,83,10.7,5.51,1.7,8.0
2010-12-31,9.0,78,92,7.4,2.48,0.0,8.0
2011-01-01,5.3,73,96,13.3,2.34,2.4,7.0
2011-01-02,4.4,65,89,11.3,5.67,0.1,3.0
2011-01-03,5.1,68,78,9.6,6.41,0.0,5.0
2011-01-04,7.1,68,85,7.2,7.62,0.0,5.0
2011-01-05,5.6,77,95,7.1,2.96,0.0,5.0
2011-01-06,7.0,81,83,9.3,5.33,2.0,4.0
2011-01-07,8.5,61,25,8.6,13.25,0.0,9.0
2011-01-08,6.8,69,71,8.7,5.64,0.0,6.0
2011-01-09,7.8,75,90,11.3,5.37,1.7,5.0
2011-01-10,5.0,57,93,8.7,3.15,0.0,5.0
2011-01-11,7.1,66,65,9.4,10.01,0.0,3.0
2011-01-12,9.8,68,37,10.1,13.4,0.0,5.0
2011-01-13,6.9,73,96,7.2,5.42,0.0,4.0
2011-01-14,7.6,82,97,5.6,3.88,2.9,4.0
2011-01-15,7.5,85,85,12.4,4.81,3.4,6.0
2011-01-16,6.6,62,86,12.0,6.71,0.0,6.0
2011-01-17,3.3,68,98,9.4,4.7,0.5,4.0
2011-01-18,5.8,68,92,7.7,7.92,0.0,4.0
2011-01-19,3.4,79,94,6.2,4.54,0.8,2.0
2011-01-20,5.2,78,94,6.3,6.08,0.0,4.0
2011-01-21,7.1,73,63,9.7,10.02,0.0,6.0
2011-01-22,5.9,74,90,6.1,5.73,0.0,6.0
2011-01-23,7.5,76,81,5.8,7.74,0.0,5.0
2011-01-24,9.4,69,67,8.2,12.5,0.0,8.0
2011-01-25,8.8,64,71,8.5,8.62,0.0,8.0
2011-01-26,8.6,64,60,9.4,7.73,0.0,8.0
2011-01-27,7.3,66,87,8.0,5.89,0.0,7.0
2011-01-28,9.2,67,83,6.1,12.01,0.0,6.0
2011-01-29,8.6,69,88,9.8,6.67,0.7,7.0
2011-01-30,8.3,59,80,8.4,10.0,0.0,8.0
2011-01-31,7.7,58,46,7.2,10.59,0.0,6.0
2011-02-01,8.5,68,71,7.6,10.95,0.0,10.0
2011-02-02,11.5,70,3,10.1,15.93,0.0,12.0
2011-02-03,12.3,68,36,8.0,14.11,0.0,10.0
2011-02-04,11.9,74,64,9.7,10.44,0.0,9.0
2011-02-05,14.8,74,34,9.7,15.17,0.0,14.0
2011-02-06,11.4,76,87,7.2,4.29,0.0,11.0
2011-02-07,12.1,86,92,9.7,4.42,1.7,11.0
2011-02-08,14.5,84,87,12.6,6.03,0.2,13.0
2011-02-09,12.5,92,100,11.0,1.61,5.1,12.0
2011-02-10,10.8,92,99,6.9,1.81,2.0,10.0
2011-02-11,9.7,80,98,9.1,2.74,5.2,9.0
2011-02-12,8.0,71,97,11.7,6.68,2.3,8.0
2011-02-13,10.9,69,76,5.2,11.2,0.0,12.0
2011-02-14,11.6,64,64,16.1,9.49,0.0,9.0
2011-02-15,7.8,59,97,13.0,4.8,0.0,8.0
2011-02-16,11.1,66,81,6.3,11.48,0.0,9.0
2011-02-17,11.7,68,75,7.6,9.96,0.0,12.0
2011-02-18,10.6,67,98,10.6,4.31,0.1,11.0
2011-02-19,11.2,76,94,5.8,8.15,0.9,10.0
2011-02-20,13.0,72,79,8.9,9.78,0.2,12.0
2011-02-21,14.0,69,82,8.0,8.2,0.0,14.0
2011-02-22,10.9,80,95,8.2,3.5,0.7,11.0
2011-02-23,17.4,77,41,10.7,17.57,0.0,19.0
2011-02-24,21.1,73,9,10.5,18.3,0.0,22.0
2011-02-25,19.5,78,62,10.9,8.86,0.0,21.0
2011-02-26,21.1,83,74,11.4,7.72,3.8,24.0
2011-02-27,20.8,81,38,8.8,10.87,0.0,22.0
2011-02-28,14.1,88,99,8.6,2.57,3.2,15.0
2011-03-01,14.1,74,80,10.9,8.22,1.4,14.0
2011-03-02,12.4,72,83,11.6,5.73,0.0,13.0
2011-03-03,12.6,72,91,10.0,6.85,0.1,11.0
2011-03-04,11.1,62,83,12.6,5.8,0.7,11.0
2011-03-05,13.8,64,72,8.5,9.93,0.0,14.0
2011-03-06,15.8,64,79,9.7,11.66,0.0,18.0
2011-03-07,17.1,65,63,9.6,16.03,0.0,18.0
2011-03-08,18.9,62,60,9.1,17.73,0.4,19.0
2011-03-09,16.7,71,96,8.3,9.64,0.5,16.0
2011-03-10,14.0,68,96,8.0,7.26,0.1,12.0
2011-03-11,15.1,71,88,6.0,10.37,0.2,13.0
2011-03-12,17.8,67,63,9.2,15.52,0.0,20.0
2011-03-13,19.3,68,75,10.4,11.99,0.0,21.0
2011-03-14,14.7,70,77,19.8,5.56,3.2,16.0
2011-03-15,11.1,68,100,13.5,15.48,7.7,10.0
2011-03-16,14.3,55,100,7.9,20.52,0.0,15.0
2011-03-17,17.8,57,96,12.2,18.15,0.0,18.0
2011-03-18,19.2,57,46,8.9,17.46,0.0,20.0
2011-03-19,16.9,73,99,9.0,5.18,0.1,16.0
2011-03-20,12.5,91,100,11.7,2.51,10.4,11.0
2011-03-21,9.1,89,100,10.0,1.58,15.9,9.0
2011-03-22,6.7,85,100,9.5,4.93,9.0,6.0
2011-03-23,7.8,84,87,9.2,5.17,0.6,7.0
2011-03-24,9.2,81,98,5.9,5.54,1.4,8.0
2011-03-25,11.4,79,100,4.7,8.97,1.2,10.0
2011-03-26,12.4,78,95,6.0,10.57,0.3,11.0
2011-03-27,15.6,72,58,10.1,17.61,0.0,17.0
2011-03-28,17.2,63,46,8.4,17.47,0.0,19.0
2011-03-29,20.7,66,25,10.9,19.57,0.0,22.0
2011-03-30,21.4,67,91,10.8,12.4,0.0,20.0
2011-03-31,21.4,68,80,7.5,13.51,0.0,23.0
2011-04-01,17.3,84,92,8.9,4.42,0.0,16.0
2011-04-02,14.8,92,97,9.3,2.67,4.6,15.0
2011-04-03,14.2,87,100,10.4,2.48,2.3,14.0
2011-04-04,14.7,67,91,10.0,7.56,0.0,14.0
2011-04-05,16.2,64,98,11.6,8.27,0.0,15.0
2011-04-06,14.7,80,93,7.7,4.78,0.0,17.0
2011-04-07,17.1,81,80,7.4,8.8,4.7,15.0
2011-04-08,15.6,86,86,6.0,5.9,1.8,14.0
2011-04-09,15.9,84,92,6.8,6.72,0.0,17.0
2011-04-10,21.0,77,85,7.6,16.45,1.4,23.0
2011-04-11,18.5,82,89,9.2,4.58,3.1,19.0
2011-04-12,19.5,81,82,8.7,10.28,6.9,19.0
2011-04-13,21.6,79,79,5.8,12.36,0.0,23.0
2011-04-14,21.1,83,78,6.7,6.13,0.0,21.0
2011-04-15,21.5,87,98,5.9,8.98,5.5,19.0
2011-04-16,19.2,93,99,8.4,3.42,9.1,17.0
2011-04-17,23.8,79,82,8.4,17.56,0.0,24.0
2011-04-18,26.7,68,55,9.1,24.47,0.0,27.0
2011-04-19,23.6,66,87,16.2,9.85,0.6,24.0
2011-04-20,25.5,67,92,12.6,13.08,0.0,27.0
2011-04-21,19.4,84,92,8.4,4.94,19.1,19.0
2011-04-22,24.9,72,82,8.7,23.13,0.0,25.0
2011-04-23,26.0,65,95,11.5,22.26,0.0,27.0
2011-04-24,25.8,62,71,11.2,23.72,0.0,27.0
2011-04-25,27.2,61,69,6.1,25.87,0.0,30.0
2011-04-26,29.1,65,22,9.4,26.68,0.0,32.0
2011-04-27,30.5,63,26,10.7,26.17,0.0,34.0
2011-04-28,32.0,68,98,11.8,23.71,0.0,32.0
2011-04-29,31.4,64,82,15.9,22.16,0.0,32.0
2011-04-30,31.4,72,76,10.0,23.58,0.0,33.0
2011-05-01,30.9,70,71,16.6,20.67,1.4,33.0
2011-05-02,21.2,79,100,10.4,4.3,14.0,21.0
2011-05-03,21.7,69,95,9.4,18.75,0.0,22.0
2011-05-04,24.9,68,84,8.7,25.33,0.0,26.0
2011-05-05,29.4,70,65,10.7,26.62,0.0,30.0
2011-05-06,31.5,71,12,10.7,24.81,0.0,32.0
2011-05-07,33.1,69,7,13.2,25.92,0.0,35.0
2011-05-08,34.5,66,17,15.5,25.51,0.2,35.0
2011-05-09,35.1,63,36,16.9,23.77,0.0,36.0
2011-05-10,26.5,78,81,15.8,5.34,13.5,31.0
2011-05-11,26.2,77,81,8.7,11.13,1.6,26.0
2011-05-12,24.5,76,89,10.9,8.71,1.3,25.0
2011-05-13,24.4,74,93,15.5,7.92,0.0,23.0
2011-05-14,20.3,77,100,13.3,2.75,8.3,18.0
2011-05-15,19.2,81,99,6.8,5.4,5.2,19.0
2011-05-16,26.8,74,80,6.4,25.9,0.0,28.0
2011-05-17,31.2,68,31,6.1,27.76,0.0,34.0
2011-05-18,33.9,64,3,11.5,28.84,0.0,36.0
2011-05-19,35.1,61,15,13.4,28.27,0.0,37.0
2011-05-20,32.4,56,81,13.9,21.05,0.0,33.0
2011-05-21,26.1,84,100,17.9,3.1,52.9,30.0
2011-05-22,14.9,84,99,14.4,2.68,4.8,15.0
2011-05-23,20.8,73,74,7.3,18.22,0.0,22.0
2011-05-24,18.7,81,90,6.6,3.93,0.0,21.0
2011-05-25,24.3,73,67,6.5,21.19,0.0,26.0
2011-05-26,27.3,70,48,5.2,26.77,0.0,28.0
2011-05-27,30.8,68,13,11.6,27.98,0.0,32.0
2011-05-28,32.1,64,54,14.0,26.33,0.0,33.0
2011-05-29,29.9,64,77,13.0,16.37,0.0,30.0
2011-05-30,23.5,86,95,11.4,8.37,11.8,23.0
2011-05-31,22.0,78,100,12.9,12.83,9.1,29.0
2011-06-01,26.4,72,90,7.4,21.56,0.0,27.0
2011-06-02,23.5,72,70,9.0,11.69,0.0,24.0
2011-06-03,23.0,77,77,10.4,10.68,0.0,22.0
2011-06-04,26.5,74,82,6.8,20.4,0.0,26.0
2011-06-05,24.1,82,95,5.4,9.1,3.1,23.0
2011-06-06,27.0,77,78,5.1,16.28,4.3,26.0
2011-06-07,30.3,73,52,8.1,26.64,0.0,30.0
2011-06-08,33.2,72,29,11.0,28.16,0.0,35.0
2011-06-09,29.4,78,85,15.1,14.38,8.8,29.0
2011-06-10,27.8,77,91,13.1,16.67,0.1,28.0
2011-06-11,25.5,79,94,7.2,8.56,0.3,26.0
2011-06-12,28.9,75,95,9.1,21.84,0.0,30.0
2011-06-13,25.0,90,97,11.0,6.09,31.4,24.0
2011-06-14,27.7,79,66,8.0,20.08,9.5,28.0
2011-06-15,29.9,77,39,7.2,25.34,0.0,31.0
2011-06-16,32.6,73,80,12.8,26.25,0.9,33.0
2011-06-17,26.1,88,95,10.8,4.87,40.8,29.0
2011-06-18,28.6,80,73,6.8,18.97,0.0,28.0
2011-06-19,30.1,77,65,11.3,20.46,0.0,31.0
2011-06-20,31.9,73,87,13.0,21.07,0.6,32.0
2011-06-21,32.1,76,99,13.1,18.29,1.3,34.0
2011-06-22,27.6,91,100,9.7,10.08,27.3,27.0
2011-06-23,24.5,92,83,12.1,4.84,53.0,26.0
2011-06-24,31.5,78,27,7.2,27.49,0.0,33.0
2011-06-25,33.3,78,94,9.7,23.49,0.0,35.0
2011-06-26,31.4,74,78,10.7,20.48,0.0,34.0
2011-06-27,28.0,78,70,13.2,15.96,0.3,29.0
2011-06-28,31.3,74,0,7.2,28.16,0.0,33.0
2011-06-29,33.3,72,7,10.2,26.81,0.0,35.0
2011-06-30,33.1,71,25,11.5,26.33,0.0,36.0
2011-07-01,33.4,70,76,16.2,24.27,0.1,36.0
2011-07-02,34.3,61,86,21.8,25.65,0.0,36.0
2011-07-03,34.8,63,96,12.8,24.19,0.0,36.0
2011-07-04,34.8,67,93,11.8,22.86,0.0,37.0
2011-07-05,35.7,65,100,11.9,24.76,0.0,37.0
2011-07-06,32.2,73,100,14.3,18.28,1.6,33.0
2011-07-07,27.7,78,83,11.3,15.93,17.9,29.0
2011-07-08,31.5,75,87,7.9,27.09,0.0,35.0
2011-07-09,33.6,66,88,9.6,27.07,0.0,36.0
2011-07-10,33.2,59,97,15.6,20.23,0.0,36.0
2011-07-11,24.7,76,100,10.2,4.72,1.4,26.0
2011-07-12,22.4,82,100,7.1,5.47,4.6,23.0
2011-07-13,21.4,91,99,5.4,3.03,15.2,21.0
2011-07-14,25.9,81,100,6.4,14.04,0.0,26.0
2011-07-15,29.4,74,96,5.9,23.37,0.3,31.0
2011-07-16,30.7,72,84,8.3,24.04,0.2,32.0
2011-07-17,31.5,70,60,10.7,22.75,0.1,27.0
2011-07-18,31.5,74,17,8.0,25.97,0.0,33.0
2011-07-19,33.7,67,5,10.1,26.98,0.0,35.0
2011-07-20,36.4,61,11,10.8,27.01,0.0,38.0
2011-07-21,36.9,58,68,12.3,22.22,0.3,35.0
2011-07-22,29.9,80,58,11.4,15.61,7.5,32.0
2011-07-23,32.4,79,57,9.7,21.36,6.9,35.0
2011-07-24,33.8,72,40,10.4,22.56,0.3,35.0
2011-07-25,35.5,70,39,7.0,24.57,0.0,35.0
2011-07-26,36.3,69,68,13.0,21.68,0.8,36.0
2011-07-27,35.5,74,47,10.8,22.28,6.0,36.0
2011-07-28,37.4,65,97,15.0,23.94,0.3,38.0
2011-07-29,37.7,53,100,11.8,22.14,0.0,37.0
2011-07-30,32.8,63,99,15.5,17.01,0.0,30.0
2011-07-31,33.3,66,94,10.7,19.67,0.0,34.0
2011-08-01,27.4,84,85,8.4,8.07,2.9,28.0
2011-08-02,30.1,73,77,8.9,15.63,2.8,30.0
2011-08-03,30.5,67,91,13.6,14.32,0.9,31.0
2011-08-04,26.5,83,100,11.0,8.85,9.6,26.0
2011-08-05,26.3,86,94,6.9,11.26,27.7,24.0
2011-08-06,29.9,75,68,6.4,20.96,0.0,33.0
2011-08-07,30.8,73,79,5.6,17.42,0.0,33.0
2011-08-08,32.9,68,38,5.8,22.9,0.0,35.0
2011-08-09,34.5,68,9,9.1,25.21,0.0,36.0
2011-08-10,35.5,67,15,7.8,24.08,0.2,37.0
2011-08-11,36.3,65,24,10.9,23.08,0.8,37.0
2011-08-12,37.3,58,29,14.1,23.81,0.0,38.0
2011-08-13,38.5,53,15,13.5,25.37,0.0,38.0
2011-08-14,39.0,50,32,13.2,24.21,0.0,38.0
2011-08-15,39.3,46,25,15.0,23.84,0.0,39.0
2011-08-16,39.6,40,59,15.8,24.78,0.0,40.0
2011-08-17,40.4,34,63,19.6,25.03,0.0,41.0
2011-08-18,39.9,35,24,18.2,24.16,0.0,41.0
2011-08-19,38.3,41,48,18.7,24.35,0.0,39.0
2011-08-20,38.5,39,82,16.4,24.1,0.0,39.0
2011-08-21,37.8,39,89,14.0,19.81,0.0,36.0
2011-08-22,34.8,62,72,19.0,19.56,0.8,32.0
2011-08-23,31.3,65,61,10.1,19.05,11.2,32.0
2011-08-24,32.8,62,22,8.5,24.05,0.0,35.0
2011-08-25,34.1,56,43,10.5,22.19,0.6,35.0
2011-08-26,33.9,62,33,8.8,21.26,2.1,35.0
2011-08-27,34.6,55,18,9.7,22.21,0.0,37.0
2011-08-28,36.2,50,16,11.8,22.72,0.0,36.0
2011-08-29,37.6,48,6,12.0,23.89,0.0,38.0
2011-08-30,38.6,45,3,10.5,24.35,0.0,39.0
2011-08-31,38.6,43,8,12.3,22.9,0.0,38.0
2011-09-01,38.0,44,3,11.6,23.45,0.0,38.0
2011-09-02,38.3,41,45,10.9,23.3,0.0,38.0
2011-09-03,37.4,46,88,12.3,19.6,0.0,38.0
2011-09-04,37.9,50,78,11.5,20.01,0.0,38.0
2011-09-05,39.0,44,56,17.3,21.87,0.0,39.0
2011-09-06,39.5,45,88,19.1,18.61,0.0,38.0
2011-09-07,29.6,60,94,16.6,9.05,0.1,28.0
2011-09-08,23.1,76,100,7.1,3.0,3.7,22.0
2011-09-09,23.4,86,90,7.6,6.42,13.9,21.0
2011-09-10,25.5,78,82,9.5,5.0,3.2,24.0
2011-09-11,32.4,60,75,22.1,19.79,0.0,34.0
2011-09-12,30.4,63,73,11.4,14.03,0.0,29.0
2011-09-13,32.6,69,76,12.0,17.72,0.7,30.0
2011-09-14,30.6,69,67,8.0,14.04,0.7,28.0
2011-09-15,30.5,78,47,7.5,16.62,4.4,31.0
2011-09-16,36.1,62,36,13.0,20.57,0.7,36.0
2011-09-17,35.6,53,98,11.8,15.63,0.5,35.0
2011-09-18,25.9,89,100,11.7,3.14,9.2,22.0
2011-09-19,16.8,80,100,10.5,2.02,2.7,17.0
2011-09-20,16.4,86,100,4.2,1.53,5.9,16.0
2011-09-21,18.1,82,99,4.8,4.06,0.5,17.0
2011-09-22,16.9,86,100,6.5,1.45,3.1,16.0
2011-09-23,19.9,75,93,8.7,8.16,0.0,19.0
2011-09-24,24.2,71,65,8.1,18.18,0.0,23.0
2011-09-25,26.9,60,78,7.3,18.89,0.0,27.0
2011-09-26,26.7,69,97,8.2,12.4,0.0,25.0
2011-09-27,27.5,63,91,14.8,9.0,0.0,25.0
2011-09-28,21.7,85,96,9.1,2.29,4.5,20.0
2011-09-29,20.7,84,96,5.1,2.3,2.8,21.0
2011-09-30,21.1,86,96,4.2,3.42,0.9,21.0
2011-10-01,18.8,90,100,6.3,3.27,20.5,18.0
2011-10-02,18.4,92,100,5.8,2.24,17.9,19.0
2011-10-03,20.5,84,94,5.8,7.6,0.4,21.0
2011-10-04,20.1,77,81,7.4,7.44,0.0,21.0
2011-10-05,22.1,73,60,6.1,12.78,0.0,23.0
2011-10-06,24.7,73,25,8.1,17.82,0.0,26.0
2011-10-07,26.6,70,19,9.4,17.6,0.0,27.0
2011-10-08,29.3,69,19,11.7,18.14,0.0,30.0
2011-10-09,27.0,74,58,8.7,12.74,0.1,27.0
2011-10-10,27.8,81,60,7.1,12.27,6.1,24.0
2011-10-11,25.5,85,83,7.8,7.68,7.1,23.0
2011-10-12,25.2,84,81,7.6,9.46,4.3,23.0
2011-10-13,21.0,91,90,11.5,3.34,20.5,21.0
2011-10-14,23.3,78,68,13.0,14.63,1.3,22.0
2011-10-15,20.0,79,97,10.9,7.21,0.1,19.0
2011-10-16,22.0,70,75,8.3,12.65,0.0,22.0
2011-10-17,23.6,65,28,6.5,17.78,0.0,25.0
2011-10-18,21.9,71,94,7.8,4.72,0.0,23.0
2011-10-19,18.7,78,99,10.5,2.72,5.1,20.0
2011-10-20,18.5,85,95,4.7,3.7,5.0,16.0
2011-10-21,18.8,81,88,7.1,5.17,0.0,18.0
2011-10-22,19.1,87,100,6.2,3.91,8.5,18.0
2011-10-23,17.6,95,100,9.2,1.34,10.6,18.0
2011-10-24,19.5,89,97,8.3,4.57,4.5,18.0
2011-10-25,21.4,69,34,16.6,14.75,0.0,21.0
2011-10-26,15.4,77,94,9.1,1.71,4.1,17.0
2011-10-27,14.6,88,100,5.6,1.41,12.3,15.0
2011-10-28,17.2,84,90,11.0,3.79,2.3,15.0
2011-10-29,19.9,79,56,9.4,13.54,0.0,19.0
2011-10-30,16.2,84,95,10.2,5.02,5.8,16.0
2011-10-31,18.4,84,96,6.6,7.19,6.4,19.0
2011-11-01,17.9,89,91,6.9,4.68,14.5,16.0
2011-11-02,19.9,89,70,7.7,6.92,17.1,17.0
2011-11-03,20.9,86,77,8.4,7.43,22.1,19.0
2011-11-04,21.0,88,68,7.4,9.04,19.7,18.0
2011-11-05,21.1,88,75,6.9,8.77,0.4,19.0
2011-11-06,21.0,90,81,11.2,5.74,19.4,20.0
2011-11-07,19.3,86,97,9.7,3.97,22.2,20.0
2011-11-08,15.8,85,100,9.9,3.36,7.2,16.0
2011-11-09,18.9,74,59,6.6,12.67,0.0,18.0
2011-11-10,19.9,78,28,11.4,14.79,0.0,20.0
2011-11-11,20.1,74,9,10.5,15.11,0.0,21.0
2011-11-12,15.4,82,98,7.7,1.81,2.6,17.0
2011-11-13,14.2,88,91,6.6,2.44,0.8,13.0
2011-11-14,14.5,88,99,7.4,1.72,3.1,13.0
2011-11-15,14.8,91,99,5.4,1.76,10.9,14.0
2011-11-16,15.7,89,88,6.4,3.84,11.9,14.0
2011-11-17,16.1,90,94,6.1,3.63,8.3,16.0
2011-11-18,18.0,82,83,10.0,5.75,2.5,18.0
2011-11-19,19.7,81,43,10.0,11.5,0.0,18.0
2011-11-20,20.5,78,40,9.7,8.56,0.0,21.0
2011-11-21,18.4,77,87,6.8,4.19,0.0,18.0
2011-11-22,17.7,83,81,6.9,4.78,0.0,16.0
2011-11-23,19.2,84,66,7.7,6.88,0.0,19.0
2011-11-24,22.2,77,39,10.5,11.75,0.0,23.0
2011-11-25,20.3,80,62,8.4,7.87,0.0,20.0
2011-11-26,21.2,81,62,7.6,7.14,0.0,19.0
2011-11-27,21.5,80,62,8.9,8.58,0.2,20.0
2011-11-28,21.6,84,66,10.2,6.83,0.0,22.0
2011-11-29,21.7,86,83,11.8,8.03,7.0,22.0
2011-11-30,12.8,86,100,10.5,0.97,11.9,14.0
2011-12-01,11.1,79,86,9.0,2.88,2.8,10.0
2011-12-02,14.4,75,11,12.7,13.33,0.0,13.0
2011-12-03,12.3,76,82,10.8,4.13,0.0,11.0
2011-12-04,11.9,81,99,6.4,3.2,2.6,10.0
2011-12-05,13.2,79,93,8.7,3.3,1.6,11.0
2011-12-06,11.0,89,100,7.4,1.54,4.2,10.0
2011-12-07,10.0,90,100,7.0,1.27,2.7,10.0
2011-12-08,8.6,91,100,3.9,1.12,6.5,8.0
2011-12-09,9.7,73,93,10.5,4.37,2.3,7.0
2011-12-10,9.0,76,77,6.2,5.41,1.8,9.0
2011-12-11,10.5,74,57,6.5,8.95,0.0,8.0
2011-12-12,10.7,69,13,7.7,12.47,0.0,11.0
2011-12-13,10.7,69,67,7.9,6.77,0.0,9.0
2011-12-14,8.5,84,98,8.4,2.39,3.0,8.0
2011-12-15,10.8,82,94,5.2,5.07,0.4,8.0
2011-12-16,12.1,68,91,11.3,8.53,0.0,10.0
2011-12-17,7.7,60,75,9.3,4.73,0.0,8.0
2011-12-18,10.0,75,43,9.0,11.43,0.0,10.0
2011-12-19,8.4,78,83,7.7,3.33,0.0,7.0
2011-12-20,9.4,83,95,6.5,5.03,0.0,7.0
2011-12-21,8.9,89,99,6.2,1.99,3.5,8.0
2011-12-22,10.9,77,88,10.1,6.11,1.3,8.0
2011-12-23,10.0,67,89,8.0,5.72,0.0,7.0
2011-12-24,9.8,78,74,8.8,7.3,0.0,10.0
2011-12-25,10.4,68,81,7.7,8.07,0.0,7.0
2011-12-26,10.7,68,81,7.9,5.4,0.0,8.0
2011-12-27,10.7,64,66,7.5,8.41,0.0,9.0
2011-12-28,9.9,68,59,7.8,6.98,0.0,10.0
2011-12-29,9.9,72,88,6.4,5.48,0.0,9.0
2011-12-30,9.9,74,88,6.6,4.03,0.0,10.0
2011-12-31,11.9,70,47,7.9,11.32,0.0,
2012-01-01,10.4,80,73,8.8,5.35,0.0,8.0
2012-01-02,7.4,92,99,6.7,1.49,3.1,7.0
2012-01-03,6.9,90,100,11.9,1.67,12.7,7.0
2012-01-04,7.8,70,90,9.2,6.79,1.4,4.0
2012-01-05,8.1,61,81,6.9,10.42,0.0,7.0
2012-01-06,9.1,68,78,5.9,8.75,0.0,7.0
2012-01-07,8.3,70,90,7.9,4.79,0.0,8.0
2012-01-08,9.7,68,84,5.9,8.45,0.0,8.0
2012-01-09,10.1,71,84,6.8,6.37,0.0,10.0
2012-01-10,8.6,79,78,6.8,3.22,0.0,8.0
2012-01-11,7.4,83,97,7.7,2.33,1.5,7.0
2012-01-12,8.7,67,87,8.8,6.79,0.0,7.0
2012-01-13,8.5,77,94,4.8,4.09,0.3,7.0
2012-01-14,8.4,83,98,6.3,3.43,0.5,7.0
2012-01-15,8.8,83,83,7.4,5.07,3.3,7.0
2012-01-16,11.4,80,44,12.7,12.58,0.0,11.0
2012-01-17,10.5,79,70,7.1,6.03,0.0,10.0
2012-01-18,10.6,75,80,8.3,7.82,0.0,9.0
2012-01-19,9.4,74,87,9.2,4.86,0.0,9.0
2012-01-20,8.7,70,85,8.7,4.43,0.0,7.0
2012-01-21,6.1,78,95,10.1,2.79,0.5,6.0
2012-01-22,7.5,70,91,8.8,6.95,0.5,5.0
2012-01-23,8.7,64,50,11.6,12.91,0.0,6.0
2012-01-24,7.4,67,86,5.9,6.96,0.0,5.0
2012-01-25,9.1,68,40,8.4,13.22,0.0,9.0
2012-01-26,9.3,65,56,8.9,8.93,0.0,8.0
2012-01-27,9.5,69,70,6.0,7.51,0.0,8.0
2012-01-28,10.4,69,77,7.6,9.02,0.0,9.0
2012-01-29,10.8,71,68,9.0,6.86,0.0,9.0
2012-01-30,11.5,66,55,6.9,11.2,0.0,11.0
2012-01-31,12.8,67,24,10.4,14.75,0.0,14.0
2012-02-01,13.4,66,54,10.0,11.0,0.0,10.0
2012-02-02,10.1,75,97,9.2,3.51,2.6,9.0
2012-02-03,12.8,67,60,11.0,11.46,0.0,12.0
2012-02-04,13.3,67,87,8.2,11.21,0.0,12.0
2012-02-05,10.1,78,90,6.4,2.69,0.0,10.0
2012-02-06,12.3,82,92,8.7,6.97,0.3,9.0
2012-02-07,13.4,64,83,13.1,6.54,1.9,13.0
2012-02-08,8.6,46,88,10.7,6.49,0.0,8.0
2012-02-09,6.4,51,96,11.5,6.34,0.0,6.0
2012-02-10,7.4,71,90,4.7,7.53,0.0,7.0
2012-02-11,9.9,65,71,7.8,11.6,0.0,9.0
2012-02-12,9.7,72,91,4.7,9.28,0.9,9.0
2012-02-13,8.9,80,90,8.3,3.84,0.6,8.0
2012-02-14,9.6,81,80,7.2,5.31,0.0,9.0
2012-02-15,10.7,78,75,6.6,6.28,0.1,11.0
2012-02-16,11.1,82,73,5.8,8.31,0.5,11.0
2012-02-17,11.4,66,86,12.4,7.01,0.0,9.0
2012-02-18,8.6,55,70,9.9,7.6,0.0,8.0
2012-02-19,11.8,65,31,8.3,16.92,0.0,12.0
2012-02-20,12.0,68,81,7.9,9.94,2.0,11.0
2012-02-21,9.7,73,98,6.4,4.17,0.0,11.0
2012-02-22,11.7,77,95,7.2,5.66,0.4,12.0
2012-02-23,13.1,77,90,9.5,7.65,0.0,11.0
2012-02-24,12.6,82,100,5.6,3.05,0.0,12.0
2012-02-25,9.6,82,99,9.2,2.22,1.9,9.0
2012-02-26,7.8,74,94,10.2,4.93,1.1,7.0
2012-02-27,9.0,75,95,8.4,8.47,4.7,6.0
2012-02-28,11.5,69,69,10.4,13.23,0.0,9.0
2012-02-29,11.1,71,85,8.1,8.37,0.0,8.0
2012-03-01,12.6,70,80,8.7,8.67,0.5,13.0
2012-03-02,13.6,70,74,9.5,9.33,1.0,13.0
2012-03-03,11.7,68,96,11.3,6.6,0.6,12.0
2012-03-04,12.8,69,89,9.4,7.55,0.3,13.0
2012-03-05,16.1,70,62,14.5,17.54,0.0,17.0
2012-03-06,11.5,82,99,7.3,2.01,2.3,13.0
2012-03-07,9.0,83,97,9.2,2.92,1.6,9.0
2012-03-08,9.6,77,94,10.4,4.71,1.6,8.0
2012-03-09,10.0,75,96,5.4,7.27,2.2,8.0
2012-03-10,11.7,73,85,6.9,9.57,0.6,9.0
2012-03-11,12.9,75,72,6.8,7.81,0.0,12.0
2012-03-12,14.1,68,58,9.0,10.21,0.0,15.0
2012-03-13,16.5,63,42,9.7,15.89,0.0,18.0
2012-03-14,16.9,71,81,9.4,6.18,0.0,16.0
2012-03-15,17.6,77,82,8.9,7.51,0.5,19.0
2012-03-16,18.3,74,69,9.4,12.16,0.0,19.0
2012-03-17,20.5,73,59,9.7,14.2,1.4,22.0
2012-03-18,25.0,74,14,10.4,20.69,0.0,23.0
2012-03-19,24.6,77,32,10.2,10.74,0.3,26.0
2012-03-20,24.2,75,33,14.4,16.15,0.0,25.0
2012-03-21,21.7,68,53,18.2,16.77,5.8,24.0
2012-03-22,13.7,83,100,12.9,2.04,16.6,18.0
2012-03-23,14.0,70,97,12.4,9.62,6.4,14.0
2012-03-24,17.5,58,28,10.0,23.25,0.0,19.0
2012-03-25,20.4,58,31,9.3,22.79,0.0,22.0
2012-03-26,21.6,65,71,8.4,14.41,0.0,21.0
2012-03-27,19.1,75,98,7.3,5.79,1.2,20.0
2012-03-28,16.9,89,98,6.2,3.8,11.1,17.0
2012-03-29,15.9,91,98,5.9,3.95,2.9,15.0
2012-03-30,16.7,83,98,15.3,6.61,9.4,15.0
2012-03-31,19.5,71,71,8.4,18.67,0.0,21.0
2012-04-01,24.6,67,11,11.8,24.38,0.0,26.0
2012-04-02,26.3,63,4,14.7,23.74,0.0,28.0
2012-04-03,24.5,50,61,16.5,15.75,0.2,25.0
2012-04-04,20.4,76,65,9.0,12.0,17.4,22.0
2012-04-05,22.0,78,73,8.3,13.01,0.0,20.0
2012-04-06,21.0,62,83,9.8,11.72,0.2,20.0
2012-04-07,18.6,63,92,8.0,8.37,0.2,17.0
2012-04-08,19.5,67,90,6.5,16.98,0.0,18.0
2012-04-09,19.8,75,92,10.1,11.22,0.0,18.0
2012-04-10,20.7,79,93,6.5,9.22,4.0,21.0
2012-04-11,21.4,82,95,7.3,11.93,0.2,20.0
2012-04-12,16.4,89,98,16.1,2.71,16.8,18.0
2012-04-13,15.1,73,88,8.7,6.67,0.0,15.0
2012-04-14,20.9,72,61,9.2,20.47,0.4,22.0
2012-04-15,21.5,73,76,7.3,14.88,0.9,23.0
2012-04-16,22.3,76,82,7.4,15.41,0.8,22.0
2012-04-17,17.7,75,99,8.8,4.35,2.4,17.0
2012-04-18,21.2,72,74,5.4,17.8,1.4,22.0
2012-04-19,20.0,82,95,6.4,9.77,7.1,19.0
2012-04-20,23.5,77,53,9.9,18.19,12.6,24.0
2012-04-21,26.8,71,9,12.6,25.81,0.0,28.0
2012-04-22,29.9,70,39,12.6,25.03,0.0,31.0
2012-04-23,29.0,72,50,11.5,16.42,3.8,31.0
2012-04-24,25.9,75,77,9.9,15.81,11.9,27.0
2012-04-25,23.4,69,97,9.2,16.6,4.4,24.0
2012-04-26,27.0,65,71,10.7,25.98,0.0,28.0
2012-04-27,27.6,66,63,10.5,25.88,0.0,30.0
2012-04-28,20.7,89,97,7.7,4.11,27.2,25.0
2012-04-29,25.4,84,64,10.0,17.68,0.6,27.0
2012-04-30,25.1,85,64,8.4,11.45,6.6,28.0
2012-05-01,24.4,87,79,8.4,10.89,5.8,21.0
2012-05-02,23.3,81,89,7.7,11.79,0.4,22.0
2012-05-03,24.3,83,68,7.1,11.5,2.5,25.0
2012-05-04,25.6,78,58,8.0,17.61,0.0,28.0
2012-05-05,27.8,75,43,8.4,20.35,0.0,29.0
2012-05-06,27.7,78,58,7.2,16.24,0.5,27.0
2012-05-07,28.2,84,63,10.8,17.55,4.0,29.0
2012-05-08,28.2,83,74,7.7,17.81,3.0,25.0
2012-05-09,28.2,87,63,7.1,15.87,4.6,28.0
2012-05-10,30.5,77,48,10.5,21.41,0.0,32.0
2012-05-11,25.1,85,99,11.7,8.41,20.0,27.0
2012-05-12,22.2,85,92,15.7,7.02,12.9,21.0
2012-05-13,23.3,84,91,12.8,8.36,4.4,21.0
2012-05-14,18.5,81,99,11.4,4.98,8.0,19.0
2012-05-15,23.9,74,70,6.5,20.19,0.8,25.0
2012-05-16,25.6,73,67,4.7,18.72,0.0,27.0
2012-05-17,27.0,74,56,9.2,15.1,0.1,28.0
2012-05-18,25.0,81,58,13.4,12.72,8.1,25.0
2012-05-19,29.2,80,22,9.5,26.79,0.0,31.0
2012-05-20,30.9,71,12,16.8,26.15,0.0,33.0
2012-05-21,26.5,74,91,13.3,11.25,21.4,27.0
2012-05-22,20.9,93,100,9.5,1.75,16.5,19.0
2012-05-23,18.8,87,98,6.5,4.36,4.3,19.0
2012-05-24,18.8,94,100,3.9,2.06,8.3,19.0
2012-05-25,18.0,94,100,6.4,2.12,4.6,18.0
2012-05-26,24.0,81,81,7.4,14.68,0.0,24.0
2012-05-27,23.5,83,80,8.4,7.39,0.0,24.0
2012-05-28,26.8,85,96,10.5,11.87,8.8,23.0
2012-05-29,23.3,88,81,10.5,6.46,22.5,26.0
2012-05-30,25.9,84,83,9.0,17.04,0.0,27.0
2012-05-31,24.4,79,94,9.6,9.33,0.4,25.0
2012-06-01,22.9,79,97,6.7,11.01,5.3,23.0
2012-06-02,26.2,78,90,6.9,19.89,0.0,29.0
2012-06-03,21.7,91,100,7.5,2.14,14.7,22.0
2012-06-04,22.9,84,98,5.0,9.84,4.9,23.0
2012-06-05,24.3,80,93,7.1,6.95,0.7,23.0
2012-06-06,22.9,88,87,6.2,6.04,0.0,23.0
2012-06-07,24.2,86,73,6.3,10.81,0.5,26.0
2012-06-08,27.7,82,69,6.5,17.62,1.0,26.0
2012-06-09,26.6,83,74,5.2,13.71,0.4,26.0
2012-06-10,25.8,88,76,5.5,8.15,9.4,27.0
2012-06-11,28.0,84,94,5.5,12.91,0.0,27.0
2012-06-12,27.2,88,86,12.0,12.67,0.3,25.0
2012-06-13,29.8,86,92,8.2,15.66,0.0,28.0
2012-06-14,29.1,79,65,7.4,19.26,0.1,30.0
2012-06-15,30.6,76,55,8.8,24.52,1.2,33.0
2012-06-16,27.3,83,96,8.4,13.41,0.3,28.0
2012-06-17,25.6,86,90,6.3,9.7,2.2,27.0
2012-06-18,24.2,90,88,11.2,7.2,1.4,25.0
2012-06-19,27.1,81,79,6.6,16.22,0.0,29.0
2012-06-20,29.9,76,85,5.8,21.45,0.0,31.0
2012-06-21,27.8,86,99,5.8,8.35,2.4,27.0
2012-06-22,27.5,88,84,5.5,16.19,2.7,29.0
2012-06-23,30.3,86,49,5.5,24.04,0.5,32.0
2012-06-24,31.7,78,81,6.9,21.42,0.0,33.0
2012-06-25,29.1,84,91,11.8,11.64,7.6,26.0
2012-06-26,24.9,93,94,11.3,7.43,13.2,24.0
2012-06-27,26.0,91,95,9.3,7.28,6.5,27.0
2012-06-28,30.0,87,96,5.5,18.27,9.1,31.0
2012-06-29,30.8,87,99,5.4,19.12,12.5,32.0
2012-06-30,27.5,91,100,13.4,7.81,12.2,27.0
2012-07-01,30.6,83,75,8.4,22.44,1.5,31.0
2012-07-02,32.5,76,92,16.1,20.19,0.0,33.0
2012-07-03,31.3,76,83,13.8,19.31,0.6,28.0
2012-07-04,29.2,86,99,16.4,10.14,2.2,25.0
2012-07-05,31.0,75,44,11.1,24.8,0.0,32.0
2012-07-06,33.9,76,63,11.8,24.66,0.0,35.0
2012-07-07,32.6,70,100,13.1,18.11,0.0,34.0
2012-07-08,33.5,73,100,17.1,19.95,0.0,36.0
2012-07-09,33.1,67,100,15.1,21.63,0.0,36.0
2012-07-10,28.5,88,100,11.7,11.19,9.1,29.0
2012-07-11,30.0,86,99,5.1,14.41,7.0,30.0
2012-07-12,28.1,91,100,11.5,9.18,25.8,26.0
2012-07-13,29.3,82,72,7.6,17.08,2.1,29.0
2012-07-14,31.6,81,89,8.7,24.33,0.0,30.0
2012-07-15,30.1,79,99,7.5,16.82,0.5,
2012-07-16,26.7,91,96,8.3,9.08,17.3,30.0
2012-07-17,28.9,88,97,5.8,8.53,8.3,31.0
2012-07-18,28.4,86,83,8.3,15.95,12.2,30.0
2012-07-19,28.2,90,93,7.3,12.79,11.8,30.0
2012-07-20,32.6,79,56,9.5,23.22,0.6,35.0
2012-07-21,33.0,73,100,12.1,20.2,0.0,35.0
2012-07-22,30.3,87,98,10.9,13.86,19.9,30.0
2012-07-23,25.9,84,96,12.2,10.61,4.6,25.0
2012-07-24,28.7,82,77,6.2,16.27,1.3,30.0
2012-07-25,30.3,86,83,5.4,17.54,6.4,33.0
2012-07-26,32.1,83,76,10.0,22.26,5.3,35.0
2012-07-27,32.0,80,58,12.5,23.63,1.9,36.0
2012-07-28,32.4,77,24,8.2,24.98,0.0,36.0
2012-07-29,31.9,82,35,6.1,22.77,0.6,36.0
2012-07-30,33.8,78,85,10.2,24.42,0.1,37.0
2012-07-31,32.0,83,80,6.4,18.94,9.2,35.0
2012-08-01,29.2,89,68,9.1,16.96,7.1,32.0
2012-08-02,30.1,83,48,6.8,17.66,0.6,34.0
2012-08-03,31.4,82,28,6.5,22.33,0.7,34.0
2012-08-04,33.1,78,12,5.3,24.45,0.0,34.0
2012-08-05,33.2,80,65,6.1,21.69,3.7,37.0
2012-08-06,31.1,82,46,9.7,16.93,6.0,33.0
2012-08-07,31.5,79,24,6.5,23.05,0.4,35.0
2012-08-08,32.1,81,29,6.2,22.75,0.6,33.0
2012-08-09,32.6,81,38,6.2,22.55,1.1,36.0
2012-08-10,33.6,76,16,6.1,23.04,0.0,37.0
2012-08-11,34.8,75,7,8.1,24.69,0.0,38.0
2012-08-12,35.4,70,36,7.9,25.03,0.0,39.0
2012-08-13,35.2,71,84,8.5,23.76,0.0,39.0
2012-08-14,34.5,71,93,10.9,23.93,0.0,34.0
2012-08-15,32.5,77,89,8.4,19.29,0.3,32.0
2012-08-16,34.5,76,97,12.5,22.8,0.0,37.0
2012-08-17,34.9,71,94,13.5,23.48,0.0,38.0
2012-08-18,34.2,69,67,9.2,22.12,0.8,38.0
2012-08-19,33.5,71,99,8.6,20.4,0.0,36.0
2012-08-20,32.5,77,83,13.8,16.56,6.5,33.0
2012-08-21,28.1,82,99,9.0,10.05,4.6,27.0
2012-08-22,26.6,73,96,8.7,10.12,0.6,27.0
2012-08-23,27.9,75,67,5.4,15.76,0.5,28.0
2012-08-24,30.2,66,12,8.5,24.54,0.0,33.0
2012-08-25,29.9,64,38,7.0,19.78,0.0,30.0
2012-08-26,31.1,70,22,5.6,21.29,0.1,33.0
2012-08-27,32.0,67,25,6.6,21.91,0.0,34.0
2012-08-28,30.9,68,47,7.2,12.72,0.0,33.0
2012-08-29,29.5,79,64,6.6,11.62,7.1,33.0
2012-08-30,28.3,88,97,8.9,9.46,13.9,28.0
2012-08-31,27.2,95,99,5.0,6.71,18.7,24.0
2012-09-01,29.3,91,99,14.0,12.38,34.4,25.0
2012-09-02,26.4,77,90,10.6,11.92,13.6,28.0
2012-09-03,26.9,78,94,7.6,16.29,0.0,29.0
2012-09-04,29.2,73,84,9.5,23.11,0.0,31.0
2012-09-05,29.0,68,56,11.8,22.24,0.0,31.0
2012-09-06,30.6,72,25,10.6,20.83,0.0,33.0
2012-09-07,32.6,71,42,12.1,21.39,0.0,34.0
2012-09-08,28.1,79,87,9.0,9.63,1.7,30.0
2012-09-09,29.3,84,75,9.7,14.66,1.4,30.0
2012-09-10,29.9,71,100,16.9,14.59,1.1,30.0
2012-09-11,25.2,92,100,12.4,4.06,49.4,25.0
2012-09-12,22.1,88,100,15.0,2.67,26.7,25.0
2012-09-13,24.3,73,46,5.6,20.63,0.0,27.0
2012-09-14,25.9,74,26,9.5,20.65,0.0,28.0
2012-09-15,26.3,68,67,13.1,19.47,0.0,28.0
2012-09-16,19.7,68,100,10.5,2.74,1.1,24.0
2012-09-17,22.1,71,82,7.2,13.97,0.0,24.0
2012-09-18,23.7,79,73,5.8,15.72,0.0,25.0
2012-09-19,25.5,77,36,7.6,19.89,0.0,28.0
2012-09-20,22.0,85,94,7.6,2.29,2.0,22.0
2012-09-21,20.9,91,99,8.0,4.17,1.9,20.0
2012-09-22,24.5,84,98,5.4,11.21,0.0,21.0
2012-09-23,22.5,87,100,4.1,3.69,0.0,21.0
2012-09-24,23.6,88,100,5.2,5.4,0.8,24.0
2012-09-25,22.3,89,100,10.0,2.47,2.1,21.0
2012-09-26,19.8,94,100,6.4,1.52,4.0,21.0
2012-09-27,23.0,89,94,5.2,5.61,0.1,23.0
2012-09-28,23.1,90,91,6.3,7.56,3.1,26.0
2012-09-29,23.2,91,92,6.9,5.27,2.4,23.0
2012-09-30,21.1,90,94,5.1,3.21,2.1,22.0
2012-10-01,25.6,76,65,7.6,17.66,0.0,27.0
2012-10-02,23.3,78,99,11.3,4.74,6.1,22.0
2012-10-03,18.5,87,99,5.1,3.16,7.5,18.0
2012-10-04,18.3,93,100,5.2,1.77,8.9,17.0
2012-10-05,18.8,90,99,4.3,2.3,9.7,18.0
2012-10-06,18.6,88,97,8.0,2.26,1.7,19.0
2012-10-07,17.4,87,100,9.0,1.88,3.7,18.0
2012-10-08,17.2,92,97,5.9,1.58,5.1,17.0
2012-10-09,18.0,91,86,4.7,3.55,0.8,20.0
2012-10-10,17.9,92,98,4.8,1.91,1.5,18.0
2012-10-11,18.5,92,100,4.6,1.68,0.3,18.0
2012-10-12,17.6,86,100,5.1,2.03,6.6,16.0
2012-10-13,18.3,89,87,6.3,4.13,4.5,18.0
2012-10-14,21.0,83,78,7.2,8.68,0.0,19.0
2012-10-15,19.0,87,96,6.5,3.53,5.9,19.0
2012-10-16,22.0,86,81,8.7,6.08,0.8,22.0
2012-10-17,19.4,86,54,11.7,7.94,0.0,22.0
2012-10-18,23.1,71,27,9.5,16.12,0.0,25.0
2012-10-19,21.5,75,57,8.2,10.81,0.7,21.0
2012-10-20,22.8,81,42,8.3,13.35,0.0,20.0
2012-10-21,22.5,86,73,7.1,6.08,4.4,22.0
2012-10-22,19.1,70,82,10.2,5.85,1.1,20.0
2012-10-23,19.3,69,90,11.9,6.04,0.8,18.0
2012-10-24,17.3,83,89,6.7,3.68,2.7,15.0
2012-10-25,19.0,84,66,8.4,8.04,3.3,19.0
2012-10-26,20.8,79,83,5.1,9.51,1.9,22.0
2012-10-27,20.9,82,45,8.4,9.9,0.2,23.0
2012-10-28,23.2,83,75,8.2,7.33,1.5,22.0
2012-10-29,20.2,87,88,6.7,3.39,1.5,20.0
2012-10-30,19.0,84,63,7.4,7.13,2.8,20.0
2012-10-31,21.2,82,45,10.3,14.55,0.0,23.0
2012-11-01,22.5,74,63,12.0,12.6,2.8,23.0
2012-11-02,22.0,74,69,10.2,11.16,1.2,23.0
2012-11-03,17.8,73,91,14.1,7.6,7.0,19.0
2012-11-04,14.5,71,90,9.5,7.72,4.7,15.0
2012-11-05,12.2,84,100,5.8,1.64,9.8,12.0
2012-11-06,13.2,86,98,6.2,2.3,0.2,13.0
2012-11-07,12.4,94,100,6.3,1.02,3.6,13.0
2012-11-08,14.3,89,95,9.7,2.18,6.7,15.0
2012-11-09,14.2,80,99,9.3,3.0,3.4,15.0
2012-11-10,17.6,79,87,5.6,8.24,0.0,15.0
2012-11-11,15.9,83,55,10.1,7.06,0.0,17.0
2012-11-12,13.7,85,67,10.0,3.45,0.0,14.0
2012-11-13,15.7,87,72,7.7,10.53,0.0,16.0
2012-11-14,14.5,86,93,5.2,3.23,0.8,14.0
2012-11-15,14.9,91,99,6.4,1.61,6.7,14.0
2012-11-16,14.8,78,88,12.4,5.09,2.9,15.0
2012-11-17,17.5,78,18,10.2,14.4,0.0,18.0
2012-11-18,18.1,79,26,7.1,14.01,0.0,17.0
2012-11-19,15.7,82,91,10.4,2.74,0.2,17.0
2012-11-20,14.3,81,95,8.0,2.28,0.9,15.0
2012-11-21,15.9,82,89,7.6,4.95,0.0,17.0
2012-11-22,13.8,87,98,8.0,1.37,1.9,17.0
2012-11-23,10.6,85,99,7.9,1.47,6.2,12.0
2012-11-24,11.3,80,93,10.9,3.17,0.3,10.0
2012-11-25,10.6,81,97,11.4,2.4,1.8,10.0
2012-11-26,11.2,71,67,8.7,9.4,2.7,11.0
2012-11-27,10.9,79,72,8.5,4.65,0.3,10.0
2012-11-28,11.9,80,64,9.8,5.91,1.5,12.0
2012-11-29,10.5,82,79,8.6,2.1,0.0,10.0
2012-11-30,10.6,78,97,8.9,3.35,0.0,11.0
2012-12-01,11.4,78,97,7.2,2.92,1.9,10.0
2012-12-02,14.5,78,47,11.0,11.51,0.0,14.0
2012-12-03,13.3,77,52,9.7,8.6,0.0,14.0
2012-12-04,11.4,77,81,5.8,3.14,0.0,11.0
2012-12-05,14.4,76,35,11.1,10.1,0.0,14.0
2012-12-06,15.9,73,13,10.5,12.64,0.0,15.0
2012-12-07,14.5,76,69,3.2,8.97,0.0,11.0
2012-12-08,11.1,88,100,5.0,1.73,1.2,11.0
2012-12-09,10.7,88,100,4.5,1.56,2.5,10.0
2012-12-10,10.1,85,85,6.6,2.17,4.1,10.0
2012-12-11,13.4,79,73,9.8,8.43,0.4,11.0
2012-12-12,10.7,68,96,11.2,3.01,0.0,11.0
2012-12-13,13.5,74,85,8.8,5.76,0.1,12.0
2012-12-14,11.4,84,91,6.4,3.01,0.3,13.0
2012-12-15,13.2,79,83,7.8,7.33,0.0,13.0
2012-12-16,13.2,81,82,13.0,6.35,0.0,14.0
2012-12-17,10.7,91,100,8.4,1.08,6.5,12.0
2012-12-18,9.8,80,92,10.1,2.06,4.5,9.0
2012-12-19,6.8,68,79,11.3,2.13,0.0,7.0
2012-12-20,7.2,76,93,8.2,2.55,0.4,7.0
2012-12-21,9.7,80,90,6.5,4.81,0.0,9.0
2012-12-22,10.8,76,87,6.2,7.65,1.4,11.0
2012-12-23,9.4,76,69,12.6,6.3,2.9,11.0
2012-12-24,10.7,74,0,9.9,12.93,0.0,11.0
2012-12-25,7.7,81,85,9.4,2.94,1.7,7.0
2012-12-26,7.5,85,94,7.9,2.62,2.0,6.0
2012-12-27,9.9,75,61,8.9,8.51,0.0,9.0
2012-12-28,8.0,83,73,14.4,3.99,1.3,8.0
2012-12-29,6.3,72,97,14.9,3.29,3.6,7.0
2012-12-30,7.2,53,64,7.3,11.63,0.0,8.0
2012-12-31,9.3,62,40,11.8,11.69,0.0,10.0
2013-01-01,10.8,62,2,10.7,13.33,0.0,12.0
2013-01-02,7.9,71,59,9.4,3.32,0.9,7.0
2013-01-03,5.8,70,94,11.2,4.29,1.7,4.0
2013-01-04,5.7,62,86,8.6,6.94,0.0,3.0
2013-01-05,5.4,69,79,5.8,6.43,0.0,5.0
2013-01-06,6.6,72,72,7.3,7.47,0.0,6.0
2013-01-07,7.6,74,71,6.4,7.9,0.0,7.0
2013-01-08,7.5,72,75,6.0,7.06,0.2,8.0
2013-01-09,9.1,74,73,8.2,8.89,0.1,9.0
2013-01-10,9.9,71,76,7.8,7.84,0.0,9.0
2013-01-11,10.2,66,72,5.1,9.69,0.0,10.0
2013-01-12,11.5,68,67,10.5,11.38,0.0,12.0
2013-01-13,12.7,72,23,10.7,13.37,0.0,12.0
2013-01-14,9.8,78,83,9.1,4.77,0.4,10.0
2013-01-15,9.2,86,84,10.1,4.21,0.3,8.0
2013-01-16,8.1,93,93,7.1,1.99,2.4,8.0
2013-01-17,11.5,83,90,7.4,5.49,0.0,10.0
2013-01-18,13.3,66,72,10.0,13.36,0.0,12.0
2013-01-19,10.5,78,91,12.8,4.34,0.1,11.0
2013-01-20,10.7,82,100,6.6,2.76,0.0,12.0
2013-01-21,11.1,76,69,8.5,8.89,0.0,11.0
2013-01-22,11.8,76,80,8.6,7.57,0.5,12.0
2013-01-23,12.6,77,54,8.4,10.01,0.0,12.0
2013-01-24,13.7,72,49,8.0,11.4,0.0,14.0
2013-01-25,14.5,72,39,6.9,10.7,0.0,15.0
2013-01-26,15.4,66,40,6.0,12.4,0.0,16.0
2013-01-27,16.5,70,37,9.9,13.89,0.0,17.0
2013-01-28,16.0,71,48,9.8,10.81,1.0,15.0
2013-01-29,15.4,77,46,8.0,11.02,0.0,12.0
2013-01-30,14.5,83,96,9.7,3.89,1.2,15.0
2013-01-31,15.2,82,88,7.0,6.18,0.0,13.0
2013-02-01,16.5,85,87,10.0,8.77,0.5,16.0
2013-02-02,14.1,89,99,9.4,2.39,1.4,15.0
2013-02-03,17.7,80,80,10.1,8.88,0.0,17.0
2013-02-04,18.0,83,73,8.7,8.56,0.0,19.0
2013-02-05,19.1,81,72,7.9,10.35,0.0,21.0
2013-02-06,15.1,84,93,10.0,3.64,1.5,17.0
2013-02-07,12.9,85,98,11.6,1.86,2.7,15.0
2013-02-08,8.1,77,99,10.9,2.86,4.6,9.0
2013-02-09,8.9,68,89,4.8,7.49,0.3,7.0
2013-02-10,13.1,73,32,8.0,16.25,0.0,13.0
2013-02-11,10.3,78,95,7.4,2.61,0.0,10.0
2013-02-12,10.1,87,99,6.5,3.02,0.9,8.0
2013-02-13,10.6,71,93,7.2,8.03,0.0,11.0
2013-02-14,11.7,72,93,5.9,6.49,0.0,10.0
2013-02-15,13.6,73,65,11.8,10.47,0.1,13.0
2013-02-16,16.1,70,41,10.3,14.8,0.0,17.0
2013-02-17,15.7,69,62,9.0,9.66,0.0,19.0
2013-02-18,12.2,88,96,11.8,2.3,9.3,14.0
2013-02-19,9.0,82,93,10.2,4.0,3.6,8.0
2013-02-20,11.0,75,82,7.4,7.46,0.2,10.0
2013-02-21,12.1,76,89,8.2,6.22,0.0,11.0
2013-02-22,13.5,71,82,9.0,10.32,0.0,14.0
2013-02-23,16.6,72,48,8.9,15.07,0.0,17.0
2013-02-24,16.4,73,72,8.7,10.23,0.0,16.0
2013-02-25,12.8,86,97,8.1,2.76,1.9,15.0
2013-02-26,17.8,79,67,9.3,11.66,0.0,19.0
2013-02-27,19.2,80,38,9.9,14.23,0.0,20.0
2013-02-28,15.6,86,91,8.1,3.87,1.3,16.0
2013-03-01,13.6,86,99,6.9,2.36,5.5,15.0
2013-03-02,11.0,73,100,8.0,2.55,1.1,11.0
2013-03-03,14.3,70,93,8.0,11.11,0.5,14.0
2013-03-04,17.1,71,61,8.7,14.64,0.0,15.0
2013-03-05,21.0,68,7,11.5,20.39,0.0,23.0
2013-03-06,22.8,71,25,10.2,17.87,0.2,22.0
2013-03-07,23.0,73,67,9.7,19.19,0.0,26.0
2013-03-08,26.0,68,8,11.2,20.74,0.0,28.0
2013-03-09,27.1,70,5,9.3,19.68,0.3,28.0
2013-03-10,24.1,71,20,16.6,15.7,0.3,25.0
2013-03-11,23.0,58,32,16.0,15.44,0.0,25.0
2013-03-12,17.5,74,88,9.3,5.6,2.8,18.0
2013-03-13,21.9,72,74,12.4,16.07,0.0,23.0
2013-03-14,21.0,58,25,12.4,18.6,0.0,21.0
2013-03-15,20.2,66,94,12.1,7.29,0.0,23.0
2013-03-16,20.2,80,88,8.3,6.62,2.5,22.0
2013-03-17,22.3,75,81,11.0,15.67,5.1,22.0
2013-03-18,19.5,80,95,7.4,8.19,3.2,20.0
2013-03-19,19.4,80,89,13.0,7.47,10.4,18.0
2013-03-20,21.3,77,75,7.3,17.18,0.0,25.0
2013-03-21,25.6,71,53,12.4,18.64,0.0,27.0
2013-03-22,20.8,82,89,13.2,9.04,25.1,24.0
2013-03-23,18.9,82,85,7.6,9.79,2.7,22.0
2013-03-24,22.9,78,48,13.8,20.71,0.0,25.0
2013-03-25,16.8,80,84,15.1,6.1,41.3,20.0
2013-03-26,20.2,73,97,7.7,16.53,1.4,23.0
2013-03-27,21.7,70,74,6.1,17.37,0.0,21.0
2013-03-28,23.1,71,71,10.5,19.7,0.0,23.0
2013-03-29,22.8,68,59,15.9,19.21,0.3,25.0
2013-03-30,22.4,71,66,7.2,18.47,1.6,25.0
2013-03-31,22.4,68,84,14.8,12.65,0.0,26.0
2013-04-01,22.9,71,50,8.6,19.33,0.5,25.0
2013-04-02,22.7,72,65,15.6,13.69,0.9,22.0
2013-04-03,22.7,76,68,8.8,13.96,0.0,24.0
2013-04-04,20.5,83,86,8.9,9.96,8.2,20.0
2013-04-05,15.4,86,99,20.7,2.31,18.9,17.0
2013-04-06,16.9,68,73,7.8,23.52,0.9,19.0
2013-04-07,20.0,66,77,10.2,18.04,0.0,19.0
2013-04-08,22.1,64,31,6.6,23.79,0.0,24.0
2013-04-09,16.0,83,97,12.8,4.64,17.1,18.0
2013-04-10,17.4,75,99,5.9,12.82,3.9,17.0
2013-04-11,18.3,71,100,6.0,14.0,0.7,18.0
2013-04-12,19.0,74,99,10.2,13.22,0.0,18.0
2013-04-13,20.6,74,56,10.7,17.83,0.0,23.0
2013-04-14,23.7,68,49,11.2,24.61,0.0,27.0
2013-04-15,26.4,74,78,8.5,14.45,1.0,28.0
2013-04-16,26.2,67,77,10.6,22.63,0.0,28.0
2013-04-17,28.0,67,45,8.1,24.8,0.0,30.0
2013-04-18,29.0,73,16,10.6,21.82,0.3,32.0
2013-04-19,28.4,72,30,16.1,20.87,3.2,33.0
2013-04-20,18.2,78,82,13.0,4.55,10.9,24.0
2013-04-21,21.8,64,50,10.9,17.84,0.0,24.0
2013-04-22,23.3,66,65,10.1,16.64,0.0,26.0
2013-04-23,25.3,74,51,8.4,22.31,0.0,28.0
2013-04-24,24.9,74,68,8.8,15.74,0.6,24.0
2013-04-25,24.2,75,79,7.2,19.17,4.0,22.0
2013-04-26,27.3,67,40,8.9,24.95,0.0,29.0
2013-04-27,29.5,66,35,10.2,23.75,0.0,31.0
2013-04-28,29.4,75,76,10.1,21.07,0.5,32.0
2013-04-29,23.5,91,92,10.2,4.58,41.9,23.0
2013-04-30,20.8,84,88,8.9,9.08,1.3,21.0
2013-05-01,22.4,84,99,8.4,6.91,9.0,22.0
2013-05-02,18.9,88,100,7.6,4.08,6.4,19.0
2013-05-03,23.0,80,91,6.6,13.34,3.0,23.0
2013-05-04,26.1,71,86,11.9,18.41,0.0,28.0
2013-05-05,25.1,78,72,10.5,11.26,5.4,26.0
2013-05-06,22.2,90,93,6.8,8.56,15.7,21.0
2013-05-07,23.9,80,96,6.1,15.26,1.3,23.0
2013-05-08,24.4,85,83,7.0,14.81,8.9,24.0
2013-05-09,21.0,81,95,13.7,7.44,4.9,20.0
2013-05-10,24.7,71,55,9.1,20.33,4.8,27.0
2013-05-11,26.5,67,81,5.5,24.02,0.0,29.0
2013-05-12,29.1,69,40,9.3,27.88,0.0,32.0
2013-05-13,31.0,71,62,10.2,25.11,0.2,31.0
2013-05-14,24.7,86,77,8.4,8.95,28.4,25.0
2013-05-15,25.0,88,80,8.5,12.57,2.3,22.0
2013-05-16,24.1,88,98,7.8,8.9,10.0,21.0
2013-05-17,20.9,94,100,8.9,2.53,14.4,20.0
2013-05-18,21.5,86,95,11.2,7.3,2.4,21.0
2013-05-19,23.7,82,86,6.3,13.33,3.3,24.0
2013-05-20,27.3,74,57,6.6,22.67,0.0,29.0
2013-05-21,30.9,73,14,8.6,27.98,0.0,33.0
2013-05-22,32.2,67,26,7.9,28.09,0.0,35.0
2013-05-23,33.1,67,59,10.4,26.64,0.0,35.0
2013-05-24,26.1,81,90,10.5,9.48,25.5,31.0
2013-05-25,21.6,94,97,6.8,3.7,57.8,21.0
2013-05-26,28.5,78,52,7.9,24.22,0.2,30.0
2013-05-27,31.8,73,4,9.4,27.76,0.0,33.0
2013-05-28,32.0,78,43,13.5,21.19,3.4,34.0
2013-05-29,21.8,85,100,12.6,3.16,25.7,20.0
2013-05-30,21.9,76,92,6.0,15.02,0.0,21.0
2013-05-31,20.3,84,89,7.3,5.43,0.0,22.0
2013-06-01,23.7,78,88,6.5,11.57,0.1,26.0
2013-06-02,28.3,77,45,5.8,25.94,0.0,30.0
2013-06-03,30.6,72,51,9.7,26.94,0.0,33.0
2013-06-04,30.5,70,81,6.3,25.1,0.0,33.0
2013-06-05,30.1,79,92,12.7,18.41,5.6,30.0
2013-06-06,24.8,91,81,10.9,5.04,19.1,24.0
2013-06-07,29.5,82,69,7.3,21.39,0.2,32.0
2013-06-08,31.0,82,83,12.4,17.93,3.3,30.0
2013-06-09,24.2,89,100,15.8,2.06,66.3,23.0
2013-06-10,27.1,73,69,6.8,24.42,0.7,27.0
2013-06-11,27.9,71,8,9.3,27.08,0.0,30.0
2013-06-12,30.2,70,5,13.1,27.81,0.0,32.0
2013-06-13,30.5,63,22,13.4,26.76,0.0,32.0
2013-06-14,31.5,66,47,12.7,25.11,0.0,33.0
2013-06-15,32.6,68,12,13.9,28.06,0.0,35.0
2013-06-16,33.7,71,25,11.4,28.03,0.0,36.0
2013-06-17,34.7,70,21,11.2,27.04,0.0,37.0
2013-06-18,35.0,69,12,11.4,25.5,0.0,37.0
2013-06-19,35.4,67,84,12.3,24.05,0.0,37.0
2013-06-20,34.3,68,59,12.6,23.2,0.5,38.0
2013-06-21,33.6,81,49,8.2,24.47,10.0,34.0
2013-06-22,30.0,86,94,11.9,17.37,13.6,30.0
2013-06-23,29.2,86,80,8.4,15.31,13.6,29.0
2013-06-24,30.0,86,77,12.0,17.74,10.3,32.0
2013-06-25,26.8,86,88,9.7,11.52,32.5,26.0
2013-06-26,29.1,86,98,8.5,16.15,2.6,26.0
2013-06-27,30.6,77,89,5.6,22.08,0.0,32.0
2013-06-28,32.2,74,14,10.1,25.97,0.0,35.0
2013-06-29,33.1,69,76,14.1,23.34,0.0,36.0
2013-06-30,31.8,72,100,10.4,16.96,0.9,31.0
2013-07-01,30.8,78,100,10.0,11.81,8.9,29.0
2013-07-02,33.1,65,96,15.8,23.68,0.1,36.0
2013-07-03,33.6,68,92,13.6,25.14,0.0,36.0
2013-07-04,34.3,66,100,13.9,21.95,0.0,36.0
2013-07-05,27.8,91,96,12.5,5.53,10.5,30.0
2013-07-06,30.1,83,56,5.9,20.96,0.9,31.0
2013-07-07,33.6,76,19,9.4,24.88,0.0,35.0
2013-07-08,34.1,66,76,18.1,24.35,0.0,36.0
2013-07-09,33.2,60,96,20.3,21.26,0.0,35.0
2013-07-10,33.8,62,95,17.4,23.26,0.8,34.0
2013-07-11,33.4,65,69,14.7,24.43,0.0,35.0
2013-07-12,34.2,65,64,11.4,25.5,0.0,36.0
2013-07-13,34.5,71,51,8.3,25.22,0.0,38.0
2013-07-14,35.4,72,59,9.6,25.11,0.0,39.0
2013-07-15,37.2,62,90,12.1,25.08,0.0,40.0
2013-07-16,34.7,69,94,7.2,22.46,7.1,33.0
2013-07-17,33.9,73,93,12.0,21.52,0.0,36.0
2013-07-18,32.0,70,96,9.8,14.05,12.5,32.0
2013-07-19,29.1,88,98,11.4,13.59,12.9,28.0
2013-07-20,30.4,83,82,6.2,19.3,8.2,33.0
2013-07-21,34.5,72,83,10.3,24.13,0.1,36.0
2013-07-22,34.3,65,100,13.5,18.01,0.6,35.0
2013-07-23,33.5,77,97,9.4,20.25,0.9,34.0
2013-07-24,36.1,61,27,13.6,26.07,0.0,38.0
2013-07-25,36.2,56,92,12.3,25.75,0.0,40.0
2013-07-26,35.8,57,72,12.9,24.32,0.0,38.0
2013-07-27,35.9,61,40,11.3,24.4,0.0,39.0
2013-07-28,36.1,58,46,10.3,23.37,0.0,38.0
2013-07-29,34.7,69,78,8.4,22.04,4.7,35.0
2013-07-30,34.8,66,69,10.6,23.18,0.0,37.0
2013-07-31,37.9,60,19,10.9,25.57,0.0,39.0
2013-08-01,33.0,70,85,8.0,13.06,5.9,33.0
2013-08-02,31.0,79,66,5.7,19.06,6.9,31.0
2013-08-03,33.7,75,52,6.4,20.6,1.4,35.0
2013-08-04,34.2,65,80,15.3,18.04,2.5,35.0
2013-08-05,37.1,59,52,15.3,22.5,0.0,39.0
2013-08-06,38.6,48,28,14.9,24.76,0.0,39.0
2013-08-07,39.8,45,100,20.5,24.17,0.0,41.0
2013-08-08,29.9,59,99,17.2,17.44,0.0,30.0
2013-08-09,36.0,54,61,8.7,21.66,0.0,35.0
2013-08-10,38.0,54,30,11.3,24.19,1.7,39.0
2013-08-11,37.6,53,51,15.1,23.91,6.3,39.0
2013-08-12,33.2,73,98,10.4,17.3,0.1,33.0
2013-08-13,35.3,64,75,6.5,22.66,0.0,36.0
2013-08-14,38.5,50,21,5.8,22.92,0.0,39.0
2013-08-15,38.4,48,26,9.4,24.12,0.2,38.0
2013-08-16,37.7,51,30,10.7,22.17,0.0,38.0
2013-08-17,37.2,58,27,13.0,22.66,0.1,37.0
2013-08-18,38.2,52,23,12.7,22.66,0.0,38.0
2013-08-19,37.0,55,40,12.7,20.5,0.0,36.0
2013-08-20,34.5,55,59,7.6,18.75,0.0,34.0
2013-08-21,34.0,59,60,8.4,18.68,1.9,34.0
2013-08-22,35.7,54,32,7.8,20.39,0.0,35.0
2013-08-23,38.5,50,21,9.7,22.07,0.0,37.0
2013-08-24,31.7,67,70,12.9,8.46,14.1,32.0
2013-08-25,32.5,80,92,7.3,15.29,7.0,34.0
2013-08-26,35.5,66,58,12.3,22.41,0.0,37.0
2013-08-27,38.4,53,41,17.7,23.09,0.0,38.0
2013-08-28,38.4,57,94,16.1,20.3,3.8,37.0
2013-08-29,27.3,78,95,15.1,4.4,5.1,28.0
2013-08-30,23.8,83,93,5.7,3.36,12.3,23.0
2013-08-31,22.6,85,93,12.2,2.84,7.5,23.0
2013-09-01,26.8,71,93,10.9,10.5,0.1,26.0
2013-09-02,21.3,88,100,11.0,1.67,45.7,21.0
2013-09-03,20.7,89,100,8.9,1.85,6.1,20.0
2013-09-04,19.7,90,100,6.9,1.75,7.2,19.0
2013-09-05,19.1,93,100,4.3,1.83,27.2,20.0
2013-09-06,19.2,94,100,4.4,1.75,16.9,19.0
2013-09-07,22.7,82,98,12.5,8.66,2.0,23.0
2013-09-08,20.7,88,99,7.4,3.24,8.3,20.0
2013-09-09,22.2,90,99,5.0,3.63,6.9,23.0
2013-09-10,24.5,83,98,6.8,11.33,13.4,23.0
2013-09-11,22.7,89,99,6.1,6.67,13.1,22.0
2013-09-12,23.7,85,73,6.4,10.65,11.2,23.0
2013-09-13,26.5,83,54,8.7,17.47,0.0,27.0
2013-09-14,28.9,78,3,9.2,21.29,0.0,30.0
2013-09-15,32.0,75,12,11.2,21.19,0.0,34.0
2013-09-16,32.1,70,10,16.3,22.23,0.0,33.0
2013-09-17,32.6,71,52,14.4,19.26,0.4,33.0
2013-09-18,32.9,73,75,13.0,18.37,0.0,33.0
2013-09-19,30.8,71,60,10.4,19.74,0.0,32.0
2013-09-20,29.6,74,20,8.9,20.1,0.0,32.0
2013-09-21,29.1,75,12,8.2,19.28,0.0,30.0
2013-09-22,30.7,76,19,9.2,20.74,0.0,32.0
2013-09-23,31.0,69,25,11.3,18.33,0.0,32.0
2013-09-24,27.3,69,94,7.0,7.35,0.2,26.0
2013-09-25,24.5,71,97,12.6,6.61,0.0,26.0
2013-09-26,20.8,64,99,8.7,4.6,0.2,21.0
2013-09-27,20.3,83,96,7.3,5.27,12.8,18.0
2013-09-28,23.2,73,64,7.2,15.06,0.0,24.0
2013-09-29,24.8,75,7,9.4,21.14,0.0,25.0
2013-09-30,29.0,67,3,11.3,21.32,0.0,30.0
2013-10-01,26.8,68,53,8.2,17.23,0.0,26.0
2013-10-02,26.0,75,83,7.2,11.89,1.1,24.0
2013-10-03,21.8,85,95,6.0,3.27,2.3,21.0
2013-10-04,21.4,87,87,5.6,5.67,1.3,22.0
2013-10-05,22.0,78,74,9.8,6.14,1.9,23.0
2013-10-06,25.6,67,47,6.1,16.31,0.0,25.0
2013-10-07,26.9,70,48,6.2,17.11,0.0,27.0
2013-10-08,27.6,70,20,7.4,19.36,0.0,28.0
2013-10-09,29.6,67,11,11.0,20.01,0.0,30.0
2013-10-10,28.8,63,2,8.7,19.75,0.0,30.0
2013-10-11,30.1,63,6,11.3,19.74,0.0,31.0
2013-10-12,30.7,61,1,13.0,19.85,0.0,32.0
2013-10-13,30.6,64,1,11.3,18.7,0.0,31.0
2013-10-14,28.7,64,36,9.5,13.77,0.2,29.0
2013-10-15,19.1,88,100,11.4,1.38,16.6,20.0
2013-10-16,16.2,87,100,10.5,1.26,7.4,15.0
2013-10-17,15.5,83,92,5.7,3.86,1.3,15.0
2013-10-18,15.7,83,86,7.3,2.63,3.1,17.0
2013-10-19,18.6,81,71,7.0,6.97,0.0,19.0
2013-10-20,17.3,84,91,6.1,2.32,0.0,17.0
2013-10-21,19.9,74,88,5.8,6.34,0.0,19.0
2013-10-22,18.9,78,73,5.6,5.87,1.0,19.0
2013-10-23,22.3,75,49,6.8,12.78,0.0,22.0
2013-10-24,23.6,70,9,7.9,17.36,0.0,24.0
2013-10-25,25.0,63,8,12.6,17.73,0.0,26.0
2013-10-26,22.1,65,82,11.6,7.23,0.9,23.0
2013-10-27,18.1,69,96,8.7,4.19,1.6,18.0
2013-10-28,16.4,81,98,6.6,2.91,8.6,16.0
2013-10-29,15.9,92,100,5.1,1.61,8.6,15.0
2013-10-30,16.8,94,97,5.5,2.2,8.1,16.0
2013-10-31,18.7,86,85,7.2,7.55,1.4,16.0
2013-11-01,17.2,88,95,5.6,3.31,3.6,16.0
2013-11-02,19.7,85,80,6.5,6.89,0.5,19.0
2013-11-03,16.7,92,99,4.0,2.48,4.0,16.0
2013-11-04,18.9,82,78,9.7,7.65,1.1,19.0
2013-11-05,16.0,86,96,5.5,2.31,2.2,16.0
2013-11-06,19.0,82,81,9.0,7.93,0.0,18.0
2013-11-07,17.8,82,89,10.1,4.36,2.1,17.0
2013-11-08,18.4,86,91,7.9,4.32,2.7,18.0
2013-11-09,18.9,85,95,7.2,3.77,0.4,19.0
2013-11-10,16.0,90,98,5.2,2.24,6.5,18.0
2013-11-11,14.7,94,100,6.6,1.01,7.0,15.0
2013-11-12,13.8,89,100,6.1,1.29,0.9,13.0
2013-11-13,15.3,79,94,6.3,4.36,0.0,15.0
2013-11-14,16.8,79,90,4.1,7.41,0.0,15.0
2013-11-15,16.5,82,75,5.0,5.65,0.0,15.0
2013-11-16,17.4,78,62,6.8,8.24,0.0,17.0
2013-11-17,18.3,83,63,8.0,10.58,0.0,17.0
2013-11-18,17.2,79,86,7.9,4.64,0.6,16.0
2013-11-19,19.0,79,65,8.0,10.71,0.0,17.0
2013-11-20,17.5,84,75,6.4,5.04,2.8,15.0
2013-11-21,16.8,89,86,10.5,5.5,9.8,16.0
2013-11-22,17.5,84,92,9.5,3.23,4.3,15.0
2013-11-23,15.3,87,99,19.6,2.09,10.3,14.0
2013-11-24,13.1,68,27,20.1,13.55,4.6,14.0
2013-11-25,15.5,65,26,11.8,12.64,0.1,14.0
2013-11-26,14.2,68,88,11.3,6.74,0.2,13.0
2013-11-27,13.0,83,89,7.1,6.05,3.3,13.0
2013-11-28,15.5,76,40,6.4,11.88,0.0,14.0
2013-11-29,14.8,71,50,9.3,10.79,0.0,13.0
2013-11-30,14.9,59,51,7.8,10.15,0.0,16.0
2013-12-01,16.0,73,14,8.7,13.13,0.0,17.0
2013-12-02,17.4,75,3,9.8,12.88,0.0,18.0
2013-12-03,16.5,74,43,8.7,11.24,0.0,15.0
2013-12-04,18.2,72,51,12.7,9.41,0.0,15.0
2013-12-05,13.7,83,92,7.2,3.4,3.4,13.0
2013-12-06,16.7,82,71,7.4,8.19,0.0,15.0
2013-12-07,16.9,77,28,8.5,11.81,0.0,15.0
2013-12-08,11.9,84,89,8.0,1.61,0.6,11.0
2013-12-09,11.1,67,98,6.4,1.99,0.2,13.0
2013-12-10,10.0,83,90,8.9,1.41,1.0,11.0
2013-12-11,11.7,82,92,8.2,4.75,2.6,9.0
2013-12-12,13.0,66,84,6.0,8.7,0.0,14.0
2013-12-13,13.0,73,65,7.7,5.94,0.0,13.0
2013-12-14,11.3,80,93,6.6,3.56,2.5,9.0
2013-12-15,9.0,89,100,6.5,2.4,9.6,8.0
2013-12-16,11.2,81,92,5.8,7.27,0.0,12.0
2013-12-17,11.9,76,28,10.7,12.57,0.0,9.0
2013-12-18,12.2,71,34,7.9,11.76,0.0,6.0
2013-12-19,10.9,76,41,10.0,10.85,0.0,11.0
2013-12-20,10.7,73,59,8.6,10.37,0.0,10.0
2013-12-21,10.7,70,60,8.1,9.14,0.0,9.0
2013-12-22,10.8,68,51,8.3,11.54,0.0,9.0
2013-12-23,11.2,66,86,6.9,8.68,0.0,8.0
2013-12-24,10.4,68,82,6.0,5.01,0.0,9.0
2013-12-25,9.9,67,89,6.3,4.94,0.0,8.0
2013-12-26,8.1,87,91,6.6,2.6,3.3,7.0
2013-12-27,10.0,79,80,8.1,6.84,0.3,7.0
2013-12-28,9.5,75,70,7.6,6.59,0.0,7.0
2013-12-29,9.5,78,78,7.3,6.21,0.0,8.0
2013-12-30,10.5,78,60,6.8,8.51,0.0,9.0
2013-12-31,11.0,77,53,4.5,9.96,0.0,8.0
2014-01-01,9.4,80,60,6.6,7.67,0.0,6.0
2014-01-02,7.8,82,97,6.4,2.64,0.2,6.0
2014-01-03,12.8,73,42,10.2,12.57,0.0,12.0
2014-01-04,13.2,73,29,10.7,13.27,0.0,13.0
2014-01-05,9.2,80,80,9.4,2.76,0.0,7.0
2014-01-06,9.8,84,92,7.1,3.08,0.6,8.0
2014-01-07,10.4,83,79,9.0,5.04,0.1,8.0
2014-01-08,9.1,80,87,4.8,4.33,0.0,6.0
2014-01-09,10.3,75,90,8.6,6.39,0.0,8.0
2014-01-10,7.5,72,97,6.8,3.01,0.0,6.0
2014-01-11,8.8,79,88,5.8,5.34,0.0,7.0
2014-01-12,10.4,77,85,6.1,7.81,0.2,7.0
2014-01-13,10.4,78,76,9.6,9.34,0.0,10.0
2014-01-14,11.7,73,56,9.9,13.85,0.0,11.0
2014-01-15,10.6,65,84,9.5,5.52,0.0,9.0
2014-01-16,9.5,72,90,6.2,5.18,0.0,8.0
2014-01-17,12.0,77,64,9.5,11.56,0.0,12.0
2014-01-18,15.5,73,22,10.2,13.58,0.0,15.0
2014-01-19,9.4,82,65,9.5,3.19,0.0,8.0
2014-01-20,13.1,77,51,7.6,12.55,0.0,15.0
2014-01-21,15.3,66,0,12.5,15.27,0.0,15.0
2014-01-22,16.2,66,0,11.5,14.81,0.0,17.0
2014-01-23,16.2,68,0,11.3,14.82,0.0,17.0
2014-01-24,16.6,70,5,10.7,14.22,0.0,15.0
2014-01-25,17.8,70,34,9.5,11.9,0.0,17.0
2014-01-26,12.2,76,77,8.4,2.46,2.6,13.0
2014-01-27,14.3,75,67,8.1,6.81,0.0,11.0
2014-01-28,11.4,87,94,5.7,2.24,2.0,11.0
2014-01-29,13.6,86,73,8.7,8.38,0.0,13.0
2014-01-30,15.7,84,24,10.1,14.42,0.0,13.0
2014-01-31,14.9,85,73,7.4,8.77,0.0,10.0
2014-02-01,13.4,85,86,5.6,6.21,0.0,14.0
2014-02-02,14.6,80,72,9.1,8.31,0.0,16.0
2014-02-03,15.9,79,71,6.6,10.26,0.0,14.0
2014-02-04,16.4,71,69,16.4,7.63,0.4,18.0
2014-02-05,11.7,71,99,13.1,3.69,0.2,13.0
2014-02-06,8.7,76,100,10.2,2.01,0.9,10.0
2014-02-07,7.3,81,97,7.9,3.78,1.2,7.0
2014-02-08,7.2,73,85,9.5,4.24,0.4,7.0
2014-02-09,7.0,71,97,10.3,4.51,0.5,5.0
2014-02-10,7.6,56,88,10.0,10.79,0.0,4.0
2014-02-11,8.7,56,79,8.0,13.33,0.0,5.0
2014-02-12,6.7,59,93,8.2,7.38,0.0,5.0
2014-02-13,9.1,61,56,7.4,13.73,0.0,10.0
2014-02-14,10.6,61,64,10.0,13.16,0.0,10.0
2014-02-15,9.6,65,66,6.9,8.86,0.0,8.0
2014-02-16,9.8,69,82,9.3,7.99,0.0,9.0
2014-02-17,8.6,79,98,7.4,3.7,1.7,7.0
2014-02-18,9.0,76,100,8.7,7.39,2.3,8.0
2014-02-19,12.6,68,25,9.9,17.67,0.0,11.0
2014-02-20,14.9,67,56,10.0,15.8,0.0,14.0
2014-02-21,12.9,69,88,6.9,8.33,0.0,13.0
2014-02-22,13.8,71,90,9.0,7.17,0.0,13.0
2014-02-23,11.2,82,99,6.4,2.84,0.3,11.0
2014-02-24,11.7,86,99,7.0,2.58,0.8,10.0
2014-02-25,14.9,77,95,7.4,7.91,0.5,13.0
2014-02-26,14.8,78,80,7.6,5.39,0.0,14.0
2014-02-27,13.2,85,100,8.0,2.74,0.7,12.0
2014-02-28,11.6,86,99,5.5,2.04,1.1,12.0
2014-03-01,13.4,85,98,4.6,4.57,0.5,11.0
2014-03-02,11.7,82,97,7.9,4.01,1.3,10.0
2014-03-03,13.6,71,82,10.2,10.77,0.3,12.0
2014-03-04,14.4,72,67,7.5,10.35,0.6,14.0
2014-03-05,15.0,71,91,12.4,7.8,0.4,15.0
2014-03-06,14.5,72,93,9.3,9.18,2.4,14.0
2014-03-07,13.2,65,94,12.0,6.77,0.8,14.0
2014-03-08,14.7,72,81,7.4,12.34,0.5,14.0
2014-03-09,16.5,65,86,8.9,11.36,0.0,19.0
2014-03-10,19.4,63,78,10.6,13.01,0.0,20.0
2014-03-11,19.3,65,91,9.5,8.47,0.0,21.0
2014-03-12,19.0,76,82,8.2,12.79,3.7,19.0
2014-03-13,13.0,93,100,6.4,1.78,23.7,13.0
2014-03-14,14.4,81,98,7.1,6.78,4.9,14.0
2014-03-15,16.8,75,81,8.0,11.42,1.0,17.0
2014-03-16,20.8,70,4,10.8,21.98,0.0,23.0
2014-03-17,23.8,72,16,10.2,19.29,0.0,25.0
2014-03-18,24.3,73,59,7.3,15.79,0.0,26.0
2014-03-19,25.1,79,45,11.8,16.4,10.6,26.0
2014-03-20,18.0,86,100,13.0,3.48,42.0,18.0
2014-03-21,14.0,74,86,7.0,9.58,1.1,11.0
2014-03-22,13.7,68,88,6.8,6.03,0.0,13.0
2014-03-23,12.8,77,97,5.0,3.7,0.0,14.0
2014-03-24,11.4,86,98,5.4,1.98,5.4,12.0
2014-03-25,18.3,79,89,4.6,15.59,0.3,18.0
2014-03-26,21.4,75,59,9.0,18.74,0.6,23.0
2014-03-27,21.0,82,65,10.5,11.42,15.1,20.0
2014-03-28,17.1,94,92,9.2,2.67,36.3,19.0
2014-03-29,23.8,81,78,10.9,19.28,0.6,26.0
2014-03-30,18.6,85,100,12.4,3.74,13.7,21.0
2014-03-31,15.9,89,100,9.0,2.68,13.0,15.0
2014-04-01,15.0,91,95,8.4,2.81,17.7,14.0
2014-04-02,20.7,80,75,6.6,17.01,0.9,20.0
2014-04-03,21.6,77,77,6.9,15.95,1.5,23.0
2014-04-04,18.9,85,93,9.0,6.03,2.1,21.0
2014-04-05,15.9,90,96,6.5,4.63,15.1,16.0
2014-04-06,20.2,81,93,8.0,11.83,5.1,19.0
2014-04-07,21.2,78,86,8.4,12.77,0.1,23.0
2014-04-08,24.5,74,64,8.4,18.84,0.0,25.0
2014-04-09,25.1,79,44,8.4,16.24,0.8,24.0
2014-04-10,22.4,88,96,6.7,7.39,3.9,21.0
2014-04-11,20.9,94,86,5.9,4.32,10.4,20.0
2014-04-12,25.6,78,53,10.4,18.85,0.0,27.0
2014-04-13,24.0,80,46,11.4,12.9,3.7,24.0
2014-04-14,25.9,76,75,12.7,13.47,16.8,23.0
2014-04-15,25.8,80,74,9.2,13.18,12.6,26.0
2014-04-16,25.2,84,68,9.2,13.06,3.2,28.0
2014-04-17,28.2,82,36,10.9,17.94,0.0,30.0
2014-04-18,26.9,84,60,12.5,13.23,20.9,30.0
2014-04-19,20.6,84,94,12.2,4.74,21.6,22.0
2014-04-20,17.9,79,99,10.8,4.11,1.6,18.0
2014-04-21,18.1,82,96,6.8,4.23,3.8,17.0
2014-04-22,20.8,80,83,8.7,12.01,2.8,22.0
2014-04-23,22.6,80,77,6.6,10.31,0.4,23.0
2014-04-24,23.6,77,64,10.2,14.57,1.3,24.0
2014-04-25,19.9,78,82,12.0,11.8,3.1,20.0
2014-04-26,17.9,78,93,9.6,7.07,5.3,17.0
2014-04-27,21.3,78,84,7.2,13.19,0.5,22.0
2014-04-28,17.9,86,99,7.7,5.75,8.8,18.0
2014-04-29,19.9,82,79,8.7,14.29,1.0,21.0
2014-04-30,25.4,74,39,10.1,26.35,0.0,27.0
2014-05-01,28.2,68,29,9.5,27.1,0.0,30.0
2014-05-02,20.6,84,100,7.8,5.73,16.6,24.0
2014-05-03,16.7,90,100,9.7,3.16,15.4,17.0
2014-05-04,20.6,82,99,8.2,10.82,5.9,20.0
2014-05-05,22.8,70,94,7.7,19.32,0.0,24.0
2014-05-06,24.1,61,58,10.1,27.46,0.0,26.0
2014-05-07,25.4,60,91,6.6,25.91,0.0,27.0
2014-05-08,22.3,84,100,6.8,8.77,5.5,23.0
2014-05-09,22.3,89,98,6.9,7.31,1.0,21.0
2014-05-10,20.7,88,99,13.8,5.04,7.4,19.0
2014-05-11,23.2,70,92,6.6,19.86,0.0,26.0
2014-05-12,23.5,81,95,8.0,7.81,0.4,22.0
2014-05-13,21.4,82,95,6.5,6.22,10.0,21.0
2014-05-14,23.4,80,68,10.1,12.61,0.5,26.0
2014-05-15,18.0,78,97,7.7,3.22,1.3,20.0
2014-05-16,19.6,84,88,7.5,6.65,1.6,18.0
2014-05-17,23.6,76,47,9.2,18.3,0.0,24.0
2014-05-18,25.5,76,56,9.2,17.15,1.2,27.0
2014-05-19,26.3,79,56,11.3,19.26,14.3,28.0
2014-05-20,24.5,83,83,13.8,9.78,3.8,23.0
2014-05-21,21.2,85,95,7.6,5.31,27.0,21.0
2014-05-22,24.9,82,91,6.5,10.86,0.4,24.0
2014-05-23,24.7,84,97,7.6,9.26,3.1,25.0
2014-05-24,25.1,86,86,6.5,9.11,6.1,26.0
2014-05-25,22.6,92,97,11.8,4.64,8.0,23.0
2014-05-26,20.6,83,100,6.9,6.87,2.5,19.0
2014-05-27,22.7,81,80,5.8,14.84,0.0,25.0
2014-05-28,25.1,79,81,8.2,16.19,0.0,26.0
2014-05-29,25.7,78,79,5.0,13.25,1.0,27.0
2014-05-30,27.1,79,86,6.8,13.29,0.3,27.0
2014-05-31,27.6,83,74,9.2,10.81,8.5,27.0
2014-06-01,30.1,82,70,6.5,16.75,1.9,32.0
2014-06-02,30.7,83,64,13.0,17.07,12.4,32.0
2014-06-03,27.7,81,89,13.4,11.56,17.1,31.0
2014-06-04,28.5,83,99,7.4,14.48,7.2,27.0
2014-06-05,26.9,89,95,9.2,11.7,2.7,24.0
2014-06-06,26.3,88,93,12.7,10.23,3.9,27.0
2014-06-07,27.3,81,90,6.6,15.06,0.0,29.0
2014-06-08,26.3,87,90,5.4,9.94,5.0,25.0
2014-06-09,26.0,92,95,6.6,7.18,13.5,23.0
2014-06-10,26.7,88,100,7.0,9.99,1.3,23.0
2014-06-11,27.2,85,94,9.2,14.73,0.5,25.0
2014-06-12,24.4,87,100,8.9,7.6,0.7,22.0
2014-06-13,21.6,90,100,6.8,4.58,11.8,20.0
2014-06-14,21.2,92,99,8.0,3.08,26.4,21.0
2014-06-15,23.6,84,96,4.3,8.53,3.0,23.0
2014-06-16,25.8,86,95,8.0,10.23,10.6,27.0
2014-06-17,29.7,78,90,5.4,22.51,0.0,31.0
2014-06-18,33.5,73,19,11.5,27.57,0.0,35.0
2014-06-19,29.1,79,65,11.1,16.97,6.4,30.0
2014-06-20,24.4,94,99,10.8,5.77,28.7,25.0
2014-06-21,22.8,90,99,8.7,3.39,12.6,25.0
2014-06-22,22.9,93,100,5.4,3.41,3.1,23.0
2014-06-23,21.7,88,100,8.5,5.01,5.9,22.0
2014-06-24,23.6,89,99,10.4,5.12,13.3,25.0
2014-06-25,22.4,93,97,9.2,2.58,9.8,23.0
2014-06-26,25.4,88,93,5.6,7.73,8.1,25.0
2014-06-27,28.6,84,75,7.3,20.1,0.3,30.0
2014-06-28,28.2,88,99,6.6,10.59,3.6,26.0
2014-06-29,23.1,92,100,5.0,2.84,21.8,22.0
2014-06-30,24.9,91,98,6.6,6.68,5.5,22.0
2014-07-01,22.4,94,94,4.9,4.98,10.4,22.0
2014-07-02,27.7,83,84,6.1,16.8,0.0,30.0
2014-07-03,24.7,92,99,7.1,4.56,37.5,24.0
2014-07-04,29.3,79,57,4.8,21.42,0.3,30.0
2014-07-05,31.2,77,57,8.6,23.2,0.0,33.0
2014-07-06,30.8,81,53,10.8,19.45,2.5,32.0
2014-07-07,31.8,82,54,5.7,20.53,0.4,34.0
2014-07-08,33.4,80,74,10.2,24.61,1.5,36.0
2014-07-09,35.2,75,96,13.0,25.6,0.0,38.0
2014-07-10,32.5,82,96,11.4,19.66,7.6,34.0
2014-07-11,28.5,84,85,11.5,13.13,11.6,29.0
2014-07-12,26.7,84,95,12.3,9.96,2.5,26.0
2014-07-13,30.1,78,67,6.2,22.23,0.0,31.0
2014-07-14,25.9,88,82,6.9,6.59,13.4,27.0
2014-07-15,26.6,84,96,6.3,11.7,0.0,27.0
2014-07-16,29.9,80,43,9.2,20.98,0.2,33.0
2014-07-17,31.4,77,23,8.9,24.87,0.3,34.0
2014-07-18,30.9,79,32,12.7,23.01,0.6,34.0
2014-07-19,32.4,76,34,12.4,24.28,0.1,35.0
2014-07-20,30.9,79,70,9.5,21.04,3.0,35.0
2014-07-21,33.2,76,17,12.9,24.66,0.0,37.0
2014-07-22,35.1,72,12,7.6,26.51,0.0,39.0
2014-07-23,35.4,72,18,6.9,24.92,0.5,38.0
2014-07-24,30.2,79,40,15.0,20.31,2.3,32.0
2014-07-25,32.4,73,16,7.4,25.36,0.0,37.0
2014-07-26,33.8,73,5,10.8,25.59,0.0,38.0
2014-07-27,33.5,70,10,9.7,24.97,0.0,37.0
2014-07-28,34.3,69,8,11.8,25.58,0.0,38.0
2014-07-29,34.8,66,22,13.4,25.72,0.0,39.0
2014-07-30,35.8,64,24,11.9,24.85,0.0,39.0
2014-07-31,36.0,68,73,8.3,23.11,0.3,38.0
2014-08-01,31.1,79,79,8.2,12.99,4.4,32.0
2014-08-02,33.7,77,29,6.6,20.57,0.4,36.0
2014-08-03,34.9,69,28,9.2,21.87,0.0,37.0
2014-08-04,35.9,67,19,8.3,24.25,0.0,38.0
2014-08-05,35.7,68,49,9.0,23.28,0.1,38.0
2014-08-06,37.3,61,82,13.1,23.56,0.0,40.0
2014-08-07,37.2,58,88,12.4,23.31,0.0,39.0
2014-08-08,35.5,64,91,14.0,22.41,4.8,37.0
2014-08-09,32.3,73,100,12.1,12.12,6.1,31.0
2014-08-10,29.4,79,99,9.1,11.33,9.4,30.0
2014-08-11,26.0,90,99,8.9,4.16,23.1,25.0
2014-08-12,23.1,90,100,8.9,2.42,6.6,22.0
2014-08-13,28.3,74,78,6.4,23.45,0.2,30.0
2014-08-14,30.6,69,79,5.6,22.57,0.0,33.0
2014-08-15,32.3,71,100,7.8,17.57,0.0,31.0
2014-08-16,28.8,75,99,11.0,10.73,0.7,29.0
2014-08-17,25.4,89,100,7.1,2.36,54.0,28.0
2014-08-18,29.5,83,70,7.9,18.1,3.0,31.0
2014-08-19,30.0,80,25,7.9,21.34,0.0,33.0
2014-08-20,30.8,75,36,9.5,22.42,0.0,34.0
2014-08-21,31.2,67,89,13.2,24.08,0.0,34.0
2014-08-22,24.8,79,98,12.5,3.36,2.2,30.0
2014-08-23,23.0,88,98,7.2,5.33,9.8,24.0
2014-08-24,27.1,83,95,5.6,12.71,0.0,26.0
2014-08-25,28.8,81,94,7.6,15.9,0.0,32.0
2014-08-26,26.9,82,100,13.6,11.71,10.5,26.0
2014-08-27,23.2,92,93,7.1,3.57,33.1,23.0
2014-08-28,26.0,90,100,5.8,7.51,6.9,23.0
2014-08-29,28.9,84,74,6.8,16.5,15.1,30.0
2014-08-30,31.3,76,86,13.8,20.43,0.0,33.0
2014-08-31,27.3,88,99,7.4,9.34,3.8,28.0
2014-09-01,28.0,91,100,7.4,8.47,26.2,27.0
2014-09-02,25.1,86,85,9.0,8.4,20.5,25.0
2014-09-03,27.8,86,98,6.6,15.62,0.0,27.0
2014-09-04,23.7,83,83,9.9,6.21,8.5,22.0
2014-09-05,28.6,78,78,7.5,17.77,0.0,28.0
2014-09-06,30.5,79,49,9.8,16.05,0.0,31.0
2014-09-07,29.6,81,56,8.4,17.62,0.3,28.0
2014-09-08,30.6,84,88,8.0,19.34,0.2,33.0
2014-09-09,31.4,84,98,7.5,16.1,0.0,33.0
2014-09-10,31.8,81,98,7.6,16.59,0.0,34.0
2014-09-11,32.6,74,100,13.4,14.81,0.0,33.0
2014-09-12,30.2,87,100,6.9,11.85,13.3,29.0
2014-09-13,29.6,90,99,7.5,11.71,14.6,26.0
2014-09-14,26.9,87,84,8.5,10.24,2.0,27.0
2014-09-15,22.8,88,98,10.1,3.42,4.6,23.0
2014-09-16,25.6,81,89,7.3,9.92,0.0,24.0
2014-09-17,22.9,93,100,7.1,4.0,13.0,22.0
2014-09-18,20.3,97,100,10.0,1.49,42.6,21.0
2014-09-19,24.2,85,91,6.1,7.13,5.1,23.0
2014-09-20,27.8,82,44,9.1,18.26,0.0,30.0
2014-09-21,29.9,72,26,12.8,22.17,0.0,31.0
2014-09-22,28.0,68,60,12.7,21.14,0.0,30.0
2014-09-23,25.1,72,89,10.7,10.64,0.2,27.0
2014-09-24,23.8,80,72,10.7,12.54,1.0,24.0
2014-09-25,25.5,80,78,9.8,11.69,1.6,26.0
2014-09-26,24.4,82,92,6.5,6.5,5.0,24.0
2014-09-27,23.0,90,93,8.7,4.98,15.1,22.0
2014-09-28,25.7,86,87,9.7,9.57,11.9,24.0
2014-09-29,27.1,80,43,7.6,15.19,0.0,28.0
2014-09-30,27.8,75,28,12.0,14.86,0.0,28.0
2014-10-01,23.2,81,71,8.9,6.25,3.0,25.0
2014-10-02,25.9,82,58,8.4,14.22,0.0,27.0
2014-10-03,27.6,78,51,10.1,16.97,0.4,29.0
2014-10-04,23.5,79,83,10.2,9.33,17.3,23.0
2014-10-05,25.5,79,33,6.5,17.66,0.2,27.0
2014-10-06,27.2,79,32,11.6,17.29,0.0,28.0
2014-10-07,26.4,70,0,11.8,19.98,0.0,28.0
2014-10-08,26.6,73,2,9.8,19.48,0.0,28.0
2014-10-09,27.0,74,6,9.7,17.65,0.0,28.0
2014-10-10,26.1,72,10,10.2,17.59,0.0,27.0
2014-10-11,25.6,73,9,11.3,19.21,0.0,28.0
2014-10-12,17.2,74,91,13.8,5.89,0.5,21.0
2014-10-13,14.7,76,98,10.5,2.83,0.0,15.0
2014-10-14,17.2,78,98,5.4,5.55,0.1,19.0
2014-10-15,18.5,82,99,6.9,4.53,0.8,18.0
2014-10-16,15.9,93,100,6.6,1.08,9.4,16.0
2014-10-17,16.3,94,97,6.5,1.54,10.7,16.0
2014-10-18,17.9,91,96,7.4,2.45,5.2,18.0
2014-10-19,18.5,91,99,8.2,2.52,12.2,18.0
2014-10-20,21.7,84,75,6.4,7.01,19.2,21.0
2014-10-21,23.1,81,37,6.6,15.46,0.0,24.0
2014-10-22,24.7,77,13,10.9,17.13,0.0,26.0
2014-10-23,23.0,76,61,7.4,15.13,0.0,21.0
2014-10-24,23.7,80,36,7.2,15.19,0.0,25.0
2014-10-25,24.4,79,31,8.3,14.54,0.0,25.0
2014-10-26,25.3,81,46,8.3,13.15,0.0,26.0
2014-10-27,24.9,79,99,17.3,8.12,5.5,25.0
2014-10-28,19.6,91,99,8.3,2.55,51.9,19.0
2014-10-29,20.4,85,96,9.2,4.71,1.1,19.0
2014-10-30,21.7,82,73,7.9,8.34,2.5,21.0
2014-10-31,21.3,80,69,6.0,8.58,0.0,22.0
2014-11-01,18.0,89,91,7.5,2.99,11.4,18.0
2014-11-02,13.6,84,89,8.4,2.51,10.4,13.0
2014-11-03,15.8,81,59,6.5,8.23,0.0,15.0
2014-11-04,16.4,82,69,7.6,7.33,1.5,15.0
2014-11-05,18.5,73,69,10.0,12.57,0.0,19.0
2014-11-06,18.2,79,72,9.4,5.57,1.4,16.0
2014-11-07,15.2,81,98,9.6,2.21,8.7,15.0
2014-11-08,18.7,73,74,13.4,11.37,0.0,16.0
2014-11-09,13.9,78,100,8.7,1.96,0.9,15.0
2014-11-10,13.5,83,100,4.8,1.77,0.8,14.0
2014-11-11,15.9,85,96,8.3,4.41,0.0,16.0
2014-11-12,14.1,91,98,5.5,1.52,5.1,14.0
2014-11-13,14.8,75,81,6.4,4.66,0.6,15.0
2014-11-14,18.5,73,37,10.3,13.8,0.0,15.0
2014-11-15,14.4,82,100,6.3,2.07,0.4,15.0
2014-11-16,13.9,86,99,8.7,2.27,1.9,13.0
2014-11-17,13.9,73,98,10.1,4.0,1.4,13.0
2014-11-18,14.1,68,90,6.5,5.35,0.0,13.0
2014-11-19,16.5,68,57,7.9,13.19,0.0,17.0
2014-11-20,15.9,78,73,10.7,7.62,1.4,14.0
2014-11-21,14.3,85,95,6.6,3.31,0.1,14.0
2014-11-22,13.6,91,99,9.2,1.84,7.7,13.0
2014-11-23,13.4,94,100,6.5,1.19,3.4,13.0
2014-11-24,13.4,93,92,8.1,1.73,0.7,13.0
2014-11-25,15.7,86,73,7.4,9.48,0.0,15.0
2014-11-26,14.9,86,80,9.4,4.01,2.0,15.0
2014-11-27,15.8,86,92,10.9,3.52,4.3,16.0
2014-11-28,16.6,83,88,8.9,5.1,0.4,15.0
2014-11-29,15.1,83,99,6.8,2.77,4.5,14.0
2014-11-30,16.5,81,94,8.0,4.0,0.3,15.0
2014-12-01,13.0,66,97,9.7,2.5,0.8,14.0
2014-12-02,13.2,58,60,7.3,7.49,0.0,13.0
2014-12-03,11.4,82,96,6.5,2.24,2.3,12.0
2014-12-04,11.8,77,91,7.9,3.29,0.7,11.0
2014-12-05,14.1,70,55,9.8,9.88,0.0,14.0
2014-12-06,13.2,71,86,8.9,3.25,0.0,12.0
2014-12-07,13.8,75,52,8.0,9.49,0.0,15.0
2014-12-08,15.4,64,52,13.8,10.47,0.0,15.0
2014-12-09,11.2,70,99,10.9,1.33,3.9,13.0
2014-12-10,7.9,87,100,7.3,1.94,3.6,7.0
2014-12-11,7.2,86,91,7.9,2.68,6.0,6.0
2014-12-12,9.1,80,63,8.6,7.15,0.3,7.0
2014-12-13,10.4,79,75,7.2,8.91,0.0,8.0
2014-12-14,10.8,71,99,8.0,6.6,0.0,9.0
2014-12-15,11.1,73,96,7.2,3.59,0.0,8.0
2014-12-16,7.7,70,82,8.3,4.62,2.2,8.0
2014-12-17,10.1,65,49,8.5,12.32,0.0,9.0
2014-12-18,9.6,62,92,7.4,6.67,0.0,8.0
2014-12-19,10.8,74,12,10.6,12.73,0.0,12.0
2014-12-20,12.9,68,46,12.5,10.98,0.0,8.0
2014-12-21,11.8,69,64,8.7,9.64,0.5,10.0
2014-12-22,12.9,72,48,10.3,11.77,0.0,11.0
2014-12-23,11.6,68,53,12.6,10.46,0.0,11.0
2014-12-24,12.6,78,46,7.1,8.9,0.5,11.0
2014-12-25,10.5,84,97,7.6,2.99,4.8,9.0
2014-12-26,8.4,77,99,7.5,1.67,1.2,8.0
2014-12-27,8.4,87,94,6.4,3.1,1.4,8.0
2014-12-28,12.3,81,48,7.4,10.75,0.0,12.0
2014-12-29,13.8,74,18,11.2,13.34,0.0,13.0
2014-12-30,12.3,74,31,7.1,12.51,0.0,8.0
2014-12-31,11.9,78,50,9.4,7.5,0.0,
2015-01-01,11.3,74,97,8.9,2.89,0.0,9.0
2015-01-02,11.7,60,84,7.2,4.83,0.0,8.0
2015-01-03,12.9,70,56,8.0,8.84,0.0,11.0
2015-01-04,13.5,74,79,8.7,8.05,0.1,10.0
2015-01-05,9.4,91,100,12.8,1.26,1.7,8.0
2015-01-06,10.8,75,85,10.5,8.55,3.6,9.0
2015-01-07,11.8,76,66,8.4,7.87,0.0,12.0
2015-01-08,9.4,83,92,7.4,2.89,0.8,8.0
2015-01-09,10.5,83,100,5.6,4.19,0.0,8.0
2015-01-10,12.4,77,97,6.3,8.85,0.0,11.0
2015-01-11,11.3,76,97,6.1,6.38,0.2,12.0
2015-01-12,13.5,73,34,7.7,12.33,0.0,14.0
2015-01-13,14.3,70,26,10.9,13.52,0.0,15.0
2015-01-14,13.3,71,60,10.1,9.22,0.0,11.0
2015-01-15,12.9,75,83,6.5,5.56,0.0,12.0
2015-01-16,12.9,82,77,8.6,5.67,0.0,11.0
2015-01-17,11.9,75,96,10.6,2.84,0.0,11.0
2015-01-18,13.3,67,86,6.9,9.8,0.0,12.0
2015-01-19,13.4,73,76,9.4,6.18,0.0,10.0
2015-01-20,14.8,67,67,6.9,10.77,0.0,14.0
2015-01-21,15.5,68,24,11.5,13.62,0.0,16.0
2015-01-22,17.2,72,15,10.7,13.38,0.0,18.0
2015-01-23,16.5,72,83,11.1,8.24,0.0,16.0
2015-01-24,12.9,83,100,8.4,1.76,0.5,13.0
2015-01-25,15.3,82,90,7.2,5.07,0.0,14.0
2015-01-26,12.2,88,95,6.3,1.76,0.1,12.0
2015-01-27,11.5,88,100,11.7,1.21,3.4,12.0
2015-01-28,7.9,75,100,12.2,1.63,1.4,9.0
2015-01-29,5.9,85,99,5.9,1.99,2.8,6.0
2015-01-30,7.4,77,92,9.0,4.55,0.8,6.0
2015-01-31,7.1,62,93,8.7,4.62,0.0,6.0
2015-02-01,8.9,64,83,9.4,11.8,0.0,8.0
2015-02-02,11.0,69,73,8.7,11.5,0.0,10.0
2015-02-03,9.5,69,80,7.9,5.87,0.0,10.0
2015-02-04,10.8,68,80,6.3,8.85,0.0,9.0
2015-02-05,10.1,74,72,8.6,8.12,1.8,9.0
2015-02-06,13.6,68,50,9.4,15.02,0.0,11.0
2015-02-07,12.4,64,79,8.6,9.31,0.2,10.0
2015-02-08,12.6,68,84,12.8,8.53,0.1,8.0
2015-02-09,10.5,63,93,8.2,4.46,0.0,9.0
2015-02-10,11.7,72,90,5.6,7.55,0.0,10.0
2015-02-11,13.4,70,60,8.7,12.58,0.0,15.0
2015-02-12,17.2,68,12,10.2,17.14,0.0,17.0
2015-02-13,14.6,72,85,7.4,7.15,2.5,15.0
2015-02-14,15.2,81,93,9.6,4.22,4.7,18.0
2015-02-15,16.4,83,95,6.8,7.63,0.5,19.0
2015-02-16,16.9,82,76,7.3,5.79,4.1,15.0
2015-02-17,19.2,83,55,11.0,13.44,0.0,19.0
2015-02-18,20.3,80,53,10.1,10.75,1.9,21.0
2015-02-19,19.3,77,73,11.6,8.81,12.7,21.0
2015-02-20,16.7,78,96,7.6,7.46,1.4,17.0
2015-02-21,16.4,83,97,9.0,5.45,0.6,16.0
2015-02-22,12.8,88,97,7.6,1.68,4.1,14.0
2015-02-23,12.7,77,93,10.8,5.52,0.0,12.0
2015-02-24,16.1,76,80,15.5,11.63,0.0,15.0
2015-02-25,16.0,73,93,10.0,7.98,0.0,17.0
2015-02-26,13.5,75,99,11.0,3.31,0.0,14.0
2015-02-27,12.3,81,100,10.0,4.07,2.2,14.0
2015-02-28,10.5,92,100,12.8,1.91,5.0,11.0
2015-03-01,10.6,78,88,9.4,6.85,0.5,9.0
2015-03-02,12.6,74,79,8.3,12.36,0.0,11.0
2015-03-03,12.5,74,87,8.2,6.09,0.0,13.0
2015-03-04,12.3,56,92,13.9,5.99,0.0,12.0
2015-03-05,11.1,62,84,7.5,6.9,0.0,11.0
2015-03-06,12.8,69,68,8.9,11.58,0.0,15.0
2015-03-07,15.0,68,63,7.9,12.69,0.3,18.0
2015-03-08,17.4,62,56,13.1,14.92,0.0,20.0
2015-03-09,16.6,70,65,9.4,6.08,0.0,16.0
2015-03-10,15.6,59,70,12.5,8.95,1.0,17.0
2015-03-11,15.7,68,69,6.1,12.54,0.9,16.0
2015-03-12,20.0,66,32,9.7,20.55,0.0,21.0
2015-03-13,16.8,70,95,8.3,5.79,0.0,19.0
2015-03-14,15.0,84,92,6.5,3.56,0.6,16.0
2015-03-15,20.2,81,88,8.3,9.12,0.0,22.0
2015-03-16,20.4,79,72,14.3,11.58,1.1,21.0
2015-03-17,21.2,83,85,10.9,7.0,2.4,22.0
2015-03-18,21.7,83,75,10.0,9.36,4.3,22.0
2015-03-19,18.1,84,97,7.4,3.63,3.9,17.0
2015-03-20,16.3,81,95,11.2,3.72,4.1,18.0
2015-03-21,19.5,73,55,9.2,15.71,0.1,21.0
2015-03-22,16.9,84,96,8.7,5.88,7.1,17.0
2015-03-23,21.2,77,89,8.0,13.68,0.4,24.0
2015-03-24,20.9,68,88,8.7,13.08,3.6,20.0
2015-03-25,22.4,65,80,12.9,18.38,0.0,25.0
2015-03-26,23.4,68,59,10.2,16.8,0.0,25.0
2015-03-27,20.3,74,99,10.9,6.59,4.5,21.0
2015-03-28,22.3,78,89,7.9,14.57,2.3,23.0
2015-03-29,23.4,77,58,7.2,17.88,12.1,24.0
2015-03-30,28.0,75,12,13.7,20.81,0.0,28.0
2015-03-31,30.3,74,42,13.7,19.27,0.0,31.0
2015-04-01,32.1,69,28,18.4,21.69,0.0,35.0
2015-04-02,25.9,78,87,25.9,13.79,3.6,29.0
2015-04-03,28.1,78,50,22.6,19.77,2.1,32.0
2015-04-04,27.6,75,70,14.2,12.73,0.1,30.0
2015-04-05,19.8,81,97,15.0,3.29,20.6,24.0
2015-04-06,16.5,81,100,7.6,3.73,1.5,15.0
2015-04-07,14.3,82,100,8.7,2.59,8.1,13.0
2015-04-08,16.5,72,96,9.9,9.99,1.5,18.0
2015-04-09,17.0,77,86,7.0,10.7,5.8,17.0
2015-04-10,19.7,73,88,8.2,14.58,0.1,22.0
2015-04-11,18.7,72,98,9.6,9.93,0.0,19.0
2015-04-12,21.9,71,60,9.2,20.05,0.0,24.0
2015-04-13,23.5,60,11,11.2,23.07,0.0,26.0
2015-04-14,25.3,62,51,16.4,22.85,8.7,27.0
2015-04-15,23.6,76,52,11.1,24.76,5.5,25.0
2015-04-16,28.9,71,83,9.9,24.34,0.3,30.0
2015-04-17,28.6,67,57,12.2,15.31,0.0,30.0
2015-04-18,23.0,80,90,11.5,7.32,1.9,24.0
2015-04-19,19.5,75,99,15.4,8.62,9.2,21.0
2015-04-20,23.0,69,83,9.4,21.7,0.3,25.0
2015-04-21,23.3,72,66,7.4,18.41,0.9,24.0
2015-04-22,17.8,83,100,13.0,5.85,7.7,20.0
2015-04-23,18.0,84,99,6.3,8.53,0.0,18.0
2015-04-24,20.5,79,74,7.7,13.42,0.5,22.0
2015-04-25,23.1,74,79,7.8,16.88,0.0,26.0
2015-04-26,26.1,72,98,8.2,19.89,0.0,27.0
2015-04-27,27.4,70,93,7.1,18.56,0.0,29.0
2015-04-28,29.1,68,67,5.2,22.98,0.0,32.0
2015-04-29,31.3,62,41,8.6,24.64,0.0,33.0
2015-04-30,29.2,67,65,14.1,18.57,0.0,31.0
2015-05-01,21.8,85,85,15.9,5.63,33.6,26.0
2015-05-02,24.2,75,60,10.5,21.2,0.0,26.0
2015-05-03,20.8,87,91,10.6,4.43,17.1,21.0
2015-05-04,20.7,85,94,8.1,8.21,10.4,20.0
2015-05-05,21.2,84,76,9.0,9.42,0.0,21.0
2015-05-06,24.9,78,75,9.2,22.94,0.0,26.0
2015-05-07,27.4,75,83,12.3,20.78,2.6,28.0
2015-05-08,26.3,74,55,14.1,22.8,10.8,29.0
2015-05-09,28.3,70,89,9.9,22.76,0.0,31.0
2015-05-10,28.9,78,77,13.8,20.93,10.9,31.0
2015-05-11,22.8,64,76,19.5,22.47,10.0,25.0
2015-05-12,25.3,70,97,12.5,18.62,0.0,25.0
2015-05-13,24.7,76,91,10.2,10.08,0.0,26.0
2015-05-14,27.5,80,75,6.2,14.44,0.7,27.0
2015-05-15,23.3,93,99,12.1,2.8,54.7,23.0
2015-05-16,23.3,90,99,8.9,5.46,23.0,23.0
2015-05-17,21.4,92,99,7.0,4.49,10.0,23.0
2015-05-18,27.4,77,87,5.9,20.51,0.0,29.0
2015-05-19,29.5,77,71,7.3,21.06,0.6,28.0
2015-05-20,29.9,73,50,10.0,21.11,1.0,32.0
2015-05-21,27.8,73,89,10.2,15.32,1.5,27.0
2015-05-22,21.9,91,100,10.0,1.59,15.0,21.0
2015-05-23,21.2,84,95,6.5,7.56,0.1,23.0
2015-05-24,26.0,79,60,7.8,19.23,0.2,28.0
2015-05-25,22.4,88,89,8.2,4.22,4.2,23.0
2015-05-26,23.7,85,94,7.9,8.28,4.7,22.0
2015-05-27,25.1,80,96,6.3,11.01,0.2,26.0
2015-05-28,26.3,85,79,5.6,10.03,4.6,24.0
2015-05-29,25.2,80,75,12.8,15.25,8.5,27.0
2015-05-30,27.3,77,52,7.9,18.6,0.0,28.0
2015-05-31,30.5,75,32,10.9,24.28,0.0,32.0
2015-06-01,25.1,87,97,10.1,5.74,24.1,28.0
2015-06-02,28.2,84,86,8.1,15.65,2.0,27.0
2015-06-03,25.4,88,99,7.4,7.97,2.0,24.0
2015-06-04,25.2,87,82,9.6,8.05,10.4,25.0
2015-06-05,25.0,84,90,8.4,11.78,0.1,27.0
2015-06-06,28.4,80,99,11.4,13.48,1.2,25.0
2015-06-07,22.9,82,98,7.2,8.07,3.1,23.0
2015-06-08,25.1,82,89,9.0,14.89,6.0,27.0
2015-06-09,28.0,77,90,7.7,20.29,0.0,30.0
2015-06-10,30.2,73,65,6.7,24.36,0.0,33.0
2015-06-11,31.4,75,50,8.9,25.59,0.3,34.0
2015-06-12,30.1,78,97,14.6,15.84,0.3,30.0
2015-06-13,21.6,86,95,10.5,4.01,10.4,20.0
2015-06-14,26.2,81,85,5.9,14.54,0.0,26.0
2015-06-15,24.5,88,90,7.4,6.67,11.4,23.0
2015-06-16,25.8,89,93,10.0,7.98,21.2,26.0
2015-06-17,27.0,87,81,9.4,10.71,22.8,27.0
2015-06-18,27.1,87,80,6.9,13.99,3.0,27.0
2015-06-19,29.9,76,66,8.1,24.97,0.0,31.0
2015-06-20,26.2,80,99,12.3,7.91,3.9,26.0
2015-06-21,25.6,85,78,5.3,11.85,0.9,27.0
2015-06-22,31.1,77,60,14.1,24.46,0.0,33.0
2015-06-23,31.8,76,100,12.0,14.68,2.2,32.0
2015-06-24,29.0,88,98,6.5,9.82,6.5,29.0
2015-06-25,30.1,88,94,5.4,14.21,3.4,32.0
2015-06-26,33.2,79,97,11.6,20.62,0.0,36.0
2015-06-27,34.0,72,100,14.3,20.75,0.0,37.0
2015-06-28,35.6,69,100,12.9,22.18,0.0,37.0
2015-06-29,31.9,78,100,13.7,13.1,4.8,33.0
2015-06-30,25.9,96,100,5.9,2.9,27.6,27.0
2015-07-01,27.9,89,87,13.4,14.07,0.6,26.0
2015-07-02,25.7,94,99,5.9,4.86,26.5,27.0
2015-07-03,25.8,88,100,10.8,3.67,5.2,24.0
2015-07-04,21.3,91,100,4.2,1.88,13.6,21.0
2015-07-05,23.8,87,69,6.4,10.88,3.1,25.0
2015-07-06,27.6,78,25,7.2,25.11,0.0,29.0
2015-07-07,29.7,74,16,6.8,26.2,0.0,32.0
2015-07-08,30.4,73,21,10.2,24.72,0.0,33.0
2015-07-09,30.0,72,81,9.4,23.37,0.3,31.0
2015-07-10,29.4,79,32,6.9,23.54,0.0,32.0
2015-07-11,30.8,75,22,6.8,23.77,0.0,34.0
2015-07-12,33.2,73,46,9.1,25.25,0.0,36.0
2015-07-13,33.2,77,87,9.2,21.66,2.4,35.0
2015-07-14,28.8,91,99,6.8,7.78,43.6,28.0
2015-07-15,29.0,82,97,13.3,19.33,26.5,29.0
2015-07-16,31.0,74,72,6.5,23.72,0.0,32.0
2015-07-17,31.7,76,51,5.7,24.79,0.3,33.0
2015-07-18,32.7,76,24,7.5,26.76,0.0,35.0
2015-07-19,32.2,75,48,7.1,24.65,0.3,34.0
2015-07-20,32.6,78,48,7.1,25.13,0.0,35.0
2015-07-21,32.0,75,96,8.2,17.32,0.3,33.0
2015-07-22,26.9,86,88,8.2,6.5,33.9,29.0
2015-07-23,30.3,82,55,9.9,22.87,2.6,31.0
2015-07-24,31.3,79,89,9.7,25.17,0.6,33.0
2015-07-25,32.2,75,99,7.6,21.31,0.0,34.0
2015-07-26,31.7,78,73,6.0,14.84,0.0,34.0
2015-07-27,32.1,74,24,7.2,24.62,0.0,35.0
2015-07-28,32.5,77,40,11.6,25.07,0.0,34.0
2015-07-29,32.2,72,51,13.1,24.55,0.2,35.0
2015-07-30,31.7,74,76,11.6,22.88,0.0,35.0
2015-07-31,32.5,72,82,10.4,23.25,0.0,36.0
2015-08-01,33.2,70,73,11.6,24.95,0.0,36.0
2015-08-02,33.8,65,57,15.3,25.77,0.0,37.0
2015-08-03,33.7,61,62,18.4,25.32,0.0,37.0
2015-08-04,32.0,64,52,14.0,24.05,0.5,35.0
2015-08-05,28.8,79,47,7.9,18.41,3.2,32.0
2015-08-06,31.3,78,33,6.1,22.33,0.2,34.0
2015-08-07,30.4,83,97,9.0,13.34,2.2,32.0
2015-08-08,25.6,93,99,6.7,6.53,11.4,26.0
2015-08-09,27.3,84,86,13.1,13.89,0.3,29.0
2015-08-10,28.5,80,76,6.1,16.25,0.0,30.0
2015-08-11,27.8,83,74,8.3,11.41,7.1,30.0
2015-08-12,30.8,82,42,10.4,20.1,3.8,32.0
2015-08-13,31.9,79,35,6.7,21.7,1.8,34.0
2015-08-14,32.5,77,66,9.3,20.95,0.8,33.0
2015-08-15,30.4,83,57,8.0,19.48,5.8,31.0
2015-08-16,31.4,84,90,10.2,14.61,8.1,33.0
2015-08-17,26.2,92,100,10.2,3.65,21.8,27.0
2015-08-18,23.2,89,99,11.3,3.48,6.2,24.0
2015-08-19,21.7,90,100,8.5,2.09,4.3,22.0
2015-08-20,25.9,87,84,8.3,9.4,2.2,28.0
2015-08-21,29.8,78,82,7.4,23.07,0.0,32.0
2015-08-22,31.0,78,90,7.8,19.21,0.3,33.0
2015-08-23,30.9,79,47,7.6,22.51,2.1,33.0
2015-08-24,31.5,74,67,7.0,20.01,0.0,32.0
2015-08-25,25.5,87,94,8.0,5.17,6.8,27.0
2015-08-26,28.2,81,70,4.9,18.36,0.0,29.0
2015-08-27,24.5,87,98,6.4,3.12,20.6,25.0
2015-08-28,28.2,86,95,6.4,15.43,1.3,29.0
2015-08-29,29.4,82,59,7.2,21.11,0.0,31.0
2015-08-30,30.3,79,51,4.8,21.91,0.0,33.0
2015-08-31,31.3,73,94,5.5,18.14,0.0,33.0
2015-09-01,30.8,79,38,8.2,21.49,0.1,33.0
2015-09-02,30.5,76,83,9.5,18.39,0.3,32.0
2015-09-03,31.3,72,72,16.1,18.99,1.7,33.0
2015-09-04,30.4,79,92,7.4,15.42,10.8,31.0
2015-09-05,26.9,93,95,7.2,6.82,24.1,27.0
2015-09-06,29.5,88,76,15.2,15.25,0.0,26.0
2015-09-07,30.9,77,56,11.4,20.96,0.0,32.0
2015-09-08,29.8,68,82,14.3,17.46,0.0,31.0
2015-09-09,28.7,76,83,9.7,9.37,0.4,30.0
2015-09-10,30.0,81,91,10.0,13.46,0.8,31.0
2015-09-11,24.0,93,100,13.8,1.75,23.3,27.0
2015-09-12,22.9,80,96,11.1,7.38,7.1,24.0
2015-09-13,22.0,83,100,7.1,4.53,0.0,23.0
2015-09-14,26.0,77,63,6.4,16.24,0.0,27.0
2015-09-15,26.7,75,84,6.5,12.58,0.0,28.0
2015-09-16,24.7,76,92,9.7,7.52,0.9,28.0
2015-09-17,21.4,87,100,8.2,2.01,13.0,23.0
2015-09-18,22.0,90,97,5.3,4.35,6.7,20.0
2015-09-19,21.5,89,81,5.8,5.57,5.1,21.0
2015-09-20,25.0,84,53,7.8,13.83,0.0,25.0
2015-09-21,26.3,82,86,7.3,10.48,0.0,26.0
2015-09-22,21.3,86,91,7.3,2.34,6.2,23.0
2015-09-23,25.8,82,89,12.9,11.85,0.0,28.0
2015-09-24,22.7,87,99,10.6,2.99,8.8,24.0
2015-09-25,20.2,92,100,4.5,1.44,7.2,22.0
2015-09-26,20.5,89,97,6.3,2.55,2.2,21.0
2015-09-27,21.0,87,99,6.2,2.75,2.5,22.0
2015-09-28,21.4,89,99,5.1,3.03,5.6,22.0
2015-09-29,25.3,87,83,7.7,8.83,6.1,24.0
2015-09-30,27.0,85,75,8.4,10.16,0.4,30.0
2015-10-01,22.7,77,75,17.3,9.62,28.1,25.0
2015-10-02,24.0,77,64,9.9,11.65,0.0,25.0
2015-10-03,19.6,90,100,5.1,1.99,12.1,21.0
2015-10-04,19.1,89,94,3.4,3.64,1.3,18.0
2015-10-05,21.2,83,95,4.8,7.59,0.1,21.0
2015-10-06,21.6,84,90,5.9,5.41,2.0,21.0
2015-10-07,23.7,84,72,7.8,9.26,0.2,26.0
2015-10-08,23.7,87,85,7.4,7.52,1.7,23.0
2015-10-09,21.3,87,100,11.3,7.39,1.4,22.0
2015-10-10,23.3,78,89,6.5,15.33,0.0,24.0
2015-10-11,24.5,74,26,7.7,18.02,0.0,26.0
2015-10-12,25.7,72,67,7.7,14.97,0.0,28.0
2015-10-13,24.6,72,87,9.7,14.52,0.0,25.0
2015-10-14,25.3,72,41,7.6,18.69,0.0,27.0
2015-10-15,26.2,71,41,8.5,18.24,0.0,28.0
2015-10-16,27.7,71,24,10.8,18.12,0.0,30.0
2015-10-17,23.9,78,88,8.6,8.91,4.8,24.0
2015-10-18,23.3,90,90,4.4,8.29,16.6,22.0
2015-10-19,24.0,86,54,5.8,13.09,5.3,25.0
2015-10-20,26.0,84,35,8.9,16.26,0.0,27.0
2015-10-21,27.9,75,13,10.7,17.76,0.0,29.0
2015-10-22,26.6,67,31,13.1,16.21,0.0,28.0
2015-10-23,23.3,74,77,9.7,8.1,0.6,24.0
2015-10-24,25.1,80,67,7.9,11.07,0.2,26.0
2015-10-25,23.9,86,73,7.6,8.12,2.9,22.0
2015-10-26,19.8,86,74,16.4,5.0,5.5,21.0
2015-10-27,16.7,62,96,9.4,3.22,0.8,18.0
2015-10-28,18.4,78,93,6.2,5.85,2.4,17.0
2015-10-29,19.4,79,97,6.6,6.51,0.4,20.0
2015-10-30,17.4,83,100,6.8,2.29,1.3,16.0
2015-10-31,15.1,77,100,6.2,1.59,2.3,14.0
2015-11-01,16.7,78,91,8.1,6.7,0.0,18.0
2015-11-02,20.6,77,54,8.6,13.75,0.0,21.0
2015-11-03,17.7,75,93,10.0,3.36,0.0,18.0
2015-11-04,16.9,80,95,7.9,3.95,2.8,17.0
2015-11-05,17.1,88,92,6.9,4.4,7.6,17.0
2015-11-06,18.4,89,95,7.4,2.71,3.4,19.0
2015-11-07,20.7,81,79,7.3,7.2,0.9,23.0
2015-11-08,18.8,80,75,8.3,8.23,1.1,20.0
2015-11-09,18.9,81,73,10.1,5.54,0.7,19.0
2015-11-10,15.8,79,100,9.0,2.2,5.1,18.0
2015-11-11,16.9,76,80,10.9,6.62,0.9,19.0
2015-11-12,15.4,74,88,8.7,4.17,0.4,18.0
2015-11-13,18.8,77,59,8.0,11.15,0.0,19.0
2015-11-14,19.2,79,62,12.3,10.17,0.0,17.0
2015-11-15,17.3,88,88,9.4,2.46,5.4,16.0
2015-11-16,18.1,85,65,8.4,5.1,0.0,18.0
2015-11-17,16.5,86,95,6.8,1.97,1.9,17.0
2015-11-18,17.6,84,97,8.3,3.79,0.5,17.0
2015-11-19,17.3,84,88,7.9,3.51,0.3,17.0
2015-11-20,20.5,81,79,9.0,8.51,0.0,19.0
2015-11-21,20.7,82,69,13.3,6.59,0.3,22.0
2015-11-22,18.6,85,90,7.9,2.89,4.2,19.0
2015-11-23,21.8,81,52,11.1,9.06,1.1,23.0
2015-11-24,16.0,88,96,12.5,1.08,15.9,19.0
2015-11-25,13.2,83,86,8.4,3.99,1.6,14.0
2015-11-26,14.7,80,79,9.2,5.46,2.8,13.0
2015-11-27,12.7,66,95,9.7,3.6,0.0,13.0
2015-11-28,13.6,75,78,5.3,5.39,0.1,12.0
2015-11-29,15.1,80,60,8.9,8.74,0.0,15.0
2015-11-30,14.5,82,66,7.6,7.72,0.0,13.0
2015-12-01,12.2,87,100,6.5,1.43,1.1,12.0
2015-12-02,13.3,91,98,8.7,2.11,2.5,13.0
2015-12-03,14.4,79,99,6.5,3.51,0.0,13.0
2015-12-04,12.6,69,100,9.7,4.1,1.3,13.0
2015-12-05,12.7,77,97,6.9,7.0,2.7,11.0
2015-12-06,14.0,75,62,7.2,9.97,0.0,14.0
2015-12-07,15.0,74,55,8.0,11.34,0.0,16.0
2015-12-08,14.2,74,88,8.7,7.44,0.0,16.0
2015-12-09,15.1,72,76,7.3,9.18,0.0,15.0
2015-12-10,14.6,76,80,9.2,5.88,0.0,14.0
2015-12-11,11.5,74,90,11.0,1.36,0.9,13.0
2015-12-12,10.0,75,100,10.2,1.54,1.3,11.0
2015-12-13,11.2,82,99,4.0,2.41,1.6,10.0
2015-12-14,9.0,91,100,10.3,1.19,8.6,9.0
2015-12-15,7.0,87,98,8.9,3.11,7.2,7.0
2015-12-16,10.6,74,47,7.2,11.86,0.0,11.0
2015-12-17,12.0,67,47,9.2,11.38,0.0,11.0
2015-12-18,8.4,66,92,6.8,5.13,0.0,8.0
2015-12-19,7.5,75,88,7.2,3.93,0.0,6.0
2015-12-20,10.1,77,71,11.4,10.15,0.0,9.0
2015-12-21,8.1,75,91,10.2,2.07,0.0,8.0
2015-12-22,9.7,83,86,5.8,3.46,0.0,11.0
2015-12-23,9.5,83,96,6.7,2.41,0.0,10.0
2015-12-24,11.1,81,83,9.1,4.93,0.8,10.0
2015-12-25,11.2,76,69,3.9,6.54,0.0,12.0
2015-12-26,12.5,76,52,6.2,9.99,0.0,10.0
2015-12-27,12.2,77,47,10.2,11.17,0.0,8.0
2015-12-28,9.9,82,86,5.2,3.95,2.3,7.0
2015-12-29,10.3,89,100,4.5,3.22,0.9,10.0
2015-12-30,10.4,89,77,6.3,4.09,0.3,10.0
2015-12-31,13.4,81,69,9.0,9.25,0.0,11.0
2016-01-01,13.0,73,86,7.6,6.19,0.0,11.0
2016-01-02,14.1,77,49,9.8,9.57,0.0,14.0
2016-01-03,11.3,83,70,9.9,4.36,0.0,9.0
2016-01-04,12.8,83,89,7.9,4.95,0.5,14.0
2016-01-05,14.6,85,63,10.3,9.57,0.0,14.0
2016-01-06,10.5,89,99,6.5,1.22,2.8,10.0
2016-01-07,9.5,90,100,6.0,1.41,7.3,10.0
2016-01-08,10.3,87,96,8.4,4.02,1.1,8.0
2016-01-09,9.2,85,94,5.5,3.44,3.5,8.0
2016-01-10,11.3,80,89,4.0,5.03,1.3,9.0
2016-01-11,12.6,78,84,8.5,6.61,0.0,12.0
2016-01-12,8.3,70,98,9.5,2.38,0.5,10.0
2016-01-13,9.7,70,89,9.2,4.74,0.0,10.0
2016-01-14,9.8,78,97,4.7,4.86,2.4,9.0
2016-01-15,12.1,69,73,9.4,9.64,0.0,12.0
2016-01-16,9.3,80,92,8.4,2.66,2.1,10.0
2016-01-17,12.4,76,75,8.4,8.97,0.0,12.0
2016-01-18,11.1,80,58,8.7,6.24,0.0,11.0
2016-01-19,9.4,69,93,12.3,3.54,0.0,10.0
2016-01-20,7.6,78,100,10.6,2.92,2.0,8.0
2016-01-21,7.4,86,98,6.1,2.41,2.7,7.0
2016-01-22,5.6,86,99,12.6,2.36,8.0,5.0
2016-01-23,3.3,84,97,12.1,7.2,7.3,2.0
2016-01-24,5.8,63,40,8.4,14.61,0.2,5.0
2016-01-25,6.5,54,35,8.2,15.38,0.0,5.0
2016-01-26,7.5,59,68,8.4,12.83,0.0,5.0
2016-01-27,7.8,64,89,7.2,6.36,0.0,6.0
2016-01-28,6.1,77,98,7.9,3.95,0.6,5.0
2016-01-29,8.7,75,86,8.7,7.37,0.0,9.0
2016-01-30,12.6,74,66,15.5,12.42,0.1,9.0
2016-01-31,7.7,88,100,6.0,2.65,8.8,7.0
2016-02-01,7.0,87,97,7.8,4.15,4.8,5.0
2016-02-02,9.6,75,69,9.2,10.16,0.0,9.0
2016-02-03,8.3,73,72,10.0,5.57,0.0,6.0
2016-02-04,9.4,76,85,7.8,7.95,0.0,9.0
2016-02-05,11.2,73,61,8.9,9.7,0.0,11.0
2016-02-06,13.0,71,55,9.2,12.04,0.0,14.0
2016-02-07,14.4,65,13,9.7,17.03,0.0,16.0
2016-02-08,15.6,64,41,10.7,14.84,0.0,15.0
2016-02-09,15.5,68,67,9.4,12.75,0.0,14.0
2016-02-10,16.4,73,59,9.9,12.07,0.0,17.0
2016-02-11,17.0,79,70,9.2,7.45,0.0,18.0
2016-02-12,17.1,83,77,10.0,4.78,10.3,19.0
2016-02-13,9.1,57,93,15.3,3.72,0.1,13.0
2016-02-14,4.5,86,96,9.1,3.53,7.7,5.0
2016-02-15,7.3,74,82,6.3,8.22,0.0,6.0
2016-02-16,9.4,68,73,5.5,8.06,0.0,10.0
2016-02-17,12.2,69,63,6.3,11.47,0.0,11.0
2016-02-18,14.1,66,48,9.6,16.28,0.1,15.0
2016-02-19,14.9,65,88,7.6,9.91,0.0,16.0
2016-02-20,14.4,70,92,11.8,6.88,0.2,14.0
2016-02-21,9.9,66,95,15.3,3.33,1.3,11.0
2016-02-22,10.9,79,99,7.6,6.85,3.0,10.0
2016-02-23,10.9,84,98,6.6,6.45,7.3,10.0
2016-02-24,13.2,72,88,7.3,12.28,0.0,14.0
2016-02-25,14.3,71,90,5.8,12.24,0.4,12.0
2016-02-26,15.1,75,69,10.7,12.53,0.0,17.0
2016-02-27,18.7,70,0,10.9,19.36,0.0,20.0
2016-02-28,19.6,66,2,8.8,19.07,0.0,21.0
2016-02-29,22.4,66,0,13.8,19.67,0.0,24.0
2016-03-01,22.3,70,16,10.6,17.45,0.0,25.0
2016-03-02,21.0,71,44,6.5,14.2,0.6,21.0
2016-03-03,21.5,76,46,9.7,17.65,0.0,23.0
2016-03-04,22.1,78,46,9.2,14.47,0.5,19.0
2016-03-05,22.0,78,67,10.5,13.89,0.0,23.0
2016-03-06,24.3,72,25,13.3,16.8,0.0,26.0
2016-03-07,23.0,80,70,8.2,8.28,3.0,24.0
2016-03-08,19.2,87,99,11.1,5.49,6.3,19.0
2016-03-09,14.5,85,100,12.1,2.08,20.1,13.0
2016-03-10,10.0,70,99,9.1,6.56,2.9,9.0
2016-03-11,13.6,64,86,6.3,15.75,0.0,15.0
2016-03-12,15.9,69,76,8.7,14.4,0.0,14.0
2016-03-13,14.3,74,92,6.8,5.76,0.0,15.0
2016-03-14,17.1,67,63,13.8,13.06,0.0,17.0
2016-03-15,16.9,60,86,10.1,7.31,0.0,19.0
2016-03-16,17.8,71,83,10.7,9.5,0.5,19.0
2016-03-17,17.3,79,80,8.6,6.78,0.4,20.0
2016-03-18,21.5,75,25,12.0,21.57,0.0,23.0
2016-03-19,22.5,76,40,10.5,12.13,5.1,23.0
2016-03-20,20.7,83,85,10.8,7.34,6.8,20.0
2016-03-21,20.6,78,95,12.3,11.64,4.5,18.0
2016-03-22,15.1,85,99,6.7,2.83,4.7,17.0
2016-03-23,13.9,92,100,8.1,1.92,12.2,14.0
2016-03-24,14.1,71,91,8.6,9.96,1.6,13.0
2016-03-25,18.6,69,29,11.0,20.58,0.0,19.0
2016-03-26,19.1,63,57,9.2,16.48,0.3,20.0
2016-03-27,20.2,65,69,10.3,21.64,0.0,21.0
2016-03-28,19.8,68,84,8.2,12.08,0.0,19.0
2016-03-29,14.5,83,100,6.3,2.86,4.1,16.0
2016-03-30,17.6,78,75,9.4,12.72,1.8,17.0
2016-03-31,19.9,77,63,9.5,14.99,0.0,19.0
2016-04-01,21.2,80,96,6.4,9.4,0.0,21.0
2016-04-02,21.0,85,87,8.7,6.44,0.1,22.0
2016-04-03,23.6,81,54,9.0,13.99,2.0,25.0
2016-04-04,25.5,74,46,15.9,22.31,5.6,26.0
2016-04-05,21.4,79,99,10.8,10.06,19.9,22.0
2016-04-06,18.1,89,99,7.5,4.57,11.4,18.0
2016-04-07,22.4,81,94,7.3,14.08,0.0,21.0
2016-04-08,18.7,90,100,6.3,3.54,8.1,19.0
2016-04-09,18.0,94,100,5.6,2.75,10.0,18.0
2016-04-10,22.1,79,86,4.1,15.19,0.4,21.0
2016-04-11,25.2,74,65,8.9,19.05,0.0,27.0
2016-04-12,22.5,81,96,7.7,13.09,7.4,23.0
2016-04-13,26.1,78,79,10.7,19.19,0.4,26.0
2016-04-14,21.3,80,89,9.7,6.81,6.4,23.0
2016-04-15,22.5,88,87,11.1,6.11,9.2,25.0
2016-04-16,23.3,69,54,10.9,25.37,1.2,25.0
2016-04-17,19.6,76,77,13.7,10.86,25.7,21.0
2016-04-18,23.9,70,33,13.4,26.04,0.0,24.0
2016-04-19,24.4,73,68,9.4,15.52,1.6,25.0
2016-04-20,20.2,84,83,10.6,6.42,7.0,20.0
2016-04-21,21.8,87,93,7.8,13.47,1.7,19.0
2016-04-22,17.4,94,95,5.4,3.48,5.7,17.0
2016-04-23,20.2,85,93,5.7,13.44,1.5,19.0
2016-04-24,16.6,92,100,5.8,2.89,5.0,16.0
2016-04-25,19.0,87,93,7.5,4.98,2.5,19.0
2016-04-26,22.4,81,75,7.8,14.84,0.0,21.0
2016-04-27,24.8,79,69,6.9,19.87,0.6,28.0
2016-04-28,24.8,76,96,8.2,16.48,0.8,26.0
2016-04-29,21.7,81,99,6.2,8.86,3.1,23.0
2016-04-30,24.2,78,70,7.3,18.77,0.2,25.0
2016-05-01,26.6,76,68,6.3,20.56,0.0,26.0
2016-05-02,27.3,76,73,8.4,19.28,8.5,30.0
2016-05-03,29.9,75,87,9.0,22.78,0.0,32.0
2016-05-04,29.1,77,76,9.5,18.49,0.0,32.0
2016-05-05,31.0,79,24,9.1,25.47,0.0,34.0
2016-05-06,29.0,84,100,10.8,15.13,16.5,33.0
2016-05-07,21.9,92,99,11.6,4.94,29.2,21.0
2016-05-08,20.3,79,99,5.2,7.24,0.3,19.0
2016-05-09,22.2,84,83,11.3,8.59,17.6,23.0
2016-05-10,27.4,78,47,10.6,26.11,0.0,30.0
2016-05-11,31.7,72,15,12.6,27.54,0.0,34.0
2016-05-12,31.3,71,68,12.7,25.34,5.7,34.0
2016-05-13,24.1,81,91,9.7,13.19,7.9,23.0
2016-05-14,22.0,80,98,15.1,4.45,5.7,24.0
2016-05-15,22.9,67,73,12.6,23.59,1.3,24.0
2016-05-16,25.6,63,69,11.9,28.03,0.0,27.0
2016-05-17,25.6,64,89,10.3,18.69,0.0,28.0
2016-05-18,24.1,72,95,8.4,13.43,0.0,24.0
2016-05-19,22.5,84,97,4.6,7.76,9.5,22.0
2016-05-20,24.9,81,81,7.2,16.85,0.4,24.0
2016-05-21,25.8,78,61,7.1,18.34,0.9,28.0
2016-05-22,21.5,85,100,8.5,4.03,6.0,24.0
2016-05-23,22.6,83,100,8.1,9.56,7.7,23.0
2016-05-24,27.8,75,72,10.0,23.17,0.0,29.0
2016-05-25,27.2,73,71,10.5,16.94,1.9,29.0
2016-05-26,20.9,88,100,11.4,1.85,21.0,22.0
2016-05-27,17.7,85,98,5.9,4.88,6.8,16.0
2016-05-28,20.8,81,98,4.4,10.26,0.4,21.0
2016-05-29,25.5,75,62,7.6,19.87,0.2,27.0
2016-05-30,28.9,79,46,10.1,15.72,0.2,30.0
2016-05-31,28.1,86,78,7.7,13.01,1.4,30.0
2016-06-01,29.8,84,69,10.0,17.39,6.2,32.0
2016-06-02,24.0,93,100,10.8,3.05,59.8,25.0
2016-06-03,27.9,78,60,9.6,24.34,0.0,29.0
2016-06-04,31.5,75,28,9.8,27.51,0.0,32.0
2016-06-05,29.4,76,32,8.1,25.73,0.0,32.0
2016-06-06,32.7,73,62,10.2,26.7,0.0,35.0
2016-06-07,28.4,74,67,9.8,15.65,4.9,29.0
2016-06-08,30.4,76,83,10.6,24.87,0.0,32.0
2016-06-09,27.0,84,99,9.7,8.01,2.1,28.0
2016-06-10,21.2,97,98,10.0,2.69,41.1,23.0
2016-06-11,24.7,86,98,6.0,8.95,6.2,26.0
2016-06-12,28.4,80,87,6.3,18.06,0.2,31.0
2016-06-13,31.1,77,94,7.2,22.46,0.0,32.0
2016-06-14,31.9,78,93,7.8,21.84,1.5,34.0
2016-06-15,26.2,85,88,8.9,7.0,11.6,27.0
2016-06-16,29.4,71,19,6.8,28.67,0.0,32.0
2016-06-17,31.9,73,9,11.8,28.57,0.0,34.0
2016-06-18,32.0,75,63,11.0,23.08,0.6,34.0
2016-06-19,26.1,90,89,11.1,8.27,16.3,26.0
2016-06-20,30.7,81,61,7.2,22.04,0.3,32.0
2016-06-21,32.0,81,65,5.0,19.12,1.7,34.0
2016-06-22,30.8,84,94,7.6,16.64,6.8,34.0
2016-06-23,33.4,76,100,13.0,19.11,0.0,35.0
2016-06-24,26.9,92,100,14.8,4.19,19.2,26.0
2016-06-25,23.0,86,98,10.2,6.85,1.9,22.0
2016-06-26,24.5,85,100,6.1,8.44,4.1,24.0
2016-06-27,23.6,89,100,3.7,8.35,22.9,23.0
2016-06-28,26.6,83,81,7.6,14.8,11.3,28.0
2016-06-29,29.6,79,74,7.9,21.25,0.2,32.0
2016-06-30,26.1,93,100,10.9,4.51,27.0,27.0
2016-07-01,29.6,81,87,9.2,20.33,1.1,30.0
2016-07-02,31.0,79,76,7.1,21.93,0.7,33.0
2016-07-03,31.0,82,69,7.6,19.55,0.4,32.0
2016-07-04,31.0,79,20,7.2,24.13,0.0,32.0
2016-07-05,31.0,75,92,10.4,21.99,0.0,33.0
2016-07-06,29.6,76,96,12.8,17.07,0.5,32.0
2016-07-07,33.5,73,87,15.8,25.21,0.6,33.0
2016-07-08,34.5,70,56,13.9,26.01,0.0,37.0
2016-07-09,34.4,73,19,10.6,24.46,0.0,37.0
2016-07-10,34.3,78,53,8.9,21.71,0.0,36.0
2016-07-11,34.4,77,97,8.2,22.36,1.6,38.0
2016-07-12,33.3,83,100,9.9,15.94,4.3,35.0
2016-07-13,32.3,87,100,10.9,13.82,57.8,32.0
2016-07-14,26.0,94,100,13.0,4.02,36.1,26.0
2016-07-15,29.2,77,44,9.0,24.34,0.1,31.0
2016-07-16,32.4,76,10,10.2,27.31,0.0,35.0
2016-07-17,32.7,80,54,6.8,23.92,0.4,34.0
2016-07-18,32.5,81,98,14.6,19.71,4.4,34.0
2016-07-19,28.2,89,81,11.1,7.93,12.2,27.0
2016-07-20,33.4,79,15,9.2,25.48,0.0,36.0
2016-07-21,34.4,74,26,15.0,25.7,0.0,37.0
2016-07-22,33.7,69,57,14.0,22.8,0.0,36.0
2016-07-23,33.4,74,71,11.7,23.92,0.2,36.0
2016-07-24,34.6,71,39,15.2,22.89,0.0,37.0
2016-07-25,35.1,74,12,8.8,24.43,0.0,38.0
2016-07-26,34.4,77,30,9.9,23.39,0.0,38.0
2016-07-27,29.4,80,86,14.4,13.86,0.8,31.0
2016-07-28,31.3,82,93,5.4,18.65,4.4,34.0
2016-07-29,33.8,75,55,12.5,25.28,1.3,37.0
2016-07-30,32.8,72,35,8.7,23.3,0.1,36.0
2016-07-31,31.9,83,69,13.0,20.22,3.4,35.0
2016-08-01,32.8,83,66,6.6,20.78,1.3,36.0
2016-08-02,33.1,83,58,10.9,19.45,7.7,35.0
2016-08-03,31.9,82,88,10.5,19.84,3.0,34.0
2016-08-04,30.7,83,99,10.4,16.07,3.2,31.0
2016-08-05,26.9,89,100,7.1,3.71,20.2,31.0
2016-08-06,29.6,85,99,9.0,16.74,0.6,32.0
2016-08-07,30.0,87,77,5.4,15.79,9.3,34.0
2016-08-08,30.0,83,48,4.5,19.18,7.2,31.0
2016-08-09,30.6,82,40,5.4,21.66,1.3,33.0
2016-08-10,32.2,80,50,5.4,21.54,0.7,34.0
2016-08-11,30.5,84,85,5.8,16.81,6.3,33.0
2016-08-12,32.2,82,80,7.6,21.41,1.1,36.0
2016-08-13,33.9,81,38,6.4,20.83,3.1,36.0
2016-08-14,33.6,80,67,8.4,21.96,0.4,38.0
2016-08-15,33.0,76,44,7.2,22.75,0.0,36.0
2016-08-16,33.8,73,43,6.4,23.14,0.0,38.0
2016-08-17,34.9,72,36,9.4,24.78,0.0,38.0
2016-08-18,34.9,69,32,9.4,23.95,0.0,39.0
2016-08-19,35.7,65,58,5.2,22.95,0.0,39.0
2016-08-20,34.9,70,86,8.5,21.99,0.0,38.0
2016-08-21,35.9,65,41,7.4,22.52,0.0,39.0
2016-08-22,36.0,65,57,10.7,23.37,0.0,37.0
2016-08-23,36.1,61,43,11.2,23.53,0.0,39.0
2016-08-24,37.0,60,49,8.7,23.01,0.0,40.0
2016-08-25,38.6,58,67,7.4,22.07,0.0,41.0
2016-08-26,30.6,79,100,10.9,7.3,17.4,35.0
2016-08-27,26.3,88,100,6.7,3.41,6.7,26.0
2016-08-28,25.5,73,99,6.1,5.76,1.1,25.0
2016-08-29,29.0,61,96,12.1,11.54,0.0,32.0
2016-08-30,23.2,80,99,6.8,2.88,7.1,24.0
2016-08-31,23.2,82,89,4.6,7.99,2.1,23.0
2016-09-01,27.3,78,78,8.1,16.33,0.0,28.0
2016-09-02,30.2,74,65,7.4,21.85,0.0,32.0
2016-09-03,31.9,73,96,6.4,12.65,0.0,30.0
2016-09-04,26.1,87,99,9.6,3.71,4.5,27.0
2016-09-05,22.6,91,100,7.9,3.38,10.6,23.0
2016-09-06,23.9,88,86,7.9,7.14,5.5,24.0
2016-09-07,23.8,85,97,5.6,5.72,1.2,25.0
2016-09-08,23.4,88,99,5.0,4.19,9.6,23.0
2016-09-09,21.9,94,87,7.5,2.26,14.1,23.0
2016-09-10,27.3,85,45,8.0,19.55,0.5,29.0
2016-09-11,29.6,75,15,6.2,22.28,0.0,32.0
2016-09-12,30.2,70,69,10.8,16.83,0.0,33.0
2016-09-13,29.6,70,34,8.6,19.06,0.0,30.0
2016-09-14,29.2,79,67,10.5,16.72,0.0,28.0
2016-09-15,22.3,90,81,9.8,4.92,3.7,21.0
2016-09-16,26.6,79,52,5.8,16.31,0.0,27.0
2016-09-17,29.3,75,41,5.6,18.72,0.1,31.0
2016-09-18,29.3,75,65,12.9,16.81,1.3,30.0
2016-09-19,23.3,82,99,9.7,3.22,1.1,23.0
2016-09-20,21.5,90,100,5.9,3.79,10.6,24.0
2016-09-21,25.0,84,71,6.0,14.14,0.2,27.0
2016-09-22,27.8,74,68,9.0,18.65,0.0,30.0
2016-09-23,23.7,81,99,7.4,3.52,2.4,25.0
2016-09-24,23.5,87,95,5.3,5.2,4.1,22.0
2016-09-25,24.8,84,91,5.6,8.59,5.3,24.0
2016-09-26,25.4,86,98,9.3,8.87,8.0,23.0
2016-09-27,24.8,86,93,8.9,7.49,3.1,26.0
2016-09-28,23.4,86,90,5.2,5.98,0.9,22.0
2016-09-29,23.4,87,95,3.4,4.58,5.6,23.0
2016-09-30,26.9,79,59,4.0,15.29,0.5,28.0
2016-10-01,28.4,80,31,7.7,17.02,0.6,31.0
2016-10-02,29.7,76,8,3.3,18.63,0.0,32.0
2016-10-03,31.6,73,9,12.1,20.07,0.0,34.0
2016-10-04,31.6,68,0,11.2,20.24,0.0,33.0
2016-10-05,28.9,65,4,9.3,18.97,0.0,32.0
2016-10-06,28.6,59,39,13.9,18.66,0.0,30.0
2016-10-07,24.6,71,93,7.0,5.91,1.5,26.0
2016-10-08,20.2,92,100,3.7,1.22,5.2,21.0
2016-10-09,19.7,86,100,9.2,1.47,1.5,18.0
2016-10-10,16.7,85,100,6.9,1.31,3.3,16.0
2016-10-11,16.3,85,100,4.2,1.56,2.7,18.0
2016-10-12,17.3,85,99,3.6,2.07,2.2,16.0
2016-10-13,17.6,84,99,5.2,2.15,1.8,17.0
2016-10-14,18.5,82,99,8.4,3.1,2.6,17.0
2016-10-15,18.8,87,89,6.1,2.77,6.7,18.0
2016-10-16,20.0,84,91,5.3,4.69,0.0,21.0
2016-10-17,20.2,89,88,6.0,3.26,0.7,20.0
2016-10-18,23.6,83,78,7.3,11.11,0.0,25.0
2016-10-19,25.6,77,38,7.5,14.44,0.0,27.0
2016-10-20,26.0,80,79,5.2,11.54,0.0,24.0
2016-10-21,25.3,80,74,5.6,9.04,0.1,25.0
2016-10-22,26.5,83,45,9.4,12.36,0.3,29.0
2016-10-23,23.0,86,85,8.9,5.38,19.6,25.0
2016-10-24,22.3,84,92,8.1,5.07,4.0,21.0
2016-10-25,22.4,87,91,10.0,3.59,4.6,22.0
2016-10-26,20.3,90,100,9.7,2.01,12.0,20.0
2016-10-27,19.9,90,99,7.4,2.91,9.8,18.0
2016-10-28,16.2,86,100,11.7,1.29,11.4,17.0
2016-10-29,11.3,87,100,7.8,1.26,10.8,12.0
2016-10-30,14.3,83,100,7.1,3.0,1.1,14.0
2016-10-31,16.2,76,97,6.1,7.21,0.0,16.0
2016-11-01,18.3,75,95,9.4,8.31,0.0,17.0
2016-11-02,16.4,75,93,4.9,4.16,0.0,17.0
2016-11-03,18.9,78,72,5.8,9.27,0.0,19.0
2016-11-04,20.8,74,68,7.3,12.09,0.0,22.0
2016-11-05,18.2,78,90,8.9,3.86,0.0,18.0
2016-11-06,16.6,90,100,5.2,2.0,9.8,17.0
2016-11-07,15.7,92,100,11.2,0.73,33.7,16.0
2016-11-08,10.6,91,100,7.7,1.05,22.0,11.0
2016-11-09,12.9,80,98,4.4,4.66,6.8,11.0
2016-11-10,14.9,75,64,9.6,12.67,0.0,14.0
2016-11-11,16.9,76,19,9.3,14.22,0.0,17.0
2016-11-12,15.5,78,85,5.2,6.13,0.0,14.0
2016-11-13,15.5,79,91,6.9,3.86,0.0,16.0
2016-11-14,16.2,84,93,7.7,3.23,0.1,18.0
2016-11-15,19.4,79,85,7.7,6.3,0.0,19.0
2016-11-16,17.3,86,98,8.2,2.38,1.6,18.0
2016-11-17,18.4,85,89,8.2,4.56,0.0,18.0
2016-11-18,20.0,85,76,7.7,6.77,0.3,22.0
2016-11-19,18.6,88,68,8.2,3.58,0.3,19.0
2016-11-20,18.6,91,71,7.1,3.31,4.7,18.0
2016-11-21,20.7,89,81,8.9,6.64,0.4,21.0
2016-11-22,16.9,92,96,13.0,1.03,19.2,19.0
2016-11-23,7.9,87,100,9.3,0.96,8.2,9.0
2016-11-24,8.4,74,94,8.8,3.4,0.5,8.0
2016-11-25,10.1,70,85,10.0,6.56,0.0,9.0
2016-11-26,12.2,76,70,9.2,11.65,0.0,14.0
2016-11-27,14.4,73,24,10.5,13.4,0.0,16.0
2016-11-28,13.6,70,92,9.3,5.18,0.0,12.0
2016-11-29,12.8,75,96,6.8,5.21,0.0,11.0
2016-11-30,13.9,74,79,6.4,8.73,0.6,14.0
2016-12-01,14.1,77,86,7.9,9.11,0.0,13.0
2016-12-02,13.6,70,90,6.8,5.26,0.0,12.0
2016-12-03,13.7,70,89,6.8,7.31,0.0,11.0
2016-12-04,14.1,76,50,9.5,12.12,0.0,13.0
2016-12-05,14.6,77,23,10.4,9.76,0.0,11.0
2016-12-06,16.2,77,24,9.6,12.33,0.0,17.0
2016-12-07,15.3,78,69,8.1,10.25,0.0,16.0
2016-12-08,16.3,78,24,10.0,12.7,0.0,16.0
2016-12-09,16.7,81,27,8.0,11.94,0.0,13.0
2016-12-10,12.7,84,88,12.1,3.04,0.8,13.0
2016-12-11,12.9,77,96,11.0,3.18,0.0,12.0
2016-12-12,11.7,89,100,6.7,1.06,2.5,12.0
2016-12-13,15.3,83,96,10.4,4.45,0.0,15.0
2016-12-14,12.4,83,99,8.0,2.01,1.9,12.0
2016-12-15,12.9,72,88,7.9,7.29,0.0,12.0
2016-12-16,14.6,73,44,10.4,10.55,0.0,15.0
2016-12-17,12.3,70,73,10.3,5.77,0.0,12.0
2016-12-18,11.8,74,92,6.2,3.59,0.0,12.0
2016-12-19,10.7,77,99,6.5,1.81,0.0,11.0
2016-12-20,10.7,89,100,6.6,1.26,5.3,11.0
2016-12-21,11.6,91,94,8.7,1.68,0.6,11.0
2016-12-22,13.0,87,69,8.6,7.59,0.0,12.0
2016-12-23,10.4,88,89,6.8,1.51,1.5,9.0
2016-12-24,9.6,83,100,7.8,1.3,4.0,9.0
2016-12-25,9.3,88,100,5.8,1.1,3.1,9.0
2016-12-26,10.1,78,97,9.7,3.18,1.8,9.0
2016-12-27,11.7,73,74,7.2,9.84,0.0,13.0
2016-12-28,13.3,70,46,9.3,11.76,0.0,14.0
2016-12-29,13.3,68,59,8.7,7.38,0.0,13.0
2016-12-30,13.9,68,45,9.5,11.65,0.0,14.0
2016-12-31,11.7,74,91,9.5,3.37,0.0,12.0
2017-01-01,13.0,84,99,6.7,3.45,0.5,13.0
2017-01-02,13.8,81,92,7.4,8.4,0.0,13.0
2017-01-03,12.8,79,100,5.8,3.64,0.0,12.0
2017-01-04,12.7,82,100,7.6,3.36,0.0,13.0
2017-01-05,13.2,87,88,6.3,3.58,0.5,12.0
2017-01-06,13.4,87,95,6.9,2.75,4.4,13.0
2017-01-07,15.2,81,73,9.5,7.15,0.0,13.0
2017-01-08,13.0,87,96,9.9,3.21,2.0,11.0
2017-01-09,11.4,84,100,9.5,2.3,2.4,12.0
2017-01-10,9.5,91,100,7.3,1.44,8.4,10.0
2017-01-11,7.9,91,100,10.1,1.62,4.9,7.0
2017-01-12,8.5,79,94,10.1,4.94,2.6,7.0
2017-01-13,10.0,74,67,7.9,8.61,0.0,9.0
2017-01-14,9.3,77,97,7.9,3.63,1.9,8.0
2017-01-15,11.5,72,84,10.1,9.16,0.0,13.0
2017-01-16,9.8,69,86,9.3,4.13,0.0,10.0
2017-01-17,11.3,71,86,11.1,7.43,0.3,12.0
2017-01-18,11.4,68,85,6.8,7.46,0.0,10.0
2017-01-19,11.7,73,88,6.4,5.68,0.9,13.0
2017-01-20,11.8,65,83,9.9,7.69,0.0,12.0
2017-01-21,12.3,65,67,10.6,9.53,0.0,12.0
2017-01-22,14.0,71,55,8.1,10.4,0.0,15.0
2017-01-23,11.8,75,95,8.7,3.96,0.1,10.0
2017-01-24,12.4,70,83,8.7,6.08,0.5,13.0
2017-01-25,15.4,71,48,10.6,12.48,0.0,15.0
2017-01-26,12.7,76,85,11.8,2.92,0.2,12.0
2017-01-27,12.6,84,93,17.3,3.81,0.0,13.0
2017-01-28,13.1,76,100,14.0,3.16,1.6,11.0
2017-01-29,12.9,77,86,14.8,7.48,0.4,12.0
2017-01-30,12.3,72,80,14.1,2.73,0.0,11.0
2017-01-31,9.6,72,99,12.0,2.57,0.8,11.0
2017-02-01,9.2,80,94,11.0,2.65,0.7,8.0
2017-02-02,9.1,69,97,10.6,4.19,0.0,10.0
2017-02-03,11.1,74,89,6.0,6.04,0.0,11.0
2017-02-04,13.5,76,42,10.2,11.96,0.0,13.0
2017-02-05,14.7,74,48,10.2,10.96,0.2,13.0
2017-02-06,12.9,82,100,13.5,3.14,1.7,11.0
2017-02-07,10.8,90,100,12.0,1.39,9.1,10.0
2017-02-08,12.0,70,70,13.5,12.68,3.7,11.0
2017-02-09,12.0,70,68,8.4,9.75,0.0,8.0
2017-02-10,10.8,75,94,8.9,7.46,1.7,11.0
2017-02-11,12.0,71,46,8.9,14.55,0.0,13.0
2017-02-12,14.1,70,19,8.8,17.41,0.0,17.0
2017-02-13,15.3,68,59,12.5,10.16,0.0,12.0
2017-02-14,10.6,87,95,7.4,3.57,4.0,11.0
2017-02-15,13.3,84,79,7.9,7.01,1.4,14.0
2017-02-16,17.5,79,25,11.0,15.07,0.0,18.0
2017-02-17,15.8,74,82,10.1,6.72,0.0,17.0
2017-02-18,17.9,81,82,14.7,7.32,3.2,16.0
2017-02-19,19.9,83,69,15.8,12.31,6.7,20.0
2017-02-20,16.1,87,83,17.5,3.65,2.5,16.0
2017-02-21,14.4,86,100,17.5,1.5,16.1,15.0
2017-02-22,7.5,83,97,13.5,3.71,8.4,6.0
2017-02-23,7.9,85,98,5.4,4.16,3.3,6.0
2017-02-24,10.3,81,86,4.8,10.09,1.3,8.0
2017-02-25,11.3,73,69,5.5,11.68,0.1,11.0
2017-02-26,13.6,70,52,10.8,12.39,0.0,14.0
2017-02-27,14.2,72,67,7.4,13.75,0.1,13.0
2017-02-28,15.7,68,85,6.9,14.51,0.0,17.0
2017-03-01,17.3,66,53,10.3,14.53,0.3,20.0
2017-03-02,15.2,54,91,18.3,6.08,0.0,14.0
2017-03-03,13.4,72,96,12.6,5.88,1.8,13.0
2017-03-04,14.9,79,97,8.8,7.87,2.1,15.0
2017-03-05,13.6,82,94,12.0,5.53,5.2,12.0
2017-03-06,12.8,81,95,11.9,7.08,6.5,10.0
2017-03-07,11.7,88,98,5.4,5.58,6.6,10.0
2017-03-08,15.4,77,89,11.0,12.06,1.0,14.0
2017-03-09,13.3,74,96,10.3,4.68,1.2,12.0
2017-03-10,14.2,78,98,8.2,4.8,0.3,14.0
2017-03-11,16.3,76,95,5.9,8.31,0.0,17.0
2017-03-12,14.3,84,100,7.7,3.06,5.7,15.0
2017-03-13,12.2,86,100,14.4,2.6,10.1,12.0
2017-03-14,12.4,80,100,12.3,4.31,1.7,9.0
2017-03-15,12.7,74,99,10.0,8.4,1.9,11.0
2017-03-16,14.7,73,94,7.9,10.31,0.7,14.0
2017-03-17,14.4,75,88,8.7,6.75,0.2,16.0
2017-03-18,15.5,73,91,11.5,8.14,0.0,18.0
2017-03-19,17.1,72,99,9.9,10.6,0.4,18.0
2017-03-20,19.3,76,50,9.7,15.32,0.8,20.0
2017-03-21,14.5,79,94,13.4,3.68,11.4,16.0
2017-03-22,17.6,77,84,12.2,11.57,0.8,18.0
2017-03-23,16.8,75,89,14.0,7.01,0.3,17.0
2017-03-24,14.0,87,100,15.9,2.12,7.4,14.0
2017-03-25,14.4,80,98,11.1,10.81,5.8,13.0
2017-03-26,17.8,71,56,8.7,19.23,0.0,20.0
2017-03-27,19.7,72,74,8.4,18.44,0.0,21.0
2017-03-28,20.4,69,93,11.7,11.93,0.0,23.0
2017-03-29,21.0,80,98,8.1,7.16,4.0,19.0
2017-03-30,19.3,83,100,18.0,7.62,13.3,19.0
2017-03-31,21.5,69,62,9.1,22.5,0.0,23.0
2017-04-01,22.8,62,49,8.7,21.42,0.0,25.0
2017-04-02,20.8,62,98,10.7,5.08,0.0,24.0
2017-04-03,18.8,70,99,9.7,6.85,4.4,19.0
2017-04-04,20.0,83,85,8.9,9.54,5.0,18.0
2017-04-05,18.2,83,89,11.2,5.68,8.4,17.0
2017-04-06,22.8,78,54,11.3,17.8,0.0,24.0
2017-04-07,24.7,76,60,12.2,12.58,0.0,27.0
2017-04-08,24.3,84,74,13.8,11.6,19.0,23.0
2017-04-09,22.3,87,97,16.3,7.79,8.2,20.0
2017-04-10,17.5,84,97,13.6,3.84,12.1,17.0
2017-04-11,19.8,71,92,8.5,14.17,1.2,20.0
2017-04-12,20.9,72,68,9.2,19.54,0.6,22.0
2017-04-13,23.6,66,40,11.0,25.82,0.0,26.0
2017-04-14,27.2,66,23,13.8,25.39,0.0,29.0
2017-04-15,26.3,72,27,12.0,21.34,2.2,29.0
2017-04-16,20.5,80,81,24.7,9.26,2.9,25.0
2017-04-17,22.0,72,100,9.9,17.1,0.1,22.0
2017-04-18,26.5,60,75,14.8,24.32,0.0,28.0
2017-04-19,27.2,65,35,11.7,22.49,0.1,31.0
2017-04-20,20.6,73,99,15.0,5.65,10.7,25.0
2017-04-21,19.3,78,90,15.5,13.6,2.7,19.0
2017-04-22,22.2,67,59,7.5,23.44,0.0,25.0
2017-04-23,25.1,60,74,8.9,26.23,0.0,28.0
2017-04-24,21.9,78,98,11.8,8.88,5.4,24.0
2017-04-25,19.0,91,100,7.4,2.95,20.3,19.0
2017-04-26,17.5,91,100,15.0,2.06,26.0,18.0
2017-04-27,17.7,85,97,12.8,5.94,17.5,17.0
2017-04-28,21.6,79,70,8.5,18.72,0.4,22.0
2017-04-29,24.3,71,48,6.5,24.5,0.0,27.0
2017-04-30,24.9,73,58,9.4,14.57,2.6,25.0
2017-05-01,26.9,73,14,8.5,23.82,0.0,29.0
2017-05-02,27.7,72,52,16.0,20.22,8.9,28.0
2017-05-03,22.6,79,69,23.6,9.46,30.4,24.0
2017-05-04,24.5,70,15,8.7,26.23,0.0,27.0
2017-05-05,20.7,80,84,16.8,3.73,7.4,22.0
2017-05-06,15.8,86,100,16.7,2.33,8.4,17.0
2017-05-07,18.5,80,100,6.2,7.65,0.1,17.0
2017-05-08,22.7,75,61,10.7,19.42,0.1,24.0
2017-05-09,26.7,70,27,12.2,24.53,0.0,28.0
2017-05-10,25.2,80,89,8.0,15.52,26.1,24.0
2017-05-11,22.5,83,73,17.6,10.19,44.9,21.0
2017-05-12,26.2,78,63,10.0,23.68,0.0,27.0
2017-05-13,30.2,63,32,12.8,28.28,0.0,33.0
2017-05-14,24.5,67,89,15.8,17.12,9.0,26.0
2017-05-15,25.7,79,55,12.1,23.13,0.5,26.0
2017-05-16,26.1,74,89,10.5,24.03,0.0,28.0
2017-05-17,28.9,63,55,12.0,28.36,0.0,32.0
2017-05-18,27.0,65,82,13.0,11.24,0.0,29.0
2017-05-19,28.0,72,51,10.7,23.8,0.1,30.0
2017-05-20,28.8,75,60,13.3,18.17,5.4,30.0
2017-05-21,24.4,89,91,9.5,6.92,15.6,24.0
2017-05-22,25.2,91,87,11.3,7.74,4.6,22.0
2017-05-23,21.7,72,96,16.7,8.38,0.2,23.0
2017-05-24,19.8,89,100,5.9,2.69,21.7,20.0
2017-05-25,24.5,77,73,8.7,22.8,0.2,25.0
2017-05-26,27.2,71,24,7.6,26.91,0.0,30.0
2017-05-27,28.8,71,31,9.0,24.71,0.6,31.0
2017-05-28,30.6,60,49,10.2,26.85,0.0,34.0
2017-05-29,30.0,63,73,16.8,18.72,1.3,29.0
2017-05-30,25.8,79,99,9.8,14.47,4.0,27.0
2017-05-31,27.5,80,99,9.7,16.6,4.1,26.0
2017-06-01,25.7,81,78,9.5,14.45,9.0,25.0
2017-06-02,28.7,78,29,8.0,24.65,0.0,30.0
2017-06-03,26.0,79,94,5.6,6.94,2.6,26.0
2017-06-04,22.5,91,100,10.3,3.37,26.1,24.0
2017-06-05,27.7,77,54,10.2,22.59,1.4,30.0
2017-06-06,28.3,77,64,9.7,20.6,0.5,30.0
2017-06-07,31.5,71,13,13.3,28.22,0.0,34.0
2017-06-08,29.9,70,75,12.3,21.01,4.3,31.0
2017-06-09,28.9,79,65,14.2,21.64,7.5,30.0
2017-06-10,27.8,82,80,14.3,14.59,2.9,30.0
2017-06-11,27.4,82,76,7.4,14.15,8.3,27.0
2017-06-12,25.1,87,90,8.8,8.84,6.4,24.0
2017-06-13,23.5,93,100,4.8,4.03,5.2,24.0
2017-06-14,22.4,92,100,15.8,2.1,10.4,23.0
2017-06-15,19.8,91,100,13.1,1.76,17.1,20.0
2017-06-16,23.6,89,83,9.2,8.38,3.6,23.0
2017-06-17,27.5,79,77,9.5,20.15,0.5,29.0
2017-06-18,24.0,90,99,9.2,6.41,7.3,25.0
2017-06-19,24.0,89,80,7.6,8.4,5.3,26.0
2017-06-20,28.2,79,83,5.0,21.24,0.4,30.0
2017-06-21,30.9,74,23,7.9,25.66,0.1,33.0
2017-06-22,28.5,78,88,10.4,13.11,1.8,30.0
2017-06-23,28.8,87,95,6.5,14.46,7.0,30.0
2017-06-24,26.0,92,98,11.6,5.94,19.0,27.0
2017-06-25,22.8,92,99,10.6,5.44,3.3,24.0
2017-06-26,23.9,87,75,7.1,10.84,2.1,24.0
2017-06-27,27.5,81,29,9.3,24.04,0.1,28.0
2017-06-28,29.1,77,41,6.5,23.18,1.9,32.0
2017-06-29,29.3,74,48,10.0,23.63,0.0,31.0
2017-06-30,28.5,78,45,7.5,20.16,0.9,31.0
2017-07-01,29.9,80,35,13.1,24.39,5.8,32.0
2017-07-02,32.0,73,10,8.1,27.58,0.0,35.0
2017-07-03,31.5,76,64,10.5,24.59,0.2,35.0
2017-07-04,32.2,77,77,10.8,24.4,0.5,35.0
2017-07-05,32.9,72,93,14.8,19.83,0.3,33.0
2017-07-06,28.1,87,100,15.3,6.9,41.6,29.0
2017-07-07,26.8,91,93,9.0,8.58,2.5,25.0
2017-07-08,27.2,89,99,9.8,10.13,5.6,28.0
2017-07-09,29.4,78,65,10.5,24.65,1.2,30.0
2017-07-10,32.1,73,13,10.0,28.11,0.0,34.0
2017-07-11,33.9,73,4,7.5,27.99,0.0,37.0
2017-07-12,32.4,71,27,15.2,23.12,0.0,35.0
2017-07-13,31.7,72,64,13.2,19.49,0.0,34.0
2017-07-14,29.6,85,93,10.2,14.32,15.4,30.0
2017-07-15,30.8,84,68,12.7,20.52,13.2,33.0
2017-07-16,31.9,82,40,13.3,21.86,1.9,35.0
2017-07-17,32.5,77,85,11.5,20.4,0.3,34.0
2017-07-18,32.8,72,64,10.9,20.26,0.0,36.0
2017-07-19,30.3,82,66,9.9,18.56,7.4,32.0
2017-07-20,31.4,81,54,7.6,20.73,7.7,34.0
2017-07-21,33.0,75,20,11.0,23.79,0.0,36.0
2017-07-22,34.1,68,7,12.0,24.24,0.1,37.0
2017-07-23,34.3,64,12,13.9,23.52,0.0,39.0
2017-07-24,34.1,69,14,8.8,24.53,0.0,38.0
2017-07-25,33.7,68,36,12.3,22.54,0.0,38.0
2017-07-26,36.3,63,8,11.2,25.07,0.0,40.0
2017-07-27,36.6,57,7,10.1,24.3,0.0,41.0
2017-07-28,36.8,53,33,10.4,23.19,1.7,40.0
2017-07-29,36.0,56,68,9.7,21.75,0.0,37.0
2017-07-30,33.3,74,38,8.2,20.84,2.1,37.0
2017-07-31,34.9,72,24,10.2,22.7,5.2,37.0
2017-08-01,35.1,62,16,10.5,20.57,0.0,38.0
2017-08-02,35.8,61,30,8.9,20.02,0.1,36.0
2017-08-03,37.2,64,71,8.7,21.39,0.0,37.0
2017-08-04,36.0,66,80,13.7,20.31,1.1,37.0
2017-08-05,35.1,70,87,13.0,20.17,4.4,37.0
2017-08-06,37.5,57,59,13.5,22.03,0.0,38.0
2017-08-07,39.6,51,94,16.6,20.4,0.0,38.0
2017-08-08,29.3,84,100,14.6,3.88,9.4,30.0
2017-08-09,31.9,78,64,8.4,20.19,0.0,32.0
2017-08-10,33.9,70,96,7.3,17.85,0.0,34.0
2017-08-11,27.8,86,100,13.4,3.88,8.8,30.0
2017-08-12,26.6,82,89,8.6,6.68,2.2,26.0
2017-08-13,30.0,77,41,6.2,17.29,1.1,31.0
2017-08-14,31.7,71,24,9.0,20.01,0.2,34.0
2017-08-15,33.9,65,51,11.3,20.69,0.0,35.0
2017-08-16,33.5,68,28,13.0,19.44,3.1,35.0
2017-08-17,37.4,54,38,14.9,22.17,0.0,36.0
2017-08-18,38.0,44,14,16.2,23.36,0.0,36.0
2017-08-19,39.1,44,23,12.5,22.78,0.0,37.0
2017-08-20,39.6,48,36,11.6,22.36,0.0,38.0
2017-08-21,38.0,53,59,13.2,20.08,0.8,38.0
2017-08-22,39.9,44,34,13.0,20.34,0.0,40.0
2017-08-23,37.8,57,60,13.5,16.57,4.1,36.0
2017-08-24,33.8,73,72,13.1,14.39,8.2,31.0
2017-08-25,30.0,80,83,8.3,10.14,15.8,32.0
2017-08-26,33.7,70,54,14.0,20.49,0.5,36.0
2017-08-27,35.7,54,13,16.3,22.05,0.0,36.0
2017-08-28,35.2,56,42,11.7,18.24,0.5,36.0
2017-08-29,32.3,74,86,8.7,14.17,12.7,33.0
2017-08-30,31.3,83,89,10.9,16.66,10.7,32.0
2017-08-31,26.5,85,88,13.0,10.43,8.1,26.0
2017-09-01,27.3,80,94,16.7,9.09,3.3,25.0
2017-09-02,22.6,89,98,9.4,2.75,36.2,22.0
2017-09-03,25.1,84,98,7.9,7.54,3.2,25.0
2017-09-04,24.8,87,94,9.4,3.72,2.8,23.0
2017-09-05,22.7,91,96,11.0,2.9,16.9,23.0
2017-09-06,23.5,81,81,9.3,7.78,0.0,25.0
2017-09-07,28.6,77,18,8.1,20.75,0.0,30.0
2017-09-08,29.7,77,53,9.9,14.48,5.3,30.0
2017-09-09,25.0,94,96,8.5,3.65,61.2,25.0
2017-09-10,25.3,80,82,13.2,7.23,16.8,26.0
2017-09-11,28.9,78,13,6.0,21.24,0.0,30.0
2017-09-12,28.9,70,35,9.0,19.0,0.0,32.0
2017-09-13,30.4,66,12,10.4,21.24,0.0,32.0
2017-09-14,28.8,67,52,8.6,14.5,0.1,31.0
2017-09-15,29.4,74,29,8.4,17.97,0.2,31.0
2017-09-16,30.9,69,38,8.4,20.45,0.0,33.0
2017-09-17,29.6,75,73,9.2,14.4,2.1,31.0
2017-09-18,27.1,88,87,11.5,8.86,16.9,25.0
2017-09-19,23.7,91,98,11.8,3.62,8.2,24.0
2017-09-20,22.2,88,99,7.2,3.1,1.2,21.0
2017-09-21,25.5,81,69,6.9,12.14,0.2,25.0
2017-09-22,25.2,84,82,8.2,8.0,0.8,25.0
2017-09-23,25.3,85,97,9.0,6.31,15.0,23.0
2017-09-24,25.3,90,96,8.9,5.57,4.4,24.0
2017-09-25,27.6,86,89,7.3,10.44,1.1,26.0
2017-09-26,29.4,87,49,10.3,15.81,1.7,30.0
2017-09-27,24.2,90,98,13.4,2.25,17.1,26.0
2017-09-28,19.8,91,96,7.9,1.25,11.1,21.0
2017-09-29,21.7,87,91,10.0,3.54,3.1,20.0
2017-09-30,23.7,87,91,12.7,6.56,12.4,22.0
2017-10-01,24.2,87,90,7.6,7.16,1.2,23.0
2017-10-02,25.9,86,93,10.5,8.22,0.9,24.0
2017-10-03,22.1,93,99,13.3,2.47,30.7,22.0
2017-10-04,18.0,87,100,13.2,3.3,15.4,17.0
2017-10-05,20.5,85,95,11.2,6.19,8.1,19.0
2017-10-06,21.4,84,88,8.6,5.39,1.0,21.0
2017-10-07,24.2,83,86,10.7,8.17,0.2,24.0
2017-10-08,28.1,84,45,11.6,14.9,0.0,28.0
2017-10-09,29.6,84,28,15.7,14.68,0.3,31.0
2017-10-10,19.8,82,93,14.1,2.21,6.0,23.0
2017-10-11,16.7,87,100,10.4,2.85,18.6,16.0
2017-10-12,15.8,93,100,10.8,0.92,23.9,17.0
2017-10-13,16.4,92,100,7.4,1.77,3.3,18.0
2017-10-14,16.3,90,100,7.2,1.21,6.3,18.0
2017-10-15,17.7,82,99,8.5,3.2,0.0,20.0
2017-10-16,18.9,78,97,5.5,5.76,0.1,21.0
2017-10-17,16.9,88,97,9.6,2.37,9.7,17.0
2017-10-18,17.3,87,100,7.9,2.98,1.1,18.0
2017-10-19,20.4,81,86,7.8,8.49,0.2,21.0
2017-10-20,20.0,81,99,7.4,3.41,0.2,21.0
2017-10-21,17.8,97,100,6.3,1.1,12.7,18.0
2017-10-22,17.1,93,100,8.4,1.88,32.6,17.0
2017-10-23,15.7,86,98,9.2,2.24,3.9,17.0
2017-10-24,20.7,72,93,12.6,6.44,0.6,21.0
2017-10-25,17.8,79,100,11.4,1.46,2.4,18.0
2017-10-26,18.5,86,79,7.4,5.28,0.4,17.0
2017-10-27,21.2,82,29,9.8,12.26,0.0,19.0
2017-10-28,22.8,77,48,10.3,11.85,0.0,24.0
2017-10-29,19.1,88,91,6.2,4.73,0.7,20.0
2017-10-30,19.4,72,70,8.7,7.51,0.0,22.0
2017-10-31,21.1,71,13,8.5,15.47,0.0,23.0
2017-11-01,19.2,81,88,9.8,5.87,0.3,19.0
2017-11-02,20.9,81,51,10.6,11.33,0.5,21.0
2017-11-03,21.9,77,42,11.3,14.34,0.0,21.0
2017-11-04,21.7,77,78,7.1,12.46,0.0,22.0
2017-11-05,22.0,69,4,8.8,14.91,0.0,24.0
2017-11-06,21.5,71,43,10.0,14.03,0.0,23.0
2017-11-07,22.4,76,50,7.3,13.05,0.0,23.0
2017-11-08,24.3,73,3,13.0,14.17,0.0,25.0
2017-11-09,23.0,65,39,10.2,11.92,0.1,24.0
2017-11-10,18.5,79,95,11.2,5.54,13.4,19.0
2017-11-11,16.5,82,96,8.7,4.74,7.8,16.0
2017-11-12,16.2,83,99,7.9,2.66,1.0,15.0
2017-11-13,18.5,84,84,7.8,6.4,0.3,18.0
2017-11-14,16.5,84,97,8.4,2.67,0.1,19.0
2017-11-15,19.1,77,86,12.4,6.07,0.0,19.0
2017-11-16,17.1,79,99,8.5,2.46,0.7,18.0
2017-11-17,17.3,82,94,8.2,2.51,0.2,18.0
2017-11-18,15.6,84,99,13.9,0.99,10.9,16.0
2017-11-19,12.4,54,100,14.5,1.25,0.6,14.0
2017-11-20,11.1,86,100,6.1,2.14,3.1,10.0
2017-11-21,10.3,81,91,6.6,3.61,0.9,10.0
2017-11-22,11.6,83,96,8.8,3.15,1.1,11.0
2017-11-23,10.6,88,98,7.1,4.19,6.9,10.0
2017-11-24,11.9,82,67,8.4,6.84,0.0,12.0
2017-11-25,13.5,75,80,6.6,9.14,0.2,14.0
2017-11-26,14.0,75,52,7.9,10.73,0.0,16.0
2017-11-27,13.0,74,94,7.1,3.05,0.0,13.0
2017-11-28,12.1,86,99,5.8,1.52,1.2,13.0
2017-11-29,13.3,86,99,6.5,3.26,0.3,13.0
2017-11-30,13.9,77,65,9.4,10.68,0.0,12.0
2017-12-01,11.0,82,92,8.9,1.73,0.2,12.0
2017-12-02,13.7,75,94,7.3,5.82,0.0,13.0
2017-12-03,12.4,81,89,7.9,2.45,0.2,13.0
2017-12-04,12.1,91,71,5.8,2.97,1.6,12.0
2017-12-05,12.5,83,96,11.8,3.68,0.9,12.0
2017-12-06,11.7,67,100,10.5,1.56,0.1,12.0
2017-12-07,11.1,85,97,5.8,1.21,1.7,11.0
2017-12-08,10.2,87,90,22.0,2.21,2.5,10.0
2017-12-09,14.1,70,33,10.6,12.0,0.0,15.0
2017-12-10,11.6,74,88,9.8,4.25,0.0,12.0
2017-12-11,12.1,75,93,8.4,2.49,0.0,12.0
2017-12-12,11.8,58,100,9.1,2.42,0.2,12.0
2017-12-13,9.2,70,94,10.8,1.99,0.1,10.0
2017-12-14,10.1,70,94,10.0,3.93,0.3,10.0
2017-12-15,11.6,77,93,9.0,7.3,0.9,9.0
2017-12-16,11.4,81,83,7.1,7.98,2.1,12.0
2017-12-17,9.5,80,89,8.7,2.71,1.1,9.0
2017-12-18,11.0,78,64,8.0,5.27,0.1,10.0
2017-12-19,12.6,74,15,6.8,11.42,0.0,12.0
2017-12-20,11.9,70,1,10.0,12.03,0.0,11.0
2017-12-21,14.0,69,30,10.1,11.96,0.0,11.0
2017-12-22,13.3,78,11,8.8,11.44,0.0,9.0
2017-12-23,10.6,83,68,6.5,3.59,0.0,11.0
2017-12-24,13.4,82,31,10.7,11.41,0.0,13.0
2017-12-25,14.7,72,2,10.7,11.59,0.0,8.0
2017-12-26,12.7,85,65,7.3,5.98,0.0,11.0
2017-12-27,13.7,79,67,10.1,7.21,0.0,11.0
2017-12-28,15.0,78,23,7.7,10.13,0.0,11.0
2017-12-29,9.2,90,91,8.7,1.08,2.5,8.0
2017-12-30,11.3,79,82,11.1,5.85,1.3,11.0
2017-12-31,13.1,76,64,11.3,10.25,0.0,
2018-01-01,11.0,73,95,9.7,3.28,0.0,10.0
2018-01-02,9.7,81,100,7.9,1.83,0.8,9.0
2018-01-03,8.7,91,100,12.2,1.31,7.9,8.0
2018-01-04,7.7,85,98,12.4,2.3,3.5,7.0
2018-01-05,7.5,82,99,11.8,2.54,1.8,8.0
2018-01-06,9.0,77,94,10.2,6.21,1.0,8.0
2018-01-07,6.2,83,96,10.7,3.82,3.1,6.0
2018-01-08,7.7,62,51,15.0,11.34,1.0,8.0
2018-01-09,9.2,56,24,10.1,12.89,0.0,10.0
2018-01-10,9.9,64,40,7.2,12.65,0.0,12.0
2018-01-11,11.3,56,31,8.6,12.25,0.0,13.0
2018-01-12,13.0,55,33,11.1,11.52,0.0,11.0
2018-01-13,9.8,65,78,9.4,2.94,0.0,9.0
2018-01-14,12.3,74,23,7.7,12.55,0.0,13.0
2018-01-15,10.2,76,81,9.2,2.32,1.7,10.0
2018-01-16,10.8,82,72,12.7,6.83,2.5,10.0
2018-01-17,13.3,79,35,12.4,10.29,0.0,9.0
2018-01-18,8.9,90,100,5.2,1.26,2.0,9.0
2018-01-19,10.9,87,94,9.6,4.87,0.3,11.0
2018-01-20,9.9,89,95,6.1,1.93,1.9,10.0
2018-01-21,12.0,85,85,9.4,6.04,1.3,12.0
2018-01-22,15.1,77,46,11.7,10.27,0.0,11.0
2018-01-23,12.0,85,94,12.0,2.74,0.8,11.0
2018-01-24,10.0,82,100,16.9,1.93,2.7,10.0
2018-01-25,6.9,82,100,15.9,2.64,3.0,7.0
2018-01-26,5.0,74,98,12.7,3.23,3.6,4.0
2018-01-27,4.6,62,95,9.7,5.89,0.0,5.0
2018-01-28,7.6,66,96,8.6,7.39,0.0,4.0
2018-01-29,6.9,72,87,7.4,7.43,0.0,6.0
2018-01-30,8.1,67,79,8.8,8.39,0.0,7.0
2018-01-31,8.5,56,35,13.8,15.04,0.1,9.0
2018-02-01,9.8,56,64,14.8,9.59,0.0,6.0
2018-02-02,8.8,70,94,10.0,11.42,0.5,9.0
2018-02-03,10.6,61,78,11.5,11.68,0.0,10.0
2018-02-04,8.1,59,90,7.4,8.37,0.1,9.0
2018-02-05,7.8,74,81,7.2,7.39,0.1,7.0
2018-02-06,10.9,69,76,9.9,12.53,0.0,10.0
2018-02-07,8.0,74,86,8.2,5.3,0.4,11.0
2018-02-08,13.8,67,79,16.1,13.19,0.0,12.0
2018-02-09,10.8,74,95,12.3,6.47,1.0,10.0
2018-02-10,7.7,86,99,13.6,3.05,4.6,8.0
2018-02-11,9.0,82,97,7.4,4.89,0.9,7.0
2018-02-12,10.3,81,85,7.2,7.11,0.6,7.0
2018-02-13,12.8,75,52,8.4,9.74,0.4,11.0
2018-02-14,13.2,72,97,7.2,7.62,0.0,13.0
2018-02-15,11.7,83,93,7.6,3.66,0.0,13.0
2018-02-16,17.3,76,4,11.5,16.59,0.0,17.0
2018-02-17,13.2,84,86,10.0,2.93,3.8,12.0
2018-02-18,13.5,76,83,11.7,8.4,0.6,13.0
2018-02-19,13.1,81,97,12.7,7.16,1.3,12.0
2018-02-20,13.9,80,83,12.3,7.15,1.5,15.0
2018-02-21,12.1,78,98,10.7,4.59,1.4,10.0
2018-02-22,11.0,81,97,16.9,6.44,5.8,10.0
2018-02-23,14.5,75,66,13.7,12.7,0.0,14.0
2018-02-24,13.8,75,94,10.2,7.15,1.2,15.0
2018-02-25,16.8,71,68,7.9,14.23,0.0,19.0
2018-02-26,14.1,72,73,10.3,3.3,0.0,16.0
2018-02-27,14.5,84,86,7.5,4.8,2.0,15.0
2018-02-28,19.0,78,36,13.2,16.78,0.1,20.0
2018-03-01,19.7,71,65,14.3,11.74,0.7,22.0
2018-03-02,19.8,81,75,13.7,11.7,1.8,22.0
2018-03-03,22.6,80,46,13.9,10.09,0.6,24.0
2018-03-04,19.1,79,58,22.2,10.74,4.1,20.0
2018-03-05,14.4,75,80,12.1,6.56,1.7,14.0
2018-03-06,12.5,78,100,12.6,3.55,3.9,12.0
2018-03-07,14.2,81,99,12.4,6.74,1.1,14.0
2018-03-08,18.3,70,40,9.5,19.27,0.0,20.0
2018-03-09,20.7,57,0,11.4,19.53,0.0,23.0
2018-03-10,20.4,59,66,15.0,12.93,0.4,20.0
2018-03-11,19.2,70,87,10.0,10.4,0.2,18.0
2018-03-12,19.5,79,85,11.6,9.96,2.3,17.0
2018-03-13,18.6,87,69,7.1,8.59,11.3,18.0
2018-03-14,22.2,82,48,8.2,16.38,0.2,22.0
2018-03-15,24.9,72,2,11.5,19.94,0.0,26.0
2018-03-16,24.1,64,70,24.7,14.87,0.5,28.0
2018-03-17,20.3,69,76,18.2,11.91,4.3,25.0
2018-03-18,15.3,82,99,13.3,4.99,13.1,17.0
2018-03-19,15.1,86,85,10.9,4.05,7.4,18.0
2018-03-20,19.6,74,45,13.5,16.29,0.0,21.0
2018-03-21,19.8,68,64,8.7,17.66,0.2,21.0
2018-03-22,21.8,65,22,8.4,20.44,0.0,23.0
2018-03-23,18.0,72,98,14.4,5.44,1.7,19.0
2018-03-24,17.0,83,99,6.4,4.13,10.1,16.0
2018-03-25,20.1,82,66,7.4,13.78,1.0,19.0
2018-03-26,21.8,80,94,8.9,11.99,0.0,21.0
2018-03-27,18.5,90,86,8.4,6.42,1.4,18.0
2018-03-28,17.2,93,100,6.3,3.83,11.7,16.0
2018-03-29,22.0,84,59,7.2,15.29,2.7,22.0
2018-03-30,22.4,79,57,10.1,12.26,5.1,22.0
2018-03-31,19.5,88,91,6.9,5.34,19.0,20.0
2018-04-01,23.6,80,70,11.5,15.71,0.7,23.0
2018-04-02,26.4,74,5,11.0,21.84,0.0,28.0
2018-04-03,28.9,64,7,9.7,21.95,0.0,32.0
2018-04-04,27.6,68,33,18.0,15.35,9.2,30.0
2018-04-05,20.9,82,99,24.8,3.15,26.5,26.0
2018-04-06,17.3,76,98,15.1,13.33,6.6,18.0
2018-04-07,19.3,62,52,9.3,22.69,0.0,21.0
2018-04-08,22.5,52,35,8.9,22.29,0.0,24.0
2018-04-09,25.7,64,13,10.2,22.48,0.0,28.0
2018-04-10,27.2,67,90,8.7,19.67,0.0,28.0
2018-04-11,26.4,78,59,9.3,14.62,3.5,27.0
2018-04-12,25.8,79,51,10.5,11.86,8.5,25.0
2018-04-13,21.2,89,93,22.1,2.6,22.7,22.0
2018-04-14,12.7,80,100,17.9,2.67,12.0,13.0
2018-04-15,17.4,70,89,6.4,15.89,0.3,18.0
2018-04-16,21.5,66,35,11.0,23.4,0.0,23.0
2018-04-17,26.3,61,5,11.1,23.48,0.0,28.0
2018-04-18,28.0,64,29,10.4,23.37,0.0,31.0
2018-04-19,29.0,55,72,18.0,21.16,0.1,32.0
2018-04-20,24.8,75,65,12.2,13.35,10.0,25.0
2018-04-21,26.5,84,45,13.0,17.27,4.4,26.0
2018-04-22,24.5,87,73,11.4,8.85,7.2,25.0
2018-04-23,21.0,93,90,6.6,2.74,9.4,22.0
2018-04-24,19.8,86,99,14.1,3.21,7.9,20.0
2018-04-25,17.8,88,100,16.9,2.79,7.2,18.0
2018-04-26,22.9,82,70,4.7,11.13,0.6,24.0
2018-04-27,24.4,74,43,6.0,18.99,0.2,27.0
2018-04-28,24.8,75,60,13.4,16.73,2.2,27.0
2018-04-29,27.3,75,54,9.2,21.88,2.6,29.0
2018-04-30,28.9,76,59,8.2,21.06,1.9,30.0
2018-05-01,27.6,82,61,13.1,15.97,12.2,25.0
2018-05-02,24.9,83,96,9.1,10.66,3.3,25.0
2018-05-03,23.6,80,97,11.6,9.9,1.2,24.0
2018-05-04,25.9,76,82,17.6,14.89,1.9,26.0
2018-05-05,25.1,83,89,15.7,10.02,32.6,24.0
2018-05-06,24.0,70,66,20.9,17.39,9.2,25.0
2018-05-07,25.5,72,20,8.2,23.28,0.0,27.0
2018-05-08,27.4,63,56,14.2,22.05,0.0,28.0
2018-05-09,21.8,79,100,13.0,2.37,6.3,23.0
2018-05-10,21.1,83,100,12.7,5.37,4.6,20.0
2018-05-11,20.3,87,86,9.7,5.02,13.5,21.0
2018-05-12,26.2,78,77,6.9,20.0,2.0,27.0
2018-05-13,29.0,64,79,9.8,24.24,0.0,31.0
2018-05-14,30.2,63,51,10.1,22.09,0.1,33.0
2018-05-15,31.5,67,4,11.1,24.33,0.0,35.0
2018-05-16,33.5,62,10,11.8,24.63,0.0,36.0
2018-05-17,31.2,76,75,10.4,17.02,5.2,33.0
2018-05-18,27.2,85,74,7.9,12.57,1.7,27.0
2018-05-19,29.4,81,56,11.9,18.3,4.1,29.0
2018-05-20,29.7,82,66,14.0,17.79,5.3,31.0
2018-05-21,32.4,75,39,16.5,19.7,6.8,35.0
2018-05-22,25.4,88,99,16.5,2.22,48.5,27.0
2018-05-23,24.7,74,77,10.8,18.01,0.0,23.0
2018-05-24,23.5,81,100,9.0,5.91,2.7,21.0
2018-05-25,26.3,84,84,11.3,11.32,4.1,26.0
2018-05-26,22.7,85,94,20.5,4.67,4.6,23.0
2018-05-27,21.7,84,85,6.9,9.22,0.7,22.0
2018-05-28,26.4,76,41,8.4,23.31,0.0,27.0
2018-05-29,24.3,78,95,8.0,6.95,0.6,24.0
2018-05-30,22.7,80,99,6.8,8.81,3.0,23.0
2018-05-31,22.8,85,97,5.9,9.79,9.6,23.0
2018-06-01,21.7,86,99,12.4,4.42,0.5,22.0
2018-06-02,24.5,81,82,7.0,12.82,0.5,26.0
2018-06-03,24.6,85,98,8.0,8.55,1.6,26.0
2018-06-04,25.6,82,84,13.8,17.72,5.9,26.0
2018-06-05,28.8,75,46,6.5,25.28,0.0,31.0
2018-06-06,30.9,68,3,9.7,26.06,0.0,33.0
2018-06-07,31.8,65,16,10.0,25.3,0.0,34.0
2018-06-08,25.0,77,63,20.5,10.32,2.1,28.0
2018-06-09,27.8,72,53,8.0,25.34,0.3,29.0
2018-06-10,29.3,71,40,6.7,22.96,0.6,33.0
2018-06-11,28.1,78,79,13.3,7.46,41.9,27.0
2018-06-12,26.6,80,79,8.0,18.31,12.7,27.0
2018-06-13,25.9,84,87,10.5,12.66,4.3,27.0
2018-06-14,24.5,88,97,6.7,8.59,1.4,27.0
2018-06-15,23.9,86,99,8.2,6.99,3.0,24.0
2018-06-16,24.8,88,99,8.8,9.44,0.4,23.0
2018-06-17,27.3,87,91,7.9,11.14,2.1,26.0
2018-06-18,27.4,88,79,11.9,12.8,9.9,25.0
2018-06-19,29.3,82,72,9.2,19.57,0.4,28.0
2018-06-20,29.3,86,75,7.0,15.65,1.9,27.0
2018-06-21,27.9,86,89,12.4,14.03,7.7,24.0
2018-06-22,29.2,84,74,8.4,12.79,2.7,26.0
2018-06-23,29.8,86,73,7.2,16.61,4.0,33.0
2018-06-24,31.1,83,97,10.3,18.57,2.8,33.0
2018-06-25,33.1,69,90,16.1,21.61,1.0,36.0
2018-06-26,33.4,68,88,15.6,23.09,0.2,36.0
2018-06-27,33.3,69,81,13.1,24.15,0.0,36.0
2018-06-28,32.9,71,90,6.9,23.54,0.0,36.0
2018-06-29,32.7,77,95,14.6,17.38,0.0,35.0
2018-06-30,29.6,84,94,11.3,14.77,11.7,30.0
2018-07-01,30.9,86,95,11.9,16.4,14.4,34.0
2018-07-02,31.3,77,100,18.8,14.72,2.0,33.0
2018-07-03,28.6,87,100,17.4,13.63,16.3,29.0
2018-07-04,29.3,86,100,8.2,11.54,20.6,26.0
2018-07-05,29.0,88,100,8.5,12.96,3.8,29.0
2018-07-06,28.6,90,97,7.6,10.75,4.5,28.0
2018-07-07,29.9,85,94,10.4,12.95,4.6,30.0
2018-07-08,31.3,83,84,8.8,20.29,1.1,34.0
2018-07-09,30.7,88,86,6.9,13.11,7.0,33.0
2018-07-10,33.7,74,96,14.3,21.36,0.0,36.0
2018-07-11,33.5,68,99,14.6,21.81,0.1,36.0
2018-07-12,30.6,80,86,14.5,16.74,0.2,31.0
2018-07-13,32.0,83,71,11.1,21.86,0.5,36.0
2018-07-14,33.5,72,70,12.3,20.67,0.0,37.0
2018-07-15,32.8,69,54,15.3,22.5,0.2,37.0
2018-07-16,33.8,67,94,14.0,21.27,0.1,37.0
2018-07-17,34.5,70,79,11.6,22.8,0.0,37.0
2018-07-18,35.6,66,27,12.6,25.26,0.0,39.0
2018-07-19,36.1,59,70,15.9,24.95,0.0,40.0
2018-07-20,36.2,58,15,15.0,25.1,0.0,40.0
2018-07-21,36.0,61,45,9.9,23.87,0.0,40.0
2018-07-22,35.4,63,59,10.5,23.58,0.0,39.0
2018-07-23,36.2,57,14,12.4,23.28,0.0,39.0
2018-07-24,35.6,55,18,8.4,23.59,0.0,38.0
2018-07-25,35.2,63,73,9.3,19.48,0.0,36.0
2018-07-26,34.9,68,57,12.6,16.4,0.8,36.0
2018-07-27,37.3,52,47,14.3,24.03,0.5,38.0
2018-07-28,37.8,56,33,14.6,23.41,0.6,38.0
2018-07-29,37.4,47,48,15.9,22.41,0.0,37.0
2018-07-30,30.6,81,82,13.2,9.06,14.6,30.0
2018-07-31,31.2,81,84,7.8,13.65,5.6,31.0
2018-08-01,32.1,77,84,11.4,18.88,2.9,34.0
2018-08-02,32.7,72,91,15.0,18.62,1.0,34.0
2018-08-03,32.9,69,39,11.0,21.49,0.4,36.0
2018-08-04,32.4,80,66,14.5,19.17,3.8,34.0
2018-08-05,32.7,79,55,9.5,21.77,7.3,34.0
2018-08-06,32.4,79,87,6.4,18.75,7.0,33.0
2018-08-07,32.3,82,70,8.6,19.86,13.6,34.0
2018-08-08,30.9,85,70,6.5,20.06,4.9,34.0
2018-08-09,32.1,78,58,8.3,20.95,0.3,34.0
2018-08-10,33.8,69,38,7.8,22.77,1.6,35.0
2018-08-11,33.0,75,61,13.0,20.89,2.1,34.0
2018-08-12,32.6,79,41,12.9,19.66,2.9,34.0
2018-08-13,33.9,72,35,10.7,20.79,0.2,35.0
2018-08-14,34.3,72,41,13.9,20.4,2.4,34.0
2018-08-15,33.5,79,85,10.9,18.65,9.1,32.0
2018-08-16,33.4,78,71,13.3,18.47,4.6,36.0
2018-08-17,31.6,76,63,11.0,14.34,0.8,32.0
2018-08-18,32.1,74,46,11.9,19.22,0.4,33.0
2018-08-19,35.6,64,25,10.8,21.58,0.0,35.0
2018-08-20,37.3,55,25,11.4,21.4,1.2,38.0
2018-08-21,36.5,60,34,14.7,19.48,3.0,37.0
2018-08-22,30.8,78,86,12.8,12.4,15.7,31.0
2018-08-23,31.1,80,32,13.2,19.5,2.3,31.0
2018-08-24,31.7,70,21,10.9,19.71,1.4,33.0
2018-08-25,34.9,54,16,15.2,22.67,0.0,35.0
2018-08-26,35.8,45,32,15.5,22.65,0.0,34.0
2018-08-27,36.9,47,22,12.0,20.1,0.0,35.0
2018-08-28,37.0,50,21,12.5,20.02,0.2,35.0
2018-08-29,36.8,54,27,8.4,20.08,0.3,37.0
2018-08-30,37.6,53,27,13.6,20.08,0.2,37.0
2018-08-31,36.7,51,29,12.1,19.94,0.4,37.0
2018-09-01,38.0,48,17,14.5,20.73,0.0,37.0
2018-09-02,37.2,50,32,11.7,19.68,0.6,37.0
2018-09-03,34.7,67,49,13.8,15.64,5.8,36.0
2018-09-04,36.1,66,64,11.9,20.19,0.1,38.0
2018-09-05,37.0,55,92,17.1,18.66,0.1,37.0
2018-09-06,28.6,75,98,15.6,6.53,4.0,26.0
2018-09-07,20.5,86,98,11.6,3.34,7.2,20.0
2018-09-08,26.6,76,65,11.7,15.22,0.5,27.0
2018-09-09,27.3,66,94,15.5,8.9,1.6,25.0
2018-09-10,21.7,79,96,12.5,6.08,6.0,20.0
2018-09-11,21.1,79,100,6.7,5.97,6.5,20.0
2018-09-12,21.9,84,87,7.1,6.4,3.3,21.0
2018-09-13,23.9,82,95,12.3,7.83,0.2,22.0
2018-09-14,23.1,85,96,11.2,6.57,7.9,22.0
2018-09-15,25.0,84,95,9.7,8.35,4.3,23.0
2018-09-16,24.0,81,74,10.7,9.14,0.0,22.0
2018-09-17,24.1,85,95,7.6,5.37,2.4,22.0
2018-09-18,24.8,93,94,6.5,5.4,23.2,26.0
2018-09-19,30.8,82,54,9.7,18.14,0.9,33.0
2018-09-20,27.3,87,90,13.3,11.2,7.6,26.0
2018-09-21,24.6,84,71,9.3,11.04,2.5,25.0
2018-09-22,25.2,82,73,8.9,9.48,0.4,23.0
2018-09-23,27.4,79,55,7.8,17.47,0.2,29.0
2018-09-24,23.1,87,99,13.1,2.7,91.6,24.0
2018-09-25,22.7,87,94,13.4,6.66,14.4,20.0
2018-09-26,21.8,88,100,10.3,4.38,4.2,20.0
2018-09-27,19.9,87,100,10.7,2.85,4.5,19.0
2018-09-28,21.6,87,96,9.7,8.41,1.4,20.0
2018-09-29,23.8,84,76,5.7,11.73,0.1,25.0
2018-09-30,22.2,88,96,7.9,4.54,0.6,23.0
2018-10-01,21.4,87,97,10.1,7.15,3.1,21.0
2018-10-02,17.3,93,100,7.1,3.07,12.4,18.0
2018-10-03,17.9,91,93,5.5,3.18,12.7,17.0
2018-10-04,21.2,83,61,6.1,10.14,0.2,19.0
2018-10-05,22.0,82,64,6.9,11.58,0.7,21.0
2018-10-06,19.7,89,100,7.3,4.36,3.1,18.0
2018-10-07,19.5,90,93,3.7,4.97,7.0,18.0
2018-10-08,20.3,84,89,9.4,8.18,3.6,18.0
2018-10-09,18.5,85,84,7.3,5.03,1.9,18.0
2018-10-10,21.9,80,36,7.4,17.98,0.0,24.0
2018-10-11,22.4,70,62,8.0,12.87,0.1,23.0
2018-10-12,20.2,72,99,11.1,4.33,0.4,21.0
2018-10-13,17.1,76,100,13.8,3.37,1.6,17.0
2018-10-14,17.8,80,92,10.4,7.46,1.4,16.0
2018-10-15,20.4,82,84,7.3,11.91,2.6,19.0
2018-10-16,18.8,86,89,6.7,5.22,6.6,17.0
2018-10-17,21.8,76,66,8.6,13.78,0.0,21.0
2018-10-18,19.6,71,99,11.5,4.18,1.9,19.0
2018-10-19,16.3,88,100,12.8,3.21,9.2,15.0
2018-10-20,18.3,82,93,11.0,5.81,2.1,17.0
2018-10-21,18.2,83,95,8.1,5.19,0.6,17.0
2018-10-22,18.1,88,99,6.9,5.37,3.3,18.0
2018-10-23,18.6,86,97,6.6,5.23,1.8,17.0
2018-10-24,19.4,83,98,11.6,5.14,1.0,19.0
2018-10-25,17.7,89,93,11.5,4.09,5.0,18.0
2018-10-26,20.1,85,65,8.4,6.79,0.1,19.0
2018-10-27,17.3,90,82,7.7,3.16,5.3,18.0
2018-10-28,19.5,87,71,9.0,6.29,0.6,18.0
2018-10-29,20.6,85,90,7.9,7.81,0.1,22.0
2018-10-30,20.2,83,84,8.5,8.58,0.6,21.0
2018-10-31,22.1,85,44,8.8,15.01,0.0,22.0
2018-11-01,23.3,72,53,8.9,15.05,0.0,25.0
2018-11-02,22.9,63,2,10.0,15.84,0.0,25.0
2018-11-03,21.9,56,9,13.1,15.23,0.0,24.0
2018-11-04,20.0,76,93,10.8,7.44,1.9,19.0
2018-11-05,14.6,91,99,11.6,2.98,11.2,15.0
2018-11-06,11.3,85,97,11.8,2.89,2.6,11.0
2018-11-07,11.7,89,97,10.9,3.03,6.8,10.0
2018-11-08,15.8,79,20,13.9,14.21,0.0,16.0
2018-11-09,14.3,79,75,7.8,6.41,0.0,14.0
2018-11-10,14.7,86,93,9.2,5.51,2.7,13.0
2018-11-11,16.4,81,86,6.1,6.75,0.6,15.0
2018-11-12,17.1,81,56,7.9,9.01,0.0,17.0
2018-11-13,17.0,75,93,11.6,6.0,0.0,15.0
2018-11-14,17.0,78,92,8.9,5.7,0.2,15.0
2018-11-15,17.0,82,86,8.4,5.41,0.8,16.0
2018-11-16,14.3,91,100,14.8,2.38,6.2,14.0
2018-11-17,12.1,92,100,10.4,1.88,7.4,12.0
2018-11-18,10.0,82,98,14.0,3.66,2.8,9.0
2018-11-19,12.1,81,69,8.4,5.86,0.0,10.0
2018-11-20,13.3,78,93,7.8,6.65,0.2,11.0
2018-11-21,12.7,86,90,7.9,4.24,4.4,11.0
2018-11-22,14.0,86,66,6.0,6.41,0.1,12.0
2018-11-23,16.0,79,27,12.8,12.36,0.0,16.0
2018-11-24,11.5,82,98,6.5,2.19,0.4,12.0
2018-11-25,16.4,82,53,12.2,11.44,0.0,17.0
2018-11-26,17.2,80,31,10.2,10.95,0.0,16.0
2018-11-27,14.6,86,87,9.2,4.38,0.6,14.0
2018-11-28,16.4,86,40,10.9,10.12,0.0,16.0
2018-11-29,14.2,87,99,5.8,3.56,2.8,13.0
2018-11-30,14.0,88,92,6.5,2.92,3.8,13.0
2018-12-01,17.7,78,81,11.1,8.73,0.1,16.0
2018-12-02,17.7,81,92,12.1,6.77,3.5,17.0
2018-12-03,16.1,84,63,9.4,7.5,1.1,17.0
2018-12-04,13.9,84,86,12.3,3.69,0.1,16.0
2018-12-05,12.6,75,98,13.2,3.16,0.6,13.0
2018-12-06,10.7,92,100,9.5,1.29,6.2,11.0
2018-12-07,7.7,75,100,12.5,2.01,5.0,8.0
2018-12-08,6.8,59,91,10.2,3.17,0.0,6.0
2018-12-09,7.9,59,79,9.0,5.62,0.0,9.0
2018-12-10,8.9,65,85,7.7,6.0,0.0,8.0
2018-12-11,9.5,74,54,7.1,8.46,0.0,8.0
2018-12-12,8.6,79,92,6.2,4.13,0.0,7.0
2018-12-13,10.3,73,87,6.2,6.83,0.0,10.0
2018-12-14,10.2,74,86,6.8,5.02,0.0,10.0
2018-12-15,10.5,76,81,6.9,4.29,0.0,8.0
2018-12-16,11.8,86,48,8.5,9.62,0.0,13.0
2018-12-17,13.5,77,0,9.4,11.96,0.0,12.0
2018-12-18,12.6,79,66,8.6,7.92,0.0,9.0
2018-12-19,9.9,89,98,5.5,1.98,0.9,9.0
2018-12-20,13.2,86,65,13.3,9.98,0.2,11.0
2018-12-21,11.2,88,97,8.0,2.29,1.2,10.0
2018-12-22,12.8,90,98,8.4,3.86,1.4,11.0
2018-12-23,10.4,91,97,10.9,1.92,1.1,11.0
2018-12-24,9.9,66,100,11.2,1.93,0.0,10.0
2018-12-25,8.9,85,100,7.5,1.9,1.5,8.0
2018-12-26,10.4,90,94,5.9,3.13,0.8,9.0
2018-12-27,9.5,82,92,12.4,2.43,0.6,10.0
2018-12-28,7.2,72,100,13.6,1.95,2.6,8.0
2018-12-29,3.4,83,98,12.0,2.51,4.1,5.0
2018-12-30,5.7,76,85,7.7,5.57,0.4,5.0
2018-12-31,7.3,65,70,11.0,7.35,0.0,6.0
2019-01-01,6.9,73,93,6.5,5.11,0.0,6.0
2019-01-02,8.4,73,56,9.2,8.72,0.0,8.0
2019-01-03,7.0,67,88,11.4,3.88,0.0,6.0
2019-01-04,8.8,71,89,8.9,7.77,0.0,8.0
2019-01-05,9.9,77,69,13.0,8.71,0.0,12.0
2019-01-06,10.0,73,65,12.7,5.71,0.0,8.0
2019-01-07,11.2,77,69,11.7,8.21,0.0,12.0
2019-01-08,8.8,82,98,11.0,2.77,0.1,9.0
2019-01-09,7.0,79,98,11.5,2.46,1.5,7.0
2019-01-10,8.4,75,94,9.2,3.93,0.0,7.0
2019-01-11,10.1,79,53,7.2,8.88,0.0,10.0
2019-01-12,10.2,75,70,12.2,5.72,0.0,8.0
2019-01-13,10.6,82,63,7.8,7.68,0.0,10.0
2019-01-14,10.3,80,98,5.4,3.81,0.0,10.0
2019-01-15,9.5,88,92,10.5,5.17,0.4,9.0
2019-01-16,10.5,78,77,9.2,9.79,0.5,12.0
2019-01-17,11.9,69,60,10.0,9.94,0.0,12.0
2019-01-18,10.5,69,96,11.3,4.37,0.0,9.0
2019-01-19,10.5,83,83,9.4,4.81,0.1,10.0
2019-01-20,9.2,89,95,6.6,2.58,5.7,9.0
2019-01-21,10.0,84,75,9.0,5.62,2.6,8.0
2019-01-22,11.9,80,44,11.2,12.15,0.0,12.0
2019-01-23,12.8,68,69,8.6,8.58,0.0,10.0
2019-01-24,12.2,72,100,6.1,4.65,0.0,10.0
2019-01-25,11.2,79,93,8.7,4.07,0.0,11.0
2019-01-26,11.5,71,100,10.6,3.08,1.2,10.0
2019-01-27,12.3,63,96,8.9,6.17,0.0,11.0
2019-01-28,12.1,76,93,7.7,6.04,0.2,13.0
2019-01-29,11.5,79,99,8.6,4.74,0.7,11.0
2019-01-30,10.4,90,90,13.2,3.61,5.2,9.0
2019-01-31,12.0,85,80,8.7,8.24,0.7,9.0
2019-02-01,11.1,82,91,11.1,6.8,1.6,11.0
2019-02-02,14.4,73,70,11.5,11.04,0.1,11.0
2019-02-03,14.0,72,45,8.8,13.49,0.0,14.0
2019-02-04,14.7,71,71,9.2,10.07,0.0,14.0
2019-02-05,17.2,71,25,16.5,15.23,0.1,18.0
2019-02-06,17.4,70,10,11.7,13.8,0.0,18.0
2019-02-07,17.3,72,57,14.0,7.87,0.0,18.0
2019-02-08,13.9,70,96,12.6,5.04,0.2,13.0
2019-02-09,10.5,67,95,14.3,4.44,0.3,11.0
2019-02-10,7.2,74,100,13.5,3.1,1.3,7.0
2019-02-11,10.9,74,80,11.7,10.12,1.6,10.0
2019-02-12,11.8,69,81,7.9,8.99,0.1,13.0
2019-02-13,13.6,75,72,11.8,11.92,0.4,12.0
2019-02-14,12.8,70,94,13.6,7.3,0.1,12.0
2019-02-15,13.3,78,83,9.7,7.69,0.6,12.0
2019-02-16,12.0,63,80,12.0,7.14,0.0,13.0
2019-02-17,9.9,57,94,12.1,6.25,1.1,11.0
2019-02-18,10.4,64,90,9.3,9.64,0.0,10.0
2019-02-19,11.1,67,83,10.7,7.87,0.0,12.0
2019-02-20,12.3,73,92,6.2,7.61,0.0,13.0
2019-02-21,14.6,74,87,7.4,9.97,0.3,14.0
2019-02-22,14.8,71,74,13.6,9.1,0.0,14.0
2019-02-23,13.0,73,98,11.5,7.71,1.5,14.0
2019-02-24,14.1,67,82,9.7,11.33,0.3,13.0
2019-02-25,14.2,75,89,8.4,9.13,1.3,16.0
2019-02-26,13.9,67,99,12.0,5.48,0.1,13.0
2019-02-27,12.3,77,94,10.7,4.39,0.2,11.0
2019-02-28,13.3,73,83,14.0,6.16,0.0,13.0
2019-03-01,14.9,69,86,10.1,9.54,0.1,14.0
2019-03-02,13.2,78,83,13.0,7.12,0.6,12.0
2019-03-03,17.1,73,16,13.4,17.73,0.0,18.0
2019-03-04,13.1,79,96,11.6,3.85,2.0,12.0
2019-03-05,14.3,88,98,11.9,5.77,1.8,12.0
2019-03-06,14.6,83,95,14.4,7.87,1.2,13.0
2019-03-07,14.0,72,99,15.2,5.59,1.9,13.0
2019-03-08,11.8,77,86,11.6,6.36,1.2,11.0
2019-03-09,14.1,74,91,5.7,8.8,0.8,14.0
2019-03-10,18.5,70,56,8.0,17.92,0.0,20.0
2019-03-11,19.7,67,54,9.7,18.82,0.0,21.0
2019-03-12,16.7,67,96,9.0,5.37,1.2,18.0
2019-03-13,15.7,81,98,12.1,3.86,5.0,15.0
2019-03-14,14.2,88,89,7.7,5.36,0.7,13.0
2019-03-15,15.3,84,93,8.9,7.55,2.3,14.0
2019-03-16,17.3,69,78,8.8,13.06,1.4,18.0
2019-03-17,18.2,73,72,6.8,13.54,1.1,17.0
2019-03-18,20.2,72,34,7.8,16.3,0.0,21.0
2019-03-19,21.2,68,85,13.4,11.89,0.8,24.0
2019-03-20,24.0,74,26,9.5,20.17,0.0,26.0
2019-03-21,20.1,82,85,18.5,13.24,10.6,20.0
2019-03-22,13.2,84,100,10.5,4.34,9.5,13.0
2019-03-23,11.9,88,100,10.2,3.78,6.4,11.0
2019-03-24,14.7,82,93,8.6,9.05,2.9,12.0
2019-03-25,18.0,73,23,9.2,18.85,0.0,19.0
2019-03-26,19.1,75,90,8.2,12.25,0.9,19.0
2019-03-27,19.5,79,93,8.5,9.27,1.0,19.0
2019-03-28,22.7,75,59,9.2,20.51,0.0,24.0
2019-03-29,26.2,60,12,16.5,21.85,0.0,29.0
2019-03-30,20.1,80,99,17.8,6.69,26.3,21.0
2019-03-31,14.8,84,97,15.3,4.09,5.3,14.0
2019-04-01,18.9,76,91,14.3,13.2,1.3,18.0
2019-04-02,16.1,83,93,12.2,5.38,3.0,16.0
2019-04-03,19.2,78,75,12.8,14.43,1.7,17.0
2019-04-04,18.4,80,90,8.2,9.05,0.7,17.0
2019-04-05,22.7,72,66,8.3,21.11,0.0,24.0
2019-04-06,26.1,65,30,11.2,20.96,0.0,28.0
2019-04-07,28.8,58,8,16.1,22.94,0.0,33.0
2019-04-08,30.8,59,20,20.0,20.86,0.0,33.0
2019-04-09,26.5,76,46,21.4,19.44,8.2,28.0
2019-04-10,20.7,81,82,17.5,10.75,13.8,22.0
2019-04-11,23.1,75,55,8.0,19.14,0.9,23.0
2019-04-12,24.5,69,44,16.5,18.83,0.0,25.0
2019-04-13,25.2,76,68,12.3,18.53,0.3,28.0
2019-04-14,20.5,85,99,13.2,4.04,16.8,23.0
2019-04-15,19.0,82,85,11.2,9.81,1.8,18.0
2019-04-16,22.8,77,71,10.2,17.39,0.0,25.0
2019-04-17,25.9,71,42,15.2,21.38,0.2,27.0
2019-04-18,28.0,74,50,9.4,17.54,0.5,30.0
2019-04-19,27.3,79,55,9.4,16.59,3.0,26.0
2019-04-20,25.2,87,82,21.6,13.88,14.9,23.0
2019-04-21,25.4,76,68,11.8,19.68,0.1,26.0
2019-04-22,27.1,73,32,7.9,21.39,0.2,28.0
2019-04-23,28.1,76,55,7.5,19.29,0.1,30.0
2019-04-24,29.1,74,18,7.3,20.95,0.2,32.0
2019-04-25,31.4,71,16,11.2,23.68,0.0,34.0
2019-04-26,32.5,63,49,16.0,21.0,0.0,35.0
2019-04-27,30.8,64,53,18.0,20.33,1.5,33.0
2019-04-28,23.9,81,91,14.4,10.34,11.3,26.0
2019-04-29,19.6,82,86,11.0,7.58,3.2,22.0
2019-04-30,21.1,84,88,10.2,9.1,1.6,23.0
2019-05-01,26.6,74,92,15.5,21.19,0.1,27.0
2019-05-02,21.2,78,81,10.6,9.57,4.3,21.0
2019-05-03,22.1,75,80,15.4,9.37,0.8,24.0
2019-05-04,23.8,77,90,10.6,13.01,4.3,23.0
2019-05-05,21.9,83,96,9.4,8.1,3.4,22.0
2019-05-06,19.8,87,100,17.8,4.88,9.9,19.0
2019-05-07,17.7,83,100,17.7,4.46,8.9,18.0
2019-05-08,18.9,80,94,10.6,9.18,10.4,18.0
2019-05-09,22.2,79,88,10.5,16.12,1.9,22.0
2019-05-10,25.2,74,86,12.0,20.19,0.0,28.0
2019-05-11,26.3,76,68,8.6,18.98,0.4,26.0
2019-05-12,23.9,84,84,11.7,9.21,49.6,24.0
2019-05-13,22.6,86,93,12.6,10.79,5.2,20.0
2019-05-14,24.6,81,77,10.0,13.22,8.5,23.0
2019-05-15,25.3,84,63,7.3,14.88,7.0,22.0
2019-05-16,28.4,80,45,7.7,19.92,0.0,28.0
2019-05-17,28.4,76,23,7.6,20.16,0.0,31.0
2019-05-18,27.0,80,69,9.9,12.18,6.6,26.0
2019-05-19,24.0,82,87,16.0,7.0,4.1,23.0
2019-05-20,19.2,83,92,7.6,5.67,5.7,17.0
2019-05-21,22.2,81,46,9.3,14.75,0.9,19.0
2019-05-22,26.1,77,37,9.8,24.33,0.0,27.0
2019-05-23,29.1,70,28,10.8,24.01,0.0,32.0
2019-05-24,25.9,73,87,15.3,16.08,2.0,26.0
2019-05-25,27.3,83,72,7.3,15.56,13.7,27.0
2019-05-26,28.8,83,38,11.3,19.32,4.2,30.0
2019-05-27,29.5,88,65,23.5,16.32,44.1,29.0
2019-05-28,18.5,86,100,12.5,6.24,3.6,18.0
2019-05-29,21.4,81,98,10.0,10.17,3.3,20.0
2019-05-30,22.1,80,78,11.5,13.45,2.6,21.0
2019-05-31,25.7,76,43,5.4,22.06,0.5,28.0
2019-06-01,27.2,79,72,10.1,19.41,0.8,28.0
2019-06-02,29.8,73,7,9.2,26.3,0.0,32.0
2019-06-03,31.8,63,3,10.7,26.14,0.0,35.0
2019-06-04,33.7,62,51,13.7,24.82,0.0,36.0
2019-06-05,28.6,77,68,19.5,16.2,20.1,31.0
2019-06-06,27.8,82,43,7.4,13.84,2.7,30.0
2019-06-07,30.5,76,22,10.3,23.33,0.0,30.0
2019-06-08,27.4,86,72,12.6,12.39,14.4,30.0
2019-06-09,24.6,94,89,6.2,5.49,22.3,23.0
2019-06-10,28.4,87,65,11.9,19.3,1.5,27.0
2019-06-11,26.3,88,88,14.9,10.0,8.2,23.0
2019-06-12,25.0,86,89,9.4,10.69,2.4,21.0
2019-06-13,28.3,81,38,10.8,18.7,0.2,30.0
2019-06-14,30.1,75,56,12.9,16.62,0.1,30.0
2019-06-15,25.8,82,95,14.1,5.72,23.4,26.0
2019-06-16,23.8,86,99,7.5,7.78,2.9,22.0
2019-06-17,24.3,90,89,6.2,8.07,7.3,22.0
2019-06-18,28.0,85,77,6.9,14.67,0.0,28.0
2019-06-19,29.0,84,68,8.4,12.74,4.1,29.0
2019-06-20,29.3,86,80,9.0,12.03,1.4,30.0
2019-06-21,30.1,88,94,12.6,15.89,7.9,29.0
2019-06-22,27.2,91,99,14.0,8.81,10.1,26.0
2019-06-23,24.4,85,100,13.6,7.04,4.3,25.0
2019-06-24,26.5,79,97,11.0,9.62,2.1,26.0
2019-06-25,24.5,87,86,4.6,8.69,20.2,25.0
2019-06-26,27.8,87,73,8.0,13.07,4.3,30.0
2019-06-27,27.5,88,86,6.6,12.31,17.0,26.0
2019-06-28,24.1,90,96,19.0,7.27,38.3,24.0
2019-06-29,26.2,85,73,8.4,11.39,0.0,26.0
2019-06-30,28.6,83,61,6.5,15.14,0.0,30.0
2019-07-01,31.0,78,9,6.4,24.64,0.0,34.0
2019-07-02,32.2,68,46,8.7,25.49,0.0,35.0
2019-07-03,30.5,78,82,15.8,16.37,0.2,30.0
2019-07-04,24.3,91,100,11.2,7.55,7.9,25.0
2019-07-05,28.1,81,71,6.9,19.85,0.6,30.0
2019-07-06,28.1,84,84,10.6,11.48,2.8,28.0
2019-07-07,26.2,90,100,9.2,6.03,2.9,27.0
2019-07-08,23.4,87,99,9.3,4.36,19.9,25.0
2019-07-09,27.9,80,57,8.0,19.3,0.1,29.0
2019-07-10,29.6,76,24,8.4,22.98,0.1,33.0
2019-07-11,27.9,78,97,11.8,7.53,0.6,30.0
2019-07-12,26.1,88,97,6.5,11.64,7.0,24.0
2019-07-13,28.6,85,95,5.9,19.01,0.5,30.0
2019-07-14,30.3,81,86,6.6,22.23,0.8,34.0
2019-07-15,30.0,82,94,8.6,12.19,7.2,32.0
2019-07-16,25.8,91,94,11.0,9.3,18.9,26.0
2019-07-17,29.5,89,99,6.7,12.93,15.1,29.0
2019-07-18,29.7,89,97,7.9,17.35,25.6,30.0
2019-07-19,30.1,89,99,7.3,16.76,83.2,31.0
2019-07-20,29.5,89,100,6.5,12.89,31.3,32.0
2019-07-21,31.4,86,95,10.2,18.89,5.7,34.0
2019-07-22,31.1,85,100,13.2,11.77,14.0,35.0
2019-07-23,28.6,89,100,11.6,11.25,11.1,28.0
2019-07-24,30.0,88,97,5.2,15.98,7.1,32.0
2019-07-25,30.2,88,94,8.2,15.97,17.8,33.0
2019-07-26,33.6,78,13,12.1,24.24,1.7,36.0
2019-07-27,34.3,70,15,11.6,23.7,0.1,38.0
2019-07-28,35.3,72,73,12.4,24.04,0.0,38.0
2019-07-29,33.0,73,99,10.8,16.46,1.0,35.0
2019-07-30,29.1,85,95,9.2,13.13,6.1,32.0
2019-07-31,29.1,87,81,8.8,13.87,5.0,29.0
2019-08-01,31.4,83,56,8.0,20.68,2.4,34.0
2019-08-02,32.6,76,68,10.4,21.59,0.1,36.0
2019-08-03,30.6,79,95,10.5,14.26,3.2,32.0
2019-08-04,29.9,88,84,8.0,18.18,12.4,32.0
2019-08-05,30.7,83,98,12.4,14.04,0.3,33.0
2019-08-06,29.1,86,99,11.9,8.9,10.5,31.0
2019-08-07,28.7,86,55,9.0,18.24,5.5,28.0
2019-08-08,29.8,85,51,7.3,18.4,1.1,32.0
2019-08-09,29.0,91,91,8.2,12.56,6.6,29.0
2019-08-10,32.1,83,44,9.7,20.6,1.1,34.0
2019-08-11,33.3,76,0,6.2,24.91,0.0,36.0
2019-08-12,34.5,74,1,7.2,24.77,0.0,37.0
2019-08-13,34.3,70,2,10.7,24.2,0.0,38.0
2019-08-14,29.2,72,40,12.3,14.62,0.0,32.0
2019-08-15,32.5,75,0,4.8,24.54,0.0,36.0
2019-08-16,34.5,66,1,9.5,25.08,0.0,38.0
2019-08-17,34.9,60,6,10.4,24.21,0.0,38.0
2019-08-18,35.8,60,74,13.4,21.92,0.0,38.0
2019-08-19,35.5,59,82,14.6,21.31,0.0,39.0
2019-08-20,35.5,59,91,13.0,22.92,0.0,38.0
2019-08-21,34.5,63,85,11.3,20.49,0.1,36.0
2019-08-22,35.1,59,24,12.9,22.03,0.0,37.0
2019-08-23,33.2,59,12,9.4,21.76,0.0,36.0
2019-08-24,34.9,54,23,9.7,22.1,0.0,38.0
2019-08-25,35.8,53,40,8.2,22.78,0.0,39.0
2019-08-26,36.0,52,56,9.7,21.02,0.0,39.0
2019-08-27,34.2,62,92,10.8,20.13,0.4,35.0
2019-08-28,31.0,79,98,10.5,13.26,9.0,31.0
2019-08-29,28.4,77,82,13.6,14.48,1.6,26.0
2019-08-30,30.7,63,76,11.6,18.81,0.0,31.0
2019-08-31,23.9,79,100,5.9,5.19,7.9,25.0
2019-09-01,26.2,82,63,9.0,14.53,0.6,25.0
2019-09-02,28.4,73,40,8.1,18.51,0.0,31.0
2019-09-03,30.3,71,30,11.8,19.2,0.2,32.0
2019-09-04,31.0,65,56,19.5,17.04,0.0,32.0
2019-09-05,27.9,78,70,17.1,14.18,7.7,28.0
2019-09-06,30.0,81,57,7.6,15.84,2.1,30.0
2019-09-07,30.5,81,69,9.6,13.55,2.4,32.0
2019-09-08,26.4,91,96,11.0,8.01,36.5,27.0
2019-09-09,29.0,88,79,7.9,12.94,6.3,30.0
2019-09-10,31.6,81,84,10.8,16.53,5.6,33.0
2019-09-11,32.5,78,59,13.4,19.61,0.6,34.0
2019-09-12,33.3,65,6,14.5,21.21,0.0,36.0
2019-09-13,32.3,70,75,17.2,17.69,8.0,35.0
2019-09-14,22.2,81,91,13.5,9.49,6.1,22.0
2019-09-15,21.6,84,93,11.2,7.45,1.4,20.0
2019-09-16,23.4,83,72,8.8,11.08,0.2,23.0
2019-09-17,21.3,90,98,9.5,3.61,5.2,21.0
2019-09-18,23.4,84,94,8.9,8.26,0.0,22.0
2019-09-19,23.1,86,93,9.9,6.21,2.1,22.0
2019-09-20,22.4,89,79,12.5,5.4,4.8,24.0
2019-09-21,25.6,83,45,7.4,17.8,0.2,26.0
2019-09-22,26.0,79,20,6.2,17.76,0.4,28.0
2019-09-23,27.2,68,53,8.7,17.4,0.0,28.0
2019-09-24,22.8,83,97,13.6,7.3,1.6,23.0
2019-09-25,21.9,84,70,6.1,8.6,0.8,23.0
2019-09-26,25.3,79,9,7.2,19.09,0.1,27.0
2019-09-27,26.4,77,12,7.3,18.33,0.0,29.0
2019-09-28,28.3,72,3,9.4,19.89,0.0,31.0
2019-09-29,30.0,65,23,11.0,19.86,0.0,33.0
2019-09-30,29.6,65,66,8.0,15.9,0.0,30.0
2019-10-01,30.0,59,45,15.8,14.85,0.0,30.0
2019-10-02,27.8,73,58,6.8,15.79,0.4,29.0
2019-10-03,27.6,82,84,7.7,12.98,6.3,29.0
2019-10-04,25.5,90,83,11.8,8.48,15.9,24.0
2019-10-05,22.1,90,83,11.7,6.32,6.4,21.0
2019-10-06,27.1,83,64,11.0,13.33,5.2,27.0
2019-10-07,22.3,87,88,12.7,7.67,7.4,20.0
2019-10-08,22.8,82,95,8.7,7.98,1.2,20.0
2019-10-09,23.4,83,100,11.2,7.33,2.4,21.0
2019-10-10,21.6,87,84,11.9,6.73,4.6,20.0
2019-10-11,21.2,82,69,13.1,9.71,0.4,23.0
2019-10-12,21.5,85,53,6.1,9.46,0.2,20.0
2019-10-13,22.7,87,53,8.6,12.62,0.6,21.0
2019-10-14,19.2,93,91,5.4,3.0,7.9,19.0
2019-10-15,19.2,89,93,17.9,3.64,6.6,18.0
2019-10-16,20.5,85,77,13.3,7.76,9.7,18.0
2019-10-17,20.6,83,57,7.4,10.99,2.4,22.0
2019-10-18,22.6,78,9,8.4,17.1,0.0,25.0
2019-10-19,23.9,70,4,8.9,17.48,0.0,26.0
2019-10-20,19.2,84,87,8.4,4.69,8.5,21.0
2019-10-21,19.2,91,86,7.8,4.19,11.6,17.0
2019-10-22,19.3,92,96,9.2,3.86,16.2,18.0
2019-10-23,20.8,86,67,10.7,9.28,0.5,19.0
2019-10-24,19.3,84,81,9.9,4.52,4.1,20.0
2019-10-25,16.4,95,100,13.6,2.67,12.3,16.0
2019-10-26,14.1,94,100,7.8,2.6,12.2,14.0
2019-10-27,16.7,88,98,8.9,5.76,3.0,15.0
2019-10-28,19.4,81,57,7.9,10.42,0.3,19.0
2019-10-29,20.9,77,5,13.1,16.01,0.0,23.0
2019-10-30,21.8,78,43,9.4,14.94,2.4,23.0
2019-10-31,23.1,75,64,8.1,12.48,0.2,23.0
2019-11-01,20.9,80,61,7.9,10.58,5.3,22.0
2019-11-02,20.2,85,65,5.5,7.88,4.6,18.0
2019-11-03,20.6,84,14,8.6,13.6,0.0,17.0
2019-11-04,20.8,77,47,13.3,11.15,0.5,22.0
2019-11-05,17.5,78,96,12.0,4.13,1.0,17.0
2019-11-06,15.8,87,86,6.7,3.74,6.1,15.0
2019-11-07,18.2,85,62,8.1,7.91,0.0,19.0
2019-11-08,17.8,76,90,8.3,3.36,0.0,18.0
2019-11-09,18.4,72,98,8.3,4.32,0.0,18.0
2019-11-10,19.0,83,88,10.1,8.54,0.0,20.0
2019-11-11,18.4,78,81,9.4,5.0,0.0,17.0
2019-11-12,16.7,89,100,6.4,3.27,4.8,16.0
2019-11-13,17.1,80,94,14.2,3.93,4.5,16.0
2019-11-14,18.2,73,43,9.7,11.79,0.0,20.0
2019-11-15,18.8,75,25,8.9,12.11,0.0,19.0
2019-11-16,16.7,83,93,7.6,3.68,0.8,17.0
2019-11-17,18.2,84,91,16.1,6.31,4.4,15.0
2019-11-18,11.9,82,93,10.6,6.39,9.8,11.0
2019-11-19,11.4,86,95,5.1,2.76,1.2,11.0
2019-11-20,12.8,85,95,6.4,3.9,0.1,11.0
2019-11-21,14.7,81,64,9.4,8.69,0.0,14.0
2019-11-22,14.3,78,90,8.0,3.93,0.1,13.0
2019-11-23,14.3,86,94,7.3,3.82,1.6,13.0
2019-11-24,13.2,92,100,15.1,2.03,13.0,13.0
2019-11-25,10.8,80,91,11.7,6.27,0.4,10.0
2019-11-26,10.0,86,100,11.3,2.09,1.7,9.0
2019-11-27,12.2,88,96,9.4,3.12,0.6,11.0
2019-11-28,11.7,76,97,11.1,2.48,0.0,11.0
2019-11-29,11.5,63,88,13.4,6.11,0.0,10.0
2019-11-30,10.2,75,99,7.5,3.11,0.2,10.0
2019-12-01,11.6,75,86,12.3,7.32,0.7,11.0
2019-12-02,12.6,74,48,9.7,10.76,0.0,11.0
2019-12-03,12.5,71,59,6.8,6.12,0.0,11.0
2019-12-04,13.0,77,80,7.6,7.33,0.2,12.0
2019-12-05,13.0,81,71,9.7,8.69,0.0,13.0
2019-12-06,14.2,77,3,9.7,12.11,0.0,16.0
2019-12-07,15.0,73,4,9.2,11.97,0.0,16.0
2019-12-08,11.9,80,89,6.2,4.11,0.0,13.0
2019-12-09,14.6,81,82,11.2,9.36,0.0,15.0
2019-12-10,15.3,77,38,9.0,11.7,0.4,16.0
2019-12-11,13.2,83,86,6.2,3.45,0.0,13.0
2019-12-12,14.5,88,68,7.6,7.54,1.6,15.0
2019-12-13,13.7,88,81,5.2,5.38,0.0,14.0
2019-12-14,12.5,90,100,5.5,2.86,2.7,12.0
2019-12-15,14.2,92,92,5.7,3.54,3.0,13.0
2019-12-16,14.7,85,73,9.8,6.26,0.7,14.0
2019-12-17,13.1,90,83,9.7,4.05,0.3,13.0
2019-12-18,11.3,91,100,13.8,1.79,18.9,11.0
2019-12-19,11.4,81,97,7.7,6.76,1.1,11.0
2019-12-20,10.4,83,96,7.1,3.33,1.8,9.0
2019-12-21,9.3,90,93,5.0,2.53,1.3,10.0
2019-12-22,12.3,82,82,10.2,8.04,0.0,12.0
2019-12-23,12.8,69,79,9.0,6.77,0.0,13.0
2019-12-24,13.5,74,87,11.2,5.36,0.0,12.0
2019-12-25,11.5,75,96,8.9,2.49,0.0,12.0
2019-12-26,11.8,67,77,12.3,9.23,0.9,12.0
2019-12-27,8.2,80,96,6.6,3.21,1.1,8.0
2019-12-28,8.3,90,84,6.5,2.49,4.4,8.0
2019-12-29,12.4,85,72,8.9,8.65,0.0,12.0
2019-12-30,11.7,76,96,7.3,5.0,0.0,10.0
2019-12-31,11.3,71,92,13.7,3.0,0.6,10.0
2020-01-01,13.4,66,71,11.4,8.72,0.0,12.0
2020-01-02,13.2,82,81,6.9,6.69,0.4,12.0
2020-01-03,13.5,81,87,6.9,8.91,0.4,13.0
2020-01-04,11.6,84,97,8.6,3.36,2.2,12.0
2020-01-05,12.6,88,99,5.1,4.4,3.6,10.0
2020-01-06,10.3,93,87,15.5,2.99,7.7,10.0
2020-01-07,12.4,80,62,14.5,11.74,0.2,14.0
2020-01-08,10.7,84,94,6.6,3.47,8.1,9.0
2020-01-09,11.4,83,76,9.5,5.97,0.1,11.0
2020-01-10,10.8,78,99,8.2,3.37,1.0,10.0
2020-01-11,12.2,78,63,9.0,10.24,0.2,12.0
2020-01-12,14.0,75,12,10.7,12.68,0.0,14.0
2020-01-13,12.6,71,74,8.3,6.55,0.0,11.0
2020-01-14,9.6,71,94,13.0,2.43,0.0,9.0
2020-01-15,9.1,70,98,11.0,2.94,0.0,9.0
2020-01-16,10.0,82,98,8.7,3.83,0.2,9.0
2020-01-17,10.0,81,87,9.5,2.96,0.0,11.0
2020-01-18,9.1,81,89,7.3,2.91,0.4,9.0
2020-01-19,11.9,78,72,8.2,10.2,0.0,12.0
2020-01-20,11.3,70,91,8.2,5.12,0.0,13.0
2020-01-21,13.1,72,86,9.0,8.22,2.1,12.0
2020-01-22,14.9,76,72,6.6,9.87,2.6,12.0
2020-01-23,11.9,84,96,8.1,3.23,0.7,12.0
2020-01-24,10.4,92,95,9.2,2.94,6.6,9.0
2020-01-25,8.7,89,100,10.6,2.56,7.6,8.0
2020-01-26,10.4,86,80,13.2,8.08,0.6,9.0
2020-01-27,10.8,73,91,12.4,6.65,0.0,10.0
2020-01-28,11.3,73,77,8.7,10.8,0.7,12.0
2020-01-29,12.6,75,62,9.0,11.03,0.0,14.0
2020-01-30,12.9,76,70,8.0,8.19,0.0,11.0
2020-01-31,9.8,78,99,7.6,3.07,1.0,10.0
2020-02-01,10.6,82,98,10.6,3.81,1.6,9.0
2020-02-02,10.4,86,100,7.9,3.82,3.5,9.0
2020-02-03,10.9,84,79,9.7,6.37,3.0,10.0
2020-02-04,14.6,75,29,8.1,12.72,0.0,12.0
2020-02-05,12.5,70,80,13.2,4.65,1.3,12.0
2020-02-06,10.7,88,98,11.0,3.41,2.6,10.0
2020-02-07,13.3,82,64,9.9,7.53,0.0,12.0
2020-02-08,13.3,83,90,5.6,5.56,0.2,13.0
2020-02-09,13.5,85,89,5.2,9.55,1.8,13.0
2020-02-10,13.7,81,85,7.7,8.13,1.4,13.0
2020-02-11,16.1,77,53,7.4,12.35,0.3,15.0
2020-02-12,16.5,74,37,11.0,9.82,0.0,19.0
2020-02-13,18.9,72,55,8.3,11.42,0.0,19.0
2020-02-14,18.0,74,84,17.4,10.32,0.5,18.0
2020-02-15,9.6,84,100,17.0,1.79,15.6,12.0
2020-02-16,10.5,69,39,8.5,16.72,0.0,12.0
2020-02-17,13.2,58,56,7.8,14.58,0.0,13.0
2020-02-18,11.4,65,90,10.4,4.68,0.0,11.0
2020-02-19,12.6,75,61,11.7,12.36,1.4,13.0
2020-02-20,10.9,73,88,10.9,3.14,0.2,10.0
2020-02-21,12.8,83,80,7.4,7.95,0.0,12.0
2020-02-22,14.1,79,94,7.7,7.44,0.9,13.0
2020-02-23,13.8,82,96,9.0,5.7,0.8,11.0
2020-02-24,15.3,86,83,7.9,8.2,1.0,13.0
2020-02-25,16.9,83,80,6.9,9.39,1.4,15.0
2020-02-26,15.2,87,85,8.2,4.62,2.0,15.0
2020-02-27,17.2,91,100,7.2,4.84,22.8,14.0
2020-02-28,16.9,85,65,11.0,9.09,6.3,18.0
2020-02-29,18.8,82,42,12.0,11.82,0.0,18.0
2020-03-01,18.8,79,50,10.8,11.13,2.6,19.0
2020-03-02,14.8,78,100,15.0,4.54,9.1,16.0
2020-03-03,11.3,87,100,9.2,2.59,3.7,11.0
2020-03-04,13.3,89,84,11.1,6.09,4.2,13.0
2020-03-05,15.4,74,58,18.3,9.01,0.0,14.0
2020-03-06,16.9,72,67,11.4,10.88,0.3,17.0
2020-03-07,18.3,77,52,11.2,14.55,0.9,20.0
2020-03-08,18.4,79,85,10.9,7.67,2.0,16.0
2020-03-09,16.3,72,96,16.3,7.6,0.7,17.0
2020-03-10,17.3,68,77,10.1,16.89,0.0,18.0
2020-03-11,14.2,75,97,15.8,5.05,2.5,15.0
2020-03-12,17.8,77,73,7.6,10.86,0.4,18.0
2020-03-13,18.4,78,82,12.3,9.72,1.0,17.0
2020-03-14,15.8,79,83,9.7,5.09,0.3,17.0
2020-03-15,17.5,81,83,9.8,5.99,0.0,16.0
2020-03-16,15.6,77,100,6.9,4.58,1.3,16.0
2020-03-17,17.6,79,65,8.5,12.14,1.4,18.0
2020-03-18,20.5,71,51,8.7,17.71,0.1,22.0
2020-03-19,22.1,64,49,7.1,20.06,0.0,25.0
2020-03-20,25.5,62,7,11.3,19.57,0.0,27.0
2020-03-21,25.4,74,46,17.2,17.9,3.2,28.0
2020-03-22,23.3,72,32,13.5,18.84,0.1,25.0
2020-03-23,24.7,77,54,16.2,18.23,0.4,26.0
2020-03-24,23.9,78,64,15.3,16.61,11.1,27.0
2020-03-25,25.2,79,65,11.2,14.82,0.0,27.0
2020-03-26,26.6,75,50,15.1,16.17,2.5,30.0
2020-03-27,19.4,82,99,18.2,5.97,26.7,22.0
2020-03-28,13.3,84,100,16.1,3.63,5.5,13.0
2020-03-29,13.3,79,100,12.0,6.44,2.9,13.0
2020-03-30,16.0,78,86,13.4,10.68,1.9,15.0
2020-03-31,18.0,72,74,13.2,15.01,0.0,18.0
2020-04-01,17.7,73,89,11.0,6.78,0.0,16.0
2020-04-02,17.4,72,98,13.0,6.81,0.1,17.0
2020-04-03,14.6,74,98,12.0,3.87,1.2,15.0
2020-04-04,13.5,89,100,6.8,2.7,4.7,14.0
2020-04-05,14.6,93,96,6.8,6.72,7.2,13.0
2020-04-06,16.4,82,93,6.0,11.13,0.5,17.0
2020-04-07,19.5,78,83,6.7,14.95,0.0,22.0
2020-04-08,20.1,81,69,11.8,12.26,4.4,21.0
2020-04-09,23.8,71,36,13.6,17.6,0.2,25.0
2020-04-10,22.0,80,83,12.4,10.76,16.0,19.0
2020-04-11,18.6,78,85,10.8,8.17,3.6,20.0
2020-04-12,20.8,74,52,9.1,18.54,0.2,23.0
2020-04-13,17.2,71,94,12.9,5.42,0.8,18.0
2020-04-14,21.1,69,29,8.0,22.93,0.0,23.0
2020-04-15,24.6,64,10,10.5,22.72,0.0,28.0
2020-04-16,26.2,70,55,10.2,18.73,0.0,28.0
2020-04-17,24.2,82,80,14.1,13.22,16.4,23.0
2020-04-18,19.1,84,89,15.0,8.05,14.4,17.0
2020-04-19,22.4,81,79,8.9,12.1,3.0,21.0
2020-04-20,19.1,88,92,13.8,7.14,13.4,18.0
2020-04-21,16.4,89,98,12.7,3.45,9.3,16.0
2020-04-22,13.8,92,100,14.9,2.15,14.9,13.0
2020-04-23,12.4,89,100,11.4,4.1,6.5,12.0
2020-04-24,18.0,79,94,9.4,15.11,0.6,20.0
2020-04-25,19.2,75,93,7.7,12.75,0.0,21.0
2020-04-26,23.2,71,57,9.1,22.98,0.0,26.0
2020-04-27,26.3,63,5,8.9,24.62,0.0,29.0
2020-04-28,28.9,55,15,10.8,24.34,0.0,32.0
2020-04-29,28.6,60,64,9.7,20.97,1.1,30.0
2020-04-30,25.4,81,90,7.5,15.13,10.3,25.0
2020-05-01,28.0,76,58,8.7,23.47,0.0,29.0
2020-05-02,29.6,69,21,7.1,24.33,0.0,33.0
2020-05-03,31.8,62,51,11.8,24.53,0.0,34.0
2020-05-04,31.1,72,59,15.1,18.5,10.0,34.0
2020-05-05,29.5,76,49,11.6,22.96,0.0,32.0
2020-05-06,29.9,74,39,15.7,19.37,4.6,32.0
2020-05-07,31.4,72,37,14.2,20.58,0.0,32.0
2020-05-08,26.7,79,85,17.4,14.69,12.3,26.0
2020-05-09,22.5,79,59,23.2,18.36,4.8,23.0
2020-05-10,25.1,70,31,10.6,24.22,0.5,28.0
2020-05-11,23.6,75,73,15.3,13.05,23.0,24.0
2020-05-12,24.7,75,80,9.7,17.09,0.0,25.0
2020-05-13,22.8,81,96,9.0,8.99,10.2,22.0
2020-05-14,23.5,85,90,9.3,11.6,17.7,21.0
2020-05-15,27.3,77,78,8.0,20.91,0.0,29.0
2020-05-16,28.4,81,81,10.9,20.87,0.4,29.0
2020-05-17,29.0,77,50,11.6,21.52,0.0,31.0
2020-05-18,31.2,70,34,8.3,24.98,0.0,34.0
2020-05-19,31.6,66,36,17.7,22.51,0.2,35.0
2020-05-20,27.2,79,90,16.7,15.5,21.5,30.0
2020-05-21,23.0,91,100,9.7,3.99,21.3,24.0
2020-05-22,26.4,85,92,5.5,14.0,0.0,28.0
2020-05-23,30.1,76,62,7.9,24.83,0.0,33.0
2020-05-24,24.6,81,100,12.3,5.75,9.0,27.0
2020-05-25,20.6,87,100,13.7,6.84,9.5,20.0
2020-05-26,22.1,86,97,7.3,9.76,0.0,23.0
2020-05-27,22.7,87,99,11.0,9.37,1.3,24.0
2020-05-28,24.6,82,90,9.6,18.29,0.7,24.0
2020-05-29,26.6,78,35,5.9,24.35,0.0,29.0
2020-05-30,29.7,69,35,10.2,25.57,0.0,32.0
2020-05-31,24.7,84,76,15.9,11.1,27.9,27.0
2020-06-01,28.6,79,57,10.1,22.38,0.0,31.0
2020-06-02,23.5,85,93,19.6,7.39,25.5,27.0
2020-06-03,25.1,78,63,9.7,17.35,0.0,26.0
2020-06-04,28.6,75,45,7.3,22.33,0.0,31.0
2020-06-05,30.0,73,57,7.1,24.46,0.0,32.0
2020-06-06,30.5,77,79,11.1,16.36,0.0,32.0
2020-06-07,25.5,85,89,8.5,7.79,4.6,27.0
2020-06-08,26.9,89,66,11.6,11.76,11.7,26.0
2020-06-09,26.3,82,68,10.5,15.12,3.3,23.0
2020-06-10,28.1,82,39,8.0,18.81,1.4,29.0
2020-06-11,27.9,85,61,9.7,13.67,13.0,27.0
2020-06-12,27.5,92,74,8.4,10.93,33.4,27.0
2020-06-13,28.7,90,84,10.5,15.66,7.8,31.0
2020-06-14,28.5,87,63,11.0,15.58,15.3,29.0
2020-06-15,32.1,82,35,14.5,23.27,0.9,35.0
2020-06-16,33.9,71,88,15.7,22.85,0.1,35.0
2020-06-17,28.0,87,100,19.9,7.68,9.5,31.0
2020-06-18,28.7,81,70,8.9,20.38,0.1,31.0
2020-06-19,30.5,79,48,13.0,21.8,0.2,32.0
2020-06-20,26.4,86,98,12.6,11.35,31.1,25.0
2020-06-21,27.6,84,83,6.2,16.95,0.4,26.0
2020-06-22,25.8,91,89,10.7,9.91,4.8,25.0
2020-06-23,26.5,91,80,6.0,9.01,3.6,25.0
2020-06-24,29.9,83,63,8.0,20.28,0.2,32.0
2020-06-25,31.8,78,4,10.1,25.5,0.0,35.0
2020-06-26,32.8,70,86,16.0,22.41,0.4,34.0
2020-06-27,25.8,93,92,18.8,5.13,57.8,26.0
2020-06-28,28.2,88,68,8.7,14.46,2.6,25.0
2020-06-29,31.2,82,35,6.9,21.45,0.9,33.0
2020-06-30,28.6,88,91,5.6,10.01,12.3,29.0
2020-07-01,26.7,94,99,11.5,4.89,57.2,26.0
2020-07-02,28.2,83,78,11.4,15.0,0.4,26.0
2020-07-03,29.9,81,47,10.7,23.28,0.5,32.0
2020-07-04,28.4,85,75,10.6,13.49,15.7,27.0
2020-07-05,28.5,87,86,9.5,10.96,37.0,28.0
2020-07-06,28.3,84,91,8.4,12.91,8.7,26.0
2020-07-07,28.9,86,79,6.2,16.42,3.3,26.0
2020-07-08,28.8,88,67,5.4,14.92,13.0,30.0
2020-07-09,31.0,82,82,6.8,20.52,0.7,33.0
2020-07-10,29.7,88,91,7.2,12.86,14.2,31.0
2020-07-11,26.3,93,98,10.7,6.19,17.5,25.0
2020-07-12,26.7,92,94,11.1,8.96,10.2,27.0
2020-07-13,27.4,92,98,9.0,9.76,16.5,28.0
2020-07-14,32.9,77,87,12.0,21.89,0.6,35.0
2020-07-15,31.0,83,74,14.1,17.18,2.9,29.0
2020-07-16,27.8,94,99,7.4,9.25,45.1,26.0
2020-07-17,26.0,95,95,10.1,4.4,49.0,25.0
2020-07-18,27.7,89,95,15.6,8.61,3.2,28.0
2020-07-19,29.2,78,39,7.1,23.43,0.5,32.0
2020-07-20,27.6,82,96,10.7,8.74,0.3,29.0
2020-07-21,29.4,83,94,13.8,16.7,7.5,30.0
2020-07-22,29.4,86,99,7.9,14.89,3.7,27.0
2020-07-23,32.6,80,95,11.3,21.82,0.7,34.0
2020-07-24,32.8,78,90,11.0,20.89,0.8,36.0
2020-07-25,32.7,80,97,13.1,16.86,10.3,35.0
2020-07-26,26.2,93,83,14.5,6.04,44.9,28.0
2020-07-27,31.5,82,19,10.0,25.08,0.0,34.0
2020-07-28,33.9,75,10,12.3,25.34,0.0,36.0
2020-07-29,32.6,69,56,14.0,23.12,0.0,35.0
2020-07-30,28.5,85,87,12.3,12.4,1.2,29.0
2020-07-31,28.9,84,84,7.2,15.27,1.2,29.0
2020-08-01,31.6,82,62,7.2,22.27,0.2,35.0
2020-08-02,32.4,80,54,8.4,21.25,0.3,36.0
2020-08-03,32.9,79,55,8.8,21.49,3.4,38.0
2020-08-04,34.9,67,67,13.8,24.13,0.0,38.0
2020-08-05,35.3,63,72,15.4,23.92,0.0,38.0
2020-08-06,35.6,62,82,15.6,23.67,0.0,38.0
2020-08-07,34.2,64,93,11.9,20.78,0.0,36.0
2020-08-08,30.8,84,86,7.6,14.3,7.0,33.0
2020-08-09,31.6,83,29,7.3,19.63,3.3,34.0
2020-08-10,34.1,73,10,8.2,22.67,0.0,37.0
2020-08-11,34.7,64,94,18.9,16.63,0.0,34.0
2020-08-12,35.1,63,99,16.6,16.62,0.0,37.0
2020-08-13,30.4,80,98,11.5,10.84,5.6,31.0
2020-08-14,35.5,66,79,17.6,23.47,0.5,37.0
2020-08-15,35.7,55,91,18.9,20.75,0.0,36.0
2020-08-16,35.1,52,86,17.3,21.36,0.0,35.0
2020-08-17,35.0,53,74,17.6,21.77,0.1,35.0
2020-08-18,29.6,67,83,17.7,17.83,0.0,30.0
2020-08-19,27.4,70,91,7.6,10.93,2.0,28.0
2020-08-20,30.6,68,51,15.0,17.19,0.1,30.0
2020-08-21,31.7,71,27,12.2,20.18,2.5,34.0
2020-08-22,35.3,59,25,12.1,21.37,0.0,35.0
2020-08-23,37.6,49,28,16.3,22.74,0.0,40.0
2020-08-24,31.4,76,94,15.5,7.73,6.1,33.0
2020-08-25,33.0,66,26,14.3,23.43,0.0,34.0
2020-08-26,34.5,61,2,6.5,23.82,0.0,35.0
2020-08-27,37.4,50,0,9.4,23.85,0.0,39.0
2020-08-28,38.2,40,34,13.1,22.14,0.0,39.0
2020-08-29,38.5,46,23,15.0,21.65,0.3,39.0
2020-08-30,38.2,40,25,17.9,19.92,0.1,39.0
2020-08-31,33.2,55,35,15.4,18.54,2.1,32.0
2020-09-01,34.7,59,22,17.0,20.69,0.0,33.0
2020-09-02,27.6,82,69,14.7,9.18,30.0,28.0
2020-09-03,29.4,76,56,16.1,15.45,0.6,27.0
2020-09-04,28.9,68,70,10.0,14.28,0.6,25.0
2020-09-05,28.3,72,88,13.8,12.16,1.1,31.0
2020-09-06,28.0,81,75,12.5,10.47,14.9,26.0
2020-09-07,30.4,76,26,5.4,21.29,0.0,33.0
2020-09-08,32.2,64,58,8.9,21.0,0.0,32.0
2020-09-09,32.0,65,65,8.6,18.72,0.1,35.0
2020-09-10,27.2,84,84,12.5,10.83,9.1,27.0
2020-09-11,26.6,85,90,9.2,8.19,1.8,29.0
2020-09-12,22.5,87,98,12.7,3.82,9.4,24.0
2020-09-13,22.3,89,100,12.1,5.17,11.6,20.0
2020-09-14,22.6,88,97,8.4,6.2,3.8,21.0
2020-09-15,24.0,89,78,5.9,7.65,3.2,23.0
2020-09-16,22.5,95,99,5.4,2.93,13.4,22.0
2020-09-17,22.2,86,74,17.1,6.57,14.2,20.0
2020-09-18,25.2,80,54,7.9,16.6,0.1,27.0
2020-09-19,26.5,69,46,10.9,17.38,0.0,29.0
2020-09-20,26.8,70,90,11.3,12.56,0.2,27.0
2020-09-21,23.9,88,100,12.0,6.07,13.6,22.0
2020-09-22,19.5,89,100,11.3,4.67,9.4,20.0
2020-09-23,22.2,87,82,6.5,7.53,1.6,21.0
2020-09-24,25.2,79,58,13.9,15.45,0.5,26.0
2020-09-25,20.8,89,100,12.0,3.11,15.9,22.0
2020-09-26,22.1,83,99,10.3,7.43,9.9,22.0
2020-09-27,22.5,73,88,12.3,10.89,0.6,24.0
2020-09-28,20.7,79,96,11.0,4.78,2.2,22.0
2020-09-29,23.6,83,82,8.1,10.45,4.0,21.0
2020-09-30,24.6,78,77,12.3,12.11,0.1,25.0
2020-10-01,23.5,76,96,9.4,6.73,0.3,22.0
2020-10-02,23.3,89,98,8.7,5.44,14.3,21.0
2020-10-03,23.1,88,99,12.7,7.61,9.9,20.0
2020-10-04,19.0,93,100,10.5,2.38,21.8,18.0
2020-10-05,17.3,85,99,11.6,4.18,7.2,17.0
2020-10-06,16.7,79,99,10.1,4.87,1.6,16.0
2020-10-07,19.8,83,87,8.3,10.93,2.3,18.0
2020-10-08,18.2,77,85,9.8,5.62,0.0,18.0
2020-10-09,19.4,83,76,6.5,8.79,0.2,17.0
2020-10-10,21.4,76,76,8.7,11.5,0.0,20.0
2020-10-11,20.2,83,100,6.5,4.28,0.7,19.0
2020-10-12,19.4,93,95,4.7,4.26,3.0,18.0
2020-10-13,23.1,85,87,6.4,10.31,0.7,20.0
2020-10-14,19.5,93,99,13.7,4.18,7.8,19.0
2020-10-15,15.7,93,100,9.2,2.59,7.6,15.0
2020-10-16,15.0,94,100,10.4,1.85,8.2,15.0
2020-10-17,16.3,87,97,7.6,4.39,2.4,16.0
2020-10-18,18.6,82,74,6.1,9.93,1.1,19.0
2020-10-19,19.6,80,72,5.8,9.96,1.8,19.0
2020-10-20,17.0,84,98,6.8,4.61,7.0,17.0
2020-10-21,19.6,84,80,8.3,10.27,0.1,18.0
2020-10-22,21.7,77,6,9.4,16.96,0.0,22.0
2020-10-23,22.3,76,50,8.9,15.2,0.0,22.0
2020-10-24,22.6,61,46,9.7,15.59,0.0,23.0
2020-10-25,21.1,65,78,6.9,9.45,0.0,20.0
2020-10-26,20.4,81,85,6.7,7.69,0.2,19.0
2020-10-27,18.5,90,96,6.0,3.42,3.3,18.0
2020-10-28,16.3,95,99,12.7,2.47,5.9,16.0
2020-10-29,18.4,85,80,9.2,7.16,0.4,18.0
2020-10-30,19.6,81,96,15.3,4.91,1.2,18.0
2020-10-31,18.0,91,98,9.0,3.98,6.5,17.0
2020-11-01,15.9,95,100,10.2,2.12,4.6,16.0
2020-11-02,15.4,93,93,8.2,3.08,3.6,15.0
2020-11-03,17.0,84,85,7.6,4.89,0.0,17.0
2020-11-04,17.6,72,76,6.7,8.45,0.0,17.0
2020-11-05,18.2,69,94,5.9,8.91,0.3,17.0
2020-11-06,18.7,80,76,5.7,10.09,1.0,19.0
2020-11-07,19.6,81,23,6.1,11.7,0.2,21.0
2020-11-08,20.8,81,32,7.2,11.61,0.1,22.0
2020-11-09,21.0,81,35,8.1,12.75,0.0,23.0
2020-11-10,22.6,72,0,10.3,14.58,0.0,25.0
2020-11-11,22.1,68,0,10.7,14.9,0.0,26.0
2020-11-12,21.8,68,3,8.8,14.23,0.0,24.0
2020-11-13,22.1,67,0,10.4,14.41,0.0,25.0
2020-11-14,21.6,61,16,10.2,13.99,0.0,25.0
2020-11-15,21.8,65,1,9.7,13.87,0.0,23.0
2020-11-16,23.0,69,13,12.7,12.68,0.0,24.0
2020-11-17,24.0,78,57,12.5,10.18,0.0,25.0
2020-11-18,18.7,74,48,13.2,8.65,1.1,20.0
2020-11-19,20.1,75,40,10.8,12.69,0.9,21.0
2020-11-20,17.4,78,91,14.3,5.2,3.4,18.0
2020-11-21,15.0,86,100,13.9,2.9,4.6,15.0
2020-11-22,9.9,86,98,15.0,1.73,21.1,11.0
2020-11-23,9.9,83,98,8.6,4.26,4.8,9.0
2020-11-24,10.2,86,99,7.3,3.19,2.2,10.0
2020-11-25,11.8,84,97,7.7,4.28,0.8,11.0
2020-11-26,12.9,83,90,5.1,5.8,0.2,12.0
2020-11-27,11.5,88,100,5.4,2.44,2.8,12.0
2020-11-28,11.6,85,99,8.0,4.14,1.8,10.0
2020-11-29,12.8,77,44,10.5,7.51,0.0,12.0
2020-11-30,12.2,69,92,11.0,4.1,0.0,11.0
2020-12-01,12.0,70,79,11.0,6.28,0.3,11.0
2020-12-02,10.4,77,97,10.4,2.37,0.3,10.0
2020-12-03,9.8,79,99,12.4,4.64,3.1,9.0
2020-12-04,10.1,63,92,11.3,5.54,0.0,9.0
2020-12-05,11.5,63,62,9.6,10.97,0.0,12.0
2020-12-06,9.9,78,98,6.1,3.65,0.6,9.0
2020-12-07,9.4,91,89,7.3,2.63,1.1,9.0
2020-12-08,12.8,81,74,12.2,9.02,0.1,12.0
2020-12-09,10.0,74,92,8.1,2.79,0.0,10.0
2020-12-10,12.2,79,73,6.6,7.75,0.1,10.0
2020-12-11,11.1,82,98,4.7,2.73,0.3,10.0
2020-12-12,11.1,87,96,8.4,2.65,0.0,10.0
2020-12-13,9.7,91,100,11.5,1.08,7.9,10.0
2020-12-14,7.9,74,100,12.7,1.95,3.0,8.0
2020-12-15,6.4,73,98,7.9,2.58,0.6,6.0
2020-12-16,8.5,69,86,7.9,6.92,0.0,7.0
2020-12-17,7.6,50,71,8.3,7.55,0.0,8.0
2020-12-18,8.3,70,71,8.4,6.75,0.0,8.0
2020-12-19,8.0,82,75,6.6,6.4,1.3,7.0
2020-12-20,8.6,78,42,8.7,8.01,0.0,9.0
2020-12-21,10.0,73,38,10.0,11.08,0.0,11.0
2020-12-22,9.8,71,65,11.1,7.73,0.0,9.0
2020-12-23,8.3,82,83,7.9,3.29,0.3,9.0
2020-12-24,9.2,84,61,4.9,4.14,0.0,7.0
2020-12-25,9.6,86,96,8.2,2.67,0.7,8.0
2020-12-26,9.6,89,89,7.1,3.23,0.4,8.0
2020-12-27,11.6,82,56,11.1,9.6,0.0,12.0
2020-12-28,8.4,84,98,9.3,2.24,0.9,9.0
2020-12-29,6.9,90,100,15.0,1.68,4.9,8.0
2020-12-30,6.7,90,97,6.5,2.91,1.8,6.0
2020-12-31,8.1,80,84,9.4,6.87,0.4,
