datum,era5_max,rh_gem,bewolking_gem,wind_max,instraling_som,neerslag_som,station_max
2000-01-01,10.6,74,12,6.6,8.93,0.0,10.4
2000-01-02,10.0,72,0,4.6,9.48,0.0,10.0
2000-01-03,9.0,76,1,4.3,9.31,0.0,8.1
2000-01-04,8.4,81,4,6.9,9.53,0.0,8.0
2000-01-05,6.5,81,40,5.4,8.4,0.0,2.0
2000-01-06,8.3,82,46,5.4,8.69,0.0,9.3
2000-01-07,10.4,75,9,6.3,9.76,0.0,12.6
2000-01-08,9.7,74,62,7.8,8.88,0.0,11.1
2000-01-09,5.8,86,60,10.8,4.02,3.4,7.0
2000-01-10,7.7,66,30,16.4,9.32,0.0,8.6
2000-01-11,8.6,55,37,12.5,9.55,0.2,10.0
2000-01-12,7.7,75,0,9.7,10.03,0.0,9.0
2000-01-13,6.4,83,58,12.4,7.69,0.6,7.0
2000-01-14,4.8,92,87,12.1,4.61,18.4,5.0
2000-01-15,5.6,80,22,12.8,10.23,0.1,8.6
2000-01-16,8.3,77,53,15.1,6.05,0.0,10.0
2000-01-17,9.2,75,5,7.6,10.56,0.0,10.2
2000-01-18,10.9,74,0,5.8,10.66,0.0,10.1
2000-01-19,11.8,65,4,15.1,10.72,0.0,13.0
2000-01-20,8.9,68,11,11.5,9.79,0.0,10.0
2000-01-21,10.2,74,0,5.5,11.08,0.0,10.0
2000-01-22,8.9,70,0,5.8,11.32,0.0,8.3
2000-01-23,8.5,71,7,15.6,10.2,0.0,10.0
2000-01-24,6.3,70,7,10.1,10.94,0.0,7.0
2000-01-25,5.4,65,11,7.4,11.46,0.0,6.4
2000-01-26,6.3,81,91,9.9,4.41,1.5,6.0
2000-01-27,9.5,83,84,8.5,9.91,2.2,9.7
2000-01-28,10.4,81,38,8.2,11.37,0.0,11.0
2000-01-29,10.8,78,14,6.4,11.87,0.0,12.4
2000-01-30,13.7,72,4,4.9,11.91,0.0,15.2
2000-01-31,14.5,71,76,8.9,10.54,0.0,15.6
2000-02-01,14.5,76,89,15.3,7.93,0.8,11.0
2000-02-02,15.0,83,62,11.7,6.9,0.0,15.6
2000-02-03,16.0,75,7,8.6,12.9,0.0,18.2
2000-02-04,15.7,61,32,5.8,13.06,0.0,17.0
2000-02-05,14.0,60,95,6.5,11.49,0.0,15.1
2000-02-06,14.0,66,57,9.3,11.71,0.0,14.1
2000-02-07,13.8,79,61,8.9,10.81,0.0,14.0
2000-02-08,16.7,74,49,9.7,12.06,0.0,15.8
2000-02-09,14.3,71,24,8.7,10.61,0.0,16.0
2000-02-10,14.6,76,52,7.3,10.9,0.0,15.9
2000-02-11,14.1,76,76,8.3,11.21,0.0,15.2
2000-02-12,13.5,69,16,10.5,14.17,0.0,16.1
2000-02-13,15.4,61,40,9.3,13.5,0.0,15.0
2000-02-14,16.8,66,35,6.5,12.09,0.0,19.0
2000-02-15,16.9,75,5,9.3,14.49,0.0,18.0
2000-02-16,13.2,70,41,19.1,11.65,0.0,13.8
2000-02-17,13.5,70,23,17.4,11.84,0.0,16.0
2000-02-18,17.2,74,12,9.7,14.83,0.0,18.0
2000-02-19,18.0,67,2,9.9,15.46,0.0,20.0
2000-02-20,16.5,67,1,8.0,15.26,0.0,18.0
2000-02-21,16.9,66,44,8.9,15.65,0.0,17.3
2000-02-22,16.0,65,68,12.8,13.15,0.2,15.6
2000-02-23,14.7,70,40,15.5,8.26,0.0,17.0
2000-02-24,16.4,68,3,8.0,15.85,0.0,17.0
2000-02-25,18.1,60,0,6.8,16.49,0.0,19.0
2000-02-26,18.4,50,29,5.9,16.86,0.0,19.0
2000-02-27,18.4,47,5,5.5,16.91,0.0,19.0
2000-02-28,17.7,49,50,7.2,15.25,0.0,16.6
2000-02-29,17.9,61,50,12.8,16.84,0.0,18.3
2000-03-01,15.4,60,10,17.3,15.24,0.0,16.1
2000-03-02,15.5,53,12,11.7,18.21,0.0,16.0
2000-03-03,17.6,39,17,10.3,18.47,0.0,17.3
2000-03-04,18.5,50,87,6.2,17.61,0.0,18.9
2000-03-05,18.6,57,45,11.2,18.05,0.0,19.0
2000-03-06,19.3,53,30,7.4,18.46,0.0,19.0
2000-03-07,17.6,56,63,8.3,12.6,0.3,20.0
2000-03-08,20.7,53,0,9.0,18.96,0.0,21.0
2000-03-09,22.0,45,0,9.7,19.5,0.0,22.6
2000-03-10,22.6,39,28,8.2,19.67,0.0,22.2
2000-03-11,22.9,39,31,7.6,18.95,0.0,23.0
2000-03-12,19.3,42,29,9.5,19.5,0.0,19.0
2000-03-13,20.0,53,32,10.5,17.66,1.8,20.0
2000-03-14,19.9,48,6,15.4,20.07,0.0,20.2
2000-03-15,19.8,47,4,19.7,20.26,0.0,21.0
2000-03-16,19.2,39,2,15.3,20.84,0.0,20.0
2000-03-17,19.9,36,0,14.3,20.97,0.0,19.2
2000-03-18,21.3,41,2,17.6,21.04,0.0,22.0
2000-03-19,17.0,40,12,18.6,21.39,0.0,17.9
2000-03-20,15.8,54,60,18.7,15.08,0.9,17.0
2000-03-21,15.9,68,96,18.0,12.99,3.1,15.0
2000-03-22,10.8,85,99,13.2,5.92,15.6,12.0
2000-03-23,11.8,81,79,15.1,11.79,4.3,13.0
2000-03-24,13.2,68,60,11.5,13.05,0.0,15.0
2000-03-25,13.6,65,62,11.3,17.67,0.8,14.0
2000-03-26,14.8,61,43,13.1,20.18,0.0,16.0
2000-03-27,16.2,51,71,17.5,19.37,0.0,15.0
2000-03-28,10.8,51,31,14.4,22.02,0.2,10.0
2000-03-29,11.5,51,40,12.2,20.1,0.5,11.6
2000-03-30,11.2,59,86,11.8,12.6,1.8,9.0
2000-03-31,15.0,67,63,15.7,17.6,1.8,13.6
2000-04-01,16.4,54,49,17.2,22.35,0.0,16.0
2000-04-02,12.0,81,92,25.4,7.3,17.0,13.0
2000-04-03,10.7,73,78,26.5,18.5,4.0,10.0
2000-04-04,12.1,71,86,18.4,16.17,1.9,13.0
2000-04-05,11.5,58,57,14.0,16.14,0.0,11.0
2000-04-06,14.7,57,36,9.6,24.44,0.0,14.0
2000-04-07,17.8,57,88,13.0,21.35,0.0,19.0
2000-04-08,11.2,72,100,17.1,5.66,4.8,13.0
2000-04-09,13.2,80,83,9.6,14.44,5.0,12.9
2000-04-10,12.5,75,56,18.1,14.34,4.9,12.0
2000-04-11,15.0,62,54,18.2,16.06,0.2,15.0
2000-04-12,11.7,68,61,26.2,11.71,0.0,13.3
2000-04-13,13.0,70,89,21.5,11.61,0.0,13.3
2000-04-14,13.3,73,67,26.0,14.55,4.1,15.0
2000-04-15,10.6,77,64,16.1,12.77,10.4,10.0
2000-04-16,12.9,73,63,24.1,20.8,13.3,14.0
2000-04-17,13.9,64,60,20.3,15.78,0.0,15.0
2000-04-18,11.6,84,73,30.5,8.09,5.5,13.1
2000-04-19,17.9,78,82,17.3,12.86,0.9,17.0
2000-04-20,18.5,70,51,22.5,25.17,0.0,18.6
2000-04-21,19.5,70,76,19.5,18.8,0.0,21.0
2000-04-22,13.1,83,82,19.7,10.0,6.9,15.0
2000-04-23,14.6,66,38,19.4,20.57,1.0,14.0
2000-04-24,17.0,67,56,14.8,22.97,0.0,17.0
2000-04-25,18.2,67,34,21.4,19.27,0.0,20.3
2000-04-26,15.7,66,64,15.4,22.16,0.9,15.0
2000-04-27,13.3,73,76,12.2,16.97,3.7,13.0
2000-04-28,14.3,63,59,15.3,23.99,1.2,14.0
2000-04-29,13.4,72,92,14.7,11.94,2.6,14.0
2000-04-30,15.4,74,99,16.5,13.76,0.5,16.0
2000-05-01,15.4,69,95,8.0,15.33,2.2,15.0
2000-05-02,19.1,67,59,9.5,23.86,2.3,19.2
2000-05-03,21.3,59,93,14.6,16.23,1.0,22.0
2000-05-04,18.2,74,86,11.5,16.75,18.5,18.0
2000-05-05,17.3,74,63,12.2,19.44,4.6,16.0
2000-05-06,17.9,77,84,12.0,22.2,1.3,18.7
2000-05-07,17.3,77,64,11.0,20.03,1.7,17.0
2000-05-08,17.4,81,80,7.1,17.68,2.2,16.0
2000-05-09,18.6,77,48,10.7,25.51,0.0,18.0
2000-05-10,17.8,72,83,14.5,21.88,0.0,18.0
2000-05-11,18.1,73,67,12.1,20.88,1.2,18.0
2000-05-12,20.7,70,72,8.4,20.29,0.0,21.0
2000-05-13,24.0,61,28,6.3,28.24,0.0,24.4
2000-05-14,26.4,58,74,7.2,28.07,0.0,27.0
2000-05-15,27.5,58,41,9.4,28.57,0.0,28.0
2000-05-16,26.9,48,73,11.4,27.48,0.0,27.0
2000-05-17,24.6,63,58,14.0,24.38,1.2,25.0
2000-05-18,24.6,67,23,10.7,23.03,0.2,27.0
2000-05-19,25.6,53,11,9.0,28.43,0.0,27.1
2000-05-20,24.8,54,22,11.7,23.58,0.4,27.2
2000-05-21,21.0,74,68,9.7,15.93,7.7,18.0
2000-05-22,22.1,68,62,9.5,25.37,0.0,22.2
2000-05-23,23.9,59,36,7.9,25.7,0.0,25.0
2000-05-24,24.4,57,23,8.8,25.34,0.0,24.0
2000-05-25,24.3,59,62,9.8,24.29,0.0,25.0
2000-05-26,22.8,67,62,15.0,17.28,0.1,24.4
2000-05-27,23.1,58,62,12.5,26.31,0.2,23.6
2000-05-28,25.2,53,92,16.7,24.94,0.0,23.0
2000-05-29,26.8,59,16,9.4,26.65,0.0,28.0
2000-05-30,29.8,55,11,8.7,29.45,0.0,31.0
2000-05-31,31.1,49,15,7.9,28.49,0.0,32.5
2000-06-01,31.8,45,25,14.5,27.52,1.2,33.0
2000-06-02,30.5,48,9,11.0,27.41,0.0,30.4
2000-06-03,30.3,42,46,7.4,28.83,0.0,31.0
2000-06-04,22.5,60,65,18.9,15.76,4.9,24.0
2000-06-05,24.2,59,39,18.8,24.8,1.2,26.0
2000-06-06,24.0,46,0,14.5,31.45,0.0,26.0
2000-06-07,27.1,41,0,10.2,31.63,0.0,27.6
2000-06-08,29.8,37,1,14.8,30.73,0.0,31.0
2000-06-09,21.1,42,59,23.4,21.64,0.5,25.0
2000-06-10,19.8,43,31,21.1,26.86,0.0,19.4
2000-06-11,23.5,41,6,15.2,30.29,0.0,24.0
2000-06-12,26.9,42,3,15.1,31.48,0.0,29.0
2000-06-13,28.1,38,17,12.0,30.59,0.0,29.0
2000-06-14,29.3,44,2,15.3,29.84,0.0,31.0
2000-06-15,31.6,40,1,13.7,30.56,0.0,33.0
2000-06-16,32.6,31,1,10.9,30.89,0.0,33.2
2000-06-17,34.1,25,0,12.3,31.42,0.0,35.0
2000-06-18,33.1,23,0,16.6,31.12,0.0,34.0
2000-06-19,31.5,38,6,16.6,28.88,0.0,32.0
2000-06-20,28.4,35,20,18.2,28.88,0.0,28.0
2000-06-21,29.2,39,4,11.6,29.51,0.0,29.0
2000-06-22,31.2,41,1,10.9,30.21,0.0,31.3
2000-06-23,32.8,37,0,9.6,30.48,0.0,34.0
2000-06-24,32.5,37,2,21.2,30.34,0.0,34.0
2000-06-25,33.7,34,28,17.1,27.67,0.0,35.0
2000-06-26,34.5,39,36,17.3,27.58,0.2,37.0
2000-06-27,31.0,37,7,20.0,30.97,0.0,31.0
2000-06-28,31.8,35,2,14.0,30.51,0.0,33.0
2000-06-29,32.7,33,8,13.6,29.48,0.0,34.0
2000-06-30,33.1,29,2,20.7,30.71,0.0,34.0
2000-07-01,31.1,29,31,22.4,30.59,0.0,32.0
2000-07-02,29.5,30,44,21.7,28.98,0.0,30.0
2000-07-03,26.4,41,41,26.6,28.67,0.0,27.0
2000-07-04,26.7,42,6,9.6,30.41,0.0,28.0
2000-07-05,31.1,31,2,12.8,30.62,0.0,32.5
2000-07-06,33.2,38,3,22.9,30.18,0.0,35.0
2000-07-07,31.1,30,0,12.1,31.14,0.0,31.4
2000-07-08,29.1,37,0,18.1,30.52,0.0,30.0
2000-07-09,30.8,33,3,18.5,30.9,0.0,32.0
2000-07-10,24.2,41,53,16.4,17.5,0.5,24.0
2000-07-11,24.3,40,11,10.7,28.77,0.0,25.0
2000-07-12,27.1,32,0,11.9,30.61,0.0,27.4
2000-07-13,30.8,31,0,15.9,30.07,0.0,32.0
2000-07-14,31.7,37,0,16.4,29.58,0.0,33.0
2000-07-15,31.3,40,0,17.1,29.55,0.0,32.7
2000-07-16,31.0,39,7,15.3,29.78,0.0,32.0
2000-07-17,31.8,43,41,13.6,26.07,0.0,31.8
2000-07-18,31.9,41,27,13.8,26.94,0.0,32.0
2000-07-19,33.5,34,0,13.2,29.66,0.0,33.0
2000-07-20,34.6,24,0,11.0,30.32,0.0,35.0
2000-07-21,36.0,26,3,14.5,28.88,0.0,37.0
2000-07-22,31.5,29,0,19.9,29.63,0.0,32.0
2000-07-23,27.0,31,51,23.7,24.92,0.0,26.2
2000-07-24,27.0,45,53,20.7,23.36,1.1,27.0
2000-07-25,26.1,59,32,25.0,21.51,0.6,27.2
2000-07-26,28.5,42,0,9.7,29.16,0.0,28.4
2000-07-27,31.7,30,0,17.8,29.09,0.0,32.1
2000-07-28,31.9,37,0,12.8,28.75,0.0,33.0
2000-07-29,33.0,36,2,16.6,28.27,0.0,34.0
2000-07-30,34.7,34,3,16.3,26.75,0.0,36.0
2000-07-31,36.7,32,14,10.2,28.0,0.0,38.0
2000-08-01,36.5,26,26,19.8,24.6,1.2,36.0
2000-08-02,36.2,24,5,21.3,28.23,0.0,37.0
2000-08-03,28.8,41,17,21.8,26.08,0.0,30.0
2000-08-04,26.2,37,1,21.3,28.62,0.0,26.5
2000-08-05,26.7,39,25,20.9,28.3,0.0,27.0
2000-08-06,27.4,37,2,18.6,27.65,0.0,29.0
2000-08-07,29.5,35,0,17.3,27.96,0.0,30.4
2000-08-08,31.7,32,0,6.9,28.02,0.0,33.0
2000-08-09,33.9,27,0,7.1,28.03,0.0,35.0
2000-08-10,35.1,26,2,12.8,27.24,0.0,37.0
2000-08-11,30.4,35,30,21.8,22.78,1.3,31.0
2000-08-12,28.7,51,44,8.7,18.04,0.0,30.2
2000-08-13,32.2,38,29,12.2,26.16,0.0,33.0
2000-08-14,34.2,33,0,7.7,26.48,0.0,34.3
2000-08-15,35.9,35,0,12.8,26.25,0.0,37.0
2000-08-16,36.3,30,18,15.8,23.66,0.0,37.0
2000-08-17,35.9,31,25,16.5,24.35,0.0,36.1
2000-08-18,33.3,28,37,18.1,26.04,0.0,33.3
2000-08-19,33.8,25,2,24.2,26.3,0.0,35.0
2000-08-20,30.0,32,3,21.7,25.95,0.0,30.0
2000-08-21,27.4,34,8,16.6,26.04,0.0,27.0
2000-08-22,27.0,32,0,19.2,26.5,0.0,27.6
2000-08-23,27.9,37,1,15.5,25.69,0.0,29.0
2000-08-24,31.3,36,10,19.6,24.34,0.0,32.0
2000-08-25,30.1,41,53,17.7,21.28,0.1,30.0
2000-08-26,28.5,31,31,10.6,23.71,0.0,28.0
2000-08-27,28.4,38,6,13.0,25.21,0.0,29.0
2000-08-28,29.9,41,28,15.6,20.14,0.0,31.0
2000-08-29,32.4,41,27,18.1,23.67,0.0,32.2
2000-08-30,30.6,29,17,17.7,23.76,0.0,30.0
2000-08-31,29.4,40,0,13.5,25.04,0.0,29.2
2000-09-01,31.8,29,0,11.0,24.76,0.0,32.0
2000-09-02,31.3,33,0,11.7,24.0,0.0,33.0
2000-09-03,30.3,39,15,19.2,22.8,0.0,31.1
2000-09-04,27.1,38,0,19.1,24.09,0.0,29.0
2000-09-05,28.2,33,0,14.5,23.95,0.0,28.0
2000-09-06,30.8,28,24,8.4,23.45,0.0,30.7
2000-09-07,33.1,26,27,11.8,23.25,0.0,33.0
2000-09-08,32.9,35,2,13.0,22.69,0.0,33.0
2000-09-09,32.0,49,4,12.2,20.62,0.0,33.0
2000-09-10,32.9,39,26,10.0,21.19,0.0,33.0
2000-09-11,30.3,39,50,15.5,17.36,0.1,30.4
2000-09-12,30.8,48,9,7.8,21.59,0.0,31.2
2000-09-13,31.4,31,12,15.3,21.96,0.0,32.0
2000-09-14,31.6,25,10,14.8,22.14,0.0,31.7
2000-09-15,31.6,27,0,14.5,22.01,0.0,32.0
2000-09-16,30.3,27,19,15.8,21.43,0.0,30.0
2000-09-17,27.3,39,15,15.3,20.2,0.2,27.0
2000-09-18,25.1,48,21,14.4,16.86,0.0,27.0
2000-09-19,19.7,52,52,20.8,13.19,0.8,23.0
2000-09-20,19.9,50,31,16.8,19.38,2.2,19.0
2000-09-21,23.1,38,1,4.5,21.07,0.0,22.0
2000-09-22,26.8,37,1,6.3,21.12,0.0,27.0
2000-09-23,28.1,37,4,10.3,20.08,0.0,28.0
2000-09-24,27.0,36,46,13.0,19.22,0.0,26.2
2000-09-25,28.9,44,7,8.9,19.21,0.0,29.0
2000-09-26,27.4,52,47,13.3,16.95,0.5,24.4
2000-09-27,25.2,52,13,12.2,16.92,0.0,26.0
2000-09-28,20.7,60,89,20.1,9.18,1.8,20.2
2000-09-29,19.4,58,44,17.9,15.93,0.9,19.0
2000-09-30,18.5,54,39,13.3,13.24,0.0,19.4
2000-10-01,19.3,55,48,17.1,14.41,0.0,19.0
2000-10-02,23.1,51,36,10.4,18.69,0.0,24.4
2000-10-03,26.7,42,10,6.9,18.43,0.0,27.0
2000-10-04,27.0,36,36,6.9,18.28,0.0,27.3
2000-10-05,26.6,36,58,17.6,16.68,0.0,26.0
2000-10-06,22.8,46,46,20.4,17.94,0.0,23.5
2000-10-07,23.2,35,17,15.3,17.97,0.0,24.0
2000-10-08,25.4,34,0,8.8,18.21,0.0,25.0
2000-10-09,25.0,35,55,14.0,17.59,0.0,25.0
2000-10-10,19.3,47,35,18.8,16.02,0.0,20.0
2000-10-11,16.4,78,90,34.2,3.75,7.7,18.0
2000-10-12,14.7,67,46,15.1,14.11,6.0,14.2
2000-10-13,15.6,57,23,18.0,13.71,0.0,15.6
2000-10-14,15.7,55,38,9.7,12.05,0.0,16.0
2000-10-15,15.9,62,40,11.3,12.39,0.5,17.0
2000-10-16,18.1,63,23,7.2,14.11,0.0,19.0
2000-10-17,19.0,55,40,7.0,14.84,0.0,19.3
2000-10-18,21.0,49,39,9.9,15.66,0.0,22.0
2000-10-19,21.0,51,68,9.5,14.35,0.3,23.0
2000-10-20,16.9,66,100,11.4,5.01,4.2,16.0
2000-10-21,14.8,83,92,11.0,5.88,13.7,16.0
2000-10-22,20.0,73,73,14.5,12.23,0.3,21.0
2000-10-23,20.3,73,77,15.1,9.44,0.6,22.0
2000-10-24,18.8,80,69,21.6,9.14,3.5,22.0
2000-10-25,19.0,74,49,10.0,8.85,0.0,21.0
2000-10-26,19.8,71,59,6.4,11.33,0.0,21.4
2000-10-27,20.5,71,29,8.7,13.63,0.0,22.0
2000-10-28,20.4,66,18,16.1,13.48,0.0,21.6
2000-10-29,17.1,77,65,8.9,8.29,0.0,19.0
2000-10-30,16.3,70,69,20.4,12.9,0.0,15.3
2000-10-31,13.7,63,55,20.7,9.8,6.7,14.2
2000-11-01,14.1,58,38,13.1,11.76,0.0,14.0
2000-11-02,10.7,89,97,18.4,1.22,20.9,13.0
2000-11-03,11.5,66,35,18.2,11.87,2.6,12.0
2000-11-04,12.0,63,52,11.3,10.44,0.0,12.0
2000-11-05,12.2,92,100,29.0,1.08,13.7,14.1
2000-11-06,13.0,70,58,34.7,9.85,7.4,15.0
2000-11-07,10.2,58,35,19.9,9.87,0.0,10.1
2000-11-08,9.7,64,33,16.4,9.76,0.0,9.4
2000-11-09,10.8,69,6,8.4,12.3,0.0,11.1
2000-11-10,11.4,67,68,10.2,10.69,0.0,13.1
2000-11-11,13.9,73,77,7.3,10.78,0.0,12.2
2000-11-12,14.9,79,74,24.7,8.1,0.0,16.4
2000-11-13,11.9,78,76,19.5,7.82,6.9,13.0
2000-11-14,9.3,78,45,13.0,8.43,0.1,9.4
2000-11-15,11.6,72,6,10.9,11.11,0.0,13.1
2000-11-16,7.8,76,66,9.5,5.55,0.6,10.0
2000-11-17,10.0,71,40,18.0,9.31,0.0,12.0
2000-11-18,11.0,69,31,6.6,10.61,0.0,12.0
2000-11-19,13.1,74,40,10.7,8.18,0.0,14.0
2000-11-20,12.0,74,82,17.9,6.75,1.3,12.0
2000-11-21,9.6,80,68,15.0,4.63,0.0,11.5
2000-11-22,10.8,93,98,21.9,1.16,13.0,12.0
2000-11-23,11.3,75,55,21.4,8.11,11.4,13.0
2000-11-24,8.4,80,80,13.4,5.4,6.2,7.3
2000-11-25,15.4,88,98,15.1,4.92,0.0,14.0
2000-11-26,15.9,80,68,19.6,6.64,0.0,17.3
2000-11-27,13.8,87,93,18.9,5.94,0.0,16.0
2000-11-28,16.3,84,74,12.2,8.12,0.0,18.1
2000-11-29,10.7,82,74,19.1,2.92,6.8,14.0
2000-11-30,10.6,87,78,14.1,4.43,0.0,10.6
2000-12-01,12.4,92,86,15.0,2.15,5.6,12.0
2000-12-02,11.5,79,50,20.8,7.31,2.5,12.0
2000-12-03,10.8,79,54,12.0,7.86,0.9,8.0
2000-12-04,12.1,85,95,14.4,5.89,0.4,11.1
2000-12-05,11.8,77,95,12.4,4.22,1.2,9.0
2000-12-06,12.0,92,100,13.2,3.46,4.7,11.2
2000-12-07,15.5,80,97,34.4,4.36,19.9,15.9
2000-12-08,10.8,85,79,18.6,5.82,0.2,11.0
2000-12-09,9.8,82,71,18.7,4.49,0.0,10.4
2000-12-10,10.0,84,91,10.5,3.22,0.2,10.0
2000-12-11,12.5,86,63,7.5,7.84,0.0,12.1
2000-12-12,12.0,76,88,8.1,7.41,0.0,11.6
2000-12-13,12.3,74,98,7.4,6.93,0.0,11.7
2000-12-14,10.7,83,98,18.4,5.01,0.8,12.0
2000-12-15,9.3,73,26,10.0,8.96,1.0,10.0
2000-12-16,8.6,71,4,8.0,9.04,0.0,8.5
2000-12-17,8.0,73,40,8.6,8.86,0.0,7.3
2000-12-18,10.2,81,78,6.2,6.57,0.0,8.2
2000-12-19,10.8,85,96,5.9,7.12,0.0,11.0
2000-12-20,9.7,75,96,6.3,7.84,0.0,9.0
2000-12-21,9.2,79,88,16.3,5.26,0.0,9.4
2000-12-22,7.2,84,100,21.1,0.96,20.6,8.0
2000-12-23,8.0,90,99,14.5,3.46,9.6,9.0
2000-12-24,8.8,90,98,17.1,3.02,10.5,10.0
2000-12-25,8.8,90,97,21.0,4.19,2.9,9.0
2000-12-26,9.0,90,95,22.7,5.06,4.1,9.0
2000-12-27,9.0,80,78,22.2,5.2,0.0,9.0
2000-12-28,7.6,85,70,22.2,1.26,4.8,9.0
2000-12-29,9.9,74,78,22.4,4.37,0.0,10.0
2000-12-30,8.5,73,71,27.9,7.06,4.1,10.0
2000-12-31,7.7,74,92,10.5,4.28,0.1,7.0
2001-01-01,10.9,89,92,24.1,2.91,2.1,10.2
2001-01-02,10.1,83,68,23.8,6.85,0.5,10.3
2001-01-03,8.4,87,91,22.7,3.01,2.7,9.2
2001-01-04,11.3,83,87,22.1,6.02,0.8,11.1
2001-01-05,13.0,95,100,28.0,1.47,6.6,14.0
2001-01-06,12.2,81,77,22.2,5.27,16.1,13.0
2001-01-07,7.2,71,24,9.6,8.34,0.0,8.0
2001-01-08,7.1,73,39,7.2,8.79,0.0,7.0
2001-01-09,6.7,82,98,13.2,2.21,2.6,4.0
2001-01-10,11.2,95,100,16.6,2.9,4.7,10.6
2001-01-11,10.3,94,98,19.8,1.21,17.2,11.0
2001-01-12,10.3,84,95,12.8,4.96,1.6,9.4
2001-01-13,11.0,77,33,10.9,8.8,0.0,12.0
2001-01-14,9.8,81,44,6.6,6.4,0.5,11.0
2001-01-15,8.5,89,60,10.4,5.59,2.0,7.0
2001-01-16,5.3,94,82,14.5,2.88,2.5,8.0
2001-01-17,8.9,83,66,13.3,8.14,0.6,8.0
2001-01-18,7.8,90,92,15.1,2.53,3.9,9.2
2001-01-19,9.8,81,50,12.9,7.13,2.4,10.0
2001-01-20,9.9,80,56,8.0,9.87,0.0,10.0
2001-01-21,10.6,79,48,8.5,10.64,0.0,10.0
2001-01-22,7.7,85,88,22.5,4.34,0.0,8.2
2001-01-23,11.4,93,100,24.9,2.76,0.5,12.5
2001-01-24,12.2,88,83,26.8,4.9,2.7,12.0
2001-01-25,8.5,78,65,21.3,8.97,0.5,9.0
2001-01-26,7.8,89,84,25.9,2.6,7.2,10.0
2001-01-27,12.1,85,86,21.6,6.45,4.0,11.0
2001-01-28,8.4,73,58,35.7,6.69,2.8,10.0
2001-01-29,8.4,61,54,24.6,9.8,0.1,10.0
2001-01-30,10.1,66,19,10.0,11.43,0.0,10.0
2001-01-31,12.8,80,42,15.9,7.53,0.0,14.4
2001-02-01,11.9,73,61,22.4,8.04,0.0,14.4
2001-02-02,13.2,79,19,8.9,11.16,0.0,13.0
2001-02-03,12.3,80,22,10.2,10.42,0.0,12.3
2001-02-04,10.3,81,55,20.4,7.28,0.0,11.1
2001-02-05,10.0,89,97,16.6,3.94,0.9,10.4
2001-02-06,12.4,81,98,23.9,5.63,0.4,12.0
2001-02-07,9.0,87,95,32.1,2.76,21.0,10.0
2001-02-08,9.2,82,76,23.3,8.33,4.3,9.0
2001-02-09,10.8,74,34,11.7,12.58,0.0,9.7
2001-02-10,15.0,81,92,7.6,6.73,0.0,14.0
2001-02-11,15.5,85,52,7.3,12.61,0.0,17.0
2001-02-12,17.2,80,16,8.4,14.16,0.0,17.1
2001-02-13,16.4,78,45,6.8,14.12,0.0,17.0
2001-02-14,9.9,75,59,15.7,7.87,0.0,9.1
2001-02-15,11.3,70,70,20.5,11.58,0.2,11.3
2001-02-16,13.4,63,7,12.0,14.96,0.0,14.3
2001-02-17,14.2,64,3,11.2,15.49,0.0,15.0
2001-02-18,9.2,67,33,16.8,12.5,0.0,10.1
2001-02-19,11.6,60,33,16.6,14.83,2.3,11.3
2001-02-20,14.1,64,0,8.3,16.13,0.0,14.4
2001-02-21,15.3,60,18,9.2,16.46,0.0,16.1
2001-02-22,16.5,64,1,10.3,16.72,0.0,17.0
2001-02-23,15.2,69,68,9.9,13.48,0.0,14.7
2001-02-24,10.7,71,81,13.3,8.35,2.5,12.0
2001-02-25,9.2,60,8,14.4,16.35,0.0,9.1
2001-02-26,8.6,59,23,12.8,17.22,0.0,8.0
2001-02-27,7.0,64,58,27.4,12.55,1.5,7.0
2001-02-28,7.7,53,42,20.6,13.8,0.0,8.0
2001-03-01,6.0,88,89,11.5,3.23,5.0,6.0
2001-03-02,13.2,90,98,34.5,6.08,22.7,14.0
2001-03-03,12.8,86,82,28.0,9.39,1.1,14.0
2001-03-04,11.6,91,100,28.3,3.29,14.1,13.1
2001-03-05,15.0,84,97,16.2,9.95,0.8,15.0
2001-03-06,20.6,74,95,28.2,14.13,2.1,21.0
2001-03-07,14.2,88,96,16.3,7.46,4.2,15.0
2001-03-08,12.3,81,76,23.8,10.32,3.6,12.3
2001-03-09,14.7,82,97,19.0,6.6,0.5,14.0
2001-03-10,17.9,85,77,19.4,7.77,0.6,18.1
2001-03-11,17.7,85,61,13.9,12.04,0.0,19.0
2001-03-12,15.0,78,47,16.9,10.76,3.8,15.0
2001-03-13,14.0,63,3,8.4,19.44,0.0,14.0
2001-03-14,15.1,68,5,6.2,20.25,0.0,16.0
2001-03-15,17.9,67,22,10.4,20.44,0.0,19.0
2001-03-16,13.3,71,68,22.4,13.54,1.9,14.0
2001-03-17,12.6,71,74,17.2,15.04,0.0,11.8
2001-03-18,13.5,78,66,20.9,12.79,0.0,13.8
2001-03-19,16.9,80,85,16.1,16.21,0.0,14.2
2001-03-20,17.8,78,93,19.4,16.76,0.0,18.0
2001-03-21,18.4,73,91,30.3,16.59,0.6,18.0
2001-03-22,20.3,75,71,19.5,14.94,0.0,21.0
2001-03-23,22.9,61,52,16.3,21.3,0.0,24.3
2001-03-24,14.8,66,41,30.1,16.73,0.4,16.2
2001-03-25,12.7,76,56,21.5,16.36,0.4,13.0
2001-03-26,11.2,83,84,16.9,11.36,1.5,12.4
2001-03-27,13.4,75,59,14.3,16.45,0.6,14.3
2001-03-28,15.6,65,35,14.2,21.27,0.0,15.1
2001-03-29,14.2,63,56,25.3,16.01,0.2,14.0
2001-03-30,15.9,70,77,12.6,6.62,0.0,17.1
2001-03-31,18.0,70,44,17.3,14.99,0.0,21.0
2001-04-01,19.8,61,18,9.4,21.71,0.0,21.0
2001-04-02,18.7,53,35,19.1,21.91,0.0,18.4
2001-04-03,16.1,65,63,11.1,14.03,0.0,17.0
2001-04-04,17.4,69,63,16.3,18.42,0.0,18.3
2001-04-05,19.3,73,89,10.0,11.59,0.0,19.0
2001-04-06,21.8,68,38,16.6,20.21,0.0,21.0
2001-04-07,14.6,54,36,25.4,20.88,0.0,16.0
2001-04-08,15.9,55,8,15.7,23.34,0.0,17.2
2001-04-09,21.2,55,12,8.4,25.23,0.0,22.0
2001-04-10,21.2,58,25,15.9,24.87,0.0,22.0
2001-04-11,16.5,55,3,20.2,25.18,0.0,17.6
2001-04-12,18.5,51,31,14.4,25.9,0.0,20.0
2001-04-13,17.9,47,32,20.9,24.72,0.0,19.0
2001-04-14,18.7,43,6,18.9,26.43,0.0,20.0
2001-04-15,21.8,46,15,9.3,26.64,0.0,22.0
2001-04-16,22.7,49,81,9.5,23.46,0.0,23.0
2001-04-17,19.8,54,51,13.8,22.17,0.7,21.0
2001-04-18,15.9,58,79,11.7,13.49,0.5,15.0
2001-04-19,17.3,50,46,19.9,20.77,0.0,17.0
2001-04-20,15.0,44,19,20.0,25.73,0.2,15.0
2001-04-21,14.4,44,25,19.0,23.77,0.0,14.0
2001-04-22,19.1,55,55,21.1,17.88,0.0,19.0
2001-04-23,19.1,62,66,20.2,14.63,0.0,20.0
2001-04-24,18.7,67,75,24.2,16.39,0.0,19.0
2001-04-25,17.6,48,20,16.9,27.97,0.0,17.0
2001-04-26,21.6,42,47,9.9,27.2,0.0,21.0
2001-04-27,18.7,48,38,14.4,25.55,0.2,18.1
2001-04-28,21.6,48,12,9.5,27.89,0.0,21.0
2001-04-29,18.6,48,76,20.2,16.42,0.4,18.0
2001-04-30,13.2,46,55,15.8,26.81,0.1,11.0
2001-05-01,12.2,66,96,12.3,16.03,5.3,11.0
2001-05-02,12.7,73,83,10.6,20.6,3.4,11.3
2001-05-03,13.8,64,85,10.5,22.58,0.5,14.0
2001-05-04,14.9,67,46,12.7,21.25,0.6,14.0
2001-05-05,16.3,56,49,14.8,23.73,0.0,14.0
2001-05-06,16.8,55,32,17.1,23.44,0.0,17.0
2001-05-07,17.0,55,30,9.3,22.16,0.0,17.0
2001-05-08,19.1,57,52,13.6,21.35,2.1,19.0
2001-05-09,17.7,64,66,12.5,20.7,4.6,15.6
2001-05-10,18.1,68,70,9.4,22.09,0.2,16.2
2001-05-11,20.5,56,40,5.5,19.76,0.0,20.3
2001-05-12,23.2,50,67,18.3,25.39,0.0,22.0
2001-05-13,18.1,59,65,16.4,16.2,0.0,17.4
2001-05-14,15.6,62,80,20.2,14.97,1.1,14.6
2001-05-15,19.1,73,91,19.1,15.34,1.1,19.0
2001-05-16,23.1,60,54,19.9,26.67,0.0,22.0
2001-05-17,24.1,63,36,12.0,26.77,0.0,24.0
2001-05-18,24.1,67,73,14.7,22.73,7.0,25.0
2001-05-19,19.7,63,91,11.0,13.3,3.9,20.0
2001-05-20,20.5,65,65,8.2,17.54,2.4,21.6
2001-05-21,21.8,76,58,13.3,24.72,4.4,23.2
2001-05-22,22.2,67,55,8.2,23.57,0.3,23.0
2001-05-23,23.2,60,24,5.1,26.31,0.0,25.0
2001-05-24,25.0,52,19,8.6,27.32,0.0,26.2
2001-05-25,27.9,49,26,9.1,29.57,0.0,29.1
2001-05-26,28.7,48,22,8.9,28.62,0.0,29.9
2001-05-27,30.5,43,0,12.0,29.86,0.0,31.0
2001-05-28,32.2,38,0,8.3,30.04,0.0,33.0
2001-05-29,32.4,35,0,7.6,29.95,0.0,33.0
2001-05-30,32.9,32,1,9.4,29.33,0.0,33.0
2001-05-31,33.9,37,18,10.9,29.22,0.0,33.9
2001-06-01,33.1,42,27,15.9,27.04,1.3,33.0
2001-06-02,32.0,36,7,13.9,29.75,0.0,33.0
2001-06-03,32.5,33,0,14.0,30.82,0.0,33.0
2001-06-04,31.1,25,12,16.1,31.2,0.0,31.0
2001-06-05,30.1,28,23,18.2,31.11,0.0,30.8
2001-06-06,28.5,34,8,10.7,30.83,0.0,29.0
2001-06-07,30.8,33,0,14.3,30.75,0.0,31.0
2001-06-08,30.2,26,19,22.8,30.56,0.0,31.0
2001-06-09,23.1,45,87,15.5,17.31,0.9,25.0
2001-06-10,20.9,62,52,16.5,22.55,7.5,22.0
2001-06-11,24.3,36,0,15.5,31.62,0.0,26.0
2001-06-12,25.1,48,50,12.7,23.57,0.6,26.5
2001-06-13,28.0,45,19,13.0,28.64,0.0,29.0
2001-06-14,30.6,39,0,15.7,30.7,0.0,32.0
2001-06-15,27.7,33,18,22.8,28.69,0.0,27.3
2001-06-16,23.8,37,2,14.2,30.48,0.0,24.0
2001-06-17,25.1,35,5,11.4,31.17,0.0,26.0
2001-06-18,27.4,31,8,18.2,31.91,0.0,28.0
2001-06-19,31.2,28,2,16.7,31.41,0.0,31.0
2001-06-20,34.1,28,0,8.5,31.2,0.0,34.0
2001-06-21,36.1,26,0,9.4,31.31,0.0,37.0
2001-06-22,36.2,23,2,11.1,30.34,0.0,36.0
2001-06-23,36.0,23,1,13.5,30.81,0.0,36.1
2001-06-24,37.5,24,16,13.5,27.44,0.0,37.0
2001-06-25,34.9,27,1,15.1,30.69,0.0,35.0
2001-06-26,32.8,25,3,19.7,31.23,0.0,33.0
2001-06-27,26.9,32,30,15.3,28.18,0.0,27.0
2001-06-28,29.9,37,0,9.2,31.02,0.0,29.0
2001-06-29,32.4,29,0,8.6,30.93,0.0,32.1
2001-06-30,34.5,27,15,8.7,30.25,0.0,35.0
2001-07-01,35.4,27,0,12.4,30.52,0.0,36.0
2001-07-02,35.3,26,18,13.3,27.71,0.0,36.0
2001-07-03,33.9,33,28,11.4,28.1,0.0,33.1
2001-07-04,27.4,40,60,19.5,22.5,0.0,26.0
2001-07-05,23.9,36,32,19.8,25.96,0.0,24.3
2001-07-06,22.7,48,60,16.6,17.85,0.7,23.0
2001-07-07,27.5,40,1,10.7,30.43,0.0,27.2
2001-07-08,27.9,39,53,13.6,23.09,0.0,28.0
2001-07-09,26.2,45,74,10.9,19.16,0.2,25.2
2001-07-10,30.9,47,4,6.5,29.76,0.0,31.0
2001-07-11,34.3,37,0,9.4,29.87,0.0,34.0
2001-07-12,34.5,34,8,15.5,29.8,0.0,34.0
2001-07-13,32.7,33,4,14.3,30.2,0.0,33.0
2001-07-14,28.9,41,42,17.8,25.51,0.0,27.4
2001-07-15,25.1,51,61,13.5,27.51,5.0,24.0
2001-07-16,26.9,32,38,12.2,27.96,0.0,27.6
2001-07-17,30.9,38,17,17.9,30.02,0.0,30.1
2001-07-18,26.1,38,0,13.9,30.43,0.0,25.0
2001-07-19,21.8,42,47,17.0,20.78,0.0,22.2
2001-07-20,27.9,37,3,6.9,30.36,0.0,28.0
2001-07-21,32.3,32,0,9.5,29.79,0.0,32.0
2001-07-22,35.3,29,2,14.0,29.3,0.0,34.2
2001-07-23,35.8,26,10,15.1,29.49,0.0,35.1
2001-07-24,33.0,25,38,16.0,28.32,0.0,31.6
2001-07-25,33.3,33,10,8.2,27.21,0.0,33.0
2001-07-26,33.3,33,5,14.5,28.88,0.0,33.0
2001-07-27,31.5,27,56,14.5,25.57,0.0,30.6
2001-07-28,32.2,33,16,14.2,27.48,0.0,32.0
2001-07-29,33.0,38,29,14.1,26.4,0.1,31.9
2001-07-30,34.7,33,86,10.6,22.52,0.0,32.0
2001-07-31,38.2,26,70,20.9,25.34,0.1,35.9
2001-08-01,34.9,30,27,18.7,24.45,0.3,33.0
2001-08-02,31.0,36,35,17.7,25.91,0.0,29.0
2001-08-03,30.8,39,23,13.4,24.75,0.0,29.1
2001-08-04,30.9,32,16,8.7,27.69,0.0,30.1
2001-08-05,32.4,36,9,19.1,27.22,0.0,32.0
2001-08-06,34.4,29,0,8.0,27.93,0.0,34.0
2001-08-07,35.2,29,1,18.4,27.92,0.0,35.0
2001-08-08,32.0,33,12,12.8,26.5,0.0,32.0
2001-08-09,32.2,37,13,12.7,26.19,0.0,31.4
2001-08-10,31.1,42,19,20.9,23.07,0.0,32.0
2001-08-11,33.2,39,15,13.4,24.33,0.0,34.0
2001-08-12,33.8,41,19,8.5,23.59,0.1,34.0
2001-08-13,35.0,36,22,15.8,25.6,0.0,34.1
2001-08-14,32.7,36,40,18.2,22.9,0.0,33.0
2001-08-15,31.5,34,33,18.1,25.57,0.0,30.0
2001-08-16,30.1,31,51,13.9,24.99,0.0,29.2
2001-08-17,29.4,32,25,14.8,26.77,0.0,29.0
2001-08-18,28.2,37,59,17.1,23.71,0.0,28.0
2001-08-19,28.3,40,71,16.5,21.63,0.0,28.2
2001-08-20,31.4,33,8,8.9,26.09,0.0,30.0
2001-08-21,33.7,30,0,11.5,25.91,0.0,33.0
2001-08-22,34.9,30,0,13.0,25.9,0.0,34.0
2001-08-23,36.0,25,2,14.0,25.51,0.0,36.0
2001-08-24,36.5,19,3,16.0,25.6,0.0,36.3
2001-08-25,34.9,28,60,22.5,19.61,0.0,32.0
2001-08-26,32.7,33,64,13.7,21.38,0.0,31.0
2001-08-27,33.1,33,60,15.0,23.39,0.0,32.7
2001-08-28,29.7,41,19,18.9,21.69,0.0,30.0
2001-08-29,29.3,39,28,15.2,22.74,0.0,28.0
2001-08-30,27.8,44,37,10.5,18.06,0.0,28.0
2001-08-31,30.2,36,35,12.8,23.81,0.0,28.1
2001-09-01,28.8,36,10,17.7,24.11,0.0,28.0
2001-09-02,29.9,37,20,15.3,22.19,0.0,29.0
2001-09-03,30.8,48,27,13.8,20.58,0.3,30.6
2001-09-04,32.4,48,40,12.7,22.59,0.0,31.2
2001-09-05,30.7,38,23,14.8,22.53,0.0,31.0
2001-09-06,29.1,41,37,12.8,20.88,2.3,29.0
2001-09-07,27.3,37,3,14.6,23.63,0.0,27.1
2001-09-08,29.4,38,52,13.5,22.67,0.0,29.0
2001-09-09,30.8,33,19,11.3,23.08,0.0,31.0
2001-09-10,29.0,35,2,13.0,23.08,0.0,30.0
2001-09-11,29.8,29,19,8.9,22.56,0.0,29.0
2001-09-12,30.2,25,8,10.1,22.16,0.0,30.0
2001-09-13,30.4,27,31,13.6,22.18,0.0,30.0
2001-09-14,28.5,33,31,18.0,22.12,0.0,29.0
2001-09-15,28.5,39,17,19.9,21.59,0.0,29.0
2001-09-16,30.5,27,6,12.9,22.14,0.0,30.1
2001-09-17,27.4,32,13,20.8,21.98,0.0,27.3
2001-09-18,22.7,34,0,20.2,22.31,0.0,22.0
2001-09-19,25.1,38,39,11.0,19.64,0.0,24.0
2001-09-20,25.3,55,49,11.4,16.82,0.1,26.0
2001-09-21,25.0,59,91,14.4,14.52,0.2,24.3
2001-09-22,18.4,88,93,15.7,7.98,30.8,21.0
2001-09-23,15.8,87,82,14.8,5.3,6.1,17.0
2001-09-24,20.2,73,69,14.5,14.34,8.0,20.1
2001-09-25,20.3,56,16,7.9,19.41,0.0,21.0
2001-09-26,21.9,54,24,9.0,20.23,0.0,22.8
2001-09-27,23.2,63,66,8.8,17.52,0.0,23.0
2001-09-28,17.5,80,89,14.1,5.18,10.3,19.0
2001-09-29,20.0,74,73,9.8,11.69,0.0,20.3
2001-09-30,20.6,74,52,11.7,9.83,0.0,22.0
2001-10-01,23.7,72,1,9.7,18.36,0.0,24.4
2001-10-02,25.0,63,2,13.9,18.23,0.0,26.1
2001-10-03,22.6,71,71,14.5,14.35,0.0,23.0
2001-10-04,24.0,67,34,12.4,17.73,0.0,25.0
2001-10-05,21.2,63,96,17.8,11.47,0.2,21.0
2001-10-06,18.2,80,98,15.8,4.24,2.1,17.0
2001-10-07,19.3,72,60,21.9,14.67,0.0,18.0
2001-10-08,18.0,76,77,16.8,10.81,0.9,16.1
2001-10-09,17.1,69,38,9.1,12.73,2.0,18.0
2001-10-10,20.6,52,42,18.8,13.85,0.2,22.0
2001-10-11,25.0,69,58,20.1,15.18,0.9,25.0
2001-10-12,22.9,77,94,18.5,8.14,5.4,20.1
2001-10-13,19.4,79,64,10.4,12.42,4.5,18.6
2001-10-14,19.4,71,56,11.5,11.02,0.0,19.6
2001-10-15,20.2,74,62,13.6,11.97,0.0,20.0
2001-10-16,21.6,74,59,12.8,12.37,0.1,23.0
2001-10-17,19.7,79,92,16.1,6.75,8.5,21.0
2001-10-18,18.7,89,74,18.0,8.5,3.8,18.0
2001-10-19,17.3,90,92,25.6,6.31,22.9,17.2
2001-10-20,14.8,81,80,26.0,10.43,6.9,13.0
2001-10-21,15.7,78,90,17.8,7.5,0.0,16.0
2001-10-22,18.5,73,90,18.3,10.97,0.0,20.0
2001-10-23,18.1,74,52,10.2,11.84,0.7,18.0
2001-10-24,19.0,70,4,6.6,14.83,0.0,19.1
2001-10-25,19.5,73,52,7.5,13.87,0.0,18.0
2001-10-26,19.3,77,63,8.8,12.36,0.0,19.3
2001-10-27,19.4,78,87,10.8,10.99,0.0,20.0
2001-10-28,23.4,70,57,9.4,12.66,0.0,22.2
2001-10-29,24.5,68,36,9.2,13.41,0.0,25.6
2001-10-30,23.9,64,38,5.5,13.47,0.0,24.0
2001-10-31,23.5,63,53,15.1,13.31,0.0,23.5
2001-11-01,18.8,56,13,14.1,13.9,0.0,20.0
2001-11-02,16.6,47,6,14.1,12.65,0.0,18.0
2001-11-03,15.4,67,41,10.6,9.51,1.9,16.0
2001-11-04,14.1,87,85,6.9,7.47,7.3,13.5
2001-11-05,15.3,73,100,13.2,7.18,0.0,15.2
2001-11-06,14.1,61,97,14.5,4.08,0.0,14.8
2001-11-07,16.5,64,4,9.3,12.49,0.0,17.0
2001-11-08,17.3,66,21,10.9,12.47,0.0,18.0
2001-11-09,9.9,50,46,28.3,11.33,0.0,11.3
2001-11-10,6.2,39,2,31.1,12.63,0.0,7.0
2001-11-11,9.5,52,13,22.7,11.02,0.0,12.0
2001-11-12,11.9,63,45,19.4,8.0,0.0,14.0
2001-11-13,12.5,72,50,14.8,6.16,0.0,15.3
2001-11-14,8.4,53,14,34.7,11.11,0.0,9.0
2001-11-15,6.5,54,72,24.9,5.22,0.8,7.3
2001-11-16,5.3,84,95,18.2,2.69,10.1,8.0
2001-11-17,9.3,82,87,7.1,8.17,3.8,8.0
2001-11-18,8.7,80,88,6.9,5.16,1.7,8.2
2001-11-19,11.0,73,28,10.5,8.85,0.0,11.0
2001-11-20,11.2,72,13,14.5,9.64,0.0,12.0
2001-11-21,10.3,72,50,11.9,5.82,0.0,11.4
2001-11-22,12.3,66,10,12.0,10.72,0.0,13.8
2001-11-23,13.6,67,4,16.6,10.38,0.0,15.1
2001-11-24,13.3,68,1,8.4,10.38,0.0,12.9
2001-11-25,13.1,74,1,8.0,10.12,0.0,13.0
2001-11-26,12.0,80,73,8.0,8.69,0.0,9.0
2001-11-27,11.2,74,60,11.0,7.44,2.7,12.0
2001-11-28,12.2,69,3,6.3,9.75,0.0,11.2
2001-11-29,12.7,79,5,8.4,9.65,0.0,12.5
2001-11-30,12.9,80,0,9.2,9.8,0.0,12.0
2001-12-01,10.3,85,30,5.8,7.28,0.0,4.0
2001-12-02,12.0,76,16,6.2,9.74,0.0,12.3
2001-12-03,12.8,76,0,5.5,9.7,0.0,12.5
2001-12-04,12.9,78,26,7.4,9.54,0.0,11.0
2001-12-05,13.5,78,8,4.5,9.64,0.0,13.1
2001-12-06,13.9,72,16,8.0,9.64,0.0,15.0
2001-12-07,12.0,77,93,7.3,6.65,0.0,11.0
2001-12-08,11.3,81,31,6.9,8.53,0.0,11.5
2001-12-09,9.3,83,75,5.0,3.3,0.0,10.3
2001-12-10,8.1,78,50,10.5,5.68,0.0,9.3
2001-12-11,8.8,77,74,8.9,5.72,0.0,9.0
2001-12-12,8.6,76,11,6.5,9.4,0.0,9.1
2001-12-13,7.9,77,0,8.1,9.46,0.0,8.3
2001-12-14,7.8,70,3,11.1,9.18,0.0,11.0
2001-12-15,3.0,51,2,20.1,9.49,0.0,3.1
2001-12-16,5.6,57,0,6.6,9.51,0.0,5.2
2001-12-17,7.5,60,40,10.0,9.41,0.0,8.6
2001-12-18,6.7,74,75,11.3,5.77,0.0,9.7
2001-12-19,6.3,77,80,11.1,4.76,0.0,8.0
2001-12-20,7.4,79,36,5.5,7.35,1.3,9.4
2001-12-21,6.9,73,4,10.4,9.1,0.0,9.0
2001-12-22,6.1,78,41,8.2,8.28,0.0,2.4
2001-12-23,3.0,83,84,15.5,1.95,8.6,3.0
2001-12-24,5.1,45,1,15.0,9.71,0.0,4.4
2001-12-25,5.0,55,28,9.8,8.48,0.0,5.0
2001-12-26,7.0,70,16,5.8,7.6,0.0,3.1
2001-12-27,7.0,78,11,9.2,9.12,0.0,7.0
2001-12-28,6.6,77,32,9.6,7.85,0.0,6.0
2001-12-29,7.7,75,50,10.8,8.89,0.1,2.0
2001-12-30,10.5,74,71,8.8,6.44,0.8,6.0
2001-12-31,13.0,84,84,6.8,7.83,1.5,10.0
2002-01-01,9.7,93,98,11.8,3.3,3.6,10.0
2002-01-02,8.2,92,100,12.6,2.41,11.2,8.6
2002-01-03,9.9,92,78,13.0,2.62,6.9,11.0
2002-01-04,11.2,86,71,9.5,4.9,0.0,13.0
2002-01-05,10.2,80,87,11.0,4.11,0.0,11.0
2002-01-06,8.2,79,80,9.1,5.23,0.0,9.0
2002-01-07,7.8,78,36,5.5,8.94,0.0,8.0
2002-01-08,7.3,79,70,9.4,5.17,0.1,9.0
2002-01-09,8.2,80,71,7.0,4.49,0.0,9.0
2002-01-10,7.5,82,81,4.6,5.32,0.0,9.0
2002-01-11,9.9,81,43,5.1,9.83,0.0,9.0
2002-01-12,10.1,78,66,6.9,9.5,0.0,10.0
2002-01-13,9.3,85,97,6.4,3.51,1.8,8.0
2002-01-14,11.8,85,66,10.5,7.87,0.0,11.0
2002-01-15,10.7,81,63,11.1,8.56,0.0,7.0
2002-01-16,10.2,76,17,16.9,8.46,0.0,11.0
2002-01-17,10.8,79,19,10.3,10.46,1.6,10.0
2002-01-18,10.3,81,58,7.6,7.05,0.2,11.0
2002-01-19,10.4,78,86,7.4,7.36,0.0,9.0
2002-01-20,10.9,83,29,6.5,10.61,0.0,11.0
2002-01-21,10.5,82,42,18.0,9.09,2.2,11.0
2002-01-22,7.5,87,87,14.0,5.1,1.8,8.0
2002-01-23,10.1,91,84,24.1,2.37,10.8,11.0
2002-01-24,10.4,77,44,15.9,8.67,0.0,11.0
2002-01-25,10.9,86,63,8.6,9.0,0.0,8.0
2002-01-26,11.9,90,80,8.0,8.92,0.0,8.1
2002-01-27,11.0,91,95,7.5,7.9,0.0,10.0
2002-01-28,14.2,82,33,5.5,11.3,0.0,16.0
2002-01-29,15.8,72,71,5.4,10.89,0.0,18.1
2002-01-30,13.8,73,96,7.8,9.13,0.0,15.0
2002-01-31,12.1,77,47,13.1,9.03,0.0,13.0
2002-02-01,12.2,75,23,6.8,11.96,0.0,13.0
2002-02-02,13.8,67,0,7.7,12.92,0.0,16.0
2002-02-03,13.1,66,81,17.4,7.14,1.4,10.1
2002-02-04,9.8,89,93,10.2,4.91,0.1,12.0
2002-02-05,12.3,90,87,25.8,4.82,3.1,14.0
2002-02-06,10.2,59,37,20.4,11.0,0.0,9.4
2002-02-07,12.0,74,46,11.3,7.47,0.0,13.1
2002-02-08,14.7,80,16,8.7,12.89,0.0,15.0
2002-02-09,16.2,79,35,9.8,13.42,0.0,12.3
2002-02-10,14.1,85,61,8.3,11.35,0.0,13.0
2002-02-11,12.6,88,51,7.1,10.1,0.0,13.0
2002-02-12,15.2,81,25,6.1,12.8,0.0,16.0
2002-02-13,16.7,76,9,9.5,14.35,0.0,17.0
2002-02-14,11.1,60,4,20.0,14.65,0.0,11.0
2002-02-15,11.0,61,38,18.0,10.3,0.0,12.0
2002-02-16,10.1,64,38,12.6,11.47,0.0,10.0
2002-02-17,11.2,65,46,8.5,11.46,0.0,10.0
2002-02-18,10.9,65,42,14.3,14.83,0.0,11.4
2002-02-19,11.6,59,18,17.7,15.62,0.0,14.0
2002-02-20,13.4,62,43,12.1,14.23,0.0,13.1
2002-02-21,12.2,62,39,18.4,14.46,0.0,15.0
2002-02-22,15.0,65,6,10.6,15.51,0.0,18.0
2002-02-23,16.7,70,9,7.1,15.84,0.0,19.0
2002-02-24,15.7,66,2,9.2,16.59,0.0,16.0
2002-02-25,16.8,64,10,12.5,16.79,0.0,17.0
2002-02-26,15.6,71,95,13.5,14.92,0.0,14.0
2002-02-27,13.6,79,84,14.4,13.43,0.0,13.0
2002-02-28,12.7,76,95,17.7,8.82,0.6,13.3
2002-03-01,11.6,76,75,18.5,10.83,8.0,10.0
2002-03-02,10.4,62,22,10.1,16.73,0.0,11.0
2002-03-03,6.4,79,83,15.0,5.07,12.9,6.0
2002-03-04,8.9,88,99,15.1,8.32,13.8,9.0
2002-03-05,9.9,74,91,17.5,10.84,0.0,10.0
2002-03-06,12.3,58,72,22.1,12.85,0.0,13.6
2002-03-07,12.1,71,91,18.3,8.91,0.0,12.0
2002-03-08,15.9,72,44,11.0,13.55,0.0,16.0
2002-03-09,17.1,70,53,6.6,17.9,0.0,16.0
2002-03-10,16.0,70,70,10.5,17.52,0.0,17.0
2002-03-11,14.6,72,94,18.1,11.66,0.0,16.0
2002-03-12,17.8,62,65,21.9,14.71,1.3,17.0
2002-03-13,10.2,81,74,23.5,5.41,8.5,13.0
2002-03-14,10.1,87,86,24.4,9.04,11.0,11.0
2002-03-15,11.1,83,92,17.7,8.23,5.6,13.0
2002-03-16,10.9,86,93,12.3,9.25,11.3,10.0
2002-03-17,7.8,87,73,18.7,7.29,1.9,9.0
2002-03-18,13.3,84,98,19.1,8.55,1.2,15.0
2002-03-19,18.6,81,27,11.9,18.34,0.0,17.0
2002-03-20,20.8,76,15,7.1,19.97,0.0,21.0
2002-03-21,22.7,69,6,9.4,21.35,0.0,24.0
2002-03-22,23.0,65,12,6.4,21.9,0.0,24.3
2002-03-23,24.0,61,0,7.4,22.27,0.0,25.0
2002-03-24,23.8,55,2,9.3,22.49,0.0,26.0
2002-03-25,20.8,52,30,11.2,22.39,0.0,22.0
2002-03-26,18.1,39,31,14.3,22.24,0.0,18.0
2002-03-27,17.6,42,1,10.5,23.2,0.0,19.0
2002-03-28,15.3,54,65,16.3,15.69,0.0,15.0
2002-03-29,13.8,61,75,6.8,13.78,0.0,14.7
2002-03-30,16.0,62,15,6.8,19.53,0.0,17.0
2002-03-31,17.9,58,10,7.8,21.57,0.0,20.0
2002-04-01,18.4,56,41,8.2,21.82,0.0,18.1
2002-04-02,15.8,52,90,10.7,16.2,0.0,17.0
2002-04-03,12.2,61,52,20.1,21.2,2.4,11.0
2002-04-04,13.1,49,41,11.0,20.64,0.0,13.0
2002-04-05,14.3,67,63,17.3,18.31,3.3,15.0
2002-04-06,12.5,86,83,16.3,14.46,18.4,11.0
2002-04-07,13.9,73,86,17.0,16.12,5.1,13.1
2002-04-08,15.7,70,63,7.6,20.51,0.0,16.0
2002-04-09,17.5,63,36,9.2,21.82,0.2,18.0
2002-04-10,15.6,77,56,11.9,17.63,8.6,15.0
2002-04-11,11.5,72,94,16.6,15.58,7.1,10.0
2002-04-12,13.6,80,91,20.5,8.09,20.6,13.6
2002-04-13,14.4,61,50,12.9,21.81,0.0,13.0
2002-04-14,14.7,54,44,14.4,23.4,0.0,14.0
2002-04-15,13.7,55,79,9.1,17.43,0.0,13.0
2002-04-16,15.2,60,25,10.8,22.46,0.0,15.0
2002-04-17,17.2,55,49,10.0,22.46,0.0,17.5
2002-04-18,18.0,54,64,9.0,22.91,0.0,19.3
2002-04-19,19.4,56,18,8.7,24.73,0.0,20.2
2002-04-20,22.5,56,12,8.6,26.22,0.0,23.0
2002-04-21,23.8,53,4,8.7,26.91,0.0,25.0
2002-04-22,21.7,51,0,10.7,27.14,0.0,23.0
2002-04-23,23.9,47,1,9.9,27.43,0.0,26.0
2002-04-24,25.4,47,3,11.4,27.42,0.0,26.6
2002-04-25,26.7,48,6,8.2,27.84,0.0,29.0
2002-04-26,26.7,48,78,11.0,25.73,0.0,27.1
2002-04-27,25.2,50,62,13.6,25.95,0.0,27.0
2002-04-28,25.3,48,38,15.5,24.94,0.0,25.0
2002-04-29,23.9,50,0,8.5,28.18,0.0,24.0
2002-04-30,24.4,51,3,18.1,27.73,0.0,25.2
2002-05-01,18.8,47,56,15.5,23.0,0.0,20.0
2002-05-02,16.0,49,44,16.5,23.8,0.9,15.6
2002-05-03,15.6,45,35,24.4,25.55,0.1,14.0
2002-05-04,17.4,44,36,11.8,25.09,0.0,18.0
2002-05-05,13.7,69,94,9.9,11.43,10.9,15.0
2002-05-06,12.8,73,75,13.4,14.24,1.6,10.0
2002-05-07,10.0,81,98,22.1,8.82,15.9,11.0
2002-05-08,10.9,90,100,14.3,4.27,25.4,10.0
2002-05-09,15.9,77,98,10.0,12.96,3.0,16.0
2002-05-10,16.9,74,69,7.2,19.28,2.1,18.1
2002-05-11,16.7,73,60,8.0,20.92,4.3,16.0
2002-05-12,19.2,65,52,13.3,26.73,0.0,20.0
2002-05-13,20.5,61,44,25.0,27.44,0.0,22.0
2002-05-14,22.4,66,13,9.0,26.08,0.0,24.0
2002-05-15,25.8,63,45,9.8,25.28,0.2,28.0
2002-05-16,29.4,58,56,15.3,27.12,0.3,30.0
2002-05-17,20.6,52,33,21.7,26.2,1.1,23.0
2002-05-18,20.6,54,18,8.7,26.67,0.0,21.0
2002-05-19,24.1,52,8,8.7,29.84,0.0,26.0
2002-05-20,25.6,49,54,13.0,29.39,0.0,27.1
2002-05-21,23.1,50,82,19.4,26.24,0.0,24.0
2002-05-22,18.9,56,66,23.5,21.12,1.0,20.0
2002-05-23,18.6,50,36,15.0,23.54,0.0,19.0
2002-05-24,24.5,54,23,14.6,28.69,0.0,25.0
2002-05-25,23.0,54,10,10.5,28.69,0.0,24.0
2002-05-26,21.6,48,25,20.1,27.4,0.0,20.9
2002-05-27,19.5,44,36,11.2,29.98,0.0,20.0
2002-05-28,24.2,46,44,9.4,29.44,0.0,26.5
2002-05-29,26.7,48,1,8.8,29.8,0.0,28.1
2002-05-30,28.8,44,57,13.0,28.04,0.0,30.8
2002-05-31,26.9,46,41,11.3,22.07,0.4,29.0
2002-06-01,29.1,46,17,11.5,28.4,0.0,31.0
2002-06-02,30.6,45,26,14.2,28.27,0.0,32.0
2002-06-03,28.8,45,33,15.1,27.98,0.2,29.7
2002-06-04,21.7,45,60,24.7,23.95,0.2,23.0
2002-06-05,18.4,62,55,18.8,21.04,7.1,19.2
2002-06-06,15.7,66,60,17.8,12.63,4.6,16.4
2002-06-07,19.4,67,62,18.1,17.34,0.3,20.6
2002-06-08,17.4,54,59,18.9,24.13,1.6,18.0
2002-06-09,23.0,49,9,10.9,30.48,0.0,24.0
2002-06-10,25.6,57,8,7.1,29.94,0.0,28.0
2002-06-11,28.7,44,28,10.0,30.67,0.0,31.0
2002-06-12,30.8,40,84,10.5,28.45,0.0,32.4
2002-06-13,31.9,33,25,14.0,30.9,0.0,33.1
2002-06-14,32.7,31,20,12.1,30.38,0.0,34.0
2002-06-15,33.9,34,53,10.1,29.65,0.0,35.0
2002-06-16,35.0,33,3,12.1,30.34,0.0,36.0
2002-06-17,35.9,32,10,15.3,29.97,0.0,37.0
2002-06-18,34.5,33,44,14.1,28.82,0.1,34.4
2002-06-19,30.3,38,79,10.4,22.66,0.1,29.7
2002-06-20,32.7,42,38,12.3,28.76,0.5,33.0
2002-06-21,34.0,36,11,9.4,30.26,0.0,35.0
2002-06-22,35.8,31,0,9.7,30.41,0.0,37.0
2002-06-23,34.5,25,0,15.8,30.76,0.0,35.1
2002-06-24,32.2,38,25,20.5,25.51,1.5,34.0
2002-06-25,33.4,41,25,15.0,28.95,0.0,34.0
2002-06-26,34.8,34,52,23.1,26.21,0.6,36.0
2002-06-27,29.3,34,0,19.6,30.79,0.0,29.0
2002-06-28,30.7,36,7,11.7,30.46,0.0,32.0
2002-06-29,30.6,36,18,15.8,28.25,0.0,31.0
2002-06-30,25.5,49,52,18.7,18.3,0.8,29.0
2002-07-01,24.9,67,72,14.4,17.78,14.3,25.6
2002-07-02,28.5,46,17,14.8,27.09,0.0,30.0
2002-07-03,31.4,39,21,15.5,30.74,0.0,31.0
2002-07-04,30.7,47,4,11.9,29.91,0.0,32.0
2002-07-05,31.6,40,14,10.5,29.41,0.0,32.0
2002-07-06,30.5,41,0,12.2,30.0,0.0,32.0
2002-07-07,32.7,44,11,10.8,29.34,0.1,33.0
2002-07-08,30.0,38,33,20.5,22.74,2.3,31.3
2002-07-09,29.4,41,25,22.0,29.05,0.0,29.0
2002-07-10,27.3,48,23,16.3,24.14,0.0,28.2
2002-07-11,30.8,37,0,10.7,30.2,0.0,31.0
2002-07-12,31.2,38,16,14.9,28.7,0.0,32.0
2002-07-13,28.2,39,29,20.2,29.02,0.0,29.0
2002-07-14,25.8,31,3,18.1,30.7,0.0,27.0
2002-07-15,27.3,39,8,18.7,29.9,0.0,27.0
2002-07-16,29.4,39,12,20.4,26.93,0.0,30.0
2002-07-17,30.8,37,0,17.8,30.07,0.0,32.0
2002-07-18,33.6,31,6,13.3,29.94,0.0,34.0
2002-07-19,34.7,21,12,11.5,29.03,0.0,35.0
2002-07-20,32.1,29,61,15.4,20.34,0.0,33.1
2002-07-21,33.7,38,1,11.8,29.78,0.0,35.0
2002-07-22,27.9,31,1,18.3,29.62,0.0,27.0
2002-07-23,27.5,42,25,14.0,24.5,0.0,26.0
2002-07-24,31.6,37,2,9.4,29.26,0.0,33.0
2002-07-25,33.2,36,5,12.0,28.65,0.0,34.0
2002-07-26,34.0,36,4,14.8,28.45,0.0,35.0
2002-07-27,35.6,32,8,8.7,27.47,0.0,36.0
2002-07-28,36.0,34,10,11.3,27.41,0.0,36.0
2002-07-29,34.9,31,9,12.3,26.17,0.1,36.0
2002-07-30,32.8,40,38,17.4,25.01,0.2,33.2
2002-07-31,29.9,42,31,20.5,26.75,0.0,31.0
2002-08-01,29.5,33,7,18.3,28.47,0.0,30.0
2002-08-02,31.5,36,3,13.6,28.59,0.0,32.0
2002-08-03,31.2,28,5,17.9,28.38,0.0,31.5
2002-08-04,31.8,29,9,15.8,28.01,0.0,32.0
2002-08-05,31.0,27,4,21.3,27.4,0.0,32.0
2002-08-06,32.0,36,13,8.0,26.96,0.0,31.0
2002-08-07,31.5,36,14,18.3,25.69,0.0,32.3
2002-08-08,29.4,35,22,19.3,27.6,0.0,31.0
2002-08-09,29.0,36,70,20.0,21.25,0.0,29.4
2002-08-10,23.4,49,93,16.7,11.46,0.1,25.0
2002-08-11,27.7,37,49,12.0,27.65,0.0,28.0
2002-08-12,32.4,35,0,5.4,27.18,0.0,33.0
2002-08-13,34.5,33,2,12.5,27.31,0.0,35.0
2002-08-14,34.1,32,75,9.5,21.06,0.0,34.0
2002-08-15,33.2,38,31,17.0,23.99,0.7,32.0
2002-08-16,32.3,43,34,10.1,24.46,0.0,33.0
2002-08-17,33.7,32,23,13.0,26.43,0.0,34.0
2002-08-18,32.8,29,22,13.5,23.53,0.0,33.0
2002-08-19,31.9,35,14,13.2,24.99,0.0,33.0
2002-08-20,32.4,30,10,13.0,26.02,0.0,32.2
2002-08-21,32.6,36,14,14.4,25.07,0.0,33.0
2002-08-22,30.9,44,17,14.3,24.38,0.0,31.0
2002-08-23,30.1,39,12,15.3,24.48,0.0,31.0
2002-08-24,28.4,47,34,12.3,21.78,0.4,28.0
2002-08-25,26.6,57,81,14.0,17.48,0.2,26.0
2002-08-26,23.4,59,55,8.1,17.89,1.8,24.0
2002-08-27,24.0,58,51,12.2,21.24,7.1,24.0
2002-08-28,23.8,55,36,11.4,18.19,0.0,25.6
2002-08-29,26.3,52,27,11.5,22.08,0.0,28.0
2002-08-30,28.1,47,22,11.2,19.59,0.0,30.0
2002-08-31,30.0,42,30,15.3,22.16,0.0,30.0
2002-09-01,29.3,44,39,16.6,23.13,0.0,30.6
2002-09-02,28.6,42,43,14.9,21.23,0.2,28.7
2002-09-03,28.5,49,18,13.8,21.62,0.2,28.3
2002-09-04,27.2,46,26,17.6,21.38,0.1,27.0
2002-09-05,25.4,45,4,11.0,22.86,0.0,26.0
2002-09-06,26.8,42,2,16.4,23.42,0.0,27.0
2002-09-07,27.1,43,48,17.7,20.42,0.0,27.3
2002-09-08,22.9,60,56,17.1,14.91,0.0,22.0
2002-09-09,23.2,58,29,13.5,21.86,0.1,22.0
2002-09-10,26.4,40,34,9.3,23.39,0.0,26.0
2002-09-11,28.8,39,30,8.5,22.25,0.0,29.0
2002-09-12,29.6,39,34,11.3,21.83,0.0,29.0
2002-09-13,29.0,39,51,9.3,19.54,0.0,29.0
2002-09-14,28.7,48,74,11.8,17.74,0.0,28.2
2002-09-15,27.7,41,98,11.4,18.03,0.0,28.0
2002-09-16,21.8,71,94,15.8,8.02,9.1,23.0
2002-09-17,21.7,83,90,15.0,10.82,12.7,23.4
2002-09-18,21.0,80,77,18.4,12.42,9.3,24.0
2002-09-19,23.5,70,58,11.6,13.98,0.2,25.0
2002-09-20,24.7,64,43,13.9,17.59,0.3,26.0
2002-09-21,21.6,73,64,17.0,14.23,1.1,22.5
2002-09-22,21.0,75,59,12.9,14.81,1.7,22.0
2002-09-23,20.4,73,44,15.3,13.37,0.8,20.0
2002-09-24,19.5,49,16,15.9,20.76,0.0,20.0
2002-09-25,20.1,43,65,15.0,19.71,0.0,21.0
2002-09-26,22.4,51,7,8.9,20.18,0.0,24.0
2002-09-27,23.7,48,3,9.7,20.16,0.0,25.0
2002-09-28,25.1,48,20,9.6,19.67,0.0,26.0
2002-09-29,25.2,53,36,7.1,17.95,0.0,27.0
2002-09-30,25.1,65,62,10.0,16.09,2.8,25.0
2002-10-01,16.4,87,100,11.0,4.15,7.8,20.0
2002-10-02,18.0,82,97,6.5,5.12,2.2,18.0
2002-10-03,21.9,71,76,5.5,12.98,0.0,23.0
2002-10-04,22.4,68,49,8.0,14.47,0.0,23.0
2002-10-05,22.4,62,50,9.4,15.26,0.0,23.3
2002-10-06,23.3,61,73,8.2,15.67,0.0,25.0
2002-10-07,22.7,62,53,13.3,16.29,0.0,24.0
2002-10-08,18.5,85,81,11.7,9.08,6.0,18.0
2002-10-09,16.0,82,81,15.4,9.89,10.8,18.0
2002-10-10,11.6,75,89,17.6,4.86,10.3,14.0
2002-10-11,18.8,57,13,11.3,17.49,0.0,19.2
2002-10-12,21.1,71,34,10.1,12.29,0.0,22.3
2002-10-13,21.6,75,21,9.7,15.22,0.0,21.0
2002-10-14,19.7,80,55,16.8,10.52,0.1,22.0
2002-10-15,20.6,74,72,15.6,12.98,0.0,18.0
2002-10-16,17.6,79,72,24.5,9.11,1.6,22.0
2002-10-17,15.9,66,35,16.3,12.97,1.0,16.0
2002-10-18,16.5,59,89,6.3,15.42,0.0,17.0
2002-10-19,19.5,69,52,8.7,15.26,0.0,21.1
2002-10-20,21.8,72,52,17.5,11.01,0.7,17.2
2002-10-21,16.7,85,68,24.2,8.2,14.2,18.0
2002-10-22,15.9,77,59,28.9,8.74,0.5,17.0
2002-10-23,17.1,66,45,15.7,10.61,0.0,17.0
2002-10-24,15.8,73,62,15.2,8.53,0.7,15.0
2002-10-25,18.6,82,68,13.2,7.72,0.0,18.3
2002-10-26,18.3,86,49,6.6,11.47,0.0,15.0
2002-10-27,21.3,78,63,10.0,13.45,0.0,21.0
2002-10-28,21.3,71,81,13.8,13.58,0.0,23.0
2002-10-29,20.6,72,0,5.8,13.81,0.0,22.0
2002-10-30,15.9,77,51,19.4,8.03,1.0,17.5
2002-10-31,16.9,77,58,8.5,8.97,0.0,18.0
2002-11-01,16.7,77,71,7.8,9.02,0.0,16.0
2002-11-02,17.8,82,87,9.5,10.15,0.0,13.0
2002-11-03,20.7,81,90,12.0,9.38,1.0,20.0
2002-11-04,17.2,73,80,12.2,10.1,0.0,18.0
2002-11-05,17.5,70,32,11.9,11.82,0.0,18.2
2002-11-06,19.2,73,34,9.8,9.03,0.0,20.2
2002-11-07,13.9,52,18,21.5,12.42,0.0,15.0
2002-11-08,15.9,60,68,7.4,10.11,0.0,14.0
2002-11-09,18.3,62,81,12.9,9.87,0.0,20.0
2002-11-10,18.8,76,4,11.2,11.63,0.0,20.0
2002-11-11,15.5,81,59,9.7,7.52,0.0,16.0
2002-11-12,14.3,79,58,18.6,7.29,1.2,15.0
2002-11-13,12.7,80,84,28.7,5.21,9.8,14.4
2002-11-14,9.7,93,92,14.8,2.05,12.5,10.0
2002-11-15,9.8,85,73,12.0,5.97,0.9,10.6
2002-11-16,7.5,91,56,17.1,4.66,5.2,8.3
2002-11-17,11.1,83,66,8.4,5.64,0.3,12.0
2002-11-18,11.9,81,46,13.3,7.8,0.0,10.0
2002-11-19,10.8,90,99,17.4,2.43,14.8,12.0
2002-11-20,9.8,79,66,15.0,7.96,0.0,10.0
2002-11-21,11.8,79,58,24.1,7.59,2.1,12.0
2002-11-22,11.1,85,76,22.3,5.38,3.2,11.0
2002-11-23,11.2,84,94,21.6,6.61,8.3,12.0
2002-11-24,8.4,91,95,15.5,3.12,7.5,9.0
2002-11-25,10.2,81,82,14.0,5.22,1.1,10.0
2002-11-26,10.9,83,35,8.5,9.74,0.0,7.3
2002-11-27,12.1,91,96,11.2,3.49,1.9,10.0
2002-11-28,13.2,83,57,15.5,6.9,1.0,14.0
2002-11-29,10.6,85,62,15.7,4.97,5.8,10.0
2002-11-30,12.9,78,76,10.9,5.43,0.0,14.0
2002-12-01,10.5,90,99,11.5,1.72,2.3,11.2
2002-12-02,11.1,76,52,13.9,8.02,0.0,12.0
2002-12-03,11.4,69,52,13.6,6.62,0.0,12.0
2002-12-04,12.6,80,26,8.4,6.42,0.0,13.0
2002-12-05,9.2,69,27,24.9,8.72,0.0,10.0
2002-12-06,9.6,62,58,23.2,5.62,0.0,12.0
2002-12-07,9.7,66,42,13.7,6.26,0.0,11.3
2002-12-08,8.7,78,31,6.5,8.14,0.0,8.5
2002-12-09,7.5,81,70,15.2,4.8,4.6,7.0
2002-12-10,9.0,91,91,22.1,4.54,13.0,10.0
2002-12-11,9.1,88,59,16.9,5.48,1.9,10.0
2002-12-12,10.0,84,49,12.1,6.54,0.0,10.0
2002-12-13,10.1,85,98,7.9,5.5,0.0,10.0
2002-12-14,11.3,87,84,21.8,4.65,3.1,12.0
2002-12-15,9.2,83,47,13.2,6.07,0.0,10.0
2002-12-16,11.2,83,80,5.6,8.42,0.0,10.0
2002-12-17,12.5,92,100,13.9,1.33,3.3,13.3
2002-12-18,14.2,93,97,17.0,3.1,4.7,14.2
2002-12-19,12.3,96,100,6.8,2.64,6.2,13.0
2002-12-20,13.6,90,96,7.8,4.68,2.2,13.0
2002-12-21,10.4,92,86,6.8,5.02,0.0,10.0
2002-12-22,12.3,86,92,6.4,8.14,0.0,10.0
2002-12-23,12.6,84,71,10.9,6.18,0.0,12.3
2002-12-24,11.1,92,99,16.3,3.83,0.8,11.0
2002-12-25,13.1,90,95,17.3,3.6,0.0,14.0
2002-12-26,12.7,86,98,25.3,3.38,0.5,13.1
2002-12-27,10.7,85,90,29.1,4.66,13.0,11.1
2002-12-28,10.1,67,25,19.5,7.75,0.0,11.0
2002-12-29,10.4,78,76,7.4,8.7,0.0,9.1
2002-12-30,8.9,89,85,16.8,2.98,1.1,10.0
2002-12-31,11.1,77,68,15.1,6.97,0.0,
2003-01-01,11.5,91,99,14.3,3.45,2.2,11.0
2003-01-02,11.3,93,100,23.2,2.3,0.5,12.0
2003-01-03,12.0,85,77,23.2,5.78,2.2,12.0
2003-01-04,11.4,81,73,14.0,6.35,0.4,12.0
2003-01-05,8.1,91,90,21.3,2.25,8.3,8.0
2003-01-06,8.5,70,69,23.4,7.02,3.6,9.0
2003-01-07,5.7,88,68,14.7,2.16,7.0,6.0
2003-01-08,8.1,81,82,13.2,7.41,2.0,9.0
2003-01-09,6.8,82,88,21.5,5.53,6.6,8.0
2003-01-10,5.3,57,33,24.1,9.0,0.0,6.0
2003-01-11,5.2,58,17,18.2,9.28,0.0,6.0
2003-01-12,4.8,65,13,13.7,10.2,0.0,5.0
2003-01-13,5.8,67,5,10.9,10.09,0.0,8.0
2003-01-14,7.0,61,0,6.6,10.38,0.0,7.0
2003-01-15,7.1,58,0,7.2,10.36,0.0,8.0
2003-01-16,8.9,72,7,6.4,10.32,0.0,10.0
2003-01-17,8.0,81,9,9.4,10.41,0.0,8.0
2003-01-18,5.7,88,95,10.9,5.01,2.1,4.0
2003-01-19,9.6,80,73,17.6,8.09,6.5,10.0
2003-01-20,8.1,90,78,25.3,2.78,3.4,9.0
2003-01-21,9.2,86,72,24.9,4.34,2.0,10.0
2003-01-22,7.3,91,92,16.5,2.7,5.9,8.0
2003-01-23,9.3,71,6,17.3,10.44,0.0,11.0
2003-01-24,11.7,66,1,14.7,11.44,0.0,14.0
2003-01-25,13.0,59,8,15.1,11.61,0.0,16.0
2003-01-26,12.1,64,67,19.6,8.07,0.0,14.0
2003-01-27,17.7,70,23,18.7,10.83,0.0,21.0
2003-01-28,14.5,76,19,12.8,11.62,0.0,17.0
2003-01-29,7.8,64,30,24.4,9.8,0.2,10.0
2003-01-30,8.0,60,53,23.2,6.77,0.0,9.0
2003-01-31,5.3,50,35,29.5,10.94,0.9,6.0
2003-02-01,7.3,61,5,12.0,11.55,0.0,8.0
2003-02-02,10.5,73,30,10.5,8.75,0.0,11.0
2003-02-03,12.4,75,20,15.1,11.09,0.0,13.0
2003-02-04,11.2,73,75,27.3,4.89,0.7,14.0
2003-02-05,9.2,65,47,9.8,10.1,0.0,11.0
2003-02-06,10.9,68,28,7.6,11.55,0.0,13.0
2003-02-07,9.2,77,80,6.4,7.38,0.8,8.0
2003-02-08,11.3,77,44,7.3,10.62,0.0,13.0
2003-02-09,12.8,73,46,6.6,12.89,0.0,12.0
2003-02-10,11.8,74,68,5.6,10.58,0.0,13.0
2003-02-11,10.8,77,28,7.9,8.79,0.0,12.0
2003-02-12,11.1,80,92,6.2,5.97,1.3,11.0
2003-02-13,10.8,62,52,11.7,13.13,0.0,11.0
2003-02-14,8.9,66,72,12.1,10.09,0.0,10.0
2003-02-15,7.1,56,56,15.4,13.38,0.0,8.0
2003-02-16,9.4,55,2,13.8,15.22,0.0,10.0
2003-02-17,7.7,55,11,10.0,15.73,0.0,9.0
2003-02-18,2.9,59,73,9.4,8.07,2.4,2.0
2003-02-19,7.6,83,96,14.6,8.31,18.1,7.0
2003-02-20,8.7,81,58,12.1,10.62,1.2,8.0
2003-02-21,9.3,79,63,12.3,11.65,0.0,10.0
2003-02-22,8.0,85,100,14.2,3.44,6.3,8.0
2003-02-23,11.9,85,97,13.2,5.58,1.2,13.0
2003-02-24,12.6,79,99,20.7,8.7,6.6,11.0
2003-02-25,10.4,92,100,28.3,4.54,33.3,11.0
2003-02-26,8.7,83,90,20.6,9.27,9.1,9.0
2003-02-27,11.3,74,63,15.3,11.55,4.2,13.0
2003-02-28,12.5,75,80,11.8,10.66,0.0,12.0
2003-03-01,12.1,86,87,15.1,8.9,2.1,13.0
2003-03-02,13.9,81,99,14.7,12.2,0.0,14.0
2003-03-03,18.1,74,72,15.6,12.02,0.0,18.0
2003-03-04,18.0,81,32,8.2,17.09,0.0,18.0
2003-03-05,17.9,85,59,19.1,15.44,2.4,19.0
2003-03-06,13.1,72,49,11.3,17.03,0.0,15.0
2003-03-07,15.0,66,92,7.1,16.04,0.0,15.0
2003-03-08,15.3,64,42,12.0,16.07,0.0,17.0
2003-03-09,16.8,68,0,5.5,19.04,0.0,18.0
2003-03-10,18.4,67,4,6.6,19.31,0.0,20.0
2003-03-11,18.5,59,15,6.3,19.77,0.0,22.0
2003-03-12,20.4,60,34,5.4,19.22,0.0,23.0
2003-03-13,22.3,65,83,11.0,16.34,0.0,25.0
2003-03-14,19.3,63,17,11.8,18.08,0.4,21.0
2003-03-15,18.0,68,52,7.0,17.6,0.0,19.0
2003-03-16,12.1,68,92,14.2,8.01,0.2,12.0
2003-03-17,12.3,56,78,18.7,19.14,0.0,13.0
2003-03-18,13.1,54,41,10.0,20.21,0.0,15.0
2003-03-19,13.8,53,25,7.5,21.02,0.0,15.0
2003-03-20,16.0,47,0,10.8,21.81,0.0,18.0
2003-03-21,16.5,49,0,11.2,21.92,0.0,18.0
2003-03-22,14.8,57,70,11.8,16.46,1.8,17.0
2003-03-23,16.2,66,73,12.5,13.59,0.0,17.0
2003-03-24,16.9,56,81,13.6,20.39,0.0,18.0
2003-03-25,14.7,58,84,11.8,15.4,0.0,17.0
2003-03-26,16.5,68,90,16.6,13.97,1.6,17.0
2003-03-27,12.0,90,100,18.3,3.97,30.2,12.0
2003-03-28,13.9,79,77,15.2,12.15,4.6,15.0
2003-03-29,16.0,71,52,8.7,17.34,0.2,17.0
2003-03-30,12.0,92,91,18.4,4.93,16.7,13.0
2003-03-31,16.6,75,75,14.3,13.92,0.6,18.0
2003-04-01,18.2,65,18,9.1,20.16,0.0,20.0
2003-04-02,16.8,67,87,20.2,16.24,0.0,18.0
2003-04-03,11.9,52,48,27.2,18.9,0.0,14.0
2003-04-04,14.9,48,7,19.2,24.74,0.0,17.0
2003-04-05,16.3,52,1,15.5,24.92,0.0,17.0
2003-04-06,20.6,56,0,13.5,24.94,0.0,23.0
2003-04-07,18.8,57,1,10.9,24.97,0.0,21.0
2003-04-08,17.9,65,49,12.0,16.8,0.0,19.0
2003-04-09,18.2,62,40,21.9,21.69,0.0,19.0
2003-04-10,16.3,58,35,18.8,21.47,0.0,17.0
2003-04-11,13.4,64,87,20.5,20.64,0.6,13.0
2003-04-12,12.6,79,99,17.2,6.37,3.1,12.0
2003-04-13,23.1,72,61,23.9,21.68,8.0,22.0
2003-04-14,14.2,81,88,14.4,14.05,17.5,14.0
2003-04-15,16.2,75,81,17.1,16.35,0.9,17.0
2003-04-16,16.2,66,80,16.6,12.91,0.6,18.0
2003-04-17,17.8,63,88,8.7,18.76,0.0,19.0
2003-04-18,19.6,65,78,10.5,20.91,0.0,20.0
2003-04-19,12.7,86,96,18.7,4.85,17.8,14.0
2003-04-20,12.2,70,89,20.6,15.56,0.0,13.0
2003-04-21,16.3,71,67,9.3,18.55,0.0,17.0
2003-04-22,15.5,69,96,14.3,15.69,0.3,16.0
2003-04-23,15.2,73,83,11.5,13.32,0.5,16.0
2003-04-24,16.6,71,90,11.9,13.91,0.2,18.0
2003-04-25,20.1,63,64,14.8,22.99,0.0,21.0
2003-04-26,19.3,74,68,12.7,16.36,5.2,20.0
2003-04-27,21.0,64,39,12.6,26.29,0.0,22.0
2003-04-28,20.9,64,41,23.5,21.99,0.0,24.0
2003-04-29,20.0,66,90,17.3,17.5,0.1,20.0
2003-04-30,17.1,60,44,16.3,23.58,0.2,18.0
2003-05-01,17.8,58,92,9.5,15.06,0.0,18.0
2003-05-02,20.8,58,14,9.4,26.95,0.0,22.0
2003-05-03,23.7,58,35,13.3,25.43,0.0,25.0
2003-05-04,25.1,60,34,11.5,26.77,0.0,26.0
2003-05-05,20.1,70,71,17.4,21.7,3.2,21.0
2003-05-06,12.6,72,98,27.0,8.86,11.6,13.0
2003-05-07,14.2,75,90,22.1,10.69,11.0,17.0
2003-05-08,17.2,72,64,10.3,19.65,1.1,18.0
2003-05-09,20.3,70,42,6.0,19.02,0.0,23.0
2003-05-10,21.6,65,22,9.1,23.03,0.0,25.0
2003-05-11,23.7,61,27,10.7,24.6,0.8,26.0
2003-05-12,24.7,63,26,10.0,26.45,0.0,27.0
2003-05-13,24.8,60,14,13.4,26.86,0.0,28.0
2003-05-14,24.2,52,2,15.2,28.75,0.0,26.0
2003-05-15,24.1,57,34,10.6,26.24,0.1,27.0
2003-05-16,21.4,77,77,12.8,19.61,10.4,24.0
2003-05-17,24.1,68,37,10.7,25.94,0.0,26.0
2003-05-18,25.9,57,5,13.8,28.51,0.0,28.0
2003-05-19,26.2,56,4,16.6,29.19,0.2,29.0
2003-05-20,24.0,53,15,12.5,29.99,0.0,26.0
2003-05-21,25.2,47,32,14.2,29.87,0.0,28.0
2003-05-22,27.6,45,6,12.0,30.47,0.0,30.0
2003-05-23,29.3,42,6,11.4,30.34,0.0,31.0
2003-05-24,21.0,42,64,18.6,22.76,0.0,25.0
2003-05-25,18.7,42,22,18.4,27.42,0.0,19.0
2003-05-26,20.3,47,0,14.2,30.77,0.0,23.0
2003-05-27,23.8,47,0,14.6,30.36,0.0,26.0
2003-05-28,26.3,50,41,7.5,30.3,0.0,28.0
2003-05-29,28.2,46,20,6.5,29.99,0.0,31.0
2003-05-30,29.9,42,54,9.5,27.77,0.0,31.0
2003-05-31,29.8,50,51,14.5,26.88,2.2,31.0
2003-06-01,26.4,63,43,15.1,25.75,0.5,28.0
2003-06-02,25.6,54,78,18.1,25.16,0.0,26.0
2003-06-03,27.0,50,29,13.6,26.6,0.0,28.0
2003-06-04,24.3,58,71,17.3,22.73,0.7,25.0
2003-06-05,26.2,60,46,9.8,25.83,2.5,28.0
2003-06-06,28.9,53,23,6.1,28.77,0.0,31.0
2003-06-07,31.2,49,14,9.4,27.73,0.2,34.0
2003-06-08,32.1,38,19,11.8,29.89,0.0,33.0
2003-06-09,31.2,39,71,14.3,26.68,0.0,33.0
2003-06-10,32.1,26,64,14.8,30.37,0.0,33.0
2003-06-11,33.9,31,43,10.2,29.29,0.0,35.0
2003-06-12,33.7,34,45,14.3,29.13,0.0,35.0
2003-06-13,34.5,33,53,8.9,30.1,0.0,36.0
2003-06-14,31.2,34,95,13.7,19.98,0.0,32.0
2003-06-15,31.5,47,60,20.0,23.89,1.3,33.0
2003-06-16,30.6,45,18,9.8,28.88,0.0,32.0
2003-06-17,30.7,42,43,7.4,24.03,0.0,33.0
2003-06-18,31.2,43,62,16.9,25.64,0.0,35.0
2003-06-19,33.2,31,10,18.5,30.41,0.0,35.0
2003-06-20,33.8,35,0,10.0,30.71,0.0,35.0
2003-06-21,35.1,30,2,11.1,31.2,0.0,36.0
2003-06-22,35.0,30,14,15.4,30.09,0.2,36.0
2003-06-23,33.7,38,16,13.1,29.17,0.3,35.0
2003-06-24,30.4,46,44,15.9,26.81,0.0,30.0
2003-06-25,30.8,37,75,9.7,24.8,0.0,32.0
2003-06-26,32.6,30,10,14.0,30.33,0.0,33.0
2003-06-27,32.4,35,19,9.1,28.54,0.0,33.0
2003-06-28,32.2,35,26,16.1,30.71,0.0,33.0
2003-06-29,29.8,32,45,22.7,29.89,0.0,30.0
2003-06-30,23.3,53,54,27.6,16.58,0.1,25.0
2003-07-01,25.5,44,24,18.5,29.28,0.0,25.0
2003-07-02,26.2,44,45,17.1,24.47,0.0,27.0
2003-07-03,27.0,43,12,8.7,29.44,0.0,28.0
2003-07-04,29.7,37,4,15.5,28.96,0.0,30.0
2003-07-05,31.2,32,25,12.7,30.08,0.0,32.0
2003-07-06,31.6,34,5,12.3,29.5,0.0,32.0
2003-07-07,33.5,36,1,8.4,30.05,0.0,33.0
2003-07-08,34.8,30,8,10.7,29.58,0.0,35.0
2003-07-09,35.5,28,6,9.7,30.12,0.0,36.0
2003-07-10,35.7,28,0,16.1,29.97,0.0,36.0
2003-07-11,37.1,27,1,8.3,30.49,0.0,37.0
2003-07-12,34.7,28,33,11.8,25.59,0.0,34.0
2003-07-13,34.2,35,9,7.3,28.32,0.0,34.0
2003-07-14,32.2,32,10,18.1,28.99,0.0,32.0
2003-07-15,27.7,42,39,26.5,24.27,0.2,28.0
2003-07-16,26.9,36,0,17.6,30.37,0.0,26.0
2003-07-17,30.7,31,0,11.4,30.37,0.0,31.0
2003-07-18,32.8,25,0,17.6,30.35,0.0,34.0
2003-07-19,33.1,24,0,17.3,30.33,0.0,33.0
2003-07-20,33.1,22,4,19.1,28.12,0.0,33.0
2003-07-21,32.0,23,12,15.8,30.07,0.0,32.0
2003-07-22,32.9,22,2,14.5,30.02,0.0,33.0
2003-07-23,32.3,23,2,16.7,29.29,0.0,32.0
2003-07-24,32.6,33,10,10.9,28.81,0.0,32.0
2003-07-25,33.7,32,0,13.8,29.13,0.0,34.0
2003-07-26,33.8,38,0,19.3,28.52,0.0,34.0
2003-07-27,30.6,40,10,12.9,26.55,0.0,31.0
2003-07-28,33.3,37,1,9.4,28.97,0.0,34.0
2003-07-29,34.8,33,2,16.9,28.36,0.0,35.0
2003-07-30,36.1,29,4,19.1,28.04,0.0,36.0
2003-07-31,37.3,27,0,15.2,28.98,0.0,38.0
2003-08-01,38.5,24,1,16.5,29.19,0.0,39.0
2003-08-02,38.5,23,21,18.5,27.29,0.0,38.0
2003-08-03,38.4,27,30,10.7,27.21,0.0,39.0
2003-08-04,37.5,28,11,12.0,27.21,0.0,37.0
2003-08-05,36.6,29,22,22.1,26.19,0.4,36.0
2003-08-06,35.8,34,14,10.4,26.52,0.0,36.0
2003-08-07,36.2,24,1,9.3,28.07,0.0,37.0
2003-08-08,35.6,27,3,10.6,27.07,0.0,36.0
2003-08-09,35.3,30,22,10.8,24.21,0.2,36.0
2003-08-10,35.3,31,18,7.9,25.26,0.0,36.0
2003-08-11,35.2,32,16,7.2,24.66,0.0,36.0
2003-08-12,36.7,29,9,7.5,26.69,0.0,37.0
2003-08-13,36.4,23,21,9.7,27.08,0.0,37.0
2003-08-14,36.2,28,58,8.1,24.21,0.0,37.0
2003-08-15,34.6,27,20,16.8,24.96,0.0,35.0
2003-08-16,28.2,38,55,15.3,23.56,0.2,28.0
2003-08-17,30.4,41,22,10.6,23.84,0.2,30.0
2003-08-18,31.4,33,7,10.2,26.46,0.0,31.0
2003-08-19,33.6,32,5,10.7,26.41,0.0,34.0
2003-08-20,33.8,29,0,12.5,26.28,0.0,34.0
2003-08-21,33.1,45,33,25.0,19.8,0.8,34.0
2003-08-22,28.8,58,60,20.3,19.24,2.8,30.0
2003-08-23,29.8,60,35,8.1,22.64,6.0,32.0
2003-08-24,31.6,42,23,7.9,24.04,0.0,33.0
2003-08-25,31.5,41,13,14.0,23.09,0.0,32.0
2003-08-26,29.9,39,1,13.3,25.46,0.0,30.0
2003-08-27,29.1,33,7,18.1,25.62,0.0,29.0
2003-08-28,24.1,55,69,22.9,17.05,2.9,24.0
2003-08-29,25.0,55,54,21.8,15.7,0.0,25.0
2003-08-30,27.2,51,13,14.5,21.49,0.0,29.0
2003-08-31,28.1,53,22,20.4,20.82,0.0,29.0
2003-09-01,26.6,55,28,15.7,20.28,0.0,28.0
2003-09-02,26.4,54,45,10.8,19.25,0.0,28.0
2003-09-03,27.2,50,45,12.7,19.44,0.1,27.0
2003-09-04,22.1,73,57,12.9,14.05,10.5,29.0
2003-09-05,27.5,60,19,9.4,20.95,0.0,28.0
2003-09-06,28.4,49,44,9.4,21.14,0.0,29.0
2003-09-07,26.6,51,78,16.1,19.86,0.0,26.0
2003-09-08,27.9,52,75,19.4,22.16,0.0,29.0
2003-09-09,23.5,46,22,19.4,23.12,0.0,23.0
2003-09-10,27.3,44,0,11.6,23.12,0.0,30.0
2003-09-11,29.5,47,0,15.0,22.62,0.0,31.0
2003-09-12,29.5,45,4,12.8,22.58,0.0,31.0
2003-09-13,30.7,38,70,11.5,22.03,0.0,31.0
2003-09-14,30.0,36,56,16.8,22.13,0.0,30.0
2003-09-15,26.2,44,19,9.7,21.89,0.0,26.0
2003-09-16,27.2,41,1,10.5,22.03,0.0,26.0
2003-09-17,28.8,34,0,7.8,22.13,0.0,28.0
2003-09-18,28.9,25,6,9.0,22.2,0.0,28.0
2003-09-19,27.7,39,8,12.7,21.46,0.0,28.0
2003-09-20,29.3,50,10,12.2,20.4,0.0,29.0
2003-09-21,28.2,39,30,14.9,17.25,0.0,28.0
2003-09-22,26.5,47,33,13.4,17.85,0.0,26.0
2003-09-23,25.2,45,46,11.5,14.9,0.0,26.0
2003-09-24,25.6,51,29,12.2,16.0,0.0,27.0
2003-09-25,26.9,48,40,7.5,15.73,0.0,28.0
2003-09-26,28.3,41,75,8.7,17.07,0.0,29.0
2003-09-27,27.2,47,82,15.6,12.51,0.0,28.0
2003-09-28,25.2,53,67,8.6,14.18,0.0,26.0
2003-09-29,24.3,52,68,13.8,13.57,0.0,24.0
2003-09-30,18.9,77,98,20.4,7.47,16.1,20.0
2003-10-01,20.4,81,89,26.8,11.42,7.3,22.0
2003-10-02,18.0,80,69,23.4,8.52,10.8,19.0
2003-10-03,19.7,73,80,18.8,9.84,0.8,20.0
2003-10-04,20.9,63,27,12.0,16.76,0.0,21.0
2003-10-05,17.8,62,33,21.7,17.09,0.0,19.0
2003-10-06,17.5,50,46,13.9,14.87,0.0,18.0
2003-10-07,20.9,46,7,11.0,18.33,0.0,22.0
2003-10-08,22.0,63,14,12.3,16.47,0.0,23.0
2003-10-09,22.5,61,0,11.6,17.38,0.0,23.0
2003-10-10,23.4,62,0,9.0,17.37,0.0,24.0
2003-10-11,24.7,61,58,10.8,15.92,0.2,24.0
2003-10-12,19.1,78,73,10.6,8.76,3.1,19.0
2003-10-13,19.4,79,81,6.0,9.43,1.0,20.0
2003-10-14,18.8,81,84,7.9,8.82,2.2,20.0
2003-10-15,20.4,75,41,8.1,14.48,0.7,21.0
2003-10-16,17.3,86,98,9.1,8.12,14.8,18.0
2003-10-17,15.8,87,83,6.0,6.5,9.6,16.0
2003-10-18,17.4,77,69,15.6,9.61,0.0,17.0
2003-10-19,16.2,82,74,22.7,9.33,19.6,16.0
2003-10-20,17.1,77,65,18.4,9.95,0.5,17.0
2003-10-21,13.4,84,92,7.5,7.73,3.2,15.0
2003-10-22,15.9,69,44,18.5,12.07,0.0,17.0
2003-10-23,12.2,54,24,17.6,14.49,0.0,12.0
2003-10-24,11.7,55,52,18.7,12.6,0.0,13.0
2003-10-25,10.9,62,98,18.0,4.58,5.3,10.0
2003-10-26,14.3,89,77,15.9,7.28,17.0,14.0
2003-10-27,14.4,89,85,11.2,7.22,4.2,15.0
2003-10-28,14.1,91,87,16.7,6.82,8.5,15.0
2003-10-29,15.5,77,75,18.3,7.98,2.2,16.0
2003-10-30,13.9,72,80,27.1,7.49,0.0,15.0
2003-10-31,11.4,82,92,31.4,6.88,20.9,12.0
2003-11-01,14.1,70,55,17.7,8.73,1.2,15.0
2003-11-02,14.2,72,59,10.0,12.49,0.0,14.0
2003-11-03,15.0,78,59,7.9,12.25,0.0,14.0
2003-11-04,15.1,74,57,7.0,9.5,0.0,14.0
2003-11-05,13.5,83,96,7.6,4.48,0.6,13.0
2003-11-06,17.3,84,24,6.0,11.99,0.0,17.0
2003-11-07,17.3,78,18,8.7,12.38,0.0,17.0
2003-11-08,17.2,82,88,14.8,8.92,1.8,16.0
2003-11-09,13.7,81,82,13.0,7.04,1.3,15.0
2003-11-10,13.8,81,69,8.0,8.2,4.7,15.0
2003-11-11,15.5,78,27,8.4,11.38,0.0,16.0
2003-11-12,13.7,83,89,6.2,4.81,0.0,13.0
2003-11-13,14.3,83,77,12.5,6.87,0.1,16.0
2003-11-14,14.7,86,73,7.0,8.0,0.0,13.0
2003-11-15,11.2,90,98,24.2,2.45,20.3,12.0
2003-11-16,12.0,85,89,22.3,3.34,4.2,12.0
2003-11-17,13.3,54,9,19.9,10.67,0.0,15.0
2003-11-18,16.7,52,1,14.1,10.85,0.0,18.0
2003-11-19,17.0,61,2,11.3,10.63,0.0,17.0
2003-11-20,15.8,79,10,8.7,10.69,0.0,16.0
2003-11-21,12.9,86,77,9.8,4.89,0.2,13.0
2003-11-22,13.4,88,100,16.3,4.08,13.4,14.0
2003-11-23,10.0,91,85,17.1,2.97,16.9,11.0
2003-11-24,10.7,80,88,9.9,8.08,0.0,10.0
2003-11-25,11.9,69,45,12.6,9.73,0.0,12.0
2003-11-26,9.9,81,59,24.4,7.89,0.1,9.0
2003-11-27,10.0,68,39,22.4,8.54,3.8,11.0
2003-11-28,10.7,78,76,9.1,6.57,0.0,11.0
2003-11-29,10.7,89,95,11.8,1.85,0.1,11.0
2003-11-30,11.7,92,98,24.1,3.14,3.8,13.0
2003-12-01,9.0,83,82,16.3,6.42,6.2,8.0
2003-12-02,7.1,74,64,6.2,6.52,0.0,8.0
2003-12-03,5.1,84,78,6.4,5.69,0.5,6.0
2003-12-04,5.7,89,46,15.2,5.35,4.0,6.0
2003-12-05,8.0,87,96,18.1,3.12,10.3,10.0
2003-12-06,10.1,87,92,15.9,4.53,6.1,11.0
2003-12-07,9.9,88,63,13.5,6.22,4.1,10.0
2003-12-08,9.0,91,84,7.8,3.35,0.3,9.0
2003-12-09,7.6,91,94,16.5,2.33,11.8,8.0
2003-12-10,10.2,71,34,16.3,9.28,5.6,11.0
2003-12-11,10.7,76,23,7.4,7.86,0.0,8.0
2003-12-12,13.2,83,17,5.0,8.52,0.0,13.0
2003-12-13,13.2,89,47,7.1,8.43,0.0,14.0
2003-12-14,14.4,85,47,5.8,7.78,0.0,13.0
2003-12-15,12.8,83,19,7.2,8.77,0.0,14.0
2003-12-16,10.5,75,46,5.6,8.43,0.0,11.0
2003-12-17,9.5,87,89,8.0,4.8,0.0,10.0
2003-12-18,9.6,89,78,19.9,3.66,4.5,11.0
2003-12-19,10.9,85,61,8.6,6.43,0.0,11.0
2003-12-20,11.6,87,99,6.0,7.87,0.0,9.0
2003-12-21,13.1,87,78,8.5,7.86,0.0,8.0
2003-12-22,7.8,67,28,22.0,7.5,0.0,9.0
2003-12-23,7.1,64,32,14.1,8.81,0.0,8.0
2003-12-24,10.9,77,23,16.1,8.16,0.0,12.0
2003-12-25,10.3,87,59,6.8,8.64,0.0,11.0
2003-12-26,8.8,84,62,8.7,8.97,0.0,9.0
2003-12-27,7.9,90,89,13.0,3.27,0.0,8.0
2003-12-28,8.2,74,46,24.4,8.59,3.3,9.0
2003-12-29,8.8,75,63,16.3,5.91,0.2,9.0
2003-12-30,11.5,80,66,14.6,6.23,2.1,14.0
2003-12-31,11.6,77,46,14.2,5.61,0.1,14.0
2004-01-01,9.6,82,62,8.2,3.52,0.0,11.0
2004-01-02,9.6,76,65,17.4,6.21,0.0,10.0
2004-01-03,8.8,63,50,17.7,7.58,0.0,11.0
2004-01-04,11.2,79,23,14.4,5.21,0.0,14.0
2004-01-05,10.7,83,28,6.2,9.71,0.0,11.0
2004-01-06,10.4,76,32,6.9,9.54,0.0,10.0
2004-01-07,9.1,84,68,9.4,8.67,0.0,9.0
2004-01-08,10.1,93,78,12.8,3.52,0.0,11.0
2004-01-09,14.7,89,71,14.6,6.11,0.0,15.6
2004-01-10,14.0,88,77,8.8,8.23,0.0,16.0
2004-01-11,13.8,88,95,7.3,4.89,0.0,8.0
2004-01-12,11.5,94,89,9.4,6.1,0.0,8.0
2004-01-13,12.5,92,92,13.9,6.9,0.0,10.0
2004-01-14,12.0,89,88,15.3,4.05,0.0,12.3
2004-01-15,8.8,86,89,6.8,8.4,0.1,10.0
2004-01-16,11.1,81,29,9.4,9.86,0.0,12.3
2004-01-17,12.2,81,48,18.8,7.5,0.0,11.0
2004-01-18,7.4,58,23,29.5,9.4,0.0,8.0
2004-01-19,8.4,48,10,23.1,10.53,0.0,10.0
2004-01-20,9.4,71,18,8.6,10.02,0.0,9.1
2004-01-21,11.4,79,10,8.1,9.7,0.0,13.0
2004-01-22,12.1,78,28,7.1,11.21,0.0,11.0
2004-01-23,13.3,77,58,8.2,7.59,0.0,14.1
2004-01-24,14.7,86,48,11.3,7.66,0.0,18.0
2004-01-25,12.8,88,67,12.9,7.28,0.0,12.0
2004-01-26,12.0,92,90,24.4,3.5,1.3,12.0
2004-01-27,13.8,77,81,22.1,6.47,0.8,15.0
2004-01-28,9.6,62,25,14.2,12.06,0.5,11.0
2004-01-29,8.3,65,35,6.3,12.15,0.0,8.0
2004-01-30,6.5,76,97,4.6,4.52,0.8,8.0
2004-01-31,9.7,94,99,19.1,2.98,3.0,10.0
2004-02-01,10.8,96,100,6.1,2.13,3.9,11.7
2004-02-02,12.8,91,84,5.7,5.75,0.0,15.0
2004-02-03,15.4,85,24,5.6,11.16,0.0,17.0
2004-02-04,17.1,82,9,5.2,12.4,0.0,19.0
2004-02-05,17.4,78,0,5.2,12.82,0.0,19.0
2004-02-06,16.1,75,1,8.5,13.08,0.0,17.0
2004-02-07,16.5,76,52,6.4,12.98,0.0,17.0
2004-02-08,14.5,80,81,9.5,12.05,0.0,14.0
2004-02-09,14.4,73,28,9.2,13.44,0.0,11.0
2004-02-10,14.5,58,1,10.1,14.08,0.0,16.0
2004-02-11,14.2,50,6,8.9,14.57,0.0,16.0
2004-02-12,15.2,61,6,5.2,14.45,0.0,16.0
2004-02-13,14.7,69,0,6.2,14.38,0.0,16.0
2004-02-14,14.5,72,52,9.4,14.23,0.0,15.0
2004-02-15,14.9,74,5,7.7,14.32,0.0,15.0
2004-02-16,13.4,76,62,8.8,11.66,0.0,10.6
2004-02-17,11.2,65,3,7.4,15.22,0.0,11.0
2004-02-18,9.3,67,66,15.5,8.04,0.0,10.0
2004-02-19,9.2,54,25,18.1,15.28,0.0,10.4
2004-02-20,6.4,77,76,12.3,3.41,8.5,4.0
2004-02-21,9.5,91,93,15.1,3.68,17.2,10.0
2004-02-22,8.5,75,50,15.9,11.01,4.1,8.2
2004-02-23,9.1,77,91,14.4,11.82,1.0,8.0
2004-02-24,5.6,90,100,12.2,2.32,14.4,5.0
2004-02-25,10.9,89,99,8.7,9.01,11.3,10.3
2004-02-26,8.9,74,75,17.0,10.58,2.1,9.0
2004-02-27,6.3,62,43,26.4,13.25,0.9,5.6
2004-02-28,7.5,55,28,19.6,13.99,1.2,8.0
2004-02-29,7.1,64,49,16.1,14.37,0.3,8.0
2004-03-01,5.8,52,24,17.8,16.87,0.1,6.0
2004-03-02,8.0,53,4,12.6,18.26,0.0,10.0
2004-03-03,11.8,64,43,10.7,16.93,0.0,12.0
2004-03-04,15.7,68,80,10.2,16.23,0.0,14.0
2004-03-05,13.0,70,85,14.5,10.24,0.0,15.0
2004-03-06,13.5,77,56,12.5,9.67,2.3,16.0
2004-03-07,14.0,68,24,10.2,19.15,0.0,14.1
2004-03-08,16.3,68,91,9.0,17.43,0.0,15.0
2004-03-09,14.9,66,93,9.1,14.09,0.0,14.0
2004-03-10,14.7,75,68,15.5,14.64,2.2,15.0
2004-03-11,13.9,78,79,16.6,13.05,0.0,13.0
2004-03-12,10.8,89,100,20.1,3.2,12.5,12.4
2004-03-13,10.9,81,78,8.6,8.11,4.7,11.0
2004-03-14,14.0,72,31,9.7,13.85,0.0,16.0
2004-03-15,19.2,65,10,12.5,19.34,0.0,21.0
2004-03-16,17.0,68,24,10.5,17.95,0.3,16.1
2004-03-17,16.7,73,70,6.9,16.56,0.0,15.0
2004-03-18,17.1,71,78,5.7,16.73,0.0,18.0
2004-03-19,18.4,74,43,8.4,17.83,0.0,20.0
2004-03-20,19.6,70,51,9.1,20.72,0.0,20.0
2004-03-21,20.3,62,29,12.7,19.57,0.0,21.3
2004-03-22,12.7,56,21,21.3,20.68,0.0,13.0
2004-03-23,12.1,53,30,16.1,16.55,0.0,12.0
2004-03-24,7.7,71,92,11.3,7.9,5.8,9.0
2004-03-25,11.1,45,26,16.7,22.56,0.0,11.3
2004-03-26,8.7,58,82,16.2,13.01,1.2,9.1
2004-03-27,9.4,65,98,15.6,10.86,1.7,6.1
2004-03-28,6.7,86,99,14.6,4.82,21.3,5.0
2004-03-29,10.0,89,100,16.1,4.54,21.5,8.2
2004-03-30,9.9,88,99,15.0,6.38,12.1,10.0
2004-03-31,11.8,80,68,18.8,16.75,2.0,12.3
2004-04-01,9.1,86,81,22.1,6.12,10.4,10.0
2004-04-02,11.9,74,59,18.1,19.37,3.0,11.0
2004-04-03,14.6,75,61,10.5,21.03,0.0,14.3
2004-04-04,18.4,71,87,7.8,22.54,0.0,18.0
2004-04-05,19.5,71,86,9.4,19.69,0.0,21.0
2004-04-06,21.4,67,1,10.8,24.63,0.0,22.4
2004-04-07,19.2,66,27,12.8,22.62,0.0,20.0
2004-04-08,13.3,58,73,16.3,13.94,0.0,16.0
2004-04-09,12.0,50,16,17.6,23.3,0.0,12.0
2004-04-10,11.1,52,24,20.9,22.41,0.6,11.0
2004-04-11,11.9,52,50,17.7,21.9,0.0,13.0
2004-04-12,13.1,62,33,18.2,18.36,0.1,13.1
2004-04-13,14.5,60,6,15.7,24.22,0.0,15.0
2004-04-14,15.0,56,17,15.3,24.62,0.0,16.0
2004-04-15,18.0,58,26,12.7,25.6,0.4,19.0
2004-04-16,16.1,75,97,10.5,11.88,8.0,17.0
2004-04-17,13.3,71,60,17.8,14.79,1.3,14.0
2004-04-18,10.5,71,86,26.0,7.79,1.5,14.0
2004-04-19,13.6,56,64,21.3,16.75,0.0,14.0
2004-04-20,15.8,70,54,14.0,15.66,0.0,16.0
2004-04-21,19.6,71,56,17.0,23.55,0.1,20.0
2004-04-22,15.4,61,36,18.0,23.04,1.0,15.0
2004-04-23,19.7,60,2,14.0,26.18,0.0,20.0
2004-04-24,21.8,58,0,14.8,27.62,0.0,23.0
2004-04-25,24.1,58,0,8.0,27.74,0.0,26.0
2004-04-26,24.1,58,12,9.5,27.18,0.0,25.0
2004-04-27,23.4,55,21,14.0,24.22,0.0,25.0
2004-04-28,17.1,73,73,8.0,17.0,8.2,17.0
2004-04-29,16.3,71,67,13.7,17.71,4.8,16.0
2004-04-30,13.8,55,70,20.3,21.64,0.8,13.0
2004-05-01,11.5,67,79,19.9,14.67,2.9,13.0
2004-05-02,13.5,76,94,11.6,17.04,6.3,12.0
2004-05-03,12.6,78,98,20.6,8.34,17.2,14.0
2004-05-04,16.3,55,59,16.2,22.38,0.0,17.0
2004-05-05,12.3,66,86,27.4,13.06,4.1,14.0
2004-05-06,15.4,57,57,19.1,23.93,1.5,15.2
2004-05-07,14.3,51,51,14.8,20.17,0.0,14.2
2004-05-08,16.3,52,26,8.7,27.9,0.0,15.0
2004-05-09,15.5,60,78,19.5,20.62,0.2,16.0
2004-05-10,14.8,78,66,10.9,19.46,3.0,17.0
2004-05-11,12.7,83,96,19.8,8.34,9.9,12.4
2004-05-12,17.3,70,74,15.4,18.0,2.5,16.0
2004-05-13,19.2,57,30,15.3,25.19,0.0,19.4
2004-05-14,18.7,57,39,13.7,25.68,0.0,20.0
2004-05-15,19.0,57,31,9.3,21.38,0.0,21.0
2004-05-16,21.3,55,15,7.3,25.71,0.0,22.2
2004-05-17,23.2,57,11,6.3,28.0,0.1,25.0
2004-05-18,23.2,51,10,8.9,28.83,0.0,24.0
2004-05-19,23.7,50,5,10.0,29.15,0.0,24.0
2004-05-20,24.0,42,13,8.8,30.48,0.0,25.0
2004-05-21,21.9,56,55,9.0,24.53,3.7,22.0
2004-05-22,19.6,77,90,8.8,18.04,8.9,21.0
2004-05-23,20.9,68,64,11.4,21.78,4.2,20.0
2004-05-24,20.7,77,83,8.7,22.02,4.2,20.0
2004-05-25,19.0,79,82,12.8,19.62,4.0,20.0
2004-05-26,19.6,79,91,8.3,19.56,1.7,20.0
2004-05-27,22.1,74,32,5.6,25.93,0.6,22.0
2004-05-28,22.5,69,73,7.9,21.29,0.0,24.2
2004-05-29,24.6,59,41,9.6,26.1,0.0,25.0
2004-05-30,24.4,63,93,10.2,24.75,0.0,26.0
2004-05-31,26.2,63,42,7.2,27.65,0.0,28.0
2004-06-01,28.1,56,23,6.8,28.14,0.0,29.0
2004-06-02,28.5,53,22,12.4,26.94,0.0,29.0
2004-06-03,27.7,42,0,12.3,31.21,0.0,29.0
2004-06-04,28.8,44,0,12.4,30.89,0.0,30.0
2004-06-05,30.2,47,4,9.6,30.54,0.0,31.3
2004-06-06,30.3,47,51,8.2,28.58,0.0,31.0
2004-06-07,27.0,60,78,12.2,21.87,0.9,27.0
2004-06-08,28.8,54,18,6.6,29.48,0.0,28.0
2004-06-09,29.4,47,10,9.7,28.44,0.0,29.0
2004-06-10,29.7,47,17,7.2,28.03,0.0,31.0
2004-06-11,30.4,50,19,7.8,27.2,0.0,31.0
2004-06-12,30.7,53,30,12.8,26.83,0.8,31.0
2004-06-13,28.3,50,6,17.3,29.26,0.0,29.0
2004-06-14,26.3,35,1,20.0,31.67,0.0,27.0
2004-06-15,24.6,41,30,17.9,24.84,0.0,25.0
2004-06-16,28.1,41,10,12.9,28.5,0.0,29.0
2004-06-17,30.2,42,0,12.2,31.13,0.0,31.0
2004-06-18,31.3,36,36,14.5,30.14,0.0,32.4
2004-06-19,27.1,48,62,15.9,25.46,0.5,26.6
2004-06-20,24.2,45,55,13.2,23.37,0.0,25.0
2004-06-21,25.9,39,67,15.3,26.16,0.0,27.0
2004-06-22,28.7,43,50,20.4,29.24,0.0,30.2
2004-06-23,30.5,47,28,13.9,28.89,0.0,31.0
2004-06-24,29.9,52,25,9.7,25.82,0.0,32.0
2004-06-25,31.2,46,33,12.7,27.85,0.0,34.0
2004-06-26,34.1,41,22,8.4,30.11,0.0,36.0
2004-06-27,36.3,31,2,9.0,30.58,0.0,39.0
2004-06-28,36.9,32,20,10.6,30.09,0.0,39.0
2004-06-29,36.8,34,26,14.9,30.27,0.0,39.0
2004-06-30,35.2,27,2,16.0,31.03,0.0,37.6
2004-07-01,34.1,35,15,10.8,30.19,0.0,36.0
2004-07-02,32.3,35,6,13.5,29.32,0.0,34.0
2004-07-03,30.8,40,23,13.8,27.1,0.0,33.0
2004-07-04,32.5,35,3,10.1,30.64,0.0,35.3
2004-07-05,34.1,29,22,13.3,29.5,0.0,36.0
2004-07-06,29.2,52,49,18.7,22.94,5.5,31.0
2004-07-07,25.0,44,17,20.2,28.62,0.0,24.0
2004-07-08,23.8,36,13,12.9,30.3,0.0,24.0
2004-07-09,25.4,37,6,7.7,30.18,0.0,27.0
2004-07-10,27.1,38,31,10.0,24.98,0.0,29.0
2004-07-11,26.4,45,33,17.3,23.03,0.0,30.0
2004-07-12,27.9,33,5,14.5,30.59,0.0,29.0
2004-07-13,29.8,30,0,15.4,30.78,0.0,30.0
2004-07-14,30.7,33,0,12.6,29.96,0.0,32.0
2004-07-15,30.8,44,13,13.0,26.34,0.2,34.0
2004-07-16,31.6,44,25,15.9,25.92,0.0,35.0
2004-07-17,30.6,51,22,13.2,24.28,0.0,33.0
2004-07-18,31.6,43,39,11.5,28.56,0.0,32.3
2004-07-19,31.1,32,54,17.2,27.84,0.0,33.0
2004-07-20,31.1,40,7,9.7,28.23,0.0,32.0
2004-07-21,32.9,33,5,15.6,29.02,0.0,35.0
2004-07-22,34.1,34,20,13.8,28.93,0.0,36.2
2004-07-23,36.3,31,20,12.4,28.74,0.0,37.1
2004-07-24,37.6,29,0,13.4,28.87,0.0,39.0
2004-07-25,36.0,26,8,17.8,28.79,0.0,38.0
2004-07-26,32.9,27,0,11.5,29.61,0.0,34.0
2004-07-27,33.6,28,0,10.9,29.76,0.0,35.0
2004-07-28,34.0,28,18,20.3,27.42,0.0,35.2
2004-07-29,32.9,40,19,10.6,27.71,0.0,32.0
2004-07-30,33.0,43,24,8.8,26.85,0.0,34.2
2004-07-31,33.5,41,26,10.3,26.19,0.0,36.0
2004-08-01,35.2,34,53,16.0,26.81,0.1,36.0
2004-08-02,33.4,38,49,16.6,25.08,0.5,35.0
2004-08-03,31.3,36,46,17.5,26.01,0.0,30.0
2004-08-04,29.4,47,21,11.4,23.76,1.5,30.0
2004-08-05,30.7,46,23,8.7,26.06,0.0,31.0
2004-08-06,32.6,37,16,10.4,26.74,0.0,34.0
2004-08-07,33.2,40,35,13.2,25.18,0.5,33.0
2004-08-08,30.4,44,56,20.2,24.07,0.0,31.0
2004-08-09,27.5,66,81,16.0,18.58,6.1,27.0
2004-08-10,24.1,62,50,18.0,17.3,0.7,25.3
2004-08-11,26.7,56,7,18.8,25.95,0.0,28.0
2004-08-12,27.9,55,26,12.3,24.02,0.0,29.0
2004-08-13,29.2,42,0,6.6,27.0,0.0,31.0
2004-08-14,31.4,41,0,9.4,26.97,0.0,35.0
2004-08-15,32.7,38,0,16.8,26.71,0.0,34.3
2004-08-16,31.2,41,45,20.7,24.53,0.0,30.4
2004-08-17,25.9,60,45,22.5,20.1,0.0,25.0
2004-08-18,26.3,57,39,27.0,18.09,0.0,28.9
2004-08-19,24.6,61,40,20.2,17.15,0.0,26.0
2004-08-20,26.8,43,22,10.4,26.15,0.0,26.0
2004-08-21,28.2,39,45,14.1,26.14,0.0,28.0
2004-08-22,29.8,41,71,8.4,23.25,0.0,30.0
2004-08-23,32.1,46,45,12.9,23.1,0.0,34.0
2004-08-24,35.1,34,6,10.5,25.53,0.0,39.2
2004-08-25,34.5,32,10,11.8,25.38,0.0,36.0
2004-08-26,31.0,36,0,14.0,25.57,0.0,33.0
2004-08-27,31.4,34,0,7.1,25.39,0.0,33.0
2004-08-28,31.6,32,16,9.5,24.43,0.0,33.0
2004-08-29,30.7,42,4,10.7,23.18,0.0,32.0
2004-08-30,30.6,42,13,10.6,22.86,0.0,32.0
2004-08-31,30.2,46,14,10.8,21.93,0.0,31.0
2004-09-01,28.8,37,20,14.8,21.56,0.0,30.0
2004-09-02,26.8,37,54,11.7,17.73,0.0,27.0
2004-09-03,25.7,64,82,13.5,10.79,6.1,23.0
2004-09-04,26.1,74,77,14.8,12.87,6.0,30.0
2004-09-05,29.5,63,46,14.1,21.78,0.0,30.0
2004-09-06,29.1,45,6,12.4,22.77,0.0,29.0
2004-09-07,28.3,55,26,18.3,17.76,0.3,31.0
2004-09-08,29.3,64,60,21.1,18.81,0.7,30.0
2004-09-09,29.1,61,53,12.6,17.2,0.4,31.0
2004-09-10,30.6,53,42,13.1,21.9,0.0,31.0
2004-09-11,29.5,38,70,10.5,19.31,0.0,30.0
2004-09-12,29.5,49,30,14.3,20.97,0.0,31.0
2004-09-13,29.2,42,3,11.3,22.06,0.0,30.0
2004-09-14,26.6,43,57,12.9,20.64,0.0,26.1
2004-09-15,24.2,43,25,18.2,18.99,0.1,24.1
2004-09-16,25.0,40,21,16.6,21.95,0.0,26.0
2004-09-17,27.9,36,4,9.4,22.01,0.0,29.0
2004-09-18,29.3,32,18,8.9,20.75,0.0,31.4
2004-09-19,28.7,37,28,12.9,20.71,0.0,31.0
2004-09-20,28.7,48,13,10.0,20.48,0.0,31.0
2004-09-21,30.8,44,58,8.4,20.39,0.0,32.0
2004-09-22,30.5,33,37,11.8,20.78,0.0,32.2
2004-09-23,31.0,32,1,10.6,20.75,0.0,31.0
2004-09-24,31.6,29,1,17.6,20.56,0.0,32.0
2004-09-25,24.8,42,42,15.7,20.07,0.0,24.0
2004-09-26,26.3,40,20,15.2,19.75,0.0,28.0
2004-09-27,27.0,44,6,11.5,19.54,0.0,28.0
2004-09-28,27.4,42,0,9.4,19.4,0.0,28.0
2004-09-29,28.6,35,0,9.4,19.58,0.0,29.0
2004-09-30,28.8,31,2,6.5,19.27,0.0,30.0
2004-10-01,28.8,34,2,11.5,18.98,0.0,30.4
2004-10-02,29.6,35,21,11.2,18.84,0.0,30.1
2004-10-03,28.8,34,34,9.0,17.73,0.0,30.0
2004-10-04,28.9,34,10,8.8,18.38,0.0,30.0
2004-10-05,27.5,38,7,9.9,16.84,0.0,29.0
2004-10-06,27.5,36,44,17.2,16.23,0.0,27.6
2004-10-07,26.3,44,27,9.5,16.66,0.0,28.0
2004-10-08,24.8,52,46,18.8,16.64,0.3,26.0
2004-10-09,18.4,64,32,20.9,13.91,0.3,20.0
2004-10-10,16.4,58,48,25.0,8.32,0.0,17.8
2004-10-11,18.2,64,52,15.8,10.57,0.0,19.0
2004-10-12,19.7,58,41,12.8,15.06,0.0,19.6
2004-10-13,19.3,46,27,10.7,17.04,0.0,19.0
2004-10-14,18.7,50,49,19.4,13.73,0.0,18.0
2004-10-15,16.9,53,60,20.4,9.67,0.0,18.1
2004-10-16,17.4,57,50,23.9,8.67,0.0,20.0
2004-10-17,19.2,58,41,9.4,13.89,0.0,19.0
2004-10-18,17.1,55,99,16.5,7.92,0.4,16.1
2004-10-19,19.2,80,95,24.2,5.06,2.7,20.0
2004-10-20,19.7,86,79,28.6,6.24,7.9,21.2
2004-10-21,17.2,90,76,13.8,5.65,10.4,19.0
2004-10-22,19.4,82,60,14.1,9.32,0.6,21.2
2004-10-23,21.8,71,15,9.0,14.28,0.0,24.9
2004-10-24,21.7,72,42,17.8,12.63,0.0,22.0
2004-10-25,14.5,91,97,11.2,2.12,12.7,15.0
2004-10-26,15.6,70,47,10.9,13.0,0.0,16.0
2004-10-27,10.9,80,99,13.1,1.72,9.2,12.0
2004-10-28,13.8,85,74,24.5,8.32,2.5,15.0
2004-10-29,11.8,85,73,18.5,7.87,10.1,12.0
2004-10-30,13.2,79,47,14.7,10.48,0.4,13.0
2004-10-31,16.3,68,48,9.1,13.23,0.0,14.0
2004-11-01,14.1,68,37,9.7,10.7,0.3,15.0
2004-11-02,15.1,69,35,11.8,11.83,0.0,16.0
2004-11-03,16.2,71,81,10.7,11.64,0.1,12.0
2004-11-04,15.5,70,66,10.4,10.07,0.9,14.0
2004-11-05,16.5,71,51,18.2,9.5,4.1,18.0
2004-11-06,17.2,60,13,16.4,12.64,0.0,19.0
2004-11-07,16.7,66,47,10.8,11.62,0.0,18.0
2004-11-08,15.7,73,14,7.2,11.96,0.0,17.0
2004-11-09,15.1,75,27,12.1,7.93,0.0,16.0
2004-11-10,11.4,67,40,19.0,9.76,0.0,14.0
2004-11-11,10.7,60,40,21.8,7.35,0.0,12.0
2004-11-12,12.5,58,18,16.6,11.47,0.0,13.2
2004-11-13,12.5,67,30,25.9,10.07,0.0,14.0
2004-11-14,11.2,46,10,23.5,11.62,0.0,13.0
2004-11-15,11.6,55,8,18.4,11.36,0.0,14.0
2004-11-16,14.1,68,6,8.6,10.98,0.0,15.0
2004-11-17,13.6,71,0,9.2,11.23,0.0,14.0
2004-11-18,13.4,70,0,8.9,11.11,0.0,14.0
2004-11-19,14.3,71,1,5.1,11.08,0.0,14.0
2004-11-20,16.1,75,2,8.6,10.5,0.0,18.0
2004-11-21,14.7,76,6,8.4,10.59,0.0,16.0
2004-11-22,14.1,79,32,4.7,10.25,0.0,12.0
2004-11-23,14.7,79,21,8.2,10.34,0.0,15.1
2004-11-24,14.5,76,0,8.6,10.48,0.0,15.2
2004-11-25,14.1,74,3,6.4,10.3,0.0,15.1
2004-11-26,13.6,77,30,4.6,10.04,0.0,12.1
2004-11-27,12.6,80,86,6.0,8.55,0.0,14.1
2004-11-28,11.3,83,92,6.1,7.46,0.5,11.0
2004-11-29,10.5,87,91,5.1,3.05,0.7,12.0
2004-11-30,10.2,82,66,6.4,4.88,1.0,11.0
2004-12-01,8.9,93,89,22.9,1.09,19.2,11.0
2004-12-02,8.9,84,77,15.6,5.14,0.8,8.0
2004-12-03,8.5,83,81,14.3,4.82,0.5,10.0
2004-12-04,11.0,78,97,16.5,5.28,3.6,11.0
2004-12-05,10.9,72,48,12.5,7.51,0.0,12.0
2004-12-06,11.4,74,35,8.1,8.23,0.0,12.0
2004-12-07,11.2,82,48,9.0,7.6,0.0,8.7
2004-12-08,11.2,78,17,9.3,8.55,0.0,11.0
2004-12-09,11.1,81,60,8.6,8.85,0.0,12.0
2004-12-10,12.6,83,40,6.3,6.47,0.0,11.0
2004-12-11,13.7,78,18,9.8,8.81,0.0,14.0
2004-12-12,10.7,81,43,7.5,4.79,0.0,12.0
2004-12-13,11.7,83,92,11.6,3.19,0.0,14.0
2004-12-14,11.5,80,83,9.8,5.94,0.0,11.0
2004-12-15,11.9,80,63,7.3,5.85,0.0,14.0
2004-12-16,12.6,81,45,8.4,8.69,0.0,13.3
2004-12-17,12.0,82,41,9.9,7.52,0.0,15.0
2004-12-18,13.0,83,31,10.8,5.7,0.0,16.0
2004-12-19,10.3,83,35,17.6,4.67,0.0,14.4
2004-12-20,10.7,74,27,15.8,7.38,0.0,12.0
2004-12-21,8.1,74,60,11.7,5.97,0.0,8.0
2004-12-22,8.1,67,6,15.9,9.15,0.0,9.2
2004-12-23,10.9,73,6,8.0,8.05,0.0,13.0
2004-12-24,11.2,83,12,8.2,9.01,0.0,13.5
2004-12-25,7.5,78,29,15.1,4.91,0.0,8.1
2004-12-26,5.5,59,76,24.1,7.2,0.0,6.0
2004-12-27,5.9,55,22,21.6,8.8,0.0,5.1
2004-12-28,5.3,76,73,11.9,3.25,0.5,8.0
2004-12-29,8.4,74,40,20.2,6.66,0.0,10.0
2004-12-30,12.2,76,16,18.2,7.89,0.0,14.0
2004-12-31,12.3,85,11,6.6,8.36,0.0,14.0
2005-01-01,11.8,84,21,8.3,8.77,0.0,12.0
2005-01-02,12.5,78,25,10.7,8.83,0.0,14.0
2005-01-03,10.5,76,12,9.9,9.19,0.0,11.0
2005-01-04,9.2,80,8,5.0,9.46,0.0,10.0
2005-01-05,9.2,81,8,6.5,9.41,0.0,10.0
2005-01-06,11.7,75,1,8.6,9.82,0.0,15.0
2005-01-07,11.6,75,0,6.6,9.93,0.0,14.6
2005-01-08,9.4,69,2,4.5,10.13,0.0,12.1
2005-01-09,9.8,66,1,4.7,10.3,0.0,12.4
2005-01-10,8.1,64,16,7.2,10.12,0.0,10.0
2005-01-11,7.7,70,40,9.5,9.54,0.0,10.0
2005-01-12,8.3,73,51,9.2,8.3,0.1,10.0
2005-01-13,10.0,79,55,7.2,7.05,0.0,13.0
2005-01-14,12.0,84,18,4.5,9.42,0.0,14.0
2005-01-15,10.9,86,78,4.9,8.56,0.0,12.2
2005-01-16,12.9,80,83,5.2,10.22,0.0,13.2
2005-01-17,11.7,74,13,7.1,10.64,0.0,13.3
2005-01-18,10.7,77,48,16.4,8.62,0.0,15.1
2005-01-19,10.4,73,32,15.1,9.22,0.0,14.0
2005-01-20,12.9,73,13,16.5,9.91,0.0,16.1
2005-01-21,13.6,78,14,6.6,11.15,0.0,17.0
2005-01-22,12.9,73,0,7.8,11.02,0.0,16.0
2005-01-23,11.9,74,70,8.4,10.75,0.0,13.0
2005-01-24,8.3,66,45,18.4,11.48,0.0,11.0
2005-01-25,4.2,51,32,20.2,9.19,0.0,6.0
2005-01-26,2.1,50,58,26.4,10.94,0.0,2.0
2005-01-27,2.0,43,12,24.7,11.15,0.0,4.0
2005-01-28,6.2,59,25,20.6,8.96,0.0,8.0
2005-01-29,8.7,70,40,19.2,8.82,0.0,10.0
2005-01-30,7.3,52,7,15.1,12.36,0.0,10.0
2005-01-31,9.1,61,17,11.8,11.47,0.0,11.0
2005-02-01,10.3,74,18,12.3,11.06,0.0,13.0
2005-02-02,11.8,64,21,13.2,12.14,0.0,14.2
2005-02-03,11.3,58,5,12.3,12.99,0.0,13.0
2005-02-04,10.1,67,1,12.5,12.91,0.0,11.0
2005-02-05,9.5,71,30,8.6,11.65,0.0,11.0
2005-02-06,6.4,86,72,6.8,7.72,5.8,6.0
2005-02-07,6.7,86,87,16.6,5.94,5.5,7.0
2005-02-08,10.7,74,58,11.7,10.58,0.5,11.1
2005-02-09,10.8,70,29,13.5,9.8,0.0,11.0
2005-02-10,11.8,70,7,8.4,13.87,0.0,13.0
2005-02-11,13.2,68,1,10.3,14.18,0.0,14.0
2005-02-12,15.0,65,67,8.2,13.64,0.6,16.0
2005-02-13,15.2,66,8,17.7,14.44,0.0,18.0
2005-02-14,9.3,50,34,23.8,11.19,0.0,11.0
2005-02-15,8.5,58,50,22.2,10.73,0.0,9.0
2005-02-16,7.8,50,27,26.5,13.51,0.0,8.0
2005-02-17,8.6,50,11,20.7,14.91,0.0,9.1
2005-02-18,8.5,53,6,11.3,15.59,0.0,10.0
2005-02-19,9.7,65,12,13.6,13.26,0.0,12.0
2005-02-20,10.0,66,56,14.6,9.68,0.0,11.0
2005-02-21,6.0,62,42,11.7,14.89,0.0,7.0
2005-02-22,6.9,70,70,27.1,8.49,4.2,8.0
2005-02-23,6.8,77,96,8.0,10.34,1.7,4.0
2005-02-24,6.7,71,72,7.4,11.52,2.6,8.0
2005-02-25,7.2,54,16,8.3,16.34,0.1,7.4
2005-02-26,6.6,53,21,16.0,13.91,0.0,8.0
2005-02-27,9.0,51,53,21.5,16.5,0.0,8.0
2005-02-28,4.0,39,14,26.1,18.48,0.0,4.0
2005-03-01,5.9,33,3,19.0,18.55,0.0,7.0
2005-03-02,6.6,54,30,15.8,13.44,0.0,8.0
2005-03-03,7.7,64,28,12.3,15.66,0.4,9.0
2005-03-04,6.8,45,19,26.9,17.18,0.0,8.4
2005-03-05,10.7,57,17,18.9,15.31,0.0,12.0
2005-03-06,9.2,61,27,15.5,16.23,0.4,10.1
2005-03-07,8.7,49,3,17.6,19.47,0.0,11.0
2005-03-08,10.8,47,0,8.9,19.77,0.0,12.0
2005-03-09,13.5,50,34,9.1,19.84,0.0,16.0
2005-03-10,13.6,51,38,9.9,16.69,0.0,17.7
2005-03-11,13.3,53,65,10.0,13.59,0.0,18.0
2005-03-12,13.3,65,78,8.9,12.79,0.0,15.0
2005-03-13,15.2,71,46,12.2,14.57,0.0,19.0
2005-03-14,16.0,72,62,8.9,15.43,0.0,19.0
2005-03-15,20.2,59,29,7.6,19.67,0.0,21.0
2005-03-16,21.6,55,4,7.3,19.65,0.0,21.0
2005-03-17,22.5,51,27,12.5,19.83,0.0,23.0
2005-03-18,20.8,42,6,13.8,21.02,0.0,21.0
2005-03-19,20.9,51,67,12.3,18.9,0.0,20.0
2005-03-20,20.7,53,68,13.0,17.82,0.0,22.0
2005-03-21,20.6,64,98,16.2,17.02,0.8,22.0
2005-03-22,18.0,67,70,15.4,17.74,0.8,18.3
2005-03-23,14.5,70,80,16.9,8.72,3.5,18.0
2005-03-24,16.7,73,71,10.0,12.6,0.0,16.7
2005-03-25,15.6,69,82,15.5,9.79,5.3,20.0
2005-03-26,14.5,77,67,21.2,12.16,2.8,17.0
2005-03-27,14.8,63,76,18.7,13.78,0.0,15.0
2005-03-28,14.1,73,93,20.2,11.22,0.1,15.6
2005-03-29,17.4,70,62,19.2,14.72,1.9,19.0
2005-03-30,18.6,59,63,12.0,20.2,0.0,19.0
2005-03-31,22.2,59,98,6.8,20.14,0.0,23.0
2005-04-01,21.3,51,70,13.5,19.99,0.0,20.0
2005-04-02,15.0,78,92,11.7,12.45,15.9,15.0
2005-04-03,15.3,81,77,11.4,15.78,3.3,16.7
2005-04-04,16.3,76,70,8.2,16.05,1.2,18.0
2005-04-05,17.6,70,49,7.5,17.48,0.0,20.0
2005-04-06,19.7,63,94,9.6,20.75,0.0,21.0
2005-04-07,19.3,59,74,14.2,22.56,0.0,22.0
2005-04-08,13.2,69,47,22.3,11.99,1.4,18.0
2005-04-09,11.6,44,27,25.8,19.63,0.0,11.0
2005-04-10,13.6,47,5,21.2,23.67,0.0,14.1
2005-04-11,15.3,54,29,20.2,22.11,0.0,16.0
2005-04-12,17.7,54,25,17.3,23.48,0.0,21.0
2005-04-13,18.3,57,11,12.4,23.57,0.0,22.0
2005-04-14,17.0,61,39,22.9,21.33,0.8,20.0
2005-04-15,13.6,58,40,17.5,22.05,0.2,13.0
2005-04-16,13.4,49,37,20.8,20.18,0.0,14.0
2005-04-17,16.5,61,87,18.2,11.92,0.0,18.0
2005-04-18,15.3,66,68,21.9,13.77,1.1,18.0
2005-04-19,15.8,52,55,21.3,20.03,0.3,17.0
2005-04-20,17.2,59,80,16.0,16.78,0.0,19.0
2005-04-21,21.1,63,90,11.2,19.66,0.4,23.0
2005-04-22,21.8,55,33,16.9,25.02,0.0,23.3
2005-04-23,18.8,57,65,16.5,23.28,0.0,20.6
2005-04-24,16.7,60,58,21.6,20.11,0.0,19.0
2005-04-25,19.3,55,10,9.0,27.39,0.0,21.0
2005-04-26,22.1,42,1,12.3,27.97,0.0,24.2
2005-04-27,25.1,44,2,11.2,28.0,0.0,27.0
2005-04-28,27.3,36,4,9.7,27.75,0.0,28.0
2005-04-29,28.8,34,34,14.7,27.19,0.0,30.0
2005-04-30,27.3,35,40,15.3,25.31,0.0,28.1
2005-05-01,27.2,42,79,19.8,24.08,0.0,28.0
2005-05-02,25.0,38,76,20.9,25.89,0.0,26.0
2005-05-03,24.3,38,68,9.7,26.77,0.0,24.0
2005-05-04,25.0,37,77,22.5,25.7,0.0,26.0
2005-05-05,21.9,40,22,18.6,27.82,0.0,23.0
2005-05-06,24.7,36,1,15.6,29.67,0.0,26.0
2005-05-07,26.7,32,21,14.8,27.57,0.0,28.0
2005-05-08,25.7,36,47,19.2,26.18,0.0,28.0
2005-05-09,25.2,42,72,23.1,22.26,0.6,27.0
2005-05-10,22.1,49,70,21.3,20.83,0.0,23.0
2005-05-11,21.1,54,63,12.8,18.71,1.0,24.0
2005-05-12,20.1,67,51,14.0,18.03,0.9,21.0
2005-05-13,19.5,64,71,20.7,16.23,0.2,19.3
2005-05-14,20.8,50,24,15.5,27.73,0.0,21.0
2005-05-15,21.2,44,46,18.6,25.88,0.0,22.0
2005-05-16,18.3,53,50,18.2,22.91,1.3,17.0
2005-05-17,19.5,54,70,22.8,25.57,4.3,20.0
2005-05-18,22.8,49,16,9.4,29.56,0.0,24.3
2005-05-19,26.6,40,29,11.4,30.21,0.0,29.0
2005-05-20,28.5,34,38,16.8,29.55,0.0,31.0
2005-05-21,26.5,39,89,19.4,23.0,0.0,26.0
2005-05-22,22.1,45,10,15.0,27.49,0.0,23.0
2005-05-23,25.3,36,30,12.7,30.37,0.0,25.0
2005-05-24,28.8,38,16,10.9,30.43,0.0,30.0
2005-05-25,31.2,30,24,13.4,30.57,0.0,33.0
2005-05-26,33.1,28,9,14.1,30.03,0.0,35.0
2005-05-27,31.2,27,0,16.3,30.0,0.0,32.0
2005-05-28,32.5,31,44,20.7,28.86,0.0,33.0
2005-05-29,23.8,44,87,13.0,11.64,0.8,25.0
2005-05-30,22.4,66,98,17.4,15.09,3.1,24.0
2005-05-31,25.7,53,87,16.7,21.46,0.8,26.0
2005-06-01,26.7,49,32,14.2,26.07,0.2,28.2
2005-06-02,27.9,49,25,10.2,25.56,0.0,30.6
2005-06-03,30.3,38,45,11.4,26.78,0.0,32.6
2005-06-04,31.4,49,57,15.1,25.48,0.0,34.0
2005-06-05,32.1,38,28,19.6,29.62,0.0,34.7
2005-06-06,32.6,26,1,23.5,30.64,0.0,35.1
2005-06-07,31.6,28,2,18.9,30.96,0.0,33.0
2005-06-08,32.5,31,1,14.1,30.9,0.0,34.1
2005-06-09,32.4,28,4,16.8,31.12,0.0,34.3
2005-06-10,31.7,26,37,19.7,28.45,0.1,32.5
2005-06-11,31.1,39,42,20.6,27.88,0.0,33.9
2005-06-12,29.7,31,37,17.8,28.16,0.1,31.2
2005-06-13,26.7,39,29,21.3,27.88,0.0,25.0
2005-06-14,25.3,42,45,14.3,20.1,0.0,28.0
2005-06-15,29.4,37,58,10.8,29.73,0.0,32.4
2005-06-16,32.8,36,14,10.6,29.62,0.0,34.4
2005-06-17,33.9,36,10,18.4,28.95,0.0,36.8
2005-06-18,33.1,37,7,14.3,29.99,0.0,35.6
2005-06-19,34.4,33,50,11.5,28.75,0.0,37.4
2005-06-20,34.8,38,71,18.7,27.87,0.0,36.0
2005-06-21,33.9,40,71,12.5,28.13,0.0,36.5
2005-06-22,34.2,40,72,19.3,24.37,0.6,37.0
2005-06-23,31.7,45,88,10.6,24.46,0.8,29.0
2005-06-24,31.4,48,30,15.1,28.8,0.0,32.9
2005-06-25,31.2,39,19,14.3,30.09,0.0,33.5
2005-06-26,32.9,34,26,14.1,29.16,0.0,34.6
2005-06-27,33.2,38,55,26.3,27.12,0.2,36.0
2005-06-28,29.8,33,9,19.3,29.67,0.0,31.0
2005-06-29,29.2,34,1,9.1,30.5,0.0,29.7
2005-06-30,31.0,36,17,9.9,30.42,0.0,32.4
2005-07-01,31.8,38,0,15.3,30.19,0.0,34.0
2005-07-02,34.7,32,2,20.6,29.72,0.0,36.6
2005-07-03,36.2,27,2,13.6,30.45,0.0,38.7
2005-07-04,30.4,37,14,18.1,24.35,2.1,35.4
2005-07-05,31.6,34,6,17.1,30.1,0.0,33.1
2005-07-06,32.6,32,1,20.9,29.37,0.0,35.0
2005-07-07,30.9,39,23,24.2,26.27,0.0,35.6
2005-07-08,29.2,39,38,22.0,25.53,0.0,33.7
2005-07-09,29.6,41,46,18.3,23.47,0.4,34.0
2005-07-10,30.3,28,6,22.0,30.34,0.0,31.4
2005-07-11,32.8,31,1,17.6,30.39,0.0,34.0
2005-07-12,34.6,29,0,16.0,29.82,0.0,36.5
2005-07-13,34.9,27,8,18.1,28.99,0.0,37.1
2005-07-14,36.7,29,2,12.0,29.3,0.0,37.9
2005-07-15,36.4,25,5,16.1,29.7,0.0,38.0
2005-07-16,36.1,18,0,19.9,30.51,0.0,37.6
2005-07-17,33.6,15,4,20.7,30.49,0.0,34.3
2005-07-18,30.9,31,0,14.0,30.02,0.0,31.5
2005-07-19,33.9,31,0,17.0,30.0,0.0,35.6
2005-07-20,35.7,25,3,16.1,29.74,0.0,39.1
2005-07-21,36.4,19,1,17.3,30.12,0.0,39.1
2005-07-22,35.5,21,12,13.5,29.47,0.0,37.5
2005-07-23,34.6,28,41,17.8,28.75,0.0,36.7
2005-07-24,33.8,28,12,17.3,29.26,0.0,35.1
2005-07-25,32.0,34,44,18.6,27.89,0.0,33.1
2005-07-26,32.2,35,17,13.8,28.4,0.0,31.0
2005-07-27,29.4,40,39,20.4,25.6,0.0,30.9
2005-07-28,28.3,43,31,17.9,24.98,0.4,29.4
2005-07-29,28.9,35,4,14.4,28.68,0.0,29.4
2005-07-30,29.8,31,7,12.5,29.15,0.0,30.8
2005-07-31,31.1,34,16,23.0,25.95,0.0,33.0
2005-08-01,25.7,56,56,20.4,18.97,0.4,32.3
2005-08-02,27.9,39,2,20.7,29.22,0.0,28.0
2005-08-03,30.9,30,0,17.8,29.22,0.0,32.7
2005-08-04,33.2,28,0,17.8,28.82,0.0,36.1
2005-08-05,35.3,22,0,14.8,28.61,0.0,36.0
2005-08-06,36.3,19,0,16.1,28.98,0.0,38.9
2005-08-07,38.6,23,26,16.0,27.49,0.0,40.6
2005-08-08,36.5,20,78,20.7,24.63,0.0,37.6
2005-08-09,34.4,18,57,18.3,25.97,0.0,36.0
2005-08-10,26.1,48,72,16.9,18.33,5.9,27.0
2005-08-11,29.9,54,17,15.6,25.65,0.0,31.1
2005-08-12,31.6,32,9,17.1,27.24,0.0,33.5
2005-08-13,33.4,29,6,12.0,26.63,0.0,35.0
2005-08-14,35.2,26,15,12.0,26.83,0.0,37.5
2005-08-15,35.4,26,7,20.6,26.72,0.0,38.8
2005-08-16,34.3,31,19,20.1,25.19,0.0,32.2
2005-08-17,34.1,29,10,15.2,25.92,0.0,34.8
2005-08-18,33.5,37,27,9.4,23.66,0.0,35.1
2005-08-19,29.3,35,77,20.7,19.26,0.0,31.3
2005-08-20,28.1,36,9,20.7,26.52,0.0,28.0
2005-08-21,24.8,39,9,17.1,24.93,0.0,25.8
2005-08-22,28.4,38,0,14.4,26.49,0.0,29.8
2005-08-23,30.1,36,0,11.6,25.83,0.0,31.2
2005-08-24,31.8,33,1,12.3,25.59,0.0,33.4
2005-08-25,33.9,30,2,11.1,25.67,0.0,35.2
2005-08-26,32.0,38,17,14.7,23.63,0.0,34.4
2005-08-27,32.9,36,54,13.5,22.3,0.0,34.0
2005-08-28,32.7,41,4,15.7,23.14,0.0,34.4
2005-08-29,33.0,47,6,11.3,23.7,0.0,34.9
2005-08-30,33.1,49,3,13.3,23.69,0.0,35.8
2005-08-31,32.7,44,26,15.1,21.07,0.0,33.7
2005-09-01,32.0,47,19,16.6,22.37,0.0,32.9
2005-09-02,31.1,51,10,14.0,21.68,0.0,33.9
2005-09-03,33.5,40,8,12.2,22.87,0.0,34.4
2005-09-04,33.9,29,47,12.7,17.79,0.0,34.4
2005-09-05,30.2,30,23,16.2,22.45,0.0,29.2
2005-09-06,24.5,45,52,16.6,16.79,1.3,24.0
2005-09-07,21.6,66,66,16.6,17.12,4.1,21.6
2005-09-08,23.4,58,67,8.7,11.64,0.0,26.0
2005-09-09,26.5,52,8,18.4,21.89,0.0,28.1
2005-09-10,24.7,48,18,16.3,22.64,0.0,24.0
2005-09-11,21.5,48,29,12.6,15.35,0.1,23.0
2005-09-12,24.5,49,17,14.1,20.97,0.0,24.6
2005-09-13,24.9,49,21,14.0,17.39,0.0,26.0
2005-09-14,27.5,49,7,7.1,21.45,0.0,29.0
2005-09-15,29.8,40,0,8.6,21.82,0.0,31.1
2005-09-16,30.1,38,30,14.8,19.34,0.1,31.2
2005-09-17,22.3,50,53,23.5,18.59,2.3,22.0
2005-09-18,21.0,39,1,21.0,22.13,0.0,22.0
2005-09-19,24.3,29,0,9.7,22.18,0.0,24.6
2005-09-20,27.4,32,0,6.3,21.78,0.0,28.1
2005-09-21,27.7,28,0,10.2,21.68,0.0,29.6
2005-09-22,28.9,25,0,9.3,21.33,0.0,30.0
2005-09-23,28.7,26,67,9.7,16.89,0.0,30.1
2005-09-24,28.5,35,31,9.2,19.77,0.0,29.3
2005-09-25,25.7,48,52,20.5,16.08,0.0,27.6
2005-09-26,24.4,50,17,13.9,20.13,0.0,25.2
2005-09-27,25.4,49,90,8.1,18.84,0.0,26.2
2005-09-28,26.5,48,23,9.2,19.27,0.0,28.3
2005-09-29,27.3,41,60,13.0,18.11,0.0,28.9
2005-09-30,27.7,39,22,15.8,19.02,0.0,29.7
2005-10-01,29.4,41,6,22.9,18.34,0.0,31.2
2005-10-02,21.8,45,3,21.4,18.99,0.0,22.0
2005-10-03,21.3,40,10,20.0,18.96,0.0,22.0
2005-10-04,23.6,37,1,12.0,18.89,0.0,24.3
2005-10-05,24.3,34,2,8.0,18.8,0.0,25.7
2005-10-06,23.7,43,7,11.1,18.06,0.0,26.1
2005-10-07,22.8,57,21,9.5,15.55,0.0,25.6
2005-10-08,24.7,50,44,9.0,16.77,0.0,23.0
2005-10-09,25.7,45,73,10.8,16.14,0.0,25.4
2005-10-10,24.2,58,93,16.1,13.17,1.0,22.0
2005-10-11,23.1,66,87,7.6,11.93,1.0,21.8
2005-10-12,20.6,80,78,20.4,12.3,13.6,21.0
2005-10-13,14.8,77,72,12.6,10.98,12.2,15.6
2005-10-14,14.5,71,70,7.6,10.77,0.6,15.4
2005-10-15,15.4,64,30,7.7,11.73,0.0,17.8
2005-10-16,19.5,61,74,8.7,15.57,0.0,20.6
2005-10-17,18.9,63,99,7.3,7.19,0.0,18.0
2005-10-18,19.3,72,78,11.0,12.06,2.0,20.2
2005-10-19,19.9,64,25,10.4,15.62,0.0,19.8
2005-10-20,18.6,62,79,12.2,12.91,0.4,18.1
2005-10-21,19.0,75,68,14.8,10.31,0.1,16.0
2005-10-22,16.8,83,80,15.7,6.47,5.5,17.0
2005-10-23,19.3,73,47,6.8,12.9,7.1,19.0
2005-10-24,19.0,67,46,8.2,14.13,0.0,20.0
2005-10-25,19.7,65,83,4.8,12.82,0.0,19.1
2005-10-26,19.5,73,35,11.8,13.72,0.0,21.5
2005-10-27,21.2,70,49,17.3,12.48,0.0,23.5
2005-10-28,16.7,89,97,18.1,2.81,17.6,19.0
2005-10-29,18.5,86,82,15.1,6.7,0.9,20.6
2005-10-30,19.5,83,79,14.1,8.37,6.1,21.7
2005-10-31,15.8,81,62,17.7,8.29,11.2,16.3
2005-11-01,16.2,80,71,13.6,8.05,0.0,17.0
2005-11-02,17.6,78,80,8.6,11.6,0.0,18.4
2005-11-03,17.4,74,56,9.1,11.17,0.0,16.0
2005-11-04,14.3,66,36,11.8,11.79,0.1,15.0
2005-11-05,14.9,64,2,10.7,12.79,0.0,14.9
2005-11-06,14.8,68,7,7.0,12.91,0.0,15.7
2005-11-07,16.4,61,73,4.2,12.5,0.0,16.8
2005-11-08,14.7,67,16,12.2,12.44,0.0,16.9
2005-11-09,12.3,67,34,19.0,10.74,2.5,13.0
2005-11-10,13.4,54,23,22.5,10.33,0.0,16.0
2005-11-11,12.1,57,43,11.6,7.06,0.2,16.0
2005-11-12,12.2,77,80,12.4,7.86,3.0,12.0
2005-11-13,7.7,89,98,12.0,3.89,15.2,7.0
2005-11-14,8.2,90,92,14.6,1.43,16.7,8.0
2005-11-15,8.3,90,97,6.6,3.67,13.2,7.5
2005-11-16,12.1,81,60,9.1,6.18,0.0,9.0
2005-11-17,12.4,80,54,7.8,7.35,0.0,10.0
2005-11-18,11.8,81,62,7.6,9.22,0.0,11.3
2005-11-19,14.3,76,90,10.0,8.16,0.0,13.0
2005-11-20,11.8,79,99,14.3,3.79,0.1,12.3
2005-11-21,13.4,80,96,10.3,5.39,0.0,13.5
2005-11-22,14.8,82,77,6.8,6.26,0.5,16.5
2005-11-23,12.9,61,32,13.8,7.75,0.0,13.8
2005-11-24,9.2,69,10,16.6,9.21,0.0,11.0
2005-11-25,10.0,70,66,17.4,7.83,0.4,10.0
2005-11-26,6.5,66,41,17.0,9.57,0.5,7.0
2005-11-27,7.1,72,36,15.8,8.14,0.0,8.0
2005-11-28,6.9,81,51,14.2,5.66,0.1,8.0
2005-11-29,8.7,76,56,9.1,7.54,0.0,8.0
2005-11-30,9.1,76,0,7.3,9.64,0.0,11.2
2005-12-01,8.7,74,68,20.3,9.33,0.0,10.0
2005-12-02,9.2,90,91,26.1,2.34,16.1,11.2
2005-12-03,10.7,78,51,18.4,7.19,2.2,12.1
2005-12-04,10.7,87,87,20.4,3.38,0.0,12.4
2005-12-05,10.4,72,50,19.4,6.94,1.4,12.3
2005-12-06,10.2,70,20,7.7,8.76,0.0,11.4
2005-12-07,10.7,76,40,7.0,8.67,0.0,12.0
2005-12-08,12.7,75,92,6.2,8.47,0.0,11.7
2005-12-09,11.9,73,26,17.3,7.28,0.0,14.0
2005-12-10,10.1,65,2,10.2,9.64,0.0,12.5
2005-12-11,8.8,70,1,7.6,9.53,0.0,10.1
2005-12-12,7.8,73,17,10.7,8.28,0.0,9.6
2005-12-13,9.4,73,50,15.7,7.47,0.0,11.0
2005-12-14,8.9,63,49,14.3,8.14,0.0,11.2
2005-12-15,8.2,68,13,11.6,8.95,0.0,9.0
2005-12-16,7.7,73,3,8.4,9.29,0.0,8.8
2005-12-17,9.1,82,29,13.9,5.66,0.0,13.0
2005-12-18,9.3,80,8,8.9,8.56,0.0,10.8
2005-12-19,6.8,85,55,7.6,4.19,0.0,9.4
2005-12-20,9.5,82,80,9.2,5.14,0.0,9.4
2005-12-21,9.3,80,27,8.7,8.68,0.0,10.8
2005-12-22,9.6,63,0,7.0,9.45,0.0,11.7
2005-12-23,8.5,57,0,5.2,9.41,0.0,10.7
2005-12-24,7.3,70,39,7.4,8.49,0.0,9.0
2005-12-25,7.7,83,51,5.0,7.52,0.0,8.3
2005-12-26,6.7,94,96,7.1,3.35,2.3,6.0
2005-12-27,9.2,84,73,21.1,5.06,0.8,10.0
2005-12-28,6.2,68,49,11.4,7.92,0.0,7.0
2005-12-29,7.2,65,75,12.5,4.59,1.7,9.4
2005-12-30,12.3,87,96,14.4,5.04,0.8,15.7
2005-12-31,10.1,86,94,19.2,3.86,0.1,
2006-01-01,8.9,70,34,15.4,7.51,0.9,11.0
2006-01-02,9.8,76,35,14.3,6.35,0.0,12.0
2006-01-03,8.7,73,26,17.7,6.5,0.0,11.0
2006-01-04,10.6,75,34,13.2,7.98,0.0,12.7
2006-01-05,9.1,80,64,10.7,5.75,0.0,10.9
2006-01-06,6.3,95,100,11.9,2.02,10.2,7.0
2006-01-07,7.3,91,99,12.8,3.1,15.2,8.0
2006-01-08,8.6,85,82,8.0,4.03,0.0,9.0
2006-01-09,7.5,91,82,8.3,4.71,5.3,8.3
2006-01-10,9.0,80,76,13.2,4.95,1.1,8.0
2006-01-11,9.0,81,54,7.7,7.32,0.0,11.3
2006-01-12,10.1,81,14,5.7,9.92,0.0,11.5
2006-01-13,8.5,82,47,6.5,9.46,0.0,9.9
2006-01-14,6.5,85,96,5.5,3.96,0.0,7.1
2006-01-15,7.0,83,93,18.1,5.26,1.1,8.4
2006-01-16,6.1,88,96,9.5,3.21,10.8,5.0
2006-01-17,9.3,83,76,10.0,7.67,0.0,10.2
2006-01-18,11.0,81,36,13.9,6.84,0.0,14.0
2006-01-19,13.7,82,23,10.1,9.96,0.0,16.2
2006-01-20,11.3,88,40,7.8,8.8,0.0,11.0
2006-01-21,10.8,87,56,7.7,8.57,0.0,8.0
2006-01-22,10.7,81,19,7.9,10.66,0.0,10.2
2006-01-23,9.1,81,23,7.0,9.69,0.0,12.0
2006-01-24,8.3,82,45,9.2,9.38,0.0,8.6
2006-01-25,7.1,75,99,9.7,8.88,0.0,6.9
2006-01-26,7.7,72,76,7.9,11.0,0.0,8.5
2006-01-27,5.5,62,35,16.5,11.66,0.0,6.0
2006-01-28,4.5,51,15,16.4,11.57,0.0,5.0
2006-01-29,3.2,59,94,9.1,7.28,0.2,2.3
2006-01-30,5.8,68,51,10.6,6.31,0.1,5.0
2006-01-31,11.3,75,22,6.3,11.73,0.0,12.8
2006-02-01,12.3,79,7,9.4,12.1,0.0,13.2
2006-02-02,12.1,76,47,6.9,12.19,0.0,14.1
2006-02-03,12.4,80,84,6.8,10.34,0.0,15.9
2006-02-04,9.4,72,8,10.5,12.54,0.0,10.3
2006-02-05,9.1,67,10,10.5,12.62,0.0,11.2
2006-02-06,10.9,63,1,9.0,13.54,0.0,13.9
2006-02-07,11.6,65,0,4.6,13.69,0.0,14.1
2006-02-08,12.4,67,0,11.1,13.9,0.0,15.1
2006-02-09,12.1,69,16,6.9,14.17,0.0,15.4
2006-02-10,11.3,73,69,8.8,8.88,0.0,13.0
2006-02-11,12.9,69,39,5.6,11.3,0.1,16.0
2006-02-12,12.6,69,33,10.4,12.61,0.0,15.8
2006-02-13,15.3,68,7,10.4,14.42,0.0,17.7
2006-02-14,15.0,68,49,10.7,14.48,0.0,16.9
2006-02-15,13.4,75,81,11.6,10.56,0.0,14.2
2006-02-16,9.0,87,81,23.3,3.02,0.1,11.2
2006-02-17,10.0,73,58,21.7,8.03,0.0,12.2
2006-02-18,11.1,73,77,26.2,11.15,1.0,12.0
2006-02-19,9.5,70,72,32.1,10.72,7.5,10.0
2006-02-20,8.5,72,74,15.6,11.55,1.2,9.0
2006-02-21,6.8,76,80,12.8,9.23,4.1,8.0
2006-02-22,6.9,67,89,11.4,10.52,0.2,7.7
2006-02-23,6.2,74,82,8.0,9.26,6.4,5.0
2006-02-24,7.6,66,31,13.1,13.4,0.3,9.1
2006-02-25,7.1,80,84,23.5,8.45,6.3,7.4
2006-02-26,4.9,87,90,15.3,10.11,19.3,6.3
2006-02-27,9.4,68,32,15.6,16.52,0.4,12.6
2006-02-28,11.4,62,0,10.8,17.99,0.0,12.0
2006-03-01,10.8,56,4,11.3,18.15,0.0,11.1
2006-03-02,10.9,61,34,14.7,17.9,0.0,12.0
2006-03-03,11.4,74,89,21.5,11.7,0.0,11.1
2006-03-04,9.5,91,94,31.8,2.83,8.1,12.0
2006-03-05,7.2,62,55,32.7,16.07,2.8,8.0
2006-03-06,10.5,60,35,14.5,15.02,0.0,12.5
2006-03-07,13.8,72,53,11.8,8.16,0.0,15.4
2006-03-08,17.7,77,46,8.3,17.47,0.0,20.6
2006-03-09,17.0,74,58,18.9,15.4,0.0,16.8
2006-03-10,12.7,65,58,18.8,16.43,0.0,13.7
2006-03-11,16.0,63,52,23.8,13.63,0.0,18.6
2006-03-12,17.3,67,54,11.2,18.46,0.0,18.8
2006-03-13,20.1,65,54,9.0,19.93,0.0,23.6
2006-03-14,19.5,59,56,9.4,19.93,0.0,22.5
2006-03-15,19.7,56,0,10.1,20.45,0.0,22.1
2006-03-16,18.8,60,34,11.4,19.9,0.0,19.7
2006-03-17,16.8,71,91,17.0,13.15,2.6,15.3
2006-03-18,13.4,88,97,15.5,9.23,15.2,14.7
2006-03-19,12.2,84,74,17.7,15.4,6.8,14.0
2006-03-20,12.7,79,88,16.3,13.46,1.9,14.2
2006-03-21,13.0,78,78,13.6,14.4,1.5,14.7
2006-03-22,13.0,70,50,17.7,16.28,0.4,13.6
2006-03-23,12.5,79,98,27.0,6.38,2.5,14.0
2006-03-24,15.4,78,71,27.4,12.82,0.6,16.7
2006-03-25,17.3,77,60,11.5,18.19,0.0,18.0
2006-03-26,20.6,68,77,15.5,19.37,0.0,22.0
2006-03-27,16.8,73,67,19.1,13.66,0.0,19.1
2006-03-28,15.9,66,14,14.0,22.31,0.0,17.0
2006-03-29,17.1,67,57,13.3,19.86,0.0,18.6
2006-03-30,19.5,77,90,13.8,17.35,0.0,20.6
2006-03-31,21.2,69,61,15.1,21.81,0.0,22.7
2006-04-01,19.1,63,91,14.6,18.49,0.0,20.6
2006-04-02,19.4,61,37,9.0,23.35,0.0,21.4
2006-04-03,21.1,56,91,9.3,17.49,0.0,20.8
2006-04-04,23.4,56,37,25.7,22.38,0.2,26.0
2006-04-05,16.4,63,32,18.6,19.88,1.3,17.4
2006-04-06,15.1,81,77,17.9,14.83,4.2,16.5
2006-04-07,16.0,76,67,11.2,13.51,0.4,17.3
2006-04-08,18.5,67,44,8.2,20.74,0.0,20.4
2006-04-09,20.3,61,67,13.3,21.07,0.0,22.7
2006-04-10,15.0,65,75,18.0,17.34,0.0,16.8
2006-04-11,17.0,42,8,20.2,25.78,0.0,18.8
2006-04-12,19.3,50,1,13.2,25.89,0.0,21.6
2006-04-13,20.2,48,0,13.8,26.22,0.0,23.0
2006-04-14,21.9,59,78,17.0,19.6,2.8,22.3
2006-04-15,17.1,72,60,20.0,15.12,12.0,19.9
2006-04-16,16.6,66,90,11.6,17.0,0.0,18.8
2006-04-17,14.2,74,56,14.0,13.94,4.4,15.6
2006-04-18,17.5,62,43,11.2,26.03,0.0,19.8
2006-04-19,18.8,59,66,9.7,23.68,0.0,21.5
2006-04-20,19.1,61,46,14.1,19.82,0.0,21.2
2006-04-21,16.3,77,72,20.2,11.13,4.6,18.1
2006-04-22,18.1,79,52,14.9,18.83,6.0,18.1
2006-04-23,20.3,65,93,13.3,15.34,0.0,19.0
2006-04-24,24.1,56,51,16.1,25.56,0.0,26.1
2006-04-25,24.1,49,19,8.7,25.99,0.0,26.9
2006-04-26,24.2,58,5,9.7,26.97,0.0,26.3
2006-04-27,23.5,53,17,20.5,25.77,0.0,27.8
2006-04-28,19.8,50,4,20.4,27.64,0.0,22.5
2006-04-29,19.7,49,1,15.5,28.39,0.0,22.3
2006-04-30,21.0,45,0,11.0,28.91,0.0,24.4
2006-05-01,23.3,47,15,13.6,26.9,0.0,26.5
2006-05-02,25.6,43,26,13.4,26.29,0.0,28.0
2006-05-03,20.2,57,97,13.2,15.18,5.5,19.4
2006-05-04,19.0,70,93,10.0,16.77,3.1,20.7
2006-05-05,20.2,77,84,12.3,19.66,5.9,20.0
2006-05-06,20.1,61,57,9.4,18.68,0.2,25.0
2006-05-07,20.3,58,42,19.0,22.13,0.0,23.0
2006-05-08,19.3,50,65,10.5,27.82,0.0,22.3
2006-05-09,21.8,40,36,11.7,28.23,0.0,24.9
2006-05-10,24.4,50,48,7.4,27.66,0.2,28.1
2006-05-11,24.6,59,86,14.1,21.62,2.3,27.4
2006-05-12,24.4,66,62,9.1,24.89,1.7,26.9
2006-05-13,25.8,56,88,8.9,26.06,0.0,28.8
2006-05-14,26.9,56,78,10.0,24.56,0.0,30.0
2006-05-15,28.5,50,67,9.9,27.04,0.0,31.6
2006-05-16,30.0,41,41,12.0,28.2,0.0,33.3
2006-05-17,33.0,40,92,17.4,26.41,0.8,36.0
2006-05-18,28.1,47,97,16.5,21.79,0.0,29.7
2006-05-19,26.2,39,21,10.9,30.29,0.0,29.2
2006-05-20,25.4,38,79,15.8,26.51,0.0,27.5
2006-05-21,25.3,40,91,23.4,27.29,0.0,28.1
2006-05-22,21.8,38,54,17.4,26.32,0.0,22.7
2006-05-23,19.7,37,54,13.4,27.0,0.0,22.3
2006-05-24,22.6,34,13,14.0,30.95,0.0,25.1
2006-05-25,26.8,36,44,12.0,29.05,0.0,28.7
2006-05-26,26.3,43,47,12.1,26.25,0.0,28.0
2006-05-27,30.8,38,14,9.5,29.71,0.0,34.1
2006-05-28,31.7,35,2,11.0,28.74,0.0,34.7
2006-05-29,32.4,39,30,13.7,26.63,0.3,35.1
2006-05-30,27.5,37,14,17.7,28.96,0.0,29.9
2006-05-31,22.9,25,8,21.7,31.57,0.0,24.3
2006-06-01,22.9,32,19,22.8,30.83,0.0,25.8
2006-06-02,27.0,33,0,17.1,30.97,0.0,29.4
2006-06-03,26.4,30,0,16.8,31.34,0.0,28.0
2006-06-04,27.3,28,0,16.6,31.22,0.0,29.6
2006-06-05,29.9,26,0,8.4,31.35,0.0,32.8
2006-06-06,32.0,23,26,10.7,31.46,0.0,35.1
2006-06-07,33.7,26,80,11.2,28.13,0.0,36.3
2006-06-08,34.2,26,18,16.5,29.39,0.0,37.2
2006-06-09,30.6,39,62,21.6,22.9,7.0,29.1
2006-06-10,25.1,67,61,9.7,22.89,8.1,29.7
2006-06-11,29.3,50,12,9.2,29.42,0.0,32.9
2006-06-12,28.9,39,3,17.6,30.83,0.0,31.0
2006-06-13,29.1,39,60,14.3,27.68,0.0,30.6
2006-06-14,29.8,40,51,16.8,28.1,0.2,31.1
2006-06-15,27.1,58,69,17.9,23.02,3.9,29.0
2006-06-16,25.7,62,52,12.9,25.56,1.9,27.9
2006-06-17,25.0,61,42,8.0,23.77,2.0,27.0
2006-06-18,25.8,63,19,5.9,25.49,0.2,29.9
2006-06-19,29.8,48,12,10.0,28.75,0.1,33.2
2006-06-20,28.1,55,64,8.9,24.84,1.2,31.1
2006-06-21,30.7,52,28,10.7,26.87,0.0,33.7
2006-06-22,33.5,36,10,11.5,29.71,0.0,35.8
2006-06-23,34.8,37,23,16.0,27.59,0.3,37.5
2006-06-24,29.6,40,48,21.4,23.03,2.1,33.0
2006-06-25,29.1,42,18,14.8,27.77,0.0,30.0
2006-06-26,29.4,42,0,13.0,30.71,0.0,31.7
2006-06-27,30.9,32,18,11.5,29.85,0.0,32.7
2006-06-28,29.8,35,32,8.6,25.41,0.1,32.4
2006-06-29,31.2,38,10,10.6,28.38,0.0,33.3
2006-06-30,33.8,34,14,11.2,28.09,0.0,35.6
2006-07-01,32.4,30,18,12.9,30.2,0.0,34.0
2006-07-02,31.3,28,25,13.9,30.75,0.0,33.8
2006-07-03,29.7,33,2,13.4,30.09,0.0,31.7
2006-07-04,29.3,27,8,18.2,30.62,0.0,31.0
2006-07-05,28.8,34,8,11.6,27.95,0.0,31.0
2006-07-06,30.7,40,27,13.9,27.89,0.0,32.6
2006-07-07,31.8,36,4,17.1,30.0,0.0,34.1
2006-07-08,34.1,34,7,14.8,29.41,0.0,36.1
2006-07-09,36.2,27,14,8.6,30.21,0.0,38.6
2006-07-10,37.7,27,34,14.8,29.78,0.0,39.8
2006-07-11,35.4,25,68,12.3,19.36,0.0,38.5
2006-07-12,35.0,35,58,17.3,23.49,1.3,35.7
2006-07-13,34.2,36,57,20.4,24.33,0.2,37.0
2006-07-14,33.7,39,24,8.9,26.91,0.0,35.6
2006-07-15,34.3,35,17,8.4,28.68,0.0,36.1
2006-07-16,34.4,35,18,9.1,27.26,0.0,37.4
2006-07-17,35.4,35,36,11.0,26.84,0.0,36.5
2006-07-18,36.0,43,41,27.5,23.46,0.0,36.8
2006-07-19,31.4,49,32,18.3,22.71,1.5,34.9
2006-07-20,33.4,41,11,11.8,27.93,0.0,35.8
2006-07-21,34.8,38,8,15.6,28.79,0.0,37.0
2006-07-22,34.1,30,0,10.4,29.58,0.0,36.0
2006-07-23,35.2,32,0,13.3,29.74,0.0,37.2
2006-07-24,35.2,31,1,10.0,29.24,0.0,37.3
2006-07-25,34.9,25,1,11.9,28.89,0.0,36.8
2006-07-26,35.2,24,9,14.9,28.9,0.0,37.2
2006-07-27,31.2,24,50,21.0,25.55,0.1,33.6
2006-07-28,31.8,41,4,10.9,27.63,0.0,33.0
2006-07-29,34.0,32,2,12.7,28.85,0.0,35.7
2006-07-30,35.7,24,4,15.5,28.64,0.0,37.6
2006-07-31,35.2,29,8,14.6,28.25,0.0,36.1
2006-08-01,34.6,31,4,8.4,28.21,0.0,36.5
2006-08-02,34.8,38,13,16.4,26.32,0.0,37.1
2006-08-03,33.0,34,20,23.9,26.06,0.3,35.4
2006-08-04,30.8,35,0,20.6,28.59,0.0,32.7
2006-08-05,32.6,30,0,17.1,28.61,0.0,34.3
2006-08-06,32.2,28,0,17.9,28.61,0.0,33.9
2006-08-07,32.8,29,3,14.8,27.86,0.0,34.8
2006-08-08,31.0,34,1,21.0,28.08,0.0,31.7
2006-08-09,31.3,35,0,21.8,27.95,0.0,33.9
2006-08-10,32.8,24,8,14.8,27.95,0.0,35.7
2006-08-11,33.9,30,3,17.8,27.69,0.0,36.3
2006-08-12,33.1,23,0,20.2,27.89,0.0,35.6
2006-08-13,30.1,29,19,18.0,28.41,0.0,31.5
2006-08-14,31.6,26,72,16.8,25.92,0.0,33.1
2006-08-15,29.4,28,44,21.7,26.46,0.0,29.7
2006-08-16,22.3,45,39,25.6,18.81,0.0,25.0
2006-08-17,22.4,61,65,20.9,15.4,6.0,23.4
2006-08-18,21.2,53,52,20.2,17.57,0.5,24.1
2006-08-19,24.2,55,34,6.6,21.78,0.0,25.9
2006-08-20,28.3,39,0,12.0,26.5,0.0,30.7
2006-08-21,30.5,37,1,14.5,25.93,0.0,32.9
2006-08-22,32.5,38,0,6.1,26.06,0.0,34.3
2006-08-23,33.7,32,12,12.3,24.55,0.0,35.7
2006-08-24,31.5,38,33,12.9,23.39,0.0,33.8
2006-08-25,31.0,36,19,14.3,24.25,0.0,33.3
2006-08-26,29.6,41,68,14.2,24.78,0.0,30.6
2006-08-27,30.6,40,14,9.4,24.85,0.0,32.1
2006-08-28,33.6,39,2,12.9,24.63,0.0,36.4
2006-08-29,33.6,37,0,13.1,25.08,0.0,36.0
2006-08-30,31.9,34,0,13.4,24.82,0.0,33.3
2006-08-31,33.7,35,0,13.5,24.54,0.0,35.2
2006-09-01,35.5,25,24,10.9,24.72,0.0,37.1
2006-09-02,35.4,17,86,10.0,21.31,0.0,37.4
2006-09-03,35.9,24,40,8.1,24.14,0.0,38.5
2006-09-04,36.0,32,7,7.5,23.52,0.0,38.2
2006-09-05,34.3,36,36,13.0,21.8,0.0,36.0
2006-09-06,31.5,43,75,11.4,17.99,0.0,35.0
2006-09-07,31.9,43,62,18.3,19.04,0.1,33.1
2006-09-08,32.2,42,53,9.4,20.56,0.0,34.1
2006-09-09,32.4,37,88,11.3,18.94,0.6,35.2
2006-09-10,30.8,46,27,8.9,20.76,0.2,31.8
2006-09-11,29.3,47,42,12.4,18.5,0.0,31.9
2006-09-12,25.4,58,81,9.8,15.57,5.4,26.1
2006-09-13,24.9,65,69,18.1,17.77,0.8,27.2
2006-09-14,21.0,64,73,14.6,15.53,7.3,22.8
2006-09-15,19.6,56,39,14.0,16.86,0.2,20.6
2006-09-16,22.5,51,10,8.3,20.55,0.0,24.1
2006-09-17,25.7,48,25,8.6,21.23,0.0,28.1
2006-09-18,26.5,48,38,6.5,20.13,0.0,29.0
2006-09-19,27.7,47,16,8.4,21.22,0.0,30.6
2006-09-20,26.8,44,66,11.4,16.4,0.0,30.0
2006-09-21,24.4,54,73,24.1,10.64,3.8,25.3
2006-09-22,20.9,66,69,15.3,15.69,2.1,22.5
2006-09-23,21.3,53,55,20.9,15.56,0.0,23.0
2006-09-24,19.7,71,60,23.4,14.05,0.3,19.4
2006-09-25,24.2,57,13,13.4,20.05,0.0,25.9
2006-09-26,26.1,50,2,11.2,19.6,0.0,29.3
2006-09-27,28.2,51,1,11.1,19.65,0.0,30.3
2006-09-28,25.2,54,53,12.8,16.62,0.0,26.4
2006-09-29,24.4,61,61,15.0,16.39,0.0,25.1
2006-09-30,23.7,68,80,19.1,10.38,0.0,25.8
2006-10-01,24.7,61,36,13.3,17.33,0.0,25.1
2006-10-02,27.0,52,49,23.4,16.38,0.0,29.4
2006-10-03,21.9,51,59,26.2,15.0,0.5,22.9
2006-10-04,19.1,52,37,17.0,13.81,0.4,20.6
2006-10-05,21.5,53,8,7.2,18.09,0.0,23.1
2006-10-06,24.3,51,32,7.8,17.48,0.0,25.2
2006-10-07,24.4,55,79,7.8,13.15,0.0,25.7
2006-10-08,26.6,58,49,8.0,16.32,0.0,28.4
2006-10-09,26.6,48,62,8.6,16.7,0.0,28.2
2006-10-10,23.5,58,64,12.7,11.52,0.0,22.4
2006-10-11,20.9,64,44,19.4,12.06,0.6,20.8
2006-10-12,20.5,52,5,14.8,17.13,0.0,21.0
2006-10-13,22.0,47,0,14.0,16.79,0.0,23.9
2006-10-14,22.5,51,1,5.1,16.41,0.0,24.4
2006-10-15,22.6,62,51,13.0,13.08,0.0,22.8
2006-10-16,23.7,59,76,20.5,11.84,0.0,23.1
2006-10-17,15.6,90,100,14.3,2.21,26.9,16.3
2006-10-18,17.6,86,91,21.5,8.61,17.2,17.8
2006-10-19,14.0,91,93,21.9,4.8,4.2,16.0
2006-10-20,15.1,95,98,18.9,1.84,19.0,16.1
2006-10-21,17.2,83,76,15.5,10.17,0.3,18.1
2006-10-22,16.3,89,94,24.7,3.91,6.4,18.7
2006-10-23,16.6,93,88,26.3,2.98,16.5,18.3
2006-10-24,18.4,88,81,14.3,6.05,2.0,17.0
2006-10-25,21.7,83,81,24.2,10.25,10.3,19.2
2006-10-26,18.1,79,76,15.9,9.48,9.1,19.4
2006-10-27,21.0,71,72,11.2,8.18,0.7,22.7
2006-10-28,25.1,71,2,11.2,13.59,0.0,27.8
2006-10-29,26.1,65,11,6.3,13.64,0.0,29.4
2006-10-30,24.0,71,24,8.3,13.11,0.0,24.3
2006-10-31,21.1,75,46,9.2,11.62,0.0,23.9
2006-11-01,20.2,78,89,8.4,10.56,0.0,22.9
2006-11-02,16.8,84,92,6.1,6.62,2.0,19.7
2006-11-03,14.1,95,100,14.0,1.26,28.6,15.0
2006-11-04,12.6,94,100,12.3,1.23,19.5,13.3
2006-11-05,13.8,87,96,12.8,3.37,11.3,14.8
2006-11-06,16.2,76,46,8.2,11.46,0.0,16.6
2006-11-07,13.9,89,99,11.3,2.63,13.0,14.4
2006-11-08,16.2,84,95,13.2,5.01,9.8,17.7
2006-11-09,17.5,77,56,9.4,8.54,0.0,20.4
2006-11-10,18.3,76,4,6.0,11.94,0.0,20.8
2006-11-11,18.0,76,3,5.2,12.0,0.0,20.3
2006-11-12,18.1,79,26,7.9,11.5,0.0,19.4
2006-11-13,17.5,75,1,8.4,11.88,0.0,20.9
2006-11-14,16.7,71,0,6.9,11.61,0.0,19.0
2006-11-15,15.5,77,33,14.8,10.78,0.0,16.8
2006-11-16,12.7,91,96,25.0,1.11,22.7,14.0
2006-11-17,11.7,81,47,18.4,9.55,0.0,12.9
2006-11-18,12.0,82,93,14.9,2.91,0.8,12.1
2006-11-19,14.6,83,78,12.4,5.26,0.0,16.9
2006-11-20,14.7,82,49,13.0,7.29,0.0,16.2
2006-11-21,15.4,79,83,20.4,5.84,0.0,15.2
2006-11-22,16.2,76,86,16.6,6.34,0.0,17.4
2006-11-23,12.9,84,87,22.7,4.08,0.3,14.7
2006-11-24,14.4,89,97,30.4,1.82,7.7,16.0
2006-11-25,13.1,84,98,27.8,4.02,14.5,14.6
2006-11-26,11.4,84,75,8.9,6.42,0.8,12.1
2006-11-27,11.9,80,71,10.3,8.68,0.0,13.0
2006-11-28,10.2,79,80,3.8,3.84,0.0,11.6
2006-11-29,12.7,76,52,13.0,8.27,0.0,14.4
2006-11-30,10.9,80,67,9.1,6.11,0.0,14.1
2006-12-01,12.2,87,79,7.0,4.95,0.0,12.5
2006-12-02,10.0,92,96,12.2,3.18,1.7,12.2
2006-12-03,12.4,87,75,13.3,7.2,0.2,11.0
2006-12-04,15.4,90,81,14.3,4.13,0.0,18.3
2006-12-05,12.6,90,88,23.1,4.1,8.4,14.0
2006-12-06,10.0,68,39,16.4,7.26,1.0,11.5
2006-12-07,9.8,87,79,15.7,4.71,0.9,10.0
2006-12-08,10.4,73,52,23.3,8.58,4.6,12.0
2006-12-09,7.8,66,52,12.9,7.16,0.0,9.7
2006-12-10,8.7,65,15,16.5,8.61,0.0,10.7
2006-12-11,8.4,71,4,8.6,9.26,0.0,10.2
2006-12-12,10.7,75,84,8.0,6.88,0.0,9.6
2006-12-13,11.3,73,17,10.6,8.88,0.0,13.7
2006-12-14,11.0,75,0,7.6,9.27,0.0,12.5
2006-12-15,11.0,68,3,8.5,8.87,0.0,11.9
2006-12-16,10.8,78,41,7.0,8.86,0.0,11.5
2006-12-17,10.7,82,41,7.4,8.73,0.0,9.6
2006-12-18,9.7,73,29,10.9,8.72,0.0,11.7
2006-12-19,7.1,72,31,14.8,6.38,0.0,7.6
2006-12-20,5.9,66,25,12.8,8.96,0.0,7.4
2006-12-21,8.5,70,13,10.0,9.22,0.0,11.7
2006-12-22,6.8,79,39,10.7,6.56,0.0,8.4
2006-12-23,8.1,71,48,14.7,8.24,0.4,8.4
2006-12-24,10.2,69,3,10.2,9.06,0.0,12.0
2006-12-25,10.0,71,1,6.2,8.98,0.0,13.0
2006-12-26,10.3,72,27,7.4,8.91,0.0,13.0
2006-12-27,10.5,72,40,7.2,9.03,0.0,14.2
2006-12-28,8.6,74,4,5.2,8.97,0.0,11.5
2006-12-29,8.9,83,10,8.9,9.05,0.0,10.9
2006-12-30,10.6,84,44,8.9,6.23,0.0,11.5
2006-12-31,8.6,95,91,5.3,4.11,0.0,8.5
2007-01-01,11.2,93,90,7.2,5.93,0.0,9.7
2007-01-02,11.4,85,42,6.5,8.52,0.0,12.9
2007-01-03,11.8,77,43,8.1,8.94,0.0,13.5
2007-01-04,12.1,77,41,7.6,9.25,0.0,14.4
2007-01-05,11.9,83,56,6.9,6.93,0.0,14.0
2007-01-06,11.4,89,41,8.6,7.44,0.0,12.9
2007-01-07,8.0,93,86,7.4,5.35,0.0,9.3
2007-01-08,10.4,90,88,7.9,5.76,0.0,8.3
2007-01-09,10.4,88,83,5.0,7.74,0.0,6.9
2007-01-10,10.2,87,78,5.5,8.45,0.0,5.1
2007-01-11,13.4,78,0,6.8,9.98,0.0,14.4
2007-01-12,15.1,78,0,7.1,9.93,0.0,17.4
2007-01-13,14.0,77,21,6.4,9.59,0.0,16.9
2007-01-14,14.6,78,91,8.6,9.0,0.0,16.5
2007-01-15,11.2,79,83,6.8,7.83,0.1,11.5
2007-01-16,10.0,85,66,7.6,4.07,0.0,11.6
2007-01-17,9.9,91,76,8.3,5.75,0.0,7.3
2007-01-18,11.8,90,82,8.7,7.47,0.0,8.6
2007-01-19,15.0,87,60,5.2,9.06,0.0,16.3
2007-01-20,13.3,84,29,8.2,8.49,0.0,16.7
2007-01-21,12.9,87,80,7.8,8.81,0.0,14.0
2007-01-22,7.1,90,88,19.1,2.94,4.6,8.5
2007-01-23,7.1,72,60,15.6,9.18,0.5,9.1
2007-01-24,5.9,62,26,13.7,10.08,0.0,7.0
2007-01-25,4.7,65,69,19.3,9.07,2.3,5.1
2007-01-26,4.9,50,62,26.0,6.04,1.4,4.9
2007-01-27,7.8,36,4,17.5,12.06,0.0,9.1
2007-01-28,7.9,55,63,13.0,8.19,0.0,7.8
2007-01-29,6.8,80,96,9.7,2.55,3.1,8.0
2007-01-30,8.8,83,85,8.9,6.43,9.8,10.2
2007-01-31,9.7,77,52,6.6,9.51,0.0,9.7
2007-02-01,10.4,75,12,6.4,12.3,0.0,11.4
2007-02-02,11.4,77,65,7.3,11.62,0.1,10.8
2007-02-03,8.6,87,97,7.3,2.88,1.4,8.6
2007-02-04,10.6,86,77,4.8,6.78,0.0,12.4
2007-02-05,10.1,86,56,4.6,7.28,0.7,12.7
2007-02-06,9.6,86,68,9.6,7.91,0.7,11.3
2007-02-07,12.2,78,80,17.3,10.93,0.0,11.7
2007-02-08,9.7,92,89,15.4,1.38,17.7,10.1
2007-02-09,11.4,69,47,24.4,12.6,2.2,13.0
2007-02-10,14.7,67,39,20.2,12.43,0.0,16.5
2007-02-11,13.6,91,92,21.9,4.56,2.6,15.4
2007-02-12,15.3,78,60,24.0,8.46,1.1,16.1
2007-02-13,14.2,80,71,16.5,9.87,0.0,13.3
2007-02-14,13.4,79,60,20.5,7.73,1.4,15.6
2007-02-15,14.5,68,48,7.7,13.17,0.0,14.4
2007-02-16,18.5,62,39,29.1,14.0,3.7,20.0
2007-02-17,10.8,76,86,17.9,8.04,1.8,12.0
2007-02-18,11.8,69,48,21.9,10.09,0.0,12.7
2007-02-19,11.8,78,70,15.3,11.96,0.2,13.8
2007-02-20,8.3,87,100,6.5,4.35,5.1,8.3
2007-02-21,11.5,77,72,10.9,10.58,0.0,13.4
2007-02-22,10.7,82,78,16.9,5.86,0.2,13.7
2007-02-23,11.1,88,71,18.0,7.05,2.3,12.1
2007-02-24,12.9,78,94,15.8,8.31,0.0,13.2
2007-02-25,13.5,76,43,21.1,10.76,0.3,15.6
2007-02-26,13.9,67,22,7.9,16.74,0.0,15.3
2007-02-27,17.0,73,15,9.2,16.42,0.0,18.3
2007-02-28,16.7,81,76,14.2,10.68,0.0,16.7
2007-03-01,15.0,74,51,17.1,15.65,0.0,16.6
2007-03-02,16.1,78,58,14.5,16.3,0.0,16.5
2007-03-03,16.9,82,83,11.7,15.25,0.0,16.7
2007-03-04,18.2,75,63,21.7,17.28,0.0,20.9
2007-03-05,12.7,61,55,12.6,18.12,0.0,15.0
2007-03-06,11.1,75,98,16.5,9.75,0.9,10.3
2007-03-07,13.4,75,68,33.2,12.54,2.6,16.0
2007-03-08,12.5,52,21,31.0,17.53,0.0,12.1
2007-03-09,15.8,66,51,20.2,15.18,0.0,17.7
2007-03-10,16.7,47,21,20.8,19.63,0.0,19.2
2007-03-11,16.1,46,0,11.6,20.08,0.0,18.9
2007-03-12,15.2,58,19,8.3,19.79,0.0,16.2
2007-03-13,16.1,59,73,6.6,18.73,0.0,17.7
2007-03-14,16.5,56,76,9.7,17.77,0.0,19.1
2007-03-15,16.9,57,12,7.9,20.15,0.0,18.8
2007-03-16,16.4,62,53,17.1,16.57,0.5,18.8
2007-03-17,16.3,54,7,12.5,20.3,0.0,18.5
2007-03-18,17.6,64,5,9.8,19.15,0.0,21.0
2007-03-19,11.1,57,40,27.7,15.71,0.0,14.0
2007-03-20,7.8,47,33,25.4,17.28,1.3,9.2
2007-03-21,7.4,47,32,24.9,19.85,0.2,8.4
2007-03-22,9.9,46,23,18.8,20.69,0.0,10.6
2007-03-23,13.5,62,48,12.4,15.08,0.0,15.6
2007-03-24,15.0,65,15,13.8,20.0,0.0,16.6
2007-03-25,15.1,58,36,12.9,20.29,0.0,15.6
2007-03-26,14.4,65,68,10.8,16.99,0.5,15.0
2007-03-27,11.5,81,84,8.7,10.45,5.9,11.3
2007-03-28,11.8,67,97,12.1,12.49,0.0,12.5
2007-03-29,13.9,62,60,20.7,15.61,0.0,15.0
2007-03-30,13.9,60,76,18.4,15.22,0.0,15.6
2007-03-31,11.7,74,67,12.4,13.84,3.4,12.7
2007-04-01,11.9,79,72,9.0,16.47,7.9,13.0
2007-04-02,12.3,79,61,8.9,19.37,1.3,12.4
2007-04-03,13.6,72,34,9.5,21.15,0.4,13.9
2007-04-04,12.7,72,56,21.7,13.74,1.2,13.0
2007-04-05,11.4,59,52,15.6,16.45,1.8,11.1
2007-04-06,12.8,75,76,19.3,14.77,5.2,12.8
2007-04-07,11.8,79,79,15.5,15.71,11.1,12.2
2007-04-08,14.2,74,48,8.7,19.5,0.9,16.2
2007-04-09,15.1,77,83,10.0,17.07,2.1,16.1
2007-04-10,16.2,76,66,7.2,17.99,1.5,18.8
2007-04-11,16.7,74,62,8.2,18.42,0.7,19.0
2007-04-12,16.0,76,83,6.5,15.81,3.5,16.2
2007-04-13,16.6,76,89,8.0,15.9,1.0,18.0
2007-04-14,17.9,68,54,9.7,18.13,0.0,18.9
2007-04-15,19.3,65,20,10.3,22.38,0.0,22.2
2007-04-16,20.8,63,14,15.3,23.72,0.6,23.0
2007-04-17,20.6,67,25,13.1,22.53,0.8,22.4
2007-04-18,20.3,61,14,11.5,23.18,0.0,23.6
2007-04-19,20.7,56,11,7.2,25.09,0.0,23.2
2007-04-20,21.5,57,60,8.4,24.26,0.0,24.2
2007-04-21,21.5,53,57,8.9,24.8,0.0,23.4
2007-04-22,23.1,51,32,10.9,26.12,0.0,24.4
2007-04-23,23.2,51,5,5.6,25.95,0.0,25.6
2007-04-24,24.0,46,35,9.2,26.49,0.0,26.4
2007-04-25,18.2,67,98,11.8,11.9,5.8,17.5
2007-04-26,14.1,87,80,11.2,11.53,23.2,14.4
2007-04-27,17.2,81,64,11.4,17.56,8.5,18.0
2007-04-28,17.0,79,69,11.0,18.85,2.9,19.6
2007-04-29,17.5,72,64,8.1,16.05,0.0,18.6
2007-04-30,15.1,73,76,18.6,18.77,1.0,16.6
2007-05-01,13.9,58,56,17.0,23.85,0.3,15.2
2007-05-02,11.5,82,98,13.3,5.55,9.1,13.4
2007-05-03,15.7,83,82,9.0,17.55,11.3,16.4
2007-05-04,17.6,67,30,15.1,19.85,0.0,20.6
2007-05-05,16.8,59,15,20.5,26.62,0.5,18.3
2007-05-06,19.3,55,12,18.7,26.45,0.0,21.6
2007-05-07,22.5,59,5,13.0,28.57,0.0,25.0
2007-05-08,24.6,59,0,8.0,29.0,0.0,27.7
2007-05-09,25.2,55,0,8.3,28.63,0.0,28.6
2007-05-10,25.3,45,15,19.0,28.14,0.0,28.4
2007-05-11,24.0,51,51,16.4,29.34,0.0,26.2
2007-05-12,24.2,53,12,16.3,27.71,0.0,24.0
2007-05-13,19.2,54,39,25.2,20.44,0.0,22.0
2007-05-14,17.3,49,30,15.0,26.55,0.4,18.0
2007-05-15,20.2,51,22,8.9,29.39,0.0,21.0
2007-05-16,23.4,52,71,15.6,27.93,0.0,24.6
2007-05-17,26.3,55,71,10.7,27.99,0.0,26.8
2007-05-18,28.8,54,81,11.0,27.33,0.2,32.0
2007-05-19,28.3,54,64,12.3,23.77,0.3,31.0
2007-05-20,24.6,71,79,13.0,18.21,10.2,26.5
2007-05-21,22.5,71,64,13.2,20.64,0.9,23.9
2007-05-22,24.3,69,89,17.3,16.72,18.5,24.2
2007-05-23,20.6,82,90,15.0,14.69,16.7,21.6
2007-05-24,18.5,80,73,11.3,15.78,8.5,17.0
2007-05-25,16.2,85,84,10.5,13.18,11.6,15.3
2007-05-26,19.3,77,68,10.8,21.68,4.0,19.8
2007-05-27,20.1,69,53,21.3,20.8,0.5,21.0
2007-05-28,17.8,50,19,15.6,29.47,0.0,20.0
2007-05-29,20.6,56,26,10.3,23.89,0.0,24.2
2007-05-30,22.9,63,25,17.9,29.03,0.0,25.1
2007-05-31,19.1,61,81,17.7,19.07,0.0,20.9
2007-06-01,21.4,54,46,11.6,28.34,0.0,23.1
2007-06-02,21.7,58,57,17.4,19.17,0.0,25.3
2007-06-03,24.5,59,84,8.6,25.94,0.0,27.2
2007-06-04,24.5,52,13,15.9,27.77,0.3,28.3
2007-06-05,22.9,52,8,16.1,28.58,0.0,25.9
2007-06-06,24.5,53,4,11.8,29.79,0.0,27.6
2007-06-07,27.1,54,5,7.1,28.37,0.0,30.3
2007-06-08,28.9,50,64,10.6,26.59,0.0,31.3
2007-06-09,28.4,58,47,14.3,26.59,0.8,29.9
2007-06-10,23.4,59,59,16.8,25.24,3.3,25.1
2007-06-11,24.6,52,10,9.5,28.15,0.0,27.4
2007-06-12,26.8,48,6,11.7,28.31,0.0,30.6
2007-06-13,24.6,50,35,20.5,28.36,0.0,27.4
2007-06-14,20.5,63,85,23.7,16.21,1.5,21.7
2007-06-15,22.3,68,75,20.9,20.05,0.2,25.2
2007-06-16,17.9,89,96,14.6,6.22,7.3,21.2
2007-06-17,20.1,85,96,20.4,12.59,10.0,21.2
2007-06-18,23.4,72,30,15.1,22.77,0.5,26.3
2007-06-19,22.4,56,30,20.1,28.1,0.0,24.9
2007-06-20,21.4,61,26,18.1,22.63,0.0,24.1
2007-06-21,22.5,53,42,11.4,24.97,0.0,24.4
2007-06-22,24.0,51,0,6.9,31.29,0.0,27.2
2007-06-23,28.7,48,1,10.1,30.92,0.0,31.8
2007-06-24,29.3,53,14,19.8,29.89,0.0,32.4
2007-06-25,27.0,50,19,15.5,28.14,0.0,28.0
2007-06-26,24.9,45,25,13.5,30.29,0.0,27.8
2007-06-27,26.4,43,4,14.5,30.36,0.0,29.1
2007-06-28,28.5,47,13,8.4,27.36,0.0,31.1
2007-06-29,30.1,37,1,13.8,31.11,0.0,32.4
2007-06-30,31.1,31,0,18.6,31.1,0.0,33.9
2007-07-01,27.7,40,45,19.3,25.97,0.2,29.3
2007-07-02,27.8,44,0,8.5,30.65,0.0,30.6
2007-07-03,30.4,48,41,16.4,28.58,0.0,31.9
2007-07-04,28.5,48,1,14.5,30.05,0.0,31.1
2007-07-05,29.1,33,0,17.3,30.9,0.0,31.9
2007-07-06,32.0,33,4,13.6,29.7,0.0,34.3
2007-07-07,33.6,37,22,14.0,28.86,0.0,36.2
2007-07-08,33.3,36,31,16.9,29.25,0.0,35.6
2007-07-09,27.0,43,1,16.9,29.91,0.0,28.2
2007-07-10,27.5,34,0,15.0,30.81,0.0,29.6
2007-07-11,29.2,40,3,10.1,30.29,0.0,31.5
2007-07-12,31.2,37,3,16.8,28.52,0.0,34.1
2007-07-13,32.7,39,9,11.6,27.12,0.0,35.6
2007-07-14,34.4,34,3,17.2,28.66,0.0,36.3
2007-07-15,32.5,34,10,19.8,28.97,0.0,34.6
2007-07-16,27.6,41,45,20.3,25.92,0.0,29.3
2007-07-17,29.2,39,17,12.8,27.51,0.0,31.7
2007-07-18,30.3,33,0,17.6,30.2,0.0,33.0
2007-07-19,28.9,29,3,18.1,30.11,0.0,31.0
2007-07-20,27.5,38,32,11.6,28.13,0.0,29.3
2007-07-21,27.8,36,20,11.9,29.48,0.0,29.4
2007-07-22,28.2,36,40,19.4,27.77,0.0,30.0
2007-07-23,25.9,43,27,24.0,21.01,0.0,28.3
2007-07-24,28.6,40,2,9.4,29.78,0.0,30.9
2007-07-25,31.9,34,0,10.2,29.44,0.0,34.1
2007-07-26,34.4,28,0,12.8,29.78,0.0,36.5
2007-07-27,34.9,29,0,9.0,29.54,0.0,37.4
2007-07-28,35.7,31,0,12.7,28.98,0.0,38.1
2007-07-29,35.1,32,9,18.3,27.63,0.0,37.4
2007-07-30,34.7,27,0,17.2,29.07,0.0,36.9
2007-07-31,36.1,28,1,15.4,29.07,0.0,38.4
2007-08-01,33.7,22,10,23.4,27.83,0.0,35.8
2007-08-02,33.4,29,2,10.6,28.59,0.0,35.6
2007-08-03,34.7,32,0,18.7,28.41,0.0,36.6
2007-08-04,37.2,32,8,9.4,27.45,0.0,39.8
2007-08-05,35.6,27,55,21.1,19.68,1.2,37.7
2007-08-06,29.4,53,61,14.4,21.56,0.3,30.9
2007-08-07,28.8,49,54,22.9,22.37,0.0,31.8
2007-08-08,27.8,36,29,20.4,28.04,0.0,29.6
2007-08-09,30.0,31,3,15.3,27.59,0.0,32.0
2007-08-10,30.9,30,28,14.6,26.22,0.0,33.7
2007-08-11,31.1,30,3,13.0,26.88,0.0,33.0
2007-08-12,28.9,31,38,9.7,24.47,0.0,31.2
2007-08-13,30.1,39,16,10.2,25.49,0.0,32.4
2007-08-14,31.0,37,26,15.3,26.31,0.0,32.7
2007-08-15,30.6,38,5,23.0,26.07,0.0,31.9
2007-08-16,27.8,44,9,12.8,26.93,0.0,30.0
2007-08-17,28.5,43,36,21.7,22.73,0.0,31.3
2007-08-18,31.3,45,47,9.8,24.8,0.0,33.6
2007-08-19,28.8,34,11,19.0,26.76,0.0,30.8
2007-08-20,28.3,38,19,20.1,26.5,0.0,29.3
2007-08-21,23.0,40,21,20.3,20.81,0.0,24.9
2007-08-22,22.9,44,39,16.5,20.44,0.0,24.4
2007-08-23,24.4,48,48,13.7,17.63,0.0,27.1
2007-08-24,26.0,51,53,15.5,19.25,0.3,27.2
2007-08-25,27.3,70,81,23.6,11.15,27.0,30.3
2007-08-26,31.5,58,33,17.3,22.74,7.1,34.4
2007-08-27,34.3,48,36,14.3,23.14,0.0,37.7
2007-08-28,31.2,53,16,13.2,22.65,0.0,36.3
2007-08-29,26.9,47,17,17.8,24.15,0.0,29.3
2007-08-30,25.6,48,15,18.9,22.92,0.0,27.9
2007-08-31,25.9,37,0,19.7,25.45,0.0,28.6
2007-09-01,28.3,44,5,15.9,24.06,0.0,31.6
2007-09-02,29.5,47,46,6.0,22.27,0.0,32.4
2007-09-03,30.1,42,29,12.8,21.91,0.0,33.8
2007-09-04,28.8,35,1,16.5,24.17,0.0,30.6
2007-09-05,28.9,35,0,18.1,23.99,0.0,31.8
2007-09-06,29.9,39,9,11.5,23.22,0.0,32.4
2007-09-07,30.4,31,0,15.3,23.81,0.0,33.1
2007-09-08,29.8,39,28,15.1,23.1,0.0,32.0
2007-09-09,30.2,40,51,9.2,20.77,0.0,31.2
2007-09-10,29.6,42,82,16.4,19.52,0.4,30.3
2007-09-11,29.3,47,9,7.5,20.99,0.0,31.5
2007-09-12,27.5,39,42,12.4,19.08,0.2,30.1
2007-09-13,26.6,62,54,7.7,20.34,1.1,28.7
2007-09-14,26.1,60,54,7.3,16.96,4.4,24.7
2007-09-15,24.7,64,39,7.7,15.35,0.0,28.4
2007-09-16,27.4,58,18,9.5,19.74,0.2,30.0
2007-09-17,24.4,55,39,20.0,15.89,0.1,27.5
2007-09-18,23.6,56,53,19.2,14.86,0.0,27.2
2007-09-19,24.6,52,40,20.0,15.12,0.0,28.1
2007-09-20,27.5,62,35,8.0,17.63,0.0,29.0
2007-09-21,23.3,70,81,8.8,12.4,3.1,25.2
2007-09-22,24.9,71,39,8.4,15.16,3.3,28.0
2007-09-23,24.7,63,43,9.9,15.76,0.1,27.5
2007-09-24,27.1,54,20,8.1,18.86,0.0,29.0
2007-09-25,25.3,51,3,19.9,19.61,0.0,28.5
2007-09-26,21.4,43,2,17.4,20.43,0.0,22.9
2007-09-27,18.3,46,15,14.3,18.63,0.0,18.8
2007-09-28,21.7,37,8,12.0,19.84,0.0,23.5
2007-09-29,21.2,63,67,16.8,10.97,3.0,19.9
2007-09-30,21.1,71,78,16.3,8.86,0.0,24.4
2007-10-01,20.6,76,79,12.6,10.0,0.6,21.6
2007-10-02,24.8,72,90,8.8,13.98,0.5,24.4
2007-10-03,19.2,86,81,10.2,7.36,21.6,20.9
2007-10-04,21.4,71,52,5.8,16.02,0.2,20.9
2007-10-05,21.4,68,63,7.7,13.96,0.1,21.9
2007-10-06,22.2,67,53,8.3,14.39,0.0,24.7
2007-10-07,22.6,66,87,7.6,14.49,0.0,24.4
2007-10-08,23.3,63,26,13.5,15.08,0.0,25.8
2007-10-09,21.8,55,1,16.1,17.56,0.0,23.5
2007-10-10,22.8,59,15,13.2,17.01,0.0,23.7
2007-10-11,19.3,54,39,19.2,14.62,0.0,19.9
2007-10-12,20.8,52,9,12.2,16.95,0.0,22.8
2007-10-13,20.9,59,1,5.5,16.86,0.0,22.7
2007-10-14,21.6,62,14,5.1,16.67,0.0,23.4
2007-10-15,19.5,65,40,7.6,13.39,0.1,22.2
2007-10-16,20.2,67,65,6.9,13.81,0.0,23.2
2007-10-17,21.9,62,25,8.4,14.17,0.0,23.6
2007-10-18,21.8,57,10,14.5,14.93,0.0,23.3
2007-10-19,21.2,59,0,8.2,15.72,0.0,22.9
2007-10-20,22.7,56,7,10.2,15.71,0.0,24.8
2007-10-21,19.5,48,7,9.1,14.68,0.0,21.1
2007-10-22,22.8,45,66,10.2,15.05,0.0,22.7
2007-10-23,17.5,68,99,6.8,7.93,3.1,17.7
2007-10-24,14.3,87,96,6.2,4.0,7.3,15.9
2007-10-25,16.5,63,13,12.3,14.68,0.0,17.8
2007-10-26,15.4,63,12,10.2,13.3,0.0,16.1
2007-10-27,15.6,58,17,14.0,12.95,0.0,17.6
2007-10-28,18.2,63,2,9.2,14.12,0.0,20.6
2007-10-29,19.4,63,57,14.7,12.79,0.0,21.6
2007-10-30,14.2,56,28,22.0,11.75,0.0,16.3
2007-10-31,15.0,49,13,21.6,13.83,0.0,17.8
2007-11-01,18.2,52,1,10.1,13.42,0.0,20.1
2007-11-02,19.3,56,0,11.0,13.42,0.0,22.2
2007-11-03,18.2,57,0,7.2,13.21,0.0,20.0
2007-11-04,19.4,56,0,9.9,13.11,0.0,21.2
2007-11-05,19.5,61,0,6.6,12.84,0.0,22.0
2007-11-06,20.0,56,0,9.4,13.06,0.0,22.8
2007-11-07,18.1,51,2,8.8,12.81,0.0,20.0
2007-11-08,19.6,51,4,9.0,12.67,0.0,20.2
2007-11-09,15.8,57,99,14.8,7.51,0.0,16.2
2007-11-10,17.5,45,63,10.5,12.05,0.0,19.1
2007-11-11,18.3,46,30,9.7,12.54,0.0,19.9
2007-11-12,18.7,41,51,8.9,11.92,0.0,21.6
2007-11-13,17.1,42,13,8.6,12.03,0.0,20.1
2007-11-14,14.1,67,4,16.9,10.09,0.0,15.9
2007-11-15,13.0,63,24,16.6,8.58,0.0,14.4
2007-11-16,12.2,48,0,9.4,12.15,0.0,13.6
2007-11-17,10.5,38,0,9.8,11.82,0.0,13.8
2007-11-18,10.5,41,0,11.9,11.73,0.0,13.8
2007-11-19,8.9,53,73,9.4,6.77,0.0,7.2
2007-11-20,12.8,93,99,24.9,2.64,23.5,12.5
2007-11-21,11.0,86,72,10.4,5.88,0.1,11.4
2007-11-22,10.4,83,49,6.9,6.23,2.0,12.4
2007-11-23,10.7,76,44,10.8,9.27,0.0,12.9
2007-11-24,10.4,66,17,21.2,9.53,0.0,10.9
2007-11-25,11.1,54,23,19.7,10.38,0.0,13.0
2007-11-26,13.5,63,28,23.3,9.89,0.0,16.9
2007-11-27,12.9,64,14,15.0,9.64,0.0,15.2
2007-11-28,11.3,72,4,7.4,9.85,0.0,13.5
2007-11-29,11.2,74,31,5.0,9.51,0.0,11.4
2007-11-30,12.2,74,0,9.7,9.89,0.0,13.4
2007-12-01,10.5,75,42,4.6,8.4,2.0,10.6
2007-12-02,11.6,86,75,8.4,8.55,0.0,13.4
2007-12-03,13.3,83,85,8.1,5.7,0.0,14.6
2007-12-04,13.4,83,34,7.4,8.67,0.0,17.2
2007-12-05,13.7,79,31,7.8,9.16,0.0,14.6
2007-12-06,13.7,82,66,7.4,8.88,0.0,14.1
2007-12-07,13.4,82,61,7.6,6.75,0.0,8.1
2007-12-08,13.1,82,58,10.9,7.49,0.0,6.6
2007-12-09,14.7,74,34,18.9,5.82,0.0,16.9
2007-12-10,10.7,66,14,12.7,7.94,0.0,13.0
2007-12-11,9.9,66,0,10.8,9.38,0.0,11.9
2007-12-12,9.7,67,27,5.7,9.44,0.0,12.4
2007-12-13,9.4,61,16,7.2,9.43,0.0,12.4
2007-12-14,7.5,58,0,5.5,9.56,0.0,10.0
2007-12-15,8.8,64,0,7.3,9.42,0.0,9.1
2007-12-16,6.0,71,8,12.7,8.73,0.0,8.3
2007-12-17,4.8,76,25,7.9,7.93,0.0,7.1
2007-12-18,4.2,92,90,14.6,1.74,4.6,5.9
2007-12-19,9.2,79,99,16.4,4.15,0.0,9.0
2007-12-20,7.6,86,100,10.1,1.7,8.2,8.0
2007-12-21,10.9,83,95,13.3,5.25,0.3,11.0
2007-12-22,9.4,88,85,10.0,3.06,0.5,10.0
2007-12-23,10.8,79,32,12.4,6.33,0.0,14.0
2007-12-24,10.2,78,20,5.2,8.2,0.3,12.7
2007-12-25,6.8,89,51,8.2,5.89,0.0,10.0
2007-12-26,10.9,78,77,16.8,7.79,0.9,12.0
2007-12-27,9.3,74,27,9.6,8.72,0.0,12.5
2007-12-28,9.7,79,0,7.6,9.15,0.0,11.1
2007-12-29,8.7,77,34,7.6,9.18,0.0,10.3
2007-12-30,10.5,80,37,6.4,6.42,0.0,13.0
2007-12-31,8.7,79,22,7.4,9.27,0.0,11.5
2008-01-01,6.9,78,24,10.0,8.84,0.0,7.4
2008-01-02,7.2,96,89,14.0,2.14,5.3,9.0
2008-01-03,8.6,89,90,26.1,5.89,11.3,10.0
2008-01-04,9.6,79,73,9.0,8.19,0.0,10.6
2008-01-05,9.5,82,94,9.8,3.11,0.0,12.1
2008-01-06,13.4,90,59,8.9,6.18,0.0,14.0
2008-01-07,10.7,92,95,6.4,5.03,0.0,12.0
2008-01-08,10.4,87,96,6.4,5.5,0.0,12.1
2008-01-09,11.3,88,90,6.1,5.22,1.0,11.0
2008-01-10,10.5,92,86,11.4,3.23,0.0,12.1
2008-01-11,8.8,87,77,28.8,2.34,5.1,11.0
2008-01-12,8.4,70,16,7.8,8.3,0.0,11.0
2008-01-13,7.5,75,61,15.6,8.72,0.4,8.1
2008-01-14,10.2,82,76,12.0,6.16,3.6,11.0
2008-01-15,7.9,90,76,24.1,3.0,0.2,10.0
2008-01-16,10.9,73,54,25.7,7.95,2.1,13.0
2008-01-17,12.2,80,51,12.4,7.33,0.0,12.0
2008-01-18,13.3,87,56,9.4,8.01,0.0,13.1
2008-01-19,14.9,85,32,7.6,10.11,0.0,18.4
2008-01-20,15.3,81,16,6.2,10.65,0.0,17.9
2008-01-21,15.0,83,50,7.4,9.81,0.0,17.0
2008-01-22,16.2,78,10,5.8,10.94,0.0,18.4
2008-01-23,14.4,74,16,6.3,10.76,0.0,17.0
2008-01-24,13.5,77,53,6.5,10.0,0.0,15.0
2008-01-25,12.9,71,77,15.3,9.51,0.0,11.4
2008-01-26,12.4,74,49,7.5,11.14,0.0,14.4
2008-01-27,14.0,70,0,6.8,11.61,0.0,16.3
2008-01-28,15.8,63,0,7.0,11.89,0.0,18.6
2008-01-29,13.7,64,0,9.4,11.94,0.0,16.0
2008-01-30,13.1,71,37,9.4,11.65,0.0,14.4
2008-01-31,10.7,71,8,11.0,12.4,0.0,12.3
2008-02-01,10.8,67,65,9.0,8.38,0.0,9.0
2008-02-02,8.9,81,64,12.7,6.0,0.7,12.0
2008-02-03,8.1,88,96,25.6,2.91,6.0,11.0
2008-02-04,10.7,77,65,24.7,7.86,2.4,12.0
2008-02-05,11.7,82,30,8.6,8.53,0.0,11.0
2008-02-06,15.2,78,14,11.0,12.83,0.0,17.0
2008-02-07,15.6,73,2,10.5,13.29,0.0,17.0
2008-02-08,16.3,66,32,6.4,13.66,0.0,18.1
2008-02-09,13.8,53,3,6.6,13.54,0.0,17.0
2008-02-10,13.5,55,0,6.0,14.17,0.0,15.9
2008-02-11,12.9,53,0,10.1,14.33,0.0,15.6
2008-02-12,11.3,68,31,10.6,11.77,0.0,12.0
2008-02-13,11.0,68,36,15.2,11.67,0.0,10.9
2008-02-14,11.1,69,90,15.3,5.12,0.0,10.0
2008-02-15,11.2,72,77,8.4,5.9,0.0,13.0
2008-02-16,14.1,74,43,10.8,11.47,0.0,16.7
2008-02-17,10.5,70,94,18.8,8.81,0.1,11.0
2008-02-18,10.0,89,100,9.2,2.74,11.0,9.0
2008-02-19,10.2,95,100,11.2,3.25,12.6,12.3
2008-02-20,12.2,85,75,4.4,7.03,1.6,14.9
2008-02-21,14.8,75,30,6.4,12.97,0.0,17.7
2008-02-22,15.6,69,11,8.2,15.62,0.0,18.1
2008-02-23,15.6,66,64,9.8,13.76,0.0,17.0
2008-02-24,9.1,86,100,11.5,2.42,5.2,11.0
2008-02-25,13.5,82,82,4.4,8.15,0.1,14.6
2008-02-26,15.8,81,66,7.9,12.72,0.0,16.7
2008-02-27,16.6,75,56,10.0,13.67,0.2,19.0
2008-02-28,15.1,78,62,7.0,12.52,1.8,16.8
2008-02-29,15.6,77,53,8.1,10.32,0.0,18.2
2008-03-01,18.4,72,68,6.4,16.38,0.0,19.9
2008-03-02,18.9,70,11,9.4,17.62,0.0,20.9
2008-03-03,19.6,65,32,18.6,16.43,0.0,21.5
2008-03-04,10.3,55,53,26.0,17.7,0.0,11.2
2008-03-05,9.4,43,21,35.3,15.51,0.0,10.0
2008-03-06,11.6,47,12,22.4,18.64,0.0,13.6
2008-03-07,15.0,53,32,16.5,18.89,0.0,19.2
2008-03-08,15.3,57,59,10.1,18.41,0.0,16.9
2008-03-09,13.4,60,32,19.2,15.8,0.1,15.0
2008-03-10,10.1,71,99,27.2,5.89,0.4,12.0
2008-03-11,18.9,69,64,17.3,15.8,0.0,19.8
2008-03-12,18.6,66,91,8.0,17.02,0.0,20.3
2008-03-13,19.7,57,92,7.2,19.59,0.0,21.6
2008-03-14,20.9,56,88,10.9,17.19,0.0,23.3
2008-03-15,17.9,54,39,22.7,18.94,0.0,19.0
2008-03-16,17.3,57,36,10.5,20.43,0.0,19.1
2008-03-17,17.2,59,64,18.8,18.18,0.0,19.0
2008-03-18,14.2,55,58,15.0,17.44,0.2,15.6
2008-03-19,14.1,54,45,20.2,16.22,0.0,16.2
2008-03-20,13.6,36,40,21.4,17.63,0.0,14.9
2008-03-21,16.6,42,40,13.8,21.73,0.0,19.8
2008-03-22,12.0,63,67,25.3,9.94,2.8,15.0
2008-03-23,9.0,46,39,24.4,19.62,0.9,9.4
2008-03-24,13.7,52,43,17.8,16.22,0.0,15.8
2008-03-25,15.5,61,25,11.0,16.98,0.0,18.9
2008-03-26,13.1,61,61,29.4,17.58,0.2,14.4
2008-03-27,15.0,65,77,28.9,6.72,0.4,17.1
2008-03-28,20.0,58,62,12.9,19.74,0.0,20.0
2008-03-29,20.3,57,92,10.7,19.52,0.0,23.1
2008-03-30,15.9,61,30,26.4,18.65,2.8,16.6
2008-03-31,15.6,50,16,18.5,22.38,0.0,17.2
2008-04-01,17.3,55,45,21.0,16.6,0.0,20.0
2008-04-02,21.7,60,10,13.0,23.45,0.0,24.7
2008-04-03,24.3,42,4,13.0,24.55,0.0,26.7
2008-04-04,23.4,34,12,12.3,24.9,0.0,26.4
2008-04-05,22.4,41,0,13.1,24.89,0.0,24.4
2008-04-06,24.0,38,50,16.7,22.89,0.0,26.1
2008-04-07,17.1,63,77,27.1,13.04,6.0,19.4
2008-04-08,15.2,77,92,28.3,10.91,11.3,15.2
2008-04-09,17.5,81,93,27.3,13.42,6.1,18.0
2008-04-10,14.3,84,90,25.6,13.64,15.1,17.0
2008-04-11,12.7,67,85,18.9,13.79,6.5,13.6
2008-04-12,14.4,51,42,12.0,19.12,0.0,15.7
2008-04-13,13.6,65,35,20.9,19.54,0.0,16.8
2008-04-14,16.2,58,21,8.8,25.94,0.0,17.4
2008-04-15,17.9,51,76,10.4,25.09,0.0,20.0
2008-04-16,19.7,52,72,17.8,24.11,0.0,22.2
2008-04-17,14.2,70,87,25.5,19.11,10.0,14.0
2008-04-18,11.5,78,69,31.0,19.67,10.5,13.6
2008-04-19,12.7,83,88,28.3,10.93,10.9,13.0
2008-04-20,12.2,77,87,23.2,17.85,6.0,15.6
2008-04-21,15.1,63,56,20.1,19.16,0.9,17.0
2008-04-22,17.5,62,46,12.5,19.75,0.0,19.4
2008-04-23,19.4,68,47,11.3,18.08,0.0,21.9
2008-04-24,22.9,65,54,8.4,26.66,0.0,24.9
2008-04-25,24.3,55,54,11.0,26.56,0.0,27.0
2008-04-26,25.2,53,41,7.8,26.78,0.0,28.1
2008-04-27,24.6,45,68,12.6,23.87,0.0,27.7
2008-04-28,18.5,53,67,16.5,15.94,0.0,21.6
2008-04-29,18.8,50,14,19.8,28.46,0.0,20.6
2008-04-30,18.0,45,33,14.9,27.67,0.0,19.2
2008-05-01,19.8,46,0,12.4,28.84,0.0,22.4
2008-05-02,23.5,50,47,8.5,27.08,0.0,26.5
2008-05-03,25.0,47,78,9.5,22.03,0.0,28.0
2008-05-04,25.7,49,48,12.8,23.86,0.3,27.5
2008-05-05,26.0,59,63,11.1,25.84,0.0,28.9
2008-05-06,26.5,52,89,11.8,21.62,0.0,29.2
2008-05-07,24.2,50,85,12.1,19.56,1.5,25.0
2008-05-08,19.6,68,82,11.4,18.98,3.9,16.8
2008-05-09,17.8,68,89,12.7,15.01,3.4,18.3
2008-05-10,12.9,80,99,15.1,4.03,16.3,12.0
2008-05-11,18.3,64,56,15.0,19.41,0.2,20.0
2008-05-12,20.4,57,25,8.7,26.45,0.0,22.2
2008-05-13,18.0,71,82,18.4,16.79,1.2,20.9
2008-05-14,16.8,66,95,16.8,17.56,0.2,19.0
2008-05-15,17.3,59,69,19.3,18.2,0.0,20.2
2008-05-16,18.4,70,75,15.5,19.66,3.7,20.6
2008-05-17,19.3,63,43,9.4,23.71,0.0,21.7
2008-05-18,17.4,66,54,16.9,19.13,3.9,19.8
2008-05-19,18.7,64,48,13.4,23.68,0.5,19.3
2008-05-20,20.4,56,21,10.2,24.43,0.0,23.0
2008-05-21,20.5,64,48,15.5,22.44,2.4,21.4
2008-05-22,21.2,65,53,14.6,22.11,0.0,24.0
2008-05-23,18.3,78,96,20.0,12.86,7.6,19.0
2008-05-24,16.5,71,56,20.4,21.84,1.0,18.1
2008-05-25,16.3,69,75,16.4,20.51,2.9,16.6
2008-05-26,17.0,64,47,16.8,21.45,0.1,19.3
2008-05-27,17.8,63,54,15.1,24.67,0.4,20.1
2008-05-28,17.3,70,54,15.3,19.6,1.7,18.6
2008-05-29,16.3,68,71,19.6,14.83,0.9,21.1
2008-05-30,19.5,67,69,9.8,21.78,2.5,20.8
2008-05-31,18.1,76,71,14.5,21.91,5.1,20.7
2008-06-01,19.7,72,78,7.9,22.45,0.4,20.0
2008-06-02,20.7,68,47,12.6,24.37,0.5,23.0
2008-06-03,20.6,59,44,8.1,22.36,0.0,24.9
2008-06-04,23.3,52,70,12.7,23.09,0.0,26.3
2008-06-05,20.3,66,70,13.0,14.62,2.1,22.4
2008-06-06,22.8,60,6,14.3,30.3,0.0,25.0
2008-06-07,22.5,48,19,16.1,30.55,0.0,26.0
2008-06-08,16.5,48,78,17.4,15.28,1.0,20.1
2008-06-09,15.3,73,97,14.7,11.07,9.8,16.7
2008-06-10,19.6,64,72,12.9,18.98,0.4,21.3
2008-06-11,22.0,65,40,11.1,21.82,0.3,23.0
2008-06-12,23.9,55,33,18.4,22.85,0.0,26.0
2008-06-13,26.0,54,22,12.7,28.63,0.0,28.0
2008-06-14,27.8,49,33,10.8,30.6,0.0,31.6
2008-06-15,26.1,44,67,16.2,25.47,0.0,28.3
2008-06-16,22.3,64,48,20.7,21.86,3.9,24.9
2008-06-17,23.7,58,46,9.3,22.46,0.0,26.0
2008-06-18,27.5,48,0,9.7,30.92,0.0,31.0
2008-06-19,30.1,40,0,11.5,30.46,0.0,33.3
2008-06-20,31.8,38,2,11.1,30.97,0.0,35.0
2008-06-21,32.0,40,36,11.2,24.37,0.0,34.3
2008-06-22,33.6,32,7,15.9,31.06,0.0,36.2
2008-06-23,29.9,44,51,19.4,22.23,0.0,31.9
2008-06-24,27.4,66,68,10.8,16.69,6.7,31.1
2008-06-25,31.5,52,2,8.9,30.03,0.0,34.9
2008-06-26,33.2,45,6,14.6,29.42,0.0,37.2
2008-06-27,32.8,47,3,15.0,30.17,0.0,35.0
2008-06-28,33.3,34,2,13.2,30.04,0.0,36.2
2008-06-29,34.3,37,19,12.9,28.36,0.0,37.6
2008-06-30,34.1,35,12,12.9,30.86,0.0,36.3
2008-07-01,33.2,28,16,14.8,30.49,0.0,35.8
2008-07-02,28.8,35,54,25.9,25.14,0.0,31.0
2008-07-03,26.2,33,14,9.9,31.1,0.0,28.7
2008-07-04,30.8,30,0,14.3,30.43,0.0,33.8
2008-07-05,31.8,40,10,21.5,28.65,0.0,34.6
2008-07-06,29.2,40,3,17.0,30.0,0.0,31.0
2008-07-07,27.4,32,0,11.8,30.9,0.0,29.4
2008-07-08,30.5,30,35,9.5,28.31,0.0,32.9
2008-07-09,32.0,24,0,14.0,30.84,0.0,34.6
2008-07-10,32.7,24,33,16.7,29.38,0.0,35.2
2008-07-11,30.8,37,8,21.1,29.17,0.1,33.0
2008-07-12,25.8,54,34,19.1,22.96,0.8,28.3
2008-07-13,27.0,42,1,15.1,30.54,0.0,28.7
2008-07-14,29.3,34,10,15.0,28.43,0.0,31.6
2008-07-15,28.8,43,16,8.5,24.47,0.4,32.3
2008-07-16,30.2,45,42,13.2,24.76,1.6,30.0
2008-07-17,31.0,43,19,5.6,25.74,0.0,33.7
2008-07-18,34.0,34,13,12.5,29.62,0.0,36.1
2008-07-19,36.5,32,19,16.5,28.38,0.1,38.8
2008-07-20,33.6,29,16,17.8,28.76,0.0,36.5
2008-07-21,33.7,39,6,17.0,28.25,0.0,36.3
2008-07-22,34.0,24,1,17.1,29.48,0.0,36.6
2008-07-23,36.4,30,20,17.1,27.68,0.4,39.3
2008-07-24,32.1,26,21,18.4,29.2,0.0,33.5
2008-07-25,31.6,34,40,15.2,27.07,0.0,33.4
2008-07-26,31.5,41,19,13.6,27.29,0.0,33.5
2008-07-27,33.0,33,4,15.0,28.89,0.0,35.4
2008-07-28,30.8,33,3,17.1,27.3,0.0,33.2
2008-07-29,32.5,29,15,14.3,29.12,0.0,35.3
2008-07-30,32.8,22,4,14.5,29.09,0.0,35.3
2008-07-31,33.1,28,22,12.5,28.58,0.0,35.2
2008-08-01,31.8,41,56,8.2,25.46,0.0,34.1
2008-08-02,34.0,34,0,11.8,27.96,0.0,36.5
2008-08-03,35.4,36,7,10.2,26.73,0.0,37.9
2008-08-04,37.0,30,15,13.0,27.73,0.0,39.3
2008-08-05,36.4,22,10,18.6,26.4,0.0,38.6
2008-08-06,35.4,23,28,21.5,26.51,0.0,37.3
2008-08-07,32.4,23,11,14.3,28.39,0.0,33.7
2008-08-08,31.4,32,10,12.2,27.78,0.0,33.4
2008-08-09,32.9,34,5,17.3,27.12,0.0,34.4
2008-08-10,34.5,29,7,14.3,27.45,0.0,36.6
2008-08-11,33.1,33,46,22.3,26.63,0.0,33.6
2008-08-12,30.2,44,20,19.3,24.15,0.0,30.8
2008-08-13,30.0,29,8,12.4,27.62,0.0,31.4
2008-08-14,29.6,25,50,15.5,25.08,0.0,28.8
2008-08-15,27.2,30,11,16.6,27.7,0.0,27.9
2008-08-16,27.8,32,57,15.5,22.0,1.2,29.8
2008-08-17,28.4,44,17,9.5,26.46,0.0,30.2
2008-08-18,31.3,31,0,12.7,26.91,0.0,33.5
2008-08-19,31.3,32,2,14.8,26.24,0.0,32.6
2008-08-20,30.9,39,0,12.2,26.44,0.0,33.0
2008-08-21,32.8,33,29,12.2,25.59,0.0,34.4
2008-08-22,31.6,36,37,18.0,23.78,0.8,33.4
2008-08-23,29.1,48,40,16.6,19.94,0.3,32.0
2008-08-24,31.4,39,2,10.2,25.33,0.0,33.4
2008-08-25,32.0,31,1,9.6,25.43,0.0,34.2
2008-08-26,32.5,41,11,13.3,23.64,0.0,34.4
2008-08-27,31.9,44,36,13.2,21.12,0.0,33.8
2008-08-28,32.1,45,34,8.4,21.27,0.0,34.4
2008-08-29,33.1,35,24,16.8,24.27,0.0,34.1
2008-08-30,28.2,39,31,17.4,21.68,0.0,29.7
2008-08-31,28.8,38,35,9.8,23.18,0.0,30.0
2008-09-01,29.7,37,9,9.7,23.81,0.0,31.7
2008-09-02,29.9,31,43,16.6,22.74,0.0,31.5
2008-09-03,27.7,37,39,19.9,23.89,0.0,29.1
2008-09-04,26.7,44,44,21.0,22.68,0.0,27.8
2008-09-05,24.2,52,66,26.8,21.01,0.9,23.5
2008-09-06,24.6,58,60,16.9,17.66,3.2,24.8
2008-09-07,25.0,42,15,8.1,23.53,0.0,26.8
2008-09-08,29.2,51,57,15.1,16.57,0.2,31.0
2008-09-09,28.1,68,60,10.7,17.85,2.5,29.0
2008-09-10,29.7,65,30,9.5,20.39,0.2,30.7
2008-09-11,27.9,60,42,18.4,19.04,0.2,29.3
2008-09-12,21.4,41,16,14.8,22.74,0.0,22.7
2008-09-13,22.8,41,23,14.3,22.09,0.0,24.7
2008-09-14,25.3,38,0,14.9,22.5,0.0,26.4
2008-09-15,28.2,37,0,7.5,22.2,0.0,29.4
2008-09-16,28.8,36,15,9.4,21.8,0.0,31.2
2008-09-17,28.0,35,65,12.6,21.01,0.0,29.4
2008-09-18,26.6,37,89,15.8,15.61,0.0,27.8
2008-09-19,27.4,42,26,7.3,19.57,0.0,29.0
2008-09-20,28.6,45,18,13.5,20.03,0.0,30.2
2008-09-21,26.5,49,55,10.2,15.34,3.9,26.0
2008-09-22,23.1,74,81,10.9,14.3,6.4,23.4
2008-09-23,22.5,67,59,6.6,15.2,1.5,24.6
2008-09-24,22.1,45,18,11.9,19.67,0.0,22.7
2008-09-25,21.6,43,18,13.4,17.53,0.0,22.9
2008-09-26,21.4,43,2,12.3,20.1,0.0,23.0
2008-09-27,19.8,57,42,10.0,12.79,0.2,22.7
2008-09-28,19.7,60,57,12.3,12.35,0.0,19.8
2008-09-29,22.7,57,27,6.1,15.87,0.0,24.0
2008-09-30,23.6,47,4,11.7,19.22,0.0,24.7
2008-10-01,24.2,45,54,8.4,18.49,0.0,25.2
2008-10-02,24.4,44,19,14.0,18.73,0.0,25.6
2008-10-03,17.5,42,8,17.7,18.18,0.0,17.5
2008-10-04,17.7,40,44,12.0,16.09,0.0,17.8
2008-10-05,22.0,34,4,10.0,18.42,0.0,23.3
2008-10-06,23.1,32,0,11.2,18.32,0.0,24.4
2008-10-07,17.1,49,77,17.8,6.73,2.2,18.9
2008-10-08,18.0,66,75,15.0,12.21,0.3,17.6
2008-10-09,20.1,47,17,20.9,17.54,0.1,19.4
2008-10-10,24.6,50,42,20.1,14.58,0.0,24.3
2008-10-11,23.5,66,70,22.2,11.31,2.2,21.5
2008-10-12,20.1,88,82,12.3,7.84,32.2,22.6
2008-10-13,20.8,78,57,8.3,12.56,0.6,21.5
2008-10-14,21.3,71,51,5.1,12.36,1.3,23.1
2008-10-15,22.3,67,17,7.9,14.6,0.0,24.4
2008-10-16,22.6,65,39,9.6,14.14,0.0,23.9
2008-10-17,21.2,70,66,11.0,12.68,0.7,23.5
2008-10-18,17.7,83,96,5.9,7.57,4.8,19.1
2008-10-19,19.2,83,75,6.8,9.87,1.4,20.9
2008-10-20,20.7,76,64,7.3,8.22,0.5,21.9
2008-10-21,18.7,81,86,6.5,7.69,0.4,20.3
2008-10-22,13.9,80,100,21.7,1.89,17.8,15.2
2008-10-23,14.1,49,80,18.2,5.35,0.0,15.6
2008-10-24,16.8,63,36,9.0,13.43,0.0,18.3
2008-10-25,20.2,61,7,11.1,13.72,0.0,22.0
2008-10-26,20.9,64,0,8.7,14.2,0.0,22.4
2008-10-27,20.0,70,13,11.2,14.07,0.0,21.4
2008-10-28,12.6,84,98,24.8,4.16,27.0,14.2
2008-10-29,9.7,61,46,17.8,10.73,0.2,10.9
2008-10-30,9.4,82,77,26.5,3.57,1.0,11.4
2008-10-31,9.2,94,98,16.8,1.57,24.2,10.8
2008-11-01,9.5,80,94,12.6,6.63,0.4,12.7
2008-11-02,11.1,71,100,13.2,6.7,0.7,12.5
2008-11-03,10.7,77,84,8.4,7.72,0.0,11.1
2008-11-04,10.5,74,90,12.2,8.88,0.1,11.2
2008-11-05,12.7,77,66,8.3,8.75,0.1,14.1
2008-11-06,13.7,77,31,9.7,10.97,0.0,15.2
2008-11-07,10.8,85,50,10.8,7.28,2.7,13.0
2008-11-08,12.9,81,72,8.7,7.56,0.0,14.4
2008-11-09,14.1,76,43,7.2,12.0,0.0,14.4
2008-11-10,15.1,77,70,8.7,11.71,0.0,16.2
2008-11-11,12.9,80,94,8.7,6.26,0.3,12.4
2008-11-12,12.1,74,34,13.7,10.3,1.0,13.3
2008-11-13,11.8,66,18,17.3,10.5,0.0,13.0
2008-11-14,13.0,66,14,17.8,10.79,0.0,16.0
2008-11-15,14.3,69,12,10.5,11.56,0.0,16.5
2008-11-16,15.1,74,2,8.9,11.12,0.0,17.5
2008-11-17,15.7,74,2,9.0,11.19,0.0,19.4
2008-11-18,12.7,76,57,7.3,8.89,0.0,11.0
2008-11-19,13.1,65,12,21.3,8.73,0.0,15.0
2008-11-20,12.1,73,11,11.5,10.17,0.0,14.3
2008-11-21,13.7,76,9,10.2,10.03,0.0,15.6
2008-11-22,13.7,71,45,23.2,7.22,0.0,16.4
2008-11-23,13.4,68,31,17.9,7.24,0.0,14.2
2008-11-24,9.3,71,38,21.0,6.64,1.0,12.4
2008-11-25,7.8,63,33,18.8,8.46,0.0,7.5
2008-11-26,7.5,52,12,19.7,10.5,0.0,8.3
2008-11-27,7.0,63,0,12.6,10.36,0.0,8.6
2008-11-28,5.6,75,31,15.1,9.72,1.8,6.6
2008-11-29,6.2,83,88,22.8,6.87,6.5,6.9
2008-11-30,6.8,72,70,17.8,7.76,0.0,7.8
2008-12-01,5.2,73,66,10.9,7.16,0.1,6.6
2008-12-02,6.9,67,48,15.4,9.04,0.7,8.2
2008-12-03,4.2,84,87,17.6,2.93,4.1,6.3
2008-12-04,8.1,91,95,16.4,3.79,0.0,9.1
2008-12-05,12.9,80,67,18.7,4.85,0.0,15.8
2008-12-06,10.0,88,85,10.6,3.75,0.5,11.0
2008-12-07,11.3,93,99,13.7,3.71,7.5,12.0
2008-12-08,10.6,96,94,12.9,2.39,12.7,12.0
2008-12-09,7.2,85,83,22.1,3.06,9.8,9.3
2008-12-10,6.7,59,21,23.1,7.42,0.0,7.2
2008-12-11,8.0,68,44,13.6,7.04,0.0,9.7
2008-12-12,7.8,77,70,8.4,5.46,0.0,8.9
2008-12-13,3.9,92,69,18.2,1.73,9.0,6.0
2008-12-14,5.2,74,63,15.9,7.91,0.4,7.0
2008-12-15,6.0,67,65,15.1,7.87,0.0,8.0
2008-12-16,7.6,72,58,21.9,3.72,0.0,11.8
2008-12-17,10.3,78,55,9.0,8.1,0.0,12.3
2008-12-18,10.1,80,14,13.7,8.0,0.0,12.8
2008-12-19,11.2,83,14,8.6,8.85,0.0,13.6
2008-12-20,13.8,78,7,6.8,9.11,0.0,14.0
2008-12-21,14.8,75,9,8.0,9.33,0.0,17.0
2008-12-22,14.5,64,9,7.6,9.43,0.0,17.0
2008-12-23,13.1,56,0,6.6,9.49,0.0,16.5
2008-12-24,12.0,63,0,7.3,9.37,0.0,15.2
2008-12-25,10.7,66,9,8.8,9.39,0.0,11.8
2008-12-26,6.0,76,28,9.2,8.05,0.0,8.0
2008-12-27,8.2,75,61,17.8,6.09,0.3,9.0
2008-12-28,8.2,80,90,9.5,3.96,0.0,9.2
2008-12-29,7.7,90,89,8.1,1.82,0.0,10.0
2008-12-30,12.0,87,83,6.8,7.12,0.0,14.0
2008-12-31,9.3,88,96,7.7,3.62,0.0,
2009-01-01,11.2,87,90,7.0,5.35,0.5,11.2
2009-01-02,10.5,90,91,5.7,4.8,0.0,13.0
2009-01-03,8.4,94,99,8.9,1.49,4.2,9.2
2009-01-04,8.8,76,30,13.4,8.02,0.0,10.2
2009-01-05,6.0,85,70,5.2,4.86,0.0,5.6
2009-01-06,6.8,73,37,12.2,8.34,0.0,7.0
2009-01-07,3.1,58,5,14.4,9.61,0.0,5.0
2009-01-08,2.0,60,55,15.6,6.1,0.0,3.0
2009-01-09,2.6,74,81,7.6,4.48,2.3,1.0
2009-01-10,3.9,72,44,13.4,8.06,0.2,3.0
2009-01-11,7.5,64,1,13.2,10.08,0.0,5.8
2009-01-12,7.1,68,30,9.7,10.22,0.0,6.2
2009-01-13,3.6,79,84,6.2,4.13,1.5,2.0
2009-01-14,5.7,92,76,8.6,7.92,0.0,2.0
2009-01-15,5.6,88,90,7.6,7.64,0.0,5.0
2009-01-16,8.4,79,63,5.1,9.15,0.0,9.6
2009-01-17,9.5,76,28,6.6,10.0,0.0,11.5
2009-01-18,10.1,79,64,10.4,8.38,0.0,8.0
2009-01-19,9.7,96,93,26.9,2.16,3.2,12.3
2009-01-20,6.5,72,46,15.7,9.44,2.1,7.0
2009-01-21,6.8,67,42,12.9,8.71,0.0,8.1
2009-01-22,9.2,94,100,17.1,1.21,3.9,12.0
2009-01-23,13.9,85,97,27.8,4.87,0.7,15.2
2009-01-24,10.1,62,42,31.1,10.29,1.4,12.0
2009-01-25,6.6,81,75,21.1,3.38,5.4,8.6
2009-01-26,8.5,66,49,19.5,8.26,0.0,10.0
2009-01-27,10.5,75,52,19.7,5.79,0.0,12.0
2009-01-28,12.3,85,92,14.5,4.22,1.0,15.2
2009-01-29,13.9,90,83,15.2,5.12,2.4,16.2
2009-01-30,12.1,87,87,13.4,7.68,0.5,14.9
2009-01-31,8.5,76,86,16.8,5.41,1.8,11.1
2009-02-01,4.3,91,100,13.8,1.65,18.4,5.0
2009-02-02,8.5,87,89,6.7,5.53,5.7,7.0
2009-02-03,6.6,84,75,20.7,6.58,0.7,6.5
2009-02-04,7.6,93,88,27.7,3.36,8.1,11.0
2009-02-05,7.4,91,86,19.6,5.29,4.2,8.2
2009-02-06,4.5,80,73,20.1,5.22,3.6,6.0
2009-02-07,6.4,62,28,18.7,11.07,0.1,8.0
2009-02-08,9.6,71,60,17.5,7.65,0.0,11.0
2009-02-09,9.7,88,98,19.4,5.56,0.0,12.0
2009-02-10,10.9,70,71,20.4,11.3,0.0,13.0
2009-02-11,11.5,65,3,15.1,12.51,0.0,13.5
2009-02-12,11.9,69,25,15.9,8.81,0.0,13.8
2009-02-13,13.2,69,0,7.6,14.76,0.0,16.0
2009-02-14,14.4,66,2,8.4,15.01,0.0,17.6
2009-02-15,11.4,70,6,11.2,14.27,0.0,15.0
2009-02-16,11.7,73,33,7.9,13.18,0.0,13.6
2009-02-17,12.6,60,19,9.4,15.33,0.0,14.7
2009-02-18,14.6,64,14,6.6,15.47,0.0,17.7
2009-02-19,13.7,66,0,8.5,15.71,0.0,17.2
2009-02-20,11.9,73,55,10.7,9.52,0.0,13.0
2009-02-21,14.7,71,44,13.7,15.21,0.0,16.2
2009-02-22,14.4,65,2,8.3,16.03,0.0,16.5
2009-02-23,15.6,70,3,8.1,16.4,0.0,19.4
2009-02-24,16.5,65,2,8.4,16.28,0.0,19.1
2009-02-25,16.1,71,0,8.7,16.41,0.0,17.7
2009-02-26,15.7,73,15,10.2,16.23,0.0,18.4
2009-02-27,17.4,61,25,6.8,17.51,0.0,19.4
2009-02-28,13.9,58,99,8.0,12.53,0.0,12.1
2009-03-01,11.9,82,70,17.2,9.49,1.5,13.0
2009-03-02,11.5,74,70,8.2,11.58,0.0,12.3
2009-03-03,10.9,72,93,16.0,7.09,1.2,10.0
2009-03-04,8.9,76,69,27.3,7.32,2.6,12.5
2009-03-05,8.0,62,64,34.3,14.79,5.8,10.0
2009-03-06,11.7,64,66,23.8,13.44,0.0,14.0
2009-03-07,15.5,68,33,15.3,17.06,0.0,18.0
2009-03-08,18.8,70,3,8.7,19.1,0.0,21.1
2009-03-09,17.1,62,17,10.7,19.74,0.0,20.0
2009-03-10,18.2,58,24,8.7,19.62,0.0,20.0
2009-03-11,20.1,57,53,8.7,18.86,0.0,22.7
2009-03-12,19.5,54,0,8.8,19.89,0.0,22.2
2009-03-13,20.5,53,0,10.0,20.07,0.0,23.5
2009-03-14,21.8,54,39,6.4,19.53,0.0,23.9
2009-03-15,21.5,45,35,12.8,20.08,0.0,23.7
2009-03-16,22.1,47,0,14.5,20.49,0.0,24.1
2009-03-17,18.3,46,0,15.3,21.29,0.0,19.4
2009-03-18,19.2,38,0,8.4,21.55,0.0,20.8
2009-03-19,20.8,40,0,9.0,21.7,0.0,22.6
2009-03-20,22.4,46,0,8.1,21.83,0.0,23.8
2009-03-21,19.8,38,0,10.0,22.03,0.0,21.9
2009-03-22,18.1,33,0,15.1,21.83,0.0,19.4
2009-03-23,19.4,36,24,9.9,22.17,0.0,21.6
2009-03-24,20.5,37,58,15.8,22.41,0.0,22.2
2009-03-25,19.8,42,9,12.5,23.1,0.0,20.2
2009-03-26,21.5,37,0,10.0,23.12,0.0,23.5
2009-03-27,22.9,32,16,14.5,23.07,0.0,24.2
2009-03-28,17.8,57,76,25.0,17.03,3.4,19.2
2009-03-29,13.5,46,81,25.0,16.26,0.0,11.3
2009-03-30,13.0,44,77,22.4,15.85,0.0,12.0
2009-03-31,13.6,46,73,10.0,19.63,0.0,12.4
2009-04-01,16.2,49,43,9.8,20.18,0.0,17.1
2009-04-02,16.5,54,53,7.5,21.27,0.0,18.2
2009-04-03,20.5,52,20,8.3,22.89,0.0,21.8
2009-04-04,22.0,47,58,9.7,22.79,0.0,22.8
2009-04-05,22.1,50,14,15.6,22.97,0.0,23.4
2009-04-06,21.0,43,63,19.7,20.46,0.7,23.0
2009-04-07,14.6,48,49,17.8,20.94,0.6,15.6
2009-04-08,19.1,44,32,8.4,23.54,0.0,19.9
2009-04-09,20.3,45,52,17.6,22.91,0.0,21.1
2009-04-10,13.6,62,77,18.4,15.38,6.9,16.6
2009-04-11,12.6,56,52,20.5,18.73,1.2,14.0
2009-04-12,13.8,51,32,18.5,18.86,0.0,15.0
2009-04-13,18.2,51,14,11.8,26.16,0.0,19.8
2009-04-14,13.7,69,69,15.8,12.9,4.1,13.2
2009-04-15,12.5,72,80,20.4,19.84,4.0,13.0
2009-04-16,11.9,72,73,23.0,18.47,0.7,14.2
2009-04-17,14.0,68,54,13.6,21.33,0.7,13.8
2009-04-18,15.2,73,53,13.3,20.95,7.0,17.1
2009-04-19,17.1,66,45,16.1,23.85,0.7,18.2
2009-04-20,18.4,55,29,15.6,23.97,0.4,19.2
2009-04-21,20.0,55,3,14.4,26.06,0.0,21.4
2009-04-22,21.2,49,0,11.6,27.63,0.0,23.1
2009-04-23,24.0,46,23,9.9,28.08,0.0,26.1
2009-04-24,24.4,31,95,14.8,27.14,0.0,26.1
2009-04-25,19.4,45,55,19.9,26.0,0.5,20.2
2009-04-26,14.2,57,67,15.3,18.25,1.5,13.6
2009-04-27,17.7,47,46,18.4,20.33,0.0,18.0
2009-04-28,18.1,47,55,17.7,18.65,0.0,18.8
2009-04-29,21.1,49,18,14.6,24.26,0.0,21.7
2009-04-30,16.6,60,66,14.9,14.66,0.0,18.0
2009-05-01,19.5,48,19,18.7,26.91,0.0,19.6
2009-05-02,22.1,46,1,15.5,28.62,0.0,24.2
2009-05-03,24.5,43,2,12.0,28.41,0.0,26.6
2009-05-04,25.0,41,4,18.9,28.49,0.0,27.1
2009-05-05,25.9,36,0,17.1,28.89,0.0,27.6
2009-05-06,27.9,37,4,11.5,28.41,0.0,30.0
2009-05-07,28.0,31,19,15.5,26.19,0.0,29.4
2009-05-08,27.5,33,85,15.6,24.78,0.0,29.1
2009-05-09,25.2,43,82,23.2,21.95,1.4,27.0
2009-05-10,22.8,66,63,18.0,19.71,2.4,24.0
2009-05-11,22.1,53,20,23.4,25.85,1.0,23.7
2009-05-12,22.4,56,41,13.8,22.13,0.0,24.3
2009-05-13,22.7,47,33,16.3,29.07,0.0,24.1
2009-05-14,20.5,44,44,18.6,26.16,0.0,21.0
2009-05-15,21.8,38,7,9.3,29.71,0.0,23.7
2009-05-16,24.6,38,27,18.6,29.11,0.0,26.8
2009-05-17,23.4,41,27,20.7,28.55,0.0,24.4
2009-05-18,24.4,33,0,12.9,30.48,0.0,26.8
2009-05-19,27.3,28,14,12.3,30.43,0.0,29.4
2009-05-20,31.2,36,63,16.3,27.38,0.2,34.2
2009-05-21,29.8,42,79,11.5,24.07,0.0,31.3
2009-05-22,30.4,35,41,12.8,26.1,0.7,32.0
2009-05-23,21.1,63,89,15.0,17.4,13.3,25.0
2009-05-24,21.1,63,71,15.5,19.94,1.8,24.7
2009-05-25,20.8,57,63,15.9,24.08,0.0,23.7
2009-05-26,22.7,54,34,18.2,22.35,0.0,24.6
2009-05-27,24.8,40,3,17.4,31.26,0.0,26.6
2009-05-28,27.6,32,7,17.3,31.01,0.0,30.6
2009-05-29,28.9,35,1,7.9,30.77,0.0,31.2
2009-05-30,29.9,33,27,15.5,28.04,0.0,32.6
2009-05-31,30.1,39,33,9.8,27.74,0.0,31.4
2009-06-01,31.3,31,1,10.8,30.81,0.0,33.7
2009-06-02,30.9,28,17,11.0,30.97,0.0,33.0
2009-06-03,31.3,30,67,15.0,29.06,0.0,32.9
2009-06-04,27.4,36,98,16.8,19.58,0.0,29.2
2009-06-05,22.6,42,56,23.7,26.78,1.2,23.9
2009-06-06,19.9,60,47,21.6,23.55,2.0,21.7
2009-06-07,20.0,52,65,16.8,19.28,0.0,23.2
2009-06-08,18.9,50,80,27.4,18.94,0.2,20.0
2009-06-09,23.4,49,54,14.1,27.36,0.0,23.3
2009-06-10,27.8,47,32,16.8,29.4,0.0,29.4
2009-06-11,30.9,45,0,8.8,30.46,0.0,33.5
2009-06-12,34.5,35,3,11.5,30.67,0.0,37.0
2009-06-13,36.3,27,27,14.1,28.57,0.0,38.8
2009-06-14,35.4,32,92,16.4,24.98,0.6,34.4
2009-06-15,31.0,40,54,16.3,26.45,0.0,33.1
2009-06-16,25.9,63,87,15.3,13.29,9.0,28.7
2009-06-17,31.6,58,19,10.0,28.92,0.0,33.8
2009-06-18,34.1,43,35,10.4,27.74,0.3,37.3
2009-06-19,32.9,42,34,11.6,25.23,2.9,36.0
2009-06-20,32.2,43,13,20.2,29.07,0.1,34.9
2009-06-21,31.2,24,0,20.6,32.29,0.0,33.8
2009-06-22,33.7,27,47,13.4,30.22,0.0,36.3
2009-06-23,33.3,29,25,17.6,30.51,0.0,35.3
2009-06-24,30.8,29,4,20.5,30.44,0.0,32.6
2009-06-25,27.4,36,14,19.5,28.95,0.1,28.4
2009-06-26,26.8,36,36,12.9,27.62,0.0,27.8
2009-06-27,28.8,30,29,14.3,30.82,0.0,31.0
2009-06-28,28.8,33,71,18.3,25.38,0.0,30.0
2009-06-29,31.3,36,46,13.6,28.96,0.0,33.5
2009-06-30,32.9,35,10,14.3,28.55,0.0,35.2
2009-07-01,33.8,31,24,16.1,28.96,0.0,36.0
2009-07-02,33.9,29,39,16.6,29.26,0.0,35.7
2009-07-03,33.6,30,3,19.3,30.09,0.1,35.6
2009-07-04,32.1,32,0,18.5,30.02,0.0,33.4
2009-07-05,31.9,29,36,16.3,29.42,0.0,32.7
2009-07-06,30.8,34,37,13.0,29.33,0.0,32.3
2009-07-07,30.7,37,75,9.9,27.78,0.0,32.6
2009-07-08,31.0,35,21,18.7,29.53,0.0,33.3
2009-07-09,31.9,36,19,16.2,28.42,0.0,34.2
2009-07-10,33.3,32,30,15.6,29.69,0.0,35.3
2009-07-11,33.7,28,17,15.3,30.03,0.0,35.3
2009-07-12,34.3,20,0,15.6,30.5,0.0,36.3
2009-07-13,34.9,22,2,18.3,29.73,0.0,36.7
2009-07-14,31.7,25,3,16.7,30.05,0.0,31.9
2009-07-15,31.8,25,0,10.7,30.55,0.0,33.4
2009-07-16,33.5,21,0,21.3,29.92,0.0,35.3
2009-07-17,27.1,31,2,18.0,30.32,0.0,28.7
2009-07-18,29.9,25,0,18.2,30.54,0.0,31.2
2009-07-19,32.8,24,21,9.8,29.64,0.0,34.8
2009-07-20,32.5,29,40,15.0,22.53,0.2,33.3
2009-07-21,36.4,28,21,25.0,27.95,0.4,38.9
2009-07-22,32.9,23,25,27.3,29.79,0.0,35.3
2009-07-23,28.6,44,16,23.5,25.73,0.0,29.4
2009-07-24,30.7,37,0,13.5,29.46,0.0,31.4
2009-07-25,34.4,26,0,13.9,29.71,0.0,35.9
2009-07-26,36.8,24,0,16.7,29.52,0.0,38.9
2009-07-27,34.9,18,1,14.3,29.67,0.0,36.2
2009-07-28,34.4,28,6,14.8,29.71,0.0,36.4
2009-07-29,34.6,17,0,19.2,29.41,0.0,35.6
2009-07-30,33.9,24,0,10.7,28.99,0.0,36.0
2009-07-31,34.1,24,0,14.0,29.21,0.0,35.8
2009-08-01,29.6,35,19,23.1,24.62,2.0,30.6
2009-08-02,29.5,38,43,9.5,28.2,0.0,30.4
2009-08-03,32.1,30,44,8.5,27.95,0.0,33.7
2009-08-04,34.4,31,28,11.2,26.59,0.0,35.9
2009-08-05,35.3,26,9,14.1,26.83,0.0,37.0
2009-08-06,33.4,26,8,16.1,26.91,0.0,35.0
2009-08-07,32.6,36,23,11.2,26.88,0.0,34.0
2009-08-08,32.2,38,38,12.0,25.64,0.2,33.9
2009-08-09,28.6,54,46,20.3,22.13,1.0,31.5
2009-08-10,30.5,49,35,18.4,22.29,0.9,33.0
2009-08-11,31.0,50,20,8.7,23.1,0.4,33.9
2009-08-12,32.0,44,20,6.4,22.1,0.0,34.9
2009-08-13,33.1,38,33,9.1,21.72,0.1,35.7
2009-08-14,33.4,41,17,7.5,25.0,0.0,35.3
2009-08-15,34.2,31,9,9.1,25.43,0.0,36.0
2009-08-16,35.2,26,5,9.1,26.7,0.0,37.0
2009-08-17,35.6,28,15,11.0,24.17,0.0,38.1
2009-08-18,36.0,24,18,13.5,24.91,0.0,38.0
2009-08-19,35.5,27,1,10.8,26.4,0.0,37.2
2009-08-20,35.2,27,3,13.2,26.02,0.0,36.7
2009-08-21,34.7,27,0,13.7,26.24,0.0,36.4
2009-08-22,35.5,30,1,12.2,25.5,0.0,37.4
2009-08-23,36.1,25,2,13.7,25.71,0.0,37.6
2009-08-24,32.4,21,62,19.9,22.87,0.0,33.2
2009-08-25,29.8,32,46,10.1,23.55,0.0,31.1
2009-08-26,31.2,36,44,9.9,24.48,0.0,33.0
2009-08-27,33.5,26,0,9.8,25.22,0.0,35.1
2009-08-28,34.7,27,1,9.1,24.53,0.0,36.4
2009-08-29,33.4,42,8,21.2,24.29,0.0,35.6
2009-08-30,34.4,26,3,14.4,23.81,0.0,36.1
2009-08-31,34.5,36,24,14.3,21.1,0.0,36.0
2009-09-01,31.2,40,42,16.7,19.07,0.0,33.1
2009-09-02,31.0,37,38,16.5,22.89,0.0,31.6
2009-09-03,31.8,30,23,9.4,23.81,0.0,32.4
2009-09-04,31.1,38,1,24.2,23.51,0.0,33.3
2009-09-05,29.8,44,9,21.4,20.94,0.0,31.5
2009-09-06,31.0,44,49,12.3,17.41,0.2,33.0
2009-09-07,31.6,50,22,11.0,18.98,0.0,33.8
2009-09-08,30.4,48,27,8.9,18.55,0.0,32.5
2009-09-09,30.3,40,68,8.9,20.39,0.0,32.2
2009-09-10,30.6,37,12,8.3,21.44,0.0,32.9
2009-09-11,28.7,31,29,8.5,18.94,0.0,31.1
2009-09-12,28.4,38,50,13.7,19.75,0.0,29.1
2009-09-13,27.5,55,44,12.3,19.42,1.0,26.8
2009-09-14,25.9,43,25,21.3,21.84,0.0,26.2
2009-09-15,23.1,39,15,19.7,21.21,0.0,23.3
2009-09-16,20.6,53,37,14.8,17.86,2.7,21.1
2009-09-17,16.2,75,68,6.6,9.23,9.1,14.2
2009-09-18,18.9,69,43,18.3,16.05,0.2,19.2
2009-09-19,22.2,63,51,10.5,17.31,0.0,23.0
2009-09-20,22.5,52,72,11.4,16.05,0.0,24.4
2009-09-21,21.9,53,33,14.8,14.85,0.0,24.0
2009-09-22,25.2,51,14,12.2,18.58,0.0,28.0
2009-09-23,25.6,47,38,19.7,14.19,0.0,28.0
2009-09-24,27.0,46,3,8.2,19.96,0.0,28.3
2009-09-25,27.5,47,27,8.0,19.83,0.0,30.4
2009-09-26,27.2,40,11,14.3,19.88,0.0,28.4
2009-09-27,25.7,54,33,9.7,17.94,0.0,27.0
2009-09-28,24.2,49,36,17.0,14.34,0.0,26.2
2009-09-29,23.1,60,85,13.0,9.93,3.5,22.5
2009-09-30,21.4,75,82,7.6,11.8,2.6,23.7
2009-10-01,23.2,68,31,5.5,14.86,0.0,24.6
2009-10-02,25.6,62,14,7.6,17.95,0.0,27.7
2009-10-03,25.5,53,2,8.9,18.55,0.0,27.4
2009-10-04,26.3,44,73,11.2,17.38,0.0,27.8
2009-10-05,27.4,41,45,14.7,16.86,0.0,28.2
2009-10-06,27.6,46,28,15.5,17.25,0.0,28.8
2009-10-07,23.7,60,91,19.6,11.86,1.7,25.6
2009-10-08,22.2,75,69,11.7,11.3,2.1,22.1
2009-10-09,22.8,65,66,6.7,13.18,0.0,24.4
2009-10-10,25.1,58,82,9.5,16.21,0.0,25.6
2009-10-11,25.9,54,17,10.0,15.17,0.0,27.0
2009-10-12,26.1,57,3,15.4,16.72,0.0,27.5
2009-10-13,24.0,47,14,12.8,16.39,0.0,25.2
2009-10-14,25.4,34,4,8.9,16.82,0.0,26.7
2009-10-15,23.7,31,0,15.8,16.79,0.0,24.9
2009-10-16,18.8,22,0,13.3,16.75,0.0,19.9
2009-10-17,22.8,26,1,8.5,16.64,0.0,24.3
2009-10-18,22.1,30,17,8.9,16.74,0.0,24.2
2009-10-19,20.6,41,67,12.0,14.85,0.0,21.6
2009-10-20,14.4,68,99,21.4,3.85,10.1,16.0
2009-10-21,14.2,77,73,23.4,11.25,6.5,14.1
2009-10-22,16.2,68,47,27.5,12.32,15.3,17.3
2009-10-23,20.3,68,28,8.8,14.13,0.0,20.0
2009-10-24,21.8,73,38,7.8,13.1,0.0,21.8
2009-10-25,22.0,74,61,5.6,10.59,0.0,22.4
2009-10-26,22.6,75,19,9.0,13.7,0.0,25.2
2009-10-27,22.9,70,2,5.4,13.7,0.0,24.4
2009-10-28,22.7,73,72,5.9,12.58,0.0,24.7
2009-10-29,23.3,68,56,6.9,11.68,0.0,25.3
2009-10-30,23.7,63,29,9.0,13.44,0.0,25.3
2009-10-31,23.4,65,79,7.7,12.59,0.0,24.4
2009-11-01,23.7,68,72,12.2,11.64,0.0,24.3
2009-11-02,16.6,60,65,14.1,12.34,0.0,19.2
2009-11-03,19.9,58,15,13.1,12.51,0.0,21.8
2009-11-04,16.3,65,27,20.3,9.71,0.0,17.5
2009-11-05,12.6,58,54,22.6,11.01,0.2,14.4
2009-11-06,13.2,74,87,13.4,3.09,0.0,17.7
2009-11-07,14.4,66,43,27.9,8.9,0.0,16.0
2009-11-08,13.3,55,43,26.9,9.4,0.0,15.1
2009-11-09,13.4,51,23,22.8,10.0,0.0,14.7
2009-11-10,16.3,62,51,15.8,7.18,0.0,16.2
2009-11-11,17.4,72,36,8.5,9.84,0.0,19.3
2009-11-12,17.0,71,58,9.6,10.92,0.0,17.7
2009-11-13,17.2,63,96,13.9,9.68,0.0,17.7
2009-11-14,14.4,62,89,16.3,4.64,0.8,17.7
2009-11-15,18.1,75,83,22.4,8.07,0.5,17.0
2009-11-16,19.5,73,41,18.1,8.44,0.0,21.3
2009-11-17,19.4,50,57,11.0,9.57,0.0,18.3
2009-11-18,19.3,67,89,6.3,9.0,0.0,20.2
2009-11-19,18.3,68,11,6.1,10.42,0.0,19.7
2009-11-20,17.1,69,18,7.1,10.39,0.0,17.7
2009-11-21,17.2,72,96,16.9,9.32,0.0,16.0
2009-11-22,15.1,61,39,12.0,10.4,0.0,16.4
2009-11-23,15.1,64,9,9.2,10.41,0.0,15.6
2009-11-24,15.6,62,2,7.7,10.65,0.0,18.1
2009-11-25,12.5,68,68,14.8,6.19,0.0,13.7
2009-11-26,11.8,88,85,8.2,2.91,0.8,11.2
2009-11-27,12.3,70,74,13.4,8.01,0.0,12.5
2009-11-28,9.7,83,63,17.6,4.77,0.0,11.0
2009-11-29,8.0,85,82,24.9,2.43,13.9,9.3
2009-11-30,8.4,67,57,19.3,6.8,0.0,10.8
2009-12-01,8.1,74,63,11.8,4.7,0.0,10.0
2009-12-02,10.7,95,97,17.6,2.21,0.8,13.0
2009-12-03,11.3,75,56,17.5,7.61,2.5,12.8
2009-12-04,11.7,78,32,7.3,8.71,0.0,13.6
2009-12-05,10.1,85,63,7.0,7.55,0.0,8.2
2009-12-06,10.9,84,94,14.8,5.35,0.0,11.2
2009-12-07,10.7,91,100,16.9,1.77,2.6,12.0
2009-12-08,11.9,88,85,9.2,6.1,0.0,13.0
2009-12-09,11.5,85,62,5.1,6.92,0.0,12.1
2009-12-10,14.2,75,64,7.8,8.7,0.0,16.0
2009-12-11,14.0,72,38,8.0,8.97,0.0,16.0
2009-12-12,14.4,75,13,8.3,9.1,0.0,15.0
2009-12-13,6.9,56,40,18.5,6.74,0.0,8.0
2009-12-14,5.8,51,67,21.9,6.52,2.2,7.0
2009-12-15,5.0,54,21,12.8,7.79,0.0,6.2
2009-12-16,2.1,70,92,8.1,2.82,3.0,2.0
2009-12-17,10.7,86,77,21.9,3.49,0.3,13.0
2009-12-18,5.7,74,85,15.9,5.43,0.1,4.0
2009-12-19,4.1,51,14,17.8,9.42,0.0,5.0
2009-12-20,3.3,48,22,7.0,9.5,0.0,4.6
2009-12-21,8.1,84,100,21.7,1.47,18.4,3.0
2009-12-22,9.6,96,96,23.3,2.08,6.2,12.0
2009-12-23,11.9,90,93,34.8,3.63,16.7,15.0
2009-12-24,12.2,88,88,28.6,3.99,16.6,15.0
2009-12-25,7.7,79,72,14.6,6.79,3.1,10.0
2009-12-26,8.7,90,89,14.2,1.73,10.0,11.0
2009-12-27,7.6,84,59,10.1,7.33,0.7,9.0
2009-12-28,12.3,94,98,21.4,0.96,3.4,10.0
2009-12-29,14.6,94,91,24.7,2.46,17.3,15.0
2009-12-30,11.8,86,67,26.9,5.99,2.4,14.0
2009-12-31,8.8,87,82,25.7,4.14,7.0,10.6
2010-01-01,8.2,76,72,28.2,4.6,0.1,8.4
2010-01-02,6.7,87,71,9.4,4.04,0.0,7.7
2010-01-03,7.7,91,92,8.2,3.07,2.7,7.7
2010-01-04,9.1,96,99,8.1,1.92,11.4,9.9
2010-01-05,10.3,86,90,7.2,4.98,4.5,10.2
2010-01-06,6.8,80,51,14.4,6.12,0.0,7.7
2010-01-07,3.0,85,98,21.4,1.69,10.8,4.2
2010-01-08,2.5,48,62,31.5,6.71,0.1,3.2
2010-01-09,2.6,54,16,16.8,8.86,0.0,2.5
2010-01-10,2.7,65,60,6.9,7.47,1.9,0.6
2010-01-11,3.7,85,51,9.0,9.75,1.5,3.6
2010-01-12,5.9,96,92,11.8,0.97,9.9,6.0
2010-01-13,7.1,95,86,21.1,1.77,6.5,7.9
2010-01-14,9.4,73,71,28.1,6.6,1.1,11.2
2010-01-15,9.3,79,74,11.5,8.14,0.0,9.6
2010-01-16,9.9,87,98,10.3,2.82,1.0,9.1
2010-01-17,12.0,93,98,14.3,3.14,1.8,10.3
2010-01-18,11.7,90,81,9.9,6.45,0.0,14.1
2010-01-19,11.2,95,85,17.9,2.83,2.7,12.3
2010-01-20,11.7,81,55,12.6,6.74,0.0,12.8
2010-01-21,9.8,78,58,7.7,7.95,0.0,9.7
2010-01-22,10.9,85,76,7.2,8.82,0.0,9.9
2010-01-23,11.2,79,92,9.9,8.53,0.0,11.9
2010-01-24,10.7,78,66,11.9,7.03,0.0,12.9
2010-01-25,8.1,62,60,17.0,9.41,0.0,9.3
2010-01-26,9.6,60,54,23.7,10.07,2.3,10.0
2010-01-27,3.7,54,51,25.9,6.83,0.0,5.3
2010-01-28,8.8,61,5,12.2,11.83,0.0,11.6
2010-01-29,9.6,70,33,14.2,8.28,0.0,12.5
2010-01-30,9.7,67,46,17.2,9.45,0.0,11.2
2010-01-31,9.6,71,23,16.2,8.44,0.0,11.6
2010-02-01,8.3,66,5,12.2,12.76,0.0,11.0
2010-02-02,9.1,63,16,6.4,12.75,0.0,11.0
2010-02-03,11.2,67,27,5.7,12.79,0.0,14.4
2010-02-04,9.3,83,99,18.5,3.6,1.9,10.3
2010-02-05,11.4,78,60,21.7,9.21,1.1,12.8
2010-02-06,12.4,76,40,13.5,9.87,0.0,14.4
2010-02-07,10.7,82,74,7.8,7.22,0.0,12.1
2010-02-08,9.9,93,87,9.8,2.76,7.1,11.8
2010-02-09,9.7,78,31,14.9,9.52,0.0,11.4
2010-02-10,7.2,68,74,7.2,10.18,0.0,7.7
2010-02-11,4.9,52,32,21.0,12.7,0.0,5.3
2010-02-12,6.4,52,45,13.9,12.27,0.0,6.9
2010-02-13,6.2,53,41,14.8,12.08,0.0,6.0
2010-02-14,5.0,60,45,11.6,12.9,0.0,6.7
2010-02-15,3.5,82,100,13.3,3.61,9.6,3.0
2010-02-16,7.3,96,99,13.3,2.76,21.1,6.0
2010-02-17,8.8,92,80,20.5,5.17,5.9,10.9
2010-02-18,8.6,82,90,12.5,8.11,1.9,8.6
2010-02-19,8.9,78,72,13.1,7.51,3.1,8.8
2010-02-20,8.3,69,33,13.8,12.88,0.1,10.1
2010-02-21,8.5,89,99,10.5,3.93,4.2,6.8
2010-02-22,11.6,86,88,25.9,8.15,4.3,12.2
2010-02-23,11.3,83,89,25.4,10.2,0.5,11.8
2010-02-24,11.9,77,83,27.4,9.37,0.3,13.4
2010-02-25,12.9,86,91,28.8,5.58,2.4,13.4
2010-02-26,11.6,73,82,16.3,13.41,0.0,11.3
2010-02-27,18.8,76,94,39.8,9.98,6.9,19.1
2010-02-28,11.7,66,65,32.4,15.44,0.0,12.7
2010-03-01,11.3,74,85,19.1,10.41,2.1,12.8
2010-03-02,14.7,67,98,17.7,14.76,0.2,15.6
2010-03-03,12.0,79,87,17.9,8.67,7.3,13.8
2010-03-04,13.5,77,65,12.6,11.06,0.0,14.4
2010-03-05,10.4,78,100,18.2,8.06,9.2,9.3
2010-03-06,7.0,88,100,13.0,4.9,15.9,5.3
2010-03-07,10.4,82,95,10.5,8.99,2.8,9.0
2010-03-08,6.2,57,76,18.8,16.94,2.3,5.2
2010-03-09,8.0,47,13,20.5,19.78,0.0,9.9
2010-03-10,6.6,54,34,16.2,15.93,0.0,7.7
2010-03-11,7.2,60,37,8.4,16.15,0.0,8.5
2010-03-12,6.8,63,61,12.3,10.77,0.0,6.5
2010-03-13,10.5,58,50,12.4,16.46,0.0,10.7
2010-03-14,11.6,61,11,14.2,20.47,0.0,13.9
2010-03-15,14.1,60,2,9.5,21.15,0.0,17.4
2010-03-16,15.5,56,41,6.9,20.78,0.0,18.7
2010-03-17,15.7,58,37,13.6,21.01,0.0,19.2
2010-03-18,17.1,66,79,13.6,13.8,0.0,18.9
2010-03-19,15.5,80,89,15.4,7.3,1.2,15.7
2010-03-20,17.3,68,96,27.8,11.99,0.0,19.2
2010-03-21,16.8,76,99,10.7,14.9,0.3,16.6
2010-03-22,17.2,77,49,9.2,15.42,0.5,20.4
2010-03-23,16.9,69,91,8.3,12.33,0.0,18.7
2010-03-24,17.1,78,60,18.9,15.94,2.5,18.7
2010-03-25,10.3,88,81,24.5,6.69,8.4,12.8
2010-03-26,10.9,73,65,23.6,13.45,0.2,12.9
2010-03-27,15.1,67,59,15.9,19.56,0.0,17.3
2010-03-28,17.5,64,53,9.2,20.62,0.5,19.4
2010-03-29,13.1,75,79,28.3,13.73,0.9,15.0
2010-03-30,13.3,66,55,26.2,13.59,2.2,13.0
2010-03-31,13.2,61,51,20.3,19.32,0.0,14.4
2010-04-01,12.7,57,86,10.6,18.0,0.0,14.1
2010-04-02,15.1,59,37,12.5,23.32,0.0,16.0
2010-04-03,12.4,76,85,14.3,12.0,2.1,13.5
2010-04-04,14.3,66,14,7.6,23.46,0.1,15.9
2010-04-05,17.0,54,44,12.1,23.74,0.0,19.3
2010-04-06,17.8,56,32,9.6,24.36,0.0,19.0
2010-04-07,16.2,59,50,17.7,19.29,1.5,16.3
2010-04-08,18.3,56,0,13.0,25.47,0.0,19.7
2010-04-09,17.3,53,1,13.3,25.49,0.0,19.4
2010-04-10,19.9,51,9,13.0,24.67,0.0,21.4
2010-04-11,20.5,47,0,8.7,26.02,0.0,22.3
2010-04-12,17.8,56,29,19.9,21.06,0.6,19.8
2010-04-13,10.6,76,95,18.2,7.57,8.7,10.4
2010-04-14,13.0,86,97,11.6,9.32,16.2,12.6
2010-04-15,15.6,82,84,11.5,12.54,11.6,16.0
2010-04-16,17.6,82,78,11.5,18.4,4.0,17.7
2010-04-17,14.0,86,97,6.6,8.51,13.6,16.9
2010-04-18,15.2,86,88,12.5,15.69,7.8,15.0
2010-04-19,16.2,77,67,7.6,13.8,0.4,18.8
2010-04-20,20.1,68,89,6.9,23.25,0.0,21.4
2010-04-21,20.6,70,79,8.9,20.8,1.3,22.6
2010-04-22,18.8,78,82,12.6,19.57,6.5,20.6
2010-04-23,19.6,72,34,7.5,21.35,0.7,20.2
2010-04-24,20.3,66,35,8.9,21.91,0.1,22.9
2010-04-25,23.2,60,43,5.2,23.91,0.0,26.3
2010-04-26,24.1,63,33,9.0,24.94,0.0,26.4
2010-04-27,26.1,57,66,9.4,25.61,0.0,28.6
2010-04-28,26.4,60,77,9.0,27.01,0.0,27.9
2010-04-29,24.1,59,79,15.0,23.9,0.0,25.2
2010-04-30,22.4,61,51,13.8,21.11,0.0,23.9
2010-05-01,21.0,65,55,11.7,21.55,1.9,23.0
2010-05-02,21.0,62,56,10.9,21.96,0.1,22.5
2010-05-03,14.4,56,49,27.6,24.96,2.2,15.4
2010-05-04,11.6,48,50,34.7,21.44,0.0,12.2
2010-05-05,13.9,48,57,20.6,19.91,0.0,14.4
2010-05-06,17.9,51,14,10.4,29.02,0.0,18.6
2010-05-07,16.3,58,64,17.6,19.54,0.4,18.2
2010-05-08,16.4,70,65,18.6,17.07,2.8,16.4
2010-05-09,16.4,75,74,25.8,20.07,5.5,16.6
2010-05-10,16.6,69,49,21.0,21.08,1.2,17.0
2010-05-11,16.4,61,57,13.6,22.67,0.8,17.0
2010-05-12,15.0,71,45,17.9,20.82,3.4,16.3
2010-05-13,13.8,69,47,13.9,21.14,3.8,13.1
2010-05-14,14.5,59,50,19.2,23.13,1.1,15.8
2010-05-15,15.6,54,47,16.9,23.71,0.7,16.8
2010-05-16,18.6,55,1,8.7,30.06,0.0,20.8
2010-05-17,22.3,53,0,9.2,29.9,0.0,24.3
2010-05-18,24.9,48,10,9.7,30.25,0.0,26.9
2010-05-19,25.3,46,7,15.5,29.53,0.0,27.0
2010-05-20,24.6,45,0,14.5,30.22,0.0,26.7
2010-05-21,26.6,46,0,11.5,29.89,0.0,28.2
2010-05-22,27.4,45,7,8.3,28.43,0.0,28.9
2010-05-23,26.6,43,23,11.7,26.1,0.0,29.0
2010-05-24,26.9,46,26,12.2,26.97,0.0,28.4
2010-05-25,22.9,47,33,19.7,24.99,0.0,24.7
2010-05-26,24.3,51,32,13.7,26.86,0.0,24.3
2010-05-27,23.4,48,81,13.1,22.11,0.2,24.8
2010-05-28,20.5,62,48,6.7,20.91,2.4,21.8
2010-05-29,25.4,54,23,9.0,25.97,0.0,27.3
2010-05-30,29.4,49,21,9.4,29.48,0.0,30.2
2010-05-31,30.6,49,20,9.8,27.55,0.0,31.6
2010-06-01,31.6,45,77,12.2,26.04,0.0,32.9
2010-06-02,29.9,43,99,12.2,25.1,0.0,30.3
2010-06-03,30.5,37,60,10.8,25.85,0.0,30.9
2010-06-04,31.7,37,27,9.4,28.55,0.0,33.1
2010-06-05,32.0,37,38,13.6,27.93,0.0,33.3
2010-06-06,29.9,34,32,13.2,28.35,0.2,30.7
2010-06-07,29.2,45,43,16.1,28.72,0.0,29.7
2010-06-08,25.3,48,55,23.6,26.14,0.9,25.3
2010-06-09,14.9,89,94,18.9,4.06,19.1,16.7
2010-06-10,18.3,68,42,24.7,20.7,0.8,19.6
2010-06-11,18.0,68,70,19.3,17.25,0.3,19.2
2010-06-12,18.6,77,99,11.8,16.32,10.7,16.9
2010-06-13,22.0,64,63,13.4,21.85,0.0,23.6
2010-06-14,21.8,65,42,18.8,22.68,4.7,24.8
2010-06-15,18.4,54,25,18.4,26.01,0.7,19.0
2010-06-16,16.0,61,66,14.6,14.81,0.0,17.3
2010-06-17,21.4,57,86,4.7,20.3,0.0,24.4
2010-06-18,24.3,59,45,8.8,27.31,2.3,26.4
2010-06-19,23.7,56,15,14.4,27.84,0.0,25.8
2010-06-20,22.1,49,1,16.9,31.02,0.0,24.2
2010-06-21,24.9,44,0,12.9,31.5,0.0,27.0
2010-06-22,28.6,46,0,8.1,31.21,0.0,31.4
2010-06-23,30.9,41,14,9.7,31.06,0.0,33.1
2010-06-24,32.2,38,71,11.0,29.08,0.0,34.1
2010-06-25,30.4,45,77,10.8,24.31,2.5,32.3
2010-06-26,30.1,58,39,6.9,28.43,0.2,30.8
2010-06-27,30.8,46,33,6.9,29.07,0.0,30.0
2010-06-28,30.5,44,39,10.1,28.94,0.0,31.8
2010-06-29,31.2,46,39,12.7,25.4,0.1,31.9
2010-06-30,32.2,47,12,6.8,29.21,0.0,32.9
2010-07-01,32.6,41,33,13.0,25.7,0.4,34.1
2010-07-02,31.8,41,36,10.1,25.49,2.4,31.3
2010-07-03,29.2,53,68,12.2,25.52,0.4,28.9
2010-07-04,32.1,47,23,9.5,27.03,0.0,33.9
2010-07-05,34.6,40,0,13.1,29.92,0.0,35.6
2010-07-06,35.1,32,1,13.0,30.06,0.0,35.6
2010-07-07,37.1,36,15,11.6,29.17,0.1,37.2
2010-07-08,37.6,33,46,21.6,25.49,0.1,34.7
2010-07-09,33.9,38,9,10.5,29.23,0.0,34.4
2010-07-10,35.3,37,19,12.0,29.16,0.0,36.2
2010-07-11,36.0,30,12,12.0,29.18,0.0,37.1
2010-07-12,35.0,23,41,17.1,29.98,0.0,35.6
2010-07-13,32.9,27,0,18.2,30.25,0.0,33.5
2010-07-14,31.6,36,22,17.8,30.06,0.0,31.2
2010-07-15,31.8,29,2,13.1,30.88,0.0,32.8
2010-07-16,32.8,25,0,9.4,30.55,0.0,33.9
2010-07-17,34.1,33,1,10.0,29.61,0.0,35.4
2010-07-18,35.6,37,2,18.6,29.35,0.0,36.2
2010-07-19,36.1,30,17,8.6,28.95,0.0,37.1
2010-07-20,35.3,27,10,15.5,29.44,0.0,35.8
2010-07-21,31.7,33,35,16.3,27.21,0.0,31.5
2010-07-22,31.0,36,31,15.0,25.91,0.0,31.5
2010-07-23,31.8,40,3,16.4,29.41,0.0,32.5
2010-07-24,32.8,32,10,17.1,27.91,0.0,34.1
2010-07-25,32.6,28,0,18.6,29.35,0.0,33.4
2010-07-26,33.0,33,0,16.4,29.4,0.0,34.0
2010-07-27,34.3,32,0,16.3,29.22,0.0,34.9
2010-07-28,36.5,30,7,8.9,28.72,0.0,37.3
2010-07-29,35.8,28,10,17.2,28.57,0.0,36.1
2010-07-30,34.1,34,0,18.9,28.82,0.0,34.6
2010-07-31,35.6,30,1,11.4,28.34,0.0,36.7
2010-08-01,34.9,28,17,17.6,28.44,0.0,35.9
2010-08-02,34.1,27,15,23.5,26.91,0.0,34.4
2010-08-03,32.2,38,4,20.9,28.16,0.0,32.2
2010-08-04,33.1,35,15,15.1,28.22,0.0,33.2
2010-08-05,31.6,34,25,13.2,28.36,0.0,32.2
2010-08-06,32.6,29,0,20.9,28.05,0.0,33.6
2010-08-07,34.9,31,4,12.1,27.24,0.0,35.9
2010-08-08,31.7,38,85,14.1,14.85,0.0,31.3
2010-08-09,34.3,46,57,11.3,22.79,1.0,34.7
2010-08-10,33.1,40,34,15.1,21.01,2.8,34.4
2010-08-11,34.5,30,12,10.4,27.94,0.0,35.3
2010-08-12,33.0,33,33,25.4,26.74,0.0,34.0
2010-08-13,27.8,40,27,21.4,22.66,0.3,28.3
2010-08-14,27.2,36,8,15.8,27.78,0.0,27.6
2010-08-15,30.3,32,11,15.5,27.38,0.0,31.1
2010-08-16,28.6,44,33,21.4,21.77,1.5,26.7
2010-08-17,27.9,64,63,9.5,18.62,0.0,28.2
2010-08-18,29.8,51,33,9.7,22.02,0.2,31.4
2010-08-19,29.7,44,56,9.8,19.24,1.0,28.5
2010-08-20,32.5,52,5,7.0,25.13,0.0,33.8
2010-08-21,34.6,42,25,8.2,25.31,0.0,35.6
2010-08-22,34.4,38,29,18.1,25.33,0.0,34.9
2010-08-23,33.1,32,30,20.9,26.0,0.0,33.7
2010-08-24,32.3,40,3,11.0,25.13,0.0,32.4
2010-08-25,34.9,34,4,10.1,25.32,0.0,35.7
2010-08-26,36.5,27,4,21.7,25.23,0.0,37.2
2010-08-27,34.4,27,2,15.7,24.93,0.0,35.1
2010-08-28,33.1,32,0,13.6,25.15,0.0,34.1
2010-08-29,33.5,25,1,14.7,24.8,0.0,34.3
2010-08-30,33.6,21,0,12.6,25.12,0.0,33.8
2010-08-31,31.8,28,37,12.5,22.86,0.0,32.2
2010-09-01,28.8,56,85,11.0,16.48,3.3,28.1
2010-09-02,27.1,65,59,9.3,16.98,0.4,27.8
2010-09-03,30.0,51,10,9.6,22.2,0.0,30.7
2010-09-04,31.6,42,31,8.2,22.39,0.0,32.9
2010-09-05,32.6,37,29,12.3,22.38,0.0,33.4
2010-09-06,31.1,32,65,22.5,19.98,0.0,31.7
2010-09-07,24.8,50,26,25.5,18.85,0.1,25.6
2010-09-08,24.3,46,18,14.9,22.7,0.0,24.3
2010-09-09,26.2,42,9,9.1,22.58,0.0,26.7
2010-09-10,28.7,36,12,10.7,22.89,0.0,29.4
2010-09-11,30.0,37,28,6.1,22.0,0.0,31.5
2010-09-12,31.7,35,14,12.3,22.03,0.0,33.0
2010-09-13,31.9,38,4,13.0,21.6,0.0,33.2
2010-09-14,32.5,28,0,11.3,22.38,0.0,33.0
2010-09-15,32.6,34,79,9.4,20.55,0.0,33.8
2010-09-16,26.5,51,91,14.5,11.7,4.1,27.3
2010-09-17,22.5,78,86,8.8,11.21,8.3,24.8
2010-09-18,22.3,66,53,10.0,13.85,0.5,22.4
2010-09-19,25.3,60,11,8.0,19.81,0.0,26.4
2010-09-20,23.0,73,59,14.2,13.41,10.1,21.1
2010-09-21,23.7,73,44,8.1,15.56,3.4,25.9
2010-09-22,25.2,58,63,9.7,16.77,0.0,26.7
2010-09-23,21.3,60,99,14.3,7.5,0.4,23.7
2010-09-24,23.2,57,30,15.0,15.9,0.0,24.7
2010-09-25,20.9,53,2,14.0,20.06,0.0,22.1
2010-09-26,20.2,49,2,12.6,20.07,0.0,22.2
2010-09-27,22.0,49,75,7.4,19.23,0.0,23.8
2010-09-28,24.2,48,8,6.3,19.5,0.0,25.4
2010-09-29,25.1,49,32,9.4,19.1,0.0,26.4
2010-09-30,25.2,43,37,13.0,19.0,0.0,26.1
2010-10-01,24.9,50,14,9.7,18.78,0.0,26.0
2010-10-02,25.5,41,13,17.0,18.75,0.0,26.2
2010-10-03,20.1,56,78,32.2,13.81,3.7,20.1
2010-10-04,19.2,63,56,24.0,11.16,0.9,21.0
2010-10-05,21.4,54,25,11.3,18.31,0.0,22.2
2010-10-06,23.2,47,37,6.7,17.95,0.0,24.4
2010-10-07,24.1,61,49,14.1,14.22,2.8,25.1
2010-10-08,24.3,70,75,18.9,12.15,1.1,24.8
2010-10-09,18.8,81,86,16.2,2.49,25.3,19.3
2010-10-10,17.1,78,53,8.7,13.7,0.0,18.4
2010-10-11,16.8,70,73,6.6,8.88,0.0,16.8
2010-10-12,17.1,71,78,12.5,7.61,0.2,18.3
2010-10-13,20.1,69,40,8.2,12.21,0.0,20.9
2010-10-14,20.6,61,23,7.6,15.92,0.0,22.0
2010-10-15,18.4,53,0,7.6,16.9,0.0,19.9
2010-10-16,17.5,60,0,12.2,16.59,0.0,18.9
2010-10-17,16.0,59,5,15.5,15.29,0.0,17.7
2010-10-18,16.5,53,0,9.4,16.39,0.0,18.0
2010-10-19,18.9,55,0,6.4,16.11,0.0,20.7
2010-10-20,19.9,52,6,6.8,16.11,0.0,22.5
2010-10-21,19.4,54,0,8.7,15.69,0.0,21.4
2010-10-22,19.0,55,54,7.4,13.55,0.0,20.0
2010-10-23,19.3,55,45,9.2,14.6,0.0,21.1
2010-10-24,20.8,60,57,15.6,13.77,0.0,22.0
2010-10-25,15.3,50,42,17.5,14.67,0.0,17.0
2010-10-26,18.7,45,1,8.2,14.98,0.0,21.4
2010-10-27,19.8,39,32,9.9,14.48,0.0,21.7
2010-10-28,20.7,37,76,9.8,12.22,0.0,21.6
2010-10-29,19.8,48,89,26.3,11.38,3.1,20.6
2010-10-30,11.1,88,78,26.7,5.18,5.3,11.7
2010-10-31,13.6,75,74,22.9,8.66,1.7,14.0
2010-11-01,16.2,62,58,22.0,9.86,0.0,18.1
2010-11-02,17.8,63,4,12.3,12.39,0.0,19.1
2010-11-03,20.7,70,1,6.3,12.9,0.0,22.5
2010-11-04,20.9,71,0,8.1,12.61,0.0,23.1
2010-11-05,19.6,73,0,5.6,12.46,0.0,21.6
2010-11-06,19.1,73,48,8.4,11.64,0.0,19.1
2010-11-07,14.7,77,72,12.2,6.41,0.6,14.9
2010-11-08,11.0,75,77,29.4,4.17,2.3,12.4
2010-11-09,12.4,69,57,27.7,9.37,6.3,13.4
2010-11-10,12.1,60,31,19.5,10.56,0.0,13.4
2010-11-11,14.8,65,26,13.0,10.15,0.0,14.8
2010-11-12,16.2,78,35,7.5,10.99,0.0,13.7
2010-11-13,11.5,88,69,10.3,6.97,0.2,12.5
2010-11-14,10.2,93,84,11.6,1.26,4.4,11.1
2010-11-15,11.3,67,28,17.5,9.04,0.0,12.0
2010-11-16,11.6,70,52,7.6,10.95,0.0,12.2
2010-11-17,10.3,86,75,15.6,2.34,4.0,12.0
2010-11-18,11.4,71,50,11.2,7.83,0.0,12.5
2010-11-19,9.8,79,86,13.1,5.42,0.6,11.8
2010-11-20,12.4,75,56,19.1,7.11,7.7,12.7
2010-11-21,11.2,70,66,16.9,6.76,0.6,11.9
2010-11-22,10.2,75,66,10.6,6.12,0.5,11.6
2010-11-23,10.9,72,66,8.6,8.88,0.0,11.3
2010-11-24,11.1,71,10,7.0,10.39,0.0,13.2
2010-11-25,10.9,69,63,8.4,9.4,0.0,11.1
2010-11-26,7.6,67,37,9.7,10.58,0.0,8.6
2010-11-27,7.4,64,98,8.9,7.97,0.0,6.5
2010-11-28,7.4,65,47,11.9,8.47,0.0,8.3
2010-11-29,4.4,79,71,9.8,4.54,2.4,2.1
2010-11-30,7.1,93,91,13.4,3.78,4.7,6.5
2010-12-01,7.1,83,71,15.5,6.66,0.1,7.0
2010-12-02,5.8,70,59,17.7,8.95,0.2,7.0
2010-12-03,6.2,63,29,17.3,9.42,2.9,7.0
2010-12-04,5.2,63,56,5.6,9.55,0.0,5.0
2010-12-05,8.0,76,100,10.6,2.41,3.9,6.0
2010-12-06,13.7,93,91,25.9,3.87,4.2,17.0
2010-12-07,12.5,96,100,22.2,1.84,15.5,14.0
2010-12-08,13.3,89,90,27.7,4.43,8.1,15.0
2010-12-09,15.3,89,88,10.5,4.96,3.5,14.0
2010-12-10,16.6,73,57,12.4,8.58,0.0,17.0
2010-12-11,14.9,76,69,6.0,7.6,0.0,13.0
2010-12-12,14.6,81,87,7.2,7.91,0.0,13.0
2010-12-13,14.2,82,95,6.2,5.94,0.4,16.0
2010-12-14,11.3,76,29,10.5,9.17,1.5,14.0
2010-12-15,5.2,57,7,19.9,9.21,0.0,7.0
2010-12-16,5.1,57,4,10.7,9.36,0.0,7.0
2010-12-17,7.3,61,1,10.8,9.53,0.0,7.0
2010-12-18,7.1,72,55,6.5,8.27,0.0,7.0
2010-12-19,11.4,85,68,9.5,5.63,3.0,13.0
2010-12-20,7.2,91,77,9.8,3.3,1.0,9.0
2010-12-21,11.3,93,98,21.7,2.73,7.8,12.0
2010-12-22,10.3,92,97,19.3,3.27,22.9,11.0
2010-12-23,7.1,83,93,13.7,3.61,1.5,8.0
2010-12-24,5.6,62,22,14.7,8.64,0.0,7.0
2010-12-25,5.6,62,74,12.0,8.66,0.0,7.0
2010-12-26,7.0,56,0,8.9,9.65,0.0,8.0
2010-12-27,6.4,55,67,7.9,8.78,0.0,9.0
2010-12-28,8.0,65,87,4.4,7.15,0.0,9.0
2010-12-29,11.9,79,56,5.7,8.59,0.0,13.0
2010-12-30,9.0,86,97,9.5,4.84,2.9,8.0
2010-12-31,8.7,96,95,8.0,1.69,6.2,11.0
2011-01-01,9.4,92,86,7.2,3.27,0.0,12.5
2011-01-02,11.1,86,44,8.2,6.02,0.0,11.9
2011-01-03,9.8,83,44,7.7,8.92,0.0,9.1
2011-01-04,6.8,93,93,9.7,3.22,0.0,7.3
2011-01-05,9.6,94,100,17.7,3.03,3.2,9.8
2011-01-06,12.0,95,99,24.0,1.8,1.3,14.6
2011-01-07,11.4,89,93,20.1,2.71,3.1,12.2
2011-01-08,11.7,89,98,21.1,4.4,7.1,12.0
2011-01-09,9.5,93,90,13.6,4.83,4.0,9.3
2011-01-10,8.7,86,75,14.2,5.54,1.5,8.0
2011-01-11,12.9,83,80,12.8,4.98,0.3,14.4
2011-01-12,14.2,83,29,6.8,8.37,0.0,15.7
2011-01-13,12.6,89,49,7.1,8.79,0.0,13.2
2011-01-14,12.6,86,31,8.2,9.39,0.0,15.3
2011-01-15,12.8,83,19,5.5,9.76,0.0,15.4
2011-01-16,11.3,87,28,7.1,8.78,0.0,14.8
2011-01-17,10.3,91,73,7.1,6.61,0.0,5.9
2011-01-18,10.7,88,93,6.5,6.53,0.0,11.6
2011-01-19,10.7,84,98,7.9,6.54,0.4,11.0
2011-01-20,10.5,79,61,12.4,6.49,0.0,12.0
2011-01-21,5.9,41,1,19.3,11.41,0.0,7.0
2011-01-22,5.4,40,3,15.2,11.67,0.0,7.0
2011-01-23,4.1,48,8,14.3,11.64,0.0,5.0
2011-01-24,6.7,50,5,12.7,11.76,0.0,8.0
2011-01-25,6.9,59,1,7.6,11.78,0.0,9.0
2011-01-26,5.8,71,44,7.6,8.11,0.0,8.0
2011-01-27,3.6,94,98,6.9,2.35,9.3,6.0
2011-01-28,6.1,95,86,12.1,5.22,10.3,9.0
2011-01-29,6.9,84,62,11.1,8.28,1.3,8.0
2011-01-30,6.5,81,56,8.2,9.04,0.9,6.0
2011-01-31,6.7,69,36,13.7,10.58,0.0,7.0
2011-02-01,8.6,65,9,13.3,11.94,0.0,9.6
2011-02-02,11.0,63,23,14.5,12.22,0.0,12.6
2011-02-03,12.6,75,31,9.4,12.01,0.0,14.6
2011-02-04,13.4,76,0,7.5,12.94,0.0,15.9
2011-02-05,15.2,70,2,9.7,13.0,0.0,19.0
2011-02-06,15.7,69,16,6.3,13.13,0.0,19.2
2011-02-07,15.0,65,10,8.0,13.57,0.0,18.1
2011-02-08,13.4,67,3,9.7,13.63,0.0,15.9
2011-02-09,12.5,72,2,6.2,13.46,0.0,14.9
2011-02-10,13.4,75,44,7.9,13.72,0.0,15.2
2011-02-11,12.4,72,73,10.2,12.18,0.0,14.3
2011-02-12,13.0,73,31,9.4,13.58,0.0,14.6
2011-02-13,11.4,82,73,27.2,8.88,3.8,11.4
2011-02-14,8.8,70,57,19.9,10.94,0.4,9.0
2011-02-15,9.5,92,94,18.2,6.19,8.3,9.4
2011-02-16,7.6,88,80,25.2,5.39,5.0,8.5
2011-02-17,9.3,76,76,24.8,11.16,3.7,9.4
2011-02-18,11.2,75,53,11.8,11.6,0.4,13.1
2011-02-19,9.5,94,99,11.1,2.83,12.9,9.7
2011-02-20,13.5,77,74,14.1,11.21,0.9,13.6
2011-02-21,12.2,71,82,19.1,7.25,0.0,13.1
2011-02-22,14.9,70,86,17.8,8.27,0.0,15.6
2011-02-23,16.5,68,49,8.8,15.25,0.0,19.1
2011-02-24,17.2,72,1,8.1,16.15,0.0,19.9
2011-02-25,19.4,72,7,7.8,16.67,0.0,21.6
2011-02-26,19.2,68,84,9.4,15.59,0.0,20.7
2011-02-27,11.3,57,46,22.4,15.63,0.0,12.5
2011-02-28,9.5,59,18,26.9,15.28,0.0,10.7
2011-03-01,8.8,56,36,20.0,10.86,0.0,8.9
2011-03-02,9.3,57,82,18.0,8.74,0.0,8.0
2011-03-03,8.0,62,63,12.6,12.17,0.0,7.7
2011-03-04,7.9,81,79,13.0,10.14,12.6,5.0
2011-03-05,9.7,75,81,12.4,9.23,3.0,12.1
2011-03-06,12.7,67,24,6.6,18.17,0.0,14.1
2011-03-07,15.0,64,46,12.0,18.17,0.0,17.3
2011-03-08,12.7,65,71,16.6,10.35,0.6,13.4
2011-03-09,14.4,72,75,10.2,12.26,0.0,14.8
2011-03-10,16.4,65,5,6.4,19.08,0.0,18.0
2011-03-11,10.8,70,89,13.5,8.13,6.1,11.0
2011-03-12,12.3,84,86,11.7,10.62,8.4,13.7
2011-03-13,11.9,82,79,12.6,10.63,0.7,13.6
2011-03-14,12.1,88,100,18.2,7.42,14.3,13.9
2011-03-15,12.6,76,97,15.3,12.0,17.3,12.7
2011-03-16,11.1,70,99,15.5,6.51,6.6,11.5
2011-03-17,15.1,72,30,16.6,14.08,0.0,16.5
2011-03-18,18.2,71,9,8.3,20.95,0.0,20.4
2011-03-19,18.4,65,0,9.1,21.2,0.0,21.4
2011-03-20,17.6,61,1,9.0,21.72,0.0,21.0
2011-03-21,14.9,67,31,10.3,19.28,0.2,16.5
2011-03-22,13.4,60,51,13.5,18.14,0.0,13.9
2011-03-23,12.1,72,71,23.3,12.19,5.3,12.0
2011-03-24,11.7,82,97,14.3,5.49,4.2,11.4
2011-03-25,16.2,77,76,10.3,16.16,1.3,14.4
2011-03-26,16.1,75,79,17.1,15.35,0.4,18.0
2011-03-27,13.5,77,68,18.8,12.2,1.5,13.4
2011-03-28,14.3,73,62,14.5,14.79,0.0,14.3
2011-03-29,16.1,71,72,13.0,16.19,0.0,17.4
2011-03-30,17.8,68,70,10.3,13.06,0.0,19.1
2011-03-31,20.1,68,4,6.5,22.78,0.0,21.8
2011-04-01,22.8,65,0,9.7,23.46,0.0,25.4
2011-04-02,21.3,60,82,13.7,19.82,0.0,20.2
2011-04-03,17.3,77,100,18.5,7.95,10.0,17.7
2011-04-04,20.2,76,49,7.4,20.61,0.0,21.7
2011-04-05,23.6,67,8,8.8,24.01,0.0,25.1
2011-04-06,24.8,58,42,11.5,23.57,0.0,25.2
2011-04-07,25.3,49,8,6.7,24.53,0.0,27.5
2011-04-08,26.3,51,0,7.9,24.67,0.0,27.9
2011-04-09,26.3,42,1,12.8,24.84,0.0,27.7
2011-04-10,23.0,61,2,16.7,23.89,0.0,24.1
2011-04-11,21.9,52,10,16.4,23.09,0.0,23.3
2011-04-12,22.3,49,1,15.4,25.61,0.0,24.0
2011-04-13,24.2,56,0,9.9,25.86,0.0,25.8
2011-04-14,25.3,47,10,11.5,25.72,0.0,26.4
2011-04-15,21.8,37,8,11.5,26.47,0.0,21.8
2011-04-16,19.4,49,74,14.3,15.18,0.0,20.6
2011-04-17,20.5,58,11,9.7,25.04,0.0,22.2
2011-04-18,22.0,47,45,11.3,25.99,0.0,22.5
2011-04-19,19.9,60,60,14.0,21.68,0.4,21.0
2011-04-20,18.2,79,83,12.4,13.33,12.6,19.9
2011-04-21,19.4,77,94,17.9,17.71,14.7,19.9
2011-04-22,13.8,82,85,14.5,15.61,18.2,13.9
2011-04-23,15.5,77,85,5.9,19.57,0.8,16.9
2011-04-24,18.0,67,50,16.1,20.83,0.6,19.2
2011-04-25,19.1,65,44,18.2,20.33,1.9,20.1
2011-04-26,19.1,65,25,15.0,22.13,0.1,20.6
2011-04-27,21.5,55,5,12.8,26.1,0.0,24.0
2011-04-28,21.9,54,23,9.4,25.77,0.2,23.2
2011-04-29,20.0,67,80,13.8,20.24,0.7,20.1
2011-04-30,16.9,75,81,13.0,20.66,0.9,15.9
2011-05-01,18.4,70,67,12.0,21.15,1.2,20.3
2011-05-02,20.2,69,84,6.9,21.15,1.2,22.5
2011-05-03,20.5,68,56,14.1,23.12,2.2,22.4
2011-05-04,21.1,59,71,10.7,23.45,0.0,22.2
2011-05-05,21.8,53,30,11.9,24.76,0.0,23.0
2011-05-06,22.7,73,84,17.4,17.45,12.8,23.0
2011-05-07,16.2,80,75,16.7,10.77,30.4,17.9
2011-05-08,20.3,66,1,11.5,28.91,0.0,21.2
2011-05-09,24.5,60,18,7.6,28.9,0.0,26.5
2011-05-10,25.3,58,12,9.7,29.08,0.0,26.2
2011-05-11,25.7,57,32,11.4,29.14,0.0,27.2
2011-05-12,19.6,60,93,13.2,11.6,0.7,23.3
2011-05-13,24.3,61,52,11.5,24.56,0.0,26.8
2011-05-14,25.5,62,40,18.1,23.62,5.3,27.1
2011-05-15,21.0,46,2,17.3,30.69,0.0,21.5
2011-05-16,22.9,50,18,14.4,29.71,0.0,24.0
2011-05-17,21.9,60,53,6.9,21.39,0.0,25.0
2011-05-18,24.1,57,62,19.1,25.69,0.5,24.3
2011-05-19,17.5,61,83,14.2,19.04,0.8,18.3
2011-05-20,22.7,58,24,7.5,24.79,0.0,25.0
2011-05-21,24.0,54,22,7.7,26.97,0.0,26.9
2011-05-22,25.6,55,28,10.5,25.63,0.0,27.3
2011-05-23,27.0,57,17,8.0,27.67,0.0,28.9
2011-05-24,28.7,51,12,9.0,28.75,0.0,31.2
2011-05-25,29.5,43,12,8.0,29.71,0.0,31.5
2011-05-26,27.8,47,88,18.7,22.22,0.0,29.4
2011-05-27,24.4,71,85,11.8,21.39,3.4,24.3
2011-05-28,26.2,65,45,7.1,26.4,0.0,28.4
2011-05-29,26.6,58,49,13.6,22.98,4.3,29.0
2011-05-30,22.8,66,76,14.3,22.63,1.7,22.8
2011-05-31,22.5,61,47,20.5,22.18,0.0,24.0
2011-06-01,21.5,43,9,20.1,31.17,0.0,21.1
2011-06-02,21.3,45,44,21.7,19.85,0.0,22.0
2011-06-03,22.5,49,31,14.9,24.59,0.0,23.8
2011-06-04,23.2,47,49,8.2,24.94,0.0,24.7
2011-06-05,24.5,55,48,8.0,25.76,0.0,26.1
2011-06-06,22.0,60,74,15.8,21.03,4.2,19.3
2011-06-07,17.1,79,92,10.3,10.07,9.2,19.2
2011-06-08,20.6,63,53,11.0,17.85,0.1,22.2
2011-06-09,21.7,52,73,15.1,24.32,0.0,23.9
2011-06-10,21.3,57,63,10.8,17.45,0.2,24.4
2011-06-11,25.1,54,90,9.5,25.9,0.0,27.2
2011-06-12,28.3,45,37,15.3,30.03,0.0,30.6
2011-06-13,28.3,45,33,10.5,30.59,0.0,30.6
2011-06-14,29.0,44,4,10.2,30.27,0.0,31.1
2011-06-15,30.8,43,1,10.8,30.26,0.0,32.3
2011-06-16,29.3,44,56,12.8,28.63,0.0,31.0
2011-06-17,29.9,39,70,15.8,29.26,0.0,30.7
2011-06-18,27.3,40,39,12.0,30.43,0.0,29.3
2011-06-19,30.5,36,7,8.7,30.85,0.0,31.9
2011-06-20,32.5,38,16,15.9,29.11,0.0,34.3
2011-06-21,33.2,37,15,17.3,27.83,0.0,35.1
2011-06-22,31.7,32,11,20.6,30.6,0.0,33.0
2011-06-23,30.7,34,16,9.4,30.74,0.0,32.1
2011-06-24,32.0,38,10,17.4,30.07,0.0,33.0
2011-06-25,34.3,36,8,8.0,30.49,0.0,35.9
2011-06-26,35.9,38,32,10.7,28.64,0.0,37.4
2011-06-27,34.9,35,32,15.2,26.45,0.0,37.4
2011-06-28,34.1,31,7,15.3,29.38,0.0,35.3
2011-06-29,32.6,39,20,16.5,28.27,0.0,34.7
2011-06-30,32.6,35,7,19.7,30.73,0.0,34.4
2011-07-01,33.5,34,31,19.9,28.77,0.0,34.4
2011-07-02,33.3,29,42,17.1,28.25,0.0,35.1
2011-07-03,30.2,27,61,19.2,26.33,0.0,31.6
2011-07-04,30.3,39,22,9.6,27.05,0.0,31.5
2011-07-05,32.8,34,7,15.5,29.51,0.0,33.8
2011-07-06,31.5,35,0,17.4,30.66,0.0,32.8
2011-07-07,29.4,30,4,16.9,30.69,0.0,30.3
2011-07-08,29.0,32,5,11.5,30.6,0.0,30.6
2011-07-09,30.3,40,4,14.3,28.87,0.0,31.9
2011-07-10,31.6,32,2,13.2,30.4,0.0,33.2
2011-07-11,33.0,25,0,15.1,30.75,0.0,35.1
2011-07-12,30.5,33,27,24.6,28.37,0.4,31.5
2011-07-13,24.5,47,38,19.1,21.63,0.0,25.3
2011-07-14,27.8,38,23,13.4,30.42,0.0,28.6
2011-07-15,30.6,33,3,13.0,29.46,0.0,32.0
2011-07-16,33.5,31,31,17.1,28.99,0.0,34.4
2011-07-17,28.7,39,17,13.7,28.49,0.0,30.2
2011-07-18,29.1,31,13,16.3,29.78,0.0,29.9
2011-07-19,26.5,39,42,14.9,28.24,0.0,27.4
2011-07-20,30.2,35,3,8.3,29.67,0.0,31.5
2011-07-21,32.2,36,2,21.2,29.88,0.0,33.5
2011-07-22,30.5,41,14,22.5,28.12,0.0,31.0
2011-07-23,30.5,32,13,22.3,28.47,0.0,31.9
2011-07-24,29.4,31,14,17.0,28.48,0.0,29.3
2011-07-25,29.7,42,29,12.7,21.22,0.0,31.8
2011-07-26,33.7,36,39,17.9,27.05,0.0,34.4
2011-07-27,31.0,37,46,20.6,28.05,0.0,32.1
2011-07-28,32.5,37,18,16.6,27.44,0.0,33.7
2011-07-29,33.4,32,20,13.9,26.74,0.0,34.4
2011-07-30,33.6,29,42,11.4,26.1,0.0,34.9
2011-07-31,33.7,32,8,17.4,28.14,0.0,34.0
2011-08-01,34.0,36,46,15.8,24.99,0.3,33.0
2011-08-02,26.9,52,44,19.5,21.17,0.6,27.7
2011-08-03,30.5,44,24,7.0,25.73,0.0,31.3
2011-08-04,33.5,36,16,9.3,27.66,0.0,34.3
2011-08-05,32.2,37,70,17.7,24.93,0.0,33.8
2011-08-06,32.4,35,35,18.9,26.96,0.0,32.6
2011-08-07,31.9,43,36,16.3,26.63,0.0,32.5
2011-08-08,31.3,32,0,13.8,27.95,0.0,32.5
2011-08-09,32.1,31,6,18.6,27.69,0.0,33.4
2011-08-10,33.8,32,4,15.4,27.45,0.0,34.8
2011-08-11,34.9,41,19,10.6,26.45,0.0,36.0
2011-08-12,35.6,37,34,17.1,23.18,1.8,34.9
2011-08-13,30.7,50,43,9.0,21.95,0.2,32.0
2011-08-14,33.7,38,40,15.9,26.09,0.0,34.1
2011-08-15,34.2,36,1,11.2,26.47,0.0,35.3
2011-08-16,35.2,35,0,12.8,26.67,0.0,36.1
2011-08-17,34.7,29,3,17.3,26.52,0.0,35.4
2011-08-18,32.8,36,37,14.8,21.09,3.9,35.8
2011-08-19,35.4,42,18,11.5,24.97,0.0,37.0
2011-08-20,37.5,34,20,13.2,25.38,0.1,38.6
2011-08-21,36.1,33,35,15.0,24.17,0.6,36.1
2011-08-22,27.8,52,24,16.4,24.35,0.5,28.2
2011-08-23,30.0,46,1,13.6,25.64,0.0,32.0
2011-08-24,29.6,44,4,13.5,24.78,0.0,31.0
2011-08-25,30.4,40,1,19.9,25.34,0.0,32.0
2011-08-26,25.8,41,27,16.3,21.72,0.0,26.0
2011-08-27,28.0,29,0,10.6,26.27,0.0,29.0
2011-08-28,30.7,35,3,14.5,24.78,0.0,32.0
2011-08-29,31.2,24,2,14.5,24.7,0.0,32.0
2011-08-30,30.7,23,7,16.8,25.05,0.0,32.0
2011-08-31,26.8,47,84,17.3,18.7,0.5,28.0
2011-09-01,26.9,57,89,13.8,18.87,0.0,29.0
2011-09-02,24.2,63,56,10.5,19.4,2.7,26.0
2011-09-03,24.3,55,67,9.3,11.42,0.0,23.0
2011-09-04,26.5,55,30,15.7,22.09,0.0,28.0
2011-09-05,27.5,45,3,9.8,23.75,0.0,29.0
2011-09-06,29.9,41,0,12.3,23.49,0.0,31.0
2011-09-07,32.1,33,0,8.1,23.87,0.0,34.0
2011-09-08,32.6,28,0,11.7,23.63,0.0,34.0
2011-09-09,33.3,24,11,13.0,23.22,0.0,35.0
2011-09-10,31.5,23,29,17.1,22.66,0.0,33.0
2011-09-11,29.8,38,77,9.9,20.03,0.0,29.0
2011-09-12,30.9,39,11,8.3,22.41,0.0,33.0
2011-09-13,32.7,36,0,8.3,22.08,0.0,34.0
2011-09-14,32.0,37,42,16.6,19.95,0.0,33.0
2011-09-15,31.6,37,21,12.3,21.88,0.0,33.0
2011-09-16,31.0,39,31,10.8,19.45,0.0,32.0
2011-09-17,30.0,37,14,14.6,20.0,0.0,31.0
2011-09-18,25.5,42,33,16.6,19.79,0.0,26.0
2011-09-19,25.4,36,10,14.1,21.59,0.0,26.0
2011-09-20,28.3,34,4,9.7,21.25,0.0,29.0
2011-09-21,29.3,37,13,9.7,20.51,0.0,30.0
2011-09-22,28.9,34,13,7.6,20.79,0.0,30.0
2011-09-23,28.0,40,67,10.2,17.78,0.0,29.0
2011-09-24,25.7,37,9,13.3,20.03,0.0,26.0
2011-09-25,27.1,33,0,7.6,20.44,0.0,27.0
2011-09-26,28.1,40,1,5.6,19.88,0.0,30.0
2011-09-27,28.6,43,14,6.0,19.55,0.0,29.0
2011-09-28,26.4,36,84,10.9,14.39,0.0,26.0
2011-09-29,27.1,38,57,12.2,19.16,0.0,28.0
2011-09-30,26.4,52,14,9.4,19.13,0.0,27.0
2011-10-01,26.5,53,3,10.6,18.93,0.0,27.0
2011-10-02,25.9,53,1,10.2,19.0,0.0,26.0
2011-10-03,29.0,36,0,9.2,18.94,0.0,30.0
2011-10-04,28.8,23,0,12.4,18.9,0.0,30.0
2011-10-05,29.2,29,0,9.2,18.7,0.0,30.0
2011-10-06,29.7,35,18,7.4,18.03,0.0,31.0
2011-10-07,21.4,48,74,17.8,13.33,0.0,22.0
2011-10-08,21.6,46,26,17.3,17.57,0.0,23.0
2011-10-09,23.8,48,1,13.2,17.48,0.0,26.0
2011-10-10,26.6,41,0,12.0,17.4,0.0,28.0
2011-10-11,29.3,34,0,9.4,17.36,0.0,31.0
2011-10-12,30.1,33,0,8.4,17.15,0.0,32.0
2011-10-13,30.1,30,0,8.4,17.04,0.0,32.0
2011-10-14,28.3,28,0,9.7,17.18,0.0,30.0
2011-10-15,24.7,49,11,9.2,15.69,0.0,26.0
2011-10-16,24.9,53,8,7.3,16.19,0.0,26.0
2011-10-17,23.2,53,47,8.7,15.22,0.0,23.0
2011-10-18,23.3,49,4,8.1,15.91,0.0,24.0
2011-10-19,23.9,40,41,15.4,14.54,0.0,25.0
2011-10-20,19.2,45,6,17.1,15.98,0.0,19.2
2011-10-21,19.5,47,5,11.5,14.91,0.0,21.0
2011-10-22,20.5,60,21,9.1,12.83,0.0,23.0
2011-10-23,18.1,64,42,20.9,9.6,0.3,21.0
2011-10-24,16.9,80,80,22.7,5.64,18.2,17.0
2011-10-25,13.4,67,25,17.7,11.2,0.0,15.0
2011-10-26,15.0,71,92,17.9,7.45,0.9,16.0
2011-10-27,13.4,89,83,16.6,5.58,22.7,16.0
2011-10-28,16.6,71,46,18.9,8.05,0.0,18.0
2011-10-29,19.1,71,15,10.1,12.48,0.0,20.0
2011-10-30,20.1,73,18,9.0,13.37,0.0,22.0
2011-10-31,19.3,72,20,11.4,11.51,0.0,22.0
2011-11-01,18.3,79,75,13.7,8.94,0.7,20.0
2011-11-02,17.3,80,99,23.7,5.18,6.2,18.0
2011-11-03,13.8,82,81,27.2,8.41,20.3,15.0
2011-11-04,12.2,88,99,11.4,5.98,14.2,13.0
2011-11-05,12.1,77,99,15.3,5.37,5.9,12.0
2011-11-06,13.4,62,75,18.9,8.31,0.4,14.0
2011-11-07,14.6,72,76,8.9,4.81,0.8,14.0
2011-11-08,14.8,74,46,11.5,11.49,0.0,16.0
2011-11-09,14.6,79,74,10.5,8.61,1.6,14.0
2011-11-10,15.2,85,96,12.1,4.83,0.1,16.4
2011-11-11,17.5,80,60,13.3,8.27,0.0,20.0
2011-11-12,19.5,75,32,13.0,10.66,0.0,21.0
2011-11-13,16.8,78,75,16.1,5.51,0.1,18.0
2011-11-14,15.9,80,88,20.7,5.92,10.2,16.0
2011-11-15,11.9,86,58,15.6,5.64,0.6,12.0
2011-11-16,13.2,78,70,10.6,8.78,0.0,13.0
2011-11-17,14.3,77,71,8.0,8.57,0.0,14.0
2011-11-18,13.3,87,68,10.0,5.5,3.9,14.0
2011-11-19,14.1,82,98,13.5,6.51,5.3,15.0
2011-11-20,13.3,89,99,13.9,3.75,11.6,13.0
2011-11-21,14.1,81,71,8.4,7.09,0.0,16.0
2011-11-22,11.8,87,90,7.9,4.0,2.9,12.0
2011-11-23,16.0,75,31,15.0,10.01,2.3,17.0
2011-11-24,14.2,76,3,11.4,9.93,0.0,17.0
2011-11-25,16.0,75,16,8.4,10.14,0.0,17.0
2011-11-26,14.8,71,21,7.2,9.7,0.0,15.0
2011-11-27,14.0,75,19,4.7,10.05,0.0,14.0
2011-11-28,12.1,78,10,7.2,10.05,0.0,13.0
2011-11-29,12.4,82,2,8.0,9.75,0.0,14.0
2011-11-30,11.9,85,18,4.5,8.95,0.0,14.0
2011-12-01,9.8,91,78,7.3,6.3,0.0,12.0
2011-12-02,8.8,78,60,16.4,7.18,4.5,10.0
2011-12-03,11.4,70,62,14.8,8.18,0.0,10.0
2011-12-04,10.9,76,38,6.9,9.18,0.0,11.0
2011-12-05,13.0,85,60,9.1,4.47,0.0,13.0
2011-12-06,13.3,82,23,8.6,6.71,0.0,15.0
2011-12-07,11.2,87,19,6.3,8.11,0.0,11.0
2011-12-08,12.8,80,50,7.9,9.28,0.0,15.0
2011-12-09,10.9,83,89,7.1,6.88,0.0,10.0
2011-12-10,6.3,93,86,6.0,3.74,0.7,5.0
2011-12-11,8.4,89,94,8.9,3.07,0.3,8.0
2011-12-12,10.5,88,74,12.3,3.68,0.0,10.0
2011-12-13,8.9,91,99,16.1,3.57,0.0,11.0
2011-12-14,12.1,86,87,20.4,4.45,0.9,14.0
2011-12-15,11.3,77,82,11.8,6.71,0.0,12.0
2011-12-16,11.1,89,92,29.1,3.03,2.2,12.0
2011-12-17,8.7,65,44,13.7,7.51,0.0,10.0
2011-12-18,8.2,70,29,14.0,7.79,0.0,9.0
2011-12-19,8.1,72,17,6.9,8.55,0.0,9.0
2011-12-20,9.4,75,40,6.2,6.02,0.0,9.0
2011-12-21,13.5,81,33,6.8,8.25,0.0,17.0
2011-12-22,13.9,85,15,8.0,8.88,0.0,15.0
2011-12-23,13.3,80,0,8.8,9.26,0.0,13.0
2011-12-24,11.1,73,4,15.0,9.13,0.0,12.0
2011-12-25,11.9,68,12,6.9,9.26,0.0,16.0
2011-12-26,10.1,68,16,6.9,8.94,0.0,11.0
2011-12-27,10.8,71,5,8.3,9.06,0.0,12.0
2011-12-28,10.5,68,3,8.7,9.17,0.0,12.0
2011-12-29,8.9,71,34,15.7,9.04,0.0,11.0
2011-12-30,9.4,76,8,7.7,9.05,0.0,10.0
2011-12-31,11.8,74,40,8.1,8.55,0.0,
2012-01-01,11.7,82,15,10.0,8.93,0.0,12.0
2012-01-02,10.8,78,63,15.7,6.16,0.4,12.0
2012-01-03,11.8,77,10,7.9,9.27,0.0,11.0
2012-01-04,12.5,80,10,6.4,8.66,0.0,13.0
2012-01-05,12.9,86,50,9.2,8.04,0.0,13.0
2012-01-06,13.4,79,56,15.1,7.71,0.0,15.0
2012-01-07,12.9,82,14,8.8,8.94,0.0,15.0
2012-01-08,13.3,74,0,6.7,9.9,0.0,15.0
2012-01-09,12.6,75,1,7.2,9.83,0.0,16.0
2012-01-10,11.0,73,6,6.8,9.78,0.0,12.0
2012-01-11,10.6,74,65,8.9,8.94,0.0,13.0
2012-01-12,8.6,79,54,5.8,8.8,0.0,11.0
2012-01-13,7.7,78,88,7.6,4.56,0.0,8.0
2012-01-14,9.0,77,6,10.5,9.6,0.0,10.0
2012-01-15,4.2,93,80,4.9,2.41,1.6,4.0
2012-01-16,5.4,89,97,20.0,2.93,5.2,6.0
2012-01-17,10.8,71,24,17.9,10.37,0.0,12.0
2012-01-18,11.0,72,3,6.5,10.5,0.0,12.0
2012-01-19,12.2,82,61,8.9,6.16,0.0,14.0
2012-01-20,12.8,83,76,15.0,7.04,0.0,15.0
2012-01-21,12.8,82,17,12.0,9.55,0.0,15.0
2012-01-22,14.0,82,13,8.4,10.45,0.0,15.0
2012-01-23,12.6,81,10,9.8,10.06,0.0,14.0
2012-01-24,13.1,74,2,10.5,11.04,0.0,15.0
2012-01-25,12.2,73,0,9.7,11.38,0.0,14.0
2012-01-26,10.9,77,19,8.9,10.77,0.0,10.0
2012-01-27,8.7,77,81,16.3,6.02,0.3,9.0
2012-01-28,9.8,63,8,12.2,11.78,0.0,11.0
2012-01-29,8.1,60,23,21.6,10.41,0.0,9.0
2012-01-30,9.1,66,22,8.7,11.81,0.0,10.0
2012-01-31,10.8,68,25,10.0,12.06,0.0,12.0
2012-02-01,10.9,76,23,9.4,10.63,1.0,11.0
2012-02-02,3.7,56,27,24.5,11.44,1.0,5.0
2012-02-03,3.2,39,9,27.4,13.23,0.0,4.0
2012-02-04,4.5,43,26,31.9,10.85,0.0,5.0
2012-02-05,7.3,69,58,17.3,5.47,1.3,11.0
2012-02-06,10.0,72,59,22.6,6.65,0.0,14.0
2012-02-07,7.9,67,59,22.3,6.08,0.9,9.0
2012-02-08,3.9,46,30,29.1,12.33,0.0,5.0
2012-02-09,8.7,58,9,8.7,13.89,0.0,10.0
2012-02-10,8.5,63,14,16.9,13.45,0.0,10.0
2012-02-11,5.9,53,4,16.2,14.77,0.0,8.0
2012-02-12,4.6,43,6,23.7,14.63,0.0,6.0
2012-02-13,7.8,48,26,27.2,12.86,0.0,7.0
2012-02-14,7.8,69,56,21.4,9.24,0.0,10.0
2012-02-15,9.2,65,37,17.6,11.28,0.0,11.0
2012-02-16,10.2,63,52,22.6,10.3,0.0,11.0
2012-02-17,10.4,61,15,15.9,14.86,0.0,13.0
2012-02-18,11.3,55,0,9.4,15.49,0.0,13.0
2012-02-19,13.0,63,16,12.0,13.45,0.0,14.0
2012-02-20,11.2,54,1,12.7,16.34,0.0,13.0
2012-02-21,11.2,50,24,6.9,16.02,0.0,13.0
2012-02-22,12.6,47,7,7.1,16.73,0.0,16.0
2012-02-23,14.8,40,0,8.6,17.07,0.0,18.0
2012-02-24,15.8,40,15,6.0,16.56,0.0,19.0
2012-02-25,17.6,40,58,8.5,15.54,0.0,20.0
2012-02-26,19.5,52,34,9.8,16.32,0.0,22.0
2012-02-27,17.8,55,3,10.0,17.11,0.0,19.0
2012-02-28,18.1,51,6,8.7,17.0,0.0,20.0
2012-02-29,19.1,51,26,8.3,16.99,0.0,20.0
2012-03-01,18.6,50,13,9.0,16.89,0.0,20.0
2012-03-02,14.6,60,62,13.2,14.27,0.1,13.0
2012-03-03,15.2,68,53,10.4,14.16,0.0,15.0
2012-03-04,15.9,71,75,16.7,9.39,0.1,16.0
2012-03-05,13.8,51,25,13.8,18.75,0.0,14.0
2012-03-06,13.1,46,37,14.7,19.06,0.0,14.0
2012-03-07,14.2,49,37,10.0,17.49,0.0,14.0
2012-03-08,15.0,49,58,22.4,17.77,0.0,16.0
2012-03-09,19.8,45,1,17.2,19.44,0.0,22.0
2012-03-10,17.7,41,30,9.7,18.92,0.0,16.0
2012-03-11,19.3,47,4,11.2,19.84,0.0,21.0
2012-03-12,21.0,45,0,10.2,20.12,0.0,23.0
2012-03-13,21.9,39,3,9.7,20.42,0.0,23.0
2012-03-14,24.1,33,0,9.2,20.63,0.0,25.0
2012-03-15,23.0,30,53,6.5,19.73,0.0,25.0
2012-03-16,17.2,47,21,17.5,17.27,1.1,19.0
2012-03-17,17.0,62,25,21.0,17.21,0.0,16.0
2012-03-18,13.8,53,25,17.4,19.02,0.0,14.0
2012-03-19,13.1,41,16,17.8,20.61,0.0,14.0
2012-03-20,11.6,44,67,19.2,13.99,0.4,12.0
2012-03-21,9.0,71,75,17.8,12.35,6.9,6.0
2012-03-22,15.5,65,19,8.0,21.51,0.0,15.0
2012-03-23,19.6,51,78,12.6,18.58,0.0,19.0
2012-03-24,20.9,50,50,12.0,22.33,0.0,21.0
2012-03-25,21.4,38,45,7.1,22.72,0.0,22.0
2012-03-26,19.9,38,80,11.6,21.95,0.0,20.0
2012-03-27,20.1,42,6,9.4,22.9,0.0,20.0
2012-03-28,21.0,36,0,13.8,23.54,0.0,22.0
2012-03-29,21.5,30,0,11.2,24.05,0.0,22.0
2012-03-30,21.9,32,26,9.0,23.69,0.0,23.0
2012-03-31,20.9,37,82,7.8,18.2,0.0,20.0
2012-04-01,20.8,38,35,8.5,21.39,0.0,22.0
2012-04-02,19.4,56,81,15.2,19.58,0.6,19.0
2012-04-03,15.9,79,96,9.1,13.08,12.0,16.0
2012-04-04,14.0,81,76,10.0,12.08,8.1,11.0
2012-04-05,12.7,82,82,11.3,11.6,6.3,14.0
2012-04-06,11.1,71,59,21.8,20.69,2.6,10.0
2012-04-07,11.6,68,59,17.9,14.28,0.5,12.0
2012-04-08,17.8,63,11,6.9,23.94,0.0,19.0
2012-04-09,20.3,59,11,15.3,25.25,0.0,22.0
2012-04-10,17.2,57,54,27.5,22.07,1.1,18.0
2012-04-11,17.0,56,53,15.9,19.7,0.0,16.0
2012-04-12,14.6,65,73,12.3,15.7,0.8,15.0
2012-04-13,13.8,53,62,18.7,23.01,0.1,14.0
2012-04-14,13.1,69,74,21.8,16.86,6.0,15.0
2012-04-15,12.2,60,34,23.5,22.35,0.2,13.0
2012-04-16,12.2,44,18,27.8,24.41,0.0,12.0
2012-04-17,19.3,50,34,17.7,23.43,0.0,19.0
2012-04-18,13.9,55,83,24.8,14.01,0.6,15.0
2012-04-19,14.4,67,66,22.8,16.14,2.4,16.0
2012-04-20,16.6,60,75,23.7,13.55,0.2,18.0
2012-04-21,17.4,68,54,20.1,17.06,0.3,19.0
2012-04-22,18.9,57,53,14.8,25.15,0.0,19.0
2012-04-23,19.4,53,46,24.9,22.18,0.0,19.0
2012-04-24,16.6,48,56,16.1,24.56,0.0,17.0
2012-04-25,18.2,55,78,29.3,23.73,0.0,19.0
2012-04-26,13.7,78,90,20.2,5.68,4.0,16.0
2012-04-27,16.4,78,71,18.9,13.72,0.7,20.0
2012-04-28,11.2,81,88,18.4,8.2,5.8,12.0
2012-04-29,13.1,72,86,15.6,18.45,3.2,13.0
2012-04-30,14.9,68,53,16.7,23.22,0.1,15.0
2012-05-01,14.8,64,44,13.9,24.25,1.8,14.0
2012-05-02,17.1,64,41,15.1,19.72,0.0,18.0
2012-05-03,16.1,66,45,17.6,17.8,3.6,17.0
2012-05-04,15.0,81,84,20.4,18.43,3.4,16.0
2012-05-05,15.6,70,79,17.3,19.14,1.3,16.0
2012-05-06,17.3,61,56,14.8,20.55,0.0,19.0
2012-05-07,18.9,63,49,19.6,20.94,0.2,20.0
2012-05-08,22.0,71,88,17.6,15.13,0.7,24.0
2012-05-09,25.5,61,34,8.9,27.96,0.0,27.0
2012-05-10,29.8,51,27,9.8,28.77,0.0,32.0
2012-05-11,31.6,46,24,12.7,28.22,0.0,33.0
2012-05-12,31.8,49,56,15.0,24.05,0.2,33.0
2012-05-13,31.1,50,45,19.3,27.4,0.0,32.0
2012-05-14,29.7,48,10,17.4,29.08,0.0,32.0
2012-05-15,27.3,41,3,13.2,29.9,0.0,29.0
2012-05-16,28.9,32,54,14.0,29.4,0.0,30.0
2012-05-17,30.3,38,76,21.9,27.61,0.0,30.0
2012-05-18,26.8,39,20,18.2,29.65,0.0,28.0
2012-05-19,18.9,49,28,21.3,19.14,0.7,22.0
2012-05-20,15.6,55,74,14.0,22.35,2.9,17.0
2012-05-21,18.8,48,61,22.0,20.71,0.2,18.0
2012-05-22,22.8,49,14,12.4,24.49,0.0,24.0
2012-05-23,27.8,45,1,9.0,30.36,0.0,29.0
2012-05-24,29.8,37,0,9.3,30.41,0.0,31.0
2012-05-25,30.5,35,51,17.1,26.21,0.0,32.0
2012-05-26,25.6,37,60,15.3,29.15,0.0,26.0
2012-05-27,26.5,34,31,8.7,30.66,0.0,28.0
2012-05-28,29.0,28,38,10.8,29.74,0.0,30.0
2012-05-29,28.9,30,35,13.5,29.17,0.0,30.0
2012-05-30,31.3,27,76,8.4,29.11,0.0,32.0
2012-05-31,33.3,29,9,9.0,29.99,0.0,35.0
2012-06-01,34.0,26,28,12.4,29.66,0.0,35.0
2012-06-02,29.7,38,67,22.8,24.16,0.8,31.0
2012-06-03,27.1,45,80,10.9,24.95,0.2,28.0
2012-06-04,29.5,38,43,7.0,30.5,0.0,31.0
2012-06-05,31.4,34,16,15.6,30.2,0.0,33.0
2012-06-06,30.0,42,59,22.8,28.65,0.0,31.0
2012-06-07,26.4,45,39,25.9,27.08,0.0,27.0
2012-06-08,24.6,40,73,10.2,22.76,0.0,25.0
2012-06-09,27.8,35,69,11.9,27.89,0.0,28.0
2012-06-10,27.5,45,47,19.9,21.12,0.0,30.0
2012-06-11,25.0,41,59,24.8,25.44,0.0,27.0
2012-06-12,23.8,37,16,16.8,27.02,0.0,25.0
2012-06-13,26.8,33,41,8.6,30.7,0.0,28.0
2012-06-14,29.6,31,26,18.9,30.97,0.0,31.0
2012-06-15,30.4,36,1,18.4,30.59,0.0,32.0
2012-06-16,31.1,31,0,16.6,31.46,0.0,32.0
2012-06-17,31.5,35,4,20.7,31.28,0.0,33.0
2012-06-18,30.6,33,58,13.6,25.78,0.0,32.0
2012-06-19,27.0,57,73,13.0,17.61,6.2,26.0
2012-06-20,29.3,53,24,19.1,29.87,0.0,31.0
2012-06-21,28.6,33,15,17.8,30.45,0.0,30.0
2012-06-22,31.0,32,0,9.8,31.29,0.0,32.0
2012-06-23,33.6,31,36,11.2,30.65,0.0,35.0
2012-06-24,36.0,23,0,6.6,31.02,0.0,38.0
2012-06-25,36.8,25,1,16.4,30.84,0.0,39.0
2012-06-26,38.7,25,30,14.0,29.61,0.0,40.0
2012-06-27,35.9,23,57,16.6,21.93,0.4,39.0
2012-06-28,34.4,24,3,22.7,31.12,0.0,36.0
2012-06-29,30.4,24,0,23.2,31.48,0.0,31.0
2012-06-30,27.3,29,3,17.8,30.36,0.0,27.0
2012-07-01,25.8,34,8,14.5,30.93,0.0,27.0
2012-07-02,29.3,28,39,13.2,29.07,0.0,31.0
2012-07-03,32.7,23,75,14.1,28.0,0.0,34.0
2012-07-04,31.9,31,13,15.1,29.51,0.0,32.0
2012-07-05,28.8,32,2,15.3,29.43,0.0,29.0
2012-07-06,29.7,33,7,12.5,29.92,0.0,31.0
2012-07-07,31.3,32,0,24.3,30.41,0.0,33.0
2012-07-08,31.6,33,2,13.8,30.95,0.0,33.0
2012-07-09,31.9,21,0,19.1,30.94,0.0,33.0
2012-07-10,30.4,26,0,17.6,31.11,0.0,32.0
2012-07-11,30.8,28,4,20.9,30.0,0.0,32.0
2012-07-12,32.2,37,1,13.7,30.57,0.0,33.0
2012-07-13,34.6,22,1,20.5,30.94,0.0,36.0
2012-07-14,30.2,36,1,14.1,29.69,0.0,
2012-07-15,30.9,27,1,13.5,30.0,0.0,
2012-07-16,32.7,33,14,21.5,28.98,0.0,34.0
2012-07-17,35.4,20,0,15.8,30.45,0.0,37.0
2012-07-18,36.3,25,0,10.6,30.03,0.0,37.0
2012-07-19,37.4,19,8,13.5,29.64,0.0,38.0
2012-07-20,34.5,22,6,13.8,30.19,0.0,36.0
2012-07-21,33.8,30,17,16.9,27.99,0.0,35.0
2012-07-22,34.5,25,53,19.6,29.84,0.0,36.0
2012-07-23,34.4,22,18,15.3,29.88,0.0,35.0
2012-07-24,34.5,36,6,15.3,28.54,0.0,35.0
2012-07-25,34.6,32,25,15.5,26.1,0.2,36.0
2012-07-26,34.8,33,34,15.1,26.35,1.7,35.0
2012-07-27,31.9,39,24,14.8,25.06,0.4,32.0
2012-07-28,30.8,49,21,14.2,25.97,0.0,32.0
2012-07-29,32.4,42,3,12.2,27.82,0.0,34.0
2012-07-30,34.7,28,0,11.8,29.24,0.0,36.0
2012-07-31,35.7,19,0,21.5,29.47,0.0,38.0
2012-08-01,34.6,17,0,19.9,29.37,0.0,36.0
2012-08-02,34.5,24,0,16.1,29.0,0.0,36.0
2012-08-03,34.4,30,4,13.0,28.58,0.0,35.0
2012-08-04,32.9,29,5,16.3,27.79,0.2,34.0
2012-08-05,29.0,36,20,26.8,25.16,1.2,30.0
2012-08-06,28.4,43,4,9.7,27.83,0.0,30.0
2012-08-07,32.8,37,25,11.9,27.44,0.0,34.0
2012-08-08,34.5,36,3,12.9,27.55,0.0,35.0
2012-08-09,38.1,29,10,14.1,26.72,0.0,40.0
2012-08-10,39.2,19,28,12.8,24.45,0.0,41.0
2012-08-11,38.4,17,25,26.9,26.84,0.0,40.0
2012-08-12,32.7,22,55,13.3,27.36,0.0,33.0
2012-08-13,31.8,27,39,12.0,27.24,0.0,32.0
2012-08-14,31.4,30,3,18.1,27.15,0.0,
2012-08-15,24.9,47,47,23.1,14.35,0.2,26.0
2012-08-16,31.6,49,5,13.2,26.14,0.0,33.0
2012-08-17,37.9,36,6,12.3,26.52,0.0,39.0
2012-08-18,37.9,28,14,14.2,24.68,0.0,39.0
2012-08-19,36.3,28,21,18.0,22.79,0.1,36.0
2012-08-20,36.7,29,34,11.5,24.45,0.0,38.0
2012-08-21,37.1,23,7,14.8,25.93,0.0,38.0
2012-08-22,36.7,24,7,14.8,25.89,0.0,38.0
2012-08-23,34.1,23,11,19.2,25.99,0.0,35.0
2012-08-24,31.9,32,7,18.2,25.73,0.0,32.0
2012-08-25,29.9,38,13,11.6,21.55,0.0,31.0
2012-08-26,30.9,33,0,13.6,25.51,0.0,32.0
2012-08-27,32.9,28,8,17.6,25.04,0.0,33.0
2012-08-28,32.4,25,21,14.0,24.72,0.0,33.0
2012-08-29,31.4,30,64,17.1,22.33,0.0,32.0
2012-08-30,29.8,33,35,25.6,23.25,0.0,31.0
2012-08-31,27.9,34,15,20.3,25.31,0.0,28.0
2012-09-01,27.3,33,69,18.3,23.26,0.0,28.0
2012-09-02,26.5,29,14,16.3,24.86,0.0,27.0
2012-09-03,27.7,35,9,18.4,23.98,0.0,29.0
2012-09-04,28.3,41,3,18.6,23.87,0.0,29.0
2012-09-05,29.3,41,2,16.0,23.55,0.0,31.0
2012-09-06,30.3,37,4,11.1,21.55,0.0,32.0
2012-09-07,31.1,35,21,11.1,22.1,0.0,32.0
2012-09-08,31.3,33,33,9.5,21.06,0.0,32.0
2012-09-09,28.7,39,18,12.1,19.48,0.0,30.0
2012-09-10,27.8,40,60,13.0,19.7,0.0,29.0
2012-09-11,29.7,35,11,7.8,22.44,0.0,31.0
2012-09-12,31.7,34,34,15.8,20.7,0.0,33.0
2012-09-13,26.1,41,29,15.7,21.93,0.0,26.0
2012-09-14,31.1,34,0,12.6,22.67,0.0,32.0
2012-09-15,32.8,24,5,9.7,22.27,0.0,34.0
2012-09-16,32.4,19,48,12.3,20.5,0.0,34.0
2012-09-17,31.3,23,98,14.5,18.75,0.0,31.0
2012-09-18,30.2,33,72,12.7,16.28,0.0,31.0
2012-09-19,28.7,43,13,16.5,17.59,0.0,31.0
2012-09-20,27.6,54,36,11.0,15.42,0.0,29.0
2012-09-21,29.1,54,11,12.7,19.0,0.0,30.0
2012-09-22,29.3,42,17,13.4,19.57,0.0,31.0
2012-09-23,26.8,51,67,31.1,16.61,0.6,29.0
2012-09-24,23.2,59,32,17.9,17.73,0.0,22.0
2012-09-25,19.0,59,57,25.5,13.53,0.0,19.0
2012-09-26,18.8,59,70,21.8,13.12,6.7,20.0
2012-09-27,19.0,56,94,12.4,11.42,3.6,18.0
2012-09-28,16.3,91,100,17.2,2.66,30.5,17.0
2012-09-29,18.3,73,96,17.2,5.91,16.6,19.0
2012-09-30,19.3,61,4,8.6,19.21,0.0,20.0
2012-10-01,20.9,64,5,8.3,19.07,0.0,23.0
2012-10-02,21.4,66,71,8.3,15.7,0.0,24.0
2012-10-03,22.6,58,0,9.8,18.65,0.0,25.0
2012-10-04,23.1,57,0,6.1,18.44,0.0,26.0
2012-10-05,24.4,59,5,6.2,18.18,0.0,27.0
2012-10-06,23.3,61,61,13.0,15.97,0.0,24.0
2012-10-07,26.0,65,80,8.0,16.61,0.0,28.0
2012-10-08,27.0,58,51,9.7,16.85,0.0,29.0
2012-10-09,26.5,64,2,9.7,16.32,0.0,29.0
2012-10-10,25.6,67,52,14.3,14.14,0.0,27.0
2012-10-11,21.9,71,63,16.0,13.5,0.3,24.0
2012-10-12,18.8,75,76,9.1,9.46,1.9,19.0
2012-10-13,20.1,68,50,8.8,16.22,0.9,21.0
2012-10-14,18.5,65,69,20.0,11.73,2.3,19.0
2012-10-15,16.8,62,3,8.3,15.61,0.0,17.0
2012-10-16,18.8,56,52,14.3,14.5,0.0,20.0
2012-10-17,20.9,53,31,16.7,15.79,0.0,24.0
2012-10-18,20.7,58,95,15.5,10.47,0.9,21.0
2012-10-19,14.8,75,97,9.4,7.81,12.2,17.0
2012-10-20,17.7,69,96,10.3,9.03,0.5,18.0
2012-10-21,14.5,77,92,7.6,2.91,7.7,15.0
2012-10-22,18.6,72,24,7.3,14.56,0.0,19.0
2012-10-23,21.0,70,46,6.3,14.18,0.0,22.0
2012-10-24,19.4,80,96,9.0,7.39,0.7,19.0
2012-10-25,17.3,90,95,15.1,8.03,14.3,18.0
2012-10-26,16.1,86,88,13.7,8.67,8.1,18.0
2012-10-27,14.4,75,36,20.2,8.29,0.5,18.0
2012-10-28,11.4,53,5,16.3,13.8,0.0,12.0
2012-10-29,12.6,63,20,7.2,14.07,0.0,13.0
2012-10-30,9.1,86,90,10.7,1.97,19.7,9.0
2012-10-31,12.4,79,77,15.0,9.23,0.0,12.0
2012-11-01,13.6,78,51,20.1,7.03,0.0,15.0
2012-11-02,14.6,80,75,18.5,6.85,0.4,16.0
2012-11-03,13.9,90,99,10.1,3.3,14.7,13.0
2012-11-04,14.1,94,100,11.0,1.58,22.9,14.0
2012-11-05,13.3,65,59,12.3,12.58,0.0,14.0
2012-11-06,12.9,63,42,15.6,12.34,0.0,13.0
2012-11-07,10.4,66,92,16.1,4.37,9.9,11.0
2012-11-08,15.0,89,99,9.7,6.73,10.0,13.0
2012-11-09,13.2,94,95,8.6,2.38,20.6,16.0
2012-11-10,12.2,89,67,16.9,6.59,1.3,14.0
2012-11-11,10.9,67,32,25.7,9.09,1.1,12.0
2012-11-12,13.4,57,15,20.5,11.48,0.0,14.0
2012-11-13,15.0,64,6,12.3,11.87,0.0,17.0
2012-11-14,16.9,75,42,11.8,7.47,0.0,20.0
2012-11-15,15.9,85,75,15.0,4.85,0.0,18.0
2012-11-16,15.6,84,75,10.7,6.19,0.3,16.0
2012-11-17,12.2,92,97,10.0,2.47,10.4,13.0
2012-11-18,13.8,82,67,15.3,5.91,0.0,16.0
2012-11-19,14.1,80,27,9.0,9.64,0.0,16.0
2012-11-20,13.2,84,88,9.8,7.34,0.0,12.0
2012-11-21,12.8,81,99,9.1,4.76,0.0,14.0
2012-11-22,13.7,64,57,10.6,8.6,0.0,15.0
2012-11-23,13.8,76,91,14.6,6.57,0.0,14.0
2012-11-24,14.4,78,99,10.9,6.9,0.0,15.0
2012-11-25,14.7,84,86,9.8,5.44,0.0,15.0
2012-11-26,11.6,81,90,14.5,4.3,5.0,13.0
2012-11-27,8.2,69,25,12.0,8.47,0.0,9.0
2012-11-28,8.7,71,20,17.3,7.55,0.0,9.0
2012-11-29,8.1,64,35,21.1,6.5,0.0,9.0
2012-11-30,8.0,69,74,14.3,7.03,0.0,8.0
2012-12-01,8.0,58,28,17.9,8.9,0.0,8.0
2012-12-02,7.7,69,6,8.8,9.5,0.0,9.0
2012-12-03,9.1,78,13,9.1,9.37,0.0,11.0
2012-12-04,10.6,81,56,14.4,4.99,0.0,14.0
2012-12-05,9.3,73,52,14.8,6.48,0.0,10.0
2012-12-06,8.2,81,45,9.0,8.15,0.0,9.0
2012-12-07,9.1,91,96,5.9,2.34,2.9,9.0
2012-12-08,9.6,77,26,13.8,8.7,0.0,11.0
2012-12-09,9.0,78,1,7.7,9.41,0.0,10.0
2012-12-10,7.3,79,92,5.0,6.97,0.0,7.0
2012-12-11,10.1,76,61,6.7,9.19,0.0,11.0
2012-12-12,7.8,81,71,8.9,8.17,0.0,9.0
2012-12-13,7.7,86,87,19.2,5.07,0.8,8.0
2012-12-14,11.3,94,100,27.7,1.65,3.4,13.0
2012-12-15,12.8,89,96,24.2,5.03,1.7,13.0
2012-12-16,11.5,88,86,20.9,3.64,0.0,13.0
2012-12-17,12.8,78,89,15.1,7.22,0.0,14.0
2012-12-18,9.4,88,73,6.5,4.89,0.4,8.0
2012-12-19,9.6,95,100,7.2,2.81,0.0,11.0
2012-12-20,12.3,86,90,16.7,3.97,0.1,14.0
2012-12-21,14.6,83,87,16.1,4.27,0.0,16.0
2012-12-22,12.7,95,84,9.3,4.36,0.0,12.0
2012-12-23,12.9,91,64,5.0,7.23,0.0,14.0
2012-12-24,13.8,80,78,9.3,8.23,0.0,15.0
2012-12-25,11.4,73,95,12.1,4.96,2.2,11.0
2012-12-26,10.6,82,17,8.4,8.81,0.1,12.0
2012-12-27,9.2,84,20,6.3,7.35,0.0,5.0
2012-12-28,10.2,89,41,7.7,7.92,0.0,12.0
2012-12-29,7.9,90,71,11.2,6.29,0.0,5.0
2012-12-30,9.0,89,68,7.2,6.29,0.0,4.0
2012-12-31,6.9,87,89,11.0,5.16,0.2,4.0
2013-01-01,10.6,83,87,10.5,5.79,3.5,9.0
2013-01-02,10.2,76,69,18.4,6.55,0.0,11.0
2013-01-03,10.9,69,7,11.1,9.33,0.0,12.0
2013-01-04,11.5,69,0,7.5,9.51,0.0,12.0
2013-01-05,11.1,73,0,7.8,9.65,0.0,11.0
2013-01-06,11.2,81,2,8.4,9.75,0.0,11.0
2013-01-07,9.1,86,25,7.7,9.37,0.0,4.0
2013-01-08,7.8,89,55,6.9,8.42,0.0,4.0
2013-01-09,6.4,90,73,9.3,5.53,0.0,5.0
2013-01-10,12.1,88,61,8.2,6.17,0.0,12.0
2013-01-11,8.2,91,64,10.3,6.37,0.0,9.0
2013-01-12,9.3,89,60,19.8,5.82,1.4,12.0
2013-01-13,7.7,79,48,16.1,7.89,3.2,8.0
2013-01-14,8.6,67,50,16.9,6.92,0.0,10.0
2013-01-15,9.9,74,48,15.2,8.67,0.0,11.0
2013-01-16,7.7,87,93,20.1,2.47,3.5,10.0
2013-01-17,11.9,79,85,14.0,5.25,0.0,12.0
2013-01-18,11.5,91,98,25.4,2.7,0.2,13.0
2013-01-19,10.0,89,96,30.5,3.63,17.0,11.0
2013-01-20,7.7,69,83,20.3,6.2,2.1,9.0
2013-01-21,7.7,74,43,16.6,9.42,0.6,9.0
2013-01-22,4.0,86,72,17.9,3.28,4.6,5.0
2013-01-23,7.5,67,58,22.9,9.47,1.1,8.0
2013-01-24,9.7,71,52,24.4,10.39,1.3,12.0
2013-01-25,10.8,72,81,11.0,9.88,0.0,10.0
2013-01-26,14.6,64,65,14.4,11.2,0.0,18.0
2013-01-27,9.6,85,94,18.8,4.81,4.6,10.0
2013-01-28,11.3,73,21,18.0,11.65,0.0,12.0
2013-01-29,11.5,78,57,7.5,11.39,0.0,11.0
2013-01-30,13.1,77,90,8.1,10.34,0.0,14.0
2013-01-31,13.9,86,66,8.7,10.74,0.0,15.0
2013-02-01,14.6,81,65,20.4,12.47,0.0,14.0
2013-02-02,8.7,63,31,23.3,9.35,0.8,10.0
2013-02-03,8.5,59,44,19.1,9.77,0.0,10.0
2013-02-04,13.0,71,6,7.7,12.14,0.0,15.0
2013-02-05,13.5,76,12,9.7,10.67,0.0,15.0
2013-02-06,9.0,59,38,24.0,10.52,0.1,11.0
2013-02-07,7.9,56,42,18.4,9.02,0.0,9.0
2013-02-08,9.1,66,28,20.5,10.78,0.0,10.0
2013-02-09,9.5,63,48,16.6,8.83,0.0,11.0
2013-02-10,9.7,75,66,27.3,10.95,2.3,10.0
2013-02-11,6.5,64,47,24.7,11.72,1.4,8.0
2013-02-12,9.2,63,34,16.6,11.19,0.0,11.0
2013-02-13,13.4,76,58,14.1,6.76,0.0,15.0
2013-02-14,14.2,80,18,7.8,14.47,0.0,15.0
2013-02-15,14.5,74,47,8.9,14.61,0.0,16.0
2013-02-16,13.1,76,78,7.4,11.19,0.0,14.0
2013-02-17,11.6,83,77,11.7,7.02,1.3,11.0
2013-02-18,11.9,81,89,8.2,8.68,1.1,13.0
2013-02-19,11.4,86,99,13.9,5.1,6.6,11.0
2013-02-20,11.8,82,90,10.7,6.73,0.4,13.0
2013-02-21,10.6,84,86,16.8,7.62,2.6,11.0
2013-02-22,10.6,84,70,19.5,8.6,7.5,13.0
2013-02-23,5.6,65,43,20.3,15.4,0.6,6.0
2013-02-24,7.1,57,32,17.1,13.05,0.0,8.0
2013-02-25,6.9,59,32,17.0,12.01,0.0,8.0
2013-02-26,7.8,60,41,11.1,12.74,0.0,9.0
2013-02-27,5.8,74,94,16.8,9.81,3.0,6.0
2013-02-28,6.0,74,95,25.0,10.57,5.6,5.0
2013-03-01,10.4,63,86,22.5,11.33,0.2,13.0
2013-03-02,11.9,66,54,10.5,17.09,0.0,13.0
2013-03-03,12.0,70,94,11.4,11.29,0.0,14.0
2013-03-04,11.7,80,89,26.7,8.52,7.7,13.0
2013-03-05,12.8,87,95,14.8,9.25,11.4,14.0
2013-03-06,12.8,89,78,19.7,7.89,1.8,15.0
2013-03-07,14.4,92,84,27.8,6.17,7.3,16.0
2013-03-08,11.7,88,84,20.8,7.76,7.7,11.0
2013-03-09,12.1,85,75,20.0,10.59,2.2,15.0
2013-03-10,11.2,81,80,20.9,12.51,0.8,12.0
2013-03-11,11.5,75,66,25.5,12.42,1.4,12.0
2013-03-12,11.0,66,52,16.9,14.5,0.0,12.0
2013-03-13,5.7,58,39,29.6,16.77,0.6,8.0
2013-03-14,8.8,55,40,19.1,13.99,0.0,10.0
2013-03-15,11.5,63,21,8.7,20.6,0.0,12.0
2013-03-16,11.7,69,99,14.7,9.98,3.2,11.0
2013-03-17,12.1,85,91,19.6,7.42,6.4,11.0
2013-03-18,12.4,66,30,20.0,18.53,0.0,13.0
2013-03-19,11.7,78,66,14.2,13.57,6.6,12.0
2013-03-20,13.7,69,37,11.5,18.71,0.4,14.0
2013-03-21,15.2,67,76,11.3,19.83,0.0,15.0
2013-03-22,11.3,80,42,20.2,10.18,2.3,13.0
2013-03-23,12.3,77,79,12.7,15.48,0.2,14.0
2013-03-24,13.0,78,74,19.1,17.03,3.7,13.0
2013-03-25,10.3,83,81,22.4,5.29,1.4,12.0
2013-03-26,12.3,94,90,18.9,5.33,12.4,15.0
2013-03-27,13.2,90,86,17.9,10.56,6.8,16.0
2013-03-28,16.4,78,86,19.2,16.14,0.5,16.0
2013-03-29,12.8,91,94,24.2,3.5,9.8,16.0
2013-03-30,15.4,65,40,20.9,16.47,0.5,17.0
2013-03-31,12.9,82,72,16.7,10.17,16.0,15.0
2013-04-01,13.9,70,57,22.4,20.42,6.6,14.0
2013-04-02,14.0,65,48,16.7,18.27,1.0,15.0
2013-04-03,13.1,77,73,18.2,15.16,4.6,15.0
2013-04-04,13.3,85,90,14.8,15.66,4.9,15.0
2013-04-05,11.3,65,58,20.1,20.03,2.5,10.0
2013-04-06,10.1,57,34,19.3,15.99,0.0,10.0
2013-04-07,11.3,66,83,11.6,14.15,0.0,13.0
2013-04-08,13.6,66,93,18.2,14.19,1.0,15.0
2013-04-09,14.3,72,61,21.1,16.52,0.0,15.0
2013-04-10,16.2,80,89,20.1,12.31,0.0,18.0
2013-04-11,15.3,76,87,28.2,13.06,0.0,17.0
2013-04-12,16.2,71,41,15.0,23.71,0.0,17.0
2013-04-13,19.5,64,17,7.1,26.08,0.0,22.0
2013-04-14,22.9,61,14,11.9,25.38,0.0,26.0
2013-04-15,22.6,63,67,12.5,22.62,0.0,25.0
2013-04-16,23.3,64,88,7.2,25.04,0.0,26.0
2013-04-17,25.5,62,15,11.8,26.07,0.0,28.0
2013-04-18,25.3,55,3,11.5,25.75,0.0,28.0
2013-04-19,16.8,58,33,23.2,21.96,0.0,19.0
2013-04-20,17.9,42,22,15.5,27.55,0.0,19.0
2013-04-21,19.4,46,32,10.2,27.58,0.0,21.0
2013-04-22,18.3,40,70,16.5,26.32,0.0,20.0
2013-04-23,19.1,50,10,16.7,26.2,0.0,21.0
2013-04-24,20.5,53,13,10.1,24.42,0.0,22.0
2013-04-25,19.3,55,50,18.0,16.58,0.0,20.0
2013-04-26,17.9,68,77,12.2,12.93,2.1,19.0
2013-04-27,13.8,60,86,18.8,20.11,7.7,14.0
2013-04-28,10.2,60,99,24.9,13.74,5.6,9.0
2013-04-29,9.0,83,89,21.7,10.96,19.0,12.0
2013-04-30,13.2,73,59,11.9,20.97,3.1,14.0
2013-05-01,14.4,71,62,7.9,21.31,0.6,15.0
2013-05-02,16.5,68,44,10.0,18.66,0.0,17.0
2013-05-03,18.6,56,34,9.2,25.1,0.0,20.0
2013-05-04,20.0,56,5,8.7,27.65,0.0,22.0
2013-05-05,22.1,55,54,6.8,26.52,0.0,24.0
2013-05-06,22.8,52,74,15.6,24.01,0.0,25.0
2013-05-07,22.0,59,93,15.1,18.54,0.5,24.0
2013-05-08,22.4,57,78,16.3,15.07,0.0,25.0
2013-05-09,22.0,64,72,22.7,16.22,1.4,25.0
2013-05-10,21.7,67,36,10.4,21.69,0.0,25.0
2013-05-11,22.4,57,18,9.8,27.36,0.0,26.0
2013-05-12,22.6,44,1,14.3,29.73,0.0,26.0
2013-05-13,24.4,47,10,12.8,27.31,0.0,27.0
2013-05-14,20.7,62,67,12.7,21.17,6.6,22.0
2013-05-15,14.5,72,68,15.4,11.4,5.1,14.0
2013-05-16,14.6,56,57,15.3,23.53,1.4,15.0
2013-05-17,10.7,80,77,18.2,15.98,11.8,11.0
2013-05-18,13.2,72,71,18.2,21.06,4.6,14.0
2013-05-19,13.9,64,66,13.9,21.05,0.3,15.0
2013-05-20,15.4,66,47,8.9,26.26,0.6,16.0
2013-05-21,17.1,60,32,18.4,26.73,0.1,19.0
2013-05-22,19.5,61,43,15.0,22.29,0.0,24.0
2013-05-23,20.6,58,1,12.4,30.1,0.0,24.0
2013-05-24,21.2,54,0,12.4,30.76,0.0,25.0
2013-05-25,22.0,49,4,13.6,31.0,0.0,26.0
2013-05-26,22.8,47,37,16.9,26.41,0.5,25.0
2013-05-27,19.2,58,38,14.4,26.69,0.3,21.0
2013-05-28,17.3,50,36,17.8,19.27,0.0,20.0
2013-05-29,17.2,48,44,22.8,23.67,1.2,19.0
2013-05-30,18.3,62,45,16.9,23.24,4.8,21.0
2013-05-31,18.6,55,17,22.7,26.41,0.0,20.0
2013-06-01,21.1,55,9,15.4,29.84,0.0,24.0
2013-06-02,23.1,52,3,19.4,30.48,0.0,24.0
2013-06-03,23.7,49,2,17.3,31.19,0.0,26.0
2013-06-04,26.5,43,27,12.5,30.29,0.0,29.0
2013-06-05,27.1,45,59,10.3,27.85,0.3,30.0
2013-06-06,24.8,47,69,19.8,27.49,0.0,26.0
2013-06-07,17.9,55,67,18.3,17.23,0.9,20.0
2013-06-08,18.8,56,60,15.8,24.04,0.6,20.0
2013-06-09,19.8,62,75,14.8,12.36,1.2,22.0
2013-06-10,23.0,60,56,15.0,22.61,0.0,26.0
2013-06-11,26.8,58,62,9.1,26.13,0.0,29.0
2013-06-12,29.8,55,17,7.2,29.04,0.0,33.0
2013-06-13,31.3,44,8,17.8,27.84,0.0,34.0
2013-06-14,31.5,48,4,18.4,28.95,0.0,34.0
2013-06-15,32.4,35,1,13.2,30.85,0.0,35.0
2013-06-16,33.0,26,1,19.1,31.13,0.0,35.0
2013-06-17,24.4,36,67,24.0,20.95,0.0,29.0
2013-06-18,18.7,48,39,14.5,23.74,0.6,21.0
2013-06-19,20.9,54,81,11.0,21.3,0.3,19.0
2013-06-20,25.2,49,45,11.8,24.4,0.0,27.0
2013-06-21,25.6,49,34,13.3,26.0,0.4,28.0
2013-06-22,29.2,50,4,10.7,30.43,0.0,32.0
2013-06-23,30.1,45,30,20.9,30.15,0.0,32.0
2013-06-24,29.6,28,0,18.5,32.27,0.0,32.0
2013-06-25,30.5,25,0,14.5,31.91,0.0,33.0
2013-06-26,30.6,30,0,18.1,31.39,0.0,33.0
2013-06-27,30.1,35,15,18.7,28.21,0.0,32.0
2013-06-28,30.1,26,2,18.6,31.53,0.0,32.0
2013-06-29,31.1,32,0,19.0,30.91,0.0,33.0
2013-06-30,32.5,29,1,17.9,30.95,0.0,34.0
2013-07-01,32.3,33,31,16.3,26.59,0.0,35.0
2013-07-02,32.1,36,55,10.7,27.17,0.0,34.0
2013-07-03,34.0,33,57,15.5,27.33,0.0,36.0
2013-07-04,34.7,38,0,17.8,30.06,0.0,37.0
2013-07-05,35.2,30,4,19.5,29.46,0.0,37.0
2013-07-06,35.2,30,7,11.7,29.85,0.0,37.0
2013-07-07,35.8,28,16,8.7,30.5,0.0,38.0
2013-07-08,36.2,28,1,11.0,30.52,0.0,38.0
2013-07-09,36.3,32,46,12.2,26.63,0.4,36.0
2013-07-10,34.6,34,32,13.8,28.64,0.2,35.0
2013-07-11,33.9,36,17,16.0,28.65,0.0,36.0
2013-07-12,34.6,29,7,13.1,29.91,0.0,36.0
2013-07-13,32.8,25,7,13.0,30.15,0.0,35.0
2013-07-14,32.0,34,9,13.3,29.89,0.0,33.0
2013-07-15,31.8,39,11,10.2,26.7,0.0,34.0
2013-07-16,33.1,34,14,11.3,27.85,0.0,35.0
2013-07-17,33.5,37,10,15.6,27.78,0.0,35.0
2013-07-18,32.8,37,24,14.8,28.21,0.0,35.0
2013-07-19,33.9,30,36,12.2,27.87,0.0,36.0
2013-07-20,33.7,29,28,8.8,25.62,0.0,36.0
2013-07-21,32.2,33,54,12.7,23.71,0.7,33.0
2013-07-22,31.9,46,21,11.8,25.68,0.0,34.0
2013-07-23,32.1,31,26,17.1,27.48,0.0,34.0
2013-07-24,33.5,31,0,12.5,28.92,0.0,36.0
2013-07-25,34.2,29,0,16.3,29.07,0.0,37.0
2013-07-26,33.0,33,2,18.3,28.85,0.0,35.0
2013-07-27,25.5,43,55,20.9,20.59,1.0,27.0
2013-07-28,25.2,40,57,20.0,23.99,0.0,27.0
2013-07-29,28.6,41,5,8.5,29.12,0.0,30.0
2013-07-30,33.0,29,0,8.2,29.47,0.0,35.0
2013-07-31,35.5,29,0,11.9,28.98,0.0,38.0
2013-08-01,36.5,27,0,16.4,28.92,0.0,39.0
2013-08-02,33.7,28,20,22.3,28.04,0.0,35.0
2013-08-03,33.0,25,5,17.4,28.93,0.0,35.0
2013-08-04,33.9,24,0,10.5,28.94,0.0,36.0
2013-08-05,34.0,21,3,16.1,28.58,0.0,36.0
2013-08-06,31.2,27,66,21.4,24.57,0.0,33.0
2013-08-07,28.7,35,50,17.1,22.61,0.5,30.0
2013-08-08,29.0,40,10,14.8,28.18,0.0,30.0
2013-08-09,32.8,33,0,13.9,28.04,0.0,34.0
2013-08-10,34.9,31,0,11.7,27.71,0.0,37.0
2013-08-11,36.1,26,3,12.5,27.26,0.0,38.0
2013-08-12,34.8,29,34,14.7,23.71,0.0,37.0
2013-08-13,33.2,40,27,17.3,25.38,0.0,35.0
2013-08-14,34.0,35,7,13.3,25.95,0.0,36.0
2013-08-15,34.2,34,27,12.6,22.46,0.2,36.0
2013-08-16,33.9,32,22,17.2,23.06,0.4,37.0
2013-08-17,33.4,38,24,12.2,25.76,0.0,35.0
2013-08-18,34.2,38,2,10.0,26.15,0.0,36.0
2013-08-19,35.9,31,1,11.7,26.12,0.0,38.0
2013-08-20,35.9,36,0,20.5,26.14,0.0,37.0
2013-08-21,36.3,31,5,12.5,25.57,0.0,38.0
2013-08-22,35.5,20,16,16.5,23.6,0.0,36.0
2013-08-23,34.4,25,22,8.1,25.95,0.0,35.0
2013-08-24,32.9,38,12,22.9,24.21,0.0,34.0
2013-08-25,31.9,35,3,17.8,25.26,0.0,34.0
2013-08-26,30.1,40,15,18.2,23.67,0.0,31.0
2013-08-27,29.8,38,14,17.7,23.18,0.0,31.0
2013-08-28,25.5,41,65,16.8,17.51,0.8,28.0
2013-08-29,26.4,50,40,14.1,21.3,0.5,27.0
2013-08-30,28.1,47,26,10.8,19.32,0.0,30.0
2013-08-31,29.4,43,2,8.1,24.26,0.0,31.0
2013-09-01,30.2,33,17,15.6,24.52,0.0,32.0
2013-09-02,31.3,36,27,10.2,24.08,0.0,33.0
2013-09-03,31.7,34,1,8.6,23.87,0.0,34.0
2013-09-04,31.2,41,6,11.8,22.64,0.0,32.0
2013-09-05,28.7,47,10,16.3,21.79,0.5,30.0
2013-09-06,27.6,44,55,14.0,18.45,0.0,29.0
2013-09-07,26.8,42,62,18.2,17.23,0.6,27.0
2013-09-08,26.7,52,38,10.3,20.91,0.3,28.0
2013-09-09,28.2,37,22,10.2,22.7,0.0,29.0
2013-09-10,28.7,35,31,13.6,20.87,0.0,31.0
2013-09-11,26.8,46,38,19.1,20.65,0.0,26.0
2013-09-12,27.4,34,6,14.9,22.86,0.0,28.0
2013-09-13,28.6,41,1,13.0,21.99,0.0,30.0
2013-09-14,29.9,39,22,10.7,22.0,0.0,31.0
2013-09-15,29.2,40,51,13.3,21.07,0.0,31.0
2013-09-16,30.3,35,9,9.7,21.59,0.0,31.0
2013-09-17,28.9,40,29,12.3,20.51,0.0,30.0
2013-09-18,29.1,39,16,12.8,21.33,0.0,30.0
2013-09-19,28.9,36,48,14.3,21.06,0.0,30.0
2013-09-20,28.8,42,18,13.3,20.82,0.0,31.0
2013-09-21,29.1,41,20,14.5,20.13,0.0,30.0
2013-09-22,29.7,40,1,9.7,20.32,0.0,31.0
2013-09-23,30.0,40,5,8.6,18.39,0.0,32.0
2013-09-24,29.3,36,14,8.9,17.73,0.0,31.0
2013-09-25,29.8,40,61,13.8,19.13,0.0,31.0
2013-09-26,29.5,45,28,12.5,18.85,0.0,31.0
2013-09-27,28.0,47,80,22.9,15.67,0.1,26.0
2013-09-28,21.1,77,79,21.8,10.68,5.4,23.0
2013-09-29,21.9,75,83,19.8,11.06,1.0,22.0
2013-09-30,19.9,87,93,14.5,6.21,9.5,22.0
2013-10-01,24.4,78,61,18.3,14.22,0.4,25.0
2013-10-02,24.7,69,64,10.8,13.05,0.0,25.0
2013-10-03,23.0,75,61,15.7,12.73,5.8,25.0
2013-10-04,21.3,80,59,14.0,10.53,14.2,24.0
2013-10-05,22.6,63,46,6.5,15.82,0.0,25.0
2013-10-06,22.3,55,3,12.0,18.03,0.0,24.0
2013-10-07,22.5,53,0,10.8,18.04,0.0,24.0
2013-10-08,23.5,56,11,7.2,17.49,0.0,26.0
2013-10-09,22.4,57,11,12.2,15.81,0.0,26.0
2013-10-10,24.4,56,3,7.7,17.28,0.0,26.0
2013-10-11,22.4,57,33,11.6,16.95,0.0,24.0
2013-10-12,20.6,49,54,12.4,15.52,0.0,22.0
2013-10-13,20.8,62,24,8.9,15.95,0.0,19.0
2013-10-14,20.2,68,63,9.9,11.82,0.0,22.0
2013-10-15,22.1,73,82,11.7,9.04,0.5,23.0
2013-10-16,24.5,67,24,7.6,15.27,0.0,24.0
2013-10-17,24.5,63,73,7.3,13.3,0.0,26.0
2013-10-18,24.0,51,45,14.3,15.51,0.0,27.0
2013-10-19,19.0,75,94,17.4,7.11,3.6,22.0
2013-10-20,19.6,77,57,12.6,12.24,2.9,21.0
2013-10-21,20.3,63,91,14.0,12.33,0.0,21.0
2013-10-22,14.5,83,96,17.7,1.91,17.8,16.0
2013-10-23,17.5,81,76,15.0,8.39,0.0,20.0
2013-10-24,18.5,84,93,21.1,5.44,3.0,20.0
2013-10-25,19.7,88,94,15.0,7.4,11.3,18.0
2013-10-26,18.5,82,64,9.5,10.29,1.8,21.0
2013-10-27,19.5,69,30,9.7,14.06,0.0,21.0
2013-10-28,19.9,67,55,11.8,10.79,0.0,21.0
2013-10-29,14.3,59,18,17.0,12.49,0.0,16.0
2013-10-30,15.0,61,13,9.0,13.18,0.0,16.0
2013-10-31,16.3,65,7,6.5,13.89,0.0,18.0
2013-11-01,16.2,65,92,9.9,10.09,0.0,18.0
2013-11-02,17.9,75,50,10.5,11.87,0.0,18.0
2013-11-03,17.7,81,46,11.3,10.5,0.0,18.0
2013-11-04,14.8,81,90,25.2,4.21,0.9,16.0
2013-11-05,18.9,74,54,17.3,7.8,0.0,23.0
2013-11-06,20.2,81,10,8.4,12.1,0.0,23.0
2013-11-07,16.1,88,55,8.0,6.89,0.0,17.0
2013-11-08,14.8,89,75,17.0,3.04,1.2,16.0
2013-11-09,15.0,65,34,10.1,12.3,0.0,16.0
2013-11-10,16.5,67,58,10.0,9.98,0.0,18.0
2013-11-11,18.1,71,6,16.8,10.68,0.0,21.0
2013-11-12,20.9,73,4,14.0,10.57,0.0,22.0
2013-11-13,17.5,65,55,19.8,5.61,0.0,19.0
2013-11-14,15.9,57,11,18.4,11.66,0.0,18.0
2013-11-15,10.3,57,23,22.5,9.68,0.0,12.0
2013-11-16,8.2,67,91,14.5,6.4,1.6,7.0
2013-11-17,7.0,87,99,11.5,1.73,12.2,7.0
2013-11-18,9.1,81,92,15.8,2.96,2.8,12.0
2013-11-19,11.7,71,43,17.3,5.65,0.0,14.0
2013-11-20,8.8,59,32,17.9,7.84,0.0,10.0
2013-11-21,10.2,68,26,15.5,9.32,0.0,11.0
2013-11-22,10.3,61,38,15.2,9.26,0.0,11.0
2013-11-23,9.7,65,12,15.9,8.56,0.0,11.0
2013-11-24,10.1,61,20,20.8,9.08,0.0,12.0
2013-11-25,11.3,54,22,20.7,9.9,0.0,15.0
2013-11-26,9.3,56,14,20.4,10.17,0.0,11.0
2013-11-27,9.4,50,8,17.8,10.43,0.0,12.0
2013-11-28,8.4,57,41,17.1,9.32,1.6,10.0
2013-11-29,9.7,67,1,8.8,9.87,0.0,11.0
2013-11-30,8.2,78,52,17.3,5.97,0.0,10.0
2013-12-01,10.0,51,9,17.4,9.77,0.0,13.0
2013-12-02,8.6,69,6,9.0,9.78,0.0,10.0
2013-12-03,11.1,65,4,8.7,8.98,0.0,14.0
2013-12-04,13.2,74,1,5.2,9.48,0.0,17.0
2013-12-05,13.0,74,0,5.9,9.89,0.0,16.0
2013-12-06,13.2,68,0,9.0,9.85,0.0,15.0
2013-12-07,10.8,61,0,7.3,9.75,0.0,14.0
2013-12-08,9.8,66,0,5.0,9.66,0.0,13.0
2013-12-09,9.3,70,0,6.0,9.56,0.0,10.0
2013-12-10,10.5,73,2,8.0,9.4,0.0,13.0
2013-12-11,9.6,79,19,7.6,8.15,0.0,12.0
2013-12-12,8.2,84,73,6.0,7.74,0.0,11.0
2013-12-13,7.5,83,84,5.9,4.92,3.8,9.0
2013-12-14,11.8,82,39,8.7,7.88,0.0,13.0
2013-12-15,12.7,79,23,7.0,9.1,0.0,15.0
2013-12-16,12.6,70,0,8.7,9.09,0.0,16.0
2013-12-17,8.2,82,73,7.7,3.89,0.0,10.0
2013-12-18,9.5,89,95,12.5,3.58,1.0,10.0
2013-12-19,8.7,92,90,13.4,1.1,13.1,11.0
2013-12-20,8.7,59,7,23.6,8.39,0.0,10.0
2013-12-21,8.2,67,48,5.7,8.29,0.0,9.0
2013-12-22,8.0,70,10,7.9,8.42,0.0,10.0
2013-12-23,8.2,79,64,9.2,5.38,0.0,11.0
2013-12-24,9.7,90,100,32.2,1.08,12.4,11.0
2013-12-25,9.8,86,80,27.0,3.57,12.4,11.0
2013-12-26,9.4,64,44,18.9,7.2,0.0,10.0
2013-12-27,9.8,92,93,20.5,1.72,0.6,13.0
2013-12-28,9.6,73,45,22.1,8.35,4.1,10.0
2013-12-29,7.4,69,4,8.5,8.85,0.0,9.0
2013-12-30,7.2,77,62,7.4,8.36,0.0,8.0
2013-12-31,7.5,86,83,14.5,4.74,1.5,8.0
2014-01-01,8.5,95,98,19.8,1.5,1.8,10.0
2014-01-02,10.7,97,100,19.7,0.71,9.8,13.0
2014-01-03,10.9,97,100,19.7,1.0,5.6,13.0
2014-01-04,9.9,86,77,36.2,2.55,17.8,11.0
2014-01-05,9.1,77,84,16.1,5.27,0.0,9.0
2014-01-06,10.3,89,87,16.1,5.97,0.2,12.0
2014-01-07,11.4,86,85,7.6,4.97,0.0,14.0
2014-01-08,13.3,78,90,4.7,8.0,0.0,15.0
2014-01-09,14.1,71,97,6.4,7.76,0.0,15.0
2014-01-10,14.2,71,88,4.8,7.63,0.0,15.0
2014-01-11,10.7,80,79,5.4,5.31,0.1,13.0
2014-01-12,9.6,92,87,8.6,4.48,0.0,8.0
2014-01-13,9.7,77,71,13.7,7.61,0.9,11.0
2014-01-14,11.0,87,86,16.9,2.93,2.5,13.0
2014-01-15,9.4,94,83,14.8,3.21,1.9,11.0
2014-01-16,9.2,86,93,18.7,6.3,1.4,10.0
2014-01-17,7.2,86,77,19.2,5.11,4.8,9.0
2014-01-18,7.0,94,90,13.6,4.04,16.4,9.0
2014-01-19,7.0,84,75,13.8,4.81,3.8,9.0
2014-01-20,9.2,67,52,19.1,8.06,0.0,10.0
2014-01-21,8.6,83,62,12.4,6.25,3.1,9.0
2014-01-22,10.6,84,70,10.5,6.51,6.6,12.0
2014-01-23,9.6,71,25,20.2,9.06,0.0,11.0
2014-01-24,12.1,75,56,11.6,9.17,0.0,14.0
2014-01-25,13.3,79,38,12.9,7.72,0.0,16.0
2014-01-26,14.3,82,58,13.8,9.26,0.0,17.0
2014-01-27,9.9,66,59,25.9,9.84,0.0,13.0
2014-01-28,6.7,78,70,27.1,4.0,3.0,8.0
2014-01-29,8.2,77,59,19.0,9.39,3.9,9.0
2014-01-30,8.7,69,37,18.1,9.05,0.0,11.0
2014-01-31,9.9,81,84,11.2,5.53,0.7,13.0
2014-02-01,10.3,75,57,22.4,8.9,0.4,13.0
2014-02-02,8.3,65,14,9.4,12.16,0.0,9.0
2014-02-03,7.3,78,58,17.4,5.71,1.8,8.0
2014-02-04,6.6,88,85,25.2,4.09,5.2,8.0
2014-02-05,10.8,78,67,23.3,10.1,5.9,12.0
2014-02-06,13.3,89,79,31.8,5.64,6.7,16.0
2014-02-07,8.5,80,65,23.6,8.34,0.1,9.0
2014-02-08,10.7,84,80,26.1,4.47,5.0,12.0
2014-02-09,7.0,89,76,21.0,4.36,12.0,7.0
2014-02-10,8.0,62,54,29.8,11.75,3.6,9.0
2014-02-11,3.9,86,85,16.6,2.17,9.0,6.0
2014-02-12,7.9,93,98,12.4,5.62,0.5,8.0
2014-02-13,14.3,88,75,18.5,6.35,0.6,17.0
2014-02-14,13.6,85,84,28.0,6.83,1.4,16.0
2014-02-15,9.9,87,96,21.7,3.96,7.2,10.0
2014-02-16,9.8,76,56,8.4,13.89,0.1,11.0
2014-02-17,9.8,76,61,7.4,12.48,0.0,11.0
2014-02-18,12.7,66,70,12.1,13.11,0.7,12.0
2014-02-19,13.5,71,9,8.7,14.4,0.0,15.0
2014-02-20,13.7,76,55,16.9,13.01,0.0,12.0
2014-02-21,9.9,66,75,14.0,14.51,0.9,12.0
2014-02-22,11.0,65,32,10.9,12.46,0.0,12.0
2014-02-23,13.0,73,18,10.9,15.86,0.0,15.0
2014-02-24,10.1,75,55,15.5,11.48,1.7,11.0
2014-02-25,10.8,78,69,24.5,10.3,0.2,12.0
2014-02-26,9.7,65,61,14.9,14.52,0.3,12.0
2014-02-27,12.0,75,86,10.3,5.5,1.1,12.0
2014-02-28,13.0,72,91,29.8,10.64,0.0,15.0
2014-03-01,11.2,84,97,19.6,3.07,8.9,13.0
2014-03-02,15.1,82,92,20.0,7.5,1.8,17.0
2014-03-03,10.5,61,48,29.4,15.09,2.0,12.0
2014-03-04,10.8,61,60,19.5,10.91,0.0,12.0
2014-03-05,14.8,70,39,13.7,12.74,0.0,17.0
2014-03-06,18.6,71,8,8.0,18.38,0.0,22.0
2014-03-07,15.6,67,6,7.1,18.33,0.0,18.0
2014-03-08,17.3,63,0,8.2,19.46,0.0,20.0
2014-03-09,15.9,51,0,10.9,19.71,0.0,19.0
2014-03-10,17.4,51,0,7.7,19.71,0.0,20.0
2014-03-11,16.8,56,23,12.8,19.62,0.0,19.0
2014-03-12,15.2,57,18,12.0,17.62,0.0,18.0
2014-03-13,13.1,59,17,12.1,17.86,0.0,13.0
2014-03-14,16.1,64,31,7.4,19.64,0.0,17.0
2014-03-15,18.5,60,4,11.2,20.52,0.0,21.0
2014-03-16,20.8,59,1,8.0,20.2,0.0,24.0
2014-03-17,20.9,53,1,9.7,20.59,0.0,23.0
2014-03-18,21.1,56,32,14.5,19.63,0.0,24.0
2014-03-19,19.3,54,71,15.8,19.18,0.0,21.0
2014-03-20,20.0,56,30,6.9,19.39,0.5,21.0
2014-03-21,18.1,63,85,18.1,15.96,0.4,20.0
2014-03-22,14.7,58,63,19.6,14.34,1.1,16.0
2014-03-23,12.6,47,14,13.6,20.71,0.0,14.0
2014-03-24,13.4,60,68,16.9,11.37,0.9,14.0
2014-03-25,13.5,64,57,31.8,12.28,1.2,14.0
2014-03-26,11.8,54,51,26.6,18.17,0.2,13.0
2014-03-27,12.1,60,42,15.6,17.97,0.0,12.0
2014-03-28,16.0,59,59,20.7,18.5,0.3,15.0
2014-03-29,15.0,65,90,12.6,13.92,5.1,13.0
2014-03-30,12.8,74,79,16.3,13.36,1.6,14.0
2014-03-31,14.4,72,95,13.1,8.74,0.2,15.0
2014-04-01,17.3,67,86,31.0,16.26,2.0,20.0
2014-04-02,12.4,80,93,17.8,7.02,13.9,15.0
2014-04-03,14.4,72,58,19.6,17.24,0.3,16.0
2014-04-04,16.7,66,47,19.1,22.22,0.0,17.0
2014-04-05,18.3,76,77,12.5,12.59,1.8,20.0
2014-04-06,21.1,73,43,10.9,19.81,0.0,23.0
2014-04-07,23.0,63,44,14.1,23.48,0.0,25.0
2014-04-08,23.4,58,24,6.5,24.11,0.0,26.0
2014-04-09,24.6,57,49,7.2,23.05,0.9,27.0
2014-04-10,26.0,57,41,16.8,22.94,0.8,28.0
2014-04-11,23.9,55,21,13.0,23.37,0.1,27.0
2014-04-12,21.1,62,32,13.5,20.18,1.7,23.0
2014-04-13,23.0,63,10,6.8,24.89,0.0,25.0
2014-04-14,24.6,52,92,13.0,24.18,0.0,25.0
2014-04-15,23.9,50,61,8.9,22.74,0.1,25.0
2014-04-16,24.8,57,21,6.5,24.19,0.0,27.0
2014-04-17,25.9,50,13,9.0,23.92,0.0,28.0
2014-04-18,26.6,36,1,12.2,27.08,0.0,28.0
2014-04-19,23.8,51,58,20.9,20.98,0.0,24.0
2014-04-20,17.2,59,66,18.7,18.57,0.8,19.0
2014-04-21,13.8,84,96,9.5,10.84,16.3,14.0
2014-04-22,17.9,65,41,14.8,19.73,0.0,18.0
2014-04-23,17.4,64,47,18.1,15.28,0.0,20.0
2014-04-24,16.4,70,59,20.1,18.62,5.9,17.0
2014-04-25,17.3,51,35,13.9,26.86,0.0,18.0
2014-04-26,15.2,73,75,21.8,7.97,1.4,18.0
2014-04-27,19.2,54,59,15.1,27.5,0.0,21.0
2014-04-28,22.4,57,25,12.3,25.98,0.0,25.0
2014-04-29,22.9,56,48,13.0,27.53,0.0,25.0
2014-04-30,22.8,55,55,13.8,24.07,0.0,24.0
2014-05-01,24.2,53,32,11.5,27.88,0.0,26.0
2014-05-02,20.2,51,44,17.3,27.99,0.0,22.0
2014-05-03,22.1,45,3,16.2,28.75,0.0,23.0
2014-05-04,24.7,40,19,11.9,29.5,0.0,26.0
2014-05-05,26.8,35,45,9.7,29.03,0.0,28.0
2014-05-06,27.5,36,95,15.5,24.81,0.0,30.0
2014-05-07,26.3,42,99,7.9,19.93,0.0,26.0
2014-05-08,27.3,43,60,12.0,24.55,0.0,28.0
2014-05-09,28.6,43,19,10.6,25.14,0.0,30.0
2014-05-10,29.3,44,58,11.2,26.14,0.0,31.0
2014-05-11,27.8,42,71,10.5,27.98,0.0,29.0
2014-05-12,28.4,39,12,16.1,29.31,0.0,30.0
2014-05-13,23.6,37,16,17.8,29.78,0.0,24.0
2014-05-14,24.6,29,10,20.2,29.95,0.0,25.0
2014-05-15,26.1,29,75,14.6,27.51,0.0,27.0
2014-05-16,26.3,26,6,18.6,29.83,0.0,27.0
2014-05-17,24.6,26,8,20.7,29.7,0.0,26.0
2014-05-18,25.2,27,48,14.3,28.39,0.0,26.0
2014-05-19,22.5,40,70,26.6,23.74,0.4,23.0
2014-05-20,17.8,44,93,20.1,15.22,0.0,19.0
2014-05-21,17.4,59,67,28.0,22.97,8.9,18.0
2014-05-22,16.6,61,59,24.4,19.32,0.4,18.0
2014-05-23,18.1,52,32,16.2,24.64,0.4,19.0
2014-05-24,21.2,41,57,13.2,26.75,0.0,22.0
2014-05-25,20.3,43,29,18.6,26.72,0.0,22.0
2014-05-26,20.7,48,30,10.0,29.2,0.0,22.0
2014-05-27,21.5,40,91,13.0,21.46,0.0,23.0
2014-05-28,20.0,60,58,19.7,20.82,3.2,21.0
2014-05-29,21.8,57,50,13.3,18.03,0.0,23.0
2014-05-30,20.8,56,37,13.4,22.21,0.3,24.0
2014-05-31,20.6,45,20,18.6,27.71,0.2,21.0
2014-06-01,23.5,47,36,14.3,22.89,0.0,25.0
2014-06-02,25.4,43,12,12.6,31.15,0.0,28.0
2014-06-03,28.4,40,28,13.4,30.38,0.0,29.0
2014-06-04,26.4,41,31,15.6,26.59,0.0,28.0
2014-06-05,26.8,35,32,17.7,28.89,0.0,28.0
2014-06-06,28.6,37,70,25.0,22.96,0.7,30.0
2014-06-07,26.1,44,25,20.4,28.93,0.0,27.0
2014-06-08,28.0,39,0,14.8,30.72,0.0,30.0
2014-06-09,28.1,33,41,16.5,30.49,0.0,29.0
2014-06-10,28.6,37,76,12.8,28.03,0.0,29.0
2014-06-11,30.0,46,65,13.3,25.58,0.8,30.0
2014-06-12,31.3,43,38,11.7,27.44,0.3,33.0
2014-06-13,32.1,41,16,8.1,27.37,0.0,34.0
2014-06-14,32.4,32,1,21.0,30.99,0.0,34.0
2014-06-15,28.6,35,1,21.4,31.25,0.0,30.0
2014-06-16,26.2,34,11,18.0,30.66,0.2,26.0
2014-06-17,27.7,35,14,17.8,28.18,0.0,28.0
2014-06-18,30.0,32,16,14.8,31.48,0.0,31.0
2014-06-19,30.3,35,53,14.1,27.75,0.4,32.0
2014-06-20,28.5,50,33,14.9,25.14,0.7,30.0
2014-06-21,27.4,38,39,15.8,30.11,0.1,28.0
2014-06-22,28.3,36,66,13.3,28.04,0.0,28.0
2014-06-23,28.1,34,27,14.8,27.71,0.3,30.0
2014-06-24,23.5,52,82,9.2,20.49,6.5,22.0
2014-06-25,25.6,51,86,7.9,19.55,0.0,27.0
2014-06-26,25.6,45,58,11.2,22.74,0.4,28.0
2014-06-27,29.2,41,3,16.9,30.19,0.0,31.0
2014-06-28,28.6,38,19,26.6,30.24,0.0,30.0
2014-06-29,26.3,38,17,10.8,30.76,0.0,28.0
2014-06-30,29.3,29,0,13.5,31.11,0.0,30.0
2014-07-01,26.6,36,31,21.5,27.86,0.0,27.0
2014-07-02,25.7,41,26,19.6,25.93,0.2,27.0
2014-07-03,21.9,76,78,16.8,17.05,14.6,22.0
2014-07-04,28.1,59,35,9.4,26.38,0.0,29.0
2014-07-05,28.9,43,8,15.8,26.84,0.0,32.0
2014-07-06,26.0,54,68,18.3,23.16,2.8,26.0
2014-07-07,25.6,54,35,14.0,27.03,0.2,26.0
2014-07-08,27.9,41,13,9.8,30.39,0.0,30.0
2014-07-09,27.1,43,0,17.9,30.57,0.0,28.0
2014-07-10,27.6,36,0,18.1,31.19,0.0,29.0
2014-07-11,28.8,35,0,14.4,30.85,0.0,31.0
2014-07-12,30.3,37,0,14.0,30.47,0.0,32.0
2014-07-13,32.4,33,27,12.0,29.38,0.0,34.0
2014-07-14,33.8,34,0,10.9,29.78,0.0,35.0
2014-07-15,34.8,34,5,15.1,29.04,0.0,36.0
2014-07-16,36.2,28,1,9.9,30.06,0.0,38.0
2014-07-17,36.2,27,0,17.5,29.54,0.0,38.0
2014-07-18,34.9,26,40,26.4,26.61,0.0,35.0
2014-07-19,26.2,40,76,22.9,14.63,0.0,28.0
2014-07-20,25.7,47,42,15.3,22.29,0.0,27.0
2014-07-21,30.0,40,3,8.9,29.66,0.0,31.0
2014-07-22,33.2,34,0,13.3,29.51,0.0,34.0
2014-07-23,35.1,29,6,10.4,29.75,0.0,37.0
2014-07-24,34.4,29,27,11.2,27.86,0.0,35.0
2014-07-25,33.9,31,15,12.8,28.93,0.0,35.0
2014-07-26,34.7,32,2,10.9,29.01,0.0,36.0
2014-07-27,35.1,28,20,13.8,28.47,0.0,36.0
2014-07-28,34.5,30,27,15.5,26.09,0.0,36.0
2014-07-29,29.7,35,1,18.2,29.37,0.0,30.0
2014-07-30,31.2,31,0,17.3,29.4,0.0,32.0
2014-07-31,33.6,33,8,13.8,27.36,0.0,35.0
2014-08-01,30.2,37,13,19.3,27.09,0.0,30.0
2014-08-02,27.2,42,47,14.7,24.61,0.0,28.0
2014-08-03,28.6,43,30,11.1,23.37,0.0,30.0
2014-08-04,31.2,35,2,12.3,27.96,0.0,33.0
2014-08-05,33.5,37,15,9.8,27.37,0.0,33.0
2014-08-06,34.0,32,2,9.7,28.06,0.0,35.0
2014-08-07,33.9,32,45,11.3,27.05,0.0,35.0
2014-08-08,33.5,30,15,20.4,26.75,0.0,34.0
2014-08-09,31.8,34,45,18.4,24.46,0.0,34.0
2014-08-10,32.9,35,12,15.3,27.62,0.0,33.0
2014-08-11,33.1,37,0,8.9,27.29,0.0,33.0
2014-08-12,33.7,35,21,16.2,26.95,0.0,34.0
2014-08-13,28.4,36,50,11.9,27.35,0.0,29.0
2014-08-14,29.1,34,58,16.9,25.87,0.0,30.0
2014-08-15,30.8,26,0,11.5,27.43,0.0,32.0
2014-08-16,29.5,34,8,22.2,25.84,0.0,31.0
2014-08-17,31.9,34,5,12.5,26.61,0.0,33.0
2014-08-18,33.1,40,30,18.9,25.03,0.0,33.0
2014-08-19,32.3,37,18,15.4,26.39,0.0,33.0
2014-08-20,31.1,28,28,12.3,25.06,0.0,32.0
2014-08-21,29.7,36,45,14.5,24.55,0.0,31.0
2014-08-22,28.2,36,34,14.9,21.19,1.1,29.0
2014-08-23,30.0,43,9,9.4,25.88,0.0,30.0
2014-08-24,31.4,33,8,10.5,25.68,0.0,33.0
2014-08-25,33.5,26,0,15.0,25.77,0.0,35.0
2014-08-26,34.0,34,2,15.3,24.93,0.0,34.0
2014-08-27,33.9,42,6,8.0,24.26,0.0,35.0
2014-08-28,34.1,28,5,15.3,25.14,0.0,35.0
2014-08-29,32.1,34,38,7.9,22.77,0.0,33.0
2014-08-30,31.1,45,75,12.0,18.6,0.0,34.0
2014-08-31,32.7,46,21,9.4,21.8,0.2,34.0
2014-09-01,34.5,41,7,8.4,23.45,0.0,36.0
2014-09-02,36.1,28,13,13.9,23.73,0.0,37.0
2014-09-03,33.3,31,14,18.1,22.61,0.0,35.0
2014-09-04,31.6,39,16,12.3,23.51,0.0,31.0
2014-09-05,31.7,36,6,11.8,23.13,0.0,32.0
2014-09-06,30.3,37,75,15.9,21.28,0.0,30.0
2014-09-07,27.4,47,92,17.3,17.56,0.2,29.0
2014-09-08,27.8,51,23,10.2,19.13,0.0,30.0
2014-09-09,29.5,44,38,7.6,19.0,0.0,31.0
2014-09-10,30.2,38,18,12.5,22.45,0.0,31.0
2014-09-11,27.9,42,27,13.3,18.69,0.0,28.0
2014-09-12,29.3,44,17,10.0,19.85,0.0,30.0
2014-09-13,28.4,43,36,12.2,18.28,0.0,30.0
2014-09-14,28.1,38,10,19.4,21.05,0.2,29.0
2014-09-15,25.7,47,67,13.8,17.53,0.0,26.0
2014-09-16,27.4,45,56,27.4,18.23,0.2,28.0
2014-09-17,23.3,69,68,17.9,13.63,0.8,26.0
2014-09-18,22.5,67,58,17.2,14.3,0.7,24.0
2014-09-19,23.0,69,59,16.7,14.82,0.4,23.0
2014-09-20,24.6,63,47,10.5,18.0,0.0,26.0
2014-09-21,26.3,53,85,10.9,15.14,1.0,28.0
2014-09-22,23.2,67,57,10.0,16.19,4.1,24.0
2014-09-23,22.6,60,31,11.5,16.95,0.0,24.0
2014-09-24,22.0,66,53,7.1,15.45,1.5,21.0
2014-09-25,22.8,46,0,12.5,20.66,0.0,24.0
2014-09-26,24.1,48,9,10.9,19.68,0.0,25.0
2014-09-27,22.6,69,65,11.4,11.78,2.7,24.0
2014-09-28,19.1,81,85,6.6,7.95,6.0,21.0
2014-09-29,22.9,71,58,7.2,15.43,0.5,24.0
2014-09-30,24.5,59,35,6.2,17.48,0.0,26.0
2014-10-01,24.8,62,41,10.3,14.55,0.0,26.0
2014-10-02,23.8,70,67,8.9,13.06,0.2,26.0
2014-10-03,24.2,69,33,9.4,14.93,0.2,26.0
2014-10-04,26.0,55,53,9.3,16.44,0.0,26.0
2014-10-05,23.9,58,28,12.7,16.41,0.0,26.0
2014-10-06,23.4,58,40,12.5,16.71,0.0,24.0
2014-10-07,22.0,65,43,17.1,15.41,0.0,23.0
2014-10-08,22.5,73,41,20.2,11.08,0.1,25.0
2014-10-09,19.6,87,86,17.3,6.65,5.7,20.0
2014-10-10,19.5,86,87,12.5,6.94,17.6,20.0
2014-10-11,20.1,88,91,10.9,9.33,12.8,21.0
2014-10-12,16.8,81,72,23.1,11.62,12.1,20.0
2014-10-13,15.9,83,90,20.6,9.03,6.1,16.0
2014-10-14,15.2,79,85,11.5,6.01,22.0,16.0
2014-10-15,16.1,84,93,16.4,5.36,0.0,17.0
2014-10-16,20.2,81,81,20.0,10.57,0.0,22.0
2014-10-17,21.7,76,37,12.7,14.68,0.0,23.0
2014-10-18,24.6,73,10,9.9,15.54,0.0,27.0
2014-10-19,25.7,68,68,8.1,14.16,0.0,27.0
2014-10-20,25.0,63,52,6.6,14.5,0.0,27.0
2014-10-21,27.0,68,4,8.3,14.95,0.0,29.0
2014-10-22,22.5,64,14,12.2,15.21,0.0,25.0
2014-10-23,23.7,57,67,9.5,13.5,0.0,26.0
2014-10-24,25.6,60,51,11.6,14.34,0.0,28.0
2014-10-25,24.7,53,44,10.5,14.02,0.0,27.0
2014-10-26,24.1,56,0,8.0,14.2,0.0,28.0
2014-10-27,22.7,59,1,6.8,14.01,0.0,25.0
2014-10-28,21.2,70,15,5.8,13.32,0.0,22.0
2014-10-29,22.1,71,70,5.2,12.61,0.0,24.0
2014-10-30,23.8,66,0,7.2,13.48,0.0,26.0
2014-10-31,22.1,65,1,5.6,13.21,0.0,24.0
2014-11-01,21.4,63,50,5.8,12.99,0.0,22.0
2014-11-02,19.3,68,85,9.0,10.09,0.0,20.0
2014-11-03,15.2,81,79,26.8,8.84,3.5,15.0
2014-11-04,11.5,70,66,22.6,10.17,10.4,12.0
2014-11-05,13.1,61,45,14.3,10.86,0.0,13.0
2014-11-06,14.6,64,37,11.2,12.14,0.0,15.0
2014-11-07,15.9,79,73,18.0,4.68,0.2,18.0
2014-11-08,12.5,74,89,18.8,6.71,2.1,14.0
2014-11-09,11.5,73,44,10.7,9.41,2.9,12.0
2014-11-10,11.5,70,44,13.3,11.54,0.1,12.0
2014-11-11,10.9,91,85,14.6,3.4,11.9,11.0
2014-11-12,14.4,81,66,16.8,5.7,0.0,15.0
2014-11-13,14.9,90,79,18.3,2.93,0.7,17.0
2014-11-14,14.1,85,79,19.0,7.35,13.2,15.0
2014-11-15,11.1,82,68,22.3,6.03,2.4,12.0
2014-11-16,11.3,77,59,18.2,6.16,0.3,13.0
2014-11-17,13.1,71,57,15.5,7.73,0.0,14.0
2014-11-18,9.4,84,68,7.9,5.61,0.0,11.0
2014-11-19,14.9,82,50,6.1,8.61,0.0,16.0
2014-11-20,18.4,76,40,9.9,10.41,0.0,21.0
2014-11-21,17.5,81,69,8.0,8.86,0.0,16.0
2014-11-22,18.2,82,91,9.8,7.82,0.1,19.0
2014-11-23,17.3,77,86,9.0,6.28,3.4,17.0
2014-11-24,15.9,81,57,7.0,7.05,1.6,18.0
2014-11-25,15.8,87,68,10.4,7.89,1.5,17.0
2014-11-26,11.7,86,87,11.5,5.04,0.0,13.0
2014-11-27,10.6,89,81,15.6,3.19,6.9,13.0
2014-11-28,9.7,89,98,18.8,1.22,17.4,11.0
2014-11-29,11.0,90,98,10.9,2.32,6.2,10.0
2014-11-30,14.0,85,92,13.3,3.81,2.3,16.0
2014-12-01,13.8,68,34,18.5,7.69,0.4,15.0
2014-12-02,12.6,63,56,16.6,8.07,0.0,14.0
2014-12-03,9.9,68,99,10.4,5.08,0.0,11.0
2014-12-04,9.8,68,67,8.2,7.18,0.0,10.0
2014-12-05,10.4,73,28,7.2,8.05,0.0,12.0
2014-12-06,9.1,70,33,18.1,8.2,0.0,10.0
2014-12-07,8.9,67,20,16.6,7.5,0.0,10.0
2014-12-08,11.4,79,15,8.3,8.91,0.0,12.0
2014-12-09,9.4,70,55,23.4,6.34,0.0,10.0
2014-12-10,11.8,77,6,9.5,9.15,0.0,12.0
2014-12-11,11.4,83,12,8.2,8.96,0.0,13.0
2014-12-12,8.8,87,61,9.6,8.12,0.0,11.0
2014-12-13,9.7,93,100,14.8,1.75,8.0,13.0
2014-12-14,8.8,91,100,10.2,1.27,23.9,9.0
2014-12-15,11.4,76,82,14.9,7.1,0.7,11.0
2014-12-16,11.1,84,55,9.7,4.32,3.6,13.0
2014-12-17,12.8,80,55,6.9,7.22,0.0,13.0
2014-12-18,13.9,84,32,5.9,8.85,0.0,14.0
2014-12-19,13.2,82,0,5.2,9.26,0.0,13.0
2014-12-20,13.8,80,7,8.2,8.87,0.0,15.0
2014-12-21,12.6,83,18,9.6,8.56,0.0,14.0
2014-12-22,12.5,75,35,7.4,8.66,0.0,15.0
2014-12-23,10.5,72,44,5.5,9.0,0.0,12.0
2014-12-24,10.1,79,0,5.9,9.06,0.0,11.0
2014-12-25,10.4,80,33,9.1,8.62,0.0,12.0
2014-12-26,11.1,83,42,7.3,6.72,0.0,12.0
2014-12-27,11.1,84,73,10.3,6.79,0.0,9.0
2014-12-28,9.1,71,50,15.8,5.59,2.0,11.0
2014-12-29,7.9,41,3,18.8,9.61,0.0,9.0
2014-12-30,8.4,49,0,7.1,9.36,0.0,11.0
2014-12-31,9.4,75,0,6.8,9.5,0.0,
2015-01-01,9.6,66,0,7.2,9.63,0.0,12.0
2015-01-02,10.6,70,44,4.6,9.19,0.0,13.0
2015-01-03,10.4,70,6,6.8,9.24,0.0,13.0
2015-01-04,13.0,73,0,5.5,9.33,0.0,16.0
2015-01-05,10.8,76,0,8.4,9.31,0.0,13.0
2015-01-06,9.4,85,35,7.4,9.41,0.0,11.0
2015-01-07,9.1,81,1,6.0,9.76,0.0,11.0
2015-01-08,10.3,75,15,8.4,9.91,0.0,14.0
2015-01-09,12.3,78,0,6.4,9.85,0.0,14.0
2015-01-10,11.4,76,1,9.2,10.06,0.0,14.0
2015-01-11,12.5,80,23,10.2,8.96,0.0,16.0
2015-01-12,11.4,79,12,8.2,9.85,0.0,13.0
2015-01-13,11.1,79,28,10.5,9.83,0.0,13.0
2015-01-14,8.4,90,70,6.9,5.32,0.0,7.0
2015-01-15,9.3,90,98,21.2,5.72,1.0,12.0
2015-01-16,7.8,72,51,21.0,8.51,5.4,9.0
2015-01-17,7.0,71,28,10.7,10.35,0.0,9.0
2015-01-18,3.3,92,99,9.2,2.76,4.8,4.0
2015-01-19,6.1,70,72,23.8,9.34,2.9,
2015-01-20,5.5,69,89,8.2,7.1,0.0,6.0
2015-01-21,5.6,80,51,13.7,7.32,1.4,6.0
2015-01-22,7.7,74,47,18.9,7.88,0.3,8.0
2015-01-23,7.1,64,6,15.1,10.52,0.0,9.0
2015-01-24,9.7,65,37,10.1,11.42,0.0,11.0
2015-01-25,10.5,67,29,15.7,11.21,0.0,13.0
2015-01-26,11.3,69,35,8.0,11.12,0.0,13.0
2015-01-27,11.1,77,36,15.3,9.4,0.0,13.0
2015-01-28,11.9,74,18,8.0,11.71,0.0,13.0
2015-01-29,11.7,75,87,19.2,7.84,0.0,13.0
2015-01-30,13.9,79,94,30.7,5.03,4.3,17.0
2015-01-31,10.8,67,49,26.4,10.19,10.1,12.0
2015-02-01,7.2,55,38,22.0,10.56,0.0,8.0
2015-02-02,4.7,85,90,21.3,5.07,5.4,6.0
2015-02-03,8.1,80,58,22.0,8.52,3.8,9.0
2015-02-04,4.1,60,52,23.6,10.89,0.9,4.0
2015-02-05,4.7,50,43,27.9,10.85,0.0,4.0
2015-02-06,4.9,61,46,14.8,10.02,0.0,6.0
2015-02-07,4.8,61,63,10.1,7.5,0.0,3.0
2015-02-08,8.5,62,4,13.3,13.37,0.0,9.0
2015-02-09,9.8,60,10,13.2,13.62,0.0,10.0
2015-02-10,7.7,76,61,8.7,6.9,0.0,8.0
2015-02-11,8.6,79,92,7.4,7.26,0.1,8.0
2015-02-12,9.7,82,80,5.7,8.05,0.7,12.0
2015-02-13,11.6,72,53,16.3,11.09,0.0,13.0
2015-02-14,12.0,77,89,20.3,8.34,0.4,13.0
2015-02-15,12.4,83,80,17.1,6.56,1.8,15.0
2015-02-16,12.5,73,67,10.0,10.0,0.0,13.0
2015-02-17,10.4,63,75,29.9,11.64,4.0,12.0
2015-02-18,10.9,59,45,19.0,12.16,0.0,11.0
2015-02-19,11.7,67,13,7.7,15.29,0.0,12.0
2015-02-20,10.4,67,65,10.2,12.39,0.0,11.0
2015-02-21,11.0,70,53,25.6,13.41,3.8,13.0
2015-02-22,11.9,63,38,13.8,11.12,0.0,14.0
2015-02-23,13.5,77,62,21.6,8.94,0.9,14.0
2015-02-24,9.5,58,45,20.2,10.95,0.0,11.0
2015-02-25,11.6,64,56,23.3,11.48,0.0,14.0
2015-02-26,14.5,68,64,13.6,10.74,0.0,14.0
2015-02-27,11.5,65,42,15.7,14.3,0.0,14.0
2015-02-28,14.0,68,76,9.1,9.48,0.0,16.0
2015-03-01,18.0,76,79,11.3,13.71,0.0,19.0
2015-03-02,18.9,77,44,8.6,14.13,0.0,18.0
2015-03-03,18.2,78,46,8.7,15.92,0.4,17.0
2015-03-04,13.5,67,37,18.1,16.98,0.0,14.0
2015-03-05,13.1,48,17,18.9,18.66,0.0,15.0
2015-03-06,17.1,41,0,9.8,18.96,0.0,18.0
2015-03-07,20.0,44,2,7.1,19.2,0.0,23.0
2015-03-08,21.6,55,27,10.1,19.15,0.0,24.0
2015-03-09,21.0,53,33,7.7,19.73,0.0,22.0
2015-03-10,21.2,54,10,10.7,19.41,0.0,22.0
2015-03-11,21.4,53,10,9.9,19.8,0.0,22.0
2015-03-12,20.9,50,87,10.7,19.49,0.0,21.0
2015-03-13,16.5,58,64,18.9,13.65,0.0,18.0
2015-03-14,13.3,48,17,18.7,19.43,0.0,13.0
2015-03-15,10.9,56,41,12.9,14.12,0.0,8.0
2015-03-16,12.0,55,0,7.4,20.88,0.0,12.0
2015-03-17,15.1,53,52,12.0,16.07,0.0,14.0
2015-03-18,9.5,74,91,12.8,5.56,6.8,9.0
2015-03-19,12.7,78,93,21.2,9.39,2.5,12.0
2015-03-20,14.0,66,89,23.8,11.01,4.4,12.0
2015-03-21,10.5,83,96,19.4,7.84,6.4,12.0
2015-03-22,13.9,76,74,18.0,15.04,6.5,13.0
2015-03-23,11.4,88,99,11.8,8.79,17.1,9.0
2015-03-24,11.0,81,84,21.3,12.74,10.0,13.0
2015-03-25,9.7,52,41,32.1,19.09,0.1,9.0
2015-03-26,11.6,68,81,11.9,10.2,0.0,15.0
2015-03-27,18.3,73,47,17.1,13.42,0.0,20.0
2015-03-28,22.6,70,5,9.8,22.46,0.0,24.0
2015-03-29,21.0,62,57,10.2,22.1,0.0,23.0
2015-03-30,23.9,56,31,9.7,22.73,0.0,25.0
2015-03-31,24.4,56,5,9.4,23.68,0.0,26.0
2015-04-01,20.9,56,8,12.6,23.76,0.0,22.0
2015-04-02,22.3,48,37,9.0,23.9,0.0,24.0
2015-04-03,22.2,45,99,9.7,19.56,0.0,23.0
2015-04-04,20.2,46,29,15.5,24.51,0.0,22.0
2015-04-05,21.7,45,0,11.8,24.91,0.0,23.0
2015-04-06,20.2,55,31,12.2,22.95,0.1,20.0
2015-04-07,19.2,49,25,17.7,25.03,0.0,18.0
2015-04-08,16.8,48,48,13.8,20.72,0.5,18.0
2015-04-09,11.5,69,87,11.6,9.24,3.4,11.0
2015-04-10,16.3,70,69,9.0,17.05,0.2,16.0
2015-04-11,19.4,64,30,12.4,21.67,0.1,21.0
2015-04-12,20.4,61,40,15.3,22.36,1.1,21.0
2015-04-13,22.0,47,32,25.2,23.38,0.0,23.0
2015-04-14,23.8,41,69,22.2,20.81,0.0,24.0
2015-04-15,19.0,45,80,14.6,17.57,1.8,18.0
2015-04-16,16.7,76,76,18.1,14.7,6.0,17.0
2015-04-17,19.5,65,64,10.7,19.61,0.3,20.0
2015-04-18,17.7,60,44,22.1,21.32,0.3,19.0
2015-04-19,18.3,55,37,9.4,24.18,0.0,18.0
2015-04-20,20.8,51,28,9.0,26.7,0.0,21.0
2015-04-21,22.0,49,81,15.5,23.41,0.0,22.0
2015-04-22,20.2,55,35,15.5,21.51,0.2,22.0
2015-04-23,22.8,54,66,10.4,26.64,0.0,24.0
2015-04-24,22.4,48,97,13.2,16.29,0.0,22.0
2015-04-25,18.0,58,81,18.6,15.43,0.0,20.0
2015-04-26,14.3,79,85,16.8,9.03,11.9,16.0
2015-04-27,17.0,59,50,16.3,17.6,0.1,17.0
2015-04-28,18.0,60,68,12.8,19.94,0.0,19.0
2015-04-29,20.4,55,58,14.8,23.39,0.0,21.0
2015-04-30,22.6,58,71,11.8,25.0,0.0,24.0
2015-05-01,22.5,66,96,13.5,17.17,0.0,24.0
2015-05-02,26.0,67,88,18.2,23.47,0.0,27.0
2015-05-03,23.8,56,97,16.5,16.37,0.0,23.0
2015-05-04,25.7,55,96,29.7,16.85,0.2,27.0
2015-05-05,20.0,56,66,24.7,23.48,0.0,21.0
2015-05-06,21.1,48,31,8.9,28.25,0.0,22.0
2015-05-07,26.4,37,33,12.7,28.66,0.0,29.0
2015-05-08,24.2,46,20,15.7,24.53,0.0,25.0
2015-05-09,26.7,50,43,9.0,28.75,0.0,28.0
2015-05-10,30.0,42,68,11.0,28.62,0.0,31.0
2015-05-11,31.1,36,86,10.4,28.7,0.0,33.0
2015-05-12,32.6,34,5,10.2,29.39,0.0,34.0
2015-05-13,34.5,28,64,21.4,27.74,0.0,36.0
2015-05-14,31.7,30,56,21.2,28.16,0.0,33.0
2015-05-15,22.1,37,9,20.5,29.64,0.0,22.0
2015-05-16,26.2,41,1,17.0,29.94,0.0,28.0
2015-05-17,28.4,39,1,13.2,29.87,0.0,30.0
2015-05-18,30.0,34,27,15.5,29.67,0.0,32.0
2015-05-19,22.0,48,48,22.7,24.03,1.7,26.0
2015-05-20,21.0,40,15,19.1,29.84,0.0,21.0
2015-05-21,21.0,40,0,18.3,30.51,0.0,22.0
2015-05-22,21.7,36,1,19.0,30.88,0.0,22.0
2015-05-23,23.0,41,19,18.3,28.94,0.0,23.0
2015-05-24,22.5,43,57,21.4,21.98,0.0,24.0
2015-05-25,24.6,43,48,15.1,20.65,0.0,27.0
2015-05-26,26.7,39,0,16.8,30.83,0.0,28.0
2015-05-27,28.2,36,0,15.1,30.59,0.0,29.0
2015-05-28,29.8,34,4,12.5,29.06,0.0,32.0
2015-05-29,29.6,39,36,17.4,27.04,1.3,29.0
2015-05-30,28.2,47,18,13.0,28.89,0.2,28.0
2015-05-31,28.1,43,11,10.9,29.45,0.0,30.0
2015-06-01,29.3,37,25,11.8,29.5,0.0,31.0
2015-06-02,30.6,37,27,9.5,27.25,0.0,32.0
2015-06-03,31.1,35,32,13.1,26.18,0.0,34.0
2015-06-04,30.7,27,17,10.9,29.8,0.0,32.0
2015-06-05,30.5,27,29,11.2,29.78,0.0,32.0
2015-06-06,31.1,32,67,10.5,26.75,0.0,33.0
2015-06-07,31.7,25,29,14.5,28.57,0.0,33.0
2015-06-08,31.4,26,24,9.3,29.1,0.0,33.0
2015-06-09,30.9,30,53,18.7,27.25,0.0,32.0
2015-06-10,26.8,47,56,20.8,22.97,1.1,27.0
2015-06-11,22.2,63,74,20.2,18.45,7.2,23.0
2015-06-12,22.5,59,44,17.6,23.36,0.0,24.0
2015-06-13,20.6,47,68,20.0,20.06,0.0,23.0
2015-06-14,20.6,50,28,17.4,24.87,0.3,21.0
2015-06-15,19.1,67,83,8.4,14.65,9.2,21.0
2015-06-16,22.9,55,58,14.1,20.64,0.0,26.0
2015-06-17,26.9,50,7,17.4,29.18,0.0,27.0
2015-06-18,28.4,43,0,16.1,30.95,0.0,30.0
2015-06-19,30.8,41,0,15.4,31.2,0.0,33.0
2015-06-20,32.0,32,0,14.3,31.65,0.0,34.0
2015-06-21,33.8,32,8,11.5,30.52,0.0,35.0
2015-06-22,31.9,32,59,22.4,25.64,0.0,34.0
2015-06-23,29.6,45,47,13.1,25.65,2.9,31.0
2015-06-24,28.8,50,42,9.4,26.19,0.0,31.0
2015-06-25,31.3,45,11,9.7,28.67,0.0,33.0
2015-06-26,33.6,32,22,10.8,29.98,0.0,35.0
2015-06-27,35.6,32,2,9.4,30.89,0.0,38.0
2015-06-28,37.2,29,1,9.9,30.95,0.0,39.0
2015-06-29,38.3,27,4,11.7,30.5,0.0,40.0
2015-06-30,38.0,23,7,19.5,29.89,0.0,40.0
2015-07-01,35.5,23,22,18.0,29.48,0.0,37.0
2015-07-02,33.0,27,48,12.4,30.45,0.0,34.0
2015-07-03,36.1,35,18,18.4,29.58,0.0,37.0
2015-07-04,36.3,34,8,14.0,29.1,0.0,38.0
2015-07-05,36.7,28,32,15.8,28.93,0.0,38.0
2015-07-06,38.2,23,15,18.7,28.79,0.0,40.0
2015-07-07,37.7,20,34,21.7,30.31,0.0,39.0
2015-07-08,37.6,21,24,14.5,30.74,0.0,38.0
2015-07-09,37.5,26,0,18.6,30.58,0.0,39.0
2015-07-10,36.0,19,0,18.6,30.92,0.0,37.0
2015-07-11,35.7,26,0,10.5,30.47,0.0,37.0
2015-07-12,36.3,30,0,13.0,30.56,0.0,38.0
2015-07-13,37.3,25,0,13.5,30.47,0.0,39.0
2015-07-14,37.7,20,8,15.4,30.4,0.0,40.0
2015-07-15,38.1,24,20,13.8,29.46,0.0,39.0
2015-07-16,37.0,23,50,16.2,25.42,0.4,39.0
2015-07-17,33.6,31,57,13.5,20.25,1.1,37.0
2015-07-18,32.0,35,36,17.3,24.58,1.3,34.0
2015-07-19,33.5,35,49,12.7,26.93,0.0,35.0
2015-07-20,35.2,35,24,9.9,27.75,0.1,38.0
2015-07-21,35.8,30,22,17.3,26.37,0.1,37.0
2015-07-22,34.9,41,39,12.7,25.37,0.4,34.0
2015-07-23,35.3,39,9,11.5,26.97,0.0,37.0
2015-07-24,34.7,29,34,17.7,28.95,0.0,36.0
2015-07-25,32.6,37,27,15.1,28.7,0.0,34.0
2015-07-26,35.6,31,0,12.1,28.99,0.0,37.0
2015-07-27,36.3,32,0,12.3,28.84,0.0,38.0
2015-07-28,36.4,26,3,13.7,28.85,0.0,38.0
2015-07-29,35.4,27,2,15.6,29.45,0.0,38.0
2015-07-30,33.0,38,20,15.7,24.77,0.1,35.0
2015-07-31,29.3,46,59,14.8,21.73,3.6,32.0
2015-08-01,30.2,47,10,13.5,28.4,0.0,32.0
2015-08-02,34.0,45,20,10.7,27.38,0.0,36.0
2015-08-03,34.9,38,32,21.9,22.4,2.0,37.0
2015-08-04,34.0,36,16,11.5,27.06,0.0,36.0
2015-08-05,35.6,23,53,17.6,27.64,0.0,37.0
2015-08-06,36.3,15,8,17.6,28.03,0.0,38.0
2015-08-07,36.4,17,30,17.1,27.29,0.0,37.0
2015-08-08,32.5,28,64,20.3,19.67,0.2,33.0
2015-08-09,33.0,33,0,17.9,28.68,0.0,33.0
2015-08-10,35.5,31,11,12.9,27.25,0.0,37.0
2015-08-11,33.5,31,11,18.1,26.33,0.0,34.0
2015-08-12,33.4,27,44,17.9,23.54,0.0,34.0
2015-08-13,27.9,38,22,17.6,24.02,0.5,28.0
2015-08-14,26.8,43,56,11.3,19.88,0.0,27.0
2015-08-15,26.8,32,53,12.9,19.81,0.0,27.0
2015-08-16,28.3,39,54,12.6,17.39,0.0,30.0
2015-08-17,29.5,41,54,10.6,19.08,0.0,32.0
2015-08-18,31.9,37,39,14.1,24.45,0.0,32.0
2015-08-19,31.6,36,27,19.5,24.67,0.0,33.0
2015-08-20,33.6,38,14,9.2,25.05,0.0,35.0
2015-08-21,33.4,41,44,12.2,21.55,0.0,34.0
2015-08-22,30.3,52,44,21.1,21.63,0.4,32.0
2015-08-23,26.7,46,50,23.1,24.01,0.0,26.0
2015-08-24,24.7,47,31,22.1,18.99,1.1,25.0
2015-08-25,28.8,37,0,6.1,25.69,0.0,30.0
2015-08-26,31.8,41,11,14.8,25.22,0.0,33.0
2015-08-27,31.8,33,41,18.6,24.87,0.0,33.0
2015-08-28,33.6,31,10,9.1,25.0,0.0,34.0
2015-08-29,35.0,35,33,12.4,24.18,0.0,36.0
2015-08-30,35.2,40,53,25.3,22.06,0.7,36.0
2015-08-31,28.0,57,53,12.1,15.59,3.0,29.0
2015-09-01,28.2,61,57,9.2,17.17,0.0,31.0
2015-09-02,29.2,50,46,11.8,19.96,0.0,30.0
2015-09-03,26.5,42,45,12.0,21.66,0.0,27.0
2015-09-04,25.0,51,52,16.6,19.68,2.8,27.0
2015-09-05,25.2,46,73,12.5,19.56,0.0,27.0
2015-09-06,24.7,47,36,7.1,18.5,0.0,28.0
2015-09-07,26.6,52,35,12.9,19.59,0.7,27.0
2015-09-08,27.8,48,16,8.4,23.39,0.0,29.0
2015-09-09,28.2,36,80,14.1,20.57,0.0,30.0
2015-09-10,28.5,34,47,14.8,22.14,0.0,29.0
2015-09-11,29.9,39,6,15.7,22.53,0.0,30.0
2015-09-12,27.2,36,56,18.2,16.18,0.0,29.0
2015-09-13,24.9,43,69,21.4,20.31,0.0,25.0
2015-09-14,24.0,51,64,15.5,18.37,0.0,25.0
2015-09-15,19.6,53,84,20.1,12.19,1.4,21.0
2015-09-16,19.2,79,91,34.9,4.54,7.1,23.0
2015-09-17,20.8,58,42,16.5,19.42,0.3,21.0
2015-09-18,22.9,50,1,7.9,21.89,0.0,24.0
2015-09-19,25.0,47,3,8.7,21.51,0.0,26.0
2015-09-20,27.0,46,0,9.2,21.47,0.0,29.0
2015-09-21,28.3,39,0,10.3,21.33,0.0,30.0
2015-09-22,28.1,35,0,14.1,21.06,0.0,30.0
2015-09-23,25.2,45,78,13.8,19.51,0.0,25.0
2015-09-24,27.9,44,42,11.6,20.5,0.0,29.0
2015-09-25,28.4,28,54,8.2,17.82,0.0,30.0
2015-09-26,27.2,29,89,8.6,14.71,0.0,29.0
2015-09-27,27.4,35,34,12.1,18.68,0.0,29.0
2015-09-28,24.3,47,9,9.9,17.81,0.2,25.0
2015-09-29,23.0,54,31,9.2,16.79,0.1,24.0
2015-09-30,21.9,64,41,8.5,14.9,0.0,23.0
2015-10-01,25.1,54,9,13.6,18.25,0.0,26.0
2015-10-02,24.6,41,17,20.7,17.3,0.0,26.0
2015-10-03,23.6,48,82,14.5,12.48,0.3,26.0
2015-10-04,23.9,62,93,23.7,8.66,0.5,22.0
2015-10-05,22.3,74,94,27.8,9.06,3.1,24.0
2015-10-06,21.4,70,75,21.7,13.32,1.8,21.0
2015-10-07,20.7,59,51,8.1,15.13,0.0,22.0
2015-10-08,20.7,50,42,12.5,15.09,0.0,23.0
2015-10-09,21.5,58,40,7.9,15.26,0.0,23.0
2015-10-10,21.3,57,62,13.7,14.75,0.1,23.0
2015-10-11,20.3,68,85,13.0,8.49,1.2,21.0
2015-10-12,19.3,77,67,9.7,7.55,1.1,22.0
2015-10-13,15.9,81,70,14.9,6.73,4.6,16.0
2015-10-14,18.3,60,1,7.6,17.15,0.0,19.0
2015-10-15,19.3,52,0,8.3,17.01,0.0,21.0
2015-10-16,20.6,52,63,7.1,14.69,0.0,22.0
2015-10-17,22.8,72,82,10.0,11.45,1.9,22.0
2015-10-18,17.6,89,99,8.9,5.96,8.2,19.0
2015-10-19,19.1,84,87,9.4,9.3,16.2,21.0
2015-10-20,19.3,67,62,16.8,11.08,0.0,20.0
2015-10-21,17.6,58,39,12.6,14.02,0.0,19.0
2015-10-22,19.5,64,3,6.2,14.67,0.0,20.0
2015-10-23,20.0,68,62,8.4,12.69,0.0,20.0
2015-10-24,20.8,68,95,6.4,11.51,0.0,21.0
2015-10-25,19.7,70,88,9.3,10.22,0.0,21.0
2015-10-26,15.7,83,78,14.4,4.67,1.8,18.0
2015-10-27,15.6,78,72,19.7,7.26,2.3,16.0
2015-10-28,14.8,76,65,19.1,7.91,0.6,17.0
2015-10-29,17.6,77,93,12.7,7.73,0.0,17.0
2015-10-30,20.8,77,21,8.7,12.86,0.0,22.0
2015-10-31,20.3,73,58,11.5,10.46,0.0,20.0
2015-11-01,19.1,66,66,22.4,10.19,0.0,19.0
2015-11-02,14.7,81,93,23.7,5.39,29.3,16.0
2015-11-03,14.5,85,81,15.6,3.44,6.2,15.0
2015-11-04,15.7,90,90,11.7,5.07,0.9,15.0
2015-11-05,18.6,82,84,11.5,8.59,0.0,18.0
2015-11-06,20.3,81,41,5.8,11.69,0.0,22.0
2015-11-07,21.3,83,38,5.8,11.24,0.0,23.0
2015-11-08,20.7,74,0,6.4,12.24,0.0,23.0
2015-11-09,21.1,69,0,4.8,12.32,0.0,22.0
2015-11-10,20.7,70,0,6.6,12.3,0.0,22.0
2015-11-11,20.3,67,0,4.8,12.3,0.0,22.0
2015-11-12,19.5,69,0,4.6,11.84,0.0,21.0
2015-11-13,19.8,72,10,13.0,11.55,0.0,22.0
2015-11-14,17.5,72,4,13.5,11.53,0.0,18.0
2015-11-15,17.8,73,1,8.6,11.53,0.0,19.0
2015-11-16,17.2,77,6,8.4,11.4,0.0,18.0
2015-11-17,16.7,76,28,7.6,10.99,0.0,17.0
2015-11-18,18.5,74,31,7.4,10.42,0.0,20.0
2015-11-19,19.2,76,23,7.5,10.44,0.0,21.0
2015-11-20,19.6,75,58,9.2,10.41,0.0,21.0
2015-11-21,12.0,64,58,19.6,7.39,1.4,16.0
2015-11-22,9.2,64,52,13.0,6.87,0.7,9.0
2015-11-23,9.5,64,15,22.8,10.42,0.2,10.0
2015-11-24,10.7,67,50,12.1,7.02,0.0,12.0
2015-11-25,12.4,75,64,15.0,4.52,0.0,17.0
2015-11-26,13.8,63,24,18.9,9.04,0.0,17.0
2015-11-27,14.5,70,41,14.4,8.88,0.0,17.0
2015-11-28,14.6,72,17,9.3,8.71,0.0,17.0
2015-11-29,13.8,68,0,7.1,10.17,0.0,13.0
2015-11-30,14.3,58,0,5.2,10.28,0.0,16.0
2015-12-01,12.6,56,33,5.7,10.04,0.0,17.0
2015-12-02,13.5,60,11,4.1,9.44,0.0,15.0
2015-12-03,14.5,76,21,7.2,9.36,0.0,16.0
2015-12-04,16.2,73,55,5.6,9.12,0.0,17.0
2015-12-05,16.1,71,20,5.4,9.26,0.0,18.0
2015-12-06,15.2,75,3,5.1,9.2,0.0,17.0
2015-12-07,11.1,85,87,6.0,4.32,0.1,11.0
2015-12-08,14.4,83,73,4.7,8.15,0.0,14.0
2015-12-09,14.5,83,71,12.2,8.67,0.0,16.0
2015-12-10,12.4,83,94,6.4,5.51,0.0,14.0
2015-12-11,12.2,82,88,6.3,4.06,0.0,14.0
2015-12-12,10.7,83,96,8.0,3.81,0.1,12.0
2015-12-13,11.1,84,68,13.0,5.88,0.0,13.0
2015-12-14,13.7,82,82,17.3,6.17,1.3,15.0
2015-12-15,14.9,76,88,11.4,7.29,0.0,16.0
2015-12-16,15.4,74,78,4.3,7.96,0.0,15.0
2015-12-17,14.4,71,89,6.2,6.53,0.0,16.0
2015-12-18,15.1,71,57,6.4,8.26,0.0,15.0
2015-12-19,15.1,69,23,6.8,8.85,0.0,16.0
2015-12-20,14.5,64,57,9.0,8.07,0.3,16.0
2015-12-21,13.4,81,34,5.4,7.29,0.0,15.0
2015-12-22,14.0,79,1,6.5,8.82,0.0,16.0
2015-12-23,13.9,79,41,5.2,8.63,0.0,15.0
2015-12-24,11.8,80,53,5.8,7.3,0.0,11.0
2015-12-25,11.5,85,30,5.4,7.93,0.0,14.0
2015-12-26,11.3,86,63,5.6,7.37,0.0,11.0
2015-12-27,13.5,78,82,11.2,7.09,0.0,13.0
2015-12-28,13.4,79,80,15.9,6.43,0.4,15.0
2015-12-29,11.1,89,91,15.8,4.99,0.6,11.0
2015-12-30,10.2,90,88,12.5,6.87,0.0,10.0
2015-12-31,11.5,91,100,12.1,1.94,0.9,13.0
2016-01-01,12.2,93,99,23.5,3.34,2.2,14.0
2016-01-02,11.4,78,62,16.6,6.04,1.1,12.0
2016-01-03,10.1,91,91,20.1,1.82,0.6,12.0
2016-01-04,12.0,93,100,28.3,1.25,9.9,15.0
2016-01-05,8.5,73,56,17.0,6.35,1.6,9.0
2016-01-06,7.8,77,70,20.5,4.24,1.0,9.0
2016-01-07,13.8,91,95,24.1,4.48,0.0,15.0
2016-01-08,11.9,92,99,22.7,2.58,0.4,14.0
2016-01-09,11.1,88,88,22.9,5.91,10.8,12.0
2016-01-10,10.8,87,95,30.8,3.77,3.4,12.0
2016-01-11,10.7,73,74,30.0,6.35,9.0,12.0
2016-01-12,9.9,69,51,17.0,7.72,0.0,10.0
2016-01-13,9.9,77,55,9.2,9.22,0.0,10.0
2016-01-14,8.6,91,68,12.5,3.65,4.4,8.0
2016-01-15,9.0,72,61,21.3,8.66,1.3,9.0
2016-01-16,7.6,61,10,13.0,9.86,0.0,9.0
2016-01-17,7.2,70,56,7.3,9.14,0.6,7.0
2016-01-18,9.1,81,82,17.7,5.26,0.2,12.0
2016-01-19,6.9,87,86,8.3,5.59,0.0,9.0
2016-01-20,9.4,83,75,7.2,7.92,0.0,9.0
2016-01-21,10.8,88,69,8.6,7.0,0.0,8.0
2016-01-22,12.5,90,95,6.6,4.93,0.5,11.0
2016-01-23,15.5,87,72,5.6,8.33,0.0,18.0
2016-01-24,16.4,86,37,6.0,10.02,0.0,19.0
2016-01-25,14.8,85,80,5.2,8.24,0.0,17.0
2016-01-26,14.1,88,65,6.1,8.3,0.0,17.0
2016-01-27,10.9,91,77,7.1,4.1,0.0,10.0
2016-01-28,9.0,91,100,12.7,3.36,1.4,10.0
2016-01-29,10.8,85,79,11.2,4.92,5.8,11.0
2016-01-30,12.9,82,68,11.6,10.06,0.0,14.0
2016-01-31,15.1,81,36,8.1,10.06,0.0,14.0
2016-02-01,16.3,82,25,8.3,11.97,0.0,17.0
2016-02-02,14.7,81,75,6.4,9.35,0.0,14.0
2016-02-03,12.5,74,51,17.5,9.95,0.0,15.0
2016-02-04,11.4,63,0,14.2,12.93,0.0,13.0
2016-02-05,10.7,75,73,6.7,10.61,0.0,11.0
2016-02-06,11.4,79,56,24.0,7.82,0.2,12.0
2016-02-07,10.5,66,66,26.9,10.93,4.7,11.0
2016-02-08,12.6,80,79,19.5,8.96,0.0,13.0
2016-02-09,12.4,85,99,31.0,4.01,0.4,13.0
2016-02-10,12.4,82,92,29.6,2.66,1.4,12.0
2016-02-11,14.7,81,73,19.1,8.35,1.8,16.0
2016-02-12,13.1,89,96,25.7,2.49,3.3,14.0
2016-02-13,13.5,89,93,28.2,3.52,2.2,15.0
2016-02-14,12.0,64,47,29.3,10.13,4.1,13.0
2016-02-15,8.7,56,42,30.1,12.49,0.0,10.0
2016-02-16,7.5,46,12,21.7,14.45,0.0,8.0
2016-02-17,7.6,60,33,12.3,14.45,0.0,9.0
2016-02-18,9.1,80,81,11.1,10.98,3.9,10.0
2016-02-19,10.9,60,15,11.9,15.85,0.0,12.0
2016-02-20,13.5,58,0,9.7,15.92,0.0,15.0
2016-02-21,14.4,61,0,9.2,15.81,0.0,15.0
2016-02-22,15.3,66,22,10.8,15.61,0.0,16.0
2016-02-23,15.0,72,7,8.6,15.62,0.0,16.0
2016-02-24,12.6,77,79,18.1,12.36,0.5,12.0
2016-02-25,12.6,71,62,15.5,11.69,0.4,13.0
2016-02-26,7.2,91,87,23.0,4.56,11.3,9.0
2016-02-27,7.7,64,97,23.3,12.75,3.5,9.0
2016-02-28,10.0,69,75,20.0,9.62,1.7,10.0
2016-02-29,10.1,58,25,24.6,14.04,0.0,
2016-03-01,14.7,61,24,8.0,17.18,0.0,17.0
2016-03-02,16.4,64,30,16.9,16.42,0.0,19.0
2016-03-03,13.1,65,36,12.7,16.54,0.0,15.0
2016-03-04,14.7,70,35,23.9,15.06,1.2,16.0
2016-03-05,9.9,63,40,18.4,14.37,0.9,11.0
2016-03-06,10.5,62,28,16.1,14.69,0.0,11.0
2016-03-07,9.6,65,59,20.3,15.62,3.1,11.0
2016-03-08,10.1,55,37,21.1,13.29,0.0,11.0
2016-03-09,10.8,71,51,23.0,7.8,0.8,15.0
2016-03-10,10.3,59,45,25.0,16.38,0.3,10.0
2016-03-11,13.0,54,22,18.6,16.77,0.0,14.0
2016-03-12,13.2,63,27,10.0,19.85,0.0,14.0
2016-03-13,14.5,58,9,8.9,20.56,0.0,16.0
2016-03-14,12.0,52,5,13.0,20.69,0.0,13.0
2016-03-15,13.6,57,59,9.6,18.22,0.0,16.0
2016-03-16,14.7,59,6,13.8,20.43,0.0,16.0
2016-03-17,15.4,61,33,12.2,17.06,0.0,16.0
2016-03-18,14.3,67,66,13.5,15.92,1.8,15.0
2016-03-19,11.6,83,80,18.2,10.62,14.1,13.0
2016-03-20,13.2,74,61,8.1,17.29,0.4,14.0
2016-03-21,13.4,79,64,12.6,16.63,6.7,14.0
2016-03-22,13.6,74,92,10.0,15.08,4.8,15.0
2016-03-23,14.3,63,27,18.0,20.76,0.0,14.0
2016-03-24,17.9,58,18,9.0,22.6,0.0,19.0
2016-03-25,17.2,62,67,9.4,15.88,0.0,17.0
2016-03-26,17.5,70,39,21.7,19.61,0.0,16.0
2016-03-27,14.8,60,54,17.0,19.77,0.7,15.0
2016-03-28,13.7,71,93,17.8,11.84,0.7,13.0
2016-03-29,17.5,72,62,15.7,18.12,0.0,19.0
2016-03-30,20.3,62,33,18.5,22.42,0.0,23.0
2016-03-31,11.5,64,58,25.6,12.2,1.1,16.0
2016-04-01,14.0,50,10,17.6,22.51,0.0,14.0
2016-04-02,16.2,53,20,15.0,22.85,0.0,17.0
2016-04-03,13.0,70,80,23.8,13.84,1.0,14.0
2016-04-04,9.3,91,96,18.1,2.91,23.0,11.0
2016-04-05,14.0,63,54,27.5,15.87,2.0,16.0
2016-04-06,17.9,58,6,12.3,24.86,0.0,20.0
2016-04-07,18.1,61,15,11.8,24.92,0.0,21.0
2016-04-08,13.1,49,41,19.3,21.09,0.3,13.0
2016-04-09,16.5,56,28,15.6,21.7,0.0,18.0
2016-04-10,13.0,73,77,25.8,13.27,3.4,14.0
2016-04-11,13.1,82,56,25.1,17.2,3.1,14.0
2016-04-12,12.4,86,85,16.1,8.72,11.1,13.0
2016-04-13,14.8,72,58,18.7,20.8,1.1,16.0
2016-04-14,17.0,69,52,19.3,19.09,0.0,19.0
2016-04-15,17.6,68,48,21.1,18.37,0.7,20.0
2016-04-16,15.2,83,83,22.9,13.53,7.4,15.0
2016-04-17,15.9,68,37,14.8,23.36,0.3,17.0
2016-04-18,20.6,59,27,10.2,25.33,0.0,22.0
2016-04-19,15.1,80,84,14.3,10.82,9.9,16.0
2016-04-20,13.4,80,93,11.3,10.95,17.1,13.0
2016-04-21,15.8,74,83,13.2,17.14,0.1,18.0
2016-04-22,16.6,70,81,11.1,20.79,0.8,17.0
2016-04-23,16.7,78,45,13.5,21.18,3.3,19.0
2016-04-24,17.4,66,19,15.4,24.35,0.0,18.0
2016-04-25,18.6,56,9,9.2,28.48,0.0,20.0
2016-04-26,20.5,55,31,10.7,25.84,0.0,22.0
2016-04-27,19.8,63,85,18.1,20.15,0.0,22.0
2016-04-28,16.6,76,67,10.0,18.45,3.8,18.0
2016-04-29,17.9,65,88,8.1,16.61,1.1,19.0
2016-04-30,16.8,62,25,16.9,27.42,0.4,18.0
2016-05-01,16.5,44,1,15.9,29.05,0.0,17.0
2016-05-02,22.0,46,4,10.2,29.32,0.0,24.0
2016-05-03,24.2,48,0,8.7,29.08,0.0,26.0
2016-05-04,25.2,44,43,10.4,27.45,0.0,27.0
2016-05-05,20.5,51,93,18.9,16.23,0.3,20.0
2016-05-06,17.2,76,94,13.5,13.14,8.6,17.0
2016-05-07,16.9,78,91,16.1,17.75,2.0,17.0
2016-05-08,13.6,88,98,22.3,5.5,26.0,14.0
2016-05-09,14.9,85,79,19.5,16.08,11.3,14.0
2016-05-10,14.4,81,88,18.3,14.27,6.8,17.0
2016-05-11,15.8,76,78,14.7,22.14,2.5,16.0
2016-05-12,15.0,74,86,18.1,21.47,3.3,16.0
2016-05-13,16.0,72,70,13.8,20.94,1.1,17.0
2016-05-14,18.4,67,58,9.2,17.94,0.2,20.0
2016-05-15,19.7,64,51,11.4,19.13,0.0,22.0
2016-05-16,21.7,56,8,10.0,30.41,0.0,23.0
2016-05-17,21.7,56,82,8.9,23.65,0.0,24.0
2016-05-18,23.9,56,22,13.7,25.48,0.0,26.0
2016-05-19,23.5,59,19,10.8,29.72,0.0,25.0
2016-05-20,26.0,56,3,8.2,29.39,0.0,28.0
2016-05-21,25.5,56,35,19.2,24.74,0.0,29.0
2016-05-22,20.8,54,35,21.2,23.18,0.5,23.0
2016-05-23,20.7,48,73,9.8,23.65,0.1,22.0
2016-05-24,23.4,52,84,24.6,26.38,0.0,26.0
2016-05-25,20.3,57,87,16.4,20.55,0.3,21.0
2016-05-26,23.4,54,64,13.3,25.91,0.3,25.0
2016-05-27,24.3,48,12,19.0,29.39,0.0,25.0
2016-05-28,19.4,58,42,22.4,21.75,2.0,22.0
2016-05-29,18.9,64,49,18.4,22.88,1.6,19.0
2016-05-30,20.7,58,53,10.0,22.67,0.0,21.0
2016-05-31,22.2,51,32,13.8,24.97,0.0,24.0
2016-06-01,25.0,46,0,9.0,31.32,0.0,26.0
2016-06-02,26.8,40,42,9.3,30.63,0.0,28.0
2016-06-03,27.7,43,71,18.1,25.23,0.0,30.0
2016-06-04,25.8,56,46,9.4,26.31,1.2,28.0
2016-06-05,27.4,53,39,10.5,27.85,0.0,29.0
2016-06-06,27.5,39,35,13.2,27.36,0.0,30.0
2016-06-07,30.5,44,24,8.9,30.3,0.0,32.0
2016-06-08,32.3,38,5,9.4,30.68,0.0,35.0
2016-06-09,32.9,40,70,14.3,28.5,0.0,36.0
2016-06-10,28.6,43,64,13.7,24.44,0.0,32.0
2016-06-11,28.4,44,55,11.3,25.43,0.0,31.0
2016-06-12,30.7,43,74,16.2,28.19,0.0,32.0
2016-06-13,30.1,47,1,18.5,29.04,0.0,32.0
2016-06-14,28.0,42,32,22.7,26.04,0.0,30.0
2016-06-15,20.4,51,42,27.4,21.62,0.9,23.0
2016-06-16,20.5,46,33,16.0,24.28,0.5,21.0
2016-06-17,21.6,47,49,14.8,20.5,0.0,23.0
2016-06-18,23.4,45,23,14.9,26.98,0.0,23.0
2016-06-19,26.1,42,37,15.3,30.79,0.0,28.0
2016-06-20,31.0,43,8,9.4,29.85,0.0,33.0
2016-06-21,33.1,35,5,9.7,30.43,0.0,34.0
2016-06-22,34.0,26,0,17.1,30.85,0.0,35.0
2016-06-23,32.1,30,0,17.8,30.14,0.0,34.0
2016-06-24,32.0,31,10,20.2,28.54,0.1,35.0
2016-06-25,31.7,39,14,12.8,29.61,0.0,34.0
2016-06-26,30.6,36,13,18.1,27.53,0.0,33.0
2016-06-27,31.8,36,18,15.1,26.68,0.0,35.0
2016-06-28,34.7,35,26,11.4,27.75,0.0,37.0
2016-06-29,33.6,32,30,19.7,26.01,0.1,35.0
2016-06-30,33.0,33,11,14.0,30.27,0.0,34.0
2016-07-01,33.0,32,9,14.5,29.89,0.0,35.0
2016-07-02,34.5,33,3,8.4,30.46,0.0,36.0
2016-07-03,35.7,35,10,19.0,30.22,0.6,37.0
2016-07-04,34.1,37,45,15.7,27.83,0.5,35.0
2016-07-05,33.0,45,23,12.5,25.95,1.9,35.0
2016-07-06,33.2,40,45,9.7,26.56,0.2,36.0
2016-07-07,32.5,39,85,12.6,21.66,0.2,32.0
2016-07-08,33.3,43,28,6.7,28.12,0.7,35.0
2016-07-09,35.0,36,20,11.4,27.28,0.0,37.0
2016-07-10,36.2,34,26,13.2,24.98,0.0,39.0
2016-07-11,35.7,30,18,20.9,29.24,0.0,37.0
2016-07-12,31.7,33,31,14.2,29.48,0.0,34.0
2016-07-13,29.0,35,4,18.7,30.62,0.0,30.0
2016-07-14,30.3,28,0,21.6,30.57,0.0,31.0
2016-07-15,30.9,24,0,19.4,31.08,0.0,32.0
2016-07-16,33.2,29,0,11.7,29.72,0.0,34.0
2016-07-17,35.1,32,1,11.5,29.53,0.0,37.0
2016-07-18,36.9,24,0,17.3,30.03,0.0,38.0
2016-07-19,37.1,30,12,17.3,29.38,0.0,39.0
2016-07-20,34.4,30,46,26.0,21.57,1.9,37.0
2016-07-21,34.3,27,36,13.6,28.89,0.0,36.0
2016-07-22,31.1,34,14,21.2,27.44,0.2,33.0
2016-07-23,30.6,38,4,19.6,29.42,0.0,32.0
2016-07-24,32.8,36,4,15.8,29.0,0.0,34.0
2016-07-25,35.4,30,0,14.3,29.28,0.0,37.0
2016-07-26,36.4,28,8,15.1,28.84,0.0,38.0
2016-07-27,36.0,29,20,16.6,25.19,0.0,39.0
2016-07-28,36.2,28,7,16.9,26.07,0.0,38.0
2016-07-29,37.0,25,21,15.6,26.66,0.0,39.0
2016-07-30,34.3,26,1,21.9,29.08,0.0,36.0
2016-07-31,32.8,29,1,14.6,28.84,0.0,35.0
2016-08-01,33.7,38,3,14.1,28.04,0.0,35.0
2016-08-02,35.9,29,0,13.3,28.63,0.0,37.0
2016-08-03,36.3,24,2,10.0,28.22,0.0,38.0
2016-08-04,35.4,28,51,16.8,27.39,0.0,37.0
2016-08-05,32.8,36,9,16.7,28.25,0.0,34.0
2016-08-06,34.4,23,0,14.3,28.79,0.0,36.0
2016-08-07,35.3,25,0,15.2,28.21,0.0,36.0
2016-08-08,35.1,27,1,8.5,27.69,0.0,36.0
2016-08-09,33.8,29,36,25.0,24.1,0.4,35.0
2016-08-10,28.8,38,31,20.7,25.56,0.0,30.0
2016-08-11,30.3,23,8,16.7,28.34,0.0,31.0
2016-08-12,32.0,33,1,12.6,26.98,0.0,34.0
2016-08-13,33.3,36,2,10.2,26.32,0.0,34.0
2016-08-14,34.0,33,0,10.5,26.72,0.0,35.0
2016-08-15,33.9,35,35,17.5,24.95,0.0,35.0
2016-08-16,31.3,32,25,15.5,21.47,0.6,34.0
2016-08-17,32.4,28,44,12.8,25.05,0.0,33.0
2016-08-18,33.0,37,17,10.5,26.17,0.0,34.0
2016-08-19,33.9,33,9,16.3,25.85,0.0,35.0
2016-08-20,31.8,42,38,11.8,23.18,0.0,33.0
2016-08-21,32.0,40,14,20.4,23.82,0.0,33.0
2016-08-22,34.7,34,0,12.5,25.51,0.0,35.0
2016-08-23,35.8,39,0,11.3,25.27,0.0,37.0
2016-08-24,34.5,31,0,12.0,25.74,0.0,35.0
2016-08-25,33.7,30,40,11.4,23.48,0.0,35.0
2016-08-26,32.6,34,30,13.6,21.73,0.0,34.0
2016-08-27,34.7,33,18,14.0,23.64,0.0,36.0
2016-08-28,34.6,27,7,13.8,23.86,0.0,36.0
2016-08-29,33.4,40,4,21.4,24.1,0.0,35.0
2016-08-30,32.0,41,12,20.9,23.48,0.0,34.0
2016-08-31,32.2,43,18,12.4,22.1,0.0,34.0
2016-09-01,32.9,44,29,10.2,21.6,0.7,35.0
2016-09-02,32.5,44,15,8.7,20.81,0.0,35.0
2016-09-03,34.7,29,43,10.0,22.53,0.0,36.0
2016-09-04,36.4,26,43,15.2,23.11,0.0,38.0
2016-09-05,37.5,28,49,12.0,22.99,0.0,39.0
2016-09-06,38.5,23,29,13.0,23.24,0.0,40.0
2016-09-07,38.0,22,2,20.7,23.16,0.0,40.0
2016-09-08,33.0,27,4,12.2,22.41,0.0,34.0
2016-09-09,30.8,34,9,11.3,21.88,0.0,31.0
2016-09-10,31.5,39,39,8.4,22.13,0.0,32.0
2016-09-11,32.2,35,5,11.8,21.68,0.0,33.0
2016-09-12,32.8,37,26,15.0,21.56,0.0,34.0
2016-09-13,25.6,53,55,24.9,14.06,9.0,27.0
2016-09-14,19.3,51,51,13.7,18.96,0.0,20.0
2016-09-15,18.3,51,59,15.8,12.03,0.0,20.0
2016-09-16,22.8,58,39,11.7,12.73,0.0,25.0
2016-09-17,23.1,58,71,12.4,16.43,0.0,24.0
2016-09-18,23.8,46,28,13.3,21.34,0.0,25.0
2016-09-19,25.2,45,17,11.3,21.39,0.0,26.0
2016-09-20,26.1,44,60,10.7,19.5,0.0,27.0
2016-09-21,27.3,42,0,13.8,21.02,0.0,29.0
2016-09-22,27.6,33,25,11.2,20.74,0.0,28.0
2016-09-23,27.3,37,24,8.6,19.94,0.0,28.0
2016-09-24,27.0,46,53,10.5,18.78,0.0,28.0
2016-09-25,26.8,39,67,7.4,18.57,0.0,28.0
2016-09-26,27.3,46,86,11.7,16.9,0.0,27.0
2016-09-27,28.1,36,14,17.1,19.27,0.0,29.0
2016-09-28,25.4,51,32,16.9,16.13,0.0,26.0
2016-09-29,25.7,49,2,8.8,19.0,0.0,26.0
2016-09-30,25.2,48,28,8.8,17.76,0.0,27.0
2016-10-01,26.3,36,46,17.9,16.97,0.0,28.0
2016-10-02,25.2,41,25,14.7,16.64,0.0,27.0
2016-10-03,27.8,44,4,9.5,18.34,0.0,29.0
2016-10-04,27.6,47,14,9.3,18.21,0.0,29.0
2016-10-05,27.6,46,43,10.9,16.72,0.0,29.0
2016-10-06,28.0,33,42,10.9,17.4,0.0,29.0
2016-10-07,26.9,32,35,11.2,18.0,0.0,28.0
2016-10-08,26.5,27,28,9.3,17.06,0.0,28.0
2016-10-09,25.1,40,10,12.2,17.08,0.0,27.0
2016-10-10,24.1,38,18,10.9,17.44,0.0,25.0
2016-10-11,24.4,42,50,15.1,17.46,0.0,25.0
2016-10-12,16.3,78,98,13.4,4.33,10.0,18.0
2016-10-13,16.4,82,86,11.5,9.49,7.4,16.0
2016-10-14,17.7,74,36,11.0,11.89,0.7,19.0
2016-10-15,18.9,65,18,12.1,16.11,0.0,19.0
2016-10-16,20.5,61,80,9.3,13.08,0.0,21.0
2016-10-17,18.3,74,99,6.4,6.06,3.1,19.0
2016-10-18,19.7,76,99,6.3,8.43,4.5,21.0
2016-10-19,18.6,78,95,4.0,6.68,5.5,20.0
2016-10-20,18.5,83,74,6.7,9.3,4.8,19.0
2016-10-21,18.3,79,94,7.6,7.2,2.4,20.0
2016-10-22,15.2,95,93,13.8,3.12,12.7,17.0
2016-10-23,15.8,90,98,23.9,3.96,17.8,16.0
2016-10-24,14.6,87,100,8.2,4.86,6.9,15.0
2016-10-25,21.0,82,88,9.7,10.9,12.7,21.0
2016-10-26,23.5,81,74,7.6,12.36,0.0,25.0
2016-10-27,23.7,74,20,9.7,13.32,0.0,25.0
2016-10-28,22.3,78,19,5.9,10.87,0.0,24.0
2016-10-29,22.4,72,2,5.4,13.91,0.0,24.0
2016-10-30,22.9,54,0,5.1,14.19,0.0,26.0
2016-10-31,21.1,54,4,4.8,13.95,0.0,24.0
2016-11-01,18.1,68,54,5.6,11.3,0.0,19.0
2016-11-02,20.2,72,17,8.2,12.44,0.0,22.0
2016-11-03,19.6,75,66,9.2,11.91,0.0,21.0
2016-11-04,14.7,88,92,9.1,4.09,6.5,15.0
2016-11-05,13.7,92,94,23.6,4.23,21.3,15.0
2016-11-06,11.9,69,29,12.7,10.22,2.5,13.0
2016-11-07,10.1,66,27,13.0,11.87,0.1,10.0
2016-11-08,11.4,65,21,12.4,11.87,0.0,13.0
2016-11-09,14.5,67,84,15.5,7.33,0.0,15.0
2016-11-10,13.3,72,7,5.8,11.08,0.0,14.0
2016-11-11,14.7,75,31,5.7,11.63,0.0,15.0
2016-11-12,13.8,77,82,6.6,9.41,0.3,13.0
2016-11-13,16.9,76,34,14.5,9.8,0.0,18.0
2016-11-14,14.4,66,6,17.8,10.8,0.0,16.0
2016-11-15,14.5,64,2,10.8,11.31,0.0,17.0
2016-11-16,15.6,66,0,9.0,11.17,0.0,17.0
2016-11-17,16.9,77,12,8.6,10.8,0.0,18.0
2016-11-18,14.9,77,59,7.1,7.42,0.0,13.0
2016-11-19,11.6,83,79,12.3,8.69,0.0,13.0
2016-11-20,10.6,92,100,16.7,1.55,17.2,12.0
2016-11-21,12.4,83,69,20.0,6.44,6.9,13.0
2016-11-22,9.0,91,90,7.7,3.47,4.8,9.0
2016-11-23,8.3,82,90,10.5,4.07,1.9,9.0
2016-11-24,8.4,83,66,8.4,7.42,1.5,8.0
2016-11-25,6.8,91,94,10.7,4.36,5.9,6.0
2016-11-26,8.8,92,100,11.5,1.43,27.9,11.0
2016-11-27,11.8,89,96,12.9,3.41,9.2,12.0
2016-11-28,12.0,79,85,16.6,5.05,0.3,14.0
2016-11-29,13.0,81,68,9.0,6.46,0.3,13.0
2016-11-30,12.5,83,86,13.3,3.0,0.4,15.0
2016-12-01,11.0,86,99,8.1,2.53,0.6,11.0
2016-12-02,11.9,84,74,4.7,5.48,0.0,14.0
2016-12-03,12.4,83,80,12.0,7.09,0.0,13.0
2016-12-04,11.1,92,100,11.5,1.38,23.9,12.0
2016-12-05,13.1,86,97,11.5,3.59,2.2,14.0
2016-12-06,14.0,84,48,11.4,8.88,0.0,15.0
2016-12-07,11.6,90,69,4.9,6.62,0.0,14.0
2016-12-08,11.0,87,73,6.6,6.3,0.0,14.0
2016-12-09,11.7,88,72,7.0,4.73,0.0,14.0
2016-12-10,12.1,90,76,5.1,4.28,0.0,15.0
2016-12-11,11.7,89,50,5.5,7.04,0.0,14.0
2016-12-12,12.6,90,48,7.4,8.09,0.0,8.0
2016-12-13,7.6,94,88,5.2,3.68,0.0,10.0
2016-12-14,10.1,91,89,9.7,3.68,2.0,10.0
2016-12-15,10.5,84,99,8.4,4.57,1.7,11.0
2016-12-16,8.6,91,98,15.5,3.12,9.2,10.0
2016-12-17,12.5,79,66,24.5,5.67,2.1,13.0
2016-12-18,10.7,67,25,17.9,7.91,0.0,11.0
2016-12-19,11.5,67,72,17.2,7.59,1.7,11.0
2016-12-20,9.8,80,85,8.4,6.63,0.0,10.0
2016-12-21,11.7,80,56,10.7,7.22,0.0,13.0
2016-12-22,12.0,86,45,5.6,7.86,0.0,13.0
2016-12-23,12.3,88,18,5.6,7.98,0.0,14.0
2016-12-24,12.8,86,15,8.0,8.58,0.0,15.0
2016-12-25,12.5,84,20,6.8,8.07,0.0,13.0
2016-12-26,13.8,71,15,6.0,9.03,0.0,15.0
2016-12-27,14.3,72,41,6.7,8.88,0.0,16.0
2016-12-28,13.7,71,39,6.3,9.08,0.0,17.0
2016-12-29,12.3,69,19,6.0,9.43,0.0,12.0
2016-12-30,10.5,63,24,6.0,9.66,0.0,12.0
2016-12-31,8.4,70,0,4.7,9.54,0.0,3.0
2017-01-01,3.4,83,54,6.9,5.3,0.0,4.0
2017-01-02,7.0,88,96,7.5,6.84,0.1,6.0
2017-01-03,10.0,85,70,6.7,8.02,0.0,11.0
2017-01-04,11.5,91,17,10.2,8.57,0.0,12.0
2017-01-05,12.8,87,32,8.7,8.52,0.0,11.0
2017-01-06,10.1,63,0,10.6,9.8,0.0,12.0
2017-01-07,9.0,73,0,7.7,9.71,0.0,11.0
2017-01-08,11.7,54,0,12.7,9.65,0.0,14.0
2017-01-09,11.2,72,1,11.9,9.69,0.0,13.0
2017-01-10,11.0,77,97,10.8,6.48,0.0,12.0
2017-01-11,14.5,79,64,22.7,8.53,0.0,17.0
2017-01-12,13.6,88,34,13.7,7.36,0.0,14.0
2017-01-13,9.2,67,26,20.6,9.12,0.0,10.0
2017-01-14,7.9,66,15,20.2,9.15,0.0,8.0
2017-01-15,9.3,70,35,21.9,6.32,0.0,11.0
2017-01-16,10.1,72,39,18.5,8.12,0.0,12.0
2017-01-17,8.8,56,40,28.4,10.29,0.0,
2017-01-18,5.5,42,8,20.2,10.87,0.0,6.0
2017-01-19,7.4,53,54,21.4,10.53,0.0,8.0
2017-01-20,5.9,71,95,22.8,5.58,2.1,10.0
2017-01-21,11.4,74,83,15.6,9.59,0.7,11.0
2017-01-22,10.0,72,92,15.2,9.28,0.0,10.0
2017-01-23,11.1,64,30,14.3,9.2,0.1,13.0
2017-01-24,11.3,69,2,12.6,11.19,0.0,13.0
2017-01-25,10.4,72,10,10.2,11.5,0.0,11.0
2017-01-26,6.7,84,71,10.0,7.6,0.0,8.0
2017-01-27,5.8,93,85,20.4,2.08,15.9,8.0
2017-01-28,10.1,77,51,16.1,10.58,0.1,10.0
2017-01-29,7.7,96,100,5.4,2.94,2.7,9.0
2017-01-30,11.9,93,100,9.5,3.45,0.2,12.0
2017-01-31,14.1,85,81,6.2,9.52,0.0,14.0
2017-02-01,10.8,89,86,14.7,3.45,0.8,11.0
2017-02-02,11.1,90,88,23.5,4.06,2.7,13.0
2017-02-03,12.5,83,92,32.7,6.0,2.6,12.0
2017-02-04,13.4,82,99,33.6,3.79,1.3,14.0
2017-02-05,10.5,65,51,34.9,11.61,4.9,12.0
2017-02-06,14.1,63,67,22.9,11.34,0.0,16.0
2017-02-07,12.9,81,46,15.1,8.89,0.4,13.0
2017-02-08,9.7,61,33,23.2,12.59,0.0,9.0
2017-02-09,9.6,69,68,8.6,12.84,0.0,10.0
2017-02-10,7.3,79,86,7.3,4.61,1.4,6.0
2017-02-11,8.9,87,100,12.9,4.32,7.0,7.0
2017-02-12,10.4,86,99,27.8,3.7,8.8,12.0
2017-02-13,12.1,78,74,23.3,7.85,12.4,13.0
2017-02-14,11.5,84,63,10.9,6.39,0.0,12.0
2017-02-15,14.7,77,70,9.5,13.88,0.0,15.0
2017-02-16,12.0,79,80,7.9,8.85,0.1,12.0
2017-02-17,13.7,80,3,8.8,15.01,0.0,15.0
2017-02-18,13.0,81,64,9.4,12.33,0.0,14.0
2017-02-19,13.8,70,27,16.6,14.32,0.0,15.0
2017-02-20,14.3,70,2,13.6,15.76,0.0,15.0
2017-02-21,15.7,66,10,12.6,16.24,0.0,17.0
2017-02-22,18.6,65,38,9.7,15.61,0.0,20.0
2017-02-23,16.0,76,47,9.6,12.0,1.2,15.0
2017-02-24,16.1,71,72,18.8,11.88,1.0,17.0
2017-02-25,17.2,69,16,10.5,16.56,0.0,18.0
2017-02-26,15.5,80,10,10.3,16.32,0.0,15.0
2017-02-27,12.4,81,63,18.6,13.07,0.1,13.0
2017-02-28,13.2,73,93,23.8,8.93,0.0,13.0
2017-03-01,15.2,72,40,15.2,15.9,0.0,17.0
2017-03-02,15.3,80,42,10.1,17.09,0.0,16.0
2017-03-03,11.8,84,95,24.8,7.69,6.0,13.0
2017-03-04,8.8,76,79,21.1,12.28,0.0,9.0
2017-03-05,13.5,79,89,16.9,7.79,0.1,13.0
2017-03-06,17.1,76,82,19.2,12.14,0.0,20.0
2017-03-07,19.0,68,65,17.2,17.52,0.0,20.0
2017-03-08,20.7,67,80,8.9,18.1,0.0,22.0
2017-03-09,23.8,67,34,9.9,18.97,0.0,25.0
2017-03-10,25.2,62,0,10.0,19.32,0.0,27.0
2017-03-11,23.8,60,48,13.1,17.33,0.0,24.0
2017-03-12,17.3,68,40,24.5,15.98,1.9,18.0
2017-03-13,15.1,52,96,32.5,11.61,0.8,
2017-03-14,19.6,56,74,24.2,15.92,0.0,21.0
2017-03-15,20.5,54,16,14.7,20.25,0.0,21.0
2017-03-16,19.5,52,0,15.3,20.61,0.0,20.0
2017-03-17,19.7,46,8,9.8,20.84,0.0,20.0
2017-03-18,20.6,45,5,8.4,21.34,0.0,22.0
2017-03-19,22.8,51,28,11.3,20.49,0.0,24.0
2017-03-20,23.9,52,22,14.8,20.36,0.0,25.0
2017-03-21,17.6,56,62,23.8,18.45,0.0,17.0
2017-03-22,12.4,68,67,29.7,15.72,4.6,13.0
2017-03-23,6.9,74,49,14.3,15.28,1.4,6.0
2017-03-24,10.1,77,51,6.2,17.2,1.5,9.0
2017-03-25,10.8,78,67,22.9,14.99,1.0,10.0
2017-03-26,14.9,71,74,18.6,13.71,5.9,15.0
2017-03-27,13.2,74,81,21.6,13.2,4.8,14.0
2017-03-28,17.2,70,63,10.2,16.93,0.0,17.0
2017-03-29,19.7,65,27,9.8,22.93,0.0,20.0
2017-03-30,21.4,63,66,13.2,21.17,0.0,22.0
2017-03-31,18.3,64,46,26.0,19.5,0.5,19.0
2017-04-01,16.4,48,22,20.6,21.16,0.0,17.0
2017-04-02,17.6,53,3,20.4,23.0,0.0,18.0
2017-04-03,18.8,50,28,12.9,24.34,0.0,19.0
2017-04-04,21.6,44,12,14.8,24.41,0.0,21.0
2017-04-05,18.7,49,8,21.6,24.0,0.0,18.0
2017-04-06,21.6,46,1,19.0,24.77,0.0,22.0
2017-04-07,22.5,41,0,17.1,24.94,0.0,23.0
2017-04-08,23.3,43,1,8.8,25.01,0.0,24.0
2017-04-09,23.7,36,0,11.1,25.19,0.0,24.0
2017-04-10,24.8,42,7,12.6,25.15,0.0,26.0
2017-04-11,26.2,34,2,17.4,24.87,0.0,27.0
2017-04-12,27.7,34,6,12.2,24.43,0.0,28.0
2017-04-13,27.3,31,25,18.7,23.23,0.6,27.0
2017-04-14,25.6,37,30,17.8,25.37,0.0,26.0
2017-04-15,26.1,42,47,19.1,25.09,0.0,27.0
2017-04-16,25.7,38,60,15.8,24.44,0.0,26.0
2017-04-17,27.7,33,11,10.6,25.3,0.8,28.0
2017-04-18,26.2,31,54,21.1,23.07,0.1,28.0
2017-04-19,22.9,37,57,20.7,21.62,0.6,23.0
2017-04-20,19.8,62,93,18.9,18.86,6.7,20.0
2017-04-21,22.5,39,10,15.3,28.23,0.0,23.0
2017-04-22,21.2,33,71,9.7,23.81,0.0,22.0
2017-04-23,25.1,30,57,8.4,26.43,0.0,26.0
2017-04-24,25.4,49,37,13.5,23.13,1.6,27.0
2017-04-25,22.4,58,75,23.4,21.14,1.6,24.0
2017-04-26,18.1,53,80,21.8,19.56,2.3,20.0
2017-04-27,16.1,35,71,24.2,23.97,0.6,15.0
2017-04-28,17.3,37,98,19.9,24.93,0.0,18.0
2017-04-29,13.1,81,90,12.6,5.81,8.0,12.0
2017-04-30,14.5,72,69,27.2,10.76,2.0,13.0
2017-05-01,18.8,50,9,17.9,28.17,0.0,19.0
2017-05-02,22.5,51,55,9.4,21.32,0.0,23.0
2017-05-03,25.6,49,9,11.0,28.16,0.0,27.0
2017-05-04,25.0,46,85,10.5,19.44,0.0,27.0
2017-05-05,22.8,59,69,29.5,18.27,4.2,24.0
2017-05-06,22.4,60,51,16.6,25.89,1.7,22.0
2017-05-07,25.3,46,3,10.8,28.56,0.0,27.0
2017-05-08,28.5,41,43,14.3,28.37,0.0,29.0
2017-05-09,27.8,35,83,23.7,23.07,0.7,29.0
2017-05-10,22.7,49,72,25.1,22.5,1.3,22.0
2017-05-11,17.7,71,82,30.1,20.22,10.5,18.0
2017-05-12,18.6,76,66,27.0,18.04,4.6,17.0
2017-05-13,19.8,66,58,21.0,21.49,0.8,21.0
2017-05-14,22.7,53,54,14.0,22.89,0.0,24.0
2017-05-15,25.9,52,69,9.9,25.93,0.0,27.0
2017-05-16,28.6,45,72,10.0,27.01,0.0,30.0
2017-05-17,28.6,43,75,20.2,26.58,0.7,29.0
2017-05-18,19.9,63,39,18.1,21.4,9.9,21.0
2017-05-19,22.2,49,1,12.4,30.14,0.0,24.0
2017-05-20,25.8,40,21,10.2,30.43,0.0,27.0
2017-05-21,26.5,41,91,15.0,16.79,0.1,26.0
2017-05-22,28.5,43,6,16.1,29.73,0.0,30.0
2017-05-23,31.3,43,15,18.6,27.69,0.0,33.0
2017-05-24,31.2,37,5,11.8,29.84,0.0,32.0
2017-05-25,31.4,33,46,12.3,26.36,0.0,33.0
2017-05-26,32.9,37,44,14.4,25.43,0.3,35.0
2017-05-27,32.3,37,79,20.5,27.09,0.0,33.0
2017-05-28,28.0,41,89,17.6,20.71,0.4,29.0
2017-05-29,24.7,58,47,15.1,23.95,5.7,27.0
2017-05-30,25.3,51,31,14.9,24.3,0.1,27.0
2017-05-31,27.6,53,29,16.3,26.17,0.0,29.0
2017-06-01,30.3,49,35,11.5,25.42,0.0,33.0
2017-06-02,32.7,43,39,17.9,25.8,0.1,33.0
2017-06-03,28.1,58,43,14.2,24.66,2.7,30.0
2017-06-04,26.7,62,80,20.9,22.35,4.7,27.0
2017-06-05,26.4,46,13,15.1,30.97,0.0,28.0
2017-06-06,27.6,43,28,13.0,29.83,0.0,29.0
2017-06-07,31.4,41,0,15.1,30.63,0.0,32.0
2017-06-08,33.4,42,32,16.6,27.66,0.0,34.0
2017-06-09,33.2,33,89,15.0,29.31,0.0,33.0
2017-06-10,35.1,32,72,12.0,29.95,0.0,35.0
2017-06-11,37.1,29,57,13.9,25.75,0.0,37.0
2017-06-12,36.6,22,30,14.4,27.37,0.0,37.0
2017-06-13,36.2,28,20,11.3,29.85,0.0,37.0
2017-06-14,37.5,28,10,16.3,29.53,0.0,38.0
2017-06-15,38.3,30,50,17.9,24.59,2.8,40.0
2017-06-16,37.6,35,55,10.8,27.5,0.0,39.0
2017-06-17,39.4,28,38,17.6,26.85,0.0,41.0
2017-06-18,38.4,26,17,16.0,29.42,0.0,39.0
2017-06-19,33.6,30,70,17.2,20.16,0.2,35.0
2017-06-20,31.6,44,67,12.3,23.08,1.1,34.0
2017-06-21,35.6,39,19,8.0,28.15,0.0,36.0
2017-06-22,36.1,33,38,14.5,26.85,0.0,38.0
2017-06-23,35.7,25,2,16.9,31.09,0.0,36.0
2017-06-24,35.4,23,25,22.4,28.86,0.0,36.0
2017-06-25,33.0,36,77,16.4,15.0,3.6,35.0
2017-06-26,30.3,56,34,17.1,26.76,1.1,31.0
2017-06-27,27.6,40,53,21.9,24.93,0.4,29.0
2017-06-28,25.6,47,27,29.5,22.13,0.8,25.0
2017-06-29,22.3,39,25,22.4,26.67,0.1,23.0
2017-06-30,21.9,44,49,18.6,19.67,0.1,23.0
2017-07-01,23.6,39,35,17.9,24.94,0.0,25.0
2017-07-02,30.8,39,0,14.7,30.83,0.0,32.0
2017-07-03,33.4,32,0,14.4,30.77,0.0,34.0
2017-07-04,34.9,27,0,13.4,30.73,0.0,35.0
2017-07-05,35.4,33,18,24.3,29.66,0.0,36.0
2017-07-06,27.4,61,91,26.8,17.25,8.1,27.0
2017-07-07,24.8,81,74,17.4,15.26,14.5,26.0
2017-07-08,25.9,71,48,11.8,22.69,2.4,25.0
2017-07-09,30.3,59,6,13.6,28.26,0.0,32.0
2017-07-10,30.8,47,8,15.9,30.45,0.0,33.0
2017-07-11,32.8,46,14,18.5,30.12,0.0,35.0
2017-07-12,36.2,41,0,13.7,30.19,0.0,38.0
2017-07-13,39.3,35,17,18.0,28.24,0.0,42.0
2017-07-14,38.9,36,16,17.9,27.55,0.0,41.0
2017-07-15,36.7,33,2,22.6,29.68,0.0,37.0
2017-07-16,37.1,31,7,17.5,28.18,0.0,37.0
2017-07-17,36.0,28,46,18.0,27.8,0.0,37.0
2017-07-18,35.7,32,24,22.4,26.45,3.1,38.0
2017-07-19,32.0,30,45,21.3,27.83,0.0,33.0
2017-07-20,32.2,33,36,12.9,28.84,0.0,32.0
2017-07-21,31.4,36,17,18.6,29.53,0.0,32.0
2017-07-22,32.2,28,41,16.5,29.27,0.0,33.0
2017-07-23,34.2,30,0,15.5,29.21,0.0,34.0
2017-07-24,33.7,35,13,23.4,27.49,0.0,32.0
2017-07-25,31.8,38,14,21.6,28.75,0.0,32.0
2017-07-26,34.4,34,21,16.6,28.13,0.0,33.0
2017-07-27,37.2,28,1,15.3,28.25,0.0,37.0
2017-07-28,37.8,20,0,15.3,29.03,0.0,38.0
2017-07-29,36.9,26,17,16.0,25.56,0.2,38.0
2017-07-30,36.5,24,4,22.9,27.07,0.0,37.0
2017-07-31,33.7,22,34,19.4,28.05,0.0,34.0
2017-08-01,32.5,25,47,14.2,26.51,0.0,33.0
2017-08-02,34.8,30,3,12.4,27.22,0.0,35.0
2017-08-03,36.7,29,13,11.5,27.73,0.0,36.0
2017-08-04,38.0,31,5,8.4,27.24,0.0,38.0
2017-08-05,37.5,30,12,21.0,24.76,0.5,40.0
2017-08-06,36.4,36,0,25.9,27.37,0.0,37.0
2017-08-07,35.8,29,27,30.6,27.62,0.0,36.0
2017-08-08,29.8,29,5,18.4,26.71,0.0,30.0
2017-08-09,30.0,40,12,35.1,24.39,0.0,29.0
2017-08-10,27.7,36,1,19.2,27.62,0.0,27.0
2017-08-11,29.6,33,22,19.1,27.18,0.0,30.0
2017-08-12,32.2,26,18,18.0,26.75,0.0,33.0
2017-08-13,33.9,29,26,15.3,26.23,0.0,34.0
2017-08-14,34.8,39,18,13.5,23.76,0.0,35.0
2017-08-15,35.5,36,50,18.5,23.9,0.0,35.0
2017-08-16,35.1,24,43,9.5,26.11,0.0,35.0
2017-08-17,36.2,33,0,17.8,25.6,0.0,37.0
2017-08-18,37.1,31,19,18.6,25.23,0.0,37.0
2017-08-19,35.2,38,48,21.4,25.13,0.0,36.0
2017-08-20,35.9,28,6,21.8,25.41,0.0,36.0
2017-08-21,36.4,26,2,15.2,25.03,0.0,37.0
2017-08-22,36.4,38,34,10.4,21.75,0.0,37.0
2017-08-23,36.0,28,37,17.3,21.68,0.0,37.0
2017-08-24,35.1,31,12,19.2,24.83,0.0,36.0
2017-08-25,34.3,24,31,19.7,23.95,0.0,35.0
2017-08-26,31.8,27,70,15.4,18.57,0.0,32.0
2017-08-27,28.1,50,89,21.7,13.62,8.4,28.0
2017-08-28,21.5,84,96,18.0,8.95,35.3,23.0
2017-08-29,24.0,78,56,10.9,18.26,5.1,26.0
2017-08-30,24.0,71,40,11.3,18.71,0.6,27.0
2017-08-31,25.3,59,32,16.3,19.53,0.0,29.0
2017-09-01,26.4,50,24,21.7,21.17,0.1,28.0
2017-09-02,25.8,44,19,18.2,24.38,0.0,28.0
2017-09-03,30.3,44,71,10.7,22.31,0.1,32.0
2017-09-04,29.3,41,14,13.0,22.14,0.0,30.0
2017-09-05,30.6,56,1,10.7,22.63,0.0,32.0
2017-09-06,30.7,52,24,22.9,20.18,0.0,34.0
2017-09-07,29.7,36,5,21.0,23.37,0.0,31.0
2017-09-08,30.6,38,17,14.3,23.08,0.0,32.0
2017-09-09,23.2,37,58,24.0,16.82,0.0,24.0
2017-09-10,23.5,43,17,20.9,22.52,0.0,24.0
2017-09-11,29.1,42,13,19.5,21.89,0.0,31.0
2017-09-12,26.2,42,31,13.7,21.16,0.0,28.0
2017-09-13,30.1,41,25,9.6,21.48,0.0,31.0
2017-09-14,29.5,39,31,22.8,21.43,0.0,30.0
2017-09-15,21.6,42,43,24.0,17.5,0.0,22.0
2017-09-16,20.8,40,28,18.1,19.44,0.0,21.0
2017-09-17,23.7,37,28,11.6,20.07,0.0,25.0
2017-09-18,23.6,44,29,18.1,16.13,0.1,24.0
2017-09-19,25.9,45,1,11.0,20.86,0.0,26.0
2017-09-20,27.5,34,0,12.3,20.86,0.0,28.0
2017-09-21,28.2,39,67,8.7,19.25,0.0,29.0
2017-09-22,26.0,50,61,12.8,16.23,1.2,27.0
2017-09-23,27.6,55,10,10.1,18.95,0.0,29.0
2017-09-24,29.2,40,46,12.7,19.76,0.0,30.0
2017-09-25,27.6,38,36,15.5,19.57,0.0,29.0
2017-09-26,25.4,48,5,15.9,19.6,0.0,26.0
2017-09-27,26.7,50,48,8.7,18.08,0.0,26.0
2017-09-28,27.7,50,17,10.6,18.94,0.0,29.0
2017-09-29,28.2,52,24,9.8,16.01,0.0,29.0
2017-09-30,28.1,45,91,15.6,13.73,0.0,29.0
2017-10-01,26.8,54,88,18.7,12.07,0.0,27.0
2017-10-02,29.3,56,39,10.5,14.45,0.0,30.0
2017-10-03,29.1,57,12,14.5,16.48,0.0,30.0
2017-10-04,28.8,51,9,16.9,17.46,0.0,30.0
2017-10-05,30.2,49,0,9.6,17.62,0.0,31.0
2017-10-06,29.7,40,0,21.3,18.06,0.0,30.0
2017-10-07,25.7,30,0,17.1,18.24,0.0,27.0
2017-10-08,27.2,42,2,10.1,17.36,0.0,28.0
2017-10-09,27.6,24,0,12.5,17.64,0.0,28.0
2017-10-10,27.6,29,0,14.0,17.31,0.0,28.0
2017-10-11,27.6,30,0,10.6,16.94,0.0,28.0
2017-10-12,28.2,31,11,10.6,15.01,0.0,30.0
2017-10-13,28.5,37,1,9.6,16.22,0.0,29.0
2017-10-14,28.6,41,10,10.0,16.08,0.0,29.0
2017-10-15,28.7,44,14,13.7,14.93,0.0,29.0
2017-10-16,26.1,51,7,12.6,15.37,0.0,27.0
2017-10-17,21.0,70,79,19.0,7.14,8.3,21.0
2017-10-18,14.9,88,89,17.8,5.14,23.2,15.0
2017-10-19,17.9,73,49,15.6,12.1,0.0,19.0
2017-10-20,20.4,73,31,15.2,13.33,0.0,21.0
2017-10-21,21.6,71,68,13.2,11.01,0.4,23.0
2017-10-22,18.6,60,53,11.7,14.44,0.0,19.0
2017-10-23,21.1,55,9,11.2,14.66,0.0,24.0
2017-10-24,23.4,47,6,10.6,14.48,0.0,25.0
2017-10-25,24.4,56,27,9.0,14.29,0.0,26.0
2017-10-26,25.1,57,0,8.0,14.19,0.0,27.0
2017-10-27,27.1,46,0,19.5,13.98,0.0,29.0
2017-10-28,22.7,54,1,15.3,13.7,0.0,24.0
2017-10-29,23.0,44,0,18.3,13.91,0.0,25.0
2017-10-30,20.5,59,9,17.7,13.16,0.0,21.0
2017-10-31,18.5,64,33,14.3,8.06,0.0,20.0
2017-11-01,19.2,75,57,9.3,10.43,0.0,20.0
2017-11-02,18.6,75,94,11.1,6.81,0.0,20.0
2017-11-03,17.6,79,71,12.7,8.4,1.7,19.0
2017-11-04,14.6,88,78,9.4,7.29,13.2,16.0
2017-11-05,15.0,64,32,18.7,11.2,0.0,15.0
2017-11-06,13.9,57,12,22.3,11.66,0.0,15.0
2017-11-07,15.5,64,0,15.9,12.48,0.0,16.0
2017-11-08,13.5,58,30,21.6,10.52,0.0,14.0
2017-11-09,12.8,56,26,24.5,9.45,0.0,12.0
2017-11-10,15.2,64,47,24.9,8.49,0.0,17.0
2017-11-11,17.9,68,32,13.0,11.44,0.0,19.0
2017-11-12,17.2,70,1,10.2,11.71,0.0,19.0
2017-11-13,12.4,62,24,25.6,10.84,0.0,14.0
2017-11-14,14.8,52,7,18.2,11.4,0.0,16.0
2017-11-15,14.7,50,36,10.4,11.11,0.0,15.0
2017-11-16,18.4,64,0,10.2,11.19,0.0,20.0
2017-11-17,18.1,58,41,9.8,10.86,0.0,19.0
2017-11-18,19.2,50,17,12.6,10.88,0.0,20.0
2017-11-19,17.0,54,0,11.6,10.98,0.0,18.0
2017-11-20,16.4,58,8,10.9,10.8,0.0,17.0
2017-11-21,16.1,64,7,7.8,10.75,0.0,17.0
2017-11-22,16.1,65,17,9.4,10.55,0.0,18.0
2017-11-23,16.7,54,91,13.0,7.73,1.0,18.0
2017-11-24,15.9,70,74,14.2,5.05,0.0,17.0
2017-11-25,15.0,81,90,18.1,6.09,0.4,17.0
2017-11-26,12.1,60,3,16.9,10.32,0.0,13.0
2017-11-27,11.3,64,38,9.0,9.47,0.0,11.0
2017-11-28,8.5,70,71,7.3,4.4,1.0,9.0
2017-11-29,11.4,73,35,18.4,9.33,1.9,12.0
2017-11-30,9.7,59,3,19.8,9.91,0.0,10.0
2017-12-01,7.4,60,26,25.0,5.63,0.1,9.0
2017-12-02,7.2,61,30,22.0,7.03,0.0,7.0
2017-12-03,8.7,57,14,20.0,9.7,0.0,9.0
2017-12-04,10.5,72,3,9.4,9.4,0.0,11.0
2017-12-05,10.6,74,0,9.4,9.62,0.0,11.0
2017-12-06,9.2,73,13,8.2,9.59,0.0,11.0
2017-12-07,8.7,73,71,9.0,8.72,0.0,10.0
2017-12-08,10.2,71,75,6.4,6.35,0.0,10.0
2017-12-09,14.4,78,87,15.7,4.73,0.0,14.0
2017-12-10,11.5,87,91,32.2,2.47,0.8,13.0
2017-12-11,10.5,81,75,35.1,7.21,19.6,11.0
2017-12-12,9.0,68,22,9.7,8.56,0.0,10.0
2017-12-13,9.5,77,62,11.4,7.39,0.0,10.0
2017-12-14,11.0,94,95,18.4,3.51,0.2,12.0
2017-12-15,11.2,79,61,19.8,4.18,0.3,13.0
2017-12-16,9.4,70,5,20.1,8.9,0.0,10.0
2017-12-17,9.4,64,17,16.6,8.37,0.0,10.0
2017-12-18,10.4,71,54,8.6,8.46,0.0,12.0
2017-12-19,12.2,58,19,22.4,9.13,0.0,13.0
2017-12-20,12.3,66,24,13.9,8.49,0.0,11.0
2017-12-21,13.6,75,2,10.5,8.75,0.0,14.0
2017-12-22,13.6,78,15,19.3,8.6,0.0,13.0
2017-12-23,13.1,74,30,15.2,8.56,0.0,14.0
2017-12-24,11.0,85,31,6.2,6.18,0.0,12.0
2017-12-25,7.5,91,55,12.4,5.26,0.1,6.0
2017-12-26,8.3,84,91,23.6,4.91,0.3,8.0
2017-12-27,10.4,69,65,25.3,6.58,2.6,11.0
2017-12-28,12.8,87,80,23.7,3.33,2.3,16.0
2017-12-29,16.4,75,62,19.9,4.57,0.0,18.0
2017-12-30,14.8,89,46,13.0,7.8,0.0,16.0
2017-12-31,11.6,87,83,26.6,3.06,0.6,
2018-01-01,11.0,72,51,21.1,7.51,0.0,12.0
2018-01-02,13.7,78,79,19.0,6.13,0.0,14.0
2018-01-03,16.5,87,67,15.1,6.79,0.0,14.0
2018-01-04,14.0,90,40,15.5,6.88,0.1,15.0
2018-01-05,10.8,86,84,21.8,2.33,4.5,12.0
2018-01-06,7.9,92,100,19.4,1.02,30.3,8.0
2018-01-07,4.9,89,87,14.6,4.71,10.4,4.0
2018-01-08,8.0,78,25,10.9,8.58,0.0,8.0
2018-01-09,4.6,86,63,13.5,3.69,2.4,5.0
2018-01-10,7.6,91,78,20.9,4.16,1.9,8.0
2018-01-11,8.9,68,41,18.5,8.41,0.0,10.0
2018-01-12,8.9,76,39,15.5,9.47,0.0,8.0
2018-01-13,5.1,90,90,12.8,3.59,4.3,5.0
2018-01-14,7.2,85,73,13.8,5.39,0.1,7.0
2018-01-15,8.6,79,25,11.5,9.69,0.0,10.0
2018-01-16,13.8,79,45,12.5,7.6,0.0,13.0
2018-01-17,12.7,84,41,14.4,8.47,0.4,15.0
2018-01-18,13.1,74,2,12.6,10.45,0.0,15.0
2018-01-19,13.9,72,18,11.7,10.49,0.0,15.0
2018-01-20,14.5,73,67,13.7,8.22,0.0,14.0
2018-01-21,16.7,79,7,11.7,10.44,0.0,17.0
2018-01-22,14.9,81,16,11.3,10.85,0.0,15.0
2018-01-23,15.9,77,41,9.7,10.25,0.0,16.0
2018-01-24,13.6,83,63,10.5,10.8,0.0,15.0
2018-01-25,8.9,93,96,15.3,2.83,4.5,9.0
2018-01-26,9.3,71,54,23.2,10.59,2.3,9.0
2018-01-27,10.3,53,59,24.8,7.81,0.1,11.0
2018-01-28,13.0,59,7,25.0,10.82,0.0,14.0
2018-01-29,13.6,74,2,12.7,11.77,0.0,15.0
2018-01-30,13.1,78,9,8.7,11.9,0.0,14.0
2018-01-31,13.2,72,4,10.4,12.29,0.0,14.0
2018-02-01,10.3,69,73,20.6,6.9,0.2,11.0
2018-02-02,7.1,52,19,26.7,12.0,0.0,7.0
2018-02-03,9.7,62,44,16.7,11.07,0.0,11.0
2018-02-04,5.0,89,96,15.5,3.15,10.1,7.0
2018-02-05,4.1,89,95,17.5,4.6,11.2,3.0
2018-02-06,6.7,60,51,24.2,11.98,0.3,6.0
2018-02-07,6.0,59,38,18.3,7.51,0.0,5.0
2018-02-08,6.2,62,25,17.6,11.49,0.0,7.0
2018-02-09,7.8,74,42,6.9,11.78,0.0,9.0
2018-02-10,8.2,60,72,20.4,8.37,0.0,9.0
2018-02-11,14.5,68,55,21.0,11.29,0.2,15.0
2018-02-12,9.8,64,47,16.9,12.39,0.4,12.0
2018-02-13,8.2,70,67,19.9,9.71,0.4,10.0
2018-02-14,11.0,84,94,19.2,5.55,0.0,11.0
2018-02-15,13.6,88,81,10.9,6.61,0.0,11.0
2018-02-16,15.3,84,88,10.8,11.45,0.0,16.0
2018-02-17,14.0,78,73,16.7,9.76,0.0,14.0
2018-02-18,14.5,61,38,20.5,14.81,0.0,14.0
2018-02-19,14.3,64,81,18.8,10.79,0.0,15.0
2018-02-20,14.0,62,40,25.2,12.97,0.0,14.0
2018-02-21,11.3,50,43,27.8,11.95,0.0,12.0
2018-02-22,9.5,51,7,20.5,15.78,0.0,11.0
2018-02-23,9.3,49,0,10.8,16.74,0.0,11.0
2018-02-24,11.2,54,0,9.7,16.83,0.0,12.0
2018-02-25,13.9,53,0,9.8,16.83,0.0,14.0
2018-02-26,16.2,54,29,17.8,16.95,0.0,17.0
2018-02-27,7.1,53,97,17.3,7.45,2.5,6.0
2018-02-28,11.2,93,98,28.7,1.8,30.0,13.0
2018-03-01,11.6,89,94,30.9,4.19,12.5,13.0
2018-03-02,9.8,87,70,26.0,3.33,7.9,9.0
2018-03-03,12.1,83,95,27.1,8.81,7.6,13.0
2018-03-04,13.5,74,92,21.0,13.6,7.3,14.0
2018-03-05,9.0,86,89,24.5,6.12,8.1,9.0
2018-03-06,10.1,79,50,25.6,10.92,1.9,11.0
2018-03-07,11.3,61,49,16.7,17.76,0.0,11.0
2018-03-08,13.0,77,95,14.2,11.03,2.1,12.0
2018-03-09,12.0,88,98,26.0,4.4,5.5,12.0
2018-03-10,13.3,88,86,22.1,6.28,10.8,13.0
2018-03-11,10.7,77,67,35.4,15.17,3.6,11.0
2018-03-12,11.9,73,72,24.7,13.23,1.8,13.0
2018-03-13,14.5,78,92,20.1,11.54,3.4,15.0
2018-03-14,12.2,91,88,30.9,3.88,19.0,14.0
2018-03-15,11.7,76,68,25.0,15.34,0.6,12.0
2018-03-16,10.5,77,47,15.9,15.16,0.9,11.0
2018-03-17,9.7,80,87,18.1,8.07,11.0,10.0
2018-03-18,11.4,61,45,15.3,18.42,0.5,13.0
2018-03-19,8.7,72,57,25.3,7.24,5.6,9.0
2018-03-20,9.1,57,52,34.2,16.41,0.5,9.0
2018-03-21,10.3,49,36,26.3,19.97,0.0,11.0
2018-03-22,11.9,52,27,16.6,20.92,0.0,13.0
2018-03-23,13.7,74,87,21.7,9.95,0.8,14.0
2018-03-24,10.8,63,61,33.9,16.74,3.4,12.0
2018-03-25,12.1,61,63,24.5,17.92,0.7,13.0
2018-03-26,13.7,65,31,14.8,20.69,0.0,15.0
2018-03-27,19.3,63,20,9.2,21.59,0.0,21.0
2018-03-28,20.1,60,44,17.9,22.26,0.0,22.0
2018-03-29,14.8,59,41,25.0,19.93,0.0,15.0
2018-03-30,11.5,60,55,27.2,20.12,1.6,12.0
2018-03-31,12.8,61,53,23.3,18.26,1.7,14.0
2018-04-01,16.8,64,83,9.0,20.08,0.0,18.0
2018-04-02,18.9,56,77,23.1,20.92,0.0,20.0
2018-04-03,15.2,73,68,27.5,14.9,2.3,18.0
2018-04-04,14.9,70,56,26.2,17.13,0.2,16.0
2018-04-05,18.0,68,53,9.5,22.85,0.0,19.0
2018-04-06,18.2,67,61,14.7,16.06,3.5,17.0
2018-04-07,12.2,87,99,14.5,4.96,3.9,14.0
2018-04-08,14.9,74,62,17.4,19.03,1.7,15.0
2018-04-09,9.2,84,87,21.7,13.11,7.7,10.0
2018-04-10,8.0,92,98,22.5,3.61,27.2,8.0
2018-04-11,10.6,69,97,27.7,13.33,3.1,11.0
2018-04-12,12.2,73,79,21.1,14.4,4.8,12.0
2018-04-13,13.0,77,77,16.9,16.8,6.6,13.0
2018-04-14,16.2,71,57,9.2,17.32,0.3,17.0
2018-04-15,17.1,79,74,20.9,13.93,2.1,18.0
2018-04-16,17.9,68,63,17.7,21.71,4.2,18.0
2018-04-17,20.8,69,33,10.2,25.37,0.0,22.0
2018-04-18,23.6,65,14,8.9,25.41,0.0,25.0
2018-04-19,23.0,54,24,13.4,23.53,0.0,23.0
2018-04-20,20.6,60,42,17.4,17.54,0.0,22.0
2018-04-21,21.1,66,69,11.8,19.64,0.0,21.0
2018-04-22,22.9,65,69,13.7,22.83,0.1,24.0
2018-04-23,23.1,64,94,11.9,18.78,0.7,24.0
2018-04-24,25.5,62,70,15.8,22.66,0.0,26.0
2018-04-25,26.8,59,18,15.3,23.69,0.0,28.0
2018-04-26,25.6,56,13,18.2,25.02,0.0,26.0
2018-04-27,23.3,57,20,16.4,25.62,0.3,25.0
2018-04-28,18.1,55,41,23.6,23.05,0.0,19.0
2018-04-29,13.2,67,67,29.1,18.36,7.8,13.0
2018-04-30,11.2,69,42,10.8,20.84,2.3,11.0
2018-05-01,15.3,60,23,11.2,26.41,0.0,16.0
2018-05-02,18.5,53,56,13.2,21.38,0.0,18.0
2018-05-03,18.0,57,45,26.4,24.83,0.0,19.0
2018-05-04,20.0,48,36,19.3,27.09,0.0,21.0
2018-05-05,23.2,53,19,16.8,26.58,0.3,24.0
2018-05-06,23.1,60,29,7.4,25.88,0.5,24.0
2018-05-07,23.8,69,72,16.4,17.67,0.3,24.0
2018-05-08,24.3,67,42,11.9,22.84,1.6,25.0
2018-05-09,25.2,61,46,12.9,24.21,0.1,26.0
2018-05-10,22.9,52,53,20.0,24.65,0.1,24.0
2018-05-11,23.7,57,55,15.3,21.44,0.2,25.0
2018-05-12,19.4,50,52,25.5,21.48,0.1,20.0
2018-05-13,18.1,43,34,19.4,27.08,0.0,18.0
2018-05-14,18.5,49,75,20.9,17.19,0.0,19.0
2018-05-15,23.3,45,28,18.1,25.19,0.0,24.0
2018-05-16,24.4,44,25,15.0,25.85,0.0,25.0
2018-05-17,23.5,47,43,18.8,25.78,0.9,25.0
2018-05-18,21.1,61,87,15.5,20.06,1.1,23.0
2018-05-19,23.0,62,40,16.3,24.83,1.2,25.0
2018-05-20,21.3,67,60,11.2,22.69,0.9,22.0
2018-05-21,20.6,70,66,11.0,21.28,0.8,23.0
2018-05-22,24.3,69,39,7.9,23.41,0.9,23.0
2018-05-23,25.6,58,80,12.3,21.11,0.0,27.0
2018-05-24,26.5,59,72,19.7,22.92,3.3,28.0
2018-05-25,20.5,76,73,12.1,13.28,10.4,21.0
2018-05-26,20.9,68,51,12.7,20.31,1.0,22.0
2018-05-27,24.9,56,59,14.7,23.98,0.4,26.0
2018-05-28,21.1,80,90,10.2,12.52,12.0,21.0
2018-05-29,20.3,80,59,7.6,19.52,4.9,20.0
2018-05-30,19.8,79,93,13.0,13.37,3.6,19.0
2018-05-31,22.0,64,53,16.4,20.2,0.0,24.0
2018-06-01,23.2,60,49,14.6,23.35,0.6,25.0
2018-06-02,23.1,67,85,15.7,22.37,4.4,24.0
2018-06-03,23.5,71,60,19.5,22.02,0.4,25.0
2018-06-04,19.7,62,64,17.7,16.92,0.5,21.0
2018-06-05,18.5,67,81,14.0,20.06,3.4,19.0
2018-06-06,19.6,75,72,13.3,19.7,2.0,21.0
2018-06-07,23.1,68,70,16.4,21.88,0.4,24.0
2018-06-08,20.1,75,90,19.8,15.43,5.7,20.0
2018-06-09,20.7,73,52,16.0,21.19,0.5,22.0
2018-06-10,19.7,72,41,16.3,19.81,1.2,20.0
2018-06-11,19.8,73,52,12.6,20.87,3.1,21.0
2018-06-12,23.0,71,26,15.1,23.43,1.1,25.0
2018-06-13,24.0,50,11,20.2,28.54,0.0,25.0
2018-06-14,25.8,52,56,17.3,29.72,0.0,27.0
2018-06-15,29.1,49,13,19.3,28.11,0.0,31.0
2018-06-16,29.8,49,7,16.9,29.39,0.0,32.0
2018-06-17,30.2,43,10,20.9,30.08,0.0,32.0
2018-06-18,30.9,42,53,19.7,30.09,0.0,32.0
2018-06-19,31.7,46,24,18.8,29.66,0.0,33.0
2018-06-20,31.5,42,30,10.3,26.67,0.0,33.0
2018-06-21,32.2,37,18,9.8,29.78,0.0,34.0
2018-06-22,32.8,39,8,11.8,29.58,0.0,34.0
2018-06-23,34.3,41,8,17.1,29.21,0.0,36.0
2018-06-24,35.6,40,6,12.6,28.87,0.0,38.0
2018-06-25,35.4,36,15,14.5,28.02,0.0,38.0
2018-06-26,34.3,47,19,13.9,28.43,1.2,36.0
2018-06-27,31.3,59,23,15.6,27.42,0.0,33.0
2018-06-28,30.8,52,67,15.5,24.59,0.0,32.0
2018-06-29,31.2,55,40,17.1,23.68,0.5,33.0
2018-06-30,27.5,61,41,15.7,18.6,2.6,29.0
2018-07-01,26.5,52,34,18.9,25.36,0.6,28.0
2018-07-02,26.4,53,13,16.3,26.32,0.0,28.0
2018-07-03,29.7,52,1,12.0,29.94,0.0,31.0
2018-07-04,27.0,44,7,21.7,29.78,0.0,29.0
2018-07-05,28.2,44,23,12.2,26.74,0.0,29.0
2018-07-06,30.7,44,61,14.8,27.51,0.0,32.0
2018-07-07,32.1,40,46,19.5,26.57,0.1,34.0
2018-07-08,32.6,41,19,14.8,26.48,0.0,34.0
2018-07-09,33.4,41,25,20.2,25.47,0.0,35.0
2018-07-10,33.0,42,16,19.7,26.38,0.0,35.0
2018-07-11,31.7,40,30,18.5,26.7,0.1,34.0
2018-07-12,31.8,44,12,16.2,26.5,0.0,33.0
2018-07-13,32.6,42,8,14.6,28.71,0.0,34.0
2018-07-14,32.3,35,0,17.6,30.01,0.0,34.0
2018-07-15,28.5,37,7,18.4,29.38,0.0,30.0
2018-07-16,28.4,42,25,15.1,24.95,0.1,30.0
2018-07-17,32.5,43,0,12.2,29.5,0.0,35.0
2018-07-18,31.6,37,3,16.1,27.98,0.0,34.0
2018-07-19,31.9,39,0,16.6,29.62,0.0,34.0
2018-07-20,31.1,36,16,17.8,27.33,0.0,32.0
2018-07-21,28.5,46,50,16.1,23.66,0.0,31.0
2018-07-22,29.8,60,40,18.3,25.5,4.0,33.0
2018-07-23,33.6,45,1,20.0,28.68,0.0,35.0
2018-07-24,32.1,36,0,14.1,29.1,0.0,34.0
2018-07-25,33.3,34,0,10.3,28.99,0.0,35.0
2018-07-26,33.2,35,0,12.6,28.77,0.0,35.0
2018-07-27,32.9,34,28,16.7,28.59,0.0,35.0
2018-07-28,32.2,31,0,15.8,28.87,0.0,34.0
2018-07-29,31.9,36,10,13.5,28.66,0.0,33.0
2018-07-30,33.4,33,10,11.2,28.72,0.0,35.0
2018-07-31,34.2,34,0,10.0,28.24,0.0,36.0
2018-08-01,36.1,37,1,12.9,28.0,0.0,38.0
2018-08-02,37.7,33,5,9.6,27.82,0.0,40.0
2018-08-03,38.2,32,33,18.4,23.28,0.0,41.0
2018-08-04,37.7,28,17,17.8,27.75,0.0,40.0
2018-08-05,36.3,32,2,16.7,26.96,0.0,38.0
2018-08-06,36.4,33,19,15.3,24.88,0.0,39.0
2018-08-07,35.4,32,17,21.4,26.48,0.0,38.0
2018-08-08,33.3,35,1,20.9,27.31,0.0,36.0
2018-08-09,30.1,36,5,21.5,26.94,0.0,32.0
2018-08-10,29.7,47,19,24.2,22.62,0.0,34.0
2018-08-11,32.1,50,25,8.1,22.92,0.0,35.0
2018-08-12,33.3,44,35,19.7,22.32,0.0,36.0
2018-08-13,32.7,38,16,14.3,26.05,0.0,34.0
2018-08-14,31.4,45,0,16.2,26.37,0.0,34.0
2018-08-15,32.8,42,10,18.0,23.86,0.0,35.0
2018-08-16,30.0,49,74,11.2,20.57,0.0,32.0
2018-08-17,29.9,50,30,23.4,22.94,0.0,32.0
2018-08-18,29.9,46,16,20.2,23.5,0.0,32.0
2018-08-19,30.1,39,15,13.3,23.52,0.0,32.0
2018-08-20,31.6,41,5,14.5,25.15,0.0,33.0
2018-08-21,32.3,39,24,15.9,22.61,0.0,34.0
2018-08-22,32.3,38,24,14.8,22.43,0.0,34.0
2018-08-23,31.2,44,24,15.1,22.24,0.0,34.0
2018-08-24,32.9,43,19,17.2,24.42,0.0,35.0
2018-08-25,32.0,42,22,15.4,24.92,0.0,34.0
2018-08-26,32.0,42,46,15.8,24.63,0.0,33.0
2018-08-27,34.5,36,23,11.4,23.69,0.0,37.0
2018-08-28,32.8,39,9,21.7,22.63,0.0,35.0
2018-08-29,31.3,39,8,9.0,23.3,0.0,33.0
2018-08-30,31.1,48,22,15.4,21.46,0.0,33.0
2018-08-31,32.6,43,28,15.5,22.92,0.0,34.0
2018-09-01,32.8,40,6,18.3,22.22,0.0,35.0
2018-09-02,33.2,40,26,14.1,20.7,0.0,37.0
2018-09-03,31.3,39,65,13.0,20.65,0.0,33.0
2018-09-04,29.0,52,22,10.8,20.49,0.0,31.0
2018-09-05,26.5,50,18,14.7,20.29,0.0,29.0
2018-09-06,26.0,55,33,13.3,16.76,0.2,26.0
2018-09-07,27.1,52,32,15.8,19.43,0.0,30.0
2018-09-08,23.9,71,78,14.0,12.81,4.3,24.0
2018-09-09,27.0,69,49,10.5,20.06,0.8,29.0
2018-09-10,27.0,56,38,12.1,19.88,0.0,29.0
2018-09-11,27.9,59,26,7.3,20.96,0.0,30.0
2018-09-12,27.6,68,43,10.1,18.63,2.8,30.0
2018-09-13,30.7,53,3,15.1,21.11,0.0,33.0
2018-09-14,30.3,49,47,14.5,18.69,0.0,33.0
2018-09-15,28.0,56,35,12.7,18.88,0.1,31.0
2018-09-16,28.9,60,21,9.9,18.98,0.0,31.0
2018-09-17,29.4,55,51,20.1,18.67,0.6,30.0
2018-09-18,28.1,68,43,10.6,18.45,2.5,29.0
2018-09-19,29.2,59,26,7.9,18.39,0.0,32.0
2018-09-20,30.5,51,24,7.8,18.27,0.0,33.0
2018-09-21,31.1,51,47,9.4,18.49,0.0,32.0
2018-09-22,31.7,48,54,12.1,19.69,0.0,34.0
2018-09-23,32.5,41,3,11.1,19.75,0.0,34.0
2018-09-24,30.9,49,0,18.7,19.52,0.0,33.0
2018-09-25,29.5,35,4,17.4,19.08,0.0,32.0
2018-09-26,25.8,64,53,10.6,10.78,0.1,28.0
2018-09-27,26.7,63,8,8.4,18.67,0.0,28.0
2018-09-28,28.9,54,13,6.8,19.08,0.0,30.0
2018-09-29,28.0,47,6,12.8,18.6,0.0,30.0
2018-09-30,28.2,45,13,11.5,17.16,0.0,30.0
2018-10-01,25.2,32,18,19.9,19.07,0.0,26.0
2018-10-02,25.6,35,1,15.5,18.81,0.0,27.0
2018-10-03,26.6,30,0,15.5,18.34,0.0,28.0
2018-10-04,27.3,42,0,11.2,18.23,0.0,29.0
2018-10-05,27.0,50,0,9.7,17.78,0.0,28.0
2018-10-06,27.5,43,18,18.2,17.61,0.0,29.0
2018-10-07,19.0,44,12,21.2,17.86,0.0,21.0
2018-10-08,19.1,54,39,13.7,11.59,0.0,20.0
2018-10-09,19.5,61,36,14.2,15.06,5.4,20.0
2018-10-10,18.7,83,81,12.0,8.49,13.7,20.0
2018-10-11,20.7,86,77,18.9,7.49,5.7,22.0
2018-10-12,21.1,86,92,11.5,8.41,3.1,22.0
2018-10-13,24.5,76,63,8.3,15.22,0.0,26.0
2018-10-14,17.6,67,63,22.0,9.44,3.8,19.0
2018-10-15,14.9,77,68,16.3,8.48,8.1,16.0
2018-10-16,20.3,75,36,11.8,13.55,0.2,22.0
2018-10-17,21.0,70,7,10.7,14.98,0.0,23.0
2018-10-18,20.8,71,96,18.4,8.57,7.6,22.0
2018-10-19,17.6,87,100,25.2,6.12,25.4,17.0
2018-10-20,20.4,80,61,14.3,10.93,2.2,21.0
2018-10-21,20.9,78,61,12.6,10.84,0.8,21.0
2018-10-22,22.5,68,6,16.6,14.68,0.0,23.0
2018-10-23,21.0,57,38,16.0,13.6,0.0,22.0
2018-10-24,22.8,65,0,9.8,14.61,0.0,24.0
2018-10-25,22.2,68,7,11.1,14.32,0.0,24.0
2018-10-26,16.1,80,90,6.9,4.87,0.5,17.0
2018-10-27,12.6,77,89,24.8,4.59,5.3,14.0
2018-10-28,9.9,56,67,22.7,11.89,0.4,10.0
2018-10-29,10.3,53,67,24.0,10.02,0.0,11.0
2018-10-30,8.8,85,93,18.3,1.8,12.1,9.0
2018-10-31,11.7,84,92,15.3,5.45,10.2,13.0
2018-11-01,13.6,77,68,9.4,10.2,0.1,15.0
2018-11-02,17.6,69,70,15.3,9.33,0.1,19.0
2018-11-03,15.7,72,56,9.4,12.67,0.0,16.0
2018-11-04,15.9,75,50,16.1,12.03,0.0,16.0
2018-11-05,11.0,83,77,20.9,9.32,13.4,11.0
2018-11-06,11.9,79,84,20.5,6.64,0.2,12.0
2018-11-07,14.1,79,85,17.1,5.62,1.6,14.0
2018-11-08,13.3,87,91,19.1,4.89,3.7,13.0
2018-11-09,13.6,72,56,17.3,11.1,0.0,14.0
2018-11-10,12.9,86,100,25.5,2.76,0.7,14.0
2018-11-11,16.4,82,80,17.4,6.0,0.6,17.0
2018-11-12,13.2,90,81,12.3,4.04,1.4,15.0
2018-11-13,18.6,80,35,10.0,11.11,0.0,18.0
2018-11-14,16.4,85,50,8.6,6.92,0.2,17.0
2018-11-15,16.6,85,56,8.4,7.69,0.6,18.0
2018-11-16,15.9,89,50,8.9,7.22,3.5,17.0
2018-11-17,16.3,83,65,9.2,5.86,0.1,17.0
2018-11-18,13.5,85,92,13.0,3.37,5.1,14.0
2018-11-19,14.2,81,92,10.4,4.2,3.0,14.0
2018-11-20,10.8,88,74,18.7,5.16,4.2,12.0
2018-11-21,11.6,82,64,21.5,7.48,0.8,13.0
2018-11-22,11.0,90,92,8.1,5.58,1.8,12.0
2018-11-23,11.4,84,58,13.0,7.83,6.4,12.0
2018-11-24,9.7,86,71,11.5,4.84,0.2,8.0
2018-11-25,13.2,88,97,18.2,4.93,5.3,15.0
2018-11-26,11.6,72,52,27.8,6.93,3.4,12.0
2018-11-27,12.8,80,83,9.4,9.66,0.0,13.0
2018-11-28,9.4,91,81,6.2,8.26,0.0,12.0
2018-11-29,11.9,81,46,7.6,9.38,1.5,13.0
2018-11-30,11.5,82,53,8.2,8.0,7.3,12.0
2018-12-01,11.6,84,53,8.0,7.97,0.0,11.0
2018-12-02,10.5,92,70,7.6,6.25,0.0,8.0
2018-12-03,10.6,92,94,6.7,5.74,0.0,8.0
2018-12-04,15.8,90,59,8.6,8.64,0.0,17.0
2018-12-05,15.1,88,37,8.5,9.09,0.0,17.0
2018-12-06,15.3,86,0,8.8,9.22,0.0,16.0
2018-12-07,13.1,86,22,10.4,9.31,0.0,10.0
2018-12-08,13.4,88,69,5.8,7.47,0.0,14.0
2018-12-09,14.3,84,29,8.2,8.96,0.0,16.0
2018-12-10,14.8,68,59,9.7,8.75,0.0,16.0
2018-12-11,12.3,74,98,9.2,7.42,0.0,13.0
2018-12-12,8.6,90,66,10.5,4.67,0.0,7.0
2018-12-13,9.8,88,89,18.0,3.33,8.9,10.0
2018-12-14,10.9,74,28,14.9,7.72,0.0,11.0
2018-12-15,9.6,86,75,10.6,6.42,0.0,10.0
2018-12-16,12.1,85,74,25.0,3.69,4.4,13.0
2018-12-17,9.6,76,43,14.0,8.39,0.0,10.0
2018-12-18,9.1,84,94,11.3,7.4,0.1,8.0
2018-12-19,11.0,87,62,15.2,6.92,0.5,10.0
2018-12-20,10.1,90,78,10.6,4.33,0.1,11.0
2018-12-21,9.3,94,95,7.4,2.6,0.0,9.0
2018-12-22,9.2,93,96,6.2,3.14,0.0,8.0
2018-12-23,10.7,91,98,6.2,6.46,0.0,8.0
2018-12-24,13.2,83,99,9.6,8.62,0.0,13.0
2018-12-25,13.4,76,99,9.5,7.24,0.0,14.0
2018-12-26,11.9,82,84,7.4,7.89,0.0,13.0
2018-12-27,9.6,85,26,6.9,7.42,0.0,12.0
2018-12-28,12.9,78,9,11.9,8.69,0.0,14.0
2018-12-29,12.5,79,17,13.0,8.36,0.0,13.0
2018-12-30,14.3,59,0,10.8,9.35,0.0,15.0
2018-12-31,13.2,61,0,9.5,9.32,0.0,15.0
2019-01-01,11.3,68,0,8.4,9.38,0.0,15.0
2019-01-02,11.1,74,1,11.9,9.45,0.0,13.0
2019-01-03,11.1,61,34,13.3,9.01,0.0,13.0
2019-01-04,11.2,76,12,7.4,9.62,0.0,13.0
2019-01-05,11.6,63,0,8.4,9.63,0.0,12.0
2019-01-06,13.7,58,0,12.1,9.87,0.0,15.0
2019-01-07,12.7,48,1,11.6,9.67,0.0,16.0
2019-01-08,11.5,67,12,10.0,9.55,0.0,14.0
2019-01-09,12.1,71,26,19.0,8.66,0.0,14.0
2019-01-10,9.1,60,22,19.7,9.63,0.0,10.0
2019-01-11,8.2,59,16,20.6,9.0,0.0,8.0
2019-01-12,9.6,74,22,16.2,9.07,0.0,11.0
2019-01-13,10.8,78,21,10.1,8.5,0.0,12.0
2019-01-14,13.7,79,2,10.7,9.86,0.0,15.0
2019-01-15,11.6,75,53,11.6,9.96,0.0,15.0
2019-01-16,10.0,82,23,11.5,10.13,0.0,11.0
2019-01-17,6.9,88,69,12.4,3.86,0.6,8.0
2019-01-18,6.6,82,69,10.9,7.11,0.0,8.0
2019-01-19,4.2,94,81,10.8,3.45,5.2,5.0
2019-01-20,9.9,79,51,23.3,9.53,3.7,10.0
2019-01-21,8.8,68,32,22.0,9.24,0.0,10.0
2019-01-22,7.7,80,86,15.1,3.79,1.6,9.0
2019-01-23,12.3,74,92,25.5,4.28,0.1,14.0
2019-01-24,14.4,72,90,20.1,5.96,0.1,16.0
2019-01-25,14.1,67,51,21.2,9.79,0.0,15.0
2019-01-26,13.0,74,29,14.2,11.5,0.0,14.0
2019-01-27,11.4,70,60,13.6,7.53,0.0,12.0
2019-01-28,12.9,67,62,22.7,6.09,0.0,14.0
2019-01-29,9.4,77,67,21.9,4.83,0.4,12.0
2019-01-30,10.6,66,71,21.6,9.43,1.6,11.0
2019-01-31,13.0,87,96,32.3,4.4,2.3,13.0
2019-02-01,10.0,82,75,33.4,8.42,9.9,11.0
2019-02-02,7.3,57,64,23.8,8.24,0.4,9.0
2019-02-03,8.0,59,40,24.8,9.97,0.0,8.0
2019-02-04,10.7,68,31,10.9,11.87,0.0,11.0
2019-02-05,14.5,76,4,8.4,12.52,0.0,16.0
2019-02-06,15.5,80,17,10.5,12.74,0.0,16.0
2019-02-07,14.2,77,31,8.8,12.88,0.0,15.0
2019-02-08,14.4,78,11,11.6,13.39,0.0,15.0
2019-02-09,13.0,80,80,10.1,12.84,0.0,13.0
2019-02-10,12.8,84,74,19.9,9.57,0.0,13.0
2019-02-11,12.9,67,48,16.2,13.51,0.1,14.0
2019-02-12,12.8,66,18,10.7,13.95,0.0,14.0
2019-02-13,14.8,70,3,10.8,14.08,0.0,17.0
2019-02-14,13.9,63,2,10.2,14.17,0.0,14.0
2019-02-15,15.7,69,0,8.0,14.61,0.0,17.0
2019-02-16,16.7,63,9,10.5,14.82,0.0,17.0
2019-02-17,15.5,48,4,9.2,15.24,0.0,17.0
2019-02-18,15.3,66,66,9.4,13.77,0.0,15.0
2019-02-19,14.4,73,29,8.4,14.26,0.0,16.0
2019-02-20,14.9,71,9,9.0,13.98,0.0,16.0
2019-02-21,16.5,71,1,9.9,15.61,0.0,18.0
2019-02-22,18.3,60,13,8.6,16.17,0.0,19.0
2019-02-23,19.2,60,47,15.8,15.85,0.0,20.0
2019-02-24,18.6,51,45,11.6,15.61,0.0,20.0
2019-02-25,19.1,63,0,9.1,16.24,0.0,19.0
2019-02-26,20.0,58,0,7.9,16.59,0.0,21.0
2019-02-27,20.1,47,4,8.9,16.77,0.0,21.0
2019-02-28,19.3,52,76,9.4,16.04,0.0,20.0
2019-03-01,19.5,55,43,10.5,17.16,0.0,20.0
2019-03-02,19.8,54,25,10.5,17.23,0.0,20.0
2019-03-03,20.0,61,38,18.9,17.12,0.0,21.0
2019-03-04,16.6,65,78,19.6,12.78,0.0,17.0
2019-03-05,15.6,63,89,20.3,12.1,0.0,16.0
2019-03-06,13.4,79,77,34.6,7.0,9.4,14.0
2019-03-07,12.3,61,41,20.7,16.47,0.0,12.0
2019-03-08,15.0,67,62,12.6,14.84,1.3,16.0
2019-03-09,18.4,64,34,9.6,18.03,0.0,19.0
2019-03-10,22.2,70,7,10.4,18.34,0.0,23.0
2019-03-11,18.5,65,23,17.3,17.69,0.0,20.0
2019-03-12,20.9,61,42,17.8,18.67,0.0,23.0
2019-03-13,13.8,54,25,23.9,19.34,0.0,15.0
2019-03-14,17.2,55,11,10.0,19.71,0.0,18.0
2019-03-15,22.3,48,0,8.5,20.05,0.0,24.0
2019-03-16,23.6,45,9,11.0,20.17,0.0,25.0
2019-03-17,19.9,51,20,18.4,19.84,0.0,20.0
2019-03-18,14.6,46,31,19.4,20.36,0.0,16.0
2019-03-19,13.9,49,51,23.7,11.91,0.0,16.0
2019-03-20,14.7,52,5,20.4,20.85,0.0,15.0
2019-03-21,14.5,51,3,19.4,20.81,0.0,16.0
2019-03-22,18.5,46,7,11.2,21.27,0.0,19.0
2019-03-23,19.8,49,62,14.1,14.2,0.0,20.0
2019-03-24,21.3,46,24,10.5,20.84,0.0,22.0
2019-03-25,20.8,41,2,22.4,21.79,0.0,22.0
2019-03-26,21.3,36,0,21.8,22.24,0.0,22.0
2019-03-27,18.4,36,0,16.6,22.49,0.0,20.0
2019-03-28,18.1,35,0,16.3,22.68,0.0,20.0
2019-03-29,17.8,39,4,11.4,22.6,0.0,18.0
2019-03-30,18.1,46,8,12.2,22.8,0.0,19.0
2019-03-31,14.8,66,93,12.9,11.55,1.3,12.0
2019-04-01,16.6,77,71,15.0,15.52,1.4,17.0
2019-04-02,17.1,77,50,10.1,16.74,6.7,19.0
2019-04-03,15.0,50,19,21.1,19.87,0.0,16.0
2019-04-04,13.8,40,29,15.9,23.54,0.0,14.0
2019-04-05,9.4,74,82,18.9,7.86,6.2,13.0
2019-04-06,11.1,74,64,26.6,15.65,0.9,12.0
2019-04-07,14.1,70,76,18.5,14.77,1.7,14.0
2019-04-08,15.6,77,77,18.4,15.83,3.9,17.0
2019-04-09,13.1,74,51,19.6,15.49,3.7,15.0
2019-04-10,13.5,62,42,13.7,16.93,0.0,15.0
2019-04-11,15.6,60,15,15.2,23.39,0.7,16.0
2019-04-12,17.6,58,7,9.7,24.97,0.0,19.0
2019-04-13,20.5,50,22,9.6,25.87,0.0,22.0
2019-04-14,22.6,55,76,10.0,19.12,0.0,24.0
2019-04-15,23.4,64,70,26.0,18.76,0.1,25.0
2019-04-16,21.0,58,58,9.8,25.08,0.0,22.0
2019-04-17,24.6,58,95,20.9,21.94,2.8,25.0
2019-04-18,13.0,89,100,12.9,5.97,26.1,15.0
2019-04-19,11.7,87,95,16.8,6.25,14.1,11.0
2019-04-20,20.0,53,80,23.7,22.15,0.3,20.0
2019-04-21,13.3,62,89,20.7,10.29,0.1,13.0
2019-04-22,17.1,65,92,13.3,14.79,0.2,19.0
2019-04-23,12.3,71,81,24.5,13.84,3.5,14.0
2019-04-24,11.8,86,92,33.0,4.5,18.2,12.0
2019-04-25,13.1,72,45,29.1,20.81,2.6,15.0
2019-04-26,17.2,62,27,11.5,19.49,0.0,18.0
2019-04-27,19.9,57,8,11.9,26.77,0.0,21.0
2019-04-28,23.1,63,19,13.2,26.48,0.0,24.0
2019-04-29,24.5,53,46,13.8,26.16,0.0,25.0
2019-04-30,24.3,55,28,12.9,24.35,0.0,26.0
2019-05-01,24.6,52,49,14.5,24.0,1.1,26.0
2019-05-02,22.4,64,25,15.7,23.32,0.5,24.0
2019-05-03,18.7,53,10,25.2,24.34,0.3,20.0
2019-05-04,21.4,54,0,12.0,28.16,0.0,23.0
2019-05-05,21.9,47,20,18.3,27.89,0.0,23.0
2019-05-06,24.2,40,32,15.3,27.1,0.0,26.0
2019-05-07,22.7,56,79,24.6,22.06,0.1,25.0
2019-05-08,19.6,72,94,33.0,15.8,0.8,21.0
2019-05-09,22.6,66,55,28.7,24.75,0.0,23.0
2019-05-10,24.3,69,54,19.2,19.56,0.1,26.0
2019-05-11,25.1,51,5,18.7,28.67,0.0,27.0
2019-05-12,26.0,35,44,17.3,29.77,0.0,28.0
2019-05-13,29.1,31,3,18.6,29.49,0.0,32.0
2019-05-14,27.8,38,1,17.8,29.07,0.0,30.0
2019-05-15,31.4,37,26,11.6,28.57,0.0,34.0
2019-05-16,29.0,39,62,28.4,27.45,0.2,31.0
2019-05-17,17.4,51,56,22.0,18.43,0.8,19.0
2019-05-18,16.8,44,80,15.3,19.01,0.0,19.0
2019-05-19,18.8,47,34,13.7,22.03,0.5,20.0
2019-05-20,21.5,48,69,12.5,20.89,0.0,23.0
2019-05-21,23.5,43,64,16.4,25.12,0.3,26.0
2019-05-22,26.7,41,36,20.4,25.29,0.0,28.0
2019-05-23,27.0,41,64,17.4,21.87,0.0,29.0
2019-05-24,23.9,47,52,23.1,25.39,0.0,24.0
2019-05-25,24.1,44,32,21.3,25.33,0.0,25.0
2019-05-26,25.8,48,1,18.4,29.34,0.0,27.0
2019-05-27,27.7,50,14,19.5,27.29,0.0,29.0
2019-05-28,25.3,43,27,22.8,29.69,0.0,26.0
2019-05-29,25.6,43,0,17.3,29.8,0.0,27.0
2019-05-30,29.6,38,5,15.7,30.15,0.0,31.0
2019-05-31,30.4,33,3,15.8,30.25,0.0,33.0
2019-06-01,31.5,33,1,10.3,30.19,0.0,33.0
2019-06-02,32.9,30,31,12.0,29.08,0.0,34.0
2019-06-03,31.8,28,35,23.7,29.82,0.0,34.0
2019-06-04,27.8,39,21,24.8,28.41,0.0,29.0
2019-06-05,21.5,43,46,21.0,25.2,0.6,23.0
2019-06-06,23.0,34,25,26.0,30.15,0.0,25.0
2019-06-07,21.4,41,28,25.4,30.51,0.1,22.0
2019-06-08,28.8,32,38,21.6,27.76,0.0,29.0
2019-06-09,26.8,41,24,18.3,30.41,0.0,27.0
2019-06-10,25.9,41,34,15.8,28.43,0.0,27.0
2019-06-11,19.7,37,44,21.2,23.54,0.0,21.0
2019-06-12,24.1,35,0,12.6,30.96,0.0,25.0
2019-06-13,27.3,41,35,17.2,29.8,0.0,29.0
2019-06-14,24.4,35,3,22.0,30.83,0.0,25.0
2019-06-15,25.2,38,2,17.1,30.79,0.0,25.0
2019-06-16,29.1,34,69,13.0,27.68,0.0,30.0
2019-06-17,30.4,32,30,13.5,30.17,0.0,32.0
2019-06-18,29.6,23,25,23.8,30.58,0.0,31.0
2019-06-19,27.1,45,46,19.9,27.79,0.0,28.0
2019-06-20,27.6,43,73,17.9,23.18,0.0,29.0
2019-06-21,27.8,45,34,16.5,26.43,0.1,29.0
2019-06-22,31.0,43,64,16.7,28.44,0.0,32.0
2019-06-23,32.4,35,67,14.9,29.02,0.0,33.0
2019-06-24,31.2,33,91,19.1,20.94,0.0,33.0
2019-06-25,33.8,42,29,15.2,26.32,0.0,36.0
2019-06-26,34.9,40,1,17.3,29.74,0.0,36.0
2019-06-27,38.2,32,14,25.5,28.68,0.0,40.0
2019-06-28,39.5,26,1,18.0,30.21,0.0,41.0
2019-06-29,39.0,22,18,12.0,29.24,0.0,40.0
2019-06-30,36.8,23,18,15.8,27.54,0.0,39.0
2019-07-01,35.2,30,31,19.6,24.61,0.0,36.0
2019-07-02,33.5,38,19,17.7,26.73,0.0,35.0
2019-07-03,34.6,37,22,16.7,26.88,0.1,36.0
2019-07-04,33.5,32,39,21.4,26.64,0.1,34.0
2019-07-05,33.1,33,5,16.4,29.97,0.0,34.0
2019-07-06,33.4,29,0,16.8,30.55,0.0,35.0
2019-07-07,33.2,29,32,13.0,29.61,0.0,35.0
2019-07-08,29.5,34,34,23.3,25.45,0.3,30.0
2019-07-09,28.0,50,31,18.7,21.28,0.0,29.0
2019-07-10,31.9,41,21,13.3,29.75,0.0,33.0
2019-07-11,36.8,32,0,11.4,30.02,0.0,39.0
2019-07-12,39.2,26,32,18.5,27.0,0.0,40.0
2019-07-13,35.5,30,50,22.1,22.93,0.0,36.0
2019-07-14,32.1,39,24,15.8,21.07,0.0,34.0
2019-07-15,35.4,32,13,15.3,29.01,0.0,36.0
2019-07-16,34.8,29,22,17.3,25.61,0.0,37.0
2019-07-17,33.4,38,26,15.3,27.06,0.0,34.0
2019-07-18,34.2,39,21,15.0,25.37,0.0,36.0
2019-07-19,36.0,32,15,18.0,26.81,0.0,37.0
2019-07-20,36.9,29,7,16.9,28.23,0.0,38.0
2019-07-21,37.5,32,18,18.5,27.66,0.0,39.0
2019-07-22,37.2,26,15,15.4,28.38,0.0,38.0
2019-07-23,37.2,25,38,25.8,26.05,0.0,39.0
2019-07-24,36.3,27,30,12.8,25.98,0.0,38.0
2019-07-25,35.6,25,34,18.7,27.81,0.0,37.0
2019-07-26,31.4,32,50,18.2,26.05,0.1,32.0
2019-07-27,27.1,38,39,20.5,18.53,0.4,28.0
2019-07-28,30.1,42,1,12.6,28.7,0.0,31.0
2019-07-29,32.6,29,0,19.2,28.65,0.0,33.0
2019-07-30,30.3,31,5,17.2,28.93,0.0,32.0
2019-07-31,33.6,39,36,23.6,27.17,0.0,35.0
2019-08-01,33.3,46,29,15.3,27.9,0.7,35.0
2019-08-02,34.7,39,0,16.1,28.11,0.0,36.0
2019-08-03,35.1,32,0,14.5,28.19,0.0,37.0
2019-08-04,34.9,26,0,14.8,28.12,0.0,36.0
2019-08-05,35.3,28,0,14.5,27.93,0.0,37.0
2019-08-06,35.1,25,30,16.8,27.54,0.0,36.0
2019-08-07,27.9,42,91,17.1,11.23,0.0,31.0
2019-08-08,33.0,45,11,19.1,26.44,0.0,35.0
2019-08-09,30.8,51,18,27.4,21.99,0.0,33.0
2019-08-10,31.3,44,23,13.1,26.0,0.0,32.0
2019-08-11,29.3,33,45,18.3,25.88,0.0,30.0
2019-08-12,27.2,33,20,19.5,27.47,0.0,28.0
2019-08-13,29.0,38,23,22.9,26.47,0.0,30.0
2019-08-14,32.2,30,2,11.6,26.43,0.0,34.0
2019-08-15,34.4,33,8,12.3,24.43,0.0,36.0
2019-08-16,35.5,36,1,23.7,25.89,0.0,37.0
2019-08-17,36.2,27,0,17.8,26.29,0.0,38.0
2019-08-18,34.3,25,13,22.2,25.22,0.0,36.0
2019-08-19,32.0,39,53,16.3,21.91,0.0,33.0
2019-08-20,28.9,51,46,18.4,22.6,0.0,31.0
2019-08-21,27.7,57,73,15.0,15.92,0.5,31.0
2019-08-22,31.8,48,29,11.0,25.89,0.0,33.0
2019-08-23,31.8,34,6,9.7,25.39,0.0,33.0
2019-08-24,33.1,32,1,9.5,24.88,0.0,34.0
2019-08-25,32.5,34,25,14.9,21.25,0.0,34.0
2019-08-26,25.8,58,78,18.0,16.57,4.7,29.0
2019-08-27,27.2,61,42,8.1,20.42,0.1,27.0
2019-08-28,30.3,49,21,10.1,24.02,0.0,31.0
2019-08-29,32.9,42,38,7.6,23.41,0.0,34.0
2019-08-30,33.1,42,22,13.7,21.47,0.0,34.0
2019-08-31,32.1,47,11,7.8,21.56,0.0,33.0
2019-09-01,32.6,39,54,15.9,18.16,0.0,33.0
2019-09-02,29.7,49,20,20.6,20.91,0.0,32.0
2019-09-03,32.7,38,20,16.6,23.06,0.0,34.0
2019-09-04,32.6,31,3,22.9,23.62,0.0,34.0
2019-09-05,27.9,41,5,22.2,23.4,0.0,28.0
2019-09-06,26.4,36,1,19.4,23.82,0.0,27.0
2019-09-07,27.4,42,39,20.7,19.23,0.0,28.0
2019-09-08,28.6,43,25,17.4,20.59,0.4,29.0
2019-09-09,29.8,33,30,19.8,22.28,0.0,31.0
2019-09-10,21.0,45,36,27.8,16.62,0.9,24.0
2019-09-11,25.9,46,26,27.0,19.33,0.0,26.0
2019-09-12,28.2,43,26,21.7,15.95,0.0,29.0
2019-09-13,25.4,56,79,24.3,10.45,10.4,23.0
2019-09-14,21.0,76,84,14.8,8.66,10.8,23.0
2019-09-15,20.2,87,75,13.7,9.82,15.9,21.0
2019-09-16,24.4,77,58,8.4,14.34,5.4,26.0
2019-09-17,27.5,70,47,13.5,18.65,0.2,29.0
2019-09-18,26.8,64,34,16.6,20.13,3.7,28.0
2019-09-19,27.0,61,41,9.4,17.61,0.0,29.0
2019-09-20,24.0,75,85,18.3,13.14,18.7,26.0
2019-09-21,21.2,82,86,14.9,10.57,4.9,22.0
2019-09-22,22.8,72,65,16.4,16.23,4.5,24.0
2019-09-23,23.0,67,73,9.1,18.59,0.0,24.0
2019-09-24,25.9,66,15,13.8,19.6,0.0,27.0
2019-09-25,23.2,64,41,10.9,19.03,0.0,25.0
2019-09-26,26.2,57,18,8.6,19.05,0.0,28.0
2019-09-27,27.3,53,2,9.2,19.38,0.0,29.0
2019-09-28,27.0,48,15,10.0,19.56,0.0,29.0
2019-09-29,28.4,51,0,11.5,19.23,0.0,30.0
2019-09-30,28.1,44,18,9.9,19.12,0.0,30.0
2019-10-01,26.4,47,18,18.7,18.56,0.0,27.0
2019-10-02,22.7,53,32,15.5,18.42,0.0,24.0
2019-10-03,25.2,57,73,10.5,18.09,0.0,25.0
2019-10-04,26.9,50,18,10.8,17.9,0.0,29.0
2019-10-05,26.6,57,0,9.9,17.94,0.0,28.0
2019-10-06,27.1,55,35,8.8,16.83,0.0,28.0
2019-10-07,28.1,48,54,13.4,16.93,0.0,29.0
2019-10-08,28.2,50,31,10.1,16.94,0.0,30.0
2019-10-09,27.5,54,3,16.9,16.94,0.0,29.0
2019-10-10,25.2,57,20,18.2,14.77,0.0,27.0
2019-10-11,26.6,68,34,8.8,15.74,0.0,27.0
2019-10-12,25.8,55,73,13.7,11.19,0.1,27.0
2019-10-13,24.1,61,2,15.1,16.16,0.0,24.0
2019-10-14,19.3,63,53,25.6,11.4,3.2,21.0
2019-10-15,17.4,57,28,14.8,15.12,0.0,17.0
2019-10-16,18.4,65,35,13.6,15.4,0.0,19.0
2019-10-17,17.6,78,64,14.0,8.04,0.4,17.0
2019-10-18,20.7,83,87,22.2,9.05,0.5,21.0
2019-10-19,17.4,72,73,23.4,8.68,8.9,18.0
2019-10-20,13.6,78,62,22.1,6.84,6.0,14.0
2019-10-21,14.6,73,21,7.4,13.87,0.0,15.0
2019-10-22,11.9,78,88,14.7,5.35,3.7,12.0
2019-10-23,10.5,88,99,12.1,4.05,7.6,11.0
2019-10-24,18.1,78,45,9.1,13.83,0.7,17.0
2019-10-25,19.5,80,8,10.2,14.23,0.0,21.0
2019-10-26,21.4,73,7,8.4,14.27,0.0,23.0
2019-10-27,21.1,73,53,9.2,12.65,0.0,22.0
2019-10-28,21.4,75,90,8.4,8.7,0.0,22.0
2019-10-29,18.7,83,65,7.9,9.51,0.0,18.0
2019-10-30,18.9,86,86,8.0,7.57,1.7,19.0
2019-10-31,21.6,79,79,15.1,9.83,0.0,22.0
2019-11-01,20.2,85,79,18.3,9.22,0.3,21.0
2019-11-02,18.7,82,89,25.0,8.8,0.3,20.0
2019-11-03,16.1,63,58,29.0,11.1,0.6,17.0
2019-11-04,17.2,78,85,30.1,7.91,1.8,18.0
2019-11-05,14.0,65,27,22.4,9.32,0.3,15.0
2019-11-06,13.9,63,46,15.8,7.88,0.0,15.0
2019-11-07,12.9,66,53,23.1,11.03,0.2,13.0
2019-11-08,12.3,55,34,20.2,10.23,0.0,13.0
2019-11-09,12.7,71,60,19.5,7.52,0.7,12.0
2019-11-10,10.7,76,66,21.0,7.88,0.7,11.0
2019-11-11,12.8,74,86,17.7,4.98,0.0,13.0
2019-11-12,13.2,69,58,16.6,9.16,0.9,13.0
2019-11-13,15.9,74,66,21.4,8.67,8.6,17.0
2019-11-14,9.9,67,77,24.3,7.38,3.7,10.0
2019-11-15,9.7,59,72,19.6,9.21,1.9,9.0
2019-11-16,10.6,65,26,14.4,11.12,0.0,11.0
2019-11-17,9.1,81,71,19.2,2.56,5.2,9.0
2019-11-18,10.7,75,24,18.2,9.48,0.3,11.0
2019-11-19,10.2,78,56,7.8,8.95,0.0,10.0
2019-11-20,9.1,85,98,9.4,3.99,5.6,9.0
2019-11-21,8.9,95,86,11.8,2.61,3.0,10.0
2019-11-22,11.1,95,89,25.4,2.03,11.7,12.0
2019-11-23,11.8,67,54,25.6,8.23,0.8,12.0
2019-11-24,12.1,69,49,20.1,8.36,0.0,13.0
2019-11-25,16.6,83,92,14.5,7.29,0.4,17.0
2019-11-26,14.2,90,96,22.5,2.6,0.7,14.0
2019-11-27,13.7,81,80,23.7,6.07,0.1,14.0
2019-11-28,12.7,85,83,18.3,4.85,0.6,13.0
2019-11-29,15.0,90,95,17.9,3.56,0.7,15.0
2019-11-30,14.8,87,96,22.4,4.34,5.6,15.0
2019-12-01,11.0,94,94,11.7,2.08,16.9,9.0
2019-12-02,11.4,69,68,26.2,6.23,1.7,11.0
2019-12-03,10.0,66,44,17.2,8.98,0.0,10.0
2019-12-04,12.3,73,87,22.0,3.87,0.8,12.0
2019-12-05,11.8,71,77,19.6,4.6,1.1,13.0
2019-12-06,13.0,78,35,10.5,8.3,0.0,14.0
2019-12-07,12.7,87,7,8.0,9.13,0.0,13.0
2019-12-08,7.2,97,88,5.5,2.75,2.7,6.0
2019-12-09,12.8,90,82,8.7,6.33,0.0,11.0
2019-12-10,9.5,88,62,8.9,8.45,0.0,6.0
2019-12-11,8.5,89,59,12.0,3.76,1.3,9.0
2019-12-12,7.6,82,97,26.6,2.1,2.2,10.0
2019-12-13,15.1,81,97,29.9,3.97,0.4,16.0
2019-12-14,12.7,80,60,16.6,6.7,0.0,12.0
2019-12-15,11.5,84,93,17.6,3.64,0.7,12.0
2019-12-16,14.8,65,92,24.8,7.27,0.0,15.0
2019-12-17,11.4,86,81,11.4,5.55,2.2,12.0
2019-12-18,9.6,84,79,9.4,4.94,0.0,9.0
2019-12-19,12.0,90,99,29.7,2.07,22.4,13.0
2019-12-20,13.5,85,92,40.4,4.76,30.2,14.0
2019-12-21,16.3,83,58,40.9,4.77,1.2,17.0
2019-12-22,13.2,80,52,34.1,4.87,0.0,14.0
2019-12-23,13.6,69,35,18.8,8.43,0.0,13.0
2019-12-24,13.1,87,82,7.2,7.96,0.0,14.0
2019-12-25,14.9,87,55,7.7,7.8,0.0,17.0
2019-12-26,15.6,85,69,9.5,8.4,0.0,17.0
2019-12-27,13.6,77,38,10.6,9.19,0.0,14.0
2019-12-28,14.6,57,0,11.4,9.4,0.0,15.0
2019-12-29,13.0,66,5,9.5,9.37,0.0,14.0
2019-12-30,11.3,71,2,8.7,9.1,0.0,13.0
2019-12-31,11.9,81,7,7.9,9.08,0.0,12.0
2020-01-01,11.2,84,20,6.3,9.33,0.0,12.0
2020-01-02,9.7,83,25,6.9,9.26,0.0,13.0
2020-01-03,7.0,91,80,7.6,6.55,0.0,4.0
2020-01-04,10.6,82,11,18.6,8.78,0.0,12.0
2020-01-05,11.3,79,0,10.2,9.42,0.0,11.0
2020-01-06,11.8,80,0,6.6,9.52,0.0,13.0
2020-01-07,13.0,73,22,9.7,9.59,0.0,13.0
2020-01-08,13.6,68,27,9.6,9.3,0.0,15.0
2020-01-09,11.7,82,28,9.2,9.0,0.0,13.0
2020-01-10,10.6,69,26,21.3,7.97,0.0,11.0
2020-01-11,10.5,72,1,10.8,10.02,0.0,11.0
2020-01-12,9.0,77,17,8.0,10.21,0.0,9.0
2020-01-13,6.9,80,81,10.3,8.15,0.0,8.0
2020-01-14,7.4,85,42,9.5,8.43,0.0,9.0
2020-01-15,8.4,86,99,8.6,4.4,0.0,9.0
2020-01-16,12.9,83,79,12.2,5.24,0.0,13.0
2020-01-17,11.0,81,75,18.2,6.76,0.0,13.0
2020-01-18,9.0,93,97,15.6,1.98,3.9,9.0
2020-01-19,9.6,65,60,32.8,7.23,0.1,11.0
2020-01-20,5.9,39,71,30.1,3.97,0.6,6.0
2020-01-21,7.7,67,90,32.5,4.46,5.7,8.0
2020-01-22,10.5,80,79,19.4,6.25,0.9,11.0
2020-01-23,11.4,81,42,11.3,8.92,0.0,11.0
2020-01-24,9.2,90,90,8.2,4.88,3.8,9.0
2020-01-25,9.6,93,98,9.6,3.63,11.4,10.0
2020-01-26,11.4,85,64,11.2,7.44,0.6,11.0
2020-01-27,8.3,92,93,16.8,2.77,0.8,9.0
2020-01-28,13.4,89,98,23.4,4.76,0.0,13.0
2020-01-29,13.8,88,95,17.1,7.25,0.0,14.0
2020-01-30,12.2,85,93,16.4,5.28,0.2,13.0
2020-01-31,15.1,88,93,14.3,6.26,0.7,15.0
2020-02-01,17.4,88,71,15.1,7.23,1.6,18.0
2020-02-02,14.3,93,83,9.1,6.63,0.1,13.0
2020-02-03,17.6,86,75,9.8,11.17,0.0,18.0
2020-02-04,17.6,79,2,20.4,12.1,0.0,19.0
2020-02-05,13.5,64,1,13.3,12.95,0.0,14.0
2020-02-06,11.5,84,59,7.2,9.25,0.0,10.0
2020-02-07,14.1,82,62,12.7,11.26,0.0,13.0
2020-02-08,11.1,92,86,7.4,4.74,0.7,12.0
2020-02-09,12.0,92,98,8.6,4.76,0.0,12.0
2020-02-10,16.0,90,72,8.4,9.06,0.0,15.0
2020-02-11,14.3,90,85,7.1,7.88,0.0,11.0
2020-02-12,13.5,87,97,8.2,7.6,0.0,11.0
2020-02-13,14.8,85,68,12.1,8.22,0.0,15.0
2020-02-14,14.2,88,50,7.7,11.91,0.0,15.0
2020-02-15,15.4,85,27,9.7,14.19,0.0,16.0
2020-02-16,16.4,81,7,14.3,14.21,0.0,18.0
2020-02-17,14.3,88,87,8.3,6.26,0.1,14.0
2020-02-18,13.9,72,29,16.4,12.02,0.0,14.0
2020-02-19,14.6,60,2,17.1,15.39,0.0,16.0
2020-02-20,16.1,71,1,8.4,15.5,0.0,17.0
2020-02-21,18.2,57,9,12.1,15.7,0.0,20.0
2020-02-22,20.0,64,0,10.0,16.1,0.0,22.0
2020-02-23,19.9,59,3,11.4,16.19,0.0,22.0
2020-02-24,20.5,57,2,10.7,16.16,0.0,21.0
2020-02-25,16.7,66,58,18.8,12.31,0.0,19.0
2020-02-26,14.6,60,19,19.4,15.92,0.0,16.0
2020-02-27,18.4,57,26,20.9,16.56,0.0,19.0
2020-02-28,17.9,61,59,10.5,16.02,0.0,19.0
2020-02-29,14.2,71,78,30.1,8.14,0.6,14.0
2020-03-01,14.3,75,77,26.5,9.42,1.3,15.0
2020-03-02,11.3,62,48,37.1,14.58,4.4,13.0
2020-03-03,13.2,75,81,28.1,7.42,0.1,16.0
2020-03-04,17.7,73,63,18.5,15.58,0.0,19.0
2020-03-05,15.5,70,67,29.7,10.27,0.4,16.0
2020-03-06,11.6,52,47,23.5,12.11,0.0,13.0
2020-03-07,15.2,57,54,20.6,16.57,0.0,16.0
2020-03-08,15.8,69,37,14.8,14.35,0.0,16.0
2020-03-09,17.0,64,50,11.4,17.67,0.0,18.0
2020-03-10,22.2,56,45,10.0,17.85,0.0,23.0
2020-03-11,24.8,65,39,9.3,18.12,0.0,25.0
2020-03-12,25.1,63,89,8.2,17.23,0.0,25.0
2020-03-13,22.4,62,55,16.3,18.65,0.0,23.0
2020-03-14,21.2,57,13,17.9,19.11,0.0,22.0
2020-03-15,19.3,64,46,17.9,14.86,2.5,20.0
2020-03-16,11.0,85,78,20.0,7.79,13.3,11.0
2020-03-17,16.8,77,78,19.3,10.65,3.6,17.0
2020-03-18,19.5,71,50,15.3,17.61,0.0,17.0
2020-03-19,18.1,71,37,11.7,18.05,0.0,17.0
2020-03-20,14.3,71,78,10.5,9.71,0.2,13.0
2020-03-21,10.5,86,80,14.0,5.5,3.5,10.0
2020-03-22,12.2,84,88,9.6,10.81,4.6,12.0
2020-03-23,14.5,84,82,10.9,11.8,4.9,15.0
2020-03-24,15.7,71,82,21.1,10.88,0.1,16.0
2020-03-25,16.6,65,45,9.2,18.05,0.7,17.0
2020-03-26,14.2,42,13,23.2,21.77,0.0,15.0
2020-03-27,11.5,57,66,16.8,13.33,2.2,11.0
2020-03-28,15.5,61,23,10.5,19.03,0.0,16.0
2020-03-29,18.8,58,49,10.5,19.75,0.1,19.0
2020-03-30,11.2,65,99,21.7,6.28,4.4,13.0
2020-03-31,10.4,88,99,20.0,5.25,26.6,10.0
2020-04-01,11.7,87,79,8.7,10.55,8.7,14.0
2020-04-02,14.2,81,41,14.0,16.56,4.9,15.0
2020-04-03,16.1,66,1,9.6,23.93,0.0,17.0
2020-04-04,18.2,61,36,17.2,22.63,0.0,18.0
2020-04-05,18.6,63,79,16.1,16.99,0.1,20.0
2020-04-06,17.7,81,94,14.9,12.01,3.8,18.0
2020-04-07,18.0,87,85,9.6,13.3,13.6,18.0
2020-04-08,19.7,77,62,5.4,16.61,3.4,22.0
2020-04-09,16.6,78,83,9.4,10.89,6.7,16.0
2020-04-10,14.3,89,99,8.2,6.13,16.1,15.0
2020-04-11,18.4,78,93,8.1,14.02,3.1,19.0
2020-04-12,19.7,63,56,9.4,21.17,0.4,19.0
2020-04-13,17.1,69,64,8.8,18.31,2.4,19.0
2020-04-14,16.8,83,53,13.5,15.32,12.5,18.0
2020-04-15,16.0,84,78,23.3,11.68,17.9,16.0
2020-04-16,19.6,81,77,23.2,14.71,5.7,19.0
2020-04-17,16.7,82,95,15.8,13.39,1.7,19.0
2020-04-18,18.7,79,84,9.0,16.97,4.6,21.0
2020-04-19,17.8,77,79,11.6,16.55,0.5,19.0
2020-04-20,17.1,73,55,16.8,19.66,0.4,19.0
2020-04-21,14.7,78,98,13.5,10.76,2.7,16.0
2020-04-22,18.3,63,65,16.0,16.75,0.0,20.0
2020-04-23,18.6,75,63,8.1,16.73,0.2,21.0
2020-04-24,20.6,73,88,11.3,18.85,0.5,23.0
2020-04-25,21.2,74,54,10.5,23.11,1.3,22.0
2020-04-26,19.7,76,70,19.3,17.03,1.5,21.0
2020-04-27,16.5,67,71,19.1,15.0,1.3,17.0
2020-04-28,16.7,68,50,15.7,18.68,0.4,17.0
2020-04-29,19.2,64,40,26.9,23.97,0.0,20.0
2020-04-30,18.1,64,74,19.5,16.18,0.2,20.0
2020-05-01,21.7,72,59,18.4,21.1,0.0,23.0
2020-05-02,25.0,69,91,15.6,25.75,0.0,26.0
2020-05-03,27.8,64,95,9.6,27.36,0.0,29.0
2020-05-04,30.1,56,70,28.0,17.51,0.4,32.0
2020-05-05,23.0,48,55,14.4,25.35,0.0,25.0
2020-05-06,24.0,49,63,9.7,25.68,0.0,27.0
2020-05-07,25.7,53,94,14.7,18.16,0.1,27.0
2020-05-08,26.3,56,30,11.5,26.03,0.2,28.0
2020-05-09,22.6,58,57,19.9,23.33,0.3,24.0
2020-05-10,18.4,60,56,22.1,23.54,0.7,20.0
2020-05-11,19.2,66,49,19.9,19.51,0.6,20.0
2020-05-12,16.2,87,85,11.5,7.57,16.6,16.0
2020-05-13,18.6,71,72,15.0,19.12,2.2,19.0
2020-05-14,15.5,76,99,18.4,11.6,5.5,16.0
2020-05-15,16.4,84,89,13.7,15.2,11.8,18.0
2020-05-16,19.4,69,77,15.5,23.13,3.2,20.0
2020-05-17,21.9,54,32,13.6,26.13,0.0,23.0
2020-05-18,25.9,51,1,16.7,29.03,0.0,28.0
2020-05-19,27.6,51,31,13.1,27.53,0.0,29.0
2020-05-20,29.3,47,5,14.0,29.51,0.0,31.0
2020-05-21,30.0,43,46,11.2,29.05,0.0,32.0
2020-05-22,30.6,51,36,12.6,28.67,0.0,33.0
2020-05-23,30.7,48,49,23.9,27.82,0.0,34.0
2020-05-24,28.6,50,58,23.2,25.26,0.0,31.0
2020-05-25,29.4,65,51,23.8,24.02,4.7,29.0
2020-05-26,25.5,74,59,15.5,21.81,3.3,26.0
2020-05-27,28.1,57,19,11.2,28.09,0.0,30.0
2020-05-28,27.4,47,1,8.5,29.62,0.0,29.0
2020-05-29,28.6,49,5,9.4,28.74,0.0,31.0
2020-05-30,30.0,46,35,14.0,28.08,0.0,33.0
2020-05-31,28.8,48,75,17.0,24.17,0.3,30.0
2020-06-01,27.8,61,71,9.0,26.77,0.4,28.0
2020-06-02,28.5,53,69,15.5,24.76,0.0,31.0
2020-06-03,27.3,54,32,22.0,26.45,0.4,29.0
2020-06-04,22.7,64,60,20.7,18.51,10.8,25.0
2020-06-05,26.1,51,0,12.0,30.01,0.0,28.0
2020-06-06,26.0,48,12,23.2,28.67,0.0,28.0
2020-06-07,23.3,56,52,17.6,21.47,2.0,25.0
2020-06-08,20.9,47,51,20.0,23.31,0.0,23.0
2020-06-09,21.6,49,19,13.0,24.75,0.0,23.0
2020-06-10,24.5,48,68,11.3,25.43,0.0,26.0
2020-06-11,23.2,50,34,25.3,22.38,0.0,24.0
2020-06-12,19.1,50,42,25.1,24.11,0.3,22.0
2020-06-13,22.8,54,35,18.1,23.59,0.0,25.0
2020-06-14,25.3,50,58,15.7,24.29,0.0,26.0
2020-06-15,26.0,48,32,16.1,26.23,0.0,28.0
2020-06-16,24.6,49,51,19.5,24.37,0.0,26.0
2020-06-17,24.6,46,55,12.1,21.69,0.0,26.0
2020-06-18,27.0,45,21,13.1,25.95,0.0,30.0
2020-06-19,28.9,45,6,14.4,29.01,0.0,31.0
2020-06-20,31.1,37,1,13.6,30.38,0.0,33.0
2020-06-21,32.6,32,4,15.5,30.32,0.0,35.0
2020-06-22,33.3,38,0,19.9,30.13,0.0,36.0
2020-06-23,34.8,36,11,12.5,29.38,0.0,37.0
2020-06-24,32.5,40,89,17.9,21.76,0.0,34.0
2020-06-25,33.2,42,37,18.5,24.58,0.0,36.0
2020-06-26,30.1,40,49,19.5,28.68,0.0,32.0
2020-06-27,31.1,40,29,11.6,29.32,0.0,33.0
2020-06-28,32.9,42,3,9.4,29.65,0.0,34.0
2020-06-29,35.2,39,0,11.5,30.23,0.0,38.0
2020-06-30,36.1,36,9,16.0,28.94,0.0,38.0
2020-07-01,34.4,29,17,21.4,27.35,0.0,36.0
2020-07-02,32.4,33,14,18.4,28.05,0.0,34.0
2020-07-03,30.1,40,2,20.8,30.5,0.0,32.0
2020-07-04,32.7,29,0,17.3,30.74,0.0,35.0
2020-07-05,35.1,29,0,18.5,30.14,0.0,37.0
2020-07-06,35.9,35,16,21.5,27.75,0.0,38.0
2020-07-07,37.3,30,8,19.9,28.74,0.0,39.0
2020-07-08,37.0,29,66,25.4,20.43,0.0,37.0
2020-07-09,32.6,40,42,18.7,24.64,0.0,34.0
2020-07-10,32.3,42,21,10.4,27.71,0.0,33.0
2020-07-11,35.1,39,11,16.3,27.9,0.0,37.0
2020-07-12,31.9,43,59,17.7,23.2,0.1,34.0
2020-07-13,32.9,46,15,22.9,27.01,0.0,35.0
2020-07-14,32.1,29,48,22.7,28.0,0.0,34.0
2020-07-15,31.3,31,29,16.0,28.64,0.0,34.0
2020-07-16,33.7,35,37,19.1,29.28,0.0,36.0
2020-07-17,34.3,27,11,21.8,29.76,0.0,36.0
2020-07-18,34.5,37,0,16.5,29.81,0.0,36.0
2020-07-19,36.0,29,5,13.0,26.97,0.0,38.0
2020-07-20,36.4,24,1,12.0,29.73,0.0,37.0
2020-07-21,34.5,38,42,14.1,22.9,0.0,36.0
2020-07-22,32.2,35,40,14.8,24.74,0.0,34.0
2020-07-23,35.5,38,19,16.3,25.39,0.0,38.0
2020-07-24,35.9,33,21,15.0,26.02,0.0,38.0
2020-07-25,36.6,31,0,19.5,28.61,0.0,38.0
2020-07-26,38.0,25,0,12.2,28.89,0.0,40.0
2020-07-27,38.9,28,13,19.2,25.54,0.0,42.0
2020-07-28,35.3,31,20,14.6,23.7,0.0,37.0
2020-07-29,36.7,35,20,14.0,25.99,0.0,39.0
2020-07-30,37.5,33,19,24.5,23.36,0.0,41.0
2020-07-31,37.9,28,0,14.7,28.39,0.0,39.0
2020-08-01,37.7,23,2,17.2,28.42,0.0,39.0
2020-08-02,36.0,38,34,22.6,27.46,0.0,36.0
2020-08-03,31.7,35,65,19.5,27.68,0.0,33.0
2020-08-04,32.2,37,20,14.7,27.59,0.0,33.0
2020-08-05,35.6,34,15,15.8,27.3,0.0,36.0
2020-08-06,37.1,33,16,13.4,24.36,0.0,38.0
2020-08-07,37.8,32,15,14.7,24.98,0.0,39.0
2020-08-08,35.6,29,53,14.3,17.81,0.0,37.0
2020-08-09,37.5,29,41,21.1,25.19,0.0,39.0
2020-08-10,31.7,34,61,22.8,19.44,0.0,33.0
2020-08-11,26.0,62,77,14.3,10.98,27.3,27.0
2020-08-12,26.7,67,46,17.0,22.71,6.7,28.0
2020-08-13,29.3,52,20,11.4,25.14,0.0,31.0
2020-08-14,31.5,46,20,13.8,24.67,0.0,33.0
2020-08-15,28.8,35,1,19.4,26.91,0.0,30.0
2020-08-16,27.7,42,9,13.4,26.27,0.0,29.0
2020-08-17,28.9,45,38,15.5,25.56,0.0,29.0
2020-08-18,30.8,48,50,15.8,21.75,0.0,32.0
2020-08-19,32.4,42,9,18.2,26.1,0.0,34.0
2020-08-20,33.5,28,5,17.7,25.89,0.0,35.0
2020-08-21,31.8,49,3,20.2,24.79,0.0,33.0
2020-08-22,32.9,43,12,8.8,25.64,0.0,34.0
2020-08-23,32.5,36,1,17.3,25.44,0.0,34.0
2020-08-24,33.1,37,20,18.8,23.93,0.0,35.0
2020-08-25,35.6,35,8,10.7,24.77,0.0,36.0
2020-08-26,36.4,30,0,12.2,24.82,0.0,37.0
2020-08-27,36.3,32,0,11.8,24.52,0.0,38.0
2020-08-28,32.6,34,27,20.0,23.81,0.0,33.0
2020-08-29,23.6,41,22,19.6,22.98,0.0,24.0
2020-08-30,22.8,40,13,16.6,21.88,0.0,23.0
2020-08-31,25.0,41,31,14.6,22.04,0.0,25.0
2020-09-01,27.0,32,72,11.3,16.34,0.0,28.0
2020-09-02,28.5,37,1,17.7,23.77,0.0,30.0
2020-09-03,31.0,34,6,13.9,23.57,0.0,32.0
2020-09-04,31.7,41,0,10.5,23.15,0.0,33.0
2020-09-05,32.5,35,0,8.4,22.97,0.0,34.0
2020-09-06,32.6,40,16,21.6,21.74,0.0,34.0
2020-09-07,26.6,38,10,21.0,23.16,0.0,28.0
2020-09-08,26.3,40,8,19.7,22.98,0.0,27.0
2020-09-09,28.8,42,6,9.5,21.76,0.0,29.0
2020-09-10,29.9,41,15,15.9,21.3,0.0,31.0
2020-09-11,31.7,36,19,16.6,21.58,0.0,32.0
2020-09-12,32.1,38,21,14.1,21.65,0.0,33.0
2020-09-13,32.3,39,34,13.7,19.07,0.0,33.0
2020-09-14,30.1,42,56,21.8,15.03,0.1,31.0
2020-09-15,28.0,57,48,11.2,17.41,1.5,29.0
2020-09-16,30.0,54,63,10.1,19.59,0.0,31.0
2020-09-17,25.5,69,87,17.5,13.79,10.6,27.0
2020-09-18,21.5,84,95,18.6,10.55,16.4,21.0
2020-09-19,20.0,80,85,25.1,12.29,8.0,20.0
2020-09-20,21.6,77,62,16.3,12.65,0.6,23.0
2020-09-21,23.4,74,46,10.1,19.17,0.0,25.0
2020-09-22,23.7,64,33,11.6,19.38,0.0,25.0
2020-09-23,23.2,73,62,18.1,13.18,2.5,25.0
2020-09-24,21.4,75,58,21.4,10.53,2.1,23.0
2020-09-25,18.8,50,30,21.6,18.82,0.0,20.0
2020-09-26,20.3,54,53,18.9,18.36,0.0,22.0
2020-09-27,21.4,50,26,21.6,19.25,0.0,22.0
2020-09-28,22.5,53,25,10.2,19.46,0.0,24.0
2020-09-29,24.9,45,31,10.4,18.74,0.0,26.0
2020-09-30,26.0,49,47,11.5,18.51,0.0,27.0
2020-10-01,23.4,59,63,17.4,17.05,0.0,23.0
2020-10-02,15.6,63,65,31.6,8.29,5.7,18.0
2020-10-03,17.3,51,28,20.3,16.16,0.0,17.0
2020-10-04,18.2,57,47,23.1,11.55,0.0,18.0
2020-10-05,18.4,53,32,16.9,16.35,0.0,19.0
2020-10-06,24.9,61,23,10.9,16.83,0.0,26.0
2020-10-07,25.1,68,19,8.6,17.29,0.0,26.0
2020-10-08,25.4,67,67,11.4,15.88,0.0,25.0
2020-10-09,26.3,66,50,9.9,16.86,0.0,27.0
2020-10-10,23.5,60,20,21.3,16.31,0.0,24.0
2020-10-11,18.7,51,10,20.9,17.2,0.0,19.0
2020-10-12,18.9,53,8,17.0,16.75,0.0,19.0
2020-10-13,22.5,56,15,18.5,15.27,0.0,23.0
2020-10-14,18.1,50,21,16.2,14.89,0.0,17.0
2020-10-15,16.4,59,24,17.5,12.74,0.0,16.0
2020-10-16,15.6,59,22,10.6,16.07,0.0,16.0
2020-10-17,18.3,59,59,9.1,14.83,0.0,19.0
2020-10-18,20.4,56,68,8.6,14.54,0.0,21.0
2020-10-19,23.7,54,60,16.9,14.93,0.0,23.0
2020-10-20,19.1,69,100,29.6,3.81,22.3,20.0
2020-10-21,17.0,84,78,33.9,6.38,9.4,19.0
2020-10-22,15.9,90,89,12.7,5.04,13.8,17.0
2020-10-23,15.3,83,43,16.5,10.73,2.3,15.0
2020-10-24,16.3,83,56,14.1,9.06,0.0,16.0
2020-10-25,14.7,85,79,27.5,3.45,6.4,16.0
2020-10-26,13.2,61,37,14.9,11.66,0.0,13.0
2020-10-27,15.0,69,54,15.3,11.6,0.4,16.0
2020-10-28,14.3,91,80,7.2,4.15,0.2,13.0
2020-10-29,16.3,86,64,7.6,9.2,0.0,16.0
2020-10-30,18.9,81,0,7.6,13.5,0.0,19.0
2020-10-31,21.2,80,17,9.9,13.11,0.0,22.0
2020-11-01,20.1,82,78,8.0,12.28,0.0,21.0
2020-11-02,19.4,83,36,7.3,8.89,0.0,21.0
2020-11-03,14.6,88,97,21.0,2.17,9.9,15.0
2020-11-04,11.7,73,98,19.3,3.56,3.9,12.0
2020-11-05,14.0,88,96,18.7,2.74,20.0,13.0
2020-11-06,20.6,79,83,21.0,10.03,1.1,20.0
2020-11-07,14.6,88,71,14.6,5.76,18.5,16.0
2020-11-08,15.2,85,67,9.1,7.37,0.0,16.0
2020-11-09,14.9,86,65,6.2,6.85,3.4,15.0
2020-11-10,16.4,85,15,8.2,11.56,0.0,17.0
2020-11-11,15.1,83,68,8.4,11.48,0.0,15.0
2020-11-12,14.5,87,96,7.7,6.72,0.0,15.0
2020-11-13,15.0,84,94,6.8,9.18,0.0,16.0
2020-11-14,12.5,93,99,6.5,2.48,2.7,13.0
2020-11-15,16.3,94,98,15.7,3.23,0.1,17.0
2020-11-16,18.0,87,86,8.2,7.06,0.2,18.0
2020-11-17,16.7,88,4,10.0,10.74,0.0,15.0
2020-11-18,16.5,91,46,5.9,8.04,0.0,13.0
2020-11-19,20.5,76,4,17.5,10.36,0.0,21.0
2020-11-20,16.3,68,15,16.1,10.61,0.0,17.0
2020-11-21,14.6,54,16,9.6,10.68,0.0,15.0
2020-11-22,13.7,76,3,8.0,10.52,0.0,14.0
2020-11-23,14.7,77,38,9.8,10.21,0.0,16.0
2020-11-24,11.8,80,69,9.5,8.5,0.0,13.0
2020-11-25,12.8,81,76,14.0,4.36,2.9,12.0
2020-11-26,11.5,88,98,15.0,3.15,10.8,12.0
2020-11-27,11.3,88,99,16.6,2.49,6.7,12.0
2020-11-28,12.1,86,70,11.4,6.26,0.0,10.0
2020-11-29,12.4,88,70,8.6,7.91,0.0,12.0
2020-11-30,14.4,82,60,10.0,7.54,0.0,15.0
2020-12-01,15.1,71,24,15.8,9.77,0.0,16.0
2020-12-02,10.0,56,61,26.5,8.64,0.0,11.0
2020-12-03,9.2,72,47,16.1,9.15,0.0,9.0
2020-12-04,7.8,70,53,23.5,8.69,2.5,8.0
2020-12-05,7.5,64,67,20.6,8.04,0.0,7.0
2020-12-06,8.7,66,41,20.8,9.12,0.0,8.0
2020-12-07,10.5,88,91,24.6,3.52,3.8,12.0
2020-12-08,8.9,67,48,23.0,7.34,1.6,10.0
2020-12-09,9.5,69,36,16.2,8.91,0.0,10.0
2020-12-10,13.6,86,94,24.0,3.16,2.2,15.0
2020-12-11,16.2,87,80,24.5,4.11,5.2,17.0
2020-12-12,13.9,65,34,19.3,8.02,0.0,14.0
2020-12-13,12.0,86,65,6.9,7.57,0.0,12.0
2020-12-14,11.3,92,96,11.3,2.61,3.5,14.0
2020-12-15,11.0,85,66,17.0,6.58,1.8,11.0
2020-12-16,11.3,87,87,9.0,3.49,2.1,11.0
2020-12-17,13.3,88,45,9.0,7.06,0.0,15.0
2020-12-18,9.7,94,74,7.4,4.5,0.0,10.0
2020-12-19,8.4,97,98,11.5,1.42,11.5,8.0
2020-12-20,11.1,90,77,8.4,6.89,0.5,11.0
2020-12-21,10.7,93,86,6.3,4.14,0.6,9.0
2020-12-22,10.3,94,97,4.8,4.09,0.0,10.0
2020-12-23,10.9,93,97,13.8,3.77,0.0,9.0
2020-12-24,10.4,81,94,18.8,1.93,2.1,11.0
2020-12-25,8.6,58,5,20.5,9.19,0.0,9.0
2020-12-26,8.6,65,31,18.6,8.42,0.0,10.0
2020-12-27,6.1,80,61,24.7,7.34,0.0,7.0
2020-12-28,8.5,67,43,26.5,8.88,2.9,10.0
2020-12-29,7.3,73,39,18.0,7.01,0.3,8.0
2020-12-30,8.5,68,36,15.5,7.85,0.0,9.0
2020-12-31,7.5,84,33,17.6,7.88,2.2,
