datum,p1_ifs,p1_aifs,p1_gfs,p1_icon,p1_gem,p2_ifs,p2_aifs,p2_gfs,p2_icon,p2_gem,mm_gem,mm_spreiding,run2run,rh_gem,bewolking_gem,wind_max,instraling_som,neerslag_som,doy_sin,doy_cos,era5_max,station_max,doel,doelbron
2021-01-01,,,,,,,,,,,,,,81,51,27.4,31.7,0.0,0.0172,0.9999,18.5,20.0,20.0,station
2021-01-02,,,,,,,,,,,,,,88,75,29.2,22.24,1.6,0.0344,0.9994,19.8,22.0,22.0,station
2021-01-03,,,,,,,,,,,,,,79,36,31.0,26.87,0.0,0.0516,0.9987,18.0,19.0,19.0,station
2021-01-04,,,,,,,,,,,,,,80,22,28.9,31.6,0.0,0.0688,0.9976,19.5,21.0,21.0,station
2021-01-05,,,,,,,,,,,,,,84,40,30.1,31.31,0.0,0.0859,0.9963,20.0,21.0,21.0,station
2021-01-06,,,,,,,,,,,,,,87,73,29.7,25.77,0.1,0.103,0.9947,20.1,23.0,23.0,station
2021-01-07,,,,,,,,,,,,,,85,89,39.3,21.16,1.5,0.1201,0.9928,20.4,23.0,23.0,station
2021-01-08,,,,,,,,,,,,,,88,59,32.8,13.95,3.7,0.1372,0.9905,17.5,18.0,18.0,station
2021-01-09,,,,,,,,,,,,,,76,44,24.5,23.35,0.0,0.1542,0.988,18.4,18.0,18.0,station
2021-01-10,,,,,,,,,,,,,,77,58,30.3,28.48,0.2,0.1712,0.9852,20.0,22.0,22.0,station
2021-01-11,,,,,,,,,,,,,,76,38,27.9,28.13,0.1,0.1881,0.9821,17.9,19.0,19.0,station
2021-01-12,,,,,,,,,,,,,,78,22,17.1,28.86,0.1,0.205,0.9788,20.6,22.0,22.0,station
2021-01-13,,,,,,,,,,,,,,77,1,22.3,31.48,0.0,0.2218,0.9751,22.1,24.0,24.0,station
2021-01-14,,,,,,,,,,,,,,75,2,20.6,31.77,0.0,0.2385,0.9711,21.6,25.0,25.0,station
2021-01-15,,,,,,,,,,,,,,82,4,11.5,31.05,0.0,0.2552,0.9669,20.8,20.0,20.0,station
2021-01-16,,,,,,,,,,,,,,80,14,31.4,29.29,0.0,0.2718,0.9624,21.2,24.0,24.0,station
2021-01-17,,,,,,,,,,,,,,79,57,48.5,21.09,4.5,0.2883,0.9575,20.7,22.0,22.0,station
2021-01-18,,,,,,,,,,,,,,59,31,44.5,27.52,0.2,0.3047,0.9524,18.9,21.0,21.0,station
2021-01-19,,,,,,,,,,,,,,75,50,60.2,25.68,2.3,0.3211,0.9471,19.7,21.0,21.0,station
2021-01-20,,,,,,,,,,,,,,58,20,44.9,30.14,0.0,0.3373,0.9414,16.0,17.0,17.0,station
2021-01-21,,,,,,,,,,,,,,64,60,42.5,19.4,0.1,0.3534,0.9355,18.3,20.0,20.0,station
2021-01-22,,,,,,,,,,,,,,72,29,25.6,27.82,0.0,0.3695,0.9292,19.7,21.0,21.0,station
2021-01-23,,,,,,,,,,,,,,76,74,46.1,24.25,1.7,0.3854,0.9227,19.0,19.0,19.0,station
2021-01-24,,,,,,,,,,,,,,70,57,38.2,29.34,0.0,0.4012,0.916,20.5,22.0,22.0,station
2021-01-25,,,,,,,,,,,,,,73,7,37.5,30.47,0.0,0.4169,0.9089,21.8,24.0,24.0,station
2021-01-26,,,,,,,,,,,,,,80,26,36.3,30.1,0.0,0.4325,0.9016,21.7,25.0,25.0,station
2021-01-27,,,,,,,,,,,,,,83,44,39.7,28.78,0.0,0.4479,0.8941,21.3,24.0,24.0,station
2021-01-28,,,,,,,,,,,,,,79,58,45.5,18.76,2.7,0.4633,0.8862,22.2,22.0,22.0,station
2021-01-29,,,,,,,,,,,,,,65,55,37.9,24.48,2.3,0.4784,0.8781,15.4,17.0,17.0,station
2021-01-30,,,,,,,,,,,,,,65,47,34.4,22.8,0.9,0.4935,0.8698,15.6,17.0,17.0,station
2021-01-31,,,,,,,,,,,,,,71,11,14.9,30.31,0.0,0.5084,0.8611,19.0,20.0,20.0,station
2021-02-01,,,,,,,,,,,,,,72,39,19.8,29.88,0.0,0.5231,0.8523,19.7,21.0,21.0,station
2021-02-02,,,,,,,,,,,,,,70,18,19.7,29.77,0.0,0.5377,0.8432,21.4,20.0,20.0,station
2021-02-03,,,,,,,,,,,,,,69,1,16.0,29.43,0.0,0.5521,0.8338,21.1,22.0,22.0,station
2021-02-04,,,,,,,,,,,,,,72,33,42.8,26.12,0.0,0.5664,0.8242,15.9,18.0,18.0,station
2021-02-05,,,,,,,,,,,,,,73,78,35.7,12.95,0.3,0.5805,0.8143,15.1,15.0,15.0,station
2021-02-06,,,,,,,,,,,,,,78,81,23.0,18.94,0.1,0.5944,0.8042,17.3,18.0,18.0,station
2021-02-07,,,,,,,,,,,,,,75,67,20.1,26.89,0.0,0.6081,0.7938,21.3,24.0,24.0,station
2021-02-08,,,,,,,,,,,,,,83,48,36.6,25.62,0.0,0.6217,0.7833,20.1,22.0,22.0,station
2021-02-09,,,,,,,,,,,,,,80,75,40.0,18.51,0.1,0.6351,0.7725,21.1,24.0,24.0,station
2021-02-10,,,,,,,,,,,,,,80,92,45.2,17.13,4.4,0.6483,0.7614,18.6,21.0,21.0,station
2021-02-11,,,,,,,,,,,,,,66,10,35.9,28.68,0.0,0.6613,0.7502,19.2,21.0,21.0,station
2021-02-12,,,,,,,,,,,,,,81,46,41.0,19.66,3.2,0.6741,0.7387,16.3,18.0,18.0,station
2021-02-13,,,,,,,,,,,,,,81,43,20.8,26.09,0.0,0.6867,0.727,20.1,23.0,23.0,station
2021-02-14,,,,,,,,,,,,,,74,82,32.0,23.32,0.0,0.6991,0.715,18.9,21.0,21.0,station
2021-02-15,,,,,,,,,,,,,,87,98,30.2,9.2,10.4,0.7113,0.7029,18.6,19.0,19.0,station
2021-02-16,,,,,,,,,,,,,,77,98,52.8,16.6,16.5,0.7233,0.6906,15.3,15.0,15.0,station
2021-02-17,,,,,,,,,,,,,,55,55,40.9,22.01,0.0,0.735,0.678,15.4,17.0,17.0,station
2021-02-18,,,,,,,,,,,,,,69,2,14.7,27.21,0.0,0.7466,0.6653,16.8,17.0,17.0,station
2021-02-19,,,,,,,,,,,,,,74,1,29.0,26.88,0.0,0.7579,0.6523,19.0,22.0,22.0,station
2021-02-20,,,,,,,,,,,,,,87,25,32.9,24.67,0.0,0.769,0.6392,18.7,22.0,22.0,station
2021-02-21,,,,,,,,,,,,,,86,69,37.6,23.21,0.0,0.7799,0.6259,18.4,21.0,21.0,station
2021-02-22,,,,,,,,,,,,,,82,28,29.7,25.46,0.0,0.7906,0.6124,20.7,24.0,24.0,station
2021-02-23,,,,,,,,,,,,,,78,37,30.1,23.97,0.0,0.801,0.5987,21.3,24.0,24.0,station
2021-02-24,,,,,,,,,,,,,,72,23,39.3,24.13,0.0,0.8112,0.5848,21.6,24.0,24.0,station
2021-02-25,,,,,,,,,,,,,,87,99,29.6,7.66,2.0,0.8211,0.5708,19.7,21.0,21.0,station
2021-02-26,,,,,,,,,,,,,,88,72,14.8,18.16,0.0,0.8308,0.5566,21.4,20.0,20.0,station
2021-02-27,,,,,,,,,,,,,,80,11,20.6,24.08,0.0,0.8402,0.5422,21.9,24.0,24.0,station
2021-02-28,,,,,,,,,,,,,,81,81,15.8,17.13,0.0,0.8495,0.5277,22.2,25.0,25.0,station
2021-03-01,,,,,,,,,,,,,,75,94,19.4,15.3,0.3,0.8584,0.513,22.4,24.0,24.0,station
2021-03-02,,,,,,,,,,,,,,79,50,32.1,20.61,1.3,0.8671,0.4981,21.2,23.0,23.0,station
2021-03-03,,,,,,,,,,,,,,84,74,39.4,20.23,0.4,0.8755,0.4831,20.6,22.0,22.0,station
2021-03-04,,,,,,,,,,,,,,71,48,27.4,21.02,0.0,0.8837,0.468,20.0,22.0,22.0,station
2021-03-05,,,,,,,,,,,,,,63,3,41.2,23.81,0.0,0.8916,0.4527,18.9,20.0,20.0,station
2021-03-06,,,,,,,,,,,,,,72,53,44.4,17.18,1.1,0.8993,0.4373,19.1,21.0,21.0,station
2021-03-07,,,,,,,,,,,,,,67,22,32.2,21.42,0.5,0.9067,0.4218,18.9,20.0,20.0,station
2021-03-08,,,,,,,,,,,,,,69,64,26.8,18.15,1.3,0.9138,0.4061,16.0,17.0,17.0,station
2021-03-09,,,,,,,,,,,,,,68,53,35.5,21.19,0.0,0.9207,0.3904,19.3,21.0,21.0,station
2021-03-10,,,,,,,,,,,,,,78,88,46.7,14.03,3.4,0.9272,0.3745,19.0,19.0,19.0,station
2021-03-11,,,,,,,,,,,,,,77,71,37.8,13.29,4.3,0.9335,0.3585,16.7,18.0,18.0,station
2021-03-12,,,,,,,,,,,,,,63,36,27.2,16.73,0.0,0.9396,0.3424,16.4,17.0,17.0,station
2021-03-13,,,,,,,,,,,,,,62,31,18.7,19.04,0.0,0.9453,0.3261,18.2,19.0,19.0,station
2021-03-14,,,,,,,,,,,,,,76,10,31.4,21.22,0.0,0.9508,0.3098,19.2,21.0,21.0,station
2021-03-15,,,,,,,,,,,,,,79,51,36.1,19.64,0.0,0.956,0.2934,19.3,20.0,20.0,station
2021-03-16,,,,,,,,,,,,,,79,68,44.9,12.14,1.3,0.9609,0.2769,20.1,21.0,21.0,station
2021-03-17,,,,,,,,,,,,,,66,11,30.6,21.2,0.0,0.9655,0.2604,18.3,20.0,20.0,station
2021-03-18,,,,,,,,,,,,,,57,33,31.9,17.41,0.0,0.9698,0.2437,15.5,17.0,17.0,station
2021-03-19,,,,,,,,,,,,,,70,1,18.5,21.12,0.0,0.9739,0.227,16.6,17.0,17.0,station
2021-03-20,,,,,,,,,,,,,,75,39,21.0,15.69,0.4,0.9777,0.2102,16.0,18.0,18.0,station
2021-03-21,,,,,,,,,,,,,,73,38,23.2,16.5,0.0,0.9811,0.1934,17.0,18.0,18.0,station
2021-03-22,,,,,,,,,,,,,,78,87,20.6,11.38,0.5,0.9843,0.1765,16.0,17.0,17.0,station
2021-03-23,,,,,,,,,,,,,,80,77,9.6,15.97,0.0,0.9872,0.1595,16.6,17.0,17.0,station
2021-03-24,,,17.9,,,,,,,,,,,83,33,27.9,15.08,0.1,0.9898,0.1425,16.9,17.0,17.0,station
2021-03-25,,,18.1,,,,,18.5,,,,,,78,51,18.1,12.61,0.0,0.9921,0.1255,17.7,19.0,19.0,station
2021-03-26,,,19.4,,,,,19.5,,,,,,80,2,27.8,19.07,0.0,0.9941,0.1084,20.4,22.0,22.0,station
2021-03-27,,,19.5,,,,,19.5,,,,,,78,66,29.7,17.31,0.2,0.9958,0.0913,20.2,22.0,22.0,station
2021-03-28,,,17.5,,,,,18.4,,,,,,81,97,35.2,8.71,2.8,0.9972,0.0741,19.8,21.0,21.0,station
2021-03-29,,,19.1,,,,,19.7,,,,,,93,77,35.3,10.93,5.6,0.9984,0.057,19.2,19.0,19.0,station
2021-03-30,,,19.5,,,,,19.3,,,,,,96,97,24.5,5.56,18.5,0.9992,0.0398,17.7,17.0,17.0,station
2021-03-31,,,17.5,,,,,21.1,,,,,,94,100,43.0,5.21,46.6,0.9997,0.0226,19.1,19.0,19.0,station
2021-04-01,,,14.6,,,,,14.8,,,,,,75,68,46.8,11.97,9.9,1.0,0.0054,14.5,16.0,16.0,station
2021-04-02,,,15.6,,,,,17.2,,,,,,74,76,46.2,8.78,3.4,0.9999,-0.0118,17.6,17.0,17.0,station
2021-04-03,,,15.8,,,,,15.7,,,,,,66,46,31.9,16.16,0.0,0.9996,-0.029,15.7,17.0,17.0,station
2021-04-04,,,17.5,,,,,17.4,,,,,,76,9,46.6,16.79,0.0,0.9989,-0.0462,17.1,18.0,18.0,station
2021-04-05,,,18.9,,,,,18.7,,,,,,85,99,47.6,10.88,0.0,0.998,-0.0634,19.3,20.0,20.0,station
2021-04-06,,,20.0,,,,,18.8,,,,,,88,42,8.9,13.79,0.0,0.9968,-0.0805,18.6,17.0,17.0,station
2021-04-07,,,18.9,,,,,18.8,,,,,,88,10,19.9,16.12,0.0,0.9952,-0.0977,17.0,17.0,17.0,station
2021-04-08,,,18.5,,,,,18.2,,,,,,85,3,22.8,16.02,0.0,0.9934,-0.1148,19.0,21.0,21.0,station
2021-04-09,,,18.0,,,,,18.3,,,,,,87,94,27.5,7.38,0.4,0.9913,-0.1319,18.5,20.0,20.0,station
2021-04-10,,,17.5,,,,,18.3,,,,,,85,97,44.7,5.98,17.1,0.9889,-0.1489,19.0,21.0,21.0,station
2021-04-11,,,19.0,,,,,18.9,,,,,,89,29,39.3,13.98,1.4,0.9861,-0.1659,18.9,21.0,21.0,station
2021-04-12,,,19.2,,,,,19.3,,,,,,89,25,26.4,13.81,0.0,0.9831,-0.1828,19.2,22.0,22.0,station
2021-04-13,,,18.1,,,,,18.5,,,,,,86,43,39.7,10.66,3.8,0.9799,-0.1997,17.9,20.0,20.0,station
2021-04-14,,,16.1,,,,,15.9,,,,,,78,40,25.0,12.75,0.8,0.9763,-0.2165,16.0,17.0,17.0,station
2021-04-15,,,18.0,,,,,17.8,,,,,,78,49,30.1,9.18,1.4,0.9724,-0.2333,17.7,19.0,19.0,station
2021-04-16,,,17.6,,,,,17.4,,,,,,78,13,39.7,14.77,0.0,0.9683,-0.25,18.3,20.0,20.0,station
2021-04-17,,,15.1,,,,,14.5,,,,,,74,47,37.8,12.9,5.5,0.9638,-0.2666,15.3,17.0,17.0,station
2021-04-18,,,15.4,,,,,15.8,,,,,,68,14,28.3,14.66,0.0,0.9591,-0.2831,16.8,18.0,18.0,station
2021-04-19,,,17.0,,,,,17.1,,,,,,73,48,32.0,13.98,0.0,0.9541,-0.2996,17.6,20.0,20.0,station
2021-04-20,,,16.9,,,,,16.4,,,,,,80,98,32.1,5.59,3.8,0.9488,-0.316,16.8,16.0,16.0,station
2021-04-21,,,16.4,,,,,16.6,,,,,,83,61,31.6,10.16,3.5,0.9432,-0.3322,16.2,17.0,17.0,station
2021-04-22,,,17.1,,,,,17.3,,,,,,79,18,25.1,11.43,0.0,0.9373,-0.3484,16.8,19.0,19.0,station
2021-04-23,,,17.0,,,,,16.8,,,,,,80,97,34.6,8.41,1.4,0.9312,-0.3645,17.2,18.0,18.0,station
2021-04-24,,,18.5,,,,,17.4,,,,,,80,25,25.1,13.22,0.0,0.9248,-0.3804,17.9,20.0,20.0,station
2021-04-25,,,16.0,,,,,16.9,,,,,,76,43,33.0,12.57,1.7,0.9181,-0.3963,16.0,18.0,18.0,station
2021-04-26,,,15.7,,,,,14.7,,,,,,67,33,34.9,11.73,0.2,0.9112,-0.412,14.8,17.0,17.0,station
2021-04-27,,,14.7,,,,,14.7,,,,,,69,79,35.0,5.93,1.0,0.9039,-0.4276,14.3,15.0,15.0,station
2021-04-28,,,14.0,,,,,13.2,,,,,,61,50,15.0,9.4,0.0,0.8965,-0.4431,13.3,15.0,15.0,station
2021-04-29,,,15.2,,,,,15.7,,,,,,75,7,25.0,11.05,0.0,0.8887,-0.4585,15.4,17.0,17.0,station
2021-04-30,,,16.7,,,,,16.6,,,,,,82,41,39.8,10.7,0.0,0.8807,-0.4737,16.5,18.0,18.0,station
2021-05-01,,,13.6,,,,,13.7,,,,,,71,43,31.6,9.51,0.0,0.8724,-0.4888,12.9,14.0,14.0,station
2021-05-02,,,14.7,,,,,15.6,,,,,,82,6,11.4,11.89,0.0,0.8639,-0.5037,15.0,17.0,17.0,station
2021-05-03,,,14.8,,,,,15.9,,,,,,86,35,18.8,10.65,0.0,0.8551,-0.5185,15.1,17.0,17.0,station
2021-05-04,,,15.7,,,,,14.9,,,,,,71,16,29.9,11.49,0.0,0.846,-0.5331,15.8,17.0,17.0,station
2021-05-05,,,17.2,,,,,17.0,,,,,,83,9,26.7,11.15,0.0,0.8367,-0.5476,18.1,19.0,19.0,station
2021-05-06,,,16.9,,,,,16.5,,,,,,89,44,33.5,9.65,0.3,0.8272,-0.5619,17.0,19.0,19.0,station
2021-05-07,,,18.1,,,,,17.9,,,,,,84,54,22.8,10.68,0.0,0.8174,-0.5761,17.0,16.0,16.0,station
2021-05-08,,,16.6,,,,,16.7,,,,,,81,85,35.5,8.43,0.0,0.8074,-0.59,17.5,19.0,19.0,station
2021-05-09,,,17.2,,,,,17.1,,,,,,90,97,43.9,4.34,1.7,0.7971,-0.6038,18.1,19.0,19.0,station
2021-05-10,,,17.7,,,,,17.5,,,,,,94,90,34.8,8.55,0.6,0.7866,-0.6175,17.7,18.0,18.0,station
2021-05-11,,,17.5,,,,,17.3,,,,,,92,97,55.0,5.15,6.5,0.7759,-0.6309,17.8,19.0,19.0,station
2021-05-12,,,16.6,,,,,16.4,,,,,,84,84,44.5,1.73,13.7,0.7649,-0.6442,16.8,18.0,18.0,station
2021-05-13,,,12.3,,,,,13.6,,,,,,55,47,30.6,7.93,0.0,0.7537,-0.6572,12.0,13.0,13.0,station
2021-05-14,,,12.7,,,,,12.5,,,,,,71,27,29.6,10.5,0.0,0.7423,-0.6701,12.7,14.0,14.0,station
2021-05-15,,,16.8,,,,,17.2,,,,,,79,29,40.5,10.14,3.7,0.7306,-0.6828,17.4,19.0,19.0,station
2021-05-16,,,15.9,,,,,15.6,,,,,,80,76,42.1,5.3,4.8,0.7188,-0.6952,16.0,17.0,17.0,station
2021-05-17,,,15.2,,,,,15.1,,,,,,89,77,37.6,0.97,54.2,0.7067,-0.7075,14.8,16.0,16.0,station
2021-05-18,,,14.1,,,,,13.8,,,,,,65,28,51.6,9.59,2.8,0.6945,-0.7195,14.1,15.0,15.0,station
2021-05-19,,,16.0,,,,,17.0,,,,,,71,5,31.1,9.34,0.0,0.682,-0.7314,15.5,16.0,16.0,station
2021-05-20,,,16.3,,,,,16.5,,,,,,86,21,23.9,7.19,0.1,0.6693,-0.743,16.3,18.0,18.0,station
2021-05-21,,,15.0,,,,,14.4,,,,,,78,6,34.8,9.61,0.0,0.6564,-0.7544,14.9,16.0,16.0,station
2021-05-22,,,14.9,,,,,14.9,,,,,,82,61,20.9,8.45,0.0,0.6433,-0.7656,14.4,15.0,15.0,station
2021-05-23,,,13.7,,,,,14.5,,,,,,72,97,32.6,5.81,0.0,0.6301,-0.7765,13.7,15.0,15.0,station
2021-05-24,,,12.8,,,,,12.9,,,,,,76,78,48.3,4.16,5.8,0.6166,-0.7873,12.7,13.0,13.0,station
2021-05-25,,,11.7,,,,,12.0,,,,,,71,79,49.6,5.71,1.0,0.603,-0.7978,11.4,12.0,12.0,station
2021-05-26,,,13.5,,,,,13.9,,,,,,78,16,10.8,8.29,0.0,0.5892,-0.808,13.0,13.0,13.0,station
2021-05-27,,,12.5,,,,,12.5,,,,,,79,35,25.0,8.6,0.0,0.5752,-0.818,12.7,14.0,14.0,station
2021-05-28,,,12.9,,,,,13.4,,,,,,82,85,28.7,4.65,1.7,0.561,-0.8278,12.6,13.0,13.0,station
2021-05-29,,,13.5,,,,,13.2,,,,,,84,97,27.8,1.92,7.8,0.5467,-0.8373,13.3,15.0,15.0,station
2021-05-30,,,13.4,,,,,13.1,,,,,,89,94,24.2,4.09,2.8,0.5322,-0.8466,12.7,14.0,14.0,station
2021-05-31,,,12.8,,,,,13.4,,,,,,92,92,41.4,2.85,21.2,0.5176,-0.8556,12.2,13.0,13.0,station
2021-06-01,,,11.6,,,,,12.0,,,,,,81,55,46.6,5.2,7.0,0.5028,-0.8644,11.4,12.0,12.0,station
2021-06-02,,,13.0,,,,,14.0,,,,,,80,30,17.1,8.24,0.0,0.4878,-0.8729,14.4,15.0,15.0,station
2021-06-03,,,13.4,,,,,13.2,,,,,,86,20,24.9,7.23,0.0,0.4728,-0.8812,13.9,15.0,15.0,station
2021-06-04,,,13.9,,,,,14.3,,,,,,85,29,26.0,7.84,0.0,0.4575,-0.8892,14.3,16.0,16.0,station
2021-06-05,,,14.7,,,,,14.3,,,,,,80,75,39.8,6.5,0.2,0.4422,-0.8969,15.0,15.0,15.0,station
2021-06-06,,,15.7,,,,,14.9,,,,,,78,99,31.1,2.53,1.0,0.4267,-0.9044,15.3,17.0,17.0,station
2021-06-07,,,13.7,,,,,15.6,,,,,,94,90,24.8,4.22,2.9,0.4111,-0.9116,14.0,14.0,14.0,station
2021-06-08,,,14.9,,,,,15.0,,,,,,84,66,17.9,7.3,0.0,0.3953,-0.9185,14.9,15.0,15.0,station
2021-06-09,,,15.5,,,,,15.8,,,,,,88,5,9.4,8.09,0.0,0.3795,-0.9252,14.7,14.0,14.0,station
2021-06-10,,,15.4,,,,,14.9,,,,,,90,42,24.6,6.55,0.0,0.3635,-0.9316,15.8,17.0,17.0,station
2021-06-11,,,14.9,,,,,14.9,,,,,,89,67,13.2,6.45,0.0,0.3474,-0.9377,14.5,17.0,17.0,station
2021-06-12,,,14.2,,,,,14.1,,,,,,91,72,19.8,5.88,0.0,0.3312,-0.9436,14.7,16.0,16.0,station
2021-06-13,,,14.8,,,,,15.0,,,,,,88,87,36.4,3.44,0.1,0.3149,-0.9491,14.8,16.0,16.0,station
2021-06-14,,,15.0,,,,,15.2,,,,,,95,100,33.5,2.42,8.5,0.2986,-0.9544,16.0,16.0,16.0,station
2021-06-15,,,15.4,,,,,15.5,,,,,,92,22,26.9,6.81,0.0,0.2821,-0.9594,15.4,17.0,17.0,station
2021-06-16,,,13.9,,,,,14.0,,,,,,89,36,21.4,5.18,0.9,0.2656,-0.9641,14.3,15.0,15.0,station
2021-06-17,,,12.4,,,,,13.1,,,,,,90,69,26.6,5.55,7.7,0.2489,-0.9685,12.8,14.0,14.0,station
2021-06-18,,,9.8,,,,,10.4,,,,,,80,83,36.9,5.42,2.6,0.2322,-0.9727,10.6,11.0,11.0,station
2021-06-19,,,10.8,,,,,12.1,,,,,,85,100,30.7,1.48,12.4,0.2155,-0.9765,11.9,12.0,12.0,station
2021-06-20,,,13.9,,,,,13.5,,,,,,93,99,52.6,1.4,20.2,0.1986,-0.9801,13.1,14.0,14.0,station
2021-06-21,,,12.2,,,,,12.6,,,,,,91,88,52.3,1.85,23.9,0.1818,-0.9833,12.7,13.0,13.0,station
2021-06-22,,,11.2,,,,,11.6,,,,,,74,62,44.3,5.55,0.2,0.1648,-0.9863,11.5,12.0,12.0,station
2021-06-23,,,11.4,,,,,11.1,,,,,,78,43,24.2,4.38,0.0,0.1478,-0.989,11.7,12.0,12.0,station
2021-06-24,,,13.0,,,,,13.8,,,,,,76,70,29.2,7.06,0.0,0.1308,-0.9914,13.7,15.0,15.0,station
2021-06-25,,,14.6,,,,,14.4,,,,,,80,94,47.6,4.28,0.2,0.1137,-0.9935,14.5,15.0,15.0,station
2021-06-26,,,15.2,,,,,15.0,,,,,,91,100,44.8,2.51,5.0,0.0966,-0.9953,15.3,16.0,16.0,station
2021-06-27,,,15.1,,,,,15.0,,,,,,92,75,35.4,1.26,10.4,0.0795,-0.9968,14.9,16.0,16.0,station
2021-06-28,,,13.3,,,,,13.2,,,,,,63,4,42.4,7.66,0.1,0.0623,-0.9981,13.4,15.0,15.0,station
2021-06-29,,,7.8,,,,,9.1,,,,,,59,53,61.0,6.79,2.1,0.0451,-0.999,9.4,10.0,10.0,station
2021-06-30,,,11.0,,,,,11.8,,,,,,65,78,37.1,2.79,1.6,0.028,-0.9996,11.9,13.0,13.0,station
2021-07-01,,,11.6,,,,,12.0,,,,,,80,29,30.7,6.37,0.7,0.0108,-0.9999,11.5,12.0,12.0,station
2021-07-02,,,10.9,,,,,11.6,,,,,,81,5,14.4,7.88,0.0,-0.0065,-1.0,11.4,13.0,13.0,station
2021-07-03,,,10.7,,,,,11.5,,,,,,81,4,16.6,8.24,0.0,-0.0237,-0.9997,10.9,12.0,12.0,station
2021-07-04,,,11.9,,,,,11.4,,,,,,83,35,25.5,7.96,0.0,-0.0408,-0.9992,11.2,12.0,12.0,station
2021-07-05,,,12.4,,,,,12.8,,,,,,72,54,39.1,7.33,0.0,-0.058,-0.9983,12.1,12.0,12.0,station
2021-07-06,,,14.2,,,,,14.2,,,,,,79,94,58.0,5.45,4.2,-0.0752,-0.9972,13.8,14.0,14.0,station
2021-07-07,,,13.3,,,,,13.9,,,,,,77,64,58.8,7.6,4.0,-0.0923,-0.9957,14.0,16.0,16.0,station
2021-07-08,,,10.6,,,,,10.9,,,,,,76,25,13.1,8.42,0.4,-0.1094,-0.994,10.6,12.0,12.0,station
2021-07-09,,,10.5,,,,,9.7,,,,,,70,27,26.7,7.74,0.3,-0.1265,-0.992,11.2,13.0,13.0,station
2021-07-10,,,8.1,,,,,10.5,,,,,,73,52,39.0,4.04,0.8,-0.1436,-0.9896,10.9,10.0,10.0,station
2021-07-11,,,9.1,,,,,8.3,,,,,,71,52,41.8,6.22,0.0,-0.1606,-0.987,9.0,10.0,10.0,station
2021-07-12,,,9.7,,,,,9.8,,,,,,80,84,12.0,8.12,0.1,-0.1775,-0.9841,10.1,11.0,11.0,station
2021-07-13,,,10.0,,,,,10.2,,,,,,78,34,28.6,6.73,2.0,-0.1944,-0.9809,9.7,10.0,10.0,station
2021-07-14,,,11.8,,,,,11.4,,,,,,71,2,33.0,8.89,0.0,-0.2113,-0.9774,11.8,12.0,12.0,station
2021-07-15,,,13.8,,,,,14.1,,,,,,77,62,42.2,6.66,0.1,-0.2281,-0.9736,14.0,15.0,15.0,station
2021-07-16,,,14.3,,,,,14.2,,,,,,81,84,58.3,5.27,5.0,-0.2448,-0.9696,14.2,15.0,15.0,station
2021-07-17,,,14.7,,,,,15.3,,,,,,90,83,62.0,0.73,45.4,-0.2614,-0.9652,14.8,15.0,15.0,station
2021-07-18,,,13.6,,,,,13.7,,,,,,89,78,57.4,4.3,8.7,-0.278,-0.9606,13.6,15.0,15.0,station
2021-07-19,,,11.5,,,,,11.3,,,,,,83,71,35.9,6.41,2.9,-0.2945,-0.9557,11.9,12.0,12.0,station
2021-07-20,,,12.1,,,,,12.5,,,,,,83,64,25.4,6.88,1.2,-0.3109,-0.9505,11.8,13.0,13.0,station
2021-07-21,,,13.1,,,,,12.8,,,,,,80,96,36.8,5.91,4.6,-0.3272,-0.945,13.5,13.0,13.0,station
2021-07-22,,,13.6,,,,,13.6,,,,,,87,85,36.9,5.77,16.0,-0.3434,-0.9392,14.0,14.0,14.0,station
2021-07-23,,,11.0,,,,,11.9,,,,,,77,29,31.0,8.3,0.0,-0.3595,-0.9332,11.4,12.0,12.0,station
2021-07-24,,,12.8,,,,,13.1,,,,,,82,4,13.5,9.3,0.0,-0.3755,-0.9268,12.9,15.0,15.0,station
2021-07-25,,,13.1,,,,,12.6,,,,,,68,46,26.8,9.58,0.0,-0.3914,-0.9202,13.8,15.0,15.0,station
2021-07-26,,,12.7,,,,,13.3,,,,,,78,93,39.0,3.29,17.5,-0.4071,-0.9134,13.4,15.0,15.0,station
2021-07-27,,,12.4,,,,,12.2,,,,,,78,71,36.6,3.47,6.7,-0.4228,-0.9062,12.1,12.0,12.0,station
2021-07-28,,,13.0,,,,,12.4,,,,,,76,3,17.3,10.14,0.0,-0.4383,-0.8988,12.7,14.0,14.0,station
2021-07-29,,,13.4,,,,,13.3,,,,,,86,28,23.0,8.91,0.0,-0.4537,-0.8912,13.5,14.0,14.0,station
2021-07-30,,,13.9,,,,,14.4,,,,,,82,22,21.0,9.91,0.2,-0.469,-0.8832,15.0,16.0,16.0,station
2021-07-31,,,15.3,,,,,16.3,,,,,,83,46,8.5,10.19,0.0,-0.4841,-0.875,14.8,14.0,14.0,station
2021-08-01,,,13.5,,,,,13.5,,,,,,85,94,8.7,7.87,0.0,-0.4991,-0.8666,12.8,13.0,13.0,station
2021-08-02,,,11.9,,,,,12.9,,,,,,85,75,20.5,8.14,0.3,-0.5139,-0.8578,12.2,14.0,14.0,station
2021-08-03,,,10.5,,,,,10.7,,,,,,78,97,57.2,4.14,3.8,-0.5286,-0.8489,11.6,12.0,12.0,station
2021-08-04,,,10.1,,,,,9.9,,,,,,63,65,47.7,9.9,0.0,-0.5431,-0.8397,10.0,11.0,11.0,station
2021-08-05,,,11.7,,,,,11.2,,,,,,77,83,23.6,6.57,2.4,-0.5575,-0.8302,11.8,13.0,13.0,station
2021-08-06,,,12.8,,,,,11.7,,,,,,87,88,24.5,6.97,5.1,-0.5717,-0.8205,12.8,12.0,12.0,station
2021-08-07,,,14.4,,,,,14.2,,,,,,76,37,24.9,10.03,0.0,-0.5857,-0.8105,14.8,16.0,16.0,station
2021-08-08,,,11.5,,,,,11.6,,,,,,80,84,56.1,1.4,20.3,-0.5996,-0.8003,11.1,11.0,11.0,station
2021-08-09,,,7.5,,,,,7.7,,,,,,70,78,62.7,8.28,9.1,-0.6132,-0.7899,7.5,9.0,9.0,station
2021-08-10,,,12.0,,,,,11.8,,,,,,61,10,24.8,11.53,0.1,-0.6267,-0.7792,12.2,14.0,14.0,station
2021-08-11,,,14.0,,,,,14.2,,,,,,84,12,17.5,10.59,0.0,-0.64,-0.7683,13.1,13.0,13.0,station
2021-08-12,,,13.2,,,,,13.2,,,,,,80,59,45.9,11.02,0.0,-0.6532,-0.7572,13.4,15.0,15.0,station
2021-08-13,,,12.9,,,,,13.3,,,,,,86,61,51.5,7.86,5.4,-0.6661,-0.7459,13.2,14.0,14.0,station
2021-08-14,,,13.5,,,,,13.3,,,,,,77,25,48.5,10.18,3.4,-0.6788,-0.7343,13.7,15.0,15.0,station
2021-08-15,,,11.9,,,,,12.2,,,,,,74,1,28.4,12.85,0.0,-0.6914,-0.7225,12.3,13.0,13.0,station
2021-08-16,,,13.2,,,,,13.4,,,,,,79,32,53.3,9.86,1.3,-0.7037,-0.7105,13.0,14.0,14.0,station
2021-08-17,,,13.1,,,,,13.1,,,,,,84,65,60.1,3.3,10.3,-0.7158,-0.6983,13.5,14.0,14.0,station
2021-08-18,,,10.1,,,,,10.4,,,,,,77,72,36.7,5.73,7.6,-0.7277,-0.6859,10.8,12.0,12.0,station
2021-08-19,,,11.8,,,,,12.7,,,,,,68,5,33.7,13.16,0.0,-0.7394,-0.6733,12.9,14.0,14.0,station
2021-08-20,,,11.5,,,,,11.6,,,,,,70,64,36.9,5.81,0.7,-0.7509,-0.6605,11.9,12.0,12.0,station
2021-08-21,,,11.3,,,,,10.5,,,,,,64,37,25.6,13.65,0.0,-0.7621,-0.6474,10.9,11.0,11.0,station
2021-08-22,,,12.5,,,,,12.6,,,,,,74,94,36.0,9.59,0.0,-0.7731,-0.6342,12.6,13.0,13.0,station
2021-08-23,,,13.0,,,,,12.8,,,,,,81,50,36.7,7.48,0.5,-0.7839,-0.6208,13.0,13.0,13.0,station
2021-08-24,,,13.7,,,,,13.5,,,,,,75,15,42.2,11.69,0.7,-0.7945,-0.6073,13.7,14.0,14.0,station
2021-08-25,,,14.0,,,,,14.2,,,,,,74,9,38.7,12.92,0.0,-0.8048,-0.5935,14.3,16.0,16.0,station
2021-08-26,,,13.3,,,,,13.7,,,,,,77,46,38.8,11.38,0.3,-0.8149,-0.5796,13.4,15.0,15.0,station
2021-08-27,,,12.0,,,,,12.6,,,,,,88,100,34.2,4.03,18.3,-0.8248,-0.5655,12.7,13.0,13.0,station
2021-08-28,,,11.4,,,,,12.3,,,,,,91,99,30.1,3.59,17.5,-0.8344,-0.5512,12.0,12.0,12.0,station
2021-08-29,,,14.1,,,,,14.0,,,,,,88,83,29.7,11.41,0.2,-0.8437,-0.5368,12.8,13.0,13.0,station
2021-08-30,,,10.8,,,,,10.4,,,,,,68,74,37.9,12.68,0.0,-0.8528,-0.5222,10.5,11.0,11.0,station
2021-08-31,,,12.5,,,,,11.9,,,,,,64,57,25.3,11.77,0.0,-0.8617,-0.5074,10.5,11.0,11.0,station
2021-09-01,,,12.8,,,,,13.2,,,,,,74,16,16.9,15.15,0.0,-0.8703,-0.4925,13.9,12.0,12.0,station
2021-09-02,,,12.8,,,,,13.3,,,,,,79,43,24.9,15.01,0.0,-0.8786,-0.4775,12.9,15.0,15.0,station
2021-09-03,,,12.8,,,,,13.1,,,,,,82,8,25.4,16.24,0.0,-0.8867,-0.4623,12.7,15.0,15.0,station
2021-09-04,,,13.4,,,,,13.7,,,,,,65,14,46.0,15.22,0.0,-0.8945,-0.447,13.1,15.0,15.0,station
2021-09-05,,,14.0,,,,,13.9,,,,,,74,67,42.8,15.5,0.0,-0.9021,-0.4315,13.9,15.0,15.0,station
2021-09-06,,,13.3,,,,,13.4,,,,,,74,96,43.0,10.35,1.3,-0.9094,-0.4159,13.0,14.0,14.0,station
2021-09-07,,,13.3,,,,,14.1,,,,,,82,64,50.1,8.84,10.7,-0.9164,-0.4002,14.1,15.0,15.0,station
2021-09-08,,,11.4,,,,,11.5,,,,,,73,51,44.8,8.17,3.2,-0.9232,-0.3844,11.5,13.0,13.0,station
2021-09-09,,,14.0,,,,,13.8,,,,,,66,38,38.5,16.72,0.0,-0.9296,-0.3685,14.7,16.0,16.0,station
2021-09-10,,,14.9,,,,,14.8,,,,,,77,79,58.1,14.82,1.8,-0.9358,-0.3524,15.6,17.0,17.0,station
2021-09-11,,,13.3,,,,,11.8,,,,,,66,3,31.6,17.9,0.1,-0.9418,-0.3363,13.5,15.0,15.0,station
2021-09-12,,,13.6,,,,,13.7,,,,,,73,38,51.4,15.15,0.1,-0.9474,-0.32,13.7,15.0,15.0,station
2021-09-13,,,14.2,,,,,13.8,,,,,,86,90,59.1,9.38,7.7,-0.9528,-0.3037,14.5,14.0,14.0,station
2021-09-14,,,10.7,,,,,9.6,,,,,,74,64,38.3,10.72,0.7,-0.9579,-0.2873,11.9,11.0,11.0,station
2021-09-15,,,11.5,,,,,12.0,,,,,,76,66,22.4,11.9,0.0,-0.9627,-0.2707,11.4,13.0,13.0,station
2021-09-16,,,10.3,,,,,9.5,,,,,,72,98,51.4,3.99,1.0,-0.9672,-0.2541,10.2,11.0,11.0,station
2021-09-17,,,10.0,,,,,9.7,,,,,,65,96,49.0,9.62,0.2,-0.9714,-0.2375,9.5,10.0,10.0,station
2021-09-18,,,10.8,,,,,10.5,,,,,,68,52,22.6,14.09,0.0,-0.9753,-0.2207,10.8,11.0,11.0,station
2021-09-19,,,13.5,,,,,13.5,,,,,,72,69,45.1,15.28,0.6,-0.979,-0.2039,12.9,14.0,14.0,station
2021-09-20,,,15.2,,,,,15.4,,,,,,74,31,44.8,17.82,2.8,-0.9824,-0.187,15.4,17.0,17.0,station
2021-09-21,,,14.5,,,,,14.4,,,,,,78,54,48.5,17.36,0.1,-0.9854,-0.1701,14.0,15.0,15.0,station
2021-09-22,,,15.2,,,,,14.6,,,,,,93,96,37.8,3.64,19.8,-0.9882,-0.1531,13.7,14.0,14.0,station
2021-09-23,,,18.3,,,,,16.9,,,,,,91,81,31.9,6.36,13.9,-0.9907,-0.1361,17.1,16.0,16.0,station
2021-09-24,,,17.3,,,,,19.4,,,,,,76,10,36.6,20.57,0.0,-0.9929,-0.1191,16.9,19.0,19.0,station
2021-09-25,,,14.9,,,,,14.9,,,,,,83,46,49.8,15.24,0.7,-0.9948,-0.102,14.3,16.0,16.0,station
2021-09-26,,,14.3,,,,,14.3,,,,,,78,47,41.2,18.96,9.3,-0.9964,-0.0848,14.2,16.0,16.0,station
2021-09-27,,,9.2,,,,,10.1,,,,,,84,95,34.8,8.41,21.7,-0.9977,-0.0677,9.1,11.0,11.0,station
2021-09-28,,,11.1,,,,,11.3,,,,,,69,44,28.2,19.92,1.0,-0.9987,-0.0505,10.5,11.0,11.0,station
2021-09-29,,,15.2,,,,,15.7,,,,,,70,4,31.4,21.67,0.0,-0.9994,-0.0333,15.1,16.0,16.0,station
2021-09-30,,,12.9,,,,,13.0,,,,,,76,82,38.4,7.16,0.4,-0.9999,-0.0161,12.6,14.0,14.0,station
2021-10-01,,,13.3,,,,,13.5,,,,,,77,2,24.1,22.08,0.0,-1.0,0.0011,13.9,15.0,15.0,station
2021-10-02,,,14.3,,,,,14.3,,,,,,83,58,30.2,21.48,0.0,-0.9998,0.0183,14.2,16.0,16.0,station
2021-10-03,,,15.0,,,,,15.2,,,,,,76,100,35.7,16.57,0.0,-0.9994,0.0355,13.8,15.0,15.0,station
2021-10-04,,,14.3,,,,,13.3,,,,,,90,94,22.3,9.08,11.1,-0.9986,0.0527,14.1,13.0,13.0,station
2021-10-05,,,16.3,,,,,17.1,,,,,,91,69,11.8,11.8,0.1,-0.9976,0.0698,15.0,15.0,15.0,station
2021-10-06,,,17.4,,,,,16.5,,,,,,88,88,25.2,8.91,1.4,-0.9962,0.087,16.7,19.0,19.0,station
2021-10-07,,,16.4,,,,,17.6,,,,,,89,93,30.2,11.01,16.5,-0.9946,0.1041,16.7,17.0,17.0,station
2021-10-08,,,16.4,,,,,15.7,,,,,,88,50,32.0,18.88,1.1,-0.9926,0.1212,15.9,17.0,17.0,station
2021-10-09,,,15.6,,,,,16.2,,,,,,80,46,33.8,19.28,0.5,-0.9904,0.1383,15.6,19.0,19.0,station
2021-10-10,,,13.8,,,,,14.4,,,,,,82,37,30.6,20.43,0.9,-0.9879,0.1553,13.2,14.0,14.0,station
2021-10-11,,,14.3,,,,,14.6,,,,,,79,65,48.0,17.5,2.2,-0.9851,0.1722,14.3,15.0,15.0,station
2021-10-12,,,13.9,,,,,13.5,,,,,,72,66,51.2,16.75,11.7,-0.9819,0.1892,13.9,15.0,15.0,station
2021-10-13,,,9.7,,,,,11.0,,,,,,74,81,58.1,4.17,3.7,-0.9785,0.206,10.2,10.0,10.0,station
2021-10-14,,,12.2,,,,,11.9,,,,,,70,92,51.6,15.11,0.8,-0.9749,0.2228,11.3,12.0,12.0,station
2021-10-15,,,14.5,,,,,14.4,,,,,,78,32,26.2,22.39,0.8,-0.9709,0.2396,14.4,17.0,17.0,station
2021-10-16,,,14.4,,,,,14.5,,,,,,73,40,39.5,25.09,0.0,-0.9666,0.2562,13.8,16.0,16.0,station
2021-10-17,,,15.4,,,,,15.7,,,,,,82,99,53.8,9.85,6.1,-0.9621,0.2728,15.5,18.0,18.0,station
2021-10-18,,,15.6,,,,,15.8,,,,,,87,46,48.3,21.8,2.2,-0.9572,0.2893,15.4,18.0,18.0,station
2021-10-19,,,15.6,,,,,15.5,,,,,,77,42,42.8,25.3,0.0,-0.9521,0.3057,15.7,17.0,17.0,station
2021-10-20,,,12.6,,,,,13.0,,,,,,71,96,32.1,16.01,0.1,-0.9467,0.3221,12.1,13.0,13.0,station
2021-10-21,,,15.1,,,,,16.3,,,,,,76,78,23.6,22.91,0.0,-0.941,0.3383,15.1,16.0,16.0,station
2021-10-22,,,15.5,,,,,15.4,,,,,,70,69,23.3,23.65,0.0,-0.9351,0.3545,14.4,16.0,16.0,station
2021-10-23,,,18.1,,,,,17.4,,,,,,78,100,16.0,20.03,0.0,-0.9288,0.3705,14.8,15.0,15.0,station
2021-10-24,,,14.3,,,,,14.4,,,,,,84,100,26.1,11.99,0.5,-0.9223,0.3864,15.3,17.0,17.0,station
2021-10-25,,,17.2,,,,,18.2,,,,,,92,80,28.0,15.57,1.1,-0.9155,0.4022,17.1,19.0,19.0,station
2021-10-26,,,18.0,,,,,17.9,,,,,,91,71,26.8,21.0,0.0,-0.9085,0.4179,16.8,20.0,20.0,station
2021-10-27,,,17.4,,,,,17.1,,,,,,88,100,31.4,16.23,0.4,-0.9012,0.4335,16.1,17.0,17.0,station
2021-10-28,,,15.8,,,,,17.5,,,,,,90,100,21.5,19.39,7.2,-0.8936,0.4489,16.8,18.0,18.0,station
2021-10-29,,,17.4,,,,,17.2,,,,,,91,68,21.2,23.11,1.9,-0.8857,0.4642,16.9,18.0,18.0,station
2021-10-30,,,17.1,,,,,16.7,,,,,,89,68,39.8,22.11,2.2,-0.8776,0.4794,16.8,19.0,19.0,station
2021-10-31,,,17.1,,,,,16.2,,,,,,76,27,41.6,27.5,0.0,-0.8692,0.4944,16.9,19.0,19.0,station
2021-11-01,,,16.5,,,,,16.6,,,,,,83,43,25.6,23.53,2.4,-0.8606,0.5093,16.3,18.0,18.0,station
2021-11-02,,,16.1,,,,,15.4,,,,,,76,53,43.6,18.85,0.7,-0.8517,0.524,15.9,16.0,16.0,station
2021-11-03,,,11.7,,,,,11.2,,,,,,62,88,49.3,14.06,1.0,-0.8426,0.5386,11.4,13.0,13.0,station
2021-11-04,,,13.1,,,,,14.0,,,,,,66,100,44.8,10.25,0.2,-0.8332,0.553,12.5,13.0,13.0,station
2021-11-05,,,15.0,,,,,14.9,,,,,,84,99,36.3,11.31,1.3,-0.8235,0.5672,14.1,14.0,14.0,station
2021-11-06,,,13.5,,,,,13.3,,,,,,87,98,38.1,8.99,2.3,-0.8137,0.5813,13.8,13.0,13.0,station
2021-11-07,,,19.0,,,,,19.6,,,,,,89,42,17.7,21.82,0.0,-0.8035,0.5952,18.2,17.0,17.0,station
2021-11-08,,,18.6,,,,,18.3,,,,,,87,31,25.2,26.2,0.0,-0.7932,0.609,18.2,21.0,21.0,station
2021-11-09,,,18.4,,,,,18.1,,,,,,86,41,32.0,28.41,0.0,-0.7826,0.6225,17.3,19.0,19.0,station
2021-11-10,,,18.4,,,,,18.0,,,,,,87,41,31.2,28.36,0.0,-0.7718,0.6359,17.3,20.0,20.0,station
2021-11-11,,,18.9,,,,,19.0,,,,,,89,76,28.7,17.52,3.4,-0.7607,0.6491,18.0,20.0,20.0,station
2021-11-12,,,18.5,,,,,18.4,,,,,,93,97,50.9,18.41,2.5,-0.7494,0.6621,17.9,19.0,19.0,station
2021-11-13,,,16.7,,,,,16.9,,,,,,95,78,45.8,10.5,8.1,-0.7379,0.6749,18.1,20.0,20.0,station
2021-11-14,,,18.2,,,,,18.5,,,,,,87,47,43.3,22.17,0.7,-0.7262,0.6875,18.8,20.0,20.0,station
2021-11-15,,,17.0,,,,,17.3,,,,,,80,19,47.5,28.89,0.0,-0.7143,0.6998,16.8,19.0,19.0,station
2021-11-16,,,17.1,,,,,16.9,,,,,,73,44,47.4,28.19,0.5,-0.7021,0.712,17.4,19.0,19.0,station
2021-11-17,,,16.5,,,,,17.2,,,,,,70,26,39.3,30.38,4.6,-0.6898,0.724,16.8,19.0,19.0,station
2021-11-18,,,18.2,,,,,17.7,,,,,,80,27,15.6,25.16,0.9,-0.6772,0.7358,17.2,18.0,18.0,station
2021-11-19,,,18.2,,,,,18.0,,,,,,77,14,32.6,29.38,0.0,-0.6645,0.7473,17.8,19.0,19.0,station
2021-11-20,,,17.5,,,,,17.6,,,,,,66,47,40.4,31.52,0.0,-0.6515,0.7586,17.2,19.0,19.0,station
2021-11-21,,,16.4,,,,,17.2,,,,,,84,98,46.5,12.54,7.0,-0.6384,0.7697,17.4,18.0,18.0,station
2021-11-22,,,17.4,,,,,17.0,,,,,,80,63,28.4,27.23,0.0,-0.625,0.7806,17.3,18.0,18.0,station
2021-11-23,,,16.2,,,,,16.2,,,,,,76,47,25.3,25.45,0.3,-0.6115,0.7912,15.7,17.0,17.0,station
2021-11-24,,,16.5,,,,,16.6,,,,,,73,5,17.3,31.35,0.0,-0.5978,0.8016,16.2,18.0,18.0,station
2021-11-25,,,18.1,,,,,18.0,,,,,,74,68,35.4,29.62,0.0,-0.584,0.8118,18.3,22.0,22.0,station
2021-11-26,,,18.4,,,,,18.1,,,,,,71,57,48.3,31.0,0.0,-0.5699,0.8217,17.7,20.0,20.0,station
2021-11-27,,,19.8,,,,,19.4,,,,,,83,86,33.5,18.36,2.8,-0.5557,0.8314,19.4,20.0,20.0,station
2021-11-28,,,17.3,,,,,17.7,,,,,,93,100,22.1,5.74,7.2,-0.5413,0.8408,16.8,19.0,19.0,station
2021-11-29,,,19.1,,,,,19.4,,,,,,92,90,31.7,21.4,2.2,-0.5268,0.85,19.0,22.0,22.0,station
2021-11-30,,,17.6,,,,,19.3,,,,,,96,100,33.2,10.21,5.0,-0.5121,0.859,18.1,18.0,18.0,station
2021-12-01,,,16.9,,,,,17.9,,,,,,79,64,32.2,23.62,1.1,-0.4972,0.8676,16.4,18.0,18.0,station
2021-12-02,,,20.4,,,,,21.7,,,,,,78,95,17.6,23.44,0.0,-0.4822,0.8761,20.5,20.0,20.0,station
2021-12-03,,,20.0,,,,,20.1,,,,,,86,99,28.0,15.45,1.3,-0.4671,0.8842,20.1,22.0,22.0,station
2021-12-04,,,18.8,,,,,18.4,,,,,,91,100,29.3,11.41,3.5,-0.4518,0.8921,17.7,20.0,20.0,station
2021-12-05,,,19.4,,,,,19.9,,,,,,88,78,41.6,23.88,2.9,-0.4364,0.8998,20.2,23.0,23.0,station
2021-12-06,,,17.4,,,,,16.7,,,,,,93,100,38.5,6.32,40.3,-0.4208,0.9071,17.9,20.0,20.0,station
2021-12-07,,,15.0,,,,,14.4,,,,,,92,93,25.0,10.44,14.3,-0.4052,0.9142,17.4,18.0,18.0,station
2021-12-08,,,18.6,,,,,18.3,,,,,,85,61,36.6,30.93,0.0,-0.3894,0.9211,18.5,20.0,20.0,station
2021-12-09,,,20.2,,,,,19.6,,,,,,90,79,35.2,25.23,0.0,-0.3735,0.9276,20.0,22.0,22.0,station
2021-12-10,,,20.1,,,,,20.6,,,,,,93,89,29.3,19.4,0.4,-0.3575,0.9339,19.5,22.0,22.0,station
2021-12-11,,,18.8,,,,,20.1,,,,,,92,99,43.0,18.54,5.5,-0.3413,0.9399,20.4,23.0,23.0,station
2021-12-12,,,15.3,,,,,14.2,,,,,,82,94,35.3,14.62,8.7,-0.3251,0.9457,14.7,16.0,16.0,station
2021-12-13,,,20.3,,,,,21.3,,,,,,90,98,18.3,20.29,0.6,-0.3088,0.9511,19.7,20.0,20.0,station
2021-12-14,,,15.4,,,,,15.1,,,,,,96,100,33.8,5.96,25.8,-0.2924,0.9563,15.5,16.0,16.0,station
2021-12-15,,,22.3,,,,,20.4,,,,,,93,86,38.7,17.82,10.3,-0.2759,0.9612,23.0,26.0,26.0,station
2021-12-16,,,16.3,,,,,16.2,,,,,,87,93,20.0,13.26,5.4,-0.2593,0.9658,16.8,17.0,17.0,station
2021-12-17,,,20.1,,,,,19.0,,,,,,85,43,33.8,28.56,0.8,-0.2427,0.9701,20.3,21.0,21.0,station
2021-12-18,,,18.2,,,,,20.7,,,,,,69,17,24.2,31.68,0.3,-0.226,0.9741,19.3,21.0,21.0,station
2021-12-19,,,19.2,,,,,19.2,,,,,,77,20,38.4,32.58,0.0,-0.2092,0.9779,19.3,21.0,21.0,station
2021-12-20,,,19.0,,,,,19.0,,,,,,78,26,57.8,31.29,0.0,-0.1923,0.9813,18.8,20.0,20.0,station
2021-12-21,,,19.5,,,,,19.8,,,,,,78,35,54.7,30.25,0.0,-0.1754,0.9845,19.5,21.0,21.0,station
2021-12-22,,,21.2,,,,,21.0,,,,,,78,3,40.8,33.08,0.0,-0.1585,0.9874,20.7,23.0,23.0,station
2021-12-23,,,21.7,,,,,21.6,,,,,,82,43,34.3,32.18,0.0,-0.1414,0.9899,21.2,23.0,23.0,station
2021-12-24,,,20.0,,,,,20.8,,,,,,79,68,29.4,28.36,0.0,-0.1244,0.9922,20.0,21.0,21.0,station
2021-12-25,,,17.9,,,,,17.8,,,,,,75,91,37.4,18.65,0.7,-0.1073,0.9942,16.9,19.0,19.0,station
2021-12-26,,,20.5,,,,,20.3,,,,,,78,2,37.4,32.85,0.0,-0.0902,0.9959,19.8,22.0,22.0,station
2021-12-27,,,21.1,,,,,20.5,,,,,,86,76,35.6,27.82,0.0,-0.073,0.9973,20.8,23.0,23.0,station
2021-12-28,,,19.0,,,,,18.6,,,,,,94,99,26.5,9.5,11.4,-0.0559,0.9984,19.4,21.0,21.0,station
2021-12-29,,,17.3,,,,,19.5,,,,,,79,61,27.1,20.63,0.3,-0.0387,0.9993,17.2,18.0,18.0,station
2021-12-30,,,19.6,,,,,19.3,,,,,,78,45,28.5,30.53,0.5,-0.0215,0.9998,19.6,21.0,21.0,station
2021-12-31,,,21.0,,,,,20.5,,,,,,82,69,27.9,28.9,0.9,-0.0043,1.0,20.0,18.0,18.0,station
2022-01-01,,,23.9,,,,,22.8,,,,,,79,13,31.5,32.45,0.0,0.0172,0.9999,21.7,23.0,23.0,station
2022-01-02,,,23.7,,,,,23.6,,,,,,76,71,19.1,31.49,0.0,0.0344,0.9994,23.9,28.0,28.0,station
2022-01-03,,,22.2,,,,,23.2,,,,,,81,88,30.1,30.73,0.0,0.0516,0.9987,22.6,25.0,25.0,station
2022-01-04,,,27.0,,,,,25.7,,,,,,94,73,14.0,31.66,0.0,0.0688,0.9976,22.6,23.0,23.0,station
2022-01-05,,,19.9,,,,,20.1,,,,,,89,85,21.6,27.91,0.0,0.0859,0.9963,19.7,20.0,20.0,station
2022-01-06,,,17.5,,,,,18.5,,,,,,78,97,37.7,18.39,2.9,0.103,0.9947,17.6,19.0,19.0,station
2022-01-07,,,17.5,,,,,17.8,,,,,,65,62,39.7,25.6,0.6,0.1201,0.9928,16.1,17.0,17.0,station
2022-01-08,,,20.5,,,,,19.6,,,,,,69,78,28.3,29.17,0.0,0.1372,0.9905,19.6,21.0,21.0,station
2022-01-09,,,20.8,,,,,20.5,,,,,,79,79,46.5,27.77,0.0,0.1542,0.988,19.7,22.0,22.0,station
2022-01-10,,,21.8,,,,,22.2,,,,,,80,75,35.4,27.85,0.0,0.1712,0.9852,21.6,24.0,24.0,station
2022-01-11,,,21.8,,,,,21.8,,,,,,86,68,37.6,29.26,0.0,0.1881,0.9821,21.2,24.0,24.0,station
2022-01-12,,,20.3,,,,,19.5,,,,,,82,76,35.7,21.72,1.4,0.205,0.9788,20.6,23.0,23.0,station
2022-01-13,,,17.2,,,,,17.0,,,,,,63,69,39.1,22.01,0.3,0.2218,0.9751,16.0,18.0,18.0,station
2022-01-14,,,18.1,,,,,17.9,,,,,,66,47,25.5,24.03,0.1,0.2385,0.9711,17.2,19.0,19.0,station
2022-01-15,,,20.8,,,,,22.2,,,,,,75,26,24.7,31.48,0.0,0.2552,0.9669,18.0,18.0,18.0,station
2022-01-16,,,22.4,,,,,22.6,,,,,,72,12,19.0,31.19,0.0,0.2718,0.9624,21.9,21.0,21.0,station
2022-01-17,,,22.9,,,,,23.4,,,,,,78,0,21.7,32.07,0.0,0.2883,0.9575,20.7,20.0,20.0,station
2022-01-18,,,23.2,,,,,21.2,,,,,,82,13,19.5,31.42,0.0,0.3047,0.9524,20.4,19.0,19.0,station
2022-01-19,,,22.3,,,,,22.3,,,,,,84,58,39.4,30.03,0.0,0.3211,0.9471,21.8,24.0,24.0,station
2022-01-20,,,19.1,,,,,18.7,,,,,,77,68,44.0,20.49,7.1,0.3373,0.9414,18.1,20.0,20.0,station
2022-01-21,,,22.4,,,,,20.9,,,,,,69,13,18.8,30.98,0.0,0.3534,0.9355,20.2,20.0,20.0,station
2022-01-22,,,21.5,,,,,20.9,,,,,,71,0,27.7,31.08,0.0,0.3695,0.9292,22.0,26.0,26.0,station
2022-01-23,,,19.6,,,,,18.7,,,,,,84,64,30.0,18.74,2.6,0.3854,0.9227,19.8,21.0,21.0,station
2022-01-24,,,24.1,,,,,24.0,,,,,,80,78,14.3,20.77,1.1,0.4012,0.916,21.3,22.0,22.0,station
2022-01-25,,,20.9,,,,,21.2,,,,,,83,95,26.9,17.98,2.3,0.4169,0.9089,20.8,23.0,23.0,station
2022-01-26,,,21.8,,,,,22.0,,,,,,88,59,31.7,23.75,0.3,0.4325,0.9016,22.2,23.0,23.0,station
2022-01-27,,,17.6,,,,,17.8,,,,,,65,36,45.6,29.62,0.3,0.4479,0.8941,17.6,19.0,19.0,station
2022-01-28,,,18.4,,,,,18.5,,,,,,65,43,26.1,26.21,0.0,0.4633,0.8862,17.4,19.0,19.0,station
2022-01-29,,,20.6,,,,,21.2,,,,,,73,35,32.8,30.34,0.0,0.4784,0.8781,20.9,24.0,24.0,station
2022-01-30,,,24.3,,,,,22.4,,,,,,76,10,37.1,30.1,0.0,0.4935,0.8698,22.7,25.0,25.0,station
2022-01-31,,,23.3,,,,,23.2,,,,,,83,40,22.5,29.08,0.0,0.5084,0.8611,21.1,23.0,23.0,station
2022-02-01,,,23.4,,,,,23.6,,,,,,77,92,22.3,18.21,0.0,0.5231,0.8523,22.8,26.0,26.0,station
2022-02-02,,,22.9,,,,,22.9,,,,,,73,93,39.3,19.14,0.0,0.5377,0.8432,22.6,26.0,26.0,station
2022-02-03,,,19.9,,,,,20.2,,,,,,81,87,45.0,18.7,4.8,0.5521,0.8338,23.0,24.0,24.0,station
2022-02-04,,,22.4,,,,,22.2,,,,,,79,88,34.2,22.98,6.8,0.5664,0.8242,23.5,26.0,26.0,station
2022-02-05,,,19.4,,,,,19.1,,,,,,93,100,36.1,4.0,68.1,0.5805,0.8143,19.5,20.0,20.0,station
2022-02-06,,,14.6,,,,,14.8,,,,,,87,100,42.9,5.13,28.2,0.5944,0.8042,15.3,15.0,15.0,station
2022-02-07,,,16.2,,,,,17.9,,,,,,72,91,39.0,11.66,0.0,0.6081,0.7938,18.3,17.0,17.0,station
2022-02-08,,,19.2,,,,,19.3,,,,,,85,69,26.4,17.42,0.2,0.6217,0.7833,20.2,21.0,21.0,station
2022-02-09,,,23.5,,,,,22.1,,,,,,97,99,13.3,11.28,3.3,0.6351,0.7725,22.4,19.0,19.0,station
2022-02-10,,,22.3,,,,,21.9,,,,,,96,99,37.4,10.21,1.2,0.6483,0.7614,21.6,24.0,24.0,station
2022-02-11,,,22.0,,,,,22.5,,,,,,94,100,33.0,8.07,4.5,0.6613,0.7502,20.3,22.0,22.0,station
2022-02-12,,,17.1,,,,,18.0,,,,,,98,100,40.6,4.08,49.6,0.6741,0.7387,18.9,18.0,18.0,station
2022-02-13,,,15.8,,,,,16.2,,,,,,87,100,66.6,3.35,50.8,0.6867,0.727,15.6,16.0,16.0,station
2022-02-14,,,16.5,,,,,16.7,,,,,,79,78,34.2,19.09,5.4,0.6991,0.715,15.6,17.0,17.0,station
2022-02-15,,,18.8,,,,,18.5,,,,,,77,44,20.9,25.09,0.0,0.7113,0.7029,18.5,20.0,20.0,station
2022-02-16,,,19.6,,,,,19.3,,,,,,83,26,31.7,26.28,0.0,0.7233,0.6906,21.0,22.0,22.0,station
2022-02-17,,,22.2,,,,,22.5,,,,,,86,16,15.2,26.54,0.0,0.735,0.678,19.5,21.0,21.0,station
2022-02-18,,,20.1,,,,,20.0,,,,,,84,44,30.9,25.95,0.0,0.7466,0.6653,20.1,23.0,23.0,station
2022-02-19,,,20.1,,,,,20.1,,,,,,85,62,38.4,23.32,4.4,0.7579,0.6523,20.3,23.0,23.0,station
2022-02-20,,,17.0,,,,,17.3,,,,,,85,78,33.8,15.54,28.0,0.769,0.6392,16.1,17.0,17.0,station
2022-02-21,,,22.1,,,,,21.9,,,,,,84,17,15.5,24.14,0.0,0.7799,0.6259,18.8,20.0,20.0,station
2022-02-22,,,19.8,,,,,19.7,,,,,,83,16,42.6,24.2,0.0,0.7906,0.6124,19.6,22.0,22.0,station
2022-02-23,,,17.3,,,,,17.2,,,,,,79,90,37.5,14.19,1.0,0.801,0.5987,17.6,19.0,19.0,station
2022-02-24,,,17.5,,,,,17.9,,,,,,65,17,28.6,24.92,0.0,0.8112,0.5848,16.5,18.0,18.0,station
2022-02-25,,,17.9,,,,,18.0,,,,,,72,6,23.8,24.14,0.0,0.8211,0.5708,17.3,19.0,19.0,station
2022-02-26,,,20.4,,,,,20.1,,,,,,82,23,40.6,24.89,0.5,0.8308,0.5566,19.5,22.0,22.0,station
2022-02-27,,,15.7,,,,,16.0,,,,,,63,94,37.6,14.89,0.0,0.8402,0.5422,14.9,16.0,16.0,station
2022-02-28,,,15.8,,,,,16.6,,,,,,68,99,27.0,18.6,0.2,0.8495,0.5277,15.2,17.0,17.0,station
2022-03-01,,,17.2,,,,,17.5,,,,,,80,42,16.6,24.06,0.0,0.8584,0.513,17.0,17.0,17.0,station
2022-03-02,,,16.5,,,,,16.4,,,,,,73,53,39.5,17.06,2.7,0.8671,0.4981,15.4,17.0,17.0,station
2022-03-03,,,17.9,,,,,17.3,,,,,,74,65,16.6,23.69,0.0,0.8755,0.4831,16.5,17.0,17.0,station
2022-03-04,,,19.9,,,,,21.3,,,,,,83,97,9.0,20.16,0.0,0.8837,0.468,18.5,19.0,19.0,station
2022-03-05,,,19.9,,,,,20.1,,,,,,81,66,20.3,23.19,0.0,0.8916,0.4527,20.4,23.0,23.0,station
2022-03-06,,,20.3,,,,,19.9,,,,,,85,62,40.3,22.65,0.0,0.8993,0.4373,20.2,22.0,22.0,station
2022-03-07,,,18.9,,,,,18.3,,,,,,89,78,33.9,12.49,4.4,0.9067,0.4218,18.8,20.0,20.0,station
2022-03-08,,,22.8,,,,,22.0,,,,,,87,50,23.8,20.1,1.0,0.9138,0.4061,20.8,22.0,22.0,station
2022-03-09,,,22.2,,,,,23.3,,,,,,90,22,24.3,21.32,0.0,0.9207,0.3904,22.0,25.0,25.0,station
2022-03-10,,,22.4,,,,,22.4,,,,,,93,58,16.5,19.23,0.0,0.9272,0.3745,18.3,19.0,19.0,station
2022-03-11,,,20.9,,,,,20.9,,,,,,81,35,33.5,20.2,0.3,0.9335,0.3585,20.5,23.0,23.0,station
2022-03-12,,,21.8,,,,,21.7,,,,,,79,75,40.1,14.72,0.2,0.9396,0.3424,22.4,23.0,23.0,station
2022-03-13,,,17.7,,,,,17.9,,,,,,65,80,38.5,17.34,0.0,0.9453,0.3261,16.3,18.0,18.0,station
2022-03-14,,,17.6,,,,,17.8,,,,,,68,100,30.1,13.13,0.1,0.9508,0.3098,16.1,17.0,17.0,station
2022-03-15,,,17.3,,,,,17.3,,,,,,68,94,34.8,12.53,0.6,0.956,0.2934,15.2,18.0,18.0,station
2022-03-16,,,17.6,,,,,18.3,,,,,,73,74,33.9,13.87,1.4,0.9609,0.2769,15.7,17.0,17.0,station
2022-03-17,,,16.0,,,,,16.0,,,,,,67,93,28.5,10.92,0.8,0.9655,0.2604,15.0,16.0,16.0,station
2022-03-18,,,15.4,,,,,15.4,,,,,,65,57,19.1,16.41,0.0,0.9698,0.2437,14.8,17.0,17.0,station
2022-03-19,,,19.3,,,,,19.8,,,,,,72,56,22.0,19.89,0.0,0.9739,0.227,17.8,16.0,16.0,station
2022-03-20,,,21.4,,,,,21.9,,,,,,76,98,22.9,17.14,0.0,0.9777,0.2102,19.3,19.0,19.0,station
2022-03-21,,,16.2,,,,,17.1,,,,,,85,98,33.5,4.56,14.3,0.9811,0.1934,18.1,19.0,19.0,station
2022-03-22,,,22.9,,,,,23.3,,,,,,93,79,25.7,17.55,1.0,0.9843,0.1765,23.7,21.0,21.0,station
2022-03-23,,,21.2,,,,,20.2,,,,,,95,95,13.1,10.89,10.7,0.9872,0.1595,21.0,20.0,20.0,station
2022-03-24,,,21.5,,,,,20.5,,,,,,97,100,31.4,2.33,44.5,0.9898,0.1425,17.2,18.0,18.0,station
2022-03-25,,,15.2,,,,,15.5,,,,,,83,100,56.0,4.32,16.7,0.9921,0.1255,16.2,16.0,16.0,station
2022-03-26,,,16.6,,,,,16.5,,,,,,74,55,42.2,13.22,0.2,0.9941,0.1084,16.0,17.0,17.0,station
2022-03-27,,,16.9,,,,,16.5,,,,,,83,91,40.2,9.02,2.8,0.9958,0.0913,15.4,17.0,17.0,station
2022-03-28,,,17.1,,,,,17.2,,,,,,78,74,31.1,11.8,1.0,0.9972,0.0741,15.8,17.0,17.0,station
2022-03-29,,,18.2,,,,,18.2,,,,,,87,57,23.5,15.35,0.4,0.9984,0.057,17.6,17.0,17.0,station
2022-03-30,,,19.3,,,,,18.9,,,,,,96,73,21.7,11.31,2.1,0.9992,0.0398,18.3,17.0,17.0,station
2022-03-31,,,20.8,,,,,20.6,,,,,,89,39,17.7,17.1,0.0,0.9997,0.0226,19.5,22.0,22.0,station
2022-04-01,,,16.4,,,,,16.5,,,,,,90,100,40.7,4.83,1.5,1.0,0.0054,16.3,17.0,17.0,station
2022-04-02,,,18.5,,,,,18.9,,,,,,88,23,20.9,17.06,0.0,0.9999,-0.0118,18.8,21.0,21.0,station
2022-04-03,,,19.6,,,,,19.5,,,,,,89,50,24.7,13.01,0.2,0.9996,-0.029,19.6,21.0,21.0,station
2022-04-04,,,19.1,,,,,18.8,,,,,,88,55,30.8,13.96,0.0,0.9989,-0.0462,19.0,21.0,21.0,station
2022-04-05,,,19.2,,,,,18.7,,,,,,87,88,38.8,8.54,0.5,0.998,-0.0634,19.4,20.0,20.0,station
2022-04-06,,,19.2,,,,,19.7,,,,,,89,94,39.0,11.15,4.6,0.9968,-0.0805,19.7,21.0,21.0,station
2022-04-07,,,14.0,,,,,13.6,,,,,,65,49,47.1,12.59,0.2,0.9952,-0.0977,14.1,14.0,14.0,station
2022-04-08,,,17.0,,,,,17.0,,,,,,70,36,24.5,15.31,0.0,0.9934,-0.1148,17.9,19.0,19.0,station
2022-04-09,,,15.9,,,,,16.2,,,,,,73,30,31.7,12.32,0.2,0.9913,-0.1319,15.6,16.0,16.0,station
2022-04-10,,,18.4,,,,,18.7,,,,,,82,4,25.6,15.92,0.0,0.9889,-0.1489,17.9,20.0,20.0,station
2022-04-11,,,17.8,,,,,17.8,,,,,,74,30,46.0,14.37,0.0,0.9861,-0.1659,17.4,18.0,18.0,station
2022-04-12,,,18.0,,,,,17.7,,,,,,85,70,38.3,12.65,2.7,0.9831,-0.1828,18.0,19.0,19.0,station
2022-04-13,,,15.4,,,,,15.4,,,,,,76,97,47.4,9.46,2.0,0.9799,-0.1997,14.7,16.0,16.0,station
2022-04-14,,,14.4,,,,,14.6,,,,,,67,41,35.9,13.97,0.0,0.9763,-0.2165,14.7,15.0,15.0,station
2022-04-15,,,16.6,,,,,16.6,,,,,,79,18,23.2,14.71,0.0,0.9724,-0.2333,16.5,19.0,19.0,station
2022-04-16,,,17.2,,,,,17.1,,,,,,81,26,44.1,14.22,0.0,0.9683,-0.25,17.8,19.0,19.0,station
2022-04-17,,,16.3,,,,,16.4,,,,,,66,29,28.0,14.46,0.0,0.9638,-0.2666,15.9,17.0,17.0,station
2022-04-18,,,18.0,,,,,17.6,,,,,,73,6,19.0,14.32,0.0,0.9591,-0.2831,17.0,16.0,16.0,station
2022-04-19,,,18.6,,,,,18.5,,,,,,82,44,21.8,11.43,0.3,0.9541,-0.2996,18.3,19.0,19.0,station
2022-04-20,,,19.8,,,,,20.0,,,,,,88,60,25.4,11.77,0.0,0.9488,-0.316,20.1,22.0,22.0,station
2022-04-21,,,19.5,,,,,19.0,,,,,,87,95,45.2,8.09,6.8,0.9432,-0.3322,20.1,21.0,21.0,station
2022-04-22,,,19.4,,,,,19.0,,,,,,78,37,39.8,12.52,2.7,0.9373,-0.3484,19.2,21.0,21.0,station
2022-04-23,,,14.9,,,,,15.5,,,,,,69,26,26.9,12.54,0.0,0.9312,-0.3645,15.6,17.0,17.0,station
2022-04-24,,,18.2,,,,,17.9,,,,,,75,44,24.3,10.56,0.0,0.9248,-0.3804,18.6,21.0,21.0,station
2022-04-25,,,17.0,,,,,16.8,,,,,,72,46,24.8,11.35,0.1,0.9181,-0.3963,16.0,17.0,17.0,station
2022-04-26,,,15.5,,,,,16.3,,,,,,80,40,32.6,10.15,0.3,0.9112,-0.412,16.6,18.0,18.0,station
2022-04-27,,,16.7,,,,,16.3,,,,,,81,37,25.4,11.3,0.6,0.9039,-0.4276,15.5,17.0,17.0,station
2022-04-28,,,15.4,,,,,14.9,,,,,,76,66,15.9,7.38,0.1,0.8965,-0.4431,14.9,16.0,16.0,station
2022-04-29,,,16.5,,,,,16.7,,,,,,80,24,12.1,12.07,0.0,0.8887,-0.4585,15.8,16.0,16.0,station
2022-04-30,,,15.4,,,,,15.2,,,,,,78,15,26.5,11.79,0.0,0.8807,-0.4737,16.0,17.0,17.0,station
2022-05-01,,,16.8,,,,,16.8,,,,,,78,68,38.8,9.25,1.6,0.8724,-0.4888,17.1,18.0,18.0,station
2022-05-02,,,18.2,,,,,16.9,,,,,,85,81,34.0,7.98,0.2,0.8639,-0.5037,18.6,19.0,19.0,station
2022-05-03,,,17.7,,,,,18.4,,,,,,90,58,26.0,9.26,0.0,0.8551,-0.5185,18.4,19.0,19.0,station
2022-05-04,,,19.0,,,,,18.7,,,,,,92,73,15.1,9.08,0.2,0.846,-0.5331,18.2,20.0,20.0,station
2022-05-05,,,17.4,,,,,16.7,,,,,,88,49,26.5,8.63,0.7,0.8367,-0.5476,17.6,19.0,19.0,station
2022-05-06,,,17.3,,,,,17.9,,,,,,86,2,22.2,11.15,0.0,0.8272,-0.5619,18.3,20.0,20.0,station
2022-05-07,,,16.7,,,,,17.0,,,,,,87,65,34.3,8.16,0.0,0.8174,-0.5761,17.4,19.0,19.0,station
2022-05-08,,,17.8,,,,,17.9,,,,,,75,89,43.0,9.17,0.0,0.8074,-0.59,18.2,19.0,19.0,station
2022-05-09,,,17.6,,,,,17.8,,,,,,86,87,38.2,4.86,6.1,0.7971,-0.6038,17.8,19.0,19.0,station
2022-05-10,,,13.6,,,,,13.3,,,,,,76,67,39.4,7.99,4.3,0.7866,-0.6175,14.0,15.0,15.0,station
2022-05-11,,,12.8,,,,,12.7,,,,,,64,71,31.8,5.71,0.0,0.7759,-0.6309,12.8,14.0,14.0,station
2022-05-12,,,15.0,,,,,14.3,,,,,,78,29,15.9,9.9,0.0,0.7649,-0.6442,13.8,14.0,14.0,station
2022-05-13,,,15.0,,,,,14.6,,,,,,76,68,32.7,7.92,0.0,0.7537,-0.6572,15.6,16.0,16.0,station
2022-05-14,,,17.3,,,,,16.6,,,,,,78,96,34.5,5.63,10.5,0.7423,-0.6701,17.0,17.0,17.0,station
2022-05-15,,,16.4,,,,,15.9,,,,,,93,99,22.1,2.39,9.4,0.7306,-0.6828,16.3,17.0,17.0,station
2022-05-16,,,16.1,,,,,16.9,,,,,,93,71,23.5,4.0,0.9,0.7188,-0.6952,16.5,16.0,16.0,station
2022-05-17,,,17.3,,,,,17.0,,,,,,92,70,35.4,3.26,0.1,0.7067,-0.7075,18.1,18.0,18.0,station
2022-05-18,,,17.5,,,,,17.5,,,,,,86,10,24.7,9.77,0.0,0.6945,-0.7195,18.2,19.0,19.0,station
2022-05-19,,,17.7,,,,,17.6,,,,,,80,49,46.6,7.37,3.3,0.682,-0.7314,17.9,19.0,19.0,station
2022-05-20,,,14.7,,,,,14.7,,,,,,74,70,40.2,6.18,8.7,0.6693,-0.743,14.9,16.0,16.0,station
2022-05-21,,,15.4,,,,,14.2,,,,,,61,15,38.7,8.54,0.8,0.6564,-0.7544,14.3,16.0,16.0,station
2022-05-22,,,15.4,,,,,15.9,,,,,,68,31,29.5,8.71,0.1,0.6433,-0.7656,15.8,17.0,17.0,station
2022-05-23,,,14.0,,,,,13.8,,,,,,67,26,31.0,8.72,0.2,0.6301,-0.7765,14.3,15.0,15.0,station
2022-05-24,,,14.0,,,,,14.4,,,,,,75,14,23.6,8.31,0.0,0.6166,-0.7873,14.2,16.0,16.0,station
2022-05-25,,,14.3,,,,,14.3,,,,,,75,25,27.9,9.2,0.1,0.603,-0.7978,15.8,18.0,18.0,station
2022-05-26,,,10.4,,,,,10.1,,,,,,68,97,28.2,2.82,1.1,0.5892,-0.808,11.1,12.0,12.0,station
2022-05-27,,,12.0,,,,,12.7,,,,,,72,55,23.4,5.52,0.0,0.5752,-0.818,12.5,13.0,13.0,station
2022-05-28,,,14.4,,,,,14.7,,,,,,77,37,28.0,7.68,0.0,0.561,-0.8278,14.5,15.0,15.0,station
2022-05-29,,,14.5,,,,,14.9,,,,,,79,74,26.0,8.61,0.0,0.5467,-0.8373,14.4,16.0,16.0,station
2022-05-30,,,15.7,,,,,14.9,,,,,,90,100,30.3,1.39,18.0,0.5322,-0.8466,15.3,16.0,16.0,station
2022-05-31,,,16.9,,,,,16.4,,,,,,86,75,45.1,7.32,2.2,0.5176,-0.8556,16.9,18.0,18.0,station
2022-06-01,,,15.9,,,,,15.9,,,,,,85,82,52.5,4.73,20.3,0.5028,-0.8644,16.6,17.0,17.0,station
2022-06-02,,,14.3,,,,,15.1,,,,,,88,76,48.2,3.33,10.2,0.4878,-0.8729,14.9,16.0,16.0,station
2022-06-03,,,13.0,,,,,13.2,,,,,,79,65,33.0,4.79,1.8,0.4728,-0.8812,14.3,14.0,14.0,station
2022-06-04,,,12.5,,,,,12.7,,,,,,72,29,28.4,7.54,0.0,0.4575,-0.8892,13.2,14.0,14.0,station
2022-06-05,,,13.9,,,,,14.1,,,,,,66,85,22.2,5.98,0.0,0.4422,-0.8969,14.2,14.0,14.0,station
2022-06-06,,,14.4,,,,,14.8,,,,,,80,77,31.5,6.29,0.7,0.4267,-0.9044,15.3,16.0,16.0,station
2022-06-07,,,15.8,,,,,16.3,,,,,,82,84,41.7,5.54,10.3,0.4111,-0.9116,15.9,17.0,17.0,station
2022-06-08,,,15.5,,,,,15.2,,,,,,80,41,38.4,6.99,3.6,0.3953,-0.9185,15.5,17.0,17.0,station
2022-06-09,,,14.2,,,,,14.4,,,,,,80,52,41.5,5.31,10.8,0.3795,-0.9252,14.0,15.0,15.0,station
2022-06-10,,,14.2,,,,,13.7,,,,,,65,49,54.8,7.29,4.8,0.3635,-0.9316,15.0,16.0,16.0,station
2022-06-11,,,13.7,,,,,13.3,,,,,,71,38,45.1,7.46,1.9,0.3474,-0.9377,13.8,15.0,15.0,station
2022-06-12,,,13.8,,,,,14.3,,,,,,80,87,48.7,3.55,11.2,0.3312,-0.9436,13.5,14.0,14.0,station
2022-06-13,,,12.3,,,,,12.7,,,,,,66,78,52.0,5.21,0.7,0.3149,-0.9491,13.2,14.0,14.0,station
2022-06-14,,,13.2,,,,,13.2,,,,,,65,34,44.4,6.67,0.1,0.2986,-0.9544,14.3,15.0,15.0,station
2022-06-15,,,14.1,,,,,14.1,,,,,,62,48,40.7,7.44,0.0,0.2821,-0.9594,14.2,16.0,16.0,station
2022-06-16,,,14.6,,,,,14.3,,,,,,69,93,34.4,4.63,0.0,0.2656,-0.9641,14.6,15.0,15.0,station
2022-06-17,,,13.9,,,,,14.2,,,,,,76,72,30.7,5.26,0.0,0.2489,-0.9685,14.3,15.0,15.0,station
2022-06-18,,,13.8,,,,,13.5,,,,,,90,93,33.0,2.85,13.0,0.2322,-0.9727,14.1,15.0,15.0,station
2022-06-19,,,11.0,,,,,11.4,,,,,,73,80,41.3,5.04,2.2,0.2155,-0.9765,11.1,11.0,11.0,station
2022-06-20,,,10.6,,,,,10.8,,,,,,65,95,49.9,2.19,0.6,0.1986,-0.9801,10.4,10.0,10.0,station
2022-06-21,,,9.7,,,,,10.0,,,,,,72,99,38.4,2.81,0.4,0.1818,-0.9833,10.9,11.0,11.0,station
2022-06-22,,,11.4,,,,,11.3,,,,,,75,65,27.3,6.14,0.0,0.1648,-0.9863,11.0,11.0,11.0,station
2022-06-23,,,11.7,,,,,11.5,,,,,,85,70,17.6,6.87,0.0,0.1478,-0.989,11.2,12.0,12.0,station
2022-06-24,,,12.4,,,,,13.0,,,,,,76,87,25.8,4.65,0.0,0.1308,-0.9914,12.5,15.0,15.0,station
2022-06-25,,,14.5,,,,,13.8,,,,,,81,77,30.5,4.26,0.9,0.1137,-0.9935,13.8,15.0,15.0,station
2022-06-26,,,14.4,,,,,14.5,,,,,,89,12,22.5,7.71,0.0,0.0966,-0.9953,14.6,16.0,16.0,station
2022-06-27,,,13.5,,,,,13.6,,,,,,80,38,31.4,7.96,0.0,0.0795,-0.9968,13.4,14.0,14.0,station
2022-06-28,,,12.0,,,,,11.0,,,,,,90,100,21.6,1.29,23.1,0.0623,-0.9981,13.1,13.0,13.0,station
2022-06-29,,,12.1,,,,,12.3,,,,,,86,32,21.3,7.95,8.1,0.0451,-0.999,12.8,14.0,14.0,station
2022-06-30,,,14.2,,,,,14.1,,,,,,76,50,36.1,7.36,0.0,0.028,-0.9996,14.3,16.0,16.0,station
2022-07-01,,,14.0,,,,,14.3,,,,,,64,58,37.2,5.05,1.0,0.0108,-0.9999,13.8,14.0,14.0,station
2022-07-02,,,12.4,,,,,12.8,,,,,,76,8,21.1,7.65,0.0,-0.0065,-1.0,12.9,14.0,14.0,station
2022-07-03,,,13.4,,,,,12.8,,,,,,78,0,20.3,8.14,0.0,-0.0237,-0.9997,13.3,14.0,14.0,station
2022-07-04,,,13.9,,,,,13.6,,,,,,78,33,33.3,8.09,0.0,-0.0408,-0.9992,13.2,14.0,14.0,station
2022-07-05,,,13.4,,,,,13.5,,,,,,81,100,36.6,2.3,3.4,-0.058,-0.9983,13.7,14.0,14.0,station
2022-07-06,,,11.8,,,,,11.5,,,,,,82,61,28.3,6.2,0.0,-0.0752,-0.9972,12.2,13.0,13.0,station
2022-07-07,,,12.0,,,,,11.6,,,,,,81,95,9.1,6.62,0.0,-0.0923,-0.9957,11.9,12.0,12.0,station
2022-07-08,,,15.1,,,,,15.3,,,,,,92,97,42.8,1.36,23.9,-0.1094,-0.994,15.2,16.0,16.0,station
2022-07-09,,,14.1,,,,,13.7,,,,,,79,67,48.7,6.26,6.1,-0.1265,-0.992,15.3,17.0,17.0,station
2022-07-10,,,9.3,,,,,9.9,,,,,,61,99,35.3,5.09,1.7,-0.1436,-0.9896,9.9,10.0,10.0,station
2022-07-11,,,11.2,,,,,11.8,,,,,,77,100,27.8,3.58,4.7,-0.1606,-0.987,10.7,11.0,11.0,station
2022-07-12,,,14.8,,,,,14.5,,,,,,91,91,53.8,0.66,39.9,-0.1775,-0.9841,14.4,15.0,15.0,station
2022-07-13,,,13.7,,,,,13.7,,,,,,77,35,52.0,8.05,0.7,-0.1944,-0.9809,14.6,15.0,15.0,station
2022-07-14,,,12.4,,,,,13.4,,,,,,74,57,31.1,7.02,0.0,-0.2113,-0.9774,13.1,14.0,14.0,station
2022-07-15,,,10.1,,,,,9.8,,,,,,73,92,29.5,6.03,7.4,-0.2281,-0.9736,10.4,11.0,11.0,station
2022-07-16,,,9.7,,,,,9.8,,,,,,73,15,18.4,8.87,0.7,-0.2448,-0.9696,9.9,11.0,11.0,station
2022-07-17,,,12.0,,,,,12.3,,,,,,67,44,39.6,8.79,0.0,-0.2614,-0.9652,13.1,13.0,13.0,station
2022-07-18,,,13.8,,,,,13.8,,,,,,74,58,57.7,7.23,0.0,-0.278,-0.9606,14.0,15.0,15.0,station
2022-07-19,,,14.9,,,,,14.4,,,,,,84,79,54.8,6.2,3.2,-0.2945,-0.9557,15.2,15.0,15.0,station
2022-07-20,,,13.4,,,,,12.4,,,,,,94,100,39.9,1.6,19.9,-0.3109,-0.9505,13.2,13.0,13.0,station
2022-07-21,,,10.0,,,,,9.2,,,,,,85,98,68.1,1.07,23.7,-0.3272,-0.945,9.6,11.0,11.0,station
2022-07-22,,,9.9,,,,,9.6,,,,,,72,93,45.4,4.71,0.9,-0.3434,-0.9392,9.9,11.0,11.0,station
2022-07-23,,,10.3,,,,,10.4,,,,,,65,98,25.8,6.87,0.0,-0.3595,-0.9332,10.5,11.0,11.0,station
2022-07-24,,,11.5,,,,,11.0,,,,,,82,100,13.4,5.53,0.0,-0.3755,-0.9268,10.8,11.0,11.0,station
2022-07-25,,,11.7,,,,,12.7,,,,,,81,99,30.9,1.87,3.8,-0.3914,-0.9202,10.8,12.0,12.0,station
2022-07-26,,,14.6,,,,,15.2,,,,,,89,80,34.6,7.05,16.6,-0.4071,-0.9134,16.5,17.0,17.0,station
2022-07-27,,,12.4,,,,,12.4,,,,,,88,83,31.6,2.83,5.0,-0.4228,-0.9062,13.4,14.0,14.0,station
2022-07-28,,,12.9,,,,,12.2,,,,,,86,70,37.5,4.22,5.3,-0.4383,-0.8988,13.1,14.0,14.0,station
2022-07-29,,,13.0,,,,,13.3,,,,,,78,50,37.3,9.32,0.0,-0.4537,-0.8912,13.8,16.0,16.0,station
2022-07-30,,,12.7,,,,,12.2,,,,,,88,98,44.3,2.1,15.9,-0.469,-0.8832,12.5,13.0,13.0,station
2022-07-31,,,12.0,,,,,11.9,,,,,,77,76,49.8,3.27,25.6,-0.4841,-0.875,11.7,12.0,12.0,station
2022-08-01,,,11.5,,,,,11.6,,,,,,70,7,29.0,10.74,0.0,-0.4991,-0.8666,11.9,13.0,13.0,station
2022-08-02,,,13.8,,,,,13.4,,,,,,73,74,54.8,8.61,0.0,-0.5139,-0.8578,13.8,15.0,15.0,station
2022-08-03,,,14.4,,,,,14.2,,,,,,81,53,53.4,8.68,3.0,-0.5286,-0.8489,14.6,16.0,16.0,station
2022-08-04,,,13.7,,,,,13.7,,,,,,81,35,35.6,10.86,0.0,-0.5431,-0.8397,13.8,16.0,16.0,station
2022-08-05,,,14.6,,,,,14.1,,,,,,80,66,42.3,9.2,0.2,-0.5575,-0.8302,14.1,14.0,14.0,station
2022-08-06,,,14.4,,,,,14.6,,,,,,87,100,52.5,3.98,9.5,-0.5717,-0.8205,14.6,15.0,15.0,station
2022-08-07,,,14.1,,,,,14.4,,,,,,86,30,45.1,10.95,10.4,-0.5857,-0.8105,14.6,16.0,16.0,station
2022-08-08,,,7.9,,,,,10.0,,,,,,88,100,50.2,2.16,30.7,-0.5996,-0.8003,9.3,9.0,9.0,station
2022-08-09,,,9.6,,,,,10.2,,,,,,88,100,47.7,2.33,19.9,-0.6132,-0.7899,9.5,10.0,10.0,station
2022-08-10,,,8.5,,,,,9.2,,,,,,62,95,37.7,5.96,0.0,-0.6267,-0.7792,8.5,9.0,9.0,station
2022-08-11,,,8.4,,,,,8.6,,,,,,75,82,32.9,7.06,11.1,-0.64,-0.7683,9.3,9.0,9.0,station
2022-08-12,,,9.4,,,,,9.6,,,,,,79,37,19.8,9.7,3.0,-0.6532,-0.7572,9.7,10.0,10.0,station
2022-08-13,,,9.8,,,,,10.1,,,,,,69,15,19.1,12.29,0.0,-0.6661,-0.7459,10.5,11.0,11.0,station
2022-08-14,,,11.6,,,,,12.0,,,,,,75,12,35.9,12.41,0.0,-0.6788,-0.7343,12.1,13.0,13.0,station
2022-08-15,,,11.7,,,,,11.8,,,,,,77,95,30.0,8.1,0.0,-0.6914,-0.7225,11.7,13.0,13.0,station
2022-08-16,,,14.5,,,,,14.3,,,,,,76,100,33.1,9.09,0.4,-0.7037,-0.7105,15.2,17.0,17.0,station
2022-08-17,,,15.0,,,,,14.7,,,,,,92,100,51.3,5.77,24.8,-0.7158,-0.6983,15.7,16.0,16.0,station
2022-08-18,,,15.5,,,,,15.7,,,,,,93,100,48.8,3.75,38.3,-0.7277,-0.6859,15.7,17.0,17.0,station
2022-08-19,,,16.1,,,,,16.0,,,,,,99,100,47.5,2.7,18.0,-0.7394,-0.6733,16.1,18.0,18.0,station
2022-08-20,,,16.4,,,,,15.9,,,,,,95,89,44.5,7.68,18.0,-0.7509,-0.6605,16.2,18.0,18.0,station
2022-08-21,,,14.3,,,,,14.2,,,,,,86,42,36.1,10.58,1.6,-0.7621,-0.6474,15.1,16.0,16.0,station
2022-08-22,,,14.0,,,,,13.5,,,,,,84,77,26.3,7.22,0.8,-0.7731,-0.6342,14.2,15.0,15.0,station
2022-08-23,,,14.1,,,,,13.2,,,,,,89,63,26.0,10.48,0.9,-0.7839,-0.6208,13.9,15.0,15.0,station
2022-08-24,,,13.5,,,,,13.3,,,,,,75,76,44.3,10.67,0.0,-0.7945,-0.6073,13.8,14.0,14.0,station
2022-08-25,,,14.3,,,,,14.5,,,,,,84,91,23.7,9.64,7.4,-0.8048,-0.5935,13.9,14.0,14.0,station
2022-08-26,,,11.4,,,,,11.2,,,,,,92,99,43.6,2.33,11.2,-0.8149,-0.5796,12.6,13.0,13.0,station
2022-08-27,,,12.1,,,,,12.3,,,,,,75,84,40.4,12.02,0.0,-0.8248,-0.5655,11.4,13.0,13.0,station
2022-08-28,,,12.0,,,,,12.2,,,,,,76,86,31.3,7.2,1.2,-0.8344,-0.5512,11.0,12.0,12.0,station
2022-08-29,,,11.2,,,,,11.7,,,,,,67,50,25.0,10.6,0.2,-0.8437,-0.5368,11.4,11.0,11.0,station
2022-08-30,,,12.2,,,,,12.5,,,,,,75,10,19.5,15.37,0.0,-0.8528,-0.5222,12.9,15.0,15.0,station
2022-08-31,,,13.8,,,,,13.5,,,,,,75,44,35.7,12.58,0.0,-0.8617,-0.5074,13.6,15.0,15.0,station
2022-09-01,,,14.6,,,,,14.6,,,,,,81,16,35.6,13.96,0.0,-0.8703,-0.4925,14.7,16.0,16.0,station
2022-09-02,,,14.4,,,,,14.4,,,,,,83,84,39.0,11.82,0.0,-0.8786,-0.4775,14.6,16.0,16.0,station
2022-09-03,,,14.6,,,,,14.0,,,,,,81,67,49.1,8.95,0.9,-0.8867,-0.4623,14.7,16.0,16.0,station
2022-09-04,,,13.2,,,,,13.3,,,,,,58,24,44.6,15.01,0.0,-0.8945,-0.447,13.8,15.0,15.0,station
2022-09-05,,,8.8,,,,,10.8,,,,,,77,99,49.8,4.1,4.8,-0.9021,-0.4315,11.4,12.0,12.0,station
2022-09-06,,,8.5,,,,,8.5,,,,,,60,50,48.4,14.73,1.8,-0.9094,-0.4159,9.8,9.0,9.0,station
2022-09-07,,,11.4,,,,,12.0,,,,,,63,8,19.2,15.99,0.0,-0.9164,-0.4002,11.5,13.0,13.0,station
2022-09-08,,,12.8,,,,,11.8,,,,,,79,75,13.4,10.07,0.0,-0.9232,-0.3844,12.2,14.0,14.0,station
2022-09-09,,,13.6,,,,,14.1,,,,,,84,38,19.4,14.28,0.3,-0.9296,-0.3685,12.4,14.0,14.0,station
2022-09-10,,,14.9,,,,,14.2,,,,,,82,52,16.6,15.01,3.6,-0.9358,-0.3524,14.9,17.0,17.0,station
2022-09-11,,,15.1,,,,,15.8,,,,,,90,93,12.2,13.96,7.3,-0.9418,-0.3363,14.5,14.0,14.0,station
2022-09-12,,,13.1,,,,,15.5,,,,,,88,98,31.9,8.28,0.6,-0.9474,-0.32,14.4,16.0,16.0,station
2022-09-13,,,13.3,,,,,13.7,,,,,,69,21,43.4,16.68,0.0,-0.9528,-0.3037,13.7,16.0,16.0,station
2022-09-14,,,10.2,,,,,10.0,,,,,,69,54,41.9,13.39,3.1,-0.9579,-0.2873,10.5,11.0,11.0,station
2022-09-15,,,11.7,,,,,11.3,,,,,,70,17,27.7,18.16,0.0,-0.9627,-0.2707,11.9,13.0,13.0,station
2022-09-16,,,11.6,,,,,12.4,,,,,,76,16,28.5,15.94,0.6,-0.9672,-0.2541,12.2,13.0,13.0,station
2022-09-17,,,13.5,,,,,13.6,,,,,,80,59,26.4,13.63,0.3,-0.9714,-0.2375,13.7,15.0,15.0,station
2022-09-18,,,14.1,,,,,13.9,,,,,,74,67,28.2,16.38,0.1,-0.9753,-0.2207,13.7,16.0,16.0,station
2022-09-19,,,13.8,,,,,14.0,,,,,,84,91,41.2,7.14,1.9,-0.979,-0.2039,14.4,16.0,16.0,station
2022-09-20,,,15.6,,,,,15.6,,,,,,92,86,32.4,14.74,0.1,-0.9824,-0.187,15.0,16.0,16.0,station
2022-09-21,,,13.3,,,,,13.5,,,,,,90,96,30.4,9.75,5.0,-0.9854,-0.1701,12.8,13.0,13.0,station
2022-09-22,,,13.3,,,,,13.3,,,,,,84,100,35.5,6.83,3.3,-0.9882,-0.1531,11.1,12.0,12.0,station
2022-09-23,,,12.7,,,,,12.5,,,,,,94,100,41.9,2.52,17.3,-0.9907,-0.1361,13.1,13.0,13.0,station
2022-09-24,,,13.8,,,,,14.2,,,,,,89,96,35.7,10.59,1.6,-0.9929,-0.1191,13.6,14.0,14.0,station
2022-09-25,,,13.0,,,,,13.2,,,,,,78,98,36.4,10.44,0.7,-0.9948,-0.102,11.9,13.0,13.0,station
2022-09-26,,,15.1,,,,,15.2,,,,,,75,100,19.7,15.8,0.0,-0.9964,-0.0848,13.3,14.0,14.0,station
2022-09-27,,,14.8,,,,,14.3,,,,,,72,84,23.2,20.19,0.0,-0.9977,-0.0677,15.8,17.0,17.0,station
2022-09-28,,,14.7,,,,,14.9,,,,,,81,84,35.1,19.36,0.0,-0.9987,-0.0505,15.2,16.0,16.0,station
2022-09-29,,,13.5,,,,,13.6,,,,,,92,100,40.4,5.86,13.2,-0.9994,-0.0333,14.6,15.0,15.0,station
2022-09-30,,,9.9,,,,,10.0,,,,,,81,100,36.3,3.7,8.1,-0.9999,-0.0161,11.1,12.0,12.0,station
2022-10-01,,,11.0,,,,,11.1,,,,,,79,100,33.7,7.08,6.1,-1.0,0.0011,11.2,12.0,12.0,station
2022-10-02,,,9.7,,,,,10.6,,,,,,87,100,42.0,6.59,9.0,-0.9998,0.0183,11.0,11.0,11.0,station
2022-10-03,,,10.5,,,,,10.9,,,,,,80,95,43.5,11.26,0.6,-0.9994,0.0355,11.7,12.0,12.0,station
2022-10-04,,,13.0,,,,,12.7,,,,,,71,56,34.8,18.67,0.0,-0.9986,0.0527,13.6,15.0,15.0,station
2022-10-05,,,13.8,,,,,12.8,,,,,,75,69,43.1,13.79,6.9,-0.9976,0.0698,13.3,15.0,15.0,station
2022-10-06,,,8.4,,,,,7.7,,,,,,51,48,42.5,23.53,0.6,-0.9962,0.087,8.6,10.0,10.0,station
2022-10-07,,,11.9,,,,,11.9,,,,,,62,31,33.0,21.1,0.0,-0.9946,0.1041,10.9,12.0,12.0,station
2022-10-08,,,12.9,,,,,13.0,,,,,,72,6,28.8,23.91,0.0,-0.9926,0.1212,13.1,15.0,15.0,station
2022-10-09,,,14.9,,,,,15.0,,,,,,68,28,42.5,23.02,0.0,-0.9904,0.1383,14.5,16.0,16.0,station
2022-10-10,,,15.6,,,,,15.6,,,,,,78,60,43.2,21.6,0.0,-0.9879,0.1553,14.9,17.0,17.0,station
2022-10-11,,,16.4,,,,,16.0,,,,,,79,87,50.7,18.68,1.0,-0.9851,0.1722,16.3,17.0,17.0,station
2022-10-12,,,13.9,,,,,13.9,,,,,,77,100,25.9,10.94,1.6,-0.9819,0.1892,12.6,14.0,14.0,station
2022-10-13,,,10.4,,,,,10.9,,,,,,84,99,29.3,4.77,11.0,-0.9785,0.206,10.5,11.0,11.0,station
2022-10-14,,,12.6,,,,,12.7,,,,,,69,92,26.6,11.43,0.2,-0.9749,0.2228,10.6,12.0,12.0,station
2022-10-15,,,14.9,,,,,14.4,,,,,,72,100,16.9,10.06,0.3,-0.9709,0.2396,12.7,14.0,14.0,station
2022-10-16,,,14.7,,,,,14.6,,,,,,79,30,20.3,23.64,0.0,-0.9666,0.2562,14.5,17.0,17.0,station
2022-10-17,,,16.3,,,,,16.7,,,,,,84,36,25.2,23.67,0.1,-0.9621,0.2728,16.5,18.0,18.0,station
2022-10-18,,,15.7,,,,,16.0,,,,,,76,31,27.0,23.9,1.2,-0.9572,0.2893,15.6,17.0,17.0,station
2022-10-19,,,14.1,,,,,14.6,,,,,,74,45,22.7,22.8,0.9,-0.9521,0.3057,15.1,15.0,15.0,station
2022-10-20,,,16.1,,,,,15.7,,,,,,68,25,36.0,24.93,0.0,-0.9467,0.3221,16.0,18.0,18.0,station
2022-10-21,,,13.0,,,,,12.8,,,,,,59,58,41.2,18.33,0.5,-0.941,0.3383,12.3,13.0,13.0,station
2022-10-22,,,14.5,,,,,14.7,,,,,,67,7,18.3,26.07,0.0,-0.9351,0.3545,14.4,14.0,14.0,station
2022-10-23,,,15.5,,,,,15.7,,,,,,79,19,43.0,23.61,0.0,-0.9288,0.3705,14.9,16.0,16.0,station
2022-10-24,,,18.8,,,,,19.0,,,,,,71,67,43.4,26.3,0.1,-0.9223,0.3864,19.0,20.0,20.0,station
2022-10-25,,,12.1,,,,,12.5,,,,,,65,78,35.6,13.87,0.2,-0.9155,0.4022,11.4,12.0,12.0,station
2022-10-26,,,15.5,,,,,15.8,,,,,,76,43,37.0,25.63,0.0,-0.9085,0.4179,15.6,17.0,17.0,station
2022-10-27,,,16.8,,,,,16.2,,,,,,83,95,33.2,22.62,0.0,-0.9012,0.4335,17.2,19.0,19.0,station
2022-10-28,,,16.8,,,,,17.1,,,,,,85,99,39.4,17.37,2.0,-0.8936,0.4489,17.8,19.0,19.0,station
2022-10-29,,,16.5,,,,,17.5,,,,,,91,100,46.7,9.86,6.4,-0.8857,0.4642,17.6,19.0,19.0,station
2022-10-30,,,17.5,,,,,17.4,,,,,,86,91,42.5,21.42,1.7,-0.8776,0.4794,17.3,19.0,19.0,station
2022-10-31,,,18.3,,,,,18.4,,,,,,91,68,28.4,15.79,0.2,-0.8692,0.4944,17.7,21.0,21.0,station
2022-11-01,,,16.5,,,,,16.7,,,,,,80,22,42.7,27.67,0.0,-0.8606,0.5093,16.5,19.0,19.0,station
2022-11-02,,,17.2,,,,,16.7,,,,,,84,100,49.8,11.79,0.5,-0.8517,0.524,17.8,19.0,19.0,station
2022-11-03,,,17.9,,,,,18.1,,,,,,81,47,51.9,23.28,7.7,-0.8426,0.5386,18.5,20.0,20.0,station
2022-11-04,,,16.8,,,,,17.4,,,,,,69,5,39.4,28.2,0.0,-0.8332,0.553,18.2,19.0,19.0,station
2022-11-05,,,16.9,,,,,16.9,,,,,,66,22,26.0,28.23,0.0,-0.8235,0.5672,16.5,18.0,18.0,station
2022-11-06,,,17.4,,,,,18.4,,,,,,73,54,13.9,22.56,0.4,-0.8137,0.5813,17.1,17.0,17.0,station
2022-11-07,,,17.8,,,,,17.0,,,,,,78,5,33.7,28.13,0.0,-0.8035,0.5952,17.4,19.0,19.0,station
2022-11-08,,,18.3,,,,,17.6,,,,,,80,14,23.5,27.85,0.0,-0.7932,0.609,16.9,18.0,18.0,station
2022-11-09,,,19.9,,,,,18.4,,,,,,81,5,17.7,29.78,0.0,-0.7826,0.6225,19.4,19.0,19.0,station
2022-11-10,,,14.3,,,,,14.4,,,,,,68,59,41.7,27.11,0.1,-0.7718,0.6359,14.4,15.0,15.0,station
2022-11-11,,,18.1,,,,,18.0,,,,,,73,97,25.4,14.9,10.7,-0.7607,0.6491,16.8,17.0,17.0,station
2022-11-12,,,19.2,,,,,20.8,,,,,,90,68,27.6,22.05,0.3,-0.7494,0.6621,19.0,21.0,21.0,station
2022-11-13,,,20.0,,,,,19.6,,,,,,87,56,18.4,20.83,0.8,-0.7379,0.6749,19.4,20.0,20.0,station
2022-11-14,,,18.0,,,,,16.4,,,,,,81,34,24.0,28.75,1.3,-0.7262,0.6875,17.7,16.0,16.0,station
2022-11-15,,,19.8,,,,,19.6,,,,,,77,0,27.4,29.89,0.0,-0.7143,0.6998,20.9,24.0,24.0,station
2022-11-16,,,19.0,,,,,18.5,,,,,,81,47,31.0,28.75,0.0,-0.7021,0.712,19.0,21.0,21.0,station
2022-11-17,,,21.2,,,,,20.5,,,,,,88,92,16.0,19.55,10.5,-0.6898,0.724,19.8,20.0,20.0,station
2022-11-18,,,20.6,,,,,22.2,,,,,,91,70,15.3,24.23,11.6,-0.6772,0.7358,21.3,21.0,21.0,station
2022-11-19,,,18.9,,,,,18.9,,,,,,86,60,31.3,26.89,14.7,-0.6645,0.7473,18.4,21.0,21.0,station
2022-11-20,,,19.7,,,,,19.5,,,,,,84,85,28.5,24.93,2.9,-0.6515,0.7586,18.8,21.0,21.0,station
2022-11-21,,,18.3,,,,,18.0,,,,,,85,54,47.7,19.64,5.1,-0.6384,0.7697,17.8,19.0,19.0,station
2022-11-22,,,18.8,,,,,18.8,,,,,,75,30,42.9,29.65,0.9,-0.625,0.7806,18.3,20.0,20.0,station
2022-11-23,,,20.5,,,,,19.5,,,,,,66,73,48.2,29.53,5.4,-0.6115,0.7912,19.3,22.0,22.0,station
2022-11-24,,,16.2,,,,,16.4,,,,,,68,30,42.8,30.52,0.0,-0.5978,0.8016,16.0,18.0,18.0,station
2022-11-25,,,17.2,,,,,17.6,,,,,,61,34,24.6,28.35,1.6,-0.584,0.8118,17.8,19.0,19.0,station
2022-11-26,,,16.9,,,,,17.0,,,,,,68,81,39.0,29.27,0.0,-0.5699,0.8217,17.7,18.0,18.0,station
2022-11-27,,,14.8,,,,,14.4,,,,,,92,94,32.5,5.17,28.3,-0.5557,0.8314,14.5,16.0,16.0,station
2022-11-28,,,16.9,,,,,16.6,,,,,,77,57,37.8,25.1,2.9,-0.5413,0.8408,16.5,18.0,18.0,station
2022-11-29,,,17.8,,,,,17.8,,,,,,72,78,40.6,25.51,0.8,-0.5268,0.85,17.2,18.0,18.0,station
2022-11-30,,,17.7,,,,,18.7,,,,,,81,71,43.1,28.3,3.3,-0.5121,0.859,17.5,19.0,19.0,station
2022-12-01,,,14.7,,,,,15.6,,,,,,76,79,40.1,22.06,3.3,-0.4972,0.8676,14.7,15.0,15.0,station
2022-12-02,,,14.1,,,,,14.1,,,,,,73,49,31.5,26.55,0.8,-0.4822,0.8761,14.6,16.0,16.0,station
2022-12-03,,,14.2,,,,,14.4,,,,,,67,68,23.9,20.96,0.1,-0.4671,0.8842,13.9,16.0,16.0,station
2022-12-04,,,17.9,,,,,17.5,,,,,,77,15,33.5,31.65,0.0,-0.4518,0.8921,17.9,20.0,20.0,station
2022-12-05,,,18.8,,,,,19.6,,,,,,78,17,33.9,30.02,0.0,-0.4364,0.8998,18.4,20.0,20.0,station
2022-12-06,,,18.7,,,,,21.3,,,,,,72,34,40.3,30.99,0.0,-0.4208,0.9071,19.1,19.0,19.0,station
2022-12-07,,,15.4,,,,,15.7,,,,,,62,98,34.8,26.98,0.0,-0.4052,0.9142,14.9,16.0,16.0,station
2022-12-08,,,19.7,,,,,18.6,,,,,,66,81,16.4,25.84,0.0,-0.3894,0.9211,17.4,19.0,19.0,station
2022-12-09,,,17.4,,,,,17.1,,,,,,80,97,28.8,9.53,14.3,-0.3735,0.9276,19.9,19.0,19.0,station
2022-12-10,,,20.0,,,,,20.3,,,,,,85,98,30.1,25.18,1.1,-0.3575,0.9339,19.7,22.0,22.0,station
2022-12-11,,,19.0,,,,,19.0,,,,,,81,30,29.4,31.63,0.1,-0.3413,0.9399,19.0,21.0,21.0,station
2022-12-12,,,19.3,,,,,20.0,,,,,,79,9,25.5,31.94,0.0,-0.3251,0.9457,19.6,22.0,22.0,station
2022-12-13,,,24.2,,,,,23.0,,,,,,86,11,23.5,31.79,0.0,-0.3088,0.9511,21.7,24.0,24.0,station
2022-12-14,,,21.4,,,,,20.8,,,,,,83,75,23.2,26.28,2.4,-0.2924,0.9563,22.5,24.0,24.0,station
2022-12-15,,,18.1,,,,,22.2,,,,,,94,94,10.8,8.66,10.1,-0.2759,0.9612,20.0,20.0,20.0,station
2022-12-16,,,20.6,,,,,20.8,,,,,,92,86,28.8,19.23,1.2,-0.2593,0.9658,21.5,23.0,23.0,station
2022-12-17,,,19.0,,,,,20.0,,,,,,93,100,25.2,5.71,8.5,-0.2427,0.9701,18.3,20.0,20.0,station
2022-12-18,,,17.4,,,,,18.8,,,,,,89,100,30.3,11.79,13.3,-0.226,0.9741,16.9,17.0,17.0,station
2022-12-19,,,18.2,,,,,17.1,,,,,,84,80,28.2,21.23,3.1,-0.2092,0.9779,18.2,18.0,18.0,station
2022-12-20,,,17.9,,,,,16.0,,,,,,86,89,36.6,23.3,8.0,-0.1923,0.9813,19.1,19.0,19.0,station
2022-12-21,,,16.8,,,,,16.8,,,,,,80,97,35.7,11.82,8.2,-0.1754,0.9845,15.6,16.0,16.0,station
2022-12-22,,,16.5,,,,,16.7,,,,,,76,90,28.0,21.18,0.3,-0.1585,0.9874,17.6,18.0,18.0,station
2022-12-23,,,21.1,,,,,20.3,,,,,,89,85,18.1,19.41,5.7,-0.1414,0.9899,20.0,23.0,23.0,station
2022-12-24,,,20.4,,,,,20.5,,,,,,92,90,16.5,23.12,0.6,-0.1244,0.9922,18.9,20.0,20.0,station
2022-12-25,,,19.8,,,,,21.0,,,,,,86,58,22.3,30.9,0.0,-0.1073,0.9942,20.4,23.0,23.0,station
2022-12-26,,,21.8,,,,,21.4,,,,,,87,15,17.6,29.81,0.0,-0.0902,0.9959,21.9,22.0,22.0,station
2022-12-27,,,18.8,,,,,19.3,,,,,,82,35,26.9,30.13,0.1,-0.073,0.9973,17.9,19.0,19.0,station
2022-12-28,,,20.0,,,,,19.2,,,,,,83,17,18.5,29.81,0.1,-0.0559,0.9984,19.6,20.0,20.0,station
2022-12-29,,,21.0,,,,,20.8,,,,,,81,0,38.2,33.17,0.0,-0.0387,0.9993,20.6,23.0,23.0,station
2022-12-30,,,21.2,,,,,20.2,,,,,,79,52,46.6,22.11,0.9,-0.0215,0.9998,20.3,21.0,21.0,station
2022-12-31,,,18.2,,,,,18.1,,,,,,58,44,34.0,25.83,0.0,-0.0043,1.0,16.5,17.0,17.0,station
2023-01-01,,,17.6,,,,,18.3,,,,,,67,88,26.8,15.47,0.1,0.0172,0.9999,15.7,17.0,17.0,station
2023-01-02,,,20.8,,,,,21.6,,,,,,73,73,18.8,20.86,0.0,0.0344,0.9994,19.4,20.0,20.0,station
2023-01-03,,,23.2,,,,,22.6,,,,,,76,62,21.3,30.59,0.0,0.0516,0.9987,21.7,21.0,21.0,station
2023-01-04,,,24.6,,,,,24.9,,,,,,72,98,18.9,22.36,0.3,0.0688,0.9976,22.6,23.0,23.0,station
2023-01-05,,,20.1,,,,,19.5,,,,,,78,100,15.5,10.54,1.1,0.0859,0.9963,21.6,21.0,21.0,station
2023-01-06,,,20.8,,,,,21.6,,,,,,87,91,28.8,20.6,15.4,0.103,0.9947,21.9,22.0,22.0,station
2023-01-07,,,17.6,,,,,17.3,,,,,,96,100,47.4,5.39,18.6,0.1201,0.9928,18.1,19.0,19.0,station
2023-01-08,,,16.0,,,,,16.3,,,,,,80,100,48.4,12.77,4.9,0.1372,0.9905,15.0,15.0,15.0,station
2023-01-09,,,20.3,,,,,20.4,,,,,,74,72,29.0,22.01,0.0,0.1542,0.988,18.6,20.0,20.0,station
2023-01-10,,,21.0,,,,,22.1,,,,,,76,100,25.8,18.94,1.1,0.1712,0.9852,20.6,21.0,21.0,station
2023-01-11,,,16.7,,,,,16.0,,,,,,92,100,47.1,8.14,15.5,0.1881,0.9821,17.2,17.0,17.0,station
2023-01-12,,,17.4,,,,,17.5,,,,,,77,66,45.7,23.95,2.2,0.205,0.9788,16.4,18.0,18.0,station
2023-01-13,,,17.6,,,,,17.3,,,,,,71,23,24.6,30.06,0.0,0.2218,0.9751,16.7,19.0,19.0,station
2023-01-14,,,18.5,,,,,18.8,,,,,,72,20,25.7,31.81,0.0,0.2385,0.9711,17.4,19.0,19.0,station
2023-01-15,,,19.8,,,,,20.4,,,,,,77,3,21.3,31.32,0.0,0.2552,0.9669,18.7,19.0,19.0,station
2023-01-16,,,20.3,,,,,20.5,,,,,,80,4,26.7,31.77,0.0,0.2718,0.9624,20.2,22.0,22.0,station
2023-01-17,,,21.1,,,,,21.6,,,,,,87,39,34.3,28.98,0.0,0.2883,0.9575,20.9,23.0,23.0,station
2023-01-18,,,22.4,,,,,21.8,,,,,,86,39,18.4,30.2,0.2,0.3047,0.9524,20.8,22.0,22.0,station
2023-01-19,,,23.3,,,,,23.4,,,,,,85,37,16.8,26.05,0.0,0.3211,0.9471,22.5,21.0,21.0,station
2023-01-20,,,21.3,,,,,21.1,,,,,,80,35,37.7,30.44,0.0,0.3373,0.9414,21.4,23.0,23.0,station
2023-01-21,,,18.1,,,,,18.0,,,,,,78,41,29.9,26.37,0.1,0.3534,0.9355,18.3,20.0,20.0,station
2023-01-22,,,21.0,,,,,21.1,,,,,,76,32,29.2,28.62,0.0,0.3695,0.9292,20.9,23.0,23.0,station
2023-01-23,,,18.6,,,,,19.0,,,,,,73,23,24.6,26.67,0.3,0.3854,0.9227,17.8,19.0,19.0,station
2023-01-24,,,19.1,,,,,19.6,,,,,,72,10,22.6,29.29,0.0,0.4012,0.916,19.7,20.0,20.0,station
2023-01-25,,,20.9,,,,,21.6,,,,,,77,43,19.1,25.6,0.4,0.4169,0.9089,21.2,23.0,23.0,station
2023-01-26,,,21.4,,,,,21.2,,,,,,80,59,27.3,28.35,0.6,0.4325,0.9016,21.5,24.0,24.0,station
2023-01-27,,,19.8,,,,,19.9,,,,,,83,100,18.0,12.39,9.3,0.4479,0.8941,21.5,22.0,22.0,station
2023-01-28,,,17.8,,,,,17.7,,,,,,91,100,47.8,7.49,8.2,0.4633,0.8862,17.2,17.0,17.0,station
2023-01-29,,,24.3,,,,,22.0,,,,,,95,100,29.8,17.16,6.3,0.4784,0.8781,22.1,21.0,21.0,station
2023-01-30,,,22.5,,,,,21.6,,,,,,87,99,24.1,18.61,0.9,0.4935,0.8698,22.3,25.0,25.0,station
2023-01-31,,,21.3,,,,,22.6,,,,,,92,98,14.6,15.85,0.1,0.5084,0.8611,20.8,21.0,21.0,station
2023-02-01,,,22.8,,,,,23.3,,,,,,83,97,28.5,13.61,1.9,0.5231,0.8523,24.0,23.0,23.0,station
2023-02-02,,,22.9,,,,,22.9,,,,,,84,95,35.2,24.96,0.2,0.5377,0.8432,23.2,25.0,25.0,station
2023-02-03,,,22.4,,,,,22.6,,,,,,92,86,34.6,14.96,4.1,0.5521,0.8338,22.2,25.0,25.0,station
2023-02-04,,,22.5,,,,,22.6,,,,,,92,75,31.5,23.62,0.0,0.5664,0.8242,22.9,25.0,25.0,station
2023-02-05,,,22.1,,,,,22.2,,,,,,89,87,48.5,14.43,6.5,0.5805,0.8143,22.8,24.0,24.0,station
2023-02-06,,,20.9,,,,,21.8,,,,,,78,17,46.2,27.96,0.3,0.5944,0.8042,22.6,24.0,24.0,station
2023-02-07,,,21.2,,,,,21.3,,,,,,74,4,35.5,28.8,0.0,0.6081,0.7938,22.2,24.0,24.0,station
2023-02-08,,,21.3,,,,,21.2,,,,,,70,13,32.2,27.35,0.7,0.6217,0.7833,22.8,24.0,24.0,station
2023-02-09,,,16.7,,,,,16.8,,,,,,69,27,34.3,21.88,0.5,0.6351,0.7725,17.8,19.0,19.0,station
2023-02-10,,,21.9,,,,,21.1,,,,,,61,42,14.7,23.8,0.2,0.6483,0.7614,21.1,21.0,21.0,station
2023-02-11,,,21.9,,,,,21.6,,,,,,68,65,20.9,26.07,0.0,0.6613,0.7502,20.6,20.0,20.0,station
2023-02-12,,,21.2,,,,,19.9,,,,,,65,100,22.1,16.29,0.2,0.6741,0.7387,21.4,21.0,21.0,station
2023-02-13,,,20.5,,,,,21.5,,,,,,70,100,36.1,12.81,1.6,0.6867,0.727,19.7,21.0,21.0,station
2023-02-14,,,16.5,,,,,16.2,,,,,,91,100,56.0,4.91,25.7,0.6991,0.715,16.7,17.0,17.0,station
2023-02-15,,,17.9,,,,,19.5,,,,,,82,95,43.4,16.38,9.2,0.7113,0.7029,19.5,18.0,18.0,station
2023-02-16,,,15.3,,,,,17.1,,,,,,84,100,45.8,9.51,22.4,0.7233,0.6906,16.3,17.0,17.0,station
2023-02-17,,,18.3,,,,,18.5,,,,,,79,85,38.2,20.39,1.6,0.735,0.678,17.5,18.0,18.0,station
2023-02-18,,,21.4,,,,,21.5,,,,,,80,57,14.5,22.89,0.0,0.7466,0.6653,20.3,20.0,20.0,station
2023-02-19,,,20.5,,,,,20.5,,,,,,83,36,36.4,22.68,0.2,0.7579,0.6523,20.5,22.0,22.0,station
2023-02-20,,,21.4,,,,,21.2,,,,,,87,9,27.6,26.07,0.0,0.769,0.6392,21.7,23.0,23.0,station
2023-02-21,,,21.7,,,,,21.6,,,,,,88,15,34.1,25.72,0.0,0.7799,0.6259,21.9,23.0,23.0,station
2023-02-22,,,21.2,,,,,21.3,,,,,,89,56,36.6,13.94,2.8,0.7906,0.6124,19.7,20.0,20.0,station
2023-02-23,,,14.5,,,,,14.4,,,,,,79,98,39.0,7.35,6.6,0.801,0.5987,14.5,15.0,15.0,station
2023-02-24,,,16.3,,,,,16.7,,,,,,71,91,36.1,17.62,2.7,0.8112,0.5848,15.4,17.0,17.0,station
2023-02-25,,,19.9,,,,,17.4,,,,,,77,83,32.5,17.84,7.9,0.8211,0.5708,17.7,17.0,17.0,station
2023-02-26,,,19.4,,,,,19.5,,,,,,85,62,22.4,21.1,3.5,0.8308,0.5566,19.5,20.0,20.0,station
2023-02-27,,,19.9,,,,,19.0,,,,,,89,72,22.6,18.4,1.0,0.8402,0.5422,17.9,18.0,18.0,station
2023-02-28,,,18.1,,,,,18.3,,,,,,88,35,26.3,21.28,1.4,0.8495,0.5277,17.4,19.0,19.0,station
2023-03-01,,,20.0,,,,,19.6,,,,,,86,28,26.3,23.71,0.0,0.8584,0.513,19.8,22.0,22.0,station
2023-03-02,,,20.8,,,,,20.9,,,,,,84,57,32.3,22.67,0.0,0.8671,0.4981,21.1,23.0,23.0,station
2023-03-03,,,20.2,,,,,20.7,,,,,,89,82,33.8,19.67,0.0,0.8755,0.4831,20.8,22.0,22.0,station
2023-03-04,,,18.7,,,,,18.4,,,,,,89,72,28.0,16.14,0.8,0.8837,0.468,18.6,20.0,20.0,station
2023-03-05,,,16.3,,,,,16.4,,,,,,81,96,32.3,9.57,9.1,0.8916,0.4527,17.1,18.0,18.0,station
2023-03-06,,,16.7,,,,,16.7,,,,,,70,29,29.8,19.1,0.6,0.8993,0.4373,16.2,18.0,18.0,station
2023-03-07,,,17.8,,,,,18.3,,,,,,75,28,24.5,20.99,0.0,0.9067,0.4218,18.9,20.0,20.0,station
2023-03-08,,,20.1,,,,,20.2,,,,,,83,63,35.3,19.87,0.0,0.9138,0.4061,20.5,22.0,22.0,station
2023-03-09,,,20.6,,,,,20.3,,,,,,88,61,41.4,18.5,1.2,0.9207,0.3904,20.5,22.0,22.0,station
2023-03-10,,,20.4,,,,,21.1,,,,,,89,50,35.1,19.86,4.1,0.9272,0.3745,20.6,22.0,22.0,station
2023-03-11,,,20.5,,,,,22.1,,,,,,82,36,19.0,20.89,0.3,0.9335,0.3585,19.7,21.0,21.0,station
2023-03-12,,,19.8,,,,,20.0,,,,,,79,56,35.7,21.64,0.0,0.9396,0.3424,20.5,22.0,22.0,station
2023-03-13,,,19.2,,,,,19.2,,,,,,80,55,43.8,11.21,7.6,0.9453,0.3261,20.4,20.0,20.0,station
2023-03-14,,,18.1,,,,,18.0,,,,,,67,5,20.8,19.98,0.0,0.9508,0.3098,16.9,17.0,17.0,station
2023-03-15,,,19.1,,,,,18.9,,,,,,76,19,17.6,20.66,0.0,0.956,0.2934,19.4,20.0,20.0,station
2023-03-16,,,18.9,,,,,18.8,,,,,,75,82,42.4,16.34,0.3,0.9609,0.2769,19.4,21.0,21.0,station
2023-03-17,,,20.0,,,,,20.1,,,,,,85,97,58.6,13.99,4.9,0.9655,0.2604,20.7,22.0,22.0,station
2023-03-18,,,18.2,,,,,18.5,,,,,,80,56,33.1,18.5,3.9,0.9698,0.2437,18.6,20.0,20.0,station
2023-03-19,,,20.2,,,,,18.9,,,,,,75,56,22.3,17.48,0.2,0.9739,0.227,19.5,21.0,21.0,station
2023-03-20,,,19.6,,,,,19.6,,,,,,78,68,54.1,17.75,0.3,0.9777,0.2102,19.3,21.0,21.0,station
2023-03-21,,,19.0,,,,,18.6,,,,,,71,60,55.1,17.81,5.6,0.9811,0.1934,18.6,20.0,20.0,station
2023-03-22,,,16.8,,,,,16.2,,,,,,60,66,47.8,12.12,0.1,0.9843,0.1765,15.5,16.0,16.0,station
2023-03-23,,,16.3,,,,,16.4,,,,,,67,25,31.7,20.04,0.1,0.9872,0.1595,16.2,17.0,17.0,station
2023-03-24,,,17.2,,,,,17.0,,,,,,71,84,25.8,10.8,0.0,0.9898,0.1425,17.4,18.0,18.0,station
2023-03-25,,,18.5,,,,,18.8,,,,,,74,73,39.9,17.24,0.0,0.9921,0.1255,19.5,20.0,20.0,station
2023-03-26,,,20.3,,,,,19.4,,,,,,84,30,39.1,18.17,0.0,0.9941,0.1084,20.6,21.0,21.0,station
2023-03-27,,,18.2,,,,,17.7,,,,,,79,30,37.8,17.4,0.0,0.9958,0.0913,18.1,19.0,19.0,station
2023-03-28,,,20.1,,,,,18.8,,,,,,74,83,51.6,7.72,16.5,0.9972,0.0741,18.6,19.0,19.0,station
2023-03-29,,,10.9,,,,,12.3,,,,,,63,66,59.0,14.55,0.9,0.9984,0.057,12.2,12.0,12.0,station
2023-03-30,,,13.1,,,,,13.5,,,,,,68,98,55.0,5.02,1.5,0.9992,0.0398,14.0,15.0,15.0,station
2023-03-31,,,17.5,,,,,17.7,,,,,,76,77,29.0,12.84,0.3,0.9997,0.0226,17.6,19.0,19.0,station
2023-04-01,,,17.1,,,,,17.8,,,,,,85,87,39.4,7.79,5.8,1.0,0.0054,17.8,19.0,19.0,station
2023-04-02,,,18.8,,,,,18.7,,,,,,83,33,32.8,17.29,0.0,0.9999,-0.0118,19.5,21.0,21.0,station
2023-04-03,,,14.6,,,,,15.5,,,,,,80,76,31.0,10.88,7.9,0.9996,-0.029,15.0,16.0,16.0,station
2023-04-04,,,17.4,,,,,17.1,,,,,,73,24,11.6,17.04,0.1,0.9989,-0.0462,16.8,17.0,17.0,station
2023-04-05,,,17.8,,,,,17.6,,,,,,79,49,34.6,17.09,0.0,0.998,-0.0634,17.7,19.0,19.0,station
2023-04-06,,,18.2,,,,,18.8,,,,,,81,100,37.7,12.93,0.0,0.9968,-0.0805,18.6,20.0,20.0,station
2023-04-07,,,15.5,,,,,15.7,,,,,,66,63,34.9,13.55,0.3,0.9952,-0.0977,14.6,16.0,16.0,station
2023-04-08,,,15.6,,,,,14.4,,,,,,63,93,26.1,10.01,0.2,0.9934,-0.1148,14.4,16.0,16.0,station
2023-04-09,,,18.1,,,,,17.6,,,,,,71,77,23.7,15.42,1.5,0.9913,-0.1319,19.3,17.0,17.0,station
2023-04-10,,,20.0,,,,,19.5,,,,,,82,79,41.3,11.88,15.1,0.9889,-0.1489,19.9,20.0,20.0,station
2023-04-11,,,17.5,,,,,17.7,,,,,,81,70,40.3,13.71,8.1,0.9861,-0.1659,18.6,20.0,20.0,station
2023-04-12,,,18.2,,,,,17.3,,,,,,88,69,25.2,13.43,10.0,0.9831,-0.1828,17.2,19.0,19.0,station
2023-04-13,,,16.0,,,,,16.4,,,,,,88,75,24.4,10.43,2.4,0.9799,-0.1997,16.3,17.0,17.0,station
2023-04-14,,,16.2,,,,,17.6,,,,,,80,61,33.0,11.93,0.0,0.9763,-0.2165,16.2,17.0,17.0,station
2023-04-15,,,18.3,,,,,18.1,,,,,,73,34,25.5,11.81,0.0,0.9724,-0.2333,17.5,19.0,19.0,station
2023-04-16,,,18.5,,,,,18.0,,,,,,78,67,14.7,14.29,0.0,0.9683,-0.25,17.8,17.0,17.0,station
2023-04-17,,,18.2,,,,,18.9,,,,,,74,68,16.6,13.86,0.0,0.9638,-0.2666,18.6,20.0,20.0,station
2023-04-18,,,17.0,,,,,18.0,,,,,,80,93,29.5,5.03,0.7,0.9591,-0.2831,18.3,19.0,19.0,station
2023-04-19,,,17.5,,,,,17.6,,,,,,94,100,34.9,1.72,58.6,0.9541,-0.2996,17.6,19.0,19.0,station
2023-04-20,,,17.5,,,,,17.6,,,,,,92,98,30.6,7.84,0.2,0.9488,-0.316,19.4,20.0,20.0,station
2023-04-21,,,18.0,,,,,17.9,,,,,,96,100,20.6,1.94,15.6,0.9432,-0.3322,17.9,19.0,19.0,station
2023-04-22,,,15.5,,,,,15.9,,,,,,92,98,29.4,5.11,15.4,0.9373,-0.3484,16.5,16.0,16.0,station
2023-04-23,,,17.6,,,,,17.4,,,,,,86,42,35.9,11.43,0.0,0.9312,-0.3645,17.3,18.0,18.0,station
2023-04-24,,,14.7,,,,,13.6,,,,,,61,38,51.3,12.55,2.4,0.9248,-0.3804,17.3,18.0,18.0,station
2023-04-25,,,16.3,,,,,16.4,,,,,,65,12,31.0,13.26,0.0,0.9181,-0.3963,16.7,18.0,18.0,station
2023-04-26,,,16.4,,,,,16.4,,,,,,73,94,39.6,5.04,1.7,0.9112,-0.412,17.1,17.0,17.0,station
2023-04-27,,,15.0,,,,,14.5,,,,,,73,18,14.8,12.56,0.0,0.9039,-0.4276,15.1,15.0,15.0,station
2023-04-28,,,17.3,,,,,16.4,,,,,,83,14,10.4,12.27,0.0,0.8965,-0.4431,16.5,16.0,16.0,station
2023-04-29,,,15.9,,,,,15.7,,,,,,80,79,20.5,9.85,0.0,0.8887,-0.4585,16.3,18.0,18.0,station
2023-04-30,,,18.8,,,,,18.6,,,,,,86,91,11.9,7.11,0.0,0.8807,-0.4737,17.2,17.0,17.0,station
2023-05-01,,,21.0,,,,,20.3,,,,,,91,68,22.9,9.77,1.8,0.8724,-0.4888,20.3,17.0,17.0,station
2023-05-02,,,20.3,,,,,20.3,,,,,,87,77,31.8,10.14,0.2,0.8639,-0.5037,20.1,21.0,21.0,station
2023-05-03,,,18.7,,,,,18.5,,,,,,90,98,33.8,8.75,1.8,0.8551,-0.5185,19.0,20.0,20.0,station
2023-05-04,,,16.5,,,,,16.6,,,,,,97,100,33.9,1.55,42.9,0.846,-0.5331,17.2,18.0,18.0,station
2023-05-05,,,17.5,,,,,17.7,,,,,,93,100,31.2,3.73,5.8,0.8367,-0.5476,19.4,20.0,20.0,station
2023-05-06,,,16.5,,,,,16.8,,,,,,86,100,38.5,5.33,5.8,0.8272,-0.5619,18.7,20.0,20.0,station
2023-05-07,,,17.7,,,,,17.0,,,,,,86,100,22.0,5.79,0.8,0.8174,-0.5761,18.6,20.0,20.0,station
2023-05-08,,,18.7,,,,,18.7,,,,,,86,78,21.9,8.46,1.6,0.8074,-0.59,19.2,22.0,22.0,station
2023-05-09,,,17.6,,,,,17.6,,,,,,85,99,42.5,4.26,6.9,0.7971,-0.6038,18.2,20.0,20.0,station
2023-05-10,,,16.3,,,,,15.9,,,,,,76,76,43.2,6.98,12.0,0.7866,-0.6175,17.1,17.0,17.0,station
2023-05-11,,,10.9,,,,,10.7,,,,,,62,66,48.5,7.37,1.5,0.7759,-0.6309,12.1,12.0,12.0,station
2023-05-12,,,13.6,,,,,12.5,,,,,,59,52,27.6,6.65,0.1,0.7649,-0.6442,13.9,14.0,14.0,station
2023-05-13,,,14.0,,,,,13.7,,,,,,78,27,18.9,8.07,0.4,0.7537,-0.6572,14.8,15.0,15.0,station
2023-05-14,,,15.0,,,,,14.6,,,,,,79,44,26.1,9.45,0.0,0.7423,-0.6701,15.6,16.0,16.0,station
2023-05-15,,,14.1,,,,,14.1,,,,,,76,59,30.4,7.79,7.2,0.7306,-0.6828,15.3,14.0,14.0,station
2023-05-16,,,13.7,,,,,13.5,,,,,,80,51,26.8,7.54,5.9,0.7188,-0.6952,13.6,14.0,14.0,station
2023-05-17,,,14.6,,,,,15.0,,,,,,75,23,29.6,9.75,0.0,0.7067,-0.7075,15.5,16.0,16.0,station
2023-05-18,,,14.6,,,,,14.8,,,,,,75,100,24.6,6.22,0.3,0.6945,-0.7195,15.1,15.0,15.0,station
2023-05-19,,,12.8,,,,,13.9,,,,,,87,79,15.3,2.19,19.1,0.682,-0.7314,15.9,14.0,14.0,station
2023-05-20,,,13.3,,,,,13.3,,,,,,94,87,45.4,1.68,13.7,0.6693,-0.743,13.5,15.0,15.0,station
2023-05-21,,,13.5,,,,,13.9,,,,,,74,91,31.7,5.98,1.9,0.6564,-0.7544,14.4,15.0,15.0,station
2023-05-22,,,14.9,,,,,14.1,,,,,,79,75,29.3,6.78,1.1,0.6433,-0.7656,15.5,17.0,17.0,station
2023-05-23,,,14.9,,,,,16.3,,,,,,86,11,20.2,8.99,0.0,0.6301,-0.7765,16.5,16.0,16.0,station
2023-05-24,,,13.5,,,,,12.9,,,,,,77,34,38.8,7.65,0.7,0.6166,-0.7873,14.0,14.0,14.0,station
2023-05-25,,,15.1,,,,,14.8,,,,,,80,12,28.7,8.72,0.0,0.603,-0.7978,14.8,15.0,15.0,station
2023-05-26,,,15.8,,,,,15.8,,,,,,77,55,42.3,8.5,0.0,0.5892,-0.808,16.3,17.0,17.0,station
2023-05-27,,,15.7,,,,,15.8,,,,,,80,98,41.3,6.51,0.0,0.5752,-0.818,16.2,17.0,17.0,station
2023-05-28,,,16.3,,,,,16.5,,,,,,77,74,22.7,8.45,0.0,0.561,-0.8278,17.3,19.0,19.0,station
2023-05-29,,,16.7,,,,,17.0,,,,,,77,92,42.1,3.5,9.6,0.5467,-0.8373,16.5,18.0,18.0,station
2023-05-30,,,15.6,,,,,15.4,,,,,,82,52,41.1,6.89,0.4,0.5322,-0.8466,16.4,17.0,17.0,station
2023-05-31,,,14.4,,,,,14.6,,,,,,68,30,31.3,8.64,0.0,0.5176,-0.8556,14.6,16.0,16.0,station
2023-06-01,,,15.7,,,,,15.7,,,,,,80,86,44.3,7.3,0.0,0.5028,-0.8644,17.0,18.0,18.0,station
2023-06-02,,,16.2,,,,,16.0,,,,,,67,25,48.7,8.67,0.0,0.4878,-0.8729,16.3,18.0,18.0,station
2023-06-03,,,13.5,,,,,13.8,,,,,,69,12,29.2,7.9,0.2,0.4728,-0.8812,14.5,15.0,15.0,station
2023-06-04,,,14.7,,,,,14.5,,,,,,77,78,34.1,4.55,4.7,0.4575,-0.8892,14.6,15.0,15.0,station
2023-06-05,,,11.6,,,,,11.7,,,,,,77,95,48.8,2.15,17.4,0.4422,-0.8969,11.7,13.0,13.0,station
2023-06-06,,,12.2,,,,,12.1,,,,,,77,96,40.6,3.16,1.7,0.4267,-0.9044,12.2,12.0,12.0,station
2023-06-07,,,12.8,,,,,12.6,,,,,,70,77,31.6,5.09,0.0,0.4111,-0.9116,12.0,13.0,13.0,station
2023-06-08,,,14.5,,,,,13.9,,,,,,76,23,16.2,7.91,0.0,0.3953,-0.9185,14.0,13.0,13.0,station
2023-06-09,,,14.1,,,,,13.7,,,,,,85,17,19.4,7.26,0.0,0.3795,-0.9252,13.9,14.0,14.0,station
2023-06-10,,,14.0,,,,,13.2,,,,,,80,5,11.8,8.09,0.0,0.3635,-0.9316,13.6,12.0,12.0,station
2023-06-11,,,12.4,,,,,12.1,,,,,,82,34,20.4,8.2,0.0,0.3474,-0.9377,12.3,14.0,14.0,station
2023-06-12,,,12.8,,,,,12.9,,,,,,83,17,34.3,7.74,0.0,0.3312,-0.9436,12.9,13.0,13.0,station
2023-06-13,,,12.4,,,,,11.9,,,,,,78,25,29.7,7.51,0.8,0.3149,-0.9491,12.4,13.0,13.0,station
2023-06-14,,,11.8,,,,,11.7,,,,,,82,48,22.1,5.26,0.3,0.2986,-0.9544,11.8,13.0,13.0,station
2023-06-15,,,12.9,,,,,13.1,,,,,,85,49,22.2,5.7,0.4,0.2821,-0.9594,12.6,13.0,13.0,station
2023-06-16,,,12.4,,,,,12.5,,,,,,79,2,16.2,8.07,0.0,0.2656,-0.9641,12.3,13.0,13.0,station
2023-06-17,,,14.2,,,,,14.4,,,,,,86,74,18.5,6.2,0.3,0.2489,-0.9685,14.0,15.0,15.0,station
2023-06-18,,,13.4,,,,,15.0,,,,,,85,100,24.4,4.9,17.1,0.2322,-0.9727,15.4,16.0,16.0,station
2023-06-19,,,14.6,,,,,14.7,,,,,,88,96,24.5,3.84,5.2,0.2155,-0.9765,14.5,15.0,15.0,station
2023-06-20,,,14.4,,,,,13.5,,,,,,86,56,10.0,7.44,0.0,0.1986,-0.9801,14.4,15.0,15.0,station
2023-06-21,,,14.2,,,,,14.6,,,,,,83,31,24.0,7.65,0.0,0.1818,-0.9833,14.5,14.0,14.0,station
2023-06-22,,,13.8,,,,,14.1,,,,,,84,98,24.1,3.95,22.2,0.1648,-0.9863,15.3,15.0,15.0,station
2023-06-23,,,14.7,,,,,14.9,,,,,,85,100,27.2,4.01,6.7,0.1478,-0.989,16.0,17.0,17.0,station
2023-06-24,,,14.7,,,,,14.4,,,,,,89,100,22.1,3.14,7.5,0.1308,-0.9914,15.3,16.0,16.0,station
2023-06-25,,,15.5,,,,,15.9,,,,,,84,71,15.1,7.05,0.2,0.1137,-0.9935,15.5,16.0,16.0,station
2023-06-26,,,14.0,,,,,14.5,,,,,,77,55,23.8,7.39,0.7,0.0966,-0.9953,14.6,16.0,16.0,station
2023-06-27,,,12.6,,,,,12.4,,,,,,83,89,24.5,6.52,1.6,0.0795,-0.9968,13.2,14.0,14.0,station
2023-06-28,,,12.1,,,,,12.3,,,,,,84,92,9.2,5.39,0.0,0.0623,-0.9981,12.9,15.0,15.0,station
2023-06-29,,,12.8,,,,,13.7,,,,,,80,34,21.3,7.4,0.1,0.0451,-0.999,13.8,15.0,15.0,station
2023-06-30,,,11.8,,,,,11.3,,,,,,74,42,24.0,7.26,1.4,0.028,-0.9996,12.4,14.0,14.0,station
2023-07-01,,,12.0,,,,,11.9,,,,,,72,43,42.3,8.06,0.8,0.0108,-0.9999,12.1,13.0,13.0,station
2023-07-02,,,10.9,,,,,11.7,,,,,,60,35,32.5,6.83,2.8,-0.0065,-1.0,11.7,13.0,13.0,station
2023-07-03,,,13.7,,,,,13.2,,,,,,64,46,46.8,6.1,0.5,-0.0237,-0.9997,12.2,14.0,14.0,station
2023-07-04,,,13.9,,,,,13.7,,,,,,71,8,33.8,7.91,0.0,-0.0408,-0.9992,15.3,17.0,17.0,station
2023-07-05,,,13.0,,,,,12.8,,,,,,71,48,38.8,7.03,0.0,-0.058,-0.9983,14.5,14.0,14.0,station
2023-07-06,,,11.3,,,,,11.1,,,,,,75,38,36.2,7.26,0.0,-0.0752,-0.9972,11.3,12.0,12.0,station
2023-07-07,,,12.0,,,,,12.3,,,,,,80,63,11.7,7.61,0.0,-0.0923,-0.9957,11.7,12.0,12.0,station
2023-07-08,,,12.2,,,,,11.9,,,,,,84,94,31.9,1.71,9.2,-0.1094,-0.994,12.4,14.0,14.0,station
2023-07-09,,,11.6,,,,,12.1,,,,,,94,97,21.1,0.71,24.6,-0.1265,-0.992,12.1,13.0,13.0,station
2023-07-10,,,12.0,,,,,12.2,,,,,,92,100,6.5,4.52,2.0,-0.1436,-0.9896,12.4,12.0,12.0,station
2023-07-11,,,11.4,,,,,11.8,,,,,,91,63,22.6,6.77,0.3,-0.1606,-0.987,11.7,12.0,12.0,station
2023-07-12,,,13.6,,,,,13.7,,,,,,74,54,35.5,7.92,1.1,-0.1775,-0.9841,14.1,15.0,15.0,station
2023-07-13,,,13.9,,,,,13.6,,,,,,74,33,31.3,6.71,0.0,-0.1944,-0.9809,14.1,15.0,15.0,station
2023-07-14,,,15.8,,,,,16.1,,,,,,78,46,29.6,8.06,0.0,-0.2113,-0.9774,15.9,16.0,16.0,station
2023-07-15,,,14.0,,,,,14.1,,,,,,82,59,23.5,7.87,0.0,-0.2281,-0.9736,14.7,16.0,16.0,station
2023-07-16,,,14.1,,,,,14.0,,,,,,74,92,39.8,5.41,4.3,-0.2448,-0.9696,15.0,16.0,16.0,station
2023-07-17,,,12.8,,,,,13.3,,,,,,76,4,28.8,8.83,0.0,-0.2614,-0.9652,13.5,14.0,14.0,station
2023-07-18,,,14.2,,,,,14.2,,,,,,80,10,22.7,8.88,0.0,-0.278,-0.9606,15.1,16.0,16.0,station
2023-07-19,,,12.9,,,,,13.3,,,,,,77,6,43.6,8.38,0.0,-0.2945,-0.9557,13.4,14.0,14.0,station
2023-07-20,,,12.4,,,,,13.0,,,,,,84,92,39.0,4.59,2.6,-0.3109,-0.9505,12.9,13.0,13.0,station
2023-07-21,,,11.0,,,,,10.8,,,,,,63,70,44.9,7.97,0.3,-0.3272,-0.945,10.4,11.0,11.0,station
2023-07-22,,,10.3,,,,,10.3,,,,,,81,79,50.1,3.72,4.1,-0.3434,-0.9392,9.6,10.0,10.0,station
2023-07-23,,,9.9,,,,,12.4,,,,,,80,100,28.9,1.84,4.2,-0.3595,-0.9332,9.9,11.0,11.0,station
2023-07-24,,,11.6,,,,,11.6,,,,,,88,82,38.3,2.96,12.9,-0.3755,-0.9268,11.6,12.0,12.0,station
2023-07-25,,,12.2,,,,,12.3,,,,,,81,23,26.4,8.89,0.0,-0.3914,-0.9202,13.2,14.0,14.0,station
2023-07-26,,,8.6,,,,,9.1,,,,,,70,66,60.8,7.11,4.3,-0.4071,-0.9134,9.5,10.0,10.0,station
2023-07-27,,,11.3,,,,,12.6,,,,,,67,53,42.7,8.64,0.4,-0.4228,-0.9062,11.4,12.0,12.0,station
2023-07-28,,,9.6,,,,,9.9,,,,,,79,71,53.2,4.01,10.0,-0.4383,-0.8988,10.1,10.0,10.0,station
2023-07-29,,,11.7,,,,,11.5,,,,,,83,48,16.9,9.93,0.0,-0.4537,-0.8912,11.1,13.0,13.0,station
2023-07-30,,,11.7,,,,,12.5,,,,,,83,45,24.5,9.73,0.0,-0.469,-0.8832,11.8,13.0,13.0,station
2023-07-31,,,13.6,,,,,13.4,,,,,,86,27,38.8,8.52,0.0,-0.4841,-0.875,13.4,14.0,14.0,station
2023-08-01,,,14.0,,,,,13.6,,,,,,82,29,47.5,10.03,1.9,-0.4991,-0.8666,14.6,16.0,16.0,station
2023-08-02,,,12.4,,,,,9.4,,,,,,67,73,49.1,6.21,5.2,-0.5139,-0.8578,11.2,12.0,12.0,station
2023-08-03,,,9.0,,,,,9.8,,,,,,68,58,46.9,6.62,3.7,-0.5286,-0.8489,9.9,11.0,11.0,station
2023-08-04,,,12.2,,,,,11.6,,,,,,83,51,25.4,10.71,0.0,-0.5431,-0.8397,12.0,13.0,13.0,station
2023-08-05,,,10.6,,,,,10.3,,,,,,75,81,42.9,7.56,0.1,-0.5575,-0.8302,10.9,12.0,12.0,station
2023-08-06,,,10.6,,,,,10.2,,,,,,83,77,26.2,4.18,0.0,-0.5717,-0.8205,11.1,12.0,12.0,station
2023-08-07,,,13.1,,,,,13.1,,,,,,89,60,35.5,8.62,0.5,-0.5857,-0.8105,13.3,14.0,14.0,station
2023-08-08,,,10.1,,,,,8.9,,,,,,85,82,25.2,6.85,12.9,-0.5996,-0.8003,10.1,11.0,11.0,station
2023-08-09,,,10.3,,,,,10.1,,,,,,75,12,15.8,11.64,0.1,-0.6132,-0.7899,10.1,11.0,11.0,station
2023-08-10,,,7.3,,,,,7.2,,,,,,79,87,42.8,4.11,16.4,-0.6267,-0.7792,7.6,8.0,8.0,station
2023-08-11,,,9.4,,,,,9.4,,,,,,76,31,37.9,10.64,1.1,-0.64,-0.7683,9.4,10.0,10.0,station
2023-08-12,,,10.9,,,,,10.9,,,,,,77,31,34.9,11.08,0.0,-0.6532,-0.7572,11.3,12.0,12.0,station
2023-08-13,,,12.9,,,,,13.1,,,,,,82,54,37.2,10.16,0.2,-0.6661,-0.7459,13.0,14.0,14.0,station
2023-08-14,,,13.2,,,,,13.0,,,,,,75,17,38.0,12.21,0.3,-0.6788,-0.7343,13.2,15.0,15.0,station
2023-08-15,,,11.8,,,,,11.6,,,,,,75,26,31.7,10.94,0.5,-0.6914,-0.7225,11.7,13.0,13.0,station
2023-08-16,,,11.1,,,,,11.8,,,,,,80,85,33.7,5.44,7.1,-0.7037,-0.7105,11.1,11.0,11.0,station
2023-08-17,,,11.4,,,,,10.7,,,,,,74,25,37.8,12.18,0.1,-0.7158,-0.6983,10.9,12.0,12.0,station
2023-08-18,,,11.6,,,,,12.3,,,,,,79,29,25.1,13.05,0.0,-0.7277,-0.6859,11.7,13.0,13.0,station
2023-08-19,,,12.9,,,,,12.0,,,,,,79,93,46.6,4.76,10.7,-0.7394,-0.6733,12.1,12.0,12.0,station
2023-08-20,,,13.2,,,,,12.7,,,,,,86,70,42.7,10.52,3.9,-0.7509,-0.6605,13.6,14.0,14.0,station
2023-08-21,,,11.6,,,,,11.5,,,,,,79,51,50.0,7.85,1.7,-0.7621,-0.6474,11.1,12.0,12.0,station
2023-08-22,,,11.1,,,,,10.9,,,,,,71,66,44.6,8.13,0.6,-0.7731,-0.6342,10.1,11.0,11.0,station
2023-08-23,,,11.9,,,,,10.6,,,,,,80,58,6.9,10.26,0.2,-0.7839,-0.6208,11.5,11.0,11.0,station
2023-08-24,,,11.4,,,,,11.9,,,,,,81,77,13.3,11.88,0.0,-0.7945,-0.6073,11.7,14.0,14.0,station
2023-08-25,,,11.8,,,,,12.2,,,,,,84,57,14.8,11.08,0.0,-0.8048,-0.5935,11.1,11.0,11.0,station
2023-08-26,,,11.8,,,,,12.0,,,,,,81,38,23.6,12.23,0.0,-0.8149,-0.5796,12.5,14.0,14.0,station
2023-08-27,,,11.2,,,,,10.9,,,,,,78,74,38.0,3.72,1.2,-0.8248,-0.5655,11.3,11.0,11.0,station
2023-08-28,,,9.2,,,,,9.3,,,,,,71,50,41.3,11.88,1.5,-0.8344,-0.5512,8.5,9.0,9.0,station
2023-08-29,,,10.6,,,,,10.6,,,,,,75,2,20.2,14.95,0.0,-0.8437,-0.5368,11.5,13.0,13.0,station
2023-08-30,,,11.8,,,,,12.7,,,,,,81,18,31.3,13.38,0.1,-0.8528,-0.5222,12.2,14.0,14.0,station
2023-08-31,,,13.1,,,,,13.0,,,,,,79,17,38.0,14.58,0.0,-0.8617,-0.5074,12.6,14.0,14.0,station
2023-09-01,,,13.2,,,,,13.3,,,,,,69,6,38.5,15.72,0.0,-0.8703,-0.4925,13.3,14.0,14.0,station
2023-09-02,,,14.3,,,,,14.8,,,,,,84,31,29.8,14.89,0.0,-0.8786,-0.4775,14.0,16.0,16.0,station
2023-09-03,,,14.4,,,,,14.0,,,,,,84,54,23.3,15.08,0.0,-0.8867,-0.4623,14.4,16.0,16.0,station
2023-09-04,,,15.5,,,,,15.9,,,,,,79,47,22.3,12.57,0.0,-0.8945,-0.447,14.7,15.0,15.0,station
2023-09-05,,,15.6,,,,,14.2,,,,,,85,85,28.5,10.32,2.8,-0.9021,-0.4315,15.1,15.0,15.0,station
2023-09-06,,,14.7,,,,,14.9,,,,,,88,75,42.9,14.19,1.8,-0.9094,-0.4159,14.9,16.0,16.0,station
2023-09-07,,,14.9,,,,,14.6,,,,,,82,31,43.1,16.31,1.4,-0.9164,-0.4002,15.4,17.0,17.0,station
2023-09-08,,,17.4,,,,,17.1,,,,,,87,6,13.4,16.67,0.0,-0.9232,-0.3844,15.4,18.0,18.0,station
2023-09-09,,,15.1,,,,,15.0,,,,,,80,1,20.2,17.12,0.0,-0.9296,-0.3685,15.2,17.0,17.0,station
2023-09-10,,,14.4,,,,,14.3,,,,,,85,2,24.9,17.21,0.0,-0.9358,-0.3524,14.9,17.0,17.0,station
2023-09-11,,,14.8,,,,,15.0,,,,,,84,83,41.5,12.65,5.9,-0.9418,-0.3363,15.1,16.0,16.0,station
2023-09-12,,,13.1,,,,,13.6,,,,,,67,21,42.9,17.48,0.6,-0.9474,-0.32,13.5,15.0,15.0,station
2023-09-13,,,14.1,,,,,13.2,,,,,,67,0,30.8,18.27,0.0,-0.9528,-0.3037,15.2,16.0,16.0,station
2023-09-14,,,14.2,,,,,15.4,,,,,,73,46,51.5,13.65,1.3,-0.9579,-0.2873,14.1,15.0,15.0,station
2023-09-15,,,12.6,,,,,13.4,,,,,,70,41,41.9,12.62,1.5,-0.9627,-0.2707,13.5,14.0,14.0,station
2023-09-16,,,13.6,,,,,13.4,,,,,,74,75,48.9,13.08,0.1,-0.9672,-0.2541,13.2,14.0,14.0,station
2023-09-17,,,15.6,,,,,16.3,,,,,,82,67,64.1,15.36,0.0,-0.9714,-0.2375,16.2,19.0,19.0,station
2023-09-18,,,15.6,,,,,15.0,,,,,,61,13,37.7,17.83,0.0,-0.9753,-0.2207,16.3,18.0,18.0,station
2023-09-19,,,14.9,,,,,15.4,,,,,,79,60,42.3,13.46,0.0,-0.979,-0.2039,15.2,16.0,16.0,station
2023-09-20,,,15.2,,,,,15.0,,,,,,92,99,43.5,10.48,0.3,-0.9824,-0.187,15.6,17.0,17.0,station
2023-09-21,,,15.8,,,,,15.9,,,,,,87,84,44.3,13.44,0.5,-0.9854,-0.1701,14.7,15.0,15.0,station
2023-09-22,,,14.9,,,,,15.0,,,,,,88,75,38.1,10.7,1.8,-0.9882,-0.1531,15.6,17.0,17.0,station
2023-09-23,,,14.8,,,,,14.5,,,,,,93,98,41.7,2.8,22.0,-0.9907,-0.1361,14.8,16.0,16.0,station
2023-09-24,,,11.6,,,,,9.6,,,,,,81,98,36.4,8.19,3.5,-0.9929,-0.1191,11.5,13.0,13.0,station
2023-09-25,,,10.4,,,,,10.8,,,,,,73,99,44.6,6.75,0.5,-0.9948,-0.102,11.5,11.0,11.0,station
2023-09-26,,,10.3,,,,,9.4,,,,,,84,100,52.6,4.88,13.0,-0.9964,-0.0848,10.8,11.0,11.0,station
2023-09-27,,,8.6,,,,,9.0,,,,,,79,100,49.6,4.09,7.5,-0.9977,-0.0677,9.7,10.0,10.0,station
2023-09-28,,,13.7,,,,,14.2,,,,,,83,99,20.5,13.8,4.2,-0.9987,-0.0505,13.3,15.0,15.0,station
2023-09-29,,,13.2,,,,,13.1,,,,,,75,67,45.7,16.59,5.5,-0.9994,-0.0333,14.0,14.0,14.0,station
2023-09-30,,,12.2,,,,,12.5,,,,,,67,49,49.0,15.4,6.5,-0.9999,-0.0161,11.9,13.0,13.0,station
2023-10-01,,,15.0,,,,,14.2,,,,,,74,35,36.3,21.38,0.0,-1.0,0.0011,14.4,16.0,16.0,station
2023-10-02,,,15.2,,,,,15.9,,,,,,80,59,60.1,14.03,0.6,-0.9998,0.0183,16.2,16.0,16.0,station
2023-10-03,,,10.8,,,,,11.0,,,,,,63,40,51.4,15.75,2.1,-0.9994,0.0355,10.4,12.0,12.0,station
2023-10-04,,,13.5,,,,,13.3,,,,,,76,25,43.4,22.35,0.0,-0.9986,0.0527,13.6,14.0,14.0,station
2023-10-05,,,16.0,,,,,15.7,,,,,,86,59,32.6,21.48,0.0,-0.9976,0.0698,15.2,17.0,17.0,station
2023-10-06,,,15.0,,,,,15.0,,,,,,88,88,46.7,15.18,0.0,-0.9962,0.087,13.8,16.0,16.0,station
2023-10-07,,,13.0,,,,,14.0,,,,,,84,92,36.4,12.87,3.9,-0.9946,0.1041,13.5,14.0,14.0,station
2023-10-08,,,12.0,,,,,12.2,,,,,,73,82,26.1,14.97,0.1,-0.9926,0.1212,11.9,12.0,12.0,station
2023-10-09,,,13.2,,,,,13.1,,,,,,74,28,35.3,20.94,0.1,-0.9904,0.1383,14.4,15.0,15.0,station
2023-10-10,,,16.0,,,,,15.6,,,,,,71,60,26.8,21.01,0.1,-0.9879,0.1553,16.4,17.0,17.0,station
2023-10-11,,,12.9,,,,,12.9,,,,,,72,55,30.1,19.35,0.7,-0.9851,0.1722,13.3,14.0,14.0,station
2023-10-12,,,15.1,,,,,15.8,,,,,,70,3,24.9,23.97,0.0,-0.9819,0.1892,16.3,17.0,17.0,station
2023-10-13,,,15.1,,,,,15.1,,,,,,85,66,48.2,22.9,0.0,-0.9785,0.206,14.9,16.0,16.0,station
2023-10-14,,,15.5,,,,,15.6,,,,,,82,56,54.8,12.11,2.0,-0.9749,0.2228,15.2,16.0,16.0,station
2023-10-15,,,15.1,,,,,15.3,,,,,,75,37,57.8,16.95,2.5,-0.9709,0.2396,15.3,16.0,16.0,station
2023-10-16,,,14.3,,,,,14.6,,,,,,67,77,44.0,22.15,0.6,-0.9666,0.2562,14.4,16.0,16.0,station
2023-10-17,,,15.5,,,,,15.4,,,,,,90,100,50.9,4.45,16.4,-0.9621,0.2728,14.5,16.0,16.0,station
2023-10-18,,,15.2,,,,,15.5,,,,,,85,37,25.9,24.83,0.2,-0.9572,0.2893,15.6,18.0,18.0,station
2023-10-19,,,15.9,,,,,15.9,,,,,,84,35,36.8,24.02,0.0,-0.9521,0.3057,15.3,18.0,18.0,station
2023-10-20,,,15.9,,,,,16.2,,,,,,84,45,40.3,19.95,0.3,-0.9467,0.3221,16.1,17.0,17.0,station
2023-10-21,,,15.2,,,,,16.4,,,,,,85,74,25.8,19.86,0.6,-0.941,0.3383,15.2,15.0,15.0,station
2023-10-22,,,12.6,,,,,14.0,,,,,,78,76,29.0,13.12,0.2,-0.9351,0.3545,12.7,13.0,13.0,station
2023-10-23,,,15.2,,,,,15.7,,,,,,73,33,21.3,24.39,0.0,-0.9288,0.3705,14.7,16.0,16.0,station
2023-10-24,,,15.4,,,,,15.5,,,,,,80,93,42.8,15.4,2.2,-0.9223,0.3864,15.2,16.0,16.0,station
2023-10-25,,,17.2,,,,,17.4,,,,,,80,39,41.4,25.3,3.3,-0.9155,0.4022,17.6,20.0,20.0,station
2023-10-26,,,15.8,,,,,15.7,,,,,,85,98,62.4,11.76,1.2,-0.9085,0.4179,16.7,18.0,18.0,station
2023-10-27,,,13.3,,,,,13.3,,,,,,64,49,46.4,24.64,3.2,-0.9012,0.4335,13.4,14.0,14.0,station
2023-10-28,,,12.7,,,,,13.8,,,,,,62,1,13.4,27.97,0.0,-0.8936,0.4489,12.7,13.0,13.0,station
2023-10-29,,,16.4,,,,,16.6,,,,,,68,35,19.1,27.62,0.0,-0.8857,0.4642,15.8,17.0,17.0,station
2023-10-30,,,18.7,,,,,16.9,,,,,,71,100,28.4,24.22,3.3,-0.8776,0.4794,18.1,18.0,18.0,station
2023-10-31,,,19.5,,,,,19.3,,,,,,91,78,16.6,21.53,1.8,-0.8692,0.4944,20.6,20.0,20.0,station
2023-11-01,,,17.4,,,,,17.1,,,,,,86,41,32.6,27.58,0.0,-0.8606,0.5093,18.2,22.0,22.0,station
2023-11-02,,,17.3,,,,,16.5,,,,,,86,79,31.8,20.11,0.3,-0.8517,0.524,17.6,18.0,18.0,station
2023-11-03,,,14.2,,,,,13.5,,,,,,86,78,34.3,8.73,4.9,-0.8426,0.5386,16.2,19.0,19.0,station
2023-11-04,,,17.0,,,,,16.8,,,,,,80,12,35.6,26.37,1.2,-0.8332,0.553,16.5,19.0,19.0,station
2023-11-05,,,17.5,,,,,18.0,,,,,,82,49,20.8,24.21,1.8,-0.8235,0.5672,16.3,17.0,17.0,station
2023-11-06,,,10.9,,,,,11.4,,,,,,82,99,42.5,8.24,5.4,-0.8137,0.5813,11.9,13.0,13.0,station
2023-11-07,,,12.0,,,,,11.5,,,,,,81,93,43.6,15.94,3.6,-0.8035,0.5952,13.6,13.0,13.0,station
2023-11-08,,,13.9,,,,,13.8,,,,,,71,61,29.0,21.47,0.9,-0.7932,0.609,13.2,15.0,15.0,station
2023-11-09,,,14.0,,,,,13.5,,,,,,71,51,27.9,24.89,1.0,-0.7826,0.6225,13.8,15.0,15.0,station
2023-11-10,,,12.9,,,,,14.0,,,,,,63,62,36.2,20.28,0.1,-0.7718,0.6359,12.0,14.0,14.0,station
2023-11-11,,,15.6,,,,,16.5,,,,,,75,4,25.4,30.29,0.0,-0.7607,0.6491,15.7,18.0,18.0,station
2023-11-12,,,17.0,,,,,17.0,,,,,,77,15,36.7,30.55,0.0,-0.7494,0.6621,17.2,19.0,19.0,station
2023-11-13,,,17.3,,,,,17.0,,,,,,75,51,46.6,29.68,0.0,-0.7379,0.6749,17.5,19.0,19.0,station
2023-11-14,,,17.0,,,,,16.4,,,,,,80,57,50.4,27.02,0.0,-0.7262,0.6875,16.8,18.0,18.0,station
2023-11-15,,,17.7,,,,,17.6,,,,,,75,71,35.0,27.77,0.0,-0.7143,0.6998,18.7,21.0,21.0,station
2023-11-16,,,17.0,,,,,17.4,,,,,,79,69,42.3,28.23,0.6,-0.7021,0.712,17.2,19.0,19.0,station
2023-11-17,,,16.2,,,,,16.6,,,,,,86,97,42.8,12.91,3.4,-0.6898,0.724,17.4,18.0,18.0,station
2023-11-18,,,18.4,,,,,14.8,,,,,,75,94,22.6,27.06,2.1,-0.6772,0.7358,17.0,17.0,17.0,station
2023-11-19,,,14.2,,,,,13.6,,,,,,92,99,28.7,10.83,5.0,-0.6645,0.7473,15.5,16.0,16.0,station
2023-11-20,,,16.0,,,,,15.9,,,,,,75,66,33.4,24.42,0.0,-0.6515,0.7586,14.7,16.0,16.0,station
2023-11-21,,,16.9,,,,,16.2,,,,,,87,73,30.8,13.64,1.3,-0.6384,0.7697,17.3,16.0,16.0,station
2023-11-22,,,20.2,,,,,20.4,,,,,,80,32,15.6,29.13,0.0,-0.625,0.7806,19.1,20.0,20.0,station
2023-11-23,,,18.1,,,,,17.9,,,,,,82,64,40.0,26.83,0.0,-0.6115,0.7912,18.3,20.0,20.0,station
2023-11-24,,,15.6,,,,,16.4,,,,,,71,61,50.7,22.79,5.1,-0.5978,0.8016,14.8,16.0,16.0,station
2023-11-25,,,12.5,,,,,12.2,,,,,,70,79,51.0,14.78,3.6,-0.584,0.8118,12.3,12.0,12.0,station
2023-11-26,,,14.3,,,,,14.8,,,,,,66,39,36.6,30.59,0.0,-0.5699,0.8217,13.7,15.0,15.0,station
2023-11-27,,,17.5,,,,,17.3,,,,,,75,43,42.9,30.84,0.0,-0.5557,0.8314,17.3,19.0,19.0,station
2023-11-28,,,17.5,,,,,17.4,,,,,,84,76,46.8,22.11,0.4,-0.5413,0.8408,18.0,20.0,20.0,station
2023-11-29,,,13.0,,,,,13.1,,,,,,77,87,36.0,14.58,14.2,-0.5268,0.85,13.7,15.0,15.0,station
2023-11-30,,,16.3,,,,,16.7,,,,,,72,58,25.4,29.16,0.0,-0.5121,0.859,16.6,19.0,19.0,station
2023-12-01,,,15.0,,,,,14.9,,,,,,74,79,30.1,25.83,1.4,-0.4972,0.8676,14.2,16.0,16.0,station
2023-12-02,,,17.3,,,,,18.1,,,,,,78,97,30.1,24.63,0.0,-0.4822,0.8761,18.5,21.0,21.0,station
2023-12-03,,,15.6,,,,,14.6,,,,,,90,100,39.5,8.38,10.2,-0.4671,0.8842,17.1,17.0,17.0,station
2023-12-04,,,12.5,,,,,12.5,,,,,,80,100,28.3,13.04,0.5,-0.4518,0.8921,14.0,15.0,15.0,station
2023-12-05,,,17.4,,,,,16.1,,,,,,74,94,26.0,24.35,0.0,-0.4364,0.8998,17.8,19.0,19.0,station
2023-12-06,,,18.5,,,,,17.6,,,,,,81,81,32.6,26.81,0.0,-0.4208,0.9071,18.5,21.0,21.0,station
2023-12-07,,,20.9,,,,,17.0,,,,,,72,35,34.7,28.61,0.0,-0.4052,0.9142,19.3,21.0,21.0,station
2023-12-08,,,17.5,,,,,17.7,,,,,,78,20,22.7,31.19,0.0,-0.3894,0.9211,18.1,18.0,18.0,station
2023-12-09,,,17.9,,,,,18.1,,,,,,81,38,46.8,31.94,0.0,-0.3735,0.9276,17.5,20.0,20.0,station
2023-12-10,,,16.7,,,,,16.6,,,,,,75,69,50.4,12.61,1.9,-0.3575,0.9339,18.5,17.0,17.0,station
2023-12-11,,,17.0,,,,,17.1,,,,,,72,3,40.7,33.1,0.0,-0.3413,0.9399,16.7,19.0,19.0,station
2023-12-12,,,18.0,,,,,16.5,,,,,,64,54,43.6,26.58,7.9,-0.3251,0.9457,18.3,20.0,20.0,station
2023-12-13,,,15.3,,,,,15.2,,,,,,70,47,31.7,26.83,0.6,-0.3088,0.9511,15.6,16.0,16.0,station
2023-12-14,,,18.8,,,,,18.9,,,,,,74,38,24.7,29.85,0.0,-0.2924,0.9563,16.9,17.0,17.0,station
2023-12-15,,,17.9,,,,,17.8,,,,,,81,71,53.6,27.5,0.2,-0.2759,0.9612,17.4,18.0,18.0,station
2023-12-16,,,16.4,,,,,17.4,,,,,,93,98,43.4,10.74,22.4,-0.2593,0.9658,17.8,18.0,18.0,station
2023-12-17,,,19.1,,,,,18.9,,,,,,89,92,48.8,23.22,0.2,-0.2427,0.9701,19.0,21.0,21.0,station
2023-12-18,,,18.4,,,,,18.5,,,,,,86,74,23.2,25.66,0.7,-0.226,0.9741,16.7,17.0,17.0,station
2023-12-19,,,19.6,,,,,19.2,,,,,,84,44,29.5,28.86,0.2,-0.2092,0.9779,20.5,23.0,23.0,station
2023-12-20,,,18.9,,,,,19.0,,,,,,78,13,41.9,31.8,0.0,-0.1923,0.9813,17.6,21.0,21.0,station
2023-12-21,,,19.1,,,,,19.6,,,,,,85,86,43.2,19.54,0.0,-0.1754,0.9845,18.6,20.0,20.0,station
2023-12-22,,,20.1,,,,,21.6,,,,,,88,100,21.6,19.48,0.0,-0.1585,0.9874,17.8,17.0,17.0,station
2023-12-23,,,16.6,,,,,20.0,,,,,,85,100,18.4,13.82,3.4,-0.1414,0.9899,22.6,24.0,24.0,station
2023-12-24,,,18.2,,,,,18.1,,,,,,92,99,38.1,12.3,2.9,-0.1244,0.9922,20.2,22.0,22.0,station
2023-12-25,,,20.1,,,,,19.8,,,,,,88,93,40.6,28.12,0.5,-0.1073,0.9942,20.0,21.0,21.0,station
2023-12-26,,,20.5,,,,,20.8,,,,,,88,53,32.6,29.82,0.9,-0.0902,0.9959,20.4,23.0,23.0,station
2023-12-27,,,17.6,,,,,17.6,,,,,,78,65,36.4,23.95,0.7,-0.073,0.9973,16.2,18.0,18.0,station
2023-12-28,,,21.8,,,,,21.6,,,,,,74,92,15.3,26.16,0.1,-0.0559,0.9984,20.7,23.0,23.0,station
2023-12-29,,,18.9,,,,,18.6,,,,,,92,100,46.8,11.99,7.2,-0.0387,0.9993,20.1,21.0,21.0,station
2023-12-30,,,20.1,,,,,20.3,,,,,,86,58,45.7,29.26,0.0,-0.0215,0.9998,20.6,23.0,23.0,station
2023-12-31,,,,,,,,,,,,,,81,83,52.1,18.73,0.8,-0.0043,1.0,20.6,23.0,23.0,station
2024-01-01,,,,,,,,,,,,,,70,18,21.5,30.71,4.3,0.0172,0.9999,18.2,19.0,19.0,station
2024-01-02,,,,,,,,,,,,,,70,48,29.6,32.59,0.0,0.0344,0.9994,19.5,23.0,23.0,station
2024-01-03,,,,,,,,,,,,,,76,50,20.5,24.5,0.4,0.0516,0.9987,19.3,21.0,21.0,station
2024-01-04,,,,,,,,,,,,,,76,75,44.8,27.92,0.0,0.0688,0.9976,18.9,21.0,21.0,station
2024-01-05,,,,,,,,,,,,,,81,98,39.1,14.46,4.0,0.0859,0.9963,18.9,19.0,19.0,station
2024-01-06,,,,,,,,,,,,,,78,59,32.4,21.9,2.0,0.103,0.9947,16.0,17.0,17.0,station
2024-01-07,,,,,,,,,,,,,,71,18,15.6,32.19,0.0,0.1201,0.9928,19.5,20.0,20.0,station
2024-01-08,,,,,,,,,,,,,,72,2,33.5,32.11,0.0,0.1372,0.9905,21.3,25.0,25.0,station
2024-01-09,,,,,,,,,,,,,,74,46,37.1,32.08,0.0,0.1542,0.988,21.6,24.0,24.0,station
2024-01-10,,,,,,,,,,,,,,73,75,19.2,28.52,0.0,0.1712,0.9852,22.8,23.0,23.0,station
2024-01-11,,,,,,,,,,,,,,79,21,43.6,32.07,0.0,0.1881,0.9821,22.3,25.0,25.0,station
2024-01-12,,,,,,,,,,,,,,78,17,33.7,30.07,0.0,0.205,0.9788,23.0,26.0,26.0,station
2024-01-13,,,,,,,,,,,,,,83,23,45.9,30.66,0.0,0.2218,0.9751,21.0,22.0,22.0,station
2024-01-14,,,,,,,,,,,,,,81,67,48.9,25.32,0.5,0.2385,0.9711,21.0,22.0,22.0,station
2024-01-15,,,,,,,,,,,,,,77,99,41.4,18.0,0.4,0.2552,0.9669,20.9,20.0,20.0,station
2024-01-16,,,,,,,,,,,,,,58,38,24.5,26.4,0.3,0.2718,0.9624,22.5,25.0,25.0,station
2024-01-17,,,,,,,,,,,,,,75,71,26.3,27.9,0.3,0.2883,0.9575,23.4,27.0,27.0,station
2024-01-18,,,,,,,,,,,,,,87,80,24.1,18.52,0.7,0.3047,0.9524,22.8,25.0,25.0,station
2024-01-19,,,,,,,,,,,,,,82,90,33.5,29.43,0.3,0.3211,0.9471,23.0,26.0,26.0,station
2024-01-20,,,22.6,22.0,22.5,,,,,,,,,89,99,42.2,23.12,0.7,0.3373,0.9414,22.8,25.0,25.0,station
2024-01-21,,,23.9,24.5,24.7,,,23.0,24.8,23.6,,,,85,66,27.9,27.84,0.0,0.3534,0.9355,24.5,29.0,29.0,station
2024-01-22,,,23.4,26.1,25.2,,,24.5,25.7,25.6,,,,86,83,23.7,24.21,0.0,0.3695,0.9292,25.4,29.0,29.0,station
2024-01-23,,,21.7,22.0,20.8,,,21.8,22.0,21.6,,,,73,39,42.8,30.18,0.6,0.3854,0.9227,23.3,24.0,24.0,station
2024-01-24,,,18.2,20.7,18.2,,,18.7,20.2,17.3,,,,59,41,24.4,29.52,1.5,0.4012,0.916,19.6,22.0,22.0,station
2024-01-25,,,21.9,21.1,22.2,,,19.5,21.5,22.6,,,,57,7,25.5,28.17,0.0,0.4169,0.9089,21.2,23.0,23.0,station
2024-01-26,,,20.0,20.7,21.8,,,20.8,21.1,22.8,,,,61,51,35.4,30.21,0.0,0.4325,0.9016,21.0,23.0,23.0,station
2024-01-27,,,21.9,22.2,20.9,,,22.7,21.8,21.0,,,,73,55,54.4,19.51,4.0,0.4479,0.8941,22.4,24.0,24.0,station
2024-01-28,,,20.1,20.3,19.7,,,20.0,20.2,19.9,,,,68,75,37.5,22.35,0.0,0.4633,0.8862,20.1,22.0,22.0,station
2024-01-29,,,19.2,18.4,19.4,,,18.9,19.1,19.8,,,,77,74,48.3,25.89,0.4,0.4784,0.8781,17.9,18.0,18.0,station
2024-01-30,,,20.2,20.4,21.7,,,19.2,19.9,21.7,,,,78,66,37.6,24.43,0.8,0.4935,0.8698,19.4,20.0,20.0,station
2024-01-31,,,23.2,20.4,21.6,,,21.6,20.0,22.0,,,,79,61,37.9,21.26,0.4,0.5084,0.8611,18.8,20.0,20.0,station
2024-02-01,,,23.0,22.4,22.5,,,20.0,21.1,22.0,,,,80,43,28.2,26.42,0.0,0.5231,0.8523,21.8,24.0,24.0,station
2024-02-02,,,19.6,19.8,19.2,,,19.8,19.9,19.8,,,,77,82,55.6,19.29,4.8,0.5377,0.8432,19.7,22.0,22.0,station
2024-02-03,,,19.0,19.4,17.4,,,18.0,19.5,17.0,,,,64,37,41.8,25.64,6.9,0.5521,0.8338,18.9,19.0,19.0,station
2024-02-04,19.5,,20.0,19.9,18.9,,,20.3,19.7,19.4,19.57,0.5,,66,8,38.6,29.04,0.0,0.5664,0.8242,19.6,21.0,21.0,station
2024-02-05,20.6,,21.2,21.7,22.6,21.7,,21.6,21.8,23.3,21.52,0.85,-0.58,75,4,37.1,28.84,0.0,0.5805,0.8143,20.7,23.0,23.0,station
2024-02-06,20.5,,20.8,20.1,22.6,20.8,,20.8,20.3,22.3,21.0,1.1,-0.05,79,23,45.5,28.58,0.0,0.5944,0.8042,20.5,23.0,23.0,station
2024-02-07,21.0,,21.7,20.6,22.5,20.9,,21.5,20.6,22.9,21.45,0.83,-0.03,76,16,41.0,28.42,0.0,0.6081,0.7938,21.6,23.0,23.0,station
2024-02-08,22.3,,21.8,20.9,24.1,22.3,,20.6,20.5,22.8,22.27,1.35,0.72,81,83,32.8,24.12,0.2,0.6217,0.7833,22.7,25.0,25.0,station
2024-02-09,22.6,,21.9,23.9,22.7,23.4,,21.9,23.7,23.6,22.77,0.83,-0.38,64,47,33.9,25.82,0.1,0.6351,0.7725,21.6,22.0,22.0,station
2024-02-10,20.2,,19.5,20.1,20.6,21.0,,19.5,20.7,20.7,20.1,0.45,-0.38,68,29,46.1,28.36,0.0,0.6483,0.7614,18.9,22.0,22.0,station
2024-02-11,16.2,,16.4,15.3,14.1,15.3,,16.7,15.4,14.0,15.5,1.05,0.15,65,35,47.7,25.75,3.2,0.6613,0.7502,14.8,16.0,16.0,station
2024-02-12,18.4,,17.9,18.4,18.9,18.4,,18.1,18.7,18.7,18.4,0.41,-0.08,67,39,32.1,27.49,0.0,0.6741,0.7387,18.9,20.0,20.0,station
2024-02-13,19.6,,19.9,19.7,20.9,19.6,,20.1,19.6,21.5,20.02,0.6,-0.18,74,36,36.0,25.53,0.2,0.6867,0.727,19.7,22.0,22.0,station
2024-02-14,19.0,,19.6,18.6,19.6,19.0,,19.6,19.4,19.7,19.2,0.49,-0.22,72,9,46.7,26.91,0.0,0.6991,0.715,19.0,21.0,21.0,station
2024-02-15,20.2,,20.6,20.1,20.8,20.2,,20.7,20.5,20.9,20.43,0.33,-0.15,79,38,42.0,25.49,0.1,0.7113,0.7029,20.0,23.0,23.0,station
2024-02-16,20.6,,21.1,20.5,21.9,21.0,,21.4,20.7,21.6,21.02,0.64,-0.15,83,32,29.9,25.3,0.0,0.7233,0.6906,21.1,24.0,24.0,station
2024-02-17,20.4,,20.9,20.5,21.1,20.5,,20.9,20.5,20.5,20.73,0.33,0.12,82,73,33.0,24.17,0.1,0.735,0.678,20.7,24.0,24.0,station
2024-02-18,20.3,,20.3,20.3,20.6,19.9,,20.2,19.8,20.8,20.38,0.15,0.2,76,63,36.2,26.0,0.0,0.7466,0.6653,20.7,22.0,22.0,station
2024-02-19,20.6,,20.4,20.8,20.2,20.5,,20.2,21.1,20.7,20.5,0.26,-0.12,77,51,52.1,21.29,0.0,0.7579,0.6523,21.4,23.0,23.0,station
2024-02-20,18.4,,18.2,18.2,18.4,18.4,,18.1,18.8,18.3,18.3,0.12,-0.1,63,53,35.3,19.86,0.8,0.769,0.6392,19.0,19.0,19.0,station
2024-02-21,18.5,,17.9,18.6,19.8,18.2,,18.1,18.5,19.8,18.7,0.8,0.05,65,25,28.7,26.09,0.0,0.7799,0.6259,17.9,19.0,19.0,station
2024-02-22,21.8,,20.5,22.3,23.1,22.0,,21.1,22.5,23.8,21.93,1.09,-0.43,69,55,19.6,25.24,0.0,0.7906,0.6124,21.5,24.0,24.0,station
2024-02-23,20.0,,20.0,20.1,20.4,19.6,,19.8,20.3,20.8,20.12,0.19,0.0,75,50,34.3,24.08,0.1,0.801,0.5987,20.7,23.0,23.0,station
2024-02-24,20.0,,19.2,19.7,20.9,18.9,,19.2,19.6,20.0,19.95,0.71,0.52,82,57,50.1,18.98,5.7,0.8112,0.5848,20.2,21.0,21.0,station
2024-02-25,19.6,,19.4,19.9,20.7,19.6,,18.9,19.1,20.1,19.9,0.57,0.47,77,38,47.6,23.82,0.3,0.8211,0.5708,19.2,20.0,20.0,station
2024-02-26,19.8,,20.2,20.2,21.1,20.2,,19.8,20.7,20.7,20.32,0.55,-0.03,76,82,31.9,18.14,0.0,0.8308,0.5566,19.8,22.0,22.0,station
2024-02-27,19.3,,19.5,19.5,20.4,19.6,,19.3,20.1,20.2,19.68,0.49,-0.12,71,46,32.1,25.26,0.0,0.8402,0.5422,19.3,22.0,22.0,station
2024-02-28,17.8,,17.8,18.3,16.9,19.2,,18.7,18.7,16.5,17.7,0.58,-0.57,83,58,39.6,14.16,4.0,0.8495,0.5277,17.6,18.0,18.0,station
2024-02-29,17.4,,18.3,18.3,18.3,17.4,,18.5,19.0,18.9,18.07,0.45,-0.38,75,35,30.2,21.87,0.7,0.8584,0.513,17.4,18.0,18.0,station
2024-03-01,19.6,,19.7,20.3,21.3,19.6,,20.0,20.9,21.1,20.23,0.78,-0.17,80,17,26.9,23.73,0.0,0.8671,0.4981,20.1,23.0,23.0,station
2024-03-02,20.1,,20.6,20.3,20.4,20.4,,20.1,19.5,20.5,20.35,0.21,0.23,84,78,40.8,13.36,2.8,0.8755,0.4831,18.9,20.0,20.0,station
2024-03-03,20.8,,20.9,21.2,20.9,21.2,,19.9,20.0,22.4,20.95,0.17,0.07,78,58,43.3,16.86,0.0,0.8837,0.468,21.1,22.0,22.0,station
2024-03-04,19.2,,20.6,20.1,18.6,19.3,,21.0,20.3,19.4,19.62,0.9,-0.38,82,77,56.7,8.87,19.8,0.8916,0.4527,19.4,20.0,20.0,station
2024-03-05,17.5,,18.0,18.6,16.1,17.1,,18.5,17.3,15.8,17.55,1.07,0.38,61,49,40.9,21.9,2.0,0.8993,0.4373,17.5,19.0,19.0,station
2024-03-06,15.9,,17.3,16.6,16.6,16.0,,16.2,16.2,16.4,16.6,0.57,0.4,59,39,27.9,22.61,0.0,0.9067,0.4218,16.1,16.0,16.0,station
2024-03-07,18.0,,18.4,19.0,19.2,18.1,,18.5,19.4,18.6,18.65,0.55,0.0,69,50,43.6,21.59,0.0,0.9138,0.4061,18.2,19.0,19.0,station
2024-03-08,17.4,,16.8,17.3,19.9,17.7,,16.8,17.4,19.8,17.85,1.39,-0.07,67,41,33.8,21.54,0.0,0.9207,0.3904,17.4,19.0,19.0,station
2024-03-09,18.3,,18.4,20.7,19.6,18.3,,18.4,19.1,19.4,19.25,1.13,0.45,69,59,35.1,19.71,0.0,0.9272,0.3745,18.3,20.0,20.0,station
2024-03-10,17.2,,17.9,17.5,18.5,17.2,,17.8,18.4,18.8,17.77,0.56,-0.28,73,94,40.8,21.87,0.0,0.9335,0.3585,17.7,20.0,20.0,station
2024-03-11,19.0,,20.0,19.3,21.0,18.8,,19.3,19.7,20.2,19.82,0.89,0.32,76,73,39.6,17.45,0.0,0.9396,0.3424,18.9,21.0,21.0,station
2024-03-12,18.9,,19.3,19.0,20.4,18.9,,19.2,19.4,19.9,19.4,0.69,0.05,78,90,38.8,20.98,0.0,0.9453,0.3261,19.2,21.0,21.0,station
2024-03-13,18.2,,17.2,18.0,19.4,18.6,,19.1,19.6,20.1,18.2,0.91,-1.15,75,77,38.2,11.22,0.3,0.9508,0.3098,18.4,18.0,18.0,station
2024-03-14,17.3,,18.2,17.5,17.1,17.3,,18.1,17.3,16.9,17.52,0.48,0.12,73,58,35.2,18.74,0.8,0.956,0.2934,17.6,19.0,19.0,station
2024-03-15,18.0,16.4,18.1,19.2,18.9,17.2,,17.2,18.1,18.3,18.12,1.09,0.42,67,73,62.0,20.17,10.0,0.9609,0.2769,18.4,20.0,20.0,station
2024-03-16,15.3,15.0,16.2,16.4,15.0,14.8,14.7,16.1,16.0,15.0,15.58,0.67,0.26,61,31,37.1,21.46,1.2,0.9655,0.2604,15.1,17.0,17.0,station
2024-03-17,17.7,16.4,18.0,18.8,18.9,17.7,16.3,19.8,17.3,18.9,17.96,1.01,-0.04,69,32,22.0,18.04,0.0,0.9698,0.2437,17.1,19.0,19.0,station
2024-03-18,15.5,15.8,15.5,15.9,16.3,16.0,15.9,16.5,17.2,16.5,15.8,0.33,-0.62,77,30,39.5,17.81,0.5,0.9739,0.227,15.6,17.0,17.0,station
2024-03-19,13.4,13.3,15.2,13.5,13.2,14.0,13.5,15.5,13.6,14.5,13.72,0.83,-0.5,62,66,40.7,15.94,1.3,0.9777,0.2102,13.3,15.0,15.0,station
2024-03-20,14.8,14.2,15.1,15.6,16.7,14.4,14.4,15.2,15.3,16.4,15.28,0.94,0.14,57,51,17.7,16.25,0.0,0.9811,0.1934,14.9,16.0,16.0,station
2024-03-21,16.1,15.2,17.1,16.7,18.2,16.0,15.5,17.2,16.8,17.2,16.66,1.12,0.12,68,3,31.0,20.8,0.0,0.9843,0.1765,16.7,19.0,19.0,station
2024-03-22,17.7,16.6,17.0,17.8,18.5,17.4,16.3,17.5,19.0,18.6,17.52,0.74,-0.24,73,94,26.9,16.93,0.0,0.9872,0.1595,18.1,20.0,20.0,station
2024-03-23,18.4,16.4,18.0,19.0,18.8,19.0,16.4,17.0,18.9,18.8,18.12,1.04,0.1,85,72,16.0,9.84,0.0,0.9898,0.1425,17.4,21.0,21.0,station
2024-03-24,18.4,16.5,18.4,18.7,18.9,18.7,16.3,18.3,19.8,19.5,18.18,0.96,-0.34,87,75,27.7,14.16,0.6,0.9921,0.1255,19.0,21.0,21.0,station
2024-03-25,18.5,17.7,19.1,19.0,19.2,18.0,17.6,18.2,18.9,18.2,18.7,0.62,0.52,77,89,45.1,14.11,0.0,0.9941,0.1084,19.1,21.0,21.0,station
2024-03-26,19.8,18.0,19.4,20.5,20.1,19.7,18.0,20.0,20.3,20.0,19.56,0.96,-0.04,70,91,46.7,16.47,0.0,0.9958,0.0913,20.9,22.0,22.0,station
2024-03-27,20.2,17.8,19.3,19.7,19.3,19.0,17.5,19.1,19.1,19.3,19.26,0.9,0.46,69,88,48.3,15.76,0.7,0.9972,0.0741,19.8,21.0,21.0,station
2024-03-28,16.1,16.1,15.7,16.3,16.5,16.4,16.1,15.7,16.4,16.4,16.14,0.3,-0.06,64,95,37.0,7.98,1.4,0.9984,0.057,17.0,17.0,17.0,station
2024-03-29,14.3,13.6,14.2,14.1,13.4,13.1,13.3,14.2,13.9,12.8,13.92,0.4,0.46,65,34,46.3,18.29,3.2,0.9992,0.0398,14.2,15.0,15.0,station
2024-03-30,14.2,14.0,15.4,14.0,14.9,14.4,14.0,15.1,15.0,14.7,14.5,0.62,-0.14,68,71,43.4,11.33,2.0,0.9997,0.0226,13.9,15.0,15.0,station
2024-03-31,15.2,14.0,15.3,15.1,15.4,14.8,14.0,15.4,15.4,15.5,15.0,0.57,-0.02,71,67,31.7,14.81,0.1,1.0,0.0054,14.9,16.0,16.0,station
2024-04-01,16.2,14.7,16.3,16.3,17.0,15.8,14.6,17.7,17.5,17.2,16.1,0.85,-0.46,72,74,20.2,10.13,0.0,0.9999,-0.0118,15.8,16.0,16.0,station
2024-04-02,15.7,15.4,15.6,17.3,16.3,15.9,15.3,15.6,17.4,18.4,16.06,0.77,-0.46,85,92,20.9,7.7,3.2,0.9996,-0.029,14.8,15.0,15.0,station
2024-04-03,17.2,16.7,17.8,17.3,16.7,17.3,16.8,17.5,17.3,17.2,17.14,0.46,-0.08,85,60,41.4,12.27,0.5,0.9989,-0.0462,17.4,18.0,18.0,station
2024-04-04,17.1,17.1,16.9,17.4,17.3,17.3,17.1,17.2,17.6,17.2,17.16,0.19,-0.12,89,90,41.1,8.82,9.7,0.998,-0.0634,18.0,18.0,18.0,station
2024-04-05,15.7,14.9,16.1,16.7,16.1,15.8,15.0,15.9,15.9,15.1,15.9,0.66,0.36,79,69,27.2,13.3,0.2,0.9968,-0.0805,15.1,17.0,17.0,station
2024-04-06,16.1,14.6,16.0,15.9,17.1,16.2,15.1,16.5,16.9,17.6,15.94,0.89,-0.52,77,29,19.3,15.13,0.0,0.9952,-0.0977,15.4,16.0,16.0,station
2024-04-07,16.5,15.0,17.6,17.5,18.4,16.7,15.2,18.1,17.7,18.7,17.0,1.31,-0.28,75,17,12.4,16.0,0.0,0.9934,-0.1148,16.0,16.0,16.0,station
2024-04-08,16.6,16.4,16.5,17.5,18.4,17.0,16.3,16.9,17.2,18.2,17.08,0.86,-0.04,82,22,33.3,13.92,0.1,0.9913,-0.1319,17.2,19.0,19.0,station
2024-04-09,18.0,17.2,18.0,17.8,18.8,18.1,17.3,18.2,18.0,18.8,17.96,0.57,-0.12,82,22,38.1,15.79,0.0,0.9889,-0.1489,18.3,20.0,20.0,station
2024-04-10,19.8,18.2,19.6,20.0,20.7,19.8,18.3,19.1,19.5,19.8,19.66,0.92,0.36,83,76,38.5,13.6,0.1,0.9861,-0.1659,19.9,22.0,22.0,station
2024-04-11,21.6,19.7,20.4,20.3,21.6,21.7,19.4,20.5,19.8,22.9,20.72,0.85,-0.14,75,100,50.2,7.92,4.4,0.9831,-0.1828,21.0,23.0,23.0,station
2024-04-12,18.4,18.5,19.0,19.5,19.6,18.1,18.1,18.6,18.8,21.0,19.0,0.55,0.08,94,100,46.8,2.33,54.5,0.9799,-0.1997,18.1,21.0,21.0,station
2024-04-13,14.8,15.2,14.6,16.4,14.8,14.5,14.7,14.1,15.5,15.9,15.16,0.73,0.22,90,89,34.2,3.68,16.9,0.9763,-0.2165,15.4,18.0,18.0,station
2024-04-14,14.7,14.0,14.3,13.4,13.6,14.0,14.0,14.1,14.7,13.7,14.0,0.52,-0.1,75,86,25.9,10.67,1.3,0.9724,-0.2333,14.4,15.0,15.0,station
2024-04-15,16.5,15.8,16.5,16.9,16.0,16.5,15.8,15.9,16.9,15.5,16.34,0.44,0.22,81,35,24.1,13.04,0.7,0.9683,-0.25,16.6,18.0,18.0,station
2024-04-16,17.2,16.2,16.6,17.9,17.5,17.3,16.4,16.7,17.9,17.9,17.08,0.68,-0.16,78,3,20.0,14.73,0.0,0.9638,-0.2666,17.6,19.0,19.0,station
2024-04-17,16.8,16.3,16.4,18.4,19.3,17.9,16.4,16.1,17.2,17.4,17.44,1.34,0.44,84,55,21.3,13.39,0.0,0.9591,-0.2831,17.5,19.0,19.0,station
2024-04-18,16.2,15.7,15.7,16.3,16.6,15.9,16.0,16.0,16.3,16.8,16.1,0.39,-0.1,76,11,31.5,14.48,0.1,0.9541,-0.2996,16.1,18.0,18.0,station
2024-04-19,16.2,16.2,15.2,16.4,17.0,16.3,16.2,16.2,17.4,17.2,16.2,0.65,-0.46,72,50,32.1,12.29,0.0,0.9488,-0.316,16.0,17.0,17.0,station
2024-04-20,17.0,15.7,16.0,16.8,16.8,16.5,15.9,16.4,17.6,17.8,16.46,0.57,-0.38,87,99,8.7,5.37,0.0,0.9432,-0.3322,16.0,16.0,16.0,station
2024-04-21,15.6,14.8,15.8,15.7,15.8,16.4,15.0,16.8,15.7,16.2,15.54,0.42,-0.48,88,60,28.8,6.05,1.1,0.9373,-0.3484,15.3,15.0,15.0,station
2024-04-22,15.9,15.8,16.0,16.6,16.5,15.8,15.7,15.7,15.6,17.5,16.16,0.36,0.1,82,52,36.0,12.27,1.1,0.9312,-0.3645,15.4,16.0,16.0,station
2024-04-23,15.5,14.7,14.9,15.9,15.9,15.4,14.7,15.7,15.6,16.2,15.38,0.56,-0.14,72,34,30.5,10.62,0.1,0.9248,-0.3804,15.9,16.0,16.0,station
2024-04-24,16.3,16.0,16.6,16.7,17.3,16.1,16.2,17.0,16.7,17.6,16.58,0.49,-0.14,75,32,43.5,13.29,0.0,0.9181,-0.3963,16.3,17.0,17.0,station
2024-04-25,16.1,15.7,16.3,16.7,16.1,16.6,16.0,16.4,16.6,16.5,16.18,0.36,-0.24,70,84,57.3,8.96,0.1,0.9112,-0.412,16.2,17.0,17.0,station
2024-04-26,15.8,15.5,16.5,16.8,16.6,16.2,15.8,16.4,17.2,16.6,16.24,0.56,-0.2,66,27,47.3,11.0,0.9,0.9039,-0.4276,16.1,18.0,18.0,station
2024-04-27,14.1,13.9,14.4,14.5,14.9,13.9,13.8,13.9,14.4,15.0,14.36,0.38,0.16,67,1,19.0,12.92,0.0,0.8965,-0.4431,14.3,16.0,16.0,station
2024-04-28,15.7,14.8,16.0,16.3,17.8,15.7,14.8,16.1,16.0,17.2,16.12,1.09,0.16,76,0,13.6,12.47,0.0,0.8887,-0.4585,15.7,19.0,19.0,station
2024-04-29,15.9,15.4,15.6,16.4,17.3,16.3,15.4,15.9,16.8,17.1,16.12,0.76,-0.18,79,7,22.7,11.76,0.0,0.8807,-0.4737,16.1,18.0,18.0,station
2024-04-30,15.4,15.5,16.5,16.4,16.4,15.8,15.5,15.6,16.4,16.2,16.04,0.54,0.14,82,27,37.3,9.94,0.8,0.8724,-0.4888,16.1,17.0,17.0,station
2024-05-01,16.4,16.0,16.6,16.2,16.7,16.0,15.7,16.0,16.1,16.1,16.38,0.29,0.4,85,62,31.7,8.22,15.2,0.8639,-0.5037,16.6,17.0,17.0,station
2024-05-02,12.2,12.7,12.1,12.1,12.0,12.1,12.6,12.5,12.6,12.2,12.22,0.28,-0.18,82,78,39.3,7.42,14.1,0.8551,-0.5185,12.4,13.0,13.0,station
2024-05-03,14.2,14.1,14.2,13.9,13.4,14.1,14.0,14.0,14.6,13.0,13.96,0.34,0.02,78,44,23.6,10.75,0.0,0.846,-0.5331,14.3,15.0,15.0,station
2024-05-04,14.1,14.1,14.0,14.7,15.1,14.1,14.1,15.3,14.4,14.3,14.4,0.48,-0.04,79,27,23.2,10.76,0.0,0.8367,-0.5476,14.8,15.0,15.0,station
2024-05-05,14.8,14.4,14.6,14.8,15.7,14.5,14.7,15.1,15.4,16.2,14.86,0.5,-0.32,79,36,28.1,9.85,0.1,0.8272,-0.5619,15.0,16.0,16.0,station
2024-05-06,15.6,15.2,15.3,15.9,16.0,15.5,15.0,15.5,15.6,16.2,15.6,0.35,0.04,76,40,42.7,10.75,0.7,0.8174,-0.5761,16.1,17.0,17.0,station
2024-05-07,11.5,11.4,12.1,11.2,11.8,12.0,11.6,12.4,12.5,12.5,11.6,0.35,-0.6,60,43,37.0,8.24,0.2,0.8074,-0.59,11.7,13.0,13.0,station
2024-05-08,12.8,12.2,12.9,12.4,13.8,12.3,12.1,13.0,12.4,13.3,12.82,0.62,0.2,76,36,37.4,10.9,0.1,0.7971,-0.6038,13.0,14.0,14.0,station
2024-05-09,10.6,10.8,11.1,10.4,10.1,10.6,11.0,11.3,10.2,10.3,10.6,0.38,-0.08,61,67,56.5,9.24,1.3,0.7866,-0.6175,10.5,11.0,11.0,station
2024-05-10,11.5,12.1,11.6,11.2,12.1,11.4,12.0,11.3,11.3,12.5,11.7,0.39,0.0,67,26,40.1,10.84,0.4,0.7759,-0.6309,10.7,12.0,12.0,station
2024-05-11,11.3,11.2,12.1,11.4,11.7,11.6,11.5,11.8,11.2,11.9,11.54,0.36,-0.06,76,64,37.6,7.34,1.8,0.7649,-0.6442,11.0,12.0,12.0,station
2024-05-12,13.1,12.2,14.0,13.2,14.7,14.0,12.8,12.3,13.0,14.1,13.44,0.95,0.2,82,42,9.7,8.99,0.0,0.7537,-0.6572,13.3,13.0,13.0,station
2024-05-13,12.9,12.8,13.1,13.9,14.3,12.9,12.8,13.4,14.3,14.8,13.4,0.66,-0.24,84,30,14.0,9.62,0.0,0.7423,-0.6701,12.7,13.0,13.0,station
2024-05-14,13.1,13.0,13.5,13.4,13.6,13.5,13.3,13.9,13.7,14.5,13.32,0.26,-0.46,80,68,23.5,9.21,0.0,0.7306,-0.6828,13.8,15.0,15.0,station
2024-05-15,14.4,13.7,13.3,12.9,14.2,12.6,13.9,15.1,13.9,14.0,13.7,0.62,-0.2,83,100,22.0,4.06,3.4,0.7188,-0.6952,14.7,15.0,15.0,station
2024-05-16,15.6,14.9,15.0,15.6,15.7,15.3,14.4,15.2,15.7,15.7,15.36,0.38,0.1,86,41,44.7,9.07,0.1,0.7067,-0.7075,15.9,17.0,17.0,station
2024-05-17,13.6,13.4,13.7,13.7,14.3,14.2,13.3,14.0,14.4,14.3,13.74,0.34,-0.3,78,22,34.2,8.73,0.2,0.6945,-0.7195,14.1,15.0,15.0,station
2024-05-18,14.6,14.2,14.2,14.6,14.2,14.7,14.3,14.2,14.4,14.1,14.36,0.22,0.02,75,36,41.8,9.79,0.5,0.682,-0.7314,14.3,15.0,15.0,station
2024-05-19,14.1,13.0,14.6,14.8,14.7,14.2,12.7,13.7,14.6,14.8,14.24,0.74,0.24,79,60,20.9,7.09,0.0,0.6693,-0.743,14.3,14.0,14.0,station
2024-05-20,14.4,13.3,15.0,14.1,16.2,15.0,13.1,15.0,14.8,15.6,14.6,1.08,-0.1,87,86,14.1,7.73,0.0,0.6564,-0.7544,13.2,14.0,14.0,station
2024-05-21,13.0,13.7,13.1,13.4,13.4,12.9,13.7,13.0,14.9,14.3,13.32,0.28,-0.44,90,100,46.2,1.62,17.2,0.6433,-0.7656,13.4,14.0,14.0,station
2024-05-22,12.5,12.7,12.5,12.4,12.4,12.5,12.9,12.1,11.9,12.6,12.5,0.12,0.1,85,97,49.3,4.2,13.5,0.6301,-0.7765,12.2,13.0,13.0,station
2024-05-23,11.6,11.5,11.7,11.7,11.1,11.4,11.9,11.3,11.6,10.7,11.52,0.25,0.14,78,93,29.6,5.22,0.0,0.6166,-0.7873,11.6,12.0,12.0,station
2024-05-24,12.0,11.6,11.9,12.1,11.7,11.1,11.5,11.4,12.4,11.4,11.86,0.21,0.3,86,95,27.2,4.57,2.5,0.603,-0.7978,11.6,11.0,11.0,station
2024-05-25,13.2,13.6,13.0,13.2,13.2,13.0,13.4,11.7,12.8,12.9,13.24,0.22,0.48,72,64,27.2,6.87,0.6,0.5892,-0.808,13.9,14.0,14.0,station
2024-05-26,12.3,13.3,10.6,12.4,12.8,11.6,13.1,11.1,11.5,12.8,12.28,1.02,0.26,73,61,28.8,6.74,1.7,0.5752,-0.818,13.2,13.0,13.0,station
2024-05-27,12.3,12.2,12.4,12.8,13.9,11.8,12.4,11.4,11.5,13.3,12.72,0.7,0.64,76,69,19.3,6.06,0.1,0.561,-0.8278,13.1,14.0,14.0,station
2024-05-28,13.0,13.0,12.0,13.6,14.2,13.3,12.7,12.2,13.1,13.8,13.16,0.82,0.14,80,59,17.1,8.87,0.0,0.5467,-0.8373,12.9,14.0,14.0,station
2024-05-29,11.1,11.8,11.3,12.1,12.6,11.7,11.7,11.3,11.7,13.0,11.78,0.61,-0.1,74,74,55.8,4.01,3.2,0.5322,-0.8466,11.4,13.0,13.0,station
2024-05-30,13.2,12.7,12.3,13.3,13.4,12.6,12.4,12.3,12.4,12.9,12.98,0.47,0.46,72,19,39.5,8.81,0.0,0.5176,-0.8556,12.8,14.0,14.0,station
2024-05-31,15.3,14.5,14.8,15.9,17.9,15.5,14.7,14.4,15.9,18.0,15.68,1.35,-0.02,83,67,31.9,8.4,0.0,0.5028,-0.8644,15.8,17.0,17.0,station
2024-06-01,15.2,15.4,15.4,15.7,16.0,15.0,15.4,15.4,15.6,15.8,15.54,0.31,0.1,87,93,53.2,4.37,0.0,0.4878,-0.8729,15.4,17.0,17.0,station
2024-06-02,14.7,15.0,14.9,16.1,16.0,14.7,15.2,15.2,15.7,15.7,15.34,0.66,0.04,79,66,28.4,8.25,0.0,0.4728,-0.8812,14.9,16.0,16.0,station
2024-06-03,12.6,12.9,12.4,13.0,13.9,12.4,12.7,13.5,14.3,13.9,12.96,0.58,-0.4,79,74,39.1,6.97,0.0,0.4575,-0.8892,12.6,14.0,14.0,station
2024-06-04,11.6,11.7,12.2,11.3,12.5,11.5,11.6,12.7,11.1,11.9,11.86,0.48,0.1,72,57,39.4,6.27,0.0,0.4422,-0.8969,11.9,13.0,13.0,station
2024-06-05,12.8,11.5,13.3,13.1,15.0,12.8,11.3,13.8,13.4,14.5,13.14,1.25,-0.02,82,39,24.5,8.11,0.0,0.4267,-0.9044,12.5,12.0,12.0,station
2024-06-06,13.9,13.1,13.9,14.0,14.6,14.2,13.5,14.1,14.3,14.6,13.9,0.53,-0.24,86,67,35.1,4.98,0.0,0.4111,-0.9116,14.6,14.0,14.0,station
2024-06-07,13.6,13.7,13.9,14.2,14.9,13.2,13.0,13.9,14.4,15.2,14.06,0.52,0.12,91,58,25.1,5.49,0.2,0.3953,-0.9185,13.9,16.0,16.0,station
2024-06-08,13.3,13.2,13.5,13.8,13.7,13.7,12.6,15.0,13.0,13.4,13.5,0.25,-0.04,86,18,21.9,7.01,0.1,0.3795,-0.9252,13.0,14.0,14.0,station
2024-06-09,15.2,14.8,14.7,14.9,15.1,15.2,14.6,14.6,14.5,15.7,14.94,0.21,0.02,87,94,48.3,2.11,9.5,0.3635,-0.9316,15.1,16.0,16.0,station
2024-06-10,15.7,15.3,15.3,15.8,15.3,15.7,14.9,15.0,16.2,15.3,15.48,0.25,0.06,90,80,45.0,6.35,9.8,0.3474,-0.9377,15.8,17.0,17.0,station
2024-06-11,13.4,13.0,13.3,14.1,12.6,13.5,12.5,13.8,13.9,12.5,13.28,0.55,0.04,79,36,33.2,7.8,0.0,0.3312,-0.9436,13.7,15.0,15.0,station
2024-06-12,11.0,11.1,11.2,11.5,11.9,12.0,11.4,11.5,12.5,12.1,11.34,0.36,-0.56,86,79,7.8,7.02,0.0,0.3149,-0.9491,11.1,12.0,12.0,station
2024-06-13,12.3,11.8,11.4,12.1,12.6,11.9,12.1,11.3,12.3,13.2,12.04,0.46,-0.12,75,92,21.4,6.62,0.0,0.2986,-0.9544,12.1,13.0,13.0,station
2024-06-14,14.2,13.8,12.0,12.8,16.3,13.2,13.2,13.0,12.3,16.3,13.82,1.63,0.22,89,99,19.3,1.95,22.6,0.2821,-0.9594,13.9,13.0,13.0,station
2024-06-15,13.8,13.8,12.8,12.7,14.3,13.3,13.0,12.7,13.0,13.8,13.48,0.7,0.32,77,51,37.3,6.92,0.2,0.2656,-0.9641,14.4,14.0,14.0,station
2024-06-16,12.5,12.8,13.1,12.9,12.7,12.6,12.7,13.0,12.5,12.8,12.8,0.22,0.08,80,67,40.9,5.43,5.2,0.2489,-0.9685,13.3,15.0,15.0,station
2024-06-17,12.5,12.6,11.8,13.3,12.4,14.9,12.3,11.9,12.9,14.2,12.52,0.54,-0.72,87,99,26.9,2.14,1.4,0.2322,-0.9727,12.6,13.0,13.0,station
2024-06-18,13.4,13.0,13.1,13.7,12.7,12.7,12.1,12.4,11.5,11.8,13.18,0.38,1.08,82,73,35.7,6.04,1.8,0.2155,-0.9765,12.9,13.0,13.0,station
2024-06-19,11.8,11.6,11.6,11.8,10.4,11.9,11.7,11.3,12.4,10.6,11.44,0.59,-0.14,73,35,29.1,6.46,0.0,0.1986,-0.9801,11.7,12.0,12.0,station
2024-06-20,12.6,12.4,13.1,12.9,12.8,12.6,12.6,13.0,13.5,12.6,12.76,0.27,-0.1,79,67,19.1,6.22,0.0,0.1818,-0.9833,12.4,13.0,13.0,station
2024-06-21,13.4,12.2,12.3,12.2,13.6,13.2,12.3,13.2,12.7,12.6,12.74,0.7,-0.06,79,3,10.2,7.8,0.0,0.1648,-0.9863,12.9,14.0,14.0,station
2024-06-22,12.3,12.4,12.6,12.3,13.0,12.2,12.4,12.2,12.2,13.1,12.52,0.29,0.1,74,77,22.3,6.42,0.0,0.1478,-0.989,12.6,14.0,14.0,station
2024-06-23,12.4,12.2,12.1,13.4,13.4,11.9,12.2,12.5,12.2,11.6,12.7,0.65,0.62,87,91,25.9,1.25,15.3,0.1308,-0.9914,12.1,13.0,13.0,station
2024-06-24,12.0,12.3,12.4,13.3,13.7,13.2,12.3,11.5,13.1,14.4,12.74,0.72,-0.16,93,84,15.1,5.18,1.9,0.1137,-0.9935,12.7,13.0,13.0,station
2024-06-25,13.4,12.7,12.6,13.2,13.9,12.6,12.7,12.5,13.2,13.0,13.16,0.53,0.36,91,99,27.1,2.39,6.6,0.0966,-0.9953,13.3,13.0,13.0,station
2024-06-26,11.8,12.4,12.1,11.9,11.7,11.9,12.3,11.7,12.2,12.3,11.98,0.28,-0.1,81,96,32.4,4.8,1.3,0.0795,-0.9968,12.4,14.0,14.0,station
2024-06-27,12.2,12.0,12.7,12.1,12.5,12.1,12.0,12.3,12.2,12.6,12.3,0.29,0.06,77,27,24.9,6.43,0.1,0.0623,-0.9981,11.9,13.0,13.0,station
2024-06-28,11.8,12.0,12.3,12.6,12.9,11.0,12.1,12.3,12.0,12.3,12.32,0.44,0.38,79,41,24.2,7.25,0.0,0.0451,-0.999,11.9,13.0,13.0,station
2024-06-29,12.8,12.3,12.5,13.1,12.7,12.5,12.5,12.5,13.4,13.5,12.68,0.3,-0.2,83,14,24.6,6.6,0.0,0.028,-0.9996,12.6,14.0,14.0,station
2024-06-30,12.5,12.6,12.6,12.9,12.6,12.6,12.6,12.7,12.6,12.6,12.64,0.15,0.02,79,68,31.8,6.51,0.0,0.0108,-0.9999,12.7,13.0,13.0,station
2024-07-01,14.1,14.2,14.1,14.4,13.7,14.3,14.0,13.8,14.5,13.9,14.1,0.25,0.0,81,74,61.4,1.16,10.6,-0.0065,-1.0,14.3,14.0,14.0,station
2024-07-02,12.1,12.6,11.9,11.9,11.7,11.8,12.3,12.1,12.1,11.1,12.04,0.34,0.16,72,76,40.4,5.12,3.2,-0.0237,-0.9997,12.0,13.0,13.0,station
2024-07-03,9.6,10.5,9.9,9.6,9.1,9.5,9.9,9.8,9.7,8.6,9.74,0.51,0.24,68,63,43.3,4.28,0.5,-0.0408,-0.9992,10.1,11.0,11.0,station
2024-07-04,9.6,9.7,9.7,9.9,8.9,9.5,9.9,10.3,9.5,9.8,9.56,0.38,-0.24,76,60,33.9,4.44,1.1,-0.058,-0.9983,10.3,11.0,11.0,station
2024-07-05,11.6,10.9,11.4,11.4,11.0,11.2,10.8,10.9,11.3,11.1,11.26,0.3,0.2,78,28,28.1,7.71,0.0,-0.0752,-0.9972,11.4,12.0,12.0,station
2024-07-06,9.9,11.5,11.1,11.1,11.5,10.9,11.4,11.2,10.4,11.0,11.02,0.66,0.04,73,48,36.2,6.99,0.1,-0.0923,-0.9957,11.1,12.0,12.0,station
2024-07-07,12.2,12.1,12.2,12.4,13.5,11.6,12.2,12.5,12.3,12.6,12.48,0.58,0.24,77,12,25.2,8.1,0.0,-0.1094,-0.994,12.2,13.0,13.0,station
2024-07-08,12.8,11.8,11.9,13.2,13.4,12.7,11.8,12.2,13.6,12.8,12.62,0.74,0.0,82,36,22.1,7.25,0.5,-0.1265,-0.992,12.5,13.0,13.0,station
2024-07-09,12.7,11.2,12.5,12.0,13.5,12.0,11.0,12.4,12.9,13.5,12.38,0.85,0.02,76,2,16.9,8.52,0.0,-0.1436,-0.9896,12.3,13.0,13.0,station
2024-07-10,12.2,11.7,12.4,12.1,12.9,12.5,12.0,13.2,11.8,13.0,12.26,0.44,-0.24,79,41,28.6,7.71,0.0,-0.1606,-0.987,12.9,13.0,13.0,station
2024-07-11,11.5,11.3,11.9,12.1,11.4,11.3,11.2,11.6,12.2,11.6,11.64,0.34,0.06,74,79,36.5,6.12,0.0,-0.1775,-0.9841,11.5,13.0,13.0,station
2024-07-12,9.4,9.9,9.3,9.9,9.4,9.4,9.9,9.7,9.7,9.8,9.58,0.29,-0.12,75,97,40.2,2.97,0.5,-0.1944,-0.9809,9.7,10.0,10.0,station
2024-07-13,12.3,11.3,12.2,12.2,12.9,12.0,11.1,12.3,12.1,12.7,12.18,0.57,0.14,75,33,28.6,7.02,0.4,-0.2113,-0.9774,11.8,12.0,12.0,station
2024-07-14,12.4,12.1,12.1,12.3,13.8,12.5,11.9,12.5,12.8,13.2,12.54,0.72,-0.04,80,20,17.7,7.66,0.0,-0.2281,-0.9736,12.2,13.0,13.0,station
2024-07-15,12.9,12.3,13.0,13.1,15.1,13.5,12.4,12.8,11.9,14.8,13.28,1.06,0.2,79,93,23.7,5.08,2.6,-0.2448,-0.9696,12.6,13.0,13.0,station
2024-07-16,14.1,13.1,13.7,13.9,13.9,13.6,12.9,13.5,13.8,13.9,13.74,0.38,0.2,92,74,24.1,5.45,2.0,-0.2614,-0.9652,14.0,14.0,14.0,station
2024-07-17,13.2,12.3,13.7,13.8,13.1,12.6,12.0,13.7,13.4,13.6,13.22,0.6,0.16,94,100,19.9,3.23,0.9,-0.278,-0.9606,12.3,13.0,13.0,station
2024-07-18,13.2,12.1,13.4,13.5,12.7,13.7,12.3,12.9,13.6,12.6,12.98,0.58,-0.04,93,73,13.0,3.73,4.3,-0.2945,-0.9557,12.8,13.0,13.0,station
2024-07-19,14.3,13.0,14.5,13.7,15.2,14.8,13.2,14.0,14.0,14.7,14.14,0.83,0.0,88,73,10.7,6.13,2.5,-0.3109,-0.9505,14.0,13.0,13.0,station
2024-07-20,11.5,12.1,11.8,11.9,12.6,13.3,12.3,11.4,13.8,13.3,11.98,0.41,-0.84,94,81,13.4,1.4,11.5,-0.3272,-0.945,12.3,12.0,12.0,station
2024-07-21,12.9,12.1,12.6,13.3,12.7,12.8,12.1,12.8,13.3,12.8,12.72,0.44,-0.04,90,51,28.0,8.99,0.2,-0.3434,-0.9392,12.4,14.0,14.0,station
2024-07-22,10.9,10.8,10.9,10.6,9.9,10.5,11.1,10.7,10.1,10.0,10.62,0.42,0.14,74,100,37.7,6.35,1.7,-0.3595,-0.9332,11.1,12.0,12.0,station
2024-07-23,10.8,10.8,10.9,11.2,11.0,10.9,10.7,10.8,12.0,10.7,10.94,0.17,-0.08,65,78,34.5,6.13,0.0,-0.3755,-0.9268,11.1,12.0,12.0,station
2024-07-24,12.7,11.3,12.9,13.1,12.5,12.8,11.3,12.0,12.9,12.6,12.5,0.71,0.18,83,34,27.9,9.66,0.0,-0.3914,-0.9202,12.0,13.0,13.0,station
2024-07-25,13.6,12.2,12.8,13.6,15.4,13.5,12.0,12.3,13.7,14.5,13.52,1.2,0.32,85,16,22.8,9.62,0.0,-0.4071,-0.9134,13.5,15.0,15.0,station
2024-07-26,13.2,12.5,13.0,13.4,14.2,12.9,12.3,13.0,13.2,14.4,13.26,0.62,0.1,88,60,31.7,7.55,0.2,-0.4228,-0.9062,13.4,14.0,14.0,station
2024-07-27,13.7,13.3,13.7,14.0,15.2,13.3,13.1,13.4,13.8,14.5,13.98,0.73,0.36,83,51,30.9,9.45,0.0,-0.4383,-0.8988,13.8,16.0,16.0,station
2024-07-28,13.5,13.5,13.8,14.0,13.4,13.7,13.4,13.3,14.0,13.2,13.64,0.25,0.12,83,84,42.9,4.69,2.0,-0.4537,-0.8912,13.8,14.0,14.0,station
2024-07-29,13.6,13.3,13.3,13.4,14.0,13.2,13.0,13.0,13.9,13.8,13.52,0.29,0.14,86,99,43.7,4.81,5.4,-0.469,-0.8832,13.7,14.0,14.0,station
2024-07-30,12.9,13.2,12.8,13.6,13.3,12.8,12.9,12.9,13.6,13.0,13.16,0.32,0.12,89,100,50.0,2.52,14.9,-0.4841,-0.875,12.8,14.0,14.0,station
2024-07-31,9.6,9.7,8.6,9.6,11.5,11.0,9.7,9.7,10.1,9.8,9.8,1.05,-0.26,83,100,49.6,1.54,17.0,-0.4991,-0.8666,9.4,10.0,10.0,station
2024-08-01,8.6,9.0,8.7,9.4,8.7,8.9,9.0,9.1,9.6,8.7,8.88,0.33,-0.18,77,91,48.1,4.12,2.5,-0.5139,-0.8578,8.9,9.0,9.0,station
2024-08-02,8.8,9.4,8.8,9.0,8.7,8.9,9.4,8.8,9.4,8.8,8.94,0.28,-0.12,77,67,34.3,6.93,2.1,-0.5286,-0.8489,9.4,10.0,10.0,station
2024-08-03,10.7,9.8,10.2,10.4,10.5,10.4,9.4,10.4,10.5,9.7,10.32,0.34,0.24,73,17,24.0,10.45,0.0,-0.5431,-0.8397,10.4,11.0,11.0,station
2024-08-04,11.1,10.0,9.9,10.9,11.3,11.0,9.5,10.0,10.7,10.8,10.64,0.65,0.24,77,58,23.2,9.05,0.5,-0.5575,-0.8302,10.9,12.0,12.0,station
2024-08-05,11.8,11.3,10.3,11.6,11.4,11.5,10.6,11.4,11.4,11.2,11.28,0.58,0.06,77,62,18.4,10.11,0.0,-0.5717,-0.8205,11.1,12.0,12.0,station
2024-08-06,12.3,11.6,13.1,12.8,14.0,12.5,11.7,12.6,12.3,13.6,12.76,0.9,0.22,82,7,23.2,11.01,0.0,-0.5857,-0.8105,12.8,14.0,14.0,station
2024-08-07,12.9,12.4,12.6,12.9,13.5,12.6,12.1,12.3,12.6,13.5,12.86,0.42,0.24,80,33,32.4,10.84,0.2,-0.5996,-0.8003,12.7,14.0,14.0,station
2024-08-08,11.7,11.5,12.5,12.3,12.4,12.1,11.7,13.0,12.5,12.6,12.08,0.45,-0.3,78,100,46.6,3.41,4.2,-0.6132,-0.7899,11.9,12.0,12.0,station
2024-08-09,10.6,10.7,10.0,10.9,10.5,11.2,10.7,11.9,10.4,12.1,10.54,0.34,-0.72,85,95,42.6,5.86,6.2,-0.6267,-0.7792,10.8,11.0,11.0,station
2024-08-10,12.1,11.5,12.0,13.3,11.9,12.3,11.7,11.6,13.0,13.4,12.16,0.68,-0.24,87,53,29.7,7.5,0.1,-0.64,-0.7683,12.2,13.0,13.0,station
2024-08-11,12.5,12.1,13.0,12.5,12.1,12.3,12.1,12.5,12.8,12.1,12.44,0.37,0.08,84,40,28.8,10.24,0.2,-0.6532,-0.7572,12.5,14.0,14.0,station
2024-08-12,15.1,13.8,15.7,15.7,14.9,15.2,13.9,15.2,15.4,15.7,15.04,0.78,-0.04,70,45,67.4,9.25,1.5,-0.6661,-0.7459,15.2,17.0,17.0,station
2024-08-13,10.1,10.2,10.5,10.7,10.4,10.1,10.4,10.7,10.8,10.9,10.38,0.24,-0.2,67,20,43.0,10.16,0.1,-0.6788,-0.7343,10.5,11.0,11.0,station
2024-08-14,11.7,11.6,12.0,12.7,13.4,12.0,11.7,12.6,12.7,14.1,12.28,0.76,-0.34,81,32,25.1,9.57,0.0,-0.6914,-0.7225,11.8,12.0,12.0,station
2024-08-15,13.1,13.3,12.9,13.8,13.8,12.9,13.4,12.9,13.6,14.1,13.38,0.41,0.0,80,77,39.4,11.56,0.0,-0.7037,-0.7105,12.9,15.0,15.0,station
2024-08-16,14.2,13.9,14.0,14.5,15.7,14.4,14.1,14.6,14.8,15.1,14.46,0.73,-0.14,79,74,33.8,10.44,0.1,-0.7158,-0.6983,14.2,15.0,15.0,station
2024-08-17,14.3,13.9,13.9,14.5,14.1,14.2,13.9,14.6,14.4,14.1,14.14,0.26,-0.1,90,78,36.7,9.21,3.1,-0.7277,-0.6859,14.3,15.0,15.0,station
2024-08-18,14.1,14.1,13.7,14.9,14.4,13.7,12.8,13.8,14.7,14.5,14.24,0.44,0.34,92,97,42.3,3.2,22.9,-0.7394,-0.6733,14.2,15.0,15.0,station
2024-08-19,11.5,10.9,9.3,12.3,10.6,11.6,11.4,8.4,12.0,9.9,10.92,1.11,0.26,74,63,40.9,11.39,5.7,-0.7509,-0.6605,11.8,13.0,13.0,station
2024-08-20,9.8,10.3,9.0,10.4,9.7,9.6,10.1,9.0,11.0,7.8,9.84,0.56,0.34,66,39,24.0,10.85,0.7,-0.7621,-0.6474,9.9,11.0,11.0,station
2024-08-21,12.4,11.9,11.8,12.5,12.5,12.2,12.0,11.9,12.6,12.3,12.22,0.34,0.02,77,9,23.9,12.67,0.0,-0.7731,-0.6342,12.3,13.0,13.0,station
2024-08-22,13.1,12.6,13.5,13.2,13.5,13.3,12.7,13.4,13.3,13.3,13.18,0.37,-0.02,76,42,40.0,11.24,0.3,-0.7839,-0.6208,13.3,14.0,14.0,station
2024-08-23,13.2,13.1,14.0,13.5,14.4,13.2,13.1,12.9,13.2,13.4,13.64,0.55,0.48,85,100,50.9,5.82,6.4,-0.7945,-0.6073,13.5,14.0,14.0,station
2024-08-24,14.6,13.5,14.3,15.4,14.4,15.0,13.4,14.2,15.3,14.4,14.44,0.68,-0.02,85,48,47.8,14.08,1.6,-0.8048,-0.5935,14.6,16.0,16.0,station
2024-08-25,13.8,13.4,14.0,14.6,14.0,13.9,13.6,13.8,14.4,14.2,13.96,0.43,-0.02,84,80,41.5,11.13,1.1,-0.8149,-0.5796,13.9,15.0,15.0,station
2024-08-26,13.0,13.0,13.0,14.0,13.2,13.2,12.8,12.8,13.6,13.4,13.24,0.43,0.08,92,97,43.0,4.71,9.5,-0.8248,-0.5655,13.5,15.0,15.0,station
2024-08-27,14.2,13.8,13.8,15.0,14.3,15.2,13.7,13.7,15.0,14.3,14.22,0.49,-0.16,91,78,41.3,8.86,7.8,-0.8344,-0.5512,14.5,15.0,15.0,station
2024-08-28,14.3,13.5,14.9,15.8,14.2,14.7,13.3,14.7,14.9,15.0,14.54,0.86,0.02,85,57,32.5,14.36,1.6,-0.8437,-0.5368,15.0,16.0,16.0,station
2024-08-29,14.7,14.9,14.4,15.2,15.1,14.9,14.7,15.0,15.3,15.1,14.86,0.32,-0.14,88,78,52.7,9.33,4.1,-0.8528,-0.5222,15.6,16.0,16.0,station
2024-08-30,13.8,13.0,13.5,14.0,13.1,13.6,13.0,13.4,13.8,13.3,13.48,0.43,0.06,75,30,38.0,14.65,0.1,-0.8617,-0.5074,13.1,16.0,16.0,station
2024-08-31,15.4,14.2,15.0,15.5,15.6,14.8,14.0,14.7,15.2,15.8,15.14,0.57,0.24,86,80,48.1,11.51,10.2,-0.8703,-0.4925,15.5,16.0,16.0,station
2024-09-01,15.0,14.4,14.4,16.2,14.6,15.4,14.5,14.6,16.0,15.0,14.92,0.76,-0.18,82,60,48.1,13.5,9.1,-0.8786,-0.4775,15.4,17.0,17.0,station
2024-09-02,14.7,14.0,14.8,15.0,15.2,15.2,14.0,14.7,14.8,14.8,14.74,0.46,0.04,87,38,44.6,15.26,0.0,-0.8867,-0.4623,14.9,16.0,16.0,station
2024-09-03,14.6,14.8,13.9,14.5,14.0,15.3,14.9,15.0,15.4,14.9,14.36,0.39,-0.74,89,67,46.9,6.12,10.7,-0.8945,-0.447,14.6,15.0,15.0,station
2024-09-04,11.6,10.8,11.3,11.7,10.7,11.2,10.6,10.6,11.6,11.8,11.22,0.45,0.06,73,66,34.1,12.4,5.9,-0.9021,-0.4315,11.2,12.0,12.0,station
2024-09-05,13.0,12.2,12.4,13.8,13.2,12.7,12.2,12.0,13.6,13.3,12.92,0.64,0.16,78,21,19.6,14.18,0.0,-0.9094,-0.4159,13.0,14.0,14.0,station
2024-09-06,14.1,13.4,13.9,14.6,15.0,15.4,13.5,13.8,16.1,15.4,14.2,0.62,-0.64,82,42,29.2,15.14,0.0,-0.9164,-0.4002,15.0,16.0,16.0,station
2024-09-07,14.9,15.2,15.4,15.3,15.1,15.1,15.4,15.1,15.5,15.3,15.18,0.19,-0.1,88,85,54.6,10.73,1.0,-0.9232,-0.3844,15.1,16.0,16.0,station
2024-09-08,14.3,13.6,14.3,15.6,14.0,14.1,13.5,14.3,14.9,14.3,14.36,0.75,0.14,69,8,32.2,17.19,0.1,-0.9296,-0.3685,14.3,17.0,17.0,station
2024-09-09,14.7,14.0,14.0,14.6,14.7,14.6,14.1,14.3,15.2,14.5,14.4,0.37,-0.14,72,76,48.9,14.12,1.2,-0.9358,-0.3524,14.5,16.0,16.0,station
2024-09-10,15.1,14.6,14.4,16.1,14.8,15.1,14.5,14.8,15.7,15.0,15.0,0.67,-0.02,71,11,43.0,17.47,0.4,-0.9418,-0.3363,15.1,16.0,16.0,station
2024-09-11,12.2,11.6,12.8,12.9,12.6,12.1,11.6,12.5,13.4,12.1,12.42,0.53,0.08,65,7,44.6,17.98,1.3,-0.9474,-0.32,11.9,13.0,13.0,station
2024-09-12,13.7,13.9,13.0,14.2,14.2,14.1,13.9,13.5,14.7,14.3,13.8,0.49,-0.3,73,74,42.4,14.13,0.0,-0.9528,-0.3037,13.5,13.0,13.0,station
2024-09-13,13.8,13.2,14.2,14.4,14.2,13.8,13.3,14.2,14.6,13.5,13.96,0.48,0.08,79,89,37.9,9.45,7.4,-0.9579,-0.2873,13.7,14.0,14.0,station
2024-09-14,11.8,13.0,11.8,12.6,12.4,12.7,12.9,13.8,13.3,13.0,12.32,0.52,-0.82,88,90,28.0,5.93,6.0,-0.9627,-0.2707,12.4,13.0,13.0,station
2024-09-15,13.6,12.4,12.7,14.8,12.8,12.4,12.4,12.5,14.0,12.2,13.26,0.97,0.56,85,64,23.1,15.12,2.9,-0.9672,-0.2541,13.0,14.0,14.0,station
2024-09-16,12.0,12.4,12.0,12.0,12.3,12.2,12.5,11.4,12.2,12.2,12.14,0.19,0.04,91,86,36.9,2.46,25.1,-0.9714,-0.2375,12.0,13.0,13.0,station
2024-09-17,8.1,10.2,9.0,9.0,8.5,9.1,10.6,9.6,10.0,8.3,8.96,0.79,-0.56,78,75,50.3,4.74,12.1,-0.9753,-0.2207,9.7,10.0,10.0,station
2024-09-18,12.3,12.4,12.0,12.4,12.4,11.8,12.3,12.0,12.7,12.2,12.3,0.17,0.1,62,30,28.3,19.36,0.0,-0.979,-0.2039,12.5,13.0,13.0,station
2024-09-19,13.8,13.6,13.8,13.6,14.2,13.7,13.4,13.7,13.7,14.4,13.8,0.24,0.02,75,66,43.1,17.72,0.0,-0.9824,-0.187,14.0,16.0,16.0,station
2024-09-20,13.7,13.1,13.9,14.3,14.7,13.9,13.3,14.3,14.2,14.5,13.94,0.61,-0.1,77,42,35.0,15.38,0.4,-0.9854,-0.1701,13.3,15.0,15.0,station
2024-09-21,13.9,13.0,14.4,14.6,14.0,13.9,12.9,14.2,14.7,14.2,13.98,0.62,0.0,68,45,31.9,19.83,0.0,-0.9882,-0.1531,14.3,16.0,16.0,station
2024-09-22,14.4,13.5,15.3,14.6,15.1,14.6,13.4,14.7,14.7,15.5,14.58,0.7,0.0,77,57,46.2,16.37,1.4,-0.9907,-0.1361,14.3,16.0,16.0,station
2024-09-23,15.0,14.1,14.8,15.3,15.7,14.6,14.0,15.0,16.1,15.2,14.98,0.6,0.0,75,39,34.8,16.59,0.0,-0.9929,-0.1191,14.8,15.0,15.0,station
2024-09-24,17.2,15.3,17.5,18.4,17.0,17.1,15.3,17.4,17.4,17.0,17.08,1.13,0.24,70,62,43.6,18.1,1.1,-0.9948,-0.102,17.2,19.0,19.0,station
2024-09-25,12.4,11.9,12.9,13.6,14.3,12.9,11.9,12.2,13.5,14.3,13.02,0.95,0.06,70,49,24.6,18.14,0.2,-0.9964,-0.0848,12.9,14.0,14.0,station
2024-09-26,14.3,14.8,14.1,14.2,14.2,14.1,14.7,14.0,14.3,14.4,14.32,0.28,0.02,77,74,52.7,14.96,1.2,-0.9977,-0.0677,14.2,15.0,15.0,station
2024-09-27,14.3,14.5,14.0,14.4,14.3,14.6,14.4,14.1,14.1,14.8,14.3,0.19,-0.1,79,58,44.6,15.75,4.3,-0.9987,-0.0505,14.3,15.0,15.0,station
2024-09-28,14.0,12.8,13.5,15.0,14.4,13.5,12.4,13.4,14.6,14.2,13.94,0.84,0.32,78,14,15.7,20.67,0.0,-0.9994,-0.0333,14.7,15.0,15.0,station
2024-09-29,14.5,13.6,14.0,16.3,15.7,15.0,13.3,14.3,16.4,15.9,14.82,1.14,-0.16,74,59,24.2,19.38,0.0,-0.9999,-0.0161,15.0,16.0,16.0,station
2024-09-30,15.6,14.2,15.8,16.3,17.2,15.2,14.2,15.5,16.5,17.5,15.82,1.1,0.04,77,27,26.6,21.93,0.0,-1.0,0.0011,15.3,18.0,18.0,station
2024-10-01,14.6,13.8,14.8,14.7,15.5,14.7,13.9,15.1,15.1,15.6,14.68,0.61,-0.2,80,86,42.7,19.78,0.0,-0.9998,0.0183,14.6,16.0,16.0,station
2024-10-02,15.9,14.9,16.1,16.2,17.8,15.5,15.0,15.9,15.6,17.2,16.18,1.04,0.34,81,99,39.8,10.89,2.0,-0.9994,0.0355,15.5,18.0,18.0,station
2024-10-03,15.1,14.4,15.2,15.4,17.4,14.9,14.3,13.1,16.3,17.7,15.5,1.13,0.24,90,99,31.4,8.83,19.9,-0.9986,0.0527,15.1,16.0,16.0,station
2024-10-04,14.8,13.5,15.3,16.9,14.6,14.8,13.6,15.0,16.3,14.8,15.02,1.24,0.12,84,56,11.5,19.21,0.0,-0.9976,0.0698,15.1,16.0,16.0,station
2024-10-05,15.9,14.9,15.6,16.5,16.3,15.1,14.3,15.9,16.8,16.1,15.84,0.63,0.2,83,45,30.8,22.19,3.2,-0.9962,0.087,15.9,18.0,18.0,station
2024-10-06,14.9,14.5,15.2,15.6,15.7,14.4,14.3,14.8,15.1,14.6,15.18,0.5,0.54,82,66,40.2,13.1,2.7,-0.9946,0.1041,15.2,16.0,16.0,station
2024-10-07,15.8,14.5,15.4,16.0,14.3,15.4,14.3,15.9,15.9,15.2,15.2,0.76,-0.14,83,46,42.9,17.33,0.5,-0.9926,0.1212,15.8,17.0,17.0,station
2024-10-08,14.5,14.4,14.8,15.6,15.1,14.8,14.7,15.0,15.5,15.2,14.88,0.49,-0.16,80,70,53.3,17.32,0.5,-0.9904,0.1383,15.0,16.0,16.0,station
2024-10-09,13.7,14.1,14.2,14.5,14.3,13.5,14.1,14.1,14.6,14.3,14.16,0.3,0.04,67,32,35.7,22.96,0.9,-0.9879,0.1553,14.2,16.0,16.0,station
2024-10-10,11.7,11.2,11.7,11.7,11.8,11.4,11.1,11.3,11.6,11.6,11.62,0.24,0.22,71,54,34.4,18.39,1.0,-0.9851,0.1722,11.8,13.0,13.0,station
2024-10-11,13.7,13.3,14.3,14.7,15.1,13.7,13.3,14.0,14.4,14.9,14.22,0.73,0.16,78,8,32.9,24.13,0.0,-0.9819,0.1892,13.8,15.0,15.0,station
2024-10-12,15.2,14.3,14.4,15.9,16.7,15.4,14.2,15.8,16.5,17.1,15.3,1.02,-0.5,80,4,30.4,24.27,0.0,-0.9785,0.206,15.0,17.0,17.0,station
2024-10-13,12.2,13.5,12.8,12.5,13.9,12.5,13.3,14.5,13.4,13.6,12.98,0.7,-0.48,82,79,38.9,11.26,19.3,-0.9749,0.2228,12.2,13.0,13.0,station
2024-10-14,11.1,11.2,10.6,10.6,11.2,10.8,11.6,10.0,11.0,10.2,10.94,0.31,0.22,84,96,49.4,9.78,35.1,-0.9709,0.2396,10.6,10.0,10.0,station
2024-10-15,12.6,12.0,13.1,13.1,11.5,12.8,12.2,12.8,12.4,12.7,12.46,0.7,-0.12,70,42,42.3,22.15,0.1,-0.9666,0.2562,12.4,14.0,14.0,station
2024-10-16,12.1,11.5,11.9,12.4,12.4,11.9,11.6,12.4,11.5,12.6,12.06,0.38,0.06,64,57,35.0,20.36,0.0,-0.9621,0.2728,12.0,13.0,13.0,station
2024-10-17,14.5,13.3,14.4,15.9,16.3,13.6,13.4,15.5,14.9,15.4,14.88,1.22,0.32,71,87,16.6,22.03,0.0,-0.9572,0.2893,13.5,15.0,15.0,station
2024-10-18,14.9,14.3,14.9,16.2,15.9,14.9,14.4,15.7,16.0,16.4,15.24,0.79,-0.24,85,98,26.0,14.37,1.1,-0.9521,0.3057,15.0,16.0,16.0,station
2024-10-19,16.0,14.7,16.8,17.5,19.0,16.2,14.5,16.4,17.6,18.5,16.8,1.61,0.16,82,52,13.7,22.14,0.0,-0.9467,0.3221,16.4,19.0,19.0,station
2024-10-20,16.6,14.9,16.4,18.0,18.8,16.8,14.8,16.0,18.5,19.0,16.94,1.51,-0.08,81,35,21.9,25.62,0.0,-0.941,0.3383,17.0,19.0,19.0,station
2024-10-21,16.2,15.2,16.1,16.3,17.5,15.9,15.0,17.7,16.4,18.4,16.26,0.82,-0.42,84,62,28.7,23.42,0.0,-0.9351,0.3545,16.3,18.0,18.0,station
2024-10-22,16.6,14.9,18.8,19.4,19.8,17.0,14.9,18.0,18.2,19.2,17.9,2.08,0.44,89,51,25.0,23.06,0.0,-0.9288,0.3705,17.2,19.0,19.0,station
2024-10-23,16.8,15.3,17.0,17.1,17.2,16.8,15.1,17.0,16.8,17.1,16.68,0.79,0.12,85,46,41.5,24.12,0.0,-0.9223,0.3864,16.5,16.0,16.0,station
2024-10-24,15.9,15.5,16.6,16.7,16.2,16.0,15.5,16.5,16.9,16.1,16.18,0.5,-0.02,80,71,53.1,22.67,1.0,-0.9155,0.4022,16.0,17.0,17.0,station
2024-10-25,16.4,16.3,15.6,16.2,15.9,15.9,16.0,15.6,16.1,15.9,16.08,0.33,0.18,91,98,53.6,7.6,5.2,-0.9085,0.4179,16.5,17.0,17.0,station
2024-10-26,18.8,16.2,17.0,19.2,19.8,19.4,16.6,17.8,18.6,18.3,18.2,1.53,0.06,89,99,41.6,9.15,18.7,-0.9012,0.4335,17.9,20.0,20.0,station
2024-10-27,15.7,14.6,16.1,16.2,14.5,15.8,14.9,16.2,16.0,14.5,15.42,0.82,-0.06,82,29,33.5,24.22,1.7,-0.8936,0.4489,15.5,17.0,17.0,station
2024-10-28,14.3,13.7,13.9,14.4,13.9,13.3,13.8,13.1,14.0,13.9,14.04,0.3,0.42,76,46,31.2,18.42,2.6,-0.8857,0.4642,14.2,15.0,15.0,station
2024-10-29,14.1,14.1,15.1,15.1,15.3,15.1,14.6,14.6,14.7,14.7,14.74,0.59,0.0,78,85,44.8,13.82,5.8,-0.8776,0.4794,15.0,17.0,17.0,station
2024-10-30,13.2,13.4,12.3,15.3,13.6,15.0,13.7,12.2,14.0,12.3,13.56,1.09,0.12,75,38,31.4,17.17,1.9,-0.8692,0.4944,12.8,15.0,15.0,station
2024-10-31,16.8,15.3,16.4,18.2,17.4,16.7,15.4,16.7,18.0,17.1,16.82,1.09,0.04,75,32,36.0,26.77,0.0,-0.8606,0.5093,16.6,17.0,17.0,station
2024-11-01,16.2,15.8,17.1,17.2,16.9,16.3,15.8,17.1,16.5,17.2,16.64,0.61,0.06,81,50,45.5,25.17,0.3,-0.8517,0.524,16.7,18.0,18.0,station
2024-11-02,17.6,15.7,17.3,17.9,17.0,17.7,15.8,17.1,18.0,17.0,17.1,0.85,-0.02,76,59,42.1,23.4,0.6,-0.8426,0.5386,16.9,18.0,18.0,station
2024-11-03,11.6,10.9,11.8,12.2,12.0,11.7,10.9,12.2,13.0,12.6,11.7,0.5,-0.38,60,19,39.1,27.16,0.2,-0.8332,0.553,11.4,13.0,13.0,station
2024-11-04,14.8,13.8,14.1,14.6,14.9,14.6,13.5,14.3,14.6,15.2,14.44,0.47,0.0,66,42,41.3,27.49,0.0,-0.8235,0.5672,14.5,16.0,16.0,station
2024-11-05,15.7,15.7,16.3,16.4,16.2,16.7,15.8,14.1,16.5,16.5,16.06,0.34,0.14,85,91,40.3,18.62,8.6,-0.8137,0.5813,17.1,17.0,17.0,station
2024-11-06,16.9,15.2,15.7,16.0,16.1,17.0,15.3,16.8,18.1,17.8,15.98,0.62,-1.02,94,100,18.8,9.67,7.3,-0.8035,0.5952,15.9,16.0,16.0,station
2024-11-07,16.9,15.6,17.4,17.0,16.6,17.0,15.7,17.4,17.6,16.9,16.7,0.68,-0.22,88,37,35.1,27.54,0.0,-0.7932,0.609,16.8,18.0,18.0,station
2024-11-08,16.5,15.9,17.5,16.9,16.5,17.0,16.2,16.9,17.4,16.5,16.66,0.59,-0.14,89,67,48.2,23.21,0.4,-0.7826,0.6225,17.5,19.0,19.0,station
2024-11-09,17.5,16.5,17.9,17.3,17.7,16.8,16.5,17.8,16.2,17.7,17.38,0.54,0.38,88,91,49.6,22.11,1.3,-0.7718,0.6359,17.8,19.0,19.0,station
2024-11-10,18.3,15.9,18.3,18.2,18.0,17.3,15.7,19.8,18.2,18.2,17.74,1.04,-0.1,86,89,33.1,17.06,2.6,-0.7607,0.6491,18.0,18.0,18.0,station
2024-11-11,18.1,15.9,18.0,20.1,18.6,18.3,15.8,18.3,20.4,18.4,18.14,1.51,-0.1,65,40,32.0,26.82,0.0,-0.7494,0.6621,18.7,19.0,19.0,station
2024-11-12,17.9,15.6,19.1,19.0,19.5,18.1,15.5,17.7,18.5,19.1,18.22,1.58,0.44,74,40,16.9,26.99,0.6,-0.7379,0.6749,16.7,18.0,18.0,station
2024-11-13,19.0,16.8,18.8,20.3,20.1,18.5,16.4,20.0,20.8,20.3,19.0,1.39,-0.2,79,40,10.6,28.31,0.0,-0.7262,0.6875,17.7,19.0,19.0,station
2024-11-14,18.8,17.1,18.3,18.7,19.9,18.4,17.2,18.8,18.2,19.4,18.56,1.01,0.16,85,95,44.0,14.09,7.7,-0.7143,0.6998,19.6,21.0,21.0,station
2024-11-15,16.6,16.8,16.9,17.6,16.5,16.7,16.7,16.8,18.3,16.8,16.88,0.43,-0.18,93,86,45.6,11.13,5.4,-0.7021,0.712,16.8,18.0,18.0,station
2024-11-16,13.0,13.6,12.9,14.0,13.6,13.6,13.5,13.3,14.1,13.4,13.42,0.46,-0.16,74,65,40.9,15.44,2.8,-0.6898,0.724,13.1,14.0,14.0,station
2024-11-17,13.5,13.1,13.9,14.2,15.7,13.7,13.0,13.7,14.9,15.9,14.08,1.0,-0.16,62,21,31.5,28.51,0.0,-0.6772,0.7358,12.9,15.0,15.0,station
2024-11-18,15.9,15.3,17.1,17.7,19.3,15.9,15.1,17.2,17.5,19.2,17.06,1.57,0.08,73,0,18.4,31.32,0.0,-0.6645,0.7473,16.4,19.0,19.0,station
2024-11-19,16.0,15.8,16.8,17.2,18.3,16.3,16.0,16.6,17.5,18.2,16.82,1.01,-0.1,79,57,33.6,27.21,0.1,-0.6515,0.7586,16.2,18.0,18.0,station
2024-11-20,16.3,15.3,16.7,18.1,17.5,17.6,15.9,17.2,17.6,18.1,16.78,1.08,-0.5,74,32,40.8,28.98,0.5,-0.6384,0.7697,17.0,19.0,19.0,station
2024-11-21,14.4,14.0,15.0,15.9,15.9,14.4,14.0,16.1,16.5,16.2,15.04,0.86,-0.4,68,35,42.2,24.48,3.9,-0.625,0.7806,16.3,17.0,17.0,station
2024-11-22,14.4,14.4,14.9,15.8,16.2,14.3,14.2,14.7,14.8,15.7,15.14,0.82,0.4,71,49,40.4,28.08,0.4,-0.6115,0.7912,15.5,16.0,16.0,station
2024-11-23,14.2,14.1,14.5,16.1,16.8,15.7,14.2,14.8,15.7,16.5,15.14,1.23,-0.24,76,91,25.6,19.52,0.7,-0.5978,0.8016,15.0,16.0,16.0,station
2024-11-24,16.1,15.0,16.4,17.0,17.6,15.8,15.0,16.4,17.2,17.6,16.42,0.98,0.02,75,78,29.9,26.06,0.2,-0.584,0.8118,16.2,18.0,18.0,station
2024-11-25,17.9,16.6,17.7,18.7,20.1,18.1,16.6,18.4,19.1,19.9,18.2,1.3,-0.22,79,49,36.4,30.34,0.0,-0.5699,0.8217,18.3,20.0,20.0,station
2024-11-26,19.8,17.2,19.3,20.6,22.0,19.5,17.1,21.8,20.4,21.3,19.78,1.77,-0.24,83,27,29.8,30.89,0.0,-0.5557,0.8314,20.4,21.0,21.0,station
2024-11-27,18.8,16.6,19.5,19.9,21.7,19.6,16.5,19.4,20.9,21.8,19.3,1.85,-0.34,82,74,29.6,20.87,0.6,-0.5413,0.8408,18.7,21.0,21.0,station
2024-11-28,17.4,16.9,18.6,17.3,19.1,17.9,17.2,18.6,18.2,19.1,17.86,0.94,-0.34,85,68,49.9,28.26,0.0,-0.5268,0.85,17.5,19.0,19.0,station
2024-11-29,15.3,16.1,15.8,15.4,18.3,15.7,16.3,16.2,15.7,18.2,16.18,1.23,-0.24,78,97,31.1,14.9,0.8,-0.5121,0.859,15.5,17.0,17.0,station
2024-11-30,16.3,14.9,16.1,16.8,18.4,16.3,15.1,17.2,16.8,18.5,16.5,1.27,-0.28,71,47,27.1,26.21,0.0,-0.4972,0.8676,15.3,17.0,17.0,station
2024-12-01,18.6,17.3,19.2,20.0,20.3,19.3,17.1,19.0,20.4,19.9,19.08,1.2,-0.06,83,24,28.9,27.95,0.0,-0.4822,0.8761,19.4,22.0,22.0,station
2024-12-02,18.6,17.5,18.8,18.6,19.6,18.6,17.5,19.1,19.1,19.9,18.62,0.75,-0.22,86,94,34.1,28.77,0.0,-0.4671,0.8842,18.9,21.0,21.0,station
2024-12-03,17.3,18.0,19.3,19.0,19.0,18.1,18.4,19.6,18.5,18.8,18.52,0.84,-0.16,89,81,42.8,21.52,0.1,-0.4518,0.8921,18.1,20.0,20.0,station
2024-12-04,20.3,18.5,19.0,20.3,22.0,19.7,18.7,19.9,20.4,22.0,20.02,1.36,-0.12,89,86,37.6,27.28,0.0,-0.4364,0.8998,21.2,21.0,21.0,station
2024-12-05,20.1,19.0,21.3,20.6,20.7,20.4,18.9,21.3,20.7,21.0,20.34,0.86,-0.12,83,28,40.9,32.1,0.0,-0.4208,0.9071,20.8,22.0,22.0,station
2024-12-06,16.5,16.0,17.2,17.1,20.0,18.2,16.1,17.6,17.3,19.1,17.36,1.55,-0.3,77,46,24.2,29.52,0.0,-0.4052,0.9142,16.5,19.0,19.0,station
2024-12-07,18.7,17.1,18.8,19.5,20.9,18.3,16.7,19.6,19.0,20.6,19.0,1.38,0.16,76,67,27.7,31.11,0.0,-0.3894,0.9211,18.7,21.0,21.0,station
2024-12-08,18.2,17.7,18.2,18.7,18.0,18.1,17.6,18.6,18.3,18.3,18.16,0.36,-0.02,83,95,63.4,20.43,1.7,-0.3735,0.9276,17.9,19.0,19.0,station
2024-12-09,19.7,18.1,19.7,20.4,18.9,19.7,18.3,20.4,20.6,18.6,19.36,0.88,-0.16,74,21,50.5,33.13,0.0,-0.3575,0.9339,19.5,22.0,22.0,station
2024-12-10,19.2,17.1,19.3,21.1,20.0,18.6,17.2,19.5,20.5,19.7,19.34,1.46,0.24,66,9,27.0,33.09,0.0,-0.3413,0.9399,19.9,21.0,21.0,station
2024-12-11,18.5,17.6,19.0,19.1,19.3,18.5,17.5,19.0,19.3,19.7,18.7,0.68,-0.1,75,60,40.2,32.73,0.0,-0.3251,0.9457,18.9,20.0,20.0,station
2024-12-12,18.8,17.7,17.1,17.7,18.8,18.5,17.2,18.6,19.7,18.2,18.02,0.75,-0.42,86,91,30.3,13.11,2.1,-0.3088,0.9511,18.5,20.0,20.0,station
2024-12-13,21.2,18.9,20.9,22.1,21.5,21.1,18.9,20.6,21.1,21.1,20.92,1.21,0.36,78,3,29.9,32.04,0.0,-0.2924,0.9563,21.3,23.0,23.0,station
2024-12-14,18.1,18.3,20.5,19.4,20.1,18.3,18.4,20.1,19.4,19.9,19.28,1.06,0.06,85,49,41.3,28.35,0.1,-0.2759,0.9612,19.2,21.0,21.0,station
2024-12-15,19.5,18.4,20.8,19.7,20.8,19.2,18.4,20.4,19.7,20.2,19.84,1.01,0.26,87,81,35.5,28.69,0.0,-0.2593,0.9658,20.0,23.0,23.0,station
2024-12-16,19.0,18.3,19.3,19.5,20.2,19.4,18.4,19.8,19.4,21.4,19.26,0.69,-0.42,89,89,47.6,21.2,15.8,-0.2427,0.9701,19.5,20.0,20.0,station
2024-12-17,13.5,13.6,14.5,14.4,13.3,13.1,13.7,14.5,14.4,12.6,13.86,0.55,0.2,66,93,50.2,17.82,1.2,-0.226,0.9741,13.2,15.0,15.0,station
2024-12-18,15.7,15.3,16.5,16.8,17.6,15.5,15.3,16.0,16.8,16.4,16.38,0.91,0.38,63,83,33.3,23.92,0.0,-0.2092,0.9779,15.1,17.0,17.0,station
2024-12-19,15.9,16.2,14.4,15.4,16.2,15.4,15.7,14.4,17.5,16.4,15.62,0.76,-0.26,90,100,46.2,9.48,8.7,-0.1923,0.9813,15.1,14.0,14.0,station
2024-12-20,15.9,15.6,14.4,16.0,16.5,16.0,15.8,14.5,16.4,16.3,15.68,0.79,-0.12,94,79,37.8,9.39,9.8,-0.1754,0.9845,15.5,16.0,16.0,station
2024-12-21,21.7,18.4,21.9,22.5,20.9,21.0,18.2,20.5,21.6,20.8,21.08,1.6,0.66,84,77,36.2,25.29,5.3,-0.1585,0.9874,21.6,23.0,23.0,station
2024-12-22,18.0,17.2,19.5,18.2,19.0,18.5,17.4,19.3,18.6,18.5,18.38,0.9,-0.08,89,58,43.1,27.39,2.3,-0.1414,0.9899,18.2,21.0,21.0,station
2024-12-23,19.0,17.6,19.4,19.4,20.6,18.9,17.7,19.4,19.3,20.7,19.2,1.08,0.0,89,50,26.8,29.13,0.1,-0.1244,0.9922,19.1,22.0,22.0,station
2024-12-24,19.6,17.9,19.8,20.4,21.3,19.8,17.8,19.9,20.1,21.2,19.8,1.25,0.04,87,50,30.6,30.2,0.0,-0.1073,0.9942,19.9,22.0,22.0,station
2024-12-25,19.7,18.1,20.1,20.6,20.6,19.7,18.0,20.2,19.7,21.0,19.82,1.03,0.1,82,73,27.9,27.31,0.4,-0.0902,0.9959,19.7,23.0,23.0,station
2024-12-26,19.0,17.7,17.4,17.5,19.2,18.2,16.9,16.4,19.8,19.5,18.16,0.87,0.0,93,100,38.3,13.36,14.1,-0.073,0.9973,18.0,18.0,18.0,station
2024-12-27,15.5,16.2,16.3,15.8,15.5,15.3,16.0,16.0,15.7,14.7,15.86,0.38,0.32,78,50,52.2,26.65,2.7,-0.0559,0.9984,15.5,16.0,16.0,station
2024-12-28,17.4,15.9,18.7,19.9,20.9,17.6,16.6,18.5,20.8,21.8,18.56,1.98,-0.5,78,3,38.1,33.81,0.0,-0.0387,0.9993,16.9,18.0,18.0,station
2024-12-29,19.6,17.9,20.3,19.9,22.1,19.4,17.6,20.1,19.0,21.5,19.96,1.51,0.44,87,92,35.8,28.84,0.0,-0.0215,0.9998,19.1,22.0,22.0,station
2024-12-30,18.7,17.1,17.4,18.8,21.2,19.9,17.2,17.6,18.8,20.0,18.64,1.62,-0.06,89,70,41.4,26.28,12.1,-0.0043,1.0,20.4,20.0,20.0,station
2024-12-31,15.7,15.6,15.4,16.1,15.6,15.0,15.5,15.8,14.5,14.3,15.68,0.26,0.66,83,100,53.9,16.81,14.0,0.0129,0.9999,15.4,15.0,15.0,station
2025-01-01,14.5,15.0,14.0,14.7,14.2,14.7,15.3,17.4,15.9,14.6,14.48,0.4,-1.1,84,100,39.5,8.51,9.6,0.0172,0.9999,14.9,15.0,15.0,station
2025-01-02,18.2,16.9,19.5,20.6,19.1,18.3,17.0,19.5,21.1,19.0,18.86,1.39,-0.12,85,60,27.8,26.23,0.4,0.0344,0.9994,18.0,19.0,19.0,station
2025-01-03,18.6,17.8,19.6,18.0,18.8,18.8,17.9,19.3,17.9,20.2,18.56,0.71,-0.26,85,55,44.6,28.04,13.5,0.0516,0.9987,19.0,21.0,21.0,station
2025-01-04,14.9,15.2,16.1,15.5,14.2,14.8,15.3,16.6,16.2,14.3,15.18,0.7,-0.26,75,70,50.9,24.5,6.9,0.0688,0.9976,15.2,16.0,16.0,station
2025-01-05,13.6,14.3,15.1,15.2,12.7,13.6,14.4,15.5,15.0,12.6,14.18,1.05,-0.04,73,84,49.7,19.12,3.1,0.0859,0.9963,14.1,14.0,14.0,station
2025-01-06,14.5,15.0,16.1,14.7,13.8,14.6,15.2,14.6,15.2,13.5,14.82,0.84,0.2,79,90,47.7,11.15,1.1,0.103,0.9947,14.5,15.0,15.0,station
2025-01-07,18.7,16.7,20.7,20.7,19.3,18.9,16.6,20.8,21.3,19.0,19.22,1.66,-0.1,86,24,28.4,32.0,0.0,0.1201,0.9928,18.1,20.0,20.0,station
2025-01-08,15.5,15.7,14.8,15.9,17.4,15.2,15.7,15.2,16.2,16.1,15.86,0.96,0.18,83,73,42.1,10.57,4.2,0.1372,0.9905,15.4,17.0,17.0,station
2025-01-09,16.7,15.5,17.0,18.3,17.6,17.2,15.9,16.9,18.1,17.5,17.02,1.05,-0.1,70,14,27.9,32.07,0.0,0.1542,0.988,16.3,18.0,18.0,station
2025-01-10,16.6,15.3,16.6,17.1,18.5,16.1,15.0,16.6,17.1,17.9,16.82,1.15,0.28,68,19,14.9,31.0,0.0,0.1712,0.9852,15.4,17.0,17.0,station
2025-01-11,16.0,15.4,17.0,16.2,17.1,15.6,15.4,16.6,16.4,17.0,16.34,0.71,0.14,77,75,35.5,25.34,2.6,0.1881,0.9821,15.6,18.0,18.0,station
2025-01-12,14.4,14.1,15.9,15.9,14.9,14.6,14.6,15.6,15.4,15.1,15.04,0.84,-0.02,70,62,45.0,24.87,2.1,0.205,0.9788,14.6,16.0,16.0,station
2025-01-13,15.5,14.5,16.4,16.3,16.4,15.4,14.5,16.0,15.9,16.3,15.82,0.83,0.2,70,47,34.4,27.58,0.1,0.2218,0.9751,15.0,17.0,17.0,station
2025-01-14,16.2,14.8,17.0,16.5,18.3,16.3,14.8,17.5,17.4,18.5,16.56,1.27,-0.34,74,57,25.4,28.0,0.1,0.2385,0.9711,15.4,16.0,16.0,station
2025-01-15,16.6,14.9,16.3,17.0,17.8,16.4,14.9,16.0,17.1,17.6,16.52,1.07,0.12,72,63,26.5,23.24,0.3,0.2552,0.9669,16.0,17.0,17.0,station
2025-01-16,17.4,16.0,17.7,17.5,19.8,17.7,16.2,17.8,18.0,19.6,17.68,1.36,-0.18,78,24,22.9,28.5,0.1,0.2718,0.9624,16.1,17.0,17.0,station
2025-01-17,20.0,17.3,19.3,19.9,23.1,19.5,17.2,19.9,20.1,22.6,19.92,2.08,0.06,82,31,24.2,30.45,0.0,0.2883,0.9575,19.2,20.0,20.0,station
2025-01-18,20.2,17.5,19.8,20.9,23.1,20.7,17.9,20.8,21.6,23.8,20.3,2.02,-0.66,78,12,22.9,28.54,0.0,0.3047,0.9524,19.4,19.0,19.0,station
2025-01-19,18.6,17.1,18.7,20.5,21.6,19.7,17.4,19.1,22.3,22.2,19.3,1.76,-0.84,80,54,27.8,27.11,0.0,0.3211,0.9471,17.5,19.0,19.0,station
2025-01-20,18.2,16.7,18.1,18.9,21.0,18.5,16.9,18.3,19.1,20.4,18.58,1.57,-0.06,73,7,21.9,30.93,0.0,0.3373,0.9414,16.9,18.0,18.0,station
2025-01-21,23.8,18.5,21.8,25.4,26.1,23.8,18.3,22.9,24.6,26.5,23.12,3.07,-0.1,75,3,18.4,30.89,0.0,0.3534,0.9355,21.9,21.0,21.0,station
2025-01-22,23.8,19.0,23.6,24.5,25.1,23.0,19.2,25.2,23.4,25.9,23.2,2.42,-0.14,72,12,21.4,29.34,0.0,0.3695,0.9292,22.8,23.0,23.0,station
2025-01-23,21.1,19.0,20.7,20.4,22.9,20.9,19.1,21.3,21.2,22.9,20.82,1.41,-0.26,78,25,32.2,30.63,0.0,0.3854,0.9227,21.4,24.0,24.0,station
2025-01-24,19.6,17.1,18.6,19.7,21.4,19.0,17.3,17.6,19.3,21.4,19.28,1.58,0.36,83,90,26.1,21.23,0.4,0.4012,0.916,18.4,19.0,19.0,station
2025-01-25,21.9,19.8,21.9,21.8,23.3,20.7,19.3,20.9,20.7,24.1,21.74,1.25,0.6,74,88,23.2,21.21,0.0,0.4169,0.9089,23.6,26.0,26.0,station
2025-01-26,23.6,19.3,23.2,25.1,26.1,24.1,19.4,24.3,24.9,25.6,23.46,2.6,-0.2,85,64,24.0,23.1,4.0,0.4325,0.9016,22.5,25.0,25.0,station
2025-01-27,16.6,17.2,16.7,16.9,15.2,18.2,18.2,15.8,16.3,17.4,16.52,0.77,-0.66,75,49,39.9,23.39,10.5,0.4479,0.8941,16.4,17.0,17.0,station
2025-01-28,18.5,17.9,18.7,19.5,19.1,18.4,17.9,18.6,19.4,19.0,18.74,0.61,0.08,66,17,27.7,30.21,0.0,0.4633,0.8862,18.8,21.0,21.0,station
2025-01-29,19.1,19.1,20.0,19.6,19.3,19.2,18.8,19.9,19.3,19.7,19.42,0.38,0.04,70,68,44.8,23.71,6.7,0.4784,0.8781,20.2,20.0,20.0,station
2025-01-30,18.0,17.8,17.4,20.8,20.3,19.4,17.8,18.7,19.5,20.9,18.86,1.57,-0.4,91,96,28.7,7.31,2.5,0.4935,0.8698,17.5,19.0,19.0,station
2025-01-31,20.4,18.9,20.9,21.1,21.1,20.8,18.9,20.7,20.9,20.7,20.48,0.93,0.08,87,82,27.8,26.94,0.1,0.5084,0.8611,20.5,22.0,22.0,station
2025-02-01,20.1,18.7,19.2,20.6,20.5,19.8,18.7,19.8,19.3,19.8,19.82,0.83,0.34,87,96,29.0,15.21,3.0,0.5231,0.8523,19.6,22.0,22.0,station
2025-02-02,18.6,17.6,18.9,18.5,20.2,18.4,18.0,18.5,17.7,19.4,18.76,0.94,0.36,87,45,26.7,25.03,0.9,0.5377,0.8432,17.2,19.0,19.0,station
2025-02-03,20.1,18.2,20.3,21.0,21.9,20.3,18.7,20.4,20.9,22.0,20.3,1.37,-0.16,76,42,21.0,27.27,0.0,0.5521,0.8338,20.8,23.0,23.0,station
2025-02-04,18.9,17.5,19.1,19.3,20.9,19.0,17.1,19.0,18.8,21.2,19.14,1.21,0.12,84,44,27.7,24.82,0.8,0.5664,0.8242,17.8,20.0,20.0,station
2025-02-05,19.7,16.9,22.2,21.2,20.8,19.6,17.1,21.5,20.3,20.6,20.16,2.03,0.34,77,53,20.7,25.81,0.0,0.5805,0.8143,18.1,19.0,19.0,station
2025-02-06,19.8,18.7,20.6,23.0,22.4,21.3,18.3,22.7,22.0,23.1,20.9,1.79,-0.58,86,69,26.5,21.26,0.0,0.5944,0.8042,19.0,20.0,20.0,station
2025-02-07,17.6,16.9,18.2,18.0,19.8,17.9,17.2,18.2,18.3,20.5,18.1,1.07,-0.32,73,34,24.2,27.94,0.0,0.6081,0.7938,17.2,19.0,19.0,station
2025-02-08,22.1,19.5,21.2,21.9,23.8,21.9,19.5,21.4,22.0,23.8,21.7,1.56,-0.02,75,1,28.1,28.19,0.0,0.6217,0.7833,22.1,25.0,25.0,station
2025-02-09,21.7,20.2,21.9,21.6,22.7,22.3,20.3,22.4,21.7,23.0,21.62,0.9,-0.32,83,25,35.1,27.1,0.2,0.6351,0.7725,21.8,24.0,24.0,station
2025-02-10,19.1,18.3,19.4,21.8,22.2,20.5,18.7,19.9,21.8,23.3,20.16,1.73,-0.68,81,83,26.1,20.45,0.2,0.6483,0.7614,18.5,19.0,19.0,station
2025-02-11,17.8,17.2,17.9,17.9,18.9,18.6,17.4,18.2,18.2,18.9,17.94,0.61,-0.32,75,83,32.1,21.12,4.0,0.6613,0.7502,17.3,19.0,19.0,station
2025-02-12,19.1,17.4,18.7,19.1,20.9,19.1,17.6,18.7,19.3,20.7,19.04,1.25,-0.04,68,12,21.0,27.22,0.0,0.6741,0.7387,18.2,19.0,19.0,station
2025-02-13,20.8,18.8,22.3,22.3,24.1,20.5,18.4,22.9,21.3,22.9,21.66,1.98,0.46,79,31,15.1,27.42,0.0,0.6867,0.727,19.1,20.0,20.0,station
2025-02-14,22.7,20.2,23.8,24.5,25.8,22.8,20.0,25.1,23.3,26.4,23.4,2.11,-0.12,76,0,16.2,27.43,0.0,0.6991,0.715,20.8,22.0,22.0,station
2025-02-15,21.7,20.3,21.6,22.2,23.3,22.2,20.8,22.2,22.6,24.1,21.82,1.08,-0.56,74,25,26.3,25.31,0.0,0.7113,0.7029,22.3,25.0,25.0,station
2025-02-16,21.9,21.0,21.9,23.4,22.9,22.7,21.1,22.2,22.2,23.7,22.22,0.94,-0.16,71,69,16.9,12.92,0.0,0.7233,0.6906,21.2,24.0,24.0,station
2025-02-17,23.7,20.7,24.7,23.9,25.3,23.8,21.1,20.6,23.8,23.8,23.66,1.77,1.04,78,64,24.1,16.74,2.0,0.735,0.678,23.7,22.0,22.0,station
2025-02-18,21.2,20.3,21.8,22.8,22.8,22.0,20.4,22.7,22.8,21.7,21.78,1.07,-0.14,86,62,36.6,16.56,4.3,0.7466,0.6653,21.0,23.0,23.0,station
2025-02-19,21.1,20.2,21.5,21.3,21.4,20.9,20.2,21.7,21.4,20.8,21.1,0.52,0.1,84,63,42.9,23.08,3.1,0.7579,0.6523,21.3,23.0,23.0,station
2025-02-20,21.1,19.7,21.3,21.6,22.1,21.2,19.8,21.5,21.8,22.2,21.16,0.9,-0.14,78,18,36.6,26.38,0.0,0.769,0.6392,21.2,24.0,24.0,station
2025-02-21,19.7,19.3,21.9,21.7,21.7,21.3,19.1,20.8,20.9,22.2,20.86,1.25,0.0,77,44,33.1,18.25,12.5,0.7799,0.6259,20.2,22.0,22.0,station
2025-02-22,20.5,19.4,20.2,23.3,22.1,20.9,19.2,19.7,21.9,22.6,21.1,1.57,0.24,65,9,18.2,26.37,0.0,0.7906,0.6124,20.7,24.0,24.0,station
2025-02-23,19.1,18.6,19.2,19.1,21.5,18.9,18.7,18.9,19.8,20.6,19.5,1.14,0.12,79,17,25.6,24.04,0.2,0.801,0.5987,18.7,21.0,21.0,station
2025-02-24,20.7,19.5,20.8,21.8,23.3,21.3,19.6,20.7,22.0,23.6,21.22,1.42,-0.22,79,22,31.5,24.47,0.0,0.8112,0.5848,20.7,23.0,23.0,station
2025-02-25,20.5,19.8,20.7,21.4,20.9,20.5,19.6,20.8,21.5,20.9,20.66,0.59,0.0,74,37,47.0,25.03,0.0,0.8211,0.5708,20.7,22.0,22.0,station
2025-02-26,18.9,19.1,20.5,20.1,21.0,19.0,19.2,21.5,19.2,20.8,19.92,0.9,-0.02,79,72,29.4,12.1,0.4,0.8308,0.5566,18.5,19.0,19.0,station
2025-02-27,20.6,19.7,22.6,23.0,23.1,20.6,19.8,21.1,22.5,23.8,21.8,1.55,0.24,82,37,11.2,20.56,0.1,0.8402,0.5422,19.2,21.0,21.0,station
2025-02-28,22.5,20.3,23.8,23.1,24.4,23.0,20.4,23.3,23.8,24.6,22.82,1.58,-0.2,77,40,13.9,22.72,0.0,0.8495,0.5277,22.1,21.0,21.0,station
2025-03-01,20.6,19.6,21.2,21.0,21.4,20.8,19.8,21.1,21.0,21.6,20.76,0.71,-0.1,81,33,40.9,22.36,0.3,0.8584,0.513,20.6,24.0,24.0,station
2025-03-02,22.2,20.3,22.2,22.7,23.2,21.7,20.5,21.8,22.5,22.9,22.12,1.1,0.24,78,19,29.2,23.97,0.0,0.8671,0.4981,22.5,25.0,25.0,station
2025-03-03,22.5,20.5,22.4,22.6,23.7,22.5,20.8,22.4,22.1,23.6,22.34,1.15,0.06,81,22,34.6,23.58,0.0,0.8755,0.4831,22.4,25.0,25.0,station
2025-03-04,19.8,18.2,16.9,19.4,20.3,21.1,18.4,18.0,18.8,18.7,18.92,1.37,-0.08,87,86,35.5,14.61,12.5,0.8837,0.468,20.3,21.0,21.0,station
2025-03-05,15.1,15.2,15.7,15.5,14.0,14.7,14.9,15.3,15.4,13.5,15.1,0.66,0.34,66,56,52.4,18.42,2.9,0.8916,0.4527,14.7,16.0,16.0,station
2025-03-06,15.3,15.0,16.0,15.6,16.1,15.1,15.3,15.6,16.0,15.2,15.6,0.46,0.16,57,62,35.8,14.49,0.0,0.8993,0.4373,15.0,17.0,17.0,station
2025-03-07,17.9,16.3,18.3,19.2,19.3,17.8,16.5,18.4,18.8,18.7,18.2,1.22,0.16,72,16,18.6,23.18,0.0,0.9067,0.4218,17.8,20.0,20.0,station
2025-03-08,17.4,16.7,17.6,18.4,16.9,17.6,17.2,18.5,17.7,17.0,17.4,0.67,-0.2,82,76,20.5,8.55,1.2,0.9138,0.4061,17.4,17.0,17.0,station
2025-03-09,18.0,17.0,18.2,18.9,19.0,17.1,17.2,17.8,19.0,18.2,18.22,0.81,0.36,72,15,22.7,21.56,0.3,0.9207,0.3904,17.6,19.0,19.0,station
2025-03-10,19.1,17.5,19.5,19.8,21.1,19.0,17.7,19.7,19.7,20.9,19.4,1.3,0.0,69,13,19.8,23.03,0.0,0.9272,0.3745,19.8,22.0,22.0,station
2025-03-11,20.1,18.5,19.7,20.1,20.1,20.1,18.5,19.9,20.8,20.0,19.7,0.69,-0.16,75,49,40.5,21.45,0.0,0.9335,0.3585,20.2,22.0,22.0,station
2025-03-12,17.7,17.9,17.8,17.7,18.4,18.2,18.2,17.5,17.5,18.5,17.9,0.29,-0.08,81,50,44.1,13.83,0.8,0.9396,0.3424,17.5,18.0,18.0,station
2025-03-13,16.0,15.2,16.6,16.6,16.1,16.1,15.3,16.9,16.5,17.0,16.1,0.57,-0.26,74,48,39.9,16.66,0.9,0.9453,0.3261,16.0,17.0,17.0,station
2025-03-14,19.4,17.8,19.1,19.4,20.5,19.3,17.9,18.4,19.6,19.5,19.24,0.97,0.3,76,11,33.6,20.31,0.0,0.9508,0.3098,19.5,21.0,21.0,station
2025-03-15,19.8,18.1,19.7,19.7,20.2,19.8,18.3,19.8,20.2,20.5,19.5,0.81,-0.22,80,36,34.6,18.24,0.0,0.956,0.2934,20.2,22.0,22.0,station
2025-03-16,19.8,18.2,19.6,19.7,21.1,20.5,18.6,20.3,19.8,20.5,19.68,1.03,-0.26,87,26,42.1,18.57,0.6,0.9609,0.2769,19.6,22.0,22.0,station
2025-03-17,20.0,19.0,21.2,20.2,20.8,19.7,18.9,20.1,20.1,20.5,20.24,0.84,0.38,91,65,46.1,16.48,2.0,0.9655,0.2604,20.5,22.0,22.0,station
2025-03-18,18.3,18.3,19.9,19.8,19.2,18.5,18.4,18.5,20.2,18.3,19.1,0.78,0.32,80,52,48.3,13.01,5.3,0.9698,0.2437,19.4,22.0,22.0,station
2025-03-19,15.6,15.5,14.9,15.1,15.2,15.2,15.5,15.6,15.1,15.5,15.26,0.29,-0.12,79,87,45.7,7.05,10.3,0.9739,0.227,15.2,16.0,16.0,station
2025-03-20,16.1,16.3,16.4,16.8,16.2,16.4,16.3,17.3,16.8,16.0,16.36,0.27,-0.2,79,77,35.5,10.16,2.0,0.9777,0.2102,15.8,16.0,16.0,station
2025-03-21,18.2,17.5,20.4,20.5,20.3,18.7,17.7,19.8,20.6,20.3,19.38,1.42,-0.04,82,28,20.5,17.22,0.1,0.9811,0.1934,17.7,18.0,18.0,station
2025-03-22,19.1,18.1,18.9,19.2,20.6,19.1,18.1,19.3,18.9,20.4,19.18,0.9,0.02,81,12,37.1,18.95,0.0,0.9843,0.1765,19.1,21.0,21.0,station
2025-03-23,19.6,18.4,19.7,19.7,20.5,19.6,18.6,19.2,20.0,20.4,19.58,0.75,0.02,85,72,33.0,17.78,0.0,0.9872,0.1595,19.4,22.0,22.0,station
2025-03-24,17.2,17.6,17.6,17.5,17.9,17.3,17.4,17.8,19.2,17.9,17.56,0.25,-0.36,86,61,30.8,11.84,1.7,0.9898,0.1425,17.3,19.0,19.0,station
2025-03-25,19.2,17.5,18.5,19.5,20.6,19.3,17.7,19.4,19.9,20.7,19.06,1.15,-0.34,85,75,16.3,15.57,1.9,0.9921,0.1255,19.0,20.0,20.0,station
2025-03-26,18.8,17.7,20.0,19.2,21.2,18.4,17.7,21.2,20.1,20.6,19.38,1.31,-0.22,87,26,13.5,18.16,0.0,0.9941,0.1084,17.8,18.0,18.0,station
2025-03-27,19.5,18.5,19.2,19.8,20.7,19.5,18.7,19.1,20.0,20.9,19.54,0.81,-0.1,82,56,27.9,16.83,0.3,0.9958,0.0913,20.2,22.0,22.0,station
2025-03-28,17.8,17.1,18.1,18.8,19.6,18.9,17.3,17.2,17.3,20.2,18.28,0.96,0.1,84,50,23.1,13.96,2.4,0.9972,0.0741,17.6,18.0,18.0,station
2025-03-29,19.6,17.9,20.9,20.5,20.8,19.6,18.1,20.2,21.1,20.9,19.94,1.25,-0.04,82,29,12.4,18.14,0.0,0.9984,0.057,18.3,19.0,19.0,station
2025-03-30,19.4,18.2,18.9,19.6,20.1,19.4,18.3,18.8,19.4,20.3,19.24,0.72,0.0,75,53,37.1,17.84,0.0,0.9992,0.0398,19.7,21.0,21.0,station
2025-03-31,18.5,17.4,19.2,19.5,20.4,18.8,17.6,17.2,19.3,20.3,19.0,1.12,0.36,81,95,23.1,11.13,0.0,0.9997,0.0226,18.1,18.0,18.0,station
2025-04-01,19.4,17.6,18.1,19.0,20.7,19.0,18.0,19.5,20.0,20.9,18.96,1.21,-0.52,84,99,19.2,11.94,0.1,1.0,0.0054,18.8,19.0,19.0,station
2025-04-02,20.5,17.9,18.3,19.1,21.7,21.3,18.1,19.4,19.3,22.4,19.5,1.58,-0.6,83,100,16.7,6.08,0.1,0.9999,-0.0118,19.6,19.0,19.0,station
2025-04-03,20.4,18.4,18.9,19.6,21.4,18.9,18.7,18.5,18.6,21.8,19.74,1.19,0.44,81,98,36.2,7.07,8.9,0.9996,-0.029,20.0,21.0,21.0,station
2025-04-04,18.8,18.8,18.0,19.4,19.8,19.1,19.1,18.0,19.3,19.9,18.96,0.68,-0.12,95,76,41.2,4.44,18.9,0.9989,-0.0462,18.6,20.0,20.0,station
2025-04-05,17.3,17.8,16.8,17.9,17.3,18.2,18.0,18.6,18.4,18.5,17.42,0.44,-0.92,86,62,25.8,10.85,4.2,0.998,-0.0634,17.5,18.0,18.0,station
2025-04-06,17.8,18.0,17.6,18.6,18.0,18.0,18.0,17.5,18.1,17.5,18.0,0.37,0.18,79,98,27.3,10.93,3.4,0.9968,-0.0805,18.1,20.0,20.0,station
2025-04-07,18.9,18.3,18.7,19.4,18.8,18.7,18.2,18.3,19.3,19.2,18.82,0.4,0.08,80,27,38.2,16.15,0.9,0.9952,-0.0977,19.3,20.0,20.0,station
2025-04-08,17.0,17.7,16.4,17.2,17.1,16.5,17.6,16.3,16.9,17.6,17.08,0.47,0.1,69,57,50.2,13.71,6.6,0.9934,-0.1148,17.1,19.0,19.0,station
2025-04-09,15.4,15.0,15.3,16.5,14.0,15.3,14.9,15.6,16.0,15.1,15.24,0.9,-0.14,60,48,27.0,12.98,0.0,0.9913,-0.1319,15.4,16.0,16.0,station
2025-04-10,17.8,17.0,17.8,18.1,18.9,17.5,16.8,16.9,18.3,18.1,17.92,0.68,0.4,73,25,25.8,11.86,0.0,0.9889,-0.1489,17.6,19.0,19.0,station
2025-04-11,17.7,17.3,17.5,18.1,18.4,17.8,17.4,17.9,18.4,18.2,17.8,0.45,-0.14,74,19,39.1,15.73,0.0,0.9861,-0.1659,17.7,19.0,19.0,station
2025-04-12,17.7,17.3,18.5,18.5,19.6,17.7,17.5,18.2,19.2,20.3,18.32,0.88,-0.26,70,1,30.7,15.69,0.0,0.9831,-0.1828,18.1,20.0,20.0,station
2025-04-13,18.3,17.4,20.3,20.3,21.3,18.9,17.6,20.2,20.3,21.1,19.52,1.61,-0.1,76,7,28.1,14.72,0.0,0.9799,-0.1997,18.6,18.0,18.0,station
2025-04-14,17.8,17.5,17.8,18.1,18.6,17.7,17.5,17.9,18.0,18.7,17.96,0.42,0.0,78,18,40.2,15.17,0.0,0.9763,-0.2165,18.0,20.0,20.0,station
2025-04-15,15.1,15.9,14.7,16.1,15.9,15.1,16.5,15.5,16.1,15.3,15.54,0.61,-0.16,67,87,38.6,8.32,0.4,0.9724,-0.2333,14.7,16.0,16.0,station
2025-04-16,16.5,15.6,16.4,16.0,17.2,16.0,15.9,16.5,15.8,16.6,16.34,0.6,0.18,62,98,31.9,11.5,0.0,0.9683,-0.25,16.5,16.0,16.0,station
2025-04-17,18.0,17.6,16.4,19.0,18.5,19.3,17.8,18.8,19.3,20.3,17.9,0.99,-1.2,76,100,27.0,3.75,1.6,0.9638,-0.2666,17.9,19.0,19.0,station
2025-04-18,21.3,19.2,21.2,21.7,22.7,19.2,18.9,20.7,20.5,18.9,21.22,1.28,1.58,79,80,25.7,7.77,0.3,0.9591,-0.2831,22.1,20.0,20.0,station
2025-04-19,23.4,20.9,22.9,23.2,24.2,23.3,20.7,22.3,23.6,24.7,22.92,1.23,0.0,83,59,33.1,12.16,15.3,0.9541,-0.2996,23.5,25.0,25.0,station
2025-04-20,20.8,20.1,22.1,21.3,20.4,21.2,20.1,22.2,22.5,20.8,20.94,0.79,-0.42,94,97,33.2,5.7,17.3,0.9488,-0.316,19.7,21.0,21.0,station
2025-04-21,17.5,17.5,14.9,18.9,18.2,17.8,16.6,17.8,18.7,18.7,17.4,1.51,-0.52,85,100,38.1,2.93,16.6,0.9432,-0.3322,17.6,18.0,18.0,station
2025-04-22,14.9,14.6,14.4,14.4,14.4,15.2,15.0,14.3,15.4,15.7,14.54,0.22,-0.58,79,81,29.0,5.94,0.1,0.9373,-0.3484,14.7,16.0,16.0,station
2025-04-23,13.7,14.3,13.2,13.9,13.2,13.7,14.3,13.3,13.9,12.9,13.66,0.47,0.04,66,60,47.4,11.0,0.1,0.9312,-0.3645,14.1,14.0,14.0,station
2025-04-24,15.0,14.0,14.9,15.0,14.9,14.5,13.9,15.0,14.8,14.8,14.76,0.43,0.16,69,65,20.5,12.51,0.0,0.9248,-0.3804,14.1,15.0,15.0,station
2025-04-25,16.0,15.4,15.3,16.4,17.3,15.9,15.4,15.2,16.5,17.1,16.08,0.82,0.06,73,38,21.3,12.91,0.0,0.9181,-0.3963,15.9,18.0,18.0,station
2025-04-26,17.5,16.7,16.5,17.8,17.9,17.5,17.0,16.7,17.9,18.0,17.28,0.64,-0.14,81,50,28.5,11.98,0.0,0.9112,-0.412,17.2,19.0,19.0,station
2025-04-27,17.8,17.3,17.5,18.7,19.6,18.8,17.6,17.9,18.8,19.2,18.18,0.96,-0.28,88,23,26.7,11.15,0.0,0.9039,-0.4276,18.4,20.0,20.0,station
2025-04-28,19.0,17.5,18.2,19.4,18.6,19.0,17.7,18.4,18.8,19.5,18.54,0.73,-0.14,90,55,28.2,10.8,0.0,0.8965,-0.4431,18.9,20.0,20.0,station
2025-04-29,17.2,16.5,16.4,17.2,19.2,17.2,16.2,16.5,16.7,21.1,17.3,1.13,-0.24,88,100,24.9,8.6,0.0,0.8887,-0.4585,16.3,16.0,16.0,station
2025-04-30,16.3,15.6,14.6,15.9,16.5,14.9,15.6,14.7,14.9,16.7,15.78,0.75,0.42,97,100,41.8,0.92,31.9,0.8807,-0.4737,16.1,16.0,16.0,station
2025-05-01,15.6,15.1,13.6,15.2,15.2,14.1,14.9,13.4,15.4,14.4,14.94,0.77,0.5,85,100,71.0,2.91,23.2,0.8724,-0.4888,15.7,14.0,14.0,station
2025-05-02,12.6,13.1,11.8,12.1,11.3,12.7,13.1,11.9,12.0,11.4,12.18,0.7,-0.04,80,100,59.8,2.34,13.6,0.8639,-0.5037,12.8,12.0,12.0,station
2025-05-03,14.7,14.2,15.4,15.6,14.4,14.7,14.1,15.1,15.1,13.8,14.86,0.61,0.3,70,51,41.7,11.16,0.0,0.8551,-0.5185,14.3,14.0,14.0,station
2025-05-04,12.8,14.1,13.1,12.8,12.7,13.2,13.8,14.0,13.2,12.7,13.1,0.58,-0.28,69,56,38.1,8.32,0.1,0.846,-0.5331,12.9,14.0,14.0,station
2025-05-05,13.7,13.0,13.9,14.2,14.9,14.0,13.8,14.1,14.1,14.6,13.94,0.69,-0.18,81,33,9.9,11.41,0.0,0.8367,-0.5476,13.6,15.0,15.0,station
2025-05-06,15.1,14.9,15.3,15.7,15.3,15.6,14.9,15.3,15.0,16.0,15.26,0.3,-0.1,86,30,37.8,6.3,0.0,0.8272,-0.5619,15.0,15.0,15.0,station
2025-05-07,16.5,15.6,16.3,16.3,16.5,16.3,15.7,16.3,16.6,16.7,16.24,0.37,-0.08,76,9,41.3,10.67,0.0,0.8174,-0.5761,16.2,18.0,18.0,station
2025-05-08,16.0,16.1,16.4,16.5,17.2,16.1,16.0,16.5,16.4,17.2,16.44,0.47,0.0,82,29,36.0,9.82,0.7,0.8074,-0.59,16.8,18.0,18.0,station
2025-05-09,16.1,16.9,16.9,16.7,17.2,16.3,16.9,17.5,17.4,17.5,16.76,0.41,-0.36,94,98,42.3,1.62,25.6,0.7971,-0.6038,16.2,18.0,18.0,station
2025-05-10,14.3,13.7,14.3,15.1,13.5,14.2,13.6,14.3,14.9,13.3,14.18,0.63,0.12,74,25,34.8,10.58,0.0,0.7866,-0.6175,14.6,16.0,16.0,station
2025-05-11,15.3,14.7,14.3,15.4,16.2,14.5,14.5,14.4,15.6,14.9,15.18,0.73,0.4,84,25,29.2,8.02,0.4,0.7759,-0.6309,14.7,15.0,15.0,station
2025-05-12,15.5,15.0,14.8,14.9,16.3,15.4,15.1,14.7,15.1,16.1,15.3,0.62,0.02,84,20,28.1,10.32,0.0,0.7649,-0.6442,15.8,17.0,17.0,station
2025-05-13,15.8,16.1,15.1,16.8,16.9,15.8,16.1,15.4,17.2,16.7,16.14,0.74,-0.1,79,64,36.8,8.96,0.0,0.7537,-0.6572,16.0,17.0,17.0,station
2025-05-14,14.4,14.1,14.7,15.1,15.1,14.6,14.1,14.4,14.8,15.0,14.68,0.44,0.1,73,42,30.2,8.61,0.0,0.7423,-0.6701,15.1,15.0,15.0,station
2025-05-15,14.9,15.3,14.1,15.4,15.7,14.8,15.0,14.1,15.7,15.7,15.08,0.62,0.02,72,12,38.6,9.65,0.0,0.7306,-0.6828,14.8,16.0,16.0,station
2025-05-16,17.3,16.9,16.4,17.9,18.4,16.7,16.7,15.9,17.5,18.3,17.38,0.79,0.36,79,0,31.5,9.91,0.0,0.7188,-0.6952,17.6,19.0,19.0,station
2025-05-17,16.5,16.5,16.3,17.0,17.0,16.4,16.5,16.2,16.9,17.1,16.66,0.32,0.04,82,32,42.3,9.27,0.0,0.7067,-0.7075,16.9,18.0,18.0,station
2025-05-18,16.7,17.6,17.0,17.0,17.1,16.8,17.6,16.7,17.1,16.7,17.08,0.33,0.1,94,100,59.7,1.01,24.2,0.6945,-0.7195,16.9,18.0,18.0,station
2025-05-19,12.7,13.9,11.7,12.2,12.8,12.1,13.5,11.2,12.5,11.9,12.66,0.82,0.42,80,80,34.7,3.03,12.4,0.682,-0.7314,12.8,12.0,12.0,station
2025-05-20,14.0,13.7,13.9,14.5,13.7,13.9,13.7,13.6,14.1,13.9,13.96,0.33,0.12,73,14,29.3,9.6,0.0,0.6693,-0.743,14.1,15.0,15.0,station
2025-05-21,13.6,13.2,13.9,13.8,13.8,13.4,13.2,13.7,13.0,13.7,13.66,0.28,0.26,73,32,26.6,8.49,0.0,0.6564,-0.7544,13.5,14.0,14.0,station
2025-05-22,14.7,14.5,13.3,14.6,15.3,14.8,14.7,13.2,15.1,15.6,14.48,0.73,-0.2,82,12,25.8,8.86,0.0,0.6433,-0.7656,14.9,16.0,16.0,station
2025-05-23,15.0,14.4,14.5,15.8,16.3,15.1,14.4,14.4,15.8,16.3,15.2,0.83,0.0,85,9,17.5,9.32,0.0,0.6301,-0.7765,14.8,15.0,15.0,station
2025-05-24,14.8,14.4,15.2,15.5,16.0,15.0,14.6,14.2,15.5,16.1,15.18,0.62,0.1,81,15,21.8,9.21,0.0,0.6166,-0.7873,14.6,16.0,16.0,station
2025-05-25,15.5,15.8,15.8,15.6,15.6,15.4,15.7,15.7,15.2,15.7,15.66,0.13,0.12,78,47,41.7,8.27,0.0,0.603,-0.7978,16.0,17.0,17.0,station
2025-05-26,15.4,16.0,15.8,16.0,15.6,16.0,16.2,15.7,15.8,15.7,15.76,0.26,-0.12,91,96,54.8,1.76,11.5,0.5892,-0.808,15.8,17.0,17.0,station
2025-05-27,15.5,15.3,15.9,16.5,14.9,15.4,15.2,15.9,16.3,15.3,15.62,0.61,0.0,87,53,26.8,8.02,0.0,0.5752,-0.818,15.6,17.0,17.0,station
2025-05-28,15.8,16.1,14.9,17.3,16.8,15.4,15.8,15.4,17.2,17.2,16.18,0.93,-0.02,83,100,38.4,2.27,10.9,0.561,-0.8278,15.8,17.0,17.0,station
2025-05-29,14.5,15.0,15.0,15.0,15.0,14.5,15.1,14.9,15.3,15.2,14.9,0.22,-0.1,89,73,35.5,2.79,14.2,0.5467,-0.8373,14.6,16.0,16.0,station
2025-05-30,15.7,15.5,16.1,16.2,14.0,15.3,15.5,15.9,16.2,14.7,15.5,0.89,-0.02,72,26,40.6,8.47,0.5,0.5322,-0.8466,16.4,17.0,17.0,station
2025-05-31,15.4,15.6,15.7,16.0,15.8,15.1,15.6,15.1,15.9,15.7,15.7,0.22,0.22,62,7,40.0,8.24,0.0,0.5176,-0.8556,16.5,18.0,18.0,station
2025-06-01,13.6,15.0,13.4,14.0,14.5,14.1,14.8,13.5,13.6,14.6,14.1,0.66,-0.02,72,33,35.7,7.62,0.1,0.5028,-0.8644,14.6,15.0,15.0,station
2025-06-02,14.9,15.3,14.1,16.1,16.3,15.2,15.4,14.8,15.9,16.4,15.34,0.9,-0.2,72,4,21.4,8.48,0.0,0.4878,-0.8729,15.1,17.0,17.0,station
2025-06-03,14.9,15.2,14.5,15.3,15.7,14.9,15.3,14.5,15.3,15.6,15.12,0.45,0.0,74,46,42.6,7.59,0.1,0.4728,-0.8812,14.9,16.0,16.0,station
2025-06-04,16.5,17.1,16.7,17.7,16.7,16.6,17.3,16.3,17.1,16.7,16.94,0.48,0.14,91,100,49.2,1.02,33.2,0.4575,-0.8892,16.6,18.0,18.0,station
2025-06-05,16.6,17.0,17.2,17.3,16.4,16.5,17.3,16.2,17.0,16.5,16.9,0.39,0.2,74,46,59.3,7.14,1.7,0.4422,-0.8969,16.5,18.0,18.0,station
2025-06-06,11.4,12.4,11.0,12.7,11.3,11.2,12.4,11.0,12.6,11.3,11.76,0.74,0.06,72,94,40.4,4.59,8.3,0.4267,-0.9044,11.4,12.0,12.0,station
2025-06-07,10.0,10.3,9.6,11.2,9.1,9.7,9.9,9.6,10.6,8.9,10.04,0.79,0.3,69,73,54.5,6.89,3.5,0.4111,-0.9116,9.9,11.0,11.0,station
2025-06-08,9.8,10.2,9.4,11.1,9.4,9.5,9.8,9.2,10.9,8.8,9.98,0.71,0.34,58,19,26.2,8.29,0.0,0.3953,-0.9185,10.0,11.0,11.0,station
2025-06-09,10.9,11.4,10.3,11.9,11.6,10.2,11.1,10.3,11.8,10.5,11.22,0.63,0.44,71,74,40.0,4.88,1.0,0.3795,-0.9252,10.9,11.0,11.0,station
2025-06-10,11.7,12.0,11.7,11.9,11.7,11.8,12.1,11.8,12.5,11.8,11.8,0.14,-0.2,73,91,29.5,4.46,7.8,0.3635,-0.9316,11.5,11.0,11.0,station
2025-06-11,14.5,14.9,15.3,15.7,14.1,14.3,14.9,15.0,15.8,14.0,14.9,0.63,0.1,89,62,39.5,3.13,10.1,0.3474,-0.9377,14.4,16.0,16.0,station
2025-06-12,13.7,14.3,13.2,15.0,13.8,14.3,14.5,14.4,14.1,13.7,14.0,0.68,-0.2,91,92,20.0,3.17,9.0,0.3312,-0.9436,13.9,15.0,15.0,station
2025-06-13,12.3,12.8,11.5,13.1,12.3,12.3,12.7,11.4,12.9,11.9,12.4,0.61,0.16,88,84,32.2,5.32,3.5,0.3149,-0.9491,12.4,13.0,13.0,station
2025-06-14,11.3,11.7,10.9,11.8,10.6,10.7,11.5,10.9,11.7,10.2,11.26,0.51,0.26,67,73,31.7,4.73,0.0,0.2986,-0.9544,11.2,11.0,11.0,station
2025-06-15,11.9,11.3,12.0,12.3,12.0,11.3,11.5,11.8,12.0,11.4,11.9,0.37,0.3,80,49,14.8,7.97,0.0,0.2821,-0.9594,11.1,12.0,12.0,station
2025-06-16,11.6,11.4,11.0,12.5,11.2,11.2,11.3,10.9,12.8,10.3,11.54,0.58,0.24,72,68,28.4,6.34,1.1,0.2656,-0.9641,11.5,12.0,12.0,station
2025-06-17,12.6,12.1,12.2,12.5,12.0,12.6,12.0,12.3,12.5,13.3,12.28,0.26,-0.26,84,41,17.8,7.34,0.0,0.2489,-0.9685,12.3,12.0,12.0,station
2025-06-18,11.7,11.6,11.5,13.3,13.1,12.0,12.2,11.7,13.5,13.0,12.24,0.88,-0.24,83,56,16.6,5.64,0.1,0.2322,-0.9727,11.9,13.0,13.0,station
2025-06-19,13.9,14.1,14.2,15.0,13.4,13.9,14.0,14.5,15.0,13.5,14.12,0.58,-0.06,87,62,40.1,3.3,5.6,0.2155,-0.9765,14.6,15.0,15.0,station
2025-06-20,14.1,14.4,14.1,14.8,13.3,14.0,14.3,13.8,14.8,13.3,14.14,0.55,0.1,71,44,30.7,7.11,0.0,0.1986,-0.9801,14.3,15.0,15.0,station
2025-06-21,11.3,12.8,11.2,13.4,10.7,11.4,12.8,11.4,13.0,11.0,11.88,1.16,-0.04,74,34,36.4,6.9,1.1,0.1818,-0.9833,12.1,12.0,12.0,station
2025-06-22,13.0,14.2,12.0,15.2,12.1,11.9,14.1,12.3,14.2,12.2,13.3,1.38,0.36,75,48,28.7,7.83,1.1,0.1648,-0.9863,13.6,13.0,13.0,station
2025-06-23,11.7,14.1,11.1,14.8,12.3,11.3,14.1,11.1,15.6,11.0,12.8,1.58,0.18,67,64,31.4,3.81,0.0,0.1478,-0.989,13.9,12.0,12.0,station
2025-06-24,13.4,13.5,13.5,14.3,14.4,13.3,13.5,13.4,14.2,14.2,13.82,0.49,0.1,80,20,31.5,7.63,0.0,0.1308,-0.9914,13.6,14.0,14.0,station
2025-06-25,14.1,14.4,14.4,14.9,13.9,14.3,14.4,14.7,15.1,14.5,14.34,0.38,-0.26,83,89,41.1,4.19,1.5,0.1137,-0.9935,14.0,15.0,15.0,station
2025-06-26,15.8,16.2,16.3,16.4,16.2,16.0,15.9,15.8,16.0,16.5,16.18,0.23,0.14,84,99,53.1,2.32,14.0,0.0966,-0.9953,16.0,17.0,17.0,station
2025-06-27,15.1,15.5,15.0,16.3,15.9,15.6,15.4,15.6,16.0,15.3,15.56,0.55,-0.02,90,95,36.6,1.02,29.6,0.0795,-0.9968,16.2,17.0,17.0,station
2025-06-28,13.1,13.8,13.8,14.1,13.6,12.4,13.3,13.6,13.4,13.2,13.68,0.37,0.5,90,97,23.9,1.89,19.1,0.0623,-0.9981,12.6,13.0,13.0,station
2025-06-29,12.1,12.0,10.7,13.1,11.8,11.8,12.3,10.8,12.7,10.5,11.94,0.86,0.32,74,90,25.6,5.79,4.2,0.0451,-0.999,12.0,13.0,13.0,station
2025-06-30,13.9,13.8,13.9,15.1,13.4,14.0,13.9,13.9,15.2,12.8,14.02,0.64,0.06,72,27,32.1,7.61,0.1,0.028,-0.9996,14.4,16.0,16.0,station
2025-07-01,12.1,11.9,12.2,12.9,12.9,12.0,12.0,12.1,12.6,12.3,12.4,0.47,0.2,75,20,10.1,7.55,0.0,0.0108,-0.9999,12.6,12.0,12.0,station
2025-07-02,12.5,12.8,11.7,13.8,12.9,12.4,12.9,12.1,14.0,13.0,12.74,0.76,-0.14,73,95,31.1,6.92,0.0,-0.0065,-1.0,12.9,13.0,13.0,station
2025-07-03,14.8,13.0,12.1,14.5,15.7,12.8,12.9,12.1,14.2,14.8,14.02,1.45,0.66,89,100,26.8,0.61,42.2,-0.0237,-0.9997,13.0,12.0,12.0,station
2025-07-04,14.4,14.0,15.2,14.1,15.1,15.3,15.1,16.1,16.0,15.0,14.56,0.56,-0.94,95,100,22.2,1.9,19.9,-0.0408,-0.9992,13.8,13.0,13.0,station
2025-07-05,11.8,12.3,11.1,12.7,13.4,11.8,12.9,13.3,12.7,14.7,12.26,0.87,-0.82,83,100,34.1,2.71,1.0,-0.058,-0.9983,11.7,12.0,12.0,station
2025-07-06,10.2,11.1,10.6,11.4,9.0,10.6,11.3,10.7,11.7,9.8,10.46,0.94,-0.36,72,100,33.0,3.45,0.0,-0.0752,-0.9972,10.0,10.0,10.0,station
2025-07-07,10.6,10.1,10.2,11.7,9.4,9.9,10.3,10.1,12.1,9.2,10.4,0.85,0.08,69,95,21.3,4.55,0.0,-0.0923,-0.9957,9.9,10.0,10.0,station
2025-07-08,12.6,11.7,12.1,13.0,12.6,12.5,12.0,12.5,13.0,12.2,12.4,0.5,-0.04,81,70,16.4,7.91,0.0,-0.1094,-0.994,12.2,13.0,13.0,station
2025-07-09,11.7,12.4,11.6,12.6,13.3,12.0,12.4,12.4,13.3,13.7,12.32,0.7,-0.44,78,100,18.8,3.21,1.8,-0.1265,-0.992,11.6,12.0,12.0,station
2025-07-10,13.7,14.3,13.5,15.2,15.2,14.0,14.1,13.5,14.8,13.4,14.38,0.8,0.42,77,73,25.5,3.15,0.5,-0.1436,-0.9896,14.2,15.0,15.0,station
2025-07-11,14.9,14.7,14.0,16.9,16.5,14.3,14.6,14.8,16.8,16.3,15.4,1.24,0.04,81,98,44.5,2.1,22.7,-0.1606,-0.987,14.5,16.0,16.0,station
2025-07-12,13.5,14.1,13.6,15.5,13.4,13.9,13.9,13.4,15.7,14.3,14.02,0.87,-0.22,86,56,36.3,5.85,6.5,-0.1775,-0.9841,13.7,15.0,15.0,station
2025-07-13,13.4,13.7,12.9,14.5,13.3,13.1,13.5,13.0,14.5,13.3,13.56,0.6,0.08,85,90,30.8,4.87,4.9,-0.1944,-0.9809,13.7,15.0,15.0,station
2025-07-14,13.5,13.4,12.9,14.0,13.1,13.6,13.3,13.0,14.1,13.3,13.38,0.42,-0.08,87,50,30.4,6.43,4.1,-0.2113,-0.9774,13.6,14.0,14.0,station
2025-07-15,13.6,13.3,13.7,14.4,13.6,13.7,13.5,12.7,14.1,14.0,13.72,0.41,0.12,81,29,25.2,7.55,0.5,-0.2281,-0.9736,13.7,15.0,15.0,station
2025-07-16,13.0,12.9,12.9,13.7,12.7,12.5,12.9,12.6,14.1,12.3,13.04,0.38,0.16,77,42,23.2,8.31,0.0,-0.2448,-0.9696,13.8,14.0,14.0,station
2025-07-17,13.0,12.4,11.7,12.7,12.3,13.0,12.3,11.7,13.3,12.4,12.42,0.49,-0.12,80,95,25.6,6.34,0.0,-0.2614,-0.9652,12.3,12.0,12.0,station
2025-07-18,11.5,11.4,11.3,11.9,11.5,11.1,11.5,10.7,11.8,11.7,11.52,0.23,0.16,67,69,24.7,7.25,0.0,-0.278,-0.9606,11.4,12.0,12.0,station
2025-07-19,12.3,12.0,10.8,13.1,12.4,12.1,11.7,11.3,12.9,12.2,12.12,0.84,0.08,78,55,24.1,7.85,0.6,-0.2945,-0.9557,12.4,13.0,13.0,station
2025-07-20,11.1,11.0,11.1,11.7,11.3,10.8,11.1,11.3,11.8,10.4,11.24,0.28,0.16,74,35,26.5,7.5,1.6,-0.3109,-0.9505,10.9,12.0,12.0,station
2025-07-21,11.1,10.9,10.6,11.7,11.7,10.8,10.9,10.9,11.4,11.4,11.2,0.49,0.12,67,39,23.4,8.67,0.2,-0.3272,-0.945,11.1,12.0,12.0,station
2025-07-22,11.4,11.6,11.6,12.0,12.1,11.5,11.3,11.3,11.6,10.5,11.74,0.3,0.5,69,58,28.1,6.66,0.2,-0.3434,-0.9392,11.4,12.0,12.0,station
2025-07-23,11.9,11.3,11.8,12.0,12.7,12.0,11.0,11.7,12.3,12.2,11.94,0.5,0.1,78,26,19.9,9.34,0.0,-0.3595,-0.9332,11.1,12.0,12.0,station
2025-07-24,11.9,11.6,12.3,13.2,13.7,12.5,11.7,12.5,13.2,13.3,12.54,0.88,-0.1,84,41,17.8,9.06,0.0,-0.3755,-0.9268,12.4,14.0,14.0,station
2025-07-25,12.7,12.3,12.2,13.6,13.5,12.2,12.4,12.2,13.6,13.4,12.86,0.66,0.1,81,5,22.1,9.71,0.0,-0.3914,-0.9202,12.1,14.0,14.0,station
2025-07-26,12.9,12.9,11.9,13.7,13.6,13.2,12.9,12.3,13.8,13.5,13.0,0.72,-0.14,74,1,20.3,9.94,0.0,-0.4071,-0.9134,13.3,15.0,15.0,station
2025-07-27,13.1,13.4,13.1,14.4,14.2,13.0,13.2,13.3,14.3,14.1,13.64,0.62,0.06,85,48,29.4,8.56,0.0,-0.4228,-0.9062,13.9,14.0,14.0,station
2025-07-28,13.1,13.5,13.3,14.3,13.9,13.2,13.6,13.5,14.1,14.0,13.62,0.48,-0.06,76,94,33.3,9.19,0.0,-0.4383,-0.8988,13.0,14.0,14.0,station
2025-07-29,14.7,14.8,13.9,15.5,16.3,15.1,15.0,14.1,15.8,15.1,15.04,0.9,0.02,80,92,41.3,3.48,15.8,-0.4537,-0.8912,14.5,16.0,16.0,station
2025-07-30,13.5,14.2,13.5,14.9,13.9,13.7,14.3,14.2,15.1,15.1,14.0,0.58,-0.48,90,75,27.5,5.42,16.1,-0.469,-0.8832,13.9,15.0,15.0,station
2025-07-31,10.5,12.5,10.6,12.8,11.4,11.3,12.4,11.2,13.0,11.7,11.56,1.06,-0.36,77,94,39.3,2.85,9.3,-0.4841,-0.875,10.6,12.0,12.0,station
2025-08-01,10.0,10.6,9.1,11.4,9.5,10.2,10.6,9.4,11.5,9.3,10.12,0.91,-0.08,65,87,43.6,4.98,0.7,-0.4991,-0.8666,10.3,11.0,11.0,station
2025-08-02,12.8,11.8,10.8,13.1,13.6,12.2,11.8,10.9,12.9,13.0,12.42,1.12,0.26,76,17,38.2,9.89,0.0,-0.5139,-0.8578,12.7,14.0,14.0,station
2025-08-03,10.2,11.1,10.0,11.6,10.2,10.0,10.8,10.3,11.3,9.4,10.62,0.69,0.26,65,95,40.3,3.76,0.1,-0.5286,-0.8489,10.5,11.0,11.0,station
2025-08-04,11.6,11.0,11.5,11.6,12.3,11.8,11.2,11.3,11.8,12.4,11.6,0.46,-0.1,69,100,31.9,4.77,0.0,-0.5431,-0.8397,10.4,11.0,11.0,station
2025-08-05,13.1,11.6,12.3,13.1,14.1,13.2,11.5,13.0,13.5,14.7,12.84,0.94,-0.34,72,99,18.8,9.6,0.0,-0.5575,-0.8302,13.4,15.0,15.0,station
2025-08-06,13.3,11.6,12.1,12.9,14.1,13.0,11.7,11.6,13.2,13.9,12.8,0.98,0.12,77,94,18.9,10.54,0.0,-0.5717,-0.8205,12.4,13.0,13.0,station
2025-08-07,13.3,13.5,13.2,14.2,13.6,13.3,13.5,13.3,14.8,14.3,13.56,0.39,-0.28,77,73,34.7,9.69,0.0,-0.5857,-0.8105,13.4,14.0,14.0,station
2025-08-08,14.1,13.3,13.4,14.6,14.1,14.4,13.3,13.6,14.4,14.1,13.9,0.54,-0.06,84,93,46.6,5.57,11.7,-0.5996,-0.8003,13.7,14.0,14.0,station
2025-08-09,8.2,9.2,8.1,10.2,8.3,7.9,8.9,8.1,9.4,8.0,8.8,0.9,0.34,74,73,49.5,8.53,8.1,-0.6132,-0.7899,8.4,9.0,9.0,station
2025-08-10,8.9,9.3,7.8,10.2,8.0,8.2,9.4,8.0,10.0,7.8,8.84,0.98,0.16,72,95,49.4,3.29,3.5,-0.6267,-0.7792,9.4,9.0,9.0,station
2025-08-11,9.3,10.1,9.5,10.6,9.3,9.3,10.1,9.2,10.6,9.0,9.76,0.57,0.12,76,89,40.4,5.62,2.3,-0.64,-0.7683,9.6,10.0,10.0,station
2025-08-12,9.6,10.1,10.3,10.5,9.1,9.8,10.0,9.4,10.2,8.8,9.92,0.57,0.28,80,89,30.9,4.08,6.6,-0.6532,-0.7572,9.9,10.0,10.0,station
2025-08-13,10.4,10.5,10.3,11.0,10.7,10.3,10.6,10.3,11.0,10.7,10.58,0.28,0.0,73,49,22.0,9.44,0.1,-0.6661,-0.7459,10.2,11.0,11.0,station
2025-08-14,11.6,11.0,10.2,12.3,11.9,11.7,11.0,9.8,11.8,11.7,11.4,0.82,0.2,80,32,14.2,11.3,0.5,-0.6788,-0.7343,11.3,12.0,12.0,station
2025-08-15,12.7,12.2,13.3,13.7,14.0,12.7,12.4,13.1,13.7,14.0,13.18,0.73,0.0,82,1,16.6,12.43,0.0,-0.6914,-0.7225,12.8,15.0,15.0,station
2025-08-16,12.5,12.2,12.7,13.3,13.0,12.5,12.5,13.0,13.6,13.1,12.74,0.43,-0.2,82,71,29.4,11.26,0.0,-0.7037,-0.7105,12.6,13.0,13.0,station
2025-08-17,11.9,12.2,11.7,12.9,11.8,11.6,12.1,12.4,12.8,13.9,12.1,0.48,-0.46,77,90,18.9,6.96,0.0,-0.7158,-0.6983,12.8,14.0,14.0,station
2025-08-18,13.4,13.0,12.8,14.2,14.2,13.2,13.0,12.9,13.5,14.2,13.52,0.66,0.16,87,62,34.4,10.76,0.6,-0.7277,-0.6859,13.4,14.0,14.0,station
2025-08-19,10.6,11.9,9.7,13.0,11.6,10.8,12.0,10.3,12.1,11.2,11.36,1.26,0.08,75,72,53.8,8.14,11.0,-0.7394,-0.6733,10.7,12.0,12.0,station
2025-08-20,10.2,10.8,10.5,11.5,10.3,10.3,10.7,10.8,11.2,10.2,10.66,0.52,0.02,70,78,49.5,7.13,2.9,-0.7509,-0.6605,10.8,11.0,11.0,station
2025-08-21,10.3,10.9,10.6,11.7,10.1,10.6,10.9,10.7,11.8,10.6,10.72,0.63,-0.2,73,76,41.3,6.61,0.3,-0.7621,-0.6474,10.3,11.0,11.0,station
2025-08-22,10.6,10.5,11.3,11.3,10.8,10.5,10.6,11.4,11.4,11.0,10.9,0.38,-0.08,71,66,26.0,8.98,1.1,-0.7731,-0.6342,10.1,12.0,12.0,station
2025-08-23,11.5,11.3,11.9,12.1,12.5,11.5,11.3,12.0,12.3,11.9,11.86,0.48,0.06,80,29,10.8,14.07,0.1,-0.7839,-0.6208,11.6,12.0,12.0,station
2025-08-24,13.1,12.3,12.5,13.6,13.8,12.9,12.5,12.5,13.4,13.5,13.06,0.66,0.1,77,1,15.3,14.05,0.0,-0.7945,-0.6073,13.3,15.0,15.0,station
2025-08-25,13.7,12.7,13.6,14.1,14.9,13.8,13.0,13.5,14.3,14.8,13.8,0.8,-0.08,80,0,11.3,14.12,0.0,-0.8048,-0.5935,13.8,13.0,13.0,station
2025-08-26,13.1,12.3,13.7,14.2,15.0,13.3,12.2,14.2,14.0,14.4,13.66,1.03,0.04,87,33,10.6,13.52,0.0,-0.8149,-0.5796,13.7,14.0,14.0,station
2025-08-27,13.4,12.9,13.3,14.0,15.1,13.4,13.3,13.5,14.1,15.2,13.74,0.86,-0.16,78,22,25.1,14.93,0.0,-0.8248,-0.5655,13.3,15.0,15.0,station
2025-08-28,13.8,13.9,13.9,14.5,13.6,13.3,14.0,13.9,14.2,13.7,13.94,0.34,0.12,88,81,50.2,9.21,3.0,-0.8344,-0.5512,13.9,15.0,15.0,station
2025-08-29,13.5,13.5,13.7,15.4,14.4,13.5,13.4,13.9,15.3,14.4,14.1,0.82,0.0,72,61,33.3,12.25,0.1,-0.8437,-0.5368,13.8,15.0,15.0,station
2025-08-30,13.4,13.4,14.0,14.7,14.1,13.4,13.2,14.0,14.7,14.1,13.92,0.54,0.04,70,34,40.5,14.35,0.5,-0.8528,-0.5222,13.7,16.0,16.0,station
2025-08-31,12.0,13.1,13.5,13.2,12.7,11.9,13.0,12.2,13.3,12.5,12.9,0.58,0.32,87,79,38.6,2.76,8.4,-0.8617,-0.5074,12.2,14.0,14.0,station
2025-09-01,13.7,13.7,14.0,15.1,12.9,13.6,13.6,14.0,15.5,13.7,13.88,0.79,-0.2,70,20,38.7,13.45,0.0,-0.8703,-0.4925,14.2,16.0,16.0,station
2025-09-02,13.4,13.2,14.4,15.2,13.3,13.4,13.2,14.3,15.0,13.1,13.9,0.87,0.1,66,32,37.7,14.7,0.0,-0.8786,-0.4775,14.1,16.0,16.0,station
2025-09-03,12.0,12.5,12.0,13.0,13.1,12.0,12.3,11.9,12.8,12.6,12.52,0.53,0.2,68,40,32.3,13.37,0.0,-0.8867,-0.4623,12.2,14.0,14.0,station
2025-09-04,14.1,14.1,14.0,14.9,14.7,14.2,14.0,14.0,15.2,14.6,14.36,0.41,-0.04,79,62,45.3,13.04,0.1,-0.8945,-0.447,14.3,16.0,16.0,station
2025-09-05,14.2,14.5,14.1,15.3,14.1,14.3,14.5,13.9,15.3,13.8,14.44,0.51,0.08,88,91,54.1,12.18,10.6,-0.9021,-0.4315,15.0,16.0,16.0,station
2025-09-06,12.5,13.0,12.4,14.0,12.4,12.2,12.9,13.0,13.7,12.5,12.86,0.68,0.0,74,51,36.0,14.24,4.0,-0.9094,-0.4159,12.7,13.0,13.0,station
2025-09-07,12.8,11.5,12.1,14.4,11.9,12.6,11.7,12.6,14.4,12.1,12.54,1.14,-0.14,63,11,30.5,16.31,0.2,-0.9164,-0.4002,12.9,14.0,14.0,station
2025-09-08,11.2,11.1,11.9,11.6,12.2,11.7,11.0,11.4,12.2,12.0,11.6,0.46,-0.06,73,34,24.4,13.15,1.3,-0.9232,-0.3844,11.2,13.0,13.0,station
2025-09-09,12.3,12.5,13.0,13.7,12.5,12.4,12.6,13.0,13.6,12.5,12.8,0.57,-0.02,69,37,44.1,15.54,0.2,-0.9296,-0.3685,12.7,13.0,13.0,station
2025-09-10,13.9,13.9,14.3,15.1,13.4,13.9,13.9,14.5,14.9,13.7,14.12,0.63,-0.06,74,39,44.9,16.38,1.5,-0.9358,-0.3524,14.5,16.0,16.0,station
2025-09-11,12.4,11.9,11.7,14.1,12.6,12.4,11.8,12.1,13.1,12.7,12.54,0.94,0.12,60,38,27.2,15.4,0.0,-0.9418,-0.3363,13.0,14.0,14.0,station
2025-09-12,11.5,11.5,11.4,12.6,12.2,11.4,11.9,11.7,12.7,13.3,11.84,0.53,-0.36,72,68,31.6,10.3,0.0,-0.9474,-0.32,11.9,13.0,13.0,station
2025-09-13,14.4,13.2,15.2,15.7,15.4,13.6,13.0,13.4,14.8,14.8,14.78,1.01,0.86,64,50,39.8,15.0,0.5,-0.9528,-0.3037,14.9,17.0,17.0,station
2025-09-14,11.1,11.6,11.2,13.0,12.4,11.4,11.7,10.8,11.5,13.1,11.86,0.82,0.16,71,91,30.4,8.19,0.6,-0.9579,-0.2873,11.6,13.0,13.0,station
2025-09-15,15.3,14.4,16.5,17.8,16.9,15.2,14.2,16.6,17.8,16.4,16.18,1.34,0.14,70,11,32.5,18.56,0.0,-0.9627,-0.2707,15.5,16.0,16.0,station
2025-09-16,16.8,14.7,17.9,18.4,18.7,16.9,14.2,18.0,18.2,19.2,17.3,1.62,0.0,74,25,29.0,18.18,0.0,-0.9672,-0.2541,17.6,19.0,19.0,station
2025-09-17,14.7,14.7,14.9,16.2,15.9,14.9,14.7,15.8,15.6,15.4,15.28,0.72,0.0,83,83,55.7,11.31,0.9,-0.9714,-0.2375,15.0,16.0,16.0,station
2025-09-18,14.9,14.7,15.8,16.9,14.5,14.9,14.6,15.5,16.8,14.7,15.36,0.99,0.06,76,83,54.2,16.28,1.0,-0.9753,-0.2207,15.3,17.0,17.0,station
2025-09-19,10.0,11.0,10.5,10.8,9.9,9.5,11.2,9.8,10.7,9.8,10.44,0.48,0.24,69,46,44.0,14.5,1.3,-0.979,-0.2039,9.8,11.0,11.0,station
2025-09-20,12.2,12.7,12.9,13.7,13.1,11.4,12.7,12.5,13.0,12.7,12.92,0.55,0.46,65,53,38.7,18.2,0.0,-0.9824,-0.187,12.8,13.0,13.0,station
2025-09-21,14.7,14.6,14.9,15.2,15.3,14.3,14.5,14.3,14.7,15.0,14.94,0.3,0.38,72,98,55.6,7.74,0.0,-0.9854,-0.1701,14.8,16.0,16.0,station
2025-09-22,14.8,14.2,14.6,15.3,14.2,14.2,14.2,13.9,15.3,14.3,14.62,0.46,0.24,93,91,52.0,8.9,14.7,-0.9882,-0.1531,15.4,15.0,15.0,station
2025-09-23,14.3,14.6,13.8,15.8,14.7,14.3,14.4,15.0,15.1,14.4,14.64,0.74,0.0,95,97,40.5,4.55,8.9,-0.9907,-0.1361,14.3,15.0,15.0,station
2025-09-24,14.0,13.5,14.8,14.7,13.7,14.1,13.6,14.6,14.5,14.3,14.14,0.59,-0.08,84,94,28.3,13.58,0.0,-0.9929,-0.1191,14.1,15.0,15.0,station
2025-09-25,13.2,13.7,15.1,15.5,14.9,13.9,13.7,14.7,16.1,14.1,14.48,0.98,-0.02,71,32,43.2,17.78,0.0,-0.9948,-0.102,14.4,16.0,16.0,station
2025-09-26,13.6,13.6,13.5,15.1,13.6,13.4,13.4,14.3,15.0,13.3,13.88,0.68,0.0,67,33,46.5,15.02,3.4,-0.9964,-0.0848,13.5,15.0,15.0,station
2025-09-27,14.0,14.0,14.2,14.6,14.9,13.9,13.9,14.4,14.9,14.5,14.34,0.4,0.02,72,29,33.2,19.63,0.6,-0.9977,-0.0677,14.4,16.0,16.0,station
2025-09-28,15.6,15.5,15.8,16.8,16.3,15.1,15.3,16.2,16.5,16.2,16.0,0.54,0.14,87,80,41.7,16.9,0.0,-0.9987,-0.0505,15.9,18.0,18.0,station
2025-09-29,16.3,15.0,15.8,17.4,16.1,16.0,15.1,16.8,17.4,15.7,16.12,0.87,-0.08,82,60,50.2,17.71,0.9,-0.9994,-0.0333,17.3,18.0,18.0,station
2025-09-30,13.3,13.4,13.1,14.3,13.5,13.3,13.3,13.6,14.4,13.1,13.52,0.46,-0.02,72,24,39.2,21.74,0.0,-0.9999,-0.0161,13.6,15.0,15.0,station
2025-10-01,13.9,13.3,13.5,15.0,13.9,13.5,13.5,14.5,15.2,13.0,13.92,0.66,-0.02,70,75,42.2,7.03,4.7,-1.0,0.0011,13.8,15.0,15.0,station
2025-10-02,12.6,12.5,12.9,14.0,12.2,13.1,11.8,12.1,14.5,13.5,12.84,0.69,-0.16,80,95,26.7,8.81,7.6,-0.9998,0.0183,13.0,12.0,12.0,station
2025-10-03,14.3,14.1,15.5,15.3,16.4,14.4,13.9,14.9,14.7,16.0,15.12,0.94,0.34,88,94,16.9,14.93,3.8,-0.9994,0.0355,14.5,14.0,14.0,station
2025-10-04,14.8,14.8,15.5,16.2,14.6,16.0,14.6,15.2,15.5,14.5,15.18,0.66,0.02,92,94,32.2,11.28,16.4,-0.9986,0.0527,14.9,17.0,17.0,station
2025-10-05,13.5,13.1,11.8,14.0,13.3,12.9,13.0,12.3,13.7,13.2,13.14,0.82,0.12,81,91,39.6,11.68,4.1,-0.9976,0.0698,12.9,14.0,14.0,station
2025-10-06,14.7,14.6,14.7,15.4,14.3,14.9,14.5,14.4,15.8,14.4,14.74,0.4,-0.06,79,94,49.4,17.11,2.0,-0.9962,0.087,14.7,15.0,15.0,station
2025-10-07,15.1,14.8,14.5,15.9,14.8,15.5,14.6,14.2,16.8,14.6,15.02,0.54,-0.12,73,41,48.0,20.95,3.8,-0.9946,0.1041,15.1,16.0,16.0,station
2025-10-08,15.1,14.5,15.6,16.5,15.3,15.1,14.4,15.9,16.2,15.3,15.4,0.73,0.02,64,36,37.5,22.8,0.0,-0.9926,0.1212,15.4,17.0,17.0,station
2025-10-09,15.3,15.5,15.4,16.0,15.7,15.1,15.4,15.4,16.2,15.7,15.58,0.28,0.02,81,75,48.1,19.59,1.8,-0.9904,0.1383,15.5,17.0,17.0,station
2025-10-10,16.8,16.4,16.9,17.7,17.2,16.3,16.4,16.3,16.9,17.3,17.0,0.48,0.36,93,97,50.4,12.37,0.9,-0.9879,0.1553,17.1,18.0,18.0,station
2025-10-11,15.4,15.8,15.7,17.3,15.9,15.7,16.1,15.9,17.0,16.4,16.02,0.74,-0.2,94,99,47.5,9.52,0.8,-0.9851,0.1722,16.9,17.0,17.0,station
2025-10-12,15.7,16.0,15.6,17.3,15.7,16.1,15.9,15.9,17.3,15.7,16.06,0.71,-0.12,88,82,55.4,12.57,0.9,-0.9819,0.1892,17.0,18.0,18.0,station
2025-10-13,15.2,15.4,15.8,16.9,16.5,16.0,15.7,15.6,17.4,15.8,15.96,0.72,-0.14,92,87,43.5,12.16,1.4,-0.9785,0.206,15.3,17.0,17.0,station
2025-10-14,14.3,15.0,14.5,15.9,14.8,14.0,14.7,13.3,15.5,14.2,14.9,0.62,0.56,81,85,35.6,10.65,3.6,-0.9749,0.2228,15.4,16.0,16.0,station
2025-10-15,14.5,14.2,14.9,16.3,14.9,14.4,14.2,14.5,16.2,15.0,14.96,0.8,0.1,66,40,26.3,21.43,0.0,-0.9709,0.2396,15.0,16.0,16.0,station
2025-10-16,17.7,15.5,18.9,19.6,17.4,17.2,15.5,18.3,18.9,17.2,17.82,1.57,0.4,67,67,55.7,21.62,0.0,-0.9666,0.2562,17.6,18.0,18.0,station
2025-10-17,14.7,14.2,15.0,15.3,15.5,14.8,14.0,14.6,15.1,15.7,14.94,0.51,0.1,71,13,39.0,25.25,0.0,-0.9621,0.2728,14.7,16.0,16.0,station
2025-10-18,15.3,14.6,15.6,15.0,15.5,15.7,14.8,15.8,15.6,15.5,15.2,0.41,-0.28,75,85,51.0,19.42,0.8,-0.9572,0.2893,15.2,16.0,16.0,station
2025-10-19,16.2,15.1,16.2,18.1,15.8,15.6,15.1,17.3,17.8,16.1,16.28,1.11,-0.1,72,37,48.7,23.8,3.1,-0.9521,0.3057,18.5,18.0,18.0,station
2025-10-20,15.1,15.4,14.8,16.1,16.6,15.3,15.3,15.1,16.2,14.7,15.6,0.74,0.28,72,86,54.2,18.44,0.1,-0.9467,0.3221,15.1,17.0,17.0,station
2025-10-21,15.8,16.3,17.1,17.9,16.3,16.4,16.3,16.3,18.2,16.7,16.68,0.83,-0.1,86,67,62.1,10.33,8.1,-0.941,0.3383,16.5,18.0,18.0,station
2025-10-22,15.0,14.5,14.2,15.8,14.8,14.7,14.5,14.2,15.5,14.7,14.86,0.61,0.14,62,73,46.9,17.52,0.0,-0.9351,0.3545,15.4,15.0,15.0,station
2025-10-23,17.2,17.5,16.8,18.8,17.2,16.7,17.5,17.1,19.2,17.1,17.5,0.77,-0.02,84,83,66.3,10.18,3.4,-0.9288,0.3705,18.1,19.0,19.0,station
2025-10-24,15.2,14.7,15.7,16.4,15.3,15.5,14.8,15.9,16.9,15.2,15.46,0.63,-0.2,60,64,39.3,25.34,0.0,-0.9223,0.3864,15.8,17.0,17.0,station
2025-10-25,15.9,14.8,16.2,16.6,16.0,15.9,14.7,15.3,16.8,16.1,15.9,0.67,0.14,61,39,34.1,25.14,0.0,-0.9155,0.4022,16.5,17.0,17.0,station
2025-10-26,15.0,14.7,15.5,15.6,15.4,15.0,14.5,15.5,16.4,15.1,15.24,0.38,-0.06,63,59,43.3,23.01,0.6,-0.9085,0.4179,15.7,17.0,17.0,station
2025-10-27,15.7,16.1,15.9,17.1,15.9,15.7,15.9,15.9,16.8,16.0,16.14,0.55,0.08,80,94,58.3,10.62,14.4,-0.9012,0.4335,15.9,17.0,17.0,station
2025-10-28,14.1,14.7,13.7,15.2,14.9,14.9,15.4,11.2,16.7,15.2,14.52,0.61,-0.16,74,76,40.0,20.06,5.5,-0.8936,0.4489,14.9,16.0,16.0,station
2025-10-29,14.0,13.5,15.6,16.4,14.4,14.4,13.6,14.9,16.6,14.7,14.78,1.19,-0.06,59,11,32.7,27.5,1.4,-0.8857,0.4642,14.1,15.0,15.0,station
2025-10-30,14.9,14.4,15.2,15.6,15.3,15.0,14.3,15.5,16.0,15.5,15.08,0.45,-0.18,63,5,39.1,27.27,0.0,-0.8776,0.4794,15.3,16.0,16.0,station
2025-10-31,17.1,15.4,19.0,18.5,18.1,17.4,15.4,18.3,18.4,18.0,17.62,1.42,0.12,64,24,29.1,26.51,0.5,-0.8692,0.4944,17.9,19.0,19.0,station
2025-11-01,15.6,14.6,17.1,16.0,17.6,15.3,14.7,16.3,15.8,17.9,16.18,1.2,0.18,66,53,20.9,21.91,0.0,-0.8606,0.5093,15.4,17.0,17.0,station
2025-11-02,14.8,14.2,15.5,14.7,15.7,14.8,14.3,15.6,14.7,16.1,14.98,0.61,-0.12,69,52,36.6,26.18,0.0,-0.8517,0.524,15.4,16.0,16.0,station
2025-11-03,15.0,14.1,16.4,15.1,16.1,15.2,14.3,16.2,15.2,16.4,15.34,0.92,-0.12,69,12,36.5,28.69,0.0,-0.8426,0.5386,15.6,17.0,17.0,station
2025-11-04,15.6,14.7,15.7,16.1,17.1,15.5,14.8,16.1,15.8,16.7,15.84,0.87,0.06,70,41,40.3,28.66,0.0,-0.8332,0.553,15.9,17.0,17.0,station
2025-11-05,16.8,15.2,17.1,16.9,18.9,16.6,15.1,17.0,16.4,18.0,16.98,1.31,0.36,75,62,36.1,23.26,0.3,-0.8235,0.5672,17.5,19.0,19.0,station
2025-11-06,17.6,16.7,17.4,18.0,17.9,17.3,16.6,17.6,17.3,17.9,17.52,0.52,0.18,87,73,41.1,19.6,0.0,-0.8137,0.5813,18.3,18.0,18.0,station
2025-11-07,18.0,15.8,18.3,18.0,18.7,18.3,15.8,17.9,18.6,19.0,17.76,1.13,-0.16,80,49,31.0,25.07,0.7,-0.8035,0.5952,18.1,19.0,19.0,station
2025-11-08,16.7,15.7,17.2,16.6,18.2,17.1,15.8,17.4,17.0,18.2,16.88,0.91,-0.22,79,8,40.0,29.28,0.0,-0.7932,0.609,17.1,19.0,19.0,station
2025-11-09,16.6,15.5,18.1,16.9,19.3,17.0,15.5,17.5,16.5,19.0,17.28,1.46,0.18,79,52,35.7,23.68,0.0,-0.7826,0.6225,17.1,19.0,19.0,station
2025-11-10,17.5,17.0,18.8,17.1,17.8,17.7,16.9,17.9,17.6,19.6,17.64,0.72,-0.3,83,84,42.7,18.39,2.7,-0.7718,0.6359,18.6,19.0,19.0,station
2025-11-11,15.5,16.1,15.6,16.3,16.7,16.9,16.4,15.6,16.3,15.6,16.04,0.5,-0.12,79,20,39.4,25.73,1.7,-0.7607,0.6491,17.4,17.0,17.0,station
2025-11-12,19.2,15.4,17.5,17.7,20.6,19.2,16.0,18.8,19.2,20.3,18.08,1.95,-0.62,77,89,22.4,20.38,5.4,-0.7494,0.6621,18.2,19.0,19.0,station
2025-11-13,19.4,15.4,15.1,16.4,17.4,16.9,15.8,15.5,17.9,16.4,16.74,1.74,0.24,88,63,51.9,20.82,16.0,-0.7379,0.6749,16.6,18.0,18.0,station
2025-11-14,16.9,16.3,17.4,18.0,17.9,16.8,16.3,17.5,18.0,17.6,17.3,0.71,0.06,80,14,39.0,29.99,0.1,-0.7262,0.6875,17.1,19.0,19.0,station
2025-11-15,16.6,15.4,16.6,17.8,16.4,16.5,15.6,16.8,17.9,16.8,16.56,0.85,-0.16,64,25,47.8,28.6,4.0,-0.7143,0.6998,17.1,19.0,19.0,station
2025-11-16,15.8,15.1,16.6,16.1,18.2,15.7,15.1,16.9,16.3,18.7,16.36,1.16,-0.18,66,11,23.0,30.66,0.0,-0.7021,0.712,16.7,19.0,19.0,station
2025-11-17,18.9,17.3,17.7,18.4,20.6,18.7,17.3,17.8,18.7,20.8,18.58,1.29,-0.08,69,48,33.8,29.58,0.0,-0.6898,0.724,19.3,21.0,21.0,station
2025-11-18,20.0,18.0,20.9,19.2,21.9,19.9,18.0,21.2,19.4,21.5,20.0,1.5,0.0,74,96,36.4,20.83,0.0,-0.6772,0.7358,19.9,23.0,23.0,station
2025-11-19,19.6,18.0,18.7,20.3,19.3,19.5,18.3,17.8,19.3,20.0,19.18,0.88,0.2,87,100,25.3,15.03,4.6,-0.6645,0.7473,20.1,22.0,22.0,station
2025-11-20,18.9,17.3,19.5,19.2,19.6,19.2,17.3,19.7,18.8,19.2,18.9,0.94,0.06,85,62,33.7,25.31,0.0,-0.6515,0.7586,19.6,20.0,20.0,station
2025-11-21,17.5,16.1,18.7,17.0,19.2,17.4,16.3,18.5,17.1,18.7,17.7,1.26,0.1,79,34,40.1,28.74,0.0,-0.6384,0.7697,18.2,20.0,20.0,station
2025-11-22,17.1,15.1,16.3,16.0,17.2,16.9,15.2,16.6,15.9,17.8,16.34,0.86,-0.14,81,80,23.8,22.93,0.2,-0.625,0.7806,16.2,17.0,17.0,station
2025-11-23,17.9,16.3,17.9,18.2,19.0,18.0,16.4,18.7,17.8,19.2,17.86,0.98,-0.16,77,72,21.9,27.09,0.0,-0.6115,0.7912,19.1,20.0,20.0,station
2025-11-24,17.2,15.5,16.2,15.9,16.3,17.2,15.2,17.5,16.8,15.6,16.22,0.63,-0.24,83,85,29.7,15.08,2.9,-0.5978,0.8016,15.9,18.0,18.0,station
2025-11-25,20.2,18.0,20.1,19.7,21.5,20.1,17.9,20.2,20.5,21.9,19.9,1.26,-0.22,71,97,18.7,23.61,0.1,-0.584,0.8118,20.8,22.0,22.0,station
2025-11-26,20.3,18.9,20.7,18.8,20.8,20.5,18.9,20.7,19.3,21.2,19.9,0.98,-0.22,84,66,49.5,18.56,1.8,-0.5699,0.8217,20.2,21.0,21.0,station
2025-11-27,20.1,19.0,20.4,18.7,19.4,19.6,19.2,19.9,18.8,20.8,19.52,0.72,-0.14,93,88,47.9,12.06,1.6,-0.5557,0.8314,19.3,21.0,21.0,station
2025-11-28,20.1,18.1,19.5,21.6,19.6,19.7,18.1,19.9,21.2,19.5,19.78,1.26,0.1,83,68,38.7,29.71,2.2,-0.5413,0.8408,20.9,21.0,21.0,station
2025-11-29,18.8,17.3,18.8,20.6,19.9,19.9,17.3,18.7,19.9,20.4,19.08,1.26,-0.16,70,71,32.2,31.68,0.0,-0.5268,0.85,19.8,21.0,21.0,station
2025-11-30,18.6,18.8,18.2,18.2,20.5,18.7,18.5,17.9,18.5,20.8,18.86,0.95,-0.02,81,88,46.2,18.99,2.7,-0.5121,0.859,18.4,21.0,21.0,station
2025-12-01,17.8,17.2,17.7,19.3,17.6,18.2,16.9,18.2,18.9,17.6,17.92,0.8,-0.04,69,32,45.8,31.46,0.0,-0.4972,0.8676,18.5,19.0,19.0,station
2025-12-02,17.9,17.1,18.6,18.7,18.6,19.1,17.6,19.5,18.6,20.1,18.18,0.68,-0.8,74,67,37.0,31.03,0.3,-0.4822,0.8761,18.7,20.0,20.0,station
2025-12-03,16.7,15.3,16.0,16.0,16.3,16.8,15.6,13.7,17.7,15.0,16.06,0.51,0.3,90,100,48.4,6.73,29.0,-0.4671,0.8842,14.6,15.0,15.0,station
2025-12-04,15.3,15.3,16.0,16.0,15.1,15.1,15.2,16.3,16.5,14.4,15.54,0.43,0.04,73,43,51.9,29.1,4.0,-0.4518,0.8921,15.1,16.0,16.0,station
2025-12-05,18.7,18.1,19.2,19.6,20.5,18.8,18.5,19.4,20.6,20.3,19.22,0.91,-0.3,78,40,37.4,31.06,0.0,-0.4364,0.8998,18.9,21.0,21.0,station
2025-12-06,19.6,18.8,19.6,21.2,21.7,20.0,18.9,20.2,20.6,22.2,20.18,1.22,-0.2,86,75,33.3,24.85,0.0,-0.4208,0.9071,20.0,22.0,22.0,station
2025-12-07,18.5,18.2,20.3,18.7,20.5,19.0,18.4,19.9,18.7,20.9,19.24,1.08,-0.14,85,40,43.4,28.35,0.0,-0.4052,0.9142,18.6,21.0,21.0,station
2025-12-08,19.1,18.0,20.8,19.2,19.3,19.2,18.2,20.8,19.3,19.8,19.28,1.0,-0.18,89,95,43.8,24.7,1.0,-0.3894,0.9211,19.6,22.0,22.0,station
2025-12-09,20.2,18.7,20.8,20.5,22.7,19.7,18.6,20.4,19.4,21.4,20.58,1.43,0.68,85,43,26.8,32.21,0.0,-0.3735,0.9276,22.1,23.0,23.0,station
2025-12-10,20.1,18.6,20.5,20.8,22.4,20.2,18.6,20.5,20.4,22.0,20.48,1.37,0.14,85,39,33.9,32.23,0.0,-0.3575,0.9339,20.5,23.0,23.0,station
2025-12-11,20.2,17.0,17.8,18.0,20.0,20.2,16.6,19.1,17.4,21.3,18.6,1.42,-0.32,81,84,25.2,24.21,0.8,-0.3413,0.9399,17.9,18.0,18.0,station
2025-12-12,16.0,16.8,17.4,16.8,17.2,16.2,16.3,16.6,16.4,16.9,16.84,0.54,0.36,72,16,36.2,31.34,1.0,-0.3251,0.9457,16.4,18.0,18.0,station
2025-12-13,18.2,16.7,17.3,17.5,20.0,17.9,16.7,17.7,17.5,20.3,17.94,1.27,-0.08,69,3,20.0,32.39,0.0,-0.3088,0.9511,17.0,18.0,18.0,station
2025-12-14,20.7,18.7,19.8,20.2,22.8,20.7,18.8,20.1,20.4,23.0,20.44,1.51,-0.16,70,26,27.2,31.66,0.0,-0.2924,0.9563,20.9,23.0,23.0,station
2025-12-15,19.6,18.6,19.8,19.4,20.2,20.1,18.9,19.8,19.7,21.3,19.52,0.59,-0.44,79,67,45.9,30.37,1.3,-0.2759,0.9612,19.6,21.0,21.0,station
2025-12-16,17.7,17.8,17.8,19.1,18.4,17.8,18.0,18.0,18.4,18.9,18.16,0.59,-0.06,80,88,46.1,6.84,9.1,-0.2593,0.9658,18.5,20.0,20.0,station
2025-12-17,14.9,15.3,14.6,16.0,14.3,14.9,15.2,13.9,16.8,14.8,15.02,0.66,-0.1,72,59,35.5,19.01,8.1,-0.2427,0.9701,14.5,16.0,16.0,station
2025-12-18,18.0,16.9,18.3,17.7,17.6,17.7,16.7,18.3,18.2,17.0,17.7,0.52,0.12,76,72,24.5,20.47,2.1,-0.226,0.9741,17.5,19.0,19.0,station
2025-12-19,18.2,17.6,18.9,20.0,19.6,18.6,17.7,18.8,19.4,18.9,18.86,0.98,0.18,78,85,46.5,23.07,2.0,-0.2092,0.9779,19.1,20.0,20.0,station
2025-12-20,16.7,14.9,17.6,17.7,17.4,15.7,14.2,15.6,15.3,17.3,16.86,1.16,1.24,66,52,29.5,25.32,0.8,-0.1923,0.9813,17.5,19.0,19.0,station
2025-12-21,15.3,14.3,15.0,14.5,15.5,15.3,14.3,15.1,14.7,16.1,14.92,0.51,-0.18,67,44,23.6,26.69,1.8,-0.1754,0.9845,15.1,16.0,16.0,station
2025-12-22,18.1,16.8,17.9,17.6,19.4,18.3,17.1,18.3,17.6,19.0,17.96,0.94,-0.1,72,66,34.3,27.74,2.1,-0.1585,0.9874,18.5,20.0,20.0,station
2025-12-23,20.9,19.2,20.8,20.9,20.4,21.4,19.2,20.5,21.2,19.5,20.44,0.72,0.08,83,70,42.9,27.86,3.3,-0.1414,0.9899,21.7,22.0,22.0,station
2025-12-24,20.0,18.3,20.7,21.0,20.5,20.4,18.6,20.1,20.5,20.6,20.1,1.07,0.06,69,9,41.0,31.85,0.0,-0.1244,0.9922,20.6,22.0,22.0,station
2025-12-25,19.2,17.9,19.1,19.2,19.1,19.4,17.6,19.3,19.3,18.9,18.9,0.56,0.0,65,11,49.3,30.79,0.0,-0.1073,0.9942,19.7,20.0,20.0,station
2025-12-26,17.4,17.5,17.1,18.0,17.5,18.0,17.3,16.9,18.2,19.0,17.5,0.32,-0.38,82,59,43.4,14.45,12.1,-0.0902,0.9959,17.3,19.0,19.0,station
2025-12-27,17.7,16.9,18.2,18.4,17.4,17.5,16.9,18.2,18.4,16.4,17.72,0.61,0.24,66,6,31.6,32.3,0.2,-0.073,0.9973,18.6,20.0,20.0,station
2025-12-28,18.7,17.7,17.7,18.8,20.3,18.5,17.2,17.6,18.2,20.2,18.64,1.07,0.3,74,13,17.8,30.66,1.9,-0.0559,0.9984,18.3,19.0,19.0,station
2025-12-29,18.8,17.2,18.3,17.0,19.6,20.9,17.8,17.5,18.0,20.2,18.18,1.09,-0.7,77,54,50.1,22.76,0.2,-0.0387,0.9993,17.9,19.0,19.0,station
2025-12-30,16.0,15.6,15.0,15.9,16.1,16.2,15.4,14.1,15.2,15.6,15.72,0.44,0.42,82,98,55.0,8.08,11.7,-0.0215,0.9998,15.3,17.0,17.0,station
2025-12-31,19.3,17.8,17.8,17.9,19.8,18.2,17.4,19.5,18.1,17.6,18.52,0.96,0.36,87,76,44.6,16.11,7.5,-0.0043,1.0,16.8,15.0,15.0,station
2026-01-01,19.1,18.3,19.4,19.1,18.3,18.8,18.4,19.5,19.1,17.6,18.84,0.51,0.16,86,54,43.8,26.36,2.3,0.0172,0.9999,19.1,20.0,20.0,station
2026-01-02,18.5,17.6,19.6,19.3,19.7,18.6,17.7,19.7,19.4,20.3,18.94,0.88,-0.2,79,59,32.4,31.08,0.3,0.0344,0.9994,19.3,22.0,22.0,station
2026-01-03,16.3,15.8,17.0,16.2,16.0,16.3,16.0,14.8,16.6,16.2,16.26,0.46,0.28,75,58,37.5,26.01,0.9,0.0516,0.9987,15.9,17.0,17.0,station
2026-01-04,18.0,16.9,17.5,17.5,21.3,18.0,17.0,17.8,17.6,21.2,18.24,1.75,-0.08,69,32,30.3,30.73,0.0,0.0688,0.9976,16.5,18.0,18.0,station
2026-01-05,19.6,17.7,19.6,19.7,22.3,19.7,17.7,19.4,20.3,22.6,19.78,1.64,-0.16,75,90,28.1,30.25,0.0,0.0859,0.9963,20.5,23.0,23.0,station
2026-01-06,18.8,17.6,19.1,18.5,20.3,19.3,17.8,19.5,18.6,20.7,18.86,0.98,-0.32,76,74,33.7,31.4,0.0,0.103,0.9947,19.3,21.0,21.0,station
2026-01-07,20.9,18.3,20.8,20.7,22.1,20.7,18.2,20.3,20.4,23.3,20.56,1.38,-0.02,74,67,29.7,31.15,0.0,0.1201,0.9928,21.0,23.0,23.0,station
2026-01-08,22.0,18.5,24.6,21.3,23.8,21.9,18.5,24.4,20.6,23.6,22.04,2.38,0.24,77,48,34.3,31.42,0.0,0.1372,0.9905,22.4,25.0,25.0,station
2026-01-09,22.4,20.6,24.0,23.3,23.3,22.5,20.5,21.7,23.1,23.2,22.72,1.31,0.52,73,55,35.1,29.39,0.0,0.1542,0.988,23.4,25.0,25.0,station
2026-01-10,20.4,19.3,20.3,20.8,21.0,20.9,19.3,20.4,20.5,21.2,20.36,0.66,-0.1,79,98,42.3,19.48,0.0,0.1712,0.9852,22.2,21.0,21.0,station
2026-01-11,20.2,19.5,21.3,20.9,21.3,20.8,19.5,21.0,20.8,21.5,20.64,0.78,-0.08,82,49,58.8,29.12,0.8,0.1881,0.9821,21.2,22.0,22.0,station
2026-01-12,19.8,19.0,18.9,20.2,19.3,19.4,19.0,19.8,20.1,19.8,19.44,0.55,-0.18,67,38,59.3,29.85,0.7,0.205,0.9788,19.2,20.0,20.0,station
2026-01-13,19.5,18.2,19.0,18.9,21.0,19.7,18.2,19.8,18.7,20.8,19.32,1.05,-0.12,70,30,35.5,32.55,0.0,0.2218,0.9751,19.7,22.0,22.0,station
2026-01-14,17.0,16.9,16.0,17.3,16.8,17.5,16.8,18.9,17.4,18.0,16.8,0.48,-0.92,77,99,37.5,12.2,7.0,0.2385,0.9711,17.5,18.0,18.0,station
2026-01-15,18.5,17.5,16.9,17.9,18.3,18.7,17.6,16.2,17.7,18.5,17.82,0.64,0.08,96,100,21.3,5.19,30.8,0.2552,0.9669,17.3,19.0,19.0,station
2026-01-16,17.2,16.8,17.4,18.2,17.7,16.9,17.0,17.7,17.9,17.9,17.46,0.53,-0.02,85,88,29.5,14.48,5.6,0.2718,0.9624,16.6,16.0,16.0,station
2026-01-17,15.0,15.2,16.6,16.3,15.1,15.3,15.5,16.7,16.2,15.6,15.64,0.75,-0.22,76,80,37.8,18.68,3.3,0.2883,0.9575,15.0,18.0,18.0,station
2026-01-18,15.1,15.4,16.0,16.0,15.4,15.4,15.4,16.2,16.1,16.0,15.58,0.4,-0.24,70,95,39.9,18.41,0.5,0.3047,0.9524,14.5,17.0,17.0,station
2026-01-19,16.6,16.7,16.7,16.9,17.7,16.4,16.7,17.0,16.8,18.4,16.92,0.45,-0.14,70,94,36.4,18.0,0.0,0.3211,0.9471,16.6,17.0,17.0,station
2026-01-20,17.8,16.9,18.9,17.7,20.0,17.4,17.0,17.2,17.5,19.2,18.26,1.21,0.6,72,95,33.6,15.66,0.1,0.3373,0.9414,16.3,17.0,17.0,station
2026-01-21,21.5,18.1,22.2,20.0,21.1,22.3,18.7,21.5,20.4,23.0,20.58,1.6,-0.6,81,99,27.5,12.13,4.8,0.3534,0.9355,20.2,21.0,21.0,station
2026-01-22,19.5,17.8,21.0,19.8,19.4,20.6,17.9,20.0,20.5,20.0,19.5,1.14,-0.3,92,83,31.7,18.56,14.9,0.3695,0.9292,20.6,20.0,20.0,station
2026-01-23,19.5,18.6,19.7,20.1,19.4,20.1,18.8,19.6,20.0,18.4,19.46,0.55,0.08,86,31,42.1,29.68,0.5,0.3854,0.9227,19.6,22.0,22.0,station
2026-01-24,16.4,16.0,17.3,16.8,15.5,16.5,16.1,15.8,17.4,16.0,16.4,0.7,0.04,84,79,35.0,9.17,15.0,0.4012,0.916,16.2,17.0,17.0,station
2026-01-25,19.3,17.0,19.0,19.0,18.8,18.9,16.5,19.5,18.9,18.5,18.62,0.92,0.16,81,74,18.2,20.79,3.9,0.4169,0.9089,19.5,20.0,20.0,station
2026-01-26,19.4,17.7,19.8,20.0,20.8,19.6,17.4,19.6,19.0,20.2,19.54,1.15,0.38,85,74,22.2,21.91,2.6,0.4325,0.9016,19.9,22.0,22.0,station
2026-01-27,16.3,16.3,15.7,16.4,16.5,17.2,15.9,17.0,16.3,15.8,16.24,0.31,-0.2,86,75,26.9,14.79,8.3,0.4479,0.8941,16.0,17.0,17.0,station
2026-01-28,19.7,18.6,20.2,20.2,21.6,19.8,18.7,20.7,19.7,22.4,20.06,1.08,-0.2,80,6,32.0,30.19,0.0,0.4633,0.8862,20.0,23.0,23.0,station
2026-01-29,19.2,18.8,20.0,20.3,20.5,19.3,18.9,20.7,20.3,20.3,19.76,0.73,-0.14,83,52,40.9,26.6,0.3,0.4784,0.8781,19.4,21.0,21.0,station
2026-01-30,18.8,18.4,21.3,18.1,22.8,18.8,18.4,21.0,19.1,23.4,19.88,2.07,-0.26,77,13,30.7,30.07,0.3,0.4935,0.8698,18.7,21.0,21.0,station
2026-01-31,18.3,17.7,18.8,18.5,20.0,18.4,17.7,18.8,18.4,20.2,18.66,0.85,-0.04,81,6,42.3,30.17,0.0,0.5084,0.8611,18.4,20.0,20.0,station
2026-02-01,18.8,17.3,19.6,19.1,20.9,19.0,17.3,21.4,19.2,21.8,19.14,1.3,-0.6,76,19,33.0,28.39,0.0,0.5231,0.8523,18.4,20.0,20.0,station
2026-02-02,19.0,17.8,19.4,18.8,19.5,18.7,17.7,19.4,18.9,20.0,18.9,0.68,-0.04,80,54,43.1,24.07,0.2,0.5377,0.8432,18.4,21.0,21.0,station
2026-02-03,18.1,17.4,17.2,18.7,19.5,19.5,17.3,18.5,18.9,18.1,18.18,0.95,-0.28,93,96,49.3,8.05,30.3,0.5521,0.8338,16.8,18.0,18.0,station
2026-02-04,16.7,16.2,16.8,16.4,16.3,16.8,16.4,16.7,16.2,16.3,16.48,0.26,0.0,78,43,41.5,23.37,6.2,0.5664,0.8242,16.1,18.0,18.0,station
2026-02-05,18.6,18.1,19.5,19.1,20.6,18.6,18.0,19.3,18.6,20.9,19.18,0.95,0.1,78,27,25.8,30.06,0.0,0.5805,0.8143,19.4,23.0,23.0,station
2026-02-06,19.6,18.2,20.3,20.2,21.6,19.7,18.5,20.4,20.1,21.6,19.98,1.23,-0.08,84,14,34.3,28.84,0.0,0.5944,0.8042,19.5,21.0,21.0,station
2026-02-07,20.7,18.8,21.3,21.4,22.1,20.9,19.2,21.2,21.6,21.7,20.86,1.25,-0.06,84,54,31.3,23.07,0.0,0.6081,0.7938,21.0,22.0,22.0,station
2026-02-08,17.6,18.0,18.4,19.1,20.0,19.1,17.9,20.2,21.0,19.8,18.62,0.95,-0.98,81,36,33.1,25.52,1.1,0.6217,0.7833,18.4,19.0,19.0,station
2026-02-09,20.3,17.9,20.9,20.5,21.7,20.2,17.9,20.2,20.1,21.8,20.26,1.42,0.22,83,36,11.6,26.53,0.0,0.6351,0.7725,19.4,19.0,19.0,station
2026-02-10,19.1,18.3,19.4,18.8,21.6,19.7,18.5,19.5,19.1,21.9,19.44,1.27,-0.3,86,69,29.4,25.69,0.0,0.6483,0.7614,19.5,22.0,22.0,station
2026-02-11,21.5,18.7,21.6,20.7,23.1,21.8,18.4,20.6,21.0,23.9,21.12,1.61,-0.02,87,47,30.9,24.25,0.0,0.6613,0.7502,21.4,22.0,22.0,station
2026-02-12,22.5,20.7,22.7,21.7,24.5,23.1,20.6,22.7,21.9,24.4,22.42,1.4,-0.12,79,55,16.4,25.6,0.0,0.6741,0.7387,22.7,25.0,25.0,station
2026-02-13,22.4,20.3,21.2,21.2,23.9,22.8,20.4,21.1,22.7,24.9,21.8,1.39,-0.58,85,99,31.2,11.16,1.8,0.6867,0.727,23.1,24.0,24.0,station
2026-02-14,18.8,18.9,17.5,19.9,19.5,19.1,18.7,17.6,19.7,19.2,18.92,0.91,0.06,81,100,33.2,16.33,1.5,0.6991,0.715,19.3,20.0,20.0,station
2026-02-15,15.9,16.3,15.6,16.3,15.3,16.2,16.2,15.3,16.2,15.2,15.88,0.44,0.06,71,100,75.3,10.49,20.8,0.7113,0.7029,15.6,16.0,16.0,station
2026-02-16,16.3,16.8,15.8,17.9,15.1,15.7,16.9,15.6,17.8,15.3,16.38,1.06,0.12,84,97,78.4,12.91,30.9,0.7233,0.6906,16.0,16.0,16.0,station
2026-02-17,19.2,17.9,19.3,19.5,19.3,19.3,18.0,19.1,19.6,18.5,19.04,0.65,0.14,83,42,24.8,21.78,1.6,0.735,0.678,19.1,20.0,20.0,station
2026-02-18,18.7,18.2,19.8,19.2,19.5,19.4,18.3,20.3,19.3,20.2,19.08,0.64,-0.42,82,38,27.5,25.19,0.1,0.7466,0.6653,19.4,21.0,21.0,station
2026-02-19,19.0,18.7,19.3,20.8,19.4,19.7,18.9,19.6,20.2,19.9,19.44,0.81,-0.22,83,24,43.9,20.28,0.2,0.7579,0.6523,19.6,21.0,21.0,station
2026-02-20,20.5,18.7,20.7,22.3,20.3,20.5,19.0,21.2,22.5,20.6,20.5,1.28,-0.26,71,17,41.2,23.65,0.6,0.769,0.6392,20.7,23.0,23.0,station
2026-02-21,17.7,16.7,17.6,18.2,18.2,18.3,16.8,17.6,18.5,19.1,17.68,0.61,-0.38,74,49,34.2,24.38,0.3,0.7799,0.6259,17.5,20.0,20.0,station
2026-02-22,20.5,18.3,21.3,21.6,20.7,20.7,18.3,20.7,21.8,20.2,20.48,1.3,0.14,70,50,40.8,23.1,0.0,0.7906,0.6124,20.9,22.0,22.0,station
2026-02-23,18.5,17.0,19.5,18.4,19.8,18.9,17.2,19.8,18.8,20.6,18.64,1.1,-0.42,72,62,32.7,24.6,0.0,0.801,0.5987,18.4,21.0,21.0,station
2026-02-24,19.8,17.6,21.1,20.3,21.9,20.6,17.7,19.0,20.6,21.9,20.14,1.63,0.18,79,39,38.2,23.3,0.0,0.8112,0.5848,19.9,20.0,20.0,station
2026-02-25,19.9,18.6,21.0,19.9,22.0,19.8,18.8,21.1,19.9,22.9,20.28,1.28,-0.22,74,28,30.3,25.55,0.0,0.8211,0.5708,21.1,25.0,25.0,station
2026-02-26,19.8,19.0,19.4,19.8,20.6,19.8,18.8,19.5,19.9,19.9,19.72,0.59,0.14,89,89,39.8,18.0,2.0,0.8308,0.5566,20.4,20.0,20.0,station
2026-02-27,15.4,15.8,14.9,15.3,15.2,15.5,15.7,15.3,16.0,15.5,15.32,0.33,-0.28,80,80,33.3,6.96,2.2,0.8402,0.5422,14.8,16.0,16.0,station
2026-02-28,18.0,16.8,17.6,17.7,19.6,17.9,17.2,17.7,17.2,19.7,17.94,1.03,0.0,69,2,20.5,25.22,0.0,0.8495,0.5277,16.7,18.0,18.0,station
2026-03-01,18.8,17.6,18.3,19.5,19.4,19.0,17.6,18.3,19.7,19.7,18.72,0.79,-0.14,78,41,48.0,23.75,5.5,0.8584,0.513,18.5,20.0,20.0,station
2026-03-02,11.4,11.7,11.2,12.7,10.7,12.0,12.1,11.6,12.8,11.5,11.54,0.74,-0.46,69,61,53.6,18.27,4.7,0.8671,0.4981,11.5,12.0,12.0,station
2026-03-03,13.2,13.4,13.1,14.2,13.1,13.2,13.4,14.5,14.3,13.1,13.4,0.46,-0.3,68,85,44.2,13.19,4.3,0.8755,0.4831,13.2,14.0,14.0,station
2026-03-04,16.3,14.9,18.3,16.8,17.4,16.0,15.1,18.2,16.4,17.1,16.74,1.27,0.18,72,40,30.5,21.62,0.0,0.8837,0.468,16.0,16.0,16.0,station
2026-03-05,17.8,16.8,18.5,17.7,19.0,18.0,17.0,18.6,18.0,19.1,17.96,0.84,-0.18,79,13,40.1,22.79,0.0,0.8916,0.4527,17.8,20.0,20.0,station
2026-03-06,18.5,17.6,18.5,18.1,19.3,18.5,17.7,18.6,18.1,19.6,18.4,0.62,-0.1,80,14,50.8,22.26,0.0,0.8993,0.4373,18.3,20.0,20.0,station
2026-03-07,19.1,17.4,19.6,19.0,21.0,19.2,17.6,19.9,18.8,20.5,19.22,1.29,0.02,86,58,31.7,19.9,0.0,0.9067,0.4218,19.1,21.0,21.0,station
2026-03-08,18.6,18.0,18.0,18.1,18.3,18.7,18.0,17.5,18.6,18.7,18.2,0.25,-0.1,87,46,39.1,19.84,0.0,0.9138,0.4061,18.8,19.0,19.0,station
2026-03-09,16.3,16.9,16.6,17.4,16.8,16.3,16.9,16.4,17.6,16.8,16.8,0.41,0.0,84,87,35.2,9.39,0.8,0.9207,0.3904,16.4,18.0,18.0,station
2026-03-10,15.4,14.9,15.9,16.0,16.3,15.0,14.9,16.7,16.4,17.1,15.7,0.55,-0.32,61,44,27.5,20.64,0.0,0.9272,0.3745,15.0,16.0,16.0,station
2026-03-11,18.3,16.3,19.0,17.1,19.8,17.5,16.2,18.8,18.3,19.3,18.1,1.41,0.08,69,45,17.8,21.91,0.0,0.9335,0.3585,18.4,18.0,18.0,station
2026-03-12,19.1,17.4,18.2,18.2,20.8,19.5,17.5,18.2,18.4,20.4,18.74,1.3,-0.06,70,21,26.5,22.62,0.0,0.9396,0.3424,19.0,21.0,21.0,station
2026-03-13,20.9,19.0,22.4,20.1,22.3,22.2,19.3,18.5,20.0,22.9,20.94,1.45,0.36,84,73,28.0,14.88,0.5,0.9453,0.3261,22.3,23.0,23.0,station
2026-03-14,17.4,17.6,17.1,19.0,18.7,17.3,17.2,14.9,17.3,18.4,17.96,0.84,0.94,81,46,29.5,18.22,0.6,0.9508,0.3098,16.6,17.0,17.0,station
2026-03-15,18.7,16.6,18.8,18.2,19.8,18.7,16.8,18.5,18.7,19.6,18.42,1.17,-0.04,77,5,25.8,20.83,0.0,0.956,0.2934,18.4,20.0,20.0,station
2026-03-16,19.5,17.3,18.1,18.8,20.6,19.2,17.1,18.7,18.5,20.6,18.86,1.27,0.04,80,13,28.5,20.31,0.0,0.9609,0.2769,19.3,21.0,21.0,station
2026-03-17,18.9,17.4,20.3,19.6,21.0,19.6,17.3,21.3,19.0,21.2,19.44,1.38,-0.24,79,22,20.6,19.8,0.0,0.9655,0.2604,18.9,20.0,20.0,station
2026-03-18,19.0,18.1,19.2,18.8,20.1,19.0,17.9,19.4,18.6,20.2,19.04,0.72,0.02,84,44,41.7,15.38,0.0,0.9698,0.2437,19.4,21.0,21.0,station
2026-03-19,18.4,16.6,17.4,16.8,21.3,16.4,16.7,17.2,17.0,21.3,18.1,1.92,0.38,74,19,35.6,19.46,0.0,0.9739,0.227,17.1,18.0,18.0,station
2026-03-20,16.4,16.2,16.8,16.7,17.4,16.6,16.4,16.9,16.7,17.5,16.7,0.46,-0.12,81,80,31.8,11.77,2.7,0.9777,0.2102,15.6,17.0,17.0,station
2026-03-21,16.3,15.0,16.1,15.8,17.6,16.8,15.6,16.2,17.1,18.2,16.16,0.94,-0.62,69,51,21.0,15.44,0.0,0.9811,0.1934,16.0,17.0,17.0,station
2026-03-22,18.4,16.5,18.6,17.9,20.0,18.7,16.5,19.9,18.2,19.9,18.28,1.26,-0.36,82,22,15.1,19.23,0.0,0.9843,0.1765,19.2,19.0,19.0,station
2026-03-23,21.6,17.5,21.3,18.8,22.2,21.0,17.3,21.7,18.8,22.2,20.28,2.02,0.08,77,0,9.2,19.76,0.0,0.9872,0.1595,20.3,19.0,19.0,station
2026-03-24,19.5,17.7,19.3,18.7,20.4,19.6,17.8,19.4,18.8,20.6,19.12,1.0,-0.12,82,62,28.2,17.7,0.0,0.9898,0.1425,19.8,21.0,21.0,station
2026-03-25,18.5,17.2,19.0,18.1,20.0,18.9,16.9,19.3,18.5,20.2,18.56,1.04,-0.2,91,99,22.9,8.44,0.5,0.9921,0.1255,16.9,18.0,18.0,station
2026-03-26,17.0,17.4,17.9,18.1,19.9,18.0,17.7,15.7,18.6,20.8,18.06,1.11,-0.1,78,100,32.2,4.32,1.8,0.9941,0.1084,19.7,19.0,19.0,station
2026-03-27,21.3,19.6,21.1,20.6,20.8,20.5,19.5,21.4,20.2,20.1,20.68,0.66,0.34,86,81,35.2,9.12,4.2,0.9958,0.0913,21.8,23.0,23.0,station
2026-03-28,19.2,18.5,19.8,19.8,20.9,19.0,18.5,19.8,19.6,20.7,19.64,0.88,0.12,90,65,38.7,17.14,0.0,0.9972,0.0741,20.4,22.0,22.0,station
2026-03-29,17.9,18.5,17.7,18.7,19.3,17.9,18.6,18.2,18.3,19.7,18.42,0.64,-0.12,95,99,33.3,6.09,2.3,0.9984,0.057,18.4,19.0,19.0,station
2026-03-30,19.5,18.0,19.2,20.0,19.4,19.3,18.0,18.9,19.7,18.1,19.22,0.74,0.42,89,51,29.2,14.7,1.5,0.9992,0.0398,20.0,20.0,20.0,station
2026-03-31,15.8,17.1,14.9,17.8,16.6,15.9,17.1,15.9,17.3,15.9,16.44,1.13,0.02,73,54,42.7,13.13,0.4,0.9997,0.0226,17.0,18.0,18.0,station
2026-04-01,16.5,15.4,15.8,16.6,16.5,16.7,15.4,15.3,16.2,16.1,16.16,0.53,0.22,66,30,15.3,16.08,0.0,1.0,0.0054,15.8,17.0,17.0,station
2026-04-02,17.5,16.6,17.5,17.6,19.7,17.6,16.7,17.5,17.9,19.1,17.78,1.15,0.02,73,6,17.7,17.64,0.0,0.9999,-0.0118,18.6,20.0,20.0,station
2026-04-03,18.0,17.5,17.9,18.6,18.8,18.2,17.5,18.0,18.3,18.9,18.16,0.53,-0.02,82,28,38.6,13.3,0.2,0.9996,-0.029,18.2,19.0,19.0,station
2026-04-04,18.7,17.9,18.4,18.5,19.5,18.7,18.1,18.7,19.0,19.1,18.6,0.58,-0.12,81,57,34.7,16.68,0.7,0.9989,-0.0462,19.4,20.0,20.0,station
2026-04-05,16.9,15.9,15.7,17.1,18.8,17.6,16.1,16.4,18.0,20.3,16.88,1.23,-0.8,85,86,26.6,9.13,0.9,0.998,-0.0634,16.1,17.0,17.0,station
2026-04-06,20.7,17.8,20.9,19.3,21.4,20.6,18.0,20.3,20.5,21.6,20.02,1.47,-0.18,75,69,23.8,14.59,0.0,0.9968,-0.0805,19.9,22.0,22.0,station
2026-04-07,19.3,18.4,19.3,20.5,21.7,20.4,18.4,20.5,20.6,20.9,19.84,1.28,-0.32,77,100,24.2,4.47,0.7,0.9952,-0.0977,18.7,20.0,20.0,station
2026-04-08,19.1,18.7,18.3,19.2,20.0,20.2,17.6,18.9,19.1,18.5,19.06,0.63,0.2,91,79,32.6,6.88,10.5,0.9934,-0.1148,18.9,20.0,20.0,station
2026-04-09,18.9,18.0,18.4,19.5,19.3,18.9,17.9,18.6,18.6,19.2,18.82,0.62,0.18,84,25,36.1,14.39,0.1,0.9913,-0.1319,19.1,21.0,21.0,station
2026-04-10,17.1,16.9,16.6,16.4,18.6,17.6,15.9,16.8,17.9,17.9,17.12,0.87,-0.1,84,22,26.8,13.24,0.1,0.9889,-0.1489,16.6,17.0,17.0,station
2026-04-11,20.7,18.4,20.2,,22.7,20.5,16.4,21.0,20.3,22.3,20.5,1.77,0.4,80,56,18.0,15.55,0.0,0.9861,-0.1659,21.0,20.0,20.0,station
2026-04-12,19.7,18.4,18.3,,19.4,19.6,16.9,18.9,19.0,20.1,18.95,0.7,0.05,96,100,31.8,1.66,50.1,0.9831,-0.1828,19.3,19.0,19.0,station
2026-04-13,17.5,18.4,18.0,,18.1,18.0,18.2,18.9,20.3,17.9,18.0,0.37,-0.66,81,53,43.6,8.88,1.2,0.9799,-0.1997,18.5,19.0,19.0,station
2026-04-14,16.8,16.7,16.8,17.5,16.5,16.9,16.6,16.5,17.4,15.7,16.86,0.38,0.24,66,50,35.1,14.27,0.0,0.9763,-0.2165,17.0,18.0,18.0,station
2026-04-15,16.1,16.8,17.2,17.3,16.8,16.1,16.6,17.0,17.4,16.8,16.84,0.47,0.06,66,35,44.5,15.15,0.0,0.9724,-0.2333,16.8,18.0,18.0,station
2026-04-16,15.9,16.7,16.9,17.5,16.7,16.0,16.5,16.5,17.4,16.9,16.74,0.57,0.08,59,11,43.0,15.0,0.0,0.9683,-0.25,16.2,18.0,18.0,station
2026-04-17,16.7,17.2,16.6,17.8,17.7,16.9,17.0,16.8,17.8,17.9,17.2,0.55,-0.08,67,60,45.5,12.03,0.1,0.9638,-0.2666,17.0,18.0,18.0,station
2026-04-18,16.4,17.3,16.6,17.6,16.4,15.9,17.1,16.4,17.6,16.2,16.86,0.55,0.22,89,97,49.0,4.16,23.7,0.9591,-0.2831,16.6,18.0,18.0,station
2026-04-19,16.5,16.1,16.6,16.9,16.2,16.4,15.7,16.8,16.9,14.9,16.46,0.32,0.32,82,95,27.2,9.04,14.4,0.9541,-0.2996,16.7,16.0,16.0,station
2026-04-20,13.8,14.6,14.7,15.2,14.6,15.8,14.7,13.9,15.0,13.8,14.58,0.5,-0.06,89,99,64.3,4.12,39.3,0.9488,-0.316,13.9,14.0,14.0,station
2026-04-21,11.3,11.7,11.4,12.8,10.7,10.7,11.9,11.4,13.4,10.6,11.58,0.77,-0.02,74,99,60.9,2.48,13.5,0.9432,-0.3322,11.3,12.0,12.0,station
2026-04-22,11.4,11.7,11.8,12.6,10.7,11.1,11.7,11.1,12.9,10.2,11.64,0.69,0.24,73,87,53.8,5.11,5.0,0.9373,-0.3484,11.4,12.0,12.0,station
2026-04-23,13.2,12.9,13.4,13.7,12.6,13.2,13.2,12.7,13.9,12.0,13.16,0.43,0.16,70,73,37.2,10.21,3.9,0.9312,-0.3645,13.1,14.0,14.0,station
2026-04-24,14.4,13.4,15.2,14.3,14.9,14.2,13.3,14.8,14.5,15.0,14.44,0.69,0.08,79,18,7.3,13.24,0.0,0.9248,-0.3804,14.3,14.0,14.0,station
2026-04-25,14.9,14.2,14.4,15.4,15.7,15.1,14.2,14.5,15.8,16.1,14.92,0.64,-0.22,84,18,23.8,11.83,0.0,0.9181,-0.3963,14.6,16.0,16.0,station
2026-04-26,16.2,15.0,16.4,16.3,17.5,16.6,15.0,16.4,16.5,17.1,16.28,0.89,-0.04,86,50,35.7,10.8,0.0,0.9112,-0.412,16.2,17.0,17.0,station
2026-04-27,16.5,14.6,17.3,15.9,16.9,16.4,14.8,16.3,16.3,17.0,16.24,1.05,0.08,90,44,9.9,10.89,0.2,0.9039,-0.4276,15.6,15.0,15.0,station
2026-04-28,15.7,15.1,16.1,16.0,16.8,15.2,15.1,15.9,16.0,16.7,15.94,0.62,0.16,89,25,29.4,11.02,0.0,0.8965,-0.4431,16.2,17.0,17.0,station
2026-04-29,16.3,16.2,16.4,17.5,17.3,16.4,16.2,16.4,17.7,17.4,16.74,0.61,-0.08,86,15,31.9,12.37,0.0,0.8887,-0.4585,16.4,19.0,19.0,station
2026-04-30,14.9,16.0,15.1,16.7,15.2,14.5,15.9,13.9,16.4,14.8,15.58,0.75,0.48,67,34,39.6,10.72,1.0,0.8807,-0.4737,15.3,15.0,15.0,station
2026-05-01,14.7,13.5,14.1,14.5,15.8,14.4,13.6,14.4,14.6,15.3,14.52,0.85,0.06,76,10,16.4,12.44,0.0,0.8724,-0.4888,14.1,16.0,16.0,station
2026-05-02,15.8,14.5,15.6,15.9,16.5,15.7,14.6,15.7,16.0,16.5,15.66,0.73,-0.04,79,19,34.4,11.19,0.0,0.8639,-0.5037,15.9,16.0,16.0,station
2026-05-03,14.8,13.8,14.4,15.2,16.3,14.9,13.7,14.7,15.6,16.4,14.9,0.94,-0.16,84,43,21.7,10.02,0.0,0.8551,-0.5185,14.6,16.0,16.0,station
2026-05-04,14.9,14.6,15.1,15.1,16.2,14.8,14.5,15.2,15.5,16.5,15.18,0.61,-0.12,77,25,32.0,9.62,0.0,0.846,-0.5331,15.4,16.0,16.0,station
2026-05-05,15.3,14.4,15.1,15.4,15.6,15.0,14.6,15.4,15.7,15.6,15.16,0.46,-0.1,74,31,34.0,9.6,0.0,0.8367,-0.5476,15.3,16.0,16.0,station
2026-05-06,16.0,16.2,16.4,16.5,16.6,16.1,16.1,15.7,16.4,17.4,16.34,0.24,0.0,88,24,38.1,9.64,0.2,0.8272,-0.5619,17.2,17.0,17.0,station
2026-05-07,16.8,17.1,17.3,17.1,18.4,17.2,17.1,17.3,16.7,18.3,17.34,0.62,0.02,87,89,40.1,8.37,0.8,0.8174,-0.5761,17.9,19.0,19.0,station
2026-05-08,17.5,17.4,17.7,18.0,19.1,17.7,17.4,17.8,17.7,18.5,17.94,0.69,0.12,88,99,56.8,3.97,23.2,0.8074,-0.59,18.0,19.0,19.0,station
2026-05-09,16.7,16.7,15.8,17.0,16.7,16.4,17.0,15.4,16.9,15.5,16.58,0.45,0.34,79,30,52.9,9.42,0.3,0.7971,-0.6038,16.7,17.0,17.0,station
2026-05-10,16.9,16.4,17.1,18.6,17.3,16.5,15.9,15.9,17.6,16.2,17.26,0.82,0.84,73,38,34.8,10.22,1.1,0.7866,-0.6175,17.7,19.0,19.0,station
2026-05-11,11.6,12.0,11.7,12.5,11.7,12.5,12.3,11.4,12.8,11.6,11.9,0.37,-0.22,67,60,33.5,6.75,0.2,0.7759,-0.6309,11.5,12.0,12.0,station
2026-05-12,14.9,14.7,14.7,16.2,15.8,15.4,15.0,15.0,16.1,15.4,15.26,0.69,-0.12,71,20,29.8,10.35,0.0,0.7649,-0.6442,15.1,16.0,16.0,station
2026-05-13,13.1,13.4,13.4,13.7,11.7,13.2,13.5,13.3,14.4,12.1,13.06,0.79,-0.24,78,70,33.9,5.63,0.5,0.7537,-0.6572,13.6,14.0,14.0,station
2026-05-14,13.9,13.7,14.0,14.0,13.3,13.9,14.0,13.6,14.0,12.9,13.78,0.29,0.1,82,38,32.5,9.97,0.4,0.7423,-0.6701,14.2,14.0,14.0,station
2026-05-15,12.7,12.6,13.1,13.5,14.6,12.7,12.6,12.9,13.3,13.9,13.3,0.81,0.22,80,78,26.8,5.48,0.0,0.7306,-0.6828,12.7,13.0,13.0,station
2026-05-16,11.9,11.9,11.9,13.1,12.0,11.8,11.7,11.5,13.3,11.8,12.16,0.53,0.14,72,96,26.1,4.82,0.0,0.7188,-0.6952,12.6,13.0,13.0,station
2026-05-17,13.7,12.8,13.6,14.0,13.4,13.2,12.4,13.4,14.0,12.6,13.5,0.45,0.38,74,47,21.9,7.75,0.6,0.7067,-0.7075,13.9,14.0,14.0,station
2026-05-18,14.0,12.8,13.9,14.0,13.9,13.7,12.9,14.0,13.9,12.4,13.72,0.52,0.34,82,21,14.3,9.48,0.0,0.6945,-0.7195,13.1,13.0,13.0,station
2026-05-19,13.6,12.5,13.6,14.5,15.1,13.5,12.5,13.3,14.2,14.6,13.86,0.99,0.24,87,46,19.1,9.31,0.0,0.682,-0.7314,14.5,16.0,16.0,station
2026-05-20,13.8,14.2,14.6,14.9,14.6,13.5,14.1,14.6,15.3,14.8,14.42,0.43,-0.04,81,48,32.6,8.32,0.2,0.6693,-0.743,14.3,15.0,15.0,station
2026-05-21,15.0,15.1,14.6,15.0,15.8,15.4,14.9,15.1,15.4,16.2,15.1,0.44,-0.3,82,78,40.1,7.87,0.0,0.6564,-0.7544,16.3,16.0,16.0,station
2026-05-22,15.2,14.8,15.0,15.2,15.9,14.8,14.7,14.7,15.2,15.2,15.22,0.41,0.3,89,92,24.7,6.89,0.3,0.6433,-0.7656,15.4,16.0,16.0,station
2026-05-23,14.4,14.2,14.0,15.3,15.0,14.1,14.1,13.7,15.4,15.1,14.58,0.55,0.1,87,84,25.8,4.44,0.3,0.6301,-0.7765,14.4,15.0,15.0,station
2026-05-24,14.6,13.6,14.5,14.8,14.5,14.5,13.3,15.4,15.4,14.1,14.4,0.46,-0.14,81,11,16.0,8.72,0.0,0.6166,-0.7873,14.4,15.0,15.0,station
2026-05-25,14.4,14.2,13.9,14.0,14.6,14.4,14.1,13.9,14.1,14.3,14.22,0.29,0.06,82,55,35.8,8.17,0.0,0.603,-0.7978,14.7,15.0,15.0,station
2026-05-26,15.0,15.2,14.2,15.9,16.9,15.4,15.1,14.2,15.4,16.1,15.44,1.02,0.2,79,52,35.8,8.6,0.0,0.5892,-0.808,16.3,16.0,16.0,station
2026-05-27,13.7,14.0,13.3,13.8,14.3,13.6,14.0,13.4,13.6,14.0,13.82,0.37,0.1,81,59,26.2,7.96,0.0,0.5752,-0.818,14.7,15.0,15.0,station
2026-05-28,14.6,14.6,15.2,15.0,16.4,14.9,14.5,15.5,15.0,16.4,15.16,0.74,-0.1,90,35,19.7,8.01,1.3,0.561,-0.8278,16.5,16.0,16.0,station
2026-05-29,14.4,13.1,15.0,15.0,14.3,14.2,13.0,15.1,14.1,14.6,14.36,0.78,0.16,92,80,10.8,7.31,0.0,0.5467,-0.8373,14.4,15.0,15.0,station
2026-05-30,14.9,14.3,14.1,15.0,13.9,14.5,14.1,14.5,15.0,14.9,14.44,0.49,-0.16,83,68,28.7,8.14,0.0,0.5322,-0.8466,15.5,16.0,16.0,station
2026-05-31,17.0,16.9,16.5,17.3,18.1,17.0,16.8,16.6,17.5,18.3,17.16,0.6,-0.08,77,87,38.4,6.14,1.3,0.5176,-0.8556,17.6,18.0,18.0,station
2026-06-01,17.4,17.4,17.1,18.0,19.8,17.6,17.3,17.6,17.5,19.4,17.94,1.09,0.06,79,97,34.7,3.55,4.8,0.5028,-0.8644,18.7,20.0,20.0,station
2026-06-02,17.8,17.0,15.8,18.1,20.1,16.6,17.0,15.9,17.3,17.0,17.76,1.58,1.0,91,67,37.2,3.71,11.1,0.4878,-0.8729,17.5,20.0,20.0,station
2026-06-03,14.5,15.1,14.1,14.9,15.1,14.9,15.1,14.3,14.9,14.4,14.74,0.43,0.02,89,63,23.2,3.26,0.0,0.4728,-0.8812,14.7,15.0,15.0,station
2026-06-04,15.7,16.0,15.9,15.7,15.8,15.6,15.8,15.3,15.6,15.6,15.82,0.13,0.24,86,80,39.8,4.16,3.9,0.4575,-0.8892,16.4,18.0,18.0,station
2026-06-05,15.6,16.3,16.6,16.2,14.4,15.7,16.1,16.4,16.2,15.7,15.82,0.87,-0.2,93,93,51.5,3.21,15.8,0.4422,-0.8969,15.7,18.0,18.0,station
2026-06-06,14.9,15.3,15.1,15.5,,15.3,15.2,14.9,15.2,14.7,15.2,0.26,0.14,92,77,33.5,5.69,10.3,0.4267,-0.9044,15.3,16.0,16.0,station
2026-06-07,13.2,13.4,12.4,13.2,,13.1,13.6,13.2,12.6,13.1,13.05,0.44,-0.07,76,30,25.4,7.73,1.5,0.4111,-0.9116,13.8,14.0,14.0,station
2026-06-08,15.9,16.2,15.3,16.7,,16.1,16.2,14.9,17.1,15.8,16.02,0.59,0.0,72,46,39.2,6.72,0.5,0.3953,-0.9185,17.0,16.0,16.0,station
2026-06-09,12.1,12.4,12.4,12.3,,12.1,12.6,12.6,11.8,12.2,12.3,0.14,0.04,63,43,61.6,6.99,1.7,0.3795,-0.9252,12.3,13.0,13.0,station
2026-06-10,13.5,13.3,13.1,13.7,13.8,13.2,13.3,13.6,14.3,13.5,13.48,0.29,-0.1,70,30,33.9,6.81,0.0,0.3635,-0.9316,13.5,14.0,14.0,station
2026-06-11,13.0,12.6,13.0,13.1,14.0,13.3,12.7,12.7,14.3,13.5,13.14,0.52,-0.16,82,36,24.3,7.41,0.0,0.3474,-0.9377,13.4,14.0,14.0,station
2026-06-12,13.6,13.1,13.3,14.1,13.6,13.5,13.1,13.2,15.1,13.5,13.54,0.38,-0.14,81,27,25.0,7.22,0.0,0.3312,-0.9436,13.4,14.0,14.0,station
2026-06-13,13.5,13.9,13.6,14.4,14.5,13.4,13.5,13.1,14.0,13.9,13.98,0.45,0.4,88,41,27.0,6.07,0.0,0.3149,-0.9491,14.6,14.0,14.0,station
2026-06-14,15.9,15.1,15.3,16.3,16.4,15.7,14.9,15.7,16.2,16.4,15.8,0.58,0.02,87,2,35.0,7.66,0.0,0.2986,-0.9544,16.7,17.0,17.0,station
2026-06-15,15.6,15.0,15.5,15.7,16.2,15.6,15.0,15.1,15.6,15.4,15.6,0.43,0.26,85,42,37.8,6.93,24.4,0.2821,-0.9594,16.5,17.0,17.0,station
2026-06-16,11.8,12.3,11.7,11.6,10.7,11.7,12.4,11.5,11.3,10.8,11.62,0.58,0.08,77,57,32.1,5.09,8.6,0.2656,-0.9641,12.2,12.0,12.0,station
2026-06-17,14.0,14.3,14.0,14.4,14.5,14.2,14.0,13.2,13.5,14.3,14.24,0.23,0.4,71,39,35.2,6.39,0.0,0.2489,-0.9685,14.1,16.0,16.0,station
2026-06-18,13.3,13.4,13.3,13.8,13.8,13.2,13.2,13.2,13.5,13.1,13.52,0.26,0.28,75,29,31.0,7.31,0.0,0.2322,-0.9727,13.9,14.0,14.0,station
2026-06-19,14.3,14.2,13.5,13.7,13.6,14.3,13.9,13.4,13.9,14.1,13.86,0.36,-0.06,73,25,41.5,7.25,0.0,0.2155,-0.9765,14.2,14.0,14.0,station
2026-06-20,15.7,15.7,15.8,16.3,16.1,15.8,15.6,16.0,15.9,15.8,15.92,0.27,0.1,89,85,55.7,5.59,0.2,0.1986,-0.9801,16.0,17.0,17.0,station
2026-06-21,15.4,15.6,15.5,16.3,15.3,15.3,15.4,15.6,16.1,15.3,15.62,0.4,0.08,89,83,40.0,5.36,10.7,0.1818,-0.9833,15.6,17.0,17.0,station
2026-06-22,13.0,12.2,12.9,13.0,11.9,12.8,12.1,13.1,12.8,11.9,12.6,0.51,0.06,75,12,22.7,7.62,0.0,0.1648,-0.9863,12.6,14.0,14.0,station
2026-06-23,13.6,13.0,12.9,13.4,13.3,13.3,12.9,12.9,13.4,13.3,13.24,0.29,0.08,80,66,23.3,6.49,0.3,0.1478,-0.989,13.7,14.0,14.0,station
2026-06-24,16.2,15.0,15.7,15.9,16.0,16.7,14.8,15.5,16.3,16.7,15.76,0.46,-0.24,75,96,20.0,5.49,2.4,0.1308,-0.9914,16.2,16.0,16.0,station
2026-06-25,11.2,13.8,11.5,12.7,13.3,12.0,13.8,11.8,11.9,12.4,12.5,1.12,0.12,85,99,61.9,0.64,23.1,0.1137,-0.9935,12.4,13.0,13.0,station
2026-06-26,9.8,11.0,9.7,9.5,11.0,10.6,11.1,9.9,9.9,9.5,10.2,0.74,0.0,85,100,74.0,1.4,23.6,0.0966,-0.9953,10.1,11.0,11.0,station
2026-06-27,10.7,11.8,10.5,11.2,11.9,10.4,12.1,10.0,10.8,10.4,11.22,0.63,0.48,88,99,57.6,1.65,6.7,0.0795,-0.9968,10.5,11.0,11.0,station
2026-06-28,10.6,11.0,10.4,10.5,10.7,10.8,11.2,11.0,11.1,10.2,10.64,0.23,-0.22,82,99,38.2,1.75,1.8,0.0623,-0.9981,10.5,11.0,11.0,station
2026-06-29,10.7,11.4,11.3,11.1,10.4,11.2,11.5,11.2,11.4,10.4,10.98,0.42,-0.16,80,81,32.4,4.55,3.7,0.0451,-0.999,11.0,12.0,12.0,station
2026-06-30,11.8,10.3,10.9,11.4,10.8,11.5,10.4,11.9,11.3,10.4,11.04,0.58,-0.06,76,39,14.7,7.54,0.0,0.028,-0.9996,10.9,12.0,12.0,station
2026-07-01,10.8,9.9,10.3,11.2,11.6,10.8,10.0,10.6,11.6,11.7,10.76,0.68,-0.18,83,24,17.3,7.7,0.0,0.0108,-0.9999,11.3,12.0,12.0,station
2026-07-02,10.8,11.7,11.9,12.2,12.4,10.7,11.5,12.1,12.5,12.7,11.8,0.62,-0.1,81,26,27.8,6.94,0.0,-0.0065,-1.0,12.0,13.0,13.0,station
2026-07-03,12.2,12.5,13.4,13.3,13.6,11.8,12.5,13.3,12.7,12.7,13.0,0.61,0.4,85,16,33.8,7.73,0.0,-0.0237,-0.9997,13.4,13.0,13.0,station
2026-07-04,12.7,13.4,12.8,13.3,13.1,12.8,13.3,12.8,13.0,13.1,13.06,0.3,0.06,78,62,45.2,7.48,0.8,-0.0408,-0.9992,12.9,13.0,13.0,station
2026-07-05,13.6,13.2,13.4,13.9,12.7,13.1,13.0,13.1,14.0,13.9,13.36,0.45,-0.06,83,75,45.0,5.29,5.5,-0.058,-0.9983,13.5,14.0,14.0,station
2026-07-06,12.5,12.8,12.3,12.9,13.6,12.4,12.9,13.3,12.6,12.5,12.82,0.5,0.08,88,99,62.6,1.44,4.6,-0.0752,-0.9972,12.3,13.0,13.0,station
2026-07-07,12.6,13.2,12.6,13.1,13.7,13.1,13.1,12.4,14.0,13.3,13.04,0.46,-0.14,90,98,41.8,2.2,15.3,-0.0923,-0.9957,12.5,13.0,13.0,station
2026-07-08,11.9,12.6,11.6,12.0,13.2,11.3,12.5,11.7,12.1,12.6,12.26,0.64,0.22,88,86,52.8,4.63,14.3,-0.1094,-0.994,11.9,13.0,13.0,station
2026-07-09,10.7,11.6,10.4,10.7,10.3,10.5,11.5,10.3,10.3,11.7,10.74,0.51,-0.12,77,88,60.3,2.91,6.1,-0.1265,-0.992,10.4,11.0,11.0,station
2026-07-10,9.8,10.0,8.7,9.4,8.9,9.0,9.8,8.8,9.5,8.5,9.36,0.56,0.24,74,91,48.6,4.4,1.3,-0.1436,-0.9896,9.7,10.0,10.0,station
2026-07-11,9.5,9.7,9.9,10.4,9.4,9.5,9.7,9.9,10.5,9.8,9.78,0.4,-0.1,75,80,24.0,3.06,0.7,-0.1606,-0.987,9.7,10.0,10.0,station
2026-07-12,10.0,9.5,10.1,10.9,9.8,10.1,9.7,10.3,11.0,10.2,10.06,0.52,-0.2,75,20,17.9,8.61,0.0,-0.1775,-0.9841,10.3,11.0,11.0,station
2026-07-13,12.3,12.3,12.6,12.3,13.2,12.2,12.2,12.4,12.4,12.6,12.54,0.39,0.18,83,54,40.9,7.7,0.8,-0.1944,-0.9809,12.6,13.0,13.0,station
2026-07-14,14.1,13.3,14.1,14.1,14.2,14.1,13.1,13.9,14.2,14.1,13.96,0.37,0.08,89,33,41.0,7.95,4.3,-0.2113,-0.9774,14.5,15.0,15.0,station
2026-07-15,14.1,13.8,13.7,14.7,15.2,14.3,13.4,14.3,14.5,15.2,14.3,0.64,-0.04,90,57,34.4,7.55,0.0,-0.2281,-0.9736,15.0,16.0,16.0,station
2026-07-16,14.7,14.0,14.6,16.4,14.5,14.6,13.6,14.3,15.6,14.5,14.84,0.91,0.32,81,19,37.4,8.64,0.1,-0.2448,-0.9696,15.5,16.0,16.0,station
2026-07-17,13.3,12.2,12.8,13.5,13.3,12.9,12.0,13.2,13.7,13.0,13.02,0.53,0.06,84,8,32.0,8.9,0.0,-0.2614,-0.9652,13.6,15.0,15.0,station
2026-07-18,13.4,13.4,12.3,14.4,13.6,13.5,13.2,11.9,14.5,13.7,13.42,0.75,0.06,80,12,32.5,9.0,0.0,-0.278,-0.9606,14.1,15.0,15.0,station
2026-07-19,12.9,13.3,12.6,13.0,14.6,13.6,13.2,12.6,12.7,15.0,13.28,0.78,-0.14,80,31,27.7,8.63,0.0,-0.2945,-0.9557,13.1,13.0,13.0,station
2026-07-20,11.1,11.0,10.9,10.9,11.0,11.3,11.1,11.2,11.0,11.4,10.98,0.08,-0.22,73,36,23.4,7.5,0.0,-0.3109,-0.9505,10.7,12.0,12.0,station
2026-07-21,10.9,11.3,11.0,12.0,12.2,11.3,11.2,11.1,11.6,12.0,11.48,0.59,0.04,84,66,27.9,7.41,0.0,-0.3272,-0.945,11.1,11.0,11.0,station
2026-07-22,12.9,11.8,13.0,13.4,13.1,12.9,11.7,11.8,13.5,14.4,12.84,0.61,-0.02,87,18,21.1,9.06,0.0,-0.3434,-0.9392,12.7,14.0,14.0,station
2026-07-23,12.8,12.8,12.8,13.6,13.8,13.0,12.6,13.0,13.3,14.0,13.16,0.5,-0.02,86,53,38.6,7.78,0.0,-0.3595,-0.9332,13.4,14.0,14.0,station
2026-07-24,12.8,13.4,12.9,13.1,12.8,12.7,13.2,13.0,13.5,13.0,13.0,0.25,-0.08,86,64,46.5,4.9,4.5,-0.3755,-0.9268,13.4,14.0,14.0,station
2026-07-25,11.7,12.1,11.4,11.9,11.3,11.4,12.0,11.3,11.4,11.6,11.68,0.33,0.14,84,86,46.4,2.37,7.3,-0.3914,-0.9202,11.8,12.0,12.0,station
2026-07-26,9.6,9.5,9.3,9.2,8.6,9.2,9.1,8.9,9.2,8.7,9.24,0.39,0.22,67,43,26.8,6.34,0.2,-0.4071,-0.9134,9.6,10.0,10.0,station
2026-07-27,10.0,10.0,9.3,10.2,10.4,9.9,9.9,9.7,10.3,9.9,9.98,0.41,0.04,71,2,11.1,10.04,0.0,-0.4228,-0.9062,10.0,11.0,11.0,station
2026-07-28,10.8,10.6,11.6,11.3,11.7,10.7,10.5,10.6,11.4,11.6,11.2,0.48,0.24,83,21,14.7,9.97,0.0,-0.4383,-0.8988,11.0,9.0,9.0,station
