datum,era5_max,rh_gem,bewolking_gem,wind_max,instraling_som,neerslag_som,station_max
2000-01-01,8.5,80,44,14.0,8.62,0.5,
2000-01-02,10.5,62,2,12.9,11.43,0.0,9.4
2000-01-03,9.5,82,71,12.2,10.32,0.0,1.0
2000-01-04,3.1,64,99,13.5,2.43,0.0,
2000-01-05,3.3,71,87,14.8,2.88,0.5,1.0
2000-01-06,8.4,48,37,13.4,10.34,0.0,
2000-01-07,-0.7,42,36,13.2,5.5,0.0,
2000-01-08,4.3,67,66,8.4,9.25,0.0,-0.8
2000-01-09,7.9,76,45,11.6,11.58,0.3,
2000-01-10,1.4,90,88,18.9,2.13,9.3,-0.2
2000-01-11,-0.3,92,96,22.1,3.19,9.4,-1.3
2000-01-12,0.3,85,63,9.3,11.0,0.0,-1.0
2000-01-13,-0.7,88,91,10.4,8.51,0.0,-2.4
2000-01-14,-0.1,85,74,8.5,8.96,1.3,-2.1
2000-01-15,-1.1,91,97,9.8,5.94,4.9,-2.5
2000-01-16,0.2,86,94,12.9,7.76,0.0,-1.2
2000-01-17,4.1,81,49,8.4,11.95,0.0,-0.2
2000-01-18,5.4,62,15,19.3,13.21,0.0,5.8
2000-01-19,1.4,51,3,15.3,13.65,0.0,1.7
2000-01-20,1.5,60,21,13.0,12.98,0.0,-0.7
2000-01-21,-0.9,76,85,12.6,4.05,2.6,-2.3
2000-01-22,2.9,78,44,9.2,12.9,0.0,2.3
2000-01-23,1.8,81,70,14.2,7.66,0.2,-3.6
2000-01-24,-1.9,71,83,22.5,9.82,0.1,-3.8
2000-01-25,-1.4,56,39,6.5,13.33,0.0,-2.4
2000-01-26,0.4,53,0,9.3,13.87,0.0,-0.8
2000-01-27,1.8,51,22,10.4,14.2,0.0,2.2
2000-01-28,4.2,53,94,10.7,10.87,0.0,1.7
2000-01-29,5.2,45,33,17.8,13.56,0.0,4.4
2000-01-30,0.7,35,50,15.9,13.54,0.0,0.6
2000-01-31,-0.6,36,82,13.0,10.2,0.0,-3.5
2000-02-01,1.5,44,16,10.1,14.29,0.0,-0.8
2000-02-02,4.7,60,26,9.4,14.03,0.0,3.6
2000-02-03,5.0,70,36,8.8,14.05,0.0,1.7
2000-02-04,5.4,70,92,6.5,10.05,0.0,1.3
2000-02-05,9.5,71,5,13.5,14.72,0.0,8.4
2000-02-06,11.6,59,29,11.8,14.28,0.0,11.3
2000-02-07,6.4,34,0,26.0,15.84,0.0,6.1
2000-02-08,2.4,38,35,24.4,15.76,0.0,1.0
2000-02-09,6.6,52,51,10.2,14.54,0.0,5.6
2000-02-10,12.0,72,18,9.5,15.41,0.0,10.7
2000-02-11,11.3,76,48,7.7,14.77,0.0,8.1
2000-02-12,14.4,76,29,10.3,15.06,0.0,12.0
2000-02-13,9.2,86,71,12.1,6.36,0.6,6.0
2000-02-14,11.2,57,83,15.7,15.25,0.0,
2000-02-15,8.3,59,20,10.5,16.44,0.0,8.3
2000-02-16,11.1,64,34,11.8,15.8,0.0,9.9
2000-02-17,12.1,73,60,11.3,12.63,0.0,8.5
2000-02-18,4.8,87,98,19.0,3.14,4.4,4.2
2000-02-19,6.9,83,90,15.5,7.73,0.0,
2000-02-20,7.7,62,59,7.3,11.92,0.0,5.2
2000-02-21,8.2,66,67,13.5,10.12,0.0,6.0
2000-02-22,9.5,68,93,10.2,11.79,0.0,7.8
2000-02-23,11.1,68,59,12.7,11.94,0.0,8.0
2000-02-24,9.1,59,89,12.2,10.16,0.0,4.3
2000-02-25,10.0,49,39,33.0,18.03,0.4,9.0
2000-02-26,12.6,33,0,16.8,18.8,0.0,13.7
2000-02-27,15.3,45,25,10.4,18.55,0.0,15.7
2000-02-28,10.4,53,58,21.9,18.05,0.0,8.5
2000-02-29,12.6,64,40,15.2,18.18,0.0,12.8
2000-03-01,14.7,57,66,16.3,16.62,0.0,14.2
2000-03-02,15.4,61,66,14.7,15.05,0.0,15.3
2000-03-03,17.4,61,72,11.4,16.03,0.0,15.9
2000-03-04,15.1,49,65,24.1,17.25,0.0,
2000-03-05,16.7,44,18,9.5,19.16,0.0,15.6
2000-03-06,13.5,38,28,19.9,19.48,0.0,12.3
2000-03-07,14.6,42,61,9.4,16.18,0.0,14.3
2000-03-08,14.1,48,83,9.2,19.74,0.0,13.4
2000-03-09,16.4,46,94,11.5,18.75,0.0,15.6
2000-03-10,13.1,53,92,11.6,11.0,0.0,12.4
2000-03-11,15.3,64,18,13.5,20.39,0.0,14.1
2000-03-12,15.4,69,48,16.0,19.33,0.0,14.2
2000-03-13,16.4,68,88,11.4,18.18,0.0,13.5
2000-03-14,17.1,61,63,16.3,14.69,0.0,15.6
2000-03-15,18.3,55,74,19.1,18.26,0.0,16.9
2000-03-16,20.0,49,55,12.0,20.95,0.0,20.0
2000-03-17,20.6,48,71,14.8,13.19,0.0,20.8
2000-03-18,24.6,42,36,23.4,21.0,0.0,
2000-03-19,15.4,28,6,18.3,22.22,0.0,13.5
2000-03-20,17.4,42,47,10.8,19.36,0.0,13.9
2000-03-21,14.7,50,81,16.4,6.66,0.2,12.4
2000-03-22,15.7,52,62,12.3,11.7,0.6,12.4
2000-03-23,17.8,18,61,22.7,22.62,0.0,16.8
2000-03-24,19.4,26,28,10.3,23.38,0.0,17.7
2000-03-25,22.1,23,77,15.8,22.54,0.0,22.1
2000-03-26,24.3,18,8,20.5,23.71,0.0,24.4
2000-03-27,23.4,24,22,39.3,20.71,0.0,24.0
2000-03-28,20.2,18,0,22.7,23.88,0.0,20.2
2000-03-29,22.1,26,2,18.0,23.36,0.0,
2000-03-30,27.0,48,3,11.5,22.38,0.0,24.2
2000-03-31,24.4,34,28,22.6,23.05,0.0,22.1
2000-04-01,16.6,61,100,16.3,3.56,6.9,15.0
2000-04-02,17.2,72,75,9.2,17.08,0.2,13.3
2000-04-03,19.6,62,93,11.2,15.41,0.0,17.3
2000-04-04,25.3,53,58,24.5,21.99,0.0,
2000-04-05,17.0,25,21,17.7,25.16,0.0,16.9
2000-04-06,22.4,38,80,17.3,19.84,0.0,22.9
2000-04-07,21.7,29,67,16.6,23.82,0.0,20.0
2000-04-08,23.5,60,75,13.0,18.92,6.2,19.8
2000-04-09,25.6,57,65,29.6,22.89,0.2,24.7
2000-04-10,17.8,35,71,10.2,24.17,0.0,17.4
2000-04-11,22.8,36,54,16.4,21.33,0.0,22.8
2000-04-12,29.6,43,3,17.6,24.94,0.0,30.0
2000-04-13,25.2,48,28,31.9,24.19,0.4,21.0
2000-04-14,12.1,59,95,27.1,8.83,8.5,
2000-04-15,20.0,55,15,12.5,25.43,0.0,20.8
2000-04-16,24.4,41,1,11.6,26.07,0.0,25.2
2000-04-17,26.7,59,34,18.7,24.49,2.1,25.4
2000-04-18,26.0,72,71,15.7,21.63,1.4,24.3
2000-04-19,26.3,73,66,16.3,22.51,0.0,
2000-04-20,25.0,40,40,24.6,18.81,0.0,25.0
2000-04-21,28.9,28,49,17.4,24.77,0.0,
2000-04-22,26.4,28,26,19.5,26.79,0.0,
2000-04-23,25.9,39,49,13.0,25.31,0.0,23.6
2000-04-24,29.0,54,37,19.4,24.8,0.2,
2000-04-25,28.2,30,100,24.5,18.73,0.0,24.8
2000-04-26,24.7,23,17,15.9,27.13,0.0,25.0
2000-04-27,27.8,36,53,15.2,26.06,0.0,25.4
2000-04-28,28.8,38,59,19.1,26.34,0.0,27.4
2000-04-29,26.0,36,81,24.2,21.99,0.0,26.1
2000-04-30,30.3,27,67,14.5,26.0,0.0,30.8
2000-05-01,32.4,27,60,15.0,26.3,0.0,29.1
2000-05-02,31.7,39,35,19.2,26.21,0.0,29.9
2000-05-03,33.3,25,5,20.7,27.58,0.0,32.5
2000-05-04,36.1,35,20,23.2,26.95,0.0,
2000-05-05,27.2,42,50,35.6,25.13,0.0,23.8
2000-05-06,24.9,39,59,18.3,27.53,0.6,22.9
2000-05-07,27.5,36,11,13.9,27.67,0.0,27.1
2000-05-08,29.9,56,77,17.5,21.52,3.6,25.3
2000-05-09,29.4,57,43,20.9,25.45,2.0,28.0
2000-05-10,28.0,48,10,14.4,27.88,0.0,28.9
2000-05-11,23.9,65,52,21.9,13.86,8.4,
2000-05-12,29.4,46,4,27.0,27.51,0.0,28.0
2000-05-13,25.8,61,57,12.6,25.87,0.3,23.7
2000-05-14,25.6,71,70,12.7,16.32,7.0,22.8
2000-05-15,23.7,80,91,19.9,11.17,0.1,20.4
2000-05-16,26.7,65,62,8.8,21.65,0.0,24.7
2000-05-17,30.2,59,56,19.8,23.04,0.5,31.4
2000-05-18,30.1,28,32,26.0,28.77,0.0,30.6
2000-05-19,31.7,25,0,18.7,28.94,0.0,32.6
2000-05-20,36.3,37,4,19.0,28.24,0.0,36.5
2000-05-21,37.7,36,17,22.1,26.62,0.0,38.5
2000-05-22,36.2,37,95,18.0,25.21,0.0,30.1
2000-05-23,36.0,37,83,17.4,22.04,0.0,34.3
2000-05-24,33.7,50,50,22.4,20.05,0.1,33.6
2000-05-25,28.2,58,70,18.9,16.91,0.0,28.1
2000-05-26,29.8,61,44,14.5,18.93,0.2,26.9
2000-05-27,26.1,56,84,23.1,20.45,0.0,25.0
2000-05-28,27.5,46,95,14.2,10.02,0.0,27.0
2000-05-29,22.5,60,81,16.3,9.09,0.2,21.3
2000-05-30,31.7,62,77,18.6,24.6,0.0,32.7
2000-05-31,35.9,57,26,22.5,28.16,0.0,36.9
2000-06-01,31.2,66,100,18.9,13.68,1.2,
2000-06-02,24.1,94,99,21.0,1.66,46.0,
2000-06-03,24.5,80,98,20.5,7.44,11.6,22.5
2000-06-04,27.1,68,43,9.4,21.86,0.0,29.1
2000-06-05,28.3,70,22,13.5,24.43,0.0,30.7
2000-06-06,29.7,66,17,13.2,28.28,0.0,32.5
2000-06-07,33.0,62,71,17.6,23.79,0.0,34.1
2000-06-08,33.1,52,34,16.5,26.35,0.0,35.7
2000-06-09,28.9,55,77,26.5,25.07,0.0,28.1
2000-06-10,29.6,55,55,11.8,25.14,0.0,28.7
2000-06-11,30.4,70,25,12.3,25.21,1.4,32.0
2000-06-12,29.3,65,20,13.6,26.09,6.7,29.4
2000-06-13,31.6,50,48,13.2,29.18,0.0,33.6
2000-06-14,32.8,52,82,20.6,23.48,0.0,33.9
2000-06-15,33.3,54,80,17.9,25.19,0.0,34.6
2000-06-16,32.5,54,41,11.6,25.36,0.0,32.3
2000-06-17,32.2,52,46,16.0,26.42,0.0,31.2
2000-06-18,33.0,49,89,12.8,25.75,0.0,32.6
2000-06-19,33.8,46,89,5.9,19.72,0.0,
2000-06-20,33.8,56,79,11.8,24.37,3.7,30.6
2000-06-21,31.7,74,87,11.9,21.2,5.5,31.1
2000-06-22,27.4,84,97,6.8,12.79,13.2,25.7
2000-06-23,31.0,73,40,10.0,21.28,0.0,31.1
2000-06-24,31.2,78,90,16.4,20.19,4.6,32.3
2000-06-25,23.7,98,100,17.2,1.26,97.5,26.7
2000-06-26,25.8,88,100,19.8,5.81,21.3,27.8
2000-06-27,28.1,85,100,12.4,11.43,8.0,31.7
2000-06-28,25.8,90,99,6.9,8.6,27.1,27.0
2000-06-29,31.7,79,32,11.2,26.74,0.0,34.4
2000-06-30,33.3,73,10,11.2,26.81,0.0,35.9
2000-07-01,33.4,79,93,12.4,22.24,0.0,36.2
2000-07-02,30.8,79,41,11.4,20.49,3.6,34.3
2000-07-03,26.7,92,94,15.7,5.14,23.9,25.4
2000-07-04,25.9,95,99,10.4,3.82,74.1,24.6
2000-07-05,26.1,94,95,10.7,5.86,61.4,
2000-07-06,27.1,94,96,12.3,7.58,51.8,24.9
2000-07-07,29.0,85,98,13.0,13.95,13.4,28.9
2000-07-08,30.9,78,51,8.1,22.37,0.4,31.6
2000-07-09,31.2,81,72,11.0,21.77,1.7,30.7
2000-07-10,29.4,87,42,8.3,19.48,8.3,30.7
2000-07-11,30.9,83,69,15.0,20.09,0.3,32.5
2000-07-12,27.2,80,100,12.6,6.57,1.6,28.1
2000-07-13,29.6,88,98,9.1,12.34,17.3,31.8
2000-07-14,26.3,94,99,11.5,6.21,34.2,26.3
2000-07-15,30.2,91,99,17.3,8.83,72.5,
2000-07-16,33.5,82,95,15.1,18.08,8.0,
2000-07-17,33.8,80,54,14.0,23.36,0.4,34.3
2000-07-18,30.7,89,83,15.1,14.09,9.1,32.7
2000-07-19,29.4,91,76,13.5,10.16,10.2,32.0
2000-07-20,30.1,88,70,10.4,14.51,0.8,31.3
2000-07-21,32.1,80,73,20.1,20.51,0.0,32.6
2000-07-22,32.4,82,99,17.2,16.24,1.0,33.6
2000-07-23,30.9,90,82,6.8,12.35,4.9,31.4
2000-07-24,33.0,86,61,12.1,21.31,0.6,34.2
2000-07-25,32.5,83,79,9.9,19.67,0.3,33.6
2000-07-26,32.3,86,87,12.7,17.34,2.3,33.6
2000-07-27,33.3,83,96,14.8,18.05,10.2,34.4
2000-07-28,31.3,86,94,20.0,14.55,19.8,31.6
2000-07-29,29.7,72,74,17.3,16.35,0.0,29.4
2000-07-30,30.0,58,6,17.6,26.55,0.0,32.5
2000-07-31,33.1,69,5,10.9,26.59,0.0,36.8
2000-08-01,31.7,78,54,11.2,20.24,0.4,33.1
2000-08-02,30.0,80,68,9.7,17.88,0.4,31.2
2000-08-03,27.8,85,95,11.8,12.77,1.3,25.8
2000-08-04,24.3,94,100,16.4,2.04,28.1,23.9
2000-08-05,24.3,91,99,15.1,5.7,24.4,23.1
2000-08-06,26.9,87,88,10.4,11.3,5.3,22.2
2000-08-07,28.9,84,91,7.3,15.19,0.0,27.4
2000-08-08,30.8,89,95,6.5,13.65,6.6,27.1
2000-08-09,30.7,89,92,9.2,16.51,7.0,31.7
2000-08-10,31.9,87,86,12.5,19.61,2.2,
2000-08-11,31.2,88,79,11.1,15.6,1.0,
2000-08-12,29.5,86,91,13.2,16.11,1.7,
2000-08-13,30.2,85,63,13.9,14.31,0.1,29.9
2000-08-14,31.8,84,46,5.0,20.34,0.0,
2000-08-15,30.4,88,74,11.9,15.92,16.0,30.4
2000-08-16,31.9,82,28,7.7,22.82,0.1,33.9
2000-08-17,30.4,83,96,10.6,18.28,1.1,31.7
2000-08-18,25.7,92,97,13.7,5.98,6.0,26.4
2000-08-19,28.5,82,38,15.4,16.73,0.0,29.8
2000-08-20,28.8,76,7,11.2,24.78,0.0,29.4
2000-08-21,28.7,77,82,9.6,22.5,0.0,28.7
2000-08-22,27.4,79,97,9.0,11.75,3.8,28.3
2000-08-23,29.8,78,55,8.0,21.74,2.5,31.4
2000-08-24,27.6,85,58,16.6,12.83,4.9,
2000-08-25,29.5,74,21,18.3,23.2,0.0,32.1
2000-08-26,30.6,72,42,8.6,22.61,0.0,30.3
2000-08-27,30.2,71,17,8.5,23.75,0.0,31.0
2000-08-28,28.5,84,34,14.5,17.49,1.3,29.7
2000-08-29,28.7,79,30,14.3,20.74,0.0,29.1
2000-08-30,26.9,90,59,13.5,9.91,9.8,28.7
2000-08-31,28.1,80,47,19.3,16.03,0.2,29.1
2000-09-01,30.2,79,4,10.7,22.5,0.0,32.8
2000-09-02,29.9,78,35,15.5,18.15,0.0,31.1
2000-09-03,28.4,82,74,16.1,11.36,11.0,29.1
2000-09-04,29.5,88,72,8.3,12.39,16.4,28.8
2000-09-05,23.7,85,98,31.2,1.98,35.1,23.8
2000-09-06,22.8,61,85,12.9,14.81,0.0,
2000-09-07,23.6,69,59,12.1,16.89,0.0,25.6
2000-09-08,25.0,74,13,9.2,22.5,0.0,
2000-09-09,22.8,73,94,7.5,11.22,0.0,23.1
2000-09-10,22.8,77,83,5.6,11.85,0.0,23.2
2000-09-11,24.4,73,72,8.2,15.3,0.0,23.5
2000-09-12,26.5,59,36,10.5,20.58,0.0,28.2
2000-09-13,26.8,65,20,14.4,21.89,0.0,27.9
2000-09-14,27.1,68,4,11.0,21.48,0.0,27.2
2000-09-15,27.8,69,3,7.9,21.64,0.0,29.4
2000-09-16,31.2,70,10,12.7,21.43,0.0,32.7
2000-09-17,31.7,67,4,10.5,21.69,0.2,33.6
2000-09-18,30.9,73,69,13.8,20.12,0.0,32.5
2000-09-19,28.6,76,93,9.2,13.29,1.4,30.3
2000-09-20,26.3,83,91,11.2,12.57,16.6,28.2
2000-09-21,23.4,90,80,11.8,9.95,8.9,20.1
2000-09-22,24.2,86,91,6.6,8.03,0.5,24.4
2000-09-23,26.6,88,95,8.0,9.87,13.3,28.8
2000-09-24,21.4,95,100,25.8,1.89,24.9,
2000-09-25,21.1,72,99,24.4,6.37,0.0,22.8
2000-09-26,20.5,80,94,16.6,4.33,5.4,
2000-09-27,17.3,81,99,19.5,3.16,4.1,15.7
2000-09-28,20.2,75,79,13.0,11.38,2.7,19.4
2000-09-29,23.7,70,92,11.2,13.6,0.0,24.3
2000-09-30,22.1,82,96,8.2,7.77,4.2,24.1
2000-10-01,19.2,96,100,8.3,1.42,12.9,19.7
2000-10-02,23.7,81,58,9.2,13.09,0.0,24.6
2000-10-03,25.0,78,17,11.2,16.68,0.0,26.3
2000-10-04,25.3,77,66,9.1,16.68,0.0,26.5
2000-10-05,24.4,77,69,8.3,11.35,0.2,24.0
2000-10-06,25.2,76,29,14.9,15.59,0.0,26.3
2000-10-07,26.5,79,41,12.1,15.71,0.0,28.2
2000-10-08,20.7,72,67,22.8,8.92,0.2,
2000-10-09,16.3,83,93,15.8,2.1,5.6,16.6
2000-10-10,13.8,93,100,15.1,1.78,10.9,13.9
2000-10-11,14.5,89,100,25.0,1.9,24.8,17.4
2000-10-12,13.2,64,98,15.3,7.27,0.2,12.5
2000-10-13,13.4,63,94,8.7,8.51,0.0,12.1
2000-10-14,18.5,68,31,11.3,16.51,0.0,19.0
2000-10-15,19.3,69,43,9.0,16.55,0.0,20.0
2000-10-16,17.1,70,89,7.4,6.55,0.0,15.7
2000-10-17,21.2,75,2,9.4,16.82,0.0,22.4
2000-10-18,16.7,80,64,16.1,8.38,0.0,14.9
2000-10-19,18.2,79,81,8.9,7.7,0.8,19.1
2000-10-20,20.5,77,56,14.0,12.61,0.0,19.9
2000-10-21,18.6,82,97,11.5,6.94,7.0,17.0
2000-10-22,17.6,91,100,12.7,3.19,4.3,13.4
2000-10-23,16.0,87,100,11.4,4.23,6.3,14.9
2000-10-24,15.6,93,100,14.0,2.01,14.2,17.3
2000-10-25,12.6,67,87,14.6,2.9,5.0,11.4
2000-10-26,11.4,68,79,9.0,3.96,1.3,10.9
2000-10-27,9.6,80,99,9.0,1.25,4.7,11.7
2000-10-28,13.2,86,98,7.6,4.46,0.8,
2000-10-29,15.0,54,37,29.2,15.21,0.0,15.0
2000-10-30,16.3,68,5,15.7,15.21,0.0,16.7
2000-10-31,16.4,55,19,16.6,14.74,0.0,16.9
2000-11-01,15.6,65,0,10.0,15.14,0.0,17.2
2000-11-02,18.5,71,0,12.7,14.75,0.0,19.4
2000-11-03,18.4,76,28,13.3,14.22,0.5,19.4
2000-11-04,20.1,60,29,19.8,14.37,0.0,
2000-11-05,21.2,69,14,19.1,14.07,0.2,23.0
2000-11-06,20.7,69,82,19.1,10.82,0.3,18.5
2000-11-07,15.1,31,90,28.7,6.67,0.4,13.7
2000-11-08,2.6,74,100,21.7,2.6,5.0,
2000-11-09,3.5,86,99,16.1,1.4,2.3,
2000-11-10,4.6,61,99,17.1,5.44,1.2,2.7
2000-11-11,7.4,65,85,12.1,11.38,0.8,8.1
2000-11-12,10.8,50,15,13.4,13.84,0.0,11.1
2000-11-13,11.8,67,48,14.8,11.82,0.0,
2000-11-14,8.4,83,96,8.6,3.05,0.9,7.5
2000-11-15,5.7,89,100,22.0,1.62,11.2,6.8
2000-11-16,6.8,80,57,17.9,10.39,1.5,5.4
2000-11-17,12.9,75,28,8.7,12.7,0.0,12.3
2000-11-18,9.4,77,97,13.7,6.71,1.3,
2000-11-19,9.4,69,91,21.3,5.12,0.5,8.9
2000-11-20,10.9,43,22,20.5,12.64,0.0,11.7
2000-11-21,12.1,68,0,16.2,12.15,0.0,12.7
2000-11-22,12.5,74,11,13.4,11.94,0.0,12.4
2000-11-23,12.5,87,49,8.4,8.03,0.0,11.5
2000-11-24,11.9,90,71,8.5,8.41,0.0,9.1
2000-11-25,14.0,88,71,10.0,9.74,0.0,12.6
2000-11-26,11.0,76,60,12.8,8.87,0.2,10.3
2000-11-27,14.9,74,76,9.7,10.57,0.0,15.8
2000-11-28,9.9,89,85,9.1,5.37,0.0,5.3
2000-11-29,10.5,86,90,7.9,3.45,0.0,10.4
2000-11-30,9.0,83,93,11.5,4.62,1.0,5.6
2000-12-01,9.2,82,94,9.1,3.96,0.6,7.9
2000-12-02,12.3,77,36,18.2,8.84,0.0,10.6
2000-12-03,10.0,66,14,9.5,11.37,0.0,9.8
2000-12-04,14.5,57,20,15.3,11.3,0.0,15.1
2000-12-05,10.9,69,55,9.7,10.76,0.0,9.8
2000-12-06,12.8,86,51,8.2,9.7,0.0,12.7
2000-12-07,11.8,88,76,7.4,7.21,0.0,8.2
2000-12-08,13.5,86,79,11.7,8.41,0.0,7.2
2000-12-09,12.0,85,83,22.0,8.21,0.0,9.2
2000-12-10,6.5,48,95,20.0,8.72,0.0,5.7
2000-12-11,4.5,67,97,8.0,5.22,0.3,1.6
2000-12-12,7.4,64,76,10.2,8.94,0.0,7.6
2000-12-13,10.3,73,0,11.7,10.91,0.0,10.0
2000-12-14,11.5,75,18,11.7,10.8,0.0,9.2
2000-12-15,12.7,74,19,12.3,10.41,0.0,9.7
2000-12-16,6.6,66,98,9.7,8.04,0.1,6.6
2000-12-17,8.8,80,65,12.9,7.78,0.3,7.9
2000-12-18,11.4,80,83,10.9,7.32,0.0,7.2
2000-12-19,5.6,62,97,18.1,3.0,1.2,4.2
2000-12-20,10.6,60,18,15.9,11.03,0.0,10.6
2000-12-21,13.2,56,0,16.8,11.05,0.0,15.9
2000-12-22,12.5,52,21,21.7,9.15,0.0,11.2
2000-12-23,11.5,48,11,12.8,10.73,0.0,10.6
2000-12-24,13.3,52,0,19.8,11.11,0.0,14.2
2000-12-25,8.1,66,17,14.3,10.68,0.0,5.7
2000-12-26,6.5,77,56,12.6,8.33,0.0,3.0
2000-12-27,6.2,80,68,14.8,8.86,0.0,2.9
2000-12-28,4.3,70,31,10.7,10.93,0.0,2.7
2000-12-29,5.6,87,84,10.0,3.45,1.4,5.0
2000-12-30,12.2,71,12,17.6,11.04,0.0,12.8
2000-12-31,7.7,81,47,10.6,8.95,0.0,3.7
2001-01-01,10.7,61,99,16.0,5.95,0.0,
2001-01-02,10.1,49,77,11.5,9.75,0.0,9.2
2001-01-03,4.7,56,18,14.0,11.2,0.0,2.6
2001-01-04,1.6,74,71,7.4,4.54,0.0,-1.1
2001-01-05,2.8,78,99,15.9,3.35,2.2,-0.7
2001-01-06,-1.0,91,99,22.3,2.58,15.4,-1.3
2001-01-07,0.9,89,45,11.1,11.58,1.8,0.8
2001-01-08,0.3,95,99,14.3,2.26,13.7,0.4
2001-01-09,0.4,86,69,12.6,11.97,0.0,2.5
2001-01-10,7.0,77,0,12.8,12.37,0.0,8.1
2001-01-11,3.2,85,36,14.8,12.1,0.0,-3.4
2001-01-12,2.8,78,65,10.6,6.46,0.0,5.1
2001-01-13,1.0,72,40,17.2,11.7,0.0,-1.2
2001-01-14,0.8,66,7,10.8,12.69,0.0,-0.4
2001-01-15,1.2,65,2,9.4,12.36,0.0,-0.6
2001-01-16,3.7,77,15,10.2,11.87,0.0,0.3
2001-01-17,4.7,84,18,11.0,12.61,0.0,-1.7
2001-01-18,4.9,88,49,13.8,9.28,0.0,
2001-01-19,2.5,81,95,12.6,7.73,0.0,
2001-01-20,6.6,81,29,9.0,12.78,0.0,-0.3
2001-01-21,4.5,92,100,9.3,4.1,3.4,-1.1
2001-01-22,1.1,89,100,17.1,3.77,1.5,-1.6
2001-01-23,-1.7,86,100,20.0,2.83,8.3,-3.1
2001-01-24,0.3,85,98,16.2,6.61,1.8,
2001-01-25,-1.4,80,99,24.3,4.62,3.5,-1.3
2001-01-26,2.3,78,30,9.9,13.88,0.5,1.0
2001-01-27,6.0,66,76,15.6,11.26,0.0,5.2
2001-01-28,2.1,51,32,19.4,14.65,0.0,2.5
2001-01-29,5.9,57,28,11.5,14.36,0.0,7.2
2001-01-30,5.9,61,47,11.7,14.37,0.0,6.1
2001-01-31,7.9,45,87,23.1,9.54,0.1,5.9
2001-02-01,6.6,42,83,15.3,12.79,0.0,5.6
2001-02-02,10.0,62,72,11.6,12.22,0.0,8.4
2001-02-03,7.3,75,76,18.8,10.68,0.0,3.0
2001-02-04,6.3,77,49,10.2,13.86,0.0,0.3
2001-02-05,2.7,88,100,17.4,2.56,7.5,-0.9
2001-02-06,-1.4,79,92,20.4,8.21,0.0,-2.7
2001-02-07,0.2,72,45,12.6,14.65,0.0,-2.0
2001-02-08,7.5,74,59,12.2,15.34,0.0,3.8
2001-02-09,10.7,66,29,10.9,15.68,0.0,5.7
2001-02-10,12.0,71,24,20.9,15.18,0.0,0.3
2001-02-11,1.1,77,100,28.1,4.24,5.8,-0.6
2001-02-12,-1.1,86,98,20.8,5.35,5.4,-1.1
2001-02-13,6.5,73,59,16.9,14.0,0.1,7.4
2001-02-14,12.1,60,0,16.5,16.57,0.0,12.1
2001-02-15,11.7,45,2,21.5,16.9,0.0,12.0
2001-02-16,8.5,51,31,15.5,16.73,0.0,7.6
2001-02-17,10.8,67,51,9.3,11.49,0.0,8.9
2001-02-18,16.1,78,1,10.1,16.69,0.0,15.4
2001-02-19,14.7,80,61,11.3,11.59,0.0,14.1
2001-02-20,10.9,85,95,8.2,7.23,0.0,10.0
2001-02-21,17.4,79,20,11.2,17.19,0.0,18.8
2001-02-22,15.4,88,72,9.9,11.09,8.9,9.6
2001-02-23,10.1,73,93,30.4,9.13,1.5,7.2
2001-02-24,5.7,58,24,10.9,17.46,0.0,5.6
2001-02-25,6.9,66,71,12.5,17.52,0.0,7.0
2001-02-26,4.5,82,82,8.6,5.67,1.6,4.4
2001-02-27,12.6,73,92,10.0,16.82,0.0,12.4
2001-02-28,14.6,64,57,15.8,15.27,0.0,15.2
2001-03-01,18.3,49,29,12.6,19.08,0.0,19.3
2001-03-02,16.9,62,97,20.2,11.51,0.0,16.8
2001-03-03,12.9,17,20,36.9,19.66,0.0,
2001-03-04,15.1,30,24,19.9,20.2,0.0,17.0
2001-03-05,17.9,57,75,10.3,15.29,0.0,18.3
2001-03-06,13.6,39,70,18.4,17.3,0.0,12.9
2001-03-07,8.7,37,13,13.5,19.24,0.0,
2001-03-08,9.0,30,0,18.4,20.97,0.0,10.6
2001-03-09,17.0,47,30,17.4,20.65,0.0,
2001-03-10,12.7,58,24,22.4,20.55,0.0,11.5
2001-03-11,18.2,54,6,15.0,20.63,0.0,19.4
2001-03-12,18.9,52,13,11.7,20.96,0.0,20.6
2001-03-13,22.2,57,25,20.9,20.08,0.0,22.5
2001-03-14,19.2,51,16,28.3,20.16,0.0,
2001-03-15,9.0,49,98,10.6,9.44,2.6,8.7
2001-03-16,7.8,79,92,10.9,9.28,5.2,7.2
2001-03-17,19.2,56,41,18.1,19.86,0.0,19.8
2001-03-18,19.8,37,75,13.9,17.23,0.0,21.3
2001-03-19,22.4,37,56,15.9,18.64,0.0,
2001-03-20,23.0,31,20,19.0,22.42,0.0,23.8
2001-03-21,26.8,47,7,16.8,22.09,0.0,28.5
2001-03-22,17.4,29,55,23.0,19.2,0.0,17.9
2001-03-23,19.9,48,78,13.3,19.95,0.0,18.5
2001-03-24,23.6,58,97,9.8,15.39,0.0,24.6
2001-03-25,18.3,40,79,25.1,21.24,0.0,19.4
2001-03-26,15.9,51,38,20.8,21.79,3.0,13.1
2001-03-27,9.1,58,48,27.9,16.66,0.1,9.0
2001-03-28,14.2,44,62,19.2,21.31,0.0,14.8
2001-03-29,20.1,44,0,18.1,23.87,0.0,22.4
2001-03-30,15.2,38,0,25.7,23.61,0.0,13.1
2001-03-31,15.0,48,0,11.1,23.15,0.0,14.1
2001-04-01,20.0,60,3,16.9,23.14,0.0,19.4
2001-04-02,25.8,61,2,20.9,22.98,0.0,
2001-04-03,16.2,44,86,20.5,6.9,0.0,15.7
2001-04-04,19.1,50,89,11.5,22.09,0.0,18.3
2001-04-05,22.0,52,63,17.6,22.08,0.0,18.5
2001-04-06,14.2,62,68,16.7,12.07,1.8,12.2
2001-04-07,21.9,72,16,15.5,23.66,0.0,22.1
2001-04-08,22.7,77,62,15.2,16.19,0.4,22.0
2001-04-09,18.6,75,95,27.2,8.56,2.3,15.7
2001-04-10,12.8,56,100,25.0,7.82,6.1,11.0
2001-04-11,16.7,27,19,25.0,25.89,0.0,16.8
2001-04-12,22.0,35,0,18.0,25.71,0.0,22.9
2001-04-13,19.8,50,23,26.0,24.02,0.0,17.1
2001-04-14,22.1,49,3,13.8,25.73,0.0,23.7
2001-04-15,25.2,38,7,16.3,26.36,0.0,26.7
2001-04-16,29.2,50,42,18.4,25.12,0.0,29.7
2001-04-17,29.0,54,1,18.1,25.47,0.0,28.8
2001-04-18,28.4,56,83,21.3,22.99,0.0,28.1
2001-04-19,24.9,55,58,41.4,23.25,0.0,21.7
2001-04-20,15.3,24,100,23.9,6.82,0.0,13.6
2001-04-21,16.7,31,100,13.1,9.76,0.0,17.9
2001-04-22,21.8,42,31,19.0,26.03,0.0,20.9
2001-04-23,17.5,58,98,24.8,5.29,0.7,16.7
2001-04-24,19.1,41,70,19.2,22.95,0.0,18.2
2001-04-25,21.0,42,25,13.3,25.75,0.0,20.6
2001-04-26,24.3,48,53,18.6,20.78,0.0,23.1
2001-04-27,22.8,64,86,13.3,16.07,0.8,21.4
2001-04-28,22.6,76,80,16.1,14.46,0.7,19.4
2001-04-29,20.4,74,75,17.4,10.63,0.0,20.6
2001-04-30,22.4,56,95,14.3,16.46,0.0,
2001-05-01,27.6,42,25,14.7,26.94,0.0,27.6
2001-05-02,29.4,52,45,13.9,24.12,0.3,26.9
2001-05-03,29.7,59,51,14.1,23.42,0.0,27.9
2001-05-04,24.8,68,99,11.2,7.97,0.0,22.1
2001-05-05,27.6,57,63,15.2,25.84,0.0,27.4
2001-05-06,26.7,67,88,13.2,19.69,0.0,25.7
2001-05-07,25.1,71,77,9.3,16.05,1.1,27.1
2001-05-08,32.1,44,61,19.2,26.72,0.0,31.4
2001-05-09,26.1,36,82,14.4,22.54,0.0,26.4
2001-05-10,31.5,49,25,17.1,26.06,0.8,31.5
2001-05-11,28.5,58,36,12.7,25.29,0.2,
2001-05-12,30.9,52,91,16.4,20.58,0.0,30.1
2001-05-13,32.4,42,40,19.2,23.26,0.0,31.2
2001-05-14,33.5,47,67,12.7,22.48,1.8,
2001-05-15,28.6,28,35,15.9,26.22,0.0,29.6
2001-05-16,28.9,30,84,21.7,13.95,0.0,
2001-05-17,28.7,40,100,16.5,18.36,0.0,
2001-05-18,32.3,31,72,13.8,28.21,0.0,33.6
2001-05-19,35.3,28,78,14.1,26.99,0.0,35.6
2001-05-20,35.6,32,82,12.7,26.06,0.0,35.9
2001-05-21,33.6,48,77,11.4,20.59,0.9,30.8
2001-05-22,30.9,61,10,10.3,27.3,0.0,29.9
2001-05-23,34.1,52,78,12.8,26.66,0.0,33.4
2001-05-24,28.8,52,89,21.2,11.12,0.0,26.4
2001-05-25,31.5,52,56,13.6,18.28,0.1,29.4
2001-05-26,28.3,43,99,11.4,15.43,0.0,27.7
2001-05-27,29.6,54,87,14.5,21.52,0.0,31.1
2001-05-28,33.5,48,83,18.7,23.48,0.0,34.4
2001-05-29,28.5,49,99,24.1,14.86,0.0,30.3
2001-05-30,27.6,54,37,22.1,23.87,0.0,24.0
2001-05-31,30.1,50,88,10.0,26.85,0.0,30.8
2001-06-01,33.6,43,90,13.8,25.04,0.0,35.0
2001-06-02,32.1,45,100,16.6,21.16,0.0,
2001-06-03,30.2,50,98,18.7,22.43,0.0,31.2
2001-06-04,31.1,47,22,14.4,28.23,0.0,30.8
2001-06-05,33.4,41,9,13.2,28.37,0.0,32.9
2001-06-06,35.4,46,82,17.5,26.88,0.0,34.4
2001-06-07,35.5,40,95,16.3,27.43,0.0,34.9
2001-06-08,33.6,48,94,14.8,23.89,0.0,32.0
2001-06-09,29.5,69,98,14.7,8.97,2.8,28.6
2001-06-10,32.8,52,38,14.4,25.26,0.0,32.0
2001-06-11,31.9,49,93,8.0,22.28,0.0,32.1
2001-06-12,26.1,60,76,17.8,11.27,0.9,25.6
2001-06-13,32.5,57,53,13.2,26.74,0.0,31.6
2001-06-14,33.2,56,31,18.8,25.65,0.3,32.3
2001-06-15,32.7,66,75,19.7,16.59,0.4,31.0
2001-06-16,26.4,84,100,13.0,9.32,6.0,29.6
2001-06-17,27.5,78,62,14.0,16.59,7.8,31.6
2001-06-18,31.2,70,35,8.0,25.57,1.1,33.1
2001-06-19,32.6,66,48,17.7,25.83,0.0,31.0
2001-06-20,32.0,68,99,9.5,17.63,0.0,29.4
2001-06-21,31.3,73,63,15.6,18.95,0.2,32.6
2001-06-22,32.8,59,35,16.9,26.32,0.3,32.0
2001-06-23,31.1,63,45,14.3,25.37,0.0,30.3
2001-06-24,31.2,71,73,8.9,22.27,2.0,28.0
2001-06-25,31.9,68,53,12.8,24.37,0.0,30.9
2001-06-26,33.8,62,47,14.8,23.56,0.0,
2001-06-27,36.7,58,55,16.9,25.8,0.0,37.4
2001-06-28,32.3,78,98,18.4,11.68,20.5,32.7
2001-06-29,30.0,78,98,14.5,14.37,25.6,29.0
2001-06-30,34.2,67,22,15.5,28.26,0.0,
2001-07-01,36.4,68,7,18.6,28.05,0.0,38.0
2001-07-02,34.0,70,79,18.4,19.16,0.5,34.0
2001-07-03,30.5,80,96,13.7,9.31,4.4,27.3
2001-07-04,34.8,73,16,9.1,27.43,0.0,34.9
2001-07-05,33.7,66,0,15.8,28.2,0.0,34.8
2001-07-06,33.2,60,4,19.7,27.89,0.0,
2001-07-07,33.3,57,3,12.0,28.35,0.0,33.1
2001-07-08,36.3,62,28,18.9,24.88,0.0,36.1
2001-07-09,37.6,67,77,19.5,21.93,23.2,37.9
2001-07-10,32.2,67,94,13.9,22.09,2.1,31.5
2001-07-11,27.5,80,88,16.8,9.34,18.7,28.9
2001-07-12,34.0,71,12,10.6,27.23,0.0,35.3
2001-07-13,33.4,72,5,10.5,26.81,0.0,33.4
2001-07-14,31.7,71,26,13.8,21.14,0.3,31.5
2001-07-15,32.6,69,17,9.7,23.53,0.0,33.2
2001-07-16,33.7,56,9,11.0,26.69,0.0,33.1
2001-07-17,34.4,49,39,12.3,27.46,0.0,32.6
2001-07-18,34.1,50,55,12.5,26.43,0.0,32.4
2001-07-19,34.9,55,49,10.1,22.66,0.0,34.2
2001-07-20,33.5,72,89,13.3,17.0,9.7,31.0
2001-07-21,30.8,86,89,7.6,15.48,19.3,28.4
2001-07-22,28.9,90,96,15.7,8.82,4.5,29.7
2001-07-23,31.7,90,93,13.8,14.99,33.2,27.8
2001-07-24,30.8,89,96,12.8,15.41,29.6,29.9
2001-07-25,30.8,86,75,12.3,18.92,3.3,32.3
2001-07-26,29.8,92,96,13.7,9.7,38.0,31.2
2001-07-27,29.4,90,100,20.6,9.09,11.4,25.4
2001-07-28,25.5,87,95,11.4,12.67,19.8,28.0
2001-07-29,27.4,90,99,11.2,8.56,5.2,25.9
2001-07-30,24.7,87,77,11.3,7.08,12.2,25.0
2001-07-31,29.8,80,18,10.3,25.37,0.0,30.0
2001-08-01,29.9,80,30,17.0,22.72,0.2,30.8
2001-08-02,29.2,78,36,9.3,23.75,0.0,29.9
2001-08-03,30.3,79,44,8.8,23.88,0.0,31.1
2001-08-04,30.9,85,32,8.9,18.7,0.6,31.9
2001-08-05,32.2,84,62,9.0,21.71,0.6,32.3
2001-08-06,34.5,81,56,8.2,22.9,1.0,36.2
2001-08-07,34.3,87,84,16.1,19.51,30.4,34.2
2001-08-08,28.6,83,86,20.3,11.49,0.3,28.7
2001-08-09,27.4,78,87,6.8,13.31,0.0,
2001-08-10,29.3,75,21,10.0,24.27,0.0,30.7
2001-08-11,28.8,75,5,11.5,24.7,0.0,
2001-08-12,29.0,71,12,7.2,22.56,0.0,
2001-08-13,29.2,70,62,7.8,20.55,0.0,30.6
2001-08-14,30.2,73,60,14.2,22.42,0.3,31.0
2001-08-15,29.4,82,68,17.5,20.75,3.6,
2001-08-16,28.2,80,68,8.1,15.9,0.5,27.9
2001-08-17,29.8,84,48,9.0,19.22,3.0,30.0
2001-08-18,29.3,88,85,11.7,12.99,1.3,30.1
2001-08-19,29.9,83,98,10.7,14.0,1.9,28.5
2001-08-20,24.9,81,86,11.7,7.33,4.1,28.7
2001-08-21,31.9,74,32,10.2,23.81,0.0,33.8
2001-08-22,34.0,74,41,9.3,24.19,0.0,36.1
2001-08-23,34.1,72,6,8.3,25.02,0.0,31.8
2001-08-24,33.5,73,53,7.7,19.52,0.4,32.0
2001-08-25,30.8,74,26,17.1,22.03,0.3,29.4
2001-08-26,28.4,70,51,20.9,19.63,0.0,28.0
2001-08-27,28.0,61,72,13.4,22.0,0.0,27.1
2001-08-28,27.9,64,84,10.2,19.27,0.0,26.0
2001-08-29,25.8,73,78,9.6,13.13,0.7,25.7
2001-08-30,25.4,83,100,12.5,11.03,3.5,24.2
2001-08-31,26.6,81,57,9.7,16.89,1.8,25.4
2001-09-01,28.0,74,26,7.4,20.87,0.0,29.4
2001-09-02,28.7,70,45,13.3,19.79,0.0,29.3
2001-09-03,28.3,66,98,7.7,15.46,0.0,27.1
2001-09-04,28.8,69,37,9.7,18.67,0.0,28.9
2001-09-05,31.5,69,16,14.2,21.93,0.7,31.8
2001-09-06,29.5,62,7,13.8,23.12,0.0,29.2
2001-09-07,26.9,54,99,11.3,14.06,0.0,27.0
2001-09-08,28.4,60,63,15.8,17.59,0.0,26.2
2001-09-09,27.1,67,47,13.4,18.24,0.0,26.2
2001-09-10,27.3,56,67,16.6,18.07,0.0,27.4
2001-09-11,27.1,56,3,15.7,23.03,0.0,27.3
2001-09-12,27.8,56,54,7.0,17.84,0.0,27.6
2001-09-13,28.3,67,35,7.9,14.53,0.0,30.1
2001-09-14,28.9,67,26,10.0,17.14,0.0,29.8
2001-09-15,28.1,61,37,7.3,14.61,0.0,28.7
2001-09-16,31.0,59,18,10.0,20.85,0.0,32.0
2001-09-17,24.0,75,78,16.3,3.2,1.9,26.6
2001-09-18,22.8,47,85,19.5,3.81,0.0,24.3
2001-09-19,20.6,45,93,21.8,5.14,0.0,19.4
2001-09-20,22.3,65,93,15.4,11.39,0.0,16.9
2001-09-21,17.9,83,100,18.7,4.55,3.6,16.4
2001-09-22,24.2,73,69,10.0,8.63,1.1,22.1
2001-09-23,26.0,67,46,5.2,18.84,0.0,25.3
2001-09-24,26.5,70,82,15.3,12.69,1.2,26.6
2001-09-25,25.0,58,40,15.0,20.64,0.0,25.0
2001-09-26,24.9,48,43,6.4,18.28,0.0,24.8
2001-09-27,26.3,57,4,14.7,20.09,0.0,26.1
2001-09-28,25.3,63,33,16.1,18.33,0.0,24.4
2001-09-29,18.7,76,85,15.1,3.17,1.3,18.5
2001-09-30,25.8,65,4,13.7,19.14,0.0,26.3
2001-10-01,27.6,54,54,8.2,18.25,0.0,27.7
2001-10-02,24.6,63,95,19.6,7.3,0.6,21.2
2001-10-03,23.3,56,37,25.5,19.0,0.0,23.7
2001-10-04,20.8,61,7,8.6,19.41,0.0,21.1
2001-10-05,23.6,53,99,14.1,15.56,0.0,22.5
2001-10-06,19.5,63,83,11.1,5.64,1.9,19.6
2001-10-07,19.7,78,86,15.4,6.62,1.9,17.4
2001-10-08,23.8,67,38,16.7,11.81,0.0,22.6
2001-10-09,24.2,40,0,24.4,19.16,0.0,24.9
2001-10-10,23.2,53,26,10.0,18.45,0.0,22.8
2001-10-11,23.5,59,58,10.9,11.96,0.0,19.4
2001-10-12,20.5,70,89,15.8,4.99,1.8,
2001-10-13,18.5,71,100,13.9,3.26,0.0,17.0
2001-10-14,17.2,79,100,8.4,2.45,3.4,16.8
2001-10-15,22.8,72,74,9.5,15.58,0.0,
2001-10-16,22.4,68,81,14.1,9.18,0.2,19.4
2001-10-17,21.9,57,23,8.5,15.51,0.0,20.1
2001-10-18,23.0,52,12,14.6,16.41,0.0,23.0
2001-10-19,21.0,55,67,14.7,6.74,0.4,20.6
2001-10-20,18.7,66,83,7.8,5.45,0.2,20.3
2001-10-21,21.7,69,76,7.9,13.01,0.0,23.0
2001-10-22,24.6,71,75,9.1,14.8,0.0,25.4
2001-10-23,24.2,72,27,12.4,15.67,0.0,
2001-10-24,23.9,77,55,11.8,11.49,2.6,22.9
2001-10-25,17.8,90,100,14.4,1.52,25.6,16.1
2001-10-26,18.8,77,98,17.7,5.81,0.7,17.1
2001-10-27,22.4,73,49,17.3,9.03,1.9,
2001-10-28,18.3,54,0,21.6,15.28,0.0,18.4
2001-10-29,17.3,58,1,9.5,15.45,0.0,18.6
2001-10-30,19.0,66,11,11.8,14.01,0.0,19.2
2001-10-31,20.9,75,54,11.6,8.21,0.0,21.1
2001-11-01,13.8,46,85,20.9,9.24,0.0,13.4
2001-11-02,12.5,75,100,6.3,2.52,1.6,9.7
2001-11-03,15.8,76,98,11.4,9.44,0.0,14.9
2001-11-04,14.5,80,99,10.0,3.96,1.1,13.9
2001-11-05,15.6,45,33,19.1,14.58,0.0,
2001-11-06,13.9,53,62,13.7,10.81,0.0,15.0
2001-11-07,15.1,52,89,11.4,10.2,0.0,15.1
2001-11-08,17.9,65,64,16.1,13.12,0.0,17.2
2001-11-09,13.7,59,7,16.6,13.56,0.0,13.4
2001-11-10,16.0,67,35,10.7,12.07,0.0,16.2
2001-11-11,19.2,61,0,13.9,13.42,0.0,
2001-11-12,15.7,75,53,8.6,11.31,0.0,13.3
2001-11-13,13.7,51,25,31.8,13.3,0.0,14.7
2001-11-14,14.3,61,0,13.0,13.24,0.0,15.6
2001-11-15,13.7,53,1,13.0,13.07,0.0,14.0
2001-11-16,15.2,54,0,11.0,13.0,0.0,16.2
2001-11-17,15.0,61,0,6.2,12.7,0.0,15.6
2001-11-18,16.9,60,0,12.4,12.74,0.0,
2001-11-19,16.9,49,0,13.9,12.59,0.0,17.5
2001-11-20,17.1,62,0,9.5,12.34,0.0,18.5
2001-11-21,18.4,68,0,11.2,12.26,0.0,
2001-11-22,18.2,69,15,13.1,10.31,0.0,19.1
2001-11-23,20.3,70,16,15.5,11.55,0.0,20.7
2001-11-24,18.5,40,46,19.3,12.01,0.0,18.4
2001-11-25,8.6,57,45,22.2,6.05,0.0,8.8
2001-11-26,8.4,43,49,10.0,9.22,0.0,8.8
2001-11-27,9.7,48,43,8.0,8.82,0.0,10.0
2001-11-28,14.0,57,73,6.6,9.61,0.0,10.4
2001-11-29,12.7,53,36,12.0,11.04,0.0,10.6
2001-11-30,12.5,62,76,7.4,10.68,0.0,10.6
2001-12-01,14.2,61,23,23.2,11.17,0.0,8.6
2001-12-02,2.6,68,91,14.2,1.46,9.3,3.4
2001-12-03,4.5,81,93,15.6,5.23,7.6,3.8
2001-12-04,2.3,80,96,16.3,1.47,6.5,
2001-12-05,1.4,88,100,15.0,4.54,4.0,2.4
2001-12-06,2.8,57,69,16.5,11.25,0.0,3.1
2001-12-07,3.9,74,56,11.9,8.48,0.2,1.0
2001-12-08,6.2,79,56,10.1,8.11,0.6,1.0
2001-12-09,2.1,91,98,19.2,2.79,7.5,1.8
2001-12-10,1.2,87,99,15.4,2.27,3.4,1.1
2001-12-11,1.0,94,100,14.0,1.43,8.2,0.2
2001-12-12,4.2,69,53,23.6,9.23,1.3,3.2
2001-12-13,0.6,49,22,17.6,9.08,0.0,1.2
2001-12-14,3.9,55,10,13.8,11.21,0.0,6.1
2001-12-15,2.3,71,79,7.5,5.13,0.0,
2001-12-16,5.7,73,78,7.9,7.95,0.0,6.3
2001-12-17,3.5,67,91,18.1,6.59,0.4,2.9
2001-12-18,2.1,69,91,10.3,4.02,0.0,0.1
2001-12-19,1.4,71,99,11.6,2.32,0.8,-0.3
2001-12-20,3.1,60,78,25.0,7.1,0.3,3.2
2001-12-21,3.8,39,8,16.3,11.41,0.0,4.1
2001-12-22,6.5,49,0,13.8,11.31,0.0,7.2
2001-12-23,4.5,55,3,9.4,10.95,0.0,4.3
2001-12-24,1.2,50,24,20.7,10.99,0.0,
2001-12-25,1.3,39,39,7.3,10.99,0.0,1.5
2001-12-26,4.1,56,55,7.8,8.42,0.0,3.6
2001-12-27,5.6,64,1,9.8,10.98,0.0,4.8
2001-12-28,8.0,42,7,19.9,11.34,0.0,7.8
2001-12-29,10.5,46,0,20.5,11.45,0.0,10.9
2001-12-30,12.3,64,25,10.0,11.31,0.0,
2001-12-31,9.8,51,48,13.5,11.23,0.0,7.7
2002-01-01,8.0,56,2,12.4,11.2,0.0,
2002-01-02,12.3,47,0,13.3,11.64,0.0,13.1
2002-01-03,10.8,49,0,18.2,11.47,0.0,
2002-01-04,14.4,34,0,24.5,11.8,0.0,15.3
2002-01-05,13.9,48,9,16.4,11.63,0.0,16.5
2002-01-06,16.0,52,43,27.4,10.53,0.0,17.1
2002-01-07,8.2,57,6,9.0,11.87,0.0,7.0
2002-01-08,10.6,67,0,9.4,11.69,0.0,8.9
2002-01-09,16.0,66,4,15.6,11.72,0.0,15.4
2002-01-10,17.9,48,0,17.7,12.1,0.0,18.9
2002-01-11,17.2,64,0,11.3,12.14,0.0,
2002-01-12,13.8,84,63,17.4,7.53,0.6,6.8
2002-01-13,7.9,59,96,16.3,5.02,0.0,5.8
2002-01-14,8.0,82,99,12.9,3.3,0.6,3.7
2002-01-15,8.2,77,99,24.3,5.41,1.4,5.8
2002-01-16,7.1,58,75,19.2,11.44,0.2,3.5
2002-01-17,5.4,60,99,6.2,7.59,0.0,5.1
2002-01-18,7.3,63,65,8.0,11.73,0.0,6.5
2002-01-19,10.7,62,94,14.1,10.48,0.0,9.8
2002-01-20,9.2,26,38,27.0,12.81,0.0,8.1
2002-01-21,8.5,29,0,15.8,13.63,0.0,8.2
2002-01-22,6.5,41,0,12.8,13.49,0.0,6.0
2002-01-23,6.7,45,9,12.7,13.54,0.0,6.2
2002-01-24,8.4,53,72,10.3,12.52,0.0,6.8
2002-01-25,6.6,60,74,7.6,10.41,0.0,4.9
2002-01-26,9.8,66,35,9.1,13.35,0.0,6.8
2002-01-27,7.3,72,88,7.7,8.66,0.0,5.3
2002-01-28,8.7,61,40,10.0,13.46,0.0,6.3
2002-01-29,9.6,33,42,20.3,14.32,0.0,9.2
2002-01-30,9.9,38,13,12.0,14.39,0.0,9.3
2002-01-31,10.3,47,74,15.1,10.91,0.0,9.4
2002-02-01,10.2,36,1,20.5,14.83,0.0,
2002-02-02,12.6,47,0,11.7,14.86,0.0,
2002-02-03,12.4,55,53,13.2,13.04,0.0,12.3
2002-02-04,14.1,58,44,10.4,14.4,0.0,14.0
2002-02-05,16.2,59,0,12.8,14.98,0.0,
2002-02-06,13.7,54,77,15.1,9.48,0.0,12.3
2002-02-07,14.2,58,48,11.9,14.3,0.0,14.0
2002-02-08,10.2,38,56,24.2,14.92,0.0,10.3
2002-02-09,9.5,49,42,12.0,8.97,0.0,11.2
2002-02-10,13.4,31,1,17.1,16.19,0.0,13.2
2002-02-11,15.8,37,48,11.3,15.34,0.0,15.0
2002-02-12,18.7,38,1,18.5,16.29,0.0,18.2
2002-02-13,12.4,39,70,15.0,11.65,0.0,10.3
2002-02-14,10.1,52,83,9.5,9.82,0.0,9.3
2002-02-15,13.6,52,57,12.3,14.85,0.0,12.8
2002-02-16,17.4,53,36,14.1,15.04,0.0,16.9
2002-02-17,17.9,45,1,13.5,16.73,0.0,
2002-02-18,10.2,51,63,15.9,10.34,0.0,7.1
2002-02-19,11.3,52,72,10.8,15.61,0.0,10.2
2002-02-20,13.9,63,89,19.0,13.15,0.0,9.7
2002-02-21,19.1,63,51,17.1,16.95,0.0,16.8
2002-02-22,15.3,60,62,14.8,11.54,0.0,12.4
2002-02-23,14.1,40,25,9.7,17.66,0.0,13.9
2002-02-24,13.6,56,25,17.8,17.21,0.0,12.7
2002-02-25,15.6,62,88,7.5,12.15,0.2,14.3
2002-02-26,15.3,63,70,10.6,12.36,0.3,12.4
2002-02-27,14.6,55,91,10.3,11.82,0.4,11.3
2002-02-28,15.9,65,38,11.8,18.03,0.0,15.3
2002-03-01,11.9,78,82,11.9,7.22,3.4,10.4
2002-03-02,8.3,70,99,27.9,10.97,3.6,8.1
2002-03-03,5.1,55,98,15.5,7.42,1.1,3.4
2002-03-04,2.6,86,99,12.4,4.49,6.9,1.8
2002-03-05,13.3,48,32,25.3,18.94,0.0,12.5
2002-03-06,17.0,36,15,16.5,19.61,0.0,16.3
2002-03-07,15.4,36,0,13.5,20.22,0.0,
2002-03-08,18.2,55,0,20.0,19.72,0.0,
2002-03-09,22.3,70,1,11.9,19.53,0.0,22.0
2002-03-10,16.6,52,96,22.2,12.42,0.1,15.8
2002-03-11,19.4,71,60,8.9,14.58,0.5,18.7
2002-03-12,22.1,76,37,14.0,18.71,0.0,21.3
2002-03-13,15.7,93,98,11.0,4.83,3.9,13.2
2002-03-14,23.4,63,62,16.4,19.64,0.0,22.9
2002-03-15,20.5,37,79,16.9,16.14,0.0,20.1
2002-03-16,21.3,42,83,19.8,16.0,0.0,20.9
2002-03-17,18.5,27,46,24.0,21.38,0.0,17.6
2002-03-18,21.2,51,42,13.4,20.41,0.0,20.0
2002-03-19,25.0,61,7,14.0,21.27,0.0,25.7
2002-03-20,17.9,62,63,28.0,6.17,3.5,16.5
2002-03-21,14.8,57,69,12.0,10.66,1.2,13.6
2002-03-22,16.4,35,14,16.2,22.53,0.0,16.4
2002-03-23,18.3,46,86,10.1,15.88,0.0,16.5
2002-03-24,17.9,43,38,15.5,21.77,0.0,16.2
2002-03-25,18.6,57,58,17.5,18.58,0.5,16.6
2002-03-26,22.7,65,35,14.7,21.46,0.2,21.5
2002-03-27,18.3,71,72,14.5,13.69,0.2,18.1
2002-03-28,23.9,69,49,15.2,21.11,0.0,22.9
2002-03-29,26.9,66,60,18.7,20.74,2.4,28.8
2002-03-30,23.3,25,26,22.7,23.72,0.0,23.8
2002-03-31,26.3,39,0,22.6,23.73,0.0,27.2
2002-04-01,27.8,60,12,12.6,22.03,0.0,27.3
2002-04-02,30.6,64,9,10.1,22.96,0.0,29.7
2002-04-03,22.8,66,78,27.7,17.15,0.0,18.2
2002-04-04,20.9,59,99,15.5,11.21,0.9,17.2
2002-04-05,16.9,88,92,15.0,2.39,6.6,13.9
2002-04-06,26.2,71,10,17.7,23.83,0.0,25.4
2002-04-07,18.4,41,65,21.5,9.51,0.4,18.2
2002-04-08,17.5,23,23,23.5,22.78,0.0,17.4
2002-04-09,16.7,28,48,17.2,21.22,0.0,
2002-04-10,18.0,40,85,12.6,16.12,0.0,19.6
2002-04-11,24.7,45,19,18.4,24.82,0.0,
2002-04-12,22.9,51,0,15.4,25.23,0.0,22.2
2002-04-13,30.4,53,1,30.3,25.01,0.0,31.7
2002-04-14,32.3,50,0,23.3,24.6,0.0,32.6
2002-04-15,23.8,46,61,34.1,20.2,2.0,23.0
2002-04-16,22.9,41,44,20.7,25.57,0.0,
2002-04-17,18.5,28,99,13.3,19.73,0.0,18.7
2002-04-18,21.3,46,25,18.7,25.77,0.0,
2002-04-19,22.7,59,100,17.5,19.27,0.0,23.5
2002-04-20,25.2,66,35,18.1,24.97,0.0,25.1
2002-04-21,28.8,66,2,26.0,25.4,0.0,27.4
2002-04-22,26.4,75,71,27.5,13.4,1.1,20.4
2002-04-23,13.8,64,100,23.4,4.9,1.8,13.7
2002-04-24,16.2,32,100,22.1,17.78,0.0,15.0
2002-04-25,14.1,40,99,13.3,8.78,0.0,13.8
2002-04-26,12.0,61,100,11.0,3.52,0.3,13.9
2002-04-27,12.5,70,100,8.9,2.34,0.0,12.9
2002-04-28,12.5,93,100,10.7,1.51,10.8,12.1
2002-04-29,19.6,77,67,10.4,16.38,1.5,19.0
2002-04-30,19.9,70,63,20.9,13.98,0.0,20.1
2002-05-01,20.9,70,87,15.6,17.08,11.6,18.5
2002-05-02,21.0,72,73,13.4,17.51,3.2,18.3
2002-05-03,23.6,72,68,7.9,21.79,0.0,22.9
2002-05-04,22.5,79,99,17.5,11.91,2.8,21.2
2002-05-05,16.5,90,100,21.4,2.01,29.5,14.8
2002-05-06,13.4,84,77,20.7,7.06,8.8,14.7
2002-05-07,20.7,74,64,8.0,23.64,0.0,20.4
2002-05-08,19.6,79,100,12.9,14.1,0.0,21.1
2002-05-09,20.2,79,91,11.4,9.05,0.2,20.3
2002-05-10,23.8,78,86,13.8,16.66,0.1,24.4
2002-05-11,28.2,73,48,18.1,26.24,0.0,28.7
2002-05-12,27.7,74,96,16.2,19.94,0.0,28.4
2002-05-13,21.2,89,100,15.5,5.32,13.5,
2002-05-14,16.4,93,100,22.5,1.58,28.2,
2002-05-15,20.0,71,77,21.2,13.95,1.2,19.4
2002-05-16,22.7,68,23,16.5,22.71,0.5,23.1
2002-05-17,22.3,71,16,16.7,21.89,0.0,24.0
2002-05-18,22.5,72,95,6.6,16.8,0.0,23.1
2002-05-19,25.3,69,52,10.6,22.46,0.0,26.5
2002-05-20,20.0,85,96,13.1,4.09,2.4,20.8
2002-05-21,18.9,78,79,9.0,5.93,0.0,19.9
2002-05-22,25.0,72,28,14.5,25.32,0.0,26.3
2002-05-23,27.8,66,78,8.0,23.0,0.0,29.4
2002-05-24,29.3,59,79,12.4,23.9,0.0,30.6
2002-05-25,30.8,59,33,10.2,26.3,0.4,
2002-05-26,32.0,62,33,13.5,27.72,0.5,32.8
2002-05-27,28.7,69,28,11.0,25.62,0.1,31.8
2002-05-28,29.2,70,93,12.9,20.74,0.0,
2002-05-29,29.7,62,75,17.2,22.76,0.0,32.1
2002-05-30,31.8,66,6,10.9,27.51,0.0,33.5
2002-05-31,34.5,61,44,14.0,26.91,0.0,36.2
2002-06-01,35.8,58,30,14.9,27.24,0.4,37.8
2002-06-02,35.4,56,90,11.6,25.37,0.2,34.7
2002-06-03,35.9,45,55,15.8,26.4,0.0,35.7
2002-06-04,37.2,45,38,12.7,26.87,0.0,37.4
2002-06-05,36.8,42,72,15.0,26.78,0.0,
2002-06-06,36.6,47,27,12.1,24.91,0.0,36.7
2002-06-07,37.4,45,40,16.4,25.37,0.0,36.5
2002-06-08,34.3,53,91,25.0,16.7,0.1,27.4
2002-06-09,24.7,80,100,20.0,3.31,38.2,19.9
2002-06-10,31.4,56,19,27.0,28.05,0.0,32.1
2002-06-11,32.4,36,4,18.3,29.64,0.0,
2002-06-12,34.3,35,21,18.9,29.64,0.0,35.7
2002-06-13,33.8,45,39,13.1,28.81,0.0,34.9
2002-06-14,35.9,49,17,16.3,27.77,0.1,
2002-06-15,32.3,56,71,18.4,23.02,0.0,29.8
2002-06-16,35.1,58,53,12.8,25.14,1.6,
2002-06-17,36.9,49,82,17.0,25.39,0.0,36.7
2002-06-18,36.7,46,89,19.5,21.68,0.0,34.6
2002-06-19,34.3,56,61,10.0,23.87,0.0,
2002-06-20,36.5,59,58,19.5,22.97,0.1,
2002-06-21,35.0,58,73,23.6,22.3,1.4,
2002-06-22,23.8,90,100,19.1,2.52,25.0,23.5
2002-06-23,22.5,76,99,16.1,6.57,11.7,22.8
2002-06-24,26.4,69,70,11.6,19.97,0.7,26.0
2002-06-25,27.5,72,57,13.2,15.81,0.0,25.9
2002-06-26,27.0,76,92,14.1,11.45,0.9,27.8
2002-06-27,25.6,80,83,14.3,11.3,35.7,25.6
2002-06-28,28.2,72,48,10.7,20.9,0.0,28.3
2002-06-29,28.3,73,57,17.3,19.93,0.0,30.2
2002-06-30,30.0,76,57,14.3,19.37,4.8,31.4
2002-07-01,31.4,78,35,13.0,22.75,0.2,33.0
2002-07-02,31.8,81,61,11.0,21.91,2.0,29.8
2002-07-03,30.4,81,69,13.6,17.67,2.3,32.3
2002-07-04,28.9,84,69,13.0,17.38,10.0,
2002-07-05,28.6,85,85,10.7,15.61,9.5,28.9
2002-07-06,30.9,72,68,11.8,21.42,0.0,31.7
2002-07-07,31.4,76,30,9.9,23.55,0.1,31.8
2002-07-08,32.3,68,16,8.4,24.38,0.0,33.1
2002-07-09,32.9,64,8,8.9,25.41,0.0,33.8
2002-07-10,33.6,62,1,12.8,27.97,0.0,35.0
2002-07-11,35.1,63,4,15.3,27.72,0.0,35.2
2002-07-12,35.8,65,11,16.3,27.28,0.0,35.1
2002-07-13,36.5,69,39,21.6,24.17,0.4,34.8
2002-07-14,38.0,55,48,8.9,26.77,0.0,38.6
2002-07-15,39.7,51,27,9.4,26.7,0.0,40.9
2002-07-16,35.8,54,68,14.0,14.66,0.0,36.0
2002-07-17,36.7,52,20,8.4,26.48,0.3,36.0
2002-07-18,33.0,73,31,12.7,21.79,1.0,31.5
2002-07-19,30.8,76,63,10.2,18.39,8.5,29.1
2002-07-20,28.7,82,58,13.1,11.49,21.7,28.3
2002-07-21,29.5,78,92,12.7,14.68,5.2,27.1
2002-07-22,27.5,84,97,8.0,12.16,14.5,28.0
2002-07-23,28.5,83,83,12.0,18.33,2.0,27.5
2002-07-24,29.9,79,77,9.5,18.99,0.2,30.6
2002-07-25,30.3,84,74,13.0,19.42,6.3,29.7
2002-07-26,28.0,80,88,20.3,13.19,3.2,
2002-07-27,22.9,85,99,17.0,3.4,5.4,
2002-07-28,26.1,87,99,10.4,6.43,0.9,24.7
2002-07-29,30.4,82,66,13.6,17.23,0.4,
2002-07-30,33.0,80,30,13.7,22.92,0.2,33.3
2002-07-31,33.3,80,31,13.4,23.94,1.1,34.4
2002-08-01,33.0,84,42,12.0,21.26,2.6,34.6
2002-08-02,33.5,80,15,11.0,23.84,0.2,34.0
2002-08-03,33.5,80,38,11.0,22.47,0.1,33.7
2002-08-04,35.1,75,61,12.2,23.31,1.0,35.9
2002-08-05,35.2,81,55,16.6,17.97,14.5,34.3
2002-08-06,29.0,80,63,21.8,12.12,9.7,30.6
2002-08-07,28.3,55,18,20.8,25.87,0.0,29.1
2002-08-08,27.4,64,84,12.8,23.25,0.0,27.0
2002-08-09,27.7,64,58,10.5,20.94,0.0,28.3
2002-08-10,27.4,66,24,9.2,20.79,0.0,27.1
2002-08-11,29.0,66,54,7.3,20.25,0.0,
2002-08-12,28.5,70,96,9.9,17.28,0.0,27.8
2002-08-13,27.8,69,77,14.0,19.0,0.0,27.0
2002-08-14,27.8,76,50,11.8,20.47,0.1,28.2
2002-08-15,27.5,75,62,10.5,16.09,0.2,28.2
2002-08-16,29.4,78,84,7.2,20.21,15.7,28.3
2002-08-17,28.0,80,69,9.9,16.78,3.7,
2002-08-18,29.0,76,65,12.0,20.7,3.5,29.2
2002-08-19,28.2,80,88,14.5,17.5,2.6,28.4
2002-08-20,26.7,83,96,15.0,7.51,3.0,24.3
2002-08-21,29.2,81,78,9.5,11.34,0.4,
2002-08-22,34.3,77,11,12.8,22.93,0.0,35.6
2002-08-23,35.3,68,26,9.3,22.47,0.4,35.4
2002-08-24,28.4,86,93,14.0,7.25,5.6,28.6
2002-08-25,29.2,88,78,7.6,13.03,4.4,29.3
2002-08-26,30.6,82,19,10.5,20.96,1.0,30.6
2002-08-27,32.1,79,15,12.6,22.55,0.0,32.7
2002-08-28,33.5,74,3,15.5,23.3,0.5,33.4
2002-08-29,33.1,73,14,9.6,22.41,0.0,32.7
2002-08-30,33.3,71,5,9.7,22.4,0.0,33.1
2002-08-31,35.2,64,1,12.8,23.8,0.0,34.8
2002-09-01,36.1,55,0,18.5,24.42,0.0,37.4
2002-09-02,34.7,60,4,18.4,23.85,0.0,34.2
2002-09-03,30.4,60,15,24.4,22.17,0.0,27.1
2002-09-04,29.1,61,72,23.8,17.89,0.0,26.7
2002-09-05,21.9,65,81,22.0,8.08,0.0,
2002-09-06,26.8,47,5,14.0,23.34,0.0,
2002-09-07,28.4,52,0,9.6,23.72,0.0,27.9
2002-09-08,30.2,56,0,8.7,22.86,0.0,30.4
2002-09-09,31.4,62,61,15.6,14.68,0.0,31.3
2002-09-10,31.9,72,48,10.5,15.6,1.6,31.7
2002-09-11,28.8,86,93,27.7,8.33,14.0,30.1
2002-09-12,17.5,77,99,27.2,6.68,5.9,18.6
2002-09-13,16.2,83,100,17.4,3.14,4.9,14.3
2002-09-14,19.1,85,100,9.7,7.47,9.8,19.1
2002-09-15,22.0,76,53,9.1,15.28,5.8,22.5
2002-09-16,25.2,71,27,9.0,21.15,0.0,25.6
2002-09-17,25.8,64,71,9.8,20.29,0.0,26.9
2002-09-18,26.2,64,49,10.2,18.06,0.0,26.9
2002-09-19,24.9,68,65,10.1,10.99,0.1,26.0
2002-09-20,20.6,82,96,17.9,5.27,8.8,19.8
2002-09-21,20.2,84,88,13.4,7.9,3.6,18.9
2002-09-22,26.8,68,11,10.9,21.17,0.0,27.6
2002-09-23,27.7,56,6,10.8,21.32,0.0,29.3
2002-09-24,27.5,59,63,16.5,18.13,0.0,29.1
2002-09-25,27.8,65,20,12.2,19.4,0.0,29.6
2002-09-26,27.4,64,63,14.4,18.77,0.0,
2002-09-27,28.0,54,13,23.1,20.66,2.2,27.8
2002-09-28,25.3,39,7,16.8,20.74,0.0,
2002-09-29,25.5,56,2,9.3,19.92,0.0,25.9
2002-09-30,28.2,59,24,9.5,19.82,0.0,29.2
2002-10-01,29.0,47,0,20.5,20.2,0.0,28.8
2002-10-02,30.1,52,5,15.0,19.38,0.0,31.3
2002-10-03,26.8,52,44,19.7,19.12,0.0,25.4
2002-10-04,31.3,53,25,9.0,18.9,0.0,
2002-10-05,26.4,38,76,17.6,15.88,0.0,
2002-10-06,22.1,28,4,16.9,19.67,0.0,22.0
2002-10-07,22.9,40,2,10.4,19.27,0.0,
2002-10-08,24.4,46,0,13.3,18.94,0.0,24.7
2002-10-09,26.2,41,38,15.6,18.49,0.0,26.9
2002-10-10,25.1,51,77,11.1,16.78,0.0,25.2
2002-10-11,27.2,53,91,12.4,15.21,0.0,24.9
2002-10-12,29.2,51,52,13.2,16.53,0.3,27.2
2002-10-13,25.4,47,40,10.7,16.68,0.0,24.0
2002-10-14,30.0,54,12,15.7,17.52,0.2,28.7
2002-10-15,29.7,51,0,12.3,17.64,0.0,28.1
2002-10-16,30.0,52,13,16.5,16.84,0.0,30.1
2002-10-17,25.8,76,87,9.3,9.31,3.2,24.4
2002-10-18,18.6,83,79,29.0,3.85,1.4,19.6
2002-10-19,9.6,87,100,23.7,1.74,17.6,8.1
2002-10-20,13.7,67,55,16.8,13.25,2.0,13.0
2002-10-21,12.5,57,70,21.7,8.68,0.0,11.2
2002-10-22,11.4,44,96,13.1,10.3,0.0,9.4
2002-10-23,19.9,52,21,16.9,16.49,0.0,19.2
2002-10-24,20.7,69,2,11.4,15.9,0.0,
2002-10-25,11.4,65,47,20.2,9.23,0.0,10.6
2002-10-26,17.5,73,1,10.0,15.82,0.0,
2002-10-27,12.9,67,59,17.2,9.85,0.0,
2002-10-28,10.7,56,85,18.2,8.37,0.0,7.3
2002-10-29,14.4,65,61,8.7,14.17,0.0,13.4
2002-10-30,14.5,83,98,6.1,3.98,0.6,11.3
2002-10-31,12.4,81,74,13.4,4.54,0.0,9.8
2002-11-01,14.4,61,61,23.1,9.3,0.0,14.3
2002-11-02,14.7,27,23,22.4,15.53,0.0,14.9
2002-11-03,14.7,30,0,25.8,15.23,0.0,14.9
2002-11-04,20.8,40,0,13.7,14.86,0.0,22.0
2002-11-05,21.5,63,0,10.8,14.44,0.0,17.9
2002-11-06,19.1,71,16,9.4,13.55,0.0,15.4
2002-11-07,17.1,58,0,13.2,13.97,0.0,16.0
2002-11-08,15.7,54,0,14.7,14.17,0.0,12.2
2002-11-09,13.6,61,38,16.6,10.37,0.4,12.5
2002-11-10,21.7,70,16,14.4,11.12,0.0,23.0
2002-11-11,20.8,46,40,17.4,9.66,0.0,21.2
2002-11-12,16.2,45,20,16.5,11.5,0.0,14.4
2002-11-13,14.0,58,52,12.4,12.68,0.0,9.8
2002-11-14,12.4,58,99,11.2,6.48,0.0,11.7
2002-11-15,15.1,57,85,9.0,9.73,0.0,14.3
2002-11-16,20.0,62,0,23.5,12.67,0.0,18.0
2002-11-17,9.0,55,7,20.2,12.72,0.0,6.8
2002-11-18,3.3,54,94,12.4,3.96,2.6,
2002-11-19,6.8,71,97,3.9,7.07,1.2,
2002-11-20,12.8,74,97,8.2,11.16,0.0,12.4
2002-11-21,11.8,75,49,11.5,11.48,0.0,
2002-11-22,14.0,77,45,13.6,10.98,0.0,
2002-11-23,12.6,81,76,12.5,7.68,0.0,7.2
2002-11-24,14.4,60,1,16.0,12.04,0.0,14.2
2002-11-25,14.3,42,0,21.3,12.14,0.0,14.6
2002-11-26,9.2,45,0,12.2,12.08,0.0,9.1
2002-11-27,13.9,64,0,10.5,11.47,0.0,
2002-11-28,15.8,71,15,13.5,11.34,0.0,9.9
2002-11-29,12.7,44,86,12.8,10.0,0.0,11.4
2002-11-30,15.7,60,12,10.5,11.63,0.0,18.0
2002-12-01,15.9,69,48,9.7,10.29,0.0,9.6
2002-12-02,9.4,75,99,11.2,2.98,1.3,6.8
2002-12-03,14.7,78,48,9.7,10.45,3.5,13.0
2002-12-04,15.5,82,59,20.9,8.68,0.0,7.1
2002-12-05,6.5,58,99,22.6,2.43,4.0,6.8
2002-12-06,3.0,75,99,18.2,2.65,6.5,0.6
2002-12-07,2.6,81,93,22.0,5.13,1.6,0.7
2002-12-08,5.3,68,50,8.6,9.76,0.0,
2002-12-09,7.3,59,0,9.1,11.22,0.0,6.7
2002-12-10,9.5,69,35,9.4,11.14,0.0,9.1
2002-12-11,7.0,81,66,8.1,8.91,0.0,0.1
2002-12-12,5.7,77,35,9.2,10.67,0.0,4.1
2002-12-13,5.6,86,85,9.4,3.12,0.0,1.9
2002-12-14,9.2,85,94,9.4,5.37,0.0,
2002-12-15,9.9,86,63,7.9,9.33,0.0,
2002-12-16,6.3,87,92,10.7,8.19,0.0,6.5
2002-12-17,8.7,82,71,8.4,9.64,0.0,8.2
2002-12-18,6.3,85,84,11.0,3.31,0.0,
2002-12-19,4.8,82,87,14.0,2.98,0.0,3.1
2002-12-20,2.7,83,100,18.4,2.06,6.0,1.5
2002-12-21,2.0,92,100,19.7,1.99,3.1,1.3
2002-12-22,1.3,86,100,15.5,2.19,6.5,0.3
2002-12-23,0.7,86,95,11.3,8.05,2.7,-1.2
2002-12-24,-0.6,84,87,8.1,3.87,0.9,-3.0
2002-12-25,-2.2,62,57,9.2,8.66,0.3,-2.9
2002-12-26,-0.1,46,0,11.0,11.63,0.0,-0.7
2002-12-27,1.2,51,47,8.5,10.34,0.0,2.2
2002-12-28,2.7,56,27,13.7,11.16,0.0,3.3
2002-12-29,2.3,59,61,10.8,9.46,0.0,2.8
2002-12-30,3.1,58,0,16.8,11.5,0.0,4.0
2002-12-31,2.4,59,28,8.9,11.47,0.0,
2003-01-01,4.0,64,70,9.7,10.38,0.0,
2003-01-02,6.7,57,55,18.5,9.52,0.2,4.8
2003-01-03,1.4,29,0,17.8,11.93,0.0,0.8
2003-01-04,0.5,33,0,14.8,12.02,0.0,0.6
2003-01-05,1.5,43,41,8.7,11.01,0.0,
2003-01-06,3.8,48,24,9.1,11.9,0.0,1.1
2003-01-07,2.6,48,0,10.1,12.03,0.0,1.8
2003-01-08,6.4,63,25,12.6,11.68,0.0,
2003-01-09,8.1,60,71,12.1,10.56,0.0,8.9
2003-01-10,9.5,54,0,15.6,12.09,0.0,10.3
2003-01-11,10.4,45,15,15.8,12.39,0.0,10.6
2003-01-12,13.0,42,31,23.0,12.16,0.0,12.9
2003-01-13,14.1,44,0,21.1,12.55,0.0,14.8
2003-01-14,5.5,58,78,11.5,8.7,0.0,6.1
2003-01-15,7.7,71,50,14.1,11.62,0.0,7.0
2003-01-16,13.7,75,0,11.8,12.4,0.0,11.4
2003-01-17,8.1,71,39,16.1,12.49,0.0,6.2
2003-01-18,11.8,69,40,14.4,10.4,0.0,10.7
2003-01-19,9.0,77,10,9.8,12.62,0.0,7.6
2003-01-20,9.1,78,14,14.3,12.75,0.0,5.9
2003-01-21,8.2,81,64,12.1,8.99,2.9,6.7
2003-01-22,11.4,54,9,25.5,12.75,0.0,11.1
2003-01-23,9.2,69,5,14.3,13.22,0.0,8.9
2003-01-24,8.1,74,76,13.0,8.73,0.0,6.0
2003-01-25,5.3,77,97,16.2,6.78,1.2,
2003-01-26,8.8,67,99,26.8,8.11,0.0,4.7
2003-01-27,4.0,24,8,23.1,14.39,0.0,3.4
2003-01-28,8.0,38,0,20.4,14.25,0.0,4.9
2003-01-29,5.9,56,17,12.1,14.13,0.0,4.7
2003-01-30,3.0,72,90,8.9,4.95,1.8,1.1
2003-01-31,3.0,77,74,16.2,8.7,1.9,0.8
2003-02-01,8.1,69,21,9.5,14.17,0.0,5.9
2003-02-02,10.6,74,73,9.0,12.97,0.0,9.7
2003-02-03,12.8,62,38,19.0,13.64,0.0,11.4
2003-02-04,9.1,36,0,17.3,15.15,0.0,10.3
2003-02-05,8.8,55,36,10.1,14.7,0.0,8.1
2003-02-06,12.6,60,14,14.3,14.95,0.0,13.2
2003-02-07,11.5,72,81,13.8,9.16,0.1,12.0
2003-02-08,12.7,87,35,11.0,13.54,0.0,10.6
2003-02-09,5.7,91,100,30.6,1.13,17.5,5.8
2003-02-10,-2.7,78,81,27.0,8.59,6.6,-3.5
2003-02-11,0.2,60,70,10.5,14.18,0.0,-0.2
2003-02-12,4.5,66,0,11.8,16.37,0.0,
2003-02-13,8.8,72,56,13.0,14.21,0.0,
2003-02-14,5.8,79,98,8.5,5.01,0.3,4.3
2003-02-15,10.6,76,70,8.4,14.22,0.0,
2003-02-16,11.6,70,55,9.6,14.44,0.0,10.8
2003-02-17,14.6,71,45,10.5,15.38,0.0,
2003-02-18,15.2,75,29,8.9,16.47,0.0,13.6
2003-02-19,14.4,71,18,11.9,16.34,0.0,12.0
2003-02-20,13.8,67,67,21.6,12.19,0.0,9.4
2003-02-21,8.2,89,93,17.9,1.31,14.3,5.3
2003-02-22,8.0,78,72,15.6,11.72,1.2,
2003-02-23,11.8,79,41,9.8,14.41,0.0,
2003-02-24,13.5,82,67,15.6,15.5,0.0,
2003-02-25,12.9,85,83,7.4,6.84,0.0,11.5
2003-02-26,10.5,70,88,24.2,8.79,0.0,10.1
2003-02-27,7.4,60,97,14.7,7.37,0.0,5.3
2003-02-28,8.9,68,85,7.3,11.98,0.0,9.8
2003-03-01,12.6,82,47,16.2,14.73,0.0,11.0
2003-03-02,18.9,75,73,21.3,16.76,0.0,
2003-03-03,9.6,46,91,26.7,16.21,0.0,6.9
2003-03-04,4.9,47,99,14.4,8.74,2.8,2.5
2003-03-05,0.3,80,89,19.2,4.95,5.1,-1.2
2003-03-06,8.4,70,56,9.5,17.37,0.0,
2003-03-07,13.4,47,34,21.4,19.29,0.0,12.6
2003-03-08,14.8,43,52,12.0,20.04,0.0,15.6
2003-03-09,14.0,57,76,14.6,15.58,0.0,14.0
2003-03-10,14.2,66,30,23.2,17.44,0.0,13.7
2003-03-11,12.9,66,86,13.6,15.15,0.0,9.8
2003-03-12,9.4,69,92,23.5,10.2,0.0,8.0
2003-03-13,10.8,63,86,15.9,10.79,2.9,7.0
2003-03-14,6.1,94,100,17.1,2.3,17.6,4.0
2003-03-15,6.0,89,100,14.3,4.33,5.5,3.0
2003-03-16,8.0,81,100,13.1,9.47,0.6,5.9
2003-03-17,8.4,75,86,13.8,8.38,0.2,7.9
2003-03-18,12.0,71,61,8.6,16.88,0.0,
2003-03-19,14.0,71,78,13.4,18.26,0.0,14.1
2003-03-20,18.6,64,11,17.1,20.98,0.0,19.4
2003-03-21,12.8,59,21,12.4,22.6,0.0,
2003-03-22,12.1,67,86,9.6,18.52,0.0,11.8
2003-03-23,18.7,65,3,20.3,21.68,0.0,18.3
2003-03-24,19.3,62,0,10.9,22.58,0.0,19.9
2003-03-25,21.8,73,40,17.6,21.27,0.0,22.2
2003-03-26,19.0,72,99,26.9,8.73,0.5,19.6
2003-03-27,16.0,57,49,12.7,22.36,0.0,16.4
2003-03-28,20.2,60,33,13.8,21.81,0.0,19.9
2003-03-29,25.5,73,0,19.1,22.15,0.0,25.1
2003-03-30,25.0,79,46,10.2,15.31,0.0,24.2
2003-03-31,18.8,77,98,27.4,4.34,7.1,19.9
2003-04-01,14.2,40,100,25.8,5.7,0.0,
2003-04-02,10.3,65,100,24.8,5.5,2.1,11.2
2003-04-03,14.7,71,96,9.7,13.94,0.5,14.1
2003-04-04,17.8,60,70,20.8,22.53,0.0,17.0
2003-04-05,18.7,63,60,13.5,20.44,0.0,19.4
2003-04-06,20.1,67,69,16.7,21.19,2.0,19.9
2003-04-07,21.6,58,19,21.9,22.73,0.0,23.1
2003-04-08,19.9,42,41,18.5,23.82,0.0,19.2
2003-04-09,18.2,53,30,21.3,21.25,0.0,17.7
2003-04-10,15.1,72,61,9.5,9.08,0.9,14.0
2003-04-11,22.5,69,53,13.6,20.52,0.0,19.0
2003-04-12,22.6,53,75,19.2,24.0,0.0,22.0
2003-04-13,21.1,43,90,10.5,18.14,0.0,21.6
2003-04-14,25.1,43,0,21.0,25.51,0.0,26.6
2003-04-15,26.6,56,0,24.5,25.01,0.0,26.1
2003-04-16,29.6,62,53,26.0,24.36,0.0,29.0
2003-04-17,26.2,84,98,32.0,6.99,27.5,25.2
2003-04-18,16.2,63,95,31.2,18.95,1.5,14.4
2003-04-19,12.2,77,99,10.8,7.89,0.9,12.2
2003-04-20,19.2,65,34,20.4,19.31,0.0,17.9
2003-04-21,12.7,65,79,14.1,4.58,0.0,14.6
2003-04-22,13.1,86,79,6.2,4.74,8.4,14.2
2003-04-23,19.8,77,69,7.2,17.49,0.0,20.7
2003-04-24,20.5,81,96,13.2,14.04,0.0,19.1
2003-04-25,23.8,76,45,20.3,24.08,0.0,23.3
2003-04-26,27.1,73,75,14.1,19.67,0.0,30.0
2003-04-27,27.3,70,75,17.0,24.73,0.0,27.8
2003-04-28,24.5,76,76,11.9,18.75,0.0,24.0
2003-04-29,23.5,63,56,20.3,22.83,0.4,23.0
2003-04-30,28.4,58,0,13.5,26.9,0.0,30.7
2003-05-01,29.1,54,2,24.0,26.47,0.0,30.6
2003-05-02,28.5,59,49,20.4,24.53,0.0,28.6
2003-05-03,23.7,80,64,16.3,11.4,6.8,24.6
2003-05-04,22.8,78,94,20.2,9.28,0.1,22.1
2003-05-05,21.4,82,100,16.6,5.5,0.1,19.7
2003-05-06,17.6,91,100,15.3,2.34,25.7,19.3
2003-05-07,20.1,80,99,22.7,5.59,1.6,
2003-05-08,17.6,53,66,12.3,16.14,0.0,17.9
2003-05-09,21.7,65,56,11.2,18.72,0.0,21.5
2003-05-10,24.6,73,31,12.2,24.74,0.0,
2003-05-11,26.0,70,47,18.7,25.42,0.0,26.3
2003-05-12,26.2,73,56,12.8,21.63,0.0,27.1
2003-05-13,22.3,79,79,9.0,10.23,0.1,22.7
2003-05-14,22.3,86,84,13.4,6.63,4.4,23.0
2003-05-15,19.0,86,93,16.4,4.09,1.8,19.9
2003-05-16,24.3,81,70,8.5,20.33,0.0,
2003-05-17,24.6,83,91,9.4,18.3,2.1,
2003-05-18,27.3,78,79,8.3,23.9,1.4,27.4
2003-05-19,27.7,59,26,20.8,27.99,0.0,
2003-05-20,28.3,53,61,9.7,23.63,0.0,28.1
2003-05-21,27.6,57,84,16.2,20.63,0.0,27.4
2003-05-22,27.3,57,72,15.9,25.32,0.0,
2003-05-23,24.7,72,82,10.7,15.06,0.3,25.0
2003-05-24,28.0,70,21,8.9,25.36,0.0,29.2
2003-05-25,29.7,65,38,15.6,27.13,0.0,
2003-05-26,28.9,59,99,14.8,19.69,0.0,28.7
2003-05-27,28.1,58,92,9.8,21.71,0.0,27.1
2003-05-28,30.6,58,55,17.8,24.33,0.0,
2003-05-29,31.5,52,0,14.4,28.53,0.0,32.0
2003-05-30,32.2,51,24,14.7,28.39,0.0,32.9
2003-05-31,32.1,46,72,10.6,21.33,0.0,33.1
2003-06-01,34.1,39,45,15.5,27.08,0.0,33.8
2003-06-02,25.9,78,97,13.6,7.8,9.8,24.7
2003-06-03,26.6,73,71,14.9,15.65,4.7,22.5
2003-06-04,29.2,62,63,8.8,26.05,0.0,29.3
2003-06-05,32.7,58,60,13.2,26.1,1.0,32.6
2003-06-06,32.3,48,30,10.3,29.24,0.0,32.4
2003-06-07,34.8,39,99,10.5,26.19,0.0,35.9
2003-06-08,33.4,49,82,14.5,21.79,0.0,32.9
2003-06-09,32.0,72,69,12.6,19.99,12.3,26.4
2003-06-10,27.2,68,94,20.3,19.61,7.9,24.7
2003-06-11,29.4,56,38,17.3,28.07,0.3,28.9
2003-06-12,30.5,56,58,12.0,28.44,0.0,31.4
2003-06-13,29.2,50,13,17.7,28.91,0.0,30.6
2003-06-14,33.3,33,16,16.1,28.02,0.2,34.2
2003-06-15,31.3,48,19,13.9,26.73,0.0,29.8
2003-06-16,32.8,46,64,10.8,26.84,0.0,31.5
2003-06-17,35.0,50,30,16.6,25.61,0.2,
2003-06-18,36.7,51,30,11.2,26.19,1.3,35.0
2003-06-19,36.4,54,50,16.0,25.97,1.1,34.6
2003-06-20,35.1,65,47,14.8,22.93,13.5,
2003-06-21,31.2,78,78,12.2,16.89,0.4,30.7
2003-06-22,25.6,96,94,16.1,2.25,43.2,25.4
2003-06-23,31.2,75,51,10.1,25.84,0.0,32.6
2003-06-24,31.7,73,35,12.3,23.54,0.0,33.2
2003-06-25,31.5,68,97,15.6,21.27,0.0,
2003-06-26,26.6,75,96,11.2,10.1,3.2,26.5
2003-06-27,32.1,71,4,17.9,27.49,0.0,33.4
2003-06-28,34.0,67,57,17.7,27.06,0.0,35.6
2003-06-29,29.0,83,95,20.7,12.27,20.3,27.3
2003-06-30,22.3,84,82,19.5,5.69,6.0,20.6
2003-07-01,27.0,80,66,13.6,17.94,7.6,26.3
2003-07-02,24.7,88,98,7.5,6.91,15.4,24.8
2003-07-03,24.6,92,95,13.6,8.39,4.7,29.9
2003-07-04,29.4,76,95,20.6,22.68,0.0,32.9
2003-07-05,31.1,81,60,10.9,21.42,0.0,28.2
2003-07-06,29.5,76,61,12.8,21.0,0.0,30.2
2003-07-07,31.0,80,52,15.9,22.13,1.8,32.2
2003-07-08,28.2,81,66,20.1,14.61,2.2,27.9
2003-07-09,29.2,74,85,7.6,18.6,0.0,29.2
2003-07-10,29.6,71,22,8.7,26.56,0.0,30.4
2003-07-11,27.6,82,75,18.6,17.11,15.7,28.9
2003-07-12,21.1,91,100,15.2,3.99,32.0,21.0
2003-07-13,22.1,88,100,13.5,5.05,18.5,22.8
2003-07-14,25.3,85,90,9.4,11.64,18.8,26.6
2003-07-15,23.2,89,93,13.0,7.99,12.1,23.4
2003-07-16,21.0,96,100,11.2,2.5,31.0,20.8
2003-07-17,27.4,82,62,6.8,19.62,1.7,27.4
2003-07-18,31.1,82,63,8.3,21.34,0.0,29.8
2003-07-19,30.1,88,57,16.3,16.11,1.3,32.3
2003-07-20,30.8,84,71,12.2,18.5,0.1,32.3
2003-07-21,25.3,95,82,9.8,4.67,10.3,
2003-07-22,29.4,82,89,9.7,22.6,0.0,
2003-07-23,30.4,83,93,14.0,17.63,0.0,30.3
2003-07-24,33.7,81,76,19.8,22.48,0.1,34.2
2003-07-25,33.7,76,35,22.7,25.11,0.0,34.6
2003-07-26,33.5,75,40,21.2,24.05,0.0,33.4
2003-07-27,34.8,76,56,17.0,24.56,0.0,36.3
2003-07-28,33.8,82,96,13.3,16.19,2.7,32.6
2003-07-29,32.5,86,72,10.4,14.96,7.1,33.5
2003-07-30,34.6,79,96,17.0,23.7,0.0,34.7
2003-07-31,35.0,75,98,12.2,23.03,0.0,33.3
2003-08-01,33.5,81,97,18.7,17.43,0.4,
2003-08-02,31.7,71,55,11.6,17.97,0.0,31.6
2003-08-03,28.5,71,59,17.7,16.07,2.3,26.7
2003-08-04,29.4,74,60,9.4,17.05,0.2,29.0
2003-08-05,31.1,87,67,7.6,14.25,7.4,31.6
2003-08-06,33.3,86,25,6.6,21.03,5.5,32.6
2003-08-07,33.0,82,19,13.6,22.07,1.8,33.6
2003-08-08,30.8,87,88,8.6,10.78,16.3,30.8
2003-08-09,30.8,81,73,10.1,20.15,0.3,32.7
2003-08-10,26.7,91,100,13.0,5.39,5.9,
2003-08-11,26.3,78,98,12.4,9.15,0.2,26.8
2003-08-12,21.4,87,99,10.3,2.31,13.3,22.2
2003-08-13,23.0,91,100,6.9,3.76,11.4,21.9
2003-08-14,22.4,90,95,12.3,5.64,7.1,22.4
2003-08-15,20.5,94,100,15.3,2.34,25.9,19.8
2003-08-16,24.3,83,82,15.2,13.94,0.0,25.2
2003-08-17,24.4,88,100,4.9,8.14,0.0,24.3
2003-08-18,27.6,87,88,14.0,15.32,0.0,
2003-08-19,27.2,82,50,12.4,20.83,0.0,28.9
2003-08-20,27.2,79,49,11.9,18.17,0.0,27.3
2003-08-21,28.1,88,88,14.8,8.68,4.1,27.9
2003-08-22,30.5,90,76,11.2,14.7,2.8,
2003-08-23,31.9,88,49,11.0,18.23,12.2,32.2
2003-08-24,26.4,93,98,13.3,4.54,14.1,24.4
2003-08-25,26.9,91,99,9.1,7.26,11.9,27.4
2003-08-26,27.0,92,100,16.6,7.42,13.0,23.9
2003-08-27,27.8,80,38,15.5,18.36,6.8,29.2
2003-08-28,27.3,90,84,12.8,13.91,23.1,29.6
2003-08-29,24.0,95,100,28.0,1.62,43.4,22.4
2003-08-30,17.2,88,84,20.6,3.97,31.7,17.2
2003-08-31,20.6,87,70,6.8,9.83,1.8,21.7
2003-09-01,17.6,92,100,8.1,1.73,29.1,18.4
2003-09-02,23.5,87,99,8.7,12.7,1.3,26.0
2003-09-03,23.1,88,100,15.9,7.37,14.0,23.9
2003-09-04,24.2,86,95,12.2,9.49,2.4,20.9
2003-09-05,26.8,84,89,6.2,15.07,1.1,27.1
2003-09-06,22.3,94,99,9.6,3.63,14.5,22.3
2003-09-07,22.1,88,97,9.7,4.68,2.7,25.6
2003-09-08,25.4,82,86,14.8,13.61,0.0,24.0
2003-09-09,26.5,80,76,12.1,17.5,0.0,25.4
2003-09-10,26.2,81,32,8.3,19.34,0.0,
2003-09-11,27.0,78,13,10.0,21.55,0.0,28.4
2003-09-12,27.3,75,54,7.9,19.44,0.0,
2003-09-13,31.0,78,0,10.6,21.7,0.0,33.1
2003-09-14,29.8,82,20,12.4,18.72,0.4,30.4
2003-09-15,29.1,82,24,7.8,19.28,0.9,29.0
2003-09-16,30.4,82,23,13.2,19.18,0.0,31.5
2003-09-17,29.3,85,55,13.0,15.27,0.7,30.6
2003-09-18,23.8,88,99,21.4,5.23,8.1,23.0
2003-09-19,19.6,89,100,24.0,2.33,21.2,
2003-09-20,21.9,70,100,9.5,10.84,0.0,22.2
2003-09-21,25.2,71,37,13.3,20.28,0.0,
2003-09-22,25.9,67,32,15.5,19.99,0.0,27.1
2003-09-23,26.4,75,54,15.8,18.32,1.0,26.2
2003-09-24,27.8,73,16,17.0,20.24,0.0,29.4
2003-09-25,28.5,72,56,15.8,19.02,0.0,30.4
2003-09-26,27.5,74,64,11.0,18.07,0.0,28.6
2003-09-27,28.3,79,25,18.6,17.81,0.1,25.8
2003-09-28,19.7,86,86,20.3,3.84,2.6,18.8
2003-09-29,20.1,89,99,17.7,4.95,5.0,17.3
2003-09-30,18.2,87,99,9.7,3.94,10.9,16.0
2003-10-01,16.3,92,100,17.2,1.19,19.3,14.3
2003-10-02,14.5,87,100,15.9,1.71,5.7,14.4
2003-10-03,13.7,85,100,6.9,3.67,3.8,13.3
2003-10-04,12.1,90,100,7.3,1.76,11.7,12.1
2003-10-05,17.0,83,93,9.4,8.85,2.2,17.3
2003-10-06,19.7,83,77,11.0,13.23,0.0,17.7
2003-10-07,19.6,83,66,17.0,11.97,0.0,19.1
2003-10-08,22.2,75,75,18.8,15.2,0.0,20.8
2003-10-09,22.9,78,85,11.6,10.69,0.0,23.0
2003-10-10,19.3,97,99,26.2,2.15,38.5,18.1
2003-10-11,16.1,84,100,29.2,4.23,31.0,14.4
2003-10-12,9.1,68,99,31.5,4.63,0.1,10.6
2003-10-13,15.4,47,83,18.4,11.73,0.0,14.4
2003-10-14,16.9,59,23,14.5,16.7,0.0,18.9
2003-10-15,19.2,44,9,16.1,18.3,0.0,19.9
2003-10-16,19.6,47,4,19.7,17.74,0.0,20.6
2003-10-17,21.7,58,22,12.3,17.72,0.0,22.2
2003-10-18,20.2,70,63,10.6,15.03,0.0,20.1
2003-10-19,18.3,73,87,13.4,7.31,0.0,16.0
2003-10-20,21.6,60,0,16.5,17.03,0.0,23.0
2003-10-21,24.1,51,1,15.3,16.88,0.0,24.8
2003-10-22,15.3,41,1,20.3,16.92,0.0,15.3
2003-10-23,17.1,57,17,15.7,15.67,0.0,
2003-10-24,23.6,66,1,12.4,15.72,0.0,24.0
2003-10-25,22.0,70,43,9.5,15.47,0.0,23.2
2003-10-26,24.9,60,0,15.1,15.99,0.0,26.2
2003-10-27,24.6,52,0,25.2,15.75,0.0,26.7
2003-10-28,22.6,64,47,12.5,15.32,0.0,24.1
2003-10-29,22.5,77,100,8.0,10.35,0.0,23.1
2003-10-30,24.1,78,62,8.0,11.43,0.1,23.1
2003-10-31,24.1,76,4,10.2,14.13,0.0,
2003-11-01,25.0,75,0,12.9,14.52,0.0,27.7
2003-11-02,22.0,66,59,19.9,8.24,0.0,22.3
2003-11-03,16.7,49,6,10.3,14.82,0.0,17.3
2003-11-04,18.7,65,82,9.0,12.35,2.9,19.0
2003-11-05,19.9,80,62,16.1,10.96,0.0,16.8
2003-11-06,13.5,89,100,23.1,1.53,4.0,11.2
2003-11-07,4.0,90,95,33.4,1.01,22.1,5.6
2003-11-08,3.4,68,86,16.8,6.13,2.3,3.5
2003-11-09,3.8,69,98,14.8,4.42,0.9,3.5
2003-11-10,9.2,74,82,7.6,11.11,0.0,9.1
2003-11-11,9.5,68,81,11.6,9.67,0.0,9.7
2003-11-12,12.2,62,3,13.2,13.54,0.0,
2003-11-13,13.8,74,48,16.2,11.64,0.0,11.7
2003-11-14,15.5,77,8,12.9,12.35,0.0,14.9
2003-11-15,14.6,74,16,12.4,12.05,0.0,
2003-11-16,11.8,61,26,13.7,10.59,0.0,11.6
2003-11-17,10.3,62,77,7.7,8.3,0.0,10.2
2003-11-18,9.5,85,94,13.0,2.82,3.8,7.5
2003-11-19,8.0,89,99,17.2,1.29,0.7,
2003-11-20,15.6,66,46,21.1,10.77,0.2,15.2
2003-11-21,9.3,39,24,21.3,12.41,0.0,10.0
2003-11-22,10.0,58,12,17.1,12.03,0.0,9.9
2003-11-23,11.1,76,84,8.7,6.51,1.5,9.1
2003-11-24,13.3,86,48,8.1,11.03,0.0,10.9
2003-11-25,11.5,84,90,17.6,8.46,0.0,8.9
2003-11-26,10.8,79,92,13.9,6.88,1.7,8.9
2003-11-27,5.6,72,96,13.4,6.74,0.0,
2003-11-28,11.1,74,90,13.7,9.95,0.0,11.1
2003-11-29,9.8,75,13,9.5,11.74,0.0,9.0
2003-11-30,11.8,82,13,15.9,10.82,0.0,10.4
2003-12-01,10.8,86,46,10.7,9.09,0.0,5.6
2003-12-02,10.3,86,78,7.9,9.54,0.0,7.9
2003-12-03,10.1,86,65,14.3,9.14,1.3,2.4
2003-12-04,3.1,97,100,12.0,1.25,14.5,1.0
2003-12-05,7.2,88,87,9.6,5.56,0.0,3.0
2003-12-06,5.0,58,20,18.1,11.21,0.0,5.6
2003-12-07,4.0,52,20,11.9,11.09,0.0,3.5
2003-12-08,6.8,68,83,11.5,10.04,0.0,4.0
2003-12-09,5.9,73,68,7.2,10.31,0.0,4.6
2003-12-10,7.6,80,69,11.0,7.61,0.0,7.6
2003-12-11,6.2,78,33,12.1,9.28,0.0,5.6
2003-12-12,7.7,77,33,8.2,10.61,0.0,7.3
2003-12-13,7.9,82,6,8.2,10.59,0.0,0.7
2003-12-14,9.6,83,4,10.1,10.83,0.0,5.8
2003-12-15,5.1,84,66,11.8,8.26,0.0,3.2
2003-12-16,9.9,65,10,24.1,10.78,0.0,9.7
2003-12-17,7.4,64,20,8.7,10.77,0.0,6.9
2003-12-18,8.6,44,38,28.0,10.51,0.0,
2003-12-19,6.0,33,2,19.0,11.24,0.0,5.7
2003-12-20,7.7,50,16,10.6,10.66,0.0,8.5
2003-12-21,9.6,63,6,12.6,10.79,0.0,10.8
2003-12-22,12.2,57,1,10.4,10.88,0.0,14.8
2003-12-23,13.8,50,0,15.9,10.89,0.0,15.7
2003-12-24,12.5,38,13,21.8,11.17,0.0,13.4
2003-12-25,6.0,45,36,18.9,10.93,0.0,6.7
2003-12-26,7.1,42,5,14.2,11.4,0.0,7.6
2003-12-27,7.8,59,22,15.5,11.24,0.0,9.1
2003-12-28,11.2,53,46,17.6,8.73,0.0,9.9
2003-12-29,8.2,43,58,17.6,8.63,0.0,8.2
2003-12-30,8.8,61,57,12.9,9.84,0.0,9.0
2003-12-31,12.9,56,45,13.0,10.53,0.0,14.3
2004-01-01,10.0,36,64,24.8,7.73,0.0,10.6
2004-01-02,11.4,45,0,15.3,11.66,0.0,11.8
2004-01-03,9.5,63,78,10.0,8.78,0.0,10.9
2004-01-04,10.6,73,55,8.2,10.8,0.0,10.6
2004-01-05,10.7,75,91,5.6,8.91,0.0,
2004-01-06,11.9,74,9,8.6,11.2,0.0,11.9
2004-01-07,8.1,68,88,23.0,8.34,0.0,
2004-01-08,4.8,62,59,16.5,8.7,0.0,2.9
2004-01-09,7.7,77,52,8.7,7.95,0.0,7.6
2004-01-10,3.9,72,94,19.7,5.28,0.0,3.8
2004-01-11,7.6,73,34,13.3,9.21,0.0,6.3
2004-01-12,6.5,47,20,16.8,12.14,0.0,7.2
2004-01-13,7.0,47,37,12.6,12.5,0.0,7.3
2004-01-14,9.5,68,90,12.2,8.66,0.0,7.4
2004-01-15,3.4,81,100,19.3,4.03,3.0,3.0
2004-01-16,2.6,74,72,19.5,10.3,2.1,1.3
2004-01-17,1.2,80,77,7.4,5.59,0.2,0.3
2004-01-18,3.4,65,38,12.3,12.69,0.0,3.2
2004-01-19,4.8,40,10,14.6,13.38,0.0,5.3
2004-01-20,5.3,43,63,15.3,8.97,0.0,4.9
2004-01-21,1.2,46,0,10.5,13.43,0.0,0.4
2004-01-22,5.2,61,4,14.6,13.27,0.0,
2004-01-23,2.1,31,14,25.8,13.33,0.0,
2004-01-24,1.6,31,0,17.3,14.04,0.0,1.9
2004-01-25,3.8,42,78,9.5,11.5,0.0,3.0
2004-01-26,7.2,50,51,12.2,13.08,0.0,7.6
2004-01-27,5.6,48,0,9.8,14.17,0.0,7.0
2004-01-28,9.1,61,0,13.5,14.02,0.0,10.3
2004-01-29,9.6,75,20,9.7,12.74,0.0,7.7
2004-01-30,8.7,75,48,9.1,11.89,0.0,6.0
2004-01-31,8.7,79,58,7.5,8.05,0.0,4.4
2004-02-01,7.4,75,84,15.3,9.96,0.0,6.3
2004-02-02,5.8,53,73,18.4,13.1,0.0,5.9
2004-02-03,6.9,24,62,18.9,14.57,0.0,6.4
2004-02-04,7.8,30,12,21.7,15.18,0.0,7.6
2004-02-05,5.1,26,0,21.0,15.6,0.0,4.9
2004-02-06,7.1,31,0,19.1,15.76,0.0,7.3
2004-02-07,9.9,28,16,17.9,15.86,0.0,10.4
2004-02-08,10.9,33,16,13.1,15.92,0.0,
2004-02-09,12.0,53,0,14.5,15.0,0.0,11.8
2004-02-10,15.7,62,24,11.3,15.51,0.0,15.2
2004-02-11,13.8,69,35,11.5,13.45,0.0,12.4
2004-02-12,15.1,56,51,13.5,15.03,0.0,15.8
2004-02-13,21.0,42,0,22.2,16.38,0.0,22.9
2004-02-14,13.9,34,0,11.0,16.6,0.0,14.1
2004-02-15,16.7,55,4,10.1,16.08,0.0,15.6
2004-02-16,16.6,59,82,12.9,11.91,0.2,14.1
2004-02-17,18.4,42,30,16.2,17.17,0.0,19.1
2004-02-18,18.4,64,0,13.7,16.44,0.0,18.8
2004-02-19,20.0,70,31,18.2,15.2,0.0,19.7
2004-02-20,12.4,91,86,15.2,3.52,18.5,10.6
2004-02-21,15.3,75,96,14.5,10.59,0.8,15.2
2004-02-22,11.4,68,69,8.9,8.83,0.0,10.8
2004-02-23,13.4,71,86,16.3,13.67,0.0,12.6
2004-02-24,17.1,58,44,16.8,17.58,0.0,16.9
2004-02-25,16.7,40,5,18.6,18.39,0.0,16.6
2004-02-26,15.7,43,0,12.0,18.74,0.0,17.2
2004-02-27,18.0,54,40,18.7,16.1,0.0,
2004-02-28,18.4,56,53,18.2,13.88,0.0,16.9
2004-02-29,8.0,44,73,16.3,7.43,0.0,7.9
2004-03-01,12.8,66,88,12.8,15.42,0.0,
2004-03-02,13.0,66,93,24.5,13.28,1.6,11.5
2004-03-03,10.4,27,5,25.8,19.92,0.0,10.3
2004-03-04,17.3,33,3,23.5,19.91,0.0,17.4
2004-03-05,12.3,25,19,30.5,19.69,0.0,11.7
2004-03-06,9.7,36,2,10.0,20.55,0.0,9.9
2004-03-07,13.3,42,80,12.0,20.03,0.0,13.0
2004-03-08,21.9,43,27,20.8,19.99,0.0,22.5
2004-03-09,23.3,50,0,27.4,20.07,0.0,24.1
2004-03-10,22.2,40,62,20.4,18.75,0.0,22.5
2004-03-11,13.6,42,97,18.4,7.18,0.4,13.5
2004-03-12,16.2,68,42,18.7,19.02,0.0,16.5
2004-03-13,18.7,67,55,16.6,17.58,0.0,16.4
2004-03-14,20.3,62,1,19.2,20.66,0.0,19.2
2004-03-15,24.9,64,8,24.9,20.52,0.0,24.2
2004-03-16,26.5,69,32,32.5,19.89,3.9,24.7
2004-03-17,12.8,42,80,29.9,12.24,4.3,10.7
2004-03-18,9.1,49,87,12.2,13.81,2.0,7.7
2004-03-19,5.7,85,100,5.5,3.69,13.7,6.1
2004-03-20,9.3,84,92,12.8,8.41,0.2,6.4
2004-03-21,12.3,69,91,9.4,12.26,0.0,12.5
2004-03-22,16.0,65,78,14.0,19.92,0.0,15.8
2004-03-23,18.8,71,51,11.3,21.84,0.0,18.6
2004-03-24,13.3,72,100,16.4,6.41,0.0,11.4
2004-03-25,16.2,56,49,8.4,19.87,0.0,15.8
2004-03-26,18.0,61,74,15.4,17.28,0.0,15.9
2004-03-27,19.3,64,42,15.5,19.96,0.0,19.7
2004-03-28,22.7,68,55,12.1,21.3,0.0,22.4
2004-03-29,23.7,53,100,15.8,18.22,0.0,23.9
2004-03-30,17.4,31,93,14.0,17.77,0.0,16.6
2004-03-31,22.8,56,47,19.9,20.62,0.2,22.8
2004-04-01,20.6,40,23,24.9,24.27,0.1,21.0
2004-04-02,21.2,42,9,21.9,23.9,0.0,21.2
2004-04-03,12.3,43,19,23.2,21.13,0.0,12.2
2004-04-04,16.5,51,0,19.8,24.15,0.0,15.8
2004-04-05,24.8,60,3,16.2,23.32,0.0,23.1
2004-04-06,18.1,55,61,28.7,18.87,0.0,17.1
2004-04-07,17.6,35,61,16.9,19.74,0.0,17.9
2004-04-08,24.4,33,0,14.6,25.28,0.0,26.1
2004-04-09,23.1,45,59,21.4,19.09,0.0,24.0
2004-04-10,23.3,54,69,15.5,17.83,0.2,24.7
2004-04-11,27.3,62,46,9.7,24.39,0.0,26.4
2004-04-12,26.7,64,64,8.9,22.44,0.3,25.9
2004-04-13,21.8,74,94,21.3,14.81,3.1,20.8
2004-04-14,23.1,63,97,10.3,14.83,0.0,23.6
2004-04-15,26.7,39,78,17.5,24.57,0.0,27.2
2004-04-16,27.7,46,95,13.8,18.3,0.0,28.8
2004-04-17,27.2,56,94,14.8,20.49,0.0,29.0
2004-04-18,25.0,65,100,14.8,17.12,0.0,22.4
2004-04-19,34.0,52,30,13.0,26.04,0.0,36.0
2004-04-20,33.1,47,1,18.8,25.6,0.0,31.8
2004-04-21,33.0,52,9,15.9,24.89,0.0,32.1
2004-04-22,25.2,47,65,36.3,23.46,0.0,24.1
2004-04-23,17.4,51,100,13.4,10.3,2.7,19.9
2004-04-24,21.1,45,23,14.5,26.34,0.0,21.2
2004-04-25,21.9,61,60,13.7,15.56,2.1,19.8
2004-04-26,25.5,72,51,27.2,21.86,2.0,19.2
2004-04-27,20.5,61,1,14.6,26.06,0.0,20.0
2004-04-28,28.6,59,34,23.7,25.19,0.0,26.8
2004-04-29,26.8,74,70,20.2,14.08,0.0,27.6
2004-04-30,20.8,67,86,32.0,19.54,0.0,18.9
2004-05-01,22.3,53,76,20.2,22.91,0.0,20.6
2004-05-02,17.7,83,95,12.9,4.15,4.8,16.6
2004-05-03,18.5,56,80,16.3,14.91,4.2,20.0
2004-05-04,25.0,35,44,13.4,27.55,0.0,26.0
2004-05-05,29.7,30,0,20.7,27.86,0.0,
2004-05-06,30.4,46,33,14.8,27.35,0.0,30.1
2004-05-07,27.3,51,89,15.9,20.73,0.0,27.7
2004-05-08,28.5,55,58,12.9,24.4,0.0,27.9
2004-05-09,30.1,64,0,12.6,26.47,0.0,28.4
2004-05-10,33.2,67,51,14.8,25.46,0.5,28.6
2004-05-11,21.0,93,100,24.6,5.15,32.7,22.5
2004-05-12,28.1,72,61,14.9,26.02,0.0,29.4
2004-05-13,26.4,59,84,14.1,23.74,0.0,27.2
2004-05-14,22.7,68,100,9.9,10.16,0.1,20.3
2004-05-15,26.1,69,87,8.7,21.18,0.0,27.2
2004-05-16,23.8,35,11,36.4,28.4,0.0,24.6
2004-05-17,30.5,33,1,17.4,28.04,0.0,31.7
2004-05-18,30.8,43,27,21.2,26.47,0.0,29.4
2004-05-19,33.7,35,0,17.4,28.09,0.0,35.9
2004-05-20,27.8,35,9,26.1,28.11,0.0,26.8
2004-05-21,28.2,48,0,10.0,27.97,0.0,30.6
2004-05-22,31.9,55,43,14.0,26.75,0.0,31.4
2004-05-23,31.2,47,1,12.2,27.94,0.0,31.8
2004-05-24,34.4,43,29,16.3,26.16,0.0,33.7
2004-05-25,31.0,54,99,15.9,16.07,0.0,29.4
2004-05-26,26.1,60,89,23.0,21.23,3.4,23.3
2004-05-27,18.6,88,89,8.7,2.69,27.9,17.4
2004-05-28,29.8,70,2,9.8,27.73,0.0,31.4
2004-05-29,29.9,67,26,18.8,27.02,0.0,30.0
2004-05-30,29.5,52,91,20.9,21.01,1.5,26.9
2004-05-31,27.7,42,30,10.0,29.34,0.0,29.8
2004-06-01,24.1,49,97,14.1,11.31,0.0,26.5
2004-06-02,28.3,48,89,15.5,26.03,0.0,29.4
2004-06-03,26.5,53,96,15.6,17.28,0.0,26.1
2004-06-04,21.1,63,100,16.3,3.14,1.5,22.4
2004-06-05,16.9,80,100,18.3,2.26,0.8,16.6
2004-06-06,26.0,66,80,12.3,21.11,0.0,26.1
2004-06-07,29.8,56,21,16.2,26.24,0.0,29.6
2004-06-08,28.3,62,10,12.3,27.07,0.0,28.0
2004-06-09,33.3,54,23,11.6,28.49,0.0,34.1
2004-06-10,33.0,51,71,11.8,27.35,0.0,33.2
2004-06-11,34.1,47,5,12.2,28.45,0.0,34.6
2004-06-12,35.0,43,93,14.9,23.66,0.0,35.6
2004-06-13,31.8,47,100,18.4,14.46,0.0,31.7
2004-06-14,20.8,85,100,18.2,2.25,9.9,20.6
2004-06-15,20.0,89,100,16.3,2.28,2.0,19.2
2004-06-16,29.1,68,64,10.6,20.59,0.8,29.2
2004-06-17,31.6,72,81,19.6,18.19,0.3,28.7
2004-06-18,31.7,59,48,23.3,24.75,0.1,30.1
2004-06-19,31.0,60,20,9.4,26.25,0.0,30.4
2004-06-20,35.6,58,17,14.4,26.78,1.4,36.6
2004-06-21,37.2,55,14,16.6,27.44,0.3,
2004-06-22,37.1,56,35,17.7,27.12,0.0,35.6
2004-06-23,36.4,58,79,17.7,25.23,0.1,33.0
2004-06-24,36.9,59,27,13.7,25.48,0.6,
2004-06-25,35.1,70,43,10.1,24.38,3.6,
2004-06-26,36.1,69,27,14.3,26.11,1.2,34.4
2004-06-27,35.5,68,45,14.3,23.73,1.3,
2004-06-28,36.1,62,41,14.6,24.22,0.3,35.7
2004-06-29,36.2,72,72,13.1,20.27,5.1,33.3
2004-06-30,26.5,93,100,14.8,3.2,36.4,26.2
2004-07-01,33.1,71,39,12.4,26.54,0.0,35.4
2004-07-02,35.8,65,72,8.0,23.3,0.0,
2004-07-03,34.9,70,6,9.8,26.92,0.0,34.8
2004-07-04,35.6,72,38,13.5,25.33,5.8,35.7
2004-07-05,35.6,65,50,11.7,24.84,0.4,38.7
2004-07-06,33.2,66,22,12.7,26.54,1.3,32.9
2004-07-07,34.4,57,20,8.7,27.51,0.0,35.6
2004-07-08,34.4,65,19,17.5,24.18,1.0,29.8
2004-07-09,31.5,77,69,12.4,21.56,13.8,
2004-07-10,25.1,94,99,10.7,4.71,26.4,24.1
2004-07-11,29.8,80,90,8.2,22.62,0.6,29.0
2004-07-12,28.2,83,61,13.1,18.84,3.5,26.8
2004-07-13,28.0,78,51,12.5,22.86,0.2,28.7
2004-07-14,29.2,79,54,10.3,21.25,0.6,28.5
2004-07-15,30.1,87,92,10.0,15.22,17.2,26.6
2004-07-16,23.8,98,100,14.0,3.44,45.2,
2004-07-17,27.2,89,99,11.5,9.12,44.5,27.5
2004-07-18,29.3,85,95,14.1,16.6,0.3,29.3
2004-07-19,30.6,82,93,14.9,22.86,0.0,30.8
2004-07-20,27.2,93,94,19.6,6.88,22.7,26.2
2004-07-21,31.5,78,40,24.9,21.96,0.0,31.8
2004-07-22,32.9,72,7,26.3,25.66,0.0,
2004-07-23,33.5,73,7,19.0,25.67,0.0,34.6
2004-07-24,33.9,81,59,15.3,20.81,12.0,35.1
2004-07-25,28.8,89,99,14.0,9.47,17.7,29.4
2004-07-26,32.6,82,99,18.3,19.3,0.1,30.9
2004-07-27,32.1,86,82,7.6,13.76,7.9,
2004-07-28,32.8,86,52,10.0,18.87,0.6,30.6
2004-07-29,32.6,85,36,9.4,19.9,4.2,34.2
2004-07-30,26.2,89,100,19.8,5.25,22.3,25.4
2004-07-31,25.5,83,90,14.5,7.85,3.1,26.9
2004-08-01,27.5,85,78,6.5,10.48,2.0,27.1
2004-08-02,27.6,92,95,12.2,8.42,17.1,26.6
2004-08-03,30.6,87,85,10.7,16.06,10.2,32.3
2004-08-04,28.2,89,96,25.1,8.62,8.9,29.2
2004-08-05,27.3,73,70,21.1,19.8,0.0,28.8
2004-08-06,29.2,78,55,9.5,19.13,0.0,30.6
2004-08-07,30.7,82,54,18.4,19.27,0.0,32.1
2004-08-08,32.0,82,35,14.3,19.89,0.0,33.1
2004-08-09,31.8,87,48,12.9,16.97,11.3,33.9
2004-08-10,30.1,92,96,13.2,8.69,10.4,30.2
2004-08-11,29.3,91,80,11.5,10.23,2.2,
2004-08-12,31.1,84,41,8.3,19.72,1.6,31.9
2004-08-13,25.8,83,76,30.1,12.74,1.0,26.4
2004-08-14,21.8,72,98,27.6,7.37,3.5,24.4
2004-08-15,21.2,79,100,21.9,3.75,9.5,22.2
2004-08-16,19.2,92,93,12.8,1.98,29.8,19.3
2004-08-17,25.8,81,38,12.6,22.21,0.0,25.9
2004-08-18,27.2,77,27,7.4,21.91,0.0,28.0
2004-08-19,27.7,78,45,11.0,20.91,0.0,
2004-08-20,24.6,88,100,9.8,6.48,2.1,23.8
2004-08-21,22.5,85,82,13.1,7.46,5.7,22.9
2004-08-22,25.3,80,62,12.3,14.85,0.0,26.4
2004-08-23,27.0,82,29,8.7,18.3,0.1,27.3
2004-08-24,27.4,82,59,7.9,18.07,1.5,27.7
2004-08-25,27.6,86,82,5.1,13.41,3.5,27.5
2004-08-26,26.3,86,94,12.7,7.59,3.2,27.6
2004-08-27,25.2,84,91,18.9,8.95,9.0,25.3
2004-08-28,28.2,80,88,11.0,15.8,0.1,30.3
2004-08-29,25.6,84,100,7.1,8.04,0.6,28.0
2004-08-30,28.9,73,11,14.0,24.21,0.0,
2004-08-31,30.0,74,47,10.5,22.11,0.0,32.1
2004-09-01,30.7,78,9,10.9,23.25,0.0,33.4
2004-09-02,29.9,79,34,13.2,22.87,0.0,31.6
2004-09-03,24.4,85,100,6.5,3.56,6.4,23.3
2004-09-04,24.8,83,81,11.0,6.9,1.7,25.2
2004-09-05,26.4,85,70,8.3,12.17,7.5,24.4
2004-09-06,29.0,78,70,6.6,20.64,0.0,29.6
2004-09-07,24.9,62,53,22.7,21.96,0.2,26.1
2004-09-08,27.5,63,36,13.0,22.65,0.0,29.9
2004-09-09,28.6,73,5,9.9,22.53,0.0,30.8
2004-09-10,26.8,73,5,10.6,22.63,0.0,28.0
2004-09-11,26.2,67,3,10.8,22.67,0.0,27.7
2004-09-12,26.6,65,15,10.3,22.0,0.0,27.3
2004-09-13,26.1,67,88,7.3,16.91,0.0,29.9
2004-09-14,21.4,79,83,14.2,12.38,1.8,21.5
2004-09-15,24.4,77,52,12.4,13.37,0.0,25.9
2004-09-16,30.0,76,9,17.7,21.16,0.0,31.1
2004-09-17,30.1,73,26,22.5,19.23,3.5,28.3
2004-09-18,24.4,79,98,16.5,13.13,14.5,
2004-09-19,21.2,83,100,21.7,5.59,38.7,
2004-09-20,24.7,67,61,19.2,19.33,4.5,24.9
2004-09-21,23.5,60,20,10.1,21.59,0.0,24.6
2004-09-22,24.4,62,37,10.5,20.65,0.0,26.7
2004-09-23,25.1,68,26,11.9,21.19,0.0,27.3
2004-09-24,23.6,73,97,13.0,14.36,0.0,
2004-09-25,22.3,80,89,6.8,9.8,1.8,21.6
2004-09-26,24.6,76,48,7.0,16.57,0.0,25.8
2004-09-27,27.5,76,59,7.6,19.25,0.0,29.2
2004-09-28,27.1,77,16,12.1,19.26,0.0,28.7
2004-09-29,25.2,80,88,11.8,9.77,1.8,23.8
2004-09-30,20.0,85,99,26.3,2.37,27.9,18.6
2004-10-01,19.1,42,88,18.4,14.89,0.0,18.6
2004-10-02,19.5,41,0,17.1,20.68,0.0,
2004-10-03,21.9,58,0,10.5,20.01,0.0,
2004-10-04,22.0,64,38,10.0,19.32,0.0,23.5
2004-10-05,22.3,66,96,10.1,15.94,0.0,
2004-10-06,23.6,71,31,10.9,18.42,0.0,24.4
2004-10-07,24.3,76,15,8.7,18.02,0.5,24.9
2004-10-08,23.9,79,10,6.6,17.69,0.4,
2004-10-09,24.2,71,16,7.2,17.72,0.0,25.1
2004-10-10,22.9,71,82,10.5,9.96,0.0,20.3
2004-10-11,24.7,66,5,15.4,17.78,0.0,
2004-10-12,22.2,69,4,7.7,17.63,0.0,24.1
2004-10-13,23.7,56,16,16.9,18.01,0.0,22.9
2004-10-14,17.9,52,92,11.8,12.42,0.0,
2004-10-15,22.0,67,54,11.7,14.86,0.0,
2004-10-16,17.9,80,94,7.1,3.8,0.2,17.1
2004-10-17,18.7,78,79,8.1,6.75,3.4,18.1
2004-10-18,21.3,75,4,7.9,16.3,0.0,22.3
2004-10-19,22.4,74,1,8.7,16.51,0.0,23.0
2004-10-20,22.7,72,7,9.5,15.46,0.0,23.1
2004-10-21,18.1,54,73,21.6,9.21,0.0,19.2
2004-10-22,18.0,58,98,6.5,10.94,0.0,18.9
2004-10-23,16.6,54,88,10.4,6.18,0.5,17.4
2004-10-24,19.5,69,22,9.2,14.46,0.0,18.5
2004-10-25,20.9,72,8,27.2,15.41,0.0,20.0
2004-10-26,14.9,59,18,22.8,15.77,0.0,15.2
2004-10-27,15.7,58,17,11.9,15.18,0.0,16.2
2004-10-28,17.2,65,54,9.1,7.7,0.0,16.6
2004-10-29,19.8,70,29,6.6,12.74,0.0,19.3
2004-10-30,19.2,77,62,5.7,8.35,0.2,17.3
2004-10-31,21.5,67,44,18.8,11.49,0.0,21.0
2004-11-01,18.8,40,0,20.3,15.15,0.0,19.2
2004-11-02,20.0,48,0,11.8,14.84,0.0,21.8
2004-11-03,21.3,70,0,9.6,13.95,0.0,22.4
2004-11-04,23.0,77,35,11.7,13.17,0.0,22.6
2004-11-05,16.6,52,0,16.1,14.19,0.0,16.5
2004-11-06,20.3,63,0,14.3,13.55,0.0,19.1
2004-11-07,23.1,80,30,11.0,13.17,0.0,22.7
2004-11-08,21.8,84,96,11.8,9.49,2.4,15.4
2004-11-09,15.8,85,98,14.0,4.66,13.5,13.0
2004-11-10,15.8,74,74,16.2,5.19,0.0,14.6
2004-11-11,12.7,46,61,13.7,6.86,0.0,10.8
2004-11-12,9.1,68,64,17.4,8.44,2.1,6.3
2004-11-13,9.9,81,92,12.2,7.05,2.9,10.2
2004-11-14,15.0,66,76,20.1,9.79,0.0,14.3
2004-11-15,14.6,40,0,17.3,13.19,0.0,14.9
2004-11-16,15.1,39,0,20.1,13.14,0.0,15.8
2004-11-17,15.9,49,3,12.3,12.92,0.0,17.4
2004-11-18,17.1,68,3,10.1,12.74,0.0,17.9
2004-11-19,17.9,72,38,9.4,12.25,0.0,16.6
2004-11-20,14.9,67,58,10.2,12.14,0.0,13.6
2004-11-21,14.3,61,0,9.9,12.1,0.0,13.0
2004-11-22,15.1,76,10,9.1,11.79,0.0,15.0
2004-11-23,16.3,69,62,10.2,10.68,0.0,16.4
2004-11-24,11.2,79,85,27.6,3.94,7.2,10.7
2004-11-25,1.9,82,77,23.4,5.29,9.0,2.0
2004-11-26,7.4,43,1,19.2,12.35,0.0,7.4
2004-11-27,12.8,41,0,15.0,12.0,0.0,13.5
2004-11-28,14.1,50,0,13.4,12.14,0.0,15.2
2004-11-29,15.7,57,13,15.6,11.86,0.0,16.7
2004-11-30,10.7,78,98,7.6,6.45,0.0,4.8
2004-12-01,10.0,85,90,14.0,3.46,0.2,6.2
2004-12-02,8.4,87,100,15.5,1.23,0.0,5.4
2004-12-03,12.7,79,80,20.9,3.82,2.8,12.4
2004-12-04,13.6,43,4,21.6,11.53,0.0,14.0
2004-12-05,11.2,56,10,12.3,11.23,0.0,12.0
2004-12-06,11.7,41,45,26.8,11.08,0.0,12.3
2004-12-07,13.8,43,0,17.8,11.36,0.0,14.1
2004-12-08,15.2,67,0,10.8,11.19,0.0,17.1
2004-12-09,14.2,59,35,22.0,7.32,0.0,13.8
2004-12-10,12.7,53,29,12.0,11.12,0.0,
2004-12-11,13.4,72,68,8.9,8.51,0.0,13.6
2004-12-12,12.1,71,0,11.0,10.87,0.0,11.4
2004-12-13,13.4,86,49,12.1,9.77,0.0,
2004-12-14,13.1,90,74,8.6,5.23,3.3,5.6
2004-12-15,8.6,86,79,11.8,7.28,0.0,4.8
2004-12-16,6.0,81,100,15.8,3.12,0.0,4.3
2004-12-17,11.0,81,29,9.7,9.75,0.4,7.4
2004-12-18,6.9,83,70,6.9,6.37,0.0,2.5
2004-12-19,9.7,78,70,20.5,7.79,0.0,6.3
2004-12-20,2.6,35,73,18.1,9.63,0.0,1.6
2004-12-21,-0.2,78,100,20.6,1.41,17.7,
2004-12-22,-1.3,84,100,21.1,5.03,1.9,-1.9
2004-12-23,-2.4,70,73,18.1,6.04,0.5,-3.4
2004-12-24,0.3,68,34,7.2,10.54,0.0,-1.9
2004-12-25,1.0,78,85,7.4,6.97,0.7,-0.1
2004-12-26,0.4,85,91,11.2,5.74,0.6,0.2
2004-12-27,0.1,76,99,9.6,7.38,0.0,-0.9
2004-12-28,0.3,64,50,11.5,10.09,0.0,-1.5
2004-12-29,-3.3,64,83,10.6,6.29,1.1,-3.9
2004-12-30,-3.1,59,12,31.2,12.08,0.0,-2.5
2004-12-31,-2.8,47,0,18.7,11.98,0.0,-1.7
2005-01-01,0.2,52,38,11.7,10.22,0.0,2.1
2005-01-02,3.9,65,5,15.5,11.75,0.0,5.7
2005-01-03,4.3,63,26,18.9,9.93,0.0,7.6
2005-01-04,1.4,56,57,9.0,10.9,0.0,1.4
2005-01-05,1.6,60,52,10.1,8.0,0.0,0.6
2005-01-06,5.4,74,43,14.3,9.53,0.3,1.3
2005-01-07,2.9,51,66,15.3,9.75,0.0,2.0
2005-01-08,4.7,53,85,9.2,10.45,0.0,2.6
2005-01-09,2.8,53,24,9.4,11.91,0.0,1.7
2005-01-10,7.2,63,8,10.5,11.95,0.0,6.9
2005-01-11,4.8,67,61,9.2,11.69,0.0,3.2
2005-01-12,5.6,65,82,8.9,11.84,0.0,2.4
2005-01-13,6.1,71,56,9.0,10.66,0.0,4.4
2005-01-14,5.0,53,0,10.8,12.5,0.0,4.4
2005-01-15,4.8,64,0,10.7,12.75,0.0,4.4
2005-01-16,6.9,69,0,10.5,12.77,0.0,6.9
2005-01-17,10.6,69,9,11.6,12.55,0.0,10.0
2005-01-18,6.1,62,35,10.2,12.66,0.0,5.3
2005-01-19,6.9,65,11,9.1,13.11,0.0,6.8
2005-01-20,6.5,62,67,10.5,10.99,0.0,
2005-01-21,4.4,69,85,9.5,6.75,0.0,4.0
2005-01-22,5.5,69,34,9.1,12.52,0.0,
2005-01-23,6.1,84,74,9.2,7.59,0.0,2.9
2005-01-24,4.3,83,77,14.9,5.28,0.1,2.3
2005-01-25,4.1,50,36,15.5,12.88,0.2,4.1
2005-01-26,2.4,70,64,7.2,6.36,0.3,2.0
2005-01-27,5.8,72,56,9.4,13.01,0.0,7.3
2005-01-28,8.5,75,23,16.3,13.73,0.0,5.9
2005-01-29,2.5,48,81,21.6,12.79,0.0,2.0
2005-01-30,3.8,43,31,8.4,14.13,0.0,3.7
2005-01-31,7.4,33,57,19.2,11.7,0.0,7.1
2005-02-01,4.2,44,82,11.6,12.88,0.0,4.1
2005-02-02,5.4,50,71,13.2,12.79,0.0,5.4
2005-02-03,7.6,55,3,13.1,14.2,0.0,8.3
2005-02-04,6.0,68,40,19.2,12.52,0.1,3.3
2005-02-05,1.1,59,85,20.9,5.32,0.6,0.0
2005-02-06,-1.8,72,94,16.9,3.08,2.9,-3.5
2005-02-07,2.4,70,40,8.5,13.11,0.0,-1.4
2005-02-08,1.2,74,95,10.2,5.95,0.0,-2.6
2005-02-09,2.4,72,68,17.9,11.17,0.0,-0.4
2005-02-10,2.9,45,52,10.6,15.29,0.0,1.8
2005-02-11,3.8,58,79,7.8,12.3,1.6,2.4
2005-02-12,4.5,78,42,11.5,14.17,0.7,4.6
2005-02-13,4.6,82,87,13.6,10.02,2.3,0.4
2005-02-14,2.3,95,100,11.4,3.79,3.1,0.8
2005-02-15,3.7,91,97,18.3,5.63,3.5,3.3
2005-02-16,4.1,80,94,14.6,9.59,0.0,2.1
2005-02-17,1.2,71,92,21.2,7.87,0.9,-0.5
2005-02-18,5.3,73,65,11.2,12.11,0.0,0.9
2005-02-19,2.3,47,69,11.0,15.76,0.3,1.7
2005-02-20,5.4,39,0,12.4,17.95,0.0,5.2
2005-02-21,10.8,59,0,19.7,17.61,0.0,11.4
2005-02-22,15.9,65,2,18.8,17.69,0.0,17.6
2005-02-23,4.5,64,64,21.7,11.13,0.0,2.4
2005-02-24,8.7,70,65,17.4,13.74,0.0,2.9
2005-02-25,4.9,58,82,17.1,14.82,0.0,2.8
2005-02-26,7.2,61,64,9.8,17.7,0.0,7.0
2005-02-27,11.9,64,79,12.4,16.02,0.0,11.0
2005-02-28,13.9,70,23,11.0,18.42,0.0,13.9
2005-03-01,15.2,69,93,12.5,17.84,0.0,11.5
2005-03-02,8.1,66,77,20.9,11.06,1.8,7.5
2005-03-03,11.1,44,15,29.6,18.13,0.0,11.5
2005-03-04,5.8,23,33,23.2,16.21,0.0,
2005-03-05,12.9,36,0,12.1,20.02,0.0,15.0
2005-03-06,17.7,57,0,13.8,19.9,0.0,19.9
2005-03-07,20.8,57,1,11.0,19.85,0.0,21.0
2005-03-08,17.9,68,54,15.1,18.62,0.0,13.0
2005-03-09,18.2,61,3,13.3,19.43,0.0,16.4
2005-03-10,12.8,72,60,29.3,16.04,1.2,10.0
2005-03-11,2.3,41,93,21.9,9.63,0.0,1.5
2005-03-12,6.7,41,69,12.4,18.8,0.0,7.0
2005-03-13,10.9,38,14,12.7,21.65,0.0,12.5
2005-03-14,16.7,47,68,19.0,17.52,0.0,17.7
2005-03-15,16.4,52,84,9.4,18.21,0.0,15.4
2005-03-16,15.8,67,70,14.8,9.18,0.0,13.1
2005-03-17,14.7,33,44,26.0,17.18,0.0,14.9
2005-03-18,11.7,35,34,11.9,21.58,0.0,11.1
2005-03-19,13.5,49,59,11.2,14.18,0.2,11.1
2005-03-20,17.5,62,52,17.4,21.65,1.7,16.1
2005-03-21,8.7,89,90,13.6,2.93,6.7,10.4
2005-03-22,14.6,81,79,7.9,13.69,0.0,12.1
2005-03-23,20.5,54,30,27.9,22.25,0.0,20.1
2005-03-24,11.1,28,55,22.4,22.65,0.0,10.8
2005-03-25,17.5,50,59,17.1,21.66,0.0,16.4
2005-03-26,16.7,58,68,15.3,17.19,0.0,16.0
2005-03-27,18.8,69,70,10.1,20.25,0.0,18.0
2005-03-28,21.8,63,32,17.7,21.94,0.0,18.9
2005-03-29,14.2,47,100,16.8,11.35,0.0,12.8
2005-03-30,19.5,55,53,13.3,21.77,0.0,18.8
2005-03-31,21.9,62,57,13.4,22.41,0.0,20.9
2005-04-01,19.1,58,98,15.3,19.23,0.0,16.0
2005-04-02,21.3,59,8,18.7,23.43,0.0,18.5
2005-04-03,20.1,51,0,14.0,23.71,0.0,18.8
2005-04-04,26.8,52,1,18.6,23.82,0.0,26.3
2005-04-05,27.9,62,54,24.5,19.67,0.5,26.8
2005-04-06,31.4,60,6,22.1,23.75,0.0,32.3
2005-04-07,27.1,56,38,23.6,20.31,0.0,
2005-04-08,18.2,50,95,26.5,7.52,3.4,15.7
2005-04-09,15.7,72,88,20.0,12.14,8.4,14.7
2005-04-10,17.4,54,73,8.2,21.28,0.0,17.1
2005-04-11,17.7,56,97,11.4,13.85,0.1,15.8
2005-04-12,21.3,38,70,27.5,21.92,0.0,21.0
2005-04-13,21.9,43,24,15.3,25.89,0.0,22.5
2005-04-14,23.6,39,24,26.1,25.6,0.0,21.4
2005-04-15,21.5,49,43,11.2,23.12,0.0,19.4
2005-04-16,26.0,62,49,13.8,23.0,0.0,25.3
2005-04-17,28.8,56,54,12.0,23.25,0.0,29.0
2005-04-18,29.4,50,100,12.1,22.35,0.0,29.3
2005-04-19,25.6,38,75,29.4,23.74,1.2,25.4
2005-04-20,27.6,25,0,25.2,25.53,0.0,26.4
2005-04-21,24.6,31,29,11.4,26.34,0.0,24.6
2005-04-22,23.8,46,95,13.2,20.2,0.0,22.5
2005-04-23,26.9,55,57,18.0,24.83,0.0,24.1
2005-04-24,28.0,54,35,17.1,24.49,0.5,26.7
2005-04-25,29.9,46,1,11.7,26.19,0.0,31.0
2005-04-26,31.4,55,32,19.5,22.84,2.4,28.0
2005-04-27,35.1,41,22,19.2,26.43,0.0,35.9
2005-04-28,35.4,47,54,21.0,24.7,0.0,37.2
2005-04-29,28.3,56,71,13.4,17.1,0.7,26.8
2005-04-30,30.8,73,84,8.3,16.69,0.0,29.9
2005-05-01,25.2,47,91,30.3,16.87,3.2,23.3
2005-05-02,26.7,43,39,15.5,26.54,0.0,25.6
2005-05-03,27.9,57,94,19.8,22.4,0.1,26.3
2005-05-04,23.3,84,100,12.9,8.46,9.3,20.3
2005-05-05,24.9,73,84,34.0,14.32,2.5,20.6
2005-05-06,23.9,52,4,22.0,27.64,0.0,23.5
2005-05-07,30.7,51,66,24.7,25.7,0.0,29.1
2005-05-08,25.0,33,88,24.2,26.89,0.0,25.6
2005-05-09,25.8,48,58,20.6,26.53,0.0,22.9
2005-05-10,29.1,52,48,24.3,20.35,0.1,27.4
2005-05-11,27.9,60,20,14.7,25.96,0.0,26.2
2005-05-12,30.6,55,72,16.2,23.33,0.0,29.1
2005-05-13,24.8,70,95,17.3,9.48,2.7,22.4
2005-05-14,21.6,67,76,17.9,9.32,0.0,23.0
2005-05-15,19.0,81,100,14.9,4.51,2.0,18.9
2005-05-16,19.3,95,100,15.5,2.87,30.2,17.8
2005-05-17,23.0,80,81,15.9,11.07,2.9,18.2
2005-05-18,26.0,67,54,10.9,25.24,0.0,26.6
2005-05-19,25.5,63,60,12.3,26.69,0.0,26.3
2005-05-20,25.3,63,59,11.1,21.95,0.0,24.2
2005-05-21,29.0,63,76,11.9,25.39,0.0,30.0
2005-05-22,28.3,54,57,11.6,24.2,0.0,29.3
2005-05-23,29.1,55,90,10.1,24.67,0.0,29.0
2005-05-24,29.4,57,69,17.7,24.24,0.0,29.7
2005-05-25,28.2,54,71,12.7,24.78,0.0,27.7
2005-05-26,29.3,59,79,13.6,26.43,0.0,28.7
2005-05-27,29.9,60,55,9.2,25.41,0.0,28.2
2005-05-28,29.4,62,83,15.3,23.69,0.0,27.5
2005-05-29,28.4,61,59,12.5,18.13,0.0,28.9
2005-05-30,30.6,63,84,12.3,19.11,0.0,29.7
2005-05-31,31.7,62,90,12.7,18.23,0.0,30.1
2005-06-01,34.9,38,9,21.2,28.5,0.0,35.0
2005-06-02,35.5,28,29,14.3,29.29,0.0,37.4
2005-06-03,36.9,35,74,10.9,28.33,0.0,36.1
2005-06-04,35.7,44,54,10.3,24.46,0.0,33.1
2005-06-05,29.1,51,100,16.9,8.75,3.6,25.8
2005-06-06,28.6,67,88,16.1,21.82,1.1,27.5
2005-06-07,30.5,61,33,15.3,26.18,0.0,30.3
2005-06-08,29.8,70,55,17.2,16.43,9.5,30.6
2005-06-09,25.2,90,97,18.4,7.89,24.3,22.7
2005-06-10,30.8,73,55,12.8,27.04,0.0,31.6
2005-06-11,33.7,64,33,18.9,28.42,0.0,36.5
2005-06-12,33.8,59,4,19.1,28.95,0.0,37.0
2005-06-13,34.1,55,46,17.7,28.05,0.0,37.0
2005-06-14,35.2,62,10,13.6,27.55,1.3,35.2
2005-06-15,34.3,58,82,10.1,24.76,0.0,37.0
2005-06-16,35.6,51,81,14.8,19.27,0.0,37.4
2005-06-17,35.7,55,97,15.6,20.78,0.0,37.0
2005-06-18,36.4,58,47,11.9,26.5,0.9,33.4
2005-06-19,37.4,53,33,18.8,27.36,0.0,37.5
2005-06-20,38.5,56,72,19.9,25.65,1.9,37.7
2005-06-21,35.6,65,88,10.4,23.28,1.5,33.5
2005-06-22,38.8,55,17,16.5,28.22,0.0,38.8
2005-06-23,39.6,43,23,20.2,28.4,0.0,39.7
2005-06-24,38.1,46,45,19.8,27.54,0.0,36.4
2005-06-25,34.3,70,99,15.2,11.82,20.9,31.8
2005-06-26,30.0,75,84,19.6,21.32,65.3,27.0
2005-06-27,28.4,75,80,11.5,15.23,0.2,27.1
2005-06-28,31.7,79,30,16.2,22.15,0.2,30.1
2005-06-29,33.8,74,14,16.6,25.61,0.0,34.3
2005-06-30,32.9,79,96,16.3,16.61,5.5,33.8
2005-07-01,32.7,83,95,17.1,14.41,27.5,33.4
2005-07-02,33.3,73,99,16.7,17.96,0.5,33.1
2005-07-03,28.7,81,84,15.5,11.34,10.3,26.1
2005-07-04,28.0,72,94,14.4,10.07,4.2,25.6
2005-07-05,28.9,76,83,8.5,8.7,1.9,27.2
2005-07-06,25.2,85,83,12.9,6.35,6.5,26.8
2005-07-07,26.5,83,84,7.9,16.83,3.4,27.9
2005-07-08,28.0,84,92,6.0,15.96,6.1,29.2
2005-07-09,31.5,80,88,16.1,23.3,0.0,32.9
2005-07-10,27.5,85,97,13.7,11.46,3.6,29.9
2005-07-11,31.5,80,68,11.7,25.5,0.2,31.8
2005-07-12,32.5,78,58,15.9,25.67,0.0,34.2
2005-07-13,32.2,77,6,19.1,26.3,0.0,32.8
2005-07-14,31.9,76,7,16.7,26.94,0.0,33.4
2005-07-15,31.7,86,42,15.0,19.24,4.9,32.5
2005-07-16,30.0,89,82,19.1,12.25,23.0,28.2
2005-07-17,29.7,91,97,14.5,9.48,42.6,27.4
2005-07-18,30.4,88,90,15.1,11.49,9.7,29.2
2005-07-19,30.7,82,72,11.3,15.63,0.4,32.1
2005-07-20,32.4,80,41,9.1,24.63,0.0,33.5
2005-07-21,29.7,86,91,16.3,16.7,15.2,31.2
2005-07-22,27.9,96,99,13.5,5.84,29.8,27.5
2005-07-23,26.6,96,97,11.5,7.01,7.6,25.2
2005-07-24,28.4,90,73,14.1,7.93,13.5,28.7
2005-07-25,29.2,77,29,14.2,20.88,0.0,29.6
2005-07-26,29.7,77,37,8.2,21.99,0.0,30.1
2005-07-27,29.0,87,89,11.3,11.47,16.2,29.7
2005-07-28,31.0,80,29,7.0,25.45,0.1,32.8
2005-07-29,30.9,88,56,11.1,16.74,17.3,
2005-07-30,30.5,90,85,16.3,12.94,38.4,30.2
2005-07-31,30.5,90,75,8.4,11.47,8.3,32.4
2005-08-01,33.9,83,44,12.8,23.16,2.4,34.4
2005-08-02,29.1,90,87,11.3,7.32,11.6,28.9
2005-08-03,29.4,86,86,14.1,17.48,2.7,29.8
2005-08-04,28.1,87,76,13.0,18.48,4.6,28.7
2005-08-05,28.6,87,20,17.6,19.74,1.2,28.7
2005-08-06,27.9,87,62,18.9,13.29,1.1,27.4
2005-08-07,29.2,82,56,21.4,18.86,0.1,30.4
2005-08-08,29.7,76,20,14.8,21.42,0.0,31.4
2005-08-09,31.0,77,40,19.3,20.84,0.3,31.8
2005-08-10,32.2,80,46,16.3,17.3,2.9,34.1
2005-08-11,34.3,76,34,18.6,24.35,0.0,35.3
2005-08-12,34.4,72,45,19.1,24.61,0.0,36.0
2005-08-13,33.6,77,39,17.4,20.98,0.0,35.8
2005-08-14,30.7,84,85,12.6,13.25,6.2,33.0
2005-08-15,31.8,85,68,11.5,17.58,1.3,33.0
2005-08-16,32.3,85,54,23.2,18.22,10.7,33.6
2005-08-17,21.3,86,100,20.6,3.27,15.5,21.8
2005-08-18,23.9,72,99,20.3,15.34,0.0,25.1
2005-08-19,24.5,75,75,9.5,17.78,2.8,27.0
2005-08-20,21.9,79,94,12.6,4.46,0.0,22.0
2005-08-21,23.8,70,89,10.0,10.31,0.0,24.0
2005-08-22,21.5,90,94,9.8,3.73,7.6,20.8
2005-08-23,20.1,87,85,19.5,2.83,8.9,20.6
2005-08-24,25.8,68,1,12.0,24.61,0.0,27.1
2005-08-25,27.2,74,23,8.2,22.56,0.0,28.6
2005-08-26,28.6,78,8,14.6,23.75,0.0,29.6
2005-08-27,29.2,78,62,11.5,22.64,0.0,30.0
2005-08-28,25.8,90,97,10.4,7.94,12.5,26.1
2005-08-29,25.0,93,73,16.2,6.69,37.0,22.5
2005-08-30,27.8,79,23,16.8,21.61,0.0,28.0
2005-08-31,28.1,79,55,8.4,16.5,0.0,29.9
2005-09-01,29.9,77,10,7.8,22.83,0.0,31.0
2005-09-02,23.1,89,74,26.8,5.31,14.5,24.0
2005-09-03,24.6,69,41,19.1,21.5,2.1,25.7
2005-09-04,24.7,68,58,14.3,21.21,0.0,26.0
2005-09-05,25.4,68,71,6.8,19.94,0.5,26.3
2005-09-06,26.5,70,30,6.8,23.13,0.0,27.3
2005-09-07,28.9,75,8,8.6,22.46,0.0,29.4
2005-09-08,29.1,80,9,8.0,21.46,0.0,30.6
2005-09-09,30.4,81,19,9.9,21.1,0.0,31.2
2005-09-10,30.6,76,0,12.8,22.53,0.0,31.9
2005-09-11,28.8,77,6,10.9,21.28,0.0,30.3
2005-09-12,28.9,77,6,8.7,21.06,0.0,30.0
2005-09-13,29.1,76,16,7.8,17.82,0.0,30.0
2005-09-14,23.6,81,74,13.2,6.08,4.9,24.0
2005-09-15,26.5,90,95,9.0,5.44,15.1,22.8
2005-09-16,28.0,87,93,10.4,11.14,3.2,24.7
2005-09-17,27.0,74,54,16.1,19.99,0.0,30.6
2005-09-18,24.2,85,74,8.9,6.23,0.9,25.6
2005-09-19,29.7,90,91,21.8,12.03,13.5,25.9
2005-09-20,20.7,92,100,23.5,2.43,14.1,19.6
2005-09-21,20.0,81,96,23.7,5.26,27.3,20.1
2005-09-22,22.4,69,19,11.9,20.74,0.0,23.2
2005-09-23,22.2,69,73,9.0,12.12,0.0,24.2
2005-09-24,24.4,75,70,8.4,19.04,0.7,26.0
2005-09-25,20.1,83,88,12.6,9.21,11.7,19.7
2005-09-26,17.5,90,99,8.2,4.95,10.6,16.5
2005-09-27,18.1,94,100,11.3,1.98,20.2,17.2
2005-09-28,19.2,96,100,9.7,2.28,7.5,18.2
2005-09-29,19.5,97,93,7.4,1.82,5.9,19.4
2005-09-30,23.8,90,82,8.2,6.78,3.2,23.0
2005-10-01,21.7,90,100,14.6,4.08,10.7,19.9
2005-10-02,17.9,88,100,23.7,2.33,21.4,18.2
2005-10-03,15.1,87,97,17.4,4.59,5.6,15.6
2005-10-04,20.8,77,72,8.4,18.07,0.0,19.2
2005-10-05,22.2,75,34,11.7,18.63,0.0,23.3
2005-10-06,20.4,91,99,9.7,5.11,7.6,18.0
2005-10-07,22.7,60,14,20.4,19.32,0.0,23.2
2005-10-08,22.5,63,40,7.9,17.93,0.0,23.1
2005-10-09,23.0,66,43,11.9,18.21,0.0,24.3
2005-10-10,22.4,70,0,11.5,18.21,0.0,23.5
2005-10-11,22.6,75,13,11.0,17.19,0.0,23.1
2005-10-12,22.4,77,53,7.1,12.74,0.0,19.1
2005-10-13,24.0,77,64,17.6,12.45,0.5,23.0
2005-10-14,17.5,59,68,12.1,8.55,0.1,17.3
2005-10-15,21.9,48,24,16.3,17.83,0.0,24.0
2005-10-16,24.6,55,21,12.3,17.53,0.0,28.0
2005-10-17,21.3,61,4,20.5,17.32,0.0,21.3
2005-10-18,20.9,68,83,13.4,13.13,0.0,17.6
2005-10-19,21.1,77,78,9.3,10.9,1.2,17.2
2005-10-20,16.6,85,100,7.8,2.24,8.2,16.3
2005-10-21,17.5,79,99,23.6,9.06,0.8,15.0
2005-10-22,14.0,54,84,13.1,14.07,0.0,13.3
2005-10-23,21.2,65,1,11.4,15.86,0.0,22.0
2005-10-24,22.2,63,36,10.9,15.08,0.0,24.0
2005-10-25,20.6,76,13,12.7,13.46,0.1,21.6
2005-10-26,21.9,74,19,9.9,14.17,0.0,23.0
2005-10-27,19.8,78,90,19.0,10.17,0.4,17.8
2005-10-28,16.2,60,98,14.5,12.45,0.0,15.6
2005-10-29,17.7,55,7,11.2,15.48,0.0,18.0
2005-10-30,18.1,62,26,7.9,14.87,0.2,19.1
2005-10-31,18.9,64,1,15.1,15.06,0.0,20.6
2005-11-01,20.0,64,28,13.8,12.85,0.0,21.0
2005-11-02,22.5,73,15,8.7,13.64,0.0,22.7
2005-11-03,22.9,78,12,8.6,13.72,0.0,24.0
2005-11-04,23.8,82,43,6.6,11.69,2.1,23.0
2005-11-05,22.2,74,78,20.5,7.49,3.6,20.3
2005-11-06,19.4,38,15,19.9,14.44,0.0,21.2
2005-11-07,22.7,54,4,12.0,13.7,0.0,25.0
2005-11-08,18.5,54,49,11.2,12.76,0.0,19.1
2005-11-09,21.5,71,42,9.8,12.82,0.0,23.0
2005-11-10,20.6,71,21,10.1,13.31,0.1,22.3
2005-11-11,20.0,73,14,9.3,13.26,0.0,19.0
2005-11-12,18.1,83,69,10.2,7.76,1.7,14.4
2005-11-13,13.5,81,99,25.7,2.33,3.0,11.1
2005-11-14,11.3,58,97,14.2,8.67,0.0,11.0
2005-11-15,12.3,58,75,10.1,11.06,0.0,12.0
2005-11-16,13.0,61,67,9.0,11.95,0.0,13.0
2005-11-17,14.3,67,65,9.5,12.08,0.0,13.0
2005-11-18,14.2,70,88,9.0,10.17,0.0,13.0
2005-11-19,12.9,73,54,9.0,10.91,0.0,10.0
2005-11-20,13.7,77,36,8.4,10.77,0.0,11.6
2005-11-21,14.5,73,19,10.0,12.05,0.0,12.3
2005-11-22,13.7,60,62,14.5,11.96,0.0,13.0
2005-11-23,13.9,33,21,23.0,12.45,0.0,14.2
2005-11-24,15.1,38,0,17.9,12.41,0.0,16.0
2005-11-25,16.2,40,0,15.5,12.23,0.0,18.0
2005-11-26,17.6,43,2,16.5,11.76,0.0,19.0
2005-11-27,18.3,67,54,17.5,10.62,0.0,20.7
2005-11-28,13.0,29,72,28.8,10.36,0.0,15.0
2005-11-29,14.0,34,28,17.4,12.02,0.0,15.0
2005-11-30,15.8,36,26,17.1,11.84,0.0,17.0
2005-12-01,11.4,38,83,12.5,8.92,0.0,12.0
2005-12-02,10.3,57,52,9.4,10.76,0.0,9.6
2005-12-03,9.9,43,50,26.5,7.92,0.0,10.0
2005-12-04,3.0,23,13,21.1,11.88,0.0,2.7
2005-12-05,1.5,42,32,8.5,10.95,0.0,1.9
2005-12-06,4.4,44,3,8.6,11.44,0.0,4.3
2005-12-07,5.7,46,0,10.3,11.42,0.0,6.0
2005-12-08,7.8,65,7,7.8,10.95,0.0,6.0
2005-12-09,7.4,68,65,12.0,10.7,0.0,4.6
2005-12-10,5.0,58,73,20.7,7.83,0.0,3.3
2005-12-11,4.3,67,34,12.3,10.44,0.0,3.2
2005-12-12,4.8,53,5,10.0,11.03,0.0,4.2
2005-12-13,4.9,46,8,14.0,11.1,0.0,5.0
2005-12-14,4.0,24,1,26.8,11.28,0.0,4.0
2005-12-15,6.0,24,0,21.9,11.38,0.0,6.0
2005-12-16,8.2,26,0,19.7,11.26,0.0,9.0
2005-12-17,3.2,32,0,17.8,11.2,0.0,3.5
2005-12-18,7.3,44,7,13.8,11.03,0.0,8.9
2005-12-19,7.8,50,14,10.8,11.1,0.0,7.8
2005-12-20,7.1,56,39,20.6,8.78,0.0,5.7
2005-12-21,0.6,18,0,30.6,11.57,0.0,1.2
2005-12-22,10.7,23,0,21.3,11.09,0.0,13.0
2005-12-23,12.4,32,38,19.0,11.16,0.0,14.0
2005-12-24,11.2,51,63,12.8,9.9,0.0,11.0
2005-12-25,10.4,36,15,15.9,11.19,0.0,12.0
2005-12-26,7.8,71,57,8.3,8.58,0.0,8.1
2005-12-27,6.7,80,65,7.8,7.3,0.0,4.1
2005-12-28,7.7,79,43,8.2,9.17,0.0,5.0
2005-12-29,7.9,78,56,7.8,9.53,0.0,2.0
2005-12-30,2.0,88,99,13.5,2.05,2.3,0.8
2005-12-31,5.0,81,69,13.2,9.57,0.0,
2006-01-01,9.2,74,44,10.8,8.66,0.0,9.0
2006-01-02,8.6,71,61,10.9,8.85,0.0,7.3
2006-01-03,4.6,84,91,18.7,3.65,0.0,1.1
2006-01-04,1.4,77,83,25.3,4.27,1.1,-0.1
2006-01-05,-0.0,50,74,13.9,8.19,0.0,-0.5
2006-01-06,2.1,24,16,23.1,11.85,0.0,1.0
2006-01-07,4.3,33,22,12.4,11.82,0.0,4.0
2006-01-08,7.5,39,23,14.9,11.96,0.0,7.0
2006-01-09,9.5,44,1,13.6,12.2,0.0,11.0
2006-01-10,7.9,73,5,14.1,12.01,0.0,6.4
2006-01-11,7.0,67,36,14.0,11.14,0.0,5.0
2006-01-12,5.9,76,55,11.4,8.74,0.0,2.1
2006-01-13,8.5,77,69,10.1,9.66,0.0,6.4
2006-01-14,7.1,74,81,6.8,7.18,0.0,5.8
2006-01-15,10.4,69,58,9.1,11.32,0.0,10.4
2006-01-16,10.3,73,55,11.6,11.5,0.0,7.0
2006-01-17,5.4,78,94,19.7,6.45,0.3,1.0
2006-01-18,1.4,79,99,21.8,3.23,4.8,-2.1
2006-01-19,-1.7,85,99,24.2,4.55,10.0,-2.1
2006-01-20,1.8,73,87,15.7,9.96,0.0,0.7
2006-01-21,5.9,72,13,7.9,12.77,0.0,2.8
2006-01-22,3.3,77,58,7.4,10.23,0.0,4.4
2006-01-23,5.4,70,71,13.3,11.64,0.0,5.2
2006-01-24,6.0,73,38,10.1,11.98,0.0,4.2
2006-01-25,6.7,72,14,6.0,12.81,0.0,4.1
2006-01-26,10.2,68,4,12.4,13.63,0.0,8.5
2006-01-27,10.1,77,2,12.1,13.72,0.0,7.0
2006-01-28,9.5,85,51,10.2,12.78,0.2,0.9
2006-01-29,8.2,86,79,19.8,6.93,0.1,3.7
2006-01-30,3.1,81,94,21.9,4.0,5.2,3.7
2006-01-31,6.8,72,58,9.0,12.2,0.0,3.7
2006-02-01,7.1,83,78,13.7,10.22,0.0,-1.0
2006-02-02,5.7,74,89,18.1,8.31,0.0,3.5
2006-02-03,-0.1,37,62,20.6,13.67,0.0,0.0
2006-02-04,2.5,54,88,10.2,12.45,0.1,1.6
2006-02-05,0.3,83,91,7.9,5.49,6.6,-1.0
2006-02-06,11.0,61,35,30.1,13.37,0.0,9.0
2006-02-07,8.3,46,17,10.1,15.24,0.0,8.6
2006-02-08,2.3,46,71,12.4,12.69,0.0,1.2
2006-02-09,7.4,62,17,18.1,15.28,0.0,7.6
2006-02-10,15.1,59,0,20.2,15.9,0.0,16.0
2006-02-11,13.1,73,16,10.8,15.57,0.0,12.1
2006-02-12,13.8,84,51,14.1,15.29,0.0,7.4
2006-02-13,18.0,73,51,15.5,12.96,0.0,16.6
2006-02-14,17.1,47,66,16.0,14.91,0.0,18.5
2006-02-15,10.6,75,99,14.5,6.13,1.7,10.0
2006-02-16,6.8,36,95,19.1,14.69,0.0,7.6
2006-02-17,7.0,45,100,12.3,13.96,0.0,7.5
2006-02-18,9.9,60,54,12.8,15.03,0.0,10.8
2006-02-19,13.5,62,20,12.7,17.37,0.0,15.0
2006-02-20,15.0,69,47,21.9,15.96,0.0,15.0
2006-02-21,16.4,61,85,25.1,12.95,0.0,12.0
2006-02-22,10.0,42,72,12.6,17.47,0.0,10.0
2006-02-23,11.7,55,70,11.2,12.26,0.0,12.4
2006-02-24,12.6,62,62,15.5,17.6,0.0,11.8
2006-02-25,12.5,73,47,20.7,16.52,0.0,6.2
2006-02-26,4.3,55,94,25.0,9.33,0.0,3.0
2006-02-27,2.0,59,99,17.9,6.92,2.4,-1.9
2006-02-28,6.9,68,88,13.9,16.02,0.0,5.0
2006-03-01,12.0,38,5,15.3,19.49,0.0,12.0
2006-03-02,12.7,46,4,13.5,19.29,0.0,12.3
2006-03-03,15.9,69,11,12.2,18.67,0.4,15.2
2006-03-04,19.5,64,33,12.0,19.18,0.0,19.9
2006-03-05,20.7,66,63,8.0,17.33,0.0,21.2
2006-03-06,12.9,63,5,23.4,19.14,0.0,12.1
2006-03-07,20.1,73,52,9.7,18.91,0.0,19.4
2006-03-08,11.2,87,91,15.6,4.81,7.8,11.0
2006-03-09,15.0,83,72,15.6,10.08,0.0,13.6
2006-03-10,20.1,64,70,14.1,14.49,0.0,20.0
2006-03-11,11.2,48,99,23.0,9.42,0.0,13.0
2006-03-12,4.7,33,99,25.2,15.54,0.0,4.4
2006-03-13,11.0,30,27,21.8,21.81,0.0,11.0
2006-03-14,14.8,32,6,16.8,21.43,0.0,15.0
2006-03-15,14.6,35,32,28.8,18.36,0.0,15.0
2006-03-16,19.7,39,8,13.8,21.81,0.0,21.4
2006-03-17,20.1,58,15,17.2,18.77,0.0,21.5
2006-03-18,15.9,30,44,18.2,20.52,0.0,16.0
2006-03-19,18.2,47,42,22.0,21.47,0.0,17.0
2006-03-20,21.5,55,41,15.1,20.72,0.0,20.1
2006-03-21,21.3,68,57,11.1,18.84,0.2,20.0
2006-03-22,18.6,41,98,18.2,18.39,1.0,18.5
2006-03-23,18.7,36,57,13.4,21.76,0.0,17.1
2006-03-24,21.6,32,22,22.5,22.38,0.0,22.0
2006-03-25,22.5,34,57,11.3,19.59,0.0,23.0
2006-03-26,18.7,44,35,14.3,21.21,0.0,16.2
2006-03-27,24.2,42,21,37.4,23.18,0.0,24.2
2006-03-28,15.2,34,0,16.0,23.82,0.0,14.6
2006-03-29,25.2,36,2,16.9,23.71,0.0,26.0
2006-03-30,21.6,46,38,15.3,23.55,0.0,20.0
2006-03-31,26.1,67,23,16.9,22.0,0.0,24.0
2006-04-01,25.8,44,16,26.5,22.51,0.0,24.9
2006-04-02,24.8,38,15,20.1,24.21,0.0,24.2
2006-04-03,22.2,66,95,9.7,10.87,3.5,21.0
2006-04-04,18.6,78,86,23.0,6.97,4.8,15.9
2006-04-05,20.0,57,78,11.5,20.45,0.0,18.1
2006-04-06,25.3,56,25,20.3,23.64,0.0,25.0
2006-04-07,29.0,55,30,14.3,23.9,0.7,26.0
2006-04-08,26.0,68,82,15.1,18.15,0.0,25.0
2006-04-09,23.7,68,52,11.7,22.02,0.0,18.5
2006-04-10,26.3,72,7,15.1,23.9,0.0,24.8
2006-04-11,26.9,72,52,27.7,22.76,5.7,26.3
2006-04-12,11.6,72,99,36.4,7.05,12.8,9.0
2006-04-13,13.9,53,74,7.4,21.84,0.0,12.7
2006-04-14,15.8,53,99,15.6,18.98,0.0,15.1
2006-04-15,23.2,49,41,15.1,25.13,0.0,23.3
2006-04-16,24.3,49,2,24.8,25.36,0.0,24.0
2006-04-17,25.7,55,60,23.2,21.49,0.0,26.1
2006-04-18,28.4,51,54,15.3,23.14,0.0,26.5
2006-04-19,19.6,43,7,19.6,25.85,0.0,19.0
2006-04-20,20.3,40,42,15.1,25.74,0.0,19.7
2006-04-21,17.0,77,83,11.5,10.27,8.2,14.0
2006-04-22,22.4,68,47,15.8,25.86,0.0,21.0
2006-04-23,22.3,47,46,18.6,26.57,0.0,22.7
2006-04-24,25.1,51,22,15.0,25.98,0.0,24.9
2006-04-25,21.5,77,75,8.7,8.71,6.2,20.9
2006-04-26,28.5,69,82,14.6,23.05,0.0,29.0
2006-04-27,22.5,55,89,22.3,15.96,0.0,25.0
2006-04-28,28.8,54,30,24.9,25.35,0.0,29.2
2006-04-29,32.6,55,0,19.5,26.51,0.0,35.0
2006-04-30,34.9,56,8,20.1,26.46,0.0,35.9
2006-05-01,26.5,50,24,25.4,24.53,0.0,25.0
2006-05-02,24.6,41,90,13.3,19.92,0.0,23.2
2006-05-03,28.6,61,87,16.9,20.53,0.0,25.8
2006-05-04,31.3,80,98,17.7,19.12,10.0,30.0
2006-05-05,22.5,88,98,25.6,4.02,7.4,22.5
2006-05-06,25.4,62,42,14.8,24.79,0.0,24.2
2006-05-07,28.3,68,99,18.1,22.74,0.0,25.3
2006-05-08,28.2,72,59,14.1,22.49,0.0,27.2
2006-05-09,25.3,78,98,15.9,13.85,0.0,23.9
2006-05-10,23.9,55,94,22.6,20.4,0.0,21.0
2006-05-11,19.0,58,99,19.2,8.38,14.8,18.0
2006-05-12,17.7,70,98,16.4,16.24,4.5,16.8
2006-05-13,24.6,46,55,18.2,27.51,0.0,25.1
2006-05-14,27.5,35,30,15.5,28.0,0.0,28.4
2006-05-15,30.1,35,1,14.1,28.26,0.0,31.3
2006-05-16,30.4,48,4,19.6,27.59,0.0,30.9
2006-05-17,29.7,58,8,16.5,26.82,0.0,28.2
2006-05-18,30.1,55,12,18.6,27.3,0.0,29.3
2006-05-19,32.1,56,4,17.4,27.11,0.0,32.3
2006-05-20,32.6,53,75,16.9,25.13,0.0,30.0
2006-05-21,23.2,81,93,17.5,4.24,3.7,19.0
2006-05-22,28.0,64,28,16.3,26.99,0.0,27.0
2006-05-23,31.8,52,18,11.7,28.47,0.0,32.1
2006-05-24,28.3,70,98,17.6,12.51,19.0,28.0
2006-05-25,23.5,78,93,17.1,9.56,4.4,22.0
2006-05-26,24.4,72,51,22.5,14.97,2.7,24.0
2006-05-27,28.8,44,12,27.4,28.92,0.0,29.0
2006-05-28,28.8,57,40,9.8,28.38,0.0,31.0
2006-05-29,33.0,53,6,13.5,28.48,0.0,34.4
2006-05-30,32.9,44,7,21.0,28.91,0.0,34.1
2006-05-31,31.2,50,72,17.5,23.94,0.0,31.4
2006-06-01,32.4,51,34,18.4,24.31,0.0,32.6
2006-06-02,31.9,44,86,18.5,27.19,0.0,31.1
2006-06-03,28.1,47,84,12.4,15.19,0.5,28.2
2006-06-04,31.7,54,45,11.3,26.3,0.0,31.5
2006-06-05,31.2,48,62,14.3,24.48,0.0,30.6
2006-06-06,32.1,50,46,12.8,22.66,0.0,31.7
2006-06-07,34.7,48,41,8.4,26.42,0.0,34.3
2006-06-08,33.0,35,26,20.2,27.56,0.0,33.4
2006-06-09,34.8,19,23,27.2,29.68,0.0,34.0
2006-06-10,31.3,27,0,17.3,29.28,0.0,31.4
2006-06-11,36.2,26,6,19.2,28.98,0.0,35.6
2006-06-12,37.7,36,64,17.7,25.3,0.1,35.2
2006-06-13,36.6,54,84,18.0,19.61,16.3,34.0
2006-06-14,30.6,64,69,14.2,26.11,7.9,32.1
2006-06-15,35.8,46,72,18.5,28.8,0.0,37.2
2006-06-16,36.7,45,6,17.6,28.93,0.0,39.1
2006-06-17,34.2,54,0,15.5,28.52,0.0,35.0
2006-06-18,37.0,52,2,10.0,28.3,0.0,36.5
2006-06-19,38.7,45,12,18.5,27.89,0.0,39.6
2006-06-20,36.6,60,40,12.2,22.24,9.3,34.7
2006-06-21,28.6,83,88,12.7,13.29,16.4,26.0
2006-06-22,26.2,89,98,12.0,8.54,39.2,22.2
2006-06-23,28.0,77,68,10.2,21.63,0.0,28.2
2006-06-24,30.3,75,23,8.4,27.36,0.0,31.2
2006-06-25,33.0,71,15,18.0,27.77,0.0,34.4
2006-06-26,32.5,73,37,13.8,25.84,0.1,32.3
2006-06-27,34.9,68,16,13.0,25.91,0.3,36.5
2006-06-28,33.6,73,42,15.1,22.95,11.5,34.0
2006-06-29,32.2,82,92,13.1,16.47,8.3,32.4
2006-06-30,30.8,83,91,21.1,11.71,0.8,30.6
2006-07-01,33.4,78,31,11.9,25.68,0.0,32.8
2006-07-02,28.9,93,97,10.8,7.78,54.1,27.0
2006-07-03,27.1,90,100,14.1,8.47,13.7,24.9
2006-07-04,28.1,84,97,11.0,14.23,14.6,28.4
2006-07-05,31.9,77,24,16.2,27.05,0.0,33.5
2006-07-06,31.6,84,81,10.5,18.09,0.8,28.7
2006-07-07,31.5,80,65,11.2,19.16,5.0,31.0
2006-07-08,31.1,79,25,9.9,24.14,0.4,31.0
2006-07-09,31.1,81,38,9.0,23.24,0.1,30.6
2006-07-10,32.2,79,10,7.4,24.38,0.0,32.5
2006-07-11,32.4,79,17,9.4,23.59,0.0,32.0
2006-07-12,33.1,78,24,11.5,22.98,0.0,34.1
2006-07-13,33.9,80,17,12.0,23.64,0.1,35.0
2006-07-14,33.2,77,36,17.7,22.32,0.7,34.0
2006-07-15,31.4,77,54,27.2,17.36,3.2,31.0
2006-07-16,30.3,84,79,23.1,12.58,4.4,30.1
2006-07-17,29.2,86,77,15.4,13.57,2.8,29.1
2006-07-18,32.9,79,83,11.3,19.97,0.0,33.6
2006-07-19,29.2,83,95,17.8,9.26,0.1,26.9
2006-07-20,31.9,80,86,7.2,14.38,1.1,29.3
2006-07-21,33.4,85,72,9.3,19.02,13.0,32.6
2006-07-22,27.7,72,100,17.1,7.21,0.3,28.5
2006-07-23,26.0,72,97,12.9,7.95,0.3,25.6
2006-07-24,29.4,78,60,14.7,23.07,0.0,30.1
2006-07-25,29.2,78,47,12.2,19.88,0.0,29.0
2006-07-26,29.9,73,25,14.2,25.37,0.0,27.2
2006-07-27,28.4,78,86,16.8,12.8,1.1,28.3
2006-07-28,29.6,88,75,13.8,16.63,8.3,28.5
2006-07-29,30.5,89,82,15.4,14.61,13.8,28.4
2006-07-30,32.1,79,41,21.0,20.3,0.2,32.9
2006-07-31,32.3,79,73,17.4,17.36,1.9,31.4
2006-08-01,30.9,85,41,6.2,20.29,0.3,31.4
2006-08-02,30.7,84,37,9.7,20.65,3.1,29.0
2006-08-03,28.2,87,68,8.1,14.09,14.1,28.0
2006-08-04,26.8,90,96,10.0,8.48,20.2,25.9
2006-08-05,30.5,90,62,9.4,15.31,16.2,30.1
2006-08-06,30.6,88,49,11.4,18.76,6.3,30.2
2006-08-07,31.2,87,44,11.0,18.13,2.9,31.9
2006-08-08,31.0,86,42,9.2,19.28,1.4,31.7
2006-08-09,31.1,84,33,11.0,20.69,1.0,32.0
2006-08-10,31.2,82,52,11.8,20.24,0.2,32.4
2006-08-11,31.9,82,75,9.3,19.66,0.1,33.1
2006-08-12,32.4,83,84,9.7,19.03,0.5,33.0
2006-08-13,32.1,85,27,6.8,20.02,0.6,32.9
2006-08-14,30.2,90,87,15.6,10.92,4.1,30.4
2006-08-15,29.2,82,87,13.4,10.56,0.1,26.9
2006-08-16,31.4,78,38,8.1,22.77,0.0,32.4
2006-08-17,30.9,74,43,11.8,23.66,0.0,32.2
2006-08-18,29.7,69,57,10.7,24.65,0.0,31.1
2006-08-19,29.9,67,3,10.8,25.3,0.0,31.4
2006-08-20,30.6,67,18,10.0,22.25,0.0,31.0
2006-08-21,27.0,72,73,23.2,13.05,0.0,25.0
2006-08-22,28.3,68,33,13.4,17.91,0.9,27.5
2006-08-23,30.1,72,66,7.6,20.93,0.0,31.1
2006-08-24,30.3,76,88,7.1,16.36,0.5,31.0
2006-08-25,28.6,87,77,9.4,12.04,6.4,30.0
2006-08-26,29.0,85,62,10.5,15.67,17.4,31.3
2006-08-27,31.8,85,78,10.0,19.67,0.7,31.3
2006-08-28,30.9,89,98,12.8,13.31,13.7,30.0
2006-08-29,27.3,83,91,24.2,11.81,3.9,26.0
2006-08-30,24.2,82,96,15.6,4.09,0.4,22.3
2006-08-31,23.9,90,96,11.9,3.84,12.2,22.6
2006-09-01,24.9,86,85,6.3,7.41,4.8,24.3
2006-09-02,27.6,84,88,10.7,12.79,1.7,28.4
2006-09-03,28.2,86,76,7.4,12.94,1.4,29.0
2006-09-04,23.4,82,89,28.9,4.86,14.8,25.0
2006-09-05,22.1,66,45,14.8,19.33,0.3,23.6
2006-09-06,27.1,70,44,13.8,22.89,0.0,29.0
2006-09-07,25.2,71,89,12.2,12.85,1.5,21.9
2006-09-08,26.4,73,69,17.1,18.75,0.1,27.0
2006-09-09,23.7,55,5,13.8,23.67,0.0,25.4
2006-09-10,25.2,61,64,9.4,20.47,0.0,27.0
2006-09-11,25.3,64,4,11.1,22.96,0.0,27.0
2006-09-12,24.4,65,78,9.5,19.9,0.0,26.0
2006-09-13,25.1,69,98,7.2,15.33,0.0,25.8
2006-09-14,23.7,77,80,4.7,8.58,0.0,24.8
2006-09-15,25.9,73,14,8.6,20.46,0.0,26.1
2006-09-16,28.0,72,3,8.0,20.91,0.0,29.0
2006-09-17,28.0,72,20,9.5,20.63,0.0,28.0
2006-09-18,28.1,63,90,8.8,20.21,0.0,30.0
2006-09-19,28.3,62,73,10.2,17.03,0.0,29.0
2006-09-20,28.0,64,16,8.4,18.39,0.2,29.0
2006-09-21,27.3,66,49,13.4,18.37,0.0,27.0
2006-09-22,27.4,63,28,9.7,17.59,0.0,27.0
2006-09-23,26.2,71,31,12.0,17.2,0.2,27.4
2006-09-24,26.7,69,74,12.0,16.53,0.0,26.0
2006-09-25,28.1,68,87,7.4,11.39,0.6,28.0
2006-09-26,23.2,89,100,13.9,4.9,10.9,22.9
2006-09-27,19.6,93,100,10.5,2.38,18.8,18.5
2006-09-28,25.1,81,96,7.7,12.83,1.4,22.4
2006-09-29,24.7,79,92,11.4,13.0,1.5,24.6
2006-09-30,24.2,78,64,7.2,11.7,3.7,23.0
2006-10-01,26.5,72,32,9.5,19.41,0.0,27.4
2006-10-02,26.5,72,5,9.4,19.47,0.0,28.2
2006-10-03,25.6,75,71,8.6,14.04,0.0,27.3
2006-10-04,26.8,75,27,5.9,18.61,0.0,27.0
2006-10-05,27.6,71,89,9.5,17.59,0.0,28.6
2006-10-06,27.6,67,93,9.6,16.23,0.0,28.4
2006-10-07,27.0,68,70,9.5,12.0,0.0,27.9
2006-10-08,27.1,68,20,9.4,16.51,0.0,27.0
2006-10-09,27.8,60,0,10.5,18.64,0.0,29.4
2006-10-10,29.0,65,1,10.4,18.26,0.0,31.3
2006-10-11,24.7,68,35,21.8,17.02,0.0,24.4
2006-10-12,26.5,68,74,8.4,15.24,0.0,26.0
2006-10-13,27.3,74,22,9.3,17.18,0.0,28.0
2006-10-14,28.8,71,9,9.7,17.22,0.0,30.0
2006-10-15,28.4,69,1,13.1,16.9,0.0,28.9
2006-10-16,26.6,72,75,10.7,12.07,1.7,26.0
2006-10-17,22.0,69,42,25.3,14.04,3.9,20.1
2006-10-18,22.0,75,80,10.1,8.23,1.0,18.4
2006-10-19,26.3,73,45,8.0,15.56,0.0,26.0
2006-10-20,24.4,79,36,15.5,13.21,0.7,19.1
2006-10-21,22.3,84,78,11.9,6.1,0.5,21.0
2006-10-22,24.2,59,37,15.8,16.36,0.0,25.0
2006-10-23,17.9,45,62,15.0,13.76,0.0,16.2
2006-10-24,17.7,55,45,7.8,12.59,0.6,16.1
2006-10-25,19.9,64,54,11.2,13.36,0.0,18.3
2006-10-26,18.8,64,1,10.5,15.16,0.0,18.0
2006-10-27,20.5,69,9,14.7,15.36,0.0,20.3
2006-10-28,24.4,58,15,15.3,15.21,0.0,25.3
2006-10-29,22.9,64,30,9.9,14.99,0.0,23.1
2006-10-30,23.4,58,33,11.1,14.51,0.0,24.0
2006-10-31,24.0,51,42,15.5,13.07,0.0,24.0
2006-11-01,23.5,47,0,15.1,14.82,0.0,25.0
2006-11-02,24.8,53,2,10.8,14.62,0.0,25.9
2006-11-03,24.7,49,0,11.4,14.53,0.0,25.2
2006-11-04,25.4,45,4,19.8,14.49,0.0,26.2
2006-11-05,20.9,35,5,18.3,14.47,0.0,21.2
2006-11-06,19.0,30,0,18.4,14.43,0.0,20.0
2006-11-07,21.1,46,0,15.9,14.19,0.0,22.4
2006-11-08,25.3,49,0,17.9,13.56,0.0,26.0
2006-11-09,22.8,37,34,12.6,13.22,0.0,23.1
2006-11-10,21.2,55,25,16.8,13.14,0.0,20.0
2006-11-11,17.4,61,4,9.7,13.44,0.0,18.8
2006-11-12,19.9,47,49,18.6,13.11,0.0,19.2
2006-11-13,17.0,48,35,27.5,12.63,0.0,16.3
2006-11-14,15.2,37,18,12.0,13.36,0.0,15.2
2006-11-15,16.9,42,50,9.8,9.77,0.2,17.3
2006-11-16,15.6,55,44,10.2,12.05,0.0,16.2
2006-11-17,16.0,60,83,6.0,10.11,0.0,15.7
2006-11-18,14.9,78,69,12.2,7.83,7.1,9.1
2006-11-19,15.5,78,79,9.5,9.05,1.9,15.6
2006-11-20,15.5,74,84,13.5,7.84,0.0,15.0
2006-11-21,17.2,74,43,9.5,11.81,0.0,16.7
2006-11-22,10.7,88,100,27.0,1.37,7.6,8.1
2006-11-23,4.7,87,99,21.4,4.47,9.5,2.7
2006-11-24,5.7,73,97,17.6,4.06,2.2,3.6
2006-11-25,5.9,93,100,16.2,0.8,7.8,5.3
2006-11-26,6.6,90,100,20.3,1.1,9.8,7.2
2006-11-27,8.3,78,91,18.2,5.32,5.7,6.4
2006-11-28,11.6,68,81,10.7,11.34,0.0,11.3
2006-11-29,11.4,70,59,9.2,10.53,0.0,10.6
2006-11-30,12.5,68,69,9.7,8.93,0.0,11.0
2006-12-01,12.4,49,0,19.4,11.69,0.0,12.1
2006-12-02,6.8,52,25,8.8,11.46,0.0,7.1
2006-12-03,7.8,61,42,9.2,11.03,0.0,7.1
2006-12-04,8.1,70,36,12.8,10.47,0.0,6.8
2006-12-05,6.6,78,58,14.4,8.55,0.0,4.1
2006-12-06,4.0,78,99,11.2,2.0,0.0,2.9
2006-12-07,3.3,59,95,23.9,3.51,0.0,3.6
2006-12-08,3.1,55,78,16.2,5.71,0.0,1.4
2006-12-09,6.2,73,83,7.8,9.0,0.0,5.6
2006-12-10,9.1,64,68,13.3,10.95,0.0,9.0
2006-12-11,12.4,63,17,10.3,10.96,0.0,12.9
2006-12-12,12.5,66,66,10.8,10.78,0.0,11.8
2006-12-13,9.8,39,29,18.8,10.04,0.0,9.4
2006-12-14,12.7,47,0,13.0,11.1,0.0,14.2
2006-12-15,10.8,37,24,24.7,11.04,0.0,11.6
2006-12-16,7.4,34,1,25.7,11.16,0.0,8.0
2006-12-17,3.5,45,24,10.8,11.14,0.0,3.7
2006-12-18,10.9,45,40,14.5,10.58,0.0,11.2
2006-12-19,10.0,64,1,10.7,10.85,0.0,8.0
2006-12-20,11.8,58,3,15.9,10.91,0.0,13.0
2006-12-21,12.1,69,0,10.4,10.72,0.0,11.0
2006-12-22,10.4,75,0,7.2,10.69,0.0,9.0
2006-12-23,11.8,78,67,10.6,9.14,0.0,7.0
2006-12-24,10.3,74,37,7.3,10.62,0.0,7.4
2006-12-25,11.1,79,18,9.7,10.65,0.0,8.0
2006-12-26,12.5,83,57,15.0,10.16,1.9,3.1
2006-12-27,4.9,73,74,16.9,5.35,0.0,3.3
2006-12-28,4.0,64,30,9.2,8.79,0.0,3.0
2006-12-29,4.5,58,51,12.9,10.38,0.1,3.0
2006-12-30,3.5,76,96,8.2,6.33,1.1,0.3
2006-12-31,3.7,75,95,7.9,5.6,0.0,0.9
2007-01-01,5.3,80,79,6.6,8.84,0.0,1.2
2007-01-02,5.4,74,76,13.1,11.18,0.0,1.3
2007-01-03,5.0,62,92,12.8,10.36,0.0,3.0
2007-01-04,6.0,65,71,9.2,9.25,0.0,5.1
2007-01-05,9.2,40,32,22.7,9.4,0.0,8.2
2007-01-06,5.6,22,4,27.7,12.13,0.0,5.3
2007-01-07,5.8,31,4,14.3,12.01,0.0,5.4
2007-01-08,6.0,36,9,12.6,12.07,0.0,6.0
2007-01-09,9.6,50,2,10.8,12.17,0.0,10.1
2007-01-10,6.2,64,34,16.8,11.8,0.0,4.3
2007-01-11,4.0,63,77,17.7,9.71,0.0,1.9
2007-01-12,4.9,56,87,9.8,10.48,0.0,3.8
2007-01-13,6.3,61,95,8.9,11.57,0.0,4.4
2007-01-14,5.8,61,78,9.0,8.56,0.0,5.4
2007-01-15,8.0,66,29,9.0,10.58,0.0,6.0
2007-01-16,7.1,69,76,8.6,9.74,0.0,6.2
2007-01-17,10.2,39,22,17.4,13.02,0.0,11.0
2007-01-18,9.4,48,44,11.5,12.63,0.0,10.0
2007-01-19,9.2,60,59,10.4,9.74,0.0,9.4
2007-01-20,10.6,67,40,10.6,12.56,0.0,9.0
2007-01-21,9.0,75,42,9.7,12.89,0.0,5.1
2007-01-22,5.7,51,90,12.8,8.73,0.0,4.9
2007-01-23,9.0,55,46,9.7,12.52,0.0,8.5
2007-01-24,11.0,72,37,10.8,12.6,0.0,7.4
2007-01-25,13.3,57,26,18.2,13.08,0.0,13.0
2007-01-26,10.0,31,50,18.3,13.0,0.0,10.0
2007-01-27,8.0,28,11,24.7,13.51,0.0,8.1
2007-01-28,9.7,35,0,12.1,14.25,0.0,10.4
2007-01-29,15.9,45,7,18.8,14.05,0.0,16.3
2007-01-30,10.7,50,0,10.7,14.53,0.0,11.4
2007-01-31,6.4,42,4,31.0,13.87,0.0,7.1
2007-02-01,11.4,44,0,10.9,14.62,0.0,13.2
2007-02-02,13.3,53,0,13.8,14.55,0.0,13.4
2007-02-03,14.4,51,0,23.0,14.86,0.0,15.3
2007-02-04,13.9,57,31,9.8,13.92,0.0,13.0
2007-02-05,19.1,65,28,9.9,14.48,0.0,18.0
2007-02-06,13.8,58,75,16.1,9.7,0.2,11.5
2007-02-07,9.0,82,98,16.3,1.23,8.1,8.0
2007-02-08,11.8,76,53,10.8,13.27,0.0,8.5
2007-02-09,15.5,58,37,15.6,15.49,0.0,15.1
2007-02-10,10.7,40,45,16.0,15.83,0.0,11.0
2007-02-11,14.0,55,11,11.7,15.47,0.0,13.2
2007-02-12,16.8,75,41,10.0,15.09,0.1,14.9
2007-02-13,18.0,60,99,15.5,11.2,0.6,16.8
2007-02-14,8.5,30,50,16.0,15.61,0.0,10.0
2007-02-15,10.7,56,65,10.7,12.79,0.4,6.3
2007-02-16,7.6,80,99,9.2,5.16,2.9,7.2
2007-02-17,8.9,76,89,10.7,6.45,0.0,8.3
2007-02-18,13.0,65,41,9.5,14.61,0.0,11.3
2007-02-19,15.1,65,39,13.3,16.67,0.0,14.6
2007-02-20,17.5,72,29,10.5,16.44,0.0,16.5
2007-02-21,17.4,75,77,9.3,12.94,0.0,15.6
2007-02-22,20.0,58,8,13.2,17.43,0.0,20.1
2007-02-23,15.5,62,83,11.0,12.49,0.7,11.2
2007-02-24,16.5,75,67,9.9,12.3,0.9,13.3
2007-02-25,17.5,78,36,17.5,17.39,0.0,14.9
2007-02-26,17.6,71,11,14.5,17.47,0.0,15.9
2007-02-27,14.4,69,53,22.4,13.32,0.3,14.0
2007-02-28,9.5,88,100,20.2,1.89,9.6,10.0
2007-03-01,11.4,80,96,15.6,8.28,2.5,9.1
2007-03-02,7.7,84,99,16.6,2.41,11.9,7.4
2007-03-03,7.4,95,99,24.8,0.66,45.4,7.2
2007-03-04,11.5,67,85,20.7,11.0,0.0,10.1
2007-03-05,5.6,48,79,13.6,13.85,0.0,5.0
2007-03-06,5.9,53,59,11.9,19.4,0.0,5.8
2007-03-07,9.6,56,40,11.2,20.14,0.0,8.6
2007-03-08,12.0,64,71,12.9,15.96,0.0,11.8
2007-03-09,14.6,64,17,16.7,19.09,0.0,14.2
2007-03-10,9.3,44,42,22.1,19.54,0.0,9.4
2007-03-11,10.1,51,66,13.1,17.83,0.0,10.1
2007-03-12,13.4,67,41,11.9,16.16,0.0,12.2
2007-03-13,15.6,75,71,11.8,17.79,0.2,12.0
2007-03-14,13.5,77,95,18.6,9.8,1.1,8.8
2007-03-15,13.1,82,94,20.0,9.44,4.1,8.4
2007-03-16,8.9,84,94,14.6,7.01,4.2,8.6
2007-03-17,11.0,78,58,7.6,12.59,0.0,9.9
2007-03-18,12.0,64,89,12.0,15.09,0.0,10.4
2007-03-19,13.6,59,61,11.7,20.14,0.0,13.9
2007-03-20,15.8,61,39,16.7,18.99,0.0,15.6
2007-03-21,17.7,69,49,12.0,20.53,0.0,18.5
2007-03-22,17.9,72,28,15.1,21.2,0.0,18.1
2007-03-23,21.6,68,81,12.8,17.53,0.0,20.6
2007-03-24,21.0,62,13,11.8,20.19,0.0,22.0
2007-03-25,24.6,62,19,14.0,22.24,0.0,26.3
2007-03-26,25.2,54,90,12.7,17.21,0.0,25.0
2007-03-27,24.0,47,5,22.7,22.6,0.0,22.7
2007-03-28,22.5,49,9,23.0,23.04,0.0,23.3
2007-03-29,28.0,54,20,13.8,22.67,0.0,30.6
2007-03-30,16.4,61,77,18.2,6.51,0.0,16.5
2007-03-31,22.3,64,71,13.8,19.63,0.0,19.4
2007-04-01,20.2,56,80,10.8,10.95,1.1,20.6
2007-04-02,14.3,28,23,19.1,23.54,0.0,14.2
2007-04-03,16.1,41,19,10.0,24.69,0.0,16.8
2007-04-04,18.5,45,40,18.0,24.45,0.0,19.2
2007-04-05,20.4,47,81,13.4,19.98,0.0,21.0
2007-04-06,23.0,52,23,10.7,23.11,0.0,22.0
2007-04-07,21.0,42,48,20.7,24.49,0.0,20.4
2007-04-08,20.8,40,22,14.4,24.62,0.0,20.2
2007-04-09,23.5,49,91,15.7,21.27,0.0,21.7
2007-04-10,22.1,59,15,16.6,23.18,0.0,19.0
2007-04-11,26.8,58,45,24.5,23.61,0.0,24.7
2007-04-12,27.2,48,45,17.3,16.12,0.0,28.1
2007-04-13,21.3,69,53,12.8,18.17,0.4,18.0
2007-04-14,23.7,70,81,9.7,21.37,6.4,23.4
2007-04-15,18.7,63,15,14.6,24.21,1.1,15.8
2007-04-16,19.4,57,39,10.5,24.83,0.0,19.2
2007-04-17,20.5,53,61,15.6,20.03,0.0,22.0
2007-04-18,25.2,56,18,18.8,25.62,0.0,24.3
2007-04-19,28.8,62,42,20.2,24.05,0.0,26.9
2007-04-20,27.4,54,94,13.2,13.23,0.0,27.0
2007-04-21,28.9,62,98,19.0,18.89,0.0,25.0
2007-04-22,21.8,35,84,27.7,20.84,0.0,20.1
2007-04-23,18.7,49,83,10.3,17.68,0.0,19.6
2007-04-24,23.5,47,49,19.4,23.9,0.0,23.9
2007-04-25,26.4,29,9,14.5,26.99,0.0,27.0
2007-04-26,26.8,35,92,11.5,17.07,0.0,26.0
2007-04-27,24.2,47,54,18.2,24.81,0.0,22.0
2007-04-28,25.9,53,97,9.7,20.5,0.0,25.0
2007-04-29,25.5,49,100,21.2,18.19,0.0,24.9
2007-04-30,28.9,53,39,17.0,24.58,1.1,28.2
2007-05-01,24.3,52,24,11.9,26.22,0.0,25.9
2007-05-02,29.0,44,56,15.1,25.56,0.0,28.5
2007-05-03,28.3,48,93,20.3,21.81,0.0,28.2
2007-05-04,32.5,44,3,12.4,27.43,0.0,33.1
2007-05-05,28.0,32,16,33.2,26.77,0.0,26.7
2007-05-06,29.2,36,18,16.7,27.27,0.0,29.1
2007-05-07,33.0,43,24,14.5,26.4,0.0,33.8
2007-05-08,34.4,50,36,19.5,25.16,0.0,33.0
2007-05-09,25.1,42,11,29.0,25.18,0.0,22.0
2007-05-10,25.9,61,49,16.1,18.45,0.0,21.4
2007-05-11,25.5,54,90,20.8,8.52,0.7,23.2
2007-05-12,28.4,24,9,18.1,28.4,0.0,28.5
2007-05-13,31.5,35,1,18.2,27.72,0.0,32.5
2007-05-14,33.4,49,64,16.6,25.78,0.0,31.2
2007-05-15,30.0,48,97,27.9,22.37,0.0,28.7
2007-05-16,31.2,27,68,29.0,28.14,0.0,32.0
2007-05-17,36.2,22,26,22.9,28.03,0.0,36.3
2007-05-18,26.4,24,0,24.5,28.57,0.0,26.0
2007-05-19,29.0,32,35,16.8,27.73,0.0,28.4
2007-05-20,34.5,49,46,21.2,25.63,0.1,33.5
2007-05-21,28.6,67,92,21.4,19.28,0.0,27.0
2007-05-22,32.0,78,89,13.8,14.89,14.3,24.0
2007-05-23,27.5,74,98,14.0,17.38,5.5,27.2
2007-05-24,29.9,50,71,20.2,23.77,2.1,31.5
2007-05-25,33.5,34,45,13.4,28.39,0.0,35.3
2007-05-26,33.4,38,55,13.0,23.43,0.0,37.4
2007-05-27,37.1,42,31,11.2,28.52,0.0,39.3
2007-05-28,34.0,52,15,17.1,27.97,0.0,35.9
2007-05-29,34.1,58,35,18.4,26.41,0.0,33.0
2007-05-30,33.9,70,89,13.1,16.9,17.3,26.0
2007-05-31,24.9,86,92,19.6,11.22,14.5,21.5
2007-06-01,27.4,73,74,10.3,23.76,0.0,23.3
2007-06-02,28.4,71,44,11.3,27.54,0.0,27.2
2007-06-03,28.3,68,66,12.4,26.19,0.0,29.8
2007-06-04,28.2,66,62,12.3,20.43,0.0,28.6
2007-06-05,31.0,69,44,9.8,26.58,0.0,32.6
2007-06-06,33.3,58,28,12.5,28.47,0.0,35.1
2007-06-07,34.8,53,45,11.4,28.18,0.0,36.0
2007-06-08,34.0,53,100,9.6,21.82,0.0,35.0
2007-06-09,36.4,45,99,15.4,22.59,0.0,36.3
2007-06-10,30.6,45,95,10.8,14.69,0.0,28.4
2007-06-11,31.9,51,43,9.7,27.04,0.0,31.3
2007-06-12,33.4,49,90,12.2,25.22,0.0,32.8
2007-06-13,31.1,54,41,10.5,22.95,0.6,32.3
2007-06-14,30.0,59,46,16.1,22.71,0.0,26.3
2007-06-15,32.1,51,20,10.6,23.39,0.0,31.6
2007-06-16,32.5,50,26,13.7,26.63,0.0,31.6
2007-06-17,31.7,51,99,15.5,24.81,0.0,31.0
2007-06-18,25.1,72,100,13.1,4.85,16.6,27.5
2007-06-19,20.3,92,100,17.4,2.61,40.7,19.8
2007-06-20,23.9,83,89,17.9,6.9,7.2,23.5
2007-06-21,25.6,80,90,11.8,11.88,2.3,22.7
2007-06-22,23.2,89,94,6.1,4.4,11.6,23.1
2007-06-23,32.3,76,23,13.6,27.62,0.0,34.9
2007-06-24,33.2,71,32,11.8,28.17,0.0,33.4
2007-06-25,34.3,76,78,12.5,24.96,0.0,36.6
2007-06-26,32.4,77,89,13.1,18.71,0.0,32.8
2007-06-27,29.5,83,59,9.5,15.38,8.5,29.8
2007-06-28,32.3,77,20,9.8,24.33,0.0,33.6
2007-06-29,33.5,81,79,17.3,21.95,8.9,35.7
2007-06-30,30.4,86,64,9.7,13.45,29.5,31.7
2007-07-01,30.9,75,57,9.8,26.06,0.1,32.0
2007-07-02,30.5,73,91,7.2,21.52,0.0,31.3
2007-07-03,28.9,71,69,9.4,23.5,0.7,31.3
2007-07-04,29.1,84,69,13.7,16.82,31.1,27.9
2007-07-05,22.4,93,100,10.7,2.9,45.9,22.8
2007-07-06,24.1,92,96,8.1,2.96,21.9,27.5
2007-07-07,30.1,83,90,7.1,21.3,0.0,31.4
2007-07-08,28.8,89,87,10.2,8.22,0.4,27.5
2007-07-09,31.4,78,35,11.2,27.22,0.0,33.4
2007-07-10,33.3,76,52,8.5,26.85,0.0,33.9
2007-07-11,34.0,80,69,15.7,25.49,0.1,36.0
2007-07-12,31.2,83,75,16.9,17.5,0.4,31.1
2007-07-13,26.0,92,99,13.3,5.3,27.8,27.2
2007-07-14,23.8,92,96,11.8,4.24,53.3,23.9
2007-07-15,29.0,79,30,10.4,24.69,9.0,29.0
2007-07-16,30.3,83,23,14.2,18.95,0.1,31.3
2007-07-17,32.3,87,50,16.6,17.87,2.9,33.3
2007-07-18,33.0,80,83,20.2,17.51,0.0,34.4
2007-07-19,28.6,86,100,18.7,5.69,28.7,26.1
2007-07-20,22.7,87,99,16.3,2.76,30.6,21.7
2007-07-21,24.7,85,91,11.5,11.57,2.6,27.2
2007-07-22,26.1,84,76,9.7,15.64,0.0,25.7
2007-07-23,27.3,81,74,9.2,17.14,0.0,27.8
2007-07-24,27.7,82,92,10.5,18.05,0.0,28.3
2007-07-25,27.3,84,78,7.6,14.56,0.1,29.0
2007-07-26,28.5,84,88,14.0,19.12,0.1,29.3
2007-07-27,31.3,84,51,18.1,19.99,2.9,29.2
2007-07-28,32.2,80,65,17.6,23.76,0.7,33.6
2007-07-29,32.4,82,96,13.4,19.34,2.3,34.3
2007-07-30,33.1,81,98,15.7,22.27,1.9,30.4
2007-07-31,33.5,77,32,13.7,24.49,0.0,33.7
2007-08-01,34.9,74,79,10.7,23.43,0.0,36.9
2007-08-02,28.3,93,98,16.6,5.28,8.7,29.8
2007-08-03,28.7,78,33,13.7,21.72,0.0,29.9
2007-08-04,30.1,75,4,9.1,24.6,0.0,30.4
2007-08-05,30.5,81,77,9.8,20.57,0.0,31.2
2007-08-06,28.5,92,85,11.4,9.23,9.1,29.0
2007-08-07,30.4,90,68,9.3,10.0,11.6,31.4
2007-08-08,33.3,85,66,8.6,19.22,0.0,34.2
2007-08-09,32.3,85,94,6.7,10.86,0.0,33.2
2007-08-10,27.1,92,85,17.2,8.26,44.1,25.9
2007-08-11,29.6,78,22,15.8,24.12,0.0,30.9
2007-08-12,30.8,74,9,8.5,25.1,0.1,31.6
2007-08-13,32.2,78,20,8.9,24.91,0.0,34.2
2007-08-14,30.7,80,14,7.3,23.98,0.5,31.3
2007-08-15,29.7,85,13,15.2,21.24,1.9,30.7
2007-08-16,28.0,81,21,15.3,19.22,0.4,29.2
2007-08-17,26.1,87,66,12.0,10.31,7.4,27.1
2007-08-18,29.1,80,32,13.0,18.64,0.0,30.2
2007-08-19,29.5,81,19,14.5,19.72,0.0,31.0
2007-08-20,31.1,80,15,10.8,21.49,0.0,32.0
2007-08-21,31.1,81,16,18.1,18.31,0.8,32.2
2007-08-22,30.3,82,29,23.1,17.43,2.1,31.3
2007-08-23,28.9,80,77,14.4,9.91,2.9,29.6
2007-08-24,32.2,83,47,7.4,19.32,0.5,33.7
2007-08-25,31.7,88,70,11.3,16.84,1.6,30.6
2007-08-26,31.5,82,59,23.3,17.47,1.4,32.0
2007-08-27,27.3,74,89,18.4,11.47,0.0,25.6
2007-08-28,28.4,74,69,12.6,14.81,0.0,25.6
2007-08-29,25.8,75,78,14.8,9.21,0.7,25.0
2007-08-30,22.4,87,100,20.1,4.77,10.1,19.4
2007-08-31,19.8,90,86,17.3,2.61,16.7,20.3
2007-09-01,26.2,75,32,9.7,21.39,0.0,27.6
2007-09-02,28.3,76,38,8.8,23.01,0.0,30.2
2007-09-03,25.3,83,91,14.1,13.49,4.1,25.0
2007-09-04,25.0,81,95,12.9,12.14,1.3,25.0
2007-09-05,26.2,68,56,8.6,18.89,0.0,24.4
2007-09-06,27.3,66,47,11.7,22.34,0.0,28.0
2007-09-07,26.0,73,73,11.7,15.49,0.0,27.0
2007-09-08,26.2,63,64,10.8,12.31,0.0,28.0
2007-09-09,28.1,68,33,9.7,23.04,0.0,29.9
2007-09-10,28.3,66,27,12.2,22.37,0.0,30.3
2007-09-11,28.3,68,75,7.8,22.01,0.0,29.8
2007-09-12,28.1,72,98,10.0,14.69,0.0,28.2
2007-09-13,23.5,82,100,8.6,3.85,3.2,25.7
2007-09-14,28.0,78,45,8.4,19.74,0.0,30.3
2007-09-15,29.5,77,10,9.1,21.78,0.0,31.0
2007-09-16,30.5,71,31,8.6,21.15,0.0,31.5
2007-09-17,29.0,69,95,18.4,13.73,0.2,29.0
2007-09-18,27.4,48,2,20.0,22.28,0.0,28.9
2007-09-19,25.7,51,0,18.0,22.09,0.0,27.0
2007-09-20,27.0,55,0,16.9,21.36,0.0,28.0
2007-09-21,29.1,61,0,9.7,21.74,0.0,30.8
2007-09-22,28.5,60,3,11.5,20.74,0.0,30.0
2007-09-23,27.1,62,6,13.6,19.04,0.0,28.0
2007-09-24,27.9,63,8,10.5,17.67,0.0,27.7
2007-09-25,28.5,61,40,9.7,16.28,0.0,28.2
2007-09-26,30.3,69,81,16.8,12.94,0.5,30.4
2007-09-27,24.2,84,89,26.5,3.02,5.0,25.9
2007-09-28,16.6,61,99,20.4,2.74,4.6,18.5
2007-09-29,16.7,75,100,15.9,2.27,2.3,16.2
2007-09-30,17.1,84,100,10.7,3.48,0.1,15.0
2007-10-01,18.6,84,90,11.7,4.83,0.0,16.0
2007-10-02,23.8,71,26,6.9,17.99,0.0,26.0
2007-10-03,23.7,70,94,9.8,7.52,0.0,23.0
2007-10-04,26.0,74,86,11.8,8.72,0.0,20.8
2007-10-05,28.5,81,79,15.5,9.84,0.3,20.2
2007-10-06,27.9,78,75,12.6,10.79,0.0,22.0
2007-10-07,21.8,63,83,26.1,4.51,0.2,19.9
2007-10-08,18.9,34,63,21.6,14.99,0.0,18.3
2007-10-09,19.5,35,38,10.4,16.4,0.0,18.0
2007-10-10,19.5,49,50,9.9,12.92,0.0,17.0
2007-10-11,17.7,67,99,8.7,3.0,0.0,16.3
2007-10-12,16.8,79,99,16.1,4.84,2.5,15.7
2007-10-13,15.7,85,76,10.6,3.41,3.6,15.4
2007-10-14,19.2,69,93,15.0,13.61,0.0,18.0
2007-10-15,21.1,63,86,7.1,14.41,0.0,21.6
2007-10-16,22.6,59,4,9.7,17.62,0.0,23.4
2007-10-17,23.9,54,18,15.1,17.29,0.0,25.6
2007-10-18,23.3,51,90,15.0,13.74,0.1,23.9
2007-10-19,21.2,49,9,12.7,17.3,0.0,23.0
2007-10-20,20.1,52,57,12.9,15.62,0.0,20.4
2007-10-21,23.5,59,57,12.2,16.04,0.0,23.3
2007-10-22,24.3,63,1,9.2,16.07,0.0,24.0
2007-10-23,22.1,66,7,10.5,15.91,0.0,20.1
2007-10-24,22.2,70,66,8.8,11.54,0.9,21.4
2007-10-25,23.3,68,8,9.2,15.67,0.0,23.0
2007-10-26,23.2,67,45,11.8,12.96,0.0,22.2
2007-10-27,23.4,72,71,20.8,10.88,1.4,23.3
2007-10-28,16.6,43,94,23.2,10.42,0.3,14.7
2007-10-29,14.5,54,80,12.1,9.13,0.0,12.9
2007-10-30,17.2,64,52,12.2,13.24,0.0,17.2
2007-10-31,19.3,63,81,11.7,10.95,0.0,19.0
2007-11-01,16.2,36,16,19.4,14.86,0.0,17.0
2007-11-02,19.1,42,0,14.2,15.23,0.0,20.0
2007-11-03,17.6,42,0,15.5,14.84,0.0,17.7
2007-11-04,17.4,55,47,10.2,12.23,0.0,17.2
2007-11-05,18.3,60,0,10.6,14.2,0.0,18.8
2007-11-06,19.0,68,36,9.4,12.94,0.0,19.3
2007-11-07,22.7,69,40,11.2,13.41,0.0,22.9
2007-11-08,20.2,65,0,15.3,13.63,0.0,19.0
2007-11-09,16.8,60,13,10.5,13.46,0.0,15.6
2007-11-10,15.7,59,73,9.4,11.56,0.0,15.2
2007-11-11,15.3,57,79,10.5,9.5,0.5,14.8
2007-11-12,15.0,57,67,8.6,8.41,0.0,14.1
2007-11-13,17.1,71,29,7.9,12.16,0.0,16.4
2007-11-14,18.1,75,27,8.7,12.57,0.0,16.0
2007-11-15,10.6,85,93,25.0,0.98,7.6,10.0
2007-11-16,7.2,68,94,13.2,3.64,0.2,6.4
2007-11-17,17.4,66,41,15.9,12.44,0.0,15.0
2007-11-18,11.2,51,31,11.2,12.64,0.0,9.8
2007-11-19,16.7,46,18,19.9,12.58,0.0,17.0
2007-11-20,17.8,45,0,13.3,12.6,0.0,18.0
2007-11-21,16.9,53,59,8.6,12.38,0.0,18.0
2007-11-22,18.4,63,45,10.0,10.18,0.0,18.7
2007-11-23,16.6,67,0,10.4,12.14,0.0,13.1
2007-11-24,14.7,79,0,10.5,11.87,0.0,11.3
2007-11-25,18.2,66,10,19.9,11.4,0.0,15.7
2007-11-26,10.9,44,23,12.0,10.66,0.0,11.6
2007-11-27,11.9,38,0,13.9,12.23,0.0,12.5
2007-11-28,14.1,58,9,10.1,11.84,0.0,14.7
2007-11-29,10.6,55,65,19.3,10.03,0.0,8.7
2007-11-30,10.9,59,50,10.2,10.33,0.0,7.6
2007-12-01,8.3,80,69,10.2,4.12,0.5,6.4
2007-12-02,10.1,66,51,20.8,7.17,0.2,10.1
2007-12-03,10.3,47,28,15.3,11.58,0.0,9.7
2007-12-04,8.9,61,94,10.5,10.51,0.0,7.3
2007-12-05,8.8,67,91,9.0,8.25,0.0,7.7
2007-12-06,12.3,59,8,18.8,11.19,0.0,12.0
2007-12-07,10.1,73,37,8.4,10.93,0.0,8.3
2007-12-08,10.7,74,86,8.9,9.38,0.0,6.0
2007-12-09,9.1,66,95,7.8,7.98,0.0,5.0
2007-12-10,10.6,70,33,8.4,10.68,0.0,7.6
2007-12-11,8.8,84,89,14.1,7.09,1.1,2.8
2007-12-12,8.7,65,52,16.4,8.44,0.0,5.8
2007-12-13,9.1,39,22,17.1,11.19,0.0,9.0
2007-12-14,13.1,47,27,18.7,10.89,0.0,13.2
2007-12-15,8.9,45,27,16.5,10.76,0.0,8.3
2007-12-16,10.6,61,32,7.8,9.48,0.0,10.1
2007-12-17,13.1,65,32,14.2,10.35,0.0,14.0
2007-12-18,9.7,47,78,14.6,8.38,0.0,9.2
2007-12-19,14.0,62,0,10.2,10.7,0.0,11.0
2007-12-20,11.0,77,72,12.6,9.19,0.0,6.9
2007-12-21,7.2,69,97,16.4,5.3,0.0,4.7
2007-12-22,7.7,81,71,8.7,3.85,0.0,5.8
2007-12-23,5.7,85,84,14.3,5.25,0.0,4.9
2007-12-24,6.9,68,64,11.2,8.42,0.7,5.0
2007-12-25,7.6,80,69,6.6,8.95,0.0,6.9
2007-12-26,7.2,80,97,5.8,2.98,0.0,6.0
2007-12-27,8.3,84,100,5.0,4.31,0.8,7.3
2007-12-28,8.4,42,44,30.8,9.76,0.1,8.1
2007-12-29,8.2,21,0,25.2,11.44,0.0,8.0
2007-12-30,4.7,21,0,22.2,11.71,0.0,4.2
2007-12-31,6.9,25,0,18.5,11.55,0.0,6.7
2008-01-01,6.0,33,14,16.1,11.47,0.0,6.0
2008-01-02,8.2,45,24,11.8,11.16,0.0,9.6
2008-01-03,9.3,44,6,13.5,11.26,0.0,9.1
2008-01-04,9.9,57,2,9.7,11.2,0.0,9.0
2008-01-05,12.4,64,0,12.7,11.63,0.0,13.8
2008-01-06,10.8,71,9,10.7,10.84,0.0,8.2
2008-01-07,13.9,58,42,13.2,11.23,0.0,14.2
2008-01-08,14.0,57,37,11.1,11.57,0.0,14.0
2008-01-09,7.8,70,53,22.7,11.05,0.0,5.0
2008-01-10,2.1,77,100,16.8,2.13,2.7,0.9
2008-01-11,1.0,80,100,22.0,3.39,7.3,1.1
2008-01-12,-0.4,64,97,20.9,5.09,0.6,0.9
2008-01-13,-2.6,56,79,15.3,8.18,0.0,-2.1
2008-01-14,0.3,55,84,6.9,9.81,0.0,-0.8
2008-01-15,-0.7,68,97,6.1,7.36,0.4,-1.6
2008-01-16,0.3,69,81,10.1,11.29,0.0,-0.8
2008-01-17,-0.1,74,92,9.4,7.04,0.5,-1.0
2008-01-18,0.8,76,96,9.1,6.71,0.7,-1.0
2008-01-19,-1.4,85,100,20.3,3.81,7.2,-2.7
2008-01-20,-0.9,81,99,22.1,5.54,3.6,-1.2
2008-01-21,-1.0,72,74,15.6,8.72,0.0,-2.0
2008-01-22,1.5,71,80,7.2,11.03,0.0,-0.6
2008-01-23,-0.8,71,72,14.5,8.02,0.0,-2.5
2008-01-24,0.1,58,83,8.9,12.89,0.0,-0.2
2008-01-25,0.2,50,61,7.2,10.07,0.0,-1.3
2008-01-26,0.6,49,66,12.3,12.29,0.0,0.3
2008-01-27,0.8,57,92,7.7,8.62,2.2,-0.5
2008-01-28,1.7,75,87,7.1,11.34,0.0,2.2
2008-01-29,2.6,56,39,13.7,14.16,0.0,0.3
2008-01-30,1.9,57,60,9.0,12.57,0.0,1.0
2008-01-31,3.5,43,27,9.7,14.61,0.0,1.9
2008-02-01,4.6,43,82,9.5,12.65,0.0,2.8
2008-02-02,5.4,43,38,9.5,12.81,0.0,4.4
2008-02-03,5.7,41,0,11.2,15.09,0.0,5.1
2008-02-04,7.0,62,32,10.1,14.36,0.0,5.1
2008-02-05,4.1,42,47,19.4,15.38,0.0,4.1
2008-02-06,4.5,48,8,9.7,15.38,0.0,4.6
2008-02-07,6.8,55,3,15.6,15.31,0.0,5.4
2008-02-08,3.1,28,22,23.1,15.97,0.0,3.0
2008-02-09,4.0,34,49,17.3,13.18,0.0,2.5
2008-02-10,6.6,40,59,10.2,15.75,0.0,6.6
2008-02-11,6.3,50,78,15.7,12.93,0.0,6.3
2008-02-12,2.5,40,41,13.8,15.19,0.0,3.2
2008-02-13,6.5,44,60,11.9,15.46,0.0,6.3
2008-02-14,8.5,37,10,15.4,16.7,0.0,9.3
2008-02-15,10.5,60,26,11.4,16.25,0.0,10.1
2008-02-16,9.3,61,29,12.7,16.41,0.0,8.7
2008-02-17,9.0,59,87,12.6,13.89,0.0,7.0
2008-02-18,9.1,62,53,9.4,14.93,0.0,8.1
2008-02-19,13.0,63,25,13.9,16.98,0.0,13.0
2008-02-20,13.1,55,30,10.0,17.27,0.0,12.4
2008-02-21,17.1,60,40,14.4,16.97,0.0,18.0
2008-02-22,12.2,62,0,21.0,17.4,0.0,12.0
2008-02-23,9.9,60,14,24.3,17.49,0.0,9.0
2008-02-24,2.5,58,96,18.0,5.01,3.6,1.5
2008-02-25,5.9,74,55,7.6,14.07,0.8,3.5
2008-02-26,9.2,44,16,14.2,18.72,0.0,9.3
2008-02-27,13.2,36,20,12.6,18.72,0.0,14.0
2008-02-28,16.4,33,39,22.9,18.9,0.0,17.0
2008-02-29,15.7,36,1,13.1,19.24,0.0,17.6
2008-03-01,17.3,33,28,27.2,18.11,0.0,18.0
2008-03-02,14.1,23,12,27.8,18.82,0.0,14.2
2008-03-03,13.9,31,0,12.4,19.77,0.0,15.7
2008-03-04,16.1,48,9,10.9,19.54,0.0,16.7
2008-03-05,18.1,50,18,13.7,19.11,0.0,18.4
2008-03-06,12.6,45,96,25.6,10.17,0.0,11.5
2008-03-07,13.7,44,37,9.1,19.93,0.0,14.2
2008-03-08,16.8,48,51,14.4,18.3,0.0,15.7
2008-03-09,20.2,53,0,14.3,20.02,0.0,20.6
2008-03-10,23.2,53,0,14.0,20.3,0.0,24.0
2008-03-11,26.1,61,28,10.7,19.08,0.0,28.0
2008-03-12,20.4,79,94,11.8,9.11,4.0,15.3
2008-03-13,16.3,58,11,26.5,20.45,0.0,15.4
2008-03-14,19.4,62,1,20.3,20.13,0.0,17.8
2008-03-15,20.7,56,61,20.9,19.39,0.0,19.7
2008-03-16,18.2,50,94,13.2,19.9,0.0,16.8
2008-03-17,21.0,62,79,15.5,18.69,0.0,21.5
2008-03-18,24.8,69,36,28.4,20.03,1.2,24.4
2008-03-19,13.7,59,70,25.1,14.37,0.0,10.0
2008-03-20,17.8,55,94,10.8,17.54,0.9,14.2
2008-03-21,18.8,65,100,13.7,13.65,0.4,17.7
2008-03-22,23.1,48,37,27.7,22.2,0.0,23.3
2008-03-23,19.1,24,8,17.1,23.17,0.0,20.6
2008-03-24,19.9,31,6,14.3,22.77,0.0,20.0
2008-03-25,19.7,31,5,14.6,23.35,0.0,21.0
2008-03-26,20.7,35,5,13.3,23.2,0.0,18.6
2008-03-27,19.8,42,14,13.0,23.09,0.0,18.0
2008-03-28,18.1,45,90,20.5,15.72,1.0,13.0
2008-03-29,11.9,68,99,17.0,7.67,0.8,10.6
2008-03-30,18.0,67,75,10.2,22.95,0.0,13.1
2008-03-31,16.6,65,86,11.7,14.92,0.0,14.9
2008-04-01,19.0,54,66,12.4,16.2,0.0,19.0
2008-04-02,19.7,26,44,24.2,23.52,0.0,20.2
2008-04-03,20.9,43,78,16.9,18.43,0.0,21.5
2008-04-04,20.7,46,56,16.3,16.93,0.0,20.3
2008-04-05,22.5,58,57,16.8,19.91,0.0,21.6
2008-04-06,27.9,64,0,13.1,23.79,0.0,27.0
2008-04-07,26.1,69,43,20.1,17.52,0.7,25.6
2008-04-08,18.5,90,100,18.8,2.81,18.2,20.1
2008-04-09,20.0,66,66,25.5,18.74,0.7,20.0
2008-04-10,19.4,72,76,13.3,18.9,1.3,18.1
2008-04-11,19.2,70,98,21.3,11.47,0.0,17.1
2008-04-12,18.4,65,94,17.7,21.38,0.0,14.4
2008-04-13,22.0,68,55,11.9,23.51,0.0,22.3
2008-04-14,20.2,76,66,15.2,15.4,0.0,19.4
2008-04-15,21.1,74,55,11.6,18.41,0.0,20.8
2008-04-16,23.3,66,7,10.5,25.01,0.0,24.0
2008-04-17,24.1,57,37,15.5,25.32,0.0,25.1
2008-04-18,23.3,68,88,15.3,17.41,5.2,20.2
2008-04-19,15.5,93,100,19.1,1.68,33.0,15.0
2008-04-20,16.8,79,89,21.4,10.47,1.3,17.3
2008-04-21,18.1,65,73,18.9,16.6,0.0,18.0
2008-04-22,21.2,52,58,24.5,24.0,0.2,20.0
2008-04-23,19.9,34,28,19.5,26.92,0.0,21.2
2008-04-24,23.8,43,2,16.4,26.29,0.0,25.6
2008-04-25,27.6,40,0,24.4,26.79,0.0,29.0
2008-04-26,24.2,53,32,17.6,26.39,0.0,24.0
2008-04-27,21.7,47,24,28.0,26.59,0.0,20.0
2008-04-28,27.3,53,0,18.6,26.66,0.0,26.3
2008-04-29,29.0,48,56,22.5,25.39,0.0,28.0
2008-04-30,32.3,49,43,14.0,25.89,0.0,34.1
2008-05-01,33.1,54,0,24.8,26.32,0.0,31.6
2008-05-02,32.7,60,52,21.1,25.2,0.0,31.4
2008-05-03,25.4,80,77,26.3,8.86,25.4,29.8
2008-05-04,25.9,61,74,16.9,22.4,0.0,26.1
2008-05-05,28.6,53,0,22.5,27.09,0.0,28.8
2008-05-06,30.4,60,0,24.7,26.65,0.0,29.4
2008-05-07,29.0,69,74,23.2,19.49,0.2,27.2
2008-05-08,23.5,72,99,22.7,8.58,3.4,20.0
2008-05-09,24.6,66,71,10.0,21.91,0.0,24.7
2008-05-10,24.1,66,19,14.1,26.57,0.2,22.5
2008-05-11,24.8,59,20,20.2,23.98,0.4,23.0
2008-05-12,22.7,56,2,15.7,27.66,0.0,23.9
2008-05-13,23.7,50,4,11.0,27.64,0.0,24.4
2008-05-14,28.3,47,35,25.8,27.4,0.0,28.3
2008-05-15,28.6,58,25,13.6,26.81,0.0,27.6
2008-05-16,32.4,60,29,23.4,26.59,0.0,30.0
2008-05-17,28.8,71,82,16.3,17.32,3.8,26.0
2008-05-18,28.0,63,56,14.6,24.3,4.3,27.5
2008-05-19,30.8,42,3,10.9,28.7,0.0,31.0
2008-05-20,32.6,38,56,25.3,27.29,0.0,32.4
2008-05-21,31.6,37,98,11.8,24.7,0.0,31.4
2008-05-22,34.6,44,90,10.6,23.93,0.0,35.1
2008-05-23,33.6,47,58,14.5,25.88,0.3,31.5
2008-05-24,33.4,54,11,8.7,26.74,0.0,32.6
2008-05-25,31.7,63,84,13.0,17.01,0.0,30.6
2008-05-26,32.4,69,87,10.6,14.35,5.0,33.5
2008-05-27,32.2,70,80,18.9,20.55,2.1,31.2
2008-05-28,31.0,31,48,11.8,29.03,0.0,31.5
2008-05-29,31.5,34,88,25.5,20.91,0.0,30.4
2008-05-30,28.7,27,49,12.4,29.87,0.0,29.8
2008-05-31,32.8,33,54,23.2,28.49,0.0,33.7
2008-06-01,32.3,33,26,21.4,27.81,0.0,31.0
2008-06-02,29.8,32,22,14.3,28.95,0.2,29.6
2008-06-03,26.0,61,51,18.6,20.85,2.6,26.5
2008-06-04,27.2,53,8,12.4,28.34,0.0,25.8
2008-06-05,30.3,44,33,19.8,28.22,0.0,30.3
2008-06-06,30.2,56,96,22.3,19.16,0.6,27.4
2008-06-07,33.4,54,89,13.0,21.7,0.0,32.9
2008-06-08,34.6,50,75,8.4,23.7,0.0,34.1
2008-06-09,34.7,50,59,11.4,24.07,0.0,34.9
2008-06-10,34.6,55,87,10.2,21.02,2.4,32.1
2008-06-11,31.7,64,52,14.8,23.15,2.0,31.3
2008-06-12,33.3,63,63,14.1,21.95,0.8,32.5
2008-06-13,33.2,62,47,14.8,23.8,0.6,31.3
2008-06-14,31.6,57,65,14.9,23.31,0.0,29.6
2008-06-15,28.5,53,99,20.2,19.49,0.0,27.6
2008-06-16,24.9,63,100,17.2,10.83,0.0,23.1
2008-06-17,25.4,64,83,9.8,13.63,0.0,24.4
2008-06-18,29.5,59,58,14.4,23.68,0.0,30.1
2008-06-19,29.5,61,87,20.9,17.09,0.0,30.0
2008-06-20,32.4,72,69,10.6,17.68,1.2,32.7
2008-06-21,32.9,74,67,8.9,17.54,0.5,31.1
2008-06-22,32.7,70,66,15.4,20.5,1.3,32.9
2008-06-23,34.9,60,38,16.6,27.38,1.2,34.2
2008-06-24,32.8,73,75,12.8,19.21,0.0,27.8
2008-06-25,36.1,62,15,18.9,26.83,0.9,36.4
2008-06-26,32.0,65,85,17.9,18.49,0.0,30.6
2008-06-27,32.9,65,87,13.9,24.52,0.0,31.7
2008-06-28,33.1,65,51,19.0,25.28,0.0,31.2
2008-06-29,36.5,60,59,19.8,25.44,0.0,35.0
2008-06-30,34.4,66,98,16.8,18.26,1.7,32.0
2008-07-01,26.2,92,89,6.9,6.87,16.3,25.2
2008-07-02,32.8,75,39,10.5,25.98,0.0,32.3
2008-07-03,36.1,68,53,17.6,25.64,0.0,36.0
2008-07-04,34.6,70,71,18.1,20.2,4.6,33.5
2008-07-05,30.8,77,92,15.1,15.36,8.3,28.5
2008-07-06,32.1,74,70,12.8,20.95,0.0,31.8
2008-07-07,29.5,74,98,16.2,15.56,0.0,28.7
2008-07-08,27.0,80,74,10.4,14.22,3.2,27.8
2008-07-09,28.7,84,72,11.1,15.6,4.2,30.4
2008-07-10,31.6,81,56,7.4,21.39,0.2,32.7
2008-07-11,33.4,75,17,6.6,24.8,0.0,34.3
2008-07-12,31.1,82,58,15.2,17.29,10.2,30.4
2008-07-13,31.9,82,88,16.1,18.66,4.2,31.0
2008-07-14,31.6,92,98,11.9,9.71,24.2,31.1
2008-07-15,27.0,85,95,15.6,9.76,3.6,25.8
2008-07-16,32.2,71,65,8.4,27.17,0.0,33.2
2008-07-17,29.2,84,98,17.4,13.8,10.9,26.3
2008-07-18,27.7,77,68,17.9,18.22,16.5,27.6
2008-07-19,28.0,71,32,21.4,20.7,0.0,28.2
2008-07-20,28.9,72,42,17.0,23.87,0.0,28.5
2008-07-21,27.5,80,100,4.7,12.44,0.2,27.8
2008-07-22,23.6,90,100,14.8,1.95,46.7,23.7
2008-07-23,26.4,88,74,22.1,5.61,36.7,26.4
2008-07-24,30.6,76,12,8.2,26.79,0.0,32.2
2008-07-25,27.2,85,49,9.4,15.94,0.4,29.6
2008-07-26,28.9,85,71,9.0,13.48,0.7,29.7
2008-07-27,30.3,85,57,10.8,17.42,1.0,30.9
2008-07-28,31.3,86,43,10.2,17.79,1.2,32.8
2008-07-29,32.0,86,33,16.7,21.08,3.6,33.0
2008-07-30,28.8,89,64,25.0,13.44,6.3,28.2
2008-07-31,29.7,87,74,20.9,9.35,1.4,31.0
2008-08-01,33.3,78,60,13.1,22.99,0.0,33.9
2008-08-02,31.8,74,37,9.8,25.33,0.0,33.6
2008-08-03,31.8,75,56,8.9,23.59,0.0,32.6
2008-08-04,31.1,76,45,8.1,20.91,0.0,30.8
2008-08-05,31.0,85,41,11.6,19.29,9.1,30.6
2008-08-06,30.6,89,63,12.6,13.07,13.3,31.3
2008-08-07,31.5,83,28,11.0,19.34,0.9,32.5
2008-08-08,31.6,81,17,11.8,21.39,0.1,33.4
2008-08-09,31.3,79,19,14.2,23.41,0.0,33.0
2008-08-10,31.5,77,53,7.5,21.42,0.1,32.0
2008-08-11,31.7,77,73,7.6,18.53,0.0,31.7
2008-08-12,31.8,81,51,7.4,21.45,0.2,32.2
2008-08-13,26.9,90,95,13.0,7.46,19.9,25.1
2008-08-14,28.5,85,80,11.9,16.32,4.4,28.2
2008-08-15,26.8,79,88,23.1,13.43,0.4,27.6
2008-08-16,24.7,77,85,18.9,9.19,8.9,25.9
2008-08-17,27.4,76,46,16.6,20.55,3.1,27.0
2008-08-18,30.2,79,0,17.0,24.45,0.0,31.6
2008-08-19,30.8,81,55,11.4,17.51,0.0,29.4
2008-08-20,28.4,91,87,11.9,9.76,8.3,29.1
2008-08-21,31.0,87,83,19.4,12.38,16.8,29.8
2008-08-22,30.1,76,36,8.6,21.81,0.0,32.6
2008-08-23,31.9,71,1,9.8,25.08,0.0,34.4
2008-08-24,30.2,73,45,10.4,17.31,0.0,31.6
2008-08-25,29.8,73,11,8.7,23.93,0.0,31.6
2008-08-26,30.0,77,19,8.5,21.84,0.0,30.1
2008-08-27,29.3,78,62,11.3,13.98,0.1,29.3
2008-08-28,29.5,78,96,12.4,18.04,0.0,30.0
2008-08-29,27.4,76,89,15.3,14.34,1.7,28.0
2008-08-30,23.5,81,88,13.8,5.41,8.4,24.4
2008-08-31,27.1,66,16,12.9,23.36,0.0,28.5
2008-09-01,27.9,67,0,8.7,23.79,0.0,29.2
2008-09-02,28.6,67,56,9.4,23.39,0.0,30.6
2008-09-03,28.0,68,80,13.0,18.41,0.0,29.7
2008-09-04,29.5,72,19,14.0,23.32,0.0,31.1
2008-09-05,30.2,72,1,14.5,23.18,0.0,30.7
2008-09-06,29.5,75,34,14.2,22.53,0.0,30.3
2008-09-07,25.9,84,81,14.8,6.08,7.1,24.0
2008-09-08,24.1,79,95,15.0,6.15,9.5,22.9
2008-09-09,27.7,78,90,9.8,12.07,0.2,27.2
2008-09-10,25.1,83,90,15.4,7.82,6.6,24.0
2008-09-11,28.5,64,58,8.8,22.54,0.0,29.9
2008-09-12,29.2,66,40,8.4,22.46,0.0,30.8
2008-09-13,28.6,63,93,9.7,17.55,0.0,29.4
2008-09-14,28.3,63,47,11.2,19.36,0.0,28.9
2008-09-15,29.6,61,34,8.9,21.66,0.0,31.0
2008-09-16,29.5,66,76,9.2,18.54,0.0,31.1
2008-09-17,30.2,65,89,7.9,16.45,0.0,30.7
2008-09-18,25.3,65,97,15.9,5.04,9.1,23.8
2008-09-19,23.7,80,95,15.1,9.13,8.5,21.0
2008-09-20,27.4,78,50,6.4,17.3,0.3,25.2
2008-09-21,27.4,79,81,11.9,11.34,0.3,25.6
2008-09-22,30.7,75,70,16.1,13.74,0.1,29.0
2008-09-23,24.1,63,79,28.1,4.04,0.0,24.4
2008-09-24,18.3,59,99,19.8,2.91,0.1,17.3
2008-09-25,22.6,61,91,19.2,11.04,1.1,22.2
2008-09-26,16.8,69,100,18.5,2.11,4.7,17.7
2008-09-27,14.5,88,100,12.4,2.15,12.1,14.0
2008-09-28,14.4,88,88,6.4,3.09,7.3,13.4
2008-09-29,21.1,80,71,6.2,16.6,0.0,20.7
2008-09-30,24.8,72,20,8.3,19.33,0.0,25.3
2008-10-01,24.8,74,40,7.8,19.25,0.0,25.7
2008-10-02,25.4,70,64,9.0,16.0,0.0,26.8
2008-10-03,26.1,70,66,10.8,17.33,0.0,26.3
2008-10-04,23.1,74,61,12.7,11.66,0.0,20.9
2008-10-05,22.2,64,8,25.3,18.18,0.0,22.0
2008-10-06,19.0,65,37,15.3,13.09,0.0,19.0
2008-10-07,20.2,67,62,11.9,13.85,0.0,20.3
2008-10-08,21.7,75,65,7.8,12.15,0.0,21.4
2008-10-09,22.9,74,54,6.5,13.61,0.0,22.3
2008-10-10,22.0,61,71,20.3,12.99,0.0,22.0
2008-10-11,21.5,52,74,7.7,14.36,0.0,20.3
2008-10-12,23.2,59,4,10.5,18.0,0.0,23.6
2008-10-13,26.6,62,1,11.4,17.33,0.0,27.5
2008-10-14,29.0,62,0,10.8,17.63,0.0,30.4
2008-10-15,28.0,63,44,13.7,16.45,0.0,29.7
2008-10-16,26.7,53,31,10.8,17.08,0.0,27.5
2008-10-17,24.9,62,4,10.1,16.71,0.0,24.9
2008-10-18,26.4,64,53,7.3,15.38,0.3,25.0
2008-10-19,25.0,50,77,12.3,12.95,0.0,24.2
2008-10-20,22.0,78,98,6.6,5.93,3.6,18.6
2008-10-21,22.6,83,77,15.0,6.57,2.6,19.4
2008-10-22,21.3,77,78,28.1,6.95,2.2,18.9
2008-10-23,19.2,31,2,28.8,16.79,0.0,18.0
2008-10-24,18.6,38,49,18.5,14.0,0.0,18.5
2008-10-25,21.4,54,81,12.4,11.12,0.0,22.0
2008-10-26,22.0,39,76,14.2,15.69,0.0,23.2
2008-10-27,20.2,35,78,15.5,13.2,0.0,21.4
2008-10-28,15.7,65,100,6.0,2.42,0.1,15.0
2008-10-29,19.9,77,68,7.4,11.76,0.0,19.4
2008-10-30,19.1,82,65,8.1,10.04,0.0,16.7
2008-10-31,19.5,61,1,14.8,15.01,0.0,19.0
2008-11-01,23.5,55,38,15.0,12.87,0.0,23.0
2008-11-02,22.7,44,1,14.5,14.9,0.0,23.0
2008-11-03,20.2,48,19,16.8,14.38,0.0,19.3
2008-11-04,21.2,63,72,8.6,11.56,0.5,21.0
2008-11-05,23.3,60,87,12.6,12.35,0.0,24.3
2008-11-06,19.9,42,100,19.9,5.12,0.0,19.4
2008-11-07,17.0,61,81,12.5,4.32,0.5,17.1
2008-11-08,16.1,64,11,12.0,12.89,0.0,14.3
2008-11-09,12.1,54,65,12.0,7.01,0.0,10.2
2008-11-10,13.9,63,21,7.9,12.86,0.0,13.3
2008-11-11,14.8,64,16,11.5,13.11,0.0,15.1
2008-11-12,16.1,63,41,11.8,11.7,0.0,15.3
2008-11-13,18.5,67,87,9.1,8.8,0.0,16.6
2008-11-14,12.7,87,99,10.7,3.83,5.3,12.0
2008-11-15,16.8,68,96,15.1,10.92,3.5,15.9
2008-11-16,16.3,65,38,9.7,12.5,0.0,16.4
2008-11-17,10.7,39,49,20.3,9.82,0.0,11.6
2008-11-18,10.6,38,6,20.0,12.98,0.0,11.0
2008-11-19,11.3,33,3,18.0,12.79,0.0,11.0
2008-11-20,15.1,43,1,16.1,12.66,0.0,16.6
2008-11-21,14.3,55,54,9.4,12.13,0.0,14.3
2008-11-22,15.0,60,93,7.9,8.96,0.0,14.4
2008-11-23,13.2,62,67,7.0,7.65,0.0,11.0
2008-11-24,16.5,56,8,18.4,11.7,0.0,17.0
2008-11-25,13.0,35,25,15.7,12.2,0.0,13.0
2008-11-26,13.0,34,62,28.5,8.29,0.0,14.0
2008-11-27,8.7,30,0,21.4,12.14,0.0,9.0
2008-11-28,14.9,34,17,23.2,11.86,0.0,16.0
2008-11-29,14.6,36,0,16.0,11.73,0.0,15.6
2008-11-30,17.2,41,0,14.3,11.69,0.0,19.3
2008-12-01,16.2,33,0,22.2,11.78,0.0,16.5
2008-12-02,17.6,55,10,12.3,11.27,0.0,16.6
2008-12-03,14.9,67,90,17.4,5.77,0.2,14.6
2008-12-04,8.3,13,48,27.3,11.43,0.0,10.0
2008-12-05,4.9,19,0,14.0,11.87,0.0,4.3
2008-12-06,7.2,25,12,13.7,11.65,0.0,7.5
2008-12-07,12.6,32,7,18.7,11.43,0.0,13.0
2008-12-08,16.1,33,1,17.3,11.05,0.0,15.0
2008-12-09,19.3,56,0,11.2,10.98,0.0,20.2
2008-12-10,11.4,67,45,13.8,8.92,0.0,8.0
2008-12-11,11.4,72,0,15.0,10.99,0.0,12.3
2008-12-12,10.2,72,62,21.4,8.45,0.0,7.1
2008-12-13,6.4,59,56,22.3,10.01,0.0,5.6
2008-12-14,10.7,51,2,15.6,11.18,0.0,10.4
2008-12-15,13.2,48,2,11.6,11.08,0.0,14.9
2008-12-16,16.4,61,0,17.0,10.79,0.0,15.4
2008-12-17,11.3,37,1,17.0,10.86,0.0,11.0
2008-12-18,10.1,52,0,9.4,10.8,0.0,8.5
2008-12-19,16.4,56,15,16.1,10.4,0.0,14.0
2008-12-20,5.2,37,64,15.6,5.59,0.0,4.7
2008-12-21,2.5,23,17,29.3,9.22,0.0,3.2
2008-12-22,1.8,16,27,14.1,11.06,0.0,2.3
2008-12-23,6.5,21,25,13.3,10.97,0.0,4.7
2008-12-24,11.6,28,20,16.7,11.17,0.0,12.8
2008-12-25,6.5,33,21,15.7,11.21,0.0,6.1
2008-12-26,5.7,41,83,11.5,9.75,0.0,3.9
2008-12-27,6.2,56,39,8.7,10.56,0.0,4.7
2008-12-28,7.9,59,50,11.2,10.65,0.0,4.2
2008-12-29,6.8,23,41,15.3,10.21,0.0,5.7
2008-12-30,5.6,25,39,14.9,11.17,0.0,5.0
2008-12-31,4.5,32,0,14.3,11.74,0.0,
2009-01-01,2.8,38,11,9.3,11.64,0.0,3.5
2009-01-02,5.0,41,55,9.3,10.74,0.0,4.8
2009-01-03,4.8,50,57,9.8,8.78,0.0,3.3
2009-01-04,4.5,52,39,9.7,10.89,0.0,3.8
2009-01-05,4.3,47,66,12.4,9.8,0.0,3.3
2009-01-06,5.5,57,76,5.6,8.97,0.0,3.0
2009-01-07,6.8,62,39,9.6,10.58,0.0,5.4
2009-01-08,8.9,42,0,26.2,12.03,0.0,8.2
2009-01-09,4.0,37,0,15.8,12.34,0.0,4.3
2009-01-10,7.7,44,0,17.8,12.42,0.0,9.1
2009-01-11,2.2,33,0,24.1,12.43,0.0,1.1
2009-01-12,4.2,32,0,13.6,12.73,0.0,3.6
2009-01-13,8.0,27,6,12.9,12.82,0.0,8.7
2009-01-14,3.1,34,9,20.7,12.79,0.0,2.5
2009-01-15,7.4,48,5,14.3,12.74,0.0,6.0
2009-01-16,6.6,52,49,10.6,8.41,0.0,6.0
2009-01-17,10.6,53,22,11.0,12.11,0.0,5.2
2009-01-18,10.7,33,3,19.9,13.12,0.0,12.0
2009-01-19,7.4,59,75,8.6,5.74,0.2,7.0
2009-01-20,13.3,58,95,14.8,9.45,0.0,12.0
2009-01-21,16.3,35,35,16.2,13.22,0.0,17.3
2009-01-22,5.8,44,20,34.9,12.68,0.0,8.0
2009-01-23,-2.4,10,6,28.8,14.14,0.0,-2.0
2009-01-24,3.5,10,0,24.3,14.32,0.0,3.0
2009-01-25,7.9,15,33,17.6,13.38,0.0,8.0
2009-01-26,10.0,21,15,18.4,14.19,0.0,9.4
2009-01-27,13.2,50,0,17.3,13.89,0.0,12.2
2009-01-28,13.3,55,59,16.1,11.38,0.0,9.9
2009-01-29,12.9,62,77,11.4,13.0,0.0,10.0
2009-01-30,11.3,56,20,9.8,14.07,0.0,8.4
2009-01-31,11.9,74,75,9.1,13.1,0.0,2.1
2009-02-01,9.7,76,67,8.7,10.63,0.0,4.6
2009-02-02,10.2,69,62,10.8,10.5,0.0,5.1
2009-02-03,8.4,66,71,11.1,11.39,0.0,7.0
2009-02-04,13.2,68,11,12.1,14.39,0.0,12.2
2009-02-05,13.7,74,75,7.9,12.01,0.0,11.0
2009-02-06,13.9,74,89,8.0,8.41,0.0,12.7
2009-02-07,13.5,87,94,11.4,4.56,2.8,9.9
2009-02-08,7.7,94,86,11.4,2.37,10.3,5.8
2009-02-09,16.4,60,13,20.1,15.61,0.0,15.1
2009-02-10,20.9,57,3,12.4,15.73,0.0,21.6
2009-02-11,19.9,75,38,13.8,13.89,0.0,18.3
2009-02-12,22.5,80,63,18.9,8.79,0.0,17.0
2009-02-13,14.5,72,54,11.9,11.91,0.4,12.4
2009-02-14,15.6,75,65,11.3,10.77,0.2,14.4
2009-02-15,7.4,55,97,25.0,8.59,0.2,8.2
2009-02-16,7.1,74,95,11.7,5.54,0.2,4.4
2009-02-17,7.9,67,80,12.1,9.07,0.0,4.2
2009-02-18,5.5,81,96,13.6,3.73,2.5,4.3
2009-02-19,11.9,63,98,17.1,11.84,1.1,10.3
2009-02-20,9.4,23,30,18.2,18.08,0.0,10.4
2009-02-21,14.2,55,27,15.2,16.44,0.0,13.7
2009-02-22,10.4,52,90,26.4,11.56,0.0,9.0
2009-02-23,8.8,68,98,13.5,8.31,0.0,7.5
2009-02-24,7.6,89,93,16.4,3.74,5.3,4.7
2009-02-25,5.7,73,97,20.1,7.72,1.9,3.0
2009-02-26,2.9,77,98,7.9,5.1,1.9,2.1
2009-02-27,9.4,79,89,8.1,13.27,0.0,8.0
2009-02-28,11.2,73,68,9.4,13.31,0.0,10.2
2009-03-01,13.1,59,96,18.0,14.87,0.0,11.0
2009-03-02,5.8,77,85,17.4,5.94,3.6,4.2
2009-03-03,7.9,78,84,15.1,13.08,0.0,7.0
2009-03-04,10.2,76,79,14.0,12.33,0.3,7.0
2009-03-05,14.7,53,37,19.6,19.96,0.0,14.7
2009-03-06,10.6,32,93,14.5,16.93,0.0,10.4
2009-03-07,15.3,51,56,16.9,19.43,0.0,14.8
2009-03-08,19.2,59,82,11.5,15.06,0.0,16.9
2009-03-09,19.7,52,30,21.3,20.34,0.0,17.1
2009-03-10,11.3,46,97,20.1,10.8,0.9,8.2
2009-03-11,13.4,65,93,15.0,11.09,2.0,9.1
2009-03-12,11.5,84,100,16.1,6.24,8.5,9.6
2009-03-13,10.7,34,57,28.1,21.01,0.0,10.0
2009-03-14,15.3,46,5,18.8,21.29,0.0,16.0
2009-03-15,23.2,49,42,17.3,21.2,0.0,23.2
2009-03-16,23.9,60,59,18.6,18.7,0.0,25.7
2009-03-17,25.7,63,31,17.0,20.68,0.0,26.6
2009-03-18,26.7,71,25,14.1,20.99,0.0,27.3
2009-03-19,19.6,61,45,34.6,18.92,0.0,20.4
2009-03-20,17.2,54,99,11.0,7.23,0.0,14.6
2009-03-21,23.1,67,87,17.6,16.64,12.4,21.0
2009-03-22,16.5,47,43,24.3,15.42,0.0,15.6
2009-03-23,16.8,58,56,18.2,19.29,0.0,14.4
2009-03-24,12.1,61,24,28.3,15.74,0.0,8.4
2009-03-25,15.6,55,2,17.8,22.94,0.0,15.3
2009-03-26,17.1,61,38,20.1,19.35,0.0,15.0
2009-03-27,13.2,46,98,13.0,9.72,0.0,12.2
2009-03-28,16.3,54,96,18.1,16.08,0.0,14.3
2009-03-29,16.7,56,56,18.4,21.02,0.0,16.0
2009-03-30,12.3,61,42,19.9,16.71,0.0,10.4
2009-03-31,12.6,60,74,10.8,13.69,1.1,12.0
2009-04-01,13.4,53,55,9.2,18.37,0.0,13.8
2009-04-02,11.7,64,83,18.4,10.39,0.4,10.0
2009-04-03,16.7,69,67,9.8,17.15,0.0,14.7
2009-04-04,20.7,69,95,10.7,20.08,0.0,19.6
2009-04-05,21.7,69,7,10.1,23.07,0.0,21.3
2009-04-06,24.1,59,25,10.9,24.36,0.0,25.0
2009-04-07,24.6,51,94,16.1,21.97,0.0,24.6
2009-04-08,24.9,53,4,17.2,23.91,0.0,24.6
2009-04-09,24.6,46,1,19.0,24.63,0.0,24.2
2009-04-10,23.1,55,58,12.6,14.45,0.5,19.2
2009-04-11,26.8,63,82,11.7,20.63,0.0,25.9
2009-04-12,26.4,65,96,9.7,21.36,0.0,25.6
2009-04-13,29.9,57,50,9.8,23.34,0.0,29.3
2009-04-14,29.8,61,30,19.4,22.37,0.0,26.9
2009-04-15,23.4,54,77,39.9,17.24,0.1,22.0
2009-04-16,19.1,44,17,12.9,23.84,0.0,18.1
2009-04-17,23.3,66,83,16.9,20.11,0.0,19.3
2009-04-18,24.6,76,86,9.4,12.67,5.0,22.0
2009-04-19,18.5,96,100,21.5,1.1,37.9,17.3
2009-04-20,24.0,58,31,17.6,24.53,0.0,25.6
2009-04-21,21.1,47,34,16.1,25.46,0.0,21.6
2009-04-22,21.6,58,97,16.3,16.34,0.3,20.0
2009-04-23,20.9,69,96,9.7,16.38,0.3,19.2
2009-04-24,21.9,53,59,23.7,22.4,0.0,21.6
2009-04-25,20.7,40,6,11.4,26.46,0.0,21.9
2009-04-26,22.1,50,8,12.3,26.32,0.0,21.9
2009-04-27,26.1,46,83,16.4,24.02,0.0,27.7
2009-04-28,27.2,49,54,15.3,24.73,0.0,28.4
2009-04-29,24.8,53,3,17.6,26.11,0.0,25.1
2009-04-30,25.6,69,65,17.3,20.33,0.0,24.0
2009-05-01,26.0,63,95,18.7,13.72,0.0,25.9
2009-05-02,27.0,56,70,10.1,22.64,0.0,28.3
2009-05-03,29.4,49,14,16.9,26.16,0.0,29.4
2009-05-04,28.0,45,36,23.7,26.72,0.0,28.0
2009-05-05,27.5,44,10,16.7,24.7,0.0,27.0
2009-05-06,28.6,51,0,14.8,26.65,0.0,28.4
2009-05-07,30.8,44,16,20.4,26.84,0.0,30.0
2009-05-08,31.6,53,35,28.2,21.6,0.0,30.1
2009-05-09,31.9,67,82,17.0,17.01,5.1,29.3
2009-05-10,22.7,80,93,27.1,5.69,3.4,25.0
2009-05-11,20.0,81,94,8.8,7.49,9.9,18.0
2009-05-12,28.9,64,27,16.6,26.03,0.5,28.0
2009-05-13,26.8,64,85,14.3,17.95,2.5,25.7
2009-05-14,19.2,76,100,12.3,4.31,9.6,20.0
2009-05-15,15.2,89,99,10.3,4.31,17.2,16.3
2009-05-16,26.1,74,48,9.0,25.18,0.0,26.2
2009-05-17,26.1,50,61,15.5,25.24,0.0,27.2
2009-05-18,28.5,47,76,19.1,22.51,0.0,30.8
2009-05-19,30.1,44,99,12.8,24.14,0.0,30.2
2009-05-20,26.4,53,50,20.3,25.49,0.0,26.9
2009-05-21,29.3,67,21,14.8,26.09,0.0,28.4
2009-05-22,23.2,63,100,18.1,8.36,2.6,23.0
2009-05-23,27.9,52,30,9.7,28.83,0.0,29.0
2009-05-24,28.4,48,96,11.6,23.95,0.0,28.4
2009-05-25,20.5,76,88,22.2,4.98,7.1,21.1
2009-05-26,25.9,65,63,16.0,25.83,0.0,25.9
2009-05-27,24.1,71,99,17.8,10.31,2.5,24.2
2009-05-28,18.4,88,100,12.3,2.52,3.2,20.6
2009-05-29,29.1,61,50,11.2,26.24,0.0,27.7
2009-05-30,29.0,36,37,15.0,25.89,0.0,30.6
2009-05-31,32.6,35,65,12.9,27.79,0.0,34.1
2009-06-01,33.9,41,87,16.9,28.16,0.0,34.9
2009-06-02,35.3,47,49,14.0,27.98,0.0,35.0
2009-06-03,35.5,50,26,15.9,27.3,0.6,34.6
2009-06-04,33.3,55,35,9.1,26.4,0.2,33.5
2009-06-05,38.2,40,19,15.4,26.85,1.2,38.0
2009-06-06,29.8,66,77,15.5,15.34,2.2,26.0
2009-06-07,31.2,74,75,16.7,22.22,2.3,28.1
2009-06-08,22.8,91,80,12.3,3.32,36.8,22.6
2009-06-09,28.8,74,75,9.3,24.08,0.0,28.6
2009-06-10,30.8,58,67,12.5,27.1,0.0,32.7
2009-06-11,34.0,45,92,15.7,24.59,0.0,34.9
2009-06-12,31.4,47,25,16.5,28.2,0.0,32.6
2009-06-13,33.4,49,5,9.8,28.33,0.0,34.6
2009-06-14,35.1,60,34,15.2,25.93,1.6,33.5
2009-06-15,34.2,61,34,12.8,25.62,0.0,31.8
2009-06-16,36.6,46,69,17.8,26.3,0.0,36.8
2009-06-17,32.1,53,73,17.8,19.34,0.0,32.5
2009-06-18,33.0,65,83,14.6,15.47,7.7,30.0
2009-06-19,32.0,79,64,14.7,15.81,13.9,33.0
2009-06-20,32.0,46,38,16.2,25.24,1.7,33.9
2009-06-21,35.5,59,6,11.5,28.65,0.0,40.0
2009-06-22,31.8,39,14,27.7,29.46,0.0,34.0
2009-06-23,35.1,44,66,16.9,27.33,0.0,38.0
2009-06-24,38.3,48,0,11.5,29.2,0.0,41.0
2009-06-25,39.0,44,32,19.1,28.32,0.0,41.0
2009-06-26,37.4,47,41,14.1,25.95,0.0,37.8
2009-06-27,38.1,60,72,12.9,22.8,4.0,37.2
2009-06-28,35.5,60,77,14.0,16.29,3.4,33.0
2009-06-29,36.6,44,58,13.5,25.87,0.0,35.0
2009-06-30,36.4,50,33,17.4,28.05,0.0,36.4
2009-07-01,34.8,51,14,14.5,26.46,0.0,33.8
2009-07-02,35.8,51,15,13.8,24.36,0.0,34.4
2009-07-03,36.6,42,21,14.1,27.64,0.0,36.2
2009-07-04,35.9,41,88,18.7,25.13,0.0,35.2
2009-07-05,34.2,59,65,15.1,18.67,1.4,32.9
2009-07-06,33.9,75,62,11.2,20.0,3.0,31.8
2009-07-07,33.7,78,63,15.2,20.16,6.0,31.9
2009-07-08,33.4,80,87,22.0,16.29,18.1,34.0
2009-07-09,29.8,74,81,17.6,19.71,9.1,30.4
2009-07-10,26.7,84,100,7.8,6.41,7.1,27.8
2009-07-11,27.8,83,98,11.3,13.86,47.6,28.9
2009-07-12,31.3,74,74,14.8,25.5,0.0,32.6
2009-07-13,28.7,86,80,10.7,9.23,10.6,25.2
2009-07-14,30.7,80,51,6.9,23.95,0.0,31.4
2009-07-15,31.5,78,70,12.5,25.04,0.0,32.5
2009-07-16,33.3,78,89,18.1,19.08,2.6,33.4
2009-07-17,35.0,72,94,18.7,22.5,0.5,34.6
2009-07-18,30.9,78,81,13.7,20.87,0.0,30.0
2009-07-19,32.6,79,57,10.6,20.79,0.5,32.4
2009-07-20,34.1,76,94,17.1,18.81,0.5,34.7
2009-07-21,33.9,75,59,14.3,21.25,0.0,34.0
2009-07-22,28.0,91,94,10.5,3.01,54.5,28.0
2009-07-23,31.9,75,32,8.2,24.2,0.1,34.4
2009-07-24,29.7,83,69,14.0,13.69,0.4,29.6
2009-07-25,27.0,80,52,16.3,15.58,2.2,26.8
2009-07-26,29.0,74,63,7.8,23.71,0.0,29.4
2009-07-27,29.7,71,68,6.4,23.84,0.0,28.7
2009-07-28,29.9,76,11,9.2,25.26,0.0,30.6
2009-07-29,29.9,77,28,12.0,23.08,0.0,30.3
2009-07-30,29.7,78,57,12.0,18.98,0.0,30.7
2009-07-31,29.0,81,80,9.4,14.97,1.0,29.7
2009-08-01,30.5,81,76,6.6,17.74,0.1,30.3
2009-08-02,31.5,79,43,9.7,20.41,0.3,32.7
2009-08-03,29.1,84,99,10.7,12.15,4.8,26.6
2009-08-04,28.3,81,77,9.8,13.95,0.9,29.1
2009-08-05,24.1,92,89,11.8,3.43,8.8,23.7
2009-08-06,28.3,80,64,14.8,13.89,0.0,28.9
2009-08-07,28.9,78,43,14.9,15.68,0.0,29.8
2009-08-08,29.0,81,58,18.3,12.64,4.5,29.0
2009-08-09,30.7,83,48,12.5,18.1,0.2,30.9
2009-08-10,31.3,82,53,14.1,18.34,0.7,30.9
2009-08-11,32.8,65,56,15.3,24.0,0.0,33.4
2009-08-12,35.0,58,19,9.1,26.18,0.0,36.4
2009-08-13,33.8,67,0,9.9,25.97,0.0,34.0
2009-08-14,33.4,67,2,13.0,24.94,0.0,34.0
2009-08-15,34.1,68,2,10.5,24.79,0.0,33.7
2009-08-16,33.7,72,55,12.0,19.12,3.1,33.0
2009-08-17,26.0,93,91,14.0,4.14,51.2,26.2
2009-08-18,27.2,85,99,15.8,6.52,0.0,29.0
2009-08-19,31.3,76,78,13.8,20.12,0.6,32.0
2009-08-20,30.8,69,74,17.9,20.26,0.0,30.6
2009-08-21,25.1,82,85,20.8,5.02,9.5,25.9
2009-08-22,22.1,85,85,17.2,5.14,9.7,21.6
2009-08-23,27.3,77,26,7.3,21.39,0.0,28.9
2009-08-24,28.6,79,49,7.6,15.32,0.0,28.8
2009-08-25,31.5,80,25,15.0,17.75,0.0,31.7
2009-08-26,32.7,78,16,16.9,20.7,0.3,31.0
2009-08-27,31.8,73,27,9.2,19.61,0.0,34.0
2009-08-28,29.2,82,65,16.6,10.82,7.5,29.0
2009-08-29,21.8,89,86,28.0,3.75,47.7,21.0
2009-08-30,23.3,77,1,8.4,23.91,0.0,25.8
2009-08-31,25.5,74,0,11.5,24.18,0.0,27.0
2009-09-01,25.8,78,54,13.7,18.32,0.0,27.4
2009-09-02,26.8,78,83,9.9,16.94,0.3,27.5
2009-09-03,27.5,88,73,12.7,9.32,3.7,29.1
2009-09-04,30.3,86,78,12.6,17.75,1.8,30.6
2009-09-05,31.4,84,44,10.9,17.97,1.8,33.0
2009-09-06,28.6,84,73,25.9,11.85,2.6,24.3
2009-09-07,17.2,79,99,20.5,3.58,2.9,17.0
2009-09-08,18.4,73,100,17.8,4.3,1.1,18.6
2009-09-09,20.1,69,68,10.9,10.27,0.0,22.4
2009-09-10,22.3,75,66,6.5,11.75,0.0,21.2
2009-09-11,25.6,78,64,8.4,12.7,0.0,25.0
2009-09-12,23.6,71,82,11.8,9.96,0.3,23.1
2009-09-13,20.2,76,100,8.3,4.12,5.6,19.0
2009-09-14,22.2,84,99,8.7,6.0,4.5,22.5
2009-09-15,26.4,80,23,8.7,21.46,0.0,27.5
2009-09-16,23.0,83,90,7.6,7.14,11.8,23.0
2009-09-17,26.2,84,81,7.9,12.42,3.6,24.4
2009-09-18,21.2,95,99,16.5,1.84,4.3,21.1
2009-09-19,21.0,89,100,10.7,2.57,10.3,22.2
2009-09-20,18.7,86,99,20.2,4.64,8.6,19.6
2009-09-21,24.6,59,57,14.5,21.77,0.0,26.3
2009-09-22,25.8,62,0,13.0,21.51,0.0,28.5
2009-09-23,26.6,67,22,13.3,20.99,0.0,29.1
2009-09-24,22.1,89,99,15.5,4.01,11.9,22.2
2009-09-25,26.3,72,77,12.0,17.84,0.0,27.4
2009-09-26,24.6,79,89,6.5,9.52,0.0,25.6
2009-09-27,26.6,76,62,8.3,16.77,0.0,26.9
2009-09-28,26.3,82,11,8.8,17.49,0.1,27.0
2009-09-29,26.9,77,10,9.7,17.82,0.0,27.9
2009-09-30,26.6,71,1,10.1,19.73,0.0,28.0
2009-10-01,28.6,69,12,9.8,17.52,0.0,29.4
2009-10-02,27.3,69,35,8.8,17.21,0.0,28.2
2009-10-03,28.4,64,33,8.7,18.99,0.0,30.2
2009-10-04,25.8,55,26,18.7,18.6,0.0,26.4
2009-10-05,27.2,59,6,9.8,19.12,0.0,28.3
2009-10-06,27.3,58,57,10.2,18.45,0.0,27.4
2009-10-07,21.6,68,100,16.9,8.17,1.1,20.6
2009-10-08,20.0,77,99,9.0,7.83,0.0,18.4
2009-10-09,21.1,70,98,13.2,8.52,0.0,19.2
2009-10-10,21.6,65,97,10.2,9.38,0.5,17.6
2009-10-11,18.2,69,99,9.4,3.68,0.0,17.5
2009-10-12,21.6,72,95,8.6,11.77,0.4,20.1
2009-10-13,23.9,55,23,14.7,17.34,0.0,23.6
2009-10-14,22.4,47,58,10.3,15.09,0.0,23.1
2009-10-15,25.5,58,9,10.9,17.69,0.0,27.2
2009-10-16,25.9,40,17,29.5,17.56,0.0,27.0
2009-10-17,24.5,37,0,11.5,17.69,0.0,26.0
2009-10-18,25.6,42,71,18.6,10.25,0.0,25.1
2009-10-19,21.0,33,88,13.5,12.94,0.0,20.9
2009-10-20,26.9,45,57,15.9,16.2,0.0,27.4
2009-10-21,24.9,43,92,10.1,15.17,0.0,25.8
2009-10-22,27.6,51,10,8.9,16.26,0.0,28.4
2009-10-23,27.6,52,0,11.9,16.16,0.0,28.5
2009-10-24,23.2,57,71,10.5,9.53,0.0,24.3
2009-10-25,25.2,56,48,7.9,14.66,0.0,25.9
2009-10-26,24.9,55,96,9.1,10.64,0.0,25.6
2009-10-27,24.5,60,42,8.7,14.6,0.0,23.0
2009-10-28,25.7,62,8,10.2,14.69,0.0,26.2
2009-10-29,26.0,67,56,9.4,12.96,0.0,25.8
2009-10-30,23.8,77,71,14.1,10.03,0.3,18.8
2009-10-31,16.7,86,99,18.7,1.85,12.5,11.5
2009-11-01,20.1,59,61,32.1,14.01,0.0,19.4
2009-11-02,7.5,41,0,24.5,15.29,0.0,8.7
2009-11-03,12.5,48,44,17.3,13.63,0.0,12.1
2009-11-04,20.9,50,51,13.6,13.68,0.0,21.0
2009-11-05,22.5,53,0,11.0,14.47,0.0,24.3
2009-11-06,24.9,66,45,11.7,13.93,0.0,26.0
2009-11-07,25.4,66,32,11.7,12.88,0.0,26.5
2009-11-08,24.0,78,6,22.5,12.95,0.0,20.4
2009-11-09,14.7,78,96,30.6,1.39,3.9,11.4
2009-11-10,3.2,63,100,26.1,1.95,2.5,4.2
2009-11-11,-0.2,90,100,27.3,1.73,27.3,-0.4
2009-11-12,1.5,87,59,20.5,8.36,15.8,1.9
2009-11-13,6.7,78,4,9.1,13.37,0.0,5.2
2009-11-14,4.0,84,57,9.8,11.72,0.0,2.3
2009-11-15,1.1,69,95,15.0,6.0,1.2,-0.4
2009-11-16,-0.4,63,92,13.4,5.71,0.1,-0.6
2009-11-17,2.8,58,9,16.8,13.24,0.0,3.3
2009-11-18,4.1,59,98,10.0,8.49,0.0,5.6
2009-11-19,5.0,65,64,9.2,11.54,0.0,5.0
2009-11-20,7.6,61,66,20.2,12.3,0.0,9.0
2009-11-21,6.7,62,46,15.8,11.8,0.0,9.6
2009-11-22,13.9,69,0,10.0,12.33,0.0,14.6
2009-11-23,13.9,80,3,11.1,11.88,0.0,13.5
2009-11-24,16.5,71,18,13.9,11.88,0.0,16.2
2009-11-25,12.8,68,23,10.1,11.76,0.0,10.6
2009-11-26,10.6,78,76,8.5,7.33,0.2,6.4
2009-11-27,6.6,75,98,22.4,4.07,0.0,4.7
2009-11-28,3.1,69,74,15.7,3.59,2.8,3.2
2009-11-29,8.6,78,37,9.5,8.94,0.0,8.3
2009-11-30,12.3,69,42,13.0,10.45,0.0,12.3
2009-12-01,12.0,74,17,9.5,11.36,0.0,6.4
2009-12-02,13.1,51,46,21.9,11.06,0.0,14.0
2009-12-03,10.4,57,2,14.8,11.54,0.0,10.9
2009-12-04,12.1,45,14,32.0,10.93,0.0,13.1
2009-12-05,9.3,44,0,13.4,11.55,0.0,10.4
2009-12-06,9.7,66,26,8.5,10.38,0.0,8.0
2009-12-07,6.9,70,83,5.9,3.65,0.0,6.5
2009-12-08,9.3,76,83,8.4,7.1,0.0,9.2
2009-12-09,9.7,76,50,6.6,10.19,0.0,8.6
2009-12-10,10.4,77,80,12.8,7.43,0.0,8.4
2009-12-11,10.2,78,83,17.6,6.86,0.0,9.6
2009-12-12,4.9,48,63,15.5,6.69,0.0,4.4
2009-12-13,7.8,61,44,8.9,10.2,0.0,7.1
2009-12-14,5.0,81,99,14.3,3.84,2.4,3.8
2009-12-15,3.9,77,96,13.9,5.55,0.6,2.4
2009-12-16,7.5,69,69,14.1,9.25,0.0,5.9
2009-12-17,5.4,50,6,13.1,11.13,0.0,5.6
2009-12-18,4.0,55,0,9.7,10.94,0.0,3.8
2009-12-19,4.7,49,1,16.8,11.01,0.0,4.0
2009-12-20,3.9,27,0,23.4,11.48,0.0,4.0
2009-12-21,7.3,42,0,15.0,11.33,0.0,8.5
2009-12-22,12.2,61,5,15.1,10.9,0.0,13.2
2009-12-23,9.6,71,64,10.2,10.27,0.0,9.0
2009-12-24,12.5,65,31,24.2,10.47,0.0,12.1
2009-12-25,4.6,24,3,21.1,11.44,0.0,6.0
2009-12-26,1.7,41,56,7.6,5.25,0.0,2.3
2009-12-27,3.2,31,24,21.5,11.58,0.0,3.5
2009-12-28,6.5,55,1,16.4,11.12,0.0,6.0
2009-12-29,11.3,45,0,15.5,11.27,0.0,12.0
2009-12-30,6.1,32,0,14.6,11.41,0.0,6.6
2009-12-31,4.9,42,34,13.1,11.31,0.0,4.9
2010-01-01,13.5,53,1,11.4,11.32,0.0,13.0
2010-01-02,6.3,60,4,10.8,11.26,0.0,4.4
2010-01-03,6.1,82,30,7.7,9.04,0.0,1.3
2010-01-04,0.8,60,58,15.8,10.4,0.0,-0.3
2010-01-05,-2.1,29,88,9.0,8.02,0.0,-1.9
2010-01-06,0.2,30,0,8.8,11.6,0.0,-1.1
2010-01-07,-0.1,36,61,8.0,8.47,0.0,-2.3
2010-01-08,3.7,51,8,13.6,11.62,0.0,2.0
2010-01-09,1.8,55,76,14.4,9.84,0.0,-1.4
2010-01-10,2.2,41,66,10.5,10.32,0.0,0.4
2010-01-11,3.0,47,93,9.5,10.13,0.0,2.0
2010-01-12,6.1,29,0,24.9,12.48,0.0,6.0
2010-01-13,4.2,32,0,13.7,12.88,0.0,5.0
2010-01-14,11.6,51,20,12.7,12.55,0.0,13.1
2010-01-15,4.6,42,52,13.6,12.04,0.0,4.1
2010-01-16,7.3,55,7,11.9,12.68,0.0,8.5
2010-01-17,10.3,74,8,10.5,12.42,0.0,10.1
2010-01-18,12.1,81,32,12.0,11.97,0.0,8.0
2010-01-19,8.6,90,98,7.7,2.81,0.0,4.8
2010-01-20,7.8,78,100,27.6,5.96,0.0,5.1
2010-01-21,3.3,44,40,17.4,11.15,0.0,1.2
2010-01-22,5.7,45,12,16.5,13.32,0.0,5.6
2010-01-23,6.0,29,44,12.0,11.53,0.0,6.0
2010-01-24,10.8,39,53,23.7,10.28,0.0,12.0
2010-01-25,5.2,31,25,22.9,13.29,0.0,6.1
2010-01-26,8.8,49,35,14.8,10.59,0.0,9.0
2010-01-27,13.7,57,18,17.1,12.62,0.0,14.0
2010-01-28,12.5,63,66,11.9,12.19,0.0,12.2
2010-01-29,11.0,57,74,11.6,13.48,0.0,10.6
2010-01-30,12.9,53,41,16.1,14.21,0.0,13.2
2010-01-31,10.7,45,87,12.0,11.86,0.0,10.0
2010-02-01,10.5,58,44,9.4,9.4,0.0,9.6
2010-02-02,7.1,54,69,11.4,13.0,0.0,5.6
2010-02-03,6.3,57,85,7.6,13.37,0.0,5.0
2010-02-04,9.8,61,33,11.4,14.54,0.0,8.3
2010-02-05,9.2,73,55,16.6,10.73,0.0,4.0
2010-02-06,3.3,78,94,16.0,3.2,1.3,0.1
2010-02-07,7.4,82,100,8.8,6.91,0.0,2.3
2010-02-08,7.3,89,100,13.0,3.35,0.9,3.9
2010-02-09,4.2,90,100,25.9,3.27,3.0,2.5
2010-02-10,0.1,75,100,26.6,2.6,12.8,-0.2
2010-02-11,-1.1,65,70,24.2,13.92,1.8,-0.3
2010-02-12,1.6,57,59,8.9,14.29,0.0,0.4
2010-02-13,2.6,73,96,12.0,12.03,0.0,1.6
2010-02-14,2.4,68,91,9.5,12.51,0.2,3.3
2010-02-15,1.8,66,82,13.2,11.52,0.0,1.5
2010-02-16,6.1,69,94,12.0,13.69,0.0,3.6
2010-02-17,6.4,44,20,27.6,17.24,0.0,6.8
2010-02-18,9.0,28,43,18.2,17.65,0.0,9.1
2010-02-19,13.4,41,3,15.5,17.6,0.0,14.6
2010-02-20,17.4,59,0,13.3,17.42,0.0,18.0
2010-02-21,19.1,62,50,12.6,16.02,0.0,17.5
2010-02-22,17.4,62,19,10.7,16.46,0.0,17.8
2010-02-23,20.7,70,2,21.3,17.22,0.0,19.9
2010-02-24,20.4,81,58,10.9,10.13,0.0,16.2
2010-02-25,12.7,73,79,24.5,7.01,0.0,11.7
2010-02-26,12.2,53,61,10.9,12.57,0.0,11.9
2010-02-27,14.0,54,40,12.1,17.46,0.0,11.6
2010-02-28,7.5,89,96,24.9,1.47,9.1,8.4
2010-03-01,6.2,63,87,25.0,16.7,0.0,3.7
2010-03-02,10.3,63,98,9.2,9.47,0.0,6.6
2010-03-03,4.7,85,100,8.8,3.99,5.0,6.2
2010-03-04,9.4,80,82,11.1,14.11,0.0,8.2
2010-03-05,5.2,77,86,27.9,4.59,2.3,4.9
2010-03-06,5.5,45,92,19.4,14.88,0.2,5.1
2010-03-07,5.9,53,32,15.0,17.81,0.0,5.4
2010-03-08,3.6,51,96,16.3,10.97,0.0,2.3
2010-03-09,4.1,36,27,26.3,20.76,0.0,4.8
2010-03-10,12.4,35,0,17.5,21.28,0.0,13.8
2010-03-11,19.3,61,11,20.6,20.35,0.0,18.4
2010-03-12,19.8,54,16,16.9,20.44,0.0,19.2
2010-03-13,14.5,57,39,18.6,18.98,0.0,12.0
2010-03-14,9.9,80,100,14.3,2.45,6.7,8.0
2010-03-15,15.5,50,93,18.4,18.79,0.0,16.4
2010-03-16,18.7,47,2,22.1,21.36,0.0,18.6
2010-03-17,14.6,51,45,15.8,20.71,0.0,13.0
2010-03-18,14.6,72,38,14.4,19.95,0.0,10.0
2010-03-19,26.9,70,45,17.7,20.77,0.0,27.4
2010-03-20,20.4,22,27,32.6,21.99,0.0,17.5
2010-03-21,17.9,45,56,17.9,17.43,0.0,16.3
2010-03-22,13.8,71,97,13.1,5.67,1.2,14.2
2010-03-23,13.9,60,95,11.8,15.04,0.5,13.0
2010-03-24,16.8,54,72,9.5,16.75,0.0,14.6
2010-03-25,13.3,35,27,24.4,22.71,0.0,14.0
2010-03-26,17.1,48,50,13.2,21.5,0.0,17.0
2010-03-27,21.7,43,49,19.5,21.5,0.1,21.4
2010-03-28,17.7,46,13,15.9,23.07,0.0,16.7
2010-03-29,18.9,67,88,13.9,12.17,0.2,16.0
2010-03-30,17.6,63,90,10.7,13.28,0.0,16.5
2010-03-31,21.7,72,47,12.6,19.47,5.8,20.3
2010-04-01,15.5,43,97,22.3,19.79,0.8,16.3
2010-04-02,19.7,39,62,12.6,24.04,0.0,19.8
2010-04-03,20.0,46,31,23.2,22.87,0.0,19.4
2010-04-04,24.2,58,16,14.1,22.54,0.0,24.3
2010-04-05,28.5,55,41,14.4,23.26,0.0,29.0
2010-04-06,17.5,38,90,39.1,22.52,0.0,19.0
2010-04-07,17.4,38,100,18.2,19.09,0.0,16.7
2010-04-08,22.1,41,24,22.4,24.24,0.0,21.8
2010-04-09,24.1,57,56,19.5,22.02,0.0,21.6
2010-04-10,16.1,62,94,24.8,4.21,0.1,16.4
2010-04-11,12.7,68,92,17.6,4.83,0.0,11.0
2010-04-12,12.2,73,87,10.5,5.52,1.1,10.9
2010-04-13,11.5,33,49,10.2,18.51,0.0,10.6
2010-04-14,7.8,58,99,14.3,9.07,2.9,7.8
2010-04-15,15.6,61,34,18.4,24.37,0.0,13.8
2010-04-16,22.0,61,46,17.4,24.09,0.0,19.1
2010-04-17,21.5,68,74,12.4,19.9,0.0,20.6
2010-04-18,23.3,70,98,16.8,16.92,0.0,23.1
2010-04-19,23.7,77,96,10.7,15.78,0.0,20.1
2010-04-20,21.3,81,99,21.2,6.37,10.7,16.3
2010-04-21,13.9,79,94,27.0,5.03,23.6,12.2
2010-04-22,21.1,56,84,14.2,22.6,0.0,21.0
2010-04-23,19.3,47,13,12.4,26.38,0.0,19.4
2010-04-24,21.0,57,86,19.2,23.39,0.0,21.2
2010-04-25,19.1,63,100,17.5,12.66,0.0,19.4
2010-04-26,22.6,27,49,34.6,25.66,0.0,22.7
2010-04-27,22.2,39,20,19.2,25.64,0.2,24.0
2010-04-28,19.9,34,10,24.9,26.55,0.0,19.6
2010-04-29,24.6,44,7,10.4,27.12,0.0,25.0
2010-04-30,24.8,53,0,10.2,26.71,0.0,24.6
2010-05-01,30.0,54,1,10.9,26.42,0.0,30.7
2010-05-02,33.9,54,10,20.9,26.04,0.0,32.6
2010-05-03,33.2,54,76,25.0,22.69,0.0,31.7
2010-05-04,28.0,70,99,21.1,11.04,3.9,24.4
2010-05-05,26.2,60,66,21.9,15.06,0.2,25.6
2010-05-06,24.2,37,74,15.9,14.15,0.0,25.4
2010-05-07,29.7,54,69,18.0,26.15,0.0,29.2
2010-05-08,22.7,61,90,16.9,10.14,0.0,24.0
2010-05-09,27.7,41,98,22.5,21.83,0.0,25.3
2010-05-10,27.4,32,85,17.1,26.6,0.0,27.7
2010-05-11,26.1,35,15,23.1,27.99,0.0,24.4
2010-05-12,24.7,53,98,12.3,13.75,0.5,21.0
2010-05-13,24.7,60,93,16.3,16.21,0.3,23.5
2010-05-14,25.1,47,73,8.5,25.68,0.0,24.1
2010-05-15,25.0,61,47,16.5,22.81,0.8,23.8
2010-05-16,20.4,78,99,9.4,5.77,12.7,17.9
2010-05-17,22.8,76,88,8.5,11.74,0.2,22.8
2010-05-18,26.5,46,55,25.5,25.1,0.0,23.6
2010-05-19,30.3,34,39,13.9,28.1,0.0,31.4
2010-05-20,30.4,48,71,14.8,25.37,0.0,30.1
2010-05-21,21.4,68,99,8.8,3.92,0.9,22.1
2010-05-22,27.6,61,69,9.4,20.87,0.0,25.3
2010-05-23,29.1,60,1,14.7,27.4,0.0,28.0
2010-05-24,32.9,52,10,14.7,27.12,0.0,32.7
2010-05-25,31.8,41,86,19.6,24.24,0.0,30.4
2010-05-26,28.4,52,99,12.0,13.22,0.5,25.8
2010-05-27,21.6,81,100,10.2,2.89,9.1,21.6
2010-05-28,26.8,73,84,10.7,16.49,0.0,28.0
2010-05-29,31.9,62,53,12.0,25.88,0.0,33.0
2010-05-30,32.9,50,49,14.2,26.81,0.0,33.2
2010-05-31,29.0,54,98,13.4,21.5,0.0,28.4
2010-06-01,28.1,52,95,11.2,22.72,0.0,28.0
2010-06-02,30.1,57,55,12.8,26.43,0.0,29.8
2010-06-03,27.1,62,97,9.3,18.15,0.1,25.0
2010-06-04,27.1,67,61,9.2,19.95,0.7,26.2
2010-06-05,29.1,57,22,9.9,24.75,0.0,29.3
2010-06-06,29.5,52,43,13.0,22.9,0.0,30.9
2010-06-07,30.7,44,97,18.4,22.89,0.0,28.0
2010-06-08,23.1,68,100,8.6,3.83,3.5,24.4
2010-06-09,21.2,81,100,18.2,5.64,11.7,22.2
2010-06-10,26.1,66,47,15.2,21.12,0.0,26.5
2010-06-11,29.4,63,68,9.3,26.59,0.0,29.9
2010-06-12,32.1,60,86,11.2,25.75,0.0,32.7
2010-06-13,33.5,53,48,14.1,27.28,0.0,34.1
2010-06-14,34.3,50,43,11.7,26.63,0.0,34.8
2010-06-15,36.5,48,21,17.1,28.79,0.0,36.1
2010-06-16,35.3,50,71,20.6,23.77,0.0,34.2
2010-06-17,39.1,46,7,11.1,27.52,0.0,39.0
2010-06-18,37.7,50,14,18.0,26.78,0.2,30.8
2010-06-19,34.9,46,72,11.0,26.18,0.0,33.1
2010-06-20,36.9,38,36,18.2,26.6,0.0,35.6
2010-06-21,37.4,37,20,18.0,27.04,0.0,36.9
2010-06-22,38.4,40,66,15.9,23.81,0.0,38.7
2010-06-23,34.7,55,25,20.5,25.74,0.4,28.2
2010-06-24,32.8,63,20,15.3,24.55,4.8,30.9
2010-06-25,32.6,57,12,14.1,25.58,0.1,31.1
2010-06-26,33.9,53,10,10.5,26.79,0.2,32.9
2010-06-27,34.7,51,5,12.0,27.42,0.0,35.6
2010-06-28,36.4,54,43,13.0,27.03,0.0,36.9
2010-06-29,37.3,56,54,15.3,23.84,0.0,37.7
2010-06-30,37.1,60,72,16.9,20.03,0.0,37.1
2010-07-01,36.9,71,98,9.3,17.14,7.3,35.0
2010-07-02,32.8,71,68,13.2,19.57,4.2,32.9
2010-07-03,30.7,67,92,6.5,12.18,0.8,30.4
2010-07-04,36.0,64,70,8.5,24.49,0.0,37.0
2010-07-05,36.0,64,40,9.9,18.83,0.0,35.3
2010-07-06,38.4,49,13,12.3,25.42,0.0,39.9
2010-07-07,38.5,46,80,19.1,25.68,0.0,36.6
2010-07-08,35.0,59,74,16.3,16.44,0.9,31.1
2010-07-09,34.7,53,80,10.9,20.22,0.0,32.8
2010-07-10,28.5,76,76,13.2,14.01,11.1,27.9
2010-07-11,32.0,69,62,12.3,21.78,0.0,32.1
2010-07-12,33.0,66,53,12.3,24.83,0.0,33.2
2010-07-13,33.6,61,58,12.7,25.28,0.0,31.4
2010-07-14,34.4,59,86,13.8,25.53,0.0,33.3
2010-07-15,27.2,74,99,6.5,4.62,8.2,28.3
2010-07-16,29.9,73,91,11.4,12.38,0.0,28.7
2010-07-17,24.6,93,96,17.3,2.15,144.3,26.6
2010-07-18,26.1,89,100,11.2,7.18,10.9,28.8
2010-07-19,27.1,81,68,21.6,13.56,26.6,26.7
2010-07-20,29.7,77,2,8.3,26.16,0.0,30.9
2010-07-21,31.7,79,2,12.1,26.3,0.0,33.0
2010-07-22,29.4,88,64,17.1,17.95,5.0,32.6
2010-07-23,28.2,91,92,14.7,10.44,10.8,28.6
2010-07-24,29.7,91,100,13.8,8.91,9.8,30.2
2010-07-25,31.4,82,92,10.8,20.96,1.3,32.8
2010-07-26,31.7,80,36,6.6,22.01,0.0,32.9
2010-07-27,31.6,80,40,8.8,22.54,0.4,33.0
2010-07-28,32.6,79,22,11.2,23.36,0.0,33.6
2010-07-29,34.5,81,10,11.9,23.2,0.0,35.7
2010-07-30,34.7,80,18,15.6,21.25,0.5,35.9
2010-07-31,34.5,78,15,18.1,23.72,0.8,35.2
2010-08-01,28.9,83,61,20.6,12.59,3.0,29.3
2010-08-02,29.4,78,88,13.9,11.58,2.2,30.2
2010-08-03,33.8,78,36,11.2,18.48,0.0,33.8
2010-08-04,36.9,72,33,18.1,24.08,0.0,37.9
2010-08-05,33.9,69,53,16.1,21.81,0.7,36.0
2010-08-06,31.2,66,23,19.2,23.52,0.0,30.6
2010-08-07,30.6,72,50,9.5,14.32,0.2,29.4
2010-08-08,32.6,79,32,10.2,20.05,0.2,34.2
2010-08-09,34.0,81,81,12.0,18.37,4.5,33.2
2010-08-10,33.0,80,83,14.9,18.42,1.5,30.0
2010-08-11,32.3,81,93,11.7,13.6,0.2,31.5
2010-08-12,33.1,86,100,10.9,9.89,0.4,30.6
2010-08-13,35.3,84,90,10.2,18.4,6.6,33.6
2010-08-14,31.0,78,87,13.7,9.39,1.9,30.0
2010-08-15,27.7,65,78,13.9,8.85,0.0,29.2
2010-08-16,31.7,72,0,9.2,25.27,0.0,32.2
2010-08-17,31.8,69,30,10.5,24.34,0.0,32.2
2010-08-18,33.1,77,67,15.4,17.32,5.2,31.8
2010-08-19,33.5,84,93,15.6,15.26,9.0,32.0
2010-08-20,29.3,90,87,16.0,9.24,11.0,25.6
2010-08-21,31.7,84,62,12.2,17.78,2.5,31.0
2010-08-22,25.2,89,99,14.3,3.79,15.9,25.4
2010-08-23,23.9,83,99,19.5,6.81,0.9,24.3
2010-08-24,18.4,92,100,17.0,1.71,49.4,19.1
2010-08-25,21.2,91,99,8.4,4.66,14.1,21.6
2010-08-26,22.9,84,82,20.0,6.1,0.2,23.8
2010-08-27,25.7,75,36,16.3,19.0,1.4,27.1
2010-08-28,27.6,69,4,8.1,23.03,0.0,29.3
2010-08-29,29.5,74,36,10.5,22.65,0.0,30.8
2010-08-30,29.4,78,70,10.5,17.99,0.0,30.2
2010-08-31,28.9,79,67,7.7,15.4,0.0,28.8
2010-09-01,28.8,80,39,12.9,20.36,0.0,29.0
2010-09-02,28.0,76,76,15.8,15.92,0.3,27.4
2010-09-03,27.7,79,45,13.0,18.53,1.3,28.2
2010-09-04,27.8,85,67,10.9,15.35,1.7,28.9
2010-09-05,26.7,88,96,9.4,8.17,38.3,26.9
2010-09-06,23.3,95,100,15.8,2.69,65.9,22.7
2010-09-07,22.6,90,100,27.2,3.46,54.7,22.5
2010-09-08,23.0,80,74,22.9,8.39,1.4,23.3
2010-09-09,25.2,73,93,7.5,13.12,3.1,24.1
2010-09-10,27.6,81,61,7.2,20.36,4.2,29.1
2010-09-11,29.7,78,18,8.4,21.14,0.0,31.6
2010-09-12,30.2,75,5,9.8,21.25,0.0,31.9
2010-09-13,28.6,74,12,11.6,21.41,0.0,30.3
2010-09-14,27.8,80,32,10.8,15.65,0.6,28.4
2010-09-15,28.4,78,43,10.3,14.57,0.0,29.1
2010-09-16,29.7,82,38,13.8,14.81,0.5,29.7
2010-09-17,31.9,81,36,15.5,16.72,0.0,33.0
2010-09-18,28.0,82,49,19.8,11.47,0.0,27.5
2010-09-19,23.6,76,61,17.1,13.68,0.0,20.6
2010-09-20,27.3,82,71,9.2,11.94,0.1,26.0
2010-09-21,24.0,81,81,33.5,7.75,0.1,23.6
2010-09-22,20.4,58,47,22.1,17.88,0.0,19.9
2010-09-23,22.5,66,26,9.4,20.37,0.0,23.8
2010-09-24,16.8,77,93,12.0,2.64,3.0,17.7
2010-09-25,16.2,89,100,10.4,4.27,5.6,16.2
2010-09-26,22.2,82,66,7.7,16.52,0.0,21.6
2010-09-27,25.5,78,60,8.8,19.4,0.0,26.3
2010-09-28,19.7,64,83,22.7,11.22,0.0,18.4
2010-09-29,22.6,56,55,8.0,16.05,0.0,22.0
2010-09-30,24.7,68,64,10.0,17.07,0.1,25.3
2010-10-01,24.3,67,89,10.2,17.16,0.0,24.9
2010-10-02,25.0,55,42,23.8,19.56,0.0,26.1
2010-10-03,23.3,40,0,19.6,19.86,0.0,24.4
2010-10-04,24.2,54,0,10.6,19.55,0.0,25.6
2010-10-05,26.3,56,23,10.2,19.33,0.0,28.4
2010-10-06,25.9,59,94,12.4,15.89,0.0,26.9
2010-10-07,26.1,57,48,9.4,17.32,0.0,25.8
2010-10-08,25.9,66,0,8.4,18.04,0.0,24.4
2010-10-09,26.4,65,1,13.3,17.57,0.0,26.0
2010-10-10,24.9,67,90,11.6,10.39,0.3,25.0
2010-10-11,23.8,59,54,16.6,16.21,0.0,22.0
2010-10-12,19.6,56,85,16.8,9.84,0.1,18.2
2010-10-13,22.4,59,69,8.4,16.87,0.0,22.3
2010-10-14,24.4,64,43,7.1,16.77,0.0,23.5
2010-10-15,24.2,52,1,11.5,17.88,0.0,25.6
2010-10-16,26.4,56,1,12.6,16.87,0.0,26.4
2010-10-17,20.2,65,62,20.3,13.81,0.0,18.0
2010-10-18,20.7,65,11,14.3,15.72,0.0,18.0
2010-10-19,21.1,74,47,14.1,15.25,0.0,17.0
2010-10-20,18.3,69,56,13.9,11.15,0.2,14.9
2010-10-21,19.3,75,64,8.7,7.63,0.0,17.0
2010-10-22,22.0,72,4,11.9,15.97,0.0,21.4
2010-10-23,21.5,72,32,10.2,11.57,0.0,22.0
2010-10-24,21.6,72,58,32.4,12.42,0.0,21.5
2010-10-25,12.9,43,97,30.8,9.19,0.0,11.4
2010-10-26,11.2,35,94,21.2,12.48,0.0,10.1
2010-10-27,14.3,48,41,10.2,15.27,0.0,15.1
2010-10-28,15.6,61,61,7.7,12.41,0.0,16.3
2010-10-29,17.7,57,24,7.6,14.42,0.0,18.3
2010-10-30,19.9,62,0,10.1,15.02,0.0,20.6
2010-10-31,20.5,58,33,12.7,14.72,0.0,21.5
2010-11-01,18.0,62,96,9.2,7.96,0.0,17.8
2010-11-02,13.3,75,64,12.7,5.59,1.0,13.3
2010-11-03,19.7,66,3,12.1,14.52,0.0,20.0
2010-11-04,20.4,54,5,10.2,14.57,0.0,21.9
2010-11-05,20.9,61,18,10.1,14.05,0.0,21.4
2010-11-06,21.9,66,27,10.2,13.78,0.0,22.6
2010-11-07,19.4,41,25,28.4,14.13,0.0,20.0
2010-11-08,18.4,44,0,12.4,14.05,0.0,20.0
2010-11-09,21.1,50,8,17.2,13.57,0.0,22.2
2010-11-10,21.0,53,24,14.2,13.41,0.0,23.1
2010-11-11,17.2,21,26,31.7,13.96,0.0,20.0
2010-11-12,19.9,42,28,13.2,13.02,0.4,19.0
2010-11-13,14.8,46,58,22.5,13.15,0.0,16.0
2010-11-14,10.4,28,93,12.9,7.25,0.0,9.4
2010-11-15,10.2,43,80,13.4,11.93,0.0,10.0
2010-11-16,15.5,50,0,10.0,13.01,0.0,16.7
2010-11-17,16.9,63,0,11.9,12.64,0.0,17.8
2010-11-18,17.7,66,42,18.6,11.76,0.0,17.0
2010-11-19,18.8,45,0,13.6,12.43,0.0,19.8
2010-11-20,20.1,66,1,11.5,12.34,0.0,21.4
2010-11-21,16.9,44,12,26.3,12.0,0.0,17.3
2010-11-22,12.3,37,10,11.2,12.55,0.0,13.1
2010-11-23,13.1,38,47,11.7,11.57,0.0,13.4
2010-11-24,16.4,44,11,14.0,11.14,0.0,17.9
2010-11-25,13.0,52,0,9.7,11.98,0.0,12.9
2010-11-26,19.0,57,0,17.1,11.72,0.0,17.0
2010-11-27,14.4,43,43,13.8,11.64,0.0,13.7
2010-11-28,17.0,43,12,12.0,11.84,0.0,17.0
2010-11-29,19.7,43,12,13.1,11.72,0.0,20.0
2010-11-30,18.6,36,9,13.7,11.76,0.0,20.3
2010-12-01,20.6,42,26,10.7,11.36,0.0,19.0
2010-12-02,15.7,26,0,26.5,11.59,0.0,16.0
2010-12-03,14.2,33,6,15.5,11.52,0.0,13.0
2010-12-04,18.2,50,5,12.5,10.93,0.0,17.0
2010-12-05,16.4,55,0,25.1,11.05,0.0,14.0
2010-12-06,8.7,37,28,23.9,10.89,0.0,8.0
2010-12-07,11.3,23,0,27.1,11.53,0.0,11.0
2010-12-08,14.3,27,0,20.1,11.14,0.0,15.0
2010-12-09,16.6,48,9,15.4,10.82,0.0,14.0
2010-12-10,15.6,24,10,24.2,11.03,0.0,15.0
2010-12-11,10.4,34,27,10.9,11.06,0.0,8.0
2010-12-12,12.2,49,62,9.0,8.9,0.0,8.0
2010-12-13,7.2,57,83,25.9,5.52,0.0,4.0
2010-12-14,2.0,47,49,15.9,9.64,0.0,0.0
2010-12-15,2.3,30,84,25.0,7.6,0.0,0.0
2010-12-16,5.7,13,22,25.0,11.39,0.0,6.0
2010-12-17,12.7,23,0,17.3,11.22,0.0,14.0
2010-12-18,14.6,46,47,14.9,10.3,0.0,12.0
2010-12-19,14.3,20,11,24.6,10.74,0.0,15.0
2010-12-20,13.7,35,8,11.5,11.18,0.0,14.0
2010-12-21,15.7,29,9,20.6,11.03,0.0,17.0
2010-12-22,17.3,34,54,11.7,9.8,0.0,18.0
2010-12-23,5.5,54,37,28.5,10.34,0.0,7.0
2010-12-24,0.0,32,98,19.7,8.82,0.0,-2.0
2010-12-25,5.6,38,46,17.9,10.25,0.0,3.0
2010-12-26,9.2,31,0,19.1,11.23,0.0,10.0
2010-12-27,13.6,35,0,21.7,11.29,0.0,14.0
2010-12-28,10.2,33,6,10.7,11.25,0.0,10.0
2010-12-29,8.8,26,7,29.1,10.95,0.0,10.0
2010-12-30,2.7,12,0,30.0,11.82,0.0,2.0
2010-12-31,2.2,16,10,17.2,11.78,0.0,2.0
2011-01-01,1.0,26,80,12.3,11.17,0.0,0.0
2011-01-02,-0.3,37,96,10.3,6.09,0.0,-1.0
2011-01-03,1.6,46,16,10.0,11.15,0.0,0.0
2011-01-04,4.7,51,18,11.2,11.29,0.0,4.0
2011-01-05,3.0,53,63,13.9,9.32,0.0,1.0
2011-01-06,1.5,33,56,9.8,11.33,0.0,1.0
2011-01-07,3.4,32,40,12.6,11.2,0.0,3.0
2011-01-08,7.3,32,55,16.2,10.11,0.0,7.0
2011-01-09,0.9,33,65,11.5,11.56,0.0,0.0
2011-01-10,3.7,28,63,16.2,11.22,0.0,3.0
2011-01-11,4.7,26,10,27.0,12.59,0.0,5.0
2011-01-12,6.1,32,26,11.9,12.48,0.0,6.0
2011-01-13,9.5,38,56,8.7,11.72,0.0,11.0
2011-01-14,6.0,38,78,18.6,8.88,0.0,4.0
2011-01-15,1.6,28,0,15.4,13.2,0.0,2.0
2011-01-16,1.0,27,14,9.0,12.77,0.0,0.0
2011-01-17,2.3,25,92,8.2,9.28,0.0,1.0
2011-01-18,2.6,31,78,9.9,12.54,0.0,2.0
2011-01-19,3.3,46,43,9.4,11.9,0.0,2.0
2011-01-20,3.3,49,84,8.2,10.53,0.0,2.0
2011-01-21,6.4,56,21,10.2,12.84,0.0,5.0
2011-01-22,8.2,59,74,10.3,12.18,0.0,6.0
2011-01-23,5.0,32,15,15.1,13.58,0.0,6.0
2011-01-24,4.7,31,23,11.0,13.77,0.0,5.0
2011-01-25,6.3,34,62,18.1,11.24,0.0,5.0
2011-01-26,4.0,31,59,9.4,11.45,0.0,1.0
2011-01-27,4.0,38,82,11.5,9.76,0.0,3.0
2011-01-28,5.8,39,35,22.5,13.51,0.0,4.0
2011-01-29,3.3,26,0,18.8,14.63,0.0,4.0
2011-01-30,5.5,31,7,10.1,14.83,0.0,6.0
2011-01-31,8.1,23,39,11.4,14.45,0.0,9.0
2011-02-01,9.7,24,9,20.6,15.07,0.0,10.0
2011-02-02,13.5,37,1,11.8,14.67,0.0,13.0
2011-02-03,9.8,35,44,10.4,10.97,0.0,9.0
2011-02-04,13.0,37,29,11.6,13.26,0.0,11.0
2011-02-05,13.3,44,48,15.6,13.9,0.0,13.0
2011-02-06,13.4,41,34,15.6,15.3,0.0,13.0
2011-02-07,13.2,50,56,9.2,12.83,0.0,9.0
2011-02-08,12.5,57,23,17.7,15.13,0.0,9.0
2011-02-09,4.4,70,98,20.4,3.78,5.4,4.0
2011-02-10,4.8,73,64,8.0,14.16,0.9,1.0
2011-02-11,9.5,64,47,10.4,15.19,0.0,5.0
2011-02-12,3.7,39,64,11.2,11.48,0.0,2.0
2011-02-13,7.0,45,22,21.4,15.13,0.0,3.0
2011-02-14,2.8,47,0,8.0,16.8,0.0,2.0
2011-02-15,4.0,49,73,11.0,13.62,0.0,2.0
2011-02-16,8.1,57,41,8.4,16.17,0.0,7.0
2011-02-17,11.2,57,54,13.0,16.48,0.0,9.0
2011-02-18,8.5,58,100,8.1,10.24,0.0,8.0
2011-02-19,11.1,54,54,9.7,16.15,0.0,9.0
2011-02-20,12.3,54,0,10.2,17.01,0.0,10.0
2011-02-21,12.8,45,17,10.8,16.73,0.0,12.0
2011-02-22,14.7,46,78,9.2,14.5,0.0,13.0
2011-02-23,19.0,55,0,17.3,17.55,0.0,17.0
2011-02-24,16.8,59,13,22.3,17.29,0.0,13.0
2011-02-25,10.2,54,98,23.8,6.94,1.6,7.0
2011-02-26,3.6,86,100,16.9,1.66,10.4,1.0
2011-02-27,5.3,72,85,23.4,9.86,1.8,2.0
2011-02-28,3.3,73,72,14.8,6.35,3.0,0.0
2011-03-01,7.3,75,71,9.0,13.64,0.0,3.0
2011-03-02,9.9,62,24,8.7,18.53,0.0,7.0
2011-03-03,8.9,41,62,16.2,19.48,0.0,9.0
2011-03-04,9.5,48,63,12.2,16.82,0.0,9.0
2011-03-05,14.2,57,77,8.4,15.46,0.0,14.0
2011-03-06,13.7,58,83,19.2,13.48,0.0,11.0
2011-03-07,17.1,42,7,13.0,19.89,0.0,18.0
2011-03-08,16.2,51,50,10.5,16.92,0.0,15.0
2011-03-09,12.7,43,12,17.8,20.19,0.0,13.0
2011-03-10,16.9,35,5,11.2,21.06,0.0,18.0
2011-03-11,19.7,42,75,16.9,19.01,0.0,18.0
2011-03-12,23.9,45,3,17.0,20.66,0.0,23.0
2011-03-13,19.6,60,71,18.9,14.47,0.0,17.0
2011-03-14,11.3,40,94,33.5,11.38,0.4,13.0
2011-03-15,13.2,20,44,26.1,21.76,0.0,12.0
2011-03-16,15.7,17,20,17.4,22.23,0.0,16.0
2011-03-17,19.9,29,33,23.6,21.72,0.0,19.0
2011-03-18,20.9,28,22,19.3,21.25,0.0,20.0
2011-03-19,13.8,37,94,14.3,5.94,0.4,14.0
2011-03-20,14.1,69,96,13.3,11.68,1.4,10.0
2011-03-21,13.9,54,100,23.1,11.1,0.1,12.0
2011-03-22,13.7,31,75,10.0,22.07,0.0,13.0
2011-03-23,16.5,29,55,15.9,20.41,0.0,15.0
2011-03-24,13.1,19,62,19.3,23.01,0.0,12.0
2011-03-25,15.6,26,27,14.8,23.56,0.0,15.0
2011-03-26,18.0,24,9,18.2,23.98,0.0,18.0
2011-03-27,17.5,24,0,12.6,23.82,0.0,18.0
2011-03-28,20.1,24,1,12.5,23.92,0.0,21.0
2011-03-29,20.2,26,1,11.9,23.89,0.0,18.0
2011-03-30,22.9,30,0,16.7,23.17,0.0,21.0
2011-03-31,24.8,31,9,14.8,23.04,0.0,23.0
2011-04-01,25.0,42,52,27.2,15.9,0.0,24.0
2011-04-02,8.8,62,100,28.1,5.46,5.8,7.0
2011-04-03,13.6,47,77,8.7,22.73,0.0,12.0
2011-04-04,16.1,44,0,11.2,24.77,0.0,15.0
2011-04-05,17.7,41,62,17.2,18.89,0.0,16.0
2011-04-06,19.0,55,59,11.2,18.28,0.0,17.0
2011-04-07,22.6,50,34,15.7,23.31,0.0,21.0
2011-04-08,22.4,41,28,11.0,24.13,0.0,20.0
2011-04-09,26.7,35,35,16.5,24.73,0.0,26.0
2011-04-10,19.8,41,26,33.5,23.25,0.4,18.0
2011-04-11,19.5,39,34,10.7,24.94,0.0,19.0
2011-04-12,23.5,36,18,18.3,23.42,0.0,22.0
2011-04-13,27.1,57,0,17.1,24.45,0.0,24.0
2011-04-14,29.3,57,19,12.5,24.22,0.0,28.0
2011-04-15,30.6,43,64,24.7,24.15,0.0,30.0
2011-04-16,23.6,28,88,14.1,24.32,0.0,20.0
2011-04-17,25.7,30,4,24.3,25.42,0.0,24.0
2011-04-18,22.3,26,0,14.7,26.21,0.0,21.0
2011-04-19,23.7,29,0,18.8,26.24,0.0,21.0
2011-04-20,27.3,36,70,23.4,22.45,0.3,24.0
2011-04-21,27.3,61,99,19.6,20.33,0.6,23.0
2011-04-22,25.9,54,33,18.2,23.33,0.0,21.0
2011-04-23,29.5,48,13,25.8,25.6,0.0,26.0
2011-04-24,24.4,41,8,18.6,26.12,0.0,22.0
2011-04-25,35.8,33,25,22.4,25.2,0.0,31.0
2011-04-26,30.3,40,50,16.0,22.71,0.0,28.0
2011-04-27,24.2,30,14,25.8,26.74,0.0,24.0
2011-04-28,28.3,31,30,20.9,25.99,0.0,25.0
2011-04-29,36.0,45,43,25.3,24.18,0.7,32.0
2011-04-30,29.9,32,51,22.4,23.52,0.0,29.0
2011-05-01,23.7,38,81,14.3,11.48,0.7,21.0
2011-05-02,18.7,58,93,14.1,5.89,0.0,18.0
2011-05-03,25.3,59,76,15.1,25.79,0.0,23.0
2011-05-04,25.7,49,47,23.1,25.77,0.0,24.0
2011-05-05,30.0,51,21,21.7,25.9,0.0,27.0
2011-05-06,29.9,53,17,15.5,25.73,0.0,28.0
2011-05-07,31.3,63,51,18.1,19.65,1.3,28.0
2011-05-08,26.4,62,75,21.3,18.96,0.8,21.0
2011-05-09,20.3,76,100,21.9,5.72,5.3,17.0
2011-05-10,16.1,87,87,24.8,2.63,34.7,15.0
2011-05-11,26.4,73,40,8.9,25.24,0.0,27.0
2011-05-12,25.7,36,11,18.6,28.11,0.0,27.0
2011-05-13,25.1,31,78,14.6,22.62,0.0,27.0
2011-05-14,28.6,34,56,13.9,27.35,0.0,28.0
2011-05-15,29.9,43,96,16.0,22.13,0.0,28.0
2011-05-16,28.1,54,33,19.0,26.61,0.0,27.0
2011-05-17,32.7,52,54,26.4,22.68,0.0,31.0
2011-05-18,37.0,44,51,17.7,27.37,0.0,36.0
2011-05-19,28.2,44,76,25.4,22.09,0.0,27.0
2011-05-20,21.1,65,100,23.7,8.35,1.4,21.0
2011-05-21,20.8,63,100,14.5,9.46,5.4,21.0
2011-05-22,18.8,70,83,14.7,6.43,0.9,19.0
2011-05-23,23.4,62,48,12.8,26.84,0.0,23.0
2011-05-24,23.1,59,98,10.8,18.35,0.0,21.0
2011-05-25,24.0,56,61,9.0,17.97,0.0,25.0
2011-05-26,28.3,53,15,11.1,27.54,0.0,27.0
2011-05-27,30.4,53,16,11.9,26.46,0.0,28.0
2011-05-28,31.8,52,25,13.1,26.97,0.0,30.0
2011-05-29,26.6,53,90,13.3,8.83,0.0,23.0
2011-05-30,30.5,54,91,15.8,12.45,0.0,31.0
2011-05-31,33.9,32,61,18.9,27.87,0.0,35.0
2011-06-01,32.0,34,75,9.7,26.3,0.0,31.0
2011-06-02,33.7,36,79,17.6,22.38,0.0,33.0
2011-06-03,34.4,32,75,17.3,26.52,0.0,34.0
2011-06-04,33.5,43,48,14.3,23.28,0.0,30.0
2011-06-05,34.2,42,81,11.2,22.96,0.0,33.0
2011-06-06,35.3,38,44,18.1,26.8,0.0,33.0
2011-06-07,38.4,42,12,12.5,27.5,0.0,38.0
2011-06-08,41.9,38,54,19.3,26.6,0.0,42.0
2011-06-09,33.8,42,94,15.1,13.79,0.0,30.0
2011-06-10,35.6,51,21,15.3,26.44,0.3,33.0
2011-06-11,36.4,52,94,15.0,23.84,0.3,33.0
2011-06-12,33.9,46,52,23.7,27.74,0.0,32.0
2011-06-13,35.3,37,91,12.6,25.52,0.0,34.0
2011-06-14,30.8,59,98,16.0,18.66,0.0,28.0
2011-06-15,32.3,50,15,14.4,27.67,0.0,31.0
2011-06-16,32.9,49,95,17.4,23.91,0.0,30.0
2011-06-17,29.4,66,100,11.3,9.49,2.2,26.0
2011-06-18,31.2,65,33,14.9,21.34,0.4,30.0
2011-06-19,33.8,53,36,14.8,24.24,0.0,34.0
2011-06-20,33.7,50,63,16.9,24.02,0.0,31.0
2011-06-21,31.6,61,86,13.7,12.49,0.0,32.0
2011-06-22,27.9,87,85,10.5,5.14,10.1,28.0
2011-06-23,26.6,86,87,12.0,5.31,23.1,26.0
2011-06-24,31.9,77,35,20.1,24.35,0.1,31.0
2011-06-25,26.3,67,78,22.4,11.73,0.0,27.0
2011-06-26,30.2,50,26,18.4,24.85,0.0,32.0
2011-06-27,28.9,70,72,12.3,11.41,2.9,29.0
2011-06-28,32.4,72,9,13.5,25.36,0.0,34.0
2011-06-29,32.7,70,16,12.9,22.55,0.0,34.0
2011-06-30,36.0,62,47,18.3,26.58,0.0,36.0
2011-07-01,34.3,66,70,19.5,17.99,0.1,34.0
2011-07-02,36.3,61,82,18.4,16.57,0.0,34.0
2011-07-03,28.9,80,98,20.8,11.8,1.0,25.0
2011-07-04,27.1,83,90,9.1,8.92,14.9,27.0
2011-07-05,33.5,70,71,8.0,18.46,0.5,33.0
2011-07-06,26.4,84,96,16.3,4.47,14.2,29.0
2011-07-07,32.1,52,76,23.2,24.29,0.0,32.0
2011-07-08,36.6,41,4,14.1,29.05,0.0,39.0
2011-07-09,36.4,51,59,8.2,22.32,0.0,34.0
2011-07-10,37.5,48,89,8.9,23.03,0.0,36.0
2011-07-11,36.7,48,77,12.4,20.88,0.0,35.0
2011-07-12,36.1,50,91,16.0,22.17,0.0,34.0
2011-07-13,34.4,51,92,7.4,17.69,0.0,33.0
2011-07-14,36.7,54,41,12.1,23.39,2.2,32.0
2011-07-15,35.6,54,28,15.3,24.21,0.6,32.0
2011-07-16,34.8,50,12,13.1,27.09,0.0,32.0
2011-07-17,35.5,48,27,13.7,26.11,0.0,31.0
2011-07-18,33.6,57,67,16.9,18.35,0.5,29.0
2011-07-19,33.2,56,16,17.1,24.88,0.1,30.0
2011-07-20,33.8,56,31,8.4,21.74,0.0,32.0
2011-07-21,36.3,56,53,9.6,21.16,0.6,33.0
2011-07-22,37.2,54,89,10.7,19.54,0.0,33.0
2011-07-23,37.6,54,72,16.8,22.5,0.4,36.0
2011-07-24,39.1,62,27,15.5,22.9,1.0,35.0
2011-07-25,39.8,50,5,12.1,25.92,0.0,39.0
2011-07-26,41.0,50,60,13.7,20.99,0.5,37.0
2011-07-27,37.2,58,16,12.1,25.68,0.0,32.0
2011-07-28,38.1,60,58,16.1,22.99,0.0,35.0
2011-07-29,35.9,74,99,13.5,15.73,4.1,34.0
2011-07-30,30.7,72,87,12.7,12.29,7.3,28.0
2011-07-31,31.5,70,99,9.6,9.0,0.0,31.0
2011-08-01,25.5,84,100,17.8,3.28,28.2,24.0
2011-08-02,20.7,94,100,16.2,2.15,51.8,20.0
2011-08-03,27.3,78,48,12.2,18.53,0.2,27.0
2011-08-04,28.6,80,94,7.1,14.75,0.0,28.0
2011-08-05,27.1,84,100,8.4,10.9,0.5,27.0
2011-08-06,27.3,92,82,10.8,6.47,27.9,26.0
2011-08-07,28.7,85,64,10.7,18.09,1.5,27.0
2011-08-08,31.2,78,10,9.4,23.27,0.0,31.0
2011-08-09,33.3,76,6,10.2,24.39,0.0,33.0
2011-08-10,31.6,83,26,13.7,19.55,5.3,31.0
2011-08-11,30.5,83,47,9.2,17.49,1.9,31.0
2011-08-12,31.8,79,14,6.6,21.52,0.0,32.0
2011-08-13,32.5,80,24,12.6,20.29,0.2,33.0
2011-08-14,33.8,81,33,14.4,20.36,0.0,33.0
2011-08-15,34.8,74,98,15.6,20.67,0.0,34.0
2011-08-16,29.9,79,98,18.6,11.69,1.5,29.0
2011-08-17,30.0,73,91,18.4,13.48,0.6,29.0
2011-08-18,23.6,84,99,23.8,3.99,4.9,23.0
2011-08-19,22.8,81,97,16.9,5.91,2.1,22.0
2011-08-20,21.3,87,99,9.9,3.99,4.7,20.0
2011-08-21,21.0,96,97,9.2,2.0,25.1,20.0
2011-08-22,25.3,82,100,10.4,12.57,0.0,25.0
2011-08-23,27.0,82,70,10.0,17.65,2.1,27.0
2011-08-24,28.5,76,9,7.7,22.35,0.0,29.0
2011-08-25,29.0,70,18,9.1,21.67,0.0,29.0
2011-08-26,27.6,77,21,13.2,18.85,0.5,28.0
2011-08-27,27.8,77,26,17.1,17.89,0.2,28.0
2011-08-28,28.7,73,12,12.5,21.25,0.0,30.0
2011-08-29,30.8,70,2,8.5,23.38,0.0,30.0
2011-08-30,31.3,67,3,8.7,22.81,0.0,30.0
2011-08-31,32.2,70,1,8.6,22.53,0.0,32.0
2011-09-01,32.8,70,18,21.3,20.77,0.0,32.0
2011-09-02,28.9,68,88,15.3,13.34,0.1,26.0
2011-09-03,27.8,77,91,13.1,10.3,1.6,26.0
2011-09-04,22.4,84,90,12.7,1.85,1.3,19.0
2011-09-05,21.2,94,100,6.6,2.4,15.5,21.0
2011-09-06,18.9,91,100,8.5,2.56,23.3,19.0
2011-09-07,18.2,91,92,9.9,3.91,14.9,18.0
2011-09-08,21.5,87,98,6.7,6.6,0.0,20.0
2011-09-09,23.3,80,86,12.3,11.29,0.0,22.0
2011-09-10,23.5,81,60,14.8,12.53,0.7,24.0
2011-09-11,17.2,90,100,14.9,3.7,9.4,15.0
2011-09-12,19.3,93,92,12.4,2.85,15.8,18.0
2011-09-13,19.9,95,99,8.3,4.05,16.6,18.0
2011-09-14,18.6,93,100,11.3,2.18,46.5,20.0
2011-09-15,24.4,85,75,9.1,8.98,23.6,23.0
2011-09-16,26.2,79,44,15.6,16.05,0.5,26.0
2011-09-17,21.0,91,100,29.1,1.72,14.8,20.0
2011-09-18,13.6,81,100,19.5,1.93,14.3,14.0
2011-09-19,18.2,66,80,15.9,19.37,3.5,18.0
2011-09-20,21.3,55,41,11.5,19.24,0.0,22.0
2011-09-21,24.0,66,25,7.8,21.3,0.0,25.0
2011-09-22,25.8,68,25,7.7,20.73,0.0,26.0
2011-09-23,26.0,62,17,10.6,21.04,0.0,27.0
2011-09-24,26.2,59,49,10.1,20.13,0.0,27.0
2011-09-25,26.1,62,56,10.8,20.39,0.0,27.0
2011-09-26,24.8,63,66,8.8,19.3,0.0,24.0
2011-09-27,24.7,78,94,13.0,10.55,4.1,23.0
2011-09-28,18.1,93,90,16.2,2.34,24.1,17.0
2011-09-29,23.3,84,77,11.4,10.7,0.0,22.0
2011-09-30,23.6,80,63,8.4,17.85,0.0,23.0
2011-10-01,22.1,74,64,13.9,17.68,0.0,20.0
2011-10-02,19.1,64,81,19.5,11.15,0.0,19.0
2011-10-03,20.3,60,29,7.3,19.21,0.0,21.0
2011-10-04,20.2,67,78,9.3,10.58,0.0,18.0
2011-10-05,25.1,70,14,13.4,18.75,0.0,26.0
2011-10-06,25.4,67,0,10.8,19.2,0.0,27.0
2011-10-07,26.2,70,0,13.7,18.2,0.0,26.0
2011-10-08,25.9,67,16,14.9,18.14,0.0,26.0
2011-10-09,24.7,74,58,12.3,12.78,0.6,21.0
2011-10-10,22.5,80,72,19.8,12.05,0.3,17.0
2011-10-11,22.3,77,98,16.6,11.92,3.0,19.0
2011-10-12,18.6,87,90,8.3,3.96,3.4,16.0
2011-10-13,23.4,64,82,20.3,15.54,0.1,22.0
2011-10-14,23.1,44,19,17.3,17.82,0.0,24.0
2011-10-15,21.4,37,3,25.6,17.7,0.0,22.0
2011-10-16,24.7,42,18,16.3,17.56,0.0,26.0
2011-10-17,24.2,48,0,15.9,17.26,0.0,25.0
2011-10-18,24.7,58,6,10.9,16.92,0.0,25.0
2011-10-19,23.4,52,94,15.8,15.35,0.0,24.0
2011-10-20,20.9,58,86,8.7,11.88,0.0,21.0
2011-10-21,21.5,68,30,9.2,15.97,0.0,21.0
2011-10-22,21.4,78,89,11.5,8.52,10.6,20.0
2011-10-23,15.8,94,99,26.1,1.15,10.7,15.0
2011-10-24,14.2,48,62,26.8,11.51,0.0,12.0
2011-10-25,14.0,59,2,10.1,16.24,0.0,14.0
2011-10-26,16.4,63,68,8.4,14.32,0.0,15.0
2011-10-27,17.7,72,72,7.2,13.77,0.0,17.0
2011-10-28,17.8,71,60,8.6,10.5,0.0,16.0
2011-10-29,18.3,73,1,10.6,15.04,0.0,17.0
2011-10-30,17.8,82,75,14.2,10.44,0.0,15.0
2011-10-31,19.1,81,92,13.0,7.45,0.2,19.0
2011-11-01,19.5,70,86,8.7,10.39,0.0,17.0
2011-11-02,19.5,71,58,15.6,9.01,0.0,19.0
2011-11-03,17.1,73,98,14.7,6.08,0.0,14.0
2011-11-04,17.3,81,100,11.2,5.96,3.7,15.0
2011-11-05,16.5,83,95,20.8,5.82,5.3,14.0
2011-11-06,14.6,77,100,19.5,5.29,3.9,13.0
2011-11-07,10.8,92,100,18.8,0.94,20.0,11.0
2011-11-08,14.7,77,91,11.3,7.61,0.0,11.0
2011-11-09,14.7,75,27,10.8,12.33,0.0,15.0
2011-11-10,14.9,71,9,9.0,12.66,0.0,14.0
2011-11-11,16.9,75,19,13.2,12.84,0.0,15.0
2011-11-12,17.0,54,95,14.8,9.84,0.0,19.0
2011-11-13,17.0,55,22,10.7,13.32,0.0,17.0
2011-11-14,16.2,70,46,10.4,10.76,0.0,16.0
2011-11-15,16.2,78,98,6.5,6.9,1.4,12.0
2011-11-16,15.1,90,100,14.6,4.27,5.5,12.0
2011-11-17,12.4,96,100,13.4,2.24,11.9,9.0
2011-11-18,17.1,86,83,10.3,6.43,3.6,14.0
2011-11-19,14.2,60,14,16.0,11.99,0.0,14.0
2011-11-20,13.1,72,6,8.9,11.98,0.0,10.0
2011-11-21,11.5,81,86,5.8,5.93,0.8,9.0
2011-11-22,16.1,69,14,17.7,12.0,1.6,16.0
2011-11-23,8.0,44,5,16.3,12.3,0.0,11.0
2011-11-24,10.2,62,29,8.0,10.6,0.0,9.0
2011-11-25,9.8,70,31,12.6,8.69,0.0,6.0
2011-11-26,14.1,80,43,7.4,10.37,0.0,11.0
2011-11-27,13.1,81,39,6.6,10.02,0.2,11.0
2011-11-28,8.6,84,100,20.0,1.44,4.2,8.0
2011-11-29,7.3,93,100,24.9,0.67,24.2,6.0
2011-11-30,2.7,73,67,24.3,9.47,0.0,4.0
2011-12-01,5.4,63,90,8.8,10.76,0.0,4.0
2011-12-02,8.9,75,26,10.2,10.61,0.0,8.0
2011-12-03,7.9,78,42,8.3,10.91,0.0,3.0
2011-12-04,8.1,76,85,9.2,7.38,0.0,6.0
2011-12-05,4.6,88,100,13.4,2.26,5.2,3.0
2011-12-06,5.3,86,99,11.5,3.09,1.7,3.0
2011-12-07,9.8,80,74,15.1,9.01,0.3,7.0
2011-12-08,3.9,58,61,12.4,8.24,0.0,5.0
2011-12-09,3.7,58,3,11.4,11.03,0.0,2.0
2011-12-10,5.6,37,0,25.1,11.4,0.0,6.0
2011-12-11,8.4,52,44,10.6,9.84,0.0,8.0
2011-12-12,8.7,65,38,10.5,10.92,0.0,9.0
2011-12-13,9.8,76,11,10.7,10.8,0.0,9.0
2011-12-14,5.9,55,68,18.9,8.79,0.0,6.0
2011-12-15,4.3,47,54,10.2,10.63,0.0,4.0
2011-12-16,2.5,62,6,9.4,11.02,0.0,3.0
2011-12-17,5.3,64,82,11.1,10.43,0.0,4.0
2011-12-18,6.6,68,35,9.3,10.43,0.0,6.0
2011-12-19,7.1,70,22,10.4,10.72,0.0,6.0
2011-12-20,5.9,76,58,9.5,7.96,0.0,3.0
2011-12-21,9.0,74,81,9.7,9.32,0.0,9.0
2011-12-22,5.7,59,33,9.4,9.67,0.0,5.0
2011-12-23,7.5,43,18,21.8,10.39,0.0,8.0
2011-12-24,8.1,37,0,18.3,11.16,0.0,9.0
2011-12-25,9.0,49,19,10.9,11.13,0.0,10.0
2011-12-26,6.2,67,59,9.7,8.12,0.0,6.0
2011-12-27,6.2,73,31,8.0,9.33,0.0,6.0
2011-12-28,8.7,75,52,9.7,9.6,0.0,8.0
2011-12-29,5.5,80,84,12.6,7.34,0.0,2.0
2011-12-30,5.7,78,89,7.8,6.37,0.0,4.0
2011-12-31,10.1,79,7,10.0,10.9,0.0,
2012-01-01,6.1,85,62,9.6,10.45,0.0,-1.0
2012-01-02,8.7,71,51,11.9,10.67,0.0,9.0
2012-01-03,4.6,51,53,15.0,10.73,0.0,5.0
2012-01-04,2.5,39,0,14.0,11.88,0.0,4.0
2012-01-05,4.9,50,42,10.7,11.38,0.0,4.0
2012-01-06,4.8,60,13,11.9,11.59,0.0,3.0
2012-01-07,4.0,62,11,7.5,11.18,0.0,2.0
2012-01-08,7.0,65,17,9.1,11.42,0.0,6.0
2012-01-09,7.7,71,56,10.2,11.01,0.0,5.0
2012-01-10,5.9,76,78,8.9,8.58,0.0,2.0
2012-01-11,3.1,68,11,10.6,12.01,0.0,3.0
2012-01-12,6.2,64,58,10.1,10.17,0.0,5.0
2012-01-13,6.5,76,62,8.2,10.66,0.0,4.0
2012-01-14,7.0,75,70,6.2,9.01,0.0,4.0
2012-01-15,6.1,75,72,5.6,8.73,0.0,6.0
2012-01-16,4.9,81,92,8.2,4.25,0.2,3.0
2012-01-17,6.9,83,89,5.9,8.58,0.0,4.0
2012-01-18,4.1,91,99,14.8,3.04,2.6,2.0
2012-01-19,6.5,83,95,8.4,7.39,0.1,2.0
2012-01-20,4.7,79,95,19.0,6.04,0.1,2.0
2012-01-21,-0.1,57,93,22.2,8.79,0.0,-2.0
2012-01-22,-0.3,45,38,8.0,12.38,0.0,-2.0
2012-01-23,2.9,46,28,8.5,13.41,0.0,1.0
2012-01-24,2.8,28,45,16.8,13.6,0.0,4.0
2012-01-25,5.9,35,1,14.9,13.89,0.0,5.0
2012-01-26,8.2,64,16,11.8,13.23,0.0,6.0
2012-01-27,7.5,66,28,14.9,13.35,0.0,7.0
2012-01-28,7.6,65,50,8.9,12.76,0.0,6.0
2012-01-29,5.0,74,51,13.6,10.3,0.0,2.0
2012-01-30,6.9,73,43,14.2,13.12,0.0,4.0
2012-01-31,11.9,72,2,21.7,14.14,0.0,10.0
2012-02-01,2.5,53,31,19.6,12.46,0.0,1.0
2012-02-02,2.0,44,49,8.8,14.17,0.0,2.0
2012-02-03,7.8,55,25,12.1,14.64,0.0,6.0
2012-02-04,7.8,71,66,10.8,11.12,0.0,4.0
2012-02-05,9.3,75,90,9.2,12.02,0.0,7.0
2012-02-06,8.2,62,71,19.7,10.86,0.0,7.0
2012-02-07,2.2,32,8,12.1,15.65,0.0,3.0
2012-02-08,4.2,25,59,17.1,14.04,0.0,4.0
2012-02-09,4.2,35,72,9.7,10.28,0.0,4.0
2012-02-10,5.7,46,59,10.7,14.63,0.0,6.0
2012-02-11,8.6,45,19,13.7,15.93,0.0,9.0
2012-02-12,5.5,63,63,9.0,8.02,0.0,5.0
2012-02-13,8.7,69,36,7.4,15.47,0.0,6.0
2012-02-14,10.9,72,62,15.6,14.71,0.2,9.0
2012-02-15,7.5,70,84,11.5,9.43,0.0,5.0
2012-02-16,6.6,61,46,20.1,14.82,0.0,5.0
2012-02-17,6.0,44,69,12.9,13.19,0.0,7.0
2012-02-18,6.8,44,68,9.6,16.6,0.0,8.0
2012-02-19,10.6,47,12,14.8,17.17,0.0,10.0
2012-02-20,12.3,56,33,11.9,16.59,0.0,12.0
2012-02-21,12.3,66,71,9.7,14.08,0.0,12.0
2012-02-22,14.7,72,46,8.7,15.47,0.0,14.0
2012-02-23,7.8,48,83,26.4,15.06,0.0,7.0
2012-02-24,8.8,46,71,13.8,14.67,0.0,6.0
2012-02-25,7.3,42,72,20.3,17.23,0.0,5.0
2012-02-26,7.4,45,53,9.2,17.64,0.0,6.0
2012-02-27,8.3,50,96,13.4,16.17,0.0,7.0
2012-02-28,9.5,57,59,12.1,16.84,0.0,9.0
2012-02-29,7.7,68,94,10.4,7.66,0.0,7.0
2012-03-01,5.1,89,99,12.9,3.03,6.0,5.0
2012-03-02,6.5,74,97,17.1,8.7,0.0,4.0
2012-03-03,4.3,69,97,16.1,6.58,0.2,2.0
2012-03-04,7.2,58,95,10.6,14.18,0.0,5.0
2012-03-05,12.8,60,55,17.8,17.66,0.0,11.0
2012-03-06,11.7,35,93,17.1,17.43,0.0,11.0
2012-03-07,13.0,41,81,12.0,18.0,0.0,13.0
2012-03-08,7.8,51,98,23.5,10.43,0.0,6.0
2012-03-09,10.5,45,68,10.5,16.23,0.0,10.0
2012-03-10,16.6,51,19,19.6,20.38,0.0,17.0
2012-03-11,7.3,30,44,24.9,19.49,0.0,6.0
2012-03-12,11.5,51,68,13.3,19.05,0.0,8.0
2012-03-13,17.8,58,5,11.9,20.93,0.0,16.0
2012-03-14,17.3,56,72,17.6,14.25,0.0,16.0
2012-03-15,10.4,71,98,17.0,3.49,3.1,9.0
2012-03-16,17.5,66,41,12.1,19.08,0.0,17.0
2012-03-17,19.0,70,20,14.4,20.2,0.0,18.0
2012-03-18,10.8,69,66,27.7,16.5,0.0,10.0
2012-03-19,6.1,56,85,18.4,4.39,0.8,3.0
2012-03-20,11.5,55,51,12.3,20.04,0.0,8.0
2012-03-21,5.9,83,98,10.5,3.14,20.3,5.0
2012-03-22,10.2,79,99,15.3,11.18,1.5,6.0
2012-03-23,14.3,45,33,38.5,23.03,0.3,15.0
2012-03-24,19.6,33,0,15.4,23.45,0.0,20.0
2012-03-25,19.2,50,1,11.2,23.22,0.0,20.0
2012-03-26,22.1,60,53,10.4,19.53,0.0,22.0
2012-03-27,24.5,62,10,12.0,22.71,0.0,26.0
2012-03-28,23.9,57,72,15.8,20.62,0.0,24.0
2012-03-29,23.0,61,98,9.8,16.91,0.0,21.0
2012-03-30,17.8,34,82,29.6,20.83,0.0,17.0
2012-03-31,22.3,22,9,23.8,24.4,0.0,23.0
2012-04-01,24.5,46,22,20.2,23.41,0.0,23.0
2012-04-02,16.0,53,60,21.6,13.18,0.3,11.0
2012-04-03,20.0,42,20,13.2,23.75,0.0,20.0
2012-04-04,24.5,30,63,17.6,21.11,0.0,25.0
2012-04-05,22.0,28,73,14.8,23.69,0.0,23.0
2012-04-06,24.4,25,74,13.8,24.28,0.0,25.0
2012-04-07,26.6,32,81,10.7,23.3,0.0,26.0
2012-04-08,27.9,40,71,11.8,23.61,0.0,27.0
2012-04-09,22.5,57,99,14.9,10.15,0.2,20.0
2012-04-10,26.0,62,60,11.6,17.11,0.0,22.0
2012-04-11,22.2,64,82,18.3,15.31,0.0,21.0
2012-04-12,15.5,57,82,22.0,4.5,1.4,14.0
2012-04-13,24.9,29,14,17.9,25.47,0.0,25.0
2012-04-14,24.7,43,72,18.3,19.35,0.0,22.0
2012-04-15,25.5,56,64,12.6,18.63,0.0,21.0
2012-04-16,22.0,63,85,24.0,23.98,0.0,20.0
2012-04-17,24.5,63,99,14.1,20.65,0.1,22.0
2012-04-18,24.3,70,78,11.8,17.16,1.9,22.0
2012-04-19,27.2,70,57,11.2,23.78,0.0,24.0
2012-04-20,19.8,78,98,8.7,9.86,3.2,17.0
2012-04-21,23.4,74,54,9.8,17.2,0.0,21.0
2012-04-22,27.8,68,14,17.7,24.78,0.0,26.0
2012-04-23,29.4,66,68,22.7,20.33,2.0,28.0
2012-04-24,20.6,88,99,30.3,2.97,19.6,20.0
2012-04-25,22.5,39,38,27.2,25.18,0.0,23.0
2012-04-26,26.6,47,10,25.8,26.15,0.0,24.0
2012-04-27,30.9,53,12,20.0,26.47,0.0,29.0
2012-04-28,25.1,58,94,16.9,23.02,0.0,23.0
2012-04-29,24.8,47,27,18.5,24.09,0.0,23.0
2012-04-30,23.2,78,76,17.0,11.56,0.4,21.0
2012-05-01,25.1,68,84,17.4,18.49,0.8,24.0
2012-05-02,27.3,63,53,11.2,23.96,0.0,26.0
2012-05-03,27.5,61,67,10.6,23.62,0.1,27.0
2012-05-04,29.7,59,20,9.7,25.82,0.0,30.0
2012-05-05,32.1,51,2,12.5,26.65,0.0,30.0
2012-05-06,32.8,54,34,13.7,26.09,0.0,31.0
2012-05-07,26.3,81,85,14.0,13.24,8.1,24.0
2012-05-08,28.6,74,55,17.3,21.15,0.3,28.0
2012-05-09,29.8,71,47,9.7,22.46,0.2,28.0
2012-05-10,29.3,73,27,14.8,22.18,0.0,29.0
2012-05-11,28.8,63,90,11.1,23.01,0.0,27.0
2012-05-12,25.7,70,87,17.8,10.43,1.7,21.0
2012-05-13,26.4,67,75,7.5,22.81,0.0,25.0
2012-05-14,28.8,39,79,14.1,23.54,0.0,28.0
2012-05-15,29.6,31,34,16.2,28.1,0.0,30.0
2012-05-16,33.0,36,24,22.8,26.98,0.0,30.0
2012-05-17,31.6,42,38,10.2,28.03,0.0,32.0
2012-05-18,31.5,46,91,18.4,13.91,0.2,30.0
2012-05-19,30.8,46,10,12.5,27.37,0.0,30.0
2012-05-20,29.8,49,24,17.9,27.03,0.0,28.0
2012-05-21,27.2,55,92,17.8,20.38,0.0,25.0
2012-05-22,25.4,61,93,10.2,11.43,0.3,24.0
2012-05-23,28.0,63,78,9.4,21.15,0.0,25.0
2012-05-24,26.7,60,99,7.3,14.56,0.0,26.0
2012-05-25,28.6,52,88,13.2,20.16,0.0,28.0
2012-05-26,30.9,54,10,9.7,25.96,0.0,30.0
2012-05-27,31.4,54,50,16.5,24.88,0.0,29.0
2012-05-28,32.1,51,78,17.3,24.48,0.0,31.0
2012-05-29,23.0,61,75,10.5,7.3,1.1,23.0
2012-05-30,28.9,65,5,17.1,26.69,0.0,28.0
2012-05-31,28.5,59,90,10.6,17.44,0.0,27.0
2012-06-01,28.2,57,64,15.7,20.01,0.0,28.0
2012-06-02,30.8,58,34,13.6,27.22,0.0,30.0
2012-06-03,30.5,50,86,16.2,23.56,0.0,29.0
2012-06-04,32.4,54,58,10.5,26.68,0.0,31.0
2012-06-05,33.5,47,96,13.1,23.88,0.0,32.0
2012-06-06,28.1,63,91,6.9,9.69,0.0,26.0
2012-06-07,33.3,58,52,8.7,23.79,0.0,32.0
2012-06-08,36.3,42,35,14.5,25.51,0.0,35.0
2012-06-09,37.4,40,17,13.0,28.57,0.0,38.0
2012-06-10,35.5,49,80,22.5,24.29,0.0,33.0
2012-06-11,34.3,39,58,12.0,28.34,0.0,34.0
2012-06-12,37.0,23,0,20.7,29.66,0.0,37.0
2012-06-13,40.8,27,27,25.7,28.46,0.0,40.0
2012-06-14,33.1,38,64,25.2,26.38,0.0,31.0
2012-06-15,33.7,34,8,11.9,28.61,0.0,34.0
2012-06-16,35.1,32,14,11.0,28.27,0.0,34.0
2012-06-17,35.3,33,67,14.2,24.35,0.0,33.0
2012-06-18,36.6,37,10,13.5,28.26,0.0,33.0
2012-06-19,35.2,42,5,12.0,28.18,0.0,33.0
2012-06-20,35.4,37,21,14.0,28.29,0.0,33.0
2012-06-21,36.6,36,21,17.3,27.85,0.0,33.0
2012-06-22,37.2,39,17,11.7,27.14,0.0,35.0
2012-06-23,37.3,44,30,15.6,24.6,0.2,34.0
2012-06-24,35.5,46,45,16.6,22.94,0.0,33.0
2012-06-25,30.5,55,86,15.9,11.22,0.4,29.0
2012-06-26,32.6,60,67,19.7,19.1,0.4,31.0
2012-06-27,28.7,61,99,22.7,7.99,0.0,28.0
2012-06-28,25.2,85,100,15.2,2.65,13.0,24.0
2012-06-29,25.5,89,100,10.8,3.81,2.5,25.0
2012-06-30,27.7,82,78,14.4,14.7,5.2,28.0
2012-07-01,30.9,69,9,15.5,24.96,0.0,32.0
2012-07-02,30.2,74,84,22.1,10.53,0.0,29.0
2012-07-03,34.6,70,35,17.2,25.52,0.0,33.0
2012-07-04,25.9,93,98,11.9,5.61,42.6,28.0
2012-07-05,27.6,84,68,20.6,13.6,78.6,28.0
2012-07-06,30.4,76,45,10.0,23.76,0.0,31.0
2012-07-07,30.6,88,96,12.1,11.84,24.8,26.0
2012-07-08,30.8,88,97,10.3,15.21,23.3,29.0
2012-07-09,31.9,90,94,9.8,13.22,10.8,28.0
2012-07-10,31.0,86,56,7.9,14.28,20.7,32.0
2012-07-11,35.7,74,40,13.0,26.71,0.0,37.0
2012-07-12,36.1,72,75,12.4,25.38,0.0,36.0
2012-07-13,29.8,83,89,21.8,13.11,6.2,31.0
2012-07-14,27.6,77,52,16.9,20.95,4.4,26.0
2012-07-15,28.7,76,22,7.6,20.2,0.0,
2012-07-16,30.0,71,6,10.1,26.26,0.0,30.0
2012-07-17,29.5,77,29,11.2,22.38,0.4,31.0
2012-07-18,30.3,79,28,7.7,22.96,0.4,32.0
2012-07-19,31.2,74,24,11.5,22.98,0.0,31.0
2012-07-20,31.6,75,65,13.5,20.07,0.1,32.0
2012-07-21,32.5,78,97,18.9,15.02,0.4,33.0
2012-07-22,29.9,78,95,17.5,13.3,1.7,32.0
2012-07-23,32.0,73,45,11.8,21.49,0.0,33.0
2012-07-24,32.9,81,62,13.2,20.04,10.5,33.0
2012-07-25,33.7,82,51,11.1,19.71,1.8,34.0
2012-07-26,34.8,70,18,18.0,25.21,0.0,35.0
2012-07-27,34.2,69,10,13.4,23.52,0.0,35.0
2012-07-28,34.5,69,11,16.0,24.14,0.0,35.0
2012-07-29,35.7,67,35,15.3,24.59,0.0,36.0
2012-07-30,35.3,71,58,14.0,22.81,9.3,35.0
2012-07-31,32.5,84,100,17.2,13.98,2.3,29.0
2012-08-01,27.9,82,75,17.1,12.63,4.2,27.0
2012-08-02,30.2,75,65,12.9,18.98,0.4,30.0
2012-08-03,29.6,73,43,22.2,14.99,0.0,31.0
2012-08-04,25.5,86,74,26.3,8.26,24.1,27.0
2012-08-05,29.5,90,87,19.1,10.83,19.8,29.0
2012-08-06,30.2,81,64,15.1,18.04,0.4,31.0
2012-08-07,31.5,77,7,6.5,23.23,0.0,31.0
2012-08-08,31.6,75,5,8.9,23.56,0.0,32.0
2012-08-09,30.6,78,18,25.5,20.58,1.2,31.0
2012-08-10,29.4,77,47,24.9,16.14,0.3,30.0
2012-08-11,30.5,78,47,15.0,18.12,0.5,32.0
2012-08-12,31.4,79,65,22.1,18.82,0.1,33.0
2012-08-13,24.9,80,99,21.4,7.24,2.2,24.0
2012-08-14,26.5,74,96,10.9,10.71,0.1,26.0
2012-08-15,29.9,76,17,10.9,23.28,0.0,31.0
2012-08-16,29.3,75,30,10.4,23.27,0.0,31.0
2012-08-17,30.8,75,64,9.0,15.76,0.0,31.0
2012-08-18,32.8,84,94,13.0,15.21,3.5,33.0
2012-08-19,30.6,75,74,12.4,19.12,0.4,32.0
2012-08-20,24.5,93,99,8.9,2.91,24.4,25.0
2012-08-21,26.2,87,82,17.4,9.71,10.6,29.0
2012-08-22,26.8,72,57,12.6,22.93,0.0,28.0
2012-08-23,26.6,62,29,7.9,24.9,0.0,27.0
2012-08-24,27.0,66,5,9.2,23.04,0.0,28.0
2012-08-25,27.8,69,31,5.6,23.44,0.0,28.0
2012-08-26,27.9,79,67,6.4,15.08,7.8,29.0
2012-08-27,24.7,96,82,8.7,5.42,16.6,26.0
2012-08-28,30.3,81,28,7.4,20.1,0.0,30.0
2012-08-29,33.4,72,0,9.3,23.65,0.0,35.0
2012-08-30,32.3,77,39,10.9,22.63,0.0,32.0
2012-08-31,30.2,84,98,8.3,12.45,1.9,27.0
2012-09-01,30.0,88,98,14.7,9.24,10.9,28.0
2012-09-02,25.2,78,88,19.9,7.37,10.5,28.0
2012-09-03,28.0,69,62,10.8,22.26,0.0,30.0
2012-09-04,26.0,70,5,11.3,22.45,0.0,27.0
2012-09-05,28.2,67,23,18.0,19.71,0.0,29.0
2012-09-06,27.8,70,63,14.2,19.0,0.2,28.0
2012-09-07,27.7,77,53,11.0,18.51,0.0,28.0
2012-09-08,23.4,87,71,11.9,5.61,17.7,25.0
2012-09-09,25.8,80,45,9.8,16.62,0.0,27.0
2012-09-10,25.7,76,73,15.0,14.98,0.0,26.0
2012-09-11,21.6,92,96,7.0,1.99,25.9,22.0
2012-09-12,23.6,71,99,16.6,8.3,0.0,22.0
2012-09-13,24.5,47,24,15.0,22.83,0.0,26.0
2012-09-14,24.9,54,2,13.3,22.36,0.0,27.0
2012-09-15,24.8,64,29,10.5,21.95,0.0,26.0
2012-09-16,24.8,64,66,12.8,20.65,0.0,26.0
2012-09-17,25.5,62,53,8.7,20.96,0.0,27.0
2012-09-18,27.8,68,20,8.1,19.72,1.2,28.0
2012-09-19,28.0,76,10,7.7,19.48,0.9,29.0
2012-09-20,25.6,81,80,9.4,16.23,0.0,26.0
2012-09-21,26.2,79,72,7.3,11.69,0.7,24.0
2012-09-22,26.0,84,52,6.6,16.86,0.4,27.0
2012-09-23,27.0,78,55,9.1,17.79,0.3,28.0
2012-09-24,25.9,73,23,15.7,15.54,0.0,26.0
2012-09-25,26.2,80,91,6.8,12.53,0.6,26.0
2012-09-26,24.7,82,92,13.4,10.69,0.2,23.0
2012-09-27,27.6,69,30,22.7,16.46,0.0,28.0
2012-09-28,22.7,40,0,15.7,20.83,0.0,24.0
2012-09-29,23.7,51,5,9.7,20.43,0.0,25.0
2012-09-30,25.1,52,29,10.2,20.08,0.0,27.0
2012-10-01,26.8,52,0,10.2,19.87,0.0,27.0
2012-10-02,26.9,51,45,12.6,18.76,0.0,26.0
2012-10-03,29.0,49,37,10.5,17.95,0.5,29.0
2012-10-04,26.2,66,66,10.8,16.19,0.0,25.0
2012-10-05,23.4,62,88,8.7,10.93,0.0,23.0
2012-10-06,24.7,60,68,12.1,17.82,0.0,24.0
2012-10-07,24.0,61,85,7.7,9.53,0.0,23.0
2012-10-08,25.0,60,46,8.7,16.27,0.0,25.0
2012-10-09,27.1,47,42,20.9,18.1,0.0,27.0
2012-10-10,22.3,36,42,15.3,18.4,0.0,22.0
2012-10-11,24.7,39,85,17.5,17.39,0.0,24.0
2012-10-12,25.4,49,96,14.3,12.57,0.0,23.0
2012-10-13,26.1,56,79,9.1,16.17,0.0,26.0
2012-10-14,24.2,50,43,14.0,16.14,0.0,23.0
2012-10-15,23.1,61,79,11.0,8.6,0.1,20.0
2012-10-16,21.5,55,54,25.0,10.01,2.0,20.0
2012-10-17,20.5,26,0,19.4,18.03,0.0,21.0
2012-10-18,22.7,43,33,11.9,15.04,0.0,21.0
2012-10-19,23.3,52,54,8.2,13.62,0.0,22.0
2012-10-20,25.1,60,8,9.5,16.11,0.0,25.0
2012-10-21,23.8,63,48,27.2,11.19,1.3,22.0
2012-10-22,21.6,28,40,23.4,16.53,0.0,21.0
2012-10-23,21.5,35,75,13.2,14.18,0.0,21.0
2012-10-24,23.4,45,76,14.6,14.93,0.0,24.0
2012-10-25,23.3,59,10,10.0,15.72,0.0,23.0
2012-10-26,21.1,67,34,8.7,11.89,0.1,17.0
2012-10-27,24.1,58,34,14.6,15.0,0.0,25.0
2012-10-28,23.4,60,47,14.5,14.45,0.4,22.0
2012-10-29,18.9,75,74,14.9,7.75,2.1,16.0
2012-10-30,17.1,45,30,23.1,13.49,0.2,17.0
2012-10-31,17.1,34,0,14.5,15.14,0.0,17.0
2012-11-01,20.2,51,40,13.0,14.61,0.0,19.0
2012-11-02,20.3,53,24,16.3,14.16,0.0,20.0
2012-11-03,12.9,55,59,26.4,5.23,5.0,12.0
2012-11-04,11.5,19,0,32.1,15.06,0.0,12.0
2012-11-05,13.7,31,0,18.4,14.48,0.0,13.0
2012-11-06,16.5,49,16,10.9,14.37,0.0,17.0
2012-11-07,18.0,55,90,14.4,8.56,0.0,16.0
2012-11-08,15.3,56,53,9.5,8.97,0.0,13.0
2012-11-09,15.0,71,81,13.1,8.79,0.0,12.0
2012-11-10,14.2,62,60,29.3,4.88,1.4,13.0
2012-11-11,13.0,26,0,20.2,13.91,0.0,14.0
2012-11-12,16.7,32,11,15.2,12.7,0.0,17.0
2012-11-13,15.6,37,0,14.0,13.3,0.0,17.0
2012-11-14,13.0,44,9,9.5,12.44,0.0,12.0
2012-11-15,11.0,44,72,9.7,5.81,0.6,11.0
2012-11-16,14.5,49,51,22.2,12.03,0.1,14.0
2012-11-17,16.4,60,0,13.7,12.52,0.0,15.0
2012-11-18,17.7,72,32,11.8,11.96,0.0,16.0
2012-11-19,13.7,57,51,12.1,12.25,0.0,14.0
2012-11-20,11.6,59,82,8.5,5.93,0.0,12.0
2012-11-21,13.8,64,69,6.8,8.84,0.0,14.0
2012-11-22,14.0,68,90,22.5,4.99,0.0,13.0
2012-11-23,9.3,48,47,18.4,9.18,0.0,8.0
2012-11-24,12.2,56,37,16.2,11.65,0.2,11.0
2012-11-25,10.1,70,95,23.8,3.99,6.6,10.0
2012-11-26,11.2,26,29,22.3,12.27,0.0,12.0
2012-11-27,14.6,47,33,13.7,11.84,0.0,13.0
2012-11-28,10.0,29,41,21.4,11.35,0.0,10.0
2012-11-29,9.8,41,56,8.4,9.15,0.0,8.0
2012-11-30,9.1,54,34,20.7,11.62,0.0,7.0
2012-12-01,3.3,74,85,20.9,4.21,1.1,1.0
2012-12-02,8.1,85,41,18.0,7.44,0.0,4.0
2012-12-03,9.7,36,7,21.0,11.68,0.0,10.0
2012-12-04,10.9,55,26,14.5,8.91,0.0,9.0
2012-12-05,9.1,30,0,18.6,11.58,0.0,9.0
2012-12-06,11.4,48,27,11.5,10.37,0.0,9.0
2012-12-07,10.9,45,12,15.1,11.31,0.0,10.0
2012-12-08,6.5,45,0,11.6,11.29,0.0,5.0
2012-12-09,5.5,47,5,9.3,11.19,0.0,5.0
2012-12-10,6.6,47,29,10.5,10.93,0.0,5.0
2012-12-11,4.5,46,32,10.6,10.46,0.0,3.0
2012-12-12,5.8,64,43,9.2,9.66,0.0,3.0
2012-12-13,1.9,88,96,16.4,1.35,10.3,2.0
2012-12-14,3.2,83,60,11.9,10.33,0.0,4.0
2012-12-15,4.7,86,75,8.4,5.76,0.0,2.0
2012-12-16,5.6,87,97,9.0,4.92,0.3,3.0
2012-12-17,2.6,82,97,18.8,4.37,0.0,2.0
2012-12-18,3.7,50,41,11.0,9.17,0.0,3.0
2012-12-19,3.6,52,78,13.2,6.24,0.0,3.0
2012-12-20,0.9,65,92,13.5,2.84,3.8,1.0
2012-12-21,5.1,74,83,9.4,8.69,0.0,0.0
2012-12-22,4.6,54,53,20.2,9.76,0.0,4.0
2012-12-23,-0.1,25,1,17.0,11.52,0.0,0.0
2012-12-24,3.9,50,0,8.6,10.84,0.0,2.0
2012-12-25,0.7,41,6,16.8,11.1,0.0,0.0
2012-12-26,0.7,55,66,6.9,8.18,0.0,-2.0
2012-12-27,1.9,80,90,7.2,6.26,0.0,0.0
2012-12-28,3.5,80,87,5.9,7.12,0.0,2.0
2012-12-29,1.0,33,70,31.8,8.0,0.0,3.0
2012-12-30,3.7,24,0,24.8,11.82,0.0,4.0
2012-12-31,7.8,34,0,13.0,11.75,0.0,9.0
2013-01-01,7.6,41,0,15.1,11.53,0.0,9.0
2013-01-02,-0.8,33,61,18.6,9.04,0.0,-2.0
2013-01-03,-1.9,26,85,6.9,9.83,0.0,-2.0
2013-01-04,-0.2,29,45,7.6,10.63,0.0,-1.0
2013-01-05,3.5,39,49,8.7,10.52,0.0,1.0
2013-01-06,4.6,46,50,8.6,10.73,0.0,3.0
2013-01-07,6.8,49,62,8.9,10.57,0.0,6.0
2013-01-08,5.8,54,93,9.2,10.71,0.0,2.0
2013-01-09,3.3,56,19,9.9,12.06,0.0,1.0
2013-01-10,6.7,68,4,10.5,11.84,0.0,0.0
2013-01-11,10.7,53,26,19.8,12.29,0.0,11.0
2013-01-12,9.5,45,9,14.1,12.52,0.0,9.0
2013-01-13,6.6,69,3,12.1,12.1,0.0,2.0
2013-01-14,9.0,69,22,10.3,12.61,0.0,6.0
2013-01-15,10.0,78,54,9.2,12.05,0.0,0.0
2013-01-16,4.4,89,73,12.4,8.16,0.0,-2.0
2013-01-17,3.0,74,48,11.1,11.18,0.0,2.0
2013-01-18,6.3,70,1,13.8,12.68,0.0,4.0
2013-01-19,7.8,74,56,12.6,9.55,0.3,5.0
2013-01-20,1.4,86,94,15.6,3.09,2.9,0.0
2013-01-21,4.8,80,68,9.1,9.39,0.0,1.0
2013-01-22,4.0,80,64,8.5,8.86,0.0,0.0
2013-01-23,11.8,76,1,12.4,13.41,0.0,9.0
2013-01-24,10.1,48,8,18.2,13.87,0.0,11.0
2013-01-25,13.7,42,25,16.2,13.97,0.0,16.0
2013-01-26,6.7,62,22,10.4,13.7,0.0,5.0
2013-01-27,9.7,69,0,10.1,13.89,0.0,6.0
2013-01-28,12.8,77,54,10.6,11.87,0.0,6.0
2013-01-29,10.7,82,54,9.0,13.66,0.0,3.0
2013-01-30,10.4,86,78,6.4,9.41,0.0,2.0
2013-01-31,5.4,88,97,11.9,2.72,0.0,1.0
2013-02-01,8.0,78,76,12.6,10.83,0.0,7.0
2013-02-02,8.6,68,39,11.4,13.24,1.6,5.0
2013-02-03,3.6,92,89,10.7,1.5,3.8,2.0
2013-02-04,3.2,84,83,20.5,5.21,4.1,2.0
2013-02-05,7.3,81,60,12.4,11.43,3.2,4.0
2013-02-06,10.3,81,69,17.3,13.66,0.0,3.0
2013-02-07,3.8,44,95,25.0,9.83,0.0,2.0
2013-02-08,0.0,36,96,12.0,9.65,0.0,-1.0
2013-02-09,9.4,58,52,13.6,15.08,0.0,7.0
2013-02-10,6.2,76,59,18.0,11.4,0.0,3.0
2013-02-11,4.4,73,81,16.4,8.16,0.0,1.0
2013-02-12,8.7,54,16,17.7,16.22,0.0,10.0
2013-02-13,11.3,56,22,10.8,15.23,0.0,11.0
2013-02-14,10.8,68,83,9.6,13.25,0.0,9.0
2013-02-15,8.7,71,33,9.7,16.31,0.0,6.0
2013-02-16,12.3,73,27,16.1,15.78,0.0,12.0
2013-02-17,13.2,72,45,16.3,14.79,0.2,9.0
2013-02-18,5.5,55,95,19.6,4.58,0.0,5.0
2013-02-19,8.4,67,60,12.2,15.95,0.0,7.0
2013-02-20,9.9,74,29,12.4,15.74,0.0,9.0
2013-02-21,11.2,77,86,9.4,10.92,0.0,8.0
2013-02-22,14.3,61,1,13.7,17.9,0.0,12.0
2013-02-23,15.5,64,27,11.5,17.01,0.0,15.0
2013-02-24,14.6,74,38,10.4,15.49,0.0,13.0
2013-02-25,13.0,77,64,12.8,13.33,0.1,8.0
2013-02-26,14.3,78,42,9.2,17.28,0.1,9.0
2013-02-27,15.7,80,45,13.3,14.81,0.0,14.0
2013-02-28,17.8,78,77,31.0,10.48,0.0,14.0
2013-03-01,9.6,24,60,26.4,18.3,0.0,8.0
2013-03-02,9.5,39,60,13.1,18.49,0.0,8.0
2013-03-03,18.7,38,2,21.7,19.54,0.0,20.0
2013-03-04,18.8,33,4,13.3,19.7,0.0,20.0
2013-03-05,22.0,56,2,17.7,19.16,0.0,22.0
2013-03-06,24.2,42,43,24.3,14.82,0.0,24.0
2013-03-07,25.9,33,0,17.8,19.94,0.0,27.0
2013-03-08,30.3,36,0,22.0,19.93,0.0,32.0
2013-03-09,31.1,39,1,41.6,19.73,0.0,33.0
2013-03-10,12.5,25,55,28.3,17.95,0.1,11.0
2013-03-11,9.0,58,81,10.6,7.62,1.1,7.0
2013-03-12,17.7,59,91,15.6,11.05,0.9,12.0
2013-03-13,12.2,50,25,18.9,19.58,0.0,11.0
2013-03-14,10.6,51,53,13.4,14.53,0.0,8.0
2013-03-15,16.7,58,16,14.1,20.6,0.0,14.0
2013-03-16,15.8,67,94,9.0,11.06,1.0,14.0
2013-03-17,21.3,65,70,12.5,14.39,0.0,20.0
2013-03-18,26.8,34,40,21.2,21.07,0.0,27.0
2013-03-19,16.8,57,98,21.1,10.84,0.0,15.0
2013-03-20,11.4,50,0,27.1,21.79,0.0,10.0
2013-03-21,18.6,65,33,22.4,21.24,0.0,16.0
2013-03-22,15.6,55,59,28.3,17.04,0.0,14.0
2013-03-23,19.6,63,75,19.0,18.97,0.0,16.0
2013-03-24,13.4,34,47,24.9,21.06,0.0,12.0
2013-03-25,11.0,56,88,9.9,9.64,1.9,7.0
2013-03-26,13.0,74,70,14.1,11.76,2.0,11.0
2013-03-27,23.2,62,13,20.0,22.92,0.0,22.0
2013-03-28,17.3,57,85,27.2,21.76,0.0,16.0
2013-03-29,15.7,63,89,12.0,13.27,0.2,14.0
2013-03-30,14.7,74,51,15.5,11.74,0.0,12.0
2013-03-31,18.7,70,47,20.2,22.0,0.0,14.0
2013-04-01,23.1,55,20,21.7,21.91,0.0,26.0
2013-04-02,19.4,43,75,14.1,23.09,0.0,18.0
2013-04-03,20.9,52,46,15.0,20.62,0.7,17.0
2013-04-04,22.6,57,63,12.5,19.64,0.0,22.0
2013-04-05,14.9,70,98,16.3,4.63,4.5,14.0
2013-04-06,16.6,37,28,14.0,24.51,0.0,16.0
2013-04-07,21.6,42,21,21.3,24.36,0.0,20.0
2013-04-08,19.6,37,46,20.8,18.72,0.0,20.0
2013-04-09,16.2,15,27,24.1,25.1,0.0,17.0
2013-04-10,17.1,23,2,14.8,25.91,0.0,18.0
2013-04-11,23.8,23,22,13.5,24.97,0.0,22.0
2013-04-12,27.7,33,3,14.8,25.42,0.0,26.0
2013-04-13,31.0,27,58,22.1,23.52,0.0,31.0
2013-04-14,28.1,30,1,19.6,25.16,0.0,26.0
2013-04-15,34.1,32,49,20.9,23.99,0.0,32.0
2013-04-16,24.8,44,45,24.4,24.04,0.0,26.0
2013-04-17,25.3,57,5,13.6,24.47,0.0,21.0
2013-04-18,17.9,38,92,34.9,6.05,0.0,15.0
2013-04-19,12.3,48,100,22.2,3.29,13.4,10.0
2013-04-20,11.6,69,86,14.4,21.42,0.8,10.0
2013-04-21,16.4,64,27,12.2,25.35,0.0,15.0
2013-04-22,10.5,85,95,7.9,3.54,8.4,9.0
2013-04-23,21.7,74,75,14.4,17.82,0.0,18.0
2013-04-24,25.6,58,50,14.5,25.48,0.0,24.0
2013-04-25,23.8,43,23,15.3,26.91,0.0,23.0
2013-04-26,28.4,56,1,20.8,25.87,0.0,26.0
2013-04-27,29.2,50,13,20.3,25.78,0.0,27.0
2013-04-28,30.3,62,61,14.3,25.2,0.1,28.0
2013-04-29,21.9,50,99,22.8,10.16,1.1,22.0
2013-04-30,29.0,45,46,10.6,27.08,0.0,28.0
2013-05-01,29.9,45,77,9.3,24.44,0.0,29.0
2013-05-02,29.3,50,37,15.9,26.45,0.0,27.0
2013-05-03,27.4,50,21,23.2,25.95,0.0,25.0
2013-05-04,26.4,56,95,11.2,24.22,0.0,23.0
2013-05-05,28.1,53,94,13.1,21.78,0.2,27.0
2013-05-06,27.0,61,94,14.8,13.29,2.2,23.0
2013-05-07,22.4,78,100,13.5,10.38,4.7,20.0
2013-05-08,19.0,90,100,12.3,3.28,0.8,19.0
2013-05-09,26.1,70,82,11.3,18.65,0.0,24.0
2013-05-10,28.8,33,57,17.4,26.72,0.0,29.0
2013-05-11,33.6,32,0,16.3,28.06,0.0,35.0
2013-05-12,35.9,43,1,17.4,27.82,0.0,35.0
2013-05-13,37.2,48,16,20.4,26.97,0.0,34.0
2013-05-14,33.7,48,95,21.0,25.41,0.0,32.0
2013-05-15,30.7,39,82,21.9,22.72,0.0,25.0
2013-05-16,27.3,42,70,17.1,25.06,0.0,26.0
2013-05-17,28.6,50,85,7.1,21.05,1.0,28.0
2013-05-18,27.1,65,73,10.5,20.26,5.1,25.0
2013-05-19,34.6,46,92,16.4,26.37,0.0,32.0
2013-05-20,31.3,33,18,14.3,28.42,0.0,30.0
2013-05-21,36.0,50,3,20.4,27.3,0.0,33.0
2013-05-22,34.3,51,48,17.4,25.7,0.0,32.0
2013-05-23,32.3,51,45,14.2,23.58,0.0,29.0
2013-05-24,30.6,63,80,7.5,14.7,0.0,26.0
2013-05-25,24.7,88,100,14.9,5.4,27.6,23.0
2013-05-26,21.0,93,93,28.3,2.4,75.1,21.0
2013-05-27,25.9,71,49,21.3,23.26,0.0,27.0
2013-05-28,26.7,75,76,18.6,16.89,1.0,26.0
2013-05-29,20.6,59,97,23.7,5.68,0.3,20.0
2013-05-30,25.3,59,95,16.9,22.56,0.0,25.0
2013-05-31,25.8,60,95,13.5,12.72,0.0,23.0
2013-06-01,28.8,63,49,9.6,24.87,0.0,29.0
2013-06-02,30.7,71,6,18.2,27.89,0.0,31.0
2013-06-03,33.0,62,35,17.0,27.33,0.0,34.0
2013-06-04,33.3,63,20,19.5,28.07,0.0,34.0
2013-06-05,32.0,61,88,16.0,23.31,0.0,32.0
2013-06-06,30.9,66,77,13.5,20.29,0.2,29.0
2013-06-07,30.6,74,37,14.7,21.15,1.1,28.0
2013-06-08,29.9,59,47,13.5,23.36,0.0,29.0
2013-06-09,29.3,65,90,23.9,16.89,0.8,29.0
2013-06-10,21.3,77,92,18.2,6.48,6.6,20.0
2013-06-11,27.7,62,14,7.6,27.71,0.3,28.0
2013-06-12,31.1,50,2,11.7,28.99,0.0,31.0
2013-06-13,31.0,45,1,18.8,28.58,0.0,31.0
2013-06-14,32.0,50,29,14.3,27.91,0.0,31.0
2013-06-15,34.9,48,37,16.6,27.68,0.0,34.0
2013-06-16,37.3,52,70,19.4,23.18,0.0,36.0
2013-06-17,37.9,54,21,19.6,25.64,0.0,36.0
2013-06-18,35.5,59,52,16.0,24.17,0.0,31.0
2013-06-19,32.7,54,80,18.5,16.57,0.3,31.0
2013-06-20,35.0,44,71,16.6,21.79,0.0,32.0
2013-06-21,33.0,52,74,18.7,20.57,0.7,29.0
2013-06-22,33.2,58,60,13.8,18.99,0.1,29.0
2013-06-23,31.2,64,95,9.0,17.65,0.8,28.0
2013-06-24,30.6,69,81,14.1,11.56,0.3,29.0
2013-06-25,33.3,58,33,17.0,26.67,0.0,31.0
2013-06-26,33.0,64,76,18.7,16.37,0.0,29.0
2013-06-27,37.1,60,74,13.6,24.6,1.6,34.0
2013-06-28,36.2,54,4,21.2,27.99,0.0,34.0
2013-06-29,33.1,61,21,17.7,20.44,0.0,32.0
2013-06-30,33.7,73,80,15.2,13.98,2.1,32.0
2013-07-01,34.8,74,69,24.4,16.39,5.2,35.0
2013-07-02,35.0,73,79,24.0,16.99,30.9,34.0
2013-07-03,35.7,70,76,16.4,23.28,0.8,34.0
2013-07-04,32.9,76,98,16.7,9.67,11.6,30.0
2013-07-05,32.8,75,28,8.4,25.97,0.0,32.0
2013-07-06,33.2,74,11,10.2,24.65,0.0,33.0
2013-07-07,34.1,69,11,9.2,23.28,0.0,33.0
2013-07-08,35.2,70,53,15.0,21.86,1.7,34.0
2013-07-09,36.1,61,83,21.0,23.47,0.6,34.0
2013-07-10,34.2,69,92,16.4,17.27,0.2,30.0
2013-07-11,32.7,76,91,17.4,16.31,0.9,29.0
2013-07-12,34.1,76,59,16.1,20.29,0.4,30.0
2013-07-13,32.0,77,64,21.1,18.01,0.3,28.0
2013-07-14,28.8,80,87,21.9,10.82,1.2,28.0
2013-07-15,32.3,77,95,11.0,14.91,3.3,30.0
2013-07-16,34.6,64,41,12.4,25.25,4.4,35.0
2013-07-17,32.6,74,87,13.8,19.78,5.5,33.0
2013-07-18,29.4,95,99,12.6,7.19,60.9,27.0
2013-07-19,28.4,88,92,7.2,9.57,17.6,29.0
2013-07-20,27.5,90,97,7.0,9.22,4.8,31.0
2013-07-21,29.8,83,61,13.3,17.22,1.3,31.0
2013-07-22,29.9,88,99,9.8,13.01,7.2,29.0
2013-07-23,27.9,87,87,15.5,15.89,19.4,28.0
2013-07-24,32.4,84,66,8.0,18.75,0.1,32.0
2013-07-25,33.4,79,98,11.2,19.36,0.0,34.0
2013-07-26,34.0,74,95,16.2,22.1,0.0,35.0
2013-07-27,34.1,74,98,16.5,21.45,0.0,34.0
2013-07-28,34.5,73,88,12.3,21.86,0.0,37.0
2013-07-29,33.8,75,76,11.8,20.16,1.0,34.0
2013-07-30,34.5,69,18,10.2,26.51,0.0,36.0
2013-07-31,35.1,76,3,10.1,25.52,0.0,35.0
2013-08-01,35.3,80,37,8.0,22.51,8.7,32.0
2013-08-02,31.9,86,86,9.8,16.21,7.6,31.0
2013-08-03,33.0,78,43,17.0,21.71,0.0,32.0
2013-08-04,33.8,74,35,22.5,21.79,0.0,35.0
2013-08-05,35.4,70,5,16.0,24.03,0.0,35.0
2013-08-06,36.2,67,8,16.8,24.06,0.0,36.0
2013-08-07,36.2,64,45,18.7,23.67,0.0,36.0
2013-08-08,34.3,60,77,13.9,22.96,0.0,35.0
2013-08-09,33.2,75,61,13.7,20.25,15.7,32.0
2013-08-10,36.1,72,22,13.2,23.41,0.5,36.0
2013-08-11,36.7,62,46,19.9,23.06,0.2,37.0
2013-08-12,36.7,65,71,11.4,22.45,0.0,34.0
2013-08-13,36.8,62,59,13.7,21.35,0.4,36.0
2013-08-14,37.0,55,24,12.2,21.96,0.1,37.0
2013-08-15,37.8,57,40,15.7,23.74,0.0,37.0
2013-08-16,38.2,53,29,17.7,24.31,0.0,38.0
2013-08-17,39.0,52,53,12.0,22.29,0.2,38.0
2013-08-18,36.3,46,35,23.4,23.75,0.0,35.0
2013-08-19,33.5,46,18,19.4,24.25,0.0,33.0
2013-08-20,33.5,48,25,11.6,22.62,0.0,33.0
2013-08-21,34.3,51,11,10.4,21.14,0.0,34.0
2013-08-22,34.8,48,46,20.0,23.16,0.0,35.0
2013-08-23,32.5,57,86,25.6,13.51,0.0,33.0
2013-08-24,32.0,63,99,19.2,11.12,1.0,30.0
2013-08-25,31.4,68,61,10.1,14.8,0.0,26.0
2013-08-26,33.3,69,47,14.2,22.27,0.0,31.0
2013-08-27,31.0,73,91,14.3,11.32,0.4,30.0
2013-08-28,35.1,69,67,16.9,15.89,1.4,35.0
2013-08-29,36.2,37,49,20.8,17.38,0.0,38.0
2013-08-30,29.9,40,16,20.8,22.98,0.0,29.0
2013-08-31,29.7,50,9,11.2,23.66,0.0,29.0
2013-09-01,30.2,48,9,12.2,23.37,0.0,29.0
2013-09-02,28.6,47,66,8.7,10.31,0.0,29.0
2013-09-03,31.0,46,34,10.5,23.46,0.0,31.0
2013-09-04,28.6,54,99,14.4,12.48,0.0,27.0
2013-09-05,28.1,49,66,17.5,18.25,0.0,26.0
2013-09-06,29.9,56,61,13.3,18.96,0.0,29.0
2013-09-07,30.1,55,86,14.8,17.68,0.0,29.0
2013-09-08,22.4,75,97,8.0,3.58,2.4,21.0
2013-09-09,27.7,72,78,7.2,13.07,0.0,24.0
2013-09-10,29.6,69,63,8.3,20.46,0.0,29.0
2013-09-11,29.0,64,79,9.2,14.49,0.0,28.0
2013-09-12,27.0,77,85,13.7,11.68,0.0,25.0
2013-09-13,32.2,73,17,14.8,21.1,0.0,31.0
2013-09-14,35.4,65,1,9.4,21.89,0.0,35.0
2013-09-15,33.0,66,18,12.9,19.43,0.0,32.0
2013-09-16,33.2,65,9,17.4,19.82,0.0,32.0
2013-09-17,35.1,56,13,19.3,19.62,0.0,34.0
2013-09-18,29.9,55,25,18.8,20.73,0.0,30.0
2013-09-19,31.8,55,49,8.4,18.93,0.0,31.0
2013-09-20,30.8,57,68,13.3,11.84,0.0,31.0
2013-09-21,27.7,66,69,18.8,12.82,0.2,27.0
2013-09-22,28.7,73,85,14.0,10.66,0.1,24.0
2013-09-23,27.0,80,74,33.0,7.0,4.4,24.0
2013-09-24,19.5,50,99,25.2,5.2,1.6,20.0
2013-09-25,23.3,43,93,10.7,18.94,0.0,23.0
2013-09-26,25.9,46,96,10.7,18.42,0.0,26.0
2013-09-27,22.2,52,95,17.6,5.76,0.0,21.0
2013-09-28,28.1,63,3,12.6,19.88,0.0,27.0
2013-09-29,28.2,66,1,12.0,19.07,0.0,28.0
2013-09-30,27.0,64,37,13.4,17.9,0.0,26.0
2013-10-01,29.2,61,82,19.9,17.21,0.0,28.0
2013-10-02,26.7,51,40,15.5,19.2,0.0,27.0
2013-10-03,28.3,39,1,13.8,19.24,0.0,27.0
2013-10-04,28.4,43,0,12.4,18.98,0.0,26.0
2013-10-05,28.1,48,21,12.5,18.84,0.0,28.0
2013-10-06,27.4,51,0,9.0,18.78,0.0,26.0
2013-10-07,29.2,40,0,12.7,18.87,0.0,28.0
2013-10-08,27.8,50,13,13.6,17.95,0.0,25.0
2013-10-09,30.4,52,0,19.1,18.26,0.0,28.0
2013-10-10,33.1,35,0,23.5,18.36,0.0,33.0
2013-10-11,31.5,29,0,10.9,18.23,0.0,31.0
2013-10-12,33.2,42,0,22.1,17.65,0.0,32.0
2013-10-13,30.5,52,0,16.7,17.43,0.0,27.0
2013-10-14,21.4,72,55,27.4,9.58,1.2,18.0
2013-10-15,17.7,53,24,19.0,17.25,0.0,16.0
2013-10-16,17.1,43,90,8.0,9.95,0.0,15.0
2013-10-17,20.7,53,0,11.2,17.05,0.0,20.0
2013-10-18,20.4,50,72,8.4,12.2,0.0,19.0
2013-10-19,24.2,52,6,10.7,16.25,0.0,25.0
2013-10-20,20.2,48,73,9.7,14.0,0.0,19.0
2013-10-21,21.6,44,17,9.2,15.92,0.0,20.0
2013-10-22,23.0,46,36,10.1,15.99,0.0,22.0
2013-10-23,23.0,52,15,14.2,15.96,0.0,22.0
2013-10-24,19.2,42,1,17.8,16.05,0.0,18.0
2013-10-25,17.4,37,2,10.0,15.6,0.0,17.0
2013-10-26,18.9,41,28,9.4,15.55,0.0,17.0
2013-10-27,21.4,49,42,12.4,13.35,0.0,20.0
2013-10-28,24.4,56,35,9.4,14.73,0.0,24.0
2013-10-29,20.7,62,88,21.3,12.51,0.1,17.0
2013-10-30,13.5,84,100,16.1,2.26,7.1,13.0
2013-10-31,12.1,90,100,15.1,1.41,8.3,11.0
2013-11-01,12.1,87,97,11.2,1.87,2.4,11.0
2013-11-02,19.2,79,28,8.1,13.74,0.0,16.0
2013-11-03,20.9,62,16,14.5,14.35,0.0,19.0
2013-11-04,18.0,49,19,9.9,14.12,0.0,18.0
2013-11-05,18.2,65,61,13.0,8.8,0.1,16.0
2013-11-06,22.5,60,0,15.4,14.06,0.0,21.0
2013-11-07,18.5,40,41,13.0,13.82,1.0,19.0
2013-11-08,15.5,80,100,9.4,4.1,5.0,12.0
2013-11-09,14.6,84,99,16.7,2.76,4.2,12.0
2013-11-10,13.3,61,50,15.5,9.18,0.0,11.0
2013-11-11,13.4,59,17,13.4,12.71,0.0,13.0
2013-11-12,15.0,52,19,9.4,12.26,0.0,15.0
2013-11-13,13.8,63,53,9.8,7.96,0.0,14.0
2013-11-14,16.6,39,1,21.4,13.26,0.0,17.0
2013-11-15,18.4,38,18,16.7,13.12,0.0,20.0
2013-11-16,16.3,29,3,24.7,12.99,0.0,18.0
2013-11-17,15.3,46,0,12.7,12.92,0.0,16.0
2013-11-18,14.2,51,0,9.1,12.79,0.0,15.0
2013-11-19,13.2,56,0,9.8,12.58,0.0,14.0
2013-11-20,13.8,62,0,9.1,12.3,0.0,12.0
2013-11-21,13.1,63,0,9.8,12.04,0.0,11.0
2013-11-22,13.7,71,32,6.9,11.13,0.1,12.0
2013-11-23,11.9,86,100,16.9,3.3,10.3,9.0
2013-11-24,12.6,54,39,27.2,11.27,7.4,13.0
2013-11-25,12.5,42,0,15.6,12.12,0.0,14.0
2013-11-26,15.5,48,17,15.4,11.44,0.0,14.0
2013-11-27,7.7,34,8,21.4,12.23,0.0,9.0
2013-11-28,7.4,25,0,24.8,12.25,0.0,8.0
2013-11-29,12.7,39,0,13.8,11.85,0.0,13.0
2013-11-30,13.5,40,0,18.4,11.78,0.0,15.0
2013-12-01,13.3,51,0,9.8,11.67,0.0,14.0
2013-12-02,15.6,68,21,10.0,11.22,0.0,16.0
2013-12-03,13.9,64,4,13.0,10.99,0.0,14.0
2013-12-04,15.6,57,37,16.6,11.46,0.0,16.0
2013-12-05,13.0,46,48,19.7,10.42,0.0,13.0
2013-12-06,13.6,64,0,11.9,11.3,0.0,13.0
2013-12-07,14.2,70,4,10.5,10.9,0.0,13.0
2013-12-08,12.6,78,79,9.4,8.05,0.6,5.0
2013-12-09,8.9,55,21,12.1,11.13,0.0,10.0
2013-12-10,10.9,48,37,18.8,10.43,0.0,13.0
2013-12-11,9.9,35,0,16.3,11.4,0.0,11.0
2013-12-12,11.7,39,27,13.3,10.86,0.0,13.0
2013-12-13,8.7,58,0,10.4,11.17,0.0,8.0
2013-12-14,12.3,58,19,10.9,10.93,0.0,13.0
2013-12-15,9.7,65,100,8.0,8.93,0.0,7.0
2013-12-16,9.0,72,97,8.4,7.9,0.0,6.0
2013-12-17,6.3,78,55,14.2,6.23,0.0,5.0
2013-12-18,4.3,69,51,16.9,8.51,0.0,2.0
2013-12-19,7.3,70,0,8.8,10.79,0.0,5.0
2013-12-20,4.8,68,51,9.0,9.03,0.0,3.0
2013-12-21,3.6,62,66,9.6,9.88,0.0,2.0
2013-12-22,5.5,58,26,10.8,10.72,0.0,4.0
2013-12-23,6.6,64,8,10.0,10.79,0.0,5.0
2013-12-24,5.8,68,52,9.4,10.4,0.0,5.0
2013-12-25,10.1,63,72,21.6,10.08,0.0,8.0
2013-12-26,2.6,34,74,24.3,9.41,0.0,6.0
2013-12-27,4.9,34,3,15.7,11.34,0.0,5.0
2013-12-28,5.7,29,53,17.5,11.5,0.0,5.0
2013-12-29,8.6,27,26,16.1,11.25,0.0,10.0
2013-12-30,10.8,25,2,24.7,11.6,0.0,11.0
2013-12-31,13.1,21,0,23.1,11.51,0.0,14.0
2014-01-01,15.1,28,21,19.5,11.49,0.0,17.0
2014-01-02,12.1,50,61,16.2,8.18,0.0,14.0
2014-01-03,11.6,29,22,22.4,11.56,0.0,12.0
2014-01-04,12.2,43,2,11.4,11.59,0.0,11.0
2014-01-05,10.2,49,55,13.8,10.86,0.0,9.0
2014-01-06,6.8,67,93,12.3,6.18,0.0,5.0
2014-01-07,8.4,73,93,14.2,6.94,0.7,6.0
2014-01-08,6.9,50,65,11.5,8.84,0.0,6.0
2014-01-09,5.8,55,3,9.7,12.02,0.0,5.0
2014-01-10,7.3,64,86,9.0,9.49,0.0,6.0
2014-01-11,9.2,59,67,11.9,11.67,0.0,9.0
2014-01-12,6.6,29,57,17.3,12.29,0.0,6.0
2014-01-13,7.3,39,8,10.2,12.66,0.0,7.0
2014-01-14,6.5,65,40,9.2,11.22,0.0,2.0
2014-01-15,7.7,66,50,12.4,11.32,0.0,3.0
2014-01-16,11.2,65,42,11.8,12.16,0.0,11.0
2014-01-17,10.5,58,0,15.7,12.96,0.0,7.0
2014-01-18,8.6,58,8,14.8,13.18,0.0,8.0
2014-01-19,11.9,38,78,24.1,8.27,0.0,11.0
2014-01-20,9.1,22,5,21.7,13.51,0.0,9.0
2014-01-21,6.7,42,0,9.7,13.51,0.0,7.0
2014-01-22,11.3,44,0,15.2,13.44,0.0,11.0
2014-01-23,13.5,52,13,14.5,13.17,0.0,12.0
2014-01-24,12.0,56,83,13.1,9.79,0.0,8.0
2014-01-25,11.5,40,43,14.2,13.39,0.0,11.0
2014-01-26,9.8,47,64,11.0,12.56,0.0,8.0
2014-01-27,15.6,55,33,14.3,13.2,0.0,12.0
2014-01-28,11.3,47,68,15.7,13.51,0.0,11.0
2014-01-29,15.3,63,32,15.3,13.59,0.0,13.0
2014-01-30,15.9,62,0,10.6,14.07,0.0,13.0
2014-01-31,11.4,88,73,12.2,5.01,0.5,5.0
2014-02-01,11.4,72,59,11.6,12.35,0.0,6.0
2014-02-02,18.9,73,22,21.1,14.07,0.0,10.0
2014-02-03,6.1,56,23,24.5,11.91,0.0,6.0
2014-02-04,4.3,53,80,15.9,8.38,0.8,2.0
2014-02-05,-0.1,79,99,18.2,2.87,8.1,-1.0
2014-02-06,-1.7,90,100,19.3,2.92,7.3,-2.0
2014-02-07,-0.3,85,58,15.3,14.57,0.7,0.0
2014-02-08,0.1,83,86,11.3,10.23,0.2,1.0
2014-02-09,-3.5,76,94,19.5,12.68,0.0,-2.0
2014-02-10,-3.7,55,36,9.7,16.2,0.0,-2.0
2014-02-11,-0.3,57,0,8.2,16.51,0.0,-1.0
2014-02-12,-0.5,68,73,12.4,12.38,0.0,1.0
2014-02-13,1.4,71,27,9.9,16.63,0.0,3.0
2014-02-14,4.0,67,10,11.0,16.73,0.0,4.0
2014-02-15,7.7,68,83,11.6,13.54,0.0,6.0
2014-02-16,6.4,78,96,15.0,5.71,1.3,7.0
2014-02-17,4.5,89,99,22.7,4.9,3.7,3.0
2014-02-18,6.6,61,69,16.3,13.55,0.4,6.0
2014-02-19,10.4,60,4,9.9,16.85,0.0,10.0
2014-02-20,11.1,66,31,15.9,13.33,0.0,9.0
2014-02-21,11.9,63,67,10.9,15.22,0.0,11.0
2014-02-22,11.7,70,40,9.2,12.1,0.0,11.0
2014-02-23,12.3,74,87,10.4,10.07,0.0,12.0
2014-02-24,12.9,70,97,10.9,8.28,0.0,13.0
2014-02-25,14.2,74,90,10.8,12.84,0.2,11.0
2014-02-26,13.2,83,95,9.3,4.28,0.0,13.0
2014-02-27,11.0,57,91,24.6,8.63,0.0,11.0
2014-02-28,6.8,66,99,12.0,3.52,1.9,7.0
2014-03-01,11.6,72,77,11.0,15.2,0.6,9.0
2014-03-02,12.3,69,86,14.4,15.36,0.0,10.0
2014-03-03,13.4,66,58,14.5,17.62,0.0,13.0
2014-03-04,13.4,61,45,25.0,18.53,0.0,12.0
2014-03-05,10.0,60,68,9.4,10.17,0.0,5.0
2014-03-06,8.0,68,83,12.2,4.84,0.6,8.0
2014-03-07,10.2,65,99,13.5,10.98,0.0,9.0
2014-03-08,14.0,60,59,11.1,15.48,0.0,15.0
2014-03-09,17.6,56,8,12.6,20.29,0.0,18.0
2014-03-10,17.7,54,5,19.2,19.63,0.0,17.0
2014-03-11,17.5,61,63,15.5,15.87,0.0,16.0
2014-03-12,10.2,66,55,34.4,7.68,0.7,11.0
2014-03-13,15.2,49,26,19.7,20.56,0.0,16.0
2014-03-14,18.8,33,0,13.1,21.46,0.0,19.0
2014-03-15,23.8,44,0,16.7,21.3,0.0,23.0
2014-03-16,24.5,55,0,17.3,21.19,0.0,24.0
2014-03-17,27.3,58,5,17.3,20.93,0.0,27.0
2014-03-18,20.3,43,80,23.6,15.21,4.5,19.0
2014-03-19,15.6,66,95,16.4,11.4,1.7,15.0
2014-03-20,15.9,33,51,16.8,22.51,0.0,16.0
2014-03-21,19.9,39,0,14.3,22.29,0.0,19.0
2014-03-22,21.6,40,12,13.7,22.67,0.0,21.0
2014-03-23,21.2,53,57,15.3,18.55,0.0,18.0
2014-03-24,22.7,56,44,11.8,21.19,0.0,21.0
2014-03-25,25.2,57,49,9.7,19.4,0.0,24.0
2014-03-26,27.2,66,13,14.1,21.41,0.1,25.0
2014-03-27,28.1,57,28,23.3,21.89,0.0,27.0
2014-03-28,27.1,56,91,12.7,19.74,0.2,27.0
2014-03-29,26.1,48,61,10.9,21.84,0.0,25.0
2014-03-30,21.7,52,100,13.4,10.19,0.0,21.0
2014-03-31,22.9,40,87,10.0,21.03,0.0,22.0
2014-04-01,23.6,33,96,10.6,21.0,0.0,22.0
2014-04-02,24.6,36,76,9.5,22.35,0.0,24.0
2014-04-03,19.1,50,47,27.1,16.0,0.0,17.0
2014-04-04,25.4,44,10,16.6,23.71,0.0,24.0
2014-04-05,19.4,27,38,32.4,24.36,0.0,18.0
2014-04-06,17.6,39,92,11.6,14.36,0.0,17.0
2014-04-07,23.5,46,32,9.0,23.3,0.3,21.0
2014-04-08,26.3,55,0,11.2,24.17,0.0,25.0
2014-04-09,29.0,51,23,17.1,24.23,0.0,27.0
2014-04-10,24.1,53,96,23.0,16.17,0.1,20.0
2014-04-11,15.0,67,99,18.1,6.05,15.6,13.0
2014-04-12,18.9,73,81,13.0,13.48,0.0,16.0
2014-04-13,22.5,71,29,10.6,19.9,0.0,21.0
2014-04-14,23.6,69,32,19.9,23.48,0.5,23.0
2014-04-15,19.0,72,87,16.3,7.86,5.8,17.0
2014-04-16,21.4,68,91,12.6,16.82,0.6,19.0
2014-04-17,23.6,69,63,10.2,19.8,0.0,23.0
2014-04-18,19.4,84,87,18.0,7.9,21.5,17.0
2014-04-19,18.9,76,71,17.1,14.25,0.3,18.0
2014-04-20,20.8,74,84,13.3,17.5,0.1,20.0
2014-04-21,19.6,81,96,9.2,10.83,2.2,20.0
2014-04-22,22.7,70,24,15.7,22.67,0.0,23.0
2014-04-23,22.7,71,71,15.9,17.98,0.0,22.0
2014-04-24,23.0,73,91,13.5,18.56,0.0,23.0
2014-04-25,16.8,89,88,19.3,3.56,11.6,16.0
2014-04-26,16.4,59,96,24.6,7.59,0.0,19.0
2014-04-27,23.3,50,61,14.8,26.2,0.0,24.0
2014-04-28,22.9,62,21,9.2,25.21,0.0,23.0
2014-04-29,24.9,64,2,10.5,25.76,0.0,25.0
2014-04-30,28.1,63,5,10.1,25.62,0.2,28.0
2014-05-01,30.3,54,44,26.7,23.29,0.0,30.0
2014-05-02,22.8,38,36,24.5,21.88,0.0,23.0
2014-05-03,24.2,45,65,19.6,23.67,0.0,23.0
2014-05-04,22.3,31,70,22.0,26.37,0.0,22.0
2014-05-05,23.9,41,32,15.8,27.4,0.0,23.0
2014-05-06,27.1,48,36,22.8,25.73,0.0,26.0
2014-05-07,32.4,39,2,24.0,27.28,0.0,33.0
2014-05-08,29.7,53,84,22.3,23.57,0.0,28.0
2014-05-09,29.4,56,61,18.7,22.94,0.0,28.0
2014-05-10,21.2,71,95,19.1,4.44,20.8,20.0
2014-05-11,25.0,57,27,22.4,25.89,0.1,25.0
2014-05-12,29.7,39,29,14.8,26.97,0.0,29.0
2014-05-13,27.6,59,77,13.8,17.78,0.0,27.0
2014-05-14,24.9,46,66,28.7,18.31,0.0,24.0
2014-05-15,28.1,31,57,15.9,25.66,0.0,29.0
2014-05-16,26.4,52,80,18.1,14.71,0.0,26.0
2014-05-17,26.7,60,70,10.3,23.76,0.0,27.0
2014-05-18,28.5,57,59,13.7,19.62,0.5,28.0
2014-05-19,26.4,59,79,14.0,11.01,0.0,29.0
2014-05-20,34.3,44,19,12.1,27.9,0.0,35.0
2014-05-21,31.6,54,41,17.3,26.93,0.0,30.0
2014-05-22,31.4,56,41,16.4,21.84,0.0,31.0
2014-05-23,30.0,55,95,17.1,19.2,3.0,29.0
2014-05-24,29.5,75,65,12.1,14.97,14.1,31.0
2014-05-25,31.6,47,38,22.2,25.96,0.0,31.0
2014-05-26,32.6,27,18,16.3,28.7,0.0,34.0
2014-05-27,35.6,24,86,21.1,25.62,0.0,37.0
2014-05-28,35.2,33,62,13.6,27.86,0.0,36.0
2014-05-29,37.6,37,79,12.3,27.54,0.0,38.0
2014-05-30,35.5,42,88,17.7,20.56,0.0,35.0
2014-05-31,30.9,58,96,16.4,11.76,2.1,29.0
2014-06-01,30.4,59,64,20.1,19.82,0.0,30.0
2014-06-02,29.5,56,19,22.2,26.79,0.0,28.0
2014-06-03,29.0,49,63,10.5,26.24,0.0,29.0
2014-06-04,32.2,47,72,9.8,23.43,0.0,32.0
2014-06-05,33.7,48,46,8.4,23.49,0.0,33.0
2014-06-06,35.3,43,48,13.3,22.31,0.0,36.0
2014-06-07,32.1,47,40,17.1,27.3,0.0,32.0
2014-06-08,36.1,31,25,18.7,27.67,0.0,35.0
2014-06-09,35.9,36,70,18.3,23.79,0.0,35.0
2014-06-10,34.5,49,84,13.6,23.26,0.0,33.0
2014-06-11,31.7,59,44,22.3,22.67,1.8,29.0
2014-06-12,33.3,45,43,8.4,27.22,0.0,32.0
2014-06-13,33.3,47,98,17.6,13.94,0.0,33.0
2014-06-14,27.7,57,98,12.3,4.37,0.0,27.0
2014-06-15,27.7,73,89,14.2,13.47,0.2,24.0
2014-06-16,27.8,76,91,11.5,11.24,0.0,25.0
2014-06-17,33.0,67,45,15.4,24.61,0.5,32.0
2014-06-18,34.7,63,51,17.1,25.8,0.1,32.0
2014-06-19,32.3,75,99,14.8,16.49,22.4,29.0
2014-06-20,27.5,69,89,18.5,20.13,6.5,29.0
2014-06-21,29.5,63,52,13.0,25.29,0.0,31.0
2014-06-22,31.7,65,65,9.5,26.33,0.0,32.0
2014-06-23,30.2,69,59,17.1,19.61,0.0,30.0
2014-06-24,32.7,64,63,16.6,23.35,0.0,33.0
2014-06-25,26.0,75,98,17.3,8.76,4.6,27.0
2014-06-26,29.5,70,66,11.3,21.68,0.0,30.0
2014-06-27,32.5,66,38,8.4,26.05,0.0,34.0
2014-06-28,32.8,65,81,7.3,21.6,0.4,34.0
2014-06-29,26.2,76,82,12.7,6.18,4.2,27.0
2014-06-30,32.2,69,79,12.9,19.95,0.1,31.0
2014-07-01,31.5,63,91,23.9,20.22,0.0,30.0
2014-07-02,32.8,70,32,12.2,25.8,0.0,32.0
2014-07-03,34.1,69,60,12.6,22.9,1.9,34.0
2014-07-04,31.6,83,77,10.9,17.24,17.9,27.0
2014-07-05,29.8,72,34,12.0,21.64,0.2,30.0
2014-07-06,32.6,64,4,9.9,25.94,0.0,33.0
2014-07-07,33.7,59,19,12.8,26.3,0.0,34.0
2014-07-08,34.3,60,64,11.7,25.56,0.0,34.0
2014-07-09,32.4,61,80,18.2,20.03,0.2,31.0
2014-07-10,24.9,71,90,10.9,4.81,2.9,25.0
2014-07-11,35.1,64,74,9.8,24.24,0.0,36.0
2014-07-12,31.4,58,79,14.8,14.84,0.0,31.0
2014-07-13,34.6,59,13,8.4,24.89,0.0,35.0
2014-07-14,35.1,68,26,16.8,24.41,2.3,34.0
2014-07-15,34.2,65,8,13.8,26.42,0.2,33.0
2014-07-16,34.5,63,23,15.7,26.06,0.0,33.0
2014-07-17,35.0,65,12,21.5,25.27,0.1,33.0
2014-07-18,32.7,74,39,16.9,17.5,5.8,33.0
2014-07-19,33.3,71,44,21.7,21.25,11.4,34.0
2014-07-20,34.6,69,34,19.7,22.32,1.1,36.0
2014-07-21,38.0,63,28,17.0,24.61,0.0,38.0
2014-07-22,36.7,67,95,18.9,17.67,0.1,33.0
2014-07-23,30.6,68,60,17.1,15.08,3.3,32.0
2014-07-24,32.7,61,41,24.4,20.12,0.0,33.0
2014-07-25,30.7,55,32,25.6,20.35,0.0,32.0
2014-07-26,33.6,53,0,9.1,27.15,0.0,33.0
2014-07-27,34.1,50,1,8.6,26.85,0.0,33.0
2014-07-28,35.3,50,5,10.2,26.13,0.0,34.0
2014-07-29,34.9,69,43,16.0,18.96,10.6,34.0
2014-07-30,32.6,80,65,12.0,16.32,1.5,30.0
2014-07-31,32.2,74,24,13.6,20.69,0.1,31.0
2014-08-01,32.1,74,22,14.3,19.92,0.2,32.0
2014-08-02,33.0,72,13,6.8,21.68,0.4,34.0
2014-08-03,35.6,63,4,8.7,23.21,0.0,35.0
2014-08-04,37.1,58,41,10.5,22.63,0.0,37.0
2014-08-05,31.9,70,65,20.1,19.08,0.1,31.0
2014-08-06,27.1,69,96,21.5,8.03,4.0,28.0
2014-08-07,22.3,82,98,15.5,5.73,8.3,23.0
2014-08-08,24.5,68,95,18.3,8.43,0.1,23.0
2014-08-09,21.3,82,100,15.7,3.82,8.5,21.0
2014-08-10,29.7,76,86,6.8,23.54,0.0,29.0
2014-08-11,31.7,72,71,8.7,21.55,0.2,31.0
2014-08-12,29.9,81,80,7.3,14.95,1.5,30.0
2014-08-13,30.5,69,36,9.2,21.99,0.3,29.0
2014-08-14,29.4,73,26,8.2,20.28,0.3,30.0
2014-08-15,33.2,66,39,9.4,24.02,0.0,34.0
2014-08-16,32.3,71,75,11.8,17.77,0.8,30.0
2014-08-17,30.4,68,57,11.5,18.84,0.2,28.0
2014-08-18,28.5,76,41,8.0,17.8,5.2,29.0
2014-08-19,30.2,68,7,10.4,23.07,0.0,31.0
2014-08-20,31.2,66,24,9.3,23.74,0.0,31.0
2014-08-21,33.5,57,56,11.6,23.19,0.0,32.0
2014-08-22,33.7,53,91,13.8,19.86,0.0,33.0
2014-08-23,29.1,66,93,12.3,7.76,0.1,29.0
2014-08-24,32.3,68,74,15.0,20.25,0.0,32.0
2014-08-25,31.6,67,59,9.4,19.43,0.3,32.0
2014-08-26,31.2,71,96,13.0,14.29,0.9,29.0
2014-08-27,28.9,83,88,12.3,11.91,2.5,26.0
2014-08-28,29.1,71,36,12.4,17.91,0.0,28.0
2014-08-29,29.9,68,57,10.6,22.35,0.0,27.0
2014-08-30,24.5,85,100,11.9,5.23,20.9,22.0
2014-08-31,27.4,74,88,12.0,15.71,1.7,27.0
2014-09-01,27.5,82,98,6.5,12.62,4.0,24.0
2014-09-02,29.2,75,72,19.3,18.22,0.1,30.0
2014-09-03,28.0,66,2,10.1,22.23,0.0,29.0
2014-09-04,30.7,64,30,10.7,22.77,0.0,31.0
2014-09-05,29.8,62,10,11.9,22.0,0.0,30.0
2014-09-06,29.5,69,60,10.6,16.89,0.0,29.0
2014-09-07,28.7,82,75,7.6,9.09,3.5,25.0
2014-09-08,29.7,82,88,7.2,14.76,0.2,26.0
2014-09-09,25.3,89,94,7.3,5.3,13.8,26.0
2014-09-10,27.6,83,95,12.7,11.65,2.0,28.0
2014-09-11,22.6,91,100,18.6,1.85,36.3,23.0
2014-09-12,18.4,85,88,17.7,3.7,25.6,19.0
2014-09-13,21.5,79,93,11.8,7.34,1.9,23.0
2014-09-14,19.4,93,100,23.7,1.01,22.3,19.0
2014-09-15,17.2,95,100,21.0,1.66,22.8,16.0
2014-09-16,16.8,96,100,18.5,1.68,22.0,16.0
2014-09-17,15.5,94,100,17.2,1.52,20.4,14.0
2014-09-18,18.0,87,96,10.8,4.26,4.2,18.0
2014-09-19,25.0,80,15,11.6,18.99,0.0,25.0
2014-09-20,27.3,81,1,12.6,20.73,0.0,28.0
2014-09-21,26.9,80,22,10.6,17.55,0.0,28.0
2014-09-22,26.5,76,25,10.0,20.08,0.0,28.0
2014-09-23,24.9,70,74,7.9,15.17,0.0,28.0
2014-09-24,25.7,74,72,7.0,16.27,0.0,27.0
2014-09-25,25.5,79,45,8.9,15.74,0.1,26.0
2014-09-26,27.9,75,59,8.1,17.06,0.0,29.0
2014-09-27,27.4,84,95,9.0,12.38,6.9,27.0
2014-09-28,20.8,93,96,21.0,2.43,24.4,19.0
2014-09-29,25.7,73,3,12.7,18.96,0.0,27.0
2014-09-30,19.8,72,47,20.0,13.21,0.0,21.0
2014-10-01,20.4,81,54,7.8,9.96,3.8,20.0
2014-10-02,27.3,73,1,10.9,19.39,0.0,28.0
2014-10-03,26.5,76,52,11.2,16.78,0.0,27.0
2014-10-04,25.4,75,96,10.7,14.25,0.2,26.0
2014-10-05,24.2,75,10,13.3,16.86,0.0,24.0
2014-10-06,21.3,58,24,12.3,15.58,0.0,22.0
2014-10-07,24.0,63,29,13.7,18.08,0.0,24.0
2014-10-08,24.1,68,46,9.8,16.52,0.0,24.0
2014-10-09,24.2,73,31,10.6,15.78,0.0,25.0
2014-10-10,23.0,73,29,12.5,14.72,0.0,23.0
2014-10-11,23.9,73,3,17.1,17.4,0.0,25.0
2014-10-12,18.1,56,67,27.8,9.22,0.0,18.0
2014-10-13,17.8,47,74,13.6,14.03,0.0,18.0
2014-10-14,21.3,63,4,9.9,17.66,0.0,22.0
2014-10-15,25.5,51,49,14.7,16.68,0.0,27.0
2014-10-16,21.7,47,95,14.0,13.79,0.0,21.0
2014-10-17,24.8,59,55,9.7,15.6,0.0,25.0
2014-10-18,23.9,65,57,10.7,13.21,0.6,23.0
2014-10-19,20.1,87,96,9.2,6.13,4.7,17.0
2014-10-20,17.0,95,100,12.4,2.0,11.2,16.0
2014-10-21,20.4,75,67,16.8,10.15,0.2,20.0
2014-10-22,22.2,76,53,12.4,14.39,0.0,20.0
2014-10-23,25.1,73,23,14.0,15.53,0.0,24.0
2014-10-24,25.3,77,1,14.1,15.69,0.0,25.0
2014-10-25,25.8,78,0,11.3,15.5,0.0,25.0
2014-10-26,23.9,72,15,24.7,14.9,0.0,23.0
2014-10-27,15.6,47,100,21.3,2.71,0.5,14.0
2014-10-28,16.0,60,100,11.1,7.56,1.2,14.0
2014-10-29,17.7,74,98,11.5,7.96,0.3,15.0
2014-10-30,17.8,73,90,13.2,7.04,1.0,17.0
2014-10-31,17.5,73,91,11.9,5.12,0.1,18.0
2014-11-01,19.0,67,81,21.0,9.32,0.1,17.0
2014-11-02,15.2,33,25,23.6,14.71,0.0,16.0
2014-11-03,16.7,47,0,10.5,14.85,0.0,18.0
2014-11-04,17.6,61,15,10.5,14.38,0.0,18.0
2014-11-05,17.1,77,64,9.1,6.32,0.0,17.0
2014-11-06,16.9,70,51,16.2,13.13,0.0,17.0
2014-11-07,13.6,67,95,12.4,9.63,0.0,11.0
2014-11-08,14.0,70,20,8.1,13.36,0.0,14.0
2014-11-09,15.5,66,23,9.2,12.5,0.0,15.0
2014-11-10,16.0,72,60,11.0,10.3,0.0,15.0
2014-11-11,19.2,52,58,20.2,12.0,0.0,20.0
2014-11-12,15.2,36,44,21.4,13.45,0.0,17.0
2014-11-13,14.1,45,3,11.2,13.47,0.0,16.0
2014-11-14,14.8,59,33,11.0,12.87,0.3,15.0
2014-11-15,11.4,77,74,8.4,5.4,1.3,10.0
2014-11-16,15.5,65,15,14.6,12.7,0.0,16.0
2014-11-17,13.3,60,24,9.8,12.72,0.0,13.0
2014-11-18,14.1,61,27,10.5,12.52,0.0,14.0
2014-11-19,15.2,58,33,10.5,10.29,0.0,15.0
2014-11-20,17.5,73,31,9.9,11.31,0.0,17.0
2014-11-21,17.0,76,46,8.7,11.2,0.0,15.0
2014-11-22,13.1,80,91,14.8,5.44,8.7,11.0
2014-11-23,12.7,83,96,14.0,4.83,2.7,11.0
2014-11-24,11.3,76,99,18.0,5.29,1.7,11.0
2014-11-25,10.4,78,80,8.3,5.99,1.2,11.0
2014-11-26,13.4,82,64,12.9,9.14,0.0,12.0
2014-11-27,10.2,90,95,16.5,1.52,2.0,8.0
2014-11-28,9.6,76,66,8.2,7.64,0.0,9.0
2014-11-29,7.7,90,98,10.9,1.09,1.5,7.0
2014-11-30,12.0,55,60,25.1,8.29,0.0,12.0
2014-12-01,3.9,27,8,20.9,11.92,0.0,4.0
2014-12-02,5.7,51,4,9.8,11.48,0.0,4.0
2014-12-03,8.6,45,59,20.9,8.33,0.0,8.0
2014-12-04,6.6,29,0,20.2,11.82,0.0,7.0
2014-12-05,8.5,43,0,11.4,11.73,0.0,11.0
2014-12-06,10.7,67,61,11.5,9.88,0.0,10.0
2014-12-07,10.8,40,0,21.0,11.44,0.0,12.0
2014-12-08,8.4,59,17,12.6,11.02,0.0,8.0
2014-12-09,5.2,72,95,10.5,3.15,0.5,5.0
2014-12-10,8.5,47,77,21.9,10.07,0.5,9.0
2014-12-11,6.5,35,83,18.2,8.46,0.0,7.0
2014-12-12,6.2,28,21,24.3,11.39,0.0,7.0
2014-12-13,9.1,43,9,12.1,11.32,0.0,10.0
2014-12-14,9.7,63,53,9.9,8.67,0.0,9.0
2014-12-15,8.3,39,87,26.0,8.97,0.0,10.0
2014-12-16,4.4,21,13,26.8,11.22,0.0,5.0
2014-12-17,9.7,34,14,16.4,11.08,0.0,11.0
2014-12-18,10.6,56,88,12.0,9.84,0.0,11.0
2014-12-19,11.9,46,6,22.8,10.97,0.0,13.0
2014-12-20,3.6,41,74,10.7,7.53,0.0,3.0
2014-12-21,4.9,28,12,23.5,11.26,0.0,6.0
2014-12-22,9.6,42,21,13.0,11.15,0.0,11.0
2014-12-23,11.8,57,41,11.2,10.54,0.0,12.0
2014-12-24,8.9,42,34,16.7,10.56,0.0,9.0
2014-12-25,5.5,57,83,8.4,7.62,0.0,5.0
2014-12-26,6.8,58,42,7.9,10.33,0.0,6.0
2014-12-27,10.6,62,59,14.9,10.46,0.0,9.0
2014-12-28,12.7,35,27,23.0,11.22,0.0,14.0
2014-12-29,16.2,46,0,18.9,11.3,0.0,18.0
2014-12-30,16.3,39,0,18.6,11.32,0.0,18.0
2014-12-31,8.0,27,0,24.4,11.74,0.0,
2015-01-01,6.5,30,26,12.9,11.74,0.0,8.0
2015-01-02,7.8,41,61,11.8,9.78,0.0,8.0
2015-01-03,12.8,58,3,11.2,11.33,0.0,11.0
2015-01-04,13.4,70,26,9.7,10.9,0.0,12.0
2015-01-05,12.2,55,68,17.4,4.98,0.0,9.0
2015-01-06,5.0,31,96,19.6,6.92,0.0,7.0
2015-01-07,9.1,50,14,10.7,11.47,0.0,9.0
2015-01-08,12.6,54,47,12.4,11.03,0.0,13.0
2015-01-09,14.5,41,61,12.1,11.16,0.0,17.0
2015-01-10,15.4,56,6,10.8,12.09,0.0,15.0
2015-01-11,11.1,51,22,18.7,12.34,0.0,12.0
2015-01-12,7.4,59,72,11.0,9.09,0.0,6.0
2015-01-13,7.6,74,61,8.3,10.76,0.0,6.0
2015-01-14,9.6,77,49,10.1,9.45,0.0,7.0
2015-01-15,9.3,81,45,9.3,10.35,0.0,6.0
2015-01-16,11.1,40,0,17.3,12.78,0.0,12.0
2015-01-17,7.3,45,18,11.5,12.73,0.0,7.0
2015-01-18,11.5,37,6,27.6,12.99,0.0,12.0
2015-01-19,13.7,50,35,16.9,12.81,0.0,13.0
2015-01-20,15.4,51,56,19.5,10.0,0.0,14.0
2015-01-21,9.0,37,12,17.6,13.06,0.0,9.0
2015-01-22,8.3,48,0,11.9,13.21,0.0,7.0
2015-01-23,12.3,55,19,10.4,13.16,0.0,11.0
2015-01-24,3.4,80,99,17.1,1.54,3.5,4.0
2015-01-25,7.7,77,60,13.0,10.63,0.0,2.0
2015-01-26,11.6,73,49,23.2,12.37,0.0,5.0
2015-01-27,2.4,52,79,22.6,6.49,0.9,1.0
2015-01-28,1.0,49,97,14.1,6.01,3.7,-1.0
2015-01-29,4.4,62,90,10.5,10.64,0.0,1.0
2015-01-30,4.2,60,82,10.1,12.33,0.0,3.0
2015-01-31,3.2,43,92,6.6,9.5,0.0,3.0
2015-02-01,4.2,46,38,8.6,12.14,0.0,4.0
2015-02-02,4.6,69,50,10.0,10.86,0.0,1.0
2015-02-03,8.2,67,37,6.6,13.83,0.0,7.0
2015-02-04,8.1,52,52,12.3,14.75,0.0,8.0
2015-02-05,7.6,46,69,12.0,14.57,0.0,7.0
2015-02-06,12.1,47,42,13.2,14.9,0.0,12.0
2015-02-07,10.5,36,74,20.8,12.92,0.0,10.0
2015-02-08,5.1,49,0,10.8,15.58,0.0,5.0
2015-02-09,8.6,48,0,11.3,15.69,0.0,8.0
2015-02-10,15.1,51,11,16.2,15.77,0.0,16.0
2015-02-11,14.4,37,0,25.0,15.92,0.0,15.0
2015-02-12,14.6,43,20,15.6,14.64,0.0,14.0
2015-02-13,14.5,45,0,14.9,16.42,0.0,14.0
2015-02-14,16.5,67,70,14.0,12.27,0.2,14.0
2015-02-15,16.6,72,40,15.1,15.21,0.7,14.0
2015-02-16,16.9,45,12,16.8,17.05,0.0,18.0
2015-02-17,16.0,53,39,12.0,16.4,0.0,15.0
2015-02-18,12.4,49,34,19.1,14.11,0.0,11.0
2015-02-19,6.7,42,96,15.1,5.09,0.0,6.0
2015-02-20,5.1,67,87,11.8,2.6,0.0,4.0
2015-02-21,15.9,62,49,14.1,15.75,0.0,13.0
2015-02-22,7.9,25,93,15.0,12.15,0.0,10.0
2015-02-23,6.9,65,58,8.7,7.7,0.4,5.0
2015-02-24,14.4,74,56,13.0,16.0,0.0,9.0
2015-02-25,16.4,53,25,11.5,18.01,0.0,15.0
2015-02-26,13.1,51,26,14.8,17.53,0.0,12.0
2015-02-27,7.6,50,97,21.4,5.85,0.1,8.0
2015-02-28,9.3,51,72,15.5,16.09,0.3,8.0
2015-03-01,13.8,35,20,15.3,18.77,0.0,13.0
2015-03-02,15.4,50,69,14.1,15.03,0.0,13.0
2015-03-03,11.8,22,70,25.4,18.93,0.0,13.0
2015-03-04,7.3,25,83,14.0,15.34,0.0,6.0
2015-03-05,7.1,40,83,10.8,13.8,0.0,7.0
2015-03-06,11.9,52,63,13.0,18.18,0.0,11.0
2015-03-07,15.6,60,35,15.3,19.13,0.0,15.0
2015-03-08,16.7,66,64,12.5,16.97,0.0,15.0
2015-03-09,9.1,55,57,26.5,13.18,0.0,8.0
2015-03-10,9.8,39,55,13.4,19.25,0.0,8.0
2015-03-11,16.1,48,49,12.2,19.7,0.0,16.0
2015-03-12,20.4,60,16,15.5,20.31,0.0,19.0
2015-03-13,18.1,43,50,18.3,17.64,0.0,17.0
2015-03-14,18.0,48,60,10.9,16.39,0.0,15.0
2015-03-15,19.0,77,88,15.1,14.84,0.0,15.0
2015-03-16,19.8,78,58,16.8,18.56,0.0,17.0
2015-03-17,15.4,92,98,22.3,3.75,8.8,12.0
2015-03-18,10.7,69,94,20.5,2.35,3.7,11.0
2015-03-19,17.7,83,72,7.2,13.11,3.8,13.0
2015-03-20,20.1,78,89,12.8,13.85,0.0,20.0
2015-03-21,23.6,48,26,13.0,22.01,0.0,25.0
2015-03-22,22.4,61,50,19.8,20.04,0.0,22.0
2015-03-23,12.8,56,97,19.5,12.24,2.5,10.0
2015-03-24,17.6,64,75,13.8,19.4,0.0,16.0
2015-03-25,17.4,62,91,12.4,15.52,2.7,14.0
2015-03-26,14.8,69,71,12.1,11.35,1.4,14.0
2015-03-27,18.6,68,21,13.7,22.15,0.0,18.0
2015-03-28,25.4,53,39,15.8,22.74,0.0,26.0
2015-03-29,23.8,66,59,17.6,20.46,0.0,23.0
2015-03-30,24.3,75,50,19.7,17.33,0.0,23.0
2015-03-31,20.0,89,95,29.5,4.12,3.5,19.0
2015-04-01,9.6,93,100,30.0,1.97,34.2,9.0
2015-04-02,16.7,74,77,21.6,20.01,2.2,13.0
2015-04-03,17.8,73,73,16.6,19.35,0.6,17.0
2015-04-04,16.5,74,85,10.5,15.16,2.4,16.0
2015-04-05,15.8,82,94,8.6,5.84,1.1,16.0
2015-04-06,11.6,53,90,27.6,11.02,0.0,13.0
2015-04-07,10.8,51,94,13.2,16.58,0.0,11.0
2015-04-08,14.0,59,53,18.7,23.95,0.0,14.0
2015-04-09,18.5,70,61,12.6,21.46,0.0,18.0
2015-04-10,21.5,74,27,15.5,22.98,0.4,22.0
2015-04-11,22.1,67,84,18.2,15.85,0.3,21.0
2015-04-12,16.9,43,46,26.2,21.86,1.2,18.0
2015-04-13,13.7,50,17,18.7,21.3,0.0,15.0
2015-04-14,23.2,51,24,15.6,25.55,0.0,22.0
2015-04-15,28.2,53,47,23.7,23.84,0.0,28.0
2015-04-16,20.9,39,9,24.5,25.54,0.0,21.0
2015-04-17,18.5,69,62,9.4,9.37,0.1,20.0
2015-04-18,17.1,84,97,14.2,3.76,3.5,17.0
2015-04-19,15.2,79,91,28.8,6.53,9.6,14.0
2015-04-20,19.5,59,41,10.2,26.27,0.0,19.0
2015-04-21,22.5,56,72,20.6,15.65,0.0,22.0
2015-04-22,24.8,48,67,13.8,24.36,0.0,25.0
2015-04-23,27.1,57,67,12.5,23.74,0.0,26.0
2015-04-24,27.0,61,90,14.3,24.62,0.0,27.0
2015-04-25,28.3,59,56,14.2,25.14,0.0,28.0
2015-04-26,28.0,57,68,18.5,19.92,0.0,27.0
2015-04-27,29.2,58,19,11.9,24.61,1.1,29.0
2015-04-28,30.0,53,2,22.0,25.73,0.0,28.0
2015-04-29,27.7,64,0,8.8,25.8,0.0,27.0
2015-04-30,28.9,59,53,16.6,24.35,0.0,27.0
2015-05-01,26.8,74,67,13.3,16.09,13.0,27.0
2015-05-02,24.7,73,53,22.6,21.01,15.8,24.0
2015-05-03,27.6,73,51,14.5,17.23,0.3,28.0
2015-05-04,23.3,61,63,18.1,21.49,0.0,23.0
2015-05-05,26.4,69,67,17.9,24.12,0.0,25.0
2015-05-06,24.8,70,56,19.2,21.13,0.0,24.0
2015-05-07,26.5,79,80,11.9,20.61,5.2,23.0
2015-05-08,25.5,69,60,16.0,23.63,9.5,26.0
2015-05-09,25.2,76,61,20.1,18.69,0.1,21.0
2015-05-10,24.1,76,96,20.1,13.56,4.8,16.0
2015-05-11,22.1,50,46,25.5,24.97,5.9,23.0
2015-05-12,27.4,34,0,23.3,28.5,0.0,28.0
2015-05-13,30.3,60,0,18.8,27.06,0.0,29.0
2015-05-14,28.1,59,66,22.5,24.63,0.0,27.0
2015-05-15,27.7,45,70,22.2,26.07,0.0,27.0
2015-05-16,27.9,57,61,14.5,24.43,0.0,27.0
2015-05-17,28.2,58,99,22.3,17.49,0.0,25.0
2015-05-18,31.6,54,33,16.4,26.95,0.0,32.0
2015-05-19,29.9,50,24,17.1,25.21,0.0,29.0
2015-05-20,27.5,30,38,20.2,26.16,0.0,27.0
2015-05-21,24.5,47,94,9.5,12.0,0.0,24.0
2015-05-22,26.4,50,90,11.5,16.69,0.0,26.0
2015-05-23,29.7,60,64,10.6,26.49,0.0,28.0
2015-05-24,30.4,52,29,10.5,28.03,0.0,29.0
2015-05-25,30.8,51,63,13.0,25.38,0.0,29.0
2015-05-26,27.1,64,95,10.5,9.87,0.0,26.0
2015-05-27,30.5,64,26,15.6,25.13,0.0,30.0
2015-05-28,30.0,70,76,7.6,21.5,0.0,26.0
2015-05-29,29.4,66,81,14.2,17.0,0.7,26.0
2015-05-30,30.8,60,23,10.3,26.24,0.0,30.0
2015-05-31,32.1,57,69,16.7,21.43,0.0,31.0
2015-06-01,30.5,70,93,13.2,15.12,3.6,30.0
2015-06-02,32.2,70,69,17.1,19.64,0.0,31.0
2015-06-03,30.2,56,66,13.8,21.11,0.0,27.0
2015-06-04,23.3,59,59,17.5,10.78,0.9,24.0
2015-06-05,35.6,43,0,20.2,29.13,0.0,37.0
2015-06-06,35.4,52,49,21.7,25.97,0.0,34.0
2015-06-07,33.2,54,85,13.6,23.67,0.0,32.0
2015-06-08,32.6,37,98,15.5,25.26,0.0,33.0
2015-06-09,35.0,43,56,21.1,26.74,0.0,35.0
2015-06-10,37.2,45,21,22.3,26.36,0.0,37.0
2015-06-11,33.8,23,7,27.6,29.06,0.0,34.0
2015-06-12,36.3,25,75,20.4,21.06,0.0,35.0
2015-06-13,35.1,29,40,13.1,28.63,0.0,36.0
2015-06-14,33.1,38,85,15.7,24.51,0.0,32.0
2015-06-15,26.4,54,99,9.2,4.95,0.4,25.0
2015-06-16,27.5,74,94,11.2,12.3,7.8,24.0
2015-06-17,30.9,66,47,7.1,26.57,0.2,32.0
2015-06-18,33.1,59,61,14.3,22.77,0.1,33.0
2015-06-19,34.7,55,32,23.1,24.65,0.2,35.0
2015-06-20,28.0,56,98,23.6,17.73,0.3,27.0
2015-06-21,30.5,52,50,10.9,24.54,0.0,30.0
2015-06-22,31.4,60,64,13.5,20.42,0.0,31.0
2015-06-23,27.7,79,99,13.4,8.36,10.1,27.0
2015-06-24,22.1,91,100,16.8,2.83,33.5,21.0
2015-06-25,25.3,86,84,12.2,9.28,31.3,26.0
2015-06-26,28.1,81,85,14.2,16.5,2.5,28.0
2015-06-27,25.0,83,96,7.2,12.41,16.4,25.0
2015-06-28,26.9,78,98,12.6,12.63,0.5,28.0
2015-06-29,22.9,92,97,13.4,1.77,14.6,24.0
2015-06-30,26.2,79,88,13.7,12.42,0.0,28.0
2015-07-01,33.0,69,20,11.6,28.09,0.0,35.0
2015-07-02,29.8,68,79,16.6,23.85,0.0,32.0
2015-07-03,30.1,67,88,11.6,18.52,0.0,32.0
2015-07-04,30.7,73,84,10.6,25.93,0.0,31.0
2015-07-05,29.6,69,95,12.3,22.48,0.0,30.0
2015-07-06,26.1,72,75,14.4,16.6,0.2,27.0
2015-07-07,29.4,70,10,9.6,24.43,0.0,30.0
2015-07-08,29.4,71,20,10.7,21.97,0.2,31.0
2015-07-09,29.1,71,22,14.5,23.62,0.0,31.0
2015-07-10,28.6,74,34,10.2,19.21,0.0,28.0
2015-07-11,30.9,79,33,8.3,21.33,0.3,32.0
2015-07-12,33.2,73,15,7.8,23.49,0.4,35.0
2015-07-13,37.1,64,57,11.2,23.34,0.0,37.0
2015-07-14,36.8,63,57,9.7,24.99,0.8,37.0
2015-07-15,27.7,91,100,11.9,2.98,62.0,24.0
2015-07-16,26.7,78,93,22.5,15.94,5.5,24.0
2015-07-17,25.8,81,72,8.8,11.57,0.0,26.0
2015-07-18,29.1,83,28,9.2,23.02,0.8,30.0
2015-07-19,29.2,82,52,10.5,19.57,0.3,30.0
2015-07-20,30.1,80,30,8.2,22.14,0.0,31.0
2015-07-21,30.8,79,31,9.0,22.51,0.0,32.0
2015-07-22,30.8,83,86,8.0,17.12,0.6,30.0
2015-07-23,31.0,85,30,8.6,20.52,7.0,32.0
2015-07-24,32.9,80,41,12.0,25.38,0.4,33.0
2015-07-25,33.1,77,19,11.5,23.26,0.0,33.0
2015-07-26,33.6,76,28,12.6,24.41,0.0,33.0
2015-07-27,32.1,77,46,14.8,21.56,0.4,34.0
2015-07-28,34.3,70,11,18.8,24.05,0.0,33.0
2015-07-29,35.5,66,18,20.2,23.51,0.0,35.0
2015-07-30,34.9,72,36,20.3,22.33,19.4,34.0
2015-07-31,31.6,83,79,8.9,16.7,4.8,31.0
2015-08-01,32.8,85,64,13.0,18.1,0.7,33.0
2015-08-02,33.9,77,80,14.1,21.0,2.5,33.0
2015-08-03,34.9,72,99,16.2,20.25,1.9,34.0
2015-08-04,28.9,80,100,16.9,14.47,8.0,31.0
2015-08-05,27.6,83,86,11.5,9.94,16.2,27.0
2015-08-06,30.9,80,17,7.3,24.24,0.0,30.0
2015-08-07,30.7,79,22,13.8,19.86,0.0,31.0
2015-08-08,30.6,85,67,13.8,16.24,0.7,31.0
2015-08-09,30.1,85,44,14.4,15.94,4.0,31.0
2015-08-10,30.8,77,18,16.1,20.98,0.2,32.0
2015-08-11,31.3,75,22,10.5,21.38,0.3,32.0
2015-08-12,31.1,71,52,6.1,18.37,0.1,31.0
2015-08-13,31.4,72,32,8.7,21.19,0.0,32.0
2015-08-14,33.3,74,82,12.5,17.47,2.0,33.0
2015-08-15,30.8,78,15,9.2,21.63,0.0,32.0
2015-08-16,31.2,78,69,7.2,21.98,0.0,32.0
2015-08-17,32.0,74,95,9.7,18.72,0.0,31.0
2015-08-18,28.8,82,100,12.4,7.45,1.6,27.0
2015-08-19,24.8,76,99,8.7,9.85,2.7,25.0
2015-08-20,30.0,75,83,6.8,18.29,0.2,29.0
2015-08-21,32.3,75,40,6.9,22.78,0.4,32.0
2015-08-22,33.9,73,7,13.0,23.54,0.8,33.0
2015-08-23,30.9,77,68,10.7,16.39,2.4,30.0
2015-08-24,28.4,72,66,22.0,18.51,1.0,29.0
2015-08-25,28.6,68,15,12.1,21.33,0.0,30.0
2015-08-26,30.1,70,33,6.3,22.09,0.7,31.0
2015-08-27,30.1,73,29,6.7,21.72,4.1,30.0
2015-08-28,31.3,68,44,8.0,21.45,0.1,32.0
2015-08-29,29.7,78,48,9.2,19.31,6.3,30.0
2015-08-30,29.9,78,46,9.0,18.98,2.8,30.0
2015-08-31,25.6,91,85,10.9,9.27,19.0,27.0
2015-09-01,26.1,75,48,13.3,15.25,0.0,27.0
2015-09-02,27.4,68,36,9.4,20.95,0.0,29.0
2015-09-03,29.2,70,77,8.7,19.03,0.0,30.0
2015-09-04,22.1,87,81,8.0,2.78,21.9,23.0
2015-09-05,28.7,81,44,9.4,18.88,0.3,27.0
2015-09-06,23.3,83,68,18.2,7.4,1.6,25.0
2015-09-07,26.8,68,34,8.8,22.13,0.0,28.0
2015-09-08,27.6,65,59,9.7,16.51,0.0,28.0
2015-09-09,28.2,69,53,12.3,16.21,0.0,28.0
2015-09-10,25.6,77,91,11.6,11.15,0.0,26.0
2015-09-11,23.2,81,94,11.6,9.54,3.3,22.0
2015-09-12,24.2,61,15,16.0,22.39,0.0,26.0
2015-09-13,25.4,57,66,9.1,17.56,0.0,24.0
2015-09-14,25.9,56,18,9.5,22.05,0.0,27.0
2015-09-15,25.8,65,8,9.6,18.96,0.0,27.0
2015-09-16,27.0,66,59,8.0,17.6,0.0,28.0
2015-09-17,27.3,66,93,10.7,14.94,0.1,29.0
2015-09-18,29.1,65,90,7.4,17.66,0.0,29.0
2015-09-19,27.7,72,63,9.3,16.61,1.0,28.0
2015-09-20,29.2,65,4,7.4,19.83,0.0,30.0
2015-09-21,29.2,61,54,12.5,19.43,0.0,30.0
2015-09-22,23.5,73,86,8.0,6.5,0.3,22.0
2015-09-23,27.7,69,51,7.9,17.02,0.0,28.0
2015-09-24,25.5,79,96,6.3,9.55,4.6,26.0
2015-09-25,28.1,68,67,10.2,17.58,0.0,29.0
2015-09-26,28.7,66,45,8.4,16.62,0.0,30.0
2015-09-27,28.5,65,76,11.1,13.21,0.0,29.0
2015-09-28,26.4,59,74,18.8,9.99,0.0,25.0
2015-09-29,25.6,63,77,21.3,9.54,0.0,23.0
2015-09-30,22.7,63,91,16.9,8.45,0.0,22.0
2015-10-01,24.2,32,14,37.2,20.54,0.0,24.0
2015-10-02,26.1,37,50,13.8,15.88,0.0,27.0
2015-10-03,27.4,41,85,12.6,15.61,0.0,27.0
2015-10-04,26.4,49,93,14.5,11.84,0.0,25.0
2015-10-05,25.9,63,15,14.1,18.49,0.0,26.0
2015-10-06,25.1,78,76,11.2,10.47,9.3,26.0
2015-10-07,25.1,81,78,12.2,11.47,6.9,24.0
2015-10-08,20.6,67,82,24.5,10.72,0.0,20.0
2015-10-09,23.3,39,9,18.7,19.22,0.0,24.0
2015-10-10,21.9,39,0,18.0,18.66,0.0,22.0
2015-10-11,22.1,39,0,19.4,18.89,0.0,24.0
2015-10-12,24.3,39,0,12.1,18.31,0.0,25.0
2015-10-13,26.0,44,1,12.3,18.01,0.0,26.0
2015-10-14,28.1,51,1,15.0,17.2,0.0,28.0
2015-10-15,26.6,45,0,12.9,17.36,0.0,27.0
2015-10-16,28.0,47,0,11.6,17.33,0.0,28.0
2015-10-17,28.5,52,6,10.8,16.6,0.0,28.0
2015-10-18,26.9,58,37,16.8,15.53,0.0,26.0
2015-10-19,24.9,66,41,12.4,15.4,0.7,24.0
2015-10-20,26.2,59,0,9.7,16.02,0.0,26.0
2015-10-21,25.1,64,3,20.6,15.48,0.0,23.0
2015-10-22,19.9,71,74,15.6,9.27,0.0,14.0
2015-10-23,21.4,71,68,8.9,11.23,0.0,20.0
2015-10-24,22.2,72,64,19.9,10.35,0.4,21.0
2015-10-25,17.0,89,100,20.7,1.08,25.5,16.0
2015-10-26,17.9,67,68,25.0,7.95,3.6,18.0
2015-10-27,19.0,43,26,16.8,16.06,0.0,20.0
2015-10-28,20.4,54,79,10.7,13.35,0.0,20.0
2015-10-29,18.1,49,71,12.3,13.92,0.0,17.0
2015-10-30,15.7,41,62,9.8,12.95,0.0,16.0
2015-10-31,12.8,59,67,9.8,4.84,0.0,13.0
2015-11-01,16.6,59,12,17.6,14.19,0.0,18.0
2015-11-02,19.1,56,0,13.8,14.87,0.0,19.0
2015-11-03,18.9,61,23,15.2,14.05,0.0,19.0
2015-11-04,20.0,70,12,9.3,13.77,0.0,19.0
2015-11-05,15.8,83,85,20.4,2.64,8.6,15.0
2015-11-06,12.0,88,100,28.7,1.11,11.5,10.0
2015-11-07,7.6,72,95,19.7,4.38,1.6,8.0
2015-11-08,12.6,78,55,8.0,11.05,1.8,10.0
2015-11-09,14.4,81,74,8.1,11.32,0.0,9.0
2015-11-10,12.2,82,91,9.7,6.58,2.8,8.0
2015-11-11,11.7,79,96,10.4,5.12,0.0,12.0
2015-11-12,11.0,77,95,10.6,2.87,0.0,12.0
2015-11-13,13.7,78,85,7.1,8.46,0.0,14.0
2015-11-14,15.0,76,91,13.6,6.47,0.0,14.0
2015-11-15,14.3,87,96,9.8,3.24,2.1,13.0
2015-11-16,12.9,83,96,12.8,3.18,0.0,12.0
2015-11-17,10.8,86,89,17.9,3.0,2.7,9.0
2015-11-18,10.6,80,100,16.5,6.43,1.1,7.0
2015-11-19,12.1,80,98,4.9,6.47,0.0,11.0
2015-11-20,12.2,86,100,9.4,3.11,0.6,10.0
2015-11-21,10.4,94,100,18.2,1.55,3.0,10.0
2015-11-22,5.3,91,100,20.8,0.6,5.0,4.0
2015-11-23,2.4,81,98,25.5,2.59,11.0,1.0
2015-11-24,-1.9,89,99,26.0,6.11,14.8,-3.0
2015-11-25,2.1,85,18,24.3,11.75,0.0,6.0
2015-11-26,-5.9,92,84,8.7,9.83,0.0,-3.0
2015-11-27,0.5,91,37,10.6,11.38,0.0,3.0
2015-11-28,-0.4,95,85,7.6,8.87,0.0,0.0
2015-11-29,2.8,97,88,8.0,7.64,0.0,2.0
2015-11-30,3.9,94,99,7.3,3.75,0.0,2.0
2015-12-01,12.7,87,69,12.5,7.53,0.0,9.0
2015-12-02,10.7,40,0,22.5,11.73,0.0,12.0
2015-12-03,8.7,32,0,24.7,11.71,0.0,10.0
2015-12-04,9.0,40,19,16.9,11.75,0.0,11.0
2015-12-05,6.7,64,85,9.0,5.27,0.0,5.0
2015-12-06,9.4,73,7,9.6,10.86,0.0,9.0
2015-12-07,8.7,85,55,8.9,8.46,0.0,6.0
2015-12-08,10.5,82,77,10.0,9.72,0.0,10.0
2015-12-09,10.2,85,78,5.7,7.07,0.0,10.0
2015-12-10,9.6,85,64,13.9,7.33,0.0,7.0
2015-12-11,7.0,65,54,16.3,9.66,0.0,8.0
2015-12-12,6.8,66,59,7.6,8.27,0.0,4.0
2015-12-13,7.8,71,54,6.3,8.73,0.0,6.0
2015-12-14,10.6,59,68,22.2,10.26,0.0,11.0
2015-12-15,8.5,31,59,23.7,10.71,0.0,9.0
2015-12-16,5.1,28,0,22.9,11.3,0.0,6.0
2015-12-17,5.4,48,4,11.5,11.21,0.0,6.0
2015-12-18,8.1,55,38,11.3,10.41,0.0,9.0
2015-12-19,5.8,60,76,7.0,7.51,0.0,5.0
2015-12-20,8.1,64,9,9.8,10.61,0.0,8.0
2015-12-21,8.9,72,50,9.3,8.92,0.2,8.0
2015-12-22,7.7,81,71,6.3,8.04,0.5,6.0
2015-12-23,8.5,80,62,8.1,9.17,0.0,3.0
2015-12-24,10.5,66,70,19.6,8.79,0.0,11.0
2015-12-25,12.9,38,0,19.8,11.17,0.0,15.0
2015-12-26,15.3,42,7,22.7,11.13,0.0,18.0
2015-12-27,2.0,65,73,23.2,3.95,0.0,1.0
2015-12-28,6.3,72,23,9.0,10.75,0.0,5.0
2015-12-29,11.4,69,9,14.3,10.97,0.0,9.0
2015-12-30,11.0,49,0,14.5,11.33,0.0,11.0
2015-12-31,10.6,64,7,15.6,11.1,0.0,10.0
2016-01-01,12.4,65,40,12.4,8.08,0.0,11.0
2016-01-02,16.5,74,0,10.6,11.24,0.0,16.0
2016-01-03,13.3,80,54,10.0,10.69,0.0,12.0
2016-01-04,5.6,78,94,17.7,6.32,0.0,5.0
2016-01-05,3.5,64,98,14.3,3.91,0.0,2.0
2016-01-06,10.1,69,38,10.6,11.13,0.2,10.0
2016-01-07,4.3,76,67,8.8,6.78,0.0,3.0
2016-01-08,6.5,67,7,9.4,11.88,0.0,5.0
2016-01-09,7.5,75,26,10.5,10.82,0.0,3.0
2016-01-10,6.4,85,67,13.0,8.99,0.0,2.0
2016-01-11,0.6,65,97,21.3,5.9,0.0,0.0
2016-01-12,2.0,48,23,9.3,11.58,0.0,1.0
2016-01-13,6.4,39,0,15.9,12.88,0.0,8.0
2016-01-14,7.1,27,4,18.8,13.17,0.0,9.0
2016-01-15,10.2,47,0,13.7,12.83,0.0,11.0
2016-01-16,7.8,75,67,10.4,7.85,0.0,7.0
2016-01-17,4.2,71,21,15.7,12.2,0.0,3.0
2016-01-18,3.8,54,10,17.7,13.1,0.0,5.0
2016-01-19,3.8,36,22,11.4,13.14,0.0,4.0
2016-01-20,4.4,55,81,6.9,9.93,0.0,3.0
2016-01-21,4.6,61,71,10.0,11.92,0.0,4.0
2016-01-22,-0.5,64,92,19.5,5.69,1.0,-2.0
2016-01-23,-1.6,29,13,33.7,13.69,0.0,-2.0
2016-01-24,-1.4,15,0,24.4,14.15,0.0,-1.0
2016-01-25,4.2,18,0,19.8,14.21,0.0,6.0
2016-01-26,6.7,25,24,17.2,13.96,0.0,8.0
2016-01-27,8.0,52,13,12.0,13.45,0.0,9.0
2016-01-28,8.6,58,36,12.5,13.18,0.0,8.0
2016-01-29,6.1,55,47,15.2,13.73,0.0,3.0
2016-01-30,1.2,67,99,15.3,6.21,0.0,-2.0
2016-01-31,0.6,62,87,12.8,9.0,0.1,-2.0
2016-02-01,5.0,60,53,10.2,14.14,0.0,5.0
2016-02-02,7.7,41,8,12.3,14.93,0.0,8.0
2016-02-03,8.6,58,32,10.5,14.65,0.0,9.0
2016-02-04,9.7,59,25,10.4,14.5,0.0,10.0
2016-02-05,8.1,40,8,27.4,15.11,0.0,10.0
2016-02-06,8.3,26,0,16.7,15.42,0.0,10.0
2016-02-07,10.7,33,3,26.9,15.44,0.0,12.0
2016-02-08,18.3,45,0,15.1,15.42,0.0,21.0
2016-02-09,15.2,56,17,11.8,15.54,0.0,16.0
2016-02-10,14.5,72,75,9.7,9.28,0.0,11.0
2016-02-11,11.6,73,96,11.6,4.81,1.1,10.0
2016-02-12,8.6,82,99,15.2,1.98,15.7,7.0
2016-02-13,7.3,78,99,21.8,5.19,4.2,6.0
2016-02-14,4.7,45,81,18.2,12.48,0.0,4.0
2016-02-15,7.1,23,0,23.3,17.06,0.0,7.0
2016-02-16,10.7,23,1,23.5,17.06,0.0,11.0
2016-02-17,13.3,32,17,14.5,16.98,0.0,14.0
2016-02-18,14.4,38,26,13.3,16.91,0.0,15.0
2016-02-19,12.5,34,20,24.0,17.34,0.0,13.0
2016-02-20,7.9,28,0,23.7,17.85,0.0,9.0
2016-02-21,9.4,56,71,11.1,10.23,1.8,6.0
2016-02-22,12.7,70,67,9.8,16.25,0.0,14.0
2016-02-23,8.0,48,86,18.5,14.44,0.0,8.0
2016-02-24,10.8,48,20,9.5,17.72,0.0,11.0
2016-02-25,16.4,55,17,13.7,17.51,0.0,16.0
2016-02-26,16.2,44,0,14.0,18.45,0.0,15.0
2016-02-27,15.0,52,5,16.9,18.31,0.0,15.0
2016-02-28,11.2,49,12,17.5,18.14,0.0,11.0
2016-02-29,11.0,48,0,10.2,18.98,0.0,11.0
2016-03-01,15.2,53,32,9.8,18.36,0.0,14.0
2016-03-02,21.5,48,50,12.6,17.41,0.0,22.0
2016-03-03,23.7,53,0,14.8,19.12,0.0,23.0
2016-03-04,23.2,66,58,17.4,16.76,1.8,22.0
2016-03-05,16.6,32,42,13.8,19.14,0.2,15.0
2016-03-06,18.1,51,44,10.2,13.24,0.6,15.0
2016-03-07,16.1,62,70,22.4,11.11,2.4,15.0
2016-03-08,8.6,43,88,25.6,10.83,2.9,11.0
2016-03-09,7.0,31,85,17.2,14.31,0.0,6.0
2016-03-10,9.3,39,21,10.9,20.07,0.0,10.0
2016-03-11,12.6,28,14,12.6,21.5,0.0,14.0
2016-03-12,14.1,59,64,15.1,15.56,0.0,11.0
2016-03-13,14.2,51,33,21.6,20.84,0.0,14.0
2016-03-14,15.4,34,24,16.1,21.12,0.0,15.0
2016-03-15,15.2,54,66,10.2,13.5,0.0,15.0
2016-03-16,17.9,63,79,10.9,18.44,0.0,17.0
2016-03-17,20.6,57,89,12.4,17.43,0.0,19.0
2016-03-18,23.3,58,32,9.6,20.54,0.0,22.0
2016-03-19,22.9,59,15,16.6,20.17,0.0,22.0
2016-03-20,20.5,56,32,21.3,18.13,0.0,18.0
2016-03-21,19.4,43,39,14.0,21.48,0.0,18.0
2016-03-22,19.6,41,73,15.2,15.94,0.0,18.0
2016-03-23,16.5,32,92,22.4,19.83,0.0,15.0
2016-03-24,14.9,34,96,9.2,18.48,0.0,14.0
2016-03-25,12.8,51,76,8.7,12.03,1.6,12.0
2016-03-26,16.5,48,31,12.3,20.71,0.1,17.0
2016-03-27,20.9,33,1,15.8,23.73,0.0,21.0
2016-03-28,24.8,35,59,18.4,21.96,0.0,22.0
2016-03-29,22.4,32,99,19.3,15.77,0.0,21.0
2016-03-30,23.8,44,83,16.3,17.8,0.0,22.0
2016-03-31,25.0,49,13,28.2,22.66,0.0,23.0
2016-04-01,28.2,57,68,21.8,22.15,0.0,25.0
2016-04-02,20.3,55,81,33.0,15.98,1.3,18.0
2016-04-03,15.5,50,76,23.7,8.46,4.7,17.0
2016-04-04,17.0,50,75,11.2,11.42,0.3,16.0
2016-04-05,20.7,80,89,11.5,13.81,1.3,17.0
2016-04-06,14.8,93,100,11.8,2.49,6.1,15.0
2016-04-07,25.8,56,52,14.5,23.37,0.0,25.0
2016-04-08,24.2,56,60,17.7,21.19,0.0,24.0
2016-04-09,27.9,51,86,10.7,22.86,0.0,29.0
2016-04-10,24.3,57,74,21.0,23.9,0.0,21.0
2016-04-11,23.4,50,71,18.8,22.16,0.0,18.0
2016-04-12,27.1,58,88,12.1,21.35,0.1,26.0
2016-04-13,28.2,37,55,14.8,23.74,0.0,29.0
2016-04-14,26.7,45,90,13.0,18.86,0.0,25.0
2016-04-15,27.0,63,60,18.6,20.04,2.4,25.0
2016-04-16,19.2,70,68,19.6,12.83,14.3,19.0
2016-04-17,21.9,54,79,16.6,17.56,0.0,22.0
2016-04-18,23.3,50,1,15.3,25.63,0.0,22.0
2016-04-19,24.8,62,62,19.1,19.74,0.0,23.0
2016-04-20,20.5,73,90,14.7,8.04,0.0,20.0
2016-04-21,29.9,58,41,15.1,25.26,0.0,29.0
2016-04-22,27.1,49,73,21.7,24.52,0.0,27.0
2016-04-23,22.2,74,88,14.7,14.33,7.3,21.0
2016-04-24,23.4,72,85,16.9,18.84,0.0,22.0
2016-04-25,21.2,69,83,12.3,11.84,0.0,20.0
2016-04-26,21.7,75,89,15.1,14.46,2.0,21.0
2016-04-27,21.4,65,74,6.5,18.68,1.1,22.0
2016-04-28,21.3,68,35,8.9,18.58,0.0,21.0
2016-04-29,28.0,63,5,18.3,25.93,0.0,27.0
2016-04-30,32.7,59,29,19.7,25.89,0.0,32.0
2016-05-01,30.3,56,66,20.8,23.67,0.0,29.0
2016-05-02,27.9,57,63,28.5,18.36,0.0,26.0
2016-05-03,26.9,30,0,20.8,27.72,0.0,28.0
2016-05-04,31.1,50,12,19.4,25.82,0.0,30.0
2016-05-05,32.2,66,67,17.9,19.16,0.0,31.0
2016-05-06,27.1,44,40,28.1,23.51,0.0,26.0
2016-05-07,25.0,30,100,16.1,14.27,0.0,24.0
2016-05-08,16.4,67,99,14.2,3.64,2.2,16.0
2016-05-09,21.8,67,99,10.1,9.66,0.0,17.0
2016-05-10,26.9,68,25,13.5,26.21,0.0,25.0
2016-05-11,31.5,64,17,25.7,26.19,0.0,30.0
2016-05-12,30.5,52,95,27.0,15.97,0.4,29.0
2016-05-13,23.1,47,97,16.3,19.21,0.4,20.0
2016-05-14,17.9,83,98,13.9,2.5,16.6,17.0
2016-05-15,24.5,47,56,24.2,25.38,0.4,25.0
2016-05-16,28.3,39,0,13.3,28.24,0.0,28.0
2016-05-17,27.5,44,92,19.5,25.14,0.0,27.0
2016-05-18,27.8,54,68,13.8,22.83,0.0,28.0
2016-05-19,27.7,53,85,13.1,20.02,0.0,27.0
2016-05-20,24.5,57,100,13.6,12.15,0.0,25.0
2016-05-21,26.8,59,67,15.8,13.27,0.0,28.0
2016-05-22,27.1,54,83,10.5,22.92,0.0,27.0
2016-05-23,26.6,50,94,16.5,13.95,0.0,26.0
2016-05-24,29.6,35,20,15.0,28.3,0.0,30.0
2016-05-25,30.3,46,47,20.2,23.66,0.0,30.0
2016-05-26,25.7,38,94,16.5,7.87,0.0,26.0
2016-05-27,20.2,75,96,9.3,2.09,6.9,20.0
2016-05-28,26.5,63,34,7.6,23.79,0.0,25.0
2016-05-29,30.6,56,9,11.0,28.01,0.0,30.0
2016-05-30,31.2,62,48,13.8,23.9,0.0,31.0
2016-05-31,29.4,77,78,17.3,11.69,13.9,26.0
2016-06-01,27.2,61,88,19.8,17.33,0.5,27.0
2016-06-02,23.8,75,100,7.2,8.79,9.7,24.0
2016-06-03,25.3,70,65,8.9,13.29,0.1,26.0
2016-06-04,29.9,65,33,15.5,25.41,0.0,30.0
2016-06-05,24.8,87,97,15.0,7.56,40.7,23.0
2016-06-06,25.8,82,81,10.2,13.18,13.6,27.0
2016-06-07,27.4,83,95,9.2,15.74,7.3,27.0
2016-06-08,27.9,81,62,7.4,23.33,1.0,28.0
2016-06-09,29.9,70,61,15.9,26.44,0.0,30.0
2016-06-10,31.7,70,77,13.8,24.92,0.0,32.0
2016-06-11,29.5,75,97,20.3,15.26,0.8,29.0
2016-06-12,28.7,67,60,9.2,21.37,3.5,30.0
2016-06-13,32.4,73,24,18.4,24.56,0.0,34.0
2016-06-14,34.9,61,49,16.8,25.23,1.4,34.0
2016-06-15,27.2,54,78,18.6,20.38,0.0,28.0
2016-06-16,33.7,50,1,17.2,28.8,0.0,34.0
2016-06-17,34.4,46,23,24.1,28.56,0.0,35.0
2016-06-18,33.9,57,12,17.7,27.49,0.0,34.0
2016-06-19,33.6,68,53,15.8,22.2,0.1,35.0
2016-06-20,34.3,68,22,12.0,24.28,0.0,34.0
2016-06-21,35.3,68,43,9.7,24.4,0.0,35.0
2016-06-22,37.3,63,23,13.8,25.29,0.4,37.0
2016-06-23,28.9,85,94,24.8,4.76,60.1,29.0
2016-06-24,30.1,67,72,10.1,27.05,0.0,31.0
2016-06-25,31.0,60,39,13.0,28.58,0.0,33.0
2016-06-26,30.1,67,66,15.9,19.72,0.0,32.0
2016-06-27,30.3,63,30,17.2,27.99,0.0,30.0
2016-06-28,32.0,66,26,20.9,26.32,0.0,33.0
2016-06-29,33.7,67,8,18.8,27.8,0.0,34.0
2016-06-30,32.8,76,96,18.0,12.69,0.0,31.0
2016-07-01,31.2,79,45,12.5,18.21,0.3,31.0
2016-07-02,32.4,72,22,14.6,24.35,0.0,32.0
2016-07-03,31.2,69,75,11.2,21.14,0.0,31.0
2016-07-04,29.7,71,60,12.4,16.76,0.1,30.0
2016-07-05,30.5,66,15,9.0,24.2,0.0,31.0
2016-07-06,30.2,67,49,15.5,18.41,0.0,31.0
2016-07-07,30.3,80,83,12.5,14.84,1.7,31.0
2016-07-08,31.9,75,84,13.4,17.64,0.5,32.0
2016-07-09,31.9,74,83,14.6,15.07,1.3,31.0
2016-07-10,31.6,72,63,11.2,16.37,1.2,31.0
2016-07-11,33.0,69,63,8.5,20.39,0.0,34.0
2016-07-12,35.6,67,60,17.2,20.48,0.2,36.0
2016-07-13,32.2,67,81,19.5,21.81,0.0,32.0
2016-07-14,26.8,88,99,15.9,4.92,25.4,28.0
2016-07-15,26.5,82,86,18.9,12.0,13.4,24.0
2016-07-16,28.8,82,59,13.1,13.5,0.2,28.0
2016-07-17,30.1,84,48,12.0,17.98,2.1,31.0
2016-07-18,30.8,83,100,13.7,16.15,1.7,32.0
2016-07-19,25.6,97,99,14.0,2.42,46.5,28.0
2016-07-20,30.0,82,79,13.4,11.57,1.0,29.0
2016-07-21,32.5,79,45,15.6,18.03,0.0,32.0
2016-07-22,34.6,79,7,12.0,24.45,0.0,34.0
2016-07-23,34.1,77,28,14.5,21.89,0.0,34.0
2016-07-24,34.1,76,16,18.7,21.83,0.0,35.0
2016-07-25,35.6,73,9,15.3,23.15,0.0,35.0
2016-07-26,34.9,64,13,10.3,24.66,0.0,37.0
2016-07-27,32.2,72,65,12.0,13.65,5.0,33.0
2016-07-28,36.2,70,5,10.9,26.0,0.0,37.0
2016-07-29,36.2,75,5,11.4,25.4,0.0,37.0
2016-07-30,34.7,80,25,10.8,19.33,2.7,37.0
2016-07-31,35.1,80,29,11.5,22.56,1.7,34.0
2016-08-01,33.3,84,91,12.6,15.77,5.7,34.0
2016-08-02,31.3,82,71,16.1,14.42,2.0,32.0
2016-08-03,31.3,76,36,13.2,21.05,0.7,32.0
2016-08-04,30.0,85,66,10.1,16.49,12.3,30.0
2016-08-05,30.5,86,73,9.8,14.46,4.2,32.0
2016-08-06,29.1,87,86,9.9,12.13,11.7,29.0
2016-08-07,30.3,88,74,16.9,15.09,6.7,31.0
2016-08-08,28.5,81,62,21.7,12.23,0.6,28.0
2016-08-09,29.9,80,58,8.9,14.29,0.5,29.0
2016-08-10,31.8,82,35,9.4,17.85,0.4,32.0
2016-08-11,32.8,85,38,8.4,17.56,1.3,34.0
2016-08-12,34.1,80,25,10.9,20.12,0.0,35.0
2016-08-13,33.8,81,91,11.7,18.58,0.2,36.0
2016-08-14,33.1,84,89,12.7,15.57,3.6,36.0
2016-08-15,32.5,80,88,19.4,16.84,0.0,29.0
2016-08-16,29.8,77,96,14.8,12.69,0.0,26.0
2016-08-17,31.8,79,90,9.4,14.01,0.3,30.0
2016-08-18,34.1,77,98,12.3,19.42,0.0,35.0
2016-08-19,31.0,80,98,19.5,11.96,2.8,31.0
2016-08-20,30.4,73,54,18.4,19.04,1.5,31.0
2016-08-21,31.1,70,60,17.4,22.51,0.0,32.0
2016-08-22,30.7,77,98,12.9,10.89,4.4,31.0
2016-08-23,32.0,84,95,7.9,15.22,1.0,32.0
2016-08-24,34.1,80,76,12.2,18.99,0.2,34.0
2016-08-25,30.7,83,97,30.5,7.01,14.6,33.0
2016-08-26,25.9,57,54,23.7,17.96,0.0,27.0
2016-08-27,28.2,64,23,11.4,22.97,0.0,29.0
2016-08-28,30.6,61,2,14.6,24.3,0.0,32.0
2016-08-29,29.2,58,57,10.3,23.37,0.0,30.0
2016-08-30,30.3,53,23,8.5,21.45,0.0,30.0
2016-08-31,33.2,48,12,13.0,22.47,0.0,34.0
2016-09-01,33.7,38,0,18.4,23.94,0.0,34.0
2016-09-02,35.3,39,13,11.5,24.14,0.0,36.0
2016-09-03,32.7,53,94,11.9,14.71,0.0,31.0
2016-09-04,34.6,57,40,11.3,21.45,0.0,33.0
2016-09-05,34.1,47,81,9.4,20.33,0.0,33.0
2016-09-06,33.8,52,95,11.9,15.83,0.3,30.0
2016-09-07,30.6,60,32,13.6,21.32,1.9,31.0
2016-09-08,34.1,48,31,10.1,22.85,0.0,35.0
2016-09-09,35.1,41,72,10.8,18.84,0.0,35.0
2016-09-10,32.8,39,29,11.8,21.16,0.0,33.0
2016-09-11,33.1,51,11,15.0,19.81,0.0,33.0
2016-09-12,30.6,64,65,18.4,19.11,0.6,29.0
2016-09-13,27.9,69,81,14.2,14.44,0.0,25.0
2016-09-14,30.8,70,61,11.6,17.9,1.0,30.0
2016-09-15,31.2,64,68,10.8,17.08,0.0,30.0
2016-09-16,30.6,62,11,12.0,18.86,0.0,30.0
2016-09-17,31.6,62,25,13.6,18.95,0.0,30.0
2016-09-18,29.0,65,58,23.0,17.55,0.0,28.0
2016-09-19,26.3,57,81,18.7,14.79,0.0,25.0
2016-09-20,26.9,51,52,7.9,19.63,0.0,27.0
2016-09-21,29.7,41,22,9.4,20.84,0.0,29.0
2016-09-22,31.1,41,13,13.4,20.51,0.0,30.0
2016-09-23,32.6,38,64,12.2,20.01,0.0,33.0
2016-09-24,30.6,45,96,10.7,11.06,0.0,27.0
2016-09-25,24.7,67,92,7.4,3.88,1.1,22.0
2016-09-26,25.2,81,100,11.8,4.74,15.4,21.0
2016-09-27,26.1,79,99,22.7,7.62,3.2,23.0
2016-09-28,20.7,46,57,25.8,12.2,0.0,19.0
2016-09-29,22.1,47,15,15.4,19.72,0.0,22.0
2016-09-30,24.3,52,46,8.9,14.73,0.0,24.0
2016-10-01,25.6,71,63,7.6,14.23,6.2,24.0
2016-10-02,27.8,81,31,8.5,14.4,1.7,29.0
2016-10-03,30.8,72,0,15.5,18.82,0.0,30.0
2016-10-04,29.5,71,1,11.8,18.64,0.0,30.0
2016-10-05,26.6,50,32,19.7,16.24,0.0,25.0
2016-10-06,22.4,65,98,13.0,3.79,0.7,22.0
2016-10-07,24.6,74,80,12.5,9.32,0.7,20.0
2016-10-08,21.0,57,76,10.0,10.16,0.0,21.0
2016-10-09,17.8,44,82,9.4,7.37,0.0,17.0
2016-10-10,20.0,55,99,9.4,10.18,0.0,19.0
2016-10-11,21.9,55,94,10.4,13.86,0.0,19.0
2016-10-12,20.2,64,96,5.7,5.26,0.0,20.0
2016-10-13,20.7,67,85,15.6,9.74,0.0,21.0
2016-10-14,20.3,69,83,11.9,8.86,0.0,19.0
2016-10-15,16.3,91,100,9.1,1.29,6.4,15.0
2016-10-16,23.9,71,79,10.4,13.38,0.0,24.0
2016-10-17,25.4,68,28,9.7,16.03,0.0,25.0
2016-10-18,23.3,70,50,9.4,12.99,0.0,23.0
2016-10-19,25.0,74,31,9.2,13.49,0.0,25.0
2016-10-20,20.4,91,95,15.6,2.59,10.2,20.0
2016-10-21,17.0,88,100,17.1,1.77,5.1,17.0
2016-10-22,17.3,80,97,26.3,4.86,0.0,16.0
2016-10-23,10.4,85,100,23.0,1.26,19.1,11.0
2016-10-24,10.7,84,90,12.4,1.53,10.2,11.0
2016-10-25,18.7,81,36,7.3,14.47,2.9,16.0
2016-10-26,15.6,89,94,15.3,3.24,8.0,14.0
2016-10-27,13.3,94,100,19.6,0.8,14.8,13.0
2016-10-28,13.1,74,97,16.3,3.86,0.0,12.0
2016-10-29,15.1,62,73,11.5,9.95,0.0,15.0
2016-10-30,15.4,68,57,17.0,12.19,0.6,14.0
2016-10-31,11.0,57,60,25.8,10.21,0.0,11.0
2016-11-01,10.4,71,57,8.4,8.57,0.0,8.0
2016-11-02,17.2,78,31,9.7,14.04,0.0,14.0
2016-11-03,20.2,80,6,13.5,14.19,0.0,18.0
2016-11-04,22.2,79,0,12.5,14.02,0.0,20.0
2016-11-05,23.7,80,1,16.9,13.94,0.0,25.0
2016-11-06,15.1,76,96,25.1,2.43,0.0,13.0
2016-11-07,10.7,87,91,14.5,2.02,16.6,10.0
2016-11-08,11.7,65,76,11.0,11.25,0.0,12.0
2016-11-09,10.3,68,90,11.6,7.25,0.0,9.0
2016-11-10,17.7,63,0,20.6,13.36,0.0,18.0
2016-11-11,18.6,76,29,17.1,12.54,0.0,17.0
2016-11-12,17.3,81,59,12.1,12.42,0.0,16.0
2016-11-13,18.5,83,34,9.3,12.44,0.0,17.0
2016-11-14,19.5,77,46,17.3,11.76,0.0,18.0
2016-11-15,14.8,60,50,9.1,9.1,0.0,14.0
2016-11-16,16.3,77,85,8.0,6.8,0.0,15.0
2016-11-17,14.8,87,78,10.7,6.02,3.2,13.0
2016-11-18,16.8,84,94,8.5,6.61,0.2,15.0
2016-11-19,17.1,82,47,15.7,8.63,0.0,17.0
2016-11-20,12.7,88,98,7.4,2.04,0.1,12.0
2016-11-21,12.1,85,100,29.2,1.09,2.3,10.0
2016-11-22,0.2,58,99,26.4,3.48,7.8,0.0
2016-11-23,1.9,75,53,10.0,10.44,0.0,1.0
2016-11-24,1.6,73,48,11.0,10.18,0.0,2.0
2016-11-25,6.4,70,63,9.8,11.58,0.0,3.0
2016-11-26,11.3,55,37,19.6,12.04,0.0,12.0
2016-11-27,13.7,58,11,12.1,11.79,0.0,14.0
2016-11-28,9.9,65,66,8.6,10.34,0.0,10.0
2016-11-29,9.2,79,91,5.7,5.09,0.5,9.0
2016-11-30,14.5,65,21,18.4,11.46,0.0,16.0
2016-12-01,13.2,58,15,12.0,11.33,0.0,13.0
2016-12-02,13.2,74,70,9.1,10.82,0.0,14.0
2016-12-03,15.3,72,80,13.0,10.24,0.0,15.0
2016-12-04,18.2,55,0,13.9,11.3,0.0,21.0
2016-12-05,11.4,77,17,18.3,9.89,0.0,10.0
2016-12-06,12.2,69,0,19.8,11.19,0.0,12.0
2016-12-07,13.7,47,9,17.1,11.08,0.0,14.0
2016-12-08,18.0,57,14,12.3,10.75,0.0,20.0
2016-12-09,8.9,50,40,16.3,10.5,0.0,8.0
2016-12-10,8.7,65,41,9.5,10.52,0.0,9.0
2016-12-11,6.3,80,99,9.8,2.74,0.1,4.0
2016-12-12,10.0,79,85,10.9,5.84,0.0,9.0
2016-12-13,6.0,74,95,18.8,5.26,0.0,6.0
2016-12-14,6.1,65,48,8.3,8.5,0.0,4.0
2016-12-15,10.7,67,0,11.8,10.77,0.0,12.0
2016-12-16,10.9,64,0,17.6,10.95,0.0,11.0
2016-12-17,12.8,71,38,13.5,10.32,0.0,11.0
2016-12-18,11.8,83,19,8.7,10.27,0.0,9.0
2016-12-19,11.8,83,51,8.1,9.52,0.0,7.0
2016-12-20,6.7,84,97,13.9,2.2,3.8,7.0
2016-12-21,7.2,90,90,16.8,2.03,16.3,7.0
2016-12-22,11.6,46,0,20.1,11.03,0.0,13.0
2016-12-23,9.0,62,55,10.8,10.63,0.0,7.0
2016-12-24,6.9,63,90,12.7,6.96,0.0,4.0
2016-12-25,3.4,85,100,13.4,2.28,4.4,3.0
2016-12-26,5.3,88,79,13.8,3.95,1.4,3.0
2016-12-27,6.1,67,3,13.9,11.22,0.0,6.0
2016-12-28,5.9,79,22,10.3,9.79,0.0,4.0
2016-12-29,3.6,69,40,9.3,10.06,0.0,3.0
2016-12-30,6.9,78,25,9.6,10.73,0.0,5.0
2016-12-31,12.3,79,19,9.7,10.46,0.0,10.0
2017-01-01,7.6,92,50,8.7,3.14,0.8,6.0
2017-01-02,9.7,79,36,12.5,10.94,0.0,10.0
2017-01-03,11.1,85,42,12.0,10.1,0.0,8.0
2017-01-04,5.3,98,100,12.7,2.99,1.2,3.0
2017-01-05,3.4,90,100,18.1,1.77,2.0,2.0
2017-01-06,3.5,93,100,12.8,1.71,5.4,4.0
2017-01-07,7.1,90,93,13.0,5.02,3.5,7.0
2017-01-08,9.6,71,40,9.8,10.08,0.0,10.0
2017-01-09,8.2,78,44,10.4,9.68,0.0,2.0
2017-01-10,4.9,84,90,18.3,7.14,0.0,4.0
2017-01-11,9.2,65,57,12.4,10.21,0.0,9.0
2017-01-12,10.4,38,25,16.8,11.83,0.0,12.0
2017-01-13,9.1,44,2,19.1,12.33,0.0,11.0
2017-01-14,6.2,53,15,9.8,12.25,0.0,6.0
2017-01-15,4.2,56,50,9.0,9.81,0.0,5.0
2017-01-16,6.4,70,51,9.0,11.73,0.0,6.0
2017-01-17,7.4,74,81,9.5,10.68,0.0,6.0
2017-01-18,6.1,74,82,9.8,7.47,0.0,5.0
2017-01-19,6.5,49,27,34.9,12.99,0.0,8.0
2017-01-20,2.9,34,56,14.1,12.93,0.0,3.0
2017-01-21,8.7,41,0,28.1,13.32,0.0,10.0
2017-01-22,6.2,57,0,11.3,13.22,0.0,7.0
2017-01-23,8.0,70,4,11.6,13.09,0.0,8.0
2017-01-24,5.3,73,81,12.4,10.14,0.0,4.0
2017-01-25,9.1,69,0,13.7,13.17,0.0,9.0
2017-01-26,13.7,55,30,23.2,12.87,0.0,14.0
2017-01-27,8.7,48,29,15.2,13.48,0.0,8.0
2017-01-28,4.3,76,92,10.2,1.55,1.5,5.0
2017-01-29,6.4,70,74,19.9,8.57,0.8,5.0
2017-01-30,1.6,39,26,15.1,13.73,0.0,1.0
2017-01-31,3.8,56,87,15.2,10.08,0.0,1.0
2017-02-01,5.6,67,27,15.8,13.57,0.0,5.0
2017-02-02,4.2,58,68,11.7,6.06,0.0,3.0
2017-02-03,7.8,76,30,11.2,13.73,0.0,7.0
2017-02-04,12.4,80,19,13.0,13.89,0.0,10.0
2017-02-05,10.1,78,55,11.4,12.52,0.0,8.0
2017-02-06,9.6,58,90,20.3,11.53,0.0,7.0
2017-02-07,3.6,62,99,14.4,5.26,0.5,2.0
2017-02-08,5.2,74,95,15.6,8.99,1.6,1.0
2017-02-09,5.8,57,22,16.9,14.89,0.0,6.0
2017-02-10,7.3,31,11,17.7,15.97,0.0,9.0
2017-02-11,11.7,42,17,10.8,15.88,0.0,13.0
2017-02-12,13.3,58,0,11.6,15.8,0.0,14.0
2017-02-13,15.0,71,16,9.8,15.75,0.0,16.0
2017-02-14,15.2,69,74,10.1,12.23,0.0,16.0
2017-02-15,16.8,61,56,23.0,15.19,0.0,17.0
2017-02-16,20.4,65,14,29.2,15.89,0.0,20.0
2017-02-17,8.9,46,75,23.7,13.16,0.0,8.0
2017-02-18,15.9,55,15,20.3,16.67,0.0,16.0
2017-02-19,20.5,65,11,27.9,16.24,0.0,20.0
2017-02-20,11.2,25,70,31.3,15.31,0.0,11.0
2017-02-21,3.4,65,95,21.7,2.33,14.5,4.0
2017-02-22,9.5,63,57,17.5,14.1,0.0,10.0
2017-02-23,9.4,57,82,14.0,15.75,0.0,9.0
2017-02-24,12.1,52,42,11.4,18.0,0.0,14.0
2017-02-25,13.2,40,64,14.3,17.82,0.0,14.0
2017-02-26,14.8,47,16,11.4,17.95,0.0,16.0
2017-02-27,17.0,51,15,18.4,18.21,0.0,18.0
2017-02-28,18.6,61,68,25.4,13.84,1.0,18.0
2017-03-01,11.9,33,6,39.6,18.88,0.0,13.0
2017-03-02,13.5,35,18,16.5,19.08,0.0,14.0
2017-03-03,19.0,47,44,15.7,18.57,0.0,19.0
2017-03-04,17.9,60,92,10.8,16.2,0.0,18.0
2017-03-05,12.5,56,67,24.3,15.03,0.0,11.0
2017-03-06,15.2,41,52,16.1,18.96,0.0,13.0
2017-03-07,11.1,32,49,24.5,19.15,0.0,12.0
2017-03-08,14.7,39,0,18.5,20.08,0.0,16.0
2017-03-09,17.9,30,18,15.3,19.94,0.0,18.0
2017-03-10,18.2,51,81,10.7,15.64,0.0,18.0
2017-03-11,19.9,53,90,11.6,11.0,0.0,19.0
2017-03-12,14.0,42,88,30.8,13.13,0.0,14.0
2017-03-13,9.6,25,92,21.7,8.9,0.0,9.0
2017-03-14,13.8,30,38,9.5,20.87,0.0,14.0
2017-03-15,12.1,48,74,14.3,10.39,0.1,12.0
2017-03-16,13.3,60,58,16.6,15.74,0.0,14.0
2017-03-17,15.3,63,72,14.4,12.89,0.0,15.0
2017-03-18,17.4,64,44,13.7,16.42,0.0,17.0
2017-03-19,12.9,69,91,12.8,6.31,2.2,12.0
2017-03-20,12.9,72,91,13.0,7.77,0.0,13.0
2017-03-21,15.1,64,63,12.6,15.85,0.0,15.0
2017-03-22,10.3,77,89,13.9,5.82,3.4,10.0
2017-03-23,9.5,78,79,12.9,7.28,0.7,9.0
2017-03-24,16.9,56,95,25.5,17.16,0.0,15.0
2017-03-25,18.3,29,47,28.8,22.01,0.0,17.0
2017-03-26,16.9,29,8,26.1,23.21,0.0,19.0
2017-03-27,20.7,46,1,13.9,22.55,0.0,21.0
2017-03-28,17.0,57,37,25.0,22.58,0.0,16.0
2017-03-29,18.3,58,70,12.6,20.74,0.0,16.0
2017-03-30,12.8,87,79,11.2,4.19,8.1,12.0
2017-03-31,14.4,79,75,12.7,12.18,1.2,14.0
2017-04-01,19.9,54,0,14.7,23.94,0.0,21.0
2017-04-02,24.3,44,45,15.0,23.81,0.0,25.0
2017-04-03,23.5,57,100,15.4,15.83,0.0,23.0
2017-04-04,16.2,86,89,12.2,2.96,7.0,18.0
2017-04-05,18.2,81,90,9.4,10.86,0.2,18.0
2017-04-06,20.1,77,76,10.8,15.37,0.0,21.0
2017-04-07,20.5,77,92,9.7,12.57,0.6,21.0
2017-04-08,18.6,92,91,29.3,4.82,2.8,17.0
2017-04-09,12.4,58,98,22.1,4.46,2.2,13.0
2017-04-10,10.8,71,74,19.1,5.56,3.5,12.0
2017-04-11,19.8,69,80,22.9,19.36,0.0,20.0
2017-04-12,22.6,59,46,18.9,23.45,0.0,23.0
2017-04-13,24.3,61,35,23.4,20.28,0.8,25.0
2017-04-14,26.3,68,34,19.9,21.88,0.0,26.0
2017-04-15,28.6,70,55,9.6,21.63,0.2,29.0
2017-04-16,20.1,74,87,24.0,9.65,9.2,21.0
2017-04-17,26.9,43,21,24.3,25.81,0.0,28.0
2017-04-18,26.9,37,0,19.1,25.93,0.0,29.0
2017-04-19,27.7,55,54,30.6,19.54,0.0,28.0
2017-04-20,24.6,36,84,18.1,23.54,0.0,24.0
2017-04-21,21.5,28,70,24.2,23.82,0.0,22.0
2017-04-22,24.2,39,0,18.2,26.74,0.0,25.0
2017-04-23,27.9,45,6,23.4,25.36,0.4,27.0
2017-04-24,26.8,55,76,22.7,22.13,0.0,25.0
2017-04-25,18.6,47,96,28.1,11.86,0.2,20.0
2017-04-26,20.7,35,93,18.6,22.79,0.0,20.0
2017-04-27,24.0,33,10,15.4,27.02,0.0,25.0
2017-04-28,29.1,22,0,22.1,27.67,0.0,31.0
2017-04-29,31.9,25,0,20.9,27.03,0.0,32.0
2017-04-30,32.9,43,50,19.3,25.17,0.0,33.0
2017-05-01,28.3,45,58,18.7,23.05,0.0,28.0
2017-05-02,28.0,54,34,20.6,26.38,0.0,27.0
2017-05-03,18.7,80,96,16.2,2.14,17.7,19.0
2017-05-04,25.0,64,17,14.9,26.68,0.0,25.0
2017-05-05,25.7,45,78,24.0,19.88,0.0,25.0
2017-05-06,25.7,30,86,15.9,24.68,0.0,27.0
2017-05-07,27.8,47,55,17.7,26.2,0.0,29.0
2017-05-08,24.1,62,44,16.2,24.26,0.2,20.0
2017-05-09,29.0,62,27,20.4,27.13,0.0,29.0
2017-05-10,33.3,42,56,20.5,25.66,0.0,34.0
2017-05-11,31.7,42,98,31.4,15.16,0.0,31.0
2017-05-12,32.5,48,6,22.9,27.72,0.0,32.0
2017-05-13,30.3,42,55,22.6,27.22,0.0,32.0
2017-05-14,26.8,41,100,14.3,16.86,0.0,26.0
2017-05-15,22.0,59,77,21.5,13.35,1.2,21.0
2017-05-16,30.4,53,4,20.3,27.15,0.0,29.0
2017-05-17,35.4,46,14,19.0,26.95,0.0,35.0
2017-05-18,33.9,49,59,21.7,25.48,0.0,34.0
2017-05-19,30.3,57,70,17.3,20.53,1.6,32.0
2017-05-20,29.6,63,39,14.5,21.27,0.3,31.0
2017-05-21,31.2,57,66,13.5,22.49,0.2,32.0
2017-05-22,32.3,56,63,35.5,21.63,11.8,32.0
2017-05-23,25.1,58,35,31.1,27.35,7.7,25.0
2017-05-24,29.0,44,95,9.2,25.21,0.0,31.0
2017-05-25,32.9,37,26,17.0,28.34,0.0,34.0
2017-05-26,32.9,42,0,14.2,28.55,0.0,33.0
2017-05-27,36.1,30,1,20.6,28.94,0.0,38.0
2017-05-28,37.2,35,24,22.2,28.68,0.0,38.0
2017-05-29,35.2,39,93,19.3,22.52,0.0,35.0
2017-05-30,33.2,43,61,16.8,21.68,0.0,33.0
2017-05-31,34.5,54,60,9.2,26.49,0.0,35.0
2017-06-01,34.7,45,53,19.6,27.95,0.0,35.0
2017-06-02,36.7,43,41,13.2,26.95,0.0,38.0
2017-06-03,25.7,56,97,27.9,16.43,0.0,26.0
2017-06-04,26.5,56,100,12.9,11.94,2.8,25.0
2017-06-05,16.9,90,100,17.1,2.64,25.0,17.0
2017-06-06,24.4,70,86,15.0,15.47,0.0,25.0
2017-06-07,30.3,64,19,10.5,28.07,0.0,31.0
2017-06-08,25.8,73,73,14.2,11.02,2.8,25.0
2017-06-09,29.9,72,95,10.7,18.67,0.5,30.0
2017-06-10,29.3,66,62,12.4,16.58,2.1,28.0
2017-06-11,30.1,64,79,11.7,22.71,0.0,30.0
2017-06-12,30.3,71,68,13.6,21.24,0.5,32.0
2017-06-13,29.2,71,63,14.8,18.98,1.2,29.0
2017-06-14,29.6,58,91,14.1,24.92,0.0,30.0
2017-06-15,31.5,55,46,17.5,27.82,0.0,31.0
2017-06-16,31.7,53,9,15.6,29.29,0.0,32.0
2017-06-17,32.8,47,44,14.0,29.42,0.0,32.0
2017-06-18,32.4,52,72,14.8,26.56,0.0,32.0
2017-06-19,33.3,52,94,15.5,25.43,0.0,33.0
2017-06-20,35.8,54,77,14.1,24.4,0.6,35.0
2017-06-21,32.2,67,65,15.2,21.03,6.3,32.0
2017-06-22,29.8,77,58,14.0,18.6,10.4,30.0
2017-06-23,30.5,77,69,8.4,20.3,9.6,30.0
2017-06-24,29.1,70,60,14.9,21.16,0.4,30.0
2017-06-25,31.0,60,55,11.2,23.96,1.3,34.0
2017-06-26,32.3,59,15,11.2,25.84,0.2,33.0
2017-06-27,33.8,55,13,12.6,26.4,0.0,34.0
2017-06-28,34.7,53,25,14.8,27.42,0.0,35.0
2017-06-29,34.1,54,62,16.9,24.46,0.5,34.0
2017-06-30,33.4,61,72,16.3,22.05,1.3,34.0
2017-07-01,33.9,58,48,11.2,25.29,0.0,34.0
2017-07-02,35.4,47,5,9.4,28.03,0.0,35.0
2017-07-03,37.1,49,4,13.0,28.56,0.0,36.0
2017-07-04,37.4,51,30,12.4,25.9,0.2,37.0
2017-07-05,34.0,65,97,12.0,17.74,0.9,32.0
2017-07-06,28.8,85,96,14.5,8.6,21.4,28.0
2017-07-07,33.8,72,16,20.4,28.98,0.0,35.0
2017-07-08,33.8,73,83,19.7,26.33,0.0,35.0
2017-07-09,31.8,79,77,20.1,18.22,0.0,31.0
2017-07-10,34.0,75,12,15.9,28.39,0.0,35.0
2017-07-11,34.4,71,12,24.2,28.41,0.0,35.0
2017-07-12,35.3,72,28,20.9,22.05,0.0,33.0
2017-07-13,35.3,67,10,20.0,24.06,0.0,35.0
2017-07-14,33.6,74,50,18.9,17.38,2.3,33.0
2017-07-15,29.5,77,38,15.9,16.63,0.8,31.0
2017-07-16,30.5,76,80,9.9,17.16,0.5,33.0
2017-07-17,31.2,83,90,12.3,15.2,7.0,32.0
2017-07-18,33.1,77,68,22.9,20.02,2.3,34.0
2017-07-19,34.4,72,62,18.7,15.43,0.0,34.0
2017-07-20,35.5,67,21,21.4,23.09,0.0,35.0
2017-07-21,36.0,69,85,21.3,23.12,0.2,35.0
2017-07-22,35.5,76,92,14.5,17.16,0.6,34.0
2017-07-23,37.6,69,49,16.3,23.59,0.1,37.0
2017-07-24,38.1,65,22,17.6,23.43,0.0,38.0
2017-07-25,32.6,77,62,21.7,12.26,0.6,33.0
2017-07-26,35.8,74,58,17.7,17.31,2.2,34.0
2017-07-27,29.9,80,94,23.4,15.07,0.6,27.0
2017-07-28,27.8,77,90,21.9,12.24,13.4,27.0
2017-07-29,25.3,76,93,16.1,8.09,0.5,23.0
2017-07-30,25.0,84,81,10.5,10.0,5.0,27.0
2017-07-31,29.3,77,77,20.4,15.17,1.6,31.0
2017-08-01,29.6,86,77,26.8,10.04,13.2,30.0
2017-08-02,27.9,93,84,22.3,5.55,50.4,28.0
2017-08-03,34.1,82,8,7.8,22.85,0.2,35.0
2017-08-04,34.7,81,7,6.6,21.98,0.0,35.0
2017-08-05,34.5,71,3,7.7,23.74,0.0,35.0
2017-08-06,35.8,76,24,10.8,22.8,0.0,37.0
2017-08-07,30.0,85,84,19.0,11.52,7.9,31.0
2017-08-08,31.6,72,47,17.1,22.02,1.1,32.0
2017-08-09,33.4,73,8,14.5,22.33,1.5,36.0
2017-08-10,33.6,67,1,10.7,23.96,0.0,34.0
2017-08-11,34.2,77,82,14.1,21.19,0.0,34.0
2017-08-12,32.6,80,48,17.4,19.51,3.0,33.0
2017-08-13,29.5,80,52,15.2,17.88,0.8,31.0
2017-08-14,30.0,76,15,15.3,19.78,0.4,32.0
2017-08-15,31.6,74,22,7.6,21.79,0.0,32.0
2017-08-16,33.1,67,12,13.4,22.2,0.0,34.0
2017-08-17,33.4,68,37,12.7,21.32,0.0,34.0
2017-08-18,30.1,81,79,11.8,15.55,1.5,31.0
2017-08-19,27.0,91,84,17.5,6.71,14.2,28.0
2017-08-20,28.8,79,65,18.4,14.63,0.6,30.0
2017-08-21,31.4,75,38,9.3,19.85,0.0,32.0
2017-08-22,31.7,75,43,13.8,18.84,0.5,32.0
2017-08-23,31.1,73,88,12.9,16.39,0.2,34.0
2017-08-24,33.4,62,51,13.8,20.2,0.0,35.0
2017-08-25,29.6,75,64,18.5,8.4,0.6,30.0
2017-08-26,29.7,62,64,12.4,13.06,0.0,26.0
2017-08-27,30.6,66,86,12.0,14.87,0.0,30.0
2017-08-28,25.5,72,89,22.1,10.77,3.0,26.0
2017-08-29,21.3,78,100,19.3,1.85,10.6,22.0
2017-08-30,17.6,91,98,12.1,3.4,25.8,19.0
2017-08-31,21.7,88,90,8.9,7.77,0.3,24.0
2017-09-01,22.3,84,98,10.0,7.0,0.1,25.0
2017-09-02,22.4,78,97,16.1,8.74,9.2,25.0
2017-09-03,23.0,80,100,8.4,6.68,1.5,25.0
2017-09-04,23.0,87,100,9.8,4.19,1.0,22.0
2017-09-05,22.5,90,100,11.2,3.22,18.0,25.0
2017-09-06,28.4,77,50,11.7,18.53,3.0,28.0
2017-09-07,31.2,74,2,12.2,21.33,0.0,33.0
2017-09-08,28.7,75,92,13.7,13.08,0.3,31.0
2017-09-09,25.4,76,98,13.7,6.25,3.2,27.0
2017-09-10,20.7,91,97,16.6,4.24,33.1,21.0
2017-09-11,27.9,80,4,8.4,20.4,0.0,29.0
2017-09-12,28.8,77,0,9.4,20.48,0.0,30.0
2017-09-13,27.7,73,41,12.3,16.61,0.0,30.0
2017-09-14,26.6,72,49,10.3,17.88,0.0,28.0
2017-09-15,26.9,67,53,9.7,17.83,0.0,28.0
2017-09-16,26.1,73,47,8.7,11.84,0.5,28.0
2017-09-17,28.4,72,4,8.8,19.49,0.0,30.0
2017-09-18,30.1,67,41,12.9,18.68,0.0,32.0
2017-09-19,29.8,72,88,11.9,13.41,0.0,30.0
2017-09-20,29.4,70,29,12.2,18.52,0.0,30.0
2017-09-21,28.9,70,16,17.9,17.75,0.0,30.0
2017-09-22,29.7,70,60,17.1,15.24,0.0,31.0
2017-09-23,29.7,71,46,15.2,17.73,0.0,31.0
2017-09-24,26.5,78,61,12.7,10.08,0.5,25.0
2017-09-25,21.2,95,96,14.2,1.12,8.8,22.0
2017-09-26,23.6,89,96,12.5,3.96,7.3,22.0
2017-09-27,21.2,77,92,18.4,3.6,1.6,21.0
2017-09-28,23.7,74,18,25.0,16.96,0.0,24.0
2017-09-29,25.4,75,69,20.2,12.77,0.0,26.0
2017-09-30,22.9,83,59,14.3,10.46,5.6,23.0
2017-10-01,23.4,89,83,16.2,6.88,5.6,21.0
2017-10-02,24.4,78,80,22.7,11.22,0.4,26.0
2017-10-03,15.9,84,99,24.6,1.59,16.5,17.0
2017-10-04,12.6,90,100,12.0,2.12,13.1,12.0
2017-10-05,15.1,83,84,6.5,4.92,0.3,14.0
2017-10-06,19.4,78,80,9.9,11.78,0.0,19.0
2017-10-07,19.9,83,90,13.9,4.66,0.0,19.0
2017-10-08,19.2,91,100,16.6,3.2,1.7,18.0
2017-10-09,17.7,94,100,21.0,2.85,4.1,16.0
2017-10-10,14.6,89,100,23.7,1.86,3.3,16.0
2017-10-11,13.5,83,100,16.5,5.78,15.9,13.0
2017-10-12,17.8,76,78,11.4,11.99,1.4,18.0
2017-10-13,17.6,78,85,10.9,10.79,0.0,17.0
2017-10-14,18.8,73,82,10.1,9.63,0.0,17.0
2017-10-15,15.2,80,94,10.6,2.53,1.6,16.0
2017-10-16,14.7,85,100,15.1,1.51,0.5,15.0
2017-10-17,14.7,91,100,10.0,1.74,7.5,14.0
2017-10-18,17.2,78,74,9.7,10.35,0.4,16.0
2017-10-19,19.6,78,50,8.4,11.69,0.0,21.0
2017-10-20,20.5,76,2,8.4,14.55,0.0,22.0
2017-10-21,22.1,76,63,9.7,12.65,0.0,21.0
2017-10-22,20.3,79,61,16.0,9.96,0.0,20.0
2017-10-23,17.9,71,61,9.8,13.58,0.0,18.0
2017-10-24,18.3,73,12,9.5,13.67,0.0,19.0
2017-10-25,17.8,72,84,9.7,8.64,0.0,18.0
2017-10-26,21.4,76,34,13.3,12.27,0.0,23.0
2017-10-27,23.0,76,0,9.2,13.69,0.0,25.0
2017-10-28,23.2,69,12,25.4,13.5,0.0,25.0
2017-10-29,14.8,36,23,27.7,13.6,0.0,16.0
2017-10-30,15.2,44,25,13.9,13.38,0.0,17.0
2017-10-31,17.8,58,79,15.6,10.03,0.0,17.0
2017-11-01,19.4,75,80,9.6,6.74,0.0,19.0
2017-11-02,23.0,64,0,22.5,12.99,0.0,25.0
2017-11-03,16.4,61,11,27.6,12.03,0.0,17.0
2017-11-04,15.2,58,13,13.3,12.45,0.0,16.0
2017-11-05,16.3,57,28,15.2,11.65,0.0,19.0
2017-11-06,19.6,72,0,13.8,12.16,0.0,21.0
2017-11-07,23.3,68,18,22.1,11.99,0.1,26.0
2017-11-08,20.5,65,0,12.7,12.26,0.0,22.0
2017-11-09,20.6,79,18,18.4,11.61,0.0,21.0
2017-11-10,16.6,33,59,30.0,11.98,0.1,17.0
2017-11-11,13.0,38,67,16.7,10.08,0.0,13.0
2017-11-12,14.4,65,50,12.9,7.65,0.0,14.0
2017-11-13,19.0,53,16,22.9,11.69,0.0,21.0
2017-11-14,13.7,43,25,18.6,10.25,0.0,15.0
2017-11-15,13.1,46,34,14.1,11.21,0.0,13.0
2017-11-16,13.9,56,73,8.7,9.73,0.6,14.0
2017-11-17,10.5,58,96,26.4,1.26,2.0,11.0
2017-11-18,5.0,27,41,23.3,10.5,0.0,5.0
2017-11-19,5.4,61,94,12.1,3.03,1.9,7.0
2017-11-20,11.9,66,65,12.0,10.88,0.0,13.0
2017-11-21,14.5,56,59,26.3,10.16,0.0,13.0
2017-11-22,12.0,24,55,25.3,10.09,0.0,14.0
2017-11-23,11.5,30,81,20.5,11.04,0.0,13.0
2017-11-24,9.9,38,8,16.5,11.2,0.0,10.0
2017-11-25,16.2,40,0,15.1,11.2,0.0,19.0
2017-11-26,11.7,41,0,15.3,10.86,0.0,11.0
2017-11-27,12.2,69,28,10.1,9.84,0.0,12.0
2017-11-28,16.4,51,37,20.9,10.28,0.0,19.0
2017-11-29,6.1,32,97,20.0,3.64,0.0,8.0
2017-11-30,5.5,47,45,11.5,10.42,0.0,5.0
2017-12-01,7.9,55,41,10.5,10.34,0.0,7.0
2017-12-02,12.1,74,17,12.7,10.18,0.0,11.0
2017-12-03,11.8,60,27,15.0,8.62,0.0,11.0
2017-12-04,7.3,63,2,11.4,10.31,0.0,7.0
2017-12-05,9.3,32,0,16.3,10.68,0.0,11.0
2017-12-06,11.7,43,11,16.7,10.36,0.0,13.0
2017-12-07,9.8,35,0,17.4,10.36,0.0,11.0
2017-12-08,9.4,35,11,11.5,10.51,0.0,11.0
2017-12-09,12.2,29,52,32.8,10.01,0.0,13.0
2017-12-10,10.7,21,0,24.8,10.34,0.0,12.0
2017-12-11,10.5,28,50,16.7,9.0,0.0,13.0
2017-12-12,2.9,44,82,16.1,5.7,0.0,2.0
2017-12-13,2.2,46,81,17.3,3.94,0.4,3.0
2017-12-14,2.0,69,98,14.2,2.98,1.0,0.0
2017-12-15,7.4,76,23,13.1,9.64,0.0,7.0
2017-12-16,4.7,38,15,25.5,10.39,0.0,6.0
2017-12-17,7.4,24,16,16.1,10.3,0.0,8.0
2017-12-18,10.3,20,1,23.8,10.25,0.0,12.0
2017-12-19,9.1,25,0,17.9,10.07,0.0,11.0
2017-12-20,11.4,28,0,27.2,10.05,0.0,13.0
2017-12-21,13.0,50,0,15.8,9.92,0.0,14.0
2017-12-22,12.3,67,64,10.8,8.59,0.0,12.0
2017-12-23,12.4,44,66,25.2,7.73,0.0,12.0
2017-12-24,9.5,26,0,34.5,10.16,0.0,11.0
2017-12-25,10.3,40,1,12.1,9.94,0.0,11.0
2017-12-26,9.1,39,60,20.4,9.1,0.0,9.0
2017-12-27,9.4,55,66,11.5,8.92,0.0,9.0
2017-12-28,8.5,67,29,13.0,9.6,0.0,7.0
2017-12-29,12.4,63,57,10.3,9.06,0.0,9.0
2017-12-30,11.8,35,45,25.8,9.92,0.0,13.0
2017-12-31,9.7,35,0,13.9,10.17,0.0,
2018-01-01,11.1,63,13,12.6,9.8,0.0,9.0
2018-01-02,3.5,50,74,23.7,2.98,0.0,3.0
2018-01-03,1.3,47,98,21.7,2.74,1.7,1.0
2018-01-04,-3.0,78,89,16.8,3.04,8.7,-3.0
2018-01-05,-2.8,80,8,12.5,10.52,0.0,0.0
2018-01-06,-2.0,82,95,10.3,2.79,5.8,-1.0
2018-01-07,-1.5,90,55,21.6,10.47,0.3,1.0
2018-01-08,-1.4,65,41,33.0,10.95,0.0,2.0
2018-01-09,0.1,59,0,26.6,11.22,0.0,6.0
2018-01-10,0.6,60,0,21.8,11.18,0.0,5.0
2018-01-11,0.5,42,0,16.1,11.05,0.0,0.0
2018-01-12,3.1,50,0,14.8,10.93,0.0,3.0
2018-01-13,5.9,60,50,17.8,9.98,0.0,4.0
2018-01-14,12.1,66,0,14.9,10.71,0.0,10.0
2018-01-15,9.2,73,35,9.2,9.48,0.0,8.0
2018-01-16,8.2,51,51,15.5,9.63,0.0,6.0
2018-01-17,12.9,57,49,14.2,9.79,0.0,9.0
2018-01-18,9.1,52,48,11.2,10.85,0.0,6.0
2018-01-19,13.3,47,49,12.5,10.76,0.0,15.0
2018-01-20,12.0,47,64,11.5,9.71,0.0,12.0
2018-01-21,5.5,62,74,16.2,6.31,0.0,5.0
2018-01-22,3.5,76,43,11.5,6.5,0.0,2.0
2018-01-23,1.5,62,22,15.8,10.64,0.0,-1.0
2018-01-24,0.1,51,60,12.8,5.18,0.7,-1.0
2018-01-25,-2.5,46,94,14.8,4.61,1.9,-2.0
2018-01-26,-0.8,36,80,9.0,10.16,0.3,0.0
2018-01-27,-3.2,57,83,7.3,3.86,1.4,-3.0
2018-01-28,0.4,63,84,11.4,8.69,0.0,-3.0
2018-01-29,2.1,22,24,22.5,12.92,0.0,4.0
2018-01-30,5.9,32,49,15.4,11.77,0.0,6.0
2018-01-31,6.1,23,31,19.7,12.84,0.0,6.0
2018-02-01,7.3,34,45,21.9,10.48,0.0,8.0
2018-02-02,2.2,24,6,26.0,13.31,0.0,4.0
2018-02-03,2.9,25,1,11.0,13.6,0.0,4.0
2018-02-04,4.7,27,0,11.6,13.69,0.0,6.0
2018-02-05,5.3,25,0,14.5,13.71,0.0,8.0
2018-02-06,5.3,43,0,10.8,13.68,0.0,7.0
2018-02-07,8.2,30,2,21.5,14.0,0.0,10.0
2018-02-08,7.3,40,26,17.6,13.74,0.0,7.0
2018-02-09,10.8,50,86,18.7,10.76,0.0,13.0
2018-02-10,7.2,26,53,19.3,13.02,0.0,7.0
2018-02-11,5.0,20,0,32.5,14.74,0.0,6.0
2018-02-12,8.7,16,0,27.3,14.88,0.0,11.0
2018-02-13,14.6,41,2,23.0,14.31,0.0,15.0
2018-02-14,11.7,49,77,28.4,9.9,0.0,14.0
2018-02-15,6.9,36,95,20.1,8.78,0.0,8.0
2018-02-16,14.2,52,21,12.2,14.59,0.0,13.0
2018-02-17,12.3,67,85,12.4,11.02,0.6,7.0
2018-02-18,11.7,74,86,10.9,9.09,0.5,9.0
2018-02-19,12.3,60,56,11.3,14.37,0.0,12.0
2018-02-20,8.6,78,94,19.0,6.88,0.4,6.0
2018-02-21,9.7,67,61,13.7,10.71,0.8,10.0
2018-02-22,14.2,39,10,22.9,16.03,0.0,16.0
2018-02-23,18.1,56,20,19.0,15.8,0.0,18.0
2018-02-24,8.8,49,70,32.2,9.01,0.0,10.0
2018-02-25,12.3,58,17,18.5,16.09,0.0,11.0
2018-02-26,19.7,65,39,20.3,15.78,0.0,19.0
2018-02-27,13.5,80,99,16.6,4.06,3.3,14.0
2018-02-28,18.2,72,29,20.2,15.81,0.0,15.0
2018-03-01,10.8,45,84,24.7,9.26,0.0,13.0
2018-03-02,14.0,75,64,19.4,15.53,0.0,12.0
2018-03-03,19.0,80,10,24.9,16.45,0.0,13.0
2018-03-04,12.5,84,100,34.6,2.34,8.9,12.0
2018-03-05,9.9,57,77,17.7,14.14,0.0,8.0
2018-03-06,8.2,62,98,9.4,5.0,1.6,8.0
2018-03-07,8.6,77,86,15.9,10.14,0.7,8.0
2018-03-08,9.9,63,6,23.5,17.63,0.0,9.0
2018-03-09,14.1,71,4,20.3,17.71,0.0,12.0
2018-03-10,19.3,76,26,17.3,17.69,0.0,20.0
2018-03-11,19.4,70,42,12.7,17.27,0.0,19.0
2018-03-12,21.7,71,0,20.3,17.88,0.0,22.0
2018-03-13,24.6,73,16,19.3,18.06,0.0,25.0
2018-03-14,24.4,78,57,18.4,16.35,0.0,23.0
2018-03-15,15.8,72,69,42.1,8.37,0.0,17.0
2018-03-16,8.9,29,76,26.0,11.42,0.0,10.0
2018-03-17,9.4,58,100,14.3,5.19,9.3,8.0
2018-03-18,7.9,78,95,17.8,5.04,3.0,7.0
2018-03-19,9.3,70,100,18.7,6.63,1.8,10.0
2018-03-20,11.1,36,65,23.4,17.22,0.0,12.0
2018-03-21,11.3,43,20,12.4,17.55,0.0,13.0
2018-03-22,19.4,56,10,14.1,18.92,0.0,22.0
2018-03-23,22.2,68,41,20.5,17.98,0.0,23.0
2018-03-24,21.1,68,19,16.0,18.68,0.0,22.0
2018-03-25,22.1,62,47,11.6,19.3,0.0,23.0
2018-03-26,25.0,67,26,16.8,18.11,0.0,25.0
2018-03-27,29.3,66,0,19.7,19.71,0.0,29.0
2018-03-28,28.8,67,38,20.5,19.55,0.0,29.0
2018-03-29,22.9,43,22,23.6,19.49,0.0,21.0
2018-03-30,21.8,41,5,18.6,19.69,0.0,21.0
2018-03-31,26.7,62,23,15.2,19.07,0.0,25.0
2018-04-01,28.9,56,30,14.2,19.64,0.0,29.0
2018-04-02,30.3,48,0,15.5,20.2,0.0,30.0
2018-04-03,20.4,50,15,34.7,19.74,0.0,22.0
2018-04-04,8.1,59,100,29.9,2.33,1.9,9.0
2018-04-05,11.9,78,92,21.6,5.26,1.2,7.0
2018-04-06,15.1,19,51,40.7,21.03,0.0,15.0
2018-04-07,18.9,21,1,20.5,21.86,0.0,20.0
2018-04-08,26.9,38,21,22.9,21.68,0.0,29.0
2018-04-09,27.9,54,6,25.1,20.82,0.0,27.0
2018-04-10,29.8,40,67,25.3,15.47,0.0,29.0
2018-04-11,26.6,33,73,16.7,19.81,0.0,25.0
2018-04-12,18.7,78,100,18.1,2.37,7.5,20.0
2018-04-13,12.0,91,100,18.2,1.62,7.3,12.0
2018-04-14,18.2,62,78,13.7,15.41,0.0,17.0
2018-04-15,20.1,41,37,10.7,20.82,0.0,20.0
2018-04-16,21.6,51,2,15.7,21.82,0.0,22.0
2018-04-17,24.0,61,15,20.0,20.86,0.0,24.0
2018-04-18,27.4,66,4,20.9,21.18,0.0,27.0
2018-04-19,29.1,56,0,23.4,21.69,0.0,30.0
2018-04-20,29.8,58,40,22.8,19.4,0.0,29.0
2018-04-21,23.8,89,98,14.5,7.3,16.7,23.0
2018-04-22,19.4,79,100,30.6,5.34,6.7,20.0
2018-04-23,20.5,62,89,27.3,14.01,0.0,18.0
2018-04-24,21.3,66,86,14.6,16.53,0.0,20.0
2018-04-25,20.9,73,79,13.6,12.6,2.9,19.0
2018-04-26,27.1,71,43,13.2,21.03,0.5,26.0
2018-04-27,28.3,58,1,11.7,22.48,0.0,28.0
2018-04-28,29.2,53,39,18.1,22.39,0.0,30.0
2018-04-29,30.5,54,14,18.1,22.02,0.0,31.0
2018-04-30,31.6,56,48,14.5,20.93,0.0,30.0
2018-05-01,27.2,64,79,15.3,18.1,0.2,25.0
2018-05-02,23.1,54,32,20.2,20.01,0.0,23.0
2018-05-03,28.3,39,0,14.8,23.83,0.0,30.0
2018-05-04,29.1,47,71,30.3,20.3,0.2,27.0
2018-05-05,28.1,64,86,21.3,14.86,0.6,25.0
2018-05-06,22.0,67,100,26.1,5.3,0.3,21.0
2018-05-07,26.7,51,60,16.0,20.19,0.0,28.0
2018-05-08,27.2,49,52,13.4,20.33,0.0,28.0
2018-05-09,26.9,45,78,13.3,20.33,0.0,28.0
2018-05-10,26.9,50,71,16.7,21.28,4.0,26.0
2018-05-11,25.6,74,92,14.1,10.09,2.5,23.0
2018-05-12,29.7,60,42,15.6,21.37,0.0,31.0
2018-05-13,34.2,50,17,21.8,23.87,0.0,33.0
2018-05-14,32.5,63,80,22.1,17.86,0.0,32.0
2018-05-15,29.6,79,83,20.6,14.41,15.0,32.0
2018-05-16,30.3,81,85,21.0,13.36,3.0,31.0
2018-05-17,30.9,76,50,13.0,13.58,0.0,29.0
2018-05-18,26.4,75,98,15.3,9.39,0.8,25.0
2018-05-19,21.8,74,100,16.9,2.68,5.6,22.0
2018-05-20,20.8,80,98,19.6,7.3,4.6,19.0
2018-05-21,17.5,80,100,13.6,3.18,3.3,17.0
2018-05-22,25.8,61,79,25.0,15.81,2.5,27.0
2018-05-23,27.1,42,55,19.7,20.5,0.1,27.0
2018-05-24,27.6,63,81,18.4,11.43,0.6,24.0
2018-05-25,23.8,90,66,7.9,7.01,8.3,25.0
2018-05-26,30.2,68,72,32.6,16.91,0.1,31.0
2018-05-27,29.7,40,62,25.4,22.47,0.0,31.0
2018-05-28,32.4,43,79,15.8,22.0,0.0,33.0
2018-05-29,25.6,51,88,15.9,10.85,0.0,27.0
2018-05-30,28.0,45,78,9.1,14.28,0.0,30.0
2018-05-31,31.1,42,43,13.5,22.63,0.0,32.0
2018-06-01,32.0,47,59,11.2,21.31,0.0,32.0
2018-06-02,31.0,38,65,16.1,12.38,0.0,30.0
2018-06-03,33.6,45,48,18.4,22.11,0.0,33.0
2018-06-04,34.3,39,70,14.4,21.39,0.0,33.0
2018-06-05,36.3,37,3,18.3,25.29,0.0,36.0
2018-06-06,35.9,52,8,20.5,24.54,0.0,36.0
2018-06-07,35.8,51,38,18.1,21.75,0.0,35.0
2018-06-08,34.7,49,84,24.4,16.28,2.6,34.0
2018-06-09,24.2,72,71,20.5,10.88,6.9,23.0
2018-06-10,30.7,60,10,13.5,23.75,0.0,31.0
2018-06-11,36.3,45,7,15.8,24.37,0.0,36.0
2018-06-12,37.8,41,11,20.4,23.84,0.0,37.0
2018-06-13,37.5,42,16,20.9,22.78,0.0,36.0
2018-06-14,33.4,51,2,14.9,23.37,0.0,33.0
2018-06-15,36.4,36,65,12.6,23.11,0.0,35.0
2018-06-16,32.1,42,97,15.2,11.03,0.0,31.0
2018-06-17,33.0,48,89,13.4,16.85,0.2,31.0
2018-06-18,26.6,85,100,9.5,5.21,18.2,27.0
2018-06-19,30.0,75,76,9.5,22.05,5.0,28.0
2018-06-20,31.2,68,58,10.0,17.5,0.0,32.0
2018-06-21,30.9,66,67,12.3,17.08,0.0,32.0
2018-06-22,31.0,59,27,13.5,23.54,0.1,32.0
2018-06-23,32.6,66,34,15.5,22.22,0.0,33.0
2018-06-24,33.6,63,23,19.2,23.98,0.0,33.0
2018-06-25,33.7,78,91,21.2,11.61,38.7,35.0
2018-06-26,25.3,92,91,11.4,7.34,14.7,26.0
2018-06-27,34.0,78,26,14.6,18.41,0.0,35.0
2018-06-28,33.5,61,17,22.7,24.12,0.0,35.0
2018-06-29,34.5,51,64,10.8,19.62,0.0,35.0
2018-06-30,32.9,59,75,9.1,15.89,0.0,31.0
2018-07-01,33.0,58,48,13.9,23.09,0.0,33.0
2018-07-02,30.1,68,98,11.6,8.18,0.1,30.0
2018-07-03,33.4,63,64,10.5,19.59,0.0,33.0
2018-07-04,27.1,79,99,13.9,6.2,13.1,30.0
2018-07-05,32.0,70,51,15.2,23.05,0.0,32.0
2018-07-06,33.0,64,29,22.8,23.19,0.0,34.0
2018-07-07,32.6,64,23,12.5,23.47,0.0,33.0
2018-07-08,32.2,68,92,10.5,18.12,0.2,32.0
2018-07-09,29.0,80,96,15.3,11.1,2.2,28.0
2018-07-10,26.8,89,99,14.8,7.2,7.1,26.0
2018-07-11,31.9,83,99,11.5,13.84,0.5,30.0
2018-07-12,32.5,78,69,15.8,19.12,1.0,31.0
2018-07-13,30.9,85,81,14.3,14.36,7.8,30.0
2018-07-14,33.8,77,83,16.2,18.19,2.0,33.0
2018-07-15,34.9,73,81,19.5,21.71,0.3,35.0
2018-07-16,34.2,70,41,18.9,20.25,0.0,35.0
2018-07-17,35.7,65,72,20.6,20.74,0.0,35.0
2018-07-18,37.6,63,39,19.0,23.38,0.0,36.0
2018-07-19,38.2,56,51,19.1,23.85,0.0,37.0
2018-07-20,39.3,53,72,18.8,23.61,0.0,37.0
2018-07-21,39.4,53,31,16.1,21.74,0.0,37.0
2018-07-22,38.4,51,16,18.2,24.09,0.0,35.0
2018-07-23,36.3,55,13,22.1,21.53,0.2,36.0
2018-07-24,39.3,52,6,17.1,22.93,0.0,37.0
2018-07-25,40.2,49,23,17.0,21.33,0.0,38.0
2018-07-26,35.9,72,87,19.5,17.06,9.7,34.0
2018-07-27,31.4,84,66,16.8,13.02,12.2,32.0
2018-07-28,31.1,86,68,14.4,14.67,5.1,30.0
2018-07-29,30.9,86,55,6.8,16.28,4.5,32.0
2018-07-30,30.4,89,87,9.6,13.81,13.0,31.0
2018-07-31,32.3,83,56,8.9,18.95,0.8,33.0
2018-08-01,32.7,79,26,10.5,19.52,2.4,34.0
2018-08-02,32.4,81,17,9.9,18.33,0.8,34.0
2018-08-03,34.4,75,18,11.7,21.05,0.0,34.0
2018-08-04,33.9,80,58,15.3,14.3,2.0,34.0
2018-08-05,30.5,87,84,13.7,12.81,10.3,30.0
2018-08-06,32.4,87,61,11.1,19.0,3.0,34.0
2018-08-07,34.2,78,19,10.5,20.35,0.0,35.0
2018-08-08,35.6,73,7,10.9,21.78,0.0,37.0
2018-08-09,33.9,80,53,16.5,18.86,2.0,35.0
2018-08-10,33.5,80,73,9.8,16.7,2.9,36.0
2018-08-11,34.5,73,25,10.5,20.93,0.1,36.0
2018-08-12,34.9,67,11,13.7,20.38,0.2,35.0
2018-08-13,32.9,71,56,19.0,16.97,1.7,34.0
2018-08-14,32.4,69,34,22.4,17.71,1.8,34.0
2018-08-15,33.1,67,20,24.5,20.64,0.0,33.0
2018-08-16,27.6,77,57,32.1,6.92,4.7,28.0
2018-08-17,30.4,60,49,27.3,21.31,0.0,31.0
2018-08-18,25.6,87,96,41.4,1.68,116.7,27.0
2018-08-19,25.8,91,72,30.9,7.97,56.3,26.0
2018-08-20,30.4,77,10,17.6,21.6,0.0,32.0
2018-08-21,31.5,81,27,13.4,22.41,0.0,33.0
2018-08-22,28.2,73,96,20.9,14.33,0.2,30.0
2018-08-23,28.8,64,31,14.2,21.75,0.0,31.0
2018-08-24,30.0,68,3,8.1,22.17,0.0,31.0
2018-08-25,30.6,71,3,8.9,22.35,0.0,32.0
2018-08-26,30.9,72,9,8.6,22.38,0.0,32.0
2018-08-27,30.9,71,47,13.0,20.85,0.0,33.0
2018-08-28,31.6,69,35,8.8,21.5,0.0,33.0
2018-08-29,31.9,72,21,18.2,18.64,0.2,33.0
2018-08-30,30.0,79,85,21.4,12.45,2.1,29.0
2018-08-31,26.9,79,99,24.2,8.66,2.6,28.0
2018-09-01,29.3,74,85,17.2,12.97,0.5,29.0
2018-09-02,31.7,71,78,13.8,14.31,0.8,32.0
2018-09-03,34.1,49,41,20.9,21.21,0.0,36.0
2018-09-04,30.9,50,27,19.2,21.54,0.0,33.0
2018-09-05,29.0,63,88,15.7,8.23,0.9,29.0
2018-09-06,33.7,43,59,26.0,19.18,0.2,34.0
2018-09-07,27.9,39,11,14.4,21.32,0.0,30.0
2018-09-08,29.2,44,14,12.5,20.34,0.0,30.0
2018-09-09,29.2,45,58,10.8,17.99,0.0,29.0
2018-09-10,28.6,46,70,15.9,16.75,0.0,29.0
2018-09-11,29.1,53,8,9.4,20.67,0.0,29.0
2018-09-12,28.1,55,90,9.7,13.77,0.0,29.0
2018-09-13,25.1,83,85,12.0,5.94,7.8,26.0
2018-09-14,25.6,83,93,7.2,9.92,4.8,23.0
2018-09-15,24.7,85,94,14.3,7.48,4.0,25.0
2018-09-16,23.0,80,95,18.1,9.48,6.5,22.0
2018-09-17,24.7,81,83,12.6,8.32,1.6,24.0
2018-09-18,20.2,93,100,12.6,3.73,24.1,22.0
2018-09-19,20.8,95,99,10.9,4.46,19.0,20.0
2018-09-20,22.4,90,71,10.5,4.92,1.8,22.0
2018-09-21,29.3,62,8,20.8,19.13,0.0,32.0
2018-09-22,26.9,38,11,20.5,19.62,0.0,30.0
2018-09-23,25.6,47,22,16.7,16.62,0.0,28.0
2018-09-24,24.0,45,66,18.7,17.59,0.0,26.0
2018-09-25,18.8,78,98,19.1,3.69,8.1,20.0
2018-09-26,22.1,76,60,13.9,13.31,0.0,23.0
2018-09-27,23.1,72,63,11.6,13.57,0.6,24.0
2018-09-28,24.9,62,1,18.1,18.58,0.0,27.0
2018-09-29,28.0,58,7,17.1,18.49,0.0,30.0
2018-09-30,23.9,41,45,26.4,18.02,0.0,26.0
2018-10-01,23.8,37,29,19.1,18.19,0.0,25.0
2018-10-02,24.9,43,0,12.2,17.85,0.0,27.0
2018-10-03,26.3,48,13,10.5,17.6,0.0,28.0
2018-10-04,26.2,49,0,11.4,17.52,0.0,27.0
2018-10-05,26.2,48,17,10.5,17.24,0.0,28.0
2018-10-06,26.8,48,47,11.0,15.36,0.0,28.0
2018-10-07,23.7,57,81,13.9,14.09,0.0,24.0
2018-10-08,25.4,58,89,11.0,13.13,0.0,24.0
2018-10-09,20.6,41,39,22.8,16.42,0.0,23.0
2018-10-10,22.4,40,0,15.0,16.87,0.0,23.0
2018-10-11,21.3,46,2,11.8,16.34,0.0,21.0
2018-10-12,23.2,38,0,16.2,16.27,0.0,23.0
2018-10-13,22.1,37,59,13.6,14.29,0.0,22.0
2018-10-14,20.2,53,78,9.2,8.46,0.0,21.0
2018-10-15,16.9,77,95,8.0,2.7,0.3,18.0
2018-10-16,22.0,72,31,12.3,14.14,0.0,21.0
2018-10-17,19.9,62,2,14.7,14.98,0.0,20.0
2018-10-18,19.1,45,21,14.8,14.75,0.0,19.0
2018-10-19,18.5,39,70,8.7,14.32,0.0,18.0
2018-10-20,17.9,47,93,10.1,7.12,0.0,19.0
2018-10-21,17.5,64,93,11.0,6.7,0.8,19.0
2018-10-22,23.2,59,2,20.9,14.39,0.0,24.0
2018-10-23,21.1,31,28,19.4,14.69,0.0,23.0
2018-10-24,24.3,38,9,14.8,14.06,0.0,25.0
2018-10-25,22.1,50,58,24.4,5.7,3.9,24.0
2018-10-26,19.0,18,0,33.5,14.7,0.0,20.0
2018-10-27,20.8,24,0,19.1,14.32,0.0,23.0
2018-10-28,22.7,23,0,30.7,14.19,0.0,25.0
2018-10-29,24.4,24,0,21.6,13.95,0.0,27.0
2018-10-30,21.1,46,18,10.1,12.05,0.0,22.0
2018-10-31,21.2,56,0,10.8,13.36,0.0,22.0
2018-11-01,20.4,54,38,10.0,11.27,0.0,20.0
2018-11-02,20.3,46,11,12.7,13.19,0.0,20.0
2018-11-03,20.0,57,31,10.0,12.67,0.0,19.0
2018-11-04,22.1,55,50,17.6,12.35,0.0,23.0
2018-11-05,12.7,82,99,23.8,2.42,6.5,14.0
2018-11-06,8.7,77,100,23.0,2.69,8.2,9.0
2018-11-07,10.1,72,96,12.2,3.75,2.6,10.0
2018-11-08,16.4,71,37,15.8,11.87,1.4,15.0
2018-11-09,17.9,76,4,14.2,12.11,0.0,17.0
2018-11-10,13.5,86,69,12.7,4.61,1.5,15.0
2018-11-11,15.4,78,54,10.5,10.75,0.1,13.0
2018-11-12,16.1,79,25,9.4,11.35,0.0,15.0
2018-11-13,15.4,75,70,11.8,10.35,0.0,14.0
2018-11-14,13.7,71,98,7.6,3.38,0.0,15.0
2018-11-15,16.6,72,92,19.4,7.79,0.1,16.0
2018-11-16,9.2,63,96,22.0,2.99,0.0,10.0
2018-11-17,10.4,74,99,12.5,4.91,1.8,8.0
2018-11-18,12.9,48,63,13.5,8.75,0.0,13.0
2018-11-19,14.1,63,6,14.8,11.36,0.0,15.0
2018-11-20,13.5,77,64,14.8,7.77,0.5,12.0
2018-11-21,13.2,52,25,14.1,11.06,0.8,14.0
2018-11-22,13.4,42,6,15.9,11.33,0.0,14.0
2018-11-23,14.5,68,16,16.9,10.47,0.0,14.0
2018-11-24,12.6,56,88,15.0,10.18,0.0,15.0
2018-11-25,16.3,59,15,11.2,10.88,0.0,18.0
2018-11-26,19.0,58,10,15.1,10.68,0.0,20.0
2018-11-27,13.2,31,98,16.1,5.02,0.0,16.0
2018-11-28,15.5,57,46,10.0,10.39,0.0,15.0
2018-11-29,11.3,59,46,14.1,10.22,0.0,11.0
2018-11-30,12.8,80,94,7.6,6.64,0.0,11.0
2018-12-01,9.4,88,90,10.4,3.16,2.3,8.0
2018-12-02,12.7,87,84,8.7,5.36,2.9,9.0
2018-12-03,11.9,68,89,21.8,3.01,0.6,9.0
2018-12-04,9.1,33,53,16.2,9.87,0.0,9.0
2018-12-05,3.7,77,95,12.0,1.27,4.7,5.0
2018-12-06,6.4,69,71,17.7,9.18,0.0,6.0
2018-12-07,1.2,43,79,11.5,7.25,0.0,2.0
2018-12-08,-0.7,43,67,15.5,8.11,0.0,-1.0
2018-12-09,1.3,43,12,8.2,10.02,0.0,-1.0
2018-12-10,2.0,52,59,7.6,6.38,0.4,1.0
2018-12-11,3.3,59,21,20.9,9.94,0.0,3.0
2018-12-12,4.3,46,4,15.6,10.51,0.0,4.0
2018-12-13,4.9,43,20,17.2,9.95,0.0,7.0
2018-12-14,4.6,63,16,11.5,9.6,0.0,5.0
2018-12-15,7.2,63,57,17.9,7.54,0.0,5.0
2018-12-16,12.6,33,0,23.6,10.22,0.0,15.0
2018-12-17,13.0,35,0,15.9,10.13,0.0,15.0
2018-12-18,15.0,54,30,10.5,9.63,0.0,20.0
2018-12-19,10.7,57,95,14.4,6.63,0.0,10.0
2018-12-20,9.8,71,57,9.9,8.24,0.0,9.0
2018-12-21,11.3,72,31,16.4,9.17,0.0,10.0
2018-12-22,10.6,48,78,11.4,6.0,0.0,10.0
2018-12-23,6.0,40,19,19.3,9.54,0.0,6.0
2018-12-24,7.1,45,61,9.2,8.67,0.0,8.0
2018-12-25,6.5,58,78,17.3,3.27,0.0,9.0
2018-12-26,2.9,38,74,20.8,5.72,0.0,4.0
2018-12-27,-0.2,61,73,19.3,3.41,0.0,-1.0
2018-12-28,-1.7,30,27,14.6,10.04,0.0,-1.0
2018-12-29,0.6,28,26,8.3,9.98,0.0,2.0
2018-12-30,0.7,26,8,8.7,10.17,0.0,1.0
2018-12-31,1.2,43,16,10.0,9.87,0.0,0.0
2019-01-01,3.2,47,44,8.8,9.82,0.0,3.0
2019-01-02,3.6,51,11,11.0,10.18,0.0,3.0
2019-01-03,5.4,70,16,10.8,9.9,0.1,4.0
2019-01-04,3.7,75,64,10.2,5.72,0.0,1.0
2019-01-05,2.3,47,36,12.6,5.91,0.0,2.0
2019-01-06,3.9,46,35,9.9,8.85,0.0,4.0
2019-01-07,4.1,66,37,8.2,7.56,0.0,3.0
2019-01-08,4.3,47,70,15.7,8.79,0.0,4.0
2019-01-09,-1.4,53,96,13.6,2.75,1.3,0.0
2019-01-10,4.8,73,47,9.0,9.86,0.5,1.0
2019-01-11,8.1,75,27,10.4,9.7,0.0,5.0
2019-01-12,8.5,71,48,10.4,8.58,0.0,3.0
2019-01-13,8.1,72,48,11.7,9.73,0.0,5.0
2019-01-14,5.0,84,96,8.8,4.13,0.0,6.0
2019-01-15,1.1,43,60,27.7,6.15,0.0,1.0
2019-01-16,4.1,34,16,14.3,11.05,0.0,3.0
2019-01-17,8.5,38,0,18.4,11.41,0.0,11.0
2019-01-18,8.7,67,47,11.9,9.24,0.3,9.0
2019-01-19,6.2,65,58,17.3,7.38,0.4,5.0
2019-01-20,5.8,50,58,10.4,10.22,0.0,5.0
2019-01-21,7.5,24,14,27.5,11.91,0.0,9.0
2019-01-22,13.2,29,0,19.8,11.93,0.0,17.0
2019-01-23,10.8,43,0,12.2,11.99,0.0,14.0
2019-01-24,12.5,58,39,10.0,10.78,0.0,13.0
2019-01-25,6.9,48,56,23.5,7.74,0.0,7.0
2019-01-26,5.0,45,49,8.4,10.37,0.0,5.0
2019-01-27,8.6,56,44,13.8,7.25,0.0,7.0
2019-01-28,7.9,55,44,14.1,8.96,0.0,7.0
2019-01-29,9.9,61,29,14.3,9.54,0.0,8.0
2019-01-30,4.8,88,78,23.6,2.15,11.7,4.0
2019-01-31,7.3,53,34,20.7,11.21,0.3,2.0
2019-02-01,8.8,53,10,21.2,12.96,0.0,8.0
2019-02-02,11.1,77,30,21.1,8.3,0.0,10.0
2019-02-03,12.3,38,42,16.0,9.7,0.0,13.0
2019-02-04,13.5,41,62,19.9,10.28,0.0,13.0
2019-02-05,13.4,64,48,16.0,10.25,0.0,13.0
2019-02-06,4.9,76,92,18.3,6.45,0.1,4.0
2019-02-07,1.9,52,79,27.9,11.64,0.5,1.0
2019-02-08,-0.9,48,90,14.9,4.52,0.0,-3.0
2019-02-09,0.7,49,80,18.9,8.98,0.0,-1.0
2019-02-10,1.9,49,55,14.5,10.02,1.1,0.0
2019-02-11,7.3,61,45,15.9,13.67,0.0,6.0
2019-02-12,4.4,77,80,9.7,6.56,0.0,3.0
2019-02-13,1.8,79,96,19.2,3.93,3.7,1.0
2019-02-14,-0.6,86,89,20.3,3.12,2.6,-2.0
2019-02-15,5.4,74,56,10.9,13.68,0.0,-1.0
2019-02-16,3.2,56,89,9.2,10.71,0.0,2.0
2019-02-17,5.0,50,92,7.7,11.9,0.0,3.0
2019-02-18,2.4,64,89,7.1,5.18,0.6,1.0
2019-02-19,7.4,74,45,9.4,10.74,1.4,7.0
2019-02-20,7.5,76,44,10.5,10.18,0.0,7.0
2019-02-21,9.2,70,80,9.2,11.41,0.0,7.0
2019-02-22,11.7,65,30,11.2,15.24,0.0,12.0
2019-02-23,11.6,66,81,9.7,14.59,0.0,12.0
2019-02-24,12.1,66,95,10.2,9.82,0.0,13.0
2019-02-25,13.3,66,65,11.0,15.71,0.0,14.0
2019-02-26,8.3,73,92,10.7,4.67,0.5,10.0
2019-02-27,11.4,70,67,9.2,13.43,0.0,11.0
2019-02-28,12.6,66,69,12.8,15.3,0.4,13.0
2019-03-01,10.0,79,81,12.3,6.07,0.0,10.0
2019-03-02,9.0,81,99,8.8,4.49,2.3,10.0
2019-03-03,13.7,78,58,14.5,11.66,0.0,12.0
2019-03-04,14.9,78,62,16.3,12.01,0.0,16.0
2019-03-05,16.9,75,72,10.4,12.4,0.0,18.0
2019-03-06,14.9,50,61,18.6,17.41,0.0,16.0
2019-03-07,10.9,40,76,15.6,17.01,0.0,12.0
2019-03-08,11.2,54,83,12.2,12.1,0.0,12.0
2019-03-09,16.8,65,65,11.1,16.29,0.0,15.0
2019-03-10,18.8,61,35,19.6,16.08,0.3,18.0
2019-03-11,17.3,32,20,21.6,18.03,0.0,20.0
2019-03-12,14.5,31,0,19.4,18.68,0.0,15.0
2019-03-13,15.6,44,64,11.8,13.12,0.0,14.0
2019-03-14,20.5,25,25,25.0,18.84,0.0,23.0
2019-03-15,20.1,20,7,16.6,19.38,0.0,22.0
2019-03-16,23.9,34,31,13.7,18.98,0.0,26.0
2019-03-17,21.7,51,98,17.3,15.3,0.0,21.0
2019-03-18,23.6,42,58,21.2,14.86,0.0,23.0
2019-03-19,23.6,55,54,24.9,17.33,0.1,23.0
2019-03-20,25.1,66,54,12.4,15.81,0.3,25.0
2019-03-21,15.9,27,87,26.9,10.02,0.0,17.0
2019-03-22,14.9,31,74,16.4,16.12,0.0,14.0
2019-03-23,14.2,28,68,25.0,19.3,0.0,14.0
2019-03-24,19.4,38,93,19.3,17.79,0.0,19.0
2019-03-25,23.5,32,5,21.5,20.42,0.0,25.0
2019-03-26,24.6,47,72,19.8,17.45,0.0,25.0
2019-03-27,25.4,42,86,20.0,14.54,0.0,26.0
2019-03-28,18.9,45,64,22.2,16.58,0.3,17.0
2019-03-29,20.5,40,55,16.7,12.93,0.0,21.0
2019-03-30,18.0,27,45,18.4,20.39,0.0,17.0
2019-03-31,18.2,24,1,13.4,20.93,0.0,20.0
2019-04-01,21.9,32,19,14.9,20.76,0.0,21.0
2019-04-02,21.4,43,99,11.4,12.11,0.0,20.0
2019-04-03,21.8,40,66,12.0,20.07,0.0,21.0
2019-04-04,25.1,41,63,18.5,18.3,0.0,24.0
2019-04-05,28.9,30,1,20.1,20.84,0.0,28.0
2019-04-06,24.1,47,14,21.0,20.77,0.0,22.0
2019-04-07,24.9,40,24,11.6,20.49,0.1,24.0
2019-04-08,16.9,69,97,29.6,12.28,0.2,17.0
2019-04-09,9.0,75,79,35.9,10.72,9.3,11.0
2019-04-10,14.1,62,53,12.4,16.62,0.0,13.0
2019-04-11,18.8,66,42,13.5,16.85,0.0,19.0
2019-04-12,20.8,66,86,14.5,13.85,0.2,21.0
2019-04-13,24.0,64,66,22.8,18.57,0.0,23.0
2019-04-14,20.7,38,51,19.8,21.38,0.0,21.0
2019-04-15,21.0,36,67,20.3,18.86,0.0,21.0
2019-04-16,27.1,48,29,19.2,21.41,0.7,27.0
2019-04-17,30.4,51,0,27.9,21.34,0.0,29.0
2019-04-18,28.7,51,13,29.9,20.55,0.0,26.0
2019-04-19,18.1,43,69,25.8,11.24,0.9,17.0
2019-04-20,24.1,51,70,10.3,20.37,0.0,23.0
2019-04-21,17.0,81,99,18.2,5.57,4.7,17.0
2019-04-22,18.3,93,89,8.6,3.48,6.0,17.0
2019-04-23,25.5,75,42,12.3,15.35,0.0,24.0
2019-04-24,26.4,74,31,13.4,16.72,2.1,27.0
2019-04-25,19.6,66,53,30.1,17.37,1.6,19.0
2019-04-26,17.9,62,60,18.2,18.25,0.0,16.0
2019-04-27,13.6,68,97,15.5,5.45,5.4,13.0
2019-04-28,17.8,69,63,10.9,21.24,0.0,16.0
2019-04-29,22.6,73,69,13.5,20.6,2.8,22.0
2019-04-30,25.0,58,61,15.8,19.69,0.0,26.0
2019-05-01,24.6,36,48,12.8,20.55,0.0,26.0
2019-05-02,25.7,36,35,11.9,21.77,0.0,27.0
2019-05-03,26.4,41,79,16.2,21.78,0.0,26.0
2019-05-04,24.8,54,58,10.0,12.13,0.0,25.0
2019-05-05,27.0,58,86,29.5,17.3,0.1,26.0
2019-05-06,21.4,33,100,22.2,17.21,0.0,21.0
2019-05-07,20.8,33,100,13.4,11.91,0.0,20.0
2019-05-08,24.4,33,85,19.4,14.63,0.0,25.0
2019-05-09,26.9,40,75,14.7,19.05,0.0,29.0
2019-05-10,30.5,38,8,19.5,23.08,0.0,32.0
2019-05-11,29.6,43,61,16.1,14.19,0.0,28.0
2019-05-12,32.1,39,94,23.0,18.52,0.0,32.0
2019-05-13,22.7,26,90,17.6,13.19,0.0,22.0
2019-05-14,26.7,42,89,17.4,17.42,0.2,27.0
2019-05-15,28.9,61,72,14.0,18.14,0.0,27.0
2019-05-16,29.8,69,67,13.2,17.44,0.0,29.0
2019-05-17,32.0,59,46,12.8,22.11,0.0,33.0
2019-05-18,27.6,66,94,16.3,15.02,0.0,23.0
2019-05-19,29.8,40,56,27.6,22.4,0.0,30.0
2019-05-20,27.3,20,63,17.8,24.8,0.0,29.0
2019-05-21,31.3,23,47,18.6,24.35,0.0,33.0
2019-05-22,35.7,24,5,16.9,25.23,0.0,37.0
2019-05-23,37.8,23,41,24.1,24.61,0.0,38.0
2019-05-24,32.3,40,96,25.0,14.13,0.2,32.0
2019-05-25,36.0,50,71,23.7,23.21,0.0,34.0
2019-05-26,35.9,52,44,29.4,20.55,0.2,35.0
2019-05-27,28.3,29,58,29.8,24.14,0.0,29.0
2019-05-28,25.8,35,91,17.8,10.96,0.0,25.0
2019-05-29,28.0,41,36,18.8,23.64,0.0,27.0
2019-05-30,32.9,53,80,17.6,19.25,0.2,30.0
2019-05-31,30.4,54,77,15.0,20.59,0.0,30.0
2019-06-01,33.3,39,76,20.2,19.55,0.0,34.0
2019-06-02,37.5,35,31,24.0,22.04,0.0,39.0
2019-06-03,35.8,42,70,21.4,17.31,0.1,36.0
2019-06-04,38.7,39,49,18.4,22.87,0.0,36.0
2019-06-05,30.9,64,100,29.2,9.06,22.1,30.0
2019-06-06,27.4,73,81,30.3,18.62,12.1,27.0
2019-06-07,30.4,67,51,13.4,22.74,0.0,32.0
2019-06-08,32.6,65,57,14.7,22.59,0.0,35.0
2019-06-09,32.5,48,79,18.6,23.61,0.0,35.0
2019-06-10,30.9,41,62,15.3,22.82,0.0,33.0
2019-06-11,32.0,42,98,15.3,20.6,0.0,33.0
2019-06-12,33.2,41,82,18.4,19.41,0.0,33.0
2019-06-13,33.5,41,35,13.5,20.09,0.0,34.0
2019-06-14,35.1,40,15,15.5,23.94,0.0,35.0
2019-06-15,33.7,39,96,17.2,15.2,0.0,34.0
2019-06-16,33.7,37,83,17.2,16.3,0.0,32.0
2019-06-17,33.5,47,70,20.3,16.8,0.0,31.0
2019-06-18,35.0,50,53,14.1,23.87,0.0,34.0
2019-06-19,32.6,57,82,16.3,17.72,0.7,32.0
2019-06-20,26.8,80,86,13.3,11.31,25.5,25.0
2019-06-21,31.0,73,62,9.8,18.46,0.0,30.0
2019-06-22,31.3,71,73,11.6,13.19,0.6,31.0
2019-06-23,33.5,56,54,15.0,23.3,0.3,34.0
2019-06-24,33.2,49,88,16.6,20.02,0.0,31.0
2019-06-25,30.9,54,51,10.7,15.7,0.0,31.0
2019-06-26,33.6,49,42,9.8,23.09,0.0,33.0
2019-06-27,34.9,48,85,15.6,20.06,0.0,31.0
2019-06-28,28.0,82,94,15.1,4.93,16.0,27.0
2019-06-29,35.8,54,46,13.3,22.89,0.0,36.0
2019-06-30,34.0,37,62,22.9,23.82,0.0,33.0
2019-07-01,35.0,37,39,8.8,24.7,0.0,34.0
2019-07-02,36.9,37,68,17.9,22.28,0.0,35.0
2019-07-03,37.3,40,76,15.2,22.12,0.0,34.0
2019-07-04,33.3,50,73,20.3,12.55,0.0,34.0
2019-07-05,37.0,46,0,22.1,25.2,0.0,35.0
2019-07-06,35.3,43,2,21.6,25.08,0.0,35.0
2019-07-07,33.8,45,25,23.1,24.96,0.0,31.0
2019-07-08,27.1,61,90,16.6,8.96,1.2,27.0
2019-07-09,31.9,54,65,12.7,19.12,0.1,31.0
2019-07-10,30.0,74,62,8.6,17.97,11.0,28.0
2019-07-11,30.8,68,50,9.4,21.45,0.1,30.0
2019-07-12,30.1,65,75,13.6,13.08,0.3,29.0
2019-07-13,34.4,58,15,13.6,23.55,0.0,34.0
2019-07-14,36.4,53,19,14.4,24.08,0.0,35.0
2019-07-15,35.5,50,73,11.7,20.9,0.0,34.0
2019-07-16,35.4,48,90,14.9,19.97,0.0,33.0
2019-07-17,28.7,65,88,11.3,9.42,2.5,29.0
2019-07-18,34.0,57,35,13.4,20.88,0.0,33.0
2019-07-19,35.0,54,16,12.0,23.62,0.0,35.0
2019-07-20,36.7,54,37,9.9,22.95,0.1,36.0
2019-07-21,37.5,56,39,12.7,21.54,0.2,36.0
2019-07-22,36.9,58,77,14.9,20.02,1.5,36.0
2019-07-23,38.2,60,68,14.2,19.95,0.4,38.0
2019-07-24,39.4,54,64,19.1,21.19,0.0,39.0
2019-07-25,37.3,57,59,15.2,14.95,0.0,37.0
2019-07-26,37.8,59,41,15.6,18.77,0.0,37.0
2019-07-27,34.1,76,89,16.9,15.26,6.9,36.0
2019-07-28,36.0,76,48,20.1,19.76,10.5,37.0
2019-07-29,36.9,72,74,24.9,20.84,0.5,37.0
2019-07-30,30.6,74,92,14.1,13.15,1.7,33.0
2019-07-31,32.9,72,77,18.7,20.05,0.0,34.0
2019-08-01,31.7,87,79,16.0,12.69,6.2,32.0
2019-08-02,29.2,84,89,10.8,14.92,4.8,28.0
2019-08-03,30.3,83,87,15.0,14.9,2.0,30.0
2019-08-04,30.3,87,87,14.3,12.73,3.6,32.0
2019-08-05,30.4,84,66,9.5,15.16,0.9,32.0
2019-08-06,30.8,88,94,8.5,12.64,9.4,32.0
2019-08-07,31.0,84,68,9.6,15.51,9.7,31.0
2019-08-08,31.1,80,61,12.0,18.1,0.3,31.0
2019-08-09,31.0,83,71,6.3,17.2,4.1,33.0
2019-08-10,26.2,92,91,14.4,6.92,40.2,27.0
2019-08-11,29.6,78,26,21.8,21.64,0.1,32.0
2019-08-12,28.9,87,83,12.3,11.01,4.2,28.0
2019-08-13,31.0,74,53,14.7,21.53,0.6,31.0
2019-08-14,30.7,81,38,6.1,19.38,1.0,32.0
2019-08-15,33.2,74,2,14.6,23.44,0.0,34.0
2019-08-16,31.6,69,20,17.1,23.34,0.0,32.0
2019-08-17,31.0,56,32,13.5,21.94,0.0,31.0
2019-08-18,32.1,56,22,12.7,22.37,0.0,32.0
2019-08-19,33.1,56,36,15.1,22.11,0.0,31.0
2019-08-20,33.2,59,60,13.0,21.33,0.0,31.0
2019-08-21,28.3,87,95,13.8,4.31,9.8,28.0
2019-08-22,30.9,73,41,9.4,18.01,0.0,32.0
2019-08-23,32.6,57,31,11.8,22.03,0.0,32.0
2019-08-24,32.7,59,36,13.2,17.44,0.0,32.0
2019-08-25,30.4,63,47,14.7,18.68,0.0,29.0
2019-08-26,30.9,67,63,11.3,16.79,0.0,31.0
2019-08-27,26.6,81,88,11.3,5.03,3.2,28.0
2019-08-28,32.5,54,37,14.7,19.11,0.0,34.0
2019-08-29,31.3,39,8,19.2,22.88,0.0,32.0
2019-08-30,32.4,40,52,11.5,20.93,0.0,32.0
2019-08-31,32.4,46,42,13.0,19.22,0.0,31.0
2019-09-01,31.9,48,72,15.3,16.67,0.0,32.0
2019-09-02,29.4,67,71,13.4,14.18,1.0,26.0
2019-09-03,29.9,55,16,11.2,19.07,0.1,31.0
2019-09-04,30.7,58,27,13.6,19.63,0.0,29.0
2019-09-05,31.7,54,1,8.1,21.5,0.0,32.0
2019-09-06,32.5,49,0,12.7,21.46,0.0,32.0
2019-09-07,33.3,46,0,10.1,21.45,0.0,34.0
2019-09-08,35.0,44,4,13.0,21.1,0.0,34.0
2019-09-09,33.1,47,32,11.7,19.77,0.0,32.0
2019-09-10,27.0,66,86,18.7,6.0,3.5,27.0
2019-09-11,22.5,87,100,22.5,5.35,11.1,22.0
2019-09-12,23.9,86,92,15.5,6.67,0.4,19.0
2019-09-13,28.4,70,71,23.0,14.42,0.2,27.0
2019-09-14,24.5,64,94,17.4,7.18,0.1,25.0
2019-09-15,20.5,87,98,15.1,3.33,16.5,21.0
2019-09-16,23.5,81,86,9.3,13.1,1.2,22.0
2019-09-17,19.3,91,94,12.9,3.66,10.7,19.0
2019-09-18,26.5,70,27,16.5,19.5,0.0,27.0
2019-09-19,20.9,69,99,11.9,4.4,0.0,21.0
2019-09-20,25.5,67,82,10.2,13.17,0.0,27.0
2019-09-21,26.2,63,3,15.1,19.45,0.0,27.0
2019-09-22,27.4,63,0,16.9,19.28,0.0,28.0
2019-09-23,28.6,61,16,11.2,18.91,0.0,30.0
2019-09-24,29.2,56,72,12.6,17.13,0.0,30.0
2019-09-25,29.5,54,62,11.1,16.12,0.0,31.0
2019-09-26,29.3,52,20,10.6,15.7,0.0,31.0
2019-09-27,29.7,51,17,11.6,16.61,0.0,30.0
2019-09-28,30.2,48,9,14.4,16.65,0.0,31.0
2019-09-29,30.5,46,10,14.8,15.09,0.0,32.0
2019-09-30,32.3,46,7,16.9,16.78,0.0,32.0
2019-10-01,31.0,48,62,11.1,16.84,0.0,31.0
2019-10-02,30.8,46,41,8.4,15.5,0.0,31.0
2019-10-03,32.4,46,48,17.1,16.72,0.0,32.0
2019-10-04,24.0,82,98,31.1,4.9,14.5,22.0
2019-10-05,16.3,69,99,26.3,4.05,15.7,16.0
2019-10-06,14.3,79,94,12.3,2.78,13.1,15.0
2019-10-07,21.3,79,74,10.8,15.02,0.0,23.0
2019-10-08,22.3,68,35,21.9,16.53,0.0,23.0
2019-10-09,17.4,87,100,14.3,2.91,14.9,18.0
2019-10-10,19.5,83,87,13.6,6.52,1.2,21.0
2019-10-11,21.0,76,85,17.0,8.15,0.1,20.0
2019-10-12,20.6,76,97,19.7,5.65,0.1,22.0
2019-10-13,22.4,75,51,15.5,12.0,0.0,23.0
2019-10-14,17.4,63,97,27.5,6.76,1.2,18.0
2019-10-15,15.9,44,91,13.8,12.75,0.0,16.0
2019-10-16,13.9,63,73,10.1,5.25,0.3,13.0
2019-10-17,19.1,76,43,9.7,12.19,0.0,19.0
2019-10-18,20.4,76,0,10.8,14.9,0.0,22.0
2019-10-19,22.5,73,2,14.6,14.64,0.0,24.0
2019-10-20,24.6,73,71,13.6,12.72,0.0,24.0
2019-10-21,21.7,68,98,11.7,6.12,0.0,23.0
2019-10-22,18.5,80,100,9.0,3.62,1.6,18.0
2019-10-23,20.4,78,70,8.9,8.2,0.0,22.0
2019-10-24,21.7,68,68,21.7,9.33,0.0,21.0
2019-10-25,15.6,42,91,17.0,9.96,0.0,15.0
2019-10-26,16.3,54,96,15.5,8.89,0.0,17.0
2019-10-27,21.7,62,76,12.8,13.8,0.0,23.0
2019-10-28,21.0,33,7,29.9,14.18,0.0,23.0
2019-10-29,20.8,40,0,13.5,13.97,0.0,23.0
2019-10-30,25.3,51,11,14.3,13.59,0.0,27.0
2019-10-31,24.6,37,35,13.3,13.7,0.0,27.0
2019-11-01,21.3,46,97,10.7,7.78,0.0,21.0
2019-11-02,22.7,53,73,15.8,12.01,0.0,24.0
2019-11-03,19.5,65,25,20.5,11.2,0.0,18.0
2019-11-04,18.0,77,4,13.8,12.47,0.0,19.0
2019-11-05,20.0,72,37,8.4,12.54,0.0,20.0
2019-11-06,19.4,64,84,8.4,9.01,0.0,19.0
2019-11-07,17.9,74,44,18.2,11.34,0.0,17.0
2019-11-08,19.4,73,1,13.1,11.95,0.0,18.0
2019-11-09,19.7,68,57,19.1,10.37,0.5,20.0
2019-11-10,20.5,37,4,25.7,12.48,0.0,22.0
2019-11-11,20.4,39,35,14.7,11.84,0.0,21.0
2019-11-12,23.3,45,55,30.7,11.36,0.7,24.0
2019-11-13,16.0,29,34,37.7,11.98,0.4,17.0
2019-11-14,20.6,39,0,16.6,12.18,0.0,22.0
2019-11-15,19.0,51,8,12.3,11.75,0.0,20.0
2019-11-16,15.4,58,64,15.6,8.24,0.0,14.0
2019-11-17,14.8,62,91,32.0,5.24,2.3,12.0
2019-11-18,11.1,19,66,25.7,11.49,0.0,12.0
2019-11-19,14.5,45,46,11.2,11.45,0.0,15.0
2019-11-20,12.6,45,55,11.9,8.07,0.0,13.0
2019-11-21,15.5,55,33,8.4,10.86,0.1,15.0
2019-11-22,16.7,68,62,13.8,9.65,0.3,16.0
2019-11-23,17.0,68,65,12.4,7.86,0.0,17.0
2019-11-24,11.6,56,100,21.3,2.48,0.6,11.0
2019-11-25,6.1,20,41,15.2,11.06,0.0,6.0
2019-11-26,5.8,47,75,8.2,2.71,0.0,6.0
2019-11-27,6.1,48,88,20.6,5.72,0.0,5.0
2019-11-28,7.0,47,53,13.2,9.91,0.0,7.0
2019-11-29,5.1,49,93,8.5,2.64,0.0,5.0
2019-11-30,4.8,64,95,7.2,2.3,0.1,6.0
2019-12-01,10.5,52,48,20.2,10.09,0.0,11.0
2019-12-02,8.9,24,0,19.3,10.94,0.0,10.0
2019-12-03,13.1,24,0,19.7,10.85,0.0,14.0
2019-12-04,13.2,25,0,20.2,10.71,0.0,14.0
2019-12-05,9.8,42,19,19.1,10.4,0.0,10.0
2019-12-06,7.4,78,15,13.6,8.95,0.0,4.0
2019-12-07,9.3,79,0,11.2,10.32,0.0,5.0
2019-12-08,13.9,62,9,15.0,10.02,0.0,12.0
2019-12-09,17.0,39,0,16.2,10.19,0.0,19.0
2019-12-10,16.6,34,0,26.2,10.21,0.0,18.0
2019-12-11,13.5,35,0,13.6,10.24,0.0,16.0
2019-12-12,9.1,50,58,11.0,8.25,0.0,9.0
2019-12-13,16.4,46,65,17.2,9.5,0.0,17.0
2019-12-14,5.5,42,85,17.6,2.97,0.0,7.0
2019-12-15,4.0,85,100,15.0,1.1,9.3,5.0
2019-12-16,10.9,81,69,14.3,5.86,1.5,10.0
2019-12-17,8.7,52,60,15.7,6.87,0.0,10.0
2019-12-18,5.8,56,82,13.2,7.16,0.0,6.0
2019-12-19,10.1,68,39,10.3,9.82,0.0,11.0
2019-12-20,7.1,78,53,11.9,8.63,0.0,6.0
2019-12-21,10.0,77,83,10.5,9.21,0.0,8.0
2019-12-22,11.3,82,8,16.4,9.85,0.0,9.0
2019-12-23,2.8,76,93,16.3,2.95,0.1,2.0
2019-12-24,7.6,75,74,8.3,7.28,0.0,4.0
2019-12-25,6.2,86,89,15.2,3.23,0.6,4.0
2019-12-26,6.5,49,27,27.6,10.27,0.0,8.0
2019-12-27,12.2,40,0,14.2,10.2,0.0,12.0
2019-12-28,11.7,67,49,22.1,8.48,0.0,12.0
2019-12-29,12.7,79,0,19.5,9.85,0.0,12.0
2019-12-30,4.9,45,23,24.8,9.86,0.0,6.0
2019-12-31,0.3,27,20,16.1,10.19,0.0,1.0
2020-01-01,4.9,39,65,9.3,7.33,0.0,4.0
2020-01-02,6.0,51,64,7.2,6.19,0.0,7.0
2020-01-03,8.6,60,67,9.5,5.98,0.0,10.0
2020-01-04,11.8,69,43,10.2,8.89,0.0,11.0
2020-01-05,5.6,96,100,18.3,0.9,19.9,6.0
2020-01-06,3.6,89,99,17.4,2.68,11.7,2.0
2020-01-07,3.1,91,78,23.4,4.13,7.3,4.0
2020-01-08,5.5,83,64,8.6,5.24,0.0,4.0
2020-01-09,3.7,77,95,5.6,3.59,0.0,5.0
2020-01-10,6.2,75,88,7.0,5.07,0.0,6.0
2020-01-11,4.2,83,79,9.5,3.32,0.2,4.0
2020-01-12,2.9,91,68,7.1,2.55,0.7,3.0
2020-01-13,4.6,88,60,9.9,6.11,0.0,6.0
2020-01-14,4.0,74,35,9.2,9.71,0.0,3.0
2020-01-15,1.4,67,82,9.0,4.29,0.9,1.0
2020-01-16,3.7,77,61,7.9,8.16,0.0,1.0
2020-01-17,8.8,74,22,12.5,10.24,0.0,6.0
2020-01-18,7.7,71,72,21.7,8.85,0.0,6.0
2020-01-19,9.3,37,15,24.4,11.48,0.0,10.0
2020-01-20,7.8,44,48,16.3,9.89,0.0,9.0
2020-01-21,6.8,73,50,8.9,6.37,0.0,6.0
2020-01-22,7.6,80,50,10.4,7.4,0.0,8.0
2020-01-23,7.8,89,70,11.2,7.71,0.0,6.0
2020-01-24,4.7,79,99,17.7,3.34,0.8,5.0
2020-01-25,6.7,66,98,10.4,7.15,0.3,5.0
2020-01-26,2.8,73,97,15.1,4.04,2.4,4.0
2020-01-27,6.4,65,19,10.2,11.18,0.0,7.0
2020-01-28,9.4,70,2,10.6,11.83,0.0,10.0
2020-01-29,9.0,73,3,13.6,11.93,0.0,8.0
2020-01-30,9.7,73,0,9.7,12.26,0.0,10.0
2020-01-31,13.0,73,6,12.2,12.45,0.0,13.0
2020-02-01,8.5,76,91,13.2,7.33,0.0,9.0
2020-02-02,12.3,53,64,11.6,11.63,0.0,14.0
2020-02-03,9.0,69,15,13.3,12.83,0.0,8.0
2020-02-04,9.9,69,2,20.8,12.72,0.0,9.0
2020-02-05,0.6,79,78,18.2,2.37,1.3,1.0
2020-02-06,0.7,83,100,17.4,3.42,5.2,-1.0
2020-02-07,8.6,78,28,11.5,12.68,0.0,6.0
2020-02-08,11.1,79,24,11.1,12.55,0.0,11.0
2020-02-09,16.6,58,24,17.7,13.94,0.0,18.0
2020-02-10,17.3,56,51,13.1,13.69,0.0,17.0
2020-02-11,15.6,72,20,13.8,13.27,0.0,16.0
2020-02-12,17.3,80,13,16.6,13.21,0.0,14.0
2020-02-13,16.6,85,42,20.2,8.08,0.0,12.0
2020-02-14,13.0,78,83,21.7,4.2,2.7,12.0
2020-02-15,5.2,46,82,25.8,5.4,4.2,5.0
2020-02-16,7.8,23,3,20.0,15.26,0.0,8.0
2020-02-17,11.2,28,0,20.0,15.45,0.0,13.0
2020-02-18,14.6,40,28,21.4,15.21,0.0,15.0
2020-02-19,14.6,53,61,15.0,11.97,0.0,14.0
2020-02-20,13.9,69,68,10.1,10.88,0.0,12.0
2020-02-21,16.3,44,33,21.6,15.37,0.9,16.0
2020-02-22,14.6,31,1,12.2,15.49,0.0,14.0
2020-02-23,19.2,55,30,19.7,15.17,0.0,18.0
2020-02-24,18.3,73,68,16.7,8.62,2.7,15.0
2020-02-25,14.8,73,30,17.9,15.27,0.0,14.0
2020-02-26,11.6,76,98,17.3,6.42,0.0,9.0
2020-02-27,6.4,82,99,14.0,2.94,10.2,5.0
2020-02-28,11.1,83,50,10.4,13.98,4.6,9.0
2020-02-29,14.5,82,11,11.9,15.55,0.0,9.0
2020-03-01,13.2,72,56,12.8,11.55,0.0,12.0
2020-03-02,11.1,66,76,15.0,11.02,0.2,10.0
2020-03-03,11.9,59,53,18.2,11.82,0.0,12.0
2020-03-04,11.3,48,18,14.2,16.51,0.0,10.0
2020-03-05,13.9,55,28,17.5,17.1,0.0,13.0
2020-03-06,17.2,64,31,15.2,15.5,0.0,16.0
2020-03-07,18.0,60,26,17.6,17.87,0.0,17.0
2020-03-08,18.1,67,80,12.7,10.01,0.1,17.0
2020-03-09,12.6,81,93,17.7,4.18,2.4,13.0
2020-03-10,15.9,39,6,22.9,18.71,0.0,18.0
2020-03-11,19.6,43,28,19.8,17.89,0.0,19.0
2020-03-12,20.6,54,81,22.5,17.02,0.2,19.0
2020-03-13,13.8,39,40,24.2,12.76,0.0,13.0
2020-03-14,17.4,32,0,26.0,19.45,0.0,19.0
2020-03-15,20.9,21,61,16.9,18.4,0.0,22.0
2020-03-16,19.9,39,97,16.3,11.64,0.0,20.0
2020-03-17,24.5,30,51,15.6,19.39,0.0,24.0
2020-03-18,27.8,20,11,25.6,19.68,0.0,29.0
2020-03-19,21.1,18,23,20.2,20.12,0.0,20.0
2020-03-20,27.7,32,3,17.7,19.39,0.0,26.0
2020-03-21,28.4,46,75,24.1,15.39,0.0,28.0
2020-03-22,21.7,32,66,21.7,18.89,0.0,20.0
2020-03-23,24.3,35,12,15.3,19.33,0.0,23.0
2020-03-24,24.1,45,60,12.6,15.11,0.5,22.0
2020-03-25,20.4,81,91,13.8,8.58,6.2,19.0
2020-03-26,19.4,79,82,35.7,8.48,1.6,15.0
2020-03-27,12.1,35,96,22.2,10.71,0.0,11.0
2020-03-28,14.1,36,70,12.3,19.38,0.0,14.0
2020-03-29,9.6,70,95,12.8,8.28,1.9,10.0
2020-03-30,13.8,73,71,13.3,17.59,0.0,12.0
2020-03-31,13.3,77,79,15.1,8.99,0.0,14.0
2020-04-01,13.3,83,67,17.6,7.79,2.4,14.0
2020-04-02,14.1,79,93,11.6,8.41,0.6,13.0
2020-04-03,19.5,61,67,9.4,18.33,0.0,20.0
2020-04-04,21.2,51,45,19.1,20.64,0.0,22.0
2020-04-05,19.4,53,76,12.3,19.88,0.0,19.0
2020-04-06,21.7,48,42,13.3,20.57,0.0,22.0
2020-04-07,24.1,52,44,16.7,20.13,0.0,24.0
2020-04-08,23.8,55,42,15.0,18.69,0.2,23.0
2020-04-09,16.5,64,35,26.9,17.91,0.0,14.0
2020-04-10,6.6,88,98,24.5,4.86,11.7,7.0
2020-04-11,15.6,64,21,13.8,21.32,0.0,16.0
2020-04-12,22.3,34,0,24.8,22.22,0.0,23.0
2020-04-13,24.8,40,35,15.8,21.84,0.0,25.0
2020-04-14,22.5,44,89,19.6,15.26,0.0,23.0
2020-04-15,27.1,54,42,20.2,20.6,0.0,26.0
2020-04-16,24.3,41,86,24.1,10.98,0.0,26.0
2020-04-17,24.9,30,20,23.2,22.2,0.0,25.0
2020-04-18,17.4,54,90,17.6,4.54,3.9,17.0
2020-04-19,22.4,54,41,18.0,21.75,0.0,22.0
2020-04-20,20.4,34,90,23.3,18.4,0.0,20.0
2020-04-21,20.7,39,85,15.2,17.25,0.0,21.0
2020-04-22,17.7,33,60,22.5,22.03,0.0,17.0
2020-04-23,20.2,38,51,13.2,22.29,0.0,21.0
2020-04-24,24.6,25,0,20.3,23.97,0.0,25.0
2020-04-25,26.1,19,9,25.9,23.48,0.0,28.0
2020-04-26,26.5,36,6,16.9,23.12,0.0,26.0
2020-04-27,22.7,39,26,17.6,20.24,0.0,23.0
2020-04-28,26.8,36,0,19.8,23.37,0.0,26.0
2020-04-29,32.5,36,36,18.1,22.34,0.0,30.0
2020-04-30,34.8,43,59,21.7,19.58,0.0,33.0
2020-05-01,33.2,54,6,21.1,22.64,0.0,31.0
2020-05-02,37.0,51,1,13.6,22.77,0.0,35.0
2020-05-03,40.2,26,1,21.2,23.24,0.0,40.0
2020-05-04,27.1,68,67,30.5,13.53,2.0,29.0
2020-05-05,23.9,66,60,20.2,21.36,7.1,24.0
2020-05-06,26.6,61,40,19.1,20.84,2.4,22.0
2020-05-07,20.7,83,99,14.8,7.09,11.8,20.0
2020-05-08,22.1,80,65,27.6,12.37,12.1,21.0
2020-05-09,16.3,80,83,18.1,5.49,5.7,16.0
2020-05-10,28.6,53,28,13.0,23.88,0.0,30.0
2020-05-11,24.6,36,27,33.5,22.79,0.0,26.0
2020-05-12,28.3,31,10,19.3,24.56,0.0,31.0
2020-05-13,30.2,42,73,26.1,19.6,0.5,30.0
2020-05-14,27.1,50,88,11.9,16.8,0.0,26.0
2020-05-15,31.5,51,19,19.3,23.82,0.0,31.0
2020-05-16,34.6,51,42,21.6,20.98,0.0,35.0
2020-05-17,34.3,47,5,38.7,24.04,0.0,35.0
2020-05-18,28.4,33,1,26.1,24.9,0.0,29.0
2020-05-19,31.4,31,48,12.3,23.64,0.0,32.0
2020-05-20,29.3,39,98,18.5,14.6,0.0,31.0
2020-05-21,33.7,37,46,14.2,22.73,0.0,34.0
2020-05-22,34.6,33,30,17.0,24.79,0.0,34.0
2020-05-23,35.8,31,11,20.2,23.91,0.0,36.0
2020-05-24,30.3,38,95,10.1,12.64,0.0,29.0
2020-05-25,32.1,31,99,19.5,21.39,0.0,31.0
2020-05-26,30.3,43,82,19.3,23.02,0.0,31.0
2020-05-27,34.1,25,76,18.7,23.48,0.0,35.0
2020-05-28,35.5,22,83,20.6,23.88,0.0,36.0
2020-05-29,31.6,37,74,25.2,17.92,0.0,32.0
2020-05-30,31.1,48,40,14.7,19.57,0.0,30.0
2020-05-31,35.7,46,57,12.9,22.32,0.0,34.0
2020-06-01,35.2,54,29,21.0,22.44,0.4,35.0
2020-06-02,34.0,26,83,16.4,16.51,0.0,34.0
2020-06-03,38.6,24,9,15.5,25.2,0.0,39.0
2020-06-04,39.1,32,69,17.7,23.01,0.0,38.0
2020-06-05,34.8,38,76,15.3,18.74,0.0,34.0
2020-06-06,36.7,38,40,14.5,24.2,0.0,35.0
2020-06-07,36.7,34,69,22.7,22.49,0.0,35.0
2020-06-08,35.5,35,84,15.9,22.3,0.0,35.0
2020-06-09,29.3,79,97,18.0,6.38,11.2,30.0
2020-06-10,32.3,64,39,10.2,22.48,7.1,32.0
2020-06-11,30.1,75,67,13.0,10.21,14.3,29.0
2020-06-12,26.7,79,65,20.0,17.02,23.2,25.0
2020-06-13,31.4,69,27,12.4,23.32,0.0,31.0
2020-06-14,31.8,50,65,24.8,21.46,0.0,33.0
2020-06-15,32.3,81,81,11.8,10.67,15.6,31.0
2020-06-16,22.7,91,100,18.6,5.89,62.6,22.0
2020-06-17,20.1,94,100,16.3,4.03,18.5,20.0
2020-06-18,27.3,79,32,10.4,19.78,0.1,29.0
2020-06-19,28.0,77,57,10.8,20.26,0.0,27.0
2020-06-20,28.4,74,68,12.8,17.11,0.0,29.0
2020-06-21,27.5,78,38,12.4,18.68,0.2,28.0
2020-06-22,24.1,85,86,8.2,6.81,2.7,26.0
2020-06-23,27.8,81,67,11.8,16.68,0.5,29.0
2020-06-24,32.0,73,25,12.0,22.59,0.0,33.0
2020-06-25,32.7,73,14,22.6,23.41,1.8,34.0
2020-06-26,31.0,73,90,17.9,12.91,0.0,32.0
2020-06-27,32.6,71,91,9.8,15.75,0.6,31.0
2020-06-28,26.3,76,71,20.2,15.94,16.1,28.0
2020-06-29,31.0,66,28,18.6,23.0,0.0,32.0
2020-06-30,29.8,69,42,19.8,19.88,0.0,30.0
2020-07-01,29.8,69,78,9.0,18.32,0.0,30.0
2020-07-02,30.3,76,59,10.4,19.23,3.1,31.0
2020-07-03,29.2,78,48,13.0,19.53,0.6,28.0
2020-07-04,30.9,76,68,15.2,18.78,0.7,31.0
2020-07-05,32.2,68,64,15.6,20.82,0.0,35.0
2020-07-06,35.2,58,9,8.9,25.12,0.0,36.0
2020-07-07,36.3,66,31,18.9,22.25,0.6,35.0
2020-07-08,33.5,65,35,13.0,19.71,0.0,33.0
2020-07-09,33.2,56,45,12.3,17.88,0.0,31.0
2020-07-10,31.1,65,63,10.0,13.58,0.0,31.0
2020-07-11,29.5,75,100,23.9,8.05,15.1,27.0
2020-07-12,25.5,82,84,21.3,9.68,10.5,22.0
2020-07-13,28.1,74,67,15.9,19.76,0.0,29.0
2020-07-14,26.3,80,89,6.5,7.52,2.5,27.0
2020-07-15,29.5,77,32,11.1,23.8,0.0,30.0
2020-07-16,29.4,73,33,13.4,23.66,0.0,30.0
2020-07-17,24.4,89,79,12.6,7.96,12.7,24.0
2020-07-18,27.8,80,68,12.4,16.02,0.1,28.0
2020-07-19,27.4,81,62,14.8,16.49,3.0,29.0
2020-07-20,31.6,74,35,13.5,25.27,0.0,33.0
2020-07-21,29.5,80,95,14.8,13.73,4.1,30.0
2020-07-22,24.7,88,72,24.3,9.37,33.9,24.0
2020-07-23,28.5,75,69,16.6,21.9,0.0,30.0
2020-07-24,27.8,80,72,12.6,13.31,0.1,30.0
2020-07-25,28.4,82,79,9.8,15.53,0.2,30.0
2020-07-26,25.3,89,79,10.1,8.67,7.5,25.0
2020-07-27,26.6,85,72,9.3,13.73,0.5,28.0
2020-07-28,28.7,81,89,9.1,16.82,0.7,31.0
2020-07-29,29.5,81,81,9.1,16.78,0.0,31.0
2020-07-30,30.1,86,32,9.2,18.3,3.9,32.0
2020-07-31,30.6,90,64,13.7,17.74,1.6,32.0
2020-08-01,31.7,87,77,14.2,13.42,3.8,34.0
2020-08-02,31.3,90,58,16.3,14.39,31.6,33.0
2020-08-03,32.6,86,65,14.5,16.46,30.1,34.0
2020-08-04,31.7,88,76,12.0,16.49,15.1,32.0
2020-08-05,31.0,92,93,11.8,9.59,7.8,32.0
2020-08-06,27.8,96,100,13.8,5.47,12.8,25.0
2020-08-07,26.3,93,100,14.0,5.71,61.2,26.0
2020-08-08,29.5,84,58,14.0,15.57,3.9,31.0
2020-08-09,33.0,81,7,8.8,22.96,0.0,33.0
2020-08-10,32.7,84,15,9.7,21.58,0.4,35.0
2020-08-11,32.1,83,82,11.4,18.6,0.3,33.0
2020-08-12,31.5,88,74,13.7,18.33,3.3,33.0
2020-08-13,31.5,82,80,19.2,18.01,1.4,32.0
2020-08-14,30.9,89,85,15.7,11.39,4.6,32.0
2020-08-15,31.8,81,73,17.6,17.78,0.9,31.0
2020-08-16,30.9,84,79,14.8,16.23,2.8,31.0
2020-08-17,33.0,84,26,14.5,21.18,0.2,34.0
2020-08-18,31.8,79,16,11.5,20.45,0.2,34.0
2020-08-19,28.2,79,90,17.9,16.51,5.8,28.0
2020-08-20,21.1,94,100,21.3,3.56,34.9,22.0
2020-08-21,24.3,83,97,19.0,11.08,3.5,25.0
2020-08-22,26.2,84,80,10.7,11.6,1.6,24.0
2020-08-23,29.6,87,65,15.6,15.38,1.2,30.0
2020-08-24,27.1,84,83,18.8,11.53,0.6,30.0
2020-08-25,29.4,82,77,8.2,11.92,0.0,33.0
2020-08-26,30.0,79,16,12.7,22.27,0.0,33.0
2020-08-27,29.5,70,2,11.6,22.32,0.0,31.0
2020-08-28,30.8,74,0,10.7,22.47,0.0,33.0
2020-08-29,30.7,75,1,8.0,22.26,0.0,33.0
2020-08-30,30.9,73,9,8.3,19.97,0.0,33.0
2020-08-31,31.0,64,5,17.6,21.84,0.0,33.0
2020-09-01,31.3,61,25,13.4,21.72,0.0,34.0
2020-09-02,30.5,50,26,18.8,21.06,1.4,33.0
2020-09-03,31.2,49,11,18.4,21.84,0.0,34.0
2020-09-04,32.5,46,3,14.1,21.63,0.0,35.0
2020-09-05,32.4,54,63,16.5,19.2,0.0,34.0
2020-09-06,32.9,55,30,10.9,20.83,0.0,34.0
2020-09-07,33.1,58,15,12.6,20.66,6.4,34.0
2020-09-08,32.1,67,12,8.8,20.47,0.0,33.0
2020-09-09,31.9,66,87,10.9,14.72,2.6,33.0
2020-09-10,27.6,82,60,14.0,13.65,12.2,30.0
2020-09-11,27.6,64,19,17.7,20.49,0.0,28.0
2020-09-12,27.8,61,39,15.0,18.74,0.0,28.0
2020-09-13,27.8,66,53,14.3,17.12,0.4,28.0
2020-09-14,27.7,69,57,10.1,15.84,0.2,29.0
2020-09-15,29.9,67,33,15.4,17.83,0.3,30.0
2020-09-16,30.8,42,54,13.4,15.6,0.0,33.0
2020-09-17,27.2,43,48,16.6,15.68,0.0,28.0
2020-09-18,29.9,46,5,15.2,20.5,0.0,32.0
2020-09-19,29.9,52,34,14.5,19.72,0.0,31.0
2020-09-20,27.7,54,61,12.1,14.23,0.3,27.0
2020-09-21,23.6,73,100,11.5,4.25,4.9,23.0
2020-09-22,25.0,66,91,11.4,10.22,0.2,24.0
2020-09-23,26.4,62,50,14.2,15.83,0.7,28.0
2020-09-24,25.8,72,38,6.7,16.27,0.1,28.0
2020-09-25,25.5,69,80,12.5,13.24,0.1,26.0
2020-09-26,24.7,66,69,12.3,11.97,0.0,25.0
2020-09-27,25.0,72,39,10.2,12.45,0.8,27.0
2020-09-28,24.1,62,80,7.9,10.32,0.0,25.0
2020-09-29,25.0,67,62,17.7,7.71,0.0,25.0
2020-09-30,23.4,70,61,16.5,10.99,0.0,24.0
2020-10-01,26.1,68,58,16.0,12.98,0.0,27.0
2020-10-02,21.4,66,98,19.0,3.42,7.8,22.0
2020-10-03,18.4,75,96,17.9,5.06,1.0,17.0
2020-10-04,17.2,47,63,23.0,10.37,0.0,18.0
2020-10-05,15.0,47,76,10.5,5.41,0.4,15.0
2020-10-06,14.7,57,97,13.7,5.88,0.0,17.0
2020-10-07,19.3,58,34,10.5,16.5,0.0,20.0
2020-10-08,20.8,64,65,8.2,11.0,0.0,21.0
2020-10-09,22.1,66,67,7.8,12.28,0.0,23.0
2020-10-10,22.1,70,86,7.3,8.42,0.0,20.0
2020-10-11,20.4,79,91,5.2,5.74,0.3,22.0
2020-10-12,19.2,56,91,20.6,9.32,0.0,18.0
2020-10-13,18.0,84,99,10.1,6.07,5.6,16.0
2020-10-14,14.7,92,97,20.4,3.25,8.8,15.0
2020-10-15,14.6,88,97,10.7,4.68,1.3,14.0
2020-10-16,18.1,74,67,16.4,9.86,0.0,19.0
2020-10-17,19.7,73,39,12.1,14.53,0.0,20.0
2020-10-18,20.0,78,63,10.5,12.96,0.0,20.0
2020-10-19,20.4,76,23,8.4,15.05,0.0,21.0
2020-10-20,18.9,71,89,14.3,8.63,0.0,19.0
2020-10-21,21.6,53,17,26.0,15.37,0.0,24.0
2020-10-22,19.9,56,0,12.5,14.93,0.0,22.0
2020-10-23,17.0,48,7,11.3,15.01,0.0,18.0
2020-10-24,17.8,53,51,12.6,13.61,0.0,20.0
2020-10-25,20.6,53,44,11.9,13.95,0.0,22.0
2020-10-26,23.1,60,57,9.7,13.51,0.0,24.0
2020-10-27,17.2,50,95,21.7,5.02,0.1,17.0
2020-10-28,18.0,51,75,13.4,9.19,0.0,18.0
2020-10-29,19.6,52,10,8.7,13.54,0.0,20.0
2020-10-30,19.5,59,36,11.1,12.72,0.0,19.0
2020-10-31,21.7,54,43,16.9,11.67,0.0,22.0
2020-11-01,20.5,33,26,17.8,12.97,0.0,21.0
2020-11-02,19.6,35,26,20.2,13.1,0.0,21.0
2020-11-03,16.4,41,57,10.9,12.27,0.0,18.0
2020-11-04,18.2,45,74,15.5,11.48,0.0,19.0
2020-11-05,19.3,52,78,9.8,8.17,0.0,18.0
2020-11-06,22.6,45,18,21.8,12.54,0.0,24.0
2020-11-07,21.6,29,1,21.7,13.01,0.0,23.0
2020-11-08,17.6,31,3,20.7,12.86,0.0,18.0
2020-11-09,19.0,41,17,9.0,12.39,0.0,20.0
2020-11-10,20.3,54,2,12.2,12.17,0.0,21.0
2020-11-11,19.9,53,19,12.0,10.17,0.0,20.0
2020-11-12,21.7,55,10,12.0,11.69,0.0,23.0
2020-11-13,19.0,57,31,16.6,11.32,0.0,18.0
2020-11-14,18.9,60,31,9.5,11.45,0.0,18.0
2020-11-15,19.0,71,25,9.7,11.45,0.0,19.0
2020-11-16,18.7,75,74,16.3,7.11,0.0,17.0
2020-11-17,15.1,91,100,17.9,1.96,18.5,15.0
2020-11-18,18.3,76,77,22.9,4.87,15.3,18.0
2020-11-19,15.3,50,38,28.1,9.89,0.0,17.0
2020-11-20,11.4,65,65,19.5,8.74,0.0,11.0
2020-11-21,7.5,84,99,19.3,4.98,9.0,7.0
2020-11-22,6.3,76,96,15.3,3.74,0.2,6.0
2020-11-23,3.8,85,78,6.7,2.74,2.2,5.0
2020-11-24,7.2,81,55,10.9,8.73,0.0,8.0
2020-11-25,7.2,78,71,8.2,3.62,0.1,7.0
2020-11-26,8.5,75,78,11.7,8.27,0.0,7.0
2020-11-27,8.5,72,67,13.0,9.23,0.0,8.0
2020-11-28,5.8,67,63,8.9,6.09,0.0,6.0
2020-11-29,9.3,77,7,8.9,9.99,0.0,9.0
2020-11-30,6.2,82,67,9.9,5.04,0.0,4.0
2020-12-01,3.0,93,86,10.4,2.94,2.9,3.0
2020-12-02,4.7,89,90,8.7,4.81,0.3,4.0
2020-12-03,3.6,75,90,9.2,4.92,0.1,5.0
2020-12-04,6.5,71,20,9.9,10.28,0.0,7.0
2020-12-05,7.9,74,26,11.3,10.11,0.0,8.0
2020-12-06,10.2,74,77,8.7,7.4,0.0,9.0
2020-12-07,6.5,68,60,15.9,7.9,0.0,6.0
2020-12-08,6.7,60,30,8.2,9.95,0.0,4.0
2020-12-09,9.0,75,59,9.7,8.15,0.8,8.0
2020-12-10,10.2,53,63,13.5,9.49,0.0,13.0
2020-12-11,8.5,57,55,14.0,6.65,0.0,10.0
2020-12-12,11.9,61,40,10.1,9.33,0.0,13.0
2020-12-13,6.8,32,81,23.7,7.62,0.0,9.0
2020-12-14,2.0,42,53,10.6,10.38,0.0,3.0
2020-12-15,4.4,53,0,11.0,10.41,0.0,5.0
2020-12-16,4.2,64,40,12.1,9.96,0.0,4.0
2020-12-17,6.0,65,73,11.4,6.76,0.0,5.0
2020-12-18,5.6,48,77,17.6,9.77,0.0,5.0
2020-12-19,5.1,49,53,11.6,9.46,0.0,6.0
2020-12-20,6.8,49,5,16.0,10.41,0.0,9.0
2020-12-21,8.7,61,0,11.9,10.34,0.0,10.0
2020-12-22,10.2,76,35,10.8,10.09,0.0,11.0
2020-12-23,10.9,59,23,18.8,10.24,0.0,13.0
2020-12-24,10.5,43,4,21.2,10.38,0.0,12.0
2020-12-25,10.9,46,45,13.5,9.98,0.0,12.0
2020-12-26,10.9,64,87,12.4,7.52,0.0,11.0
2020-12-27,11.8,64,36,13.8,10.24,0.0,13.0
2020-12-28,8.5,75,68,22.8,9.25,1.2,7.0
2020-12-29,1.0,54,73,29.0,4.86,2.4,1.0
2020-12-30,-1.2,17,0,26.7,10.99,0.0,-1.0
2020-12-31,3.1,15,35,16.5,10.61,0.0,
